ISO-10303-21;
HEADER;
FILE_DESCRIPTION(('FreeCAD Model'),'2;1');
FILE_NAME('Open CASCADE Shape Model','2026-09-25T19:48:51',(''),(''),
  'Open CASCADE STEP processor 7.8','FreeCAD','Unknown');
FILE_SCHEMA(('AUTOMOTIVE_DESIGN { 1 0 10303 214 1 1 1 1 }'));
ENDSEC;
DATA;
#1 = APPLICATION_PROTOCOL_DEFINITION('international standard',
  'automotive_design',2000,#2);
#2 = APPLICATION_CONTEXT(
  'core data for automotive mechanical design processes');
#3 = SHAPE_DEFINITION_REPRESENTATION(#4,#10);
#4 = PRODUCT_DEFINITION_SHAPE('','',#5);
#5 = PRODUCT_DEFINITION('design','',#6,#9);
#6 = PRODUCT_DEFINITION_FORMATION('','',#7);
#7 = PRODUCT('Cover','Cover','',(#8));
#8 = PRODUCT_CONTEXT('',#2,'mechanical');
#9 = PRODUCT_DEFINITION_CONTEXT('part definition',#2,'design');
#10 = ADVANCED_BREP_SHAPE_REPRESENTATION('',(#11,#15),#2694);
#11 = AXIS2_PLACEMENT_3D('',#12,#13,#14);
#12 = CARTESIAN_POINT('',(0.,0.,0.));
#13 = DIRECTION('',(0.,0.,1.));
#14 = DIRECTION('',(1.,0.,-0.));
#15 = MANIFOLD_SOLID_BREP('',#16);
#16 = CLOSED_SHELL('',(#17,#57,#90,#219,#577,#594,#611,#628,#645,#662,
    #674,#706,#738,#770,#802,#834,#858,#883,#900,#932,#956,#981,#998,
    #1030,#1054,#1079,#1096,#1128,#1152,#1177,#1194,#1226,#1250,#1275,
    #1292,#1324,#1348,#1373,#1390,#1422,#1446,#1471,#1488,#1520,#1544,
    #1569,#1586,#1611,#1738,#1769,#1794,#1819,#1843,#1867,#1892,#1917,
    #1934,#1951,#1968,#1985,#2002,#2232,#2263,#2287,#2311,#2335,#2359,
    #2383,#2407,#2431,#2455,#2479,#2503,#2520,#2547,#2556,#2583,#2592,
    #2619,#2628,#2655,#2664));
#17 = ADVANCED_FACE('',(#18),#52,.F.);
#18 = FACE_BOUND('',#19,.F.);
#19 = EDGE_LOOP('',(#20,#30,#38,#46));
#20 = ORIENTED_EDGE('',*,*,#21,.F.);
#21 = EDGE_CURVE('',#22,#24,#26,.T.);
#22 = VERTEX_POINT('',#23);
#23 = CARTESIAN_POINT('',(-2.22044604925E-15,6.,65.));
#24 = VERTEX_POINT('',#25);
#25 = CARTESIAN_POINT('',(3.,6.,68.));
#26 = LINE('',#27,#28);
#27 = CARTESIAN_POINT('',(1.5,6.,66.5));
#28 = VECTOR('',#29,1.);
#29 = DIRECTION('',(0.707106781187,-0.,0.707106781187));
#30 = ORIENTED_EDGE('',*,*,#31,.T.);
#31 = EDGE_CURVE('',#22,#32,#34,.T.);
#32 = VERTEX_POINT('',#33);
#33 = CARTESIAN_POINT('',(-2.22044604925E-15,122.,65.));
#34 = LINE('',#35,#36);
#35 = CARTESIAN_POINT('',(0.,6.,65.));
#36 = VECTOR('',#37,1.);
#37 = DIRECTION('',(-0.,1.,0.));
#38 = ORIENTED_EDGE('',*,*,#39,.T.);
#39 = EDGE_CURVE('',#32,#40,#42,.T.);
#40 = VERTEX_POINT('',#41);
#41 = CARTESIAN_POINT('',(3.,122.,68.));
#42 = LINE('',#43,#44);
#43 = CARTESIAN_POINT('',(1.5,122.,66.5));
#44 = VECTOR('',#45,1.);
#45 = DIRECTION('',(0.707106781187,-0.,0.707106781187));
#46 = ORIENTED_EDGE('',*,*,#47,.F.);
#47 = EDGE_CURVE('',#24,#40,#48,.T.);
#48 = LINE('',#49,#50);
#49 = CARTESIAN_POINT('',(3.,6.,68.));
#50 = VECTOR('',#51,1.);
#51 = DIRECTION('',(-0.,1.,0.));
#52 = PLANE('',#53);
#53 = AXIS2_PLACEMENT_3D('',#54,#55,#56);
#54 = CARTESIAN_POINT('',(1.5,6.,66.5));
#55 = DIRECTION('',(0.707106781187,0.,-0.707106781187));
#56 = DIRECTION('',(0.,1.,0.));
#57 = ADVANCED_FACE('',(#58),#85,.T.);
#58 = FACE_BOUND('',#59,.F.);
#59 = EDGE_LOOP('',(#60,#70,#77,#78));
#60 = ORIENTED_EDGE('',*,*,#61,.F.);
#61 = EDGE_CURVE('',#62,#64,#66,.T.);
#62 = VERTEX_POINT('',#63);
#63 = CARTESIAN_POINT('',(6.,-2.22044604925E-15,65.));
#64 = VERTEX_POINT('',#65);
#65 = CARTESIAN_POINT('',(6.,3.,68.));
#66 = LINE('',#67,#68);
#67 = CARTESIAN_POINT('',(6.,1.5,66.5));
#68 = VECTOR('',#69,1.);
#69 = DIRECTION('',(0.,0.707106781187,0.707106781187));
#70 = ORIENTED_EDGE('',*,*,#71,.T.);
#71 = EDGE_CURVE('',#62,#22,#72,.T.);
#72 = CIRCLE('',#73,6.);
#73 = AXIS2_PLACEMENT_3D('',#74,#75,#76);
#74 = CARTESIAN_POINT('',(6.,6.,65.));
#75 = DIRECTION('',(-0.,0.,-1.));
#76 = DIRECTION('',(-2.960594732334E-16,-1.,0.));
#77 = ORIENTED_EDGE('',*,*,#21,.T.);
#78 = ORIENTED_EDGE('',*,*,#79,.F.);
#79 = EDGE_CURVE('',#64,#24,#80,.T.);
#80 = CIRCLE('',#81,3.);
#81 = AXIS2_PLACEMENT_3D('',#82,#83,#84);
#82 = CARTESIAN_POINT('',(6.,6.,68.));
#83 = DIRECTION('',(-0.,0.,-1.));
#84 = DIRECTION('',(-2.960594732334E-16,-1.,0.));
#85 = CONICAL_SURFACE('',#86,6.,0.785398163397);
#86 = AXIS2_PLACEMENT_3D('',#87,#88,#89);
#87 = CARTESIAN_POINT('',(6.,6.,65.));
#88 = DIRECTION('',(-0.,-0.,-1.));
#89 = DIRECTION('',(-2.960594732334E-16,-1.,0.));
#90 = ADVANCED_FACE('',(#91,#144),#214,.F.);
#91 = FACE_BOUND('',#92,.F.);
#92 = EDGE_LOOP('',(#93,#94,#95,#103,#112,#120,#129,#137));
#93 = ORIENTED_EDGE('',*,*,#31,.F.);
#94 = ORIENTED_EDGE('',*,*,#71,.F.);
#95 = ORIENTED_EDGE('',*,*,#96,.F.);
#96 = EDGE_CURVE('',#97,#62,#99,.T.);
#97 = VERTEX_POINT('',#98);
#98 = CARTESIAN_POINT('',(92.,-8.881784197001E-16,65.));
#99 = LINE('',#100,#101);
#100 = CARTESIAN_POINT('',(92.,0.,65.));
#101 = VECTOR('',#102,1.);
#102 = DIRECTION('',(-1.,-0.,0.));
#103 = ORIENTED_EDGE('',*,*,#104,.F.);
#104 = EDGE_CURVE('',#105,#97,#107,.T.);
#105 = VERTEX_POINT('',#106);
#106 = CARTESIAN_POINT('',(98.,6.,65.));
#107 = CIRCLE('',#108,6.);
#108 = AXIS2_PLACEMENT_3D('',#109,#110,#111);
#109 = CARTESIAN_POINT('',(92.,6.,65.));
#110 = DIRECTION('',(0.,-0.,-1.));
#111 = DIRECTION('',(1.,1.480297366167E-16,-0.));
#112 = ORIENTED_EDGE('',*,*,#113,.F.);
#113 = EDGE_CURVE('',#114,#105,#116,.T.);
#114 = VERTEX_POINT('',#115);
#115 = CARTESIAN_POINT('',(98.,122.,65.));
#116 = LINE('',#117,#118);
#117 = CARTESIAN_POINT('',(98.,122.,65.));
#118 = VECTOR('',#119,1.);
#119 = DIRECTION('',(0.,-1.,-0.));
#120 = ORIENTED_EDGE('',*,*,#121,.F.);
#121 = EDGE_CURVE('',#122,#114,#124,.T.);
#122 = VERTEX_POINT('',#123);
#123 = CARTESIAN_POINT('',(92.,128.,65.));
#124 = CIRCLE('',#125,6.);
#125 = AXIS2_PLACEMENT_3D('',#126,#127,#128);
#126 = CARTESIAN_POINT('',(92.,122.,65.));
#127 = DIRECTION('',(0.,-0.,-1.));
#128 = DIRECTION('',(0.,1.,-0.));
#129 = ORIENTED_EDGE('',*,*,#130,.F.);
#130 = EDGE_CURVE('',#131,#122,#133,.T.);
#131 = VERTEX_POINT('',#132);
#132 = CARTESIAN_POINT('',(6.,128.,65.));
#133 = LINE('',#134,#135);
#134 = CARTESIAN_POINT('',(6.,128.,65.));
#135 = VECTOR('',#136,1.);
#136 = DIRECTION('',(1.,0.,-0.));
#137 = ORIENTED_EDGE('',*,*,#138,.F.);
#138 = EDGE_CURVE('',#32,#131,#139,.T.);
#139 = CIRCLE('',#140,6.);
#140 = AXIS2_PLACEMENT_3D('',#141,#142,#143);
#141 = CARTESIAN_POINT('',(6.,122.,65.));
#142 = DIRECTION('',(-0.,0.,-1.));
#143 = DIRECTION('',(-1.,0.,0.));
#144 = FACE_BOUND('',#145,.F.);
#145 = EDGE_LOOP('',(#146,#157,#165,#174,#182,#191,#199,#208));
#146 = ORIENTED_EDGE('',*,*,#147,.F.);
#147 = EDGE_CURVE('',#148,#150,#152,.T.);
#148 = VERTEX_POINT('',#149);
#149 = CARTESIAN_POINT('',(2.6,6.,65.));
#150 = VERTEX_POINT('',#151);
#151 = CARTESIAN_POINT('',(6.,2.6,65.));
#152 = CIRCLE('',#153,3.4);
#153 = AXIS2_PLACEMENT_3D('',#154,#155,#156);
#154 = CARTESIAN_POINT('',(6.,6.,65.));
#155 = DIRECTION('',(0.,0.,1.));
#156 = DIRECTION('',(-1.,-0.,0.));
#157 = ORIENTED_EDGE('',*,*,#158,.T.);
#158 = EDGE_CURVE('',#148,#159,#161,.T.);
#159 = VERTEX_POINT('',#160);
#160 = CARTESIAN_POINT('',(2.6,122.,65.));
#161 = LINE('',#162,#163);
#162 = CARTESIAN_POINT('',(2.6,0.8,65.));
#163 = VECTOR('',#164,1.);
#164 = DIRECTION('',(-0.,1.,0.));
#165 = ORIENTED_EDGE('',*,*,#166,.F.);
#166 = EDGE_CURVE('',#167,#159,#169,.T.);
#167 = VERTEX_POINT('',#168);
#168 = CARTESIAN_POINT('',(6.,125.4,65.));
#169 = CIRCLE('',#170,3.4);
#170 = AXIS2_PLACEMENT_3D('',#171,#172,#173);
#171 = CARTESIAN_POINT('',(6.,122.,65.));
#172 = DIRECTION('',(0.,0.,1.));
#173 = DIRECTION('',(-1.,-0.,0.));
#174 = ORIENTED_EDGE('',*,*,#175,.F.);
#175 = EDGE_CURVE('',#176,#167,#178,.T.);
#176 = VERTEX_POINT('',#177);
#177 = CARTESIAN_POINT('',(92.,125.4,65.));
#178 = LINE('',#179,#180);
#179 = CARTESIAN_POINT('',(0.8,125.4,65.));
#180 = VECTOR('',#181,1.);
#181 = DIRECTION('',(-1.,-0.,0.));
#182 = ORIENTED_EDGE('',*,*,#183,.F.);
#183 = EDGE_CURVE('',#184,#176,#186,.T.);
#184 = VERTEX_POINT('',#185);
#185 = CARTESIAN_POINT('',(95.4,122.,65.));
#186 = CIRCLE('',#187,3.4);
#187 = AXIS2_PLACEMENT_3D('',#188,#189,#190);
#188 = CARTESIAN_POINT('',(92.,122.,65.));
#189 = DIRECTION('',(0.,0.,1.));
#190 = DIRECTION('',(1.,0.,-0.));
#191 = ORIENTED_EDGE('',*,*,#192,.F.);
#192 = EDGE_CURVE('',#193,#184,#195,.T.);
#193 = VERTEX_POINT('',#194);
#194 = CARTESIAN_POINT('',(95.4,6.,65.));
#195 = LINE('',#196,#197);
#196 = CARTESIAN_POINT('',(95.4,0.8,65.));
#197 = VECTOR('',#198,1.);
#198 = DIRECTION('',(-0.,1.,0.));
#199 = ORIENTED_EDGE('',*,*,#200,.F.);
#200 = EDGE_CURVE('',#201,#193,#203,.T.);
#201 = VERTEX_POINT('',#202);
#202 = CARTESIAN_POINT('',(92.,2.6,65.));
#203 = CIRCLE('',#204,3.4);
#204 = AXIS2_PLACEMENT_3D('',#205,#206,#207);
#205 = CARTESIAN_POINT('',(92.,6.,65.));
#206 = DIRECTION('',(0.,0.,1.));
#207 = DIRECTION('',(1.,0.,-0.));
#208 = ORIENTED_EDGE('',*,*,#209,.T.);
#209 = EDGE_CURVE('',#201,#150,#210,.T.);
#210 = LINE('',#211,#212);
#211 = CARTESIAN_POINT('',(0.8,2.6,65.));
#212 = VECTOR('',#213,1.);
#213 = DIRECTION('',(-1.,-0.,0.));
#214 = PLANE('',#215);
#215 = AXIS2_PLACEMENT_3D('',#216,#217,#218);
#216 = CARTESIAN_POINT('',(-1.,-1.,65.));
#217 = DIRECTION('',(0.,0.,1.));
#218 = DIRECTION('',(1.,0.,-0.));
#219 = ADVANCED_FACE('',(#220,#273,#309,#345,#381,#417,#453,#489,#525,
    #561),#572,.T.);
#220 = FACE_BOUND('',#221,.T.);
#221 = EDGE_LOOP('',(#222,#223,#224,#232,#241,#249,#258,#266));
#222 = ORIENTED_EDGE('',*,*,#47,.F.);
#223 = ORIENTED_EDGE('',*,*,#79,.F.);
#224 = ORIENTED_EDGE('',*,*,#225,.F.);
#225 = EDGE_CURVE('',#226,#64,#228,.T.);
#226 = VERTEX_POINT('',#227);
#227 = CARTESIAN_POINT('',(92.,3.,68.));
#228 = LINE('',#229,#230);
#229 = CARTESIAN_POINT('',(92.,3.,68.));
#230 = VECTOR('',#231,1.);
#231 = DIRECTION('',(-1.,-0.,0.));
#232 = ORIENTED_EDGE('',*,*,#233,.F.);
#233 = EDGE_CURVE('',#234,#226,#236,.T.);
#234 = VERTEX_POINT('',#235);
#235 = CARTESIAN_POINT('',(95.,6.,68.));
#236 = CIRCLE('',#237,3.);
#237 = AXIS2_PLACEMENT_3D('',#238,#239,#240);
#238 = CARTESIAN_POINT('',(92.,6.,68.));
#239 = DIRECTION('',(0.,-0.,-1.));
#240 = DIRECTION('',(1.,1.480297366167E-16,-0.));
#241 = ORIENTED_EDGE('',*,*,#242,.F.);
#242 = EDGE_CURVE('',#243,#234,#245,.T.);
#243 = VERTEX_POINT('',#244);
#244 = CARTESIAN_POINT('',(95.,122.,68.));
#245 = LINE('',#246,#247);
#246 = CARTESIAN_POINT('',(95.,122.,68.));
#247 = VECTOR('',#248,1.);
#248 = DIRECTION('',(0.,-1.,-0.));
#249 = ORIENTED_EDGE('',*,*,#250,.F.);
#250 = EDGE_CURVE('',#251,#243,#253,.T.);
#251 = VERTEX_POINT('',#252);
#252 = CARTESIAN_POINT('',(92.,125.,68.));
#253 = CIRCLE('',#254,3.);
#254 = AXIS2_PLACEMENT_3D('',#255,#256,#257);
#255 = CARTESIAN_POINT('',(92.,122.,68.));
#256 = DIRECTION('',(0.,-0.,-1.));
#257 = DIRECTION('',(0.,1.,-0.));
#258 = ORIENTED_EDGE('',*,*,#259,.F.);
#259 = EDGE_CURVE('',#260,#251,#262,.T.);
#260 = VERTEX_POINT('',#261);
#261 = CARTESIAN_POINT('',(6.,125.,68.));
#262 = LINE('',#263,#264);
#263 = CARTESIAN_POINT('',(6.,125.,68.));
#264 = VECTOR('',#265,1.);
#265 = DIRECTION('',(1.,0.,-0.));
#266 = ORIENTED_EDGE('',*,*,#267,.F.);
#267 = EDGE_CURVE('',#40,#260,#268,.T.);
#268 = CIRCLE('',#269,3.);
#269 = AXIS2_PLACEMENT_3D('',#270,#271,#272);
#270 = CARTESIAN_POINT('',(6.,122.,68.));
#271 = DIRECTION('',(-0.,0.,-1.));
#272 = DIRECTION('',(-1.,0.,0.));
#273 = FACE_BOUND('',#274,.T.);
#274 = EDGE_LOOP('',(#275,#286,#294,#303));
#275 = ORIENTED_EDGE('',*,*,#276,.F.);
#276 = EDGE_CURVE('',#277,#279,#281,.T.);
#277 = VERTEX_POINT('',#278);
#278 = CARTESIAN_POINT('',(45.15,49.25,68.));
#279 = VERTEX_POINT('',#280);
#280 = CARTESIAN_POINT('',(47.65,49.25,68.));
#281 = CIRCLE('',#282,1.25);
#282 = AXIS2_PLACEMENT_3D('',#283,#284,#285);
#283 = CARTESIAN_POINT('',(46.4,49.25,68.));
#284 = DIRECTION('',(0.,0.,1.));
#285 = DIRECTION('',(1.,0.,-0.));
#286 = ORIENTED_EDGE('',*,*,#287,.T.);
#287 = EDGE_CURVE('',#277,#288,#290,.T.);
#288 = VERTEX_POINT('',#289);
#289 = CARTESIAN_POINT('',(45.15,64.75,68.));
#290 = LINE('',#291,#292);
#291 = CARTESIAN_POINT('',(45.15,24.625,68.));
#292 = VECTOR('',#293,1.);
#293 = DIRECTION('',(-0.,1.,0.));
#294 = ORIENTED_EDGE('',*,*,#295,.F.);
#295 = EDGE_CURVE('',#296,#288,#298,.T.);
#296 = VERTEX_POINT('',#297);
#297 = CARTESIAN_POINT('',(47.65,64.75,68.));
#298 = CIRCLE('',#299,1.25);
#299 = AXIS2_PLACEMENT_3D('',#300,#301,#302);
#300 = CARTESIAN_POINT('',(46.4,64.75,68.));
#301 = DIRECTION('',(0.,0.,1.));
#302 = DIRECTION('',(1.,0.,-0.));
#303 = ORIENTED_EDGE('',*,*,#304,.F.);
#304 = EDGE_CURVE('',#279,#296,#305,.T.);
#305 = LINE('',#306,#307);
#306 = CARTESIAN_POINT('',(47.65,24.625,68.));
#307 = VECTOR('',#308,1.);
#308 = DIRECTION('',(-0.,1.,0.));
#309 = FACE_BOUND('',#310,.T.);
#310 = EDGE_LOOP('',(#311,#322,#330,#339));
#311 = ORIENTED_EDGE('',*,*,#312,.F.);
#312 = EDGE_CURVE('',#313,#315,#317,.T.);
#313 = VERTEX_POINT('',#314);
#314 = CARTESIAN_POINT('',(50.15,49.25,68.));
#315 = VERTEX_POINT('',#316);
#316 = CARTESIAN_POINT('',(52.65,49.25,68.));
#317 = CIRCLE('',#318,1.25);
#318 = AXIS2_PLACEMENT_3D('',#319,#320,#321);
#319 = CARTESIAN_POINT('',(51.4,49.25,68.));
#320 = DIRECTION('',(0.,0.,1.));
#321 = DIRECTION('',(1.,0.,-0.));
#322 = ORIENTED_EDGE('',*,*,#323,.T.);
#323 = EDGE_CURVE('',#313,#324,#326,.T.);
#324 = VERTEX_POINT('',#325);
#325 = CARTESIAN_POINT('',(50.15,64.75,68.));
#326 = LINE('',#327,#328);
#327 = CARTESIAN_POINT('',(50.15,24.625,68.));
#328 = VECTOR('',#329,1.);
#329 = DIRECTION('',(-0.,1.,0.));
#330 = ORIENTED_EDGE('',*,*,#331,.F.);
#331 = EDGE_CURVE('',#332,#324,#334,.T.);
#332 = VERTEX_POINT('',#333);
#333 = CARTESIAN_POINT('',(52.65,64.75,68.));
#334 = CIRCLE('',#335,1.25);
#335 = AXIS2_PLACEMENT_3D('',#336,#337,#338);
#336 = CARTESIAN_POINT('',(51.4,64.75,68.));
#337 = DIRECTION('',(0.,0.,1.));
#338 = DIRECTION('',(1.,0.,-0.));
#339 = ORIENTED_EDGE('',*,*,#340,.F.);
#340 = EDGE_CURVE('',#315,#332,#341,.T.);
#341 = LINE('',#342,#343);
#342 = CARTESIAN_POINT('',(52.65,24.625,68.));
#343 = VECTOR('',#344,1.);
#344 = DIRECTION('',(-0.,1.,0.));
#345 = FACE_BOUND('',#346,.T.);
#346 = EDGE_LOOP('',(#347,#358,#366,#375));
#347 = ORIENTED_EDGE('',*,*,#348,.F.);
#348 = EDGE_CURVE('',#349,#351,#353,.T.);
#349 = VERTEX_POINT('',#350);
#350 = CARTESIAN_POINT('',(55.15,49.25,68.));
#351 = VERTEX_POINT('',#352);
#352 = CARTESIAN_POINT('',(57.65,49.25,68.));
#353 = CIRCLE('',#354,1.25);
#354 = AXIS2_PLACEMENT_3D('',#355,#356,#357);
#355 = CARTESIAN_POINT('',(56.4,49.25,68.));
#356 = DIRECTION('',(0.,0.,1.));
#357 = DIRECTION('',(1.,0.,-0.));
#358 = ORIENTED_EDGE('',*,*,#359,.T.);
#359 = EDGE_CURVE('',#349,#360,#362,.T.);
#360 = VERTEX_POINT('',#361);
#361 = CARTESIAN_POINT('',(55.15,64.75,68.));
#362 = LINE('',#363,#364);
#363 = CARTESIAN_POINT('',(55.15,24.625,68.));
#364 = VECTOR('',#365,1.);
#365 = DIRECTION('',(-0.,1.,0.));
#366 = ORIENTED_EDGE('',*,*,#367,.F.);
#367 = EDGE_CURVE('',#368,#360,#370,.T.);
#368 = VERTEX_POINT('',#369);
#369 = CARTESIAN_POINT('',(57.65,64.75,68.));
#370 = CIRCLE('',#371,1.25);
#371 = AXIS2_PLACEMENT_3D('',#372,#373,#374);
#372 = CARTESIAN_POINT('',(56.4,64.75,68.));
#373 = DIRECTION('',(0.,0.,1.));
#374 = DIRECTION('',(1.,0.,-0.));
#375 = ORIENTED_EDGE('',*,*,#376,.F.);
#376 = EDGE_CURVE('',#351,#368,#377,.T.);
#377 = LINE('',#378,#379);
#378 = CARTESIAN_POINT('',(57.65,24.625,68.));
#379 = VECTOR('',#380,1.);
#380 = DIRECTION('',(-0.,1.,0.));
#381 = FACE_BOUND('',#382,.T.);
#382 = EDGE_LOOP('',(#383,#394,#402,#411));
#383 = ORIENTED_EDGE('',*,*,#384,.F.);
#384 = EDGE_CURVE('',#385,#387,#389,.T.);
#385 = VERTEX_POINT('',#386);
#386 = CARTESIAN_POINT('',(60.15,49.25,68.));
#387 = VERTEX_POINT('',#388);
#388 = CARTESIAN_POINT('',(62.65,49.25,68.));
#389 = CIRCLE('',#390,1.25);
#390 = AXIS2_PLACEMENT_3D('',#391,#392,#393);
#391 = CARTESIAN_POINT('',(61.4,49.25,68.));
#392 = DIRECTION('',(0.,0.,1.));
#393 = DIRECTION('',(1.,0.,-0.));
#394 = ORIENTED_EDGE('',*,*,#395,.T.);
#395 = EDGE_CURVE('',#385,#396,#398,.T.);
#396 = VERTEX_POINT('',#397);
#397 = CARTESIAN_POINT('',(60.15,64.75,68.));
#398 = LINE('',#399,#400);
#399 = CARTESIAN_POINT('',(60.15,24.625,68.));
#400 = VECTOR('',#401,1.);
#401 = DIRECTION('',(-0.,1.,0.));
#402 = ORIENTED_EDGE('',*,*,#403,.F.);
#403 = EDGE_CURVE('',#404,#396,#406,.T.);
#404 = VERTEX_POINT('',#405);
#405 = CARTESIAN_POINT('',(62.65,64.75,68.));
#406 = CIRCLE('',#407,1.25);
#407 = AXIS2_PLACEMENT_3D('',#408,#409,#410);
#408 = CARTESIAN_POINT('',(61.4,64.75,68.));
#409 = DIRECTION('',(0.,0.,1.));
#410 = DIRECTION('',(1.,0.,-0.));
#411 = ORIENTED_EDGE('',*,*,#412,.F.);
#412 = EDGE_CURVE('',#387,#404,#413,.T.);
#413 = LINE('',#414,#415);
#414 = CARTESIAN_POINT('',(62.65,24.625,68.));
#415 = VECTOR('',#416,1.);
#416 = DIRECTION('',(-0.,1.,0.));
#417 = FACE_BOUND('',#418,.T.);
#418 = EDGE_LOOP('',(#419,#430,#438,#447));
#419 = ORIENTED_EDGE('',*,*,#420,.F.);
#420 = EDGE_CURVE('',#421,#423,#425,.T.);
#421 = VERTEX_POINT('',#422);
#422 = CARTESIAN_POINT('',(65.15,49.25,68.));
#423 = VERTEX_POINT('',#424);
#424 = CARTESIAN_POINT('',(67.65,49.25,68.));
#425 = CIRCLE('',#426,1.25);
#426 = AXIS2_PLACEMENT_3D('',#427,#428,#429);
#427 = CARTESIAN_POINT('',(66.4,49.25,68.));
#428 = DIRECTION('',(0.,0.,1.));
#429 = DIRECTION('',(1.,0.,-0.));
#430 = ORIENTED_EDGE('',*,*,#431,.T.);
#431 = EDGE_CURVE('',#421,#432,#434,.T.);
#432 = VERTEX_POINT('',#433);
#433 = CARTESIAN_POINT('',(65.15,64.75,68.));
#434 = LINE('',#435,#436);
#435 = CARTESIAN_POINT('',(65.15,24.625,68.));
#436 = VECTOR('',#437,1.);
#437 = DIRECTION('',(-0.,1.,0.));
#438 = ORIENTED_EDGE('',*,*,#439,.F.);
#439 = EDGE_CURVE('',#440,#432,#442,.T.);
#440 = VERTEX_POINT('',#441);
#441 = CARTESIAN_POINT('',(67.65,64.75,68.));
#442 = CIRCLE('',#443,1.25);
#443 = AXIS2_PLACEMENT_3D('',#444,#445,#446);
#444 = CARTESIAN_POINT('',(66.4,64.75,68.));
#445 = DIRECTION('',(0.,0.,1.));
#446 = DIRECTION('',(1.,0.,-0.));
#447 = ORIENTED_EDGE('',*,*,#448,.F.);
#448 = EDGE_CURVE('',#423,#440,#449,.T.);
#449 = LINE('',#450,#451);
#450 = CARTESIAN_POINT('',(67.65,24.625,68.));
#451 = VECTOR('',#452,1.);
#452 = DIRECTION('',(-0.,1.,0.));
#453 = FACE_BOUND('',#454,.T.);
#454 = EDGE_LOOP('',(#455,#466,#474,#483));
#455 = ORIENTED_EDGE('',*,*,#456,.F.);
#456 = EDGE_CURVE('',#457,#459,#461,.T.);
#457 = VERTEX_POINT('',#458);
#458 = CARTESIAN_POINT('',(70.15,49.25,68.));
#459 = VERTEX_POINT('',#460);
#460 = CARTESIAN_POINT('',(72.65,49.25,68.));
#461 = CIRCLE('',#462,1.25);
#462 = AXIS2_PLACEMENT_3D('',#463,#464,#465);
#463 = CARTESIAN_POINT('',(71.4,49.25,68.));
#464 = DIRECTION('',(0.,0.,1.));
#465 = DIRECTION('',(1.,0.,-0.));
#466 = ORIENTED_EDGE('',*,*,#467,.T.);
#467 = EDGE_CURVE('',#457,#468,#470,.T.);
#468 = VERTEX_POINT('',#469);
#469 = CARTESIAN_POINT('',(70.15,64.75,68.));
#470 = LINE('',#471,#472);
#471 = CARTESIAN_POINT('',(70.15,24.625,68.));
#472 = VECTOR('',#473,1.);
#473 = DIRECTION('',(-0.,1.,0.));
#474 = ORIENTED_EDGE('',*,*,#475,.F.);
#475 = EDGE_CURVE('',#476,#468,#478,.T.);
#476 = VERTEX_POINT('',#477);
#477 = CARTESIAN_POINT('',(72.65,64.75,68.));
#478 = CIRCLE('',#479,1.25);
#479 = AXIS2_PLACEMENT_3D('',#480,#481,#482);
#480 = CARTESIAN_POINT('',(71.4,64.75,68.));
#481 = DIRECTION('',(0.,0.,1.));
#482 = DIRECTION('',(1.,0.,-0.));
#483 = ORIENTED_EDGE('',*,*,#484,.F.);
#484 = EDGE_CURVE('',#459,#476,#485,.T.);
#485 = LINE('',#486,#487);
#486 = CARTESIAN_POINT('',(72.65,24.625,68.));
#487 = VECTOR('',#488,1.);
#488 = DIRECTION('',(-0.,1.,0.));
#489 = FACE_BOUND('',#490,.T.);
#490 = EDGE_LOOP('',(#491,#502,#510,#519));
#491 = ORIENTED_EDGE('',*,*,#492,.F.);
#492 = EDGE_CURVE('',#493,#495,#497,.T.);
#493 = VERTEX_POINT('',#494);
#494 = CARTESIAN_POINT('',(75.15,49.25,68.));
#495 = VERTEX_POINT('',#496);
#496 = CARTESIAN_POINT('',(77.65,49.25,68.));
#497 = CIRCLE('',#498,1.25);
#498 = AXIS2_PLACEMENT_3D('',#499,#500,#501);
#499 = CARTESIAN_POINT('',(76.4,49.25,68.));
#500 = DIRECTION('',(0.,0.,1.));
#501 = DIRECTION('',(1.,0.,-0.));
#502 = ORIENTED_EDGE('',*,*,#503,.T.);
#503 = EDGE_CURVE('',#493,#504,#506,.T.);
#504 = VERTEX_POINT('',#505);
#505 = CARTESIAN_POINT('',(75.15,64.75,68.));
#506 = LINE('',#507,#508);
#507 = CARTESIAN_POINT('',(75.15,24.625,68.));
#508 = VECTOR('',#509,1.);
#509 = DIRECTION('',(-0.,1.,0.));
#510 = ORIENTED_EDGE('',*,*,#511,.F.);
#511 = EDGE_CURVE('',#512,#504,#514,.T.);
#512 = VERTEX_POINT('',#513);
#513 = CARTESIAN_POINT('',(77.65,64.75,68.));
#514 = CIRCLE('',#515,1.25);
#515 = AXIS2_PLACEMENT_3D('',#516,#517,#518);
#516 = CARTESIAN_POINT('',(76.4,64.75,68.));
#517 = DIRECTION('',(0.,0.,1.));
#518 = DIRECTION('',(1.,0.,-0.));
#519 = ORIENTED_EDGE('',*,*,#520,.F.);
#520 = EDGE_CURVE('',#495,#512,#521,.T.);
#521 = LINE('',#522,#523);
#522 = CARTESIAN_POINT('',(77.65,24.625,68.));
#523 = VECTOR('',#524,1.);
#524 = DIRECTION('',(-0.,1.,0.));
#525 = FACE_BOUND('',#526,.T.);
#526 = EDGE_LOOP('',(#527,#538,#546,#555));
#527 = ORIENTED_EDGE('',*,*,#528,.F.);
#528 = EDGE_CURVE('',#529,#531,#533,.T.);
#529 = VERTEX_POINT('',#530);
#530 = CARTESIAN_POINT('',(80.15,49.25,68.));
#531 = VERTEX_POINT('',#532);
#532 = CARTESIAN_POINT('',(82.65,49.25,68.));
#533 = CIRCLE('',#534,1.25);
#534 = AXIS2_PLACEMENT_3D('',#535,#536,#537);
#535 = CARTESIAN_POINT('',(81.4,49.25,68.));
#536 = DIRECTION('',(0.,0.,1.));
#537 = DIRECTION('',(1.,0.,-0.));
#538 = ORIENTED_EDGE('',*,*,#539,.T.);
#539 = EDGE_CURVE('',#529,#540,#542,.T.);
#540 = VERTEX_POINT('',#541);
#541 = CARTESIAN_POINT('',(80.15,64.75,68.));
#542 = LINE('',#543,#544);
#543 = CARTESIAN_POINT('',(80.15,24.625,68.));
#544 = VECTOR('',#545,1.);
#545 = DIRECTION('',(-0.,1.,0.));
#546 = ORIENTED_EDGE('',*,*,#547,.F.);
#547 = EDGE_CURVE('',#548,#540,#550,.T.);
#548 = VERTEX_POINT('',#549);
#549 = CARTESIAN_POINT('',(82.65,64.75,68.));
#550 = CIRCLE('',#551,1.25);
#551 = AXIS2_PLACEMENT_3D('',#552,#553,#554);
#552 = CARTESIAN_POINT('',(81.4,64.75,68.));
#553 = DIRECTION('',(0.,0.,1.));
#554 = DIRECTION('',(1.,0.,-0.));
#555 = ORIENTED_EDGE('',*,*,#556,.F.);
#556 = EDGE_CURVE('',#531,#548,#557,.T.);
#557 = LINE('',#558,#559);
#558 = CARTESIAN_POINT('',(82.65,24.625,68.));
#559 = VECTOR('',#560,1.);
#560 = DIRECTION('',(-0.,1.,0.));
#561 = FACE_BOUND('',#562,.T.);
#562 = EDGE_LOOP('',(#563));
#563 = ORIENTED_EDGE('',*,*,#564,.F.);
#564 = EDGE_CURVE('',#565,#565,#567,.T.);
#565 = VERTEX_POINT('',#566);
#566 = CARTESIAN_POINT('',(39.08,99.64,68.));
#567 = CIRCLE('',#568,2.5);
#568 = AXIS2_PLACEMENT_3D('',#569,#570,#571);
#569 = CARTESIAN_POINT('',(36.58,99.64,68.));
#570 = DIRECTION('',(0.,0.,1.));
#571 = DIRECTION('',(1.,0.,-0.));
#572 = PLANE('',#573);
#573 = AXIS2_PLACEMENT_3D('',#574,#575,#576);
#574 = CARTESIAN_POINT('',(0.,0.,68.));
#575 = DIRECTION('',(0.,0.,1.));
#576 = DIRECTION('',(1.,0.,-0.));
#577 = ADVANCED_FACE('',(#578),#589,.T.);
#578 = FACE_BOUND('',#579,.F.);
#579 = EDGE_LOOP('',(#580,#581,#582,#588));
#580 = ORIENTED_EDGE('',*,*,#39,.F.);
#581 = ORIENTED_EDGE('',*,*,#138,.T.);
#582 = ORIENTED_EDGE('',*,*,#583,.T.);
#583 = EDGE_CURVE('',#131,#260,#584,.T.);
#584 = LINE('',#585,#586);
#585 = CARTESIAN_POINT('',(6.,128.,65.));
#586 = VECTOR('',#587,1.);
#587 = DIRECTION('',(4.329780281177E-17,-0.707106781187,0.707106781187)
  );
#588 = ORIENTED_EDGE('',*,*,#267,.F.);
#589 = CONICAL_SURFACE('',#590,6.,0.785398163397);
#590 = AXIS2_PLACEMENT_3D('',#591,#592,#593);
#591 = CARTESIAN_POINT('',(6.,122.,65.));
#592 = DIRECTION('',(-0.,-0.,-1.));
#593 = DIRECTION('',(-1.,0.,0.));
#594 = ADVANCED_FACE('',(#595),#606,.F.);
#595 = FACE_BOUND('',#596,.F.);
#596 = EDGE_LOOP('',(#597,#603,#604,#605));
#597 = ORIENTED_EDGE('',*,*,#598,.F.);
#598 = EDGE_CURVE('',#97,#226,#599,.T.);
#599 = LINE('',#600,#601);
#600 = CARTESIAN_POINT('',(92.,-8.881784197001E-16,65.));
#601 = VECTOR('',#602,1.);
#602 = DIRECTION('',(-1.479706333907E-16,0.707106781187,0.707106781187)
  );
#603 = ORIENTED_EDGE('',*,*,#96,.T.);
#604 = ORIENTED_EDGE('',*,*,#61,.T.);
#605 = ORIENTED_EDGE('',*,*,#225,.F.);
#606 = PLANE('',#607);
#607 = AXIS2_PLACEMENT_3D('',#608,#609,#610);
#608 = CARTESIAN_POINT('',(92.,1.5,66.5));
#609 = DIRECTION('',(0.,0.707106781187,-0.707106781187));
#610 = DIRECTION('',(-1.,0.,-0.));
#611 = ADVANCED_FACE('',(#612),#623,.T.);
#612 = FACE_BOUND('',#613,.F.);
#613 = EDGE_LOOP('',(#614,#615,#616,#622));
#614 = ORIENTED_EDGE('',*,*,#583,.F.);
#615 = ORIENTED_EDGE('',*,*,#130,.T.);
#616 = ORIENTED_EDGE('',*,*,#617,.T.);
#617 = EDGE_CURVE('',#122,#251,#618,.T.);
#618 = LINE('',#619,#620);
#619 = CARTESIAN_POINT('',(92.,126.5,66.5));
#620 = VECTOR('',#621,1.);
#621 = DIRECTION('',(0.,-0.707106781187,0.707106781187));
#622 = ORIENTED_EDGE('',*,*,#259,.F.);
#623 = PLANE('',#624);
#624 = AXIS2_PLACEMENT_3D('',#625,#626,#627);
#625 = CARTESIAN_POINT('',(6.,126.5,66.5));
#626 = DIRECTION('',(0.,0.707106781187,0.707106781187));
#627 = DIRECTION('',(-1.,-0.,0.));
#628 = ADVANCED_FACE('',(#629),#640,.T.);
#629 = FACE_BOUND('',#630,.F.);
#630 = EDGE_LOOP('',(#631,#637,#638,#639));
#631 = ORIENTED_EDGE('',*,*,#632,.F.);
#632 = EDGE_CURVE('',#105,#234,#633,.T.);
#633 = LINE('',#634,#635);
#634 = CARTESIAN_POINT('',(96.5,6.,66.5));
#635 = VECTOR('',#636,1.);
#636 = DIRECTION('',(-0.707106781187,-0.,0.707106781187));
#637 = ORIENTED_EDGE('',*,*,#104,.T.);
#638 = ORIENTED_EDGE('',*,*,#598,.T.);
#639 = ORIENTED_EDGE('',*,*,#233,.F.);
#640 = CONICAL_SURFACE('',#641,6.,0.785398163397);
#641 = AXIS2_PLACEMENT_3D('',#642,#643,#644);
#642 = CARTESIAN_POINT('',(92.,6.,65.));
#643 = DIRECTION('',(-0.,-0.,-1.));
#644 = DIRECTION('',(1.,1.480297366167E-16,-0.));
#645 = ADVANCED_FACE('',(#646),#657,.T.);
#646 = FACE_BOUND('',#647,.F.);
#647 = EDGE_LOOP('',(#648,#649,#650,#656));
#648 = ORIENTED_EDGE('',*,*,#617,.F.);
#649 = ORIENTED_EDGE('',*,*,#121,.T.);
#650 = ORIENTED_EDGE('',*,*,#651,.T.);
#651 = EDGE_CURVE('',#114,#243,#652,.T.);
#652 = LINE('',#653,#654);
#653 = CARTESIAN_POINT('',(98.,122.,65.));
#654 = VECTOR('',#655,1.);
#655 = DIRECTION('',(-0.707106781187,-4.329780281177E-17,0.707106781187)
  );
#656 = ORIENTED_EDGE('',*,*,#250,.F.);
#657 = CONICAL_SURFACE('',#658,6.,0.785398163397);
#658 = AXIS2_PLACEMENT_3D('',#659,#660,#661);
#659 = CARTESIAN_POINT('',(92.,122.,65.));
#660 = DIRECTION('',(-0.,-0.,-1.));
#661 = DIRECTION('',(0.,1.,-0.));
#662 = ADVANCED_FACE('',(#663),#669,.T.);
#663 = FACE_BOUND('',#664,.F.);
#664 = EDGE_LOOP('',(#665,#666,#667,#668));
#665 = ORIENTED_EDGE('',*,*,#651,.F.);
#666 = ORIENTED_EDGE('',*,*,#113,.T.);
#667 = ORIENTED_EDGE('',*,*,#632,.T.);
#668 = ORIENTED_EDGE('',*,*,#242,.F.);
#669 = PLANE('',#670);
#670 = AXIS2_PLACEMENT_3D('',#671,#672,#673);
#671 = CARTESIAN_POINT('',(96.5,122.,66.5));
#672 = DIRECTION('',(0.707106781187,0.,0.707106781187));
#673 = DIRECTION('',(-0.,1.,-0.));
#674 = ADVANCED_FACE('',(#675),#701,.T.);
#675 = FACE_BOUND('',#676,.T.);
#676 = EDGE_LOOP('',(#677,#685,#694,#700));
#677 = ORIENTED_EDGE('',*,*,#678,.F.);
#678 = EDGE_CURVE('',#679,#148,#681,.T.);
#679 = VERTEX_POINT('',#680);
#680 = CARTESIAN_POINT('',(2.6,6.,61.5));
#681 = LINE('',#682,#683);
#682 = CARTESIAN_POINT('',(2.6,6.,61.5));
#683 = VECTOR('',#684,1.);
#684 = DIRECTION('',(0.,0.,1.));
#685 = ORIENTED_EDGE('',*,*,#686,.T.);
#686 = EDGE_CURVE('',#679,#687,#689,.T.);
#687 = VERTEX_POINT('',#688);
#688 = CARTESIAN_POINT('',(6.,2.6,61.5));
#689 = CIRCLE('',#690,3.4);
#690 = AXIS2_PLACEMENT_3D('',#691,#692,#693);
#691 = CARTESIAN_POINT('',(6.,6.,61.5));
#692 = DIRECTION('',(0.,0.,1.));
#693 = DIRECTION('',(0.,-1.,0.));
#694 = ORIENTED_EDGE('',*,*,#695,.T.);
#695 = EDGE_CURVE('',#687,#150,#696,.T.);
#696 = LINE('',#697,#698);
#697 = CARTESIAN_POINT('',(6.,2.6,61.5));
#698 = VECTOR('',#699,1.);
#699 = DIRECTION('',(0.,0.,1.));
#700 = ORIENTED_EDGE('',*,*,#147,.F.);
#701 = CYLINDRICAL_SURFACE('',#702,3.4);
#702 = AXIS2_PLACEMENT_3D('',#703,#704,#705);
#703 = CARTESIAN_POINT('',(6.,6.,61.5));
#704 = DIRECTION('',(0.,0.,1.));
#705 = DIRECTION('',(-1.,-0.,0.));
#706 = ADVANCED_FACE('',(#707),#733,.T.);
#707 = FACE_BOUND('',#708,.F.);
#708 = EDGE_LOOP('',(#709,#717,#726,#732));
#709 = ORIENTED_EDGE('',*,*,#710,.F.);
#710 = EDGE_CURVE('',#711,#193,#713,.T.);
#711 = VERTEX_POINT('',#712);
#712 = CARTESIAN_POINT('',(95.4,6.,61.5));
#713 = LINE('',#714,#715);
#714 = CARTESIAN_POINT('',(95.4,6.,61.5));
#715 = VECTOR('',#716,1.);
#716 = DIRECTION('',(0.,0.,1.));
#717 = ORIENTED_EDGE('',*,*,#718,.T.);
#718 = EDGE_CURVE('',#711,#719,#721,.T.);
#719 = VERTEX_POINT('',#720);
#720 = CARTESIAN_POINT('',(92.,2.6,61.5));
#721 = CIRCLE('',#722,3.4);
#722 = AXIS2_PLACEMENT_3D('',#723,#724,#725);
#723 = CARTESIAN_POINT('',(92.,6.,61.5));
#724 = DIRECTION('',(-0.,-0.,-1.));
#725 = DIRECTION('',(0.,-1.,0.));
#726 = ORIENTED_EDGE('',*,*,#727,.T.);
#727 = EDGE_CURVE('',#719,#201,#728,.T.);
#728 = LINE('',#729,#730);
#729 = CARTESIAN_POINT('',(92.,2.6,61.5));
#730 = VECTOR('',#731,1.);
#731 = DIRECTION('',(0.,0.,1.));
#732 = ORIENTED_EDGE('',*,*,#200,.T.);
#733 = CYLINDRICAL_SURFACE('',#734,3.4);
#734 = AXIS2_PLACEMENT_3D('',#735,#736,#737);
#735 = CARTESIAN_POINT('',(92.,6.,61.5));
#736 = DIRECTION('',(0.,0.,1.));
#737 = DIRECTION('',(1.,0.,-0.));
#738 = ADVANCED_FACE('',(#739),#765,.T.);
#739 = FACE_BOUND('',#740,.T.);
#740 = EDGE_LOOP('',(#741,#749,#758,#764));
#741 = ORIENTED_EDGE('',*,*,#742,.F.);
#742 = EDGE_CURVE('',#743,#184,#745,.T.);
#743 = VERTEX_POINT('',#744);
#744 = CARTESIAN_POINT('',(95.4,122.,61.5));
#745 = LINE('',#746,#747);
#746 = CARTESIAN_POINT('',(95.4,122.,61.5));
#747 = VECTOR('',#748,1.);
#748 = DIRECTION('',(0.,0.,1.));
#749 = ORIENTED_EDGE('',*,*,#750,.T.);
#750 = EDGE_CURVE('',#743,#751,#753,.T.);
#751 = VERTEX_POINT('',#752);
#752 = CARTESIAN_POINT('',(92.,125.4,61.5));
#753 = CIRCLE('',#754,3.4);
#754 = AXIS2_PLACEMENT_3D('',#755,#756,#757);
#755 = CARTESIAN_POINT('',(92.,122.,61.5));
#756 = DIRECTION('',(0.,0.,1.));
#757 = DIRECTION('',(0.,-1.,0.));
#758 = ORIENTED_EDGE('',*,*,#759,.T.);
#759 = EDGE_CURVE('',#751,#176,#760,.T.);
#760 = LINE('',#761,#762);
#761 = CARTESIAN_POINT('',(92.,125.4,61.5));
#762 = VECTOR('',#763,1.);
#763 = DIRECTION('',(0.,0.,1.));
#764 = ORIENTED_EDGE('',*,*,#183,.F.);
#765 = CYLINDRICAL_SURFACE('',#766,3.4);
#766 = AXIS2_PLACEMENT_3D('',#767,#768,#769);
#767 = CARTESIAN_POINT('',(92.,122.,61.5));
#768 = DIRECTION('',(0.,0.,1.));
#769 = DIRECTION('',(1.,0.,-0.));
#770 = ADVANCED_FACE('',(#771),#797,.T.);
#771 = FACE_BOUND('',#772,.F.);
#772 = EDGE_LOOP('',(#773,#781,#790,#796));
#773 = ORIENTED_EDGE('',*,*,#774,.F.);
#774 = EDGE_CURVE('',#775,#159,#777,.T.);
#775 = VERTEX_POINT('',#776);
#776 = CARTESIAN_POINT('',(2.6,122.,61.5));
#777 = LINE('',#778,#779);
#778 = CARTESIAN_POINT('',(2.6,122.,61.5));
#779 = VECTOR('',#780,1.);
#780 = DIRECTION('',(0.,0.,1.));
#781 = ORIENTED_EDGE('',*,*,#782,.T.);
#782 = EDGE_CURVE('',#775,#783,#785,.T.);
#783 = VERTEX_POINT('',#784);
#784 = CARTESIAN_POINT('',(6.,125.4,61.5));
#785 = CIRCLE('',#786,3.4);
#786 = AXIS2_PLACEMENT_3D('',#787,#788,#789);
#787 = CARTESIAN_POINT('',(6.,122.,61.5));
#788 = DIRECTION('',(-0.,-0.,-1.));
#789 = DIRECTION('',(0.,-1.,0.));
#790 = ORIENTED_EDGE('',*,*,#791,.T.);
#791 = EDGE_CURVE('',#783,#167,#792,.T.);
#792 = LINE('',#793,#794);
#793 = CARTESIAN_POINT('',(6.,125.4,61.5));
#794 = VECTOR('',#795,1.);
#795 = DIRECTION('',(0.,0.,1.));
#796 = ORIENTED_EDGE('',*,*,#166,.T.);
#797 = CYLINDRICAL_SURFACE('',#798,3.4);
#798 = AXIS2_PLACEMENT_3D('',#799,#800,#801);
#799 = CARTESIAN_POINT('',(6.,122.,61.5));
#800 = DIRECTION('',(0.,0.,1.));
#801 = DIRECTION('',(-1.,-0.,0.));
#802 = ADVANCED_FACE('',(#803),#829,.F.);
#803 = FACE_BOUND('',#804,.F.);
#804 = EDGE_LOOP('',(#805,#816,#822,#823));
#805 = ORIENTED_EDGE('',*,*,#806,.T.);
#806 = EDGE_CURVE('',#807,#809,#811,.T.);
#807 = VERTEX_POINT('',#808);
#808 = CARTESIAN_POINT('',(45.15,49.25,65.6));
#809 = VERTEX_POINT('',#810);
#810 = CARTESIAN_POINT('',(47.65,49.25,65.6));
#811 = CIRCLE('',#812,1.25);
#812 = AXIS2_PLACEMENT_3D('',#813,#814,#815);
#813 = CARTESIAN_POINT('',(46.4,49.25,65.6));
#814 = DIRECTION('',(0.,0.,1.));
#815 = DIRECTION('',(1.,0.,-0.));
#816 = ORIENTED_EDGE('',*,*,#817,.T.);
#817 = EDGE_CURVE('',#809,#279,#818,.T.);
#818 = LINE('',#819,#820);
#819 = CARTESIAN_POINT('',(47.65,49.25,64.6));
#820 = VECTOR('',#821,1.);
#821 = DIRECTION('',(0.,0.,1.));
#822 = ORIENTED_EDGE('',*,*,#276,.F.);
#823 = ORIENTED_EDGE('',*,*,#824,.F.);
#824 = EDGE_CURVE('',#807,#277,#825,.T.);
#825 = LINE('',#826,#827);
#826 = CARTESIAN_POINT('',(45.15,49.25,64.6));
#827 = VECTOR('',#828,1.);
#828 = DIRECTION('',(0.,0.,1.));
#829 = CYLINDRICAL_SURFACE('',#830,1.25);
#830 = AXIS2_PLACEMENT_3D('',#831,#832,#833);
#831 = CARTESIAN_POINT('',(46.4,49.25,64.6));
#832 = DIRECTION('',(0.,0.,1.));
#833 = DIRECTION('',(1.,0.,-0.));
#834 = ADVANCED_FACE('',(#835),#853,.F.);
#835 = FACE_BOUND('',#836,.F.);
#836 = EDGE_LOOP('',(#837,#838,#846,#852));
#837 = ORIENTED_EDGE('',*,*,#817,.F.);
#838 = ORIENTED_EDGE('',*,*,#839,.T.);
#839 = EDGE_CURVE('',#809,#840,#842,.T.);
#840 = VERTEX_POINT('',#841);
#841 = CARTESIAN_POINT('',(47.65,64.75,65.6));
#842 = LINE('',#843,#844);
#843 = CARTESIAN_POINT('',(47.65,25.825,65.6));
#844 = VECTOR('',#845,1.);
#845 = DIRECTION('',(-0.,1.,0.));
#846 = ORIENTED_EDGE('',*,*,#847,.T.);
#847 = EDGE_CURVE('',#840,#296,#848,.T.);
#848 = LINE('',#849,#850);
#849 = CARTESIAN_POINT('',(47.65,64.75,64.6));
#850 = VECTOR('',#851,1.);
#851 = DIRECTION('',(0.,0.,1.));
#852 = ORIENTED_EDGE('',*,*,#304,.F.);
#853 = PLANE('',#854);
#854 = AXIS2_PLACEMENT_3D('',#855,#856,#857);
#855 = CARTESIAN_POINT('',(47.65,49.25,64.6));
#856 = DIRECTION('',(1.,0.,-0.));
#857 = DIRECTION('',(0.,0.,1.));
#858 = ADVANCED_FACE('',(#859),#878,.F.);
#859 = FACE_BOUND('',#860,.F.);
#860 = EDGE_LOOP('',(#861,#862,#863,#872));
#861 = ORIENTED_EDGE('',*,*,#295,.F.);
#862 = ORIENTED_EDGE('',*,*,#847,.F.);
#863 = ORIENTED_EDGE('',*,*,#864,.T.);
#864 = EDGE_CURVE('',#840,#865,#867,.T.);
#865 = VERTEX_POINT('',#866);
#866 = CARTESIAN_POINT('',(45.15,64.75,65.6));
#867 = CIRCLE('',#868,1.25);
#868 = AXIS2_PLACEMENT_3D('',#869,#870,#871);
#869 = CARTESIAN_POINT('',(46.4,64.75,65.6));
#870 = DIRECTION('',(0.,0.,1.));
#871 = DIRECTION('',(1.,0.,-0.));
#872 = ORIENTED_EDGE('',*,*,#873,.T.);
#873 = EDGE_CURVE('',#865,#288,#874,.T.);
#874 = LINE('',#875,#876);
#875 = CARTESIAN_POINT('',(45.15,64.75,64.6));
#876 = VECTOR('',#877,1.);
#877 = DIRECTION('',(0.,0.,1.));
#878 = CYLINDRICAL_SURFACE('',#879,1.25);
#879 = AXIS2_PLACEMENT_3D('',#880,#881,#882);
#880 = CARTESIAN_POINT('',(46.4,64.75,64.6));
#881 = DIRECTION('',(0.,0.,1.));
#882 = DIRECTION('',(1.,0.,-0.));
#883 = ADVANCED_FACE('',(#884),#895,.T.);
#884 = FACE_BOUND('',#885,.T.);
#885 = EDGE_LOOP('',(#886,#887,#893,#894));
#886 = ORIENTED_EDGE('',*,*,#824,.F.);
#887 = ORIENTED_EDGE('',*,*,#888,.T.);
#888 = EDGE_CURVE('',#807,#865,#889,.T.);
#889 = LINE('',#890,#891);
#890 = CARTESIAN_POINT('',(45.15,25.825,65.6));
#891 = VECTOR('',#892,1.);
#892 = DIRECTION('',(-0.,1.,0.));
#893 = ORIENTED_EDGE('',*,*,#873,.T.);
#894 = ORIENTED_EDGE('',*,*,#287,.F.);
#895 = PLANE('',#896);
#896 = AXIS2_PLACEMENT_3D('',#897,#898,#899);
#897 = CARTESIAN_POINT('',(45.15,49.25,64.6));
#898 = DIRECTION('',(1.,0.,-0.));
#899 = DIRECTION('',(0.,0.,1.));
#900 = ADVANCED_FACE('',(#901),#927,.F.);
#901 = FACE_BOUND('',#902,.F.);
#902 = EDGE_LOOP('',(#903,#914,#920,#921));
#903 = ORIENTED_EDGE('',*,*,#904,.T.);
#904 = EDGE_CURVE('',#905,#907,#909,.T.);
#905 = VERTEX_POINT('',#906);
#906 = CARTESIAN_POINT('',(50.15,49.25,65.6));
#907 = VERTEX_POINT('',#908);
#908 = CARTESIAN_POINT('',(52.65,49.25,65.6));
#909 = CIRCLE('',#910,1.25);
#910 = AXIS2_PLACEMENT_3D('',#911,#912,#913);
#911 = CARTESIAN_POINT('',(51.4,49.25,65.6));
#912 = DIRECTION('',(0.,0.,1.));
#913 = DIRECTION('',(1.,0.,-0.));
#914 = ORIENTED_EDGE('',*,*,#915,.T.);
#915 = EDGE_CURVE('',#907,#315,#916,.T.);
#916 = LINE('',#917,#918);
#917 = CARTESIAN_POINT('',(52.65,49.25,64.6));
#918 = VECTOR('',#919,1.);
#919 = DIRECTION('',(0.,0.,1.));
#920 = ORIENTED_EDGE('',*,*,#312,.F.);
#921 = ORIENTED_EDGE('',*,*,#922,.F.);
#922 = EDGE_CURVE('',#905,#313,#923,.T.);
#923 = LINE('',#924,#925);
#924 = CARTESIAN_POINT('',(50.15,49.25,64.6));
#925 = VECTOR('',#926,1.);
#926 = DIRECTION('',(0.,0.,1.));
#927 = CYLINDRICAL_SURFACE('',#928,1.25);
#928 = AXIS2_PLACEMENT_3D('',#929,#930,#931);
#929 = CARTESIAN_POINT('',(51.4,49.25,64.6));
#930 = DIRECTION('',(0.,0.,1.));
#931 = DIRECTION('',(1.,0.,-0.));
#932 = ADVANCED_FACE('',(#933),#951,.F.);
#933 = FACE_BOUND('',#934,.F.);
#934 = EDGE_LOOP('',(#935,#936,#944,#950));
#935 = ORIENTED_EDGE('',*,*,#915,.F.);
#936 = ORIENTED_EDGE('',*,*,#937,.T.);
#937 = EDGE_CURVE('',#907,#938,#940,.T.);
#938 = VERTEX_POINT('',#939);
#939 = CARTESIAN_POINT('',(52.65,64.75,65.6));
#940 = LINE('',#941,#942);
#941 = CARTESIAN_POINT('',(52.65,25.825,65.6));
#942 = VECTOR('',#943,1.);
#943 = DIRECTION('',(-0.,1.,0.));
#944 = ORIENTED_EDGE('',*,*,#945,.T.);
#945 = EDGE_CURVE('',#938,#332,#946,.T.);
#946 = LINE('',#947,#948);
#947 = CARTESIAN_POINT('',(52.65,64.75,64.6));
#948 = VECTOR('',#949,1.);
#949 = DIRECTION('',(0.,0.,1.));
#950 = ORIENTED_EDGE('',*,*,#340,.F.);
#951 = PLANE('',#952);
#952 = AXIS2_PLACEMENT_3D('',#953,#954,#955);
#953 = CARTESIAN_POINT('',(52.65,49.25,64.6));
#954 = DIRECTION('',(1.,0.,-0.));
#955 = DIRECTION('',(0.,0.,1.));
#956 = ADVANCED_FACE('',(#957),#976,.F.);
#957 = FACE_BOUND('',#958,.F.);
#958 = EDGE_LOOP('',(#959,#960,#961,#970));
#959 = ORIENTED_EDGE('',*,*,#331,.F.);
#960 = ORIENTED_EDGE('',*,*,#945,.F.);
#961 = ORIENTED_EDGE('',*,*,#962,.T.);
#962 = EDGE_CURVE('',#938,#963,#965,.T.);
#963 = VERTEX_POINT('',#964);
#964 = CARTESIAN_POINT('',(50.15,64.75,65.6));
#965 = CIRCLE('',#966,1.25);
#966 = AXIS2_PLACEMENT_3D('',#967,#968,#969);
#967 = CARTESIAN_POINT('',(51.4,64.75,65.6));
#968 = DIRECTION('',(0.,0.,1.));
#969 = DIRECTION('',(1.,0.,-0.));
#970 = ORIENTED_EDGE('',*,*,#971,.T.);
#971 = EDGE_CURVE('',#963,#324,#972,.T.);
#972 = LINE('',#973,#974);
#973 = CARTESIAN_POINT('',(50.15,64.75,64.6));
#974 = VECTOR('',#975,1.);
#975 = DIRECTION('',(0.,0.,1.));
#976 = CYLINDRICAL_SURFACE('',#977,1.25);
#977 = AXIS2_PLACEMENT_3D('',#978,#979,#980);
#978 = CARTESIAN_POINT('',(51.4,64.75,64.6));
#979 = DIRECTION('',(0.,0.,1.));
#980 = DIRECTION('',(1.,0.,-0.));
#981 = ADVANCED_FACE('',(#982),#993,.T.);
#982 = FACE_BOUND('',#983,.T.);
#983 = EDGE_LOOP('',(#984,#985,#991,#992));
#984 = ORIENTED_EDGE('',*,*,#922,.F.);
#985 = ORIENTED_EDGE('',*,*,#986,.T.);
#986 = EDGE_CURVE('',#905,#963,#987,.T.);
#987 = LINE('',#988,#989);
#988 = CARTESIAN_POINT('',(50.15,25.825,65.6));
#989 = VECTOR('',#990,1.);
#990 = DIRECTION('',(-0.,1.,0.));
#991 = ORIENTED_EDGE('',*,*,#971,.T.);
#992 = ORIENTED_EDGE('',*,*,#323,.F.);
#993 = PLANE('',#994);
#994 = AXIS2_PLACEMENT_3D('',#995,#996,#997);
#995 = CARTESIAN_POINT('',(50.15,49.25,64.6));
#996 = DIRECTION('',(1.,0.,-0.));
#997 = DIRECTION('',(0.,0.,1.));
#998 = ADVANCED_FACE('',(#999),#1025,.F.);
#999 = FACE_BOUND('',#1000,.F.);
#1000 = EDGE_LOOP('',(#1001,#1012,#1018,#1019));
#1001 = ORIENTED_EDGE('',*,*,#1002,.T.);
#1002 = EDGE_CURVE('',#1003,#1005,#1007,.T.);
#1003 = VERTEX_POINT('',#1004);
#1004 = CARTESIAN_POINT('',(55.15,49.25,65.6));
#1005 = VERTEX_POINT('',#1006);
#1006 = CARTESIAN_POINT('',(57.65,49.25,65.6));
#1007 = CIRCLE('',#1008,1.25);
#1008 = AXIS2_PLACEMENT_3D('',#1009,#1010,#1011);
#1009 = CARTESIAN_POINT('',(56.4,49.25,65.6));
#1010 = DIRECTION('',(0.,0.,1.));
#1011 = DIRECTION('',(1.,0.,-0.));
#1012 = ORIENTED_EDGE('',*,*,#1013,.T.);
#1013 = EDGE_CURVE('',#1005,#351,#1014,.T.);
#1014 = LINE('',#1015,#1016);
#1015 = CARTESIAN_POINT('',(57.65,49.25,64.6));
#1016 = VECTOR('',#1017,1.);
#1017 = DIRECTION('',(0.,0.,1.));
#1018 = ORIENTED_EDGE('',*,*,#348,.F.);
#1019 = ORIENTED_EDGE('',*,*,#1020,.F.);
#1020 = EDGE_CURVE('',#1003,#349,#1021,.T.);
#1021 = LINE('',#1022,#1023);
#1022 = CARTESIAN_POINT('',(55.15,49.25,64.6));
#1023 = VECTOR('',#1024,1.);
#1024 = DIRECTION('',(0.,0.,1.));
#1025 = CYLINDRICAL_SURFACE('',#1026,1.25);
#1026 = AXIS2_PLACEMENT_3D('',#1027,#1028,#1029);
#1027 = CARTESIAN_POINT('',(56.4,49.25,64.6));
#1028 = DIRECTION('',(0.,0.,1.));
#1029 = DIRECTION('',(1.,0.,-0.));
#1030 = ADVANCED_FACE('',(#1031),#1049,.F.);
#1031 = FACE_BOUND('',#1032,.F.);
#1032 = EDGE_LOOP('',(#1033,#1034,#1042,#1048));
#1033 = ORIENTED_EDGE('',*,*,#1013,.F.);
#1034 = ORIENTED_EDGE('',*,*,#1035,.T.);
#1035 = EDGE_CURVE('',#1005,#1036,#1038,.T.);
#1036 = VERTEX_POINT('',#1037);
#1037 = CARTESIAN_POINT('',(57.65,64.75,65.6));
#1038 = LINE('',#1039,#1040);
#1039 = CARTESIAN_POINT('',(57.65,25.825,65.6));
#1040 = VECTOR('',#1041,1.);
#1041 = DIRECTION('',(-0.,1.,0.));
#1042 = ORIENTED_EDGE('',*,*,#1043,.T.);
#1043 = EDGE_CURVE('',#1036,#368,#1044,.T.);
#1044 = LINE('',#1045,#1046);
#1045 = CARTESIAN_POINT('',(57.65,64.75,64.6));
#1046 = VECTOR('',#1047,1.);
#1047 = DIRECTION('',(0.,0.,1.));
#1048 = ORIENTED_EDGE('',*,*,#376,.F.);
#1049 = PLANE('',#1050);
#1050 = AXIS2_PLACEMENT_3D('',#1051,#1052,#1053);
#1051 = CARTESIAN_POINT('',(57.65,49.25,64.6));
#1052 = DIRECTION('',(1.,0.,-0.));
#1053 = DIRECTION('',(0.,0.,1.));
#1054 = ADVANCED_FACE('',(#1055),#1074,.F.);
#1055 = FACE_BOUND('',#1056,.F.);
#1056 = EDGE_LOOP('',(#1057,#1058,#1059,#1068));
#1057 = ORIENTED_EDGE('',*,*,#367,.F.);
#1058 = ORIENTED_EDGE('',*,*,#1043,.F.);
#1059 = ORIENTED_EDGE('',*,*,#1060,.T.);
#1060 = EDGE_CURVE('',#1036,#1061,#1063,.T.);
#1061 = VERTEX_POINT('',#1062);
#1062 = CARTESIAN_POINT('',(55.15,64.75,65.6));
#1063 = CIRCLE('',#1064,1.25);
#1064 = AXIS2_PLACEMENT_3D('',#1065,#1066,#1067);
#1065 = CARTESIAN_POINT('',(56.4,64.75,65.6));
#1066 = DIRECTION('',(0.,0.,1.));
#1067 = DIRECTION('',(1.,0.,-0.));
#1068 = ORIENTED_EDGE('',*,*,#1069,.T.);
#1069 = EDGE_CURVE('',#1061,#360,#1070,.T.);
#1070 = LINE('',#1071,#1072);
#1071 = CARTESIAN_POINT('',(55.15,64.75,64.6));
#1072 = VECTOR('',#1073,1.);
#1073 = DIRECTION('',(0.,0.,1.));
#1074 = CYLINDRICAL_SURFACE('',#1075,1.25);
#1075 = AXIS2_PLACEMENT_3D('',#1076,#1077,#1078);
#1076 = CARTESIAN_POINT('',(56.4,64.75,64.6));
#1077 = DIRECTION('',(0.,0.,1.));
#1078 = DIRECTION('',(1.,0.,-0.));
#1079 = ADVANCED_FACE('',(#1080),#1091,.T.);
#1080 = FACE_BOUND('',#1081,.T.);
#1081 = EDGE_LOOP('',(#1082,#1083,#1089,#1090));
#1082 = ORIENTED_EDGE('',*,*,#1020,.F.);
#1083 = ORIENTED_EDGE('',*,*,#1084,.T.);
#1084 = EDGE_CURVE('',#1003,#1061,#1085,.T.);
#1085 = LINE('',#1086,#1087);
#1086 = CARTESIAN_POINT('',(55.15,25.825,65.6));
#1087 = VECTOR('',#1088,1.);
#1088 = DIRECTION('',(-0.,1.,0.));
#1089 = ORIENTED_EDGE('',*,*,#1069,.T.);
#1090 = ORIENTED_EDGE('',*,*,#359,.F.);
#1091 = PLANE('',#1092);
#1092 = AXIS2_PLACEMENT_3D('',#1093,#1094,#1095);
#1093 = CARTESIAN_POINT('',(55.15,49.25,64.6));
#1094 = DIRECTION('',(1.,0.,-0.));
#1095 = DIRECTION('',(0.,0.,1.));
#1096 = ADVANCED_FACE('',(#1097),#1123,.F.);
#1097 = FACE_BOUND('',#1098,.F.);
#1098 = EDGE_LOOP('',(#1099,#1110,#1116,#1117));
#1099 = ORIENTED_EDGE('',*,*,#1100,.T.);
#1100 = EDGE_CURVE('',#1101,#1103,#1105,.T.);
#1101 = VERTEX_POINT('',#1102);
#1102 = CARTESIAN_POINT('',(60.15,49.25,65.6));
#1103 = VERTEX_POINT('',#1104);
#1104 = CARTESIAN_POINT('',(62.65,49.25,65.6));
#1105 = CIRCLE('',#1106,1.25);
#1106 = AXIS2_PLACEMENT_3D('',#1107,#1108,#1109);
#1107 = CARTESIAN_POINT('',(61.4,49.25,65.6));
#1108 = DIRECTION('',(0.,0.,1.));
#1109 = DIRECTION('',(1.,0.,-0.));
#1110 = ORIENTED_EDGE('',*,*,#1111,.T.);
#1111 = EDGE_CURVE('',#1103,#387,#1112,.T.);
#1112 = LINE('',#1113,#1114);
#1113 = CARTESIAN_POINT('',(62.65,49.25,64.6));
#1114 = VECTOR('',#1115,1.);
#1115 = DIRECTION('',(0.,0.,1.));
#1116 = ORIENTED_EDGE('',*,*,#384,.F.);
#1117 = ORIENTED_EDGE('',*,*,#1118,.F.);
#1118 = EDGE_CURVE('',#1101,#385,#1119,.T.);
#1119 = LINE('',#1120,#1121);
#1120 = CARTESIAN_POINT('',(60.15,49.25,64.6));
#1121 = VECTOR('',#1122,1.);
#1122 = DIRECTION('',(0.,0.,1.));
#1123 = CYLINDRICAL_SURFACE('',#1124,1.25);
#1124 = AXIS2_PLACEMENT_3D('',#1125,#1126,#1127);
#1125 = CARTESIAN_POINT('',(61.4,49.25,64.6));
#1126 = DIRECTION('',(0.,0.,1.));
#1127 = DIRECTION('',(1.,0.,-0.));
#1128 = ADVANCED_FACE('',(#1129),#1147,.F.);
#1129 = FACE_BOUND('',#1130,.F.);
#1130 = EDGE_LOOP('',(#1131,#1132,#1140,#1146));
#1131 = ORIENTED_EDGE('',*,*,#1111,.F.);
#1132 = ORIENTED_EDGE('',*,*,#1133,.T.);
#1133 = EDGE_CURVE('',#1103,#1134,#1136,.T.);
#1134 = VERTEX_POINT('',#1135);
#1135 = CARTESIAN_POINT('',(62.65,64.75,65.6));
#1136 = LINE('',#1137,#1138);
#1137 = CARTESIAN_POINT('',(62.65,25.825,65.6));
#1138 = VECTOR('',#1139,1.);
#1139 = DIRECTION('',(-0.,1.,0.));
#1140 = ORIENTED_EDGE('',*,*,#1141,.T.);
#1141 = EDGE_CURVE('',#1134,#404,#1142,.T.);
#1142 = LINE('',#1143,#1144);
#1143 = CARTESIAN_POINT('',(62.65,64.75,64.6));
#1144 = VECTOR('',#1145,1.);
#1145 = DIRECTION('',(0.,0.,1.));
#1146 = ORIENTED_EDGE('',*,*,#412,.F.);
#1147 = PLANE('',#1148);
#1148 = AXIS2_PLACEMENT_3D('',#1149,#1150,#1151);
#1149 = CARTESIAN_POINT('',(62.65,49.25,64.6));
#1150 = DIRECTION('',(1.,0.,-0.));
#1151 = DIRECTION('',(0.,0.,1.));
#1152 = ADVANCED_FACE('',(#1153),#1172,.F.);
#1153 = FACE_BOUND('',#1154,.F.);
#1154 = EDGE_LOOP('',(#1155,#1156,#1157,#1166));
#1155 = ORIENTED_EDGE('',*,*,#403,.F.);
#1156 = ORIENTED_EDGE('',*,*,#1141,.F.);
#1157 = ORIENTED_EDGE('',*,*,#1158,.T.);
#1158 = EDGE_CURVE('',#1134,#1159,#1161,.T.);
#1159 = VERTEX_POINT('',#1160);
#1160 = CARTESIAN_POINT('',(60.15,64.75,65.6));
#1161 = CIRCLE('',#1162,1.25);
#1162 = AXIS2_PLACEMENT_3D('',#1163,#1164,#1165);
#1163 = CARTESIAN_POINT('',(61.4,64.75,65.6));
#1164 = DIRECTION('',(0.,0.,1.));
#1165 = DIRECTION('',(1.,0.,-0.));
#1166 = ORIENTED_EDGE('',*,*,#1167,.T.);
#1167 = EDGE_CURVE('',#1159,#396,#1168,.T.);
#1168 = LINE('',#1169,#1170);
#1169 = CARTESIAN_POINT('',(60.15,64.75,64.6));
#1170 = VECTOR('',#1171,1.);
#1171 = DIRECTION('',(0.,0.,1.));
#1172 = CYLINDRICAL_SURFACE('',#1173,1.25);
#1173 = AXIS2_PLACEMENT_3D('',#1174,#1175,#1176);
#1174 = CARTESIAN_POINT('',(61.4,64.75,64.6));
#1175 = DIRECTION('',(0.,0.,1.));
#1176 = DIRECTION('',(1.,0.,-0.));
#1177 = ADVANCED_FACE('',(#1178),#1189,.T.);
#1178 = FACE_BOUND('',#1179,.T.);
#1179 = EDGE_LOOP('',(#1180,#1181,#1187,#1188));
#1180 = ORIENTED_EDGE('',*,*,#1118,.F.);
#1181 = ORIENTED_EDGE('',*,*,#1182,.T.);
#1182 = EDGE_CURVE('',#1101,#1159,#1183,.T.);
#1183 = LINE('',#1184,#1185);
#1184 = CARTESIAN_POINT('',(60.15,25.825,65.6));
#1185 = VECTOR('',#1186,1.);
#1186 = DIRECTION('',(-0.,1.,0.));
#1187 = ORIENTED_EDGE('',*,*,#1167,.T.);
#1188 = ORIENTED_EDGE('',*,*,#395,.F.);
#1189 = PLANE('',#1190);
#1190 = AXIS2_PLACEMENT_3D('',#1191,#1192,#1193);
#1191 = CARTESIAN_POINT('',(60.15,49.25,64.6));
#1192 = DIRECTION('',(1.,0.,-0.));
#1193 = DIRECTION('',(0.,0.,1.));
#1194 = ADVANCED_FACE('',(#1195),#1221,.F.);
#1195 = FACE_BOUND('',#1196,.F.);
#1196 = EDGE_LOOP('',(#1197,#1208,#1214,#1215));
#1197 = ORIENTED_EDGE('',*,*,#1198,.T.);
#1198 = EDGE_CURVE('',#1199,#1201,#1203,.T.);
#1199 = VERTEX_POINT('',#1200);
#1200 = CARTESIAN_POINT('',(65.15,49.25,65.6));
#1201 = VERTEX_POINT('',#1202);
#1202 = CARTESIAN_POINT('',(67.65,49.25,65.6));
#1203 = CIRCLE('',#1204,1.25);
#1204 = AXIS2_PLACEMENT_3D('',#1205,#1206,#1207);
#1205 = CARTESIAN_POINT('',(66.4,49.25,65.6));
#1206 = DIRECTION('',(0.,0.,1.));
#1207 = DIRECTION('',(1.,0.,-0.));
#1208 = ORIENTED_EDGE('',*,*,#1209,.T.);
#1209 = EDGE_CURVE('',#1201,#423,#1210,.T.);
#1210 = LINE('',#1211,#1212);
#1211 = CARTESIAN_POINT('',(67.65,49.25,64.6));
#1212 = VECTOR('',#1213,1.);
#1213 = DIRECTION('',(0.,0.,1.));
#1214 = ORIENTED_EDGE('',*,*,#420,.F.);
#1215 = ORIENTED_EDGE('',*,*,#1216,.F.);
#1216 = EDGE_CURVE('',#1199,#421,#1217,.T.);
#1217 = LINE('',#1218,#1219);
#1218 = CARTESIAN_POINT('',(65.15,49.25,64.6));
#1219 = VECTOR('',#1220,1.);
#1220 = DIRECTION('',(0.,0.,1.));
#1221 = CYLINDRICAL_SURFACE('',#1222,1.25);
#1222 = AXIS2_PLACEMENT_3D('',#1223,#1224,#1225);
#1223 = CARTESIAN_POINT('',(66.4,49.25,64.6));
#1224 = DIRECTION('',(0.,0.,1.));
#1225 = DIRECTION('',(1.,0.,-0.));
#1226 = ADVANCED_FACE('',(#1227),#1245,.F.);
#1227 = FACE_BOUND('',#1228,.F.);
#1228 = EDGE_LOOP('',(#1229,#1230,#1238,#1244));
#1229 = ORIENTED_EDGE('',*,*,#1209,.F.);
#1230 = ORIENTED_EDGE('',*,*,#1231,.T.);
#1231 = EDGE_CURVE('',#1201,#1232,#1234,.T.);
#1232 = VERTEX_POINT('',#1233);
#1233 = CARTESIAN_POINT('',(67.65,64.75,65.6));
#1234 = LINE('',#1235,#1236);
#1235 = CARTESIAN_POINT('',(67.65,25.825,65.6));
#1236 = VECTOR('',#1237,1.);
#1237 = DIRECTION('',(-0.,1.,0.));
#1238 = ORIENTED_EDGE('',*,*,#1239,.T.);
#1239 = EDGE_CURVE('',#1232,#440,#1240,.T.);
#1240 = LINE('',#1241,#1242);
#1241 = CARTESIAN_POINT('',(67.65,64.75,64.6));
#1242 = VECTOR('',#1243,1.);
#1243 = DIRECTION('',(0.,0.,1.));
#1244 = ORIENTED_EDGE('',*,*,#448,.F.);
#1245 = PLANE('',#1246);
#1246 = AXIS2_PLACEMENT_3D('',#1247,#1248,#1249);
#1247 = CARTESIAN_POINT('',(67.65,49.25,64.6));
#1248 = DIRECTION('',(1.,0.,-0.));
#1249 = DIRECTION('',(0.,0.,1.));
#1250 = ADVANCED_FACE('',(#1251),#1270,.F.);
#1251 = FACE_BOUND('',#1252,.F.);
#1252 = EDGE_LOOP('',(#1253,#1254,#1255,#1264));
#1253 = ORIENTED_EDGE('',*,*,#439,.F.);
#1254 = ORIENTED_EDGE('',*,*,#1239,.F.);
#1255 = ORIENTED_EDGE('',*,*,#1256,.T.);
#1256 = EDGE_CURVE('',#1232,#1257,#1259,.T.);
#1257 = VERTEX_POINT('',#1258);
#1258 = CARTESIAN_POINT('',(65.15,64.75,65.6));
#1259 = CIRCLE('',#1260,1.25);
#1260 = AXIS2_PLACEMENT_3D('',#1261,#1262,#1263);
#1261 = CARTESIAN_POINT('',(66.4,64.75,65.6));
#1262 = DIRECTION('',(0.,0.,1.));
#1263 = DIRECTION('',(1.,0.,-0.));
#1264 = ORIENTED_EDGE('',*,*,#1265,.T.);
#1265 = EDGE_CURVE('',#1257,#432,#1266,.T.);
#1266 = LINE('',#1267,#1268);
#1267 = CARTESIAN_POINT('',(65.15,64.75,64.6));
#1268 = VECTOR('',#1269,1.);
#1269 = DIRECTION('',(0.,0.,1.));
#1270 = CYLINDRICAL_SURFACE('',#1271,1.25);
#1271 = AXIS2_PLACEMENT_3D('',#1272,#1273,#1274);
#1272 = CARTESIAN_POINT('',(66.4,64.75,64.6));
#1273 = DIRECTION('',(0.,0.,1.));
#1274 = DIRECTION('',(1.,0.,-0.));
#1275 = ADVANCED_FACE('',(#1276),#1287,.T.);
#1276 = FACE_BOUND('',#1277,.T.);
#1277 = EDGE_LOOP('',(#1278,#1279,#1285,#1286));
#1278 = ORIENTED_EDGE('',*,*,#1216,.F.);
#1279 = ORIENTED_EDGE('',*,*,#1280,.T.);
#1280 = EDGE_CURVE('',#1199,#1257,#1281,.T.);
#1281 = LINE('',#1282,#1283);
#1282 = CARTESIAN_POINT('',(65.15,25.825,65.6));
#1283 = VECTOR('',#1284,1.);
#1284 = DIRECTION('',(-0.,1.,0.));
#1285 = ORIENTED_EDGE('',*,*,#1265,.T.);
#1286 = ORIENTED_EDGE('',*,*,#431,.F.);
#1287 = PLANE('',#1288);
#1288 = AXIS2_PLACEMENT_3D('',#1289,#1290,#1291);
#1289 = CARTESIAN_POINT('',(65.15,49.25,64.6));
#1290 = DIRECTION('',(1.,0.,-0.));
#1291 = DIRECTION('',(0.,0.,1.));
#1292 = ADVANCED_FACE('',(#1293),#1319,.F.);
#1293 = FACE_BOUND('',#1294,.F.);
#1294 = EDGE_LOOP('',(#1295,#1306,#1312,#1313));
#1295 = ORIENTED_EDGE('',*,*,#1296,.T.);
#1296 = EDGE_CURVE('',#1297,#1299,#1301,.T.);
#1297 = VERTEX_POINT('',#1298);
#1298 = CARTESIAN_POINT('',(70.15,49.25,65.6));
#1299 = VERTEX_POINT('',#1300);
#1300 = CARTESIAN_POINT('',(72.65,49.25,65.6));
#1301 = CIRCLE('',#1302,1.25);
#1302 = AXIS2_PLACEMENT_3D('',#1303,#1304,#1305);
#1303 = CARTESIAN_POINT('',(71.4,49.25,65.6));
#1304 = DIRECTION('',(0.,0.,1.));
#1305 = DIRECTION('',(1.,0.,-0.));
#1306 = ORIENTED_EDGE('',*,*,#1307,.T.);
#1307 = EDGE_CURVE('',#1299,#459,#1308,.T.);
#1308 = LINE('',#1309,#1310);
#1309 = CARTESIAN_POINT('',(72.65,49.25,64.6));
#1310 = VECTOR('',#1311,1.);
#1311 = DIRECTION('',(0.,0.,1.));
#1312 = ORIENTED_EDGE('',*,*,#456,.F.);
#1313 = ORIENTED_EDGE('',*,*,#1314,.F.);
#1314 = EDGE_CURVE('',#1297,#457,#1315,.T.);
#1315 = LINE('',#1316,#1317);
#1316 = CARTESIAN_POINT('',(70.15,49.25,64.6));
#1317 = VECTOR('',#1318,1.);
#1318 = DIRECTION('',(0.,0.,1.));
#1319 = CYLINDRICAL_SURFACE('',#1320,1.25);
#1320 = AXIS2_PLACEMENT_3D('',#1321,#1322,#1323);
#1321 = CARTESIAN_POINT('',(71.4,49.25,64.6));
#1322 = DIRECTION('',(0.,0.,1.));
#1323 = DIRECTION('',(1.,0.,-0.));
#1324 = ADVANCED_FACE('',(#1325),#1343,.F.);
#1325 = FACE_BOUND('',#1326,.F.);
#1326 = EDGE_LOOP('',(#1327,#1328,#1336,#1342));
#1327 = ORIENTED_EDGE('',*,*,#1307,.F.);
#1328 = ORIENTED_EDGE('',*,*,#1329,.T.);
#1329 = EDGE_CURVE('',#1299,#1330,#1332,.T.);
#1330 = VERTEX_POINT('',#1331);
#1331 = CARTESIAN_POINT('',(72.65,64.75,65.6));
#1332 = LINE('',#1333,#1334);
#1333 = CARTESIAN_POINT('',(72.65,25.825,65.6));
#1334 = VECTOR('',#1335,1.);
#1335 = DIRECTION('',(-0.,1.,0.));
#1336 = ORIENTED_EDGE('',*,*,#1337,.T.);
#1337 = EDGE_CURVE('',#1330,#476,#1338,.T.);
#1338 = LINE('',#1339,#1340);
#1339 = CARTESIAN_POINT('',(72.65,64.75,64.6));
#1340 = VECTOR('',#1341,1.);
#1341 = DIRECTION('',(0.,0.,1.));
#1342 = ORIENTED_EDGE('',*,*,#484,.F.);
#1343 = PLANE('',#1344);
#1344 = AXIS2_PLACEMENT_3D('',#1345,#1346,#1347);
#1345 = CARTESIAN_POINT('',(72.65,49.25,64.6));
#1346 = DIRECTION('',(1.,0.,-0.));
#1347 = DIRECTION('',(0.,0.,1.));
#1348 = ADVANCED_FACE('',(#1349),#1368,.F.);
#1349 = FACE_BOUND('',#1350,.F.);
#1350 = EDGE_LOOP('',(#1351,#1352,#1353,#1362));
#1351 = ORIENTED_EDGE('',*,*,#475,.F.);
#1352 = ORIENTED_EDGE('',*,*,#1337,.F.);
#1353 = ORIENTED_EDGE('',*,*,#1354,.T.);
#1354 = EDGE_CURVE('',#1330,#1355,#1357,.T.);
#1355 = VERTEX_POINT('',#1356);
#1356 = CARTESIAN_POINT('',(70.15,64.75,65.6));
#1357 = CIRCLE('',#1358,1.25);
#1358 = AXIS2_PLACEMENT_3D('',#1359,#1360,#1361);
#1359 = CARTESIAN_POINT('',(71.4,64.75,65.6));
#1360 = DIRECTION('',(0.,0.,1.));
#1361 = DIRECTION('',(1.,0.,-0.));
#1362 = ORIENTED_EDGE('',*,*,#1363,.T.);
#1363 = EDGE_CURVE('',#1355,#468,#1364,.T.);
#1364 = LINE('',#1365,#1366);
#1365 = CARTESIAN_POINT('',(70.15,64.75,64.6));
#1366 = VECTOR('',#1367,1.);
#1367 = DIRECTION('',(0.,0.,1.));
#1368 = CYLINDRICAL_SURFACE('',#1369,1.25);
#1369 = AXIS2_PLACEMENT_3D('',#1370,#1371,#1372);
#1370 = CARTESIAN_POINT('',(71.4,64.75,64.6));
#1371 = DIRECTION('',(0.,0.,1.));
#1372 = DIRECTION('',(1.,0.,-0.));
#1373 = ADVANCED_FACE('',(#1374),#1385,.T.);
#1374 = FACE_BOUND('',#1375,.T.);
#1375 = EDGE_LOOP('',(#1376,#1377,#1383,#1384));
#1376 = ORIENTED_EDGE('',*,*,#1314,.F.);
#1377 = ORIENTED_EDGE('',*,*,#1378,.T.);
#1378 = EDGE_CURVE('',#1297,#1355,#1379,.T.);
#1379 = LINE('',#1380,#1381);
#1380 = CARTESIAN_POINT('',(70.15,25.825,65.6));
#1381 = VECTOR('',#1382,1.);
#1382 = DIRECTION('',(-0.,1.,0.));
#1383 = ORIENTED_EDGE('',*,*,#1363,.T.);
#1384 = ORIENTED_EDGE('',*,*,#467,.F.);
#1385 = PLANE('',#1386);
#1386 = AXIS2_PLACEMENT_3D('',#1387,#1388,#1389);
#1387 = CARTESIAN_POINT('',(70.15,49.25,64.6));
#1388 = DIRECTION('',(1.,0.,-0.));
#1389 = DIRECTION('',(0.,0.,1.));
#1390 = ADVANCED_FACE('',(#1391),#1417,.F.);
#1391 = FACE_BOUND('',#1392,.F.);
#1392 = EDGE_LOOP('',(#1393,#1404,#1410,#1411));
#1393 = ORIENTED_EDGE('',*,*,#1394,.T.);
#1394 = EDGE_CURVE('',#1395,#1397,#1399,.T.);
#1395 = VERTEX_POINT('',#1396);
#1396 = CARTESIAN_POINT('',(75.15,49.25,65.6));
#1397 = VERTEX_POINT('',#1398);
#1398 = CARTESIAN_POINT('',(77.65,49.25,65.6));
#1399 = CIRCLE('',#1400,1.25);
#1400 = AXIS2_PLACEMENT_3D('',#1401,#1402,#1403);
#1401 = CARTESIAN_POINT('',(76.4,49.25,65.6));
#1402 = DIRECTION('',(0.,0.,1.));
#1403 = DIRECTION('',(1.,0.,-0.));
#1404 = ORIENTED_EDGE('',*,*,#1405,.T.);
#1405 = EDGE_CURVE('',#1397,#495,#1406,.T.);
#1406 = LINE('',#1407,#1408);
#1407 = CARTESIAN_POINT('',(77.65,49.25,64.6));
#1408 = VECTOR('',#1409,1.);
#1409 = DIRECTION('',(0.,0.,1.));
#1410 = ORIENTED_EDGE('',*,*,#492,.F.);
#1411 = ORIENTED_EDGE('',*,*,#1412,.F.);
#1412 = EDGE_CURVE('',#1395,#493,#1413,.T.);
#1413 = LINE('',#1414,#1415);
#1414 = CARTESIAN_POINT('',(75.15,49.25,64.6));
#1415 = VECTOR('',#1416,1.);
#1416 = DIRECTION('',(0.,0.,1.));
#1417 = CYLINDRICAL_SURFACE('',#1418,1.25);
#1418 = AXIS2_PLACEMENT_3D('',#1419,#1420,#1421);
#1419 = CARTESIAN_POINT('',(76.4,49.25,64.6));
#1420 = DIRECTION('',(0.,0.,1.));
#1421 = DIRECTION('',(1.,0.,-0.));
#1422 = ADVANCED_FACE('',(#1423),#1441,.F.);
#1423 = FACE_BOUND('',#1424,.F.);
#1424 = EDGE_LOOP('',(#1425,#1426,#1434,#1440));
#1425 = ORIENTED_EDGE('',*,*,#1405,.F.);
#1426 = ORIENTED_EDGE('',*,*,#1427,.T.);
#1427 = EDGE_CURVE('',#1397,#1428,#1430,.T.);
#1428 = VERTEX_POINT('',#1429);
#1429 = CARTESIAN_POINT('',(77.65,64.75,65.6));
#1430 = LINE('',#1431,#1432);
#1431 = CARTESIAN_POINT('',(77.65,25.825,65.6));
#1432 = VECTOR('',#1433,1.);
#1433 = DIRECTION('',(-0.,1.,0.));
#1434 = ORIENTED_EDGE('',*,*,#1435,.T.);
#1435 = EDGE_CURVE('',#1428,#512,#1436,.T.);
#1436 = LINE('',#1437,#1438);
#1437 = CARTESIAN_POINT('',(77.65,64.75,64.6));
#1438 = VECTOR('',#1439,1.);
#1439 = DIRECTION('',(0.,0.,1.));
#1440 = ORIENTED_EDGE('',*,*,#520,.F.);
#1441 = PLANE('',#1442);
#1442 = AXIS2_PLACEMENT_3D('',#1443,#1444,#1445);
#1443 = CARTESIAN_POINT('',(77.65,49.25,64.6));
#1444 = DIRECTION('',(1.,0.,-0.));
#1445 = DIRECTION('',(0.,0.,1.));
#1446 = ADVANCED_FACE('',(#1447),#1466,.F.);
#1447 = FACE_BOUND('',#1448,.F.);
#1448 = EDGE_LOOP('',(#1449,#1450,#1451,#1460));
#1449 = ORIENTED_EDGE('',*,*,#511,.F.);
#1450 = ORIENTED_EDGE('',*,*,#1435,.F.);
#1451 = ORIENTED_EDGE('',*,*,#1452,.T.);
#1452 = EDGE_CURVE('',#1428,#1453,#1455,.T.);
#1453 = VERTEX_POINT('',#1454);
#1454 = CARTESIAN_POINT('',(75.15,64.75,65.6));
#1455 = CIRCLE('',#1456,1.25);
#1456 = AXIS2_PLACEMENT_3D('',#1457,#1458,#1459);
#1457 = CARTESIAN_POINT('',(76.4,64.75,65.6));
#1458 = DIRECTION('',(0.,0.,1.));
#1459 = DIRECTION('',(1.,0.,-0.));
#1460 = ORIENTED_EDGE('',*,*,#1461,.T.);
#1461 = EDGE_CURVE('',#1453,#504,#1462,.T.);
#1462 = LINE('',#1463,#1464);
#1463 = CARTESIAN_POINT('',(75.15,64.75,64.6));
#1464 = VECTOR('',#1465,1.);
#1465 = DIRECTION('',(0.,0.,1.));
#1466 = CYLINDRICAL_SURFACE('',#1467,1.25);
#1467 = AXIS2_PLACEMENT_3D('',#1468,#1469,#1470);
#1468 = CARTESIAN_POINT('',(76.4,64.75,64.6));
#1469 = DIRECTION('',(0.,0.,1.));
#1470 = DIRECTION('',(1.,0.,-0.));
#1471 = ADVANCED_FACE('',(#1472),#1483,.T.);
#1472 = FACE_BOUND('',#1473,.T.);
#1473 = EDGE_LOOP('',(#1474,#1475,#1481,#1482));
#1474 = ORIENTED_EDGE('',*,*,#1412,.F.);
#1475 = ORIENTED_EDGE('',*,*,#1476,.T.);
#1476 = EDGE_CURVE('',#1395,#1453,#1477,.T.);
#1477 = LINE('',#1478,#1479);
#1478 = CARTESIAN_POINT('',(75.15,25.825,65.6));
#1479 = VECTOR('',#1480,1.);
#1480 = DIRECTION('',(-0.,1.,0.));
#1481 = ORIENTED_EDGE('',*,*,#1461,.T.);
#1482 = ORIENTED_EDGE('',*,*,#503,.F.);
#1483 = PLANE('',#1484);
#1484 = AXIS2_PLACEMENT_3D('',#1485,#1486,#1487);
#1485 = CARTESIAN_POINT('',(75.15,49.25,64.6));
#1486 = DIRECTION('',(1.,0.,-0.));
#1487 = DIRECTION('',(0.,0.,1.));
#1488 = ADVANCED_FACE('',(#1489),#1515,.F.);
#1489 = FACE_BOUND('',#1490,.F.);
#1490 = EDGE_LOOP('',(#1491,#1502,#1508,#1509));
#1491 = ORIENTED_EDGE('',*,*,#1492,.T.);
#1492 = EDGE_CURVE('',#1493,#1495,#1497,.T.);
#1493 = VERTEX_POINT('',#1494);
#1494 = CARTESIAN_POINT('',(80.15,49.25,65.6));
#1495 = VERTEX_POINT('',#1496);
#1496 = CARTESIAN_POINT('',(82.65,49.25,65.6));
#1497 = CIRCLE('',#1498,1.25);
#1498 = AXIS2_PLACEMENT_3D('',#1499,#1500,#1501);
#1499 = CARTESIAN_POINT('',(81.4,49.25,65.6));
#1500 = DIRECTION('',(0.,0.,1.));
#1501 = DIRECTION('',(1.,0.,-0.));
#1502 = ORIENTED_EDGE('',*,*,#1503,.T.);
#1503 = EDGE_CURVE('',#1495,#531,#1504,.T.);
#1504 = LINE('',#1505,#1506);
#1505 = CARTESIAN_POINT('',(82.65,49.25,64.6));
#1506 = VECTOR('',#1507,1.);
#1507 = DIRECTION('',(0.,0.,1.));
#1508 = ORIENTED_EDGE('',*,*,#528,.F.);
#1509 = ORIENTED_EDGE('',*,*,#1510,.F.);
#1510 = EDGE_CURVE('',#1493,#529,#1511,.T.);
#1511 = LINE('',#1512,#1513);
#1512 = CARTESIAN_POINT('',(80.15,49.25,64.6));
#1513 = VECTOR('',#1514,1.);
#1514 = DIRECTION('',(0.,0.,1.));
#1515 = CYLINDRICAL_SURFACE('',#1516,1.25);
#1516 = AXIS2_PLACEMENT_3D('',#1517,#1518,#1519);
#1517 = CARTESIAN_POINT('',(81.4,49.25,64.6));
#1518 = DIRECTION('',(0.,0.,1.));
#1519 = DIRECTION('',(1.,0.,-0.));
#1520 = ADVANCED_FACE('',(#1521),#1539,.F.);
#1521 = FACE_BOUND('',#1522,.F.);
#1522 = EDGE_LOOP('',(#1523,#1524,#1532,#1538));
#1523 = ORIENTED_EDGE('',*,*,#1503,.F.);
#1524 = ORIENTED_EDGE('',*,*,#1525,.T.);
#1525 = EDGE_CURVE('',#1495,#1526,#1528,.T.);
#1526 = VERTEX_POINT('',#1527);
#1527 = CARTESIAN_POINT('',(82.65,64.75,65.6));
#1528 = LINE('',#1529,#1530);
#1529 = CARTESIAN_POINT('',(82.65,25.825,65.6));
#1530 = VECTOR('',#1531,1.);
#1531 = DIRECTION('',(-0.,1.,0.));
#1532 = ORIENTED_EDGE('',*,*,#1533,.T.);
#1533 = EDGE_CURVE('',#1526,#548,#1534,.T.);
#1534 = LINE('',#1535,#1536);
#1535 = CARTESIAN_POINT('',(82.65,64.75,64.6));
#1536 = VECTOR('',#1537,1.);
#1537 = DIRECTION('',(0.,0.,1.));
#1538 = ORIENTED_EDGE('',*,*,#556,.F.);
#1539 = PLANE('',#1540);
#1540 = AXIS2_PLACEMENT_3D('',#1541,#1542,#1543);
#1541 = CARTESIAN_POINT('',(82.65,49.25,64.6));
#1542 = DIRECTION('',(1.,0.,-0.));
#1543 = DIRECTION('',(0.,0.,1.));
#1544 = ADVANCED_FACE('',(#1545),#1564,.F.);
#1545 = FACE_BOUND('',#1546,.F.);
#1546 = EDGE_LOOP('',(#1547,#1548,#1549,#1558));
#1547 = ORIENTED_EDGE('',*,*,#547,.F.);
#1548 = ORIENTED_EDGE('',*,*,#1533,.F.);
#1549 = ORIENTED_EDGE('',*,*,#1550,.T.);
#1550 = EDGE_CURVE('',#1526,#1551,#1553,.T.);
#1551 = VERTEX_POINT('',#1552);
#1552 = CARTESIAN_POINT('',(80.15,64.75,65.6));
#1553 = CIRCLE('',#1554,1.25);
#1554 = AXIS2_PLACEMENT_3D('',#1555,#1556,#1557);
#1555 = CARTESIAN_POINT('',(81.4,64.75,65.6));
#1556 = DIRECTION('',(0.,0.,1.));
#1557 = DIRECTION('',(1.,0.,-0.));
#1558 = ORIENTED_EDGE('',*,*,#1559,.T.);
#1559 = EDGE_CURVE('',#1551,#540,#1560,.T.);
#1560 = LINE('',#1561,#1562);
#1561 = CARTESIAN_POINT('',(80.15,64.75,64.6));
#1562 = VECTOR('',#1563,1.);
#1563 = DIRECTION('',(0.,0.,1.));
#1564 = CYLINDRICAL_SURFACE('',#1565,1.25);
#1565 = AXIS2_PLACEMENT_3D('',#1566,#1567,#1568);
#1566 = CARTESIAN_POINT('',(81.4,64.75,64.6));
#1567 = DIRECTION('',(0.,0.,1.));
#1568 = DIRECTION('',(1.,0.,-0.));
#1569 = ADVANCED_FACE('',(#1570),#1581,.T.);
#1570 = FACE_BOUND('',#1571,.T.);
#1571 = EDGE_LOOP('',(#1572,#1573,#1579,#1580));
#1572 = ORIENTED_EDGE('',*,*,#1510,.F.);
#1573 = ORIENTED_EDGE('',*,*,#1574,.T.);
#1574 = EDGE_CURVE('',#1493,#1551,#1575,.T.);
#1575 = LINE('',#1576,#1577);
#1576 = CARTESIAN_POINT('',(80.15,25.825,65.6));
#1577 = VECTOR('',#1578,1.);
#1578 = DIRECTION('',(-0.,1.,0.));
#1579 = ORIENTED_EDGE('',*,*,#1559,.T.);
#1580 = ORIENTED_EDGE('',*,*,#539,.F.);
#1581 = PLANE('',#1582);
#1582 = AXIS2_PLACEMENT_3D('',#1583,#1584,#1585);
#1583 = CARTESIAN_POINT('',(80.15,49.25,64.6));
#1584 = DIRECTION('',(1.,0.,-0.));
#1585 = DIRECTION('',(0.,0.,1.));
#1586 = ADVANCED_FACE('',(#1587),#1606,.F.);
#1587 = FACE_BOUND('',#1588,.F.);
#1588 = EDGE_LOOP('',(#1589,#1590,#1598,#1605));
#1589 = ORIENTED_EDGE('',*,*,#564,.F.);
#1590 = ORIENTED_EDGE('',*,*,#1591,.F.);
#1591 = EDGE_CURVE('',#1592,#565,#1594,.T.);
#1592 = VERTEX_POINT('',#1593);
#1593 = CARTESIAN_POINT('',(39.08,99.64,65.6));
#1594 = LINE('',#1595,#1596);
#1595 = CARTESIAN_POINT('',(39.08,99.64,64.6));
#1596 = VECTOR('',#1597,1.);
#1597 = DIRECTION('',(0.,0.,1.));
#1598 = ORIENTED_EDGE('',*,*,#1599,.T.);
#1599 = EDGE_CURVE('',#1592,#1592,#1600,.T.);
#1600 = CIRCLE('',#1601,2.5);
#1601 = AXIS2_PLACEMENT_3D('',#1602,#1603,#1604);
#1602 = CARTESIAN_POINT('',(36.58,99.64,65.6));
#1603 = DIRECTION('',(0.,0.,1.));
#1604 = DIRECTION('',(1.,0.,-0.));
#1605 = ORIENTED_EDGE('',*,*,#1591,.T.);
#1606 = CYLINDRICAL_SURFACE('',#1607,2.5);
#1607 = AXIS2_PLACEMENT_3D('',#1608,#1609,#1610);
#1608 = CARTESIAN_POINT('',(36.58,99.64,64.6));
#1609 = DIRECTION('',(0.,0.,1.));
#1610 = DIRECTION('',(1.,0.,-0.));
#1611 = ADVANCED_FACE('',(#1612,#1682,#1688,#1694,#1700,#1706,#1712,
    #1718,#1724,#1730),#1733,.F.);
#1612 = FACE_BOUND('',#1613,.F.);
#1613 = EDGE_LOOP('',(#1614,#1624,#1633,#1641,#1650,#1658,#1667,#1675));
#1614 = ORIENTED_EDGE('',*,*,#1615,.F.);
#1615 = EDGE_CURVE('',#1616,#1618,#1620,.T.);
#1616 = VERTEX_POINT('',#1617);
#1617 = CARTESIAN_POINT('',(4.405887450305,6.,65.6));
#1618 = VERTEX_POINT('',#1619);
#1619 = CARTESIAN_POINT('',(4.405887450305,122.,65.6));
#1620 = LINE('',#1621,#1622);
#1621 = CARTESIAN_POINT('',(4.405887450305,6.,65.6));
#1622 = VECTOR('',#1623,1.);
#1623 = DIRECTION('',(-0.,1.,0.));
#1624 = ORIENTED_EDGE('',*,*,#1625,.F.);
#1625 = EDGE_CURVE('',#1626,#1616,#1628,.T.);
#1626 = VERTEX_POINT('',#1627);
#1627 = CARTESIAN_POINT('',(6.,4.405887450305,65.6));
#1628 = CIRCLE('',#1629,1.594112549695);
#1629 = AXIS2_PLACEMENT_3D('',#1630,#1631,#1632);
#1630 = CARTESIAN_POINT('',(6.,6.,65.6));
#1631 = DIRECTION('',(-0.,0.,-1.));
#1632 = DIRECTION('',(-2.467162276945E-16,-1.,0.));
#1633 = ORIENTED_EDGE('',*,*,#1634,.F.);
#1634 = EDGE_CURVE('',#1635,#1626,#1637,.T.);
#1635 = VERTEX_POINT('',#1636);
#1636 = CARTESIAN_POINT('',(92.,4.405887450305,65.6));
#1637 = LINE('',#1638,#1639);
#1638 = CARTESIAN_POINT('',(92.,4.405887450305,65.6));
#1639 = VECTOR('',#1640,1.);
#1640 = DIRECTION('',(-1.,-0.,0.));
#1641 = ORIENTED_EDGE('',*,*,#1642,.F.);
#1642 = EDGE_CURVE('',#1643,#1635,#1645,.T.);
#1643 = VERTEX_POINT('',#1644);
#1644 = CARTESIAN_POINT('',(93.594112549695,6.,65.6));
#1645 = CIRCLE('',#1646,1.594112549695);
#1646 = AXIS2_PLACEMENT_3D('',#1647,#1648,#1649);
#1647 = CARTESIAN_POINT('',(92.,6.,65.6));
#1648 = DIRECTION('',(0.,-0.,-1.));
#1649 = DIRECTION('',(1.,1.233581138472E-16,-0.));
#1650 = ORIENTED_EDGE('',*,*,#1651,.F.);
#1651 = EDGE_CURVE('',#1652,#1643,#1654,.T.);
#1652 = VERTEX_POINT('',#1653);
#1653 = CARTESIAN_POINT('',(93.594112549695,122.,65.6));
#1654 = LINE('',#1655,#1656);
#1655 = CARTESIAN_POINT('',(93.594112549695,122.,65.6));
#1656 = VECTOR('',#1657,1.);
#1657 = DIRECTION('',(0.,-1.,-0.));
#1658 = ORIENTED_EDGE('',*,*,#1659,.F.);
#1659 = EDGE_CURVE('',#1660,#1652,#1662,.T.);
#1660 = VERTEX_POINT('',#1661);
#1661 = CARTESIAN_POINT('',(92.,123.59411254969,65.6));
#1662 = CIRCLE('',#1663,1.594112549695);
#1663 = AXIS2_PLACEMENT_3D('',#1664,#1665,#1666);
#1664 = CARTESIAN_POINT('',(92.,122.,65.6));
#1665 = DIRECTION('',(0.,-0.,-1.));
#1666 = DIRECTION('',(0.,1.,-0.));
#1667 = ORIENTED_EDGE('',*,*,#1668,.F.);
#1668 = EDGE_CURVE('',#1669,#1660,#1671,.T.);
#1669 = VERTEX_POINT('',#1670);
#1670 = CARTESIAN_POINT('',(6.,123.59411254969,65.6));
#1671 = LINE('',#1672,#1673);
#1672 = CARTESIAN_POINT('',(6.,123.59411254969,65.6));
#1673 = VECTOR('',#1674,1.);
#1674 = DIRECTION('',(1.,0.,-0.));
#1675 = ORIENTED_EDGE('',*,*,#1676,.F.);
#1676 = EDGE_CURVE('',#1618,#1669,#1677,.T.);
#1677 = CIRCLE('',#1678,1.594112549695);
#1678 = AXIS2_PLACEMENT_3D('',#1679,#1680,#1681);
#1679 = CARTESIAN_POINT('',(6.,122.,65.6));
#1680 = DIRECTION('',(-0.,0.,-1.));
#1681 = DIRECTION('',(-1.,0.,0.));
#1682 = FACE_BOUND('',#1683,.F.);
#1683 = EDGE_LOOP('',(#1684,#1685,#1686,#1687));
#1684 = ORIENTED_EDGE('',*,*,#806,.F.);
#1685 = ORIENTED_EDGE('',*,*,#888,.T.);
#1686 = ORIENTED_EDGE('',*,*,#864,.F.);
#1687 = ORIENTED_EDGE('',*,*,#839,.F.);
#1688 = FACE_BOUND('',#1689,.F.);
#1689 = EDGE_LOOP('',(#1690,#1691,#1692,#1693));
#1690 = ORIENTED_EDGE('',*,*,#904,.F.);
#1691 = ORIENTED_EDGE('',*,*,#986,.T.);
#1692 = ORIENTED_EDGE('',*,*,#962,.F.);
#1693 = ORIENTED_EDGE('',*,*,#937,.F.);
#1694 = FACE_BOUND('',#1695,.F.);
#1695 = EDGE_LOOP('',(#1696,#1697,#1698,#1699));
#1696 = ORIENTED_EDGE('',*,*,#1002,.F.);
#1697 = ORIENTED_EDGE('',*,*,#1084,.T.);
#1698 = ORIENTED_EDGE('',*,*,#1060,.F.);
#1699 = ORIENTED_EDGE('',*,*,#1035,.F.);
#1700 = FACE_BOUND('',#1701,.F.);
#1701 = EDGE_LOOP('',(#1702,#1703,#1704,#1705));
#1702 = ORIENTED_EDGE('',*,*,#1100,.F.);
#1703 = ORIENTED_EDGE('',*,*,#1182,.T.);
#1704 = ORIENTED_EDGE('',*,*,#1158,.F.);
#1705 = ORIENTED_EDGE('',*,*,#1133,.F.);
#1706 = FACE_BOUND('',#1707,.F.);
#1707 = EDGE_LOOP('',(#1708,#1709,#1710,#1711));
#1708 = ORIENTED_EDGE('',*,*,#1198,.F.);
#1709 = ORIENTED_EDGE('',*,*,#1280,.T.);
#1710 = ORIENTED_EDGE('',*,*,#1256,.F.);
#1711 = ORIENTED_EDGE('',*,*,#1231,.F.);
#1712 = FACE_BOUND('',#1713,.F.);
#1713 = EDGE_LOOP('',(#1714,#1715,#1716,#1717));
#1714 = ORIENTED_EDGE('',*,*,#1296,.F.);
#1715 = ORIENTED_EDGE('',*,*,#1378,.T.);
#1716 = ORIENTED_EDGE('',*,*,#1354,.F.);
#1717 = ORIENTED_EDGE('',*,*,#1329,.F.);
#1718 = FACE_BOUND('',#1719,.F.);
#1719 = EDGE_LOOP('',(#1720,#1721,#1722,#1723));
#1720 = ORIENTED_EDGE('',*,*,#1394,.F.);
#1721 = ORIENTED_EDGE('',*,*,#1476,.T.);
#1722 = ORIENTED_EDGE('',*,*,#1452,.F.);
#1723 = ORIENTED_EDGE('',*,*,#1427,.F.);
#1724 = FACE_BOUND('',#1725,.F.);
#1725 = EDGE_LOOP('',(#1726,#1727,#1728,#1729));
#1726 = ORIENTED_EDGE('',*,*,#1492,.F.);
#1727 = ORIENTED_EDGE('',*,*,#1574,.T.);
#1728 = ORIENTED_EDGE('',*,*,#1550,.F.);
#1729 = ORIENTED_EDGE('',*,*,#1525,.F.);
#1730 = FACE_BOUND('',#1731,.F.);
#1731 = EDGE_LOOP('',(#1732));
#1732 = ORIENTED_EDGE('',*,*,#1599,.F.);
#1733 = PLANE('',#1734);
#1734 = AXIS2_PLACEMENT_3D('',#1735,#1736,#1737);
#1735 = CARTESIAN_POINT('',(2.4,2.4,65.6));
#1736 = DIRECTION('',(0.,0.,1.));
#1737 = DIRECTION('',(1.,0.,-0.));
#1738 = ADVANCED_FACE('',(#1739),#1764,.T.);
#1739 = FACE_BOUND('',#1740,.T.);
#1740 = EDGE_LOOP('',(#1741,#1749,#1757,#1763));
#1741 = ORIENTED_EDGE('',*,*,#1742,.F.);
#1742 = EDGE_CURVE('',#1743,#1616,#1745,.T.);
#1743 = VERTEX_POINT('',#1744);
#1744 = CARTESIAN_POINT('',(3.905887450305,6.,65.1));
#1745 = LINE('',#1746,#1747);
#1746 = CARTESIAN_POINT('',(3.402943725152,6.,64.597056274848));
#1747 = VECTOR('',#1748,1.);
#1748 = DIRECTION('',(0.707106781187,0.,0.707106781187));
#1749 = ORIENTED_EDGE('',*,*,#1750,.F.);
#1750 = EDGE_CURVE('',#1751,#1743,#1753,.T.);
#1751 = VERTEX_POINT('',#1752);
#1752 = CARTESIAN_POINT('',(3.905887450305,122.,65.1));
#1753 = LINE('',#1754,#1755);
#1754 = CARTESIAN_POINT('',(3.905887450305,4.2,65.1));
#1755 = VECTOR('',#1756,1.);
#1756 = DIRECTION('',(-4.080110567541E-17,-1.,0.));
#1757 = ORIENTED_EDGE('',*,*,#1758,.T.);
#1758 = EDGE_CURVE('',#1751,#1618,#1759,.T.);
#1759 = LINE('',#1760,#1761);
#1760 = CARTESIAN_POINT('',(3.402943725152,122.,64.597056274848));
#1761 = VECTOR('',#1762,1.);
#1762 = DIRECTION('',(0.707106781187,0.,0.707106781187));
#1763 = ORIENTED_EDGE('',*,*,#1615,.F.);
#1764 = PLANE('',#1765);
#1765 = AXIS2_PLACEMENT_3D('',#1766,#1767,#1768);
#1766 = CARTESIAN_POINT('',(3.402943725152,6.,64.597056274848));
#1767 = DIRECTION('',(0.707106781187,-2.885073850299E-17,-0.707106781187
    ));
#1768 = DIRECTION('',(2.04005528377E-17,1.,-2.04005528377E-17));
#1769 = ADVANCED_FACE('',(#1770),#1789,.F.);
#1770 = FACE_BOUND('',#1771,.T.);
#1771 = EDGE_LOOP('',(#1772,#1780,#1787,#1788));
#1772 = ORIENTED_EDGE('',*,*,#1773,.F.);
#1773 = EDGE_CURVE('',#1774,#1626,#1776,.T.);
#1774 = VERTEX_POINT('',#1775);
#1775 = CARTESIAN_POINT('',(6.,3.905887450305,65.1));
#1776 = LINE('',#1777,#1778);
#1777 = CARTESIAN_POINT('',(6.,3.402943725152,64.597056274848));
#1778 = VECTOR('',#1779,1.);
#1779 = DIRECTION('',(0.,0.707106781187,0.707106781187));
#1780 = ORIENTED_EDGE('',*,*,#1781,.F.);
#1781 = EDGE_CURVE('',#1743,#1774,#1782,.T.);
#1782 = CIRCLE('',#1783,2.094112549695);
#1783 = AXIS2_PLACEMENT_3D('',#1784,#1785,#1786);
#1784 = CARTESIAN_POINT('',(6.,6.,65.1));
#1785 = DIRECTION('',(0.,0.,1.));
#1786 = DIRECTION('',(-2.467162276945E-16,-1.,0.));
#1787 = ORIENTED_EDGE('',*,*,#1742,.T.);
#1788 = ORIENTED_EDGE('',*,*,#1625,.F.);
#1789 = CONICAL_SURFACE('',#1790,3.6,0.785398163397);
#1790 = AXIS2_PLACEMENT_3D('',#1791,#1792,#1793);
#1791 = CARTESIAN_POINT('',(6.,6.,63.594112549695));
#1792 = DIRECTION('',(-0.,-0.,-1.));
#1793 = DIRECTION('',(-2.467162276945E-16,-1.,0.));
#1794 = ADVANCED_FACE('',(#1795),#1814,.F.);
#1795 = FACE_BOUND('',#1796,.T.);
#1796 = EDGE_LOOP('',(#1797,#1798,#1807,#1813));
#1797 = ORIENTED_EDGE('',*,*,#1758,.F.);
#1798 = ORIENTED_EDGE('',*,*,#1799,.F.);
#1799 = EDGE_CURVE('',#1800,#1751,#1802,.T.);
#1800 = VERTEX_POINT('',#1801);
#1801 = CARTESIAN_POINT('',(6.,124.09411254969,65.1));
#1802 = CIRCLE('',#1803,2.094112549695);
#1803 = AXIS2_PLACEMENT_3D('',#1804,#1805,#1806);
#1804 = CARTESIAN_POINT('',(6.,122.,65.1));
#1805 = DIRECTION('',(0.,0.,1.));
#1806 = DIRECTION('',(-1.,0.,0.));
#1807 = ORIENTED_EDGE('',*,*,#1808,.T.);
#1808 = EDGE_CURVE('',#1800,#1669,#1809,.T.);
#1809 = LINE('',#1810,#1811);
#1810 = CARTESIAN_POINT('',(6.,125.6,63.594112549695));
#1811 = VECTOR('',#1812,1.);
#1812 = DIRECTION('',(4.329780281177E-17,-0.707106781187,0.707106781187)
  );
#1813 = ORIENTED_EDGE('',*,*,#1676,.F.);
#1814 = CONICAL_SURFACE('',#1815,3.6,0.785398163397);
#1815 = AXIS2_PLACEMENT_3D('',#1816,#1817,#1818);
#1816 = CARTESIAN_POINT('',(6.,122.,63.594112549695));
#1817 = DIRECTION('',(-0.,-0.,-1.));
#1818 = DIRECTION('',(-1.,0.,0.));
#1819 = ADVANCED_FACE('',(#1820),#1838,.T.);
#1820 = FACE_BOUND('',#1821,.T.);
#1821 = EDGE_LOOP('',(#1822,#1830,#1836,#1837));
#1822 = ORIENTED_EDGE('',*,*,#1823,.F.);
#1823 = EDGE_CURVE('',#1824,#1635,#1826,.T.);
#1824 = VERTEX_POINT('',#1825);
#1825 = CARTESIAN_POINT('',(92.,3.905887450305,65.1));
#1826 = LINE('',#1827,#1828);
#1827 = CARTESIAN_POINT('',(92.,2.4,63.594112549695));
#1828 = VECTOR('',#1829,1.);
#1829 = DIRECTION('',(-1.305251616275E-16,0.707106781187,0.707106781187)
  );
#1830 = ORIENTED_EDGE('',*,*,#1831,.T.);
#1831 = EDGE_CURVE('',#1824,#1774,#1832,.T.);
#1832 = LINE('',#1833,#1834);
#1833 = CARTESIAN_POINT('',(93.8,3.905887450305,65.1));
#1834 = VECTOR('',#1835,1.);
#1835 = DIRECTION('',(-1.,4.080110567541E-17,0.));
#1836 = ORIENTED_EDGE('',*,*,#1773,.T.);
#1837 = ORIENTED_EDGE('',*,*,#1634,.F.);
#1838 = PLANE('',#1839);
#1839 = AXIS2_PLACEMENT_3D('',#1840,#1841,#1842);
#1840 = CARTESIAN_POINT('',(92.,3.402943725152,64.597056274848));
#1841 = DIRECTION('',(2.885073850299E-17,0.707106781187,-0.707106781187)
  );
#1842 = DIRECTION('',(-1.,2.04005528377E-17,-2.04005528377E-17));
#1843 = ADVANCED_FACE('',(#1844),#1862,.F.);
#1844 = FACE_BOUND('',#1845,.T.);
#1845 = EDGE_LOOP('',(#1846,#1847,#1855,#1861));
#1846 = ORIENTED_EDGE('',*,*,#1808,.F.);
#1847 = ORIENTED_EDGE('',*,*,#1848,.T.);
#1848 = EDGE_CURVE('',#1800,#1849,#1851,.T.);
#1849 = VERTEX_POINT('',#1850);
#1850 = CARTESIAN_POINT('',(92.,124.09411254969,65.1));
#1851 = LINE('',#1852,#1853);
#1852 = CARTESIAN_POINT('',(4.2,124.09411254969,65.1));
#1853 = VECTOR('',#1854,1.);
#1854 = DIRECTION('',(1.,-0.,0.));
#1855 = ORIENTED_EDGE('',*,*,#1856,.T.);
#1856 = EDGE_CURVE('',#1849,#1660,#1857,.T.);
#1857 = LINE('',#1858,#1859);
#1858 = CARTESIAN_POINT('',(92.,124.59705627484,64.597056274848));
#1859 = VECTOR('',#1860,1.);
#1860 = DIRECTION('',(0.,-0.707106781187,0.707106781187));
#1861 = ORIENTED_EDGE('',*,*,#1668,.F.);
#1862 = PLANE('',#1863);
#1863 = AXIS2_PLACEMENT_3D('',#1864,#1865,#1866);
#1864 = CARTESIAN_POINT('',(6.,124.59705627484,64.597056274848));
#1865 = DIRECTION('',(0.,0.707106781187,0.707106781187));
#1866 = DIRECTION('',(-1.,-0.,0.));
#1867 = ADVANCED_FACE('',(#1868),#1887,.F.);
#1868 = FACE_BOUND('',#1869,.T.);
#1869 = EDGE_LOOP('',(#1870,#1878,#1885,#1886));
#1870 = ORIENTED_EDGE('',*,*,#1871,.F.);
#1871 = EDGE_CURVE('',#1872,#1643,#1874,.T.);
#1872 = VERTEX_POINT('',#1873);
#1873 = CARTESIAN_POINT('',(94.094112549695,6.,65.1));
#1874 = LINE('',#1875,#1876);
#1875 = CARTESIAN_POINT('',(94.597056274848,6.,64.597056274848));
#1876 = VECTOR('',#1877,1.);
#1877 = DIRECTION('',(-0.707106781187,-0.,0.707106781187));
#1878 = ORIENTED_EDGE('',*,*,#1879,.F.);
#1879 = EDGE_CURVE('',#1824,#1872,#1880,.T.);
#1880 = CIRCLE('',#1881,2.094112549695);
#1881 = AXIS2_PLACEMENT_3D('',#1882,#1883,#1884);
#1882 = CARTESIAN_POINT('',(92.,6.,65.1));
#1883 = DIRECTION('',(0.,0.,1.));
#1884 = DIRECTION('',(1.,1.233581138472E-16,-0.));
#1885 = ORIENTED_EDGE('',*,*,#1823,.T.);
#1886 = ORIENTED_EDGE('',*,*,#1642,.F.);
#1887 = CONICAL_SURFACE('',#1888,3.6,0.785398163397);
#1888 = AXIS2_PLACEMENT_3D('',#1889,#1890,#1891);
#1889 = CARTESIAN_POINT('',(92.,6.,63.594112549695));
#1890 = DIRECTION('',(-0.,-0.,-1.));
#1891 = DIRECTION('',(1.,1.233581138472E-16,-0.));
#1892 = ADVANCED_FACE('',(#1893),#1912,.F.);
#1893 = FACE_BOUND('',#1894,.T.);
#1894 = EDGE_LOOP('',(#1895,#1896,#1905,#1911));
#1895 = ORIENTED_EDGE('',*,*,#1856,.F.);
#1896 = ORIENTED_EDGE('',*,*,#1897,.F.);
#1897 = EDGE_CURVE('',#1898,#1849,#1900,.T.);
#1898 = VERTEX_POINT('',#1899);
#1899 = CARTESIAN_POINT('',(94.094112549695,122.,65.1));
#1900 = CIRCLE('',#1901,2.094112549695);
#1901 = AXIS2_PLACEMENT_3D('',#1902,#1903,#1904);
#1902 = CARTESIAN_POINT('',(92.,122.,65.1));
#1903 = DIRECTION('',(0.,0.,1.));
#1904 = DIRECTION('',(0.,1.,-0.));
#1905 = ORIENTED_EDGE('',*,*,#1906,.T.);
#1906 = EDGE_CURVE('',#1898,#1652,#1907,.T.);
#1907 = LINE('',#1908,#1909);
#1908 = CARTESIAN_POINT('',(95.6,122.,63.594112549695));
#1909 = VECTOR('',#1910,1.);
#1910 = DIRECTION('',(-0.707106781187,-4.329780281177E-17,0.707106781187
    ));
#1911 = ORIENTED_EDGE('',*,*,#1659,.F.);
#1912 = CONICAL_SURFACE('',#1913,3.6,0.785398163397);
#1913 = AXIS2_PLACEMENT_3D('',#1914,#1915,#1916);
#1914 = CARTESIAN_POINT('',(92.,122.,63.594112549695));
#1915 = DIRECTION('',(-0.,-0.,-1.));
#1916 = DIRECTION('',(0.,1.,-0.));
#1917 = ADVANCED_FACE('',(#1918),#1929,.F.);
#1918 = FACE_BOUND('',#1919,.T.);
#1919 = EDGE_LOOP('',(#1920,#1921,#1927,#1928));
#1920 = ORIENTED_EDGE('',*,*,#1906,.F.);
#1921 = ORIENTED_EDGE('',*,*,#1922,.F.);
#1922 = EDGE_CURVE('',#1872,#1898,#1923,.T.);
#1923 = LINE('',#1924,#1925);
#1924 = CARTESIAN_POINT('',(94.094112549695,123.8,65.1));
#1925 = VECTOR('',#1926,1.);
#1926 = DIRECTION('',(-0.,1.,0.));
#1927 = ORIENTED_EDGE('',*,*,#1871,.T.);
#1928 = ORIENTED_EDGE('',*,*,#1651,.F.);
#1929 = PLANE('',#1930);
#1930 = AXIS2_PLACEMENT_3D('',#1931,#1932,#1933);
#1931 = CARTESIAN_POINT('',(94.597056274848,122.,64.597056274848));
#1932 = DIRECTION('',(0.707106781187,0.,0.707106781187));
#1933 = DIRECTION('',(-0.,1.,-0.));
#1934 = ADVANCED_FACE('',(#1935),#1946,.F.);
#1935 = FACE_BOUND('',#1936,.T.);
#1936 = EDGE_LOOP('',(#1937,#1938,#1939,#1945));
#1937 = ORIENTED_EDGE('',*,*,#158,.T.);
#1938 = ORIENTED_EDGE('',*,*,#774,.F.);
#1939 = ORIENTED_EDGE('',*,*,#1940,.F.);
#1940 = EDGE_CURVE('',#679,#775,#1941,.T.);
#1941 = LINE('',#1942,#1943);
#1942 = CARTESIAN_POINT('',(2.6,2.6,61.5));
#1943 = VECTOR('',#1944,1.);
#1944 = DIRECTION('',(-0.,1.,0.));
#1945 = ORIENTED_EDGE('',*,*,#678,.T.);
#1946 = PLANE('',#1947);
#1947 = AXIS2_PLACEMENT_3D('',#1948,#1949,#1950);
#1948 = CARTESIAN_POINT('',(2.6,2.6,61.5));
#1949 = DIRECTION('',(1.,0.,-0.));
#1950 = DIRECTION('',(0.,0.,1.));
#1951 = ADVANCED_FACE('',(#1952),#1963,.F.);
#1952 = FACE_BOUND('',#1953,.T.);
#1953 = EDGE_LOOP('',(#1954,#1960,#1961,#1962));
#1954 = ORIENTED_EDGE('',*,*,#1955,.T.);
#1955 = EDGE_CURVE('',#687,#719,#1956,.T.);
#1956 = LINE('',#1957,#1958);
#1957 = CARTESIAN_POINT('',(2.6,2.6,61.5));
#1958 = VECTOR('',#1959,1.);
#1959 = DIRECTION('',(1.,0.,-0.));
#1960 = ORIENTED_EDGE('',*,*,#727,.T.);
#1961 = ORIENTED_EDGE('',*,*,#209,.T.);
#1962 = ORIENTED_EDGE('',*,*,#695,.F.);
#1963 = PLANE('',#1964);
#1964 = AXIS2_PLACEMENT_3D('',#1965,#1966,#1967);
#1965 = CARTESIAN_POINT('',(2.6,2.6,61.5));
#1966 = DIRECTION('',(-0.,1.,0.));
#1967 = DIRECTION('',(0.,0.,1.));
#1968 = ADVANCED_FACE('',(#1969),#1980,.T.);
#1969 = FACE_BOUND('',#1970,.T.);
#1970 = EDGE_LOOP('',(#1971,#1972,#1973,#1979));
#1971 = ORIENTED_EDGE('',*,*,#192,.F.);
#1972 = ORIENTED_EDGE('',*,*,#710,.F.);
#1973 = ORIENTED_EDGE('',*,*,#1974,.T.);
#1974 = EDGE_CURVE('',#711,#743,#1975,.T.);
#1975 = LINE('',#1976,#1977);
#1976 = CARTESIAN_POINT('',(95.4,2.6,61.5));
#1977 = VECTOR('',#1978,1.);
#1978 = DIRECTION('',(-0.,1.,0.));
#1979 = ORIENTED_EDGE('',*,*,#742,.T.);
#1980 = PLANE('',#1981);
#1981 = AXIS2_PLACEMENT_3D('',#1982,#1983,#1984);
#1982 = CARTESIAN_POINT('',(95.4,2.6,61.5));
#1983 = DIRECTION('',(1.,0.,-0.));
#1984 = DIRECTION('',(0.,0.,1.));
#1985 = ADVANCED_FACE('',(#1986),#1997,.T.);
#1986 = FACE_BOUND('',#1987,.T.);
#1987 = EDGE_LOOP('',(#1988,#1994,#1995,#1996));
#1988 = ORIENTED_EDGE('',*,*,#1989,.F.);
#1989 = EDGE_CURVE('',#783,#751,#1990,.T.);
#1990 = LINE('',#1991,#1992);
#1991 = CARTESIAN_POINT('',(2.6,125.4,61.5));
#1992 = VECTOR('',#1993,1.);
#1993 = DIRECTION('',(1.,0.,-0.));
#1994 = ORIENTED_EDGE('',*,*,#791,.T.);
#1995 = ORIENTED_EDGE('',*,*,#175,.F.);
#1996 = ORIENTED_EDGE('',*,*,#759,.F.);
#1997 = PLANE('',#1998);
#1998 = AXIS2_PLACEMENT_3D('',#1999,#2000,#2001);
#1999 = CARTESIAN_POINT('',(2.6,125.4,61.5));
#2000 = DIRECTION('',(-0.,1.,0.));
#2001 = DIRECTION('',(0.,0.,1.));
#2002 = ADVANCED_FACE('',(#2003,#2013,#2111,#2140,#2169,#2198),#2227,.F.
  );
#2003 = FACE_BOUND('',#2004,.T.);
#2004 = EDGE_LOOP('',(#2005,#2006,#2007,#2008,#2009,#2010,#2011,#2012));
#2005 = ORIENTED_EDGE('',*,*,#1940,.T.);
#2006 = ORIENTED_EDGE('',*,*,#782,.T.);
#2007 = ORIENTED_EDGE('',*,*,#1989,.T.);
#2008 = ORIENTED_EDGE('',*,*,#750,.F.);
#2009 = ORIENTED_EDGE('',*,*,#1974,.F.);
#2010 = ORIENTED_EDGE('',*,*,#718,.T.);
#2011 = ORIENTED_EDGE('',*,*,#1955,.F.);
#2012 = ORIENTED_EDGE('',*,*,#686,.F.);
#2013 = FACE_BOUND('',#2014,.F.);
#2014 = EDGE_LOOP('',(#2015,#2025,#2033,#2041,#2049,#2057,#2065,#2073,
    #2081,#2089,#2097,#2105));
#2015 = ORIENTED_EDGE('',*,*,#2016,.T.);
#2016 = EDGE_CURVE('',#2017,#2019,#2021,.T.);
#2017 = VERTEX_POINT('',#2018);
#2018 = CARTESIAN_POINT('',(4.2,117.6,61.5));
#2019 = VERTEX_POINT('',#2020);
#2020 = CARTESIAN_POINT('',(10.4,117.6,61.5));
#2021 = LINE('',#2022,#2023);
#2022 = CARTESIAN_POINT('',(2.4,117.6,61.5));
#2023 = VECTOR('',#2024,1.);
#2024 = DIRECTION('',(1.,-0.,-0.));
#2025 = ORIENTED_EDGE('',*,*,#2026,.F.);
#2026 = EDGE_CURVE('',#2027,#2019,#2029,.T.);
#2027 = VERTEX_POINT('',#2028);
#2028 = CARTESIAN_POINT('',(10.4,123.8,61.5));
#2029 = LINE('',#2030,#2031);
#2030 = CARTESIAN_POINT('',(10.4,125.6,61.5));
#2031 = VECTOR('',#2032,1.);
#2032 = DIRECTION('',(-0.,-1.,-0.));
#2033 = ORIENTED_EDGE('',*,*,#2034,.F.);
#2034 = EDGE_CURVE('',#2035,#2027,#2037,.T.);
#2035 = VERTEX_POINT('',#2036);
#2036 = CARTESIAN_POINT('',(87.6,123.8,61.5));
#2037 = LINE('',#2038,#2039);
#2038 = CARTESIAN_POINT('',(3.4,123.8,61.5));
#2039 = VECTOR('',#2040,1.);
#2040 = DIRECTION('',(-1.,-0.,0.));
#2041 = ORIENTED_EDGE('',*,*,#2042,.T.);
#2042 = EDGE_CURVE('',#2035,#2043,#2045,.T.);
#2043 = VERTEX_POINT('',#2044);
#2044 = CARTESIAN_POINT('',(87.6,117.6,61.5));
#2045 = LINE('',#2046,#2047);
#2046 = CARTESIAN_POINT('',(87.6,125.6,61.5));
#2047 = VECTOR('',#2048,1.);
#2048 = DIRECTION('',(-0.,-1.,-0.));
#2049 = ORIENTED_EDGE('',*,*,#2050,.F.);
#2050 = EDGE_CURVE('',#2051,#2043,#2053,.T.);
#2051 = VERTEX_POINT('',#2052);
#2052 = CARTESIAN_POINT('',(93.8,117.6,61.5));
#2053 = LINE('',#2054,#2055);
#2054 = CARTESIAN_POINT('',(95.6,117.6,61.5));
#2055 = VECTOR('',#2056,1.);
#2056 = DIRECTION('',(-1.,0.,-0.));
#2057 = ORIENTED_EDGE('',*,*,#2058,.F.);
#2058 = EDGE_CURVE('',#2059,#2051,#2061,.T.);
#2059 = VERTEX_POINT('',#2060);
#2060 = CARTESIAN_POINT('',(93.8,10.4,61.5));
#2061 = LINE('',#2062,#2063);
#2062 = CARTESIAN_POINT('',(93.8,3.4,61.5));
#2063 = VECTOR('',#2064,1.);
#2064 = DIRECTION('',(-0.,1.,0.));
#2065 = ORIENTED_EDGE('',*,*,#2066,.T.);
#2066 = EDGE_CURVE('',#2059,#2067,#2069,.T.);
#2067 = VERTEX_POINT('',#2068);
#2068 = CARTESIAN_POINT('',(87.6,10.4,61.5));
#2069 = LINE('',#2070,#2071);
#2070 = CARTESIAN_POINT('',(95.6,10.4,61.5));
#2071 = VECTOR('',#2072,1.);
#2072 = DIRECTION('',(-1.,-0.,-0.));
#2073 = ORIENTED_EDGE('',*,*,#2074,.F.);
#2074 = EDGE_CURVE('',#2075,#2067,#2077,.T.);
#2075 = VERTEX_POINT('',#2076);
#2076 = CARTESIAN_POINT('',(87.6,4.2,61.5));
#2077 = LINE('',#2078,#2079);
#2078 = CARTESIAN_POINT('',(87.6,2.4,61.5));
#2079 = VECTOR('',#2080,1.);
#2080 = DIRECTION('',(-0.,1.,-0.));
#2081 = ORIENTED_EDGE('',*,*,#2082,.T.);
#2082 = EDGE_CURVE('',#2075,#2083,#2085,.T.);
#2083 = VERTEX_POINT('',#2084);
#2084 = CARTESIAN_POINT('',(10.4,4.2,61.5));
#2085 = LINE('',#2086,#2087);
#2086 = CARTESIAN_POINT('',(3.4,4.2,61.5));
#2087 = VECTOR('',#2088,1.);
#2088 = DIRECTION('',(-1.,-0.,0.));
#2089 = ORIENTED_EDGE('',*,*,#2090,.T.);
#2090 = EDGE_CURVE('',#2083,#2091,#2093,.T.);
#2091 = VERTEX_POINT('',#2092);
#2092 = CARTESIAN_POINT('',(10.4,10.4,61.5));
#2093 = LINE('',#2094,#2095);
#2094 = CARTESIAN_POINT('',(10.4,2.4,61.5));
#2095 = VECTOR('',#2096,1.);
#2096 = DIRECTION('',(-0.,1.,0.));
#2097 = ORIENTED_EDGE('',*,*,#2098,.F.);
#2098 = EDGE_CURVE('',#2099,#2091,#2101,.T.);
#2099 = VERTEX_POINT('',#2100);
#2100 = CARTESIAN_POINT('',(4.2,10.4,61.5));
#2101 = LINE('',#2102,#2103);
#2102 = CARTESIAN_POINT('',(2.4,10.4,61.5));
#2103 = VECTOR('',#2104,1.);
#2104 = DIRECTION('',(1.,0.,-0.));
#2105 = ORIENTED_EDGE('',*,*,#2106,.T.);
#2106 = EDGE_CURVE('',#2099,#2017,#2107,.T.);
#2107 = LINE('',#2108,#2109);
#2108 = CARTESIAN_POINT('',(4.2,3.4,61.5));
#2109 = VECTOR('',#2110,1.);
#2110 = DIRECTION('',(-0.,1.,0.));
#2111 = FACE_BOUND('',#2112,.F.);
#2112 = EDGE_LOOP('',(#2113,#2124,#2133));
#2113 = ORIENTED_EDGE('',*,*,#2114,.F.);
#2114 = EDGE_CURVE('',#2115,#2117,#2119,.T.);
#2115 = VERTEX_POINT('',#2116);
#2116 = CARTESIAN_POINT('',(88.95,121.6,61.5));
#2117 = VERTEX_POINT('',#2118);
#2118 = CARTESIAN_POINT('',(93.8,120.12267132973,61.5));
#2119 = CIRCLE('',#2120,2.65);
#2120 = AXIS2_PLACEMENT_3D('',#2121,#2122,#2123);
#2121 = CARTESIAN_POINT('',(91.6,121.6,61.5));
#2122 = DIRECTION('',(0.,-0.,1.));
#2123 = DIRECTION('',(-1.,0.,0.));
#2124 = ORIENTED_EDGE('',*,*,#2125,.F.);
#2125 = EDGE_CURVE('',#2126,#2115,#2128,.T.);
#2126 = VERTEX_POINT('',#2127);
#2127 = CARTESIAN_POINT('',(90.122671329733,123.8,61.5));
#2128 = CIRCLE('',#2129,2.65);
#2129 = AXIS2_PLACEMENT_3D('',#2130,#2131,#2132);
#2130 = CARTESIAN_POINT('',(91.6,121.6,61.5));
#2131 = DIRECTION('',(0.,-0.,1.));
#2132 = DIRECTION('',(-1.,0.,0.));
#2133 = ORIENTED_EDGE('',*,*,#2134,.F.);
#2134 = EDGE_CURVE('',#2117,#2126,#2135,.T.);
#2135 = CIRCLE('',#2136,2.65);
#2136 = AXIS2_PLACEMENT_3D('',#2137,#2138,#2139);
#2137 = CARTESIAN_POINT('',(91.6,121.6,61.5));
#2138 = DIRECTION('',(0.,-0.,1.));
#2139 = DIRECTION('',(-1.,0.,0.));
#2140 = FACE_BOUND('',#2141,.F.);
#2141 = EDGE_LOOP('',(#2142,#2153,#2162));
#2142 = ORIENTED_EDGE('',*,*,#2143,.F.);
#2143 = EDGE_CURVE('',#2144,#2146,#2148,.T.);
#2144 = VERTEX_POINT('',#2145);
#2145 = CARTESIAN_POINT('',(9.05,121.6,61.5));
#2146 = VERTEX_POINT('',#2147);
#2147 = CARTESIAN_POINT('',(7.877328670269,123.8,61.5));
#2148 = CIRCLE('',#2149,2.65);
#2149 = AXIS2_PLACEMENT_3D('',#2150,#2151,#2152);
#2150 = CARTESIAN_POINT('',(6.4,121.6,61.5));
#2151 = DIRECTION('',(-0.,0.,1.));
#2152 = DIRECTION('',(1.,-0.,0.));
#2153 = ORIENTED_EDGE('',*,*,#2154,.F.);
#2154 = EDGE_CURVE('',#2155,#2144,#2157,.T.);
#2155 = VERTEX_POINT('',#2156);
#2156 = CARTESIAN_POINT('',(4.2,120.12267132973,61.5));
#2157 = CIRCLE('',#2158,2.65);
#2158 = AXIS2_PLACEMENT_3D('',#2159,#2160,#2161);
#2159 = CARTESIAN_POINT('',(6.4,121.6,61.5));
#2160 = DIRECTION('',(-0.,0.,1.));
#2161 = DIRECTION('',(1.,-0.,0.));
#2162 = ORIENTED_EDGE('',*,*,#2163,.F.);
#2163 = EDGE_CURVE('',#2146,#2155,#2164,.T.);
#2164 = CIRCLE('',#2165,2.65);
#2165 = AXIS2_PLACEMENT_3D('',#2166,#2167,#2168);
#2166 = CARTESIAN_POINT('',(6.4,121.6,61.5));
#2167 = DIRECTION('',(-0.,0.,1.));
#2168 = DIRECTION('',(1.,-0.,0.));
#2169 = FACE_BOUND('',#2170,.F.);
#2170 = EDGE_LOOP('',(#2171,#2182,#2191));
#2171 = ORIENTED_EDGE('',*,*,#2172,.F.);
#2172 = EDGE_CURVE('',#2173,#2175,#2177,.T.);
#2173 = VERTEX_POINT('',#2174);
#2174 = CARTESIAN_POINT('',(88.95,6.4,61.5));
#2175 = VERTEX_POINT('',#2176);
#2176 = CARTESIAN_POINT('',(90.122671329731,4.2,61.5));
#2177 = CIRCLE('',#2178,2.65);
#2178 = AXIS2_PLACEMENT_3D('',#2179,#2180,#2181);
#2179 = CARTESIAN_POINT('',(91.6,6.4,61.5));
#2180 = DIRECTION('',(-0.,-0.,1.));
#2181 = DIRECTION('',(-1.,0.,-0.));
#2182 = ORIENTED_EDGE('',*,*,#2183,.F.);
#2183 = EDGE_CURVE('',#2184,#2173,#2186,.T.);
#2184 = VERTEX_POINT('',#2185);
#2185 = CARTESIAN_POINT('',(93.8,7.877328670269,61.5));
#2186 = CIRCLE('',#2187,2.65);
#2187 = AXIS2_PLACEMENT_3D('',#2188,#2189,#2190);
#2188 = CARTESIAN_POINT('',(91.6,6.4,61.5));
#2189 = DIRECTION('',(-0.,-0.,1.));
#2190 = DIRECTION('',(-1.,0.,-0.));
#2191 = ORIENTED_EDGE('',*,*,#2192,.F.);
#2192 = EDGE_CURVE('',#2175,#2184,#2193,.T.);
#2193 = CIRCLE('',#2194,2.65);
#2194 = AXIS2_PLACEMENT_3D('',#2195,#2196,#2197);
#2195 = CARTESIAN_POINT('',(91.6,6.4,61.5));
#2196 = DIRECTION('',(-0.,-0.,1.));
#2197 = DIRECTION('',(-1.,0.,-0.));
#2198 = FACE_BOUND('',#2199,.F.);
#2199 = EDGE_LOOP('',(#2200,#2211,#2220));
#2200 = ORIENTED_EDGE('',*,*,#2201,.F.);
#2201 = EDGE_CURVE('',#2202,#2204,#2206,.T.);
#2202 = VERTEX_POINT('',#2203);
#2203 = CARTESIAN_POINT('',(9.05,6.4,61.5));
#2204 = VERTEX_POINT('',#2205);
#2205 = CARTESIAN_POINT('',(4.2,7.877328670269,61.5));
#2206 = CIRCLE('',#2207,2.65);
#2207 = AXIS2_PLACEMENT_3D('',#2208,#2209,#2210);
#2208 = CARTESIAN_POINT('',(6.4,6.4,61.5));
#2209 = DIRECTION('',(0.,0.,1.));
#2210 = DIRECTION('',(1.,0.,-0.));
#2211 = ORIENTED_EDGE('',*,*,#2212,.F.);
#2212 = EDGE_CURVE('',#2213,#2202,#2215,.T.);
#2213 = VERTEX_POINT('',#2214);
#2214 = CARTESIAN_POINT('',(7.877328670269,4.2,61.5));
#2215 = CIRCLE('',#2216,2.65);
#2216 = AXIS2_PLACEMENT_3D('',#2217,#2218,#2219);
#2217 = CARTESIAN_POINT('',(6.4,6.4,61.5));
#2218 = DIRECTION('',(0.,0.,1.));
#2219 = DIRECTION('',(1.,0.,-0.));
#2220 = ORIENTED_EDGE('',*,*,#2221,.F.);
#2221 = EDGE_CURVE('',#2204,#2213,#2222,.T.);
#2222 = CIRCLE('',#2223,2.65);
#2223 = AXIS2_PLACEMENT_3D('',#2224,#2225,#2226);
#2224 = CARTESIAN_POINT('',(6.4,6.4,61.5));
#2225 = DIRECTION('',(0.,0.,1.));
#2226 = DIRECTION('',(1.,0.,-0.));
#2227 = PLANE('',#2228);
#2228 = AXIS2_PLACEMENT_3D('',#2229,#2230,#2231);
#2229 = CARTESIAN_POINT('',(2.6,2.6,61.5));
#2230 = DIRECTION('',(0.,0.,1.));
#2231 = DIRECTION('',(1.,0.,-0.));
#2232 = ADVANCED_FACE('',(#2233),#2258,.T.);
#2233 = FACE_BOUND('',#2234,.T.);
#2234 = EDGE_LOOP('',(#2235,#2245,#2251,#2252));
#2235 = ORIENTED_EDGE('',*,*,#2236,.F.);
#2236 = EDGE_CURVE('',#2237,#2239,#2241,.T.);
#2237 = VERTEX_POINT('',#2238);
#2238 = CARTESIAN_POINT('',(4.2,10.4,65.1));
#2239 = VERTEX_POINT('',#2240);
#2240 = CARTESIAN_POINT('',(4.2,117.6,65.1));
#2241 = LINE('',#2242,#2243);
#2242 = CARTESIAN_POINT('',(4.2,3.4,65.1));
#2243 = VECTOR('',#2244,1.);
#2244 = DIRECTION('',(-0.,1.,0.));
#2245 = ORIENTED_EDGE('',*,*,#2246,.F.);
#2246 = EDGE_CURVE('',#2099,#2237,#2247,.T.);
#2247 = LINE('',#2248,#2249);
#2248 = CARTESIAN_POINT('',(4.2,10.4,61.));
#2249 = VECTOR('',#2250,1.);
#2250 = DIRECTION('',(0.,0.,1.));
#2251 = ORIENTED_EDGE('',*,*,#2106,.T.);
#2252 = ORIENTED_EDGE('',*,*,#2253,.T.);
#2253 = EDGE_CURVE('',#2017,#2239,#2254,.T.);
#2254 = LINE('',#2255,#2256);
#2255 = CARTESIAN_POINT('',(4.2,117.6,61.));
#2256 = VECTOR('',#2257,1.);
#2257 = DIRECTION('',(0.,-0.,1.));
#2258 = PLANE('',#2259);
#2259 = AXIS2_PLACEMENT_3D('',#2260,#2261,#2262);
#2260 = CARTESIAN_POINT('',(4.2,4.2,60.5));
#2261 = DIRECTION('',(1.,0.,-0.));
#2262 = DIRECTION('',(0.,0.,1.));
#2263 = ADVANCED_FACE('',(#2264),#2282,.T.);
#2264 = FACE_BOUND('',#2265,.F.);
#2265 = EDGE_LOOP('',(#2266,#2267,#2268,#2276));
#2266 = ORIENTED_EDGE('',*,*,#2016,.F.);
#2267 = ORIENTED_EDGE('',*,*,#2253,.T.);
#2268 = ORIENTED_EDGE('',*,*,#2269,.T.);
#2269 = EDGE_CURVE('',#2239,#2270,#2272,.T.);
#2270 = VERTEX_POINT('',#2271);
#2271 = CARTESIAN_POINT('',(10.4,117.6,65.1));
#2272 = LINE('',#2273,#2274);
#2273 = CARTESIAN_POINT('',(2.4,117.6,65.1));
#2274 = VECTOR('',#2275,1.);
#2275 = DIRECTION('',(1.,-0.,-0.));
#2276 = ORIENTED_EDGE('',*,*,#2277,.F.);
#2277 = EDGE_CURVE('',#2019,#2270,#2278,.T.);
#2278 = LINE('',#2279,#2280);
#2279 = CARTESIAN_POINT('',(10.4,117.6,61.5));
#2280 = VECTOR('',#2281,1.);
#2281 = DIRECTION('',(-0.,-0.,1.));
#2282 = PLANE('',#2283);
#2283 = AXIS2_PLACEMENT_3D('',#2284,#2285,#2286);
#2284 = CARTESIAN_POINT('',(2.4,117.6,61.5));
#2285 = DIRECTION('',(-0.,-1.,-0.));
#2286 = DIRECTION('',(0.,0.,-1.));
#2287 = ADVANCED_FACE('',(#2288),#2306,.T.);
#2288 = FACE_BOUND('',#2289,.T.);
#2289 = EDGE_LOOP('',(#2290,#2291,#2292,#2300));
#2290 = ORIENTED_EDGE('',*,*,#2098,.F.);
#2291 = ORIENTED_EDGE('',*,*,#2246,.T.);
#2292 = ORIENTED_EDGE('',*,*,#2293,.T.);
#2293 = EDGE_CURVE('',#2237,#2294,#2296,.T.);
#2294 = VERTEX_POINT('',#2295);
#2295 = CARTESIAN_POINT('',(10.4,10.4,65.1));
#2296 = LINE('',#2297,#2298);
#2297 = CARTESIAN_POINT('',(2.4,10.4,65.1));
#2298 = VECTOR('',#2299,1.);
#2299 = DIRECTION('',(1.,0.,-0.));
#2300 = ORIENTED_EDGE('',*,*,#2301,.F.);
#2301 = EDGE_CURVE('',#2091,#2294,#2302,.T.);
#2302 = LINE('',#2303,#2304);
#2303 = CARTESIAN_POINT('',(10.4,10.4,61.5));
#2304 = VECTOR('',#2305,1.);
#2305 = DIRECTION('',(0.,0.,1.));
#2306 = PLANE('',#2307);
#2307 = AXIS2_PLACEMENT_3D('',#2308,#2309,#2310);
#2308 = CARTESIAN_POINT('',(2.4,10.4,61.5));
#2309 = DIRECTION('',(-0.,1.,0.));
#2310 = DIRECTION('',(0.,0.,1.));
#2311 = ADVANCED_FACE('',(#2312),#2330,.T.);
#2312 = FACE_BOUND('',#2313,.T.);
#2313 = EDGE_LOOP('',(#2314,#2322,#2328,#2329));
#2314 = ORIENTED_EDGE('',*,*,#2315,.F.);
#2315 = EDGE_CURVE('',#2316,#2294,#2318,.T.);
#2316 = VERTEX_POINT('',#2317);
#2317 = CARTESIAN_POINT('',(10.4,4.2,65.1));
#2318 = LINE('',#2319,#2320);
#2319 = CARTESIAN_POINT('',(10.4,2.4,65.1));
#2320 = VECTOR('',#2321,1.);
#2321 = DIRECTION('',(-0.,1.,0.));
#2322 = ORIENTED_EDGE('',*,*,#2323,.T.);
#2323 = EDGE_CURVE('',#2316,#2083,#2324,.T.);
#2324 = LINE('',#2325,#2326);
#2325 = CARTESIAN_POINT('',(10.4,4.2,61.));
#2326 = VECTOR('',#2327,1.);
#2327 = DIRECTION('',(-0.,0.,-1.));
#2328 = ORIENTED_EDGE('',*,*,#2090,.T.);
#2329 = ORIENTED_EDGE('',*,*,#2301,.T.);
#2330 = PLANE('',#2331);
#2331 = AXIS2_PLACEMENT_3D('',#2332,#2333,#2334);
#2332 = CARTESIAN_POINT('',(10.4,2.4,61.5));
#2333 = DIRECTION('',(1.,0.,-0.));
#2334 = DIRECTION('',(0.,0.,1.));
#2335 = ADVANCED_FACE('',(#2336),#2354,.T.);
#2336 = FACE_BOUND('',#2337,.T.);
#2337 = EDGE_LOOP('',(#2338,#2346,#2347,#2348));
#2338 = ORIENTED_EDGE('',*,*,#2339,.T.);
#2339 = EDGE_CURVE('',#2340,#2075,#2342,.T.);
#2340 = VERTEX_POINT('',#2341);
#2341 = CARTESIAN_POINT('',(87.6,4.2,65.1));
#2342 = LINE('',#2343,#2344);
#2343 = CARTESIAN_POINT('',(87.6,4.2,61.));
#2344 = VECTOR('',#2345,1.);
#2345 = DIRECTION('',(0.,0.,-1.));
#2346 = ORIENTED_EDGE('',*,*,#2082,.T.);
#2347 = ORIENTED_EDGE('',*,*,#2323,.F.);
#2348 = ORIENTED_EDGE('',*,*,#2349,.F.);
#2349 = EDGE_CURVE('',#2340,#2316,#2350,.T.);
#2350 = LINE('',#2351,#2352);
#2351 = CARTESIAN_POINT('',(3.4,4.2,65.1));
#2352 = VECTOR('',#2353,1.);
#2353 = DIRECTION('',(-1.,-0.,0.));
#2354 = PLANE('',#2355);
#2355 = AXIS2_PLACEMENT_3D('',#2356,#2357,#2358);
#2356 = CARTESIAN_POINT('',(4.2,4.2,60.5));
#2357 = DIRECTION('',(-0.,1.,0.));
#2358 = DIRECTION('',(0.,0.,1.));
#2359 = ADVANCED_FACE('',(#2360),#2378,.T.);
#2360 = FACE_BOUND('',#2361,.F.);
#2361 = EDGE_LOOP('',(#2362,#2370,#2371,#2372));
#2362 = ORIENTED_EDGE('',*,*,#2363,.F.);
#2363 = EDGE_CURVE('',#2340,#2364,#2366,.T.);
#2364 = VERTEX_POINT('',#2365);
#2365 = CARTESIAN_POINT('',(87.6,10.4,65.1));
#2366 = LINE('',#2367,#2368);
#2367 = CARTESIAN_POINT('',(87.6,2.4,65.1));
#2368 = VECTOR('',#2369,1.);
#2369 = DIRECTION('',(-0.,1.,-0.));
#2370 = ORIENTED_EDGE('',*,*,#2339,.T.);
#2371 = ORIENTED_EDGE('',*,*,#2074,.T.);
#2372 = ORIENTED_EDGE('',*,*,#2373,.T.);
#2373 = EDGE_CURVE('',#2067,#2364,#2374,.T.);
#2374 = LINE('',#2375,#2376);
#2375 = CARTESIAN_POINT('',(87.6,10.4,61.5));
#2376 = VECTOR('',#2377,1.);
#2377 = DIRECTION('',(-0.,-0.,1.));
#2378 = PLANE('',#2379);
#2379 = AXIS2_PLACEMENT_3D('',#2380,#2381,#2382);
#2380 = CARTESIAN_POINT('',(87.6,2.4,61.5));
#2381 = DIRECTION('',(-1.,-0.,-0.));
#2382 = DIRECTION('',(0.,0.,-1.));
#2383 = ADVANCED_FACE('',(#2384),#2402,.T.);
#2384 = FACE_BOUND('',#2385,.F.);
#2385 = EDGE_LOOP('',(#2386,#2387,#2395,#2401));
#2386 = ORIENTED_EDGE('',*,*,#2066,.F.);
#2387 = ORIENTED_EDGE('',*,*,#2388,.F.);
#2388 = EDGE_CURVE('',#2389,#2059,#2391,.T.);
#2389 = VERTEX_POINT('',#2390);
#2390 = CARTESIAN_POINT('',(93.8,10.4,65.1));
#2391 = LINE('',#2392,#2393);
#2392 = CARTESIAN_POINT('',(93.8,10.4,61.));
#2393 = VECTOR('',#2394,1.);
#2394 = DIRECTION('',(0.,-0.,-1.));
#2395 = ORIENTED_EDGE('',*,*,#2396,.T.);
#2396 = EDGE_CURVE('',#2389,#2364,#2397,.T.);
#2397 = LINE('',#2398,#2399);
#2398 = CARTESIAN_POINT('',(95.6,10.4,65.1));
#2399 = VECTOR('',#2400,1.);
#2400 = DIRECTION('',(-1.,-0.,-0.));
#2401 = ORIENTED_EDGE('',*,*,#2373,.F.);
#2402 = PLANE('',#2403);
#2403 = AXIS2_PLACEMENT_3D('',#2404,#2405,#2406);
#2404 = CARTESIAN_POINT('',(95.6,10.4,61.5));
#2405 = DIRECTION('',(-0.,1.,-0.));
#2406 = DIRECTION('',(0.,0.,-1.));
#2407 = ADVANCED_FACE('',(#2408),#2426,.F.);
#2408 = FACE_BOUND('',#2409,.F.);
#2409 = EDGE_LOOP('',(#2410,#2418,#2419,#2420));
#2410 = ORIENTED_EDGE('',*,*,#2411,.F.);
#2411 = EDGE_CURVE('',#2389,#2412,#2414,.T.);
#2412 = VERTEX_POINT('',#2413);
#2413 = CARTESIAN_POINT('',(93.8,117.6,65.1));
#2414 = LINE('',#2415,#2416);
#2415 = CARTESIAN_POINT('',(93.8,3.4,65.1));
#2416 = VECTOR('',#2417,1.);
#2417 = DIRECTION('',(-0.,1.,0.));
#2418 = ORIENTED_EDGE('',*,*,#2388,.T.);
#2419 = ORIENTED_EDGE('',*,*,#2058,.T.);
#2420 = ORIENTED_EDGE('',*,*,#2421,.F.);
#2421 = EDGE_CURVE('',#2412,#2051,#2422,.T.);
#2422 = LINE('',#2423,#2424);
#2423 = CARTESIAN_POINT('',(93.8,117.6,61.));
#2424 = VECTOR('',#2425,1.);
#2425 = DIRECTION('',(-0.,0.,-1.));
#2426 = PLANE('',#2427);
#2427 = AXIS2_PLACEMENT_3D('',#2428,#2429,#2430);
#2428 = CARTESIAN_POINT('',(93.8,4.2,60.5));
#2429 = DIRECTION('',(1.,0.,-0.));
#2430 = DIRECTION('',(0.,0.,1.));
#2431 = ADVANCED_FACE('',(#2432),#2450,.T.);
#2432 = FACE_BOUND('',#2433,.T.);
#2433 = EDGE_LOOP('',(#2434,#2435,#2436,#2444));
#2434 = ORIENTED_EDGE('',*,*,#2050,.F.);
#2435 = ORIENTED_EDGE('',*,*,#2421,.F.);
#2436 = ORIENTED_EDGE('',*,*,#2437,.T.);
#2437 = EDGE_CURVE('',#2412,#2438,#2440,.T.);
#2438 = VERTEX_POINT('',#2439);
#2439 = CARTESIAN_POINT('',(87.6,117.6,65.1));
#2440 = LINE('',#2441,#2442);
#2441 = CARTESIAN_POINT('',(95.6,117.6,65.1));
#2442 = VECTOR('',#2443,1.);
#2443 = DIRECTION('',(-1.,0.,-0.));
#2444 = ORIENTED_EDGE('',*,*,#2445,.F.);
#2445 = EDGE_CURVE('',#2043,#2438,#2446,.T.);
#2446 = LINE('',#2447,#2448);
#2447 = CARTESIAN_POINT('',(87.6,117.6,61.5));
#2448 = VECTOR('',#2449,1.);
#2449 = DIRECTION('',(-0.,-0.,1.));
#2450 = PLANE('',#2451);
#2451 = AXIS2_PLACEMENT_3D('',#2452,#2453,#2454);
#2452 = CARTESIAN_POINT('',(95.6,117.6,61.5));
#2453 = DIRECTION('',(-0.,-1.,-0.));
#2454 = DIRECTION('',(-0.,-0.,1.));
#2455 = ADVANCED_FACE('',(#2456),#2474,.T.);
#2456 = FACE_BOUND('',#2457,.T.);
#2457 = EDGE_LOOP('',(#2458,#2466,#2472,#2473));
#2458 = ORIENTED_EDGE('',*,*,#2459,.F.);
#2459 = EDGE_CURVE('',#2460,#2438,#2462,.T.);
#2460 = VERTEX_POINT('',#2461);
#2461 = CARTESIAN_POINT('',(87.6,123.8,65.1));
#2462 = LINE('',#2463,#2464);
#2463 = CARTESIAN_POINT('',(87.6,125.6,65.1));
#2464 = VECTOR('',#2465,1.);
#2465 = DIRECTION('',(-0.,-1.,-0.));
#2466 = ORIENTED_EDGE('',*,*,#2467,.F.);
#2467 = EDGE_CURVE('',#2035,#2460,#2468,.T.);
#2468 = LINE('',#2469,#2470);
#2469 = CARTESIAN_POINT('',(87.6,123.8,61.));
#2470 = VECTOR('',#2471,1.);
#2471 = DIRECTION('',(-0.,-0.,1.));
#2472 = ORIENTED_EDGE('',*,*,#2042,.T.);
#2473 = ORIENTED_EDGE('',*,*,#2445,.T.);
#2474 = PLANE('',#2475);
#2475 = AXIS2_PLACEMENT_3D('',#2476,#2477,#2478);
#2476 = CARTESIAN_POINT('',(87.6,125.6,61.5));
#2477 = DIRECTION('',(-1.,0.,-0.));
#2478 = DIRECTION('',(-0.,-0.,1.));
#2479 = ADVANCED_FACE('',(#2480),#2498,.F.);
#2480 = FACE_BOUND('',#2481,.F.);
#2481 = EDGE_LOOP('',(#2482,#2483,#2484,#2492));
#2482 = ORIENTED_EDGE('',*,*,#2467,.F.);
#2483 = ORIENTED_EDGE('',*,*,#2034,.T.);
#2484 = ORIENTED_EDGE('',*,*,#2485,.T.);
#2485 = EDGE_CURVE('',#2027,#2486,#2488,.T.);
#2486 = VERTEX_POINT('',#2487);
#2487 = CARTESIAN_POINT('',(10.4,123.8,65.1));
#2488 = LINE('',#2489,#2490);
#2489 = CARTESIAN_POINT('',(10.4,123.8,61.));
#2490 = VECTOR('',#2491,1.);
#2491 = DIRECTION('',(0.,0.,1.));
#2492 = ORIENTED_EDGE('',*,*,#2493,.F.);
#2493 = EDGE_CURVE('',#2460,#2486,#2494,.T.);
#2494 = LINE('',#2495,#2496);
#2495 = CARTESIAN_POINT('',(3.4,123.8,65.1));
#2496 = VECTOR('',#2497,1.);
#2497 = DIRECTION('',(-1.,-0.,0.));
#2498 = PLANE('',#2499);
#2499 = AXIS2_PLACEMENT_3D('',#2500,#2501,#2502);
#2500 = CARTESIAN_POINT('',(4.2,123.8,60.5));
#2501 = DIRECTION('',(-0.,1.,0.));
#2502 = DIRECTION('',(0.,0.,1.));
#2503 = ADVANCED_FACE('',(#2504),#2515,.T.);
#2504 = FACE_BOUND('',#2505,.F.);
#2505 = EDGE_LOOP('',(#2506,#2512,#2513,#2514));
#2506 = ORIENTED_EDGE('',*,*,#2507,.F.);
#2507 = EDGE_CURVE('',#2486,#2270,#2508,.T.);
#2508 = LINE('',#2509,#2510);
#2509 = CARTESIAN_POINT('',(10.4,125.6,65.1));
#2510 = VECTOR('',#2511,1.);
#2511 = DIRECTION('',(-0.,-1.,-0.));
#2512 = ORIENTED_EDGE('',*,*,#2485,.F.);
#2513 = ORIENTED_EDGE('',*,*,#2026,.T.);
#2514 = ORIENTED_EDGE('',*,*,#2277,.T.);
#2515 = PLANE('',#2516);
#2516 = AXIS2_PLACEMENT_3D('',#2517,#2518,#2519);
#2517 = CARTESIAN_POINT('',(10.4,125.6,61.5));
#2518 = DIRECTION('',(1.,-0.,-0.));
#2519 = DIRECTION('',(0.,0.,-1.));
#2520 = ADVANCED_FACE('',(#2521),#2542,.F.);
#2521 = FACE_BOUND('',#2522,.F.);
#2522 = EDGE_LOOP('',(#2523,#2531,#2538,#2539,#2540,#2541));
#2523 = ORIENTED_EDGE('',*,*,#2524,.T.);
#2524 = EDGE_CURVE('',#2115,#2525,#2527,.T.);
#2525 = VERTEX_POINT('',#2526);
#2526 = CARTESIAN_POINT('',(88.95,121.6,64.8));
#2527 = LINE('',#2528,#2529);
#2528 = CARTESIAN_POINT('',(88.95,121.6,60.5));
#2529 = VECTOR('',#2530,1.);
#2530 = DIRECTION('',(-0.,-0.,1.));
#2531 = ORIENTED_EDGE('',*,*,#2532,.F.);
#2532 = EDGE_CURVE('',#2525,#2525,#2533,.T.);
#2533 = CIRCLE('',#2534,2.65);
#2534 = AXIS2_PLACEMENT_3D('',#2535,#2536,#2537);
#2535 = CARTESIAN_POINT('',(91.6,121.6,64.8));
#2536 = DIRECTION('',(-0.,0.,1.));
#2537 = DIRECTION('',(-1.,0.,-0.));
#2538 = ORIENTED_EDGE('',*,*,#2524,.F.);
#2539 = ORIENTED_EDGE('',*,*,#2114,.T.);
#2540 = ORIENTED_EDGE('',*,*,#2134,.T.);
#2541 = ORIENTED_EDGE('',*,*,#2125,.T.);
#2542 = CYLINDRICAL_SURFACE('',#2543,2.65);
#2543 = AXIS2_PLACEMENT_3D('',#2544,#2545,#2546);
#2544 = CARTESIAN_POINT('',(91.6,121.6,60.5));
#2545 = DIRECTION('',(-0.,-0.,1.));
#2546 = DIRECTION('',(-1.,0.,-0.));
#2547 = ADVANCED_FACE('',(#2548),#2551,.F.);
#2548 = FACE_BOUND('',#2549,.F.);
#2549 = EDGE_LOOP('',(#2550));
#2550 = ORIENTED_EDGE('',*,*,#2532,.T.);
#2551 = PLANE('',#2552);
#2552 = AXIS2_PLACEMENT_3D('',#2553,#2554,#2555);
#2553 = CARTESIAN_POINT('',(91.6,121.6,64.8));
#2554 = DIRECTION('',(-0.,-0.,1.));
#2555 = DIRECTION('',(-1.,0.,-0.));
#2556 = ADVANCED_FACE('',(#2557),#2578,.F.);
#2557 = FACE_BOUND('',#2558,.T.);
#2558 = EDGE_LOOP('',(#2559,#2567,#2574,#2575,#2576,#2577));
#2559 = ORIENTED_EDGE('',*,*,#2560,.T.);
#2560 = EDGE_CURVE('',#2144,#2561,#2563,.T.);
#2561 = VERTEX_POINT('',#2562);
#2562 = CARTESIAN_POINT('',(9.05,121.6,64.8));
#2563 = LINE('',#2564,#2565);
#2564 = CARTESIAN_POINT('',(9.05,121.6,60.5));
#2565 = VECTOR('',#2566,1.);
#2566 = DIRECTION('',(-0.,-0.,1.));
#2567 = ORIENTED_EDGE('',*,*,#2568,.F.);
#2568 = EDGE_CURVE('',#2561,#2561,#2569,.T.);
#2569 = CIRCLE('',#2570,2.65);
#2570 = AXIS2_PLACEMENT_3D('',#2571,#2572,#2573);
#2571 = CARTESIAN_POINT('',(6.4,121.6,64.8));
#2572 = DIRECTION('',(0.,0.,-1.));
#2573 = DIRECTION('',(1.,-0.,-0.));
#2574 = ORIENTED_EDGE('',*,*,#2560,.F.);
#2575 = ORIENTED_EDGE('',*,*,#2154,.F.);
#2576 = ORIENTED_EDGE('',*,*,#2163,.F.);
#2577 = ORIENTED_EDGE('',*,*,#2143,.F.);
#2578 = CYLINDRICAL_SURFACE('',#2579,2.65);
#2579 = AXIS2_PLACEMENT_3D('',#2580,#2581,#2582);
#2580 = CARTESIAN_POINT('',(6.4,121.6,60.5));
#2581 = DIRECTION('',(-0.,-0.,1.));
#2582 = DIRECTION('',(1.,-0.,-0.));
#2583 = ADVANCED_FACE('',(#2584),#2587,.F.);
#2584 = FACE_BOUND('',#2585,.T.);
#2585 = EDGE_LOOP('',(#2586));
#2586 = ORIENTED_EDGE('',*,*,#2568,.T.);
#2587 = PLANE('',#2588);
#2588 = AXIS2_PLACEMENT_3D('',#2589,#2590,#2591);
#2589 = CARTESIAN_POINT('',(6.4,121.6,64.8));
#2590 = DIRECTION('',(-0.,-0.,1.));
#2591 = DIRECTION('',(-1.,0.,0.));
#2592 = ADVANCED_FACE('',(#2593),#2614,.F.);
#2593 = FACE_BOUND('',#2594,.T.);
#2594 = EDGE_LOOP('',(#2595,#2603,#2610,#2611,#2612,#2613));
#2595 = ORIENTED_EDGE('',*,*,#2596,.T.);
#2596 = EDGE_CURVE('',#2173,#2597,#2599,.T.);
#2597 = VERTEX_POINT('',#2598);
#2598 = CARTESIAN_POINT('',(88.95,6.4,64.8));
#2599 = LINE('',#2600,#2601);
#2600 = CARTESIAN_POINT('',(88.95,6.4,60.5));
#2601 = VECTOR('',#2602,1.);
#2602 = DIRECTION('',(-0.,-0.,1.));
#2603 = ORIENTED_EDGE('',*,*,#2604,.F.);
#2604 = EDGE_CURVE('',#2597,#2597,#2605,.T.);
#2605 = CIRCLE('',#2606,2.65);
#2606 = AXIS2_PLACEMENT_3D('',#2607,#2608,#2609);
#2607 = CARTESIAN_POINT('',(91.6,6.4,64.8));
#2608 = DIRECTION('',(0.,0.,-1.));
#2609 = DIRECTION('',(-1.,-0.,-0.));
#2610 = ORIENTED_EDGE('',*,*,#2596,.F.);
#2611 = ORIENTED_EDGE('',*,*,#2183,.F.);
#2612 = ORIENTED_EDGE('',*,*,#2192,.F.);
#2613 = ORIENTED_EDGE('',*,*,#2172,.F.);
#2614 = CYLINDRICAL_SURFACE('',#2615,2.65);
#2615 = AXIS2_PLACEMENT_3D('',#2616,#2617,#2618);
#2616 = CARTESIAN_POINT('',(91.6,6.4,60.5));
#2617 = DIRECTION('',(-0.,-0.,1.));
#2618 = DIRECTION('',(-1.,-0.,-0.));
#2619 = ADVANCED_FACE('',(#2620),#2623,.F.);
#2620 = FACE_BOUND('',#2621,.T.);
#2621 = EDGE_LOOP('',(#2622));
#2622 = ORIENTED_EDGE('',*,*,#2604,.T.);
#2623 = PLANE('',#2624);
#2624 = AXIS2_PLACEMENT_3D('',#2625,#2626,#2627);
#2625 = CARTESIAN_POINT('',(91.6,6.4,64.8));
#2626 = DIRECTION('',(-0.,-0.,1.));
#2627 = DIRECTION('',(1.,0.,0.));
#2628 = ADVANCED_FACE('',(#2629),#2650,.F.);
#2629 = FACE_BOUND('',#2630,.F.);
#2630 = EDGE_LOOP('',(#2631,#2639,#2646,#2647,#2648,#2649));
#2631 = ORIENTED_EDGE('',*,*,#2632,.T.);
#2632 = EDGE_CURVE('',#2202,#2633,#2635,.T.);
#2633 = VERTEX_POINT('',#2634);
#2634 = CARTESIAN_POINT('',(9.05,6.4,64.8));
#2635 = LINE('',#2636,#2637);
#2636 = CARTESIAN_POINT('',(9.05,6.4,60.5));
#2637 = VECTOR('',#2638,1.);
#2638 = DIRECTION('',(0.,0.,1.));
#2639 = ORIENTED_EDGE('',*,*,#2640,.F.);
#2640 = EDGE_CURVE('',#2633,#2633,#2641,.T.);
#2641 = CIRCLE('',#2642,2.65);
#2642 = AXIS2_PLACEMENT_3D('',#2643,#2644,#2645);
#2643 = CARTESIAN_POINT('',(6.4,6.4,64.8));
#2644 = DIRECTION('',(0.,0.,1.));
#2645 = DIRECTION('',(1.,0.,-0.));
#2646 = ORIENTED_EDGE('',*,*,#2632,.F.);
#2647 = ORIENTED_EDGE('',*,*,#2201,.T.);
#2648 = ORIENTED_EDGE('',*,*,#2221,.T.);
#2649 = ORIENTED_EDGE('',*,*,#2212,.T.);
#2650 = CYLINDRICAL_SURFACE('',#2651,2.65);
#2651 = AXIS2_PLACEMENT_3D('',#2652,#2653,#2654);
#2652 = CARTESIAN_POINT('',(6.4,6.4,60.5));
#2653 = DIRECTION('',(0.,0.,1.));
#2654 = DIRECTION('',(1.,0.,-0.));
#2655 = ADVANCED_FACE('',(#2656),#2659,.F.);
#2656 = FACE_BOUND('',#2657,.F.);
#2657 = EDGE_LOOP('',(#2658));
#2658 = ORIENTED_EDGE('',*,*,#2640,.T.);
#2659 = PLANE('',#2660);
#2660 = AXIS2_PLACEMENT_3D('',#2661,#2662,#2663);
#2661 = CARTESIAN_POINT('',(6.4,6.4,64.8));
#2662 = DIRECTION('',(0.,0.,1.));
#2663 = DIRECTION('',(1.,0.,-0.));
#2664 = ADVANCED_FACE('',(#2665,#2675),#2689,.T.);
#2665 = FACE_BOUND('',#2666,.T.);
#2666 = EDGE_LOOP('',(#2667,#2668,#2669,#2670,#2671,#2672,#2673,#2674));
#2667 = ORIENTED_EDGE('',*,*,#1750,.T.);
#2668 = ORIENTED_EDGE('',*,*,#1781,.T.);
#2669 = ORIENTED_EDGE('',*,*,#1831,.F.);
#2670 = ORIENTED_EDGE('',*,*,#1879,.T.);
#2671 = ORIENTED_EDGE('',*,*,#1922,.T.);
#2672 = ORIENTED_EDGE('',*,*,#1897,.T.);
#2673 = ORIENTED_EDGE('',*,*,#1848,.F.);
#2674 = ORIENTED_EDGE('',*,*,#1799,.T.);
#2675 = FACE_BOUND('',#2676,.T.);
#2676 = EDGE_LOOP('',(#2677,#2678,#2679,#2680,#2681,#2682,#2683,#2684,
    #2685,#2686,#2687,#2688));
#2677 = ORIENTED_EDGE('',*,*,#2236,.T.);
#2678 = ORIENTED_EDGE('',*,*,#2269,.T.);
#2679 = ORIENTED_EDGE('',*,*,#2507,.F.);
#2680 = ORIENTED_EDGE('',*,*,#2493,.F.);
#2681 = ORIENTED_EDGE('',*,*,#2459,.T.);
#2682 = ORIENTED_EDGE('',*,*,#2437,.F.);
#2683 = ORIENTED_EDGE('',*,*,#2411,.F.);
#2684 = ORIENTED_EDGE('',*,*,#2396,.T.);
#2685 = ORIENTED_EDGE('',*,*,#2363,.F.);
#2686 = ORIENTED_EDGE('',*,*,#2349,.T.);
#2687 = ORIENTED_EDGE('',*,*,#2315,.T.);
#2688 = ORIENTED_EDGE('',*,*,#2293,.F.);
#2689 = PLANE('',#2690);
#2690 = AXIS2_PLACEMENT_3D('',#2691,#2692,#2693);
#2691 = CARTESIAN_POINT('',(49.,64.,65.1));
#2692 = DIRECTION('',(0.,0.,1.));
#2693 = DIRECTION('',(1.,0.,-0.));
#2694 = ( GEOMETRIC_REPRESENTATION_CONTEXT(3) 
GLOBAL_UNCERTAINTY_ASSIGNED_CONTEXT((#2698)) 
GLOBAL_UNIT_ASSIGNED_CONTEXT((#2695,#2696,#2697)) REPRESENTATION_CONTEXT
('Context #1','3D Context with UNIT and UNCERTAINTY') );
#2695 = ( LENGTH_UNIT() NAMED_UNIT(*) SI_UNIT(.MILLI.,.METRE.) );
#2696 = ( NAMED_UNIT(*) PLANE_ANGLE_UNIT() SI_UNIT($,.RADIAN.) );
#2697 = ( NAMED_UNIT(*) SI_UNIT($,.STERADIAN.) SOLID_ANGLE_UNIT() );
#2698 = UNCERTAINTY_MEASURE_WITH_UNIT(LENGTH_MEASURE(2.E-07),#2695,
  'distance_accuracy_value','confusion accuracy');
#2699 = PRODUCT_RELATED_PRODUCT_CATEGORY('part',$,(#7));
#2700 = MECHANICAL_DESIGN_GEOMETRIC_PRESENTATION_REPRESENTATION('',(
    #2701),#2694);
#2701 = STYLED_ITEM('color',(#2702),#15);
#2702 = PRESENTATION_STYLE_ASSIGNMENT((#2703,#2711));
#2703 = SURFACE_STYLE_USAGE(.BOTH.,#2704);
#2704 = SURFACE_SIDE_STYLE('',(#2705,#2709));
#2705 = SURFACE_STYLE_FILL_AREA(#2706);
#2706 = FILL_AREA_STYLE('',(#2707));
#2707 = FILL_AREA_STYLE_COLOUR('',#2708);
#2708 = COLOUR_RGB('',0.800000010877,0.449999985486,9.999999991362E-02);
#2709 = SURFACE_STYLE_RENDERING_WITH_PROPERTIES(.NORMAL_SHADING.,#2708,(
    #2710));
#2710 = SURFACE_STYLE_TRANSPARENT(0.600000023842);
#2711 = CURVE_STYLE('',#2712,POSITIVE_LENGTH_MEASURE(0.1),#2713);
#2712 = DRAUGHTING_PRE_DEFINED_CURVE_FONT('continuous');
#2713 = COLOUR_RGB('',9.803921802644E-02,9.803921802644E-02,
  9.803921802644E-02);
ENDSEC;
END-ISO-10303-21;
