ISO-10303-21;
HEADER;
FILE_DESCRIPTION(('FreeCAD Model'),'2;1');
FILE_NAME('Open CASCADE Shape Model','2026-09-25T19:48:51',(''),(''),
  'Open CASCADE STEP processor 7.8','FreeCAD','Unknown');
FILE_SCHEMA(('AUTOMOTIVE_DESIGN { 1 0 10303 214 1 1 1 1 }'));
ENDSEC;
DATA;
#1 = APPLICATION_PROTOCOL_DEFINITION('international standard',
  'automotive_design',2000,#2);
#2 = APPLICATION_CONTEXT(
  'core data for automotive mechanical design processes');
#3 = SHAPE_DEFINITION_REPRESENTATION(#4,#10);
#4 = PRODUCT_DEFINITION_SHAPE('','',#5);
#5 = PRODUCT_DEFINITION('design','',#6,#9);
#6 = PRODUCT_DEFINITION_FORMATION('','',#7);
#7 = PRODUCT('Base','Base','',(#8));
#8 = PRODUCT_CONTEXT('',#2,'mechanical');
#9 = PRODUCT_DEFINITION_CONTEXT('part definition',#2,'design');
#10 = ADVANCED_BREP_SHAPE_REPRESENTATION('',(#11,#15),#13944);
#11 = AXIS2_PLACEMENT_3D('',#12,#13,#14);
#12 = CARTESIAN_POINT('',(0.,0.,0.));
#13 = DIRECTION('',(0.,0.,1.));
#14 = DIRECTION('',(1.,0.,-0.));
#15 = MANIFOLD_SOLID_BREP('',#16);
#16 = CLOSED_SHELL('',(#17,#68,#99,#130,#249,#280,#304,#328,#345,#370,
    #395,#462,#516,#556,#683,#810,#1070,#1107,#1138,#1169,#1200,#1231,
    #1262,#1293,#1324,#1355,#1386,#1417,#1448,#1479,#1510,#1534,#1558,
    #1589,#1613,#1637,#1654,#1685,#1709,#1733,#1750,#1781,#1805,#1829,
    #1846,#1877,#1901,#1925,#1942,#1973,#1997,#2021,#2038,#2069,#2100,
    #2117,#2141,#2188,#2255,#2286,#2312,#2344,#2375,#2392,#2425,#2465,
    #2497,#2528,#2579,#2603,#2620,#2715,#2757,#2788,#2800,#2817,#2839,
    #2861,#2892,#2914,#2936,#2967,#3055,#3079,#3096,#3125,#3137,#3162,
    #3179,#3191,#3216,#3241,#3253,#3271,#3312,#3343,#3403,#3432,#3449,
    #3466,#3491,#3516,#3541,#3566,#3591,#3613,#3633,#4016,#4049,#4080,
    #4209,#4234,#4259,#4291,#4315,#4340,#4357,#4389,#4406,#4431,#4463,
    #4487,#4512,#4529,#4561,#4585,#4610,#4627,#4652,#4683,#4708,#4732,
    #4764,#4788,#4813,#4830,#4862,#4886,#4911,#4928,#4960,#4984,#5009,
    #5026,#5058,#5075,#5100,#5125,#5384,#5401,#6758,#6790,#6815,#7282,
    #7304,#7321,#7338,#7355,#7367,#7398,#7422,#7446,#7470,#7494,#7511,
    #7542,#7566,#7590,#7614,#7638,#7655,#7686,#7710,#7734,#7758,#7782,
    #7799,#7830,#7854,#7878,#7902,#7926,#7943,#7974,#7999,#8023,#8054,
    #8079,#8103,#8134,#8159,#8183,#8208,#8239,#8263,#8287,#8311,#8335,
    #8359,#8376,#8409,#8435,#8461,#8487,#8513,#8539,#8565,#8584,#8615,
    #8639,#8663,#8680,#8713,#8739,#8765,#8791,#8817,#8843,#8869,#8895,
    #8921,#8947,#8973,#8999,#9023,#9049,#9075,#9101,#9127,#9153,#9179,
    #9203,#9229,#9255,#9281,#9307,#9333,#9359,#9385,#9402,#9435,#9461,
    #9487,#9513,#9539,#9565,#9591,#9617,#9643,#9669,#9695,#9721,#9747,
    #9773,#9799,#9816,#9847,#9872,#9896,#9927,#9952,#9976,#10007,#10032,
    #10056,#10087,#10112,#10136,#10167,#10192,#10216,#10247,#10272,
    #10296,#10328,#10352,#10376,#10408,#10432,#10456,#10488,#10512,
    #10536,#10568,#10592,#10616,#10648,#10672,#10696,#10728,#10752,
    #10776,#10808,#10832,#10856,#10888,#10912,#10936,#10968,#10992,
    #11016,#11048,#11072,#11096,#11121,#11146,#11171,#11196,#11211,
    #11325,#11337,#11373,#11463,#11480,#11505,#11530,#11555,#11593,
    #11623,#11660,#11695,#11725,#11756,#11787,#11817,#11854,#11889,
    #11919,#11943,#11983,#12016,#12049,#12084,#12117,#12150,#12183,
    #12209,#12221,#12233,#12245,#12265,#12281,#12290,#12299,#12308,
    #12317,#12527,#12558,#12582,#12606,#12630,#12654,#12678,#12702,
    #12726,#12750,#12774,#12798,#12815,#12835,#12866,#12890,#12914,
    #12931,#12943,#12969,#13209,#13431,#13538,#13584,#13600,#13616,
    #13630,#13642,#13654,#13666,#13678,#13692,#13706,#13720,#13734,
    #13748,#13762,#13776,#13790,#13804,#13818,#13832,#13846,#13860,
    #13874,#13888,#13902,#13916,#13930));
#17 = ADVANCED_FACE('',(#18),#63,.F.);
#18 = FACE_BOUND('',#19,.F.);
#19 = EDGE_LOOP('',(#20,#30,#39,#47,#56));
#20 = ORIENTED_EDGE('',*,*,#21,.F.);
#21 = EDGE_CURVE('',#22,#24,#26,.T.);
#22 = VERTEX_POINT('',#23);
#23 = CARTESIAN_POINT('',(2.4,6.,2.605887450305));
#24 = VERTEX_POINT('',#25);
#25 = CARTESIAN_POINT('',(2.4,6.,52.9));
#26 = LINE('',#27,#28);
#27 = CARTESIAN_POINT('',(2.4,6.,2.4));
#28 = VECTOR('',#29,1.);
#29 = DIRECTION('',(0.,0.,1.));
#30 = ORIENTED_EDGE('',*,*,#31,.F.);
#31 = EDGE_CURVE('',#32,#22,#34,.T.);
#32 = VERTEX_POINT('',#33);
#33 = CARTESIAN_POINT('',(6.,2.4,2.605887450305));
#34 = CIRCLE('',#35,3.6);
#35 = AXIS2_PLACEMENT_3D('',#36,#37,#38);
#36 = CARTESIAN_POINT('',(6.,6.,2.605887450305));
#37 = DIRECTION('',(-0.,0.,-1.));
#38 = DIRECTION('',(-2.467162276945E-16,-1.,0.));
#39 = ORIENTED_EDGE('',*,*,#40,.T.);
#40 = EDGE_CURVE('',#32,#41,#43,.T.);
#41 = VERTEX_POINT('',#42);
#42 = CARTESIAN_POINT('',(6.,2.4,52.9));
#43 = LINE('',#44,#45);
#44 = CARTESIAN_POINT('',(6.,2.4,2.4));
#45 = VECTOR('',#46,1.);
#46 = DIRECTION('',(0.,0.,1.));
#47 = ORIENTED_EDGE('',*,*,#48,.T.);
#48 = EDGE_CURVE('',#41,#49,#51,.T.);
#49 = VERTEX_POINT('',#50);
#50 = CARTESIAN_POINT('',(3.454415587728,3.454415587728,50.354415587728)
  );
#51 = ELLIPSE('',#52,5.091168824543,3.6);
#52 = AXIS2_PLACEMENT_3D('',#53,#54,#55);
#53 = CARTESIAN_POINT('',(6.,6.,52.9));
#54 = DIRECTION('',(0.707106781187,0.,-0.707106781187));
#55 = DIRECTION('',(0.707106781187,0.,0.707106781187));
#56 = ORIENTED_EDGE('',*,*,#57,.T.);
#57 = EDGE_CURVE('',#49,#24,#58,.T.);
#58 = ELLIPSE('',#59,5.091168824543,3.6);
#59 = AXIS2_PLACEMENT_3D('',#60,#61,#62);
#60 = CARTESIAN_POINT('',(6.,6.,52.9));
#61 = DIRECTION('',(1.570092458684E-16,0.707106781187,-0.707106781187));
#62 = DIRECTION('',(1.570092458684E-16,0.707106781187,0.707106781187));
#63 = CYLINDRICAL_SURFACE('',#64,3.6);
#64 = AXIS2_PLACEMENT_3D('',#65,#66,#67);
#65 = CARTESIAN_POINT('',(6.,6.,2.4));
#66 = DIRECTION('',(0.,0.,1.));
#67 = DIRECTION('',(-1.,-0.,0.));
#68 = ADVANCED_FACE('',(#69),#94,.T.);
#69 = FACE_BOUND('',#70,.F.);
#70 = EDGE_LOOP('',(#71,#72,#80,#88));
#71 = ORIENTED_EDGE('',*,*,#57,.F.);
#72 = ORIENTED_EDGE('',*,*,#73,.F.);
#73 = EDGE_CURVE('',#74,#49,#76,.T.);
#74 = VERTEX_POINT('',#75);
#75 = CARTESIAN_POINT('',(10.4,10.4,57.3));
#76 = LINE('',#77,#78);
#77 = CARTESIAN_POINT('',(2.1,2.1,49.));
#78 = VECTOR('',#79,1.);
#79 = DIRECTION('',(-0.57735026919,-0.57735026919,-0.57735026919));
#80 = ORIENTED_EDGE('',*,*,#81,.F.);
#81 = EDGE_CURVE('',#82,#74,#84,.T.);
#82 = VERTEX_POINT('',#83);
#83 = CARTESIAN_POINT('',(2.4,10.4,57.3));
#84 = LINE('',#85,#86);
#85 = CARTESIAN_POINT('',(2.1,10.4,57.3));
#86 = VECTOR('',#87,1.);
#87 = DIRECTION('',(1.,2.22044604925E-16,-0.));
#88 = ORIENTED_EDGE('',*,*,#89,.T.);
#89 = EDGE_CURVE('',#82,#24,#90,.T.);
#90 = LINE('',#91,#92);
#91 = CARTESIAN_POINT('',(2.4,-9.475,37.425));
#92 = VECTOR('',#93,1.);
#93 = DIRECTION('',(0.,-0.707106781187,-0.707106781187));
#94 = PLANE('',#95);
#95 = AXIS2_PLACEMENT_3D('',#96,#97,#98);
#96 = CARTESIAN_POINT('',(2.1,2.1,49.));
#97 = DIRECTION('',(1.570092458684E-16,0.707106781187,-0.707106781187));
#98 = DIRECTION('',(-1.570092458684E-16,-0.707106781187,-0.707106781187)
  );
#99 = ADVANCED_FACE('',(#100),#125,.F.);
#100 = FACE_BOUND('',#101,.F.);
#101 = EDGE_LOOP('',(#102,#110,#111,#119));
#102 = ORIENTED_EDGE('',*,*,#103,.T.);
#103 = EDGE_CURVE('',#104,#82,#106,.T.);
#104 = VERTEX_POINT('',#105);
#105 = CARTESIAN_POINT('',(2.4,10.4,61.3));
#106 = LINE('',#107,#108);
#107 = CARTESIAN_POINT('',(2.4,10.4,29.382753429038));
#108 = VECTOR('',#109,1.);
#109 = DIRECTION('',(-0.,0.,-1.));
#110 = ORIENTED_EDGE('',*,*,#81,.T.);
#111 = ORIENTED_EDGE('',*,*,#112,.T.);
#112 = EDGE_CURVE('',#74,#113,#115,.T.);
#113 = VERTEX_POINT('',#114);
#114 = CARTESIAN_POINT('',(10.4,10.4,61.3));
#115 = LINE('',#116,#117);
#116 = CARTESIAN_POINT('',(10.4,10.4,57.3));
#117 = VECTOR('',#118,1.);
#118 = DIRECTION('',(0.,0.,1.));
#119 = ORIENTED_EDGE('',*,*,#120,.T.);
#120 = EDGE_CURVE('',#113,#104,#121,.T.);
#121 = LINE('',#122,#123);
#122 = CARTESIAN_POINT('',(10.4,10.4,61.3));
#123 = VECTOR('',#124,1.);
#124 = DIRECTION('',(-1.,0.,0.));
#125 = PLANE('',#126);
#126 = AXIS2_PLACEMENT_3D('',#127,#128,#129);
#127 = CARTESIAN_POINT('',(5.302093510836,10.4,56.365506858076));
#128 = DIRECTION('',(-0.,-1.,-0.));
#129 = DIRECTION('',(0.,0.,-1.));
#130 = ADVANCED_FACE('',(#131,#188,#222,#233),#244,.T.);
#131 = FACE_BOUND('',#132,.T.);
#132 = EDGE_LOOP('',(#133,#143,#149,#150,#158,#166,#174,#182));
#133 = ORIENTED_EDGE('',*,*,#134,.F.);
#134 = EDGE_CURVE('',#135,#137,#139,.T.);
#135 = VERTEX_POINT('',#136);
#136 = CARTESIAN_POINT('',(92.,2.4,2.605887450305));
#137 = VERTEX_POINT('',#138);
#138 = CARTESIAN_POINT('',(92.,2.4,52.9));
#139 = LINE('',#140,#141);
#140 = CARTESIAN_POINT('',(92.,2.4,2.4));
#141 = VECTOR('',#142,1.);
#142 = DIRECTION('',(0.,0.,1.));
#143 = ORIENTED_EDGE('',*,*,#144,.T.);
#144 = EDGE_CURVE('',#135,#32,#145,.T.);
#145 = LINE('',#146,#147);
#146 = CARTESIAN_POINT('',(92.,2.4,2.605887450305));
#147 = VECTOR('',#148,1.);
#148 = DIRECTION('',(-1.,-0.,0.));
#149 = ORIENTED_EDGE('',*,*,#40,.T.);
#150 = ORIENTED_EDGE('',*,*,#151,.F.);
#151 = EDGE_CURVE('',#152,#41,#154,.T.);
#152 = VERTEX_POINT('',#153);
#153 = CARTESIAN_POINT('',(9.5,2.4,56.4));
#154 = LINE('',#155,#156);
#155 = CARTESIAN_POINT('',(-9.475,2.4,37.425));
#156 = VECTOR('',#157,1.);
#157 = DIRECTION('',(-0.707106781187,0.,-0.707106781187));
#158 = ORIENTED_EDGE('',*,*,#159,.T.);
#159 = EDGE_CURVE('',#152,#160,#162,.T.);
#160 = VERTEX_POINT('',#161);
#161 = CARTESIAN_POINT('',(9.5,2.4,18.5));
#162 = LINE('',#163,#164);
#163 = CARTESIAN_POINT('',(9.5,2.4,10.45));
#164 = VECTOR('',#165,1.);
#165 = DIRECTION('',(-0.,0.,-1.));
#166 = ORIENTED_EDGE('',*,*,#167,.T.);
#167 = EDGE_CURVE('',#160,#168,#170,.T.);
#168 = VERTEX_POINT('',#169);
#169 = CARTESIAN_POINT('',(90.5,2.4,18.5));
#170 = LINE('',#171,#172);
#171 = CARTESIAN_POINT('',(5.95,2.4,18.5));
#172 = VECTOR('',#173,1.);
#173 = DIRECTION('',(1.,0.,-0.));
#174 = ORIENTED_EDGE('',*,*,#175,.F.);
#175 = EDGE_CURVE('',#176,#168,#178,.T.);
#176 = VERTEX_POINT('',#177);
#177 = CARTESIAN_POINT('',(90.5,2.4,54.4));
#178 = LINE('',#179,#180);
#179 = CARTESIAN_POINT('',(90.5,2.4,10.45));
#180 = VECTOR('',#181,1.);
#181 = DIRECTION('',(-0.,0.,-1.));
#182 = ORIENTED_EDGE('',*,*,#183,.T.);
#183 = EDGE_CURVE('',#176,#137,#184,.T.);
#184 = LINE('',#185,#186);
#185 = CARTESIAN_POINT('',(84.175,2.4,60.725));
#186 = VECTOR('',#187,1.);
#187 = DIRECTION('',(0.707106781187,0.,-0.707106781187));
#188 = FACE_BOUND('',#189,.T.);
#189 = EDGE_LOOP('',(#190,#200,#208,#216));
#190 = ORIENTED_EDGE('',*,*,#191,.F.);
#191 = EDGE_CURVE('',#192,#194,#196,.T.);
#192 = VERTEX_POINT('',#193);
#193 = CARTESIAN_POINT('',(16.65,2.4,15.5));
#194 = VERTEX_POINT('',#195);
#195 = CARTESIAN_POINT('',(29.35,2.4,15.5));
#196 = LINE('',#197,#198);
#197 = CARTESIAN_POINT('',(9.525,2.4,15.5));
#198 = VECTOR('',#199,1.);
#199 = DIRECTION('',(1.,0.,-0.));
#200 = ORIENTED_EDGE('',*,*,#201,.T.);
#201 = EDGE_CURVE('',#192,#202,#204,.T.);
#202 = VERTEX_POINT('',#203);
#203 = CARTESIAN_POINT('',(16.65,2.4,4.5));
#204 = LINE('',#205,#206);
#205 = CARTESIAN_POINT('',(16.65,2.4,3.45));
#206 = VECTOR('',#207,1.);
#207 = DIRECTION('',(-0.,0.,-1.));
#208 = ORIENTED_EDGE('',*,*,#209,.T.);
#209 = EDGE_CURVE('',#202,#210,#212,.T.);
#210 = VERTEX_POINT('',#211);
#211 = CARTESIAN_POINT('',(29.35,2.4,4.5));
#212 = LINE('',#213,#214);
#213 = CARTESIAN_POINT('',(9.525,2.4,4.5));
#214 = VECTOR('',#215,1.);
#215 = DIRECTION('',(1.,0.,-0.));
#216 = ORIENTED_EDGE('',*,*,#217,.F.);
#217 = EDGE_CURVE('',#194,#210,#218,.T.);
#218 = LINE('',#219,#220);
#219 = CARTESIAN_POINT('',(29.35,2.4,3.45));
#220 = VECTOR('',#221,1.);
#221 = DIRECTION('',(-0.,0.,-1.));
#222 = FACE_BOUND('',#223,.T.);
#223 = EDGE_LOOP('',(#224));
#224 = ORIENTED_EDGE('',*,*,#225,.F.);
#225 = EDGE_CURVE('',#226,#226,#228,.T.);
#226 = VERTEX_POINT('',#227);
#227 = CARTESIAN_POINT('',(58.,2.4,13.2));
#228 = CIRCLE('',#229,3.2);
#229 = AXIS2_PLACEMENT_3D('',#230,#231,#232);
#230 = CARTESIAN_POINT('',(58.,2.4,10.));
#231 = DIRECTION('',(0.,1.,0.));
#232 = DIRECTION('',(0.,-0.,1.));
#233 = FACE_BOUND('',#234,.T.);
#234 = EDGE_LOOP('',(#235));
#235 = ORIENTED_EDGE('',*,*,#236,.F.);
#236 = EDGE_CURVE('',#237,#237,#239,.T.);
#237 = VERTEX_POINT('',#238);
#238 = CARTESIAN_POINT('',(77.05,2.4,13.2));
#239 = CIRCLE('',#240,3.2);
#240 = AXIS2_PLACEMENT_3D('',#241,#242,#243);
#241 = CARTESIAN_POINT('',(77.05,2.4,10.));
#242 = DIRECTION('',(0.,1.,0.));
#243 = DIRECTION('',(0.,-0.,1.));
#244 = PLANE('',#245);
#245 = AXIS2_PLACEMENT_3D('',#246,#247,#248);
#246 = CARTESIAN_POINT('',(2.4,2.4,2.4));
#247 = DIRECTION('',(-0.,1.,0.));
#248 = DIRECTION('',(0.,0.,1.));
#249 = ADVANCED_FACE('',(#250),#275,.F.);
#250 = FACE_BOUND('',#251,.F.);
#251 = EDGE_LOOP('',(#252,#260,#268,#274));
#252 = ORIENTED_EDGE('',*,*,#253,.F.);
#253 = EDGE_CURVE('',#254,#192,#256,.T.);
#254 = VERTEX_POINT('',#255);
#255 = CARTESIAN_POINT('',(16.65,0.,15.5));
#256 = LINE('',#257,#258);
#257 = CARTESIAN_POINT('',(16.65,-1.,15.5));
#258 = VECTOR('',#259,1.);
#259 = DIRECTION('',(-0.,1.,0.));
#260 = ORIENTED_EDGE('',*,*,#261,.T.);
#261 = EDGE_CURVE('',#254,#262,#264,.T.);
#262 = VERTEX_POINT('',#263);
#263 = CARTESIAN_POINT('',(29.35,0.,15.5));
#264 = LINE('',#265,#266);
#265 = CARTESIAN_POINT('',(8.325,0.,15.5));
#266 = VECTOR('',#267,1.);
#267 = DIRECTION('',(1.,0.,-0.));
#268 = ORIENTED_EDGE('',*,*,#269,.T.);
#269 = EDGE_CURVE('',#262,#194,#270,.T.);
#270 = LINE('',#271,#272);
#271 = CARTESIAN_POINT('',(29.35,-1.,15.5));
#272 = VECTOR('',#273,1.);
#273 = DIRECTION('',(-0.,1.,0.));
#274 = ORIENTED_EDGE('',*,*,#191,.F.);
#275 = PLANE('',#276);
#276 = AXIS2_PLACEMENT_3D('',#277,#278,#279);
#277 = CARTESIAN_POINT('',(16.65,-1.,15.5));
#278 = DIRECTION('',(0.,0.,1.));
#279 = DIRECTION('',(1.,0.,-0.));
#280 = ADVANCED_FACE('',(#281),#299,.T.);
#281 = FACE_BOUND('',#282,.T.);
#282 = EDGE_LOOP('',(#283,#284,#292,#298));
#283 = ORIENTED_EDGE('',*,*,#253,.F.);
#284 = ORIENTED_EDGE('',*,*,#285,.T.);
#285 = EDGE_CURVE('',#254,#286,#288,.T.);
#286 = VERTEX_POINT('',#287);
#287 = CARTESIAN_POINT('',(16.65,0.,4.5));
#288 = LINE('',#289,#290);
#289 = CARTESIAN_POINT('',(16.65,0.,2.25));
#290 = VECTOR('',#291,1.);
#291 = DIRECTION('',(-0.,0.,-1.));
#292 = ORIENTED_EDGE('',*,*,#293,.T.);
#293 = EDGE_CURVE('',#286,#202,#294,.T.);
#294 = LINE('',#295,#296);
#295 = CARTESIAN_POINT('',(16.65,-1.,4.5));
#296 = VECTOR('',#297,1.);
#297 = DIRECTION('',(-0.,1.,0.));
#298 = ORIENTED_EDGE('',*,*,#201,.F.);
#299 = PLANE('',#300);
#300 = AXIS2_PLACEMENT_3D('',#301,#302,#303);
#301 = CARTESIAN_POINT('',(16.65,-1.,4.5));
#302 = DIRECTION('',(1.,0.,-0.));
#303 = DIRECTION('',(0.,0.,1.));
#304 = ADVANCED_FACE('',(#305),#323,.F.);
#305 = FACE_BOUND('',#306,.F.);
#306 = EDGE_LOOP('',(#307,#308,#316,#322));
#307 = ORIENTED_EDGE('',*,*,#269,.F.);
#308 = ORIENTED_EDGE('',*,*,#309,.T.);
#309 = EDGE_CURVE('',#262,#310,#312,.T.);
#310 = VERTEX_POINT('',#311);
#311 = CARTESIAN_POINT('',(29.35,0.,4.5));
#312 = LINE('',#313,#314);
#313 = CARTESIAN_POINT('',(29.35,0.,2.25));
#314 = VECTOR('',#315,1.);
#315 = DIRECTION('',(-0.,0.,-1.));
#316 = ORIENTED_EDGE('',*,*,#317,.T.);
#317 = EDGE_CURVE('',#310,#210,#318,.T.);
#318 = LINE('',#319,#320);
#319 = CARTESIAN_POINT('',(29.35,-1.,4.5));
#320 = VECTOR('',#321,1.);
#321 = DIRECTION('',(-0.,1.,0.));
#322 = ORIENTED_EDGE('',*,*,#217,.F.);
#323 = PLANE('',#324);
#324 = AXIS2_PLACEMENT_3D('',#325,#326,#327);
#325 = CARTESIAN_POINT('',(29.35,-1.,4.5));
#326 = DIRECTION('',(1.,0.,-0.));
#327 = DIRECTION('',(0.,0.,1.));
#328 = ADVANCED_FACE('',(#329),#340,.T.);
#329 = FACE_BOUND('',#330,.T.);
#330 = EDGE_LOOP('',(#331,#332,#338,#339));
#331 = ORIENTED_EDGE('',*,*,#293,.F.);
#332 = ORIENTED_EDGE('',*,*,#333,.T.);
#333 = EDGE_CURVE('',#286,#310,#334,.T.);
#334 = LINE('',#335,#336);
#335 = CARTESIAN_POINT('',(8.325,0.,4.5));
#336 = VECTOR('',#337,1.);
#337 = DIRECTION('',(1.,0.,-0.));
#338 = ORIENTED_EDGE('',*,*,#317,.T.);
#339 = ORIENTED_EDGE('',*,*,#209,.F.);
#340 = PLANE('',#341);
#341 = AXIS2_PLACEMENT_3D('',#342,#343,#344);
#342 = CARTESIAN_POINT('',(16.65,-1.,4.5));
#343 = DIRECTION('',(0.,0.,1.));
#344 = DIRECTION('',(1.,0.,-0.));
#345 = ADVANCED_FACE('',(#346),#365,.F.);
#346 = FACE_BOUND('',#347,.F.);
#347 = EDGE_LOOP('',(#348,#349,#357,#364));
#348 = ORIENTED_EDGE('',*,*,#225,.F.);
#349 = ORIENTED_EDGE('',*,*,#350,.F.);
#350 = EDGE_CURVE('',#351,#226,#353,.T.);
#351 = VERTEX_POINT('',#352);
#352 = CARTESIAN_POINT('',(58.,0.,13.2));
#353 = LINE('',#354,#355);
#354 = CARTESIAN_POINT('',(58.,-1.,13.2));
#355 = VECTOR('',#356,1.);
#356 = DIRECTION('',(0.,1.,0.));
#357 = ORIENTED_EDGE('',*,*,#358,.T.);
#358 = EDGE_CURVE('',#351,#351,#359,.T.);
#359 = CIRCLE('',#360,3.2);
#360 = AXIS2_PLACEMENT_3D('',#361,#362,#363);
#361 = CARTESIAN_POINT('',(58.,0.,10.));
#362 = DIRECTION('',(0.,1.,0.));
#363 = DIRECTION('',(0.,-0.,1.));
#364 = ORIENTED_EDGE('',*,*,#350,.T.);
#365 = CYLINDRICAL_SURFACE('',#366,3.2);
#366 = AXIS2_PLACEMENT_3D('',#367,#368,#369);
#367 = CARTESIAN_POINT('',(58.,-1.,10.));
#368 = DIRECTION('',(0.,1.,0.));
#369 = DIRECTION('',(0.,-0.,1.));
#370 = ADVANCED_FACE('',(#371),#390,.F.);
#371 = FACE_BOUND('',#372,.F.);
#372 = EDGE_LOOP('',(#373,#374,#382,#389));
#373 = ORIENTED_EDGE('',*,*,#236,.F.);
#374 = ORIENTED_EDGE('',*,*,#375,.F.);
#375 = EDGE_CURVE('',#376,#237,#378,.T.);
#376 = VERTEX_POINT('',#377);
#377 = CARTESIAN_POINT('',(77.05,0.,13.2));
#378 = LINE('',#379,#380);
#379 = CARTESIAN_POINT('',(77.05,-1.,13.2));
#380 = VECTOR('',#381,1.);
#381 = DIRECTION('',(0.,1.,0.));
#382 = ORIENTED_EDGE('',*,*,#383,.T.);
#383 = EDGE_CURVE('',#376,#376,#384,.T.);
#384 = CIRCLE('',#385,3.2);
#385 = AXIS2_PLACEMENT_3D('',#386,#387,#388);
#386 = CARTESIAN_POINT('',(77.05,0.,10.));
#387 = DIRECTION('',(0.,1.,0.));
#388 = DIRECTION('',(0.,-0.,1.));
#389 = ORIENTED_EDGE('',*,*,#375,.T.);
#390 = CYLINDRICAL_SURFACE('',#391,3.2);
#391 = AXIS2_PLACEMENT_3D('',#392,#393,#394);
#392 = CARTESIAN_POINT('',(77.05,-1.,10.));
#393 = DIRECTION('',(0.,1.,0.));
#394 = DIRECTION('',(0.,-0.,1.));
#395 = ADVANCED_FACE('',(#396,#446),#457,.T.);
#396 = FACE_BOUND('',#397,.T.);
#397 = EDGE_LOOP('',(#398,#408,#414,#415,#423,#432,#440));
#398 = ORIENTED_EDGE('',*,*,#399,.F.);
#399 = EDGE_CURVE('',#400,#402,#404,.T.);
#400 = VERTEX_POINT('',#401);
#401 = CARTESIAN_POINT('',(10.4,2.1,61.3));
#402 = VERTEX_POINT('',#403);
#403 = CARTESIAN_POINT('',(9.5,2.1,61.3));
#404 = LINE('',#405,#406);
#405 = CARTESIAN_POINT('',(10.4,2.1,61.3));
#406 = VECTOR('',#407,1.);
#407 = DIRECTION('',(-1.,0.,0.));
#408 = ORIENTED_EDGE('',*,*,#409,.T.);
#409 = EDGE_CURVE('',#400,#113,#410,.T.);
#410 = LINE('',#411,#412);
#411 = CARTESIAN_POINT('',(10.4,2.1,61.3));
#412 = VECTOR('',#413,1.);
#413 = DIRECTION('',(0.,1.,0.));
#414 = ORIENTED_EDGE('',*,*,#120,.T.);
#415 = ORIENTED_EDGE('',*,*,#416,.T.);
#416 = EDGE_CURVE('',#104,#417,#419,.T.);
#417 = VERTEX_POINT('',#418);
#418 = CARTESIAN_POINT('',(2.4,6.,61.3));
#419 = LINE('',#420,#421);
#420 = CARTESIAN_POINT('',(2.4,2.25,61.3));
#421 = VECTOR('',#422,1.);
#422 = DIRECTION('',(0.,-1.,-0.));
#423 = ORIENTED_EDGE('',*,*,#424,.T.);
#424 = EDGE_CURVE('',#417,#425,#427,.T.);
#425 = VERTEX_POINT('',#426);
#426 = CARTESIAN_POINT('',(6.,2.4,61.3));
#427 = CIRCLE('',#428,3.6);
#428 = AXIS2_PLACEMENT_3D('',#429,#430,#431);
#429 = CARTESIAN_POINT('',(6.,6.,61.3));
#430 = DIRECTION('',(0.,0.,1.));
#431 = DIRECTION('',(-1.,-0.,0.));
#432 = ORIENTED_EDGE('',*,*,#433,.T.);
#433 = EDGE_CURVE('',#425,#434,#436,.T.);
#434 = VERTEX_POINT('',#435);
#435 = CARTESIAN_POINT('',(9.5,2.4,61.3));
#436 = LINE('',#437,#438);
#437 = CARTESIAN_POINT('',(6.4,2.4,61.3));
#438 = VECTOR('',#439,1.);
#439 = DIRECTION('',(1.,0.,0.));
#440 = ORIENTED_EDGE('',*,*,#441,.T.);
#441 = EDGE_CURVE('',#434,#402,#442,.T.);
#442 = LINE('',#443,#444);
#443 = CARTESIAN_POINT('',(9.5,1.7,61.3));
#444 = VECTOR('',#445,1.);
#445 = DIRECTION('',(0.,-1.,-0.));
#446 = FACE_BOUND('',#447,.T.);
#447 = EDGE_LOOP('',(#448));
#448 = ORIENTED_EDGE('',*,*,#449,.F.);
#449 = EDGE_CURVE('',#450,#450,#452,.T.);
#450 = VERTEX_POINT('',#451);
#451 = CARTESIAN_POINT('',(9.05,6.4,61.3));
#452 = CIRCLE('',#453,2.65);
#453 = AXIS2_PLACEMENT_3D('',#454,#455,#456);
#454 = CARTESIAN_POINT('',(6.4,6.4,61.3));
#455 = DIRECTION('',(0.,0.,1.));
#456 = DIRECTION('',(1.,0.,-0.));
#457 = PLANE('',#458);
#458 = AXIS2_PLACEMENT_3D('',#459,#460,#461);
#459 = CARTESIAN_POINT('',(10.4,2.1,61.3));
#460 = DIRECTION('',(0.,-0.,1.));
#461 = DIRECTION('',(-1.,0.,0.));
#462 = ADVANCED_FACE('',(#463),#511,.T.);
#463 = FACE_BOUND('',#464,.T.);
#464 = EDGE_LOOP('',(#465,#475,#483,#489,#490,#498,#504,#505));
#465 = ORIENTED_EDGE('',*,*,#466,.F.);
#466 = EDGE_CURVE('',#467,#469,#471,.T.);
#467 = VERTEX_POINT('',#468);
#468 = CARTESIAN_POINT('',(9.5,1.3,63.5));
#469 = VERTEX_POINT('',#470);
#470 = CARTESIAN_POINT('',(9.5,2.4,63.5));
#471 = LINE('',#472,#473);
#472 = CARTESIAN_POINT('',(9.5,1.3,63.5));
#473 = VECTOR('',#474,1.);
#474 = DIRECTION('',(-0.,1.,0.));
#475 = ORIENTED_EDGE('',*,*,#476,.F.);
#476 = EDGE_CURVE('',#477,#467,#479,.T.);
#477 = VERTEX_POINT('',#478);
#478 = CARTESIAN_POINT('',(9.5,1.3,18.5));
#479 = LINE('',#480,#481);
#480 = CARTESIAN_POINT('',(9.5,1.3,18.5));
#481 = VECTOR('',#482,1.);
#482 = DIRECTION('',(0.,0.,1.));
#483 = ORIENTED_EDGE('',*,*,#484,.T.);
#484 = EDGE_CURVE('',#477,#160,#485,.T.);
#485 = LINE('',#486,#487);
#486 = CARTESIAN_POINT('',(9.5,1.3,18.5));
#487 = VECTOR('',#488,1.);
#488 = DIRECTION('',(-0.,1.,0.));
#489 = ORIENTED_EDGE('',*,*,#159,.F.);
#490 = ORIENTED_EDGE('',*,*,#491,.F.);
#491 = EDGE_CURVE('',#492,#152,#494,.T.);
#492 = VERTEX_POINT('',#493);
#493 = CARTESIAN_POINT('',(9.5,2.1,56.4));
#494 = LINE('',#495,#496);
#495 = CARTESIAN_POINT('',(9.5,1.7,56.4));
#496 = VECTOR('',#497,1.);
#497 = DIRECTION('',(0.,1.,0.));
#498 = ORIENTED_EDGE('',*,*,#499,.F.);
#499 = EDGE_CURVE('',#402,#492,#500,.T.);
#500 = LINE('',#501,#502);
#501 = CARTESIAN_POINT('',(9.5,2.1,37.432753429038));
#502 = VECTOR('',#503,1.);
#503 = DIRECTION('',(-0.,0.,-1.));
#504 = ORIENTED_EDGE('',*,*,#441,.F.);
#505 = ORIENTED_EDGE('',*,*,#506,.F.);
#506 = EDGE_CURVE('',#469,#434,#507,.T.);
#507 = LINE('',#508,#509);
#508 = CARTESIAN_POINT('',(9.5,2.4,10.45));
#509 = VECTOR('',#510,1.);
#510 = DIRECTION('',(-0.,0.,-1.));
#511 = PLANE('',#512);
#512 = AXIS2_PLACEMENT_3D('',#513,#514,#515);
#513 = CARTESIAN_POINT('',(9.5,1.3,18.5));
#514 = DIRECTION('',(1.,0.,-0.));
#515 = DIRECTION('',(0.,0.,1.));
#516 = ADVANCED_FACE('',(#517),#551,.F.);
#517 = FACE_BOUND('',#518,.F.);
#518 = EDGE_LOOP('',(#519,#529,#537,#545));
#519 = ORIENTED_EDGE('',*,*,#520,.F.);
#520 = EDGE_CURVE('',#521,#523,#525,.T.);
#521 = VERTEX_POINT('',#522);
#522 = CARTESIAN_POINT('',(11.3,0.,60.8));
#523 = VERTEX_POINT('',#524);
#524 = CARTESIAN_POINT('',(11.3,1.3,60.8));
#525 = LINE('',#526,#527);
#526 = CARTESIAN_POINT('',(11.3,-1.,60.8));
#527 = VECTOR('',#528,1.);
#528 = DIRECTION('',(-0.,1.,0.));
#529 = ORIENTED_EDGE('',*,*,#530,.T.);
#530 = EDGE_CURVE('',#521,#531,#533,.T.);
#531 = VERTEX_POINT('',#532);
#532 = CARTESIAN_POINT('',(88.7,0.,60.8));
#533 = LINE('',#534,#535);
#534 = CARTESIAN_POINT('',(5.65,0.,60.8));
#535 = VECTOR('',#536,1.);
#536 = DIRECTION('',(1.,0.,-0.));
#537 = ORIENTED_EDGE('',*,*,#538,.T.);
#538 = EDGE_CURVE('',#531,#539,#541,.T.);
#539 = VERTEX_POINT('',#540);
#540 = CARTESIAN_POINT('',(88.7,1.3,60.8));
#541 = LINE('',#542,#543);
#542 = CARTESIAN_POINT('',(88.7,-1.,60.8));
#543 = VECTOR('',#544,1.);
#544 = DIRECTION('',(-0.,1.,0.));
#545 = ORIENTED_EDGE('',*,*,#546,.T.);
#546 = EDGE_CURVE('',#539,#523,#547,.T.);
#547 = LINE('',#548,#549);
#548 = CARTESIAN_POINT('',(10.4,1.3,60.8));
#549 = VECTOR('',#550,1.);
#550 = DIRECTION('',(-1.,-0.,0.));
#551 = PLANE('',#552);
#552 = AXIS2_PLACEMENT_3D('',#553,#554,#555);
#553 = CARTESIAN_POINT('',(11.3,-1.,60.8));
#554 = DIRECTION('',(0.,0.,1.));
#555 = DIRECTION('',(1.,0.,-0.));
#556 = ADVANCED_FACE('',(#557),#678,.T.);
#557 = FACE_BOUND('',#558,.T.);
#558 = EDGE_LOOP('',(#559,#560,#568,#576,#584,#592,#600,#608,#616,#624,
    #632,#640,#648,#656,#664,#672));
#559 = ORIENTED_EDGE('',*,*,#520,.F.);
#560 = ORIENTED_EDGE('',*,*,#561,.T.);
#561 = EDGE_CURVE('',#521,#562,#564,.T.);
#562 = VERTEX_POINT('',#563);
#563 = CARTESIAN_POINT('',(11.3,0.,51.4));
#564 = LINE('',#565,#566);
#565 = CARTESIAN_POINT('',(11.3,0.,10.6));
#566 = VECTOR('',#567,1.);
#567 = DIRECTION('',(-0.,0.,-1.));
#568 = ORIENTED_EDGE('',*,*,#569,.F.);
#569 = EDGE_CURVE('',#570,#562,#572,.T.);
#570 = VERTEX_POINT('',#571);
#571 = CARTESIAN_POINT('',(11.3,0.8,51.4));
#572 = LINE('',#573,#574);
#573 = CARTESIAN_POINT('',(11.3,-0.5,51.4));
#574 = VECTOR('',#575,1.);
#575 = DIRECTION('',(0.,-1.,0.));
#576 = ORIENTED_EDGE('',*,*,#577,.F.);
#577 = EDGE_CURVE('',#578,#570,#580,.T.);
#578 = VERTEX_POINT('',#579);
#579 = CARTESIAN_POINT('',(11.3,0.8,50.8));
#580 = LINE('',#581,#582);
#581 = CARTESIAN_POINT('',(11.3,0.8,36.));
#582 = VECTOR('',#583,1.);
#583 = DIRECTION('',(0.,0.,1.));
#584 = ORIENTED_EDGE('',*,*,#585,.T.);
#585 = EDGE_CURVE('',#578,#586,#588,.T.);
#586 = VERTEX_POINT('',#587);
#587 = CARTESIAN_POINT('',(11.3,0.,50.8));
#588 = LINE('',#589,#590);
#589 = CARTESIAN_POINT('',(11.3,-0.5,50.8));
#590 = VECTOR('',#591,1.);
#591 = DIRECTION('',(0.,-1.,0.));
#592 = ORIENTED_EDGE('',*,*,#593,.T.);
#593 = EDGE_CURVE('',#586,#594,#596,.T.);
#594 = VERTEX_POINT('',#595);
#595 = CARTESIAN_POINT('',(11.3,0.,41.8));
#596 = LINE('',#597,#598);
#597 = CARTESIAN_POINT('',(11.3,0.,10.6));
#598 = VECTOR('',#599,1.);
#599 = DIRECTION('',(-0.,0.,-1.));
#600 = ORIENTED_EDGE('',*,*,#601,.F.);
#601 = EDGE_CURVE('',#602,#594,#604,.T.);
#602 = VERTEX_POINT('',#603);
#603 = CARTESIAN_POINT('',(11.3,0.8,41.8));
#604 = LINE('',#605,#606);
#605 = CARTESIAN_POINT('',(11.3,-0.5,41.8));
#606 = VECTOR('',#607,1.);
#607 = DIRECTION('',(0.,-1.,0.));
#608 = ORIENTED_EDGE('',*,*,#609,.F.);
#609 = EDGE_CURVE('',#610,#602,#612,.T.);
#610 = VERTEX_POINT('',#611);
#611 = CARTESIAN_POINT('',(11.3,0.8,41.2));
#612 = LINE('',#613,#614);
#613 = CARTESIAN_POINT('',(11.3,0.8,31.2));
#614 = VECTOR('',#615,1.);
#615 = DIRECTION('',(0.,0.,1.));
#616 = ORIENTED_EDGE('',*,*,#617,.T.);
#617 = EDGE_CURVE('',#610,#618,#620,.T.);
#618 = VERTEX_POINT('',#619);
#619 = CARTESIAN_POINT('',(11.3,0.,41.2));
#620 = LINE('',#621,#622);
#621 = CARTESIAN_POINT('',(11.3,-0.5,41.2));
#622 = VECTOR('',#623,1.);
#623 = DIRECTION('',(0.,-1.,0.));
#624 = ORIENTED_EDGE('',*,*,#625,.T.);
#625 = EDGE_CURVE('',#618,#626,#628,.T.);
#626 = VERTEX_POINT('',#627);
#627 = CARTESIAN_POINT('',(11.3,0.,32.2));
#628 = LINE('',#629,#630);
#629 = CARTESIAN_POINT('',(11.3,0.,10.6));
#630 = VECTOR('',#631,1.);
#631 = DIRECTION('',(-0.,0.,-1.));
#632 = ORIENTED_EDGE('',*,*,#633,.F.);
#633 = EDGE_CURVE('',#634,#626,#636,.T.);
#634 = VERTEX_POINT('',#635);
#635 = CARTESIAN_POINT('',(11.3,0.8,32.2));
#636 = LINE('',#637,#638);
#637 = CARTESIAN_POINT('',(11.3,-0.5,32.2));
#638 = VECTOR('',#639,1.);
#639 = DIRECTION('',(0.,-1.,0.));
#640 = ORIENTED_EDGE('',*,*,#641,.F.);
#641 = EDGE_CURVE('',#642,#634,#644,.T.);
#642 = VERTEX_POINT('',#643);
#643 = CARTESIAN_POINT('',(11.3,0.8,31.6));
#644 = LINE('',#645,#646);
#645 = CARTESIAN_POINT('',(11.3,0.8,26.4));
#646 = VECTOR('',#647,1.);
#647 = DIRECTION('',(0.,0.,1.));
#648 = ORIENTED_EDGE('',*,*,#649,.T.);
#649 = EDGE_CURVE('',#642,#650,#652,.T.);
#650 = VERTEX_POINT('',#651);
#651 = CARTESIAN_POINT('',(11.3,0.,31.6));
#652 = LINE('',#653,#654);
#653 = CARTESIAN_POINT('',(11.3,-0.5,31.6));
#654 = VECTOR('',#655,1.);
#655 = DIRECTION('',(0.,-1.,0.));
#656 = ORIENTED_EDGE('',*,*,#657,.T.);
#657 = EDGE_CURVE('',#650,#658,#660,.T.);
#658 = VERTEX_POINT('',#659);
#659 = CARTESIAN_POINT('',(11.3,0.,21.2));
#660 = LINE('',#661,#662);
#661 = CARTESIAN_POINT('',(11.3,0.,10.6));
#662 = VECTOR('',#663,1.);
#663 = DIRECTION('',(-0.,0.,-1.));
#664 = ORIENTED_EDGE('',*,*,#665,.T.);
#665 = EDGE_CURVE('',#658,#666,#668,.T.);
#666 = VERTEX_POINT('',#667);
#667 = CARTESIAN_POINT('',(11.3,1.3,21.2));
#668 = LINE('',#669,#670);
#669 = CARTESIAN_POINT('',(11.3,-1.,21.2));
#670 = VECTOR('',#671,1.);
#671 = DIRECTION('',(-0.,1.,0.));
#672 = ORIENTED_EDGE('',*,*,#673,.T.);
#673 = EDGE_CURVE('',#666,#523,#674,.T.);
#674 = LINE('',#675,#676);
#675 = CARTESIAN_POINT('',(11.3,1.3,19.85));
#676 = VECTOR('',#677,1.);
#677 = DIRECTION('',(0.,0.,1.));
#678 = PLANE('',#679);
#679 = AXIS2_PLACEMENT_3D('',#680,#681,#682);
#680 = CARTESIAN_POINT('',(11.3,-1.,21.2));
#681 = DIRECTION('',(1.,0.,-0.));
#682 = DIRECTION('',(0.,0.,1.));
#683 = ADVANCED_FACE('',(#684),#805,.F.);
#684 = FACE_BOUND('',#685,.F.);
#685 = EDGE_LOOP('',(#686,#687,#695,#703,#711,#719,#727,#735,#743,#751,
    #759,#767,#775,#783,#791,#799));
#686 = ORIENTED_EDGE('',*,*,#538,.F.);
#687 = ORIENTED_EDGE('',*,*,#688,.T.);
#688 = EDGE_CURVE('',#531,#689,#691,.T.);
#689 = VERTEX_POINT('',#690);
#690 = CARTESIAN_POINT('',(88.7,0.,51.4));
#691 = LINE('',#692,#693);
#692 = CARTESIAN_POINT('',(88.7,0.,10.6));
#693 = VECTOR('',#694,1.);
#694 = DIRECTION('',(-0.,0.,-1.));
#695 = ORIENTED_EDGE('',*,*,#696,.F.);
#696 = EDGE_CURVE('',#697,#689,#699,.T.);
#697 = VERTEX_POINT('',#698);
#698 = CARTESIAN_POINT('',(88.7,0.8,51.4));
#699 = LINE('',#700,#701);
#700 = CARTESIAN_POINT('',(88.7,-0.5,51.4));
#701 = VECTOR('',#702,1.);
#702 = DIRECTION('',(0.,-1.,0.));
#703 = ORIENTED_EDGE('',*,*,#704,.F.);
#704 = EDGE_CURVE('',#705,#697,#707,.T.);
#705 = VERTEX_POINT('',#706);
#706 = CARTESIAN_POINT('',(88.7,0.8,50.8));
#707 = LINE('',#708,#709);
#708 = CARTESIAN_POINT('',(88.7,0.8,36.));
#709 = VECTOR('',#710,1.);
#710 = DIRECTION('',(0.,0.,1.));
#711 = ORIENTED_EDGE('',*,*,#712,.T.);
#712 = EDGE_CURVE('',#705,#713,#715,.T.);
#713 = VERTEX_POINT('',#714);
#714 = CARTESIAN_POINT('',(88.7,0.,50.8));
#715 = LINE('',#716,#717);
#716 = CARTESIAN_POINT('',(88.7,-0.5,50.8));
#717 = VECTOR('',#718,1.);
#718 = DIRECTION('',(0.,-1.,0.));
#719 = ORIENTED_EDGE('',*,*,#720,.T.);
#720 = EDGE_CURVE('',#713,#721,#723,.T.);
#721 = VERTEX_POINT('',#722);
#722 = CARTESIAN_POINT('',(88.7,0.,41.8));
#723 = LINE('',#724,#725);
#724 = CARTESIAN_POINT('',(88.7,0.,10.6));
#725 = VECTOR('',#726,1.);
#726 = DIRECTION('',(-0.,0.,-1.));
#727 = ORIENTED_EDGE('',*,*,#728,.F.);
#728 = EDGE_CURVE('',#729,#721,#731,.T.);
#729 = VERTEX_POINT('',#730);
#730 = CARTESIAN_POINT('',(88.7,0.8,41.8));
#731 = LINE('',#732,#733);
#732 = CARTESIAN_POINT('',(88.7,-0.5,41.8));
#733 = VECTOR('',#734,1.);
#734 = DIRECTION('',(0.,-1.,0.));
#735 = ORIENTED_EDGE('',*,*,#736,.F.);
#736 = EDGE_CURVE('',#737,#729,#739,.T.);
#737 = VERTEX_POINT('',#738);
#738 = CARTESIAN_POINT('',(88.7,0.8,41.2));
#739 = LINE('',#740,#741);
#740 = CARTESIAN_POINT('',(88.7,0.8,31.2));
#741 = VECTOR('',#742,1.);
#742 = DIRECTION('',(0.,0.,1.));
#743 = ORIENTED_EDGE('',*,*,#744,.T.);
#744 = EDGE_CURVE('',#737,#745,#747,.T.);
#745 = VERTEX_POINT('',#746);
#746 = CARTESIAN_POINT('',(88.7,0.,41.2));
#747 = LINE('',#748,#749);
#748 = CARTESIAN_POINT('',(88.7,-0.5,41.2));
#749 = VECTOR('',#750,1.);
#750 = DIRECTION('',(0.,-1.,0.));
#751 = ORIENTED_EDGE('',*,*,#752,.T.);
#752 = EDGE_CURVE('',#745,#753,#755,.T.);
#753 = VERTEX_POINT('',#754);
#754 = CARTESIAN_POINT('',(88.7,0.,32.2));
#755 = LINE('',#756,#757);
#756 = CARTESIAN_POINT('',(88.7,0.,10.6));
#757 = VECTOR('',#758,1.);
#758 = DIRECTION('',(-0.,0.,-1.));
#759 = ORIENTED_EDGE('',*,*,#760,.F.);
#760 = EDGE_CURVE('',#761,#753,#763,.T.);
#761 = VERTEX_POINT('',#762);
#762 = CARTESIAN_POINT('',(88.7,0.8,32.2));
#763 = LINE('',#764,#765);
#764 = CARTESIAN_POINT('',(88.7,-0.5,32.2));
#765 = VECTOR('',#766,1.);
#766 = DIRECTION('',(0.,-1.,0.));
#767 = ORIENTED_EDGE('',*,*,#768,.F.);
#768 = EDGE_CURVE('',#769,#761,#771,.T.);
#769 = VERTEX_POINT('',#770);
#770 = CARTESIAN_POINT('',(88.7,0.8,31.6));
#771 = LINE('',#772,#773);
#772 = CARTESIAN_POINT('',(88.7,0.8,26.4));
#773 = VECTOR('',#774,1.);
#774 = DIRECTION('',(0.,0.,1.));
#775 = ORIENTED_EDGE('',*,*,#776,.T.);
#776 = EDGE_CURVE('',#769,#777,#779,.T.);
#777 = VERTEX_POINT('',#778);
#778 = CARTESIAN_POINT('',(88.7,0.,31.6));
#779 = LINE('',#780,#781);
#780 = CARTESIAN_POINT('',(88.7,-0.5,31.6));
#781 = VECTOR('',#782,1.);
#782 = DIRECTION('',(0.,-1.,0.));
#783 = ORIENTED_EDGE('',*,*,#784,.T.);
#784 = EDGE_CURVE('',#777,#785,#787,.T.);
#785 = VERTEX_POINT('',#786);
#786 = CARTESIAN_POINT('',(88.7,0.,21.2));
#787 = LINE('',#788,#789);
#788 = CARTESIAN_POINT('',(88.7,0.,10.6));
#789 = VECTOR('',#790,1.);
#790 = DIRECTION('',(-0.,0.,-1.));
#791 = ORIENTED_EDGE('',*,*,#792,.T.);
#792 = EDGE_CURVE('',#785,#793,#795,.T.);
#793 = VERTEX_POINT('',#794);
#794 = CARTESIAN_POINT('',(88.7,1.3,21.2));
#795 = LINE('',#796,#797);
#796 = CARTESIAN_POINT('',(88.7,-1.,21.2));
#797 = VECTOR('',#798,1.);
#798 = DIRECTION('',(-0.,1.,0.));
#799 = ORIENTED_EDGE('',*,*,#800,.T.);
#800 = EDGE_CURVE('',#793,#539,#801,.T.);
#801 = LINE('',#802,#803);
#802 = CARTESIAN_POINT('',(88.7,1.3,19.85));
#803 = VECTOR('',#804,1.);
#804 = DIRECTION('',(0.,0.,1.));
#805 = PLANE('',#806);
#806 = AXIS2_PLACEMENT_3D('',#807,#808,#809);
#807 = CARTESIAN_POINT('',(88.7,-1.,21.2));
#808 = DIRECTION('',(1.,0.,-0.));
#809 = DIRECTION('',(0.,0.,1.));
#810 = ADVANCED_FACE('',(#811,#827,#861,#895,#929,#963,#997,#1031),#1065
  ,.T.);
#811 = FACE_BOUND('',#812,.T.);
#812 = EDGE_LOOP('',(#813,#814,#820,#821));
#813 = ORIENTED_EDGE('',*,*,#665,.F.);
#814 = ORIENTED_EDGE('',*,*,#815,.T.);
#815 = EDGE_CURVE('',#658,#785,#816,.T.);
#816 = LINE('',#817,#818);
#817 = CARTESIAN_POINT('',(5.65,0.,21.2));
#818 = VECTOR('',#819,1.);
#819 = DIRECTION('',(1.,0.,-0.));
#820 = ORIENTED_EDGE('',*,*,#792,.T.);
#821 = ORIENTED_EDGE('',*,*,#822,.T.);
#822 = EDGE_CURVE('',#793,#666,#823,.T.);
#823 = LINE('',#824,#825);
#824 = CARTESIAN_POINT('',(10.4,1.3,21.2));
#825 = VECTOR('',#826,1.);
#826 = DIRECTION('',(-1.,-0.,0.));
#827 = FACE_BOUND('',#828,.T.);
#828 = EDGE_LOOP('',(#829,#839,#847,#855));
#829 = ORIENTED_EDGE('',*,*,#830,.T.);
#830 = EDGE_CURVE('',#831,#833,#835,.T.);
#831 = VERTEX_POINT('',#832);
#832 = CARTESIAN_POINT('',(12.6,0.1,21.2));
#833 = VERTEX_POINT('',#834);
#834 = CARTESIAN_POINT('',(11.8,0.1,21.2));
#835 = LINE('',#836,#837);
#836 = CARTESIAN_POINT('',(11.55,0.1,21.2));
#837 = VECTOR('',#838,1.);
#838 = DIRECTION('',(-1.,-0.,0.));
#839 = ORIENTED_EDGE('',*,*,#840,.T.);
#840 = EDGE_CURVE('',#833,#841,#843,.T.);
#841 = VERTEX_POINT('',#842);
#842 = CARTESIAN_POINT('',(11.8,0.7,21.2));
#843 = LINE('',#844,#845);
#844 = CARTESIAN_POINT('',(11.8,-0.45,21.2));
#845 = VECTOR('',#846,1.);
#846 = DIRECTION('',(-0.,1.,0.));
#847 = ORIENTED_EDGE('',*,*,#848,.F.);
#848 = EDGE_CURVE('',#849,#841,#851,.T.);
#849 = VERTEX_POINT('',#850);
#850 = CARTESIAN_POINT('',(12.6,0.7,21.2));
#851 = LINE('',#852,#853);
#852 = CARTESIAN_POINT('',(11.55,0.7,21.2));
#853 = VECTOR('',#854,1.);
#854 = DIRECTION('',(-1.,-0.,0.));
#855 = ORIENTED_EDGE('',*,*,#856,.F.);
#856 = EDGE_CURVE('',#831,#849,#857,.T.);
#857 = LINE('',#858,#859);
#858 = CARTESIAN_POINT('',(12.6,-0.45,21.2));
#859 = VECTOR('',#860,1.);
#860 = DIRECTION('',(-0.,1.,0.));
#861 = FACE_BOUND('',#862,.T.);
#862 = EDGE_LOOP('',(#863,#873,#881,#889));
#863 = ORIENTED_EDGE('',*,*,#864,.T.);
#864 = EDGE_CURVE('',#865,#867,#869,.T.);
#865 = VERTEX_POINT('',#866);
#866 = CARTESIAN_POINT('',(25.2,0.1,21.2));
#867 = VERTEX_POINT('',#868);
#868 = CARTESIAN_POINT('',(24.4,0.1,21.2));
#869 = LINE('',#870,#871);
#870 = CARTESIAN_POINT('',(17.85,0.1,21.2));
#871 = VECTOR('',#872,1.);
#872 = DIRECTION('',(-1.,-0.,0.));
#873 = ORIENTED_EDGE('',*,*,#874,.T.);
#874 = EDGE_CURVE('',#867,#875,#877,.T.);
#875 = VERTEX_POINT('',#876);
#876 = CARTESIAN_POINT('',(24.4,0.7,21.2));
#877 = LINE('',#878,#879);
#878 = CARTESIAN_POINT('',(24.4,-0.45,21.2));
#879 = VECTOR('',#880,1.);
#880 = DIRECTION('',(-0.,1.,0.));
#881 = ORIENTED_EDGE('',*,*,#882,.F.);
#882 = EDGE_CURVE('',#883,#875,#885,.T.);
#883 = VERTEX_POINT('',#884);
#884 = CARTESIAN_POINT('',(25.2,0.7,21.2));
#885 = LINE('',#886,#887);
#886 = CARTESIAN_POINT('',(17.85,0.7,21.2));
#887 = VECTOR('',#888,1.);
#888 = DIRECTION('',(-1.,-0.,0.));
#889 = ORIENTED_EDGE('',*,*,#890,.F.);
#890 = EDGE_CURVE('',#865,#883,#891,.T.);
#891 = LINE('',#892,#893);
#892 = CARTESIAN_POINT('',(25.2,-0.45,21.2));
#893 = VECTOR('',#894,1.);
#894 = DIRECTION('',(-0.,1.,0.));
#895 = FACE_BOUND('',#896,.T.);
#896 = EDGE_LOOP('',(#897,#907,#915,#923));
#897 = ORIENTED_EDGE('',*,*,#898,.T.);
#898 = EDGE_CURVE('',#899,#901,#903,.T.);
#899 = VERTEX_POINT('',#900);
#900 = CARTESIAN_POINT('',(37.8,0.1,21.2));
#901 = VERTEX_POINT('',#902);
#902 = CARTESIAN_POINT('',(37.,0.1,21.2));
#903 = LINE('',#904,#905);
#904 = CARTESIAN_POINT('',(24.15,0.1,21.2));
#905 = VECTOR('',#906,1.);
#906 = DIRECTION('',(-1.,-0.,0.));
#907 = ORIENTED_EDGE('',*,*,#908,.T.);
#908 = EDGE_CURVE('',#901,#909,#911,.T.);
#909 = VERTEX_POINT('',#910);
#910 = CARTESIAN_POINT('',(37.,0.7,21.2));
#911 = LINE('',#912,#913);
#912 = CARTESIAN_POINT('',(37.,-0.45,21.2));
#913 = VECTOR('',#914,1.);
#914 = DIRECTION('',(-0.,1.,0.));
#915 = ORIENTED_EDGE('',*,*,#916,.F.);
#916 = EDGE_CURVE('',#917,#909,#919,.T.);
#917 = VERTEX_POINT('',#918);
#918 = CARTESIAN_POINT('',(37.8,0.7,21.2));
#919 = LINE('',#920,#921);
#920 = CARTESIAN_POINT('',(24.15,0.7,21.2));
#921 = VECTOR('',#922,1.);
#922 = DIRECTION('',(-1.,-0.,0.));
#923 = ORIENTED_EDGE('',*,*,#924,.F.);
#924 = EDGE_CURVE('',#899,#917,#925,.T.);
#925 = LINE('',#926,#927);
#926 = CARTESIAN_POINT('',(37.8,-0.45,21.2));
#927 = VECTOR('',#928,1.);
#928 = DIRECTION('',(-0.,1.,0.));
#929 = FACE_BOUND('',#930,.T.);
#930 = EDGE_LOOP('',(#931,#941,#949,#957));
#931 = ORIENTED_EDGE('',*,*,#932,.T.);
#932 = EDGE_CURVE('',#933,#935,#937,.T.);
#933 = VERTEX_POINT('',#934);
#934 = CARTESIAN_POINT('',(50.4,0.1,21.2));
#935 = VERTEX_POINT('',#936);
#936 = CARTESIAN_POINT('',(49.6,0.1,21.2));
#937 = LINE('',#938,#939);
#938 = CARTESIAN_POINT('',(30.45,0.1,21.2));
#939 = VECTOR('',#940,1.);
#940 = DIRECTION('',(-1.,-0.,0.));
#941 = ORIENTED_EDGE('',*,*,#942,.T.);
#942 = EDGE_CURVE('',#935,#943,#945,.T.);
#943 = VERTEX_POINT('',#944);
#944 = CARTESIAN_POINT('',(49.6,0.7,21.2));
#945 = LINE('',#946,#947);
#946 = CARTESIAN_POINT('',(49.6,-0.45,21.2));
#947 = VECTOR('',#948,1.);
#948 = DIRECTION('',(-0.,1.,0.));
#949 = ORIENTED_EDGE('',*,*,#950,.F.);
#950 = EDGE_CURVE('',#951,#943,#953,.T.);
#951 = VERTEX_POINT('',#952);
#952 = CARTESIAN_POINT('',(50.4,0.7,21.2));
#953 = LINE('',#954,#955);
#954 = CARTESIAN_POINT('',(30.45,0.7,21.2));
#955 = VECTOR('',#956,1.);
#956 = DIRECTION('',(-1.,-0.,0.));
#957 = ORIENTED_EDGE('',*,*,#958,.F.);
#958 = EDGE_CURVE('',#933,#951,#959,.T.);
#959 = LINE('',#960,#961);
#960 = CARTESIAN_POINT('',(50.4,-0.45,21.2));
#961 = VECTOR('',#962,1.);
#962 = DIRECTION('',(-0.,1.,0.));
#963 = FACE_BOUND('',#964,.T.);
#964 = EDGE_LOOP('',(#965,#975,#983,#991));
#965 = ORIENTED_EDGE('',*,*,#966,.T.);
#966 = EDGE_CURVE('',#967,#969,#971,.T.);
#967 = VERTEX_POINT('',#968);
#968 = CARTESIAN_POINT('',(63.,0.1,21.2));
#969 = VERTEX_POINT('',#970);
#970 = CARTESIAN_POINT('',(62.2,0.1,21.2));
#971 = LINE('',#972,#973);
#972 = CARTESIAN_POINT('',(36.75,0.1,21.2));
#973 = VECTOR('',#974,1.);
#974 = DIRECTION('',(-1.,-0.,0.));
#975 = ORIENTED_EDGE('',*,*,#976,.T.);
#976 = EDGE_CURVE('',#969,#977,#979,.T.);
#977 = VERTEX_POINT('',#978);
#978 = CARTESIAN_POINT('',(62.2,0.7,21.2));
#979 = LINE('',#980,#981);
#980 = CARTESIAN_POINT('',(62.2,-0.45,21.2));
#981 = VECTOR('',#982,1.);
#982 = DIRECTION('',(-0.,1.,0.));
#983 = ORIENTED_EDGE('',*,*,#984,.F.);
#984 = EDGE_CURVE('',#985,#977,#987,.T.);
#985 = VERTEX_POINT('',#986);
#986 = CARTESIAN_POINT('',(63.,0.7,21.2));
#987 = LINE('',#988,#989);
#988 = CARTESIAN_POINT('',(36.75,0.7,21.2));
#989 = VECTOR('',#990,1.);
#990 = DIRECTION('',(-1.,-0.,0.));
#991 = ORIENTED_EDGE('',*,*,#992,.F.);
#992 = EDGE_CURVE('',#967,#985,#993,.T.);
#993 = LINE('',#994,#995);
#994 = CARTESIAN_POINT('',(63.,-0.45,21.2));
#995 = VECTOR('',#996,1.);
#996 = DIRECTION('',(-0.,1.,0.));
#997 = FACE_BOUND('',#998,.T.);
#998 = EDGE_LOOP('',(#999,#1009,#1017,#1025));
#999 = ORIENTED_EDGE('',*,*,#1000,.T.);
#1000 = EDGE_CURVE('',#1001,#1003,#1005,.T.);
#1001 = VERTEX_POINT('',#1002);
#1002 = CARTESIAN_POINT('',(75.6,0.1,21.2));
#1003 = VERTEX_POINT('',#1004);
#1004 = CARTESIAN_POINT('',(74.8,0.1,21.2));
#1005 = LINE('',#1006,#1007);
#1006 = CARTESIAN_POINT('',(43.05,0.1,21.2));
#1007 = VECTOR('',#1008,1.);
#1008 = DIRECTION('',(-1.,-0.,0.));
#1009 = ORIENTED_EDGE('',*,*,#1010,.T.);
#1010 = EDGE_CURVE('',#1003,#1011,#1013,.T.);
#1011 = VERTEX_POINT('',#1012);
#1012 = CARTESIAN_POINT('',(74.8,0.7,21.2));
#1013 = LINE('',#1014,#1015);
#1014 = CARTESIAN_POINT('',(74.8,-0.45,21.2));
#1015 = VECTOR('',#1016,1.);
#1016 = DIRECTION('',(-0.,1.,0.));
#1017 = ORIENTED_EDGE('',*,*,#1018,.F.);
#1018 = EDGE_CURVE('',#1019,#1011,#1021,.T.);
#1019 = VERTEX_POINT('',#1020);
#1020 = CARTESIAN_POINT('',(75.6,0.7,21.2));
#1021 = LINE('',#1022,#1023);
#1022 = CARTESIAN_POINT('',(43.05,0.7,21.2));
#1023 = VECTOR('',#1024,1.);
#1024 = DIRECTION('',(-1.,-0.,0.));
#1025 = ORIENTED_EDGE('',*,*,#1026,.F.);
#1026 = EDGE_CURVE('',#1001,#1019,#1027,.T.);
#1027 = LINE('',#1028,#1029);
#1028 = CARTESIAN_POINT('',(75.6,-0.45,21.2));
#1029 = VECTOR('',#1030,1.);
#1030 = DIRECTION('',(-0.,1.,0.));
#1031 = FACE_BOUND('',#1032,.T.);
#1032 = EDGE_LOOP('',(#1033,#1043,#1051,#1059));
#1033 = ORIENTED_EDGE('',*,*,#1034,.T.);
#1034 = EDGE_CURVE('',#1035,#1037,#1039,.T.);
#1035 = VERTEX_POINT('',#1036);
#1036 = CARTESIAN_POINT('',(88.2,0.1,21.2));
#1037 = VERTEX_POINT('',#1038);
#1038 = CARTESIAN_POINT('',(87.4,0.1,21.2));
#1039 = LINE('',#1040,#1041);
#1040 = CARTESIAN_POINT('',(49.35,0.1,21.2));
#1041 = VECTOR('',#1042,1.);
#1042 = DIRECTION('',(-1.,-0.,0.));
#1043 = ORIENTED_EDGE('',*,*,#1044,.T.);
#1044 = EDGE_CURVE('',#1037,#1045,#1047,.T.);
#1045 = VERTEX_POINT('',#1046);
#1046 = CARTESIAN_POINT('',(87.4,0.7,21.2));
#1047 = LINE('',#1048,#1049);
#1048 = CARTESIAN_POINT('',(87.4,-0.45,21.2));
#1049 = VECTOR('',#1050,1.);
#1050 = DIRECTION('',(-0.,1.,0.));
#1051 = ORIENTED_EDGE('',*,*,#1052,.F.);
#1052 = EDGE_CURVE('',#1053,#1045,#1055,.T.);
#1053 = VERTEX_POINT('',#1054);
#1054 = CARTESIAN_POINT('',(88.2,0.7,21.2));
#1055 = LINE('',#1056,#1057);
#1056 = CARTESIAN_POINT('',(49.35,0.7,21.2));
#1057 = VECTOR('',#1058,1.);
#1058 = DIRECTION('',(-1.,-0.,0.));
#1059 = ORIENTED_EDGE('',*,*,#1060,.F.);
#1060 = EDGE_CURVE('',#1035,#1053,#1061,.T.);
#1061 = LINE('',#1062,#1063);
#1062 = CARTESIAN_POINT('',(88.2,-0.45,21.2));
#1063 = VECTOR('',#1064,1.);
#1064 = DIRECTION('',(-0.,1.,0.));
#1065 = PLANE('',#1066);
#1066 = AXIS2_PLACEMENT_3D('',#1067,#1068,#1069);
#1067 = CARTESIAN_POINT('',(11.3,-1.,21.2));
#1068 = DIRECTION('',(0.,0.,1.));
#1069 = DIRECTION('',(1.,0.,-0.));
#1070 = ADVANCED_FACE('',(#1071,#1096),#1102,.T.);
#1071 = FACE_BOUND('',#1072,.T.);
#1072 = EDGE_LOOP('',(#1073,#1081,#1082,#1090));
#1073 = ORIENTED_EDGE('',*,*,#1074,.F.);
#1074 = EDGE_CURVE('',#477,#1075,#1077,.T.);
#1075 = VERTEX_POINT('',#1076);
#1076 = CARTESIAN_POINT('',(90.5,1.3,18.5));
#1077 = LINE('',#1078,#1079);
#1078 = CARTESIAN_POINT('',(9.5,1.3,18.5));
#1079 = VECTOR('',#1080,1.);
#1080 = DIRECTION('',(1.,0.,-0.));
#1081 = ORIENTED_EDGE('',*,*,#476,.T.);
#1082 = ORIENTED_EDGE('',*,*,#1083,.T.);
#1083 = EDGE_CURVE('',#467,#1084,#1086,.T.);
#1084 = VERTEX_POINT('',#1085);
#1085 = CARTESIAN_POINT('',(90.5,1.3,63.5));
#1086 = LINE('',#1087,#1088);
#1087 = CARTESIAN_POINT('',(9.5,1.3,63.5));
#1088 = VECTOR('',#1089,1.);
#1089 = DIRECTION('',(1.,0.,-0.));
#1090 = ORIENTED_EDGE('',*,*,#1091,.F.);
#1091 = EDGE_CURVE('',#1075,#1084,#1092,.T.);
#1092 = LINE('',#1093,#1094);
#1093 = CARTESIAN_POINT('',(90.5,1.3,18.5));
#1094 = VECTOR('',#1095,1.);
#1095 = DIRECTION('',(0.,0.,1.));
#1096 = FACE_BOUND('',#1097,.T.);
#1097 = EDGE_LOOP('',(#1098,#1099,#1100,#1101));
#1098 = ORIENTED_EDGE('',*,*,#673,.F.);
#1099 = ORIENTED_EDGE('',*,*,#822,.F.);
#1100 = ORIENTED_EDGE('',*,*,#800,.T.);
#1101 = ORIENTED_EDGE('',*,*,#546,.T.);
#1102 = PLANE('',#1103);
#1103 = AXIS2_PLACEMENT_3D('',#1104,#1105,#1106);
#1104 = CARTESIAN_POINT('',(9.5,1.3,18.5));
#1105 = DIRECTION('',(-0.,1.,0.));
#1106 = DIRECTION('',(0.,0.,1.));
#1107 = ADVANCED_FACE('',(#1108),#1133,.F.);
#1108 = FACE_BOUND('',#1109,.F.);
#1109 = EDGE_LOOP('',(#1110,#1111,#1119,#1127));
#1110 = ORIENTED_EDGE('',*,*,#649,.T.);
#1111 = ORIENTED_EDGE('',*,*,#1112,.T.);
#1112 = EDGE_CURVE('',#650,#1113,#1115,.T.);
#1113 = VERTEX_POINT('',#1114);
#1114 = CARTESIAN_POINT('',(11.8,0.,31.6));
#1115 = LINE('',#1116,#1117);
#1116 = CARTESIAN_POINT('',(11.2,0.,31.6));
#1117 = VECTOR('',#1118,1.);
#1118 = DIRECTION('',(1.,0.,-0.));
#1119 = ORIENTED_EDGE('',*,*,#1120,.F.);
#1120 = EDGE_CURVE('',#1121,#1113,#1123,.T.);
#1121 = VERTEX_POINT('',#1122);
#1122 = CARTESIAN_POINT('',(11.8,0.8,31.6));
#1123 = LINE('',#1124,#1125);
#1124 = CARTESIAN_POINT('',(11.8,0.,31.6));
#1125 = VECTOR('',#1126,1.);
#1126 = DIRECTION('',(0.,-1.,0.));
#1127 = ORIENTED_EDGE('',*,*,#1128,.F.);
#1128 = EDGE_CURVE('',#642,#1121,#1129,.T.);
#1129 = LINE('',#1130,#1131);
#1130 = CARTESIAN_POINT('',(11.2,0.8,31.6));
#1131 = VECTOR('',#1132,1.);
#1132 = DIRECTION('',(1.,0.,-0.));
#1133 = PLANE('',#1134);
#1134 = AXIS2_PLACEMENT_3D('',#1135,#1136,#1137);
#1135 = CARTESIAN_POINT('',(11.2,0.,31.6));
#1136 = DIRECTION('',(0.,0.,1.));
#1137 = DIRECTION('',(1.,0.,-0.));
#1138 = ADVANCED_FACE('',(#1139),#1164,.T.);
#1139 = FACE_BOUND('',#1140,.T.);
#1140 = EDGE_LOOP('',(#1141,#1142,#1150,#1158));
#1141 = ORIENTED_EDGE('',*,*,#633,.T.);
#1142 = ORIENTED_EDGE('',*,*,#1143,.T.);
#1143 = EDGE_CURVE('',#626,#1144,#1146,.T.);
#1144 = VERTEX_POINT('',#1145);
#1145 = CARTESIAN_POINT('',(11.8,0.,32.2));
#1146 = LINE('',#1147,#1148);
#1147 = CARTESIAN_POINT('',(11.2,0.,32.2));
#1148 = VECTOR('',#1149,1.);
#1149 = DIRECTION('',(1.,0.,-0.));
#1150 = ORIENTED_EDGE('',*,*,#1151,.F.);
#1151 = EDGE_CURVE('',#1152,#1144,#1154,.T.);
#1152 = VERTEX_POINT('',#1153);
#1153 = CARTESIAN_POINT('',(11.8,0.8,32.2));
#1154 = LINE('',#1155,#1156);
#1155 = CARTESIAN_POINT('',(11.8,0.,32.2));
#1156 = VECTOR('',#1157,1.);
#1157 = DIRECTION('',(0.,-1.,0.));
#1158 = ORIENTED_EDGE('',*,*,#1159,.F.);
#1159 = EDGE_CURVE('',#634,#1152,#1160,.T.);
#1160 = LINE('',#1161,#1162);
#1161 = CARTESIAN_POINT('',(11.2,0.8,32.2));
#1162 = VECTOR('',#1163,1.);
#1163 = DIRECTION('',(1.,0.,-0.));
#1164 = PLANE('',#1165);
#1165 = AXIS2_PLACEMENT_3D('',#1166,#1167,#1168);
#1166 = CARTESIAN_POINT('',(11.2,0.,32.2));
#1167 = DIRECTION('',(0.,0.,1.));
#1168 = DIRECTION('',(1.,0.,-0.));
#1169 = ADVANCED_FACE('',(#1170),#1195,.F.);
#1170 = FACE_BOUND('',#1171,.F.);
#1171 = EDGE_LOOP('',(#1172,#1173,#1181,#1189));
#1172 = ORIENTED_EDGE('',*,*,#617,.T.);
#1173 = ORIENTED_EDGE('',*,*,#1174,.T.);
#1174 = EDGE_CURVE('',#618,#1175,#1177,.T.);
#1175 = VERTEX_POINT('',#1176);
#1176 = CARTESIAN_POINT('',(11.8,0.,41.2));
#1177 = LINE('',#1178,#1179);
#1178 = CARTESIAN_POINT('',(11.2,0.,41.2));
#1179 = VECTOR('',#1180,1.);
#1180 = DIRECTION('',(1.,0.,-0.));
#1181 = ORIENTED_EDGE('',*,*,#1182,.F.);
#1182 = EDGE_CURVE('',#1183,#1175,#1185,.T.);
#1183 = VERTEX_POINT('',#1184);
#1184 = CARTESIAN_POINT('',(11.8,0.8,41.2));
#1185 = LINE('',#1186,#1187);
#1186 = CARTESIAN_POINT('',(11.8,0.,41.2));
#1187 = VECTOR('',#1188,1.);
#1188 = DIRECTION('',(0.,-1.,0.));
#1189 = ORIENTED_EDGE('',*,*,#1190,.F.);
#1190 = EDGE_CURVE('',#610,#1183,#1191,.T.);
#1191 = LINE('',#1192,#1193);
#1192 = CARTESIAN_POINT('',(11.2,0.8,41.2));
#1193 = VECTOR('',#1194,1.);
#1194 = DIRECTION('',(1.,0.,-0.));
#1195 = PLANE('',#1196);
#1196 = AXIS2_PLACEMENT_3D('',#1197,#1198,#1199);
#1197 = CARTESIAN_POINT('',(11.2,0.,41.2));
#1198 = DIRECTION('',(0.,0.,1.));
#1199 = DIRECTION('',(1.,0.,-0.));
#1200 = ADVANCED_FACE('',(#1201),#1226,.T.);
#1201 = FACE_BOUND('',#1202,.T.);
#1202 = EDGE_LOOP('',(#1203,#1204,#1212,#1220));
#1203 = ORIENTED_EDGE('',*,*,#601,.T.);
#1204 = ORIENTED_EDGE('',*,*,#1205,.T.);
#1205 = EDGE_CURVE('',#594,#1206,#1208,.T.);
#1206 = VERTEX_POINT('',#1207);
#1207 = CARTESIAN_POINT('',(11.8,0.,41.8));
#1208 = LINE('',#1209,#1210);
#1209 = CARTESIAN_POINT('',(11.2,0.,41.8));
#1210 = VECTOR('',#1211,1.);
#1211 = DIRECTION('',(1.,0.,-0.));
#1212 = ORIENTED_EDGE('',*,*,#1213,.F.);
#1213 = EDGE_CURVE('',#1214,#1206,#1216,.T.);
#1214 = VERTEX_POINT('',#1215);
#1215 = CARTESIAN_POINT('',(11.8,0.8,41.8));
#1216 = LINE('',#1217,#1218);
#1217 = CARTESIAN_POINT('',(11.8,0.,41.8));
#1218 = VECTOR('',#1219,1.);
#1219 = DIRECTION('',(0.,-1.,0.));
#1220 = ORIENTED_EDGE('',*,*,#1221,.F.);
#1221 = EDGE_CURVE('',#602,#1214,#1222,.T.);
#1222 = LINE('',#1223,#1224);
#1223 = CARTESIAN_POINT('',(11.2,0.8,41.8));
#1224 = VECTOR('',#1225,1.);
#1225 = DIRECTION('',(1.,0.,-0.));
#1226 = PLANE('',#1227);
#1227 = AXIS2_PLACEMENT_3D('',#1228,#1229,#1230);
#1228 = CARTESIAN_POINT('',(11.2,0.,41.8));
#1229 = DIRECTION('',(0.,0.,1.));
#1230 = DIRECTION('',(1.,0.,-0.));
#1231 = ADVANCED_FACE('',(#1232),#1257,.F.);
#1232 = FACE_BOUND('',#1233,.F.);
#1233 = EDGE_LOOP('',(#1234,#1235,#1243,#1251));
#1234 = ORIENTED_EDGE('',*,*,#585,.T.);
#1235 = ORIENTED_EDGE('',*,*,#1236,.T.);
#1236 = EDGE_CURVE('',#586,#1237,#1239,.T.);
#1237 = VERTEX_POINT('',#1238);
#1238 = CARTESIAN_POINT('',(11.8,0.,50.8));
#1239 = LINE('',#1240,#1241);
#1240 = CARTESIAN_POINT('',(11.2,0.,50.8));
#1241 = VECTOR('',#1242,1.);
#1242 = DIRECTION('',(1.,0.,-0.));
#1243 = ORIENTED_EDGE('',*,*,#1244,.F.);
#1244 = EDGE_CURVE('',#1245,#1237,#1247,.T.);
#1245 = VERTEX_POINT('',#1246);
#1246 = CARTESIAN_POINT('',(11.8,0.8,50.8));
#1247 = LINE('',#1248,#1249);
#1248 = CARTESIAN_POINT('',(11.8,0.,50.8));
#1249 = VECTOR('',#1250,1.);
#1250 = DIRECTION('',(0.,-1.,0.));
#1251 = ORIENTED_EDGE('',*,*,#1252,.F.);
#1252 = EDGE_CURVE('',#578,#1245,#1253,.T.);
#1253 = LINE('',#1254,#1255);
#1254 = CARTESIAN_POINT('',(11.2,0.8,50.8));
#1255 = VECTOR('',#1256,1.);
#1256 = DIRECTION('',(1.,0.,-0.));
#1257 = PLANE('',#1258);
#1258 = AXIS2_PLACEMENT_3D('',#1259,#1260,#1261);
#1259 = CARTESIAN_POINT('',(11.2,0.,50.8));
#1260 = DIRECTION('',(0.,0.,1.));
#1261 = DIRECTION('',(1.,0.,-0.));
#1262 = ADVANCED_FACE('',(#1263),#1288,.T.);
#1263 = FACE_BOUND('',#1264,.T.);
#1264 = EDGE_LOOP('',(#1265,#1266,#1274,#1282));
#1265 = ORIENTED_EDGE('',*,*,#569,.T.);
#1266 = ORIENTED_EDGE('',*,*,#1267,.T.);
#1267 = EDGE_CURVE('',#562,#1268,#1270,.T.);
#1268 = VERTEX_POINT('',#1269);
#1269 = CARTESIAN_POINT('',(11.8,0.,51.4));
#1270 = LINE('',#1271,#1272);
#1271 = CARTESIAN_POINT('',(11.2,0.,51.4));
#1272 = VECTOR('',#1273,1.);
#1273 = DIRECTION('',(1.,0.,-0.));
#1274 = ORIENTED_EDGE('',*,*,#1275,.F.);
#1275 = EDGE_CURVE('',#1276,#1268,#1278,.T.);
#1276 = VERTEX_POINT('',#1277);
#1277 = CARTESIAN_POINT('',(11.8,0.8,51.4));
#1278 = LINE('',#1279,#1280);
#1279 = CARTESIAN_POINT('',(11.8,0.,51.4));
#1280 = VECTOR('',#1281,1.);
#1281 = DIRECTION('',(0.,-1.,0.));
#1282 = ORIENTED_EDGE('',*,*,#1283,.F.);
#1283 = EDGE_CURVE('',#570,#1276,#1284,.T.);
#1284 = LINE('',#1285,#1286);
#1285 = CARTESIAN_POINT('',(11.2,0.8,51.4));
#1286 = VECTOR('',#1287,1.);
#1287 = DIRECTION('',(1.,0.,-0.));
#1288 = PLANE('',#1289);
#1289 = AXIS2_PLACEMENT_3D('',#1290,#1291,#1292);
#1290 = CARTESIAN_POINT('',(11.2,0.,51.4));
#1291 = DIRECTION('',(0.,0.,1.));
#1292 = DIRECTION('',(1.,0.,-0.));
#1293 = ADVANCED_FACE('',(#1294),#1319,.F.);
#1294 = FACE_BOUND('',#1295,.F.);
#1295 = EDGE_LOOP('',(#1296,#1306,#1312,#1313));
#1296 = ORIENTED_EDGE('',*,*,#1297,.T.);
#1297 = EDGE_CURVE('',#1298,#1300,#1302,.T.);
#1298 = VERTEX_POINT('',#1299);
#1299 = CARTESIAN_POINT('',(88.2,0.8,31.6));
#1300 = VERTEX_POINT('',#1301);
#1301 = CARTESIAN_POINT('',(88.2,0.,31.6));
#1302 = LINE('',#1303,#1304);
#1303 = CARTESIAN_POINT('',(88.2,0.,31.6));
#1304 = VECTOR('',#1305,1.);
#1305 = DIRECTION('',(0.,-1.,0.));
#1306 = ORIENTED_EDGE('',*,*,#1307,.T.);
#1307 = EDGE_CURVE('',#1300,#777,#1308,.T.);
#1308 = LINE('',#1309,#1310);
#1309 = CARTESIAN_POINT('',(88.1,0.,31.6));
#1310 = VECTOR('',#1311,1.);
#1311 = DIRECTION('',(1.,0.,-0.));
#1312 = ORIENTED_EDGE('',*,*,#776,.F.);
#1313 = ORIENTED_EDGE('',*,*,#1314,.F.);
#1314 = EDGE_CURVE('',#1298,#769,#1315,.T.);
#1315 = LINE('',#1316,#1317);
#1316 = CARTESIAN_POINT('',(88.1,0.8,31.6));
#1317 = VECTOR('',#1318,1.);
#1318 = DIRECTION('',(1.,0.,-0.));
#1319 = PLANE('',#1320);
#1320 = AXIS2_PLACEMENT_3D('',#1321,#1322,#1323);
#1321 = CARTESIAN_POINT('',(88.1,0.,31.6));
#1322 = DIRECTION('',(0.,0.,1.));
#1323 = DIRECTION('',(1.,0.,-0.));
#1324 = ADVANCED_FACE('',(#1325),#1350,.T.);
#1325 = FACE_BOUND('',#1326,.T.);
#1326 = EDGE_LOOP('',(#1327,#1337,#1343,#1344));
#1327 = ORIENTED_EDGE('',*,*,#1328,.T.);
#1328 = EDGE_CURVE('',#1329,#1331,#1333,.T.);
#1329 = VERTEX_POINT('',#1330);
#1330 = CARTESIAN_POINT('',(88.2,0.8,32.2));
#1331 = VERTEX_POINT('',#1332);
#1332 = CARTESIAN_POINT('',(88.2,0.,32.2));
#1333 = LINE('',#1334,#1335);
#1334 = CARTESIAN_POINT('',(88.2,0.,32.2));
#1335 = VECTOR('',#1336,1.);
#1336 = DIRECTION('',(0.,-1.,0.));
#1337 = ORIENTED_EDGE('',*,*,#1338,.T.);
#1338 = EDGE_CURVE('',#1331,#753,#1339,.T.);
#1339 = LINE('',#1340,#1341);
#1340 = CARTESIAN_POINT('',(88.1,0.,32.2));
#1341 = VECTOR('',#1342,1.);
#1342 = DIRECTION('',(1.,0.,-0.));
#1343 = ORIENTED_EDGE('',*,*,#760,.F.);
#1344 = ORIENTED_EDGE('',*,*,#1345,.F.);
#1345 = EDGE_CURVE('',#1329,#761,#1346,.T.);
#1346 = LINE('',#1347,#1348);
#1347 = CARTESIAN_POINT('',(88.1,0.8,32.2));
#1348 = VECTOR('',#1349,1.);
#1349 = DIRECTION('',(1.,0.,-0.));
#1350 = PLANE('',#1351);
#1351 = AXIS2_PLACEMENT_3D('',#1352,#1353,#1354);
#1352 = CARTESIAN_POINT('',(88.1,0.,32.2));
#1353 = DIRECTION('',(0.,0.,1.));
#1354 = DIRECTION('',(1.,0.,-0.));
#1355 = ADVANCED_FACE('',(#1356),#1381,.F.);
#1356 = FACE_BOUND('',#1357,.F.);
#1357 = EDGE_LOOP('',(#1358,#1368,#1374,#1375));
#1358 = ORIENTED_EDGE('',*,*,#1359,.T.);
#1359 = EDGE_CURVE('',#1360,#1362,#1364,.T.);
#1360 = VERTEX_POINT('',#1361);
#1361 = CARTESIAN_POINT('',(88.2,0.8,41.2));
#1362 = VERTEX_POINT('',#1363);
#1363 = CARTESIAN_POINT('',(88.2,0.,41.2));
#1364 = LINE('',#1365,#1366);
#1365 = CARTESIAN_POINT('',(88.2,0.,41.2));
#1366 = VECTOR('',#1367,1.);
#1367 = DIRECTION('',(0.,-1.,0.));
#1368 = ORIENTED_EDGE('',*,*,#1369,.T.);
#1369 = EDGE_CURVE('',#1362,#745,#1370,.T.);
#1370 = LINE('',#1371,#1372);
#1371 = CARTESIAN_POINT('',(88.1,0.,41.2));
#1372 = VECTOR('',#1373,1.);
#1373 = DIRECTION('',(1.,0.,-0.));
#1374 = ORIENTED_EDGE('',*,*,#744,.F.);
#1375 = ORIENTED_EDGE('',*,*,#1376,.F.);
#1376 = EDGE_CURVE('',#1360,#737,#1377,.T.);
#1377 = LINE('',#1378,#1379);
#1378 = CARTESIAN_POINT('',(88.1,0.8,41.2));
#1379 = VECTOR('',#1380,1.);
#1380 = DIRECTION('',(1.,0.,-0.));
#1381 = PLANE('',#1382);
#1382 = AXIS2_PLACEMENT_3D('',#1383,#1384,#1385);
#1383 = CARTESIAN_POINT('',(88.1,0.,41.2));
#1384 = DIRECTION('',(0.,0.,1.));
#1385 = DIRECTION('',(1.,0.,-0.));
#1386 = ADVANCED_FACE('',(#1387),#1412,.T.);
#1387 = FACE_BOUND('',#1388,.T.);
#1388 = EDGE_LOOP('',(#1389,#1399,#1405,#1406));
#1389 = ORIENTED_EDGE('',*,*,#1390,.T.);
#1390 = EDGE_CURVE('',#1391,#1393,#1395,.T.);
#1391 = VERTEX_POINT('',#1392);
#1392 = CARTESIAN_POINT('',(88.2,0.8,41.8));
#1393 = VERTEX_POINT('',#1394);
#1394 = CARTESIAN_POINT('',(88.2,0.,41.8));
#1395 = LINE('',#1396,#1397);
#1396 = CARTESIAN_POINT('',(88.2,0.,41.8));
#1397 = VECTOR('',#1398,1.);
#1398 = DIRECTION('',(0.,-1.,0.));
#1399 = ORIENTED_EDGE('',*,*,#1400,.T.);
#1400 = EDGE_CURVE('',#1393,#721,#1401,.T.);
#1401 = LINE('',#1402,#1403);
#1402 = CARTESIAN_POINT('',(88.1,0.,41.8));
#1403 = VECTOR('',#1404,1.);
#1404 = DIRECTION('',(1.,0.,-0.));
#1405 = ORIENTED_EDGE('',*,*,#728,.F.);
#1406 = ORIENTED_EDGE('',*,*,#1407,.F.);
#1407 = EDGE_CURVE('',#1391,#729,#1408,.T.);
#1408 = LINE('',#1409,#1410);
#1409 = CARTESIAN_POINT('',(88.1,0.8,41.8));
#1410 = VECTOR('',#1411,1.);
#1411 = DIRECTION('',(1.,0.,-0.));
#1412 = PLANE('',#1413);
#1413 = AXIS2_PLACEMENT_3D('',#1414,#1415,#1416);
#1414 = CARTESIAN_POINT('',(88.1,0.,41.8));
#1415 = DIRECTION('',(0.,0.,1.));
#1416 = DIRECTION('',(1.,0.,-0.));
#1417 = ADVANCED_FACE('',(#1418),#1443,.F.);
#1418 = FACE_BOUND('',#1419,.F.);
#1419 = EDGE_LOOP('',(#1420,#1430,#1436,#1437));
#1420 = ORIENTED_EDGE('',*,*,#1421,.T.);
#1421 = EDGE_CURVE('',#1422,#1424,#1426,.T.);
#1422 = VERTEX_POINT('',#1423);
#1423 = CARTESIAN_POINT('',(88.2,0.8,50.8));
#1424 = VERTEX_POINT('',#1425);
#1425 = CARTESIAN_POINT('',(88.2,0.,50.8));
#1426 = LINE('',#1427,#1428);
#1427 = CARTESIAN_POINT('',(88.2,0.,50.8));
#1428 = VECTOR('',#1429,1.);
#1429 = DIRECTION('',(0.,-1.,0.));
#1430 = ORIENTED_EDGE('',*,*,#1431,.T.);
#1431 = EDGE_CURVE('',#1424,#713,#1432,.T.);
#1432 = LINE('',#1433,#1434);
#1433 = CARTESIAN_POINT('',(88.1,0.,50.8));
#1434 = VECTOR('',#1435,1.);
#1435 = DIRECTION('',(1.,0.,-0.));
#1436 = ORIENTED_EDGE('',*,*,#712,.F.);
#1437 = ORIENTED_EDGE('',*,*,#1438,.F.);
#1438 = EDGE_CURVE('',#1422,#705,#1439,.T.);
#1439 = LINE('',#1440,#1441);
#1440 = CARTESIAN_POINT('',(88.1,0.8,50.8));
#1441 = VECTOR('',#1442,1.);
#1442 = DIRECTION('',(1.,0.,-0.));
#1443 = PLANE('',#1444);
#1444 = AXIS2_PLACEMENT_3D('',#1445,#1446,#1447);
#1445 = CARTESIAN_POINT('',(88.1,0.,50.8));
#1446 = DIRECTION('',(0.,0.,1.));
#1447 = DIRECTION('',(1.,0.,-0.));
#1448 = ADVANCED_FACE('',(#1449),#1474,.T.);
#1449 = FACE_BOUND('',#1450,.T.);
#1450 = EDGE_LOOP('',(#1451,#1461,#1467,#1468));
#1451 = ORIENTED_EDGE('',*,*,#1452,.T.);
#1452 = EDGE_CURVE('',#1453,#1455,#1457,.T.);
#1453 = VERTEX_POINT('',#1454);
#1454 = CARTESIAN_POINT('',(88.2,0.8,51.4));
#1455 = VERTEX_POINT('',#1456);
#1456 = CARTESIAN_POINT('',(88.2,0.,51.4));
#1457 = LINE('',#1458,#1459);
#1458 = CARTESIAN_POINT('',(88.2,0.,51.4));
#1459 = VECTOR('',#1460,1.);
#1460 = DIRECTION('',(0.,-1.,0.));
#1461 = ORIENTED_EDGE('',*,*,#1462,.T.);
#1462 = EDGE_CURVE('',#1455,#689,#1463,.T.);
#1463 = LINE('',#1464,#1465);
#1464 = CARTESIAN_POINT('',(88.1,0.,51.4));
#1465 = VECTOR('',#1466,1.);
#1466 = DIRECTION('',(1.,0.,-0.));
#1467 = ORIENTED_EDGE('',*,*,#696,.F.);
#1468 = ORIENTED_EDGE('',*,*,#1469,.F.);
#1469 = EDGE_CURVE('',#1453,#697,#1470,.T.);
#1470 = LINE('',#1471,#1472);
#1471 = CARTESIAN_POINT('',(88.1,0.8,51.4));
#1472 = VECTOR('',#1473,1.);
#1473 = DIRECTION('',(1.,0.,-0.));
#1474 = PLANE('',#1475);
#1475 = AXIS2_PLACEMENT_3D('',#1476,#1477,#1478);
#1476 = CARTESIAN_POINT('',(88.1,0.,51.4));
#1477 = DIRECTION('',(0.,0.,1.));
#1478 = DIRECTION('',(1.,0.,-0.));
#1479 = ADVANCED_FACE('',(#1480),#1505,.F.);
#1480 = FACE_BOUND('',#1481,.F.);
#1481 = EDGE_LOOP('',(#1482,#1490,#1491,#1499));
#1482 = ORIENTED_EDGE('',*,*,#1483,.F.);
#1483 = EDGE_CURVE('',#831,#1484,#1486,.T.);
#1484 = VERTEX_POINT('',#1485);
#1485 = CARTESIAN_POINT('',(12.6,0.1,21.8));
#1486 = LINE('',#1487,#1488);
#1487 = CARTESIAN_POINT('',(12.6,0.1,21.1));
#1488 = VECTOR('',#1489,1.);
#1489 = DIRECTION('',(0.,0.,1.));
#1490 = ORIENTED_EDGE('',*,*,#830,.T.);
#1491 = ORIENTED_EDGE('',*,*,#1492,.T.);
#1492 = EDGE_CURVE('',#833,#1493,#1495,.T.);
#1493 = VERTEX_POINT('',#1494);
#1494 = CARTESIAN_POINT('',(11.8,0.1,21.8));
#1495 = LINE('',#1496,#1497);
#1496 = CARTESIAN_POINT('',(11.8,0.1,21.1));
#1497 = VECTOR('',#1498,1.);
#1498 = DIRECTION('',(0.,0.,1.));
#1499 = ORIENTED_EDGE('',*,*,#1500,.F.);
#1500 = EDGE_CURVE('',#1484,#1493,#1501,.T.);
#1501 = LINE('',#1502,#1503);
#1502 = CARTESIAN_POINT('',(11.8,0.1,21.8));
#1503 = VECTOR('',#1504,1.);
#1504 = DIRECTION('',(-1.,-0.,0.));
#1505 = PLANE('',#1506);
#1506 = AXIS2_PLACEMENT_3D('',#1507,#1508,#1509);
#1507 = CARTESIAN_POINT('',(11.8,0.1,21.1));
#1508 = DIRECTION('',(-0.,1.,0.));
#1509 = DIRECTION('',(0.,0.,1.));
#1510 = ADVANCED_FACE('',(#1511),#1529,.T.);
#1511 = FACE_BOUND('',#1512,.T.);
#1512 = EDGE_LOOP('',(#1513,#1514,#1515,#1523));
#1513 = ORIENTED_EDGE('',*,*,#1483,.F.);
#1514 = ORIENTED_EDGE('',*,*,#856,.T.);
#1515 = ORIENTED_EDGE('',*,*,#1516,.T.);
#1516 = EDGE_CURVE('',#849,#1517,#1519,.T.);
#1517 = VERTEX_POINT('',#1518);
#1518 = CARTESIAN_POINT('',(12.6,0.7,21.8));
#1519 = LINE('',#1520,#1521);
#1520 = CARTESIAN_POINT('',(12.6,0.7,21.1));
#1521 = VECTOR('',#1522,1.);
#1522 = DIRECTION('',(0.,0.,1.));
#1523 = ORIENTED_EDGE('',*,*,#1524,.F.);
#1524 = EDGE_CURVE('',#1484,#1517,#1525,.T.);
#1525 = LINE('',#1526,#1527);
#1526 = CARTESIAN_POINT('',(12.6,5.E-02,21.8));
#1527 = VECTOR('',#1528,1.);
#1528 = DIRECTION('',(-0.,1.,0.));
#1529 = PLANE('',#1530);
#1530 = AXIS2_PLACEMENT_3D('',#1531,#1532,#1533);
#1531 = CARTESIAN_POINT('',(12.6,0.1,21.1));
#1532 = DIRECTION('',(1.,0.,-0.));
#1533 = DIRECTION('',(0.,0.,1.));
#1534 = ADVANCED_FACE('',(#1535),#1553,.T.);
#1535 = FACE_BOUND('',#1536,.T.);
#1536 = EDGE_LOOP('',(#1537,#1538,#1539,#1547));
#1537 = ORIENTED_EDGE('',*,*,#1516,.F.);
#1538 = ORIENTED_EDGE('',*,*,#848,.T.);
#1539 = ORIENTED_EDGE('',*,*,#1540,.T.);
#1540 = EDGE_CURVE('',#841,#1541,#1543,.T.);
#1541 = VERTEX_POINT('',#1542);
#1542 = CARTESIAN_POINT('',(11.8,0.7,21.8));
#1543 = LINE('',#1544,#1545);
#1544 = CARTESIAN_POINT('',(11.8,0.7,21.1));
#1545 = VECTOR('',#1546,1.);
#1546 = DIRECTION('',(0.,0.,1.));
#1547 = ORIENTED_EDGE('',*,*,#1548,.F.);
#1548 = EDGE_CURVE('',#1517,#1541,#1549,.T.);
#1549 = LINE('',#1550,#1551);
#1550 = CARTESIAN_POINT('',(11.8,0.7,21.8));
#1551 = VECTOR('',#1552,1.);
#1552 = DIRECTION('',(-1.,-0.,0.));
#1553 = PLANE('',#1554);
#1554 = AXIS2_PLACEMENT_3D('',#1555,#1556,#1557);
#1555 = CARTESIAN_POINT('',(11.8,0.7,21.1));
#1556 = DIRECTION('',(-0.,1.,0.));
#1557 = DIRECTION('',(0.,0.,1.));
#1558 = ADVANCED_FACE('',(#1559),#1584,.F.);
#1559 = FACE_BOUND('',#1560,.F.);
#1560 = EDGE_LOOP('',(#1561,#1569,#1570,#1578));
#1561 = ORIENTED_EDGE('',*,*,#1562,.F.);
#1562 = EDGE_CURVE('',#865,#1563,#1565,.T.);
#1563 = VERTEX_POINT('',#1564);
#1564 = CARTESIAN_POINT('',(25.2,0.1,21.8));
#1565 = LINE('',#1566,#1567);
#1566 = CARTESIAN_POINT('',(25.2,0.1,21.1));
#1567 = VECTOR('',#1568,1.);
#1568 = DIRECTION('',(0.,0.,1.));
#1569 = ORIENTED_EDGE('',*,*,#864,.T.);
#1570 = ORIENTED_EDGE('',*,*,#1571,.T.);
#1571 = EDGE_CURVE('',#867,#1572,#1574,.T.);
#1572 = VERTEX_POINT('',#1573);
#1573 = CARTESIAN_POINT('',(24.4,0.1,21.8));
#1574 = LINE('',#1575,#1576);
#1575 = CARTESIAN_POINT('',(24.4,0.1,21.1));
#1576 = VECTOR('',#1577,1.);
#1577 = DIRECTION('',(0.,0.,1.));
#1578 = ORIENTED_EDGE('',*,*,#1579,.F.);
#1579 = EDGE_CURVE('',#1563,#1572,#1580,.T.);
#1580 = LINE('',#1581,#1582);
#1581 = CARTESIAN_POINT('',(18.1,0.1,21.8));
#1582 = VECTOR('',#1583,1.);
#1583 = DIRECTION('',(-1.,-0.,0.));
#1584 = PLANE('',#1585);
#1585 = AXIS2_PLACEMENT_3D('',#1586,#1587,#1588);
#1586 = CARTESIAN_POINT('',(24.4,0.1,21.1));
#1587 = DIRECTION('',(-0.,1.,0.));
#1588 = DIRECTION('',(0.,0.,1.));
#1589 = ADVANCED_FACE('',(#1590),#1608,.T.);
#1590 = FACE_BOUND('',#1591,.T.);
#1591 = EDGE_LOOP('',(#1592,#1593,#1594,#1602));
#1592 = ORIENTED_EDGE('',*,*,#1562,.F.);
#1593 = ORIENTED_EDGE('',*,*,#890,.T.);
#1594 = ORIENTED_EDGE('',*,*,#1595,.T.);
#1595 = EDGE_CURVE('',#883,#1596,#1598,.T.);
#1596 = VERTEX_POINT('',#1597);
#1597 = CARTESIAN_POINT('',(25.2,0.7,21.8));
#1598 = LINE('',#1599,#1600);
#1599 = CARTESIAN_POINT('',(25.2,0.7,21.1));
#1600 = VECTOR('',#1601,1.);
#1601 = DIRECTION('',(0.,0.,1.));
#1602 = ORIENTED_EDGE('',*,*,#1603,.F.);
#1603 = EDGE_CURVE('',#1563,#1596,#1604,.T.);
#1604 = LINE('',#1605,#1606);
#1605 = CARTESIAN_POINT('',(25.2,5.E-02,21.8));
#1606 = VECTOR('',#1607,1.);
#1607 = DIRECTION('',(-0.,1.,0.));
#1608 = PLANE('',#1609);
#1609 = AXIS2_PLACEMENT_3D('',#1610,#1611,#1612);
#1610 = CARTESIAN_POINT('',(25.2,0.1,21.1));
#1611 = DIRECTION('',(1.,0.,-0.));
#1612 = DIRECTION('',(0.,0.,1.));
#1613 = ADVANCED_FACE('',(#1614),#1632,.T.);
#1614 = FACE_BOUND('',#1615,.T.);
#1615 = EDGE_LOOP('',(#1616,#1617,#1618,#1626));
#1616 = ORIENTED_EDGE('',*,*,#1595,.F.);
#1617 = ORIENTED_EDGE('',*,*,#882,.T.);
#1618 = ORIENTED_EDGE('',*,*,#1619,.T.);
#1619 = EDGE_CURVE('',#875,#1620,#1622,.T.);
#1620 = VERTEX_POINT('',#1621);
#1621 = CARTESIAN_POINT('',(24.4,0.7,21.8));
#1622 = LINE('',#1623,#1624);
#1623 = CARTESIAN_POINT('',(24.4,0.7,21.1));
#1624 = VECTOR('',#1625,1.);
#1625 = DIRECTION('',(0.,0.,1.));
#1626 = ORIENTED_EDGE('',*,*,#1627,.F.);
#1627 = EDGE_CURVE('',#1596,#1620,#1628,.T.);
#1628 = LINE('',#1629,#1630);
#1629 = CARTESIAN_POINT('',(18.1,0.7,21.8));
#1630 = VECTOR('',#1631,1.);
#1631 = DIRECTION('',(-1.,-0.,0.));
#1632 = PLANE('',#1633);
#1633 = AXIS2_PLACEMENT_3D('',#1634,#1635,#1636);
#1634 = CARTESIAN_POINT('',(24.4,0.7,21.1));
#1635 = DIRECTION('',(-0.,1.,0.));
#1636 = DIRECTION('',(0.,0.,1.));
#1637 = ADVANCED_FACE('',(#1638),#1649,.F.);
#1638 = FACE_BOUND('',#1639,.F.);
#1639 = EDGE_LOOP('',(#1640,#1641,#1642,#1643));
#1640 = ORIENTED_EDGE('',*,*,#1571,.F.);
#1641 = ORIENTED_EDGE('',*,*,#874,.T.);
#1642 = ORIENTED_EDGE('',*,*,#1619,.T.);
#1643 = ORIENTED_EDGE('',*,*,#1644,.F.);
#1644 = EDGE_CURVE('',#1572,#1620,#1645,.T.);
#1645 = LINE('',#1646,#1647);
#1646 = CARTESIAN_POINT('',(24.4,5.E-02,21.8));
#1647 = VECTOR('',#1648,1.);
#1648 = DIRECTION('',(-0.,1.,0.));
#1649 = PLANE('',#1650);
#1650 = AXIS2_PLACEMENT_3D('',#1651,#1652,#1653);
#1651 = CARTESIAN_POINT('',(24.4,0.1,21.1));
#1652 = DIRECTION('',(1.,0.,-0.));
#1653 = DIRECTION('',(0.,0.,1.));
#1654 = ADVANCED_FACE('',(#1655),#1680,.F.);
#1655 = FACE_BOUND('',#1656,.F.);
#1656 = EDGE_LOOP('',(#1657,#1665,#1666,#1674));
#1657 = ORIENTED_EDGE('',*,*,#1658,.F.);
#1658 = EDGE_CURVE('',#899,#1659,#1661,.T.);
#1659 = VERTEX_POINT('',#1660);
#1660 = CARTESIAN_POINT('',(37.8,0.1,21.8));
#1661 = LINE('',#1662,#1663);
#1662 = CARTESIAN_POINT('',(37.8,0.1,21.1));
#1663 = VECTOR('',#1664,1.);
#1664 = DIRECTION('',(0.,0.,1.));
#1665 = ORIENTED_EDGE('',*,*,#898,.T.);
#1666 = ORIENTED_EDGE('',*,*,#1667,.T.);
#1667 = EDGE_CURVE('',#901,#1668,#1670,.T.);
#1668 = VERTEX_POINT('',#1669);
#1669 = CARTESIAN_POINT('',(37.,0.1,21.8));
#1670 = LINE('',#1671,#1672);
#1671 = CARTESIAN_POINT('',(37.,0.1,21.1));
#1672 = VECTOR('',#1673,1.);
#1673 = DIRECTION('',(0.,0.,1.));
#1674 = ORIENTED_EDGE('',*,*,#1675,.F.);
#1675 = EDGE_CURVE('',#1659,#1668,#1676,.T.);
#1676 = LINE('',#1677,#1678);
#1677 = CARTESIAN_POINT('',(24.4,0.1,21.8));
#1678 = VECTOR('',#1679,1.);
#1679 = DIRECTION('',(-1.,-0.,0.));
#1680 = PLANE('',#1681);
#1681 = AXIS2_PLACEMENT_3D('',#1682,#1683,#1684);
#1682 = CARTESIAN_POINT('',(37.,0.1,21.1));
#1683 = DIRECTION('',(-0.,1.,0.));
#1684 = DIRECTION('',(0.,0.,1.));
#1685 = ADVANCED_FACE('',(#1686),#1704,.T.);
#1686 = FACE_BOUND('',#1687,.T.);
#1687 = EDGE_LOOP('',(#1688,#1689,#1690,#1698));
#1688 = ORIENTED_EDGE('',*,*,#1658,.F.);
#1689 = ORIENTED_EDGE('',*,*,#924,.T.);
#1690 = ORIENTED_EDGE('',*,*,#1691,.T.);
#1691 = EDGE_CURVE('',#917,#1692,#1694,.T.);
#1692 = VERTEX_POINT('',#1693);
#1693 = CARTESIAN_POINT('',(37.8,0.7,21.8));
#1694 = LINE('',#1695,#1696);
#1695 = CARTESIAN_POINT('',(37.8,0.7,21.1));
#1696 = VECTOR('',#1697,1.);
#1697 = DIRECTION('',(0.,0.,1.));
#1698 = ORIENTED_EDGE('',*,*,#1699,.F.);
#1699 = EDGE_CURVE('',#1659,#1692,#1700,.T.);
#1700 = LINE('',#1701,#1702);
#1701 = CARTESIAN_POINT('',(37.8,5.E-02,21.8));
#1702 = VECTOR('',#1703,1.);
#1703 = DIRECTION('',(-0.,1.,0.));
#1704 = PLANE('',#1705);
#1705 = AXIS2_PLACEMENT_3D('',#1706,#1707,#1708);
#1706 = CARTESIAN_POINT('',(37.8,0.1,21.1));
#1707 = DIRECTION('',(1.,0.,-0.));
#1708 = DIRECTION('',(0.,0.,1.));
#1709 = ADVANCED_FACE('',(#1710),#1728,.T.);
#1710 = FACE_BOUND('',#1711,.T.);
#1711 = EDGE_LOOP('',(#1712,#1713,#1714,#1722));
#1712 = ORIENTED_EDGE('',*,*,#1691,.F.);
#1713 = ORIENTED_EDGE('',*,*,#916,.T.);
#1714 = ORIENTED_EDGE('',*,*,#1715,.T.);
#1715 = EDGE_CURVE('',#909,#1716,#1718,.T.);
#1716 = VERTEX_POINT('',#1717);
#1717 = CARTESIAN_POINT('',(37.,0.7,21.8));
#1718 = LINE('',#1719,#1720);
#1719 = CARTESIAN_POINT('',(37.,0.7,21.1));
#1720 = VECTOR('',#1721,1.);
#1721 = DIRECTION('',(0.,0.,1.));
#1722 = ORIENTED_EDGE('',*,*,#1723,.F.);
#1723 = EDGE_CURVE('',#1692,#1716,#1724,.T.);
#1724 = LINE('',#1725,#1726);
#1725 = CARTESIAN_POINT('',(24.4,0.7,21.8));
#1726 = VECTOR('',#1727,1.);
#1727 = DIRECTION('',(-1.,-0.,0.));
#1728 = PLANE('',#1729);
#1729 = AXIS2_PLACEMENT_3D('',#1730,#1731,#1732);
#1730 = CARTESIAN_POINT('',(37.,0.7,21.1));
#1731 = DIRECTION('',(-0.,1.,0.));
#1732 = DIRECTION('',(0.,0.,1.));
#1733 = ADVANCED_FACE('',(#1734),#1745,.F.);
#1734 = FACE_BOUND('',#1735,.F.);
#1735 = EDGE_LOOP('',(#1736,#1737,#1738,#1739));
#1736 = ORIENTED_EDGE('',*,*,#1667,.F.);
#1737 = ORIENTED_EDGE('',*,*,#908,.T.);
#1738 = ORIENTED_EDGE('',*,*,#1715,.T.);
#1739 = ORIENTED_EDGE('',*,*,#1740,.F.);
#1740 = EDGE_CURVE('',#1668,#1716,#1741,.T.);
#1741 = LINE('',#1742,#1743);
#1742 = CARTESIAN_POINT('',(37.,5.E-02,21.8));
#1743 = VECTOR('',#1744,1.);
#1744 = DIRECTION('',(-0.,1.,0.));
#1745 = PLANE('',#1746);
#1746 = AXIS2_PLACEMENT_3D('',#1747,#1748,#1749);
#1747 = CARTESIAN_POINT('',(37.,0.1,21.1));
#1748 = DIRECTION('',(1.,0.,-0.));
#1749 = DIRECTION('',(0.,0.,1.));
#1750 = ADVANCED_FACE('',(#1751),#1776,.F.);
#1751 = FACE_BOUND('',#1752,.F.);
#1752 = EDGE_LOOP('',(#1753,#1761,#1762,#1770));
#1753 = ORIENTED_EDGE('',*,*,#1754,.F.);
#1754 = EDGE_CURVE('',#933,#1755,#1757,.T.);
#1755 = VERTEX_POINT('',#1756);
#1756 = CARTESIAN_POINT('',(50.4,0.1,21.8));
#1757 = LINE('',#1758,#1759);
#1758 = CARTESIAN_POINT('',(50.4,0.1,21.1));
#1759 = VECTOR('',#1760,1.);
#1760 = DIRECTION('',(0.,0.,1.));
#1761 = ORIENTED_EDGE('',*,*,#932,.T.);
#1762 = ORIENTED_EDGE('',*,*,#1763,.T.);
#1763 = EDGE_CURVE('',#935,#1764,#1766,.T.);
#1764 = VERTEX_POINT('',#1765);
#1765 = CARTESIAN_POINT('',(49.6,0.1,21.8));
#1766 = LINE('',#1767,#1768);
#1767 = CARTESIAN_POINT('',(49.6,0.1,21.1));
#1768 = VECTOR('',#1769,1.);
#1769 = DIRECTION('',(0.,0.,1.));
#1770 = ORIENTED_EDGE('',*,*,#1771,.F.);
#1771 = EDGE_CURVE('',#1755,#1764,#1772,.T.);
#1772 = LINE('',#1773,#1774);
#1773 = CARTESIAN_POINT('',(30.7,0.1,21.8));
#1774 = VECTOR('',#1775,1.);
#1775 = DIRECTION('',(-1.,-0.,0.));
#1776 = PLANE('',#1777);
#1777 = AXIS2_PLACEMENT_3D('',#1778,#1779,#1780);
#1778 = CARTESIAN_POINT('',(49.6,0.1,21.1));
#1779 = DIRECTION('',(-0.,1.,0.));
#1780 = DIRECTION('',(0.,0.,1.));
#1781 = ADVANCED_FACE('',(#1782),#1800,.T.);
#1782 = FACE_BOUND('',#1783,.T.);
#1783 = EDGE_LOOP('',(#1784,#1785,#1786,#1794));
#1784 = ORIENTED_EDGE('',*,*,#1754,.F.);
#1785 = ORIENTED_EDGE('',*,*,#958,.T.);
#1786 = ORIENTED_EDGE('',*,*,#1787,.T.);
#1787 = EDGE_CURVE('',#951,#1788,#1790,.T.);
#1788 = VERTEX_POINT('',#1789);
#1789 = CARTESIAN_POINT('',(50.4,0.7,21.8));
#1790 = LINE('',#1791,#1792);
#1791 = CARTESIAN_POINT('',(50.4,0.7,21.1));
#1792 = VECTOR('',#1793,1.);
#1793 = DIRECTION('',(0.,0.,1.));
#1794 = ORIENTED_EDGE('',*,*,#1795,.F.);
#1795 = EDGE_CURVE('',#1755,#1788,#1796,.T.);
#1796 = LINE('',#1797,#1798);
#1797 = CARTESIAN_POINT('',(50.4,5.E-02,21.8));
#1798 = VECTOR('',#1799,1.);
#1799 = DIRECTION('',(-0.,1.,0.));
#1800 = PLANE('',#1801);
#1801 = AXIS2_PLACEMENT_3D('',#1802,#1803,#1804);
#1802 = CARTESIAN_POINT('',(50.4,0.1,21.1));
#1803 = DIRECTION('',(1.,0.,-0.));
#1804 = DIRECTION('',(0.,0.,1.));
#1805 = ADVANCED_FACE('',(#1806),#1824,.T.);
#1806 = FACE_BOUND('',#1807,.T.);
#1807 = EDGE_LOOP('',(#1808,#1809,#1810,#1818));
#1808 = ORIENTED_EDGE('',*,*,#1787,.F.);
#1809 = ORIENTED_EDGE('',*,*,#950,.T.);
#1810 = ORIENTED_EDGE('',*,*,#1811,.T.);
#1811 = EDGE_CURVE('',#943,#1812,#1814,.T.);
#1812 = VERTEX_POINT('',#1813);
#1813 = CARTESIAN_POINT('',(49.6,0.7,21.8));
#1814 = LINE('',#1815,#1816);
#1815 = CARTESIAN_POINT('',(49.6,0.7,21.1));
#1816 = VECTOR('',#1817,1.);
#1817 = DIRECTION('',(0.,0.,1.));
#1818 = ORIENTED_EDGE('',*,*,#1819,.F.);
#1819 = EDGE_CURVE('',#1788,#1812,#1820,.T.);
#1820 = LINE('',#1821,#1822);
#1821 = CARTESIAN_POINT('',(30.7,0.7,21.8));
#1822 = VECTOR('',#1823,1.);
#1823 = DIRECTION('',(-1.,-0.,0.));
#1824 = PLANE('',#1825);
#1825 = AXIS2_PLACEMENT_3D('',#1826,#1827,#1828);
#1826 = CARTESIAN_POINT('',(49.6,0.7,21.1));
#1827 = DIRECTION('',(-0.,1.,0.));
#1828 = DIRECTION('',(0.,0.,1.));
#1829 = ADVANCED_FACE('',(#1830),#1841,.F.);
#1830 = FACE_BOUND('',#1831,.F.);
#1831 = EDGE_LOOP('',(#1832,#1833,#1834,#1835));
#1832 = ORIENTED_EDGE('',*,*,#1763,.F.);
#1833 = ORIENTED_EDGE('',*,*,#942,.T.);
#1834 = ORIENTED_EDGE('',*,*,#1811,.T.);
#1835 = ORIENTED_EDGE('',*,*,#1836,.F.);
#1836 = EDGE_CURVE('',#1764,#1812,#1837,.T.);
#1837 = LINE('',#1838,#1839);
#1838 = CARTESIAN_POINT('',(49.6,5.E-02,21.8));
#1839 = VECTOR('',#1840,1.);
#1840 = DIRECTION('',(-0.,1.,0.));
#1841 = PLANE('',#1842);
#1842 = AXIS2_PLACEMENT_3D('',#1843,#1844,#1845);
#1843 = CARTESIAN_POINT('',(49.6,0.1,21.1));
#1844 = DIRECTION('',(1.,0.,-0.));
#1845 = DIRECTION('',(0.,0.,1.));
#1846 = ADVANCED_FACE('',(#1847),#1872,.F.);
#1847 = FACE_BOUND('',#1848,.F.);
#1848 = EDGE_LOOP('',(#1849,#1857,#1858,#1866));
#1849 = ORIENTED_EDGE('',*,*,#1850,.F.);
#1850 = EDGE_CURVE('',#967,#1851,#1853,.T.);
#1851 = VERTEX_POINT('',#1852);
#1852 = CARTESIAN_POINT('',(63.,0.1,21.8));
#1853 = LINE('',#1854,#1855);
#1854 = CARTESIAN_POINT('',(63.,0.1,21.1));
#1855 = VECTOR('',#1856,1.);
#1856 = DIRECTION('',(0.,0.,1.));
#1857 = ORIENTED_EDGE('',*,*,#966,.T.);
#1858 = ORIENTED_EDGE('',*,*,#1859,.T.);
#1859 = EDGE_CURVE('',#969,#1860,#1862,.T.);
#1860 = VERTEX_POINT('',#1861);
#1861 = CARTESIAN_POINT('',(62.2,0.1,21.8));
#1862 = LINE('',#1863,#1864);
#1863 = CARTESIAN_POINT('',(62.2,0.1,21.1));
#1864 = VECTOR('',#1865,1.);
#1865 = DIRECTION('',(0.,0.,1.));
#1866 = ORIENTED_EDGE('',*,*,#1867,.F.);
#1867 = EDGE_CURVE('',#1851,#1860,#1868,.T.);
#1868 = LINE('',#1869,#1870);
#1869 = CARTESIAN_POINT('',(37.,0.1,21.8));
#1870 = VECTOR('',#1871,1.);
#1871 = DIRECTION('',(-1.,-0.,0.));
#1872 = PLANE('',#1873);
#1873 = AXIS2_PLACEMENT_3D('',#1874,#1875,#1876);
#1874 = CARTESIAN_POINT('',(62.2,0.1,21.1));
#1875 = DIRECTION('',(-0.,1.,0.));
#1876 = DIRECTION('',(0.,0.,1.));
#1877 = ADVANCED_FACE('',(#1878),#1896,.T.);
#1878 = FACE_BOUND('',#1879,.T.);
#1879 = EDGE_LOOP('',(#1880,#1881,#1882,#1890));
#1880 = ORIENTED_EDGE('',*,*,#1850,.F.);
#1881 = ORIENTED_EDGE('',*,*,#992,.T.);
#1882 = ORIENTED_EDGE('',*,*,#1883,.T.);
#1883 = EDGE_CURVE('',#985,#1884,#1886,.T.);
#1884 = VERTEX_POINT('',#1885);
#1885 = CARTESIAN_POINT('',(63.,0.7,21.8));
#1886 = LINE('',#1887,#1888);
#1887 = CARTESIAN_POINT('',(63.,0.7,21.1));
#1888 = VECTOR('',#1889,1.);
#1889 = DIRECTION('',(0.,0.,1.));
#1890 = ORIENTED_EDGE('',*,*,#1891,.F.);
#1891 = EDGE_CURVE('',#1851,#1884,#1892,.T.);
#1892 = LINE('',#1893,#1894);
#1893 = CARTESIAN_POINT('',(63.,5.E-02,21.8));
#1894 = VECTOR('',#1895,1.);
#1895 = DIRECTION('',(-0.,1.,0.));
#1896 = PLANE('',#1897);
#1897 = AXIS2_PLACEMENT_3D('',#1898,#1899,#1900);
#1898 = CARTESIAN_POINT('',(63.,0.1,21.1));
#1899 = DIRECTION('',(1.,0.,-0.));
#1900 = DIRECTION('',(0.,0.,1.));
#1901 = ADVANCED_FACE('',(#1902),#1920,.T.);
#1902 = FACE_BOUND('',#1903,.T.);
#1903 = EDGE_LOOP('',(#1904,#1905,#1906,#1914));
#1904 = ORIENTED_EDGE('',*,*,#1883,.F.);
#1905 = ORIENTED_EDGE('',*,*,#984,.T.);
#1906 = ORIENTED_EDGE('',*,*,#1907,.T.);
#1907 = EDGE_CURVE('',#977,#1908,#1910,.T.);
#1908 = VERTEX_POINT('',#1909);
#1909 = CARTESIAN_POINT('',(62.2,0.7,21.8));
#1910 = LINE('',#1911,#1912);
#1911 = CARTESIAN_POINT('',(62.2,0.7,21.1));
#1912 = VECTOR('',#1913,1.);
#1913 = DIRECTION('',(0.,0.,1.));
#1914 = ORIENTED_EDGE('',*,*,#1915,.F.);
#1915 = EDGE_CURVE('',#1884,#1908,#1916,.T.);
#1916 = LINE('',#1917,#1918);
#1917 = CARTESIAN_POINT('',(37.,0.7,21.8));
#1918 = VECTOR('',#1919,1.);
#1919 = DIRECTION('',(-1.,-0.,0.));
#1920 = PLANE('',#1921);
#1921 = AXIS2_PLACEMENT_3D('',#1922,#1923,#1924);
#1922 = CARTESIAN_POINT('',(62.2,0.7,21.1));
#1923 = DIRECTION('',(-0.,1.,0.));
#1924 = DIRECTION('',(0.,0.,1.));
#1925 = ADVANCED_FACE('',(#1926),#1937,.F.);
#1926 = FACE_BOUND('',#1927,.F.);
#1927 = EDGE_LOOP('',(#1928,#1929,#1930,#1931));
#1928 = ORIENTED_EDGE('',*,*,#1859,.F.);
#1929 = ORIENTED_EDGE('',*,*,#976,.T.);
#1930 = ORIENTED_EDGE('',*,*,#1907,.T.);
#1931 = ORIENTED_EDGE('',*,*,#1932,.F.);
#1932 = EDGE_CURVE('',#1860,#1908,#1933,.T.);
#1933 = LINE('',#1934,#1935);
#1934 = CARTESIAN_POINT('',(62.2,5.E-02,21.8));
#1935 = VECTOR('',#1936,1.);
#1936 = DIRECTION('',(-0.,1.,0.));
#1937 = PLANE('',#1938);
#1938 = AXIS2_PLACEMENT_3D('',#1939,#1940,#1941);
#1939 = CARTESIAN_POINT('',(62.2,0.1,21.1));
#1940 = DIRECTION('',(1.,0.,-0.));
#1941 = DIRECTION('',(0.,0.,1.));
#1942 = ADVANCED_FACE('',(#1943),#1968,.F.);
#1943 = FACE_BOUND('',#1944,.F.);
#1944 = EDGE_LOOP('',(#1945,#1953,#1954,#1962));
#1945 = ORIENTED_EDGE('',*,*,#1946,.F.);
#1946 = EDGE_CURVE('',#1001,#1947,#1949,.T.);
#1947 = VERTEX_POINT('',#1948);
#1948 = CARTESIAN_POINT('',(75.6,0.1,21.8));
#1949 = LINE('',#1950,#1951);
#1950 = CARTESIAN_POINT('',(75.6,0.1,21.1));
#1951 = VECTOR('',#1952,1.);
#1952 = DIRECTION('',(0.,0.,1.));
#1953 = ORIENTED_EDGE('',*,*,#1000,.T.);
#1954 = ORIENTED_EDGE('',*,*,#1955,.T.);
#1955 = EDGE_CURVE('',#1003,#1956,#1958,.T.);
#1956 = VERTEX_POINT('',#1957);
#1957 = CARTESIAN_POINT('',(74.8,0.1,21.8));
#1958 = LINE('',#1959,#1960);
#1959 = CARTESIAN_POINT('',(74.8,0.1,21.1));
#1960 = VECTOR('',#1961,1.);
#1961 = DIRECTION('',(0.,0.,1.));
#1962 = ORIENTED_EDGE('',*,*,#1963,.F.);
#1963 = EDGE_CURVE('',#1947,#1956,#1964,.T.);
#1964 = LINE('',#1965,#1966);
#1965 = CARTESIAN_POINT('',(43.3,0.1,21.8));
#1966 = VECTOR('',#1967,1.);
#1967 = DIRECTION('',(-1.,-0.,0.));
#1968 = PLANE('',#1969);
#1969 = AXIS2_PLACEMENT_3D('',#1970,#1971,#1972);
#1970 = CARTESIAN_POINT('',(74.8,0.1,21.1));
#1971 = DIRECTION('',(-0.,1.,0.));
#1972 = DIRECTION('',(0.,0.,1.));
#1973 = ADVANCED_FACE('',(#1974),#1992,.T.);
#1974 = FACE_BOUND('',#1975,.T.);
#1975 = EDGE_LOOP('',(#1976,#1977,#1978,#1986));
#1976 = ORIENTED_EDGE('',*,*,#1946,.F.);
#1977 = ORIENTED_EDGE('',*,*,#1026,.T.);
#1978 = ORIENTED_EDGE('',*,*,#1979,.T.);
#1979 = EDGE_CURVE('',#1019,#1980,#1982,.T.);
#1980 = VERTEX_POINT('',#1981);
#1981 = CARTESIAN_POINT('',(75.6,0.7,21.8));
#1982 = LINE('',#1983,#1984);
#1983 = CARTESIAN_POINT('',(75.6,0.7,21.1));
#1984 = VECTOR('',#1985,1.);
#1985 = DIRECTION('',(0.,0.,1.));
#1986 = ORIENTED_EDGE('',*,*,#1987,.F.);
#1987 = EDGE_CURVE('',#1947,#1980,#1988,.T.);
#1988 = LINE('',#1989,#1990);
#1989 = CARTESIAN_POINT('',(75.6,5.E-02,21.8));
#1990 = VECTOR('',#1991,1.);
#1991 = DIRECTION('',(-0.,1.,0.));
#1992 = PLANE('',#1993);
#1993 = AXIS2_PLACEMENT_3D('',#1994,#1995,#1996);
#1994 = CARTESIAN_POINT('',(75.6,0.1,21.1));
#1995 = DIRECTION('',(1.,0.,-0.));
#1996 = DIRECTION('',(0.,0.,1.));
#1997 = ADVANCED_FACE('',(#1998),#2016,.T.);
#1998 = FACE_BOUND('',#1999,.T.);
#1999 = EDGE_LOOP('',(#2000,#2001,#2002,#2010));
#2000 = ORIENTED_EDGE('',*,*,#1979,.F.);
#2001 = ORIENTED_EDGE('',*,*,#1018,.T.);
#2002 = ORIENTED_EDGE('',*,*,#2003,.T.);
#2003 = EDGE_CURVE('',#1011,#2004,#2006,.T.);
#2004 = VERTEX_POINT('',#2005);
#2005 = CARTESIAN_POINT('',(74.8,0.7,21.8));
#2006 = LINE('',#2007,#2008);
#2007 = CARTESIAN_POINT('',(74.8,0.7,21.1));
#2008 = VECTOR('',#2009,1.);
#2009 = DIRECTION('',(0.,0.,1.));
#2010 = ORIENTED_EDGE('',*,*,#2011,.F.);
#2011 = EDGE_CURVE('',#1980,#2004,#2012,.T.);
#2012 = LINE('',#2013,#2014);
#2013 = CARTESIAN_POINT('',(43.3,0.7,21.8));
#2014 = VECTOR('',#2015,1.);
#2015 = DIRECTION('',(-1.,-0.,0.));
#2016 = PLANE('',#2017);
#2017 = AXIS2_PLACEMENT_3D('',#2018,#2019,#2020);
#2018 = CARTESIAN_POINT('',(74.8,0.7,21.1));
#2019 = DIRECTION('',(-0.,1.,0.));
#2020 = DIRECTION('',(0.,0.,1.));
#2021 = ADVANCED_FACE('',(#2022),#2033,.F.);
#2022 = FACE_BOUND('',#2023,.F.);
#2023 = EDGE_LOOP('',(#2024,#2025,#2026,#2027));
#2024 = ORIENTED_EDGE('',*,*,#1955,.F.);
#2025 = ORIENTED_EDGE('',*,*,#1010,.T.);
#2026 = ORIENTED_EDGE('',*,*,#2003,.T.);
#2027 = ORIENTED_EDGE('',*,*,#2028,.F.);
#2028 = EDGE_CURVE('',#1956,#2004,#2029,.T.);
#2029 = LINE('',#2030,#2031);
#2030 = CARTESIAN_POINT('',(74.8,5.E-02,21.8));
#2031 = VECTOR('',#2032,1.);
#2032 = DIRECTION('',(-0.,1.,0.));
#2033 = PLANE('',#2034);
#2034 = AXIS2_PLACEMENT_3D('',#2035,#2036,#2037);
#2035 = CARTESIAN_POINT('',(74.8,0.1,21.1));
#2036 = DIRECTION('',(1.,0.,-0.));
#2037 = DIRECTION('',(0.,0.,1.));
#2038 = ADVANCED_FACE('',(#2039),#2064,.F.);
#2039 = FACE_BOUND('',#2040,.F.);
#2040 = EDGE_LOOP('',(#2041,#2049,#2050,#2058));
#2041 = ORIENTED_EDGE('',*,*,#2042,.F.);
#2042 = EDGE_CURVE('',#1035,#2043,#2045,.T.);
#2043 = VERTEX_POINT('',#2044);
#2044 = CARTESIAN_POINT('',(88.2,0.1,21.8));
#2045 = LINE('',#2046,#2047);
#2046 = CARTESIAN_POINT('',(88.2,0.1,21.1));
#2047 = VECTOR('',#2048,1.);
#2048 = DIRECTION('',(0.,0.,1.));
#2049 = ORIENTED_EDGE('',*,*,#1034,.T.);
#2050 = ORIENTED_EDGE('',*,*,#2051,.T.);
#2051 = EDGE_CURVE('',#1037,#2052,#2054,.T.);
#2052 = VERTEX_POINT('',#2053);
#2053 = CARTESIAN_POINT('',(87.4,0.1,21.8));
#2054 = LINE('',#2055,#2056);
#2055 = CARTESIAN_POINT('',(87.4,0.1,21.1));
#2056 = VECTOR('',#2057,1.);
#2057 = DIRECTION('',(0.,0.,1.));
#2058 = ORIENTED_EDGE('',*,*,#2059,.F.);
#2059 = EDGE_CURVE('',#2043,#2052,#2060,.T.);
#2060 = LINE('',#2061,#2062);
#2061 = CARTESIAN_POINT('',(49.6,0.1,21.8));
#2062 = VECTOR('',#2063,1.);
#2063 = DIRECTION('',(-1.,-0.,0.));
#2064 = PLANE('',#2065);
#2065 = AXIS2_PLACEMENT_3D('',#2066,#2067,#2068);
#2066 = CARTESIAN_POINT('',(87.4,0.1,21.1));
#2067 = DIRECTION('',(-0.,1.,0.));
#2068 = DIRECTION('',(0.,0.,1.));
#2069 = ADVANCED_FACE('',(#2070),#2095,.T.);
#2070 = FACE_BOUND('',#2071,.T.);
#2071 = EDGE_LOOP('',(#2072,#2080,#2081,#2089));
#2072 = ORIENTED_EDGE('',*,*,#2073,.F.);
#2073 = EDGE_CURVE('',#1053,#2074,#2076,.T.);
#2074 = VERTEX_POINT('',#2075);
#2075 = CARTESIAN_POINT('',(88.2,0.7,21.8));
#2076 = LINE('',#2077,#2078);
#2077 = CARTESIAN_POINT('',(88.2,0.7,21.1));
#2078 = VECTOR('',#2079,1.);
#2079 = DIRECTION('',(0.,0.,1.));
#2080 = ORIENTED_EDGE('',*,*,#1052,.T.);
#2081 = ORIENTED_EDGE('',*,*,#2082,.T.);
#2082 = EDGE_CURVE('',#1045,#2083,#2085,.T.);
#2083 = VERTEX_POINT('',#2084);
#2084 = CARTESIAN_POINT('',(87.4,0.7,21.8));
#2085 = LINE('',#2086,#2087);
#2086 = CARTESIAN_POINT('',(87.4,0.7,21.1));
#2087 = VECTOR('',#2088,1.);
#2088 = DIRECTION('',(0.,0.,1.));
#2089 = ORIENTED_EDGE('',*,*,#2090,.F.);
#2090 = EDGE_CURVE('',#2074,#2083,#2091,.T.);
#2091 = LINE('',#2092,#2093);
#2092 = CARTESIAN_POINT('',(49.6,0.7,21.8));
#2093 = VECTOR('',#2094,1.);
#2094 = DIRECTION('',(-1.,-0.,0.));
#2095 = PLANE('',#2096);
#2096 = AXIS2_PLACEMENT_3D('',#2097,#2098,#2099);
#2097 = CARTESIAN_POINT('',(87.4,0.7,21.1));
#2098 = DIRECTION('',(-0.,1.,0.));
#2099 = DIRECTION('',(0.,0.,1.));
#2100 = ADVANCED_FACE('',(#2101),#2112,.F.);
#2101 = FACE_BOUND('',#2102,.F.);
#2102 = EDGE_LOOP('',(#2103,#2104,#2105,#2106));
#2103 = ORIENTED_EDGE('',*,*,#2051,.F.);
#2104 = ORIENTED_EDGE('',*,*,#1044,.T.);
#2105 = ORIENTED_EDGE('',*,*,#2082,.T.);
#2106 = ORIENTED_EDGE('',*,*,#2107,.F.);
#2107 = EDGE_CURVE('',#2052,#2083,#2108,.T.);
#2108 = LINE('',#2109,#2110);
#2109 = CARTESIAN_POINT('',(87.4,5.E-02,21.8));
#2110 = VECTOR('',#2111,1.);
#2111 = DIRECTION('',(-0.,1.,0.));
#2112 = PLANE('',#2113);
#2113 = AXIS2_PLACEMENT_3D('',#2114,#2115,#2116);
#2114 = CARTESIAN_POINT('',(87.4,0.1,21.1));
#2115 = DIRECTION('',(1.,0.,-0.));
#2116 = DIRECTION('',(0.,0.,1.));
#2117 = ADVANCED_FACE('',(#2118),#2136,.F.);
#2118 = FACE_BOUND('',#2119,.F.);
#2119 = EDGE_LOOP('',(#2120,#2121,#2122,#2130));
#2120 = ORIENTED_EDGE('',*,*,#466,.F.);
#2121 = ORIENTED_EDGE('',*,*,#1083,.T.);
#2122 = ORIENTED_EDGE('',*,*,#2123,.T.);
#2123 = EDGE_CURVE('',#1084,#2124,#2126,.T.);
#2124 = VERTEX_POINT('',#2125);
#2125 = CARTESIAN_POINT('',(90.5,2.4,63.5));
#2126 = LINE('',#2127,#2128);
#2127 = CARTESIAN_POINT('',(90.5,1.3,63.5));
#2128 = VECTOR('',#2129,1.);
#2129 = DIRECTION('',(-0.,1.,0.));
#2130 = ORIENTED_EDGE('',*,*,#2131,.F.);
#2131 = EDGE_CURVE('',#469,#2124,#2132,.T.);
#2132 = LINE('',#2133,#2134);
#2133 = CARTESIAN_POINT('',(5.95,2.4,63.5));
#2134 = VECTOR('',#2135,1.);
#2135 = DIRECTION('',(1.,0.,-0.));
#2136 = PLANE('',#2137);
#2137 = AXIS2_PLACEMENT_3D('',#2138,#2139,#2140);
#2138 = CARTESIAN_POINT('',(9.5,1.3,63.5));
#2139 = DIRECTION('',(0.,0.,1.));
#2140 = DIRECTION('',(1.,0.,-0.));
#2141 = ADVANCED_FACE('',(#2142),#2183,.F.);
#2142 = FACE_BOUND('',#2143,.F.);
#2143 = EDGE_LOOP('',(#2144,#2145,#2146,#2152,#2153,#2161,#2169,#2177));
#2144 = ORIENTED_EDGE('',*,*,#2123,.F.);
#2145 = ORIENTED_EDGE('',*,*,#1091,.F.);
#2146 = ORIENTED_EDGE('',*,*,#2147,.T.);
#2147 = EDGE_CURVE('',#1075,#168,#2148,.T.);
#2148 = LINE('',#2149,#2150);
#2149 = CARTESIAN_POINT('',(90.5,1.3,18.5));
#2150 = VECTOR('',#2151,1.);
#2151 = DIRECTION('',(-0.,1.,0.));
#2152 = ORIENTED_EDGE('',*,*,#175,.F.);
#2153 = ORIENTED_EDGE('',*,*,#2154,.T.);
#2154 = EDGE_CURVE('',#176,#2155,#2157,.T.);
#2155 = VERTEX_POINT('',#2156);
#2156 = CARTESIAN_POINT('',(90.5,2.1,54.4));
#2157 = LINE('',#2158,#2159);
#2158 = CARTESIAN_POINT('',(90.5,1.7,54.4));
#2159 = VECTOR('',#2160,1.);
#2160 = DIRECTION('',(0.,-1.,0.));
#2161 = ORIENTED_EDGE('',*,*,#2162,.T.);
#2162 = EDGE_CURVE('',#2155,#2163,#2165,.T.);
#2163 = VERTEX_POINT('',#2164);
#2164 = CARTESIAN_POINT('',(90.5,2.1,61.3));
#2165 = LINE('',#2166,#2167);
#2166 = CARTESIAN_POINT('',(90.5,2.1,37.432753429038));
#2167 = VECTOR('',#2168,1.);
#2168 = DIRECTION('',(0.,0.,1.));
#2169 = ORIENTED_EDGE('',*,*,#2170,.T.);
#2170 = EDGE_CURVE('',#2163,#2171,#2173,.T.);
#2171 = VERTEX_POINT('',#2172);
#2172 = CARTESIAN_POINT('',(90.5,2.4,61.3));
#2173 = LINE('',#2174,#2175);
#2174 = CARTESIAN_POINT('',(90.5,1.7,61.3));
#2175 = VECTOR('',#2176,1.);
#2176 = DIRECTION('',(0.,1.,0.));
#2177 = ORIENTED_EDGE('',*,*,#2178,.F.);
#2178 = EDGE_CURVE('',#2124,#2171,#2179,.T.);
#2179 = LINE('',#2180,#2181);
#2180 = CARTESIAN_POINT('',(90.5,2.4,10.45));
#2181 = VECTOR('',#2182,1.);
#2182 = DIRECTION('',(-0.,0.,-1.));
#2183 = PLANE('',#2184);
#2184 = AXIS2_PLACEMENT_3D('',#2185,#2186,#2187);
#2185 = CARTESIAN_POINT('',(90.5,1.3,18.5));
#2186 = DIRECTION('',(1.,0.,-0.));
#2187 = DIRECTION('',(0.,0.,1.));
#2188 = ADVANCED_FACE('',(#2189,#2239),#2250,.T.);
#2189 = FACE_BOUND('',#2190,.F.);
#2190 = EDGE_LOOP('',(#2191,#2199,#2207,#2215,#2223,#2232,#2238));
#2191 = ORIENTED_EDGE('',*,*,#2192,.F.);
#2192 = EDGE_CURVE('',#2193,#2163,#2195,.T.);
#2193 = VERTEX_POINT('',#2194);
#2194 = CARTESIAN_POINT('',(87.6,2.1,61.3));
#2195 = LINE('',#2196,#2197);
#2196 = CARTESIAN_POINT('',(87.6,2.1,61.3));
#2197 = VECTOR('',#2198,1.);
#2198 = DIRECTION('',(1.,-0.,-0.));
#2199 = ORIENTED_EDGE('',*,*,#2200,.T.);
#2200 = EDGE_CURVE('',#2193,#2201,#2203,.T.);
#2201 = VERTEX_POINT('',#2202);
#2202 = CARTESIAN_POINT('',(87.6,10.4,61.3));
#2203 = LINE('',#2204,#2205);
#2204 = CARTESIAN_POINT('',(87.6,2.1,61.3));
#2205 = VECTOR('',#2206,1.);
#2206 = DIRECTION('',(-0.,1.,-0.));
#2207 = ORIENTED_EDGE('',*,*,#2208,.T.);
#2208 = EDGE_CURVE('',#2201,#2209,#2211,.T.);
#2209 = VERTEX_POINT('',#2210);
#2210 = CARTESIAN_POINT('',(95.6,10.4,61.3));
#2211 = LINE('',#2212,#2213);
#2212 = CARTESIAN_POINT('',(87.6,10.4,61.3));
#2213 = VECTOR('',#2214,1.);
#2214 = DIRECTION('',(1.,-0.,-0.));
#2215 = ORIENTED_EDGE('',*,*,#2216,.F.);
#2216 = EDGE_CURVE('',#2217,#2209,#2219,.T.);
#2217 = VERTEX_POINT('',#2218);
#2218 = CARTESIAN_POINT('',(95.6,6.,61.3));
#2219 = LINE('',#2220,#2221);
#2220 = CARTESIAN_POINT('',(95.6,2.25,61.3));
#2221 = VECTOR('',#2222,1.);
#2222 = DIRECTION('',(0.,1.,0.));
#2223 = ORIENTED_EDGE('',*,*,#2224,.F.);
#2224 = EDGE_CURVE('',#2225,#2217,#2227,.T.);
#2225 = VERTEX_POINT('',#2226);
#2226 = CARTESIAN_POINT('',(92.,2.4,61.3));
#2227 = CIRCLE('',#2228,3.6);
#2228 = AXIS2_PLACEMENT_3D('',#2229,#2230,#2231);
#2229 = CARTESIAN_POINT('',(92.,6.,61.3));
#2230 = DIRECTION('',(0.,0.,1.));
#2231 = DIRECTION('',(1.,0.,-0.));
#2232 = ORIENTED_EDGE('',*,*,#2233,.T.);
#2233 = EDGE_CURVE('',#2225,#2171,#2234,.T.);
#2234 = LINE('',#2235,#2236);
#2235 = CARTESIAN_POINT('',(45.,2.4,61.3));
#2236 = VECTOR('',#2237,1.);
#2237 = DIRECTION('',(-1.,0.,-0.));
#2238 = ORIENTED_EDGE('',*,*,#2170,.F.);
#2239 = FACE_BOUND('',#2240,.F.);
#2240 = EDGE_LOOP('',(#2241));
#2241 = ORIENTED_EDGE('',*,*,#2242,.T.);
#2242 = EDGE_CURVE('',#2243,#2243,#2245,.T.);
#2243 = VERTEX_POINT('',#2244);
#2244 = CARTESIAN_POINT('',(88.95,6.4,61.3));
#2245 = CIRCLE('',#2246,2.65);
#2246 = AXIS2_PLACEMENT_3D('',#2247,#2248,#2249);
#2247 = CARTESIAN_POINT('',(91.6,6.4,61.3));
#2248 = DIRECTION('',(-0.,-0.,1.));
#2249 = DIRECTION('',(-1.,0.,-0.));
#2250 = PLANE('',#2251);
#2251 = AXIS2_PLACEMENT_3D('',#2252,#2253,#2254);
#2252 = CARTESIAN_POINT('',(87.6,2.1,61.3));
#2253 = DIRECTION('',(-0.,-0.,1.));
#2254 = DIRECTION('',(-1.,0.,0.));
#2255 = ADVANCED_FACE('',(#2256),#2281,.F.);
#2256 = FACE_BOUND('',#2257,.T.);
#2257 = EDGE_LOOP('',(#2258,#2266,#2274,#2280));
#2258 = ORIENTED_EDGE('',*,*,#2259,.F.);
#2259 = EDGE_CURVE('',#2260,#2209,#2262,.T.);
#2260 = VERTEX_POINT('',#2261);
#2261 = CARTESIAN_POINT('',(95.6,10.4,57.3));
#2262 = LINE('',#2263,#2264);
#2263 = CARTESIAN_POINT('',(95.6,10.4,29.382753429038));
#2264 = VECTOR('',#2265,1.);
#2265 = DIRECTION('',(0.,0.,1.));
#2266 = ORIENTED_EDGE('',*,*,#2267,.T.);
#2267 = EDGE_CURVE('',#2260,#2268,#2270,.T.);
#2268 = VERTEX_POINT('',#2269);
#2269 = CARTESIAN_POINT('',(87.6,10.4,57.3));
#2270 = LINE('',#2271,#2272);
#2271 = CARTESIAN_POINT('',(95.9,10.4,57.3));
#2272 = VECTOR('',#2273,1.);
#2273 = DIRECTION('',(-1.,2.22044604925E-16,-0.));
#2274 = ORIENTED_EDGE('',*,*,#2275,.T.);
#2275 = EDGE_CURVE('',#2268,#2201,#2276,.T.);
#2276 = LINE('',#2277,#2278);
#2277 = CARTESIAN_POINT('',(87.6,10.4,57.3));
#2278 = VECTOR('',#2279,1.);
#2279 = DIRECTION('',(-0.,-0.,1.));
#2280 = ORIENTED_EDGE('',*,*,#2208,.T.);
#2281 = PLANE('',#2282);
#2282 = AXIS2_PLACEMENT_3D('',#2283,#2284,#2285);
#2283 = CARTESIAN_POINT('',(92.697906489164,10.4,56.365506858076));
#2284 = DIRECTION('',(0.,-1.,-0.));
#2285 = DIRECTION('',(0.,0.,1.));
#2286 = ADVANCED_FACE('',(#2287),#2307,.T.);
#2287 = FACE_BOUND('',#2288,.T.);
#2288 = EDGE_LOOP('',(#2289,#2297,#2298,#2299,#2300,#2301));
#2289 = ORIENTED_EDGE('',*,*,#2290,.F.);
#2290 = EDGE_CURVE('',#492,#2291,#2293,.T.);
#2291 = VERTEX_POINT('',#2292);
#2292 = CARTESIAN_POINT('',(10.4,2.1,57.3));
#2293 = LINE('',#2294,#2295);
#2294 = CARTESIAN_POINT('',(2.1,2.1,49.));
#2295 = VECTOR('',#2296,1.);
#2296 = DIRECTION('',(0.707106781187,0.,0.707106781187));
#2297 = ORIENTED_EDGE('',*,*,#491,.T.);
#2298 = ORIENTED_EDGE('',*,*,#151,.T.);
#2299 = ORIENTED_EDGE('',*,*,#48,.T.);
#2300 = ORIENTED_EDGE('',*,*,#73,.F.);
#2301 = ORIENTED_EDGE('',*,*,#2302,.F.);
#2302 = EDGE_CURVE('',#2291,#74,#2303,.T.);
#2303 = LINE('',#2304,#2305);
#2304 = CARTESIAN_POINT('',(10.4,2.1,57.3));
#2305 = VECTOR('',#2306,1.);
#2306 = DIRECTION('',(0.,1.,0.));
#2307 = PLANE('',#2308);
#2308 = AXIS2_PLACEMENT_3D('',#2309,#2310,#2311);
#2309 = CARTESIAN_POINT('',(2.1,2.1,49.));
#2310 = DIRECTION('',(0.707106781187,0.,-0.707106781187));
#2311 = DIRECTION('',(0.707106781187,0.,0.707106781187));
#2312 = ADVANCED_FACE('',(#2313),#2339,.F.);
#2313 = FACE_BOUND('',#2314,.F.);
#2314 = EDGE_LOOP('',(#2315,#2323,#2324,#2332));
#2315 = ORIENTED_EDGE('',*,*,#2316,.F.);
#2316 = EDGE_CURVE('',#32,#2317,#2319,.T.);
#2317 = VERTEX_POINT('',#2318);
#2318 = CARTESIAN_POINT('',(6.,2.605887450305,2.4));
#2319 = LINE('',#2320,#2321);
#2320 = CARTESIAN_POINT('',(6.,2.502943725152,2.502943725152));
#2321 = VECTOR('',#2322,1.);
#2322 = DIRECTION('',(-0.,0.707106781187,-0.707106781187));
#2323 = ORIENTED_EDGE('',*,*,#31,.T.);
#2324 = ORIENTED_EDGE('',*,*,#2325,.T.);
#2325 = EDGE_CURVE('',#22,#2326,#2328,.T.);
#2326 = VERTEX_POINT('',#2327);
#2327 = CARTESIAN_POINT('',(2.605887450305,6.,2.4));
#2328 = LINE('',#2329,#2330);
#2329 = CARTESIAN_POINT('',(2.502943725152,6.,2.502943725152));
#2330 = VECTOR('',#2331,1.);
#2331 = DIRECTION('',(0.707106781187,0.,-0.707106781187));
#2332 = ORIENTED_EDGE('',*,*,#2333,.F.);
#2333 = EDGE_CURVE('',#2317,#2326,#2334,.T.);
#2334 = CIRCLE('',#2335,3.394112549695);
#2335 = AXIS2_PLACEMENT_3D('',#2336,#2337,#2338);
#2336 = CARTESIAN_POINT('',(6.,6.,2.4));
#2337 = DIRECTION('',(-0.,0.,-1.));
#2338 = DIRECTION('',(-2.467162276945E-16,-1.,0.));
#2339 = CONICAL_SURFACE('',#2340,3.6,0.785398163397);
#2340 = AXIS2_PLACEMENT_3D('',#2341,#2342,#2343);
#2341 = CARTESIAN_POINT('',(6.,6.,2.605887450305));
#2342 = DIRECTION('',(0.,0.,1.));
#2343 = DIRECTION('',(-2.467162276945E-16,-1.,0.));
#2344 = ADVANCED_FACE('',(#2345),#2370,.F.);
#2345 = FACE_BOUND('',#2346,.F.);
#2346 = EDGE_LOOP('',(#2347,#2348,#2356,#2364));
#2347 = ORIENTED_EDGE('',*,*,#2325,.F.);
#2348 = ORIENTED_EDGE('',*,*,#2349,.T.);
#2349 = EDGE_CURVE('',#22,#2350,#2352,.T.);
#2350 = VERTEX_POINT('',#2351);
#2351 = CARTESIAN_POINT('',(2.4,122.,2.605887450305));
#2352 = LINE('',#2353,#2354);
#2353 = CARTESIAN_POINT('',(2.4,6.,2.605887450305));
#2354 = VECTOR('',#2355,1.);
#2355 = DIRECTION('',(-0.,1.,0.));
#2356 = ORIENTED_EDGE('',*,*,#2357,.T.);
#2357 = EDGE_CURVE('',#2350,#2358,#2360,.T.);
#2358 = VERTEX_POINT('',#2359);
#2359 = CARTESIAN_POINT('',(2.605887450305,122.,2.4));
#2360 = LINE('',#2361,#2362);
#2361 = CARTESIAN_POINT('',(2.502943725152,122.,2.502943725152));
#2362 = VECTOR('',#2363,1.);
#2363 = DIRECTION('',(0.707106781187,0.,-0.707106781187));
#2364 = ORIENTED_EDGE('',*,*,#2365,.F.);
#2365 = EDGE_CURVE('',#2326,#2358,#2366,.T.);
#2366 = LINE('',#2367,#2368);
#2367 = CARTESIAN_POINT('',(2.605887450305,6.,2.4));
#2368 = VECTOR('',#2369,1.);
#2369 = DIRECTION('',(-0.,1.,0.));
#2370 = PLANE('',#2371);
#2371 = AXIS2_PLACEMENT_3D('',#2372,#2373,#2374);
#2372 = CARTESIAN_POINT('',(2.502943725152,6.,2.502943725152));
#2373 = DIRECTION('',(-0.707106781187,0.,-0.707106781187));
#2374 = DIRECTION('',(0.,1.,0.));
#2375 = ADVANCED_FACE('',(#2376),#2387,.T.);
#2376 = FACE_BOUND('',#2377,.T.);
#2377 = EDGE_LOOP('',(#2378,#2379,#2380,#2381));
#2378 = ORIENTED_EDGE('',*,*,#2302,.T.);
#2379 = ORIENTED_EDGE('',*,*,#112,.T.);
#2380 = ORIENTED_EDGE('',*,*,#409,.F.);
#2381 = ORIENTED_EDGE('',*,*,#2382,.F.);
#2382 = EDGE_CURVE('',#2291,#400,#2383,.T.);
#2383 = LINE('',#2384,#2385);
#2384 = CARTESIAN_POINT('',(10.4,2.1,57.3));
#2385 = VECTOR('',#2386,1.);
#2386 = DIRECTION('',(0.,0.,1.));
#2387 = PLANE('',#2388);
#2388 = AXIS2_PLACEMENT_3D('',#2389,#2390,#2391);
#2389 = CARTESIAN_POINT('',(10.4,2.1,57.3));
#2390 = DIRECTION('',(1.,0.,0.));
#2391 = DIRECTION('',(0.,0.,1.));
#2392 = ADVANCED_FACE('',(#2393),#2420,.F.);
#2393 = FACE_BOUND('',#2394,.F.);
#2394 = EDGE_LOOP('',(#2395,#2396,#2405,#2413));
#2395 = ORIENTED_EDGE('',*,*,#2357,.F.);
#2396 = ORIENTED_EDGE('',*,*,#2397,.T.);
#2397 = EDGE_CURVE('',#2350,#2398,#2400,.T.);
#2398 = VERTEX_POINT('',#2399);
#2399 = CARTESIAN_POINT('',(6.,125.6,2.605887450305));
#2400 = CIRCLE('',#2401,3.6);
#2401 = AXIS2_PLACEMENT_3D('',#2402,#2403,#2404);
#2402 = CARTESIAN_POINT('',(6.,122.,2.605887450305));
#2403 = DIRECTION('',(-0.,0.,-1.));
#2404 = DIRECTION('',(-1.,0.,0.));
#2405 = ORIENTED_EDGE('',*,*,#2406,.T.);
#2406 = EDGE_CURVE('',#2398,#2407,#2409,.T.);
#2407 = VERTEX_POINT('',#2408);
#2408 = CARTESIAN_POINT('',(6.,125.39411254969,2.4));
#2409 = LINE('',#2410,#2411);
#2410 = CARTESIAN_POINT('',(6.,125.6,2.605887450305));
#2411 = VECTOR('',#2412,1.);
#2412 = DIRECTION('',(4.329780281177E-17,-0.707106781187,-0.707106781187
    ));
#2413 = ORIENTED_EDGE('',*,*,#2414,.F.);
#2414 = EDGE_CURVE('',#2358,#2407,#2415,.T.);
#2415 = CIRCLE('',#2416,3.394112549695);
#2416 = AXIS2_PLACEMENT_3D('',#2417,#2418,#2419);
#2417 = CARTESIAN_POINT('',(6.,122.,2.4));
#2418 = DIRECTION('',(-0.,0.,-1.));
#2419 = DIRECTION('',(-1.,0.,0.));
#2420 = CONICAL_SURFACE('',#2421,3.6,0.785398163397);
#2421 = AXIS2_PLACEMENT_3D('',#2422,#2423,#2424);
#2422 = CARTESIAN_POINT('',(6.,122.,2.605887450305));
#2423 = DIRECTION('',(0.,0.,1.));
#2424 = DIRECTION('',(-1.,0.,0.));
#2425 = ADVANCED_FACE('',(#2426),#2460,.F.);
#2426 = FACE_BOUND('',#2427,.T.);
#2427 = EDGE_LOOP('',(#2428,#2438,#2446,#2454));
#2428 = ORIENTED_EDGE('',*,*,#2429,.T.);
#2429 = EDGE_CURVE('',#2430,#2432,#2434,.T.);
#2430 = VERTEX_POINT('',#2431);
#2431 = CARTESIAN_POINT('',(2.4,117.6,61.3));
#2432 = VERTEX_POINT('',#2433);
#2433 = CARTESIAN_POINT('',(2.4,117.6,57.3));
#2434 = LINE('',#2435,#2436);
#2435 = CARTESIAN_POINT('',(2.4,117.6,29.382753429038));
#2436 = VECTOR('',#2437,1.);
#2437 = DIRECTION('',(0.,-0.,-1.));
#2438 = ORIENTED_EDGE('',*,*,#2439,.T.);
#2439 = EDGE_CURVE('',#2432,#2440,#2442,.T.);
#2440 = VERTEX_POINT('',#2441);
#2441 = CARTESIAN_POINT('',(10.4,117.6,57.3));
#2442 = LINE('',#2443,#2444);
#2443 = CARTESIAN_POINT('',(2.1,117.6,57.3));
#2444 = VECTOR('',#2445,1.);
#2445 = DIRECTION('',(1.,-2.22044604925E-16,-0.));
#2446 = ORIENTED_EDGE('',*,*,#2447,.T.);
#2447 = EDGE_CURVE('',#2440,#2448,#2450,.T.);
#2448 = VERTEX_POINT('',#2449);
#2449 = CARTESIAN_POINT('',(10.4,117.6,61.3));
#2450 = LINE('',#2451,#2452);
#2451 = CARTESIAN_POINT('',(10.4,117.6,57.3));
#2452 = VECTOR('',#2453,1.);
#2453 = DIRECTION('',(-0.,-0.,1.));
#2454 = ORIENTED_EDGE('',*,*,#2455,.T.);
#2455 = EDGE_CURVE('',#2448,#2430,#2456,.T.);
#2456 = LINE('',#2457,#2458);
#2457 = CARTESIAN_POINT('',(10.4,117.6,61.3));
#2458 = VECTOR('',#2459,1.);
#2459 = DIRECTION('',(-1.,-0.,-0.));
#2460 = PLANE('',#2461);
#2461 = AXIS2_PLACEMENT_3D('',#2462,#2463,#2464);
#2462 = CARTESIAN_POINT('',(5.302093510836,117.6,56.365506858076));
#2463 = DIRECTION('',(-0.,1.,-0.));
#2464 = DIRECTION('',(0.,0.,1.));
#2465 = ADVANCED_FACE('',(#2466),#2492,.T.);
#2466 = FACE_BOUND('',#2467,.T.);
#2467 = EDGE_LOOP('',(#2468,#2479,#2485,#2486));
#2468 = ORIENTED_EDGE('',*,*,#2469,.T.);
#2469 = EDGE_CURVE('',#2470,#2472,#2474,.T.);
#2470 = VERTEX_POINT('',#2471);
#2471 = CARTESIAN_POINT('',(2.4,122.,52.9));
#2472 = VERTEX_POINT('',#2473);
#2473 = CARTESIAN_POINT('',(3.454415587728,124.54558441227,
    50.354415587728));
#2474 = ELLIPSE('',#2475,5.091168824543,3.6);
#2475 = AXIS2_PLACEMENT_3D('',#2476,#2477,#2478);
#2476 = CARTESIAN_POINT('',(6.,122.,52.9));
#2477 = DIRECTION('',(1.570092458684E-16,-0.707106781187,-0.707106781187
    ));
#2478 = DIRECTION('',(1.570092458684E-16,-0.707106781187,0.707106781187)
  );
#2479 = ORIENTED_EDGE('',*,*,#2480,.F.);
#2480 = EDGE_CURVE('',#2440,#2472,#2481,.T.);
#2481 = LINE('',#2482,#2483);
#2482 = CARTESIAN_POINT('',(2.1,125.9,49.));
#2483 = VECTOR('',#2484,1.);
#2484 = DIRECTION('',(-0.57735026919,0.57735026919,-0.57735026919));
#2485 = ORIENTED_EDGE('',*,*,#2439,.F.);
#2486 = ORIENTED_EDGE('',*,*,#2487,.T.);
#2487 = EDGE_CURVE('',#2432,#2470,#2488,.T.);
#2488 = LINE('',#2489,#2490);
#2489 = CARTESIAN_POINT('',(2.4,106.675,68.225));
#2490 = VECTOR('',#2491,1.);
#2491 = DIRECTION('',(-0.,0.707106781187,-0.707106781187));
#2492 = PLANE('',#2493);
#2493 = AXIS2_PLACEMENT_3D('',#2494,#2495,#2496);
#2494 = CARTESIAN_POINT('',(2.1,125.9,49.));
#2495 = DIRECTION('',(1.570092458684E-16,-0.707106781187,-0.707106781187
    ));
#2496 = DIRECTION('',(1.570092458684E-16,-0.707106781187,0.707106781187)
  );
#2497 = ADVANCED_FACE('',(#2498),#2523,.F.);
#2498 = FACE_BOUND('',#2499,.T.);
#2499 = EDGE_LOOP('',(#2500,#2506,#2507,#2515,#2522));
#2500 = ORIENTED_EDGE('',*,*,#2501,.F.);
#2501 = EDGE_CURVE('',#2350,#2470,#2502,.T.);
#2502 = LINE('',#2503,#2504);
#2503 = CARTESIAN_POINT('',(2.4,122.,2.4));
#2504 = VECTOR('',#2505,1.);
#2505 = DIRECTION('',(0.,0.,1.));
#2506 = ORIENTED_EDGE('',*,*,#2397,.T.);
#2507 = ORIENTED_EDGE('',*,*,#2508,.T.);
#2508 = EDGE_CURVE('',#2398,#2509,#2511,.T.);
#2509 = VERTEX_POINT('',#2510);
#2510 = CARTESIAN_POINT('',(6.,125.6,52.9));
#2511 = LINE('',#2512,#2513);
#2512 = CARTESIAN_POINT('',(6.,125.6,2.4));
#2513 = VECTOR('',#2514,1.);
#2514 = DIRECTION('',(0.,0.,1.));
#2515 = ORIENTED_EDGE('',*,*,#2516,.F.);
#2516 = EDGE_CURVE('',#2472,#2509,#2517,.T.);
#2517 = ELLIPSE('',#2518,5.091168824543,3.6);
#2518 = AXIS2_PLACEMENT_3D('',#2519,#2520,#2521);
#2519 = CARTESIAN_POINT('',(6.,122.,52.9));
#2520 = DIRECTION('',(0.707106781187,0.,-0.707106781187));
#2521 = DIRECTION('',(0.707106781187,0.,0.707106781187));
#2522 = ORIENTED_EDGE('',*,*,#2469,.F.);
#2523 = CYLINDRICAL_SURFACE('',#2524,3.6);
#2524 = AXIS2_PLACEMENT_3D('',#2525,#2526,#2527);
#2525 = CARTESIAN_POINT('',(6.,122.,2.4));
#2526 = DIRECTION('',(0.,0.,1.));
#2527 = DIRECTION('',(-1.,-0.,0.));
#2528 = ADVANCED_FACE('',(#2529,#2563),#2574,.T.);
#2529 = FACE_BOUND('',#2530,.F.);
#2530 = EDGE_LOOP('',(#2531,#2541,#2547,#2548,#2556));
#2531 = ORIENTED_EDGE('',*,*,#2532,.F.);
#2532 = EDGE_CURVE('',#2533,#2535,#2537,.T.);
#2533 = VERTEX_POINT('',#2534);
#2534 = CARTESIAN_POINT('',(10.4,125.6,61.3));
#2535 = VERTEX_POINT('',#2536);
#2536 = CARTESIAN_POINT('',(6.,125.6,61.3));
#2537 = LINE('',#2538,#2539);
#2538 = CARTESIAN_POINT('',(6.4,125.6,61.3));
#2539 = VECTOR('',#2540,1.);
#2540 = DIRECTION('',(-1.,0.,-0.));
#2541 = ORIENTED_EDGE('',*,*,#2542,.T.);
#2542 = EDGE_CURVE('',#2533,#2448,#2543,.T.);
#2543 = LINE('',#2544,#2545);
#2544 = CARTESIAN_POINT('',(10.4,125.9,61.3));
#2545 = VECTOR('',#2546,1.);
#2546 = DIRECTION('',(-0.,-1.,-0.));
#2547 = ORIENTED_EDGE('',*,*,#2455,.T.);
#2548 = ORIENTED_EDGE('',*,*,#2549,.T.);
#2549 = EDGE_CURVE('',#2430,#2550,#2552,.T.);
#2550 = VERTEX_POINT('',#2551);
#2551 = CARTESIAN_POINT('',(2.4,122.,61.3));
#2552 = LINE('',#2553,#2554);
#2553 = CARTESIAN_POINT('',(2.4,64.15,61.3));
#2554 = VECTOR('',#2555,1.);
#2555 = DIRECTION('',(0.,1.,0.));
#2556 = ORIENTED_EDGE('',*,*,#2557,.F.);
#2557 = EDGE_CURVE('',#2535,#2550,#2558,.T.);
#2558 = CIRCLE('',#2559,3.6);
#2559 = AXIS2_PLACEMENT_3D('',#2560,#2561,#2562);
#2560 = CARTESIAN_POINT('',(6.,122.,61.3));
#2561 = DIRECTION('',(0.,0.,1.));
#2562 = DIRECTION('',(-1.,-0.,0.));
#2563 = FACE_BOUND('',#2564,.F.);
#2564 = EDGE_LOOP('',(#2565));
#2565 = ORIENTED_EDGE('',*,*,#2566,.T.);
#2566 = EDGE_CURVE('',#2567,#2567,#2569,.T.);
#2567 = VERTEX_POINT('',#2568);
#2568 = CARTESIAN_POINT('',(9.05,121.6,61.3));
#2569 = CIRCLE('',#2570,2.65);
#2570 = AXIS2_PLACEMENT_3D('',#2571,#2572,#2573);
#2571 = CARTESIAN_POINT('',(6.4,121.6,61.3));
#2572 = DIRECTION('',(-0.,0.,1.));
#2573 = DIRECTION('',(1.,-0.,0.));
#2574 = PLANE('',#2575);
#2575 = AXIS2_PLACEMENT_3D('',#2576,#2577,#2578);
#2576 = CARTESIAN_POINT('',(10.4,125.9,61.3));
#2577 = DIRECTION('',(-0.,-0.,1.));
#2578 = DIRECTION('',(1.,0.,0.));
#2579 = ADVANCED_FACE('',(#2580),#2598,.T.);
#2580 = FACE_BOUND('',#2581,.F.);
#2581 = EDGE_LOOP('',(#2582,#2590,#2596,#2597));
#2582 = ORIENTED_EDGE('',*,*,#2583,.F.);
#2583 = EDGE_CURVE('',#2584,#2533,#2586,.T.);
#2584 = VERTEX_POINT('',#2585);
#2585 = CARTESIAN_POINT('',(10.4,125.6,57.3));
#2586 = LINE('',#2587,#2588);
#2587 = CARTESIAN_POINT('',(10.4,125.6,29.85));
#2588 = VECTOR('',#2589,1.);
#2589 = DIRECTION('',(0.,0.,1.));
#2590 = ORIENTED_EDGE('',*,*,#2591,.T.);
#2591 = EDGE_CURVE('',#2584,#2440,#2592,.T.);
#2592 = LINE('',#2593,#2594);
#2593 = CARTESIAN_POINT('',(10.4,125.9,57.3));
#2594 = VECTOR('',#2595,1.);
#2595 = DIRECTION('',(-0.,-1.,-0.));
#2596 = ORIENTED_EDGE('',*,*,#2447,.T.);
#2597 = ORIENTED_EDGE('',*,*,#2542,.F.);
#2598 = PLANE('',#2599);
#2599 = AXIS2_PLACEMENT_3D('',#2600,#2601,#2602);
#2600 = CARTESIAN_POINT('',(10.4,125.9,57.3));
#2601 = DIRECTION('',(1.,-0.,-0.));
#2602 = DIRECTION('',(0.,0.,-1.));
#2603 = ADVANCED_FACE('',(#2604),#2615,.T.);
#2604 = FACE_BOUND('',#2605,.F.);
#2605 = EDGE_LOOP('',(#2606,#2607,#2608,#2609));
#2606 = ORIENTED_EDGE('',*,*,#2516,.F.);
#2607 = ORIENTED_EDGE('',*,*,#2480,.F.);
#2608 = ORIENTED_EDGE('',*,*,#2591,.F.);
#2609 = ORIENTED_EDGE('',*,*,#2610,.F.);
#2610 = EDGE_CURVE('',#2509,#2584,#2611,.T.);
#2611 = LINE('',#2612,#2613);
#2612 = CARTESIAN_POINT('',(-9.475,125.6,37.425));
#2613 = VECTOR('',#2614,1.);
#2614 = DIRECTION('',(0.707106781187,0.,0.707106781187));
#2615 = PLANE('',#2616);
#2616 = AXIS2_PLACEMENT_3D('',#2617,#2618,#2619);
#2617 = CARTESIAN_POINT('',(2.1,125.9,49.));
#2618 = DIRECTION('',(0.707106781187,-0.,-0.707106781187));
#2619 = DIRECTION('',(-0.707106781187,0.,-0.707106781187));
#2620 = ADVANCED_FACE('',(#2621,#2666,#2677,#2688,#2699),#2710,.T.);
#2621 = FACE_BOUND('',#2622,.T.);
#2622 = EDGE_LOOP('',(#2623,#2624,#2625,#2633,#2642,#2650,#2659,#2665));
#2623 = ORIENTED_EDGE('',*,*,#2365,.F.);
#2624 = ORIENTED_EDGE('',*,*,#2333,.F.);
#2625 = ORIENTED_EDGE('',*,*,#2626,.F.);
#2626 = EDGE_CURVE('',#2627,#2317,#2629,.T.);
#2627 = VERTEX_POINT('',#2628);
#2628 = CARTESIAN_POINT('',(92.,2.605887450305,2.4));
#2629 = LINE('',#2630,#2631);
#2630 = CARTESIAN_POINT('',(92.,2.605887450305,2.4));
#2631 = VECTOR('',#2632,1.);
#2632 = DIRECTION('',(-1.,-0.,0.));
#2633 = ORIENTED_EDGE('',*,*,#2634,.F.);
#2634 = EDGE_CURVE('',#2635,#2627,#2637,.T.);
#2635 = VERTEX_POINT('',#2636);
#2636 = CARTESIAN_POINT('',(95.394112549695,6.,2.4));
#2637 = CIRCLE('',#2638,3.394112549695);
#2638 = AXIS2_PLACEMENT_3D('',#2639,#2640,#2641);
#2639 = CARTESIAN_POINT('',(92.,6.,2.4));
#2640 = DIRECTION('',(0.,-0.,-1.));
#2641 = DIRECTION('',(1.,1.233581138472E-16,-0.));
#2642 = ORIENTED_EDGE('',*,*,#2643,.F.);
#2643 = EDGE_CURVE('',#2644,#2635,#2646,.T.);
#2644 = VERTEX_POINT('',#2645);
#2645 = CARTESIAN_POINT('',(95.394112549695,122.,2.4));
#2646 = LINE('',#2647,#2648);
#2647 = CARTESIAN_POINT('',(95.394112549695,122.,2.4));
#2648 = VECTOR('',#2649,1.);
#2649 = DIRECTION('',(0.,-1.,-0.));
#2650 = ORIENTED_EDGE('',*,*,#2651,.F.);
#2651 = EDGE_CURVE('',#2652,#2644,#2654,.T.);
#2652 = VERTEX_POINT('',#2653);
#2653 = CARTESIAN_POINT('',(92.,125.39411254969,2.4));
#2654 = CIRCLE('',#2655,3.394112549695);
#2655 = AXIS2_PLACEMENT_3D('',#2656,#2657,#2658);
#2656 = CARTESIAN_POINT('',(92.,122.,2.4));
#2657 = DIRECTION('',(0.,-0.,-1.));
#2658 = DIRECTION('',(0.,1.,-0.));
#2659 = ORIENTED_EDGE('',*,*,#2660,.F.);
#2660 = EDGE_CURVE('',#2407,#2652,#2661,.T.);
#2661 = LINE('',#2662,#2663);
#2662 = CARTESIAN_POINT('',(6.,125.39411254969,2.4));
#2663 = VECTOR('',#2664,1.);
#2664 = DIRECTION('',(1.,0.,-0.));
#2665 = ORIENTED_EDGE('',*,*,#2414,.F.);
#2666 = FACE_BOUND('',#2667,.T.);
#2667 = EDGE_LOOP('',(#2668));
#2668 = ORIENTED_EDGE('',*,*,#2669,.F.);
#2669 = EDGE_CURVE('',#2670,#2670,#2672,.T.);
#2670 = VERTEX_POINT('',#2671);
#2671 = CARTESIAN_POINT('',(11.4,47.,2.4));
#2672 = CIRCLE('',#2673,3.5);
#2673 = AXIS2_PLACEMENT_3D('',#2674,#2675,#2676);
#2674 = CARTESIAN_POINT('',(7.9,47.,2.4));
#2675 = DIRECTION('',(0.,0.,1.));
#2676 = DIRECTION('',(1.,0.,-0.));
#2677 = FACE_BOUND('',#2678,.T.);
#2678 = EDGE_LOOP('',(#2679));
#2679 = ORIENTED_EDGE('',*,*,#2680,.F.);
#2680 = EDGE_CURVE('',#2681,#2681,#2683,.T.);
#2681 = VERTEX_POINT('',#2682);
#2682 = CARTESIAN_POINT('',(93.4,47.,2.4));
#2683 = CIRCLE('',#2684,3.5);
#2684 = AXIS2_PLACEMENT_3D('',#2685,#2686,#2687);
#2685 = CARTESIAN_POINT('',(89.9,47.,2.4));
#2686 = DIRECTION('',(0.,0.,1.));
#2687 = DIRECTION('',(1.,0.,-0.));
#2688 = FACE_BOUND('',#2689,.T.);
#2689 = EDGE_LOOP('',(#2690));
#2690 = ORIENTED_EDGE('',*,*,#2691,.F.);
#2691 = EDGE_CURVE('',#2692,#2692,#2694,.T.);
#2692 = VERTEX_POINT('',#2693);
#2693 = CARTESIAN_POINT('',(11.4,105.,2.4));
#2694 = CIRCLE('',#2695,3.5);
#2695 = AXIS2_PLACEMENT_3D('',#2696,#2697,#2698);
#2696 = CARTESIAN_POINT('',(7.9,105.,2.4));
#2697 = DIRECTION('',(0.,0.,1.));
#2698 = DIRECTION('',(1.,0.,-0.));
#2699 = FACE_BOUND('',#2700,.T.);
#2700 = EDGE_LOOP('',(#2701));
#2701 = ORIENTED_EDGE('',*,*,#2702,.F.);
#2702 = EDGE_CURVE('',#2703,#2703,#2705,.T.);
#2703 = VERTEX_POINT('',#2704);
#2704 = CARTESIAN_POINT('',(93.4,105.,2.4));
#2705 = CIRCLE('',#2706,3.5);
#2706 = AXIS2_PLACEMENT_3D('',#2707,#2708,#2709);
#2707 = CARTESIAN_POINT('',(89.9,105.,2.4));
#2708 = DIRECTION('',(0.,0.,1.));
#2709 = DIRECTION('',(1.,0.,-0.));
#2710 = PLANE('',#2711);
#2711 = AXIS2_PLACEMENT_3D('',#2712,#2713,#2714);
#2712 = CARTESIAN_POINT('',(2.4,2.4,2.4));
#2713 = DIRECTION('',(0.,0.,1.));
#2714 = DIRECTION('',(1.,0.,-0.));
#2715 = ADVANCED_FACE('',(#2716),#2752,.F.);
#2716 = FACE_BOUND('',#2717,.T.);
#2717 = EDGE_LOOP('',(#2718,#2728,#2735,#2736,#2745));
#2718 = ORIENTED_EDGE('',*,*,#2719,.F.);
#2719 = EDGE_CURVE('',#2720,#2722,#2724,.T.);
#2720 = VERTEX_POINT('',#2721);
#2721 = CARTESIAN_POINT('',(95.6,6.,2.605887450305));
#2722 = VERTEX_POINT('',#2723);
#2723 = CARTESIAN_POINT('',(95.6,6.,52.9));
#2724 = LINE('',#2725,#2726);
#2725 = CARTESIAN_POINT('',(95.6,6.,2.4));
#2726 = VECTOR('',#2727,1.);
#2727 = DIRECTION('',(0.,0.,1.));
#2728 = ORIENTED_EDGE('',*,*,#2729,.T.);
#2729 = EDGE_CURVE('',#2720,#135,#2730,.T.);
#2730 = CIRCLE('',#2731,3.6);
#2731 = AXIS2_PLACEMENT_3D('',#2732,#2733,#2734);
#2732 = CARTESIAN_POINT('',(92.,6.,2.605887450305));
#2733 = DIRECTION('',(0.,-0.,-1.));
#2734 = DIRECTION('',(1.,1.233581138472E-16,-0.));
#2735 = ORIENTED_EDGE('',*,*,#134,.T.);
#2736 = ORIENTED_EDGE('',*,*,#2737,.F.);
#2737 = EDGE_CURVE('',#2738,#137,#2740,.T.);
#2738 = VERTEX_POINT('',#2739);
#2739 = CARTESIAN_POINT('',(94.545584412271,3.454415587729,
    50.354415587729));
#2740 = ELLIPSE('',#2741,5.091168824543,3.6);
#2741 = AXIS2_PLACEMENT_3D('',#2742,#2743,#2744);
#2742 = CARTESIAN_POINT('',(92.,6.,52.9));
#2743 = DIRECTION('',(-0.707106781187,0.,-0.707106781187));
#2744 = DIRECTION('',(-0.707106781187,0.,0.707106781187));
#2745 = ORIENTED_EDGE('',*,*,#2746,.F.);
#2746 = EDGE_CURVE('',#2722,#2738,#2747,.T.);
#2747 = ELLIPSE('',#2748,5.091168824543,3.6);
#2748 = AXIS2_PLACEMENT_3D('',#2749,#2750,#2751);
#2749 = CARTESIAN_POINT('',(92.,6.,52.9));
#2750 = DIRECTION('',(-1.570092458684E-16,0.707106781187,-0.707106781187
    ));
#2751 = DIRECTION('',(-1.570092458684E-16,0.707106781187,0.707106781187)
  );
#2752 = CYLINDRICAL_SURFACE('',#2753,3.6);
#2753 = AXIS2_PLACEMENT_3D('',#2754,#2755,#2756);
#2754 = CARTESIAN_POINT('',(92.,6.,2.4));
#2755 = DIRECTION('',(0.,0.,1.));
#2756 = DIRECTION('',(1.,0.,-0.));
#2757 = ADVANCED_FACE('',(#2758),#2783,.T.);
#2758 = FACE_BOUND('',#2759,.F.);
#2759 = EDGE_LOOP('',(#2760,#2768,#2769,#2770,#2771,#2777));
#2760 = ORIENTED_EDGE('',*,*,#2761,.F.);
#2761 = EDGE_CURVE('',#2155,#2762,#2764,.T.);
#2762 = VERTEX_POINT('',#2763);
#2763 = CARTESIAN_POINT('',(87.6,2.1,57.3));
#2764 = LINE('',#2765,#2766);
#2765 = CARTESIAN_POINT('',(95.9,2.1,49.));
#2766 = VECTOR('',#2767,1.);
#2767 = DIRECTION('',(-0.707106781187,-0.,0.707106781187));
#2768 = ORIENTED_EDGE('',*,*,#2154,.F.);
#2769 = ORIENTED_EDGE('',*,*,#183,.T.);
#2770 = ORIENTED_EDGE('',*,*,#2737,.F.);
#2771 = ORIENTED_EDGE('',*,*,#2772,.F.);
#2772 = EDGE_CURVE('',#2268,#2738,#2773,.T.);
#2773 = LINE('',#2774,#2775);
#2774 = CARTESIAN_POINT('',(95.9,2.1,49.));
#2775 = VECTOR('',#2776,1.);
#2776 = DIRECTION('',(0.57735026919,-0.57735026919,-0.57735026919));
#2777 = ORIENTED_EDGE('',*,*,#2778,.F.);
#2778 = EDGE_CURVE('',#2762,#2268,#2779,.T.);
#2779 = LINE('',#2780,#2781);
#2780 = CARTESIAN_POINT('',(87.6,2.1,57.3));
#2781 = VECTOR('',#2782,1.);
#2782 = DIRECTION('',(-0.,1.,-0.));
#2783 = PLANE('',#2784);
#2784 = AXIS2_PLACEMENT_3D('',#2785,#2786,#2787);
#2785 = CARTESIAN_POINT('',(95.9,2.1,49.));
#2786 = DIRECTION('',(-0.707106781187,-0.,-0.707106781187));
#2787 = DIRECTION('',(0.707106781187,0.,-0.707106781187));
#2788 = ADVANCED_FACE('',(#2789),#2795,.T.);
#2789 = FACE_BOUND('',#2790,.T.);
#2790 = EDGE_LOOP('',(#2791,#2792,#2793,#2794));
#2791 = ORIENTED_EDGE('',*,*,#484,.F.);
#2792 = ORIENTED_EDGE('',*,*,#1074,.T.);
#2793 = ORIENTED_EDGE('',*,*,#2147,.T.);
#2794 = ORIENTED_EDGE('',*,*,#167,.F.);
#2795 = PLANE('',#2796);
#2796 = AXIS2_PLACEMENT_3D('',#2797,#2798,#2799);
#2797 = CARTESIAN_POINT('',(9.5,1.3,18.5));
#2798 = DIRECTION('',(0.,0.,1.));
#2799 = DIRECTION('',(1.,0.,-0.));
#2800 = ADVANCED_FACE('',(#2801),#2812,.F.);
#2801 = FACE_BOUND('',#2802,.F.);
#2802 = EDGE_LOOP('',(#2803,#2809,#2810,#2811));
#2803 = ORIENTED_EDGE('',*,*,#2804,.F.);
#2804 = EDGE_CURVE('',#135,#2627,#2805,.T.);
#2805 = LINE('',#2806,#2807);
#2806 = CARTESIAN_POINT('',(92.,2.4,2.605887450305));
#2807 = VECTOR('',#2808,1.);
#2808 = DIRECTION('',(-1.305251616275E-16,0.707106781187,-0.707106781187
    ));
#2809 = ORIENTED_EDGE('',*,*,#144,.T.);
#2810 = ORIENTED_EDGE('',*,*,#2316,.T.);
#2811 = ORIENTED_EDGE('',*,*,#2626,.F.);
#2812 = PLANE('',#2813);
#2813 = AXIS2_PLACEMENT_3D('',#2814,#2815,#2816);
#2814 = CARTESIAN_POINT('',(92.,2.502943725152,2.502943725152));
#2815 = DIRECTION('',(0.,-0.707106781187,-0.707106781187));
#2816 = DIRECTION('',(-1.,-0.,0.));
#2817 = ADVANCED_FACE('',(#2818),#2834,.F.);
#2818 = FACE_BOUND('',#2819,.F.);
#2819 = EDGE_LOOP('',(#2820,#2826,#2827,#2833));
#2820 = ORIENTED_EDGE('',*,*,#2821,.F.);
#2821 = EDGE_CURVE('',#1144,#1175,#2822,.T.);
#2822 = LINE('',#2823,#2824);
#2823 = CARTESIAN_POINT('',(11.8,0.,21.8));
#2824 = VECTOR('',#2825,1.);
#2825 = DIRECTION('',(0.,0.,1.));
#2826 = ORIENTED_EDGE('',*,*,#1151,.F.);
#2827 = ORIENTED_EDGE('',*,*,#2828,.T.);
#2828 = EDGE_CURVE('',#1152,#1183,#2829,.T.);
#2829 = LINE('',#2830,#2831);
#2830 = CARTESIAN_POINT('',(11.8,0.8,21.8));
#2831 = VECTOR('',#2832,1.);
#2832 = DIRECTION('',(0.,0.,1.));
#2833 = ORIENTED_EDGE('',*,*,#1182,.T.);
#2834 = PLANE('',#2835);
#2835 = AXIS2_PLACEMENT_3D('',#2836,#2837,#2838);
#2836 = CARTESIAN_POINT('',(11.8,0.,21.8));
#2837 = DIRECTION('',(1.,0.,-0.));
#2838 = DIRECTION('',(0.,0.,1.));
#2839 = ADVANCED_FACE('',(#2840),#2856,.F.);
#2840 = FACE_BOUND('',#2841,.F.);
#2841 = EDGE_LOOP('',(#2842,#2848,#2849,#2855));
#2842 = ORIENTED_EDGE('',*,*,#2843,.F.);
#2843 = EDGE_CURVE('',#1206,#1237,#2844,.T.);
#2844 = LINE('',#2845,#2846);
#2845 = CARTESIAN_POINT('',(11.8,0.,21.8));
#2846 = VECTOR('',#2847,1.);
#2847 = DIRECTION('',(0.,0.,1.));
#2848 = ORIENTED_EDGE('',*,*,#1213,.F.);
#2849 = ORIENTED_EDGE('',*,*,#2850,.T.);
#2850 = EDGE_CURVE('',#1214,#1245,#2851,.T.);
#2851 = LINE('',#2852,#2853);
#2852 = CARTESIAN_POINT('',(11.8,0.8,21.8));
#2853 = VECTOR('',#2854,1.);
#2854 = DIRECTION('',(0.,0.,1.));
#2855 = ORIENTED_EDGE('',*,*,#1244,.T.);
#2856 = PLANE('',#2857);
#2857 = AXIS2_PLACEMENT_3D('',#2858,#2859,#2860);
#2858 = CARTESIAN_POINT('',(11.8,0.,21.8));
#2859 = DIRECTION('',(1.,0.,-0.));
#2860 = DIRECTION('',(0.,0.,1.));
#2861 = ADVANCED_FACE('',(#2862),#2887,.F.);
#2862 = FACE_BOUND('',#2863,.F.);
#2863 = EDGE_LOOP('',(#2864,#2872,#2873,#2881));
#2864 = ORIENTED_EDGE('',*,*,#2865,.F.);
#2865 = EDGE_CURVE('',#1268,#2866,#2868,.T.);
#2866 = VERTEX_POINT('',#2867);
#2867 = CARTESIAN_POINT('',(11.8,0.,60.6));
#2868 = LINE('',#2869,#2870);
#2869 = CARTESIAN_POINT('',(11.8,0.,21.8));
#2870 = VECTOR('',#2871,1.);
#2871 = DIRECTION('',(0.,0.,1.));
#2872 = ORIENTED_EDGE('',*,*,#1275,.F.);
#2873 = ORIENTED_EDGE('',*,*,#2874,.T.);
#2874 = EDGE_CURVE('',#1276,#2875,#2877,.T.);
#2875 = VERTEX_POINT('',#2876);
#2876 = CARTESIAN_POINT('',(11.8,0.8,60.6));
#2877 = LINE('',#2878,#2879);
#2878 = CARTESIAN_POINT('',(11.8,0.8,21.8));
#2879 = VECTOR('',#2880,1.);
#2880 = DIRECTION('',(0.,0.,1.));
#2881 = ORIENTED_EDGE('',*,*,#2882,.F.);
#2882 = EDGE_CURVE('',#2866,#2875,#2883,.T.);
#2883 = LINE('',#2884,#2885);
#2884 = CARTESIAN_POINT('',(11.8,0.,60.6));
#2885 = VECTOR('',#2886,1.);
#2886 = DIRECTION('',(-0.,1.,0.));
#2887 = PLANE('',#2888);
#2888 = AXIS2_PLACEMENT_3D('',#2889,#2890,#2891);
#2889 = CARTESIAN_POINT('',(11.8,0.,21.8));
#2890 = DIRECTION('',(1.,0.,-0.));
#2891 = DIRECTION('',(0.,0.,1.));
#2892 = ADVANCED_FACE('',(#2893),#2909,.T.);
#2893 = FACE_BOUND('',#2894,.T.);
#2894 = EDGE_LOOP('',(#2895,#2901,#2902,#2908));
#2895 = ORIENTED_EDGE('',*,*,#2896,.F.);
#2896 = EDGE_CURVE('',#1331,#1362,#2897,.T.);
#2897 = LINE('',#2898,#2899);
#2898 = CARTESIAN_POINT('',(88.2,0.,21.8));
#2899 = VECTOR('',#2900,1.);
#2900 = DIRECTION('',(0.,0.,1.));
#2901 = ORIENTED_EDGE('',*,*,#1328,.F.);
#2902 = ORIENTED_EDGE('',*,*,#2903,.T.);
#2903 = EDGE_CURVE('',#1329,#1360,#2904,.T.);
#2904 = LINE('',#2905,#2906);
#2905 = CARTESIAN_POINT('',(88.2,0.8,21.8));
#2906 = VECTOR('',#2907,1.);
#2907 = DIRECTION('',(0.,0.,1.));
#2908 = ORIENTED_EDGE('',*,*,#1359,.T.);
#2909 = PLANE('',#2910);
#2910 = AXIS2_PLACEMENT_3D('',#2911,#2912,#2913);
#2911 = CARTESIAN_POINT('',(88.2,0.,21.8));
#2912 = DIRECTION('',(1.,0.,-0.));
#2913 = DIRECTION('',(0.,0.,1.));
#2914 = ADVANCED_FACE('',(#2915),#2931,.T.);
#2915 = FACE_BOUND('',#2916,.T.);
#2916 = EDGE_LOOP('',(#2917,#2923,#2924,#2930));
#2917 = ORIENTED_EDGE('',*,*,#2918,.F.);
#2918 = EDGE_CURVE('',#1393,#1424,#2919,.T.);
#2919 = LINE('',#2920,#2921);
#2920 = CARTESIAN_POINT('',(88.2,0.,21.8));
#2921 = VECTOR('',#2922,1.);
#2922 = DIRECTION('',(0.,0.,1.));
#2923 = ORIENTED_EDGE('',*,*,#1390,.F.);
#2924 = ORIENTED_EDGE('',*,*,#2925,.T.);
#2925 = EDGE_CURVE('',#1391,#1422,#2926,.T.);
#2926 = LINE('',#2927,#2928);
#2927 = CARTESIAN_POINT('',(88.2,0.8,21.8));
#2928 = VECTOR('',#2929,1.);
#2929 = DIRECTION('',(0.,0.,1.));
#2930 = ORIENTED_EDGE('',*,*,#1421,.T.);
#2931 = PLANE('',#2932);
#2932 = AXIS2_PLACEMENT_3D('',#2933,#2934,#2935);
#2933 = CARTESIAN_POINT('',(88.2,0.,21.8));
#2934 = DIRECTION('',(1.,0.,-0.));
#2935 = DIRECTION('',(0.,0.,1.));
#2936 = ADVANCED_FACE('',(#2937),#2962,.T.);
#2937 = FACE_BOUND('',#2938,.T.);
#2938 = EDGE_LOOP('',(#2939,#2947,#2948,#2956));
#2939 = ORIENTED_EDGE('',*,*,#2940,.F.);
#2940 = EDGE_CURVE('',#1455,#2941,#2943,.T.);
#2941 = VERTEX_POINT('',#2942);
#2942 = CARTESIAN_POINT('',(88.2,0.,60.6));
#2943 = LINE('',#2944,#2945);
#2944 = CARTESIAN_POINT('',(88.2,0.,21.8));
#2945 = VECTOR('',#2946,1.);
#2946 = DIRECTION('',(0.,0.,1.));
#2947 = ORIENTED_EDGE('',*,*,#1452,.F.);
#2948 = ORIENTED_EDGE('',*,*,#2949,.T.);
#2949 = EDGE_CURVE('',#1453,#2950,#2952,.T.);
#2950 = VERTEX_POINT('',#2951);
#2951 = CARTESIAN_POINT('',(88.2,0.8,60.6));
#2952 = LINE('',#2953,#2954);
#2953 = CARTESIAN_POINT('',(88.2,0.8,21.8));
#2954 = VECTOR('',#2955,1.);
#2955 = DIRECTION('',(0.,0.,1.));
#2956 = ORIENTED_EDGE('',*,*,#2957,.F.);
#2957 = EDGE_CURVE('',#2941,#2950,#2958,.T.);
#2958 = LINE('',#2959,#2960);
#2959 = CARTESIAN_POINT('',(88.2,0.,60.6));
#2960 = VECTOR('',#2961,1.);
#2961 = DIRECTION('',(-0.,1.,0.));
#2962 = PLANE('',#2963);
#2963 = AXIS2_PLACEMENT_3D('',#2964,#2965,#2966);
#2964 = CARTESIAN_POINT('',(88.2,0.,21.8));
#2965 = DIRECTION('',(1.,0.,-0.));
#2966 = DIRECTION('',(0.,0.,1.));
#2967 = ADVANCED_FACE('',(#2968,#3020,#3026,#3032,#3038,#3044),#3050,.F.
  );
#2968 = FACE_BOUND('',#2969,.F.);
#2969 = EDGE_LOOP('',(#2970,#2978,#2986,#2992,#2993,#2994,#2995,#3003,
    #3011,#3017,#3018,#3019));
#2970 = ORIENTED_EDGE('',*,*,#2971,.F.);
#2971 = EDGE_CURVE('',#2972,#1493,#2974,.T.);
#2972 = VERTEX_POINT('',#2973);
#2973 = CARTESIAN_POINT('',(11.8,0.,21.8));
#2974 = LINE('',#2975,#2976);
#2975 = CARTESIAN_POINT('',(11.8,0.,21.8));
#2976 = VECTOR('',#2977,1.);
#2977 = DIRECTION('',(-0.,1.,0.));
#2978 = ORIENTED_EDGE('',*,*,#2979,.T.);
#2979 = EDGE_CURVE('',#2972,#2980,#2982,.T.);
#2980 = VERTEX_POINT('',#2981);
#2981 = CARTESIAN_POINT('',(88.2,0.,21.8));
#2982 = LINE('',#2983,#2984);
#2983 = CARTESIAN_POINT('',(11.8,0.,21.8));
#2984 = VECTOR('',#2985,1.);
#2985 = DIRECTION('',(1.,0.,-0.));
#2986 = ORIENTED_EDGE('',*,*,#2987,.T.);
#2987 = EDGE_CURVE('',#2980,#2043,#2988,.T.);
#2988 = LINE('',#2989,#2990);
#2989 = CARTESIAN_POINT('',(88.2,0.,21.8));
#2990 = VECTOR('',#2991,1.);
#2991 = DIRECTION('',(-0.,1.,0.));
#2992 = ORIENTED_EDGE('',*,*,#2059,.T.);
#2993 = ORIENTED_EDGE('',*,*,#2107,.T.);
#2994 = ORIENTED_EDGE('',*,*,#2090,.F.);
#2995 = ORIENTED_EDGE('',*,*,#2996,.T.);
#2996 = EDGE_CURVE('',#2074,#2997,#2999,.T.);
#2997 = VERTEX_POINT('',#2998);
#2998 = CARTESIAN_POINT('',(88.2,0.8,21.8));
#2999 = LINE('',#3000,#3001);
#3000 = CARTESIAN_POINT('',(88.2,0.,21.8));
#3001 = VECTOR('',#3002,1.);
#3002 = DIRECTION('',(-0.,1.,0.));
#3003 = ORIENTED_EDGE('',*,*,#3004,.F.);
#3004 = EDGE_CURVE('',#3005,#2997,#3007,.T.);
#3005 = VERTEX_POINT('',#3006);
#3006 = CARTESIAN_POINT('',(11.8,0.8,21.8));
#3007 = LINE('',#3008,#3009);
#3008 = CARTESIAN_POINT('',(11.8,0.8,21.8));
#3009 = VECTOR('',#3010,1.);
#3010 = DIRECTION('',(1.,0.,-0.));
#3011 = ORIENTED_EDGE('',*,*,#3012,.F.);
#3012 = EDGE_CURVE('',#1541,#3005,#3013,.T.);
#3013 = LINE('',#3014,#3015);
#3014 = CARTESIAN_POINT('',(11.8,0.,21.8));
#3015 = VECTOR('',#3016,1.);
#3016 = DIRECTION('',(-0.,1.,0.));
#3017 = ORIENTED_EDGE('',*,*,#1548,.F.);
#3018 = ORIENTED_EDGE('',*,*,#1524,.F.);
#3019 = ORIENTED_EDGE('',*,*,#1500,.T.);
#3020 = FACE_BOUND('',#3021,.F.);
#3021 = EDGE_LOOP('',(#3022,#3023,#3024,#3025));
#3022 = ORIENTED_EDGE('',*,*,#1579,.T.);
#3023 = ORIENTED_EDGE('',*,*,#1644,.T.);
#3024 = ORIENTED_EDGE('',*,*,#1627,.F.);
#3025 = ORIENTED_EDGE('',*,*,#1603,.F.);
#3026 = FACE_BOUND('',#3027,.F.);
#3027 = EDGE_LOOP('',(#3028,#3029,#3030,#3031));
#3028 = ORIENTED_EDGE('',*,*,#1675,.T.);
#3029 = ORIENTED_EDGE('',*,*,#1740,.T.);
#3030 = ORIENTED_EDGE('',*,*,#1723,.F.);
#3031 = ORIENTED_EDGE('',*,*,#1699,.F.);
#3032 = FACE_BOUND('',#3033,.F.);
#3033 = EDGE_LOOP('',(#3034,#3035,#3036,#3037));
#3034 = ORIENTED_EDGE('',*,*,#1771,.T.);
#3035 = ORIENTED_EDGE('',*,*,#1836,.T.);
#3036 = ORIENTED_EDGE('',*,*,#1819,.F.);
#3037 = ORIENTED_EDGE('',*,*,#1795,.F.);
#3038 = FACE_BOUND('',#3039,.F.);
#3039 = EDGE_LOOP('',(#3040,#3041,#3042,#3043));
#3040 = ORIENTED_EDGE('',*,*,#1867,.T.);
#3041 = ORIENTED_EDGE('',*,*,#1932,.T.);
#3042 = ORIENTED_EDGE('',*,*,#1915,.F.);
#3043 = ORIENTED_EDGE('',*,*,#1891,.F.);
#3044 = FACE_BOUND('',#3045,.F.);
#3045 = EDGE_LOOP('',(#3046,#3047,#3048,#3049));
#3046 = ORIENTED_EDGE('',*,*,#1963,.T.);
#3047 = ORIENTED_EDGE('',*,*,#2028,.T.);
#3048 = ORIENTED_EDGE('',*,*,#2011,.F.);
#3049 = ORIENTED_EDGE('',*,*,#1987,.F.);
#3050 = PLANE('',#3051);
#3051 = AXIS2_PLACEMENT_3D('',#3052,#3053,#3054);
#3052 = CARTESIAN_POINT('',(11.8,0.,21.8));
#3053 = DIRECTION('',(0.,0.,1.));
#3054 = DIRECTION('',(1.,0.,-0.));
#3055 = ADVANCED_FACE('',(#3056),#3074,.T.);
#3056 = FACE_BOUND('',#3057,.F.);
#3057 = EDGE_LOOP('',(#3058,#3059,#3067,#3073));
#3058 = ORIENTED_EDGE('',*,*,#2406,.F.);
#3059 = ORIENTED_EDGE('',*,*,#3060,.T.);
#3060 = EDGE_CURVE('',#2398,#3061,#3063,.T.);
#3061 = VERTEX_POINT('',#3062);
#3062 = CARTESIAN_POINT('',(92.,125.6,2.605887450305));
#3063 = LINE('',#3064,#3065);
#3064 = CARTESIAN_POINT('',(6.,125.6,2.605887450305));
#3065 = VECTOR('',#3066,1.);
#3066 = DIRECTION('',(1.,0.,-0.));
#3067 = ORIENTED_EDGE('',*,*,#3068,.T.);
#3068 = EDGE_CURVE('',#3061,#2652,#3069,.T.);
#3069 = LINE('',#3070,#3071);
#3070 = CARTESIAN_POINT('',(92.,125.49705627484,2.502943725152));
#3071 = VECTOR('',#3072,1.);
#3072 = DIRECTION('',(-0.,-0.707106781187,-0.707106781187));
#3073 = ORIENTED_EDGE('',*,*,#2660,.F.);
#3074 = PLANE('',#3075);
#3075 = AXIS2_PLACEMENT_3D('',#3076,#3077,#3078);
#3076 = CARTESIAN_POINT('',(6.,125.49705627484,2.502943725152));
#3077 = DIRECTION('',(-1.735458663263E-18,-0.707106781187,0.707106781187
    ));
#3078 = DIRECTION('',(-1.,1.227154589262E-18,-1.227154589262E-18));
#3079 = ADVANCED_FACE('',(#3080),#3091,.T.);
#3080 = FACE_BOUND('',#3081,.T.);
#3081 = EDGE_LOOP('',(#3082,#3083,#3084,#3085));
#3082 = ORIENTED_EDGE('',*,*,#2746,.T.);
#3083 = ORIENTED_EDGE('',*,*,#2772,.F.);
#3084 = ORIENTED_EDGE('',*,*,#2267,.F.);
#3085 = ORIENTED_EDGE('',*,*,#3086,.F.);
#3086 = EDGE_CURVE('',#2722,#2260,#3087,.T.);
#3087 = LINE('',#3088,#3089);
#3088 = CARTESIAN_POINT('',(95.6,-9.475,37.425));
#3089 = VECTOR('',#3090,1.);
#3090 = DIRECTION('',(0.,0.707106781187,0.707106781187));
#3091 = PLANE('',#3092);
#3092 = AXIS2_PLACEMENT_3D('',#3093,#3094,#3095);
#3093 = CARTESIAN_POINT('',(95.9,2.1,49.));
#3094 = DIRECTION('',(-1.570092458684E-16,0.707106781187,-0.707106781187
    ));
#3095 = DIRECTION('',(-1.570092458684E-16,0.707106781187,0.707106781187)
  );
#3096 = ADVANCED_FACE('',(#3097),#3120,.T.);
#3097 = FACE_BOUND('',#3098,.F.);
#3098 = EDGE_LOOP('',(#3099,#3107,#3113,#3119));
#3099 = ORIENTED_EDGE('',*,*,#3100,.F.);
#3100 = EDGE_CURVE('',#3101,#2644,#3103,.T.);
#3101 = VERTEX_POINT('',#3102);
#3102 = CARTESIAN_POINT('',(95.6,122.,2.605887450305));
#3103 = LINE('',#3104,#3105);
#3104 = CARTESIAN_POINT('',(95.6,122.,2.605887450305));
#3105 = VECTOR('',#3106,1.);
#3106 = DIRECTION('',(-0.707106781187,-4.329780281177E-17,
    -0.707106781187));
#3107 = ORIENTED_EDGE('',*,*,#3108,.T.);
#3108 = EDGE_CURVE('',#3101,#2720,#3109,.T.);
#3109 = LINE('',#3110,#3111);
#3110 = CARTESIAN_POINT('',(95.6,122.,2.605887450305));
#3111 = VECTOR('',#3112,1.);
#3112 = DIRECTION('',(0.,-1.,-0.));
#3113 = ORIENTED_EDGE('',*,*,#3114,.T.);
#3114 = EDGE_CURVE('',#2720,#2635,#3115,.T.);
#3115 = LINE('',#3116,#3117);
#3116 = CARTESIAN_POINT('',(95.497056274848,6.,2.502943725152));
#3117 = VECTOR('',#3118,1.);
#3118 = DIRECTION('',(-0.707106781187,-0.,-0.707106781187));
#3119 = ORIENTED_EDGE('',*,*,#2643,.F.);
#3120 = PLANE('',#3121);
#3121 = AXIS2_PLACEMENT_3D('',#3122,#3123,#3124);
#3122 = CARTESIAN_POINT('',(95.497056274848,122.,2.502943725152));
#3123 = DIRECTION('',(-0.707106781187,1.735458663263E-18,0.707106781187)
  );
#3124 = DIRECTION('',(1.227154589262E-18,1.,-1.227154589262E-18));
#3125 = ADVANCED_FACE('',(#3126),#3132,.T.);
#3126 = FACE_BOUND('',#3127,.T.);
#3127 = EDGE_LOOP('',(#3128,#3129,#3130,#3131));
#3128 = ORIENTED_EDGE('',*,*,#499,.T.);
#3129 = ORIENTED_EDGE('',*,*,#2290,.T.);
#3130 = ORIENTED_EDGE('',*,*,#2382,.T.);
#3131 = ORIENTED_EDGE('',*,*,#399,.T.);
#3132 = PLANE('',#3133);
#3133 = AXIS2_PLACEMENT_3D('',#3134,#3135,#3136);
#3134 = CARTESIAN_POINT('',(5.302093510836,2.1,56.365506858076));
#3135 = DIRECTION('',(-0.,-1.,-0.));
#3136 = DIRECTION('',(0.,0.,-1.));
#3137 = ADVANCED_FACE('',(#3138),#3157,.F.);
#3138 = FACE_BOUND('',#3139,.F.);
#3139 = EDGE_LOOP('',(#3140,#3141,#3149,#3156));
#3140 = ORIENTED_EDGE('',*,*,#449,.F.);
#3141 = ORIENTED_EDGE('',*,*,#3142,.F.);
#3142 = EDGE_CURVE('',#3143,#450,#3145,.T.);
#3143 = VERTEX_POINT('',#3144);
#3144 = CARTESIAN_POINT('',(9.05,6.4,58.));
#3145 = LINE('',#3146,#3147);
#3146 = CARTESIAN_POINT('',(9.05,6.4,58.));
#3147 = VECTOR('',#3148,1.);
#3148 = DIRECTION('',(0.,0.,1.));
#3149 = ORIENTED_EDGE('',*,*,#3150,.T.);
#3150 = EDGE_CURVE('',#3143,#3143,#3151,.T.);
#3151 = CIRCLE('',#3152,2.65);
#3152 = AXIS2_PLACEMENT_3D('',#3153,#3154,#3155);
#3153 = CARTESIAN_POINT('',(6.4,6.4,58.));
#3154 = DIRECTION('',(0.,0.,1.));
#3155 = DIRECTION('',(1.,0.,-0.));
#3156 = ORIENTED_EDGE('',*,*,#3142,.T.);
#3157 = CYLINDRICAL_SURFACE('',#3158,2.65);
#3158 = AXIS2_PLACEMENT_3D('',#3159,#3160,#3161);
#3159 = CARTESIAN_POINT('',(6.4,6.4,58.));
#3160 = DIRECTION('',(0.,0.,1.));
#3161 = DIRECTION('',(1.,0.,-0.));
#3162 = ADVANCED_FACE('',(#3163),#3174,.T.);
#3163 = FACE_BOUND('',#3164,.F.);
#3164 = EDGE_LOOP('',(#3165,#3166,#3167,#3173));
#3165 = ORIENTED_EDGE('',*,*,#2162,.F.);
#3166 = ORIENTED_EDGE('',*,*,#2761,.T.);
#3167 = ORIENTED_EDGE('',*,*,#3168,.T.);
#3168 = EDGE_CURVE('',#2762,#2193,#3169,.T.);
#3169 = LINE('',#3170,#3171);
#3170 = CARTESIAN_POINT('',(87.6,2.1,57.3));
#3171 = VECTOR('',#3172,1.);
#3172 = DIRECTION('',(-0.,-0.,1.));
#3173 = ORIENTED_EDGE('',*,*,#2192,.T.);
#3174 = PLANE('',#3175);
#3175 = AXIS2_PLACEMENT_3D('',#3176,#3177,#3178);
#3176 = CARTESIAN_POINT('',(92.697906489164,2.1,56.365506858076));
#3177 = DIRECTION('',(0.,-1.,-0.));
#3178 = DIRECTION('',(0.,0.,1.));
#3179 = ADVANCED_FACE('',(#3180),#3186,.T.);
#3180 = FACE_BOUND('',#3181,.F.);
#3181 = EDGE_LOOP('',(#3182,#3183,#3184,#3185));
#3182 = ORIENTED_EDGE('',*,*,#2778,.T.);
#3183 = ORIENTED_EDGE('',*,*,#2275,.T.);
#3184 = ORIENTED_EDGE('',*,*,#2200,.F.);
#3185 = ORIENTED_EDGE('',*,*,#3168,.F.);
#3186 = PLANE('',#3187);
#3187 = AXIS2_PLACEMENT_3D('',#3188,#3189,#3190);
#3188 = CARTESIAN_POINT('',(87.6,2.1,57.3));
#3189 = DIRECTION('',(-1.,-0.,-0.));
#3190 = DIRECTION('',(0.,0.,-1.));
#3191 = ADVANCED_FACE('',(#3192),#3211,.F.);
#3192 = FACE_BOUND('',#3193,.T.);
#3193 = EDGE_LOOP('',(#3194,#3195,#3203,#3210));
#3194 = ORIENTED_EDGE('',*,*,#2242,.T.);
#3195 = ORIENTED_EDGE('',*,*,#3196,.F.);
#3196 = EDGE_CURVE('',#3197,#2243,#3199,.T.);
#3197 = VERTEX_POINT('',#3198);
#3198 = CARTESIAN_POINT('',(88.95,6.4,58.));
#3199 = LINE('',#3200,#3201);
#3200 = CARTESIAN_POINT('',(88.95,6.4,58.));
#3201 = VECTOR('',#3202,1.);
#3202 = DIRECTION('',(-0.,-0.,1.));
#3203 = ORIENTED_EDGE('',*,*,#3204,.T.);
#3204 = EDGE_CURVE('',#3197,#3197,#3205,.T.);
#3205 = CIRCLE('',#3206,2.65);
#3206 = AXIS2_PLACEMENT_3D('',#3207,#3208,#3209);
#3207 = CARTESIAN_POINT('',(91.6,6.4,58.));
#3208 = DIRECTION('',(0.,0.,-1.));
#3209 = DIRECTION('',(-1.,-0.,-0.));
#3210 = ORIENTED_EDGE('',*,*,#3196,.T.);
#3211 = CYLINDRICAL_SURFACE('',#3212,2.65);
#3212 = AXIS2_PLACEMENT_3D('',#3213,#3214,#3215);
#3213 = CARTESIAN_POINT('',(91.6,6.4,58.));
#3214 = DIRECTION('',(-0.,-0.,1.));
#3215 = DIRECTION('',(-1.,-0.,-0.));
#3216 = ADVANCED_FACE('',(#3217),#3236,.F.);
#3217 = FACE_BOUND('',#3218,.T.);
#3218 = EDGE_LOOP('',(#3219,#3220,#3228,#3235));
#3219 = ORIENTED_EDGE('',*,*,#2566,.T.);
#3220 = ORIENTED_EDGE('',*,*,#3221,.F.);
#3221 = EDGE_CURVE('',#3222,#2567,#3224,.T.);
#3222 = VERTEX_POINT('',#3223);
#3223 = CARTESIAN_POINT('',(9.05,121.6,58.));
#3224 = LINE('',#3225,#3226);
#3225 = CARTESIAN_POINT('',(9.05,121.6,58.));
#3226 = VECTOR('',#3227,1.);
#3227 = DIRECTION('',(-0.,-0.,1.));
#3228 = ORIENTED_EDGE('',*,*,#3229,.T.);
#3229 = EDGE_CURVE('',#3222,#3222,#3230,.T.);
#3230 = CIRCLE('',#3231,2.65);
#3231 = AXIS2_PLACEMENT_3D('',#3232,#3233,#3234);
#3232 = CARTESIAN_POINT('',(6.4,121.6,58.));
#3233 = DIRECTION('',(0.,0.,-1.));
#3234 = DIRECTION('',(1.,-0.,-0.));
#3235 = ORIENTED_EDGE('',*,*,#3221,.T.);
#3236 = CYLINDRICAL_SURFACE('',#3237,2.65);
#3237 = AXIS2_PLACEMENT_3D('',#3238,#3239,#3240);
#3238 = CARTESIAN_POINT('',(6.4,121.6,58.));
#3239 = DIRECTION('',(-0.,-0.,1.));
#3240 = DIRECTION('',(1.,-0.,-0.));
#3241 = ADVANCED_FACE('',(#3242),#3248,.F.);
#3242 = FACE_BOUND('',#3243,.F.);
#3243 = EDGE_LOOP('',(#3244,#3245,#3246,#3247));
#3244 = ORIENTED_EDGE('',*,*,#3114,.F.);
#3245 = ORIENTED_EDGE('',*,*,#2729,.T.);
#3246 = ORIENTED_EDGE('',*,*,#2804,.T.);
#3247 = ORIENTED_EDGE('',*,*,#2634,.F.);
#3248 = CONICAL_SURFACE('',#3249,3.6,0.785398163397);
#3249 = AXIS2_PLACEMENT_3D('',#3250,#3251,#3252);
#3250 = CARTESIAN_POINT('',(92.,6.,2.605887450305));
#3251 = DIRECTION('',(0.,0.,1.));
#3252 = DIRECTION('',(1.,1.233581138472E-16,-0.));
#3253 = ADVANCED_FACE('',(#3254),#3266,.F.);
#3254 = FACE_BOUND('',#3255,.F.);
#3255 = EDGE_LOOP('',(#3256,#3257,#3264,#3265));
#3256 = ORIENTED_EDGE('',*,*,#3068,.F.);
#3257 = ORIENTED_EDGE('',*,*,#3258,.T.);
#3258 = EDGE_CURVE('',#3061,#3101,#3259,.T.);
#3259 = CIRCLE('',#3260,3.6);
#3260 = AXIS2_PLACEMENT_3D('',#3261,#3262,#3263);
#3261 = CARTESIAN_POINT('',(92.,122.,2.605887450305));
#3262 = DIRECTION('',(0.,-0.,-1.));
#3263 = DIRECTION('',(0.,1.,-0.));
#3264 = ORIENTED_EDGE('',*,*,#3100,.T.);
#3265 = ORIENTED_EDGE('',*,*,#2651,.F.);
#3266 = CONICAL_SURFACE('',#3267,3.6,0.785398163397);
#3267 = AXIS2_PLACEMENT_3D('',#3268,#3269,#3270);
#3268 = CARTESIAN_POINT('',(92.,122.,2.605887450305));
#3269 = DIRECTION('',(0.,0.,1.));
#3270 = DIRECTION('',(0.,1.,0.));
#3271 = ADVANCED_FACE('',(#3272),#3307,.F.);
#3272 = FACE_BOUND('',#3273,.F.);
#3273 = EDGE_LOOP('',(#3274,#3282,#3283,#3291,#3300));
#3274 = ORIENTED_EDGE('',*,*,#3275,.F.);
#3275 = EDGE_CURVE('',#3101,#3276,#3278,.T.);
#3276 = VERTEX_POINT('',#3277);
#3277 = CARTESIAN_POINT('',(95.6,122.,52.9));
#3278 = LINE('',#3279,#3280);
#3279 = CARTESIAN_POINT('',(95.6,122.,2.4));
#3280 = VECTOR('',#3281,1.);
#3281 = DIRECTION('',(0.,0.,1.));
#3282 = ORIENTED_EDGE('',*,*,#3258,.F.);
#3283 = ORIENTED_EDGE('',*,*,#3284,.T.);
#3284 = EDGE_CURVE('',#3061,#3285,#3287,.T.);
#3285 = VERTEX_POINT('',#3286);
#3286 = CARTESIAN_POINT('',(92.,125.6,52.9));
#3287 = LINE('',#3288,#3289);
#3288 = CARTESIAN_POINT('',(92.,125.6,2.4));
#3289 = VECTOR('',#3290,1.);
#3290 = DIRECTION('',(0.,0.,1.));
#3291 = ORIENTED_EDGE('',*,*,#3292,.T.);
#3292 = EDGE_CURVE('',#3285,#3293,#3295,.T.);
#3293 = VERTEX_POINT('',#3294);
#3294 = CARTESIAN_POINT('',(94.545584412272,124.54558441227,
    50.354415587728));
#3295 = ELLIPSE('',#3296,5.091168824543,3.6);
#3296 = AXIS2_PLACEMENT_3D('',#3297,#3298,#3299);
#3297 = CARTESIAN_POINT('',(92.,122.,52.9));
#3298 = DIRECTION('',(-0.707106781187,0.,-0.707106781187));
#3299 = DIRECTION('',(-0.707106781187,0.,0.707106781187));
#3300 = ORIENTED_EDGE('',*,*,#3301,.T.);
#3301 = EDGE_CURVE('',#3293,#3276,#3302,.T.);
#3302 = ELLIPSE('',#3303,5.091168824543,3.6);
#3303 = AXIS2_PLACEMENT_3D('',#3304,#3305,#3306);
#3304 = CARTESIAN_POINT('',(92.,122.,52.9));
#3305 = DIRECTION('',(-1.570092458684E-16,-0.707106781187,
    -0.707106781187));
#3306 = DIRECTION('',(-1.570092458684E-16,-0.707106781187,0.707106781187
    ));
#3307 = CYLINDRICAL_SURFACE('',#3308,3.6);
#3308 = AXIS2_PLACEMENT_3D('',#3309,#3310,#3311);
#3309 = CARTESIAN_POINT('',(92.,122.,2.4));
#3310 = DIRECTION('',(0.,0.,1.));
#3311 = DIRECTION('',(1.,0.,-0.));
#3312 = ADVANCED_FACE('',(#3313),#3338,.T.);
#3313 = FACE_BOUND('',#3314,.T.);
#3314 = EDGE_LOOP('',(#3315,#3316,#3324,#3332));
#3315 = ORIENTED_EDGE('',*,*,#3292,.T.);
#3316 = ORIENTED_EDGE('',*,*,#3317,.F.);
#3317 = EDGE_CURVE('',#3318,#3293,#3320,.T.);
#3318 = VERTEX_POINT('',#3319);
#3319 = CARTESIAN_POINT('',(87.6,117.6,57.3));
#3320 = LINE('',#3321,#3322);
#3321 = CARTESIAN_POINT('',(95.9,125.9,49.));
#3322 = VECTOR('',#3323,1.);
#3323 = DIRECTION('',(0.57735026919,0.57735026919,-0.57735026919));
#3324 = ORIENTED_EDGE('',*,*,#3325,.F.);
#3325 = EDGE_CURVE('',#3326,#3318,#3328,.T.);
#3326 = VERTEX_POINT('',#3327);
#3327 = CARTESIAN_POINT('',(87.6,125.6,57.3));
#3328 = LINE('',#3329,#3330);
#3329 = CARTESIAN_POINT('',(87.6,125.9,57.3));
#3330 = VECTOR('',#3331,1.);
#3331 = DIRECTION('',(-0.,-1.,-0.));
#3332 = ORIENTED_EDGE('',*,*,#3333,.F.);
#3333 = EDGE_CURVE('',#3285,#3326,#3334,.T.);
#3334 = LINE('',#3335,#3336);
#3335 = CARTESIAN_POINT('',(84.175,125.6,60.725));
#3336 = VECTOR('',#3337,1.);
#3337 = DIRECTION('',(-0.707106781187,-0.,0.707106781187));
#3338 = PLANE('',#3339);
#3339 = AXIS2_PLACEMENT_3D('',#3340,#3341,#3342);
#3340 = CARTESIAN_POINT('',(95.9,125.9,49.));
#3341 = DIRECTION('',(-0.707106781187,0.,-0.707106781187));
#3342 = DIRECTION('',(-0.707106781187,-0.,0.707106781187));
#3343 = ADVANCED_FACE('',(#3344,#3387),#3398,.T.);
#3344 = FACE_BOUND('',#3345,.T.);
#3345 = EDGE_LOOP('',(#3346,#3356,#3364,#3372,#3380));
#3346 = ORIENTED_EDGE('',*,*,#3347,.F.);
#3347 = EDGE_CURVE('',#3348,#3350,#3352,.T.);
#3348 = VERTEX_POINT('',#3349);
#3349 = CARTESIAN_POINT('',(87.6,125.6,61.3));
#3350 = VERTEX_POINT('',#3351);
#3351 = CARTESIAN_POINT('',(92.,125.6,61.3));
#3352 = LINE('',#3353,#3354);
#3353 = CARTESIAN_POINT('',(45.,125.6,61.3));
#3354 = VECTOR('',#3355,1.);
#3355 = DIRECTION('',(1.,0.,0.));
#3356 = ORIENTED_EDGE('',*,*,#3357,.T.);
#3357 = EDGE_CURVE('',#3348,#3358,#3360,.T.);
#3358 = VERTEX_POINT('',#3359);
#3359 = CARTESIAN_POINT('',(87.6,117.6,61.3));
#3360 = LINE('',#3361,#3362);
#3361 = CARTESIAN_POINT('',(87.6,125.9,61.3));
#3362 = VECTOR('',#3363,1.);
#3363 = DIRECTION('',(-0.,-1.,-0.));
#3364 = ORIENTED_EDGE('',*,*,#3365,.T.);
#3365 = EDGE_CURVE('',#3358,#3366,#3368,.T.);
#3366 = VERTEX_POINT('',#3367);
#3367 = CARTESIAN_POINT('',(95.6,117.6,61.3));
#3368 = LINE('',#3369,#3370);
#3369 = CARTESIAN_POINT('',(87.6,117.6,61.3));
#3370 = VECTOR('',#3371,1.);
#3371 = DIRECTION('',(1.,-0.,-0.));
#3372 = ORIENTED_EDGE('',*,*,#3373,.F.);
#3373 = EDGE_CURVE('',#3374,#3366,#3376,.T.);
#3374 = VERTEX_POINT('',#3375);
#3375 = CARTESIAN_POINT('',(95.6,122.,61.3));
#3376 = LINE('',#3377,#3378);
#3377 = CARTESIAN_POINT('',(95.6,64.15,61.3));
#3378 = VECTOR('',#3379,1.);
#3379 = DIRECTION('',(0.,-1.,0.));
#3380 = ORIENTED_EDGE('',*,*,#3381,.T.);
#3381 = EDGE_CURVE('',#3374,#3350,#3382,.T.);
#3382 = CIRCLE('',#3383,3.6);
#3383 = AXIS2_PLACEMENT_3D('',#3384,#3385,#3386);
#3384 = CARTESIAN_POINT('',(92.,122.,61.3));
#3385 = DIRECTION('',(0.,0.,1.));
#3386 = DIRECTION('',(1.,0.,-0.));
#3387 = FACE_BOUND('',#3388,.T.);
#3388 = EDGE_LOOP('',(#3389));
#3389 = ORIENTED_EDGE('',*,*,#3390,.F.);
#3390 = EDGE_CURVE('',#3391,#3391,#3393,.T.);
#3391 = VERTEX_POINT('',#3392);
#3392 = CARTESIAN_POINT('',(88.95,121.6,61.3));
#3393 = CIRCLE('',#3394,2.65);
#3394 = AXIS2_PLACEMENT_3D('',#3395,#3396,#3397);
#3395 = CARTESIAN_POINT('',(91.6,121.6,61.3));
#3396 = DIRECTION('',(0.,-0.,1.));
#3397 = DIRECTION('',(-1.,0.,0.));
#3398 = PLANE('',#3399);
#3399 = AXIS2_PLACEMENT_3D('',#3400,#3401,#3402);
#3400 = CARTESIAN_POINT('',(87.6,125.9,61.3));
#3401 = DIRECTION('',(-0.,-0.,1.));
#3402 = DIRECTION('',(1.,-0.,-0.));
#3403 = ADVANCED_FACE('',(#3404),#3427,.F.);
#3404 = FACE_BOUND('',#3405,.F.);
#3405 = EDGE_LOOP('',(#3406,#3414,#3420,#3426));
#3406 = ORIENTED_EDGE('',*,*,#3407,.F.);
#3407 = EDGE_CURVE('',#3408,#3366,#3410,.T.);
#3408 = VERTEX_POINT('',#3409);
#3409 = CARTESIAN_POINT('',(95.6,117.6,57.3));
#3410 = LINE('',#3411,#3412);
#3411 = CARTESIAN_POINT('',(95.6,117.6,29.382753429038));
#3412 = VECTOR('',#3413,1.);
#3413 = DIRECTION('',(0.,0.,1.));
#3414 = ORIENTED_EDGE('',*,*,#3415,.T.);
#3415 = EDGE_CURVE('',#3408,#3318,#3416,.T.);
#3416 = LINE('',#3417,#3418);
#3417 = CARTESIAN_POINT('',(95.9,117.6,57.3));
#3418 = VECTOR('',#3419,1.);
#3419 = DIRECTION('',(-1.,-2.22044604925E-16,-0.));
#3420 = ORIENTED_EDGE('',*,*,#3421,.T.);
#3421 = EDGE_CURVE('',#3318,#3358,#3422,.T.);
#3422 = LINE('',#3423,#3424);
#3423 = CARTESIAN_POINT('',(87.6,117.6,57.3));
#3424 = VECTOR('',#3425,1.);
#3425 = DIRECTION('',(-0.,-0.,1.));
#3426 = ORIENTED_EDGE('',*,*,#3365,.T.);
#3427 = PLANE('',#3428);
#3428 = AXIS2_PLACEMENT_3D('',#3429,#3430,#3431);
#3429 = CARTESIAN_POINT('',(92.697906489164,117.6,56.365506858076));
#3430 = DIRECTION('',(0.,1.,-0.));
#3431 = DIRECTION('',(-0.,0.,-1.));
#3432 = ADVANCED_FACE('',(#3433),#3444,.T.);
#3433 = FACE_BOUND('',#3434,.T.);
#3434 = EDGE_LOOP('',(#3435,#3441,#3442,#3443));
#3435 = ORIENTED_EDGE('',*,*,#3436,.F.);
#3436 = EDGE_CURVE('',#3326,#3348,#3437,.T.);
#3437 = LINE('',#3438,#3439);
#3438 = CARTESIAN_POINT('',(87.6,125.6,29.85));
#3439 = VECTOR('',#3440,1.);
#3440 = DIRECTION('',(-0.,-0.,1.));
#3441 = ORIENTED_EDGE('',*,*,#3325,.T.);
#3442 = ORIENTED_EDGE('',*,*,#3421,.T.);
#3443 = ORIENTED_EDGE('',*,*,#3357,.F.);
#3444 = PLANE('',#3445);
#3445 = AXIS2_PLACEMENT_3D('',#3446,#3447,#3448);
#3446 = CARTESIAN_POINT('',(87.6,125.9,57.3));
#3447 = DIRECTION('',(-1.,0.,-0.));
#3448 = DIRECTION('',(-0.,-0.,1.));
#3449 = ADVANCED_FACE('',(#3450),#3461,.T.);
#3450 = FACE_BOUND('',#3451,.F.);
#3451 = EDGE_LOOP('',(#3452,#3453,#3454,#3455));
#3452 = ORIENTED_EDGE('',*,*,#3301,.F.);
#3453 = ORIENTED_EDGE('',*,*,#3317,.F.);
#3454 = ORIENTED_EDGE('',*,*,#3415,.F.);
#3455 = ORIENTED_EDGE('',*,*,#3456,.F.);
#3456 = EDGE_CURVE('',#3276,#3408,#3457,.T.);
#3457 = LINE('',#3458,#3459);
#3458 = CARTESIAN_POINT('',(95.6,106.675,68.225));
#3459 = VECTOR('',#3460,1.);
#3460 = DIRECTION('',(0.,-0.707106781187,0.707106781187));
#3461 = PLANE('',#3462);
#3462 = AXIS2_PLACEMENT_3D('',#3463,#3464,#3465);
#3463 = CARTESIAN_POINT('',(95.9,125.9,49.));
#3464 = DIRECTION('',(-1.570092458684E-16,-0.707106781187,
    -0.707106781187));
#3465 = DIRECTION('',(1.570092458684E-16,0.707106781187,-0.707106781187)
  );
#3466 = ADVANCED_FACE('',(#3467),#3486,.F.);
#3467 = FACE_BOUND('',#3468,.F.);
#3468 = EDGE_LOOP('',(#3469,#3470,#3478,#3485));
#3469 = ORIENTED_EDGE('',*,*,#3390,.F.);
#3470 = ORIENTED_EDGE('',*,*,#3471,.F.);
#3471 = EDGE_CURVE('',#3472,#3391,#3474,.T.);
#3472 = VERTEX_POINT('',#3473);
#3473 = CARTESIAN_POINT('',(88.95,121.6,58.));
#3474 = LINE('',#3475,#3476);
#3475 = CARTESIAN_POINT('',(88.95,121.6,58.));
#3476 = VECTOR('',#3477,1.);
#3477 = DIRECTION('',(-0.,-0.,1.));
#3478 = ORIENTED_EDGE('',*,*,#3479,.T.);
#3479 = EDGE_CURVE('',#3472,#3472,#3480,.T.);
#3480 = CIRCLE('',#3481,2.65);
#3481 = AXIS2_PLACEMENT_3D('',#3482,#3483,#3484);
#3482 = CARTESIAN_POINT('',(91.6,121.6,58.));
#3483 = DIRECTION('',(-0.,0.,1.));
#3484 = DIRECTION('',(-1.,0.,-0.));
#3485 = ORIENTED_EDGE('',*,*,#3471,.T.);
#3486 = CYLINDRICAL_SURFACE('',#3487,2.65);
#3487 = AXIS2_PLACEMENT_3D('',#3488,#3489,#3490);
#3488 = CARTESIAN_POINT('',(91.6,121.6,58.));
#3489 = DIRECTION('',(-0.,-0.,1.));
#3490 = DIRECTION('',(-1.,0.,-0.));
#3491 = ADVANCED_FACE('',(#3492),#3511,.T.);
#3492 = FACE_BOUND('',#3493,.T.);
#3493 = EDGE_LOOP('',(#3494,#3502,#3509,#3510));
#3494 = ORIENTED_EDGE('',*,*,#3495,.T.);
#3495 = EDGE_CURVE('',#2670,#3496,#3498,.T.);
#3496 = VERTEX_POINT('',#3497);
#3497 = CARTESIAN_POINT('',(11.4,47.,8.4));
#3498 = LINE('',#3499,#3500);
#3499 = CARTESIAN_POINT('',(11.4,47.,2.3));
#3500 = VECTOR('',#3501,1.);
#3501 = DIRECTION('',(0.,0.,1.));
#3502 = ORIENTED_EDGE('',*,*,#3503,.F.);
#3503 = EDGE_CURVE('',#3496,#3496,#3504,.T.);
#3504 = CIRCLE('',#3505,3.5);
#3505 = AXIS2_PLACEMENT_3D('',#3506,#3507,#3508);
#3506 = CARTESIAN_POINT('',(7.9,47.,8.4));
#3507 = DIRECTION('',(0.,0.,1.));
#3508 = DIRECTION('',(1.,0.,-0.));
#3509 = ORIENTED_EDGE('',*,*,#3495,.F.);
#3510 = ORIENTED_EDGE('',*,*,#2669,.T.);
#3511 = CYLINDRICAL_SURFACE('',#3512,3.5);
#3512 = AXIS2_PLACEMENT_3D('',#3513,#3514,#3515);
#3513 = CARTESIAN_POINT('',(7.9,47.,2.3));
#3514 = DIRECTION('',(0.,0.,1.));
#3515 = DIRECTION('',(1.,0.,-0.));
#3516 = ADVANCED_FACE('',(#3517),#3536,.T.);
#3517 = FACE_BOUND('',#3518,.T.);
#3518 = EDGE_LOOP('',(#3519,#3527,#3534,#3535));
#3519 = ORIENTED_EDGE('',*,*,#3520,.T.);
#3520 = EDGE_CURVE('',#2681,#3521,#3523,.T.);
#3521 = VERTEX_POINT('',#3522);
#3522 = CARTESIAN_POINT('',(93.4,47.,8.4));
#3523 = LINE('',#3524,#3525);
#3524 = CARTESIAN_POINT('',(93.4,47.,2.3));
#3525 = VECTOR('',#3526,1.);
#3526 = DIRECTION('',(0.,0.,1.));
#3527 = ORIENTED_EDGE('',*,*,#3528,.F.);
#3528 = EDGE_CURVE('',#3521,#3521,#3529,.T.);
#3529 = CIRCLE('',#3530,3.5);
#3530 = AXIS2_PLACEMENT_3D('',#3531,#3532,#3533);
#3531 = CARTESIAN_POINT('',(89.9,47.,8.4));
#3532 = DIRECTION('',(0.,0.,1.));
#3533 = DIRECTION('',(1.,0.,-0.));
#3534 = ORIENTED_EDGE('',*,*,#3520,.F.);
#3535 = ORIENTED_EDGE('',*,*,#2680,.T.);
#3536 = CYLINDRICAL_SURFACE('',#3537,3.5);
#3537 = AXIS2_PLACEMENT_3D('',#3538,#3539,#3540);
#3538 = CARTESIAN_POINT('',(89.9,47.,2.3));
#3539 = DIRECTION('',(0.,0.,1.));
#3540 = DIRECTION('',(1.,0.,-0.));
#3541 = ADVANCED_FACE('',(#3542),#3561,.T.);
#3542 = FACE_BOUND('',#3543,.T.);
#3543 = EDGE_LOOP('',(#3544,#3552,#3559,#3560));
#3544 = ORIENTED_EDGE('',*,*,#3545,.T.);
#3545 = EDGE_CURVE('',#2692,#3546,#3548,.T.);
#3546 = VERTEX_POINT('',#3547);
#3547 = CARTESIAN_POINT('',(11.4,105.,8.4));
#3548 = LINE('',#3549,#3550);
#3549 = CARTESIAN_POINT('',(11.4,105.,2.3));
#3550 = VECTOR('',#3551,1.);
#3551 = DIRECTION('',(0.,0.,1.));
#3552 = ORIENTED_EDGE('',*,*,#3553,.F.);
#3553 = EDGE_CURVE('',#3546,#3546,#3554,.T.);
#3554 = CIRCLE('',#3555,3.5);
#3555 = AXIS2_PLACEMENT_3D('',#3556,#3557,#3558);
#3556 = CARTESIAN_POINT('',(7.9,105.,8.4));
#3557 = DIRECTION('',(0.,0.,1.));
#3558 = DIRECTION('',(1.,0.,-0.));
#3559 = ORIENTED_EDGE('',*,*,#3545,.F.);
#3560 = ORIENTED_EDGE('',*,*,#2691,.T.);
#3561 = CYLINDRICAL_SURFACE('',#3562,3.5);
#3562 = AXIS2_PLACEMENT_3D('',#3563,#3564,#3565);
#3563 = CARTESIAN_POINT('',(7.9,105.,2.3));
#3564 = DIRECTION('',(0.,0.,1.));
#3565 = DIRECTION('',(1.,0.,-0.));
#3566 = ADVANCED_FACE('',(#3567),#3586,.T.);
#3567 = FACE_BOUND('',#3568,.T.);
#3568 = EDGE_LOOP('',(#3569,#3577,#3584,#3585));
#3569 = ORIENTED_EDGE('',*,*,#3570,.T.);
#3570 = EDGE_CURVE('',#2703,#3571,#3573,.T.);
#3571 = VERTEX_POINT('',#3572);
#3572 = CARTESIAN_POINT('',(93.4,105.,8.4));
#3573 = LINE('',#3574,#3575);
#3574 = CARTESIAN_POINT('',(93.4,105.,2.3));
#3575 = VECTOR('',#3576,1.);
#3576 = DIRECTION('',(0.,0.,1.));
#3577 = ORIENTED_EDGE('',*,*,#3578,.F.);
#3578 = EDGE_CURVE('',#3571,#3571,#3579,.T.);
#3579 = CIRCLE('',#3580,3.5);
#3580 = AXIS2_PLACEMENT_3D('',#3581,#3582,#3583);
#3581 = CARTESIAN_POINT('',(89.9,105.,8.4));
#3582 = DIRECTION('',(0.,0.,1.));
#3583 = DIRECTION('',(1.,0.,-0.));
#3584 = ORIENTED_EDGE('',*,*,#3570,.F.);
#3585 = ORIENTED_EDGE('',*,*,#2702,.T.);
#3586 = CYLINDRICAL_SURFACE('',#3587,3.5);
#3587 = AXIS2_PLACEMENT_3D('',#3588,#3589,#3590);
#3588 = CARTESIAN_POINT('',(89.9,105.,2.3));
#3589 = DIRECTION('',(0.,0.,1.));
#3590 = DIRECTION('',(1.,0.,-0.));
#3591 = ADVANCED_FACE('',(#3592),#3608,.T.);
#3592 = FACE_BOUND('',#3593,.T.);
#3593 = EDGE_LOOP('',(#3594,#3595,#3601,#3602));
#3594 = ORIENTED_EDGE('',*,*,#2882,.F.);
#3595 = ORIENTED_EDGE('',*,*,#3596,.T.);
#3596 = EDGE_CURVE('',#2866,#2941,#3597,.T.);
#3597 = LINE('',#3598,#3599);
#3598 = CARTESIAN_POINT('',(11.8,0.,60.6));
#3599 = VECTOR('',#3600,1.);
#3600 = DIRECTION('',(1.,0.,-0.));
#3601 = ORIENTED_EDGE('',*,*,#2957,.T.);
#3602 = ORIENTED_EDGE('',*,*,#3603,.F.);
#3603 = EDGE_CURVE('',#2875,#2950,#3604,.T.);
#3604 = LINE('',#3605,#3606);
#3605 = CARTESIAN_POINT('',(11.8,0.8,60.6));
#3606 = VECTOR('',#3607,1.);
#3607 = DIRECTION('',(1.,0.,-0.));
#3608 = PLANE('',#3609);
#3609 = AXIS2_PLACEMENT_3D('',#3610,#3611,#3612);
#3610 = CARTESIAN_POINT('',(11.8,0.,60.6));
#3611 = DIRECTION('',(0.,0.,1.));
#3612 = DIRECTION('',(1.,0.,-0.));
#3613 = ADVANCED_FACE('',(#3614,#3617),#3628,.T.);
#3614 = FACE_BOUND('',#3615,.T.);
#3615 = EDGE_LOOP('',(#3616));
#3616 = ORIENTED_EDGE('',*,*,#3503,.T.);
#3617 = FACE_BOUND('',#3618,.T.);
#3618 = EDGE_LOOP('',(#3619));
#3619 = ORIENTED_EDGE('',*,*,#3620,.F.);
#3620 = EDGE_CURVE('',#3621,#3621,#3623,.T.);
#3621 = VERTEX_POINT('',#3622);
#3622 = CARTESIAN_POINT('',(9.6,47.,8.4));
#3623 = CIRCLE('',#3624,1.7);
#3624 = AXIS2_PLACEMENT_3D('',#3625,#3626,#3627);
#3625 = CARTESIAN_POINT('',(7.9,47.,8.4));
#3626 = DIRECTION('',(0.,0.,1.));
#3627 = DIRECTION('',(1.,0.,-0.));
#3628 = PLANE('',#3629);
#3629 = AXIS2_PLACEMENT_3D('',#3630,#3631,#3632);
#3630 = CARTESIAN_POINT('',(7.9,47.,8.4));
#3631 = DIRECTION('',(0.,0.,1.));
#3632 = DIRECTION('',(1.,0.,-0.));
#3633 = ADVANCED_FACE('',(#3634,#3668,#3679,#3715,#3734,#3745,#3781,
    #3817,#3828,#3873,#3909,#3945,#3981,#4000),#4011,.F.);
#3634 = FACE_BOUND('',#3635,.F.);
#3635 = EDGE_LOOP('',(#3636,#3646,#3654,#3662));
#3636 = ORIENTED_EDGE('',*,*,#3637,.F.);
#3637 = EDGE_CURVE('',#3638,#3640,#3642,.T.);
#3638 = VERTEX_POINT('',#3639);
#3639 = CARTESIAN_POINT('',(-1.110223024625E-16,6.,1.2));
#3640 = VERTEX_POINT('',#3641);
#3641 = CARTESIAN_POINT('',(-2.22044604925E-15,6.,65.));
#3642 = LINE('',#3643,#3644);
#3643 = CARTESIAN_POINT('',(-8.881784197001E-16,6.,0.));
#3644 = VECTOR('',#3645,1.);
#3645 = DIRECTION('',(0.,0.,1.));
#3646 = ORIENTED_EDGE('',*,*,#3647,.T.);
#3647 = EDGE_CURVE('',#3638,#3648,#3650,.T.);
#3648 = VERTEX_POINT('',#3649);
#3649 = CARTESIAN_POINT('',(-1.110223024625E-16,122.,1.2));
#3650 = LINE('',#3651,#3652);
#3651 = CARTESIAN_POINT('',(0.,6.,1.2));
#3652 = VECTOR('',#3653,1.);
#3653 = DIRECTION('',(-0.,1.,0.));
#3654 = ORIENTED_EDGE('',*,*,#3655,.T.);
#3655 = EDGE_CURVE('',#3648,#3656,#3658,.T.);
#3656 = VERTEX_POINT('',#3657);
#3657 = CARTESIAN_POINT('',(-2.22044604925E-15,122.,65.));
#3658 = LINE('',#3659,#3660);
#3659 = CARTESIAN_POINT('',(-8.881784197001E-16,122.,0.));
#3660 = VECTOR('',#3661,1.);
#3661 = DIRECTION('',(0.,0.,1.));
#3662 = ORIENTED_EDGE('',*,*,#3663,.F.);
#3663 = EDGE_CURVE('',#3640,#3656,#3664,.T.);
#3664 = LINE('',#3665,#3666);
#3665 = CARTESIAN_POINT('',(0.,6.,65.));
#3666 = VECTOR('',#3667,1.);
#3667 = DIRECTION('',(-0.,1.,0.));
#3668 = FACE_BOUND('',#3669,.F.);
#3669 = EDGE_LOOP('',(#3670));
#3670 = ORIENTED_EDGE('',*,*,#3671,.F.);
#3671 = EDGE_CURVE('',#3672,#3672,#3674,.T.);
#3672 = VERTEX_POINT('',#3673);
#3673 = CARTESIAN_POINT('',(0.,50.9,32.47));
#3674 = CIRCLE('',#3675,1.7);
#3675 = AXIS2_PLACEMENT_3D('',#3676,#3677,#3678);
#3676 = CARTESIAN_POINT('',(0.,50.9,30.77));
#3677 = DIRECTION('',(1.,0.,0.));
#3678 = DIRECTION('',(-0.,0.,1.));
#3679 = FACE_BOUND('',#3680,.F.);
#3680 = EDGE_LOOP('',(#3681,#3692,#3700,#3709));
#3681 = ORIENTED_EDGE('',*,*,#3682,.F.);
#3682 = EDGE_CURVE('',#3683,#3685,#3687,.T.);
#3683 = VERTEX_POINT('',#3684);
#3684 = CARTESIAN_POINT('',(0.,50.2,51.451733697828));
#3685 = VERTEX_POINT('',#3686);
#3686 = CARTESIAN_POINT('',(0.,48.,53.735970089326));
#3687 = CIRCLE('',#3688,14.25);
#3688 = AXIS2_PLACEMENT_3D('',#3689,#3690,#3691);
#3689 = CARTESIAN_POINT('',(0.,38.9,42.77));
#3690 = DIRECTION('',(1.,0.,0.));
#3691 = DIRECTION('',(-0.,0.,1.));
#3692 = ORIENTED_EDGE('',*,*,#3693,.F.);
#3693 = EDGE_CURVE('',#3694,#3683,#3696,.T.);
#3694 = VERTEX_POINT('',#3695);
#3695 = CARTESIAN_POINT('',(0.,50.2,34.088266302172));
#3696 = LINE('',#3697,#3698);
#3697 = CARTESIAN_POINT('',(0.,50.2,11.385));
#3698 = VECTOR('',#3699,1.);
#3699 = DIRECTION('',(0.,0.,1.));
#3700 = ORIENTED_EDGE('',*,*,#3701,.F.);
#3701 = EDGE_CURVE('',#3702,#3694,#3704,.T.);
#3702 = VERTEX_POINT('',#3703);
#3703 = CARTESIAN_POINT('',(0.,48.,31.804029910674));
#3704 = CIRCLE('',#3705,14.25);
#3705 = AXIS2_PLACEMENT_3D('',#3706,#3707,#3708);
#3706 = CARTESIAN_POINT('',(0.,38.9,42.77));
#3707 = DIRECTION('',(1.,0.,0.));
#3708 = DIRECTION('',(-0.,0.,1.));
#3709 = ORIENTED_EDGE('',*,*,#3710,.T.);
#3710 = EDGE_CURVE('',#3702,#3685,#3711,.T.);
#3711 = LINE('',#3712,#3713);
#3712 = CARTESIAN_POINT('',(0.,48.,11.385));
#3713 = VECTOR('',#3714,1.);
#3714 = DIRECTION('',(0.,0.,1.));
#3715 = FACE_BOUND('',#3716,.F.);
#3716 = EDGE_LOOP('',(#3717,#3728));
#3717 = ORIENTED_EDGE('',*,*,#3718,.F.);
#3718 = EDGE_CURVE('',#3719,#3721,#3723,.T.);
#3719 = VERTEX_POINT('',#3720);
#3720 = CARTESIAN_POINT('',(0.,51.4,35.928033908298));
#3721 = VERTEX_POINT('',#3722);
#3722 = CARTESIAN_POINT('',(0.,51.4,49.611966091702));
#3723 = CIRCLE('',#3724,14.25);
#3724 = AXIS2_PLACEMENT_3D('',#3725,#3726,#3727);
#3725 = CARTESIAN_POINT('',(0.,38.9,42.77));
#3726 = DIRECTION('',(1.,0.,0.));
#3727 = DIRECTION('',(-0.,0.,1.));
#3728 = ORIENTED_EDGE('',*,*,#3729,.T.);
#3729 = EDGE_CURVE('',#3719,#3721,#3730,.T.);
#3730 = LINE('',#3731,#3732);
#3731 = CARTESIAN_POINT('',(0.,51.4,11.385));
#3732 = VECTOR('',#3733,1.);
#3733 = DIRECTION('',(0.,0.,1.));
#3734 = FACE_BOUND('',#3735,.F.);
#3735 = EDGE_LOOP('',(#3736));
#3736 = ORIENTED_EDGE('',*,*,#3737,.F.);
#3737 = EDGE_CURVE('',#3738,#3738,#3740,.T.);
#3738 = VERTEX_POINT('',#3739);
#3739 = CARTESIAN_POINT('',(0.,50.9,56.47));
#3740 = CIRCLE('',#3741,1.7);
#3741 = AXIS2_PLACEMENT_3D('',#3742,#3743,#3744);
#3742 = CARTESIAN_POINT('',(0.,50.9,54.77));
#3743 = DIRECTION('',(1.,0.,0.));
#3744 = DIRECTION('',(-0.,0.,1.));
#3745 = FACE_BOUND('',#3746,.F.);
#3746 = EDGE_LOOP('',(#3747,#3758,#3766,#3775));
#3747 = ORIENTED_EDGE('',*,*,#3748,.F.);
#3748 = EDGE_CURVE('',#3749,#3751,#3753,.T.);
#3749 = VERTEX_POINT('',#3750);
#3750 = CARTESIAN_POINT('',(0.,46.8,54.629700670759));
#3751 = VERTEX_POINT('',#3752);
#3752 = CARTESIAN_POINT('',(0.,44.6,55.830340730624));
#3753 = CIRCLE('',#3754,14.25);
#3754 = AXIS2_PLACEMENT_3D('',#3755,#3756,#3757);
#3755 = CARTESIAN_POINT('',(0.,38.9,42.77));
#3756 = DIRECTION('',(1.,0.,0.));
#3757 = DIRECTION('',(-0.,0.,1.));
#3758 = ORIENTED_EDGE('',*,*,#3759,.F.);
#3759 = EDGE_CURVE('',#3760,#3749,#3762,.T.);
#3760 = VERTEX_POINT('',#3761);
#3761 = CARTESIAN_POINT('',(0.,46.8,30.910299329241));
#3762 = LINE('',#3763,#3764);
#3763 = CARTESIAN_POINT('',(0.,46.8,11.385));
#3764 = VECTOR('',#3765,1.);
#3765 = DIRECTION('',(0.,0.,1.));
#3766 = ORIENTED_EDGE('',*,*,#3767,.F.);
#3767 = EDGE_CURVE('',#3768,#3760,#3770,.T.);
#3768 = VERTEX_POINT('',#3769);
#3769 = CARTESIAN_POINT('',(0.,44.6,29.709659269376));
#3770 = CIRCLE('',#3771,14.25);
#3771 = AXIS2_PLACEMENT_3D('',#3772,#3773,#3774);
#3772 = CARTESIAN_POINT('',(0.,38.9,42.77));
#3773 = DIRECTION('',(1.,0.,0.));
#3774 = DIRECTION('',(-0.,0.,1.));
#3775 = ORIENTED_EDGE('',*,*,#3776,.T.);
#3776 = EDGE_CURVE('',#3768,#3751,#3777,.T.);
#3777 = LINE('',#3778,#3779);
#3778 = CARTESIAN_POINT('',(0.,44.6,11.385));
#3779 = VECTOR('',#3780,1.);
#3780 = DIRECTION('',(0.,0.,1.));
#3781 = FACE_BOUND('',#3782,.F.);
#3782 = EDGE_LOOP('',(#3783,#3794,#3802,#3811));
#3783 = ORIENTED_EDGE('',*,*,#3784,.F.);
#3784 = EDGE_CURVE('',#3785,#3787,#3789,.T.);
#3785 = VERTEX_POINT('',#3786);
#3786 = CARTESIAN_POINT('',(0.,43.4,56.29081728299));
#3787 = VERTEX_POINT('',#3788);
#3788 = CARTESIAN_POINT('',(0.,41.2,56.833161095572));
#3789 = CIRCLE('',#3790,14.25);
#3790 = AXIS2_PLACEMENT_3D('',#3791,#3792,#3793);
#3791 = CARTESIAN_POINT('',(0.,38.9,42.77));
#3792 = DIRECTION('',(1.,0.,0.));
#3793 = DIRECTION('',(-0.,0.,1.));
#3794 = ORIENTED_EDGE('',*,*,#3795,.F.);
#3795 = EDGE_CURVE('',#3796,#3785,#3798,.T.);
#3796 = VERTEX_POINT('',#3797);
#3797 = CARTESIAN_POINT('',(0.,43.4,29.24918271701));
#3798 = LINE('',#3799,#3800);
#3799 = CARTESIAN_POINT('',(0.,43.4,11.385));
#3800 = VECTOR('',#3801,1.);
#3801 = DIRECTION('',(0.,0.,1.));
#3802 = ORIENTED_EDGE('',*,*,#3803,.F.);
#3803 = EDGE_CURVE('',#3804,#3796,#3806,.T.);
#3804 = VERTEX_POINT('',#3805);
#3805 = CARTESIAN_POINT('',(0.,41.2,28.706838904428));
#3806 = CIRCLE('',#3807,14.25);
#3807 = AXIS2_PLACEMENT_3D('',#3808,#3809,#3810);
#3808 = CARTESIAN_POINT('',(0.,38.9,42.77));
#3809 = DIRECTION('',(1.,0.,0.));
#3810 = DIRECTION('',(-0.,0.,1.));
#3811 = ORIENTED_EDGE('',*,*,#3812,.T.);
#3812 = EDGE_CURVE('',#3804,#3787,#3813,.T.);
#3813 = LINE('',#3814,#3815);
#3814 = CARTESIAN_POINT('',(0.,41.2,11.385));
#3815 = VECTOR('',#3816,1.);
#3816 = DIRECTION('',(0.,0.,1.));
#3817 = FACE_BOUND('',#3818,.F.);
#3818 = EDGE_LOOP('',(#3819));
#3819 = ORIENTED_EDGE('',*,*,#3820,.F.);
#3820 = EDGE_CURVE('',#3821,#3821,#3823,.T.);
#3821 = VERTEX_POINT('',#3822);
#3822 = CARTESIAN_POINT('',(0.,26.9,32.47));
#3823 = CIRCLE('',#3824,1.7);
#3824 = AXIS2_PLACEMENT_3D('',#3825,#3826,#3827);
#3825 = CARTESIAN_POINT('',(0.,26.9,30.77));
#3826 = DIRECTION('',(1.,0.,0.));
#3827 = DIRECTION('',(-0.,0.,1.));
#3828 = FACE_BOUND('',#3829,.F.);
#3829 = EDGE_LOOP('',(#3830,#3841,#3849,#3858,#3866));
#3830 = ORIENTED_EDGE('',*,*,#3831,.F.);
#3831 = EDGE_CURVE('',#3832,#3834,#3836,.T.);
#3832 = VERTEX_POINT('',#3833);
#3833 = CARTESIAN_POINT('',(0.,40.,56.977480424058));
#3834 = VERTEX_POINT('',#3835);
#3835 = CARTESIAN_POINT('',(0.,38.9,57.02));
#3836 = CIRCLE('',#3837,14.25);
#3837 = AXIS2_PLACEMENT_3D('',#3838,#3839,#3840);
#3838 = CARTESIAN_POINT('',(0.,38.9,42.77));
#3839 = DIRECTION('',(1.,0.,0.));
#3840 = DIRECTION('',(-0.,0.,1.));
#3841 = ORIENTED_EDGE('',*,*,#3842,.F.);
#3842 = EDGE_CURVE('',#3843,#3832,#3845,.T.);
#3843 = VERTEX_POINT('',#3844);
#3844 = CARTESIAN_POINT('',(0.,40.,28.562519575942));
#3845 = LINE('',#3846,#3847);
#3846 = CARTESIAN_POINT('',(0.,40.,11.385));
#3847 = VECTOR('',#3848,1.);
#3848 = DIRECTION('',(0.,0.,1.));
#3849 = ORIENTED_EDGE('',*,*,#3850,.F.);
#3850 = EDGE_CURVE('',#3851,#3843,#3853,.T.);
#3851 = VERTEX_POINT('',#3852);
#3852 = CARTESIAN_POINT('',(0.,37.8,28.562519575942));
#3853 = CIRCLE('',#3854,14.25);
#3854 = AXIS2_PLACEMENT_3D('',#3855,#3856,#3857);
#3855 = CARTESIAN_POINT('',(0.,38.9,42.77));
#3856 = DIRECTION('',(1.,0.,0.));
#3857 = DIRECTION('',(-0.,0.,1.));
#3858 = ORIENTED_EDGE('',*,*,#3859,.T.);
#3859 = EDGE_CURVE('',#3851,#3860,#3862,.T.);
#3860 = VERTEX_POINT('',#3861);
#3861 = CARTESIAN_POINT('',(0.,37.8,56.977480424058));
#3862 = LINE('',#3863,#3864);
#3863 = CARTESIAN_POINT('',(0.,37.8,11.385));
#3864 = VECTOR('',#3865,1.);
#3865 = DIRECTION('',(0.,0.,1.));
#3866 = ORIENTED_EDGE('',*,*,#3867,.F.);
#3867 = EDGE_CURVE('',#3834,#3860,#3868,.T.);
#3868 = CIRCLE('',#3869,14.25);
#3869 = AXIS2_PLACEMENT_3D('',#3870,#3871,#3872);
#3870 = CARTESIAN_POINT('',(0.,38.9,42.77));
#3871 = DIRECTION('',(1.,0.,0.));
#3872 = DIRECTION('',(-0.,0.,1.));
#3873 = FACE_BOUND('',#3874,.F.);
#3874 = EDGE_LOOP('',(#3875,#3886,#3894,#3903));
#3875 = ORIENTED_EDGE('',*,*,#3876,.F.);
#3876 = EDGE_CURVE('',#3877,#3879,#3881,.T.);
#3877 = VERTEX_POINT('',#3878);
#3878 = CARTESIAN_POINT('',(0.,36.6,56.833161095572));
#3879 = VERTEX_POINT('',#3880);
#3880 = CARTESIAN_POINT('',(0.,34.4,56.29081728299));
#3881 = CIRCLE('',#3882,14.25);
#3882 = AXIS2_PLACEMENT_3D('',#3883,#3884,#3885);
#3883 = CARTESIAN_POINT('',(0.,38.9,42.77));
#3884 = DIRECTION('',(1.,0.,0.));
#3885 = DIRECTION('',(-0.,0.,1.));
#3886 = ORIENTED_EDGE('',*,*,#3887,.F.);
#3887 = EDGE_CURVE('',#3888,#3877,#3890,.T.);
#3888 = VERTEX_POINT('',#3889);
#3889 = CARTESIAN_POINT('',(0.,36.6,28.706838904428));
#3890 = LINE('',#3891,#3892);
#3891 = CARTESIAN_POINT('',(0.,36.6,11.385));
#3892 = VECTOR('',#3893,1.);
#3893 = DIRECTION('',(0.,0.,1.));
#3894 = ORIENTED_EDGE('',*,*,#3895,.F.);
#3895 = EDGE_CURVE('',#3896,#3888,#3898,.T.);
#3896 = VERTEX_POINT('',#3897);
#3897 = CARTESIAN_POINT('',(0.,34.4,29.24918271701));
#3898 = CIRCLE('',#3899,14.25);
#3899 = AXIS2_PLACEMENT_3D('',#3900,#3901,#3902);
#3900 = CARTESIAN_POINT('',(0.,38.9,42.77));
#3901 = DIRECTION('',(1.,0.,0.));
#3902 = DIRECTION('',(-0.,0.,1.));
#3903 = ORIENTED_EDGE('',*,*,#3904,.T.);
#3904 = EDGE_CURVE('',#3896,#3879,#3905,.T.);
#3905 = LINE('',#3906,#3907);
#3906 = CARTESIAN_POINT('',(0.,34.4,11.385));
#3907 = VECTOR('',#3908,1.);
#3908 = DIRECTION('',(0.,0.,1.));
#3909 = FACE_BOUND('',#3910,.F.);
#3910 = EDGE_LOOP('',(#3911,#3922,#3930,#3939));
#3911 = ORIENTED_EDGE('',*,*,#3912,.F.);
#3912 = EDGE_CURVE('',#3913,#3915,#3917,.T.);
#3913 = VERTEX_POINT('',#3914);
#3914 = CARTESIAN_POINT('',(0.,33.2,55.830340730624));
#3915 = VERTEX_POINT('',#3916);
#3916 = CARTESIAN_POINT('',(0.,31.,54.629700670759));
#3917 = CIRCLE('',#3918,14.25);
#3918 = AXIS2_PLACEMENT_3D('',#3919,#3920,#3921);
#3919 = CARTESIAN_POINT('',(0.,38.9,42.77));
#3920 = DIRECTION('',(1.,0.,0.));
#3921 = DIRECTION('',(-0.,0.,1.));
#3922 = ORIENTED_EDGE('',*,*,#3923,.F.);
#3923 = EDGE_CURVE('',#3924,#3913,#3926,.T.);
#3924 = VERTEX_POINT('',#3925);
#3925 = CARTESIAN_POINT('',(0.,33.2,29.709659269376));
#3926 = LINE('',#3927,#3928);
#3927 = CARTESIAN_POINT('',(0.,33.2,11.385));
#3928 = VECTOR('',#3929,1.);
#3929 = DIRECTION('',(0.,0.,1.));
#3930 = ORIENTED_EDGE('',*,*,#3931,.F.);
#3931 = EDGE_CURVE('',#3932,#3924,#3934,.T.);
#3932 = VERTEX_POINT('',#3933);
#3933 = CARTESIAN_POINT('',(0.,31.,30.910299329241));
#3934 = CIRCLE('',#3935,14.25);
#3935 = AXIS2_PLACEMENT_3D('',#3936,#3937,#3938);
#3936 = CARTESIAN_POINT('',(0.,38.9,42.77));
#3937 = DIRECTION('',(1.,0.,0.));
#3938 = DIRECTION('',(-0.,0.,1.));
#3939 = ORIENTED_EDGE('',*,*,#3940,.T.);
#3940 = EDGE_CURVE('',#3932,#3915,#3941,.T.);
#3941 = LINE('',#3942,#3943);
#3942 = CARTESIAN_POINT('',(0.,31.,11.385));
#3943 = VECTOR('',#3944,1.);
#3944 = DIRECTION('',(0.,0.,1.));
#3945 = FACE_BOUND('',#3946,.F.);
#3946 = EDGE_LOOP('',(#3947,#3958,#3966,#3975));
#3947 = ORIENTED_EDGE('',*,*,#3948,.F.);
#3948 = EDGE_CURVE('',#3949,#3951,#3953,.T.);
#3949 = VERTEX_POINT('',#3950);
#3950 = CARTESIAN_POINT('',(0.,29.8,53.735970089326));
#3951 = VERTEX_POINT('',#3952);
#3952 = CARTESIAN_POINT('',(0.,27.6,51.451733697828));
#3953 = CIRCLE('',#3954,14.25);
#3954 = AXIS2_PLACEMENT_3D('',#3955,#3956,#3957);
#3955 = CARTESIAN_POINT('',(0.,38.9,42.77));
#3956 = DIRECTION('',(1.,0.,0.));
#3957 = DIRECTION('',(-0.,0.,1.));
#3958 = ORIENTED_EDGE('',*,*,#3959,.F.);
#3959 = EDGE_CURVE('',#3960,#3949,#3962,.T.);
#3960 = VERTEX_POINT('',#3961);
#3961 = CARTESIAN_POINT('',(0.,29.8,31.804029910674));
#3962 = LINE('',#3963,#3964);
#3963 = CARTESIAN_POINT('',(0.,29.8,11.385));
#3964 = VECTOR('',#3965,1.);
#3965 = DIRECTION('',(0.,0.,1.));
#3966 = ORIENTED_EDGE('',*,*,#3967,.F.);
#3967 = EDGE_CURVE('',#3968,#3960,#3970,.T.);
#3968 = VERTEX_POINT('',#3969);
#3969 = CARTESIAN_POINT('',(0.,27.6,34.088266302172));
#3970 = CIRCLE('',#3971,14.25);
#3971 = AXIS2_PLACEMENT_3D('',#3972,#3973,#3974);
#3972 = CARTESIAN_POINT('',(0.,38.9,42.77));
#3973 = DIRECTION('',(1.,0.,0.));
#3974 = DIRECTION('',(-0.,0.,1.));
#3975 = ORIENTED_EDGE('',*,*,#3976,.T.);
#3976 = EDGE_CURVE('',#3968,#3951,#3977,.T.);
#3977 = LINE('',#3978,#3979);
#3978 = CARTESIAN_POINT('',(0.,27.6,11.385));
#3979 = VECTOR('',#3980,1.);
#3980 = DIRECTION('',(0.,0.,1.));
#3981 = FACE_BOUND('',#3982,.F.);
#3982 = EDGE_LOOP('',(#3983,#3994));
#3983 = ORIENTED_EDGE('',*,*,#3984,.F.);
#3984 = EDGE_CURVE('',#3985,#3987,#3989,.T.);
#3985 = VERTEX_POINT('',#3986);
#3986 = CARTESIAN_POINT('',(0.,26.4,49.611966091702));
#3987 = VERTEX_POINT('',#3988);
#3988 = CARTESIAN_POINT('',(0.,26.4,35.928033908298));
#3989 = CIRCLE('',#3990,14.25);
#3990 = AXIS2_PLACEMENT_3D('',#3991,#3992,#3993);
#3991 = CARTESIAN_POINT('',(0.,38.9,42.77));
#3992 = DIRECTION('',(1.,0.,0.));
#3993 = DIRECTION('',(-0.,0.,1.));
#3994 = ORIENTED_EDGE('',*,*,#3995,.F.);
#3995 = EDGE_CURVE('',#3987,#3985,#3996,.T.);
#3996 = LINE('',#3997,#3998);
#3997 = CARTESIAN_POINT('',(0.,26.4,11.385));
#3998 = VECTOR('',#3999,1.);
#3999 = DIRECTION('',(0.,0.,1.));
#4000 = FACE_BOUND('',#4001,.F.);
#4001 = EDGE_LOOP('',(#4002));
#4002 = ORIENTED_EDGE('',*,*,#4003,.F.);
#4003 = EDGE_CURVE('',#4004,#4004,#4006,.T.);
#4004 = VERTEX_POINT('',#4005);
#4005 = CARTESIAN_POINT('',(0.,26.9,56.47));
#4006 = CIRCLE('',#4007,1.7);
#4007 = AXIS2_PLACEMENT_3D('',#4008,#4009,#4010);
#4008 = CARTESIAN_POINT('',(0.,26.9,54.77));
#4009 = DIRECTION('',(1.,0.,0.));
#4010 = DIRECTION('',(-0.,0.,1.));
#4011 = PLANE('',#4012);
#4012 = AXIS2_PLACEMENT_3D('',#4013,#4014,#4015);
#4013 = CARTESIAN_POINT('',(0.,0.,0.));
#4014 = DIRECTION('',(1.,0.,-0.));
#4015 = DIRECTION('',(0.,0.,1.));
#4016 = ADVANCED_FACE('',(#4017),#4044,.T.);
#4017 = FACE_BOUND('',#4018,.T.);
#4018 = EDGE_LOOP('',(#4019,#4020,#4029,#4037));
#4019 = ORIENTED_EDGE('',*,*,#3637,.F.);
#4020 = ORIENTED_EDGE('',*,*,#4021,.F.);
#4021 = EDGE_CURVE('',#4022,#3638,#4024,.T.);
#4022 = VERTEX_POINT('',#4023);
#4023 = CARTESIAN_POINT('',(6.,-1.110223024625E-16,1.2));
#4024 = CIRCLE('',#4025,6.);
#4025 = AXIS2_PLACEMENT_3D('',#4026,#4027,#4028);
#4026 = CARTESIAN_POINT('',(6.,6.,1.2));
#4027 = DIRECTION('',(-0.,0.,-1.));
#4028 = DIRECTION('',(-2.960594732334E-16,-1.,0.));
#4029 = ORIENTED_EDGE('',*,*,#4030,.T.);
#4030 = EDGE_CURVE('',#4022,#4031,#4033,.T.);
#4031 = VERTEX_POINT('',#4032);
#4032 = CARTESIAN_POINT('',(6.,-2.22044604925E-15,65.));
#4033 = LINE('',#4034,#4035);
#4034 = CARTESIAN_POINT('',(6.,-8.881784197001E-16,0.));
#4035 = VECTOR('',#4036,1.);
#4036 = DIRECTION('',(0.,0.,1.));
#4037 = ORIENTED_EDGE('',*,*,#4038,.T.);
#4038 = EDGE_CURVE('',#4031,#3640,#4039,.T.);
#4039 = CIRCLE('',#4040,6.);
#4040 = AXIS2_PLACEMENT_3D('',#4041,#4042,#4043);
#4041 = CARTESIAN_POINT('',(6.,6.,65.));
#4042 = DIRECTION('',(-0.,0.,-1.));
#4043 = DIRECTION('',(-2.960594732334E-16,-1.,0.));
#4044 = CYLINDRICAL_SURFACE('',#4045,6.);
#4045 = AXIS2_PLACEMENT_3D('',#4046,#4047,#4048);
#4046 = CARTESIAN_POINT('',(6.,6.,0.));
#4047 = DIRECTION('',(0.,0.,1.));
#4048 = DIRECTION('',(-1.,-0.,0.));
#4049 = ADVANCED_FACE('',(#4050),#4075,.T.);
#4050 = FACE_BOUND('',#4051,.T.);
#4051 = EDGE_LOOP('',(#4052,#4060,#4061,#4069));
#4052 = ORIENTED_EDGE('',*,*,#4053,.F.);
#4053 = EDGE_CURVE('',#3638,#4054,#4056,.T.);
#4054 = VERTEX_POINT('',#4055);
#4055 = CARTESIAN_POINT('',(1.2,6.,-1.110223024625E-16));
#4056 = LINE('',#4057,#4058);
#4057 = CARTESIAN_POINT('',(0.6,6.,0.6));
#4058 = VECTOR('',#4059,1.);
#4059 = DIRECTION('',(0.707106781187,0.,-0.707106781187));
#4060 = ORIENTED_EDGE('',*,*,#3647,.T.);
#4061 = ORIENTED_EDGE('',*,*,#4062,.T.);
#4062 = EDGE_CURVE('',#3648,#4063,#4065,.T.);
#4063 = VERTEX_POINT('',#4064);
#4064 = CARTESIAN_POINT('',(1.2,122.,-1.110223024625E-16));
#4065 = LINE('',#4066,#4067);
#4066 = CARTESIAN_POINT('',(0.6,122.,0.6));
#4067 = VECTOR('',#4068,1.);
#4068 = DIRECTION('',(0.707106781187,0.,-0.707106781187));
#4069 = ORIENTED_EDGE('',*,*,#4070,.F.);
#4070 = EDGE_CURVE('',#4054,#4063,#4071,.T.);
#4071 = LINE('',#4072,#4073);
#4072 = CARTESIAN_POINT('',(1.2,6.,0.));
#4073 = VECTOR('',#4074,1.);
#4074 = DIRECTION('',(-0.,1.,0.));
#4075 = PLANE('',#4076);
#4076 = AXIS2_PLACEMENT_3D('',#4077,#4078,#4079);
#4077 = CARTESIAN_POINT('',(0.6,6.,0.6));
#4078 = DIRECTION('',(-0.707106781187,0.,-0.707106781187));
#4079 = DIRECTION('',(0.,1.,0.));
#4080 = ADVANCED_FACE('',(#4081,#4134),#4204,.T.);
#4081 = FACE_BOUND('',#4082,.T.);
#4082 = EDGE_LOOP('',(#4083,#4084,#4085,#4093,#4102,#4110,#4119,#4127));
#4083 = ORIENTED_EDGE('',*,*,#3663,.F.);
#4084 = ORIENTED_EDGE('',*,*,#4038,.F.);
#4085 = ORIENTED_EDGE('',*,*,#4086,.F.);
#4086 = EDGE_CURVE('',#4087,#4031,#4089,.T.);
#4087 = VERTEX_POINT('',#4088);
#4088 = CARTESIAN_POINT('',(92.,-8.881784197001E-16,65.));
#4089 = LINE('',#4090,#4091);
#4090 = CARTESIAN_POINT('',(92.,0.,65.));
#4091 = VECTOR('',#4092,1.);
#4092 = DIRECTION('',(-1.,-0.,0.));
#4093 = ORIENTED_EDGE('',*,*,#4094,.F.);
#4094 = EDGE_CURVE('',#4095,#4087,#4097,.T.);
#4095 = VERTEX_POINT('',#4096);
#4096 = CARTESIAN_POINT('',(98.,6.,65.));
#4097 = CIRCLE('',#4098,6.);
#4098 = AXIS2_PLACEMENT_3D('',#4099,#4100,#4101);
#4099 = CARTESIAN_POINT('',(92.,6.,65.));
#4100 = DIRECTION('',(0.,-0.,-1.));
#4101 = DIRECTION('',(1.,1.480297366167E-16,-0.));
#4102 = ORIENTED_EDGE('',*,*,#4103,.F.);
#4103 = EDGE_CURVE('',#4104,#4095,#4106,.T.);
#4104 = VERTEX_POINT('',#4105);
#4105 = CARTESIAN_POINT('',(98.,122.,65.));
#4106 = LINE('',#4107,#4108);
#4107 = CARTESIAN_POINT('',(98.,122.,65.));
#4108 = VECTOR('',#4109,1.);
#4109 = DIRECTION('',(0.,-1.,-0.));
#4110 = ORIENTED_EDGE('',*,*,#4111,.F.);
#4111 = EDGE_CURVE('',#4112,#4104,#4114,.T.);
#4112 = VERTEX_POINT('',#4113);
#4113 = CARTESIAN_POINT('',(92.,128.,65.));
#4114 = CIRCLE('',#4115,6.);
#4115 = AXIS2_PLACEMENT_3D('',#4116,#4117,#4118);
#4116 = CARTESIAN_POINT('',(92.,122.,65.));
#4117 = DIRECTION('',(0.,-0.,-1.));
#4118 = DIRECTION('',(0.,1.,-0.));
#4119 = ORIENTED_EDGE('',*,*,#4120,.F.);
#4120 = EDGE_CURVE('',#4121,#4112,#4123,.T.);
#4121 = VERTEX_POINT('',#4122);
#4122 = CARTESIAN_POINT('',(6.,128.,65.));
#4123 = LINE('',#4124,#4125);
#4124 = CARTESIAN_POINT('',(6.,128.,65.));
#4125 = VECTOR('',#4126,1.);
#4126 = DIRECTION('',(1.,0.,-0.));
#4127 = ORIENTED_EDGE('',*,*,#4128,.F.);
#4128 = EDGE_CURVE('',#3656,#4121,#4129,.T.);
#4129 = CIRCLE('',#4130,6.);
#4130 = AXIS2_PLACEMENT_3D('',#4131,#4132,#4133);
#4131 = CARTESIAN_POINT('',(6.,122.,65.));
#4132 = DIRECTION('',(-0.,0.,-1.));
#4133 = DIRECTION('',(-1.,0.,0.));
#4134 = FACE_BOUND('',#4135,.T.);
#4135 = EDGE_LOOP('',(#4136,#4147,#4155,#4164,#4172,#4181,#4189,#4198));
#4136 = ORIENTED_EDGE('',*,*,#4137,.F.);
#4137 = EDGE_CURVE('',#4138,#4140,#4142,.T.);
#4138 = VERTEX_POINT('',#4139);
#4139 = CARTESIAN_POINT('',(2.4,6.,65.));
#4140 = VERTEX_POINT('',#4141);
#4141 = CARTESIAN_POINT('',(6.,2.4,65.));
#4142 = CIRCLE('',#4143,3.6);
#4143 = AXIS2_PLACEMENT_3D('',#4144,#4145,#4146);
#4144 = CARTESIAN_POINT('',(6.,6.,65.));
#4145 = DIRECTION('',(0.,0.,1.));
#4146 = DIRECTION('',(-1.,-0.,0.));
#4147 = ORIENTED_EDGE('',*,*,#4148,.T.);
#4148 = EDGE_CURVE('',#4138,#4149,#4151,.T.);
#4149 = VERTEX_POINT('',#4150);
#4150 = CARTESIAN_POINT('',(2.4,122.,65.));
#4151 = LINE('',#4152,#4153);
#4152 = CARTESIAN_POINT('',(2.4,0.7,65.));
#4153 = VECTOR('',#4154,1.);
#4154 = DIRECTION('',(-0.,1.,0.));
#4155 = ORIENTED_EDGE('',*,*,#4156,.F.);
#4156 = EDGE_CURVE('',#4157,#4149,#4159,.T.);
#4157 = VERTEX_POINT('',#4158);
#4158 = CARTESIAN_POINT('',(6.,125.6,65.));
#4159 = CIRCLE('',#4160,3.6);
#4160 = AXIS2_PLACEMENT_3D('',#4161,#4162,#4163);
#4161 = CARTESIAN_POINT('',(6.,122.,65.));
#4162 = DIRECTION('',(0.,0.,1.));
#4163 = DIRECTION('',(-1.,-0.,0.));
#4164 = ORIENTED_EDGE('',*,*,#4165,.F.);
#4165 = EDGE_CURVE('',#4166,#4157,#4168,.T.);
#4166 = VERTEX_POINT('',#4167);
#4167 = CARTESIAN_POINT('',(92.,125.6,65.));
#4168 = LINE('',#4169,#4170);
#4169 = CARTESIAN_POINT('',(0.7,125.6,65.));
#4170 = VECTOR('',#4171,1.);
#4171 = DIRECTION('',(-1.,-0.,0.));
#4172 = ORIENTED_EDGE('',*,*,#4173,.F.);
#4173 = EDGE_CURVE('',#4174,#4166,#4176,.T.);
#4174 = VERTEX_POINT('',#4175);
#4175 = CARTESIAN_POINT('',(95.6,122.,65.));
#4176 = CIRCLE('',#4177,3.6);
#4177 = AXIS2_PLACEMENT_3D('',#4178,#4179,#4180);
#4178 = CARTESIAN_POINT('',(92.,122.,65.));
#4179 = DIRECTION('',(0.,0.,1.));
#4180 = DIRECTION('',(1.,0.,-0.));
#4181 = ORIENTED_EDGE('',*,*,#4182,.F.);
#4182 = EDGE_CURVE('',#4183,#4174,#4185,.T.);
#4183 = VERTEX_POINT('',#4184);
#4184 = CARTESIAN_POINT('',(95.6,6.,65.));
#4185 = LINE('',#4186,#4187);
#4186 = CARTESIAN_POINT('',(95.6,0.7,65.));
#4187 = VECTOR('',#4188,1.);
#4188 = DIRECTION('',(-0.,1.,0.));
#4189 = ORIENTED_EDGE('',*,*,#4190,.F.);
#4190 = EDGE_CURVE('',#4191,#4183,#4193,.T.);
#4191 = VERTEX_POINT('',#4192);
#4192 = CARTESIAN_POINT('',(92.,2.4,65.));
#4193 = CIRCLE('',#4194,3.6);
#4194 = AXIS2_PLACEMENT_3D('',#4195,#4196,#4197);
#4195 = CARTESIAN_POINT('',(92.,6.,65.));
#4196 = DIRECTION('',(0.,0.,1.));
#4197 = DIRECTION('',(1.,0.,-0.));
#4198 = ORIENTED_EDGE('',*,*,#4199,.T.);
#4199 = EDGE_CURVE('',#4191,#4140,#4200,.T.);
#4200 = LINE('',#4201,#4202);
#4201 = CARTESIAN_POINT('',(0.7,2.4,65.));
#4202 = VECTOR('',#4203,1.);
#4203 = DIRECTION('',(-1.,-0.,0.));
#4204 = PLANE('',#4205);
#4205 = AXIS2_PLACEMENT_3D('',#4206,#4207,#4208);
#4206 = CARTESIAN_POINT('',(-1.,-1.,65.));
#4207 = DIRECTION('',(0.,0.,1.));
#4208 = DIRECTION('',(1.,0.,-0.));
#4209 = ADVANCED_FACE('',(#4210),#4229,.T.);
#4210 = FACE_BOUND('',#4211,.F.);
#4211 = EDGE_LOOP('',(#4212,#4213,#4222,#4228));
#4212 = ORIENTED_EDGE('',*,*,#3655,.F.);
#4213 = ORIENTED_EDGE('',*,*,#4214,.T.);
#4214 = EDGE_CURVE('',#3648,#4215,#4217,.T.);
#4215 = VERTEX_POINT('',#4216);
#4216 = CARTESIAN_POINT('',(6.,128.,1.2));
#4217 = CIRCLE('',#4218,6.);
#4218 = AXIS2_PLACEMENT_3D('',#4219,#4220,#4221);
#4219 = CARTESIAN_POINT('',(6.,122.,1.2));
#4220 = DIRECTION('',(-0.,0.,-1.));
#4221 = DIRECTION('',(-1.,0.,0.));
#4222 = ORIENTED_EDGE('',*,*,#4223,.T.);
#4223 = EDGE_CURVE('',#4215,#4121,#4224,.T.);
#4224 = LINE('',#4225,#4226);
#4225 = CARTESIAN_POINT('',(6.,128.,0.));
#4226 = VECTOR('',#4227,1.);
#4227 = DIRECTION('',(0.,0.,1.));
#4228 = ORIENTED_EDGE('',*,*,#4128,.F.);
#4229 = CYLINDRICAL_SURFACE('',#4230,6.);
#4230 = AXIS2_PLACEMENT_3D('',#4231,#4232,#4233);
#4231 = CARTESIAN_POINT('',(6.,122.,0.));
#4232 = DIRECTION('',(0.,0.,1.));
#4233 = DIRECTION('',(-1.,-0.,0.));
#4234 = ADVANCED_FACE('',(#4235),#4254,.F.);
#4235 = FACE_BOUND('',#4236,.F.);
#4236 = EDGE_LOOP('',(#4237,#4246,#4252,#4253));
#4237 = ORIENTED_EDGE('',*,*,#4238,.F.);
#4238 = EDGE_CURVE('',#4239,#4239,#4241,.T.);
#4239 = VERTEX_POINT('',#4240);
#4240 = CARTESIAN_POINT('',(2.4,50.9,32.47));
#4241 = CIRCLE('',#4242,1.7);
#4242 = AXIS2_PLACEMENT_3D('',#4243,#4244,#4245);
#4243 = CARTESIAN_POINT('',(2.4,50.9,30.77));
#4244 = DIRECTION('',(1.,0.,0.));
#4245 = DIRECTION('',(-0.,0.,1.));
#4246 = ORIENTED_EDGE('',*,*,#4247,.F.);
#4247 = EDGE_CURVE('',#3672,#4239,#4248,.T.);
#4248 = LINE('',#4249,#4250);
#4249 = CARTESIAN_POINT('',(-1.,50.9,32.47));
#4250 = VECTOR('',#4251,1.);
#4251 = DIRECTION('',(1.,0.,0.));
#4252 = ORIENTED_EDGE('',*,*,#3671,.T.);
#4253 = ORIENTED_EDGE('',*,*,#4247,.T.);
#4254 = CYLINDRICAL_SURFACE('',#4255,1.7);
#4255 = AXIS2_PLACEMENT_3D('',#4256,#4257,#4258);
#4256 = CARTESIAN_POINT('',(-1.,50.9,30.77));
#4257 = DIRECTION('',(1.,0.,0.));
#4258 = DIRECTION('',(-0.,0.,1.));
#4259 = ADVANCED_FACE('',(#4260),#4286,.F.);
#4260 = FACE_BOUND('',#4261,.F.);
#4261 = EDGE_LOOP('',(#4262,#4263,#4271,#4280));
#4262 = ORIENTED_EDGE('',*,*,#3682,.T.);
#4263 = ORIENTED_EDGE('',*,*,#4264,.T.);
#4264 = EDGE_CURVE('',#3685,#4265,#4267,.T.);
#4265 = VERTEX_POINT('',#4266);
#4266 = CARTESIAN_POINT('',(2.4,48.,53.735970089326));
#4267 = LINE('',#4268,#4269);
#4268 = CARTESIAN_POINT('',(-1.,48.,53.735970089326));
#4269 = VECTOR('',#4270,1.);
#4270 = DIRECTION('',(1.,0.,0.));
#4271 = ORIENTED_EDGE('',*,*,#4272,.F.);
#4272 = EDGE_CURVE('',#4273,#4265,#4275,.T.);
#4273 = VERTEX_POINT('',#4274);
#4274 = CARTESIAN_POINT('',(2.4,50.2,51.451733697828));
#4275 = CIRCLE('',#4276,14.25);
#4276 = AXIS2_PLACEMENT_3D('',#4277,#4278,#4279);
#4277 = CARTESIAN_POINT('',(2.4,38.9,42.77));
#4278 = DIRECTION('',(1.,0.,0.));
#4279 = DIRECTION('',(-0.,0.,1.));
#4280 = ORIENTED_EDGE('',*,*,#4281,.F.);
#4281 = EDGE_CURVE('',#3683,#4273,#4282,.T.);
#4282 = LINE('',#4283,#4284);
#4283 = CARTESIAN_POINT('',(-1.,50.2,51.451733697828));
#4284 = VECTOR('',#4285,1.);
#4285 = DIRECTION('',(1.,0.,0.));
#4286 = CYLINDRICAL_SURFACE('',#4287,14.25);
#4287 = AXIS2_PLACEMENT_3D('',#4288,#4289,#4290);
#4288 = CARTESIAN_POINT('',(-1.,38.9,42.77));
#4289 = DIRECTION('',(1.,0.,0.));
#4290 = DIRECTION('',(-0.,0.,1.));
#4291 = ADVANCED_FACE('',(#4292),#4310,.T.);
#4292 = FACE_BOUND('',#4293,.T.);
#4293 = EDGE_LOOP('',(#4294,#4302,#4303,#4304));
#4294 = ORIENTED_EDGE('',*,*,#4295,.F.);
#4295 = EDGE_CURVE('',#3702,#4296,#4298,.T.);
#4296 = VERTEX_POINT('',#4297);
#4297 = CARTESIAN_POINT('',(2.4,48.,31.804029910674));
#4298 = LINE('',#4299,#4300);
#4299 = CARTESIAN_POINT('',(-1.,48.,31.804029910674));
#4300 = VECTOR('',#4301,1.);
#4301 = DIRECTION('',(1.,0.,0.));
#4302 = ORIENTED_EDGE('',*,*,#3710,.T.);
#4303 = ORIENTED_EDGE('',*,*,#4264,.T.);
#4304 = ORIENTED_EDGE('',*,*,#4305,.F.);
#4305 = EDGE_CURVE('',#4296,#4265,#4306,.T.);
#4306 = LINE('',#4307,#4308);
#4307 = CARTESIAN_POINT('',(2.4,48.,12.585));
#4308 = VECTOR('',#4309,1.);
#4309 = DIRECTION('',(0.,0.,1.));
#4310 = PLANE('',#4311);
#4311 = AXIS2_PLACEMENT_3D('',#4312,#4313,#4314);
#4312 = CARTESIAN_POINT('',(-2.,48.,22.77));
#4313 = DIRECTION('',(-0.,1.,0.));
#4314 = DIRECTION('',(0.,0.,1.));
#4315 = ADVANCED_FACE('',(#4316),#4335,.F.);
#4316 = FACE_BOUND('',#4317,.F.);
#4317 = EDGE_LOOP('',(#4318,#4319,#4327,#4334));
#4318 = ORIENTED_EDGE('',*,*,#3701,.T.);
#4319 = ORIENTED_EDGE('',*,*,#4320,.T.);
#4320 = EDGE_CURVE('',#3694,#4321,#4323,.T.);
#4321 = VERTEX_POINT('',#4322);
#4322 = CARTESIAN_POINT('',(2.4,50.2,34.088266302172));
#4323 = LINE('',#4324,#4325);
#4324 = CARTESIAN_POINT('',(-1.,50.2,34.088266302172));
#4325 = VECTOR('',#4326,1.);
#4326 = DIRECTION('',(1.,0.,0.));
#4327 = ORIENTED_EDGE('',*,*,#4328,.F.);
#4328 = EDGE_CURVE('',#4296,#4321,#4329,.T.);
#4329 = CIRCLE('',#4330,14.25);
#4330 = AXIS2_PLACEMENT_3D('',#4331,#4332,#4333);
#4331 = CARTESIAN_POINT('',(2.4,38.9,42.77));
#4332 = DIRECTION('',(1.,0.,0.));
#4333 = DIRECTION('',(-0.,0.,1.));
#4334 = ORIENTED_EDGE('',*,*,#4295,.F.);
#4335 = CYLINDRICAL_SURFACE('',#4336,14.25);
#4336 = AXIS2_PLACEMENT_3D('',#4337,#4338,#4339);
#4337 = CARTESIAN_POINT('',(-1.,38.9,42.77));
#4338 = DIRECTION('',(1.,0.,0.));
#4339 = DIRECTION('',(-0.,0.,1.));
#4340 = ADVANCED_FACE('',(#4341),#4352,.F.);
#4341 = FACE_BOUND('',#4342,.F.);
#4342 = EDGE_LOOP('',(#4343,#4344,#4345,#4346));
#4343 = ORIENTED_EDGE('',*,*,#4320,.F.);
#4344 = ORIENTED_EDGE('',*,*,#3693,.T.);
#4345 = ORIENTED_EDGE('',*,*,#4281,.T.);
#4346 = ORIENTED_EDGE('',*,*,#4347,.F.);
#4347 = EDGE_CURVE('',#4321,#4273,#4348,.T.);
#4348 = LINE('',#4349,#4350);
#4349 = CARTESIAN_POINT('',(2.4,50.2,12.585));
#4350 = VECTOR('',#4351,1.);
#4351 = DIRECTION('',(0.,0.,1.));
#4352 = PLANE('',#4353);
#4353 = AXIS2_PLACEMENT_3D('',#4354,#4355,#4356);
#4354 = CARTESIAN_POINT('',(-2.,50.2,22.77));
#4355 = DIRECTION('',(-0.,1.,0.));
#4356 = DIRECTION('',(0.,0.,1.));
#4357 = ADVANCED_FACE('',(#4358),#4384,.F.);
#4358 = FACE_BOUND('',#4359,.F.);
#4359 = EDGE_LOOP('',(#4360,#4361,#4369,#4378));
#4360 = ORIENTED_EDGE('',*,*,#3718,.T.);
#4361 = ORIENTED_EDGE('',*,*,#4362,.T.);
#4362 = EDGE_CURVE('',#3721,#4363,#4365,.T.);
#4363 = VERTEX_POINT('',#4364);
#4364 = CARTESIAN_POINT('',(2.4,51.4,49.611966091702));
#4365 = LINE('',#4366,#4367);
#4366 = CARTESIAN_POINT('',(-1.,51.4,49.611966091702));
#4367 = VECTOR('',#4368,1.);
#4368 = DIRECTION('',(1.,0.,0.));
#4369 = ORIENTED_EDGE('',*,*,#4370,.F.);
#4370 = EDGE_CURVE('',#4371,#4363,#4373,.T.);
#4371 = VERTEX_POINT('',#4372);
#4372 = CARTESIAN_POINT('',(2.4,51.4,35.928033908298));
#4373 = CIRCLE('',#4374,14.25);
#4374 = AXIS2_PLACEMENT_3D('',#4375,#4376,#4377);
#4375 = CARTESIAN_POINT('',(2.4,38.9,42.77));
#4376 = DIRECTION('',(1.,0.,0.));
#4377 = DIRECTION('',(-0.,0.,1.));
#4378 = ORIENTED_EDGE('',*,*,#4379,.F.);
#4379 = EDGE_CURVE('',#3719,#4371,#4380,.T.);
#4380 = LINE('',#4381,#4382);
#4381 = CARTESIAN_POINT('',(-1.,51.4,35.928033908298));
#4382 = VECTOR('',#4383,1.);
#4383 = DIRECTION('',(1.,0.,0.));
#4384 = CYLINDRICAL_SURFACE('',#4385,14.25);
#4385 = AXIS2_PLACEMENT_3D('',#4386,#4387,#4388);
#4386 = CARTESIAN_POINT('',(-1.,38.9,42.77));
#4387 = DIRECTION('',(1.,0.,0.));
#4388 = DIRECTION('',(-0.,0.,1.));
#4389 = ADVANCED_FACE('',(#4390),#4401,.T.);
#4390 = FACE_BOUND('',#4391,.T.);
#4391 = EDGE_LOOP('',(#4392,#4393,#4394,#4395));
#4392 = ORIENTED_EDGE('',*,*,#4379,.F.);
#4393 = ORIENTED_EDGE('',*,*,#3729,.T.);
#4394 = ORIENTED_EDGE('',*,*,#4362,.T.);
#4395 = ORIENTED_EDGE('',*,*,#4396,.F.);
#4396 = EDGE_CURVE('',#4371,#4363,#4397,.T.);
#4397 = LINE('',#4398,#4399);
#4398 = CARTESIAN_POINT('',(2.4,51.4,12.585));
#4399 = VECTOR('',#4400,1.);
#4400 = DIRECTION('',(0.,0.,1.));
#4401 = PLANE('',#4402);
#4402 = AXIS2_PLACEMENT_3D('',#4403,#4404,#4405);
#4403 = CARTESIAN_POINT('',(-2.,51.4,22.77));
#4404 = DIRECTION('',(-0.,1.,0.));
#4405 = DIRECTION('',(0.,0.,1.));
#4406 = ADVANCED_FACE('',(#4407),#4426,.F.);
#4407 = FACE_BOUND('',#4408,.F.);
#4408 = EDGE_LOOP('',(#4409,#4418,#4424,#4425));
#4409 = ORIENTED_EDGE('',*,*,#4410,.F.);
#4410 = EDGE_CURVE('',#4411,#4411,#4413,.T.);
#4411 = VERTEX_POINT('',#4412);
#4412 = CARTESIAN_POINT('',(2.4,50.9,56.47));
#4413 = CIRCLE('',#4414,1.7);
#4414 = AXIS2_PLACEMENT_3D('',#4415,#4416,#4417);
#4415 = CARTESIAN_POINT('',(2.4,50.9,54.77));
#4416 = DIRECTION('',(1.,0.,0.));
#4417 = DIRECTION('',(-0.,0.,1.));
#4418 = ORIENTED_EDGE('',*,*,#4419,.F.);
#4419 = EDGE_CURVE('',#3738,#4411,#4420,.T.);
#4420 = LINE('',#4421,#4422);
#4421 = CARTESIAN_POINT('',(-1.,50.9,56.47));
#4422 = VECTOR('',#4423,1.);
#4423 = DIRECTION('',(1.,0.,0.));
#4424 = ORIENTED_EDGE('',*,*,#3737,.T.);
#4425 = ORIENTED_EDGE('',*,*,#4419,.T.);
#4426 = CYLINDRICAL_SURFACE('',#4427,1.7);
#4427 = AXIS2_PLACEMENT_3D('',#4428,#4429,#4430);
#4428 = CARTESIAN_POINT('',(-1.,50.9,54.77));
#4429 = DIRECTION('',(1.,0.,0.));
#4430 = DIRECTION('',(-0.,0.,1.));
#4431 = ADVANCED_FACE('',(#4432),#4458,.F.);
#4432 = FACE_BOUND('',#4433,.F.);
#4433 = EDGE_LOOP('',(#4434,#4435,#4443,#4452));
#4434 = ORIENTED_EDGE('',*,*,#3748,.T.);
#4435 = ORIENTED_EDGE('',*,*,#4436,.T.);
#4436 = EDGE_CURVE('',#3751,#4437,#4439,.T.);
#4437 = VERTEX_POINT('',#4438);
#4438 = CARTESIAN_POINT('',(2.4,44.6,55.830340730624));
#4439 = LINE('',#4440,#4441);
#4440 = CARTESIAN_POINT('',(-1.,44.6,55.830340730624));
#4441 = VECTOR('',#4442,1.);
#4442 = DIRECTION('',(1.,0.,0.));
#4443 = ORIENTED_EDGE('',*,*,#4444,.F.);
#4444 = EDGE_CURVE('',#4445,#4437,#4447,.T.);
#4445 = VERTEX_POINT('',#4446);
#4446 = CARTESIAN_POINT('',(2.4,46.8,54.629700670759));
#4447 = CIRCLE('',#4448,14.25);
#4448 = AXIS2_PLACEMENT_3D('',#4449,#4450,#4451);
#4449 = CARTESIAN_POINT('',(2.4,38.9,42.77));
#4450 = DIRECTION('',(1.,0.,0.));
#4451 = DIRECTION('',(-0.,0.,1.));
#4452 = ORIENTED_EDGE('',*,*,#4453,.F.);
#4453 = EDGE_CURVE('',#3749,#4445,#4454,.T.);
#4454 = LINE('',#4455,#4456);
#4455 = CARTESIAN_POINT('',(-1.,46.8,54.629700670759));
#4456 = VECTOR('',#4457,1.);
#4457 = DIRECTION('',(1.,0.,0.));
#4458 = CYLINDRICAL_SURFACE('',#4459,14.25);
#4459 = AXIS2_PLACEMENT_3D('',#4460,#4461,#4462);
#4460 = CARTESIAN_POINT('',(-1.,38.9,42.77));
#4461 = DIRECTION('',(1.,0.,0.));
#4462 = DIRECTION('',(-0.,0.,1.));
#4463 = ADVANCED_FACE('',(#4464),#4482,.T.);
#4464 = FACE_BOUND('',#4465,.T.);
#4465 = EDGE_LOOP('',(#4466,#4474,#4475,#4476));
#4466 = ORIENTED_EDGE('',*,*,#4467,.F.);
#4467 = EDGE_CURVE('',#3768,#4468,#4470,.T.);
#4468 = VERTEX_POINT('',#4469);
#4469 = CARTESIAN_POINT('',(2.4,44.6,29.709659269376));
#4470 = LINE('',#4471,#4472);
#4471 = CARTESIAN_POINT('',(-1.,44.6,29.709659269376));
#4472 = VECTOR('',#4473,1.);
#4473 = DIRECTION('',(1.,0.,0.));
#4474 = ORIENTED_EDGE('',*,*,#3776,.T.);
#4475 = ORIENTED_EDGE('',*,*,#4436,.T.);
#4476 = ORIENTED_EDGE('',*,*,#4477,.F.);
#4477 = EDGE_CURVE('',#4468,#4437,#4478,.T.);
#4478 = LINE('',#4479,#4480);
#4479 = CARTESIAN_POINT('',(2.4,44.6,12.585));
#4480 = VECTOR('',#4481,1.);
#4481 = DIRECTION('',(0.,0.,1.));
#4482 = PLANE('',#4483);
#4483 = AXIS2_PLACEMENT_3D('',#4484,#4485,#4486);
#4484 = CARTESIAN_POINT('',(-2.,44.6,22.77));
#4485 = DIRECTION('',(-0.,1.,0.));
#4486 = DIRECTION('',(0.,0.,1.));
#4487 = ADVANCED_FACE('',(#4488),#4507,.F.);
#4488 = FACE_BOUND('',#4489,.F.);
#4489 = EDGE_LOOP('',(#4490,#4491,#4499,#4506));
#4490 = ORIENTED_EDGE('',*,*,#3767,.T.);
#4491 = ORIENTED_EDGE('',*,*,#4492,.T.);
#4492 = EDGE_CURVE('',#3760,#4493,#4495,.T.);
#4493 = VERTEX_POINT('',#4494);
#4494 = CARTESIAN_POINT('',(2.4,46.8,30.910299329241));
#4495 = LINE('',#4496,#4497);
#4496 = CARTESIAN_POINT('',(-1.,46.8,30.910299329241));
#4497 = VECTOR('',#4498,1.);
#4498 = DIRECTION('',(1.,0.,0.));
#4499 = ORIENTED_EDGE('',*,*,#4500,.F.);
#4500 = EDGE_CURVE('',#4468,#4493,#4501,.T.);
#4501 = CIRCLE('',#4502,14.25);
#4502 = AXIS2_PLACEMENT_3D('',#4503,#4504,#4505);
#4503 = CARTESIAN_POINT('',(2.4,38.9,42.77));
#4504 = DIRECTION('',(1.,0.,0.));
#4505 = DIRECTION('',(-0.,0.,1.));
#4506 = ORIENTED_EDGE('',*,*,#4467,.F.);
#4507 = CYLINDRICAL_SURFACE('',#4508,14.25);
#4508 = AXIS2_PLACEMENT_3D('',#4509,#4510,#4511);
#4509 = CARTESIAN_POINT('',(-1.,38.9,42.77));
#4510 = DIRECTION('',(1.,0.,0.));
#4511 = DIRECTION('',(-0.,0.,1.));
#4512 = ADVANCED_FACE('',(#4513),#4524,.F.);
#4513 = FACE_BOUND('',#4514,.F.);
#4514 = EDGE_LOOP('',(#4515,#4516,#4517,#4518));
#4515 = ORIENTED_EDGE('',*,*,#4492,.F.);
#4516 = ORIENTED_EDGE('',*,*,#3759,.T.);
#4517 = ORIENTED_EDGE('',*,*,#4453,.T.);
#4518 = ORIENTED_EDGE('',*,*,#4519,.F.);
#4519 = EDGE_CURVE('',#4493,#4445,#4520,.T.);
#4520 = LINE('',#4521,#4522);
#4521 = CARTESIAN_POINT('',(2.4,46.8,12.585));
#4522 = VECTOR('',#4523,1.);
#4523 = DIRECTION('',(0.,0.,1.));
#4524 = PLANE('',#4525);
#4525 = AXIS2_PLACEMENT_3D('',#4526,#4527,#4528);
#4526 = CARTESIAN_POINT('',(-2.,46.8,22.77));
#4527 = DIRECTION('',(-0.,1.,0.));
#4528 = DIRECTION('',(0.,0.,1.));
#4529 = ADVANCED_FACE('',(#4530),#4556,.F.);
#4530 = FACE_BOUND('',#4531,.F.);
#4531 = EDGE_LOOP('',(#4532,#4533,#4541,#4550));
#4532 = ORIENTED_EDGE('',*,*,#3784,.T.);
#4533 = ORIENTED_EDGE('',*,*,#4534,.T.);
#4534 = EDGE_CURVE('',#3787,#4535,#4537,.T.);
#4535 = VERTEX_POINT('',#4536);
#4536 = CARTESIAN_POINT('',(2.4,41.2,56.833161095572));
#4537 = LINE('',#4538,#4539);
#4538 = CARTESIAN_POINT('',(-1.,41.2,56.833161095572));
#4539 = VECTOR('',#4540,1.);
#4540 = DIRECTION('',(1.,0.,0.));
#4541 = ORIENTED_EDGE('',*,*,#4542,.F.);
#4542 = EDGE_CURVE('',#4543,#4535,#4545,.T.);
#4543 = VERTEX_POINT('',#4544);
#4544 = CARTESIAN_POINT('',(2.4,43.4,56.29081728299));
#4545 = CIRCLE('',#4546,14.25);
#4546 = AXIS2_PLACEMENT_3D('',#4547,#4548,#4549);
#4547 = CARTESIAN_POINT('',(2.4,38.9,42.77));
#4548 = DIRECTION('',(1.,0.,0.));
#4549 = DIRECTION('',(-0.,0.,1.));
#4550 = ORIENTED_EDGE('',*,*,#4551,.F.);
#4551 = EDGE_CURVE('',#3785,#4543,#4552,.T.);
#4552 = LINE('',#4553,#4554);
#4553 = CARTESIAN_POINT('',(-1.,43.4,56.29081728299));
#4554 = VECTOR('',#4555,1.);
#4555 = DIRECTION('',(1.,0.,0.));
#4556 = CYLINDRICAL_SURFACE('',#4557,14.25);
#4557 = AXIS2_PLACEMENT_3D('',#4558,#4559,#4560);
#4558 = CARTESIAN_POINT('',(-1.,38.9,42.77));
#4559 = DIRECTION('',(1.,0.,0.));
#4560 = DIRECTION('',(-0.,0.,1.));
#4561 = ADVANCED_FACE('',(#4562),#4580,.T.);
#4562 = FACE_BOUND('',#4563,.T.);
#4563 = EDGE_LOOP('',(#4564,#4572,#4573,#4574));
#4564 = ORIENTED_EDGE('',*,*,#4565,.F.);
#4565 = EDGE_CURVE('',#3804,#4566,#4568,.T.);
#4566 = VERTEX_POINT('',#4567);
#4567 = CARTESIAN_POINT('',(2.4,41.2,28.706838904428));
#4568 = LINE('',#4569,#4570);
#4569 = CARTESIAN_POINT('',(-1.,41.2,28.706838904428));
#4570 = VECTOR('',#4571,1.);
#4571 = DIRECTION('',(1.,0.,0.));
#4572 = ORIENTED_EDGE('',*,*,#3812,.T.);
#4573 = ORIENTED_EDGE('',*,*,#4534,.T.);
#4574 = ORIENTED_EDGE('',*,*,#4575,.F.);
#4575 = EDGE_CURVE('',#4566,#4535,#4576,.T.);
#4576 = LINE('',#4577,#4578);
#4577 = CARTESIAN_POINT('',(2.4,41.2,12.585));
#4578 = VECTOR('',#4579,1.);
#4579 = DIRECTION('',(0.,0.,1.));
#4580 = PLANE('',#4581);
#4581 = AXIS2_PLACEMENT_3D('',#4582,#4583,#4584);
#4582 = CARTESIAN_POINT('',(-2.,41.2,22.77));
#4583 = DIRECTION('',(-0.,1.,0.));
#4584 = DIRECTION('',(0.,0.,1.));
#4585 = ADVANCED_FACE('',(#4586),#4605,.F.);
#4586 = FACE_BOUND('',#4587,.F.);
#4587 = EDGE_LOOP('',(#4588,#4589,#4597,#4604));
#4588 = ORIENTED_EDGE('',*,*,#3803,.T.);
#4589 = ORIENTED_EDGE('',*,*,#4590,.T.);
#4590 = EDGE_CURVE('',#3796,#4591,#4593,.T.);
#4591 = VERTEX_POINT('',#4592);
#4592 = CARTESIAN_POINT('',(2.4,43.4,29.24918271701));
#4593 = LINE('',#4594,#4595);
#4594 = CARTESIAN_POINT('',(-1.,43.4,29.24918271701));
#4595 = VECTOR('',#4596,1.);
#4596 = DIRECTION('',(1.,0.,0.));
#4597 = ORIENTED_EDGE('',*,*,#4598,.F.);
#4598 = EDGE_CURVE('',#4566,#4591,#4599,.T.);
#4599 = CIRCLE('',#4600,14.25);
#4600 = AXIS2_PLACEMENT_3D('',#4601,#4602,#4603);
#4601 = CARTESIAN_POINT('',(2.4,38.9,42.77));
#4602 = DIRECTION('',(1.,0.,0.));
#4603 = DIRECTION('',(-0.,0.,1.));
#4604 = ORIENTED_EDGE('',*,*,#4565,.F.);
#4605 = CYLINDRICAL_SURFACE('',#4606,14.25);
#4606 = AXIS2_PLACEMENT_3D('',#4607,#4608,#4609);
#4607 = CARTESIAN_POINT('',(-1.,38.9,42.77));
#4608 = DIRECTION('',(1.,0.,0.));
#4609 = DIRECTION('',(-0.,0.,1.));
#4610 = ADVANCED_FACE('',(#4611),#4622,.F.);
#4611 = FACE_BOUND('',#4612,.F.);
#4612 = EDGE_LOOP('',(#4613,#4614,#4615,#4616));
#4613 = ORIENTED_EDGE('',*,*,#4590,.F.);
#4614 = ORIENTED_EDGE('',*,*,#3795,.T.);
#4615 = ORIENTED_EDGE('',*,*,#4551,.T.);
#4616 = ORIENTED_EDGE('',*,*,#4617,.F.);
#4617 = EDGE_CURVE('',#4591,#4543,#4618,.T.);
#4618 = LINE('',#4619,#4620);
#4619 = CARTESIAN_POINT('',(2.4,43.4,12.585));
#4620 = VECTOR('',#4621,1.);
#4621 = DIRECTION('',(0.,0.,1.));
#4622 = PLANE('',#4623);
#4623 = AXIS2_PLACEMENT_3D('',#4624,#4625,#4626);
#4624 = CARTESIAN_POINT('',(-2.,43.4,22.77));
#4625 = DIRECTION('',(-0.,1.,0.));
#4626 = DIRECTION('',(0.,0.,1.));
#4627 = ADVANCED_FACE('',(#4628),#4647,.F.);
#4628 = FACE_BOUND('',#4629,.F.);
#4629 = EDGE_LOOP('',(#4630,#4639,#4645,#4646));
#4630 = ORIENTED_EDGE('',*,*,#4631,.F.);
#4631 = EDGE_CURVE('',#4632,#4632,#4634,.T.);
#4632 = VERTEX_POINT('',#4633);
#4633 = CARTESIAN_POINT('',(2.4,26.9,32.47));
#4634 = CIRCLE('',#4635,1.7);
#4635 = AXIS2_PLACEMENT_3D('',#4636,#4637,#4638);
#4636 = CARTESIAN_POINT('',(2.4,26.9,30.77));
#4637 = DIRECTION('',(1.,0.,0.));
#4638 = DIRECTION('',(-0.,0.,1.));
#4639 = ORIENTED_EDGE('',*,*,#4640,.F.);
#4640 = EDGE_CURVE('',#3821,#4632,#4641,.T.);
#4641 = LINE('',#4642,#4643);
#4642 = CARTESIAN_POINT('',(-1.,26.9,32.47));
#4643 = VECTOR('',#4644,1.);
#4644 = DIRECTION('',(1.,0.,0.));
#4645 = ORIENTED_EDGE('',*,*,#3820,.T.);
#4646 = ORIENTED_EDGE('',*,*,#4640,.T.);
#4647 = CYLINDRICAL_SURFACE('',#4648,1.7);
#4648 = AXIS2_PLACEMENT_3D('',#4649,#4650,#4651);
#4649 = CARTESIAN_POINT('',(-1.,26.9,30.77));
#4650 = DIRECTION('',(1.,0.,0.));
#4651 = DIRECTION('',(-0.,0.,1.));
#4652 = ADVANCED_FACE('',(#4653),#4678,.T.);
#4653 = FACE_BOUND('',#4654,.T.);
#4654 = EDGE_LOOP('',(#4655,#4663,#4664,#4672));
#4655 = ORIENTED_EDGE('',*,*,#4656,.F.);
#4656 = EDGE_CURVE('',#3851,#4657,#4659,.T.);
#4657 = VERTEX_POINT('',#4658);
#4658 = CARTESIAN_POINT('',(2.4,37.8,28.562519575942));
#4659 = LINE('',#4660,#4661);
#4660 = CARTESIAN_POINT('',(-1.,37.8,28.562519575942));
#4661 = VECTOR('',#4662,1.);
#4662 = DIRECTION('',(1.,0.,0.));
#4663 = ORIENTED_EDGE('',*,*,#3859,.T.);
#4664 = ORIENTED_EDGE('',*,*,#4665,.T.);
#4665 = EDGE_CURVE('',#3860,#4666,#4668,.T.);
#4666 = VERTEX_POINT('',#4667);
#4667 = CARTESIAN_POINT('',(2.4,37.8,56.977480424058));
#4668 = LINE('',#4669,#4670);
#4669 = CARTESIAN_POINT('',(-1.,37.8,56.977480424058));
#4670 = VECTOR('',#4671,1.);
#4671 = DIRECTION('',(1.,0.,0.));
#4672 = ORIENTED_EDGE('',*,*,#4673,.F.);
#4673 = EDGE_CURVE('',#4657,#4666,#4674,.T.);
#4674 = LINE('',#4675,#4676);
#4675 = CARTESIAN_POINT('',(2.4,37.8,12.585));
#4676 = VECTOR('',#4677,1.);
#4677 = DIRECTION('',(0.,0.,1.));
#4678 = PLANE('',#4679);
#4679 = AXIS2_PLACEMENT_3D('',#4680,#4681,#4682);
#4680 = CARTESIAN_POINT('',(-2.,37.8,22.77));
#4681 = DIRECTION('',(-0.,1.,0.));
#4682 = DIRECTION('',(0.,0.,1.));
#4683 = ADVANCED_FACE('',(#4684),#4703,.F.);
#4684 = FACE_BOUND('',#4685,.F.);
#4685 = EDGE_LOOP('',(#4686,#4695,#4696,#4697));
#4686 = ORIENTED_EDGE('',*,*,#4687,.F.);
#4687 = EDGE_CURVE('',#4657,#4688,#4690,.T.);
#4688 = VERTEX_POINT('',#4689);
#4689 = CARTESIAN_POINT('',(2.4,40.,28.562519575942));
#4690 = CIRCLE('',#4691,14.25);
#4691 = AXIS2_PLACEMENT_3D('',#4692,#4693,#4694);
#4692 = CARTESIAN_POINT('',(2.4,38.9,42.77));
#4693 = DIRECTION('',(1.,0.,0.));
#4694 = DIRECTION('',(-0.,0.,1.));
#4695 = ORIENTED_EDGE('',*,*,#4656,.F.);
#4696 = ORIENTED_EDGE('',*,*,#3850,.T.);
#4697 = ORIENTED_EDGE('',*,*,#4698,.T.);
#4698 = EDGE_CURVE('',#3843,#4688,#4699,.T.);
#4699 = LINE('',#4700,#4701);
#4700 = CARTESIAN_POINT('',(-1.,40.,28.562519575942));
#4701 = VECTOR('',#4702,1.);
#4702 = DIRECTION('',(1.,0.,0.));
#4703 = CYLINDRICAL_SURFACE('',#4704,14.25);
#4704 = AXIS2_PLACEMENT_3D('',#4705,#4706,#4707);
#4705 = CARTESIAN_POINT('',(-1.,38.9,42.77));
#4706 = DIRECTION('',(1.,0.,0.));
#4707 = DIRECTION('',(-0.,0.,1.));
#4708 = ADVANCED_FACE('',(#4709),#4727,.F.);
#4709 = FACE_BOUND('',#4710,.F.);
#4710 = EDGE_LOOP('',(#4711,#4712,#4713,#4721));
#4711 = ORIENTED_EDGE('',*,*,#4698,.F.);
#4712 = ORIENTED_EDGE('',*,*,#3842,.T.);
#4713 = ORIENTED_EDGE('',*,*,#4714,.T.);
#4714 = EDGE_CURVE('',#3832,#4715,#4717,.T.);
#4715 = VERTEX_POINT('',#4716);
#4716 = CARTESIAN_POINT('',(2.4,40.,56.977480424058));
#4717 = LINE('',#4718,#4719);
#4718 = CARTESIAN_POINT('',(-1.,40.,56.977480424058));
#4719 = VECTOR('',#4720,1.);
#4720 = DIRECTION('',(1.,0.,0.));
#4721 = ORIENTED_EDGE('',*,*,#4722,.F.);
#4722 = EDGE_CURVE('',#4688,#4715,#4723,.T.);
#4723 = LINE('',#4724,#4725);
#4724 = CARTESIAN_POINT('',(2.4,40.,12.585));
#4725 = VECTOR('',#4726,1.);
#4726 = DIRECTION('',(0.,0.,1.));
#4727 = PLANE('',#4728);
#4728 = AXIS2_PLACEMENT_3D('',#4729,#4730,#4731);
#4729 = CARTESIAN_POINT('',(-2.,40.,22.77));
#4730 = DIRECTION('',(-0.,1.,0.));
#4731 = DIRECTION('',(0.,0.,1.));
#4732 = ADVANCED_FACE('',(#4733),#4759,.F.);
#4733 = FACE_BOUND('',#4734,.F.);
#4734 = EDGE_LOOP('',(#4735,#4746,#4752,#4753));
#4735 = ORIENTED_EDGE('',*,*,#4736,.F.);
#4736 = EDGE_CURVE('',#4737,#4739,#4741,.T.);
#4737 = VERTEX_POINT('',#4738);
#4738 = CARTESIAN_POINT('',(2.4,36.6,56.833161095572));
#4739 = VERTEX_POINT('',#4740);
#4740 = CARTESIAN_POINT('',(2.4,34.4,56.29081728299));
#4741 = CIRCLE('',#4742,14.25);
#4742 = AXIS2_PLACEMENT_3D('',#4743,#4744,#4745);
#4743 = CARTESIAN_POINT('',(2.4,38.9,42.77));
#4744 = DIRECTION('',(1.,0.,0.));
#4745 = DIRECTION('',(-0.,0.,1.));
#4746 = ORIENTED_EDGE('',*,*,#4747,.F.);
#4747 = EDGE_CURVE('',#3877,#4737,#4748,.T.);
#4748 = LINE('',#4749,#4750);
#4749 = CARTESIAN_POINT('',(-1.,36.6,56.833161095572));
#4750 = VECTOR('',#4751,1.);
#4751 = DIRECTION('',(1.,0.,0.));
#4752 = ORIENTED_EDGE('',*,*,#3876,.T.);
#4753 = ORIENTED_EDGE('',*,*,#4754,.T.);
#4754 = EDGE_CURVE('',#3879,#4739,#4755,.T.);
#4755 = LINE('',#4756,#4757);
#4756 = CARTESIAN_POINT('',(-1.,34.4,56.29081728299));
#4757 = VECTOR('',#4758,1.);
#4758 = DIRECTION('',(1.,0.,0.));
#4759 = CYLINDRICAL_SURFACE('',#4760,14.25);
#4760 = AXIS2_PLACEMENT_3D('',#4761,#4762,#4763);
#4761 = CARTESIAN_POINT('',(-1.,38.9,42.77));
#4762 = DIRECTION('',(1.,0.,0.));
#4763 = DIRECTION('',(-0.,0.,1.));
#4764 = ADVANCED_FACE('',(#4765),#4783,.T.);
#4765 = FACE_BOUND('',#4766,.T.);
#4766 = EDGE_LOOP('',(#4767,#4775,#4776,#4777));
#4767 = ORIENTED_EDGE('',*,*,#4768,.F.);
#4768 = EDGE_CURVE('',#3896,#4769,#4771,.T.);
#4769 = VERTEX_POINT('',#4770);
#4770 = CARTESIAN_POINT('',(2.4,34.4,29.24918271701));
#4771 = LINE('',#4772,#4773);
#4772 = CARTESIAN_POINT('',(-1.,34.4,29.24918271701));
#4773 = VECTOR('',#4774,1.);
#4774 = DIRECTION('',(1.,0.,0.));
#4775 = ORIENTED_EDGE('',*,*,#3904,.T.);
#4776 = ORIENTED_EDGE('',*,*,#4754,.T.);
#4777 = ORIENTED_EDGE('',*,*,#4778,.F.);
#4778 = EDGE_CURVE('',#4769,#4739,#4779,.T.);
#4779 = LINE('',#4780,#4781);
#4780 = CARTESIAN_POINT('',(2.4,34.4,12.585));
#4781 = VECTOR('',#4782,1.);
#4782 = DIRECTION('',(0.,0.,1.));
#4783 = PLANE('',#4784);
#4784 = AXIS2_PLACEMENT_3D('',#4785,#4786,#4787);
#4785 = CARTESIAN_POINT('',(-2.,34.4,22.77));
#4786 = DIRECTION('',(-0.,1.,0.));
#4787 = DIRECTION('',(0.,0.,1.));
#4788 = ADVANCED_FACE('',(#4789),#4808,.F.);
#4789 = FACE_BOUND('',#4790,.F.);
#4790 = EDGE_LOOP('',(#4791,#4800,#4801,#4802));
#4791 = ORIENTED_EDGE('',*,*,#4792,.F.);
#4792 = EDGE_CURVE('',#4769,#4793,#4795,.T.);
#4793 = VERTEX_POINT('',#4794);
#4794 = CARTESIAN_POINT('',(2.4,36.6,28.706838904428));
#4795 = CIRCLE('',#4796,14.25);
#4796 = AXIS2_PLACEMENT_3D('',#4797,#4798,#4799);
#4797 = CARTESIAN_POINT('',(2.4,38.9,42.77));
#4798 = DIRECTION('',(1.,0.,0.));
#4799 = DIRECTION('',(-0.,0.,1.));
#4800 = ORIENTED_EDGE('',*,*,#4768,.F.);
#4801 = ORIENTED_EDGE('',*,*,#3895,.T.);
#4802 = ORIENTED_EDGE('',*,*,#4803,.T.);
#4803 = EDGE_CURVE('',#3888,#4793,#4804,.T.);
#4804 = LINE('',#4805,#4806);
#4805 = CARTESIAN_POINT('',(-1.,36.6,28.706838904428));
#4806 = VECTOR('',#4807,1.);
#4807 = DIRECTION('',(1.,0.,0.));
#4808 = CYLINDRICAL_SURFACE('',#4809,14.25);
#4809 = AXIS2_PLACEMENT_3D('',#4810,#4811,#4812);
#4810 = CARTESIAN_POINT('',(-1.,38.9,42.77));
#4811 = DIRECTION('',(1.,0.,0.));
#4812 = DIRECTION('',(-0.,0.,1.));
#4813 = ADVANCED_FACE('',(#4814),#4825,.F.);
#4814 = FACE_BOUND('',#4815,.F.);
#4815 = EDGE_LOOP('',(#4816,#4817,#4818,#4819));
#4816 = ORIENTED_EDGE('',*,*,#4803,.F.);
#4817 = ORIENTED_EDGE('',*,*,#3887,.T.);
#4818 = ORIENTED_EDGE('',*,*,#4747,.T.);
#4819 = ORIENTED_EDGE('',*,*,#4820,.F.);
#4820 = EDGE_CURVE('',#4793,#4737,#4821,.T.);
#4821 = LINE('',#4822,#4823);
#4822 = CARTESIAN_POINT('',(2.4,36.6,12.585));
#4823 = VECTOR('',#4824,1.);
#4824 = DIRECTION('',(0.,0.,1.));
#4825 = PLANE('',#4826);
#4826 = AXIS2_PLACEMENT_3D('',#4827,#4828,#4829);
#4827 = CARTESIAN_POINT('',(-2.,36.6,22.77));
#4828 = DIRECTION('',(-0.,1.,0.));
#4829 = DIRECTION('',(0.,0.,1.));
#4830 = ADVANCED_FACE('',(#4831),#4857,.F.);
#4831 = FACE_BOUND('',#4832,.F.);
#4832 = EDGE_LOOP('',(#4833,#4844,#4850,#4851));
#4833 = ORIENTED_EDGE('',*,*,#4834,.F.);
#4834 = EDGE_CURVE('',#4835,#4837,#4839,.T.);
#4835 = VERTEX_POINT('',#4836);
#4836 = CARTESIAN_POINT('',(2.4,33.2,55.830340730624));
#4837 = VERTEX_POINT('',#4838);
#4838 = CARTESIAN_POINT('',(2.4,31.,54.629700670759));
#4839 = CIRCLE('',#4840,14.25);
#4840 = AXIS2_PLACEMENT_3D('',#4841,#4842,#4843);
#4841 = CARTESIAN_POINT('',(2.4,38.9,42.77));
#4842 = DIRECTION('',(1.,0.,0.));
#4843 = DIRECTION('',(-0.,0.,1.));
#4844 = ORIENTED_EDGE('',*,*,#4845,.F.);
#4845 = EDGE_CURVE('',#3913,#4835,#4846,.T.);
#4846 = LINE('',#4847,#4848);
#4847 = CARTESIAN_POINT('',(-1.,33.2,55.830340730624));
#4848 = VECTOR('',#4849,1.);
#4849 = DIRECTION('',(1.,0.,0.));
#4850 = ORIENTED_EDGE('',*,*,#3912,.T.);
#4851 = ORIENTED_EDGE('',*,*,#4852,.T.);
#4852 = EDGE_CURVE('',#3915,#4837,#4853,.T.);
#4853 = LINE('',#4854,#4855);
#4854 = CARTESIAN_POINT('',(-1.,31.,54.629700670759));
#4855 = VECTOR('',#4856,1.);
#4856 = DIRECTION('',(1.,0.,0.));
#4857 = CYLINDRICAL_SURFACE('',#4858,14.25);
#4858 = AXIS2_PLACEMENT_3D('',#4859,#4860,#4861);
#4859 = CARTESIAN_POINT('',(-1.,38.9,42.77));
#4860 = DIRECTION('',(1.,0.,0.));
#4861 = DIRECTION('',(-0.,0.,1.));
#4862 = ADVANCED_FACE('',(#4863),#4881,.T.);
#4863 = FACE_BOUND('',#4864,.T.);
#4864 = EDGE_LOOP('',(#4865,#4873,#4874,#4875));
#4865 = ORIENTED_EDGE('',*,*,#4866,.F.);
#4866 = EDGE_CURVE('',#3932,#4867,#4869,.T.);
#4867 = VERTEX_POINT('',#4868);
#4868 = CARTESIAN_POINT('',(2.4,31.,30.910299329241));
#4869 = LINE('',#4870,#4871);
#4870 = CARTESIAN_POINT('',(-1.,31.,30.910299329241));
#4871 = VECTOR('',#4872,1.);
#4872 = DIRECTION('',(1.,0.,0.));
#4873 = ORIENTED_EDGE('',*,*,#3940,.T.);
#4874 = ORIENTED_EDGE('',*,*,#4852,.T.);
#4875 = ORIENTED_EDGE('',*,*,#4876,.F.);
#4876 = EDGE_CURVE('',#4867,#4837,#4877,.T.);
#4877 = LINE('',#4878,#4879);
#4878 = CARTESIAN_POINT('',(2.4,31.,12.585));
#4879 = VECTOR('',#4880,1.);
#4880 = DIRECTION('',(0.,0.,1.));
#4881 = PLANE('',#4882);
#4882 = AXIS2_PLACEMENT_3D('',#4883,#4884,#4885);
#4883 = CARTESIAN_POINT('',(-2.,31.,22.77));
#4884 = DIRECTION('',(-0.,1.,0.));
#4885 = DIRECTION('',(0.,0.,1.));
#4886 = ADVANCED_FACE('',(#4887),#4906,.F.);
#4887 = FACE_BOUND('',#4888,.F.);
#4888 = EDGE_LOOP('',(#4889,#4898,#4899,#4900));
#4889 = ORIENTED_EDGE('',*,*,#4890,.F.);
#4890 = EDGE_CURVE('',#4867,#4891,#4893,.T.);
#4891 = VERTEX_POINT('',#4892);
#4892 = CARTESIAN_POINT('',(2.4,33.2,29.709659269376));
#4893 = CIRCLE('',#4894,14.25);
#4894 = AXIS2_PLACEMENT_3D('',#4895,#4896,#4897);
#4895 = CARTESIAN_POINT('',(2.4,38.9,42.77));
#4896 = DIRECTION('',(1.,0.,0.));
#4897 = DIRECTION('',(-0.,0.,1.));
#4898 = ORIENTED_EDGE('',*,*,#4866,.F.);
#4899 = ORIENTED_EDGE('',*,*,#3931,.T.);
#4900 = ORIENTED_EDGE('',*,*,#4901,.T.);
#4901 = EDGE_CURVE('',#3924,#4891,#4902,.T.);
#4902 = LINE('',#4903,#4904);
#4903 = CARTESIAN_POINT('',(-1.,33.2,29.709659269376));
#4904 = VECTOR('',#4905,1.);
#4905 = DIRECTION('',(1.,0.,0.));
#4906 = CYLINDRICAL_SURFACE('',#4907,14.25);
#4907 = AXIS2_PLACEMENT_3D('',#4908,#4909,#4910);
#4908 = CARTESIAN_POINT('',(-1.,38.9,42.77));
#4909 = DIRECTION('',(1.,0.,0.));
#4910 = DIRECTION('',(-0.,0.,1.));
#4911 = ADVANCED_FACE('',(#4912),#4923,.F.);
#4912 = FACE_BOUND('',#4913,.F.);
#4913 = EDGE_LOOP('',(#4914,#4915,#4916,#4917));
#4914 = ORIENTED_EDGE('',*,*,#4901,.F.);
#4915 = ORIENTED_EDGE('',*,*,#3923,.T.);
#4916 = ORIENTED_EDGE('',*,*,#4845,.T.);
#4917 = ORIENTED_EDGE('',*,*,#4918,.F.);
#4918 = EDGE_CURVE('',#4891,#4835,#4919,.T.);
#4919 = LINE('',#4920,#4921);
#4920 = CARTESIAN_POINT('',(2.4,33.2,12.585));
#4921 = VECTOR('',#4922,1.);
#4922 = DIRECTION('',(0.,0.,1.));
#4923 = PLANE('',#4924);
#4924 = AXIS2_PLACEMENT_3D('',#4925,#4926,#4927);
#4925 = CARTESIAN_POINT('',(-2.,33.2,22.77));
#4926 = DIRECTION('',(-0.,1.,0.));
#4927 = DIRECTION('',(0.,0.,1.));
#4928 = ADVANCED_FACE('',(#4929),#4955,.F.);
#4929 = FACE_BOUND('',#4930,.F.);
#4930 = EDGE_LOOP('',(#4931,#4942,#4948,#4949));
#4931 = ORIENTED_EDGE('',*,*,#4932,.F.);
#4932 = EDGE_CURVE('',#4933,#4935,#4937,.T.);
#4933 = VERTEX_POINT('',#4934);
#4934 = CARTESIAN_POINT('',(2.4,29.8,53.735970089326));
#4935 = VERTEX_POINT('',#4936);
#4936 = CARTESIAN_POINT('',(2.4,27.6,51.451733697828));
#4937 = CIRCLE('',#4938,14.25);
#4938 = AXIS2_PLACEMENT_3D('',#4939,#4940,#4941);
#4939 = CARTESIAN_POINT('',(2.4,38.9,42.77));
#4940 = DIRECTION('',(1.,0.,0.));
#4941 = DIRECTION('',(-0.,0.,1.));
#4942 = ORIENTED_EDGE('',*,*,#4943,.F.);
#4943 = EDGE_CURVE('',#3949,#4933,#4944,.T.);
#4944 = LINE('',#4945,#4946);
#4945 = CARTESIAN_POINT('',(-1.,29.8,53.735970089326));
#4946 = VECTOR('',#4947,1.);
#4947 = DIRECTION('',(1.,0.,0.));
#4948 = ORIENTED_EDGE('',*,*,#3948,.T.);
#4949 = ORIENTED_EDGE('',*,*,#4950,.T.);
#4950 = EDGE_CURVE('',#3951,#4935,#4951,.T.);
#4951 = LINE('',#4952,#4953);
#4952 = CARTESIAN_POINT('',(-1.,27.6,51.451733697828));
#4953 = VECTOR('',#4954,1.);
#4954 = DIRECTION('',(1.,0.,0.));
#4955 = CYLINDRICAL_SURFACE('',#4956,14.25);
#4956 = AXIS2_PLACEMENT_3D('',#4957,#4958,#4959);
#4957 = CARTESIAN_POINT('',(-1.,38.9,42.77));
#4958 = DIRECTION('',(1.,0.,0.));
#4959 = DIRECTION('',(-0.,0.,1.));
#4960 = ADVANCED_FACE('',(#4961),#4979,.T.);
#4961 = FACE_BOUND('',#4962,.T.);
#4962 = EDGE_LOOP('',(#4963,#4971,#4972,#4973));
#4963 = ORIENTED_EDGE('',*,*,#4964,.F.);
#4964 = EDGE_CURVE('',#3968,#4965,#4967,.T.);
#4965 = VERTEX_POINT('',#4966);
#4966 = CARTESIAN_POINT('',(2.4,27.6,34.088266302172));
#4967 = LINE('',#4968,#4969);
#4968 = CARTESIAN_POINT('',(-1.,27.6,34.088266302172));
#4969 = VECTOR('',#4970,1.);
#4970 = DIRECTION('',(1.,0.,0.));
#4971 = ORIENTED_EDGE('',*,*,#3976,.T.);
#4972 = ORIENTED_EDGE('',*,*,#4950,.T.);
#4973 = ORIENTED_EDGE('',*,*,#4974,.F.);
#4974 = EDGE_CURVE('',#4965,#4935,#4975,.T.);
#4975 = LINE('',#4976,#4977);
#4976 = CARTESIAN_POINT('',(2.4,27.6,12.585));
#4977 = VECTOR('',#4978,1.);
#4978 = DIRECTION('',(0.,0.,1.));
#4979 = PLANE('',#4980);
#4980 = AXIS2_PLACEMENT_3D('',#4981,#4982,#4983);
#4981 = CARTESIAN_POINT('',(-2.,27.6,22.77));
#4982 = DIRECTION('',(-0.,1.,0.));
#4983 = DIRECTION('',(0.,0.,1.));
#4984 = ADVANCED_FACE('',(#4985),#5004,.F.);
#4985 = FACE_BOUND('',#4986,.F.);
#4986 = EDGE_LOOP('',(#4987,#4996,#4997,#4998));
#4987 = ORIENTED_EDGE('',*,*,#4988,.F.);
#4988 = EDGE_CURVE('',#4965,#4989,#4991,.T.);
#4989 = VERTEX_POINT('',#4990);
#4990 = CARTESIAN_POINT('',(2.4,29.8,31.804029910674));
#4991 = CIRCLE('',#4992,14.25);
#4992 = AXIS2_PLACEMENT_3D('',#4993,#4994,#4995);
#4993 = CARTESIAN_POINT('',(2.4,38.9,42.77));
#4994 = DIRECTION('',(1.,0.,0.));
#4995 = DIRECTION('',(-0.,0.,1.));
#4996 = ORIENTED_EDGE('',*,*,#4964,.F.);
#4997 = ORIENTED_EDGE('',*,*,#3967,.T.);
#4998 = ORIENTED_EDGE('',*,*,#4999,.T.);
#4999 = EDGE_CURVE('',#3960,#4989,#5000,.T.);
#5000 = LINE('',#5001,#5002);
#5001 = CARTESIAN_POINT('',(-1.,29.8,31.804029910674));
#5002 = VECTOR('',#5003,1.);
#5003 = DIRECTION('',(1.,0.,0.));
#5004 = CYLINDRICAL_SURFACE('',#5005,14.25);
#5005 = AXIS2_PLACEMENT_3D('',#5006,#5007,#5008);
#5006 = CARTESIAN_POINT('',(-1.,38.9,42.77));
#5007 = DIRECTION('',(1.,0.,0.));
#5008 = DIRECTION('',(-0.,0.,1.));
#5009 = ADVANCED_FACE('',(#5010),#5021,.F.);
#5010 = FACE_BOUND('',#5011,.F.);
#5011 = EDGE_LOOP('',(#5012,#5013,#5014,#5015));
#5012 = ORIENTED_EDGE('',*,*,#4999,.F.);
#5013 = ORIENTED_EDGE('',*,*,#3959,.T.);
#5014 = ORIENTED_EDGE('',*,*,#4943,.T.);
#5015 = ORIENTED_EDGE('',*,*,#5016,.F.);
#5016 = EDGE_CURVE('',#4989,#4933,#5017,.T.);
#5017 = LINE('',#5018,#5019);
#5018 = CARTESIAN_POINT('',(2.4,29.8,12.585));
#5019 = VECTOR('',#5020,1.);
#5020 = DIRECTION('',(0.,0.,1.));
#5021 = PLANE('',#5022);
#5022 = AXIS2_PLACEMENT_3D('',#5023,#5024,#5025);
#5023 = CARTESIAN_POINT('',(-2.,29.8,22.77));
#5024 = DIRECTION('',(-0.,1.,0.));
#5025 = DIRECTION('',(0.,0.,1.));
#5026 = ADVANCED_FACE('',(#5027),#5053,.F.);
#5027 = FACE_BOUND('',#5028,.F.);
#5028 = EDGE_LOOP('',(#5029,#5040,#5046,#5047));
#5029 = ORIENTED_EDGE('',*,*,#5030,.F.);
#5030 = EDGE_CURVE('',#5031,#5033,#5035,.T.);
#5031 = VERTEX_POINT('',#5032);
#5032 = CARTESIAN_POINT('',(2.4,26.4,49.611966091702));
#5033 = VERTEX_POINT('',#5034);
#5034 = CARTESIAN_POINT('',(2.4,26.4,35.928033908298));
#5035 = CIRCLE('',#5036,14.25);
#5036 = AXIS2_PLACEMENT_3D('',#5037,#5038,#5039);
#5037 = CARTESIAN_POINT('',(2.4,38.9,42.77));
#5038 = DIRECTION('',(1.,0.,0.));
#5039 = DIRECTION('',(-0.,0.,1.));
#5040 = ORIENTED_EDGE('',*,*,#5041,.F.);
#5041 = EDGE_CURVE('',#3985,#5031,#5042,.T.);
#5042 = LINE('',#5043,#5044);
#5043 = CARTESIAN_POINT('',(-1.,26.4,49.611966091702));
#5044 = VECTOR('',#5045,1.);
#5045 = DIRECTION('',(1.,0.,0.));
#5046 = ORIENTED_EDGE('',*,*,#3984,.T.);
#5047 = ORIENTED_EDGE('',*,*,#5048,.T.);
#5048 = EDGE_CURVE('',#3987,#5033,#5049,.T.);
#5049 = LINE('',#5050,#5051);
#5050 = CARTESIAN_POINT('',(-1.,26.4,35.928033908298));
#5051 = VECTOR('',#5052,1.);
#5052 = DIRECTION('',(1.,0.,0.));
#5053 = CYLINDRICAL_SURFACE('',#5054,14.25);
#5054 = AXIS2_PLACEMENT_3D('',#5055,#5056,#5057);
#5055 = CARTESIAN_POINT('',(-1.,38.9,42.77));
#5056 = DIRECTION('',(1.,0.,0.));
#5057 = DIRECTION('',(-0.,0.,1.));
#5058 = ADVANCED_FACE('',(#5059),#5070,.F.);
#5059 = FACE_BOUND('',#5060,.F.);
#5060 = EDGE_LOOP('',(#5061,#5062,#5063,#5064));
#5061 = ORIENTED_EDGE('',*,*,#5048,.F.);
#5062 = ORIENTED_EDGE('',*,*,#3995,.T.);
#5063 = ORIENTED_EDGE('',*,*,#5041,.T.);
#5064 = ORIENTED_EDGE('',*,*,#5065,.F.);
#5065 = EDGE_CURVE('',#5033,#5031,#5066,.T.);
#5066 = LINE('',#5067,#5068);
#5067 = CARTESIAN_POINT('',(2.4,26.4,12.585));
#5068 = VECTOR('',#5069,1.);
#5069 = DIRECTION('',(0.,0.,1.));
#5070 = PLANE('',#5071);
#5071 = AXIS2_PLACEMENT_3D('',#5072,#5073,#5074);
#5072 = CARTESIAN_POINT('',(-2.,26.4,22.77));
#5073 = DIRECTION('',(-0.,1.,0.));
#5074 = DIRECTION('',(0.,0.,1.));
#5075 = ADVANCED_FACE('',(#5076),#5095,.F.);
#5076 = FACE_BOUND('',#5077,.F.);
#5077 = EDGE_LOOP('',(#5078,#5087,#5093,#5094));
#5078 = ORIENTED_EDGE('',*,*,#5079,.F.);
#5079 = EDGE_CURVE('',#5080,#5080,#5082,.T.);
#5080 = VERTEX_POINT('',#5081);
#5081 = CARTESIAN_POINT('',(2.4,26.9,56.47));
#5082 = CIRCLE('',#5083,1.7);
#5083 = AXIS2_PLACEMENT_3D('',#5084,#5085,#5086);
#5084 = CARTESIAN_POINT('',(2.4,26.9,54.77));
#5085 = DIRECTION('',(1.,0.,0.));
#5086 = DIRECTION('',(-0.,0.,1.));
#5087 = ORIENTED_EDGE('',*,*,#5088,.F.);
#5088 = EDGE_CURVE('',#4004,#5080,#5089,.T.);
#5089 = LINE('',#5090,#5091);
#5090 = CARTESIAN_POINT('',(-1.,26.9,56.47));
#5091 = VECTOR('',#5092,1.);
#5092 = DIRECTION('',(1.,0.,0.));
#5093 = ORIENTED_EDGE('',*,*,#4003,.T.);
#5094 = ORIENTED_EDGE('',*,*,#5088,.T.);
#5095 = CYLINDRICAL_SURFACE('',#5096,1.7);
#5096 = AXIS2_PLACEMENT_3D('',#5097,#5098,#5099);
#5097 = CARTESIAN_POINT('',(-1.,26.9,54.77));
#5098 = DIRECTION('',(1.,0.,0.));
#5099 = DIRECTION('',(-0.,0.,1.));
#5100 = ADVANCED_FACE('',(#5101),#5120,.T.);
#5101 = FACE_BOUND('',#5102,.T.);
#5102 = EDGE_LOOP('',(#5103,#5111,#5112,#5113));
#5103 = ORIENTED_EDGE('',*,*,#5104,.F.);
#5104 = EDGE_CURVE('',#4022,#5105,#5107,.T.);
#5105 = VERTEX_POINT('',#5106);
#5106 = CARTESIAN_POINT('',(6.,1.2,-1.110223024625E-16));
#5107 = LINE('',#5108,#5109);
#5108 = CARTESIAN_POINT('',(6.,0.6,0.6));
#5109 = VECTOR('',#5110,1.);
#5110 = DIRECTION('',(-0.,0.707106781187,-0.707106781187));
#5111 = ORIENTED_EDGE('',*,*,#4021,.T.);
#5112 = ORIENTED_EDGE('',*,*,#4053,.T.);
#5113 = ORIENTED_EDGE('',*,*,#5114,.F.);
#5114 = EDGE_CURVE('',#5105,#4054,#5115,.T.);
#5115 = CIRCLE('',#5116,4.8);
#5116 = AXIS2_PLACEMENT_3D('',#5117,#5118,#5119);
#5117 = CARTESIAN_POINT('',(6.,6.,0.));
#5118 = DIRECTION('',(-0.,0.,-1.));
#5119 = DIRECTION('',(-2.960594732334E-16,-1.,0.));
#5120 = CONICAL_SURFACE('',#5121,6.,0.785398163397);
#5121 = AXIS2_PLACEMENT_3D('',#5122,#5123,#5124);
#5122 = CARTESIAN_POINT('',(6.,6.,1.2));
#5123 = DIRECTION('',(0.,0.,1.));
#5124 = DIRECTION('',(-2.960594732334E-16,-1.,0.));
#5125 = ADVANCED_FACE('',(#5126,#5179,#5229,#5279,#5329),#5379,.F.);
#5126 = FACE_BOUND('',#5127,.F.);
#5127 = EDGE_LOOP('',(#5128,#5129,#5130,#5138,#5147,#5155,#5164,#5172));
#5128 = ORIENTED_EDGE('',*,*,#4070,.F.);
#5129 = ORIENTED_EDGE('',*,*,#5114,.F.);
#5130 = ORIENTED_EDGE('',*,*,#5131,.F.);
#5131 = EDGE_CURVE('',#5132,#5105,#5134,.T.);
#5132 = VERTEX_POINT('',#5133);
#5133 = CARTESIAN_POINT('',(92.,1.2,1.33226762955E-15));
#5134 = LINE('',#5135,#5136);
#5135 = CARTESIAN_POINT('',(92.,1.2,0.));
#5136 = VECTOR('',#5137,1.);
#5137 = DIRECTION('',(-1.,-0.,0.));
#5138 = ORIENTED_EDGE('',*,*,#5139,.F.);
#5139 = EDGE_CURVE('',#5140,#5132,#5142,.T.);
#5140 = VERTEX_POINT('',#5141);
#5141 = CARTESIAN_POINT('',(96.8,6.,-8.215650382226E-15));
#5142 = CIRCLE('',#5143,4.8);
#5143 = AXIS2_PLACEMENT_3D('',#5144,#5145,#5146);
#5144 = CARTESIAN_POINT('',(92.,6.,0.));
#5145 = DIRECTION('',(0.,-0.,-1.));
#5146 = DIRECTION('',(1.,1.480297366167E-16,-0.));
#5147 = ORIENTED_EDGE('',*,*,#5148,.F.);
#5148 = EDGE_CURVE('',#5149,#5140,#5151,.T.);
#5149 = VERTEX_POINT('',#5150);
#5150 = CARTESIAN_POINT('',(96.8,122.,1.33226762955E-15));
#5151 = LINE('',#5152,#5153);
#5152 = CARTESIAN_POINT('',(96.8,122.,0.));
#5153 = VECTOR('',#5154,1.);
#5154 = DIRECTION('',(0.,-1.,-0.));
#5155 = ORIENTED_EDGE('',*,*,#5156,.F.);
#5156 = EDGE_CURVE('',#5157,#5149,#5159,.T.);
#5157 = VERTEX_POINT('',#5158);
#5158 = CARTESIAN_POINT('',(92.,126.8,-8.215650382226E-15));
#5159 = CIRCLE('',#5160,4.8);
#5160 = AXIS2_PLACEMENT_3D('',#5161,#5162,#5163);
#5161 = CARTESIAN_POINT('',(92.,122.,0.));
#5162 = DIRECTION('',(0.,-0.,-1.));
#5163 = DIRECTION('',(0.,1.,-0.));
#5164 = ORIENTED_EDGE('',*,*,#5165,.F.);
#5165 = EDGE_CURVE('',#5166,#5157,#5168,.T.);
#5166 = VERTEX_POINT('',#5167);
#5167 = CARTESIAN_POINT('',(6.,126.8,0.));
#5168 = LINE('',#5169,#5170);
#5169 = CARTESIAN_POINT('',(6.,126.8,0.));
#5170 = VECTOR('',#5171,1.);
#5171 = DIRECTION('',(1.,0.,-0.));
#5172 = ORIENTED_EDGE('',*,*,#5173,.F.);
#5173 = EDGE_CURVE('',#4063,#5166,#5174,.T.);
#5174 = CIRCLE('',#5175,4.8);
#5175 = AXIS2_PLACEMENT_3D('',#5176,#5177,#5178);
#5176 = CARTESIAN_POINT('',(6.,122.,0.));
#5177 = DIRECTION('',(-0.,0.,-1.));
#5178 = DIRECTION('',(-1.,0.,0.));
#5179 = FACE_BOUND('',#5180,.F.);
#5180 = EDGE_LOOP('',(#5181,#5191,#5199,#5207,#5215,#5223));
#5181 = ORIENTED_EDGE('',*,*,#5182,.T.);
#5182 = EDGE_CURVE('',#5183,#5185,#5187,.T.);
#5183 = VERTEX_POINT('',#5184);
#5184 = CARTESIAN_POINT('',(6.22568421935,49.9,0.));
#5185 = VERTEX_POINT('',#5186);
#5186 = CARTESIAN_POINT('',(9.57431578065,49.9,0.));
#5187 = LINE('',#5188,#5189);
#5188 = CARTESIAN_POINT('',(4.787157890325,49.9,0.));
#5189 = VECTOR('',#5190,1.);
#5190 = DIRECTION('',(1.,0.,-0.));
#5191 = ORIENTED_EDGE('',*,*,#5192,.T.);
#5192 = EDGE_CURVE('',#5185,#5193,#5195,.T.);
#5193 = VERTEX_POINT('',#5194);
#5194 = CARTESIAN_POINT('',(11.2486315613,47.,0.));
#5195 = LINE('',#5196,#5197);
#5196 = CARTESIAN_POINT('',(20.018351110605,31.810400172474,0.));
#5197 = VECTOR('',#5198,1.);
#5198 = DIRECTION('',(0.5,-0.866025403784,0.));
#5199 = ORIENTED_EDGE('',*,*,#5200,.T.);
#5200 = EDGE_CURVE('',#5193,#5201,#5203,.T.);
#5201 = VERTEX_POINT('',#5202);
#5202 = CARTESIAN_POINT('',(9.57431578065,44.1,0.));
#5203 = LINE('',#5204,#5205);
#5204 = CARTESIAN_POINT('',(-1.170403768655,25.489599827526,0.));
#5205 = VECTOR('',#5206,1.);
#5206 = DIRECTION('',(-0.5,-0.866025403784,0.));
#5207 = ORIENTED_EDGE('',*,*,#5208,.T.);
#5208 = EDGE_CURVE('',#5201,#5209,#5211,.T.);
#5209 = VERTEX_POINT('',#5210);
#5210 = CARTESIAN_POINT('',(6.22568421935,44.1,0.));
#5211 = LINE('',#5212,#5213);
#5212 = CARTESIAN_POINT('',(3.112842109675,44.1,0.));
#5213 = VECTOR('',#5214,1.);
#5214 = DIRECTION('',(-1.,0.,0.));
#5215 = ORIENTED_EDGE('',*,*,#5216,.T.);
#5216 = EDGE_CURVE('',#5209,#5217,#5219,.T.);
#5217 = VERTEX_POINT('',#5218);
#5218 = CARTESIAN_POINT('',(4.5513684387,47.,0.));
#5219 = LINE('',#5220,#5221);
#5220 = CARTESIAN_POINT('',(14.15824587833,30.360400172474,0.));
#5221 = VECTOR('',#5222,1.);
#5222 = DIRECTION('',(-0.5,0.866025403784,0.));
#5223 = ORIENTED_EDGE('',*,*,#5224,.T.);
#5224 = EDGE_CURVE('',#5217,#5183,#5225,.T.);
#5225 = LINE('',#5226,#5227);
#5226 = CARTESIAN_POINT('',(-5.35619322028,29.839599827526,0.));
#5227 = VECTOR('',#5228,1.);
#5228 = DIRECTION('',(0.5,0.866025403784,-0.));
#5229 = FACE_BOUND('',#5230,.F.);
#5230 = EDGE_LOOP('',(#5231,#5241,#5249,#5257,#5265,#5273));
#5231 = ORIENTED_EDGE('',*,*,#5232,.T.);
#5232 = EDGE_CURVE('',#5233,#5235,#5237,.T.);
#5233 = VERTEX_POINT('',#5234);
#5234 = CARTESIAN_POINT('',(88.22568421935,49.9,0.));
#5235 = VERTEX_POINT('',#5236);
#5236 = CARTESIAN_POINT('',(91.57431578065,49.9,0.));
#5237 = LINE('',#5238,#5239);
#5238 = CARTESIAN_POINT('',(45.787157890325,49.9,0.));
#5239 = VECTOR('',#5240,1.);
#5240 = DIRECTION('',(1.,0.,-0.));
#5241 = ORIENTED_EDGE('',*,*,#5242,.T.);
#5242 = EDGE_CURVE('',#5235,#5243,#5245,.T.);
#5243 = VERTEX_POINT('',#5244);
#5244 = CARTESIAN_POINT('',(93.2486315613,47.,0.));
#5245 = LINE('',#5246,#5247);
#5246 = CARTESIAN_POINT('',(91.768351110605,49.563920950055,0.));
#5247 = VECTOR('',#5248,1.);
#5248 = DIRECTION('',(0.5,-0.866025403784,0.));
#5249 = ORIENTED_EDGE('',*,*,#5250,.T.);
#5250 = EDGE_CURVE('',#5243,#5251,#5253,.T.);
#5251 = VERTEX_POINT('',#5252);
#5252 = CARTESIAN_POINT('',(91.57431578065,44.1,0.));
#5253 = LINE('',#5254,#5255);
#5254 = CARTESIAN_POINT('',(70.579596231345,7.736079049945,0.));
#5255 = VECTOR('',#5256,1.);
#5256 = DIRECTION('',(-0.5,-0.866025403784,0.));
#5257 = ORIENTED_EDGE('',*,*,#5258,.T.);
#5258 = EDGE_CURVE('',#5251,#5259,#5261,.T.);
#5259 = VERTEX_POINT('',#5260);
#5260 = CARTESIAN_POINT('',(88.22568421935,44.1,0.));
#5261 = LINE('',#5262,#5263);
#5262 = CARTESIAN_POINT('',(44.112842109675,44.1,0.));
#5263 = VECTOR('',#5264,1.);
#5264 = DIRECTION('',(-1.,0.,0.));
#5265 = ORIENTED_EDGE('',*,*,#5266,.T.);
#5266 = EDGE_CURVE('',#5259,#5267,#5269,.T.);
#5267 = VERTEX_POINT('',#5268);
#5268 = CARTESIAN_POINT('',(86.5513684387,47.,0.));
#5269 = LINE('',#5270,#5271);
#5270 = CARTESIAN_POINT('',(85.90824587833,48.113920950055,0.));
#5271 = VECTOR('',#5272,1.);
#5272 = DIRECTION('',(-0.5,0.866025403784,0.));
#5273 = ORIENTED_EDGE('',*,*,#5274,.T.);
#5274 = EDGE_CURVE('',#5267,#5233,#5275,.T.);
#5275 = LINE('',#5276,#5277);
#5276 = CARTESIAN_POINT('',(66.393806779721,12.086079049945,0.));
#5277 = VECTOR('',#5278,1.);
#5278 = DIRECTION('',(0.5,0.866025403784,-0.));
#5279 = FACE_BOUND('',#5280,.F.);
#5280 = EDGE_LOOP('',(#5281,#5291,#5299,#5307,#5315,#5323));
#5281 = ORIENTED_EDGE('',*,*,#5282,.T.);
#5282 = EDGE_CURVE('',#5283,#5285,#5287,.T.);
#5283 = VERTEX_POINT('',#5284);
#5284 = CARTESIAN_POINT('',(6.22568421935,107.9,0.));
#5285 = VERTEX_POINT('',#5286);
#5286 = CARTESIAN_POINT('',(9.57431578065,107.9,0.));
#5287 = LINE('',#5288,#5289);
#5288 = CARTESIAN_POINT('',(4.787157890325,107.9,0.));
#5289 = VECTOR('',#5290,1.);
#5290 = DIRECTION('',(1.,0.,-0.));
#5291 = ORIENTED_EDGE('',*,*,#5292,.T.);
#5292 = EDGE_CURVE('',#5285,#5293,#5295,.T.);
#5293 = VERTEX_POINT('',#5294);
#5294 = CARTESIAN_POINT('',(11.2486315613,105.,0.));
#5295 = LINE('',#5296,#5297);
#5296 = CARTESIAN_POINT('',(32.575719465479,68.060400172474,
    1.110223024625E-16));
#5297 = VECTOR('',#5298,1.);
#5298 = DIRECTION('',(0.5,-0.866025403784,0.));
#5299 = ORIENTED_EDGE('',*,*,#5300,.T.);
#5300 = EDGE_CURVE('',#5293,#5301,#5303,.T.);
#5301 = VERTEX_POINT('',#5302);
#5302 = CARTESIAN_POINT('',(9.57431578065,102.1,0.));
#5303 = LINE('',#5304,#5305);
#5304 = CARTESIAN_POINT('',(-13.72777212352,61.739599827526,
    1.110223024625E-16));
#5305 = VECTOR('',#5306,1.);
#5306 = DIRECTION('',(-0.5,-0.866025403784,0.));
#5307 = ORIENTED_EDGE('',*,*,#5308,.T.);
#5308 = EDGE_CURVE('',#5301,#5309,#5311,.T.);
#5309 = VERTEX_POINT('',#5310);
#5310 = CARTESIAN_POINT('',(6.22568421935,102.1,0.));
#5311 = LINE('',#5312,#5313);
#5312 = CARTESIAN_POINT('',(3.112842109675,102.1,0.));
#5313 = VECTOR('',#5314,1.);
#5314 = DIRECTION('',(-1.,0.,0.));
#5315 = ORIENTED_EDGE('',*,*,#5316,.T.);
#5316 = EDGE_CURVE('',#5309,#5317,#5319,.T.);
#5317 = VERTEX_POINT('',#5318);
#5318 = CARTESIAN_POINT('',(4.5513684387,105.,0.));
#5319 = LINE('',#5320,#5321);
#5320 = CARTESIAN_POINT('',(26.715614233204,66.610400172474,0.));
#5321 = VECTOR('',#5322,1.);
#5322 = DIRECTION('',(-0.5,0.866025403784,0.));
#5323 = ORIENTED_EDGE('',*,*,#5324,.T.);
#5324 = EDGE_CURVE('',#5317,#5283,#5325,.T.);
#5325 = LINE('',#5326,#5327);
#5326 = CARTESIAN_POINT('',(-17.91356157515,66.089599827526,
    1.110223024625E-16));
#5327 = VECTOR('',#5328,1.);
#5328 = DIRECTION('',(0.5,0.866025403784,-0.));
#5329 = FACE_BOUND('',#5330,.F.);
#5330 = EDGE_LOOP('',(#5331,#5341,#5349,#5357,#5365,#5373));
#5331 = ORIENTED_EDGE('',*,*,#5332,.T.);
#5332 = EDGE_CURVE('',#5333,#5335,#5337,.T.);
#5333 = VERTEX_POINT('',#5334);
#5334 = CARTESIAN_POINT('',(88.22568421935,107.9,0.));
#5335 = VERTEX_POINT('',#5336);
#5336 = CARTESIAN_POINT('',(91.57431578065,107.9,0.));
#5337 = LINE('',#5338,#5339);
#5338 = CARTESIAN_POINT('',(45.787157890325,107.9,0.));
#5339 = VECTOR('',#5340,1.);
#5340 = DIRECTION('',(1.,0.,-0.));
#5341 = ORIENTED_EDGE('',*,*,#5342,.T.);
#5342 = EDGE_CURVE('',#5335,#5343,#5345,.T.);
#5343 = VERTEX_POINT('',#5344);
#5344 = CARTESIAN_POINT('',(93.2486315613,105.,0.));
#5345 = LINE('',#5346,#5347);
#5346 = CARTESIAN_POINT('',(104.32571946547,85.813920950055,
    1.110223024625E-16));
#5347 = VECTOR('',#5348,1.);
#5348 = DIRECTION('',(0.5,-0.866025403784,0.));
#5349 = ORIENTED_EDGE('',*,*,#5350,.T.);
#5350 = EDGE_CURVE('',#5343,#5351,#5353,.T.);
#5351 = VERTEX_POINT('',#5352);
#5352 = CARTESIAN_POINT('',(91.57431578065,102.1,0.));
#5353 = LINE('',#5354,#5355);
#5354 = CARTESIAN_POINT('',(58.022227876471,43.986079049945,
    1.110223024625E-16));
#5355 = VECTOR('',#5356,1.);
#5356 = DIRECTION('',(-0.5,-0.866025403784,0.));
#5357 = ORIENTED_EDGE('',*,*,#5358,.T.);
#5358 = EDGE_CURVE('',#5351,#5359,#5361,.T.);
#5359 = VERTEX_POINT('',#5360);
#5360 = CARTESIAN_POINT('',(88.22568421935,102.1,0.));
#5361 = LINE('',#5362,#5363);
#5362 = CARTESIAN_POINT('',(44.112842109675,102.1,0.));
#5363 = VECTOR('',#5364,1.);
#5364 = DIRECTION('',(-1.,0.,0.));
#5365 = ORIENTED_EDGE('',*,*,#5366,.T.);
#5366 = EDGE_CURVE('',#5359,#5367,#5369,.T.);
#5367 = VERTEX_POINT('',#5368);
#5368 = CARTESIAN_POINT('',(86.5513684387,105.,0.));
#5369 = LINE('',#5370,#5371);
#5370 = CARTESIAN_POINT('',(98.465614233204,84.363920950055,
    1.110223024625E-16));
#5371 = VECTOR('',#5372,1.);
#5372 = DIRECTION('',(-0.5,0.866025403784,0.));
#5373 = ORIENTED_EDGE('',*,*,#5374,.T.);
#5374 = EDGE_CURVE('',#5367,#5333,#5375,.T.);
#5375 = LINE('',#5376,#5377);
#5376 = CARTESIAN_POINT('',(53.836438424846,48.336079049945,
    1.110223024625E-16));
#5377 = VECTOR('',#5378,1.);
#5378 = DIRECTION('',(0.5,0.866025403784,-0.));
#5379 = PLANE('',#5380);
#5380 = AXIS2_PLACEMENT_3D('',#5381,#5382,#5383);
#5381 = CARTESIAN_POINT('',(0.,0.,0.));
#5382 = DIRECTION('',(0.,0.,1.));
#5383 = DIRECTION('',(1.,0.,-0.));
#5384 = ADVANCED_FACE('',(#5385),#5396,.T.);
#5385 = FACE_BOUND('',#5386,.T.);
#5386 = EDGE_LOOP('',(#5387,#5388,#5389,#5395));
#5387 = ORIENTED_EDGE('',*,*,#4062,.F.);
#5388 = ORIENTED_EDGE('',*,*,#4214,.T.);
#5389 = ORIENTED_EDGE('',*,*,#5390,.T.);
#5390 = EDGE_CURVE('',#4215,#5166,#5391,.T.);
#5391 = LINE('',#5392,#5393);
#5392 = CARTESIAN_POINT('',(6.,128.,1.2));
#5393 = VECTOR('',#5394,1.);
#5394 = DIRECTION('',(4.329780281177E-17,-0.707106781187,-0.707106781187
    ));
#5395 = ORIENTED_EDGE('',*,*,#5173,.F.);
#5396 = CONICAL_SURFACE('',#5397,6.,0.785398163397);
#5397 = AXIS2_PLACEMENT_3D('',#5398,#5399,#5400);
#5398 = CARTESIAN_POINT('',(6.,122.,1.2));
#5399 = DIRECTION('',(0.,0.,1.));
#5400 = DIRECTION('',(-1.,0.,0.));
#5401 = ADVANCED_FACE('',(#5402,#5420,#5465,#5510,#5555,#5566,#5624,
    #5778,#5812,#6218,#6483,#6528,#6573,#6618,#6663,#6708),#6753,.T.);
#5402 = FACE_BOUND('',#5403,.T.);
#5403 = EDGE_LOOP('',(#5404,#5405,#5406,#5414));
#5404 = ORIENTED_EDGE('',*,*,#4223,.T.);
#5405 = ORIENTED_EDGE('',*,*,#4120,.T.);
#5406 = ORIENTED_EDGE('',*,*,#5407,.F.);
#5407 = EDGE_CURVE('',#5408,#4112,#5410,.T.);
#5408 = VERTEX_POINT('',#5409);
#5409 = CARTESIAN_POINT('',(92.,128.,1.2));
#5410 = LINE('',#5411,#5412);
#5411 = CARTESIAN_POINT('',(92.,128.,0.));
#5412 = VECTOR('',#5413,1.);
#5413 = DIRECTION('',(0.,0.,1.));
#5414 = ORIENTED_EDGE('',*,*,#5415,.F.);
#5415 = EDGE_CURVE('',#4215,#5408,#5416,.T.);
#5416 = LINE('',#5417,#5418);
#5417 = CARTESIAN_POINT('',(6.,128.,1.2));
#5418 = VECTOR('',#5419,1.);
#5419 = DIRECTION('',(1.,0.,-0.));
#5420 = FACE_BOUND('',#5421,.T.);
#5421 = EDGE_LOOP('',(#5422,#5433,#5441,#5450,#5458));
#5422 = ORIENTED_EDGE('',*,*,#5423,.F.);
#5423 = EDGE_CURVE('',#5424,#5426,#5428,.T.);
#5424 = VERTEX_POINT('',#5425);
#5425 = CARTESIAN_POINT('',(28.5,128.,46.5));
#5426 = VERTEX_POINT('',#5427);
#5427 = CARTESIAN_POINT('',(30.,128.,48.));
#5428 = CIRCLE('',#5429,1.5);
#5429 = AXIS2_PLACEMENT_3D('',#5430,#5431,#5432);
#5430 = CARTESIAN_POINT('',(30.,128.,46.5));
#5431 = DIRECTION('',(0.,1.,0.));
#5432 = DIRECTION('',(0.,-0.,1.));
#5433 = ORIENTED_EDGE('',*,*,#5434,.T.);
#5434 = EDGE_CURVE('',#5424,#5435,#5437,.T.);
#5435 = VERTEX_POINT('',#5436);
#5436 = CARTESIAN_POINT('',(28.5,128.,13.5));
#5437 = LINE('',#5438,#5439);
#5438 = CARTESIAN_POINT('',(28.5,128.,6.75));
#5439 = VECTOR('',#5440,1.);
#5440 = DIRECTION('',(-0.,0.,-1.));
#5441 = ORIENTED_EDGE('',*,*,#5442,.F.);
#5442 = EDGE_CURVE('',#5443,#5435,#5445,.T.);
#5443 = VERTEX_POINT('',#5444);
#5444 = CARTESIAN_POINT('',(31.5,128.,13.5));
#5445 = CIRCLE('',#5446,1.5);
#5446 = AXIS2_PLACEMENT_3D('',#5447,#5448,#5449);
#5447 = CARTESIAN_POINT('',(30.,128.,13.5));
#5448 = DIRECTION('',(0.,1.,0.));
#5449 = DIRECTION('',(0.,-0.,1.));
#5450 = ORIENTED_EDGE('',*,*,#5451,.F.);
#5451 = EDGE_CURVE('',#5452,#5443,#5454,.T.);
#5452 = VERTEX_POINT('',#5453);
#5453 = CARTESIAN_POINT('',(31.5,128.,46.5));
#5454 = LINE('',#5455,#5456);
#5455 = CARTESIAN_POINT('',(31.5,128.,6.75));
#5456 = VECTOR('',#5457,1.);
#5457 = DIRECTION('',(-0.,0.,-1.));
#5458 = ORIENTED_EDGE('',*,*,#5459,.F.);
#5459 = EDGE_CURVE('',#5426,#5452,#5460,.T.);
#5460 = CIRCLE('',#5461,1.5);
#5461 = AXIS2_PLACEMENT_3D('',#5462,#5463,#5464);
#5462 = CARTESIAN_POINT('',(30.,128.,46.5));
#5463 = DIRECTION('',(0.,1.,0.));
#5464 = DIRECTION('',(0.,-0.,1.));
#5465 = FACE_BOUND('',#5466,.T.);
#5466 = EDGE_LOOP('',(#5467,#5478,#5486,#5495,#5503));
#5467 = ORIENTED_EDGE('',*,*,#5468,.F.);
#5468 = EDGE_CURVE('',#5469,#5471,#5473,.T.);
#5469 = VERTEX_POINT('',#5470);
#5470 = CARTESIAN_POINT('',(34.5,128.,46.5));
#5471 = VERTEX_POINT('',#5472);
#5472 = CARTESIAN_POINT('',(36.,128.,48.));
#5473 = CIRCLE('',#5474,1.5);
#5474 = AXIS2_PLACEMENT_3D('',#5475,#5476,#5477);
#5475 = CARTESIAN_POINT('',(36.,128.,46.5));
#5476 = DIRECTION('',(0.,1.,0.));
#5477 = DIRECTION('',(0.,-0.,1.));
#5478 = ORIENTED_EDGE('',*,*,#5479,.T.);
#5479 = EDGE_CURVE('',#5469,#5480,#5482,.T.);
#5480 = VERTEX_POINT('',#5481);
#5481 = CARTESIAN_POINT('',(34.5,128.,13.5));
#5482 = LINE('',#5483,#5484);
#5483 = CARTESIAN_POINT('',(34.5,128.,6.75));
#5484 = VECTOR('',#5485,1.);
#5485 = DIRECTION('',(-0.,0.,-1.));
#5486 = ORIENTED_EDGE('',*,*,#5487,.F.);
#5487 = EDGE_CURVE('',#5488,#5480,#5490,.T.);
#5488 = VERTEX_POINT('',#5489);
#5489 = CARTESIAN_POINT('',(37.5,128.,13.5));
#5490 = CIRCLE('',#5491,1.5);
#5491 = AXIS2_PLACEMENT_3D('',#5492,#5493,#5494);
#5492 = CARTESIAN_POINT('',(36.,128.,13.5));
#5493 = DIRECTION('',(0.,1.,0.));
#5494 = DIRECTION('',(0.,-0.,1.));
#5495 = ORIENTED_EDGE('',*,*,#5496,.F.);
#5496 = EDGE_CURVE('',#5497,#5488,#5499,.T.);
#5497 = VERTEX_POINT('',#5498);
#5498 = CARTESIAN_POINT('',(37.5,128.,46.5));
#5499 = LINE('',#5500,#5501);
#5500 = CARTESIAN_POINT('',(37.5,128.,6.75));
#5501 = VECTOR('',#5502,1.);
#5502 = DIRECTION('',(-0.,0.,-1.));
#5503 = ORIENTED_EDGE('',*,*,#5504,.F.);
#5504 = EDGE_CURVE('',#5471,#5497,#5505,.T.);
#5505 = CIRCLE('',#5506,1.5);
#5506 = AXIS2_PLACEMENT_3D('',#5507,#5508,#5509);
#5507 = CARTESIAN_POINT('',(36.,128.,46.5));
#5508 = DIRECTION('',(0.,1.,0.));
#5509 = DIRECTION('',(0.,-0.,1.));
#5510 = FACE_BOUND('',#5511,.T.);
#5511 = EDGE_LOOP('',(#5512,#5523,#5531,#5540,#5548));
#5512 = ORIENTED_EDGE('',*,*,#5513,.F.);
#5513 = EDGE_CURVE('',#5514,#5516,#5518,.T.);
#5514 = VERTEX_POINT('',#5515);
#5515 = CARTESIAN_POINT('',(40.5,128.,46.5));
#5516 = VERTEX_POINT('',#5517);
#5517 = CARTESIAN_POINT('',(42.,128.,48.));
#5518 = CIRCLE('',#5519,1.5);
#5519 = AXIS2_PLACEMENT_3D('',#5520,#5521,#5522);
#5520 = CARTESIAN_POINT('',(42.,128.,46.5));
#5521 = DIRECTION('',(0.,1.,0.));
#5522 = DIRECTION('',(0.,-0.,1.));
#5523 = ORIENTED_EDGE('',*,*,#5524,.T.);
#5524 = EDGE_CURVE('',#5514,#5525,#5527,.T.);
#5525 = VERTEX_POINT('',#5526);
#5526 = CARTESIAN_POINT('',(40.5,128.,13.5));
#5527 = LINE('',#5528,#5529);
#5528 = CARTESIAN_POINT('',(40.5,128.,6.75));
#5529 = VECTOR('',#5530,1.);
#5530 = DIRECTION('',(-0.,0.,-1.));
#5531 = ORIENTED_EDGE('',*,*,#5532,.F.);
#5532 = EDGE_CURVE('',#5533,#5525,#5535,.T.);
#5533 = VERTEX_POINT('',#5534);
#5534 = CARTESIAN_POINT('',(43.5,128.,13.5));
#5535 = CIRCLE('',#5536,1.5);
#5536 = AXIS2_PLACEMENT_3D('',#5537,#5538,#5539);
#5537 = CARTESIAN_POINT('',(42.,128.,13.5));
#5538 = DIRECTION('',(0.,1.,0.));
#5539 = DIRECTION('',(0.,-0.,1.));
#5540 = ORIENTED_EDGE('',*,*,#5541,.F.);
#5541 = EDGE_CURVE('',#5542,#5533,#5544,.T.);
#5542 = VERTEX_POINT('',#5543);
#5543 = CARTESIAN_POINT('',(43.5,128.,46.5));
#5544 = LINE('',#5545,#5546);
#5545 = CARTESIAN_POINT('',(43.5,128.,6.75));
#5546 = VECTOR('',#5547,1.);
#5547 = DIRECTION('',(-0.,0.,-1.));
#5548 = ORIENTED_EDGE('',*,*,#5549,.F.);
#5549 = EDGE_CURVE('',#5516,#5542,#5550,.T.);
#5550 = CIRCLE('',#5551,1.5);
#5551 = AXIS2_PLACEMENT_3D('',#5552,#5553,#5554);
#5552 = CARTESIAN_POINT('',(42.,128.,46.5));
#5553 = DIRECTION('',(0.,1.,0.));
#5554 = DIRECTION('',(0.,-0.,1.));
#5555 = FACE_BOUND('',#5556,.T.);
#5556 = EDGE_LOOP('',(#5557));
#5557 = ORIENTED_EDGE('',*,*,#5558,.F.);
#5558 = EDGE_CURVE('',#5559,#5559,#5561,.T.);
#5559 = VERTEX_POINT('',#5560);
#5560 = CARTESIAN_POINT('',(17.,128.,40.1));
#5561 = CIRCLE('',#5562,6.1);
#5562 = AXIS2_PLACEMENT_3D('',#5563,#5564,#5565);
#5563 = CARTESIAN_POINT('',(17.,128.,34.));
#5564 = DIRECTION('',(0.,1.,0.));
#5565 = DIRECTION('',(0.,-0.,1.));
#5566 = FACE_BOUND('',#5567,.T.);
#5567 = EDGE_LOOP('',(#5568,#5578,#5586,#5594,#5602,#5610,#5618));
#5568 = ORIENTED_EDGE('',*,*,#5569,.T.);
#5569 = EDGE_CURVE('',#5570,#5572,#5574,.T.);
#5570 = VERTEX_POINT('',#5571);
#5571 = CARTESIAN_POINT('',(10.766974522293,128.,43.92101910828));
#5572 = VERTEX_POINT('',#5573);
#5573 = CARTESIAN_POINT('',(11.672707006369,128.,43.92101910828));
#5574 = LINE('',#5575,#5576);
#5575 = CARTESIAN_POINT('',(5.383487261146,128.,43.92101910828));
#5576 = VECTOR('',#5577,1.);
#5577 = DIRECTION('',(1.,0.,-0.));
#5578 = ORIENTED_EDGE('',*,*,#5579,.T.);
#5579 = EDGE_CURVE('',#5572,#5580,#5582,.T.);
#5580 = VERTEX_POINT('',#5581);
#5581 = CARTESIAN_POINT('',(13.174617834395,128.,48.127898089172));
#5582 = LINE('',#5583,#5584);
#5583 = CARTESIAN_POINT('',(4.059049978834,128.,22.595030161943));
#5584 = VECTOR('',#5585,1.);
#5585 = DIRECTION('',(0.336228000311,0.,0.941780617664));
#5586 = ORIENTED_EDGE('',*,*,#5587,.T.);
#5587 = EDGE_CURVE('',#5580,#5588,#5590,.T.);
#5588 = VERTEX_POINT('',#5589);
#5589 = CARTESIAN_POINT('',(12.254554140127,128.,48.127898089172));
#5590 = LINE('',#5591,#5592);
#5591 = CARTESIAN_POINT('',(6.587308917197,128.,48.127898089172));
#5592 = VECTOR('',#5593,1.);
#5593 = DIRECTION('',(-1.,-0.,0.));
#5594 = ORIENTED_EDGE('',*,*,#5595,.T.);
#5595 = EDGE_CURVE('',#5588,#5596,#5598,.T.);
#5596 = VERTEX_POINT('',#5597);
#5597 = CARTESIAN_POINT('',(11.191178343949,128.,45.009426751592));
#5598 = LINE('',#5599,#5600);
#5599 = CARTESIAN_POINT('',(4.265414376054,128.,24.698830533076));
#5600 = VECTOR('',#5601,1.);
#5601 = DIRECTION('',(-0.322744777432,0.,-0.946486031931));
#5602 = ORIENTED_EDGE('',*,*,#5603,.T.);
#5603 = EDGE_CURVE('',#5596,#5604,#5606,.T.);
#5604 = VERTEX_POINT('',#5605);
#5605 = CARTESIAN_POINT('',(10.162197452229,128.,48.127898089172));
#5606 = LINE('',#5607,#5608);
#5607 = CARTESIAN_POINT('',(17.338399278188,128.,26.379408989887));
#5608 = VECTOR('',#5609,1.);
#5609 = DIRECTION('',(-0.313345969497,-0.,0.949639038477));
#5610 = ORIENTED_EDGE('',*,*,#5611,.T.);
#5611 = EDGE_CURVE('',#5604,#5612,#5614,.T.);
#5612 = VERTEX_POINT('',#5613);
#5613 = CARTESIAN_POINT('',(9.262197452229,128.,48.127898089172));
#5614 = LINE('',#5615,#5616);
#5615 = CARTESIAN_POINT('',(5.081098726115,128.,48.127898089172));
#5616 = VECTOR('',#5617,1.);
#5617 = DIRECTION('',(-1.,-0.,0.));
#5618 = ORIENTED_EDGE('',*,*,#5619,.T.);
#5619 = EDGE_CURVE('',#5612,#5570,#5620,.T.);
#5620 = LINE('',#5621,#5622);
#5621 = CARTESIAN_POINT('',(16.368049795685,128.,28.262190763012));
#5622 = VECTOR('',#5623,1.);
#5623 = DIRECTION('',(0.336796933778,0.,-0.941577307181));
#5624 = FACE_BOUND('',#5625,.T.);
#5625 = EDGE_LOOP('',(#5626,#5647,#5666,#5685,#5704,#5723,#5742,#5761));
#5626 = ORIENTED_EDGE('',*,*,#5627,.F.);
#5627 = EDGE_CURVE('',#5628,#5630,#5632,.T.);
#5628 = VERTEX_POINT('',#5629);
#5629 = CARTESIAN_POINT('',(13.871687898089,128.,47.715350318471));
#5630 = VERTEX_POINT('',#5631);
#5631 = CARTESIAN_POINT('',(14.826146496815,128.,48.152356687898));
#5632 = B_SPLINE_CURVE_WITH_KNOTS('',5,(#5633,#5634,#5635,#5636,#5637,
    #5638,#5639,#5640,#5641,#5642,#5643,#5644,#5645,#5646),
  .UNSPECIFIED.,.F.,.F.,(6,4,4,6),(0.,0.374507727654,0.783503902524,1.),
  .UNSPECIFIED.);
#5633 = CARTESIAN_POINT('',(13.871687898089,128.,47.715350318471));
#5634 = CARTESIAN_POINT('',(13.922642220629,128.,47.780090616054));
#5635 = CARTESIAN_POINT('',(13.97810092241,128.,47.839913940613));
#5636 = CARTESIAN_POINT('',(14.038083156954,128.,47.89413689062));
#5637 = CARTESIAN_POINT('',(14.1024315136,128.,47.942199556473));
#5638 = CARTESIAN_POINT('',(14.245235026956,128.,48.029292342104));
#5639 = CARTESIAN_POINT('',(14.324468945797,128.,48.067098451619));
#5640 = CARTESIAN_POINT('',(14.407798704649,128.,48.096878438132));
#5641 = CARTESIAN_POINT('',(14.494469141435,128.,48.118836471622));
#5642 = CARTESIAN_POINT('',(14.63094373942,128.,48.141185523674));
#5643 = CARTESIAN_POINT('',(14.678906877248,128.,48.14686428455));
#5644 = CARTESIAN_POINT('',(14.727490732804,128.,48.150557642371));
#5645 = CARTESIAN_POINT('',(14.776598406914,128.,48.152356687898));
#5646 = CARTESIAN_POINT('',(14.826146496815,128.,48.152356687898));
#5647 = ORIENTED_EDGE('',*,*,#5648,.F.);
#5648 = EDGE_CURVE('',#5649,#5628,#5651,.T.);
#5649 = VERTEX_POINT('',#5650);
#5650 = CARTESIAN_POINT('',(13.461815286624,128.,45.99847133758));
#5651 = B_SPLINE_CURVE_WITH_KNOTS('',7,(#5652,#5653,#5654,#5655,#5656,
    #5657,#5658,#5659,#5660,#5661,#5662,#5663,#5664,#5665),
  .UNSPECIFIED.,.F.,.F.,(8,6,8),(0.,0.655623897638,1.),.UNSPECIFIED.);
#5652 = CARTESIAN_POINT('',(13.461815286624,128.,45.99847133758));
#5653 = CARTESIAN_POINT('',(13.461815286624,128.,46.176732146201));
#5654 = CARTESIAN_POINT('',(13.467097893801,128.,46.353457821092));
#5655 = CARTESIAN_POINT('',(13.478438263566,128.,46.528571446154));
#5656 = CARTESIAN_POINT('',(13.496866614803,128.,46.701506484116));
#5657 = CARTESIAN_POINT('',(13.523720517512,128.,46.871182140363));
#5658 = CARTESIAN_POINT('',(13.560646443023,128.,47.036005947193));
#5659 = CARTESIAN_POINT('',(13.635712713353,128.,47.276623813644));
#5660 = CARTESIAN_POINT('',(13.66493604932,128.,47.35747819238));
#5661 = CARTESIAN_POINT('',(13.697832832024,128.,47.435965132467));
#5662 = CARTESIAN_POINT('',(13.734707250334,128.,47.511606391887));
#5663 = CARTESIAN_POINT('',(13.775849583455,128.,47.583817148946));
#5664 = CARTESIAN_POINT('',(13.821484969107,128.,47.651947178792));
#5665 = CARTESIAN_POINT('',(13.871687898089,128.,47.715350318471));
#5666 = ORIENTED_EDGE('',*,*,#5667,.F.);
#5667 = EDGE_CURVE('',#5668,#5649,#5670,.T.);
#5668 = VERTEX_POINT('',#5669);
#5669 = CARTESIAN_POINT('',(13.874554140127,128.,44.278917197452));
#5670 = B_SPLINE_CURVE_WITH_KNOTS('',7,(#5671,#5672,#5673,#5674,#5675,
    #5676,#5677,#5678,#5679,#5680,#5681,#5682,#5683,#5684),
  .UNSPECIFIED.,.F.,.F.,(8,6,8),(0.,0.349140006246,1.),.UNSPECIFIED.);
#5671 = CARTESIAN_POINT('',(13.874554140127,128.,44.278917197452));
#5672 = CARTESIAN_POINT('',(13.823544254583,128.,44.343600566205));
#5673 = CARTESIAN_POINT('',(13.777188399885,128.,44.413040663572));
#5674 = CARTESIAN_POINT('',(13.735415703519,128.,44.486590602827));
#5675 = CARTESIAN_POINT('',(13.698001013144,128.,44.563598174855));
#5676 = CARTESIAN_POINT('',(13.664651619846,128.,44.64347531758));
#5677 = CARTESIAN_POINT('',(13.635059507565,128.,44.725739536759));
#5678 = CARTESIAN_POINT('',(13.560188743875,128.,44.967154842613));
#5679 = CARTESIAN_POINT('',(13.523514891156,128.,45.13111915954));
#5680 = CARTESIAN_POINT('',(13.49678881546,128.,45.299809691904));
#5681 = CARTESIAN_POINT('',(13.478415097928,128.,45.47169455013));
#5682 = CARTESIAN_POINT('',(13.467093895886,128.,45.645728145209));
#5683 = CARTESIAN_POINT('',(13.461815286624,128.,45.821351355812));
#5684 = CARTESIAN_POINT('',(13.461815286624,128.,45.99847133758));
#5685 = ORIENTED_EDGE('',*,*,#5686,.F.);
#5686 = EDGE_CURVE('',#5687,#5668,#5689,.T.);
#5687 = VERTEX_POINT('',#5688);
#5688 = CARTESIAN_POINT('',(14.826146496815,128.,43.847643312102));
#5689 = B_SPLINE_CURVE_WITH_KNOTS('',5,(#5690,#5691,#5692,#5693,#5694,
    #5695,#5696,#5697,#5698,#5699,#5700,#5701,#5702,#5703),
  .UNSPECIFIED.,.F.,.F.,(6,4,4,6),(0.,0.223116065216,0.640930609266,1.),
  .UNSPECIFIED.);
#5690 = CARTESIAN_POINT('',(14.826146496815,128.,43.847643312102));
#5691 = CARTESIAN_POINT('',(14.775220410472,128.,43.847643312102));
#5692 = CARTESIAN_POINT('',(14.724764594916,128.,43.849518889551));
#5693 = CARTESIAN_POINT('',(14.674868797939,128.,43.853373208773));
#5694 = CARTESIAN_POINT('',(14.625638018213,128.,43.85930557782));
#5695 = CARTESIAN_POINT('',(14.486456232174,128.,43.882540449312));
#5696 = CARTESIAN_POINT('',(14.398432335203,128.,43.905252202784));
#5697 = CARTESIAN_POINT('',(14.313936784989,128.,43.936037029173));
#5698 = CARTESIAN_POINT('',(14.233772007008,128.,43.975115635297));
#5699 = CARTESIAN_POINT('',(14.093923598372,128.,44.062463204686));
#5700 = CARTESIAN_POINT('',(14.032926644266,128.,44.108678860725));
#5701 = CARTESIAN_POINT('',(13.975962073167,128.,44.160497787941));
#5702 = CARTESIAN_POINT('',(13.923174069254,128.,44.217440906115));
#5703 = CARTESIAN_POINT('',(13.874554140127,128.,44.278917197452));
#5704 = ORIENTED_EDGE('',*,*,#5705,.F.);
#5705 = EDGE_CURVE('',#5706,#5687,#5708,.T.);
#5706 = VERTEX_POINT('',#5707);
#5707 = CARTESIAN_POINT('',(15.815,128.,44.320573248408));
#5708 = B_SPLINE_CURVE_WITH_KNOTS('',5,(#5709,#5710,#5711,#5712,#5713,
    #5714,#5715,#5716,#5717,#5718,#5719,#5720,#5721,#5722),
  .UNSPECIFIED.,.F.,.F.,(6,4,4,6),(0.,0.478173339416,0.827547494258,1.),
  .UNSPECIFIED.);
#5709 = CARTESIAN_POINT('',(15.815,128.,44.320573248408));
#5710 = CARTESIAN_POINT('',(15.745635649014,128.,44.233205936097));
#5711 = CARTESIAN_POINT('',(15.669409844457,128.,44.153676215566));
#5712 = CARTESIAN_POINT('',(15.586205028211,128.,44.083526422949));
#5713 = CARTESIAN_POINT('',(15.496279635755,128.,44.024129571951));
#5714 = CARTESIAN_POINT('',(15.330880575031,128.,43.940861944532));
#5715 = CARTESIAN_POINT('',(15.258016264056,128.,43.911719860533));
#5716 = CARTESIAN_POINT('',(15.182519153583,128.,43.888796857391));
#5717 = CARTESIAN_POINT('',(15.104860466879,128.,43.871983920244));
#5718 = CARTESIAN_POINT('',(14.986366674931,128.,43.855565277899));
#5719 = CARTESIAN_POINT('',(14.946795821586,128.,43.851557247491));
#5720 = CARTESIAN_POINT('',(14.906868933879,128.,43.848931062045));
#5721 = CARTESIAN_POINT('',(14.866636933149,128.,43.847643312102));
#5722 = CARTESIAN_POINT('',(14.826146496815,128.,43.847643312102));
#5723 = ORIENTED_EDGE('',*,*,#5724,.F.);
#5724 = EDGE_CURVE('',#5725,#5706,#5727,.T.);
#5725 = VERTEX_POINT('',#5726);
#5726 = CARTESIAN_POINT('',(16.190477707006,128.,46.007261146497));
#5727 = B_SPLINE_CURVE_WITH_KNOTS('',7,(#5728,#5729,#5730,#5731,#5732,
    #5733,#5734,#5735,#5736,#5737,#5738,#5739,#5740,#5741),
  .UNSPECIFIED.,.F.,.F.,(8,6,8),(0.,0.695744283253,1.),.UNSPECIFIED.);
#5728 = CARTESIAN_POINT('',(16.190477707006,128.,46.007261146497));
#5729 = CARTESIAN_POINT('',(16.190477707006,128.,45.820642732818));
#5730 = CARTESIAN_POINT('',(16.185299362092,128.,45.635903462028));
#5731 = CARTESIAN_POINT('',(16.174102443292,128.,45.452964046066));
#5732 = CARTESIAN_POINT('',(16.155735801871,128.,45.272426473782));
#5733 = CARTESIAN_POINT('',(16.128568806203,128.,45.095677702918));
#5734 = CARTESIAN_POINT('',(16.090598169668,128.,44.92482254708));
#5735 = CARTESIAN_POINT('',(16.01585850671,128.,44.692393641799));
#5736 = CARTESIAN_POINT('',(15.990458556992,128.,44.623495983527));
#5737 = CARTESIAN_POINT('',(15.962148987392,128.,44.556723030061));
#5738 = CARTESIAN_POINT('',(15.930673653673,128.,44.492492443065));
#5739 = CARTESIAN_POINT('',(15.895779978364,128.,44.431326695275));
#5740 = CARTESIAN_POINT('',(15.857256799934,128.,44.373818966798));
#5741 = CARTESIAN_POINT('',(15.815,128.,44.320573248408));
#5742 = ORIENTED_EDGE('',*,*,#5743,.F.);
#5743 = EDGE_CURVE('',#5744,#5725,#5746,.T.);
#5744 = VERTEX_POINT('',#5745);
#5745 = CARTESIAN_POINT('',(15.777738853503,128.,47.721082802548));
#5746 = B_SPLINE_CURVE_WITH_KNOTS('',7,(#5747,#5748,#5749,#5750,#5751,
    #5752,#5753,#5754,#5755,#5756,#5757,#5758,#5759,#5760),
  .UNSPECIFIED.,.F.,.F.,(8,6,8),(0.,0.352464949254,1.),.UNSPECIFIED.);
#5747 = CARTESIAN_POINT('',(15.777738853503,128.,47.721082802548));
#5748 = CARTESIAN_POINT('',(15.829109869231,128.,47.655941500659));
#5749 = CARTESIAN_POINT('',(15.875777098154,128.,47.58600692247));
#5750 = CARTESIAN_POINT('',(15.917808652342,128.,47.511929232319));
#5751 = CARTESIAN_POINT('',(15.955430271299,128.,47.434365289958));
#5752 = CARTESIAN_POINT('',(15.988937053461,128.,47.353908225981));
#5753 = CARTESIAN_POINT('',(16.018640172852,128.,47.27104536478));
#5754 = CARTESIAN_POINT('',(16.092997660299,128.,47.03016788199));
#5755 = CARTESIAN_POINT('',(16.129293606938,128.,46.867498297945));
#5756 = CARTESIAN_POINT('',(16.155774918911,128.,46.700181114704));
#5757 = CARTESIAN_POINT('',(16.173998631577,128.,46.529709098913));
#5758 = CARTESIAN_POINT('',(16.185235591269,128.,46.357104839346));
#5759 = CARTESIAN_POINT('',(16.190477707006,128.,46.182921540638));
#5760 = CARTESIAN_POINT('',(16.190477707006,128.,46.007261146497));
#5761 = ORIENTED_EDGE('',*,*,#5762,.F.);
#5762 = EDGE_CURVE('',#5630,#5744,#5763,.T.);
#5763 = B_SPLINE_CURVE_WITH_KNOTS('',5,(#5764,#5765,#5766,#5767,#5768,
    #5769,#5770,#5771,#5772,#5773,#5774,#5775,#5776,#5777),
  .UNSPECIFIED.,.F.,.F.,(6,4,4,6),(0.,0.223116065216,0.640930609266,1.),
  .UNSPECIFIED.);
#5764 = CARTESIAN_POINT('',(14.826146496815,128.,48.152356687898));
#5765 = CARTESIAN_POINT('',(14.877072583159,128.,48.152356687898));
#5766 = CARTESIAN_POINT('',(14.927528398714,128.,48.150481110449));
#5767 = CARTESIAN_POINT('',(14.977424195692,128.,48.146626791227));
#5768 = CARTESIAN_POINT('',(15.026654975418,128.,48.14069442218));
#5769 = CARTESIAN_POINT('',(15.165836761457,128.,48.117459550688));
#5770 = CARTESIAN_POINT('',(15.253860658428,128.,48.094747797216));
#5771 = CARTESIAN_POINT('',(15.338356208642,128.,48.063962970827));
#5772 = CARTESIAN_POINT('',(15.418520986623,128.,48.024884364703));
#5773 = CARTESIAN_POINT('',(15.558369395258,128.,47.937536795314));
#5774 = CARTESIAN_POINT('',(15.619366349364,128.,47.891321139275));
#5775 = CARTESIAN_POINT('',(15.676330920464,128.,47.839502212059));
#5776 = CARTESIAN_POINT('',(15.729118924377,128.,47.782559093885));
#5777 = CARTESIAN_POINT('',(15.777738853503,128.,47.721082802548));
#5778 = FACE_BOUND('',#5779,.T.);
#5779 = EDGE_LOOP('',(#5780,#5790,#5798,#5806));
#5780 = ORIENTED_EDGE('',*,*,#5781,.T.);
#5781 = EDGE_CURVE('',#5782,#5784,#5786,.T.);
#5782 = VERTEX_POINT('',#5783);
#5783 = CARTESIAN_POINT('',(19.747101910828,128.,45.046114649682));
#5784 = VERTEX_POINT('',#5785);
#5785 = CARTESIAN_POINT('',(21.329267515924,128.,45.046114649682));
#5786 = LINE('',#5787,#5788);
#5787 = CARTESIAN_POINT('',(9.873550955414,128.,45.046114649682));
#5788 = VECTOR('',#5789,1.);
#5789 = DIRECTION('',(1.,0.,-0.));
#5790 = ORIENTED_EDGE('',*,*,#5791,.T.);
#5791 = EDGE_CURVE('',#5784,#5792,#5794,.T.);
#5792 = VERTEX_POINT('',#5793);
#5793 = CARTESIAN_POINT('',(21.329267515924,128.,45.853248407643));
#5794 = LINE('',#5795,#5796);
#5795 = CARTESIAN_POINT('',(21.329267515924,128.,22.523057324841));
#5796 = VECTOR('',#5797,1.);
#5797 = DIRECTION('',(-1.359631073447E-32,-0.,1.));
#5798 = ORIENTED_EDGE('',*,*,#5799,.T.);
#5799 = EDGE_CURVE('',#5792,#5800,#5802,.T.);
#5800 = VERTEX_POINT('',#5801);
#5801 = CARTESIAN_POINT('',(19.747101910828,128.,45.853248407643));
#5802 = LINE('',#5803,#5804);
#5803 = CARTESIAN_POINT('',(10.664633757962,128.,45.853248407643));
#5804 = VECTOR('',#5805,1.);
#5805 = DIRECTION('',(-1.,-0.,0.));
#5806 = ORIENTED_EDGE('',*,*,#5807,.T.);
#5807 = EDGE_CURVE('',#5800,#5782,#5808,.T.);
#5808 = LINE('',#5809,#5810);
#5809 = CARTESIAN_POINT('',(19.747101910828,128.,22.926624203822));
#5810 = VECTOR('',#5811,1.);
#5811 = DIRECTION('',(1.359631073447E-32,0.,-1.));
#5812 = FACE_BOUND('',#5813,.T.);
#5813 = EDGE_LOOP('',(#5814,#5833,#5841,#5853,#5868,#5883,#5902,#5919,
    #5934,#5945,#5953,#5968,#5983,#5998,#6013,#6028,#6040,#6048,#6060,
    #6075,#6086,#6103,#6118,#6141,#6156,#6171,#6186,#6203));
#5814 = ORIENTED_EDGE('',*,*,#5815,.F.);
#5815 = EDGE_CURVE('',#5816,#5818,#5820,.T.);
#5816 = VERTEX_POINT('',#5817);
#5817 = CARTESIAN_POINT('',(19.481496815287,128.,45.037515923567));
#5818 = VERTEX_POINT('',#5819);
#5819 = CARTESIAN_POINT('',(19.045828025478,128.,44.176687898089));
#5820 = B_SPLINE_CURVE_WITH_KNOTS('',6,(#5821,#5822,#5823,#5824,#5825,
    #5826,#5827,#5828,#5829,#5830,#5831,#5832),.UNSPECIFIED.,.F.,.F.,(7,
    5,7),(0.,0.634884553506,1.),.UNSPECIFIED.);
#5821 = CARTESIAN_POINT('',(19.481496815287,128.,45.037515923567));
#5822 = CARTESIAN_POINT('',(19.469270300363,128.,44.929495634577));
#5823 = CARTESIAN_POINT('',(19.448986929042,128.,44.824273796159));
#5824 = CARTESIAN_POINT('',(19.420087404663,128.,44.72260923654));
#5825 = CARTESIAN_POINT('',(19.382182439775,128.,44.625273006371));
#5826 = CARTESIAN_POINT('',(19.335185428742,128.,44.532982730483));
#5827 = CARTESIAN_POINT('',(19.247447923716,128.,44.396481834168));
#5828 = CARTESIAN_POINT('',(19.212528232256,128.,44.348495264295));
#5829 = CARTESIAN_POINT('',(19.17479008982,128.,44.30246607377));
#5830 = CARTESIAN_POINT('',(19.134335786072,128.,44.258465230065));
#5831 = CARTESIAN_POINT('',(19.091296867286,128.,44.216533875491));
#5832 = CARTESIAN_POINT('',(19.045828025478,128.,44.176687898089));
#5833 = ORIENTED_EDGE('',*,*,#5834,.T.);
#5834 = EDGE_CURVE('',#5816,#5835,#5837,.T.);
#5835 = VERTEX_POINT('',#5836);
#5836 = CARTESIAN_POINT('',(18.701878980892,128.,45.131719745223));
#5837 = LINE('',#5838,#5839);
#5838 = CARTESIAN_POINT('',(12.562783020755,128.,45.873527173739));
#5839 = VECTOR('',#5840,1.);
#5840 = DIRECTION('',(-0.992778634966,-0.,0.119960751725));
#5841 = ORIENTED_EDGE('',*,*,#5842,.F.);
#5842 = EDGE_CURVE('',#5843,#5835,#5845,.T.);
#5843 = VERTEX_POINT('',#5844);
#5844 = CARTESIAN_POINT('',(18.501242038217,128.,44.677324840764));
#5845 = B_SPLINE_CURVE_WITH_KNOTS('',6,(#5846,#5847,#5848,#5849,#5850,
    #5851,#5852),.UNSPECIFIED.,.F.,.F.,(7,7),(0.,1.),
  .PIECEWISE_BEZIER_KNOTS.);
#5846 = CARTESIAN_POINT('',(18.501242038217,128.,44.677324840764));
#5847 = CARTESIAN_POINT('',(18.556870533025,128.,44.730871333428));
#5848 = CARTESIAN_POINT('',(18.603686454778,128.,44.794109167188));
#5849 = CARTESIAN_POINT('',(18.641334432805,128.,44.866648239929));
#5850 = CARTESIAN_POINT('',(18.669940920823,128.,44.947733860724));
#5851 = CARTESIAN_POINT('',(18.689928656576,128.,45.036423569268));
#5852 = CARTESIAN_POINT('',(18.701878980892,128.,45.131719745223));
#5853 = ORIENTED_EDGE('',*,*,#5854,.F.);
#5854 = EDGE_CURVE('',#5855,#5843,#5857,.T.);
#5855 = VERTEX_POINT('',#5856);
#5856 = CARTESIAN_POINT('',(18.105700636943,128.,44.52025477707));
#5857 = B_SPLINE_CURVE_WITH_KNOTS('',5,(#5858,#5859,#5860,#5861,#5862,
    #5863,#5864,#5865,#5866,#5867),.UNSPECIFIED.,.F.,.F.,(6,4,6),(0.,
    0.543351444364,1.),.UNSPECIFIED.);
#5858 = CARTESIAN_POINT('',(18.105700636943,128.,44.52025477707));
#5859 = CARTESIAN_POINT('',(18.155644085082,128.,44.52025477707));
#5860 = CARTESIAN_POINT('',(18.203952583925,128.,44.524797681381));
#5861 = CARTESIAN_POINT('',(18.250461768386,128.,44.534012596898));
#5862 = CARTESIAN_POINT('',(18.295030430005,128.,44.547951708071));
#5863 = CARTESIAN_POINT('',(18.373284473761,128.,44.58221133948));
#5864 = CARTESIAN_POINT('',(18.407573093882,128.,44.601159275567));
#5865 = CARTESIAN_POINT('',(18.440351571995,128.,44.623382760541));
#5866 = CARTESIAN_POINT('',(18.471580645617,128.,44.648808273844));
#5867 = CARTESIAN_POINT('',(18.501242038217,128.,44.677324840764));
#5868 = ORIENTED_EDGE('',*,*,#5869,.F.);
#5869 = EDGE_CURVE('',#5870,#5855,#5872,.T.);
#5870 = VERTEX_POINT('',#5871);
#5871 = CARTESIAN_POINT('',(17.685891719745,128.,44.710955414013));
#5872 = B_SPLINE_CURVE_WITH_KNOTS('',5,(#5873,#5874,#5875,#5876,#5877,
    #5878,#5879,#5880,#5881,#5882),.UNSPECIFIED.,.F.,.F.,(6,4,6),(0.,
    0.53843400727,1.),.UNSPECIFIED.);
#5873 = CARTESIAN_POINT('',(17.685891719745,128.,44.710955414013));
#5874 = CARTESIAN_POINT('',(17.722089418882,128.,44.670456194575));
#5875 = CARTESIAN_POINT('',(17.760863020826,128.,44.634939369583));
#5876 = CARTESIAN_POINT('',(17.802196017261,128.,44.604728883123));
#5877 = CARTESIAN_POINT('',(17.846008564231,128.,44.580046145366));
#5878 = CARTESIAN_POINT('',(17.931673677158,128.,44.544596189965));
#5879 = CARTESIAN_POINT('',(17.972916258291,128.,44.532344122044));
#5880 = CARTESIAN_POINT('',(18.015757879794,128.,44.524245984623));
#5881 = CARTESIAN_POINT('',(18.060068719146,128.,44.52025477707));
#5882 = CARTESIAN_POINT('',(18.105700636943,128.,44.52025477707));
#5883 = ORIENTED_EDGE('',*,*,#5884,.F.);
#5884 = EDGE_CURVE('',#5885,#5870,#5887,.T.);
#5885 = VERTEX_POINT('',#5886);
#5886 = CARTESIAN_POINT('',(17.51525477707,128.,45.225350318471));
#5887 = B_SPLINE_CURVE_WITH_KNOTS('',5,(#5888,#5889,#5890,#5891,#5892,
    #5893,#5894,#5895,#5896,#5897,#5898,#5899,#5900,#5901),
  .UNSPECIFIED.,.F.,.F.,(6,4,4,6),(0.,0.467668107409,0.921472972162,1.),
  .UNSPECIFIED.);
#5888 = CARTESIAN_POINT('',(17.51525477707,128.,45.225350318471));
#5889 = CARTESIAN_POINT('',(17.51525477707,128.,45.167197200063));
#5890 = CARTESIAN_POINT('',(17.518696980173,128.,45.110933426695));
#5891 = CARTESIAN_POINT('',(17.525768879323,128.,45.056779136286));
#5892 = CARTESIAN_POINT('',(17.536629739673,128.,45.004963106389));
#5893 = CARTESIAN_POINT('',(17.565656668487,128.,44.90788351176));
#5894 = CARTESIAN_POINT('',(17.583597293817,128.,44.862468809739));
#5895 = CARTESIAN_POINT('',(17.605257941518,128.,44.819641865447));
#5896 = CARTESIAN_POINT('',(17.63064632486,128.,44.779557817008));
#5897 = CARTESIAN_POINT('',(17.664706239305,128.,44.735874762025));
#5898 = CARTESIAN_POINT('',(17.669839832607,128.,44.729515996151));
#5899 = CARTESIAN_POINT('',(17.675082266273,128.,44.723242888426));
#5900 = CARTESIAN_POINT('',(17.680433073517,128.,44.717055894343));
#5901 = CARTESIAN_POINT('',(17.685891719745,128.,44.710955414013));
#5902 = ORIENTED_EDGE('',*,*,#5903,.F.);
#5903 = EDGE_CURVE('',#5904,#5885,#5906,.T.);
#5904 = VERTEX_POINT('',#5905);
#5905 = CARTESIAN_POINT('',(17.678630573248,128.,45.710700636943));
#5906 = B_SPLINE_CURVE_WITH_KNOTS('',6,(#5907,#5908,#5909,#5910,#5911,
    #5912,#5913,#5914,#5915,#5916,#5917,#5918),.UNSPECIFIED.,.F.,.F.,(7,
    5,7),(0.,9.047120982937E-02,1.),.UNSPECIFIED.);
#5907 = CARTESIAN_POINT('',(17.678630573248,128.,45.710700636943));
#5908 = CARTESIAN_POINT('',(17.673622316778,128.,45.70521205646));
#5909 = CARTESIAN_POINT('',(17.668705010939,128.,45.699650444771));
#5910 = CARTESIAN_POINT('',(17.663879029566,128.,45.6940160606));
#5911 = CARTESIAN_POINT('',(17.659144711086,128.,45.688309191625));
#5912 = CARTESIAN_POINT('',(17.654502358523,128.,45.682530154486));
#5913 = CARTESIAN_POINT('',(17.604208800594,128.,45.61785919761));
#5914 = CARTESIAN_POINT('',(17.567776039773,128.,45.551765963652));
#5915 = CARTESIAN_POINT('',(17.54096540301,128.,45.478783427529));
#5916 = CARTESIAN_POINT('',(17.523613751642,128.,45.399540334811));
#5917 = CARTESIAN_POINT('',(17.51525477707,128.,45.314796287071));
#5918 = CARTESIAN_POINT('',(17.51525477707,128.,45.225350318471));
#5919 = ORIENTED_EDGE('',*,*,#5920,.F.);
#5920 = EDGE_CURVE('',#5921,#5904,#5923,.T.);
#5921 = VERTEX_POINT('',#5922);
#5922 = CARTESIAN_POINT('',(18.077038216561,128.,45.889936305732));
#5923 = B_SPLINE_CURVE_WITH_KNOTS('',5,(#5924,#5925,#5926,#5927,#5928,
    #5929,#5930,#5931,#5932,#5933),.UNSPECIFIED.,.F.,.F.,(6,4,6),(0.,
    0.451512254603,1.),.UNSPECIFIED.);
#5924 = CARTESIAN_POINT('',(18.077038216561,128.,45.889936305732));
#5925 = CARTESIAN_POINT('',(18.03489974166,128.,45.889936305732));
#5926 = CARTESIAN_POINT('',(17.993939239343,128.,45.886335433249));
#5927 = CARTESIAN_POINT('',(17.954272945727,128.,45.879044219568));
#5928 = CARTESIAN_POINT('',(17.916002357714,128.,45.868027295382));
#5929 = CARTESIAN_POINT('',(17.834513289028,128.,45.83544888012));
#5930 = CARTESIAN_POINT('',(17.791994086726,128.,45.812129475938));
#5931 = CARTESIAN_POINT('',(17.751800404403,128.,45.783417722307));
#5932 = CARTESIAN_POINT('',(17.714006373932,128.,45.749510579681));
#5933 = CARTESIAN_POINT('',(17.678630573248,128.,45.710700636943));
#5934 = ORIENTED_EDGE('',*,*,#5935,.F.);
#5935 = EDGE_CURVE('',#5936,#5921,#5938,.T.);
#5936 = VERTEX_POINT('',#5937);
#5937 = CARTESIAN_POINT('',(18.44678343949,128.,45.82974522293));
#5938 = B_SPLINE_CURVE_WITH_KNOTS('',5,(#5939,#5940,#5941,#5942,#5943,
    #5944),.UNSPECIFIED.,.F.,.F.,(6,6),(0.,1.),
  .PIECEWISE_BEZIER_KNOTS.);
#5939 = CARTESIAN_POINT('',(18.44678343949,128.,45.82974522293));
#5940 = CARTESIAN_POINT('',(18.362856718096,128.,45.85324470492));
#5941 = CARTESIAN_POINT('',(18.283531922221,128.,45.871327036536));
#5942 = CARTESIAN_POINT('',(18.209199803665,128.,45.883660440165));
#5943 = CARTESIAN_POINT('',(18.140255291424,128.,45.889936305732));
#5944 = CARTESIAN_POINT('',(18.077038216561,128.,45.889936305732));
#5945 = ORIENTED_EDGE('',*,*,#5946,.T.);
#5946 = EDGE_CURVE('',#5936,#5947,#5949,.T.);
#5947 = VERTEX_POINT('',#5948);
#5948 = CARTESIAN_POINT('',(18.357929936306,128.,46.476942675159));
#5949 = LINE('',#5950,#5951);
#5950 = CARTESIAN_POINT('',(21.363927760337,128.,24.581642395603));
#5951 = VECTOR('',#5952,1.);
#5952 = DIRECTION('',(-0.136013796445,-0.,0.990706943135));
#5953 = ORIENTED_EDGE('',*,*,#5954,.F.);
#5954 = EDGE_CURVE('',#5955,#5947,#5957,.T.);
#5955 = VERTEX_POINT('',#5956);
#5956 = CARTESIAN_POINT('',(17.859203821656,128.,46.618343949045));
#5957 = B_SPLINE_CURVE_WITH_KNOTS('',5,(#5958,#5959,#5960,#5961,#5962,
    #5963,#5964,#5965,#5966,#5967),.UNSPECIFIED.,.F.,.F.,(6,4,6),(0.,
    0.465538113631,1.),.UNSPECIFIED.);
#5958 = CARTESIAN_POINT('',(17.859203821656,128.,46.618343949045));
#5959 = CARTESIAN_POINT('',(17.89221960596,128.,46.58954684829));
#5960 = CARTESIAN_POINT('',(17.928765074433,128.,46.564434226488));
#5961 = CARTESIAN_POINT('',(17.968717491345,128.,46.543083957641));
#5962 = CARTESIAN_POINT('',(18.011875830416,128.,46.525466096493));
#5963 = CARTESIAN_POINT('',(18.110936475591,128.,46.495420259062));
#5964 = CARTESIAN_POINT('',(18.167783069108,128.,46.484145978791));
#5965 = CARTESIAN_POINT('',(18.228163985336,128.,46.477499403562));
#5966 = CARTESIAN_POINT('',(18.291670016979,128.,46.475198993072));
#5967 = CARTESIAN_POINT('',(18.357929936306,128.,46.476942675159));
#5968 = ORIENTED_EDGE('',*,*,#5969,.F.);
#5969 = EDGE_CURVE('',#5970,#5955,#5972,.T.);
#5970 = VERTEX_POINT('',#5971);
#5971 = CARTESIAN_POINT('',(17.687229299363,128.,47.016942675159));
#5972 = B_SPLINE_CURVE_WITH_KNOTS('',5,(#5973,#5974,#5975,#5976,#5977,
    #5978,#5979,#5980,#5981,#5982),.UNSPECIFIED.,.F.,.F.,(6,4,6),(0.,
    0.62525664389,1.),.UNSPECIFIED.);
#5973 = CARTESIAN_POINT('',(17.687229299363,128.,47.016942675159));
#5974 = CARTESIAN_POINT('',(17.687229299363,128.,46.955918520258));
#5975 = CARTESIAN_POINT('',(17.693705933927,128.,46.897865476742));
#5976 = CARTESIAN_POINT('',(17.706974300995,128.,46.843173970138));
#5977 = CARTESIAN_POINT('',(17.727179050302,128.,46.792174183018));
#5978 = CARTESIAN_POINT('',(17.770382110865,128.,46.716859924577));
#5979 = CARTESIAN_POINT('',(17.789019054056,128.,46.690038954882));
#5980 = CARTESIAN_POINT('',(17.810075950051,128.,46.664665398832));
#5981 = CARTESIAN_POINT('',(17.833498256996,128.,46.640764913776));
#5982 = CARTESIAN_POINT('',(17.859203821656,128.,46.618343949045));
#5983 = ORIENTED_EDGE('',*,*,#5984,.F.);
#5984 = EDGE_CURVE('',#5985,#5970,#5987,.T.);
#5985 = VERTEX_POINT('',#5986);
#5986 = CARTESIAN_POINT('',(17.813343949045,128.,47.354012738854));
#5987 = B_SPLINE_CURVE_WITH_KNOTS('',5,(#5988,#5989,#5990,#5991,#5992,
    #5993,#5994,#5995,#5996,#5997),.UNSPECIFIED.,.F.,.F.,(6,4,6),(0.,
    0.220691717799,1.),.UNSPECIFIED.);
#5988 = CARTESIAN_POINT('',(17.813343949045,128.,47.354012738854));
#5989 = CARTESIAN_POINT('',(17.802160083378,128.,47.342862763689));
#5990 = CARTESIAN_POINT('',(17.791584760435,128.,47.331280746158));
#5991 = CARTESIAN_POINT('',(17.781624241557,128.,47.319268700776));
#5992 = CARTESIAN_POINT('',(17.77228315161,128.,47.306829836032));
#5993 = CARTESIAN_POINT('',(17.732777035493,128.,47.248552698287));
#5994 = CARTESIAN_POINT('',(17.709748159814,128.,47.197865815176));
#5995 = CARTESIAN_POINT('',(17.694618866246,128.,47.142110909594));
#5996 = CARTESIAN_POINT('',(17.687229299363,128.,47.081651534026));
#5997 = CARTESIAN_POINT('',(17.687229299363,128.,47.016942675159));
#5998 = ORIENTED_EDGE('',*,*,#5999,.F.);
#5999 = EDGE_CURVE('',#6000,#5985,#6002,.T.);
#6000 = VERTEX_POINT('',#6001);
#6001 = CARTESIAN_POINT('',(18.148694267516,128.,47.47974522293));
#6002 = B_SPLINE_CURVE_WITH_KNOTS('',5,(#6003,#6004,#6005,#6006,#6007,
    #6008,#6009,#6010,#6011,#6012),.UNSPECIFIED.,.F.,.F.,(6,4,6),(0.,
    0.76627008631,1.),.UNSPECIFIED.);
#6003 = CARTESIAN_POINT('',(18.148694267516,128.,47.47974522293));
#6004 = CARTESIAN_POINT('',(18.085645309352,128.,47.47974522293));
#6005 = CARTESIAN_POINT('',(18.026605091677,128.,47.472609941783));
#6006 = CARTESIAN_POINT('',(17.971988349512,128.,47.458018650211));
#6007 = CARTESIAN_POINT('',(17.922126281265,128.,47.435827135868));
#6008 = CARTESIAN_POINT('',(17.86350714763,128.,47.397115320724));
#6009 = CARTESIAN_POINT('',(17.85026577293,128.,47.387371791008));
#6010 = CARTESIAN_POINT('',(17.837489210217,128.,47.376936246209));
#6011 = CARTESIAN_POINT('',(17.825181173479,128.,47.365814092911));
#6012 = CARTESIAN_POINT('',(17.813343949045,128.,47.354012738854));
#6013 = ORIENTED_EDGE('',*,*,#6014,.F.);
#6014 = EDGE_CURVE('',#6015,#6000,#6017,.T.);
#6015 = VERTEX_POINT('',#6016);
#6016 = CARTESIAN_POINT('',(18.501242038217,128.,47.336242038217));
#6017 = B_SPLINE_CURVE_WITH_KNOTS('',5,(#6018,#6019,#6020,#6021,#6022,
    #6023,#6024,#6025,#6026,#6027),.UNSPECIFIED.,.F.,.F.,(6,4,6),(0.,
    0.485913541345,1.),.UNSPECIFIED.);
#6018 = CARTESIAN_POINT('',(18.501242038217,128.,47.336242038217));
#6019 = CARTESIAN_POINT('',(18.473011983895,128.,47.363955464093));
#6020 = CARTESIAN_POINT('',(18.443240797115,128.,47.388459442705));
#6021 = CARTESIAN_POINT('',(18.411944141894,128.,47.409646146938));
#6022 = CARTESIAN_POINT('',(18.379157499447,128.,47.427445307637));
#6023 = CARTESIAN_POINT('',(18.308738172486,128.,47.457053348328));
#6024 = CARTESIAN_POINT('',(18.270933502571,128.,47.468455601437));
#6025 = CARTESIAN_POINT('',(18.231595510739,128.,47.476009105582));
#6026 = CARTESIAN_POINT('',(18.190813963285,128.,47.47974522293));
#6027 = CARTESIAN_POINT('',(18.148694267516,128.,47.47974522293));
#6028 = ORIENTED_EDGE('',*,*,#6029,.F.);
#6029 = EDGE_CURVE('',#6030,#6015,#6032,.T.);
#6030 = VERTEX_POINT('',#6031);
#6031 = CARTESIAN_POINT('',(18.678949044586,128.,46.917197452229));
#6032 = B_SPLINE_CURVE_WITH_KNOTS('',6,(#6033,#6034,#6035,#6036,#6037,
    #6038,#6039),.UNSPECIFIED.,.F.,.F.,(7,7),(0.,1.),
  .PIECEWISE_BEZIER_KNOTS.);
#6033 = CARTESIAN_POINT('',(18.678949044586,128.,46.917197452229));
#6034 = CARTESIAN_POINT('',(18.668811329631,128.,47.005794936866));
#6035 = CARTESIAN_POINT('',(18.651362521876,128.,47.08794114577));
#6036 = CARTESIAN_POINT('',(18.626109242093,128.,47.162771050931));
#6037 = CARTESIAN_POINT('',(18.592690005867,128.,47.229476159124));
#6038 = CARTESIAN_POINT('',(18.550981922216,128.,47.287412426604));
#6039 = CARTESIAN_POINT('',(18.501242038217,128.,47.336242038217));
#6040 = ORIENTED_EDGE('',*,*,#6041,.T.);
#6041 = EDGE_CURVE('',#6030,#6042,#6044,.T.);
#6042 = VERTEX_POINT('',#6043);
#6043 = CARTESIAN_POINT('',(19.421305732484,128.,47.043503184713));
#6044 = LINE('',#6045,#6046);
#6045 = CARTESIAN_POINT('',(5.723235685779,128.,44.712892039058));
#6046 = VECTOR('',#6047,1.);
#6047 = DIRECTION('',(0.985832777796,0.,0.167731136711));
#6048 = ORIENTED_EDGE('',*,*,#6049,.F.);
#6049 = EDGE_CURVE('',#6050,#6042,#6052,.T.);
#6050 = VERTEX_POINT('',#6051);
#6051 = CARTESIAN_POINT('',(19.187802547771,128.,47.658598726115));
#6052 = B_SPLINE_CURVE_WITH_KNOTS('',6,(#6053,#6054,#6055,#6056,#6057,
    #6058,#6059),.UNSPECIFIED.,.F.,.F.,(7,7),(0.,1.),
  .PIECEWISE_BEZIER_KNOTS.);
#6053 = CARTESIAN_POINT('',(19.187802547771,128.,47.658598726115));
#6054 = CARTESIAN_POINT('',(19.242409704241,128.,47.578125021843));
#6055 = CARTESIAN_POINT('',(19.290416295712,128.,47.487484877459));
#6056 = CARTESIAN_POINT('',(19.331932797626,128.,47.387638462916));
#6057 = CARTESIAN_POINT('',(19.367303641302,128.,47.279691753222));
#6058 = CARTESIAN_POINT('',(19.396949398337,128.,47.164683464481));
#6059 = CARTESIAN_POINT('',(19.421305732484,128.,47.043503184713));
#6060 = ORIENTED_EDGE('',*,*,#6061,.F.);
#6061 = EDGE_CURVE('',#6062,#6050,#6064,.T.);
#6062 = VERTEX_POINT('',#6063);
#6063 = CARTESIAN_POINT('',(18.752133757962,128.,48.02050955414));
#6064 = B_SPLINE_CURVE_WITH_KNOTS('',5,(#6065,#6066,#6067,#6068,#6069,
    #6070,#6071,#6072,#6073,#6074),.UNSPECIFIED.,.F.,.F.,(6,4,6),(0.,
    0.862072781469,1.),.UNSPECIFIED.);
#6065 = CARTESIAN_POINT('',(18.752133757962,128.,48.02050955414));
#6066 = CARTESIAN_POINT('',(18.846614744473,128.,47.975983288951));
#6067 = CARTESIAN_POINT('',(18.933547186906,128.,47.923820033644));
#6068 = CARTESIAN_POINT('',(19.012118746163,128.,47.863810950202));
#6069 = CARTESIAN_POINT('',(19.081694903886,128.,47.795976528963));
#6070 = CARTESIAN_POINT('',(19.15161598361,128.,47.708661394524));
#6071 = CARTESIAN_POINT('',(19.161022115255,128.,47.696427678317));
#6072 = CARTESIAN_POINT('',(19.170189176447,128.,47.684004859248));
#6073 = CARTESIAN_POINT('',(19.179116222835,128.,47.671394595978));
#6074 = CARTESIAN_POINT('',(19.187802547771,128.,47.658598726115));
#6075 = ORIENTED_EDGE('',*,*,#6076,.F.);
#6076 = EDGE_CURVE('',#6077,#6062,#6079,.T.);
#6077 = VERTEX_POINT('',#6078);
#6078 = CARTESIAN_POINT('',(18.12576433121,128.,48.152356687898));
#6079 = B_SPLINE_CURVE_WITH_KNOTS('',5,(#6080,#6081,#6082,#6083,#6084,
    #6085),.UNSPECIFIED.,.F.,.F.,(6,6),(0.,1.),
  .PIECEWISE_BEZIER_KNOTS.);
#6080 = CARTESIAN_POINT('',(18.12576433121,128.,48.152356687898));
#6081 = CARTESIAN_POINT('',(18.261443216176,128.,48.152356687898));
#6082 = CARTESIAN_POINT('',(18.392797745447,128.,48.139744715301));
#6083 = CARTESIAN_POINT('',(18.518912103874,128.,48.113737245752));
#6084 = CARTESIAN_POINT('',(18.638917922901,128.,48.07390594935));
#6085 = CARTESIAN_POINT('',(18.752133757962,128.,48.02050955414));
#6086 = ORIENTED_EDGE('',*,*,#6087,.F.);
#6087 = EDGE_CURVE('',#6088,#6077,#6090,.T.);
#6088 = VERTEX_POINT('',#6089);
#6089 = CARTESIAN_POINT('',(17.174171974522,128.,47.773439490446));
#6090 = B_SPLINE_CURVE_WITH_KNOTS('',6,(#6091,#6092,#6093,#6094,#6095,
    #6096,#6097,#6098,#6099,#6100,#6101,#6102),.UNSPECIFIED.,.F.,.F.,(7,
    5,7),(0.,0.292778509617,1.),.UNSPECIFIED.);
#6091 = CARTESIAN_POINT('',(17.174171974522,128.,47.773439490446));
#6092 = CARTESIAN_POINT('',(17.209355428911,128.,47.810649511807));
#6093 = CARTESIAN_POINT('',(17.246135932271,128.,47.845917908916));
#6094 = CARTESIAN_POINT('',(17.284494952216,128.,47.879133269982));
#6095 = CARTESIAN_POINT('',(17.324396458118,128.,47.910201169101));
#6096 = CARTESIAN_POINT('',(17.365784164517,128.,47.93904799459));
#6097 = CARTESIAN_POINT('',(17.511951347556,128.,48.029822357673));
#6098 = CARTESIAN_POINT('',(17.623587273084,128.,48.080808389684));
#6099 = CARTESIAN_POINT('',(17.742267538627,128.,48.117790806573));
#6100 = CARTESIAN_POINT('',(17.866489215594,128.,48.141272255076));
#6101 = CARTESIAN_POINT('',(17.994758784745,128.,48.152356687898));
#6102 = CARTESIAN_POINT('',(18.12576433121,128.,48.152356687898));
#6103 = ORIENTED_EDGE('',*,*,#6104,.F.);
#6104 = EDGE_CURVE('',#6105,#6088,#6107,.T.);
#6105 = VERTEX_POINT('',#6106);
#6106 = CARTESIAN_POINT('',(16.878949044586,128.,47.073121019108));
#6107 = B_SPLINE_CURVE_WITH_KNOTS('',5,(#6108,#6109,#6110,#6111,#6112,
    #6113,#6114,#6115,#6116,#6117),.UNSPECIFIED.,.F.,.F.,(6,4,6),(0.,
    0.333171439456,1.),.UNSPECIFIED.);
#6108 = CARTESIAN_POINT('',(16.878949044586,128.,47.073121019108));
#6109 = CARTESIAN_POINT('',(16.878949044586,128.,47.125127390946));
#6110 = CARTESIAN_POINT('',(16.882223675106,128.,47.176580878877));
#6111 = CARTESIAN_POINT('',(16.888858471153,128.,47.227354016191));
#6112 = CARTESIAN_POINT('',(16.898887423759,128.,47.277323995419));
#6113 = CARTESIAN_POINT('',(16.939080270861,128.,47.424550970396));
#6114 = CARTESIAN_POINT('',(16.97935930147,128.,47.519079486674));
#6115 = CARTESIAN_POINT('',(17.032856585894,128.,47.608970428053));
#6116 = CARTESIAN_POINT('',(17.098312054219,128.,47.693798849195));
#6117 = CARTESIAN_POINT('',(17.174171974522,128.,47.773439490446));
#6118 = ORIENTED_EDGE('',*,*,#6119,.F.);
#6119 = EDGE_CURVE('',#6120,#6105,#6122,.T.);
#6120 = VERTEX_POINT('',#6121);
#6121 = CARTESIAN_POINT('',(17.48372611465,128.,46.189171974522));
#6122 = B_SPLINE_CURVE_WITH_KNOTS('',5,(#6123,#6124,#6125,#6126,#6127,
    #6128,#6129,#6130,#6131,#6132,#6133,#6134,#6135,#6136,#6137,#6138,
    #6139,#6140),.UNSPECIFIED.,.F.,.F.,(6,4,4,4,6),(0.,0.279273339972,
    0.424194978613,0.712088207241,1.),.UNSPECIFIED.);
#6123 = CARTESIAN_POINT('',(17.48372611465,128.,46.189171974522));
#6124 = CARTESIAN_POINT('',(17.423806986942,128.,46.221867182595));
#6125 = CARTESIAN_POINT('',(17.36610558714,128.,46.25675108878));
#6126 = CARTESIAN_POINT('',(17.310961853079,128.,46.293975090381));
#6127 = CARTESIAN_POINT('',(17.258813552373,128.,46.333674658926));
#6128 = CARTESIAN_POINT('',(17.18485929328,128.,46.397828344629));
#6129 = CARTESIAN_POINT('',(17.16052543568,128.,46.420428178348));
#6130 = CARTESIAN_POINT('',(17.137190015579,128.,46.443718637567));
#6131 = CARTESIAN_POINT('',(17.114918566708,128.,46.467699885437));
#6132 = CARTESIAN_POINT('',(17.051773973651,128.,46.541360476468));
#6133 = CARTESIAN_POINT('',(17.014216709042,128.,46.593060242215));
#6134 = CARTESIAN_POINT('',(16.981622056941,128.,46.647375225925));
#6135 = CARTESIAN_POINT('',(16.954388771314,128.,46.704102188504));
#6136 = CARTESIAN_POINT('',(16.910921162308,128.,46.821611519014));
#6137 = CARTESIAN_POINT('',(16.894681185627,128.,46.882411352658));
#6138 = CARTESIAN_POINT('',(16.884080905098,128.,46.944870607587));
#6139 = CARTESIAN_POINT('',(16.878949044586,128.,47.008575230367));
#6140 = CARTESIAN_POINT('',(16.878949044586,128.,47.073121019108));
#6141 = ORIENTED_EDGE('',*,*,#6142,.F.);
#6142 = EDGE_CURVE('',#6143,#6120,#6145,.T.);
#6143 = VERTEX_POINT('',#6144);
#6144 = CARTESIAN_POINT('',(16.90627388535,128.,45.840636942675));
#6145 = B_SPLINE_CURVE_WITH_KNOTS('',5,(#6146,#6147,#6148,#6149,#6150,
    #6151,#6152,#6153,#6154,#6155),.UNSPECIFIED.,.F.,.F.,(6,4,6),(0.,
    0.358302881818,1.),.UNSPECIFIED.);
#6146 = CARTESIAN_POINT('',(16.90627388535,128.,45.840636942675));
#6147 = CARTESIAN_POINT('',(16.937209762472,128.,45.879361446104));
#6148 = CARTESIAN_POINT('',(16.970154170874,128.,45.915815089925));
#6149 = CARTESIAN_POINT('',(17.005095598681,128.,45.949886350834));
#6150 = CARTESIAN_POINT('',(17.041995938591,128.,45.98149038745));
#6151 = CARTESIAN_POINT('',(17.150254730728,128.,46.062664446186));
#6152 = CARTESIAN_POINT('',(17.225794214509,128.,46.106681786214));
#6153 = CARTESIAN_POINT('',(17.30698786141,128.,46.142309666628));
#6154 = CARTESIAN_POINT('',(17.393204901491,128.,46.169678782059));
#6155 = CARTESIAN_POINT('',(17.48372611465,128.,46.189171974522));
#6156 = ORIENTED_EDGE('',*,*,#6157,.F.);
#6157 = EDGE_CURVE('',#6158,#6143,#6160,.T.);
#6158 = VERTEX_POINT('',#6159);
#6159 = CARTESIAN_POINT('',(16.689777070064,128.,45.186942675159));
#6160 = B_SPLINE_CURVE_WITH_KNOTS('',5,(#6161,#6162,#6163,#6164,#6165,
    #6166,#6167,#6168,#6169,#6170),.UNSPECIFIED.,.F.,.F.,(6,4,6),(0.,
    0.72435674643,1.),.UNSPECIFIED.);
#6161 = CARTESIAN_POINT('',(16.689777070064,128.,45.186942675159));
#6162 = CARTESIAN_POINT('',(16.689777070064,128.,45.294595848055));
#6163 = CARTESIAN_POINT('',(16.700471439104,128.,45.398784535384));
#6164 = CARTESIAN_POINT('',(16.722683707737,128.,45.498559688064));
#6165 = CARTESIAN_POINT('',(16.75686131654,128.,45.593005152545));
#6166 = CARTESIAN_POINT('',(16.820051284203,128.,45.715069612894));
#6167 = CARTESIAN_POINT('',(16.839149578924,128.,45.747845715157));
#6168 = CARTESIAN_POINT('',(16.859909428261,128.,45.779715834529));
#6169 = CARTESIAN_POINT('',(16.882299080762,128.,45.810652566593));
#6170 = CARTESIAN_POINT('',(16.90627388535,128.,45.840636942675));
#6171 = ORIENTED_EDGE('',*,*,#6172,.F.);
#6172 = EDGE_CURVE('',#6173,#6158,#6175,.T.);
#6173 = VERTEX_POINT('',#6174);
#6174 = CARTESIAN_POINT('',(17.093917197452,128.,44.239363057325));
#6175 = B_SPLINE_CURVE_WITH_KNOTS('',5,(#6176,#6177,#6178,#6179,#6180,
    #6181,#6182,#6183,#6184,#6185),.UNSPECIFIED.,.F.,.F.,(6,4,6),(0.,
    0.520608993295,1.),.UNSPECIFIED.);
#6176 = CARTESIAN_POINT('',(17.093917197452,128.,44.239363057325));
#6177 = CARTESIAN_POINT('',(17.01245892219,128.,44.318317886775));
#6178 = CARTESIAN_POINT('',(16.939441181651,128.,44.403206210314));
#6179 = CARTESIAN_POINT('',(16.876212592062,128.,44.493979464726));
#6180 = CARTESIAN_POINT('',(16.823902286975,128.,44.590275970035));
#6181 = CARTESIAN_POINT('',(16.7451265991,128.,44.784008913696));
#6182 = CARTESIAN_POINT('',(16.716926740535,128.,44.880790833872));
#6183 = CARTESIAN_POINT('',(16.698600006029,128.,44.980744080732));
#6184 = CARTESIAN_POINT('',(16.689777070064,128.,45.083055582978));
#6185 = CARTESIAN_POINT('',(16.689777070064,128.,45.186942675159));
#6186 = ORIENTED_EDGE('',*,*,#6187,.F.);
#6187 = EDGE_CURVE('',#6188,#6173,#6190,.T.);
#6188 = VERTEX_POINT('',#6189);
#6189 = CARTESIAN_POINT('',(18.099968152866,128.,43.847643312102));
#6190 = B_SPLINE_CURVE_WITH_KNOTS('',6,(#6191,#6192,#6193,#6194,#6195,
    #6196,#6197,#6198,#6199,#6200,#6201,#6202),.UNSPECIFIED.,.F.,.F.,(7,
    5,7),(0.,0.621176194093,1.),.UNSPECIFIED.);
#6191 = CARTESIAN_POINT('',(18.099968152866,128.,43.847643312102));
#6192 = CARTESIAN_POINT('',(17.981087724147,128.,43.847643312102));
#6193 = CARTESIAN_POINT('',(17.864038454165,128.,43.856811570192));
#6194 = CARTESIAN_POINT('',(17.749662261323,128.,43.875956674161));
#6195 = CARTESIAN_POINT('',(17.6388670495,128.,43.905698143538));
#6196 = CARTESIAN_POINT('',(17.532557118604,128.,43.946270386034));
#6197 = CARTESIAN_POINT('',(17.369934382788,128.,44.028340656156));
#6198 = CARTESIAN_POINT('',(17.310281573855,128.,44.063309697576));
#6199 = CARTESIAN_POINT('',(17.252755635565,128.,44.102071083698));
#6200 = CARTESIAN_POINT('',(17.19747646884,128.,44.144474014688));
#6201 = CARTESIAN_POINT('',(17.144518096059,128.,44.190317269077));
#6202 = CARTESIAN_POINT('',(17.093917197452,128.,44.239363057325));
#6203 = ORIENTED_EDGE('',*,*,#6204,.F.);
#6204 = EDGE_CURVE('',#5818,#6188,#6205,.T.);
#6205 = B_SPLINE_CURVE_WITH_KNOTS('',6,(#6206,#6207,#6208,#6209,#6210,
    #6211,#6212,#6213,#6214,#6215,#6216,#6217),.UNSPECIFIED.,.F.,.F.,(7,
    5,7),(0.,0.23551942394,1.),.UNSPECIFIED.);
#6206 = CARTESIAN_POINT('',(19.045828025478,128.,44.176687898089));
#6207 = CARTESIAN_POINT('',(19.015959326453,128.,44.150512885509));
#6208 = CARTESIAN_POINT('',(18.985250200466,128.,44.125499011913));
#6209 = CARTESIAN_POINT('',(18.953714932072,128.,44.101683258411));
#6210 = CARTESIAN_POINT('',(18.921372946579,128.,44.079096268472));
#6211 = CARTESIAN_POINT('',(18.888248810051,128.,44.057762347926));
#6212 = CARTESIAN_POINT('',(18.744411073933,128.,43.972576665053));
#6213 = CARTESIAN_POINT('',(18.626476154225,128.,43.920816633168));
#6214 = CARTESIAN_POINT('',(18.501701603791,128.,43.883119520439));
#6215 = CARTESIAN_POINT('',(18.371459406335,128.,43.85906053002));
#6216 = CARTESIAN_POINT('',(18.237132318576,128.,43.847643312102));
#6217 = CARTESIAN_POINT('',(18.099968152866,128.,43.847643312102));
#6218 = FACE_BOUND('',#6219,.T.);
#6219 = EDGE_LOOP('',(#6220,#6239,#6247,#6258,#6273,#6288,#6305,#6320,
    #6337,#6354,#6371,#6388,#6411,#6428,#6445,#6468));
#6220 = ORIENTED_EDGE('',*,*,#6221,.F.);
#6221 = EDGE_CURVE('',#6222,#6224,#6226,.T.);
#6222 = VERTEX_POINT('',#6223);
#6223 = CARTESIAN_POINT('',(24.657547770701,128.,44.899363057325));
#6224 = VERTEX_POINT('',#6225);
#6225 = CARTESIAN_POINT('',(24.267738853503,128.,44.111337579618));
#6226 = B_SPLINE_CURVE_WITH_KNOTS('',6,(#6227,#6228,#6229,#6230,#6231,
    #6232,#6233,#6234,#6235,#6236,#6237,#6238),.UNSPECIFIED.,.F.,.F.,(7,
    5,7),(0.,0.516587205336,1.),.UNSPECIFIED.);
#6227 = CARTESIAN_POINT('',(24.657547770701,128.,44.899363057325));
#6228 = CARTESIAN_POINT('',(24.643902001264,128.,44.816154187691));
#6229 = CARTESIAN_POINT('',(24.626676636238,128.,44.735127331945));
#6230 = CARTESIAN_POINT('',(24.605613950223,128.,44.656612333248));
#6231 = CARTESIAN_POINT('',(24.580461449622,128.,44.580998910106));
#6232 = CARTESIAN_POINT('',(24.550999243423,128.,44.50871686693));
#6233 = CARTESIAN_POINT('',(24.485381411149,128.,44.376065915804));
#6234 = CARTESIAN_POINT('',(24.449773534259,128.,44.315222884503));
#6235 = CARTESIAN_POINT('',(24.410182990885,128.,44.258028937572));
#6236 = CARTESIAN_POINT('',(24.366581549284,128.,44.204817498399));
#6237 = CARTESIAN_POINT('',(24.31903645548,128.,44.155860026617));
#6238 = CARTESIAN_POINT('',(24.267738853503,128.,44.111337579618));
#6239 = ORIENTED_EDGE('',*,*,#6240,.T.);
#6240 = EDGE_CURVE('',#6222,#6241,#6243,.T.);
#6241 = VERTEX_POINT('',#6242);
#6242 = CARTESIAN_POINT('',(23.877929936306,128.,44.984968152866));
#6243 = LINE('',#6244,#6245);
#6244 = CARTESIAN_POINT('',(14.911345947542,128.,45.969534237907));
#6245 = VECTOR('',#6246,1.);
#6246 = DIRECTION('',(-0.994025520727,-0.,0.109147900315));
#6247 = ORIENTED_EDGE('',*,*,#6248,.F.);
#6248 = EDGE_CURVE('',#6249,#6241,#6251,.T.);
#6249 = VERTEX_POINT('',#6250);
#6250 = CARTESIAN_POINT('',(23.728885350318,128.,44.634331210191));
#6251 = B_SPLINE_CURVE_WITH_KNOTS('',5,(#6252,#6253,#6254,#6255,#6256,
    #6257),.UNSPECIFIED.,.F.,.F.,(6,6),(0.,1.),
  .PIECEWISE_BEZIER_KNOTS.);
#6252 = CARTESIAN_POINT('',(23.728885350318,128.,44.634331210191));
#6253 = CARTESIAN_POINT('',(23.777954213778,128.,44.680829799851));
#6254 = CARTESIAN_POINT('',(23.817374153607,128.,44.739929851958));
#6255 = CARTESIAN_POINT('',(23.846858721556,128.,44.811134812177));
#6256 = CARTESIAN_POINT('',(23.866818753094,128.,44.893263854095));
#6257 = CARTESIAN_POINT('',(23.877929936306,128.,44.984968152866));
#6258 = ORIENTED_EDGE('',*,*,#6259,.F.);
#6259 = EDGE_CURVE('',#6260,#6249,#6262,.T.);
#6260 = VERTEX_POINT('',#6261);
#6261 = CARTESIAN_POINT('',(23.410732484076,128.,44.52025477707));
#6262 = B_SPLINE_CURVE_WITH_KNOTS('',5,(#6263,#6264,#6265,#6266,#6267,
    #6268,#6269,#6270,#6271,#6272),.UNSPECIFIED.,.F.,.F.,(6,4,6),(0.,
    0.805087789004,1.),.UNSPECIFIED.);
#6263 = CARTESIAN_POINT('',(23.410732484076,128.,44.52025477707));
#6264 = CARTESIAN_POINT('',(23.473423382129,128.,44.52025477707));
#6265 = CARTESIAN_POINT('',(23.531916459089,128.,44.527418851101));
#6266 = CARTESIAN_POINT('',(23.58581516474,128.,44.542049797066));
#6267 = CARTESIAN_POINT('',(23.634808141248,128.,44.564281766605));
#6268 = CARTESIAN_POINT('',(23.689354294837,128.,44.601189346702));
#6269 = CARTESIAN_POINT('',(23.699688508488,128.,44.608821735059));
#6270 = CARTESIAN_POINT('',(23.709722873559,128.,44.616891190887));
#6271 = CARTESIAN_POINT('',(23.719455578354,128.,44.625395378663));
#6272 = CARTESIAN_POINT('',(23.728885350318,128.,44.634331210191));
#6273 = ORIENTED_EDGE('',*,*,#6274,.F.);
#6274 = EDGE_CURVE('',#6275,#6260,#6277,.T.);
#6275 = VERTEX_POINT('',#6276);
#6276 = CARTESIAN_POINT('',(22.98652866242,128.,44.750318471338));
#6277 = B_SPLINE_CURVE_WITH_KNOTS('',5,(#6278,#6279,#6280,#6281,#6282,
    #6283,#6284,#6285,#6286,#6287),.UNSPECIFIED.,.F.,.F.,(6,4,6),(0.,
    0.684443852961,1.),.UNSPECIFIED.);
#6278 = CARTESIAN_POINT('',(22.98652866242,128.,44.750318471338));
#6279 = CARTESIAN_POINT('',(23.032902360037,128.,44.689297780704));
#6280 = CARTESIAN_POINT('',(23.083485558599,128.,44.637165369334));
#6281 = CARTESIAN_POINT('',(23.138309918381,128.,44.59503796462));
#6282 = CARTESIAN_POINT('',(23.197213930213,128.,44.563769063193));
#6283 = CARTESIAN_POINT('',(23.288469979181,128.,44.534183984715));
#6284 = CARTESIAN_POINT('',(23.318025368302,128.,44.527189734811));
#6285 = CARTESIAN_POINT('',(23.348291711649,128.,44.522551627091));
#6286 = CARTESIAN_POINT('',(23.379214448295,128.,44.52025477707));
#6287 = CARTESIAN_POINT('',(23.410732484076,128.,44.52025477707));
#6288 = ORIENTED_EDGE('',*,*,#6289,.F.);
#6289 = EDGE_CURVE('',#6290,#6275,#6292,.T.);
#6290 = VERTEX_POINT('',#6291);
#6291 = CARTESIAN_POINT('',(22.762961783439,128.,45.704394904459));
#6292 = B_SPLINE_CURVE_WITH_KNOTS('',6,(#6293,#6294,#6295,#6296,#6297,
    #6298,#6299,#6300,#6301,#6302,#6303,#6304),.UNSPECIFIED.,.F.,.F.,(7,
    5,7),(0.,0.858995679174,1.),.UNSPECIFIED.);
#6293 = CARTESIAN_POINT('',(22.762961783439,128.,45.704394904459));
#6294 = CARTESIAN_POINT('',(22.77421180317,128.,45.537276964306));
#6295 = CARTESIAN_POINT('',(22.790154058214,128.,45.376155810027));
#6296 = CARTESIAN_POINT('',(22.811884910156,128.,45.221417336885));
#6297 = CARTESIAN_POINT('',(22.841034474409,128.,45.076277451662));
#6298 = CARTESIAN_POINT('',(22.879819799118,128.,44.946876581405));
#6299 = CARTESIAN_POINT('',(22.939441339377,128.,44.825065454383));
#6300 = CARTESIAN_POINT('',(22.948175719722,128.,44.80857202643));
#6301 = CARTESIAN_POINT('',(22.957245862005,128.,44.792804687096));
#6302 = CARTESIAN_POINT('',(22.966658697798,128.,44.777809324143));
#6303 = CARTESIAN_POINT('',(22.976419015571,128.,44.763632268554));
#6304 = CARTESIAN_POINT('',(22.98652866242,128.,44.750318471338));
#6305 = ORIENTED_EDGE('',*,*,#6306,.F.);
#6306 = EDGE_CURVE('',#6307,#6290,#6309,.T.);
#6307 = VERTEX_POINT('',#6308);
#6308 = CARTESIAN_POINT('',(23.522515923567,128.,45.351847133758));
#6309 = B_SPLINE_CURVE_WITH_KNOTS('',5,(#6310,#6311,#6312,#6313,#6314,
    #6315,#6316,#6317,#6318,#6319),.UNSPECIFIED.,.F.,.F.,(6,4,6),(0.,
    0.469163514059,1.),.UNSPECIFIED.);
#6310 = CARTESIAN_POINT('',(23.522515923567,128.,45.351847133758));
#6311 = CARTESIAN_POINT('',(23.438902447052,128.,45.351847133758));
#6312 = CARTESIAN_POINT('',(23.357016805554,128.,45.359264259498));
#6313 = CARTESIAN_POINT('',(23.277464249165,128.,45.374618843568));
#6314 = CARTESIAN_POINT('',(23.200847680219,128.,45.398182211265));
#6315 = CARTESIAN_POINT('',(23.044903776696,128.,45.465414048558));
#6316 = CARTESIAN_POINT('',(22.966508787893,128.,45.511333624365));
#6317 = CARTESIAN_POINT('',(22.893267142019,128.,45.567162304103));
#6318 = CARTESIAN_POINT('',(22.82542533118,128.,45.631913617929));
#6319 = CARTESIAN_POINT('',(22.762961783439,128.,45.704394904459));
#6320 = ORIENTED_EDGE('',*,*,#6321,.F.);
#6321 = EDGE_CURVE('',#6322,#6307,#6324,.T.);
#6322 = VERTEX_POINT('',#6323);
#6323 = CARTESIAN_POINT('',(24.378184713376,128.,45.734394904459));
#6324 = B_SPLINE_CURVE_WITH_KNOTS('',6,(#6325,#6326,#6327,#6328,#6329,
    #6330,#6331,#6332,#6333,#6334,#6335,#6336),.UNSPECIFIED.,.F.,.F.,(7,
    5,7),(0.,0.592474696912,1.),.UNSPECIFIED.);
#6325 = CARTESIAN_POINT('',(24.378184713376,128.,45.734394904459));
#6326 = CARTESIAN_POINT('',(24.310070374986,128.,45.661975942453));
#6327 = CARTESIAN_POINT('',(24.237569844126,128.,45.59622960547));
#6328 = CARTESIAN_POINT('',(24.160686875255,128.,45.538071005846));
#6329 = CARTESIAN_POINT('',(24.079562085063,128.,45.488330585935));
#6330 = CARTESIAN_POINT('',(23.994538826777,128.,45.447619335398));
#6331 = CARTESIAN_POINT('',(23.845523225378,128.,45.394510027019));
#6332 = CARTESIAN_POINT('',(23.783234581451,128.,45.377234948373));
#6333 = CARTESIAN_POINT('',(23.719580289533,128.,45.364399874936));
#6334 = CARTESIAN_POINT('',(23.654767208743,128.,45.355974379334));
#6335 = CARTESIAN_POINT('',(23.589008081176,128.,45.351847133758));
#6336 = CARTESIAN_POINT('',(23.522515923567,128.,45.351847133758));
#6337 = ORIENTED_EDGE('',*,*,#6338,.F.);
#6338 = EDGE_CURVE('',#6339,#6322,#6341,.T.);
#6339 = VERTEX_POINT('',#6340);
#6340 = CARTESIAN_POINT('',(24.737802547771,128.,46.73050955414));
#6341 = B_SPLINE_CURVE_WITH_KNOTS('',6,(#6342,#6343,#6344,#6345,#6346,
    #6347,#6348,#6349,#6350,#6351,#6352,#6353),.UNSPECIFIED.,.F.,.F.,(7,
    5,7),(0.,0.781294362859,1.),.UNSPECIFIED.);
#6342 = CARTESIAN_POINT('',(24.737802547771,128.,46.73050955414));
#6343 = CARTESIAN_POINT('',(24.737802547771,128.,46.581526763419));
#6344 = CARTESIAN_POINT('',(24.72507291442,128.,46.435645838059));
#6345 = CARTESIAN_POINT('',(24.697992458381,128.,46.294461269543));
#6346 = CARTESIAN_POINT('',(24.65516149741,128.,46.159831064901));
#6347 = CARTESIAN_POINT('',(24.59590743184,128.,46.033650213105));
#6348 = CARTESIAN_POINT('',(24.500350473205,128.,45.884902354979));
#6349 = CARTESIAN_POINT('',(24.478241512225,128.,45.853146725696));
#6350 = CARTESIAN_POINT('',(24.454941843162,128.,45.822196887533));
#6351 = CARTESIAN_POINT('',(24.430477010199,128.,45.792076834575));
#6352 = CARTESIAN_POINT('',(24.404878694334,128.,45.762805129676));
#6353 = CARTESIAN_POINT('',(24.378184713376,128.,45.734394904459));
#6354 = ORIENTED_EDGE('',*,*,#6355,.F.);
#6355 = EDGE_CURVE('',#6356,#6339,#6358,.T.);
#6356 = VERTEX_POINT('',#6357);
#6357 = CARTESIAN_POINT('',(24.358121019108,128.,47.76101910828));
#6358 = B_SPLINE_CURVE_WITH_KNOTS('',6,(#6359,#6360,#6361,#6362,#6363,
    #6364,#6365,#6366,#6367,#6368,#6369,#6370),.UNSPECIFIED.,.F.,.F.,(7,
    5,7),(0.,0.222279449905,1.),.UNSPECIFIED.);
#6359 = CARTESIAN_POINT('',(24.358121019108,128.,47.76101910828));
#6360 = CARTESIAN_POINT('',(24.386786985826,128.,47.731487536126));
#6361 = CARTESIAN_POINT('',(24.414266630737,128.,47.700991656669));
#6362 = CARTESIAN_POINT('',(24.440514201595,128.,47.669545729072));
#6363 = CARTESIAN_POINT('',(24.465491378432,128.,47.637170863629));
#6364 = CARTESIAN_POINT('',(24.489167273565,128.,47.603895021768));
#6365 = CARTESIAN_POINT('',(24.589721589482,128.,47.450295551678));
#6366 = CARTESIAN_POINT('',(24.651750416967,128.,47.320173638298));
#6367 = CARTESIAN_POINT('',(24.696450402351,128.,47.181076034585));
#6368 = CARTESIAN_POINT('',(24.72461134937,128.,47.035122833763));
#6369 = CARTESIAN_POINT('',(24.737802547771,128.,46.884361342848));
#6370 = CARTESIAN_POINT('',(24.737802547771,128.,46.73050955414));
#6371 = ORIENTED_EDGE('',*,*,#6372,.F.);
#6372 = EDGE_CURVE('',#6373,#6356,#6375,.T.);
#6373 = VERTEX_POINT('',#6374);
#6374 = CARTESIAN_POINT('',(23.390668789809,128.,48.152356687898));
#6375 = B_SPLINE_CURVE_WITH_KNOTS('',6,(#6376,#6377,#6378,#6379,#6380,
    #6381,#6382,#6383,#6384,#6385,#6386,#6387),.UNSPECIFIED.,.F.,.F.,(7,
    5,7),(0.,0.625430422664,1.),.UNSPECIFIED.);
#6376 = CARTESIAN_POINT('',(23.390668789809,128.,48.152356687898));
#6377 = CARTESIAN_POINT('',(23.507153118098,128.,48.152356687898));
#6378 = CARTESIAN_POINT('',(23.621645461176,128.,48.143128669255));
#6379 = CARTESIAN_POINT('',(23.733254322008,128.,48.123809931451));
#6380 = CARTESIAN_POINT('',(23.84101266922,128.,48.09372850364));
#6381 = CARTESIAN_POINT('',(23.943960369734,128.,48.052622108695));
#6382 = CARTESIAN_POINT('',(24.099531547091,128.,47.97001073087));
#6383 = CARTESIAN_POINT('',(24.155793658059,128.,47.935270384816));
#6384 = CARTESIAN_POINT('',(24.209874578283,128.,47.89682295378));
#6385 = CARTESIAN_POINT('',(24.261660403237,128.,47.854822804951));
#6386 = CARTESIAN_POINT('',(24.311085067884,128.,47.809474655618));
#6387 = CARTESIAN_POINT('',(24.358121019108,128.,47.76101910828));
#6388 = ORIENTED_EDGE('',*,*,#6389,.F.);
#6389 = EDGE_CURVE('',#6390,#6373,#6392,.T.);
#6390 = VERTEX_POINT('',#6391);
#6391 = CARTESIAN_POINT('',(22.341624203822,128.,47.656687898089));
#6392 = B_SPLINE_CURVE_WITH_KNOTS('',5,(#6393,#6394,#6395,#6396,#6397,
    #6398,#6399,#6400,#6401,#6402,#6403,#6404,#6405,#6406,#6407,#6408,
    #6409,#6410),.UNSPECIFIED.,.F.,.F.,(6,4,4,4,6),(0.,0.168008885809,
    0.509335494651,0.745588867293,1.),.UNSPECIFIED.);
#6393 = CARTESIAN_POINT('',(22.341624203822,128.,47.656687898089));
#6394 = CARTESIAN_POINT('',(22.36805701788,128.,47.688653734764));
#6395 = CARTESIAN_POINT('',(22.395329338363,128.,47.719625997544));
#6396 = CARTESIAN_POINT('',(22.423449819945,128.,47.7495394293));
#6397 = CARTESIAN_POINT('',(22.452419071489,128.,47.778330169333));
#6398 = CARTESIAN_POINT('',(22.54279279643,128.,47.862019217897));
#6399 = CARTESIAN_POINT('',(22.606836086525,128.,47.913219677067));
#6400 = CARTESIAN_POINT('',(22.674272966979,128.,47.958999374099));
#6401 = CARTESIAN_POINT('',(22.744890139735,128.,47.998940857562));
#6402 = CARTESIAN_POINT('',(22.869080445504,128.,48.056338157694));
#6403 = CARTESIAN_POINT('',(22.92121389239,128.,48.076933434452));
#6404 = CARTESIAN_POINT('',(22.97455214738,128.,48.094585864009));
#6405 = CARTESIAN_POINT('',(23.0289496007,128.,48.109299728413));
#6406 = CARTESIAN_POINT('',(23.143801767831,128.,48.133867557083));
#6407 = CARTESIAN_POINT('',(23.204403589236,128.,48.143261645898));
#6408 = CARTESIAN_POINT('',(23.265865048496,128.,48.149379126302));
#6409 = CARTESIAN_POINT('',(23.328006157106,128.,48.152356687898));
#6410 = CARTESIAN_POINT('',(23.390668789809,128.,48.152356687898));
#6411 = ORIENTED_EDGE('',*,*,#6412,.F.);
#6412 = EDGE_CURVE('',#6413,#6390,#6415,.T.);
#6413 = VERTEX_POINT('',#6414);
#6414 = CARTESIAN_POINT('',(21.931751592357,128.,46.025796178344));
#6415 = B_SPLINE_CURVE_WITH_KNOTS('',6,(#6416,#6417,#6418,#6419,#6420,
    #6421,#6422,#6423,#6424,#6425,#6426,#6427),.UNSPECIFIED.,.F.,.F.,(7,
    5,7),(0.,0.630317026835,1.),.UNSPECIFIED.);
#6416 = CARTESIAN_POINT('',(21.931751592357,128.,46.025796178344));
#6417 = CARTESIAN_POINT('',(21.931751592357,128.,46.217076941465));
#6418 = CARTESIAN_POINT('',(21.938734195634,128.,46.406353617634));
#6419 = CARTESIAN_POINT('',(21.953912605135,128.,46.593384428941));
#6420 = CARTESIAN_POINT('',(21.979012313045,128.,46.776990461496));
#6421 = CARTESIAN_POINT('',(22.016266393952,128.,46.955063794168));
#6422 = CARTESIAN_POINT('',(22.099426260657,128.,47.223794097524));
#6423 = CARTESIAN_POINT('',(22.135363931618,128.,47.320083099243));
#6424 = CARTESIAN_POINT('',(22.17706729402,128.,47.412601783243));
#6425 = CARTESIAN_POINT('',(22.225101369628,128.,47.500348333283));
#6426 = CARTESIAN_POINT('',(22.279943861809,128.,47.58209637959));
#6427 = CARTESIAN_POINT('',(22.341624203822,128.,47.656687898089));
#6428 = ORIENTED_EDGE('',*,*,#6429,.F.);
#6429 = EDGE_CURVE('',#6430,#6413,#6432,.T.);
#6430 = VERTEX_POINT('',#6431);
#6431 = CARTESIAN_POINT('',(22.358821656051,128.,44.359171974522));
#6432 = B_SPLINE_CURVE_WITH_KNOTS('',6,(#6433,#6434,#6435,#6436,#6437,
    #6438,#6439,#6440,#6441,#6442,#6443,#6444),.UNSPECIFIED.,.F.,.F.,(7,
    5,7),(0.,0.377285496374,1.),.UNSPECIFIED.);
#6433 = CARTESIAN_POINT('',(22.358821656051,128.,44.359171974522));
#6434 = CARTESIAN_POINT('',(22.293568081087,128.,44.437330283327));
#6435 = CARTESIAN_POINT('',(22.235580510791,128.,44.522966294768));
#6436 = CARTESIAN_POINT('',(22.184867318745,128.,44.61487223516));
#6437 = CARTESIAN_POINT('',(22.140933324154,128.,44.711755362287));
#6438 = CARTESIAN_POINT('',(22.103179020298,128.,44.812553643082));
#6439 = CARTESIAN_POINT('',(22.017872064124,128.,45.088081371474));
#6440 = CARTESIAN_POINT('',(21.979977511777,128.,45.2680713997));
#6441 = CARTESIAN_POINT('',(21.954391174328,128.,45.453442159261));
#6442 = CARTESIAN_POINT('',(21.938889865668,128.,45.642139887813));
#6443 = CARTESIAN_POINT('',(21.931751592357,128.,45.833009396475));
#6444 = CARTESIAN_POINT('',(21.931751592357,128.,46.025796178344));
#6445 = ORIENTED_EDGE('',*,*,#6446,.F.);
#6446 = EDGE_CURVE('',#6447,#6430,#6449,.T.);
#6447 = VERTEX_POINT('',#6448);
#6448 = CARTESIAN_POINT('',(23.470923566879,128.,43.847643312102));
#6449 = B_SPLINE_CURVE_WITH_KNOTS('',5,(#6450,#6451,#6452,#6453,#6454,
    #6455,#6456,#6457,#6458,#6459,#6460,#6461,#6462,#6463,#6464,#6465,
    #6466,#6467),.UNSPECIFIED.,.F.,.F.,(6,4,4,4,6),(0.,0.181294257793,
    0.539584172253,0.766689315015,1.),.UNSPECIFIED.);
#6450 = CARTESIAN_POINT('',(23.470923566879,128.,43.847643312102));
#6451 = CARTESIAN_POINT('',(23.423638330016,128.,43.847643312102));
#6452 = CARTESIAN_POINT('',(23.376619962219,128.,43.849166601159));
#6453 = CARTESIAN_POINT('',(23.329926508264,128.,43.852277717664));
#6454 = CARTESIAN_POINT('',(23.283623690223,128.,43.857036269476));
#6455 = CARTESIAN_POINT('',(23.147188474342,128.,43.876239748245));
#6456 = CARTESIAN_POINT('',(23.058382748243,128.,43.895608078018));
#6457 = CARTESIAN_POINT('',(22.971956344801,128.,43.92194837457));
#6458 = CARTESIAN_POINT('',(22.888491893689,128.,43.955399311223));
#6459 = CARTESIAN_POINT('',(22.757787937721,128.,44.021248555876));
#6460 = CARTESIAN_POINT('',(22.708468282339,128.,44.049550817239));
#6461 = CARTESIAN_POINT('',(22.660660105877,128.,44.08054700901));
#6462 = CARTESIAN_POINT('',(22.614449811503,128.,44.114126345528));
#6463 = CARTESIAN_POINT('',(22.524118946182,128.,44.187140576303));
#6464 = CARTESIAN_POINT('',(22.480088030367,128.,44.226712025868));
#6465 = CARTESIAN_POINT('',(22.437858886975,128.,44.268697946086));
#6466 = CARTESIAN_POINT('',(22.397442446074,128.,44.312913426472));
#6467 = CARTESIAN_POINT('',(22.358821656051,128.,44.359171974522));
#6468 = ORIENTED_EDGE('',*,*,#6469,.F.);
#6469 = EDGE_CURVE('',#6224,#6447,#6470,.T.);
#6470 = B_SPLINE_CURVE_WITH_KNOTS('',6,(#6471,#6472,#6473,#6474,#6475,
    #6476,#6477,#6478,#6479,#6480,#6481,#6482),.UNSPECIFIED.,.F.,.F.,(7,
    5,7),(0.,0.110860947148,1.),.UNSPECIFIED.);
#6471 = CARTESIAN_POINT('',(24.267738853503,128.,44.111337579618));
#6472 = CARTESIAN_POINT('',(24.256206516071,128.,44.101328381092));
#6473 = CARTESIAN_POINT('',(24.244502950989,128.,44.091540457859));
#6474 = CARTESIAN_POINT('',(24.232629642673,128.,44.081976027838));
#6475 = CARTESIAN_POINT('',(24.220588271169,128.,44.072637067686));
#6476 = CARTESIAN_POINT('',(24.208380712155,128.,44.063525312802));
#6477 = CARTESIAN_POINT('',(24.096784378812,128.,43.983397407482));
#6478 = CARTESIAN_POINT('',(23.98695772831,128.,43.926830882603));
#6479 = CARTESIAN_POINT('',(23.86774257746,128.,43.885856559155));
#6480 = CARTESIAN_POINT('',(23.740848290658,128.,43.859883593452));
#6481 = CARTESIAN_POINT('',(23.608046037969,128.,43.847643312102));
#6482 = CARTESIAN_POINT('',(23.470923566879,128.,43.847643312102));
#6483 = FACE_BOUND('',#6484,.T.);
#6484 = EDGE_LOOP('',(#6485,#6496,#6504,#6513,#6521));
#6485 = ORIENTED_EDGE('',*,*,#6486,.F.);
#6486 = EDGE_CURVE('',#6487,#6489,#6491,.T.);
#6487 = VERTEX_POINT('',#6488);
#6488 = CARTESIAN_POINT('',(46.5,128.,46.5));
#6489 = VERTEX_POINT('',#6490);
#6490 = CARTESIAN_POINT('',(48.,128.,48.));
#6491 = CIRCLE('',#6492,1.5);
#6492 = AXIS2_PLACEMENT_3D('',#6493,#6494,#6495);
#6493 = CARTESIAN_POINT('',(48.,128.,46.5));
#6494 = DIRECTION('',(0.,1.,0.));
#6495 = DIRECTION('',(0.,-0.,1.));
#6496 = ORIENTED_EDGE('',*,*,#6497,.T.);
#6497 = EDGE_CURVE('',#6487,#6498,#6500,.T.);
#6498 = VERTEX_POINT('',#6499);
#6499 = CARTESIAN_POINT('',(46.5,128.,13.5));
#6500 = LINE('',#6501,#6502);
#6501 = CARTESIAN_POINT('',(46.5,128.,6.75));
#6502 = VECTOR('',#6503,1.);
#6503 = DIRECTION('',(-0.,0.,-1.));
#6504 = ORIENTED_EDGE('',*,*,#6505,.F.);
#6505 = EDGE_CURVE('',#6506,#6498,#6508,.T.);
#6506 = VERTEX_POINT('',#6507);
#6507 = CARTESIAN_POINT('',(49.5,128.,13.5));
#6508 = CIRCLE('',#6509,1.5);
#6509 = AXIS2_PLACEMENT_3D('',#6510,#6511,#6512);
#6510 = CARTESIAN_POINT('',(48.,128.,13.5));
#6511 = DIRECTION('',(0.,1.,0.));
#6512 = DIRECTION('',(0.,-0.,1.));
#6513 = ORIENTED_EDGE('',*,*,#6514,.F.);
#6514 = EDGE_CURVE('',#6515,#6506,#6517,.T.);
#6515 = VERTEX_POINT('',#6516);
#6516 = CARTESIAN_POINT('',(49.5,128.,46.5));
#6517 = LINE('',#6518,#6519);
#6518 = CARTESIAN_POINT('',(49.5,128.,6.75));
#6519 = VECTOR('',#6520,1.);
#6520 = DIRECTION('',(-0.,0.,-1.));
#6521 = ORIENTED_EDGE('',*,*,#6522,.F.);
#6522 = EDGE_CURVE('',#6489,#6515,#6523,.T.);
#6523 = CIRCLE('',#6524,1.5);
#6524 = AXIS2_PLACEMENT_3D('',#6525,#6526,#6527);
#6525 = CARTESIAN_POINT('',(48.,128.,46.5));
#6526 = DIRECTION('',(0.,1.,0.));
#6527 = DIRECTION('',(0.,-0.,1.));
#6528 = FACE_BOUND('',#6529,.T.);
#6529 = EDGE_LOOP('',(#6530,#6541,#6549,#6558,#6566));
#6530 = ORIENTED_EDGE('',*,*,#6531,.F.);
#6531 = EDGE_CURVE('',#6532,#6534,#6536,.T.);
#6532 = VERTEX_POINT('',#6533);
#6533 = CARTESIAN_POINT('',(52.5,128.,46.5));
#6534 = VERTEX_POINT('',#6535);
#6535 = CARTESIAN_POINT('',(54.,128.,48.));
#6536 = CIRCLE('',#6537,1.5);
#6537 = AXIS2_PLACEMENT_3D('',#6538,#6539,#6540);
#6538 = CARTESIAN_POINT('',(54.,128.,46.5));
#6539 = DIRECTION('',(0.,1.,0.));
#6540 = DIRECTION('',(0.,-0.,1.));
#6541 = ORIENTED_EDGE('',*,*,#6542,.T.);
#6542 = EDGE_CURVE('',#6532,#6543,#6545,.T.);
#6543 = VERTEX_POINT('',#6544);
#6544 = CARTESIAN_POINT('',(52.5,128.,13.5));
#6545 = LINE('',#6546,#6547);
#6546 = CARTESIAN_POINT('',(52.5,128.,6.75));
#6547 = VECTOR('',#6548,1.);
#6548 = DIRECTION('',(-0.,0.,-1.));
#6549 = ORIENTED_EDGE('',*,*,#6550,.F.);
#6550 = EDGE_CURVE('',#6551,#6543,#6553,.T.);
#6551 = VERTEX_POINT('',#6552);
#6552 = CARTESIAN_POINT('',(55.5,128.,13.5));
#6553 = CIRCLE('',#6554,1.5);
#6554 = AXIS2_PLACEMENT_3D('',#6555,#6556,#6557);
#6555 = CARTESIAN_POINT('',(54.,128.,13.5));
#6556 = DIRECTION('',(0.,1.,0.));
#6557 = DIRECTION('',(0.,-0.,1.));
#6558 = ORIENTED_EDGE('',*,*,#6559,.F.);
#6559 = EDGE_CURVE('',#6560,#6551,#6562,.T.);
#6560 = VERTEX_POINT('',#6561);
#6561 = CARTESIAN_POINT('',(55.5,128.,46.5));
#6562 = LINE('',#6563,#6564);
#6563 = CARTESIAN_POINT('',(55.5,128.,6.75));
#6564 = VECTOR('',#6565,1.);
#6565 = DIRECTION('',(-0.,0.,-1.));
#6566 = ORIENTED_EDGE('',*,*,#6567,.F.);
#6567 = EDGE_CURVE('',#6534,#6560,#6568,.T.);
#6568 = CIRCLE('',#6569,1.5);
#6569 = AXIS2_PLACEMENT_3D('',#6570,#6571,#6572);
#6570 = CARTESIAN_POINT('',(54.,128.,46.5));
#6571 = DIRECTION('',(0.,1.,0.));
#6572 = DIRECTION('',(0.,-0.,1.));
#6573 = FACE_BOUND('',#6574,.T.);
#6574 = EDGE_LOOP('',(#6575,#6586,#6594,#6603,#6611));
#6575 = ORIENTED_EDGE('',*,*,#6576,.F.);
#6576 = EDGE_CURVE('',#6577,#6579,#6581,.T.);
#6577 = VERTEX_POINT('',#6578);
#6578 = CARTESIAN_POINT('',(58.5,128.,46.5));
#6579 = VERTEX_POINT('',#6580);
#6580 = CARTESIAN_POINT('',(60.,128.,48.));
#6581 = CIRCLE('',#6582,1.5);
#6582 = AXIS2_PLACEMENT_3D('',#6583,#6584,#6585);
#6583 = CARTESIAN_POINT('',(60.,128.,46.5));
#6584 = DIRECTION('',(0.,1.,0.));
#6585 = DIRECTION('',(0.,-0.,1.));
#6586 = ORIENTED_EDGE('',*,*,#6587,.T.);
#6587 = EDGE_CURVE('',#6577,#6588,#6590,.T.);
#6588 = VERTEX_POINT('',#6589);
#6589 = CARTESIAN_POINT('',(58.5,128.,13.5));
#6590 = LINE('',#6591,#6592);
#6591 = CARTESIAN_POINT('',(58.5,128.,6.75));
#6592 = VECTOR('',#6593,1.);
#6593 = DIRECTION('',(-0.,0.,-1.));
#6594 = ORIENTED_EDGE('',*,*,#6595,.F.);
#6595 = EDGE_CURVE('',#6596,#6588,#6598,.T.);
#6596 = VERTEX_POINT('',#6597);
#6597 = CARTESIAN_POINT('',(61.5,128.,13.5));
#6598 = CIRCLE('',#6599,1.5);
#6599 = AXIS2_PLACEMENT_3D('',#6600,#6601,#6602);
#6600 = CARTESIAN_POINT('',(60.,128.,13.5));
#6601 = DIRECTION('',(0.,1.,0.));
#6602 = DIRECTION('',(0.,-0.,1.));
#6603 = ORIENTED_EDGE('',*,*,#6604,.F.);
#6604 = EDGE_CURVE('',#6605,#6596,#6607,.T.);
#6605 = VERTEX_POINT('',#6606);
#6606 = CARTESIAN_POINT('',(61.5,128.,46.5));
#6607 = LINE('',#6608,#6609);
#6608 = CARTESIAN_POINT('',(61.5,128.,6.75));
#6609 = VECTOR('',#6610,1.);
#6610 = DIRECTION('',(-0.,0.,-1.));
#6611 = ORIENTED_EDGE('',*,*,#6612,.F.);
#6612 = EDGE_CURVE('',#6579,#6605,#6613,.T.);
#6613 = CIRCLE('',#6614,1.5);
#6614 = AXIS2_PLACEMENT_3D('',#6615,#6616,#6617);
#6615 = CARTESIAN_POINT('',(60.,128.,46.5));
#6616 = DIRECTION('',(0.,1.,0.));
#6617 = DIRECTION('',(0.,-0.,1.));
#6618 = FACE_BOUND('',#6619,.T.);
#6619 = EDGE_LOOP('',(#6620,#6631,#6639,#6648,#6656));
#6620 = ORIENTED_EDGE('',*,*,#6621,.F.);
#6621 = EDGE_CURVE('',#6622,#6624,#6626,.T.);
#6622 = VERTEX_POINT('',#6623);
#6623 = CARTESIAN_POINT('',(64.5,128.,46.5));
#6624 = VERTEX_POINT('',#6625);
#6625 = CARTESIAN_POINT('',(66.,128.,48.));
#6626 = CIRCLE('',#6627,1.5);
#6627 = AXIS2_PLACEMENT_3D('',#6628,#6629,#6630);
#6628 = CARTESIAN_POINT('',(66.,128.,46.5));
#6629 = DIRECTION('',(0.,1.,0.));
#6630 = DIRECTION('',(0.,-0.,1.));
#6631 = ORIENTED_EDGE('',*,*,#6632,.T.);
#6632 = EDGE_CURVE('',#6622,#6633,#6635,.T.);
#6633 = VERTEX_POINT('',#6634);
#6634 = CARTESIAN_POINT('',(64.5,128.,13.5));
#6635 = LINE('',#6636,#6637);
#6636 = CARTESIAN_POINT('',(64.5,128.,6.75));
#6637 = VECTOR('',#6638,1.);
#6638 = DIRECTION('',(-0.,0.,-1.));
#6639 = ORIENTED_EDGE('',*,*,#6640,.F.);
#6640 = EDGE_CURVE('',#6641,#6633,#6643,.T.);
#6641 = VERTEX_POINT('',#6642);
#6642 = CARTESIAN_POINT('',(67.5,128.,13.5));
#6643 = CIRCLE('',#6644,1.5);
#6644 = AXIS2_PLACEMENT_3D('',#6645,#6646,#6647);
#6645 = CARTESIAN_POINT('',(66.,128.,13.5));
#6646 = DIRECTION('',(0.,1.,0.));
#6647 = DIRECTION('',(0.,-0.,1.));
#6648 = ORIENTED_EDGE('',*,*,#6649,.F.);
#6649 = EDGE_CURVE('',#6650,#6641,#6652,.T.);
#6650 = VERTEX_POINT('',#6651);
#6651 = CARTESIAN_POINT('',(67.5,128.,46.5));
#6652 = LINE('',#6653,#6654);
#6653 = CARTESIAN_POINT('',(67.5,128.,6.75));
#6654 = VECTOR('',#6655,1.);
#6655 = DIRECTION('',(-0.,0.,-1.));
#6656 = ORIENTED_EDGE('',*,*,#6657,.F.);
#6657 = EDGE_CURVE('',#6624,#6650,#6658,.T.);
#6658 = CIRCLE('',#6659,1.5);
#6659 = AXIS2_PLACEMENT_3D('',#6660,#6661,#6662);
#6660 = CARTESIAN_POINT('',(66.,128.,46.5));
#6661 = DIRECTION('',(0.,1.,0.));
#6662 = DIRECTION('',(0.,-0.,1.));
#6663 = FACE_BOUND('',#6664,.T.);
#6664 = EDGE_LOOP('',(#6665,#6676,#6684,#6693,#6701));
#6665 = ORIENTED_EDGE('',*,*,#6666,.F.);
#6666 = EDGE_CURVE('',#6667,#6669,#6671,.T.);
#6667 = VERTEX_POINT('',#6668);
#6668 = CARTESIAN_POINT('',(70.5,128.,46.5));
#6669 = VERTEX_POINT('',#6670);
#6670 = CARTESIAN_POINT('',(72.,128.,48.));
#6671 = CIRCLE('',#6672,1.5);
#6672 = AXIS2_PLACEMENT_3D('',#6673,#6674,#6675);
#6673 = CARTESIAN_POINT('',(72.,128.,46.5));
#6674 = DIRECTION('',(0.,1.,0.));
#6675 = DIRECTION('',(0.,-0.,1.));
#6676 = ORIENTED_EDGE('',*,*,#6677,.T.);
#6677 = EDGE_CURVE('',#6667,#6678,#6680,.T.);
#6678 = VERTEX_POINT('',#6679);
#6679 = CARTESIAN_POINT('',(70.5,128.,13.5));
#6680 = LINE('',#6681,#6682);
#6681 = CARTESIAN_POINT('',(70.5,128.,6.75));
#6682 = VECTOR('',#6683,1.);
#6683 = DIRECTION('',(-0.,0.,-1.));
#6684 = ORIENTED_EDGE('',*,*,#6685,.F.);
#6685 = EDGE_CURVE('',#6686,#6678,#6688,.T.);
#6686 = VERTEX_POINT('',#6687);
#6687 = CARTESIAN_POINT('',(73.5,128.,13.5));
#6688 = CIRCLE('',#6689,1.5);
#6689 = AXIS2_PLACEMENT_3D('',#6690,#6691,#6692);
#6690 = CARTESIAN_POINT('',(72.,128.,13.5));
#6691 = DIRECTION('',(0.,1.,0.));
#6692 = DIRECTION('',(0.,-0.,1.));
#6693 = ORIENTED_EDGE('',*,*,#6694,.F.);
#6694 = EDGE_CURVE('',#6695,#6686,#6697,.T.);
#6695 = VERTEX_POINT('',#6696);
#6696 = CARTESIAN_POINT('',(73.5,128.,46.5));
#6697 = LINE('',#6698,#6699);
#6698 = CARTESIAN_POINT('',(73.5,128.,6.75));
#6699 = VECTOR('',#6700,1.);
#6700 = DIRECTION('',(-0.,0.,-1.));
#6701 = ORIENTED_EDGE('',*,*,#6702,.F.);
#6702 = EDGE_CURVE('',#6669,#6695,#6703,.T.);
#6703 = CIRCLE('',#6704,1.5);
#6704 = AXIS2_PLACEMENT_3D('',#6705,#6706,#6707);
#6705 = CARTESIAN_POINT('',(72.,128.,46.5));
#6706 = DIRECTION('',(0.,1.,0.));
#6707 = DIRECTION('',(0.,-0.,1.));
#6708 = FACE_BOUND('',#6709,.T.);
#6709 = EDGE_LOOP('',(#6710,#6721,#6729,#6738,#6746));
#6710 = ORIENTED_EDGE('',*,*,#6711,.F.);
#6711 = EDGE_CURVE('',#6712,#6714,#6716,.T.);
#6712 = VERTEX_POINT('',#6713);
#6713 = CARTESIAN_POINT('',(76.5,128.,46.5));
#6714 = VERTEX_POINT('',#6715);
#6715 = CARTESIAN_POINT('',(78.,128.,48.));
#6716 = CIRCLE('',#6717,1.5);
#6717 = AXIS2_PLACEMENT_3D('',#6718,#6719,#6720);
#6718 = CARTESIAN_POINT('',(78.,128.,46.5));
#6719 = DIRECTION('',(0.,1.,0.));
#6720 = DIRECTION('',(0.,-0.,1.));
#6721 = ORIENTED_EDGE('',*,*,#6722,.T.);
#6722 = EDGE_CURVE('',#6712,#6723,#6725,.T.);
#6723 = VERTEX_POINT('',#6724);
#6724 = CARTESIAN_POINT('',(76.5,128.,13.5));
#6725 = LINE('',#6726,#6727);
#6726 = CARTESIAN_POINT('',(76.5,128.,6.75));
#6727 = VECTOR('',#6728,1.);
#6728 = DIRECTION('',(-0.,0.,-1.));
#6729 = ORIENTED_EDGE('',*,*,#6730,.F.);
#6730 = EDGE_CURVE('',#6731,#6723,#6733,.T.);
#6731 = VERTEX_POINT('',#6732);
#6732 = CARTESIAN_POINT('',(79.5,128.,13.5));
#6733 = CIRCLE('',#6734,1.5);
#6734 = AXIS2_PLACEMENT_3D('',#6735,#6736,#6737);
#6735 = CARTESIAN_POINT('',(78.,128.,13.5));
#6736 = DIRECTION('',(0.,1.,0.));
#6737 = DIRECTION('',(0.,-0.,1.));
#6738 = ORIENTED_EDGE('',*,*,#6739,.F.);
#6739 = EDGE_CURVE('',#6740,#6731,#6742,.T.);
#6740 = VERTEX_POINT('',#6741);
#6741 = CARTESIAN_POINT('',(79.5,128.,46.5));
#6742 = LINE('',#6743,#6744);
#6743 = CARTESIAN_POINT('',(79.5,128.,6.75));
#6744 = VECTOR('',#6745,1.);
#6745 = DIRECTION('',(-0.,0.,-1.));
#6746 = ORIENTED_EDGE('',*,*,#6747,.F.);
#6747 = EDGE_CURVE('',#6714,#6740,#6748,.T.);
#6748 = CIRCLE('',#6749,1.5);
#6749 = AXIS2_PLACEMENT_3D('',#6750,#6751,#6752);
#6750 = CARTESIAN_POINT('',(78.,128.,46.5));
#6751 = DIRECTION('',(0.,1.,0.));
#6752 = DIRECTION('',(0.,-0.,1.));
#6753 = PLANE('',#6754);
#6754 = AXIS2_PLACEMENT_3D('',#6755,#6756,#6757);
#6755 = CARTESIAN_POINT('',(0.,128.,0.));
#6756 = DIRECTION('',(-0.,1.,0.));
#6757 = DIRECTION('',(0.,0.,1.));
#6758 = ADVANCED_FACE('',(#6759),#6785,.T.);
#6759 = FACE_BOUND('',#6760,.F.);
#6760 = EDGE_LOOP('',(#6761,#6769,#6778,#6784));
#6761 = ORIENTED_EDGE('',*,*,#6762,.F.);
#6762 = EDGE_CURVE('',#6763,#4095,#6765,.T.);
#6763 = VERTEX_POINT('',#6764);
#6764 = CARTESIAN_POINT('',(98.,6.,1.2));
#6765 = LINE('',#6766,#6767);
#6766 = CARTESIAN_POINT('',(98.,6.,0.));
#6767 = VECTOR('',#6768,1.);
#6768 = DIRECTION('',(0.,0.,1.));
#6769 = ORIENTED_EDGE('',*,*,#6770,.T.);
#6770 = EDGE_CURVE('',#6763,#6771,#6773,.T.);
#6771 = VERTEX_POINT('',#6772);
#6772 = CARTESIAN_POINT('',(92.,-8.881784197001E-16,1.2));
#6773 = CIRCLE('',#6774,6.);
#6774 = AXIS2_PLACEMENT_3D('',#6775,#6776,#6777);
#6775 = CARTESIAN_POINT('',(92.,6.,1.2));
#6776 = DIRECTION('',(0.,-0.,-1.));
#6777 = DIRECTION('',(1.,1.480297366167E-16,-0.));
#6778 = ORIENTED_EDGE('',*,*,#6779,.T.);
#6779 = EDGE_CURVE('',#6771,#4087,#6780,.T.);
#6780 = LINE('',#6781,#6782);
#6781 = CARTESIAN_POINT('',(92.,-8.881784197001E-16,0.));
#6782 = VECTOR('',#6783,1.);
#6783 = DIRECTION('',(0.,0.,1.));
#6784 = ORIENTED_EDGE('',*,*,#4094,.F.);
#6785 = CYLINDRICAL_SURFACE('',#6786,6.);
#6786 = AXIS2_PLACEMENT_3D('',#6787,#6788,#6789);
#6787 = CARTESIAN_POINT('',(92.,6.,0.));
#6788 = DIRECTION('',(0.,0.,1.));
#6789 = DIRECTION('',(1.,0.,-0.));
#6790 = ADVANCED_FACE('',(#6791),#6810,.T.);
#6791 = FACE_BOUND('',#6792,.T.);
#6792 = EDGE_LOOP('',(#6793,#6801,#6808,#6809));
#6793 = ORIENTED_EDGE('',*,*,#6794,.F.);
#6794 = EDGE_CURVE('',#6795,#4104,#6797,.T.);
#6795 = VERTEX_POINT('',#6796);
#6796 = CARTESIAN_POINT('',(98.,122.,1.2));
#6797 = LINE('',#6798,#6799);
#6798 = CARTESIAN_POINT('',(98.,122.,0.));
#6799 = VECTOR('',#6800,1.);
#6800 = DIRECTION('',(0.,0.,1.));
#6801 = ORIENTED_EDGE('',*,*,#6802,.F.);
#6802 = EDGE_CURVE('',#5408,#6795,#6803,.T.);
#6803 = CIRCLE('',#6804,6.);
#6804 = AXIS2_PLACEMENT_3D('',#6805,#6806,#6807);
#6805 = CARTESIAN_POINT('',(92.,122.,1.2));
#6806 = DIRECTION('',(0.,-0.,-1.));
#6807 = DIRECTION('',(0.,1.,-0.));
#6808 = ORIENTED_EDGE('',*,*,#5407,.T.);
#6809 = ORIENTED_EDGE('',*,*,#4111,.T.);
#6810 = CYLINDRICAL_SURFACE('',#6811,6.);
#6811 = AXIS2_PLACEMENT_3D('',#6812,#6813,#6814);
#6812 = CARTESIAN_POINT('',(92.,122.,0.));
#6813 = DIRECTION('',(0.,0.,1.));
#6814 = DIRECTION('',(1.,0.,-0.));
#6815 = ADVANCED_FACE('',(#6816,#6827,#6872,#6917,#6962,#7007,#7052,
    #7097,#7142,#7187,#7232),#7277,.T.);
#6816 = FACE_BOUND('',#6817,.T.);
#6817 = EDGE_LOOP('',(#6818,#6819,#6825,#6826));
#6818 = ORIENTED_EDGE('',*,*,#6762,.F.);
#6819 = ORIENTED_EDGE('',*,*,#6820,.F.);
#6820 = EDGE_CURVE('',#6795,#6763,#6821,.T.);
#6821 = LINE('',#6822,#6823);
#6822 = CARTESIAN_POINT('',(98.,122.,1.2));
#6823 = VECTOR('',#6824,1.);
#6824 = DIRECTION('',(0.,-1.,-0.));
#6825 = ORIENTED_EDGE('',*,*,#6794,.T.);
#6826 = ORIENTED_EDGE('',*,*,#4103,.T.);
#6827 = FACE_BOUND('',#6828,.T.);
#6828 = EDGE_LOOP('',(#6829,#6840,#6848,#6857,#6866));
#6829 = ORIENTED_EDGE('',*,*,#6830,.F.);
#6830 = EDGE_CURVE('',#6831,#6833,#6835,.T.);
#6831 = VERTEX_POINT('',#6832);
#6832 = CARTESIAN_POINT('',(98.,102.5,17.5));
#6833 = VERTEX_POINT('',#6834);
#6834 = CARTESIAN_POINT('',(98.,105.5,17.5));
#6835 = CIRCLE('',#6836,1.5);
#6836 = AXIS2_PLACEMENT_3D('',#6837,#6838,#6839);
#6837 = CARTESIAN_POINT('',(98.,104.,17.5));
#6838 = DIRECTION('',(1.,0.,0.));
#6839 = DIRECTION('',(-0.,0.,1.));
#6840 = ORIENTED_EDGE('',*,*,#6841,.T.);
#6841 = EDGE_CURVE('',#6831,#6842,#6844,.T.);
#6842 = VERTEX_POINT('',#6843);
#6843 = CARTESIAN_POINT('',(98.,102.5,42.5));
#6844 = LINE('',#6845,#6846);
#6845 = CARTESIAN_POINT('',(98.,102.5,8.75));
#6846 = VECTOR('',#6847,1.);
#6847 = DIRECTION('',(0.,0.,1.));
#6848 = ORIENTED_EDGE('',*,*,#6849,.F.);
#6849 = EDGE_CURVE('',#6850,#6842,#6852,.T.);
#6850 = VERTEX_POINT('',#6851);
#6851 = CARTESIAN_POINT('',(98.,104.,44.));
#6852 = CIRCLE('',#6853,1.5);
#6853 = AXIS2_PLACEMENT_3D('',#6854,#6855,#6856);
#6854 = CARTESIAN_POINT('',(98.,104.,42.5));
#6855 = DIRECTION('',(1.,0.,0.));
#6856 = DIRECTION('',(-0.,0.,1.));
#6857 = ORIENTED_EDGE('',*,*,#6858,.F.);
#6858 = EDGE_CURVE('',#6859,#6850,#6861,.T.);
#6859 = VERTEX_POINT('',#6860);
#6860 = CARTESIAN_POINT('',(98.,105.5,42.5));
#6861 = CIRCLE('',#6862,1.5);
#6862 = AXIS2_PLACEMENT_3D('',#6863,#6864,#6865);
#6863 = CARTESIAN_POINT('',(98.,104.,42.5));
#6864 = DIRECTION('',(1.,0.,0.));
#6865 = DIRECTION('',(-0.,0.,1.));
#6866 = ORIENTED_EDGE('',*,*,#6867,.F.);
#6867 = EDGE_CURVE('',#6833,#6859,#6868,.T.);
#6868 = LINE('',#6869,#6870);
#6869 = CARTESIAN_POINT('',(98.,105.5,8.75));
#6870 = VECTOR('',#6871,1.);
#6871 = DIRECTION('',(0.,0.,1.));
#6872 = FACE_BOUND('',#6873,.T.);
#6873 = EDGE_LOOP('',(#6874,#6885,#6893,#6902,#6911));
#6874 = ORIENTED_EDGE('',*,*,#6875,.F.);
#6875 = EDGE_CURVE('',#6876,#6878,#6880,.T.);
#6876 = VERTEX_POINT('',#6877);
#6877 = CARTESIAN_POINT('',(98.,96.5,17.5));
#6878 = VERTEX_POINT('',#6879);
#6879 = CARTESIAN_POINT('',(98.,99.5,17.5));
#6880 = CIRCLE('',#6881,1.5);
#6881 = AXIS2_PLACEMENT_3D('',#6882,#6883,#6884);
#6882 = CARTESIAN_POINT('',(98.,98.,17.5));
#6883 = DIRECTION('',(1.,0.,0.));
#6884 = DIRECTION('',(-0.,0.,1.));
#6885 = ORIENTED_EDGE('',*,*,#6886,.T.);
#6886 = EDGE_CURVE('',#6876,#6887,#6889,.T.);
#6887 = VERTEX_POINT('',#6888);
#6888 = CARTESIAN_POINT('',(98.,96.5,42.5));
#6889 = LINE('',#6890,#6891);
#6890 = CARTESIAN_POINT('',(98.,96.5,8.75));
#6891 = VECTOR('',#6892,1.);
#6892 = DIRECTION('',(0.,0.,1.));
#6893 = ORIENTED_EDGE('',*,*,#6894,.F.);
#6894 = EDGE_CURVE('',#6895,#6887,#6897,.T.);
#6895 = VERTEX_POINT('',#6896);
#6896 = CARTESIAN_POINT('',(98.,98.,44.));
#6897 = CIRCLE('',#6898,1.5);
#6898 = AXIS2_PLACEMENT_3D('',#6899,#6900,#6901);
#6899 = CARTESIAN_POINT('',(98.,98.,42.5));
#6900 = DIRECTION('',(1.,0.,0.));
#6901 = DIRECTION('',(-0.,0.,1.));
#6902 = ORIENTED_EDGE('',*,*,#6903,.F.);
#6903 = EDGE_CURVE('',#6904,#6895,#6906,.T.);
#6904 = VERTEX_POINT('',#6905);
#6905 = CARTESIAN_POINT('',(98.,99.5,42.5));
#6906 = CIRCLE('',#6907,1.5);
#6907 = AXIS2_PLACEMENT_3D('',#6908,#6909,#6910);
#6908 = CARTESIAN_POINT('',(98.,98.,42.5));
#6909 = DIRECTION('',(1.,0.,0.));
#6910 = DIRECTION('',(-0.,0.,1.));
#6911 = ORIENTED_EDGE('',*,*,#6912,.F.);
#6912 = EDGE_CURVE('',#6878,#6904,#6913,.T.);
#6913 = LINE('',#6914,#6915);
#6914 = CARTESIAN_POINT('',(98.,99.5,8.75));
#6915 = VECTOR('',#6916,1.);
#6916 = DIRECTION('',(0.,0.,1.));
#6917 = FACE_BOUND('',#6918,.T.);
#6918 = EDGE_LOOP('',(#6919,#6930,#6938,#6947,#6956));
#6919 = ORIENTED_EDGE('',*,*,#6920,.F.);
#6920 = EDGE_CURVE('',#6921,#6923,#6925,.T.);
#6921 = VERTEX_POINT('',#6922);
#6922 = CARTESIAN_POINT('',(98.,90.5,17.5));
#6923 = VERTEX_POINT('',#6924);
#6924 = CARTESIAN_POINT('',(98.,93.5,17.5));
#6925 = CIRCLE('',#6926,1.5);
#6926 = AXIS2_PLACEMENT_3D('',#6927,#6928,#6929);
#6927 = CARTESIAN_POINT('',(98.,92.,17.5));
#6928 = DIRECTION('',(1.,0.,0.));
#6929 = DIRECTION('',(-0.,0.,1.));
#6930 = ORIENTED_EDGE('',*,*,#6931,.T.);
#6931 = EDGE_CURVE('',#6921,#6932,#6934,.T.);
#6932 = VERTEX_POINT('',#6933);
#6933 = CARTESIAN_POINT('',(98.,90.5,42.5));
#6934 = LINE('',#6935,#6936);
#6935 = CARTESIAN_POINT('',(98.,90.5,8.75));
#6936 = VECTOR('',#6937,1.);
#6937 = DIRECTION('',(0.,0.,1.));
#6938 = ORIENTED_EDGE('',*,*,#6939,.F.);
#6939 = EDGE_CURVE('',#6940,#6932,#6942,.T.);
#6940 = VERTEX_POINT('',#6941);
#6941 = CARTESIAN_POINT('',(98.,92.,44.));
#6942 = CIRCLE('',#6943,1.5);
#6943 = AXIS2_PLACEMENT_3D('',#6944,#6945,#6946);
#6944 = CARTESIAN_POINT('',(98.,92.,42.5));
#6945 = DIRECTION('',(1.,0.,0.));
#6946 = DIRECTION('',(-0.,0.,1.));
#6947 = ORIENTED_EDGE('',*,*,#6948,.F.);
#6948 = EDGE_CURVE('',#6949,#6940,#6951,.T.);
#6949 = VERTEX_POINT('',#6950);
#6950 = CARTESIAN_POINT('',(98.,93.5,42.5));
#6951 = CIRCLE('',#6952,1.5);
#6952 = AXIS2_PLACEMENT_3D('',#6953,#6954,#6955);
#6953 = CARTESIAN_POINT('',(98.,92.,42.5));
#6954 = DIRECTION('',(1.,0.,0.));
#6955 = DIRECTION('',(-0.,0.,1.));
#6956 = ORIENTED_EDGE('',*,*,#6957,.F.);
#6957 = EDGE_CURVE('',#6923,#6949,#6958,.T.);
#6958 = LINE('',#6959,#6960);
#6959 = CARTESIAN_POINT('',(98.,93.5,8.75));
#6960 = VECTOR('',#6961,1.);
#6961 = DIRECTION('',(0.,0.,1.));
#6962 = FACE_BOUND('',#6963,.T.);
#6963 = EDGE_LOOP('',(#6964,#6975,#6983,#6992,#7001));
#6964 = ORIENTED_EDGE('',*,*,#6965,.F.);
#6965 = EDGE_CURVE('',#6966,#6968,#6970,.T.);
#6966 = VERTEX_POINT('',#6967);
#6967 = CARTESIAN_POINT('',(98.,84.5,17.5));
#6968 = VERTEX_POINT('',#6969);
#6969 = CARTESIAN_POINT('',(98.,87.5,17.5));
#6970 = CIRCLE('',#6971,1.5);
#6971 = AXIS2_PLACEMENT_3D('',#6972,#6973,#6974);
#6972 = CARTESIAN_POINT('',(98.,86.,17.5));
#6973 = DIRECTION('',(1.,0.,0.));
#6974 = DIRECTION('',(-0.,0.,1.));
#6975 = ORIENTED_EDGE('',*,*,#6976,.T.);
#6976 = EDGE_CURVE('',#6966,#6977,#6979,.T.);
#6977 = VERTEX_POINT('',#6978);
#6978 = CARTESIAN_POINT('',(98.,84.5,42.5));
#6979 = LINE('',#6980,#6981);
#6980 = CARTESIAN_POINT('',(98.,84.5,8.75));
#6981 = VECTOR('',#6982,1.);
#6982 = DIRECTION('',(0.,0.,1.));
#6983 = ORIENTED_EDGE('',*,*,#6984,.F.);
#6984 = EDGE_CURVE('',#6985,#6977,#6987,.T.);
#6985 = VERTEX_POINT('',#6986);
#6986 = CARTESIAN_POINT('',(98.,86.,44.));
#6987 = CIRCLE('',#6988,1.5);
#6988 = AXIS2_PLACEMENT_3D('',#6989,#6990,#6991);
#6989 = CARTESIAN_POINT('',(98.,86.,42.5));
#6990 = DIRECTION('',(1.,0.,0.));
#6991 = DIRECTION('',(-0.,0.,1.));
#6992 = ORIENTED_EDGE('',*,*,#6993,.F.);
#6993 = EDGE_CURVE('',#6994,#6985,#6996,.T.);
#6994 = VERTEX_POINT('',#6995);
#6995 = CARTESIAN_POINT('',(98.,87.5,42.5));
#6996 = CIRCLE('',#6997,1.5);
#6997 = AXIS2_PLACEMENT_3D('',#6998,#6999,#7000);
#6998 = CARTESIAN_POINT('',(98.,86.,42.5));
#6999 = DIRECTION('',(1.,0.,0.));
#7000 = DIRECTION('',(-0.,0.,1.));
#7001 = ORIENTED_EDGE('',*,*,#7002,.F.);
#7002 = EDGE_CURVE('',#6968,#6994,#7003,.T.);
#7003 = LINE('',#7004,#7005);
#7004 = CARTESIAN_POINT('',(98.,87.5,8.75));
#7005 = VECTOR('',#7006,1.);
#7006 = DIRECTION('',(0.,0.,1.));
#7007 = FACE_BOUND('',#7008,.T.);
#7008 = EDGE_LOOP('',(#7009,#7020,#7028,#7037,#7046));
#7009 = ORIENTED_EDGE('',*,*,#7010,.F.);
#7010 = EDGE_CURVE('',#7011,#7013,#7015,.T.);
#7011 = VERTEX_POINT('',#7012);
#7012 = CARTESIAN_POINT('',(98.,78.5,17.5));
#7013 = VERTEX_POINT('',#7014);
#7014 = CARTESIAN_POINT('',(98.,81.5,17.5));
#7015 = CIRCLE('',#7016,1.5);
#7016 = AXIS2_PLACEMENT_3D('',#7017,#7018,#7019);
#7017 = CARTESIAN_POINT('',(98.,80.,17.5));
#7018 = DIRECTION('',(1.,0.,0.));
#7019 = DIRECTION('',(-0.,0.,1.));
#7020 = ORIENTED_EDGE('',*,*,#7021,.T.);
#7021 = EDGE_CURVE('',#7011,#7022,#7024,.T.);
#7022 = VERTEX_POINT('',#7023);
#7023 = CARTESIAN_POINT('',(98.,78.5,42.5));
#7024 = LINE('',#7025,#7026);
#7025 = CARTESIAN_POINT('',(98.,78.5,8.75));
#7026 = VECTOR('',#7027,1.);
#7027 = DIRECTION('',(0.,0.,1.));
#7028 = ORIENTED_EDGE('',*,*,#7029,.F.);
#7029 = EDGE_CURVE('',#7030,#7022,#7032,.T.);
#7030 = VERTEX_POINT('',#7031);
#7031 = CARTESIAN_POINT('',(98.,80.,44.));
#7032 = CIRCLE('',#7033,1.5);
#7033 = AXIS2_PLACEMENT_3D('',#7034,#7035,#7036);
#7034 = CARTESIAN_POINT('',(98.,80.,42.5));
#7035 = DIRECTION('',(1.,0.,0.));
#7036 = DIRECTION('',(-0.,0.,1.));
#7037 = ORIENTED_EDGE('',*,*,#7038,.F.);
#7038 = EDGE_CURVE('',#7039,#7030,#7041,.T.);
#7039 = VERTEX_POINT('',#7040);
#7040 = CARTESIAN_POINT('',(98.,81.5,42.5));
#7041 = CIRCLE('',#7042,1.5);
#7042 = AXIS2_PLACEMENT_3D('',#7043,#7044,#7045);
#7043 = CARTESIAN_POINT('',(98.,80.,42.5));
#7044 = DIRECTION('',(1.,0.,0.));
#7045 = DIRECTION('',(-0.,0.,1.));
#7046 = ORIENTED_EDGE('',*,*,#7047,.F.);
#7047 = EDGE_CURVE('',#7013,#7039,#7048,.T.);
#7048 = LINE('',#7049,#7050);
#7049 = CARTESIAN_POINT('',(98.,81.5,8.75));
#7050 = VECTOR('',#7051,1.);
#7051 = DIRECTION('',(0.,0.,1.));
#7052 = FACE_BOUND('',#7053,.T.);
#7053 = EDGE_LOOP('',(#7054,#7065,#7073,#7082,#7091));
#7054 = ORIENTED_EDGE('',*,*,#7055,.F.);
#7055 = EDGE_CURVE('',#7056,#7058,#7060,.T.);
#7056 = VERTEX_POINT('',#7057);
#7057 = CARTESIAN_POINT('',(98.,72.5,17.5));
#7058 = VERTEX_POINT('',#7059);
#7059 = CARTESIAN_POINT('',(98.,75.5,17.5));
#7060 = CIRCLE('',#7061,1.5);
#7061 = AXIS2_PLACEMENT_3D('',#7062,#7063,#7064);
#7062 = CARTESIAN_POINT('',(98.,74.,17.5));
#7063 = DIRECTION('',(1.,0.,0.));
#7064 = DIRECTION('',(-0.,0.,1.));
#7065 = ORIENTED_EDGE('',*,*,#7066,.T.);
#7066 = EDGE_CURVE('',#7056,#7067,#7069,.T.);
#7067 = VERTEX_POINT('',#7068);
#7068 = CARTESIAN_POINT('',(98.,72.5,42.5));
#7069 = LINE('',#7070,#7071);
#7070 = CARTESIAN_POINT('',(98.,72.5,8.75));
#7071 = VECTOR('',#7072,1.);
#7072 = DIRECTION('',(0.,0.,1.));
#7073 = ORIENTED_EDGE('',*,*,#7074,.F.);
#7074 = EDGE_CURVE('',#7075,#7067,#7077,.T.);
#7075 = VERTEX_POINT('',#7076);
#7076 = CARTESIAN_POINT('',(98.,74.,44.));
#7077 = CIRCLE('',#7078,1.5);
#7078 = AXIS2_PLACEMENT_3D('',#7079,#7080,#7081);
#7079 = CARTESIAN_POINT('',(98.,74.,42.5));
#7080 = DIRECTION('',(1.,0.,0.));
#7081 = DIRECTION('',(-0.,0.,1.));
#7082 = ORIENTED_EDGE('',*,*,#7083,.F.);
#7083 = EDGE_CURVE('',#7084,#7075,#7086,.T.);
#7084 = VERTEX_POINT('',#7085);
#7085 = CARTESIAN_POINT('',(98.,75.5,42.5));
#7086 = CIRCLE('',#7087,1.5);
#7087 = AXIS2_PLACEMENT_3D('',#7088,#7089,#7090);
#7088 = CARTESIAN_POINT('',(98.,74.,42.5));
#7089 = DIRECTION('',(1.,0.,0.));
#7090 = DIRECTION('',(-0.,0.,1.));
#7091 = ORIENTED_EDGE('',*,*,#7092,.F.);
#7092 = EDGE_CURVE('',#7058,#7084,#7093,.T.);
#7093 = LINE('',#7094,#7095);
#7094 = CARTESIAN_POINT('',(98.,75.5,8.75));
#7095 = VECTOR('',#7096,1.);
#7096 = DIRECTION('',(0.,0.,1.));
#7097 = FACE_BOUND('',#7098,.T.);
#7098 = EDGE_LOOP('',(#7099,#7110,#7118,#7127,#7136));
#7099 = ORIENTED_EDGE('',*,*,#7100,.F.);
#7100 = EDGE_CURVE('',#7101,#7103,#7105,.T.);
#7101 = VERTEX_POINT('',#7102);
#7102 = CARTESIAN_POINT('',(98.,66.5,17.5));
#7103 = VERTEX_POINT('',#7104);
#7104 = CARTESIAN_POINT('',(98.,69.5,17.5));
#7105 = CIRCLE('',#7106,1.5);
#7106 = AXIS2_PLACEMENT_3D('',#7107,#7108,#7109);
#7107 = CARTESIAN_POINT('',(98.,68.,17.5));
#7108 = DIRECTION('',(1.,0.,0.));
#7109 = DIRECTION('',(-0.,0.,1.));
#7110 = ORIENTED_EDGE('',*,*,#7111,.T.);
#7111 = EDGE_CURVE('',#7101,#7112,#7114,.T.);
#7112 = VERTEX_POINT('',#7113);
#7113 = CARTESIAN_POINT('',(98.,66.5,42.5));
#7114 = LINE('',#7115,#7116);
#7115 = CARTESIAN_POINT('',(98.,66.5,8.75));
#7116 = VECTOR('',#7117,1.);
#7117 = DIRECTION('',(0.,0.,1.));
#7118 = ORIENTED_EDGE('',*,*,#7119,.F.);
#7119 = EDGE_CURVE('',#7120,#7112,#7122,.T.);
#7120 = VERTEX_POINT('',#7121);
#7121 = CARTESIAN_POINT('',(98.,68.,44.));
#7122 = CIRCLE('',#7123,1.5);
#7123 = AXIS2_PLACEMENT_3D('',#7124,#7125,#7126);
#7124 = CARTESIAN_POINT('',(98.,68.,42.5));
#7125 = DIRECTION('',(1.,0.,0.));
#7126 = DIRECTION('',(-0.,0.,1.));
#7127 = ORIENTED_EDGE('',*,*,#7128,.F.);
#7128 = EDGE_CURVE('',#7129,#7120,#7131,.T.);
#7129 = VERTEX_POINT('',#7130);
#7130 = CARTESIAN_POINT('',(98.,69.5,42.5));
#7131 = CIRCLE('',#7132,1.5);
#7132 = AXIS2_PLACEMENT_3D('',#7133,#7134,#7135);
#7133 = CARTESIAN_POINT('',(98.,68.,42.5));
#7134 = DIRECTION('',(1.,0.,0.));
#7135 = DIRECTION('',(-0.,0.,1.));
#7136 = ORIENTED_EDGE('',*,*,#7137,.F.);
#7137 = EDGE_CURVE('',#7103,#7129,#7138,.T.);
#7138 = LINE('',#7139,#7140);
#7139 = CARTESIAN_POINT('',(98.,69.5,8.75));
#7140 = VECTOR('',#7141,1.);
#7141 = DIRECTION('',(0.,0.,1.));
#7142 = FACE_BOUND('',#7143,.T.);
#7143 = EDGE_LOOP('',(#7144,#7155,#7163,#7172,#7181));
#7144 = ORIENTED_EDGE('',*,*,#7145,.F.);
#7145 = EDGE_CURVE('',#7146,#7148,#7150,.T.);
#7146 = VERTEX_POINT('',#7147);
#7147 = CARTESIAN_POINT('',(98.,60.5,17.5));
#7148 = VERTEX_POINT('',#7149);
#7149 = CARTESIAN_POINT('',(98.,63.5,17.5));
#7150 = CIRCLE('',#7151,1.5);
#7151 = AXIS2_PLACEMENT_3D('',#7152,#7153,#7154);
#7152 = CARTESIAN_POINT('',(98.,62.,17.5));
#7153 = DIRECTION('',(1.,0.,0.));
#7154 = DIRECTION('',(-0.,0.,1.));
#7155 = ORIENTED_EDGE('',*,*,#7156,.T.);
#7156 = EDGE_CURVE('',#7146,#7157,#7159,.T.);
#7157 = VERTEX_POINT('',#7158);
#7158 = CARTESIAN_POINT('',(98.,60.5,42.5));
#7159 = LINE('',#7160,#7161);
#7160 = CARTESIAN_POINT('',(98.,60.5,8.75));
#7161 = VECTOR('',#7162,1.);
#7162 = DIRECTION('',(0.,0.,1.));
#7163 = ORIENTED_EDGE('',*,*,#7164,.F.);
#7164 = EDGE_CURVE('',#7165,#7157,#7167,.T.);
#7165 = VERTEX_POINT('',#7166);
#7166 = CARTESIAN_POINT('',(98.,62.,44.));
#7167 = CIRCLE('',#7168,1.5);
#7168 = AXIS2_PLACEMENT_3D('',#7169,#7170,#7171);
#7169 = CARTESIAN_POINT('',(98.,62.,42.5));
#7170 = DIRECTION('',(1.,0.,0.));
#7171 = DIRECTION('',(-0.,0.,1.));
#7172 = ORIENTED_EDGE('',*,*,#7173,.F.);
#7173 = EDGE_CURVE('',#7174,#7165,#7176,.T.);
#7174 = VERTEX_POINT('',#7175);
#7175 = CARTESIAN_POINT('',(98.,63.5,42.5));
#7176 = CIRCLE('',#7177,1.5);
#7177 = AXIS2_PLACEMENT_3D('',#7178,#7179,#7180);
#7178 = CARTESIAN_POINT('',(98.,62.,42.5));
#7179 = DIRECTION('',(1.,0.,0.));
#7180 = DIRECTION('',(-0.,0.,1.));
#7181 = ORIENTED_EDGE('',*,*,#7182,.F.);
#7182 = EDGE_CURVE('',#7148,#7174,#7183,.T.);
#7183 = LINE('',#7184,#7185);
#7184 = CARTESIAN_POINT('',(98.,63.5,8.75));
#7185 = VECTOR('',#7186,1.);
#7186 = DIRECTION('',(0.,0.,1.));
#7187 = FACE_BOUND('',#7188,.T.);
#7188 = EDGE_LOOP('',(#7189,#7200,#7208,#7217,#7226));
#7189 = ORIENTED_EDGE('',*,*,#7190,.F.);
#7190 = EDGE_CURVE('',#7191,#7193,#7195,.T.);
#7191 = VERTEX_POINT('',#7192);
#7192 = CARTESIAN_POINT('',(98.,54.5,17.5));
#7193 = VERTEX_POINT('',#7194);
#7194 = CARTESIAN_POINT('',(98.,57.5,17.5));
#7195 = CIRCLE('',#7196,1.5);
#7196 = AXIS2_PLACEMENT_3D('',#7197,#7198,#7199);
#7197 = CARTESIAN_POINT('',(98.,56.,17.5));
#7198 = DIRECTION('',(1.,0.,0.));
#7199 = DIRECTION('',(-0.,0.,1.));
#7200 = ORIENTED_EDGE('',*,*,#7201,.T.);
#7201 = EDGE_CURVE('',#7191,#7202,#7204,.T.);
#7202 = VERTEX_POINT('',#7203);
#7203 = CARTESIAN_POINT('',(98.,54.5,42.5));
#7204 = LINE('',#7205,#7206);
#7205 = CARTESIAN_POINT('',(98.,54.5,8.75));
#7206 = VECTOR('',#7207,1.);
#7207 = DIRECTION('',(0.,0.,1.));
#7208 = ORIENTED_EDGE('',*,*,#7209,.F.);
#7209 = EDGE_CURVE('',#7210,#7202,#7212,.T.);
#7210 = VERTEX_POINT('',#7211);
#7211 = CARTESIAN_POINT('',(98.,56.,44.));
#7212 = CIRCLE('',#7213,1.5);
#7213 = AXIS2_PLACEMENT_3D('',#7214,#7215,#7216);
#7214 = CARTESIAN_POINT('',(98.,56.,42.5));
#7215 = DIRECTION('',(1.,0.,0.));
#7216 = DIRECTION('',(-0.,0.,1.));
#7217 = ORIENTED_EDGE('',*,*,#7218,.F.);
#7218 = EDGE_CURVE('',#7219,#7210,#7221,.T.);
#7219 = VERTEX_POINT('',#7220);
#7220 = CARTESIAN_POINT('',(98.,57.5,42.5));
#7221 = CIRCLE('',#7222,1.5);
#7222 = AXIS2_PLACEMENT_3D('',#7223,#7224,#7225);
#7223 = CARTESIAN_POINT('',(98.,56.,42.5));
#7224 = DIRECTION('',(1.,0.,0.));
#7225 = DIRECTION('',(-0.,0.,1.));
#7226 = ORIENTED_EDGE('',*,*,#7227,.F.);
#7227 = EDGE_CURVE('',#7193,#7219,#7228,.T.);
#7228 = LINE('',#7229,#7230);
#7229 = CARTESIAN_POINT('',(98.,57.5,8.75));
#7230 = VECTOR('',#7231,1.);
#7231 = DIRECTION('',(0.,0.,1.));
#7232 = FACE_BOUND('',#7233,.T.);
#7233 = EDGE_LOOP('',(#7234,#7245,#7253,#7262,#7271));
#7234 = ORIENTED_EDGE('',*,*,#7235,.F.);
#7235 = EDGE_CURVE('',#7236,#7238,#7240,.T.);
#7236 = VERTEX_POINT('',#7237);
#7237 = CARTESIAN_POINT('',(98.,48.5,17.5));
#7238 = VERTEX_POINT('',#7239);
#7239 = CARTESIAN_POINT('',(98.,51.5,17.5));
#7240 = CIRCLE('',#7241,1.5);
#7241 = AXIS2_PLACEMENT_3D('',#7242,#7243,#7244);
#7242 = CARTESIAN_POINT('',(98.,50.,17.5));
#7243 = DIRECTION('',(1.,0.,0.));
#7244 = DIRECTION('',(-0.,0.,1.));
#7245 = ORIENTED_EDGE('',*,*,#7246,.T.);
#7246 = EDGE_CURVE('',#7236,#7247,#7249,.T.);
#7247 = VERTEX_POINT('',#7248);
#7248 = CARTESIAN_POINT('',(98.,48.5,42.5));
#7249 = LINE('',#7250,#7251);
#7250 = CARTESIAN_POINT('',(98.,48.5,8.75));
#7251 = VECTOR('',#7252,1.);
#7252 = DIRECTION('',(0.,0.,1.));
#7253 = ORIENTED_EDGE('',*,*,#7254,.F.);
#7254 = EDGE_CURVE('',#7255,#7247,#7257,.T.);
#7255 = VERTEX_POINT('',#7256);
#7256 = CARTESIAN_POINT('',(98.,50.,44.));
#7257 = CIRCLE('',#7258,1.5);
#7258 = AXIS2_PLACEMENT_3D('',#7259,#7260,#7261);
#7259 = CARTESIAN_POINT('',(98.,50.,42.5));
#7260 = DIRECTION('',(1.,0.,0.));
#7261 = DIRECTION('',(-0.,0.,1.));
#7262 = ORIENTED_EDGE('',*,*,#7263,.F.);
#7263 = EDGE_CURVE('',#7264,#7255,#7266,.T.);
#7264 = VERTEX_POINT('',#7265);
#7265 = CARTESIAN_POINT('',(98.,51.5,42.5));
#7266 = CIRCLE('',#7267,1.5);
#7267 = AXIS2_PLACEMENT_3D('',#7268,#7269,#7270);
#7268 = CARTESIAN_POINT('',(98.,50.,42.5));
#7269 = DIRECTION('',(1.,0.,0.));
#7270 = DIRECTION('',(-0.,0.,1.));
#7271 = ORIENTED_EDGE('',*,*,#7272,.F.);
#7272 = EDGE_CURVE('',#7238,#7264,#7273,.T.);
#7273 = LINE('',#7274,#7275);
#7274 = CARTESIAN_POINT('',(98.,51.5,8.75));
#7275 = VECTOR('',#7276,1.);
#7276 = DIRECTION('',(0.,0.,1.));
#7277 = PLANE('',#7278);
#7278 = AXIS2_PLACEMENT_3D('',#7279,#7280,#7281);
#7279 = CARTESIAN_POINT('',(98.,0.,0.));
#7280 = DIRECTION('',(1.,0.,-0.));
#7281 = DIRECTION('',(0.,0.,1.));
#7282 = ADVANCED_FACE('',(#7283),#7299,.T.);
#7283 = FACE_BOUND('',#7284,.T.);
#7284 = EDGE_LOOP('',(#7285,#7291,#7297,#7298));
#7285 = ORIENTED_EDGE('',*,*,#7286,.F.);
#7286 = EDGE_CURVE('',#6771,#5132,#7287,.T.);
#7287 = LINE('',#7288,#7289);
#7288 = CARTESIAN_POINT('',(92.,-8.881784197001E-16,1.2));
#7289 = VECTOR('',#7290,1.);
#7290 = DIRECTION('',(-1.479706333907E-16,0.707106781187,-0.707106781187
    ));
#7291 = ORIENTED_EDGE('',*,*,#7292,.T.);
#7292 = EDGE_CURVE('',#6771,#4022,#7293,.T.);
#7293 = LINE('',#7294,#7295);
#7294 = CARTESIAN_POINT('',(92.,0.,1.2));
#7295 = VECTOR('',#7296,1.);
#7296 = DIRECTION('',(-1.,-0.,0.));
#7297 = ORIENTED_EDGE('',*,*,#5104,.T.);
#7298 = ORIENTED_EDGE('',*,*,#5131,.F.);
#7299 = PLANE('',#7300);
#7300 = AXIS2_PLACEMENT_3D('',#7301,#7302,#7303);
#7301 = CARTESIAN_POINT('',(92.,0.6,0.6));
#7302 = DIRECTION('',(0.,-0.707106781187,-0.707106781187));
#7303 = DIRECTION('',(-1.,-0.,0.));
#7304 = ADVANCED_FACE('',(#7305),#7316,.F.);
#7305 = FACE_BOUND('',#7306,.T.);
#7306 = EDGE_LOOP('',(#7307,#7308,#7309,#7315));
#7307 = ORIENTED_EDGE('',*,*,#5390,.F.);
#7308 = ORIENTED_EDGE('',*,*,#5415,.T.);
#7309 = ORIENTED_EDGE('',*,*,#7310,.T.);
#7310 = EDGE_CURVE('',#5408,#5157,#7311,.T.);
#7311 = LINE('',#7312,#7313);
#7312 = CARTESIAN_POINT('',(92.,127.4,0.6));
#7313 = VECTOR('',#7314,1.);
#7314 = DIRECTION('',(0.,-0.707106781187,-0.707106781187));
#7315 = ORIENTED_EDGE('',*,*,#5165,.F.);
#7316 = PLANE('',#7317);
#7317 = AXIS2_PLACEMENT_3D('',#7318,#7319,#7320);
#7318 = CARTESIAN_POINT('',(6.,127.4,0.6));
#7319 = DIRECTION('',(0.,-0.707106781187,0.707106781187));
#7320 = DIRECTION('',(-1.,-0.,-0.));
#7321 = ADVANCED_FACE('',(#7322),#7333,.T.);
#7322 = FACE_BOUND('',#7323,.T.);
#7323 = EDGE_LOOP('',(#7324,#7330,#7331,#7332));
#7324 = ORIENTED_EDGE('',*,*,#7325,.F.);
#7325 = EDGE_CURVE('',#6763,#5140,#7326,.T.);
#7326 = LINE('',#7327,#7328);
#7327 = CARTESIAN_POINT('',(97.4,6.,0.6));
#7328 = VECTOR('',#7329,1.);
#7329 = DIRECTION('',(-0.707106781187,-0.,-0.707106781187));
#7330 = ORIENTED_EDGE('',*,*,#6770,.T.);
#7331 = ORIENTED_EDGE('',*,*,#7286,.T.);
#7332 = ORIENTED_EDGE('',*,*,#5139,.F.);
#7333 = CONICAL_SURFACE('',#7334,6.,0.785398163397);
#7334 = AXIS2_PLACEMENT_3D('',#7335,#7336,#7337);
#7335 = CARTESIAN_POINT('',(92.,6.,1.2));
#7336 = DIRECTION('',(0.,0.,1.));
#7337 = DIRECTION('',(1.,1.480297366167E-16,-0.));
#7338 = ADVANCED_FACE('',(#7339),#7350,.T.);
#7339 = FACE_BOUND('',#7340,.T.);
#7340 = EDGE_LOOP('',(#7341,#7342,#7343,#7349));
#7341 = ORIENTED_EDGE('',*,*,#7310,.F.);
#7342 = ORIENTED_EDGE('',*,*,#6802,.T.);
#7343 = ORIENTED_EDGE('',*,*,#7344,.T.);
#7344 = EDGE_CURVE('',#6795,#5149,#7345,.T.);
#7345 = LINE('',#7346,#7347);
#7346 = CARTESIAN_POINT('',(98.,122.,1.2));
#7347 = VECTOR('',#7348,1.);
#7348 = DIRECTION('',(-0.707106781187,-4.329780281177E-17,
    -0.707106781187));
#7349 = ORIENTED_EDGE('',*,*,#5156,.F.);
#7350 = CONICAL_SURFACE('',#7351,6.,0.785398163397);
#7351 = AXIS2_PLACEMENT_3D('',#7352,#7353,#7354);
#7352 = CARTESIAN_POINT('',(92.,122.,1.2));
#7353 = DIRECTION('',(0.,0.,1.));
#7354 = DIRECTION('',(0.,1.,0.));
#7355 = ADVANCED_FACE('',(#7356),#7362,.F.);
#7356 = FACE_BOUND('',#7357,.T.);
#7357 = EDGE_LOOP('',(#7358,#7359,#7360,#7361));
#7358 = ORIENTED_EDGE('',*,*,#7344,.F.);
#7359 = ORIENTED_EDGE('',*,*,#6820,.T.);
#7360 = ORIENTED_EDGE('',*,*,#7325,.T.);
#7361 = ORIENTED_EDGE('',*,*,#5148,.F.);
#7362 = PLANE('',#7363);
#7363 = AXIS2_PLACEMENT_3D('',#7364,#7365,#7366);
#7364 = CARTESIAN_POINT('',(97.4,122.,0.6));
#7365 = DIRECTION('',(-0.707106781187,0.,0.707106781187));
#7366 = DIRECTION('',(0.,1.,-0.));
#7367 = ADVANCED_FACE('',(#7368),#7393,.T.);
#7368 = FACE_BOUND('',#7369,.T.);
#7369 = EDGE_LOOP('',(#7370,#7371,#7379,#7387));
#7370 = ORIENTED_EDGE('',*,*,#5182,.T.);
#7371 = ORIENTED_EDGE('',*,*,#7372,.T.);
#7372 = EDGE_CURVE('',#5185,#7373,#7375,.T.);
#7373 = VERTEX_POINT('',#7374);
#7374 = CARTESIAN_POINT('',(9.57431578065,49.9,2.6));
#7375 = LINE('',#7376,#7377);
#7376 = CARTESIAN_POINT('',(9.57431578065,49.9,-1.));
#7377 = VECTOR('',#7378,1.);
#7378 = DIRECTION('',(0.,0.,1.));
#7379 = ORIENTED_EDGE('',*,*,#7380,.T.);
#7380 = EDGE_CURVE('',#7373,#7381,#7383,.T.);
#7381 = VERTEX_POINT('',#7382);
#7382 = CARTESIAN_POINT('',(6.22568421935,49.9,2.6));
#7383 = LINE('',#7384,#7385);
#7384 = CARTESIAN_POINT('',(9.57431578065,49.9,2.6));
#7385 = VECTOR('',#7386,1.);
#7386 = DIRECTION('',(-1.,0.,0.));
#7387 = ORIENTED_EDGE('',*,*,#7388,.F.);
#7388 = EDGE_CURVE('',#5183,#7381,#7389,.T.);
#7389 = LINE('',#7390,#7391);
#7390 = CARTESIAN_POINT('',(6.22568421935,49.9,-1.));
#7391 = VECTOR('',#7392,1.);
#7392 = DIRECTION('',(0.,0.,1.));
#7393 = PLANE('',#7394);
#7394 = AXIS2_PLACEMENT_3D('',#7395,#7396,#7397);
#7395 = CARTESIAN_POINT('',(9.57431578065,49.9,-1.));
#7396 = DIRECTION('',(0.,-1.,0.));
#7397 = DIRECTION('',(-1.,0.,0.));
#7398 = ADVANCED_FACE('',(#7399),#7417,.T.);
#7399 = FACE_BOUND('',#7400,.T.);
#7400 = EDGE_LOOP('',(#7401,#7402,#7403,#7411));
#7401 = ORIENTED_EDGE('',*,*,#5224,.T.);
#7402 = ORIENTED_EDGE('',*,*,#7388,.T.);
#7403 = ORIENTED_EDGE('',*,*,#7404,.T.);
#7404 = EDGE_CURVE('',#7381,#7405,#7407,.T.);
#7405 = VERTEX_POINT('',#7406);
#7406 = CARTESIAN_POINT('',(4.5513684387,47.,2.6));
#7407 = LINE('',#7408,#7409);
#7408 = CARTESIAN_POINT('',(6.22568421935,49.9,2.6));
#7409 = VECTOR('',#7410,1.);
#7410 = DIRECTION('',(-0.5,-0.866025403784,0.));
#7411 = ORIENTED_EDGE('',*,*,#7412,.F.);
#7412 = EDGE_CURVE('',#5217,#7405,#7413,.T.);
#7413 = LINE('',#7414,#7415);
#7414 = CARTESIAN_POINT('',(4.5513684387,47.,-1.));
#7415 = VECTOR('',#7416,1.);
#7416 = DIRECTION('',(0.,0.,1.));
#7417 = PLANE('',#7418);
#7418 = AXIS2_PLACEMENT_3D('',#7419,#7420,#7421);
#7419 = CARTESIAN_POINT('',(6.22568421935,49.9,-1.));
#7420 = DIRECTION('',(0.866025403784,-0.5,0.));
#7421 = DIRECTION('',(-0.5,-0.866025403784,0.));
#7422 = ADVANCED_FACE('',(#7423),#7441,.T.);
#7423 = FACE_BOUND('',#7424,.T.);
#7424 = EDGE_LOOP('',(#7425,#7426,#7427,#7435));
#7425 = ORIENTED_EDGE('',*,*,#5216,.T.);
#7426 = ORIENTED_EDGE('',*,*,#7412,.T.);
#7427 = ORIENTED_EDGE('',*,*,#7428,.T.);
#7428 = EDGE_CURVE('',#7405,#7429,#7431,.T.);
#7429 = VERTEX_POINT('',#7430);
#7430 = CARTESIAN_POINT('',(6.22568421935,44.1,2.6));
#7431 = LINE('',#7432,#7433);
#7432 = CARTESIAN_POINT('',(4.5513684387,47.,2.6));
#7433 = VECTOR('',#7434,1.);
#7434 = DIRECTION('',(0.5,-0.866025403784,0.));
#7435 = ORIENTED_EDGE('',*,*,#7436,.F.);
#7436 = EDGE_CURVE('',#5209,#7429,#7437,.T.);
#7437 = LINE('',#7438,#7439);
#7438 = CARTESIAN_POINT('',(6.22568421935,44.1,-1.));
#7439 = VECTOR('',#7440,1.);
#7440 = DIRECTION('',(0.,0.,1.));
#7441 = PLANE('',#7442);
#7442 = AXIS2_PLACEMENT_3D('',#7443,#7444,#7445);
#7443 = CARTESIAN_POINT('',(4.5513684387,47.,-1.));
#7444 = DIRECTION('',(0.866025403784,0.5,-0.));
#7445 = DIRECTION('',(0.5,-0.866025403784,0.));
#7446 = ADVANCED_FACE('',(#7447),#7465,.T.);
#7447 = FACE_BOUND('',#7448,.T.);
#7448 = EDGE_LOOP('',(#7449,#7450,#7451,#7459));
#7449 = ORIENTED_EDGE('',*,*,#5208,.T.);
#7450 = ORIENTED_EDGE('',*,*,#7436,.T.);
#7451 = ORIENTED_EDGE('',*,*,#7452,.T.);
#7452 = EDGE_CURVE('',#7429,#7453,#7455,.T.);
#7453 = VERTEX_POINT('',#7454);
#7454 = CARTESIAN_POINT('',(9.57431578065,44.1,2.6));
#7455 = LINE('',#7456,#7457);
#7456 = CARTESIAN_POINT('',(6.22568421935,44.1,2.6));
#7457 = VECTOR('',#7458,1.);
#7458 = DIRECTION('',(1.,0.,0.));
#7459 = ORIENTED_EDGE('',*,*,#7460,.F.);
#7460 = EDGE_CURVE('',#5201,#7453,#7461,.T.);
#7461 = LINE('',#7462,#7463);
#7462 = CARTESIAN_POINT('',(9.57431578065,44.1,-1.));
#7463 = VECTOR('',#7464,1.);
#7464 = DIRECTION('',(0.,0.,1.));
#7465 = PLANE('',#7466);
#7466 = AXIS2_PLACEMENT_3D('',#7467,#7468,#7469);
#7467 = CARTESIAN_POINT('',(6.22568421935,44.1,-1.));
#7468 = DIRECTION('',(0.,1.,0.));
#7469 = DIRECTION('',(1.,0.,0.));
#7470 = ADVANCED_FACE('',(#7471),#7489,.T.);
#7471 = FACE_BOUND('',#7472,.T.);
#7472 = EDGE_LOOP('',(#7473,#7474,#7475,#7483));
#7473 = ORIENTED_EDGE('',*,*,#5200,.T.);
#7474 = ORIENTED_EDGE('',*,*,#7460,.T.);
#7475 = ORIENTED_EDGE('',*,*,#7476,.T.);
#7476 = EDGE_CURVE('',#7453,#7477,#7479,.T.);
#7477 = VERTEX_POINT('',#7478);
#7478 = CARTESIAN_POINT('',(11.2486315613,47.,2.6));
#7479 = LINE('',#7480,#7481);
#7480 = CARTESIAN_POINT('',(9.57431578065,44.1,2.6));
#7481 = VECTOR('',#7482,1.);
#7482 = DIRECTION('',(0.5,0.866025403784,0.));
#7483 = ORIENTED_EDGE('',*,*,#7484,.F.);
#7484 = EDGE_CURVE('',#5193,#7477,#7485,.T.);
#7485 = LINE('',#7486,#7487);
#7486 = CARTESIAN_POINT('',(11.2486315613,47.,-1.));
#7487 = VECTOR('',#7488,1.);
#7488 = DIRECTION('',(0.,0.,1.));
#7489 = PLANE('',#7490);
#7490 = AXIS2_PLACEMENT_3D('',#7491,#7492,#7493);
#7491 = CARTESIAN_POINT('',(9.57431578065,44.1,-1.));
#7492 = DIRECTION('',(-0.866025403784,0.5,0.));
#7493 = DIRECTION('',(0.5,0.866025403784,0.));
#7494 = ADVANCED_FACE('',(#7495),#7506,.T.);
#7495 = FACE_BOUND('',#7496,.T.);
#7496 = EDGE_LOOP('',(#7497,#7498,#7499,#7505));
#7497 = ORIENTED_EDGE('',*,*,#5192,.T.);
#7498 = ORIENTED_EDGE('',*,*,#7484,.T.);
#7499 = ORIENTED_EDGE('',*,*,#7500,.T.);
#7500 = EDGE_CURVE('',#7477,#7373,#7501,.T.);
#7501 = LINE('',#7502,#7503);
#7502 = CARTESIAN_POINT('',(11.2486315613,47.,2.6));
#7503 = VECTOR('',#7504,1.);
#7504 = DIRECTION('',(-0.5,0.866025403784,0.));
#7505 = ORIENTED_EDGE('',*,*,#7372,.F.);
#7506 = PLANE('',#7507);
#7507 = AXIS2_PLACEMENT_3D('',#7508,#7509,#7510);
#7508 = CARTESIAN_POINT('',(11.2486315613,47.,-1.));
#7509 = DIRECTION('',(-0.866025403784,-0.5,0.));
#7510 = DIRECTION('',(-0.5,0.866025403784,0.));
#7511 = ADVANCED_FACE('',(#7512),#7537,.T.);
#7512 = FACE_BOUND('',#7513,.T.);
#7513 = EDGE_LOOP('',(#7514,#7515,#7523,#7531));
#7514 = ORIENTED_EDGE('',*,*,#5232,.T.);
#7515 = ORIENTED_EDGE('',*,*,#7516,.T.);
#7516 = EDGE_CURVE('',#5235,#7517,#7519,.T.);
#7517 = VERTEX_POINT('',#7518);
#7518 = CARTESIAN_POINT('',(91.57431578065,49.9,2.6));
#7519 = LINE('',#7520,#7521);
#7520 = CARTESIAN_POINT('',(91.57431578065,49.9,-1.));
#7521 = VECTOR('',#7522,1.);
#7522 = DIRECTION('',(0.,0.,1.));
#7523 = ORIENTED_EDGE('',*,*,#7524,.T.);
#7524 = EDGE_CURVE('',#7517,#7525,#7527,.T.);
#7525 = VERTEX_POINT('',#7526);
#7526 = CARTESIAN_POINT('',(88.22568421935,49.9,2.6));
#7527 = LINE('',#7528,#7529);
#7528 = CARTESIAN_POINT('',(91.57431578065,49.9,2.6));
#7529 = VECTOR('',#7530,1.);
#7530 = DIRECTION('',(-1.,0.,0.));
#7531 = ORIENTED_EDGE('',*,*,#7532,.F.);
#7532 = EDGE_CURVE('',#5233,#7525,#7533,.T.);
#7533 = LINE('',#7534,#7535);
#7534 = CARTESIAN_POINT('',(88.22568421935,49.9,-1.));
#7535 = VECTOR('',#7536,1.);
#7536 = DIRECTION('',(0.,0.,1.));
#7537 = PLANE('',#7538);
#7538 = AXIS2_PLACEMENT_3D('',#7539,#7540,#7541);
#7539 = CARTESIAN_POINT('',(91.57431578065,49.9,-1.));
#7540 = DIRECTION('',(0.,-1.,0.));
#7541 = DIRECTION('',(-1.,0.,0.));
#7542 = ADVANCED_FACE('',(#7543),#7561,.T.);
#7543 = FACE_BOUND('',#7544,.T.);
#7544 = EDGE_LOOP('',(#7545,#7546,#7547,#7555));
#7545 = ORIENTED_EDGE('',*,*,#5274,.T.);
#7546 = ORIENTED_EDGE('',*,*,#7532,.T.);
#7547 = ORIENTED_EDGE('',*,*,#7548,.T.);
#7548 = EDGE_CURVE('',#7525,#7549,#7551,.T.);
#7549 = VERTEX_POINT('',#7550);
#7550 = CARTESIAN_POINT('',(86.5513684387,47.,2.6));
#7551 = LINE('',#7552,#7553);
#7552 = CARTESIAN_POINT('',(88.22568421935,49.9,2.6));
#7553 = VECTOR('',#7554,1.);
#7554 = DIRECTION('',(-0.5,-0.866025403784,0.));
#7555 = ORIENTED_EDGE('',*,*,#7556,.F.);
#7556 = EDGE_CURVE('',#5267,#7549,#7557,.T.);
#7557 = LINE('',#7558,#7559);
#7558 = CARTESIAN_POINT('',(86.5513684387,47.,-1.));
#7559 = VECTOR('',#7560,1.);
#7560 = DIRECTION('',(0.,0.,1.));
#7561 = PLANE('',#7562);
#7562 = AXIS2_PLACEMENT_3D('',#7563,#7564,#7565);
#7563 = CARTESIAN_POINT('',(88.22568421935,49.9,-1.));
#7564 = DIRECTION('',(0.866025403784,-0.5,0.));
#7565 = DIRECTION('',(-0.5,-0.866025403784,0.));
#7566 = ADVANCED_FACE('',(#7567),#7585,.T.);
#7567 = FACE_BOUND('',#7568,.T.);
#7568 = EDGE_LOOP('',(#7569,#7570,#7571,#7579));
#7569 = ORIENTED_EDGE('',*,*,#5266,.T.);
#7570 = ORIENTED_EDGE('',*,*,#7556,.T.);
#7571 = ORIENTED_EDGE('',*,*,#7572,.T.);
#7572 = EDGE_CURVE('',#7549,#7573,#7575,.T.);
#7573 = VERTEX_POINT('',#7574);
#7574 = CARTESIAN_POINT('',(88.22568421935,44.1,2.6));
#7575 = LINE('',#7576,#7577);
#7576 = CARTESIAN_POINT('',(86.5513684387,47.,2.6));
#7577 = VECTOR('',#7578,1.);
#7578 = DIRECTION('',(0.5,-0.866025403784,0.));
#7579 = ORIENTED_EDGE('',*,*,#7580,.F.);
#7580 = EDGE_CURVE('',#5259,#7573,#7581,.T.);
#7581 = LINE('',#7582,#7583);
#7582 = CARTESIAN_POINT('',(88.22568421935,44.1,-1.));
#7583 = VECTOR('',#7584,1.);
#7584 = DIRECTION('',(0.,0.,1.));
#7585 = PLANE('',#7586);
#7586 = AXIS2_PLACEMENT_3D('',#7587,#7588,#7589);
#7587 = CARTESIAN_POINT('',(86.5513684387,47.,-1.));
#7588 = DIRECTION('',(0.866025403784,0.5,-0.));
#7589 = DIRECTION('',(0.5,-0.866025403784,0.));
#7590 = ADVANCED_FACE('',(#7591),#7609,.T.);
#7591 = FACE_BOUND('',#7592,.T.);
#7592 = EDGE_LOOP('',(#7593,#7594,#7595,#7603));
#7593 = ORIENTED_EDGE('',*,*,#5258,.T.);
#7594 = ORIENTED_EDGE('',*,*,#7580,.T.);
#7595 = ORIENTED_EDGE('',*,*,#7596,.T.);
#7596 = EDGE_CURVE('',#7573,#7597,#7599,.T.);
#7597 = VERTEX_POINT('',#7598);
#7598 = CARTESIAN_POINT('',(91.57431578065,44.1,2.6));
#7599 = LINE('',#7600,#7601);
#7600 = CARTESIAN_POINT('',(88.22568421935,44.1,2.6));
#7601 = VECTOR('',#7602,1.);
#7602 = DIRECTION('',(1.,0.,0.));
#7603 = ORIENTED_EDGE('',*,*,#7604,.F.);
#7604 = EDGE_CURVE('',#5251,#7597,#7605,.T.);
#7605 = LINE('',#7606,#7607);
#7606 = CARTESIAN_POINT('',(91.57431578065,44.1,-1.));
#7607 = VECTOR('',#7608,1.);
#7608 = DIRECTION('',(0.,0.,1.));
#7609 = PLANE('',#7610);
#7610 = AXIS2_PLACEMENT_3D('',#7611,#7612,#7613);
#7611 = CARTESIAN_POINT('',(88.22568421935,44.1,-1.));
#7612 = DIRECTION('',(0.,1.,0.));
#7613 = DIRECTION('',(1.,0.,0.));
#7614 = ADVANCED_FACE('',(#7615),#7633,.T.);
#7615 = FACE_BOUND('',#7616,.T.);
#7616 = EDGE_LOOP('',(#7617,#7618,#7619,#7627));
#7617 = ORIENTED_EDGE('',*,*,#5250,.T.);
#7618 = ORIENTED_EDGE('',*,*,#7604,.T.);
#7619 = ORIENTED_EDGE('',*,*,#7620,.T.);
#7620 = EDGE_CURVE('',#7597,#7621,#7623,.T.);
#7621 = VERTEX_POINT('',#7622);
#7622 = CARTESIAN_POINT('',(93.2486315613,47.,2.6));
#7623 = LINE('',#7624,#7625);
#7624 = CARTESIAN_POINT('',(91.57431578065,44.1,2.6));
#7625 = VECTOR('',#7626,1.);
#7626 = DIRECTION('',(0.5,0.866025403784,0.));
#7627 = ORIENTED_EDGE('',*,*,#7628,.F.);
#7628 = EDGE_CURVE('',#5243,#7621,#7629,.T.);
#7629 = LINE('',#7630,#7631);
#7630 = CARTESIAN_POINT('',(93.2486315613,47.,-1.));
#7631 = VECTOR('',#7632,1.);
#7632 = DIRECTION('',(0.,0.,1.));
#7633 = PLANE('',#7634);
#7634 = AXIS2_PLACEMENT_3D('',#7635,#7636,#7637);
#7635 = CARTESIAN_POINT('',(91.57431578065,44.1,-1.));
#7636 = DIRECTION('',(-0.866025403784,0.5,0.));
#7637 = DIRECTION('',(0.5,0.866025403784,0.));
#7638 = ADVANCED_FACE('',(#7639),#7650,.T.);
#7639 = FACE_BOUND('',#7640,.T.);
#7640 = EDGE_LOOP('',(#7641,#7642,#7643,#7649));
#7641 = ORIENTED_EDGE('',*,*,#5242,.T.);
#7642 = ORIENTED_EDGE('',*,*,#7628,.T.);
#7643 = ORIENTED_EDGE('',*,*,#7644,.T.);
#7644 = EDGE_CURVE('',#7621,#7517,#7645,.T.);
#7645 = LINE('',#7646,#7647);
#7646 = CARTESIAN_POINT('',(93.2486315613,47.,2.6));
#7647 = VECTOR('',#7648,1.);
#7648 = DIRECTION('',(-0.5,0.866025403784,0.));
#7649 = ORIENTED_EDGE('',*,*,#7516,.F.);
#7650 = PLANE('',#7651);
#7651 = AXIS2_PLACEMENT_3D('',#7652,#7653,#7654);
#7652 = CARTESIAN_POINT('',(93.2486315613,47.,-1.));
#7653 = DIRECTION('',(-0.866025403784,-0.5,0.));
#7654 = DIRECTION('',(-0.5,0.866025403784,0.));
#7655 = ADVANCED_FACE('',(#7656),#7681,.T.);
#7656 = FACE_BOUND('',#7657,.T.);
#7657 = EDGE_LOOP('',(#7658,#7659,#7667,#7675));
#7658 = ORIENTED_EDGE('',*,*,#5282,.T.);
#7659 = ORIENTED_EDGE('',*,*,#7660,.T.);
#7660 = EDGE_CURVE('',#5285,#7661,#7663,.T.);
#7661 = VERTEX_POINT('',#7662);
#7662 = CARTESIAN_POINT('',(9.57431578065,107.9,2.6));
#7663 = LINE('',#7664,#7665);
#7664 = CARTESIAN_POINT('',(9.57431578065,107.9,-1.));
#7665 = VECTOR('',#7666,1.);
#7666 = DIRECTION('',(0.,0.,1.));
#7667 = ORIENTED_EDGE('',*,*,#7668,.T.);
#7668 = EDGE_CURVE('',#7661,#7669,#7671,.T.);
#7669 = VERTEX_POINT('',#7670);
#7670 = CARTESIAN_POINT('',(6.22568421935,107.9,2.6));
#7671 = LINE('',#7672,#7673);
#7672 = CARTESIAN_POINT('',(9.57431578065,107.9,2.6));
#7673 = VECTOR('',#7674,1.);
#7674 = DIRECTION('',(-1.,0.,0.));
#7675 = ORIENTED_EDGE('',*,*,#7676,.F.);
#7676 = EDGE_CURVE('',#5283,#7669,#7677,.T.);
#7677 = LINE('',#7678,#7679);
#7678 = CARTESIAN_POINT('',(6.22568421935,107.9,-1.));
#7679 = VECTOR('',#7680,1.);
#7680 = DIRECTION('',(0.,0.,1.));
#7681 = PLANE('',#7682);
#7682 = AXIS2_PLACEMENT_3D('',#7683,#7684,#7685);
#7683 = CARTESIAN_POINT('',(9.57431578065,107.9,-1.));
#7684 = DIRECTION('',(0.,-1.,0.));
#7685 = DIRECTION('',(-1.,0.,0.));
#7686 = ADVANCED_FACE('',(#7687),#7705,.T.);
#7687 = FACE_BOUND('',#7688,.T.);
#7688 = EDGE_LOOP('',(#7689,#7690,#7691,#7699));
#7689 = ORIENTED_EDGE('',*,*,#5324,.T.);
#7690 = ORIENTED_EDGE('',*,*,#7676,.T.);
#7691 = ORIENTED_EDGE('',*,*,#7692,.T.);
#7692 = EDGE_CURVE('',#7669,#7693,#7695,.T.);
#7693 = VERTEX_POINT('',#7694);
#7694 = CARTESIAN_POINT('',(4.5513684387,105.,2.6));
#7695 = LINE('',#7696,#7697);
#7696 = CARTESIAN_POINT('',(6.22568421935,107.9,2.6));
#7697 = VECTOR('',#7698,1.);
#7698 = DIRECTION('',(-0.5,-0.866025403784,0.));
#7699 = ORIENTED_EDGE('',*,*,#7700,.F.);
#7700 = EDGE_CURVE('',#5317,#7693,#7701,.T.);
#7701 = LINE('',#7702,#7703);
#7702 = CARTESIAN_POINT('',(4.5513684387,105.,-1.));
#7703 = VECTOR('',#7704,1.);
#7704 = DIRECTION('',(0.,0.,1.));
#7705 = PLANE('',#7706);
#7706 = AXIS2_PLACEMENT_3D('',#7707,#7708,#7709);
#7707 = CARTESIAN_POINT('',(6.22568421935,107.9,-1.));
#7708 = DIRECTION('',(0.866025403784,-0.5,0.));
#7709 = DIRECTION('',(-0.5,-0.866025403784,0.));
#7710 = ADVANCED_FACE('',(#7711),#7729,.T.);
#7711 = FACE_BOUND('',#7712,.T.);
#7712 = EDGE_LOOP('',(#7713,#7714,#7715,#7723));
#7713 = ORIENTED_EDGE('',*,*,#5316,.T.);
#7714 = ORIENTED_EDGE('',*,*,#7700,.T.);
#7715 = ORIENTED_EDGE('',*,*,#7716,.T.);
#7716 = EDGE_CURVE('',#7693,#7717,#7719,.T.);
#7717 = VERTEX_POINT('',#7718);
#7718 = CARTESIAN_POINT('',(6.22568421935,102.1,2.6));
#7719 = LINE('',#7720,#7721);
#7720 = CARTESIAN_POINT('',(4.5513684387,105.,2.6));
#7721 = VECTOR('',#7722,1.);
#7722 = DIRECTION('',(0.5,-0.866025403784,0.));
#7723 = ORIENTED_EDGE('',*,*,#7724,.F.);
#7724 = EDGE_CURVE('',#5309,#7717,#7725,.T.);
#7725 = LINE('',#7726,#7727);
#7726 = CARTESIAN_POINT('',(6.22568421935,102.1,-1.));
#7727 = VECTOR('',#7728,1.);
#7728 = DIRECTION('',(0.,0.,1.));
#7729 = PLANE('',#7730);
#7730 = AXIS2_PLACEMENT_3D('',#7731,#7732,#7733);
#7731 = CARTESIAN_POINT('',(4.5513684387,105.,-1.));
#7732 = DIRECTION('',(0.866025403784,0.5,-0.));
#7733 = DIRECTION('',(0.5,-0.866025403784,0.));
#7734 = ADVANCED_FACE('',(#7735),#7753,.T.);
#7735 = FACE_BOUND('',#7736,.T.);
#7736 = EDGE_LOOP('',(#7737,#7738,#7739,#7747));
#7737 = ORIENTED_EDGE('',*,*,#5308,.T.);
#7738 = ORIENTED_EDGE('',*,*,#7724,.T.);
#7739 = ORIENTED_EDGE('',*,*,#7740,.T.);
#7740 = EDGE_CURVE('',#7717,#7741,#7743,.T.);
#7741 = VERTEX_POINT('',#7742);
#7742 = CARTESIAN_POINT('',(9.57431578065,102.1,2.6));
#7743 = LINE('',#7744,#7745);
#7744 = CARTESIAN_POINT('',(6.22568421935,102.1,2.6));
#7745 = VECTOR('',#7746,1.);
#7746 = DIRECTION('',(1.,0.,0.));
#7747 = ORIENTED_EDGE('',*,*,#7748,.F.);
#7748 = EDGE_CURVE('',#5301,#7741,#7749,.T.);
#7749 = LINE('',#7750,#7751);
#7750 = CARTESIAN_POINT('',(9.57431578065,102.1,-1.));
#7751 = VECTOR('',#7752,1.);
#7752 = DIRECTION('',(0.,0.,1.));
#7753 = PLANE('',#7754);
#7754 = AXIS2_PLACEMENT_3D('',#7755,#7756,#7757);
#7755 = CARTESIAN_POINT('',(6.22568421935,102.1,-1.));
#7756 = DIRECTION('',(0.,1.,0.));
#7757 = DIRECTION('',(1.,0.,0.));
#7758 = ADVANCED_FACE('',(#7759),#7777,.T.);
#7759 = FACE_BOUND('',#7760,.T.);
#7760 = EDGE_LOOP('',(#7761,#7762,#7763,#7771));
#7761 = ORIENTED_EDGE('',*,*,#5300,.T.);
#7762 = ORIENTED_EDGE('',*,*,#7748,.T.);
#7763 = ORIENTED_EDGE('',*,*,#7764,.T.);
#7764 = EDGE_CURVE('',#7741,#7765,#7767,.T.);
#7765 = VERTEX_POINT('',#7766);
#7766 = CARTESIAN_POINT('',(11.2486315613,105.,2.6));
#7767 = LINE('',#7768,#7769);
#7768 = CARTESIAN_POINT('',(9.57431578065,102.1,2.6));
#7769 = VECTOR('',#7770,1.);
#7770 = DIRECTION('',(0.5,0.866025403784,0.));
#7771 = ORIENTED_EDGE('',*,*,#7772,.F.);
#7772 = EDGE_CURVE('',#5293,#7765,#7773,.T.);
#7773 = LINE('',#7774,#7775);
#7774 = CARTESIAN_POINT('',(11.2486315613,105.,-1.));
#7775 = VECTOR('',#7776,1.);
#7776 = DIRECTION('',(0.,0.,1.));
#7777 = PLANE('',#7778);
#7778 = AXIS2_PLACEMENT_3D('',#7779,#7780,#7781);
#7779 = CARTESIAN_POINT('',(9.57431578065,102.1,-1.));
#7780 = DIRECTION('',(-0.866025403784,0.5,0.));
#7781 = DIRECTION('',(0.5,0.866025403784,0.));
#7782 = ADVANCED_FACE('',(#7783),#7794,.T.);
#7783 = FACE_BOUND('',#7784,.T.);
#7784 = EDGE_LOOP('',(#7785,#7786,#7787,#7793));
#7785 = ORIENTED_EDGE('',*,*,#5292,.T.);
#7786 = ORIENTED_EDGE('',*,*,#7772,.T.);
#7787 = ORIENTED_EDGE('',*,*,#7788,.T.);
#7788 = EDGE_CURVE('',#7765,#7661,#7789,.T.);
#7789 = LINE('',#7790,#7791);
#7790 = CARTESIAN_POINT('',(11.2486315613,105.,2.6));
#7791 = VECTOR('',#7792,1.);
#7792 = DIRECTION('',(-0.5,0.866025403784,0.));
#7793 = ORIENTED_EDGE('',*,*,#7660,.F.);
#7794 = PLANE('',#7795);
#7795 = AXIS2_PLACEMENT_3D('',#7796,#7797,#7798);
#7796 = CARTESIAN_POINT('',(11.2486315613,105.,-1.));
#7797 = DIRECTION('',(-0.866025403784,-0.5,0.));
#7798 = DIRECTION('',(-0.5,0.866025403784,0.));
#7799 = ADVANCED_FACE('',(#7800),#7825,.T.);
#7800 = FACE_BOUND('',#7801,.T.);
#7801 = EDGE_LOOP('',(#7802,#7803,#7811,#7819));
#7802 = ORIENTED_EDGE('',*,*,#5332,.T.);
#7803 = ORIENTED_EDGE('',*,*,#7804,.T.);
#7804 = EDGE_CURVE('',#5335,#7805,#7807,.T.);
#7805 = VERTEX_POINT('',#7806);
#7806 = CARTESIAN_POINT('',(91.57431578065,107.9,2.6));
#7807 = LINE('',#7808,#7809);
#7808 = CARTESIAN_POINT('',(91.57431578065,107.9,-1.));
#7809 = VECTOR('',#7810,1.);
#7810 = DIRECTION('',(0.,0.,1.));
#7811 = ORIENTED_EDGE('',*,*,#7812,.T.);
#7812 = EDGE_CURVE('',#7805,#7813,#7815,.T.);
#7813 = VERTEX_POINT('',#7814);
#7814 = CARTESIAN_POINT('',(88.22568421935,107.9,2.6));
#7815 = LINE('',#7816,#7817);
#7816 = CARTESIAN_POINT('',(91.57431578065,107.9,2.6));
#7817 = VECTOR('',#7818,1.);
#7818 = DIRECTION('',(-1.,0.,0.));
#7819 = ORIENTED_EDGE('',*,*,#7820,.F.);
#7820 = EDGE_CURVE('',#5333,#7813,#7821,.T.);
#7821 = LINE('',#7822,#7823);
#7822 = CARTESIAN_POINT('',(88.22568421935,107.9,-1.));
#7823 = VECTOR('',#7824,1.);
#7824 = DIRECTION('',(0.,0.,1.));
#7825 = PLANE('',#7826);
#7826 = AXIS2_PLACEMENT_3D('',#7827,#7828,#7829);
#7827 = CARTESIAN_POINT('',(91.57431578065,107.9,-1.));
#7828 = DIRECTION('',(0.,-1.,0.));
#7829 = DIRECTION('',(-1.,0.,0.));
#7830 = ADVANCED_FACE('',(#7831),#7849,.T.);
#7831 = FACE_BOUND('',#7832,.T.);
#7832 = EDGE_LOOP('',(#7833,#7834,#7835,#7843));
#7833 = ORIENTED_EDGE('',*,*,#5374,.T.);
#7834 = ORIENTED_EDGE('',*,*,#7820,.T.);
#7835 = ORIENTED_EDGE('',*,*,#7836,.T.);
#7836 = EDGE_CURVE('',#7813,#7837,#7839,.T.);
#7837 = VERTEX_POINT('',#7838);
#7838 = CARTESIAN_POINT('',(86.5513684387,105.,2.6));
#7839 = LINE('',#7840,#7841);
#7840 = CARTESIAN_POINT('',(88.22568421935,107.9,2.6));
#7841 = VECTOR('',#7842,1.);
#7842 = DIRECTION('',(-0.5,-0.866025403784,0.));
#7843 = ORIENTED_EDGE('',*,*,#7844,.F.);
#7844 = EDGE_CURVE('',#5367,#7837,#7845,.T.);
#7845 = LINE('',#7846,#7847);
#7846 = CARTESIAN_POINT('',(86.5513684387,105.,-1.));
#7847 = VECTOR('',#7848,1.);
#7848 = DIRECTION('',(0.,0.,1.));
#7849 = PLANE('',#7850);
#7850 = AXIS2_PLACEMENT_3D('',#7851,#7852,#7853);
#7851 = CARTESIAN_POINT('',(88.22568421935,107.9,-1.));
#7852 = DIRECTION('',(0.866025403784,-0.5,0.));
#7853 = DIRECTION('',(-0.5,-0.866025403784,0.));
#7854 = ADVANCED_FACE('',(#7855),#7873,.T.);
#7855 = FACE_BOUND('',#7856,.T.);
#7856 = EDGE_LOOP('',(#7857,#7858,#7859,#7867));
#7857 = ORIENTED_EDGE('',*,*,#5366,.T.);
#7858 = ORIENTED_EDGE('',*,*,#7844,.T.);
#7859 = ORIENTED_EDGE('',*,*,#7860,.T.);
#7860 = EDGE_CURVE('',#7837,#7861,#7863,.T.);
#7861 = VERTEX_POINT('',#7862);
#7862 = CARTESIAN_POINT('',(88.22568421935,102.1,2.6));
#7863 = LINE('',#7864,#7865);
#7864 = CARTESIAN_POINT('',(86.5513684387,105.,2.6));
#7865 = VECTOR('',#7866,1.);
#7866 = DIRECTION('',(0.5,-0.866025403784,0.));
#7867 = ORIENTED_EDGE('',*,*,#7868,.F.);
#7868 = EDGE_CURVE('',#5359,#7861,#7869,.T.);
#7869 = LINE('',#7870,#7871);
#7870 = CARTESIAN_POINT('',(88.22568421935,102.1,-1.));
#7871 = VECTOR('',#7872,1.);
#7872 = DIRECTION('',(0.,0.,1.));
#7873 = PLANE('',#7874);
#7874 = AXIS2_PLACEMENT_3D('',#7875,#7876,#7877);
#7875 = CARTESIAN_POINT('',(86.5513684387,105.,-1.));
#7876 = DIRECTION('',(0.866025403784,0.5,-0.));
#7877 = DIRECTION('',(0.5,-0.866025403784,0.));
#7878 = ADVANCED_FACE('',(#7879),#7897,.T.);
#7879 = FACE_BOUND('',#7880,.T.);
#7880 = EDGE_LOOP('',(#7881,#7882,#7883,#7891));
#7881 = ORIENTED_EDGE('',*,*,#5358,.T.);
#7882 = ORIENTED_EDGE('',*,*,#7868,.T.);
#7883 = ORIENTED_EDGE('',*,*,#7884,.T.);
#7884 = EDGE_CURVE('',#7861,#7885,#7887,.T.);
#7885 = VERTEX_POINT('',#7886);
#7886 = CARTESIAN_POINT('',(91.57431578065,102.1,2.6));
#7887 = LINE('',#7888,#7889);
#7888 = CARTESIAN_POINT('',(88.22568421935,102.1,2.6));
#7889 = VECTOR('',#7890,1.);
#7890 = DIRECTION('',(1.,0.,0.));
#7891 = ORIENTED_EDGE('',*,*,#7892,.F.);
#7892 = EDGE_CURVE('',#5351,#7885,#7893,.T.);
#7893 = LINE('',#7894,#7895);
#7894 = CARTESIAN_POINT('',(91.57431578065,102.1,-1.));
#7895 = VECTOR('',#7896,1.);
#7896 = DIRECTION('',(0.,0.,1.));
#7897 = PLANE('',#7898);
#7898 = AXIS2_PLACEMENT_3D('',#7899,#7900,#7901);
#7899 = CARTESIAN_POINT('',(88.22568421935,102.1,-1.));
#7900 = DIRECTION('',(0.,1.,0.));
#7901 = DIRECTION('',(1.,0.,0.));
#7902 = ADVANCED_FACE('',(#7903),#7921,.T.);
#7903 = FACE_BOUND('',#7904,.T.);
#7904 = EDGE_LOOP('',(#7905,#7906,#7907,#7915));
#7905 = ORIENTED_EDGE('',*,*,#5350,.T.);
#7906 = ORIENTED_EDGE('',*,*,#7892,.T.);
#7907 = ORIENTED_EDGE('',*,*,#7908,.T.);
#7908 = EDGE_CURVE('',#7885,#7909,#7911,.T.);
#7909 = VERTEX_POINT('',#7910);
#7910 = CARTESIAN_POINT('',(93.2486315613,105.,2.6));
#7911 = LINE('',#7912,#7913);
#7912 = CARTESIAN_POINT('',(91.57431578065,102.1,2.6));
#7913 = VECTOR('',#7914,1.);
#7914 = DIRECTION('',(0.5,0.866025403784,0.));
#7915 = ORIENTED_EDGE('',*,*,#7916,.F.);
#7916 = EDGE_CURVE('',#5343,#7909,#7917,.T.);
#7917 = LINE('',#7918,#7919);
#7918 = CARTESIAN_POINT('',(93.2486315613,105.,-1.));
#7919 = VECTOR('',#7920,1.);
#7920 = DIRECTION('',(0.,0.,1.));
#7921 = PLANE('',#7922);
#7922 = AXIS2_PLACEMENT_3D('',#7923,#7924,#7925);
#7923 = CARTESIAN_POINT('',(91.57431578065,102.1,-1.));
#7924 = DIRECTION('',(-0.866025403784,0.5,0.));
#7925 = DIRECTION('',(0.5,0.866025403784,0.));
#7926 = ADVANCED_FACE('',(#7927),#7938,.T.);
#7927 = FACE_BOUND('',#7928,.T.);
#7928 = EDGE_LOOP('',(#7929,#7930,#7931,#7937));
#7929 = ORIENTED_EDGE('',*,*,#5342,.T.);
#7930 = ORIENTED_EDGE('',*,*,#7916,.T.);
#7931 = ORIENTED_EDGE('',*,*,#7932,.T.);
#7932 = EDGE_CURVE('',#7909,#7805,#7933,.T.);
#7933 = LINE('',#7934,#7935);
#7934 = CARTESIAN_POINT('',(93.2486315613,105.,2.6));
#7935 = VECTOR('',#7936,1.);
#7936 = DIRECTION('',(-0.5,0.866025403784,0.));
#7937 = ORIENTED_EDGE('',*,*,#7804,.F.);
#7938 = PLANE('',#7939);
#7939 = AXIS2_PLACEMENT_3D('',#7940,#7941,#7942);
#7940 = CARTESIAN_POINT('',(93.2486315613,105.,-1.));
#7941 = DIRECTION('',(-0.866025403784,-0.5,0.));
#7942 = DIRECTION('',(-0.5,0.866025403784,0.));
#7943 = ADVANCED_FACE('',(#7944),#7969,.T.);
#7944 = FACE_BOUND('',#7945,.T.);
#7945 = EDGE_LOOP('',(#7946,#7956,#7962,#7963));
#7946 = ORIENTED_EDGE('',*,*,#7947,.T.);
#7947 = EDGE_CURVE('',#7948,#7950,#7952,.T.);
#7948 = VERTEX_POINT('',#7949);
#7949 = CARTESIAN_POINT('',(28.5,125.6,46.5));
#7950 = VERTEX_POINT('',#7951);
#7951 = CARTESIAN_POINT('',(28.5,125.6,13.5));
#7952 = LINE('',#7953,#7954);
#7953 = CARTESIAN_POINT('',(28.5,125.6,7.95));
#7954 = VECTOR('',#7955,1.);
#7955 = DIRECTION('',(-0.,0.,-1.));
#7956 = ORIENTED_EDGE('',*,*,#7957,.T.);
#7957 = EDGE_CURVE('',#7950,#5435,#7958,.T.);
#7958 = LINE('',#7959,#7960);
#7959 = CARTESIAN_POINT('',(28.5,124.6,13.5));
#7960 = VECTOR('',#7961,1.);
#7961 = DIRECTION('',(-0.,1.,0.));
#7962 = ORIENTED_EDGE('',*,*,#5434,.F.);
#7963 = ORIENTED_EDGE('',*,*,#7964,.F.);
#7964 = EDGE_CURVE('',#7948,#5424,#7965,.T.);
#7965 = LINE('',#7966,#7967);
#7966 = CARTESIAN_POINT('',(28.5,124.6,46.5));
#7967 = VECTOR('',#7968,1.);
#7968 = DIRECTION('',(-0.,1.,0.));
#7969 = PLANE('',#7970);
#7970 = AXIS2_PLACEMENT_3D('',#7971,#7972,#7973);
#7971 = CARTESIAN_POINT('',(28.5,124.6,13.5));
#7972 = DIRECTION('',(1.,0.,-0.));
#7973 = DIRECTION('',(0.,0.,1.));
#7974 = ADVANCED_FACE('',(#7975),#7994,.F.);
#7975 = FACE_BOUND('',#7976,.F.);
#7976 = EDGE_LOOP('',(#7977,#7978,#7986,#7993));
#7977 = ORIENTED_EDGE('',*,*,#5442,.F.);
#7978 = ORIENTED_EDGE('',*,*,#7979,.F.);
#7979 = EDGE_CURVE('',#7980,#5443,#7982,.T.);
#7980 = VERTEX_POINT('',#7981);
#7981 = CARTESIAN_POINT('',(31.5,125.6,13.5));
#7982 = LINE('',#7983,#7984);
#7983 = CARTESIAN_POINT('',(31.5,124.6,13.5));
#7984 = VECTOR('',#7985,1.);
#7985 = DIRECTION('',(-0.,1.,0.));
#7986 = ORIENTED_EDGE('',*,*,#7987,.T.);
#7987 = EDGE_CURVE('',#7980,#7950,#7988,.T.);
#7988 = CIRCLE('',#7989,1.5);
#7989 = AXIS2_PLACEMENT_3D('',#7990,#7991,#7992);
#7990 = CARTESIAN_POINT('',(30.,125.6,13.5));
#7991 = DIRECTION('',(0.,1.,0.));
#7992 = DIRECTION('',(0.,-0.,1.));
#7993 = ORIENTED_EDGE('',*,*,#7957,.T.);
#7994 = CYLINDRICAL_SURFACE('',#7995,1.5);
#7995 = AXIS2_PLACEMENT_3D('',#7996,#7997,#7998);
#7996 = CARTESIAN_POINT('',(30.,124.6,13.5));
#7997 = DIRECTION('',(0.,1.,0.));
#7998 = DIRECTION('',(0.,-0.,1.));
#7999 = ADVANCED_FACE('',(#8000),#8018,.F.);
#8000 = FACE_BOUND('',#8001,.F.);
#8001 = EDGE_LOOP('',(#8002,#8010,#8011,#8012));
#8002 = ORIENTED_EDGE('',*,*,#8003,.T.);
#8003 = EDGE_CURVE('',#8004,#7980,#8006,.T.);
#8004 = VERTEX_POINT('',#8005);
#8005 = CARTESIAN_POINT('',(31.5,125.6,46.5));
#8006 = LINE('',#8007,#8008);
#8007 = CARTESIAN_POINT('',(31.5,125.6,7.95));
#8008 = VECTOR('',#8009,1.);
#8009 = DIRECTION('',(-0.,0.,-1.));
#8010 = ORIENTED_EDGE('',*,*,#7979,.T.);
#8011 = ORIENTED_EDGE('',*,*,#5451,.F.);
#8012 = ORIENTED_EDGE('',*,*,#8013,.F.);
#8013 = EDGE_CURVE('',#8004,#5452,#8014,.T.);
#8014 = LINE('',#8015,#8016);
#8015 = CARTESIAN_POINT('',(31.5,124.6,46.5));
#8016 = VECTOR('',#8017,1.);
#8017 = DIRECTION('',(-0.,1.,0.));
#8018 = PLANE('',#8019);
#8019 = AXIS2_PLACEMENT_3D('',#8020,#8021,#8022);
#8020 = CARTESIAN_POINT('',(31.5,124.6,13.5));
#8021 = DIRECTION('',(1.,0.,-0.));
#8022 = DIRECTION('',(0.,0.,1.));
#8023 = ADVANCED_FACE('',(#8024),#8049,.T.);
#8024 = FACE_BOUND('',#8025,.T.);
#8025 = EDGE_LOOP('',(#8026,#8036,#8042,#8043));
#8026 = ORIENTED_EDGE('',*,*,#8027,.T.);
#8027 = EDGE_CURVE('',#8028,#8030,#8032,.T.);
#8028 = VERTEX_POINT('',#8029);
#8029 = CARTESIAN_POINT('',(34.5,125.6,46.5));
#8030 = VERTEX_POINT('',#8031);
#8031 = CARTESIAN_POINT('',(34.5,125.6,13.5));
#8032 = LINE('',#8033,#8034);
#8033 = CARTESIAN_POINT('',(34.5,125.6,7.95));
#8034 = VECTOR('',#8035,1.);
#8035 = DIRECTION('',(-0.,0.,-1.));
#8036 = ORIENTED_EDGE('',*,*,#8037,.T.);
#8037 = EDGE_CURVE('',#8030,#5480,#8038,.T.);
#8038 = LINE('',#8039,#8040);
#8039 = CARTESIAN_POINT('',(34.5,124.6,13.5));
#8040 = VECTOR('',#8041,1.);
#8041 = DIRECTION('',(-0.,1.,0.));
#8042 = ORIENTED_EDGE('',*,*,#5479,.F.);
#8043 = ORIENTED_EDGE('',*,*,#8044,.F.);
#8044 = EDGE_CURVE('',#8028,#5469,#8045,.T.);
#8045 = LINE('',#8046,#8047);
#8046 = CARTESIAN_POINT('',(34.5,124.6,46.5));
#8047 = VECTOR('',#8048,1.);
#8048 = DIRECTION('',(-0.,1.,0.));
#8049 = PLANE('',#8050);
#8050 = AXIS2_PLACEMENT_3D('',#8051,#8052,#8053);
#8051 = CARTESIAN_POINT('',(34.5,124.6,13.5));
#8052 = DIRECTION('',(1.,0.,-0.));
#8053 = DIRECTION('',(0.,0.,1.));
#8054 = ADVANCED_FACE('',(#8055),#8074,.F.);
#8055 = FACE_BOUND('',#8056,.F.);
#8056 = EDGE_LOOP('',(#8057,#8058,#8066,#8073));
#8057 = ORIENTED_EDGE('',*,*,#5487,.F.);
#8058 = ORIENTED_EDGE('',*,*,#8059,.F.);
#8059 = EDGE_CURVE('',#8060,#5488,#8062,.T.);
#8060 = VERTEX_POINT('',#8061);
#8061 = CARTESIAN_POINT('',(37.5,125.6,13.5));
#8062 = LINE('',#8063,#8064);
#8063 = CARTESIAN_POINT('',(37.5,124.6,13.5));
#8064 = VECTOR('',#8065,1.);
#8065 = DIRECTION('',(-0.,1.,0.));
#8066 = ORIENTED_EDGE('',*,*,#8067,.T.);
#8067 = EDGE_CURVE('',#8060,#8030,#8068,.T.);
#8068 = CIRCLE('',#8069,1.5);
#8069 = AXIS2_PLACEMENT_3D('',#8070,#8071,#8072);
#8070 = CARTESIAN_POINT('',(36.,125.6,13.5));
#8071 = DIRECTION('',(0.,1.,0.));
#8072 = DIRECTION('',(0.,-0.,1.));
#8073 = ORIENTED_EDGE('',*,*,#8037,.T.);
#8074 = CYLINDRICAL_SURFACE('',#8075,1.5);
#8075 = AXIS2_PLACEMENT_3D('',#8076,#8077,#8078);
#8076 = CARTESIAN_POINT('',(36.,124.6,13.5));
#8077 = DIRECTION('',(0.,1.,0.));
#8078 = DIRECTION('',(0.,-0.,1.));
#8079 = ADVANCED_FACE('',(#8080),#8098,.F.);
#8080 = FACE_BOUND('',#8081,.F.);
#8081 = EDGE_LOOP('',(#8082,#8090,#8091,#8092));
#8082 = ORIENTED_EDGE('',*,*,#8083,.T.);
#8083 = EDGE_CURVE('',#8084,#8060,#8086,.T.);
#8084 = VERTEX_POINT('',#8085);
#8085 = CARTESIAN_POINT('',(37.5,125.6,46.5));
#8086 = LINE('',#8087,#8088);
#8087 = CARTESIAN_POINT('',(37.5,125.6,7.95));
#8088 = VECTOR('',#8089,1.);
#8089 = DIRECTION('',(-0.,0.,-1.));
#8090 = ORIENTED_EDGE('',*,*,#8059,.T.);
#8091 = ORIENTED_EDGE('',*,*,#5496,.F.);
#8092 = ORIENTED_EDGE('',*,*,#8093,.F.);
#8093 = EDGE_CURVE('',#8084,#5497,#8094,.T.);
#8094 = LINE('',#8095,#8096);
#8095 = CARTESIAN_POINT('',(37.5,124.6,46.5));
#8096 = VECTOR('',#8097,1.);
#8097 = DIRECTION('',(-0.,1.,0.));
#8098 = PLANE('',#8099);
#8099 = AXIS2_PLACEMENT_3D('',#8100,#8101,#8102);
#8100 = CARTESIAN_POINT('',(37.5,124.6,13.5));
#8101 = DIRECTION('',(1.,0.,-0.));
#8102 = DIRECTION('',(0.,0.,1.));
#8103 = ADVANCED_FACE('',(#8104),#8129,.T.);
#8104 = FACE_BOUND('',#8105,.T.);
#8105 = EDGE_LOOP('',(#8106,#8116,#8122,#8123));
#8106 = ORIENTED_EDGE('',*,*,#8107,.T.);
#8107 = EDGE_CURVE('',#8108,#8110,#8112,.T.);
#8108 = VERTEX_POINT('',#8109);
#8109 = CARTESIAN_POINT('',(40.5,125.6,46.5));
#8110 = VERTEX_POINT('',#8111);
#8111 = CARTESIAN_POINT('',(40.5,125.6,13.5));
#8112 = LINE('',#8113,#8114);
#8113 = CARTESIAN_POINT('',(40.5,125.6,7.95));
#8114 = VECTOR('',#8115,1.);
#8115 = DIRECTION('',(-0.,0.,-1.));
#8116 = ORIENTED_EDGE('',*,*,#8117,.T.);
#8117 = EDGE_CURVE('',#8110,#5525,#8118,.T.);
#8118 = LINE('',#8119,#8120);
#8119 = CARTESIAN_POINT('',(40.5,124.6,13.5));
#8120 = VECTOR('',#8121,1.);
#8121 = DIRECTION('',(-0.,1.,0.));
#8122 = ORIENTED_EDGE('',*,*,#5524,.F.);
#8123 = ORIENTED_EDGE('',*,*,#8124,.F.);
#8124 = EDGE_CURVE('',#8108,#5514,#8125,.T.);
#8125 = LINE('',#8126,#8127);
#8126 = CARTESIAN_POINT('',(40.5,124.6,46.5));
#8127 = VECTOR('',#8128,1.);
#8128 = DIRECTION('',(-0.,1.,0.));
#8129 = PLANE('',#8130);
#8130 = AXIS2_PLACEMENT_3D('',#8131,#8132,#8133);
#8131 = CARTESIAN_POINT('',(40.5,124.6,13.5));
#8132 = DIRECTION('',(1.,0.,-0.));
#8133 = DIRECTION('',(0.,0.,1.));
#8134 = ADVANCED_FACE('',(#8135),#8154,.F.);
#8135 = FACE_BOUND('',#8136,.F.);
#8136 = EDGE_LOOP('',(#8137,#8138,#8146,#8153));
#8137 = ORIENTED_EDGE('',*,*,#5532,.F.);
#8138 = ORIENTED_EDGE('',*,*,#8139,.F.);
#8139 = EDGE_CURVE('',#8140,#5533,#8142,.T.);
#8140 = VERTEX_POINT('',#8141);
#8141 = CARTESIAN_POINT('',(43.5,125.6,13.5));
#8142 = LINE('',#8143,#8144);
#8143 = CARTESIAN_POINT('',(43.5,124.6,13.5));
#8144 = VECTOR('',#8145,1.);
#8145 = DIRECTION('',(-0.,1.,0.));
#8146 = ORIENTED_EDGE('',*,*,#8147,.T.);
#8147 = EDGE_CURVE('',#8140,#8110,#8148,.T.);
#8148 = CIRCLE('',#8149,1.5);
#8149 = AXIS2_PLACEMENT_3D('',#8150,#8151,#8152);
#8150 = CARTESIAN_POINT('',(42.,125.6,13.5));
#8151 = DIRECTION('',(0.,1.,0.));
#8152 = DIRECTION('',(0.,-0.,1.));
#8153 = ORIENTED_EDGE('',*,*,#8117,.T.);
#8154 = CYLINDRICAL_SURFACE('',#8155,1.5);
#8155 = AXIS2_PLACEMENT_3D('',#8156,#8157,#8158);
#8156 = CARTESIAN_POINT('',(42.,124.6,13.5));
#8157 = DIRECTION('',(0.,1.,0.));
#8158 = DIRECTION('',(0.,-0.,1.));
#8159 = ADVANCED_FACE('',(#8160),#8178,.F.);
#8160 = FACE_BOUND('',#8161,.F.);
#8161 = EDGE_LOOP('',(#8162,#8170,#8171,#8172));
#8162 = ORIENTED_EDGE('',*,*,#8163,.T.);
#8163 = EDGE_CURVE('',#8164,#8140,#8166,.T.);
#8164 = VERTEX_POINT('',#8165);
#8165 = CARTESIAN_POINT('',(43.5,125.6,46.5));
#8166 = LINE('',#8167,#8168);
#8167 = CARTESIAN_POINT('',(43.5,125.6,7.95));
#8168 = VECTOR('',#8169,1.);
#8169 = DIRECTION('',(-0.,0.,-1.));
#8170 = ORIENTED_EDGE('',*,*,#8139,.T.);
#8171 = ORIENTED_EDGE('',*,*,#5541,.F.);
#8172 = ORIENTED_EDGE('',*,*,#8173,.F.);
#8173 = EDGE_CURVE('',#8164,#5542,#8174,.T.);
#8174 = LINE('',#8175,#8176);
#8175 = CARTESIAN_POINT('',(43.5,124.6,46.5));
#8176 = VECTOR('',#8177,1.);
#8177 = DIRECTION('',(-0.,1.,0.));
#8178 = PLANE('',#8179);
#8179 = AXIS2_PLACEMENT_3D('',#8180,#8181,#8182);
#8180 = CARTESIAN_POINT('',(43.5,124.6,13.5));
#8181 = DIRECTION('',(1.,0.,-0.));
#8182 = DIRECTION('',(0.,0.,1.));
#8183 = ADVANCED_FACE('',(#8184),#8203,.F.);
#8184 = FACE_BOUND('',#8185,.F.);
#8185 = EDGE_LOOP('',(#8186,#8187,#8195,#8202));
#8186 = ORIENTED_EDGE('',*,*,#5558,.F.);
#8187 = ORIENTED_EDGE('',*,*,#8188,.F.);
#8188 = EDGE_CURVE('',#8189,#5559,#8191,.T.);
#8189 = VERTEX_POINT('',#8190);
#8190 = CARTESIAN_POINT('',(17.,125.6,40.1));
#8191 = LINE('',#8192,#8193);
#8192 = CARTESIAN_POINT('',(17.,124.6,40.1));
#8193 = VECTOR('',#8194,1.);
#8194 = DIRECTION('',(0.,1.,0.));
#8195 = ORIENTED_EDGE('',*,*,#8196,.T.);
#8196 = EDGE_CURVE('',#8189,#8189,#8197,.T.);
#8197 = CIRCLE('',#8198,6.1);
#8198 = AXIS2_PLACEMENT_3D('',#8199,#8200,#8201);
#8199 = CARTESIAN_POINT('',(17.,125.6,34.));
#8200 = DIRECTION('',(0.,1.,0.));
#8201 = DIRECTION('',(0.,-0.,1.));
#8202 = ORIENTED_EDGE('',*,*,#8188,.T.);
#8203 = CYLINDRICAL_SURFACE('',#8204,6.1);
#8204 = AXIS2_PLACEMENT_3D('',#8205,#8206,#8207);
#8205 = CARTESIAN_POINT('',(17.,124.6,34.));
#8206 = DIRECTION('',(0.,1.,0.));
#8207 = DIRECTION('',(0.,-0.,1.));
#8208 = ADVANCED_FACE('',(#8209),#8234,.T.);
#8209 = FACE_BOUND('',#8210,.T.);
#8210 = EDGE_LOOP('',(#8211,#8212,#8220,#8228));
#8211 = ORIENTED_EDGE('',*,*,#5569,.F.);
#8212 = ORIENTED_EDGE('',*,*,#8213,.T.);
#8213 = EDGE_CURVE('',#5570,#8214,#8216,.T.);
#8214 = VERTEX_POINT('',#8215);
#8215 = CARTESIAN_POINT('',(10.766974522293,127.41,43.92101910828));
#8216 = LINE('',#8217,#8218);
#8217 = CARTESIAN_POINT('',(10.766974522293,128.01,43.92101910828));
#8218 = VECTOR('',#8219,1.);
#8219 = DIRECTION('',(0.,-1.,0.));
#8220 = ORIENTED_EDGE('',*,*,#8221,.T.);
#8221 = EDGE_CURVE('',#8214,#8222,#8224,.T.);
#8222 = VERTEX_POINT('',#8223);
#8223 = CARTESIAN_POINT('',(11.672707006369,127.41,43.92101910828));
#8224 = LINE('',#8225,#8226);
#8225 = CARTESIAN_POINT('',(10.766974522293,127.41,43.92101910828));
#8226 = VECTOR('',#8227,1.);
#8227 = DIRECTION('',(1.,-1.224646799147E-16,0.));
#8228 = ORIENTED_EDGE('',*,*,#8229,.F.);
#8229 = EDGE_CURVE('',#5572,#8222,#8230,.T.);
#8230 = LINE('',#8231,#8232);
#8231 = CARTESIAN_POINT('',(11.672707006369,128.01,43.92101910828));
#8232 = VECTOR('',#8233,1.);
#8233 = DIRECTION('',(0.,-1.,0.));
#8234 = PLANE('',#8235);
#8235 = AXIS2_PLACEMENT_3D('',#8236,#8237,#8238);
#8236 = CARTESIAN_POINT('',(10.766974522293,128.01,43.92101910828));
#8237 = DIRECTION('',(0.,0.,1.));
#8238 = DIRECTION('',(1.,-1.224646799147E-16,0.));
#8239 = ADVANCED_FACE('',(#8240),#8258,.T.);
#8240 = FACE_BOUND('',#8241,.T.);
#8241 = EDGE_LOOP('',(#8242,#8243,#8251,#8257));
#8242 = ORIENTED_EDGE('',*,*,#5619,.F.);
#8243 = ORIENTED_EDGE('',*,*,#8244,.T.);
#8244 = EDGE_CURVE('',#5612,#8245,#8247,.T.);
#8245 = VERTEX_POINT('',#8246);
#8246 = CARTESIAN_POINT('',(9.262197452229,127.41,48.127898089172));
#8247 = LINE('',#8248,#8249);
#8248 = CARTESIAN_POINT('',(9.262197452229,128.01,48.127898089172));
#8249 = VECTOR('',#8250,1.);
#8250 = DIRECTION('',(0.,-1.,0.));
#8251 = ORIENTED_EDGE('',*,*,#8252,.T.);
#8252 = EDGE_CURVE('',#8245,#8214,#8253,.T.);
#8253 = LINE('',#8254,#8255);
#8254 = CARTESIAN_POINT('',(9.262197452229,127.41,48.127898089172));
#8255 = VECTOR('',#8256,1.);
#8256 = DIRECTION('',(0.336796933778,6.329035189833E-17,-0.941577307181)
  );
#8257 = ORIENTED_EDGE('',*,*,#8213,.F.);
#8258 = PLANE('',#8259);
#8259 = AXIS2_PLACEMENT_3D('',#8260,#8261,#8262);
#8260 = CARTESIAN_POINT('',(9.262197452229,128.01,48.127898089172));
#8261 = DIRECTION('',(0.941577307181,0.,0.336796933778));
#8262 = DIRECTION('',(0.336796933778,6.329035189833E-17,-0.941577307181)
  );
#8263 = ADVANCED_FACE('',(#8264),#8282,.T.);
#8264 = FACE_BOUND('',#8265,.T.);
#8265 = EDGE_LOOP('',(#8266,#8267,#8275,#8281));
#8266 = ORIENTED_EDGE('',*,*,#5611,.F.);
#8267 = ORIENTED_EDGE('',*,*,#8268,.T.);
#8268 = EDGE_CURVE('',#5604,#8269,#8271,.T.);
#8269 = VERTEX_POINT('',#8270);
#8270 = CARTESIAN_POINT('',(10.162197452229,127.41,48.127898089172));
#8271 = LINE('',#8272,#8273);
#8272 = CARTESIAN_POINT('',(10.162197452229,128.01,48.127898089172));
#8273 = VECTOR('',#8274,1.);
#8274 = DIRECTION('',(0.,-1.,0.));
#8275 = ORIENTED_EDGE('',*,*,#8276,.T.);
#8276 = EDGE_CURVE('',#8269,#8245,#8277,.T.);
#8277 = LINE('',#8278,#8279);
#8278 = CARTESIAN_POINT('',(10.162197452229,127.41,48.127898089172));
#8279 = VECTOR('',#8280,1.);
#8280 = DIRECTION('',(-1.,1.224646799147E-16,0.));
#8281 = ORIENTED_EDGE('',*,*,#8244,.F.);
#8282 = PLANE('',#8283);
#8283 = AXIS2_PLACEMENT_3D('',#8284,#8285,#8286);
#8284 = CARTESIAN_POINT('',(10.162197452229,128.01,48.127898089172));
#8285 = DIRECTION('',(-0.,-0.,-1.));
#8286 = DIRECTION('',(-1.,1.224646799147E-16,0.));
#8287 = ADVANCED_FACE('',(#8288),#8306,.T.);
#8288 = FACE_BOUND('',#8289,.T.);
#8289 = EDGE_LOOP('',(#8290,#8291,#8299,#8305));
#8290 = ORIENTED_EDGE('',*,*,#5603,.F.);
#8291 = ORIENTED_EDGE('',*,*,#8292,.T.);
#8292 = EDGE_CURVE('',#5596,#8293,#8295,.T.);
#8293 = VERTEX_POINT('',#8294);
#8294 = CARTESIAN_POINT('',(11.191178343949,127.41,45.009426751592));
#8295 = LINE('',#8296,#8297);
#8296 = CARTESIAN_POINT('',(11.191178343949,128.01,45.009426751592));
#8297 = VECTOR('',#8298,1.);
#8298 = DIRECTION('',(0.,-1.,0.));
#8299 = ORIENTED_EDGE('',*,*,#8300,.T.);
#8300 = EDGE_CURVE('',#8293,#8269,#8301,.T.);
#8301 = LINE('',#8302,#8303);
#8302 = CARTESIAN_POINT('',(11.191178343949,127.41,45.009426751592));
#8303 = VECTOR('',#8304,1.);
#8304 = DIRECTION('',(-0.313345969497,-6.705729870293E-17,0.949639038477
    ));
#8305 = ORIENTED_EDGE('',*,*,#8268,.F.);
#8306 = PLANE('',#8307);
#8307 = AXIS2_PLACEMENT_3D('',#8308,#8309,#8310);
#8308 = CARTESIAN_POINT('',(11.191178343949,128.01,45.009426751592));
#8309 = DIRECTION('',(-0.949639038477,-0.,-0.313345969497));
#8310 = DIRECTION('',(-0.313345969497,-6.705729870293E-17,0.949639038477
    ));
#8311 = ADVANCED_FACE('',(#8312),#8330,.T.);
#8312 = FACE_BOUND('',#8313,.T.);
#8313 = EDGE_LOOP('',(#8314,#8315,#8323,#8329));
#8314 = ORIENTED_EDGE('',*,*,#5595,.F.);
#8315 = ORIENTED_EDGE('',*,*,#8316,.T.);
#8316 = EDGE_CURVE('',#5588,#8317,#8319,.T.);
#8317 = VERTEX_POINT('',#8318);
#8318 = CARTESIAN_POINT('',(12.254554140127,127.41,48.127898089172));
#8319 = LINE('',#8320,#8321);
#8320 = CARTESIAN_POINT('',(12.254554140127,128.01,48.127898089172));
#8321 = VECTOR('',#8322,1.);
#8322 = DIRECTION('',(0.,-1.,0.));
#8323 = ORIENTED_EDGE('',*,*,#8324,.T.);
#8324 = EDGE_CURVE('',#8317,#8293,#8325,.T.);
#8325 = LINE('',#8326,#8327);
#8326 = CARTESIAN_POINT('',(12.254554140127,127.41,48.127898089172));
#8327 = VECTOR('',#8328,1.);
#8328 = DIRECTION('',(-0.322744777432,1.44605894376E-16,-0.946486031931)
  );
#8329 = ORIENTED_EDGE('',*,*,#8292,.F.);
#8330 = PLANE('',#8331);
#8331 = AXIS2_PLACEMENT_3D('',#8332,#8333,#8334);
#8332 = CARTESIAN_POINT('',(12.254554140127,128.01,48.127898089172));
#8333 = DIRECTION('',(0.946486031931,0.,-0.322744777432));
#8334 = DIRECTION('',(-0.322744777432,1.44605894376E-16,-0.946486031931)
  );
#8335 = ADVANCED_FACE('',(#8336),#8354,.T.);
#8336 = FACE_BOUND('',#8337,.T.);
#8337 = EDGE_LOOP('',(#8338,#8339,#8347,#8353));
#8338 = ORIENTED_EDGE('',*,*,#5587,.F.);
#8339 = ORIENTED_EDGE('',*,*,#8340,.T.);
#8340 = EDGE_CURVE('',#5580,#8341,#8343,.T.);
#8341 = VERTEX_POINT('',#8342);
#8342 = CARTESIAN_POINT('',(13.174617834395,127.41,48.127898089172));
#8343 = LINE('',#8344,#8345);
#8344 = CARTESIAN_POINT('',(13.174617834395,128.01,48.127898089172));
#8345 = VECTOR('',#8346,1.);
#8346 = DIRECTION('',(0.,-1.,0.));
#8347 = ORIENTED_EDGE('',*,*,#8348,.T.);
#8348 = EDGE_CURVE('',#8341,#8317,#8349,.T.);
#8349 = LINE('',#8350,#8351);
#8350 = CARTESIAN_POINT('',(13.174617834395,127.41,48.127898089172));
#8351 = VECTOR('',#8352,1.);
#8352 = DIRECTION('',(-1.,1.224646799147E-16,0.));
#8353 = ORIENTED_EDGE('',*,*,#8316,.F.);
#8354 = PLANE('',#8355);
#8355 = AXIS2_PLACEMENT_3D('',#8356,#8357,#8358);
#8356 = CARTESIAN_POINT('',(13.174617834395,128.01,48.127898089172));
#8357 = DIRECTION('',(-0.,-0.,-1.));
#8358 = DIRECTION('',(-1.,1.224646799147E-16,0.));
#8359 = ADVANCED_FACE('',(#8360),#8371,.T.);
#8360 = FACE_BOUND('',#8361,.T.);
#8361 = EDGE_LOOP('',(#8362,#8363,#8364,#8370));
#8362 = ORIENTED_EDGE('',*,*,#5579,.F.);
#8363 = ORIENTED_EDGE('',*,*,#8229,.T.);
#8364 = ORIENTED_EDGE('',*,*,#8365,.T.);
#8365 = EDGE_CURVE('',#8222,#8341,#8366,.T.);
#8366 = LINE('',#8367,#8368);
#8367 = CARTESIAN_POINT('',(11.672707006369,127.41,43.92101910828));
#8368 = VECTOR('',#8369,1.);
#8369 = DIRECTION('',(0.336228000311,-1.45734707024E-16,0.941780617664)
  );
#8370 = ORIENTED_EDGE('',*,*,#8340,.F.);
#8371 = PLANE('',#8372);
#8372 = AXIS2_PLACEMENT_3D('',#8373,#8374,#8375);
#8373 = CARTESIAN_POINT('',(11.672707006369,128.01,43.92101910828));
#8374 = DIRECTION('',(-0.941780617664,0.,0.336228000311));
#8375 = DIRECTION('',(0.336228000311,-1.45734707024E-16,0.941780617664)
  );
#8376 = ADVANCED_FACE('',(#8377),#8402,.T.);
#8377 = FACE_BOUND('',#8378,.T.);
#8378 = EDGE_LOOP('',(#8379,#8380,#8388,#8396));
#8379 = ORIENTED_EDGE('',*,*,#5627,.T.);
#8380 = ORIENTED_EDGE('',*,*,#8381,.T.);
#8381 = EDGE_CURVE('',#5630,#8382,#8384,.T.);
#8382 = VERTEX_POINT('',#8383);
#8383 = CARTESIAN_POINT('',(14.826146496815,127.41,48.152356687898));
#8384 = LINE('',#8385,#8386);
#8385 = CARTESIAN_POINT('',(14.826146496815,128.01,48.152356687898));
#8386 = VECTOR('',#8387,1.);
#8387 = DIRECTION('',(0.,-1.,0.));
#8388 = ORIENTED_EDGE('',*,*,#8389,.T.);
#8389 = EDGE_CURVE('',#8382,#8390,#8392,.T.);
#8390 = VERTEX_POINT('',#8391);
#8391 = CARTESIAN_POINT('',(13.871687898089,127.41,47.715350318471));
#8392 = B_SPLINE_CURVE_WITH_KNOTS('',2,(#8393,#8394,#8395),
  .UNSPECIFIED.,.F.,.F.,(3,3),(0.,1.),.PIECEWISE_BEZIER_KNOTS.);
#8393 = CARTESIAN_POINT('',(14.826146496815,127.41,48.152356687898));
#8394 = CARTESIAN_POINT('',(14.215636942675,127.41,48.152356687898));
#8395 = CARTESIAN_POINT('',(13.871687898089,127.41,47.715350318471));
#8396 = ORIENTED_EDGE('',*,*,#8397,.F.);
#8397 = EDGE_CURVE('',#5628,#8390,#8398,.T.);
#8398 = LINE('',#8399,#8400);
#8399 = CARTESIAN_POINT('',(13.871687898089,128.01,47.715350318471));
#8400 = VECTOR('',#8401,1.);
#8401 = DIRECTION('',(0.,-1.,0.));
#8402 = SURFACE_OF_LINEAR_EXTRUSION('',#8403,#8407);
#8403 = B_SPLINE_CURVE_WITH_KNOTS('',2,(#8404,#8405,#8406),
  .UNSPECIFIED.,.F.,.F.,(3,3),(0.,1.),.PIECEWISE_BEZIER_KNOTS.);
#8404 = CARTESIAN_POINT('',(14.826146496815,128.01,48.152356687898));
#8405 = CARTESIAN_POINT('',(14.215636942675,128.01,48.152356687898));
#8406 = CARTESIAN_POINT('',(13.871687898089,128.01,47.715350318471));
#8407 = VECTOR('',#8408,1.);
#8408 = DIRECTION('',(-0.,1.,-0.));
#8409 = ADVANCED_FACE('',(#8410),#8428,.T.);
#8410 = FACE_BOUND('',#8411,.T.);
#8411 = EDGE_LOOP('',(#8412,#8413,#8421,#8427));
#8412 = ORIENTED_EDGE('',*,*,#5762,.T.);
#8413 = ORIENTED_EDGE('',*,*,#8414,.T.);
#8414 = EDGE_CURVE('',#5744,#8415,#8417,.T.);
#8415 = VERTEX_POINT('',#8416);
#8416 = CARTESIAN_POINT('',(15.777738853503,127.41,47.721082802548));
#8417 = LINE('',#8418,#8419);
#8418 = CARTESIAN_POINT('',(15.777738853503,128.01,47.721082802548));
#8419 = VECTOR('',#8420,1.);
#8420 = DIRECTION('',(0.,-1.,0.));
#8421 = ORIENTED_EDGE('',*,*,#8422,.T.);
#8422 = EDGE_CURVE('',#8415,#8382,#8423,.T.);
#8423 = B_SPLINE_CURVE_WITH_KNOTS('',2,(#8424,#8425,#8426),
  .UNSPECIFIED.,.F.,.F.,(3,3),(0.,1.),.PIECEWISE_BEZIER_KNOTS.);
#8424 = CARTESIAN_POINT('',(15.777738853503,127.41,47.721082802548));
#8425 = CARTESIAN_POINT('',(15.436656050955,127.41,48.152356687898));
#8426 = CARTESIAN_POINT('',(14.826146496815,127.41,48.152356687898));
#8427 = ORIENTED_EDGE('',*,*,#8381,.F.);
#8428 = SURFACE_OF_LINEAR_EXTRUSION('',#8429,#8433);
#8429 = B_SPLINE_CURVE_WITH_KNOTS('',2,(#8430,#8431,#8432),
  .UNSPECIFIED.,.F.,.F.,(3,3),(0.,1.),.PIECEWISE_BEZIER_KNOTS.);
#8430 = CARTESIAN_POINT('',(15.777738853503,128.01,47.721082802548));
#8431 = CARTESIAN_POINT('',(15.436656050955,128.01,48.152356687898));
#8432 = CARTESIAN_POINT('',(14.826146496815,128.01,48.152356687898));
#8433 = VECTOR('',#8434,1.);
#8434 = DIRECTION('',(-0.,1.,-0.));
#8435 = ADVANCED_FACE('',(#8436),#8454,.T.);
#8436 = FACE_BOUND('',#8437,.T.);
#8437 = EDGE_LOOP('',(#8438,#8439,#8447,#8453));
#8438 = ORIENTED_EDGE('',*,*,#5743,.T.);
#8439 = ORIENTED_EDGE('',*,*,#8440,.T.);
#8440 = EDGE_CURVE('',#5725,#8441,#8443,.T.);
#8441 = VERTEX_POINT('',#8442);
#8442 = CARTESIAN_POINT('',(16.190477707006,127.41,46.007261146497));
#8443 = LINE('',#8444,#8445);
#8444 = CARTESIAN_POINT('',(16.190477707006,128.01,46.007261146497));
#8445 = VECTOR('',#8446,1.);
#8446 = DIRECTION('',(0.,-1.,0.));
#8447 = ORIENTED_EDGE('',*,*,#8448,.T.);
#8448 = EDGE_CURVE('',#8441,#8415,#8449,.T.);
#8449 = B_SPLINE_CURVE_WITH_KNOTS('',2,(#8450,#8451,#8452),
  .UNSPECIFIED.,.F.,.F.,(3,3),(0.,1.),.PIECEWISE_BEZIER_KNOTS.);
#8450 = CARTESIAN_POINT('',(16.190477707006,127.41,46.007261146497));
#8451 = CARTESIAN_POINT('',(16.190477707006,127.41,47.197707006369));
#8452 = CARTESIAN_POINT('',(15.777738853503,127.41,47.721082802548));
#8453 = ORIENTED_EDGE('',*,*,#8414,.F.);
#8454 = SURFACE_OF_LINEAR_EXTRUSION('',#8455,#8459);
#8455 = B_SPLINE_CURVE_WITH_KNOTS('',2,(#8456,#8457,#8458),
  .UNSPECIFIED.,.F.,.F.,(3,3),(0.,1.),.PIECEWISE_BEZIER_KNOTS.);
#8456 = CARTESIAN_POINT('',(16.190477707006,128.01,46.007261146497));
#8457 = CARTESIAN_POINT('',(16.190477707006,128.01,47.197707006369));
#8458 = CARTESIAN_POINT('',(15.777738853503,128.01,47.721082802548));
#8459 = VECTOR('',#8460,1.);
#8460 = DIRECTION('',(-0.,1.,-0.));
#8461 = ADVANCED_FACE('',(#8462),#8480,.T.);
#8462 = FACE_BOUND('',#8463,.T.);
#8463 = EDGE_LOOP('',(#8464,#8465,#8473,#8479));
#8464 = ORIENTED_EDGE('',*,*,#5724,.T.);
#8465 = ORIENTED_EDGE('',*,*,#8466,.T.);
#8466 = EDGE_CURVE('',#5706,#8467,#8469,.T.);
#8467 = VERTEX_POINT('',#8468);
#8468 = CARTESIAN_POINT('',(15.815,127.41,44.320573248408));
#8469 = LINE('',#8470,#8471);
#8470 = CARTESIAN_POINT('',(15.815,128.01,44.320573248408));
#8471 = VECTOR('',#8472,1.);
#8472 = DIRECTION('',(0.,-1.,0.));
#8473 = ORIENTED_EDGE('',*,*,#8474,.T.);
#8474 = EDGE_CURVE('',#8467,#8441,#8475,.T.);
#8475 = B_SPLINE_CURVE_WITH_KNOTS('',2,(#8476,#8477,#8478),
  .UNSPECIFIED.,.F.,.F.,(3,3),(0.,1.),.PIECEWISE_BEZIER_KNOTS.);
#8476 = CARTESIAN_POINT('',(15.815,127.41,44.320573248408));
#8477 = CARTESIAN_POINT('',(16.190477707006,127.41,44.793694267516));
#8478 = CARTESIAN_POINT('',(16.190477707006,127.41,46.007261146497));
#8479 = ORIENTED_EDGE('',*,*,#8440,.F.);
#8480 = SURFACE_OF_LINEAR_EXTRUSION('',#8481,#8485);
#8481 = B_SPLINE_CURVE_WITH_KNOTS('',2,(#8482,#8483,#8484),
  .UNSPECIFIED.,.F.,.F.,(3,3),(0.,1.),.PIECEWISE_BEZIER_KNOTS.);
#8482 = CARTESIAN_POINT('',(15.815,128.01,44.320573248408));
#8483 = CARTESIAN_POINT('',(16.190477707006,128.01,44.793694267516));
#8484 = CARTESIAN_POINT('',(16.190477707006,128.01,46.007261146497));
#8485 = VECTOR('',#8486,1.);
#8486 = DIRECTION('',(-0.,1.,-0.));
#8487 = ADVANCED_FACE('',(#8488),#8506,.T.);
#8488 = FACE_BOUND('',#8489,.T.);
#8489 = EDGE_LOOP('',(#8490,#8491,#8499,#8505));
#8490 = ORIENTED_EDGE('',*,*,#5705,.T.);
#8491 = ORIENTED_EDGE('',*,*,#8492,.T.);
#8492 = EDGE_CURVE('',#5687,#8493,#8495,.T.);
#8493 = VERTEX_POINT('',#8494);
#8494 = CARTESIAN_POINT('',(14.826146496815,127.41,43.847643312102));
#8495 = LINE('',#8496,#8497);
#8496 = CARTESIAN_POINT('',(14.826146496815,128.01,43.847643312102));
#8497 = VECTOR('',#8498,1.);
#8498 = DIRECTION('',(0.,-1.,0.));
#8499 = ORIENTED_EDGE('',*,*,#8500,.T.);
#8500 = EDGE_CURVE('',#8493,#8467,#8501,.T.);
#8501 = B_SPLINE_CURVE_WITH_KNOTS('',2,(#8502,#8503,#8504),
  .UNSPECIFIED.,.F.,.F.,(3,3),(0.,1.),.PIECEWISE_BEZIER_KNOTS.);
#8502 = CARTESIAN_POINT('',(14.826146496815,127.41,43.847643312102));
#8503 = CARTESIAN_POINT('',(15.439522292994,127.41,43.847643312102));
#8504 = CARTESIAN_POINT('',(15.815,127.41,44.320573248408));
#8505 = ORIENTED_EDGE('',*,*,#8466,.F.);
#8506 = SURFACE_OF_LINEAR_EXTRUSION('',#8507,#8511);
#8507 = B_SPLINE_CURVE_WITH_KNOTS('',2,(#8508,#8509,#8510),
  .UNSPECIFIED.,.F.,.F.,(3,3),(0.,1.),.PIECEWISE_BEZIER_KNOTS.);
#8508 = CARTESIAN_POINT('',(14.826146496815,128.01,43.847643312102));
#8509 = CARTESIAN_POINT('',(15.439522292994,128.01,43.847643312102));
#8510 = CARTESIAN_POINT('',(15.815,128.01,44.320573248408));
#8511 = VECTOR('',#8512,1.);
#8512 = DIRECTION('',(-0.,1.,-0.));
#8513 = ADVANCED_FACE('',(#8514),#8532,.T.);
#8514 = FACE_BOUND('',#8515,.T.);
#8515 = EDGE_LOOP('',(#8516,#8517,#8525,#8531));
#8516 = ORIENTED_EDGE('',*,*,#5686,.T.);
#8517 = ORIENTED_EDGE('',*,*,#8518,.T.);
#8518 = EDGE_CURVE('',#5668,#8519,#8521,.T.);
#8519 = VERTEX_POINT('',#8520);
#8520 = CARTESIAN_POINT('',(13.874554140127,127.41,44.278917197452));
#8521 = LINE('',#8522,#8523);
#8522 = CARTESIAN_POINT('',(13.874554140127,128.01,44.278917197452));
#8523 = VECTOR('',#8524,1.);
#8524 = DIRECTION('',(0.,-1.,0.));
#8525 = ORIENTED_EDGE('',*,*,#8526,.T.);
#8526 = EDGE_CURVE('',#8519,#8493,#8527,.T.);
#8527 = B_SPLINE_CURVE_WITH_KNOTS('',2,(#8528,#8529,#8530),
  .UNSPECIFIED.,.F.,.F.,(3,3),(0.,1.),.PIECEWISE_BEZIER_KNOTS.);
#8528 = CARTESIAN_POINT('',(13.874554140127,127.41,44.278917197452));
#8529 = CARTESIAN_POINT('',(14.215636942675,127.41,43.847643312102));
#8530 = CARTESIAN_POINT('',(14.826146496815,127.41,43.847643312102));
#8531 = ORIENTED_EDGE('',*,*,#8492,.F.);
#8532 = SURFACE_OF_LINEAR_EXTRUSION('',#8533,#8537);
#8533 = B_SPLINE_CURVE_WITH_KNOTS('',2,(#8534,#8535,#8536),
  .UNSPECIFIED.,.F.,.F.,(3,3),(0.,1.),.PIECEWISE_BEZIER_KNOTS.);
#8534 = CARTESIAN_POINT('',(13.874554140127,128.01,44.278917197452));
#8535 = CARTESIAN_POINT('',(14.215636942675,128.01,43.847643312102));
#8536 = CARTESIAN_POINT('',(14.826146496815,128.01,43.847643312102));
#8537 = VECTOR('',#8538,1.);
#8538 = DIRECTION('',(-0.,1.,-0.));
#8539 = ADVANCED_FACE('',(#8540),#8558,.T.);
#8540 = FACE_BOUND('',#8541,.T.);
#8541 = EDGE_LOOP('',(#8542,#8543,#8551,#8557));
#8542 = ORIENTED_EDGE('',*,*,#5667,.T.);
#8543 = ORIENTED_EDGE('',*,*,#8544,.T.);
#8544 = EDGE_CURVE('',#5649,#8545,#8547,.T.);
#8545 = VERTEX_POINT('',#8546);
#8546 = CARTESIAN_POINT('',(13.461815286624,127.41,45.99847133758));
#8547 = LINE('',#8548,#8549);
#8548 = CARTESIAN_POINT('',(13.461815286624,128.01,45.99847133758));
#8549 = VECTOR('',#8550,1.);
#8550 = DIRECTION('',(0.,-1.,0.));
#8551 = ORIENTED_EDGE('',*,*,#8552,.T.);
#8552 = EDGE_CURVE('',#8545,#8519,#8553,.T.);
#8553 = B_SPLINE_CURVE_WITH_KNOTS('',2,(#8554,#8555,#8556),
  .UNSPECIFIED.,.F.,.F.,(3,3),(0.,1.),.PIECEWISE_BEZIER_KNOTS.);
#8554 = CARTESIAN_POINT('',(13.461815286624,127.41,45.99847133758));
#8555 = CARTESIAN_POINT('',(13.461815286624,127.41,44.802292993631));
#8556 = CARTESIAN_POINT('',(13.874554140127,127.41,44.278917197452));
#8557 = ORIENTED_EDGE('',*,*,#8518,.F.);
#8558 = SURFACE_OF_LINEAR_EXTRUSION('',#8559,#8563);
#8559 = B_SPLINE_CURVE_WITH_KNOTS('',2,(#8560,#8561,#8562),
  .UNSPECIFIED.,.F.,.F.,(3,3),(0.,1.),.PIECEWISE_BEZIER_KNOTS.);
#8560 = CARTESIAN_POINT('',(13.461815286624,128.01,45.99847133758));
#8561 = CARTESIAN_POINT('',(13.461815286624,128.01,44.802292993631));
#8562 = CARTESIAN_POINT('',(13.874554140127,128.01,44.278917197452));
#8563 = VECTOR('',#8564,1.);
#8564 = DIRECTION('',(-0.,1.,-0.));
#8565 = ADVANCED_FACE('',(#8566),#8577,.T.);
#8566 = FACE_BOUND('',#8567,.T.);
#8567 = EDGE_LOOP('',(#8568,#8569,#8570,#8576));
#8568 = ORIENTED_EDGE('',*,*,#5648,.T.);
#8569 = ORIENTED_EDGE('',*,*,#8397,.T.);
#8570 = ORIENTED_EDGE('',*,*,#8571,.T.);
#8571 = EDGE_CURVE('',#8390,#8545,#8572,.T.);
#8572 = B_SPLINE_CURVE_WITH_KNOTS('',2,(#8573,#8574,#8575),
  .UNSPECIFIED.,.F.,.F.,(3,3),(0.,1.),.PIECEWISE_BEZIER_KNOTS.);
#8573 = CARTESIAN_POINT('',(13.871687898089,127.41,47.715350318471));
#8574 = CARTESIAN_POINT('',(13.461815286624,127.41,47.197707006369));
#8575 = CARTESIAN_POINT('',(13.461815286624,127.41,45.99847133758));
#8576 = ORIENTED_EDGE('',*,*,#8544,.F.);
#8577 = SURFACE_OF_LINEAR_EXTRUSION('',#8578,#8582);
#8578 = B_SPLINE_CURVE_WITH_KNOTS('',2,(#8579,#8580,#8581),
  .UNSPECIFIED.,.F.,.F.,(3,3),(0.,1.),.PIECEWISE_BEZIER_KNOTS.);
#8579 = CARTESIAN_POINT('',(13.871687898089,128.01,47.715350318471));
#8580 = CARTESIAN_POINT('',(13.461815286624,128.01,47.197707006369));
#8581 = CARTESIAN_POINT('',(13.461815286624,128.01,45.99847133758));
#8582 = VECTOR('',#8583,1.);
#8583 = DIRECTION('',(-0.,1.,-0.));
#8584 = ADVANCED_FACE('',(#8585),#8610,.T.);
#8585 = FACE_BOUND('',#8586,.T.);
#8586 = EDGE_LOOP('',(#8587,#8588,#8596,#8604));
#8587 = ORIENTED_EDGE('',*,*,#5781,.F.);
#8588 = ORIENTED_EDGE('',*,*,#8589,.T.);
#8589 = EDGE_CURVE('',#5782,#8590,#8592,.T.);
#8590 = VERTEX_POINT('',#8591);
#8591 = CARTESIAN_POINT('',(19.747101910828,127.41,45.046114649682));
#8592 = LINE('',#8593,#8594);
#8593 = CARTESIAN_POINT('',(19.747101910828,128.01,45.046114649682));
#8594 = VECTOR('',#8595,1.);
#8595 = DIRECTION('',(0.,-1.,0.));
#8596 = ORIENTED_EDGE('',*,*,#8597,.T.);
#8597 = EDGE_CURVE('',#8590,#8598,#8600,.T.);
#8598 = VERTEX_POINT('',#8599);
#8599 = CARTESIAN_POINT('',(21.329267515924,127.41,45.046114649682));
#8600 = LINE('',#8601,#8602);
#8601 = CARTESIAN_POINT('',(19.747101910828,127.41,45.046114649682));
#8602 = VECTOR('',#8603,1.);
#8603 = DIRECTION('',(1.,-1.224646799147E-16,0.));
#8604 = ORIENTED_EDGE('',*,*,#8605,.F.);
#8605 = EDGE_CURVE('',#5784,#8598,#8606,.T.);
#8606 = LINE('',#8607,#8608);
#8607 = CARTESIAN_POINT('',(21.329267515924,128.01,45.046114649682));
#8608 = VECTOR('',#8609,1.);
#8609 = DIRECTION('',(0.,-1.,0.));
#8610 = PLANE('',#8611);
#8611 = AXIS2_PLACEMENT_3D('',#8612,#8613,#8614);
#8612 = CARTESIAN_POINT('',(19.747101910828,128.01,45.046114649682));
#8613 = DIRECTION('',(0.,0.,1.));
#8614 = DIRECTION('',(1.,-1.224646799147E-16,0.));
#8615 = ADVANCED_FACE('',(#8616),#8634,.T.);
#8616 = FACE_BOUND('',#8617,.T.);
#8617 = EDGE_LOOP('',(#8618,#8619,#8627,#8633));
#8618 = ORIENTED_EDGE('',*,*,#5807,.F.);
#8619 = ORIENTED_EDGE('',*,*,#8620,.T.);
#8620 = EDGE_CURVE('',#5800,#8621,#8623,.T.);
#8621 = VERTEX_POINT('',#8622);
#8622 = CARTESIAN_POINT('',(19.747101910828,127.41,45.853248407643));
#8623 = LINE('',#8624,#8625);
#8624 = CARTESIAN_POINT('',(19.747101910828,128.01,45.853248407643));
#8625 = VECTOR('',#8626,1.);
#8626 = DIRECTION('',(0.,-1.,0.));
#8627 = ORIENTED_EDGE('',*,*,#8628,.T.);
#8628 = EDGE_CURVE('',#8621,#8590,#8629,.T.);
#8629 = LINE('',#8630,#8631);
#8630 = CARTESIAN_POINT('',(19.747101910828,127.41,45.853248407643));
#8631 = VECTOR('',#8632,1.);
#8632 = DIRECTION('',(1.359631073447E-32,1.110223024625E-16,-1.));
#8633 = ORIENTED_EDGE('',*,*,#8589,.F.);
#8634 = PLANE('',#8635);
#8635 = AXIS2_PLACEMENT_3D('',#8636,#8637,#8638);
#8636 = CARTESIAN_POINT('',(19.747101910828,128.01,45.853248407643));
#8637 = DIRECTION('',(1.,0.,1.359631073447E-32));
#8638 = DIRECTION('',(1.359631073447E-32,1.110223024625E-16,-1.));
#8639 = ADVANCED_FACE('',(#8640),#8658,.T.);
#8640 = FACE_BOUND('',#8641,.T.);
#8641 = EDGE_LOOP('',(#8642,#8643,#8651,#8657));
#8642 = ORIENTED_EDGE('',*,*,#5799,.F.);
#8643 = ORIENTED_EDGE('',*,*,#8644,.T.);
#8644 = EDGE_CURVE('',#5792,#8645,#8647,.T.);
#8645 = VERTEX_POINT('',#8646);
#8646 = CARTESIAN_POINT('',(21.329267515924,127.41,45.853248407643));
#8647 = LINE('',#8648,#8649);
#8648 = CARTESIAN_POINT('',(21.329267515924,128.01,45.853248407643));
#8649 = VECTOR('',#8650,1.);
#8650 = DIRECTION('',(0.,-1.,0.));
#8651 = ORIENTED_EDGE('',*,*,#8652,.T.);
#8652 = EDGE_CURVE('',#8645,#8621,#8653,.T.);
#8653 = LINE('',#8654,#8655);
#8654 = CARTESIAN_POINT('',(21.329267515924,127.41,45.853248407643));
#8655 = VECTOR('',#8656,1.);
#8656 = DIRECTION('',(-1.,1.224646799147E-16,0.));
#8657 = ORIENTED_EDGE('',*,*,#8620,.F.);
#8658 = PLANE('',#8659);
#8659 = AXIS2_PLACEMENT_3D('',#8660,#8661,#8662);
#8660 = CARTESIAN_POINT('',(21.329267515924,128.01,45.853248407643));
#8661 = DIRECTION('',(-0.,-0.,-1.));
#8662 = DIRECTION('',(-1.,1.224646799147E-16,0.));
#8663 = ADVANCED_FACE('',(#8664),#8675,.T.);
#8664 = FACE_BOUND('',#8665,.T.);
#8665 = EDGE_LOOP('',(#8666,#8667,#8668,#8674));
#8666 = ORIENTED_EDGE('',*,*,#5791,.F.);
#8667 = ORIENTED_EDGE('',*,*,#8605,.T.);
#8668 = ORIENTED_EDGE('',*,*,#8669,.T.);
#8669 = EDGE_CURVE('',#8598,#8645,#8670,.T.);
#8670 = LINE('',#8671,#8672);
#8671 = CARTESIAN_POINT('',(21.329267515924,127.41,45.046114649682));
#8672 = VECTOR('',#8673,1.);
#8673 = DIRECTION('',(-1.359631073447E-32,-1.110223024625E-16,1.));
#8674 = ORIENTED_EDGE('',*,*,#8644,.F.);
#8675 = PLANE('',#8676);
#8676 = AXIS2_PLACEMENT_3D('',#8677,#8678,#8679);
#8677 = CARTESIAN_POINT('',(21.329267515924,128.01,45.046114649682));
#8678 = DIRECTION('',(-1.,-0.,-1.359631073447E-32));
#8679 = DIRECTION('',(-1.359631073447E-32,-1.110223024625E-16,1.));
#8680 = ADVANCED_FACE('',(#8681),#8706,.T.);
#8681 = FACE_BOUND('',#8682,.T.);
#8682 = EDGE_LOOP('',(#8683,#8684,#8692,#8700));
#8683 = ORIENTED_EDGE('',*,*,#5815,.T.);
#8684 = ORIENTED_EDGE('',*,*,#8685,.T.);
#8685 = EDGE_CURVE('',#5818,#8686,#8688,.T.);
#8686 = VERTEX_POINT('',#8687);
#8687 = CARTESIAN_POINT('',(19.045828025478,127.41,44.176687898089));
#8688 = LINE('',#8689,#8690);
#8689 = CARTESIAN_POINT('',(19.045828025478,128.01,44.176687898089));
#8690 = VECTOR('',#8691,1.);
#8691 = DIRECTION('',(0.,-1.,0.));
#8692 = ORIENTED_EDGE('',*,*,#8693,.T.);
#8693 = EDGE_CURVE('',#8686,#8694,#8696,.T.);
#8694 = VERTEX_POINT('',#8695);
#8695 = CARTESIAN_POINT('',(19.481496815287,127.41,45.037515923567));
#8696 = B_SPLINE_CURVE_WITH_KNOTS('',2,(#8697,#8698,#8699),
  .UNSPECIFIED.,.F.,.F.,(3,3),(0.,1.),.PIECEWISE_BEZIER_KNOTS.);
#8697 = CARTESIAN_POINT('',(19.045828025478,127.41,44.176687898089));
#8698 = CARTESIAN_POINT('',(19.421305732484,127.41,44.505732484076));
#8699 = CARTESIAN_POINT('',(19.481496815287,127.41,45.037515923567));
#8700 = ORIENTED_EDGE('',*,*,#8701,.F.);
#8701 = EDGE_CURVE('',#5816,#8694,#8702,.T.);
#8702 = LINE('',#8703,#8704);
#8703 = CARTESIAN_POINT('',(19.481496815287,128.01,45.037515923567));
#8704 = VECTOR('',#8705,1.);
#8705 = DIRECTION('',(0.,-1.,0.));
#8706 = SURFACE_OF_LINEAR_EXTRUSION('',#8707,#8711);
#8707 = B_SPLINE_CURVE_WITH_KNOTS('',2,(#8708,#8709,#8710),
  .UNSPECIFIED.,.F.,.F.,(3,3),(0.,1.),.PIECEWISE_BEZIER_KNOTS.);
#8708 = CARTESIAN_POINT('',(19.045828025478,128.01,44.176687898089));
#8709 = CARTESIAN_POINT('',(19.421305732484,128.01,44.505732484076));
#8710 = CARTESIAN_POINT('',(19.481496815287,128.01,45.037515923567));
#8711 = VECTOR('',#8712,1.);
#8712 = DIRECTION('',(-0.,1.,-0.));
#8713 = ADVANCED_FACE('',(#8714),#8732,.T.);
#8714 = FACE_BOUND('',#8715,.T.);
#8715 = EDGE_LOOP('',(#8716,#8717,#8725,#8731));
#8716 = ORIENTED_EDGE('',*,*,#6204,.T.);
#8717 = ORIENTED_EDGE('',*,*,#8718,.T.);
#8718 = EDGE_CURVE('',#6188,#8719,#8721,.T.);
#8719 = VERTEX_POINT('',#8720);
#8720 = CARTESIAN_POINT('',(18.099968152866,127.41,43.847643312102));
#8721 = LINE('',#8722,#8723);
#8722 = CARTESIAN_POINT('',(18.099968152866,128.01,43.847643312102));
#8723 = VECTOR('',#8724,1.);
#8724 = DIRECTION('',(0.,-1.,0.));
#8725 = ORIENTED_EDGE('',*,*,#8726,.T.);
#8726 = EDGE_CURVE('',#8719,#8686,#8727,.T.);
#8727 = B_SPLINE_CURVE_WITH_KNOTS('',2,(#8728,#8729,#8730),
  .UNSPECIFIED.,.F.,.F.,(3,3),(0.,1.),.PIECEWISE_BEZIER_KNOTS.);
#8728 = CARTESIAN_POINT('',(18.099968152866,127.41,43.847643312102));
#8729 = CARTESIAN_POINT('',(18.670350318471,127.41,43.847643312102));
#8730 = CARTESIAN_POINT('',(19.045828025478,127.41,44.176687898089));
#8731 = ORIENTED_EDGE('',*,*,#8685,.F.);
#8732 = SURFACE_OF_LINEAR_EXTRUSION('',#8733,#8737);
#8733 = B_SPLINE_CURVE_WITH_KNOTS('',2,(#8734,#8735,#8736),
  .UNSPECIFIED.,.F.,.F.,(3,3),(0.,1.),.PIECEWISE_BEZIER_KNOTS.);
#8734 = CARTESIAN_POINT('',(18.099968152866,128.01,43.847643312102));
#8735 = CARTESIAN_POINT('',(18.670350318471,128.01,43.847643312102));
#8736 = CARTESIAN_POINT('',(19.045828025478,128.01,44.176687898089));
#8737 = VECTOR('',#8738,1.);
#8738 = DIRECTION('',(-0.,1.,-0.));
#8739 = ADVANCED_FACE('',(#8740),#8758,.T.);
#8740 = FACE_BOUND('',#8741,.T.);
#8741 = EDGE_LOOP('',(#8742,#8743,#8751,#8757));
#8742 = ORIENTED_EDGE('',*,*,#6187,.T.);
#8743 = ORIENTED_EDGE('',*,*,#8744,.T.);
#8744 = EDGE_CURVE('',#6173,#8745,#8747,.T.);
#8745 = VERTEX_POINT('',#8746);
#8746 = CARTESIAN_POINT('',(17.093917197452,127.41,44.239363057325));
#8747 = LINE('',#8748,#8749);
#8748 = CARTESIAN_POINT('',(17.093917197452,128.01,44.239363057325));
#8749 = VECTOR('',#8750,1.);
#8750 = DIRECTION('',(0.,-1.,0.));
#8751 = ORIENTED_EDGE('',*,*,#8752,.T.);
#8752 = EDGE_CURVE('',#8745,#8719,#8753,.T.);
#8753 = B_SPLINE_CURVE_WITH_KNOTS('',2,(#8754,#8755,#8756),
  .UNSPECIFIED.,.F.,.F.,(3,3),(0.,1.),.PIECEWISE_BEZIER_KNOTS.);
#8754 = CARTESIAN_POINT('',(17.093917197452,127.41,44.239363057325));
#8755 = CARTESIAN_POINT('',(17.498057324841,127.41,43.847643312102));
#8756 = CARTESIAN_POINT('',(18.099968152866,127.41,43.847643312102));
#8757 = ORIENTED_EDGE('',*,*,#8718,.F.);
#8758 = SURFACE_OF_LINEAR_EXTRUSION('',#8759,#8763);
#8759 = B_SPLINE_CURVE_WITH_KNOTS('',2,(#8760,#8761,#8762),
  .UNSPECIFIED.,.F.,.F.,(3,3),(0.,1.),.PIECEWISE_BEZIER_KNOTS.);
#8760 = CARTESIAN_POINT('',(17.093917197452,128.01,44.239363057325));
#8761 = CARTESIAN_POINT('',(17.498057324841,128.01,43.847643312102));
#8762 = CARTESIAN_POINT('',(18.099968152866,128.01,43.847643312102));
#8763 = VECTOR('',#8764,1.);
#8764 = DIRECTION('',(-0.,1.,-0.));
#8765 = ADVANCED_FACE('',(#8766),#8784,.T.);
#8766 = FACE_BOUND('',#8767,.T.);
#8767 = EDGE_LOOP('',(#8768,#8769,#8777,#8783));
#8768 = ORIENTED_EDGE('',*,*,#6172,.T.);
#8769 = ORIENTED_EDGE('',*,*,#8770,.T.);
#8770 = EDGE_CURVE('',#6158,#8771,#8773,.T.);
#8771 = VERTEX_POINT('',#8772);
#8772 = CARTESIAN_POINT('',(16.689777070064,127.41,45.186942675159));
#8773 = LINE('',#8774,#8775);
#8774 = CARTESIAN_POINT('',(16.689777070064,128.01,45.186942675159));
#8775 = VECTOR('',#8776,1.);
#8776 = DIRECTION('',(0.,-1.,0.));
#8777 = ORIENTED_EDGE('',*,*,#8778,.T.);
#8778 = EDGE_CURVE('',#8771,#8745,#8779,.T.);
#8779 = B_SPLINE_CURVE_WITH_KNOTS('',2,(#8780,#8781,#8782),
  .UNSPECIFIED.,.F.,.F.,(3,3),(0.,1.),.PIECEWISE_BEZIER_KNOTS.);
#8780 = CARTESIAN_POINT('',(16.689777070064,127.41,45.186942675159));
#8781 = CARTESIAN_POINT('',(16.689777070064,127.41,44.631082802548));
#8782 = CARTESIAN_POINT('',(17.093917197452,127.41,44.239363057325));
#8783 = ORIENTED_EDGE('',*,*,#8744,.F.);
#8784 = SURFACE_OF_LINEAR_EXTRUSION('',#8785,#8789);
#8785 = B_SPLINE_CURVE_WITH_KNOTS('',2,(#8786,#8787,#8788),
  .UNSPECIFIED.,.F.,.F.,(3,3),(0.,1.),.PIECEWISE_BEZIER_KNOTS.);
#8786 = CARTESIAN_POINT('',(16.689777070064,128.01,45.186942675159));
#8787 = CARTESIAN_POINT('',(16.689777070064,128.01,44.631082802548));
#8788 = CARTESIAN_POINT('',(17.093917197452,128.01,44.239363057325));
#8789 = VECTOR('',#8790,1.);
#8790 = DIRECTION('',(-0.,1.,-0.));
#8791 = ADVANCED_FACE('',(#8792),#8810,.T.);
#8792 = FACE_BOUND('',#8793,.T.);
#8793 = EDGE_LOOP('',(#8794,#8795,#8803,#8809));
#8794 = ORIENTED_EDGE('',*,*,#6157,.T.);
#8795 = ORIENTED_EDGE('',*,*,#8796,.T.);
#8796 = EDGE_CURVE('',#6143,#8797,#8799,.T.);
#8797 = VERTEX_POINT('',#8798);
#8798 = CARTESIAN_POINT('',(16.90627388535,127.41,45.840636942675));
#8799 = LINE('',#8800,#8801);
#8800 = CARTESIAN_POINT('',(16.90627388535,128.01,45.840636942675));
#8801 = VECTOR('',#8802,1.);
#8802 = DIRECTION('',(0.,-1.,0.));
#8803 = ORIENTED_EDGE('',*,*,#8804,.T.);
#8804 = EDGE_CURVE('',#8797,#8771,#8805,.T.);
#8805 = B_SPLINE_CURVE_WITH_KNOTS('',2,(#8806,#8807,#8808),
  .UNSPECIFIED.,.F.,.F.,(3,3),(0.,1.),.PIECEWISE_BEZIER_KNOTS.);
#8806 = CARTESIAN_POINT('',(16.90627388535,127.41,45.840636942675));
#8807 = CARTESIAN_POINT('',(16.689777070064,127.41,45.569872611465));
#8808 = CARTESIAN_POINT('',(16.689777070064,127.41,45.186942675159));
#8809 = ORIENTED_EDGE('',*,*,#8770,.F.);
#8810 = SURFACE_OF_LINEAR_EXTRUSION('',#8811,#8815);
#8811 = B_SPLINE_CURVE_WITH_KNOTS('',2,(#8812,#8813,#8814),
  .UNSPECIFIED.,.F.,.F.,(3,3),(0.,1.),.PIECEWISE_BEZIER_KNOTS.);
#8812 = CARTESIAN_POINT('',(16.90627388535,128.01,45.840636942675));
#8813 = CARTESIAN_POINT('',(16.689777070064,128.01,45.569872611465));
#8814 = CARTESIAN_POINT('',(16.689777070064,128.01,45.186942675159));
#8815 = VECTOR('',#8816,1.);
#8816 = DIRECTION('',(-0.,1.,-0.));
#8817 = ADVANCED_FACE('',(#8818),#8836,.T.);
#8818 = FACE_BOUND('',#8819,.T.);
#8819 = EDGE_LOOP('',(#8820,#8821,#8829,#8835));
#8820 = ORIENTED_EDGE('',*,*,#6142,.T.);
#8821 = ORIENTED_EDGE('',*,*,#8822,.T.);
#8822 = EDGE_CURVE('',#6120,#8823,#8825,.T.);
#8823 = VERTEX_POINT('',#8824);
#8824 = CARTESIAN_POINT('',(17.48372611465,127.41,46.189171974522));
#8825 = LINE('',#8826,#8827);
#8826 = CARTESIAN_POINT('',(17.48372611465,128.01,46.189171974522));
#8827 = VECTOR('',#8828,1.);
#8828 = DIRECTION('',(0.,-1.,0.));
#8829 = ORIENTED_EDGE('',*,*,#8830,.T.);
#8830 = EDGE_CURVE('',#8823,#8797,#8831,.T.);
#8831 = B_SPLINE_CURVE_WITH_KNOTS('',2,(#8832,#8833,#8834),
  .UNSPECIFIED.,.F.,.F.,(3,3),(0.,1.),.PIECEWISE_BEZIER_KNOTS.);
#8832 = CARTESIAN_POINT('',(17.48372611465,127.41,46.189171974522));
#8833 = CARTESIAN_POINT('',(17.122579617834,127.41,46.111401273885));
#8834 = CARTESIAN_POINT('',(16.90627388535,127.41,45.840636942675));
#8835 = ORIENTED_EDGE('',*,*,#8796,.F.);
#8836 = SURFACE_OF_LINEAR_EXTRUSION('',#8837,#8841);
#8837 = B_SPLINE_CURVE_WITH_KNOTS('',2,(#8838,#8839,#8840),
  .UNSPECIFIED.,.F.,.F.,(3,3),(0.,1.),.PIECEWISE_BEZIER_KNOTS.);
#8838 = CARTESIAN_POINT('',(17.48372611465,128.01,46.189171974522));
#8839 = CARTESIAN_POINT('',(17.122579617834,128.01,46.111401273885));
#8840 = CARTESIAN_POINT('',(16.90627388535,128.01,45.840636942675));
#8841 = VECTOR('',#8842,1.);
#8842 = DIRECTION('',(-0.,1.,-0.));
#8843 = ADVANCED_FACE('',(#8844),#8862,.T.);
#8844 = FACE_BOUND('',#8845,.T.);
#8845 = EDGE_LOOP('',(#8846,#8847,#8855,#8861));
#8846 = ORIENTED_EDGE('',*,*,#6119,.T.);
#8847 = ORIENTED_EDGE('',*,*,#8848,.T.);
#8848 = EDGE_CURVE('',#6105,#8849,#8851,.T.);
#8849 = VERTEX_POINT('',#8850);
#8850 = CARTESIAN_POINT('',(16.878949044586,127.41,47.073121019108));
#8851 = LINE('',#8852,#8853);
#8852 = CARTESIAN_POINT('',(16.878949044586,128.01,47.073121019108));
#8853 = VECTOR('',#8854,1.);
#8854 = DIRECTION('',(0.,-1.,0.));
#8855 = ORIENTED_EDGE('',*,*,#8856,.T.);
#8856 = EDGE_CURVE('',#8849,#8823,#8857,.T.);
#8857 = B_SPLINE_CURVE_WITH_KNOTS('',2,(#8858,#8859,#8860),
  .UNSPECIFIED.,.F.,.F.,(3,3),(0.,1.),.PIECEWISE_BEZIER_KNOTS.);
#8858 = CARTESIAN_POINT('',(16.878949044586,127.41,47.073121019108));
#8859 = CARTESIAN_POINT('',(16.878949044586,127.41,46.519171974522));
#8860 = CARTESIAN_POINT('',(17.48372611465,127.41,46.189171974522));
#8861 = ORIENTED_EDGE('',*,*,#8822,.F.);
#8862 = SURFACE_OF_LINEAR_EXTRUSION('',#8863,#8867);
#8863 = B_SPLINE_CURVE_WITH_KNOTS('',2,(#8864,#8865,#8866),
  .UNSPECIFIED.,.F.,.F.,(3,3),(0.,1.),.PIECEWISE_BEZIER_KNOTS.);
#8864 = CARTESIAN_POINT('',(16.878949044586,128.01,47.073121019108));
#8865 = CARTESIAN_POINT('',(16.878949044586,128.01,46.519171974522));
#8866 = CARTESIAN_POINT('',(17.48372611465,128.01,46.189171974522));
#8867 = VECTOR('',#8868,1.);
#8868 = DIRECTION('',(-0.,1.,-0.));
#8869 = ADVANCED_FACE('',(#8870),#8888,.T.);
#8870 = FACE_BOUND('',#8871,.T.);
#8871 = EDGE_LOOP('',(#8872,#8873,#8881,#8887));
#8872 = ORIENTED_EDGE('',*,*,#6104,.T.);
#8873 = ORIENTED_EDGE('',*,*,#8874,.T.);
#8874 = EDGE_CURVE('',#6088,#8875,#8877,.T.);
#8875 = VERTEX_POINT('',#8876);
#8876 = CARTESIAN_POINT('',(17.174171974522,127.41,47.773439490446));
#8877 = LINE('',#8878,#8879);
#8878 = CARTESIAN_POINT('',(17.174171974522,128.01,47.773439490446));
#8879 = VECTOR('',#8880,1.);
#8880 = DIRECTION('',(0.,-1.,0.));
#8881 = ORIENTED_EDGE('',*,*,#8882,.T.);
#8882 = EDGE_CURVE('',#8875,#8849,#8883,.T.);
#8883 = B_SPLINE_CURVE_WITH_KNOTS('',2,(#8884,#8885,#8886),
  .UNSPECIFIED.,.F.,.F.,(3,3),(0.,1.),.PIECEWISE_BEZIER_KNOTS.);
#8884 = CARTESIAN_POINT('',(17.174171974522,127.41,47.773439490446));
#8885 = CARTESIAN_POINT('',(16.878949044586,127.41,47.463503184713));
#8886 = CARTESIAN_POINT('',(16.878949044586,127.41,47.073121019108));
#8887 = ORIENTED_EDGE('',*,*,#8848,.F.);
#8888 = SURFACE_OF_LINEAR_EXTRUSION('',#8889,#8893);
#8889 = B_SPLINE_CURVE_WITH_KNOTS('',2,(#8890,#8891,#8892),
  .UNSPECIFIED.,.F.,.F.,(3,3),(0.,1.),.PIECEWISE_BEZIER_KNOTS.);
#8890 = CARTESIAN_POINT('',(17.174171974522,128.01,47.773439490446));
#8891 = CARTESIAN_POINT('',(16.878949044586,128.01,47.463503184713));
#8892 = CARTESIAN_POINT('',(16.878949044586,128.01,47.073121019108));
#8893 = VECTOR('',#8894,1.);
#8894 = DIRECTION('',(-0.,1.,-0.));
#8895 = ADVANCED_FACE('',(#8896),#8914,.T.);
#8896 = FACE_BOUND('',#8897,.T.);
#8897 = EDGE_LOOP('',(#8898,#8899,#8907,#8913));
#8898 = ORIENTED_EDGE('',*,*,#6087,.T.);
#8899 = ORIENTED_EDGE('',*,*,#8900,.T.);
#8900 = EDGE_CURVE('',#6077,#8901,#8903,.T.);
#8901 = VERTEX_POINT('',#8902);
#8902 = CARTESIAN_POINT('',(18.12576433121,127.41,48.152356687898));
#8903 = LINE('',#8904,#8905);
#8904 = CARTESIAN_POINT('',(18.12576433121,128.01,48.152356687898));
#8905 = VECTOR('',#8906,1.);
#8906 = DIRECTION('',(0.,-1.,0.));
#8907 = ORIENTED_EDGE('',*,*,#8908,.T.);
#8908 = EDGE_CURVE('',#8901,#8875,#8909,.T.);
#8909 = B_SPLINE_CURVE_WITH_KNOTS('',2,(#8910,#8911,#8912),
  .UNSPECIFIED.,.F.,.F.,(3,3),(0.,1.),.PIECEWISE_BEZIER_KNOTS.);
#8910 = CARTESIAN_POINT('',(18.12576433121,127.41,48.152356687898));
#8911 = CARTESIAN_POINT('',(17.532452229299,127.41,48.152356687898));
#8912 = CARTESIAN_POINT('',(17.174171974522,127.41,47.773439490446));
#8913 = ORIENTED_EDGE('',*,*,#8874,.F.);
#8914 = SURFACE_OF_LINEAR_EXTRUSION('',#8915,#8919);
#8915 = B_SPLINE_CURVE_WITH_KNOTS('',2,(#8916,#8917,#8918),
  .UNSPECIFIED.,.F.,.F.,(3,3),(0.,1.),.PIECEWISE_BEZIER_KNOTS.);
#8916 = CARTESIAN_POINT('',(18.12576433121,128.01,48.152356687898));
#8917 = CARTESIAN_POINT('',(17.532452229299,128.01,48.152356687898));
#8918 = CARTESIAN_POINT('',(17.174171974522,128.01,47.773439490446));
#8919 = VECTOR('',#8920,1.);
#8920 = DIRECTION('',(-0.,1.,-0.));
#8921 = ADVANCED_FACE('',(#8922),#8940,.T.);
#8922 = FACE_BOUND('',#8923,.T.);
#8923 = EDGE_LOOP('',(#8924,#8925,#8933,#8939));
#8924 = ORIENTED_EDGE('',*,*,#6076,.T.);
#8925 = ORIENTED_EDGE('',*,*,#8926,.T.);
#8926 = EDGE_CURVE('',#6062,#8927,#8929,.T.);
#8927 = VERTEX_POINT('',#8928);
#8928 = CARTESIAN_POINT('',(18.752133757962,127.41,48.02050955414));
#8929 = LINE('',#8930,#8931);
#8930 = CARTESIAN_POINT('',(18.752133757962,128.01,48.02050955414));
#8931 = VECTOR('',#8932,1.);
#8932 = DIRECTION('',(0.,-1.,0.));
#8933 = ORIENTED_EDGE('',*,*,#8934,.T.);
#8934 = EDGE_CURVE('',#8927,#8901,#8935,.T.);
#8935 = B_SPLINE_CURVE_WITH_KNOTS('',2,(#8936,#8937,#8938),
  .UNSPECIFIED.,.F.,.F.,(3,3),(0.,1.),.PIECEWISE_BEZIER_KNOTS.);
#8936 = CARTESIAN_POINT('',(18.752133757962,127.41,48.02050955414));
#8937 = CARTESIAN_POINT('',(18.472579617834,127.41,48.152356687898));
#8938 = CARTESIAN_POINT('',(18.12576433121,127.41,48.152356687898));
#8939 = ORIENTED_EDGE('',*,*,#8900,.F.);
#8940 = SURFACE_OF_LINEAR_EXTRUSION('',#8941,#8945);
#8941 = B_SPLINE_CURVE_WITH_KNOTS('',2,(#8942,#8943,#8944),
  .UNSPECIFIED.,.F.,.F.,(3,3),(0.,1.),.PIECEWISE_BEZIER_KNOTS.);
#8942 = CARTESIAN_POINT('',(18.752133757962,128.01,48.02050955414));
#8943 = CARTESIAN_POINT('',(18.472579617834,128.01,48.152356687898));
#8944 = CARTESIAN_POINT('',(18.12576433121,128.01,48.152356687898));
#8945 = VECTOR('',#8946,1.);
#8946 = DIRECTION('',(-0.,1.,-0.));
#8947 = ADVANCED_FACE('',(#8948),#8966,.T.);
#8948 = FACE_BOUND('',#8949,.T.);
#8949 = EDGE_LOOP('',(#8950,#8951,#8959,#8965));
#8950 = ORIENTED_EDGE('',*,*,#6061,.T.);
#8951 = ORIENTED_EDGE('',*,*,#8952,.T.);
#8952 = EDGE_CURVE('',#6050,#8953,#8955,.T.);
#8953 = VERTEX_POINT('',#8954);
#8954 = CARTESIAN_POINT('',(19.187802547771,127.41,47.658598726115));
#8955 = LINE('',#8956,#8957);
#8956 = CARTESIAN_POINT('',(19.187802547771,128.01,47.658598726115));
#8957 = VECTOR('',#8958,1.);
#8958 = DIRECTION('',(0.,-1.,0.));
#8959 = ORIENTED_EDGE('',*,*,#8960,.T.);
#8960 = EDGE_CURVE('',#8953,#8927,#8961,.T.);
#8961 = B_SPLINE_CURVE_WITH_KNOTS('',2,(#8962,#8963,#8964),
  .UNSPECIFIED.,.F.,.F.,(3,3),(0.,1.),.PIECEWISE_BEZIER_KNOTS.);
#8962 = CARTESIAN_POINT('',(19.187802547771,127.41,47.658598726115));
#8963 = CARTESIAN_POINT('',(19.031496815287,127.41,47.888853503185));
#8964 = CARTESIAN_POINT('',(18.752133757962,127.41,48.02050955414));
#8965 = ORIENTED_EDGE('',*,*,#8926,.F.);
#8966 = SURFACE_OF_LINEAR_EXTRUSION('',#8967,#8971);
#8967 = B_SPLINE_CURVE_WITH_KNOTS('',2,(#8968,#8969,#8970),
  .UNSPECIFIED.,.F.,.F.,(3,3),(0.,1.),.PIECEWISE_BEZIER_KNOTS.);
#8968 = CARTESIAN_POINT('',(19.187802547771,128.01,47.658598726115));
#8969 = CARTESIAN_POINT('',(19.031496815287,128.01,47.888853503185));
#8970 = CARTESIAN_POINT('',(18.752133757962,128.01,48.02050955414));
#8971 = VECTOR('',#8972,1.);
#8972 = DIRECTION('',(-0.,1.,-0.));
#8973 = ADVANCED_FACE('',(#8974),#8992,.T.);
#8974 = FACE_BOUND('',#8975,.T.);
#8975 = EDGE_LOOP('',(#8976,#8977,#8985,#8991));
#8976 = ORIENTED_EDGE('',*,*,#6049,.T.);
#8977 = ORIENTED_EDGE('',*,*,#8978,.T.);
#8978 = EDGE_CURVE('',#6042,#8979,#8981,.T.);
#8979 = VERTEX_POINT('',#8980);
#8980 = CARTESIAN_POINT('',(19.421305732484,127.41,47.043503184713));
#8981 = LINE('',#8982,#8983);
#8982 = CARTESIAN_POINT('',(19.421305732484,128.01,47.043503184713));
#8983 = VECTOR('',#8984,1.);
#8984 = DIRECTION('',(0.,-1.,0.));
#8985 = ORIENTED_EDGE('',*,*,#8986,.T.);
#8986 = EDGE_CURVE('',#8979,#8953,#8987,.T.);
#8987 = B_SPLINE_CURVE_WITH_KNOTS('',2,(#8988,#8989,#8990),
  .UNSPECIFIED.,.F.,.F.,(3,3),(0.,1.),.PIECEWISE_BEZIER_KNOTS.);
#8988 = CARTESIAN_POINT('',(19.421305732484,127.41,47.043503184713));
#8989 = CARTESIAN_POINT('',(19.343917197452,127.41,47.428535031847));
#8990 = CARTESIAN_POINT('',(19.187802547771,127.41,47.658598726115));
#8991 = ORIENTED_EDGE('',*,*,#8952,.F.);
#8992 = SURFACE_OF_LINEAR_EXTRUSION('',#8993,#8997);
#8993 = B_SPLINE_CURVE_WITH_KNOTS('',2,(#8994,#8995,#8996),
  .UNSPECIFIED.,.F.,.F.,(3,3),(0.,1.),.PIECEWISE_BEZIER_KNOTS.);
#8994 = CARTESIAN_POINT('',(19.421305732484,128.01,47.043503184713));
#8995 = CARTESIAN_POINT('',(19.343917197452,128.01,47.428535031847));
#8996 = CARTESIAN_POINT('',(19.187802547771,128.01,47.658598726115));
#8997 = VECTOR('',#8998,1.);
#8998 = DIRECTION('',(-0.,1.,-0.));
#8999 = ADVANCED_FACE('',(#9000),#9018,.T.);
#9000 = FACE_BOUND('',#9001,.T.);
#9001 = EDGE_LOOP('',(#9002,#9003,#9011,#9017));
#9002 = ORIENTED_EDGE('',*,*,#6041,.F.);
#9003 = ORIENTED_EDGE('',*,*,#9004,.T.);
#9004 = EDGE_CURVE('',#6030,#9005,#9007,.T.);
#9005 = VERTEX_POINT('',#9006);
#9006 = CARTESIAN_POINT('',(18.678949044586,127.41,46.917197452229));
#9007 = LINE('',#9008,#9009);
#9008 = CARTESIAN_POINT('',(18.678949044586,128.01,46.917197452229));
#9009 = VECTOR('',#9010,1.);
#9010 = DIRECTION('',(0.,-1.,0.));
#9011 = ORIENTED_EDGE('',*,*,#9012,.T.);
#9012 = EDGE_CURVE('',#9005,#8979,#9013,.T.);
#9013 = LINE('',#9014,#9015);
#9014 = CARTESIAN_POINT('',(18.678949044586,127.41,46.917197452229));
#9015 = VECTOR('',#9016,1.);
#9016 = DIRECTION('',(0.985832777796,-1.393515925746E-16,0.167731136711)
  );
#9017 = ORIENTED_EDGE('',*,*,#8978,.F.);
#9018 = PLANE('',#9019);
#9019 = AXIS2_PLACEMENT_3D('',#9020,#9021,#9022);
#9020 = CARTESIAN_POINT('',(18.678949044586,128.01,46.917197452229));
#9021 = DIRECTION('',(-0.167731136711,0.,0.985832777796));
#9022 = DIRECTION('',(0.985832777796,-1.393515925746E-16,0.167731136711)
  );
#9023 = ADVANCED_FACE('',(#9024),#9042,.T.);
#9024 = FACE_BOUND('',#9025,.T.);
#9025 = EDGE_LOOP('',(#9026,#9027,#9035,#9041));
#9026 = ORIENTED_EDGE('',*,*,#6029,.T.);
#9027 = ORIENTED_EDGE('',*,*,#9028,.T.);
#9028 = EDGE_CURVE('',#6015,#9029,#9031,.T.);
#9029 = VERTEX_POINT('',#9030);
#9030 = CARTESIAN_POINT('',(18.501242038217,127.41,47.336242038217));
#9031 = LINE('',#9032,#9033);
#9032 = CARTESIAN_POINT('',(18.501242038217,128.01,47.336242038217));
#9033 = VECTOR('',#9034,1.);
#9034 = DIRECTION('',(0.,-1.,0.));
#9035 = ORIENTED_EDGE('',*,*,#9036,.T.);
#9036 = EDGE_CURVE('',#9029,#9005,#9037,.T.);
#9037 = B_SPLINE_CURVE_WITH_KNOTS('',2,(#9038,#9039,#9040),
  .UNSPECIFIED.,.F.,.F.,(3,3),(0.,1.),.PIECEWISE_BEZIER_KNOTS.);
#9038 = CARTESIAN_POINT('',(18.501242038217,127.41,47.336242038217));
#9039 = CARTESIAN_POINT('',(18.647420382166,127.41,47.192738853503));
#9040 = CARTESIAN_POINT('',(18.678949044586,127.41,46.917197452229));
#9041 = ORIENTED_EDGE('',*,*,#9004,.F.);
#9042 = SURFACE_OF_LINEAR_EXTRUSION('',#9043,#9047);
#9043 = B_SPLINE_CURVE_WITH_KNOTS('',2,(#9044,#9045,#9046),
  .UNSPECIFIED.,.F.,.F.,(3,3),(0.,1.),.PIECEWISE_BEZIER_KNOTS.);
#9044 = CARTESIAN_POINT('',(18.501242038217,128.01,47.336242038217));
#9045 = CARTESIAN_POINT('',(18.647420382166,128.01,47.192738853503));
#9046 = CARTESIAN_POINT('',(18.678949044586,128.01,46.917197452229));
#9047 = VECTOR('',#9048,1.);
#9048 = DIRECTION('',(-0.,1.,-0.));
#9049 = ADVANCED_FACE('',(#9050),#9068,.T.);
#9050 = FACE_BOUND('',#9051,.T.);
#9051 = EDGE_LOOP('',(#9052,#9053,#9061,#9067));
#9052 = ORIENTED_EDGE('',*,*,#6014,.T.);
#9053 = ORIENTED_EDGE('',*,*,#9054,.T.);
#9054 = EDGE_CURVE('',#6000,#9055,#9057,.T.);
#9055 = VERTEX_POINT('',#9056);
#9056 = CARTESIAN_POINT('',(18.148694267516,127.41,47.47974522293));
#9057 = LINE('',#9058,#9059);
#9058 = CARTESIAN_POINT('',(18.148694267516,128.01,47.47974522293));
#9059 = VECTOR('',#9060,1.);
#9060 = DIRECTION('',(0.,-1.,0.));
#9061 = ORIENTED_EDGE('',*,*,#9062,.T.);
#9062 = EDGE_CURVE('',#9055,#9029,#9063,.T.);
#9063 = B_SPLINE_CURVE_WITH_KNOTS('',2,(#9064,#9065,#9066),
  .UNSPECIFIED.,.F.,.F.,(3,3),(0.,1.),.PIECEWISE_BEZIER_KNOTS.);
#9064 = CARTESIAN_POINT('',(18.148694267516,127.41,47.47974522293));
#9065 = CARTESIAN_POINT('',(18.355063694268,127.41,47.47974522293));
#9066 = CARTESIAN_POINT('',(18.501242038217,127.41,47.336242038217));
#9067 = ORIENTED_EDGE('',*,*,#9028,.F.);
#9068 = SURFACE_OF_LINEAR_EXTRUSION('',#9069,#9073);
#9069 = B_SPLINE_CURVE_WITH_KNOTS('',2,(#9070,#9071,#9072),
  .UNSPECIFIED.,.F.,.F.,(3,3),(0.,1.),.PIECEWISE_BEZIER_KNOTS.);
#9070 = CARTESIAN_POINT('',(18.148694267516,128.01,47.47974522293));
#9071 = CARTESIAN_POINT('',(18.355063694268,128.01,47.47974522293));
#9072 = CARTESIAN_POINT('',(18.501242038217,128.01,47.336242038217));
#9073 = VECTOR('',#9074,1.);
#9074 = DIRECTION('',(-0.,1.,-0.));
#9075 = ADVANCED_FACE('',(#9076),#9094,.T.);
#9076 = FACE_BOUND('',#9077,.T.);
#9077 = EDGE_LOOP('',(#9078,#9079,#9087,#9093));
#9078 = ORIENTED_EDGE('',*,*,#5999,.T.);
#9079 = ORIENTED_EDGE('',*,*,#9080,.T.);
#9080 = EDGE_CURVE('',#5985,#9081,#9083,.T.);
#9081 = VERTEX_POINT('',#9082);
#9082 = CARTESIAN_POINT('',(17.813343949045,127.41,47.354012738854));
#9083 = LINE('',#9084,#9085);
#9084 = CARTESIAN_POINT('',(17.813343949045,128.01,47.354012738854));
#9085 = VECTOR('',#9086,1.);
#9086 = DIRECTION('',(0.,-1.,0.));
#9087 = ORIENTED_EDGE('',*,*,#9088,.T.);
#9088 = EDGE_CURVE('',#9081,#9055,#9089,.T.);
#9089 = B_SPLINE_CURVE_WITH_KNOTS('',2,(#9090,#9091,#9092),
  .UNSPECIFIED.,.F.,.F.,(3,3),(0.,1.),.PIECEWISE_BEZIER_KNOTS.);
#9090 = CARTESIAN_POINT('',(17.813343949045,127.41,47.354012738854));
#9091 = CARTESIAN_POINT('',(17.939458598726,127.41,47.47974522293));
#9092 = CARTESIAN_POINT('',(18.148694267516,127.41,47.47974522293));
#9093 = ORIENTED_EDGE('',*,*,#9054,.F.);
#9094 = SURFACE_OF_LINEAR_EXTRUSION('',#9095,#9099);
#9095 = B_SPLINE_CURVE_WITH_KNOTS('',2,(#9096,#9097,#9098),
  .UNSPECIFIED.,.F.,.F.,(3,3),(0.,1.),.PIECEWISE_BEZIER_KNOTS.);
#9096 = CARTESIAN_POINT('',(17.813343949045,128.01,47.354012738854));
#9097 = CARTESIAN_POINT('',(17.939458598726,128.01,47.47974522293));
#9098 = CARTESIAN_POINT('',(18.148694267516,128.01,47.47974522293));
#9099 = VECTOR('',#9100,1.);
#9100 = DIRECTION('',(-0.,1.,-0.));
#9101 = ADVANCED_FACE('',(#9102),#9120,.T.);
#9102 = FACE_BOUND('',#9103,.T.);
#9103 = EDGE_LOOP('',(#9104,#9105,#9113,#9119));
#9104 = ORIENTED_EDGE('',*,*,#5984,.T.);
#9105 = ORIENTED_EDGE('',*,*,#9106,.T.);
#9106 = EDGE_CURVE('',#5970,#9107,#9109,.T.);
#9107 = VERTEX_POINT('',#9108);
#9108 = CARTESIAN_POINT('',(17.687229299363,127.41,47.016942675159));
#9109 = LINE('',#9110,#9111);
#9110 = CARTESIAN_POINT('',(17.687229299363,128.01,47.016942675159));
#9111 = VECTOR('',#9112,1.);
#9112 = DIRECTION('',(0.,-1.,0.));
#9113 = ORIENTED_EDGE('',*,*,#9114,.T.);
#9114 = EDGE_CURVE('',#9107,#9081,#9115,.T.);
#9115 = B_SPLINE_CURVE_WITH_KNOTS('',2,(#9116,#9117,#9118),
  .UNSPECIFIED.,.F.,.F.,(3,3),(0.,1.),.PIECEWISE_BEZIER_KNOTS.);
#9116 = CARTESIAN_POINT('',(17.687229299363,127.41,47.016942675159));
#9117 = CARTESIAN_POINT('',(17.687229299363,127.41,47.228280254777));
#9118 = CARTESIAN_POINT('',(17.813343949045,127.41,47.354012738854));
#9119 = ORIENTED_EDGE('',*,*,#9080,.F.);
#9120 = SURFACE_OF_LINEAR_EXTRUSION('',#9121,#9125);
#9121 = B_SPLINE_CURVE_WITH_KNOTS('',2,(#9122,#9123,#9124),
  .UNSPECIFIED.,.F.,.F.,(3,3),(0.,1.),.PIECEWISE_BEZIER_KNOTS.);
#9122 = CARTESIAN_POINT('',(17.687229299363,128.01,47.016942675159));
#9123 = CARTESIAN_POINT('',(17.687229299363,128.01,47.228280254777));
#9124 = CARTESIAN_POINT('',(17.813343949045,128.01,47.354012738854));
#9125 = VECTOR('',#9126,1.);
#9126 = DIRECTION('',(-0.,1.,-0.));
#9127 = ADVANCED_FACE('',(#9128),#9146,.T.);
#9128 = FACE_BOUND('',#9129,.T.);
#9129 = EDGE_LOOP('',(#9130,#9131,#9139,#9145));
#9130 = ORIENTED_EDGE('',*,*,#5969,.T.);
#9131 = ORIENTED_EDGE('',*,*,#9132,.T.);
#9132 = EDGE_CURVE('',#5955,#9133,#9135,.T.);
#9133 = VERTEX_POINT('',#9134);
#9134 = CARTESIAN_POINT('',(17.859203821656,127.41,46.618343949045));
#9135 = LINE('',#9136,#9137);
#9136 = CARTESIAN_POINT('',(17.859203821656,128.01,46.618343949045));
#9137 = VECTOR('',#9138,1.);
#9138 = DIRECTION('',(0.,-1.,0.));
#9139 = ORIENTED_EDGE('',*,*,#9140,.T.);
#9140 = EDGE_CURVE('',#9133,#9107,#9141,.T.);
#9141 = B_SPLINE_CURVE_WITH_KNOTS('',2,(#9142,#9143,#9144),
  .UNSPECIFIED.,.F.,.F.,(3,3),(0.,1.),.PIECEWISE_BEZIER_KNOTS.);
#9142 = CARTESIAN_POINT('',(17.859203821656,127.41,46.618343949045));
#9143 = CARTESIAN_POINT('',(17.687229299363,127.41,46.768343949045));
#9144 = CARTESIAN_POINT('',(17.687229299363,127.41,47.016942675159));
#9145 = ORIENTED_EDGE('',*,*,#9106,.F.);
#9146 = SURFACE_OF_LINEAR_EXTRUSION('',#9147,#9151);
#9147 = B_SPLINE_CURVE_WITH_KNOTS('',2,(#9148,#9149,#9150),
  .UNSPECIFIED.,.F.,.F.,(3,3),(0.,1.),.PIECEWISE_BEZIER_KNOTS.);
#9148 = CARTESIAN_POINT('',(17.859203821656,128.01,46.618343949045));
#9149 = CARTESIAN_POINT('',(17.687229299363,128.01,46.768343949045));
#9150 = CARTESIAN_POINT('',(17.687229299363,128.01,47.016942675159));
#9151 = VECTOR('',#9152,1.);
#9152 = DIRECTION('',(-0.,1.,-0.));
#9153 = ADVANCED_FACE('',(#9154),#9172,.T.);
#9154 = FACE_BOUND('',#9155,.T.);
#9155 = EDGE_LOOP('',(#9156,#9157,#9165,#9171));
#9156 = ORIENTED_EDGE('',*,*,#5954,.T.);
#9157 = ORIENTED_EDGE('',*,*,#9158,.T.);
#9158 = EDGE_CURVE('',#5947,#9159,#9161,.T.);
#9159 = VERTEX_POINT('',#9160);
#9160 = CARTESIAN_POINT('',(18.357929936306,127.41,46.476942675159));
#9161 = LINE('',#9162,#9163);
#9162 = CARTESIAN_POINT('',(18.357929936306,128.01,46.476942675159));
#9163 = VECTOR('',#9164,1.);
#9164 = DIRECTION('',(0.,-1.,0.));
#9165 = ORIENTED_EDGE('',*,*,#9166,.T.);
#9166 = EDGE_CURVE('',#9159,#9133,#9167,.T.);
#9167 = B_SPLINE_CURVE_WITH_KNOTS('',2,(#9168,#9169,#9170),
  .UNSPECIFIED.,.F.,.F.,(3,3),(0.,1.),.PIECEWISE_BEZIER_KNOTS.);
#9168 = CARTESIAN_POINT('',(18.357929936306,127.41,46.476942675159));
#9169 = CARTESIAN_POINT('',(18.031178343949,127.41,46.468343949045));
#9170 = CARTESIAN_POINT('',(17.859203821656,127.41,46.618343949045));
#9171 = ORIENTED_EDGE('',*,*,#9132,.F.);
#9172 = SURFACE_OF_LINEAR_EXTRUSION('',#9173,#9177);
#9173 = B_SPLINE_CURVE_WITH_KNOTS('',2,(#9174,#9175,#9176),
  .UNSPECIFIED.,.F.,.F.,(3,3),(0.,1.),.PIECEWISE_BEZIER_KNOTS.);
#9174 = CARTESIAN_POINT('',(18.357929936306,128.01,46.476942675159));
#9175 = CARTESIAN_POINT('',(18.031178343949,128.01,46.468343949045));
#9176 = CARTESIAN_POINT('',(17.859203821656,128.01,46.618343949045));
#9177 = VECTOR('',#9178,1.);
#9178 = DIRECTION('',(-0.,1.,-0.));
#9179 = ADVANCED_FACE('',(#9180),#9198,.T.);
#9180 = FACE_BOUND('',#9181,.T.);
#9181 = EDGE_LOOP('',(#9182,#9183,#9191,#9197));
#9182 = ORIENTED_EDGE('',*,*,#5946,.F.);
#9183 = ORIENTED_EDGE('',*,*,#9184,.T.);
#9184 = EDGE_CURVE('',#5936,#9185,#9187,.T.);
#9185 = VERTEX_POINT('',#9186);
#9186 = CARTESIAN_POINT('',(18.44678343949,127.41,45.82974522293));
#9187 = LINE('',#9188,#9189);
#9188 = CARTESIAN_POINT('',(18.44678343949,128.01,45.82974522293));
#9189 = VECTOR('',#9190,1.);
#9190 = DIRECTION('',(0.,-1.,0.));
#9191 = ORIENTED_EDGE('',*,*,#9192,.T.);
#9192 = EDGE_CURVE('',#9185,#9159,#9193,.T.);
#9193 = LINE('',#9194,#9195);
#9194 = CARTESIAN_POINT('',(18.44678343949,127.41,45.82974522293));
#9195 = VECTOR('',#9196,1.);
#9196 = DIRECTION('',(-0.136013796445,-9.333367984691E-17,0.990706943135
    ));
#9197 = ORIENTED_EDGE('',*,*,#9158,.F.);
#9198 = PLANE('',#9199);
#9199 = AXIS2_PLACEMENT_3D('',#9200,#9201,#9202);
#9200 = CARTESIAN_POINT('',(18.44678343949,128.01,45.82974522293));
#9201 = DIRECTION('',(-0.990706943135,-0.,-0.136013796445));
#9202 = DIRECTION('',(-0.136013796445,-9.333367984691E-17,0.990706943135
    ));
#9203 = ADVANCED_FACE('',(#9204),#9222,.T.);
#9204 = FACE_BOUND('',#9205,.T.);
#9205 = EDGE_LOOP('',(#9206,#9207,#9215,#9221));
#9206 = ORIENTED_EDGE('',*,*,#5935,.T.);
#9207 = ORIENTED_EDGE('',*,*,#9208,.T.);
#9208 = EDGE_CURVE('',#5921,#9209,#9211,.T.);
#9209 = VERTEX_POINT('',#9210);
#9210 = CARTESIAN_POINT('',(18.077038216561,127.41,45.889936305732));
#9211 = LINE('',#9212,#9213);
#9212 = CARTESIAN_POINT('',(18.077038216561,128.01,45.889936305732));
#9213 = VECTOR('',#9214,1.);
#9214 = DIRECTION('',(0.,-1.,0.));
#9215 = ORIENTED_EDGE('',*,*,#9216,.T.);
#9216 = EDGE_CURVE('',#9209,#9185,#9217,.T.);
#9217 = B_SPLINE_CURVE_WITH_KNOTS('',2,(#9218,#9219,#9220),
  .UNSPECIFIED.,.F.,.F.,(3,3),(0.,1.),.PIECEWISE_BEZIER_KNOTS.);
#9218 = CARTESIAN_POINT('',(18.077038216561,127.41,45.889936305732));
#9219 = CARTESIAN_POINT('',(18.231815286624,127.41,45.889936305732));
#9220 = CARTESIAN_POINT('',(18.44678343949,127.41,45.82974522293));
#9221 = ORIENTED_EDGE('',*,*,#9184,.F.);
#9222 = SURFACE_OF_LINEAR_EXTRUSION('',#9223,#9227);
#9223 = B_SPLINE_CURVE_WITH_KNOTS('',2,(#9224,#9225,#9226),
  .UNSPECIFIED.,.F.,.F.,(3,3),(0.,1.),.PIECEWISE_BEZIER_KNOTS.);
#9224 = CARTESIAN_POINT('',(18.077038216561,128.01,45.889936305732));
#9225 = CARTESIAN_POINT('',(18.231815286624,128.01,45.889936305732));
#9226 = CARTESIAN_POINT('',(18.44678343949,128.01,45.82974522293));
#9227 = VECTOR('',#9228,1.);
#9228 = DIRECTION('',(-0.,1.,-0.));
#9229 = ADVANCED_FACE('',(#9230),#9248,.T.);
#9230 = FACE_BOUND('',#9231,.T.);
#9231 = EDGE_LOOP('',(#9232,#9233,#9241,#9247));
#9232 = ORIENTED_EDGE('',*,*,#5920,.T.);
#9233 = ORIENTED_EDGE('',*,*,#9234,.T.);
#9234 = EDGE_CURVE('',#5904,#9235,#9237,.T.);
#9235 = VERTEX_POINT('',#9236);
#9236 = CARTESIAN_POINT('',(17.678630573248,127.41,45.710700636943));
#9237 = LINE('',#9238,#9239);
#9238 = CARTESIAN_POINT('',(17.678630573248,128.01,45.710700636943));
#9239 = VECTOR('',#9240,1.);
#9240 = DIRECTION('',(0.,-1.,0.));
#9241 = ORIENTED_EDGE('',*,*,#9242,.T.);
#9242 = EDGE_CURVE('',#9235,#9209,#9243,.T.);
#9243 = B_SPLINE_CURVE_WITH_KNOTS('',2,(#9244,#9245,#9246),
  .UNSPECIFIED.,.F.,.F.,(3,3),(0.,1.),.PIECEWISE_BEZIER_KNOTS.);
#9244 = CARTESIAN_POINT('',(17.678630573248,127.41,45.710700636943));
#9245 = CARTESIAN_POINT('',(17.842006369427,127.41,45.889936305732));
#9246 = CARTESIAN_POINT('',(18.077038216561,127.41,45.889936305732));
#9247 = ORIENTED_EDGE('',*,*,#9208,.F.);
#9248 = SURFACE_OF_LINEAR_EXTRUSION('',#9249,#9253);
#9249 = B_SPLINE_CURVE_WITH_KNOTS('',2,(#9250,#9251,#9252),
  .UNSPECIFIED.,.F.,.F.,(3,3),(0.,1.),.PIECEWISE_BEZIER_KNOTS.);
#9250 = CARTESIAN_POINT('',(17.678630573248,128.01,45.710700636943));
#9251 = CARTESIAN_POINT('',(17.842006369427,128.01,45.889936305732));
#9252 = CARTESIAN_POINT('',(18.077038216561,128.01,45.889936305732));
#9253 = VECTOR('',#9254,1.);
#9254 = DIRECTION('',(-0.,1.,-0.));
#9255 = ADVANCED_FACE('',(#9256),#9274,.T.);
#9256 = FACE_BOUND('',#9257,.T.);
#9257 = EDGE_LOOP('',(#9258,#9259,#9267,#9273));
#9258 = ORIENTED_EDGE('',*,*,#5903,.T.);
#9259 = ORIENTED_EDGE('',*,*,#9260,.T.);
#9260 = EDGE_CURVE('',#5885,#9261,#9263,.T.);
#9261 = VERTEX_POINT('',#9262);
#9262 = CARTESIAN_POINT('',(17.51525477707,127.41,45.225350318471));
#9263 = LINE('',#9264,#9265);
#9264 = CARTESIAN_POINT('',(17.51525477707,128.01,45.225350318471));
#9265 = VECTOR('',#9266,1.);
#9266 = DIRECTION('',(0.,-1.,0.));
#9267 = ORIENTED_EDGE('',*,*,#9268,.T.);
#9268 = EDGE_CURVE('',#9261,#9235,#9269,.T.);
#9269 = B_SPLINE_CURVE_WITH_KNOTS('',2,(#9270,#9271,#9272),
  .UNSPECIFIED.,.F.,.F.,(3,3),(0.,1.),.PIECEWISE_BEZIER_KNOTS.);
#9270 = CARTESIAN_POINT('',(17.51525477707,127.41,45.225350318471));
#9271 = CARTESIAN_POINT('',(17.51525477707,127.41,45.531656050955));
#9272 = CARTESIAN_POINT('',(17.678630573248,127.41,45.710700636943));
#9273 = ORIENTED_EDGE('',*,*,#9234,.F.);
#9274 = SURFACE_OF_LINEAR_EXTRUSION('',#9275,#9279);
#9275 = B_SPLINE_CURVE_WITH_KNOTS('',2,(#9276,#9277,#9278),
  .UNSPECIFIED.,.F.,.F.,(3,3),(0.,1.),.PIECEWISE_BEZIER_KNOTS.);
#9276 = CARTESIAN_POINT('',(17.51525477707,128.01,45.225350318471));
#9277 = CARTESIAN_POINT('',(17.51525477707,128.01,45.531656050955));
#9278 = CARTESIAN_POINT('',(17.678630573248,128.01,45.710700636943));
#9279 = VECTOR('',#9280,1.);
#9280 = DIRECTION('',(-0.,1.,-0.));
#9281 = ADVANCED_FACE('',(#9282),#9300,.T.);
#9282 = FACE_BOUND('',#9283,.T.);
#9283 = EDGE_LOOP('',(#9284,#9285,#9293,#9299));
#9284 = ORIENTED_EDGE('',*,*,#5884,.T.);
#9285 = ORIENTED_EDGE('',*,*,#9286,.T.);
#9286 = EDGE_CURVE('',#5870,#9287,#9289,.T.);
#9287 = VERTEX_POINT('',#9288);
#9288 = CARTESIAN_POINT('',(17.685891719745,127.41,44.710955414013));
#9289 = LINE('',#9290,#9291);
#9290 = CARTESIAN_POINT('',(17.685891719745,128.01,44.710955414013));
#9291 = VECTOR('',#9292,1.);
#9292 = DIRECTION('',(0.,-1.,0.));
#9293 = ORIENTED_EDGE('',*,*,#9294,.T.);
#9294 = EDGE_CURVE('',#9287,#9261,#9295,.T.);
#9295 = B_SPLINE_CURVE_WITH_KNOTS('',2,(#9296,#9297,#9298),
  .UNSPECIFIED.,.F.,.F.,(3,3),(0.,1.),.PIECEWISE_BEZIER_KNOTS.);
#9296 = CARTESIAN_POINT('',(17.685891719745,127.41,44.710955414013));
#9297 = CARTESIAN_POINT('',(17.51525477707,127.41,44.901656050955));
#9298 = CARTESIAN_POINT('',(17.51525477707,127.41,45.225350318471));
#9299 = ORIENTED_EDGE('',*,*,#9260,.F.);
#9300 = SURFACE_OF_LINEAR_EXTRUSION('',#9301,#9305);
#9301 = B_SPLINE_CURVE_WITH_KNOTS('',2,(#9302,#9303,#9304),
  .UNSPECIFIED.,.F.,.F.,(3,3),(0.,1.),.PIECEWISE_BEZIER_KNOTS.);
#9302 = CARTESIAN_POINT('',(17.685891719745,128.01,44.710955414013));
#9303 = CARTESIAN_POINT('',(17.51525477707,128.01,44.901656050955));
#9304 = CARTESIAN_POINT('',(17.51525477707,128.01,45.225350318471));
#9305 = VECTOR('',#9306,1.);
#9306 = DIRECTION('',(-0.,1.,-0.));
#9307 = ADVANCED_FACE('',(#9308),#9326,.T.);
#9308 = FACE_BOUND('',#9309,.T.);
#9309 = EDGE_LOOP('',(#9310,#9311,#9319,#9325));
#9310 = ORIENTED_EDGE('',*,*,#5869,.T.);
#9311 = ORIENTED_EDGE('',*,*,#9312,.T.);
#9312 = EDGE_CURVE('',#5855,#9313,#9315,.T.);
#9313 = VERTEX_POINT('',#9314);
#9314 = CARTESIAN_POINT('',(18.105700636943,127.41,44.52025477707));
#9315 = LINE('',#9316,#9317);
#9316 = CARTESIAN_POINT('',(18.105700636943,128.01,44.52025477707));
#9317 = VECTOR('',#9318,1.);
#9318 = DIRECTION('',(0.,-1.,0.));
#9319 = ORIENTED_EDGE('',*,*,#9320,.T.);
#9320 = EDGE_CURVE('',#9313,#9287,#9321,.T.);
#9321 = B_SPLINE_CURVE_WITH_KNOTS('',2,(#9322,#9323,#9324),
  .UNSPECIFIED.,.F.,.F.,(3,3),(0.,1.),.PIECEWISE_BEZIER_KNOTS.);
#9322 = CARTESIAN_POINT('',(18.105700636943,127.41,44.52025477707));
#9323 = CARTESIAN_POINT('',(17.856337579618,127.41,44.52025477707));
#9324 = CARTESIAN_POINT('',(17.685891719745,127.41,44.710955414013));
#9325 = ORIENTED_EDGE('',*,*,#9286,.F.);
#9326 = SURFACE_OF_LINEAR_EXTRUSION('',#9327,#9331);
#9327 = B_SPLINE_CURVE_WITH_KNOTS('',2,(#9328,#9329,#9330),
  .UNSPECIFIED.,.F.,.F.,(3,3),(0.,1.),.PIECEWISE_BEZIER_KNOTS.);
#9328 = CARTESIAN_POINT('',(18.105700636943,128.01,44.52025477707));
#9329 = CARTESIAN_POINT('',(17.856337579618,128.01,44.52025477707));
#9330 = CARTESIAN_POINT('',(17.685891719745,128.01,44.710955414013));
#9331 = VECTOR('',#9332,1.);
#9332 = DIRECTION('',(-0.,1.,-0.));
#9333 = ADVANCED_FACE('',(#9334),#9352,.T.);
#9334 = FACE_BOUND('',#9335,.T.);
#9335 = EDGE_LOOP('',(#9336,#9337,#9345,#9351));
#9336 = ORIENTED_EDGE('',*,*,#5854,.T.);
#9337 = ORIENTED_EDGE('',*,*,#9338,.T.);
#9338 = EDGE_CURVE('',#5843,#9339,#9341,.T.);
#9339 = VERTEX_POINT('',#9340);
#9340 = CARTESIAN_POINT('',(18.501242038217,127.41,44.677324840764));
#9341 = LINE('',#9342,#9343);
#9342 = CARTESIAN_POINT('',(18.501242038217,128.01,44.677324840764));
#9343 = VECTOR('',#9344,1.);
#9344 = DIRECTION('',(0.,-1.,0.));
#9345 = ORIENTED_EDGE('',*,*,#9346,.T.);
#9346 = EDGE_CURVE('',#9339,#9313,#9347,.T.);
#9347 = B_SPLINE_CURVE_WITH_KNOTS('',2,(#9348,#9349,#9350),
  .UNSPECIFIED.,.F.,.F.,(3,3),(0.,1.),.PIECEWISE_BEZIER_KNOTS.);
#9348 = CARTESIAN_POINT('',(18.501242038217,127.41,44.677324840764));
#9349 = CARTESIAN_POINT('',(18.337866242038,127.41,44.52025477707));
#9350 = CARTESIAN_POINT('',(18.105700636943,127.41,44.52025477707));
#9351 = ORIENTED_EDGE('',*,*,#9312,.F.);
#9352 = SURFACE_OF_LINEAR_EXTRUSION('',#9353,#9357);
#9353 = B_SPLINE_CURVE_WITH_KNOTS('',2,(#9354,#9355,#9356),
  .UNSPECIFIED.,.F.,.F.,(3,3),(0.,1.),.PIECEWISE_BEZIER_KNOTS.);
#9354 = CARTESIAN_POINT('',(18.501242038217,128.01,44.677324840764));
#9355 = CARTESIAN_POINT('',(18.337866242038,128.01,44.52025477707));
#9356 = CARTESIAN_POINT('',(18.105700636943,128.01,44.52025477707));
#9357 = VECTOR('',#9358,1.);
#9358 = DIRECTION('',(-0.,1.,-0.));
#9359 = ADVANCED_FACE('',(#9360),#9378,.T.);
#9360 = FACE_BOUND('',#9361,.T.);
#9361 = EDGE_LOOP('',(#9362,#9363,#9371,#9377));
#9362 = ORIENTED_EDGE('',*,*,#5842,.T.);
#9363 = ORIENTED_EDGE('',*,*,#9364,.T.);
#9364 = EDGE_CURVE('',#5835,#9365,#9367,.T.);
#9365 = VERTEX_POINT('',#9366);
#9366 = CARTESIAN_POINT('',(18.701878980892,127.41,45.131719745223));
#9367 = LINE('',#9368,#9369);
#9368 = CARTESIAN_POINT('',(18.701878980892,128.01,45.131719745223));
#9369 = VECTOR('',#9370,1.);
#9370 = DIRECTION('',(0.,-1.,0.));
#9371 = ORIENTED_EDGE('',*,*,#9372,.T.);
#9372 = EDGE_CURVE('',#9365,#9339,#9373,.T.);
#9373 = B_SPLINE_CURVE_WITH_KNOTS('',2,(#9374,#9375,#9376),
  .UNSPECIFIED.,.F.,.F.,(3,3),(0.,1.),.PIECEWISE_BEZIER_KNOTS.);
#9374 = CARTESIAN_POINT('',(18.701878980892,127.41,45.131719745223));
#9375 = CARTESIAN_POINT('',(18.664617834395,127.41,44.834585987261));
#9376 = CARTESIAN_POINT('',(18.501242038217,127.41,44.677324840764));
#9377 = ORIENTED_EDGE('',*,*,#9338,.F.);
#9378 = SURFACE_OF_LINEAR_EXTRUSION('',#9379,#9383);
#9379 = B_SPLINE_CURVE_WITH_KNOTS('',2,(#9380,#9381,#9382),
  .UNSPECIFIED.,.F.,.F.,(3,3),(0.,1.),.PIECEWISE_BEZIER_KNOTS.);
#9380 = CARTESIAN_POINT('',(18.701878980892,128.01,45.131719745223));
#9381 = CARTESIAN_POINT('',(18.664617834395,128.01,44.834585987261));
#9382 = CARTESIAN_POINT('',(18.501242038217,128.01,44.677324840764));
#9383 = VECTOR('',#9384,1.);
#9384 = DIRECTION('',(-0.,1.,-0.));
#9385 = ADVANCED_FACE('',(#9386),#9397,.T.);
#9386 = FACE_BOUND('',#9387,.T.);
#9387 = EDGE_LOOP('',(#9388,#9389,#9390,#9396));
#9388 = ORIENTED_EDGE('',*,*,#5834,.F.);
#9389 = ORIENTED_EDGE('',*,*,#8701,.T.);
#9390 = ORIENTED_EDGE('',*,*,#9391,.T.);
#9391 = EDGE_CURVE('',#8694,#9365,#9392,.T.);
#9392 = LINE('',#9393,#9394);
#9393 = CARTESIAN_POINT('',(19.481496815287,127.41,45.037515923567));
#9394 = VECTOR('',#9395,1.);
#9395 = DIRECTION('',(-0.992778634966,1.082619988957E-16,0.119960751725)
  );
#9396 = ORIENTED_EDGE('',*,*,#9364,.F.);
#9397 = PLANE('',#9398);
#9398 = AXIS2_PLACEMENT_3D('',#9399,#9400,#9401);
#9399 = CARTESIAN_POINT('',(19.481496815287,128.01,45.037515923567));
#9400 = DIRECTION('',(-0.119960751725,-0.,-0.992778634966));
#9401 = DIRECTION('',(-0.992778634966,1.082619988957E-16,0.119960751725)
  );
#9402 = ADVANCED_FACE('',(#9403),#9428,.T.);
#9403 = FACE_BOUND('',#9404,.T.);
#9404 = EDGE_LOOP('',(#9405,#9406,#9414,#9422));
#9405 = ORIENTED_EDGE('',*,*,#6221,.T.);
#9406 = ORIENTED_EDGE('',*,*,#9407,.T.);
#9407 = EDGE_CURVE('',#6224,#9408,#9410,.T.);
#9408 = VERTEX_POINT('',#9409);
#9409 = CARTESIAN_POINT('',(24.267738853503,127.41,44.111337579618));
#9410 = LINE('',#9411,#9412);
#9411 = CARTESIAN_POINT('',(24.267738853503,128.01,44.111337579618));
#9412 = VECTOR('',#9413,1.);
#9413 = DIRECTION('',(0.,-1.,0.));
#9414 = ORIENTED_EDGE('',*,*,#9415,.T.);
#9415 = EDGE_CURVE('',#9408,#9416,#9418,.T.);
#9416 = VERTEX_POINT('',#9417);
#9417 = CARTESIAN_POINT('',(24.657547770701,127.41,44.899363057325));
#9418 = B_SPLINE_CURVE_WITH_KNOTS('',2,(#9419,#9420,#9421),
  .UNSPECIFIED.,.F.,.F.,(3,3),(0.,1.),.PIECEWISE_BEZIER_KNOTS.);
#9419 = CARTESIAN_POINT('',(24.267738853503,127.41,44.111337579618));
#9420 = CARTESIAN_POINT('',(24.571560509554,127.41,44.375031847134));
#9421 = CARTESIAN_POINT('',(24.657547770701,127.41,44.899363057325));
#9422 = ORIENTED_EDGE('',*,*,#9423,.F.);
#9423 = EDGE_CURVE('',#6222,#9416,#9424,.T.);
#9424 = LINE('',#9425,#9426);
#9425 = CARTESIAN_POINT('',(24.657547770701,128.01,44.899363057325));
#9426 = VECTOR('',#9427,1.);
#9427 = DIRECTION('',(0.,-1.,0.));
#9428 = SURFACE_OF_LINEAR_EXTRUSION('',#9429,#9433);
#9429 = B_SPLINE_CURVE_WITH_KNOTS('',2,(#9430,#9431,#9432),
  .UNSPECIFIED.,.F.,.F.,(3,3),(0.,1.),.PIECEWISE_BEZIER_KNOTS.);
#9430 = CARTESIAN_POINT('',(24.267738853503,128.01,44.111337579618));
#9431 = CARTESIAN_POINT('',(24.571560509554,128.01,44.375031847134));
#9432 = CARTESIAN_POINT('',(24.657547770701,128.01,44.899363057325));
#9433 = VECTOR('',#9434,1.);
#9434 = DIRECTION('',(-0.,1.,-0.));
#9435 = ADVANCED_FACE('',(#9436),#9454,.T.);
#9436 = FACE_BOUND('',#9437,.T.);
#9437 = EDGE_LOOP('',(#9438,#9439,#9447,#9453));
#9438 = ORIENTED_EDGE('',*,*,#6469,.T.);
#9439 = ORIENTED_EDGE('',*,*,#9440,.T.);
#9440 = EDGE_CURVE('',#6447,#9441,#9443,.T.);
#9441 = VERTEX_POINT('',#9442);
#9442 = CARTESIAN_POINT('',(23.470923566879,127.41,43.847643312102));
#9443 = LINE('',#9444,#9445);
#9444 = CARTESIAN_POINT('',(23.470923566879,128.01,43.847643312102));
#9445 = VECTOR('',#9446,1.);
#9446 = DIRECTION('',(0.,-1.,0.));
#9447 = ORIENTED_EDGE('',*,*,#9448,.T.);
#9448 = EDGE_CURVE('',#9441,#9408,#9449,.T.);
#9449 = B_SPLINE_CURVE_WITH_KNOTS('',2,(#9450,#9451,#9452),
  .UNSPECIFIED.,.F.,.F.,(3,3),(0.,1.),.PIECEWISE_BEZIER_KNOTS.);
#9450 = CARTESIAN_POINT('',(23.470923566879,127.41,43.847643312102));
#9451 = CARTESIAN_POINT('',(23.963917197452,127.41,43.847643312102));
#9452 = CARTESIAN_POINT('',(24.267738853503,127.41,44.111337579618));
#9453 = ORIENTED_EDGE('',*,*,#9407,.F.);
#9454 = SURFACE_OF_LINEAR_EXTRUSION('',#9455,#9459);
#9455 = B_SPLINE_CURVE_WITH_KNOTS('',2,(#9456,#9457,#9458),
  .UNSPECIFIED.,.F.,.F.,(3,3),(0.,1.),.PIECEWISE_BEZIER_KNOTS.);
#9456 = CARTESIAN_POINT('',(23.470923566879,128.01,43.847643312102));
#9457 = CARTESIAN_POINT('',(23.963917197452,128.01,43.847643312102));
#9458 = CARTESIAN_POINT('',(24.267738853503,128.01,44.111337579618));
#9459 = VECTOR('',#9460,1.);
#9460 = DIRECTION('',(-0.,1.,-0.));
#9461 = ADVANCED_FACE('',(#9462),#9480,.T.);
#9462 = FACE_BOUND('',#9463,.T.);
#9463 = EDGE_LOOP('',(#9464,#9465,#9473,#9479));
#9464 = ORIENTED_EDGE('',*,*,#6446,.T.);
#9465 = ORIENTED_EDGE('',*,*,#9466,.T.);
#9466 = EDGE_CURVE('',#6430,#9467,#9469,.T.);
#9467 = VERTEX_POINT('',#9468);
#9468 = CARTESIAN_POINT('',(22.358821656051,127.41,44.359171974522));
#9469 = LINE('',#9470,#9471);
#9470 = CARTESIAN_POINT('',(22.358821656051,128.01,44.359171974522));
#9471 = VECTOR('',#9472,1.);
#9472 = DIRECTION('',(0.,-1.,0.));
#9473 = ORIENTED_EDGE('',*,*,#9474,.T.);
#9474 = EDGE_CURVE('',#9467,#9441,#9475,.T.);
#9475 = B_SPLINE_CURVE_WITH_KNOTS('',2,(#9476,#9477,#9478),
  .UNSPECIFIED.,.F.,.F.,(3,3),(0.,1.),.PIECEWISE_BEZIER_KNOTS.);
#9476 = CARTESIAN_POINT('',(22.358821656051,127.41,44.359171974522));
#9477 = CARTESIAN_POINT('',(22.785891719745,127.41,43.847643312102));
#9478 = CARTESIAN_POINT('',(23.470923566879,127.41,43.847643312102));
#9479 = ORIENTED_EDGE('',*,*,#9440,.F.);
#9480 = SURFACE_OF_LINEAR_EXTRUSION('',#9481,#9485);
#9481 = B_SPLINE_CURVE_WITH_KNOTS('',2,(#9482,#9483,#9484),
  .UNSPECIFIED.,.F.,.F.,(3,3),(0.,1.),.PIECEWISE_BEZIER_KNOTS.);
#9482 = CARTESIAN_POINT('',(22.358821656051,128.01,44.359171974522));
#9483 = CARTESIAN_POINT('',(22.785891719745,128.01,43.847643312102));
#9484 = CARTESIAN_POINT('',(23.470923566879,128.01,43.847643312102));
#9485 = VECTOR('',#9486,1.);
#9486 = DIRECTION('',(-0.,1.,-0.));
#9487 = ADVANCED_FACE('',(#9488),#9506,.T.);
#9488 = FACE_BOUND('',#9489,.T.);
#9489 = EDGE_LOOP('',(#9490,#9491,#9499,#9505));
#9490 = ORIENTED_EDGE('',*,*,#6429,.T.);
#9491 = ORIENTED_EDGE('',*,*,#9492,.T.);
#9492 = EDGE_CURVE('',#6413,#9493,#9495,.T.);
#9493 = VERTEX_POINT('',#9494);
#9494 = CARTESIAN_POINT('',(21.931751592357,127.41,46.025796178344));
#9495 = LINE('',#9496,#9497);
#9496 = CARTESIAN_POINT('',(21.931751592357,128.01,46.025796178344));
#9497 = VECTOR('',#9498,1.);
#9498 = DIRECTION('',(0.,-1.,0.));
#9499 = ORIENTED_EDGE('',*,*,#9500,.T.);
#9500 = EDGE_CURVE('',#9493,#9467,#9501,.T.);
#9501 = B_SPLINE_CURVE_WITH_KNOTS('',2,(#9502,#9503,#9504),
  .UNSPECIFIED.,.F.,.F.,(3,3),(0.,1.),.PIECEWISE_BEZIER_KNOTS.);
#9502 = CARTESIAN_POINT('',(21.931751592357,127.41,46.025796178344));
#9503 = CARTESIAN_POINT('',(21.931751592357,127.41,44.870700636943));
#9504 = CARTESIAN_POINT('',(22.358821656051,127.41,44.359171974522));
#9505 = ORIENTED_EDGE('',*,*,#9466,.F.);
#9506 = SURFACE_OF_LINEAR_EXTRUSION('',#9507,#9511);
#9507 = B_SPLINE_CURVE_WITH_KNOTS('',2,(#9508,#9509,#9510),
  .UNSPECIFIED.,.F.,.F.,(3,3),(0.,1.),.PIECEWISE_BEZIER_KNOTS.);
#9508 = CARTESIAN_POINT('',(21.931751592357,128.01,46.025796178344));
#9509 = CARTESIAN_POINT('',(21.931751592357,128.01,44.870700636943));
#9510 = CARTESIAN_POINT('',(22.358821656051,128.01,44.359171974522));
#9511 = VECTOR('',#9512,1.);
#9512 = DIRECTION('',(-0.,1.,-0.));
#9513 = ADVANCED_FACE('',(#9514),#9532,.T.);
#9514 = FACE_BOUND('',#9515,.T.);
#9515 = EDGE_LOOP('',(#9516,#9517,#9525,#9531));
#9516 = ORIENTED_EDGE('',*,*,#6412,.T.);
#9517 = ORIENTED_EDGE('',*,*,#9518,.T.);
#9518 = EDGE_CURVE('',#6390,#9519,#9521,.T.);
#9519 = VERTEX_POINT('',#9520);
#9520 = CARTESIAN_POINT('',(22.341624203822,127.41,47.656687898089));
#9521 = LINE('',#9522,#9523);
#9522 = CARTESIAN_POINT('',(22.341624203822,128.01,47.656687898089));
#9523 = VECTOR('',#9524,1.);
#9524 = DIRECTION('',(0.,-1.,0.));
#9525 = ORIENTED_EDGE('',*,*,#9526,.T.);
#9526 = EDGE_CURVE('',#9519,#9493,#9527,.T.);
#9527 = B_SPLINE_CURVE_WITH_KNOTS('',2,(#9528,#9529,#9530),
  .UNSPECIFIED.,.F.,.F.,(3,3),(0.,1.),.PIECEWISE_BEZIER_KNOTS.);
#9528 = CARTESIAN_POINT('',(22.341624203822,127.41,47.656687898089));
#9529 = CARTESIAN_POINT('',(21.931751592357,127.41,47.16101910828));
#9530 = CARTESIAN_POINT('',(21.931751592357,127.41,46.025796178344));
#9531 = ORIENTED_EDGE('',*,*,#9492,.F.);
#9532 = SURFACE_OF_LINEAR_EXTRUSION('',#9533,#9537);
#9533 = B_SPLINE_CURVE_WITH_KNOTS('',2,(#9534,#9535,#9536),
  .UNSPECIFIED.,.F.,.F.,(3,3),(0.,1.),.PIECEWISE_BEZIER_KNOTS.);
#9534 = CARTESIAN_POINT('',(22.341624203822,128.01,47.656687898089));
#9535 = CARTESIAN_POINT('',(21.931751592357,128.01,47.16101910828));
#9536 = CARTESIAN_POINT('',(21.931751592357,128.01,46.025796178344));
#9537 = VECTOR('',#9538,1.);
#9538 = DIRECTION('',(-0.,1.,-0.));
#9539 = ADVANCED_FACE('',(#9540),#9558,.T.);
#9540 = FACE_BOUND('',#9541,.T.);
#9541 = EDGE_LOOP('',(#9542,#9543,#9551,#9557));
#9542 = ORIENTED_EDGE('',*,*,#6389,.T.);
#9543 = ORIENTED_EDGE('',*,*,#9544,.T.);
#9544 = EDGE_CURVE('',#6373,#9545,#9547,.T.);
#9545 = VERTEX_POINT('',#9546);
#9546 = CARTESIAN_POINT('',(23.390668789809,127.41,48.152356687898));
#9547 = LINE('',#9548,#9549);
#9548 = CARTESIAN_POINT('',(23.390668789809,128.01,48.152356687898));
#9549 = VECTOR('',#9550,1.);
#9550 = DIRECTION('',(0.,-1.,0.));
#9551 = ORIENTED_EDGE('',*,*,#9552,.T.);
#9552 = EDGE_CURVE('',#9545,#9519,#9553,.T.);
#9553 = B_SPLINE_CURVE_WITH_KNOTS('',2,(#9554,#9555,#9556),
  .UNSPECIFIED.,.F.,.F.,(3,3),(0.,1.),.PIECEWISE_BEZIER_KNOTS.);
#9554 = CARTESIAN_POINT('',(23.390668789809,127.41,48.152356687898));
#9555 = CARTESIAN_POINT('',(22.751496815287,127.41,48.152356687898));
#9556 = CARTESIAN_POINT('',(22.341624203822,127.41,47.656687898089));
#9557 = ORIENTED_EDGE('',*,*,#9518,.F.);
#9558 = SURFACE_OF_LINEAR_EXTRUSION('',#9559,#9563);
#9559 = B_SPLINE_CURVE_WITH_KNOTS('',2,(#9560,#9561,#9562),
  .UNSPECIFIED.,.F.,.F.,(3,3),(0.,1.),.PIECEWISE_BEZIER_KNOTS.);
#9560 = CARTESIAN_POINT('',(23.390668789809,128.01,48.152356687898));
#9561 = CARTESIAN_POINT('',(22.751496815287,128.01,48.152356687898));
#9562 = CARTESIAN_POINT('',(22.341624203822,128.01,47.656687898089));
#9563 = VECTOR('',#9564,1.);
#9564 = DIRECTION('',(-0.,1.,-0.));
#9565 = ADVANCED_FACE('',(#9566),#9584,.T.);
#9566 = FACE_BOUND('',#9567,.T.);
#9567 = EDGE_LOOP('',(#9568,#9569,#9577,#9583));
#9568 = ORIENTED_EDGE('',*,*,#6372,.T.);
#9569 = ORIENTED_EDGE('',*,*,#9570,.T.);
#9570 = EDGE_CURVE('',#6356,#9571,#9573,.T.);
#9571 = VERTEX_POINT('',#9572);
#9572 = CARTESIAN_POINT('',(24.358121019108,127.41,47.76101910828));
#9573 = LINE('',#9574,#9575);
#9574 = CARTESIAN_POINT('',(24.358121019108,128.01,47.76101910828));
#9575 = VECTOR('',#9576,1.);
#9576 = DIRECTION('',(0.,-1.,0.));
#9577 = ORIENTED_EDGE('',*,*,#9578,.T.);
#9578 = EDGE_CURVE('',#9571,#9545,#9579,.T.);
#9579 = B_SPLINE_CURVE_WITH_KNOTS('',2,(#9580,#9581,#9582),
  .UNSPECIFIED.,.F.,.F.,(3,3),(0.,1.),.PIECEWISE_BEZIER_KNOTS.);
#9580 = CARTESIAN_POINT('',(24.358121019108,127.41,47.76101910828));
#9581 = CARTESIAN_POINT('',(23.978248407643,127.41,48.152356687898));
#9582 = CARTESIAN_POINT('',(23.390668789809,127.41,48.152356687898));
#9583 = ORIENTED_EDGE('',*,*,#9544,.F.);
#9584 = SURFACE_OF_LINEAR_EXTRUSION('',#9585,#9589);
#9585 = B_SPLINE_CURVE_WITH_KNOTS('',2,(#9586,#9587,#9588),
  .UNSPECIFIED.,.F.,.F.,(3,3),(0.,1.),.PIECEWISE_BEZIER_KNOTS.);
#9586 = CARTESIAN_POINT('',(24.358121019108,128.01,47.76101910828));
#9587 = CARTESIAN_POINT('',(23.978248407643,128.01,48.152356687898));
#9588 = CARTESIAN_POINT('',(23.390668789809,128.01,48.152356687898));
#9589 = VECTOR('',#9590,1.);
#9590 = DIRECTION('',(-0.,1.,-0.));
#9591 = ADVANCED_FACE('',(#9592),#9610,.T.);
#9592 = FACE_BOUND('',#9593,.T.);
#9593 = EDGE_LOOP('',(#9594,#9595,#9603,#9609));
#9594 = ORIENTED_EDGE('',*,*,#6355,.T.);
#9595 = ORIENTED_EDGE('',*,*,#9596,.T.);
#9596 = EDGE_CURVE('',#6339,#9597,#9599,.T.);
#9597 = VERTEX_POINT('',#9598);
#9598 = CARTESIAN_POINT('',(24.737802547771,127.41,46.73050955414));
#9599 = LINE('',#9600,#9601);
#9600 = CARTESIAN_POINT('',(24.737802547771,128.01,46.73050955414));
#9601 = VECTOR('',#9602,1.);
#9602 = DIRECTION('',(0.,-1.,0.));
#9603 = ORIENTED_EDGE('',*,*,#9604,.T.);
#9604 = EDGE_CURVE('',#9597,#9571,#9605,.T.);
#9605 = B_SPLINE_CURVE_WITH_KNOTS('',2,(#9606,#9607,#9608),
  .UNSPECIFIED.,.F.,.F.,(3,3),(0.,1.),.PIECEWISE_BEZIER_KNOTS.);
#9606 = CARTESIAN_POINT('',(24.737802547771,127.41,46.73050955414));
#9607 = CARTESIAN_POINT('',(24.737802547771,127.41,47.369872611465));
#9608 = CARTESIAN_POINT('',(24.358121019108,127.41,47.76101910828));
#9609 = ORIENTED_EDGE('',*,*,#9570,.F.);
#9610 = SURFACE_OF_LINEAR_EXTRUSION('',#9611,#9615);
#9611 = B_SPLINE_CURVE_WITH_KNOTS('',2,(#9612,#9613,#9614),
  .UNSPECIFIED.,.F.,.F.,(3,3),(0.,1.),.PIECEWISE_BEZIER_KNOTS.);
#9612 = CARTESIAN_POINT('',(24.737802547771,128.01,46.73050955414));
#9613 = CARTESIAN_POINT('',(24.737802547771,128.01,47.369872611465));
#9614 = CARTESIAN_POINT('',(24.358121019108,128.01,47.76101910828));
#9615 = VECTOR('',#9616,1.);
#9616 = DIRECTION('',(-0.,1.,-0.));
#9617 = ADVANCED_FACE('',(#9618),#9636,.T.);
#9618 = FACE_BOUND('',#9619,.T.);
#9619 = EDGE_LOOP('',(#9620,#9621,#9629,#9635));
#9620 = ORIENTED_EDGE('',*,*,#6338,.T.);
#9621 = ORIENTED_EDGE('',*,*,#9622,.T.);
#9622 = EDGE_CURVE('',#6322,#9623,#9625,.T.);
#9623 = VERTEX_POINT('',#9624);
#9624 = CARTESIAN_POINT('',(24.378184713376,127.41,45.734394904459));
#9625 = LINE('',#9626,#9627);
#9626 = CARTESIAN_POINT('',(24.378184713376,128.01,45.734394904459));
#9627 = VECTOR('',#9628,1.);
#9628 = DIRECTION('',(0.,-1.,0.));
#9629 = ORIENTED_EDGE('',*,*,#9630,.T.);
#9630 = EDGE_CURVE('',#9623,#9597,#9631,.T.);
#9631 = B_SPLINE_CURVE_WITH_KNOTS('',2,(#9632,#9633,#9634),
  .UNSPECIFIED.,.F.,.F.,(3,3),(0.,1.),.PIECEWISE_BEZIER_KNOTS.);
#9632 = CARTESIAN_POINT('',(24.378184713376,127.41,45.734394904459));
#9633 = CARTESIAN_POINT('',(24.737802547771,127.41,46.117133757962));
#9634 = CARTESIAN_POINT('',(24.737802547771,127.41,46.73050955414));
#9635 = ORIENTED_EDGE('',*,*,#9596,.F.);
#9636 = SURFACE_OF_LINEAR_EXTRUSION('',#9637,#9641);
#9637 = B_SPLINE_CURVE_WITH_KNOTS('',2,(#9638,#9639,#9640),
  .UNSPECIFIED.,.F.,.F.,(3,3),(0.,1.),.PIECEWISE_BEZIER_KNOTS.);
#9638 = CARTESIAN_POINT('',(24.378184713376,128.01,45.734394904459));
#9639 = CARTESIAN_POINT('',(24.737802547771,128.01,46.117133757962));
#9640 = CARTESIAN_POINT('',(24.737802547771,128.01,46.73050955414));
#9641 = VECTOR('',#9642,1.);
#9642 = DIRECTION('',(-0.,1.,-0.));
#9643 = ADVANCED_FACE('',(#9644),#9662,.T.);
#9644 = FACE_BOUND('',#9645,.T.);
#9645 = EDGE_LOOP('',(#9646,#9647,#9655,#9661));
#9646 = ORIENTED_EDGE('',*,*,#6321,.T.);
#9647 = ORIENTED_EDGE('',*,*,#9648,.T.);
#9648 = EDGE_CURVE('',#6307,#9649,#9651,.T.);
#9649 = VERTEX_POINT('',#9650);
#9650 = CARTESIAN_POINT('',(23.522515923567,127.41,45.351847133758));
#9651 = LINE('',#9652,#9653);
#9652 = CARTESIAN_POINT('',(23.522515923567,128.01,45.351847133758));
#9653 = VECTOR('',#9654,1.);
#9654 = DIRECTION('',(0.,-1.,0.));
#9655 = ORIENTED_EDGE('',*,*,#9656,.T.);
#9656 = EDGE_CURVE('',#9649,#9623,#9657,.T.);
#9657 = B_SPLINE_CURVE_WITH_KNOTS('',2,(#9658,#9659,#9660),
  .UNSPECIFIED.,.F.,.F.,(3,3),(0.,1.),.PIECEWISE_BEZIER_KNOTS.);
#9658 = CARTESIAN_POINT('',(23.522515923567,127.41,45.351847133758));
#9659 = CARTESIAN_POINT('',(24.018375796178,127.41,45.351847133758));
#9660 = CARTESIAN_POINT('',(24.378184713376,127.41,45.734394904459));
#9661 = ORIENTED_EDGE('',*,*,#9622,.F.);
#9662 = SURFACE_OF_LINEAR_EXTRUSION('',#9663,#9667);
#9663 = B_SPLINE_CURVE_WITH_KNOTS('',2,(#9664,#9665,#9666),
  .UNSPECIFIED.,.F.,.F.,(3,3),(0.,1.),.PIECEWISE_BEZIER_KNOTS.);
#9664 = CARTESIAN_POINT('',(23.522515923567,128.01,45.351847133758));
#9665 = CARTESIAN_POINT('',(24.018375796178,128.01,45.351847133758));
#9666 = CARTESIAN_POINT('',(24.378184713376,128.01,45.734394904459));
#9667 = VECTOR('',#9668,1.);
#9668 = DIRECTION('',(-0.,1.,-0.));
#9669 = ADVANCED_FACE('',(#9670),#9688,.T.);
#9670 = FACE_BOUND('',#9671,.T.);
#9671 = EDGE_LOOP('',(#9672,#9673,#9681,#9687));
#9672 = ORIENTED_EDGE('',*,*,#6306,.T.);
#9673 = ORIENTED_EDGE('',*,*,#9674,.T.);
#9674 = EDGE_CURVE('',#6290,#9675,#9677,.T.);
#9675 = VERTEX_POINT('',#9676);
#9676 = CARTESIAN_POINT('',(22.762961783439,127.41,45.704394904459));
#9677 = LINE('',#9678,#9679);
#9678 = CARTESIAN_POINT('',(22.762961783439,128.01,45.704394904459));
#9679 = VECTOR('',#9680,1.);
#9680 = DIRECTION('',(0.,-1.,0.));
#9681 = ORIENTED_EDGE('',*,*,#9682,.T.);
#9682 = EDGE_CURVE('',#9675,#9649,#9683,.T.);
#9683 = B_SPLINE_CURVE_WITH_KNOTS('',2,(#9684,#9685,#9686),
  .UNSPECIFIED.,.F.,.F.,(3,3),(0.,1.),.PIECEWISE_BEZIER_KNOTS.);
#9684 = CARTESIAN_POINT('',(22.762961783439,127.41,45.704394904459));
#9685 = CARTESIAN_POINT('',(23.06678343949,127.41,45.351847133758));
#9686 = CARTESIAN_POINT('',(23.522515923567,127.41,45.351847133758));
#9687 = ORIENTED_EDGE('',*,*,#9648,.F.);
#9688 = SURFACE_OF_LINEAR_EXTRUSION('',#9689,#9693);
#9689 = B_SPLINE_CURVE_WITH_KNOTS('',2,(#9690,#9691,#9692),
  .UNSPECIFIED.,.F.,.F.,(3,3),(0.,1.),.PIECEWISE_BEZIER_KNOTS.);
#9690 = CARTESIAN_POINT('',(22.762961783439,128.01,45.704394904459));
#9691 = CARTESIAN_POINT('',(23.06678343949,128.01,45.351847133758));
#9692 = CARTESIAN_POINT('',(23.522515923567,128.01,45.351847133758));
#9693 = VECTOR('',#9694,1.);
#9694 = DIRECTION('',(-0.,1.,-0.));
#9695 = ADVANCED_FACE('',(#9696),#9714,.T.);
#9696 = FACE_BOUND('',#9697,.T.);
#9697 = EDGE_LOOP('',(#9698,#9699,#9707,#9713));
#9698 = ORIENTED_EDGE('',*,*,#6289,.T.);
#9699 = ORIENTED_EDGE('',*,*,#9700,.T.);
#9700 = EDGE_CURVE('',#6275,#9701,#9703,.T.);
#9701 = VERTEX_POINT('',#9702);
#9702 = CARTESIAN_POINT('',(22.98652866242,127.41,44.750318471338));
#9703 = LINE('',#9704,#9705);
#9704 = CARTESIAN_POINT('',(22.98652866242,128.01,44.750318471338));
#9705 = VECTOR('',#9706,1.);
#9706 = DIRECTION('',(0.,-1.,0.));
#9707 = ORIENTED_EDGE('',*,*,#9708,.T.);
#9708 = EDGE_CURVE('',#9701,#9675,#9709,.T.);
#9709 = B_SPLINE_CURVE_WITH_KNOTS('',2,(#9710,#9711,#9712),
  .UNSPECIFIED.,.F.,.F.,(3,3),(0.,1.),.PIECEWISE_BEZIER_KNOTS.);
#9710 = CARTESIAN_POINT('',(22.98652866242,127.41,44.750318471338));
#9711 = CARTESIAN_POINT('',(22.811687898089,127.41,44.980573248408));
#9712 = CARTESIAN_POINT('',(22.762961783439,127.41,45.704394904459));
#9713 = ORIENTED_EDGE('',*,*,#9674,.F.);
#9714 = SURFACE_OF_LINEAR_EXTRUSION('',#9715,#9719);
#9715 = B_SPLINE_CURVE_WITH_KNOTS('',2,(#9716,#9717,#9718),
  .UNSPECIFIED.,.F.,.F.,(3,3),(0.,1.),.PIECEWISE_BEZIER_KNOTS.);
#9716 = CARTESIAN_POINT('',(22.98652866242,128.01,44.750318471338));
#9717 = CARTESIAN_POINT('',(22.811687898089,128.01,44.980573248408));
#9718 = CARTESIAN_POINT('',(22.762961783439,128.01,45.704394904459));
#9719 = VECTOR('',#9720,1.);
#9720 = DIRECTION('',(-0.,1.,-0.));
#9721 = ADVANCED_FACE('',(#9722),#9740,.T.);
#9722 = FACE_BOUND('',#9723,.T.);
#9723 = EDGE_LOOP('',(#9724,#9725,#9733,#9739));
#9724 = ORIENTED_EDGE('',*,*,#6274,.T.);
#9725 = ORIENTED_EDGE('',*,*,#9726,.T.);
#9726 = EDGE_CURVE('',#6260,#9727,#9729,.T.);
#9727 = VERTEX_POINT('',#9728);
#9728 = CARTESIAN_POINT('',(23.410732484076,127.41,44.52025477707));
#9729 = LINE('',#9730,#9731);
#9730 = CARTESIAN_POINT('',(23.410732484076,128.01,44.52025477707));
#9731 = VECTOR('',#9732,1.);
#9732 = DIRECTION('',(0.,-1.,0.));
#9733 = ORIENTED_EDGE('',*,*,#9734,.T.);
#9734 = EDGE_CURVE('',#9727,#9701,#9735,.T.);
#9735 = B_SPLINE_CURVE_WITH_KNOTS('',2,(#9736,#9737,#9738),
  .UNSPECIFIED.,.F.,.F.,(3,3),(0.,1.),.PIECEWISE_BEZIER_KNOTS.);
#9736 = CARTESIAN_POINT('',(23.410732484076,127.41,44.52025477707));
#9737 = CARTESIAN_POINT('',(23.161369426752,127.41,44.52025477707));
#9738 = CARTESIAN_POINT('',(22.98652866242,127.41,44.750318471338));
#9739 = ORIENTED_EDGE('',*,*,#9700,.F.);
#9740 = SURFACE_OF_LINEAR_EXTRUSION('',#9741,#9745);
#9741 = B_SPLINE_CURVE_WITH_KNOTS('',2,(#9742,#9743,#9744),
  .UNSPECIFIED.,.F.,.F.,(3,3),(0.,1.),.PIECEWISE_BEZIER_KNOTS.);
#9742 = CARTESIAN_POINT('',(23.410732484076,128.01,44.52025477707));
#9743 = CARTESIAN_POINT('',(23.161369426752,128.01,44.52025477707));
#9744 = CARTESIAN_POINT('',(22.98652866242,128.01,44.750318471338));
#9745 = VECTOR('',#9746,1.);
#9746 = DIRECTION('',(-0.,1.,-0.));
#9747 = ADVANCED_FACE('',(#9748),#9766,.T.);
#9748 = FACE_BOUND('',#9749,.T.);
#9749 = EDGE_LOOP('',(#9750,#9751,#9759,#9765));
#9750 = ORIENTED_EDGE('',*,*,#6259,.T.);
#9751 = ORIENTED_EDGE('',*,*,#9752,.T.);
#9752 = EDGE_CURVE('',#6249,#9753,#9755,.T.);
#9753 = VERTEX_POINT('',#9754);
#9754 = CARTESIAN_POINT('',(23.728885350318,127.41,44.634331210191));
#9755 = LINE('',#9756,#9757);
#9756 = CARTESIAN_POINT('',(23.728885350318,128.01,44.634331210191));
#9757 = VECTOR('',#9758,1.);
#9758 = DIRECTION('',(0.,-1.,0.));
#9759 = ORIENTED_EDGE('',*,*,#9760,.T.);
#9760 = EDGE_CURVE('',#9753,#9727,#9761,.T.);
#9761 = B_SPLINE_CURVE_WITH_KNOTS('',2,(#9762,#9763,#9764),
  .UNSPECIFIED.,.F.,.F.,(3,3),(0.,1.),.PIECEWISE_BEZIER_KNOTS.);
#9762 = CARTESIAN_POINT('',(23.728885350318,127.41,44.634331210191));
#9763 = CARTESIAN_POINT('',(23.608503184713,127.41,44.52025477707));
#9764 = CARTESIAN_POINT('',(23.410732484076,127.41,44.52025477707));
#9765 = ORIENTED_EDGE('',*,*,#9726,.F.);
#9766 = SURFACE_OF_LINEAR_EXTRUSION('',#9767,#9771);
#9767 = B_SPLINE_CURVE_WITH_KNOTS('',2,(#9768,#9769,#9770),
  .UNSPECIFIED.,.F.,.F.,(3,3),(0.,1.),.PIECEWISE_BEZIER_KNOTS.);
#9768 = CARTESIAN_POINT('',(23.728885350318,128.01,44.634331210191));
#9769 = CARTESIAN_POINT('',(23.608503184713,128.01,44.52025477707));
#9770 = CARTESIAN_POINT('',(23.410732484076,128.01,44.52025477707));
#9771 = VECTOR('',#9772,1.);
#9772 = DIRECTION('',(-0.,1.,-0.));
#9773 = ADVANCED_FACE('',(#9774),#9792,.T.);
#9774 = FACE_BOUND('',#9775,.T.);
#9775 = EDGE_LOOP('',(#9776,#9777,#9785,#9791));
#9776 = ORIENTED_EDGE('',*,*,#6248,.T.);
#9777 = ORIENTED_EDGE('',*,*,#9778,.T.);
#9778 = EDGE_CURVE('',#6241,#9779,#9781,.T.);
#9779 = VERTEX_POINT('',#9780);
#9780 = CARTESIAN_POINT('',(23.877929936306,127.41,44.984968152866));
#9781 = LINE('',#9782,#9783);
#9782 = CARTESIAN_POINT('',(23.877929936306,128.01,44.984968152866));
#9783 = VECTOR('',#9784,1.);
#9784 = DIRECTION('',(0.,-1.,0.));
#9785 = ORIENTED_EDGE('',*,*,#9786,.T.);
#9786 = EDGE_CURVE('',#9779,#9753,#9787,.T.);
#9787 = B_SPLINE_CURVE_WITH_KNOTS('',2,(#9788,#9789,#9790),
  .UNSPECIFIED.,.F.,.F.,(3,3),(0.,1.),.PIECEWISE_BEZIER_KNOTS.);
#9788 = CARTESIAN_POINT('',(23.877929936306,127.41,44.984968152866));
#9789 = CARTESIAN_POINT('',(23.849267515924,127.41,44.748407643312));
#9790 = CARTESIAN_POINT('',(23.728885350318,127.41,44.634331210191));
#9791 = ORIENTED_EDGE('',*,*,#9752,.F.);
#9792 = SURFACE_OF_LINEAR_EXTRUSION('',#9793,#9797);
#9793 = B_SPLINE_CURVE_WITH_KNOTS('',2,(#9794,#9795,#9796),
  .UNSPECIFIED.,.F.,.F.,(3,3),(0.,1.),.PIECEWISE_BEZIER_KNOTS.);
#9794 = CARTESIAN_POINT('',(23.877929936306,128.01,44.984968152866));
#9795 = CARTESIAN_POINT('',(23.849267515924,128.01,44.748407643312));
#9796 = CARTESIAN_POINT('',(23.728885350318,128.01,44.634331210191));
#9797 = VECTOR('',#9798,1.);
#9798 = DIRECTION('',(-0.,1.,-0.));
#9799 = ADVANCED_FACE('',(#9800),#9811,.T.);
#9800 = FACE_BOUND('',#9801,.T.);
#9801 = EDGE_LOOP('',(#9802,#9803,#9804,#9810));
#9802 = ORIENTED_EDGE('',*,*,#6240,.F.);
#9803 = ORIENTED_EDGE('',*,*,#9423,.T.);
#9804 = ORIENTED_EDGE('',*,*,#9805,.T.);
#9805 = EDGE_CURVE('',#9416,#9779,#9806,.T.);
#9806 = LINE('',#9807,#9808);
#9807 = CARTESIAN_POINT('',(24.657547770701,127.41,44.899363057325));
#9808 = VECTOR('',#9809,1.);
#9809 = DIRECTION('',(-0.994025520727,1.09615166021E-16,0.109147900315)
  );
#9810 = ORIENTED_EDGE('',*,*,#9778,.F.);
#9811 = PLANE('',#9812);
#9812 = AXIS2_PLACEMENT_3D('',#9813,#9814,#9815);
#9813 = CARTESIAN_POINT('',(24.657547770701,128.01,44.899363057325));
#9814 = DIRECTION('',(-0.109147900315,-0.,-0.994025520727));
#9815 = DIRECTION('',(-0.994025520727,1.09615166021E-16,0.109147900315)
  );
#9816 = ADVANCED_FACE('',(#9817),#9842,.T.);
#9817 = FACE_BOUND('',#9818,.T.);
#9818 = EDGE_LOOP('',(#9819,#9829,#9835,#9836));
#9819 = ORIENTED_EDGE('',*,*,#9820,.T.);
#9820 = EDGE_CURVE('',#9821,#9823,#9825,.T.);
#9821 = VERTEX_POINT('',#9822);
#9822 = CARTESIAN_POINT('',(46.5,125.6,46.5));
#9823 = VERTEX_POINT('',#9824);
#9824 = CARTESIAN_POINT('',(46.5,125.6,13.5));
#9825 = LINE('',#9826,#9827);
#9826 = CARTESIAN_POINT('',(46.5,125.6,7.95));
#9827 = VECTOR('',#9828,1.);
#9828 = DIRECTION('',(-0.,0.,-1.));
#9829 = ORIENTED_EDGE('',*,*,#9830,.T.);
#9830 = EDGE_CURVE('',#9823,#6498,#9831,.T.);
#9831 = LINE('',#9832,#9833);
#9832 = CARTESIAN_POINT('',(46.5,124.6,13.5));
#9833 = VECTOR('',#9834,1.);
#9834 = DIRECTION('',(-0.,1.,0.));
#9835 = ORIENTED_EDGE('',*,*,#6497,.F.);
#9836 = ORIENTED_EDGE('',*,*,#9837,.F.);
#9837 = EDGE_CURVE('',#9821,#6487,#9838,.T.);
#9838 = LINE('',#9839,#9840);
#9839 = CARTESIAN_POINT('',(46.5,124.6,46.5));
#9840 = VECTOR('',#9841,1.);
#9841 = DIRECTION('',(-0.,1.,0.));
#9842 = PLANE('',#9843);
#9843 = AXIS2_PLACEMENT_3D('',#9844,#9845,#9846);
#9844 = CARTESIAN_POINT('',(46.5,124.6,13.5));
#9845 = DIRECTION('',(1.,0.,-0.));
#9846 = DIRECTION('',(0.,0.,1.));
#9847 = ADVANCED_FACE('',(#9848),#9867,.F.);
#9848 = FACE_BOUND('',#9849,.F.);
#9849 = EDGE_LOOP('',(#9850,#9851,#9859,#9866));
#9850 = ORIENTED_EDGE('',*,*,#6505,.F.);
#9851 = ORIENTED_EDGE('',*,*,#9852,.F.);
#9852 = EDGE_CURVE('',#9853,#6506,#9855,.T.);
#9853 = VERTEX_POINT('',#9854);
#9854 = CARTESIAN_POINT('',(49.5,125.6,13.5));
#9855 = LINE('',#9856,#9857);
#9856 = CARTESIAN_POINT('',(49.5,124.6,13.5));
#9857 = VECTOR('',#9858,1.);
#9858 = DIRECTION('',(-0.,1.,0.));
#9859 = ORIENTED_EDGE('',*,*,#9860,.T.);
#9860 = EDGE_CURVE('',#9853,#9823,#9861,.T.);
#9861 = CIRCLE('',#9862,1.5);
#9862 = AXIS2_PLACEMENT_3D('',#9863,#9864,#9865);
#9863 = CARTESIAN_POINT('',(48.,125.6,13.5));
#9864 = DIRECTION('',(0.,1.,0.));
#9865 = DIRECTION('',(0.,-0.,1.));
#9866 = ORIENTED_EDGE('',*,*,#9830,.T.);
#9867 = CYLINDRICAL_SURFACE('',#9868,1.5);
#9868 = AXIS2_PLACEMENT_3D('',#9869,#9870,#9871);
#9869 = CARTESIAN_POINT('',(48.,124.6,13.5));
#9870 = DIRECTION('',(0.,1.,0.));
#9871 = DIRECTION('',(0.,-0.,1.));
#9872 = ADVANCED_FACE('',(#9873),#9891,.F.);
#9873 = FACE_BOUND('',#9874,.F.);
#9874 = EDGE_LOOP('',(#9875,#9883,#9884,#9885));
#9875 = ORIENTED_EDGE('',*,*,#9876,.T.);
#9876 = EDGE_CURVE('',#9877,#9853,#9879,.T.);
#9877 = VERTEX_POINT('',#9878);
#9878 = CARTESIAN_POINT('',(49.5,125.6,46.5));
#9879 = LINE('',#9880,#9881);
#9880 = CARTESIAN_POINT('',(49.5,125.6,7.95));
#9881 = VECTOR('',#9882,1.);
#9882 = DIRECTION('',(-0.,0.,-1.));
#9883 = ORIENTED_EDGE('',*,*,#9852,.T.);
#9884 = ORIENTED_EDGE('',*,*,#6514,.F.);
#9885 = ORIENTED_EDGE('',*,*,#9886,.F.);
#9886 = EDGE_CURVE('',#9877,#6515,#9887,.T.);
#9887 = LINE('',#9888,#9889);
#9888 = CARTESIAN_POINT('',(49.5,124.6,46.5));
#9889 = VECTOR('',#9890,1.);
#9890 = DIRECTION('',(-0.,1.,0.));
#9891 = PLANE('',#9892);
#9892 = AXIS2_PLACEMENT_3D('',#9893,#9894,#9895);
#9893 = CARTESIAN_POINT('',(49.5,124.6,13.5));
#9894 = DIRECTION('',(1.,0.,-0.));
#9895 = DIRECTION('',(0.,0.,1.));
#9896 = ADVANCED_FACE('',(#9897),#9922,.T.);
#9897 = FACE_BOUND('',#9898,.T.);
#9898 = EDGE_LOOP('',(#9899,#9909,#9915,#9916));
#9899 = ORIENTED_EDGE('',*,*,#9900,.T.);
#9900 = EDGE_CURVE('',#9901,#9903,#9905,.T.);
#9901 = VERTEX_POINT('',#9902);
#9902 = CARTESIAN_POINT('',(52.5,125.6,46.5));
#9903 = VERTEX_POINT('',#9904);
#9904 = CARTESIAN_POINT('',(52.5,125.6,13.5));
#9905 = LINE('',#9906,#9907);
#9906 = CARTESIAN_POINT('',(52.5,125.6,7.95));
#9907 = VECTOR('',#9908,1.);
#9908 = DIRECTION('',(-0.,0.,-1.));
#9909 = ORIENTED_EDGE('',*,*,#9910,.T.);
#9910 = EDGE_CURVE('',#9903,#6543,#9911,.T.);
#9911 = LINE('',#9912,#9913);
#9912 = CARTESIAN_POINT('',(52.5,124.6,13.5));
#9913 = VECTOR('',#9914,1.);
#9914 = DIRECTION('',(-0.,1.,0.));
#9915 = ORIENTED_EDGE('',*,*,#6542,.F.);
#9916 = ORIENTED_EDGE('',*,*,#9917,.F.);
#9917 = EDGE_CURVE('',#9901,#6532,#9918,.T.);
#9918 = LINE('',#9919,#9920);
#9919 = CARTESIAN_POINT('',(52.5,124.6,46.5));
#9920 = VECTOR('',#9921,1.);
#9921 = DIRECTION('',(-0.,1.,0.));
#9922 = PLANE('',#9923);
#9923 = AXIS2_PLACEMENT_3D('',#9924,#9925,#9926);
#9924 = CARTESIAN_POINT('',(52.5,124.6,13.5));
#9925 = DIRECTION('',(1.,0.,-0.));
#9926 = DIRECTION('',(0.,0.,1.));
#9927 = ADVANCED_FACE('',(#9928),#9947,.F.);
#9928 = FACE_BOUND('',#9929,.F.);
#9929 = EDGE_LOOP('',(#9930,#9931,#9939,#9946));
#9930 = ORIENTED_EDGE('',*,*,#6550,.F.);
#9931 = ORIENTED_EDGE('',*,*,#9932,.F.);
#9932 = EDGE_CURVE('',#9933,#6551,#9935,.T.);
#9933 = VERTEX_POINT('',#9934);
#9934 = CARTESIAN_POINT('',(55.5,125.6,13.5));
#9935 = LINE('',#9936,#9937);
#9936 = CARTESIAN_POINT('',(55.5,124.6,13.5));
#9937 = VECTOR('',#9938,1.);
#9938 = DIRECTION('',(-0.,1.,0.));
#9939 = ORIENTED_EDGE('',*,*,#9940,.T.);
#9940 = EDGE_CURVE('',#9933,#9903,#9941,.T.);
#9941 = CIRCLE('',#9942,1.5);
#9942 = AXIS2_PLACEMENT_3D('',#9943,#9944,#9945);
#9943 = CARTESIAN_POINT('',(54.,125.6,13.5));
#9944 = DIRECTION('',(0.,1.,0.));
#9945 = DIRECTION('',(0.,-0.,1.));
#9946 = ORIENTED_EDGE('',*,*,#9910,.T.);
#9947 = CYLINDRICAL_SURFACE('',#9948,1.5);
#9948 = AXIS2_PLACEMENT_3D('',#9949,#9950,#9951);
#9949 = CARTESIAN_POINT('',(54.,124.6,13.5));
#9950 = DIRECTION('',(0.,1.,0.));
#9951 = DIRECTION('',(0.,-0.,1.));
#9952 = ADVANCED_FACE('',(#9953),#9971,.F.);
#9953 = FACE_BOUND('',#9954,.F.);
#9954 = EDGE_LOOP('',(#9955,#9963,#9964,#9965));
#9955 = ORIENTED_EDGE('',*,*,#9956,.T.);
#9956 = EDGE_CURVE('',#9957,#9933,#9959,.T.);
#9957 = VERTEX_POINT('',#9958);
#9958 = CARTESIAN_POINT('',(55.5,125.6,46.5));
#9959 = LINE('',#9960,#9961);
#9960 = CARTESIAN_POINT('',(55.5,125.6,7.95));
#9961 = VECTOR('',#9962,1.);
#9962 = DIRECTION('',(-0.,0.,-1.));
#9963 = ORIENTED_EDGE('',*,*,#9932,.T.);
#9964 = ORIENTED_EDGE('',*,*,#6559,.F.);
#9965 = ORIENTED_EDGE('',*,*,#9966,.F.);
#9966 = EDGE_CURVE('',#9957,#6560,#9967,.T.);
#9967 = LINE('',#9968,#9969);
#9968 = CARTESIAN_POINT('',(55.5,124.6,46.5));
#9969 = VECTOR('',#9970,1.);
#9970 = DIRECTION('',(-0.,1.,0.));
#9971 = PLANE('',#9972);
#9972 = AXIS2_PLACEMENT_3D('',#9973,#9974,#9975);
#9973 = CARTESIAN_POINT('',(55.5,124.6,13.5));
#9974 = DIRECTION('',(1.,0.,-0.));
#9975 = DIRECTION('',(0.,0.,1.));
#9976 = ADVANCED_FACE('',(#9977),#10002,.T.);
#9977 = FACE_BOUND('',#9978,.T.);
#9978 = EDGE_LOOP('',(#9979,#9989,#9995,#9996));
#9979 = ORIENTED_EDGE('',*,*,#9980,.T.);
#9980 = EDGE_CURVE('',#9981,#9983,#9985,.T.);
#9981 = VERTEX_POINT('',#9982);
#9982 = CARTESIAN_POINT('',(58.5,125.6,46.5));
#9983 = VERTEX_POINT('',#9984);
#9984 = CARTESIAN_POINT('',(58.5,125.6,13.5));
#9985 = LINE('',#9986,#9987);
#9986 = CARTESIAN_POINT('',(58.5,125.6,7.95));
#9987 = VECTOR('',#9988,1.);
#9988 = DIRECTION('',(-0.,0.,-1.));
#9989 = ORIENTED_EDGE('',*,*,#9990,.T.);
#9990 = EDGE_CURVE('',#9983,#6588,#9991,.T.);
#9991 = LINE('',#9992,#9993);
#9992 = CARTESIAN_POINT('',(58.5,124.6,13.5));
#9993 = VECTOR('',#9994,1.);
#9994 = DIRECTION('',(-0.,1.,0.));
#9995 = ORIENTED_EDGE('',*,*,#6587,.F.);
#9996 = ORIENTED_EDGE('',*,*,#9997,.F.);
#9997 = EDGE_CURVE('',#9981,#6577,#9998,.T.);
#9998 = LINE('',#9999,#10000);
#9999 = CARTESIAN_POINT('',(58.5,124.6,46.5));
#10000 = VECTOR('',#10001,1.);
#10001 = DIRECTION('',(-0.,1.,0.));
#10002 = PLANE('',#10003);
#10003 = AXIS2_PLACEMENT_3D('',#10004,#10005,#10006);
#10004 = CARTESIAN_POINT('',(58.5,124.6,13.5));
#10005 = DIRECTION('',(1.,0.,-0.));
#10006 = DIRECTION('',(0.,0.,1.));
#10007 = ADVANCED_FACE('',(#10008),#10027,.F.);
#10008 = FACE_BOUND('',#10009,.F.);
#10009 = EDGE_LOOP('',(#10010,#10011,#10019,#10026));
#10010 = ORIENTED_EDGE('',*,*,#6595,.F.);
#10011 = ORIENTED_EDGE('',*,*,#10012,.F.);
#10012 = EDGE_CURVE('',#10013,#6596,#10015,.T.);
#10013 = VERTEX_POINT('',#10014);
#10014 = CARTESIAN_POINT('',(61.5,125.6,13.5));
#10015 = LINE('',#10016,#10017);
#10016 = CARTESIAN_POINT('',(61.5,124.6,13.5));
#10017 = VECTOR('',#10018,1.);
#10018 = DIRECTION('',(-0.,1.,0.));
#10019 = ORIENTED_EDGE('',*,*,#10020,.T.);
#10020 = EDGE_CURVE('',#10013,#9983,#10021,.T.);
#10021 = CIRCLE('',#10022,1.5);
#10022 = AXIS2_PLACEMENT_3D('',#10023,#10024,#10025);
#10023 = CARTESIAN_POINT('',(60.,125.6,13.5));
#10024 = DIRECTION('',(0.,1.,0.));
#10025 = DIRECTION('',(0.,-0.,1.));
#10026 = ORIENTED_EDGE('',*,*,#9990,.T.);
#10027 = CYLINDRICAL_SURFACE('',#10028,1.5);
#10028 = AXIS2_PLACEMENT_3D('',#10029,#10030,#10031);
#10029 = CARTESIAN_POINT('',(60.,124.6,13.5));
#10030 = DIRECTION('',(0.,1.,0.));
#10031 = DIRECTION('',(0.,-0.,1.));
#10032 = ADVANCED_FACE('',(#10033),#10051,.F.);
#10033 = FACE_BOUND('',#10034,.F.);
#10034 = EDGE_LOOP('',(#10035,#10043,#10044,#10045));
#10035 = ORIENTED_EDGE('',*,*,#10036,.T.);
#10036 = EDGE_CURVE('',#10037,#10013,#10039,.T.);
#10037 = VERTEX_POINT('',#10038);
#10038 = CARTESIAN_POINT('',(61.5,125.6,46.5));
#10039 = LINE('',#10040,#10041);
#10040 = CARTESIAN_POINT('',(61.5,125.6,7.95));
#10041 = VECTOR('',#10042,1.);
#10042 = DIRECTION('',(-0.,0.,-1.));
#10043 = ORIENTED_EDGE('',*,*,#10012,.T.);
#10044 = ORIENTED_EDGE('',*,*,#6604,.F.);
#10045 = ORIENTED_EDGE('',*,*,#10046,.F.);
#10046 = EDGE_CURVE('',#10037,#6605,#10047,.T.);
#10047 = LINE('',#10048,#10049);
#10048 = CARTESIAN_POINT('',(61.5,124.6,46.5));
#10049 = VECTOR('',#10050,1.);
#10050 = DIRECTION('',(-0.,1.,0.));
#10051 = PLANE('',#10052);
#10052 = AXIS2_PLACEMENT_3D('',#10053,#10054,#10055);
#10053 = CARTESIAN_POINT('',(61.5,124.6,13.5));
#10054 = DIRECTION('',(1.,0.,-0.));
#10055 = DIRECTION('',(0.,0.,1.));
#10056 = ADVANCED_FACE('',(#10057),#10082,.T.);
#10057 = FACE_BOUND('',#10058,.T.);
#10058 = EDGE_LOOP('',(#10059,#10069,#10075,#10076));
#10059 = ORIENTED_EDGE('',*,*,#10060,.T.);
#10060 = EDGE_CURVE('',#10061,#10063,#10065,.T.);
#10061 = VERTEX_POINT('',#10062);
#10062 = CARTESIAN_POINT('',(64.5,125.6,46.5));
#10063 = VERTEX_POINT('',#10064);
#10064 = CARTESIAN_POINT('',(64.5,125.6,13.5));
#10065 = LINE('',#10066,#10067);
#10066 = CARTESIAN_POINT('',(64.5,125.6,7.95));
#10067 = VECTOR('',#10068,1.);
#10068 = DIRECTION('',(-0.,0.,-1.));
#10069 = ORIENTED_EDGE('',*,*,#10070,.T.);
#10070 = EDGE_CURVE('',#10063,#6633,#10071,.T.);
#10071 = LINE('',#10072,#10073);
#10072 = CARTESIAN_POINT('',(64.5,124.6,13.5));
#10073 = VECTOR('',#10074,1.);
#10074 = DIRECTION('',(-0.,1.,0.));
#10075 = ORIENTED_EDGE('',*,*,#6632,.F.);
#10076 = ORIENTED_EDGE('',*,*,#10077,.F.);
#10077 = EDGE_CURVE('',#10061,#6622,#10078,.T.);
#10078 = LINE('',#10079,#10080);
#10079 = CARTESIAN_POINT('',(64.5,124.6,46.5));
#10080 = VECTOR('',#10081,1.);
#10081 = DIRECTION('',(-0.,1.,0.));
#10082 = PLANE('',#10083);
#10083 = AXIS2_PLACEMENT_3D('',#10084,#10085,#10086);
#10084 = CARTESIAN_POINT('',(64.5,124.6,13.5));
#10085 = DIRECTION('',(1.,0.,-0.));
#10086 = DIRECTION('',(0.,0.,1.));
#10087 = ADVANCED_FACE('',(#10088),#10107,.F.);
#10088 = FACE_BOUND('',#10089,.F.);
#10089 = EDGE_LOOP('',(#10090,#10091,#10099,#10106));
#10090 = ORIENTED_EDGE('',*,*,#6640,.F.);
#10091 = ORIENTED_EDGE('',*,*,#10092,.F.);
#10092 = EDGE_CURVE('',#10093,#6641,#10095,.T.);
#10093 = VERTEX_POINT('',#10094);
#10094 = CARTESIAN_POINT('',(67.5,125.6,13.5));
#10095 = LINE('',#10096,#10097);
#10096 = CARTESIAN_POINT('',(67.5,124.6,13.5));
#10097 = VECTOR('',#10098,1.);
#10098 = DIRECTION('',(-0.,1.,0.));
#10099 = ORIENTED_EDGE('',*,*,#10100,.T.);
#10100 = EDGE_CURVE('',#10093,#10063,#10101,.T.);
#10101 = CIRCLE('',#10102,1.5);
#10102 = AXIS2_PLACEMENT_3D('',#10103,#10104,#10105);
#10103 = CARTESIAN_POINT('',(66.,125.6,13.5));
#10104 = DIRECTION('',(0.,1.,0.));
#10105 = DIRECTION('',(0.,-0.,1.));
#10106 = ORIENTED_EDGE('',*,*,#10070,.T.);
#10107 = CYLINDRICAL_SURFACE('',#10108,1.5);
#10108 = AXIS2_PLACEMENT_3D('',#10109,#10110,#10111);
#10109 = CARTESIAN_POINT('',(66.,124.6,13.5));
#10110 = DIRECTION('',(0.,1.,0.));
#10111 = DIRECTION('',(0.,-0.,1.));
#10112 = ADVANCED_FACE('',(#10113),#10131,.F.);
#10113 = FACE_BOUND('',#10114,.F.);
#10114 = EDGE_LOOP('',(#10115,#10123,#10124,#10125));
#10115 = ORIENTED_EDGE('',*,*,#10116,.T.);
#10116 = EDGE_CURVE('',#10117,#10093,#10119,.T.);
#10117 = VERTEX_POINT('',#10118);
#10118 = CARTESIAN_POINT('',(67.5,125.6,46.5));
#10119 = LINE('',#10120,#10121);
#10120 = CARTESIAN_POINT('',(67.5,125.6,7.95));
#10121 = VECTOR('',#10122,1.);
#10122 = DIRECTION('',(-0.,0.,-1.));
#10123 = ORIENTED_EDGE('',*,*,#10092,.T.);
#10124 = ORIENTED_EDGE('',*,*,#6649,.F.);
#10125 = ORIENTED_EDGE('',*,*,#10126,.F.);
#10126 = EDGE_CURVE('',#10117,#6650,#10127,.T.);
#10127 = LINE('',#10128,#10129);
#10128 = CARTESIAN_POINT('',(67.5,124.6,46.5));
#10129 = VECTOR('',#10130,1.);
#10130 = DIRECTION('',(-0.,1.,0.));
#10131 = PLANE('',#10132);
#10132 = AXIS2_PLACEMENT_3D('',#10133,#10134,#10135);
#10133 = CARTESIAN_POINT('',(67.5,124.6,13.5));
#10134 = DIRECTION('',(1.,0.,-0.));
#10135 = DIRECTION('',(0.,0.,1.));
#10136 = ADVANCED_FACE('',(#10137),#10162,.T.);
#10137 = FACE_BOUND('',#10138,.T.);
#10138 = EDGE_LOOP('',(#10139,#10149,#10155,#10156));
#10139 = ORIENTED_EDGE('',*,*,#10140,.T.);
#10140 = EDGE_CURVE('',#10141,#10143,#10145,.T.);
#10141 = VERTEX_POINT('',#10142);
#10142 = CARTESIAN_POINT('',(70.5,125.6,46.5));
#10143 = VERTEX_POINT('',#10144);
#10144 = CARTESIAN_POINT('',(70.5,125.6,13.5));
#10145 = LINE('',#10146,#10147);
#10146 = CARTESIAN_POINT('',(70.5,125.6,7.95));
#10147 = VECTOR('',#10148,1.);
#10148 = DIRECTION('',(-0.,0.,-1.));
#10149 = ORIENTED_EDGE('',*,*,#10150,.T.);
#10150 = EDGE_CURVE('',#10143,#6678,#10151,.T.);
#10151 = LINE('',#10152,#10153);
#10152 = CARTESIAN_POINT('',(70.5,124.6,13.5));
#10153 = VECTOR('',#10154,1.);
#10154 = DIRECTION('',(-0.,1.,0.));
#10155 = ORIENTED_EDGE('',*,*,#6677,.F.);
#10156 = ORIENTED_EDGE('',*,*,#10157,.F.);
#10157 = EDGE_CURVE('',#10141,#6667,#10158,.T.);
#10158 = LINE('',#10159,#10160);
#10159 = CARTESIAN_POINT('',(70.5,124.6,46.5));
#10160 = VECTOR('',#10161,1.);
#10161 = DIRECTION('',(-0.,1.,0.));
#10162 = PLANE('',#10163);
#10163 = AXIS2_PLACEMENT_3D('',#10164,#10165,#10166);
#10164 = CARTESIAN_POINT('',(70.5,124.6,13.5));
#10165 = DIRECTION('',(1.,0.,-0.));
#10166 = DIRECTION('',(0.,0.,1.));
#10167 = ADVANCED_FACE('',(#10168),#10187,.F.);
#10168 = FACE_BOUND('',#10169,.F.);
#10169 = EDGE_LOOP('',(#10170,#10171,#10179,#10186));
#10170 = ORIENTED_EDGE('',*,*,#6685,.F.);
#10171 = ORIENTED_EDGE('',*,*,#10172,.F.);
#10172 = EDGE_CURVE('',#10173,#6686,#10175,.T.);
#10173 = VERTEX_POINT('',#10174);
#10174 = CARTESIAN_POINT('',(73.5,125.6,13.5));
#10175 = LINE('',#10176,#10177);
#10176 = CARTESIAN_POINT('',(73.5,124.6,13.5));
#10177 = VECTOR('',#10178,1.);
#10178 = DIRECTION('',(-0.,1.,0.));
#10179 = ORIENTED_EDGE('',*,*,#10180,.T.);
#10180 = EDGE_CURVE('',#10173,#10143,#10181,.T.);
#10181 = CIRCLE('',#10182,1.5);
#10182 = AXIS2_PLACEMENT_3D('',#10183,#10184,#10185);
#10183 = CARTESIAN_POINT('',(72.,125.6,13.5));
#10184 = DIRECTION('',(0.,1.,0.));
#10185 = DIRECTION('',(0.,-0.,1.));
#10186 = ORIENTED_EDGE('',*,*,#10150,.T.);
#10187 = CYLINDRICAL_SURFACE('',#10188,1.5);
#10188 = AXIS2_PLACEMENT_3D('',#10189,#10190,#10191);
#10189 = CARTESIAN_POINT('',(72.,124.6,13.5));
#10190 = DIRECTION('',(0.,1.,0.));
#10191 = DIRECTION('',(0.,-0.,1.));
#10192 = ADVANCED_FACE('',(#10193),#10211,.F.);
#10193 = FACE_BOUND('',#10194,.F.);
#10194 = EDGE_LOOP('',(#10195,#10203,#10204,#10205));
#10195 = ORIENTED_EDGE('',*,*,#10196,.T.);
#10196 = EDGE_CURVE('',#10197,#10173,#10199,.T.);
#10197 = VERTEX_POINT('',#10198);
#10198 = CARTESIAN_POINT('',(73.5,125.6,46.5));
#10199 = LINE('',#10200,#10201);
#10200 = CARTESIAN_POINT('',(73.5,125.6,7.95));
#10201 = VECTOR('',#10202,1.);
#10202 = DIRECTION('',(-0.,0.,-1.));
#10203 = ORIENTED_EDGE('',*,*,#10172,.T.);
#10204 = ORIENTED_EDGE('',*,*,#6694,.F.);
#10205 = ORIENTED_EDGE('',*,*,#10206,.F.);
#10206 = EDGE_CURVE('',#10197,#6695,#10207,.T.);
#10207 = LINE('',#10208,#10209);
#10208 = CARTESIAN_POINT('',(73.5,124.6,46.5));
#10209 = VECTOR('',#10210,1.);
#10210 = DIRECTION('',(-0.,1.,0.));
#10211 = PLANE('',#10212);
#10212 = AXIS2_PLACEMENT_3D('',#10213,#10214,#10215);
#10213 = CARTESIAN_POINT('',(73.5,124.6,13.5));
#10214 = DIRECTION('',(1.,0.,-0.));
#10215 = DIRECTION('',(0.,0.,1.));
#10216 = ADVANCED_FACE('',(#10217),#10242,.T.);
#10217 = FACE_BOUND('',#10218,.T.);
#10218 = EDGE_LOOP('',(#10219,#10229,#10235,#10236));
#10219 = ORIENTED_EDGE('',*,*,#10220,.T.);
#10220 = EDGE_CURVE('',#10221,#10223,#10225,.T.);
#10221 = VERTEX_POINT('',#10222);
#10222 = CARTESIAN_POINT('',(76.5,125.6,46.5));
#10223 = VERTEX_POINT('',#10224);
#10224 = CARTESIAN_POINT('',(76.5,125.6,13.5));
#10225 = LINE('',#10226,#10227);
#10226 = CARTESIAN_POINT('',(76.5,125.6,7.95));
#10227 = VECTOR('',#10228,1.);
#10228 = DIRECTION('',(-0.,0.,-1.));
#10229 = ORIENTED_EDGE('',*,*,#10230,.T.);
#10230 = EDGE_CURVE('',#10223,#6723,#10231,.T.);
#10231 = LINE('',#10232,#10233);
#10232 = CARTESIAN_POINT('',(76.5,124.6,13.5));
#10233 = VECTOR('',#10234,1.);
#10234 = DIRECTION('',(-0.,1.,0.));
#10235 = ORIENTED_EDGE('',*,*,#6722,.F.);
#10236 = ORIENTED_EDGE('',*,*,#10237,.F.);
#10237 = EDGE_CURVE('',#10221,#6712,#10238,.T.);
#10238 = LINE('',#10239,#10240);
#10239 = CARTESIAN_POINT('',(76.5,124.6,46.5));
#10240 = VECTOR('',#10241,1.);
#10241 = DIRECTION('',(-0.,1.,0.));
#10242 = PLANE('',#10243);
#10243 = AXIS2_PLACEMENT_3D('',#10244,#10245,#10246);
#10244 = CARTESIAN_POINT('',(76.5,124.6,13.5));
#10245 = DIRECTION('',(1.,0.,-0.));
#10246 = DIRECTION('',(0.,0.,1.));
#10247 = ADVANCED_FACE('',(#10248),#10267,.F.);
#10248 = FACE_BOUND('',#10249,.F.);
#10249 = EDGE_LOOP('',(#10250,#10251,#10259,#10266));
#10250 = ORIENTED_EDGE('',*,*,#6730,.F.);
#10251 = ORIENTED_EDGE('',*,*,#10252,.F.);
#10252 = EDGE_CURVE('',#10253,#6731,#10255,.T.);
#10253 = VERTEX_POINT('',#10254);
#10254 = CARTESIAN_POINT('',(79.5,125.6,13.5));
#10255 = LINE('',#10256,#10257);
#10256 = CARTESIAN_POINT('',(79.5,124.6,13.5));
#10257 = VECTOR('',#10258,1.);
#10258 = DIRECTION('',(-0.,1.,0.));
#10259 = ORIENTED_EDGE('',*,*,#10260,.T.);
#10260 = EDGE_CURVE('',#10253,#10223,#10261,.T.);
#10261 = CIRCLE('',#10262,1.5);
#10262 = AXIS2_PLACEMENT_3D('',#10263,#10264,#10265);
#10263 = CARTESIAN_POINT('',(78.,125.6,13.5));
#10264 = DIRECTION('',(0.,1.,0.));
#10265 = DIRECTION('',(0.,-0.,1.));
#10266 = ORIENTED_EDGE('',*,*,#10230,.T.);
#10267 = CYLINDRICAL_SURFACE('',#10268,1.5);
#10268 = AXIS2_PLACEMENT_3D('',#10269,#10270,#10271);
#10269 = CARTESIAN_POINT('',(78.,124.6,13.5));
#10270 = DIRECTION('',(0.,1.,0.));
#10271 = DIRECTION('',(0.,-0.,1.));
#10272 = ADVANCED_FACE('',(#10273),#10291,.F.);
#10273 = FACE_BOUND('',#10274,.F.);
#10274 = EDGE_LOOP('',(#10275,#10283,#10284,#10285));
#10275 = ORIENTED_EDGE('',*,*,#10276,.T.);
#10276 = EDGE_CURVE('',#10277,#10253,#10279,.T.);
#10277 = VERTEX_POINT('',#10278);
#10278 = CARTESIAN_POINT('',(79.5,125.6,46.5));
#10279 = LINE('',#10280,#10281);
#10280 = CARTESIAN_POINT('',(79.5,125.6,7.95));
#10281 = VECTOR('',#10282,1.);
#10282 = DIRECTION('',(-0.,0.,-1.));
#10283 = ORIENTED_EDGE('',*,*,#10252,.T.);
#10284 = ORIENTED_EDGE('',*,*,#6739,.F.);
#10285 = ORIENTED_EDGE('',*,*,#10286,.F.);
#10286 = EDGE_CURVE('',#10277,#6740,#10287,.T.);
#10287 = LINE('',#10288,#10289);
#10288 = CARTESIAN_POINT('',(79.5,124.6,46.5));
#10289 = VECTOR('',#10290,1.);
#10290 = DIRECTION('',(-0.,1.,0.));
#10291 = PLANE('',#10292);
#10292 = AXIS2_PLACEMENT_3D('',#10293,#10294,#10295);
#10293 = CARTESIAN_POINT('',(79.5,124.6,13.5));
#10294 = DIRECTION('',(1.,0.,-0.));
#10295 = DIRECTION('',(0.,0.,1.));
#10296 = ADVANCED_FACE('',(#10297),#10323,.F.);
#10297 = FACE_BOUND('',#10298,.F.);
#10298 = EDGE_LOOP('',(#10299,#10300,#10308,#10317));
#10299 = ORIENTED_EDGE('',*,*,#6830,.F.);
#10300 = ORIENTED_EDGE('',*,*,#10301,.F.);
#10301 = EDGE_CURVE('',#10302,#6831,#10304,.T.);
#10302 = VERTEX_POINT('',#10303);
#10303 = CARTESIAN_POINT('',(95.6,102.5,17.5));
#10304 = LINE('',#10305,#10306);
#10305 = CARTESIAN_POINT('',(94.6,102.5,17.5));
#10306 = VECTOR('',#10307,1.);
#10307 = DIRECTION('',(1.,0.,-0.));
#10308 = ORIENTED_EDGE('',*,*,#10309,.T.);
#10309 = EDGE_CURVE('',#10302,#10310,#10312,.T.);
#10310 = VERTEX_POINT('',#10311);
#10311 = CARTESIAN_POINT('',(95.6,105.5,17.5));
#10312 = CIRCLE('',#10313,1.5);
#10313 = AXIS2_PLACEMENT_3D('',#10314,#10315,#10316);
#10314 = CARTESIAN_POINT('',(95.6,104.,17.5));
#10315 = DIRECTION('',(1.,0.,0.));
#10316 = DIRECTION('',(-0.,0.,1.));
#10317 = ORIENTED_EDGE('',*,*,#10318,.T.);
#10318 = EDGE_CURVE('',#10310,#6833,#10319,.T.);
#10319 = LINE('',#10320,#10321);
#10320 = CARTESIAN_POINT('',(94.6,105.5,17.5));
#10321 = VECTOR('',#10322,1.);
#10322 = DIRECTION('',(1.,0.,-0.));
#10323 = CYLINDRICAL_SURFACE('',#10324,1.5);
#10324 = AXIS2_PLACEMENT_3D('',#10325,#10326,#10327);
#10325 = CARTESIAN_POINT('',(94.6,104.,17.5));
#10326 = DIRECTION('',(1.,0.,0.));
#10327 = DIRECTION('',(-0.,0.,1.));
#10328 = ADVANCED_FACE('',(#10329),#10347,.F.);
#10329 = FACE_BOUND('',#10330,.F.);
#10330 = EDGE_LOOP('',(#10331,#10332,#10340,#10346));
#10331 = ORIENTED_EDGE('',*,*,#10318,.F.);
#10332 = ORIENTED_EDGE('',*,*,#10333,.T.);
#10333 = EDGE_CURVE('',#10310,#10334,#10336,.T.);
#10334 = VERTEX_POINT('',#10335);
#10335 = CARTESIAN_POINT('',(95.6,105.5,42.5));
#10336 = LINE('',#10337,#10338);
#10337 = CARTESIAN_POINT('',(95.6,105.5,9.95));
#10338 = VECTOR('',#10339,1.);
#10339 = DIRECTION('',(0.,0.,1.));
#10340 = ORIENTED_EDGE('',*,*,#10341,.T.);
#10341 = EDGE_CURVE('',#10334,#6859,#10342,.T.);
#10342 = LINE('',#10343,#10344);
#10343 = CARTESIAN_POINT('',(94.6,105.5,42.5));
#10344 = VECTOR('',#10345,1.);
#10345 = DIRECTION('',(1.,0.,-0.));
#10346 = ORIENTED_EDGE('',*,*,#6867,.F.);
#10347 = PLANE('',#10348);
#10348 = AXIS2_PLACEMENT_3D('',#10349,#10350,#10351);
#10349 = CARTESIAN_POINT('',(94.6,105.5,17.5));
#10350 = DIRECTION('',(-0.,1.,0.));
#10351 = DIRECTION('',(0.,0.,1.));
#10352 = ADVANCED_FACE('',(#10353),#10371,.T.);
#10353 = FACE_BOUND('',#10354,.T.);
#10354 = EDGE_LOOP('',(#10355,#10356,#10364,#10370));
#10355 = ORIENTED_EDGE('',*,*,#10301,.F.);
#10356 = ORIENTED_EDGE('',*,*,#10357,.T.);
#10357 = EDGE_CURVE('',#10302,#10358,#10360,.T.);
#10358 = VERTEX_POINT('',#10359);
#10359 = CARTESIAN_POINT('',(95.6,102.5,42.5));
#10360 = LINE('',#10361,#10362);
#10361 = CARTESIAN_POINT('',(95.6,102.5,9.95));
#10362 = VECTOR('',#10363,1.);
#10363 = DIRECTION('',(0.,0.,1.));
#10364 = ORIENTED_EDGE('',*,*,#10365,.T.);
#10365 = EDGE_CURVE('',#10358,#6842,#10366,.T.);
#10366 = LINE('',#10367,#10368);
#10367 = CARTESIAN_POINT('',(94.6,102.5,42.5));
#10368 = VECTOR('',#10369,1.);
#10369 = DIRECTION('',(1.,0.,-0.));
#10370 = ORIENTED_EDGE('',*,*,#6841,.F.);
#10371 = PLANE('',#10372);
#10372 = AXIS2_PLACEMENT_3D('',#10373,#10374,#10375);
#10373 = CARTESIAN_POINT('',(94.6,102.5,17.5));
#10374 = DIRECTION('',(-0.,1.,0.));
#10375 = DIRECTION('',(0.,0.,1.));
#10376 = ADVANCED_FACE('',(#10377),#10403,.F.);
#10377 = FACE_BOUND('',#10378,.F.);
#10378 = EDGE_LOOP('',(#10379,#10380,#10388,#10397));
#10379 = ORIENTED_EDGE('',*,*,#6875,.F.);
#10380 = ORIENTED_EDGE('',*,*,#10381,.F.);
#10381 = EDGE_CURVE('',#10382,#6876,#10384,.T.);
#10382 = VERTEX_POINT('',#10383);
#10383 = CARTESIAN_POINT('',(95.6,96.5,17.5));
#10384 = LINE('',#10385,#10386);
#10385 = CARTESIAN_POINT('',(94.6,96.5,17.5));
#10386 = VECTOR('',#10387,1.);
#10387 = DIRECTION('',(1.,0.,-0.));
#10388 = ORIENTED_EDGE('',*,*,#10389,.T.);
#10389 = EDGE_CURVE('',#10382,#10390,#10392,.T.);
#10390 = VERTEX_POINT('',#10391);
#10391 = CARTESIAN_POINT('',(95.6,99.5,17.5));
#10392 = CIRCLE('',#10393,1.5);
#10393 = AXIS2_PLACEMENT_3D('',#10394,#10395,#10396);
#10394 = CARTESIAN_POINT('',(95.6,98.,17.5));
#10395 = DIRECTION('',(1.,0.,0.));
#10396 = DIRECTION('',(-0.,0.,1.));
#10397 = ORIENTED_EDGE('',*,*,#10398,.T.);
#10398 = EDGE_CURVE('',#10390,#6878,#10399,.T.);
#10399 = LINE('',#10400,#10401);
#10400 = CARTESIAN_POINT('',(94.6,99.5,17.5));
#10401 = VECTOR('',#10402,1.);
#10402 = DIRECTION('',(1.,0.,-0.));
#10403 = CYLINDRICAL_SURFACE('',#10404,1.5);
#10404 = AXIS2_PLACEMENT_3D('',#10405,#10406,#10407);
#10405 = CARTESIAN_POINT('',(94.6,98.,17.5));
#10406 = DIRECTION('',(1.,0.,0.));
#10407 = DIRECTION('',(-0.,0.,1.));
#10408 = ADVANCED_FACE('',(#10409),#10427,.F.);
#10409 = FACE_BOUND('',#10410,.F.);
#10410 = EDGE_LOOP('',(#10411,#10412,#10420,#10426));
#10411 = ORIENTED_EDGE('',*,*,#10398,.F.);
#10412 = ORIENTED_EDGE('',*,*,#10413,.T.);
#10413 = EDGE_CURVE('',#10390,#10414,#10416,.T.);
#10414 = VERTEX_POINT('',#10415);
#10415 = CARTESIAN_POINT('',(95.6,99.5,42.5));
#10416 = LINE('',#10417,#10418);
#10417 = CARTESIAN_POINT('',(95.6,99.5,9.95));
#10418 = VECTOR('',#10419,1.);
#10419 = DIRECTION('',(0.,0.,1.));
#10420 = ORIENTED_EDGE('',*,*,#10421,.T.);
#10421 = EDGE_CURVE('',#10414,#6904,#10422,.T.);
#10422 = LINE('',#10423,#10424);
#10423 = CARTESIAN_POINT('',(94.6,99.5,42.5));
#10424 = VECTOR('',#10425,1.);
#10425 = DIRECTION('',(1.,0.,-0.));
#10426 = ORIENTED_EDGE('',*,*,#6912,.F.);
#10427 = PLANE('',#10428);
#10428 = AXIS2_PLACEMENT_3D('',#10429,#10430,#10431);
#10429 = CARTESIAN_POINT('',(94.6,99.5,17.5));
#10430 = DIRECTION('',(-0.,1.,0.));
#10431 = DIRECTION('',(0.,0.,1.));
#10432 = ADVANCED_FACE('',(#10433),#10451,.T.);
#10433 = FACE_BOUND('',#10434,.T.);
#10434 = EDGE_LOOP('',(#10435,#10436,#10444,#10450));
#10435 = ORIENTED_EDGE('',*,*,#10381,.F.);
#10436 = ORIENTED_EDGE('',*,*,#10437,.T.);
#10437 = EDGE_CURVE('',#10382,#10438,#10440,.T.);
#10438 = VERTEX_POINT('',#10439);
#10439 = CARTESIAN_POINT('',(95.6,96.5,42.5));
#10440 = LINE('',#10441,#10442);
#10441 = CARTESIAN_POINT('',(95.6,96.5,9.95));
#10442 = VECTOR('',#10443,1.);
#10443 = DIRECTION('',(0.,0.,1.));
#10444 = ORIENTED_EDGE('',*,*,#10445,.T.);
#10445 = EDGE_CURVE('',#10438,#6887,#10446,.T.);
#10446 = LINE('',#10447,#10448);
#10447 = CARTESIAN_POINT('',(94.6,96.5,42.5));
#10448 = VECTOR('',#10449,1.);
#10449 = DIRECTION('',(1.,0.,-0.));
#10450 = ORIENTED_EDGE('',*,*,#6886,.F.);
#10451 = PLANE('',#10452);
#10452 = AXIS2_PLACEMENT_3D('',#10453,#10454,#10455);
#10453 = CARTESIAN_POINT('',(94.6,96.5,17.5));
#10454 = DIRECTION('',(-0.,1.,0.));
#10455 = DIRECTION('',(0.,0.,1.));
#10456 = ADVANCED_FACE('',(#10457),#10483,.F.);
#10457 = FACE_BOUND('',#10458,.F.);
#10458 = EDGE_LOOP('',(#10459,#10460,#10468,#10477));
#10459 = ORIENTED_EDGE('',*,*,#6920,.F.);
#10460 = ORIENTED_EDGE('',*,*,#10461,.F.);
#10461 = EDGE_CURVE('',#10462,#6921,#10464,.T.);
#10462 = VERTEX_POINT('',#10463);
#10463 = CARTESIAN_POINT('',(95.6,90.5,17.5));
#10464 = LINE('',#10465,#10466);
#10465 = CARTESIAN_POINT('',(94.6,90.5,17.5));
#10466 = VECTOR('',#10467,1.);
#10467 = DIRECTION('',(1.,0.,-0.));
#10468 = ORIENTED_EDGE('',*,*,#10469,.T.);
#10469 = EDGE_CURVE('',#10462,#10470,#10472,.T.);
#10470 = VERTEX_POINT('',#10471);
#10471 = CARTESIAN_POINT('',(95.6,93.5,17.5));
#10472 = CIRCLE('',#10473,1.5);
#10473 = AXIS2_PLACEMENT_3D('',#10474,#10475,#10476);
#10474 = CARTESIAN_POINT('',(95.6,92.,17.5));
#10475 = DIRECTION('',(1.,0.,0.));
#10476 = DIRECTION('',(-0.,0.,1.));
#10477 = ORIENTED_EDGE('',*,*,#10478,.T.);
#10478 = EDGE_CURVE('',#10470,#6923,#10479,.T.);
#10479 = LINE('',#10480,#10481);
#10480 = CARTESIAN_POINT('',(94.6,93.5,17.5));
#10481 = VECTOR('',#10482,1.);
#10482 = DIRECTION('',(1.,0.,-0.));
#10483 = CYLINDRICAL_SURFACE('',#10484,1.5);
#10484 = AXIS2_PLACEMENT_3D('',#10485,#10486,#10487);
#10485 = CARTESIAN_POINT('',(94.6,92.,17.5));
#10486 = DIRECTION('',(1.,0.,0.));
#10487 = DIRECTION('',(-0.,0.,1.));
#10488 = ADVANCED_FACE('',(#10489),#10507,.F.);
#10489 = FACE_BOUND('',#10490,.F.);
#10490 = EDGE_LOOP('',(#10491,#10492,#10500,#10506));
#10491 = ORIENTED_EDGE('',*,*,#10478,.F.);
#10492 = ORIENTED_EDGE('',*,*,#10493,.T.);
#10493 = EDGE_CURVE('',#10470,#10494,#10496,.T.);
#10494 = VERTEX_POINT('',#10495);
#10495 = CARTESIAN_POINT('',(95.6,93.5,42.5));
#10496 = LINE('',#10497,#10498);
#10497 = CARTESIAN_POINT('',(95.6,93.5,9.95));
#10498 = VECTOR('',#10499,1.);
#10499 = DIRECTION('',(0.,0.,1.));
#10500 = ORIENTED_EDGE('',*,*,#10501,.T.);
#10501 = EDGE_CURVE('',#10494,#6949,#10502,.T.);
#10502 = LINE('',#10503,#10504);
#10503 = CARTESIAN_POINT('',(94.6,93.5,42.5));
#10504 = VECTOR('',#10505,1.);
#10505 = DIRECTION('',(1.,0.,-0.));
#10506 = ORIENTED_EDGE('',*,*,#6957,.F.);
#10507 = PLANE('',#10508);
#10508 = AXIS2_PLACEMENT_3D('',#10509,#10510,#10511);
#10509 = CARTESIAN_POINT('',(94.6,93.5,17.5));
#10510 = DIRECTION('',(-0.,1.,0.));
#10511 = DIRECTION('',(0.,0.,1.));
#10512 = ADVANCED_FACE('',(#10513),#10531,.T.);
#10513 = FACE_BOUND('',#10514,.T.);
#10514 = EDGE_LOOP('',(#10515,#10516,#10524,#10530));
#10515 = ORIENTED_EDGE('',*,*,#10461,.F.);
#10516 = ORIENTED_EDGE('',*,*,#10517,.T.);
#10517 = EDGE_CURVE('',#10462,#10518,#10520,.T.);
#10518 = VERTEX_POINT('',#10519);
#10519 = CARTESIAN_POINT('',(95.6,90.5,42.5));
#10520 = LINE('',#10521,#10522);
#10521 = CARTESIAN_POINT('',(95.6,90.5,9.95));
#10522 = VECTOR('',#10523,1.);
#10523 = DIRECTION('',(0.,0.,1.));
#10524 = ORIENTED_EDGE('',*,*,#10525,.T.);
#10525 = EDGE_CURVE('',#10518,#6932,#10526,.T.);
#10526 = LINE('',#10527,#10528);
#10527 = CARTESIAN_POINT('',(94.6,90.5,42.5));
#10528 = VECTOR('',#10529,1.);
#10529 = DIRECTION('',(1.,0.,-0.));
#10530 = ORIENTED_EDGE('',*,*,#6931,.F.);
#10531 = PLANE('',#10532);
#10532 = AXIS2_PLACEMENT_3D('',#10533,#10534,#10535);
#10533 = CARTESIAN_POINT('',(94.6,90.5,17.5));
#10534 = DIRECTION('',(-0.,1.,0.));
#10535 = DIRECTION('',(0.,0.,1.));
#10536 = ADVANCED_FACE('',(#10537),#10563,.F.);
#10537 = FACE_BOUND('',#10538,.F.);
#10538 = EDGE_LOOP('',(#10539,#10540,#10548,#10557));
#10539 = ORIENTED_EDGE('',*,*,#6965,.F.);
#10540 = ORIENTED_EDGE('',*,*,#10541,.F.);
#10541 = EDGE_CURVE('',#10542,#6966,#10544,.T.);
#10542 = VERTEX_POINT('',#10543);
#10543 = CARTESIAN_POINT('',(95.6,84.5,17.5));
#10544 = LINE('',#10545,#10546);
#10545 = CARTESIAN_POINT('',(94.6,84.5,17.5));
#10546 = VECTOR('',#10547,1.);
#10547 = DIRECTION('',(1.,0.,-0.));
#10548 = ORIENTED_EDGE('',*,*,#10549,.T.);
#10549 = EDGE_CURVE('',#10542,#10550,#10552,.T.);
#10550 = VERTEX_POINT('',#10551);
#10551 = CARTESIAN_POINT('',(95.6,87.5,17.5));
#10552 = CIRCLE('',#10553,1.5);
#10553 = AXIS2_PLACEMENT_3D('',#10554,#10555,#10556);
#10554 = CARTESIAN_POINT('',(95.6,86.,17.5));
#10555 = DIRECTION('',(1.,0.,0.));
#10556 = DIRECTION('',(-0.,0.,1.));
#10557 = ORIENTED_EDGE('',*,*,#10558,.T.);
#10558 = EDGE_CURVE('',#10550,#6968,#10559,.T.);
#10559 = LINE('',#10560,#10561);
#10560 = CARTESIAN_POINT('',(94.6,87.5,17.5));
#10561 = VECTOR('',#10562,1.);
#10562 = DIRECTION('',(1.,0.,-0.));
#10563 = CYLINDRICAL_SURFACE('',#10564,1.5);
#10564 = AXIS2_PLACEMENT_3D('',#10565,#10566,#10567);
#10565 = CARTESIAN_POINT('',(94.6,86.,17.5));
#10566 = DIRECTION('',(1.,0.,0.));
#10567 = DIRECTION('',(-0.,0.,1.));
#10568 = ADVANCED_FACE('',(#10569),#10587,.F.);
#10569 = FACE_BOUND('',#10570,.F.);
#10570 = EDGE_LOOP('',(#10571,#10572,#10580,#10586));
#10571 = ORIENTED_EDGE('',*,*,#10558,.F.);
#10572 = ORIENTED_EDGE('',*,*,#10573,.T.);
#10573 = EDGE_CURVE('',#10550,#10574,#10576,.T.);
#10574 = VERTEX_POINT('',#10575);
#10575 = CARTESIAN_POINT('',(95.6,87.5,42.5));
#10576 = LINE('',#10577,#10578);
#10577 = CARTESIAN_POINT('',(95.6,87.5,9.95));
#10578 = VECTOR('',#10579,1.);
#10579 = DIRECTION('',(0.,0.,1.));
#10580 = ORIENTED_EDGE('',*,*,#10581,.T.);
#10581 = EDGE_CURVE('',#10574,#6994,#10582,.T.);
#10582 = LINE('',#10583,#10584);
#10583 = CARTESIAN_POINT('',(94.6,87.5,42.5));
#10584 = VECTOR('',#10585,1.);
#10585 = DIRECTION('',(1.,0.,-0.));
#10586 = ORIENTED_EDGE('',*,*,#7002,.F.);
#10587 = PLANE('',#10588);
#10588 = AXIS2_PLACEMENT_3D('',#10589,#10590,#10591);
#10589 = CARTESIAN_POINT('',(94.6,87.5,17.5));
#10590 = DIRECTION('',(-0.,1.,0.));
#10591 = DIRECTION('',(0.,0.,1.));
#10592 = ADVANCED_FACE('',(#10593),#10611,.T.);
#10593 = FACE_BOUND('',#10594,.T.);
#10594 = EDGE_LOOP('',(#10595,#10596,#10604,#10610));
#10595 = ORIENTED_EDGE('',*,*,#10541,.F.);
#10596 = ORIENTED_EDGE('',*,*,#10597,.T.);
#10597 = EDGE_CURVE('',#10542,#10598,#10600,.T.);
#10598 = VERTEX_POINT('',#10599);
#10599 = CARTESIAN_POINT('',(95.6,84.5,42.5));
#10600 = LINE('',#10601,#10602);
#10601 = CARTESIAN_POINT('',(95.6,84.5,9.95));
#10602 = VECTOR('',#10603,1.);
#10603 = DIRECTION('',(0.,0.,1.));
#10604 = ORIENTED_EDGE('',*,*,#10605,.T.);
#10605 = EDGE_CURVE('',#10598,#6977,#10606,.T.);
#10606 = LINE('',#10607,#10608);
#10607 = CARTESIAN_POINT('',(94.6,84.5,42.5));
#10608 = VECTOR('',#10609,1.);
#10609 = DIRECTION('',(1.,0.,-0.));
#10610 = ORIENTED_EDGE('',*,*,#6976,.F.);
#10611 = PLANE('',#10612);
#10612 = AXIS2_PLACEMENT_3D('',#10613,#10614,#10615);
#10613 = CARTESIAN_POINT('',(94.6,84.5,17.5));
#10614 = DIRECTION('',(-0.,1.,0.));
#10615 = DIRECTION('',(0.,0.,1.));
#10616 = ADVANCED_FACE('',(#10617),#10643,.F.);
#10617 = FACE_BOUND('',#10618,.F.);
#10618 = EDGE_LOOP('',(#10619,#10620,#10628,#10637));
#10619 = ORIENTED_EDGE('',*,*,#7010,.F.);
#10620 = ORIENTED_EDGE('',*,*,#10621,.F.);
#10621 = EDGE_CURVE('',#10622,#7011,#10624,.T.);
#10622 = VERTEX_POINT('',#10623);
#10623 = CARTESIAN_POINT('',(95.6,78.5,17.5));
#10624 = LINE('',#10625,#10626);
#10625 = CARTESIAN_POINT('',(94.6,78.5,17.5));
#10626 = VECTOR('',#10627,1.);
#10627 = DIRECTION('',(1.,0.,-0.));
#10628 = ORIENTED_EDGE('',*,*,#10629,.T.);
#10629 = EDGE_CURVE('',#10622,#10630,#10632,.T.);
#10630 = VERTEX_POINT('',#10631);
#10631 = CARTESIAN_POINT('',(95.6,81.5,17.5));
#10632 = CIRCLE('',#10633,1.5);
#10633 = AXIS2_PLACEMENT_3D('',#10634,#10635,#10636);
#10634 = CARTESIAN_POINT('',(95.6,80.,17.5));
#10635 = DIRECTION('',(1.,0.,0.));
#10636 = DIRECTION('',(-0.,0.,1.));
#10637 = ORIENTED_EDGE('',*,*,#10638,.T.);
#10638 = EDGE_CURVE('',#10630,#7013,#10639,.T.);
#10639 = LINE('',#10640,#10641);
#10640 = CARTESIAN_POINT('',(94.6,81.5,17.5));
#10641 = VECTOR('',#10642,1.);
#10642 = DIRECTION('',(1.,0.,-0.));
#10643 = CYLINDRICAL_SURFACE('',#10644,1.5);
#10644 = AXIS2_PLACEMENT_3D('',#10645,#10646,#10647);
#10645 = CARTESIAN_POINT('',(94.6,80.,17.5));
#10646 = DIRECTION('',(1.,0.,0.));
#10647 = DIRECTION('',(-0.,0.,1.));
#10648 = ADVANCED_FACE('',(#10649),#10667,.F.);
#10649 = FACE_BOUND('',#10650,.F.);
#10650 = EDGE_LOOP('',(#10651,#10652,#10660,#10666));
#10651 = ORIENTED_EDGE('',*,*,#10638,.F.);
#10652 = ORIENTED_EDGE('',*,*,#10653,.T.);
#10653 = EDGE_CURVE('',#10630,#10654,#10656,.T.);
#10654 = VERTEX_POINT('',#10655);
#10655 = CARTESIAN_POINT('',(95.6,81.5,42.5));
#10656 = LINE('',#10657,#10658);
#10657 = CARTESIAN_POINT('',(95.6,81.5,9.95));
#10658 = VECTOR('',#10659,1.);
#10659 = DIRECTION('',(0.,0.,1.));
#10660 = ORIENTED_EDGE('',*,*,#10661,.T.);
#10661 = EDGE_CURVE('',#10654,#7039,#10662,.T.);
#10662 = LINE('',#10663,#10664);
#10663 = CARTESIAN_POINT('',(94.6,81.5,42.5));
#10664 = VECTOR('',#10665,1.);
#10665 = DIRECTION('',(1.,0.,-0.));
#10666 = ORIENTED_EDGE('',*,*,#7047,.F.);
#10667 = PLANE('',#10668);
#10668 = AXIS2_PLACEMENT_3D('',#10669,#10670,#10671);
#10669 = CARTESIAN_POINT('',(94.6,81.5,17.5));
#10670 = DIRECTION('',(-0.,1.,0.));
#10671 = DIRECTION('',(0.,0.,1.));
#10672 = ADVANCED_FACE('',(#10673),#10691,.T.);
#10673 = FACE_BOUND('',#10674,.T.);
#10674 = EDGE_LOOP('',(#10675,#10676,#10684,#10690));
#10675 = ORIENTED_EDGE('',*,*,#10621,.F.);
#10676 = ORIENTED_EDGE('',*,*,#10677,.T.);
#10677 = EDGE_CURVE('',#10622,#10678,#10680,.T.);
#10678 = VERTEX_POINT('',#10679);
#10679 = CARTESIAN_POINT('',(95.6,78.5,42.5));
#10680 = LINE('',#10681,#10682);
#10681 = CARTESIAN_POINT('',(95.6,78.5,9.95));
#10682 = VECTOR('',#10683,1.);
#10683 = DIRECTION('',(0.,0.,1.));
#10684 = ORIENTED_EDGE('',*,*,#10685,.T.);
#10685 = EDGE_CURVE('',#10678,#7022,#10686,.T.);
#10686 = LINE('',#10687,#10688);
#10687 = CARTESIAN_POINT('',(94.6,78.5,42.5));
#10688 = VECTOR('',#10689,1.);
#10689 = DIRECTION('',(1.,0.,-0.));
#10690 = ORIENTED_EDGE('',*,*,#7021,.F.);
#10691 = PLANE('',#10692);
#10692 = AXIS2_PLACEMENT_3D('',#10693,#10694,#10695);
#10693 = CARTESIAN_POINT('',(94.6,78.5,17.5));
#10694 = DIRECTION('',(-0.,1.,0.));
#10695 = DIRECTION('',(0.,0.,1.));
#10696 = ADVANCED_FACE('',(#10697),#10723,.F.);
#10697 = FACE_BOUND('',#10698,.F.);
#10698 = EDGE_LOOP('',(#10699,#10700,#10708,#10717));
#10699 = ORIENTED_EDGE('',*,*,#7055,.F.);
#10700 = ORIENTED_EDGE('',*,*,#10701,.F.);
#10701 = EDGE_CURVE('',#10702,#7056,#10704,.T.);
#10702 = VERTEX_POINT('',#10703);
#10703 = CARTESIAN_POINT('',(95.6,72.5,17.5));
#10704 = LINE('',#10705,#10706);
#10705 = CARTESIAN_POINT('',(94.6,72.5,17.5));
#10706 = VECTOR('',#10707,1.);
#10707 = DIRECTION('',(1.,0.,-0.));
#10708 = ORIENTED_EDGE('',*,*,#10709,.T.);
#10709 = EDGE_CURVE('',#10702,#10710,#10712,.T.);
#10710 = VERTEX_POINT('',#10711);
#10711 = CARTESIAN_POINT('',(95.6,75.5,17.5));
#10712 = CIRCLE('',#10713,1.5);
#10713 = AXIS2_PLACEMENT_3D('',#10714,#10715,#10716);
#10714 = CARTESIAN_POINT('',(95.6,74.,17.5));
#10715 = DIRECTION('',(1.,0.,0.));
#10716 = DIRECTION('',(-0.,0.,1.));
#10717 = ORIENTED_EDGE('',*,*,#10718,.T.);
#10718 = EDGE_CURVE('',#10710,#7058,#10719,.T.);
#10719 = LINE('',#10720,#10721);
#10720 = CARTESIAN_POINT('',(94.6,75.5,17.5));
#10721 = VECTOR('',#10722,1.);
#10722 = DIRECTION('',(1.,0.,-0.));
#10723 = CYLINDRICAL_SURFACE('',#10724,1.5);
#10724 = AXIS2_PLACEMENT_3D('',#10725,#10726,#10727);
#10725 = CARTESIAN_POINT('',(94.6,74.,17.5));
#10726 = DIRECTION('',(1.,0.,0.));
#10727 = DIRECTION('',(-0.,0.,1.));
#10728 = ADVANCED_FACE('',(#10729),#10747,.F.);
#10729 = FACE_BOUND('',#10730,.F.);
#10730 = EDGE_LOOP('',(#10731,#10732,#10740,#10746));
#10731 = ORIENTED_EDGE('',*,*,#10718,.F.);
#10732 = ORIENTED_EDGE('',*,*,#10733,.T.);
#10733 = EDGE_CURVE('',#10710,#10734,#10736,.T.);
#10734 = VERTEX_POINT('',#10735);
#10735 = CARTESIAN_POINT('',(95.6,75.5,42.5));
#10736 = LINE('',#10737,#10738);
#10737 = CARTESIAN_POINT('',(95.6,75.5,9.95));
#10738 = VECTOR('',#10739,1.);
#10739 = DIRECTION('',(0.,0.,1.));
#10740 = ORIENTED_EDGE('',*,*,#10741,.T.);
#10741 = EDGE_CURVE('',#10734,#7084,#10742,.T.);
#10742 = LINE('',#10743,#10744);
#10743 = CARTESIAN_POINT('',(94.6,75.5,42.5));
#10744 = VECTOR('',#10745,1.);
#10745 = DIRECTION('',(1.,0.,-0.));
#10746 = ORIENTED_EDGE('',*,*,#7092,.F.);
#10747 = PLANE('',#10748);
#10748 = AXIS2_PLACEMENT_3D('',#10749,#10750,#10751);
#10749 = CARTESIAN_POINT('',(94.6,75.5,17.5));
#10750 = DIRECTION('',(-0.,1.,0.));
#10751 = DIRECTION('',(0.,0.,1.));
#10752 = ADVANCED_FACE('',(#10753),#10771,.T.);
#10753 = FACE_BOUND('',#10754,.T.);
#10754 = EDGE_LOOP('',(#10755,#10756,#10764,#10770));
#10755 = ORIENTED_EDGE('',*,*,#10701,.F.);
#10756 = ORIENTED_EDGE('',*,*,#10757,.T.);
#10757 = EDGE_CURVE('',#10702,#10758,#10760,.T.);
#10758 = VERTEX_POINT('',#10759);
#10759 = CARTESIAN_POINT('',(95.6,72.5,42.5));
#10760 = LINE('',#10761,#10762);
#10761 = CARTESIAN_POINT('',(95.6,72.5,9.95));
#10762 = VECTOR('',#10763,1.);
#10763 = DIRECTION('',(0.,0.,1.));
#10764 = ORIENTED_EDGE('',*,*,#10765,.T.);
#10765 = EDGE_CURVE('',#10758,#7067,#10766,.T.);
#10766 = LINE('',#10767,#10768);
#10767 = CARTESIAN_POINT('',(94.6,72.5,42.5));
#10768 = VECTOR('',#10769,1.);
#10769 = DIRECTION('',(1.,0.,-0.));
#10770 = ORIENTED_EDGE('',*,*,#7066,.F.);
#10771 = PLANE('',#10772);
#10772 = AXIS2_PLACEMENT_3D('',#10773,#10774,#10775);
#10773 = CARTESIAN_POINT('',(94.6,72.5,17.5));
#10774 = DIRECTION('',(-0.,1.,0.));
#10775 = DIRECTION('',(0.,0.,1.));
#10776 = ADVANCED_FACE('',(#10777),#10803,.F.);
#10777 = FACE_BOUND('',#10778,.F.);
#10778 = EDGE_LOOP('',(#10779,#10780,#10788,#10797));
#10779 = ORIENTED_EDGE('',*,*,#7100,.F.);
#10780 = ORIENTED_EDGE('',*,*,#10781,.F.);
#10781 = EDGE_CURVE('',#10782,#7101,#10784,.T.);
#10782 = VERTEX_POINT('',#10783);
#10783 = CARTESIAN_POINT('',(95.6,66.5,17.5));
#10784 = LINE('',#10785,#10786);
#10785 = CARTESIAN_POINT('',(94.6,66.5,17.5));
#10786 = VECTOR('',#10787,1.);
#10787 = DIRECTION('',(1.,0.,-0.));
#10788 = ORIENTED_EDGE('',*,*,#10789,.T.);
#10789 = EDGE_CURVE('',#10782,#10790,#10792,.T.);
#10790 = VERTEX_POINT('',#10791);
#10791 = CARTESIAN_POINT('',(95.6,69.5,17.5));
#10792 = CIRCLE('',#10793,1.5);
#10793 = AXIS2_PLACEMENT_3D('',#10794,#10795,#10796);
#10794 = CARTESIAN_POINT('',(95.6,68.,17.5));
#10795 = DIRECTION('',(1.,0.,0.));
#10796 = DIRECTION('',(-0.,0.,1.));
#10797 = ORIENTED_EDGE('',*,*,#10798,.T.);
#10798 = EDGE_CURVE('',#10790,#7103,#10799,.T.);
#10799 = LINE('',#10800,#10801);
#10800 = CARTESIAN_POINT('',(94.6,69.5,17.5));
#10801 = VECTOR('',#10802,1.);
#10802 = DIRECTION('',(1.,0.,-0.));
#10803 = CYLINDRICAL_SURFACE('',#10804,1.5);
#10804 = AXIS2_PLACEMENT_3D('',#10805,#10806,#10807);
#10805 = CARTESIAN_POINT('',(94.6,68.,17.5));
#10806 = DIRECTION('',(1.,0.,0.));
#10807 = DIRECTION('',(-0.,0.,1.));
#10808 = ADVANCED_FACE('',(#10809),#10827,.F.);
#10809 = FACE_BOUND('',#10810,.F.);
#10810 = EDGE_LOOP('',(#10811,#10812,#10820,#10826));
#10811 = ORIENTED_EDGE('',*,*,#10798,.F.);
#10812 = ORIENTED_EDGE('',*,*,#10813,.T.);
#10813 = EDGE_CURVE('',#10790,#10814,#10816,.T.);
#10814 = VERTEX_POINT('',#10815);
#10815 = CARTESIAN_POINT('',(95.6,69.5,42.5));
#10816 = LINE('',#10817,#10818);
#10817 = CARTESIAN_POINT('',(95.6,69.5,9.95));
#10818 = VECTOR('',#10819,1.);
#10819 = DIRECTION('',(0.,0.,1.));
#10820 = ORIENTED_EDGE('',*,*,#10821,.T.);
#10821 = EDGE_CURVE('',#10814,#7129,#10822,.T.);
#10822 = LINE('',#10823,#10824);
#10823 = CARTESIAN_POINT('',(94.6,69.5,42.5));
#10824 = VECTOR('',#10825,1.);
#10825 = DIRECTION('',(1.,0.,-0.));
#10826 = ORIENTED_EDGE('',*,*,#7137,.F.);
#10827 = PLANE('',#10828);
#10828 = AXIS2_PLACEMENT_3D('',#10829,#10830,#10831);
#10829 = CARTESIAN_POINT('',(94.6,69.5,17.5));
#10830 = DIRECTION('',(-0.,1.,0.));
#10831 = DIRECTION('',(0.,0.,1.));
#10832 = ADVANCED_FACE('',(#10833),#10851,.T.);
#10833 = FACE_BOUND('',#10834,.T.);
#10834 = EDGE_LOOP('',(#10835,#10836,#10844,#10850));
#10835 = ORIENTED_EDGE('',*,*,#10781,.F.);
#10836 = ORIENTED_EDGE('',*,*,#10837,.T.);
#10837 = EDGE_CURVE('',#10782,#10838,#10840,.T.);
#10838 = VERTEX_POINT('',#10839);
#10839 = CARTESIAN_POINT('',(95.6,66.5,42.5));
#10840 = LINE('',#10841,#10842);
#10841 = CARTESIAN_POINT('',(95.6,66.5,9.95));
#10842 = VECTOR('',#10843,1.);
#10843 = DIRECTION('',(0.,0.,1.));
#10844 = ORIENTED_EDGE('',*,*,#10845,.T.);
#10845 = EDGE_CURVE('',#10838,#7112,#10846,.T.);
#10846 = LINE('',#10847,#10848);
#10847 = CARTESIAN_POINT('',(94.6,66.5,42.5));
#10848 = VECTOR('',#10849,1.);
#10849 = DIRECTION('',(1.,0.,-0.));
#10850 = ORIENTED_EDGE('',*,*,#7111,.F.);
#10851 = PLANE('',#10852);
#10852 = AXIS2_PLACEMENT_3D('',#10853,#10854,#10855);
#10853 = CARTESIAN_POINT('',(94.6,66.5,17.5));
#10854 = DIRECTION('',(-0.,1.,0.));
#10855 = DIRECTION('',(0.,0.,1.));
#10856 = ADVANCED_FACE('',(#10857),#10883,.F.);
#10857 = FACE_BOUND('',#10858,.F.);
#10858 = EDGE_LOOP('',(#10859,#10860,#10868,#10877));
#10859 = ORIENTED_EDGE('',*,*,#7145,.F.);
#10860 = ORIENTED_EDGE('',*,*,#10861,.F.);
#10861 = EDGE_CURVE('',#10862,#7146,#10864,.T.);
#10862 = VERTEX_POINT('',#10863);
#10863 = CARTESIAN_POINT('',(95.6,60.5,17.5));
#10864 = LINE('',#10865,#10866);
#10865 = CARTESIAN_POINT('',(94.6,60.5,17.5));
#10866 = VECTOR('',#10867,1.);
#10867 = DIRECTION('',(1.,0.,-0.));
#10868 = ORIENTED_EDGE('',*,*,#10869,.T.);
#10869 = EDGE_CURVE('',#10862,#10870,#10872,.T.);
#10870 = VERTEX_POINT('',#10871);
#10871 = CARTESIAN_POINT('',(95.6,63.5,17.5));
#10872 = CIRCLE('',#10873,1.5);
#10873 = AXIS2_PLACEMENT_3D('',#10874,#10875,#10876);
#10874 = CARTESIAN_POINT('',(95.6,62.,17.5));
#10875 = DIRECTION('',(1.,0.,0.));
#10876 = DIRECTION('',(-0.,0.,1.));
#10877 = ORIENTED_EDGE('',*,*,#10878,.T.);
#10878 = EDGE_CURVE('',#10870,#7148,#10879,.T.);
#10879 = LINE('',#10880,#10881);
#10880 = CARTESIAN_POINT('',(94.6,63.5,17.5));
#10881 = VECTOR('',#10882,1.);
#10882 = DIRECTION('',(1.,0.,-0.));
#10883 = CYLINDRICAL_SURFACE('',#10884,1.5);
#10884 = AXIS2_PLACEMENT_3D('',#10885,#10886,#10887);
#10885 = CARTESIAN_POINT('',(94.6,62.,17.5));
#10886 = DIRECTION('',(1.,0.,0.));
#10887 = DIRECTION('',(-0.,0.,1.));
#10888 = ADVANCED_FACE('',(#10889),#10907,.F.);
#10889 = FACE_BOUND('',#10890,.F.);
#10890 = EDGE_LOOP('',(#10891,#10892,#10900,#10906));
#10891 = ORIENTED_EDGE('',*,*,#10878,.F.);
#10892 = ORIENTED_EDGE('',*,*,#10893,.T.);
#10893 = EDGE_CURVE('',#10870,#10894,#10896,.T.);
#10894 = VERTEX_POINT('',#10895);
#10895 = CARTESIAN_POINT('',(95.6,63.5,42.5));
#10896 = LINE('',#10897,#10898);
#10897 = CARTESIAN_POINT('',(95.6,63.5,9.95));
#10898 = VECTOR('',#10899,1.);
#10899 = DIRECTION('',(0.,0.,1.));
#10900 = ORIENTED_EDGE('',*,*,#10901,.T.);
#10901 = EDGE_CURVE('',#10894,#7174,#10902,.T.);
#10902 = LINE('',#10903,#10904);
#10903 = CARTESIAN_POINT('',(94.6,63.5,42.5));
#10904 = VECTOR('',#10905,1.);
#10905 = DIRECTION('',(1.,0.,-0.));
#10906 = ORIENTED_EDGE('',*,*,#7182,.F.);
#10907 = PLANE('',#10908);
#10908 = AXIS2_PLACEMENT_3D('',#10909,#10910,#10911);
#10909 = CARTESIAN_POINT('',(94.6,63.5,17.5));
#10910 = DIRECTION('',(-0.,1.,0.));
#10911 = DIRECTION('',(0.,0.,1.));
#10912 = ADVANCED_FACE('',(#10913),#10931,.T.);
#10913 = FACE_BOUND('',#10914,.T.);
#10914 = EDGE_LOOP('',(#10915,#10916,#10924,#10930));
#10915 = ORIENTED_EDGE('',*,*,#10861,.F.);
#10916 = ORIENTED_EDGE('',*,*,#10917,.T.);
#10917 = EDGE_CURVE('',#10862,#10918,#10920,.T.);
#10918 = VERTEX_POINT('',#10919);
#10919 = CARTESIAN_POINT('',(95.6,60.5,42.5));
#10920 = LINE('',#10921,#10922);
#10921 = CARTESIAN_POINT('',(95.6,60.5,9.95));
#10922 = VECTOR('',#10923,1.);
#10923 = DIRECTION('',(0.,0.,1.));
#10924 = ORIENTED_EDGE('',*,*,#10925,.T.);
#10925 = EDGE_CURVE('',#10918,#7157,#10926,.T.);
#10926 = LINE('',#10927,#10928);
#10927 = CARTESIAN_POINT('',(94.6,60.5,42.5));
#10928 = VECTOR('',#10929,1.);
#10929 = DIRECTION('',(1.,0.,-0.));
#10930 = ORIENTED_EDGE('',*,*,#7156,.F.);
#10931 = PLANE('',#10932);
#10932 = AXIS2_PLACEMENT_3D('',#10933,#10934,#10935);
#10933 = CARTESIAN_POINT('',(94.6,60.5,17.5));
#10934 = DIRECTION('',(-0.,1.,0.));
#10935 = DIRECTION('',(0.,0.,1.));
#10936 = ADVANCED_FACE('',(#10937),#10963,.F.);
#10937 = FACE_BOUND('',#10938,.F.);
#10938 = EDGE_LOOP('',(#10939,#10940,#10948,#10957));
#10939 = ORIENTED_EDGE('',*,*,#7190,.F.);
#10940 = ORIENTED_EDGE('',*,*,#10941,.F.);
#10941 = EDGE_CURVE('',#10942,#7191,#10944,.T.);
#10942 = VERTEX_POINT('',#10943);
#10943 = CARTESIAN_POINT('',(95.6,54.5,17.5));
#10944 = LINE('',#10945,#10946);
#10945 = CARTESIAN_POINT('',(94.6,54.5,17.5));
#10946 = VECTOR('',#10947,1.);
#10947 = DIRECTION('',(1.,0.,-0.));
#10948 = ORIENTED_EDGE('',*,*,#10949,.T.);
#10949 = EDGE_CURVE('',#10942,#10950,#10952,.T.);
#10950 = VERTEX_POINT('',#10951);
#10951 = CARTESIAN_POINT('',(95.6,57.5,17.5));
#10952 = CIRCLE('',#10953,1.5);
#10953 = AXIS2_PLACEMENT_3D('',#10954,#10955,#10956);
#10954 = CARTESIAN_POINT('',(95.6,56.,17.5));
#10955 = DIRECTION('',(1.,0.,0.));
#10956 = DIRECTION('',(-0.,0.,1.));
#10957 = ORIENTED_EDGE('',*,*,#10958,.T.);
#10958 = EDGE_CURVE('',#10950,#7193,#10959,.T.);
#10959 = LINE('',#10960,#10961);
#10960 = CARTESIAN_POINT('',(94.6,57.5,17.5));
#10961 = VECTOR('',#10962,1.);
#10962 = DIRECTION('',(1.,0.,-0.));
#10963 = CYLINDRICAL_SURFACE('',#10964,1.5);
#10964 = AXIS2_PLACEMENT_3D('',#10965,#10966,#10967);
#10965 = CARTESIAN_POINT('',(94.6,56.,17.5));
#10966 = DIRECTION('',(1.,0.,0.));
#10967 = DIRECTION('',(-0.,0.,1.));
#10968 = ADVANCED_FACE('',(#10969),#10987,.F.);
#10969 = FACE_BOUND('',#10970,.F.);
#10970 = EDGE_LOOP('',(#10971,#10972,#10980,#10986));
#10971 = ORIENTED_EDGE('',*,*,#10958,.F.);
#10972 = ORIENTED_EDGE('',*,*,#10973,.T.);
#10973 = EDGE_CURVE('',#10950,#10974,#10976,.T.);
#10974 = VERTEX_POINT('',#10975);
#10975 = CARTESIAN_POINT('',(95.6,57.5,42.5));
#10976 = LINE('',#10977,#10978);
#10977 = CARTESIAN_POINT('',(95.6,57.5,9.95));
#10978 = VECTOR('',#10979,1.);
#10979 = DIRECTION('',(0.,0.,1.));
#10980 = ORIENTED_EDGE('',*,*,#10981,.T.);
#10981 = EDGE_CURVE('',#10974,#7219,#10982,.T.);
#10982 = LINE('',#10983,#10984);
#10983 = CARTESIAN_POINT('',(94.6,57.5,42.5));
#10984 = VECTOR('',#10985,1.);
#10985 = DIRECTION('',(1.,0.,-0.));
#10986 = ORIENTED_EDGE('',*,*,#7227,.F.);
#10987 = PLANE('',#10988);
#10988 = AXIS2_PLACEMENT_3D('',#10989,#10990,#10991);
#10989 = CARTESIAN_POINT('',(94.6,57.5,17.5));
#10990 = DIRECTION('',(-0.,1.,0.));
#10991 = DIRECTION('',(0.,0.,1.));
#10992 = ADVANCED_FACE('',(#10993),#11011,.T.);
#10993 = FACE_BOUND('',#10994,.T.);
#10994 = EDGE_LOOP('',(#10995,#10996,#11004,#11010));
#10995 = ORIENTED_EDGE('',*,*,#10941,.F.);
#10996 = ORIENTED_EDGE('',*,*,#10997,.T.);
#10997 = EDGE_CURVE('',#10942,#10998,#11000,.T.);
#10998 = VERTEX_POINT('',#10999);
#10999 = CARTESIAN_POINT('',(95.6,54.5,42.5));
#11000 = LINE('',#11001,#11002);
#11001 = CARTESIAN_POINT('',(95.6,54.5,9.95));
#11002 = VECTOR('',#11003,1.);
#11003 = DIRECTION('',(0.,0.,1.));
#11004 = ORIENTED_EDGE('',*,*,#11005,.T.);
#11005 = EDGE_CURVE('',#10998,#7202,#11006,.T.);
#11006 = LINE('',#11007,#11008);
#11007 = CARTESIAN_POINT('',(94.6,54.5,42.5));
#11008 = VECTOR('',#11009,1.);
#11009 = DIRECTION('',(1.,0.,-0.));
#11010 = ORIENTED_EDGE('',*,*,#7201,.F.);
#11011 = PLANE('',#11012);
#11012 = AXIS2_PLACEMENT_3D('',#11013,#11014,#11015);
#11013 = CARTESIAN_POINT('',(94.6,54.5,17.5));
#11014 = DIRECTION('',(-0.,1.,0.));
#11015 = DIRECTION('',(0.,0.,1.));
#11016 = ADVANCED_FACE('',(#11017),#11043,.F.);
#11017 = FACE_BOUND('',#11018,.F.);
#11018 = EDGE_LOOP('',(#11019,#11020,#11028,#11037));
#11019 = ORIENTED_EDGE('',*,*,#7235,.F.);
#11020 = ORIENTED_EDGE('',*,*,#11021,.F.);
#11021 = EDGE_CURVE('',#11022,#7236,#11024,.T.);
#11022 = VERTEX_POINT('',#11023);
#11023 = CARTESIAN_POINT('',(95.6,48.5,17.5));
#11024 = LINE('',#11025,#11026);
#11025 = CARTESIAN_POINT('',(94.6,48.5,17.5));
#11026 = VECTOR('',#11027,1.);
#11027 = DIRECTION('',(1.,0.,-0.));
#11028 = ORIENTED_EDGE('',*,*,#11029,.T.);
#11029 = EDGE_CURVE('',#11022,#11030,#11032,.T.);
#11030 = VERTEX_POINT('',#11031);
#11031 = CARTESIAN_POINT('',(95.6,51.5,17.5));
#11032 = CIRCLE('',#11033,1.5);
#11033 = AXIS2_PLACEMENT_3D('',#11034,#11035,#11036);
#11034 = CARTESIAN_POINT('',(95.6,50.,17.5));
#11035 = DIRECTION('',(1.,0.,0.));
#11036 = DIRECTION('',(-0.,0.,1.));
#11037 = ORIENTED_EDGE('',*,*,#11038,.T.);
#11038 = EDGE_CURVE('',#11030,#7238,#11039,.T.);
#11039 = LINE('',#11040,#11041);
#11040 = CARTESIAN_POINT('',(94.6,51.5,17.5));
#11041 = VECTOR('',#11042,1.);
#11042 = DIRECTION('',(1.,0.,-0.));
#11043 = CYLINDRICAL_SURFACE('',#11044,1.5);
#11044 = AXIS2_PLACEMENT_3D('',#11045,#11046,#11047);
#11045 = CARTESIAN_POINT('',(94.6,50.,17.5));
#11046 = DIRECTION('',(1.,0.,0.));
#11047 = DIRECTION('',(-0.,0.,1.));
#11048 = ADVANCED_FACE('',(#11049),#11067,.F.);
#11049 = FACE_BOUND('',#11050,.F.);
#11050 = EDGE_LOOP('',(#11051,#11052,#11060,#11066));
#11051 = ORIENTED_EDGE('',*,*,#11038,.F.);
#11052 = ORIENTED_EDGE('',*,*,#11053,.T.);
#11053 = EDGE_CURVE('',#11030,#11054,#11056,.T.);
#11054 = VERTEX_POINT('',#11055);
#11055 = CARTESIAN_POINT('',(95.6,51.5,42.5));
#11056 = LINE('',#11057,#11058);
#11057 = CARTESIAN_POINT('',(95.6,51.5,9.95));
#11058 = VECTOR('',#11059,1.);
#11059 = DIRECTION('',(0.,0.,1.));
#11060 = ORIENTED_EDGE('',*,*,#11061,.T.);
#11061 = EDGE_CURVE('',#11054,#7264,#11062,.T.);
#11062 = LINE('',#11063,#11064);
#11063 = CARTESIAN_POINT('',(94.6,51.5,42.5));
#11064 = VECTOR('',#11065,1.);
#11065 = DIRECTION('',(1.,0.,-0.));
#11066 = ORIENTED_EDGE('',*,*,#7272,.F.);
#11067 = PLANE('',#11068);
#11068 = AXIS2_PLACEMENT_3D('',#11069,#11070,#11071);
#11069 = CARTESIAN_POINT('',(94.6,51.5,17.5));
#11070 = DIRECTION('',(-0.,1.,0.));
#11071 = DIRECTION('',(0.,0.,1.));
#11072 = ADVANCED_FACE('',(#11073),#11091,.T.);
#11073 = FACE_BOUND('',#11074,.T.);
#11074 = EDGE_LOOP('',(#11075,#11076,#11084,#11090));
#11075 = ORIENTED_EDGE('',*,*,#11021,.F.);
#11076 = ORIENTED_EDGE('',*,*,#11077,.T.);
#11077 = EDGE_CURVE('',#11022,#11078,#11080,.T.);
#11078 = VERTEX_POINT('',#11079);
#11079 = CARTESIAN_POINT('',(95.6,48.5,42.5));
#11080 = LINE('',#11081,#11082);
#11081 = CARTESIAN_POINT('',(95.6,48.5,9.95));
#11082 = VECTOR('',#11083,1.);
#11083 = DIRECTION('',(0.,0.,1.));
#11084 = ORIENTED_EDGE('',*,*,#11085,.T.);
#11085 = EDGE_CURVE('',#11078,#7247,#11086,.T.);
#11086 = LINE('',#11087,#11088);
#11087 = CARTESIAN_POINT('',(94.6,48.5,42.5));
#11088 = VECTOR('',#11089,1.);
#11089 = DIRECTION('',(1.,0.,-0.));
#11090 = ORIENTED_EDGE('',*,*,#7246,.F.);
#11091 = PLANE('',#11092);
#11092 = AXIS2_PLACEMENT_3D('',#11093,#11094,#11095);
#11093 = CARTESIAN_POINT('',(94.6,48.5,17.5));
#11094 = DIRECTION('',(-0.,1.,0.));
#11095 = DIRECTION('',(0.,0.,1.));
#11096 = ADVANCED_FACE('',(#11097,#11105),#11116,.F.);
#11097 = FACE_BOUND('',#11098,.F.);
#11098 = EDGE_LOOP('',(#11099,#11100,#11101,#11102,#11103,#11104));
#11099 = ORIENTED_EDGE('',*,*,#7500,.T.);
#11100 = ORIENTED_EDGE('',*,*,#7380,.T.);
#11101 = ORIENTED_EDGE('',*,*,#7404,.T.);
#11102 = ORIENTED_EDGE('',*,*,#7428,.T.);
#11103 = ORIENTED_EDGE('',*,*,#7452,.T.);
#11104 = ORIENTED_EDGE('',*,*,#7476,.T.);
#11105 = FACE_BOUND('',#11106,.F.);
#11106 = EDGE_LOOP('',(#11107));
#11107 = ORIENTED_EDGE('',*,*,#11108,.F.);
#11108 = EDGE_CURVE('',#11109,#11109,#11111,.T.);
#11109 = VERTEX_POINT('',#11110);
#11110 = CARTESIAN_POINT('',(9.6,47.,2.6));
#11111 = CIRCLE('',#11112,1.7);
#11112 = AXIS2_PLACEMENT_3D('',#11113,#11114,#11115);
#11113 = CARTESIAN_POINT('',(7.9,47.,2.6));
#11114 = DIRECTION('',(0.,0.,1.));
#11115 = DIRECTION('',(1.,0.,-0.));
#11116 = PLANE('',#11117);
#11117 = AXIS2_PLACEMENT_3D('',#11118,#11119,#11120);
#11118 = CARTESIAN_POINT('',(7.9,47.,2.6));
#11119 = DIRECTION('',(0.,0.,1.));
#11120 = DIRECTION('',(1.,0.,-0.));
#11121 = ADVANCED_FACE('',(#11122,#11130),#11141,.F.);
#11122 = FACE_BOUND('',#11123,.F.);
#11123 = EDGE_LOOP('',(#11124,#11125,#11126,#11127,#11128,#11129));
#11124 = ORIENTED_EDGE('',*,*,#7644,.T.);
#11125 = ORIENTED_EDGE('',*,*,#7524,.T.);
#11126 = ORIENTED_EDGE('',*,*,#7548,.T.);
#11127 = ORIENTED_EDGE('',*,*,#7572,.T.);
#11128 = ORIENTED_EDGE('',*,*,#7596,.T.);
#11129 = ORIENTED_EDGE('',*,*,#7620,.T.);
#11130 = FACE_BOUND('',#11131,.F.);
#11131 = EDGE_LOOP('',(#11132));
#11132 = ORIENTED_EDGE('',*,*,#11133,.F.);
#11133 = EDGE_CURVE('',#11134,#11134,#11136,.T.);
#11134 = VERTEX_POINT('',#11135);
#11135 = CARTESIAN_POINT('',(91.6,47.,2.6));
#11136 = CIRCLE('',#11137,1.7);
#11137 = AXIS2_PLACEMENT_3D('',#11138,#11139,#11140);
#11138 = CARTESIAN_POINT('',(89.9,47.,2.6));
#11139 = DIRECTION('',(0.,0.,1.));
#11140 = DIRECTION('',(1.,0.,-0.));
#11141 = PLANE('',#11142);
#11142 = AXIS2_PLACEMENT_3D('',#11143,#11144,#11145);
#11143 = CARTESIAN_POINT('',(89.9,47.,2.6));
#11144 = DIRECTION('',(0.,0.,1.));
#11145 = DIRECTION('',(1.,0.,-0.));
#11146 = ADVANCED_FACE('',(#11147,#11155),#11166,.F.);
#11147 = FACE_BOUND('',#11148,.F.);
#11148 = EDGE_LOOP('',(#11149,#11150,#11151,#11152,#11153,#11154));
#11149 = ORIENTED_EDGE('',*,*,#7788,.T.);
#11150 = ORIENTED_EDGE('',*,*,#7668,.T.);
#11151 = ORIENTED_EDGE('',*,*,#7692,.T.);
#11152 = ORIENTED_EDGE('',*,*,#7716,.T.);
#11153 = ORIENTED_EDGE('',*,*,#7740,.T.);
#11154 = ORIENTED_EDGE('',*,*,#7764,.T.);
#11155 = FACE_BOUND('',#11156,.F.);
#11156 = EDGE_LOOP('',(#11157));
#11157 = ORIENTED_EDGE('',*,*,#11158,.F.);
#11158 = EDGE_CURVE('',#11159,#11159,#11161,.T.);
#11159 = VERTEX_POINT('',#11160);
#11160 = CARTESIAN_POINT('',(9.6,105.,2.6));
#11161 = CIRCLE('',#11162,1.7);
#11162 = AXIS2_PLACEMENT_3D('',#11163,#11164,#11165);
#11163 = CARTESIAN_POINT('',(7.9,105.,2.6));
#11164 = DIRECTION('',(0.,0.,1.));
#11165 = DIRECTION('',(1.,0.,-0.));
#11166 = PLANE('',#11167);
#11167 = AXIS2_PLACEMENT_3D('',#11168,#11169,#11170);
#11168 = CARTESIAN_POINT('',(7.9,105.,2.6));
#11169 = DIRECTION('',(0.,0.,1.));
#11170 = DIRECTION('',(1.,0.,-0.));
#11171 = ADVANCED_FACE('',(#11172,#11180),#11191,.F.);
#11172 = FACE_BOUND('',#11173,.F.);
#11173 = EDGE_LOOP('',(#11174,#11175,#11176,#11177,#11178,#11179));
#11174 = ORIENTED_EDGE('',*,*,#7932,.T.);
#11175 = ORIENTED_EDGE('',*,*,#7812,.T.);
#11176 = ORIENTED_EDGE('',*,*,#7836,.T.);
#11177 = ORIENTED_EDGE('',*,*,#7860,.T.);
#11178 = ORIENTED_EDGE('',*,*,#7884,.T.);
#11179 = ORIENTED_EDGE('',*,*,#7908,.T.);
#11180 = FACE_BOUND('',#11181,.F.);
#11181 = EDGE_LOOP('',(#11182));
#11182 = ORIENTED_EDGE('',*,*,#11183,.F.);
#11183 = EDGE_CURVE('',#11184,#11184,#11186,.T.);
#11184 = VERTEX_POINT('',#11185);
#11185 = CARTESIAN_POINT('',(91.6,105.,2.6));
#11186 = CIRCLE('',#11187,1.7);
#11187 = AXIS2_PLACEMENT_3D('',#11188,#11189,#11190);
#11188 = CARTESIAN_POINT('',(89.9,105.,2.6));
#11189 = DIRECTION('',(0.,0.,1.));
#11190 = DIRECTION('',(1.,0.,-0.));
#11191 = PLANE('',#11192);
#11192 = AXIS2_PLACEMENT_3D('',#11193,#11194,#11195);
#11193 = CARTESIAN_POINT('',(89.9,105.,2.6));
#11194 = DIRECTION('',(0.,0.,1.));
#11195 = DIRECTION('',(1.,0.,-0.));
#11196 = ADVANCED_FACE('',(#11197),#11206,.T.);
#11197 = FACE_BOUND('',#11198,.F.);
#11198 = EDGE_LOOP('',(#11199,#11200,#11201,#11202,#11203,#11204,#11205)
  );
#11199 = ORIENTED_EDGE('',*,*,#8365,.T.);
#11200 = ORIENTED_EDGE('',*,*,#8348,.T.);
#11201 = ORIENTED_EDGE('',*,*,#8324,.T.);
#11202 = ORIENTED_EDGE('',*,*,#8300,.T.);
#11203 = ORIENTED_EDGE('',*,*,#8276,.T.);
#11204 = ORIENTED_EDGE('',*,*,#8252,.T.);
#11205 = ORIENTED_EDGE('',*,*,#8221,.T.);
#11206 = PLANE('',#11207);
#11207 = AXIS2_PLACEMENT_3D('',#11208,#11209,#11210);
#11208 = CARTESIAN_POINT('',(11.213510919289,127.41,46.326189790364));
#11209 = DIRECTION('',(1.224646799147E-16,1.,1.110223024625E-16));
#11210 = DIRECTION('',(-1.,1.224646799147E-16,0.));
#11211 = ADVANCED_FACE('',(#11212,#11222),#11320,.T.);
#11212 = FACE_BOUND('',#11213,.F.);
#11213 = EDGE_LOOP('',(#11214,#11215,#11216,#11217,#11218,#11219,#11220,
    #11221));
#11214 = ORIENTED_EDGE('',*,*,#8389,.T.);
#11215 = ORIENTED_EDGE('',*,*,#8571,.T.);
#11216 = ORIENTED_EDGE('',*,*,#8552,.T.);
#11217 = ORIENTED_EDGE('',*,*,#8526,.T.);
#11218 = ORIENTED_EDGE('',*,*,#8500,.T.);
#11219 = ORIENTED_EDGE('',*,*,#8474,.T.);
#11220 = ORIENTED_EDGE('',*,*,#8448,.T.);
#11221 = ORIENTED_EDGE('',*,*,#8422,.T.);
#11222 = FACE_BOUND('',#11223,.F.);
#11223 = EDGE_LOOP('',(#11224,#11234,#11242,#11250,#11258,#11266,#11274,
    #11282,#11290,#11298,#11306,#11314));
#11224 = ORIENTED_EDGE('',*,*,#11225,.T.);
#11225 = EDGE_CURVE('',#11226,#11228,#11230,.T.);
#11226 = VERTEX_POINT('',#11227);
#11227 = CARTESIAN_POINT('',(14.826146496815,127.41,47.47974522293));
#11228 = VERTEX_POINT('',#11229);
#11229 = CARTESIAN_POINT('',(15.086974522293,127.41,47.386496815287));
#11230 = B_SPLINE_CURVE_WITH_KNOTS('',2,(#11231,#11232,#11233),
  .UNSPECIFIED.,.F.,.F.,(3,3),(0.,1.),.PIECEWISE_BEZIER_KNOTS.);
#11231 = CARTESIAN_POINT('',(14.826146496815,127.41,47.47974522293));
#11232 = CARTESIAN_POINT('',(14.972324840764,127.41,47.47974522293));
#11233 = CARTESIAN_POINT('',(15.086974522293,127.41,47.386496815287));
#11234 = ORIENTED_EDGE('',*,*,#11235,.T.);
#11235 = EDGE_CURVE('',#11228,#11236,#11238,.T.);
#11236 = VERTEX_POINT('',#11237);
#11237 = CARTESIAN_POINT('',(15.264681528662,127.41,47.052101910828));
#11238 = B_SPLINE_CURVE_WITH_KNOTS('',2,(#11239,#11240,#11241),
  .UNSPECIFIED.,.F.,.F.,(3,3),(0.,1.),.PIECEWISE_BEZIER_KNOTS.);
#11239 = CARTESIAN_POINT('',(15.086974522293,127.41,47.386496815287));
#11240 = CARTESIAN_POINT('',(15.201624203822,127.41,47.293248407643));
#11241 = CARTESIAN_POINT('',(15.264681528662,127.41,47.052101910828));
#11242 = ORIENTED_EDGE('',*,*,#11243,.T.);
#11243 = EDGE_CURVE('',#11236,#11244,#11246,.T.);
#11244 = VERTEX_POINT('',#11245);
#11245 = CARTESIAN_POINT('',(15.347802547771,127.41,45.99847133758));
#11246 = B_SPLINE_CURVE_WITH_KNOTS('',2,(#11247,#11248,#11249),
  .UNSPECIFIED.,.F.,.F.,(3,3),(0.,1.),.PIECEWISE_BEZIER_KNOTS.);
#11247 = CARTESIAN_POINT('',(15.264681528662,127.41,47.052101910828));
#11248 = CARTESIAN_POINT('',(15.347802547771,127.41,46.739108280255));
#11249 = CARTESIAN_POINT('',(15.347802547771,127.41,45.99847133758));
#11250 = ORIENTED_EDGE('',*,*,#11251,.T.);
#11251 = EDGE_CURVE('',#11244,#11252,#11254,.T.);
#11252 = VERTEX_POINT('',#11253);
#11253 = CARTESIAN_POINT('',(15.273280254777,127.41,44.980955414013));
#11254 = B_SPLINE_CURVE_WITH_KNOTS('',2,(#11255,#11256,#11257),
  .UNSPECIFIED.,.F.,.F.,(3,3),(0.,1.),.PIECEWISE_BEZIER_KNOTS.);
#11255 = CARTESIAN_POINT('',(15.347802547771,127.41,45.99847133758));
#11256 = CARTESIAN_POINT('',(15.347802547771,127.41,45.258025477707));
#11257 = CARTESIAN_POINT('',(15.273280254777,127.41,44.980955414013));
#11258 = ORIENTED_EDGE('',*,*,#11259,.T.);
#11259 = EDGE_CURVE('',#11252,#11260,#11262,.T.);
#11260 = VERTEX_POINT('',#11261);
#11261 = CARTESIAN_POINT('',(15.085636942675,127.41,44.611974522293));
#11262 = B_SPLINE_CURVE_WITH_KNOTS('',2,(#11263,#11264,#11265),
  .UNSPECIFIED.,.F.,.F.,(3,3),(0.,1.),.PIECEWISE_BEZIER_KNOTS.);
#11263 = CARTESIAN_POINT('',(15.273280254777,127.41,44.980955414013));
#11264 = CARTESIAN_POINT('',(15.198757961783,127.41,44.703885350318));
#11265 = CARTESIAN_POINT('',(15.085636942675,127.41,44.611974522293));
#11266 = ORIENTED_EDGE('',*,*,#11267,.T.);
#11267 = EDGE_CURVE('',#11260,#11268,#11270,.T.);
#11268 = VERTEX_POINT('',#11269);
#11269 = CARTESIAN_POINT('',(14.826146496815,127.41,44.52025477707));
#11270 = B_SPLINE_CURVE_WITH_KNOTS('',2,(#11271,#11272,#11273),
  .UNSPECIFIED.,.F.,.F.,(3,3),(0.,1.),.PIECEWISE_BEZIER_KNOTS.);
#11271 = CARTESIAN_POINT('',(15.085636942675,127.41,44.611974522293));
#11272 = CARTESIAN_POINT('',(14.972324840764,127.41,44.52025477707));
#11273 = CARTESIAN_POINT('',(14.826146496815,127.41,44.52025477707));
#11274 = ORIENTED_EDGE('',*,*,#11275,.T.);
#11275 = EDGE_CURVE('',#11268,#11276,#11278,.T.);
#11276 = VERTEX_POINT('',#11277);
#11277 = CARTESIAN_POINT('',(14.565318471338,127.41,44.613503184713));
#11278 = B_SPLINE_CURVE_WITH_KNOTS('',2,(#11279,#11280,#11281),
  .UNSPECIFIED.,.F.,.F.,(3,3),(0.,1.),.PIECEWISE_BEZIER_KNOTS.);
#11279 = CARTESIAN_POINT('',(14.826146496815,127.41,44.52025477707));
#11280 = CARTESIAN_POINT('',(14.679968152866,127.41,44.52025477707));
#11281 = CARTESIAN_POINT('',(14.565318471338,127.41,44.613503184713));
#11282 = ORIENTED_EDGE('',*,*,#11283,.T.);
#11283 = EDGE_CURVE('',#11276,#11284,#11286,.T.);
#11284 = VERTEX_POINT('',#11285);
#11285 = CARTESIAN_POINT('',(14.387611464968,127.41,44.947898089172));
#11286 = B_SPLINE_CURVE_WITH_KNOTS('',2,(#11287,#11288,#11289),
  .UNSPECIFIED.,.F.,.F.,(3,3),(0.,1.),.PIECEWISE_BEZIER_KNOTS.);
#11287 = CARTESIAN_POINT('',(14.565318471338,127.41,44.613503184713));
#11288 = CARTESIAN_POINT('',(14.450668789809,127.41,44.706751592357));
#11289 = CARTESIAN_POINT('',(14.387611464968,127.41,44.947898089172));
#11290 = ORIENTED_EDGE('',*,*,#11291,.T.);
#11291 = EDGE_CURVE('',#11284,#11292,#11294,.T.);
#11292 = VERTEX_POINT('',#11293);
#11293 = CARTESIAN_POINT('',(14.30449044586,127.41,45.99847133758));
#11294 = B_SPLINE_CURVE_WITH_KNOTS('',2,(#11295,#11296,#11297),
  .UNSPECIFIED.,.F.,.F.,(3,3),(0.,1.),.PIECEWISE_BEZIER_KNOTS.);
#11295 = CARTESIAN_POINT('',(14.387611464968,127.41,44.947898089172));
#11296 = CARTESIAN_POINT('',(14.30449044586,127.41,45.258025477707));
#11297 = CARTESIAN_POINT('',(14.30449044586,127.41,45.99847133758));
#11298 = ORIENTED_EDGE('',*,*,#11299,.T.);
#11299 = EDGE_CURVE('',#11292,#11300,#11302,.T.);
#11300 = VERTEX_POINT('',#11301);
#11301 = CARTESIAN_POINT('',(14.379012738854,127.41,47.016178343949));
#11302 = B_SPLINE_CURVE_WITH_KNOTS('',2,(#11303,#11304,#11305),
  .UNSPECIFIED.,.F.,.F.,(3,3),(0.,1.),.PIECEWISE_BEZIER_KNOTS.);
#11303 = CARTESIAN_POINT('',(14.30449044586,127.41,45.99847133758));
#11304 = CARTESIAN_POINT('',(14.30449044586,127.41,46.739108280255));
#11305 = CARTESIAN_POINT('',(14.379012738854,127.41,47.016178343949));
#11306 = ORIENTED_EDGE('',*,*,#11307,.T.);
#11307 = EDGE_CURVE('',#11300,#11308,#11310,.T.);
#11308 = VERTEX_POINT('',#11309);
#11309 = CARTESIAN_POINT('',(14.566847133758,127.41,47.386496815287));
#11310 = B_SPLINE_CURVE_WITH_KNOTS('',2,(#11311,#11312,#11313),
  .UNSPECIFIED.,.F.,.F.,(3,3),(0.,1.),.PIECEWISE_BEZIER_KNOTS.);
#11311 = CARTESIAN_POINT('',(14.379012738854,127.41,47.016178343949));
#11312 = CARTESIAN_POINT('',(14.453535031847,127.41,47.293248407643));
#11313 = CARTESIAN_POINT('',(14.566847133758,127.41,47.386496815287));
#11314 = ORIENTED_EDGE('',*,*,#11315,.T.);
#11315 = EDGE_CURVE('',#11308,#11226,#11316,.T.);
#11316 = B_SPLINE_CURVE_WITH_KNOTS('',2,(#11317,#11318,#11319),
  .UNSPECIFIED.,.F.,.F.,(3,3),(0.,1.),.PIECEWISE_BEZIER_KNOTS.);
#11317 = CARTESIAN_POINT('',(14.566847133758,127.41,47.386496815287));
#11318 = CARTESIAN_POINT('',(14.679968152866,127.41,47.47974522293));
#11319 = CARTESIAN_POINT('',(14.826146496815,127.41,47.47974522293));
#11320 = PLANE('',#11321);
#11321 = AXIS2_PLACEMENT_3D('',#11322,#11323,#11324);
#11322 = CARTESIAN_POINT('',(14.827004157528,127.41,45.999727204792));
#11323 = DIRECTION('',(1.224646799147E-16,1.,1.110223024625E-16));
#11324 = DIRECTION('',(-1.,1.224646799147E-16,0.));
#11325 = ADVANCED_FACE('',(#11326),#11332,.T.);
#11326 = FACE_BOUND('',#11327,.F.);
#11327 = EDGE_LOOP('',(#11328,#11329,#11330,#11331));
#11328 = ORIENTED_EDGE('',*,*,#8669,.T.);
#11329 = ORIENTED_EDGE('',*,*,#8652,.T.);
#11330 = ORIENTED_EDGE('',*,*,#8628,.T.);
#11331 = ORIENTED_EDGE('',*,*,#8597,.T.);
#11332 = PLANE('',#11333);
#11333 = AXIS2_PLACEMENT_3D('',#11334,#11335,#11336);
#11334 = CARTESIAN_POINT('',(20.538184713376,127.41,45.449681528662));
#11335 = DIRECTION('',(1.224646799147E-16,1.,1.110223024625E-16));
#11336 = DIRECTION('',(-1.,1.224646799147E-16,0.));
#11337 = ADVANCED_FACE('',(#11338),#11368,.T.);
#11338 = FACE_BOUND('',#11339,.F.);
#11339 = EDGE_LOOP('',(#11340,#11341,#11342,#11343,#11344,#11345,#11346,
    #11347,#11348,#11349,#11350,#11351,#11352,#11353,#11354,#11355,
    #11356,#11357,#11358,#11359,#11360,#11361,#11362,#11363,#11364,
    #11365,#11366,#11367));
#11340 = ORIENTED_EDGE('',*,*,#9391,.T.);
#11341 = ORIENTED_EDGE('',*,*,#9372,.T.);
#11342 = ORIENTED_EDGE('',*,*,#9346,.T.);
#11343 = ORIENTED_EDGE('',*,*,#9320,.T.);
#11344 = ORIENTED_EDGE('',*,*,#9294,.T.);
#11345 = ORIENTED_EDGE('',*,*,#9268,.T.);
#11346 = ORIENTED_EDGE('',*,*,#9242,.T.);
#11347 = ORIENTED_EDGE('',*,*,#9216,.T.);
#11348 = ORIENTED_EDGE('',*,*,#9192,.T.);
#11349 = ORIENTED_EDGE('',*,*,#9166,.T.);
#11350 = ORIENTED_EDGE('',*,*,#9140,.T.);
#11351 = ORIENTED_EDGE('',*,*,#9114,.T.);
#11352 = ORIENTED_EDGE('',*,*,#9088,.T.);
#11353 = ORIENTED_EDGE('',*,*,#9062,.T.);
#11354 = ORIENTED_EDGE('',*,*,#9036,.T.);
#11355 = ORIENTED_EDGE('',*,*,#9012,.T.);
#11356 = ORIENTED_EDGE('',*,*,#8986,.T.);
#11357 = ORIENTED_EDGE('',*,*,#8960,.T.);
#11358 = ORIENTED_EDGE('',*,*,#8934,.T.);
#11359 = ORIENTED_EDGE('',*,*,#8908,.T.);
#11360 = ORIENTED_EDGE('',*,*,#8882,.T.);
#11361 = ORIENTED_EDGE('',*,*,#8856,.T.);
#11362 = ORIENTED_EDGE('',*,*,#8830,.T.);
#11363 = ORIENTED_EDGE('',*,*,#8804,.T.);
#11364 = ORIENTED_EDGE('',*,*,#8778,.T.);
#11365 = ORIENTED_EDGE('',*,*,#8752,.T.);
#11366 = ORIENTED_EDGE('',*,*,#8726,.T.);
#11367 = ORIENTED_EDGE('',*,*,#8693,.T.);
#11368 = PLANE('',#11369);
#11369 = AXIS2_PLACEMENT_3D('',#11370,#11371,#11372);
#11370 = CARTESIAN_POINT('',(18.025560890942,127.41,45.99018092049));
#11371 = DIRECTION('',(1.224646799147E-16,1.,1.110223024625E-16));
#11372 = DIRECTION('',(-1.,1.224646799147E-16,0.));
#11373 = ADVANCED_FACE('',(#11374,#11392),#11458,.T.);
#11374 = FACE_BOUND('',#11375,.F.);
#11375 = EDGE_LOOP('',(#11376,#11377,#11378,#11379,#11380,#11381,#11382,
    #11383,#11384,#11385,#11386,#11387,#11388,#11389,#11390,#11391));
#11376 = ORIENTED_EDGE('',*,*,#9805,.T.);
#11377 = ORIENTED_EDGE('',*,*,#9786,.T.);
#11378 = ORIENTED_EDGE('',*,*,#9760,.T.);
#11379 = ORIENTED_EDGE('',*,*,#9734,.T.);
#11380 = ORIENTED_EDGE('',*,*,#9708,.T.);
#11381 = ORIENTED_EDGE('',*,*,#9682,.T.);
#11382 = ORIENTED_EDGE('',*,*,#9656,.T.);
#11383 = ORIENTED_EDGE('',*,*,#9630,.T.);
#11384 = ORIENTED_EDGE('',*,*,#9604,.T.);
#11385 = ORIENTED_EDGE('',*,*,#9578,.T.);
#11386 = ORIENTED_EDGE('',*,*,#9552,.T.);
#11387 = ORIENTED_EDGE('',*,*,#9526,.T.);
#11388 = ORIENTED_EDGE('',*,*,#9500,.T.);
#11389 = ORIENTED_EDGE('',*,*,#9474,.T.);
#11390 = ORIENTED_EDGE('',*,*,#9448,.T.);
#11391 = ORIENTED_EDGE('',*,*,#9415,.T.);
#11392 = FACE_BOUND('',#11393,.F.);
#11393 = EDGE_LOOP('',(#11394,#11404,#11412,#11420,#11428,#11436,#11444,
    #11452));
#11394 = ORIENTED_EDGE('',*,*,#11395,.T.);
#11395 = EDGE_CURVE('',#11396,#11398,#11400,.T.);
#11396 = VERTEX_POINT('',#11397);
#11397 = CARTESIAN_POINT('',(22.834617834395,127.41,46.660573248408));
#11398 = VERTEX_POINT('',#11399);
#11399 = CARTESIAN_POINT('',(23.013853503185,127.41,47.264968152866));
#11400 = B_SPLINE_CURVE_WITH_KNOTS('',2,(#11401,#11402,#11403),
  .UNSPECIFIED.,.F.,.F.,(3,3),(0.,1.),.PIECEWISE_BEZIER_KNOTS.);
#11401 = CARTESIAN_POINT('',(22.834617834395,127.41,46.660573248408));
#11402 = CARTESIAN_POINT('',(22.834617834395,127.41,47.050191082803));
#11403 = CARTESIAN_POINT('',(23.013853503185,127.41,47.264968152866));
#11404 = ORIENTED_EDGE('',*,*,#11405,.T.);
#11405 = EDGE_CURVE('',#11398,#11406,#11408,.T.);
#11406 = VERTEX_POINT('',#11407);
#11407 = CARTESIAN_POINT('',(23.427929936306,127.41,47.47974522293));
#11408 = B_SPLINE_CURVE_WITH_KNOTS('',2,(#11409,#11410,#11411),
  .UNSPECIFIED.,.F.,.F.,(3,3),(0.,1.),.PIECEWISE_BEZIER_KNOTS.);
#11409 = CARTESIAN_POINT('',(23.013853503185,127.41,47.264968152866));
#11410 = CARTESIAN_POINT('',(23.192898089172,127.41,47.47974522293));
#11411 = CARTESIAN_POINT('',(23.427929936306,127.41,47.47974522293));
#11412 = ORIENTED_EDGE('',*,*,#11413,.T.);
#11413 = EDGE_CURVE('',#11406,#11414,#11416,.T.);
#11414 = VERTEX_POINT('',#11415);
#11415 = CARTESIAN_POINT('',(23.799203821656,127.41,47.303566878981));
#11416 = B_SPLINE_CURVE_WITH_KNOTS('',2,(#11417,#11418,#11419),
  .UNSPECIFIED.,.F.,.F.,(3,3),(0.,1.),.PIECEWISE_BEZIER_KNOTS.);
#11417 = CARTESIAN_POINT('',(23.427929936306,127.41,47.47974522293));
#11418 = CARTESIAN_POINT('',(23.651496815287,127.41,47.47974522293));
#11419 = CARTESIAN_POINT('',(23.799203821656,127.41,47.303566878981));
#11420 = ORIENTED_EDGE('',*,*,#11421,.T.);
#11421 = EDGE_CURVE('',#11414,#11422,#11424,.T.);
#11422 = VERTEX_POINT('',#11423);
#11423 = CARTESIAN_POINT('',(23.946719745223,127.41,46.726496815287));
#11424 = B_SPLINE_CURVE_WITH_KNOTS('',2,(#11425,#11426,#11427),
  .UNSPECIFIED.,.F.,.F.,(3,3),(0.,1.),.PIECEWISE_BEZIER_KNOTS.);
#11425 = CARTESIAN_POINT('',(23.799203821656,127.41,47.303566878981));
#11426 = CARTESIAN_POINT('',(23.946719745223,127.41,47.127388535032));
#11427 = CARTESIAN_POINT('',(23.946719745223,127.41,46.726496815287));
#11428 = ORIENTED_EDGE('',*,*,#11429,.T.);
#11429 = EDGE_CURVE('',#11422,#11430,#11432,.T.);
#11430 = VERTEX_POINT('',#11431);
#11431 = CARTESIAN_POINT('',(23.786210191083,127.41,46.129363057325));
#11432 = B_SPLINE_CURVE_WITH_KNOTS('',2,(#11433,#11434,#11435),
  .UNSPECIFIED.,.F.,.F.,(3,3),(0.,1.),.PIECEWISE_BEZIER_KNOTS.);
#11433 = CARTESIAN_POINT('',(23.946719745223,127.41,46.726496815287));
#11434 = CARTESIAN_POINT('',(23.946719745223,127.41,46.319872611465));
#11435 = CARTESIAN_POINT('',(23.786210191083,127.41,46.129363057325));
#11436 = ORIENTED_EDGE('',*,*,#11437,.T.);
#11437 = EDGE_CURVE('',#11430,#11438,#11440,.T.);
#11438 = VERTEX_POINT('',#11439);
#11439 = CARTESIAN_POINT('',(23.384936305732,127.41,45.938853503185));
#11440 = B_SPLINE_CURVE_WITH_KNOTS('',2,(#11441,#11442,#11443),
  .UNSPECIFIED.,.F.,.F.,(3,3),(0.,1.),.PIECEWISE_BEZIER_KNOTS.);
#11441 = CARTESIAN_POINT('',(23.786210191083,127.41,46.129363057325));
#11442 = CARTESIAN_POINT('',(23.625700636943,127.41,45.938853503185));
#11443 = CARTESIAN_POINT('',(23.384936305732,127.41,45.938853503185));
#11444 = ORIENTED_EDGE('',*,*,#11445,.T.);
#11445 = EDGE_CURVE('',#11438,#11446,#11448,.T.);
#11446 = VERTEX_POINT('',#11447);
#11447 = CARTESIAN_POINT('',(22.993789808917,127.41,46.122101910828));
#11448 = B_SPLINE_CURVE_WITH_KNOTS('',2,(#11449,#11450,#11451),
  .UNSPECIFIED.,.F.,.F.,(3,3),(0.,1.),.PIECEWISE_BEZIER_KNOTS.);
#11449 = CARTESIAN_POINT('',(23.384936305732,127.41,45.938853503185));
#11450 = CARTESIAN_POINT('',(23.152770700637,127.41,45.938853503185));
#11451 = CARTESIAN_POINT('',(22.993789808917,127.41,46.122101910828));
#11452 = ORIENTED_EDGE('',*,*,#11453,.T.);
#11453 = EDGE_CURVE('',#11446,#11396,#11454,.T.);
#11454 = B_SPLINE_CURVE_WITH_KNOTS('',2,(#11455,#11456,#11457),
  .UNSPECIFIED.,.F.,.F.,(3,3),(0.,1.),.PIECEWISE_BEZIER_KNOTS.);
#11455 = CARTESIAN_POINT('',(22.993789808917,127.41,46.122101910828));
#11456 = CARTESIAN_POINT('',(22.834617834395,127.41,46.305541401274));
#11457 = CARTESIAN_POINT('',(22.834617834395,127.41,46.660573248408));
#11458 = PLANE('',#11459);
#11459 = AXIS2_PLACEMENT_3D('',#11460,#11461,#11462);
#11460 = CARTESIAN_POINT('',(23.360923133591,127.41,45.970200444374));
#11461 = DIRECTION('',(1.224646799147E-16,1.,1.110223024625E-16));
#11462 = DIRECTION('',(-1.,1.224646799147E-16,0.));
#11463 = ADVANCED_FACE('',(#11464),#11475,.F.);
#11464 = FACE_BOUND('',#11465,.F.);
#11465 = EDGE_LOOP('',(#11466,#11467,#11473,#11474));
#11466 = ORIENTED_EDGE('',*,*,#11108,.T.);
#11467 = ORIENTED_EDGE('',*,*,#11468,.T.);
#11468 = EDGE_CURVE('',#11109,#3621,#11469,.T.);
#11469 = LINE('',#11470,#11471);
#11470 = CARTESIAN_POINT('',(9.6,47.,-1.));
#11471 = VECTOR('',#11472,1.);
#11472 = DIRECTION('',(0.,0.,1.));
#11473 = ORIENTED_EDGE('',*,*,#3620,.F.);
#11474 = ORIENTED_EDGE('',*,*,#11468,.F.);
#11475 = CYLINDRICAL_SURFACE('',#11476,1.7);
#11476 = AXIS2_PLACEMENT_3D('',#11477,#11478,#11479);
#11477 = CARTESIAN_POINT('',(7.9,47.,-1.));
#11478 = DIRECTION('',(0.,0.,1.));
#11479 = DIRECTION('',(1.,0.,-0.));
#11480 = ADVANCED_FACE('',(#11481),#11500,.F.);
#11481 = FACE_BOUND('',#11482,.F.);
#11482 = EDGE_LOOP('',(#11483,#11484,#11492,#11499));
#11483 = ORIENTED_EDGE('',*,*,#11133,.T.);
#11484 = ORIENTED_EDGE('',*,*,#11485,.T.);
#11485 = EDGE_CURVE('',#11134,#11486,#11488,.T.);
#11486 = VERTEX_POINT('',#11487);
#11487 = CARTESIAN_POINT('',(91.6,47.,8.4));
#11488 = LINE('',#11489,#11490);
#11489 = CARTESIAN_POINT('',(91.6,47.,-1.));
#11490 = VECTOR('',#11491,1.);
#11491 = DIRECTION('',(0.,0.,1.));
#11492 = ORIENTED_EDGE('',*,*,#11493,.F.);
#11493 = EDGE_CURVE('',#11486,#11486,#11494,.T.);
#11494 = CIRCLE('',#11495,1.7);
#11495 = AXIS2_PLACEMENT_3D('',#11496,#11497,#11498);
#11496 = CARTESIAN_POINT('',(89.9,47.,8.4));
#11497 = DIRECTION('',(0.,0.,1.));
#11498 = DIRECTION('',(1.,0.,-0.));
#11499 = ORIENTED_EDGE('',*,*,#11485,.F.);
#11500 = CYLINDRICAL_SURFACE('',#11501,1.7);
#11501 = AXIS2_PLACEMENT_3D('',#11502,#11503,#11504);
#11502 = CARTESIAN_POINT('',(89.9,47.,-1.));
#11503 = DIRECTION('',(0.,0.,1.));
#11504 = DIRECTION('',(1.,0.,-0.));
#11505 = ADVANCED_FACE('',(#11506),#11525,.F.);
#11506 = FACE_BOUND('',#11507,.F.);
#11507 = EDGE_LOOP('',(#11508,#11509,#11517,#11524));
#11508 = ORIENTED_EDGE('',*,*,#11158,.T.);
#11509 = ORIENTED_EDGE('',*,*,#11510,.T.);
#11510 = EDGE_CURVE('',#11159,#11511,#11513,.T.);
#11511 = VERTEX_POINT('',#11512);
#11512 = CARTESIAN_POINT('',(9.6,105.,8.4));
#11513 = LINE('',#11514,#11515);
#11514 = CARTESIAN_POINT('',(9.6,105.,-1.));
#11515 = VECTOR('',#11516,1.);
#11516 = DIRECTION('',(0.,0.,1.));
#11517 = ORIENTED_EDGE('',*,*,#11518,.F.);
#11518 = EDGE_CURVE('',#11511,#11511,#11519,.T.);
#11519 = CIRCLE('',#11520,1.7);
#11520 = AXIS2_PLACEMENT_3D('',#11521,#11522,#11523);
#11521 = CARTESIAN_POINT('',(7.9,105.,8.4));
#11522 = DIRECTION('',(0.,0.,1.));
#11523 = DIRECTION('',(1.,0.,-0.));
#11524 = ORIENTED_EDGE('',*,*,#11510,.F.);
#11525 = CYLINDRICAL_SURFACE('',#11526,1.7);
#11526 = AXIS2_PLACEMENT_3D('',#11527,#11528,#11529);
#11527 = CARTESIAN_POINT('',(7.9,105.,-1.));
#11528 = DIRECTION('',(0.,0.,1.));
#11529 = DIRECTION('',(1.,0.,-0.));
#11530 = ADVANCED_FACE('',(#11531),#11550,.F.);
#11531 = FACE_BOUND('',#11532,.F.);
#11532 = EDGE_LOOP('',(#11533,#11534,#11542,#11549));
#11533 = ORIENTED_EDGE('',*,*,#11183,.T.);
#11534 = ORIENTED_EDGE('',*,*,#11535,.T.);
#11535 = EDGE_CURVE('',#11184,#11536,#11538,.T.);
#11536 = VERTEX_POINT('',#11537);
#11537 = CARTESIAN_POINT('',(91.6,105.,8.4));
#11538 = LINE('',#11539,#11540);
#11539 = CARTESIAN_POINT('',(91.6,105.,-1.));
#11540 = VECTOR('',#11541,1.);
#11541 = DIRECTION('',(0.,0.,1.));
#11542 = ORIENTED_EDGE('',*,*,#11543,.F.);
#11543 = EDGE_CURVE('',#11536,#11536,#11544,.T.);
#11544 = CIRCLE('',#11545,1.7);
#11545 = AXIS2_PLACEMENT_3D('',#11546,#11547,#11548);
#11546 = CARTESIAN_POINT('',(89.9,105.,8.4));
#11547 = DIRECTION('',(0.,0.,1.));
#11548 = DIRECTION('',(1.,0.,-0.));
#11549 = ORIENTED_EDGE('',*,*,#11535,.F.);
#11550 = CYLINDRICAL_SURFACE('',#11551,1.7);
#11551 = AXIS2_PLACEMENT_3D('',#11552,#11553,#11554);
#11552 = CARTESIAN_POINT('',(89.9,105.,-1.));
#11553 = DIRECTION('',(0.,0.,1.));
#11554 = DIRECTION('',(1.,0.,-0.));
#11555 = ADVANCED_FACE('',(#11556),#11586,.T.);
#11556 = FACE_BOUND('',#11557,.T.);
#11557 = EDGE_LOOP('',(#11558,#11573,#11579,#11580));
#11558 = ORIENTED_EDGE('',*,*,#11559,.T.);
#11559 = EDGE_CURVE('',#11560,#11562,#11564,.T.);
#11560 = VERTEX_POINT('',#11561);
#11561 = CARTESIAN_POINT('',(15.086974522293,128.,47.386496815287));
#11562 = VERTEX_POINT('',#11563);
#11563 = CARTESIAN_POINT('',(14.826146496815,128.,47.47974522293));
#11564 = B_SPLINE_CURVE_WITH_KNOTS('',4,(#11565,#11566,#11567,#11568,
    #11569,#11570,#11571,#11572),.UNSPECIFIED.,.F.,.F.,(5,3,5),(0.,
    0.525071485545,1.),.UNSPECIFIED.);
#11565 = CARTESIAN_POINT('',(15.086974522293,128.,47.386496815287));
#11566 = CARTESIAN_POINT('',(15.056977572826,128.,47.410894334186));
#11567 = CARTESIAN_POINT('',(15.025443843886,128.,47.431116070397));
#11568 = CARTESIAN_POINT('',(14.992399479323,128.,47.447060023899));
#11569 = CARTESIAN_POINT('',(14.926699453394,128.,47.469239912499));
#11570 = CARTESIAN_POINT('',(14.894307798917,128.,47.476257647707));
#11571 = CARTESIAN_POINT('',(14.860770258373,128.,47.47974522293));
#11572 = CARTESIAN_POINT('',(14.826146496815,128.,47.47974522293));
#11573 = ORIENTED_EDGE('',*,*,#11574,.T.);
#11574 = EDGE_CURVE('',#11562,#11226,#11575,.T.);
#11575 = LINE('',#11576,#11577);
#11576 = CARTESIAN_POINT('',(14.826146496815,128.01,47.47974522293));
#11577 = VECTOR('',#11578,1.);
#11578 = DIRECTION('',(0.,-1.,0.));
#11579 = ORIENTED_EDGE('',*,*,#11225,.T.);
#11580 = ORIENTED_EDGE('',*,*,#11581,.F.);
#11581 = EDGE_CURVE('',#11560,#11228,#11582,.T.);
#11582 = LINE('',#11583,#11584);
#11583 = CARTESIAN_POINT('',(15.086974522293,128.01,47.386496815287));
#11584 = VECTOR('',#11585,1.);
#11585 = DIRECTION('',(0.,-1.,0.));
#11586 = SURFACE_OF_LINEAR_EXTRUSION('',#11587,#11591);
#11587 = B_SPLINE_CURVE_WITH_KNOTS('',2,(#11588,#11589,#11590),
  .UNSPECIFIED.,.F.,.F.,(3,3),(0.,1.),.PIECEWISE_BEZIER_KNOTS.);
#11588 = CARTESIAN_POINT('',(14.826146496815,128.01,47.47974522293));
#11589 = CARTESIAN_POINT('',(14.972324840764,128.01,47.47974522293));
#11590 = CARTESIAN_POINT('',(15.086974522293,128.01,47.386496815287));
#11591 = VECTOR('',#11592,1.);
#11592 = DIRECTION('',(-0.,1.,-0.));
#11593 = ADVANCED_FACE('',(#11594),#11616,.T.);
#11594 = FACE_BOUND('',#11595,.T.);
#11595 = EDGE_LOOP('',(#11596,#11608,#11609,#11610));
#11596 = ORIENTED_EDGE('',*,*,#11597,.T.);
#11597 = EDGE_CURVE('',#11598,#11560,#11600,.T.);
#11598 = VERTEX_POINT('',#11599);
#11599 = CARTESIAN_POINT('',(15.264681528662,128.,47.052101910828));
#11600 = B_SPLINE_CURVE_WITH_KNOTS('',6,(#11601,#11602,#11603,#11604,
    #11605,#11606,#11607),.UNSPECIFIED.,.F.,.F.,(7,7),(0.,1.),
  .PIECEWISE_BEZIER_KNOTS.);
#11601 = CARTESIAN_POINT('',(15.264681528662,128.,47.052101910828));
#11602 = CARTESIAN_POINT('',(15.244500279885,128.,47.129279898577));
#11603 = CARTESIAN_POINT('',(15.220742485137,128.,47.198920274164));
#11604 = CARTESIAN_POINT('',(15.193207053104,128.,47.260192408383));
#11605 = CARTESIAN_POINT('',(15.161743173458,128.,47.312285900222));
#11606 = CARTESIAN_POINT('',(15.126294961482,128.,47.354516191413));
#11607 = CARTESIAN_POINT('',(15.086974522293,128.,47.386496815287));
#11608 = ORIENTED_EDGE('',*,*,#11581,.T.);
#11609 = ORIENTED_EDGE('',*,*,#11235,.T.);
#11610 = ORIENTED_EDGE('',*,*,#11611,.F.);
#11611 = EDGE_CURVE('',#11598,#11236,#11612,.T.);
#11612 = LINE('',#11613,#11614);
#11613 = CARTESIAN_POINT('',(15.264681528662,128.01,47.052101910828));
#11614 = VECTOR('',#11615,1.);
#11615 = DIRECTION('',(0.,-1.,0.));
#11616 = SURFACE_OF_LINEAR_EXTRUSION('',#11617,#11621);
#11617 = B_SPLINE_CURVE_WITH_KNOTS('',2,(#11618,#11619,#11620),
  .UNSPECIFIED.,.F.,.F.,(3,3),(0.,1.),.PIECEWISE_BEZIER_KNOTS.);
#11618 = CARTESIAN_POINT('',(15.086974522293,128.01,47.386496815287));
#11619 = CARTESIAN_POINT('',(15.201624203822,128.01,47.293248407643));
#11620 = CARTESIAN_POINT('',(15.264681528662,128.01,47.052101910828));
#11621 = VECTOR('',#11622,1.);
#11622 = DIRECTION('',(-0.,1.,-0.));
#11623 = ADVANCED_FACE('',(#11624),#11653,.T.);
#11624 = FACE_BOUND('',#11625,.T.);
#11625 = EDGE_LOOP('',(#11626,#11645,#11646,#11647));
#11626 = ORIENTED_EDGE('',*,*,#11627,.T.);
#11627 = EDGE_CURVE('',#11628,#11598,#11630,.T.);
#11628 = VERTEX_POINT('',#11629);
#11629 = CARTESIAN_POINT('',(15.347802547771,128.,45.99847133758));
#11630 = B_SPLINE_CURVE_WITH_KNOTS('',7,(#11631,#11632,#11633,#11634,
    #11635,#11636,#11637,#11638,#11639,#11640,#11641,#11642,#11643,
    #11644),.UNSPECIFIED.,.F.,.F.,(8,6,8),(0.,0.915617939452,1.),
  .UNSPECIFIED.);
#11631 = CARTESIAN_POINT('',(15.347802547771,128.,45.99847133758));
#11632 = CARTESIAN_POINT('',(15.347802547771,128.,46.157594663962));
#11633 = CARTESIAN_POINT('',(15.345564853031,128.,46.312673993285));
#11634 = CARTESIAN_POINT('',(15.340708205656,128.,46.463487124719));
#11635 = CARTESIAN_POINT('',(15.332691799455,128.,46.608860581939));
#11636 = CARTESIAN_POINT('',(15.320748320181,128.,46.746510072432));
#11637 = CARTESIAN_POINT('',(15.303931917014,128.,46.873159874796));
#11638 = CARTESIAN_POINT('',(15.278639171494,128.,46.993998632545));
#11639 = CARTESIAN_POINT('',(15.276451673239,128.,47.0040563185));
#11640 = CARTESIAN_POINT('',(15.274209950041,128.,47.01397068191));
#11641 = CARTESIAN_POINT('',(15.271913030778,128.,47.023737186311));
#11642 = CARTESIAN_POINT('',(15.26955995388,128.,47.033351143907));
#11643 = CARTESIAN_POINT('',(15.26714976733,128.,47.042807715568));
#11644 = CARTESIAN_POINT('',(15.264681528662,128.,47.052101910828));
#11645 = ORIENTED_EDGE('',*,*,#11611,.T.);
#11646 = ORIENTED_EDGE('',*,*,#11243,.T.);
#11647 = ORIENTED_EDGE('',*,*,#11648,.F.);
#11648 = EDGE_CURVE('',#11628,#11244,#11649,.T.);
#11649 = LINE('',#11650,#11651);
#11650 = CARTESIAN_POINT('',(15.347802547771,128.01,45.99847133758));
#11651 = VECTOR('',#11652,1.);
#11652 = DIRECTION('',(0.,-1.,0.));
#11653 = SURFACE_OF_LINEAR_EXTRUSION('',#11654,#11658);
#11654 = B_SPLINE_CURVE_WITH_KNOTS('',2,(#11655,#11656,#11657),
  .UNSPECIFIED.,.F.,.F.,(3,3),(0.,1.),.PIECEWISE_BEZIER_KNOTS.);
#11655 = CARTESIAN_POINT('',(15.264681528662,128.01,47.052101910828));
#11656 = CARTESIAN_POINT('',(15.347802547771,128.01,46.739108280255));
#11657 = CARTESIAN_POINT('',(15.347802547771,128.01,45.99847133758));
#11658 = VECTOR('',#11659,1.);
#11659 = DIRECTION('',(-0.,1.,-0.));
#11660 = ADVANCED_FACE('',(#11661),#11688,.T.);
#11661 = FACE_BOUND('',#11662,.T.);
#11662 = EDGE_LOOP('',(#11663,#11680,#11681,#11682));
#11663 = ORIENTED_EDGE('',*,*,#11664,.T.);
#11664 = EDGE_CURVE('',#11665,#11628,#11667,.T.);
#11665 = VERTEX_POINT('',#11666);
#11666 = CARTESIAN_POINT('',(15.273280254777,128.,44.980955414013));
#11667 = B_SPLINE_CURVE_WITH_KNOTS('',6,(#11668,#11669,#11670,#11671,
    #11672,#11673,#11674,#11675,#11676,#11677,#11678,#11679),
  .UNSPECIFIED.,.F.,.F.,(7,5,7),(0.,0.807526417845,1.),.UNSPECIFIED.);
#11668 = CARTESIAN_POINT('',(15.273280254777,128.,44.980955414013));
#11669 = CARTESIAN_POINT('',(15.298396579931,128.,45.074336622919));
#11670 = CARTESIAN_POINT('',(15.316431527901,128.,45.191852068701));
#11671 = CARTESIAN_POINT('',(15.329102609921,128.,45.324812722309));
#11672 = CARTESIAN_POINT('',(15.337675493593,128.,45.467469479014));
#11673 = CARTESIAN_POINT('',(15.343071559719,128.,45.616710060751));
#11674 = CARTESIAN_POINT('',(15.346538066366,128.,45.809086273503));
#11675 = CARTESIAN_POINT('',(15.347057151927,128.,45.846425185379));
#11676 = CARTESIAN_POINT('',(15.347436148797,128.,45.884052519912));
#11677 = CARTESIAN_POINT('',(15.347682398579,128.,45.921947645501));
#11678 = CARTESIAN_POINT('',(15.347802547771,128.,45.960092449372));
#11679 = CARTESIAN_POINT('',(15.347802547771,128.,45.99847133758));
#11680 = ORIENTED_EDGE('',*,*,#11648,.T.);
#11681 = ORIENTED_EDGE('',*,*,#11251,.T.);
#11682 = ORIENTED_EDGE('',*,*,#11683,.F.);
#11683 = EDGE_CURVE('',#11665,#11252,#11684,.T.);
#11684 = LINE('',#11685,#11686);
#11685 = CARTESIAN_POINT('',(15.273280254777,128.01,44.980955414013));
#11686 = VECTOR('',#11687,1.);
#11687 = DIRECTION('',(0.,-1.,0.));
#11688 = SURFACE_OF_LINEAR_EXTRUSION('',#11689,#11693);
#11689 = B_SPLINE_CURVE_WITH_KNOTS('',2,(#11690,#11691,#11692),
  .UNSPECIFIED.,.F.,.F.,(3,3),(0.,1.),.PIECEWISE_BEZIER_KNOTS.);
#11690 = CARTESIAN_POINT('',(15.347802547771,128.01,45.99847133758));
#11691 = CARTESIAN_POINT('',(15.347802547771,128.01,45.258025477707));
#11692 = CARTESIAN_POINT('',(15.273280254777,128.01,44.980955414013));
#11693 = VECTOR('',#11694,1.);
#11694 = DIRECTION('',(-0.,1.,-0.));
#11695 = ADVANCED_FACE('',(#11696),#11718,.T.);
#11696 = FACE_BOUND('',#11697,.T.);
#11697 = EDGE_LOOP('',(#11698,#11710,#11711,#11712));
#11698 = ORIENTED_EDGE('',*,*,#11699,.T.);
#11699 = EDGE_CURVE('',#11700,#11665,#11702,.T.);
#11700 = VERTEX_POINT('',#11701);
#11701 = CARTESIAN_POINT('',(15.085636942675,128.,44.611974522293));
#11702 = B_SPLINE_CURVE_WITH_KNOTS('',6,(#11703,#11704,#11705,#11706,
    #11707,#11708,#11709),.UNSPECIFIED.,.F.,.F.,(7,7),(0.,1.),
  .PIECEWISE_BEZIER_KNOTS.);
#11703 = CARTESIAN_POINT('',(15.085636942675,128.,44.611974522293));
#11704 = CARTESIAN_POINT('',(15.124998656408,128.,44.643955914701));
#11705 = CARTESIAN_POINT('',(15.161174288715,128.,44.689078103162));
#11706 = CARTESIAN_POINT('',(15.193987563545,128.,44.746624816639));
#11707 = CARTESIAN_POINT('',(15.22349489929,128.,44.815338575501));
#11708 = CARTESIAN_POINT('',(15.249856442584,128.,44.8938668815));
#11709 = CARTESIAN_POINT('',(15.273280254777,128.,44.980955414013));
#11710 = ORIENTED_EDGE('',*,*,#11683,.T.);
#11711 = ORIENTED_EDGE('',*,*,#11259,.T.);
#11712 = ORIENTED_EDGE('',*,*,#11713,.F.);
#11713 = EDGE_CURVE('',#11700,#11260,#11714,.T.);
#11714 = LINE('',#11715,#11716);
#11715 = CARTESIAN_POINT('',(15.085636942675,128.01,44.611974522293));
#11716 = VECTOR('',#11717,1.);
#11717 = DIRECTION('',(0.,-1.,0.));
#11718 = SURFACE_OF_LINEAR_EXTRUSION('',#11719,#11723);
#11719 = B_SPLINE_CURVE_WITH_KNOTS('',2,(#11720,#11721,#11722),
  .UNSPECIFIED.,.F.,.F.,(3,3),(0.,1.),.PIECEWISE_BEZIER_KNOTS.);
#11720 = CARTESIAN_POINT('',(15.273280254777,128.01,44.980955414013));
#11721 = CARTESIAN_POINT('',(15.198757961783,128.01,44.703885350318));
#11722 = CARTESIAN_POINT('',(15.085636942675,128.01,44.611974522293));
#11723 = VECTOR('',#11724,1.);
#11724 = DIRECTION('',(-0.,1.,-0.));
#11725 = ADVANCED_FACE('',(#11726),#11749,.T.);
#11726 = FACE_BOUND('',#11727,.T.);
#11727 = EDGE_LOOP('',(#11728,#11741,#11742,#11743));
#11728 = ORIENTED_EDGE('',*,*,#11729,.T.);
#11729 = EDGE_CURVE('',#11730,#11700,#11732,.T.);
#11730 = VERTEX_POINT('',#11731);
#11731 = CARTESIAN_POINT('',(14.826146496815,128.,44.52025477707));
#11732 = B_SPLINE_CURVE_WITH_KNOTS('',4,(#11733,#11734,#11735,#11736,
    #11737,#11738,#11739,#11740),.UNSPECIFIED.,.F.,.F.,(5,3,5),(0.,
    0.507016564746,1.),.UNSPECIFIED.);
#11733 = CARTESIAN_POINT('',(14.826146496815,128.,44.52025477707));
#11734 = CARTESIAN_POINT('',(14.863091704193,128.,44.52025477707));
#11735 = CARTESIAN_POINT('',(14.898747706665,128.,44.524160582246));
#11736 = CARTESIAN_POINT('',(14.933041712433,128.,44.532025311344));
#11737 = CARTESIAN_POINT('',(14.997894407164,128.,44.555310417467));
#11738 = CARTESIAN_POINT('',(15.028530458719,128.,44.570515724598));
#11739 = CARTESIAN_POINT('',(15.0577850722,128.,44.589430006563));
#11740 = CARTESIAN_POINT('',(15.085636942675,128.,44.611974522293));
#11741 = ORIENTED_EDGE('',*,*,#11713,.T.);
#11742 = ORIENTED_EDGE('',*,*,#11267,.T.);
#11743 = ORIENTED_EDGE('',*,*,#11744,.F.);
#11744 = EDGE_CURVE('',#11730,#11268,#11745,.T.);
#11745 = LINE('',#11746,#11747);
#11746 = CARTESIAN_POINT('',(14.826146496815,128.01,44.52025477707));
#11747 = VECTOR('',#11748,1.);
#11748 = DIRECTION('',(0.,-1.,0.));
#11749 = SURFACE_OF_LINEAR_EXTRUSION('',#11750,#11754);
#11750 = B_SPLINE_CURVE_WITH_KNOTS('',2,(#11751,#11752,#11753),
  .UNSPECIFIED.,.F.,.F.,(3,3),(0.,1.),.PIECEWISE_BEZIER_KNOTS.);
#11751 = CARTESIAN_POINT('',(15.085636942675,128.01,44.611974522293));
#11752 = CARTESIAN_POINT('',(14.972324840764,128.01,44.52025477707));
#11753 = CARTESIAN_POINT('',(14.826146496815,128.01,44.52025477707));
#11754 = VECTOR('',#11755,1.);
#11755 = DIRECTION('',(-0.,1.,-0.));
#11756 = ADVANCED_FACE('',(#11757),#11780,.T.);
#11757 = FACE_BOUND('',#11758,.T.);
#11758 = EDGE_LOOP('',(#11759,#11772,#11773,#11774));
#11759 = ORIENTED_EDGE('',*,*,#11760,.T.);
#11760 = EDGE_CURVE('',#11761,#11730,#11763,.T.);
#11761 = VERTEX_POINT('',#11762);
#11762 = CARTESIAN_POINT('',(14.565318471338,128.,44.613503184713));
#11763 = B_SPLINE_CURVE_WITH_KNOTS('',4,(#11764,#11765,#11766,#11767,
    #11768,#11769,#11770,#11771),.UNSPECIFIED.,.F.,.F.,(5,3,5),(0.,
    0.525071485545,1.),.UNSPECIFIED.);
#11764 = CARTESIAN_POINT('',(14.565318471338,128.,44.613503184713));
#11765 = CARTESIAN_POINT('',(14.595315420804,128.,44.589105665814));
#11766 = CARTESIAN_POINT('',(14.626849149744,128.,44.568883929603));
#11767 = CARTESIAN_POINT('',(14.659893514307,128.,44.552939976101));
#11768 = CARTESIAN_POINT('',(14.725593540237,128.,44.530760087501));
#11769 = CARTESIAN_POINT('',(14.757985194714,128.,44.523742352293));
#11770 = CARTESIAN_POINT('',(14.791522735258,128.,44.52025477707));
#11771 = CARTESIAN_POINT('',(14.826146496815,128.,44.52025477707));
#11772 = ORIENTED_EDGE('',*,*,#11744,.T.);
#11773 = ORIENTED_EDGE('',*,*,#11275,.T.);
#11774 = ORIENTED_EDGE('',*,*,#11775,.F.);
#11775 = EDGE_CURVE('',#11761,#11276,#11776,.T.);
#11776 = LINE('',#11777,#11778);
#11777 = CARTESIAN_POINT('',(14.565318471338,128.01,44.613503184713));
#11778 = VECTOR('',#11779,1.);
#11779 = DIRECTION('',(0.,-1.,0.));
#11780 = SURFACE_OF_LINEAR_EXTRUSION('',#11781,#11785);
#11781 = B_SPLINE_CURVE_WITH_KNOTS('',2,(#11782,#11783,#11784),
  .UNSPECIFIED.,.F.,.F.,(3,3),(0.,1.),.PIECEWISE_BEZIER_KNOTS.);
#11782 = CARTESIAN_POINT('',(14.826146496815,128.01,44.52025477707));
#11783 = CARTESIAN_POINT('',(14.679968152866,128.01,44.52025477707));
#11784 = CARTESIAN_POINT('',(14.565318471338,128.01,44.613503184713));
#11785 = VECTOR('',#11786,1.);
#11786 = DIRECTION('',(-0.,1.,-0.));
#11787 = ADVANCED_FACE('',(#11788),#11810,.T.);
#11788 = FACE_BOUND('',#11789,.T.);
#11789 = EDGE_LOOP('',(#11790,#11802,#11803,#11804));
#11790 = ORIENTED_EDGE('',*,*,#11791,.T.);
#11791 = EDGE_CURVE('',#11792,#11761,#11794,.T.);
#11792 = VERTEX_POINT('',#11793);
#11793 = CARTESIAN_POINT('',(14.387611464968,128.,44.947898089172));
#11794 = B_SPLINE_CURVE_WITH_KNOTS('',6,(#11795,#11796,#11797,#11798,
    #11799,#11800,#11801),.UNSPECIFIED.,.F.,.F.,(7,7),(0.,1.),
  .PIECEWISE_BEZIER_KNOTS.);
#11795 = CARTESIAN_POINT('',(14.387611464968,128.,44.947898089172));
#11796 = CARTESIAN_POINT('',(14.407792713746,128.,44.870720101423));
#11797 = CARTESIAN_POINT('',(14.431550508494,128.,44.801079725836));
#11798 = CARTESIAN_POINT('',(14.459085940527,128.,44.739807591617));
#11799 = CARTESIAN_POINT('',(14.490549820173,128.,44.687714099778));
#11800 = CARTESIAN_POINT('',(14.525998032148,128.,44.645483808587));
#11801 = CARTESIAN_POINT('',(14.565318471338,128.,44.613503184713));
#11802 = ORIENTED_EDGE('',*,*,#11775,.T.);
#11803 = ORIENTED_EDGE('',*,*,#11283,.T.);
#11804 = ORIENTED_EDGE('',*,*,#11805,.F.);
#11805 = EDGE_CURVE('',#11792,#11284,#11806,.T.);
#11806 = LINE('',#11807,#11808);
#11807 = CARTESIAN_POINT('',(14.387611464968,128.01,44.947898089172));
#11808 = VECTOR('',#11809,1.);
#11809 = DIRECTION('',(0.,-1.,0.));
#11810 = SURFACE_OF_LINEAR_EXTRUSION('',#11811,#11815);
#11811 = B_SPLINE_CURVE_WITH_KNOTS('',2,(#11812,#11813,#11814),
  .UNSPECIFIED.,.F.,.F.,(3,3),(0.,1.),.PIECEWISE_BEZIER_KNOTS.);
#11812 = CARTESIAN_POINT('',(14.565318471338,128.01,44.613503184713));
#11813 = CARTESIAN_POINT('',(14.450668789809,128.01,44.706751592357));
#11814 = CARTESIAN_POINT('',(14.387611464968,128.01,44.947898089172));
#11815 = VECTOR('',#11816,1.);
#11816 = DIRECTION('',(-0.,1.,-0.));
#11817 = ADVANCED_FACE('',(#11818),#11847,.T.);
#11818 = FACE_BOUND('',#11819,.T.);
#11819 = EDGE_LOOP('',(#11820,#11839,#11840,#11841));
#11820 = ORIENTED_EDGE('',*,*,#11821,.T.);
#11821 = EDGE_CURVE('',#11822,#11792,#11824,.T.);
#11822 = VERTEX_POINT('',#11823);
#11823 = CARTESIAN_POINT('',(14.30449044586,128.,45.99847133758));
#11824 = B_SPLINE_CURVE_WITH_KNOTS('',7,(#11825,#11826,#11827,#11828,
    #11829,#11830,#11831,#11832,#11833,#11834,#11835,#11836,#11837,
    #11838),.UNSPECIFIED.,.F.,.F.,(8,6,8),(0.,0.912338079436,1.),
  .UNSPECIFIED.);
#11825 = CARTESIAN_POINT('',(14.30449044586,128.,45.99847133758));
#11826 = CARTESIAN_POINT('',(14.30449044586,128.,45.840149622025));
#11827 = CARTESIAN_POINT('',(14.306706790921,128.,45.685862421973));
#11828 = CARTESIAN_POINT('',(14.311517566737,128.,45.535828466383));
#11829 = CARTESIAN_POINT('',(14.319459485745,128.,45.391218898399));
#11830 = CARTESIAN_POINT('',(14.331294714557,128.,45.254317669555));
#11831 = CARTESIAN_POINT('',(14.347962630686,128.,45.12840070677));
#11832 = CARTESIAN_POINT('',(14.373129974371,128.,45.007918447658));
#11833 = CARTESIAN_POINT('',(14.375393618118,128.,44.997507671212));
#11834 = CARTESIAN_POINT('',(14.377715792482,128.,44.987252799414));
#11835 = CARTESIAN_POINT('',(14.380097589954,128.,44.977158985217));
#11836 = CARTESIAN_POINT('',(14.38254009096,128.,44.96723155967));
#11837 = CARTESIAN_POINT('',(14.385044363864,128.,44.957476031912));
#11838 = CARTESIAN_POINT('',(14.387611464968,128.,44.947898089172));
#11839 = ORIENTED_EDGE('',*,*,#11805,.T.);
#11840 = ORIENTED_EDGE('',*,*,#11291,.T.);
#11841 = ORIENTED_EDGE('',*,*,#11842,.F.);
#11842 = EDGE_CURVE('',#11822,#11292,#11843,.T.);
#11843 = LINE('',#11844,#11845);
#11844 = CARTESIAN_POINT('',(14.30449044586,128.01,45.99847133758));
#11845 = VECTOR('',#11846,1.);
#11846 = DIRECTION('',(0.,-1.,0.));
#11847 = SURFACE_OF_LINEAR_EXTRUSION('',#11848,#11852);
#11848 = B_SPLINE_CURVE_WITH_KNOTS('',2,(#11849,#11850,#11851),
  .UNSPECIFIED.,.F.,.F.,(3,3),(0.,1.),.PIECEWISE_BEZIER_KNOTS.);
#11849 = CARTESIAN_POINT('',(14.387611464968,128.01,44.947898089172));
#11850 = CARTESIAN_POINT('',(14.30449044586,128.01,45.258025477707));
#11851 = CARTESIAN_POINT('',(14.30449044586,128.01,45.99847133758));
#11852 = VECTOR('',#11853,1.);
#11853 = DIRECTION('',(-0.,1.,-0.));
#11854 = ADVANCED_FACE('',(#11855),#11882,.T.);
#11855 = FACE_BOUND('',#11856,.T.);
#11856 = EDGE_LOOP('',(#11857,#11874,#11875,#11876));
#11857 = ORIENTED_EDGE('',*,*,#11858,.T.);
#11858 = EDGE_CURVE('',#11859,#11822,#11861,.T.);
#11859 = VERTEX_POINT('',#11860);
#11860 = CARTESIAN_POINT('',(14.379012738854,128.,47.016178343949));
#11861 = B_SPLINE_CURVE_WITH_KNOTS('',6,(#11862,#11863,#11864,#11865,
    #11866,#11867,#11868,#11869,#11870,#11871,#11872,#11873),
  .UNSPECIFIED.,.F.,.F.,(7,5,7),(0.,0.807513896768,1.),.UNSPECIFIED.);
#11862 = CARTESIAN_POINT('',(14.379012738854,128.,47.016178343949));
#11863 = CARTESIAN_POINT('',(14.35389428225,128.,46.922789210422));
#11864 = CARTESIAN_POINT('',(14.335859374108,128.,46.80525235213));
#11865 = CARTESIAN_POINT('',(14.323188932459,128.,46.672265802804));
#11866 = CARTESIAN_POINT('',(14.314616806689,128.,46.529582425549));
#11867 = CARTESIAN_POINT('',(14.309221242114,128.,46.380315947726));
#11868 = CARTESIAN_POINT('',(14.305754919232,128.,46.187903616128));
#11869 = CARTESIAN_POINT('',(14.305235832601,128.,46.150555303498));
#11870 = CARTESIAN_POINT('',(14.304856838408,128.,46.112918539346));
#11871 = CARTESIAN_POINT('',(14.304610592374,128.,46.075013964056));
#11872 = CARTESIAN_POINT('',(14.30449044586,128.,46.036859697207));
#11873 = CARTESIAN_POINT('',(14.30449044586,128.,45.99847133758));
#11874 = ORIENTED_EDGE('',*,*,#11842,.T.);
#11875 = ORIENTED_EDGE('',*,*,#11299,.T.);
#11876 = ORIENTED_EDGE('',*,*,#11877,.F.);
#11877 = EDGE_CURVE('',#11859,#11300,#11878,.T.);
#11878 = LINE('',#11879,#11880);
#11879 = CARTESIAN_POINT('',(14.379012738854,128.01,47.016178343949));
#11880 = VECTOR('',#11881,1.);
#11881 = DIRECTION('',(0.,-1.,0.));
#11882 = SURFACE_OF_LINEAR_EXTRUSION('',#11883,#11887);
#11883 = B_SPLINE_CURVE_WITH_KNOTS('',2,(#11884,#11885,#11886),
  .UNSPECIFIED.,.F.,.F.,(3,3),(0.,1.),.PIECEWISE_BEZIER_KNOTS.);
#11884 = CARTESIAN_POINT('',(14.30449044586,128.01,45.99847133758));
#11885 = CARTESIAN_POINT('',(14.30449044586,128.01,46.739108280255));
#11886 = CARTESIAN_POINT('',(14.379012738854,128.01,47.016178343949));
#11887 = VECTOR('',#11888,1.);
#11888 = DIRECTION('',(-0.,1.,-0.));
#11889 = ADVANCED_FACE('',(#11890),#11912,.T.);
#11890 = FACE_BOUND('',#11891,.T.);
#11891 = EDGE_LOOP('',(#11892,#11904,#11905,#11906));
#11892 = ORIENTED_EDGE('',*,*,#11893,.T.);
#11893 = EDGE_CURVE('',#11894,#11859,#11896,.T.);
#11894 = VERTEX_POINT('',#11895);
#11895 = CARTESIAN_POINT('',(14.566847133758,128.,47.386496815287));
#11896 = B_SPLINE_CURVE_WITH_KNOTS('',6,(#11897,#11898,#11899,#11900,
    #11901,#11902,#11903),.UNSPECIFIED.,.F.,.F.,(7,7),(0.,1.),
  .PIECEWISE_BEZIER_KNOTS.);
#11897 = CARTESIAN_POINT('',(14.566847133758,128.,47.386496815287));
#11898 = CARTESIAN_POINT('',(14.527424895559,128.,47.354054905943));
#11899 = CARTESIAN_POINT('',(14.491204786577,128.,47.308579883025));
#11900 = CARTESIAN_POINT('',(14.458357472267,128.,47.250786626183));
#11901 = CARTESIAN_POINT('',(14.428824635509,128.,47.181915886851));
#11902 = CARTESIAN_POINT('',(14.402445671164,128.,47.103300784592));
#11903 = CARTESIAN_POINT('',(14.379012738854,128.,47.016178343949));
#11904 = ORIENTED_EDGE('',*,*,#11877,.T.);
#11905 = ORIENTED_EDGE('',*,*,#11307,.T.);
#11906 = ORIENTED_EDGE('',*,*,#11907,.F.);
#11907 = EDGE_CURVE('',#11894,#11308,#11908,.T.);
#11908 = LINE('',#11909,#11910);
#11909 = CARTESIAN_POINT('',(14.566847133758,128.01,47.386496815287));
#11910 = VECTOR('',#11911,1.);
#11911 = DIRECTION('',(0.,-1.,0.));
#11912 = SURFACE_OF_LINEAR_EXTRUSION('',#11913,#11917);
#11913 = B_SPLINE_CURVE_WITH_KNOTS('',2,(#11914,#11915,#11916),
  .UNSPECIFIED.,.F.,.F.,(3,3),(0.,1.),.PIECEWISE_BEZIER_KNOTS.);
#11914 = CARTESIAN_POINT('',(14.379012738854,128.01,47.016178343949));
#11915 = CARTESIAN_POINT('',(14.453535031847,128.01,47.293248407643));
#11916 = CARTESIAN_POINT('',(14.566847133758,128.01,47.386496815287));
#11917 = VECTOR('',#11918,1.);
#11918 = DIRECTION('',(-0.,1.,-0.));
#11919 = ADVANCED_FACE('',(#11920),#11936,.T.);
#11920 = FACE_BOUND('',#11921,.T.);
#11921 = EDGE_LOOP('',(#11922,#11933,#11934,#11935));
#11922 = ORIENTED_EDGE('',*,*,#11923,.T.);
#11923 = EDGE_CURVE('',#11562,#11894,#11924,.T.);
#11924 = B_SPLINE_CURVE_WITH_KNOTS('',4,(#11925,#11926,#11927,#11928,
    #11929,#11930,#11931,#11932),.UNSPECIFIED.,.F.,.F.,(5,3,5),(0.,
    0.494978980643,1.),.UNSPECIFIED.);
#11925 = CARTESIAN_POINT('',(14.826146496815,128.,47.47974522293));
#11926 = CARTESIAN_POINT('',(14.790073730814,128.,47.47974522293));
#11927 = CARTESIAN_POINT('',(14.755237150323,128.,47.475959644659));
#11928 = CARTESIAN_POINT('',(14.721706294895,128.,47.468337939662));
#11929 = CARTESIAN_POINT('',(14.65670052934,128.,47.445224013087));
#11930 = CARTESIAN_POINT('',(14.625280860701,128.,47.429575147067));
#11931 = CARTESIAN_POINT('',(14.595322124188,128.,47.409969442533));
#11932 = CARTESIAN_POINT('',(14.566847133758,128.,47.386496815287));
#11933 = ORIENTED_EDGE('',*,*,#11907,.T.);
#11934 = ORIENTED_EDGE('',*,*,#11315,.T.);
#11935 = ORIENTED_EDGE('',*,*,#11574,.F.);
#11936 = SURFACE_OF_LINEAR_EXTRUSION('',#11937,#11941);
#11937 = B_SPLINE_CURVE_WITH_KNOTS('',2,(#11938,#11939,#11940),
  .UNSPECIFIED.,.F.,.F.,(3,3),(0.,1.),.PIECEWISE_BEZIER_KNOTS.);
#11938 = CARTESIAN_POINT('',(14.566847133758,128.01,47.386496815287));
#11939 = CARTESIAN_POINT('',(14.679968152866,128.01,47.47974522293));
#11940 = CARTESIAN_POINT('',(14.826146496815,128.01,47.47974522293));
#11941 = VECTOR('',#11942,1.);
#11942 = DIRECTION('',(-0.,1.,-0.));
#11943 = ADVANCED_FACE('',(#11944),#11976,.T.);
#11944 = FACE_BOUND('',#11945,.T.);
#11945 = EDGE_LOOP('',(#11946,#11963,#11969,#11970));
#11946 = ORIENTED_EDGE('',*,*,#11947,.T.);
#11947 = EDGE_CURVE('',#11948,#11950,#11952,.T.);
#11948 = VERTEX_POINT('',#11949);
#11949 = CARTESIAN_POINT('',(23.013853503185,128.,47.264968152866));
#11950 = VERTEX_POINT('',#11951);
#11951 = CARTESIAN_POINT('',(22.834617834395,128.,46.660573248408));
#11952 = B_SPLINE_CURVE_WITH_KNOTS('',5,(#11953,#11954,#11955,#11956,
    #11957,#11958,#11959,#11960,#11961,#11962),.UNSPECIFIED.,.F.,.F.,(6,
    4,6),(0.,0.489048576049,1.),.UNSPECIFIED.);
#11953 = CARTESIAN_POINT('',(23.013853503185,128.,47.264968152866));
#11954 = CARTESIAN_POINT('',(22.977429568634,128.,47.221321561784));
#11955 = CARTESIAN_POINT('',(22.945706021919,128.,47.173250944543));
#11956 = CARTESIAN_POINT('',(22.918801747228,128.,47.120980885502));
#11957 = CARTESIAN_POINT('',(22.896647951716,128.,47.06485576571));
#11958 = CARTESIAN_POINT('',(22.860702740178,128.,46.943018455307));
#11959 = CARTESIAN_POINT('',(22.847329047945,128.,46.876984379891));
#11960 = CARTESIAN_POINT('',(22.838743485424,128.,46.807607832524));
#11961 = CARTESIAN_POINT('',(22.834617834395,128.,46.735341951941));
#11962 = CARTESIAN_POINT('',(22.834617834395,128.,46.660573248408));
#11963 = ORIENTED_EDGE('',*,*,#11964,.T.);
#11964 = EDGE_CURVE('',#11950,#11396,#11965,.T.);
#11965 = LINE('',#11966,#11967);
#11966 = CARTESIAN_POINT('',(22.834617834395,128.01,46.660573248408));
#11967 = VECTOR('',#11968,1.);
#11968 = DIRECTION('',(0.,-1.,0.));
#11969 = ORIENTED_EDGE('',*,*,#11395,.T.);
#11970 = ORIENTED_EDGE('',*,*,#11971,.F.);
#11971 = EDGE_CURVE('',#11948,#11398,#11972,.T.);
#11972 = LINE('',#11973,#11974);
#11973 = CARTESIAN_POINT('',(23.013853503185,128.01,47.264968152866));
#11974 = VECTOR('',#11975,1.);
#11975 = DIRECTION('',(0.,-1.,0.));
#11976 = SURFACE_OF_LINEAR_EXTRUSION('',#11977,#11981);
#11977 = B_SPLINE_CURVE_WITH_KNOTS('',2,(#11978,#11979,#11980),
  .UNSPECIFIED.,.F.,.F.,(3,3),(0.,1.),.PIECEWISE_BEZIER_KNOTS.);
#11978 = CARTESIAN_POINT('',(22.834617834395,128.01,46.660573248408));
#11979 = CARTESIAN_POINT('',(22.834617834395,128.01,47.050191082803));
#11980 = CARTESIAN_POINT('',(23.013853503185,128.01,47.264968152866));
#11981 = VECTOR('',#11982,1.);
#11982 = DIRECTION('',(-0.,1.,-0.));
#11983 = ADVANCED_FACE('',(#11984),#12009,.T.);
#11984 = FACE_BOUND('',#11985,.T.);
#11985 = EDGE_LOOP('',(#11986,#12001,#12002,#12003));
#11986 = ORIENTED_EDGE('',*,*,#11987,.T.);
#11987 = EDGE_CURVE('',#11988,#11948,#11990,.T.);
#11988 = VERTEX_POINT('',#11989);
#11989 = CARTESIAN_POINT('',(23.427929936306,128.,47.47974522293));
#11990 = B_SPLINE_CURVE_WITH_KNOTS('',5,(#11991,#11992,#11993,#11994,
    #11995,#11996,#11997,#11998,#11999,#12000),.UNSPECIFIED.,.F.,.F.,(6,
    4,6),(0.,0.265578200454,1.),.UNSPECIFIED.);
#11991 = CARTESIAN_POINT('',(23.427929936306,128.,47.47974522293));
#11992 = CARTESIAN_POINT('',(23.402831649213,128.,47.47974522293));
#11993 = CARTESIAN_POINT('',(23.378060018482,128.,47.478214543642));
#11994 = CARTESIAN_POINT('',(23.353643054833,128.,47.475135270215));
#11995 = CARTESIAN_POINT('',(23.329606553711,128.,47.47050144642));
#11996 = CARTESIAN_POINT('',(23.240621620519,128.,47.44722253362));
#11997 = CARTESIAN_POINT('',(23.178344674052,128.,47.418280437752));
#11998 = CARTESIAN_POINT('',(23.119681901351,128.,47.377625677466));
#11999 = CARTESIAN_POINT('',(23.064842500589,128.,47.326133182837));
#12000 = CARTESIAN_POINT('',(23.013853503185,128.,47.264968152866));
#12001 = ORIENTED_EDGE('',*,*,#11971,.T.);
#12002 = ORIENTED_EDGE('',*,*,#11405,.T.);
#12003 = ORIENTED_EDGE('',*,*,#12004,.F.);
#12004 = EDGE_CURVE('',#11988,#11406,#12005,.T.);
#12005 = LINE('',#12006,#12007);
#12006 = CARTESIAN_POINT('',(23.427929936306,128.01,47.47974522293));
#12007 = VECTOR('',#12008,1.);
#12008 = DIRECTION('',(0.,-1.,0.));
#12009 = SURFACE_OF_LINEAR_EXTRUSION('',#12010,#12014);
#12010 = B_SPLINE_CURVE_WITH_KNOTS('',2,(#12011,#12012,#12013),
  .UNSPECIFIED.,.F.,.F.,(3,3),(0.,1.),.PIECEWISE_BEZIER_KNOTS.);
#12011 = CARTESIAN_POINT('',(23.013853503185,128.01,47.264968152866));
#12012 = CARTESIAN_POINT('',(23.192898089172,128.01,47.47974522293));
#12013 = CARTESIAN_POINT('',(23.427929936306,128.01,47.47974522293));
#12014 = VECTOR('',#12015,1.);
#12015 = DIRECTION('',(-0.,1.,-0.));
#12016 = ADVANCED_FACE('',(#12017),#12042,.T.);
#12017 = FACE_BOUND('',#12018,.T.);
#12018 = EDGE_LOOP('',(#12019,#12034,#12035,#12036));
#12019 = ORIENTED_EDGE('',*,*,#12020,.T.);
#12020 = EDGE_CURVE('',#12021,#11988,#12023,.T.);
#12021 = VERTEX_POINT('',#12022);
#12022 = CARTESIAN_POINT('',(23.799203821656,128.,47.303566878981));
#12023 = B_SPLINE_CURVE_WITH_KNOTS('',5,(#12024,#12025,#12026,#12027,
    #12028,#12029,#12030,#12031,#12032,#12033),.UNSPECIFIED.,.F.,.F.,(6,
    4,6),(0.,0.540395423947,1.),.UNSPECIFIED.);
#12024 = CARTESIAN_POINT('',(23.799203821656,128.,47.303566878981));
#12025 = CARTESIAN_POINT('',(23.767677963059,128.,47.341169520153));
#12026 = CARTESIAN_POINT('',(23.733715201151,128.,47.374086560594));
#12027 = CARTESIAN_POINT('',(23.697321971922,128.,47.402043308661));
#12028 = CARTESIAN_POINT('',(23.658558911087,128.,47.424854972149));
#12029 = CARTESIAN_POINT('',(23.582689661743,128.,47.457443910584));
#12030 = CARTESIAN_POINT('',(23.54619990186,128.,47.468660968962));
#12031 = CARTESIAN_POINT('',(23.508170967869,128.,47.476082102107));
#12032 = CARTESIAN_POINT('',(23.468707125815,128.,47.47974522293));
#12033 = CARTESIAN_POINT('',(23.427929936306,128.,47.47974522293));
#12034 = ORIENTED_EDGE('',*,*,#12004,.T.);
#12035 = ORIENTED_EDGE('',*,*,#11413,.T.);
#12036 = ORIENTED_EDGE('',*,*,#12037,.F.);
#12037 = EDGE_CURVE('',#12021,#11414,#12038,.T.);
#12038 = LINE('',#12039,#12040);
#12039 = CARTESIAN_POINT('',(23.799203821656,128.01,47.303566878981));
#12040 = VECTOR('',#12041,1.);
#12041 = DIRECTION('',(0.,-1.,0.));
#12042 = SURFACE_OF_LINEAR_EXTRUSION('',#12043,#12047);
#12043 = B_SPLINE_CURVE_WITH_KNOTS('',2,(#12044,#12045,#12046),
  .UNSPECIFIED.,.F.,.F.,(3,3),(0.,1.),.PIECEWISE_BEZIER_KNOTS.);
#12044 = CARTESIAN_POINT('',(23.427929936306,128.01,47.47974522293));
#12045 = CARTESIAN_POINT('',(23.651496815287,128.01,47.47974522293));
#12046 = CARTESIAN_POINT('',(23.799203821656,128.01,47.303566878981));
#12047 = VECTOR('',#12048,1.);
#12048 = DIRECTION('',(-0.,1.,-0.));
#12049 = ADVANCED_FACE('',(#12050),#12077,.T.);
#12050 = FACE_BOUND('',#12051,.T.);
#12051 = EDGE_LOOP('',(#12052,#12069,#12070,#12071));
#12052 = ORIENTED_EDGE('',*,*,#12053,.T.);
#12053 = EDGE_CURVE('',#12054,#12021,#12056,.T.);
#12054 = VERTEX_POINT('',#12055);
#12055 = CARTESIAN_POINT('',(23.946719745223,128.,46.726496815287));
#12056 = B_SPLINE_CURVE_WITH_KNOTS('',6,(#12057,#12058,#12059,#12060,
    #12061,#12062,#12063,#12064,#12065,#12066,#12067,#12068),
  .UNSPECIFIED.,.F.,.F.,(7,5,7),(0.,0.554174631426,1.),.UNSPECIFIED.);
#12057 = CARTESIAN_POINT('',(23.946719745223,128.,46.726496815287));
#12058 = CARTESIAN_POINT('',(23.946719745223,128.,46.794269585624));
#12059 = CARTESIAN_POINT('',(23.944190196762,128.,46.859695550654));
#12060 = CARTESIAN_POINT('',(23.938920105889,128.,46.922472546066));
#12061 = CARTESIAN_POINT('',(23.930686477133,128.,46.982239730597));
#12062 = CARTESIAN_POINT('',(23.919270166697,128.,47.038593949566));
#12063 = CARTESIAN_POINT('',(23.892612203919,128.,47.133398758161));
#12064 = CARTESIAN_POINT('',(23.87855463116,128.,47.173196071012));
#12065 = CARTESIAN_POINT('',(23.862235640464,128.,47.210308914458));
#12066 = CARTESIAN_POINT('',(23.843585794171,128.,47.24452619794));
#12067 = CARTESIAN_POINT('',(23.822570194804,128.,47.275660407424));
#12068 = CARTESIAN_POINT('',(23.799203821656,128.,47.303566878981));
#12069 = ORIENTED_EDGE('',*,*,#12037,.T.);
#12070 = ORIENTED_EDGE('',*,*,#11421,.T.);
#12071 = ORIENTED_EDGE('',*,*,#12072,.F.);
#12072 = EDGE_CURVE('',#12054,#11422,#12073,.T.);
#12073 = LINE('',#12074,#12075);
#12074 = CARTESIAN_POINT('',(23.946719745223,128.01,46.726496815287));
#12075 = VECTOR('',#12076,1.);
#12076 = DIRECTION('',(0.,-1.,0.));
#12077 = SURFACE_OF_LINEAR_EXTRUSION('',#12078,#12082);
#12078 = B_SPLINE_CURVE_WITH_KNOTS('',2,(#12079,#12080,#12081),
  .UNSPECIFIED.,.F.,.F.,(3,3),(0.,1.),.PIECEWISE_BEZIER_KNOTS.);
#12079 = CARTESIAN_POINT('',(23.799203821656,128.01,47.303566878981));
#12080 = CARTESIAN_POINT('',(23.946719745223,128.01,47.127388535032));
#12081 = CARTESIAN_POINT('',(23.946719745223,128.01,46.726496815287));
#12082 = VECTOR('',#12083,1.);
#12083 = DIRECTION('',(-0.,1.,-0.));
#12084 = ADVANCED_FACE('',(#12085),#12110,.T.);
#12085 = FACE_BOUND('',#12086,.T.);
#12086 = EDGE_LOOP('',(#12087,#12102,#12103,#12104));
#12087 = ORIENTED_EDGE('',*,*,#12088,.T.);
#12088 = EDGE_CURVE('',#12089,#12054,#12091,.T.);
#12089 = VERTEX_POINT('',#12090);
#12090 = CARTESIAN_POINT('',(23.786210191083,128.,46.129363057325));
#12091 = B_SPLINE_CURVE_WITH_KNOTS('',5,(#12092,#12093,#12094,#12095,
    #12096,#12097,#12098,#12099,#12100,#12101),.UNSPECIFIED.,.F.,.F.,(6,
    4,6),(0.,0.471752251749,1.),.UNSPECIFIED.);
#12092 = CARTESIAN_POINT('',(23.786210191083,128.,46.129363057325));
#12093 = CARTESIAN_POINT('',(23.818332331472,128.,46.167488978715));
#12094 = CARTESIAN_POINT('',(23.846239903732,128.,46.210791343196));
#12095 = CARTESIAN_POINT('',(23.869876214048,128.,46.25895165409));
#12096 = CARTESIAN_POINT('',(23.889380927843,128.,46.311500823973));
#12097 = CARTESIAN_POINT('',(23.922428533424,128.,46.431162624395));
#12098 = CARTESIAN_POINT('',(23.934978282053,128.,46.499268856681));
#12099 = CARTESIAN_POINT('',(23.942934600935,128.,46.571604470292));
#12100 = CARTESIAN_POINT('',(23.946719745223,128.,46.647516285921));
#12101 = CARTESIAN_POINT('',(23.946719745223,128.,46.726496815287));
#12102 = ORIENTED_EDGE('',*,*,#12072,.T.);
#12103 = ORIENTED_EDGE('',*,*,#11429,.T.);
#12104 = ORIENTED_EDGE('',*,*,#12105,.F.);
#12105 = EDGE_CURVE('',#12089,#11430,#12106,.T.);
#12106 = LINE('',#12107,#12108);
#12107 = CARTESIAN_POINT('',(23.786210191083,128.01,46.129363057325));
#12108 = VECTOR('',#12109,1.);
#12109 = DIRECTION('',(0.,-1.,0.));
#12110 = SURFACE_OF_LINEAR_EXTRUSION('',#12111,#12115);
#12111 = B_SPLINE_CURVE_WITH_KNOTS('',2,(#12112,#12113,#12114),
  .UNSPECIFIED.,.F.,.F.,(3,3),(0.,1.),.PIECEWISE_BEZIER_KNOTS.);
#12112 = CARTESIAN_POINT('',(23.946719745223,128.01,46.726496815287));
#12113 = CARTESIAN_POINT('',(23.946719745223,128.01,46.319872611465));
#12114 = CARTESIAN_POINT('',(23.786210191083,128.01,46.129363057325));
#12115 = VECTOR('',#12116,1.);
#12116 = DIRECTION('',(-0.,1.,-0.));
#12117 = ADVANCED_FACE('',(#12118),#12143,.T.);
#12118 = FACE_BOUND('',#12119,.T.);
#12119 = EDGE_LOOP('',(#12120,#12135,#12136,#12137));
#12120 = ORIENTED_EDGE('',*,*,#12121,.T.);
#12121 = EDGE_CURVE('',#12122,#12089,#12124,.T.);
#12122 = VERTEX_POINT('',#12123);
#12123 = CARTESIAN_POINT('',(23.384936305732,128.,45.938853503185));
#12124 = B_SPLINE_CURVE_WITH_KNOTS('',5,(#12125,#12126,#12127,#12128,
    #12129,#12130,#12131,#12132,#12133,#12134),.UNSPECIFIED.,.F.,.F.,(6,
    4,6),(0.,0.451447474837,1.),.UNSPECIFIED.);
#12125 = CARTESIAN_POINT('',(23.384936305732,128.,45.938853503185));
#12126 = CARTESIAN_POINT('',(23.4280522296,128.,45.938853503185));
#12127 = CARTESIAN_POINT('',(23.469863791813,128.,45.942671950804));
#12128 = CARTESIAN_POINT('',(23.510233112969,128.,45.95041666962));
#12129 = CARTESIAN_POINT('',(23.54904029014,128.,45.962131262934));
#12130 = CARTESIAN_POINT('',(23.631332474951,128.,45.996784473045));
#12131 = CARTESIAN_POINT('',(23.67403261611,128.,46.021597208212));
#12132 = CARTESIAN_POINT('',(23.714118284959,128.,46.052142628128));
#12133 = CARTESIAN_POINT('',(23.751513239608,128.,46.088181080396));
#12134 = CARTESIAN_POINT('',(23.786210191083,128.,46.129363057325));
#12135 = ORIENTED_EDGE('',*,*,#12105,.T.);
#12136 = ORIENTED_EDGE('',*,*,#11437,.T.);
#12137 = ORIENTED_EDGE('',*,*,#12138,.F.);
#12138 = EDGE_CURVE('',#12122,#11438,#12139,.T.);
#12139 = LINE('',#12140,#12141);
#12140 = CARTESIAN_POINT('',(23.384936305732,128.01,45.938853503185));
#12141 = VECTOR('',#12142,1.);
#12142 = DIRECTION('',(0.,-1.,0.));
#12143 = SURFACE_OF_LINEAR_EXTRUSION('',#12144,#12148);
#12144 = B_SPLINE_CURVE_WITH_KNOTS('',2,(#12145,#12146,#12147),
  .UNSPECIFIED.,.F.,.F.,(3,3),(0.,1.),.PIECEWISE_BEZIER_KNOTS.);
#12145 = CARTESIAN_POINT('',(23.786210191083,128.01,46.129363057325));
#12146 = CARTESIAN_POINT('',(23.625700636943,128.01,45.938853503185));
#12147 = CARTESIAN_POINT('',(23.384936305732,128.01,45.938853503185));
#12148 = VECTOR('',#12149,1.);
#12149 = DIRECTION('',(-0.,1.,-0.));
#12150 = ADVANCED_FACE('',(#12151),#12176,.T.);
#12151 = FACE_BOUND('',#12152,.T.);
#12152 = EDGE_LOOP('',(#12153,#12168,#12169,#12170));
#12153 = ORIENTED_EDGE('',*,*,#12154,.T.);
#12154 = EDGE_CURVE('',#12155,#12122,#12157,.T.);
#12155 = VERTEX_POINT('',#12156);
#12156 = CARTESIAN_POINT('',(22.993789808917,128.,46.122101910828));
#12157 = B_SPLINE_CURVE_WITH_KNOTS('',5,(#12158,#12159,#12160,#12161,
    #12162,#12163,#12164,#12165,#12166,#12167),.UNSPECIFIED.,.F.,.F.,(6,
    4,6),(0.,0.564670475544,1.),.UNSPECIFIED.);
#12158 = CARTESIAN_POINT('',(22.993789808917,128.,46.122101910828));
#12159 = CARTESIAN_POINT('',(23.0291724858,128.,46.08131827245));
#12160 = CARTESIAN_POINT('',(23.067172878182,128.,46.045801787806));
#12161 = CARTESIAN_POINT('',(23.107778350302,128.,46.015896882189));
#12162 = CARTESIAN_POINT('',(23.150910589512,128.,45.991837151817));
#12163 = CARTESIAN_POINT('',(23.231469839236,128.,45.959696531546));
#12164 = CARTESIAN_POINT('',(23.267943042459,128.,45.949216985202));
#12165 = CARTESIAN_POINT('',(23.305743776916,128.,45.942280254017));
#12166 = CARTESIAN_POINT('',(23.344777621564,128.,45.938853503185));
#12167 = CARTESIAN_POINT('',(23.384936305732,128.,45.938853503185));
#12168 = ORIENTED_EDGE('',*,*,#12138,.T.);
#12169 = ORIENTED_EDGE('',*,*,#11445,.T.);
#12170 = ORIENTED_EDGE('',*,*,#12171,.F.);
#12171 = EDGE_CURVE('',#12155,#11446,#12172,.T.);
#12172 = LINE('',#12173,#12174);
#12173 = CARTESIAN_POINT('',(22.993789808917,128.01,46.122101910828));
#12174 = VECTOR('',#12175,1.);
#12175 = DIRECTION('',(0.,-1.,0.));
#12176 = SURFACE_OF_LINEAR_EXTRUSION('',#12177,#12181);
#12177 = B_SPLINE_CURVE_WITH_KNOTS('',2,(#12178,#12179,#12180),
  .UNSPECIFIED.,.F.,.F.,(3,3),(0.,1.),.PIECEWISE_BEZIER_KNOTS.);
#12178 = CARTESIAN_POINT('',(23.384936305732,128.01,45.938853503185));
#12179 = CARTESIAN_POINT('',(23.152770700637,128.01,45.938853503185));
#12180 = CARTESIAN_POINT('',(22.993789808917,128.01,46.122101910828));
#12181 = VECTOR('',#12182,1.);
#12182 = DIRECTION('',(-0.,1.,-0.));
#12183 = ADVANCED_FACE('',(#12184),#12202,.T.);
#12184 = FACE_BOUND('',#12185,.T.);
#12185 = EDGE_LOOP('',(#12186,#12199,#12200,#12201));
#12186 = ORIENTED_EDGE('',*,*,#12187,.T.);
#12187 = EDGE_CURVE('',#11950,#12155,#12188,.T.);
#12188 = B_SPLINE_CURVE_WITH_KNOTS('',5,(#12189,#12190,#12191,#12192,
    #12193,#12194,#12195,#12196,#12197,#12198),.UNSPECIFIED.,.F.,.F.,(6,
    4,6),(0.,0.528432026794,1.),.UNSPECIFIED.);
#12189 = CARTESIAN_POINT('',(22.834617834395,128.,46.660573248408));
#12190 = CARTESIAN_POINT('',(22.834617834395,128.,46.589945839014));
#12191 = CARTESIAN_POINT('',(22.838555004782,128.,46.522138757134));
#12192 = CARTESIAN_POINT('',(22.846745396208,128.,46.45755386948));
#12193 = CARTESIAN_POINT('',(22.85949707878,128.,46.396652920251));
#12194 = CARTESIAN_POINT('',(22.892616284233,128.,46.289193416126));
#12195 = CARTESIAN_POINT('',(22.912017309497,128.,46.241793784456));
#12196 = CARTESIAN_POINT('',(22.935332668739,128.,46.197982694455));
#12197 = CARTESIAN_POINT('',(22.962616152339,128.,46.158028333775));
#12198 = CARTESIAN_POINT('',(22.993789808917,128.,46.122101910828));
#12199 = ORIENTED_EDGE('',*,*,#12171,.T.);
#12200 = ORIENTED_EDGE('',*,*,#11453,.T.);
#12201 = ORIENTED_EDGE('',*,*,#11964,.F.);
#12202 = SURFACE_OF_LINEAR_EXTRUSION('',#12203,#12207);
#12203 = B_SPLINE_CURVE_WITH_KNOTS('',2,(#12204,#12205,#12206),
  .UNSPECIFIED.,.F.,.F.,(3,3),(0.,1.),.PIECEWISE_BEZIER_KNOTS.);
#12204 = CARTESIAN_POINT('',(22.993789808917,128.01,46.122101910828));
#12205 = CARTESIAN_POINT('',(22.834617834395,128.01,46.305541401274));
#12206 = CARTESIAN_POINT('',(22.834617834395,128.01,46.660573248408));
#12207 = VECTOR('',#12208,1.);
#12208 = DIRECTION('',(-0.,1.,-0.));
#12209 = ADVANCED_FACE('',(#12210,#12213),#12216,.T.);
#12210 = FACE_BOUND('',#12211,.T.);
#12211 = EDGE_LOOP('',(#12212));
#12212 = ORIENTED_EDGE('',*,*,#3528,.T.);
#12213 = FACE_BOUND('',#12214,.T.);
#12214 = EDGE_LOOP('',(#12215));
#12215 = ORIENTED_EDGE('',*,*,#11493,.F.);
#12216 = PLANE('',#12217);
#12217 = AXIS2_PLACEMENT_3D('',#12218,#12219,#12220);
#12218 = CARTESIAN_POINT('',(89.9,47.,8.4));
#12219 = DIRECTION('',(0.,0.,1.));
#12220 = DIRECTION('',(1.,0.,-0.));
#12221 = ADVANCED_FACE('',(#12222,#12225),#12228,.T.);
#12222 = FACE_BOUND('',#12223,.T.);
#12223 = EDGE_LOOP('',(#12224));
#12224 = ORIENTED_EDGE('',*,*,#3553,.T.);
#12225 = FACE_BOUND('',#12226,.T.);
#12226 = EDGE_LOOP('',(#12227));
#12227 = ORIENTED_EDGE('',*,*,#11518,.F.);
#12228 = PLANE('',#12229);
#12229 = AXIS2_PLACEMENT_3D('',#12230,#12231,#12232);
#12230 = CARTESIAN_POINT('',(7.9,105.,8.4));
#12231 = DIRECTION('',(0.,0.,1.));
#12232 = DIRECTION('',(1.,0.,-0.));
#12233 = ADVANCED_FACE('',(#12234,#12237),#12240,.T.);
#12234 = FACE_BOUND('',#12235,.T.);
#12235 = EDGE_LOOP('',(#12236));
#12236 = ORIENTED_EDGE('',*,*,#3578,.T.);
#12237 = FACE_BOUND('',#12238,.T.);
#12238 = EDGE_LOOP('',(#12239));
#12239 = ORIENTED_EDGE('',*,*,#11543,.F.);
#12240 = PLANE('',#12241);
#12241 = AXIS2_PLACEMENT_3D('',#12242,#12243,#12244);
#12242 = CARTESIAN_POINT('',(89.9,105.,8.4));
#12243 = DIRECTION('',(0.,0.,1.));
#12244 = DIRECTION('',(1.,0.,-0.));
#12245 = ADVANCED_FACE('',(#12246),#12260,.T.);
#12246 = FACE_BOUND('',#12247,.T.);
#12247 = EDGE_LOOP('',(#12248,#12249,#12250,#12251,#12252,#12253,#12254,
    #12255,#12256,#12257,#12258,#12259));
#12248 = ORIENTED_EDGE('',*,*,#11559,.F.);
#12249 = ORIENTED_EDGE('',*,*,#11597,.F.);
#12250 = ORIENTED_EDGE('',*,*,#11627,.F.);
#12251 = ORIENTED_EDGE('',*,*,#11664,.F.);
#12252 = ORIENTED_EDGE('',*,*,#11699,.F.);
#12253 = ORIENTED_EDGE('',*,*,#11729,.F.);
#12254 = ORIENTED_EDGE('',*,*,#11760,.F.);
#12255 = ORIENTED_EDGE('',*,*,#11791,.F.);
#12256 = ORIENTED_EDGE('',*,*,#11821,.F.);
#12257 = ORIENTED_EDGE('',*,*,#11858,.F.);
#12258 = ORIENTED_EDGE('',*,*,#11893,.F.);
#12259 = ORIENTED_EDGE('',*,*,#11923,.F.);
#12260 = PLANE('',#12261);
#12261 = AXIS2_PLACEMENT_3D('',#12262,#12263,#12264);
#12262 = CARTESIAN_POINT('',(0.,128.,0.));
#12263 = DIRECTION('',(-0.,1.,0.));
#12264 = DIRECTION('',(0.,0.,1.));
#12265 = ADVANCED_FACE('',(#12266),#12276,.T.);
#12266 = FACE_BOUND('',#12267,.T.);
#12267 = EDGE_LOOP('',(#12268,#12269,#12270,#12271,#12272,#12273,#12274,
    #12275));
#12268 = ORIENTED_EDGE('',*,*,#11947,.F.);
#12269 = ORIENTED_EDGE('',*,*,#11987,.F.);
#12270 = ORIENTED_EDGE('',*,*,#12020,.F.);
#12271 = ORIENTED_EDGE('',*,*,#12053,.F.);
#12272 = ORIENTED_EDGE('',*,*,#12088,.F.);
#12273 = ORIENTED_EDGE('',*,*,#12121,.F.);
#12274 = ORIENTED_EDGE('',*,*,#12154,.F.);
#12275 = ORIENTED_EDGE('',*,*,#12187,.F.);
#12276 = PLANE('',#12277);
#12277 = AXIS2_PLACEMENT_3D('',#12278,#12279,#12280);
#12278 = CARTESIAN_POINT('',(0.,128.,0.));
#12279 = DIRECTION('',(-0.,1.,0.));
#12280 = DIRECTION('',(0.,0.,1.));
#12281 = ADVANCED_FACE('',(#12282),#12285,.T.);
#12282 = FACE_BOUND('',#12283,.F.);
#12283 = EDGE_LOOP('',(#12284));
#12284 = ORIENTED_EDGE('',*,*,#3150,.F.);
#12285 = PLANE('',#12286);
#12286 = AXIS2_PLACEMENT_3D('',#12287,#12288,#12289);
#12287 = CARTESIAN_POINT('',(6.4,6.4,58.));
#12288 = DIRECTION('',(0.,0.,1.));
#12289 = DIRECTION('',(1.,0.,-0.));
#12290 = ADVANCED_FACE('',(#12291),#12294,.T.);
#12291 = FACE_BOUND('',#12292,.T.);
#12292 = EDGE_LOOP('',(#12293));
#12293 = ORIENTED_EDGE('',*,*,#3204,.F.);
#12294 = PLANE('',#12295);
#12295 = AXIS2_PLACEMENT_3D('',#12296,#12297,#12298);
#12296 = CARTESIAN_POINT('',(91.6,6.4,58.));
#12297 = DIRECTION('',(-0.,-0.,1.));
#12298 = DIRECTION('',(1.,0.,0.));
#12299 = ADVANCED_FACE('',(#12300),#12303,.T.);
#12300 = FACE_BOUND('',#12301,.F.);
#12301 = EDGE_LOOP('',(#12302));
#12302 = ORIENTED_EDGE('',*,*,#3479,.F.);
#12303 = PLANE('',#12304);
#12304 = AXIS2_PLACEMENT_3D('',#12305,#12306,#12307);
#12305 = CARTESIAN_POINT('',(91.6,121.6,58.));
#12306 = DIRECTION('',(-0.,-0.,1.));
#12307 = DIRECTION('',(-1.,0.,-0.));
#12308 = ADVANCED_FACE('',(#12309),#12312,.T.);
#12309 = FACE_BOUND('',#12310,.T.);
#12310 = EDGE_LOOP('',(#12311));
#12311 = ORIENTED_EDGE('',*,*,#3229,.F.);
#12312 = PLANE('',#12313);
#12313 = AXIS2_PLACEMENT_3D('',#12314,#12315,#12316);
#12314 = CARTESIAN_POINT('',(6.4,121.6,58.));
#12315 = DIRECTION('',(-0.,-0.,1.));
#12316 = DIRECTION('',(-1.,0.,0.));
#12317 = ADVANCED_FACE('',(#12318,#12324,#12344,#12354,#12360,#12363,
    #12366,#12372,#12378,#12384,#12390,#12488),#12522,.F.);
#12318 = FACE_BOUND('',#12319,.T.);
#12319 = EDGE_LOOP('',(#12320,#12321,#12322,#12323));
#12320 = ORIENTED_EDGE('',*,*,#4030,.F.);
#12321 = ORIENTED_EDGE('',*,*,#7292,.F.);
#12322 = ORIENTED_EDGE('',*,*,#6779,.T.);
#12323 = ORIENTED_EDGE('',*,*,#4086,.T.);
#12324 = FACE_BOUND('',#12325,.F.);
#12325 = EDGE_LOOP('',(#12326,#12327,#12328,#12329,#12335,#12336,#12342,
    #12343));
#12326 = ORIENTED_EDGE('',*,*,#815,.T.);
#12327 = ORIENTED_EDGE('',*,*,#784,.F.);
#12328 = ORIENTED_EDGE('',*,*,#1307,.F.);
#12329 = ORIENTED_EDGE('',*,*,#12330,.F.);
#12330 = EDGE_CURVE('',#2980,#1300,#12331,.T.);
#12331 = LINE('',#12332,#12333);
#12332 = CARTESIAN_POINT('',(88.2,0.,21.8));
#12333 = VECTOR('',#12334,1.);
#12334 = DIRECTION('',(0.,0.,1.));
#12335 = ORIENTED_EDGE('',*,*,#2979,.F.);
#12336 = ORIENTED_EDGE('',*,*,#12337,.T.);
#12337 = EDGE_CURVE('',#2972,#1113,#12338,.T.);
#12338 = LINE('',#12339,#12340);
#12339 = CARTESIAN_POINT('',(11.8,0.,21.8));
#12340 = VECTOR('',#12341,1.);
#12341 = DIRECTION('',(0.,0.,1.));
#12342 = ORIENTED_EDGE('',*,*,#1112,.F.);
#12343 = ORIENTED_EDGE('',*,*,#657,.T.);
#12344 = FACE_BOUND('',#12345,.F.);
#12345 = EDGE_LOOP('',(#12346,#12347,#12348,#12349,#12350,#12351,#12352,
    #12353));
#12346 = ORIENTED_EDGE('',*,*,#561,.T.);
#12347 = ORIENTED_EDGE('',*,*,#1267,.T.);
#12348 = ORIENTED_EDGE('',*,*,#2865,.T.);
#12349 = ORIENTED_EDGE('',*,*,#3596,.T.);
#12350 = ORIENTED_EDGE('',*,*,#2940,.F.);
#12351 = ORIENTED_EDGE('',*,*,#1462,.T.);
#12352 = ORIENTED_EDGE('',*,*,#688,.F.);
#12353 = ORIENTED_EDGE('',*,*,#530,.F.);
#12354 = FACE_BOUND('',#12355,.F.);
#12355 = EDGE_LOOP('',(#12356,#12357,#12358,#12359));
#12356 = ORIENTED_EDGE('',*,*,#285,.T.);
#12357 = ORIENTED_EDGE('',*,*,#333,.T.);
#12358 = ORIENTED_EDGE('',*,*,#309,.F.);
#12359 = ORIENTED_EDGE('',*,*,#261,.F.);
#12360 = FACE_BOUND('',#12361,.F.);
#12361 = EDGE_LOOP('',(#12362));
#12362 = ORIENTED_EDGE('',*,*,#358,.F.);
#12363 = FACE_BOUND('',#12364,.F.);
#12364 = EDGE_LOOP('',(#12365));
#12365 = ORIENTED_EDGE('',*,*,#383,.F.);
#12366 = FACE_BOUND('',#12367,.F.);
#12367 = EDGE_LOOP('',(#12368,#12369,#12370,#12371));
#12368 = ORIENTED_EDGE('',*,*,#1205,.T.);
#12369 = ORIENTED_EDGE('',*,*,#2843,.T.);
#12370 = ORIENTED_EDGE('',*,*,#1236,.F.);
#12371 = ORIENTED_EDGE('',*,*,#593,.T.);
#12372 = FACE_BOUND('',#12373,.F.);
#12373 = EDGE_LOOP('',(#12374,#12375,#12376,#12377));
#12374 = ORIENTED_EDGE('',*,*,#1431,.F.);
#12375 = ORIENTED_EDGE('',*,*,#2918,.F.);
#12376 = ORIENTED_EDGE('',*,*,#1400,.T.);
#12377 = ORIENTED_EDGE('',*,*,#720,.F.);
#12378 = FACE_BOUND('',#12379,.F.);
#12379 = EDGE_LOOP('',(#12380,#12381,#12382,#12383));
#12380 = ORIENTED_EDGE('',*,*,#1143,.T.);
#12381 = ORIENTED_EDGE('',*,*,#2821,.T.);
#12382 = ORIENTED_EDGE('',*,*,#1174,.F.);
#12383 = ORIENTED_EDGE('',*,*,#625,.T.);
#12384 = FACE_BOUND('',#12385,.F.);
#12385 = EDGE_LOOP('',(#12386,#12387,#12388,#12389));
#12386 = ORIENTED_EDGE('',*,*,#1369,.F.);
#12387 = ORIENTED_EDGE('',*,*,#2896,.F.);
#12388 = ORIENTED_EDGE('',*,*,#1338,.T.);
#12389 = ORIENTED_EDGE('',*,*,#752,.F.);
#12390 = FACE_BOUND('',#12391,.F.);
#12391 = EDGE_LOOP('',(#12392,#12402,#12410,#12418,#12426,#12434,#12442,
    #12450,#12458,#12466,#12474,#12482));
#12392 = ORIENTED_EDGE('',*,*,#12393,.T.);
#12393 = EDGE_CURVE('',#12394,#12396,#12398,.T.);
#12394 = VERTEX_POINT('',#12395);
#12395 = CARTESIAN_POINT('',(47.508917197452,0.,9.502675159236));
#12396 = VERTEX_POINT('',#12397);
#12397 = CARTESIAN_POINT('',(47.508917197452,0.,8.051464968153));
#12398 = LINE('',#12399,#12400);
#12399 = CARTESIAN_POINT('',(47.508917197452,0.,4.025732484076));
#12400 = VECTOR('',#12401,1.);
#12401 = DIRECTION('',(0.,0.,-1.));
#12402 = ORIENTED_EDGE('',*,*,#12403,.T.);
#12403 = EDGE_CURVE('',#12396,#12404,#12406,.T.);
#12404 = VERTEX_POINT('',#12405);
#12405 = CARTESIAN_POINT('',(48.487261146497,0.,8.051464968153));
#12406 = LINE('',#12407,#12408);
#12407 = CARTESIAN_POINT('',(24.243630573248,0.,8.051464968153));
#12408 = VECTOR('',#12409,1.);
#12409 = DIRECTION('',(1.,0.,0.));
#12410 = ORIENTED_EDGE('',*,*,#12411,.T.);
#12411 = EDGE_CURVE('',#12404,#12412,#12414,.T.);
#12412 = VERTEX_POINT('',#12413);
#12413 = CARTESIAN_POINT('',(48.487261146497,0.,9.502675159236));
#12414 = LINE('',#12415,#12416);
#12415 = CARTESIAN_POINT('',(48.487261146497,0.,4.751337579618));
#12416 = VECTOR('',#12417,1.);
#12417 = DIRECTION('',(-0.,-0.,1.));
#12418 = ORIENTED_EDGE('',*,*,#12419,.T.);
#12419 = EDGE_CURVE('',#12412,#12420,#12422,.T.);
#12420 = VERTEX_POINT('',#12421);
#12421 = CARTESIAN_POINT('',(49.958598726115,0.,9.502675159236));
#12422 = LINE('',#12423,#12424);
#12423 = CARTESIAN_POINT('',(24.979299363057,0.,9.502675159236));
#12424 = VECTOR('',#12425,1.);
#12425 = DIRECTION('',(1.,0.,0.));
#12426 = ORIENTED_EDGE('',*,*,#12427,.T.);
#12427 = EDGE_CURVE('',#12420,#12428,#12430,.T.);
#12428 = VERTEX_POINT('',#12429);
#12429 = CARTESIAN_POINT('',(49.958598726115,0.,10.497324840764));
#12430 = LINE('',#12431,#12432);
#12431 = CARTESIAN_POINT('',(49.958598726115,0.,5.248662420382));
#12432 = VECTOR('',#12433,1.);
#12433 = DIRECTION('',(-0.,-0.,1.));
#12434 = ORIENTED_EDGE('',*,*,#12435,.T.);
#12435 = EDGE_CURVE('',#12428,#12436,#12438,.T.);
#12436 = VERTEX_POINT('',#12437);
#12437 = CARTESIAN_POINT('',(48.487261146497,0.,10.497324840764));
#12438 = LINE('',#12439,#12440);
#12439 = CARTESIAN_POINT('',(24.243630573248,0.,10.497324840764));
#12440 = VECTOR('',#12441,1.);
#12441 = DIRECTION('',(-1.,0.,-0.));
#12442 = ORIENTED_EDGE('',*,*,#12443,.T.);
#12443 = EDGE_CURVE('',#12436,#12444,#12446,.T.);
#12444 = VERTEX_POINT('',#12445);
#12445 = CARTESIAN_POINT('',(48.487261146497,0.,11.948535031847));
#12446 = LINE('',#12447,#12448);
#12447 = CARTESIAN_POINT('',(48.487261146497,0.,5.974267515924));
#12448 = VECTOR('',#12449,1.);
#12449 = DIRECTION('',(-0.,-0.,1.));
#12450 = ORIENTED_EDGE('',*,*,#12451,.T.);
#12451 = EDGE_CURVE('',#12444,#12452,#12454,.T.);
#12452 = VERTEX_POINT('',#12453);
#12453 = CARTESIAN_POINT('',(47.508917197452,0.,11.948535031847));
#12454 = LINE('',#12455,#12456);
#12455 = CARTESIAN_POINT('',(23.754458598726,0.,11.948535031847));
#12456 = VECTOR('',#12457,1.);
#12457 = DIRECTION('',(-1.,0.,-0.));
#12458 = ORIENTED_EDGE('',*,*,#12459,.T.);
#12459 = EDGE_CURVE('',#12452,#12460,#12462,.T.);
#12460 = VERTEX_POINT('',#12461);
#12461 = CARTESIAN_POINT('',(47.508917197452,0.,10.497324840764));
#12462 = LINE('',#12463,#12464);
#12463 = CARTESIAN_POINT('',(47.508917197452,0.,5.248662420382));
#12464 = VECTOR('',#12465,1.);
#12465 = DIRECTION('',(0.,0.,-1.));
#12466 = ORIENTED_EDGE('',*,*,#12467,.T.);
#12467 = EDGE_CURVE('',#12460,#12468,#12470,.T.);
#12468 = VERTEX_POINT('',#12469);
#12469 = CARTESIAN_POINT('',(46.041401273885,0.,10.497324840764));
#12470 = LINE('',#12471,#12472);
#12471 = CARTESIAN_POINT('',(23.020700636943,0.,10.497324840764));
#12472 = VECTOR('',#12473,1.);
#12473 = DIRECTION('',(-1.,0.,-0.));
#12474 = ORIENTED_EDGE('',*,*,#12475,.T.);
#12475 = EDGE_CURVE('',#12468,#12476,#12478,.T.);
#12476 = VERTEX_POINT('',#12477);
#12477 = CARTESIAN_POINT('',(46.041401273885,0.,9.502675159236));
#12478 = LINE('',#12479,#12480);
#12479 = CARTESIAN_POINT('',(46.041401273885,0.,4.751337579618));
#12480 = VECTOR('',#12481,1.);
#12481 = DIRECTION('',(0.,0.,-1.));
#12482 = ORIENTED_EDGE('',*,*,#12483,.T.);
#12483 = EDGE_CURVE('',#12476,#12394,#12484,.T.);
#12484 = LINE('',#12485,#12486);
#12485 = CARTESIAN_POINT('',(23.754458598726,0.,9.502675159236));
#12486 = VECTOR('',#12487,1.);
#12487 = DIRECTION('',(1.,0.,0.));
#12488 = FACE_BOUND('',#12489,.F.);
#12489 = EDGE_LOOP('',(#12490,#12500,#12508,#12516));
#12490 = ORIENTED_EDGE('',*,*,#12491,.T.);
#12491 = EDGE_CURVE('',#12492,#12494,#12496,.T.);
#12492 = VERTEX_POINT('',#12493);
#12493 = CARTESIAN_POINT('',(85.091401273885,0.,10.497324840764));
#12494 = VERTEX_POINT('',#12495);
#12495 = CARTESIAN_POINT('',(85.091401273885,0.,9.502675159236));
#12496 = LINE('',#12497,#12498);
#12497 = CARTESIAN_POINT('',(85.091401273885,0.,4.751337579618));
#12498 = VECTOR('',#12499,1.);
#12499 = DIRECTION('',(0.,0.,-1.));
#12500 = ORIENTED_EDGE('',*,*,#12501,.T.);
#12501 = EDGE_CURVE('',#12494,#12502,#12504,.T.);
#12502 = VERTEX_POINT('',#12503);
#12503 = CARTESIAN_POINT('',(89.008598726115,0.,9.502675159236));
#12504 = LINE('',#12505,#12506);
#12505 = CARTESIAN_POINT('',(44.504299363057,0.,9.502675159236));
#12506 = VECTOR('',#12507,1.);
#12507 = DIRECTION('',(1.,0.,0.));
#12508 = ORIENTED_EDGE('',*,*,#12509,.T.);
#12509 = EDGE_CURVE('',#12502,#12510,#12512,.T.);
#12510 = VERTEX_POINT('',#12511);
#12511 = CARTESIAN_POINT('',(89.008598726115,0.,10.497324840764));
#12512 = LINE('',#12513,#12514);
#12513 = CARTESIAN_POINT('',(89.008598726115,0.,5.248662420382));
#12514 = VECTOR('',#12515,1.);
#12515 = DIRECTION('',(-0.,-0.,1.));
#12516 = ORIENTED_EDGE('',*,*,#12517,.T.);
#12517 = EDGE_CURVE('',#12510,#12492,#12518,.T.);
#12518 = LINE('',#12519,#12520);
#12519 = CARTESIAN_POINT('',(42.545700636943,0.,10.497324840764));
#12520 = VECTOR('',#12521,1.);
#12521 = DIRECTION('',(-1.,0.,-0.));
#12522 = PLANE('',#12523);
#12523 = AXIS2_PLACEMENT_3D('',#12524,#12525,#12526);
#12524 = CARTESIAN_POINT('',(0.,0.,0.));
#12525 = DIRECTION('',(-0.,1.,0.));
#12526 = DIRECTION('',(0.,0.,1.));
#12527 = ADVANCED_FACE('',(#12528),#12553,.T.);
#12528 = FACE_BOUND('',#12529,.T.);
#12529 = EDGE_LOOP('',(#12530,#12531,#12539,#12547));
#12530 = ORIENTED_EDGE('',*,*,#12483,.T.);
#12531 = ORIENTED_EDGE('',*,*,#12532,.T.);
#12532 = EDGE_CURVE('',#12394,#12533,#12535,.T.);
#12533 = VERTEX_POINT('',#12534);
#12534 = CARTESIAN_POINT('',(47.508917197452,0.59,9.502675159236));
#12535 = LINE('',#12536,#12537);
#12536 = CARTESIAN_POINT('',(47.508917197452,-1.E-02,9.502675159236));
#12537 = VECTOR('',#12538,1.);
#12538 = DIRECTION('',(0.,1.,0.));
#12539 = ORIENTED_EDGE('',*,*,#12540,.T.);
#12540 = EDGE_CURVE('',#12533,#12541,#12543,.T.);
#12541 = VERTEX_POINT('',#12542);
#12542 = CARTESIAN_POINT('',(46.041401273885,0.59,9.502675159236));
#12543 = LINE('',#12544,#12545);
#12544 = CARTESIAN_POINT('',(47.508917197452,0.59,9.502675159236));
#12545 = VECTOR('',#12546,1.);
#12546 = DIRECTION('',(-1.,0.,0.));
#12547 = ORIENTED_EDGE('',*,*,#12548,.F.);
#12548 = EDGE_CURVE('',#12476,#12541,#12549,.T.);
#12549 = LINE('',#12550,#12551);
#12550 = CARTESIAN_POINT('',(46.041401273885,-1.E-02,9.502675159236));
#12551 = VECTOR('',#12552,1.);
#12552 = DIRECTION('',(0.,1.,0.));
#12553 = PLANE('',#12554);
#12554 = AXIS2_PLACEMENT_3D('',#12555,#12556,#12557);
#12555 = CARTESIAN_POINT('',(47.508917197452,-1.E-02,9.502675159236));
#12556 = DIRECTION('',(0.,-0.,1.));
#12557 = DIRECTION('',(-1.,0.,0.));
#12558 = ADVANCED_FACE('',(#12559),#12577,.T.);
#12559 = FACE_BOUND('',#12560,.T.);
#12560 = EDGE_LOOP('',(#12561,#12562,#12563,#12571));
#12561 = ORIENTED_EDGE('',*,*,#12475,.T.);
#12562 = ORIENTED_EDGE('',*,*,#12548,.T.);
#12563 = ORIENTED_EDGE('',*,*,#12564,.T.);
#12564 = EDGE_CURVE('',#12541,#12565,#12567,.T.);
#12565 = VERTEX_POINT('',#12566);
#12566 = CARTESIAN_POINT('',(46.041401273885,0.59,10.497324840764));
#12567 = LINE('',#12568,#12569);
#12568 = CARTESIAN_POINT('',(46.041401273885,0.59,9.502675159236));
#12569 = VECTOR('',#12570,1.);
#12570 = DIRECTION('',(0.,1.110223024625E-16,1.));
#12571 = ORIENTED_EDGE('',*,*,#12572,.F.);
#12572 = EDGE_CURVE('',#12468,#12565,#12573,.T.);
#12573 = LINE('',#12574,#12575);
#12574 = CARTESIAN_POINT('',(46.041401273885,-1.E-02,10.497324840764));
#12575 = VECTOR('',#12576,1.);
#12576 = DIRECTION('',(0.,1.,0.));
#12577 = PLANE('',#12578);
#12578 = AXIS2_PLACEMENT_3D('',#12579,#12580,#12581);
#12579 = CARTESIAN_POINT('',(46.041401273885,-1.E-02,9.502675159236));
#12580 = DIRECTION('',(1.,0.,0.));
#12581 = DIRECTION('',(-0.,1.110223024625E-16,1.));
#12582 = ADVANCED_FACE('',(#12583),#12601,.T.);
#12583 = FACE_BOUND('',#12584,.T.);
#12584 = EDGE_LOOP('',(#12585,#12586,#12594,#12600));
#12585 = ORIENTED_EDGE('',*,*,#12393,.T.);
#12586 = ORIENTED_EDGE('',*,*,#12587,.T.);
#12587 = EDGE_CURVE('',#12396,#12588,#12590,.T.);
#12588 = VERTEX_POINT('',#12589);
#12589 = CARTESIAN_POINT('',(47.508917197452,0.59,8.051464968153));
#12590 = LINE('',#12591,#12592);
#12591 = CARTESIAN_POINT('',(47.508917197452,-1.E-02,8.051464968153));
#12592 = VECTOR('',#12593,1.);
#12593 = DIRECTION('',(0.,1.,0.));
#12594 = ORIENTED_EDGE('',*,*,#12595,.T.);
#12595 = EDGE_CURVE('',#12588,#12533,#12596,.T.);
#12596 = LINE('',#12597,#12598);
#12597 = CARTESIAN_POINT('',(47.508917197452,0.59,8.051464968153));
#12598 = VECTOR('',#12599,1.);
#12599 = DIRECTION('',(0.,1.110223024625E-16,1.));
#12600 = ORIENTED_EDGE('',*,*,#12532,.F.);
#12601 = PLANE('',#12602);
#12602 = AXIS2_PLACEMENT_3D('',#12603,#12604,#12605);
#12603 = CARTESIAN_POINT('',(47.508917197452,-1.E-02,8.051464968153));
#12604 = DIRECTION('',(1.,0.,0.));
#12605 = DIRECTION('',(-0.,1.110223024625E-16,1.));
#12606 = ADVANCED_FACE('',(#12607),#12625,.T.);
#12607 = FACE_BOUND('',#12608,.T.);
#12608 = EDGE_LOOP('',(#12609,#12610,#12611,#12619));
#12609 = ORIENTED_EDGE('',*,*,#12467,.T.);
#12610 = ORIENTED_EDGE('',*,*,#12572,.T.);
#12611 = ORIENTED_EDGE('',*,*,#12612,.T.);
#12612 = EDGE_CURVE('',#12565,#12613,#12615,.T.);
#12613 = VERTEX_POINT('',#12614);
#12614 = CARTESIAN_POINT('',(47.508917197452,0.59,10.497324840764));
#12615 = LINE('',#12616,#12617);
#12616 = CARTESIAN_POINT('',(46.041401273885,0.59,10.497324840764));
#12617 = VECTOR('',#12618,1.);
#12618 = DIRECTION('',(1.,0.,0.));
#12619 = ORIENTED_EDGE('',*,*,#12620,.F.);
#12620 = EDGE_CURVE('',#12460,#12613,#12621,.T.);
#12621 = LINE('',#12622,#12623);
#12622 = CARTESIAN_POINT('',(47.508917197452,-1.E-02,10.497324840764));
#12623 = VECTOR('',#12624,1.);
#12624 = DIRECTION('',(0.,1.,0.));
#12625 = PLANE('',#12626);
#12626 = AXIS2_PLACEMENT_3D('',#12627,#12628,#12629);
#12627 = CARTESIAN_POINT('',(46.041401273885,-1.E-02,10.497324840764));
#12628 = DIRECTION('',(0.,0.,-1.));
#12629 = DIRECTION('',(1.,0.,0.));
#12630 = ADVANCED_FACE('',(#12631),#12649,.T.);
#12631 = FACE_BOUND('',#12632,.T.);
#12632 = EDGE_LOOP('',(#12633,#12634,#12642,#12648));
#12633 = ORIENTED_EDGE('',*,*,#12403,.T.);
#12634 = ORIENTED_EDGE('',*,*,#12635,.T.);
#12635 = EDGE_CURVE('',#12404,#12636,#12638,.T.);
#12636 = VERTEX_POINT('',#12637);
#12637 = CARTESIAN_POINT('',(48.487261146497,0.59,8.051464968153));
#12638 = LINE('',#12639,#12640);
#12639 = CARTESIAN_POINT('',(48.487261146497,-1.E-02,8.051464968153));
#12640 = VECTOR('',#12641,1.);
#12641 = DIRECTION('',(0.,1.,0.));
#12642 = ORIENTED_EDGE('',*,*,#12643,.T.);
#12643 = EDGE_CURVE('',#12636,#12588,#12644,.T.);
#12644 = LINE('',#12645,#12646);
#12645 = CARTESIAN_POINT('',(48.487261146497,0.59,8.051464968153));
#12646 = VECTOR('',#12647,1.);
#12647 = DIRECTION('',(-1.,0.,0.));
#12648 = ORIENTED_EDGE('',*,*,#12587,.F.);
#12649 = PLANE('',#12650);
#12650 = AXIS2_PLACEMENT_3D('',#12651,#12652,#12653);
#12651 = CARTESIAN_POINT('',(48.487261146497,-1.E-02,8.051464968153));
#12652 = DIRECTION('',(0.,-0.,1.));
#12653 = DIRECTION('',(-1.,0.,0.));
#12654 = ADVANCED_FACE('',(#12655),#12673,.T.);
#12655 = FACE_BOUND('',#12656,.T.);
#12656 = EDGE_LOOP('',(#12657,#12658,#12659,#12667));
#12657 = ORIENTED_EDGE('',*,*,#12459,.T.);
#12658 = ORIENTED_EDGE('',*,*,#12620,.T.);
#12659 = ORIENTED_EDGE('',*,*,#12660,.T.);
#12660 = EDGE_CURVE('',#12613,#12661,#12663,.T.);
#12661 = VERTEX_POINT('',#12662);
#12662 = CARTESIAN_POINT('',(47.508917197452,0.59,11.948535031847));
#12663 = LINE('',#12664,#12665);
#12664 = CARTESIAN_POINT('',(47.508917197452,0.59,10.497324840764));
#12665 = VECTOR('',#12666,1.);
#12666 = DIRECTION('',(0.,1.110223024625E-16,1.));
#12667 = ORIENTED_EDGE('',*,*,#12668,.F.);
#12668 = EDGE_CURVE('',#12452,#12661,#12669,.T.);
#12669 = LINE('',#12670,#12671);
#12670 = CARTESIAN_POINT('',(47.508917197452,-1.E-02,11.948535031847));
#12671 = VECTOR('',#12672,1.);
#12672 = DIRECTION('',(0.,1.,0.));
#12673 = PLANE('',#12674);
#12674 = AXIS2_PLACEMENT_3D('',#12675,#12676,#12677);
#12675 = CARTESIAN_POINT('',(47.508917197452,-1.E-02,10.497324840764));
#12676 = DIRECTION('',(1.,0.,0.));
#12677 = DIRECTION('',(-0.,1.110223024625E-16,1.));
#12678 = ADVANCED_FACE('',(#12679),#12697,.T.);
#12679 = FACE_BOUND('',#12680,.T.);
#12680 = EDGE_LOOP('',(#12681,#12682,#12690,#12696));
#12681 = ORIENTED_EDGE('',*,*,#12411,.T.);
#12682 = ORIENTED_EDGE('',*,*,#12683,.T.);
#12683 = EDGE_CURVE('',#12412,#12684,#12686,.T.);
#12684 = VERTEX_POINT('',#12685);
#12685 = CARTESIAN_POINT('',(48.487261146497,0.59,9.502675159236));
#12686 = LINE('',#12687,#12688);
#12687 = CARTESIAN_POINT('',(48.487261146497,-1.E-02,9.502675159236));
#12688 = VECTOR('',#12689,1.);
#12689 = DIRECTION('',(0.,1.,0.));
#12690 = ORIENTED_EDGE('',*,*,#12691,.T.);
#12691 = EDGE_CURVE('',#12684,#12636,#12692,.T.);
#12692 = LINE('',#12693,#12694);
#12693 = CARTESIAN_POINT('',(48.487261146497,0.59,9.502675159236));
#12694 = VECTOR('',#12695,1.);
#12695 = DIRECTION('',(0.,-1.110223024625E-16,-1.));
#12696 = ORIENTED_EDGE('',*,*,#12635,.F.);
#12697 = PLANE('',#12698);
#12698 = AXIS2_PLACEMENT_3D('',#12699,#12700,#12701);
#12699 = CARTESIAN_POINT('',(48.487261146497,-1.E-02,9.502675159236));
#12700 = DIRECTION('',(-1.,0.,-0.));
#12701 = DIRECTION('',(0.,-1.110223024625E-16,-1.));
#12702 = ADVANCED_FACE('',(#12703),#12721,.T.);
#12703 = FACE_BOUND('',#12704,.T.);
#12704 = EDGE_LOOP('',(#12705,#12706,#12707,#12715));
#12705 = ORIENTED_EDGE('',*,*,#12451,.T.);
#12706 = ORIENTED_EDGE('',*,*,#12668,.T.);
#12707 = ORIENTED_EDGE('',*,*,#12708,.T.);
#12708 = EDGE_CURVE('',#12661,#12709,#12711,.T.);
#12709 = VERTEX_POINT('',#12710);
#12710 = CARTESIAN_POINT('',(48.487261146497,0.59,11.948535031847));
#12711 = LINE('',#12712,#12713);
#12712 = CARTESIAN_POINT('',(47.508917197452,0.59,11.948535031847));
#12713 = VECTOR('',#12714,1.);
#12714 = DIRECTION('',(1.,0.,0.));
#12715 = ORIENTED_EDGE('',*,*,#12716,.F.);
#12716 = EDGE_CURVE('',#12444,#12709,#12717,.T.);
#12717 = LINE('',#12718,#12719);
#12718 = CARTESIAN_POINT('',(48.487261146497,-1.E-02,11.948535031847));
#12719 = VECTOR('',#12720,1.);
#12720 = DIRECTION('',(0.,1.,0.));
#12721 = PLANE('',#12722);
#12722 = AXIS2_PLACEMENT_3D('',#12723,#12724,#12725);
#12723 = CARTESIAN_POINT('',(47.508917197452,-1.E-02,11.948535031847));
#12724 = DIRECTION('',(0.,0.,-1.));
#12725 = DIRECTION('',(1.,0.,0.));
#12726 = ADVANCED_FACE('',(#12727),#12745,.T.);
#12727 = FACE_BOUND('',#12728,.T.);
#12728 = EDGE_LOOP('',(#12729,#12730,#12738,#12744));
#12729 = ORIENTED_EDGE('',*,*,#12419,.T.);
#12730 = ORIENTED_EDGE('',*,*,#12731,.T.);
#12731 = EDGE_CURVE('',#12420,#12732,#12734,.T.);
#12732 = VERTEX_POINT('',#12733);
#12733 = CARTESIAN_POINT('',(49.958598726115,0.59,9.502675159236));
#12734 = LINE('',#12735,#12736);
#12735 = CARTESIAN_POINT('',(49.958598726115,-1.E-02,9.502675159236));
#12736 = VECTOR('',#12737,1.);
#12737 = DIRECTION('',(0.,1.,0.));
#12738 = ORIENTED_EDGE('',*,*,#12739,.T.);
#12739 = EDGE_CURVE('',#12732,#12684,#12740,.T.);
#12740 = LINE('',#12741,#12742);
#12741 = CARTESIAN_POINT('',(49.958598726115,0.59,9.502675159236));
#12742 = VECTOR('',#12743,1.);
#12743 = DIRECTION('',(-1.,0.,0.));
#12744 = ORIENTED_EDGE('',*,*,#12683,.F.);
#12745 = PLANE('',#12746);
#12746 = AXIS2_PLACEMENT_3D('',#12747,#12748,#12749);
#12747 = CARTESIAN_POINT('',(49.958598726115,-1.E-02,9.502675159236));
#12748 = DIRECTION('',(0.,-0.,1.));
#12749 = DIRECTION('',(-1.,0.,0.));
#12750 = ADVANCED_FACE('',(#12751),#12769,.T.);
#12751 = FACE_BOUND('',#12752,.T.);
#12752 = EDGE_LOOP('',(#12753,#12754,#12755,#12763));
#12753 = ORIENTED_EDGE('',*,*,#12443,.T.);
#12754 = ORIENTED_EDGE('',*,*,#12716,.T.);
#12755 = ORIENTED_EDGE('',*,*,#12756,.T.);
#12756 = EDGE_CURVE('',#12709,#12757,#12759,.T.);
#12757 = VERTEX_POINT('',#12758);
#12758 = CARTESIAN_POINT('',(48.487261146497,0.59,10.497324840764));
#12759 = LINE('',#12760,#12761);
#12760 = CARTESIAN_POINT('',(48.487261146497,0.59,11.948535031847));
#12761 = VECTOR('',#12762,1.);
#12762 = DIRECTION('',(0.,-1.110223024625E-16,-1.));
#12763 = ORIENTED_EDGE('',*,*,#12764,.F.);
#12764 = EDGE_CURVE('',#12436,#12757,#12765,.T.);
#12765 = LINE('',#12766,#12767);
#12766 = CARTESIAN_POINT('',(48.487261146497,-1.E-02,10.497324840764));
#12767 = VECTOR('',#12768,1.);
#12768 = DIRECTION('',(0.,1.,0.));
#12769 = PLANE('',#12770);
#12770 = AXIS2_PLACEMENT_3D('',#12771,#12772,#12773);
#12771 = CARTESIAN_POINT('',(48.487261146497,-1.E-02,11.948535031847));
#12772 = DIRECTION('',(-1.,0.,-0.));
#12773 = DIRECTION('',(0.,-1.110223024625E-16,-1.));
#12774 = ADVANCED_FACE('',(#12775),#12793,.T.);
#12775 = FACE_BOUND('',#12776,.T.);
#12776 = EDGE_LOOP('',(#12777,#12778,#12786,#12792));
#12777 = ORIENTED_EDGE('',*,*,#12427,.T.);
#12778 = ORIENTED_EDGE('',*,*,#12779,.T.);
#12779 = EDGE_CURVE('',#12428,#12780,#12782,.T.);
#12780 = VERTEX_POINT('',#12781);
#12781 = CARTESIAN_POINT('',(49.958598726115,0.59,10.497324840764));
#12782 = LINE('',#12783,#12784);
#12783 = CARTESIAN_POINT('',(49.958598726115,-1.E-02,10.497324840764));
#12784 = VECTOR('',#12785,1.);
#12785 = DIRECTION('',(0.,1.,0.));
#12786 = ORIENTED_EDGE('',*,*,#12787,.T.);
#12787 = EDGE_CURVE('',#12780,#12732,#12788,.T.);
#12788 = LINE('',#12789,#12790);
#12789 = CARTESIAN_POINT('',(49.958598726115,0.59,10.497324840764));
#12790 = VECTOR('',#12791,1.);
#12791 = DIRECTION('',(0.,-1.110223024625E-16,-1.));
#12792 = ORIENTED_EDGE('',*,*,#12731,.F.);
#12793 = PLANE('',#12794);
#12794 = AXIS2_PLACEMENT_3D('',#12795,#12796,#12797);
#12795 = CARTESIAN_POINT('',(49.958598726115,-1.E-02,10.497324840764));
#12796 = DIRECTION('',(-1.,0.,-0.));
#12797 = DIRECTION('',(0.,-1.110223024625E-16,-1.));
#12798 = ADVANCED_FACE('',(#12799),#12810,.T.);
#12799 = FACE_BOUND('',#12800,.T.);
#12800 = EDGE_LOOP('',(#12801,#12802,#12803,#12809));
#12801 = ORIENTED_EDGE('',*,*,#12435,.T.);
#12802 = ORIENTED_EDGE('',*,*,#12764,.T.);
#12803 = ORIENTED_EDGE('',*,*,#12804,.T.);
#12804 = EDGE_CURVE('',#12757,#12780,#12805,.T.);
#12805 = LINE('',#12806,#12807);
#12806 = CARTESIAN_POINT('',(48.487261146497,0.59,10.497324840764));
#12807 = VECTOR('',#12808,1.);
#12808 = DIRECTION('',(1.,0.,0.));
#12809 = ORIENTED_EDGE('',*,*,#12779,.F.);
#12810 = PLANE('',#12811);
#12811 = AXIS2_PLACEMENT_3D('',#12812,#12813,#12814);
#12812 = CARTESIAN_POINT('',(48.487261146497,-1.E-02,10.497324840764));
#12813 = DIRECTION('',(0.,0.,-1.));
#12814 = DIRECTION('',(1.,0.,0.));
#12815 = ADVANCED_FACE('',(#12816),#12830,.T.);
#12816 = FACE_BOUND('',#12817,.F.);
#12817 = EDGE_LOOP('',(#12818,#12819,#12820,#12821,#12822,#12823,#12824,
    #12825,#12826,#12827,#12828,#12829));
#12818 = ORIENTED_EDGE('',*,*,#12595,.T.);
#12819 = ORIENTED_EDGE('',*,*,#12540,.T.);
#12820 = ORIENTED_EDGE('',*,*,#12564,.T.);
#12821 = ORIENTED_EDGE('',*,*,#12612,.T.);
#12822 = ORIENTED_EDGE('',*,*,#12660,.T.);
#12823 = ORIENTED_EDGE('',*,*,#12708,.T.);
#12824 = ORIENTED_EDGE('',*,*,#12756,.T.);
#12825 = ORIENTED_EDGE('',*,*,#12804,.T.);
#12826 = ORIENTED_EDGE('',*,*,#12787,.T.);
#12827 = ORIENTED_EDGE('',*,*,#12739,.T.);
#12828 = ORIENTED_EDGE('',*,*,#12691,.T.);
#12829 = ORIENTED_EDGE('',*,*,#12643,.T.);
#12830 = PLANE('',#12831);
#12831 = AXIS2_PLACEMENT_3D('',#12832,#12833,#12834);
#12832 = CARTESIAN_POINT('',(47.999290269216,0.59,10.));
#12833 = DIRECTION('',(0.,-1.,1.110223024625E-16));
#12834 = DIRECTION('',(1.,0.,0.));
#12835 = ADVANCED_FACE('',(#12836),#12861,.T.);
#12836 = FACE_BOUND('',#12837,.T.);
#12837 = EDGE_LOOP('',(#12838,#12839,#12847,#12855));
#12838 = ORIENTED_EDGE('',*,*,#12517,.T.);
#12839 = ORIENTED_EDGE('',*,*,#12840,.T.);
#12840 = EDGE_CURVE('',#12492,#12841,#12843,.T.);
#12841 = VERTEX_POINT('',#12842);
#12842 = CARTESIAN_POINT('',(85.091401273885,0.59,10.497324840764));
#12843 = LINE('',#12844,#12845);
#12844 = CARTESIAN_POINT('',(85.091401273885,-1.E-02,10.497324840764));
#12845 = VECTOR('',#12846,1.);
#12846 = DIRECTION('',(0.,1.,0.));
#12847 = ORIENTED_EDGE('',*,*,#12848,.T.);
#12848 = EDGE_CURVE('',#12841,#12849,#12851,.T.);
#12849 = VERTEX_POINT('',#12850);
#12850 = CARTESIAN_POINT('',(89.008598726115,0.59,10.497324840764));
#12851 = LINE('',#12852,#12853);
#12852 = CARTESIAN_POINT('',(85.091401273885,0.59,10.497324840764));
#12853 = VECTOR('',#12854,1.);
#12854 = DIRECTION('',(1.,0.,0.));
#12855 = ORIENTED_EDGE('',*,*,#12856,.F.);
#12856 = EDGE_CURVE('',#12510,#12849,#12857,.T.);
#12857 = LINE('',#12858,#12859);
#12858 = CARTESIAN_POINT('',(89.008598726115,-1.E-02,10.497324840764));
#12859 = VECTOR('',#12860,1.);
#12860 = DIRECTION('',(0.,1.,0.));
#12861 = PLANE('',#12862);
#12862 = AXIS2_PLACEMENT_3D('',#12863,#12864,#12865);
#12863 = CARTESIAN_POINT('',(85.091401273885,-1.E-02,10.497324840764));
#12864 = DIRECTION('',(0.,0.,-1.));
#12865 = DIRECTION('',(1.,0.,0.));
#12866 = ADVANCED_FACE('',(#12867),#12885,.T.);
#12867 = FACE_BOUND('',#12868,.T.);
#12868 = EDGE_LOOP('',(#12869,#12870,#12871,#12879));
#12869 = ORIENTED_EDGE('',*,*,#12509,.T.);
#12870 = ORIENTED_EDGE('',*,*,#12856,.T.);
#12871 = ORIENTED_EDGE('',*,*,#12872,.T.);
#12872 = EDGE_CURVE('',#12849,#12873,#12875,.T.);
#12873 = VERTEX_POINT('',#12874);
#12874 = CARTESIAN_POINT('',(89.008598726115,0.59,9.502675159236));
#12875 = LINE('',#12876,#12877);
#12876 = CARTESIAN_POINT('',(89.008598726115,0.59,10.497324840764));
#12877 = VECTOR('',#12878,1.);
#12878 = DIRECTION('',(0.,-1.110223024625E-16,-1.));
#12879 = ORIENTED_EDGE('',*,*,#12880,.F.);
#12880 = EDGE_CURVE('',#12502,#12873,#12881,.T.);
#12881 = LINE('',#12882,#12883);
#12882 = CARTESIAN_POINT('',(89.008598726115,-1.E-02,9.502675159236));
#12883 = VECTOR('',#12884,1.);
#12884 = DIRECTION('',(0.,1.,0.));
#12885 = PLANE('',#12886);
#12886 = AXIS2_PLACEMENT_3D('',#12887,#12888,#12889);
#12887 = CARTESIAN_POINT('',(89.008598726115,-1.E-02,10.497324840764));
#12888 = DIRECTION('',(-1.,0.,-0.));
#12889 = DIRECTION('',(0.,-1.110223024625E-16,-1.));
#12890 = ADVANCED_FACE('',(#12891),#12909,.T.);
#12891 = FACE_BOUND('',#12892,.T.);
#12892 = EDGE_LOOP('',(#12893,#12894,#12895,#12903));
#12893 = ORIENTED_EDGE('',*,*,#12501,.T.);
#12894 = ORIENTED_EDGE('',*,*,#12880,.T.);
#12895 = ORIENTED_EDGE('',*,*,#12896,.T.);
#12896 = EDGE_CURVE('',#12873,#12897,#12899,.T.);
#12897 = VERTEX_POINT('',#12898);
#12898 = CARTESIAN_POINT('',(85.091401273885,0.59,9.502675159236));
#12899 = LINE('',#12900,#12901);
#12900 = CARTESIAN_POINT('',(89.008598726115,0.59,9.502675159236));
#12901 = VECTOR('',#12902,1.);
#12902 = DIRECTION('',(-1.,0.,0.));
#12903 = ORIENTED_EDGE('',*,*,#12904,.F.);
#12904 = EDGE_CURVE('',#12494,#12897,#12905,.T.);
#12905 = LINE('',#12906,#12907);
#12906 = CARTESIAN_POINT('',(85.091401273885,-1.E-02,9.502675159236));
#12907 = VECTOR('',#12908,1.);
#12908 = DIRECTION('',(0.,1.,0.));
#12909 = PLANE('',#12910);
#12910 = AXIS2_PLACEMENT_3D('',#12911,#12912,#12913);
#12911 = CARTESIAN_POINT('',(89.008598726115,-1.E-02,9.502675159236));
#12912 = DIRECTION('',(0.,-0.,1.));
#12913 = DIRECTION('',(-1.,0.,0.));
#12914 = ADVANCED_FACE('',(#12915),#12926,.T.);
#12915 = FACE_BOUND('',#12916,.T.);
#12916 = EDGE_LOOP('',(#12917,#12918,#12919,#12925));
#12917 = ORIENTED_EDGE('',*,*,#12491,.T.);
#12918 = ORIENTED_EDGE('',*,*,#12904,.T.);
#12919 = ORIENTED_EDGE('',*,*,#12920,.T.);
#12920 = EDGE_CURVE('',#12897,#12841,#12921,.T.);
#12921 = LINE('',#12922,#12923);
#12922 = CARTESIAN_POINT('',(85.091401273885,0.59,9.502675159236));
#12923 = VECTOR('',#12924,1.);
#12924 = DIRECTION('',(0.,1.110223024625E-16,1.));
#12925 = ORIENTED_EDGE('',*,*,#12840,.F.);
#12926 = PLANE('',#12927);
#12927 = AXIS2_PLACEMENT_3D('',#12928,#12929,#12930);
#12928 = CARTESIAN_POINT('',(85.091401273885,-1.E-02,9.502675159236));
#12929 = DIRECTION('',(1.,0.,0.));
#12930 = DIRECTION('',(-0.,1.110223024625E-16,1.));
#12931 = ADVANCED_FACE('',(#12932),#12938,.T.);
#12932 = FACE_BOUND('',#12933,.F.);
#12933 = EDGE_LOOP('',(#12934,#12935,#12936,#12937));
#12934 = ORIENTED_EDGE('',*,*,#12920,.T.);
#12935 = ORIENTED_EDGE('',*,*,#12848,.T.);
#12936 = ORIENTED_EDGE('',*,*,#12872,.T.);
#12937 = ORIENTED_EDGE('',*,*,#12896,.T.);
#12938 = PLANE('',#12939);
#12939 = AXIS2_PLACEMENT_3D('',#12940,#12941,#12942);
#12940 = CARTESIAN_POINT('',(87.05,0.59,10.));
#12941 = DIRECTION('',(0.,-1.,1.110223024625E-16));
#12942 = DIRECTION('',(1.,0.,0.));
#12943 = ADVANCED_FACE('',(#12944),#12964,.T.);
#12944 = FACE_BOUND('',#12945,.T.);
#12945 = EDGE_LOOP('',(#12946,#12952,#12953,#12954,#12955,#12956,#12957,
    #12963));
#12946 = ORIENTED_EDGE('',*,*,#12947,.F.);
#12947 = EDGE_CURVE('',#2225,#4191,#12948,.T.);
#12948 = LINE('',#12949,#12950);
#12949 = CARTESIAN_POINT('',(92.,2.4,60.5));
#12950 = VECTOR('',#12951,1.);
#12951 = DIRECTION('',(0.,0.,1.));
#12952 = ORIENTED_EDGE('',*,*,#2233,.T.);
#12953 = ORIENTED_EDGE('',*,*,#2178,.F.);
#12954 = ORIENTED_EDGE('',*,*,#2131,.F.);
#12955 = ORIENTED_EDGE('',*,*,#506,.T.);
#12956 = ORIENTED_EDGE('',*,*,#433,.F.);
#12957 = ORIENTED_EDGE('',*,*,#12958,.T.);
#12958 = EDGE_CURVE('',#425,#4140,#12959,.T.);
#12959 = LINE('',#12960,#12961);
#12960 = CARTESIAN_POINT('',(6.,2.4,2.4));
#12961 = VECTOR('',#12962,1.);
#12962 = DIRECTION('',(0.,0.,1.));
#12963 = ORIENTED_EDGE('',*,*,#4199,.F.);
#12964 = PLANE('',#12965);
#12965 = AXIS2_PLACEMENT_3D('',#12966,#12967,#12968);
#12966 = CARTESIAN_POINT('',(49.0239390642,2.4,64.101577801959));
#12967 = DIRECTION('',(0.,1.,0.));
#12968 = DIRECTION('',(0.,-0.,1.));
#12969 = ADVANCED_FACE('',(#12970,#12994,#13015,#13036,#13057,#13078,
    #13099,#13120,#13141,#13162,#13183),#13204,.T.);
#12970 = FACE_BOUND('',#12971,.T.);
#12971 = EDGE_LOOP('',(#12972,#12973,#12979,#12980,#12981,#12982,#12983,
    #12984,#12985,#12986,#12987,#12988));
#12972 = ORIENTED_EDGE('',*,*,#4182,.T.);
#12973 = ORIENTED_EDGE('',*,*,#12974,.F.);
#12974 = EDGE_CURVE('',#3374,#4174,#12975,.T.);
#12975 = LINE('',#12976,#12977);
#12976 = CARTESIAN_POINT('',(95.6,122.,60.5));
#12977 = VECTOR('',#12978,1.);
#12978 = DIRECTION('',(0.,0.,1.));
#12979 = ORIENTED_EDGE('',*,*,#3373,.T.);
#12980 = ORIENTED_EDGE('',*,*,#3407,.F.);
#12981 = ORIENTED_EDGE('',*,*,#3456,.F.);
#12982 = ORIENTED_EDGE('',*,*,#3275,.F.);
#12983 = ORIENTED_EDGE('',*,*,#3108,.T.);
#12984 = ORIENTED_EDGE('',*,*,#2719,.T.);
#12985 = ORIENTED_EDGE('',*,*,#3086,.T.);
#12986 = ORIENTED_EDGE('',*,*,#2259,.T.);
#12987 = ORIENTED_EDGE('',*,*,#2216,.F.);
#12988 = ORIENTED_EDGE('',*,*,#12989,.T.);
#12989 = EDGE_CURVE('',#2217,#4183,#12990,.T.);
#12990 = LINE('',#12991,#12992);
#12991 = CARTESIAN_POINT('',(95.6,6.,2.4));
#12992 = VECTOR('',#12993,1.);
#12993 = DIRECTION('',(0.,0.,1.));
#12994 = FACE_BOUND('',#12995,.T.);
#12995 = EDGE_LOOP('',(#12996,#12997,#12998,#13007,#13014));
#12996 = ORIENTED_EDGE('',*,*,#10309,.T.);
#12997 = ORIENTED_EDGE('',*,*,#10333,.T.);
#12998 = ORIENTED_EDGE('',*,*,#12999,.T.);
#12999 = EDGE_CURVE('',#10334,#13000,#13002,.T.);
#13000 = VERTEX_POINT('',#13001);
#13001 = CARTESIAN_POINT('',(95.6,104.,44.));
#13002 = CIRCLE('',#13003,1.5);
#13003 = AXIS2_PLACEMENT_3D('',#13004,#13005,#13006);
#13004 = CARTESIAN_POINT('',(95.6,104.,42.5));
#13005 = DIRECTION('',(1.,0.,0.));
#13006 = DIRECTION('',(-0.,0.,1.));
#13007 = ORIENTED_EDGE('',*,*,#13008,.T.);
#13008 = EDGE_CURVE('',#13000,#10358,#13009,.T.);
#13009 = CIRCLE('',#13010,1.5);
#13010 = AXIS2_PLACEMENT_3D('',#13011,#13012,#13013);
#13011 = CARTESIAN_POINT('',(95.6,104.,42.5));
#13012 = DIRECTION('',(1.,0.,0.));
#13013 = DIRECTION('',(-0.,0.,1.));
#13014 = ORIENTED_EDGE('',*,*,#10357,.F.);
#13015 = FACE_BOUND('',#13016,.T.);
#13016 = EDGE_LOOP('',(#13017,#13018,#13019,#13028,#13035));
#13017 = ORIENTED_EDGE('',*,*,#10389,.T.);
#13018 = ORIENTED_EDGE('',*,*,#10413,.T.);
#13019 = ORIENTED_EDGE('',*,*,#13020,.T.);
#13020 = EDGE_CURVE('',#10414,#13021,#13023,.T.);
#13021 = VERTEX_POINT('',#13022);
#13022 = CARTESIAN_POINT('',(95.6,98.,44.));
#13023 = CIRCLE('',#13024,1.5);
#13024 = AXIS2_PLACEMENT_3D('',#13025,#13026,#13027);
#13025 = CARTESIAN_POINT('',(95.6,98.,42.5));
#13026 = DIRECTION('',(1.,0.,0.));
#13027 = DIRECTION('',(-0.,0.,1.));
#13028 = ORIENTED_EDGE('',*,*,#13029,.T.);
#13029 = EDGE_CURVE('',#13021,#10438,#13030,.T.);
#13030 = CIRCLE('',#13031,1.5);
#13031 = AXIS2_PLACEMENT_3D('',#13032,#13033,#13034);
#13032 = CARTESIAN_POINT('',(95.6,98.,42.5));
#13033 = DIRECTION('',(1.,0.,0.));
#13034 = DIRECTION('',(-0.,0.,1.));
#13035 = ORIENTED_EDGE('',*,*,#10437,.F.);
#13036 = FACE_BOUND('',#13037,.T.);
#13037 = EDGE_LOOP('',(#13038,#13039,#13040,#13049,#13056));
#13038 = ORIENTED_EDGE('',*,*,#10469,.T.);
#13039 = ORIENTED_EDGE('',*,*,#10493,.T.);
#13040 = ORIENTED_EDGE('',*,*,#13041,.T.);
#13041 = EDGE_CURVE('',#10494,#13042,#13044,.T.);
#13042 = VERTEX_POINT('',#13043);
#13043 = CARTESIAN_POINT('',(95.6,92.,44.));
#13044 = CIRCLE('',#13045,1.5);
#13045 = AXIS2_PLACEMENT_3D('',#13046,#13047,#13048);
#13046 = CARTESIAN_POINT('',(95.6,92.,42.5));
#13047 = DIRECTION('',(1.,0.,0.));
#13048 = DIRECTION('',(-0.,0.,1.));
#13049 = ORIENTED_EDGE('',*,*,#13050,.T.);
#13050 = EDGE_CURVE('',#13042,#10518,#13051,.T.);
#13051 = CIRCLE('',#13052,1.5);
#13052 = AXIS2_PLACEMENT_3D('',#13053,#13054,#13055);
#13053 = CARTESIAN_POINT('',(95.6,92.,42.5));
#13054 = DIRECTION('',(1.,0.,0.));
#13055 = DIRECTION('',(-0.,0.,1.));
#13056 = ORIENTED_EDGE('',*,*,#10517,.F.);
#13057 = FACE_BOUND('',#13058,.T.);
#13058 = EDGE_LOOP('',(#13059,#13060,#13061,#13070,#13077));
#13059 = ORIENTED_EDGE('',*,*,#10549,.T.);
#13060 = ORIENTED_EDGE('',*,*,#10573,.T.);
#13061 = ORIENTED_EDGE('',*,*,#13062,.T.);
#13062 = EDGE_CURVE('',#10574,#13063,#13065,.T.);
#13063 = VERTEX_POINT('',#13064);
#13064 = CARTESIAN_POINT('',(95.6,86.,44.));
#13065 = CIRCLE('',#13066,1.5);
#13066 = AXIS2_PLACEMENT_3D('',#13067,#13068,#13069);
#13067 = CARTESIAN_POINT('',(95.6,86.,42.5));
#13068 = DIRECTION('',(1.,0.,0.));
#13069 = DIRECTION('',(-0.,0.,1.));
#13070 = ORIENTED_EDGE('',*,*,#13071,.T.);
#13071 = EDGE_CURVE('',#13063,#10598,#13072,.T.);
#13072 = CIRCLE('',#13073,1.5);
#13073 = AXIS2_PLACEMENT_3D('',#13074,#13075,#13076);
#13074 = CARTESIAN_POINT('',(95.6,86.,42.5));
#13075 = DIRECTION('',(1.,0.,0.));
#13076 = DIRECTION('',(-0.,0.,1.));
#13077 = ORIENTED_EDGE('',*,*,#10597,.F.);
#13078 = FACE_BOUND('',#13079,.T.);
#13079 = EDGE_LOOP('',(#13080,#13081,#13082,#13091,#13098));
#13080 = ORIENTED_EDGE('',*,*,#10629,.T.);
#13081 = ORIENTED_EDGE('',*,*,#10653,.T.);
#13082 = ORIENTED_EDGE('',*,*,#13083,.T.);
#13083 = EDGE_CURVE('',#10654,#13084,#13086,.T.);
#13084 = VERTEX_POINT('',#13085);
#13085 = CARTESIAN_POINT('',(95.6,80.,44.));
#13086 = CIRCLE('',#13087,1.5);
#13087 = AXIS2_PLACEMENT_3D('',#13088,#13089,#13090);
#13088 = CARTESIAN_POINT('',(95.6,80.,42.5));
#13089 = DIRECTION('',(1.,0.,0.));
#13090 = DIRECTION('',(-0.,0.,1.));
#13091 = ORIENTED_EDGE('',*,*,#13092,.T.);
#13092 = EDGE_CURVE('',#13084,#10678,#13093,.T.);
#13093 = CIRCLE('',#13094,1.5);
#13094 = AXIS2_PLACEMENT_3D('',#13095,#13096,#13097);
#13095 = CARTESIAN_POINT('',(95.6,80.,42.5));
#13096 = DIRECTION('',(1.,0.,0.));
#13097 = DIRECTION('',(-0.,0.,1.));
#13098 = ORIENTED_EDGE('',*,*,#10677,.F.);
#13099 = FACE_BOUND('',#13100,.T.);
#13100 = EDGE_LOOP('',(#13101,#13102,#13103,#13112,#13119));
#13101 = ORIENTED_EDGE('',*,*,#10709,.T.);
#13102 = ORIENTED_EDGE('',*,*,#10733,.T.);
#13103 = ORIENTED_EDGE('',*,*,#13104,.T.);
#13104 = EDGE_CURVE('',#10734,#13105,#13107,.T.);
#13105 = VERTEX_POINT('',#13106);
#13106 = CARTESIAN_POINT('',(95.6,74.,44.));
#13107 = CIRCLE('',#13108,1.5);
#13108 = AXIS2_PLACEMENT_3D('',#13109,#13110,#13111);
#13109 = CARTESIAN_POINT('',(95.6,74.,42.5));
#13110 = DIRECTION('',(1.,0.,0.));
#13111 = DIRECTION('',(-0.,0.,1.));
#13112 = ORIENTED_EDGE('',*,*,#13113,.T.);
#13113 = EDGE_CURVE('',#13105,#10758,#13114,.T.);
#13114 = CIRCLE('',#13115,1.5);
#13115 = AXIS2_PLACEMENT_3D('',#13116,#13117,#13118);
#13116 = CARTESIAN_POINT('',(95.6,74.,42.5));
#13117 = DIRECTION('',(1.,0.,0.));
#13118 = DIRECTION('',(-0.,0.,1.));
#13119 = ORIENTED_EDGE('',*,*,#10757,.F.);
#13120 = FACE_BOUND('',#13121,.T.);
#13121 = EDGE_LOOP('',(#13122,#13123,#13124,#13133,#13140));
#13122 = ORIENTED_EDGE('',*,*,#10789,.T.);
#13123 = ORIENTED_EDGE('',*,*,#10813,.T.);
#13124 = ORIENTED_EDGE('',*,*,#13125,.T.);
#13125 = EDGE_CURVE('',#10814,#13126,#13128,.T.);
#13126 = VERTEX_POINT('',#13127);
#13127 = CARTESIAN_POINT('',(95.6,68.,44.));
#13128 = CIRCLE('',#13129,1.5);
#13129 = AXIS2_PLACEMENT_3D('',#13130,#13131,#13132);
#13130 = CARTESIAN_POINT('',(95.6,68.,42.5));
#13131 = DIRECTION('',(1.,0.,0.));
#13132 = DIRECTION('',(-0.,0.,1.));
#13133 = ORIENTED_EDGE('',*,*,#13134,.T.);
#13134 = EDGE_CURVE('',#13126,#10838,#13135,.T.);
#13135 = CIRCLE('',#13136,1.5);
#13136 = AXIS2_PLACEMENT_3D('',#13137,#13138,#13139);
#13137 = CARTESIAN_POINT('',(95.6,68.,42.5));
#13138 = DIRECTION('',(1.,0.,0.));
#13139 = DIRECTION('',(-0.,0.,1.));
#13140 = ORIENTED_EDGE('',*,*,#10837,.F.);
#13141 = FACE_BOUND('',#13142,.T.);
#13142 = EDGE_LOOP('',(#13143,#13144,#13145,#13154,#13161));
#13143 = ORIENTED_EDGE('',*,*,#10869,.T.);
#13144 = ORIENTED_EDGE('',*,*,#10893,.T.);
#13145 = ORIENTED_EDGE('',*,*,#13146,.T.);
#13146 = EDGE_CURVE('',#10894,#13147,#13149,.T.);
#13147 = VERTEX_POINT('',#13148);
#13148 = CARTESIAN_POINT('',(95.6,62.,44.));
#13149 = CIRCLE('',#13150,1.5);
#13150 = AXIS2_PLACEMENT_3D('',#13151,#13152,#13153);
#13151 = CARTESIAN_POINT('',(95.6,62.,42.5));
#13152 = DIRECTION('',(1.,0.,0.));
#13153 = DIRECTION('',(-0.,0.,1.));
#13154 = ORIENTED_EDGE('',*,*,#13155,.T.);
#13155 = EDGE_CURVE('',#13147,#10918,#13156,.T.);
#13156 = CIRCLE('',#13157,1.5);
#13157 = AXIS2_PLACEMENT_3D('',#13158,#13159,#13160);
#13158 = CARTESIAN_POINT('',(95.6,62.,42.5));
#13159 = DIRECTION('',(1.,0.,0.));
#13160 = DIRECTION('',(-0.,0.,1.));
#13161 = ORIENTED_EDGE('',*,*,#10917,.F.);
#13162 = FACE_BOUND('',#13163,.T.);
#13163 = EDGE_LOOP('',(#13164,#13165,#13166,#13175,#13182));
#13164 = ORIENTED_EDGE('',*,*,#10949,.T.);
#13165 = ORIENTED_EDGE('',*,*,#10973,.T.);
#13166 = ORIENTED_EDGE('',*,*,#13167,.T.);
#13167 = EDGE_CURVE('',#10974,#13168,#13170,.T.);
#13168 = VERTEX_POINT('',#13169);
#13169 = CARTESIAN_POINT('',(95.6,56.,44.));
#13170 = CIRCLE('',#13171,1.5);
#13171 = AXIS2_PLACEMENT_3D('',#13172,#13173,#13174);
#13172 = CARTESIAN_POINT('',(95.6,56.,42.5));
#13173 = DIRECTION('',(1.,0.,0.));
#13174 = DIRECTION('',(-0.,0.,1.));
#13175 = ORIENTED_EDGE('',*,*,#13176,.T.);
#13176 = EDGE_CURVE('',#13168,#10998,#13177,.T.);
#13177 = CIRCLE('',#13178,1.5);
#13178 = AXIS2_PLACEMENT_3D('',#13179,#13180,#13181);
#13179 = CARTESIAN_POINT('',(95.6,56.,42.5));
#13180 = DIRECTION('',(1.,0.,0.));
#13181 = DIRECTION('',(-0.,0.,1.));
#13182 = ORIENTED_EDGE('',*,*,#10997,.F.);
#13183 = FACE_BOUND('',#13184,.T.);
#13184 = EDGE_LOOP('',(#13185,#13186,#13187,#13196,#13203));
#13185 = ORIENTED_EDGE('',*,*,#11029,.T.);
#13186 = ORIENTED_EDGE('',*,*,#11053,.T.);
#13187 = ORIENTED_EDGE('',*,*,#13188,.T.);
#13188 = EDGE_CURVE('',#11054,#13189,#13191,.T.);
#13189 = VERTEX_POINT('',#13190);
#13190 = CARTESIAN_POINT('',(95.6,50.,44.));
#13191 = CIRCLE('',#13192,1.5);
#13192 = AXIS2_PLACEMENT_3D('',#13193,#13194,#13195);
#13193 = CARTESIAN_POINT('',(95.6,50.,42.5));
#13194 = DIRECTION('',(1.,0.,0.));
#13195 = DIRECTION('',(-0.,0.,1.));
#13196 = ORIENTED_EDGE('',*,*,#13197,.T.);
#13197 = EDGE_CURVE('',#13189,#11078,#13198,.T.);
#13198 = CIRCLE('',#13199,1.5);
#13199 = AXIS2_PLACEMENT_3D('',#13200,#13201,#13202);
#13200 = CARTESIAN_POINT('',(95.6,50.,42.5));
#13201 = DIRECTION('',(1.,0.,0.));
#13202 = DIRECTION('',(-0.,0.,1.));
#13203 = ORIENTED_EDGE('',*,*,#11077,.F.);
#13204 = PLANE('',#13205);
#13205 = AXIS2_PLACEMENT_3D('',#13206,#13207,#13208);
#13206 = CARTESIAN_POINT('',(95.6,64.,34.66853074395));
#13207 = DIRECTION('',(-1.,-0.,-0.));
#13208 = DIRECTION('',(0.,0.,-1.));
#13209 = ADVANCED_FACE('',(#13210,#13234,#13255,#13276,#13297,#13318,
    #13339,#13360,#13381,#13402,#13423),#13426,.T.);
#13210 = FACE_BOUND('',#13211,.T.);
#13211 = EDGE_LOOP('',(#13212,#13213,#13219,#13220,#13221,#13222,#13223,
    #13224,#13225,#13226,#13227,#13228));
#13212 = ORIENTED_EDGE('',*,*,#4165,.T.);
#13213 = ORIENTED_EDGE('',*,*,#13214,.F.);
#13214 = EDGE_CURVE('',#2535,#4157,#13215,.T.);
#13215 = LINE('',#13216,#13217);
#13216 = CARTESIAN_POINT('',(6.,125.6,60.5));
#13217 = VECTOR('',#13218,1.);
#13218 = DIRECTION('',(0.,0.,1.));
#13219 = ORIENTED_EDGE('',*,*,#2532,.F.);
#13220 = ORIENTED_EDGE('',*,*,#2583,.F.);
#13221 = ORIENTED_EDGE('',*,*,#2610,.F.);
#13222 = ORIENTED_EDGE('',*,*,#2508,.F.);
#13223 = ORIENTED_EDGE('',*,*,#3060,.T.);
#13224 = ORIENTED_EDGE('',*,*,#3284,.T.);
#13225 = ORIENTED_EDGE('',*,*,#3333,.T.);
#13226 = ORIENTED_EDGE('',*,*,#3436,.T.);
#13227 = ORIENTED_EDGE('',*,*,#3347,.T.);
#13228 = ORIENTED_EDGE('',*,*,#13229,.T.);
#13229 = EDGE_CURVE('',#3350,#4166,#13230,.T.);
#13230 = LINE('',#13231,#13232);
#13231 = CARTESIAN_POINT('',(92.,125.6,2.4));
#13232 = VECTOR('',#13233,1.);
#13233 = DIRECTION('',(0.,0.,1.));
#13234 = FACE_BOUND('',#13235,.T.);
#13235 = EDGE_LOOP('',(#13236,#13245,#13252,#13253,#13254));
#13236 = ORIENTED_EDGE('',*,*,#13237,.T.);
#13237 = EDGE_CURVE('',#7948,#13238,#13240,.T.);
#13238 = VERTEX_POINT('',#13239);
#13239 = CARTESIAN_POINT('',(30.,125.6,48.));
#13240 = CIRCLE('',#13241,1.5);
#13241 = AXIS2_PLACEMENT_3D('',#13242,#13243,#13244);
#13242 = CARTESIAN_POINT('',(30.,125.6,46.5));
#13243 = DIRECTION('',(0.,1.,0.));
#13244 = DIRECTION('',(0.,-0.,1.));
#13245 = ORIENTED_EDGE('',*,*,#13246,.T.);
#13246 = EDGE_CURVE('',#13238,#8004,#13247,.T.);
#13247 = CIRCLE('',#13248,1.5);
#13248 = AXIS2_PLACEMENT_3D('',#13249,#13250,#13251);
#13249 = CARTESIAN_POINT('',(30.,125.6,46.5));
#13250 = DIRECTION('',(0.,1.,0.));
#13251 = DIRECTION('',(0.,-0.,1.));
#13252 = ORIENTED_EDGE('',*,*,#8003,.T.);
#13253 = ORIENTED_EDGE('',*,*,#7987,.T.);
#13254 = ORIENTED_EDGE('',*,*,#7947,.F.);
#13255 = FACE_BOUND('',#13256,.T.);
#13256 = EDGE_LOOP('',(#13257,#13266,#13273,#13274,#13275));
#13257 = ORIENTED_EDGE('',*,*,#13258,.T.);
#13258 = EDGE_CURVE('',#8028,#13259,#13261,.T.);
#13259 = VERTEX_POINT('',#13260);
#13260 = CARTESIAN_POINT('',(36.,125.6,48.));
#13261 = CIRCLE('',#13262,1.5);
#13262 = AXIS2_PLACEMENT_3D('',#13263,#13264,#13265);
#13263 = CARTESIAN_POINT('',(36.,125.6,46.5));
#13264 = DIRECTION('',(0.,1.,0.));
#13265 = DIRECTION('',(0.,-0.,1.));
#13266 = ORIENTED_EDGE('',*,*,#13267,.T.);
#13267 = EDGE_CURVE('',#13259,#8084,#13268,.T.);
#13268 = CIRCLE('',#13269,1.5);
#13269 = AXIS2_PLACEMENT_3D('',#13270,#13271,#13272);
#13270 = CARTESIAN_POINT('',(36.,125.6,46.5));
#13271 = DIRECTION('',(0.,1.,0.));
#13272 = DIRECTION('',(0.,-0.,1.));
#13273 = ORIENTED_EDGE('',*,*,#8083,.T.);
#13274 = ORIENTED_EDGE('',*,*,#8067,.T.);
#13275 = ORIENTED_EDGE('',*,*,#8027,.F.);
#13276 = FACE_BOUND('',#13277,.T.);
#13277 = EDGE_LOOP('',(#13278,#13287,#13294,#13295,#13296));
#13278 = ORIENTED_EDGE('',*,*,#13279,.T.);
#13279 = EDGE_CURVE('',#8108,#13280,#13282,.T.);
#13280 = VERTEX_POINT('',#13281);
#13281 = CARTESIAN_POINT('',(42.,125.6,48.));
#13282 = CIRCLE('',#13283,1.5);
#13283 = AXIS2_PLACEMENT_3D('',#13284,#13285,#13286);
#13284 = CARTESIAN_POINT('',(42.,125.6,46.5));
#13285 = DIRECTION('',(0.,1.,0.));
#13286 = DIRECTION('',(0.,-0.,1.));
#13287 = ORIENTED_EDGE('',*,*,#13288,.T.);
#13288 = EDGE_CURVE('',#13280,#8164,#13289,.T.);
#13289 = CIRCLE('',#13290,1.5);
#13290 = AXIS2_PLACEMENT_3D('',#13291,#13292,#13293);
#13291 = CARTESIAN_POINT('',(42.,125.6,46.5));
#13292 = DIRECTION('',(0.,1.,0.));
#13293 = DIRECTION('',(0.,-0.,1.));
#13294 = ORIENTED_EDGE('',*,*,#8163,.T.);
#13295 = ORIENTED_EDGE('',*,*,#8147,.T.);
#13296 = ORIENTED_EDGE('',*,*,#8107,.F.);
#13297 = FACE_BOUND('',#13298,.T.);
#13298 = EDGE_LOOP('',(#13299,#13308,#13315,#13316,#13317));
#13299 = ORIENTED_EDGE('',*,*,#13300,.T.);
#13300 = EDGE_CURVE('',#9821,#13301,#13303,.T.);
#13301 = VERTEX_POINT('',#13302);
#13302 = CARTESIAN_POINT('',(48.,125.6,48.));
#13303 = CIRCLE('',#13304,1.5);
#13304 = AXIS2_PLACEMENT_3D('',#13305,#13306,#13307);
#13305 = CARTESIAN_POINT('',(48.,125.6,46.5));
#13306 = DIRECTION('',(0.,1.,0.));
#13307 = DIRECTION('',(0.,-0.,1.));
#13308 = ORIENTED_EDGE('',*,*,#13309,.T.);
#13309 = EDGE_CURVE('',#13301,#9877,#13310,.T.);
#13310 = CIRCLE('',#13311,1.5);
#13311 = AXIS2_PLACEMENT_3D('',#13312,#13313,#13314);
#13312 = CARTESIAN_POINT('',(48.,125.6,46.5));
#13313 = DIRECTION('',(0.,1.,0.));
#13314 = DIRECTION('',(0.,-0.,1.));
#13315 = ORIENTED_EDGE('',*,*,#9876,.T.);
#13316 = ORIENTED_EDGE('',*,*,#9860,.T.);
#13317 = ORIENTED_EDGE('',*,*,#9820,.F.);
#13318 = FACE_BOUND('',#13319,.T.);
#13319 = EDGE_LOOP('',(#13320,#13329,#13336,#13337,#13338));
#13320 = ORIENTED_EDGE('',*,*,#13321,.T.);
#13321 = EDGE_CURVE('',#9901,#13322,#13324,.T.);
#13322 = VERTEX_POINT('',#13323);
#13323 = CARTESIAN_POINT('',(54.,125.6,48.));
#13324 = CIRCLE('',#13325,1.5);
#13325 = AXIS2_PLACEMENT_3D('',#13326,#13327,#13328);
#13326 = CARTESIAN_POINT('',(54.,125.6,46.5));
#13327 = DIRECTION('',(0.,1.,0.));
#13328 = DIRECTION('',(0.,-0.,1.));
#13329 = ORIENTED_EDGE('',*,*,#13330,.T.);
#13330 = EDGE_CURVE('',#13322,#9957,#13331,.T.);
#13331 = CIRCLE('',#13332,1.5);
#13332 = AXIS2_PLACEMENT_3D('',#13333,#13334,#13335);
#13333 = CARTESIAN_POINT('',(54.,125.6,46.5));
#13334 = DIRECTION('',(0.,1.,0.));
#13335 = DIRECTION('',(0.,-0.,1.));
#13336 = ORIENTED_EDGE('',*,*,#9956,.T.);
#13337 = ORIENTED_EDGE('',*,*,#9940,.T.);
#13338 = ORIENTED_EDGE('',*,*,#9900,.F.);
#13339 = FACE_BOUND('',#13340,.T.);
#13340 = EDGE_LOOP('',(#13341,#13350,#13357,#13358,#13359));
#13341 = ORIENTED_EDGE('',*,*,#13342,.T.);
#13342 = EDGE_CURVE('',#9981,#13343,#13345,.T.);
#13343 = VERTEX_POINT('',#13344);
#13344 = CARTESIAN_POINT('',(60.,125.6,48.));
#13345 = CIRCLE('',#13346,1.5);
#13346 = AXIS2_PLACEMENT_3D('',#13347,#13348,#13349);
#13347 = CARTESIAN_POINT('',(60.,125.6,46.5));
#13348 = DIRECTION('',(0.,1.,0.));
#13349 = DIRECTION('',(0.,-0.,1.));
#13350 = ORIENTED_EDGE('',*,*,#13351,.T.);
#13351 = EDGE_CURVE('',#13343,#10037,#13352,.T.);
#13352 = CIRCLE('',#13353,1.5);
#13353 = AXIS2_PLACEMENT_3D('',#13354,#13355,#13356);
#13354 = CARTESIAN_POINT('',(60.,125.6,46.5));
#13355 = DIRECTION('',(0.,1.,0.));
#13356 = DIRECTION('',(0.,-0.,1.));
#13357 = ORIENTED_EDGE('',*,*,#10036,.T.);
#13358 = ORIENTED_EDGE('',*,*,#10020,.T.);
#13359 = ORIENTED_EDGE('',*,*,#9980,.F.);
#13360 = FACE_BOUND('',#13361,.T.);
#13361 = EDGE_LOOP('',(#13362,#13371,#13378,#13379,#13380));
#13362 = ORIENTED_EDGE('',*,*,#13363,.T.);
#13363 = EDGE_CURVE('',#10061,#13364,#13366,.T.);
#13364 = VERTEX_POINT('',#13365);
#13365 = CARTESIAN_POINT('',(66.,125.6,48.));
#13366 = CIRCLE('',#13367,1.5);
#13367 = AXIS2_PLACEMENT_3D('',#13368,#13369,#13370);
#13368 = CARTESIAN_POINT('',(66.,125.6,46.5));
#13369 = DIRECTION('',(0.,1.,0.));
#13370 = DIRECTION('',(0.,-0.,1.));
#13371 = ORIENTED_EDGE('',*,*,#13372,.T.);
#13372 = EDGE_CURVE('',#13364,#10117,#13373,.T.);
#13373 = CIRCLE('',#13374,1.5);
#13374 = AXIS2_PLACEMENT_3D('',#13375,#13376,#13377);
#13375 = CARTESIAN_POINT('',(66.,125.6,46.5));
#13376 = DIRECTION('',(0.,1.,0.));
#13377 = DIRECTION('',(0.,-0.,1.));
#13378 = ORIENTED_EDGE('',*,*,#10116,.T.);
#13379 = ORIENTED_EDGE('',*,*,#10100,.T.);
#13380 = ORIENTED_EDGE('',*,*,#10060,.F.);
#13381 = FACE_BOUND('',#13382,.T.);
#13382 = EDGE_LOOP('',(#13383,#13392,#13399,#13400,#13401));
#13383 = ORIENTED_EDGE('',*,*,#13384,.T.);
#13384 = EDGE_CURVE('',#10141,#13385,#13387,.T.);
#13385 = VERTEX_POINT('',#13386);
#13386 = CARTESIAN_POINT('',(72.,125.6,48.));
#13387 = CIRCLE('',#13388,1.5);
#13388 = AXIS2_PLACEMENT_3D('',#13389,#13390,#13391);
#13389 = CARTESIAN_POINT('',(72.,125.6,46.5));
#13390 = DIRECTION('',(0.,1.,0.));
#13391 = DIRECTION('',(0.,-0.,1.));
#13392 = ORIENTED_EDGE('',*,*,#13393,.T.);
#13393 = EDGE_CURVE('',#13385,#10197,#13394,.T.);
#13394 = CIRCLE('',#13395,1.5);
#13395 = AXIS2_PLACEMENT_3D('',#13396,#13397,#13398);
#13396 = CARTESIAN_POINT('',(72.,125.6,46.5));
#13397 = DIRECTION('',(0.,1.,0.));
#13398 = DIRECTION('',(0.,-0.,1.));
#13399 = ORIENTED_EDGE('',*,*,#10196,.T.);
#13400 = ORIENTED_EDGE('',*,*,#10180,.T.);
#13401 = ORIENTED_EDGE('',*,*,#10140,.F.);
#13402 = FACE_BOUND('',#13403,.T.);
#13403 = EDGE_LOOP('',(#13404,#13413,#13420,#13421,#13422));
#13404 = ORIENTED_EDGE('',*,*,#13405,.T.);
#13405 = EDGE_CURVE('',#10221,#13406,#13408,.T.);
#13406 = VERTEX_POINT('',#13407);
#13407 = CARTESIAN_POINT('',(78.,125.6,48.));
#13408 = CIRCLE('',#13409,1.5);
#13409 = AXIS2_PLACEMENT_3D('',#13410,#13411,#13412);
#13410 = CARTESIAN_POINT('',(78.,125.6,46.5));
#13411 = DIRECTION('',(0.,1.,0.));
#13412 = DIRECTION('',(0.,-0.,1.));
#13413 = ORIENTED_EDGE('',*,*,#13414,.T.);
#13414 = EDGE_CURVE('',#13406,#10277,#13415,.T.);
#13415 = CIRCLE('',#13416,1.5);
#13416 = AXIS2_PLACEMENT_3D('',#13417,#13418,#13419);
#13417 = CARTESIAN_POINT('',(78.,125.6,46.5));
#13418 = DIRECTION('',(0.,1.,0.));
#13419 = DIRECTION('',(0.,-0.,1.));
#13420 = ORIENTED_EDGE('',*,*,#10276,.T.);
#13421 = ORIENTED_EDGE('',*,*,#10260,.T.);
#13422 = ORIENTED_EDGE('',*,*,#10220,.F.);
#13423 = FACE_BOUND('',#13424,.T.);
#13424 = EDGE_LOOP('',(#13425));
#13425 = ORIENTED_EDGE('',*,*,#8196,.T.);
#13426 = PLANE('',#13427);
#13427 = AXIS2_PLACEMENT_3D('',#13428,#13429,#13430);
#13428 = CARTESIAN_POINT('',(49.,125.6,34.836479087096));
#13429 = DIRECTION('',(-0.,-1.,-0.));
#13430 = DIRECTION('',(0.,0.,-1.));
#13431 = ADVANCED_FACE('',(#13432,#13456,#13477,#13483,#13489,#13495,
    #13501,#13507,#13513,#13517,#13521,#13524,#13527,#13530),#13533,.T.
  );
#13432 = FACE_BOUND('',#13433,.T.);
#13433 = EDGE_LOOP('',(#13434,#13435,#13441,#13442,#13443,#13444,#13445,
    #13446,#13447,#13448,#13449,#13450));
#13434 = ORIENTED_EDGE('',*,*,#4148,.F.);
#13435 = ORIENTED_EDGE('',*,*,#13436,.F.);
#13436 = EDGE_CURVE('',#417,#4138,#13437,.T.);
#13437 = LINE('',#13438,#13439);
#13438 = CARTESIAN_POINT('',(2.4,6.,60.5));
#13439 = VECTOR('',#13440,1.);
#13440 = DIRECTION('',(0.,0.,1.));
#13441 = ORIENTED_EDGE('',*,*,#416,.F.);
#13442 = ORIENTED_EDGE('',*,*,#103,.T.);
#13443 = ORIENTED_EDGE('',*,*,#89,.T.);
#13444 = ORIENTED_EDGE('',*,*,#21,.F.);
#13445 = ORIENTED_EDGE('',*,*,#2349,.T.);
#13446 = ORIENTED_EDGE('',*,*,#2501,.T.);
#13447 = ORIENTED_EDGE('',*,*,#2487,.F.);
#13448 = ORIENTED_EDGE('',*,*,#2429,.F.);
#13449 = ORIENTED_EDGE('',*,*,#2549,.T.);
#13450 = ORIENTED_EDGE('',*,*,#13451,.T.);
#13451 = EDGE_CURVE('',#2550,#4149,#13452,.T.);
#13452 = LINE('',#13453,#13454);
#13453 = CARTESIAN_POINT('',(2.4,122.,2.4));
#13454 = VECTOR('',#13455,1.);
#13455 = DIRECTION('',(0.,0.,1.));
#13456 = FACE_BOUND('',#13457,.T.);
#13457 = EDGE_LOOP('',(#13458,#13467,#13468,#13469,#13470));
#13458 = ORIENTED_EDGE('',*,*,#13459,.F.);
#13459 = EDGE_CURVE('',#4715,#13460,#13462,.T.);
#13460 = VERTEX_POINT('',#13461);
#13461 = CARTESIAN_POINT('',(2.4,38.9,57.02));
#13462 = CIRCLE('',#13463,14.25);
#13463 = AXIS2_PLACEMENT_3D('',#13464,#13465,#13466);
#13464 = CARTESIAN_POINT('',(2.4,38.9,42.77));
#13465 = DIRECTION('',(1.,0.,0.));
#13466 = DIRECTION('',(-0.,0.,1.));
#13467 = ORIENTED_EDGE('',*,*,#4722,.F.);
#13468 = ORIENTED_EDGE('',*,*,#4687,.F.);
#13469 = ORIENTED_EDGE('',*,*,#4673,.T.);
#13470 = ORIENTED_EDGE('',*,*,#13471,.F.);
#13471 = EDGE_CURVE('',#13460,#4666,#13472,.T.);
#13472 = CIRCLE('',#13473,14.25);
#13473 = AXIS2_PLACEMENT_3D('',#13474,#13475,#13476);
#13474 = CARTESIAN_POINT('',(2.4,38.9,42.77));
#13475 = DIRECTION('',(1.,0.,0.));
#13476 = DIRECTION('',(-0.,0.,1.));
#13477 = FACE_BOUND('',#13478,.T.);
#13478 = EDGE_LOOP('',(#13479,#13480,#13481,#13482));
#13479 = ORIENTED_EDGE('',*,*,#4542,.F.);
#13480 = ORIENTED_EDGE('',*,*,#4617,.F.);
#13481 = ORIENTED_EDGE('',*,*,#4598,.F.);
#13482 = ORIENTED_EDGE('',*,*,#4575,.T.);
#13483 = FACE_BOUND('',#13484,.T.);
#13484 = EDGE_LOOP('',(#13485,#13486,#13487,#13488));
#13485 = ORIENTED_EDGE('',*,*,#4736,.F.);
#13486 = ORIENTED_EDGE('',*,*,#4820,.F.);
#13487 = ORIENTED_EDGE('',*,*,#4792,.F.);
#13488 = ORIENTED_EDGE('',*,*,#4778,.T.);
#13489 = FACE_BOUND('',#13490,.T.);
#13490 = EDGE_LOOP('',(#13491,#13492,#13493,#13494));
#13491 = ORIENTED_EDGE('',*,*,#4444,.F.);
#13492 = ORIENTED_EDGE('',*,*,#4519,.F.);
#13493 = ORIENTED_EDGE('',*,*,#4500,.F.);
#13494 = ORIENTED_EDGE('',*,*,#4477,.T.);
#13495 = FACE_BOUND('',#13496,.T.);
#13496 = EDGE_LOOP('',(#13497,#13498,#13499,#13500));
#13497 = ORIENTED_EDGE('',*,*,#4834,.F.);
#13498 = ORIENTED_EDGE('',*,*,#4918,.F.);
#13499 = ORIENTED_EDGE('',*,*,#4890,.F.);
#13500 = ORIENTED_EDGE('',*,*,#4876,.T.);
#13501 = FACE_BOUND('',#13502,.T.);
#13502 = EDGE_LOOP('',(#13503,#13504,#13505,#13506));
#13503 = ORIENTED_EDGE('',*,*,#4272,.F.);
#13504 = ORIENTED_EDGE('',*,*,#4347,.F.);
#13505 = ORIENTED_EDGE('',*,*,#4328,.F.);
#13506 = ORIENTED_EDGE('',*,*,#4305,.T.);
#13507 = FACE_BOUND('',#13508,.T.);
#13508 = EDGE_LOOP('',(#13509,#13510,#13511,#13512));
#13509 = ORIENTED_EDGE('',*,*,#4932,.F.);
#13510 = ORIENTED_EDGE('',*,*,#5016,.F.);
#13511 = ORIENTED_EDGE('',*,*,#4988,.F.);
#13512 = ORIENTED_EDGE('',*,*,#4974,.T.);
#13513 = FACE_BOUND('',#13514,.T.);
#13514 = EDGE_LOOP('',(#13515,#13516));
#13515 = ORIENTED_EDGE('',*,*,#4370,.F.);
#13516 = ORIENTED_EDGE('',*,*,#4396,.T.);
#13517 = FACE_BOUND('',#13518,.T.);
#13518 = EDGE_LOOP('',(#13519,#13520));
#13519 = ORIENTED_EDGE('',*,*,#5030,.F.);
#13520 = ORIENTED_EDGE('',*,*,#5065,.F.);
#13521 = FACE_BOUND('',#13522,.T.);
#13522 = EDGE_LOOP('',(#13523));
#13523 = ORIENTED_EDGE('',*,*,#4410,.F.);
#13524 = FACE_BOUND('',#13525,.T.);
#13525 = EDGE_LOOP('',(#13526));
#13526 = ORIENTED_EDGE('',*,*,#4238,.F.);
#13527 = FACE_BOUND('',#13528,.T.);
#13528 = EDGE_LOOP('',(#13529));
#13529 = ORIENTED_EDGE('',*,*,#5079,.F.);
#13530 = FACE_BOUND('',#13531,.T.);
#13531 = EDGE_LOOP('',(#13532));
#13532 = ORIENTED_EDGE('',*,*,#4631,.F.);
#13533 = PLANE('',#13534);
#13534 = AXIS2_PLACEMENT_3D('',#13535,#13536,#13537);
#13535 = CARTESIAN_POINT('',(2.4,64.,34.66853074395));
#13536 = DIRECTION('',(1.,0.,0.));
#13537 = DIRECTION('',(-0.,0.,1.));
#13538 = ADVANCED_FACE('',(#13539),#13579,.T.);
#13539 = FACE_BOUND('',#13540,.T.);
#13540 = EDGE_LOOP('',(#13541,#13542,#13543,#13544,#13545,#13546,#13547,
    #13548,#13549,#13550,#13551,#13552,#13553,#13554,#13555,#13556,
    #13557,#13558,#13559,#13560,#13561,#13562,#13563,#13564,#13570,
    #13571,#13577,#13578));
#13541 = ORIENTED_EDGE('',*,*,#1159,.T.);
#13542 = ORIENTED_EDGE('',*,*,#2828,.T.);
#13543 = ORIENTED_EDGE('',*,*,#1190,.F.);
#13544 = ORIENTED_EDGE('',*,*,#609,.T.);
#13545 = ORIENTED_EDGE('',*,*,#1221,.T.);
#13546 = ORIENTED_EDGE('',*,*,#2850,.T.);
#13547 = ORIENTED_EDGE('',*,*,#1252,.F.);
#13548 = ORIENTED_EDGE('',*,*,#577,.T.);
#13549 = ORIENTED_EDGE('',*,*,#1283,.T.);
#13550 = ORIENTED_EDGE('',*,*,#2874,.T.);
#13551 = ORIENTED_EDGE('',*,*,#3603,.T.);
#13552 = ORIENTED_EDGE('',*,*,#2949,.F.);
#13553 = ORIENTED_EDGE('',*,*,#1469,.T.);
#13554 = ORIENTED_EDGE('',*,*,#704,.F.);
#13555 = ORIENTED_EDGE('',*,*,#1438,.F.);
#13556 = ORIENTED_EDGE('',*,*,#2925,.F.);
#13557 = ORIENTED_EDGE('',*,*,#1407,.T.);
#13558 = ORIENTED_EDGE('',*,*,#736,.F.);
#13559 = ORIENTED_EDGE('',*,*,#1376,.F.);
#13560 = ORIENTED_EDGE('',*,*,#2903,.F.);
#13561 = ORIENTED_EDGE('',*,*,#1345,.T.);
#13562 = ORIENTED_EDGE('',*,*,#768,.F.);
#13563 = ORIENTED_EDGE('',*,*,#1314,.F.);
#13564 = ORIENTED_EDGE('',*,*,#13565,.F.);
#13565 = EDGE_CURVE('',#2997,#1298,#13566,.T.);
#13566 = LINE('',#13567,#13568);
#13567 = CARTESIAN_POINT('',(88.2,0.8,21.8));
#13568 = VECTOR('',#13569,1.);
#13569 = DIRECTION('',(0.,0.,1.));
#13570 = ORIENTED_EDGE('',*,*,#3004,.F.);
#13571 = ORIENTED_EDGE('',*,*,#13572,.T.);
#13572 = EDGE_CURVE('',#3005,#1121,#13573,.T.);
#13573 = LINE('',#13574,#13575);
#13574 = CARTESIAN_POINT('',(11.8,0.8,21.8));
#13575 = VECTOR('',#13576,1.);
#13576 = DIRECTION('',(0.,0.,1.));
#13577 = ORIENTED_EDGE('',*,*,#1128,.F.);
#13578 = ORIENTED_EDGE('',*,*,#641,.T.);
#13579 = PLANE('',#13580);
#13580 = AXIS2_PLACEMENT_3D('',#13581,#13582,#13583);
#13581 = CARTESIAN_POINT('',(50.,0.8,41.207614213198));
#13582 = DIRECTION('',(0.,1.,0.));
#13583 = DIRECTION('',(0.,-0.,1.));
#13584 = ADVANCED_FACE('',(#13585),#13595,.T.);
#13585 = FACE_BOUND('',#13586,.T.);
#13586 = EDGE_LOOP('',(#13587,#13588,#13589,#13590,#13591,#13592,#13593,
    #13594));
#13587 = ORIENTED_EDGE('',*,*,#1540,.F.);
#13588 = ORIENTED_EDGE('',*,*,#840,.F.);
#13589 = ORIENTED_EDGE('',*,*,#1492,.T.);
#13590 = ORIENTED_EDGE('',*,*,#2971,.F.);
#13591 = ORIENTED_EDGE('',*,*,#12337,.T.);
#13592 = ORIENTED_EDGE('',*,*,#1120,.F.);
#13593 = ORIENTED_EDGE('',*,*,#13572,.F.);
#13594 = ORIENTED_EDGE('',*,*,#3012,.F.);
#13595 = PLANE('',#13596);
#13596 = AXIS2_PLACEMENT_3D('',#13597,#13598,#13599);
#13597 = CARTESIAN_POINT('',(11.8,0.4,26.405357142857));
#13598 = DIRECTION('',(-1.,-0.,-0.));
#13599 = DIRECTION('',(0.,0.,-1.));
#13600 = ADVANCED_FACE('',(#13601),#13611,.T.);
#13601 = FACE_BOUND('',#13602,.T.);
#13602 = EDGE_LOOP('',(#13603,#13604,#13605,#13606,#13607,#13608,#13609,
    #13610));
#13603 = ORIENTED_EDGE('',*,*,#2073,.T.);
#13604 = ORIENTED_EDGE('',*,*,#2996,.T.);
#13605 = ORIENTED_EDGE('',*,*,#13565,.T.);
#13606 = ORIENTED_EDGE('',*,*,#1297,.T.);
#13607 = ORIENTED_EDGE('',*,*,#12330,.F.);
#13608 = ORIENTED_EDGE('',*,*,#2987,.T.);
#13609 = ORIENTED_EDGE('',*,*,#2042,.F.);
#13610 = ORIENTED_EDGE('',*,*,#1060,.T.);
#13611 = PLANE('',#13612);
#13612 = AXIS2_PLACEMENT_3D('',#13613,#13614,#13615);
#13613 = CARTESIAN_POINT('',(88.2,0.4,26.405357142857));
#13614 = DIRECTION('',(1.,0.,0.));
#13615 = DIRECTION('',(-0.,0.,1.));
#13616 = ADVANCED_FACE('',(#13617),#13625,.F.);
#13617 = FACE_BOUND('',#13618,.F.);
#13618 = EDGE_LOOP('',(#13619,#13620,#13621,#13622,#13623,#13624));
#13619 = ORIENTED_EDGE('',*,*,#4665,.T.);
#13620 = ORIENTED_EDGE('',*,*,#13471,.F.);
#13621 = ORIENTED_EDGE('',*,*,#13459,.F.);
#13622 = ORIENTED_EDGE('',*,*,#4714,.F.);
#13623 = ORIENTED_EDGE('',*,*,#3831,.T.);
#13624 = ORIENTED_EDGE('',*,*,#3867,.T.);
#13625 = CYLINDRICAL_SURFACE('',#13626,14.25);
#13626 = AXIS2_PLACEMENT_3D('',#13627,#13628,#13629);
#13627 = CARTESIAN_POINT('',(-1.,38.9,42.77));
#13628 = DIRECTION('',(1.,0.,0.));
#13629 = DIRECTION('',(-0.,0.,1.));
#13630 = ADVANCED_FACE('',(#13631),#13637,.F.);
#13631 = FACE_BOUND('',#13632,.F.);
#13632 = EDGE_LOOP('',(#13633,#13634,#13635,#13636));
#13633 = ORIENTED_EDGE('',*,*,#12958,.T.);
#13634 = ORIENTED_EDGE('',*,*,#4137,.F.);
#13635 = ORIENTED_EDGE('',*,*,#13436,.F.);
#13636 = ORIENTED_EDGE('',*,*,#424,.T.);
#13637 = CYLINDRICAL_SURFACE('',#13638,3.6);
#13638 = AXIS2_PLACEMENT_3D('',#13639,#13640,#13641);
#13639 = CARTESIAN_POINT('',(6.,6.,60.5));
#13640 = DIRECTION('',(0.,0.,1.));
#13641 = DIRECTION('',(-1.,-0.,0.));
#13642 = ADVANCED_FACE('',(#13643),#13649,.F.);
#13643 = FACE_BOUND('',#13644,.T.);
#13644 = EDGE_LOOP('',(#13645,#13646,#13647,#13648));
#13645 = ORIENTED_EDGE('',*,*,#2224,.F.);
#13646 = ORIENTED_EDGE('',*,*,#12947,.T.);
#13647 = ORIENTED_EDGE('',*,*,#4190,.T.);
#13648 = ORIENTED_EDGE('',*,*,#12989,.F.);
#13649 = CYLINDRICAL_SURFACE('',#13650,3.6);
#13650 = AXIS2_PLACEMENT_3D('',#13651,#13652,#13653);
#13651 = CARTESIAN_POINT('',(92.,6.,60.5));
#13652 = DIRECTION('',(0.,0.,1.));
#13653 = DIRECTION('',(1.,0.,-0.));
#13654 = ADVANCED_FACE('',(#13655),#13661,.F.);
#13655 = FACE_BOUND('',#13656,.F.);
#13656 = EDGE_LOOP('',(#13657,#13658,#13659,#13660));
#13657 = ORIENTED_EDGE('',*,*,#13229,.T.);
#13658 = ORIENTED_EDGE('',*,*,#4173,.F.);
#13659 = ORIENTED_EDGE('',*,*,#12974,.F.);
#13660 = ORIENTED_EDGE('',*,*,#3381,.T.);
#13661 = CYLINDRICAL_SURFACE('',#13662,3.6);
#13662 = AXIS2_PLACEMENT_3D('',#13663,#13664,#13665);
#13663 = CARTESIAN_POINT('',(92.,122.,60.5));
#13664 = DIRECTION('',(0.,0.,1.));
#13665 = DIRECTION('',(1.,0.,-0.));
#13666 = ADVANCED_FACE('',(#13667),#13673,.F.);
#13667 = FACE_BOUND('',#13668,.T.);
#13668 = EDGE_LOOP('',(#13669,#13670,#13671,#13672));
#13669 = ORIENTED_EDGE('',*,*,#2557,.F.);
#13670 = ORIENTED_EDGE('',*,*,#13214,.T.);
#13671 = ORIENTED_EDGE('',*,*,#4156,.T.);
#13672 = ORIENTED_EDGE('',*,*,#13451,.F.);
#13673 = CYLINDRICAL_SURFACE('',#13674,3.6);
#13674 = AXIS2_PLACEMENT_3D('',#13675,#13676,#13677);
#13675 = CARTESIAN_POINT('',(6.,122.,60.5));
#13676 = DIRECTION('',(0.,0.,1.));
#13677 = DIRECTION('',(-1.,-0.,0.));
#13678 = ADVANCED_FACE('',(#13679),#13687,.F.);
#13679 = FACE_BOUND('',#13680,.F.);
#13680 = EDGE_LOOP('',(#13681,#13682,#13683,#13684,#13685,#13686));
#13681 = ORIENTED_EDGE('',*,*,#8013,.T.);
#13682 = ORIENTED_EDGE('',*,*,#5459,.F.);
#13683 = ORIENTED_EDGE('',*,*,#5423,.F.);
#13684 = ORIENTED_EDGE('',*,*,#7964,.F.);
#13685 = ORIENTED_EDGE('',*,*,#13237,.T.);
#13686 = ORIENTED_EDGE('',*,*,#13246,.T.);
#13687 = CYLINDRICAL_SURFACE('',#13688,1.5);
#13688 = AXIS2_PLACEMENT_3D('',#13689,#13690,#13691);
#13689 = CARTESIAN_POINT('',(30.,124.6,46.5));
#13690 = DIRECTION('',(0.,1.,0.));
#13691 = DIRECTION('',(0.,-0.,1.));
#13692 = ADVANCED_FACE('',(#13693),#13701,.F.);
#13693 = FACE_BOUND('',#13694,.F.);
#13694 = EDGE_LOOP('',(#13695,#13696,#13697,#13698,#13699,#13700));
#13695 = ORIENTED_EDGE('',*,*,#8093,.T.);
#13696 = ORIENTED_EDGE('',*,*,#5504,.F.);
#13697 = ORIENTED_EDGE('',*,*,#5468,.F.);
#13698 = ORIENTED_EDGE('',*,*,#8044,.F.);
#13699 = ORIENTED_EDGE('',*,*,#13258,.T.);
#13700 = ORIENTED_EDGE('',*,*,#13267,.T.);
#13701 = CYLINDRICAL_SURFACE('',#13702,1.5);
#13702 = AXIS2_PLACEMENT_3D('',#13703,#13704,#13705);
#13703 = CARTESIAN_POINT('',(36.,124.6,46.5));
#13704 = DIRECTION('',(0.,1.,0.));
#13705 = DIRECTION('',(0.,-0.,1.));
#13706 = ADVANCED_FACE('',(#13707),#13715,.F.);
#13707 = FACE_BOUND('',#13708,.F.);
#13708 = EDGE_LOOP('',(#13709,#13710,#13711,#13712,#13713,#13714));
#13709 = ORIENTED_EDGE('',*,*,#8173,.T.);
#13710 = ORIENTED_EDGE('',*,*,#5549,.F.);
#13711 = ORIENTED_EDGE('',*,*,#5513,.F.);
#13712 = ORIENTED_EDGE('',*,*,#8124,.F.);
#13713 = ORIENTED_EDGE('',*,*,#13279,.T.);
#13714 = ORIENTED_EDGE('',*,*,#13288,.T.);
#13715 = CYLINDRICAL_SURFACE('',#13716,1.5);
#13716 = AXIS2_PLACEMENT_3D('',#13717,#13718,#13719);
#13717 = CARTESIAN_POINT('',(42.,124.6,46.5));
#13718 = DIRECTION('',(0.,1.,0.));
#13719 = DIRECTION('',(0.,-0.,1.));
#13720 = ADVANCED_FACE('',(#13721),#13729,.F.);
#13721 = FACE_BOUND('',#13722,.F.);
#13722 = EDGE_LOOP('',(#13723,#13724,#13725,#13726,#13727,#13728));
#13723 = ORIENTED_EDGE('',*,*,#9886,.T.);
#13724 = ORIENTED_EDGE('',*,*,#6522,.F.);
#13725 = ORIENTED_EDGE('',*,*,#6486,.F.);
#13726 = ORIENTED_EDGE('',*,*,#9837,.F.);
#13727 = ORIENTED_EDGE('',*,*,#13300,.T.);
#13728 = ORIENTED_EDGE('',*,*,#13309,.T.);
#13729 = CYLINDRICAL_SURFACE('',#13730,1.5);
#13730 = AXIS2_PLACEMENT_3D('',#13731,#13732,#13733);
#13731 = CARTESIAN_POINT('',(48.,124.6,46.5));
#13732 = DIRECTION('',(0.,1.,0.));
#13733 = DIRECTION('',(0.,-0.,1.));
#13734 = ADVANCED_FACE('',(#13735),#13743,.F.);
#13735 = FACE_BOUND('',#13736,.F.);
#13736 = EDGE_LOOP('',(#13737,#13738,#13739,#13740,#13741,#13742));
#13737 = ORIENTED_EDGE('',*,*,#9966,.T.);
#13738 = ORIENTED_EDGE('',*,*,#6567,.F.);
#13739 = ORIENTED_EDGE('',*,*,#6531,.F.);
#13740 = ORIENTED_EDGE('',*,*,#9917,.F.);
#13741 = ORIENTED_EDGE('',*,*,#13321,.T.);
#13742 = ORIENTED_EDGE('',*,*,#13330,.T.);
#13743 = CYLINDRICAL_SURFACE('',#13744,1.5);
#13744 = AXIS2_PLACEMENT_3D('',#13745,#13746,#13747);
#13745 = CARTESIAN_POINT('',(54.,124.6,46.5));
#13746 = DIRECTION('',(0.,1.,0.));
#13747 = DIRECTION('',(0.,-0.,1.));
#13748 = ADVANCED_FACE('',(#13749),#13757,.F.);
#13749 = FACE_BOUND('',#13750,.F.);
#13750 = EDGE_LOOP('',(#13751,#13752,#13753,#13754,#13755,#13756));
#13751 = ORIENTED_EDGE('',*,*,#10046,.T.);
#13752 = ORIENTED_EDGE('',*,*,#6612,.F.);
#13753 = ORIENTED_EDGE('',*,*,#6576,.F.);
#13754 = ORIENTED_EDGE('',*,*,#9997,.F.);
#13755 = ORIENTED_EDGE('',*,*,#13342,.T.);
#13756 = ORIENTED_EDGE('',*,*,#13351,.T.);
#13757 = CYLINDRICAL_SURFACE('',#13758,1.5);
#13758 = AXIS2_PLACEMENT_3D('',#13759,#13760,#13761);
#13759 = CARTESIAN_POINT('',(60.,124.6,46.5));
#13760 = DIRECTION('',(0.,1.,0.));
#13761 = DIRECTION('',(0.,-0.,1.));
#13762 = ADVANCED_FACE('',(#13763),#13771,.F.);
#13763 = FACE_BOUND('',#13764,.F.);
#13764 = EDGE_LOOP('',(#13765,#13766,#13767,#13768,#13769,#13770));
#13765 = ORIENTED_EDGE('',*,*,#10126,.T.);
#13766 = ORIENTED_EDGE('',*,*,#6657,.F.);
#13767 = ORIENTED_EDGE('',*,*,#6621,.F.);
#13768 = ORIENTED_EDGE('',*,*,#10077,.F.);
#13769 = ORIENTED_EDGE('',*,*,#13363,.T.);
#13770 = ORIENTED_EDGE('',*,*,#13372,.T.);
#13771 = CYLINDRICAL_SURFACE('',#13772,1.5);
#13772 = AXIS2_PLACEMENT_3D('',#13773,#13774,#13775);
#13773 = CARTESIAN_POINT('',(66.,124.6,46.5));
#13774 = DIRECTION('',(0.,1.,0.));
#13775 = DIRECTION('',(0.,-0.,1.));
#13776 = ADVANCED_FACE('',(#13777),#13785,.F.);
#13777 = FACE_BOUND('',#13778,.F.);
#13778 = EDGE_LOOP('',(#13779,#13780,#13781,#13782,#13783,#13784));
#13779 = ORIENTED_EDGE('',*,*,#10206,.T.);
#13780 = ORIENTED_EDGE('',*,*,#6702,.F.);
#13781 = ORIENTED_EDGE('',*,*,#6666,.F.);
#13782 = ORIENTED_EDGE('',*,*,#10157,.F.);
#13783 = ORIENTED_EDGE('',*,*,#13384,.T.);
#13784 = ORIENTED_EDGE('',*,*,#13393,.T.);
#13785 = CYLINDRICAL_SURFACE('',#13786,1.5);
#13786 = AXIS2_PLACEMENT_3D('',#13787,#13788,#13789);
#13787 = CARTESIAN_POINT('',(72.,124.6,46.5));
#13788 = DIRECTION('',(0.,1.,0.));
#13789 = DIRECTION('',(0.,-0.,1.));
#13790 = ADVANCED_FACE('',(#13791),#13799,.F.);
#13791 = FACE_BOUND('',#13792,.F.);
#13792 = EDGE_LOOP('',(#13793,#13794,#13795,#13796,#13797,#13798));
#13793 = ORIENTED_EDGE('',*,*,#10286,.T.);
#13794 = ORIENTED_EDGE('',*,*,#6747,.F.);
#13795 = ORIENTED_EDGE('',*,*,#6711,.F.);
#13796 = ORIENTED_EDGE('',*,*,#10237,.F.);
#13797 = ORIENTED_EDGE('',*,*,#13405,.T.);
#13798 = ORIENTED_EDGE('',*,*,#13414,.T.);
#13799 = CYLINDRICAL_SURFACE('',#13800,1.5);
#13800 = AXIS2_PLACEMENT_3D('',#13801,#13802,#13803);
#13801 = CARTESIAN_POINT('',(78.,124.6,46.5));
#13802 = DIRECTION('',(0.,1.,0.));
#13803 = DIRECTION('',(0.,-0.,1.));
#13804 = ADVANCED_FACE('',(#13805),#13813,.F.);
#13805 = FACE_BOUND('',#13806,.F.);
#13806 = EDGE_LOOP('',(#13807,#13808,#13809,#13810,#13811,#13812));
#13807 = ORIENTED_EDGE('',*,*,#10365,.T.);
#13808 = ORIENTED_EDGE('',*,*,#6849,.F.);
#13809 = ORIENTED_EDGE('',*,*,#6858,.F.);
#13810 = ORIENTED_EDGE('',*,*,#10341,.F.);
#13811 = ORIENTED_EDGE('',*,*,#12999,.T.);
#13812 = ORIENTED_EDGE('',*,*,#13008,.T.);
#13813 = CYLINDRICAL_SURFACE('',#13814,1.5);
#13814 = AXIS2_PLACEMENT_3D('',#13815,#13816,#13817);
#13815 = CARTESIAN_POINT('',(94.6,104.,42.5));
#13816 = DIRECTION('',(1.,0.,0.));
#13817 = DIRECTION('',(-0.,0.,1.));
#13818 = ADVANCED_FACE('',(#13819),#13827,.F.);
#13819 = FACE_BOUND('',#13820,.F.);
#13820 = EDGE_LOOP('',(#13821,#13822,#13823,#13824,#13825,#13826));
#13821 = ORIENTED_EDGE('',*,*,#10445,.T.);
#13822 = ORIENTED_EDGE('',*,*,#6894,.F.);
#13823 = ORIENTED_EDGE('',*,*,#6903,.F.);
#13824 = ORIENTED_EDGE('',*,*,#10421,.F.);
#13825 = ORIENTED_EDGE('',*,*,#13020,.T.);
#13826 = ORIENTED_EDGE('',*,*,#13029,.T.);
#13827 = CYLINDRICAL_SURFACE('',#13828,1.5);
#13828 = AXIS2_PLACEMENT_3D('',#13829,#13830,#13831);
#13829 = CARTESIAN_POINT('',(94.6,98.,42.5));
#13830 = DIRECTION('',(1.,0.,0.));
#13831 = DIRECTION('',(-0.,0.,1.));
#13832 = ADVANCED_FACE('',(#13833),#13841,.F.);
#13833 = FACE_BOUND('',#13834,.F.);
#13834 = EDGE_LOOP('',(#13835,#13836,#13837,#13838,#13839,#13840));
#13835 = ORIENTED_EDGE('',*,*,#10525,.T.);
#13836 = ORIENTED_EDGE('',*,*,#6939,.F.);
#13837 = ORIENTED_EDGE('',*,*,#6948,.F.);
#13838 = ORIENTED_EDGE('',*,*,#10501,.F.);
#13839 = ORIENTED_EDGE('',*,*,#13041,.T.);
#13840 = ORIENTED_EDGE('',*,*,#13050,.T.);
#13841 = CYLINDRICAL_SURFACE('',#13842,1.5);
#13842 = AXIS2_PLACEMENT_3D('',#13843,#13844,#13845);
#13843 = CARTESIAN_POINT('',(94.6,92.,42.5));
#13844 = DIRECTION('',(1.,0.,0.));
#13845 = DIRECTION('',(-0.,0.,1.));
#13846 = ADVANCED_FACE('',(#13847),#13855,.F.);
#13847 = FACE_BOUND('',#13848,.F.);
#13848 = EDGE_LOOP('',(#13849,#13850,#13851,#13852,#13853,#13854));
#13849 = ORIENTED_EDGE('',*,*,#10605,.T.);
#13850 = ORIENTED_EDGE('',*,*,#6984,.F.);
#13851 = ORIENTED_EDGE('',*,*,#6993,.F.);
#13852 = ORIENTED_EDGE('',*,*,#10581,.F.);
#13853 = ORIENTED_EDGE('',*,*,#13062,.T.);
#13854 = ORIENTED_EDGE('',*,*,#13071,.T.);
#13855 = CYLINDRICAL_SURFACE('',#13856,1.5);
#13856 = AXIS2_PLACEMENT_3D('',#13857,#13858,#13859);
#13857 = CARTESIAN_POINT('',(94.6,86.,42.5));
#13858 = DIRECTION('',(1.,0.,0.));
#13859 = DIRECTION('',(-0.,0.,1.));
#13860 = ADVANCED_FACE('',(#13861),#13869,.F.);
#13861 = FACE_BOUND('',#13862,.F.);
#13862 = EDGE_LOOP('',(#13863,#13864,#13865,#13866,#13867,#13868));
#13863 = ORIENTED_EDGE('',*,*,#10685,.T.);
#13864 = ORIENTED_EDGE('',*,*,#7029,.F.);
#13865 = ORIENTED_EDGE('',*,*,#7038,.F.);
#13866 = ORIENTED_EDGE('',*,*,#10661,.F.);
#13867 = ORIENTED_EDGE('',*,*,#13083,.T.);
#13868 = ORIENTED_EDGE('',*,*,#13092,.T.);
#13869 = CYLINDRICAL_SURFACE('',#13870,1.5);
#13870 = AXIS2_PLACEMENT_3D('',#13871,#13872,#13873);
#13871 = CARTESIAN_POINT('',(94.6,80.,42.5));
#13872 = DIRECTION('',(1.,0.,0.));
#13873 = DIRECTION('',(-0.,0.,1.));
#13874 = ADVANCED_FACE('',(#13875),#13883,.F.);
#13875 = FACE_BOUND('',#13876,.F.);
#13876 = EDGE_LOOP('',(#13877,#13878,#13879,#13880,#13881,#13882));
#13877 = ORIENTED_EDGE('',*,*,#10765,.T.);
#13878 = ORIENTED_EDGE('',*,*,#7074,.F.);
#13879 = ORIENTED_EDGE('',*,*,#7083,.F.);
#13880 = ORIENTED_EDGE('',*,*,#10741,.F.);
#13881 = ORIENTED_EDGE('',*,*,#13104,.T.);
#13882 = ORIENTED_EDGE('',*,*,#13113,.T.);
#13883 = CYLINDRICAL_SURFACE('',#13884,1.5);
#13884 = AXIS2_PLACEMENT_3D('',#13885,#13886,#13887);
#13885 = CARTESIAN_POINT('',(94.6,74.,42.5));
#13886 = DIRECTION('',(1.,0.,0.));
#13887 = DIRECTION('',(-0.,0.,1.));
#13888 = ADVANCED_FACE('',(#13889),#13897,.F.);
#13889 = FACE_BOUND('',#13890,.F.);
#13890 = EDGE_LOOP('',(#13891,#13892,#13893,#13894,#13895,#13896));
#13891 = ORIENTED_EDGE('',*,*,#10845,.T.);
#13892 = ORIENTED_EDGE('',*,*,#7119,.F.);
#13893 = ORIENTED_EDGE('',*,*,#7128,.F.);
#13894 = ORIENTED_EDGE('',*,*,#10821,.F.);
#13895 = ORIENTED_EDGE('',*,*,#13125,.T.);
#13896 = ORIENTED_EDGE('',*,*,#13134,.T.);
#13897 = CYLINDRICAL_SURFACE('',#13898,1.5);
#13898 = AXIS2_PLACEMENT_3D('',#13899,#13900,#13901);
#13899 = CARTESIAN_POINT('',(94.6,68.,42.5));
#13900 = DIRECTION('',(1.,0.,0.));
#13901 = DIRECTION('',(-0.,0.,1.));
#13902 = ADVANCED_FACE('',(#13903),#13911,.F.);
#13903 = FACE_BOUND('',#13904,.F.);
#13904 = EDGE_LOOP('',(#13905,#13906,#13907,#13908,#13909,#13910));
#13905 = ORIENTED_EDGE('',*,*,#10925,.T.);
#13906 = ORIENTED_EDGE('',*,*,#7164,.F.);
#13907 = ORIENTED_EDGE('',*,*,#7173,.F.);
#13908 = ORIENTED_EDGE('',*,*,#10901,.F.);
#13909 = ORIENTED_EDGE('',*,*,#13146,.T.);
#13910 = ORIENTED_EDGE('',*,*,#13155,.T.);
#13911 = CYLINDRICAL_SURFACE('',#13912,1.5);
#13912 = AXIS2_PLACEMENT_3D('',#13913,#13914,#13915);
#13913 = CARTESIAN_POINT('',(94.6,62.,42.5));
#13914 = DIRECTION('',(1.,0.,0.));
#13915 = DIRECTION('',(-0.,0.,1.));
#13916 = ADVANCED_FACE('',(#13917),#13925,.F.);
#13917 = FACE_BOUND('',#13918,.F.);
#13918 = EDGE_LOOP('',(#13919,#13920,#13921,#13922,#13923,#13924));
#13919 = ORIENTED_EDGE('',*,*,#11005,.T.);
#13920 = ORIENTED_EDGE('',*,*,#7209,.F.);
#13921 = ORIENTED_EDGE('',*,*,#7218,.F.);
#13922 = ORIENTED_EDGE('',*,*,#10981,.F.);
#13923 = ORIENTED_EDGE('',*,*,#13167,.T.);
#13924 = ORIENTED_EDGE('',*,*,#13176,.T.);
#13925 = CYLINDRICAL_SURFACE('',#13926,1.5);
#13926 = AXIS2_PLACEMENT_3D('',#13927,#13928,#13929);
#13927 = CARTESIAN_POINT('',(94.6,56.,42.5));
#13928 = DIRECTION('',(1.,0.,0.));
#13929 = DIRECTION('',(-0.,0.,1.));
#13930 = ADVANCED_FACE('',(#13931),#13939,.F.);
#13931 = FACE_BOUND('',#13932,.F.);
#13932 = EDGE_LOOP('',(#13933,#13934,#13935,#13936,#13937,#13938));
#13933 = ORIENTED_EDGE('',*,*,#11085,.T.);
#13934 = ORIENTED_EDGE('',*,*,#7254,.F.);
#13935 = ORIENTED_EDGE('',*,*,#7263,.F.);
#13936 = ORIENTED_EDGE('',*,*,#11061,.F.);
#13937 = ORIENTED_EDGE('',*,*,#13188,.T.);
#13938 = ORIENTED_EDGE('',*,*,#13197,.T.);
#13939 = CYLINDRICAL_SURFACE('',#13940,1.5);
#13940 = AXIS2_PLACEMENT_3D('',#13941,#13942,#13943);
#13941 = CARTESIAN_POINT('',(94.6,50.,42.5));
#13942 = DIRECTION('',(1.,0.,0.));
#13943 = DIRECTION('',(-0.,0.,1.));
#13944 = ( GEOMETRIC_REPRESENTATION_CONTEXT(3) 
GLOBAL_UNCERTAINTY_ASSIGNED_CONTEXT((#13948)) 
GLOBAL_UNIT_ASSIGNED_CONTEXT((#13945,#13946,#13947)) 
REPRESENTATION_CONTEXT('Context #1',
  '3D Context with UNIT and UNCERTAINTY') );
#13945 = ( LENGTH_UNIT() NAMED_UNIT(*) SI_UNIT(.MILLI.,.METRE.) );
#13946 = ( NAMED_UNIT(*) PLANE_ANGLE_UNIT() SI_UNIT($,.RADIAN.) );
#13947 = ( NAMED_UNIT(*) SI_UNIT($,.STERADIAN.) SOLID_ANGLE_UNIT() );
#13948 = UNCERTAINTY_MEASURE_WITH_UNIT(LENGTH_MEASURE(5.E-07),#13945,
  'distance_accuracy_value','confusion accuracy');
#13949 = PRODUCT_RELATED_PRODUCT_CATEGORY('part',$,(#7));
#13950 = MECHANICAL_DESIGN_GEOMETRIC_PRESENTATION_REPRESENTATION('',(
    #13951),#13944);
#13951 = STYLED_ITEM('color',(#13952),#15);
#13952 = PRESENTATION_STYLE_ASSIGNMENT((#13953,#13959));
#13953 = SURFACE_STYLE_USAGE(.BOTH.,#13954);
#13954 = SURFACE_SIDE_STYLE('',(#13955));
#13955 = SURFACE_STYLE_FILL_AREA(#13956);
#13956 = FILL_AREA_STYLE('',(#13957));
#13957 = FILL_AREA_STYLE_COLOUR('',#13958);
#13958 = COLOUR_RGB('',0.199999998682,0.199999998682,0.219999994989);
#13959 = CURVE_STYLE('',#13960,POSITIVE_LENGTH_MEASURE(0.1),#13961);
#13960 = DRAUGHTING_PRE_DEFINED_CURVE_FONT('continuous');
#13961 = COLOUR_RGB('',9.803921802644E-02,9.803921802644E-02,
  9.803921802644E-02);
ENDSEC;
END-ISO-10303-21;
