sweep,vin,t,v5,vref,vadj,vfan,i317,ifan
0.0,9.0,0.0,4.999900748839541,0.41701782430437806,0.24409843362503778,1.5008994950574033,0.06685825131558258,0.06003597980229942
0.0020000000000002655,9.0,0.0020000000000002655,4.999900748839745,0.41701782444573726,0.24409843900443798,1.5008994992764413,0.06685825494689633,0.06003597996723404
0.006000000000000796,9.0,0.006000000000000796,4.999900748839859,0.41701782422332706,0.24409844196267835,1.500899503146533,0.06685825736078573,0.06003598013301299
0.014000000000000123,9.0,0.014000000000000123,4.999900748839837,0.41701782429869017,0.2440984434311944,1.5008995054171774,0.06685825601752872,0.06003598021410511
0.030000000000000512,9.0,0.030000000000000512,4.99990074883978,0.4170178243052817,0.24409844304118075,1.5008995047969607,0.06685825221896702,0.06003598019189835
0.0499999999999997,9.0,0.0499999999999997,4.9999007488397265,0.41701782430509593,0.24409844262675898,1.5008995040751656,0.06685825102143023,0.06003598016303943
0.06999999999999888,9.0,0.06999999999999888,4.999900748839674,0.4170178243044224,0.2440984427959433,1.5008995042074482,0.06685825145750356,0.06003598016830239
0.08999999999999807,9.0,0.08999999999999807,4.999900748839622,0.41701782430504813,0.24409844309679812,1.5008995045346232,0.06685825184621164,0.06003598018139836
0.10999999999999725,9.0,0.10999999999999725,4.99990074883957,0.4170178243046901,0.24409844338588982,1.5008995048437572,0.06685825197668391,0.060035980193767796
0.12999999999999645,9.0,0.12999999999999645,4.999900748839524,0.41701782430513046,0.2440984436359496,1.5008995050972354,0.06685825198064364,0.06003598020396756
0.14999999999999564,9.0,0.14999999999999564,4.999900748839475,0.41701782430462314,0.24409844387795415,1.5008995053372995,0.06685825197127246,0.060035980213485336
0.16999999999999482,9.0,0.16999999999999482,4.99990074883943,0.4170178243051275,0.24409844412177703,1.5008995055799859,0.06685825197532472,0.0600359802231881
0.189999999999994,9.0,0.189999999999994,4.999900748839382,0.4170178243049326,0.2440984443689581,1.500899505826909,0.06685825198615597,0.060035980233022555
0.2099999999999932,9.0,0.2099999999999932,4.99990074883934,0.4170178243046115,0.2440984446165471,1.5008995060746235,0.06685825199861216,0.060035980242976725
0.22999999999999238,9.0,0.22999999999999238,4.9999007488392895,0.41701782430491474,0.24409844486382956,1.5008995063219501,0.06685825201086174,0.060035980252959
0.24999999999999156,9.0,0.24999999999999156,4.999900748839246,0.41701782430509793,0.24409844511477605,1.5008995065727895,0.06685825202276134,0.060035980262924074
0.26999999999999075,9.0,0.26999999999999075,4.9999007488392,0.4170178243051331,0.2440984453647545,1.5008995068228497,0.06685825203383053,0.060035980272919176
0.28999999999998993,9.0,0.28999999999998993,4.999900748839157,0.4170178243051832,0.24409844561516725,1.5008995070732336,0.06685825204530374,0.06003598028295815
0.3099999999999891,9.0,0.3099999999999891,4.999900748839118,0.4170178243050505,0.24409844586765117,1.5008995073256801,0.06685825205714074,0.06003598029303348
0.3299999999999883,9.0,0.3299999999999883,4.999900748839074,0.4170178243052292,0.24409844612065765,1.5008995075786982,0.06685825206855299,0.060035980303129385
0.3499999999999875,9.0,0.3499999999999875,4.9999007488390355,0.41701782430495954,0.24409844637346548,1.5008995078315357,0.06685825208019773,0.060035980313277955
0.3699999999999867,9.0,0.3699999999999867,4.999900748838993,0.41701782430541523,0.2440984466282192,1.5008995080861847,0.06685825209230653,0.06003598032346766
0.38999999999998586,9.0,0.38999999999998586,4.999900748838952,0.41701782430496553,0.24409844688340926,1.5008995083414354,0.06685825210352804,0.06003598033362998
0.40999999999998504,9.0,0.40999999999998504,4.9999007488389156,0.4170178243050856,0.24409844714005413,1.5008995085980357,0.066858252115445,0.0600359803438821
0.41099999999998427,9.0,0.41099999999998427,4.99990074883892,0.41701782430419165,0.24409844702733086,1.5008995084413372,0.06685825195412229,0.06003598033765118
0.42699999999998467,9.0,0.42699999999998467,4.999900748838889,0.4170178243057661,0.24409844744573037,1.5008995089310724,0.06685825226508406,0.06003598035726932
0.44699999999998385,9.0,0.44699999999998385,4.999900748838845,0.4170178243052655,0.24409844762049976,1.5008995090813153,0.06685825215015222,0.06003598036323588
0.46699999999998304,9.0,0.46699999999998304,4.999900748838805,0.41701782430482565,0.24409844789766746,1.5008995093654718,0.06685825216473978,0.06003598037456632
0.4869999999999822,9.0,0.4869999999999822,4.999900748838768,0.4170178243043976,0.24409844813130396,1.500899509588472,0.06685825214863787,0.060035980383543144
0.5069999999999815,9.0,0.5069999999999815,4.999900748838733,0.4170178243048481,0.24409844839053702,1.5008995098471958,0.06685825216823796,0.06003598039386044
0.5269999999999806,9.0,0.5269999999999806,4.999900748838701,0.4170178243050079,0.24409844865376656,1.5008995101114497,0.06685825218650274,0.06003598040447988
0.5469999999999798,9.0,0.5469999999999798,4.999900748838668,0.4170178243044685,0.24409844891587873,1.5008995103739156,0.0668582521992163,0.06003598041501301
0.566999999999979,9.0,0.566999999999979,4.999900748838631,0.4170178243049721,0.24409844917957002,1.5008995106375072,0.06685825221043039,0.06003598042549141
0.5869999999999782,9.0,0.5869999999999782,4.999900748838594,0.4170178243052414,0.24409844944315992,1.5008995109010619,0.0668582522223416,0.06003598043605859
0.6069999999999773,9.0,0.6069999999999773,4.999900748838564,0.41701782430505807,0.24409844970716052,1.500899511165061,0.06685825223436616,0.060035980446633344
0.6269999999999765,9.0,0.6269999999999765,4.999900748838532,0.41701782430514917,0.24409844997280356,1.50089951143063,0.06685825224681637,0.0600359804572512
0.6469999999999756,9.0,0.6469999999999756,4.999900748838502,0.4170178243046951,0.24409845024097793,1.5008995116987842,0.06685825225887565,0.060035980467880626
0.6669999999999748,9.0,0.6669999999999748,4.99990074883847,0.4170178243054806,0.2440984505067643,1.5008995119647008,0.06685825227071372,0.060035980478576376
0.6679999999999742,9.0,0.6679999999999742,4.999900748838476,0.4170178243044007,0.24409845039518163,1.5008995118088808,0.06685825210954646,0.06003598047235698
0.6839999999999745,9.0,0.6839999999999745,4.999900748838452,0.4170178243060821,0.24409845082358814,1.5008995123087976,0.0668582524211876,0.060035980492338326
0.7039999999999736,9.0,0.7039999999999736,4.999900748838415,0.4170178243063079,0.24409845100787758,1.50089951246863,0.06685825230663675,0.06003598049876847
0.7239999999999729,9.0,0.7239999999999729,4.9999007488383835,0.41701782430439993,0.24409845129506016,1.5008995127626905,0.06685825232200862,0.06003598051054235
0.743999999999972,9.0,0.743999999999972,4.999900748838355,0.4170178243050186,0.24409845154277796,1.5008995129996736,0.06685825230659202,0.06003598051993625
0.7639999999999713,9.0,0.7639999999999713,4.99990074883833,0.41701782430514167,0.24409845181357637,1.5008995132701395,0.06685825232689126,0.06003598053078176
0.7839999999999704,9.0,0.7839999999999704,4.999900748838298,0.4170178243046247,0.24409845208858325,1.5008995135461183,0.06685825234534536,0.060035980541861614
0.8039999999999696,9.0,0.8039999999999696,4.999900748838272,0.41701782430507167,0.24409845236124741,1.5008995138191457,0.06685825235760619,0.06003598055278605
0.8239999999999688,9.0,0.8239999999999688,4.999900748838247,0.4170178243048613,0.2440984526371521,1.5008995140948687,0.06685825236964939,0.06003598056372717
0.843999999999968,9.0,0.843999999999968,4.999900748838224,0.417017824304339,0.24409845291154153,1.500899514369335,0.06685825238232179,0.06003598057478374
0.8639999999999671,9.0,0.8639999999999671,4.999900748838196,0.4170178243042761,0.24409845318633874,1.5008995146440813,0.06685825239422181,0.06003598058575225
0.8839999999999664,9.0,0.8839999999999664,4.999900748838168,0.4170178243049294,0.2440984534643502,1.5008995149219713,0.06685825240810643,0.06003598059688307
0.9039999999999655,9.0,0.9039999999999655,4.999900748838144,0.4170178243050138,0.2440984537435005,1.500899515201161,0.0668582524203678,0.06003598060796163
0.9239999999999647,9.0,0.9239999999999647,4.999900748838122,0.4170178243046344,0.24409845402181776,1.500899515479556,0.0668582524336252,0.0600359806191879
0.9249999999999641,9.0,0.9249999999999641,4.999900748838126,0.4170178243038438,0.24409845391056903,1.500899515324183,0.06685825227237602,0.060035980612979704
0.9409999999999643,9.0,0.9409999999999643,4.999900748838105,0.41701782430528694,0.24409845434793234,1.500899515832953,0.0668582525836397,0.06003598063329625
0.9609999999999636,9.0,0.9609999999999636,4.999900748838081,0.41701782430601475,0.24409845454581489,1.5008995160063456,0.06685825246979536,0.0600359806401939
0.9809999999999628,9.0,0.9809999999999628,4.999900748838058,0.4170178243054324,0.24409845484530907,1.5008995163128023,0.06685825248578722,0.06003598065248806
1.000999999999962,9.0,1.000999999999962,4.999900748838034,0.41701782430540235,0.24409845510246955,1.5008995165592827,0.06685825247043195,0.060035980662345674
1.020999999999961,9.0,1.020999999999961,4.999900748838013,0.41701782430515494,0.24409845538612962,1.5008995168424513,0.06685825249208133,0.06003598067367694
1.0409999999999604,9.0,1.0409999999999604,4.999900748837994,0.41701782430494344,0.2440984556721956,1.500899517129586,0.06685825251087274,0.060035980685217316
1.0609999999999595,9.0,1.0609999999999595,4.999900748837974,0.4170178243046709,0.24409845595709223,1.5008995174148183,0.06685825252355768,0.06003598069659165
1.0809999999999587,9.0,1.0809999999999587,4.999900748837952,0.41701782430477036,0.24409845624478374,1.5008995177023483,0.06685825253698492,0.06003598070808464
1.1009999999999578,9.0,1.1009999999999578,4.999900748837935,0.41701782430490436,0.2440984565323896,1.5008995179900069,0.06685825254968097,0.060035980719574215
1.120999999999957,9.0,1.120999999999957,4.9999007488379155,0.41701782430501116,0.24409845682033623,1.5008995182779108,0.06685825256251848,0.0600359807310889
1.1409999999999563,9.0,1.1409999999999563,4.999900748837898,0.41701782430501616,0.24409845710960962,1.5008995185671474,0.06685825257555869,0.06003598074262573
1.1609999999999554,9.0,1.1609999999999554,4.999900748837877,0.4170178243049508,0.2440984573995697,1.5008995188570822,0.0668582525897197,0.06003598075429345
1.1809999999999545,9.0,1.1809999999999545,4.999900748837859,0.4170178243052274,0.24409845769227978,1.5008995191497365,0.06685825260321532,0.06003598076593487
1.181999999999954,9.0,1.181999999999954,4.999900748837867,0.4170178243043,0.24409845758164103,1.500899518995055,0.06685825244270402,0.06003598075981389
1.1979999999999542,9.0,1.1979999999999542,4.999900748837859,0.4170178243047645,0.24409845802820038,1.5008995195131833,0.06685825275407614,0.060035980780540794
1.2179999999999533,9.0,1.2179999999999533,4.999900748837831,0.41701782430524637,0.24409845823779439,1.5008995196981445,0.06685825264016013,0.060035980787884934
1.2379999999999527,9.0,1.2379999999999527,4.999900748837815,0.41701782430492307,0.24409845855027296,1.5008995200175856,0.06685825265693594,0.06003598080066351
1.257999999999952,9.0,1.257999999999952,4.9999007488378,0.41701782430497936,0.24409845882007195,1.5008995202767428,0.06685825264296703,0.060035980811092245
1.2779999999999512,9.0,1.2779999999999512,4.999900748837786,0.41701782430531514,0.24409845911628913,1.5008995205724567,0.06685825266428058,0.060035980822855176
1.2979999999999503,9.0,1.2979999999999503,4.999900748837771,0.4170178243049953,0.2440984594143124,1.5008995208715716,0.06685825268358837,0.060035980834896086
1.3179999999999494,9.0,1.3179999999999494,4.9999007488377565,0.4170178243048598,0.2440984597134104,1.5008995211708815,0.06685825269713874,0.06003598084678312
1.3379999999999486,9.0,1.3379999999999486,4.999900748837744,0.41701782430494705,0.24409846001186683,1.500899521469354,0.06685825271130022,0.060035980858829996
1.357999999999948,9.0,1.357999999999948,4.999900748837732,0.4170178243049328,0.2440984603119253,1.5008995217693228,0.06685825272488902,0.060035980870818254
1.377999999999947,9.0,1.377999999999947,4.999900748837715,0.41701782430523504,0.2440984606128238,1.5008995220701917,0.06685825273897077,0.060035980882874006
1.3979999999999462,9.0,1.3979999999999462,4.999900748837708,0.4170178243051641,0.2440984609162137,1.5008995223735324,0.06685825275269777,0.06003598089493049
1.4179999999999455,9.0,1.4179999999999455,4.999900748837698,0.41701782430520185,0.24409846122003634,1.500899522677401,0.06685825276610706,0.060035980907036005
1.4379999999999447,9.0,1.4379999999999447,4.999900748837684,0.417017824305229,0.24409846152355524,1.500899522980959,0.0668582527797667,0.06003598091919919
1.4389999999999437,9.0,1.4389999999999437,4.99990074883769,0.41701782430444734,0.2440984614137143,1.5008995228269315,0.06685825261927467,0.060035980913093055
1.4549999999999441,9.0,1.4549999999999441,4.99990074883768,0.4170178243061006,0.2440984618708367,1.5008995233555642,0.06685825293154525,0.060035980934225644
1.4749999999999432,9.0,1.4749999999999432,4.999900748837668,0.41701782430537,0.2440984620935887,1.5008995235537717,0.06685825281911838,0.06003598094215178
1.4949999999999424,9.0,1.4949999999999424,4.999900748837657,0.41701782430455625,0.2440984624188976,1.5008995238860205,0.06685825283604488,0.060035980955424825
1.5149999999999417,9.0,1.5149999999999417,4.999900748837647,0.4170178243053132,0.24409846270147884,1.500899524157948,0.06685825282248778,0.06003598096635976
1.5349999999999409,9.0,1.5349999999999409,4.9999007488376375,0.41701782430545464,0.24409846301101842,1.5008995244669654,0.06685825284487892,0.06003598097867857
1.55499999999994,9.0,1.55499999999994,4.999900748837628,0.4170178243044292,0.24409846332341237,1.500899524780443,0.06685825286458141,0.06003598099123024
1.5749999999999393,9.0,1.5749999999999393,4.999900748837621,0.4170178243051781,0.2440984636353291,1.500899525092664,0.06685825287935794,0.060035981003731996
1.5949999999999385,9.0,1.5949999999999385,4.9999007488376135,0.4170178243051573,0.24409846394763218,1.5008995254049222,0.06685825289300584,0.060035981016216634
1.6149999999999376,9.0,1.6149999999999376,4.999900748837603,0.4170178243049824,0.24409846426077605,1.5008995257180067,0.06685825290679229,0.06003598102871501
1.6349999999999367,9.0,1.6349999999999367,4.999900748837598,0.4170178243044465,0.2440984645749939,1.5008995260321938,0.06685825292166142,0.06003598104131748
1.6549999999999359,9.0,1.6549999999999359,4.999900748837593,0.41701782430478646,0.24409846489150377,1.5008995263486535,0.06685825293615162,0.06003598105391952
1.6749999999999352,9.0,1.6749999999999352,4.9999007488375895,0.4170178243047972,0.24409846520797696,1.5008995266651626,0.06685825295144952,0.06003598106666124
1.6949999999999343,9.0,1.6949999999999343,4.9999007488375815,0.41701782430469725,0.24409846552665396,1.5008995269838041,0.0668582529659514,0.060035981079357655
1.6959999999999336,9.0,1.6959999999999336,4.999900748837589,0.41701782430413403,0.2440984654175785,1.5008995268305747,0.06685825280486855,0.06003598107323221
1.711999999999934,9.0,1.711999999999934,4.999900748837584,0.41701782430581363,0.24409846588660214,1.5008995273711778,0.06685825311741682,0.060035981094817385
1.7319999999999334,9.0,1.7319999999999334,4.999900748837574,0.4170178243054511,0.24409846612183195,1.500899527581896,0.0668582530048053,0.06003598110326265
1.7519999999999325,9.0,1.7519999999999325,4.999900748837568,0.4170178243044845,0.24409846646057762,1.5008995279275121,0.06685825302321664,0.06003598111713514
1.7719999999999316,9.0,1.7719999999999316,4.999900748837564,0.41701782430484224,0.24409846675658897,1.5008995282128883,0.0668582530101748,0.06003598112858972
1.791999999999931,9.0,1.791999999999931,4.999900748837561,0.417017824305453,0.24409846708094404,1.5008995285366773,0.06685825303304156,0.060035981141432083
1.81199999999993,9.0,1.81199999999993,4.999900748837557,0.41701782430532786,0.24409846740800406,1.5008995288648632,0.06685825305382,0.06003598115459787
1.8319999999999292,9.0,1.8319999999999292,4.9999007488375575,0.41701782430486545,0.24409846773354527,1.5008995291907445,0.06685825306874922,0.060035981167646545
1.8519999999999284,9.0,1.8519999999999284,4.999900748837552,0.41701782430485673,0.24409846805979243,1.500899529516896,0.06685825308321326,0.06003598118070616
1.8719999999999275,9.0,1.8719999999999275,4.99990074883755,0.4170178243048218,0.24409846838631002,1.5008995298433696,0.06685825309784128,0.060035981193777815
1.8919999999999269,9.0,1.8919999999999269,4.9999007488375495,0.41701782430489853,0.24409846871576027,1.5008995301727164,0.06685825311306003,0.06003598120689823
1.911999999999926,9.0,1.911999999999926,4.999900748837548,0.4170178243049797,0.24409846904550872,1.5008995305025112,0.06685825312818676,0.06003598122008755
1.931999999999925,9.0,1.931999999999925,4.999900748837548,0.4170178243048829,0.24409846937718838,1.5008995308341655,0.06685825314387503,0.06003598123336085
1.9519999999999245,9.0,1.9519999999999245,4.999900748837546,0.4170178243050863,0.24409846970870883,1.500899531165715,0.06685825315895791,0.06003598124664114
1.9529999999999235,9.0,1.9529999999999235,4.999900748837553,0.41701782430418877,0.24409846960098167,1.5008995310135553,0.06685825299785175,0.0600359812405365
1.968999999999924,9.0,1.968999999999924,4.999900748837554,0.41701782430494,0.24409847008216273,1.500899531566668,0.06685825331264501,0.06003598126267864
1.988999999999923,9.0,1.988999999999923,4.9999007488375495,0.41701782430485806,0.24409847033080517,1.500899531790787,0.06685825319961974,0.06003598127165071
2.008999999999922,9.0,2.008999999999922,4.999900748837549,0.4170178243046901,0.24409847068478494,1.5008995321514564,0.06685825321847096,0.06003598128606744
2.0289999999999213,9.0,2.0289999999999213,4.999900748837546,0.41701782430470835,0.2440984709959165,1.5008995324520107,0.06685825320569837,0.06003598129807841
2.0489999999999204,9.0,2.0489999999999204,4.9999007488375495,0.417017824304189,0.24409847133303325,1.5008995327886587,0.06685825322953862,0.06003598131155081
2.06899999999992,9.0,2.06899999999992,4.999900748837552,0.41701782430532114,0.24409847167470586,1.5008995331313326,0.06685825325100185,0.060035981325261466
2.088999999999919,9.0,2.088999999999919,4.999900748837554,0.4170178243049047,0.24409847201665433,1.5008995334735973,0.0668582532671985,0.060035981338928575
2.1089999999999183,9.0,2.1089999999999183,4.999900748837556,0.41701782430507967,0.2440984723556949,1.5008995338127056,0.06685825328181803,0.06003598135257622
2.1289999999999174,9.0,2.1289999999999174,4.999900748837557,0.4170178243049646,0.24409847269832943,1.5008995341551163,0.06685825329765009,0.06003598136624977
2.1489999999999165,9.0,2.1489999999999165,4.999900748837561,0.41701782430530887,0.24409847304289542,1.5008995344996783,0.06685825331318228,0.06003598137995087
2.1689999999999157,9.0,2.1689999999999157,4.999900748837568,0.4170178243052188,0.2440984733879993,1.5008995348448193,0.06685825332951106,0.0600359813937971
2.188999999999915,9.0,2.188999999999915,4.999900748837568,0.4170178243053219,0.24409847373312454,1.5008995351899561,0.06685825334483744,0.060035981407596584
2.208999999999914,9.0,2.208999999999914,4.999900748837573,0.4170178243049897,0.24409847407957036,1.5008995355363557,0.0668582533615074,0.060035981421516185
2.2099999999999134,9.0,2.2099999999999134,4.99990074883758,0.41701782430392026,0.2440984739729078,1.5008995353851688,0.06685825330909957,0.06003598141995564
2.225999999999914,9.0,2.225999999999914,4.999900748837588,0.41701782430555745,0.24409847449823918,1.50089953599615,0.06685825351482051,0.06003598143798268
2.245999999999913,9.0,2.245999999999913,4.999900748837584,0.4170178243055393,0.24409847470708765,1.5008995361568485,0.06685825338892554,0.060035981447510454
2.265999999999912,9.0,2.265999999999912,4.999900748837586,0.41701782430487766,0.2440984751187426,1.5008995365939763,0.0668582534278044,0.060035981462552464
2.2859999999999117,9.0,2.2859999999999117,4.999900748837595,0.4170178243053133,0.2440984754033863,1.5008995368498401,0.06685825338923716,0.06003598147400183
2.305999999999911,9.0,2.305999999999911,4.999900748837599,0.4170178243051617,0.24409847577815266,1.5008995372335614,0.06685825344349926,0.06003598148936595
2.32599999999991,9.0,2.32599999999991,4.999900748837605,0.4170178243046062,0.24409847613702482,1.5008995375944318,0.06685825346170221,0.06003598150378887
2.345999999999909,9.0,2.345999999999909,4.999900748837612,0.41701782430495316,0.24409847649024277,1.5008995379472752,0.06685825347408815,0.060035981517972944
2.365999999999908,9.0,2.365999999999908,4.999900748837618,0.4170178243050934,0.2440984768475042,1.5008995383040915,0.06685825350363334,0.06003598153338734
2.3859999999999073,9.0,2.3859999999999073,4.999900748837626,0.4170178243050123,0.24409847722689754,1.50089953869292,0.06685825350593173,0.060035981546501145
2.4059999999999064,9.0,2.4059999999999064,4.999900748837633,0.4170178243047993,0.24409847754034159,1.5008995389867148,0.06685825351127496,0.06003598156076189
2.4259999999999056,9.0,2.4259999999999056,4.999900748837641,0.4170178243054365,0.24409847794692838,1.5008995394125708,0.066858253561655,0.060035981576493674
2.4459999999999047,9.0,2.4459999999999047,4.999900748837646,0.41701782430511286,0.2440984782865259,1.5008995397433262,0.06685825354892935,0.060035981589729545
2.4659999999999043,9.0,2.4659999999999043,4.999900748837655,0.41701782430553075,0.24409847864705572,1.5008995401027705,0.06685825356873076,0.060035981604134855
2.4669999999999033,9.0,2.4669999999999033,4.999900748837666,0.41701782430465284,0.24409847854108108,1.500899539952564,0.06685825329900338,0.06003598159353039
2.4829999999999037,9.0,2.4829999999999037,4.999900748837675,0.4170178243054556,0.24409847901776666,1.5008995404883891,0.06685825372860298,0.06003598162133624
2.5029999999999033,9.0,2.5029999999999033,4.999900748837678,0.4170178243056115,0.2440984793543802,1.5008995408241648,0.06685825363051104,0.0600359816316338
2.522999999999902,9.0,2.522999999999902,4.999900748837684,0.41701782430477374,0.24409847969227694,1.5008995411501016,0.06685825362971551,0.060035981647239174
2.5429999999999016,9.0,2.5429999999999016,4.999900748837692,0.41701782430506046,0.24409848007844973,1.5008995415434694,0.0668582536470546,0.060035981661768725
2.5629999999999002,9.0,2.5629999999999002,4.9999007488377005,0.4170178243052564,0.24409848042472396,1.5008995418799742,0.06685825364270197,0.06003598167523317
2.5829999999999,9.0,2.5829999999999,4.999900748837713,0.41701782430538487,0.2440984807961872,1.500899542251479,0.0668582536541652,0.0600359816888153
2.6029999999998985,9.0,2.6029999999998985,4.999900748837721,0.41701782430527456,0.24409848114780025,1.50089954259475,0.06685825369058851,0.06003598170505965
2.622999999999898,9.0,2.622999999999898,4.9999007488377325,0.41701782430489465,0.24409848156647165,1.5008995430333072,0.06685825371884706,0.060035981720082336
2.642999999999897,9.0,2.642999999999897,4.999900748837747,0.41701782430484813,0.24409848189529795,1.500899543342705,0.06685825371656424,0.06003598173496579
2.6629999999998963,9.0,2.6629999999998963,4.999900748837757,0.4170178243056518,0.24409848231460007,1.5008995437802748,0.0668582537478734,0.06003598174993786
2.6829999999998955,9.0,2.6829999999998955,4.999900748837771,0.41701782430499035,0.24409848264753606,1.500899544094582,0.06685825373623756,0.060035981763787716
2.702999999999895,9.0,2.702999999999895,4.999900748837781,0.4170178243041811,0.24409848304765186,1.5008995445039317,0.06685825378355721,0.06003598178016104
2.7229999999998937,9.0,2.7229999999998937,4.999900748837795,0.41701782430480866,0.24409848342984627,1.5008995448871065,0.06685825381238174,0.06003598179668062
2.723999999999893,9.0,2.723999999999893,4.999900748837801,0.41701782430420586,0.24409848340753063,1.500899544850527,0.06685825363614441,0.060035981789452325
2.7399999999998936,9.0,2.7399999999998936,4.999900748837812,0.41701782430602197,0.2440984837784597,1.5008995452433025,0.06685825385232927,0.06003598180975837
2.7599999999998923,9.0,2.7599999999998923,4.999900748837822,0.41701782430559986,0.2440984841197191,1.5008995455706007,0.06685825381993542,0.06003598182282572
2.779999999999892,9.0,2.779999999999892,4.999900748837831,0.4170178243046785,0.24409848453870778,1.500899546004648,0.06685825386609862,0.06003598184019761
2.799999999999891,9.0,2.799999999999891,4.999900748837845,0.4170178243049835,0.2440984848995665,1.5008995463558321,0.06685825385347628,0.06003598185429364
2.81999999999989,9.0,2.81999999999989,4.99990074883786,0.41701782430516926,0.24409848528466893,1.5008995467398314,0.06685825387563435,0.060035981869606944
2.8399999999998893,9.0,2.8399999999998893,4.999900748837875,0.41701782430502565,0.24409848567330344,1.5008995471293034,0.06685825389771728,0.06003598188516498
2.859999999999889,9.0,2.859999999999889,4.999900748837886,0.4170178243055918,0.24409848606217768,1.500899547518451,0.06685825391691538,0.060035981900793366
2.8799999999998875,9.0,2.8799999999998875,4.999900748837901,0.4170178243055151,0.2440984864531866,1.500899547909389,0.06685825393429062,0.0600359819163646
2.899999999999887,9.0,2.899999999999887,4.999900748837916,0.41701782430551415,0.24409848684454502,1.5008995483007526,0.0668582539519441,0.06003598193202155
2.9199999999998862,9.0,2.9199999999998862,4.999900748837932,0.4170178243050383,0.24409848723678454,1.5008995486929637,0.06685825396963087,0.060035981947702384
2.9399999999998854,9.0,2.9399999999998854,4.999900748837945,0.4170178243051934,0.24409848763107544,1.500899549087199,0.06685825398830918,0.060035981963490664
2.9599999999998845,9.0,2.9599999999998845,4.999900748837962,0.4170178243056342,0.24409848802770795,1.5008995494838016,0.06685825400676067,0.0600359819793203
2.979999999999884,9.0,2.979999999999884,4.999900748837979,0.4170178243054004,0.24409848842382764,1.5008995498799937,0.066858254025013,0.06003598199521571
2.980999999999883,9.0,2.980999999999883,4.999900748837987,0.4170178243047751,0.24409848831862965,1.5008995497306048,0.06685825386371645,0.06003598198922488
2.9969999999998835,9.0,2.9969999999998835,4.999900748838001,0.4170178243052478,0.2440984888502275,1.5008995503337643,0.0668582541797628,0.06003598201334724
3.0169999999998827,9.0,3.0169999999998827,4.99990074883801,0.417017824305334,0.24409848916526034,1.5008995506242475,0.0668582540710995,0.060035982024962076
3.036999999999882,9.0,3.036999999999882,4.999900748838023,0.41701782430525236,0.24409848958555436,1.5008995510513787,0.06685825409318916,0.060035982042023026
3.056999999999881,9.0,3.056999999999881,4.999900748838043,0.41701782430547807,0.244098489962476,1.5008995514177292,0.06685825408353097,0.060035982056703574
3.0769999999998805,9.0,3.0769999999998805,4.999900748838061,0.41701782430574413,0.2440984903659215,1.500899551820678,0.06685825411024002,0.06003598207281252
3.096999999999879,9.0,3.096999999999879,4.999900748838077,0.41701782430526857,0.24409849077240653,1.5008995522281958,0.06685825413404649,0.06003598208912179
3.1169999999998788,9.0,3.1169999999998788,4.999900748838095,0.41701782430522844,0.24409849118115898,1.5008995526371545,0.06685825415392273,0.06003598210546222
3.136999999999878,9.0,3.136999999999878,4.999900748838114,0.41701782430541523,0.24409849158830363,1.5008995530443856,0.06685825417147144,0.06003598212175813
3.156999999999877,9.0,3.156999999999877,4.999900748838135,0.4170178243051989,0.24409849199840103,1.5008995534543264,0.06685825418965594,0.06003598213808523
3.176999999999876,9.0,3.176999999999876,4.99990074883815,0.4170178243051656,0.24409849240675668,1.5008995538627647,0.06685825420942766,0.0600359821545986
3.1969999999998757,9.0,3.1969999999998757,4.99990074883817,0.4170178243051983,0.24409849282035512,1.500899554276171,0.06685825422881507,0.060035982171052285
3.2169999999998744,9.0,3.2169999999998744,4.999900748838191,0.4170178243050499,0.24409849323441699,1.5008995546903159,0.0668582542483958,0.06003598218764688
3.236999999999874,9.0,3.236999999999874,4.999900748838211,0.4170178243055293,0.24409849364968356,1.5008995551055593,0.06685825426673553,0.06003598220419769
3.2379999999998725,9.0,3.2379999999998725,4.9999007488382174,0.41701782430458356,0.24409849354541815,1.5008995549571202,0.06685825410603329,0.060035982198288165
3.253999999999873,9.0,3.253999999999873,4.9999007488382325,0.4170178243055445,0.24409849409162887,1.5008995555749474,0.06685825442270431,0.060035982223012624
3.2739999999998726,9.0,3.2739999999998726,4.999900748838245,0.41701782430604095,0.24409849442530965,1.5008995558840028,0.06685825431504389,0.060035982235385865
3.2939999999998717,9.0,3.2939999999998717,4.999900748838264,0.41701782430552875,0.2440984948627547,1.5008995563283922,0.06685825433794058,0.060035982253186015
3.313999999999871,9.0,3.313999999999871,4.999900748838287,0.4170178243051644,0.24409849525886815,1.5008995567138292,0.06685825432952552,0.0600359822686073
3.33399999999987,9.0,3.33399999999987,4.999900748838308,0.41701782430536816,0.24409849568253997,1.5008995571369987,0.0668582543566003,0.0600359822854224
3.3539999999998695,9.0,3.3539999999998695,4.999900748838326,0.41701782430522616,0.2440984961070547,1.5008995575626625,0.066858254381828,0.060035982302573426
3.373999999999868,9.0,3.373999999999868,4.999900748838345,0.41701782430533785,0.2440984965339211,1.500899557989694,0.06685825440164143,0.06003598231958578
3.393999999999868,9.0,3.393999999999868,4.99990074883837,0.4170178243053653,0.2440984969595774,1.5008995584153975,0.06685825442124498,0.06003598233671302
3.4139999999998665,9.0,3.4139999999998665,4.999900748838389,0.41701782430526324,0.2440984973889056,1.5008995588445464,0.06685825444017235,0.06003598235376719
3.433999999999866,9.0,3.433999999999866,4.999900748838414,0.4170178243048979,0.24409849781769427,1.5008995592734191,0.06685825446020965,0.060035982370991434
3.4539999999998647,9.0,3.4539999999998647,4.999900748838434,0.41701782430512085,0.24409849825075086,1.5008995597063395,0.06685825448031307,0.06003598238823571
3.4739999999998643,9.0,3.4739999999998643,4.9999007488384555,0.4170178243053187,0.2440984986835564,1.500899560139239,0.06685825449999754,0.060035982405555584
3.4939999999998634,9.0,3.4939999999998634,4.999900748838478,0.41701782430561496,0.24409849911749346,1.5008995605731241,0.06685825452010777,0.06003598242294429
3.4949999999998624,9.0,3.4949999999998624,4.999900748838486,0.41701782430466705,0.24409849901439473,1.5008995604258224,0.06685825435870346,0.06003598241701867
3.5109999999998633,9.0,3.5109999999998633,4.999900748838506,0.4170178243057207,0.2440984995766562,1.5008995610597262,0.06685825467641075,0.060035982442363606
3.530999999999862,9.0,3.530999999999862,4.999900748838524,0.417017824305715,0.2440984999286404,1.5008995613871834,0.0668582545848155,0.060035982456779054
3.5509999999998616,9.0,3.5509999999998616,4.999900748838546,0.4170178243052895,0.2440985004078365,1.500899561882585,0.06685825459313675,0.06003598247405322
3.5709999999998603,9.0,3.5709999999998603,4.999900748838567,0.4170178243049993,0.244098500777112,1.5008995622216088,0.06685825455896156,0.06003598248886525
3.59099999999986,9.0,3.59099999999986,4.999900748838593,0.417017824305161,0.24409850124323007,1.5008995626970958,0.06685825462175032,0.06003598250786535
3.6109999999998585,9.0,3.6109999999998585,4.999900748838616,0.41701782430534495,0.24409850169182024,1.500899563148091,0.06685825464505897,0.060035982525917804
3.630999999999858,9.0,3.630999999999858,4.999900748838638,0.4170178243049739,0.24409850213622064,1.5008995635920825,0.06685825466033606,0.060035982543611935
3.6509999999998572,9.0,3.6509999999998572,4.9999007488386615,0.41701782430530693,0.24409850258085344,1.5008995640363665,0.06685825467958083,0.060035982561459006
3.6709999999998564,9.0,3.6709999999998564,4.999900748838687,0.417017824304968,0.2440985030283771,1.5008995644837544,0.06685825470038373,0.06003598257934411
3.6909999999998555,9.0,3.6909999999998555,4.999900748838712,0.41701782430531975,0.24409850347923742,1.5008995649346,0.06685825472207492,0.060035982597360496
3.710999999999855,9.0,3.710999999999855,4.999900748838737,0.4170178243054336,0.2440985039292968,1.5008995653847763,0.06685825474335948,0.06003598261546207
3.7309999999998538,9.0,3.7309999999998538,4.999900748838763,0.4170178243052099,0.24409850438393665,1.500899565839246,0.0668582547791409,0.060035982634807195
3.7509999999998533,9.0,3.7509999999998533,4.999900748838787,0.4170178243047915,0.24409850486006882,1.5008995663248914,0.06685825479944466,0.060035982652960104
3.751999999999853,9.0,3.751999999999853,4.999900748838796,0.41701782430457046,0.24409850475242725,1.5008995661715783,0.06685825463148358,0.06003598264687817
3.7679999999998532,9.0,3.7679999999998532,4.999900748838819,0.4170178243063222,0.24409850530716004,1.5008995667863363,0.06685825486898725,0.060035982667787376
3.787999999999852,9.0,3.787999999999852,4.999900748838838,0.41701782430595385,0.244098505640118,1.5008995670768361,0.06685825483199109,0.0600359826855876
3.8079999999998515,9.0,3.8079999999998515,4.9999007488388605,0.4170178243055546,0.24409850621231374,1.5008995676977048,0.06685825491603364,0.060035982707975784
3.82799999999985,9.0,3.82799999999985,4.999900748838887,0.41701782430559126,0.2440985066025215,1.5008995680578567,0.06685825484000903,0.06003598272226047
3.8479999999998498,9.0,3.8479999999998498,4.9999007488389156,0.4170178243053954,0.24409850705954858,1.5008995685116948,0.06685825487388422,0.060035982740441134
3.867999999999849,9.0,3.867999999999849,4.999900748838941,0.4170178243053909,0.24409850752769865,1.5008995689821616,0.06685825490974918,0.06003598275931021
3.887999999999848,9.0,3.887999999999848,4.999900748838967,0.41701782430552714,0.24409850799674726,1.500899569452106,0.06685825493365437,0.06003598277804863
3.907999999999847,9.0,3.907999999999847,4.999900748838993,0.4170178243053667,0.24409850846418032,1.5008995699196048,0.0668582549244621,0.06003598279428844
3.9279999999998467,9.0,3.9279999999998467,4.999900748839023,0.4170178243052189,0.2440985088888727,1.5008995703252916,0.06685825494524202,0.06003598281304381
3.9479999999998454,9.0,3.9479999999998454,4.999900748839049,0.4170178243055499,0.24409850940827538,1.5008995708650288,0.06685825504967344,0.06003598283712864
3.967999999999845,9.0,3.967999999999845,4.999900748839076,0.4170178243053701,0.2440985099252138,1.5008995714015554,0.0668582550263263,0.06003598285354434
3.987999999999844,9.0,3.987999999999844,4.999900748839104,0.4170178243052794,0.24409851030247645,1.5008995717375027,0.06685825501524512,0.0600359828720231
4.007999999999844,9.0,4.007999999999844,4.999900748839133,0.4170178243051053,0.24409851086824916,1.5008995723411975,0.06685825507598796,0.06003598289119769
4.027999999999842,9.0,4.027999999999842,4.99990074883916,0.41701782430583445,0.24409851125964746,1.5008995726960646,0.06685825507023399,0.0600359829103073
4.047999999999842,9.0,4.047999999999842,4.9999007488391864,0.41701782430534057,0.24409851182705888,1.500899573300811,0.06685825512213464,0.06003598292951771
4.067999999999841,9.0,4.067999999999841,4.999900748839218,0.41701782430484247,0.24409851221969606,1.5008995736561443,0.06685825508442106,0.0600359829462456
4.08799999999984,9.0,4.08799999999984,4.999900748839247,0.4170178243054037,0.24409851274816116,1.50089957420289,0.06685825516642181,0.06003598296807756
4.107999999999839,9.0,4.107999999999839,4.999900748839275,0.4170178243056558,0.2440985132349703,1.5008995746918405,0.06685825518158603,0.06003598298766972
4.1279999999998385,9.0,4.1279999999998385,4.9999007488393055,0.4170178243055494,0.24409851371718214,1.500899575172568,0.06685825519534402,0.060035983006892196
4.128999999999838,9.0,4.128999999999838,4.999900748839313,0.4170178243052903,0.24409851361637866,1.5008995750274408,0.06685825514383556,0.06003598300566974
4.144999999999838,9.0,4.144999999999838,4.999900748839338,0.41701782430567214,0.24409851425072862,1.5008995757463963,0.06685825540747868,0.06003598303166629
4.1649999999998375,9.0,4.1649999999998375,4.999900748839362,0.4170178243063469,0.2440985146441811,1.5008995761112542,0.06685825523642641,0.06003598304320473
4.184999999999836,9.0,4.184999999999836,4.999900748839388,0.41701782430585566,0.24409851510690436,1.5008995765598452,0.06685825522963104,0.06003598306115705
4.204999999999836,9.0,4.204999999999836,4.999900748839419,0.4170178243055714,0.24409851557930654,1.5008995770233025,0.0668582552790221,0.060035983082153487
4.224999999999834,9.0,4.224999999999834,4.99990074883945,0.4170178243053197,0.24409851612272637,1.5008995775876177,0.06685825533419536,0.060035983103478414
4.244999999999834,9.0,4.244999999999834,4.9999007488394795,0.41701782430565004,0.24409851659606716,1.5008995780513643,0.06685825532311968,0.06003598312203948
4.264999999999833,9.0,4.264999999999833,4.999900748839508,0.4170178243057624,0.2440985170911091,1.5008995785449815,0.06685825534798814,0.06003598314181119
4.284999999999832,9.0,4.284999999999832,4.999900748839539,0.4170178243051983,0.24409851759299572,1.5008995790474524,0.06685825537561836,0.060035983161885076
4.304999999999831,9.0,4.304999999999831,4.999900748839569,0.4170178243053803,0.24409851809490635,1.5008995795496873,0.06685825539967175,0.06003598318199526
4.3249999999998305,9.0,4.3249999999998305,4.999900748839602,0.4170178243060258,0.24409851859931792,1.5008995800540403,0.06685825543726438,0.0600359832033662
4.344999999999829,9.0,4.344999999999829,4.999900748839632,0.4170178243054624,0.24409851912449454,1.5008995805886713,0.06685825546039142,0.06003598322359221
4.364999999999829,9.0,4.364999999999829,4.999900748839666,0.41701782430581935,0.24409851960764387,1.5008995810614407,0.06685825544309404,0.06003598324124978
4.3849999999998275,9.0,4.3849999999998275,4.999900748839696,0.4170178243053412,0.2440985200949473,1.5008995815389967,0.06685825548883934,0.06003598326279475
4.385999999999827,9.0,4.385999999999827,4.999900748839708,0.41701782430511974,0.2440985200856881,1.5008995815170982,0.06685825543115312,0.060035983260666066
4.401999999999828,9.0,4.401999999999828,4.999900748839737,0.4170178243064693,0.24409852062285192,1.500899582103689,0.06685825560672638,0.060035983284148026
4.421999999999827,9.0,4.421999999999827,4.999900748839758,0.41701782430675455,0.24409852105628443,1.5008995825078297,0.06685825552248795,0.06003598330034094
4.441999999999826,9.0,4.441999999999826,4.999900748839788,0.4170178243060795,0.24409852159972978,1.5008995830627216,0.06685825557364707,0.06003598332248641
4.461999999999826,9.0,4.461999999999826,4.999900748839821,0.4170178243055708,0.24409852209460772,1.5008995835485959,0.06685825557431935,0.06003598334192464
4.481999999999824,9.0,4.481999999999824,4.999900748839852,0.4170178243057547,0.24409852261126572,1.5008995840648063,0.06685825560436429,0.06003598336257797
4.501999999999824,9.0,4.501999999999824,4.9999007488398854,0.4170178243058952,0.24409852313207286,1.500899584586443,0.06685825563290637,0.06003598338347022
4.521999999999823,9.0,4.521999999999823,4.999900748839919,0.41701782430532225,0.24409852365428394,1.5008995851088596,0.06685825565783142,0.06003598340438743
4.541999999999822,9.0,4.541999999999822,4.999900748839952,0.4170178243056577,0.24409852417877986,1.5008995856333012,0.066858255681709,0.06003598342533685
4.561999999999821,9.0,4.561999999999821,4.999900748839985,0.41701782430613965,0.24409852470375812,1.5008995861582919,0.06685825570526972,0.06003598344633181
4.58199999999982,9.0,4.58199999999982,4.99990074884002,0.417017824306113,0.24409852523020667,1.5008995866846737,0.06685825572946327,0.060035983467405483
4.601999999999819,9.0,4.601999999999819,4.999900748840053,0.41701782430559436,0.2440985257588747,1.500899587213279,0.0668582557535721,0.06003598348851071
4.621999999999819,9.0,4.621999999999819,4.999900748840086,0.41701782430586104,0.24409852629087997,1.5008995877452573,0.06685825577912566,0.06003598350980837
4.641999999999818,9.0,4.641999999999818,4.999900748840116,0.4170178243060367,0.24409852682365493,1.5008995882780778,0.06685825580299715,0.06003598353107623
4.642999999999818,9.0,4.642999999999818,4.999900748840128,0.41701782430536977,0.24409852672583385,1.5008995881359055,0.06685825564296398,0.0600359835254303
4.658999999999818,9.0,4.658999999999818,4.999900748840159,0.4170178243064667,0.24409852736754484,1.5008995888494525,0.0668582559642326,0.060035983553962086
4.678999999999816,9.0,4.678999999999816,4.999900748840185,0.41701782430624157,0.24409852781941113,1.50089958927672,0.06685825584544103,0.06003598356973593
4.698999999999816,9.0,4.698999999999816,4.999900748840215,0.4170178243058775,0.24409852835332854,1.5008995898080582,0.06685825588899734,0.060035983593554415
4.718999999999815,9.0,4.718999999999815,4.999900748840252,0.4170178243053982,0.24409852891419845,1.5008995903778681,0.06685825589778305,0.06003598361385238
4.738999999999814,9.0,4.738999999999814,4.999900748840286,0.41701782430574263,0.24409852941027196,1.5008995908541787,0.06685825589659913,0.06003598363410995
4.758999999999814,9.0,4.758999999999814,4.999900748840318,0.4170178243053697,0.24409852997777548,1.500899591431612,0.06685825595705032,0.060035983657276935
4.7789999999998125,9.0,4.7789999999998125,4.999900748840356,0.41701782430602646,0.2440985305261186,1.5008995919812855,0.0668582559797175,0.06003598367925661
4.798999999999812,9.0,4.798999999999812,4.999900748840393,0.41701782430606105,0.24409853107300492,1.5008995925274238,0.06685825600052954,0.060035983701090895
4.818999999999811,9.0,4.818999999999811,4.999900748840428,0.4170178243057758,0.24409853162256478,1.5008995930766287,0.06685825602526015,0.060035983723070264
4.83899999999981,9.0,4.83899999999981,4.999900748840464,0.41701782430555545,0.24409853217502983,1.5008995936290537,0.06685825605093763,0.060035983745130736
4.85899999999981,9.0,4.85899999999981,4.999900748840496,0.41701782430535816,0.24409853272780477,1.500899594181901,0.06685825607706836,0.06003598376732445
4.878999999999809,9.0,4.878999999999809,4.999900748840532,0.4170178243058567,0.24409853328515393,1.5008995947391115,0.06685825610315962,0.06003598378955834
4.898999999999808,9.0,4.898999999999808,4.999900748840567,0.41701782430551515,0.24409853384251232,1.5008995952965847,0.06685825612826693,0.06003598381183788
4.899999999999808,9.0,4.899999999999808,4.999900748840578,0.41701782430507783,0.2440985337455173,1.5008995951553623,0.06685825596780481,0.060035983806210405
4.915999999999808,9.0,4.915999999999808,4.999900748840613,0.41701782430609047,0.24409853440630858,1.500899595887761,0.06685825626361262,0.06003598383374242
4.935999999999806,9.0,4.935999999999806,4.99990074884064,0.41701782430634443,0.24409853486116245,1.5008995963083223,0.06685825617368632,0.06003598385237111
4.955999999999806,9.0,4.955999999999806,4.999900748840672,0.4170178243053897,0.2440985354688838,1.5008995969333618,0.06685825624490538,0.06003598387856146
4.9759999999998055,9.0,4.9759999999998055,4.999900748840713,0.41701782430561457,0.24409853603092269,1.5008995974946564,0.06685825623491527,0.06003598389978306
4.995999999999804,9.0,4.995999999999804,4.9999007488407505,0.4170178243057337,0.2440985365726521,1.5008995980245958,0.06685825623814177,0.060035983920965603
5.015999999999804,9.0,5.015999999999804,4.9999007488407825,0.417017824305978,0.24409853714464017,1.5008995985969495,0.06685825627734944,0.06003598394383257
5.035999999999802,9.0,5.035999999999802,4.9999007488408225,0.41701782430565887,0.24409853771959106,1.5008995991732748,0.06685825629497279,0.06003598396565145
5.055999999999802,9.0,5.055999999999802,4.999900748840861,0.41701782430592693,0.2440985382721301,1.500899599716674,0.06685825632089672,0.06003598398862682
5.075999999999801,9.0,5.075999999999801,4.999900748840898,0.4170178243055012,0.24409853887157604,1.5008996003262476,0.06685825637354084,0.06003598401307375
5.095999999999801,9.0,5.095999999999801,4.999900748840935,0.41701782430591844,0.24409853944987117,1.5008996009047653,0.06685825639251913,0.060035984036213526
5.1159999999998,9.0,5.1159999999998,4.9999007488409735,0.417017824305942,0.24409854002715817,1.5008996014810716,0.06685825641401312,0.06003598405924393
5.1359999999997985,9.0,5.1359999999997985,4.999900748841011,0.41701782430610457,0.2440985406102327,1.5008996020637244,0.06685825645612047,0.060035984083766473
5.155999999999797,9.0,5.155999999999797,4.9999007488410525,0.41701782430620626,0.2440985412161899,1.500899602679224,0.06685825646891133,0.0600359841059037
5.1569999999997975,9.0,5.1569999999997975,4.99990074884106,0.41701782430512335,0.24409854103143572,1.5008996024187407,0.06685825631588109,0.060035984101313916
5.1729999999997975,9.0,5.1729999999997975,4.999900748841089,0.41701782430662127,0.24409854183360014,1.5008996033299762,0.0668582567074456,0.06003598413323769
5.192999999999797,9.0,5.192999999999797,4.999900748841123,0.41701782430625745,0.244098542298597,1.5008996037610944,0.06685825654560552,0.060035984150444
5.212999999999796,9.0,5.212999999999796,4.999900748841159,0.4170178243057004,0.24409854289422653,1.500899604357596,0.06685825655801025,0.06003598417428533
5.2329999999997945,9.0,5.2329999999997945,4.999900748841198,0.41701782430571277,0.24409854345994247,1.5008996049121355,0.06685825655916354,0.060035984196487854
5.252999999999794,9.0,5.252999999999794,4.999900748841234,0.4170178243058596,0.24409854405519413,1.5008996055072976,0.06685825659768183,0.06003598422031194
5.272999999999794,9.0,5.272999999999794,4.9999007488412746,0.4170178243058502,0.2440985446547558,1.50089960610805,0.0668582566312522,0.060035984244348424
5.292999999999792,9.0,5.292999999999792,4.999900748841314,0.4170178243061265,0.24409854525545235,1.5008996067090257,0.06685825665876274,0.060035984268326584
5.312999999999791,9.0,5.312999999999791,4.999900748841352,0.41701782430643836,0.244098545855519,1.5008996073090912,0.0668582566855599,0.06003598429238136
5.3329999999997915,9.0,5.3329999999997915,4.999900748841394,0.41701782430618206,0.24409854645919352,1.50089960791259,0.06685825671368197,0.06003598431653487
5.35299999999979,9.0,5.35299999999979,4.999900748841433,0.4170178243061676,0.2440985470643638,1.5008996085177868,0.06685825674156956,0.06003598434074244
5.372999999999789,9.0,5.372999999999789,4.9999007488414735,0.41701782430609674,0.2440985476735342,1.5008996091268596,0.06685825676974402,0.06003598436504163
5.3929999999997875,9.0,5.3929999999997875,4.99990074884151,0.41701782430591344,0.24409854828257393,1.50089960973599,0.06685825679760989,0.06003598438943787
5.412999999999788,9.0,5.412999999999788,4.99990074884155,0.4170178243055612,0.2440985488946296,1.500899610347933,0.06685825682601229,0.06003598441391508
5.4139999999997865,9.0,5.4139999999997865,4.99990074884156,0.4170178243052374,0.24409854880047824,1.500899610209524,0.06685825666539694,0.0600359844083724
5.429999999999787,9.0,5.429999999999787,4.999900748841594,0.417017824306443,0.24409854950529297,1.5008996109861046,0.06685825701662891,0.060035984441246006
5.449999999999786,9.0,5.449999999999786,4.99990074884163,0.41701782430615086,0.2440985500595337,1.500899611525433,0.06685825690690023,0.06003598446104604
5.469999999999786,9.0,5.469999999999786,4.999900748841667,0.4170178243061634,0.24409855067132344,1.50089961213365,0.06685825689649406,0.060035984484112515
5.489999999999785,9.0,5.489999999999785,4.999900748841708,0.4170178243060204,0.24409855124503815,1.5008996126868202,0.06685825691940395,0.060035984508712475
5.509999999999784,9.0,5.509999999999784,4.99990074884175,0.41701782430616535,0.2440985519159765,1.5008996133779213,0.06685825697351712,0.060035984533890495
5.529999999999783,9.0,5.529999999999783,4.999900748841791,0.41701782430645196,0.24409855249774676,1.5008996139417534,0.06685825697314532,0.06003598455765587
5.549999999999783,9.0,5.549999999999783,4.9999007488418306,0.417017824306232,0.24409855314879328,1.5008996146018732,0.06685825704631572,0.06003598458529282
5.569999999999782,9.0,5.569999999999782,4.999900748841872,0.4170178243060604,0.24409855380106346,1.5008996152645835,0.06685825707121061,0.06003598461058797
5.5899999999997805,9.0,5.5899999999997805,4.999900748841915,0.41701782430625034,0.24409855440783446,1.5008996158603032,0.06685825707001969,0.06003598463441389
5.609999999999779,9.0,5.609999999999779,4.999900748841954,0.41701782430623274,0.24409855504166517,1.5008996164935031,0.06685825710625248,0.06003598465970871
5.62999999999978,9.0,5.62999999999978,4.999900748841998,0.4170178243062159,0.24409855568070835,1.5008996171335025,0.06685825714109812,0.06003598468530951
5.649999999999778,9.0,5.649999999999778,4.9999007488420375,0.4170178243061979,0.24409855632063437,1.5008996177737295,0.06685825717073048,0.06003598471088261
5.669999999999778,9.0,5.669999999999778,4.999900748842081,0.4170178243061388,0.24409855696104607,1.5008996184141223,0.06685825720046967,0.06003598473659965
5.670999999999778,9.0,5.670999999999778,4.99990074884209,0.4170178243057177,0.24409855686833642,1.5008996182771426,0.06685825703973551,0.06003598473108939
5.6869999999997765,9.0,5.6869999999997765,4.999900748842124,0.4170178243072122,0.24409855759640875,1.5008996190768322,0.06685825736455196,0.06003598476305632
5.706999999999777,9.0,5.706999999999777,4.99990074884216,0.41701782430656587,0.24409855815797332,1.500899619613811,0.06685825726744299,0.060035984784539094
5.726999999999776,9.0,5.726999999999776,4.999900748842203,0.41701782430620904,0.24409855882360756,1.5008996202863134,0.06685825730079595,0.06003598481147795
5.746999999999774,9.0,5.746999999999774,4.999900748842244,0.41701782430598733,0.2440985594486675,1.5008996209007117,0.06685825730246382,0.060035984836018526
5.766999999999774,9.0,5.766999999999774,4.999900748842287,0.4170178243065823,0.2440985601023372,1.500899621553863,0.06685825734131563,0.060035984862120424
5.786999999999773,9.0,5.786999999999773,4.999900748842329,0.4170178243066186,0.24409856075773656,1.5008996222104083,0.06685825737718706,0.06003598488849691
5.806999999999772,9.0,5.806999999999772,4.999900748842372,0.41701782430582984,0.24409856141677125,1.500899622869565,0.06685825740760858,0.060035984914765826
5.826999999999771,9.0,5.826999999999771,4.999900748842414,0.4170178243060871,0.24409856207650216,1.50089962352933,0.06685825743753086,0.06003598494116782
5.84699999999977,9.0,5.84699999999977,4.999900748842459,0.41701782430618234,0.24409856273926836,1.5008996241919743,0.0668582574681488,0.060035984967677085
5.86699999999977,9.0,5.86699999999977,4.999900748842502,0.4170178243061728,0.24409856340285058,1.5008996248555888,0.06685825749895949,0.06003598499428062
5.8869999999997695,9.0,5.8869999999997695,4.999900748842545,0.41701782430621714,0.24409856407042452,1.5008996255230558,0.06685825752994735,0.060035985020943636
5.906999999999768,9.0,5.906999999999768,4.999900748842589,0.4170178243061899,0.24409856474162386,1.500899626194203,0.06685825756116813,0.060035985047740326
5.926999999999767,9.0,5.926999999999767,4.99990074884263,0.4170178243058524,0.24409856541210348,1.5008996268647767,0.06685825759178655,0.06003598507461986
5.927999999999768,9.0,5.927999999999768,4.99990074884264,0.41701782430584083,0.244098565321134,1.5008996267294765,0.06685825743118955,0.06003598506917539
5.943999999999767,9.0,5.943999999999767,4.999900748842674,0.4170178243069512,0.24409856607354266,1.5008996275536342,0.06685825773103524,0.06003598510034736
5.963999999999766,9.0,5.963999999999766,4.999900748842715,0.41701782430718864,0.24409856664438442,1.5008996280901095,0.06685825764679033,0.06003598512359555
5.9839999999997655,9.0,5.9839999999997655,4.99990074884276,0.4170178243069883,0.2440985673659149,1.5008996288290162,0.06685825772305112,0.06003598515440258
6.003999999999765,9.0,6.003999999999765,4.999900748842801,0.417017824306452,0.24409856804447477,1.5008996295067338,0.06685825770386203,0.060035985178992675
6.023999999999764,9.0,6.023999999999764,4.999900748842848,0.4170178243064553,0.24409856867880414,1.5008996301199358,0.06685825771196417,0.06003598520478615
6.0439999999997625,9.0,6.0439999999997625,4.99990074884289,0.41701782430632284,0.24409856939011812,1.5008996308417943,0.06685825779846259,0.06003598523495342
6.063999999999762,9.0,6.063999999999762,4.999900748842936,0.41701782430649487,0.24409857010502978,1.500899631567763,0.06685825781461675,0.06003598526148784
6.083999999999762,9.0,6.083999999999762,4.999900748842981,0.41701782430602147,0.24409857074805322,1.5008996321905332,0.06685825781406257,0.06003598528761778
6.103999999999761,9.0,6.103999999999761,4.999900748843026,0.4170178243062037,0.24409857146642142,1.5008996329182662,0.06685825787941062,0.0600359853166876
6.12399999999976,9.0,6.12399999999976,4.999900748843072,0.41701782430698703,0.24409857216374384,1.5008996336170035,0.06685825790957506,0.06003598534474475
6.1439999999997585,9.0,6.1439999999997585,4.999900748843114,0.4170178243067574,0.24409857286154354,1.5008996343139864,0.06685825793747009,0.06003598537258224
6.163999999999758,9.0,6.163999999999758,4.999900748843161,0.41701782430643414,0.24409857356239772,1.5008996350145232,0.06685825796892886,0.06003598540057656
6.183999999999758,9.0,6.183999999999758,4.99990074884321,0.41701782430599565,0.24409857426661474,1.5008996357186963,0.06685825800208249,0.060035985428745775
6.184999999999759,9.0,6.184999999999759,4.999900748843219,0.4170178243059665,0.24409857417746217,1.5008996355852013,0.06685825784174679,0.0600359854233898
6.200999999999757,9.0,6.200999999999757,4.999900748843254,0.4170178243076095,0.24409857495582976,1.5008996364355869,0.0668582581704242,0.060035985457470104
6.220999999999756,9.0,6.220999999999756,4.999900748843295,0.41701782430670453,0.24409857557988837,1.5008996370349492,0.06685825807483745,0.06003598548139175
6.240999999999755,9.0,6.240999999999755,4.999900748843339,0.4170178243062884,0.24409857630994053,1.5008996377717831,0.06685825811162877,0.06003598551089073
6.260999999999754,9.0,6.260999999999754,4.999900748843385,0.41701782430682904,0.24409857699959167,1.5008996384507796,0.0668582581163232,0.060035985538001636
6.280999999999754,9.0,6.280999999999754,4.99990074884343,0.4170178243068726,0.24409857771613655,1.5008996391668608,0.0668582581573254,0.06003598556662303
6.300999999999752,9.0,6.300999999999752,4.9999007488434755,0.4170178243066599,0.24409857843664687,1.5008996398884216,0.06685825819678272,0.06003598559559934
6.320999999999753,9.0,6.320999999999753,4.999900748843522,0.4170178243059816,0.2440985791591005,1.500899640611085,0.06685825823012899,0.06003598562445448
6.3409999999997515,9.0,6.3409999999997515,4.999900748843568,0.4170178243065846,0.24409857988419542,1.5008996413361297,0.06685825826241514,0.060035985653369296
6.36099999999975,9.0,6.36099999999975,4.999900748843616,0.4170178243061512,0.24409858061159678,1.500899642063453,0.0668582582967017,0.06003598568254015
6.380999999999749,9.0,6.380999999999749,4.999900748843664,0.4170178243063804,0.2440985813412644,1.5008996427930925,0.06685825832969272,0.06003598571167627
6.400999999999749,9.0,6.400999999999749,4.999900748843711,0.41701782430662265,0.24409858207345905,1.5008996435252475,0.06685825836365399,0.06003598574097297
6.420999999999748,9.0,6.420999999999748,4.999900748843756,0.41701782430644085,0.24409858280784164,1.500899644259622,0.06685825839787982,0.06003598577037969
6.440999999999747,9.0,6.440999999999747,4.999900748843807,0.41701782430589474,0.24409858354511613,1.500899644996819,0.06685825843275024,0.060035985799923725
6.441999999999748,9.0,6.441999999999748,4.9999007488438165,0.41701782430592604,0.24409858345760183,1.5008996448649394,0.06685825838156748,0.06003598579916511
6.457999999999747,9.0,6.457999999999747,4.999900748843853,0.41701782430610645,0.24409858429536954,1.5008996457882033,0.0668582586286566,0.06003598583154877
6.477999999999746,9.0,6.477999999999746,4.999900748843896,0.417017824306398,0.24409858492182795,1.5008996463760842,0.066858258494363,0.060035985854983896
6.497999999999745,9.0,6.497999999999745,4.999900748843938,0.41701782430661355,0.24409858568283027,1.500899647142827,0.0668582585398835,0.060035985885735686
6.517999999999744,9.0,6.517999999999744,4.999900748843985,0.4170178243068027,0.24409858640898718,1.500899647859414,0.06685825855363095,0.06003598591441286
6.5379999999997445,9.0,6.5379999999997445,4.999900748844032,0.4170178243067138,0.24409858716097885,1.500899648611378,0.0668582585966719,0.06003598594442191
6.557999999999743,9.0,6.557999999999743,4.999900748844081,0.4170178243062124,0.2440985879165479,1.50089964936797,0.06685825863641859,0.06003598597473389
6.577999999999742,9.0,6.577999999999742,4.99990074884413,0.4170178243067315,0.24409858867454018,1.500899650126138,0.06685825867128382,0.060035986005012594
6.5979999999997405,9.0,6.5979999999997405,4.99990074884418,0.4170178243069721,0.24409858943354878,1.5008996508851273,0.06685825867598996,0.060035986032886735
6.617999999999741,9.0,6.617999999999741,4.9999007488442295,0.41701782430688994,0.24409859015121133,1.5008996515838435,0.0668582587404696,0.06003598606585511
6.63799999999974,9.0,6.63799999999974,4.999900748844277,0.4170178243065175,0.24409859100754427,1.5008996524794094,0.06685825879934115,0.060035986096682176
6.657999999999738,9.0,6.657999999999738,4.999900748844323,0.41701782430657836,0.24409859168474202,1.5008996531179555,0.06685825879640078,0.06003598612717524
6.677999999999738,9.0,6.677999999999738,4.999900748844373,0.41701782430664364,0.2440985925419372,1.500899654011758,0.0668582588614244,0.060035986157993805
6.6979999999997375,9.0,6.6979999999997375,4.999900748844421,0.4170178243065893,0.24409859322549302,1.5008996546581053,0.06685825883798459,0.06003598618635756
6.717999999999736,9.0,6.717999999999736,4.999900748844471,0.4170178243064797,0.2440985940470062,1.5008996554979492,0.06685825896407695,0.060035986222415905
6.737999999999735,9.0,6.737999999999735,4.999900748844523,0.41701782430658024,0.2440985948735521,1.5008996563454424,0.06685825896431356,0.060035986251338345
6.757999999999734,9.0,6.757999999999734,4.999900748844571,0.4170178243068879,0.2440985955592959,1.5008996569905155,0.06685825893896033,0.06003598627968245
6.758999999999736,9.0,6.758999999999736,4.99990074884458,0.4170178243060668,0.24409859548470927,1.5008996568742163,0.0668582590139478,0.06003598628408648
6.774999999999735,9.0,6.774999999999735,4.99990074884462,0.4170178243072271,0.24409859644227241,1.5008996579542218,0.06685825922727598,0.06003598631632203
6.7949999999997335,9.0,6.7949999999997335,4.999900748844663,0.4170178243064671,0.24409859705067663,1.5008996584988372,0.06685825905632571,0.0600359863412108
6.814999999999732,9.0,6.814999999999732,4.999900748844711,0.41701782430699974,0.24409859789243588,1.500899659361086,0.06685825912291343,0.06003598637448514
6.834999999999731,9.0,6.834999999999731,4.9999007488447615,0.4170178243069303,0.2440985986419782,1.5008996600914661,0.06685825911091021,0.060035986403608466
6.854999999999731,9.0,6.854999999999731,4.999900748844811,0.41701782430698453,0.24409859943558554,1.5008996608844454,0.06685825916190832,0.06003598643540855
6.87499999999973,9.0,6.87499999999973,4.999900748844861,0.41701782430663864,0.24409860023873517,1.5008996616892825,0.06685825919301726,0.06003598646629161
6.89499999999973,9.0,6.89499999999973,4.999900748844912,0.4170178243062813,0.2440986010208717,1.5008996624625401,0.06685825924544438,0.060035986499687784
6.914999999999728,9.0,6.914999999999728,4.99990074884496,0.4170178243068338,0.24409860187052937,1.500899663331847,0.06685825930780627,0.060035986533267145
6.934999999999728,9.0,6.934999999999728,4.999900748845012,0.417017824306951,0.24409860265280683,1.5008996641040697,0.06685825929542405,0.06003598656291995
6.9549999999997265,9.0,6.9549999999997265,4.9999007488450635,0.4170178243074059,0.24409860343876089,1.5008996648791344,0.06685825933658748,0.060035986595217875
6.974999999999726,9.0,6.974999999999726,4.999900748845116,0.41701782430723944,0.24409860427889907,1.5008996657301528,0.06685825940591825,0.06003598662922847
6.994999999999725,9.0,6.994999999999725,4.999900748845163,0.4170178243068247,0.2440986050961458,1.5008996665481609,0.06685825945148524,0.060035986663193895
7.014999999999725,9.0,7.014999999999725,4.999900748845213,0.41701782430676565,0.2440986059347772,1.500899667395152,0.06685825948460694,0.06003598669588939
7.015999999999726,9.0,7.015999999999726,4.999900748845222,0.41701782430635104,0.24409860584636814,1.5008996672606234,0.06685825931609425,0.06003598669041686
7.031999999999724,9.0,7.031999999999724,4.999900748845265,0.41701782430783135,0.24409860669336955,1.5008996681679878,0.06685825962238907,0.06003598672673406
7.0519999999997225,9.0,7.0519999999997225,4.999900748845311,0.417017824306773,0.24409860743754092,1.500899668889004,0.06685825954806822,0.060035986755544654
7.071999999999723,9.0,7.071999999999723,4.99990074884536,0.41701782430686857,0.244098608287573,1.5008996697478256,0.06685825959626215,0.06003598678991749
7.091999999999722,9.0,7.091999999999722,4.9999007488454135,0.4170178243064367,0.24409860909385797,1.5008996705438193,0.06685825960589062,0.06003598682176514
7.111999999999721,9.0,7.111999999999721,4.999900748845464,0.41701782430731194,0.24409860992738136,1.5008996713767073,0.06685825965170884,0.06003598685509151
7.13199999999972,9.0,7.13199999999972,4.999900748845515,0.41701782430719303,0.2440986107677655,1.5008996722179804,0.06685825969554357,0.06003598688869389
7.1519999999997195,9.0,7.1519999999997195,4.999900748845571,0.41701782430711354,0.2440986116088253,1.5008996730594162,0.0668582597350943,0.060035986922390316
7.171999999999718,9.0,7.171999999999718,4.999900748845618,0.41701782430715123,0.24409861245188266,1.5008996739023814,0.06685825977281251,0.060035986956075774
7.191999999999718,9.0,7.191999999999718,4.999900748845672,0.417017824306894,0.2440986132981692,1.5008996747485484,0.06685825981158632,0.06003598698990864
7.211999999999716,9.0,7.211999999999716,4.9999007488457226,0.41701782430684126,0.24409861414837072,1.5008996755986892,0.06685825985172525,0.060035987023947454
7.231999999999717,9.0,7.231999999999717,4.999900748845776,0.41701782430713774,0.24409861500104418,1.5008996764513438,0.06685825989072132,0.06003598705802067
7.251999999999716,9.0,7.251999999999716,4.999900748845827,0.41701782430675455,0.24409861585589632,1.5008996773062055,0.06685825991581369,0.06003598709102228
7.271999999999714,9.0,7.271999999999714,4.999900748845882,0.41701782430643786,0.2440986166936676,1.500899678134439,0.06685825995597451,0.06003598712538212
7.2729999999997155,9.0,7.2729999999997155,4.99990074884589,0.4170178243062415,0.24409861661703042,1.5008996780151551,0.06685825980400466,0.06003598712061858
7.288999999999714,9.0,7.288999999999714,4.999900748845932,0.41701782430726164,0.24409861754548662,1.5008996790266214,0.06685826013648787,0.06003598715920067
7.308999999999713,9.0,7.308999999999713,4.999900748845979,0.4170178243077274,0.244098618300405,1.5008996797458638,0.06685826006133512,0.06003598719110787
7.328999999999713,9.0,7.328999999999713,4.999900748846032,0.4170178243075175,0.24409861922930612,1.5008996806995105,0.06685826010954636,0.060035987226699734
7.3489999999997115,9.0,7.3489999999997115,4.9999007488460805,0.4170178243069664,0.2440986200287947,1.5008996814687703,0.06685826008864279,0.060035987258754225
7.36899999999971,9.0,7.36899999999971,4.999900748846138,0.4170178243064772,0.24409862092362397,1.500899682372082,0.06685826018261762,0.06003598729618229
7.38899999999971,9.0,7.38899999999971,4.999900748846191,0.41701782430700945,0.24409862182806033,1.5008996832879902,0.06685826022625804,0.06003598733151591
7.408999999999709,9.0,7.408999999999709,4.999900748846243,0.4170178243068444,0.24409862268409083,1.5008996841335025,0.06685826023717481,0.060035987365360206
7.428999999999708,9.0,7.428999999999708,4.999900748846295,0.41701782430677103,0.24409862356608675,1.500899685014802,0.06685826028420948,0.060035987400648944
7.448999999999707,9.0,7.448999999999707,4.999900748846349,0.41701782430674356,0.2440986244571739,1.500899685906652,0.0668582603305807,0.06003598743625339
7.468999999999707,9.0,7.468999999999707,4.999900748846404,0.41701782430703377,0.24409862534773996,1.5008996867976496,0.0668582603720079,0.06003598747192648
7.488999999999706,9.0,7.488999999999706,4.999900748846459,0.4170178243068004,0.24409862624162326,1.5008996876913951,0.06685826041323427,0.06003598750771119
7.508999999999705,9.0,7.508999999999705,4.999900748846514,0.41701782430652956,0.24409862713936953,1.5008996885890562,0.06685826045439135,0.06003598754357577
7.528999999999703,9.0,7.528999999999703,4.999900748846567,0.41701782430731354,0.24409862803907184,1.5008996894887514,0.06685826049535226,0.06003598757954349
7.5299999999997045,9.0,7.5299999999997045,4.999900748846579,0.4170178243064707,0.24409862796014004,1.5008996893653066,0.06685826033587039,0.060035987574599624
7.5459999999997045,9.0,7.5459999999997045,4.999900748846623,0.4170178243072951,0.2440986288980364,1.5008996903752714,0.06685826067228566,0.06003598761502536
7.565999999999703,9.0,7.565999999999703,4.999900748846671,0.41701782430679096,0.24409862971984686,1.500899691172462,0.0668582606015172,0.06003598764821279
7.585999999999702,9.0,7.585999999999702,4.999900748846721,0.41701782430723405,0.24409863067063695,1.5008996921393698,0.06685826063101978,0.0600359876843063
7.6059999999997014,9.0,7.6059999999997014,4.999900748846776,0.41701782430749035,0.24409863151212535,1.5008996929506047,0.06685826061882151,0.06003598771805279
7.625999999999701,9.0,7.625999999999701,4.999900748846834,0.4170178243072381,0.24409863245179692,1.5008996938996133,0.06685826070326777,0.06003598775599128
7.6459999999997,9.0,7.6459999999997,4.999900748846887,0.41701782430741197,0.2440986333772337,1.5008996948273539,0.06685826074943216,0.06003598779312558
7.665999999999698,9.0,7.665999999999698,4.999900748846941,0.4170178243073722,0.24409863429963832,1.5008996957494085,0.0668582608022227,0.060035987831240416
7.685999999999699,9.0,7.685999999999699,4.999900748846998,0.4170178243072458,0.24409863524810654,1.5008996967068104,0.06685826084306884,0.06003598786822792
7.7059999999996975,9.0,7.7059999999996975,4.999900748847052,0.41701782430738316,0.2440986361546389,1.5008996976030469,0.06685826085967671,0.06003598790405407
7.725999999999696,9.0,7.725999999999696,4.999900748847107,0.41701782430776096,0.2440986370874423,1.5008996985355212,0.06685826091097379,0.06003598794140464
7.745999999999695,9.0,7.745999999999695,4.999900748847164,0.41701782430707435,0.2440986380263551,1.5008996994753456,0.0668582609600143,0.06003598797905536
7.765999999999695,9.0,7.765999999999695,4.999900748847217,0.4170178243071066,0.24409863896958187,1.5008997004187805,0.06685826100329095,0.06003598801665329
7.785999999999694,9.0,7.785999999999694,4.999900748847275,0.4170178243069373,0.24409863991232433,1.5008997013615928,0.0668582610469235,0.06003598805450845
7.786999999999695,9.0,7.786999999999695,4.999900748847284,0.4170178243070734,0.24409863983509844,1.500899701239984,0.06685826088650994,0.060035988049583947
7.8029999999996935,9.0,7.8029999999996935,4.999900748847329,0.41701782430780937,0.24409864080683055,1.5008997022834545,0.06685826122369942,0.0600359880913477
7.822999999999692,9.0,7.822999999999692,4.999900748847381,0.417017824307854,0.24409864167313178,1.5008997031251592,0.06685826114030118,0.060035988125022206
7.842999999999693,9.0,7.842999999999693,4.999900748847436,0.4170178243074832,0.24409864264660022,1.5008997041053957,0.06685826118731955,0.06003598816416068
7.862999999999691,9.0,7.862999999999691,4.99990074884749,0.4170178243072836,0.24409864357787459,1.5008997050260957,0.06685826120394239,0.06003598820109355
7.88299999999969,9.0,7.88299999999969,4.999900748847547,0.41701782430737855,0.24409864453864843,1.5008997059862645,0.06685826125620449,0.060035988239442485
7.90299999999969,9.0,7.90299999999969,4.999900748847604,0.4170178243077272,0.24409864550691987,1.500899706955531,0.06685826130659739,0.060035988278169194
7.922999999999689,9.0,7.922999999999689,4.99990074884766,0.4170178243071513,0.24409864647520202,1.5008997079241595,0.06685826135197344,0.060035988316984826
7.942999999999688,9.0,7.942999999999688,4.9999007488477165,0.41701782430717704,0.24409864744665447,1.5008997088955036,0.06685826139596948,0.06003598835582006
7.9629999999996866,9.0,7.9629999999996866,4.999900748847775,0.4170178243068521,0.2440986484233042,1.500899709871994,0.06685826144153137,0.06003598839487159
7.982999999999686,9.0,7.982999999999686,4.999900748847831,0.4170178243075871,0.24409864940182108,1.5008997108505648,0.06685826148612539,0.06003598843399313
8.002999999999686,9.0,8.002999999999686,4.99990074884789,0.417017824308111,0.24409865038432083,1.5008997118329517,0.06685826151737145,0.06003598847208282
8.022999999999685,9.0,8.022999999999685,4.999900748847944,0.4170178243074172,0.2440986513486225,1.5008997127878352,0.06685826156301043,0.06003598851151395
8.042999999999683,9.0,8.042999999999683,4.999900748848002,0.41701782430753426,0.2440986523629209,1.500899713812304,0.06685826163593969,0.060035988552524074
8.043999999999684,9.0,8.043999999999684,4.999900748848012,0.41701782430700063,0.24409865228791425,1.5008997136930522,0.06685826158421053,0.06003598855227733
8.059999999999684,9.0,8.059999999999684,4.999900748848062,0.4170178243077039,0.24409865332646385,1.5008997148164152,0.06685826183049272,0.06003598859269756
8.079999999999682,9.0,8.079999999999682,4.999900748848112,0.4170178243075603,0.24409865420438467,1.5008997156553245,0.06685826170495025,0.060035988626184866
8.099999999999682,9.0,8.099999999999682,4.999900748848166,0.4170178243073449,0.24409865522177843,1.5008997166783369,0.0668582617492062,0.060035988665889696
8.119999999999681,9.0,8.119999999999681,4.999900748848224,0.4170178243071872,0.24409865618191112,1.5008997176196885,0.06685826178963765,0.06003598870601222
8.13999999999968,9.0,8.13999999999968,4.999900748848281,0.41701782430715123,0.24409865723670685,1.5008997186940698,0.06685826187166422,0.060035988747710524
8.15999999999968,9.0,8.15999999999968,4.999900748848342,0.4170178243075126,0.2440986582255171,1.500899719674035,0.06685826188905523,0.06003598878696543
8.179999999999678,9.0,8.179999999999678,4.9999007488483995,0.41701782430781326,0.24409865923943996,1.5008997206867547,0.0668582619397862,0.060035988827518115
8.199999999999678,9.0,8.199999999999678,4.999900748848459,0.4170178243077348,0.24409866025980775,1.500899721707779,0.06685826197560259,0.06003598886706501
8.219999999999677,9.0,8.219999999999677,4.999900748848517,0.4170178243072815,0.24409866126080565,1.5008997226995875,0.06685826203827427,0.06003598890924866
8.239999999999677,9.0,8.239999999999677,4.999900748848575,0.41701782430741685,0.24409866233389932,1.5008997237922483,0.06685826209738255,0.06003598895044005
8.259999999999675,9.0,8.259999999999675,4.999900748848636,0.4170178243074901,0.24409866331934718,1.5008997247583038,0.0668582621110662,0.06003598899032964
8.279999999999674,9.0,8.279999999999674,4.999900748848692,0.41701782430754775,0.24409866437427513,1.5008997258221393,0.06685826220263297,0.06003598903416203
8.299999999999674,9.0,8.299999999999674,4.999900748848752,0.41701782430771545,0.2440986654355294,1.5008997268937536,0.0668582622482766,0.06003598907581276
8.300999999999675,9.0,8.300999999999675,4.99990074884876,0.4170178243068406,0.24409866535772679,1.5008997267698305,0.06685826186142896,0.06003598906166129
8.316999999999673,9.0,8.316999999999673,4.999900748848809,0.41701782430807005,0.24409866631545066,1.500899727760093,0.06685826233603617,0.06003598911040058
8.336999999999673,9.0,8.336999999999673,4.999900748848865,0.4170178243083711,0.24409866734584806,1.500899728795065,0.06685826235348773,0.06003598915180326
8.35699999999967,9.0,8.35699999999967,4.999900748848923,0.4170178243075149,0.24409866842084085,1.5008997298812228,0.06685826239755213,0.06003598919528857
8.376999999999672,9.0,8.376999999999672,4.999900748848981,0.4170178243071918,0.24409866944426797,1.5008997308920358,0.06685826240378123,0.06003598923567336
8.39699999999967,9.0,8.39699999999967,4.999900748849042,0.4170178243074621,0.2440986704997278,1.5008997319459352,0.0668582624584959,0.0600359892778043
8.41699999999967,9.0,8.41699999999967,4.999900748849101,0.4170178243075328,0.2440986715636637,1.5008997330108462,0.06685826251473069,0.060035989320414575
8.436999999999667,9.0,8.436999999999667,4.99990074884916,0.4170178243079294,0.2440986726292058,1.500899734076827,0.06685826256524764,0.06003598936308469
8.456999999999669,9.0,8.456999999999669,4.999900748849222,0.4170178243077322,0.24409867369689126,1.5008997351444664,0.06685826261326183,0.06003598940575706
8.476999999999666,9.0,8.476999999999666,4.999900748849281,0.41701782430804724,0.24409867476964434,1.5008997362170504,0.06685826267770906,0.060035989449901725
8.496999999999666,9.0,8.496999999999666,4.999900748849342,0.417017824307796,0.24409867586803682,1.5008997373248232,0.06685826271314967,0.06003598949173597
8.516999999999666,9.0,8.516999999999666,4.9999007488494,0.41701782430762624,0.24409867690144396,1.5008997383385994,0.06685826275145194,0.060035989534818715
8.536999999999665,9.0,8.536999999999665,4.9999007488494644,0.41701782430818696,0.24409867803220497,1.5008997394885268,0.06685826282152191,0.06003598957830441
8.556999999999665,9.0,8.556999999999665,4.999900748849525,0.41701782430774387,0.2440986790774381,1.5008997405154543,0.06685826285730395,0.06003598962185031
8.557999999999664,9.0,8.557999999999664,4.999900748849534,0.41701782430724604,0.2440986790962147,1.5008997405212523,0.06685826280071622,0.06003598962086371
8.573999999999662,9.0,8.573999999999662,4.99990074884958,0.4170178243080678,0.24409868009456986,1.5008997415671732,0.06685826299701761,0.06003598966269425
8.593999999999664,9.0,8.593999999999664,4.999900748849641,0.41701782430865086,0.24409868111478014,1.5008997425584722,0.06685826294439015,0.060035989702328756
8.613999999999661,9.0,8.613999999999661,4.999900748849697,0.41701782430798323,0.2440986822442171,1.5008997436997902,0.06685826302381404,0.06003598974802936
8.633999999999661,9.0,8.633999999999661,4.99990074884976,0.41701782430731515,0.24409868332726134,1.5008997447737686,0.06685826305107272,0.06003598979098063
8.653999999999659,9.0,8.653999999999659,4.999900748849821,0.4170178243077752,0.24409868443337132,1.5008997458794178,0.0668582631081245,0.060035989835233415
8.67399999999966,9.0,8.67399999999966,4.999900748849883,0.4170178243084167,0.24409868554844583,1.500899746995162,0.06685826316422318,0.06003598987981182
8.693999999999658,9.0,8.693999999999658,4.999900748849945,0.417017824307739,0.24409868666526122,1.5008997481122868,0.06685826323078367,0.06003598992574082
8.713999999999658,9.0,8.713999999999658,4.999900748850006,0.4170178243082186,0.24409868780773578,1.5008997492640654,0.06685826328183504,0.06003598997053538
8.733999999999657,9.0,8.733999999999657,4.999900748850066,0.41701782430779755,0.2440986889084704,1.5008997503544947,0.06685826330786322,0.06003599001419591
8.753999999999657,9.0,8.753999999999657,4.999900748850132,0.41701782430782075,0.2440986900368384,1.500899751482449,0.06685826336829885,0.06003599005936826
8.773999999999656,9.0,8.773999999999656,4.99990074885019,0.41701782430808104,0.2440986911730078,1.500899752619529,0.06685826341062893,0.060035990103530605
8.793999999999654,9.0,8.793999999999654,4.999900748850257,0.41701782430830464,0.2440986922895103,1.5008997537269098,0.06685826346268223,0.06003599014900514
8.813999999999654,9.0,8.813999999999654,4.999900748850317,0.4170178243081192,0.24409869345504032,1.500899754902585,0.06685826354204615,0.060035990196111444
8.814999999999655,9.0,8.814999999999655,4.999900748850329,0.4170178243077681,0.2440986933871782,1.500899754790587,0.06685826338195898,0.06003599019163952
8.830999999999653,9.0,8.830999999999653,4.9999007488503775,0.41701782430857726,0.24409869451531147,1.500899755989658,0.06685826371525438,0.06003599023961938
8.850999999999653,9.0,8.850999999999653,4.999900748850436,0.4170178243082474,0.24409869557929875,1.500899757028587,0.06685826363880357,0.0600359902811799
8.87099999999965,9.0,8.87099999999965,4.999900748850497,0.4170178243078643,0.2440986967509039,1.5008997582070425,0.06685826369598916,0.06003599032827259
8.89099999999965,9.0,8.89099999999965,4.999900748850557,0.4170178243076216,0.24409869788426883,1.5008997593297928,0.06685826372303602,0.06003599037320972
8.91099999999965,9.0,8.91099999999965,4.999900748850619,0.4170178243079375,0.24409869904666098,1.5008997604917227,0.06685826378538857,0.06003599041967846
8.93099999999965,9.0,8.93099999999965,4.999900748850686,0.41701782430838,0.24409870021512017,1.5008997616612088,0.06685826384422393,0.060035990466429275
8.950999999999649,9.0,8.950999999999649,4.9999007488507505,0.41701782430805934,0.24409870138763357,1.500899762833946,0.06685826389887538,0.060035990513303265
8.970999999999647,9.0,8.970999999999647,4.999900748850813,0.4170178243079505,0.2440987025627285,1.5008997640089956,0.06685826395283166,0.06003599056034584
8.990999999999648,9.0,8.990999999999648,4.999900748850876,0.4170178243076763,0.24409870374217532,1.5008997651882892,0.0668582640073436,0.06003599060753857
9.010999999999646,9.0,9.010999999999646,4.999900748850941,0.41701782430842,0.2440987049261265,1.5008997663721912,0.06685826406188772,0.0600359906548617
9.030999999999645,9.0,9.030999999999645,4.999900748851003,0.4170178243081815,0.24409870611403162,1.5008997675600657,0.06685826411740176,0.060035990702422985
9.050999999999643,9.0,9.050999999999643,4.999900748851068,0.4170178243077628,0.2440987073073243,1.5008997687532404,0.0668582641724264,0.06003599075009174
9.070999999999644,9.0,9.070999999999644,4.999900748851131,0.41701782430769735,0.2440987085047976,1.5008997699507234,0.06685826422802181,0.060035990797990435
9.071999999999644,9.0,9.071999999999644,4.9999007488511396,0.4170178243072698,0.24409870843973422,1.5008997698414857,0.06685826406919745,0.06003599079365774
9.087999999999642,9.0,9.087999999999642,4.999900748851194,0.41701782430902634,0.2440987096143496,1.5008997710876955,0.0668582644157322,0.06003599084354634
9.107999999999642,9.0,9.107999999999642,4.999900748851255,0.41701782430906953,0.2440987107355704,1.5008997721842967,0.0668582643592279,0.06003599088865474
9.127999999999641,9.0,9.127999999999641,4.999900748851316,0.4170178243080053,0.2440987119843797,1.5008997734493748,0.06685826440342817,0.06003599093680335
9.14799999999964,9.0,9.14799999999964,4.99990074885138,0.4170178243078955,0.24409871312840606,1.5008997745630142,0.06685826440511021,0.060035990982537556
9.16799999999964,9.0,9.16799999999964,4.999900748851444,0.41701782430828377,0.24409871437128416,1.5008997758152995,0.0668582645184321,0.0600359910338427
9.187999999999638,9.0,9.187999999999638,4.999900748851509,0.4170178243075733,0.24409871562155847,1.5008997770773354,0.06685826457802176,0.060035991083095624
9.20799999999964,9.0,9.20799999999964,4.999900748851575,0.4170178243079955,0.2440987168246275,1.5008997782697486,0.06685826460365572,0.060035991130765715
9.227999999999637,9.0,9.227999999999637,4.9999007488516405,0.4170178243084015,0.24409871805664382,1.5008997795009587,0.06685826466664392,0.06003599117998481
9.247999999999637,9.0,9.247999999999637,4.999900748851707,0.4170178243082783,0.24409871929558533,1.5008997807408104,0.06685826472904398,0.06003599122960224
9.267999999999635,9.0,9.267999999999635,4.99990074885177,0.41701782430839857,0.2440987205386698,1.5008997819841312,0.06685826477237908,0.06003599127806452
9.287999999999636,9.0,9.287999999999636,4.999900748851838,0.41701782430805884,0.24409872176361233,1.5008997831995878,0.06685826482976762,0.06003599132794806
9.307999999999634,9.0,9.307999999999634,4.999900748851904,0.4170178243087917,0.24409872303854804,1.5008997844846557,0.06685826491363318,0.06003599137934487
9.327999999999633,9.0,9.327999999999633,4.999900748851972,0.41701782430856954,0.24409872429286578,1.5008997857392645,0.06685826496395976,0.06003599142957247
9.328999999999635,9.0,9.328999999999635,4.999900748851982,0.4170178243077069,0.24409872423009477,1.500899785632165,0.0668582648040692,0.06003599142529753
9.344999999999633,9.0,9.344999999999633,4.999900748852034,0.4170178243077956,0.2440987254484052,1.5008997869205731,0.06685826514784345,0.060035991476854234
9.364999999999633,9.0,9.364999999999633,4.999900748852096,0.4170178243085503,0.2440987266295104,1.5008997880771764,0.06685826508082122,0.060035991523097916
9.384999999999632,9.0,9.384999999999632,4.999900748852158,0.4170178243087637,0.24409872791818157,1.50089978937295,0.06685826514352097,0.06003599157488619
9.40499999999963,9.0,9.40499999999963,4.999900748852223,0.4170178243084387,0.24409872916626016,1.500899790610473,0.06685826517404926,0.060035991624406225
9.42499999999963,9.0,9.42499999999963,4.9999007488522915,0.41701782430841805,0.24409873044383432,1.500899791887448,0.06685826524170022,0.06003599167552807
9.444999999999629,9.0,9.444999999999629,4.999900748852359,0.41701782430816225,0.24409873173011132,1.5008997931746526,0.06685826530657045,0.060035991726963285
9.464999999999629,9.0,9.464999999999629,4.999900748852423,0.41701782430816575,0.24409873301878265,1.500899794463641,0.06685826536611085,0.060035991778490956
9.484999999999626,9.0,9.484999999999626,4.999900748852495,0.41701782430853246,0.2440987343115471,1.5008997957563075,0.06685826542510015,0.060035991830182635
9.504999999999626,9.0,9.504999999999626,4.99990074885256,0.4170178243086757,0.24409873560767864,1.5008997970523845,0.06685826548528197,0.060035991882107134
9.524999999999626,9.0,9.524999999999626,4.999900748852628,0.41701782430868495,0.24409873690963033,1.5008997983541716,0.06685826554613877,0.06003599193420282
9.544999999999625,9.0,9.544999999999625,4.999900748852692,0.41701782430856454,0.24409873821875314,1.5008997996632019,0.0668582656223901,0.06003599198778048
9.564999999999625,9.0,9.564999999999625,4.999900748852763,0.4170178243083222,0.24409873955281078,1.500899801006713,0.0668582656677247,0.06003599203899164
9.584999999999622,9.0,9.584999999999622,4.999900748852831,0.41701782430835044,0.2440987408229514,1.5008998022571642,0.06685826571679239,0.06003599209153588
9.585999999999624,9.0,9.585999999999624,4.999900748852841,0.4170178243077445,0.2440987408532309,1.5008998022746185,0.06685826577068876,0.06003599209557243
9.601999999999624,9.0,9.601999999999624,4.999900748852894,0.41701782430893913,0.24409874206872947,1.5008998035521672,0.06685826587176291,0.06003599214028262
9.621999999999622,9.0,9.621999999999622,4.99990074885296,0.4170178243090765,0.24409874326287354,1.50089980469388,0.06685826581611214,0.060035992189060576
9.641999999999621,9.0,9.641999999999621,4.999900748853025,0.4170178243083598,0.24409874466755793,1.5008998061289953,0.06685826593891378,0.06003599224515555
9.66199999999962,9.0,9.66199999999962,4.9999007488530935,0.41701782430872075,0.24409874596133455,1.5008998074050224,0.06685826595022082,0.060035992296248966
9.68199999999962,9.0,9.68199999999962,4.999900748853163,0.41701782430850093,0.24409874730075262,1.5008998087429986,0.06685826602103984,0.06003599234968177
9.701999999999618,9.0,9.701999999999618,4.999900748853229,0.41701782430941536,0.2440987486500343,1.5008998100937574,0.06685826609195696,0.06003599240375711
9.721999999999618,9.0,9.721999999999618,4.999900748853301,0.41701782430899803,0.24409875000256945,1.5008998114467627,0.06685826611074139,0.06003599245409717
9.741999999999617,9.0,9.741999999999617,4.999900748853368,0.41701782430930234,0.2440987512928819,1.500899812708742,0.06685826618715478,0.06003599250957689
9.761999999999617,9.0,9.761999999999617,4.999900748853438,0.417017824309287,0.24409875274753068,1.500899814203351,0.06685826632896893,0.060035992568114274
9.781999999999616,9.0,9.781999999999616,4.999900748853507,0.41701782430954903,0.24409875408946774,1.500899815536033,0.0668582663431249,0.06003599262145851
9.801999999999614,9.0,9.801999999999614,4.999900748853576,0.41701782430940554,0.24409875545422702,1.500899816897331,0.06685826640002053,0.060035992675893345
9.821999999999614,9.0,9.821999999999614,4.999900748853647,0.4170178243087853,0.2440987568299039,1.5008998182731,0.066858266467862,0.06003599273091958
9.841999999999613,9.0,9.841999999999613,4.999900748853714,0.41701782430821493,0.24409875821215132,1.5008998196556491,0.06685826653474185,0.06003599278623603
9.842999999999615,9.0,9.842999999999615,4.999900748853726,0.41701782430794265,0.24409875815682208,1.5008998195560272,0.06685826637613908,0.0600359927822388
9.858999999999613,9.0,9.858999999999613,4.999900748853783,0.4170178243094993,0.24409875947996745,1.5008998209510884,0.06685826672939313,0.06003599283804783
9.87899999999961,9.0,9.87899999999961,4.999900748853848,0.4170178243087694,0.24409876078599965,1.500899822232457,0.0668582666656305,0.060035992889289055
9.898999999999612,9.0,9.898999999999612,4.999900748853916,0.4170178243090002,0.24409876219963064,1.5008998236528714,0.06685826673346858,0.060035992946120026
9.91899999999961,9.0,9.91899999999961,4.9999007488539835,0.4170178243086331,0.24409876357675264,1.500899825019216,0.06685826677103095,0.06003599300077264
9.93899999999961,9.0,9.93899999999961,4.999900748854054,0.41701782430854223,0.2440987649824982,1.5008998264245228,0.06685826684363869,0.06003599305694436
9.958999999999609,9.0,9.958999999999609,4.999900748854124,0.4170178243087043,0.24409876639749944,1.5008998278404657,0.0668582669147903,0.06003599311356231
9.978999999999608,9.0,9.978999999999608,4.9999007488541976,0.4170178243088869,0.2440987678138293,1.5008998292571234,0.06685826698020643,0.06003599317025162
9.998999999999608,9.0,9.998999999999608,4.999900748854269,0.41701782430922846,0.24409876923667662,1.5008998306797638,0.06685826704665751,0.060035993227211315
10.018999999999608,9.0,10.018999999999608,4.99990074885434,0.4170178243089601,0.24409877066350144,1.500899832106544,0.06685826711267018,0.060035993284319196
10.038999999999605,9.0,10.038999999999605,4.99990074885441,0.41701782430909656,0.24409877209660633,1.500899833539529,0.06685826717859335,0.06003599334157224
10.058999999999605,9.0,10.058999999999605,4.999900748854482,0.41701782430872936,0.24409877353380913,1.5008998349767277,0.06685826723057484,0.06003599339785014
10.078999999999603,9.0,10.078999999999603,4.999900748854553,0.41701782430911566,0.2440987749562406,1.500899836389579,0.06685826729797152,0.06003599345559929
10.098999999999602,9.0,10.098999999999602,4.999900748854624,0.4170178243086144,0.24409877642988426,1.5008998378734388,0.06685826740616133,0.06003599351616302
10.099999999999605,9.0,10.099999999999605,4.999900748854637,0.4170178243083785,0.24409877646088782,1.5008998378904719,0.06685826734167905,0.060035993515655854
10.115999999999604,9.0,10.115999999999604,4.999900748854698,0.41701782430919154,0.24409877772334096,1.5008998391884507,0.06685826750847851,0.06003599356751778
10.135999999999601,9.0,10.135999999999601,4.9999007488547615,0.4170178243093927,0.24409877910811872,1.500899840545004,0.06685826749814432,0.06003599362300645
10.155999999999601,9.0,10.155999999999601,4.999900748854829,0.4170178243090036,0.2440987806264378,1.5008998420865227,0.06685826758710585,0.06003599368223345
10.1759999999996,9.0,10.1759999999996,4.999900748854901,0.4170178243087678,0.24409878202999616,1.5008998434617815,0.06685826762011353,0.060035993739695294
10.195999999999598,9.0,10.195999999999598,4.9999007488549765,0.4170178243090357,0.24409878355064063,1.5008998450011748,0.06685826772873843,0.060035993800063796
10.2159999999996,9.0,10.2159999999996,4.999900748855047,0.4170178243091958,0.2440987850110003,1.5008998464533834,0.0668582677569169,0.060035993856890485
10.235999999999596,9.0,10.235999999999596,4.999900748855119,0.41701782430955914,0.2440987864741255,1.5008998479062163,0.06685826784370504,0.06003599391749333
10.255999999999597,9.0,10.255999999999597,4.999900748855191,0.41701782430927825,0.24409878801298093,1.5008998494652606,0.06685826794286841,0.06003599397862204
10.275999999999597,9.0,10.275999999999597,4.999900748855267,0.4170178243096347,0.24409878948802605,1.500899850930561,0.06685826797882602,0.06003599403720587
10.295999999999594,9.0,10.295999999999594,4.99990074885534,0.4170178243093096,0.24409879098714005,1.5008998524283652,0.066858268049774,0.060035994097100684
10.315999999999594,9.0,10.315999999999594,4.99990074885541,0.4170178243098282,0.24409879249853014,1.5008998539402076,0.06685826812467911,0.06003599415753322
10.335999999999594,9.0,10.335999999999594,4.999900748855488,0.41701782430877615,0.24409879401244866,1.500899855454513,0.06685826818124327,0.06003599421692974
10.355999999999593,9.0,10.355999999999593,4.999900748855559,0.417017824309401,0.24409879550912095,1.5008998569416936,0.06685826825160139,0.06003599427772864
10.356999999999594,9.0,10.356999999999594,4.999900748855569,0.41701782430883383,0.2440987954660995,1.5008998568557947,0.06685826810094049,0.060035994274249466
10.372999999999593,9.0,10.372999999999593,4.99990074885563,0.41701782431004275,0.2440987969251382,1.500899858397989,0.06685826848615012,0.060035994335940916
10.392999999999592,9.0,10.392999999999592,4.9999007488556995,0.41701782430990963,0.24409879836822168,1.500899859815033,0.06685826839840489,0.060035994391292126
10.41299999999959,9.0,10.41299999999959,4.999900748855771,0.41701782430948664,0.24409879989684727,1.500899861339098,0.06685826848152261,0.060035994454789396
10.432999999999591,9.0,10.432999999999591,4.999900748855845,0.41701782431004614,0.24409880145724439,1.5008998629080994,0.06685826853698182,0.060035994515092644
10.452999999999587,9.0,10.452999999999587,4.99990074885592,0.4170178243090182,0.24409880295946576,1.5008998643905145,0.06685826858427024,0.06003599457559609
10.472999999999589,9.0,10.472999999999589,4.999900748855993,0.4170178243096404,0.24409880453662944,1.5008998659776625,0.0668582686917232,0.060035994639120585
10.492999999999588,9.0,10.492999999999588,4.999900748856071,0.417017824309282,0.2440988060987522,1.500899867541071,0.06685826877607563,0.060035994702873324
10.512999999999586,9.0,10.512999999999586,4.999900748856144,0.4170178243099057,0.2440988076832825,1.5008998691342876,0.06685826884318502,0.06003599476533157
10.532999999999586,9.0,10.532999999999586,4.99990074885622,0.41701782430929196,0.2440988092290504,1.5008998706693746,0.06685826888870017,0.060035994826732594
10.552999999999585,9.0,10.552999999999585,4.999900748856296,0.4170178243090647,0.2440988108043564,1.5008998722442695,0.06685826897042031,0.060035994889799875
10.572999999999585,9.0,10.572999999999585,4.99990074885637,0.41701782430925827,0.24409881238967168,1.500899873830483,0.06685826904926816,0.06003599495321775
10.592999999999584,9.0,10.592999999999584,4.999900748856445,0.41701782430925455,0.24409881397792701,1.5008998754190574,0.06685826912318217,0.06003599501679454
10.612999999999582,9.0,10.612999999999582,4.999900748856523,0.41701782430944917,0.24409881557219223,1.5008998770131738,0.066858269211038,0.0600359950817815
10.613999999999583,9.0,10.613999999999583,4.999900748856532,0.41701782430912704,0.2440988156116393,1.5008998770382023,0.06685826914746822,0.060035995081531714
10.629999999999582,9.0,10.629999999999582,4.99990074885659,0.4170178243095882,0.24409881699214206,1.5008998784553906,0.06685826933084711,0.060035995138211735
10.649999999999583,9.0,10.649999999999583,4.999900748856664,0.41701782430958184,0.24409881852273516,1.5008998799580433,0.06685826931422496,0.06003599519835426
10.669999999999579,9.0,10.669999999999579,4.999900748856741,0.4170178243095317,0.24409882016734544,1.5008998816162573,0.06685826942440087,0.060035995264699896
10.68999999999958,9.0,10.68999999999958,4.999900748856815,0.41701782430948797,0.24409882176416584,1.5008998832044442,0.06685826947522636,0.060035995328199906
10.70999999999958,9.0,10.70999999999958,4.999900748856894,0.4170178243091959,0.24409882338653774,1.5008998848262045,0.0668582695554971,0.06003599539306978
10.729999999999578,9.0,10.729999999999578,4.999900748856968,0.4170178243096024,0.24409882501786415,1.5008998864581886,0.06685826963507979,0.06003599545834143
10.749999999999577,9.0,10.749999999999577,4.999900748857045,0.41701782430983225,0.24409882665322918,1.5008998880937687,0.0668582697110107,0.060035995523777655
10.769999999999575,9.0,10.769999999999575,4.999900748857123,0.41701782430973217,0.2440988282946814,1.5008998897351076,0.06685826978599994,0.06003599558936772
10.789999999999576,9.0,10.789999999999576,4.9999007488572,0.41701782431016565,0.2440988299416856,1.5008998913819869,0.0668582698628455,0.06003599565531469
10.809999999999576,9.0,10.809999999999576,4.999900748857278,0.4170178243092616,0.24409883159587853,1.5008998930360606,0.06685826993957779,0.06003599572144622
10.829999999999574,9.0,10.829999999999574,4.999900748857357,0.41701782430969875,0.2440988332550016,1.5008998946951628,0.06685827001652571,0.06003599578783872
10.849999999999573,9.0,10.849999999999573,4.999900748857433,0.4170178243097013,0.2440988349210818,1.500899896361155,0.06685827007918954,0.060035995853223674
10.869999999999573,9.0,10.869999999999573,4.9999007488575105,0.41701782431008816,0.24409883657146525,1.500899898002027,0.06685827017129978,0.06003599592133339
10.870999999999572,9.0,10.870999999999572,4.999900748857519,0.4170178243094538,0.24409883662032178,1.5008998980379584,0.06685827000605025,0.06003599591693398
10.88699999999957,9.0,10.88699999999957,4.999900748857583,0.4170178243099074,0.24409883805661475,1.500899899508941,0.06685827030185455,0.06003599598032448
10.906999999999572,9.0,10.906999999999572,4.99990074885766,0.41701782430993983,0.24409883969536394,1.5008999011321953,0.06685827031479752,0.06003599604534327
10.926999999999572,9.0,10.926999999999572,4.999900748857736,0.4170178243099134,0.24409884141747354,1.5008999028670205,0.06685827041356088,0.06003599611465529
10.94699999999957,9.0,10.94699999999957,4.999900748857813,0.4170178243101499,0.24409884308893673,1.5008999045283824,0.06685827044765881,0.060035996179929246
10.966999999999569,9.0,10.966999999999569,4.999900748857893,0.4170178243104893,0.24409884476847216,1.500899906197477,0.06685827053218006,0.060035996247910096
10.986999999999567,9.0,10.986999999999567,4.999900748857971,0.41701782430938533,0.24409884650378905,1.5008999079437835,0.06685827064329962,0.06003599631776668
11.006999999999568,9.0,11.006999999999568,4.999900748858051,0.417017824309319,0.24409884822014566,1.5008999096607663,0.06685827071543118,0.060035996386414346
11.026999999999568,9.0,11.026999999999568,4.999900748858128,0.41701782430957285,0.24409884993868197,1.500899911378244,0.06685827078971288,0.06003599645514743
11.046999999999565,9.0,11.046999999999565,4.99990074885821,0.41701782430949697,0.24409885166670867,1.5008999131057825,0.06685827087009348,0.06003599652425892
11.066999999999565,9.0,11.066999999999565,4.99990074885829,0.4170178243097125,0.2440988534013008,1.5008999148403572,0.06685827095113178,0.06003599659363571
11.086999999999565,9.0,11.086999999999565,4.999900748858369,0.4170178243095587,0.24409885514233648,1.5008999165813672,0.06685827103208872,0.060035996663269864
11.106999999999562,9.0,11.106999999999562,4.999900748858449,0.4170178243099408,0.24409885689037172,1.5008999183293257,0.06685827111304288,0.06003599673315391
11.126999999999562,9.0,11.126999999999562,4.99990074885853,0.41701782430963624,0.24409885864345462,1.500899920082387,0.066858271194651,0.06003599680334583
11.127999999999563,9.0,11.127999999999563,4.999900748858541,0.417017824309292,0.24409885860683198,1.5008999200014022,0.06685827125491765,0.06003599680918149
11.143999999999561,9.0,11.143999999999561,4.999900748858606,0.4170178243100136,0.24409886029289113,1.5008999217863364,0.06685827145783076,0.06003599687146612
11.163999999999561,9.0,11.163999999999561,4.999900748858683,0.41701782431051315,0.24409886190874427,1.5008999233497682,0.06685827131498503,0.06003599693268668
11.18399999999956,9.0,11.18399999999956,4.999900748858759,0.41701782431003875,0.24409886367493347,1.5008999251110058,0.06685827143058183,0.06003599700561561
11.203999999999558,9.0,11.203999999999558,4.99990074885884,0.4170178243097101,0.2440988654786265,1.5008999269260552,0.0668582715105018,0.0600359970758402
11.22399999999956,9.0,11.22399999999956,4.999900748858921,0.4170178243101702,0.2440988672198222,1.5008999286482176,0.06685827156906426,0.06003599714598502
11.24399999999956,9.0,11.24399999999956,4.999900748859002,0.4170178243099058,0.24409886903810746,1.500899930476243,0.06685827170038434,0.060035997220290654
11.263999999999557,9.0,11.263999999999557,4.999900748859083,0.417017824309852,0.24409887086125195,1.50089993231008,0.06685827176551726,0.06003599729118007
11.283999999999557,9.0,11.283999999999557,4.999900748859165,0.41701782431038337,0.24409887261990001,1.500899934048224,0.06685827183179832,0.06003599736312624
11.303999999999554,9.0,11.303999999999554,4.999900748859249,0.4170178243101665,0.24409887447712755,1.500899935924375,0.06685827194958775,0.06003599743698231
11.323999999999554,9.0,11.323999999999554,4.999900748859329,0.41701782431051776,0.24409887627559107,1.5008999377137942,0.0668582720050769,0.06003599750850737
11.343999999999554,9.0,11.343999999999554,4.999900748859409,0.417017824310386,0.2440988780998612,1.50089993953703,0.06685827209378613,0.06003599758152128
11.363999999999553,9.0,11.363999999999553,4.999900748859495,0.41701782431071194,0.24409887993489499,1.5008999413726019,0.0668582721676857,0.060035997653641635
11.383999999999553,9.0,11.383999999999553,4.999900748859577,0.4170178243103811,0.2440988817531867,1.5008999431817256,0.06685827225329408,0.06003599772725252
11.384999999999552,9.0,11.384999999999552,4.999900748859586,0.41701782430989376,0.2440988817256338,1.5008999431115175,0.06685827199439906,0.06003599771990444
11.400999999999552,9.0,11.400999999999552,4.999900748859656,0.41701782431019113,0.2440988834083712,1.5008999448636084,0.06685827247292121,0.06003599779458628
11.42099999999955,9.0,11.42099999999955,4.9999007488597345,0.4170178243106144,0.24409888520800452,1.5008999466510073,0.066858272456837,0.06003599786600154
11.440999999999551,9.0,11.440999999999551,4.9999007488598135,0.41701782431068857,0.24409888708422767,1.5008999485333185,0.06685827253254985,0.06003599794133817
11.46099999999955,9.0,11.46099999999955,4.999900748859898,0.4170178243107891,0.2440988889208045,1.5008999503576512,0.06685827258421544,0.060035998014331966
11.480999999999549,9.0,11.480999999999549,4.99990074885998,0.4170178243100055,0.24409889079340885,1.5008999522292865,0.06685827267996376,0.06003599808916652
11.500999999999548,9.0,11.500999999999548,4.999900748860064,0.4170178243102137,0.24409889267686005,1.500899954113806,0.06685827280435062,0.060035998167094845
11.520999999999546,9.0,11.520999999999546,4.999900748860148,0.4170178243104626,0.24409889460841136,1.5008999560645846,0.06685827289129583,0.06003599824254065
11.540999999999546,9.0,11.540999999999546,4.999900748860232,0.4170178243103377,0.24409889645430988,1.500899957889892,0.06685827292641333,0.06003599831563911
11.560999999999545,9.0,11.560999999999545,4.999900748860317,0.41701782431014595,0.244098898357236,1.5008999597918913,0.06685827302943075,0.06003599839162207
11.580999999999545,9.0,11.580999999999545,4.9999007488604,0.4170178243105875,0.2440989002702804,1.500899961706928,0.06685827312705409,0.0600359984682094
11.600999999999544,9.0,11.600999999999544,4.999900748860484,0.41701782431039514,0.24409890218625413,1.5008999636234155,0.06685827321670836,0.06003599854496761
11.620999999999544,9.0,11.620999999999544,4.99990074886057,0.417017824310695,0.24409890410991,1.5008999655468092,0.06685827330438819,0.06003599862184009
11.640999999999542,9.0,11.640999999999542,4.999900748860657,0.41701782431048956,0.2440989060393633,1.5008999674761767,0.06685827339337545,0.06003599869904378
11.641999999999545,9.0,11.641999999999545,4.999900748860671,0.4170178243102187,0.24409890601101075,1.5008999674036199,0.06685827312677918,0.06003599869158675
11.657999999999543,9.0,11.657999999999543,4.999900748860737,0.4170178243108492,0.2440989077433474,1.5008999691938127,0.06685827358277745,0.06003599876773064
11.677999999999539,9.0,11.677999999999539,4.999900748860814,0.41701782431079804,0.2440989096364723,1.5008999710763198,0.06685827358629416,0.06003599884301353
11.69799999999954,9.0,11.69799999999954,4.9999007488609,0.41701782431097834,0.24409891160679006,1.500899973054627,0.06685827367205453,0.06003599892217549
11.71799999999954,9.0,11.71799999999954,4.999900748860983,0.4170178243109303,0.24409891353669824,1.500899974972605,0.0668582737281474,0.060035998998919766
11.737999999999538,9.0,11.737999999999538,4.999900748861071,0.41701782431018725,0.24409891550002955,1.5008999769349478,0.0668582738265872,0.06003599907740869
11.757999999999537,9.0,11.757999999999537,4.999900748861157,0.4170178243105098,0.24409891747571516,1.500899978911543,0.06685827392444094,0.06003599915642748
11.777999999999537,9.0,11.777999999999537,4.9999007488612435,0.41701782431046486,0.2440989194562246,1.500899980892418,0.0668582740168888,0.06003599923566978
11.797999999999536,9.0,11.797999999999536,4.9999007488613305,0.41701782430999795,0.24409892144418321,1.500899982880223,0.0668582741083646,0.060035999315155845
11.817999999999536,9.0,11.817999999999536,4.999900748861418,0.4170178243109982,0.24409892343826636,1.5008999848742226,0.06685827421595282,0.06003599939625495
11.837999999999534,9.0,11.837999999999534,4.999900748861504,0.4170178243103615,0.24409892546301992,1.5008999869082116,0.06685827430840591,0.06003599947629435
11.857999999999533,9.0,11.857999999999533,4.999900748861592,0.4170178243104078,0.24409892744751827,1.5008999888824759,0.06685827436065926,0.0600359995540861
11.877999999999533,9.0,11.877999999999533,4.999900748861679,0.41701782431051104,0.24409892944210856,1.5008999908671432,0.06685827446159115,0.06003599963469498
11.89799999999953,9.0,11.89799999999953,4.999900748861765,0.41701782431082873,0.24409893149336764,1.5008999929295144,0.0668582746023561,0.06003599971846454
11.898999999999534,9.0,11.898999999999534,4.999900748861775,0.41701782431046563,0.24409893155422027,1.5008999929761693,0.06685827432009399,0.060035999709928824
11.914999999999532,9.0,11.914999999999532,4.9999007488618465,0.41701782431182816,0.24409893321770593,1.5008999946487618,0.0668582746740565,0.060035999785901205
11.934999999999532,9.0,11.934999999999532,4.999900748861929,0.4170178243114876,0.244098935246591,1.5008999966771226,0.06685827477063268,0.06003599986835443
11.95499999999953,9.0,11.95499999999953,4.999900748862017,0.4170178243110103,0.24409893735154883,1.5008999988072627,0.06685827487082702,0.060035999951033744
11.974999999999529,9.0,11.974999999999529,4.999900748862105,0.41701782431105977,0.2440989393332364,1.5009000007583766,0.06685827490323981,0.060036000030354496
11.994999999999528,9.0,11.994999999999528,4.999900748862195,0.4170178243105374,0.24409894141700383,1.5009000028504933,0.06685827505248917,0.060036000115297736
12.014999999999528,9.0,12.014999999999528,4.999900748862282,0.41701782431081996,0.24409894351281983,1.500900004957822,0.06685827515097818,0.06003600019830357
12.034999999999528,9.0,12.034999999999528,4.999900748862374,0.4170178243107308,0.24409894556437797,1.500900006998772,0.06685827521662206,0.06003600027993246
12.054999999999525,9.0,12.054999999999525,4.999900748862459,0.4170178243110126,0.24409894764744147,1.5009000090810332,0.06685827531996136,0.0600360003632745
12.074999999999525,9.0,12.074999999999525,4.99990074886255,0.41701782431104617,0.24409894974277171,1.5009000111771673,0.06685827542229285,0.06003600044708776
12.094999999999525,9.0,12.094999999999525,4.999900748862638,0.4170178243112158,0.24409895184503727,1.5009000132796892,0.06685827552015522,0.06003600053114954
12.114999999999522,9.0,12.114999999999522,4.99990074886273,0.41701782431074363,0.24409895395306594,1.500900015387624,0.06685827561687202,0.060036000615473525
12.134999999999522,9.0,12.134999999999522,4.999900748862823,0.4170178243104256,0.2440989560675451,1.5009000175019838,0.06685827571461811,0.06003600070010554
12.154999999999523,9.0,12.154999999999523,4.999900748862911,0.4170178243109501,0.24409895819088986,1.5009000196251912,0.0668582758132256,0.060036000785025405
12.155999999999523,9.0,12.155999999999523,4.999900748862925,0.4170178243106931,0.2440989581730485,1.5009000195628726,0.06685827565629711,0.06003600078250793
12.171999999999521,9.0,12.171999999999521,4.999900748862999,0.41701782431140144,0.2440989600929767,1.5009000215547514,0.06685827603731018,0.060036000862139484
12.19199999999952,9.0,12.19199999999952,4.999900748863079,0.4170178243118194,0.24409896214569618,1.5009000235828494,0.06685827600878355,0.060036000943332654
12.211999999999518,9.0,12.211999999999518,4.999900748863171,0.4170178243115105,0.24409896430956587,1.5009000257533756,0.06685827611160788,0.06003600103017909
12.23199999999952,9.0,12.23199999999952,4.999900748863261,0.4170178243112736,0.2440989664404123,1.500900027873415,0.06685827618362704,0.06003600111490513
12.25199999999952,9.0,12.25199999999952,4.999900748863351,0.4170178243113261,0.24409896860273847,1.5009000300352848,0.06685827629234156,0.06003600120141441
12.271999999999517,9.0,12.271999999999517,4.999900748863442,0.41701782431147233,0.24409897077527876,1.5009000322087518,0.06685827639863967,0.06003600128839966
12.291999999999517,9.0,12.291999999999517,4.999900748863536,0.41701782431140133,0.24409897295657196,1.5009000343901926,0.06685827649973623,0.06003600137555373
12.311999999999516,9.0,12.311999999999516,4.999900748863628,0.4170178243117911,0.2440989751422747,1.5009000365758955,0.06685827661503303,0.06003600146429906
12.331999999999514,9.0,12.331999999999514,4.9999007488637215,0.417017824311019,0.2440989773573916,1.5009000388002376,0.06685827671655963,0.06003600155207912
12.351999999999514,9.0,12.351999999999514,4.999900748863811,0.41701782431138096,0.24409897953731405,1.500900040969707,0.06685827677733974,0.0600360016375094
12.371999999999513,9.0,12.371999999999513,4.999900748863902,0.41701782431134327,0.24409898172824354,1.500900043150816,0.06685827688870491,0.06003600172603228
12.391999999999513,9.0,12.391999999999513,4.999900748863996,0.4170178243113844,0.24409898397302993,1.5009000454068349,0.06685827703666762,0.06003600181751627
12.411999999999512,9.0,12.411999999999512,4.999900748864089,0.41701782431148265,0.24409898622329626,1.5009000476669827,0.06685827713231268,0.06003600190665782
12.412999999999512,9.0,12.412999999999512,4.9999007488641,0.41701782431056533,0.24409898620505674,1.5009000476025205,0.06685827685799547,0.060036001899523475
12.42899999999951,9.0,12.42899999999951,4.999900748864177,0.4170178243114473,0.24409898814807998,1.5009000495912783,0.06685827729284698,0.06003600198365379
12.448999999999511,9.0,12.448999999999511,4.999900748864265,0.4170178243119593,0.24409899034389382,1.5009000517776363,0.06685827732587765,0.06003600207110049
12.468999999999511,9.0,12.468999999999511,4.999900748864355,0.41701782431120427,0.24409899261918297,1.500900054062979,0.0668582774332196,0.06003600216253631
12.488999999999509,9.0,12.488999999999509,4.999900748864446,0.41701782431159523,0.24409899485253664,1.5009000562848303,0.06685827750293503,0.06003600225140167
12.508999999999508,9.0,12.508999999999508,4.999900748864546,0.417017824311333,0.24409899712096342,1.5009000585521326,0.06685827761428395,0.06003600234202747
12.528999999999508,9.0,12.528999999999508,4.99990074886464,0.41701782431157725,0.24409899939935734,1.500900060831451,0.06685827772524926,0.06003600243322112
12.548999999999506,9.0,12.548999999999506,4.999900748864734,0.41701782431161966,0.24409900168454662,1.5009000631168798,0.06685827783218101,0.06003600252468617
12.568999999999505,9.0,12.568999999999505,4.9999007488648255,0.4170178243116611,0.2440990039788923,1.500900065411062,0.06685827795280166,0.0600360026176585
12.588999999999505,9.0,12.588999999999505,4.999900748864925,0.41701782431192014,0.2440990063035575,1.500900067745034,0.0668582780599548,0.060036002709804165
12.608999999999504,9.0,12.608999999999504,4.999900748865019,0.41701782431196055,0.24409900858998065,1.500900070021137,0.06685827812535362,0.06003600279958603
12.628999999999504,9.0,12.628999999999504,4.999900748865116,0.4170178243119317,0.2440990108872242,1.5009000723084815,0.06685827824094058,0.06003600289236078
12.648999999999502,9.0,12.648999999999502,4.999900748865209,0.4170178243122394,0.24409901324281952,1.5009000746751624,0.06685827838049477,0.060036002986990564
12.668999999999501,9.0,12.668999999999501,4.999900748865306,0.4170178243117246,0.24409901558023167,1.5009000770131746,0.06685827848130699,0.060036003080538185
12.6699999999995,9.0,12.6699999999995,4.9999007488653175,0.41701782431150447,0.24409901557275537,1.5009000769610286,0.06685827832377551,0.060036003078425076
12.685999999999503,9.0,12.685999999999503,4.999900748865392,0.4170178243125492,0.24409901765996125,1.5009000791188063,0.06685827870684931,0.06003600316475293
12.7059999999995,9.0,12.7059999999995,4.999900748865486,0.4170178243119807,0.24409901992759112,1.5009000813617597,0.06685827868860368,0.06003600325448251
12.7259999999995,9.0,12.7259999999995,4.9999007488655804,0.417017824311816,0.24409902230849637,1.5009000837494963,0.06685827880297732,0.06003600335000799
12.745999999999498,9.0,12.745999999999498,4.999900748865678,0.4170178243118283,0.24409902465389502,1.5009000860842945,0.06685827888486558,0.06003600344339017
12.765999999999497,9.0,12.765999999999497,4.999900748865773,0.41701782431215006,0.2440990270339663,1.500900088463751,0.0668582790030959,0.06003600353850284
12.785999999999497,9.0,12.785999999999497,4.999900748865872,0.41701782431219064,0.2440990294246026,1.5009000908553718,0.0668582791190324,0.060036003634166696
12.805999999999496,9.0,12.805999999999496,4.999900748865967,0.4170178243120454,0.24409903182133053,1.500900093252313,0.066858279215856,0.06003600372885976
12.825999999999496,9.0,12.825999999999496,4.9999007488660645,0.4170178243115796,0.2440990342063422,1.500900095627665,0.06685827932703811,0.06003600382509191
12.845999999999496,9.0,12.845999999999496,4.999900748866166,0.4170178243121333,0.24409903664531968,1.500900098076797,0.06685827946569059,0.06003600392310743
12.865999999999493,9.0,12.865999999999493,4.9999007488662635,0.41701782431227025,0.24409903906979602,1.5009001005014877,0.06685827958475218,0.060036004021297946
12.885999999999493,9.0,12.885999999999493,4.999900748866361,0.4170178243122298,0.2440990415225572,1.5009001029625524,0.06685827969312064,0.06003600411852395
12.90599999999949,9.0,12.90599999999949,4.999900748866461,0.4170178243125847,0.24409904394032564,1.5009001053696418,0.06685827977937969,0.06003600421475738
12.92599999999949,9.0,12.92599999999949,4.99990074886656,0.4170178243119064,0.2440990463916876,1.5009001078205908,0.06685827990120438,0.060036004312766206
12.926999999999493,9.0,12.926999999999493,4.999900748866572,0.41701782431153095,0.24409904639044977,1.5009001077752129,0.06685827974697671,0.06003600431101031
12.942999999999492,9.0,12.942999999999492,4.999900748866652,0.4170178243126438,0.24409904857382111,1.500900110031859,0.06685828014523358,0.06003600440133907
12.96299999999949,9.0,12.96299999999949,4.999900748866747,0.41701782431270507,0.24409905095877865,1.5009001123918837,0.0668582801463702,0.060036004496947
12.982999999999489,9.0,12.982999999999489,4.999900748866844,0.4170178243124191,0.2440990534752521,1.5009001149244194,0.06685828026292925,0.060036004597010736
13.002999999999489,9.0,13.002999999999489,4.99990074886694,0.4170178243121987,0.24409905591263303,1.500900117340707,0.06685828032335274,0.06003600469363497
13.022999999999488,9.0,13.022999999999488,4.999900748867044,0.41701782431239426,0.24409905840861124,1.5009001198357574,0.06685828044053085,0.06003600479218006
13.042999999999488,9.0,13.042999999999488,4.9999007488671445,0.41701782431197576,0.24409906089567554,1.5009001223154073,0.0668582805673018,0.06003600489267851
13.062999999999487,9.0,13.062999999999487,4.999900748867245,0.41701782431222184,0.24409906343671006,1.5009001248671099,0.06685828069537078,0.06003600499338177
13.082999999999485,9.0,13.082999999999485,4.999900748867347,0.41701782431198464,0.244099065937511,1.5009001273587446,0.06685828080349528,0.0600360050943854
13.102999999999485,9.0,13.102999999999485,4.999900748867447,0.417017824312522,0.2440990684935496,1.50090012992366,0.06685828095652713,0.060036005198151776
13.122999999999482,9.0,13.122999999999482,4.99990074886755,0.41701782431185774,0.24409907105668951,1.5009001324962437,0.06685828106659346,0.06003600529984857
13.142999999999482,9.0,13.142999999999482,4.999900748867652,0.4170178243119951,0.24409907358300623,1.5009001350111713,0.06685828115522942,0.060036005400480326
13.162999999999483,9.0,13.162999999999483,4.999900748867752,0.4170178243122875,0.2440990761450175,1.5009001375724573,0.06685828128168589,0.06003600550286845
13.182999999999481,9.0,13.182999999999481,4.999900748867854,0.4170178243123365,0.24409907871883008,1.5009001401472544,0.06685828142073112,0.06003600560706843
13.183999999999482,9.0,13.183999999999482,4.999900748867866,0.4170178243119987,0.24409907880687476,1.5009001402211422,0.06685828135978132,0.060036005608831856
13.19999999999948,9.0,13.19999999999948,4.999900748867951,0.4170178243127427,0.24409908097290312,1.5009001424239272,0.06685828157968544,0.060036005696914224
13.21999999999948,9.0,13.21999999999948,4.999900748868044,0.4170178243129928,0.24409908348712228,1.5009001449101569,0.06685828160829328,0.06003600579641514
13.23999999999948,9.0,13.23999999999948,4.999900748868146,0.4170178243127307,0.24409908611922748,1.5009001475557535,0.06685828176339628,0.060036005902191346
13.25999999999948,9.0,13.25999999999948,4.999900748868251,0.4170178243128484,0.24409908870596023,1.5009001501338395,0.0668582818604113,0.060036006005350376
13.279999999999477,9.0,13.279999999999477,4.999900748868356,0.41701782431289214,0.24409909132455593,1.5009001527516757,0.06685828198795626,0.060036006110070775
13.299999999999477,9.0,13.299999999999477,4.999900748868458,0.4170178243123985,0.24409909395271198,1.5009001553805976,0.06685828209847175,0.06003600621400425
13.319999999999476,9.0,13.319999999999476,4.999900748868561,0.4170178243127736,0.24409909656825476,1.5009001579867718,0.06685828222142812,0.060036006319539974
13.339999999999474,9.0,13.339999999999474,4.999900748868664,0.41701782431260315,0.2440990992401746,1.5009001606687669,0.06685828237061428,0.0600360064268101
13.359999999999474,9.0,13.359999999999474,4.999900748868769,0.4170178243122427,0.24409910189808848,1.500900163326916,0.0668582824853585,0.06003600653306371
13.379999999999475,9.0,13.379999999999475,4.999900748868876,0.4170178243127896,0.24409910456370335,1.5009001659913894,0.06685828260382701,0.060036006639602686
13.399999999999473,9.0,13.399999999999473,4.999900748868982,0.41701782431283224,0.24409910723897144,1.5009001686662822,0.06685828272795882,0.060036006746672047
13.419999999999472,9.0,13.419999999999472,4.999900748869087,0.41701782431319173,0.24409910992665065,1.5009001713537684,0.06685828285381722,0.06003600685416504
13.43999999999947,9.0,13.43999999999947,4.999900748869194,0.4170178243133213,0.24409911262320855,1.5009001740503147,0.06685828297907792,0.06003600696203457
13.440999999999473,9.0,13.440999999999473,4.999900748869202,0.41701782431245843,0.24409911263378603,1.500900174016551,0.06685828271403607,0.060036006956092
13.456999999999471,9.0,13.456999999999471,4.999900748869283,0.4170178243128038,0.24409911498157297,1.5009001764225007,0.06685828325280674,0.06003600706053428
13.476999999999471,9.0,13.476999999999471,4.99990074886939,0.41701782431338463,0.2440991176909485,1.5009001791405034,0.0668582832375733,0.060036007163024936
13.496999999999469,9.0,13.496999999999469,4.999900748869492,0.4170178243128547,0.24409912034259934,1.5009001817603789,0.066858283335764,0.06003600727292017
13.516999999999468,9.0,13.516999999999468,4.9999007488695995,0.41701782431332174,0.24409912314171842,1.5009001845858996,0.06685828346683755,0.060036007380963534
13.536999999999468,9.0,13.536999999999468,4.999900748869705,0.41701782431280227,0.24409912579956441,1.500900187206126,0.06685828354333531,0.06003600748823929
13.556999999999466,9.0,13.556999999999466,4.9999007488698135,0.4170178243134001,0.24409912860386346,1.5009001900297199,0.06685828376621157,0.060036007603670644
13.576999999999465,9.0,13.576999999999465,4.999900748869921,0.4170178243131256,0.24409913141718775,1.5009001928642598,0.06685828388811353,0.06003600771463526
13.596999999999467,9.0,13.596999999999467,4.9999007488700276,0.41701782431303314,0.24409913414331377,1.5009001955682573,0.06685828395379194,0.060036007822673744
13.616999999999464,9.0,13.616999999999464,4.999900748870138,0.4170178243136595,0.24409913692863403,1.5009001983521426,0.06685828409749515,0.06003600793409218
13.636999999999464,9.0,13.636999999999464,4.999900748870248,0.41701782431355905,0.24409913973119426,1.5009002011565395,0.06685828423777479,0.06003600804622842
13.656999999999462,9.0,13.656999999999462,4.9999007488703535,0.41701782431322865,0.2440991425406818,1.5009002039666122,0.06685828436866836,0.060036008158621125
13.676999999999461,9.0,13.676999999999461,4.999900748870461,0.4170178243134796,0.24409914535813057,1.5009002067839046,0.06685828448328383,0.06003600827010882
13.696999999999463,9.0,13.696999999999463,4.999900748870571,0.4170178243131464,0.2440991481633075,1.5009002095794055,0.0668582845992175,0.06003600838198736
13.697999999999462,9.0,13.697999999999462,4.999900748870584,0.41701782431254475,0.24409914810125505,1.5009002094447104,0.06685828435632603,0.06003600837778111
13.71399999999946,9.0,13.71399999999946,4.9999007488706715,0.41701782431423584,0.2440991507242014,1.500900212185603,0.0668582849680044,0.06003600848741513
13.73399999999946,9.0,13.73399999999946,4.999900748870775,0.41701782431306583,0.24409915347487485,1.5009002149136084,0.06685828495272182,0.06003600859912858
13.75399999999946,9.0,13.75399999999946,4.999900748870884,0.4170178243133129,0.24409915637446064,1.5009002178300326,0.06685828504783418,0.06003600871325412
13.773999999999457,9.0,13.773999999999457,4.999900748870992,0.417017824313205,0.2440991591654197,1.5009002205871993,0.06685828509650521,0.060036008823494934
13.793999999999457,9.0,13.793999999999457,4.999900748871104,0.41701782431376233,0.24409916204621754,1.5009002234669455,0.06685828525863975,0.060036008938686346
13.813999999999456,9.0,13.813999999999456,4.999900748871213,0.41701782431365597,0.24409916494498216,1.5009002263690108,0.06685828540983811,0.06003600905477068
13.833999999999456,9.0,13.833999999999456,4.999900748871326,0.41701782431343265,0.2440991678487403,1.5009002292736464,0.06685828554446474,0.060036009170925865
13.853999999999456,9.0,13.853999999999456,4.999900748871434,0.41701782431349754,0.2440991707617255,1.5009002321863203,0.06685828567720294,0.06003600928741976
13.873999999999453,9.0,13.873999999999453,4.999900748871546,0.41701782431298423,0.2440991736834057,1.5009002351077814,0.06685828581121622,0.060036009404300136
13.893999999999453,9.0,13.893999999999453,4.99990074887166,0.41701782431338597,0.2440991766169903,1.5009002380411307,0.06685828593252736,0.060036009520381746
13.913999999999454,9.0,13.913999999999454,4.999900748871772,0.41701782431403195,0.24409917953986962,1.500900240954438,0.06685828606981528,0.060036009638199106
13.93399999999945,9.0,13.93399999999945,4.999900748871881,0.41701782431373413,0.2440991825199121,1.5009002439446064,0.06685828623379729,0.06003600975781866
13.953999999999452,9.0,13.953999999999452,4.999900748871997,0.41701782431384515,0.2440991854871073,1.5009002469120163,0.06685828636357749,0.060036009876492005
13.954999999999451,9.0,13.954999999999451,4.999900748872006,0.41701782431310297,0.24409918551059373,1.5009002468910064,0.06685828620760706,0.060036009875641776
13.970999999999451,9.0,13.970999999999451,4.999900748872096,0.4170178243139193,0.24409918810345108,1.5009002495543002,0.06685828664150069,0.06003600998398434
13.990999999999449,9.0,13.990999999999449,4.999900748872206,0.4170178243139815,0.24409919102791855,1.500900252463819,0.06685828661169979,0.06003601009606817
14.010999999999449,9.0,14.010999999999449,4.999900748872317,0.41701782431383144,0.2440991939776172,1.5009002553910609,0.06685828672872864,0.060036010215641186
14.030999999999448,9.0,14.030999999999448,4.999900748872431,0.4170178243141548,0.24409919701086605,1.5009002584336935,0.06685828693020805,0.060036010339807044
14.050999999999448,9.0,14.050999999999448,4.9999007488725455,0.4170178243141443,0.24409920007665747,1.5009002615194575,0.0668582870672756,0.06003601046073283
14.070999999999447,9.0,14.070999999999447,4.99990074887266,0.4170178243141996,0.24409920305878569,1.5009002644802594,0.06685828713647342,0.060036010577945796
14.090999999999445,9.0,14.090999999999445,4.999900748872775,0.4170178243137614,0.24409920607798513,1.5009002674889436,0.06685828729225848,0.060036010699574066
14.110999999999445,9.0,14.110999999999445,4.999900748872887,0.4170178243143134,0.24409920916183828,1.500900270584807,0.06685828747124488,0.06003601082339875
14.130999999999446,9.0,14.130999999999446,4.999900748873002,0.4170178243142783,0.24409921222943107,1.500900273653285,0.06685828760586435,0.0600360109460979
14.150999999999442,9.0,14.150999999999442,4.999900748873118,0.4170178243141641,0.24409921530343354,1.5009002767261073,0.06685828774206644,0.06003601106903988
14.170999999999443,9.0,14.170999999999443,4.999900748873235,0.41701782431396256,0.24409921839160384,1.5009002798136615,0.06685828789957045,0.060036011193779014
14.190999999999441,9.0,14.190999999999441,4.999900748873353,0.41701782431456147,0.24409922151357374,1.5009002829449625,0.06685828804388902,0.06003601131776236
14.21099999999944,9.0,14.21099999999944,4.99990074887347,0.4170178243144833,0.2440992246014619,1.5009002860225285,0.0668582881623189,0.060036011440868606
14.211999999999442,9.0,14.211999999999442,4.999900748873483,0.41701782431357687,0.2440992246329592,1.5009002860095995,0.06685828790004915,0.060036011435818167
14.22799999999944,9.0,14.22799999999944,4.999900748873575,0.4170178243144688,0.24409922731371508,1.500900288749231,0.06685828840987451,0.060036011549984565
14.24799999999944,9.0,14.24799999999944,4.999900748873688,0.4170178243142826,0.24409923039754702,1.5009002918225907,0.06685828847046954,0.060036011672847986
14.26799999999944,9.0,14.26799999999944,4.999900748873802,0.4170178243143677,0.24409923356032387,1.5009002949933379,0.06685828861061799,0.06003601179975534
14.287999999999439,9.0,14.287999999999439,4.999900748873919,0.4170178243140784,0.24409923668885103,1.5009002981097006,0.06685828872165868,0.06003601192439496
14.307999999999437,9.0,14.307999999999437,4.999900748874036,0.4170178243144191,0.2440992398566486,1.5009003012764126,0.0668582888759187,0.06003601205100713
14.327999999999436,9.0,14.327999999999436,4.999900748874155,0.4170178243140119,0.24409924303818803,1.5009003044589553,0.0668582890297223,0.060036012178357766
14.347999999999434,9.0,14.347999999999434,4.999900748874276,0.4170178243140652,0.24409924622960838,1.5009003076505876,0.06685828919302603,0.06003601230728539
14.367999999999434,9.0,14.367999999999434,4.999900748874392,0.417017824314558,0.24409924945589742,1.500900310886041,0.06685828934135189,0.0600360124354195
14.387999999999435,9.0,14.387999999999435,4.999900748874512,0.41701782431488016,0.24409925264746427,1.500900314067261,0.06685828946374477,0.06003601256266777
14.407999999999433,9.0,14.407999999999433,4.999900748874632,0.41701782431451834,0.24409925587241144,1.5009003172917372,0.06685828960614779,0.06003601269048729
14.427999999999432,9.0,14.427999999999432,4.999900748874752,0.41701782431439327,0.24409925909188085,1.5009003205025226,0.06685828976167055,0.06003601282015751
14.447999999999432,9.0,14.447999999999432,4.999900748874872,0.4170178243142793,0.24409926236821333,1.5009003237892777,0.06685828993918871,0.06003601295159467
14.46799999999943,9.0,14.46799999999943,4.9999007488749925,0.4170178243150217,0.24409926563082915,1.5009003270520935,0.06685829008152568,0.06003601308209025
14.468999999999433,9.0,14.468999999999433,4.999900748875003,0.41701782431379963,0.2440992656692992,1.5009003270460146,0.06685829003586942,0.06003601308641627
14.484999999999431,9.0,14.484999999999431,4.999900748875098,0.41701782431528844,0.24409926853223518,1.5009003299928614,0.06685829037126982,0.06003601319970023
14.50499999999943,9.0,14.50499999999943,4.999900748875218,0.41701782431503637,0.2440992716999345,1.5009003331220403,0.06685829035595507,0.06003601332485611
14.524999999999428,9.0,14.524999999999428,4.999900748875336,0.4170178243147661,0.24409927501589443,1.5009003364436628,0.06685829052100048,0.060036013457693986
14.544999999999428,9.0,14.544999999999428,4.999900748875457,0.41701782431530426,0.2440992783028982,1.5009003397212357,0.06685829065302837,0.06003601358882816
14.564999999999426,9.0,14.564999999999426,4.99990074887558,0.41701782431461315,0.24409928162522457,1.5009003430433356,0.06685829080141847,0.06003601372050409
14.584999999999425,9.0,14.584999999999425,4.999900748875701,0.4170178243153366,0.24409928493988786,1.5009003463494093,0.06685829096052764,0.060036013853983244
14.604999999999427,9.0,14.604999999999427,4.999900748875824,0.41701782431527884,0.24409928831127314,1.5009003497311484,0.06685829114269291,0.06003601398929478
14.624999999999424,9.0,14.624999999999424,4.999900748875946,0.41701782431535495,0.24409929167167005,1.5009003530916847,0.06685829129009895,0.0600360141236721
14.644999999999424,9.0,14.644999999999424,4.999900748876071,0.41701782431484885,0.2440992950404337,1.5009003564592924,0.06685829144047699,0.06003601425835526
14.664999999999424,9.0,14.664999999999424,4.999900748876193,0.41701782431517975,0.24409929842522968,1.5009003598435302,0.06685829159781138,0.06003601439371293
14.684999999999421,9.0,14.684999999999421,4.9999007488763185,0.4170178243152413,0.24409930182075,1.5009003632390447,0.06685829175545999,0.06003601452954905
14.704999999999423,9.0,14.704999999999423,4.99990074887644,0.4170178243149742,0.24409930522947332,1.500900366647601,0.06685829191462651,0.06003601466595591
14.724999999999419,9.0,14.724999999999419,4.999900748876566,0.41701782431554785,0.24409930865181578,1.5009003700697747,0.06685829207353225,0.06003601480281118
14.725999999999422,9.0,14.725999999999422,4.999900748876582,0.4170178243145958,0.2440993086980461,1.5009003700718788,0.06685829191963867,0.06003601480289638
14.74199999999942,9.0,14.74199999999942,4.999900748876681,0.4170178243151528,0.24409931165909446,1.5009003731043686,0.06685829234796323,0.06003601492415621
14.76199999999942,9.0,14.76199999999942,4.9999007488768,0.4170178243158434,0.2440993150216877,1.5009003764422655,0.0668582923960516,0.06003601505891137
14.781999999999417,9.0,14.781999999999417,4.999900748876925,0.41701782431520223,0.24409931851847172,1.5009003799553235,0.06685829255878055,0.060036015198233435
14.801999999999417,9.0,14.801999999999417,4.99990074887705,0.41701782431530926,0.2440993219405488,1.5009003833562364,0.0668582926657396,0.060036015334287214
14.821999999999418,9.0,14.821999999999418,4.999900748877175,0.41701782431535583,0.24409932542328547,1.5009003868380415,0.0668582928429025,0.060036015473550926
14.841999999999416,9.0,14.841999999999416,4.9999007488773,0.41701782431541434,0.2440993289259979,1.5009003903425897,0.06685829300082043,0.06003601561242732
14.861999999999416,9.0,14.861999999999416,4.99990074887743,0.4170178243152274,0.2440993324146847,1.5009003938224321,0.06685829316348178,0.06003601575287209
14.881999999999413,9.0,14.881999999999413,4.999900748877555,0.41701782431533413,0.2440993359615843,1.5009003973792607,0.06685829335195186,0.060036015895149834
14.901999999999413,9.0,14.901999999999413,4.999900748877685,0.4170178243156069,0.2440993394969202,1.5009004009147082,0.06685829350763532,0.06003601603658524
14.921999999999414,9.0,14.921999999999414,4.999900748877813,0.41701782431559103,0.2440993430421216,1.5009004044587178,0.06685829366730453,0.06003601617838853
14.94199999999941,9.0,14.94199999999941,4.999900748877942,0.4170178243154631,0.24409934660424168,1.5009004080203217,0.06685829384748895,0.06003601632205225
14.961999999999412,9.0,14.961999999999412,4.9999007488780665,0.41701782431569423,0.24409935020174942,1.5009004116271663,0.06685829401406143,0.06003601646505928
14.981999999999411,9.0,14.981999999999411,4.999900748878195,0.41701782431582274,0.24409935376549988,1.5009004151806045,0.06685829415448843,0.06003601660724774
14.98299999999941,9.0,14.98299999999941,4.99990074887821,0.4170178243148667,0.24409935382072345,1.5009004151914231,0.06685829400190425,0.06003601660765958
14.998999999999409,9.0,14.998999999999409,4.999900748878314,0.417017824316058,0.24409935691663223,1.5009004183596253,0.06685829444719092,0.06003601673437117
15.018999999999409,9.0,15.018999999999409,4.999900748878439,0.41701782431568213,0.2440993604458961,1.5009004218646056,0.06685829448988817,0.06003601687459636
15.03899999999941,9.0,15.03899999999941,4.999900748878566,0.4170178243160254,0.24409936409088037,1.500900425516235,0.06685829466040925,0.06003601702065926
15.058999999999408,9.0,15.058999999999408,4.999900748878696,0.4170178243153773,0.2440993677039115,1.5009004291184667,0.06685829479966199,0.060036017164761056
15.078999999999407,9.0,15.078999999999407,4.999900748878823,0.41701782431597373,0.24409937135722826,1.5009004327710194,0.06685829496299818,0.06003601730962375
15.098999999999405,9.0,15.098999999999405,4.999900748878957,0.4170178243161563,0.244099375005232,1.500900436410527,0.06685829513848816,0.060036017456417845
15.118999999999405,9.0,15.118999999999405,4.999900748879088,0.4170178243159347,0.2440993787093578,1.5009004401250938,0.06685829532094874,0.06003601760379256
15.138999999999406,9.0,15.138999999999406,4.99990074887922,0.4170178243154148,0.24409938238109824,1.5009004437875122,0.06685829548339105,0.060036017751502815
15.158999999999402,9.0,15.158999999999402,4.999900748879354,0.4170178243160738,0.24409938611080392,1.5009004475261811,0.06685829567720684,0.060036017901068064
15.178999999999403,9.0,15.178999999999403,4.999900748879486,0.41701782431633205,0.24409938983083276,1.500900451246161,0.0668582958414102,0.06003601804984915
15.198999999999403,9.0,15.198999999999403,4.99990074887962,0.41701782431614043,0.24409939356393254,1.5009004549780618,0.06685829602582805,0.06003601820039359
15.2189999999994,9.0,15.2189999999994,4.99990074887975,0.4170178243158732,0.24409939733490926,1.5009004587580204,0.06685829621433341,0.06003601835152707
15.2389999999994,9.0,15.2389999999994,4.999900748879883,0.4170178243159912,0.24409940109512335,1.5009004625173517,0.06685829636300471,0.060036018500668566
15.239999999999402,9.0,15.239999999999402,4.999900748879896,0.41701782431581924,0.2440994011536885,1.5009004625300113,0.06685829620351273,0.06003601850119896
15.2559999999994,9.0,15.2559999999994,4.999900748880005,0.4170178243161708,0.24409940436401106,1.5009004658013083,0.06685829662920342,0.06003601863209324
15.2759999999994,9.0,15.2759999999994,4.999900748880133,0.4170178243163552,0.24409940807284966,1.5009004694871642,0.06685829669487071,0.06003601877948351
15.295999999999399,9.0,15.295999999999399,4.999900748880267,0.41701782431613865,0.24409941189734063,1.5009004733203217,0.06685829687979639,0.06003601893280485
15.315999999999397,9.0,15.315999999999397,4.999900748880403,0.4170178243163074,0.2440994156890433,1.500900477101529,0.06685829699801886,0.06003601908159946
15.335999999999396,9.0,15.335999999999396,4.9999007488805365,0.41701782431652656,0.24409941947553063,1.5009004808683462,0.0668582971966605,0.06003601923596981
15.355999999999398,9.0,15.355999999999398,4.999900748880671,0.4170178243162551,0.2440994233915941,1.5009004848151066,0.06685829744717603,0.0600360193938291
15.375999999999394,9.0,15.375999999999394,4.999900748880809,0.4170178243162871,0.24409942724882425,1.5009004886723474,0.06685829758478964,0.06003601954687234
15.395999999999395,9.0,15.395999999999395,4.999900748880946,0.41701782431662143,0.24409943109323992,1.5009004925039973,0.06685829773582294,0.06003601970016746
15.415999999999393,9.0,15.415999999999393,4.999900748881081,0.4170178243164666,0.24409943498101408,1.500900496391582,0.06685829792807302,0.06003601985567863
15.435999999999392,9.0,15.435999999999392,4.999900748881219,0.4170178243162622,0.2440994388859618,1.500900500297676,0.06685829811547979,0.060036020011902266
15.455999999999392,9.0,15.455999999999392,4.9999007488813545,0.41701782431690687,0.2440994428029983,1.500900504214931,0.06685829828224303,0.060036020167327876
15.47599999999939,9.0,15.47599999999939,4.9999007488814895,0.4170178243167505,0.24409944671096315,1.500900508113247,0.06685829846318542,0.060036020324513675
15.495999999999391,9.0,15.495999999999391,4.999900748881628,0.41701782431667345,0.2440994506784822,1.5009005120907581,0.06685829867228393,0.06003602048366554
15.49699999999939,9.0,15.49699999999939,4.999900748881642,0.41701782431579415,0.24409945075169964,1.5009005121195822,0.06685829851871157,0.060036020484793486
15.51299999999939,9.0,15.51299999999939,4.999900748881757,0.4170178243174585,0.24409945413194903,1.5009005155710324,0.06685829898413623,0.060036020624627345
15.532999999999388,9.0,15.532999999999388,4.999900748881887,0.41701782431738976,0.24409945804042457,1.500900519464055,0.06685829902710605,0.060036020778585684
15.552999999999388,9.0,15.552999999999388,4.999900748882026,0.4170178243167777,0.24409946202053429,1.5009005234403465,0.06685829915941092,0.060036020935143174
15.57299999999939,9.0,15.57299999999939,4.999900748882168,0.417017824316765,0.24409946595278775,1.5009005273425848,0.06685829932501174,0.06003602109370675
15.592999999999385,9.0,15.592999999999385,4.999900748882307,0.4170178243169564,0.24409947001915067,1.5009005314298176,0.06685829957763958,0.060036021257190354
15.612999999999387,9.0,15.612999999999387,4.999900748882445,0.4170178243168708,0.244099474053304,1.5009005354658698,0.06685829975474647,0.06003602141862964
15.632999999999384,9.0,15.632999999999384,4.999900748882589,0.4170178243169494,0.2440994780943637,1.500900539505035,0.06685829996111486,0.060036021582681814
15.652999999999382,9.0,15.652999999999382,4.99990074888273,0.41701782431701545,0.2440994821972291,1.5009005436257905,0.06685830014830313,0.06003602174501085
15.672999999999382,9.0,15.672999999999382,4.999900748882871,0.41701782431731066,0.24409948622397706,1.5009005476319432,0.06685830028606674,0.06003602190531436
15.69299999999938,9.0,15.69299999999938,4.999900748883014,0.41701782431744916,0.24409949031585365,1.5009005517229352,0.06685830047708048,0.06003602206763785
15.71299999999938,9.0,15.71299999999938,4.999900748883156,0.41701782431760426,0.24409949440394724,1.5009005558035855,0.06685830067709499,0.060036022232129484
15.732999999999379,9.0,15.732999999999379,4.9999007488833,0.4170178243172911,0.24409949854932714,1.5009005599595968,0.06685830089447159,0.06003602239837665
15.752999999999378,9.0,15.752999999999378,4.999900748883439,0.417017824317037,0.24409950268458303,1.5009005640948552,0.06685830107722608,0.06003602256381187
15.75399999999938,9.0,15.75399999999938,4.999900748883456,0.4170178243161924,0.24409950276656042,1.5009005641323192,0.06685830092361082,0.06003602256528599
15.769999999999381,9.0,15.769999999999381,4.999900748883571,0.41701782431817963,0.2440995062972,1.5009005677332117,0.06685830140156404,0.060036022711194986
15.789999999999381,9.0,15.789999999999381,4.999900748883712,0.4170178243172412,0.24409951040024647,1.5009005718212067,0.06685830144095284,0.06003602287155184
15.80999999999938,9.0,15.80999999999938,4.99990074888385,0.4170178243172764,0.24409951455208181,1.500900575960133,0.0668583016272751,0.0600360230396573
15.829999999999378,9.0,15.829999999999378,4.999900748883996,0.4170178243176402,0.2440995187665439,1.5009005801830573,0.06685830181281338,0.06003602320610321
15.849999999999378,9.0,15.849999999999378,4.99990074888414,0.41701782431725243,0.2440995229329229,1.5009005843304437,0.06685830198695446,0.06003602337322187
15.869999999999377,9.0,15.869999999999377,4.999900748884286,0.41701782431763307,0.24409952718286143,1.500900588590419,0.0668583022179689,0.06003602354364995
15.889999999999375,9.0,15.889999999999375,4.999900748884436,0.4170178243176372,0.2440995314265689,1.5009005928352448,0.06685830241109059,0.06003602371341365
15.909999999999375,9.0,15.909999999999375,4.999900748884581,0.41701782431751405,0.24409953568188103,1.5009005970896154,0.06685830261807872,0.060036023884819524
15.929999999999376,9.0,15.929999999999376,4.999900748884728,0.4170178243177676,0.24409953997667827,1.5009006013932629,0.06685830281583122,0.06003602405571837
15.949999999999374,9.0,15.949999999999374,4.999900748884874,0.4170178243175234,0.24409954423970828,1.5009006056459355,0.06685830297311149,0.06003602422457928
15.969999999999374,9.0,15.969999999999374,4.99990074888502,0.4170178243174824,0.24409954852145252,1.5009006099176767,0.06685830319547881,0.06003602439794735
15.989999999999371,9.0,15.989999999999371,4.999900748885168,0.41701782431805506,0.24409955288982885,1.5009006143065158,0.06685830341279522,0.06003602457099996
16.009999999999373,9.0,16.009999999999373,4.999900748885318,0.4170178243178471,0.24409955718054027,1.5009006185780764,0.06685830357969567,0.0600360247430972
16.010999999999374,9.0,16.010999999999374,4.999900748885333,0.41701782431689716,0.2440995572773667,1.5009006186320188,0.06685830343520212,0.0600360247452661
16.02699999999937,9.0,16.02699999999937,4.999900748885452,0.4170178243183876,0.24409956099358332,1.5009006224302723,0.066858303929393,0.06003602489724476
16.046999999999368,9.0,16.046999999999368,4.999900748885595,0.41701782431808926,0.24409956527348284,1.5009006266843825,0.06685830397717939,0.06003602506604874
16.066999999999364,9.0,16.066999999999364,4.99990074888574,0.4170178243178885,0.24409956964736937,1.500900631053904,0.06685830419282256,0.060036025243428215
16.086999999999364,9.0,16.086999999999364,4.999900748885892,0.41701782431729273,0.24409957406336888,1.5009006354783418,0.06685830439469508,0.06003602541918647
16.106999999999367,9.0,16.106999999999367,4.99990074888604,0.41701782431816625,0.2440995784537179,1.5009006398580957,0.06685830458896302,0.06003602559553976
16.126999999999363,9.0,16.126999999999363,4.9999007488861915,0.41701782431799955,0.24409958290536302,1.5009006443187929,0.0668583048030022,0.06003602577272836
16.146999999999363,9.0,16.146999999999363,4.999900748886345,0.4170178243178714,0.24409958732911152,1.50090064873315,0.06685830498759095,0.060036025949315244
16.166999999999362,9.0,16.166999999999362,4.999900748886494,0.4170178243180833,0.24409959179086477,1.500900653194645,0.06685830518828483,0.06003602612662427
16.18699999999936,9.0,16.18699999999936,4.999900748886649,0.41701782431866685,0.24409959625045075,1.5009006576455113,0.06685830539963135,0.060036026305819945
16.20699999999936,9.0,16.20699999999936,4.999900748886802,0.4170178243180014,0.24409960077090934,1.5009006621762773,0.06685830563449084,0.06003602648703952
16.226999999999357,9.0,16.226999999999357,4.999900748886952,0.41701782431820933,0.2440996052819239,1.500900666687457,0.06685830583535507,0.06003602666754383
16.24699999999936,9.0,16.24699999999936,4.999900748887108,0.4170178243182206,0.24409960980794085,1.500900671212124,0.06685830604042042,0.060036026848539654
16.26699999999936,9.0,16.26699999999936,4.99990074888726,0.4170178243184921,0.24409961435317562,1.5009006757568368,0.06685830626499759,0.060036027031462116
16.267999999999358,9.0,16.267999999999358,4.999900748887275,0.41701782431777895,0.24409961453972565,1.500900675929197,0.0668583062084702,0.06003602703716248
16.28399999999936,9.0,16.28399999999936,4.999900748887401,0.41701782431875867,0.24409961828882182,1.5009006797147493,0.06685830650237597,0.06003602718855461
16.303999999999363,9.0,16.303999999999363,4.999900748887547,0.4170178243191955,0.2440996227898465,1.500900684187747,0.06685830662376156,0.060036027367499065
16.32399999999936,9.0,16.32399999999936,4.999900748887701,0.4170178243187018,0.24409962741577593,1.5009006888271454,0.06685830687237462,0.06003602755311109
16.343999999999358,9.0,16.343999999999358,4.999900748887856,0.4170178243188615,0.2440996320041393,1.500900693406778,0.06685830706162627,0.06003602773627353
16.363999999999358,9.0,16.363999999999358,4.999900748888012,0.41701782431837364,0.24409963662894718,1.5009006980308022,0.06685830726634366,0.0600360279199985
16.383999999999357,9.0,16.383999999999357,4.99990074888817,0.41701782431854917,0.24409964125272607,1.5009007026456582,0.06685830750091892,0.060036028107093097
16.403999999999357,9.0,16.403999999999357,4.999900748888328,0.4170178243187984,0.24409964595896544,1.5009007073716447,0.0668583077429801,0.06003602829485056
16.423999999999353,9.0,16.423999999999353,4.999900748888485,0.41701782431828155,0.24409965061228847,1.500900712014849,0.0668583079256299,0.06003602848061261
16.443999999999356,9.0,16.443999999999356,4.999900748888641,0.4170178243186884,0.24409965530478744,1.5009007167057222,0.06685830813138838,0.06003602866700188
16.463999999999356,9.0,16.463999999999356,4.999900748888799,0.4170178243188169,0.24409965999590627,1.5009007213879049,0.0668583083543826,0.060036028855545105
16.48399999999935,9.0,16.48399999999935,4.999900748888957,0.417017824319047,0.2440996647492738,1.5009007261516523,0.06685830861566036,0.0600360290473438
16.50399999999935,9.0,16.50399999999935,4.999900748889118,0.41701782431880513,0.24409966951831658,1.5009007309301865,0.06685830882754795,0.06003602923718966
16.52399999999935,9.0,16.52399999999935,4.999900748889279,0.4170178243189842,0.2440996742552532,1.5009007356557102,0.06685830901647945,0.0600360294262075
16.524999999999352,9.0,16.524999999999352,4.999900748889292,0.41701782431807516,0.2440996743690068,1.5009007357250168,0.06685830875745054,0.06003602942443278
16.54099999999935,9.0,16.54099999999935,4.999900748889419,0.4170178243193572,0.24409967837624313,1.5009007397905396,0.06685830932916945,0.06003602959158842
16.560999999999346,9.0,16.560999999999346,4.999900748889577,0.41701782431957934,0.2440996831226956,1.5009007445267053,0.06685830946803177,0.060036029781023154
16.580999999999346,9.0,16.580999999999346,4.999900748889734,0.4170178243190392,0.24409968795646614,1.50090074936836,0.0668583096861497,0.060036029974737976
16.600999999999345,9.0,16.600999999999345,4.999900748889897,0.4170178243195375,0.24409969275766702,1.5009007541574466,0.06685830988804597,0.06003603016755328
16.620999999999345,9.0,16.620999999999345,4.999900748890056,0.417017824318916,0.2440996976273944,1.5009007590352963,0.06685831012099108,0.06003603036143029
16.640999999999345,9.0,16.640999999999345,4.999900748890217,0.41701782431934176,0.24409970247213889,1.5009007638707188,0.06685831031132898,0.0600360305535577
16.66099999999934,9.0,16.66099999999934,4.999900748890383,0.41701782431914547,0.2440997073358014,1.5009007687247706,0.06685831054622207,0.06003603074895014
16.680999999999344,9.0,16.680999999999344,4.999900748890548,0.4170178243196532,0.24409971226443697,1.5009007736643953,0.06685831080456943,0.0600360309465812
16.700999999999343,9.0,16.700999999999343,4.999900748890709,0.4170178243199041,0.24409971718410473,1.5009007785844894,0.06685831102425586,0.060036031143395244
16.72099999999934,9.0,16.72099999999934,4.999900748890873,0.4170178243194179,0.24409972211987982,1.5009007835188948,0.06685831124783591,0.06003603134077309
16.74099999999934,9.0,16.74099999999934,4.999900748891038,0.4170178243193029,0.24409972707626357,1.50090078847471,0.0668583114923594,0.060036031540235325
16.76099999999934,9.0,16.76099999999934,4.999900748891204,0.4170178243192631,0.24409973207106964,1.5009007934788152,0.0668583117225834,0.06003603173912666
16.780999999999338,9.0,16.780999999999338,4.999900748891368,0.4170178243193525,0.24409973703825058,1.5009007984355223,0.06685831192855039,0.06003603193747227
16.78199999999934,9.0,16.78199999999934,4.99990074889138,0.41701782431905715,0.24409973716440597,1.5009007985170788,0.06685831167028776,0.06003603193612997
16.79799999999934,9.0,16.79799999999934,4.999900748891514,0.4170178243193785,0.2440997413562639,1.500900802767946,0.06685831225124803,0.06003603211074441
16.81799999999934,9.0,16.81799999999934,4.999900748891677,0.41701782431992646,0.24409974633269943,1.5009008077338877,0.0668583123991793,0.06003603230934874
16.83799999999934,9.0,16.83799999999934,4.999900748891842,0.41701782431940454,0.24409975139681672,1.500900812805758,0.0668583126272533,0.0600360325122506
16.857999999999336,9.0,16.857999999999336,4.999900748892009,0.41701782431999523,0.24409975643142884,1.5009008178281975,0.06685831282629877,0.0600360327131645
16.87799999999934,9.0,16.87799999999934,4.999900748892175,0.417017824319747,0.24409976151218865,1.5009008229077554,0.06685831306883902,0.06003603291627942
16.897999999999335,9.0,16.897999999999335,4.999900748892343,0.41701782431981355,0.24409976661365088,1.5009008280101155,0.06685831331118021,0.06003603312038532
16.917999999999335,9.0,16.917999999999335,4.999900748892513,0.41701782432003964,0.24409977173403077,1.500900833130565,0.06685831355019949,0.06003603332523244
16.937999999999334,9.0,16.937999999999334,4.999900748892684,0.4170178243202709,0.2440997768706763,1.5009008382670521,0.0668583137875081,0.06003603353071703
16.957999999999334,9.0,16.957999999999334,4.999900748892851,0.41701782431987,0.2440997820264831,1.5009008434225055,0.06685831404025322,0.06003603373812551
16.977999999999334,9.0,16.977999999999334,4.99990074889302,0.4170178243199686,0.24409978722196898,1.5009008486271875,0.06685831426510763,0.06003603394383068
16.997999999999333,9.0,16.997999999999333,4.999900748893193,0.41701782431989215,0.2440997923710325,1.5009008537562731,0.06685831448067336,0.06003603415026449
17.017999999999333,9.0,17.017999999999333,4.999900748893365,0.417017824320229,0.24409979760764225,1.5009008590026116,0.0668583147562906,0.06003603436012019
17.037999999999332,9.0,17.037999999999332,4.999900748893535,0.41701782432057244,0.24409980284115101,1.5009008642372175,0.06685831501086101,0.060036034570793116
17.03899999999933,9.0,17.03899999999933,4.999900748893552,0.41701782431966083,0.24409980306254603,1.5009008644440043,0.0668583149540071,0.06003603457775022
17.05499999999933,9.0,17.05499999999933,4.999900748893692,0.4170178243208909,0.2440998073615861,1.500900868778669,0.06685831526775601,0.06003603475108422
17.074999999999328,9.0,17.074999999999328,4.999900748893861,0.4170178243207169,0.24409981255302116,1.500900873942018,0.06685831540534959,0.060036034956386215
17.094999999999324,9.0,17.094999999999324,4.999900748894031,0.41701782432104284,0.24409981785105372,1.500900879244113,0.06685831568810259,0.060036035169829124
17.114999999999327,9.0,17.114999999999327,4.999900748894204,0.4170178243203945,0.2440998231606924,1.5009008845552325,0.06685831593598915,0.060036035382179956
17.134999999999323,9.0,17.134999999999323,4.999900748894377,0.41701782432047846,0.24409982848454223,1.5009008898786886,0.06685831618075812,0.06003603559519076
17.154999999999323,9.0,17.154999999999323,4.999900748894553,0.41701782432058776,0.24409983382802117,1.5009008952216472,0.0668583164420246,0.060036035810140706
17.174999999999322,9.0,17.174999999999322,4.999900748894724,0.4170178243200484,0.24409983921376813,1.5009009006165193,0.06685831667611111,0.06003603602342514
17.19499999999932,9.0,17.19499999999932,4.999900748894901,0.41701782432126266,0.2440998445494969,1.500900905932439,0.06685831689915152,0.06003603623735787
17.21499999999932,9.0,17.21499999999932,4.999900748895077,0.4170178243206459,0.2440998499771595,1.5009009113695992,0.06685831719859357,0.060036036456025815
17.23499999999932,9.0,17.23499999999932,4.9999007488952545,0.417017824320677,0.24409985542511217,1.500900916828154,0.06685831743257578,0.06003603667184017
17.25499999999932,9.0,17.25499999999932,4.999900748895433,0.41701782432121204,0.24409986081906718,1.5009009222015715,0.06685831765277231,0.06003603688802097
17.27499999999932,9.0,17.27499999999932,4.999900748895609,0.41701782432086787,0.24409986630501904,1.500900927696714,0.06685831792535728,0.060036037106625466
17.294999999999316,9.0,17.294999999999316,4.999900748895787,0.4170178243212375,0.24409987176546794,1.5009009331489396,0.06685831819101742,0.060036037327227634
17.295999999999317,9.0,17.295999999999317,4.999900748895803,0.4170178243204221,0.24409987200468522,1.5009009333750372,0.0668583181433878,0.06003603733501108
17.311999999999323,9.0,17.311999999999323,4.999900748895947,0.4170178243212018,0.2440998765298554,1.500900937947189,0.06685831852141358,0.060036037519696044
17.33199999999932,9.0,17.33199999999932,4.999900748896121,0.4170178243217009,0.2440998819926539,1.500900943390228,0.06685831865942499,0.060036037735640896
17.351999999999318,9.0,17.351999999999318,4.999900748896299,0.41701782432145745,0.24409988753623632,1.5009009489349536,0.06685831891786499,0.060036037957415564
17.371999999999318,9.0,17.371999999999318,4.9999007488964775,0.4170178243217271,0.24409989307356644,1.5009009544626644,0.06685831915970823,0.060036038178493296
17.391999999999317,9.0,17.391999999999317,4.999900748896659,0.41701782432079065,0.2440998986554782,1.5009009600448602,0.06685831941508283,0.060036038400504
17.411999999999317,9.0,17.411999999999317,4.999900748896844,0.41701782432155154,0.24409990423375313,1.5009009656147185,0.06685831967855625,0.06003603862459943
17.431999999999313,9.0,17.431999999999313,4.99990074889702,0.41701782432125006,0.2440999098789781,1.5009009712699954,0.06685831998006661,0.060036038852024236
17.451999999999316,9.0,17.451999999999316,4.999900748897206,0.4170178243209638,0.2440999155404911,1.5009009769410335,0.06685832023275415,0.060036039077629416
17.471999999999316,9.0,17.471999999999316,4.999900748897385,0.4170178243215048,0.24409992117393134,1.500900982562915,0.06685832043449105,0.060036039300075235
17.49199999999931,9.0,17.49199999999931,4.999900748897572,0.4170178243212355,0.24409992681100495,1.5009009881801811,0.0668583207347602,0.06003603952971217
17.51199999999931,9.0,17.51199999999931,4.999900748897755,0.41701782432135215,0.2440999326069935,1.5009009940162872,0.0668583210433494,0.06003603975944923
17.531999999999314,9.0,17.531999999999314,4.9999007488979395,0.417017824321799,0.24409993826029355,1.5009009996405227,0.06685832125488533,0.06003603998687222
17.55199999999931,9.0,17.55199999999931,4.999900748898122,0.4170178243216921,0.24409994404566013,1.5009010054424818,0.06685832152351937,0.06003604021521584
17.57199999999931,9.0,17.57199999999931,4.999900748898311,0.4170178243216907,0.244099949744755,1.5009010111140082,0.06685832176463398,0.060036040444527386
17.57299999999931,9.0,17.57299999999931,4.999900748898327,0.4170178243209504,0.24409994991858824,1.5009010112466357,0.06685832185094259,0.06003604045901015
17.588999999999306,9.0,17.588999999999306,4.999900748898477,0.41701782432249107,0.24409995487252645,1.5009010163217615,0.06685832223523476,0.060036040651065894
17.608999999999305,9.0,17.608999999999305,4.999900748898658,0.4170178243222246,0.2440999604964211,1.500901021880987,0.06685832229397239,0.060036040876493585
17.628999999999305,9.0,17.628999999999305,4.999900748898841,0.41701782432203005,0.24409996637186215,1.5009010277767831,0.06685832259522467,0.06003604111112092
17.648999999999305,9.0,17.648999999999305,4.9999007488990275,0.41701782432219314,0.24409997217185012,1.5009010335575488,0.06685832281783918,0.06003604134227991
17.6689999999993,9.0,17.6689999999993,4.999900748899218,0.41701782432227574,0.24409997803772476,1.5009010394224584,0.06685832309005965,0.06003604157565186
17.688999999999304,9.0,17.688999999999304,4.999900748899405,0.417017824322169,0.24409998390658266,1.5009010452835354,0.06685832337176015,0.060036041811352504
17.708999999999303,9.0,17.708999999999303,4.999900748899596,0.4170178243225863,0.24409998984184283,1.5009010512292444,0.06685832365790809,0.06003604204789827
17.7289999999993,9.0,17.7289999999993,4.999900748899784,0.41701782432249995,0.2440999957504327,1.5009010571284873,0.06685832395326134,0.06003604228763507
17.7489999999993,9.0,17.7489999999993,4.999900748899972,0.41701782432268886,0.2441000017665916,1.5009010631723458,0.06685832423462658,0.060036042525634076
17.7689999999993,9.0,17.7689999999993,4.999900748900167,0.4170178243226868,0.24410000766864984,1.500901069044224,0.06685832445156532,0.06003604276183721
17.788999999999298,9.0,17.788999999999298,4.999900748900355,0.4170178243222282,0.2441000136854065,1.5009010750692435,0.06685832476719183,0.06003604300280375
17.808999999999298,9.0,17.808999999999298,4.999900748900549,0.41701782432245466,0.24410001970669254,1.5009010810923755,0.06685832504803621,0.06003604324367687
17.828999999999297,9.0,17.828999999999297,4.9999007489007425,0.4170178243227431,0.244100025743225,1.5009010871283563,0.06685832533911618,0.06003604348644478
17.8299999999993,9.0,17.8299999999993,4.9999007489007585,0.4170178243221693,0.24410002600456074,1.5009010873753672,0.06685832506638052,0.06003604348590281
17.8459999999993,9.0,17.8459999999993,4.999900748900915,0.41701782432263407,0.24410003088770224,1.5009010922671886,0.06685832557949524,0.06003604369074737
17.865999999999296,9.0,17.865999999999296,4.999900748901101,0.4170178243230472,0.24410003696045435,1.5009010983396798,0.0668583258673558,0.0600360439348557
17.8859999999993,9.0,17.8859999999993,4.999900748901293,0.41701782432295287,0.24410004312053438,1.5009011045250777,0.06685832616862113,0.0600360441809445
17.9059999999993,9.0,17.9059999999993,4.999900748901491,0.41701782432274526,0.24410004919150632,1.5009011105746755,0.0668583263878863,0.060036044422987475
17.925999999999295,9.0,17.925999999999295,4.999900748901684,0.4170178243231173,0.24410005533313964,1.5009011167141166,0.06685832668451001,0.06003604466858956
17.945999999999295,9.0,17.945999999999295,4.9999007489018785,0.41701782432285117,0.24410006150500432,1.5009011228875182,0.0668583269960394,0.060036044916749985
17.965999999999294,9.0,17.965999999999294,4.9999007489020775,0.4170178243227764,0.24410006771720913,1.5009011291095862,0.06685832728420839,0.06003604516442052
17.985999999999294,9.0,17.985999999999294,4.999900748902273,0.4170178243229585,0.24410007390417415,1.5009011352860029,0.06685832752920616,0.06003604541021347
18.005999999999293,9.0,18.005999999999293,4.999900748902473,0.417017824322959,0.24410008011558526,1.5009011414872173,0.06685832782579029,0.060036045659572275
18.025999999999293,9.0,18.025999999999293,4.999900748902669,0.4170178243233701,0.2441000863989522,1.5009011477814895,0.06685832814685379,0.06003604591129255
18.045999999999292,9.0,18.045999999999292,4.99990074890287,0.4170178243228536,0.24410009267840344,1.50090115406136,0.06685832842975434,0.060036046162464614
18.065999999999292,9.0,18.065999999999292,4.999900748903069,0.41701782432352913,0.24410009897848672,1.5009011603600775,0.06685832870183976,0.06003604641317122
18.085999999999288,9.0,18.085999999999288,4.999900748903272,0.4170178243232148,0.24410010528103487,1.5009011666525998,0.06685832902429029,0.060036046668629627
18.086999999999293,9.0,18.086999999999293,4.999900748903287,0.41701782432303197,0.24410010564615492,1.5009011670349675,0.06685832918250192,0.06003604668596804
18.102999999999284,9.0,18.102999999999284,4.999900748903445,0.4170178243239318,0.24410011076678703,1.5009011721817997,0.06685832930971829,0.06003604688726417
18.122999999999287,9.0,18.122999999999287,4.9999007489036424,0.41701782432364254,0.24410011703217624,1.5009011784005384,0.06685832946357084,0.06003604713348482
18.142999999999287,9.0,18.142999999999287,4.999900748903843,0.4170178243237722,0.24410012342212045,1.5009011847887517,0.06685832981447332,0.060036047390278666
18.162999999999283,9.0,18.162999999999283,4.9999007489040475,0.4170178243235919,0.24410012984646665,1.500901191218232,0.06685833015149763,0.06003604764871506
18.182999999999282,9.0,18.182999999999282,4.99990074890425,0.417017824323423,0.24410013630769153,1.5009011976898967,0.06685833048008101,0.0600360479088452
18.20299999999928,9.0,18.20299999999928,4.999900748904451,0.4170178243236571,0.24410014278521058,1.5009012041754963,0.06685833074827142,0.06003604816572938
18.22299999999928,9.0,18.22299999999928,4.999900748904654,0.41701782432383794,0.24410014921727116,1.500901210586115,0.06685833104651065,0.060036048425966555
18.24299999999928,9.0,18.24299999999928,4.999900748904862,0.4170178243242891,0.24410015579166194,1.500901217188558,0.0668583313838487,0.06003604868754179
18.26299999999928,9.0,18.26299999999928,4.99990074890507,0.41701782432387147,0.24410016227373002,1.5009012236514931,0.06685833161596126,0.0600360489447934
18.28299999999928,9.0,18.28299999999928,4.9999007489052705,0.4170178243236891,0.24410016880408023,1.5009012301706552,0.06685833193111423,0.060036049206784514
18.30299999999928,9.0,18.30299999999928,4.999900748905481,0.41701782432425205,0.24410017540824158,1.5009012367865042,0.06685833227134526,0.06003604947145415
18.322999999999276,9.0,18.322999999999276,4.999900748905687,0.4170178243239968,0.24410018200846448,1.5009012433873634,0.06685833258446951,0.060036049736758086
18.342999999999275,9.0,18.342999999999275,4.999900748905896,0.41701782432416284,0.24410018865188468,1.5009012500387817,0.06685833287037124,0.06003605000027167
18.343999999999276,9.0,18.343999999999276,4.9999007489059135,0.4170178243233876,0.2441001887693008,1.5009012500804102,0.06685833262202213,0.060036050003221195
18.35999999999928,9.0,18.35999999999928,4.999900748906079,0.4170178243249222,0.2441001943874845,1.5009012557934178,0.0668583333463436,0.06003605023351149
18.379999999999278,9.0,18.379999999999278,4.999900748906282,0.4170178243245957,0.24410020098608837,1.500901262381666,0.06685833349672719,0.06003605049529484
18.399999999999277,9.0,18.399999999999277,4.99990074890649,0.41701782432457246,0.2441002076609384,1.5009012690477783,0.06685833375736636,0.060036050761886
18.419999999999277,9.0,18.419999999999277,4.999900748906701,0.41701782432427936,0.24410021434769846,1.5009012757215277,0.06685833401352836,0.06003605102633141
18.439999999999277,9.0,18.439999999999277,4.999900748906913,0.4170178243244189,0.244100221044753,1.5009012823999872,0.06685833435463678,0.060036051297203415
18.459999999999276,9.0,18.459999999999276,4.9999007489071206,0.41701782432453066,0.24410022788116648,1.5009012892674667,0.0668583347435961,0.060036051572019175
18.479999999999276,9.0,18.479999999999276,4.999900748907334,0.41701782432535256,0.24410023466908665,1.5009012960552928,0.0668583350159321,0.06003605184221035
18.49999999999927,9.0,18.49999999999927,4.999900748907549,0.4170178243248048,0.24410024145418688,1.5009013028274016,0.06685833528715557,0.06003605211181014
18.51999999999927,9.0,18.51999999999927,4.999900748907759,0.4170178243249297,0.24410024826931206,1.5009013096328352,0.06685833561507966,0.06003605238528748
18.539999999999274,9.0,18.539999999999274,4.999900748907974,0.41701782432501855,0.24410025515695322,1.5009013165317397,0.06685833598027692,0.06003605266249205
18.55999999999927,9.0,18.55999999999927,4.99990074890819,0.41701782432472817,0.2441002620667953,1.5009013234513195,0.06685833629220478,0.06003605293800334
18.57999999999927,9.0,18.57999999999927,4.999900748908406,0.4170178243251744,0.24410026895013442,1.5009013303231395,0.06685833658020003,0.060036053212940574
18.59999999999927,9.0,18.59999999999927,4.999900748908621,0.41701782432518786,0.24410027588524627,1.5009013372571465,0.06685833689406849,0.06003605348903082
18.60099999999927,9.0,18.60099999999927,4.99990074890864,0.41701782432431167,0.24410027602351153,1.5009013373216564,0.06685833665490054,0.0600360534928792
18.616999999999265,9.0,18.616999999999265,4.999900748908815,0.4170178243254557,0.24410028192030242,1.5009013433260538,0.06685833742418121,0.06003605373487193
18.636999999999265,9.0,18.636999999999265,4.999900748909024,0.4170178243256053,0.24410028882985327,1.5009013502237945,0.06685833757224557,0.060036054008990744
18.656999999999265,9.0,18.656999999999265,4.9999007489092415,0.41701782432557677,0.24410029581488973,1.500901357197942,0.06685833783947233,0.0600360542879102
18.676999999999264,9.0,18.676999999999264,4.999900748909457,0.4170178243254785,0.24410030281643377,1.5009013641859683,0.06685833811038476,0.06003605456490863
18.696999999999264,9.0,18.696999999999264,4.999900748909677,0.4170178243250986,0.24410030983241818,1.5009013711833858,0.06685833846907423,0.06003605484859621
18.716999999999263,9.0,18.716999999999263,4.999900748909896,0.41701782432533296,0.24410031698806342,1.5009013783702694,0.06685833885663693,0.0600360551347889
18.73699999999926,9.0,18.73699999999926,4.999900748910117,0.4170178243259856,0.24410032407262905,1.5009013854453324,0.06685833914422636,0.06003605541783619
18.75699999999926,9.0,18.75699999999926,4.999900748910338,0.41701782432595763,0.24410033120025476,1.5009013925701895,0.06685833947063115,0.06003605570279386
18.77699999999926,9.0,18.77699999999926,4.999900748910561,0.4170178243257815,0.2441003383581503,1.500901399728083,0.06685833980624747,0.06003605598913502
18.796999999999258,9.0,18.796999999999258,4.9999007489107825,0.417017824325844,0.2441003455438976,1.5009014069137978,0.06685834012622054,0.060036056275263386
18.816999999999258,9.0,18.816999999999258,4.999900748911006,0.4170178243257275,0.2441003527320456,1.500901414092364,0.06685834047544145,0.0600360565649524
18.836999999999257,9.0,18.836999999999257,4.999900748911229,0.4170178243256055,0.24410036001384736,1.500901421393413,0.06685834083691451,0.060036056855751
18.856999999999257,9.0,18.856999999999257,4.999900748911457,0.417017824326288,0.2441003672511345,1.500901428620465,0.06685834115331867,0.06003605714605662
18.857999999999258,9.0,18.857999999999258,4.999900748911474,0.41701782432590995,0.24410036757353723,1.5009014289283433,0.06685834110304872,0.06003605715714711
18.873999999999256,9.0,18.873999999999256,4.999900748911654,0.4170178243267381,0.2441003735026909,1.5009014348930279,0.06685834152973386,0.060036057397508724
18.89399999999926,9.0,18.89399999999926,4.999900748911875,0.4170178243266851,0.2441003807604598,1.5009014421329456,0.0668583417379963,0.06003605768275646
18.91399999999926,9.0,18.91399999999926,4.9999007489121,0.4170178243261646,0.24410038806175988,1.5009014494184802,0.0668583420872865,0.060036057976757685
18.933999999999255,9.0,18.933999999999255,4.999900748912329,0.41701782432606904,0.24410039545003964,1.500901456817867,0.06685834244859087,0.060036058271457415
18.953999999999255,9.0,18.953999999999255,4.999900748912555,0.41701782432651485,0.24410040281849,1.5009014641776304,0.0668583428152092,0.06003605856960022
18.973999999999258,9.0,18.973999999999258,4.999900748912783,0.4170178243262678,0.24410041029807686,1.5009014716850424,0.06685834316417533,0.06003605886613392
18.993999999999254,9.0,18.993999999999254,4.999900748913009,0.41701782432684437,0.24410041766825075,1.5009014790249564,0.06685834346262014,0.06003605916225147
19.013999999999253,9.0,19.013999999999253,4.999900748913239,0.41701782432677975,0.24410042517885458,1.5009014865531642,0.06685834384570066,0.06003605946210116
19.033999999999253,9.0,19.033999999999253,4.999900748913469,0.41701782432697854,0.24410043265227258,1.5009014940181333,0.06685834413923918,0.06003605975822764
19.053999999999252,9.0,19.053999999999252,4.999900748913701,0.41701782432740225,0.24410044012862916,1.5009015014745655,0.06685834450647041,0.06003606006022664
19.073999999999252,9.0,19.073999999999252,4.999900748913933,0.4170178243274392,0.24410044774616396,1.500901509122388,0.06685834492686037,0.060036060366166634
19.093999999999248,9.0,19.093999999999248,4.99990074891417,0.4170178243268088,0.24410045531924784,1.5009015166951654,0.06685834522132286,0.060036060666537536
19.11399999999925,9.0,19.11399999999925,4.999900748914402,0.4170178243270231,0.24410046286920362,1.5009015242228068,0.06685834554484532,0.06003606096895316
19.11499999999925,9.0,19.11499999999925,4.99990074891442,0.4170178243261927,0.24410046313065342,1.5009015244415176,0.06685834540949742,0.060036060977656666
19.130999999999247,9.0,19.130999999999247,4.999900748914604,0.4170178243284663,0.24410046947475567,1.500901530869647,0.06685834603678419,0.06003606123476707
19.150999999999247,9.0,19.150999999999247,4.999900748914834,0.4170178243277425,0.2441004770404972,1.500901538409785,0.06685834626640512,0.06003606153760537
19.170999999999243,9.0,19.170999999999243,4.9999007489150715,0.41701782432685536,0.2441004847517033,1.5009015461350035,0.06685834661512254,0.060036061845414775
19.190999999999242,9.0,19.190999999999242,4.999900748915302,0.4170178243274905,0.24410049240723394,1.5009015537686008,0.06685834691730395,0.06003606215072908
19.210999999999242,9.0,19.210999999999242,4.9999007489155405,0.41701782432697854,0.24410050014034132,1.5009015615006305,0.06685834729329822,0.06003606246004828
19.23099999999924,9.0,19.23099999999924,4.999900748915782,0.41701782432778217,0.24410050790594442,1.5009015692680627,0.06685834764814896,0.06003606276944324
19.25099999999924,9.0,19.25099999999924,4.999900748916018,0.4170178243277038,0.2441005156725436,1.5009015770255603,0.06685834799446838,0.060036063079799015
19.27099999999924,9.0,19.27099999999924,4.999900748916259,0.41701782432810097,0.24410052349129763,1.500901584844603,0.06685834841122772,0.06003606339628663
19.29099999999924,9.0,19.29099999999924,4.999900748916494,0.4170178243282393,0.2441005314026737,1.5009015927849725,0.06685834877735004,0.060036063710121254
19.31099999999924,9.0,19.31099999999924,4.999900748916734,0.4170178243277416,0.24410053920222186,1.5009016005535971,0.06685834907603454,0.06003606402208411
19.330999999999236,9.0,19.330999999999236,4.999900748916976,0.41701782432810447,0.24410054712179016,1.5009016084810562,0.06685834947842596,0.060036064339192174
19.350999999999235,9.0,19.350999999999235,4.999900748917217,0.417017824328241,0.2441005550530828,1.5009016164140372,0.06685834987888331,0.060036064659089665
19.370999999999235,9.0,19.370999999999235,4.999900748917464,0.41701782432836915,0.2441005630505652,1.5009016244297049,0.06685835022847236,0.0600360649759476
19.371999999999236,9.0,19.371999999999236,4.999900748917481,0.4170178243276251,0.24410056323040133,1.5009016245318951,0.06685834997532705,0.06003606498127014
19.387999999999238,9.0,19.387999999999238,4.999900748917676,0.4170178243284624,0.24410056989295098,1.5009016312783687,0.06685835066875745,0.06003606524933051
19.407999999999237,9.0,19.407999999999237,4.999900748917914,0.4170178243277727,0.24410057778973598,1.5009016391465246,0.06685835093272811,0.060036065567165
19.427999999999237,9.0,19.427999999999237,4.999900748918156,0.41701782432891915,0.24410058588344985,1.500901647263632,0.06685835131618588,0.0600360658905627
19.447999999999237,9.0,19.447999999999237,4.999900748918401,0.4170178243282328,0.24410059389690847,1.5009016552549705,0.06685835160707172,0.060036066208913046
19.467999999999236,9.0,19.467999999999236,4.999900748918646,0.417017824328927,0.2441006019648402,1.5009016633112415,0.06685835199281964,0.06003606653241606
19.487999999999236,9.0,19.487999999999236,4.999900748918896,0.41701782432860135,0.24410061011430914,1.5009016714724008,0.06685835240636528,0.060036066858890735
19.507999999999235,9.0,19.507999999999235,4.999900748919143,0.4170178243288522,0.24410061826623466,1.500901679625003,0.06685835277796442,0.060036067185031246
19.52799999999923,9.0,19.52799999999923,4.999900748919389,0.4170178243288228,0.24410062644243408,1.5009016877998258,0.06685835315031043,0.06003606751202156
19.547999999999234,9.0,19.547999999999234,4.9999007489196385,0.4170178243286644,0.24410063465020565,1.5009016960067767,0.06685835354409038,0.060036067841487184
19.56799999999923,9.0,19.56799999999923,4.999900748919891,0.41701782432891166,0.2441006429096689,1.5009017042753052,0.06685835392618585,0.06003606817096506
19.58799999999923,9.0,19.58799999999923,4.99990074892014,0.4170178243288833,0.24410065115182467,1.500901712506928,0.06685835426897575,0.06003606849907479
19.60799999999923,9.0,19.60799999999923,4.999900748920391,0.41701782432878315,0.24410065942532447,1.5009017207702746,0.0668583546598997,0.060036068830784495
19.62799999999923,9.0,19.62799999999923,4.999900748920644,0.4170178243287441,0.24410066777471973,1.5009017291305509,0.06685835509129356,0.06003606916649863
19.62899999999923,9.0,19.62899999999923,4.999900748920662,0.4170178243284387,0.2441006681511426,1.5009017294927167,0.0668583549331743,0.06003606917516296
19.644999999999225,9.0,19.644999999999225,4.999900748920866,0.4170178243296344,0.24410067490168144,1.5009017362656896,0.0668583554393391,0.0600360694506452
19.664999999999225,9.0,19.664999999999225,4.999900748921115,0.4170178243291546,0.24410068323939813,1.5009017445885857,0.06685835578891548,0.060036069784805406
19.684999999999224,9.0,19.684999999999224,4.999900748921364,0.41701782432939677,0.2441006917051009,1.5009017530781683,0.0668583561910721,0.06003607012187091
19.704999999999224,9.0,19.704999999999224,4.999900748921621,0.417017824329141,0.24410070007426266,1.500901761417614,0.0668583565100583,0.06003607045541623
19.724999999999223,9.0,19.724999999999223,4.999900748921877,0.4170178243296648,0.24410070854231808,1.5009017698847782,0.06685835697065436,0.06003607079788518
19.744999999999223,9.0,19.744999999999223,4.999900748922135,0.417017824329617,0.2441007171123254,1.500901778485568,0.06685835739237538,0.06003607113938227
19.76499999999922,9.0,19.76499999999922,4.999900748922389,0.41701782432988066,0.24410072559181084,1.5009017869441732,0.06685835772273536,0.06003607147772099
19.78499999999922,9.0,19.78499999999922,4.999900748922649,0.4170178243296402,0.2441007341452858,1.5009017954952981,0.0668583581129386,0.06003607181855003
19.804999999999218,9.0,19.804999999999218,4.999900748922908,0.4170178243298776,0.24410074271593,1.500901804057662,0.06685835853509026,0.06003607216349532
19.824999999999218,9.0,19.824999999999218,4.999900748923167,0.41701782433059154,0.24410075138084456,1.5009018127425737,0.0668583589622639,0.06003607250971261
19.844999999999217,9.0,19.844999999999217,4.999900748923425,0.4170178243301105,0.24410076000582334,1.5009018213572343,0.06685835931296136,0.0600360728530518
19.864999999999217,9.0,19.864999999999217,4.999900748923689,0.41701782432959106,0.2441007686599968,1.5009018300001642,0.06685835971657848,0.060036073200008956
19.884999999999216,9.0,19.884999999999216,4.999900748923949,0.41701782432965684,0.24410077739549157,1.500901838746129,0.06685836018028568,0.06003607355231
19.885999999999214,9.0,19.885999999999214,4.999900748923969,0.417017824329841,0.24410077787544132,1.5009018392417508,0.06685836000818028,0.06003607356052146
19.90199999999922,9.0,19.90199999999922,4.999900748924184,0.4170178243308921,0.2441007847902682,1.500901846130573,0.06685836046184188,0.06003607384703386
19.92199999999922,9.0,19.92199999999922,4.999900748924444,0.41701782433099316,0.24410079358055808,1.5009018549263475,0.06685836087900082,0.060036074197000654
19.941999999999215,9.0,19.941999999999215,4.999900748924702,0.4170178243309043,0.24410080240380486,1.5009018637615468,0.06685836129671356,0.06003607454921596
19.961999999999215,9.0,19.961999999999215,4.999900748924966,0.41701782433054585,0.24410081118741975,1.5009018725260475,0.06685836168071498,0.06003607490108186
19.981999999999218,9.0,19.981999999999218,4.999900748925235,0.4170178243309652,0.24410082006987693,1.5009018814178288,0.06685836212333686,0.06003607525672821
20.001999999999214,9.0,20.001999999999214,4.999900748925502,0.4170178243310261,0.24410082896246624,1.500901890311214,0.06685836253110831,0.06003607561240096
20.02199999999921,9.0,20.02199999999921,4.999900748925769,0.41701782433039214,0.24410083788100828,1.5009018992287042,0.0668583629396357,0.06003607596917017
20.041999999999213,9.0,20.041999999999213,4.99990074892604,0.4170178243308817,0.24410084683203692,1.5009019081789283,0.06685836335357535,0.06003607632721668
20.061999999999212,9.0,20.061999999999212,4.999900748926308,0.41701782433102685,0.24410085581654173,1.5009019171629312,0.06685836378457001,0.06003607668776334
20.08199999999921,9.0,20.08199999999921,4.999900748926578,0.4170178243312219,0.2441008648537187,1.5009019262092438,0.06685836420238364,0.06003607704838979
20.10199999999921,9.0,20.10199999999921,4.999900748926847,0.417017824331588,0.2441008738757856,1.5009019352206985,0.06685836458005327,0.06003607740764049
20.12199999999921,9.0,20.12199999999921,4.99990074892712,0.4170178243309715,0.24410088293234417,1.500901944267013,0.06685836500812266,0.060036077770742616
20.141999999999207,9.0,20.141999999999207,4.999900748927391,0.4170178243313927,0.24410089207040184,1.5009019534158676,0.06685836547602834,0.06003607813789328
20.14299999999921,9.0,20.14299999999921,4.999900748927409,0.417017824331135,0.24410089248593378,1.50090195381728,0.06685836531924781,0.06003607814812534
20.158999999999203,9.0,20.158999999999203,4.9999007489276295,0.4170178243311291,0.24410089986510172,1.5009019612189094,0.06685836587982372,0.06003607845058185
20.178999999999206,9.0,20.178999999999206,4.9999007489279,0.41701782433157625,0.24410090901525067,1.5009019703636937,0.06685836620874379,0.060036078811991855
20.198999999999202,9.0,20.198999999999202,4.999900748928172,0.4170178243309581,0.24410091818411692,1.5009019795177447,0.06685836665209617,0.06003607918194678
20.218999999999202,9.0,20.218999999999202,4.9999007489284475,0.4170178243320734,0.2441009274639869,1.500901988817029,0.06685836712436467,0.06003607955390102
20.2389999999992,9.0,20.2389999999992,4.9999007489287255,0.4170178243316608,0.2441009367276421,1.5009019980801632,0.066858367521084,0.06003607992321292
20.2589999999992,9.0,20.2589999999992,4.999900748929003,0.4170178243320194,0.24410094600023072,1.500902007340793,0.06685836792830356,0.0600360802936228
20.2789999999992,9.0,20.2789999999992,4.999900748929282,0.4170178243321839,0.24410095533191614,1.5009020166724287,0.06685836837217105,0.060036080666896564
20.2989999999992,9.0,20.2989999999992,4.999900748929562,0.41701782433189283,0.24410096469862208,1.5009020260399841,0.06685836881110131,0.06003608104156641
20.3189999999992,9.0,20.3189999999992,4.999900748929841,0.4170178243322381,0.24410097409400383,1.5009020354353215,0.06685836923049789,0.06003608141615611
20.338999999999196,9.0,20.338999999999196,4.9999007489301235,0.41701782433221024,0.2441009835014217,1.5009020448327188,0.06685836966655681,0.06003608179331244
20.3589999999992,9.0,20.3589999999992,4.999900748930405,0.41701782433259965,0.24410099298595578,1.50090205432708,0.06685837013015353,0.06003608217309926
20.378999999999195,9.0,20.378999999999195,4.999900748930686,0.41701782433240975,0.24410100248010988,1.5009020638210835,0.066858370561364,0.060036082552817956
20.398999999999194,9.0,20.398999999999194,4.999900748930971,0.4170178243323608,0.24410101200586018,1.5009020733453735,0.06685837101332881,0.06003608293509476
20.399999999999196,9.0,20.399999999999196,4.99990074893099,0.4170178243320303,0.24410101244286292,1.5009020737677625,0.06685837096761008,0.0600360829507006
20.4159999999992,9.0,20.4159999999992,4.999900748931215,0.4170178243327011,0.24410102019098956,1.5009020815523249,0.06685837144660711,0.060036083262071285
20.435999999999197,9.0,20.435999999999197,4.9999007489314975,0.41701782433278434,0.24410102970415476,1.5009020910372668,0.06685837178337897,0.06003608364021769
20.455999999999193,9.0,20.455999999999193,4.999900748931783,0.4170178243327042,0.24410103933747196,1.5009021006743473,0.06685837226478444,0.06003608402700361
20.475999999999196,9.0,20.475999999999196,4.999900748932068,0.41701782433237866,0.24410104899756668,1.500902110335642,0.06685837271478215,0.060036084413461345
20.495999999999196,9.0,20.495999999999196,4.999900748932353,0.41701782433302703,0.2441010586870129,1.500902120024495,0.06685837315952031,0.060036084800915566
20.51599999999919,9.0,20.51599999999919,4.999900748932642,0.4170178243332614,0.24410106840914822,1.5009021297459615,0.06685837362346987,0.06003608519108219
20.535999999999195,9.0,20.535999999999195,4.999900748932932,0.4170178243334131,0.2441010781870977,1.5009021395328184,0.06685837405999968,0.060036085580056686
20.555999999999194,9.0,20.555999999999194,4.999900748933222,0.4170178243333943,0.24410108793154253,1.5009021492571748,0.06685837448722008,0.060036085970312236
20.57599999999919,9.0,20.57599999999919,4.9999007489335145,0.4170178243337916,0.24410109778028596,1.500902159115325,0.06685837497573299,0.06003608636459402
20.595999999999194,9.0,20.595999999999194,4.999900748933804,0.4170178243339455,0.2441011076425032,1.500902168978469,0.06685837542930925,0.06003608675909112
20.61599999999919,9.0,20.61599999999919,4.999900748934097,0.4170178243341931,0.24410111753312208,1.5009021788679917,0.06685837588218083,0.06003608715471912
20.63599999999919,9.0,20.63599999999919,4.999900748934391,0.41701782433365553,0.2441011274584186,1.5009021887924665,0.06685837635506021,0.06003608755296
20.65599999999919,9.0,20.65599999999919,4.999900748934689,0.41701782433371026,0.2441011374429043,1.5009021987857971,0.06685837678792438,0.06003608794895699
20.656999999999186,9.0,20.656999999999186,4.99990074893471,0.4170178243329206,0.2441011376432359,1.5009021988806255,0.0668583764522446,0.06003608795522835
20.672999999999185,9.0,20.672999999999185,4.999900748934947,0.41701782433479756,0.24410114605316743,1.5009022074206648,0.066858377505272,0.0600360883004936
20.692999999999184,9.0,20.692999999999184,4.999900748935237,0.41701782433416096,0.2441011560234553,1.5009022173932831,0.06685837776160412,0.06003608869571597
20.712999999999184,9.0,20.712999999999184,4.999900748935531,0.41701782433478435,0.2441011660270151,1.5009022273707218,0.06685837811865494,0.06003608909481842
20.732999999999183,9.0,20.732999999999183,4.999900748935831,0.41701782433437007,0.24410117608703183,1.5009022374150516,0.06685837856385571,0.060036089496652074
20.752999999999183,9.0,20.752999999999183,4.999900748936128,0.41701782433504286,0.24410118622324914,1.5009022475523097,0.06685837902588436,0.06003608989955336
20.77299999999918,9.0,20.77299999999918,4.999900748936429,0.41701782433442236,0.24410119634796454,1.5009022576600477,0.0668583795187852,0.060036090307640205
20.79299999999918,9.0,20.79299999999918,4.99990074893673,0.41701782433467177,0.24410120661942933,1.5009022679611705,0.06685838005772536,0.06003609071968553
20.812999999999178,9.0,20.812999999999178,4.999900748937032,0.4170178243348921,0.244101216852004,1.500902278193084,0.066858380473172,0.060036091126502315
20.832999999999178,9.0,20.832999999999178,4.999900748937334,0.41701782433516155,0.2441012270716762,1.500902288390149,0.06685838091887669,0.06003609153560101
20.852999999999177,9.0,20.852999999999177,4.999900748937636,0.4170178243351812,0.244101237402067,1.5009022987303533,0.06685838144945844,0.06003609195048875
20.872999999999177,9.0,20.872999999999177,4.999900748937942,0.4170178243356287,0.2441012477689604,1.5009023091078888,0.0668583819269015,0.06003609236432296
20.892999999999176,9.0,20.892999999999176,4.999900748938249,0.4170178243358226,0.24410125812043254,1.500902319448057,0.06685838239052114,0.06003609277919445
20.912999999999172,9.0,20.912999999999172,4.999900748938555,0.4170178243357518,0.2441012685559962,1.5009023298918187,0.0668583828644011,0.06003609319441347
20.913999999999177,9.0,20.913999999999177,4.999900748938577,0.4170178243349229,0.24410126886406275,1.5009023301242739,0.06685838262550962,0.06003609320496007
20.92999999999918,9.0,20.92999999999918,4.999900748938821,0.41701782433540774,0.2441012775255602,1.500902338882402,0.0668583834418109,0.06003609355347619
20.949999999999175,9.0,20.949999999999175,4.999900748939125,0.4170178243359457,0.2441012878921063,1.5009023492186684,0.06685838380365461,0.06003609396996374
20.969999999999178,9.0,20.969999999999178,4.999900748939432,0.41701782433524553,0.24410129846104536,1.5009023598087852,0.06685838427978684,0.060036094391119246
20.989999999999178,9.0,20.989999999999178,4.9999007489397425,0.4170178243352424,0.2441013089376652,1.5009023702533746,0.06685838470011195,0.06003609481012453
21.009999999999174,9.0,21.009999999999174,4.999900748940054,0.41701782433623064,0.24410131954723505,1.5009023808708468,0.06685838524459685,0.060036095236123764
21.029999999999177,9.0,21.029999999999177,4.999900748940364,0.41701782433622786,0.24410133019841876,1.5009023915332396,0.0668583857243098,0.060036095660052004
21.049999999999173,9.0,21.049999999999173,4.999900748940678,0.4170178243355677,0.24410134081193305,1.5009024021263786,0.06685838620224809,0.060036096086323376
21.069999999999173,9.0,21.069999999999173,4.9999007489409895,0.4170178243359432,0.24410135155557403,1.500902412888442,0.06685838672994462,0.060036096515517896
21.08999999999917,9.0,21.08999999999917,4.9999007489413065,0.41701782433605517,0.24410136226782925,1.5009024235913486,0.06685838718277716,0.060036096942434745
21.10999999999917,9.0,21.10999999999917,4.999900748941622,0.41701782433643514,0.24410137301689183,1.5009024343293977,0.06685838766960055,0.060036097371925015
21.12999999999917,9.0,21.12999999999917,4.999900748941938,0.4170178243368901,0.2441013838284339,1.500902445142011,0.06685838824343135,0.06003609780939942
21.149999999999167,9.0,21.149999999999167,4.999900748942256,0.4170178243367312,0.24410139476227818,1.5009024561145052,0.06685838874957956,0.06003609824336925
21.16999999999917,9.0,21.16999999999917,4.999900748942576,0.4170178243364809,0.2441014055506977,1.5009024668614956,0.06685838914629992,0.060036098673164125
21.189999999999166,9.0,21.189999999999166,4.999900748942892,0.4170178243369082,0.24410141646961958,1.5009024777784918,0.06685838971040144,0.06003609911236563
21.209999999999166,9.0,21.209999999999166,4.9999007489432135,0.41701782433652407,0.24410142747853122,1.5009024888095994,0.06685839025059673,0.060036099552359175
21.210999999999167,9.0,21.210999999999167,4.999900748943233,0.4170178243363269,0.2441014278968933,1.5009024891823026,0.06685839010513193,0.06003609956729835
21.226999999999162,9.0,21.226999999999162,4.999900748943492,0.4170178243374167,0.2441014368769451,1.5009024982212809,0.0668583907717378,0.060036099928890654
21.24699999999916,9.0,21.24699999999916,4.999900748943816,0.4170178243379097,0.24410144782271181,1.5009025091426662,0.06685839116616994,0.06003610036567748
21.26699999999916,9.0,21.26699999999916,4.999900748944134,0.4170178243374342,0.24410145890779048,1.5009025202362587,0.06685839168893432,0.06003610080948025
21.28699999999916,9.0,21.28699999999916,4.99990074894446,0.41701782433741286,0.24410146998725402,1.5009025313049627,0.06685839215994546,0.06003610125089784
21.30699999999916,9.0,21.30699999999916,4.999900748944781,0.4170178243372916,0.2441014811045624,1.5009025424119258,0.06685839269748124,0.06003610169774737
21.32699999999916,9.0,21.32699999999916,4.999900748945108,0.41701782433759943,0.24410149233037343,1.5009025536578209,0.06685839321674662,0.060036102143885994
21.346999999999156,9.0,21.346999999999156,4.999900748945435,0.4170178243378943,0.24410150348045553,1.5009025647789551,0.06685839371617797,0.06003610259242306
21.36699999999916,9.0,21.36699999999916,4.999900748945764,0.41701782433850093,0.24410151480226028,1.5009025761287857,0.06685839429132848,0.060036103045168404
21.386999999999155,9.0,21.386999999999155,4.999900748946094,0.4170178243380837,0.2441015260737369,1.500902587390837,0.06685839477635677,0.060036103495633326
21.406999999999154,9.0,21.406999999999154,4.999900748946421,0.4170178243386279,0.24410153740121088,1.5009025987157962,0.06685839529872414,0.06003610394861764
21.426999999999158,9.0,21.426999999999158,4.9999007489467555,0.41701782433884466,0.24410154877234583,1.50090261008682,0.06685839582875079,0.06003610440346506
21.446999999999154,9.0,21.446999999999154,4.999900748947087,0.41701782433816975,0.24410156018220985,1.5009026214964916,0.06685839637205124,0.060036104861057885
21.466999999999153,9.0,21.466999999999153,4.999900748947418,0.4170178243384949,0.2441015716508558,1.500902632974134,0.06685839688654233,0.060036105317717886
21.467999999999154,9.0,21.467999999999154,4.999900748947443,0.4170178243380652,0.24410157201033741,1.5009026332577036,0.06685839686750861,0.060036105339431156
21.483999999999156,9.0,21.483999999999156,4.999900748947714,0.4170178243388984,0.2441015815638434,1.5009026429335584,0.06685839752631496,0.060036105713726896
21.503999999999156,9.0,21.503999999999156,4.9999007489480425,0.4170178243398109,0.2441015928824592,1.5009026541844905,0.06685839783602,0.06003610616605595
21.523999999999152,9.0,21.523999999999152,4.9999007489483756,0.4170178243387625,0.24410160447223697,1.5009026657848665,0.06685839843328088,0.060036106632625055
21.543999999999155,9.0,21.543999999999155,4.999900748948712,0.4170178243390363,0.24410161609294492,1.5009026774156242,0.06685839897617035,0.06003610709788796
21.563999999999155,9.0,21.563999999999155,4.999900748949051,0.41701782433899076,0.24410162772619826,1.5009026890462622,0.06685839946657886,0.060036107560569166
21.58399999999915,9.0,21.58399999999915,4.99990074894939,0.4170178243388411,0.24410163935607673,1.5009027006552451,0.06685839998752895,0.06003610802621322
21.603999999999154,9.0,21.603999999999154,4.999900748949728,0.41701782433934387,0.2441016510998692,1.5009027124093608,0.06685840058358285,0.06003610849756243
21.62399999999915,9.0,21.62399999999915,4.999900748950074,0.41701782434004997,0.24410166288126917,1.5009027242014117,0.06685840111006865,0.060036108966763396
21.64399999999915,9.0,21.64399999999915,4.999900748950413,0.4170178243391722,0.2441016746288285,1.500902735928073,0.06685840163791917,0.060036109438350804
21.66399999999915,9.0,21.66399999999915,4.9999007489507585,0.4170178243393295,0.2441016865095054,1.5009027478270567,0.06685840221905313,0.06003610991314049
21.68399999999915,9.0,21.68399999999915,4.999900748951102,0.4170178243398939,0.2441016983650389,1.5009027596731208,0.06685840273925263,0.06003611038691822
21.703999999999148,9.0,21.703999999999148,4.999900748951445,0.41701782433960805,0.24410171027961686,1.5009027715862284,0.06685840327891701,0.06003611086224301
21.723999999999148,9.0,21.723999999999148,4.999900748951795,0.4170178243399581,0.24410172221612425,1.5009027835134219,0.0668584038214434,0.06003611133937816
21.724999999999145,9.0,21.724999999999145,4.999900748951817,0.417017824338993,0.24410172261156698,1.5009027838361995,0.06685840381808521,0.060036111362572364
21.740999999999147,9.0,21.740999999999147,4.999900748952095,0.41701782434016993,0.2441017326232339,1.5009027939931971,0.0668584045760718,0.0600361117579331
21.760999999999147,9.0,21.760999999999147,4.9999007489524425,0.4170178243401463,0.24410174446740618,1.5009028057765301,0.06685840488270377,0.060036112231111195
21.78099999999915,9.0,21.78099999999915,4.99990074895279,0.4170178243406685,0.24410175656148433,1.5009028178761172,0.06685840546257106,0.060036112716264994
21.800999999999146,9.0,21.800999999999146,4.9999007489531415,0.41701782433981427,0.24410176867163194,1.5009028299849678,0.06685840598196531,0.060036113198140464
21.820999999999145,9.0,21.820999999999145,4.999900748953493,0.4170178243404722,0.24410178077855132,1.5009028420713375,0.06685840654096162,0.06003611368414034
21.84099999999915,9.0,21.84099999999915,4.999900748953844,0.41701782434059037,0.24410179302242177,1.5009028543349212,0.06685840715912564,0.06003611417463937
21.860999999999144,9.0,21.860999999999144,4.9999007489542,0.4170178243409612,0.24410180525876649,1.5009028665716542,0.06685840766603895,0.06003611466038166
21.88099999999914,9.0,21.88099999999914,4.999900748954554,0.41701782434077195,0.24410181746769272,1.5009028787497756,0.06685840820940324,0.06003611514996986
21.900999999999144,9.0,21.900999999999144,4.999900748954908,0.4170178243409435,0.24410182983586756,1.5009028911381825,0.06685840885781288,0.06003611564677892
21.920999999999143,9.0,21.920999999999143,4.999900748955265,0.41701782434119483,0.24410184222148082,1.5009029035345793,0.06685840941929515,0.060036116141390615
21.94099999999914,9.0,21.94099999999914,4.999900748955624,0.4170178243408788,0.24410185459425238,1.500902915894913,0.06685840994074631,0.06003611663456823
21.960999999999142,9.0,21.960999999999142,4.999900748955984,0.41701782434086554,0.24410186701575193,1.500902928305291,0.06685841053748787,0.0600361171334391
21.980999999999142,9.0,21.980999999999142,4.999900748956344,0.4170178243415611,0.24410187954867013,1.5009029408584018,0.0668584111468709,0.0600361176343465
21.981999999999143,9.0,21.981999999999143,4.999900748956369,0.4170178243409083,0.2441018800446609,1.5009029413084582,0.06685841100540764,0.060036117652330544
21.997999999999145,9.0,21.997999999999145,4.999900748956657,0.4170178243414761,0.2441018902529129,1.5009029515768346,0.06685841170714432,0.060036118061295975
22.01799999999914,9.0,22.01799999999914,4.999900748957011,0.4170178243415002,0.24410190271070292,1.5009029640005302,0.06685841219900758,0.06003611856138181
22.03799999999914,9.0,22.03799999999914,4.9999007489573755,0.4170178243417107,0.24410191538549517,1.5009029767032411,0.06685841281870426,0.060036119068148465
22.05799999999914,9.0,22.05799999999914,4.99990074895774,0.41701782434183954,0.2441019279846061,1.5009029892819248,0.06685841334117036,0.06003611957131653
22.07799999999914,9.0,22.07799999999914,4.999900748958105,0.41701782434178314,0.24410194067169486,1.5009030019665213,0.06685841392229201,0.06003612007741082
22.09799999999914,9.0,22.09799999999914,4.9999007489584715,0.4170178243421905,0.24410195338666663,1.5009030146731333,0.06685841453504607,0.06003612058813385
22.117999999999135,9.0,22.117999999999135,4.999900748958838,0.4170178243423482,0.24410196620954383,1.5009030275157509,0.06685841515367377,0.06003612110063743
22.13799999999914,9.0,22.13799999999914,4.9999007489592096,0.41701782434185075,0.24410197900365208,1.500903040299397,0.06685841571036398,0.06003612161196172
22.157999999999134,9.0,22.157999999999134,4.999900748959578,0.4170178243423453,0.24410199186141868,1.5009030531551448,0.0668584163068756,0.06003612212622105
22.177999999999134,9.0,22.177999999999134,4.999900748959949,0.4170178243428905,0.2441020047652297,1.5009030660590617,0.0668584169071327,0.06003612264236824
22.197999999999137,9.0,22.197999999999137,4.999900748960321,0.41701782434256013,0.24410201771379952,1.5009030790073137,0.06685841749196596,0.060036123159003085
22.217999999999133,9.0,22.217999999999133,4.999900748960694,0.4170178243427045,0.24410203068068514,1.5009030919643038,0.0668584181070753,0.0600361236798885
22.237999999999133,9.0,22.237999999999133,4.999900748961068,0.41701782434313844,0.24410204376178207,1.5009031050642836,0.06685841872077782,0.06003612420130051
22.238999999999134,9.0,22.238999999999134,4.9999007489610925,0.4170178243417971,0.24410204419985823,1.5009031054268698,0.06685841848623644,0.060036124217090744
22.254999999999136,9.0,22.254999999999136,4.999900748961395,0.4170178243427796,0.24410205495889267,1.500903116280159,0.06685841943681961,0.060036124653036954
22.274999999999135,9.0,22.274999999999135,4.9999007489617675,0.41701782434351764,0.24410206800462636,1.500903129314583,0.06685841986554748,0.060036125171281506
22.294999999999135,9.0,22.294999999999135,4.999900748962142,0.41701782434331264,0.24410208112332904,1.500903142414952,0.06685842042631351,0.060036125696616656
22.314999999999134,9.0,22.314999999999134,4.999900748962522,0.4170178243433404,0.2441020943193448,1.5009031556079588,0.06685842103748946,0.060036126224314916
22.334999999999134,9.0,22.334999999999134,4.999900748962902,0.4170178243434879,0.244102107567213,1.5009031688560732,0.06685842165688059,0.060036126754219626
22.35499999999913,9.0,22.35499999999913,4.999900748963283,0.4170178243439644,0.24410212085869515,1.500903182147503,0.06685842227263192,0.06003612728583728
22.374999999999133,9.0,22.374999999999133,4.999900748963666,0.41701782434373,0.24410213419206547,1.5009031954803513,0.06685842290291215,0.06003612782043747
22.39499999999913,9.0,22.39499999999913,4.9999007489640475,0.417017824344152,0.2441021475908594,1.5009032088878966,0.06685842352075896,0.06003612835554465
22.41499999999913,9.0,22.41499999999913,4.999900748964434,0.41701782434455265,0.24410216098906612,1.5009032222751715,0.0668584240848274,0.060036128888521174
22.43499999999913,9.0,22.43499999999913,4.999900748964816,0.4170178243441414,0.24410217441347556,1.5009032356798158,0.0668584247447617,0.06003612942968564
22.454999999999128,9.0,22.454999999999128,4.999900748965206,0.4170178243441524,0.2441021880189017,1.5009032493249868,0.06685842542658532,0.06003612997302237
22.474999999999127,9.0,22.474999999999127,4.999900748965595,0.4170178243446414,0.2441022015283303,1.500903262814289,0.06685842598402715,0.060036130512535375
22.494999999999127,9.0,22.494999999999127,4.999900748965985,0.4170178243442488,0.24410221512471098,1.5009032764073003,0.06685842660261553,0.06003613105503318
22.514999999999127,9.0,22.514999999999127,4.999900748966374,0.41701782434453266,0.24410222875211696,1.5009032900260535,0.06685842724184249,0.060036131601010165
22.515999999999128,9.0,22.515999999999128,4.9999007489663985,0.41701782434396084,0.24410222931600917,1.5009032905474358,0.06685842711959605,0.06003613162188679
22.53199999999913,9.0,22.53199999999913,4.9999007489667155,0.41701782434492934,0.24410224050674914,1.5009033018213394,0.06685842792850878,0.060036132071065326
22.55199999999913,9.0,22.55199999999913,4.999900748967103,0.4170178243452381,0.24410225412686504,1.500903315405092,0.06685842844609634,0.06003613261749358
22.571999999999125,9.0,22.571999999999125,4.999900748967491,0.4170178243452838,0.24410226796146056,1.5009033292638196,0.06685842910459644,0.06003613317057544
22.59199999999913,9.0,22.59199999999913,4.999900748967886,0.41701782434541584,0.2441022817347799,1.5009033430155436,0.0668584296961083,0.060036133721770656
22.611999999999128,9.0,22.611999999999128,4.9999007489682805,0.41701782434566986,0.24410229562026306,1.5009033569082455,0.06685843034861153,0.06003613427626569
22.631999999999124,9.0,22.631999999999124,4.999900748968679,0.41701782434493495,0.24410230951130885,1.5009033707902353,0.06685843097577272,0.060036134831644584
22.65199999999912,9.0,22.65199999999912,4.999900748969077,0.41701782434606294,0.24410232347197222,1.5009033847505044,0.06685843162947054,0.06003613538999297
22.671999999999123,9.0,22.671999999999123,4.999900748969478,0.4170178243456427,0.2441023374769704,1.5009033987559723,0.06685843226475079,0.06003613594900166
22.691999999999123,9.0,22.691999999999123,4.999900748969879,0.4170178243462223,0.2441023515069118,1.500903412775945,0.06685843291362616,0.0600361365110307
22.71199999999912,9.0,22.71199999999912,4.999900748970282,0.41701782434609397,0.24410236562602367,1.5009034269046937,0.06685843360433821,0.060036137077437664
22.731999999999122,9.0,22.731999999999122,4.999900748970685,0.4170178243460459,0.2441023797916971,1.5009034410793272,0.06685843423523526,0.060036137641903554
22.75199999999912,9.0,22.75199999999912,4.999900748971086,0.4170178243460864,0.24410239393229258,1.5009034551987168,0.06685843487420746,0.06003613820922864
22.771999999999117,9.0,22.771999999999117,4.999900748971493,0.41701782434659007,0.24410240821259324,1.5009034694973429,0.06685843555050079,0.06003613877866583
22.77299999999912,9.0,22.77299999999912,4.999900748971521,0.4170178243455346,0.24410240871253888,1.5009034699215473,0.06685843531946369,0.060036138796851414
22.78899999999912,9.0,22.78899999999912,4.999900748971847,0.41701782434720275,0.24410242044025338,1.5009034817454343,0.066858436322114,0.06003613927164548
22.80899999999912,9.0,22.80899999999912,4.999900748972252,0.4170178243464264,0.24410243469342158,1.5009034959871503,0.0668584368204262,0.06003613983952358
22.828999999999123,9.0,22.828999999999123,4.9999007489726575,0.4170178243467679,0.2441024490455404,1.5009035103299342,0.06685843743455779,0.06003614041321745
22.84899999999912,9.0,22.84899999999912,4.999900748973067,0.4170178243470652,0.24410246343271144,1.5009035247037341,0.06685843807550229,0.06003614098818636
22.86899999999912,9.0,22.86899999999912,4.999900748973478,0.41701782434704615,0.2441024778982141,1.5009035391691263,0.06685843875876066,0.06003614156682728
22.888999999999122,9.0,22.888999999999122,4.999900748973895,0.4170178243470298,0.24410249241310686,1.5009035536849358,0.06685843943514277,0.06003614214739695
22.908999999999118,9.0,22.908999999999118,4.999900748974307,0.4170178243468577,0.24410250697111557,1.5009035682426943,0.06685844010721646,0.06003614272978293
22.928999999999114,9.0,22.928999999999114,4.9999007489747225,0.4170178243477868,0.24410252157902262,1.5009035828497317,0.06685844076573941,0.060036143312720815
22.948999999999113,9.0,22.948999999999113,4.999900748975141,0.4170178243477204,0.24410253621063827,1.5009035974713036,0.06685844147150966,0.0600361439013827
22.968999999999117,9.0,22.968999999999117,4.999900748975558,0.4170178243481201,0.24410255098034217,1.5009036122693296,0.0668584421468221,0.0600361444882764
22.988999999999113,9.0,22.988999999999113,4.999900748975976,0.41701782434754137,0.24410256563839436,1.500903626887807,0.06685844278237696,0.0600361450767938
23.008999999999112,9.0,23.008999999999112,4.999900748976398,0.4170178243479978,0.24410258050398398,1.5009036417808992,0.06685844352862684,0.060036145671228704
23.028999999999115,9.0,23.028999999999115,4.9999007489768195,0.41701782434851903,0.2441025953311448,1.5009036565995213,0.06685844416737177,0.06003614626271635
23.04899999999911,9.0,23.04899999999911,4.999900748977243,0.41701782434813756,0.24410261019953203,1.5009036714561828,0.06685844485286457,0.060036146858206366
23.049999999999113,9.0,23.049999999999113,4.999900748977274,0.41701782434770185,0.24410261082589882,1.5009036720399294,0.06685844484376789,0.06003614688618062
23.065999999999114,9.0,23.065999999999114,4.999900748977612,0.4170178243483492,0.24410262304963892,1.5009036843603254,0.06685844564502945,0.06003614737439817
23.085999999999114,9.0,23.085999999999114,4.999900748978032,0.41701782434903223,0.24410263791275522,1.500903699183021,0.06685844615379719,0.06003614796731885
23.105999999999113,9.0,23.105999999999113,4.999900748978455,0.41701782434832657,0.24410265295950279,1.500903714232729,0.06685844685173035,0.06003614856926749
23.125999999999113,9.0,23.125999999999113,4.999900748978878,0.417017824348833,0.24410266801695013,1.5009037292797616,0.06685844752661622,0.06003614917119187
23.145999999999113,9.0,23.145999999999113,4.99990074897931,0.4170178243494585,0.2441026831493229,1.5009037444113893,0.06685844821983275,0.0600361497751205
23.16599999999911,9.0,23.16599999999911,4.999900748979741,0.41701782434872364,0.24410269830959844,1.5009037595627568,0.06685844894110322,0.06003615038375964
23.18599999999911,9.0,23.18599999999911,4.999900748980169,0.4170178243493864,0.24410271358540475,1.5009037748577843,0.06685844965544221,0.060036150993045344
23.205999999999108,9.0,23.205999999999108,4.999900748980604,0.41701782434934354,0.24410272881650472,1.500903790068877,0.06685845033997993,0.06003615160401142
23.225999999999107,9.0,23.225999999999107,4.9999007489810365,0.41701782435015994,0.24410274418904504,1.500903805458842,0.06685845106256429,0.06003615221710944
23.245999999999107,9.0,23.245999999999107,4.9999007489814735,0.41701782434956913,0.2441027595217839,1.5009038207724217,0.06685845177197965,0.060036152833391566
23.265999999999107,9.0,23.265999999999107,4.999900748981911,0.4170178243499419,0.24410277501520267,1.5009038362931235,0.06685845248508196,0.060036153449252845
23.285999999999106,9.0,23.285999999999106,4.99990074898235,0.4170178243499716,0.244102790402384,1.5009038516413966,0.06685845314301453,0.06003615406566238
23.305999999999102,9.0,23.305999999999102,4.999900748982788,0.4170178243503091,0.2441028059768082,1.5009038672341433,0.06685845393857102,0.06003615469060101
23.325999999999105,9.0,23.325999999999105,4.9999007489832294,0.4170178243502639,0.24410282157838098,1.5009038828469385,0.0668584546361147,0.0600361553126725
23.3459999999991,9.0,23.3459999999991,4.99990074898367,0.41701782434971907,0.24410283715614742,1.5009038984028764,0.06685845532186377,0.06003615593615359
23.346999999999106,9.0,23.346999999999106,4.999900748983704,0.41701782435004897,0.24410283781928108,1.5009038990228922,0.066858455203737,0.060036155960901276
23.362999999999108,9.0,23.362999999999108,4.999900748984058,0.41701782435053764,0.244102850597489,1.5009039118838952,0.06685845612184313,0.06003615647543027
23.382999999999107,9.0,23.382999999999107,4.999900748984493,0.4170178243504439,0.24410286623217964,1.5009039274923697,0.06685845669200047,0.06003615709841497
23.402999999999103,9.0,23.402999999999103,4.999900748984937,0.4170178243508199,0.24410288199693062,1.5009039432520128,0.06685845743098243,0.06003615773130552
23.422999999999107,9.0,23.422999999999107,4.999900748985387,0.41701782435080265,0.24410289783840475,1.5009039591013762,0.0668584581584711,0.06003615836401805
23.442999999999103,9.0,23.442999999999103,4.999900748985835,0.4170178243508851,0.24410291368706075,1.5009039749390207,0.06685845885143825,0.06003615899629957
23.462999999999102,9.0,23.462999999999102,4.999900748986281,0.41701782435133883,0.2441029295891632,1.5009039908307398,0.06685845960947277,0.06003615963445107
23.4829999999991,9.0,23.4829999999991,4.999900748986735,0.4170178243512787,0.24410294561267118,1.5009040068742128,0.06685846039295527,0.06003616027618318
23.5029999999991,9.0,23.5029999999991,4.999900748987186,0.4170178243511928,0.24410296163661313,1.5009040228973045,0.06685846108306756,0.06003616091460139
23.5229999999991,9.0,23.5229999999991,4.999900748987639,0.4170178243518459,0.24410297766484512,1.5009040389037505,0.06685846180056279,0.06003616155613781
23.542999999999097,9.0,23.542999999999097,4.999900748988094,0.4170178243518623,0.24410299381979345,1.5009040550684634,0.0668584625840058,0.0600361622027355
23.5629999999991,9.0,23.5629999999991,4.999900748988553,0.41701782435190105,0.24410301000345455,1.5009040712531259,0.06685846332801296,0.060036162850074584
23.582999999999096,9.0,23.582999999999096,4.999900748989008,0.4170178243519737,0.2441030262332982,1.5009040874815744,0.06685846408650017,0.060036163500498674
23.602999999999096,9.0,23.602999999999096,4.99990074898947,0.4170178243523841,0.24410304253877133,1.5009041037952988,0.06685846482248045,0.06003616415057211
23.603999999999097,9.0,23.603999999999097,4.999900748989498,0.4170178243513128,0.24410304313999592,1.5009041043207763,0.0668584645960771,0.06003616417283718
23.6199999999991,9.0,23.6199999999991,4.999900748989865,0.4170178243533995,0.24410305650908945,1.5009041177847358,0.06685846567889608,0.060036164713233156
23.639999999999098,9.0,23.639999999999098,4.999900748990326,0.4170178243520282,0.2441030728193865,1.5009041340842377,0.06685846627430776,0.06003616536342604
23.6599999999991,9.0,23.6599999999991,4.999900748990785,0.4170178243528688,0.2441030892354343,1.500904150490989,0.06685846696864321,0.06003616601841807
23.679999999999097,9.0,23.679999999999097,4.99990074899125,0.41701782435276874,0.2441031056705484,1.5009041669032448,0.06685846770375219,0.060036166676120536
23.699999999999093,9.0,23.699999999999093,4.999900748991714,0.4170178243530946,0.24410312223358416,1.5009041834763477,0.06685846850733544,0.0600361673390465
23.719999999999096,9.0,23.719999999999096,4.999900748992181,0.4170178243536627,0.2441031388280022,1.5009042000718487,0.06685846928600664,0.06003616800405057
23.739999999999096,9.0,23.739999999999096,4.99990074899265,0.4170178243531897,0.24410315548974978,1.5009042167416882,0.0668584700336057,0.06003616866840766
23.759999999999092,9.0,23.759999999999092,4.9999007489931175,0.4170178243535068,0.24410317213808994,1.5009042333691787,0.06685847079110378,0.06003616933603307
23.779999999999095,9.0,23.779999999999095,4.999900748993591,0.4170178243531673,0.24410318893246358,1.5009042501820034,0.06685847158404688,0.060036170006079505
23.799999999999095,9.0,23.799999999999095,4.999900748994065,0.4170178243536667,0.24410320569046315,1.50090426692105,0.06685847234442242,0.060036170678104954
23.81999999999909,9.0,23.81999999999909,4.9999007489945395,0.41701782435394696,0.24410322258933234,1.5009042838377795,0.06685847313644343,0.06003617135227648
23.839999999999087,9.0,23.839999999999087,4.999900748995015,0.41701782435392554,0.24410323945429116,1.5009043006833094,0.06685847388618857,0.060036172027309646
23.85999999999909,9.0,23.85999999999909,4.999900748995489,0.4170178243541274,0.24410325643885042,1.5009043176763002,0.06685847469830129,0.06003617270703421
23.860999999999095,9.0,23.860999999999095,4.999900748995521,0.4170178243530438,0.24410325716309636,1.5009043183566726,0.06685847457507628,0.06003617273426502
23.876999999999093,9.0,23.876999999999093,4.999900748995905,0.41701782435486834,0.24410327098666382,1.500904332251485,0.06685847549842582,0.06003617329007775
23.896999999999093,9.0,23.896999999999093,4.999900748996381,0.41701782435520457,0.24410328796353542,1.5009043492025815,0.0668584761708406,0.060036173969363234
23.916999999999092,9.0,23.916999999999092,4.999900748996858,0.41701782435458845,0.24410330511850603,1.5009043663730488,0.06685847694837538,0.06003617465367313
23.936999999999088,9.0,23.936999999999088,4.999900748997336,0.4170178243549296,0.24410332221709208,1.5009043834405855,0.06685847768608881,0.0600361753376078
23.95699999999909,9.0,23.95699999999909,4.999900748997821,0.4170178243553972,0.24410333946397922,1.5009044006961858,0.0668584785369645,0.06003617602903522
23.976999999999087,9.0,23.976999999999087,4.999900748998307,0.4170178243550389,0.2441033567670555,1.5009044180103464,0.06685847932108482,0.060036176719104745
23.996999999999087,9.0,23.996999999999087,4.999900748998794,0.41701782435524676,0.24410337405165525,1.5009044352740937,0.0668584801050411,0.06003617741222462
24.01699999999909,9.0,24.01699999999909,4.999900748999281,0.417017824355171,0.24410339148223503,1.500904452722806,0.06685848093935273,0.06003617810894459
24.036999999999086,9.0,24.036999999999086,4.999900748999768,0.4170178243562386,0.24410340890221435,1.500904470133023,0.06685848169971852,0.06003617880405367
24.056999999999086,9.0,24.056999999999086,4.999900749000259,0.417017824356049,0.24410342637477028,1.5009044875944089,0.06685848253884903,0.060036179506228526
24.07699999999909,9.0,24.07699999999909,4.9999007490007505,0.4170178243551939,0.2441034439936006,1.5009045052422254,0.06685848334891821,0.06003618020719397
24.096999999999085,9.0,24.096999999999085,4.999900749001244,0.417017824356222,0.2441034615075704,1.500904522716709,0.06685848410079935,0.060036180908688314
24.11699999999908,9.0,24.11699999999908,4.999900749001742,0.4170178243564122,0.24410347921476727,1.5009045404418335,0.06685848497803698,0.06003618161764433
24.13699999999908,9.0,24.13699999999908,4.9999007490022365,0.4170178243561686,0.24410349693394906,1.5009045581626819,0.06685848578871123,0.06003618232651761
24.156999999999083,9.0,24.156999999999083,4.999900749002735,0.4170178243559177,0.24410351470284505,1.5009045759293271,0.06685848661410074,0.06003618303840375
24.157999999999085,9.0,24.157999999999085,4.999900749002767,0.41701782435583273,0.24410351555189655,1.5009045767638771,0.06685848669668194,0.06003618307511708
24.173999999999083,9.0,24.173999999999083,4.999900749003168,0.4170178243568147,0.24410352994305257,1.5009045912040502,0.06685848734205521,0.06003618364453605
24.193999999999086,9.0,24.193999999999086,4.999900749003662,0.41701782435695345,0.24410354766425138,1.5009046088634754,0.06685848807334442,0.06003618435588088
24.213999999999082,9.0,24.213999999999082,4.999900749004162,0.41701782435646684,0.2441035656970785,1.5009046269383592,0.06685848898124691,0.0600361850762787
24.23399999999908,9.0,24.23399999999908,4.999900749004663,0.41701782435686907,0.24410358362039772,1.5009046448347378,0.06685848975190402,0.06003618579339976
24.25399999999908,9.0,24.25399999999908,4.999900749005169,0.41701782435694656,0.24410360168091458,1.5009046629022949,0.06685849061296754,0.06003618651611963
24.27399999999908,9.0,24.27399999999908,4.999900749005675,0.41701782435746654,0.24410361978324294,1.500904681005145,0.06685849146188921,0.060036187241409106
24.29399999999908,9.0,24.29399999999908,4.999900749006182,0.4170178243580525,0.24410363795692117,1.5009046991871242,0.06685849228042677,0.060036187966269666
24.31399999999908,9.0,24.31399999999908,4.9999007490066925,0.4170178243581713,0.24410365612127488,1.5009047173306684,0.06685849312155584,0.060036188695690246
24.33399999999908,9.0,24.33399999999908,4.999900749007204,0.4170178243577588,0.24410367445612152,1.500904735693388,0.0668584939830769,0.060036189426436265
24.353999999999075,9.0,24.353999999999075,4.999900749007715,0.41701782435805596,0.24410369271269064,1.5009047539206548,0.06685849475766943,0.06003619015554249
24.37399999999908,9.0,24.37399999999908,4.999900749008228,0.41701782435838947,0.24410371109467163,1.5009047723012032,0.06685849564200459,0.060036190891994495
24.393999999999075,9.0,24.393999999999075,4.999900749008745,0.4170178243582795,0.24410372955944648,1.5009047907774877,0.06685849653436428,0.060036191632371456
24.413999999999074,9.0,24.413999999999074,4.99990074900926,0.4170178243586567,0.24410374807338744,1.5009048092999324,0.066858497359396,0.06003619237077241
24.414999999999075,9.0,24.414999999999075,4.999900749009293,0.4170178243578122,0.24410374878582472,1.5009048099358986,0.06685849713680365,0.06003619239742133
24.43099999999908,9.0,24.43099999999908,4.99990074900971,0.41701782435967,0.24410376392451755,1.5009048251682975,0.06685849829456231,0.06003619300851975
24.450999999999077,9.0,24.450999999999077,4.99990074901022,0.4170178243598116,0.24410378245560432,1.5009048436884043,0.06685849899260424,0.060036193747547005
24.470999999999073,9.0,24.470999999999073,4.999900749010741,0.41701782435927254,0.2441038010968745,1.5009048623205248,0.06685849977459318,0.06003619449031561
24.490999999999076,9.0,24.490999999999076,4.999900749011263,0.41701782435929574,0.24410381973899548,1.500904880930323,0.06685850064141076,0.06003619523973365
24.510999999999076,9.0,24.510999999999076,4.999900749011785,0.4170178243599543,0.24410383860523654,1.5009048998355181,0.0668585015595686,0.06003619599221948
24.53099999999907,9.0,24.53099999999907,4.999900749012314,0.41701782435971047,0.24410385736986723,1.500904918571648,0.06685850237988591,0.0600361967440896
24.550999999999075,9.0,24.550999999999075,4.999900749012836,0.4170178243596893,0.2441038763019292,1.5009049375201409,0.06685850329676125,0.060036197501974045
24.570999999999074,9.0,24.570999999999074,4.999900749013368,0.4170178243599928,0.2441038952489263,1.5009049564672223,0.06685850411418454,0.06003619825615787
24.59099999999907,9.0,24.59099999999907,4.999900749013897,0.41701782435999113,0.244103914184494,1.5009049753720722,0.06685850499811004,0.060036199017456625
24.610999999999073,9.0,24.610999999999073,4.999900749014428,0.41701782436006934,0.2441039333407711,1.5009049945671447,0.0668585059109882,0.06003619978022738
24.63099999999907,9.0,24.63099999999907,4.9999007490149605,0.4170178243606693,0.24410395237472235,1.5009050135629256,0.06685850672833396,0.060036200542454045
24.65099999999907,9.0,24.65099999999907,4.999900749015494,0.4170178243606216,0.2441039715978283,1.500905032803297,0.0668585076699263,0.060036201312124234
24.67099999999907,9.0,24.67099999999907,4.999900749016031,0.41701782436098483,0.2441039908402772,1.5009050520468021,0.06685850856442208,0.06003620208311519
24.690999999999068,9.0,24.690999999999068,4.999900749016568,0.4170178243611112,0.24410401015741648,1.5009050713711698,0.06685850944467855,0.060036202854767996
24.69199999999907,9.0,24.69199999999907,4.999900749016602,0.4170178243604462,0.24410401099292628,1.5009050721608588,0.066858509319953,0.060036202886442666
24.707999999999068,9.0,24.707999999999068,4.999900749017036,0.4170178243611009,0.24410402666269024,1.500905087889504,0.0668585103066763,0.060036203515571644
24.72799999999907,9.0,24.72799999999907,4.999900749017569,0.41701782436157336,0.24410404598939753,1.5009051071923063,0.06685851107469544,0.06003620428639478
24.747999999999067,9.0,24.747999999999067,4.999900749018109,0.4170178243619123,0.24410406545615768,1.5009051266577909,0.06685851199690544,0.060036205067544285
24.767999999999066,9.0,24.767999999999066,4.999900749018656,0.4170178243617595,0.24410408500403516,1.5009051462142131,0.06685851287896387,0.06003620584726876
24.78799999999907,9.0,24.78799999999907,4.999900749019199,0.4170178243627536,0.24410410454147718,1.5009051657309518,0.06685851376798509,0.06003620663046151
24.807999999999065,9.0,24.807999999999065,4.999900749019744,0.41701782436186263,0.24410412422985037,1.5009051854376692,0.06685851469231846,0.06003620741628421
24.827999999999065,9.0,24.827999999999065,4.999900749020292,0.41701782436238766,0.2441041438902994,1.5009052050789011,0.06685851557154743,0.06003620820319757
24.847999999999068,9.0,24.847999999999068,4.99990074902084,0.41701782436225315,0.2441041636762037,1.5009052248731354,0.06685851652502457,0.06003620899612238
24.867999999999064,9.0,24.867999999999064,4.999900749021394,0.4170178243628377,0.24410418352406965,1.5009052447305533,0.0668585174351612,0.06003620978920627
24.88799999999906,9.0,24.88799999999906,4.999900749021943,0.4170178243633657,0.24410420338212235,1.500905264576804,0.06685851830486222,0.06003621058178259
24.907999999999063,9.0,24.907999999999063,4.999900749022503,0.41701782436322926,0.24410422330183362,1.5009052844856017,0.0668585192449311,0.0600362113806811
24.927999999999063,9.0,24.927999999999063,4.999900749023055,0.4170178243631256,0.24410424335450526,1.5009053045579432,0.0668585201832059,0.060036212181028975
24.94799999999906,9.0,24.94799999999906,4.999900749023613,0.417017824363644,0.24410426337213553,1.5009053245558097,0.0668585210885667,0.06003621298353893
24.94899999999906,9.0,24.94899999999906,4.999900749023648,0.4170178243629272,0.24410426434126997,1.500905325511622,0.06685852107463308,0.06003621302047603
24.964999999999065,9.0,24.964999999999065,4.999900749024096,0.4170178243635528,0.24410428056412783,1.5009053417812481,0.06685852197238007,0.06003621367122237
24.98499999999906,9.0,24.98499999999906,4.999900749024652,0.41701782436426627,0.24410430066248676,1.500905361850021,0.06685852278239135,0.06003621447274916
25.00499999999906,9.0,25.00499999999906,4.999900749025213,0.4170178243640443,0.24410432090780051,1.500905382096833,0.06685852375734799,0.06003621528507711
25.02499999999906,9.0,25.02499999999906,4.999900749025777,0.4170178243645787,0.24410434122901237,1.5009054024279078,0.0668585246800227,0.060036216095906515
25.04499999999906,9.0,25.04499999999906,4.9999007490263425,0.4170178243647899,0.24410436154249446,1.5009054227205925,0.06685852560404262,0.06003621691004657
25.06499999999906,9.0,25.06499999999906,4.999900749026907,0.4170178243644649,0.24410438200760642,1.5009054432039963,0.06685852656310029,0.06003621772692033
25.08499999999906,9.0,25.08499999999906,4.999900749027473,0.41701782436464124,0.24410440244483447,1.500905463621972,0.06685852749144244,0.06003621854614001
25.10499999999906,9.0,25.10499999999906,4.999900749028042,0.4170178243651994,0.24410442303164176,1.5009054842264535,0.06685852843751379,0.06003621936659315
25.124999999999055,9.0,25.124999999999055,4.9999007490286145,0.4170178243653725,0.24410444357039757,1.5009055047362534,0.06685852938531599,0.060036220191935226
25.144999999999058,9.0,25.144999999999058,4.999900749029189,0.41701782436564944,0.2441044643264681,1.5009055255296655,0.0668585303781202,0.060036221019928955
25.164999999999054,9.0,25.164999999999054,4.999900749029762,0.4170178243649587,0.24410448498475695,1.5009055461586038,0.06685853126831136,0.060036221846393824
25.184999999999054,9.0,25.184999999999054,4.999900749030342,0.4170178243652297,0.24410450579489065,1.5009055669755305,0.06685853227296812,0.06003622268028684
25.204999999999057,9.0,25.204999999999057,4.999900749030918,0.41701782436618007,0.2441045266712623,1.5009055878622428,0.0668585332338847,0.06003622351450034
25.205999999999054,9.0,25.205999999999054,4.999900749030955,0.41701782436515544,0.24410452758548132,1.5009055887303282,0.06685853311193546,0.06003622354922289
25.221999999999056,9.0,25.221999999999056,4.999900749031423,0.41701782436655493,0.2441045445026836,1.5009056057068066,0.06685853412607046,0.06003622422643095
25.24199999999906,9.0,25.24199999999906,4.9999007490319975,0.4170178243665033,0.24410456536600586,1.5009056265362577,0.06685853498926059,0.06003622506138418
25.261999999999055,9.0,25.261999999999055,4.999900749032575,0.41701782436633517,0.24410458644129557,1.5009056476299039,0.06685853602399548,0.060036225907662076
25.281999999999055,9.0,25.281999999999055,4.999900749033161,0.4170178243666715,0.2441046075504829,1.5009056687472326,0.0668585369292639,0.06003622674744581
25.30199999999905,9.0,25.30199999999905,4.999900749033747,0.41701782436716295,0.24410462861009374,1.5009056897649327,0.06685853788132558,0.06003622759307948
25.321999999999054,9.0,25.321999999999054,4.999900749034332,0.4170178243672007,0.24410464991822725,1.500905711111459,0.06685853891597458,0.06003622844322805
25.341999999999054,9.0,25.341999999999054,4.999900749034922,0.41701782436759816,0.24410467113390286,1.5009057322993133,0.06685853983817815,0.06003622929195472
25.36199999999905,9.0,25.36199999999905,4.999900749035511,0.41701782436788404,0.2441046924958745,1.5009057536686081,0.06685854083739157,0.060036230145514805
25.381999999999053,9.0,25.381999999999053,4.999900749036107,0.4170178243679383,0.24410471388311297,1.500905775047024,0.06685854183699083,0.06003623100309811
25.40199999999905,9.0,25.40199999999905,4.999900749036701,0.417017824368086,0.2441047353968183,1.5009057965790105,0.06685854284779685,0.0600362318631484
25.42199999999905,9.0,25.42199999999905,4.9999007490372955,0.4170178243680118,0.24410475690437555,1.5009058180754562,0.06685854380319396,0.06003623272298893
25.441999999999048,9.0,25.441999999999048,4.999900749037894,0.4170178243685695,0.24410477849589005,1.5009058396646586,0.066858544784665,0.06003623358533284
25.461999999999048,9.0,25.461999999999048,4.999900749038493,0.41701782436849655,0.2441048001343157,1.5009058612933688,0.06685854578640366,0.06003623445172785
25.46299999999905,9.0,25.46299999999905,4.999900749038528,0.4170178243682552,0.24410480109866867,1.5009058622151872,0.06685854568220695,0.06003623448862369
25.478999999999054,9.0,25.478999999999054,4.999900749039007,0.417017824368683,0.24410481871352474,1.5009058799124952,0.06685854683815994,0.06003623519834164
25.49899999999905,9.0,25.49899999999905,4.999900749039607,0.41701782436872364,0.24410484042458316,1.5009059016063966,0.06685854768493558,0.06003623606423753
25.518999999999046,9.0,25.518999999999046,4.999900749040208,0.4170178243690382,0.2441048622547653,1.5009059234300433,0.06685854864398554,0.060036236935922
25.53899999999905,9.0,25.53899999999905,4.9999007490408145,0.41701782436905616,0.24410488410997527,1.5009059452634543,0.0668585496612005,0.060036237813045394
25.55899999999905,9.0,25.55899999999905,4.999900749041419,0.41701782436917584,0.24410490614873437,1.500905967330851,0.06685855066853677,0.060036238689467857
25.578999999999045,9.0,25.578999999999045,4.99990074904203,0.4170178243698991,0.24410492807118359,1.500905989205488,0.06685855165712405,0.06003623957069967
25.598999999999045,9.0,25.598999999999045,4.99990074904264,0.41701782436986695,0.24410495028234194,1.5009060114637847,0.06685855274828881,0.06003624045730243
25.618999999999048,9.0,25.618999999999048,4.999900749043252,0.4170178243698653,0.24410497237754997,1.50090603353082,0.06685855369997579,0.06003624134123481
25.638999999999044,9.0,25.638999999999044,4.999900749043865,0.4170178243704446,0.2441049946212774,1.5009060557806488,0.06685855476486766,0.06003624223249432
25.65899999999904,9.0,25.65899999999904,4.999900749044482,0.41701782436992973,0.24410501693617528,1.500906078105386,0.06685855577595232,0.060036243122985694
25.678999999999043,9.0,25.678999999999043,4.9999007490451,0.41701782437079893,0.24410503924543894,1.500906100393586,0.0668585567751634,0.060036244015760756
25.698999999999042,9.0,25.698999999999042,4.999900749045717,0.4170178243705772,0.24410506168971,1.5009061228465623,0.06685855783910537,0.0600362449138213
25.71899999999904,9.0,25.71899999999904,4.999900749046338,0.4170178243705079,0.244105084176993,1.5009061453341814,0.0668585588706447,0.060036245813366786
25.71999999999904,9.0,25.71999999999904,4.9999007490463745,0.41701782436991863,0.2441050851778273,1.500906146290484,0.06685855875976225,0.06003624585162464
25.735999999999045,9.0,25.735999999999045,4.9999007490468745,0.4170178243711491,0.2441051034269541,1.5009061646097506,0.06685855991219523,0.0600362465861724
25.75599999999904,9.0,25.75599999999904,4.999900749047494,0.41701782437209517,0.2441051259715657,1.5009061871383844,0.0668585607990962,0.06003624748430157
25.775999999999044,9.0,25.775999999999044,4.999900749048114,0.41701782437172547,0.24410514861537333,1.5009062097683545,0.06685856183316309,0.06003624839197678
25.79599999999904,9.0,25.79599999999904,4.99990074904874,0.4170178243716032,0.24410517137248766,1.500906232533132,0.0668585628550254,0.060036249298828004
25.81599999999904,9.0,25.81599999999904,4.999900749049371,0.41701782437130885,0.24410519411067805,1.5009062552420647,0.0668585638973155,0.06003625021087675
25.835999999999043,9.0,25.835999999999043,4.999900749050001,0.41701782437256124,0.24410521704842064,1.5009062782087983,0.06685856502457888,0.06003625112959426
25.85599999999904,9.0,25.85599999999904,4.999900749050635,0.41701782437150514,0.24410523998222727,1.5009063011423907,0.06685856602729612,0.060036252044494115
25.87599999999904,9.0,25.87599999999904,4.999900749051268,0.41701782437294316,0.24410526293277132,1.5009063240701483,0.06685856705569057,0.06003625296277986
25.895999999999034,9.0,25.895999999999034,4.999900749051903,0.41701782437279533,0.24410528602443765,1.5009063471710322,0.06685856818417549,0.06003625388933088
25.915999999999038,9.0,25.915999999999038,4.999900749052541,0.4170178243732436,0.24410530920343174,1.500906370369574,0.06685856921630211,0.06003625481226881
25.935999999999034,9.0,25.935999999999034,4.99990074905318,0.41701782437347434,0.24410533230905912,1.500906393434226,0.06685857023937983,0.06003625573856164
25.955999999999033,9.0,25.955999999999033,4.999900749053822,0.4170178243726791,0.24410535564198257,1.5009064167949573,0.06685857136118256,0.06003625667053753
25.975999999999036,9.0,25.975999999999036,4.999900749054463,0.4170178243731426,0.24410537893183343,1.5009064400667742,0.06685857241652282,0.06003625760388151
25.995999999999032,9.0,25.995999999999032,4.999900749055108,0.4170178243733203,0.24410540237291126,1.5009064635247393,0.06685857351810019,0.060036258541009774
25.996999999999034,9.0,25.996999999999034,4.99990074905515,0.4170178243731619,0.24410540341440742,1.5009064645205217,0.0668585734013396,0.06003625858081505
26.01299999999904,9.0,26.01299999999904,4.999900749055669,0.41701782437463725,0.24410542237311406,1.5009064835388044,0.06685857455968117,0.060036259343343466
26.032999999999035,9.0,26.032999999999035,4.999900749056305,0.4170178243734932,0.24410544583438806,1.5009065069852714,0.06685857549880021,0.06003626027811347
26.052999999999034,9.0,26.052999999999034,4.999900749056955,0.4170178243741814,0.2441054693993784,1.5009065305380145,0.06685857656730392,0.06003626122150972
26.072999999999034,9.0,26.072999999999034,4.999900749057606,0.41701782437460355,0.24410549305597073,1.5009065541931468,0.06685857764622226,0.06003626216647077
26.092999999999034,9.0,26.092999999999034,4.999900749058258,0.4170178243747832,0.24410551675769132,1.5009065778853614,0.06685857875453576,0.06003626311664593
26.112999999999033,9.0,26.112999999999033,4.999900749058912,0.41701782437361334,0.24410554059333897,1.500906601739812,0.06685857987492966,0.06003626406962459
26.132999999999033,9.0,26.132999999999033,4.999900749059568,0.41701782437431417,0.24410556442578887,1.5009066255613142,0.06685858093677002,0.060036265022504226
26.152999999999032,9.0,26.152999999999032,4.999900749060229,0.4170178243743022,0.24410558834860696,1.5009066494816408,0.0668585820392687,0.06003626597930969
26.17299999999903,9.0,26.17299999999903,4.999900749060886,0.4170178243753861,0.2441056123439313,1.500906673476613,0.06685858314633913,0.060036266939043285
26.192999999999028,9.0,26.192999999999028,4.999900749061551,0.41701782437535856,0.244105636405408,1.500906697537413,0.06685858423783972,0.06003626790022179
26.212999999999028,9.0,26.212999999999028,4.999900749062212,0.41701782437553453,0.24410566051131338,1.5009067216328764,0.06685858536029293,0.06003626886653408
26.232999999999027,9.0,26.232999999999027,4.999900749062877,0.4170178243758429,0.24410568475271835,1.5009067458928032,0.06685858651260777,0.06003626983691742
26.252999999999027,9.0,26.252999999999027,4.999900749063545,0.41701782437539847,0.24410570901419842,1.5009067701527212,0.06685858756422408,0.06003627080361229
26.253999999999028,9.0,26.253999999999028,4.999900749063586,0.4170178243744698,0.24410570993004768,1.5009067709626458,0.06685858726120159,0.060036270838501216
26.26999999999903,9.0,26.26999999999903,4.999900749064121,0.41701782437648194,0.24410572980641368,1.500906790967929,0.06685858881703563,0.06003627164052637
26.289999999999026,9.0,26.289999999999026,4.999900749064789,0.41701782437673485,0.2441057541197146,1.5009068152737923,0.06685858972973634,0.06003627260963503
26.30999999999903,9.0,26.30999999999903,4.999900749065456,0.41701782437624185,0.2441057785224665,1.5009068396510814,0.06685859080189958,0.06003627358857006
26.32999999999903,9.0,26.32999999999903,4.999900749066129,0.41701782437585877,0.2441058030835186,1.500906864225126,0.06685859191036171,0.060036274567768055
26.349999999999024,9.0,26.349999999999024,4.999900749066804,0.4170178243767762,0.24410582761117694,1.500906888722832,0.06685859301237132,0.060036275550191524
26.369999999999028,9.0,26.369999999999028,4.999900749067481,0.41701782437755885,0.24410585232277793,1.5009069134530797,0.0668585941757377,0.06003627653689627
26.389999999999027,9.0,26.389999999999027,4.9999007490681615,0.41701782437705126,0.2441058770137187,1.5009069381258209,0.06685859528629036,0.06003627752502591
26.409999999999023,9.0,26.409999999999023,4.999900749068844,0.41701782437721235,0.24410590183844183,1.5009069629588239,0.06685859643978653,0.06003627851708896
26.429999999999026,9.0,26.429999999999026,4.999900749069526,0.41701782437697965,0.24410592668779102,1.500906987798659,0.0668585975775531,0.060036279511974884
26.449999999999022,9.0,26.449999999999022,4.9999007490702105,0.4170178243782983,0.24410595164951818,1.5009070127687254,0.06685859877420997,0.060036280513251994
26.469999999999022,9.0,26.469999999999022,4.999900749070896,0.41701782437789353,0.24410597670163037,1.5009070378386167,0.06685859990004608,0.0600362815123034
26.489999999999018,9.0,26.489999999999018,4.999900749071588,0.41701782437806273,0.24410600170872632,1.500907062813736,0.06685860099424863,0.06003628251248525
26.50999999999902,9.0,26.50999999999902,4.9999007490722756,0.41701782437783186,0.24410602687703783,1.5009070879903148,0.06685860219059732,0.060036283519634644
26.52999999999902,9.0,26.52999999999902,4.9999007490729666,0.4170178243786213,0.24410605209848435,1.5009071132129428,0.06685860333674744,0.06003628452725871
26.530999999999022,9.0,26.530999999999022,4.999900749073009,0.4170178243776022,0.24410605315197376,1.5009071141920585,0.0668586031374288,0.06003628456766909
26.546999999999024,9.0,26.546999999999024,4.999900749073564,0.4170178243792217,0.2441060737038884,1.500907134849387,0.06685860454054138,0.0600362853939814
26.56699999999902,9.0,26.56699999999902,4.9999007490742535,0.41701782437876966,0.24410609895410237,1.5009071600771042,0.06685860553929603,0.06003628640305868
26.58699999999902,9.0,26.58699999999902,4.999900749074948,0.4170178243788179,0.2441061243730094,1.500907185494953,0.06685860667848242,0.06003628741978134
26.606999999999022,9.0,26.606999999999022,4.999900749075646,0.4170178243789818,0.24410614982717346,1.5009072109354058,0.06685860781613417,0.06003628843741324
26.62699999999902,9.0,26.62699999999902,4.999900749076345,0.417017824379257,0.2441061753824301,1.5009072364891294,0.06685860901616265,0.06003628946082767
26.646999999999018,9.0,26.646999999999018,4.999900749077051,0.41701782437970136,0.24410620103072622,1.5009072621471093,0.06685861019912615,0.060036290485912754
26.66699999999902,9.0,26.66699999999902,4.999900749077752,0.41701782438011037,0.24410622670260262,1.5009072878079615,0.06685861135305109,0.06003629151234556
26.686999999999017,9.0,26.686999999999017,4.99990074907846,0.41701782438105683,0.2441062524683785,1.500907313572246,0.06685861254249292,0.060036292542869206
26.706999999999013,9.0,26.706999999999013,4.999900749079168,0.4170178243801184,0.24410627830493242,1.500907339408661,0.06685861371725985,0.06003629357506623
26.726999999999013,9.0,26.726999999999013,4.999900749079879,0.41701782438037477,0.2441063041888861,1.5009073652823006,0.06685861490661682,0.06003629461128395
26.746999999999016,9.0,26.746999999999016,4.999900749080593,0.4170178243809863,0.244106330190469,1.500907391292894,0.06685861612581778,0.06003629565173107
26.766999999999012,9.0,26.766999999999012,4.999900749081304,0.41701782438093454,0.2441063562376015,1.500907417339255,0.06685861734220386,0.06003629669604094
26.78699999999901,9.0,26.78699999999901,4.999900749082021,0.4170178243812993,0.24410638239587812,1.5009074435142324,0.06685861852074099,0.06003629773929259
26.787999999999013,9.0,26.787999999999013,4.999900749082063,0.41701782438069884,0.2441063834839495,1.5009074445248383,0.06685861830916956,0.06003629778099479
26.803999999999014,9.0,26.803999999999014,4.999900749082639,0.417017824382754,0.24410640470817935,1.5009074658320543,0.06685861969620413,0.06003629863326846
26.823999999999014,9.0,26.823999999999014,4.999900749083352,0.41701782438192914,0.2441064308700288,1.5009074919743486,0.06685862076868254,0.060036299678949925
26.843999999999014,9.0,26.843999999999014,4.99990074908407,0.4170178243818156,0.24410645720107232,1.5009075183082676,0.06685862194601766,0.06003630073104128
26.863999999999013,9.0,26.863999999999013,4.999900749084789,0.417017824382172,0.24410648354248007,1.5009075446271483,0.06685862313851937,0.06003630178631628
26.883999999999013,9.0,26.883999999999013,4.999900749085516,0.41701782438152896,0.24410651004931547,1.5009075711518984,0.06685862438745142,0.06003630284606195
26.903999999999012,9.0,26.903999999999012,4.999900749086241,0.41701782438211615,0.2441065365599041,1.5009075976526038,0.06685862557664715,0.06003630390610117
26.923999999999012,9.0,26.923999999999012,4.99990074908697,0.41701782438233514,0.2441065631623412,1.5009076242528765,0.0668586268007314,0.060036304970102046
26.943999999999008,9.0,26.943999999999008,4.999900749087701,0.41701782438285245,0.24410658983995379,1.5009076509299903,0.06685862804345458,0.060036306038408295
26.96399999999901,9.0,26.96399999999901,4.99990074908843,0.417017824382909,0.24410661661013988,1.500907677708729,0.06685862925640082,0.060036307107046306
26.983999999999007,9.0,26.983999999999007,4.999900749089164,0.41701782438350615,0.24410664338158128,1.500907704459434,0.06685863045985536,0.060036308178395295
27.003999999999007,9.0,27.003999999999007,4.999900749089901,0.417017824383679,0.2441066702967149,1.5009077313831292,0.06685863172756329,0.06003630925530197
27.023999999999006,9.0,27.023999999999006,4.999900749090637,0.417017824383979,0.24410669726234793,1.500907758348963,0.06685863294603331,0.060036310332584684
27.043999999999006,9.0,27.043999999999006,4.999900749091374,0.41701782438444274,0.24410672427181676,1.5009077853472532,0.06685863419685412,0.060036311415147633
27.044999999999007,9.0,27.044999999999007,4.999900749091421,0.4170178243840415,0.24410672558936425,1.5009077866518632,0.06685863408913527,0.06003631146150716
27.060999999999005,9.0,27.060999999999005,4.999900749092018,0.417017824385185,0.24410674736373045,1.500907808459269,0.06685863531710147,0.06003631233837224
27.08099999999901,9.0,27.08099999999901,4.999900749092754,0.4170178243851422,0.24410677448701987,1.500907835566138,0.06685863651376661,0.06003631342390254
27.100999999999008,9.0,27.100999999999008,4.999900749093496,0.4170178243847656,0.2441068017784313,1.5009078628788364,0.06685863779720741,0.06003631451633526
27.120999999999004,9.0,27.120999999999004,4.999900749094241,0.41701782438498153,0.24410682906305256,1.5009078901512807,0.06685863897905324,0.060036315604789704
27.140999999999007,9.0,27.140999999999007,4.999900749094991,0.4170178243852624,0.2441068563995704,1.5009079174657007,0.06685864023726945,0.060036316699886266
27.160999999999007,9.0,27.160999999999007,4.9999007490957394,0.41701782438473234,0.24410688390401075,1.5009079449901779,0.0668586415248826,0.06003631779834865
27.180999999999003,9.0,27.180999999999003,4.999900749096493,0.4170178243855255,0.24410691139130739,1.5009079724585062,0.06685864275970059,0.06003631889833336
27.200999999999006,9.0,27.200999999999006,4.999900749097245,0.4170178243859363,0.24410693901376165,1.5009080000890087,0.06685864405291377,0.06003632000355001
27.220999999999,9.0,27.220999999999,4.999900749098001,0.41701782438561175,0.24410696668794965,1.5009080277628646,0.06685864530319757,0.06003632110931521
27.240999999999,9.0,27.240999999999,4.99990074909876,0.4170178243861337,0.2441069944116233,1.5009080554751606,0.06685864657130595,0.06003632221901028
27.260999999999,9.0,27.260999999999,4.99990074909952,0.4170178243869456,0.24410702225283323,1.5009080833251705,0.06685864788680188,0.0600363233342614
27.280999999999,9.0,27.280999999999,4.999900749100283,0.41701782438730123,0.24410705016607184,1.5009081112469276,0.06685864915825805,0.06003632444986507
27.300999999999,9.0,27.300999999999,4.999900749101047,0.41701782438718527,0.24410707810593635,1.5009081391743213,0.06685865040997918,0.06003632556693818
27.301999999999,9.0,27.301999999999,4.999900749101091,0.4170178243859572,0.2441070793807394,1.5009081404047413,0.06685865031294362,0.0600363256161792
27.317999999999003,9.0,27.317999999999003,4.999900749101701,0.41701782438760765,0.24410710202228694,1.5009081631174779,0.06685865165332076,0.06003632652469133
27.337999999999,9.0,27.337999999999,4.999900749102466,0.4170178243875678,0.24410713003772175,1.5009081911076387,0.0668586528165241,0.06003632764428654
27.357999999999,9.0,27.357999999999,4.999900749103231,0.4170178243882893,0.24410715822888912,1.500908219304454,0.06685865412499017,0.060036328773382545
27.377999999999002,9.0,27.377999999999002,4.999900749104005,0.4170178243882567,0.24410718647065366,1.5009082475437279,0.06685865537676534,0.06003632990054834
27.397999999998998,9.0,27.397999999998998,4.999900749104778,0.4170178243886904,0.24410721474351887,1.500908275795209,0.06685865664115868,0.060036331030559824
27.417999999998997,9.0,27.417999999998997,4.999900749105551,0.4170178243889919,0.2441072431395967,1.5009083041915805,0.06685865799688437,0.060036332168944676
27.437999999999,9.0,27.437999999999,4.99990074910633,0.417017824388402,0.24410727165404691,1.500908332726131,0.06685865932587266,0.060036333309102886
27.457999999998997,9.0,27.457999999998997,4.999900749107106,0.4170178243887682,0.24410730016803847,1.5009083612282528,0.0668586606085748,0.06003633445037449
27.477999999998993,9.0,27.477999999998993,4.999900749107886,0.4170178243890698,0.24410732879979707,1.5009083898664561,0.06685866190668881,0.06003633559339632
27.497999999998996,9.0,27.497999999998996,4.999900749108671,0.41701782438906726,0.24410735744110082,1.5009084184875967,0.06685866318457244,0.06003633673822581
27.517999999998995,9.0,27.517999999998995,4.999900749109456,0.41701782438946894,0.24410738620428882,1.5009084472503402,0.06685866456768803,0.06003633789248834
27.53799999999899,9.0,27.53799999999899,4.999900749110241,0.41701782439030044,0.24410741510748082,1.500908476182746,0.06685866589782599,0.06003633904610264
27.557999999998994,9.0,27.557999999998994,4.99990074911103,0.41701782438950763,0.2441074439427459,1.5009085049865114,0.0668586671423177,0.060036340198294846
27.558999999998992,9.0,27.558999999998992,4.999900749111075,0.417017824389397,0.24410744518674432,1.5009085061569383,0.06685866695993826,0.060036340246262226
27.574999999998994,9.0,27.574999999998994,4.99990074911171,0.41701782439102436,0.24410746872076935,1.5009085298084033,0.06685866857081241,0.060036341194149585
27.594999999998993,9.0,27.594999999998993,4.999900749112496,0.41701782439087987,0.24410749769236795,1.5009085587666393,0.06685866971696634,0.06003634235065132
27.614999999998993,9.0,27.614999999998993,4.999900749113286,0.41701782439109736,0.2441075267847592,1.5009085878456248,0.06685867100095655,0.06003634351503168
27.634999999998993,9.0,27.634999999998993,4.999900749114082,0.41701782439140667,0.2441075559686903,1.5009086170239698,0.06685867228347826,0.06003634467840183
27.654999999998992,9.0,27.654999999998992,4.999900749114879,0.41701782439066104,0.24410758516887004,1.5009086461946146,0.06685867361485005,0.06003634584777891
27.67499999999899,9.0,27.67499999999899,4.99990074911568,0.4170178243918065,0.24410761455992974,1.5009086756061727,0.06685867504139237,0.060036347025503006
27.69499999999899,9.0,27.69499999999899,4.999900749116481,0.41701782439175805,0.244107644000171,1.500908705056576,0.06685867637865908,0.060036348202286975
27.714999999998987,9.0,27.714999999998987,4.999900749117284,0.4170178243920498,0.24410767346222964,1.5009087345053784,0.06685867767729971,0.06003634937894781
27.73499999999899,9.0,27.73499999999899,4.9999007491180905,0.41701782439164525,0.24410770300152612,1.5009087640329812,0.06685867905216732,0.06003635056259282
27.754999999998986,9.0,27.754999999998986,4.999900749118899,0.41701782439257135,0.24410773268782945,1.500908793738592,0.06685868044205626,0.06003635174955362
27.774999999998986,9.0,27.774999999998986,4.999900749119708,0.41701782439267654,0.24410776237790152,1.5009088234179042,0.06685868175466833,0.06003635293544336
27.79499999999899,9.0,27.79499999999899,4.999900749120519,0.4170178243930646,0.2441077921401967,1.5009088531681996,0.06685868313571552,0.06003635412799347
27.814999999998985,9.0,27.814999999998985,4.999900749121332,0.4170178243932651,0.24410782205051357,1.5009088830974249,0.06685868454886473,0.06003635532511816
27.815999999998986,9.0,27.815999999998986,4.99990074912138,0.4170178243926092,0.24410782349987065,1.500908884530852,0.06685868443222207,0.06003635537666026
27.83199999999899,9.0,27.83199999999899,4.999900749122037,0.41701782439340807,0.2441078474896612,1.500908908531464,0.06685868569930145,0.06003635634125479
27.851999999998988,9.0,27.851999999998988,4.9999007491228475,0.4170178243938881,0.24410787744884888,1.5009089384762402,0.06685868701848402,0.06003635753781552
27.871999999998987,9.0,27.871999999998987,4.999900749123659,0.41701782439347856,0.24410790754272269,1.500908968575957,0.06685868844624403,0.06003635874424762
27.891999999998983,9.0,27.891999999998983,4.999900749124482,0.4170178243936843,0.2441079377154619,1.5009089987579363,0.06685868982321364,0.060036359950374915
27.911999999998987,9.0,27.911999999998987,4.999900749125306,0.4170178243945649,0.24410796791564518,1.500909028945759,0.0668586911902288,0.060036361159023284
27.931999999998986,9.0,27.931999999998986,4.999900749126132,0.41701782439474816,0.24410799823565502,1.500909059273319,0.06685869258514447,0.060036362370979035
27.951999999998982,9.0,27.951999999998982,4.999900749126956,0.41701782439523366,0.24410802858774097,1.5009090896148432,0.06685869393878249,0.060036363583323926
27.971999999998985,9.0,27.971999999998985,4.999900749127785,0.4170178243951212,0.2441080590166995,1.5009091200330178,0.06685869534165026,0.060036364801333085
27.99199999999898,9.0,27.99199999999898,4.999900749128617,0.41701782439550805,0.2441080895681463,1.5009091505944017,0.06685869675477206,0.06003636602253311
28.01199999999898,9.0,28.01199999999898,4.9999007491294485,0.41701782439606383,0.24410812014771682,1.5009091811638422,0.06685869816175607,0.0600363672477521
28.03199999999898,9.0,28.03199999999898,4.999900749130284,0.41701782439591073,0.24410815086561763,1.5009092118990848,0.06685869960093513,0.060036368477188184
28.05199999999898,9.0,28.05199999999898,4.999900749131122,0.41701782439633567,0.24410818161317743,1.500909242644448,0.06685870097415458,0.0600363697057754
28.07199999999898,9.0,28.07199999999898,4.9999007491319585,0.4170178243967135,0.24410821241250127,1.5009092734309148,0.06685870236222316,0.06003637093724111
28.07299999999898,9.0,28.07299999999898,4.999900749132008,0.4170178243954437,0.24410821383103345,1.5009092748051653,0.06685870205416702,0.060036370983083745
28.088999999998983,9.0,28.088999999998983,4.999900749132682,0.41701782439691476,0.24410823870268927,1.500909299722118,0.06685870369503888,0.06003637199072726
28.10899999999898,9.0,28.10899999999898,4.999900749133519,0.4170178243969838,0.2441082696740861,1.500909330705592,0.06685870504130087,0.06003637322694868
28.12899999999898,9.0,28.12899999999898,4.99990074913436,0.4170178243970375,0.24410830069031123,1.500909361709702,0.0668587064354817,0.06003637446961487
28.14899999999898,9.0,28.14899999999898,4.999900749135208,0.4170178243975055,0.24410833182096897,1.5009093928450938,0.0668587078648674,0.060036375715028276
28.168999999998977,9.0,28.168999999998977,4.999900749136055,0.41701782439745605,0.24410836300969452,1.5009094240316379,0.06685870923951256,0.06003637695873543
28.188999999998977,9.0,28.188999999998977,4.999900749136902,0.4170178243982334,0.24410839421084632,1.5009094552023574,0.06685871065421418,0.060036378208041016
28.20899999999898,9.0,28.20899999999898,4.9999007491377565,0.417017824398264,0.24410842560437906,1.5009094866158705,0.06685871215415236,0.06003637946460962
28.228999999998976,9.0,28.228999999998976,4.99990074913861,0.4170178243982329,0.24410845702424858,1.5009095180364294,0.06685871359527693,0.06003638072273414
28.248999999998972,9.0,28.248999999998972,4.999900749139467,0.41701782439850055,0.24410848853667969,1.5009095495550384,0.06685871502612677,0.06003638198223115
28.268999999998975,9.0,28.268999999998975,4.999900749140324,0.41701782439937696,0.24410852008163694,1.5009095810877762,0.0668587164276341,0.060036383242253695
28.288999999998975,9.0,28.288999999998975,4.999900749141186,0.4170178243989876,0.24410855170562945,1.5009096127006682,0.06685871789889236,0.0600363845092844
28.30899999999897,9.0,28.30899999999897,4.999900749142047,0.41701782439922236,0.24410858347514583,1.500909644489596,0.0668587193665995,0.060036385778335595
28.328999999998974,9.0,28.328999999998974,4.999900749142912,0.41701782439957863,0.24410861522710195,1.5009096762212206,0.06685872078677126,0.06003638704884184
28.32999999999897,9.0,28.32999999999897,4.999900749142963,0.4170178243994031,0.24410861669872722,1.5009096776497257,0.06685872081458781,0.060036387110562424
28.345999999998973,9.0,28.345999999998973,4.999900749143656,0.4170178244006131,0.24410864246308756,1.5009097035090282,0.06685872223120744,0.06003638814036278
28.365999999998976,9.0,28.365999999998976,4.999900749144516,0.4170178244003821,0.24410867428068336,1.5009097352858323,0.06685872351147067,0.060036389411429573
28.385999999998972,9.0,28.385999999998972,4.999900749145387,0.41701782440046503,0.2441087063061201,1.5009097673138785,0.0668587249798418,0.060036390692614065
28.405999999998972,9.0,28.405999999998972,4.9999007491462555,0.4170178244003574,0.2441087383723823,1.5009097993688834,0.06685872642565796,0.060036391974776365
28.425999999998975,9.0,28.425999999998975,4.999900749147131,0.4170178244014718,0.24410877053915497,1.5009098315343699,0.06685872790634026,0.06003639326137162
28.44599999999897,9.0,28.44599999999897,4.999900749148006,0.41701782440117174,0.24410880278342406,1.5009098637784006,0.06685872937109802,0.060036394549921025
28.46599999999897,9.0,28.46599999999897,4.999900749148887,0.4170178244013828,0.24410883508009246,1.5009098960645284,0.06685873084795219,0.06003639584257283
28.485999999998967,9.0,28.485999999998967,4.999900749149766,0.4170178244014196,0.24410886749757305,1.5009099284907992,0.06685873238393575,0.06003639714213219
28.50599999999897,9.0,28.50599999999897,4.999900749150644,0.4170178244017566,0.24410890001181948,1.5009099610227323,0.06685873384538848,0.06003639843961917
28.525999999998966,9.0,28.525999999998966,4.999900749151531,0.41701782440237256,0.24410893248471685,1.5009099934634418,0.0668587352759077,0.060036399738584524
28.545999999998966,9.0,28.545999999998966,4.999900749152414,0.41701782440266194,0.24410896513014751,1.50091002611664,0.06685873680773355,0.06003640104460239
28.56599999999897,9.0,28.56599999999897,4.999900749153308,0.41701782440251606,0.24410899783267945,1.5009100588202124,0.06685873830608682,0.060036402352836915
28.585999999998965,9.0,28.585999999998965,4.999900749154193,0.4170178244029316,0.2441090306068868,1.5009100915926494,0.066858739799677,0.06003640366369272
28.586999999998966,9.0,28.586999999998966,4.999900749154245,0.41701782440171026,0.2441090321222186,1.5009100930636403,0.06685873971200042,0.06003640372253472
28.60299999999897,9.0,28.60299999999897,4.99990074915496,0.41701782440291246,0.24410905861215992,1.5009101196237973,0.06685874124043935,0.060036404786789975
28.622999999998967,9.0,28.622999999998967,4.999900749155847,0.41701782440343327,0.244109091466587,1.5009101524619302,0.06685874257529303,0.060036406095897554
28.642999999998967,9.0,28.642999999998967,4.99990074915674,0.41701782440336604,0.2441091244088345,1.5009101853805091,0.06685874406042301,0.06003640741519178
28.662999999998966,9.0,28.662999999998966,4.999900749157636,0.4170178244043354,0.24410915749992734,1.5009102184796086,0.06685874560360668,0.0600364087391392
28.682999999998966,9.0,28.682999999998966,4.9999007491585346,0.4170178244040392,0.24410919064544886,1.5009102516249755,0.066858747115489,0.06003641006497457
28.702999999998966,9.0,28.702999999998966,4.999900749159437,0.41701782440443935,0.24410922386467757,1.5009102848420872,0.06685874864441534,0.06003641139491675
28.722999999998965,9.0,28.722999999998965,4.999900749160341,0.4170178244039965,0.24410925718279908,1.5009103181679075,0.06685875016563769,0.0600364127267445
28.742999999998965,9.0,28.742999999998965,4.999900749161248,0.41701782440465524,0.2441092905316381,1.5009103515051558,0.06685875166423291,0.06003641406023398
28.76299999999896,9.0,28.76299999999896,4.999900749162153,0.4170178244045433,0.24410932398128737,1.500910384952995,0.0668587532003433,0.06003641539814071
28.78299999999896,9.0,28.78299999999896,4.999900749163063,0.41701782440525187,0.2441093575111709,1.5009104184824684,0.06685875475137713,0.06003641674048439
28.80299999999896,9.0,28.80299999999896,4.9999007491639755,0.41701782440531404,0.24410939113564833,1.5009104521153518,0.06685875627130836,0.06003641808332537
28.82299999999896,9.0,28.82299999999896,4.999900749164888,0.4170178244054519,0.24410942476732878,1.5009104857258684,0.06685875778300818,0.06003641942909499
28.84299999999896,9.0,28.84299999999896,4.999900749165804,0.4170178244058106,0.24410945854822366,1.500910519515059,0.06685875937315211,0.06003642078179003
28.84399999999896,9.0,28.84399999999896,4.9999007491658585,0.41701782440563184,0.24410946019712254,1.5009105211499278,0.06685875927322574,0.060036420841408006
28.859999999998962,9.0,28.859999999998962,4.999900749166595,0.4170178244067678,0.2441094873300645,1.5009105483054879,0.06685876068455039,0.060036421930400236
28.879999999998958,9.0,28.879999999998958,4.999900749167508,0.4170178244066836,0.24410952116136064,1.500910582111269,0.06685876222087517,0.06003642328704782
28.89999999999896,9.0,28.89999999999896,4.999900749168425,0.41701782440696433,0.24410955523716688,1.500910616229528,0.06685876379601975,0.06003642464669618
28.91999999999896,9.0,28.91999999999896,4.999900749169349,0.4170178244075117,0.2441095891718581,1.5009106501142173,0.06685876527521721,0.060036426005825504
28.939999999998957,9.0,28.939999999998957,4.999900749170272,0.41701782440718244,0.24410962336355316,1.5009106843316904,0.06685876690176977,0.06003642737329505
28.95999999999896,9.0,28.95999999999896,4.999900749171202,0.4170178244076463,0.2441096575477496,1.5009107185074113,0.06685876843604856,0.06003642874031748
28.97999999999896,9.0,28.97999999999896,4.999900749172132,0.41701782440785173,0.24410969182530545,1.5009107527820853,0.0668587700003666,0.06003643011122089
28.999999999998956,9.0,28.999999999998956,4.999900749173063,0.4170178244075297,0.2441097261818846,1.5009107871376144,0.06685877157167866,0.0600364314854514
29.01999999999896,9.0,29.01999999999896,4.999900749173994,0.4170178244082585,0.24410976061223172,1.5009108215668168,0.06685877315876558,0.060036432863936506
29.039999999998955,9.0,29.039999999998955,4.999900749174929,0.4170178244087766,0.24410979514281952,1.5009108561052662,0.06685877471977208,0.060036434242970706
29.059999999998954,9.0,29.059999999998954,4.9999007491758665,0.41701782440879903,0.24410982968160616,1.500910890622966,0.06685877627156009,0.060036435624889535
29.07999999999895,9.0,29.07999999999895,4.999900749176808,0.4170178244091537,0.24410986436622847,1.5009109253160324,0.06685877787313536,0.06003643701139111
29.099999999998953,9.0,29.099999999998953,4.9999007491777485,0.4170178244095192,0.24410989908436584,1.5009109600246213,0.06685877947103785,0.06003643840225663
29.100999999998955,9.0,29.100999999998955,4.999900749177804,0.4170178244091368,0.24410990078716036,1.5009109617143666,0.0668587794890738,0.060036438468570756
29.116999999998953,9.0,29.116999999998953,4.999900749178558,0.4170178244094562,0.24410992875869325,1.5009109897318471,0.06685878090650121,0.0600364395892687
29.136999999998956,9.0,29.136999999998956,4.9999007491794965,0.4170178244105799,0.24410996356071685,1.500911024503068,0.0668587823919624,0.06003644098007141
29.156999999998952,9.0,29.156999999998952,4.9999007491804415,0.4170178244099745,0.24410999854466373,1.500911059497523,0.0668587840162361,0.06003644237989244
29.17699999999895,9.0,29.17699999999895,4.999900749181391,0.4170178244104036,0.2441100335551042,1.500911094497519,0.06685878560634845,0.06003644378111479
29.196999999998955,9.0,29.196999999998955,4.999900749182342,0.4170178244103046,0.2441100686828751,1.5009111296328346,0.06685878721510496,0.060036445185364454
29.21699999999895,9.0,29.21699999999895,4.9999007491833,0.4170178244109266,0.24411010384636642,1.5009111647853444,0.06685878879882343,0.060036446591411254
29.23699999999895,9.0,29.23699999999895,4.999900749184252,0.4170178244112651,0.24411013910681056,1.5009112000443467,0.06685879041513056,0.06003644800178332
29.256999999998953,9.0,29.256999999998953,4.9999007491852065,0.4170178244114588,0.24411017444575134,1.5009112353827232,0.06685879200250346,0.06003644941286836
29.27699999999895,9.0,29.27699999999895,4.999900749186166,0.4170178244118204,0.2441102098170384,1.500911270733917,0.06685879363259772,0.06003645083060261
29.296999999998945,9.0,29.296999999998945,4.999900749187128,0.41701782441216567,0.24411024537566214,1.5009113063209774,0.06685879530297992,0.06003645225283332
29.31699999999895,9.0,29.31699999999895,4.999900749188093,0.4170178244127825,0.2441102809184593,1.5009113418526212,0.06685879688314712,0.060036453674048945
29.336999999998948,9.0,29.336999999998948,4.999900749189055,0.4170178244123327,0.24411031655472928,1.5009113774850982,0.06685879852134337,0.06003645510063554
29.356999999998944,9.0,29.356999999998944,4.999900749190024,0.41701782441270513,0.24411035229670297,1.5009114132352934,0.06685880014127904,0.06003645652816549
29.357999999998945,9.0,29.357999999998945,4.999900749190079,0.4170178244120764,0.24411035387017332,1.500911414733083,0.0668588000679234,0.06003645659388463
29.37399999999895,9.0,29.37399999999895,4.9999007491908545,0.4170178244139553,0.2441103828378887,1.5009114438090794,0.06685880171875196,0.06003645775056627
29.393999999998947,9.0,29.393999999998947,4.999900749191821,0.4170178244134053,0.24411041855132673,1.5009114794775185,0.0668588031757166,0.06003645917908144
29.413999999998946,9.0,29.413999999998946,4.999900749192793,0.41701782441354307,0.24411045451625335,1.5009115154521788,0.06685880481132028,0.06003646061679437
29.433999999998946,9.0,29.433999999998946,4.999900749193767,0.4170178244134629,0.24411049047971628,1.5009115513939877,0.06685880642022214,0.06003646205578161
29.453999999998945,9.0,29.453999999998945,4.999900749194742,0.41701782441301927,0.24411052658904822,1.5009115875109904,0.06685880811239908,0.06003646350171539
29.473999999998945,9.0,29.473999999998945,4.999900749195721,0.4170178244141455,0.24411056277723428,1.5009116237082778,0.06685880975978481,0.06003646494836736
29.493999999998945,9.0,29.493999999998945,4.999900749196703,0.41701782441449975,0.24411059899293858,1.5009116599116157,0.06685881138154917,0.06003646639644816
29.513999999998944,9.0,29.513999999998944,4.999900749197686,0.41701782441475516,0.24411063530752036,1.500911696224124,0.0668588130590928,0.060036467850268525
29.53399999999894,9.0,29.53399999999894,4.999900749198677,0.4170178244152995,0.24411067172348724,1.5009117326488959,0.06685881469310197,0.06003646930345167
29.553999999998943,9.0,29.553999999998943,4.999900749199662,0.4170178244155739,0.2441107081251708,1.5009117690203293,0.06685881634419992,0.06003647076201826
29.57399999999894,9.0,29.57399999999894,4.999900749200647,0.41701782441525487,0.2441107447381577,1.500911805661346,0.06685881806979939,0.06003647222645221
29.59399999999894,9.0,29.59399999999894,4.9999007492016405,0.41701782441552154,0.24411078133634273,1.5009118422493741,0.0668588197020217,0.06003647368999277
29.613999999998942,9.0,29.613999999998942,4.999900749202633,0.41701782441611357,0.24411081802803622,1.5009118789374687,0.0668588213721899,0.06003647515748041
29.61499999999894,9.0,29.61499999999894,4.999900749202688,0.417017824415707,0.24411081973980162,1.5009118806049513,0.06685882140373604,0.06003647522876064
29.63099999999894,9.0,29.63099999999894,4.999900749203483,0.4170178244173423,0.24411084940220154,1.5009119103521071,0.06685882291553198,0.060036476410450554
29.650999999998938,9.0,29.650999999998938,4.999900749204477,0.41701782441689234,0.24411088607419365,1.5009119469649606,0.06685882444865604,0.06003647787865081
29.67099999999894,9.0,29.67099999999894,4.999900749205473,0.4170178244165562,0.24411092305179227,1.500911983967366,0.0668588262093978,0.060036479359905054
29.69099999999894,9.0,29.69099999999894,4.999900749206472,0.41701782441760155,0.24411096004021565,1.5009120209550688,0.06685882785796812,0.060036480838119105
29.710999999998936,9.0,29.710999999998936,4.999900749207477,0.41701782441745017,0.24411099707448794,1.5009120579756188,0.06685882951899919,0.0600364823189905
29.73099999999894,9.0,29.73099999999894,4.99990074920848,0.41701782441744983,0.24411103421318373,1.5009120951127795,0.06685883122385983,0.060036483804571654
29.75099999999894,9.0,29.75099999999894,4.999900749209487,0.4170178244181141,0.2441110714296012,1.5009121323289571,0.0668588329402489,0.06003648529446468
29.770999999998935,9.0,29.770999999998935,4.999900749210498,0.4170178244183452,0.24411110874241906,1.5009121696499952,0.06685883463972496,0.06003648678606791
29.790999999998938,9.0,29.790999999998938,4.9999007492115055,0.4170178244180922,0.2441111460828357,1.500912206978611,0.06685883629904923,0.06003648827794363
29.810999999998934,9.0,29.810999999998934,4.999900749212517,0.41701782441907004,0.2441111835030857,1.5009122443873752,0.0668588380116882,0.06003648977545923
29.830999999998934,9.0,29.830999999998934,4.999900749213536,0.41701782441899266,0.24411122104308142,1.5009122819371952,0.06685883976608473,0.0600364912787888
29.850999999998933,9.0,29.850999999998933,4.999900749214551,0.41701782441929375,0.24411125865834518,1.5009123195607774,0.06685884145618905,0.06003649278116679
29.870999999998933,9.0,29.870999999998933,4.9999007492155725,0.4170178244196137,0.2441112962775685,1.5009123571578353,0.06685884315464383,0.06003649428754969
29.871999999998934,9.0,29.871999999998934,4.99990074921563,0.4170178244187536,0.2441112981270576,1.5009123589942386,0.0668588431814194,0.060036494359771535
29.88799999999894,9.0,29.88799999999894,4.999900749216445,0.4170178244205874,0.24411132844451458,1.50091238935889,0.06685884471797812,0.06003649557433393
29.907999999998935,9.0,29.907999999998935,4.99990074921746,0.4170178244204874,0.24411136617375304,1.5009124270578467,0.06685884632015408,0.06003649708098229
29.92799999999893,9.0,29.92799999999893,4.999900749218484,0.4170178244203656,0.24411140406172166,1.5009124649466277,0.06685884805882056,0.0600364985966276
29.94799999999893,9.0,29.94799999999893,4.9999007492195116,0.41701782442060964,0.24411144199799942,1.5009125028730983,0.06685884980374704,0.060036500116171204
29.967999999998934,9.0,29.967999999998934,4.999900749220539,0.417017824421582,0.24411148007353037,1.5009125409665587,0.06685885157416138,0.060036501639867734
29.98799999999893,9.0,29.98799999999893,4.999900749221568,0.41701782442147,0.24411151817783924,1.5009125790686118,0.06685885327503263,0.06003650316269863
30.00799999999893,9.0,30.00799999999893,4.999900749222602,0.41701782442151825,0.24411155633037393,1.5009126172080656,0.06685885498982666,0.06003650468837103
30.027999999998933,9.0,30.027999999998933,4.999900749223634,0.41701782442199653,0.2441115945878208,1.500912655464147,0.06685885674383334,0.06003650621856672
30.04799999999893,9.0,30.04799999999893,4.999900749224674,0.41701782442205215,0.2441116329207545,1.500912693796918,0.06685885847921236,0.060036507750601605
30.067999999998925,9.0,30.067999999998925,4.999900749225712,0.41701782442249324,0.244111671304126,1.5009127321696014,0.06685886022781701,0.06003650928684524
30.087999999998928,9.0,30.087999999998928,4.99990074922675,0.41701782442244206,0.2441117098071367,1.5009127706811776,0.06685886200398405,0.06003651082727002
30.107999999998928,9.0,30.107999999998928,4.999900749227792,0.4170178244230935,0.2441117483612294,1.5009128092339226,0.06685886375050006,0.06003651236936298
30.127999999998924,9.0,30.127999999998924,4.999900749228838,0.4170178244235447,0.24411178698763217,1.5009128478577463,0.06685886550387218,0.060036513914334864
30.128999999998925,9.0,30.128999999998925,4.999900749228896,0.4170178244229269,0.2441117887956765,1.5009128496213804,0.06685886542913393,0.06003651398485272
30.14499999999893,9.0,30.14499999999893,4.999900749229734,0.41701782442371743,0.24411181996743933,1.5009128808634313,0.06685886714102116,0.0600365152346156
30.164999999998926,9.0,30.164999999998926,4.999900749230777,0.4170178244238641,0.24411185864910384,1.5009129195189126,0.06685886877750957,0.060036516780782596
30.18499999999893,9.0,30.18499999999893,4.999900749231824,0.417017824423993,0.24411189750800302,1.5009129583831893,0.06685887056269503,0.060036518336572885
30.204999999998925,9.0,30.204999999998925,4.999900749232877,0.41701782442407154,0.24411193641887652,1.5009129972912447,0.06685887227512902,0.060036519889144824
30.224999999998925,9.0,30.224999999998925,4.999900749233927,0.41701782442427743,0.24411197534016846,1.5009130361813419,0.06685887402988257,0.06003652144715672
30.244999999998925,9.0,30.244999999998925,4.999900749234984,0.41701782442447033,0.2441120144515511,1.5009130753123534,0.06685887588816553,0.06003652301376869
30.264999999998924,9.0,30.264999999998924,4.999900749236042,0.41701782442489393,0.2441120536141536,1.5009131144846697,0.06685887765779108,0.06003652457930648
30.284999999998924,9.0,30.284999999998924,4.999900749237104,0.4170178244255227,0.24411209279447568,1.500913153651558,0.066858879419443,0.06003652614733894
30.30499999999892,9.0,30.30499999999892,4.999900749238162,0.4170178244258303,0.24411213209974553,1.500913192963413,0.06685888121284794,0.060036527718514476
30.324999999998923,9.0,30.324999999998923,4.999900749239227,0.417017824425828,0.24411217143523103,1.5009132322881862,0.06685888298222617,0.06003652929150748
30.34499999999892,9.0,30.34499999999892,4.999900749240296,0.41701782442585106,0.24411221086621734,1.500913271717575,0.06685888476923585,0.0600365308674811
30.36499999999892,9.0,30.36499999999892,4.999900749241361,0.4170178244264638,0.24411225035067569,1.5009133111919617,0.06685888656977189,0.0600365324476988
30.38499999999892,9.0,30.38499999999892,4.999900749242431,0.4170178244270294,0.2441122899526958,1.500913350802823,0.06685888838134545,0.06003653403092879
30.38599999999892,9.0,30.38599999999892,4.999900749242492,0.41701782442590696,0.2441122917241024,1.5009133524999658,0.06685888821292994,0.06003653410000362
30.40199999999892,9.0,30.40199999999892,4.99990074924335,0.41701782442716234,0.244112323767662,1.5009133846484464,0.06685889012318699,0.060036535385933974
30.421999999998924,9.0,30.421999999998924,4.999900749244418,0.4170178244277621,0.24411236338688,1.5009134242442508,0.06685889177853303,0.060036536971054995
30.44199999999892,9.0,30.44199999999892,4.999900749245488,0.41701782442756385,0.2441124031980479,1.5009134640633248,0.06685889355832383,0.06003653856252935
30.46199999999892,9.0,30.46199999999892,4.9999007492465655,0.4170178244279254,0.24411244300335141,1.500913503844117,0.06685889532692227,0.06003654015501327
30.48199999999892,9.0,30.48199999999892,4.999900749247649,0.4170178244278357,0.2441124829576729,1.500913543805499,0.06685889713224007,0.060036541749737826
30.50199999999892,9.0,30.50199999999892,4.999900749248723,0.41701782442813484,0.2441125229012696,1.5009135837207104,0.0668588989363843,0.060036543348836395
30.52199999999892,9.0,30.52199999999892,4.999900749249809,0.4170178244287298,0.24411256302928133,1.5009136238679335,0.06685890083288955,0.06003654495590222
30.541999999998914,9.0,30.541999999998914,4.999900749250895,0.4170178244289072,0.24411260320298697,1.5009136640510672,0.06685890264571064,0.06003654656206824
30.561999999998918,9.0,30.561999999998918,4.999900749251979,0.4170178244286964,0.24411264339711755,1.5009137042314569,0.06685890443683433,0.060036548169296045
30.581999999998914,9.0,30.581999999998914,4.999900749253065,0.41701782442960583,0.2441126836919113,1.500913744523539,0.06685890627494154,0.060036549780945275
30.601999999998913,9.0,30.601999999998913,4.9999007492541585,0.4170178244301905,0.24411272406222986,1.5009137848932954,0.06685890811550749,0.0600365513957477
30.621999999998913,9.0,30.621999999998913,4.999900749255253,0.41701782442984814,0.24411276450465288,1.5009138253344212,0.06685890996880033,0.06003655301461849
30.641999999998912,9.0,30.641999999998912,4.999900749256344,0.41701782443042773,0.24411280503825283,1.500913865875858,0.06685891179317639,0.060036554633767863
30.642999999998914,9.0,30.642999999998914,4.9999007492564065,0.4170178244293057,0.2441128068510851,1.5009138676128393,0.06685891162058802,0.06003655470449792
30.65899999999892,9.0,30.65899999999892,4.999900749257284,0.4170178244312141,0.24411283961819213,1.5009139004739227,0.06685891354789876,0.06003655601893756
30.678999999998915,9.0,30.678999999998915,4.999900749258378,0.41701782443125346,0.24411288017206462,1.500913941006364,0.06685891526115113,0.060036557641527995
30.69899999999891,9.0,30.69899999999891,4.9999007492594725,0.4170178244313459,0.2441129209196702,1.500913981763639,0.06685891707361936,0.060036559269268625
30.718999999998914,9.0,30.718999999998914,4.9999007492605765,0.41701782443107915,0.24411296163290472,1.5009140224433386,0.0668589188664161,0.06003656089772582
30.738999999998914,9.0,30.738999999998914,4.9999007492616805,0.4170178244318293,0.24411300251667647,1.500914063334773,0.06685892076649917,0.06003656253340396
30.75899999999891,9.0,30.75899999999891,4.999900749262788,0.41701782443209406,0.2441130434535823,1.500914104272613,0.06685892262961891,0.06003656417093739
30.778999999998913,9.0,30.778999999998913,4.999900749263894,0.41701782443237545,0.24411308445674346,1.5009141452737693,0.0668589245017937,0.060036565812166355
30.798999999998912,9.0,30.798999999998912,4.999900749265002,0.4170178244321536,0.24411312555277545,1.5009141863772033,0.06685892635068616,0.06003656745381733
30.81899999999891,9.0,30.81899999999891,4.999900749266113,0.41701782443295116,0.24411316665185814,1.5009142274549125,0.06685892820677021,0.060036569099410325
30.838999999998904,9.0,30.838999999998904,4.999900749267227,0.41701782443295976,0.24411320791415123,1.5009142687347976,0.06685893011333051,0.06003657074941843
30.858999999998908,9.0,30.858999999998908,4.999900749268342,0.41701782443338076,0.24411324917869606,1.500914309988846,0.06685893194375822,0.06003657239835685
30.878999999998907,9.0,30.878999999998907,4.9999007492694565,0.41701782443332064,0.24411329051461286,1.5009143513125058,0.0668589338390667,0.06003657405371784
30.898999999998903,9.0,30.898999999998903,4.999900749270576,0.4170178244339064,0.2441133319900259,1.5009143928066602,0.06685893573487652,0.06003657571099007
30.899999999998904,9.0,30.899999999998904,4.99990074927064,0.4170178244332926,0.2441133338484328,1.5009143945894594,0.0668589355637075,0.060036575783573534
30.91599999999891,9.0,30.91599999999891,4.999900749271539,0.4170178244346424,0.24411336734606995,1.5009144281806999,0.06685893751296317,0.060036577127219805
30.935999999998906,9.0,30.935999999998906,4.999900749272656,0.4170178244344571,0.24411340881439308,1.500914469626967,0.06685893926357539,0.060036578786292316
30.95599999999891,9.0,30.95599999999891,4.9999007492737775,0.41701782443496205,0.2441134504712186,1.5009145112936007,0.06685894113153,0.060036580451795864
30.975999999998905,9.0,30.975999999998905,4.999900749274902,0.4170178244348521,0.2441134921173834,1.5009145529155254,0.0668589429500038,0.0600365821153603
30.995999999998904,9.0,30.995999999998904,4.99990074927603,0.41701782443497626,0.24411353386414442,1.500914594650395,0.06685894487859444,0.0600365837872804
31.015999999998908,9.0,31.015999999998908,4.9999007492771605,0.41701782443498275,0.24411357575377457,1.500914636560207,0.06685894681469824,0.060036585462393134
31.035999999998904,9.0,31.035999999998904,4.999900749278294,0.41701782443575375,0.24411361764003223,1.5009146784355771,0.06685894866836663,0.0600365871361841
31.055999999998903,9.0,31.055999999998903,4.999900749279423,0.4170178244355677,0.24411365959457604,1.500914720377575,0.06685895057379383,0.06003658881505479
31.075999999998906,9.0,31.075999999998906,4.999900749280557,0.4170178244361005,0.24411370166558824,1.5009147624577657,0.06685895251176253,0.060036590498349134
31.095999999998902,9.0,31.095999999998902,4.9999007492816965,0.417017824436521,0.2441137437837108,1.5009148045747283,0.0668589544308467,0.0600365921842572
31.1159999999989,9.0,31.1159999999989,4.999900749282838,0.4170178244360749,0.24411378598969807,1.5009148467874875,0.06685895632463347,0.06003659387025484
31.135999999998898,9.0,31.135999999998898,4.999900749283975,0.41701782443643726,0.24411382819643188,1.5009148889725796,0.0668589582146788,0.06003659555899887
31.1559999999989,9.0,31.1559999999989,4.9999007492851195,0.4170178244377353,0.24411387054431763,1.5009149313285652,0.06685896018342069,0.06003659725440323
31.156999999998902,9.0,31.156999999998902,4.999900749285185,0.41701782443614155,0.2441138726217954,1.5009149333918421,0.06685896021153616,0.060036597335669684
31.1729999999989,9.0,31.1729999999989,4.999900749286104,0.41701782443691854,0.24411390663529128,1.5009149674415905,0.06685896187003784,0.06003659869769202
31.192999999998904,9.0,31.192999999998904,4.999900749287241,0.41701782443804297,0.2441139490113902,1.500915009787565,0.06685896369998742,0.06003660039147139
31.2129999999989,9.0,31.2129999999989,4.999900749288389,0.417017824437865,0.2441139915622833,1.5009150523502925,0.06685896564815827,0.060036602092765914
31.2329999999989,9.0,31.2329999999989,4.999900749289535,0.4170178244386956,0.2441140341061348,1.500915094874398,0.06685896757022872,0.06003660379621257
31.2529999999989,9.0,31.2529999999989,4.999900749290691,0.41701782443867363,0.24411407680789474,1.5009151375935212,0.06685896953714299,0.060036605503731855
31.2729999999989,9.0,31.2729999999989,4.999900749291841,0.4170178244386441,0.24411411950832465,1.500915180283234,0.06685897142871981,0.0600366072100702
31.292999999998898,9.0,31.292999999998898,4.999900749292996,0.41701782443925806,0.2441141622758897,1.500915223038489,0.06685897337184421,0.06003660892153349
31.312999999998897,9.0,31.312999999998897,4.999900749294155,0.41701782443921165,0.24411420515944715,1.5009152659312572,0.0668589753595753,0.060036610638477414
31.332999999998897,9.0,31.332999999998897,4.999900749295314,0.41701782443943214,0.24411424810716587,1.5009153088872822,0.06685897728314999,0.06003661235420835
31.352999999998893,9.0,31.352999999998893,4.999900749296473,0.41701782443988505,0.24411429105157,1.5009153518093012,0.06685897920096477,0.06003661407241174
31.372999999998896,9.0,31.372999999998896,4.999900749297638,0.4170178244400619,0.24411433413570582,1.5009153949012293,0.06685898120106974,0.06003661579728654
31.392999999998892,9.0,31.392999999998892,4.9999007492988,0.417017824440022,0.24411437728702012,1.500915438061642,0.06685898315318545,0.060036617522443284
31.412999999998892,9.0,31.412999999998892,4.999900749299966,0.4170178244407381,0.24411442045552867,1.5009154812175243,0.06685898507988618,0.060036619248689665
31.413999999998893,9.0,31.413999999998893,4.999900749300033,0.41701782444014746,0.24411442249167215,1.5009154832091072,0.06685898501605336,0.060036619328348965
31.4299999999989,9.0,31.4299999999989,4.999900749300968,0.4170178244409404,0.2441144573114189,1.5009155180996758,0.06685898686969217,0.06003662072221091
31.449999999998894,9.0,31.449999999998894,4.999900749302135,0.41701782444105256,0.24411450052238443,1.5009155612750251,0.06685898871881847,0.060036622451011594
31.46999999999889,9.0,31.46999999999889,4.999900749303302,0.41701782444159996,0.24411454394856996,1.5009156047168275,0.06685899069946132,0.060036624187453286
31.489999999998894,9.0,31.489999999998894,4.999900749304472,0.41701782444176827,0.2441145873517211,1.5009156480985069,0.06685899264554458,0.06003662592515261
31.509999999998893,9.0,31.509999999998893,4.9999007493056515,0.417017824441589,0.2441146309094655,1.5009156916727115,0.06685899466042342,0.060036627668118965
31.52999999999889,9.0,31.52999999999889,4.9999007493068275,0.41701782444175717,0.24411467448868712,1.5009157352504376,0.06685899659156443,0.060036629408824614
31.549999999998892,9.0,31.549999999998892,4.999900749308007,0.41701782444244034,0.2441147180882214,1.5009157788275054,0.06685899854631458,0.06003663115312692
31.569999999998892,9.0,31.569999999998892,4.999900749309185,0.4170178244430199,0.24411476182656702,1.5009158225747523,0.0668590005793357,0.06003663290423046
31.589999999998888,9.0,31.589999999998888,4.999900749310367,0.4170178244431,0.24411480562900503,1.5009158663865363,0.06685900254484542,0.0600366346542052
31.60999999999889,9.0,31.60999999999889,4.99990074931155,0.4170178244441337,0.24411484942330014,1.5009159101587417,0.06685900449836131,0.06003663640636335
31.629999999998887,9.0,31.629999999998887,4.999900749312737,0.41701782444303565,0.24411489335375158,1.5009159540968806,0.06685900653358652,0.060036638165064556
31.649999999998887,9.0,31.649999999998887,4.999900749313924,0.4170178244435971,0.24411493734878847,1.5009159981009628,0.06685900852253109,0.0600366399240416
31.669999999998886,9.0,31.669999999998886,4.9999007493151115,0.4170178244444237,0.24411498135846887,1.500916042097972,0.06685901047081867,0.06003664168270221
31.670999999998884,9.0,31.670999999998884,4.999900749315179,0.41701782444384594,0.2441149833527772,1.500916044017733,0.06685901031431814,0.060036641760703544
31.68699999999889,9.0,31.68699999999889,4.999900749316132,0.4170178244456264,0.2441150189593304,1.500916079730065,0.06685901240080465,0.06003664318915907
31.706999999998885,9.0,31.706999999998885,4.999900749317321,0.41701782444531965,0.24411506302016886,1.5009161237684685,0.06685901425453468,0.06003664495203773
31.72699999999889,9.0,31.72699999999889,4.9999007493185115,0.4170178244449817,0.24411510726468022,1.5009161680206193,0.06685901622548744,0.06003664672079502
31.746999999998884,9.0,31.746999999998884,4.999900749319707,0.4170178244454296,0.24411515149295576,1.500916212224182,0.06685901815532776,0.060036648487702335
31.766999999998884,9.0,31.766999999998884,4.999900749320904,0.41701782444545704,0.24411519581775984,1.5009162565369691,0.06685902018133849,0.06003665026145156
31.786999999998887,9.0,31.786999999998887,4.999900749322104,0.41701782444586,0.24411524025496056,1.5009163009850377,0.0668590222443018,0.06003665204070337
31.806999999998883,9.0,31.806999999998883,4.999900749323305,0.4170178244461687,0.24411528475176822,1.5009163454904255,0.06685902423478159,0.06003665381835103
31.826999999998883,9.0,31.826999999998883,4.999900749324507,0.41701782444633545,0.2441153292390181,1.5009163899552487,0.06685902621720867,0.06003665559821201
31.846999999998886,9.0,31.846999999998886,4.99990074932571,0.41701782444647484,0.2441153738601348,1.5009164345840358,0.06685902826851026,0.06003665738338807
31.86699999999888,9.0,31.86699999999888,4.999900749326917,0.41701782444734753,0.24411541852272206,1.5009164792462133,0.0668590303016564,0.06003665917113194
31.886999999998878,9.0,31.886999999998878,4.999900749328123,0.41701782444714713,0.24411546326617514,1.5009165239966462,0.06685903230646027,0.060036660958686774
31.90699999999888,9.0,31.90699999999888,4.999900749329333,0.417017824446761,0.24411550800655601,1.5009165687152342,0.06685903430523987,0.06003666274861341
31.92699999999888,9.0,31.92699999999888,4.999900749330546,0.41701782444751434,0.24411555287786738,1.5009166135947036,0.06685903638219182,0.060036664544991986
31.92799999999888,9.0,31.92799999999888,4.999900749330614,0.41701782444705426,0.2441155550811925,1.500916615783815,0.06685903652537234,0.060036664635908475
31.943999999998884,9.0,31.943999999998884,4.999900749331585,0.4170178244483046,0.24411559114090287,1.5009166518931558,0.06685903813408033,0.06003666607206396
31.963999999998883,9.0,31.963999999998883,4.99990074933279,0.4170178244486504,0.24411563594782926,1.5009166966367087,0.06685904007025728,0.0600366678667646
31.98399999999888,9.0,31.98399999999888,4.999900749334005,0.41701782444844876,0.2441156810740824,1.500916741803669,0.06685904218805974,0.0600366696708374
32.003999999998875,9.0,32.003999999998875,4.999900749335228,0.41701782444878194,0.24411572609405202,1.5009167867958138,0.06685904418330353,0.0600366714730674
32.02399999999888,9.0,32.02399999999888,4.999900749336442,0.41701782444899943,0.24411577127994905,1.5009168319970867,0.06685904625455658,0.060036673279851294
32.043999999998874,9.0,32.043999999998874,4.999900749337664,0.41701782444911084,0.24411581646466413,1.5009168771712518,0.06685904827293747,0.06003667508685457
32.06399999999888,9.0,32.06399999999888,4.99990074933889,0.4170178244492326,0.24411586172978506,1.5009169224338403,0.06685905030906565,0.06003667689611378
32.08399999999888,9.0,32.08399999999888,4.999900749340111,0.4170178244502226,0.2441159070349074,1.5009169677285183,0.06685905236118471,0.06003667870911491
32.10399999999888,9.0,32.10399999999888,4.9999007493413385,0.41701782444994134,0.24411595244670478,1.5009170131489127,0.06685905445499926,0.06003668052717456
32.12399999999887,9.0,32.12399999999887,4.999900749342563,0.4170178244506285,0.24411599791342756,1.5009170586236917,0.06685905648602142,0.060036682343709354
32.143999999998876,9.0,32.143999999998876,4.9999007493437935,0.4170178244505788,0.24411604337181114,1.5009171040594622,0.06685905851171968,0.06003668416237096
32.16399999999887,9.0,32.16399999999887,4.9999007493450245,0.41701782445076657,0.24411608896063464,1.5009171496561422,0.06685906061952618,0.06003668598745418
32.183999999998875,9.0,32.183999999998875,4.999900749346257,0.41701782445109964,0.24411613460879733,1.5009171953133194,0.06685906267931244,0.06003668781252349
32.18499999999887,9.0,32.18499999999887,4.999900749346326,0.41701782445109326,0.24411613676143407,1.5009171974196502,0.06685906250243698,0.06003668789220223
32.20099999999888,9.0,32.20099999999888,4.999900749347313,0.417017824451363,0.24411617346095033,1.5009172341640427,0.06685906450741111,0.060036689366588396
32.220999999998874,9.0,32.220999999998874,4.999900749348541,0.41701782445132446,0.24411621914552828,1.5009172798373673,0.06685906651668787,0.06003669119475204
32.24099999999888,9.0,32.24099999999888,4.999900749349776,0.4170178244522604,0.24411626498323327,1.500917325692742,0.06685906858823182,0.060036693027702405
32.26099999999887,9.0,32.26099999999887,4.999900749351015,0.41701782445215385,0.24411631078226895,1.5009173714683577,0.06685907058338572,0.060036694857485196
32.28099999999887,9.0,32.28099999999887,4.999900749352257,0.4170178244517542,0.24411635666703133,1.500917417340522,0.06685907267079154,0.06003669669357724
32.30099999999887,9.0,32.30099999999887,4.999900749353498,0.41701782445216373,0.2441164026609172,1.5009174633448246,0.0668590747993719,0.06003669853504119
32.320999999998875,9.0,32.320999999998875,4.999900749354745,0.4170178244524003,0.24411644870837862,1.500917509400871,0.06685907685693035,0.06003670037477546
32.34099999999887,9.0,32.34099999999887,4.999900749355987,0.4170178244527424,0.2441164947403545,1.5009175554103908,0.06685907890488743,0.06003670221638719
32.36099999999887,9.0,32.36099999999887,4.999900749357234,0.4170178244534781,0.2441165409014377,1.5009176015791006,0.06685908100733944,0.06003670406189061
32.38099999999887,9.0,32.38099999999887,4.999900749358483,0.41701782445345,0.24411658707536427,1.5009176477432085,0.0668590831207593,0.06003670591224408
32.40099999999887,9.0,32.40099999999887,4.999900749359732,0.4170178244530817,0.24411663339267056,1.5009176940870343,0.06685908521683055,0.0600367077622489
32.42099999999886,9.0,32.42099999999886,4.999900749360985,0.4170178244530999,0.2441166796301439,1.500917740292863,0.06685908724650964,0.06003670961171223
32.440999999998866,9.0,32.440999999998866,4.999900749362233,0.4170178244548678,0.24411672601535098,1.500917786684785,0.06685908937689719,0.06003671146737839
32.46099999999886,9.0,32.46099999999886,4.9999007493634915,0.41701782445462154,0.24411677243957158,1.5009178331092727,0.06685909148947479,0.0600367133255832
32.461999999998866,9.0,32.461999999998866,4.999900749363562,0.4170178244534919,0.24411677472092627,1.5009178353760144,0.06685909152630183,0.060036713415040674
32.47799999999887,9.0,32.47799999999887,4.999900749364566,0.4170178244546166,0.2441168119982433,1.5009178726881254,0.06685909332469141,0.060036714907529494
32.49799999999887,9.0,32.49799999999887,4.999900749365818,0.4170178244553737,0.24411685844607134,1.5009179191060769,0.0668590953171044,0.06003671676293334
32.517999999998864,9.0,32.517999999998864,4.9999007493670735,0.41701782445432695,0.24411690503391856,1.5009179656964928,0.06685909747052692,0.060036718629128814
32.53799999999887,9.0,32.53799999999887,4.999900749368335,0.4170178244554254,0.2441169516915633,1.5009180123633734,0.06685909957856583,0.0600367204945886
32.55799999999886,9.0,32.55799999999886,4.999900749369597,0.4170178244559944,0.24411699835394673,1.5009180590135087,0.06685910164120216,0.06003672235928428
32.577999999998866,9.0,32.577999999998866,4.999900749370861,0.41701782445588986,0.2441170450739215,1.5009181057216536,0.06685910377191387,0.060036724230062774
32.59799999999886,9.0,32.59799999999886,4.999900749372124,0.417017824456282,0.24411709191761913,1.5009181525841424,0.06685910591467989,0.06003672610332527
32.617999999998865,9.0,32.617999999998865,4.999900749373389,0.4170178244570844,0.24411713874238508,1.5009181993975438,0.06685910798004854,0.06003672797469501
32.63799999999886,9.0,32.63799999999886,4.999900749374659,0.4170178244572329,0.2441171856203639,1.5009182462628394,0.06685911009802895,0.06003672985054084
32.65799999999886,9.0,32.65799999999886,4.999900749375928,0.41701782445732904,0.24411723260325302,1.5009182932547542,0.06685911226265047,0.06003673173145299
32.67799999999886,9.0,32.67799999999886,4.9999007493772,0.4170178244574459,0.24411727963647392,1.5009183402962671,0.06685911436158826,0.06003673361058698
32.697999999998856,9.0,32.697999999998856,4.999900749378473,0.4170178244579269,0.24411732664927,1.5009183872866623,0.06685911646616198,0.06003673549268957
32.71799999999886,9.0,32.71799999999886,4.999900749379744,0.41701782445768765,0.2441173738084108,1.5009184344628275,0.06685911862571167,0.06003673737857144
32.71899999999886,9.0,32.71899999999886,4.9999007493798135,0.4170178244568068,0.2441173760353425,1.5009184366441144,0.0668591184522487,0.060036737461207385
32.73499999999886,9.0,32.73499999999886,4.999900749380837,0.4170178244580394,0.24411741392559855,1.500918474580506,0.06685912050839717,0.06003673898329494
32.75499999999886,9.0,32.75499999999886,4.999900749382108,0.41701782445830593,0.24411746108921692,1.5009185217325607,0.06685912257720229,0.06003674087055081
32.77499999999886,9.0,32.77499999999886,4.999900749383386,0.41701782445887053,0.24411750839856972,1.5009185690592965,0.06685912472475838,0.06003674276359711
32.79499999999886,9.0,32.79499999999886,4.999900749384664,0.41701782445894603,0.24411755568265023,1.5009186163293249,0.06685912676694755,0.06003674465071763
32.81499999999886,9.0,32.81499999999886,4.999900749385943,0.41701782445887997,0.24411760298000718,1.5009186635943401,0.06685912888968053,0.06003674654372244
32.83499999999886,9.0,32.83499999999886,4.999900749387226,0.4170178244595051,0.24411765044992606,1.5009187110845947,0.06685913112852354,0.06003674844583861
32.85499999999886,9.0,32.85499999999886,4.999900749388511,0.417017824459675,0.2441176979658592,1.5009187586198856,0.0668591332289976,0.06003675034223819
32.874999999998856,9.0,32.874999999998856,4.999900749389795,0.41701782446018726,0.2441177453874043,1.5009188059985799,0.0668591353218622,0.060036752241202196
32.89499999999885,9.0,32.89499999999885,4.999900749391083,0.4170178244597372,0.24411779302340736,1.5009188536611364,0.0668591375320957,0.060036754146433745
32.914999999998855,9.0,32.914999999998855,4.999900749392368,0.4170178244604943,0.24411784062129857,1.5009189012496718,0.06685913964700474,0.06003675604997622
32.93499999999885,9.0,32.93499999999885,4.99990074939366,0.4170178244603077,0.24411788828639422,1.500918948911205,0.06685914179473525,0.060036757956453315
32.95499999999885,9.0,32.95499999999885,4.999900749394951,0.4170178244606911,0.244117936004264,1.5009189966276075,0.06685914394817667,0.06003675986512057
32.97499999999885,9.0,32.97499999999885,4.999900749396241,0.4170178244610885,0.24411798377165111,1.500919044393387,0.06685914608650544,0.06003676177447389
32.97599999999885,9.0,32.97599999999885,4.999900749396313,0.4170178244600666,0.2441179859520677,1.5009190464994102,0.06685914593699598,0.06003676185995019
32.99199999999885,9.0,32.99199999999885,4.99990074939735,0.4170178244617907,0.24411802452961784,1.5009190851825989,0.06685914816611623,0.06003676340907034
33.01199999999886,9.0,33.01199999999886,4.9999007493986385,0.4170178244613399,0.24411807231277527,1.5009191329522706,0.06685915014657158,0.06003676531808673
33.03199999999885,9.0,33.03199999999885,4.999900749399933,0.4170178244621583,0.24411812019483667,1.500919180821984,0.06685915223341446,0.060036767231617015
33.05199999999885,9.0,33.05199999999885,4.99990074940123,0.41701782446152863,0.24411816809556836,1.5009192286982531,0.06685915438395318,0.060036769149165815
33.07199999999885,9.0,33.07199999999885,4.9999007494025305,0.4170178244624748,0.24411821614512688,1.5009192767662562,0.06685915658835842,0.06003677107055459
33.09199999999885,9.0,33.09199999999885,4.999900749403833,0.417017824461906,0.24411826416995583,1.5009193247811117,0.06685915871019579,0.06003677298999769
33.11199999999885,9.0,33.11199999999885,4.999900749405131,0.4170178244626388,0.24411831224053718,1.500919372839302,0.0668591608935323,0.060036774914828936
33.131999999998854,9.0,33.131999999998854,4.999900749406437,0.417017824462372,0.24411836042926544,1.5009194210464216,0.06685916307616739,0.06003677684055255
33.15199999999885,9.0,33.15199999999885,4.999900749407739,0.4170178244630899,0.24411840857108583,1.5009194691673853,0.06685916521290339,0.0600367787667248
33.171999999998846,9.0,33.171999999998846,4.999900749409047,0.4170178244633499,0.2441184568260826,1.5009195174293952,0.06685916742799038,0.06003678069845286
33.19199999999884,9.0,33.19199999999884,4.99990074941035,0.41701782446363045,0.24411850513015998,1.500919565742,0.06685916958357178,0.06003678262840941
33.211999999998845,9.0,33.211999999998845,4.999900749411661,0.41701782446421204,0.2441185534067369,1.5009196139965024,0.06685917172800943,0.060036784559862284
33.23199999999885,9.0,33.23199999999885,4.99990074941297,0.4170178244641318,0.24411860180175937,1.5009196623991288,0.06685917395356417,0.060036786497147825
33.232999999998846,9.0,33.232999999998846,4.999900749413041,0.41701782446348085,0.24411860418061673,1.5009196647638348,0.06685917399504222,0.06003678659054391
33.24899999999885,9.0,33.24899999999885,4.999900749414092,0.4170178244651722,0.24411864301269098,1.5009197036320123,0.0668591758579219,0.06003678814526822
33.26899999999885,9.0,33.26899999999885,4.999900749415399,0.4170178244657582,0.24411869139138506,1.5009197519803843,0.06685917792921035,0.060036790077937864
33.28899999999884,9.0,33.28899999999884,4.99990074941671,0.41701782446497304,0.2441187399006032,1.5009198004918392,0.06685918016216072,0.06003679202091184
33.308999999998846,9.0,33.308999999998846,4.999900749418023,0.41701782446538,0.2441187884678334,1.5009198490683293,0.06685918234943981,0.06003679396272648
33.32899999999884,9.0,33.32899999999884,4.999900749419341,0.4170178244657506,0.24411883702872617,1.5009198976169535,0.06685918449197172,0.060036795903432076
33.348999999998846,9.0,33.348999999998846,4.999900749420657,0.41701782446579555,0.24411888563489365,1.5009199462112428,0.06685918670101355,0.0600367978496882
33.36899999999885,9.0,33.36899999999885,4.999900749421976,0.41701782446596086,0.2441189343543206,1.5009199949494048,0.06685918889289234,0.06003679979552274
33.388999999998845,9.0,33.388999999998845,4.999900749423296,0.4170178244665797,0.24411898300321075,1.5009200435679861,0.06685919106565742,0.06003680174399662
33.40899999999884,9.0,33.40899999999884,4.999900749424616,0.41701782446672525,0.24411903182999128,1.500920092421399,0.0668591933283707,0.06003680369806562
33.428999999998844,9.0,33.428999999998844,4.999900749425936,0.4170178244668275,0.24411908063009582,1.5009201412202364,0.0668591954708588,0.06003680564752204
33.44899999999884,9.0,33.44899999999884,4.999900749427263,0.41701782446691765,0.24411912942117012,1.5009201899877815,0.0668591976540607,0.06003680760075291
33.468999999998836,9.0,33.468999999998836,4.999900749428586,0.41701782446725544,0.2441191783520654,1.5009202389364176,0.06685919987648131,0.060036809556209055
33.48899999999884,9.0,33.48899999999884,4.999900749429913,0.4170178244675361,0.24411922723495127,1.5009202877994947,0.06685920204842885,0.06003681151194261
33.48999999999884,9.0,33.48999999999884,4.9999007494299885,0.41701782446668073,0.24411922956192594,1.5009202900834389,0.0668592021135998,0.060036811607904125
33.50599999999884,9.0,33.50599999999884,4.99990074943105,0.41701782446786434,0.24411926900276584,1.5009203296192362,0.0668592041254104,0.060036813184751195
33.52599999999884,9.0,33.52599999999884,4.999900749432374,0.4170178244674583,0.24411931788197067,1.5009203784570548,0.06685920616278346,0.06003681513957954
33.54599999999884,9.0,33.54599999999884,4.999900749433698,0.4170178244680862,0.24411936695793793,1.50092042754438,0.06685920837092967,0.06003681710175863
33.56599999999884,9.0,33.56599999999884,4.99990074943503,0.41701782446849717,0.2441194159921078,1.5009204765566089,0.06685921051464035,0.06003681906097228
33.58599999999883,9.0,33.58599999999883,4.999900749436362,0.41701782446900965,0.24411946509172813,1.500920525644653,0.06685921272557299,0.06003682102452665
33.605999999998836,9.0,33.605999999998836,4.999900749437693,0.41701782446859137,0.24411951425751427,1.5009205748115106,0.06685921500096612,0.06003682299501688
33.62599999999884,9.0,33.62599999999884,4.999900749439026,0.4170178244691887,0.24411956352587158,1.5009206241079458,0.0668592172158945,0.06003682496308855
33.645999999998836,9.0,33.645999999998836,4.999900749440365,0.41701782446956676,0.24411961269163793,1.5009206732412108,0.06685921937613933,0.06003682693089706
33.66599999999884,9.0,33.66599999999884,4.999900749441701,0.4170178244694506,0.24411966201145913,1.500920722576668,0.06685922159798342,0.06003682890062134
33.685999999998835,9.0,33.685999999998835,4.9999007494430385,0.4170178244697026,0.24411971126260423,1.5009207717989776,0.06685922380406563,0.06003683087321691
33.70599999999883,9.0,33.70599999999883,4.999900749444377,0.41701782447008917,0.24411976068518304,1.500920821248868,0.06685922606386792,0.06003683284870772
33.725999999998834,9.0,33.725999999998834,4.9999007494457155,0.4170178244704813,0.2441198100312348,1.500920870574845,0.06685922824399089,0.060036834822984206
33.74599999999883,9.0,33.74599999999883,4.999900749447058,0.4170178244703513,0.2441198594788436,1.50092092002865,0.06685923050340464,0.06003683680236363
33.76599999999883,9.0,33.76599999999883,4.9999007494484,0.41701782447079233,0.2441199089646617,1.5009209695228127,0.06685923270661723,0.06003683877967202
33.76699999999883,9.0,33.76699999999883,4.999900749448476,0.41701782447016505,0.24411991122397375,1.5009209717060321,0.06685923255267977,0.0600368388682481
33.782999999998836,9.0,33.782999999998836,4.999900749449553,0.4170178244717515,0.24411995112368692,1.500921011698848,0.06685923477998411,0.06003684046792428
33.80299999999883,9.0,33.80299999999883,4.99990074945089,0.41701782447202174,0.2441200005633289,1.5009210611168422,0.06685923687277363,0.06003684244601723
33.82299999999883,9.0,33.82299999999883,4.999900749452232,0.41701782447161984,0.24412005016072963,1.5009211107237814,0.06685923907557051,0.060036844428899484
33.84299999999883,9.0,33.84299999999883,4.9999007494535785,0.41701782447203234,0.24412009971052678,1.5009211602492858,0.06685924124391175,0.06003684640996979
33.862999999998834,9.0,33.862999999998834,4.999900749454924,0.41701782447156077,0.24412014934678072,1.5009212098828322,0.06685924348958916,0.06003684839532285
33.88299999999883,9.0,33.88299999999883,4.999900749456277,0.41701782447221736,0.2441201990251312,1.5009212595614485,0.06685924571621271,0.06003685038115979
33.90299999999883,9.0,33.90299999999883,4.999900749457625,0.41701782447263797,0.24412024871124477,1.5009213092370293,0.06685924797815242,0.06003685237200044
33.92299999999883,9.0,33.92299999999883,4.999900749458975,0.4170178244723111,0.24412029852053255,1.5009213590733659,0.06685925022122481,0.06003685436170484
33.942999999998825,9.0,33.942999999998825,4.999900749460326,0.41701782447260094,0.24412034822466488,1.5009214087460483,0.0668592523934391,0.060036856349851404
33.96299999999883,9.0,33.96299999999883,4.999900749461681,0.4170178244729479,0.24412039805571556,1.5009214585836177,0.06685925465144453,0.06003685834209129
33.982999999998825,9.0,33.982999999998825,4.999900749463035,0.4170178244730861,0.24412044787986828,1.5009215083985845,0.06685925690480524,0.06003686033718104
34.00299999999882,9.0,34.00299999999882,4.999900749464389,0.41701782447368974,0.24412049779960018,1.500921558335747,0.06685925915082779,0.0600368623321927
34.022999999998824,9.0,34.022999999998824,4.999900749465743,0.4170178244739977,0.24412054766064667,1.500921608175252,0.06685926135432382,0.060036864326985025
34.02399999999882,9.0,34.02399999999882,4.9999007494658185,0.4170178244728264,0.2441205500356679,1.5009216105073506,0.06685926153013198,0.06003686442942871
34.03999999999883,9.0,34.03999999999883,4.999900749466906,0.4170178244746158,0.24412059028606928,1.5009216508655572,0.06685926346482848,0.06003686603279321
34.05999999999882,9.0,34.05999999999882,4.999900749468257,0.41701782447488495,0.24412064007661813,1.500921700591367,0.06685926548194202,0.060036868022329035
34.079999999998826,9.0,34.079999999998826,4.9999007494696155,0.4170178244747374,0.24412069008858173,1.5009217506052357,0.06685926776497131,0.060036870024194985
34.09999999999882,9.0,34.09999999999882,4.999900749470976,0.41701782447438523,0.24412074012118273,1.5009218006379825,0.06685927002774472,0.06003687202675261
34.119999999998825,9.0,34.119999999998825,4.999900749472337,0.41701782447482705,0.244120790201066,1.5009218507252409,0.06685927225578704,0.06003687402777569
34.13999999999882,9.0,34.13999999999882,4.9999007494736984,0.41701782447549623,0.24412084024369576,1.5009219007461132,0.06685927449004779,0.060036876031160244
34.159999999998824,9.0,34.159999999998824,4.999900749475061,0.4170178244755615,0.24412089040992888,1.5009219509296445,0.0668592767717771,0.060036878037197844
34.17999999999882,9.0,34.17999999999882,4.999900749476425,0.4170178244759669,0.24412094053790193,1.5009220010469355,0.06685927899151163,0.06003688004190324
34.19999999999882,9.0,34.19999999999882,4.999900749477788,0.4170178244756674,0.24412099071516702,1.5009220512212538,0.06685928122953416,0.06003688204763164
34.21999999999882,9.0,34.21999999999882,4.9999007494791545,0.4170178244763354,0.24412104090307846,1.50092210139851,0.0668592834988824,0.06003688405718257
34.239999999998815,9.0,34.239999999998815,4.9999007494805205,0.4170178244762566,0.24412109118594558,1.50092215169946,0.06685928577764444,0.060036886067962585
34.25999999999882,9.0,34.25999999999882,4.999900749481889,0.41701782447652946,0.24412114142699898,1.5009222019287274,0.06685928798149703,0.06003688807588361
34.27999999999882,9.0,34.27999999999882,4.999900749483258,0.41701782447718216,0.24412119169564458,1.500922252184709,0.06685929026768311,0.06003689008985642
34.28099999999882,9.0,34.28099999999882,4.999900749483333,0.4170178244762601,0.24412119425902964,1.5009222547653793,0.06685929030596172,0.0600368901860404
34.296999999998825,9.0,34.296999999998825,4.999900749484431,0.41701782447689856,0.24412123449746023,1.5009222950024812,0.06685929214567417,0.060036891798264186
34.31699999999882,9.0,34.31699999999882,4.999900749485797,0.41701782447742664,0.24412128478389428,1.5009223452588358,0.06685929439911431,0.06003689381163434
34.33699999999882,9.0,34.33699999999882,4.999900749487165,0.4170178244775988,0.24412133524597515,1.5009223957585303,0.06685929673449721,0.060036895830348075
34.35699999999882,9.0,34.35699999999882,4.999900749488538,0.4170178244777304,0.2441213855999278,1.500922446092636,0.06685929894733274,0.06003689784494617
34.376999999998816,9.0,34.376999999998816,4.999900749489908,0.4170178244781772,0.244121436040877,1.5009224965388155,0.06685930119719168,0.060036899860305644
34.39699999999882,9.0,34.39699999999882,4.999900749491285,0.417017824477939,0.24412148644724407,1.5009225469249072,0.06685930342383291,0.06003690187568981
34.416999999998815,9.0,34.416999999998815,4.9999007494926575,0.41701782447793423,0.24412153692509883,1.5009225974019542,0.06685930573503888,0.06003690389726537
34.43699999999882,9.0,34.43699999999882,4.9999007494940315,0.4170178244786025,0.24412158747182197,1.500922647967852,0.06685930801962671,0.06003690591868471
34.456999999998814,9.0,34.456999999998814,4.999900749495411,0.41701782447942976,0.2441216379697107,1.5009226984531265,0.06685931024350354,0.06003690793812992
34.47699999999881,9.0,34.47699999999881,4.999900749496789,0.4170178244793717,0.244121688515274,1.5009227489951027,0.06685931250972976,0.06003690995982246
34.49699999999881,9.0,34.49699999999881,4.999900749498166,0.4170178244792494,0.24412173908994197,1.500922799568582,0.06685931477923657,0.06003691198270104
34.51699999999881,9.0,34.51699999999881,4.999900749499546,0.4170178244802437,0.24412178968632942,1.500922850163509,0.06685931706032265,0.0600369140077467
34.53699999999881,9.0,34.53699999999881,4.999900749500925,0.41701782448022445,0.24412184032583734,1.5009229008105862,0.06685931929705985,0.06003691602996666
34.53799999999881,9.0,34.53799999999881,4.999900749501001,0.41701782447878577,0.24412184255851024,1.500922902937417,0.06685931905113016,0.06003691611750719
34.553999999998815,9.0,34.553999999998815,4.999900749502105,0.4170178244807133,0.2441218834876809,1.500922943995544,0.06685932152161073,0.06003691776160234
34.57399999999881,9.0,34.57399999999881,4.999900749503483,0.4170178244807976,0.2441219340707397,1.5009229945699356,0.06685932360959734,0.060036919784100945
34.593999999998815,9.0,34.593999999998815,4.999900749504863,0.4170178244805115,0.2441219847425618,1.5009230452340399,0.06685932578072847,0.0600369218081294
34.61399999999881,9.0,34.61399999999881,4.999900749506243,0.4170178244803483,0.2441220353669598,1.5009230958220707,0.06685932799355254,0.06003692383287052
34.63399999999881,9.0,34.63399999999881,4.999900749507628,0.4170178244807303,0.24412208612114636,1.5009231465847879,0.0668593303172626,0.060036925863402715
34.65399999999881,9.0,34.65399999999881,4.999900749509016,0.41701782448120034,0.24412213687383405,1.5009231973388977,0.06685933259289441,0.06003692789356795
34.67399999999881,9.0,34.67399999999881,4.9999007495104,0.41701782448203184,0.2441221876424343,1.5009232481052082,0.06685933486010315,0.06003692992420284
34.69399999999881,9.0,34.69399999999881,4.999900749511786,0.4170178244821218,0.24412223843145545,1.5009232988919727,0.06685933713058215,0.060036931955657485
34.713999999998805,9.0,34.713999999998805,4.999900749513171,0.4170178244817646,0.24412228923957355,1.5009233496981471,0.06685933938872551,0.0600369339866913
34.73399999999881,9.0,34.73399999999881,4.999900749514561,0.4170178244817796,0.24412234004602143,1.500923400493258,0.06685934169192506,0.06003693602220696
34.753999999998804,9.0,34.753999999998804,4.9999007495159535,0.41701782448226016,0.24412239095981933,1.5009234514343153,0.06685934399265735,0.06003693805737007
34.77399999999881,9.0,34.77399999999881,4.999900749517339,0.41701782448236274,0.24412244177827896,1.5009235022307221,0.06685934620816922,0.060036940089255295
34.7939999999988,9.0,34.7939999999988,4.999900749518731,0.417017824482422,0.24412249265937133,1.5009235531083072,0.06685934847912843,0.06003694212309238
34.813999999998806,9.0,34.813999999998806,4.999900749520121,0.4170178244824917,0.2441225435458609,1.5009236039851146,0.06685935076559639,0.060036944159355635
34.814999999998804,9.0,34.814999999998804,4.9999007495202,0.4170178244823786,0.24412254597077765,1.5009236063676548,0.06685935072487931,0.06003694425469864
34.83099999999881,9.0,34.83099999999881,4.999900749521314,0.41701782448329433,0.24412258694647468,1.5009236474252141,0.06685935287535269,0.0600369458970041
34.850999999998805,9.0,34.850999999998805,4.999900749522696,0.4170178244836641,0.2441226377932625,1.5009236982441387,0.06685935499321649,0.06003694792845548
34.8709999999988,9.0,34.8709999999988,4.9999007495240875,0.4170178244833719,0.24412268873723236,1.50092374918163,0.0668593572823515,0.060036949968438426
34.890999999998805,9.0,34.890999999998805,4.999900749525482,0.41701782448386626,0.2441227397261688,1.5009238001773162,0.06685935954612261,0.06003695200581512
34.91099999999881,9.0,34.91099999999881,4.999900749526877,0.41701782448428054,0.2441227906648098,1.5009238510944913,0.06685936180025275,0.060036954043729746
34.930999999998804,9.0,34.930999999998804,4.999900749528271,0.4170178244842577,0.2441228416888305,1.5009239021266279,0.06685936413005808,0.06003695608631603
34.9509999999988,9.0,34.9509999999988,4.999900749529669,0.4170178244843597,0.24412289272931517,1.5009239531759788,0.066859366422739,0.06003695812829939
34.9709999999988,9.0,34.9709999999988,4.999900749531064,0.41701782448461944,0.2441229437567356,1.5009240042000571,0.06685936865678463,0.060036960166702846
34.9909999999988,9.0,34.9909999999988,4.99990074953246,0.4170178244846592,0.24412299475519558,1.5009240551763254,0.06685937093322365,0.060036962208298815
35.010999999998795,9.0,35.010999999998795,4.9999007495338565,0.41701782448489005,0.24412304586408523,1.5009241063035397,0.06685937322427488,0.060036964249564166
35.0309999999988,9.0,35.0309999999988,4.99990074953526,0.41701782448513247,0.24412309687270708,1.5009241572830039,0.06685937547803661,0.060036966291335016
35.050999999998794,9.0,35.050999999998794,4.99990074953666,0.41701782448542246,0.24412314800725188,1.5009242084349856,0.06685937783017512,0.060036968338616624
35.0709999999988,9.0,35.0709999999988,4.999900749538056,0.4170178244856326,0.24412319913016028,1.5009242595668337,0.0668593800860546,0.06003697038141595
35.0909999999988,9.0,35.0909999999988,4.999900749539456,0.41701782448624397,0.24412325019439024,1.5009243106077172,0.06685938234936557,0.060036972425587205
35.0919999999988,9.0,35.0919999999988,4.999900749539534,0.41701782448542246,0.24412325271418966,1.500924313114424,0.06685938240378383,0.06003697252458385
35.107999999998796,9.0,35.107999999998796,4.999900749540655,0.41701782448584684,0.24412329373957598,1.5009243541865136,0.06685938439257036,0.060036974167481175
35.1279999999988,9.0,35.1279999999988,4.99990074954205,0.41701782448661484,0.2441233447989461,1.500924405215299,0.06685938657367785,0.06003697620863275
35.147999999998795,9.0,35.147999999998795,4.999900749543454,0.41701782448617186,0.24412339597742475,1.5009244564037303,0.06685938887061217,0.06003697825485509
35.1679999999988,9.0,35.1679999999988,4.99990074954485,0.417017824486982,0.24412344709288394,1.5009245074989692,0.06685939116032154,0.060036980302453594
35.187999999998794,9.0,35.187999999998794,4.9999007495462555,0.41701782448681946,0.24412349832939528,1.5009245587621505,0.06685939344723583,0.060036982347950796
35.2079999999988,9.0,35.2079999999988,4.999900749547659,0.41701782448745106,0.2441235494202528,1.5009246098130122,0.06685939569130235,0.0600369843937553
35.227999999998794,9.0,35.227999999998794,4.999900749549064,0.41701782448741465,0.24412360067766614,1.5009246610970353,0.06685939802544703,0.060036986442667084
35.24799999999879,9.0,35.24799999999879,4.999900749550471,0.41701782448712177,0.24412365183594065,1.5009247122361271,0.06685940029351223,0.06003698849075666
35.26799999999879,9.0,35.26799999999879,4.999900749551874,0.4170178244877849,0.24412370308774134,1.500924763503984,0.06685940260388314,0.06003699054017935
35.28799999999879,9.0,35.28799999999879,4.999900749553283,0.4170178244884808,0.2441237542835861,1.5009248146884209,0.06685940485889089,0.060036992587513646
35.30799999999879,9.0,35.30799999999879,4.999900749554685,0.4170178244875447,0.24412380550717003,1.5009248659091459,0.06685940714850604,0.06003699463638406
35.327999999998795,9.0,35.327999999998795,4.999900749556093,0.4170178244879635,0.2441238567439455,1.5009249171446861,0.0668594094542409,0.06003699668703035
35.34799999999879,9.0,35.34799999999879,4.999900749557504,0.4170178244881346,0.24412390800907197,1.5009249684177204,0.06685941174160659,0.06003699873671671
35.34899999999879,9.0,35.34899999999879,4.999900749557582,0.4170178244880215,0.24412391044103723,1.5009249708036936,0.0668594114672949,0.06003699882301861
35.364999999998794,9.0,35.364999999998794,4.999900749558709,0.4170178244883529,0.24412395156684144,1.5009250119613617,0.06685941376328773,0.060037000480278574
35.38499999999879,9.0,35.38499999999879,4.99990074956011,0.41701782448923086,0.2441240028306522,1.500925063237626,0.06685941600700925,0.0600370025294993
35.40499999999879,9.0,35.40499999999879,4.999900749561517,0.41701782448894753,0.24412405409413976,1.500925114499967,0.06685941824653194,0.060037004578788376
35.42499999999879,9.0,35.42499999999879,4.999900749562928,0.41701782448955244,0.24412410531080686,1.5009251656922742,0.06685942049828146,0.060037006627704996
35.44499999999879,9.0,35.44499999999879,4.999900749564339,0.41701782448945884,0.24412415660936196,1.5009252169987295,0.06685942283661178,0.06003700868117436
35.46499999999879,9.0,35.46499999999879,4.999900749565751,0.41701782448976504,0.244124207914214,1.5009252683127852,0.06685942513789164,0.060037010733765515
35.48499999999879,9.0,35.48499999999879,4.9999007495671615,0.4170178244899377,0.24412425919519853,1.5009253195905394,0.06685942736434511,0.06003701278113582
35.50499999999879,9.0,35.50499999999879,4.999900749568574,0.4170178244896486,0.2441243104159684,1.500925370779681,0.06685942964645276,0.06003701483246651
35.52499999999878,9.0,35.52499999999878,4.999900749569986,0.41701782449047486,0.24412436178261387,1.5009254221749413,0.06685943199904569,0.060037016886977046
35.54499999999878,9.0,35.54499999999878,4.999900749571398,0.41701782449013447,0.24412441305950158,1.5009254734418385,0.06685943426437614,0.06003701893892996
35.56499999999878,9.0,35.56499999999878,4.999900749572813,0.41701782449074487,0.24412446437887897,1.5009255247666822,0.06685943653392329,0.06003702098942446
35.584999999998786,9.0,35.584999999998786,4.9999007495742225,0.4170178244904207,0.2441245156376549,1.5009255760043057,0.06685943878205197,0.06003702303886813
35.60499999999878,9.0,35.60499999999878,4.999900749575639,0.4170178244904036,0.2441245669470859,1.500925627312628,0.0668594411191048,0.0600370250937157
35.60599999999879,9.0,35.60599999999879,4.999900749575718,0.4170178244904392,0.24412456947693478,1.5009256298298101,0.0668594410640786,0.060037025188619086
35.621999999998785,9.0,35.621999999998785,4.999900749576851,0.41701782449131214,0.24412461062000512,1.500925671006672,0.06685944312170347,0.06003702684020624
35.64199999999878,9.0,35.64199999999878,4.999900749578262,0.41701782449141694,0.24412466188491247,1.5009257222538925,0.06685944535477754,0.060037028891426536
35.661999999998784,9.0,35.661999999998784,4.999900749579671,0.41701782449137936,0.24412471325010063,1.5009257736393213,0.06685944766112376,0.06003703094552508
35.68199999999878,9.0,35.68199999999878,4.999900749581085,0.4170178244916862,0.24412476451462242,1.5009258248817263,0.06685944990643708,0.06003703299651642
35.70199999999878,9.0,35.70199999999878,4.999900749582504,0.4170178244911911,0.24412481584961115,1.5009258762229867,0.06685945219179208,0.06003703504766045
35.721999999998786,9.0,35.721999999998786,4.999900749583922,0.4170178244917801,0.24412486712269107,1.5009259274764983,0.06685945446153224,0.06003703709905657
35.74199999999878,9.0,35.74199999999878,4.999900749585341,0.4170178244920164,0.24412491846235998,1.500925978824861,0.06685945679633823,0.06003703915420923
35.76199999999878,9.0,35.76199999999878,4.999900749586757,0.4170178244925747,0.24412496980071743,1.5009260301720764,0.06685945906307443,0.060037041205609556
35.78199999999878,9.0,35.78199999999878,4.999900749588175,0.417017824492413,0.24412502106549264,1.5009260814145724,0.06685946130182374,0.06003704325535104
35.80199999999878,9.0,35.80199999999878,4.99990074958959,0.4170178244926848,0.2441250723795915,1.500926132726884,0.06685946363592045,0.06003704531038873
35.82199999999878,9.0,35.82199999999878,4.99990074959101,0.4170178244927036,0.24412512373842837,1.500926184104929,0.06685946595850865,0.060037047365422556
35.84199999999878,9.0,35.84199999999878,4.999900749592431,0.4170178244929842,0.24412517504256148,1.5009262354061144,0.06685946818974907,0.06003704941501491
35.86199999999878,9.0,35.86199999999878,4.999900749593851,0.41701782449332675,0.24412522630110067,1.5009262866413802,0.06685947044917562,0.060037051465580075
35.86299999999878,9.0,35.86299999999878,4.999900749593931,0.417017824492636,0.24412522874609605,1.5009262890437718,0.06685947041117055,0.060037051561753325
35.878999999998776,9.0,35.878999999998776,4.999900749595065,0.41701782449364905,0.24412527003098422,1.5009263304118412,0.06685947260959041,0.06003705321827242
35.89899999999878,9.0,35.89899999999878,4.99990074959648,0.4170178244935153,0.24412532126678976,1.500926381630116,0.06685947472626926,0.060037055263940715
35.918999999998775,9.0,35.918999999998775,4.999900749597897,0.4170178244936088,0.24412537253149233,1.50092643287789,0.06685947699203913,0.06003705731634065
35.93899999999878,9.0,35.93899999999878,4.999900749599319,0.41701782449386854,0.24412542384289937,1.500926484195578,0.06685947926536819,0.060037059366578535
35.95899999999878,9.0,35.95899999999878,4.999900749600742,0.4170178244937731,0.24412547508679075,1.500926535418913,0.06685948152880503,0.060037061416859556
35.97899999999878,9.0,35.97899999999878,4.999900749602162,0.4170178244945029,0.24412552639735216,1.5009265867378632,0.06685948384611401,0.06003706346951405
35.99899999999877,9.0,35.99899999999877,4.999900749603583,0.4170178244943531,0.2441255776785744,1.5009266380187545,0.06685948610926443,0.060037065519508465
36.018999999998776,9.0,36.018999999998776,4.999900749605006,0.41701782449472685,0.2441256289288188,1.5009266892569555,0.06685948839940119,0.06003706757148195
36.03899999999877,9.0,36.03899999999877,4.99990074960643,0.4170178244946314,0.24412568024159836,1.5009267405872118,0.06685949072045932,0.060037069624706806
36.05899999999877,9.0,36.05899999999877,4.999900749607853,0.417017824494276,0.2441257314990266,1.500926791842367,0.06685949296669372,0.06003707167370609
36.07899999999877,9.0,36.07899999999877,4.999900749609277,0.4170178244953444,0.24412578272697402,1.5009268430568679,0.06685949520874014,0.06003707372103759
36.09899999999877,9.0,36.09899999999877,4.9999007496107,0.41701782449536273,0.24412583395535992,1.5009268942743663,0.06685949751521544,0.06003707577216149
36.11899999999877,9.0,36.11899999999877,4.999900749612123,0.4170178244957073,0.24412588524273804,1.5009269455810355,0.06685949981075771,0.06003707782196653
36.11999999999877,9.0,36.11999999999877,4.999900749612204,0.41701782449462865,0.24412588759013673,1.5009269478526415,0.0668594997689546,0.06003707791867135
36.13599999999877,9.0,36.13599999999877,4.999900749613346,0.41701782449649827,0.24412592890903384,1.5009269892788573,0.06685950192295372,0.06003707956930284
36.15599999999877,9.0,36.15599999999877,4.9999007496147625,0.41701782449565883,0.24412597998588195,1.5009270403098245,0.06685950400416833,0.060037081611084286
36.175999999998766,9.0,36.175999999998766,4.999900749616186,0.41701782449594754,0.2441260312097141,1.5009270915336124,0.06685950631020397,0.06003708366256822
36.19599999999877,9.0,36.19599999999877,4.999900749617608,0.4170178244956319,0.2441260824366021,1.5009271427676933,0.06685950858056819,0.06003708571071298
36.21599999999877,9.0,36.21599999999877,4.999900749619031,0.4170178244961435,0.2441261336085404,1.500927193926967,0.06685951084255352,0.060037087758292904
36.23599999999877,9.0,36.23599999999877,4.999900749620463,0.41701782449665165,0.244126184818715,1.5009272451442757,0.06685951309687144,0.06003708980322015
36.25599999999877,9.0,36.25599999999877,4.999900749621887,0.4170178244960817,0.24412623592952018,1.5009272962253908,0.06685951536488907,0.060037091850258184
36.27599999999877,9.0,36.27599999999877,4.999900749623312,0.41701782449662306,0.24412628716699064,1.500927347490814,0.06685951769953177,0.060037093899599346
36.29599999999876,9.0,36.29599999999876,4.9999007496247385,0.4170178244969608,0.2441263383022152,1.50092739861566,0.06685951994995741,0.06003709594580966
36.315999999998766,9.0,36.315999999998766,4.999900749626169,0.4170178244970198,0.24412638946270257,1.5009274497817338,0.06685952220521427,0.060037097990030784
36.33599999999876,9.0,36.33599999999876,4.999900749627591,0.4170178244967534,0.24412644055023774,1.5009275008480398,0.06685952445429769,0.06003710003389839
36.355999999998765,9.0,36.355999999998765,4.999900749629017,0.4170178244973608,0.24412649169375417,1.5009275520000465,0.06685952676071391,0.060037102080013165
36.37599999999877,9.0,36.37599999999877,4.999900749630448,0.417017824497349,0.24412654280423832,1.5009276031100676,0.06685952904315949,0.06003710412564603
36.37699999999876,9.0,36.37699999999876,4.999900749630526,0.41701782449699665,0.2441265453178528,1.5009276056090695,0.066859529087991,0.060037104224365846
36.392999999998764,9.0,36.392999999998764,4.999900749631672,0.4170178244973902,0.24412658629349096,1.5009276466190378,0.06685953099672462,0.06003710586296119
36.41299999999876,9.0,36.41299999999876,4.999900749633094,0.4170178244987157,0.24412663727938894,1.500927697565573,0.06685953318496986,0.06003710790261417
36.43299999999876,9.0,36.43299999999876,4.999900749634518,0.41701782449818514,0.24412668840806898,1.500927748716614,0.06685953551628257,0.06003710994864096
36.45299999999877,9.0,36.45299999999877,4.999900749635948,0.41701782449788183,0.24412673944265545,1.5009277997414094,0.06685953776659197,0.06003711199090612
36.47299999999876,9.0,36.47299999999876,4.999900749637375,0.4170178244985712,0.24412679050142355,1.5009278508062214,0.06685954003283848,0.06003711403226822
36.492999999998766,9.0,36.492999999998766,4.999900749638803,0.41701782449826186,0.24412684150468567,1.5009279017978865,0.06685954226101841,0.06003711607066107
36.51299999999876,9.0,36.51299999999876,4.999900749640234,0.41701782449794556,0.24412689249321864,1.500927952775194,0.06685954453454204,0.06003711811105584
36.53299999999876,9.0,36.53299999999876,4.999900749641661,0.41701782449925473,0.24412694351573028,1.5009280038071005,0.06685954682926178,0.06003712015226883
36.55299999999876,9.0,36.55299999999876,4.999900749643095,0.41701782449949826,0.24412699449466513,1.500928054784952,0.06685954908435723,0.06003712219144339
36.57299999999876,9.0,36.57299999999876,4.999900749644525,0.4170178244983654,0.24412704545384797,1.5009281057412815,0.06685955135478629,0.06003712423093381
36.59299999999875,9.0,36.59299999999875,4.9999007496459535,0.41701782449958047,0.24412709642084068,1.5009281567154902,0.06685955360081934,0.06003712626739294
36.612999999998756,9.0,36.612999999998756,4.9999007496473835,0.41701782449988056,0.24412714730321228,1.5009282075765236,0.06685955583451199,0.06003712830303736
36.63299999999876,9.0,36.63299999999876,4.999900749648816,0.41701782449887126,0.2441271982367129,1.50092825851819,0.06685955814280332,0.06003713034201
36.652999999998755,9.0,36.652999999998755,4.999900749650245,0.41701782449885116,0.24412724915366008,1.5009283094440673,0.0668595603683447,0.06003713237525881
36.67299999999876,9.0,36.67299999999876,4.999900749651679,0.4170178244997691,0.24412729995812954,1.5009283602170633,0.06685956262360752,0.06003713441118061
36.692999999998754,9.0,36.692999999998754,4.999900749653109,0.41701782449940555,0.24412735090295506,1.5009284111987324,0.06685956492435255,0.06003713644674592
36.71299999999875,9.0,36.71299999999875,4.99990074965454,0.41701782449987806,0.24412740167276195,1.5009284619384493,0.06685956713105419,0.06003713847875227
36.73299999999875,9.0,36.73299999999875,4.999900749655975,0.41701782449959923,0.24412745253032256,1.5009285128116323,0.0668595694024411,0.060037140511217786
36.75299999999875,9.0,36.75299999999875,4.999900749657404,0.4170178245004873,0.24412750328272742,1.5009285635443628,0.06685957164399961,0.060037142543025716
36.77299999999875,9.0,36.77299999999875,4.9999007496588375,0.41701782449995933,0.2441275541035344,1.5009286143822176,0.06685957389706998,0.060037144572789344
36.79299999999875,9.0,36.79299999999875,4.999900749660271,0.417017824500378,0.24412760479269718,1.5009286650416735,0.06685957613247835,0.060037146602940565
36.81299999999875,9.0,36.81299999999875,4.999900749661704,0.41701782450044933,0.24412765559543426,1.5009287158714126,0.06685957843745531,0.06003714863482881
36.83299999999875,9.0,36.83299999999875,4.999900749663138,0.4170178245006397,0.2441277062849236,1.5009287665503344,0.06685958066169234,0.06003715066318597
36.852999999998744,9.0,36.852999999998744,4.999900749664571,0.4170178245007528,0.24412775699303466,1.5009288172639978,0.06685958290804467,0.06003715269054909
36.87299999999875,9.0,36.87299999999875,4.999900749666002,0.4170178245005117,0.24412780763684666,1.500928867896259,0.06685958511643984,0.060037154714595906
36.89299999999874,9.0,36.89299999999874,4.999900749667436,0.41701782450081526,0.24412785826110048,1.5009289185092527,0.06685958738511516,0.06003715674159999
36.912999999998746,9.0,36.912999999998746,4.999900749668869,0.4170178245012191,0.2441279089308726,1.5009289691980272,0.06685958965960423,0.060037158767918444
36.93299999999874,9.0,36.93299999999874,4.999900749670304,0.4170178245012232,0.2441279595067492,1.50092901976251,0.06685959186754355,0.06003716079046836
36.952999999998745,9.0,36.952999999998745,4.99990074967174,0.417017824501028,0.2441280100781601,1.5009290703308324,0.06685959411003943,0.06003716281321546
36.97299999999874,9.0,36.97299999999874,4.999900749673171,0.4170178245018866,0.2441280606307104,1.5009291208821656,0.06685959633950969,0.06003716483400284
36.992999999998744,9.0,36.992999999998744,4.999900749674607,0.4170178245020193,0.2441281111352164,1.500929171375903,0.06685959857881878,0.06003716685502522
37.01299999999874,9.0,37.01299999999874,4.999900749676043,0.4170178245011693,0.24412816166092188,1.5009292219100705,0.06685960085709396,0.060037168877650836
37.03299999999874,9.0,37.03299999999874,4.999900749677478,0.4170178245014335,0.24412821215724223,1.5009292724144485,0.06685960308458402,0.06003717089661528
37.05299999999874,9.0,37.05299999999874,4.999900749678912,0.41701782450211816,0.24412826258012177,1.5009293228242937,0.06685960528714159,0.06003717291297344
37.07299999999874,9.0,37.07299999999874,4.999900749680346,0.41701782450253677,0.24412831300323373,1.5009293732449709,0.06685960751313938,0.06003717492853402
37.09299999999874,9.0,37.09299999999874,4.999900749681782,0.41701782450226277,0.2441283633805602,1.5009294236122466,0.06685960976528844,0.06003717694574011
37.112999999998735,9.0,37.112999999998735,4.999900749683221,0.4170178245029574,0.24412841379805558,1.500929474047963,0.06685961200710243,0.060037178960597314
37.13299999999874,9.0,37.13299999999874,4.999900749684656,0.41701782450269653,0.24412846409377542,1.5009295243227132,0.06685961421655043,0.06003718097421395
37.152999999998734,9.0,37.152999999998734,4.999900749686092,0.41701782450251923,0.24412851445233452,1.50092957469771,0.06685961647211579,0.060037182987879
37.17299999999873,9.0,37.17299999999873,4.99990074968753,0.41701782450298785,0.24412856471630026,1.5009296249507624,0.0668596186545708,0.0600371849968273
37.19299999999873,9.0,37.19299999999873,4.999900749688968,0.4170178245021841,0.2441286149510877,1.5009296751733783,0.06685962088255128,0.060037187006953076
37.21299999999873,9.0,37.21299999999873,4.999900749690406,0.4170178245026606,0.24412866520689444,1.5009297254383906,0.066859623136411,0.06003718901753242
37.23299999999873,9.0,37.23299999999873,4.999900749691841,0.4170178245033698,0.2441287154072385,1.5009297756376967,0.0668596253510613,0.060037191025567836
37.252999999998735,9.0,37.252999999998735,4.99990074969328,0.41701782450328656,0.24412876557616048,1.5009298258038624,0.06685962758046186,0.06003719303343217
37.27299999999873,9.0,37.27299999999873,4.999900749694718,0.4170178245036706,0.2441288157390954,1.5009298759741603,0.06685962978364045,0.0600371950376976
37.29299999999873,9.0,37.29299999999873,4.9999007496961605,0.41701782450301,0.2441288658032444,1.5009299260170224,0.06685963198909388,0.06003719704191106
37.31299999999873,9.0,37.31299999999873,4.999900749697598,0.41701782450339797,0.24412891592955713,1.5009299761608956,0.06685963422500692,0.060037199045210966
37.33299999999873,9.0,37.33299999999873,4.999900749699035,0.41701782450413083,0.24412896593585923,1.500930026147218,0.06685963642423033,0.060037201047118356
37.35299999999873,9.0,37.35299999999873,4.999900749700474,0.4170178245044351,0.24412901599648548,1.5009300762248092,0.06685963866558933,0.06003720304901672
37.372999999998726,9.0,37.372999999998726,4.9999007497019115,0.4170178245041686,0.24412906595958397,1.5009301261768857,0.06685964083096836,0.06003720504581329
37.39299999999873,9.0,37.39299999999873,4.999900749703353,0.41701782450409774,0.24412911589031006,1.5009301760953888,0.06685964305816933,0.06003720704500731
37.412999999998725,9.0,37.412999999998725,4.9999007497047945,0.4170178245044503,0.24412916585898525,1.5009302260827686,0.06685964528128702,0.060037209041989885
37.43299999999872,9.0,37.43299999999872,4.999900749706235,0.417017824504843,0.2441292157005162,1.5009302759036174,0.06685964745324616,0.060037211036118185
37.452999999998724,9.0,37.452999999998724,4.999900749707674,0.4170178245045918,0.2441292655773504,1.5009303257875455,0.06685964968692153,0.060037213031498754
37.47299999999872,9.0,37.47299999999872,4.999900749709116,0.41701782450421315,0.24412931540089797,1.500930375610447,0.06685965188622392,0.06003721502438778
37.492999999998716,9.0,37.492999999998716,4.9999007497105605,0.4170178245044196,0.24412936518480333,1.5009304253920641,0.06685965409773936,0.0600372170169927
37.51299999999872,9.0,37.51299999999872,4.999900749712001,0.4170178245050229,0.24412941496010684,1.5009304751746455,0.06685965629660913,0.060037219006998294
37.53299999999872,9.0,37.53299999999872,4.999900749713441,0.4170178245052139,0.24412946465497304,1.5009305248576628,0.06685965845285,0.060037220993025095
37.55299999999872,9.0,37.55299999999872,4.999900749714886,0.4170178245052264,0.24412951431483054,1.5009305745061627,0.0668596606559948,0.06003722298026658
37.57299999999872,9.0,37.57299999999872,4.999900749716331,0.41701782450541264,0.24412956398991623,1.5009306241906808,0.06685966288173541,0.06003722496763434
37.59299999999872,9.0,37.59299999999872,4.999900749717771,0.41701782450549957,0.24412961360181443,1.5009306738016517,0.06685966508068664,0.06003722695334319
37.61299999999871,9.0,37.61299999999871,4.999900749719217,0.417017824506074,0.24412966319722273,1.5009307234036713,0.06685966726503376,0.06003722893613953
37.63299999999872,9.0,37.63299999999872,4.999900749720661,0.41701782450545255,0.2441297127108862,1.5009307729051247,0.06685966941178854,0.06003723091497278
37.65299999999871,9.0,37.65299999999871,4.999900749722105,0.4170178245058103,0.2441297621916264,1.5009308223743854,0.06685967162194596,0.060037232896243145
37.672999999998716,9.0,37.672999999998716,4.999900749723549,0.41701782450667224,0.2441298117058638,1.5009308719076817,0.06685967385278084,0.06003723487750867
37.69299999999871,9.0,37.69299999999871,4.999900749724996,0.41701782450584596,0.2441298611310462,1.5009309213310937,0.06685967598647516,0.06003723685196729
37.712999999998715,9.0,37.712999999998715,4.999900749726445,0.4170178245061014,0.24412991047091076,1.5009309706481981,0.06685967811376986,0.060037238823463124
37.73299999999871,9.0,37.73299999999871,4.9999007497278924,0.417017824506403,0.24412995980511967,1.5009310199723527,0.06685968034668259,0.060037240800127414
37.75299999999871,9.0,37.75299999999871,4.999900749729339,0.41701782450637404,0.24413000919074476,1.5009310693879614,0.06685968257479809,0.060037242775511236
37.77299999999871,9.0,37.77299999999871,4.999900749730786,0.41701782450655434,0.244130058438341,1.5009311186236793,0.06685968471770169,0.0600372447462042
37.792999999998706,9.0,37.792999999998706,4.999900749732235,0.41701782450655667,0.2441301076895061,1.50093116787981,0.06685968687295657,0.06003724671390523
37.81299999999871,9.0,37.81299999999871,4.999900749733685,0.4170178245065986,0.24413015683826214,1.500931217007714,0.06685968903780622,0.06003724868155715
37.832999999998705,9.0,37.832999999998705,4.999900749735133,0.41701782450650354,0.24413020603973745,1.5009312662271774,0.06685969124389372,0.06003725064909969
37.85299999999871,9.0,37.85299999999871,4.999900749736582,0.41701782450709085,0.24413025513081665,1.5009313153078807,0.06685969338166078,0.060037252612346825
37.872999999998704,9.0,37.872999999998704,4.999900749738033,0.4170178245075334,0.2441303042031378,1.5009313643773432,0.06685969553514387,0.06003725457381989
37.89299999999871,9.0,37.89299999999871,4.999900749739486,0.41701782450703995,0.24413035321493598,1.5009314133788008,0.06685969773258409,0.06003725653767214
37.9129999999987,9.0,37.9129999999987,4.999900749740936,0.4170178245076453,0.24413040227488345,1.5009314624664263,0.06685969990604133,0.06003725849737605
37.9329999999987,9.0,37.9329999999987,4.99990074974239,0.41701782450803293,0.2441304511521085,1.5009315113125647,0.06685970198932946,0.06003726045128394
37.9529999999987,9.0,37.9529999999987,4.999900749743845,0.4170178245073667,0.2441305000588856,1.5009315602166589,0.0668597041981686,0.06003726240989241
37.972999999998706,9.0,37.972999999998706,4.9999007497453,0.41701782450803665,0.24413054897339653,1.500931609151241,0.0668597063820684,0.0600372643660184
37.9929999999987,9.0,37.9929999999987,4.999900749746755,0.41701782450789154,0.24413059776919932,1.5009316579352208,0.06685970849735662,0.06003726631741646
38.0129999999987,9.0,38.0129999999987,4.99990074974821,0.41701782450766134,0.24413064654561978,1.5009317067082286,0.06685971063564468,0.060037268267057485
38.0329999999987,9.0,38.0329999999987,4.99990074974967,0.41701782450746483,0.24413069525866138,1.500931755410971,0.06685971280379405,0.06003727021769124
38.0529999999987,9.0,38.0529999999987,4.999900749751128,0.41701782450811087,0.24413074399669954,1.5009318041673207,0.06685971496430335,0.060037272165468364
38.07299999999869,9.0,38.07299999999869,4.999900749752587,0.4170178245086457,0.24413079259806472,1.5009318527478086,0.06685971705978626,0.060037274108668263
38.092999999998696,9.0,38.092999999998696,4.999900749754046,0.41701782450822533,0.24413084119968997,1.5009319013472489,0.06685971924583525,0.060037276055141996
38.11299999999869,9.0,38.11299999999869,4.999900749755508,0.41701782450764985,0.2441308898055364,1.5009319499721023,0.06685972141001059,0.06003727799886719
38.132999999998695,9.0,38.132999999998695,4.99990074975697,0.41701782450929736,0.24413093829176835,1.5009319984462262,0.06685972352483137,0.06003727993910281
38.1529999999987,9.0,38.1529999999987,4.999900749758431,0.4170178245089688,0.2441309867777634,1.5009320469383338,0.06685972564827826,0.06003728187624995
38.172999999998694,9.0,38.172999999998694,4.999900749759898,0.41701782450844677,0.24413103515343834,1.5009320952935268,0.06685972776095157,0.06003728381174384
38.19299999999869,9.0,38.19299999999869,4.999900749761363,0.41701782450875535,0.24413108355242774,1.500932143701086,0.06685972994290226,0.06003728574931211
38.212999999998694,9.0,38.212999999998694,4.999900749762827,0.41701782450864,0.24413113190595642,1.5009321920637613,0.06685973206940417,0.06003728768252754
38.23299999999869,9.0,38.23299999999869,4.999900749764295,0.41701782450937885,0.24413118016122481,1.5009322403065182,0.0668597341649144,0.06003728961225413
38.25299999999869,9.0,38.25299999999869,4.9999007497657635,0.4170178245091705,0.24413122839480803,1.500932288537754,0.0668597362821622,0.0600372915402735
38.27299999999869,9.0,38.27299999999869,4.999900749767237,0.41701782450930724,0.2441312765630748,1.5009323366959817,0.06685973842436649,0.0600372934690108
38.29299999999869,9.0,38.29299999999869,4.999900749768707,0.41701782450967306,0.24413132474788948,1.5009323848992617,0.06685974057224621,0.06003729539600289
38.31299999999869,9.0,38.31299999999869,4.999900749770181,0.417017824509047,0.2441313728142941,1.5009324329540985,0.06685974266954554,0.06003729731939367
38.332999999998684,9.0,38.332999999998684,4.9999007497716565,0.41701782450933056,0.24413142087606213,1.5009324810222773,0.06685974475907622,0.06003729923842225
38.35299999999869,9.0,38.35299999999869,4.999900749773133,0.41701782450975433,0.2441314688041836,1.5009325289204345,0.06685974685080279,0.060037301156815576
38.37299999999868,9.0,38.37299999999868,4.99990074977461,0.41701782450994396,0.24413151679764583,1.5009325769327877,0.06685974903798912,0.06003730307855399
38.39299999999868,9.0,38.39299999999868,4.999900749776089,0.4170178245096612,0.24413156471764877,1.5009326248623123,0.06685975112074684,0.06003730499320635
38.41299999999868,9.0,38.41299999999868,4.99990074977757,0.41701782451010105,0.24413161251300242,1.5009326726347025,0.06685975319063793,0.060037306905367196
38.432999999998685,9.0,38.432999999998685,4.999900749779051,0.41701782451029845,0.24413166033216202,1.5009327204614744,0.06685975534308351,0.06003730881969022
38.45299999999868,9.0,38.45299999999868,4.999900749780541,0.41701782450990055,0.24413170810095047,1.5009327682395563,0.06685975742821958,0.06003731072835605
38.472999999998684,9.0,38.472999999998684,4.999900749782023,0.4170178245101129,0.24413175575046292,1.500932815867102,0.06685975951111198,0.060037312635820024
38.49299999999868,9.0,38.49299999999868,4.999900749783515,0.4170178245102902,0.24413180343855376,1.5009328635727472,0.06685976164113833,0.060037314542866045
38.51299999999868,9.0,38.51299999999868,4.999900749785004,0.41701782451020025,0.24413185100918097,1.500932911132829,0.06685976370594895,0.06003731644522203
38.53299999999868,9.0,38.53299999999868,4.999900749786496,0.4170178245099646,0.24413189854807288,1.5009329586691393,0.06685976580181988,0.0600373183467461
38.552999999998676,9.0,38.552999999998676,4.999900749787989,0.41701782451043523,0.24413194603910865,1.500933006159272,0.06685976791069283,0.060037320247624225
38.57299999999868,9.0,38.57299999999868,4.999900749789489,0.4170178245105032,0.24413199349805437,1.5009330536263785,0.06685976998329642,0.06003732214382189
38.59299999999868,9.0,38.59299999999868,4.999900749790988,0.4170178245105883,0.24413204083714476,1.5009331009442288,0.06685977204104501,0.06003732403777367
38.61299999999868,9.0,38.61299999999868,4.999900749792491,0.41701782451060126,0.2441320881936378,1.5009331483090063,0.06685977415723851,0.060037325932370024
38.632999999998674,9.0,38.632999999998674,4.999900749793998,0.4170178245109453,0.24413213547591678,1.5009331955910907,0.06685977621878192,0.06003732782235776
38.65299999999867,9.0,38.65299999999867,4.999900749795504,0.41701782451115793,0.2441321826767763,1.5009332427803463,0.0668597783055164,0.060037329712489075
38.67299999999867,9.0,38.67299999999867,4.999900749797015,0.4170178245110583,0.244132229895646,1.5009332900168257,0.06685978039109733,0.06003733159939425
38.69299999999867,9.0,38.69299999999867,4.99990074979853,0.4170178245107406,0.24413227696763065,1.5009333370680678,0.06685978242898138,0.06003733348270716
38.71299999999867,9.0,38.71299999999867,4.9999007498000445,0.4170178245109413,0.2441323240527041,1.5009333841604906,0.06685978454203459,0.06003733536763413
38.73299999999867,9.0,38.73299999999867,4.999900749801566,0.41701782451124525,0.24413237108584476,1.5009334312025242,0.06685978657730364,0.06003733724562796
38.75299999999867,9.0,38.75299999999867,4.999900749803088,0.4170178245112175,0.24413241797290733,1.5009334780583055,0.06685978864108912,0.06003733912483085
38.77299999999867,9.0,38.77299999999867,4.999900749804614,0.4170178245122037,0.24413246496163477,1.500933525084272,0.06685979074659634,0.06003734100213128
38.79299999999867,9.0,38.79299999999867,4.999900749806146,0.4170178245114995,0.2441325117399693,1.5009335718327188,0.06685979275816481,0.060037342874542196
38.81299999999867,9.0,38.81299999999867,4.999900749807678,0.4170178245119077,0.244132558571827,1.5009336186804052,0.06685979484697795,0.0600373447471679
38.83299999999866,9.0,38.83299999999866,4.999900749809215,0.417017824511546,0.24413260528369057,1.5009336653822736,0.06685979686011898,0.0600373466140057
38.852999999998666,9.0,38.852999999998666,4.999900749810758,0.4170178245118514,0.244132651937133,1.5009337120240367,0.06685979891667275,0.06003734848105413
38.87299999999867,9.0,38.87299999999867,4.999900749812305,0.41701782451185604,0.24413269858422668,1.5009337586804752,0.06685980099496826,0.060037350347223704
38.892999999998665,9.0,38.892999999998665,4.999900749813856,0.417017824512268,0.24413274514990135,1.5009338052453072,0.06685980303327124,0.06003735220977372
38.91299999999867,9.0,38.91299999999867,4.9999007498154135,0.4170178245123935,0.24413279165384497,1.500933851746774,0.06685980508597388,0.06003735407116285
38.932999999998664,9.0,38.932999999998664,4.9999007498169705,0.41701782451255737,0.24413283812518552,1.5009338982255906,0.06685980711122144,0.06003735592778872
38.95299999999866,9.0,38.95299999999866,4.99990074981854,0.41701782451223746,0.2441328844720711,1.5009339445513583,0.06685980912298702,0.06003735778203108
38.972999999998656,9.0,38.972999999998656,4.9999007498201085,0.4170178245124715,0.244132930831215,1.5009339909189285,0.06685981120740975,0.06003735963798561
38.99299999999866,9.0,38.99299999999866,4.999900749821685,0.4170178245128266,0.24413297713318335,1.500934037230163,0.0668598132230013,0.060037361487976955
39.012999999998655,9.0,39.012999999998655,4.999900749823266,0.4170178245128247,0.2441330233045431,1.5009340833796838,0.06685981523542049,0.06003736333640711
39.03299999999866,9.0,39.03299999999866,4.999900749824855,0.41701782451293373,0.2441330695110541,1.5009341296036036,0.06685981729616272,0.06003736518412889
39.05299999999866,9.0,39.05299999999866,4.999900749826448,0.4170178245126938,0.24413311559149564,1.5009341756737022,0.06685981927647025,0.06003736702566562
39.07299999999866,9.0,39.07299999999866,4.999900749828049,0.4170178245132247,0.2441331616104748,1.5009342216807535,0.06685982131604275,0.060037368868489475
39.09299999999865,9.0,39.09299999999865,4.999900749829658,0.4170178245128535,0.24413320764210417,1.5009342677311799,0.06685982335044922,0.060037370707982006
39.11299999999866,9.0,39.11299999999866,4.999900749831272,0.4170178245129278,0.2441332535219835,1.5009343135905784,0.06685982534807111,0.060037372544875026
39.13299999999865,9.0,39.13299999999865,4.999900749832893,0.4170178245135459,0.24413329943186704,1.500934359517218,0.06685982739028835,0.06003737438067058
39.152999999998656,9.0,39.152999999998656,4.999900749834525,0.41701782451331443,0.24413334521575006,1.50093440529045,0.06685982935660031,0.06003737621036891
39.17299999999865,9.0,39.17299999999865,4.999900749836165,0.41701782451333325,0.2441333909384952,1.500934451001262,0.06685983136819135,0.060037378040074585
39.192999999998655,9.0,39.192999999998655,4.999900749837812,0.4170178245134857,0.24413343664975606,1.5009344967219858,0.06685983343371861,0.0600373798714468
39.21299999999865,9.0,39.21299999999865,4.99990074983947,0.4170178245130293,0.24413348232054105,1.5009345424107274,0.06685983541398295,0.06003738169520727
39.232999999998654,9.0,39.232999999998654,4.999900749841136,0.41701782451344843,0.24413352781433661,1.500934587872216,0.06685983736976947,0.06003738351612989
39.25299999999865,9.0,39.25299999999865,4.999900749842818,0.41701782451369024,0.2441335733658915,1.5009346334408569,0.06685983939295306,0.060037385336316175
39.272999999998646,9.0,39.272999999998646,4.999900749844508,0.4170178245135016,0.24413361876969966,1.5009346788259654,0.06685984136335342,0.06003738715299937
39.29299999999864,9.0,39.29299999999864,4.999900749846207,0.4170178245141175,0.24413366417592777,1.500934724240284,0.0668598433992884,0.060037388970884446
39.312999999998645,9.0,39.312999999998645,4.999900749847919,0.4170178245137176,0.24413370952272376,1.5009347695959612,0.0668598453686573,0.060037390782598364
39.33299999999865,9.0,39.33299999999865,4.999900749849647,0.41701782451411823,0.24413375473775809,1.5009348147891084,0.06685984732339159,0.06003739259156387
39.352999999998644,9.0,39.352999999998644,4.999900749851386,0.41701782451384356,0.24413379996232965,1.5009348600218135,0.06685984933959957,0.06003739440085859
39.37299999999865,9.0,39.37299999999865,4.999900749853141,0.41701782451411445,0.24413384510567926,1.5009349051650296,0.06685985131758702,0.060037396206569865
39.39299999999864,9.0,39.39299999999864,4.9999007498549135,0.41701782451412,0.2441338901830168,1.5009349502402924,0.06685985327651049,0.06003739800842008
39.41299999999864,9.0,39.41299999999864,4.9999007498567,0.4170178245146137,0.2441339351792353,1.5009349952252626,0.06685985524978984,0.060037399808990685
39.43299999999864,9.0,39.43299999999864,4.999900749858505,0.41701782451419495,0.2441339801623592,1.5009350402171207,0.06685985724897497,0.06003740160862437
39.45299999999864,9.0,39.45299999999864,4.999900749860329,0.4170178245148888,0.24413402505811937,1.5009350851119283,0.06685985922545035,0.0600374034057206
39.47299999999864,9.0,39.47299999999864,4.999900749862176,0.41701782451492936,0.24413406991265155,1.500935129973348,0.06685986120253636,0.06003740520023563
39.492999999998645,9.0,39.492999999998645,4.99990074986404,0.4170178245150678,0.24413411468545046,1.500935174743497,0.06685986312547056,0.06003740698850413
39.51299999999864,9.0,39.51299999999864,4.999900749865933,0.41701782451490094,0.2441341593550632,1.5009352193917336,0.06685986505447623,0.06003740877441955
39.53299999999864,9.0,39.53299999999864,4.999900749867849,0.41701782451528496,0.2441342040150386,1.5009352640517983,0.06685986706776825,0.060037410563325726
39.55299999999864,9.0,39.55299999999864,4.999900749869795,0.41701782451501845,0.24413424865955666,1.5009353087161816,0.06685986903309082,0.060037412347390656
39.572999999998636,9.0,39.572999999998636,4.999900749871767,0.41701782451504055,0.24413429314892615,1.50093535318403,0.06685987094821096,0.06003741412739063
39.59299999999863,9.0,39.59299999999863,4.999900749873774,0.4170178245159471,0.24413433764859588,1.5009353976907185,0.06685987294291774,0.060037415908878594
39.612999999998635,9.0,39.612999999998635,4.999900749875816,0.4170178245151711,0.244134382094141,1.500935442145221,0.06685987489047437,0.06003741768578849
39.63299999999863,9.0,39.63299999999863,4.999900749877891,0.4170178245161645,0.24413442643302033,1.5009354864718394,0.06685987679337094,0.06003741945762443
39.652999999998634,9.0,39.652999999998634,4.999900749880011,0.41701782451622477,0.24413447071942557,1.5009355307466967,0.06685987876195747,0.060037421231186605
39.67299999999863,9.0,39.67299999999863,4.999900749882175,0.41701782451584984,0.24413451502481215,1.5009355750711721,0.06685988072312503,0.06003742300157347
39.692999999998634,9.0,39.692999999998634,4.9999007498843975,0.4170178245165184,0.24413455918213492,1.5009356192081857,0.06685988264685712,0.060037424769613094
39.71299999999863,9.0,39.71299999999863,4.9999007498866685,0.41701782451622227,0.24413460337990833,1.5009356634225859,0.06685988461697243,0.06003742653688788
39.732999999998626,9.0,39.732999999998626,4.999900749889008,0.41701782451678887,0.24413464746479185,1.5009357074967593,0.06685988652954084,0.06003742829993278
39.75299999999863,9.0,39.75299999999863,4.999900749891416,0.41701782451675273,0.24413469152826262,1.500935751557614,0.06685988845976311,0.060037430061097526
39.77299999999863,9.0,39.77299999999863,4.999900749893902,0.4170178245162553,0.2441347355329744,1.500935795552116,0.06685989043467545,0.06003743182462272
39.79299999999863,9.0,39.79299999999863,4.9999007498964785,0.41701782451734676,0.24413477959219687,1.5009358396390473,0.06685989240443224,0.06003743358564373
39.81299999999863,9.0,39.81299999999863,4.999900749899157,0.4170178245175392,0.2441348235113817,1.5009358835363118,0.06685989427482272,0.06003743534029406
39.83299999999863,9.0,39.83299999999863,4.9999007499019585,0.41701782451762703,0.2441348674383668,1.5009359274504057,0.06685989623402686,0.06003743709803482
39.85299999999862,9.0,39.85299999999862,4.999900749904895,0.4170178245180056,0.24413491141290516,1.5009359714350186,0.06685989822532247,0.06003743885744758
39.872999999998626,9.0,39.872999999998626,4.999900749907998,0.41701782451862557,0.24413495537523075,1.500936015396269,0.06685990018368503,0.060037440615942884
39.89299999999862,9.0,39.89299999999862,4.999900749911292,0.41701782451834907,0.2441349993700191,1.5009360593877799,0.06685990217054041,0.06003744237693099
39.91299999999862,9.0,39.91299999999862,4.999900749914824,0.41701782451917924,0.24413504345983536,1.500936103483995,0.06685990415247689,0.06003744413828109
39.93299999999862,9.0,39.93299999999862,4.999900749918644,0.4170178245201907,0.24413508759684321,1.500936147598419,0.06685990613644258,0.06003744590291694
39.952999999998625,9.0,39.952999999998625,4.999900749922828,0.417017824520438,0.24413513196802172,1.5009361919662436,0.06685990823872412,0.060037447679004395
39.97299999999862,9.0,39.97299999999862,4.999900749927481,0.4170178245217891,0.2441351766553975,1.5009362366601746,0.06685991041004374,0.06003744946818141
39.99299999999862,9.0,39.99299999999862,4.999900749932747,0.417017824523155,0.24413522178695926,1.500936281794022,0.06685991262892424,0.06003745127257083
40.01299999999862,9.0,40.01299999999862,4.999900749938864,0.41701782452575703,0.24413526761464668,1.5009363275990601,0.06685991498697191,0.060037453103979156
40.032999999998616,9.0,40.032999999998616,4.999900749946151,0.4170178245286145,0.24413531457441517,1.5009363745444537,0.06685991762603952,0.060037454981756964
40.05299999999862,9.0,40.05299999999862,4.999900749955152,0.4170178245323952,0.2441353633661089,1.5009364233125044,0.06685992068388075,0.060037456932530715
40.072999999998615,9.0,40.072999999998615,4.999900749966683,0.4170178245402326,0.24413541502940042,1.5009364749301446,0.06685992438509489,0.06003745899839629
40.09299999999861,9.0,40.09299999999861,4.9999007499819665,0.4170178245501118,0.24413547102206487,1.5009365309050782,0.06685992899219488,0.06003746123625337
40.11299999999862,9.0,40.11299999999862,4.999900750002554,0.417017824562746,0.24413553213164446,1.5009365919352382,0.06685993428605952,0.06003746367864201
40.13299999999862,9.0,40.13299999999862,4.99990075003004,0.4170178245729585,0.2441355983126638,1.5009366581427925,0.06685993987778434,0.06003746632576652
40.15299999999861,9.0,40.15299999999861,4.9999007500658195,0.41701782457970016,0.24413566743491388,1.500936727301002,0.06685994463458915,0.0600374690920213
40.17299999999861,9.0,40.17299999999861,4.999900750113187,0.41701782458461584,0.24413573775368033,1.5009367976523844,0.06685994843938146,0.06003747190627331
40.192999999998605,9.0,40.192999999998605,4.9999007502061765,0.41701782459132547,0.24413580830958193,1.5009368682376942,0.06685995168349196,0.06003747473201489
40.21299999999861,9.0,40.21299999999861,4.999900750971159,0.4170178246550582,0.2441358788818484,1.5009369388243785,0.06685995471160144,0.06003747755301552
40.23299999999861,9.0,40.23299999999861,4.999900769534421,0.4170178261828101,0.24413594984377687,1.5009370097424726,0.06685995796901917,0.06003748039113966
40.25299999999861,9.0,40.25299999999861,4.999901515884324,0.41701788759068353,0.24413604134260064,1.500937100659102,0.06685997057059008,0.06003748402518646
40.27299999999861,9.0,40.27299999999861,4.999915446028828,0.41701903431831167,0.24413650880892998,1.5009375578401318,0.06686014993048842,0.06003750231144411
40.29299999999861,9.0,40.29299999999861,4.999940646767649,0.4170211269352911,0.24413740763669411,1.5009384537484949,0.06686041518672071,0.06003753814866453
40.3129999999986,9.0,40.3129999999986,4.999951574361001,0.4170220575154893,0.24413824067364892,1.5009393008916465,0.06686047541310336,0.06003757203572845
40.323061356537096,9.0,40.323061356537096,4.999952947943287,0.41702217500846145,0.2441388923699325,1.5009399380352262,0.0668606139743148,0.06003759752138112
40.337225068436254,9.0,40.337225068436254,4.999953162524071,0.41702219379604777,0.24414041050022423,1.5009414341001177,0.06686106128769187,0.06003765736397929
40.34365710899779,9.0,40.34365710899779,4.9999531206461425,0.4170221896822148,0.24414121624205123,1.5009422478146235,0.06686125300855376,0.06003768991516196
40.35189726782184,9.0,40.35189726782184,4.999953106475863,0.41702218827627313,0.24414228878870486,1.5009433308464413,0.06686143256183688,0.06003773322849667
40.36496927973265,9.0,40.36496927973265,4.999953106599997,0.4170221883229953,0.2441442570965573,1.5009452944728834,0.06686174253782569,0.0600378120874979
40.38496927973266,9.0,40.38496927973266,4.999953105730742,0.4170223232686363,0.24549483709524267,1.5022535475486882,0.06750123542019824,0.06009014759121526
40.390869876323485,9.0,40.390869876323485,4.999953096707745,0.4170236371452566,0.25120903163245356,1.5074697610893946,0.07104090202557421,0.060298805321540846
40.39575331105705,9.0,40.39575331105705,4.999953086708685,0.4170246277926891,0.2592348641046879,1.515169074876382,0.07579914934160424,0.06060677644805366
40.400714919596055,9.0,40.400714919596055,4.999953081950875,0.4170238471104921,0.26619699482343806,1.5225661903477805,0.0787896624574658,0.06090264787141056
40.406085915026814,9.0,40.406085915026814,4.99995308229683,0.41702264443104764,0.26997205660912116,1.5270267765952052,0.0781251252604082,0.06108107106465387
40.4119353030378,9.0,40.4119353030378,4.999953083598275,0.4170220562558238,0.27097138201005017,1.5283395591986326,0.07489099886115068,0.061133582967911555
40.41723997615219,9.0,40.41723997615219,4.999953083484655,0.41702205094562017,0.27089037660919835,1.528161563960236,0.0719610833771669,0.061126462564194094
40.42436161270168,9.0,40.42436161270168,4.999953081990166,0.4170222411728985,0.2710592831645891,1.5280437175457666,0.06973910378119313,0.06112174872965683
40.43327640860522,9.0,40.43327640860522,4.999953080226297,0.4170223751301406,0.2719886308977124,1.528761707699088,0.06902182584480346,0.06115046835280198
40.444058463163145,9.0,40.444058463163145,4.999953079185772,0.4170223737316371,0.27340690976933235,1.5301486164912674,0.06915220739694938,0.06120594466601965
40.45614520525131,9.0,40.45614520525131,4.999953078664318,0.41702233194003424,0.2748559155354265,1.5316370345835013,0.06932690340942375,0.061265494137107586
40.47426156738346,9.0,40.47426156738346,4.9999530778809165,0.41702231828566066,0.27684101394862753,1.5336406543776813,0.06940811973177284,0.061345628868113684
40.494261567383454,9.0,40.494261567383454,4.999953076941142,0.41702232554728613,0.27902562214799503,1.5358205650647396,0.06949832863343591,0.06143282270100843
40.51426156738345,9.0,40.51426156738345,4.9999530760701845,0.4170223283826506,0.2812355068284806,1.53802834163849,0.06961075953288091,0.061521134244722574
40.53426156738345,9.0,40.53426156738345,4.999953075286776,0.41702232790913657,0.28344753892987923,1.5402410599814018,0.06971648845813792,0.06160964296858283
40.554261567383456,9.0,40.554261567383456,4.999953074569983,0.4170223276040525,0.285655971894683,1.5424498282739398,0.06981455977266594,0.06169799352914005
40.57426156738345,9.0,40.57426156738345,4.999953073911272,0.417022327703257,0.2878630150875315,1.5446567415863375,0.06991143135278163,0.061786269961944626
40.594261567383455,9.0,40.594261567383455,4.999953073307789,0.41702232782553644,0.29006955623749764,1.5468631393672823,0.07000898490841131,0.06187452581398953
40.61426156738345,9.0,40.61426156738345,4.999953072755626,0.41702232791282884,0.292275494139222,1.5490689950748668,0.07010687399939235,0.06196275999586939
40.63426156738345,9.0,40.63426156738345,4.999953072250382,0.4170223280071466,0.294480811513717,1.5512742433043643,0.07020481669205623,0.06205096988639147
40.65426156738344,9.0,40.65426156738344,4.99995307178809,0.41702232811366213,0.296685600721943,1.5534789597400747,0.07030277226248942,0.06213915851434227
40.674261567383454,9.0,40.674261567383454,4.999953071365234,0.4170223282271028,0.2988899385945852,1.5556832235484765,0.07040074019036055,0.062227329043986646
40.69426156738345,9.0,40.69426156738345,4.999953070978582,0.41702232834710407,0.3010938767310399,1.5578870878884237,0.07049871518726594,0.06231548360013722
40.714261567383446,9.0,40.714261567383446,4.999953070625174,0.4170223284730273,0.3032974581884536,1.5600905956434965,0.07059669465473242,0.062403623895614206
40.73426156738344,9.0,40.73426156738344,4.999953070302286,0.4170223286020275,0.3055007216180025,1.5622937853211367,0.07069467844343373,0.06249175147165717
40.754261567383445,9.0,40.754261567383445,4.999953070007426,0.41702232873645756,0.30770370086795445,1.5644966908582363,0.07079266627130974,0.06257986768336535
40.77426156738344,9.0,40.77426156738344,4.999953069738293,0.41702232887511265,0.3099064253381712,1.5666993416425006,0.07089065741725847,0.06266797370688253
40.794261567383444,9.0,40.794261567383444,4.999953069492793,0.4170223290178257,0.3121089208442937,1.56890176349324,0.0709886512550118,0.06275607057626542
40.81426156738345,9.0,40.81426156738345,4.999953069268986,0.4170223291627182,0.31431121011677793,1.5711039791542247,0.07108664719566747,0.06284415919610338
40.83426156738344,9.0,40.83426156738344,4.9999530690651035,0.41702232931091837,0.31651331318452786,1.573306008587892,0.07118464480388852,0.06293224036934805
40.85426156738344,9.0,40.85426156738344,4.999953068879521,0.4170223294618535,0.31871524787777905,1.5755078697098162,0.0712826438067717,0.06302031481057623
40.87426156738344,9.0,40.87426156738344,4.999953068710737,0.4170223296150947,0.3209170299335745,1.5777095781782433,0.07138064383217485,0.06310838314668984
40.89426156738344,9.0,40.89426156738344,4.999953068557386,0.4170223297715984,0.3231186734868716,1.579911148180755,0.0714786447363021,0.06319644594498738
40.914261567383434,9.0,40.914261567383434,4.999953068418204,0.417022329929589,0.3253201910770974,1.5821125922350117,0.07157664624526255,0.06328450370298284
40.934261567383444,9.0,40.934261567383444,4.999953068292035,0.4170223300887836,0.32752159395865627,1.584313921553354,0.07167464826774567,0.06337255687535649
40.95426156738344,9.0,40.95426156738344,4.999953068177817,0.4170223302502222,0.32972289227852697,1.5865151463906388,0.07177265071958915,0.06346060586798342
40.97426156738344,9.0,40.97426156738344,4.999953068074571,0.41702233041409226,0.33192409501395953,1.5887162756311475,0.07187065335340362,0.06354865103560467
40.99426156738343,9.0,40.99426156738343,4.999953067981411,0.41702233057811994,0.33412521040487025,1.5909173175167104,0.07196865617695006,0.0636366927090291
41.01426156738343,9.0,41.01426156738343,4.9999530678975015,0.4170223307441997,0.33632624579855747,1.5931182794253975,0.07206665913014794,0.06372473118438425
41.03426156738343,9.0,41.03426156738343,4.999953067822093,0.4170223309119627,0.3385272078478249,1.5953191680140997,0.07216466215460846,0.0638127667284894
41.054261567383435,9.0,41.054261567383435,4.999953067754496,0.4170223310802129,0.3407281025710613,1.5975199893173413,0.07226266516808512,0.06390079957950437
41.07426156738343,9.0,41.07426156738343,4.999953067694064,0.41702233124930943,0.34292893538736224,1.5997207486803042,0.07236066809831947,0.06398882995321246
41.094261567383434,9.0,41.094261567383434,4.999953067640221,0.4170223314190404,0.34512971128654335,1.6019214511532425,0.07245867100572793,0.06407685805241588
41.11426156738343,9.0,41.11426156738343,4.999953067592418,0.4170223315909718,0.3473304347223774,1.6041221011981273,0.0725566737967921,0.06416488405300756
41.134261567383426,9.0,41.134261567383426,4.999953067550177,0.4170223317631614,0.34953110974328855,1.6063227028062423,0.07265467641353834,0.06425290811519771
41.15426156738343,9.0,41.15426156738343,4.99995306751303,0.4170223319355407,0.35173174010949165,1.6085232597549357,0.07275267896446534,0.06434093039564302
41.174261567383425,9.0,41.174261567383425,4.999953067480572,0.41702233210960626,0.3539323292270111,1.6107237755642985,0.07285068137265882,0.06442895102526353
41.19426156738343,9.0,41.19426156738343,4.999953067452417,0.41702233228356955,0.35613288003267474,1.6129242529615853,0.07294868350796459,0.06451697012162164
41.21426156738343,9.0,41.21426156738343,4.9999530674282076,0.41702233245957115,0.35833339550325405,1.6151246950936673,0.0730466855810146,0.06460498780735618
41.23426156738343,9.0,41.23426156738343,4.999953067407632,0.41702233263427385,0.36053387812670873,1.6173251044028698,0.07314468744044932,0.06469300417925929
41.25426156738342,9.0,41.25426156738342,4.999953067390383,0.41702233281071627,0.36273433023998813,1.6195254831785622,0.0732426890892746,0.06478101933093745
41.27426156738342,9.0,41.27426156738342,4.9999530673761905,0.4170223329875082,0.36493475405625964,1.6217258337029752,0.07334069056745414,0.06486903334980403
41.294261567383415,9.0,41.294261567383415,4.999953067364816,0.417022333164523,0.3671351514684852,1.623926157785147,0.07343869184214974,0.06495704631497083
41.314261567383426,9.0,41.314261567383426,4.999953067356019,0.4170223333424951,0.36933552436655737,1.6261264574409922,0.07353669296419335,0.06504505829971423
41.33426156738342,9.0,41.33426156738342,4.999953067349593,0.4170223335199466,0.3715358743187727,1.6283267340959173,0.07363469382683775,0.06513306936589475
41.35426156738342,9.0,41.35426156738342,4.999953067345343,0.41702233369885067,0.37373620291154336,1.630526989438902,0.07373269454432851,0.06522107957926095
41.37426156738342,9.0,41.37426156738342,4.999953067343088,0.41702233387782356,0.3759365115053374,1.6327272247751807,0.07383069505063236,0.06530908899294423
41.39426156738342,9.0,41.39426156738342,4.999953067342677,0.4170223340575216,0.3781368014292777,1.6349274414751136,0.073928695394033,0.06539709766094137
41.41426156738341,9.0,41.41426156738341,4.999953067343946,0.4170223342374922,0.3803370738207168,1.637127640654343,0.07402669551825757,0.06548510562745265
41.43426156738342,9.0,41.43426156738342,4.999953067346761,0.417022334417027,0.3825373297994785,1.6393278234105426,0.07412469546491762,0.06557311293818276
41.45426156738342,9.0,41.45426156738342,4.999953067351004,0.41702233459796545,0.38473757038207224,1.6415279908178362,0.07422269525236351,0.06566111963439925
41.474261567383415,9.0,41.474261567383415,4.999953067356544,0.4170223347783832,0.38693779646454235,1.6437281437139588,0.07432069481097954,0.06574912574896194
41.49426156738342,9.0,41.49426156738342,4.999953067363291,0.41702233495972346,0.38913800892139255,1.6459282829781754,0.07441869421528487,0.06583713132035159
41.514261567383414,9.0,41.514261567383414,4.999953067371136,0.41702233514009485,0.39133820857954976,1.6481284095015076,0.07451669348514815,0.0659251363815936
41.53426156738341,9.0,41.53426156738341,4.999953067379988,0.417022335322314,0.3935383961059204,1.6503285238912466,0.07461469252871698,0.06601314095676666
41.554261567383406,9.0,41.554261567383406,4.999953067389773,0.41702233550377615,0.3957385722258596,1.6525286268640067,0.07471269141331861,0.06610114507589757
41.57426156738342,9.0,41.57426156738342,4.999953067400408,0.4170223356860957,0.3979387375802726,1.654728719109404,0.07481069014935625,0.0661891487648143
41.59426156738341,9.0,41.59426156738341,4.999953067411829,0.417022335868713,0.40013889270962316,1.6569288011211383,0.0749086887130664,0.06627715204637981
41.61426156738341,9.0,41.61426156738341,4.999953067423964,0.41702233605109296,0.4023390382098852,1.6591288735472727,0.07500668713596542,0.06636515494277712
41.634261567383405,9.0,41.634261567383405,4.99995306743676,0.4170223362339496,0.40453917453830424,1.6613289367912296,0.07510468536567359,0.06645315747166157
41.65426156738341,9.0,41.65426156738341,4.999953067450163,0.41702233641650965,0.40673930218243026,1.6635289913545432,0.07520268346000449,0.06654115965441652
41.674261567383404,9.0,41.674261567383404,4.9999530674641255,0.4170223366006994,0.4089394215856704,1.6657290377031346,0.07530068143365991,0.06662916150961748
41.69426156738341,9.0,41.69426156738341,4.999953067478597,0.41702233678374395,0.4111395331595692,1.6679290762540284,0.07539867924588063,0.06671716305076743
41.71426156738341,9.0,41.71426156738341,4.999953067493537,0.4170223369672945,0.41333963724955053,1.6701291072994418,0.07549667689375049,0.06680516429312588
41.734261567383406,9.0,41.734261567383406,4.999953067508905,0.41702233715171066,0.4155397342628988,1.6723291313140127,0.07559467443618971,0.06689316525330267
41.7542615673834,9.0,41.7542615673834,4.999953067524671,0.4170223373359193,0.41773982447479463,1.6745291485077156,0.07569267180816001,0.06698116594131513
41.774261567383405,9.0,41.774261567383405,4.999953067540797,0.41702233751975926,0.4199399082458044,1.6767291592954314,0.07579066906963254,0.06706916637195953
41.7942615673834,9.0,41.7942615673834,4.999953067557258,0.4170223377051592,0.4221399858063747,1.6789291638652686,0.0758886661816275,0.06715716655528585
41.8142615673834,9.0,41.8142615673834,4.999953067574025,0.4170223378894452,0.42434005749114534,1.6811291625822722,0.07598666319478892,0.06724516650414201
41.83426156738341,9.0,41.83426156738341,4.999953067591076,0.4170223380744682,0.42654012351819,1.6833291556655383,0.07608466007438633,0.06733316622735969
41.8542615673834,9.0,41.8542615673834,4.999953067608379,0.41702233825946655,0.42874018413334936,1.685529143345935,0.07618265682841793,0.06742116573464502
41.8742615673834,9.0,41.8742615673834,4.99995306762592,0.41702233844503445,0.4309402395533718,1.6877291258331726,0.07628065344857271,0.06750916503363547
41.894261567383396,9.0,41.894261567383396,4.999953067643683,0.4170223386297402,0.43314029000335774,1.6899291033646047,0.07637864996030046,0.06759716413415463
41.91426156738339,9.0,41.91426156738339,4.9999530676616395,0.4170223388162246,0.4353403356532016,1.6921290761001158,0.07647664636710935,0.06768516304479677
41.934261567383395,9.0,41.934261567383395,4.999953067679782,0.4170223390019215,0.43754037673110857,1.6943290443070302,0.07657464267824451,0.06777316177276482
41.9542615673834,9.0,41.9542615673834,4.999953067698092,0.4170223391883771,0.43974041336133785,1.6965290080549191,0.07667263883941411,0.06786116032222911
41.974261567383394,9.0,41.974261567383394,4.999953067716555,0.41702233937394717,0.4419404457583216,1.6987289675719843,0.07677063491875614,0.06794915870311463
41.9942615673834,9.0,41.9942615673834,4.9999530677351585,0.41702233955989704,0.44414047407324836,1.700928923044219,0.07686863091382365,0.06803715692216238
42.01426156738339,9.0,42.01426156738339,4.9999530677538955,0.41702233974723313,0.44634049841147017,1.703128874539736,0.07696662677372974,0.06812515498200504
42.03426156738339,9.0,42.03426156738339,4.999953067772747,0.41702233993377796,0.4485405189538505,1.7053288222505716,0.07706462254896707,0.06821315289047859
42.05426156738339,9.0,42.05426156738339,4.9999530677917114,0.41702234012133665,0.4507405358225562,1.7075287663119536,0.07716261824627403,0.06830115065403175
42.074261567383395,9.0,42.074261567383395,4.999953067810776,0.4170223403073273,0.45294054915110676,1.709728706853416,0.07726061381380613,0.06838914827353891
42.09426156738339,9.0,42.09426156738339,4.999953067829925,0.4170223404960452,0.4551405590066872,1.7119286438822914,0.07735860926714805,0.06847714575512497
42.114261567383394,9.0,42.114261567383394,4.999953067849167,0.41702234068333777,0.4573405655913588,1.7141285776998396,0.07745660471478795,0.06856514310926641
42.13426156738339,9.0,42.13426156738339,4.999953067868484,0.4170223408705321,0.45954056895011197,1.7163285083222706,0.07755460002273307,0.06865314033295954
42.15426156738339,9.0,42.15426156738339,4.99995306788787,0.41702234105842156,0.461740569178858,1.7185284357685826,0.07765259521224685,0.0687411374309411
42.17426156738338,9.0,42.17426156738338,4.999953067907326,0.417022341246588,0.46394056642626946,1.7207283602737358,0.07775059037476506,0.06882913441184432
42.19426156738338,9.0,42.19426156738338,4.999953067926837,0.4170223414341405,0.46614056076685795,1.7229282818952802,0.07784858543338549,0.06891713127561887
42.21426156738339,9.0,42.21426156738339,4.999953067946405,0.4170223416232599,0.4683405522423846,1.7251282006515112,0.07794658040004407,0.06900512802679852
42.234261567383385,9.0,42.234261567383385,4.999953067966018,0.4170223418117601,0.47054054099486153,1.727328116705807,0.07804457529403232,0.06909312466821468
42.25426156738338,9.0,42.25426156738338,4.999953067985675,0.4170223419993446,0.4727405270735062,1.7295280300787532,0.07814257010156876,0.06918112120326865
42.274261567383384,9.0,42.274261567383384,4.999953068005385,0.41702234218903667,0.47494051057124925,1.7317279409062238,0.0782405648441284,0.06926911763565469
42.29426156738338,9.0,42.29426156738338,4.999953068025126,0.41702234237780395,0.47714049153657373,1.7339278491909798,0.07833855951470284,0.0693571139688104
42.314261567383376,9.0,42.314261567383376,4.999953068044906,0.41702234256763304,0.47934047008055286,1.736127755108814,0.0784365541111817,0.06944511020373036
42.334261567383386,9.0,42.334261567383386,4.999953068064716,0.41702234275690847,0.4815404462176218,1.738327658565708,0.07853454860513426,0.06953310634293947
42.35426156738338,9.0,42.35426156738338,4.999953068084552,0.4170223429461089,0.48374042007953705,1.7405275598181185,0.07863254308967901,0.06962110239315043
42.37426156738338,9.0,42.37426156738338,4.999953068104422,0.4170223431356192,0.48594039165937364,1.7427274587764472,0.0787305374566879,0.06970909835158333
42.39426156738338,9.0,42.39426156738338,4.999953068124316,0.41702234332600824,0.4881403610669749,1.7449273555834033,0.07882853176970638,0.06979709422316822
42.41426156738338,9.0,42.41426156738338,4.9999530681442295,0.4170223435160946,0.49034032833413804,1.7471272502421995,0.07892652601784092,0.06988509001038057
42.43426156738337,9.0,42.43426156738337,4.999953068164161,0.4170223437060751,0.4925402935417502,1.7493271428869086,0.07902452021333048,0.06997308571536294
42.45426156738337,9.0,42.45426156738337,4.9999530681841176,0.417022343897027,0.4947402566922343,1.7515270334525979,0.07912251430739181,0.07006108133781787
42.47426156738338,9.0,42.47426156738338,4.999953068204088,0.41702234408669003,0.49694021789253623,1.7537269220924592,0.07922050838747167,0.07014907688444928
42.494261567383376,9.0,42.494261567383376,4.999953068224072,0.41702234427716084,0.4991401771655943,1.755926808838923,0.07931850238997323,0.07023707235361697
42.51426156738337,9.0,42.51426156738337,4.999953068244075,0.41702234446895525,0.5013401345289977,1.7581266936527546,0.07941649629920182,0.07032506774606578
42.53426156738337,9.0,42.53426156738337,4.999953068264088,0.4170223446597981,0.5035400900907577,1.7603265766899394,0.07951449018857185,0.07041306306734561
42.55426156738337,9.0,42.55426156738337,4.999953068284115,0.41702234485103973,0.505740043855686,1.762526457944333,0.07961248402621188,0.07050105831866761
42.57426156738337,9.0,42.57426156738337,4.999953068304156,0.41702234504224733,0.5079399958754569,1.7647263374845288,0.07971047778090344,0.07058905349847182
42.59426156738337,9.0,42.59426156738337,4.9999530683242,0.4170223452329341,0.5101399461749011,1.7669262152613698,0.07980847148924702,0.07067704861184763
42.61426156738337,9.0,42.61426156738337,4.999953068344256,0.41702234542561806,0.5123398948423913,1.7691260915180465,0.07990646517981162,0.0707650436603657
42.63426156738337,9.0,42.63426156738337,4.999953068364323,0.4170223456175776,0.5145398418073809,1.7713259659696463,0.08000445872393755,0.07085303863943368
42.654261567383365,9.0,42.654261567383365,4.999953068384393,0.41702234580916875,0.5167397872522853,1.773525838974165,0.08010245230423131,0.07094103355865845
42.67426156738337,9.0,42.67426156738337,4.999953068404472,0.4170223460016973,0.5189397311070326,1.775725710380932,0.08020044580320874,0.07102902841572649
42.694261567383364,9.0,42.694261567383364,4.999953068424559,0.4170223461932839,0.521139673463367,1.7779255803299547,0.08029843926279268,0.07111702321273879
42.71426156738337,9.0,42.71426156738337,4.99995306844465,0.4170223463867821,0.5233396142957579,1.7801254487330764,0.08039643265363929,0.07120501795020621
42.73426156738337,9.0,42.73426156738337,4.999953068464745,0.4170223465793275,0.5255395536954081,1.7823253157480237,0.08049442600727828,0.0712930126293103
42.75426156738337,9.0,42.75426156738337,4.999953068484845,0.4170223467716209,0.5277394916580679,1.7845251812943013,0.08059241930450117,0.07138100725211423
42.77426156738336,9.0,42.77426156738336,4.999953068504949,0.4170223469657467,0.529939428238486,1.7867250455167463,0.08069041258653802,0.07146900182111207
42.79426156738336,9.0,42.79426156738336,4.999953068525054,0.41702234715816855,0.5321393634458109,1.7889249083521608,0.08078840578418638,0.07155699633391363
42.814261567383355,9.0,42.814261567383355,4.999953068545167,0.4170223473519126,0.5343392973034977,1.7911247698512602,0.0808863989554673,0.07164499079479915
42.83426156738336,9.0,42.83426156738336,4.999953068565284,0.4170223475458819,0.5365392298732867,1.7933246300846495,0.08098439207250296,0.07173298520239633
42.85426156738336,9.0,42.85426156738336,4.999953068585396,0.4170223477390691,0.5387391611455941,1.7955244890011537,0.08108238514914856,0.07182097956012776
42.87426156738336,9.0,42.87426156738336,4.9999530686055165,0.41702234793241555,0.5409390911907592,1.7977243467472597,0.08118037821060806,0.07190897386936987
42.89426156738336,9.0,42.89426156738336,4.999953068625636,0.4170223481271134,0.5431390199669848,1.7999242032113154,0.08127837119431897,0.07199696812847785
42.914261567383356,9.0,42.914261567383356,4.999953068645761,0.41702234832128965,0.5453389475524288,1.802124058505635,0.08137636415230805,0.07208496233994736
42.93426156738335,9.0,42.93426156738335,4.999953068665885,0.417022348515667,0.5475388739524395,1.8043239126061659,0.08147435706774017,0.07217295650461825
42.954261567383355,9.0,42.954261567383355,4.999953068686009,0.4170223487105054,0.5497387992050412,1.8065237656050175,0.08157234994960648,0.07226095062337651
42.97426156738336,9.0,42.97426156738336,4.999953068706136,0.4170223489052412,0.5519387232922746,1.8087236174049774,0.08167034277297007,0.0723489446965714
42.994261567383354,9.0,42.994261567383354,4.999953068726264,0.4170223490991997,0.5541386463065354,1.8109234681888464,0.0817683356029963,0.0724369387277792
43.01426156738336,9.0,43.01426156738336,4.999953068746393,0.4170223492951817,0.5563385681942543,1.8131233178342632,0.08186632833724546,0.07252493271260078
43.03426156738335,9.0,43.03426156738335,4.999953068766527,0.4170223494900914,0.5585384890203037,1.8153231664187308,0.08196432106736289,0.0726129266568562
43.05426156738335,9.0,43.05426156738335,4.999953068786653,0.4170223496852836,0.5607384088055289,1.817523013998514,0.08206231377022484,0.07270092055986395
43.074261567383346,9.0,43.074261567383346,4.999953068806786,0.41702234988117287,0.5629383275481118,1.8197228605339857,0.08216030641892946,0.07278891442137111
43.09426156738334,9.0,43.09426156738334,4.999953068826921,0.41702235007809657,0.5651382452643569,1.8219227060653131,0.08225829904419951,0.07287690824346608
43.11426156738335,9.0,43.11426156738335,4.99995306884705,0.41702235027310075,0.5673381620080644,1.8241225506330156,0.08235629162485676,0.07296490202516104
43.13426156738335,9.0,43.13426156738335,4.999953068867181,0.41702235046894914,0.5695380777753117,1.826322394216009,0.08245428417441412,0.07305289576897125
43.154261567383344,9.0,43.154261567383344,4.999953068887314,0.4170223506663598,0.5717379925792346,1.8285222368717693,0.0825522766995165,0.07314088947526655
43.17426156738335,9.0,43.17426156738335,4.999953068907446,0.41702235086252776,0.5739379064364095,1.830722078578718,0.08265026916314866,0.07322888314234394
43.19426156738334,9.0,43.19426156738334,4.999953068927578,0.41702235105904556,0.5761378193755015,1.832921919358969,0.08274826162576102,0.07331687677516438
43.21426156738334,9.0,43.21426156738334,4.999953068947715,0.4170223512551035,0.5783377314444101,1.8351217593466287,0.08284625408222311,0.07340487037376411
43.23426156738335,9.0,43.23426156738335,4.999953068967844,0.417022351453416,0.5805376425498786,1.8373215983120945,0.08294424642682661,0.07349286393304556
43.254261567383345,9.0,43.254261567383345,4.999953068987976,0.4170223516499213,0.5827375528350686,1.8395214365034198,0.08304223881186315,0.07358085746074709
43.27426156738334,9.0,43.27426156738334,4.999953069008109,0.41702235184721803,0.5849374622515595,1.8417212738385353,0.08314023113233251,0.07366885095293993
43.294261567383344,9.0,43.294261567383344,4.999953069028239,0.4170223520454733,0.5871373708085394,1.843921110292149,0.08323822341154773,0.07375684441117901
43.31426156738334,9.0,43.31426156738334,4.999953069048369,0.4170223522426455,0.5893372785561845,1.846120945983758,0.08333621571132008,0.07384483783961376
43.33426156738334,9.0,43.33426156738334,4.999953069068504,0.41702235244006475,0.5915371854921352,1.8483207808714617,0.08343420795584032,0.07393283123475264
43.35426156738335,9.0,43.35426156738335,4.999953069088633,0.4170223526383944,0.5937370916046479,1.8505206149352205,0.08353220016566444,0.07402082459817318
43.37426156738334,9.0,43.37426156738334,4.999953069108763,0.41702235283706474,0.59593699694352,1.8527204482578337,0.08363019234882704,0.0741088179297821
43.39426156738334,9.0,43.39426156738334,4.999953069128893,0.4170223530354383,0.5981369014886319,1.8549202807545777,0.08372818448325703,0.07419681122971908
43.414261567383335,9.0,43.414261567383335,4.999953069149022,0.4170223532337911,0.6003368053020511,1.8571201125572292,0.08382617663814425,0.07428480450217977
43.43426156738333,9.0,43.43426156738333,4.999953069169153,0.4170223534327614,0.6025367083602609,1.8593199436261172,0.08392416875397903,0.07437279774512391
43.454261567383334,9.0,43.454261567383334,4.999953069189281,0.41702235363223095,0.6047366106662628,1.8615197739501435,0.0840221608355668,0.07446079095889854
43.47426156738333,9.0,43.47426156738333,4.999953069209409,0.41702235383096664,0.6069365122582588,1.8637196035696177,0.08412015287557621,0.07454878414239015
43.49426156738333,9.0,43.49426156738333,4.999953069229536,0.41702235403024507,0.6091364131382015,1.8659194324580983,0.0842181448885708,0.07463677729774573
43.514261567383336,9.0,43.514261567383336,4.9999530692496625,0.41702235422970046,0.6113363133298381,1.8681192607066244,0.0843161369326113,0.07472477042945971
43.53426156738333,9.0,43.53426156738333,4.999953069269788,0.41702235443027147,0.6135362128217613,1.870319088283238,0.08441412890916088,0.07481276353152944
43.55426156738333,9.0,43.55426156738333,4.999953069289916,0.4170223546294646,0.6157361116225524,1.8725189151111965,0.08451212083345434,0.07490075660512194
43.57426156738333,9.0,43.57426156738333,4.999953069310042,0.41702235482981986,0.6179360097964257,1.8747187413854305,0.08461011279368788,0.07498874965539402
43.59426156738333,9.0,43.59426156738333,4.999953069330167,0.4170223550291407,0.6201359072820863,1.8769185669472608,0.08470810467995012,0.07507674267766738
43.61426156738333,9.0,43.61426156738333,4.99995306935029,0.41702235522949743,0.6223358041335648,1.8791183918973626,0.08480609657869889,0.07516473567649085
43.634261567383334,9.0,43.634261567383334,4.999953069370414,0.41702235542993893,0.6245357003545964,1.8813182162490591,0.08490408844339702,0.07525272864956768
43.65426156738333,9.0,43.65426156738333,4.999953069390535,0.4170223556319703,0.6267355959217258,1.883518039912411,0.08500208026474954,0.07534072159711519
43.674261567383326,9.0,43.674261567383326,4.99995306941066,0.4170223558323369,0.6289354909182794,1.8857178630625822,0.08510007210650031,0.07542871452228711
43.69426156738332,9.0,43.69426156738332,4.999953069430781,0.4170223560327994,0.6311353852824123,1.8879176855571593,0.08519806389405069,0.0755167074228121
43.71426156738332,9.0,43.71426156738332,4.999953069450904,0.4170223562340478,0.6333352790698179,1.8901175075187782,0.08529605567984494,0.075604700300609
43.73426156738332,9.0,43.73426156738332,4.999953069471028,0.41702235643591484,0.6355351722360167,1.8923173288362345,0.08539404739514429,0.0756926931522211
43.754261567383324,9.0,43.754261567383324,4.999953069491143,0.4170223566378483,0.6377350648474724,1.8945171496020454,0.08549203914992516,0.07578068598473488
43.77426156738332,9.0,43.77426156738332,4.9999530695112675,0.4170223568398541,0.6399349569047006,1.8967169698919504,0.08559003089051449,0.075868678795334
43.79426156738332,9.0,43.79426156738332,4.999953069531382,0.41702235704150226,0.6421348483654659,1.8989167895227503,0.08568802255848261,0.0759566715818305
43.81426156738332,9.0,43.81426156738332,4.9999530695515,0.41702235724337483,0.6443347393192377,1.9011166087155849,0.08578601424279994,0.07604466434749291
43.834261567383315,9.0,43.834261567383315,4.999953069571624,0.4170223574459183,0.6465346296794102,1.903316427260078,0.0858840058657644,0.07613265709029735
43.85426156738332,9.0,43.85426156738332,4.999953069591739,0.4170223576489971,0.6487345195467062,1.905516245380666,0.08598199753640193,0.07622064981533258
43.87426156738332,9.0,43.87426156738332,4.999953069611857,0.4170223578516151,0.6509344088607553,1.9077160629339576,0.08607998914920985,0.07630864251831797
43.89426156738332,9.0,43.89426156738332,4.999953069631973,0.4170223580542238,0.6531342976743412,1.9099158800174973,0.0861779807432336,0.07639663520028787
43.895261567383315,9.0,43.895261567383315,4.9999530696329835,0.41702235806433874,0.6532442918879225,1.91002587054922,0.08618288005668932,0.07640103482300842
43.91126156738332,9.0,43.91126156738332,4.999953069649076,0.4170223582271806,0.6550042026993744,1.911785724095352,0.08626127368260934,0.07647142896295293
43.93126156738332,9.0,43.93126156738332,4.99995306966919,0.4170223584304565,0.6572040905523373,1.913985540174748,0.08635926518536431,0.07655942160693835
43.95126156738332,9.0,43.95126156738332,4.999953069689301,0.41702235863356313,0.6594039779715903,1.916185355889738,0.08645725673160198,0.076647414235453
43.971261567383316,9.0,43.971261567383316,4.999953069709413,0.41702235883763045,0.6616038648414723,1.918385171039459,0.08655524821916778,0.07673540684194233
43.99126156738332,9.0,43.99126156738332,4.999953069729527,0.4170223590415528,0.6638037512394109,1.9205849857506827,0.08665323972423003,0.07682339942983493
44.011261567383315,9.0,44.011261567383315,4.999953069749641,0.41702235924497616,0.6660036371451088,1.9227847999589223,0.08675123120746099,0.07691139199864357
44.03126156738331,9.0,44.03126156738331,4.999953069769758,0.41702235944935917,0.668203522598469,1.924984613758867,0.08684922270897186,0.0769993845511559
44.05126156738332,9.0,44.05126156738332,4.999953069789867,0.4170223596530965,0.670403407583269,1.927184427075817,0.08694721414435078,0.07708737708254412
44.07126156738332,9.0,44.07126156738332,4.999953069809976,0.41702235985899927,0.6726032920946232,1.9293842399220325,0.08704520557995875,0.07717536959710854
44.09126156738331,9.0,44.09126156738331,4.999953069830086,0.4170223600637344,0.6748031761809746,1.9315840523768606,0.08714319702039271,0.07726336209501333
44.11126156738331,9.0,44.11126156738331,4.999953069850195,0.4170223602682915,0.6770030598098639,1.9337838643723981,0.08724118843347678,0.07735135457570295
44.131261567383305,9.0,44.131261567383305,4.999953069870309,0.41702236047294344,0.6792029430123514,1.935983675972606,0.08733917982420421,0.07743934703844647
44.15126156738331,9.0,44.15126156738331,4.9999530698904175,0.4170223606788163,0.6814028257601035,1.9381834870843804,0.08743717116921403,0.07752733948253501
44.15226156738331,9.0,44.15226156738331,4.999953069891432,0.4170223606885164,0.6815128196891702,1.9382934773394478,0.0874420705866769,0.07753173909845978
44.16826156738331,9.0,44.16826156738331,4.999953069907519,0.41702236085399164,0.6832727257935752,1.9400533263535025,0.08752046405531295,0.07760213305501888
44.18826156738331,9.0,44.18826156738331,4.99995306992762,0.41702236105882334,0.6854726077073003,1.9422531365978568,0.08761845521776525,0.0776901254630131
44.20826156738332,9.0,44.20826156738332,4.999953069947725,0.4170223612654975,0.6876724893263225,1.9444529466256322,0.08771644657319244,0.07777811786573353
44.22826156738331,9.0,44.22826156738331,4.999953069967833,0.41702236147098265,0.6898723705009848,1.9466527562527585,0.08781443787378232,0.07786611024955124
44.24826156738331,9.0,44.24826156738331,4.999953069987937,0.41702236167729606,0.6920722512415652,1.9488525654080997,0.0879124291434798,0.07795410261607684
44.268261567383306,9.0,44.268261567383306,4.9999530700080435,0.4170223618830605,0.6942721316061066,1.9510523742351804,0.08801042045678018,0.07804209496968134
44.28826156738331,9.0,44.28826156738331,4.99995307002815,0.4170223620892812,0.696472011569793,1.9532521826695723,0.08810841173243078,0.07813008730690375
44.308261567383305,9.0,44.308261567383305,4.999953070048255,0.41702236229656564,0.6986718911390825,1.9554519907072379,0.08820640298653327,0.07821807962855934
44.3282615673833,9.0,44.3282615673833,4.999953070068358,0.41702236250338404,0.7008717703512255,1.957651798399521,0.08830439423811798,0.07830607193579117
44.34826156738331,9.0,44.34826156738331,4.999953070088465,0.4170223627111913,0.7030716491689017,1.9598516057101052,0.08840238547200441,0.07839406422857295
44.36826156738331,9.0,44.36826156738331,4.999953070108568,0.4170223629187305,0.7052715276159236,1.9620514126696742,0.08850037669478038,0.07848205650688966
44.3882615673833,9.0,44.3882615673833,4.9999530701286705,0.4170223631261615,0.7074714056919983,1.9642512192563306,0.08859836789483386,0.07857004877035077
44.408261567383306,9.0,44.408261567383306,4.999953070148775,0.4170223633342394,0.7096712834214935,1.9664510255183334,0.08869635909521126,0.07865804102050808
44.4092615673833,9.0,44.4092615673833,4.999953070149785,0.417022363343897,0.7097812770881032,1.9665610155088844,0.08870125845565563,0.07866244062445739
44.42526156738331,9.0,44.42526156738331,4.999953070165867,0.41702236351134303,0.7115411792292688,1.9683208606416942,0.08877965177983209,0.07873283442565318
44.445261567383305,9.0,44.445261567383305,4.99995307018596,0.4170223637188999,0.7137410562156297,1.9705206661017503,0.08887764278661014,0.07882082664388072
44.4652615673833,9.0,44.4652615673833,4.999953070206062,0.417022363926776,0.7159409329836317,1.9727204714484048,0.08897563396417343,0.07890881885774279
44.485261567383304,9.0,44.485261567383304,4.999953070226165,0.41702236413626187,0.7181408093363302,1.974920276339038,0.08907362504816546,0.07899681105289852
44.50526156738331,9.0,44.50526156738331,4.999953070246263,0.4170223643443216,0.7203406853715978,1.9771200809378506,0.08917161619581077,0.07908480323814439
44.5252615673833,9.0,44.5252615673833,4.999953070266363,0.41702236455320096,0.7225405610798707,1.979319885264503,0.08926960734036248,0.07917279541102454
44.54526156738331,9.0,44.54526156738331,4.999953070286462,0.41702236476208565,0.7247404364338698,1.9815196891966003,0.08936759841395474,0.07926078756767377
44.5652615673833,9.0,44.5652615673833,4.999953070306561,0.4170223649714991,0.7269403114896819,1.9837194928556539,0.08946558951776001,0.07934877971374588
44.5852615673833,9.0,44.5852615673833,4.999953070326658,0.41702236518096786,0.7291401862115973,1.985919296193183,0.0895635806138209,0.07943677184830643
44.605261567383295,9.0,44.605261567383295,4.9999530703467565,0.4170223653901074,0.7313400606160556,1.988119099242947,0.0896615716803579,0.07952476396905116
44.62526156738329,9.0,44.62526156738329,4.9999530703668515,0.4170223656003088,0.733539934679668,1.9903189019162968,0.08975956271563938,0.07961275607651068
44.6452615673833,9.0,44.6452615673833,4.999953070386952,0.41702236581016433,0.735739808472559,1.9925187043662678,0.08985755378681133,0.07970074817413467
44.6652615673833,9.0,44.6652615673833,4.999953070407046,0.41702236602103426,0.7379396819261874,1.9947185064753792,0.08995554482200974,0.0797887402593145
44.666261567383295,9.0,44.666261567383295,4.999953070408057,0.4170223660312331,0.7380496754608574,1.9948284963829503,0.08996044426730909,0.0797931398586461
44.68226156738331,9.0,44.68226156738331,4.999953070424135,0.41702236620010774,0.7398095741294733,1.9965883381006804,0.09003883728946094,0.0798635335229863
44.7022615673833,9.0,44.7022615673833,4.999953070444225,0.4170223664105862,0.742009446999947,1.998788139590142,0.0901368282229007,0.07995152558352923
44.7222615673833,9.0,44.7222615673833,4.999953070464317,0.41702236662170566,0.7442093196557735,2.0009879409445626,0.09023481925464719,0.08003951763830944
44.742261567383295,9.0,44.742261567383295,4.999953070484414,0.41702236683251126,0.7464091919820637,2.003187741963256,0.09033281022822705,0.08012750967906423
44.76226156738329,9.0,44.76226156738329,4.999953070504507,0.4170223670431664,0.7486090640252208,2.0053875427190975,0.09043080119837356,0.08021550170803506
44.782261567383294,9.0,44.782261567383294,4.999953070524598,0.4170223672549745,0.7508089357608254,2.0075873431460467,0.09052879216186846,0.08030349372623753
44.8022615673833,9.0,44.8022615673833,4.999953070544693,0.4170223674668344,0.753008807241097,2.009787143374398,0.0906267831426308,0.08039148573444431
44.82226156738329,9.0,44.82226156738329,4.999953070564784,0.4170223676789107,0.7552086784205362,2.011986943275343,0.09072477409244904,0.08047947773173415
44.8422615673833,9.0,44.8422615673833,4.99995307058488,0.4170223678906311,0.7574085493493159,2.014186742969478,0.09082276504034051,0.08056746971808637
44.86226156738329,9.0,44.86226156738329,4.999953070604971,0.4170223681029766,0.759608419977901,2.0163865423284113,0.09092075595956647,0.08065546169359415
44.88226156738329,9.0,44.88226156738329,4.9999530706250574,0.41702236831481715,0.7618082903748238,2.0185863415125285,0.09101874690082822,0.0807434536598658
44.90226156738329,9.0,44.90226156738329,4.999953070645151,0.41702236852731905,0.764008160474707,2.0207861403742053,0.09111673780008793,0.0808314456149343
44.92226156738329,9.0,44.92226156738329,4.999953070665239,0.41702236874083914,0.766208030333596,2.022985939027786,0.09121472872521874,0.08091943756170807
44.92326156738329,9.0,44.92326156738329,4.999953070666256,0.41702236875074994,0.7663180237584588,2.0230959288717276,0.09121962813140784,0.08092383715263536
44.93926156738329,9.0,44.93926156738329,4.99995307068233,0.4170223689213921,0.7680779194370854,2.024855767631247,0.09129802097818428,0.08099423070481125
44.95926156738329,9.0,44.95926156738329,4.999953070702412,0.4170223691345131,0.7702777888348166,2.0270555657860543,0.09139601186190402,0.08108222263146742
44.9792615673833,9.0,44.9792615673833,4.999953070722498,0.417022369347296,0.7724776580068232,2.029255363811022,0.0914940027804052,0.0811702145523171
44.99926156738329,9.0,44.99926156738329,4.999953070742588,0.41702236956174965,0.774677526858763,2.0314551614712757,0.09159199360688364,0.08125820645922036
45.01926156738329,9.0,45.01926156738329,4.9999530707626745,0.41702236977606466,0.7768773954871036,2.033654958940554,0.09168998447469685,0.08134619835818811
45.03926156738329,9.0,45.03926156738329,4.999953070782763,0.41702236998972875,0.7790772638603332,2.0358547561546065,0.09178797529841749,0.0814341902450222
45.05926156738329,9.0,45.05926156738329,4.9999530708028495,0.4170223702039181,0.7812771319959282,2.038054553120452,0.09188596614724372,0.08152218212508056
45.079261567383284,9.0,45.079261567383284,4.999953070822934,0.41702237041829604,0.7834769999162363,2.0402543499382073,0.09198395701414672,0.0816101739976926
45.099261567383294,9.0,45.099261567383294,4.9999530708430235,0.417022370632894,0.7856768675618844,2.042454146451277,0.09208194781370196,0.08169816585837826
45.11926156738329,9.0,45.11926156738329,4.999953070863112,0.4170223708465655,0.787876735003718,2.0446539427712587,0.09217993861810625,0.0817861577098053
45.139261567383286,9.0,45.139261567383286,4.999953070883198,0.4170223710622489,0.7900766021981281,2.0468537388471435,0.09227792943092644,0.08187414955408161
45.15926156738328,9.0,45.15926156738328,4.99995307090328,0.4170223712772383,0.7922764691806674,2.04905353474302,0.09237592024678754,0.0819621413900974
45.17926156738328,9.0,45.17926156738328,4.99995307092337,0.41702237149217497,0.7944763359290873,2.051253330411551,0.09247391101960378,0.08205013321544519
45.18026156738329,9.0,45.18026156738329,4.999953070924379,0.41702237150256644,0.7945863290475703,2.0513633198615455,0.0924788102977725,0.08205453279616608
45.19626156738329,9.0,45.19626156738329,4.999953070940449,0.4170223716766054,0.7963462225763153,2.053123156699025,0.09255720340928034,0.08212492626762821
45.216261567383285,9.0,45.216261567383285,4.999953070960526,0.417022371892089,0.7985460887887801,2.055322951781084,0.0926551939899761,0.08221291807164141
45.23626156738328,9.0,45.23626156738328,4.999953070980608,0.41702237210760096,0.8007459549407268,2.0575227468808066,0.09275318476629833,0.08230090987597287
45.25626156738328,9.0,45.25626156738328,4.99995307100069,0.4170223723238632,0.8029458208450462,2.0597225417406495,0.09285117549622494,0.0823889016693101
45.27626156738329,9.0,45.27626156738329,4.999953071020775,0.4170223725400903,0.8051456865179719,2.061922336346958,0.09294916622451499,0.08247689345405958
45.29626156738328,9.0,45.29626156738328,4.999953071040856,0.4170223727574493,0.8073455520068071,2.0641221308167848,0.09304715699726607,0.08256488523340527
45.31626156738328,9.0,45.31626156738328,4.999953071060939,0.4170223729744618,0.8095454172726528,2.0663219250703,0.09314514771326098,0.0826528770019057
45.33626156738328,9.0,45.33626156738328,4.99995307108102,0.4170223731916635,0.8117452823330511,2.068521719103859,0.09324313844414736,0.08274086876448906
45.35626156738328,9.0,45.35626156738328,4.999953071101103,0.41702237340773257,0.813945147210173,2.0707215129891194,0.09334112918441317,0.08282886052004933
45.376261567383274,9.0,45.376261567383274,4.999953071121184,0.4170223736253018,0.8161450118675453,2.072921306662334,0.09343911987901428,0.08291685226573157
45.396261567383284,9.0,45.396261567383284,4.999953071141263,0.4170223738437975,0.8183448763081737,2.0751211000946452,0.09353711057105427,0.08300484400404515
45.41626156738328,9.0,45.41626156738328,4.999953071161348,0.41702237406160686,0.8205447405771779,2.077320893412973,0.09363510129367174,0.08309283573652941
45.436261567383276,9.0,45.436261567383276,4.999953071181421,0.41702237427949584,0.8227446046382532,2.079520686506363,0.0937330919685316,0.08318082745970543
45.45626156738328,9.0,45.45626156738328,4.999953071201504,0.41702237449727303,0.8249444685079343,2.0817204794083453,0.09383108264986405,0.08326881917619584
45.45726156738327,9.0,45.45726156738327,4.999953071202517,0.41702237450761326,0.8250544615460361,2.081830468816893,0.09383598209811918,0.08327321875829928
45.47326156738328,9.0,45.47326156738328,4.999953071218584,0.41702237468334213,0.8268143527437766,2.0835903034238354,0.09391437493655196,0.0833436121369462
45.49326156738328,9.0,45.49326156738328,4.999953071238655,0.41702237490182403,0.8290142161549886,2.085790095838296,0.09401236541838077,0.08343160383363271
45.513261567383275,9.0,45.513261567383275,4.999953071258731,0.4170223751212403,0.831214079501165,2.087989888259004,0.09411035608440488,0.08351959553076405
45.53326156738328,9.0,45.53326156738328,4.99995307127881,0.41702237533934156,0.8334139426632124,2.0901896804888804,0.09420834672147232,0.08360758721892798
45.553261567383274,9.0,45.553261567383274,4.999953071298889,0.41702237555941424,0.8356138056244331,2.092389472542852,0.09430633737947862,0.08369557890198868
45.57326156738328,9.0,45.57326156738328,4.9999530713189655,0.41702237577866336,0.8378136684088663,2.094589264438083,0.09440432802935939,0.08378357057782652
45.59326156738328,9.0,45.59326156738328,4.999953071339039,0.41702237599818426,0.84001353101906,2.0967890561552793,0.09450231865565702,0.08387156224574946
45.613261567383276,9.0,45.613261567383276,4.999953071359118,0.41702237621866506,0.842213393439618,2.098988847694377,0.0946003092840601,0.08395955390758125
45.63326156738327,9.0,45.63326156738327,4.999953071379193,0.4170223764381105,0.8444132556933405,2.101188639075899,0.09469829992093345,0.08404754556370461
45.65326156738327,9.0,45.65326156738327,4.999953071399272,0.4170223766584844,0.8466131177760715,2.103388430317541,0.09479629052732362,0.08413553721135424
45.673261567383264,9.0,45.673261567383264,4.999953071419345,0.41702237687977434,0.8488129796552787,2.1055882213081274,0.09489428112204368,0.08422352885279148
45.693261567383274,9.0,45.693261567383274,4.999953071439423,0.4170223771000059,0.8510128414110147,2.1077880122560777,0.09499227176999853,0.08431152049062025
45.71326156738327,9.0,45.71326156738327,4.999953071459496,0.417022377321237,0.8532127029662444,2.1099878029735746,0.09509026233649076,0.08439951211823013
45.733261567383266,9.0,45.733261567383266,4.99995307147957,0.417022377542343,0.8554125643565583,2.1121875935153938,0.09518825293490815,0.08448750374172598
45.73426156738327,9.0,45.73426156738327,4.999953071480582,0.41702237755299004,0.8555225574775339,2.1122975831353674,0.09519315254295652,0.08449190332537557
45.750261567383276,9.0,45.750261567383276,4.999953071496643,0.41702237773080086,0.8572824463310679,2.1140574153370966,0.09527154486418254,0.08456229661322864
45.77026156738327,9.0,45.77026156738327,4.9999530715167095,0.4170223779519148,0.8594823074867819,2.11625720564002,0.09536953548852636,0.08465028822517758
45.79026156738327,9.0,45.79026156738327,4.999953071536784,0.41702237817356913,0.861682168477978,2.1184569958690256,0.09546752612457651,0.0847382798342975
45.810261567383264,9.0,45.810261567383264,4.999953071556855,0.4170223783959148,0.8638820292275288,2.1206567858190617,0.09556551666182077,0.08482627143306981
45.83026156738327,9.0,45.83026156738327,4.999953071576927,0.4170223786181866,0.8660818898475426,2.1228565756684867,0.0956635072358926,0.08491426302717298
45.850261567383264,9.0,45.850261567383264,4.999953071596998,0.4170223788410086,0.868281750303135,2.1250563653628056,0.09576149779918516,0.08500225461535126
45.87026156738327,9.0,45.87026156738327,4.999953071617074,0.41702237906354706,0.8704816106053329,2.1272561549114,0.09585948833529746,0.08509024619589094
45.89026156738327,9.0,45.89026156738327,4.999953071637146,0.41702237928641317,0.87268147073709,2.1294559442673027,0.09595747886360513,0.08517823777048272
45.910261567383266,9.0,45.910261567383266,4.999953071657217,0.41702237950953264,0.8748813307497515,2.1316557335507813,0.09605546943097638,0.08526622934180454
45.93026156738326,9.0,45.93026156738326,4.999953071677286,0.4170223797331722,0.8770811905839074,2.1338555226515323,0.09615345996131691,0.0853542209063257
45.950261567383265,9.0,45.950261567383265,4.999953071697357,0.4170223799567355,0.8792810502853591,2.136055311637753,0.09625145048894504,0.08544221246491478
45.97026156738326,9.0,45.97026156738326,4.999953071717427,0.4170223801810024,0.881480909814079,2.1382551004389367,0.09634944101328607,0.08553020401859077
45.990261567383264,9.0,45.990261567383264,4.999953071737497,0.4170223804047667,0.8836807692196847,2.14045488916052,0.09644743153877858,0.08561819556621231
45.99126156738326,9.0,45.99126156738326,4.9999530717385055,0.41702238041487183,0.883790761995288,2.1405648782949234,0.09645233087754879,0.08562259513578
46.00726156738326,9.0,46.00726156738326,4.999953071754563,0.4170223805951629,0.8855506497219365,2.1423247096256373,0.09653072370325065,0.08569298838506517
46.02726156738327,9.0,46.02726156738327,4.99995307177463,0.41702238081947623,0.8877505087165889,2.1445244978745994,0.09662871399434339,0.08578097991509935
46.047261567383266,9.0,46.047261567383266,4.999953071794694,0.4170223810441084,0.8899503677275848,2.146724286213253,0.09672670449074124,0.08586897144781114
46.06726156738326,9.0,46.06726156738326,4.999953071814761,0.4170223812684623,0.8921502265737812,2.148924074364122,0.09682469497486619,0.08595696297484735
46.087261567383266,9.0,46.087261567383266,4.999953071834832,0.41702238149365506,0.8943500852922336,2.1511238624452225,0.0969226854904777,0.08604495449818979
46.10726156738326,9.0,46.10726156738326,4.999953071854899,0.41702238171852263,0.8965499438550639,2.153323650352498,0.0970206759617658,0.08613294601418513
46.12726156738326,9.0,46.12726156738326,4.999953071874965,0.4170223819446728,0.8987498022978192,2.1555234381496065,0.0971186664459862,0.08622093752580767
46.147261567383254,9.0,46.147261567383254,4.999953071895033,0.417022382170231,0.9009496605922938,2.157723225809954,0.0972166569281078,0.08630892903280177
46.167261567383264,9.0,46.167261567383264,4.999953071915103,0.41702238239599426,0.9031495187573665,2.159923013370453,0.09731464740572043,0.08639692053463695
46.18726156738326,9.0,46.18726156738326,4.999953071935169,0.41702238262230196,0.9053493767766941,2.162122800747529,0.09741263784484469,0.08648491202931119
46.207261567383256,9.0,46.207261567383256,4.999953071955234,0.417022382848748,0.9075492346865008,2.1643225880524337,0.09751062833018516,0.08657290352196828
46.22726156738325,9.0,46.22726156738325,4.9999530719753,0.4170223830760572,0.9097490924597382,2.166522375239553,0.09760861880149192,0.08666089500988504
46.247261567383255,9.0,46.247261567383255,4.999953071995363,0.4170223833022909,0.9119489500979124,2.1687221622964956,0.09770660924004035,0.08674888649109425
46.24826156738326,9.0,46.24826156738326,4.999953071996372,0.41702238331358144,0.9120589428616249,2.1688321514708147,0.09771150879916542,0.08675328606700147
46.26426156738326,9.0,46.26426156738326,4.999953072012431,0.4170223834959617,0.9138188290376079,2.1705919812937857,0.09778990125334808,0.0868236792513964
46.284261567383254,9.0,46.284261567383254,4.999953072032489,0.4170223837232928,0.9160186863635955,2.172791767978576,0.09788789155902035,0.08691167071875479
46.30426156738325,9.0,46.30426156738325,4.999953072052554,0.41702238395029106,0.9182185436825514,2.1749915547684013,0.09798588204854981,0.08699966219098017
46.32426156738326,9.0,46.32426156738326,4.999953072072618,0.41702238417800275,0.9204184008189199,2.177191341335102,0.09808387244566273,0.08708765365358771
46.344261567383256,9.0,46.344261567383256,4.999953072092678,0.4170223844059272,0.9226182578526562,2.1793911278215226,0.09818186287808377,0.0871756451127964
46.36426156738325,9.0,46.36426156738325,4.999953072112746,0.4170223846342126,0.9248181147630358,2.181590914195422,0.0982798533070031,0.08726363656764358
46.384261567383255,9.0,46.384261567383255,4.999953072132805,0.41702238486248133,0.9270179715505484,2.183790700454605,0.0983778437272064,0.08735162801779042
46.40426156738325,9.0,46.40426156738325,4.99995307215287,0.41702238509067474,0.9292178282213502,2.18599048660568,0.09847583416046263,0.08743961946496652
46.42426156738325,9.0,46.42426156738325,4.999953072172932,0.41702238531977903,0.9314176847722232,2.1881902726672924,0.0985738245733916,0.0875276109064692
46.44426156738325,9.0,46.44426156738325,4.999953072192999,0.417022385549291,0.9336175411884388,2.1903900585665386,0.09867181496033242,0.08761560234237319
46.464261567383254,9.0,46.464261567383254,4.99995307221306,0.4170223857784663,0.93581739750758,2.1925898443929377,0.09876980537936778,0.08770359377574696
46.48426156738325,9.0,46.48426156738325,4.999953072233122,0.417022386007978,0.93801725370694,2.194789630119797,0.09886779579148999,0.08779158520513536
46.50426156738325,9.0,46.50426156738325,4.999953072253179,0.417022386238096,0.9402171097811475,2.196989415716493,0.09896578617906068,0.0878795766290085
46.50526156738324,9.0,46.50526156738324,4.999953072254189,0.4170223862483844,0.9403271024740183,2.197099404825145,0.09897068558945121,0.08788397619535614
46.521261567383256,9.0,46.521261567383256,4.999953072270243,0.41702238643430634,0.9420869874417661,2.1988592335316017,0.09904907815231145,0.0879543693407183
46.54126156738325,9.0,46.54126156738325,4.999953072290296,0.4170223866636592,0.9442868432267296,2.201059018801965,0.09914706841198495,0.08804236075305756
46.56126156738325,9.0,46.56126156738325,4.999953072310355,0.4170223868936134,0.9464866990221279,2.2032588041815573,0.09924505881271317,0.08813035216678132
46.58126156738325,9.0,46.58126156738325,4.999953072330415,0.41702238712441675,0.9486865546579789,2.2054585893379772,0.09934304914003193,0.08821834357245761
46.60126156738325,9.0,46.60126156738325,4.999953072350476,0.41702238735510316,0.9508864102104985,2.20765837446118,0.09944103955281977,0.08830633497893439
46.62126156738325,9.0,46.62126156738325,4.999953072370534,0.41702238758677324,0.953086265638664,2.2098581594891558,0.09953902994019038,0.08839432638047416
46.64126156738325,9.0,46.64126156738325,4.999953072390592,0.41702238781833917,0.9552861209651136,2.212057944405884,0.09963702029565473,0.08848231777624146
46.66126156738325,9.0,46.66126156738325,4.9999530724106505,0.4170223880496106,0.9574859761722366,2.2142577291921155,0.09973501064434899,0.08857030916766362
46.681261567383245,9.0,46.681261567383245,4.999953072430712,0.41702238828181504,0.9596858312936711,2.2164575139165357,0.099833001025329,0.08865830055726402
46.70126156738324,9.0,46.70126156738324,4.999953072450772,0.4170223885131208,0.9618856863115991,2.2186572985567987,0.09993099137951111,0.0887462919417312
46.72126156738324,9.0,46.72126156738324,4.999953072470828,0.4170223887455476,0.964085541209776,2.2208570830615577,0.10002898173264976,0.088834283323225
46.74126156738324,9.0,46.74126156738324,4.999953072490887,0.4170223889778121,0.9662853960250032,2.2230568675270876,0.10012697208615443,0.0889222747003508
46.761261567383244,9.0,46.761261567383244,4.999953072510944,0.41702238921100965,0.9684852507146107,2.225256651828483,0.10022496242575407,0.08901026607405164
46.76226156738324,9.0,46.76226156738324,4.99995307251195,0.41702238922209045,0.9685952434241598,2.2253666410102397,0.10022986181888643,0.08901466563693669
46.77826156738324,9.0,46.77826156738324,4.999953072527991,0.4170223894093647,0.970355127133416,2.2271264684933056,0.10030825427402208,0.08908505874058671
46.79826156738325,9.0,46.79826156738325,4.999953072548048,0.41702238964240196,0.9725549816303117,2.2293262526126547,0.10040624454750845,0.08917305010385825
46.818261567383246,9.0,46.818261567383246,4.999953072568106,0.41702238987615287,0.974754836064429,2.2315260367089107,0.1005042349076189,0.08926104146867267
46.83826156738324,9.0,46.83826156738324,4.999953072588157,0.4170223901093244,0.9769546903883497,2.2337258207140267,0.10060222522757417,0.08934903282750473
46.85826156738324,9.0,46.85826156738324,4.999953072608215,0.4170223903438477,0.9791545445896046,2.23592560456991,0.10070021555660785,0.08943702418405362
46.87826156738324,9.0,46.87826156738324,4.9999530726282675,0.41702239057768514,0.9813543987342633,2.238125388447041,0.10079820590958961,0.08952501553776446
46.89826156738324,9.0,46.89826156738324,4.999953072648325,0.4170223908120372,0.9835542527447795,2.2403251721246753,0.10089619618480702,0.08961300688417435
46.91826156738324,9.0,46.91826156738324,4.999953072668386,0.41702239104703703,0.9857541066782268,2.242524955752447,0.10099418651891541,0.08970099823018873
46.93826156738324,9.0,46.93826156738324,4.999953072688437,0.41702239128149715,0.9879539605316023,2.244724739343222,0.10109217685883075,0.08978898957372701
46.95826156738324,9.0,46.95826156738324,4.999953072708489,0.41702239151685416,0.990153814257752,2.2469245227872414,0.10119016715465606,0.08987698091193277
46.978261567383235,9.0,46.978261567383235,4.999953072728544,0.41702239175185657,0.9923536679147847,2.2491243061820003,0.10128815746488841,0.0899649722470673
46.99826156738324,9.0,46.99826156738324,4.999953072748599,0.41702239198795915,0.9945535214640104,2.251324089456527,0.10138614776777027,0.0900529635790115
47.018261567383234,9.0,47.018261567383234,4.999953072768652,0.41702239222314663,0.9967533749594597,2.253523872720645,0.10148413807947147,0.090140954907867
47.01926156738324,9.0,47.01926156738324,4.99995307276966,0.41702239223453563,0.9968633674330678,2.253633861570353,0.1014890374463667,0.09014535446857665
47.03526156738324,9.0,47.03526156738324,4.999953072785702,0.41702239242469286,0.998623250467368,2.2553936885857215,0.10156743004929493,0.09021574754172935
47.05526156738323,9.0,47.05526156738323,4.9999530728057495,0.4170223926606852,1.0008231036020596,2.2575934713917754,0.10166542011230247,0.09030373885575527
47.07526156738324,9.0,47.07526156738324,4.999953072825802,0.41702239289652365,1.003022956854356,2.2597932544502624,0.10176341044551214,0.09039173017797986
47.09526156738324,9.0,47.09526156738324,4.999953072845853,0.41702239313332945,1.005222809956027,2.261993037314923,0.10186140069375056,0.09047972149251651
47.115261567383236,9.0,47.115261567383236,4.999953072865906,0.41702239337197894,1.007422662992956,2.264192820127054,0.10195939098319393,0.0905677128053107
47.13526156738324,9.0,47.13526156738324,4.999953072885958,0.4170223936077467,1.0096225159624963,2.266392602916619,0.1020573812917915,0.09065570411669724
47.155261567383235,9.0,47.155261567383235,4.999953072906004,0.41702239384541223,1.011822368824467,2.268592385579399,0.10215537155885072,0.09074369542332837
47.17526156738323,9.0,47.17526156738323,4.9999530729260595,0.4170223940827636,1.014022221608477,2.2707921681847605,0.10225336183370645,0.09083168672699603
47.19526156738323,9.0,47.19526156738323,4.999953072946111,0.41702239432073296,1.016222074298652,2.272991950682686,0.10235135210903455,0.09091967802810118
47.21526156738324,9.0,47.21526156738324,4.999953072966161,0.4170223945587807,1.0184219269304418,2.2751917331662743,0.10244934238213955,0.09100766932547906
47.23526156738323,9.0,47.23526156738323,4.999953072986209,0.4170223947984832,1.0206217794350398,2.2773915154731195,0.10254733262737928,0.09109566061919605
47.25526156738323,9.0,47.25526156738323,4.999953073006257,0.4170223950359863,1.0228216319159094,2.279591297825192,0.10264532293157916,0.09118365191287742
47.275261567383225,9.0,47.275261567383225,4.999953073026308,0.41702239527576784,1.0250214842609873,2.281791080023502,0.10274331318520015,0.09127164320206857
47.29526156738323,9.0,47.29526156738323,4.999953073046357,0.4170223955144559,1.0272213365627925,2.2839908622063043,0.10284130345337403,0.091359634488528
47.29626156738323,9.0,47.29626156738323,4.999953073047368,0.4170223955261253,1.027331329111367,2.284100851214687,0.10284620274293489,0.09136403404332658
47.31226156738323,9.0,47.31226156738323,4.99995307306341,0.41702239571849875,1.0290912109401786,2.285860676942937,0.10292459518274742,0.09143442707801824
47.33226156738323,9.0,47.33226156738323,4.999953073083453,0.4170223959588633,1.0312910630805676,2.2880604589867612,0.10302258543604484,0.09152241835916611
47.35226156738322,9.0,47.35226156738322,4.999953073103499,0.41702239619744896,1.0334909151490619,2.2902602409444626,0.10312057567371928,0.09161040963751355
47.37226156738323,9.0,47.37226156738323,4.999953073123547,0.4170223964386168,1.035690767120557,2.2924600228065666,0.10321856590375054,0.09169840091199781
47.39226156738323,9.0,47.39226156738323,4.999953073143593,0.41702239667885505,1.0378906190239403,2.2946598046003026,0.10331655615908558,0.09178639218493408
47.412261567383226,9.0,47.412261567383226,4.99995307316364,0.41702239691937076,1.0400904708678114,2.2968595863786003,0.10341454640733885,0.09187438345439723
47.43226156738323,9.0,47.43226156738323,4.999953073183686,0.41702239716002204,1.0422903226106186,2.2990593680153175,0.1035125366391387,0.09196237472139926
47.452261567383225,9.0,47.452261567383225,4.9999530732037325,0.41702239740118086,1.0444901743096484,2.3012591496761967,0.10361052689326758,0.0920503659862863
47.47226156738322,9.0,47.47226156738322,4.999953073223777,0.4170223976425428,1.046690025890049,2.303458931165546,0.10370851710883704,0.09213835724742296
47.492261567383224,9.0,47.492261567383224,4.999953073243823,0.41702239788438106,1.048889877444912,2.3056587126865757,0.10380650736254234,0.09222634850717334
47.51226156738323,9.0,47.51226156738323,4.99995307326387,0.41702239812644787,1.0510897288810792,2.3078584940615117,0.10390449757673983,0.09231433976307744
47.53226156738322,9.0,47.53226156738322,4.9999530732839155,0.41702239836858285,1.0532895802750517,2.310058275425809,0.10400248781252583,0.0924023310169244
47.552261567383226,9.0,47.552261567383226,4.999953073303962,0.41702239861147183,1.0554894315759569,2.312258056682685,0.1041004780278848,0.09249032226761272
47.55326156738322,9.0,47.55326156738322,4.99995307330497,0.4170223986229386,1.0555994240932827,2.3123680456721183,0.10410537768290413,0.0924947218359294
47.56926156738323,9.0,47.56926156738323,4.999953073321005,0.4170223988174529,1.0573593051888597,2.3141278708392456,0.1041837697848287,0.09256511483107978
47.589261567383225,9.0,47.589261567383225,4.999953073341043,0.4170223990602648,1.059559156305277,2.316327651849425,0.104281759922276,0.09265310607491704
47.60926156738322,9.0,47.60926156738322,4.999953073361084,0.4170223993042578,1.0617590074555652,2.3185274330612664,0.10437975019941696,0.09274109732216598
47.629261567383224,9.0,47.629261567383224,4.999953073381128,0.4170223995466046,1.063958858467223,2.3207272140310824,0.10447774036485581,0.09282908856186842
47.64926156738322,9.0,47.64926156738322,4.999953073401172,0.41702239978978384,1.06615870947284,2.3229269950666276,0.10457573060313474,0.09291707980204507
47.66926156738322,9.0,47.66926156738322,4.999953073421216,0.4170224000343665,1.068358560364462,2.325126775961368,0.10467372079677485,0.09300507103841098
47.68926156738323,9.0,47.68926156738323,4.999953073441258,0.4170224002781168,1.0705584112037676,2.3273265568350006,0.10477171101714199,0.09309306227348672
47.70926156738322,9.0,47.70926156738322,4.9999530734613025,0.41702240052229367,1.0727582619734013,2.3295263376342126,0.10486970122263518,0.09318105350567085
47.72926156738322,9.0,47.72926156738322,4.999953073481346,0.4170224007670665,1.0749581126883023,2.3317261183983473,0.10496769142562948,0.09326904473530823
47.749261567383215,9.0,47.749261567383215,4.999953073501387,0.4170224010124996,1.077157963306289,2.33392589904022,0.10506568161516558,0.09335703596225187
47.76926156738321,9.0,47.76926156738321,4.999953073521427,0.41702240125738593,1.0793578138952316,2.3361256797199763,0.10516367183917305,0.09344502718842133
47.789261567383214,9.0,47.789261567383214,4.999953073541469,0.4170224015030734,1.0815576643849205,2.338325460246381,0.10526166200657662,0.09353301840980936
47.80926156738322,9.0,47.80926156738322,4.999953073561508,0.4170224017491462,1.083757514842177,2.3405252407874975,0.10535965222337848,0.0936210096314081
47.82926156738321,9.0,47.82926156738321,4.99995307358155,0.4170224019949061,1.085957365218325,2.342725021253333,0.10545764241309623,0.09370900084991482
47.83026156738322,9.0,47.83026156738322,4.9999530735825575,0.4170224020065047,1.0860673576557276,2.3428350101497255,0.10546254200031827,0.09371340041414847
47.84626156738321,9.0,47.84626156738321,4.99995307359859,0.4170224022053911,1.0878272380432703,2.344594834688581,0.10554093417343476,0.09378379338723146
47.86626156738322,9.0,47.86626156738322,4.999953073618627,0.41702240245060823,1.0900270882416685,2.3467946149295913,0.10563892426153208,0.09387178459787983
47.886261567383215,9.0,47.886261567383215,4.999953073638661,0.41702240269703195,1.0922269384806258,2.348994395303732,0.10573691447020814,0.0939597758114501
47.90626156738321,9.0,47.90626156738321,4.999953073658703,0.4170224029438828,1.0944267885951235,2.3511941755020622,0.10583490462253843,0.0940477670205165
47.926261567383214,9.0,47.926261567383214,4.999953073678744,0.41702240319083983,1.0966266386937469,2.353393955741234,0.10593289482256336,0.09413575822905289
47.94626156738321,9.0,47.94626156738321,4.99995307369878,0.41702240343969865,1.0988264886840724,2.3555937358333776,0.1060308849814491,0.09422374943380599
47.96626156738321,9.0,47.96626156738321,4.999953073718821,0.41702240368681354,1.1010263386716244,2.3577935159779173,0.1061288751941161,0.09431174063924253
47.98626156738322,9.0,47.98626156738322,4.999953073738857,0.4170224039349777,1.1032261885670396,2.3599932960125747,0.10622686534872071,0.09439973184006731
48.00626156738321,9.0,48.00626156738321,4.999953073758896,0.4170224041830727,1.1054260384104455,2.3621930759924403,0.10632485552458111,0.09448772304001576
48.02626156738321,9.0,48.02626156738321,4.9999530737789355,0.4170224044315792,1.1076258882055559,2.364392855968589,0.106422845703505,0.09457571423789889
48.04626156738321,9.0,48.04626156738321,4.999953073798972,0.41702240468060026,1.1098257379212857,2.366592635823847,0.10652083586618906,0.0946637054337382
48.06626156738321,9.0,48.06626156738321,4.999953073819005,0.41702240492970066,1.112025587606802,2.368792415717468,0.106618826053025,0.09475169662825655
48.086261567383204,9.0,48.086261567383204,4.999953073839045,0.4170224051794529,1.1142254372059772,2.3709921954703246,0.10671681619868015,0.09483968781936072
48.106261567383214,9.0,48.106261567383214,4.999953073859081,0.41702240542936375,1.1164252867746594,2.373191975251102,0.1068148063859025,0.09492767901034745
48.12626156738321,9.0,48.12626156738321,4.999953073879115,0.41702240567884424,1.1186251362830397,2.375391754952509,0.10691279653301047,0.09501567019760002
48.146261567383206,9.0,48.146261567383206,4.999953073899149,0.4170224059289258,1.1208249857370967,2.3775915346092558,0.10701078670642877,0.09510366138501619
48.147261567383204,9.0,48.147261567383204,4.999953073900157,0.41702240594116313,1.1209349782197036,2.3777015236115013,0.10701568615054308,0.09510806094128418
48.16326156738321,9.0,48.16326156738321,4.999953073916188,0.4170224061411611,1.122694857693105,2.379461347225406,0.10709407829260795,0.09517845388899153
48.18326156738321,9.0,48.18326156738321,4.99995307393622,0.41702240639273896,1.124894707087764,2.3816611268504566,0.10719206849882341,0.09526644507370939
48.20326156738321,9.0,48.20326156738321,4.9999530739562505,0.41702240664308887,1.1270945564041592,2.3838609064242977,0.10729005866985117,0.09535443625651656
48.223261567383204,9.0,48.223261567383204,4.999953073976286,0.4170224068944306,1.1292944056279566,2.3860606858649938,0.10738804880144907,0.09544242743538246
48.2432615673832,9.0,48.2432615673832,4.999953073996319,0.41702240714592126,1.1314942548398454,2.3882604653393145,0.10748603896373592,0.09553041861301738
48.263261567383196,9.0,48.263261567383196,4.999953074016354,0.4170224073973923,1.1336941039698076,2.390460244682772,0.1075840290888472,0.09561840978725802
48.28326156738321,9.0,48.28326156738321,4.9999530740363864,0.4170224076498522,1.135893953080429,2.3926600240772085,0.10768201926933771,0.09570640096273891
48.3032615673832,9.0,48.3032615673832,4.999953074056419,0.4170224079018421,1.1380938021179918,2.394859803366476,0.10778000941480659,0.09579439213563858
48.3232615673832,9.0,48.3232615673832,4.999953074076452,0.41702240815455466,1.1402936511254744,2.3970595826685566,0.10787799957200532,0.0958823833069833
48.3432615673832,9.0,48.3432615673832,4.9999530740964815,0.4170224084079635,1.1424935000694199,2.399259361888737,0.107975989687711,0.09597037447439016
48.3632615673832,9.0,48.3632615673832,4.999953074116515,0.4170224086607381,1.1446933489661932,2.4014591410497905,0.10807397983918962,0.09605836564259022
48.383261567383194,9.0,48.383261567383194,4.9999530741365446,0.4170224089134262,1.1468931978418528,2.403658920257864,0.10817197001059303,0.09614635681019414
48.403261567383204,9.0,48.403261567383204,4.999953074156576,0.41702240916754535,1.14909304663416,2.405858699337362,0.10826996011990477,0.09623434797327017
48.4232615673832,9.0,48.4232615673832,4.999953074176605,0.41702240942131474,1.1512928953990615,2.4080584784123453,0.10836795025925493,0.09632233913574995
48.443261567383196,9.0,48.443261567383196,4.999953074196639,0.4170224096756174,1.1534927441130225,2.4102582574454128,0.10846594042252755,0.09641033029911997
48.444261567383194,9.0,48.444261567383194,4.999953074197646,0.41702240968785476,1.1536027366768828,2.410368246606432,0.10847084001364145,0.09641472986000571
48.4602615673832,9.0,48.4602615673832,4.999953074213669,0.4170224098918476,1.1553626153460799,2.4121280694242864,0.1085492318342436,0.09648512277691453
48.4802615673832,9.0,48.4802615673832,4.999953074233696,0.41702241014729446,1.1575624641092825,2.4143278485324142,0.10864722214083102,0.09657311394109223
48.5002615673832,9.0,48.5002615673832,4.9999530742537255,0.41702241040138993,1.1597623127292729,2.416527627531401,0.10874521232219789,0.09666110510119945
48.520261567383194,9.0,48.520261567383194,4.999953074273752,0.41702241065689,1.1619621612663449,2.4187274064128608,0.10884320243264957,0.0967490962566485
48.5402615673832,9.0,48.5402615673832,4.99995307429378,0.4170224109121405,1.1641620097689986,2.420927185267922,0.1089411925624105,0.09683708741107074
48.56026156738319,9.0,48.56026156738319,4.999953074313807,0.4170224111683751,1.1663618582318696,2.423126964104092,0.10903918269343017,0.09692507856397174
48.5802615673832,9.0,48.5802615673832,4.999953074333835,0.41702241142485585,1.168561706653437,2.425326742882414,0.10913717281505775,0.09701306971518905
48.6002615673832,9.0,48.6002615673832,4.99995307435386,0.41702241168060267,1.1707615550424886,2.427526521661686,0.10923516296166651,0.09710106086677606
48.620261567383196,9.0,48.620261567383196,4.999953074373891,0.41702241193794487,1.1729614033738034,2.429726300387744,0.10933315307793473,0.0971890520153548
48.64026156738319,9.0,48.64026156738319,4.999953074393914,0.4170224121945973,1.175161251674094,2.4319260790551613,0.10943114319286804,0.09727704316234075
48.66026156738319,9.0,48.66026156738319,4.999953074413941,0.41702241245175503,1.1773610999597666,2.4341258577667326,0.10952913335204424,0.09736503431103327
48.680261567383184,9.0,48.680261567383184,4.999953074433967,0.41702241270920953,1.1795609481860145,2.4363256364088115,0.10962712345827032,0.09745302545592191
48.700261567383194,9.0,48.700261567383194,4.999953074453993,0.4170224129663049,1.18176079636584,2.438525414988862,0.1097251135637037,0.09754101659919538
48.70126156738319,9.0,48.70126156738319,4.999953074455002,0.4170224129795984,1.1818707887424982,2.438635403869306,0.10973001303024324,0.0975454161548659
48.71726156738319,9.0,48.71726156738319,4.999953074471027,0.4170224131868247,1.1836306673078036,2.4403952268024995,0.10980840519437711,0.0976158090707638
48.737261567383186,9.0,48.737261567383186,4.9999530744910405,0.41702241344528423,1.1858305154022901,2.442595005306731,0.1099063953075518,0.0977038002130906
48.757261567383196,9.0,48.757261567383196,4.999953074511065,0.4170224137032104,1.1880303635240252,2.4447947839075512,0.11000438545773292,0.09779179135622211
48.77726156738319,9.0,48.77726156738319,4.999953074531089,0.4170224139624684,1.1902302115540064,2.4469945623519154,0.11010237552650892,0.09787978249385516
48.79726156738319,9.0,48.79726156738319,4.999953074551115,0.4170224142215573,1.1924300595865882,2.4491943408364953,0.11020036566067332,0.09796777363321507
48.817261567383184,9.0,48.817261567383184,4.999953074571134,0.4170224144812825,1.1946299075637539,2.4513941192744264,0.11029835579472282,0.09805576477238309
48.83726156738319,9.0,48.83726156738319,4.99995307459116,0.41702241474139917,1.196829755523846,2.453593897732987,0.11039634591235171,0.09814375590903639
48.85726156738318,9.0,48.85726156738318,4.999953074611178,0.41702241500151566,1.199029603430355,2.45579367607307,0.11049433599749414,0.09823174704321697
48.87726156738319,9.0,48.87726156738319,4.999953074631203,0.41702241526097694,1.2012294513499917,2.45799345449967,0.11059232615305514,0.09831973818025533
48.89726156738319,9.0,48.89726156738319,4.999953074651225,0.4170224155210396,1.2034292992154,2.460193232851388,0.1106903162510884,0.09840772931382798
48.917261567383186,9.0,48.917261567383186,4.999953074671246,0.4170224157823556,1.2056291470573564,2.4623930111871717,0.11078830636977778,0.09849572044772378
48.93726156738318,9.0,48.93726156738318,4.999953074691265,0.4170224160433872,1.2078289948644558,2.4645927895081825,0.11088629647741524,0.09858371157974913
48.957261567383185,9.0,48.957261567383185,4.999953074711287,0.41702241630593784,1.2100288426215444,2.466792567762268,0.11098428658050363,0.09867170271076042
48.95826156738319,9.0,48.95826156738319,4.9999530747122956,0.4170224163179381,1.2101388350668598,2.4669025567680323,0.11098918615335979,0.09867610226993473
48.97426156738319,9.0,48.97426156738319,4.999953074728313,0.41702241652752103,1.2118987131649113,2.468662379229316,0.11106757811951694,0.09874649516979284
48.994261567383184,9.0,48.994261567383184,4.999953074748324,0.4170224167898044,1.214098560949526,2.470862157555425,0.11116556830347502,0.09883448630232661
49.01426156738318,9.0,49.01426156738318,4.999953074768345,0.4170224170515375,1.216298408670609,2.473061935828148,0.11126355843469507,0.0989224774333313
49.03426156738318,9.0,49.03426156738318,4.999953074788361,0.4170224173142299,1.2184982563535658,2.4752617140458604,0.11136154852474164,0.09901046856125492
49.054261567383186,9.0,49.054261567383186,4.999953074808373,0.4170224175771686,1.2206981040086344,2.477461492234201,0.11145953862840065,0.09909845968896865
49.07426156738318,9.0,49.07426156738318,4.999953074828395,0.4170224178407046,1.2228979516543093,2.479661270445852,0.11155752876926792,0.09918645081856192
49.094261567383185,9.0,49.094261567383185,4.999953074848412,0.4170224181044471,1.2250977992613994,2.4818610486338923,0.11165551886792402,0.0992744419449035
49.11426156738318,9.0,49.11426156738318,4.9999530748684275,0.41702241836780746,1.2272976468435761,2.484060826766633,0.11175350895938854,0.09936243307018647
49.13426156738318,9.0,49.13426156738318,4.999953074888443,0.4170224186316681,1.2294974944327635,2.486260604919929,0.11185149908085203,0.09945042419633918
49.15426156738317,9.0,49.15426156738317,4.999953074908459,0.41702241889633673,1.2316973419938928,2.488460383077754,0.11194948921516139,0.0995384153236392
49.17426156738318,9.0,49.17426156738318,4.999953074928474,0.41702241916079547,1.2338971895308455,2.490660161213114,0.11204747932900422,0.0996264064494651
49.19426156738318,9.0,49.19426156738318,4.999953074948491,0.4170224194257697,1.2360970370506803,2.4928599393369724,0.11214546941189948,0.09971439757216072
49.214261567383176,9.0,49.214261567383176,4.9999530749684995,0.41702241969135034,1.2382968845543565,2.4950597174078077,0.11224345952522224,0.09980238869693618
49.21526156738317,9.0,49.21526156738317,4.999953074969507,0.4170224197043189,1.2384068769182675,2.495169706293778,0.11224835896671195,0.0998067882500918
49.231261567383186,9.0,49.231261567383186,4.999953074985521,0.4170224199172185,1.240166754969468,2.4969295288969335,0.11232675121646062,0.09987718115726141
49.25126156738318,9.0,49.25126156738318,4.999953075005525,0.4170224201831598,1.2423666024098285,2.4991293069432485,0.11242474123731161,0.09996517227719767
49.27126156738318,9.0,49.27126156738318,4.99995307502554,0.4170224204488992,1.2445664498862414,2.5013290850299756,0.11252273135016429,0.10005316340100949
49.291261567383174,9.0,49.291261567383174,4.99995307504555,0.41702242071502504,1.2467662973634055,2.5035288631389685,0.11262072147370951,0.10014115452520463
49.31126156738317,9.0,49.31126156738317,4.999953075065565,0.41702242098236714,1.2489661448032006,2.505728641218366,0.11271871158503383,0.10022914564890374
49.33126156738317,9.0,49.33126156738317,4.999953075085571,0.4170224212493625,1.2511659922494978,2.5079284193204896,0.11281670169759948,0.10031713677211986
49.351261567383176,9.0,49.351261567383176,4.999953075105586,0.4170224215160086,1.2533658396791088,2.510128197389408,0.11291469181225638,0.10040512789593171
49.37126156738317,9.0,49.37126156738317,4.9999530751255925,0.4170224217834501,1.25556568712423,2.5123279755176604,0.11301268194424721,0.10049311902045897
49.391261567383175,9.0,49.391261567383175,4.9999530751456,0.41702242205189616,1.2577655345450391,2.5145277535905026,0.11311067203747775,0.10058111014308788
49.41126156738317,9.0,49.41126156738317,4.999953075165609,0.41702242232055553,1.2599653819598453,2.5167275316801714,0.11320866216965798,0.10066910126796563
49.43126156738317,9.0,49.43126156738317,4.999953075185617,0.41702242258883343,1.2621652293851386,2.5189273098088854,0.11330665230332956,0.10075709239302277
49.45126156738317,9.0,49.45126156738317,4.999953075205626,0.4170224228579191,1.2643650767988361,2.521127087906059,0.11340464240305725,0.10084508351635148
49.47126156738317,9.0,49.47126156738317,4.999953075225632,0.41702242312672894,1.2665649242195858,2.523326866009321,0.11350263252103972,0.10093307464072795
49.47226156738317,9.0,49.47226156738317,4.999953075226638,0.4170224231401517,1.2666749165731883,2.5234368548864676,0.11350753193163671,0.10093747419277699
49.48826156738317,9.0,49.48826156738317,4.999953075242644,0.4170224233562198,1.268434794548328,2.525196677450925,0.1135859241481695,0.10100786709730201
49.50826156738317,9.0,49.50826156738317,4.999953075262643,0.4170224236258661,1.2706346419529293,2.5273964555418447,0.11368391425978394,0.10109585822308524
49.528261567383176,9.0,49.528261567383176,4.999953075282646,0.41702242389432853,1.2728344894230512,2.52959623378112,0.11378190440830485,0.10118384935071538
49.54826156738317,9.0,49.54826156738317,4.999953075302646,0.4170224241655697,1.275034336809515,2.531796011847602,0.11387989446665726,0.10127184047391918
49.56826156738317,9.0,49.56826156738317,4.999953075322654,0.4170224244366803,1.277234184270872,2.533995790039968,0.11397788463134939,0.10135983160237755
49.58826156738317,9.0,49.58826156738317,4.999953075342656,0.41702242470720263,1.2794340317303787,2.5361955682609905,0.11407587475919576,0.10144782272979316
49.60826156738317,9.0,49.60826156738317,4.999953075362657,0.41702242497859343,1.2816338791836592,2.5383953464307942,0.11417386487157931,0.10153581385754175
49.62826156738316,9.0,49.62826156738316,4.999953075382659,0.4170224252497431,1.2838337266810438,2.540595124703339,0.11427185502789029,0.1016238049880337
49.64826156738317,9.0,49.64826156738317,4.99995307540266,0.41702242552181185,1.2860335741703435,2.542794902947061,0.11436984514726496,0.10171179611780379
49.66826156738317,9.0,49.66826156738317,4.9999530754226615,0.41702242579350307,1.2882334216831028,2.5449946812223185,0.11446783527849973,0.10179978724858234
49.688261567383165,9.0,49.688261567383165,4.99995307544266,0.41702242606622225,1.2904332692192544,2.5471944595295652,0.11456582542554973,0.10188777838142793
49.70826156738316,9.0,49.70826156738316,4.9999530754626536,0.417022426339829,1.2926331167579186,2.5493942378579293,0.11466381556242485,0.1019757695144949
49.72826156738316,9.0,49.72826156738316,4.9999530754826536,0.4170224266119855,1.2948329643407925,2.551594016222649,0.1147618057045829,0.10206376064888462
49.72926156738317,9.0,49.72926156738317,4.999953075483659,0.4170224266256311,1.2949429567026949,2.5517040051123776,0.11476670509777283,0.102068160200892
49.74526156738317,9.0,49.74526156738317,4.9999530754996595,0.4170224268450777,1.296702834816152,2.5534638278627355,0.11484509734638583,0.10213855311469011
49.76526156738316,9.0,49.76526156738316,4.999953075519648,0.41702242711817816,1.2989026824245,2.5556636062790345,0.11494308748397533,0.10222654425155234
49.78526156738316,9.0,49.78526156738316,4.999953075539643,0.4170224273926218,1.3011025300738366,2.557863384754288,0.11504107764100659,0.1023145353908678
49.80526156738317,9.0,49.80526156738317,4.999953075559634,0.41702242766693565,1.3033023777424324,2.5600631632285804,0.11513906775432008,0.10240252652803124
49.825261567383166,9.0,49.825261567383166,4.999953075579629,0.41702242794148847,1.3055022254493611,2.562262941719012,0.11523705791879284,0.1024905176698531
49.84526156738316,9.0,49.84526156738316,4.9999530755996195,0.41702242821632396,1.3077020732210844,2.564462720367831,0.11533504811841583,0.10257850881506768
49.86526156738316,9.0,49.86526156738316,4.999953075619613,0.41702242849208043,1.3099019209809835,2.566662498942381,0.11543303823108905,0.10266649995738511
49.88526156738316,9.0,49.88526156738316,4.999953075639605,0.4170224287674091,1.3121017688158245,2.5688622776036807,0.11553102840929755,0.10275449110458482
49.90526156738316,9.0,49.90526156738316,4.999953075659594,0.4170224290437059,1.3143016166922625,2.571062056352095,0.11562901859504661,0.10284248225431705
49.92526156738315,9.0,49.92526156738315,4.999953075679583,0.41702242931905126,1.316501464605181,2.5732618351138528,0.11572700873894864,0.10293047340349436
49.94526156738316,9.0,49.94526156738316,4.99995307569957,0.4170224295955309,1.3187013125655849,2.575461613910151,0.11582499891617257,0.10301846455668998
49.96526156738316,9.0,49.96526156738316,4.999953075719556,0.4170224298726002,1.3209011606005172,2.577661392849602,0.11592298912246288,0.10310645571346466
49.985261567383155,9.0,49.985261567383155,4.99995307573954,0.4170224301495382,1.3231010086438675,2.5798611717501854,0.11602097927374082,0.10319444686977121
50.00526156738316,9.0,50.00526156738316,4.999953075759527,0.41702243042732157,1.325300856773402,2.582060950759163,0.11611896947814652,0.1032824380307385
50.025261567383154,9.0,50.025261567383154,4.999953075779512,0.4170224307053362,1.3275007049613066,2.5842607298573537,0.11621695967503004,0.10337042919382955
50.02626156738316,9.0,50.02626156738316,4.9999530757805175,0.4170224307191866,1.3276106972986572,2.58437071869436,0.11622185922453786,0.10337482875398203
50.04226156738316,9.0,50.04226156738316,4.999953075796501,0.41702243094253766,1.3293705760282553,2.586130542207521,0.11630025142614292,0.10344522168752321
50.06226156738315,9.0,50.06226156738315,4.999953075816478,0.41702243121998084,1.3315704242420896,2.5883303212590176,0.11639824151274289,0.10353321285065709
50.082261567383156,9.0,50.082261567383156,4.999953075836458,0.4170224314988915,1.3337702726336593,2.590530100617506,0.11649623177379971,0.10362120402491379
50.10226156738316,9.0,50.10226156738316,4.999953075856435,0.41702243177725373,1.3359701210401953,2.5927298799058813,0.11659422193047655,0.1037091951962812
50.122261567383156,9.0,50.122261567383156,4.9999530758764115,0.4170224320577812,1.338169969564383,2.5949296593501394,0.11669221216069406,0.10379718637375461
50.14226156738316,9.0,50.14226156738316,4.9999530758963875,0.4170224323372962,1.3403698181550867,2.5971294388693376,0.11679020238997247,0.10388517755502345
50.162261567383155,9.0,50.162261567383155,4.999953075916363,0.41702243261663957,1.342569666836955,2.599329218495526,0.11688819262050663,0.10397316873962156
50.18226156738315,9.0,50.18226156738315,4.9999530759363315,0.4170224328969137,1.3447695155924457,2.601528998188705,0.11698618284191069,0.10406115992717242
50.20226156738315,9.0,50.20226156738315,4.99995307595631,0.4170224331780976,1.3469693644393272,2.6037287779813414,0.11708417308875167,0.10414915111965281
50.22226156738314,9.0,50.22226156738314,4.999953075976281,0.4170224334594905,1.3491692133721103,2.6059285578788374,0.11718216333660349,0.10423714231555783
50.24226156738315,9.0,50.24226156738315,4.99995307599625,0.4170224337406994,1.351369062405684,2.608128337869779,0.11728015358042902,0.10432513351484202
50.26226156738315,9.0,50.26226156738315,4.99995307601622,0.4170224340217111,1.3535689115559035,2.610328117985803,0.11737814383481981,0.10441312471852392
50.282261567383145,9.0,50.282261567383145,4.999953076036187,0.41702243430398245,1.3557687608013642,2.6125278981939033,0.1174761341031818,0.10450111592766638
50.28326156738315,9.0,50.28326156738315,4.999953076037192,0.41702243431789376,1.355878753300818,2.61263788725933,0.11748103379284741,0.10450551549561464
50.299261567383155,9.0,50.299261567383155,4.999953076053167,0.417022434544922,1.3576386327579966,2.6143977115151666,0.11755942583779182,0.10457590846016715
50.31926156738315,9.0,50.31926156738315,4.999953076073124,0.4170224348275148,1.3598384821797014,2.6165974918890873,0.11765741609348788,0.10466389967623613
50.33926156738315,9.0,50.33926156738315,4.999953076093086,0.4170224351102669,1.3620383317695974,2.6187972725169466,0.11775540642431119,0.10475189090045361
50.35926156738314,9.0,50.35926156738314,4.999953076113044,0.41702243539345196,1.3642381814330111,2.620997053151028,0.1178533966869229,0.10483988212635943
50.379261567383146,9.0,50.379261567383146,4.999953076133,0.41702243567700187,1.3664380312673872,2.6231968340034983,0.1179513870126681,0.10492787336005238
50.39926156738315,9.0,50.39926156738315,4.999953076152958,0.417022435960916,1.3686378812163276,2.6253966149530745,0.11804937731856713,0.10501586459838627
50.419261567383145,9.0,50.419261567383145,4.999953076172918,0.4170224362449776,1.3708377313221523,2.6275963960903304,0.11814736763977371,0.10510385584244876
50.43926156738315,9.0,50.43926156738315,4.999953076192868,0.4170224365303565,1.3730375815453792,2.6297961773264915,0.11824535797922035,0.10519184709419568
50.459261567383145,9.0,50.459261567383145,4.999953076212823,0.41702243681522005,1.3752374319427247,2.631995958790545,0.1183433483341247,0.10527983835156096
50.47926156738314,9.0,50.47926156738314,4.999953076232775,0.4170224371001471,1.3774372824610348,2.6341957403301857,0.118441338648955,0.10536782961273318
50.499261567383144,9.0,50.499261567383144,4.99995307625272,0.4170224373869568,1.37963713316351,2.636395522077435,0.11853932902799919,0.10545582088334378
50.51926156738314,9.0,50.51926156738314,4.999953076272668,0.41702243767170577,1.3818369840408424,2.6385953040184473,0.11863731940576933,0.10554381216031962
50.53926156738314,9.0,50.53926156738314,4.999953076292614,0.4170224379587207,1.3840368350655357,2.6407950860883727,0.11873530977884589,0.10563180344394102
50.54026156738314,9.0,50.54026156738314,4.9999530762936155,0.4170224379720946,1.3841468275807416,2.6409050751208833,0.11874020919262977,0.10563620300367017
50.55626156738314,9.0,50.55626156738314,4.999953076309573,0.4170224382031992,1.3859067087087584,2.6426649011702787,0.11881860175116654,0.105706596047508
50.57626156738315,9.0,50.57626156738315,4.999953076329503,0.41702243848924225,1.3881065599868065,2.6448646835059844,0.11891659202299881,0.10579458734046843
50.596261567383145,9.0,50.596261567383145,4.999953076349441,0.41702243877611905,1.3903064115374373,2.6470644661438323,0.11901458242310516,0.10588257864471526
50.61626156738314,9.0,50.61626156738314,4.999953076369381,0.41702243906462516,1.3925062632802359,2.6492642489313654,0.11911257284886627,0.10597056995800565
50.636261567383144,9.0,50.636261567383144,4.99995307638931,0.41702243935176453,1.3947061152858373,2.651464032066251,0.11921056334056412,0.10605856128276148
50.65626156738314,9.0,50.65626156738314,4.999953076409242,0.4170224396404998,1.3969059674398645,2.6536638153131324,0.11930855375943519,0.10614655261229974
50.676261567383136,9.0,50.676261567383136,4.999953076429172,0.41702243992924315,1.399105819835791,2.655863598797349,0.11940654422499129,0.10623454395188929
50.69626156738315,9.0,50.69626156738315,4.999953076449095,0.41702244021863394,1.4013056724726054,2.658063382557062,0.11950453473065933,0.1063225353025746
50.71626156738314,9.0,50.71626156738314,4.999953076469019,0.41702244050780013,1.4035055253295496,2.66026316652849,0.1196025252115116,0.1064105266606598
50.73626156738314,9.0,50.73626156738314,4.999953076488943,0.4170224407981009,1.4057053784342723,2.6624629507544593,0.11970051573205694,0.10649851803037107
50.756261567383135,9.0,50.756261567383135,4.999953076508861,0.41702244108802183,1.4079052317936989,2.664662735253641,0.11979850626351181,0.10658650940993962
50.77626156738313,9.0,50.77626156738313,4.999953076528777,0.4170224413783595,1.4101050854058637,2.666862519998544,0.11989649681330566,0.10667450080076847
50.796261567383134,9.0,50.796261567383134,4.999953076548688,0.4170224416690582,1.412304939295578,2.6690623050400557,0.11999448736933375,0.10676249220129448
50.79726156738314,9.0,50.79726156738314,4.999953076549689,0.41702244168269087,1.4124149319554984,2.6691722942179306,0.11999938677486284,0.10676689176667599
50.81326156738314,9.0,50.81326156738314,4.99995307656562,0.4170224419169747,1.4141748154600695,2.670932122673957,0.12007777947539286,0.10683728490694235
50.83326156738313,9.0,50.83326156738313,4.999953076585521,0.4170224422088083,1.416374669763211,2.673131908132423,0.12017576994885695,0.10692527632515635
50.85326156738313,9.0,50.85326156738313,4.999953076605422,0.4170224424995464,1.41857452444179,2.675331693986468,0.12027376055831637,0.10701326775938967
50.87326156738314,9.0,50.87326156738314,4.999953076625326,0.41702244279213024,1.4207743794353134,2.6775314801286774,0.12037175117265646,0.10710125920454491
50.893261567383135,9.0,50.893261567383135,4.999953076645219,0.4170224430844271,1.4229742347771508,2.6797312666440116,0.12046974184934765,0.1071892506655545
50.91326156738313,9.0,50.91326156738313,4.999953076665116,0.41702244337780375,1.4251740904340655,2.6819310534925584,0.12056773253568853,0.10727724214023826
50.933261567383134,9.0,50.933261567383134,4.9999530766850055,0.417022443671075,1.4273739464198876,2.6841308406723217,0.12066572321385123,0.10736523362669015
50.95326156738313,9.0,50.95326156738313,4.999953076704894,0.4170224439641286,1.4295738027511726,2.686330628180523,0.1207637139122461,0.10745322512697943
50.973261567383126,9.0,50.973261567383126,4.999953076724775,0.417022444258212,1.4317736594596018,2.688530416088297,0.12086170465773498,0.10754121664318118
50.993261567383136,9.0,50.993261567383136,4.999953076744652,0.41702244455291776,1.433973516526634,2.6907302043719965,0.12095969542831944,0.10762920817535408
51.01326156738313,9.0,51.01326156738313,4.99995307676453,0.417022444846986,1.4361733739823137,2.6929299930353534,0.12105768619279289,0.10771719972084015
51.03326156738313,9.0,51.03326156738313,4.9999530767844025,0.4170224451423323,1.4383732318255367,2.6951297820835913,0.12115567699894489,0.10780519128366085
51.05326156738313,9.0,51.05326156738313,4.999953076804274,0.4170224454377136,1.4405730901045313,2.6973295716214962,0.12125366785928049,0.10789318286498388
51.05426156738312,9.0,51.05426156738312,4.99995307680527,0.4170224454524123,1.440683082993245,2.6974395610310906,0.12125856738506938,0.1078975824437202
51.070261567383135,9.0,51.070261567383135,4.999953076821162,0.4170224456896252,1.4424429701309294,2.6991993931933687,0.12133696020938806,0.10796797572825216
51.09026156738313,9.0,51.09026156738313,4.999953076841015,0.41702244598595734,1.4446428290318751,2.7013991833020357,0.121434950912677,0.10805596733255694
51.11026156738313,9.0,51.11026156738313,4.999953076860867,0.41702244628105084,1.4468426885110655,2.703598974067908,0.12153294184022563,0.10814395896226156
51.13026156738313,9.0,51.13026156738313,4.999953076880719,0.4170224465781976,1.4490425484389646,2.7057987651998925,0.12163093273725302,0.10823195060735501
51.150261567383126,9.0,51.150261567383126,4.999953076900565,0.4170224468765039,1.4512424088737363,2.70799855689268,0.12172892374262727,0.10831994227651728
51.17026156738313,9.0,51.17026156738313,4.99995307692041,0.41702244717297493,1.4534422698192122,2.7101983491225856,0.12182691474808041,0.10840793396459225
51.19026156738313,9.0,51.19026156738313,4.999953076940242,0.41702244747097755,1.4556421312341992,2.7123981417882534,0.12192490575649947,0.10849592567254923
51.21026156738313,9.0,51.21026156738313,4.9999530769600735,0.41702244776915737,1.4578419931982967,2.7145979350472467,0.1220228968116236,0.10858391740129487
51.230261567383124,9.0,51.230261567383124,4.999953076979902,0.41702244806800814,1.4600418556695023,2.7167977287706337,0.12212088787015687,0.10867190915051943
51.25026156738312,9.0,51.25026156738312,4.999953076999723,0.4170224483666615,1.4622417187313919,2.7189975231311747,0.12221887901518462,0.10875990092491397
51.270261567383116,9.0,51.270261567383116,4.999953077019535,0.417022448666448,1.464441582342562,2.7211973180327886,0.12231687016935293,0.10884789272178572
51.290261567383126,9.0,51.290261567383126,4.999953077039346,0.41702244896606133,1.4666414465567628,2.7233971135541157,0.1224148613603678,0.10893588454216399
51.31026156738312,9.0,51.31026156738312,4.999953077059148,0.417022449266445,1.46884131135991,2.725596909658176,0.12251285256559107,0.10902387638566907
51.31126156738312,9.0,51.31126156738312,4.9999530770601455,0.41702244928068977,1.468951304526666,2.7257068993013087,0.12251775213607942,0.10902827597921393
51.32726156738313,9.0,51.32726156738313,4.999953077075987,0.41702244952258616,1.470711197299093,2.7274667372679344,0.12259614547722912,0.10909866949121812
51.34726156738313,9.0,51.34726156738313,4.999953077095771,0.41702244982215764,1.4729110630049285,2.7296665342534707,0.12269413640652913,0.10918666136918859
51.367261567383125,9.0,51.367261567383125,4.999953077115556,0.41702245012382,1.4751109295731133,2.731866332126666,0.12279212772653166,0.10927465328550706
51.38726156738312,9.0,51.38726156738312,4.999953077135335,0.41702245042485736,1.4773107969133172,2.734066130802145,0.12289011915282297,0.1093626452325681
51.40726156738312,9.0,51.40726156738312,4.999953077155105,0.41702245072727384,1.479510664943047,2.7362659301645627,0.12298811056628284,0.10945063720620576
51.42726156738312,9.0,51.42726156738312,4.99995307717487,0.417022451029018,1.4817105336947622,2.738465730243563,0.12308610202941044,0.10953862921017066
51.447261567383116,9.0,51.447261567383116,4.999953077194632,0.4170224513318257,1.483910403206202,2.7406655311135872,0.12318409354033183,0.10962662124419653
51.46726156738312,9.0,51.46726156738312,4.99995307721438,0.4170224516351013,1.4861102734685303,2.742865332725692,0.12328208507706158,0.10971461330843245
51.48726156738312,9.0,51.48726156738312,4.999953077234123,0.41702245193854076,1.488310144514891,2.7450651351284794,0.12338007667977148,0.10980260540557261
51.50726156738312,9.0,51.50726156738312,4.999953077253856,0.41702245224209866,1.4905100163916591,2.747264938379478,0.123478068337015,0.10989059753564069
51.527261567383114,9.0,51.527261567383114,4.999953077273585,0.4170224525460832,1.4927098890960275,2.7494647424624756,0.12357606001509279,0.10997858969770724
51.54726156738312,9.0,51.54726156738312,4.9999530772933065,0.4170224528513738,1.4949097626477061,2.7516645473637986,0.12367405173931952,0.11006658189402313
51.56726156738311,9.0,51.56726156738311,4.999953077313017,0.41702245315587816,1.4971096371092196,2.7538643532219194,0.12377204357061355,0.11015457412926216
51.56826156738312,9.0,51.56826156738312,4.999953077314006,0.4170224531708635,1.4972196308745285,2.7539743435215884,0.12377694315599896,0.11015897374145234
51.584261567383116,9.0,51.584261567383116,4.999953077329767,0.4170224534166668,1.4989795314675762,2.755734189285079,0.1238553368771484,0.11022936757205332
51.60426156738311,9.0,51.60426156738311,4.99995307734946,0.4170224537220844,1.501179407349709,2.7579339965565874,0.12395332846620873,0.1103173598617473
51.62426156738312,9.0,51.62426156738312,4.999953077369142,0.4170224540273319,1.5033792843695524,2.7601338049578428,0.12405132041373337,0.11040535219908754
51.64426156738312,9.0,51.64426156738312,4.9999530773888194,0.41702245433306717,1.5055791624820456,2.7623336144960877,0.12414931247759314,0.11049334457912485
51.664261567383114,9.0,51.664261567383114,4.999953077408481,0.4170224546405641,1.5077790415918293,2.7645334249802307,0.12424730455254797,0.11058133699996076
51.68426156738312,9.0,51.68426156738312,4.999953077428141,0.41702245494747386,1.509978921794434,2.766733236639293,0.124345296724748,0.11066932946536863
51.704261567383114,9.0,51.704261567383114,4.999953077447786,0.41702245525551596,1.5121788030039287,2.768933049255973,0.12444328888015091,0.11075732197034109
51.72426156738311,9.0,51.72426156738311,4.999953077467425,0.4170224555635364,1.5143786853501102,2.7711328630297407,0.1245412811583553,0.11084531452225063
51.744261567383106,9.0,51.744261567383106,4.999953077487046,0.417022455871291,1.516578568845095,2.7733326779826064,0.12463927348750668,0.1109333071188352
51.764261567383116,9.0,51.764261567383116,4.999953077506659,0.41702245618045564,1.518778453472143,2.7755324940230945,0.12473726585214935,0.11102129976083078
51.78426156738311,9.0,51.78426156738311,4.999953077526259,0.4170224564897544,1.520978339334428,2.7777323113457544,0.12483525834724672,0.11110929245421139
51.80426156738311,9.0,51.80426156738311,4.999953077545855,0.41702245679855343,1.5231782264174525,2.7799321298917916,0.12493325087263792,0.11119728519504511
51.824261567383104,9.0,51.824261567383104,4.999953077565428,0.4170224571093265,1.5253781147502705,2.7821319496683454,0.12503124347575337,0.11128527798726187
51.82526156738311,9.0,51.82526156738311,4.999953077566416,0.417022457124358,1.5254881093426742,2.782241940852196,0.12503614324790177,0.11128967763374355
51.841261567383114,9.0,51.841261567383114,4.999953077582071,0.41702245737285343,1.527248021290576,2.7840017979689864,0.125114537449235,0.11136007191842615
51.86126156738311,9.0,51.86126156738311,4.999953077601617,0.4170224576838939,1.529447911772416,2.78620161990528,0.12521252991415457,0.11144806479680033
51.881261567383106,9.0,51.881261567383106,4.999953077621155,0.4170224579941653,1.5316478037964236,2.788401443448209,0.12531052276442523,0.1115360577379692
51.9012615673831,9.0,51.9012615673831,4.9999530776406855,0.4170224583060073,1.5338476973020634,2.790601268401541,0.12540851568879594,0.11162405073542236
51.92126156738311,9.0,51.92126156738311,4.999953077660197,0.41702245861827997,1.5360475922896157,2.7928010948680937,0.12550650873217767,0.11171204379507334
51.94126156738311,9.0,51.94126156738311,4.9999530776797,0.4170224589301426,1.5382474887632251,2.795000922861866,0.12560450182885421,0.1118000369139158
51.961261567383104,9.0,51.961261567383104,4.999953077699182,0.4170224592428401,1.5404473867249466,2.797200752306602,0.12570249496739017,0.11188803009181611
51.98126156738311,9.0,51.98126156738311,4.99995307771865,0.4170224595559957,1.5426472862483862,2.7994005833461726,0.12580048823591558,0.11197602333413523
52.001261567383104,9.0,52.001261567383104,4.999953077738108,0.4170224598702298,1.5448471873563965,2.801600415973823,0.12589848156355093,0.11206401663806542
52.0212615673831,9.0,52.0212615673831,4.999953077757547,0.41702246018290623,1.5470470901067146,2.8038002502134423,0.1259964750060724,0.11215201000926138
52.0412615673831,9.0,52.0412615673831,4.999953077776969,0.41702246049764363,1.549246994563248,2.8060000862414123,0.1260944685722183,0.1122400034492496
52.061261567383106,9.0,52.061261567383106,4.999953077796372,0.4170224608126179,1.551446900680498,2.8081999238556197,0.12619246215718788,0.11232799695419012
52.0812615673831,9.0,52.0812615673831,4.999953077815757,0.4170224611271735,1.553646808603489,2.810399763324113,0.1262904559139114,0.11241599053297181
52.101261567383105,9.0,52.101261567383105,4.999953077835131,0.4170224614431117,1.5558467183135523,2.812599604572625,0.1263884497408973,0.11250398418278254
52.1212615673831,9.0,52.1212615673831,4.9999530778544825,0.41702246175904,1.558046629866245,2.814799447657868,0.12648644366565928,0.11259197790592194
52.1412615673831,9.0,52.1412615673831,4.9999530778738155,0.41702246207467636,1.5602465433350294,2.816999292679019,0.1265844377390601,0.11267997170792919
52.16126156738309,9.0,52.16126156738309,4.999953077893127,0.41702246239151386,1.5624464587425313,2.819199139677951,0.12668243189738257,0.11276796558647549
52.1812615673831,9.0,52.1812615673831,4.999953077912423,0.41702246270896587,1.5646463760999516,2.821398988567107,0.12678042612876628,0.11285595954260023
52.2012615673831,9.0,52.2012615673831,4.999953077931692,0.4170224630267775,1.5668462955285574,2.823598839576647,0.12687842052974801,0.11294395358248896
52.221261567383095,9.0,52.221261567383095,4.999953077950943,0.41702246334472937,1.5690462170071924,2.825798692628241,0.12697641503649257,0.11303194770628208
52.24126156738309,9.0,52.24126156738309,4.999953077970178,0.4170224636629129,1.5712461406370026,2.8279985478585776,0.1270744096480833,0.11311994191359759
52.261261567383094,9.0,52.261261567383094,4.999953077989387,0.41702246398185705,1.5734460664138434,2.830198405181102,0.12717240435334978,0.11320793620684025
52.28126156738309,9.0,52.28126156738309,4.999953078008569,0.41702246430157053,1.5756459944473546,2.8323982648333996,0.1272703992594855,0.11329593059369723
52.30126156738309,9.0,52.30126156738309,4.999953078027736,0.4170224646208063,1.5778459247326766,2.8345981267236566,0.12736839423595836,0.11338392506902432
52.3212615673831,9.0,52.3212615673831,4.999953078046879,0.4170224649406899,1.5800458573556075,2.8367979909437815,0.12746638933711013,0.11347191963680482
52.34126156738309,9.0,52.34126156738309,4.999953078065989,0.41702246526057773,1.5822457923505389,2.838997857522438,0.12756438459124195,0.11355991430141155
52.36126156738309,9.0,52.36126156738309,4.999953078085084,0.4170224655820707,1.5844457297905201,2.8411977266146256,0.12766238000781038,0.11364790906501966
52.38126156738309,9.0,52.38126156738309,4.999953078104143,0.4170224659028461,1.5866456696802604,2.8433975981170794,0.12776037548176855,0.1137359039233325
52.40126156738309,9.0,52.40126156738309,4.999953078123185,0.4170224662252682,1.58884561209556,2.8455974721312045,0.1278583711546541,0.11382389888681899
52.421261567383084,9.0,52.421261567383084,4.999953078142195,0.4170224665473059,1.591045557129194,2.8477973488449067,0.1279563669702078,0.1139118939527243
52.441261567383094,9.0,52.441261567383094,4.999953078161177,0.41702246686942734,1.5932455047510519,2.8499972280483195,0.12805436287920705,0.11399988912273211
52.46126156738309,9.0,52.46126156738309,4.9999530781801305,0.41702246719222913,1.5954454551081256,2.8521971100986176,0.12815235901042488,0.11408788440369323
52.481261567383086,9.0,52.481261567383086,4.999953078199057,0.4170224675164427,1.5976454081470115,2.854396994754766,0.12825035520454411,0.1141758797903054
52.50126156738308,9.0,52.50126156738308,4.999953078217953,0.41702246784024743,1.5998453640135075,2.856596882286017,0.12834835161148558,0.11426387529136822
52.52126156738309,9.0,52.52126156738309,4.999953078236816,0.41702246816418387,1.6020453227115221,2.8587967726408783,0.12844634814534617,0.1143518709053342
52.541261567383096,9.0,52.541261567383096,4.99995307825565,0.4170224684888444,1.6042452843070922,2.8609966658988877,0.1285443448487151,0.11443986663634384
52.561261567383106,9.0,52.561261567383106,4.999953078274458,0.4170224688135847,1.6064452488564538,2.8631965621398305,0.12864234171255,0.11452786248567581
52.58126156738311,9.0,52.58126156738311,4.999953078293222,0.417022469138847,1.6086452163874811,2.8653964613287832,0.12874033869353982,0.11461585845241226
52.60126156738312,9.0,52.60126156738312,4.999953078311957,0.41702246946477806,1.6108451869825005,2.867596363592871,0.1288383358842317,0.1147038545441391
52.62126156738312,9.0,52.62126156738312,4.999953078330658,0.41702246979222446,1.6130451606875127,2.869796269009493,0.1289363332480089,0.11479185076098279
52.64126156738313,9.0,52.64126156738313,4.999953078349325,0.41702247011889126,1.6152451375233856,2.871996177543693,0.12903433073892379,0.11487984710219325
52.661261567383136,9.0,52.661261567383136,4.99995307836795,0.4170224704462453,1.6174451175737194,2.8741960892743985,0.1291323284030744,0.11496784357149967
52.68126156738313,9.0,52.68126156738313,4.9999530783865485,0.4170224707741903,1.619645100891999,2.8763960043078067,0.1292303262492549,0.11505584017152176
52.70126156738314,9.0,52.70126156738314,4.999953078405096,0.4170224711023722,1.6218450875039736,2.8785959226025932,0.1293283242667117,0.1151438369048335
52.72126156738315,9.0,52.72126156738315,4.999953078423612,0.4170224714308616,1.6240450774898687,2.880795844339995,0.12942632248408378,0.11523183377370487
52.741261567383155,9.0,52.741261567383155,4.999953078442088,0.4170224717593793,1.6262450708427096,2.882995769393861,0.1295243208165723,0.11531983077567091
52.76126156738316,9.0,52.76126156738316,4.999953078460521,0.41702247208887744,1.6284450676712618,2.8851956979458815,0.12962231936920535,0.1154078279175877
52.78126156738317,9.0,52.78126156738317,4.999953078478916,0.4170224724189473,1.6306450679838804,2.8873956299889256,0.12972031810692855,0.11549582520054971
52.80126156738318,9.0,52.80126156738318,4.999953078497267,0.4170224727490388,1.6328450718515302,2.889595565614039,0.1298183170156362,0.11558382262452152
52.82126156738318,9.0,52.82126156738318,4.9999530785155715,0.4170224730802682,1.6350450792784645,2.891795504776531,0.1299163160758753,0.11567182019050268
52.841261567383185,9.0,52.841261567383185,4.999953078533833,0.4170224734117033,1.6372450903345863,2.8939954475649734,0.13001431534526645,0.11575981790284835
52.861261567383195,9.0,52.861261567383195,4.999953078552055,0.4170224737432462,1.6394451050726053,2.8961953940680893,0.1301123148007411,0.1158478157616889
52.881261567383206,9.0,52.881261567383206,4.999953078570223,0.41702247407469833,1.6416451234947482,2.89839534422235,0.13021031443805578,0.1159358137697664
52.90126156738321,9.0,52.90126156738321,4.99995307858835,0.41702247440717843,1.6438451457034209,2.9005952982427687,0.130308314299954,0.11602381192980307
52.92126156738321,9.0,52.92126156738321,4.999953078606424,0.41702247474030724,1.6460451716364888,2.902795255923982,0.13040631426685098,0.11611181023711051
52.94126156738322,9.0,52.94126156738322,4.999953078624452,0.4170224750734769,1.6482452014208255,2.9049952174799025,0.13050431446924404,0.11619980869879383
52.96126156738323,9.0,52.96126156738323,4.999953078642429,0.41702247540777526,1.6504452350388474,2.9071951828659603,0.1306023148515786,0.11628780731445995
52.981261567383235,9.0,52.981261567383235,4.999953078660354,0.41702247574267864,1.652645272543711,2.9093951521685355,0.13070031543563884,0.1163758060862642
53.00126156738323,9.0,53.00126156738323,4.999953078678228,0.41702247607650167,1.6548453139371255,2.9115951253495576,0.1307983162035119,0.11646380501494882
53.02126156738324,9.0,53.02126156738324,4.999953078696049,0.4170224764119602,1.657045359277738,2.91379510250666,0.130896317161434,0.11655180410063866
53.041261567383245,9.0,53.041261567383245,4.999953078713813,0.4170224767474074,1.659245408566316,2.915995083601929,0.13099431829039943,0.11663980334413256
53.061261567383255,9.0,53.061261567383255,4.999953078731524,0.41702247708403134,1.6614454618208685,2.918195068646562,0.1310923195872307,0.11672780274487352
53.08126156738326,9.0,53.08126156738326,4.999953078749178,0.41702247742029164,1.6636455190810693,2.9203950576962407,0.13119032111481915,0.11681580230824117
53.10126156738327,9.0,53.10126156738327,4.999953078766773,0.4170224777573158,1.6658455803654264,2.922595050837572,0.1312883228442606,0.11690380203332851
53.12126156738327,9.0,53.12126156738327,4.999953078784315,0.4170224780948564,1.6680456456456967,2.9247950479104454,0.13138632469178985,0.11699180191592941
53.14126156738328,9.0,53.14126156738328,4.9999530788017905,0.4170224784328957,1.670245714994883,2.9269950491005896,0.1314843267982072,0.11707980196435389
53.161261567383285,9.0,53.161261567383285,4.9999530788192095,0.4170224787720942,1.6724457883378645,2.9291950542993024,0.13158232905320605,0.11716780217304378
53.181261567383295,9.0,53.181261567383295,4.999953078836568,0.4170224791110177,1.6746458657391048,2.9313950635317783,0.1316803314641417,0.11725580254100475
53.2012615673833,9.0,53.2012615673833,4.999953078853861,0.4170224794496,1.6768459472030723,2.9335950768144525,0.13177833408826817,0.11734380307306118
53.22126156738331,9.0,53.22126156738331,4.999953078871092,0.4170224797887654,1.6790460327332606,2.9357950942219704,0.13187633691702938,0.11743180376899127
53.24126156738331,9.0,53.24126156738331,4.999953078888258,0.417022480129283,1.6812461222705808,2.937995115610501,0.13197433987563317,0.11751980462470794
53.26126156738332,9.0,53.26126156738332,4.9999530789053575,0.41702248046978657,1.683446215845447,2.9401951410431053,0.13207234302990997,0.11760780564249707
53.281261567383325,9.0,53.281261567383325,4.999953078922389,0.4170224808108652,1.685646313436826,2.942395170511299,0.13217034635075853,0.11769580682043827
53.301261567383335,9.0,53.301261567383335,4.999953078939357,0.4170224811526597,1.6878464150371326,2.944595203967796,0.13226834983796712,0.11778380815862133
53.32126156738333,9.0,53.32126156738333,4.999953078956254,0.4170224814951539,1.6900465206170818,2.9467952414375036,0.13236635351409184,0.11787180965769077
53.34126156738334,9.0,53.34126156738334,4.999953078973079,0.41702248183700813,1.69224663016426,2.9489952828638626,0.1324643573487161,0.11795981131535213
53.361261567383345,9.0,53.361261567383345,4.999953078989828,0.4170224821812567,1.6944467436389934,2.951195328248227,0.13256236133902674,0.11804781312997303
53.38126156738335,9.0,53.38126156738335,4.999953079006516,0.4170224825239216,1.696646861019389,2.953395377492221,0.13266036547055185,0.11813581509992122
53.40126156738336,9.0,53.40126156738336,4.999953079023126,0.4170224828674633,1.6988469823028045,2.9555954306884074,0.1327583698078407,0.1182238172278944
53.42126156738337,9.0,53.42126156738337,4.99995307903966,0.4170224832119994,1.7010471073876605,2.957795487687705,0.13285637425567193,0.11831181950755791
53.44126156738337,9.0,53.44126156738337,4.999953079056122,0.4170224835565961,1.7032472362847049,2.9599955484776173,0.1329543788513038,0.11839982193868195
53.461261567383374,9.0,53.461261567383374,4.999953079072507,0.4170224839022854,1.7054473689416576,2.9621956130504725,0.13305238362688898,0.1184878245224925
53.481261567383385,9.0,53.481261567383385,4.999953079088818,0.4170224842478585,1.707647505305316,2.9643956813575323,0.1331503885222915,0.11857582725340965
53.501261567383395,9.0,53.501261567383395,4.999953079105047,0.4170224845938217,1.7098476452942826,2.9665957532432046,0.13324839354608248,0.11866383013079551
53.5212615673834,9.0,53.5212615673834,4.999953079121199,0.4170224849402769,1.7120477889270493,2.9687958288439176,0.1333463987473582,0.11875183315413419
53.5412615673834,9.0,53.5412615673834,4.999953079137271,0.4170224852876161,1.7142479360623901,2.9709959079096198,0.1334444040073039,0.1188398363157485
53.56126156738341,9.0,53.56126156738341,4.999953079153263,0.4170224856351693,1.716448086691242,2.973195990441949,0.13354240941771123,0.11892783961757417
53.58126156738342,9.0,53.58126156738342,4.999953079169172,0.4170224859842412,1.7186482407576569,2.975396076485888,0.1336404150111834,0.11901584306047187
53.601261567383425,9.0,53.601261567383425,4.999953079184996,0.41702248633147593,1.7208483981610374,2.977596165861793,0.1337384206615812,0.11910384663475652
53.62126156738343,9.0,53.62126156738343,4.999953079200745,0.4170224866804341,1.723048558839241,2.979796258479012,0.1338364264110745,0.11919185033955393
53.64126156738343,9.0,53.64126156738343,4.999953079216407,0.4170224870308678,1.7252487227107802,2.981996354326377,0.13393443228894708,0.11927985417340044
53.661261567383434,9.0,53.661261567383434,4.999953079231983,0.4170224873806203,1.7274488897162117,2.984196453286263,0.13403243825561137,0.11936785813164962
53.681261567383444,9.0,53.681261567383444,4.999953079247472,0.41702248773096473,1.7296490597732692,2.986396555330753,0.13413044433578003,0.11945586221304072
53.70126156738345,9.0,53.70126156738345,4.999953079262875,0.41702248808165965,1.7318492327869361,2.9885966603101224,0.1342284505022229,0.11954386641358404
53.72126156738346,9.0,53.72126156738346,4.999953079278194,0.41702248843313106,1.7340494086925224,2.9907967682369057,0.13432645676886162,0.1196318707300301
53.74126156738346,9.0,53.74126156738346,4.999953079293428,0.4170224887848335,1.7362495873725317,2.9929968788883676,0.13442446305271075,0.11971987515445395
53.76126156738347,9.0,53.76126156738347,4.999953079308564,0.4170224891369724,1.738449768752217,2.9951969922406336,0.1345224694669543,0.11980787969030222
53.781261567383474,9.0,53.781261567383474,4.999953079323617,0.417022489490106,1.7406499527514043,2.997397108281461,0.13462047596848806,0.11989588433144009
53.801261567383484,9.0,53.801261567383484,4.999953079338579,0.41702248984309526,1.7428501392325768,2.999597226751265,0.13471848247649162,0.11998388907031272
53.82126156738349,9.0,53.82126156738349,4.99995307935345,0.41702249019676,1.745050328155916,3.0017973476977393,0.1348164890879544,0.12007189390798174
53.8412615673835,9.0,53.8412615673835,4.9999530793682325,0.41702249055121804,1.7472505193755692,3.0039974709332182,0.13491449572591702,0.12015989883707284
53.8612615673835,9.0,53.8612615673835,4.999953079382922,0.4170224909055756,1.749450712823451,3.006197596390926,0.13501250243123206,0.12024790385605379
53.88126156738351,9.0,53.88126156738351,4.999953079397517,0.4170224912606547,1.7516509083828307,3.0083977240044657,0.13511050919468848,0.1203359089608724
53.901261567383514,9.0,53.901261567383514,4.999953079412024,0.4170224916165776,1.753851105929186,3.010597853579914,0.1352085159579602,0.12042391414406703
53.921261567383524,9.0,53.921261567383524,4.9999530794264375,0.4170224919730391,1.7560513053933815,3.0127979850927047,0.1353065227676407,0.12051191940370329
53.92226156738352,9.0,53.92226156738352,4.999953079427161,0.4170224919901318,1.7561613154573368,3.012907991637351,0.13531142310063393,0.12051631966836002
53.93826156738352,9.0,53.93826156738352,4.9999530794386216,0.4170224922763498,1.7579214770685945,3.0146680990671193,0.13538982906368566,0.12058672396306276
53.95826156738352,9.0,53.95826156738352,4.999953079452853,0.4170224926339511,1.7601216792222774,3.016868233221792,0.13548783531120126,0.12067472932892229
53.978261567383534,9.0,53.978261567383534,4.999953079466997,0.4170224929907117,1.7623218833816114,3.019068369417855,0.13558584220161876,0.12076273477771195
53.99826156738354,9.0,53.99826156738354,4.999953079481049,0.41702249334865865,1.76452208919834,3.021268507302105,0.135683849184784,0.12085074029176028
54.01826156738355,9.0,54.01826156738355,4.999953079495001,0.4170224937065581,1.7667222963832763,3.023468646541626,0.13578185610199645,0.12093874586146372
54.03826156738355,9.0,54.03826156738355,4.999953079508865,0.41702249406654635,1.7689225048469113,3.025668787077986,0.13587986302630325,0.12102675148431692
54.05826156738356,9.0,54.05826156738356,4.99995307952263,0.4170224944259026,1.7711227144867014,3.0278689288173326,0.13597786992528785,0.12111475715275834
54.078261567383564,9.0,54.078261567383564,4.999953079536298,0.41702249478522546,1.7733229251681237,3.03006907156314,0.13607587679292055,0.12120276286257588
54.098261567383574,9.0,54.098261567383574,4.999953079549874,0.4170224951460088,1.7755231368117244,3.0322692152941015,0.136173883696159,0.12129076861322592
54.11826156738358,9.0,54.11826156738358,4.999953079563349,0.4170224955068065,1.7777233493060691,3.034469359904358,0.13627189055813047,0.1213787743959608
54.13826156738359,9.0,54.13826156738359,4.9999530795767315,0.41702249586872814,1.779923562509806,3.0366695051771644,0.13636989737943614,0.12146678020765755
54.15826156738359,9.0,54.15826156738359,4.999953079590016,0.4170224962299674,1.7821237763745361,3.038869651159338,0.13646790421606733,0.12155478604630458
54.1782615673836,9.0,54.1782615673836,4.999953079603207,0.4170224965930484,1.784323990739818,3.0410697976319176,0.13656591101086366,0.12164279190645637
54.1792615673836,9.0,54.1792615673836,4.999953079603868,0.4170224966114369,1.78443400158065,3.0411798051104406,0.13657081138726018,0.12164719220093824
54.1952615673836,9.0,54.1952615673836,4.999953079614348,0.4170224969013988,1.7861941732977982,3.042939922469459,0.13664921668276012,0.12171759689994374
54.2152615673836,9.0,54.2152615673836,4.999953079627354,0.417022497264803,1.788394388359228,3.045140069671304,0.13674722343189172,0.12180560278697623
54.23526156738361,9.0,54.23526156738361,4.999953079640267,0.4170224976277002,1.7905946036522646,3.047340217100341,0.1368452301519423,0.12189360868469765
54.25526156738361,9.0,54.25526156738361,4.9999530796530856,0.4170224979926564,1.7927948190725365,3.0495403646460466,0.1369432367854805,0.12198161458564087
54.27526156738362,9.0,54.27526156738362,4.999953079665807,0.41702249835778205,1.794995034516553,3.051740512211708,0.13704124337959567,0.12206962048900617
54.295261567383626,9.0,54.295261567383626,4.9999530796784315,0.4170224987236773,1.7971952498881527,3.0539406597367122,0.1371392499277498,0.12215762639001447
54.31526156738364,9.0,54.31526156738364,4.999953079690958,0.4170224990884269,1.7993954650945265,3.0561408070970097,0.1372372563994874,0.12224563228335343
54.33526156738364,9.0,54.33526156738364,4.999953079703389,0.41702249945585107,1.8015956800190698,3.058340954144611,0.13733526280826408,0.12233363816619383
54.35526156738365,9.0,54.35526156738365,4.999953079715728,0.41702249982203476,1.8037958946187285,3.0605411009265264,0.1374332692047772,0.1224216440377169
54.37526156738365,9.0,54.37526156738365,4.999953079727969,0.4170225001897845,1.8059961087398924,3.0627412472164757,0.1375312754805276,0.12250964988871811
54.39526156738366,9.0,54.39526156738366,4.999953079740112,0.4170225005574344,1.8081963223323598,3.0649413929579454,0.13762928170069952,0.1225976557188487
54.415261567383666,9.0,54.415261567383666,4.999953079752161,0.41702250092612925,1.8103965352997888,3.067141538109933,0.13772728786515268,0.12268566152475426
54.43526156738368,9.0,54.43526156738368,4.999953079764114,0.4170225012946049,1.8125967475611384,3.0693416825451774,0.13782529394532178,0.12277366730220499
54.436261567383674,9.0,54.436261567383674,4.9999530797647145,0.41702250131343777,1.8127067581115386,3.069451689699353,0.13783019409536515,0.12277806758377575
54.45226156738368,9.0,54.45226156738368,4.999953079774207,0.41702250160926185,1.814466926965607,3.0712118042918144,0.13790859881652506,0.12284847217159993
54.472261567383676,9.0,54.472261567383676,4.999953079785978,0.4170225019791795,1.8166671379690982,3.073411947482113,0.13800660505674645,0.12293647790028192
54.492261567383686,9.0,54.492261567383686,4.999953079797663,0.4170225023495375,1.8188673478752255,3.07561208962694,0.1381046109442645,0.12302448358513467
54.51226156738369,9.0,54.51226156738369,4.999953079809254,0.4170225027203789,1.8210675566392798,3.0778122305432607,0.1382026166346216,0.12311248922314287
54.5322615673837,9.0,54.5322615673837,4.9999530798207505,0.41702250309190664,1.8232677643254622,3.0800123704692153,0.1383006223179937,0.12320049481863796
54.5522615673837,9.0,54.5522615673837,4.999953079832149,0.4170225034637711,1.8254679708213937,3.082212509142192,0.13839862789150617,0.12328850036633524
54.57226156738371,9.0,54.57226156738371,4.9999530798434595,0.4170225038363149,1.827668176112708,3.0844126466595374,0.1384966334201197,0.12337650586646438
54.592261567383716,9.0,54.592261567383716,4.999953079854676,0.41702250420902043,1.8298683800984221,3.086612782861169,0.138594638830461,0.12346451131382738
54.612261567383726,9.0,54.612261567383726,4.999953079865797,0.4170225045839154,1.8320685826992729,3.0888129176717967,0.13869264414447524,0.12355251670651454
54.63226156738373,9.0,54.63226156738373,4.9999530798768355,0.41702250495694093,1.834268783906695,3.091013051107972,0.13879064941649044,0.12364052204585031
54.65226156738374,9.0,54.65226156738374,4.999953079887777,0.4170225053314721,1.8364689836213501,3.0932131831031873,0.13888865455675015,0.1237285273238928
54.67226156738374,9.0,54.67226156738374,4.999953079898626,0.4170225057076303,1.8386691817544818,3.095413313428012,0.1389866595539129,0.12381653253799782
54.69226156738375,9.0,54.69226156738375,4.999953079909383,0.41702250608301633,1.8408693783384102,3.0976134422820643,0.13908466452476523,0.12390453769125183
54.712261567383756,9.0,54.712261567383756,4.999953079920052,0.4170225064589536,1.8430695732499494,3.099813569426934,0.1391826693631608,0.12399254277813711
54.732261567383766,9.0,54.732261567383766,4.999953079930633,0.4170225068360286,1.8452697664696558,3.102013694924115,0.1392806741128971,0.12408054779734197
54.733261567383764,9.0,54.733261567383764,4.999953079931166,0.4170225068540325,1.8453797759321389,3.102123700973071,0.13928557404500627,0.12408494803371367
54.74926156738376,9.0,54.74926156738376,4.999953079939563,0.41702250715737144,1.8471399286241306,3.1038837995010806,0.1393639777059835,0.12415535198032203
54.769261567383765,9.0,54.769261567383765,4.999953079949975,0.41702250753485387,1.849340119052471,3.1060839221509644,0.13946198271854293,0.1242433568863201
54.789261567383775,9.0,54.789261567383775,4.999953079960301,0.4170225079127305,1.8515403073859855,3.108284042789567,0.13955998721972346,0.12433136171208571
54.80926156738378,9.0,54.80926156738378,4.999953079970545,0.4170225082921075,1.8537404936376605,3.1104841613119705,0.1396579914500156,0.12441936645348856
54.82926156738379,9.0,54.82926156738379,4.999953079980697,0.4170225086707116,1.8559406779746592,3.112684277932955,0.13975599563900235,0.12450737111701876
54.84926156738379,9.0,54.84926156738379,4.9999530799907665,0.4170225090505266,1.85814086035474,3.1148843925803726,0.13985399976079427,0.12459537570325747
54.8692615673838,9.0,54.8692615673838,4.99995308000075,0.4170225094320645,1.8603410407625316,3.117084505277539,0.139952003809803,0.12468338021168736
54.889261567383805,9.0,54.889261567383805,4.999953080010647,0.4170225098128131,1.8625412191628024,3.119284615982889,0.14005000774967788,0.12477138463995548
54.909261567383815,9.0,54.909261567383815,4.99995308002046,0.41702251019413483,1.8647413955168959,3.121484724643838,0.14014801157935353,0.12485938898708131
54.92926156738382,9.0,54.92926156738382,4.999953080030186,0.41702251057625367,1.8669415698002816,3.123684831238182,0.14024601527245373,0.12494739324905836
54.94926156738383,9.0,54.94926156738383,4.99995308003983,0.41702251095907866,1.8691417419808596,3.1258849356875595,0.14034401886961395,0.1250353974281843
54.96926156738383,9.0,54.96926156738383,4.999953080049388,0.41702251134286356,1.8713419120566226,3.128085038118587,0.14044202241124534,0.12512340152546894
54.98926156738384,9.0,54.98926156738384,4.999953080058873,0.4170225117265017,1.8735420799677853,3.1302851383417494,0.14054002577977126,0.1252114055337955
55.009261567383845,9.0,55.009261567383845,4.999953080068268,0.4170225121104222,1.8757422457188286,3.1324852364012643,0.14063802905674486,0.1252994094559105
55.029261567383855,9.0,55.029261567383855,4.99995308007759,0.4170225124965222,1.8779424092830284,3.1346853322957364,0.14073603225820872,0.12538741329292505
55.04926156738386,9.0,55.04926156738386,4.999953080086824,0.4170225128816298,1.8801425706720498,3.1368854260530354,0.14083403535347697,0.12547541704235354
55.06926156738386,9.0,55.06926156738386,4.999953080095981,0.4170225132677757,1.8823427298182531,3.1390855175057824,0.14093203828511594,0.12556342070021645
55.089261567383865,9.0,55.089261567383865,4.999953080105065,0.4170225136543522,1.8845428867579073,3.141285606790562,0.14103004117730347,0.12565142427268455
55.10926156738387,9.0,55.10926156738387,4.999953080114062,0.4170225140414684,1.8867430414581567,3.14348569386355,0.14112804394327702,0.1257394277547499
55.12926156738388,9.0,55.12926156738388,4.999953080122989,0.4170225144307479,1.8889431938786858,3.14568577861969,0.141226046569784,0.125827431145088
55.14926156738389,9.0,55.14926156738389,4.9999530801318315,0.41702251481831076,1.8911433440854282,3.1478858611838896,0.1413240491402032,0.125915434447701
55.16926156738389,9.0,55.16926156738389,4.999953080140603,0.4170225152072562,1.8933434920010608,3.15008594147533,0.14142205158877283,0.12600343765949046
55.189261567383895,9.0,55.189261567383895,4.999953080149294,0.41702251559738507,1.895543637636739,3.152286019475248,0.141520053919121,0.12609144077951176
55.209261567383905,9.0,55.209261567383905,4.99995308015791,0.4170225159868115,1.8977437810180813,3.1544860952274734,0.14161805616300163,0.1261794438094226
55.229261567383915,9.0,55.229261567383915,4.999953080166454,0.41702251637814497,1.899943922106586,3.156686168693424,0.14171605830150466,0.12626744674855564
55.24926156738392,9.0,55.24926156738392,4.999953080174925,0.41702251676927193,1.9021440609208735,3.1588862399012143,0.1418140603421253,0.126355449596856
55.26926156738392,9.0,55.26926156738392,4.999953080183323,0.4170225171614587,1.9043441974551467,3.161086308831403,0.14191206227041123,0.12644345235361748
55.28926156738393,9.0,55.28926156738393,4.9999530801916485,0.4170225175537339,1.9065443317008517,3.1632863754536125,0.14201006407260297,0.12653145501733928
55.30926156738394,9.0,55.30926156738394,4.999953080199906,0.41702251794770717,1.90874446365937,3.165486439798846,0.14210806583436247,0.12661945759429263
55.329261567383945,9.0,55.329261567383945,4.999953080208086,0.41702251834093373,1.9109445933685587,3.167686501971709,0.14220606747584247,0.12670746007828576
55.34926156738395,9.0,55.34926156738395,4.999953080216199,0.41702251873494955,1.913144720763531,3.1698865617015706,0.14230406895778366,0.12679546246913137
55.36926156738396,9.0,55.36926156738396,4.999953080224238,0.4170225191295463,1.915344845938201,3.172086619331953,0.1424020704443384,0.12688346477422446
55.389261567383954,9.0,55.389261567383954,4.9999530802322125,0.4170225195250075,1.9175449688210358,3.174286674638873,0.1425000717475522,0.12697146698487347
55.409261567383965,9.0,55.409261567383965,4.9999530802401155,0.41702251992090833,1.919745089443448,3.1764867276533586,0.1425980729753677,0.1270594691066901
55.42926156738397,9.0,55.42926156738397,4.999953080247951,0.4170225203179906,1.921945207823979,3.1786867784877813,0.1426960741201694,0.1271474711383963
55.44926156738398,9.0,55.44926156738398,4.999953080255722,0.41702252071621204,1.9241453239434918,3.1808868269984094,0.14279407516040196,0.12723547308119743
55.46926156738398,9.0,55.46926156738398,4.999953080263422,0.417022521113216,1.9263454378652223,3.1830868734089712,0.14289207614219882,0.12732347493607102
55.48926156738399,9.0,55.48926156738399,4.999953080271058,0.41702252151167396,1.92854554953677,3.1852869175005933,0.14299007696717958,0.12741147669976513
55.509261567383994,9.0,55.509261567383994,4.999953080278625,0.41702252191148076,1.9307456590017238,3.1874869594101285,0.1430880777427202,0.12749947837708372
55.529261567384005,9.0,55.529261567384005,4.999953080286132,0.41702252231098036,1.9329457662692662,3.1896869991398558,0.14318607842026085,0.12758747996604378
55.54926156738401,9.0,55.54926156738401,4.999953080293575,0.41702252271163537,1.9351458713414629,3.191887036664036,0.1432840789849108,0.12767548146632826
55.56926156738402,9.0,55.56926156738402,4.999953080300954,0.41702252311208626,1.9373459742369334,3.1940870720061016,0.14338207947639192,0.12776348288080422
55.58926156738402,9.0,55.58926156738402,4.99995308030827,0.4170225235140605,1.9395460749700384,3.196287105229715,0.14348007988741085,0.12785148420926423
55.60926156738403,9.0,55.60926156738403,4.999953080315519,0.4170225239168655,1.94174617352509,3.1984871362373277,0.14357808017436746,0.12793948544992192
55.629261567384034,9.0,55.629261567384034,4.999953080322712,0.41702252431939996,1.943946269960963,3.2006871651594393,0.14367608041842037,0.12802748660753369
55.649261567384045,9.0,55.649261567384045,4.99995308032984,0.41702252472269535,1.9461463642768468,3.2028871919636144,0.1437740805515516,0.12811548767915049
55.66926156738405,9.0,55.66926156738405,4.999953080336911,0.4170225251268349,1.9483464564692805,3.2050872166361564,0.14387208058552212,0.12820348866587206
55.68926156738406,9.0,55.68926156738406,4.999953080343921,0.41702252553077357,1.9505465465720218,3.2072872392138567,0.1439700805437423,0.12829148956918351
55.709261567384054,9.0,55.709261567384054,4.999953080350872,0.4170225259358516,1.9527466346056068,3.2094872597545585,0.14406808043637315,0.12837949039075677
55.72926156738406,9.0,55.72926156738406,4.999953080357763,0.41702252634205916,1.9549467205570734,3.211687278213654,0.14416608022059993,0.12846749112884986
55.74926156738407,9.0,55.74926156738407,4.9999530803645955,0.41702252674842255,1.957146804460963,3.213887294604029,0.14426407991460144,0.12855549178432615
55.76926156738408,9.0,55.76926156738408,4.999953080371372,0.4170225271560718,1.9593468863249737,3.2160873089769093,0.14436207954369273,0.12864349235933623
55.78926156738408,9.0,55.78926156738408,4.999953080378091,0.41702252756416097,1.961546966177075,3.2182873213529315,0.14446007910591246,0.12873149285514168
55.809261567384084,9.0,55.809261567384084,4.999953080384756,0.41702252797167716,1.9637470440408094,3.220487331741952,0.14455807856464412,0.1288194932696771
55.829261567384094,9.0,55.829261567384094,4.999953080391363,0.4170225283809591,1.9659471198961112,3.2226873401153147,0.1446560779401144,0.12890749360516707
55.849261567384104,9.0,55.849261567384104,4.9999530803979155,0.4170225287906264,1.9681471938012178,3.224887346544716,0.14475407724175515,0.1289954938616968
55.86926156738411,9.0,55.86926156738411,4.9999530804044126,0.4170225292019656,1.9703472657423902,3.227087351016686,0.1448520764686804,0.12908349404088784
55.88926156738411,9.0,55.88926156738411,4.999953080410855,0.4170225296114343,1.972547335767484,3.2292873535763214,0.14495007563679155,0.12917149414428916
55.90926156738412,9.0,55.90926156738412,4.999953080417245,0.41702253002352807,1.9747474038712556,3.2314873542439564,0.14504807469909156,0.12925949416913973
55.92926156738413,9.0,55.92926156738413,4.999953080423579,0.417022530435567,1.9769474700720724,3.2336873529476224,0.14514607368343066,0.129347494118708
55.949261567384134,9.0,55.949261567384134,4.999953080429862,0.41702253084903307,1.9791475344179636,3.2358873498968586,0.1452440726339287,0.12943549399494578
55.96926156738414,9.0,55.96926156738414,4.999953080436098,0.4170225312620206,1.9813475968657177,3.238087344854219,0.14534207145285033,0.1295234937947248
55.98926156738415,9.0,55.98926156738415,4.999953080442276,0.4170225316767759,1.9835476574920794,3.240287338079668,0.14544007026075076,0.12961149352342433
56.00926156738416,9.0,56.00926156738416,4.999953080448407,0.4170225320907977,1.9857477162806427,3.242487329413232,0.14553806893836588,0.12969949317629267
56.029261567384154,9.0,56.029261567384154,4.999953080454482,0.4170225325069003,1.9879477732612205,3.24468731896212,0.14563606757099,0.12978749275806492
56.04926156738416,9.0,56.04926156738416,4.999953080460512,0.41702253292234115,1.9901478284627958,3.2468873067243753,0.14573406614658496,0.12987549226961032
56.05026156738417,9.0,56.05026156738417,4.999953080460819,0.4170225329430962,1.9902578310935308,3.2469973061185295,0.14573896601815936,0.12987989224065394
56.06626156738416,9.0,56.06626156738416,4.999953080465605,0.41702253327820293,1.9920178731936315,3.248757294092999,0.14581736436997253,0.12995029176537537
56.08626156738417,9.0,56.08626156738417,4.999953080471538,0.41702253369519643,1.9942179257158297,3.25095727923787,0.14591536342138026,0.1300382911689482
56.10626156738418,9.0,56.10626156738418,4.999953080477428,0.4170225341130964,1.9964179760937357,3.25315726224914,0.14601336183075617,0.1301262904905321
56.126261567384184,9.0,56.126261567384184,4.999953080483265,0.4170225345316919,1.9986180245655778,3.2553572433081355,0.14611136000438885,0.1302142897326255
56.14626156738419,9.0,56.14626156738419,4.99995308048906,0.41702253495118047,2.000818071323588,3.257557222655795,0.1462093581962654,0.13030228890694623
56.1662615673842,9.0,56.1662615673842,4.999953080494808,0.4170225353707415,2.003018116409747,3.2597572003521553,0.1463073563632674,0.13039028801429484
56.18626156738421,9.0,56.18626156738421,4.99995308050051,0.4170225357920226,2.005218159816319,3.2619571763484614,0.1464053544463989,0.13047828705361078
56.20626156738421,9.0,56.20626156738421,4.999953080506164,0.4170225362130832,2.0074182015896582,3.264157150731939,0.14650335250117952,0.13056628602943662
56.22626156738421,9.0,56.22626156738421,4.999953080511769,0.4170225366345832,2.009618241725296,3.266357123493584,0.1466013504846735,0.1306542849402394
56.246261567384224,9.0,56.246261567384224,4.999953080517334,0.4170225370570759,2.0118182802403037,3.2685570946354905,0.14669934838784787,0.13074228378562475
56.266261567384234,9.0,56.266261567384234,4.9999530805228485,0.41702253748136,2.0140183171596564,3.2707570641614074,0.14679734621640725,0.13083028256610635
56.28626156738424,9.0,56.28626156738424,4.999953080528326,0.41702253790566596,2.016218352504317,3.2729570321347876,0.14689534401790372,0.13091828128575878
56.30626156738423,9.0,56.30626156738423,4.999953080533756,0.4170225383297071,2.018418386294142,3.2751569985685487,0.14699334175135995,0.13100627994286995
56.307261567384245,9.0,56.307261567384245,4.999953080534034,0.41702253835123926,2.0185283878236673,3.275266996791885,0.1469982415715208,0.131010679871336
56.323261567384236,9.0,56.323261567384236,4.999953080538346,0.41702253869173406,2.020288413141445,3.277026968114519,0.1470766393698521,0.13108107872416588
56.343261567384246,9.0,56.343261567384246,4.999953080543692,0.41702253911808157,2.022488444564968,3.279226932190533,0.14717463749470117,0.1311690772876683
56.36326156738426,9.0,56.36326156738426,4.999953080548998,0.41702253954433455,2.0246884741500963,3.2814268944618643,0.1472726350753786,0.13125707577885934
56.38326156738426,9.0,56.38326156738426,4.999953080554261,0.4170225399712089,2.0268885020894243,3.283626855046598,0.147370632482186,0.131345074203231
56.40326156738426,9.0,56.40326156738426,4.999953080559487,0.4170225403992951,2.029088528547119,3.2858268141773443,0.14746862987715914,0.13143307256648692
56.42326156738427,9.0,56.42326156738427,4.999953080564669,0.4170225408287518,2.0312885535286425,3.288026771774745,0.14756662724484979,0.13152107087203072
56.44326156738428,9.0,56.44326156738428,4.99995308056981,0.41702254125679683,2.033488577103346,3.290226728054291,0.1476646246043412,0.13160906912151304
56.463261567384286,9.0,56.463261567384286,4.999953080574908,0.4170225416881434,2.0356885992091467,3.2924266828099586,0.14776262185082903,0.13169706731191855
56.48326156738429,9.0,56.48326156738429,4.99995308057997,0.4170225421189944,2.0378886199197694,3.2946266361799847,0.14786061907897197,0.13178506544741014
56.5032615673843,9.0,56.5032615673843,4.999953080584993,0.41702254254959525,2.0400886392473807,3.2968265882109278,0.1479586162761762,0.1318730635291318
56.52326156738431,9.0,56.52326156738431,4.999953080589975,0.4170225429829029,2.042288657167549,3.299026538819405,0.14805661337465714,0.1319610615534947
56.54326156738431,9.0,56.54326156738431,4.999953080594917,0.41702254341526745,2.0444886737445027,3.3012264880763884,0.14815461042086744,0.1320490595227114
56.563261567384316,9.0,56.563261567384316,4.99995308059982,0.4170225438500792,2.046688688964017,3.303426435960971,0.1482526074292458,0.1321370574392515
56.56426156738432,9.0,56.56426156738432,4.9999530806000685,0.4170225438703342,2.0467986895633343,3.3035364331967294,0.14825750722997086,0.13214145733119112
56.58026156738431,9.0,56.58026156738431,4.999953080603964,0.417022544218523,2.048558700368867,3.3052963902270394,0.14833590464523003,0.13221185560840315
56.60026156738432,9.0,56.60026156738432,4.999953080608795,0.417022544654081,2.050758713498728,3.3074963359759186,0.14843390184380278,0.13229985343854284
56.62026156738433,9.0,56.62026156738433,4.999953080613589,0.41702254508889125,2.0529587251138475,3.309696280329173,0.1485318987514577,0.132387851213679
56.640261567384336,9.0,56.640261567384336,4.99995308061835,0.417022545525956,2.055158735303418,3.3118962232363556,0.1486298954815974,0.1324758489295865
56.66026156738434,9.0,56.66026156738434,4.999953080623072,0.41702254596216226,2.057358744217947,3.3140961648556115,0.14872789221603944,0.13256384659466028
56.68026156738435,9.0,56.68026156738435,4.9999530806277575,0.4170225464004726,2.0595587518853855,3.3162961052373925,0.14882588891982446,0.13265184420862972
56.70026156738436,9.0,56.70026156738436,4.999953080632408,0.41702254683839857,2.0617587582994634,3.3184960443598057,0.14892388559645695,0.13273984177462234
56.72026156738436,9.0,56.72026156738436,4.99995308063702,0.4170225472784658,2.0639587634803154,3.3206959822921482,0.1490218822371229,0.13282783929217454
56.740261567384366,9.0,56.740261567384366,4.999953080641601,0.41702254771745295,2.066158767462889,3.322895918998367,0.14911987880927663,0.13291583676035534
56.760261567384376,9.0,56.760261567384376,4.999953080646143,0.4170225481589437,2.0683587702449566,3.325095854524843,0.14921787533799805,0.1330038341808117
56.780261567384386,9.0,56.780261567384386,4.999953080650654,0.41702254859967075,2.070558771845887,3.3272957888486188,0.1493158718158475,0.13309183155391327
56.80026156738439,9.0,56.80026156738439,4.999953080655126,0.4170225490416797,2.0727587722702654,3.3294957220296557,0.1494138682616523,0.1331798288809362
56.82026156738439,9.0,56.82026156738439,4.9999530806595684,0.41702254948538897,2.0749587715312834,3.331695654023104,0.14951186466091954,0.1332678261621459
56.8212615673844,9.0,56.8212615673844,4.999953080659793,0.4170225495068666,2.0750687713904177,3.3318056505962432,0.14951676453060395,0.13327222602645283
56.83726156738439,9.0,56.83726156738439,4.99995308066332,0.41702254986222337,2.076828769545254,3.3335655948721397,0.1495951612699502,0.13334262379430178
56.8572615673844,9.0,56.8572615673844,4.9999530806677,0.4170225503064313,2.0790287670731793,3.33576552512435,0.1496931579489611,0.13343062100560976
56.87726156738441,9.0,56.87726156738441,4.999953080672041,0.4170225507510444,2.0812287632500595,3.337965454148279,0.14979115426372377,0.1335186181651348
56.89726156738441,9.0,56.89726156738441,4.999953080676352,0.41702255119642456,2.083428758197711,3.3401653818003503,0.14988915038434236,0.1336066152722535
56.917261567384415,9.0,56.917261567384415,4.999953080680633,0.4170225516433191,2.085628752057019,3.3423653084570026,0.1499871465789887,0.1336946123386982
56.937261567384425,9.0,56.937261567384425,4.999953080684883,0.41702255209017686,2.0878287448352455,3.344565234016477,0.15008514271631734,0.13378260936060607
56.957261567384435,9.0,56.957261567384435,4.9999530806890995,0.4170225525380118,2.090028736553542,3.346765158495333,0.1501831388257293,0.1338706063407585
56.97726156738444,9.0,56.97726156738444,4.9999530806932855,0.4170225529877422,2.092228727229842,3.348965081979115,0.15028113490704975,0.13395860327943443
56.99726156738444,9.0,56.99726156738444,4.999953080697439,0.41702255343634087,2.094428716871784,3.3511650044018793,0.15037913092443309,0.13404660017597628
57.01726156738445,9.0,57.01726156738445,4.999953080701564,0.4170225538867734,2.09662870547162,3.353364925790609,0.15047712690432613,0.13413459703152317
57.03726156738446,9.0,57.03726156738446,4.999953080705655,0.4170225543373194,2.098828693068024,3.355564846168977,0.1505751228385372,0.13422259384561672
57.057261567384465,9.0,57.057261567384465,4.999953080709716,0.41702255478970984,2.101028679645131,3.3577647655478717,0.1506731187648774,0.13431059062221162
57.07726156738447,9.0,57.07726156738447,4.999953080713746,0.4170225552412307,2.1032286652553465,3.359964683997554,0.1507711146653594,0.13439858736032387
57.07826156738447,9.0,57.07826156738447,4.9999530807139525,0.41702255526405113,2.1033386644060488,3.360074679783673,0.15077601428676146,0.13440298718879992
57.094261567384464,9.0,57.094261567384464,4.999953080717157,0.41702255562719975,2.1050986518553017,3.3618346134379524,0.15085441090173357,0.1344733845380304
57.114261567384474,9.0,57.114261567384474,4.999953080721128,0.4170225560820796,2.107298635932788,3.364034530334519,0.15095240698875428,0.13456138121365502
57.134261567384485,9.0,57.134261567384485,4.999953080725072,0.41702255653526166,2.109498618899306,3.366234446165242,0.15105040278711854,0.1346493778468735
57.15426156738449,9.0,57.15426156738449,4.999953080728992,0.4170225569908738,2.111698600798692,3.3684343608640894,0.15114839843074757,0.13473737443524184
57.17426156738449,9.0,57.17426156738449,4.999953080732881,0.4170225574479086,2.1138985817568843,3.370634274644914,0.15124639409210014,0.1348253709856218
57.1942615673845,9.0,57.1942615673845,4.99995308073674,0.4170225579044233,2.1160985618013104,3.3728341875057044,0.1513443897454748,0.1349133674997691
57.21426156738451,9.0,57.21426156738451,4.999953080740574,0.4170225583614045,2.1182985409599273,3.375034099499699,0.15144238540288446,0.13500136398051635
57.234261567384515,9.0,57.234261567384515,4.999953080744379,0.4170225588197435,2.1204985191954555,3.377234010610128,0.15154038100555445,0.13508936042485492
57.25426156738452,9.0,57.25426156738452,4.999953080748152,0.4170225592789781,2.122698496539361,3.379433920774559,0.15163837653578024,0.1351773568313185
57.27426156738453,9.0,57.27426156738453,4.999953080751904,0.4170225597398701,2.1248984730045573,3.381633830086106,0.15173637205797336,0.13526535320348226
57.29426156738454,9.0,57.29426156738454,4.999953080755626,0.41702256020007117,2.1270984486111595,3.3838337385432804,0.15183436754878926,0.13535334954130068
57.31426156738454,9.0,57.31426156738454,4.9999530807593215,0.4170225606616964,2.1292984233598835,3.386033646146414,0.15193236301673524,0.1354413458461784
57.334261567384544,9.0,57.334261567384544,4.999953080762987,0.41702256112372116,2.131498397267228,3.3882335529242984,0.15203035845134832,0.13552934211736642
57.33526156738455,9.0,57.33526156738455,4.9999530807631745,0.4170225611467855,2.1316083958541285,3.3883435481633812,0.15203525806446724,0.1355337419232609
57.351261567384554,9.0,57.351261567384554,4.999953080766092,0.41702256151823536,2.133368374079441,3.390103472670603,0.15211365436431773,0.1356041389074405
57.37126156738455,9.0,57.37126156738455,4.999953080769705,0.4170225619808443,2.1355683466912656,3.39230337814302,0.15221164995818745,0.13569213512547465
57.39126156738456,9.0,57.39126156738456,4.999953080773293,0.4170225624459574,2.137768318319973,3.3945032826437718,0.15230964529397353,0.13578013130582434
57.411261567384564,9.0,57.411261567384564,4.999953080776863,0.4170225629119519,2.139968289049507,3.396703186262153,0.15240764054388506,0.13586812744995808
57.43126156738457,9.0,57.43126156738457,4.999953080780401,0.4170225633775999,2.142168258975197,3.398903089050961,0.15250563579533938,0.13595612356226308
57.45126156738458,9.0,57.45126156738458,4.999953080783922,0.41702256384415964,2.1443682281314973,3.401102991116635,0.15260363105467248,0.136044119644297
57.47126156738459,9.0,57.47126156738459,4.999953080787412,0.41702256431212975,2.1465681964822108,3.4033028923508444,0.15270162626205408,0.13613211569458794
57.49126156738459,9.0,57.49126156738459,4.9999530807908785,0.41702256478045197,2.148768164077399,3.40550279283631,0.15279962144399203,0.1362201117135551
57.511261567384594,9.0,57.511261567384594,4.999953080794318,0.41702256525022596,2.150968130895988,3.407702692551584,0.1528976165979802,0.1363081077024646
57.531261567384604,9.0,57.531261567384604,4.999953080797735,0.41702256572057655,2.153168096970963,3.4099025915390424,0.15299561172105253,0.13639610366100732
57.551261567384614,9.0,57.551261567384614,4.999953080801124,0.41702256619116057,2.1553680623055316,3.4121024897512022,0.153093606807235,0.13648409958975177
57.57126156738462,9.0,57.57126156738462,4.9999530808044925,0.41702256666319476,2.1575680269012643,3.4143023872854075,0.15319160190560507,0.1365720954918656
57.59126156738462,9.0,57.59126156738462,4.999953080807837,0.4170225671360116,2.15976799077888,3.416502284083966,0.15328959694871538,0.13666009136394727
57.61126156738463,9.0,57.61126156738463,4.999953080811156,0.41702256760912315,2.161967953929191,3.418702180160047,0.15338759194286172,0.13674808720571943
57.61226156738463,9.0,57.61226156738463,4.999953080811327,0.41702256763269135,2.1620779519541817,3.4188121747424565,0.15339249150981768,0.1367524869898269
57.628261567384634,9.0,57.628261567384634,4.9999530808139685,0.4170225680133098,2.1638379217928247,3.4205720910513935,0.15347088764060762,0.1368228836416508
57.64826156738464,9.0,57.64826156738464,4.9999530808172405,0.4170225684875632,2.1660378838149965,3.4227719859383607,0.15356888271492894,0.13691087943756045
57.66826156738464,9.0,57.66826156738464,4.999953080820488,0.4170225689639976,2.168237845026245,3.4249718800968565,0.15366687765464984,0.1369988752045561
57.68826156738464,9.0,57.68826156738464,4.9999530808237225,0.4170225694407211,2.170437805491386,3.4271717734915557,0.15376487250244228,0.13708687093915392
57.70826156738465,9.0,57.70826156738465,4.999953080826931,0.4170225699176482,2.1726377652725684,3.429371666184413,0.1538628673609049,0.13717486664704365
57.72826156738466,9.0,57.72826156738466,4.999953080830116,0.4170225703958819,2.1748377243935963,3.4315715582771604,0.15396086225487837,0.13726286233157228
57.74826156738467,9.0,57.74826156738467,4.999953080833276,0.4170225708743336,2.177037682855624,3.433771449693447,0.15405885708277509,0.13735085798767072
57.76826156738467,9.0,57.76826156738467,4.999953080836416,0.4170225713554346,2.1792376406314444,3.4359713404283836,0.15415685187843262,0.13743885361722294
57.78826156738468,9.0,57.78826156738468,4.9999530808395365,0.41702257183584424,2.1814375977789573,3.4381712305018497,0.15425484664793074,0.1375268492200741
57.80826156738469,9.0,57.80826156738469,4.999953080842632,0.4170225723178009,2.1836375542969186,3.4403711199959224,0.15435284143241568,0.13761484480004268
57.82826156738469,9.0,57.82826156738469,4.999953080845708,0.4170225728003906,2.1858375101615604,3.4425710088348898,0.15445083615849184,0.1377028403533418
57.8482615673847,9.0,57.8482615673847,4.999953080848762,0.41702257328387,2.188037465416994,3.444770897041117,0.15454883087229837,0.13779083588254917
57.86826156738471,9.0,57.86826156738471,4.999953080851796,0.4170225737678916,2.1902374200533576,3.44697078468784,0.1546468255550511,0.13787883138611506
57.869261567384704,9.0,57.869261567384704,4.999953080851955,0.4170225737913378,2.190347417641963,3.4470807787612463,0.15465172501198585,0.13788323114988696
57.88526156738471,9.0,57.88526156738471,4.999953080854368,0.4170225741812954,2.192107380818678,3.4488406885415714,0.1547301210701279,0.13795362754195659
57.90526156738472,9.0,57.90526156738472,4.999953080857351,0.4170225746662181,2.1943073344495603,3.4510405750817528,0.15482811574723057,0.13804162300440076
57.925261567384716,9.0,57.925261567384716,4.9999530808603225,0.41702257515229996,2.1965072874321234,3.453240461054718,0.15492611033407744,0.13812961844126762
57.94526156738472,9.0,57.94526156738472,4.999953080863277,0.41702257564073375,2.198707239736709,3.4554403463172463,0.15502410488284665,0.13821761385346884
57.96526156738473,9.0,57.96526156738473,4.999953080866207,0.4170225761287516,2.2009071914718454,3.4576402310716956,0.15512209945851202,0.13830560924256244
57.98526156738474,9.0,57.98526156738474,4.999953080869117,0.41702257661828285,2.203107142623462,3.459840115202442,0.1552200940028767,0.13839360460844338
58.00526156738474,9.0,58.00526156738474,4.9999530808720065,0.41702257710767965,2.20530709320975,3.462039998802065,0.1553180885531109,0.13848159995298254
58.025261567384746,9.0,58.025261567384746,4.999953080874875,0.41702257759879746,2.207507043224846,3.464239881831283,0.1554160830490424,0.1385695952730318
58.045261567384756,9.0,58.045261567384756,4.999953080877729,0.41702257809087667,2.209706992689319,3.4664397642754325,0.1555140775293854,0.13865759057143076
58.065261567384766,9.0,58.065261567384766,4.999953080880558,0.41702257858376185,2.2119069415962374,3.468639646236375,0.15561207201462626,0.13874558584925284
58.08526156738477,9.0,58.08526156738477,4.999953080883373,0.41702257907594903,2.2141068899706378,3.470839527594974,0.15571006644060226,0.13883358110367233
58.10526156738477,9.0,58.10526156738477,4.9999530808861685,0.41702257957115973,2.21630683778562,3.4730394084711618,0.1558080608927877,0.13892157633950292
58.12526156738478,9.0,58.12526156738478,4.999953080888942,0.41702258006660836,2.2185067850721123,3.4752392887622143,0.1559060552632306,0.13900957155000082
58.14526156738479,9.0,58.14526156738479,4.999953080891692,0.4170225805636579,2.2207067318247713,3.4774391685321606,0.1560040496540484,0.13909756674184257
58.165261567384796,9.0,58.165261567384796,4.999953080894427,0.41702258105977735,2.222906678077785,3.4796390478452985,0.15610204403521055,0.139185561913507
58.166261567384794,9.0,58.166261567384794,4.99995308089457,0.41702258108497053,2.2230166753003724,3.4797490416750843,0.1561069436069535,0.13918996166562317
58.1822615673848,9.0,58.1822615673848,4.999953080896744,0.4170225814835611,2.224776631774137,3.4815089446150864,0.1561853391388355,0.13926035778411597
58.202261567384795,9.0,58.202261567384795,4.9999530808994415,0.4170225819827214,2.2269765771898378,3.4837088230794535,0.15628333359508337,0.13934835292305434
58.222261567384805,9.0,58.222261567384805,4.999953080902123,0.4170225824820314,2.2291765220281508,3.4859087009448713,0.1563813278959819,0.13943634803855
58.242261567384816,9.0,58.242261567384816,4.999953080904787,0.41702258298264233,2.2313764663178643,3.4881085783085783,0.1564793221621761,0.13952434313248477
58.26226156738482,9.0,58.26226156738482,4.999953080907432,0.41702258348403104,2.233576410101177,3.490308455126357,0.15657731640190242,0.13961233820530936
58.28226156738482,9.0,58.28226156738482,4.999953080910057,0.41702258398587116,2.235776353402516,3.492508331497536,0.1566753106584044,0.13970033325982056
58.30226156738483,9.0,58.30226156738483,4.999953080912667,0.41702258448977136,2.237976296208372,3.494708207361961,0.15677330487902622,0.13978832829415777
58.32226156738484,9.0,58.32226156738484,4.999953080915259,0.41702258499499617,2.2401762385401494,3.4969080827451378,0.15687129909661102,0.13987632331035493
58.342261567384845,9.0,58.342261567384845,4.999953080917836,0.41702258549936266,2.242376180408657,3.4991079577218303,0.15696929330497095,0.13996431830821357
58.36226156738485,9.0,58.36226156738485,4.9999530809203945,0.41702258600566916,2.2445761217931155,3.5013078321344957,0.15706728745392495,0.1400523132856706
58.38226156738486,9.0,58.38226156738486,4.999953080922932,0.4170225865127829,2.2467760627271494,3.5035077061759177,0.15716528163544724,0.14014030824683596
58.40226156738487,9.0,58.40226156738487,4.999953080925453,0.417022587019322,2.2489760032045467,3.505707579730402,0.15726327579032454,0.1402283031907066
58.42226156738487,9.0,58.42226156738487,4.999953080927959,0.41702258752940763,2.2511759432233607,3.507907452869617,0.15736126990071642,0.1403162981140609
58.42326156738487,9.0,58.42326156738487,4.999953080928087,0.4170225875538598,2.251285940096465,3.50801744619554,0.1573661692573642,0.14032069784564005
58.439261567384875,9.0,58.439261567384875,4.999953080930077,0.41702258796246405,2.253045891772254,3.5097773446261877,0.15744456501747803,0.14039109378618633
58.459261567384885,9.0,58.459261567384885,4.9999530809325465,0.41702258847368573,2.2552458310217016,3.5119772168876775,0.15754255904405684,0.14047908867626538
58.47926156738488,9.0,58.47926156738488,4.999953080935001,0.4170225889842917,2.257445769830819,3.5141770887725188,0.1576405530742568,0.1405670835499572
58.49926156738489,9.0,58.49926156738489,4.999953080937442,0.41702258949649323,2.259645708142631,3.5163769601589467,0.15773854710538193,0.1406550784070368
58.519261567384895,9.0,58.519261567384895,4.999953080939864,0.41702259000999653,2.2618456460342133,3.5185768311969383,0.1578365411554571,0.14074307324737706
58.5392615673849,9.0,58.5392615673849,4.999953080942272,0.4170225905245691,2.2640455834909474,3.5207767017301195,0.15793453515994485,0.14083106806958523
58.55926156738491,9.0,58.55926156738491,4.999953080944663,0.41702259103948686,2.2662455205467342,3.522976571926088,0.1580325291972775,0.1409190628775003
58.57926156738492,9.0,58.57926156738492,4.999953080947036,0.4170225915560476,2.268445457172845,3.525176441664533,0.15813052317200385,0.14100705766658247
58.59926156738492,9.0,58.59926156738492,4.9999530809493935,0.41702259207312803,2.270645393388729,3.527376310999143,0.1582285171408829,0.14109505243956838
58.619261567384925,9.0,58.619261567384925,4.999953080951739,0.41702259259101937,2.272845329201348,3.529576179923596,0.15832651110464754,0.14118304719714986
58.639261567384935,9.0,58.639261567384935,4.9999530809540635,0.41702259311001627,2.2750452645963257,3.531776048474547,0.15842450506274247,0.1412710419393894
58.659261567384945,9.0,58.659261567384945,4.999953080956376,0.41702259363016025,2.2772451995968956,3.533975916601955,0.1585224989763753,0.14135903666403551
58.67926156738495,9.0,58.67926156738495,4.999953080958672,0.41702259415067944,2.279445134213351,3.536175784353059,0.15862049288279534,0.14144703137317477
58.680261567384946,9.0,58.680261567384946,4.9999530809587895,0.4170225941765961,2.279555130859492,3.536285777553232,0.1586253924511728,0.1414514311034393
58.69626156738495,9.0,58.69626156738495,4.999953080960612,0.41702259459530133,2.281315078203756,3.5380456715925095,0.15870378776236593,0.14152182686399814
58.71626156738496,9.0,58.71626156738496,4.999953080962875,0.41702259511854095,2.2835150121549455,3.5402455386223997,0.15880178162942374,0.14160982154509275
58.736261567384965,9.0,58.736261567384965,4.999953080965126,0.41702259564106725,2.2857149457084374,3.5424454053063146,0.15889977550438814,0.14169781621353936
58.75626156738497,9.0,58.75626156738497,4.999953080967361,0.417022596166117,2.287914878846132,3.5446452716339127,0.15899776933944473,0.14178581086469058
58.77626156738497,9.0,58.77626156738497,4.9999530809695845,0.41702259669155217,2.2901148115950156,3.546845137492948,0.15909576315227333,0.1418738055004533
58.796261567384974,9.0,58.796261567384974,4.999953080971791,0.41702259721867285,2.292314743970368,3.5490450030710963,0.15919375699011967,0.14196180012212353
58.816261567384984,9.0,58.816261567384984,4.999953080973977,0.41702259774630307,2.294514675976976,3.5512448681973194,0.15929175078194222,0.14204979472805052
58.836261567384994,9.0,58.836261567384994,4.999953080976153,0.4170225982745323,2.296714607632621,3.553444733051199,0.1593897446214845,0.14213778932301716
58.856261567385,9.0,58.856261567385,4.999953080978321,0.4170225988046198,2.298914538916752,3.5556445975278317,0.15948773838178523,0.14222578390000945
58.876261567385,9.0,58.876261567385,4.999953080980466,0.41702259933503333,2.3011144698480317,3.557844461577385,0.15958573212963215,0.14231377846311327
58.89626156738501,9.0,58.89626156738501,4.999953080982596,0.41702259986688106,2.3033144004219697,3.560044325389967,0.15968372593735233,0.14240177301636853
58.91626156738502,9.0,58.91626156738502,4.999953080984715,0.4170226003987396,2.305514330655798,3.5622441887977288,0.15978171965433535,0.14248976755167123
58.936261567385024,9.0,58.936261567385024,4.99995308098682,0.41702260093196303,2.3077142605479746,3.564444051861742,0.15987971338180654,0.1425777620745756
58.95626156738503,9.0,58.95626156738503,4.9999530809889094,0.41702260146784353,2.3099141900782163,3.566643914598341,0.15997770709546724,0.1426657565834937
58.95726156738503,9.0,58.95726156738503,4.999953080989021,0.4170226014942433,2.310024186496439,3.5667539076333714,0.15998260671155662,0.14267015630592994
58.97326156738504,9.0,58.97326156738504,4.999953080990683,0.41702260192318713,2.311784129803874,3.568513797557451,0.1600610017388468,0.14274055190299026
58.99326156738504,9.0,58.99326156738504,4.999953080992737,0.4170226024595428,2.3139840588034293,3.5707136597536655,0.16015899548822912,0.1428285463905696
59.01326156738505,9.0,59.01326156738505,4.9999530809947865,0.4170226029962841,2.316183987422577,3.5729135215646295,0.1602569891427184,0.1429165408623263
59.03326156738505,9.0,59.03326156738505,4.999953080996823,0.41702260353601983,2.3183839156735164,3.575113383008012,0.16035498277482896,0.1430045353196457
59.05326156738505,9.0,59.05326156738505,4.999953080998841,0.41702260407495206,2.320583843593374,3.5773132441402584,0.16045297643345516,0.14309252976564543
59.07326156738506,9.0,59.07326156738506,4.9999530810008475,0.41702260461538915,2.3227837712100876,3.5795131049831053,0.1605509700860435,0.14318052419912378
59.09326156738507,9.0,59.09326156738507,4.9999530810028485,0.41702260515687567,2.3249836984915992,3.5817129654796775,0.16064896372477708,0.14326851862066273
59.113261567385074,9.0,59.113261567385074,4.999953081004828,0.4170226056999841,2.3271836254582228,3.583912825703926,0.1607469573423423,0.1433565130284125
59.13326156738508,9.0,59.13326156738508,4.999953081006793,0.41702260624285603,2.329383552110674,3.5861126855481387,0.1608449509172698,0.14344450742211082
59.15326156738509,9.0,59.15326156738509,4.999953081008747,0.41702260678797454,2.3315834784616354,3.588312545144274,0.16094294451665647,0.14353250180500962
59.1732615673851,9.0,59.1732615673851,4.9999530810106885,0.4170226073338715,2.333783404502006,3.590512404391449,0.16104093809771125,0.14362049617627243
59.1932615673851,9.0,59.1932615673851,4.99995308101262,0.4170226078809327,2.3359833302408326,3.5927122634092923,0.16113893168245602,0.1437084905360004
59.2132615673851,9.0,59.2132615673851,4.999953081014533,0.4170226084286135,2.3381832556632856,3.5949121220529126,0.161236925218222,0.14379648488233604
59.233261567385114,9.0,59.233261567385114,4.999953081016435,0.4170226089776077,2.3403831807940394,3.597111980428707,0.16133491877012343,0.14388447921769337
59.253261567385124,9.0,59.253261567385124,4.9999530810183215,0.4170226095273807,2.342583105641177,3.5993118385371705,0.1614329123121376,0.14397247354167259
59.254261567385115,9.0,59.254261567385115,4.999953081018422,0.41702260955427534,2.3426931018195982,3.5994218312958703,0.16143781185042153,0.14397687325171019
59.27026156738513,9.0,59.27026156738513,4.999953081019927,0.41702260999554613,2.3444530414393405,3.6011817176662566,0.1615162068575357,0.14404726870756085
59.29026156738513,9.0,59.29026156738513,4.999953081021788,0.4170226105479812,2.3466529657925266,3.603381575224142,0.1616142003256242,0.14413526300788057
59.310261567385126,9.0,59.310261567385126,4.99995308102364,0.417022611101091,2.3488528898300705,3.60558143248586,0.1617121938114018,0.1442232572992659
59.330261567385136,9.0,59.330261567385136,4.999953081025482,0.41702261165436694,2.351052813563087,3.6077812895122463,0.16181018731304256,0.14431125158044056
59.35026156738515,9.0,59.35026156738515,4.999953081027307,0.41702261220973474,2.353252737005255,3.6099811462171645,0.16190818077975244,0.14439924584904779
59.37026156738515,9.0,59.37026156738515,4.999953081029123,0.41702261276590163,2.35545266016284,3.6121810026567087,0.16200617424638838,0.14448724010655764
59.39026156738515,9.0,59.39026156738515,4.999953081030925,0.4170226133234222,2.357652583049929,3.614380858815277,0.1621041676936551,0.1445752343523581
59.41026156738516,9.0,59.41026156738516,4.999953081032716,0.4170226138818106,2.3598525056695947,3.616580714687872,0.1622021611333058,0.14466322858741854
59.43026156738517,9.0,59.43026156738517,4.999953081034494,0.4170226144413053,2.362052428020103,3.618780570351344,0.16230015460130834,0.14475122281459002
59.450261567385176,9.0,59.450261567385176,4.999953081036261,0.4170226150013179,2.3642523500989046,3.6209804257367892,0.16239814800768515,0.1448392170283163
59.47026156738518,9.0,59.47026156738518,4.999953081038015,0.41702261556295017,2.366452271901978,3.6231802807852658,0.16249614141065163,0.144927211232286
59.49026156738519,9.0,59.49026156738519,4.999953081039758,0.41702261612588093,2.3686521934521183,3.6253801356734776,0.16259413483740626,0.14501520542664906
59.5102615673852,9.0,59.5102615673852,4.999953081041488,0.41702261668992896,2.3708521147289687,3.627579990228998,0.16269212821130732,0.1451031996091586
59.5302615673852,9.0,59.5302615673852,4.999953081043208,0.41702261725478285,2.3730520357562233,3.629779844558157,0.16279012160170347,0.14519119378242412
59.550261567385206,9.0,59.550261567385206,4.999953081044912,0.4170226178210205,2.375251956517919,3.631979698638243,0.1628881149861802,0.14527918794621192
59.55126156738521,9.0,59.55126156738521,4.999953081045005,0.41702261784902844,2.375361952531649,3.6320896913548837,0.1628930146395278,0.1452835876531297
59.567261567385216,9.0,59.567261567385216,4.999953081046363,0.41702261830313564,2.3771218888701173,3.6338495742786563,0.16297140924744688,0.14535398297075472
59.58726156738521,9.0,59.58726156738521,4.999953081048043,0.41702261887073716,2.3793218092536965,3.636049427985509,0.1630694027002914,0.14544197711892382
59.60726156738522,9.0,59.60726156738522,4.999953081049714,0.41702261943989183,2.381521729325155,3.63824928138352,0.16316739606472289,0.14552997125603334
59.627261567385226,9.0,59.627261567385226,4.9999530810513795,0.4170226200106075,2.3837216491254107,3.6404491345273158,0.1632653893775086,0.1456179653803569
59.64726156738523,9.0,59.64726156738523,4.999953081053028,0.4170226205812217,2.385921568674804,3.64264898736891,0.16336338267611722,0.14570595949430235
59.66726156738524,9.0,59.66726156738524,4.999953081054669,0.4170226211551051,2.3881214879861785,3.644848840024056,0.16346137601415758,0.145793953600952
59.68726156738525,9.0,59.68726156738525,4.9999530810562955,0.4170226217277296,2.3903214070705854,3.6470486924376315,0.163559369333671,0.14588194769821108
59.70726156738525,9.0,59.70726156738525,4.999953081057913,0.4170226223027345,2.3925213259022953,3.6492485446288105,0.16365736262607772,0.14596994178484377
59.727261567385256,9.0,59.727261567385256,4.999953081059516,0.41702262287950925,2.3947212444880708,3.651448396522103,0.16375535589479917,0.14605793586135662
59.747261567385266,9.0,59.747261567385266,4.999953081061114,0.417022623457041,2.3969211628503966,3.653648248255688,0.16385334919164157,0.1461459299301104
59.767261567385276,9.0,59.767261567385276,4.999953081062696,0.41702262403413604,2.3991210809915424,3.655848099725748,0.16395134245879553,0.14623392398936838
59.78726156738528,9.0,59.78726156738528,4.999953081064265,0.41702262461423845,2.4013209988848674,3.65804795099572,0.16404933572839542,0.14632191804011652
59.80726156738528,9.0,59.80726156738528,4.999953081065829,0.4170226251946581,2.403520916558813,3.660247802005023,0.16414732896128467,0.14640991208007298
59.80826156738529,9.0,59.80826156738529,4.9999530810659145,0.417022625223515,2.403630912419743,3.6603577945862282,0.16415222862037399,0.14641431178179812
59.82426156738529,9.0,59.82426156738529,4.999953081067158,0.4170226256888227,2.40539084628097,3.6621176750492994,0.16423062312794473,0.14648470700256153
59.844261567385296,9.0,59.844261567385296,4.999953081068693,0.41702262627181186,2.4075907636303002,3.664317525792305,0.1643286164800821,0.1465727010313913
59.8642615673853,9.0,59.8642615673853,4.999953081070224,0.417022626856374,2.409790680674905,3.6665173762137484,0.16442660970732134,0.1466606950485339
59.8842615673853,9.0,59.8842615673853,4.9999530810717445,0.4170226274409678,2.4119905974953566,3.668717226398647,0.1645246029049301,0.14674868905534227
59.904261567385305,9.0,59.904261567385305,4.99995308107325,0.4170226280273019,2.4141905140821582,3.670917076356524,0.1646225961167938,0.14683668305470615
59.924261567385315,9.0,59.924261567385315,4.999953081074755,0.41702262861409933,2.416390430457234,3.6731169261189502,0.1647205893186437,0.1469246770447652
59.944261567385325,9.0,59.944261567385325,4.999953081076242,0.4170226292026662,2.4185903466146716,3.6753167756524485,0.16481858251114065,0.14701267102660695
59.96426156738533,9.0,59.96426156738533,4.999953081077722,0.4170226297929931,2.420790262569493,3.6775166250015596,0.16491657569417414,0.1471006649996422
59.98426156738533,9.0,59.98426156738533,4.999953081079192,0.4170226303847559,2.4229901782926104,3.6797164740958888,0.165014568862451,0.14718865896440528
60.00426156738534,9.0,60.00426156738534,4.999953081080645,0.4170226309759752,2.4251900938335327,3.681916323040917,0.16511256204032268,0.14727665292134826
60.02426156738535,9.0,60.02426156738535,4.999953081082094,0.4170226315695321,2.427390009154822,3.684116171754123,0.1652105551844982,0.14736464686915035
60.044261567385355,9.0,60.044261567385355,4.99995308108353,0.4170226321641155,2.4295899242593504,3.6863160202427685,0.16530854834479614,0.1474526408105837
60.06426156738536,9.0,60.06426156738536,4.999953081084956,0.41702263276006657,2.4317898391689288,3.688515868593589,0.1654065415051107,0.14754063474389983
60.06526156738536,9.0,60.06526156738536,4.999953081085035,0.4170226327892728,2.4318998349025303,3.688625861046513,0.16541144104192815,0.14754503443526823
60.08126156738537,9.0,60.08126156738537,4.99995308108617,0.41702263326799405,2.4336597665881743,3.6903857392990975,0.16548983554983795,0.14761542957411
60.10126156738537,9.0,60.10126156738537,4.999953081087571,0.4170226338662998,2.435859681202114,3.6925855874377893,0.1655878288219494,0.14770342349733506
60.12126156738538,9.0,60.12126156738538,4.999953081088968,0.4170226344642738,2.4380595955575792,3.6947854351736193,0.16568582190243555,0.14779141740626825
60.14126156738538,9.0,60.14126156738538,4.999953081090356,0.41702263506523835,2.4402595096982416,3.6969852827186305,0.1657838150175018,0.1478794113093615
60.16126156738538,9.0,60.16126156738538,4.999953081091736,0.4170226356662537,2.4424594236539194,3.6991851301345817,0.16588180814167744,0.14796740520537655
60.18126156738539,9.0,60.18126156738539,4.999953081093104,0.41702263627026886,2.4446593373865704,3.7013849772822356,0.16597980121698447,0.14805539909178175
60.2012615673854,9.0,60.2012615673854,4.999953081094464,0.4170226368740603,2.4468592509405,3.7035848242597624,0.16607779430943198,0.14814339297111068
60.221261567385405,9.0,60.221261567385405,4.9999530810958115,0.41702263748019097,2.4490591643035176,3.705784671065258,0.1661757873802132,0.1482313868416739
60.24126156738541,9.0,60.24126156738541,4.999953081097146,0.4170226380863101,2.451259077490088,3.707984517644726,0.16627378045720445,0.14831938070644266
60.26126156738542,9.0,60.26126156738542,4.999953081098482,0.41702263869390516,2.4534589904900317,3.710184364127639,0.16637177355555463,0.1484073745653441
60.28126156738543,9.0,60.28126156738543,4.999953081099801,0.41702263930319095,2.4556589032862304,3.712384210358114,0.1664697665884192,0.14849536841412161
60.30126156738543,9.0,60.30126156738543,4.9999530811011095,0.4170226399132353,2.457858815899555,3.7145840564009416,0.1665677596337754,0.14858336225612737
60.321261567385434,9.0,60.321261567385434,4.9999530811024115,0.4170226405249161,2.4600587283396838,3.71678390230432,0.16666575269748934,0.14867135609242943
60.32226156738544,9.0,60.32226156738544,4.999953081102479,0.41702264055550337,2.460168723933797,3.7168938945581793,0.16667065223546831,0.1486757557791331
60.338261567385445,9.0,60.338261567385445,4.999953081103514,0.4170226410465923,2.461928653695868,3.718653771103463,0.16674904675748706,0.14874615084460277
60.35826156738545,9.0,60.35826156738545,4.999953081104792,0.41702264165989217,2.4641285658509804,3.7208536167143906,0.16684703982339974,0.14883414466831674
60.37826156738546,9.0,60.37826156738546,4.999953081106069,0.4170226422752499,2.4663284777812478,3.7230534621004847,0.1669450328365526,0.14892213848381297
60.39826156738546,9.0,60.39826156738546,4.999953081107332,0.4170226428922348,2.4685283895197303,3.725253307299506,0.16704302584430142,0.14901013229193644
60.41826156738546,9.0,60.41826156738546,4.999953081108589,0.4170226435098983,2.470728301091583,3.7274531523366314,0.16714101885127983,0.14909812609294595
60.43826156738547,9.0,60.43826156738547,4.999953081109836,0.4170226441288708,2.472928212491349,3.7296529972057644,0.16723901186019058,0.1491861198879012
60.45826156738548,9.0,60.45826156738548,4.999953081111072,0.41702264474970374,2.4751281237030227,3.7318528419030423,0.1673370048694978,0.14927411367682372
60.47826156738548,9.0,60.47826156738548,4.9999530811123005,0.4170226453707838,2.477328034753574,3.7340526864392634,0.1674349978517777,0.14936210745729805
60.498261567385484,9.0,60.498261567385484,4.999953081113519,0.41702264599432753,2.4795279456291124,3.7362525307914694,0.16753299083233883,0.14945010123171168
60.518261567385494,9.0,60.518261567385494,4.999953081114731,0.41702264661839616,2.48172785633665,3.7384523749819367,0.16763098380275723,0.14953809499879953
60.538261567385504,9.0,60.538261567385504,4.9999530811159305,0.4170226472437318,2.4839277668718136,3.740652218991766,0.1677289767698428,0.14962608875955943
60.55826156738551,9.0,60.55826156738551,4.999953081117121,0.4170226478707517,2.48612767725044,3.742852062876594,0.16782696975163133,0.149714082515161
60.57826156738551,9.0,60.57826156738551,4.999953081118308,0.41702264849958026,2.4883275874595245,3.745051906590491,0.16792496269853668,0.14980207626281491
60.579261567385515,9.0,60.579261567385515,4.999953081118368,0.4170226485306283,2.488437582925659,3.745161898643924,0.16792986242948615,0.149806475953963
60.59526156738552,9.0,60.59526156738552,4.999953081119308,0.41702264903488395,2.490197510956443,3.7469217736494658,0.1680082567962808,0.14987687094666124
60.615261567385524,9.0,60.615261567385524,4.99995308112047,0.4170226496655743,2.4923974208816033,3.749121616995258,0.16810624966442525,0.14996486467989562
60.635261567385534,9.0,60.635261567385534,4.999953081121627,0.4170226502973763,2.4945973306461964,3.75132146024778,0.1682042426005241,0.15005285841016494
60.65526156738554,9.0,60.65526156738554,4.99995308112278,0.41702265093128665,2.4967972402279788,3.7535213033533807,0.16830223552112256,0.15014085213321426
60.67526156738555,9.0,60.67526156738555,4.999953081123919,0.4170226515656578,2.4989971496495205,3.7557211462592415,0.16840022844978375,0.15022884585137716
60.69526156738554,9.0,60.69526156738554,4.999953081125049,0.41702265220159995,2.5011970589177817,3.7579209890983445,0.16849822138512283,0.15031683956326672
60.715261567385554,9.0,60.715261567385554,4.999953081126173,0.4170226528389164,2.5033969680235866,3.760120831674801,0.16859621427191213,0.1504048332674752
60.73526156738556,9.0,60.73526156738556,4.999953081127287,0.4170226534781825,2.505596876984722,3.7623206742020847,0.1686942072058073,0.1504928269678094
60.75526156738556,9.0,60.75526156738556,4.999953081128396,0.4170226541178774,2.507796785771374,3.764520516483116,0.16879220008319026,0.15058082065984224
60.77526156738557,9.0,60.77526156738557,4.999953081129492,0.4170226547591194,2.509996694436619,3.7667203587062454,0.168890192996773,0.15066881434758567
60.79526156738558,9.0,60.79526156738558,4.999953081130582,0.4170226554026065,2.5121966029157976,3.7689202007021483,0.168988185864547,0.15075680802786073
60.81526156738558,9.0,60.81526156738558,4.999953081131661,0.41702265604630656,2.514396511259792,3.771120042583749,0.16908617876780216,0.1508448017042576
60.83526156738559,9.0,60.83526156738559,4.999953081132737,0.41702265669253236,2.516596419454849,3.7733198843449287,0.16918417165539826,0.15093279537432663
60.83626156738559,9.0,60.83626156738559,4.999953081132794,0.41702265672477723,2.516706414840688,3.773429876409213,0.1691890712603613,0.15093719505579775
60.8522615673856,9.0,60.8522615673856,4.999953081133644,0.4170226572428374,2.518466341235205,3.7751897496216085,0.16926746552377958,0.15100758998386293
60.8722615673856,9.0,60.8722615673856,4.999953081134696,0.41702265789095727,2.5206662491993583,3.7773895911197912,0.16936545845939244,0.15109558364579226
60.89226156738561,9.0,60.89226156738561,4.999953081135745,0.41702265854018405,2.5228661569778414,3.77958943248801,0.1694634513316322,0.1511835772998694
60.91226156738561,9.0,60.91226156738561,4.999953081136781,0.41702265919113873,2.525066064601175,3.7817892736446708,0.16956144414784838,0.1512715709453007
60.93226156738562,9.0,60.93226156738562,4.999953081137816,0.41702265984382847,2.527265972084761,3.783989114673852,0.1696594370036575,0.15135956458731076
60.95226156738563,9.0,60.95226156738563,4.999953081138839,0.4170226604977084,2.5294658794200413,3.7861889555989388,0.16975742985939965,0.1514475582239439
60.97226156738563,9.0,60.97226156738563,4.999953081139856,0.4170226611522966,2.5316657866249135,3.7883887963626655,0.16985542268963322,0.15153555185432419
60.99226156738563,9.0,60.99226156738563,4.9999530811408635,0.41702266180932224,2.5338656936670207,3.7905886369715387,0.16995341552313503,0.15162354547967127
61.012261567385636,9.0,61.012261567385636,4.9999530811418635,0.41702266246714326,2.5360656005795863,3.7927884774802627,0.17005140834260554,0.15171153909822185
61.032261567385646,9.0,61.032261567385646,4.999953081142856,0.417022663126662,2.538265507363294,3.794988317794821,0.17014940114729213,0.1517995327113791
61.052261567385656,9.0,61.052261567385656,4.999953081143837,0.41702266378779507,2.540465413989338,3.7971881580324536,0.17024739399498773,0.15188752632193736
61.07226156738566,9.0,61.07226156738566,4.999953081144814,0.4170226644496482,2.54266532049441,3.799387998127504,0.17034538679903583,0.15197551992505065
61.09226156738566,9.0,61.09226156738566,4.999953081145782,0.4170226651143852,2.5448652268502894,3.8015878380647306,0.17044337959120023,0.1520635135224992
61.09326156738567,9.0,61.09326156738567,4.999953081145837,0.4170226651468659,2.5449752221535036,3.801697830062571,0.17044827910998434,0.15206791319722388
61.10926156738567,9.0,61.10926156738567,4.999953081146608,0.41702266567963864,2.546735147092966,3.803457701815622,0.17052667342920533,0.15213830807374729
61.129261567385676,9.0,61.129261567385676,4.999953081147553,0.4170226663465693,2.5489350532425483,3.805657541616796,0.17062466629575163,0.1522263016647584
61.149261567385686,9.0,61.149261567385686,4.999953081148499,0.41702266701428947,2.551134959227215,3.8078573811770573,0.17072265906403186,0.15231429524742093
61.16926156738569,9.0,61.16926156738569,4.999953081149435,0.41702266768295704,2.553334865078235,3.810057220639315,0.1708206518425722,0.15240228882506743
61.1892615673857,9.0,61.1892615673857,4.999953081150367,0.4170226683541726,2.555534770785138,3.8122570599336396,0.1709186446128145,0.15249028239757415
61.2092615673857,9.0,61.2092615673857,4.999953081151285,0.41702266902686314,2.5577346763684847,3.8144568991373093,0.17101663739904413,0.15257827596577703
61.22926156738571,9.0,61.22926156738571,4.999953081152199,0.4170226697008383,2.559934581817185,3.816656738218339,0.17111463017387873,0.1526662695290751
61.24926156738571,9.0,61.24926156738571,4.999953081153107,0.4170226703756128,2.56213448713872,3.8188565771330625,0.1712126229126081,0.15275426308511633
61.26926156738571,9.0,61.26926156738571,4.999953081154003,0.4170226710538185,2.5643343923320265,3.821056415943981,0.17131061567277284,0.15284225663738568
61.28926156738572,9.0,61.28926156738572,4.999953081154897,0.4170226717310047,2.5665342974015473,3.823256254633531,0.1714086084284709,0.15293025018496914
61.30926156738573,9.0,61.30926156738573,4.999953081155782,0.4170226724113942,2.5687342023244137,3.825456093179682,0.17150660117783229,0.15301824372771858
61.329261567385736,9.0,61.329261567385736,4.999953081156657,0.4170226730926742,2.5709341071398852,3.82765593163356,0.17160459393108665,0.1531062372658353
61.34926156738574,9.0,61.34926156738574,4.999953081157524,0.41702267377546265,2.573134011834296,3.8298557699548947,0.17170258666085328,0.1531942307981873
61.35026156738575,9.0,61.35026156738575,4.999953081157576,0.4170226738088577,2.573244007058265,3.829965761887849,0.17170748617370868,0.1531986304695356
61.36626156738575,9.0,61.36626156738575,4.999953081158266,0.41702267435866425,2.575003930661817,3.831725632332722,0.17178588042192078,0.15326902529377795
61.38626156738575,9.0,61.38626156738575,4.999953081159116,0.41702267504286333,2.5772038351701028,3.833925470525423,0.17188387323131413,0.15335701882100392
61.40626156738576,9.0,61.40626156738576,4.999953081159962,0.4170226757300815,2.579403739516855,3.8361253085128655,0.17198186594301362,0.15344501234032792
61.426261567385765,9.0,61.426261567385765,4.999953081160803,0.4170226764191109,2.581603643716056,3.8383251463520898,0.17207985864813763,0.15353300585438784
61.446261567385775,9.0,61.446261567385775,4.999953081161634,0.41702267710899243,2.583803547817317,3.8405249840990296,0.17217785137320313,0.15362099936469986
61.46626156738578,9.0,61.46626156738578,4.99995308116246,0.41702267780095476,2.5860034517856287,3.8427248217430945,0.1722758440820793,0.153708992869686
61.48626156738579,9.0,61.48626156738579,4.999953081163276,0.4170226784944775,2.5882033556363506,3.8449246592155406,0.17237383676014958,0.15379698636837966
61.50626156738579,9.0,61.50626156738579,4.999953081164086,0.41702267918826746,2.590403259388228,3.847124496641071,0.17247182948497664,0.1538849798654563
61.52626156738579,9.0,61.52626156738579,4.99995308116489,0.41702267988566805,2.592603162994973,3.8493243339196734,0.1725698221702924,0.15397297335642576
61.5462615673858,9.0,61.5462615673858,4.999953081165687,0.4170226805836543,2.5948030664945927,3.8515241710660186,0.17266781484935836,0.15406096684234913
61.56626156738581,9.0,61.56626156738581,4.9999530811664785,0.4170226812836765,2.5970029698812778,3.8537240081345523,0.1727658075518974,0.15414896032543365
61.58626156738581,9.0,61.58626156738581,4.999953081167259,0.41702268198437065,2.5992028731333736,3.855923845067725,0.17286380022272166,0.15423695380249058
61.606261567385815,9.0,61.606261567385815,4.9999530811680355,0.41702268268764864,2.6014027762836034,3.8581236818747753,0.17296179289153665,0.1543249472749548
61.60726156738583,9.0,61.60726156738583,4.999953081168079,0.4170226827222958,2.6015127714191286,3.858233673651567,0.1729666924044086,0.1543293469434296
61.623261567385825,9.0,61.623261567385825,4.999953081168692,0.4170226832873485,2.6032726938424062,3.859993543102952,0.17304508671251748,0.15439974172469673
61.64326156738583,9.0,61.64326156738583,4.999953081169447,0.4170226839931259,2.6054725968008214,3.8621933797253174,0.17314307935584364,0.15448773518885306
61.66326156738584,9.0,61.66326156738584,4.9999530811702035,0.41702268469960235,2.6076724996459277,3.864393216236798,0.17324107200924285,0.154575728649605
61.68326156738584,9.0,61.68326156738584,4.999953081170949,0.4170226854087386,2.6098724023641475,3.8665930526549945,0.17333906466974278,0.15466372210634055
61.70326156738585,9.0,61.70326156738585,4.999953081171686,0.41702268611908877,2.6120723049741428,3.8687928889526684,0.17343705731553238,0.15475171555796885
61.723261567385855,9.0,61.723261567385855,4.9999530811724195,0.41702268683189003,2.61427220746065,3.8709927251322016,0.17353504996217656,0.15483970900543814
61.743261567385865,9.0,61.743261567385865,4.999953081173147,0.4170226875458482,2.6164721098404087,3.873192561221414,0.1736330426138729,0.15492770244903895
61.76326156738587,9.0,61.76326156738587,4.9999530811738655,0.4170226882615254,2.618672012104307,3.875392397182685,0.17373103524307518,0.1550156958872098
61.78326156738588,9.0,61.78326156738588,4.9999530811745805,0.4170226889776433,2.6208719142897596,3.877592233057814,0.17382902787621599,0.15510368932140245
61.803261567385874,9.0,61.803261567385874,4.999953081175288,0.4170226896960642,2.62307181635226,3.8797920688435505,0.17392702051384898,0.1551916827525203
61.823261567385885,9.0,61.823261567385885,4.9999530811759865,0.4170226904171611,2.625271718288381,3.881991904487849,0.1740250131399985,0.1552796761794358
61.84326156738589,9.0,61.84326156738589,4.999953081176677,0.41702269114026475,2.627471620124266,3.8841917400491077,0.17412300577641285,0.15536766960257842
61.86326156738589,9.0,61.86326156738589,4.999953081177359,0.4170226918643093,2.6296715218489393,3.8863915755006926,0.1742209983917448,0.15545566302043212
61.8642615673859,9.0,61.8642615673859,4.999953081177398,0.4170226918996004,2.629781516915612,3.8865015672113175,0.17422589797812188,0.15546006268916665
61.8802615673859,9.0,61.8802615673859,4.999953081177942,0.41702269248048773,2.6315414382165048,3.888261435541654,0.17430429212598625,0.15553045742160526
61.900261567385904,9.0,61.900261567385904,4.999953081178608,0.417022693207234,2.633741339789341,3.890461270819501,0.1744022847353541,0.15561845083240236
61.920261567385914,9.0,61.920261567385914,4.999953081179274,0.41702269393524,2.635941241231876,3.8926611059817824,0.17450027733508233,0.15570644423936247
61.94026156738592,9.0,61.94026156738592,4.999953081179934,0.4170226946655365,2.638141142561441,3.8948609410538726,0.1745982699383428,0.15579443764233825
61.96026156738593,9.0,61.96026156738593,4.999953081180586,0.41702269539761366,2.6403410437870987,3.897060776022896,0.1746962625426287,0.1558824310416889
61.98026156738593,9.0,61.98026156738593,4.999953081181236,0.4170226961309521,2.642540944911569,3.8992606108930548,0.1747942551053807,0.15597042443379697
62.00026156738594,9.0,62.00026156738594,4.999953081181872,0.4170226968675811,2.6447408459237294,3.9014604455904736,0.17489224769596284,0.15605841782463814
62.020261567385944,9.0,62.020261567385944,4.9999530811824995,0.41702269760451477,2.6469407468472865,3.9036602803194165,0.17499024032425384,0.1561464112130456
62.040261567385954,9.0,62.040261567385954,4.999953081183127,0.41702269834233735,2.6491406476682475,3.905860114877839,0.17508823288048925,0.15623440459472812
62.06026156738596,9.0,62.06026156738596,4.999953081183747,0.4170226990828916,2.651340548392336,3.908059949336176,0.1751862254550733,0.1563223979734783
62.08026156738596,9.0,62.08026156738596,4.999953081184359,0.41702269982506596,2.653540449020367,3.910259783733131,0.17528421803928534,0.1564103913489847
62.100261567385964,9.0,62.100261567385964,4.999953081184963,0.41702270057006896,2.655740349526757,3.912459617994206,0.17538221060428116,0.15649838472018443
62.12026156738597,9.0,62.12026156738597,4.999953081185563,0.4170227013160749,2.657940249946703,3.9146594521855893,0.17548020316948104,0.15658637808712095
62.12126156738598,9.0,62.12126156738598,4.999953081185601,0.4170227013525916,2.6580502449501027,3.914769443848182,0.17548510295050876,0.15659077776193192
62.13726156738598,9.0,62.13726156738598,4.999953081186078,0.417022701950785,2.6598101652088912,3.9165293112015105,0.17556349685818895,0.1566611724460001
62.15726156738598,9.0,62.15726156738598,4.999953081186657,0.4170227027005912,2.662010065469762,3.9187291451258304,0.1756614893921982,0.15674916580559645
62.17726156738599,9.0,62.17726156738599,4.999953081187236,0.41702270345078096,2.6642099656151284,3.9209289791044943,0.17575948199080593,0.15683715916456847
62.19726156738599,9.0,62.19726156738599,4.9999530811878135,0.41702270420373505,2.6664098656556914,3.9231288129088187,0.17585747450869832,0.1569251525159443
62.217261567386004,9.0,62.217261567386004,4.999953081188378,0.41702270495763083,2.6686097656167584,3.9253286466299904,0.17595546705826937,0.15701314586532208
62.23726156738601,9.0,62.23726156738601,4.9999530811889406,0.4170227057143389,2.670809665464102,3.9275284802855452,0.17605345959858906,0.15710113921026203
62.25726156738602,9.0,62.25726156738602,4.999953081189498,0.4170227064721073,2.673009565213507,3.9297283137863084,0.1761514521360571,0.1571891325523023
62.27726156738602,9.0,62.27726156738602,4.999953081190044,0.41702270723183876,2.6752094648829203,3.93192814729704,0.1762494446877879,0.15727712589073112
62.29726156738603,9.0,62.29726156738603,4.999953081190586,0.41702270799352353,2.6774093644532266,3.9341279805945595,0.17634743719862278,0.15736511922467292
62.31726156738603,9.0,62.31726156738603,4.999953081191123,0.4170227087565822,2.6796092639289664,3.936327813923143,0.176445429750156,0.15745311255620056
62.337261567386044,9.0,62.337261567386044,4.999953081191649,0.4170227095224268,2.6818091633104038,3.938527647052223,0.17654342224522407,0.1575411058820848
62.35726156738604,9.0,62.35726156738604,4.999953081192176,0.41702271028916016,2.6840090626060213,3.940727480178555,0.17664141479094053,0.1576290992068687
62.37726156738604,9.0,62.37726156738604,4.999953081192693,0.4170227110586876,2.6862089617962486,3.9429273131669844,0.17673940729909432,0.15771709252682642
62.39726156738605,9.0,62.39726156738605,4.9999530811932,0.41702271182901535,2.688408860904654,3.945127146079079,0.17683739981589203,0.15780508584355266
62.39826156738606,9.0,62.39826156738606,4.999953081193237,0.41702271186761974,2.6885188558537205,3.9452371377652664,0.1768422994621289,0.15780948550994778
62.414261567386056,9.0,62.414261567386056,4.999953081193645,0.41702271248609596,2.6902787750228287,3.94699700392348,0.17692069339508104,0.15787988015722904
62.434261567386066,9.0,62.434261567386066,4.999953081194135,0.41702271326044293,2.6924786740009625,3.949196836724955,0.17701868594548475,0.1579678734682996
62.45426156738607,9.0,62.45426156738607,4.999953081194622,0.41702271403610136,2.6946785728533302,3.9513966693889415,0.1771166784577042,0.15805586677570926
62.47426156738608,9.0,62.47426156738608,4.99995308119511,0.41702271481469155,2.696878471612696,3.9535965019931893,0.177214670966961,0.15814386007975206
62.49426156738608,9.0,62.49426156738608,4.99995308119559,0.41702271559455234,2.6990783702705374,3.9557963344668012,0.17731266344039165,0.15823185337832482
62.5142615673861,9.0,62.5142615673861,4.999953081196064,0.4170227163758998,2.7012782688524815,3.9579961668583845,0.1774106559384723,0.15831984667483964
62.53426156738611,9.0,62.53426156738611,4.9999530811965345,0.41702271715948397,2.70347816733822,3.9601959992006543,0.17750864843548422,0.15840783996788305
62.554261567386106,9.0,62.554261567386106,4.999953081196994,0.41702271794459683,2.7056780657365387,3.962395831411551,0.17760664090217826,0.15849583325622765
62.57426156738611,9.0,62.57426156738611,4.999953081197452,0.4170227187331089,2.707877964051754,3.964595663562357,0.17770463339315587,0.1585838265426016
62.59426156738612,9.0,62.59426156738612,4.9999530811979,0.41702271952192127,2.7100778622779735,3.9667954956394453,0.17780262588262993,0.15867181982610198
62.61426156738612,9.0,62.61426156738612,4.999953081198344,0.4170227203135025,2.7122777604084107,3.9689953276203296,0.17790061834529766,0.15875981310472104
62.63426156738613,9.0,62.63426156738613,4.999953081198782,0.4170227211065326,2.7144776584565613,3.9711951594954256,0.17799861080334717,0.15884780637970072
62.654261567386136,9.0,62.654261567386136,4.9999530811992114,0.41702272190091605,2.7166775564310464,3.973394991318986,0.1780966032888353,0.15893579965326063
62.65526156738615,9.0,62.65526156738615,4.999953081199241,0.41702272194162304,2.716787551326047,3.97350498296682,0.17810150283284015,0.1589401993132433
62.67126156738614,9.0,62.67126156738614,4.999953081199585,0.41702272258033485,2.7185474695752205,3.9752648481893766,0.17817989680000892,0.15901059392841396
62.69126156738615,9.0,62.69126156738615,4.999953081199998,0.4170227233783536,2.7207473674206937,3.9774646799622273,0.17827788934748517,0.1590985871979812
62.71126156738616,9.0,62.71126156738616,4.999953081200411,0.4170227241793853,2.722947265140079,3.9796645115176053,0.1783758817832324,0.15918658046035275
62.73126156738616,9.0,62.73126156738616,4.999953081200825,0.4170227249826478,2.7251471627758304,3.9818643430133647,0.17847387424963418,0.1592745737211358
62.751261567386166,9.0,62.751261567386166,4.999953081201223,0.4170227257868641,2.7273470603323493,3.9840641744591356,0.1785718667134305,0.15936256697880496
62.771261567386176,9.0,62.771261567386176,4.999953081201619,0.4170227265926741,2.7295469578056064,3.986264005792141,0.1786698591472732,0.15945056023191823
62.79126156738619,9.0,62.79126156738619,4.999953081202009,0.417022727402362,2.731746855183415,3.988463837037709,0.17876785157619884,0.15953855348110468
62.81126156738619,9.0,62.81126156738619,4.999953081202393,0.41702272821308206,2.733946752480275,3.9906636681935233,0.17886584401303757,0.15962654672760734
62.831261567386186,9.0,62.831261567386186,4.999953081202776,0.4170227290259688,2.736146649695136,3.9928634992996477,0.17896383645927455,0.159714539971616
62.851261567386196,9.0,62.851261567386196,4.99995308120315,0.4170227298411945,2.738346546831754,3.9950633303123944,0.17906182889052047,0.15980253321220464
62.8712615673862,9.0,62.8712615673862,4.999953081203516,0.41702273065797124,2.7405464438753167,3.9972631612370173,0.17915982133370678,0.1598905264508076
62.89126156738621,9.0,62.89126156738621,4.9999530812038735,0.41702273147600744,2.742746340867674,3.9994629921523344,0.17925781376436634,0.1599785196851591
62.91126156738621,9.0,62.91126156738621,4.9999530812042305,0.417022732297011,2.7449462377427114,4.001662822868532,0.1793558061463395,0.16006651291434942
62.912261567386224,9.0,62.912261567386224,4.999953081204256,0.41702273233917514,2.745056232569931,4.001772814381279,0.17936070579577287,0.1600709125771308
62.928261567386215,9.0,62.928261567386215,4.999953081204541,0.4170227329984228,2.7468161499951247,4.00353267897045,0.17943909975170083,0.1601413071597985
62.948261567386226,9.0,62.948261567386226,4.999953081204875,0.4170227338220758,2.749016046760961,4.005732509637734,0.17953709215878963,0.1602293003845984
62.968261567386236,9.0,62.968261567386236,4.999953081205214,0.41702273464825074,2.751215943422694,4.007932340145752,0.1796350845428105,0.16031729360568267
62.98826156738624,9.0,62.98826156738624,4.9999530812055415,0.41702273547780566,2.7534158400074316,4.010132170663516,0.1797330769877576,0.16040528682698452
63.00826156738624,9.0,63.00826156738624,4.999953081205871,0.41702273630887016,2.755615736501986,4.012332001070993,0.17983106938715843,0.16049328004318675
63.02826156738625,9.0,63.02826156738625,4.999953081206197,0.41702273714174953,2.757815632917629,4.014531831388828,0.17992906177972154,0.1605812732556926
63.04826156738626,9.0,63.04826156738626,4.9999530812065105,0.4170227379772722,2.760015529241396,4.01673166162162,0.18002705417731416,0.16066926646530655
63.068261567386266,9.0,63.068261567386266,4.999953081206821,0.41702273881437785,2.7622154255055436,4.018931491811185,0.18012504657689815,0.1607572596719098
63.08826156738627,9.0,63.08826156738627,4.999953081207123,0.41702273965399056,2.764415321686567,4.02113132189262,0.18022303896695624,0.16084525287575857
63.10826156738627,9.0,63.10826156738627,4.9999530812074235,0.41702274049542776,2.766615217795873,4.023331151936286,0.18032103137738606,0.1609332460779832
63.128261567386275,9.0,63.128261567386275,4.999953081207715,0.4170227413388973,2.7688151138204593,4.025530981893843,0.18041902375781238,0.16102123927574105
63.148261567386285,9.0,63.148261567386285,4.999953081208002,0.41702274218531965,2.771015009767983,4.027730811750128,0.18051701612878487,0.16110923246995815
63.16826156738629,9.0,63.16826156738629,4.999953081208286,0.41702274303383474,2.773214905624883,4.029930641551092,0.1806150085174094,0.16119722566217534
63.1692615673863,9.0,63.1692615673863,4.999953081208304,0.41702274307601667,2.773324900405357,4.030040633018028,0.18061990804765182,0.16120162531791665
63.18526156738629,9.0,63.18526156738629,4.9999530812085204,0.4170227437568385,2.7750848170309323,4.031800496802001,0.18069830204150863,0.16127201987248194
63.2052615673863,9.0,63.2052615673863,4.999953081208788,0.4170227446086259,2.7772847127739677,4.034000326473373,0.18079629441780715,0.16136001305874603
63.22526156738631,9.0,63.22526156738631,4.999953081209053,0.4170227454625273,2.779484608431158,4.036200156068895,0.18089428679364541,0.16144800624289346
63.245261567386315,9.0,63.245261567386315,4.999953081209315,0.4170227463192901,2.781684504000381,4.038399985590553,0.18099227915759405,0.1615359994234207
63.26526156738632,9.0,63.26526156738632,4.999953081209567,0.41702274717772236,2.783884399490068,4.040599815021053,0.18109027152323584,0.1616239926013605
63.28526156738633,9.0,63.28526156738633,4.99995308120982,0.4170227480386557,2.786084294917045,4.042799644406953,0.18118826387551726,0.16171198577497767
63.30526156738634,9.0,63.30526156738634,4.9999530812100605,0.4170227489020327,2.7882841902602946,4.044999473671543,0.18128625623842945,0.16179997894745696
63.32526156738634,9.0,63.32526156738634,4.999953081210293,0.4170227497672162,2.790484085524521,4.047199302946165,0.18138424863255848,0.16188797211882672
63.345261567386345,9.0,63.345261567386345,4.999953081210526,0.41702275063493777,2.792683980725787,4.049399132079696,0.18148224093938523,0.16197596528207844
63.365261567386355,9.0,63.365261567386355,4.999953081210757,0.4170227515051166,2.7948838758426295,4.051598961117554,0.18158023329349127,0.16206395844547747
63.38526156738635,9.0,63.38526156738635,4.999953081210976,0.4170227523769954,2.797083770893462,4.053798790192343,0.18167822567115086,0.16215195160710572
63.40526156738636,9.0,63.40526156738636,4.9999530812111885,0.41702275325192056,2.799283665850702,4.0559986190794755,0.18177621799826682,0.16223994476454082
63.425261567386364,9.0,63.425261567386364,4.9999530812114,0.4170227541278019,2.801483560759553,4.058198447998595,0.18187421034491733,0.16232793791877517
63.445261567386375,9.0,63.445261567386375,4.9999530812116015,0.4170227550076816,2.8036834555733727,4.060398276737957,0.18197220265872588,0.1624159310696269
63.46526156738638,9.0,63.46526156738638,4.999953081211802,0.4170227558883521,2.8058833503245078,4.062598105496675,0.18207019502339827,0.16250392421994264
63.48526156738639,9.0,63.48526156738639,4.999953081211996,0.41702275677274125,2.808083244996865,4.0647979341431135,0.18216818734441867,0.16259191736566564
63.50526156738639,9.0,63.50526156738639,4.999953081212187,0.41702275765837693,2.810283139598049,4.06699776272384,0.18226617967575676,0.16267991050920316
63.50626156738639,9.0,63.50626156738639,4.9999530812121975,0.41702275770270925,2.810393134316977,4.067107754128799,0.1822710791771225,0.16268431016135926
63.522261567386394,9.0,63.522261567386394,4.999953081212342,0.41702275841412056,2.812153049924176,4.0688676169411595,0.18234947317125322,0.1627547046792804
63.542261567386404,9.0,63.542261567386404,4.999953081212518,0.41702275930367877,2.814352944426466,4.071067445466338,0.18244746548849583,0.16284269781679733
63.562261567386415,9.0,63.562261567386415,4.999953081212688,0.4170227601960184,2.8165528388217473,4.073267273790058,0.18254545778221792,0.16293069095187687
63.58226156738642,9.0,63.58226156738642,4.999953081212857,0.417022761091031,2.8187527331425213,4.075467102163769,0.18264345012077388,0.1630186840853036
63.60226156738642,9.0,63.60226156738642,4.999953081213015,0.4170227619883731,2.8209526273899153,4.077666930358686,0.18274144242297047,0.16310667721529157
63.62226156738643,9.0,63.62226156738643,4.999953081213172,0.4170227628886679,2.8231525215627062,4.079866758576031,0.18283943475712772,0.16319467034327478
63.64226156738644,9.0,63.64226156738644,4.99995308121332,0.41702276379027,2.825352415666566,4.082066586661848,0.18293742704233718,0.16328266346633524
63.66226156738644,9.0,63.66226156738644,4.999953081213468,0.41702276469557287,2.82755230970427,4.084266414705652,0.18303541935946813,0.16337065658853295
63.68226156738644,9.0,63.68226156738644,4.999953081213609,0.41702276560189244,2.829752203673238,4.086466242696373,0.1831334116743754,0.16345864970836738
63.70226156738645,9.0,63.70226156738645,4.999953081213743,0.41702276651145126,2.8319520975655825,4.088666070610256,0.18323140395735105,0.1635466428235924
63.722261567386454,9.0,63.722261567386454,4.999953081213868,0.4170227674239196,2.8341519913830155,4.090865898412068,0.18332939623881614,0.16363463593615435
63.742261567386464,9.0,63.742261567386464,4.999953081213991,0.4170227683376243,2.8363518851270246,4.093065726191936,0.18342738855993157,0.16372262904832902
63.76226156738647,9.0,63.76226156738647,4.999953081214112,0.4170227692540801,2.8385517788207015,4.095265553929929,0.1835253808525968,0.1638106221564913
63.76326156738648,9.0,63.76326156738648,4.999953081214122,0.4170227693002212,2.838661773477445,4.095375545189322,0.18353028044309233,0.16381502181124002
63.77926156738647,9.0,63.77926156738647,4.999953081214211,0.417022770036521,2.8404216883767024,4.097135407453254,0.18360867436011585,0.16388541629804773
63.79926156738648,9.0,63.79926156738648,4.999953081214318,0.41702277095739415,2.8426215819379874,4.0993352349922585,0.18370666659339563,0.1639734093997845
63.81926156738649,9.0,63.81926156738649,4.999953081214419,0.4170227718805962,2.8448214754291423,4.1015350625074385,0.1838046588673078,0.1640614025004146
63.839261567386494,9.0,63.839261567386494,4.999953081214512,0.417022772807072,2.847021368828924,4.103734889937287,0.18390265113098078,0.1641493955972762
63.8592615673865,9.0,63.8592615673865,4.999953081214605,0.4170227737360737,2.849221262179085,4.105934717309247,0.1840006434069576,0.16423738869198126
63.87926156738651,9.0,63.87926156738651,4.999953081214693,0.4170227746668257,2.851421155448765,4.108134544633691,0.18409863570296897,0.16432538178595874
63.89926156738652,9.0,63.89926156738652,4.999953081214778,0.4170227756003253,2.8536210486538685,4.110334371890474,0.18419662796396524,0.1644133748751366
63.91926156738652,9.0,63.91926156738652,4.999953081214851,0.4170227765373552,2.8558209417893767,4.112534199053368,0.1842946202297324,0.16450136796247278
63.93926156738652,9.0,63.93926156738652,4.99995308121492,0.4170227774764876,2.858020834860793,4.114734026200511,0.18439261251478592,0.16458936104829444
63.95926156738653,9.0,63.95926156738653,4.999953081214987,0.417022778417949,2.860220727845289,4.11693385323013,0.18449060475920295,0.16467735412941711
63.97926156738653,9.0,63.97926156738653,4.999953081215048,0.4170227793615174,2.8624206207823137,4.11913368021857,0.18458859701637542,0.16476534720820982
63.99926156738654,9.0,63.99926156738654,4.9999530812151045,0.4170227803083419,2.864620513631265,4.121333507111184,0.18468658926501014,0.16485334028418783
64.01926156738655,9.0,64.01926156738655,4.9999530812151525,0.41702278125744585,2.8668204064236233,4.12353333397862,0.18478458154780986,0.16494133335998418
64.02026156738656,9.0,64.02026156738656,4.99995308121516,0.4170227813050488,2.8669304010688896,4.12364332542265,0.18478948112666574,0.16494573301179805
64.03626156738655,9.0,64.03626156738655,4.9999530812151995,0.41702278206701543,2.868690315209857,4.125403186633626,0.18486787483937853,0.16501612746561178
64.05626156738656,9.0,64.05626156738656,4.999953081215234,0.4170227830205104,2.8708902079150094,4.127603013493609,0.1849658672090371,0.16510412053965193
64.07626156738657,9.0,64.07626156738657,4.999953081215267,0.4170227839773524,2.8730901005152814,4.129802840164518,0.1850638594562534,0.16519211360707597
64.09626156738656,9.0,64.09626156738656,4.999953081215298,0.41702278493687833,2.875289993046218,4.132002666776952,0.185161851690429,0.16528010667075627
64.11626156738657,9.0,64.11626156738657,4.999953081215319,0.41702278589893443,2.8774898855113884,4.134202493299895,0.18525984392539752,0.16536809973214012
64.13626156738658,9.0,64.13626156738658,4.999953081215341,0.41702278686327904,2.879689777911213,4.136402319805146,0.18535783617652835,0.16545609279185056
64.1562615673866,9.0,64.1562615673866,4.9999530812153505,0.41702278783124325,2.8818896702178014,4.138602146173462,0.18545582839807745,0.16554408584778965
64.1762615673866,9.0,64.1762615673866,4.99995308121536,0.4170227888017977,2.8840895624814795,4.1408019725341685,0.18555382062955952,0.16563207890061868
64.1962615673866,9.0,64.1962615673866,4.999953081215364,0.4170227897738019,2.886289454682762,4.143001798792826,0.18565181285319,0.16572007195144337
64.2162615673866,9.0,64.2162615673866,4.999953081215359,0.4170227907490011,2.888489346810963,4.145201625041665,0.18574980511004752,0.16580806500211073
64.2362615673866,9.0,64.2362615673866,4.999953081215355,0.4170227917271363,2.890689238868157,4.147401451198923,0.18584779731941226,0.16589605804769242
64.25626156738662,9.0,64.25626156738662,4.999953081215346,0.4170227927083282,2.8928891308611937,4.149601277268902,0.18594578952235527,0.16598405109008288
64.27626156738663,9.0,64.27626156738663,4.999953081215327,0.4170227936922829,2.8950890227814163,4.151801103289441,0.18604378175959496,0.16607204413223503
64.27726156738663,9.0,64.27726156738663,4.999953081215334,0.4170227937415199,2.895199017385627,4.151911094709217,0.18604868153203397,0.1660764437906206
64.29326156738662,9.0,64.29326156738662,4.999953081215313,0.41702279453138946,2.8969589308373616,4.153670955294857,0.18612707504449552,0.16614683821143228
64.31326156738663,9.0,64.31326156738663,4.999953081215281,0.4170227955195724,2.8991588226668794,4.155870781244887,0.1862250673390589,0.16623483125043453
64.33326156738664,9.0,64.33326156738664,4.99995308121525,0.41702279651113416,2.9013587144110873,4.158070607140529,0.18632305957869225,0.1663228242853744
64.35326156738665,9.0,64.35326156738665,4.99995308121521,0.4170227975055813,2.9035586060835405,4.160270432903336,0.18642105176090445,0.16641081731540885
64.37326156738665,9.0,64.37326156738665,4.99995308121517,0.4170227985027461,2.9057584976963,4.162470258629432,0.18651904398979333,0.16649881034600914
64.39326156738666,9.0,64.39326156738666,4.999953081215121,0.4170227995025513,2.907958389234808,4.164670084336394,0.18661703620600195,0.16658680337351447
64.41326156738667,9.0,64.41326156738667,4.99995308121507,0.4170228005057191,2.910158280696599,4.1668699098777795,0.1867150283481584,0.16667479639381125
64.43326156738667,9.0,64.43326156738667,4.999953081215012,0.41702280151130866,2.912358172114276,4.169069735393103,0.1868130205740846,0.16676278941649872
64.45326156738668,9.0,64.45326156738668,4.999953081214951,0.41702280252037377,2.9145580634617687,4.171269560924828,0.1869110127908076,0.16685078243628584
64.47326156738669,9.0,64.47326156738669,4.999953081214885,0.41702280353184623,2.9167579547249396,4.173469386264823,0.18700900494532963,0.1669387754509043
64.49326156738668,9.0,64.49326156738668,4.999953081214808,0.41702280454662394,2.9189578459357586,4.175669211637688,0.18710699716324594,0.16702676846583103
64.51326156738669,9.0,64.51326156738669,4.9999530812147315,0.41702280556409066,2.9211577370867303,4.177869036917296,0.18720498934558283,0.16711476147708076
64.5332615673867,9.0,64.5332615673867,4.999953081214648,0.41702280658339475,2.923357628177667,4.180068862155775,0.18730298152628774,0.16720275448573077
64.53426156738671,9.0,64.53426156738671,4.999953081214652,0.4170228066349685,2.923467622709483,4.1801788533328175,0.1873078810006288,0.1672071541307591
64.5502615673867,9.0,64.5502615673867,4.999953081214582,0.41702280745388576,2.925227535516865,4.181938713521334,0.18738627491123674,0.16727754854162313
64.57026156738671,9.0,64.57026156738671,4.999953081214481,0.4170228084798334,2.9274274264975397,4.184138538652987,0.1874842670898017,0.16736554154658895
64.59026156738672,9.0,64.59026156738672,4.999953081214385,0.41702280950779597,2.9296273173967657,4.1863383636868114,0.18758225922868052,0.16745353454681372
64.61026156738671,9.0,64.61026156738671,4.99995308121428,0.41702281053918333,2.9318272082231616,4.188538188629964,0.18768025139147917,0.1675415275455979
64.63026156738673,9.0,64.63026156738673,4.999953081214171,0.4170228115742955,2.934027098987392,4.190738013576771,0.1877782435763553,0.16762952054261973
64.65026156738674,9.0,64.65026156738674,4.999953081214058,0.4170228126110802,2.936226989692428,4.192937838416625,0.18787623573401013,0.1677175135364864
64.67026156738675,9.0,64.67026156738675,4.999953081213941,0.417022813652042,2.9384268803294487,4.195137663224224,0.1879742279188519,0.16780550652970447
64.69026156738676,9.0,64.69026156738676,4.9999530812138175,0.41702281469559715,2.940626770906552,4.197337487983767,0.18807222007090382,0.16789349951843577
64.71026156738675,9.0,64.71026156738675,4.999953081213691,0.41702281574191197,2.9428266614133447,4.199537312605857,0.18817021222083122,0.16798149250532476
64.73026156738676,9.0,64.73026156738676,4.999953081213559,0.41702281679244163,2.945026551840225,4.201737137257891,0.18826820439541941,0.16806948549013057
64.75026156738677,9.0,64.75026156738677,4.999953081213418,0.4170228178452846,2.947226442226278,4.203936961760945,0.18836619652506645,0.16815747847076787
64.77026156738677,9.0,64.77026156738677,4.999953081213275,0.41702281890078124,2.9494263325426378,4.206136786293961,0.1884641886991202,0.1682454714512246
64.79026156738678,9.0,64.79026156738678,4.999953081213127,0.4170228199601693,2.9516262227880485,4.208336610679034,0.18856218081548454,0.16833346442646346
64.81026156738677,9.0,64.81026156738677,4.999953081212975,0.417022821021671,2.9538261129791428,4.210536435050092,0.18866017298184184,0.16842145740200562
64.83026156738678,9.0,64.83026156738678,4.999953081212816,0.4170228220875783,2.956026003089458,4.212736259367339,0.18875816512111954,0.16850945037369922
64.83126156738679,9.0,64.83126156738679,4.99995308121281,0.4170228221415409,2.9561359975598105,4.21284625035194,0.18876306463374293,0.1685138500188216
64.8472615673868,9.0,64.8472615673868,4.999953081212679,0.4170228229964188,2.9578959096465347,4.214606110113073,0.18884145864744817,0.16858424440615635
64.8672615673868,9.0,64.8672615673868,4.999953081212509,0.4170228240664304,2.9600957996424166,4.21680593419268,0.18893945060920814,0.16867223736733802
64.8872615673868,9.0,64.8872615673868,4.999953081212336,0.4170228251411104,2.962295689582563,4.219005758259537,0.18903744269549494,0.16876023033009688
64.90726156738681,9.0,64.90726156738681,4.999953081212156,0.41702282621788195,2.9644955794736783,4.221205582360388,0.18913543485872222,0.16884822329429391
64.92726156738682,9.0,64.92726156738682,4.999953081211977,0.417022827299258,2.9666954692673335,4.223405406360426,0.1892334269762591,0.16893621625397295
64.94726156738682,9.0,64.94726156738682,4.999953081211786,0.41702282838380894,2.9688953590013325,4.225605230272863,0.1893314190998031,0.16902420921149258
64.96726156738683,9.0,64.96726156738683,4.999953081211596,0.41702282946967134,2.9710952486888487,4.227805054187614,0.18942941123792434,0.1691122021670915
64.98726156738684,9.0,64.98726156738684,4.999953081211395,0.4170228305607467,2.9732951383030906,4.230004877984998,0.18952740335160898,0.16920019511987214
65.00726156738685,9.0,65.00726156738685,4.999953081211191,0.4170228316545202,2.9754950278621473,4.232204701789582,0.18962539548981672,0.1692881880714905
65.02726156738686,9.0,65.02726156738686,4.999953081210989,0.4170228327509597,2.9776949173521494,4.2344045254521205,0.18972338757324872,0.16937618101774532
65.04726156738685,9.0,65.04726156738685,4.999953081210774,0.4170228338509638,2.9798948067816644,4.236604349095848,0.18982137969915322,0.16946417396366337
65.06726156738685,9.0,65.06726156738685,4.999953081210554,0.41702283495484216,2.9820946961354022,4.238804172677442,0.1899193718086837,0.16955216690651853
65.08726156738686,9.0,65.08726156738686,4.999953081210328,0.41702283606150103,2.9842945854334344,4.241003996161579,0.1900173639118766,0.16964015984685424
65.08826156738687,9.0,65.08826156738687,4.9999530812103234,0.4170228361175842,2.9844045798923626,4.241113987342283,0.19002226361397961,0.16964455949761859
65.10426156738687,9.0,65.10426156738687,4.999953081210147,0.4170228370055135,2.986164491274208,4.2428738461563205,0.19010065721079417,0.16971495384442786
65.12426156738687,9.0,65.12426156738687,4.9999530812099096,0.41702283811949786,2.9883643804600393,4.245073669480441,0.19019864930039757,0.16980294678046323
65.14426156738688,9.0,65.14426156738688,4.999953081209667,0.41702283923531225,2.9905642695827437,4.247273492914719,0.19029664145371,0.16989093971703206
65.16426156738689,9.0,65.16426156738689,4.999953081209427,0.4170228403541783,2.9927641586404086,4.249473316157429,0.19039463350409883,0.16997893264622563
65.1842615673869,9.0,65.1842615673869,4.99995308120918,0.41702284147796653,2.9949640476302037,4.251673139379534,0.1904926255960402,0.17006692557442077
65.20426156738691,9.0,65.20426156738691,4.999953081208927,0.4170228426047545,2.9971639365411535,4.253872962511241,0.19059061770348398,0.17015491850190906
65.2242615673869,9.0,65.2242615673869,4.999953081208673,0.41702284373388865,2.999363825416139,4.256072785677279,0.19068860980419178,0.17024291142596606
65.24426156738691,9.0,65.24426156738691,4.999953081208411,0.41702284486795255,3.001563714211725,4.258272608646828,0.19078660186006452,0.17033090434645703
65.26426156738692,9.0,65.26426156738692,4.999953081208141,0.41702284600530704,3.003763602940033,4.260472431665529,0.19088459396751742,0.17041889726618473
65.28426156738692,9.0,65.28426156738692,4.999953081207869,0.4170228471465261,3.0059634915971536,4.2626722545467635,0.19098258602964693,0.17050689018183332
65.30426156738693,9.0,65.30426156738693,4.999953081207598,0.41702284829004854,3.0081633802135768,4.264872077423679,0.1910805781275127,0.1705948830969598
65.32426156738693,9.0,65.32426156738693,4.9999530812073125,0.4170228494379287,3.0103632687547965,4.267071900212499,0.1911785702036921,0.17068287600909274
65.34426156738694,9.0,65.34426156738694,4.9999530812070265,0.4170228505892666,3.0125631572279707,4.269271722950589,0.19127656226991877,0.1707708689178254
65.34526156738694,9.0,65.34526156738694,4.9999530812070185,0.4170228506468524,3.0126731516315695,4.269381713984986,0.19128146185799016,0.1707752685626865
65.36126156738695,9.0,65.36126156738695,4.999953081206789,0.41702285157138763,3.0144330623683526,4.2711415722821755,0.19135985559246368,0.1708456628903543
65.38126156738696,9.0,65.38126156738696,4.99995308120649,0.4170228527276973,3.0166329507389236,4.273341394809761,0.19145784758083667,0.17093365579163744
65.40126156738695,9.0,65.40126156738695,4.999953081206188,0.417022853889469,3.0188328390420183,4.2755412174010115,0.19155583968272807,0.1710216486965691
65.42126156738696,9.0,65.42126156738696,4.999953081205883,0.4170228550540413,3.021032727283006,4.277741039913675,0.19165383173870845,0.17110964159666658
65.44126156738697,9.0,65.44126156738697,4.999953081205573,0.4170228562222278,3.0232326154458082,4.2799408623386475,0.19175182377875696,0.17119763449313513
65.46126156738697,9.0,65.46126156738697,4.999953081205256,0.4170228573949343,3.025432503539722,4.282140684700772,0.19184981583532038,0.17128562738795572
65.48126156738698,9.0,65.48126156738698,4.999953081204935,0.4170228585716435,3.0276323915806267,4.2843405070131135,0.19194780790094879,0.17137362028099928
65.50126156738699,9.0,65.50126156738699,4.999953081204609,0.41702285975040204,3.029832279563928,4.286540329284164,0.1920457999580305,0.17146161317136113
65.521261567387,9.0,65.521261567387,4.999953081204286,0.41702286093350077,3.0320321674800303,4.288740151474611,0.19214379200457546,0.17154960605927966
65.54126156738701,9.0,65.54126156738701,4.999953081203953,0.4170228621213518,3.034232055305217,4.2909399735927165,0.19224178403657832,0.17163759894342132
65.561261567387,9.0,65.561261567387,4.999953081203614,0.41702286331152827,3.0364319431097377,4.293139795649522,0.19233977607694305,0.17172559182559524
65.58126156738702,9.0,65.58126156738702,4.999953081203273,0.41702286450611326,3.0386318308202864,4.2953396176786365,0.192437768142299,0.1718135847075245
65.60126156738701,9.0,65.60126156738701,4.999953081202925,0.4170228657044429,3.0408317184732456,4.29753943962812,0.19253576015894838,0.17190157758402932
65.62126156738702,9.0,65.62126156738702,4.999953081202576,0.417022866907323,3.0430316060522364,4.29973926145405,0.19263375218027468,0.1719895704585127
65.62226156738703,9.0,65.62226156738703,4.999953081202563,0.41702286696783,3.043141600414732,4.299849252450986,0.1926386515558779,0.1719939700925022
65.63826156738702,9.0,65.63826156738702,4.999953081202279,0.41702286793291815,3.0449015104541823,4.3016091100905705,0.19271704553136518,0.17206436440474146
65.65826156738703,9.0,65.65826156738703,4.999953081201914,0.4170228691410481,3.047101397939535,4.303808931858738,0.19281503750261225,0.1721523572745764
65.67826156738704,9.0,65.67826156738704,4.999953081201548,0.4170228703540583,3.049301285346937,4.306008753559294,0.19291302949628253,0.17224035014242922
65.69826156738705,9.0,65.69826156738705,4.999953081201178,0.4170228715714147,3.051501172685255,4.30820857516575,0.1930110214844898,0.17232834300583594
65.71826156738706,9.0,65.71826156738706,4.999953081200805,0.41702287279186784,3.0537010599640806,4.310408396741876,0.1931090135316594,0.17241633587033714
65.73826156738706,9.0,65.73826156738706,4.9999530812004265,0.41702287401626126,3.05590094718947,4.3126082183192755,0.19320700557299342,0.1725043287325024
65.75826156738707,9.0,65.75826156738707,4.999953081200051,0.4170228752453087,3.058100834321863,4.314808039727077,0.19330499756409675,0.17259232159016827
65.77826156738708,9.0,65.77826156738708,4.999953081199659,0.41702287647825315,3.060300721404218,4.317007861165993,0.19340298958598445,0.1726803144458649
65.79826156738707,9.0,65.79826156738707,4.999953081199272,0.4170228777143531,3.0625006084349153,4.319207682464421,0.19350098157942466,0.17276830729860948
65.81826156738708,9.0,65.81826156738708,4.999953081198878,0.4170228789540946,3.064700495392169,4.3214075037744255,0.19359897361887443,0.17285630015149134
65.8382615673871,9.0,65.8382615673871,4.999953081198478,0.4170228802000826,3.0669003822721232,4.32360732498503,0.1936969656080299,0.17294429299934405
65.8582615673871,9.0,65.8582615673871,4.999953081198076,0.41702288144887095,3.0691002690915217,4.325807146110377,0.19379495759356222,0.17303228584415847
65.8782615673871,9.0,65.8782615673871,4.999953081197673,0.4170228827015139,3.071300155853845,4.328006967201793,0.19389294960711678,0.17312027868822433
65.8792615673871,9.0,65.8792615673871,4.999953081197658,0.41702288276467303,3.07141015017554,4.328116958160586,0.1938978491580309,0.1731246783282058
65.89526156738711,9.0,65.89526156738711,4.999953081197334,0.4170228837705596,3.0731700595446574,4.329876815161391,0.193976242879802,0.1731950726055775
65.9152615673871,9.0,65.9152615673871,4.999953081196918,0.41702288503022855,3.0753699461840323,4.332076636041657,0.1940742347889886,0.17328306544129327
65.93526156738712,9.0,65.93526156738712,4.999953081196502,0.41702288629464745,3.077569832758804,4.334276456981104,0.19417222680840923,0.1733710582798239
65.95526156738713,9.0,65.95526156738713,4.999953081196086,0.4170228875628521,3.0797697192682065,4.336476277834161,0.19427021878570302,0.17345905111348522
65.97526156738712,9.0,65.97526156738712,4.999953081195664,0.417022888836377,3.081969605701885,4.338676098590569,0.19436821075542787,0.173547043943921
65.99526156738713,9.0,65.99526156738713,4.999953081195239,0.4170228901127124,3.0841694920843374,4.340875919318081,0.1944662027438918,0.17363503677257938
66.01526156738714,9.0,66.01526156738714,4.999953081194813,0.41702289139427645,3.0863693783952986,4.343075739975601,0.1945641947276127,0.17372302959915445
66.03526156738715,9.0,66.03526156738715,4.999953081194382,0.4170228926792208,3.0885692646396934,4.345275560581667,0.19466218671095614,0.17381102242348373
66.05526156738716,9.0,66.05526156738716,4.999953081193955,0.41702289396859626,3.0907691508240154,4.347475381127076,0.1947601786759063,0.1738990152442959
66.07526156738716,9.0,66.07526156738716,4.9999530811935236,0.4170228952631194,3.0929690369251106,4.349675201551685,0.1948581706340455,0.17398700806240774
66.09526156738717,9.0,66.09526156738717,4.999953081193089,0.4170228965614073,3.095168922976151,4.35187502199123,0.19495616262260515,0.17407500087924163
66.11526156738718,9.0,66.11526156738718,4.999953081192657,0.4170228978637077,3.0973688089533753,4.354074842309672,0.19505415458024228,0.17416299369281074
66.13526156738718,9.0,66.13526156738718,4.999953081192223,0.4170228991704569,3.0995686948718775,4.356274662605049,0.19515214656123306,0.1742509865050863
66.13626156738718,9.0,66.13626156738718,4.999953081192207,0.4170228992367653,3.0996786891614434,4.3563846536315625,0.19515704618760057,0.17425538614633168
66.15226156738717,9.0,66.15226156738717,4.999953081191857,0.41702290028604333,3.1014385978132757,4.358144509790653,0.19523543969755394,0.17432578039108976
66.17226156738718,9.0,66.17226156738718,4.999953081191415,0.4170229015994914,3.1036384836354096,4.360344329905756,0.1953334316417651,0.17441377319616477
66.19226156738719,9.0,66.19226156738719,4.99995308119098,0.41702290291908567,3.1058383693588616,4.36254415006683,0.1954314236452356,0.17450176600268474
66.2122615673872,9.0,66.2122615673872,4.999953081190546,0.41702290424217436,3.10803825501796,4.364743970075111,0.19552941556877101,0.17458975880288083
66.23226156738721,9.0,66.23226156738721,4.999953081190111,0.417022905570676,3.1102381406131006,4.366943790046083,0.1956274075154066,0.17467775160127033
66.25226156738721,9.0,66.25226156738721,4.9999530811896795,0.4170229069036632,3.1124380261293116,4.369143609940962,0.19572539947253387,0.17476574439836115
66.27226156738722,9.0,66.27226156738722,4.999953081189252,0.41702290824106425,3.114637911583645,4.371343429802328,0.19582339141840796,0.17485373719194552
66.29226156738723,9.0,66.29226156738723,4.999953081188826,0.41702290958257604,3.116837796967447,4.373543249549836,0.19592138334550988,0.17494172998239496
66.31226156738722,9.0,66.31226156738722,4.999953081188407,0.4170229109296903,3.1190376822815287,4.37574306926503,0.19601937528700447,0.17502972277062984
66.33226156738723,9.0,66.33226156738723,4.9999530811879875,0.417022912280587,3.121237567534286,4.3779428888904715,0.1961173672246541,0.17511771555669361
66.35226156738725,9.0,66.35226156738725,4.9999530811875745,0.4170229136357416,3.1234374527164945,4.380142708506803,0.19621535916069233,0.17520570833980187
66.37226156738726,9.0,66.37226156738726,4.999953081187171,0.4170229149962471,3.1256373378349225,4.382342527970211,0.19631335106869968,0.17529370111956083
66.39226156738727,9.0,66.39226156738727,4.999953081186776,0.41702291636051103,3.127837222888338,4.384542347454448,0.1964113430126041,0.17538169389803895
66.41226156738726,9.0,66.41226156738726,4.99995308118639,0.4170229177308849,3.130037107855338,4.386742166817042,0.19650933492270858,0.17546968667296362
66.43226156738726,9.0,66.43226156738726,4.999953081186013,0.4170229191049391,3.1322369927690334,4.3889419861309396,0.19660732682742743,0.17555767944415
66.43326156738726,9.0,66.43326156738726,4.999953081185997,0.4170229191742675,3.1323469869840928,4.3890519768618415,0.1966122263148272,0.17556207907872254
66.44926156738727,9.0,66.44926156738727,4.999953081185707,0.41702292027705057,3.1341068949015947,4.390811832698536,0.19669062017228478,0.17563247330691226
66.46926156738728,9.0,66.46926156738728,4.999953081185349,0.4170229216594678,3.136306779663324,4.393011651664495,0.19678861187023725,0.17572046606644467
66.48926156738727,9.0,66.48926156738727,4.999953081185009,0.41702292304692096,3.1385066643839594,4.395211470836579,0.19688660381512274,0.17580845883383525
66.50926156738728,9.0,66.50926156738728,4.999953081184685,0.4170229244403559,3.1407065490144364,4.397411289870437,0.19698459569318252,0.17589645159480044
66.5292615673873,9.0,66.5292615673873,4.999953081184384,0.4170229258379047,3.14290643359133,4.399611108860251,0.19708258760132005,0.1759844443545215
66.5492615673873,9.0,66.5492615673873,4.999953081184103,0.41702292723962486,3.1451063180876133,4.40181092777474,0.19718057950911083,0.1760724371118986
66.56926156738731,9.0,66.56926156738731,4.999953081183841,0.41702292864613627,3.147306202530413,4.404010746651152,0.19727857140709795,0.17616042986588965
66.58926156738731,9.0,66.58926156738731,4.999953081183601,0.4170229300579236,3.149506086886494,4.406210565414073,0.1973765632808525,0.17624842261617005
66.60926156738732,9.0,66.60926156738732,4.999953081183395,0.417022931475741,3.1517059711671855,4.408410384122963,0.19747455518008136,0.17633641536514946
66.62926156738733,9.0,66.62926156738733,4.999953081183218,0.41702293289796577,3.1539058553732744,4.41061020277142,0.19757254708153454,0.17642440811187193
66.64926156738733,9.0,66.64926156738733,4.999953081183075,0.41702293432426074,3.1561057395235452,4.4128100213627866,0.19767053895693953,0.17651240085419317
66.66926156738734,9.0,66.66926156738734,4.99995308118297,0.41702293575683724,3.158305623594966,4.4150098398508195,0.1977685308340605,0.17660039359459298
66.68926156738735,9.0,66.68926156738735,4.999953081182909,0.4170229371941452,3.160505507588265,4.41720965829652,0.19786652271177924,0.17668838633171813
66.69026156738735,9.0,66.69026156738735,4.9999530811829125,0.4170229372659015,3.160615501770096,4.417319649094066,0.19787142208390085,0.1766927859593365
66.70626156738734,9.0,66.70626156738734,4.999953081182901,0.4170229384198419,3.1623754089389906,4.419079503974134,0.19794981590890479,0.17676318016005876
66.72626156738735,9.0,66.72626156738735,4.999953081182925,0.41702293986606004,3.1645752927989217,4.421279322244242,0.19804780769510977,0.1768511728893026
66.74626156738736,9.0,66.74626156738736,4.999953081183,0.4170229413168787,3.166775176599782,4.423479140461323,0.19814579954287173,0.1769391656184493
66.76626156738736,9.0,66.76626156738736,4.999953081183141,0.41702294277371404,3.168975060309458,4.4256789586314556,0.19824379141184742,0.177027158345397
66.78626156738737,9.0,66.78626156738737,4.999953081183356,0.41702294423562036,3.171174943944205,4.427878776713256,0.19834178327347024,0.17711515106922185
66.80626156738738,9.0,66.80626156738738,4.999953081183638,0.41702294570295656,3.173374827502393,4.4300785947361465,0.19843977513465175,0.1772031437900371
66.82626156738738,9.0,66.82626156738738,4.999953081183999,0.41702294717562644,3.175574710991756,4.432278412676718,0.19853776697755318,0.1772911365069491
66.84626156738739,9.0,66.84626156738739,4.999953081184448,0.41702294865277084,3.1777745944027678,4.434478230530936,0.19863575882975257,0.1773791292218585
66.8662615673874,9.0,66.8662615673874,4.999953081184994,0.4170229501362217,3.1799744777400276,4.436678048357844,0.19873375069159424,0.17746712193451067
66.88626156738741,9.0,66.88626156738741,4.999953081185647,0.4170229516237507,3.182174361006894,4.438877866067957,0.1988317425116263,0.17755511464211268
66.90626156738742,9.0,66.90626156738742,4.999953081186417,0.4170229531186924,3.184374244167049,4.441077683695312,0.19892973435198147,0.17764310734797017
66.92626156738741,9.0,66.92626156738741,4.999953081187309,0.4170229546180847,3.1865741272563333,4.44327750126598,0.19902772620581285,0.17773110005172613
66.94626156738742,9.0,66.94626156738742,4.999953081188344,0.41702295612167223,3.188774010289945,4.445477318779853,0.19912571802450682,0.1778190927501603
66.94726156738741,9.0,66.94726156738741,4.999953081188405,0.41702295619833274,3.188884004393969,4.445587309328653,0.19913061738960192,0.17782349237616335
66.96326156738742,9.0,66.96326156738742,4.999953081189349,0.41702295740660084,3.1906439107847953,4.44734716378027,0.1992090113464853,0.17789388655216906
66.98326156738743,9.0,66.98326156738743,4.999953081190667,0.41702295892008384,3.1928437936491942,4.449546980947177,0.19930700291921694,0.17798187923650305
67.00326156738743,9.0,67.00326156738743,4.999953081192167,0.4170229604406661,3.1950436764263666,4.4517467981501255,0.19940499471351203,0.1780698719267862
67.02326156738744,9.0,67.02326156738744,4.999953081193868,0.4170229619661945,3.1972435591271755,4.453946615362707,0.19950298654845916,0.17815786461469413
67.04326156738745,9.0,67.04326156738745,4.999953081195783,0.41702296349762297,3.199443441741119,4.456146432455537,0.19960097834114038,0.17824585729749381
67.06326156738746,9.0,67.06326156738746,4.999953081197928,0.41702296503500524,3.2016433242564157,4.458346249441826,0.19969897015094415,0.17833384997832563
67.08326156738747,9.0,67.08326156738747,4.999953081200329,0.4170229665773428,3.2038432066887763,4.460546066392351,0.1997969619622342,0.17842184265543587
67.10326156738746,9.0,67.10326156738746,4.999953081203013,0.41702296812555895,3.206043089051299,4.462745883212698,0.19989495374631758,0.17850983532828354
67.12326156738747,9.0,67.12326156738747,4.999953081206,0.4170229696801946,3.2082429712958924,4.4649456999832005,0.1999929455622288,0.17859782799990323
67.14326156738748,9.0,67.14326156738748,4.999953081209315,0.41702297123964177,3.2104428534600498,4.467145516651511,0.20009093733229863,0.1786858206652107
67.16326156738748,9.0,67.16326156738748,4.9999530812129995,0.4170229728058397,3.212642735509084,4.4693453331678406,0.20018892909791722,0.1787738133268322
67.18326156738749,9.0,67.18326156738749,4.999953081217077,0.41702297437749763,3.2148426174760196,4.4715451496546885,0.20028692090778488,0.17886180598716117
67.2032615673875,9.0,67.2032615673875,4.999953081221592,0.4170229759549321,3.217042499345027,4.473744966052925,0.2003849126760211,0.17894979864180194
67.2042615673875,9.0,67.2042615673875,4.999953081221834,0.4170229760353005,3.217152493403659,4.473854956657011,0.20038981211771584,0.17895419826851983
67.2202615673875,9.0,67.2202615673875,4.999953081225806,0.41702297730243804,3.218912398834379,4.475614809999493,0.2004682058118638,0.17902459239924148
67.2402615673875,9.0,67.2402615673875,4.999953081231222,0.41702297888971346,3.221112280515119,4.477814626031499,0.2005661974258688,0.17911258504108374
67.26026156738752,9.0,67.26026156738752,4.9999530812372,0.41702298048366837,3.2233121620871814,4.480014442144593,0.20066418920729137,0.17920057768649705
67.28026156738751,9.0,67.28026156738751,4.9999530812437865,0.41702298208386596,3.2255120435417206,4.482214258106047,0.20076218092938197,0.179288570324082
67.30026156738752,9.0,67.30026156738752,4.999953081251033,0.41702298369015595,3.2277119249016293,4.484414073980726,0.20086017267535855,0.17937656295886928
67.32026156738753,9.0,67.32026156738753,4.999953081259006,0.41702298530326803,3.2299118061186793,4.48661388971739,0.20095816441422387,0.17946455558935598
67.34026156738753,9.0,67.34026156738753,4.999953081267769,0.41702298692215073,3.232111687211341,4.488813705358462,0.20105615614639283,0.1795525482146395
67.36026156738754,9.0,67.36026156738754,4.999953081277396,0.41702298854773645,3.2343115681828842,4.491013520834109,0.20115414784408717,0.1796405408332005
67.38026156738755,9.0,67.38026156738755,4.999953081287962,0.41702299017872574,3.2365114490349542,4.493213336201009,0.20125213956906043,0.17972853344864742
67.40026156738756,9.0,67.40026156738756,4.999953081299555,0.41702299181663754,3.23871132975857,4.495413151484905,0.20135013128502843,0.17981652605891907
67.42026156738757,9.0,67.42026156738757,4.999953081312262,0.41702299346026206,3.2409112103220257,4.497612966561383,0.20144812296475909,0.1799045186628381
67.44026156738757,9.0,67.44026156738757,4.999953081326195,0.4170229951106991,3.2431110907461047,4.499812781534895,0.20154611465603317,0.17999251126133115
67.46026156738758,9.0,67.46026156738758,4.999953081341461,0.4170229967673752,3.2453109710095123,4.502012596332823,0.20164410633169577,0.18008050385390473
67.46126156738757,9.0,67.46126156738757,4.999953081342269,0.41702299685081895,3.2454209650018426,4.502122586985927,0.20164900586406104,0.18008490348091344
67.47726156738759,9.0,67.47726156738759,4.999953081355582,0.41702299818155464,3.2471808690889676,4.503882438864191,0.20172739932747036,0.18015529755520862
67.49726156738758,9.0,67.49726156738758,4.999953081373636,0.4170229998495243,3.2493807490797093,4.506082253300215,0.20182539089356175,0.18024329013169255
67.51726156738758,9.0,67.51726156738758,4.999953081393403,0.4170230015241065,3.251580628897587,4.5082820676770385,0.20192338256080836,0.1803312827070905
67.53726156738759,9.0,67.53726156738759,4.999953081415035,0.41702300320568325,3.2537805085087554,4.510481881833119,0.20202137418222088,0.18041927527356286
67.5572615673876,9.0,67.5572615673876,4.999953081438692,0.41702300489432886,3.2559803879210483,4.512681695808017,0.20211936579765516,0.18050726783230706
67.57726156738761,9.0,67.57726156738761,4.999953081464579,0.4170230065892396,3.25818026713744,4.514881509559579,0.20221735739331573,0.18059526038249624
67.59726156738762,9.0,67.59726156738762,4.999953081492877,0.41702300829097977,3.2603801461424693,4.517081323148918,0.20231534900847886,0.18068325292651763
67.61726156738762,9.0,67.61726156738762,4.999953081523814,0.4170230100006569,3.262580024909797,4.519281136468117,0.20241334055810684,0.1807712454585779
67.63726156738763,9.0,67.63726156738763,4.99995308155763,0.41702301171594786,3.2647799034480482,4.521480949550848,0.20251133211778907,0.18085923798259798
67.65726156738764,9.0,67.65726156738764,4.9999530815945805,0.4170230134398184,3.2669797817153956,4.5236807624113915,0.20260932366087428,0.1809472304963883
67.67726156738763,9.0,67.67726156738763,4.999953081634962,0.41702301516819956,3.269179659716802,4.525880574958244,0.2027073151526069,0.18103522299756145
67.69726156738764,9.0,67.69726156738764,4.999953081679075,0.4170230169049093,3.27137953743811,4.528080387235324,0.20280530666972654,0.1811232154902864
67.71726156738765,9.0,67.71726156738765,4.9999530817272655,0.4170230186493342,3.273579414843632,4.530280199269298,0.20290329816500893,0.18121120797101078
67.71826156738766,9.0,67.71826156738766,4.9999530817297915,0.41702301873723185,3.273689408660414,4.530390189652987,0.2029081974532745,0.1812156075827141
67.73426156738766,9.0,67.73426156738766,4.999953081771704,0.41702302013935183,3.275449310292929,4.532150039159348,0.20298659094094743,0.18128600156666452
67.75426156738766,9.0,67.75426156738766,4.999953081828424,0.41702302189531726,3.277649187134266,4.53434985049577,0.20308458232310703,0.1813739940196038
67.77426156738767,9.0,67.77426156738767,4.999953081890358,0.41702302365913996,3.2798490635639546,4.536549661509861,0.20318257371059217,0.1814619864601269
67.79426156738766,9.0,67.79426156738766,4.999953081957984,0.41702302543188924,3.282048939576639,4.538749472084011,0.2032805650677486,0.1815499788846742
67.81426156738767,9.0,67.81426156738767,4.999953082031815,0.4170230272116552,3.2842488151575266,4.54094928229097,0.2033785564033224,0.1816379712916363
67.83426156738768,9.0,67.83426156738768,4.999953082112412,0.41702302899885085,3.2864486902791006,4.543149091961776,0.20347654766613296,0.18172596367825639
67.85426156738768,9.0,67.85426156738768,4.999953082200393,0.41702303079353853,3.2886485649133843,4.545348901188342,0.20357453894436064,0.18181395604805556
67.87426156738769,9.0,67.87426156738769,4.999953082296415,0.41702303259580814,3.290848439025535,4.547548709919664,0.20367253016818268,0.1819019483963618
67.8942615673877,9.0,67.8942615673877,4.999953082401217,0.41702303440733024,3.293048312545914,4.549748518013632,0.20377052132392406,0.18198994072124192
67.91426156738771,9.0,67.91426156738771,4.999953082515591,0.4170230362267457,3.2952481854552005,4.5519483255339495,0.2038685124430656,0.18207793302116643
67.93426156738772,9.0,67.93426156738772,4.999953082640404,0.4170230380527465,3.2974480577074443,4.554148132368503,0.203966503512123,0.182165925295451
67.95426156738772,9.0,67.95426156738772,4.999953082776597,0.4170230398878253,3.299647929256741,4.556347938548535,0.2040644945184589,0.18225391754035145
67.97426156738773,9.0,67.97426156738773,4.999953082925208,0.41702304173190885,3.30184780001657,4.55854774386594,0.20416248544775942,0.18234190975469963
67.99426156738774,9.0,67.99426156738774,4.999953083087347,0.4170230435846543,3.304047669942538,4.560747548447221,0.20426047634959427,0.1824299019371324
68.01426156738773,9.0,68.01426156738773,4.99995308326425,0.4170230454450789,3.3062475389676433,4.562947352060358,0.2043584671457203,0.1825178940827831
68.03426156738774,9.0,68.03426156738774,4.999953083457252,0.41702304731517087,3.308447407019993,4.565147154752768,0.20445645789258257,0.1826058861909382
68.05426156738775,9.0,68.05426156738775,4.999953083667794,0.4170230491937395,3.3106472740158996,4.567346956371286,0.20455444850826257,0.18269387825419783
68.07426156738777,9.0,68.07426156738777,4.999953083897477,0.4170230510813194,3.312847139875104,4.56954675680237,0.2046524390279959,0.18278187027149803
68.09426156738776,9.0,68.09426156738776,4.999953084148028,0.4170230529788732,3.315047004485115,4.5717465560551656,0.20475042949323846,0.18286986224202384
68.11426156738777,9.0,68.11426156738777,4.999953084421325,0.4170230548859886,3.3172468677550295,4.573946353960392,0.20484841983670585,0.18295785415923171
68.13426156738777,9.0,68.13426156738777,4.9999530847194285,0.41702305680219537,3.3194467295699304,4.5761461504243215,0.2049464100419364,0.18304584601712212
68.15426156738778,9.0,68.15426156738778,4.999953085044575,0.4170230587294496,3.3216465897976226,4.578345945259802,0.2050444000979131,0.18313383781083356
68.17426156738779,9.0,68.17426156738779,4.999953085399213,0.4170230606663301,3.3238464483152796,4.580545738410567,0.20514239002394558,0.1832218295358913
68.1942615673878,9.0,68.1942615673878,4.999953085785994,0.4170230626135499,3.3260463049766846,4.58274552969336,0.20524037981583682,0.18330982118875047
68.2142615673878,9.0,68.2142615673878,4.999953086207818,0.41702306457211824,3.3282461595970054,4.584945318995365,0.20533836942135716,0.18339781275937386
68.2342615673878,9.0,68.2342615673878,4.999953086667846,0.4170230665424355,3.3304460120363606,4.587145106024642,0.2054363588207845,0.18348580424148814
68.25426156738781,9.0,68.25426156738781,4.999953087169524,0.41702306852341653,3.332645862105912,4.5893448907857,0.2055343480865872,0.18357379563211013
68.27426156738782,9.0,68.27426156738782,4.999953087716601,0.4170230705162545,3.334845709572785,4.591544672891642,0.2056323370647862,0.18366178691581325
68.29426156738782,9.0,68.29426156738782,4.999953088313166,0.4170230725215842,3.3370455542187627,4.5937444521847866,0.20573032580618691,0.18374977808610612
68.31426156738783,9.0,68.31426156738783,4.999953088963665,0.41702307453915727,3.3392453958116195,4.595944228402665,0.2058283143176975,0.18383776913607006
68.33426156738784,9.0,68.33426156738784,4.999953089672956,0.41702307657018167,3.341445234080411,4.598144001360919,0.2059263025782535,0.18392576005502026
68.35426156738785,9.0,68.35426156738785,4.999953090446318,0.41702307861486326,3.343645068738784,4.600343770700629,0.20602429049626816,0.18401375082791915
68.37426156738785,9.0,68.37426156738785,4.999953091289508,0.4170230806734344,3.3458448994630725,4.602543536065847,0.20612227805511574,0.184101741441829
68.39426156738786,9.0,68.39426156738786,4.999953092208789,0.41702308274775335,3.348044725917948,4.6047432971744735,0.20622026528708248,0.18418973188658191
68.41426156738785,9.0,68.41426156738785,4.999953093210983,0.4170230848354231,3.350244547730506,4.606943053673969,0.20631825214286295,0.18427772214695579
68.43426156738786,9.0,68.43426156738786,4.999953094303515,0.41702308694045076,3.352444364476246,4.6091428051039935,0.2064162385405139,0.1843657122037633
68.45426156738787,9.0,68.45426156738787,4.999953095494476,0.4170230890612297,3.3546441757496965,4.6113425510358494,0.20651422448350445,0.18445370204159608
68.47426156738788,9.0,68.47426156738788,4.999953096792658,0.4170230912000761,3.356843981044029,4.613542291040739,0.20661220994018958,0.18454169164189985
68.49426156738788,9.0,68.49426156738788,4.999953098207637,0.41702309335699106,3.3590437798488173,4.615742024523996,0.20671019481015307,0.18462968098047533
68.51426156738789,9.0,68.51426156738789,4.999953099749829,0.4170230955335871,3.3612435716008764,4.617941750949232,0.2068081790967313,0.18471767003743875
68.5342615673879,9.0,68.5342615673879,4.999953101430562,0.41702309773000756,3.3634433556724384,4.620141469716677,0.2069061627619154,0.18480565878959365
68.5542615673879,9.0,68.5542615673879,4.999953103262158,0.4170230999480974,3.3656431313971558,4.622341180179866,0.20700414569636477,0.18489364720630222
68.57426156738791,9.0,68.57426156738791,4.999953105258005,0.4170231021877612,3.367842898072883,4.624540881505833,0.20710212785350182,0.18498163526054878
68.59426156738792,9.0,68.59426156738792,4.999953107432667,0.41702310445184804,3.37004265488879,4.626740573076598,0.20720010922311827,0.18506962292280563
68.61426156738793,9.0,68.61426156738793,4.999953109801952,0.41702310674091403,3.372242400996764,4.6289402538739175,0.20729808963644206,0.1851576101544091
68.63426156738794,9.0,68.63426156738794,4.999953112383045,0.41702310905506884,3.3744421354941383,4.6311399230741515,0.20739606911189667,0.18524559692322679
68.65426156738793,9.0,68.65426156738793,4.999953115194591,0.4170231113990799,3.376641857340712,4.63333957968712,0.2074940475201514,0.18533358318684726
68.67426156738794,9.0,68.67426156738794,4.99995311825684,0.4170231137724463,3.378841565473822,4.63553922252368,0.20759202474610788,0.18542156890071432
68.69426156738795,9.0,68.69426156738795,4.99995312159176,0.4170231161776793,3.381041258719031,4.63773885050204,0.20769000075636068,0.18550955402060593
68.71426156738795,9.0,68.71426156738795,4.999953125223158,0.4170231186153564,3.3832409358224345,4.639938462357664,0.20778797540984678,0.18559753849425725
68.73426156738796,9.0,68.73426156738796,4.999953129176856,0.4170231210898408,3.385440595376044,4.642138056652659,0.2078859485719695,0.18568552226570853
68.75426156738796,9.0,68.75426156738796,4.999953133480828,0.41702312360238475,3.3876402359337088,4.6443376319462875,0.2079839201553311,0.18577350527689068
68.77426156738797,9.0,68.77426156738797,4.999953138165334,0.4170231261554865,3.389839855890021,4.646537186676856,0.2080818900519061,0.18586148746622919
68.79426156738798,9.0,68.79426156738798,4.9999531432631406,0.41702312875318964,3.392039453493436,4.648736719042975,0.2081798580690916,0.185949468761544
68.81426156738799,9.0,68.81426156738799,4.99995314880967,0.4170231313957161,3.3942390269351077,4.6509362272690105,0.20827782409674947,0.186037449090122
68.83426156738798,9.0,68.83426156738798,4.999953154843182,0.4170231340893743,3.3964385741946126,4.653135709291748,0.20837578795254386,0.18612542837171636
68.854261567388,9.0,68.854261567388,4.999953161404982,0.41702313683528314,3.3986380931370075,4.655335163052217,0.20847374950919495,0.1862134065228735
68.874261567388,9.0,68.874261567388,4.999953168539624,0.4170231396383971,3.4008375814811314,4.657534586187117,0.20857170851517898,0.18630138344744906
68.89426156738801,9.0,68.89426156738801,4.999953176295105,0.4170231425018402,3.403037036758121,4.659733976268456,0.20866966483319932,0.18638935905039933
68.91426156738801,9.0,68.91426156738801,4.999953184723095,0.41702314543016766,3.4052364563467985,4.661933330672262,0.20876761823409734,0.18647733322465093
68.93426156738802,9.0,68.93426156738802,4.999953193879136,0.4170231484299017,3.4074358374299805,4.66413264655312,0.20886556855048335,0.1865653058621754
68.95426156738803,9.0,68.95426156738803,4.99995320382287,0.4170231515030361,3.4096351770261237,4.666331921045767,0.20896351554253567,0.18665327684113872
68.97426156738804,9.0,68.97426156738804,4.999953214618252,0.4170231546569851,3.411834471957845,4.668531150798309,0.20906145888655914,0.18674124603008932
68.99426156738804,9.0,68.99426156738804,4.999953226333761,0.4170231578963097,3.4140337188423255,4.67073033252671,0.2091593984559747,0.18682921330059674
69.01426156738805,9.0,69.01426156738805,4.999953239042602,0.41702316122755034,3.4162329141232215,4.672929462721518,0.20925733394828352,0.1869171785071542
69.03426156738806,9.0,69.03426156738806,4.999953252822902,0.41702316465766937,3.4184320540429725,4.675128537485605,0.2093552650475156,0.18700514149711428
69.05426156738805,9.0,69.05426156738805,4.99995326775788,0.41702316819203356,3.420631134630218,4.677327552970704,0.20945319157260217,0.1870931021169736
69.07426156738806,9.0,69.07426156738806,4.999953283935996,0.4170231718398092,3.4228301517284674,4.679526505004262,0.2095511131690612,0.18718106019644298
69.09426156738806,9.0,69.09426156738806,4.999953301451089,0.4170231756084173,3.4250291009904412,4.681725389137888,0.20964902955682854,0.18726901556277256
69.11426156738807,9.0,69.11426156738807,4.999953320402443,0.4170231795049123,3.427227977907911,4.683924201037639,0.20974694051586135,0.1873569680382127
69.13426156738808,9.0,69.13426156738808,4.999953340894864,0.4170231835400409,3.429426777757232,4.686122935840308,0.20984484562653194,0.1874449174286962
69.15426156738809,9.0,69.15426156738809,4.99995336303865,0.4170231877210297,3.4316254957057133,4.688321588716668,0.20994274466872948,0.18753286354338045
69.1742615673881,9.0,69.1742615673881,4.999953386949549,0.4170231920585216,3.43382412675456,4.690520154760353,0.21004063738912387,0.1876208061853292
69.1942615673881,9.0,69.1942615673881,4.999953412748615,0.41702319656281367,3.4360226658240918,4.6927186288448315,0.2101385234190323,0.1877087451455613
69.2142615673881,9.0,69.2142615673881,4.999953440562016,0.4170232012439927,3.438221107719614,4.694917005695602,0.2102364025175138,0.18779668021950965
69.23426156738812,9.0,69.23426156738812,4.999953470520729,0.4170232061132066,3.4404194471991243,4.697115280228867,0.21033427447703026,0.18788461119954392
69.25426156738811,9.0,69.25426156738811,4.999953502760184,0.4170232111823957,3.4426176790048895,4.699313447062084,0.2104321389830419,0.1879725378728213
69.27426156738812,9.0,69.27426156738812,4.999953537419753,0.4170232164616159,3.444815797927786,4.701511501042502,0.2105299958361344,0.18806046002970087
69.29426156738813,9.0,69.29426156738813,4.999953574642171,0.41702322196398306,3.447013798783289,4.703709436953622,0.21062784483480565,0.1881483774644906
69.31426156738814,9.0,69.31426156738814,4.999953614572847,0.417023227702382,3.4492116765031753,4.705907249744376,0.21072568580660317,0.18823628997389932
69.33426156738815,9.0,69.33426156738815,4.999953657359031,0.41702323368753436,3.451409426203386,4.708104934528095,0.2108235186299196,0.1883241973633207
69.35426156738815,9.0,69.35426156738815,4.999953703148892,0.4170232399325059,3.4536070431877715,4.710302486621189,0.2109213431654747,0.18841209944256515
69.37426156738815,9.0,69.37426156738815,4.99995375209047,0.4170232464510134,3.4558045230430285,4.712499901537074,0.2110191593930823,0.18849999603873474
69.39426156738816,9.0,69.39426156738816,4.999953804330534,0.41702325325470774,3.458001861657446,4.714697175330954,0.21111696730457682,0.18858788698726792
69.41426156738817,9.0,69.41426156738817,4.999953860013316,0.41702326035483894,3.4601990552533026,4.716894304039931,0.21121476678099385,0.18867577213098383
69.43426156738818,9.0,69.43426156738818,4.999953919279184,0.417023267764007,3.462396100504528,4.719091284392085,0.21131255799470927,0.18876365134161927
69.45426156738817,9.0,69.45426156738817,4.999953982263246,0.41702327549439105,3.464592994458463,4.721288113505263,0.21141034103793258,0.1888515245033901
69.47426156738818,9.0,69.47426156738818,4.999954049093844,0.41702328355614565,3.466789734697941,4.723484788914422,0.21150811596857605,0.18893939151399536
69.4942615673882,9.0,69.4942615673882,4.999954119891122,0.4170232919595777,3.46898631924963,4.725681308580709,0.21160588296223948,0.1890272522965202
69.5142615673882,9.0,69.5142615673882,4.999954194765489,0.4170233007149018,3.4711827466684104,4.727877671171556,0.21170364227773947,0.18911510679645216
69.5342615673882,9.0,69.5342615673882,4.999954273816162,0.4170233098292344,3.473379016041063,4.730073875712196,0.2118013940525178,0.1892029549721497
69.55426156738821,9.0,69.55426156738821,4.999954357129736,0.41702331931129366,3.475575126913158,4.732269921725706,0.21189913853998538,0.18929079680780284
69.57426156738822,9.0,69.57426156738822,4.9999544447788296,0.41702332916732565,3.4777710793615637,4.7344658093373315,0.21199687601818523,0.18937863230681193
69.59426156738823,9.0,69.59426156738823,4.999954536820825,0.417023339402493,3.4799668738591154,4.736661539012385,0.21209460671069494,0.18946646148865814
69.61426156738823,9.0,69.61426156738823,4.999954633296779,0.41702335001881585,3.482162511397622,4.738857111710434,0.21219233087683032,0.1895542843904501
69.63426156738824,9.0,69.63426156738824,4.9999547342304025,0.4170233610191087,3.4843579932369066,4.741052528728207,0.21229004877487084,0.18964210106589735
69.65426156738825,9.0,69.65426156738825,4.9999548396272875,0.41702337240588727,3.486553321019962,4.7432477916878195,0.2123877605989984,0.1897299115766373
69.67426156738826,9.0,69.67426156738826,4.999954949474252,0.4170233841762063,3.4887484966225006,4.745442902426145,0.2124854665982312,0.1898177160008416
69.69426156738825,9.0,69.69426156738825,4.999955063738916,0.41702339632925134,3.4909435221141973,4.747637863106677,0.2125831669950665,0.18990551442301534
69.71426156738826,9.0,69.71426156738826,4.999955182369442,0.4170234088592401,3.493138399716077,4.749832675891538,0.21268086187974422,0.1899933069272169
69.73426156738826,9.0,69.73426156738826,4.99995530529448,0.4170234217610594,3.4953331316727576,4.752027343004455,0.21277855142361063,0.19008109360697942
69.75426156738827,9.0,69.75426156738827,4.999955432423299,0.41702343502807443,3.4975277202375565,4.754221866790342,0.21287623574050493,0.19016887455264592
69.77426156738828,9.0,69.77426156738828,4.999955563646112,0.41702344864856494,3.4997221676220747,4.756416249318764,0.21297391482462572,0.1902566498479465
69.79426156738828,9.0,69.79426156738828,4.999955698834518,0.41702346261489315,3.5019164758922745,4.7586104927787805,0.2130715887988817,0.19034441958081744
69.81426156738829,9.0,69.81426156738829,4.999955837842145,0.417023476914237,3.5041106468971335,4.76080459899013,0.21316925761173006,0.19043218382533028
69.8342615673883,9.0,69.8342615673883,4.999955980505427,0.4170234915314142,3.5063046823501853,4.76299856965015,0.2132669212037813,0.19051994264533154
69.8542615673883,9.0,69.8542615673883,4.99995612664443,0.4170235064528704,3.508498583650113,4.7651924061218125,0.21336457953894647,0.19060769610021766
69.87426156738832,9.0,69.87426156738832,4.999956276063854,0.4170235216619611,3.5106923519021107,4.767386109618469,0.21346223254412758,0.19069544423556728
69.89426156738831,9.0,69.89426156738831,4.9999564285540705,0.4170235371411633,3.5128859879672363,4.769579680883127,0.21355988005201695,0.19078318708198055
69.91426156738832,9.0,69.91426156738832,4.999956583892224,0.4170235528725579,3.5150794923266178,4.771773120485832,0.21365752196872762,0.19087092466183225
69.93426156738833,9.0,69.93426156738833,4.999956741843381,0.41702356883572056,3.5172728651641725,4.773966428557496,0.21375515811389156,0.1909586569814113
69.95426156738833,9.0,69.95426156738833,4.999956902161708,0.4170235850115931,3.5194661063446184,4.7761596049833415,0.2138527883240483,0.1910463840345549
69.97426156738834,9.0,69.97426156738834,4.999957064591675,0.4170236013765337,3.521659215445396,4.778352649339809,0.2139504124470122,0.19113410580562273
69.99426156738835,9.0,69.99426156738835,4.999957228869258,0.41702361790937564,3.523852191692496,4.78054556086754,0.21404803028320174,0.19122182226416143
70.01426156738835,9.0,70.01426156738835,4.999957394723151,0.4170236345883017,3.5260450340825784,4.782738338531189,0.2141456416373814,0.1913095333682609
70.03426156738836,9.0,70.03426156738836,4.999957561875964,0.41702365139069514,3.528237741342209,4.784930981091452,0.2142432463365262,0.19139723906737427
70.05426156738837,9.0,70.05426156738837,4.999957730045423,0.41702366829070125,3.5304303119646123,4.787123487023069,0.2143408441787526,0.19148493930047017
70.07426156738836,9.0,70.07426156738836,4.9999578989455555,0.417023685267882,3.5326227442527367,4.789315854574961,0.21443843500753354,0.19157263400077018
70.09426156738837,9.0,70.09426156738837,4.999958068287884,0.41702370229436453,3.534815036358924,4.791508082038168,0.21453601870793249,0.19166032309642564
70.11426156738838,9.0,70.11426156738838,4.999958237782572,0.4170237193490465,3.5370071862404364,4.793700167246657,0.21463359503165705,0.19174800650349652
70.13426156738839,9.0,70.13426156738839,4.999958407139609,0.4170237364071684,3.539199191790996,4.795892108165534,0.2147311638412947,0.1918356841352686
70.15426156738839,9.0,70.15426156738839,4.999958576069971,0.41702375344423276,3.5413910507844393,4.798083902463746,0.2148287250105679,0.19192335590591822
70.1742615673884,9.0,70.1742615673884,4.999958744286781,0.4170237704379901,3.5435827609221455,4.80027554800183,0.21492627845436763,0.19201102172572782
70.19426156738841,9.0,70.19426156738841,4.999958911506473,0.41702378736184476,3.5457743198681797,4.802467042331824,0.21502382394805936,0.19209868149631015
70.21426156738842,9.0,70.21426156738842,4.99995907744998,0.41702380419454593,3.547965725202756,4.804658383047859,0.21512136137088084,0.19218633512106081
70.23426156738842,9.0,70.23426156738842,4.999959241843884,0.4170238209122858,3.55015697442691,4.806849567655029,0.21521889059670418,0.19227398250176714
70.25426156738843,9.0,70.25426156738843,4.9999594044215865,0.417023837495455,3.5523480649331596,4.80904059357421,0.21531641148479477,0.19236162353657285
70.27426156738844,9.0,70.27426156738844,4.999959564924545,0.41702385391987845,3.554538994012821,4.811231458090971,0.21541392382382518,0.19244925811473135
70.29426156738845,9.0,70.29426156738845,4.999959723103401,0.41702387016556475,3.5567297587422004,4.813422158266939,0.21551142735742712,0.19253688611720876
70.31426156738844,9.0,70.31426156738844,4.999959878719164,0.4170238862131536,3.5589203558792706,4.815612690838205,0.2156089218179793,0.19262450741662862
70.33426156738844,9.0,70.33426156738844,4.999960031544398,0.4170239020437948,3.561110781827248,4.8178030522715884,0.21570640688380743,0.19271212187001965
70.35426156738845,9.0,70.35426156738845,4.999960181364333,0.41702391763899493,3.563301032370711,4.819993238316019,0.21580388202456052,0.19279972930633707
70.37426156738846,9.0,70.37426156738846,4.99996032797797,0.41702393298025725,3.5654911026370883,4.822183244062561,0.21590134669796693,0.19288732953118237
70.39426156738847,9.0,70.39426156738847,4.999960471199128,0.4170239480547339,3.5676809866994494,4.824373063699359,0.21599880017968356,0.19297492231027782
70.41426156738848,9.0,70.41426156738848,4.999960610857453,0.4170239628460638,3.569870677408267,4.8265626899622305,0.21609624146152326,0.19306250735416222
70.43426156738848,9.0,70.43426156738848,4.999960746799291,0.41702397733988933,3.5720601660367355,4.828752114204555,0.21619366943520976,0.19315008431672687
70.45426156738849,9.0,70.45426156738849,4.999960878888502,0.4170239915264335,3.574249441816607,4.830941325672322,0.2162910825765572,0.19323765276548
70.4742615673885,9.0,70.4742615673885,4.999961007007157,0.41702400539241,3.576438491507774,4.833130311045068,0.21638847906181555,0.19332521217158052
70.49426156738849,9.0,70.49426156738849,4.999961131056109,0.41702401893130714,3.578627298830632,4.835319054198241,0.2164858566961955,0.19341276188524364
70.5142615673885,9.0,70.5142615673885,4.999961250955365,0.41702403213216144,3.5808158437763744,4.837507534986392,0.21658321264294325,0.19350030110167155
70.53426156738851,9.0,70.53426156738851,4.999961366644391,0.4170240449889006,3.583004101794315,4.8396957289683105,0.21668054363919356,0.1935878288436211
70.55426156738852,9.0,70.55426156738852,4.999961478082168,0.41702405749582316,3.5851920429108497,4.8418836061510016,0.2167778456154727,0.19367534391125002
70.57426156738853,9.0,70.57426156738853,4.9999615852471155,0.4170240696497767,3.5873796305910055,4.844071130053825,0.21687511370876794,0.19376284484526465
70.59426156738853,9.0,70.59426156738853,4.999961688136827,0.41702408144489056,3.5895668204517124,4.846258256330032,0.21697234197650167,0.1938503298664498
70.61426156738854,9.0,70.61426156738854,4.999961786767651,0.41702409287921294,3.5917535586509617,4.84844493106856,0.21706952334069016,0.1939377968240379
70.63426156738855,9.0,70.63426156738855,4.99996188117409,0.41702410395032297,3.5939397800242934,4.850631089320672,0.217166649310621,0.19402524311327327
70.65426156738855,9.0,70.65426156738855,4.999961971408085,0.4170241146579825,3.596125405698371,4.852816652091416,0.21726370946359738,0.1941126655755498
70.67426156738856,9.0,70.67426156738856,4.99996205753813,0.41702412499787356,3.598310340277004,4.85500152413833,0.21736069141573525,0.19420006039950388
70.69426156738855,9.0,70.69426156738855,4.9999621396483205,0.4170241349699311,3.600494468223575,4.857185589975358,0.21745757994542644,0.19428742295978738
70.71426156738856,9.0,70.71426156738856,4.999962217837312,0.417024144569259,3.60267764923363,4.859368709376513,0.2175543565349625,0.19437474764718193
70.73426156738857,9.0,70.73426156738857,4.999962292217259,0.41702415379197105,3.6048597124828867,4.861550711664484,0.21765099839246416,0.19446202762687045
70.75426156738858,9.0,70.75426156738858,4.999962362912747,0.4170241626306108,3.607040448895071,4.8637313878927015,0.21774747721146387,0.19454925453477995
70.77426156738858,9.0,70.77426156738858,4.999962430059767,0.4170241710745469,3.6092196011658837,4.865910480922024,0.2178437575925129,0.19463641807685325
70.79426156738859,9.0,70.79426156738859,4.999962493804834,0.41702417910490697,3.611396850309438,4.868087672067884,0.21793979475123512,0.19472350549094647
70.8142615673886,9.0,70.8142615673886,4.999962554304221,0.41702418669865904,3.613571797337642,4.870262562670567,0.2180355312400703,0.19481050081094947
70.83426156738861,9.0,70.83426156738861,4.999962611723502,0.41702419381759226,3.6157439381076624,4.872434648996689,0.2181308924821241,0.19489738385962999
70.8542615673886,9.0,70.8542615673886,4.999962666237395,0.41702420040875643,3.617912627996582,4.874603287114372,0.21822578021795128,0.19498412883467586
70.87426156738861,9.0,70.87426156738861,4.999962718030131,0.41702420639589605,3.620077031343184,4.876767642131635,0.21832006265835277,0.19507070227825574
70.89426156738863,9.0,70.89426156738863,4.999962767296502,0.41702421166301207,3.6222360479926192,4.878926615278977,0.21841356004401272,0.19515706013553474
70.91426156738864,9.0,70.91426156738864,4.99996281424384,0.4170242160455701,3.6243882037884587,4.881078734130022,0.2185060218076733,0.1952431433490831
70.93426156738863,9.0,70.93426156738863,4.999962859095471,0.4170242192926774,3.6265314840613505,4.883221986787697,0.21859709129710772,0.19532887118061418
70.95426156738864,9.0,70.95426156738864,4.999962902096217,0.41702422102583714,3.628663073646013,4.885353562345029,0.218686247975192,0.1954141307460134
70.97426156738864,9.0,70.97426156738864,4.999962943521178,0.4170242206525123,3.630778940393634,4.887469435193369,0.21877271178524005,0.19549876024959723
70.99426156738865,9.0,70.99426156738865,4.9999629836896995,0.4170242172354432,3.6328731496221542,4.88956368150045,0.21885528011547434,0.1955825213522682
71.01426156738866,9.0,71.01426156738866,4.999963022987855,0.4170242092366379,3.6349367057018718,4.8916273235377385,0.21893204283309745,0.1956650524049733
71.03426156738865,9.0,71.03426156738865,4.999963061905452,0.4170241940872183,3.636955552678238,4.893646336091135,0.21899987797382284,0.19574578764625616
71.05426156738866,9.0,71.05426156738866,4.999963101098155,0.4170241674128897,3.638907096449537,4.895598177887112,0.21905356581010774,0.19582381667054718
71.07426156738867,9.0,71.07426156738867,4.99996314149334,0.41702412179113607,3.6407543153908954,4.897445916901276,0.21908433444957975,0.19589764741712454
71.09426156738868,9.0,71.09426156738868,4.9999631844624535,0.4170240402594922,3.6424288284972377,4.8991214155060465,0.21907802012852104,0.19596485659428858
71.1142615673887,9.0,71.1142615673887,4.999963232197936,0.4170239231579964,3.6438529239714983,4.900546716518963,0.21901858268314064,0.19602186865354987
71.13426156738869,9.0,71.13426156738869,4.999963287820655,0.41702374795509184,3.6449100866421142,4.901605686236185,0.21888613845040297,0.19606422751044708
71.1542615673887,9.0,71.1542615673887,4.999963355679816,0.41702356572791127,3.645551382499889,4.902248072444889,0.2186983434641398,0.19608948921016836
71.17426156738871,9.0,71.17426156738871,4.9999634404381466,0.4170234186012781,3.6458137553435463,4.9025104313362355,0.21851673135602362,0.19610041726348548
71.19426156738871,9.0,71.19426156738871,4.999963546268135,0.4170233893570279,3.6458922082306344,4.902586783170823,0.21841149968377555,0.19610347132739234
71.21426156738872,9.0,71.21426156738872,4.999963675078691,0.4170233962213277,3.6459032499176725,4.902596569221528,0.21837625099847352,0.19610386276980973
71.23426156738873,9.0,71.23426156738873,4.999963826952438,0.417023413931211,3.645899698862142,4.902592668814443,0.21837484876001367,0.19610370675239958
71.25426156738874,9.0,71.25426156738874,4.9999639997208645,0.41702343065220027,3.6458948522539356,4.902587909760675,0.21838061982270018,0.19610351639248905
71.27426156738875,9.0,71.27426156738875,4.999964173206514,0.4170234501593876,3.64589748034155,4.902590565541257,0.21838763297092423,0.1961036226257151
71.29159517736157,9.0,71.29159517736157,4.99996426655166,0.41702347311684956,3.6459229953617314,4.902615848777438,0.2184011413265327,0.196104634204902
71.31011287118396,9.0,71.31011287118396,4.999964298419786,0.4170234650088739,3.6459419794366137,4.9026352800355575,0.2184021042428717,0.1961054112025025
71.33011287118397,9.0,71.33011287118397,4.999964303867951,0.41702345414661524,3.6459421584200618,4.902635669053233,0.21839239755043618,0.19610542676428475
71.35011287118398,9.0,71.35011287118398,4.999964305984136,0.4170234571155216,3.6459398536658107,4.902633122582195,0.21838845563524162,0.19610532490349117
71.37011287118399,9.0,71.37011287118399,4.9999643094341915,0.41702345901167953,3.6459391525221525,4.902632338313438,0.21838879813142725,0.19610529365021362
71.39011287118399,9.0,71.39011287118399,4.999964313298934,0.4170234594754585,3.645939192790445,4.902632398880565,0.2183896716429806,0.19610529596132253
71.410112871184,9.0,71.410112871184,4.999964316963806,0.41702345966685633,3.645939303828763,4.902632530258919,0.2183900317994513,0.19610530121694658
71.43011287118401,9.0,71.43011287118401,4.999964320350071,0.41702345990717427,3.6459393747919404,4.9026326059852465,0.21839007908782718,0.19610530424736328
71.45011287118402,9.0,71.45011287118402,4.999964323505002,0.4170234601646107,3.6459394237216283,4.9026326541584755,0.21839005181470222,0.19610530617159352
71.47011287118401,9.0,71.47011287118401,4.999964326467074,0.4170234604133363,3.6459394653820323,4.9026326949174415,0.21839003132056595,0.19610530780157454
71.49011287118401,9.0,71.49011287118401,4.999964329259927,0.41702346064500506,3.6459395031808346,4.902632732429498,0.21839002407832148,0.19610530929925346
71.51011287118402,9.0,71.51011287118402,4.999964331901322,0.41702346086428926,3.645939537450532,4.902632766608437,0.2183900227695646,0.19610531066820514
71.53011287118403,9.0,71.53011287118403,4.999964334406368,0.4170234610717965,3.6459395685203866,4.9026327977591215,0.21839002295388424,0.19610531191252278
71.55011287118404,9.0,71.55011287118404,4.999964336788136,0.41702346126995116,3.6459395967932138,4.902632826005934,0.21839002312666642,0.1961053130419699
71.57011287118405,9.0,71.57011287118405,4.999964339057919,0.417023461458343,3.645939622669283,4.902632851890392,0.21839002321584558,0.19610531407583776
71.59011287118405,9.0,71.59011287118405,4.999964341225518,0.4170234616386646,3.6459396464578857,4.902632875652936,0.21839002327114526,0.19610531502735884
71.61011287118406,9.0,71.61011287118406,4.999964343299491,0.4170234618120977,3.645939668428869,4.902632897658417,0.21839002336832206,0.19610531590737143
71.63011287118407,9.0,71.63011287118407,4.999964345287372,0.41702346197694296,3.645939688792996,4.902632918016986,0.21839002346043976,0.1961053167215638
71.65011287118406,9.0,71.65011287118406,4.9999643471958,0.4170234621361697,3.645939707739275,4.902632936961704,0.21839002359350213,0.19610531747923288
71.67011287118407,9.0,71.67011287118407,4.999964349030694,0.41702346228872067,3.645939725426311,4.902632954648715,0.2183900237541606,0.1961053181866342
71.69011287118408,9.0,71.69011287118408,4.999964350797322,0.41702346243614946,3.645939741991161,4.902632971213587,0.2183900239400384,0.19610531884971624
71.7101128711841,9.0,71.7101128711841,4.999964352500405,0.41702346257763245,3.6459397575516466,4.902632986788149,0.21839002413212327,0.19610531947199544
71.7301128711841,9.0,71.7301128711841,4.999964354144196,0.4170234627152808,3.6459397722032865,4.902633001422681,0.21839002432011134,0.1961053200573537
71.7501128711841,9.0,71.7501128711841,4.99996435573253,0.4170234628464192,3.6459397860424168,4.902633015264405,0.2183900245433756,0.19610532061158237
71.77011287118411,9.0,71.77011287118411,4.9999643572688806,0.4170234629751689,3.6459397991449265,4.902633028381761,0.21839002475259053,0.1961053211349564
71.7901128711841,9.0,71.7901128711841,4.999964358756416,0.4170234630992865,3.6459398115725254,4.902633040778082,0.2183900249653044,0.19610532163202124
71.81011287118412,9.0,71.81011287118412,4.999964360198008,0.4170234632194801,3.645939823396363,4.9026330526358475,0.21839002520754613,0.19610532210571172
71.83011287118413,9.0,71.83011287118413,4.999964361596291,0.41702346333626045,3.6459398346588263,4.902633063879242,0.21839002541279084,0.19610532255540022
71.85011287118412,9.0,71.85011287118412,4.99996436295368,0.41702346345000757,3.6459398454143894,4.902633074636726,0.21839002564237986,0.1961053229856708
71.87011287118413,9.0,71.87011287118413,4.999964364272387,0.4170234635596279,3.645939855702263,4.902633084925391,0.21839002586875494,0.1961053233972056
71.89011287118414,9.0,71.89011287118414,4.999964365554458,0.41702346366645715,3.645939865561053,4.90263309478423,0.21839002609416894,0.19610532379158707
71.91011287118415,9.0,71.91011287118415,4.999964366801778,0.41702346377084126,3.6459398750254324,4.902633104248605,0.21839002630308604,0.19610532416882576
71.93011287118415,9.0,71.93011287118415,4.999964368016086,0.4170234638722884,3.645939884120882,4.902633113315809,0.2183900265331174,0.19610532453336607
71.95011287118416,9.0,71.95011287118416,4.999964369199,0.4170234639714816,3.6459398928855338,4.902633122129259,0.2183900267829202,0.19610532488530935
71.97011287118417,9.0,71.97011287118417,4.999964370352012,0.417023464067082,3.6459399013312748,4.902633130552592,0.21839002697774687,0.19610532522225604
71.99011287118418,9.0,71.99011287118418,4.999964371476525,0.4170234641608899,3.6459399094894778,4.902633138711812,0.21839002719991085,0.19610532554862034
72.01011287118418,9.0,72.01011287118418,4.99996437257384,0.4170234642527187,3.6459399173780698,4.902633146601052,0.2183900274176114,0.19610532586411886
72.03011287118419,9.0,72.03011287118419,4.999964373645162,0.417023464342213,3.6459399250141282,4.902633154237301,0.21839002763228926,0.19610532616958018
72.0501128711842,9.0,72.0501128711842,4.999964374691632,0.4170234644288516,3.6459399324163146,4.902633161639435,0.21839002784458744,0.19610532646562806
72.07011287118421,9.0,72.07011287118421,4.999964375714308,0.4170234645141581,3.645939939599631,4.902633168822766,0.21839002805576094,0.19610532675299705
72.0901128711842,9.0,72.0901128711842,4.999964376714183,0.41702346459790923,3.645939946578049,4.902633175801154,0.21839002826372347,0.19610532703208086
72.11011287118421,9.0,72.11011287118421,4.999964377692191,0.4170234646793729,3.6459399533645342,4.902633182587611,0.2183900284706364,0.19610532730357527
72.13011287118421,9.0,72.13011287118421,4.999964378649208,0.4170234647591915,3.645939959971988,4.902633189194992,0.21839002867505333,0.19610532756783322
72.15011287118422,9.0,72.15011287118422,4.999964379586072,0.41702346483754904,3.6459399664103147,4.902633195633358,0.21839002887804415,0.19610532782540854
72.17011287118423,9.0,72.17011287118423,4.999964380503548,0.4170234649144555,3.645939972689736,4.90263320191273,0.2183900290783663,0.19610532807658212
72.19011287118423,9.0,72.19011287118423,4.9999643814023775,0.41702346498927917,3.6459399788203544,4.902633208043305,0.21839002927666723,0.19610532832177016
72.21011287118424,9.0,72.21011287118424,4.99996438228325,0.41702346506238575,3.6459399848104446,4.9026332140332975,0.21839002947338212,0.19610532856137342
72.23011287118425,9.0,72.23011287118425,4.999964383146818,0.4170234651349263,3.6459399906674728,4.902633219890367,0.21839002966802926,0.19610532879566353
72.25011287118426,9.0,72.25011287118426,4.999964383993712,0.41702346520515654,3.645939996400592,4.902633225623425,0.2183900298607751,0.19610532902493621
72.27011287118427,9.0,72.27011287118427,4.999964384824511,0.41702346527540357,3.645940002013703,4.9026332312364325,0.2183900300513168,0.19610532924947519
72.29011287118426,9.0,72.29011287118426,4.999964385639776,0.4170234653432557,3.6459400075158954,4.902633236738638,0.21839003024098,0.19610532946957684
72.31011287118427,9.0,72.31011287118427,4.99996438644003,0.4170234654102972,3.645940012911547,4.9026332421342484,0.21839003042814553,0.1961053296853935
72.33011287118428,9.0,72.33011287118428,4.999964387225783,0.41702346547562746,3.645940018206498,4.902633247429165,0.2183900306208538,0.19610532989779608
72.35011287118428,9.0,72.35011287118428,4.999964387997508,0.4170234655404222,3.6459400234090116,4.90263325264555,0.2183900307978504,0.19610533010518955
72.37011287118429,9.0,72.37011287118429,4.999964388755662,0.4170234656043676,3.645940028513845,4.902633257719179,0.21839003097358078,0.19610533030945423
72.3901128711843,9.0,72.3901128711843,4.999964389500676,0.41702346566556625,3.6459400335426775,4.902633262781674,0.2183900311747509,0.19610533051126974
72.41011287118431,9.0,72.41011287118431,4.999964390232963,0.41702346572685917,3.6459400384824336,4.902633267702398,0.2183900313349105,0.1961053307080991
72.4301128711843,9.0,72.4301128711843,4.999964390952914,0.41702346578672983,3.645940043347248,4.902633272568857,0.2183900315176728,0.19610533090279156
72.45011287118432,9.0,72.45011287118432,4.999964391660909,0.41702346584567385,3.6459400481383497,4.902633277360656,0.21839003169528717,0.19610533109443318
72.47011287118431,9.0,72.47011287118431,4.999964392357304,0.4170234659041929,3.6459400528574144,4.902633282079742,0.21839003186981684,0.19610533128321092
72.49011287118432,9.0,72.49011287118432,4.999964393042437,0.4170234659612449,3.645940057510949,4.902633286733149,0.21839003204320645,0.19610533146928644
72.51011287118433,9.0,72.51011287118433,4.9999643937166445,0.41702346601770623,3.6459400620985742,4.902633291320693,0.21839003221540493,0.19610533165283273
72.53011287118434,9.0,72.53011287118434,4.999964394380236,0.41702346607291657,3.645940066625042,4.9026332958471315,0.2183900323870887,0.196105331833955
72.55011287118434,9.0,72.55011287118434,4.9999643950335155,0.41702346612741803,3.6459400710944947,4.9026333003164915,0.21839003255657016,0.19610533201264546
72.57011287118435,9.0,72.57011287118435,4.9999643956767645,0.417023466181568,3.6459400755073497,4.902633304729267,0.2183900327102022,0.19610533218789872
72.59011287118436,9.0,72.59011287118436,4.99996439631026,0.4170234662340922,3.6459400798629837,4.902633309056663,0.21839003287712913,0.19610533236223027
72.61011287118437,9.0,72.61011287118437,4.999964396934269,0.4170234662856066,3.6459400841740655,4.902633313402429,0.21839003307217983,0.1961053325361036
72.63011287118437,9.0,72.63011287118437,4.999964397549046,0.41702346633690557,3.645940088431168,4.902633317654317,0.21839003322503894,0.19610533270617786
72.65011287118438,9.0,72.65011287118438,4.9999643981548365,0.41702346638771304,3.6459400926431225,4.902633321864578,0.21839003340166319,0.1961053328758156
72.67011287118439,9.0,72.67011287118439,4.999964398751872,0.41702346643810706,3.645940096811673,4.902633326061133,0.21839003356481515,0.19610533304244862
72.6901128711844,9.0,72.6901128711844,4.999964399340379,0.41702346648589705,3.6459401009307744,4.902633330145624,0.21839003368432794,0.1961053332045842
72.71011287118439,9.0,72.71011287118439,4.999964399920575,0.41702346653512595,3.6459401050092466,4.902633334201159,0.2183900338718611,0.19610533336927652
72.7301128711844,9.0,72.7301128711844,4.9999644004926695,0.4170234665829269,3.6459401090569568,4.902633338312968,0.2183900340629191,0.19610533353253093
72.7501128711844,9.0,72.7501128711844,4.99996440105686,0.41702346663011275,3.6459401130547455,4.902633342270967,0.21839003418089162,0.19610533369082406
72.77011287118441,9.0,72.77011287118441,4.999964401613343,0.4170234666757186,3.645940117020011,4.902633346239791,0.21839003434810147,0.19610533384958934
72.79011287118442,9.0,72.79011287118442,4.999964402162304,0.417023466722082,3.645940120949238,4.902633350170423,0.21839003449344813,0.19610533400558366
72.81011287118443,9.0,72.81011287118443,4.999964402703924,0.4170234667672204,3.645940124841985,4.90263335403492,0.21839003464992038,0.19610533416138962
72.83011287118443,9.0,72.83011287118443,4.999964403238379,0.4170234668118771,3.645940128707174,4.902633357934749,0.21839003483356068,0.1961053343174169
72.85011287118444,9.0,72.85011287118444,4.9999644037658335,0.41702346685613717,3.6459401325369374,4.9026333617592615,0.21839003497611742,0.1961053344703779
72.87011287118445,9.0,72.87011287118445,4.999964404286444,0.4170234668988956,3.6459401363363657,4.902633365556971,0.21839003513435631,0.1961053346228708
72.89011287118444,9.0,72.89011287118444,4.999964404800376,0.41702346694230247,3.645940140107666,4.902633369342318,0.21839003528088444,0.19610533477307013
72.91011287118445,9.0,72.91011287118445,4.999964405307774,0.4170234669838973,3.6459401438455084,4.90263337304889,0.2183900354266992,0.19610533492256443
72.93011287118446,9.0,72.93011287118446,4.999964405808789,0.41702346702585597,3.6459401475613014,4.902633376798392,0.21839003559812084,0.196105335071952
72.95011287118447,9.0,72.95011287118447,4.999964406303561,0.41702346706694554,3.645940151245517,4.902633380463431,0.2183900357306663,0.1961053352185755
72.97011287118448,9.0,72.97011287118448,4.999964406792219,0.41702346710747007,3.64594015490744,4.902633384127148,0.2183900358923738,0.19610533536565986
72.99011287118448,9.0,72.99011287118448,4.9999644072749,0.4170234671468827,3.6459401585446884,4.9026333877790975,0.21839003603567814,0.1961053355105145
73.01011287118449,9.0,73.01011287118449,4.9999644077517384,0.41702346718778704,3.645940162152527,4.902633391355599,0.21839003617739922,0.19610533565482086
73.0301128711845,9.0,73.0301128711845,4.99996440822285,0.41702346722671263,3.6459401657440775,4.902633394980855,0.2183900363459053,0.19610533579924966
73.0501128711845,9.0,73.0501128711845,4.999964408688356,0.41702346726534584,3.6459401693077953,4.902633398525424,0.21839003647444893,0.19610533594100155
73.0701128711845,9.0,73.0701128711845,4.999964409148372,0.4170234673038821,3.645940172851696,4.902633402071023,0.21839003662572498,0.1961053360828183
73.0901128711845,9.0,73.0901128711845,4.999964409603015,0.41702346734162904,3.6459401763733488,4.90263340559339,0.21839003677329424,0.19610533622374576
73.11011287118451,9.0,73.11011287118451,4.99996441005239,0.4170234673787436,3.6459401798744637,4.902633409094438,0.2183900369184974,0.19610533636376068
73.13011287118452,9.0,73.13011287118452,4.999964410496603,0.4170234674152795,3.6459401833570118,4.902633412576821,0.21839003705637333,0.19610533650240317
73.15011287118453,9.0,73.15011287118453,4.999964410935759,0.4170234674523093,3.6459401868171337,4.9026334160227805,0.2183900372080223,0.19610533664151353
73.17011287118453,9.0,73.17011287118453,4.999964411369951,0.4170234674877502,3.6459401902630235,4.902633419500185,0.2183900373657521,0.1961053367799707
73.19011287118454,9.0,73.19011287118454,4.999964411799281,0.4170234675234182,3.6459401936848628,4.9026334229018955,0.2183900374819134,0.19610533691546544
73.21011287118455,9.0,73.21011287118455,4.999964412223847,0.41702346755905645,3.645940197090209,4.902633426294854,0.21839003763026166,0.19610533705185695
73.23011287118456,9.0,73.23011287118456,4.999964412643735,0.41702346759403713,3.6459402004814603,4.902633429704199,0.21839003778794586,0.19610533718819717
73.25011287118456,9.0,73.25011287118456,4.9999644130590335,0.41702346762863024,3.6459402038539612,4.902633433074019,0.2183900379238497,0.196105337322989
73.27011287118457,9.0,73.27011287118457,4.999964413469831,0.41702346766253534,3.645940207211174,4.902633436430314,0.218390038063427,0.19610533745717462
73.29011287118458,9.0,73.29011287118458,4.999964413876208,0.4170234676960059,3.6459402105507066,4.902633439769858,0.21839003820408032,0.19610533759078505
73.31011287118459,9.0,73.31011287118459,4.99996441427825,0.417023467729829,3.64594021387594,4.902633443094898,0.21839003834452309,0.1961053377237587
73.33011287118458,9.0,73.33011287118458,4.999964414676037,0.41702346776241606,3.6459402171841395,4.9026334464031605,0.21839003848452268,0.19610533785615175
73.35011287118459,9.0,73.35011287118459,4.99996441506964,0.4170234677957148,3.6459402204796425,4.902633449698547,0.21839003862397602,0.1961053379879135
73.3701128711846,9.0,73.3701128711846,4.999964415459137,0.417023467827886,3.6459402237597605,4.902633452978556,0.21839003876290441,0.19610533811913436
73.3901128711846,9.0,73.3901128711846,4.999964415844601,0.4170234678593933,3.6459402270257844,4.90263345624464,0.2183900389014332,0.19610533824978582
73.41011287118461,9.0,73.41011287118461,4.999964416226108,0.41702346789127326,3.645940230277762,4.902633459496454,0.2183900390390071,0.196105338379843
73.4301128711846,9.0,73.4301128711846,4.999964416603718,0.4170234679226476,3.6459402335169813,4.902633462735499,0.21839003917670355,0.19610533850939577
73.45011287118461,9.0,73.45011287118461,4.999964416977506,0.41702346795375844,3.6459402367430784,4.90263346596164,0.2183900393144511,0.19610533863847807
73.47011287118463,9.0,73.47011287118463,4.999964417347535,0.4170234679843587,3.6459402399560057,4.902633469174459,0.21839003945080154,0.19610533876697633
73.49011287118464,9.0,73.49011287118464,4.9999644177138665,0.4170234680146252,3.645940243157448,4.90263347237579,0.2183900395873953,0.1961053388950181
73.51011287118465,9.0,73.51011287118465,4.999964418076564,0.4170234680446886,3.6459402463452304,4.902633475563578,0.21839003972302942,0.19610533902254745
73.53011287118464,9.0,73.53011287118464,4.999964418435693,0.4170234680743333,3.645940249521713,4.902633478739903,0.21839003985861508,0.19610533914959977
73.55011287118465,9.0,73.55011287118465,4.9999644187913095,0.4170234681035398,3.645940252687197,4.90263348190546,0.21839003999411283,0.19610533927621313
73.57011287118466,9.0,73.57011287118466,4.999964419143468,0.4170234681329154,3.645940255840321,4.902633485058299,0.21839004012845104,0.19610533940233119
73.59011287118466,9.0,73.59011287118466,4.99996441949223,0.4170234681619538,3.6459402589830936,4.902633488201093,0.21839004026285494,0.1961053395280127
73.61011287118467,9.0,73.61011287118467,4.99996441983765,0.41702346819006914,3.6459402621143004,4.902633491332264,0.21839004039725043,0.19610533965330806
73.63011287118468,9.0,73.63011287118468,4.999964420179776,0.4170234682188429,3.6459402652354975,4.902633494453335,0.21839004053080793,0.19610533977812394
73.65011287118469,9.0,73.65011287118469,4.99996442051867,0.4170234682467705,3.6459402683453597,4.9026334975630945,0.21839004066376855,0.19610533990251233
73.6701128711847,9.0,73.6701128711847,4.999964420854374,0.4170234682741575,3.6459402714451796,4.902633500662818,0.21839004079669538,0.1961053400264983
73.6901128711847,9.0,73.6901128711847,4.999964421186946,0.4170234683018844,3.6459402745343286,4.902633503751975,0.21839004092938907,0.1961053401500909
73.71011287118469,9.0,73.71011287118469,4.99996442151643,0.4170234683287442,3.6459402776150984,4.902633506832616,0.21839004106183763,0.1961053402732841
73.7301128711847,9.0,73.7301128711847,4.999964421842874,0.41702346835609194,3.645940280684737,4.902633509902187,0.21839004119354147,0.196105340396089
73.75011287118471,9.0,73.75011287118471,4.9999644221663235,0.41702346838320464,3.6459402837456087,4.9026335129629235,0.21839004132489842,0.19610534051848605
73.77011287118472,9.0,73.77011287118472,4.9999644224868325,0.4170234684094647,3.6459402867969963,4.902633516014294,0.218390041448954,0.1961053406399284
73.79011287118472,9.0,73.79011287118472,4.999964422804434,0.4170234684352793,3.645940289837309,4.902633519040384,0.21839004158012285,0.19610534076163588
73.81011287118473,9.0,73.81011287118473,4.999964423119174,0.4170234684611092,3.645940292871404,4.902633522091836,0.21839004172474433,0.19610534088370352
73.83011287118474,9.0,73.83011287118474,4.999964423431102,0.41702346848741817,3.6459402958956035,4.902633525113303,0.21839004184900565,0.19610534100452828
73.85011287118475,9.0,73.85011287118475,4.999964423740254,0.4170234685124842,3.645940298911404,4.902633528128345,0.21839004197751732,0.19610534112509406
73.87011287118474,9.0,73.87011287118474,4.999964424046668,0.41702346853781336,3.645940301917804,4.902633531134626,0.21839004210739765,0.19610534124538345
73.89011287118475,9.0,73.89011287118475,4.999964424350394,0.41702346856253525,3.6459403049154235,4.902633534132216,0.21839004223679703,0.19610534136529892
73.91011287118477,9.0,73.91011287118477,4.999964424651461,0.41702346858794154,3.645940307905496,4.902633537122221,0.21839004236645976,0.1961053414849228
73.93011287118478,9.0,73.93011287118478,4.999964424949912,0.41702346861246525,3.6459403108877457,4.902633540104299,0.21839004250945165,0.1961053416053924
73.95011287118477,9.0,73.95011287118477,4.999964425245782,0.41702346863679696,3.6459403138639708,4.902633543108554,0.2183900426374996,0.19610534172431623
73.97011287118478,9.0,73.97011287118478,4.99996442553911,0.4170234686611523,3.6459403168251794,4.902633546035167,0.2183900427376161,0.1961053418414244
73.99011287118479,9.0,73.99011287118479,4.999964425829927,0.4170234686847447,3.64594031978472,4.902633548999776,0.21839004287756159,0.1961053419599557
74.0101128711848,9.0,74.0101128711848,4.999964426118272,0.41702346870893797,3.6459403227335345,4.902633551950054,0.218390043000025,0.19610534207740468
74.0301128711848,9.0,74.0301128711848,4.9999644264041825,0.4170234687319428,3.645940325675455,4.902633554877692,0.2183900431347289,0.19610534219573464
74.05011287118481,9.0,74.05011287118481,4.999964426687687,0.4170234687554103,3.6459403286137104,4.902633557847369,0.21839004326774814,0.19610534231325144
74.0701128711848,9.0,74.0701128711848,4.999964426968816,0.4170234687785057,3.645940331537125,4.902633560736662,0.21839004337415985,0.19610534242947444
74.09011287118481,9.0,74.09011287118481,4.999964427247607,0.4170234688011594,3.6459403344594867,4.902633563678151,0.21839004352722838,0.19610534254777462
74.11011287118482,9.0,74.11011287118482,4.99996442752409,0.4170234688236075,3.6459403373733643,4.902633566604286,0.21839004364129033,0.19610534266356902
74.13011287118482,9.0,74.13011287118482,4.9999644277982975,0.417023468846848,3.6459403402756574,4.902633569474146,0.21839004375161353,0.19610534277898276
74.15011287118483,9.0,74.15011287118483,4.999964428070256,0.4170234688688588,3.6459403431763766,4.902633572394834,0.21839004389758399,0.19610534289581247
74.17011287118484,9.0,74.17011287118484,4.999964428339998,0.4170234688911815,3.6459403460685595,4.9026335752850425,0.21839004401854875,0.19610534301141588
74.19011287118485,9.0,74.19011287118485,4.99996442860755,0.4170234689133788,3.6459403489528124,4.902633578168578,0.21839004414164287,0.19610534312674277
74.21011287118486,9.0,74.21011287118486,4.999964428872944,0.4170234689343536,3.645940351830902,4.9026335810465005,0.21839004425919906,0.19610534324123977
74.23011287118486,9.0,74.23011287118486,4.999964429136207,0.4170234689564253,3.6459403547008393,4.902633583902238,0.21839004438391652,0.19610534335609192
74.25011287118487,9.0,74.25011287118487,4.999964429397367,0.41702346897846715,3.645940357567378,4.90263358678615,0.2183900445223326,0.1961053434714371
74.27011287118488,9.0,74.27011287118488,4.999964429656445,0.41702346899880294,3.6459403604249854,4.902633589641043,0.21839004465488301,0.196105343586873
74.29011287118487,9.0,74.29011287118487,4.999964429913477,0.4170234690200546,3.6459403632801166,4.902633592523421,0.21839004476313442,0.19610534369968924
74.31011287118488,9.0,74.31011287118488,4.999964430168477,0.4170234690415869,3.645940366119333,4.902633595299873,0.21839004487345326,0.19610534381323239
74.3301128711849,9.0,74.3301128711849,4.999964430421486,0.41702346906128607,3.6459403689637684,4.902633598212088,0.21839004502181653,0.19610534392727444
74.35011287118489,9.0,74.35011287118489,4.9999644306725175,0.41702346908242066,3.645940371789095,4.90263360097102,0.2183900451219911,0.1961053440400895
74.3701128711849,9.0,74.3701128711849,4.999964430921599,0.4170234691022401,3.6459403746222314,4.902633603870401,0.21839004526785905,0.19610534415361436
74.39011287118491,9.0,74.39011287118491,4.999964431168755,0.41702346912327176,3.64594037743569,4.902633606617427,0.2183900453677689,0.19610534426598014
74.41011287118491,9.0,74.41011287118491,4.999964431414014,0.4170234691428599,3.64594038025625,4.902633609504252,0.21839004552693891,0.19610534438018934
74.43011287118492,9.0,74.43011287118492,4.999964431657387,0.41702346916259586,3.6459403830594233,4.902633612269086,0.2183900456115749,0.19610534449080874
74.45011287118493,9.0,74.45011287118493,4.999964431898906,0.41702346918185523,3.6459403858616537,4.902633615074955,0.21839004574273266,0.19610534460303075
74.47011287118494,9.0,74.47011287118494,4.999964432138588,0.4170234692021272,3.6459403886582114,4.902633617872924,0.21839004585947608,0.19610534471428967
74.49011287118493,9.0,74.49011287118493,4.999964432376464,0.41702346922083805,3.645940391446375,4.902633620646956,0.2183900459803348,0.1961053448258742
74.51011287118494,9.0,74.51011287118494,4.999964432612544,0.4170234692401585,3.6459403942323014,4.902633623450109,0.21839004611535442,0.1961053449380004
74.53011287118495,9.0,74.53011287118495,4.999964432846861,0.41702346925916495,3.645940397009154,4.902633626224367,0.21839004623723632,0.19610534504961366
74.55011287118496,9.0,74.55011287118496,4.999964433079426,0.417023469277777,3.6459403997835045,4.902633629011931,0.21839004634943918,0.19610534515984504
74.57011287118496,9.0,74.57011287118496,4.9999644333102635,0.417023469296713,3.645940402546931,4.9026336317436945,0.21839004645555452,0.1961053452697212
74.59011287118497,9.0,74.59011287118497,4.999964433539392,0.4170234693154476,3.6459404053090574,4.902633634525881,0.2183900465957091,0.19610534538101448
74.61011287118498,9.0,74.61011287118498,4.999964433766834,0.41702346933366435,3.6459404080639217,4.902633637278815,0.218390046711767,0.1961053454911902
74.63011287118499,9.0,74.63011287118499,4.999964433992607,0.4170234693524662,3.6459404108132887,4.902633640027356,0.21839004683012705,0.1961053456011391
74.65011287118499,9.0,74.65011287118499,4.999964434216729,0.41702346937055856,3.645940413557782,4.9026336427716934,0.21839004694148853,0.19610534571020474
74.67011287118498,9.0,74.67011287118498,4.999964434439222,0.4170234693883278,3.6459404162949,4.90263364549469,0.21839004706080845,0.1961053458197512
74.690112871185,9.0,74.690112871185,4.999964434660104,0.4170234694065418,3.645940419029369,4.902633648246475,0.21839004719405036,0.19610534592984633
74.710112871185,9.0,74.710112871185,4.999964434879388,0.4170234694245072,3.6459404217558893,4.9026336509702935,0.2183900473068642,0.19610534603882493
74.73011287118501,9.0,74.73011287118501,4.999964435097099,0.4170234694421276,3.645940424477719,4.902633653691267,0.21839004742416324,0.19610534614765052
74.75011287118502,9.0,74.75011287118502,4.999964435313247,0.4170234694595354,3.6459404271936253,4.902633656407263,0.21839004754256594,0.19610534625629253
74.77011287118502,9.0,74.77011287118502,4.999964435527857,0.4170234694771215,3.6459404299044347,4.902633659117819,0.21839004766108266,0.1961053463647443
74.79011287118503,9.0,74.79011287118503,4.999964435740945,0.41702346949452174,3.645940432610335,4.90263366182376,0.2183900477788449,0.1961053464729417
74.81011287118504,9.0,74.81011287118504,4.9999644359525215,0.41702346951148284,3.6459404353118354,4.902633664525173,0.21839004789654987,0.19610534658096412
74.83011287118504,9.0,74.83011287118504,4.999964436162605,0.41702346952888614,3.645940438005551,4.902633667218826,0.21839004801388315,0.19610534668879198
74.85011287118505,9.0,74.85011287118505,4.999964436371216,0.41702346954553177,3.6459404406957043,4.902633669908845,0.21839004813092996,0.19610534679634367
74.87011287118506,9.0,74.87011287118506,4.99996443657837,0.4170234695620261,3.6459404433799745,4.902633672593084,0.21839004824812822,0.1961053469037408
74.89011287118507,9.0,74.89011287118507,4.999964436784076,0.41702346957872616,3.645940446059295,4.902633675272347,0.21839004836465944,0.19610534701088728
74.91011287118508,9.0,74.91011287118508,4.999964436988355,0.41702346959530856,3.6459404487338514,4.902633677946765,0.21839004848801025,0.1961053471184259
74.93011287118507,9.0,74.93011287118507,4.99996443719122,0.41702346961156544,3.645940451403544,4.902633680630449,0.21839004859751823,0.19610534722461703
74.95011287118508,9.0,74.95011287118508,4.999964437392689,0.4170234696280188,3.6459404540632026,4.90263368325875,0.21839004869961148,0.1961053473303957
74.9701128711851,9.0,74.9701128711851,4.999964437592772,0.41702346964424386,3.6459404567240847,4.902633685939418,0.21839004883575763,0.19610534743760827
74.99011287118509,9.0,74.99011287118509,4.999964437791487,0.4170234696603279,3.64594045937777,4.90263368859122,0.21839004895399075,0.19610534754427794
75.0101128711851,9.0,75.0101128711851,4.999964437988846,0.4170234696759932,3.6459404620270908,4.902633691253694,0.21839004906766576,0.19610534765016557
75.0301128711851,9.0,75.0301128711851,4.999964438184865,0.41702346969168547,3.645940464669162,4.902633693878427,0.2183900491692316,0.19610534775515767
75.0501128711851,9.0,75.0501128711851,4.999964438379557,0.41702346970737236,3.6459404673077502,4.902633696519517,0.21839004928982705,0.19610534786077313
75.07011287118512,9.0,75.07011287118512,4.999964438572935,0.4170234697226919,3.6459404699418534,4.902633699154256,0.2183900494057831,0.196105347966127
75.09011287118513,9.0,75.09011287118513,4.999964438765013,0.4170234697384959,3.6459404725685283,4.9026337017809585,0.21839004952014848,0.19610534807127344
75.11011287118512,9.0,75.11011287118512,4.9999644389558044,0.4170234697539514,3.645940475191977,4.902633704404312,0.2183900496345414,0.1961053481761839
75.13011287118513,9.0,75.13011287118513,4.999964439145322,0.417023469768929,3.6459404778103734,4.902633707022595,0.21839004974838405,0.19610534828088516
75.15011287118514,9.0,75.15011287118514,4.99996443933358,0.41702346978462934,3.6459404804237234,4.902633709635853,0.2183900498622973,0.19610534838541646
75.17011287118515,9.0,75.17011287118515,4.999964439520581,0.4170234697993983,3.64594048303095,4.902633712243106,0.21839004997605113,0.19610534848975342
75.19011287118515,9.0,75.19011287118515,4.999964439706354,0.4170234698146752,3.6459404856345614,4.902633714846655,0.21839005008991338,0.19610534859389003
75.21011287118516,9.0,75.21011287118516,4.999964439890903,0.4170234698287883,3.6459404882324016,4.902633717444369,0.21839005020321559,0.19610534869782484
75.23011287118517,9.0,75.23011287118517,4.99996444007424,0.41702346984344035,3.64594049082651,4.902633720038291,0.218390050316194,0.1961053488015382
75.25011287118518,9.0,75.25011287118518,4.999964440256376,0.41702346985847605,3.6459404934153996,4.902633722627226,0.2183900504289513,0.19610534890507977
75.27011287118518,9.0,75.27011287118518,4.999964440437321,0.4170234698732456,3.6459404959989565,4.902633725210829,0.21839005054175037,0.19610534900845358
75.29011287118519,9.0,75.29011287118519,4.999964440617094,0.4170234698874794,3.645940498577216,4.902633727788839,0.21839005065385392,0.1961053491115798
75.31011287118518,9.0,75.31011287118518,4.999964440795701,0.41702346990134076,3.645940501151878,4.902633730363461,0.2183900507661822,0.19610534921452394
75.3301128711852,9.0,75.3301128711852,4.999964440973152,0.41702346991539385,3.645940503720578,4.902633732932087,0.2183900508778137,0.19610534931726642
75.3501128711852,9.0,75.3501128711852,4.999964441149464,0.41702346992957207,3.6459405062848806,4.902633735496415,0.2183900509904027,0.19610534941989477
75.3701128711852,9.0,75.3701128711852,4.999964441324635,0.4170234699439324,3.645940508844826,4.902633738056232,0.21839005110128723,0.19610534952221068
75.39011287118521,9.0,75.39011287118521,4.999964441498693,0.417023469957432,3.645940511399017,4.902633740610315,0.21839005121288985,0.19610534962442416
75.41011287118522,9.0,75.41011287118522,4.999964441671636,0.4170234699714264,3.645940513949322,4.902633743160637,0.21839005132407863,0.19610534972640625
75.43011287118523,9.0,75.43011287118523,4.99996444184348,0.417023469985104,3.645940516493228,4.902633745704369,0.2183900514350755,0.19610534982821887
75.45011287118524,9.0,75.45011287118524,4.999964442014233,0.4170234699991453,3.645940519033852,4.902633748244986,0.21839005154645164,0.19610534992984818
75.47011287118524,9.0,75.47011287118524,4.999964442183908,0.4170234700124834,3.645940521569254,4.902633750780348,0.2183900516565417,0.19610535003122706
75.49011287118525,9.0,75.49011287118525,4.999964442352513,0.41702347002558554,3.6459405241004115,4.902633753311405,0.2183900517670754,0.1961053501324696
75.51011287118526,9.0,75.51011287118526,4.9999644425200565,0.417023470039164,3.645940526626205,4.9026337558371855,0.21839005187694563,0.19610535023349443
75.53011287118525,9.0,75.53011287118525,4.999964442686551,0.41702347005240964,3.6459405291483784,4.9026337583592445,0.21839005199391387,0.19610535033493592
75.53111287118526,9.0,75.53111287118526,4.999964442694853,0.417023470052411,3.645940529262006,4.902633758391852,0.2183900516942594,0.19610535032693954
75.54711287118526,9.0,75.54711287118526,4.999964442827254,0.41702347006345125,3.6459405312927906,4.902633760558199,0.21839005218365035,0.19610535042428953
75.56711287118527,9.0,75.56711287118527,4.999964442991828,0.41702347007695556,3.64594053380083,4.902633763030992,0.21839005219007163,0.19610535051997066
75.58711287118527,9.0,75.58711287118527,4.999964443155386,0.41702347008958757,3.645940536305018,4.9026337655003855,0.2183900523003093,0.1961053506212542
75.60711287118528,9.0,75.60711287118528,4.999964443317924,0.4170234701026339,3.645940538812302,4.902633768053188,0.21839005242726317,0.1961053507221404
75.62711287118529,9.0,75.62711287118529,4.999964443479456,0.417023470115383,3.645940541307788,4.902633770512392,0.2183900525047122,0.19610535082049488
75.64711287118529,9.0,75.64711287118529,4.999964443639996,0.41702347012795793,3.6459405438009598,4.902633773010101,0.2183900526092139,0.19610535091918388
75.6671128711853,9.0,75.6671128711853,4.999964443799546,0.41702347014093033,3.6459405462869023,4.902633775469227,0.21839005273507822,0.19610535102003598
75.6871128711853,9.0,75.6871128711853,4.999964443958123,0.4170234701536061,3.64594054877778,4.902633778023011,0.21839005285662508,0.19610535111967511
75.7071128711853,9.0,75.7071128711853,4.999964444115729,0.41702347016581737,3.6459405512505274,4.902633780427426,0.21839005292429708,0.19610535121710332
75.72711287118531,9.0,75.72711287118531,4.999964444272373,0.4170234701780565,3.6459405537287886,4.902633782944071,0.21839005306977965,0.19610535131779366
75.74711287118532,9.0,75.74711287118532,4.999964444428066,0.41702347019039926,3.6459405561988967,4.902633785410435,0.21839005316820928,0.19610535141640523
75.76711287118533,9.0,75.76711287118533,4.999964444582818,0.4170234702029861,3.6459405586636557,4.902633787873624,0.21839005328792524,0.1961053515162128
75.78711287118534,9.0,75.78711287118534,4.99996444473663,0.4170234702154059,3.6459405611268183,4.902633790364854,0.2183900533808553,0.196105351613399
75.78811287118533,9.0,75.78811287118533,4.999964444744299,0.41702347021483704,3.6459405612009594,4.902633790056074,0.21839005319397797,0.19610535161093615
75.80411287118534,9.0,75.80411287118534,4.999964444866648,0.4170234702253265,3.6459405632555195,4.902633792787494,0.2183900538252383,0.1961053517095728
75.82411287118535,9.0,75.82411287118535,4.999964445018748,0.41702347023789543,3.645940565661415,4.90263379484916,0.21839005357077085,0.19610535179458613
75.84411287118536,9.0,75.84411287118536,4.999964445169935,0.41702347024984177,3.6459405681151957,4.9026337973590985,0.21839005370225859,0.19610535189376646
75.86411287118536,9.0,75.86411287118536,4.999964445320221,0.41702347026165676,3.6459405705524515,4.902633799742361,0.2183900537862052,0.19610535199095191
75.88411287118535,9.0,75.88411287118535,4.999964445469612,0.417023470273456,3.64594057299613,4.902633802235579,0.2183900539174164,0.19610535208941676
75.90411287118536,9.0,75.90411287118536,4.999964445618109,0.4170234702852952,3.645940575426068,4.902633804629838,0.21839005399268313,0.19610535218521816
75.92411287118537,9.0,75.92411287118537,4.999964445765725,0.41702347029543435,3.6459405778555616,4.902633807063773,0.21839005410846893,0.19610535228252343
75.94411287118538,9.0,75.94411287118538,4.999964445912469,0.4170234703078941,3.6459405802805502,4.902633809490186,0.21839005421675634,0.19610535237957957
75.96411287118539,9.0,75.96411287118539,4.999964446058346,0.41702347031891335,3.6459405826988283,4.902633811908417,0.2183900543219596,0.19610535247638805
75.98411287118539,9.0,75.98411287118539,4.999964446203361,0.4170234703300881,3.645940585114463,4.9026338143238,0.2183900544269119,0.19610535257295378
76.0041128711854,9.0,76.0041128711854,4.999964446347525,0.4170234703410277,3.6459405875239304,4.902633816733301,0.2183900545241316,0.19610535266871515
76.02411287118541,9.0,76.02411287118541,4.999964446490845,0.4170234703527548,3.6459405899289803,4.902633819124112,0.2183900546362061,0.19610535276553528
76.0441128711854,9.0,76.0441128711854,4.99996444663332,0.4170234703631886,3.645940592333029,4.902633821559684,0.21839005475544457,0.19610535286239458
76.04511287118541,9.0,76.04511287118541,4.999964446640427,0.4170234703635419,3.645940592429401,4.902633821470532,0.21839005445390877,0.1961053528544214
76.06111287118541,9.0,76.06111287118541,4.999964446753779,0.4170234703739756,3.6459405943869325,4.902633823729699,0.21839005499841993,0.19610535294917605
76.08111287118543,9.0,76.08111287118543,4.99996444689472,0.4170234703844686,3.6459405967608407,4.902633825966537,0.21839005493669317,0.19610535303867246
76.10111287118544,9.0,76.10111287118544,4.999964447034847,0.41702347039582033,3.6459405991513067,4.902633828378173,0.21839005504982043,0.19610535313511743
76.12111287118543,9.0,76.12111287118543,4.999964447174159,0.41702347040599486,3.645940601531335,4.902633830736913,0.21839005513390453,0.19610535322948064
76.14111287118544,9.0,76.14111287118544,4.99996444731267,0.4170234704163669,3.6459406039112157,4.902633833119189,0.218390055244526,0.1961053533247541
76.16111287118544,9.0,76.16111287118544,4.999964447450379,0.41702347042770604,3.6459406062843356,4.902633835493178,0.2183900553497576,0.19610535341977137
76.18111287118545,9.0,76.18111287118545,4.999964447587297,0.41702347043832205,3.645940608654089,4.902633837862899,0.21839005545281986,0.19610535351451844
76.20111287118546,9.0,76.20111287118546,4.999964447723426,0.4170234704492287,3.6459406110192902,4.9026338402280025,0.21839005555557522,0.19610535360910095
76.22111287118545,9.0,76.22111287118545,4.999964447858775,0.4170234704594677,3.6459406133793024,4.902633842587918,0.2183900556587081,0.19610535370355048
76.24111287118546,9.0,76.24111287118546,4.999964447993353,0.4170234704704258,3.6459406157343675,4.902633844942957,0.21839005576094075,0.19610535379773808
76.26111287118547,9.0,76.26111287118547,4.999964448127163,0.417023470480599,3.6459406180854077,4.90263384729396,0.21839005585642224,0.19610535389117356
76.28111287118548,9.0,76.28111287118548,4.999964448260209,0.4170234704906159,3.64594062043076,4.902633849625041,0.21839005595842062,0.1961053539850051
76.3011128711855,9.0,76.3011128711855,4.9999644483924985,0.41702347050113214,3.6459406227750604,4.902633851986716,0.21839005607477843,0.19610535407946597
76.30211287118549,9.0,76.30211287118549,4.999964448399102,0.4170234705009621,3.6459406228690057,4.9026338519018475,0.21839005598877628,0.196105354080366
76.31811287118549,9.0,76.31811287118549,4.999964448504367,0.4170234705103747,3.6459406247842954,4.902633854175035,0.21839005634520586,0.19610535416606753
76.3381128711855,9.0,76.3381128711855,4.999964448635272,0.41702347052025845,3.645940627092194,4.9026338562754725,0.21839005624067567,0.196105354251691
76.35811287118551,9.0,76.35811287118551,4.999964448765441,0.4170234705304287,3.645940629427107,4.902633858668075,0.21839005637212522,0.19610535434614082
76.37811287118551,9.0,76.37811287118551,4.99996444889488,0.4170234705399507,3.6459406317456566,4.902633860933858,0.21839005643791795,0.19610535443734217
76.39811287118552,9.0,76.39811287118552,4.999964449023591,0.41702347054991923,3.645940634068586,4.902633863278295,0.2183900565641207,0.1961053545310832
76.41811287118551,9.0,76.41811287118551,4.999964449151581,0.4170234705605794,3.6459406363819906,4.9026338655906345,0.21839005666123212,0.1961053546236132
76.43811287118552,9.0,76.43811287118552,4.999964449278854,0.4170234705699752,3.6459406386934154,4.902633867901258,0.21839005676132292,0.19610535471604645
76.45811287118553,9.0,76.45811287118553,4.9999644494054225,0.41702347057991623,3.6459406409982584,4.902633870206088,0.21839005686106336,0.1961053548082466
76.47811287118554,9.0,76.47811287118554,4.999964449531277,0.41702347058935324,3.6459406433000203,4.902633872507785,0.21839005696157468,0.1961053549002974
76.49811287118554,9.0,76.49811287118554,4.999964449656439,0.41702347059970424,3.6459406455965304,4.902633874804204,0.21839005706141457,0.19610535499215137
76.51811287118555,9.0,76.51811287118555,4.999964449780901,0.4170234706090225,3.6459406478884837,4.9026338770961155,0.21839005716172918,0.19610535508387206
76.53811287118556,9.0,76.53811287118556,4.999964449904675,0.4170234706179987,3.645940650176603,4.902633879384111,0.2183900572688172,0.19610535517599828
76.55811287118556,9.0,76.55811287118556,4.9999644500277665,0.4170234706277003,3.645940652460583,4.902633881682157,0.2183900573678028,0.1961053552672917
76.55911287118556,9.0,76.55911287118556,4.999964450033908,0.41702347062792644,3.645940652551185,4.902633881588731,0.21839005717342566,0.19610535526354622
76.57511287118557,9.0,76.57511287118557,4.999964450131872,0.41702347063583534,3.645940654416027,4.902633883780157,0.21839005762914795,0.19610535535124546
76.59511287118558,9.0,76.59511287118558,4.999964450253705,0.4170234706460501,3.6459406566699086,4.902633885870111,0.21839005753789104,0.19610535543480148
76.61511287118559,9.0,76.61511287118559,4.999964450374873,0.4170234706548899,3.645940658942256,4.902633888166496,0.2183900576527396,0.19610535552664413
76.63511287118558,9.0,76.63511287118558,4.999964450495381,0.41702347066379875,3.645940661204911,4.902633890408808,0.21839005773384823,0.19610535561636858
76.6551128711856,9.0,76.6551128711856,4.999964450615229,0.41702347067343226,3.645940663466203,4.90263389267264,0.2183900578390895,0.19610535570693977
76.6751128711856,9.0,76.6751128711856,4.999964450734423,0.4170234706824584,3.6459406657228284,4.902633894930126,0.21839005793864333,0.19610535579721025
76.6951128711856,9.0,76.6951128711856,4.999964450852969,0.41702347069148415,3.645940667975184,4.902633897182285,0.21839005803648787,0.19610535588728614
76.71511287118561,9.0,76.71511287118561,4.999964450970866,0.4170234707010537,3.645940670222103,4.902633899429291,0.21839005813409842,0.19610535597718456
76.7351128711856,9.0,76.7351128711856,4.999964451088127,0.41702347070962054,3.6459406724634924,4.9026339016705345,0.2183900582312018,0.1961053560668516
76.75511287118562,9.0,76.75511287118562,4.999964451204751,0.4170234707188442,3.64594067470164,4.902633903908554,0.21839005832881364,0.196105356156353
76.77511287118563,9.0,76.77511287118563,4.999964451320747,0.4170234707277291,3.6459406769347833,4.90263390614166,0.21839005842626694,0.1961053562456995
76.79511287118564,9.0,76.79511287118564,4.999964451436113,0.4170234707367239,3.6459406791643048,4.902633908371089,0.21839005852339383,0.19610535633485382
76.81511287118565,9.0,76.81511287118565,4.999964451550859,0.41702347074529167,3.6459406813886956,4.9026339105955365,0.21839005861967653,0.19610535642379542
76.81611287118564,9.0,76.81611287118564,4.999964451556584,0.41702347074527907,3.645940681476082,4.902633910505197,0.21839005832735167,0.19610535641583773
76.83211287118564,9.0,76.83211287118564,4.999964451647911,0.4170234707524679,3.645940683293682,4.902633912640936,0.21839005889469476,0.1961053565066226
76.85211287118565,9.0,76.85211287118565,4.999964451761517,0.4170234707617618,3.6459406854920484,4.902633914711189,0.21839005880116605,0.19610535658778572
76.87211287118566,9.0,76.87211287118566,4.999964451874514,0.4170234707703541,3.6459406877020335,4.902633916909057,0.21839005889092342,0.19610535667635487
76.89211287118566,9.0,76.89211287118566,4.999964451986911,0.4170234707781633,3.645940689908319,4.902633919114017,0.21839005898835714,0.196105356764575
76.91211287118567,9.0,76.91211287118567,4.9999644520987045,0.41702347078751884,3.6459406921100914,4.90263392131642,0.2183900590862967,0.19610535685269195
76.93211287118568,9.0,76.93211287118568,4.999964452209905,0.41702347079554686,3.645940694307473,4.902633923513966,0.21839005918266371,0.19610535694061754
76.95211287118569,9.0,76.95211287118569,4.999964452320512,0.4170234708045029,3.645940696501282,4.902633925707605,0.21839005927772515,0.19610535702830365
76.97211287118569,9.0,76.97211287118569,4.999964452430533,0.41702347081284186,3.6459406986896328,4.902633927895913,0.2183900593723882,0.19610535711581645
76.9921128711857,9.0,76.9921128711857,4.999964452539968,0.41702347082053265,3.6459407008735303,4.90263393007979,0.21839005946767787,0.1961053572032005
77.01211287118569,9.0,77.01211287118569,4.999964452648827,0.4170234708285762,3.6459407030517355,4.9026339322578885,0.21839005956208735,0.19610535729034076
77.0321128711857,9.0,77.0321128711857,4.999964452757111,0.4170234708372007,3.6459407052270594,4.902633934433164,0.21839005966390304,0.19610535737790752
77.05211287118571,9.0,77.05211287118571,4.999964452864825,0.4170234708454119,3.645940707398525,4.9026339366186,0.21839005975138032,0.196105357464134
77.07211287118571,9.0,77.07211287118571,4.999964452971973,0.4170234708542968,3.645940709561327,4.902633938750061,0.21839005983166979,0.1961053575500081
77.07311287118573,9.0,77.07311287118573,4.999964452977319,0.4170234708538235,3.6459407096467626,4.902633938666222,0.21839005986153265,0.196105357555334
77.08911287118572,9.0,77.08911287118572,4.999964453062606,0.4170234708610026,3.6459407114268263,4.902633940844682,0.21839006012720574,0.1961053576318498
77.10911287118573,9.0,77.10911287118573,4.999964453168712,0.4170234708686719,3.645940713552588,4.9026339427164,0.21839005998798797,0.19610535770930562
77.12911287118574,9.0,77.12911287118574,4.999964453274258,0.41702347087665914,3.645940715713881,4.902633944954867,0.218390060139047,0.1961053577981481
77.14911287118574,9.0,77.14911287118574,4.999964453379255,0.4170234708848421,3.6459407178571985,4.902633947057729,0.21839006019416302,0.1961053578823307
77.16911287118575,9.0,77.16911287118575,4.999964453483707,0.4170234708928051,3.6459407200008807,4.902633949205119,0.21839006029676183,0.19610535796818496
77.18911287118576,9.0,77.18911287118576,4.999964453587615,0.4170234709000614,3.6459407221397586,4.902633951345491,0.21839006039296363,0.19610535805382998
77.20911287118577,9.0,77.20911287118577,4.999964453690982,0.417023470908613,3.6459407242731254,4.9026339534789,0.21839006048579834,0.19610535813921354
77.22911287118576,9.0,77.22911287118576,4.999964453793813,0.41702347091612946,3.6459407264038015,4.902633955609402,0.21839006057782792,0.1961053582243511
77.24911287118576,9.0,77.24911287118576,4.999964453896104,0.41702347092329645,3.6459407285282124,4.902633957733793,0.21839006066993344,0.19610535830935782
77.26911287118577,9.0,77.26911287118577,4.999964453997874,0.4170234709313722,3.6459407306489906,4.9026339598545166,0.2183900607624413,0.19610535839419704
77.28911287118578,9.0,77.28911287118578,4.999964454099114,0.4170234709392228,3.6459407327667934,4.902633961972223,0.2183900608619299,0.1961053584794717
77.30911287118579,9.0,77.30911287118579,4.999964454199831,0.41702347094688147,3.6459407348783763,4.902633964097852,0.21839006095325444,0.19610535856393851
77.3291128711858,9.0,77.3291128711858,4.999964454300032,0.4170234709533267,3.6459407369837584,4.902633966185846,0.2183900610311042,0.19610535864746065
77.3301128711858,9.0,77.3301128711858,4.999964454305032,0.41702347095337156,3.6459407370663808,4.902633966092492,0.21839006074098727,0.19610535863931935
77.3461128711858,9.0,77.3461128711858,4.999964454384803,0.4170234709602171,3.6459407387903333,4.902633968137092,0.21839006130878902,0.19610535872644289
77.3661128711858,9.0,77.3661128711858,4.999964454484044,0.4170234709676861,3.6459407408710134,4.902633970088809,0.21839006121795113,0.1961053588035811
77.38611287118582,9.0,77.38611287118582,4.9999644545827815,0.41702347097434456,3.645940742966076,4.902633972185762,0.21839006130203287,0.1961053588874413
77.40611287118581,9.0,77.40611287118581,4.999964454681014,0.41702347098171455,3.645940745053778,4.902633974254759,0.21839006137926575,0.19610535897016615
77.42611287118582,9.0,77.42611287118582,4.999964454778748,0.41702347098943043,3.645940747138045,4.902633976342331,0.2183900614780636,0.19610535905374066
77.44611287118583,9.0,77.44611287118583,4.999964454875976,0.41702347099668186,3.6459407492190166,4.902633978424133,0.2183900615700425,0.19610535913696725
77.46611287118584,9.0,77.46611287118584,4.999964454972717,0.4170234710038964,3.6459407512948068,4.902633980499848,0.21839006166000838,0.19610535922000594
77.48611287118584,9.0,77.48611287118584,4.9999644550689615,0.4170234710107249,3.6459407533670727,4.902633982572026,0.21839006175010656,0.1961053593028849
77.50611287118585,9.0,77.50611287118585,4.999964455164714,0.4170234710184569,3.6459407554334207,4.902633984638309,0.21839006183908521,0.19610535938551835
77.52611287118584,9.0,77.52611287118584,4.999964455259983,0.41702347102554094,3.6459407574948526,4.902633986699775,0.2183900619215871,0.19610535946740412
77.54611287118585,9.0,77.54611287118585,4.9999644553547675,0.417023471031906,3.6459407595513253,4.902633988742036,0.21839006201093186,0.19610535954968333
77.56611287118587,9.0,77.56611287118587,4.999964455449082,0.4170234710390726,3.645940761607022,4.90263399081503,0.21839006211446332,0.1961053596325879
77.58611287118586,9.0,77.58611287118586,4.99996445554291,0.417023471046188,3.645940763655149,4.902633992860579,0.21839006219729182,0.19610535971442145
77.58711287118588,9.0,77.58711287118588,4.999964455547594,0.4170234710456968,3.645940763734636,4.902633992762345,0.21839006211286002,0.19610535971480475
77.60311287118587,9.0,77.60311287118587,4.999964455622295,0.4170234710529849,3.6459407654161353,4.902633994804079,0.2183900624634298,0.1961053597911846
77.62311287118588,9.0,77.62311287118588,4.9999644557152445,0.41702347105897447,3.6459407674305013,4.902633996610298,0.21839006233749222,0.19610535986438887
77.64311287118589,9.0,77.64311287118589,4.999964455807739,0.41702347106551907,3.6459407694713426,4.902633998694673,0.21839006246388554,0.19610535994779393
77.66311287118589,9.0,77.66311287118589,4.999964455899764,0.4170234710727466,3.645940771499753,4.902634000701674,0.2183900625306584,0.1961053600280561
77.6831128711859,9.0,77.6831128711859,4.999964455991328,0.41702347108006227,3.6459407735263825,4.902634002729927,0.21839006262384206,0.19610536010920515
77.70311287118591,9.0,77.70311287118591,4.999964456082429,0.4170234710861859,3.645940775547838,4.902634004752098,0.21839006271346104,0.19610536019013336
77.72311287118592,9.0,77.72311287118592,4.999964456173076,0.41702347109305093,3.645940777566241,4.902634006770424,0.2183900628012317,0.19610536027082887
77.74311287118591,9.0,77.74311287118591,4.999964456263273,0.4170234711000048,3.6459407795792744,4.902634008783614,0.2183900628881964,0.1961053603513371
77.76311287118592,9.0,77.76311287118592,4.999964456353021,0.41702347110654014,3.645940781587553,4.902634010791651,0.21839006297527025,0.19610536043168192
77.78311287118593,9.0,77.78311287118593,4.999964456442318,0.41702347111321586,3.6459407835918003,4.902634012795918,0.2183900630620746,0.19610536051181574
77.80311287118593,9.0,77.80311287118593,4.999964456531171,0.41702347111970633,3.6459407855912547,4.902634014795321,0.21839006314895842,0.19610536059180475
77.82311287118594,9.0,77.82311287118594,4.999964456619582,0.417023471126223,3.6459407875857086,4.9026340167897455,0.21839006323545856,0.19610536067159343
77.84311287118595,9.0,77.84311287118595,4.999964456707557,0.4170234711324404,3.6459407895768887,4.90263401878086,0.21839006332258085,0.1961053607512565
77.84411287118596,9.0,77.84411287118596,4.999964456711949,0.4170234711325318,3.6459407896534257,4.902634018680015,0.21839006323839183,0.19610536075152468
77.86011287118595,9.0,77.86011287118595,4.999964456781998,0.41702347113843236,3.6459407912876154,4.902634020675247,0.21839006360166496,0.1961053608270343
77.88011287118596,9.0,77.88011287118596,4.999964456869162,0.41702347114485505,3.645940793245435,4.9026340224389875,0.21839006346622009,0.19610536089756572
77.90011287118597,9.0,77.90011287118597,4.999964456955904,0.41702347115111377,3.6459407952267897,4.902634024446378,0.2183900635678868,0.19610536097721323
77.92011287118596,9.0,77.92011287118596,4.999964457042212,0.4170234711571224,3.6459407971960496,4.902634026382517,0.218390063638594,0.196105361055326
77.94011287118597,9.0,77.94011287118597,4.999964457128101,0.41702347116332134,3.6459407991661275,4.902634028372316,0.21839006375150555,0.19610536113553795
77.96011287118598,9.0,77.96011287118598,4.999964457213563,0.41702347117024097,3.645940801131424,4.902634030349836,0.2183900638326897,0.1961053612140465
77.980112871186,9.0,77.980112871186,4.999964457298601,0.4170234711757435,3.6459408030900406,4.902634032290392,0.21839006389456622,0.19610536129098266
78.00011287118599,9.0,78.00011287118599,4.999964457383228,0.41702347118241834,3.645940805043549,4.902634034232445,0.21839006399220356,0.19610536136990078
78.020112871186,9.0,78.020112871186,4.999964457467436,0.4170234711878847,3.645940806997972,4.902634036218816,0.21839006409288853,0.1961053614487695
78.04011287118601,9.0,78.04011287118601,4.999964457551233,0.4170234711941758,3.645940808940918,4.902634038141859,0.21839006415646608,0.19610536152568736
78.06011287118602,9.0,78.06011287118602,4.999964457634624,0.4170234712011761,3.645940810882902,4.902634040085549,0.2183900642308258,0.19610536160218442
78.08011287118602,9.0,78.08011287118602,4.9999644577176,0.4170234712070496,3.6459408128170945,4.902634041992276,0.2183900643162512,0.19610536167969325
78.10011287118601,9.0,78.10011287118601,4.999964457800178,0.41702347121236033,3.645940814754052,4.9026340439639915,0.21839006444333736,0.19610536175979534
78.10111287118603,9.0,78.10111287118603,4.9999644578043,0.4170234712121358,3.6459408148514307,4.902634044074748,0.2183900642366668,0.19610536175427246
78.11711287118602,9.0,78.11711287118602,4.999964457870056,0.41702347121814637,3.6459408163904627,4.902634045581447,0.21839006446837156,0.19610536182322238
78.13711287118603,9.0,78.13711287118603,4.999964457951883,0.4170234712237422,3.6459408183141218,4.902634047495558,0.2183900645710282,0.19610536190111505
78.15711287118604,9.0,78.15711287118604,4.9999644580333165,0.4170234712298605,3.6459408202414076,4.902634049492584,0.21839006467015312,0.19610536197849388
78.17711287118604,9.0,78.17711287118604,4.999964458114353,0.4170234712360547,3.6459408221477356,4.902634051313512,0.21839006470102085,0.1961053620525456
78.19711287118605,9.0,78.19711287118605,4.999964458195005,0.4170234712419093,3.645940824062405,4.90263405326973,0.21839006482874654,0.19610536213080196
78.21711287118606,9.0,78.21711287118606,4.999964458275259,0.4170234712471504,3.645940825968325,4.9026340551727445,0.21839006490384735,0.19610536220693003
78.23711287118607,9.0,78.23711287118607,4.999964458355128,0.417023471253425,3.645940827870472,4.90263405707335,0.21839006499798827,0.19610536228416084
78.25711287118607,9.0,78.25711287118607,4.999964458434608,0.41702347125905054,3.645940829770109,4.902634059000974,0.21839006508025968,0.19610536236006743
78.27711287118608,9.0,78.27711287118608,4.999964458513704,0.41702347126447065,3.6459408316600563,4.902634060856352,0.21839006511977876,0.1961053624330112
78.29711287118609,9.0,78.29711287118609,4.999964458592422,0.41702347127079104,3.6459408335460495,4.902634062719384,0.21839006522831123,0.19610536251002703
78.3171128711861,9.0,78.3171128711861,4.999964458670759,0.4170234712762889,3.6459408354363094,4.902634064673821,0.21839006534058533,0.19610536258696878
78.3371128711861,9.0,78.3371128711861,4.999964458748717,0.4170234712822417,3.6459408373113598,4.9026340665090755,0.21839006536695502,0.196105362659147
78.3571128711861,9.0,78.3571128711861,4.999964458826304,0.417023471287432,3.6459408391847696,4.902634068357854,0.21839006547172293,0.19610536273551624
78.3771128711861,9.0,78.3771128711861,4.999964458903517,0.41702347129359785,3.645940841061375,4.902634070298653,0.2183900655837088,0.19610536281194196
78.3781128711861,9.0,78.3781128711861,4.999964458907375,0.41702347129291906,3.6459408411300536,4.902634070174038,0.2183900652723318,0.19610536280260193
78.39411287118611,9.0,78.39411287118611,4.999964458968867,0.41702347129801837,3.6459408426625113,4.902634071991992,0.21839006579815076,0.19610536288066552
78.41411287118612,9.0,78.41411287118612,4.9999644590453896,0.4170234713038281,3.645940844507666,4.902634073720354,0.2183900657065087,0.1961053629481766
78.43411287118612,9.0,78.43411287118612,4.999964459121555,0.417023471308711,3.6459408463637493,4.902634075566836,0.21839006579049208,0.1961053630233217
78.45411287118613,9.0,78.45411287118613,4.99996445919735,0.41702347131356515,3.6459408482191966,4.902634077435031,0.21839006587175208,0.19610536309741428
78.47411287118614,9.0,78.47411287118614,4.999964459272788,0.41702347131954587,3.645940850067008,4.902634079265997,0.21839006593175625,0.19610536317000868
78.49411287118615,9.0,78.49411287118615,4.999964459347869,0.4170234713249271,3.6459408519103134,4.902634081097864,0.2183900660176285,0.1961053632439026
78.51411287118614,9.0,78.51411287118614,4.999964459422595,0.4170234713303929,3.645940853751576,4.902634082957257,0.21839006611994405,0.1961053633189187
78.53411287118615,9.0,78.53411287118615,4.999964459496957,0.4170234713360879,3.6459408555887483,4.9026340848059045,0.2183900661859988,0.19610536339159632
78.55411287118616,9.0,78.55411287118616,4.999964459570972,0.4170234713413459,3.645940857416669,4.902634086601409,0.21839006625005342,0.1961053634640721
78.57411287118617,9.0,78.57411287118617,4.999964459644633,0.41702347134631407,3.6459408592453024,4.902634088449988,0.2183900663492286,0.19610536353800156
78.59411287118617,9.0,78.59411287118617,4.999964459717948,0.4170234713513711,3.6459408610674187,4.902634090270236,0.21839006642403624,0.19610536361084163
78.61411287118618,9.0,78.61411287118618,4.9999644597909105,0.4170234713567744,3.6459408628862233,4.90263409208827,0.21839006650129963,0.19610536368351197
78.63411287118618,9.0,78.63411287118618,4.99996445986353,0.41702347136192786,3.645940864699933,4.9026340939018676,0.21839006657949697,0.19610536375604143
78.63511287118618,9.0,78.63511287118618,4.999964459867156,0.41702347136150286,3.6459408647665006,4.902634093791286,0.21839006649490272,0.19610536375598234
78.65111287118619,9.0,78.65111287118619,4.999964459924995,0.4170234713666667,3.6459408662604527,4.902634095645945,0.21839006683887568,0.19610536382489607
78.6711128711862,9.0,78.6711128711862,4.999964459996977,0.41702347137168627,3.6459408680392373,4.902634097216332,0.21839006670980374,0.1961053638893218
78.69111287118619,9.0,78.69111287118619,4.999964460068621,0.41702347137656454,3.645940869846431,4.90263409908126,0.21839006681776643,0.19610536396265862
78.7111128711862,9.0,78.7111128711862,4.99996446013993,0.41702347138134227,3.6459408716377784,4.902634100819654,0.21839006686080148,0.19610536403282855
78.73111287118621,9.0,78.73111287118621,4.99996446021091,0.4170234713858063,3.645940873431469,4.902634102635006,0.21839006697042262,0.19610536410606397
78.75111287118622,9.0,78.75111287118622,4.999964460281545,0.4170234713918008,3.6459408752221076,4.902634104438606,0.21839006703727304,0.19610536417688237
78.77111287118622,9.0,78.77111287118622,4.999964460351853,0.41702347139601537,3.645940877000867,4.902634106185337,0.21839006710566394,0.19610536424802683
78.79111287118623,9.0,78.79111287118623,4.999964460421831,0.4170234714007973,3.64594087878445,4.902634108002572,0.21839006720289905,0.19610536432006176
78.81111287118624,9.0,78.81111287118624,4.999964460491483,0.417023471405607,3.6459408805565223,4.902634109755619,0.21839006725367727,0.19610536438959503
78.83111287118625,9.0,78.83111287118625,4.999964460560804,0.4170234714109011,3.6459408823244885,4.902634111511336,0.21839006734221245,0.19610536446109814
78.85111287118625,9.0,78.85111287118625,4.999964460629807,0.4170234714157592,3.6459408840940273,4.902634113312856,0.21839006743422643,0.19610536453250985
78.87111287118626,9.0,78.87111287118626,4.999964460698482,0.4170234714206586,3.6459408858526827,4.902634115051676,0.21839006748275044,0.19610536460144487
78.89111287118627,9.0,78.89111287118627,4.999964460766838,0.41702347142511403,3.6459408876092634,4.902634116796005,0.21839006757140375,0.19610536467246664
78.89211287118626,9.0,78.89211287118626,4.9999644607702525,0.41702347142504503,3.645940887686923,4.902634116799119,0.21839006748717602,0.19610536467195322
78.90811287118626,9.0,78.90811287118626,4.999964460824698,0.4170234714299239,3.6459408891132745,4.902634118418763,0.21839006774903505,0.1961053647367375
78.92811287118627,9.0,78.92811287118627,4.9999644608924605,0.41702347143475893,3.6459408908477298,4.902634120032318,0.21839006768629993,0.1961053648006318
78.94811287118627,9.0,78.94811287118627,4.99996446095991,0.4170234714389647,3.645940892594118,4.902634121798574,0.2183900677992212,0.19610536487259514
78.96811287118628,9.0,78.96811287118628,4.99996446102705,0.4170234714437409,3.6459408943354257,4.902634123551128,0.21839006787076454,0.19610536494205758
78.98811287118629,9.0,78.98811287118629,4.99996446109388,0.4170234714487622,3.6459408960697113,4.902634125267549,0.21839006793137852,0.19610536501069245
79.0081128711863,9.0,79.0081128711863,4.999964461160394,0.41702347145315866,3.6459408978005934,4.9026341270010665,0.21839006801226338,0.19610536508005263
79.0281128711863,9.0,79.0281128711863,4.999964461226602,0.4170234714574982,3.645940899528135,4.9026341287293285,0.21839006808851508,0.19610536514916377
79.0481128711863,9.0,79.0481128711863,4.999964461292504,0.41702347146250474,3.6459409012514854,4.902634130452528,0.21839006816316225,0.19610536521809896
79.06811287118632,9.0,79.06811287118632,4.999964461358099,0.4170234714671065,3.645940902969346,4.902634132170399,0.21839006823697016,0.19610536528681632
79.08811287118633,9.0,79.08811287118633,4.999964461423393,0.4170234714716931,3.6459409046826363,4.902634133883694,0.2183900683109792,0.19610536535536022
79.10811287118632,9.0,79.10811287118632,4.999964461488385,0.4170234714767153,3.6459409063924557,4.902634135593396,0.218390068385324,0.19610536542375515
79.12811287118633,9.0,79.12811287118633,4.999964461553071,0.4170234714810347,3.645940908097943,4.902634137298829,0.21839006845180514,0.19610536549134353
79.14811287118634,9.0,79.14811287118634,4.999964461617466,0.41702347148559293,3.645940909798131,4.902634138984896,0.2183900685327001,0.19610536556000188
79.14911287118633,9.0,79.14911287118633,4.999964461620683,0.4170234714849002,3.6459409098728917,4.902634138985964,0.218390068344657,0.196105365555059
79.16511287118634,9.0,79.16511287118634,4.999964461671972,0.4170234714895693,3.645940911252313,4.902634140534589,0.21839006870623823,0.19610536562232903
79.18511287118635,9.0,79.18511287118635,4.9999644617358125,0.41702347149396446,3.6459409129360707,4.9026341421385204,0.21839006865858027,0.19610536568483278
79.20511287118634,9.0,79.20511287118634,4.999964461799364,0.4170234714984401,3.6459409146233526,4.902634143825004,0.21839006874689032,0.19610536575365842
79.22511287118635,9.0,79.22511287118635,4.999964461862624,0.4170234715019608,3.6459409163089416,4.902634145523229,0.21839006881278547,0.19610536582031962
79.24511287118636,9.0,79.24511287118636,4.9999644619255905,0.4170234715068243,3.645940917986124,4.902634147169262,0.21839006887266063,0.19610536588676575
79.26511287118637,9.0,79.26511287118637,4.999964461988268,0.4170234715111676,3.645940919663696,4.902634148866924,0.21839006896543198,0.19610536595467956
79.28511287118637,9.0,79.28511287118637,4.999964462050662,0.41702347151552605,3.6459409213354266,4.902634150536758,0.2183900690332118,0.19610536602147347
79.30511287118638,9.0,79.30511287118638,4.999964462112769,0.4170234715201766,3.645940923002149,4.902634152202637,0.2183900691034714,0.1961053660881074
79.32511287118639,9.0,79.32511287118639,4.99996446217459,0.41702347152398034,3.64594092466521,4.902634153865622,0.21839006917534654,0.19610536615460777
79.3451128711864,9.0,79.3451128711864,4.999964462236129,0.4170234715285914,3.6459409263237155,4.902634155524076,0.21839006924720705,0.19610536622095287
79.3651128711864,9.0,79.3651128711864,4.999964462297387,0.41702347153298935,3.645940927978602,4.902634157179006,0.21839006931916438,0.19610536628715147
79.38511287118641,9.0,79.38511287118641,4.999964462358366,0.41702347153702485,3.6459409296285377,4.902634158828856,0.2183900693900843,0.19610536635312997
79.40511287118642,9.0,79.40511287118642,4.999964462419063,0.41702347154095015,3.6459409312741253,4.902634160474403,0.21839006946125247,0.19610536641896004
79.40611287118641,9.0,79.40611287118641,4.9999644624220965,0.41702347154049935,3.6459409313337305,4.902634160356566,0.2183900691684795,0.19610536640987447
79.42211287118641,9.0,79.42211287118641,4.9999644624704525,0.4170234715452076,3.6459409326882795,4.902634162028734,0.21839006972862077,0.19610536648310287
79.44211287118642,9.0,79.44211287118642,4.999964462530637,0.41702347154917146,3.645940934310082,4.902634163537248,0.21839006961090468,0.19610536654147634
79.46211287118642,9.0,79.46211287118642,4.999964462590553,0.4170234715528378,3.645940935941955,4.902634165153378,0.2183900696605761,0.196105366606164
79.48211287118643,9.0,79.48211287118643,4.999964462650194,0.41702347155732744,3.645940937570082,4.902634166765337,0.21839006971656283,0.19610536666997688
79.50211287118644,9.0,79.50211287118644,4.999964462709568,0.4170234715604591,3.645940939194111,4.902634168379435,0.2183900698038278,0.19610536673582013
79.52211287118645,9.0,79.52211287118645,4.999964462768674,0.4170234715653227,3.645940940818873,4.902634170036299,0.21839006988932066,0.19610536680145185
79.54211287118645,9.0,79.54211287118645,4.999964462827507,0.4170234715695698,3.645940942432439,4.902634171629958,0.2183900699313156,0.19610536686462424
79.56211287118646,9.0,79.56211287118646,4.999964462886076,0.4170234715736605,3.645940944043297,4.902634173228549,0.21839007001245392,0.1961053669297711
79.58211287118647,9.0,79.58211287118647,4.999964462944384,0.4170234715772183,3.645940945655258,4.9026341748724915,0.21839007009770744,0.1961053669949013
79.60211287118648,9.0,79.60211287118648,4.999964463002424,0.4170234715816667,3.6459409472572193,4.902634176454643,0.21839007014681014,0.19610536705817544
79.62211287118647,9.0,79.62211287118647,4.9999644630602,0.4170234715852993,3.6459409488566767,4.9026341780558385,0.2183900702206712,0.19610536712226195
79.64211287118648,9.0,79.64211287118648,4.999964463117714,0.4170234715890741,3.645940950452914,4.902634179652804,0.21839007029097823,0.1961053671860968
79.6621128711865,9.0,79.6621128711865,4.9999644631749725,0.417023471593128,3.6459409520437354,4.902634181243609,0.21839007035988686,0.19610536724977612
79.66311287118648,9.0,79.66311287118648,4.999964463177835,0.4170234715928562,3.6459409521011064,4.90263418112334,0.21839006996252117,0.19610536723619315
79.6791128711865,9.0,79.6791128711865,4.9999644632234475,0.4170234715969833,3.6459409534103577,4.902634182728684,0.21839007061045035,0.19610536731107864
79.6991128711865,9.0,79.6991128711865,4.9999644632802225,0.41702347160075853,3.645940954979778,4.902634184210385,0.21839007049794348,0.1961053673671444
79.7191128711865,9.0,79.7191128711865,4.999964463336749,0.41702347160443404,3.6459409565545084,4.9026341857382105,0.21839007053832965,0.19610536742953957
79.7391128711865,9.0,79.7391128711865,4.999964463393017,0.4170234716079351,3.6459409581317344,4.902634187333009,0.21839007062598587,0.1961053674933245
79.75911287118652,9.0,79.75911287118652,4.999964463449032,0.4170234716120738,3.6459409597016608,4.9026341889018035,0.21839007069125693,0.19610536755610994
79.77911287118653,9.0,79.77911287118653,4.9999644635048,0.41702347161534825,3.645940961269063,4.902634190468508,0.21839007075842382,0.1961053676187618
79.79911287118652,9.0,79.79911287118652,4.999964463560316,0.41702347161939257,3.645940962831553,4.902634192030945,0.2183900708327793,0.19610536768184758
79.81911287118653,9.0,79.81911287118653,4.999964463615583,0.41702347162297787,3.6459409643918006,4.902634193605174,0.21839007089271775,0.1961053677435538
79.83911287118654,9.0,79.83911287118654,4.999964463670602,0.41702347162705017,3.645940965941985,4.902634195124031,0.21839007094553814,0.19610536780494625
79.85911287118655,9.0,79.85911287118655,4.999964463725371,0.4170234716308261,3.645940967494091,4.9026341966959714,0.2183900710404629,0.19610536786847593
79.87911287118655,9.0,79.87911287118655,4.999964463779903,0.4170234716341522,3.6459409690421003,4.90263419825609,0.21839007110256514,0.19610536793022412
79.89911287118656,9.0,79.89911287118656,4.999964463834182,0.4170234716379317,3.6459409705816297,4.9026341997776175,0.21839007114636386,0.19610536799050324
79.91911287118657,9.0,79.91911287118657,4.999964463888222,0.41702347164203507,3.645940972117779,4.902634201302296,0.21839007121875564,0.1961053680521187
79.92011287118656,9.0,79.92011287118656,4.999964463890927,0.41702347164114645,3.6459409721728915,4.9026342011868325,0.21839007114154474,0.1961053680517824
79.93611287118657,9.0,79.93611287118657,4.999964463933981,0.4170234716450796,3.6459409734474626,4.902634202836163,0.21839007148411657,0.1961053681124805
79.95611287118658,9.0,79.95611287118658,4.999964463987567,0.4170234716485923,3.645940974949848,4.902634204125148,0.21839007133423435,0.19610536816569085
79.97611287118657,9.0,79.97611287118657,4.999964464040923,0.41702347165173664,3.645940976482471,4.902634205714433,0.2183900714366549,0.196105368228597
79.99611287118658,9.0,79.99611287118658,4.999964464094039,0.41702347165575826,3.645940978000021,4.9026342071930875,0.21839007146022757,0.1961053682871112
80.0,9.0,80.0,4.999964464104338,0.41702347165726145,3.64594097828674,4.90263420739916,0.21839007145310133,0.19610536829799155
