ISO-10303-21;
HEADER;
/* Generated by software containing ST-Developer
 * from STEP Tools, Inc. (www.steptools.com) 
 */

FILE_DESCRIPTION(
/* description */ (''),
/* implementation_level */ '2;1');

FILE_NAME(
/* name */ '5.5 x 2.1 MM 10A DC Power Jack Socket v5.step',
/* time_stamp */ '2024-07-21T15:32:44+01:00',
/* author */ (''),
/* organization */ (''),
/* preprocessor_version */ 'ST-DEVELOPER v20',
/* originating_system */ 'Autodesk Translation Framework v13.14.0.145',

/* authorisation */ '');

FILE_SCHEMA (('AUTOMOTIVE_DESIGN { 1 0 10303 214 3 1 1 }'));
ENDSEC;

DATA;
#10=MECHANICAL_DESIGN_GEOMETRIC_PRESENTATION_REPRESENTATION('',(#37,#38,
#39,#40,#41),#13096);
#11=SHAPE_REPRESENTATION_RELATIONSHIP('SRR','None',#13103,#12);
#12=ADVANCED_BREP_SHAPE_REPRESENTATION('',(#42,#43,#44,#45,#46),#13095);
#13=ELLIPSE('',#4616,0.0989949493661141,0.07);
#14=ELLIPSE('',#4618,0.0989949493661192,0.07);
#15=ELLIPSE('',#4624,0.098994949366119,0.07);
#16=ELLIPSE('',#4628,0.0989949493661194,0.07);
#17=TOROIDAL_SURFACE('',#4604,0.819999999999991,0.07);
#18=TOROIDAL_SURFACE('',#4613,1.17999999999999,0.07);
#19=TOROIDAL_SURFACE('',#4625,1.17999999999999,0.07);
#20=TOROIDAL_SURFACE('',#4634,0.819999999999991,0.07);
#21=TOROIDAL_SURFACE('',#4636,0.82,0.07);
#22=TOROIDAL_SURFACE('',#4647,0.82,0.07);
#23=TOROIDAL_SURFACE('',#4659,0.43,0.07);
#24=TOROIDAL_SURFACE('',#4665,0.93,0.07);
#25=TOROIDAL_SURFACE('',#4670,0.93,0.07);
#26=TOROIDAL_SURFACE('',#4675,0.43,0.07);
#27=TOROIDAL_SURFACE('',#4681,2.07999999999999,0.07);
#28=TOROIDAL_SURFACE('',#4688,0.570000044703484,0.07);
#29=TOROIDAL_SURFACE('',#4699,2.07999999999999,0.07);
#30=TOROIDAL_SURFACE('',#4704,0.27,0.07);
#31=TOROIDAL_SURFACE('',#4710,0.93,0.07);
#32=TOROIDAL_SURFACE('',#4715,0.93,0.07);
#33=TOROIDAL_SURFACE('',#4720,0.27,0.07);
#34=TOROIDAL_SURFACE('',#4724,1.43000005960464,0.07);
#35=TOROIDAL_SURFACE('',#4768,5.94173875404176,3.08862063595241);
#36=TOROIDAL_SURFACE('',#4773,5.94173875404176,3.0886206359524);
#37=STYLED_ITEM('',(#13113),#42);
#38=STYLED_ITEM('',(#13114),#43);
#39=STYLED_ITEM('',(#13115),#44);
#40=STYLED_ITEM('',(#13115),#45);
#41=STYLED_ITEM('',(#13115),#46);
#42=MANIFOLD_SOLID_BREP('Body1',#4476);
#43=MANIFOLD_SOLID_BREP('Body4',#4477);
#44=MANIFOLD_SOLID_BREP('Body5',#4478);
#45=MANIFOLD_SOLID_BREP('Body7',#4479);
#46=MANIFOLD_SOLID_BREP('Body10',#4480);
#47=SPHERICAL_SURFACE('',#4582,24.3740496516996);
#48=SPHERICAL_SURFACE('',#4729,1.50624996633269);
#49=SPHERICAL_SURFACE('',#4730,0.5);
#50=B_SPLINE_SURFACE_WITH_KNOTS('',3,3,((#8678,#8679,#8680,#8681),(#8682,
#8683,#8684,#8685),(#8686,#8687,#8688,#8689),(#8690,#8691,#8692,#8693)),
 .UNSPECIFIED.,.F.,.F.,.F.,(4,4),(4,4),(0.,0.011240572056897),(119.823478141669,
120.529744113591),.UNSPECIFIED.);
#51=B_SPLINE_SURFACE_WITH_KNOTS('',3,3,((#8698,#8699,#8700,#8701,#8702,
#8703),(#8704,#8705,#8706,#8707,#8708,#8709),(#8710,#8711,#8712,#8713,#8714,
#8715),(#8716,#8717,#8718,#8719,#8720,#8721)),.UNSPECIFIED.,.F.,.F.,.F.,
(4,4),(4,1,1,4),(0.,0.0334285805860794),(113.462443259854,114.266235657303,
115.070028054752,115.873820452201),.UNSPECIFIED.);
#52=B_SPLINE_SURFACE_WITH_KNOTS('',3,3,((#8732,#8733,#8734,#8735,#8736,
#8737),(#8738,#8739,#8740,#8741,#8742,#8743),(#8744,#8745,#8746,#8747,#8748,
#8749),(#8750,#8751,#8752,#8753,#8754,#8755)),.UNSPECIFIED.,.F.,.F.,.F.,
(4,4),(4,1,1,4),(0.,0.0334285805860794),(107.179257952675,107.983050350123,
108.786842747572,109.590635145021),.UNSPECIFIED.);
#53=B_SPLINE_SURFACE_WITH_KNOTS('',3,3,((#8766,#8767,#8768,#8769,#8770,
#8771),(#8772,#8773,#8774,#8775,#8776,#8777),(#8778,#8779,#8780,#8781,#8782,
#8783),(#8784,#8785,#8786,#8787,#8788,#8789)),.UNSPECIFIED.,.F.,.F.,.F.,
(4,4),(4,1,1,4),(0.,0.0334285805860794),(100.896072645495,101.699865042944,
102.503657440393,103.307449837841),.UNSPECIFIED.);
#54=B_SPLINE_SURFACE_WITH_KNOTS('',3,3,((#8800,#8801,#8802,#8803,#8804,
#8805),(#8806,#8807,#8808,#8809,#8810,#8811),(#8812,#8813,#8814,#8815,#8816,
#8817),(#8818,#8819,#8820,#8821,#8822,#8823)),.UNSPECIFIED.,.F.,.F.,.F.,
(4,4),(4,1,1,4),(0.,0.0334285805860794),(94.6128873383153,95.4166797357642,
96.220472133213,97.0242645306618),.UNSPECIFIED.);
#55=B_SPLINE_SURFACE_WITH_KNOTS('',3,3,((#8834,#8835,#8836,#8837,#8838,
#8839),(#8840,#8841,#8842,#8843,#8844,#8845),(#8846,#8847,#8848,#8849,#8850,
#8851),(#8852,#8853,#8854,#8855,#8856,#8857)),.UNSPECIFIED.,.F.,.F.,.F.,
(4,4),(4,1,1,4),(0.,0.0334285805860794),(88.3297020311357,89.1334944285846,
89.9372868260334,90.7410792234823),.UNSPECIFIED.);
#56=B_SPLINE_SURFACE_WITH_KNOTS('',3,3,((#8868,#8869,#8870,#8871,#8872,
#8873),(#8874,#8875,#8876,#8877,#8878,#8879),(#8880,#8881,#8882,#8883,#8884,
#8885),(#8886,#8887,#8888,#8889,#8890,#8891)),.UNSPECIFIED.,.F.,.F.,.F.,
(4,4),(4,1,1,4),(0.,0.0334285805860794),(82.0465167239562,82.850309121405,
83.6541015188538,84.4578939163027),.UNSPECIFIED.);
#57=B_SPLINE_SURFACE_WITH_KNOTS('',3,3,((#8902,#8903,#8904,#8905,#8906,
#8907),(#8908,#8909,#8910,#8911,#8912,#8913),(#8914,#8915,#8916,#8917,#8918,
#8919),(#8920,#8921,#8922,#8923,#8924,#8925)),.UNSPECIFIED.,.F.,.F.,.F.,
(4,4),(4,1,1,4),(0.,0.0334285805860794),(75.7633314167766,76.5671238142254,
77.3709162116743,78.1747086091231),.UNSPECIFIED.);
#58=B_SPLINE_SURFACE_WITH_KNOTS('',3,3,((#8936,#8937,#8938,#8939,#8940,
#8941),(#8942,#8943,#8944,#8945,#8946,#8947),(#8948,#8949,#8950,#8951,#8952,
#8953),(#8954,#8955,#8956,#8957,#8958,#8959)),.UNSPECIFIED.,.F.,.F.,.F.,
(4,4),(4,1,1,4),(0.,0.0334285805860794),(69.480146109597,70.2839385070458,
71.0877309044946,71.8915233019435),.UNSPECIFIED.);
#59=B_SPLINE_SURFACE_WITH_KNOTS('',3,3,((#8970,#8971,#8972,#8973,#8974,
#8975),(#8976,#8977,#8978,#8979,#8980,#8981),(#8982,#8983,#8984,#8985,#8986,
#8987),(#8988,#8989,#8990,#8991,#8992,#8993)),.UNSPECIFIED.,.F.,.F.,.F.,
(4,4),(4,1,1,4),(0.,0.0334285805860794),(63.1969608024174,64.0007531998662,
64.8045455973151,65.6083379947639),.UNSPECIFIED.);
#60=B_SPLINE_SURFACE_WITH_KNOTS('',3,3,((#9004,#9005,#9006,#9007,#9008,
#9009),(#9010,#9011,#9012,#9013,#9014,#9015),(#9016,#9017,#9018,#9019,#9020,
#9021),(#9022,#9023,#9024,#9025,#9026,#9027)),.UNSPECIFIED.,.F.,.F.,.F.,
(4,4),(4,1,1,4),(0.,0.0334285805860794),(56.9137754952378,57.7175678926866,
58.5213602901355,59.3251526875843),.UNSPECIFIED.);
#61=B_SPLINE_SURFACE_WITH_KNOTS('',3,3,((#9038,#9039,#9040,#9041,#9042,
#9043),(#9044,#9045,#9046,#9047,#9048,#9049),(#9050,#9051,#9052,#9053,#9054,
#9055),(#9056,#9057,#9058,#9059,#9060,#9061)),.UNSPECIFIED.,.F.,.F.,.F.,
(4,4),(4,1,1,4),(0.,0.0334285805860794),(50.6305901880582,51.4343825855071,
52.2381749829559,53.0419673804048),.UNSPECIFIED.);
#62=B_SPLINE_SURFACE_WITH_KNOTS('',3,3,((#9072,#9073,#9074,#9075,#9076,
#9077),(#9078,#9079,#9080,#9081,#9082,#9083),(#9084,#9085,#9086,#9087,#9088,
#9089),(#9090,#9091,#9092,#9093,#9094,#9095)),.UNSPECIFIED.,.F.,.F.,.F.,
(4,4),(4,1,1,4),(0.,0.0334285805860794),(44.3474048808786,45.1511972783275,
45.9549896757763,46.7587820732252),.UNSPECIFIED.);
#63=B_SPLINE_SURFACE_WITH_KNOTS('',3,3,((#9106,#9107,#9108,#9109,#9110,
#9111),(#9112,#9113,#9114,#9115,#9116,#9117),(#9118,#9119,#9120,#9121,#9122,
#9123),(#9124,#9125,#9126,#9127,#9128,#9129)),.UNSPECIFIED.,.F.,.F.,.F.,
(4,4),(4,1,1,4),(0.,0.0334285805860794),(38.064219573699,38.8680119711479,
39.6718043685967,40.4755967660456),.UNSPECIFIED.);
#64=B_SPLINE_SURFACE_WITH_KNOTS('',3,3,((#9140,#9141,#9142,#9143,#9144,
#9145),(#9146,#9147,#9148,#9149,#9150,#9151),(#9152,#9153,#9154,#9155,#9156,
#9157),(#9158,#9159,#9160,#9161,#9162,#9163)),.UNSPECIFIED.,.F.,.F.,.F.,
(4,4),(4,1,1,4),(0.,0.0334285805860794),(31.7810342665194,32.5848266639683,
33.3886190614171,34.192411458866),.UNSPECIFIED.);
#65=B_SPLINE_SURFACE_WITH_KNOTS('',3,3,((#9174,#9175,#9176,#9177,#9178,
#9179),(#9180,#9181,#9182,#9183,#9184,#9185),(#9186,#9187,#9188,#9189,#9190,
#9191),(#9192,#9193,#9194,#9195,#9196,#9197)),.UNSPECIFIED.,.F.,.F.,.F.,
(4,4),(4,1,1,4),(0.,0.0334285805860794),(25.4978489593399,26.3016413567887,
27.1054337542376,27.9092261516864),.UNSPECIFIED.);
#66=B_SPLINE_SURFACE_WITH_KNOTS('',3,3,((#9208,#9209,#9210,#9211),(#9212,
#9213,#9214,#9215),(#9216,#9217,#9218,#9219),(#9220,#9221,#9222,#9223)),
 .UNSPECIFIED.,.F.,.F.,.F.,(4,4),(4,4),(0.0246301736912197,0.0334285805860794),
(11.6152142277547,12.2012628837374),.UNSPECIFIED.);
#67=B_SPLINE_SURFACE_WITH_KNOTS('',3,3,((#9224,#9225,#9226,#9227,#9228,
#9229),(#9230,#9231,#9232,#9233,#9234,#9235),(#9236,#9237,#9238,#9239,#9240,
#9241),(#9242,#9243,#9244,#9245,#9246,#9247)),.UNSPECIFIED.,.F.,.F.,.F.,
(4,4),(4,1,1,4),(0.,0.0334285805860794),(19.2146636521603,20.0184560496091,
20.822248447058,21.6260408445068),.UNSPECIFIED.);
#68=B_SPLINE_SURFACE_WITH_KNOTS('',3,3,((#9258,#9259,#9260,#9261,#9262,
#9263),(#9264,#9265,#9266,#9267,#9268,#9269),(#9270,#9271,#9272,#9273,#9274,
#9275),(#9276,#9277,#9278,#9279,#9280,#9281)),.UNSPECIFIED.,.F.,.F.,.F.,
(4,4),(4,1,1,4),(0.,0.0334285805860794),(116.604035913444,117.396752161991,
118.189468410538,118.982184659085),.UNSPECIFIED.);
#69=B_SPLINE_SURFACE_WITH_KNOTS('',3,3,((#9320,#9321,#9322,#9323,#9324,
#9325),(#9326,#9327,#9328,#9329,#9330,#9331),(#9332,#9333,#9334,#9335,#9336,
#9337),(#9338,#9339,#9340,#9341,#9342,#9343)),.UNSPECIFIED.,.F.,.F.,.F.,
(4,4),(4,1,1,4),(0.,0.0334285805860794),(110.320850606264,111.124643003713,
111.928435401162,112.732227798611),.UNSPECIFIED.);
#70=B_SPLINE_SURFACE_WITH_KNOTS('',3,3,((#9354,#9355,#9356,#9357,#9358,
#9359),(#9360,#9361,#9362,#9363,#9364,#9365),(#9366,#9367,#9368,#9369,#9370,
#9371),(#9372,#9373,#9374,#9375,#9376,#9377)),.UNSPECIFIED.,.F.,.F.,.F.,
(4,4),(4,1,1,4),(0.,0.0334285805860794),(104.037665299085,104.841457696534,
105.645250093982,106.449042491431),.UNSPECIFIED.);
#71=B_SPLINE_SURFACE_WITH_KNOTS('',3,3,((#9388,#9389,#9390,#9391,#9392,
#9393),(#9394,#9395,#9396,#9397,#9398,#9399),(#9400,#9401,#9402,#9403,#9404,
#9405),(#9406,#9407,#9408,#9409,#9410,#9411)),.UNSPECIFIED.,.F.,.F.,.F.,
(4,4),(4,1,1,4),(0.,0.0334285805860794),(97.7544799919051,98.558272389354,
99.3620647868028,100.165857184252),.UNSPECIFIED.);
#72=B_SPLINE_SURFACE_WITH_KNOTS('',3,3,((#9422,#9423,#9424,#9425,#9426,
#9427),(#9428,#9429,#9430,#9431,#9432,#9433),(#9434,#9435,#9436,#9437,#9438,
#9439),(#9440,#9441,#9442,#9443,#9444,#9445)),.UNSPECIFIED.,.F.,.F.,.F.,
(4,4),(4,1,1,4),(0.,0.0334285805860794),(91.4712946847255,92.2750870821744,
93.0788794796232,93.8826718770721),.UNSPECIFIED.);
#73=B_SPLINE_SURFACE_WITH_KNOTS('',3,3,((#9456,#9457,#9458,#9459,#9460,
#9461),(#9462,#9463,#9464,#9465,#9466,#9467),(#9468,#9469,#9470,#9471,#9472,
#9473),(#9474,#9475,#9476,#9477,#9478,#9479)),.UNSPECIFIED.,.F.,.F.,.F.,
(4,4),(4,1,1,4),(0.,0.0334285805860794),(85.1881093775459,85.9919017749948,
86.7956941724436,87.5994865698925),.UNSPECIFIED.);
#74=B_SPLINE_SURFACE_WITH_KNOTS('',3,3,((#9490,#9491,#9492,#9493,#9494,
#9495),(#9496,#9497,#9498,#9499,#9500,#9501),(#9502,#9503,#9504,#9505,#9506,
#9507),(#9508,#9509,#9510,#9511,#9512,#9513)),.UNSPECIFIED.,.F.,.F.,.F.,
(4,4),(4,1,1,4),(0.,0.0334285805860794),(78.9049240703663,79.7087164678152,
80.512508865264,81.3163012627129),.UNSPECIFIED.);
#75=B_SPLINE_SURFACE_WITH_KNOTS('',3,3,((#9524,#9525,#9526,#9527,#9528,
#9529),(#9530,#9531,#9532,#9533,#9534,#9535),(#9536,#9537,#9538,#9539,#9540,
#9541),(#9542,#9543,#9544,#9545,#9546,#9547)),.UNSPECIFIED.,.F.,.F.,.F.,
(4,4),(4,1,1,4),(0.,0.0334285805860794),(72.6217387631867,73.4255311606356,
74.2293235580845,75.0331159555333),.UNSPECIFIED.);
#76=B_SPLINE_SURFACE_WITH_KNOTS('',3,3,((#9558,#9559,#9560,#9561,#9562,
#9563),(#9564,#9565,#9566,#9567,#9568,#9569),(#9570,#9571,#9572,#9573,#9574,
#9575),(#9576,#9577,#9578,#9579,#9580,#9581)),.UNSPECIFIED.,.F.,.F.,.F.,
(4,4),(4,1,1,4),(0.,0.0334285805860794),(66.3385534560071,67.142345853456,
67.9461382509049,68.7499306483537),.UNSPECIFIED.);
#77=B_SPLINE_SURFACE_WITH_KNOTS('',3,3,((#9592,#9593,#9594,#9595,#9596,
#9597),(#9598,#9599,#9600,#9601,#9602,#9603),(#9604,#9605,#9606,#9607,#9608,
#9609),(#9610,#9611,#9612,#9613,#9614,#9615)),.UNSPECIFIED.,.F.,.F.,.F.,
(4,4),(4,1,1,4),(0.,0.0334285805860794),(60.0553681488276,60.8591605462764,
61.6629529437253,62.4667453411741),.UNSPECIFIED.);
#78=B_SPLINE_SURFACE_WITH_KNOTS('',3,3,((#9626,#9627,#9628,#9629,#9630,
#9631),(#9632,#9633,#9634,#9635,#9636,#9637),(#9638,#9639,#9640,#9641,#9642,
#9643),(#9644,#9645,#9646,#9647,#9648,#9649)),.UNSPECIFIED.,.F.,.F.,.F.,
(4,4),(4,1,1,4),(0.,0.0334285805860794),(53.772182841648,54.5759752390968,
55.3797676365457,56.1835600339946),.UNSPECIFIED.);
#79=B_SPLINE_SURFACE_WITH_KNOTS('',3,3,((#9660,#9661,#9662,#9663,#9664,
#9665),(#9666,#9667,#9668,#9669,#9670,#9671),(#9672,#9673,#9674,#9675,#9676,
#9677),(#9678,#9679,#9680,#9681,#9682,#9683)),.UNSPECIFIED.,.F.,.F.,.F.,
(4,4),(4,1,1,4),(0.,0.0334285805860794),(47.4889975344684,48.2927899319172,
49.0965823293661,49.900374726815),.UNSPECIFIED.);
#80=B_SPLINE_SURFACE_WITH_KNOTS('',3,3,((#9694,#9695,#9696,#9697,#9698,
#9699),(#9700,#9701,#9702,#9703,#9704,#9705),(#9706,#9707,#9708,#9709,#9710,
#9711),(#9712,#9713,#9714,#9715,#9716,#9717)),.UNSPECIFIED.,.F.,.F.,.F.,
(4,4),(4,1,1,4),(0.,0.0334285805860794),(41.2058122272888,42.0096046247377,
42.8133970221865,43.6171894196354),.UNSPECIFIED.);
#81=B_SPLINE_SURFACE_WITH_KNOTS('',3,3,((#9728,#9729,#9730,#9731,#9732,
#9733),(#9734,#9735,#9736,#9737,#9738,#9739),(#9740,#9741,#9742,#9743,#9744,
#9745),(#9746,#9747,#9748,#9749,#9750,#9751)),.UNSPECIFIED.,.F.,.F.,.F.,
(4,4),(4,1,1,4),(0.,0.0334285805860794),(34.9226269201092,35.7264193175581,
36.5302117150069,37.3340041124558),.UNSPECIFIED.);
#82=B_SPLINE_SURFACE_WITH_KNOTS('',3,3,((#9762,#9763,#9764,#9765,#9766,
#9767),(#9768,#9769,#9770,#9771,#9772,#9773),(#9774,#9775,#9776,#9777,#9778,
#9779),(#9780,#9781,#9782,#9783,#9784,#9785)),.UNSPECIFIED.,.F.,.F.,.F.,
(4,4),(4,1,1,4),(0.,0.0334285805860794),(28.6394416129296,29.4432340103785,
30.2470264078273,31.0508188052762),.UNSPECIFIED.);
#83=B_SPLINE_SURFACE_WITH_KNOTS('',3,3,((#9796,#9797,#9798,#9799,#9800,
#9801),(#9802,#9803,#9804,#9805,#9806,#9807),(#9808,#9809,#9810,#9811,#9812,
#9813),(#9814,#9815,#9816,#9817,#9818,#9819)),.UNSPECIFIED.,.F.,.F.,.F.,
(4,4),(4,1,1,4),(0.,0.0334285805860794),(22.3562563057501,23.1600487031989,
23.9638411006478,24.7676334980966),.UNSPECIFIED.);
#84=B_SPLINE_SURFACE_WITH_KNOTS('',3,3,((#9830,#9831,#9832,#9833,#9834,
#9835),(#9836,#9837,#9838,#9839,#9840,#9841),(#9842,#9843,#9844,#9845,#9846,
#9847),(#9848,#9849,#9850,#9851,#9852,#9853)),.UNSPECIFIED.,.F.,.F.,.F.,
(4,4),(4,1,1,4),(0.,0.0334285805860794),(12.9314783449807,13.7352707424295,
14.5390631398784,15.3428555373272),.UNSPECIFIED.);
#85=B_SPLINE_SURFACE_WITH_KNOTS('',3,3,((#9864,#9865,#9866,#9867,#9868,
#9869),(#9870,#9871,#9872,#9873,#9874,#9875),(#9876,#9877,#9878,#9879,#9880,
#9881),(#9882,#9883,#9884,#9885,#9886,#9887)),.UNSPECIFIED.,.F.,.F.,.F.,
(4,4),(4,1,1,4),(0.,0.0334285805860794),(16.0730709985705,16.8768633960193,
17.6806557934682,18.484448190917),.UNSPECIFIED.);
#86=B_SPLINE_SURFACE_WITH_KNOTS('',3,3,((#9904,#9905,#9906,#9907,#9908,
#9909),(#9910,#9911,#9912,#9913,#9914,#9915),(#9916,#9917,#9918,#9919,#9920,
#9921),(#9922,#9923,#9924,#9925,#9926,#9927)),.UNSPECIFIED.,.F.,.F.,.F.,
(4,4),(4,1,1,4),(0.,0.0334285805860794),(107.179257952675,107.983050350123,
108.786842747572,109.590635145021),.UNSPECIFIED.);
#87=B_SPLINE_SURFACE_WITH_KNOTS('',3,3,((#9938,#9939,#9940,#9941,#9942,
#9943),(#9944,#9945,#9946,#9947,#9948,#9949),(#9950,#9951,#9952,#9953,#9954,
#9955),(#9956,#9957,#9958,#9959,#9960,#9961)),.UNSPECIFIED.,.F.,.F.,.F.,
(4,4),(4,1,1,4),(0.,0.0334285805860794),(100.896072645495,101.699865042944,
102.503657440393,103.307449837841),.UNSPECIFIED.);
#88=B_SPLINE_SURFACE_WITH_KNOTS('',3,3,((#9972,#9973,#9974,#9975,#9976,
#9977),(#9978,#9979,#9980,#9981,#9982,#9983),(#9984,#9985,#9986,#9987,#9988,
#9989),(#9990,#9991,#9992,#9993,#9994,#9995)),.UNSPECIFIED.,.F.,.F.,.F.,
(4,4),(4,1,1,4),(0.,0.0334285805860794),(94.6128873383153,95.4166797357641,
96.220472133213,97.0242645306618),.UNSPECIFIED.);
#89=B_SPLINE_SURFACE_WITH_KNOTS('',3,3,((#10006,#10007,#10008,#10009,#10010,
#10011),(#10012,#10013,#10014,#10015,#10016,#10017),(#10018,#10019,#10020,
#10021,#10022,#10023),(#10024,#10025,#10026,#10027,#10028,#10029)),
 .UNSPECIFIED.,.F.,.F.,.F.,(4,4),(4,1,1,4),(0.,0.0334285805860794),(88.3297020311357,
89.1334944285846,89.9372868260334,90.7410792234823),.UNSPECIFIED.);
#90=B_SPLINE_SURFACE_WITH_KNOTS('',3,3,((#10040,#10041,#10042,#10043,#10044,
#10045),(#10046,#10047,#10048,#10049,#10050,#10051),(#10052,#10053,#10054,
#10055,#10056,#10057),(#10058,#10059,#10060,#10061,#10062,#10063)),
 .UNSPECIFIED.,.F.,.F.,.F.,(4,4),(4,1,1,4),(0.,0.0334285805860794),(82.0465167239561,
82.850309121405,83.6541015188538,84.4578939163027),.UNSPECIFIED.);
#91=B_SPLINE_SURFACE_WITH_KNOTS('',3,3,((#10074,#10075,#10076,#10077,#10078,
#10079),(#10080,#10081,#10082,#10083,#10084,#10085),(#10086,#10087,#10088,
#10089,#10090,#10091),(#10092,#10093,#10094,#10095,#10096,#10097)),
 .UNSPECIFIED.,.F.,.F.,.F.,(4,4),(4,1,1,4),(0.,0.0334285805860794),(75.7633314167765,
76.5671238142254,77.3709162116742,78.1747086091231),.UNSPECIFIED.);
#92=B_SPLINE_SURFACE_WITH_KNOTS('',3,3,((#10108,#10109,#10110,#10111,#10112,
#10113),(#10114,#10115,#10116,#10117,#10118,#10119),(#10120,#10121,#10122,
#10123,#10124,#10125),(#10126,#10127,#10128,#10129,#10130,#10131)),
 .UNSPECIFIED.,.F.,.F.,.F.,(4,4),(4,1,1,4),(0.,0.0334285805860794),(69.4801461095969,
70.2839385070458,71.0877309044946,71.8915233019435),.UNSPECIFIED.);
#93=B_SPLINE_SURFACE_WITH_KNOTS('',3,3,((#10142,#10143,#10144,#10145,#10146,
#10147),(#10148,#10149,#10150,#10151,#10152,#10153),(#10154,#10155,#10156,
#10157,#10158,#10159),(#10160,#10161,#10162,#10163,#10164,#10165)),
 .UNSPECIFIED.,.F.,.F.,.F.,(4,4),(4,1,1,4),(0.,0.0334285805860794),(63.1969608024174,
64.0007531998662,64.8045455973151,65.6083379947639),.UNSPECIFIED.);
#94=B_SPLINE_SURFACE_WITH_KNOTS('',3,3,((#10176,#10177,#10178,#10179,#10180,
#10181),(#10182,#10183,#10184,#10185,#10186,#10187),(#10188,#10189,#10190,
#10191,#10192,#10193),(#10194,#10195,#10196,#10197,#10198,#10199)),
 .UNSPECIFIED.,.F.,.F.,.F.,(4,4),(4,1,1,4),(0.,0.0334285805860794),(56.9137754952378,
57.7175678926866,58.5213602901355,59.3251526875843),.UNSPECIFIED.);
#95=B_SPLINE_SURFACE_WITH_KNOTS('',3,3,((#10210,#10211,#10212,#10213,#10214,
#10215),(#10216,#10217,#10218,#10219,#10220,#10221),(#10222,#10223,#10224,
#10225,#10226,#10227),(#10228,#10229,#10230,#10231,#10232,#10233)),
 .UNSPECIFIED.,.F.,.F.,.F.,(4,4),(4,1,1,4),(0.,0.0334285805860794),(50.6305901880582,
51.434382585507,52.2381749829559,53.0419673804047),.UNSPECIFIED.);
#96=B_SPLINE_SURFACE_WITH_KNOTS('',3,3,((#10244,#10245,#10246,#10247,#10248,
#10249),(#10250,#10251,#10252,#10253,#10254,#10255),(#10256,#10257,#10258,
#10259,#10260,#10261),(#10262,#10263,#10264,#10265,#10266,#10267)),
 .UNSPECIFIED.,.F.,.F.,.F.,(4,4),(4,1,1,4),(0.,0.0334285805860794),(44.3474048808786,
45.1511972783275,45.9549896757763,46.7587820732252),.UNSPECIFIED.);
#97=B_SPLINE_SURFACE_WITH_KNOTS('',3,3,((#10278,#10279,#10280,#10281,#10282,
#10283),(#10284,#10285,#10286,#10287,#10288,#10289),(#10290,#10291,#10292,
#10293,#10294,#10295),(#10296,#10297,#10298,#10299,#10300,#10301)),
 .UNSPECIFIED.,.F.,.F.,.F.,(4,4),(4,1,1,4),(0.,0.0334285805860794),(38.064219573699,
38.8680119711479,39.6718043685967,40.4755967660456),.UNSPECIFIED.);
#98=B_SPLINE_SURFACE_WITH_KNOTS('',3,3,((#10312,#10313,#10314,#10315,#10316,
#10317),(#10318,#10319,#10320,#10321,#10322,#10323),(#10324,#10325,#10326,
#10327,#10328,#10329),(#10330,#10331,#10332,#10333,#10334,#10335)),
 .UNSPECIFIED.,.F.,.F.,.F.,(4,4),(4,1,1,4),(0.,0.0334285805860794),(31.7810342665194,
32.5848266639683,33.3886190614171,34.192411458866),.UNSPECIFIED.);
#99=B_SPLINE_SURFACE_WITH_KNOTS('',3,3,((#10346,#10347,#10348,#10349,#10350,
#10351),(#10352,#10353,#10354,#10355,#10356,#10357),(#10358,#10359,#10360,
#10361,#10362,#10363),(#10364,#10365,#10366,#10367,#10368,#10369)),
 .UNSPECIFIED.,.F.,.F.,.F.,(4,4),(4,1,1,4),(0.,0.0334285805860794),(25.4978489593398,
26.3016413567887,27.1054337542375,27.9092261516864),.UNSPECIFIED.);
#100=B_SPLINE_SURFACE_WITH_KNOTS('',3,3,((#10380,#10381,#10382,#10383,#10384,
#10385),(#10386,#10387,#10388,#10389,#10390,#10391),(#10392,#10393,#10394,
#10395,#10396,#10397),(#10398,#10399,#10400,#10401,#10402,#10403)),
 .UNSPECIFIED.,.F.,.F.,.F.,(4,4),(4,1,1,4),(0.,0.0334285805860794),(19.2146636521603,
20.0184560496091,20.822248447058,21.6260408445068),.UNSPECIFIED.);
#101=B_SPLINE_SURFACE_WITH_KNOTS('',3,3,((#10414,#10415,#10416,#10417,#10418,
#10419),(#10420,#10421,#10422,#10423,#10424,#10425),(#10426,#10427,#10428,
#10429,#10430,#10431),(#10432,#10433,#10434,#10435,#10436,#10437)),
 .UNSPECIFIED.,.F.,.F.,.F.,(4,4),(4,1,1,4),(0.,0.0334285805860794),(12.9314783449807,
13.7352707424295,14.5390631398784,15.3428555373272),.UNSPECIFIED.);
#102=B_SPLINE_SURFACE_WITH_KNOTS('',3,3,((#10448,#10449,#10450,#10451,#10452,
#10453),(#10454,#10455,#10456,#10457,#10458,#10459),(#10460,#10461,#10462,
#10463,#10464,#10465),(#10466,#10467,#10468,#10469,#10470,#10471)),
 .UNSPECIFIED.,.F.,.F.,.F.,(4,4),(4,1,1,4),(0.,0.0334285805860794),(113.462443259854,
114.266235657303,115.070028054752,115.873820452201),.UNSPECIFIED.);
#103=B_SPLINE_SURFACE_WITH_KNOTS('',3,3,((#10482,#10483,#10484,#10485),
(#10486,#10487,#10488,#10489),(#10490,#10491,#10492,#10493),(#10494,#10495,
#10496,#10497)),.UNSPECIFIED.,.F.,.F.,.F.,(4,4),(4,4),(0.,0.00879840689476265),
(116.604035913444,117.190084569427),.UNSPECIFIED.);
#104=B_SPLINE_SURFACE_WITH_KNOTS('',3,3,((#10526,#10527,#10528,#10529,#10530,
#10531),(#10532,#10533,#10534,#10535,#10536,#10537),(#10538,#10539,#10540,
#10541,#10542,#10543),(#10544,#10545,#10546,#10547,#10548,#10549)),
 .UNSPECIFIED.,.F.,.F.,.F.,(4,4),(4,1,1,4),(0.,0.0334285805860794),(110.320850606264,
111.124643003713,111.928435401162,112.732227798611),.UNSPECIFIED.);
#105=B_SPLINE_SURFACE_WITH_KNOTS('',3,3,((#10560,#10561,#10562,#10563,#10564,
#10565),(#10566,#10567,#10568,#10569,#10570,#10571),(#10572,#10573,#10574,
#10575,#10576,#10577),(#10578,#10579,#10580,#10581,#10582,#10583)),
 .UNSPECIFIED.,.F.,.F.,.F.,(4,4),(4,1,1,4),(0.,0.0334285805860794),(104.037665299085,
104.841457696534,105.645250093982,106.449042491431),.UNSPECIFIED.);
#106=B_SPLINE_SURFACE_WITH_KNOTS('',3,3,((#10594,#10595,#10596,#10597,#10598,
#10599),(#10600,#10601,#10602,#10603,#10604,#10605),(#10606,#10607,#10608,
#10609,#10610,#10611),(#10612,#10613,#10614,#10615,#10616,#10617)),
 .UNSPECIFIED.,.F.,.F.,.F.,(4,4),(4,1,1,4),(0.,0.0334285805860794),(97.7544799919051,
98.5582723893539,99.3620647868028,100.165857184252),.UNSPECIFIED.);
#107=B_SPLINE_SURFACE_WITH_KNOTS('',3,3,((#10628,#10629,#10630,#10631,#10632,
#10633),(#10634,#10635,#10636,#10637,#10638,#10639),(#10640,#10641,#10642,
#10643,#10644,#10645),(#10646,#10647,#10648,#10649,#10650,#10651)),
 .UNSPECIFIED.,.F.,.F.,.F.,(4,4),(4,1,1,4),(0.,0.0334285805860794),(91.4712946847255,
92.2750870821744,93.0788794796232,93.8826718770721),.UNSPECIFIED.);
#108=B_SPLINE_SURFACE_WITH_KNOTS('',3,3,((#10662,#10663,#10664,#10665,#10666,
#10667),(#10668,#10669,#10670,#10671,#10672,#10673),(#10674,#10675,#10676,
#10677,#10678,#10679),(#10680,#10681,#10682,#10683,#10684,#10685)),
 .UNSPECIFIED.,.F.,.F.,.F.,(4,4),(4,1,1,4),(0.,0.0334285805860794),(85.1881093775459,
85.9919017749948,86.7956941724436,87.5994865698925),.UNSPECIFIED.);
#109=B_SPLINE_SURFACE_WITH_KNOTS('',3,3,((#10696,#10697,#10698,#10699,#10700,
#10701),(#10702,#10703,#10704,#10705,#10706,#10707),(#10708,#10709,#10710,
#10711,#10712,#10713),(#10714,#10715,#10716,#10717,#10718,#10719)),
 .UNSPECIFIED.,.F.,.F.,.F.,(4,4),(4,1,1,4),(0.,0.0334285805860794),(78.9049240703663,
79.7087164678152,80.512508865264,81.3163012627129),.UNSPECIFIED.);
#110=B_SPLINE_SURFACE_WITH_KNOTS('',3,3,((#10730,#10731,#10732,#10733,#10734,
#10735),(#10736,#10737,#10738,#10739,#10740,#10741),(#10742,#10743,#10744,
#10745,#10746,#10747),(#10748,#10749,#10750,#10751,#10752,#10753)),
 .UNSPECIFIED.,.F.,.F.,.F.,(4,4),(4,1,1,4),(0.,0.0334285805860794),(72.6217387631867,
73.4255311606356,74.2293235580844,75.0331159555333),.UNSPECIFIED.);
#111=B_SPLINE_SURFACE_WITH_KNOTS('',3,3,((#10764,#10765,#10766,#10767,#10768,
#10769),(#10770,#10771,#10772,#10773,#10774,#10775),(#10776,#10777,#10778,
#10779,#10780,#10781),(#10782,#10783,#10784,#10785,#10786,#10787)),
 .UNSPECIFIED.,.F.,.F.,.F.,(4,4),(4,1,1,4),(0.,0.0334285805860794),(66.3385534560071,
67.142345853456,67.9461382509048,68.7499306483537),.UNSPECIFIED.);
#112=B_SPLINE_SURFACE_WITH_KNOTS('',3,3,((#10798,#10799,#10800,#10801,#10802,
#10803),(#10804,#10805,#10806,#10807,#10808,#10809),(#10810,#10811,#10812,
#10813,#10814,#10815),(#10816,#10817,#10818,#10819,#10820,#10821)),
 .UNSPECIFIED.,.F.,.F.,.F.,(4,4),(4,1,1,4),(0.,0.0334285805860794),(60.0553681488275,
60.8591605462764,61.6629529437253,62.4667453411741),.UNSPECIFIED.);
#113=B_SPLINE_SURFACE_WITH_KNOTS('',3,3,((#10832,#10833,#10834,#10835,#10836,
#10837),(#10838,#10839,#10840,#10841,#10842,#10843),(#10844,#10845,#10846,
#10847,#10848,#10849),(#10850,#10851,#10852,#10853,#10854,#10855)),
 .UNSPECIFIED.,.F.,.F.,.F.,(4,4),(4,1,1,4),(0.,0.0334285805860794),(53.7721828416479,
54.5759752390968,55.3797676365457,56.1835600339945),.UNSPECIFIED.);
#114=B_SPLINE_SURFACE_WITH_KNOTS('',3,3,((#10866,#10867,#10868,#10869,#10870,
#10871),(#10872,#10873,#10874,#10875,#10876,#10877),(#10878,#10879,#10880,
#10881,#10882,#10883),(#10884,#10885,#10886,#10887,#10888,#10889)),
 .UNSPECIFIED.,.F.,.F.,.F.,(4,4),(4,1,1,4),(0.,0.0334285805860794),(47.4889975344684,
48.2927899319172,49.0965823293661,49.900374726815),.UNSPECIFIED.);
#115=B_SPLINE_SURFACE_WITH_KNOTS('',3,3,((#10900,#10901,#10902,#10903,#10904,
#10905),(#10906,#10907,#10908,#10909,#10910,#10911),(#10912,#10913,#10914,
#10915,#10916,#10917),(#10918,#10919,#10920,#10921,#10922,#10923)),
 .UNSPECIFIED.,.F.,.F.,.F.,(4,4),(4,1,1,4),(0.,0.0334285805860794),(41.2058122272888,
42.0096046247376,42.8133970221865,43.6171894196354),.UNSPECIFIED.);
#116=B_SPLINE_SURFACE_WITH_KNOTS('',3,3,((#10934,#10935,#10936,#10937,#10938,
#10939),(#10940,#10941,#10942,#10943,#10944,#10945),(#10946,#10947,#10948,
#10949,#10950,#10951),(#10952,#10953,#10954,#10955,#10956,#10957)),
 .UNSPECIFIED.,.F.,.F.,.F.,(4,4),(4,1,1,4),(0.,0.0334285805860794),(34.9226269201092,
35.7264193175581,36.5302117150069,37.3340041124558),.UNSPECIFIED.);
#117=B_SPLINE_SURFACE_WITH_KNOTS('',3,3,((#10968,#10969,#10970,#10971,#10972,
#10973),(#10974,#10975,#10976,#10977,#10978,#10979),(#10980,#10981,#10982,
#10983,#10984,#10985),(#10986,#10987,#10988,#10989,#10990,#10991)),
 .UNSPECIFIED.,.F.,.F.,.F.,(4,4),(4,1,1,4),(0.,0.0334285805860794),(28.6394416129296,
29.4432340103785,30.2470264078273,31.0508188052762),.UNSPECIFIED.);
#118=B_SPLINE_SURFACE_WITH_KNOTS('',3,3,((#11002,#11003,#11004,#11005,#11006,
#11007),(#11008,#11009,#11010,#11011,#11012,#11013),(#11014,#11015,#11016,
#11017,#11018,#11019),(#11020,#11021,#11022,#11023,#11024,#11025)),
 .UNSPECIFIED.,.F.,.F.,.F.,(4,4),(4,1,1,4),(0.,0.0334285805860794),(22.35625630575,
23.1600487031989,23.9638411006477,24.7676334980966),.UNSPECIFIED.);
#119=B_SPLINE_SURFACE_WITH_KNOTS('',3,3,((#11036,#11037,#11038,#11039),
(#11040,#11041,#11042,#11043),(#11044,#11045,#11046,#11047),(#11048,#11049,
#11050,#11051)),.UNSPECIFIED.,.F.,.F.,.F.,(4,4),(4,4),(0.0221880085291881,
0.0334285805860794),(8.27555468359049,8.9818206555121),.UNSPECIFIED.);
#120=B_SPLINE_SURFACE_WITH_KNOTS('',3,3,((#11056,#11057,#11058,#11059,#11060,
#11061),(#11062,#11063,#11064,#11065,#11066,#11067),(#11068,#11069,#11070,
#11071,#11072,#11073),(#11074,#11075,#11076,#11077,#11078,#11079)),
 .UNSPECIFIED.,.F.,.F.,.F.,(4,4),(4,1,1,4),(0.,0.0334285805860794),(9.82311413809613,
10.6158303866432,11.4085466351903,12.2012628837374),.UNSPECIFIED.);
#121=B_SPLINE_SURFACE_WITH_KNOTS('',3,3,((#11184,#11185,#11186,#11187,#11188,
#11189),(#11190,#11191,#11192,#11193,#11194,#11195),(#11196,#11197,#11198,
#11199,#11200,#11201),(#11202,#11203,#11204,#11205,#11206,#11207)),
 .UNSPECIFIED.,.F.,.F.,.F.,(4,4),(4,1,1,4),(0.,0.0334285805860794),(16.0730709985704,
16.8768633960193,17.6806557934682,18.484448190917),.UNSPECIFIED.);
#122=B_SPLINE_SURFACE_WITH_KNOTS('',3,3,((#12385,#12386,#12387,#12388,#12389,
#12390,#12391,#12392,#12393,#12394,#12395,#12396,#12397,#12398,#12399,#12400,
#12401,#12402,#12403,#12404,#12405,#12406,#12407,#12408,#12409,#12410,#12411,
#12412,#12413,#12414,#12415,#12416,#12417,#12418,#12419,#12420,#12421,#12422,
#12423,#12424,#12425,#12426,#12427,#12428,#12429,#12430,#12431,#12432,#12433,
#12434,#12435,#12436,#12437,#12438,#12439),(#12440,#12441,#12442,#12443,
#12444,#12445,#12446,#12447,#12448,#12449,#12450,#12451,#12452,#12453,#12454,
#12455,#12456,#12457,#12458,#12459,#12460,#12461,#12462,#12463,#12464,#12465,
#12466,#12467,#12468,#12469,#12470,#12471,#12472,#12473,#12474,#12475,#12476,
#12477,#12478,#12479,#12480,#12481,#12482,#12483,#12484,#12485,#12486,#12487,
#12488,#12489,#12490,#12491,#12492,#12493,#12494),(#12495,#12496,#12497,
#12498,#12499,#12500,#12501,#12502,#12503,#12504,#12505,#12506,#12507,#12508,
#12509,#12510,#12511,#12512,#12513,#12514,#12515,#12516,#12517,#12518,#12519,
#12520,#12521,#12522,#12523,#12524,#12525,#12526,#12527,#12528,#12529,#12530,
#12531,#12532,#12533,#12534,#12535,#12536,#12537,#12538,#12539,#12540,#12541,
#12542,#12543,#12544,#12545,#12546,#12547,#12548,#12549),(#12550,#12551,
#12552,#12553,#12554,#12555,#12556,#12557,#12558,#12559,#12560,#12561,#12562,
#12563,#12564,#12565,#12566,#12567,#12568,#12569,#12570,#12571,#12572,#12573,
#12574,#12575,#12576,#12577,#12578,#12579,#12580,#12581,#12582,#12583,#12584,
#12585,#12586,#12587,#12588,#12589,#12590,#12591,#12592,#12593,#12594,#12595,
#12596,#12597,#12598,#12599,#12600,#12601,#12602,#12603,#12604)),
 .UNSPECIFIED.,.F.,.F.,.F.,(4,4),(4,1,1,1,1,1,1,1,1,1,1,1,1,1,1,1,1,1,1,
1,1,1,1,1,1,1,1,1,1,1,1,1,1,1,1,1,1,1,1,1,1,1,1,1,1,1,1,1,1,1,1,1,4),(0.,
0.0327588542738194),(11.8172714769304,12.3034846788882,12.7896978808459,
13.2759110828037,13.7621242847614,14.2483374867192,14.7345506886769,15.2207638906347,
15.7069770925924,16.1931902945502,16.6794034965079,17.1656166984657,17.6518299004235,
18.1380431023812,18.624256304339,19.1104695062967,19.5966827082545,20.0828959102122,
20.56910911217,21.0553223141277,21.5415355160855,22.0277487180432,22.513961920001,
23.0001751219587,23.4863883239165,23.9726015258742,24.458814727832,24.9450279297897,
25.4312411317475,25.9174543337052,26.403667535663,26.8898807376207,27.3760939395785,
27.8623071415362,28.348520343494,28.8347335454517,29.3209467474095,29.8071599493672,
30.293373151325,30.7795863532827,31.2657995552405,31.7520127571982,32.238225959156,
32.7244391611137,33.2106523630715,33.6968655650292,34.183078766987,34.6692919689447,
35.1555051709025,35.6417183728602,36.127931574818,36.6141447767757,37.1003579787335),
 .UNSPECIFIED.);
#123=B_SPLINE_SURFACE_WITH_KNOTS('',3,3,((#12827,#12828,#12829,#12830,#12831,
#12832,#12833,#12834,#12835,#12836,#12837,#12838,#12839,#12840,#12841,#12842,
#12843,#12844,#12845,#12846,#12847,#12848,#12849,#12850,#12851,#12852,#12853,
#12854,#12855,#12856,#12857,#12858,#12859,#12860,#12861,#12862,#12863,#12864,
#12865,#12866,#12867,#12868,#12869,#12870,#12871,#12872,#12873,#12874,#12875,
#12876,#12877,#12878,#12879,#12880,#12881),(#12882,#12883,#12884,#12885,
#12886,#12887,#12888,#12889,#12890,#12891,#12892,#12893,#12894,#12895,#12896,
#12897,#12898,#12899,#12900,#12901,#12902,#12903,#12904,#12905,#12906,#12907,
#12908,#12909,#12910,#12911,#12912,#12913,#12914,#12915,#12916,#12917,#12918,
#12919,#12920,#12921,#12922,#12923,#12924,#12925,#12926,#12927,#12928,#12929,
#12930,#12931,#12932,#12933,#12934,#12935,#12936),(#12937,#12938,#12939,
#12940,#12941,#12942,#12943,#12944,#12945,#12946,#12947,#12948,#12949,#12950,
#12951,#12952,#12953,#12954,#12955,#12956,#12957,#12958,#12959,#12960,#12961,
#12962,#12963,#12964,#12965,#12966,#12967,#12968,#12969,#12970,#12971,#12972,
#12973,#12974,#12975,#12976,#12977,#12978,#12979,#12980,#12981,#12982,#12983,
#12984,#12985,#12986,#12987,#12988,#12989,#12990,#12991),(#12992,#12993,
#12994,#12995,#12996,#12997,#12998,#12999,#13000,#13001,#13002,#13003,#13004,
#13005,#13006,#13007,#13008,#13009,#13010,#13011,#13012,#13013,#13014,#13015,
#13016,#13017,#13018,#13019,#13020,#13021,#13022,#13023,#13024,#13025,#13026,
#13027,#13028,#13029,#13030,#13031,#13032,#13033,#13034,#13035,#13036,#13037,
#13038,#13039,#13040,#13041,#13042,#13043,#13044,#13045,#13046)),
 .UNSPECIFIED.,.F.,.F.,.F.,(4,4),(4,1,1,1,1,1,1,1,1,1,1,1,1,1,1,1,1,1,1,
1,1,1,1,1,1,1,1,1,1,1,1,1,1,1,1,1,1,1,1,1,1,1,1,1,1,1,1,1,1,1,1,1,4),(0.,
0.0327588542738194),(14.4217615361003,14.9079747381357,15.3941879401711,
15.8804011422065,16.366614344242,16.8528275462774,17.3390407483128,17.8252539503482,
18.3114671523836,18.7976803544191,19.2838935564545,19.7701067584899,20.2563199605253,
20.7425331625608,21.2287463645962,21.7149595666316,22.201172768667,22.6873859707024,
23.1735991727379,23.6598123747733,24.1460255768087,24.6322387788441,25.1184519808795,
25.604665182915,26.0908783849504,26.5770915869858,27.0633047890212,27.5495179910566,
28.0357311930921,28.5219443951275,29.0081575971629,29.4943707991983,29.9805840012338,
30.4667972032692,30.9530104053046,31.43922360734,31.9254368093754,32.4116500114109,
32.8978632134463,33.3840764154817,33.8702896175171,34.3565028195525,34.842716021588,
35.3289292236234,35.8151424256588,36.3013556276942,36.7875688297297,37.2737820317651,
37.7599952338005,38.2462084358359,38.7324216378713,39.2186348399068,39.7048480419422),
 .UNSPECIFIED.);
#124=CYLINDRICAL_SURFACE('',#4500,5.5);
#125=CYLINDRICAL_SURFACE('',#4505,5.674);
#126=CYLINDRICAL_SURFACE('',#4506,5.674);
#127=CYLINDRICAL_SURFACE('',#4507,5.674);
#128=CYLINDRICAL_SURFACE('',#4508,5.674);
#129=CYLINDRICAL_SURFACE('',#4509,5.674);
#130=CYLINDRICAL_SURFACE('',#4510,5.674);
#131=CYLINDRICAL_SURFACE('',#4511,5.674);
#132=CYLINDRICAL_SURFACE('',#4512,5.674);
#133=CYLINDRICAL_SURFACE('',#4513,5.674);
#134=CYLINDRICAL_SURFACE('',#4514,5.674);
#135=CYLINDRICAL_SURFACE('',#4515,5.674);
#136=CYLINDRICAL_SURFACE('',#4516,5.674);
#137=CYLINDRICAL_SURFACE('',#4517,5.674);
#138=CYLINDRICAL_SURFACE('',#4518,5.674);
#139=CYLINDRICAL_SURFACE('',#4519,5.674);
#140=CYLINDRICAL_SURFACE('',#4520,5.674);
#141=CYLINDRICAL_SURFACE('',#4521,5.674);
#142=CYLINDRICAL_SURFACE('',#4522,5.674);
#143=CYLINDRICAL_SURFACE('',#4523,5.674);
#144=CYLINDRICAL_SURFACE('',#4525,5.674);
#145=CYLINDRICAL_SURFACE('',#4526,5.674);
#146=CYLINDRICAL_SURFACE('',#4527,5.674);
#147=CYLINDRICAL_SURFACE('',#4528,5.674);
#148=CYLINDRICAL_SURFACE('',#4529,5.674);
#149=CYLINDRICAL_SURFACE('',#4530,5.674);
#150=CYLINDRICAL_SURFACE('',#4531,5.674);
#151=CYLINDRICAL_SURFACE('',#4532,5.674);
#152=CYLINDRICAL_SURFACE('',#4533,5.674);
#153=CYLINDRICAL_SURFACE('',#4534,5.674);
#154=CYLINDRICAL_SURFACE('',#4535,5.674);
#155=CYLINDRICAL_SURFACE('',#4536,5.674);
#156=CYLINDRICAL_SURFACE('',#4537,5.674);
#157=CYLINDRICAL_SURFACE('',#4538,5.674);
#158=CYLINDRICAL_SURFACE('',#4539,5.674);
#159=CYLINDRICAL_SURFACE('',#4540,5.9635);
#160=CYLINDRICAL_SURFACE('',#4541,5.9635);
#161=CYLINDRICAL_SURFACE('',#4542,5.9635);
#162=CYLINDRICAL_SURFACE('',#4543,5.9635);
#163=CYLINDRICAL_SURFACE('',#4544,5.9635);
#164=CYLINDRICAL_SURFACE('',#4545,5.9635);
#165=CYLINDRICAL_SURFACE('',#4546,5.9635);
#166=CYLINDRICAL_SURFACE('',#4547,5.9635);
#167=CYLINDRICAL_SURFACE('',#4548,5.9635);
#168=CYLINDRICAL_SURFACE('',#4549,5.9635);
#169=CYLINDRICAL_SURFACE('',#4550,5.9635);
#170=CYLINDRICAL_SURFACE('',#4551,5.9635);
#171=CYLINDRICAL_SURFACE('',#4552,5.9635);
#172=CYLINDRICAL_SURFACE('',#4553,5.9635);
#173=CYLINDRICAL_SURFACE('',#4554,5.9635);
#174=CYLINDRICAL_SURFACE('',#4555,5.9635);
#175=CYLINDRICAL_SURFACE('',#4556,5.9635);
#176=CYLINDRICAL_SURFACE('',#4557,5.9635);
#177=CYLINDRICAL_SURFACE('',#4558,5.9635);
#178=CYLINDRICAL_SURFACE('',#4559,5.9635);
#179=CYLINDRICAL_SURFACE('',#4560,5.9635);
#180=CYLINDRICAL_SURFACE('',#4561,5.9635);
#181=CYLINDRICAL_SURFACE('',#4562,5.9635);
#182=CYLINDRICAL_SURFACE('',#4563,5.9635);
#183=CYLINDRICAL_SURFACE('',#4564,5.9635);
#184=CYLINDRICAL_SURFACE('',#4565,5.9635);
#185=CYLINDRICAL_SURFACE('',#4566,5.9635);
#186=CYLINDRICAL_SURFACE('',#4567,5.9635);
#187=CYLINDRICAL_SURFACE('',#4568,5.9635);
#188=CYLINDRICAL_SURFACE('',#4569,5.9635);
#189=CYLINDRICAL_SURFACE('',#4570,5.9635);
#190=CYLINDRICAL_SURFACE('',#4571,5.9635);
#191=CYLINDRICAL_SURFACE('',#4572,5.9635);
#192=CYLINDRICAL_SURFACE('',#4573,5.9635);
#193=CYLINDRICAL_SURFACE('',#4574,5.9635);
#194=CYLINDRICAL_SURFACE('',#4575,5.5);
#195=CYLINDRICAL_SURFACE('',#4580,6.91);
#196=CYLINDRICAL_SURFACE('',#4583,5.674);
#197=CYLINDRICAL_SURFACE('',#4585,3.01);
#198=CYLINDRICAL_SURFACE('',#4587,2.);
#199=CYLINDRICAL_SURFACE('',#4591,2.);
#200=CYLINDRICAL_SURFACE('',#4595,2.);
#201=CYLINDRICAL_SURFACE('',#4599,2.);
#202=CYLINDRICAL_SURFACE('',#4611,0.749999999999991);
#203=CYLINDRICAL_SURFACE('',#4615,0.07);
#204=CYLINDRICAL_SURFACE('',#4617,0.07);
#205=CYLINDRICAL_SURFACE('',#4619,0.07);
#206=CYLINDRICAL_SURFACE('',#4621,1.24999999999999);
#207=CYLINDRICAL_SURFACE('',#4623,0.07);
#208=CYLINDRICAL_SURFACE('',#4627,0.07);
#209=CYLINDRICAL_SURFACE('',#4629,0.07);
#210=CYLINDRICAL_SURFACE('',#4641,0.75);
#211=CYLINDRICAL_SURFACE('',#4653,1.50000005960464);
#212=CYLINDRICAL_SURFACE('',#4656,0.07);
#213=CYLINDRICAL_SURFACE('',#4663,0.07);
#214=CYLINDRICAL_SURFACE('',#4668,0.07);
#215=CYLINDRICAL_SURFACE('',#4673,0.07);
#216=CYLINDRICAL_SURFACE('',#4679,0.07);
#217=CYLINDRICAL_SURFACE('',#4686,2.14999999999999);
#218=CYLINDRICAL_SURFACE('',#4692,0.500000044703484);
#219=CYLINDRICAL_SURFACE('',#4696,0.07);
#220=CYLINDRICAL_SURFACE('',#4702,0.07);
#221=CYLINDRICAL_SURFACE('',#4708,0.07);
#222=CYLINDRICAL_SURFACE('',#4713,0.07);
#223=CYLINDRICAL_SURFACE('',#4718,0.07);
#224=CYLINDRICAL_SURFACE('',#4732,1.);
#225=CYLINDRICAL_SURFACE('',#4733,1.);
#226=CYLINDRICAL_SURFACE('',#4734,0.2);
#227=CYLINDRICAL_SURFACE('',#4735,0.5);
#228=CYLINDRICAL_SURFACE('',#4737,5.76435);
#229=CYLINDRICAL_SURFACE('',#4739,5.76435);
#230=CYLINDRICAL_SURFACE('',#4741,5.76435);
#231=CYLINDRICAL_SURFACE('',#4742,5.76435);
#232=CYLINDRICAL_SURFACE('',#4744,6.04805);
#233=CYLINDRICAL_SURFACE('',#4746,6.04805);
#234=CYLINDRICAL_SURFACE('',#4747,6.04805);
#235=CYLINDRICAL_SURFACE('',#4748,6.04805);
#236=CYLINDRICAL_SURFACE('',#4751,7.88066243475976);
#237=CYLINDRICAL_SURFACE('',#4754,7.88066243475976);
#238=CYLINDRICAL_SURFACE('',#4757,7.88066243475976);
#239=CYLINDRICAL_SURFACE('',#4760,7.88066243475976);
#240=CYLINDRICAL_SURFACE('',#4765,7.88066243475976);
#241=CYLINDRICAL_SURFACE('',#4777,7.88066243475976);
#242=CYLINDRICAL_SURFACE('',#4784,6.04805);
#243=CYLINDRICAL_SURFACE('',#4785,5.76435);
#244=FACE_BOUND('',#621,.T.);
#245=FACE_BOUND('',#766,.T.);
#246=FACE_BOUND('',#769,.T.);
#247=FACE_BOUND('',#786,.T.);
#248=FACE_BOUND('',#801,.T.);
#249=FACE_BOUND('',#806,.T.);
#250=FACE_BOUND('',#809,.T.);
#251=FACE_BOUND('',#826,.T.);
#252=FACE_BOUND('',#839,.T.);
#253=FACE_BOUND('',#842,.T.);
#254=CIRCLE('',#4497,6.91);
#255=CIRCLE('',#4498,5.9635);
#256=CIRCLE('',#4499,5.674);
#257=CIRCLE('',#4501,5.5);
#258=CIRCLE('',#4502,5.5);
#259=CIRCLE('',#4504,5.9635);
#260=CIRCLE('',#4524,5.674);
#261=CIRCLE('',#4576,5.5);
#262=CIRCLE('',#4577,5.5);
#263=CIRCLE('',#4579,3.01);
#264=CIRCLE('',#4581,6.91);
#265=CIRCLE('',#4588,2.);
#266=CIRCLE('',#4589,2.);
#267=CIRCLE('',#4592,2.);
#268=CIRCLE('',#4593,2.);
#269=CIRCLE('',#4596,2.);
#270=CIRCLE('',#4597,2.);
#271=CIRCLE('',#4600,2.);
#272=CIRCLE('',#4601,2.);
#273=CIRCLE('',#4605,0.819999999999991);
#274=CIRCLE('',#4606,0.07);
#275=CIRCLE('',#4607,0.749999999999991);
#276=CIRCLE('',#4608,0.749999999999991);
#277=CIRCLE('',#4610,1.17999999999999);
#278=CIRCLE('',#4612,0.749999999999991);
#279=CIRCLE('',#4614,1.24999999999999);
#280=CIRCLE('',#4622,1.24999999999999);
#281=CIRCLE('',#4626,1.17999999999999);
#282=CIRCLE('',#4633,0.819999999999991);
#283=CIRCLE('',#4635,0.07);
#284=CIRCLE('',#4637,0.82);
#285=CIRCLE('',#4638,0.07);
#286=CIRCLE('',#4639,0.75);
#287=CIRCLE('',#4640,0.75);
#288=CIRCLE('',#4642,0.75);
#289=CIRCLE('',#4643,0.75);
#290=CIRCLE('',#4645,0.93);
#291=CIRCLE('',#4646,0.93);
#292=CIRCLE('',#4648,0.82);
#293=CIRCLE('',#4649,0.07);
#294=CIRCLE('',#4651,0.93);
#295=CIRCLE('',#4652,0.93);
#296=CIRCLE('',#4654,1.50000005960464);
#297=CIRCLE('',#4655,1.50000005960464);
#298=CIRCLE('',#4657,0.0699999999999998);
#299=CIRCLE('',#4658,0.069999999999999);
#300=CIRCLE('',#4660,0.0700000000000001);
#301=CIRCLE('',#4661,0.43);
#302=CIRCLE('',#4662,0.5);
#303=CIRCLE('',#4664,0.0700000000000001);
#304=CIRCLE('',#4666,0.0700000000000001);
#305=CIRCLE('',#4667,1.);
#306=CIRCLE('',#4669,0.0700000000000001);
#307=CIRCLE('',#4671,0.0700000000000001);
#308=CIRCLE('',#4672,1.);
#309=CIRCLE('',#4674,0.0700000000000006);
#310=CIRCLE('',#4676,0.069999999999999);
#311=CIRCLE('',#4677,0.43);
#312=CIRCLE('',#4678,0.5);
#313=CIRCLE('',#4680,0.069999999999999);
#314=CIRCLE('',#4682,2.14999999999999);
#315=CIRCLE('',#4683,2.07999999999999);
#316=CIRCLE('',#4685,0.27);
#317=CIRCLE('',#4687,2.14999999999999);
#318=CIRCLE('',#4689,0.500000044703484);
#319=CIRCLE('',#4690,0.07);
#320=CIRCLE('',#4691,0.570000044703484);
#321=CIRCLE('',#4693,0.500000044703484);
#322=CIRCLE('',#4694,0.500000044703484);
#323=CIRCLE('',#4697,0.069999999999999);
#324=CIRCLE('',#4698,0.0700000000000006);
#325=CIRCLE('',#4700,0.0700000000000001);
#326=CIRCLE('',#4701,2.07999999999999);
#327=CIRCLE('',#4703,0.0700000000000001);
#328=CIRCLE('',#4705,0.07);
#329=CIRCLE('',#4706,0.2);
#330=CIRCLE('',#4707,0.27);
#331=CIRCLE('',#4709,0.0700000000000001);
#332=CIRCLE('',#4711,0.0700000000000012);
#333=CIRCLE('',#4712,1.);
#334=CIRCLE('',#4714,0.0699999999999967);
#335=CIRCLE('',#4716,0.0700000000000006);
#336=CIRCLE('',#4717,1.);
#337=CIRCLE('',#4719,0.0700000000000001);
#338=CIRCLE('',#4721,0.2);
#339=CIRCLE('',#4725,1.43000005960464);
#340=CIRCLE('',#4726,0.07);
#341=CIRCLE('',#4728,0.75000050099543);
#342=CIRCLE('',#4731,0.5);
#343=CIRCLE('',#4738,5.76435);
#344=CIRCLE('',#4740,5.76435);
#345=CIRCLE('',#4743,5.76435);
#346=CIRCLE('',#4745,6.04805);
#347=CIRCLE('',#4749,6.04805);
#348=CIRCLE('',#4750,6.04805);
#349=CIRCLE('',#4752,7.88066243475976);
#350=CIRCLE('',#4753,7.88066243475976);
#351=CIRCLE('',#4755,7.88066243475976);
#352=CIRCLE('',#4756,7.88066243475976);
#353=CIRCLE('',#4758,7.88066243475976);
#354=CIRCLE('',#4759,7.88066243475976);
#355=CIRCLE('',#4761,7.88066243475976);
#356=CIRCLE('',#4762,7.88066243475976);
#357=CIRCLE('',#4763,7.88066243475976);
#358=CIRCLE('',#4764,7.88066243475976);
#359=CIRCLE('',#4766,7.88066243475976);
#360=CIRCLE('',#4767,7.88066243475976);
#361=CIRCLE('',#4769,3.08862063595241);
#362=CIRCLE('',#4770,5.94173875404176);
#363=CIRCLE('',#4771,5.94173875404176);
#364=CIRCLE('',#4772,7.88066243475976);
#365=CIRCLE('',#4774,3.0886206359524);
#366=CIRCLE('',#4775,7.88066243475976);
#367=CIRCLE('',#4776,5.94173875404176);
#368=FACE_OUTER_BOUND('',#618,.T.);
#369=FACE_OUTER_BOUND('',#619,.T.);
#370=FACE_OUTER_BOUND('',#620,.T.);
#371=FACE_OUTER_BOUND('',#622,.T.);
#372=FACE_OUTER_BOUND('',#623,.T.);
#373=FACE_OUTER_BOUND('',#624,.T.);
#374=FACE_OUTER_BOUND('',#625,.T.);
#375=FACE_OUTER_BOUND('',#626,.T.);
#376=FACE_OUTER_BOUND('',#627,.T.);
#377=FACE_OUTER_BOUND('',#628,.T.);
#378=FACE_OUTER_BOUND('',#629,.T.);
#379=FACE_OUTER_BOUND('',#630,.T.);
#380=FACE_OUTER_BOUND('',#631,.T.);
#381=FACE_OUTER_BOUND('',#632,.T.);
#382=FACE_OUTER_BOUND('',#633,.T.);
#383=FACE_OUTER_BOUND('',#634,.T.);
#384=FACE_OUTER_BOUND('',#635,.T.);
#385=FACE_OUTER_BOUND('',#636,.T.);
#386=FACE_OUTER_BOUND('',#637,.T.);
#387=FACE_OUTER_BOUND('',#638,.T.);
#388=FACE_OUTER_BOUND('',#639,.T.);
#389=FACE_OUTER_BOUND('',#640,.T.);
#390=FACE_OUTER_BOUND('',#641,.T.);
#391=FACE_OUTER_BOUND('',#642,.T.);
#392=FACE_OUTER_BOUND('',#643,.T.);
#393=FACE_OUTER_BOUND('',#644,.T.);
#394=FACE_OUTER_BOUND('',#645,.T.);
#395=FACE_OUTER_BOUND('',#646,.T.);
#396=FACE_OUTER_BOUND('',#647,.T.);
#397=FACE_OUTER_BOUND('',#648,.T.);
#398=FACE_OUTER_BOUND('',#649,.T.);
#399=FACE_OUTER_BOUND('',#650,.T.);
#400=FACE_OUTER_BOUND('',#651,.T.);
#401=FACE_OUTER_BOUND('',#652,.T.);
#402=FACE_OUTER_BOUND('',#653,.T.);
#403=FACE_OUTER_BOUND('',#654,.T.);
#404=FACE_OUTER_BOUND('',#655,.T.);
#405=FACE_OUTER_BOUND('',#656,.T.);
#406=FACE_OUTER_BOUND('',#657,.T.);
#407=FACE_OUTER_BOUND('',#658,.T.);
#408=FACE_OUTER_BOUND('',#659,.T.);
#409=FACE_OUTER_BOUND('',#660,.T.);
#410=FACE_OUTER_BOUND('',#661,.T.);
#411=FACE_OUTER_BOUND('',#662,.T.);
#412=FACE_OUTER_BOUND('',#663,.T.);
#413=FACE_OUTER_BOUND('',#664,.T.);
#414=FACE_OUTER_BOUND('',#665,.T.);
#415=FACE_OUTER_BOUND('',#666,.T.);
#416=FACE_OUTER_BOUND('',#667,.T.);
#417=FACE_OUTER_BOUND('',#668,.T.);
#418=FACE_OUTER_BOUND('',#669,.T.);
#419=FACE_OUTER_BOUND('',#670,.T.);
#420=FACE_OUTER_BOUND('',#671,.T.);
#421=FACE_OUTER_BOUND('',#672,.T.);
#422=FACE_OUTER_BOUND('',#673,.T.);
#423=FACE_OUTER_BOUND('',#674,.T.);
#424=FACE_OUTER_BOUND('',#675,.T.);
#425=FACE_OUTER_BOUND('',#676,.T.);
#426=FACE_OUTER_BOUND('',#677,.T.);
#427=FACE_OUTER_BOUND('',#678,.T.);
#428=FACE_OUTER_BOUND('',#679,.T.);
#429=FACE_OUTER_BOUND('',#680,.T.);
#430=FACE_OUTER_BOUND('',#681,.T.);
#431=FACE_OUTER_BOUND('',#682,.T.);
#432=FACE_OUTER_BOUND('',#683,.T.);
#433=FACE_OUTER_BOUND('',#684,.T.);
#434=FACE_OUTER_BOUND('',#685,.T.);
#435=FACE_OUTER_BOUND('',#686,.T.);
#436=FACE_OUTER_BOUND('',#687,.T.);
#437=FACE_OUTER_BOUND('',#688,.T.);
#438=FACE_OUTER_BOUND('',#689,.T.);
#439=FACE_OUTER_BOUND('',#690,.T.);
#440=FACE_OUTER_BOUND('',#691,.T.);
#441=FACE_OUTER_BOUND('',#692,.T.);
#442=FACE_OUTER_BOUND('',#693,.T.);
#443=FACE_OUTER_BOUND('',#694,.T.);
#444=FACE_OUTER_BOUND('',#695,.T.);
#445=FACE_OUTER_BOUND('',#696,.T.);
#446=FACE_OUTER_BOUND('',#697,.T.);
#447=FACE_OUTER_BOUND('',#698,.T.);
#448=FACE_OUTER_BOUND('',#699,.T.);
#449=FACE_OUTER_BOUND('',#700,.T.);
#450=FACE_OUTER_BOUND('',#701,.T.);
#451=FACE_OUTER_BOUND('',#702,.T.);
#452=FACE_OUTER_BOUND('',#703,.T.);
#453=FACE_OUTER_BOUND('',#704,.T.);
#454=FACE_OUTER_BOUND('',#705,.T.);
#455=FACE_OUTER_BOUND('',#706,.T.);
#456=FACE_OUTER_BOUND('',#707,.T.);
#457=FACE_OUTER_BOUND('',#708,.T.);
#458=FACE_OUTER_BOUND('',#709,.T.);
#459=FACE_OUTER_BOUND('',#710,.T.);
#460=FACE_OUTER_BOUND('',#711,.T.);
#461=FACE_OUTER_BOUND('',#712,.T.);
#462=FACE_OUTER_BOUND('',#713,.T.);
#463=FACE_OUTER_BOUND('',#714,.T.);
#464=FACE_OUTER_BOUND('',#715,.T.);
#465=FACE_OUTER_BOUND('',#716,.T.);
#466=FACE_OUTER_BOUND('',#717,.T.);
#467=FACE_OUTER_BOUND('',#718,.T.);
#468=FACE_OUTER_BOUND('',#719,.T.);
#469=FACE_OUTER_BOUND('',#720,.T.);
#470=FACE_OUTER_BOUND('',#721,.T.);
#471=FACE_OUTER_BOUND('',#722,.T.);
#472=FACE_OUTER_BOUND('',#723,.T.);
#473=FACE_OUTER_BOUND('',#724,.T.);
#474=FACE_OUTER_BOUND('',#725,.T.);
#475=FACE_OUTER_BOUND('',#726,.T.);
#476=FACE_OUTER_BOUND('',#727,.T.);
#477=FACE_OUTER_BOUND('',#728,.T.);
#478=FACE_OUTER_BOUND('',#729,.T.);
#479=FACE_OUTER_BOUND('',#730,.T.);
#480=FACE_OUTER_BOUND('',#731,.T.);
#481=FACE_OUTER_BOUND('',#732,.T.);
#482=FACE_OUTER_BOUND('',#733,.T.);
#483=FACE_OUTER_BOUND('',#734,.T.);
#484=FACE_OUTER_BOUND('',#735,.T.);
#485=FACE_OUTER_BOUND('',#736,.T.);
#486=FACE_OUTER_BOUND('',#737,.T.);
#487=FACE_OUTER_BOUND('',#738,.T.);
#488=FACE_OUTER_BOUND('',#739,.T.);
#489=FACE_OUTER_BOUND('',#740,.T.);
#490=FACE_OUTER_BOUND('',#741,.T.);
#491=FACE_OUTER_BOUND('',#742,.T.);
#492=FACE_OUTER_BOUND('',#743,.T.);
#493=FACE_OUTER_BOUND('',#744,.T.);
#494=FACE_OUTER_BOUND('',#745,.T.);
#495=FACE_OUTER_BOUND('',#746,.T.);
#496=FACE_OUTER_BOUND('',#747,.T.);
#497=FACE_OUTER_BOUND('',#748,.T.);
#498=FACE_OUTER_BOUND('',#749,.T.);
#499=FACE_OUTER_BOUND('',#750,.T.);
#500=FACE_OUTER_BOUND('',#751,.T.);
#501=FACE_OUTER_BOUND('',#752,.T.);
#502=FACE_OUTER_BOUND('',#753,.T.);
#503=FACE_OUTER_BOUND('',#754,.T.);
#504=FACE_OUTER_BOUND('',#755,.T.);
#505=FACE_OUTER_BOUND('',#756,.T.);
#506=FACE_OUTER_BOUND('',#757,.T.);
#507=FACE_OUTER_BOUND('',#758,.T.);
#508=FACE_OUTER_BOUND('',#759,.T.);
#509=FACE_OUTER_BOUND('',#760,.T.);
#510=FACE_OUTER_BOUND('',#761,.T.);
#511=FACE_OUTER_BOUND('',#762,.T.);
#512=FACE_OUTER_BOUND('',#763,.T.);
#513=FACE_OUTER_BOUND('',#764,.T.);
#514=FACE_OUTER_BOUND('',#765,.T.);
#515=FACE_OUTER_BOUND('',#767,.T.);
#516=FACE_OUTER_BOUND('',#768,.T.);
#517=FACE_OUTER_BOUND('',#770,.T.);
#518=FACE_OUTER_BOUND('',#771,.T.);
#519=FACE_OUTER_BOUND('',#772,.T.);
#520=FACE_OUTER_BOUND('',#773,.T.);
#521=FACE_OUTER_BOUND('',#774,.T.);
#522=FACE_OUTER_BOUND('',#775,.T.);
#523=FACE_OUTER_BOUND('',#776,.T.);
#524=FACE_OUTER_BOUND('',#777,.T.);
#525=FACE_OUTER_BOUND('',#778,.T.);
#526=FACE_OUTER_BOUND('',#779,.T.);
#527=FACE_OUTER_BOUND('',#780,.T.);
#528=FACE_OUTER_BOUND('',#781,.T.);
#529=FACE_OUTER_BOUND('',#782,.T.);
#530=FACE_OUTER_BOUND('',#783,.T.);
#531=FACE_OUTER_BOUND('',#784,.T.);
#532=FACE_OUTER_BOUND('',#785,.T.);
#533=FACE_OUTER_BOUND('',#787,.T.);
#534=FACE_OUTER_BOUND('',#788,.T.);
#535=FACE_OUTER_BOUND('',#789,.T.);
#536=FACE_OUTER_BOUND('',#790,.T.);
#537=FACE_OUTER_BOUND('',#791,.T.);
#538=FACE_OUTER_BOUND('',#792,.T.);
#539=FACE_OUTER_BOUND('',#793,.T.);
#540=FACE_OUTER_BOUND('',#794,.T.);
#541=FACE_OUTER_BOUND('',#795,.T.);
#542=FACE_OUTER_BOUND('',#796,.T.);
#543=FACE_OUTER_BOUND('',#797,.T.);
#544=FACE_OUTER_BOUND('',#798,.T.);
#545=FACE_OUTER_BOUND('',#799,.T.);
#546=FACE_OUTER_BOUND('',#800,.T.);
#547=FACE_OUTER_BOUND('',#802,.T.);
#548=FACE_OUTER_BOUND('',#803,.T.);
#549=FACE_OUTER_BOUND('',#804,.T.);
#550=FACE_OUTER_BOUND('',#805,.T.);
#551=FACE_OUTER_BOUND('',#807,.T.);
#552=FACE_OUTER_BOUND('',#808,.T.);
#553=FACE_OUTER_BOUND('',#810,.T.);
#554=FACE_OUTER_BOUND('',#811,.T.);
#555=FACE_OUTER_BOUND('',#812,.T.);
#556=FACE_OUTER_BOUND('',#813,.T.);
#557=FACE_OUTER_BOUND('',#814,.T.);
#558=FACE_OUTER_BOUND('',#815,.T.);
#559=FACE_OUTER_BOUND('',#816,.T.);
#560=FACE_OUTER_BOUND('',#817,.T.);
#561=FACE_OUTER_BOUND('',#818,.T.);
#562=FACE_OUTER_BOUND('',#819,.T.);
#563=FACE_OUTER_BOUND('',#820,.T.);
#564=FACE_OUTER_BOUND('',#821,.T.);
#565=FACE_OUTER_BOUND('',#822,.T.);
#566=FACE_OUTER_BOUND('',#823,.T.);
#567=FACE_OUTER_BOUND('',#824,.T.);
#568=FACE_OUTER_BOUND('',#825,.T.);
#569=FACE_OUTER_BOUND('',#827,.T.);
#570=FACE_OUTER_BOUND('',#828,.T.);
#571=FACE_OUTER_BOUND('',#829,.T.);
#572=FACE_OUTER_BOUND('',#830,.T.);
#573=FACE_OUTER_BOUND('',#831,.T.);
#574=FACE_OUTER_BOUND('',#832,.T.);
#575=FACE_OUTER_BOUND('',#833,.T.);
#576=FACE_OUTER_BOUND('',#834,.T.);
#577=FACE_OUTER_BOUND('',#835,.T.);
#578=FACE_OUTER_BOUND('',#836,.T.);
#579=FACE_OUTER_BOUND('',#837,.T.);
#580=FACE_OUTER_BOUND('',#838,.T.);
#581=FACE_OUTER_BOUND('',#840,.T.);
#582=FACE_OUTER_BOUND('',#841,.T.);
#583=FACE_OUTER_BOUND('',#843,.T.);
#584=FACE_OUTER_BOUND('',#844,.T.);
#585=FACE_OUTER_BOUND('',#845,.T.);
#586=FACE_OUTER_BOUND('',#846,.T.);
#587=FACE_OUTER_BOUND('',#847,.T.);
#588=FACE_OUTER_BOUND('',#848,.T.);
#589=FACE_OUTER_BOUND('',#849,.T.);
#590=FACE_OUTER_BOUND('',#850,.T.);
#591=FACE_OUTER_BOUND('',#851,.T.);
#592=FACE_OUTER_BOUND('',#852,.T.);
#593=FACE_OUTER_BOUND('',#853,.T.);
#594=FACE_OUTER_BOUND('',#854,.T.);
#595=FACE_OUTER_BOUND('',#855,.T.);
#596=FACE_OUTER_BOUND('',#856,.T.);
#597=FACE_OUTER_BOUND('',#857,.T.);
#598=FACE_OUTER_BOUND('',#858,.T.);
#599=FACE_OUTER_BOUND('',#859,.T.);
#600=FACE_OUTER_BOUND('',#860,.T.);
#601=FACE_OUTER_BOUND('',#861,.T.);
#602=FACE_OUTER_BOUND('',#862,.T.);
#603=FACE_OUTER_BOUND('',#863,.T.);
#604=FACE_OUTER_BOUND('',#864,.T.);
#605=FACE_OUTER_BOUND('',#865,.T.);
#606=FACE_OUTER_BOUND('',#866,.T.);
#607=FACE_OUTER_BOUND('',#867,.T.);
#608=FACE_OUTER_BOUND('',#868,.T.);
#609=FACE_OUTER_BOUND('',#869,.T.);
#610=FACE_OUTER_BOUND('',#870,.T.);
#611=FACE_OUTER_BOUND('',#871,.T.);
#612=FACE_OUTER_BOUND('',#872,.T.);
#613=FACE_OUTER_BOUND('',#873,.T.);
#614=FACE_OUTER_BOUND('',#874,.T.);
#615=FACE_OUTER_BOUND('',#875,.T.);
#616=FACE_OUTER_BOUND('',#876,.T.);
#617=FACE_OUTER_BOUND('',#877,.T.);
#618=EDGE_LOOP('',(#2819,#2820,#2821,#2822,#2823,#2824,#2825,#2826,#2827,
#2828,#2829,#2830,#2831,#2832,#2833,#2834,#2835,#2836,#2837,#2838,#2839,
#2840,#2841,#2842,#2843,#2844,#2845,#2846,#2847,#2848,#2849,#2850,#2851,
#2852,#2853,#2854,#2855,#2856,#2857,#2858,#2859,#2860,#2861,#2862,#2863,
#2864,#2865,#2866,#2867,#2868,#2869,#2870,#2871,#2872,#2873,#2874,#2875,
#2876,#2877,#2878,#2879,#2880,#2881,#2882,#2883,#2884,#2885,#2886,#2887,
#2888,#2889,#2890,#2891,#2892,#2893,#2894,#2895,#2896,#2897,#2898,#2899,
#2900,#2901,#2902,#2903,#2904,#2905,#2906,#2907,#2908,#2909,#2910,#2911,
#2912,#2913,#2914,#2915,#2916,#2917,#2918,#2919,#2920,#2921,#2922,#2923,
#2924,#2925,#2926,#2927,#2928,#2929,#2930,#2931,#2932,#2933,#2934,#2935,
#2936,#2937,#2938,#2939,#2940,#2941,#2942,#2943,#2944,#2945,#2946,#2947,
#2948,#2949,#2950,#2951,#2952,#2953,#2954,#2955,#2956,#2957,#2958,#2959,
#2960,#2961,#2962));
#619=EDGE_LOOP('',(#2963,#2964,#2965,#2966,#2967,#2968,#2969,#2970,#2971,
#2972,#2973,#2974,#2975,#2976,#2977,#2978,#2979,#2980,#2981,#2982,#2983,
#2984,#2985,#2986,#2987,#2988,#2989,#2990,#2991,#2992,#2993,#2994,#2995,
#2996,#2997,#2998,#2999,#3000,#3001,#3002,#3003,#3004,#3005,#3006,#3007,
#3008,#3009,#3010,#3011,#3012,#3013,#3014,#3015,#3016,#3017,#3018,#3019,
#3020,#3021,#3022,#3023,#3024,#3025,#3026,#3027,#3028,#3029,#3030,#3031,
#3032,#3033,#3034,#3035,#3036,#3037,#3038,#3039,#3040,#3041,#3042,#3043,
#3044,#3045,#3046,#3047,#3048,#3049,#3050,#3051,#3052,#3053,#3054,#3055,
#3056,#3057,#3058,#3059,#3060,#3061,#3062,#3063,#3064,#3065,#3066,#3067,
#3068,#3069,#3070,#3071,#3072,#3073,#3074,#3075,#3076,#3077,#3078,#3079,
#3080,#3081,#3082,#3083,#3084,#3085,#3086,#3087,#3088,#3089,#3090,#3091,
#3092,#3093,#3094,#3095,#3096,#3097,#3098,#3099,#3100,#3101,#3102,#3103,
#3104,#3105,#3106));
#620=EDGE_LOOP('',(#3107));
#621=EDGE_LOOP('',(#3108,#3109,#3110,#3111,#3112,#3113,#3114,#3115));
#622=EDGE_LOOP('',(#3116,#3117,#3118,#3119));
#623=EDGE_LOOP('',(#3120,#3121,#3122,#3123,#3124,#3125));
#624=EDGE_LOOP('',(#3126,#3127,#3128,#3129));
#625=EDGE_LOOP('',(#3130,#3131,#3132,#3133));
#626=EDGE_LOOP('',(#3134,#3135,#3136,#3137));
#627=EDGE_LOOP('',(#3138,#3139,#3140,#3141));
#628=EDGE_LOOP('',(#3142,#3143,#3144,#3145));
#629=EDGE_LOOP('',(#3146,#3147,#3148,#3149));
#630=EDGE_LOOP('',(#3150,#3151,#3152,#3153));
#631=EDGE_LOOP('',(#3154,#3155,#3156,#3157));
#632=EDGE_LOOP('',(#3158,#3159,#3160,#3161));
#633=EDGE_LOOP('',(#3162,#3163,#3164,#3165));
#634=EDGE_LOOP('',(#3166,#3167,#3168,#3169));
#635=EDGE_LOOP('',(#3170,#3171,#3172,#3173));
#636=EDGE_LOOP('',(#3174,#3175,#3176,#3177));
#637=EDGE_LOOP('',(#3178,#3179,#3180,#3181));
#638=EDGE_LOOP('',(#3182,#3183,#3184,#3185));
#639=EDGE_LOOP('',(#3186,#3187,#3188,#3189));
#640=EDGE_LOOP('',(#3190,#3191,#3192,#3193));
#641=EDGE_LOOP('',(#3194,#3195,#3196,#3197));
#642=EDGE_LOOP('',(#3198,#3199,#3200,#3201));
#643=EDGE_LOOP('',(#3202,#3203,#3204,#3205));
#644=EDGE_LOOP('',(#3206,#3207,#3208,#3209));
#645=EDGE_LOOP('',(#3210,#3211,#3212,#3213));
#646=EDGE_LOOP('',(#3214,#3215,#3216,#3217));
#647=EDGE_LOOP('',(#3218,#3219,#3220,#3221));
#648=EDGE_LOOP('',(#3222,#3223,#3224,#3225));
#649=EDGE_LOOP('',(#3226,#3227,#3228,#3229));
#650=EDGE_LOOP('',(#3230,#3231,#3232,#3233));
#651=EDGE_LOOP('',(#3234,#3235,#3236,#3237));
#652=EDGE_LOOP('',(#3238,#3239,#3240,#3241));
#653=EDGE_LOOP('',(#3242,#3243,#3244,#3245));
#654=EDGE_LOOP('',(#3246,#3247,#3248,#3249));
#655=EDGE_LOOP('',(#3250,#3251,#3252,#3253));
#656=EDGE_LOOP('',(#3254,#3255,#3256,#3257));
#657=EDGE_LOOP('',(#3258,#3259,#3260,#3261));
#658=EDGE_LOOP('',(#3262,#3263,#3264));
#659=EDGE_LOOP('',(#3265,#3266,#3267,#3268));
#660=EDGE_LOOP('',(#3269,#3270,#3271,#3272));
#661=EDGE_LOOP('',(#3273,#3274,#3275,#3276));
#662=EDGE_LOOP('',(#3277,#3278,#3279,#3280));
#663=EDGE_LOOP('',(#3281,#3282,#3283,#3284));
#664=EDGE_LOOP('',(#3285,#3286,#3287,#3288));
#665=EDGE_LOOP('',(#3289,#3290,#3291,#3292));
#666=EDGE_LOOP('',(#3293,#3294,#3295,#3296));
#667=EDGE_LOOP('',(#3297,#3298,#3299,#3300));
#668=EDGE_LOOP('',(#3301,#3302,#3303,#3304));
#669=EDGE_LOOP('',(#3305,#3306,#3307,#3308));
#670=EDGE_LOOP('',(#3309,#3310,#3311,#3312));
#671=EDGE_LOOP('',(#3313,#3314,#3315,#3316));
#672=EDGE_LOOP('',(#3317,#3318,#3319,#3320));
#673=EDGE_LOOP('',(#3321,#3322,#3323,#3324));
#674=EDGE_LOOP('',(#3325,#3326,#3327));
#675=EDGE_LOOP('',(#3328,#3329,#3330,#3331));
#676=EDGE_LOOP('',(#3332,#3333,#3334,#3335,#3336));
#677=EDGE_LOOP('',(#3337,#3338,#3339,#3340));
#678=EDGE_LOOP('',(#3341,#3342,#3343,#3344));
#679=EDGE_LOOP('',(#3345,#3346,#3347,#3348));
#680=EDGE_LOOP('',(#3349,#3350,#3351,#3352));
#681=EDGE_LOOP('',(#3353,#3354,#3355,#3356));
#682=EDGE_LOOP('',(#3357,#3358,#3359,#3360));
#683=EDGE_LOOP('',(#3361,#3362,#3363,#3364));
#684=EDGE_LOOP('',(#3365,#3366,#3367,#3368));
#685=EDGE_LOOP('',(#3369,#3370,#3371,#3372));
#686=EDGE_LOOP('',(#3373,#3374,#3375,#3376));
#687=EDGE_LOOP('',(#3377,#3378,#3379,#3380));
#688=EDGE_LOOP('',(#3381,#3382,#3383,#3384));
#689=EDGE_LOOP('',(#3385,#3386,#3387,#3388));
#690=EDGE_LOOP('',(#3389,#3390,#3391,#3392));
#691=EDGE_LOOP('',(#3393,#3394,#3395,#3396));
#692=EDGE_LOOP('',(#3397,#3398,#3399,#3400,#3401));
#693=EDGE_LOOP('',(#3402,#3403,#3404,#3405));
#694=EDGE_LOOP('',(#3406,#3407,#3408,#3409));
#695=EDGE_LOOP('',(#3410,#3411,#3412,#3413));
#696=EDGE_LOOP('',(#3414,#3415,#3416,#3417));
#697=EDGE_LOOP('',(#3418,#3419,#3420,#3421));
#698=EDGE_LOOP('',(#3422,#3423,#3424,#3425));
#699=EDGE_LOOP('',(#3426,#3427,#3428,#3429));
#700=EDGE_LOOP('',(#3430,#3431,#3432,#3433));
#701=EDGE_LOOP('',(#3434,#3435,#3436,#3437));
#702=EDGE_LOOP('',(#3438,#3439,#3440,#3441));
#703=EDGE_LOOP('',(#3442,#3443,#3444,#3445));
#704=EDGE_LOOP('',(#3446,#3447,#3448,#3449));
#705=EDGE_LOOP('',(#3450,#3451,#3452,#3453));
#706=EDGE_LOOP('',(#3454,#3455,#3456,#3457));
#707=EDGE_LOOP('',(#3458,#3459,#3460,#3461));
#708=EDGE_LOOP('',(#3462,#3463,#3464,#3465));
#709=EDGE_LOOP('',(#3466,#3467,#3468,#3469));
#710=EDGE_LOOP('',(#3470,#3471,#3472,#3473,#3474));
#711=EDGE_LOOP('',(#3475,#3476,#3477));
#712=EDGE_LOOP('',(#3478,#3479,#3480,#3481));
#713=EDGE_LOOP('',(#3482,#3483,#3484,#3485));
#714=EDGE_LOOP('',(#3486,#3487,#3488,#3489));
#715=EDGE_LOOP('',(#3490,#3491,#3492,#3493));
#716=EDGE_LOOP('',(#3494,#3495,#3496,#3497));
#717=EDGE_LOOP('',(#3498,#3499,#3500,#3501));
#718=EDGE_LOOP('',(#3502,#3503,#3504,#3505));
#719=EDGE_LOOP('',(#3506,#3507,#3508,#3509));
#720=EDGE_LOOP('',(#3510,#3511,#3512,#3513));
#721=EDGE_LOOP('',(#3514,#3515,#3516,#3517));
#722=EDGE_LOOP('',(#3518,#3519,#3520,#3521));
#723=EDGE_LOOP('',(#3522,#3523,#3524,#3525));
#724=EDGE_LOOP('',(#3526,#3527,#3528,#3529));
#725=EDGE_LOOP('',(#3530,#3531,#3532,#3533));
#726=EDGE_LOOP('',(#3534,#3535,#3536,#3537));
#727=EDGE_LOOP('',(#3538,#3539,#3540));
#728=EDGE_LOOP('',(#3541,#3542,#3543,#3544,#3545));
#729=EDGE_LOOP('',(#3546,#3547,#3548,#3549));
#730=EDGE_LOOP('',(#3550,#3551,#3552,#3553));
#731=EDGE_LOOP('',(#3554,#3555,#3556,#3557));
#732=EDGE_LOOP('',(#3558,#3559,#3560,#3561));
#733=EDGE_LOOP('',(#3562,#3563,#3564,#3565));
#734=EDGE_LOOP('',(#3566,#3567,#3568,#3569));
#735=EDGE_LOOP('',(#3570,#3571,#3572,#3573));
#736=EDGE_LOOP('',(#3574,#3575,#3576,#3577));
#737=EDGE_LOOP('',(#3578,#3579,#3580,#3581));
#738=EDGE_LOOP('',(#3582,#3583,#3584,#3585));
#739=EDGE_LOOP('',(#3586,#3587,#3588,#3589));
#740=EDGE_LOOP('',(#3590,#3591,#3592,#3593));
#741=EDGE_LOOP('',(#3594,#3595,#3596,#3597));
#742=EDGE_LOOP('',(#3598,#3599,#3600,#3601));
#743=EDGE_LOOP('',(#3602,#3603,#3604,#3605));
#744=EDGE_LOOP('',(#3606,#3607,#3608,#3609));
#745=EDGE_LOOP('',(#3610,#3611,#3612,#3613));
#746=EDGE_LOOP('',(#3614,#3615,#3616,#3617));
#747=EDGE_LOOP('',(#3618,#3619,#3620,#3621));
#748=EDGE_LOOP('',(#3622,#3623,#3624,#3625));
#749=EDGE_LOOP('',(#3626,#3627,#3628,#3629));
#750=EDGE_LOOP('',(#3630,#3631,#3632,#3633));
#751=EDGE_LOOP('',(#3634,#3635,#3636,#3637));
#752=EDGE_LOOP('',(#3638,#3639,#3640,#3641));
#753=EDGE_LOOP('',(#3642,#3643,#3644,#3645));
#754=EDGE_LOOP('',(#3646,#3647,#3648,#3649));
#755=EDGE_LOOP('',(#3650,#3651,#3652,#3653));
#756=EDGE_LOOP('',(#3654,#3655,#3656,#3657));
#757=EDGE_LOOP('',(#3658,#3659,#3660,#3661));
#758=EDGE_LOOP('',(#3662,#3663,#3664,#3665));
#759=EDGE_LOOP('',(#3666,#3667,#3668,#3669));
#760=EDGE_LOOP('',(#3670,#3671,#3672,#3673));
#761=EDGE_LOOP('',(#3674,#3675,#3676,#3677));
#762=EDGE_LOOP('',(#3678,#3679,#3680,#3681));
#763=EDGE_LOOP('',(#3682,#3683,#3684,#3685));
#764=EDGE_LOOP('',(#3686,#3687,#3688,#3689));
#765=EDGE_LOOP('',(#3690,#3691,#3692,#3693));
#766=EDGE_LOOP('',(#3694));
#767=EDGE_LOOP('',(#3695,#3696,#3697,#3698));
#768=EDGE_LOOP('',(#3699));
#769=EDGE_LOOP('',(#3700,#3701));
#770=EDGE_LOOP('',(#3702,#3703,#3704,#3705));
#771=EDGE_LOOP('',(#3706,#3707,#3708,#3709));
#772=EDGE_LOOP('',(#3710,#3711,#3712,#3713,#3714,#3715));
#773=EDGE_LOOP('',(#3716,#3717,#3718,#3719,#3720));
#774=EDGE_LOOP('',(#3721,#3722,#3723,#3724));
#775=EDGE_LOOP('',(#3725,#3726,#3727,#3728));
#776=EDGE_LOOP('',(#3729,#3730,#3731,#3732));
#777=EDGE_LOOP('',(#3733,#3734,#3735,#3736));
#778=EDGE_LOOP('',(#3737,#3738,#3739,#3740));
#779=EDGE_LOOP('',(#3741,#3742,#3743,#3744));
#780=EDGE_LOOP('',(#3745,#3746,#3747,#3748));
#781=EDGE_LOOP('',(#3749,#3750,#3751,#3752));
#782=EDGE_LOOP('',(#3753,#3754,#3755,#3756,#3757,#3758,#3759,#3760));
#783=EDGE_LOOP('',(#3761,#3762,#3763,#3764,#3765,#3766,#3767,#3768));
#784=EDGE_LOOP('',(#3769,#3770,#3771,#3772,#3773));
#785=EDGE_LOOP('',(#3774,#3775,#3776,#3777));
#786=EDGE_LOOP('',(#3778));
#787=EDGE_LOOP('',(#3779,#3780,#3781,#3782,#3783));
#788=EDGE_LOOP('',(#3784,#3785,#3786,#3787));
#789=EDGE_LOOP('',(#3788,#3789,#3790,#3791));
#790=EDGE_LOOP('',(#3792,#3793,#3794,#3795));
#791=EDGE_LOOP('',(#3796,#3797,#3798,#3799));
#792=EDGE_LOOP('',(#3800,#3801,#3802,#3803));
#793=EDGE_LOOP('',(#3804,#3805,#3806,#3807));
#794=EDGE_LOOP('',(#3808,#3809,#3810,#3811));
#795=EDGE_LOOP('',(#3812,#3813,#3814,#3815));
#796=EDGE_LOOP('',(#3816,#3817,#3818,#3819));
#797=EDGE_LOOP('',(#3820,#3821,#3822,#3823));
#798=EDGE_LOOP('',(#3824,#3825,#3826,#3827));
#799=EDGE_LOOP('',(#3828,#3829,#3830,#3831));
#800=EDGE_LOOP('',(#3832,#3833,#3834,#3835));
#801=EDGE_LOOP('',(#3836));
#802=EDGE_LOOP('',(#3837,#3838,#3839,#3840));
#803=EDGE_LOOP('',(#3841,#3842,#3843,#3844,#3845));
#804=EDGE_LOOP('',(#3846,#3847,#3848,#3849,#3850,#3851));
#805=EDGE_LOOP('',(#3852,#3853,#3854,#3855,#3856,#3857));
#806=EDGE_LOOP('',(#3858));
#807=EDGE_LOOP('',(#3859,#3860,#3861,#3862,#3863));
#808=EDGE_LOOP('',(#3864,#3865,#3866,#3867,#3868,#3869));
#809=EDGE_LOOP('',(#3870));
#810=EDGE_LOOP('',(#3871,#3872,#3873,#3874));
#811=EDGE_LOOP('',(#3875,#3876,#3877,#3878));
#812=EDGE_LOOP('',(#3879,#3880,#3881,#3882));
#813=EDGE_LOOP('',(#3883,#3884,#3885,#3886));
#814=EDGE_LOOP('',(#3887,#3888,#3889,#3890));
#815=EDGE_LOOP('',(#3891,#3892,#3893,#3894));
#816=EDGE_LOOP('',(#3895,#3896,#3897,#3898));
#817=EDGE_LOOP('',(#3899,#3900,#3901,#3902));
#818=EDGE_LOOP('',(#3903,#3904,#3905,#3906));
#819=EDGE_LOOP('',(#3907,#3908,#3909,#3910));
#820=EDGE_LOOP('',(#3911,#3912,#3913,#3914));
#821=EDGE_LOOP('',(#3915,#3916,#3917,#3918,#3919,#3920,#3921,#3922));
#822=EDGE_LOOP('',(#3923,#3924,#3925,#3926));
#823=EDGE_LOOP('',(#3927,#3928,#3929,#3930));
#824=EDGE_LOOP('',(#3931,#3932,#3933,#3934,#3935));
#825=EDGE_LOOP('',(#3936,#3937,#3938,#3939));
#826=EDGE_LOOP('',(#3940));
#827=EDGE_LOOP('',(#3941,#3942,#3943,#3944));
#828=EDGE_LOOP('',(#3945,#3946,#3947,#3948));
#829=EDGE_LOOP('',(#3949,#3950,#3951,#3952));
#830=EDGE_LOOP('',(#3953,#3954,#3955,#3956));
#831=EDGE_LOOP('',(#3957,#3958,#3959,#3960));
#832=EDGE_LOOP('',(#3961,#3962,#3963,#3964));
#833=EDGE_LOOP('',(#3965,#3966,#3967,#3968));
#834=EDGE_LOOP('',(#3969,#3970,#3971,#3972));
#835=EDGE_LOOP('',(#3973,#3974,#3975,#3976));
#836=EDGE_LOOP('',(#3977,#3978,#3979,#3980));
#837=EDGE_LOOP('',(#3981,#3982,#3983,#3984,#3985,#3986,#3987,#3988));
#838=EDGE_LOOP('',(#3989,#3990,#3991,#3992));
#839=EDGE_LOOP('',(#3993));
#840=EDGE_LOOP('',(#3994,#3995,#3996,#3997));
#841=EDGE_LOOP('',(#3998));
#842=EDGE_LOOP('',(#3999));
#843=EDGE_LOOP('',(#4000));
#844=EDGE_LOOP('',(#4001,#4002,#4003,#4004));
#845=EDGE_LOOP('',(#4005,#4006,#4007,#4008));
#846=EDGE_LOOP('',(#4009,#4010,#4011,#4012));
#847=EDGE_LOOP('',(#4013,#4014,#4015,#4016));
#848=EDGE_LOOP('',(#4017,#4018,#4019,#4020));
#849=EDGE_LOOP('',(#4021,#4022,#4023,#4024));
#850=EDGE_LOOP('',(#4025,#4026,#4027));
#851=EDGE_LOOP('',(#4028,#4029,#4030,#4031,#4032));
#852=EDGE_LOOP('',(#4033,#4034,#4035,#4036));
#853=EDGE_LOOP('',(#4037,#4038,#4039,#4040));
#854=EDGE_LOOP('',(#4041,#4042,#4043,#4044));
#855=EDGE_LOOP('',(#4045,#4046,#4047,#4048));
#856=EDGE_LOOP('',(#4049,#4050,#4051,#4052));
#857=EDGE_LOOP('',(#4053,#4054,#4055,#4056,#4057));
#858=EDGE_LOOP('',(#4058,#4059,#4060,#4061));
#859=EDGE_LOOP('',(#4062,#4063,#4064,#4065));
#860=EDGE_LOOP('',(#4066,#4067,#4068,#4069));
#861=EDGE_LOOP('',(#4070,#4071,#4072,#4073,#4074,#4075));
#862=EDGE_LOOP('',(#4076,#4077,#4078,#4079));
#863=EDGE_LOOP('',(#4080,#4081,#4082,#4083,#4084,#4085,#4086,#4087,#4088,
#4089,#4090,#4091,#4092,#4093,#4094,#4095,#4096,#4097,#4098,#4099));
#864=EDGE_LOOP('',(#4100,#4101,#4102,#4103,#4104,#4105,#4106,#4107,#4108,
#4109,#4110,#4111,#4112,#4113,#4114,#4115,#4116,#4117,#4118,#4119));
#865=EDGE_LOOP('',(#4120,#4121,#4122,#4123));
#866=EDGE_LOOP('',(#4124,#4125,#4126,#4127,#4128,#4129));
#867=EDGE_LOOP('',(#4130,#4131,#4132,#4133,#4134,#4135,#4136,#4137,#4138,
#4139,#4140,#4141,#4142,#4143));
#868=EDGE_LOOP('',(#4144,#4145,#4146,#4147));
#869=EDGE_LOOP('',(#4148,#4149,#4150,#4151));
#870=EDGE_LOOP('',(#4152,#4153,#4154,#4155));
#871=EDGE_LOOP('',(#4156,#4157,#4158,#4159));
#872=EDGE_LOOP('',(#4160,#4161,#4162,#4163));
#873=EDGE_LOOP('',(#4164,#4165,#4166,#4167));
#874=EDGE_LOOP('',(#4168,#4169,#4170,#4171,#4172,#4173,#4174,#4175,#4176,
#4177,#4178,#4179,#4180));
#875=EDGE_LOOP('',(#4181,#4182,#4183,#4184));
#876=EDGE_LOOP('',(#4185,#4186,#4187,#4188));
#877=EDGE_LOOP('',(#4189,#4190,#4191,#4192));
#878=LINE('',#5629,#1114);
#879=LINE('',#5648,#1115);
#880=LINE('',#5667,#1116);
#881=LINE('',#5686,#1117);
#882=LINE('',#5705,#1118);
#883=LINE('',#5724,#1119);
#884=LINE('',#5743,#1120);
#885=LINE('',#5762,#1121);
#886=LINE('',#5781,#1122);
#887=LINE('',#5800,#1123);
#888=LINE('',#5819,#1124);
#889=LINE('',#5838,#1125);
#890=LINE('',#5857,#1126);
#891=LINE('',#5876,#1127);
#892=LINE('',#5895,#1128);
#893=LINE('',#5914,#1129);
#894=LINE('',#5933,#1130);
#895=LINE('',#5952,#1131);
#896=LINE('',#5971,#1132);
#897=LINE('',#5990,#1133);
#898=LINE('',#6009,#1134);
#899=LINE('',#6028,#1135);
#900=LINE('',#6047,#1136);
#901=LINE('',#6066,#1137);
#902=LINE('',#6085,#1138);
#903=LINE('',#6104,#1139);
#904=LINE('',#6123,#1140);
#905=LINE('',#6142,#1141);
#906=LINE('',#6161,#1142);
#907=LINE('',#6180,#1143);
#908=LINE('',#6199,#1144);
#909=LINE('',#6218,#1145);
#910=LINE('',#6237,#1146);
#911=LINE('',#6256,#1147);
#912=LINE('',#6263,#1148);
#913=LINE('',#6265,#1149);
#914=LINE('',#6267,#1150);
#915=LINE('',#6269,#1151);
#916=LINE('',#6271,#1152);
#917=LINE('',#6284,#1153);
#918=LINE('',#6300,#1154);
#919=LINE('',#6316,#1155);
#920=LINE('',#6332,#1156);
#921=LINE('',#6348,#1157);
#922=LINE('',#6364,#1158);
#923=LINE('',#6380,#1159);
#924=LINE('',#6396,#1160);
#925=LINE('',#6412,#1161);
#926=LINE('',#6428,#1162);
#927=LINE('',#6444,#1163);
#928=LINE('',#6460,#1164);
#929=LINE('',#6476,#1165);
#930=LINE('',#6492,#1166);
#931=LINE('',#6508,#1167);
#932=LINE('',#6524,#1168);
#933=LINE('',#6540,#1169);
#934=LINE('',#6556,#1170);
#935=LINE('',#6572,#1171);
#936=LINE('',#6588,#1172);
#937=LINE('',#6604,#1173);
#938=LINE('',#6620,#1174);
#939=LINE('',#6636,#1175);
#940=LINE('',#6652,#1176);
#941=LINE('',#6668,#1177);
#942=LINE('',#6684,#1178);
#943=LINE('',#6700,#1179);
#944=LINE('',#6716,#1180);
#945=LINE('',#6732,#1181);
#946=LINE('',#6748,#1182);
#947=LINE('',#6764,#1183);
#948=LINE('',#6780,#1184);
#949=LINE('',#6796,#1185);
#950=LINE('',#6812,#1186);
#951=LINE('',#6818,#1187);
#952=LINE('',#6833,#1188);
#953=LINE('',#6852,#1189);
#954=LINE('',#6871,#1190);
#955=LINE('',#6890,#1191);
#956=LINE('',#6909,#1192);
#957=LINE('',#6928,#1193);
#958=LINE('',#6947,#1194);
#959=LINE('',#6966,#1195);
#960=LINE('',#6985,#1196);
#961=LINE('',#7004,#1197);
#962=LINE('',#7023,#1198);
#963=LINE('',#7042,#1199);
#964=LINE('',#7061,#1200);
#965=LINE('',#7080,#1201);
#966=LINE('',#7099,#1202);
#967=LINE('',#7118,#1203);
#968=LINE('',#7137,#1204);
#969=LINE('',#7156,#1205);
#970=LINE('',#7175,#1206);
#971=LINE('',#7194,#1207);
#972=LINE('',#7213,#1208);
#973=LINE('',#7232,#1209);
#974=LINE('',#7251,#1210);
#975=LINE('',#7270,#1211);
#976=LINE('',#7289,#1212);
#977=LINE('',#7308,#1213);
#978=LINE('',#7327,#1214);
#979=LINE('',#7346,#1215);
#980=LINE('',#7365,#1216);
#981=LINE('',#7384,#1217);
#982=LINE('',#7403,#1218);
#983=LINE('',#7422,#1219);
#984=LINE('',#7441,#1220);
#985=LINE('',#7460,#1221);
#986=LINE('',#7467,#1222);
#987=LINE('',#7469,#1223);
#988=LINE('',#7471,#1224);
#989=LINE('',#7473,#1225);
#990=LINE('',#7475,#1226);
#991=LINE('',#7488,#1227);
#992=LINE('',#7504,#1228);
#993=LINE('',#7520,#1229);
#994=LINE('',#7536,#1230);
#995=LINE('',#7552,#1231);
#996=LINE('',#7568,#1232);
#997=LINE('',#7584,#1233);
#998=LINE('',#7600,#1234);
#999=LINE('',#7616,#1235);
#1000=LINE('',#7632,#1236);
#1001=LINE('',#7648,#1237);
#1002=LINE('',#7664,#1238);
#1003=LINE('',#7680,#1239);
#1004=LINE('',#7696,#1240);
#1005=LINE('',#7712,#1241);
#1006=LINE('',#7728,#1242);
#1007=LINE('',#7744,#1243);
#1008=LINE('',#7760,#1244);
#1009=LINE('',#7776,#1245);
#1010=LINE('',#7792,#1246);
#1011=LINE('',#7808,#1247);
#1012=LINE('',#7824,#1248);
#1013=LINE('',#7840,#1249);
#1014=LINE('',#7856,#1250);
#1015=LINE('',#7872,#1251);
#1016=LINE('',#7888,#1252);
#1017=LINE('',#7904,#1253);
#1018=LINE('',#7920,#1254);
#1019=LINE('',#7936,#1255);
#1020=LINE('',#7952,#1256);
#1021=LINE('',#7968,#1257);
#1022=LINE('',#7984,#1258);
#1023=LINE('',#8000,#1259);
#1024=LINE('',#8016,#1260);
#1025=LINE('',#8022,#1261);
#1026=LINE('',#11143,#1262);
#1027=LINE('',#11217,#1263);
#1028=LINE('',#11221,#1264);
#1029=LINE('',#11223,#1265);
#1030=LINE('',#11225,#1266);
#1031=LINE('',#11226,#1267);
#1032=LINE('',#11232,#1268);
#1033=LINE('',#11235,#1269);
#1034=LINE('',#11237,#1270);
#1035=LINE('',#11238,#1271);
#1036=LINE('',#11244,#1272);
#1037=LINE('',#11247,#1273);
#1038=LINE('',#11249,#1274);
#1039=LINE('',#11250,#1275);
#1040=LINE('',#11256,#1276);
#1041=LINE('',#11259,#1277);
#1042=LINE('',#11261,#1278);
#1043=LINE('',#11262,#1279);
#1044=LINE('',#11281,#1280);
#1045=LINE('',#11283,#1281);
#1046=LINE('',#11284,#1282);
#1047=LINE('',#11288,#1283);
#1048=LINE('',#11323,#1284);
#1049=LINE('',#11327,#1285);
#1050=LINE('',#11330,#1286);
#1051=LINE('',#11333,#1287);
#1052=LINE('',#11335,#1288);
#1053=LINE('',#11336,#1289);
#1054=LINE('',#11339,#1290);
#1055=LINE('',#11344,#1291);
#1056=LINE('',#11360,#1292);
#1057=LINE('',#11380,#1293);
#1058=LINE('',#11383,#1294);
#1059=LINE('',#11385,#1295);
#1060=LINE('',#11387,#1296);
#1061=LINE('',#11404,#1297);
#1062=LINE('',#11411,#1298);
#1063=LINE('',#11415,#1299);
#1064=LINE('',#11419,#1300);
#1065=LINE('',#11420,#1301);
#1066=LINE('',#11428,#1302);
#1067=LINE('',#11432,#1303);
#1068=LINE('',#11436,#1304);
#1069=LINE('',#11437,#1305);
#1070=LINE('',#11442,#1306);
#1071=LINE('',#11449,#1307);
#1072=LINE('',#11452,#1308);
#1073=LINE('',#11461,#1309);
#1074=LINE('',#11469,#1310);
#1075=LINE('',#11477,#1311);
#1076=LINE('',#11488,#1312);
#1077=LINE('',#11489,#1313);
#1078=LINE('',#11495,#1314);
#1079=LINE('',#11497,#1315);
#1080=LINE('',#11501,#1316);
#1081=LINE('',#11502,#1317);
#1082=LINE('',#11505,#1318);
#1083=LINE('',#11517,#1319);
#1084=LINE('',#11520,#1320);
#1085=LINE('',#11526,#1321);
#1086=LINE('',#11535,#1322);
#1087=LINE('',#11536,#1323);
#1088=LINE('',#11545,#1324);
#1089=LINE('',#11553,#1325);
#1090=LINE('',#11562,#1326);
#1091=LINE('',#11564,#1327);
#1092=LINE('',#11577,#1328);
#1093=LINE('',#11579,#1329);
#1094=LINE('',#11586,#1330);
#1095=LINE('',#11599,#1331);
#1096=LINE('',#11682,#1332);
#1097=LINE('',#11772,#1333);
#1098=LINE('',#11841,#1334);
#1099=LINE('',#11867,#1335);
#1100=LINE('',#11905,#1336);
#1101=LINE('',#11943,#1337);
#1102=LINE('',#11966,#1338);
#1103=LINE('',#11970,#1339);
#1104=LINE('',#11975,#1340);
#1105=LINE('',#11979,#1341);
#1106=LINE('',#11984,#1342);
#1107=LINE('',#11988,#1343);
#1108=LINE('',#11993,#1344);
#1109=LINE('',#11999,#1345);
#1110=LINE('',#12006,#1346);
#1111=LINE('',#12010,#1347);
#1112=LINE('',#12239,#1348);
#1113=LINE('',#12240,#1349);
#1114=VECTOR('',#4792,10.);
#1115=VECTOR('',#4793,10.);
#1116=VECTOR('',#4794,10.);
#1117=VECTOR('',#4795,10.);
#1118=VECTOR('',#4796,10.);
#1119=VECTOR('',#4797,10.);
#1120=VECTOR('',#4798,10.);
#1121=VECTOR('',#4799,10.);
#1122=VECTOR('',#4800,10.);
#1123=VECTOR('',#4801,10.);
#1124=VECTOR('',#4802,10.);
#1125=VECTOR('',#4803,10.);
#1126=VECTOR('',#4804,10.);
#1127=VECTOR('',#4805,10.);
#1128=VECTOR('',#4806,10.);
#1129=VECTOR('',#4807,10.);
#1130=VECTOR('',#4808,10.);
#1131=VECTOR('',#4809,10.);
#1132=VECTOR('',#4810,10.);
#1133=VECTOR('',#4811,10.);
#1134=VECTOR('',#4812,10.);
#1135=VECTOR('',#4813,10.);
#1136=VECTOR('',#4814,10.);
#1137=VECTOR('',#4815,10.);
#1138=VECTOR('',#4816,10.);
#1139=VECTOR('',#4817,10.);
#1140=VECTOR('',#4818,10.);
#1141=VECTOR('',#4819,10.);
#1142=VECTOR('',#4820,10.);
#1143=VECTOR('',#4821,10.);
#1144=VECTOR('',#4822,10.);
#1145=VECTOR('',#4823,10.);
#1146=VECTOR('',#4824,10.);
#1147=VECTOR('',#4825,10.);
#1148=VECTOR('',#4826,10.);
#1149=VECTOR('',#4827,10.);
#1150=VECTOR('',#4828,10.);
#1151=VECTOR('',#4829,10.);
#1152=VECTOR('',#4830,10.);
#1153=VECTOR('',#4831,10.);
#1154=VECTOR('',#4832,10.);
#1155=VECTOR('',#4833,10.);
#1156=VECTOR('',#4834,10.);
#1157=VECTOR('',#4835,10.);
#1158=VECTOR('',#4836,10.);
#1159=VECTOR('',#4837,10.);
#1160=VECTOR('',#4838,10.);
#1161=VECTOR('',#4839,10.);
#1162=VECTOR('',#4840,10.);
#1163=VECTOR('',#4841,10.);
#1164=VECTOR('',#4842,10.);
#1165=VECTOR('',#4843,10.);
#1166=VECTOR('',#4844,10.);
#1167=VECTOR('',#4845,10.);
#1168=VECTOR('',#4846,10.);
#1169=VECTOR('',#4847,10.);
#1170=VECTOR('',#4848,10.);
#1171=VECTOR('',#4849,10.);
#1172=VECTOR('',#4850,10.);
#1173=VECTOR('',#4851,10.);
#1174=VECTOR('',#4852,10.);
#1175=VECTOR('',#4853,10.);
#1176=VECTOR('',#4854,10.);
#1177=VECTOR('',#4855,10.);
#1178=VECTOR('',#4856,10.);
#1179=VECTOR('',#4857,10.);
#1180=VECTOR('',#4858,10.);
#1181=VECTOR('',#4859,10.);
#1182=VECTOR('',#4860,10.);
#1183=VECTOR('',#4861,10.);
#1184=VECTOR('',#4862,10.);
#1185=VECTOR('',#4863,10.);
#1186=VECTOR('',#4864,10.);
#1187=VECTOR('',#4865,10.);
#1188=VECTOR('',#4868,10.);
#1189=VECTOR('',#4869,10.);
#1190=VECTOR('',#4870,10.);
#1191=VECTOR('',#4871,10.);
#1192=VECTOR('',#4872,10.);
#1193=VECTOR('',#4873,10.);
#1194=VECTOR('',#4874,10.);
#1195=VECTOR('',#4875,10.);
#1196=VECTOR('',#4876,10.);
#1197=VECTOR('',#4877,10.);
#1198=VECTOR('',#4878,10.);
#1199=VECTOR('',#4879,10.);
#1200=VECTOR('',#4880,10.);
#1201=VECTOR('',#4881,10.);
#1202=VECTOR('',#4882,10.);
#1203=VECTOR('',#4883,10.);
#1204=VECTOR('',#4884,10.);
#1205=VECTOR('',#4885,10.);
#1206=VECTOR('',#4886,10.);
#1207=VECTOR('',#4887,10.);
#1208=VECTOR('',#4888,10.);
#1209=VECTOR('',#4889,10.);
#1210=VECTOR('',#4890,10.);
#1211=VECTOR('',#4891,10.);
#1212=VECTOR('',#4892,10.);
#1213=VECTOR('',#4893,10.);
#1214=VECTOR('',#4894,10.);
#1215=VECTOR('',#4895,10.);
#1216=VECTOR('',#4896,10.);
#1217=VECTOR('',#4897,10.);
#1218=VECTOR('',#4898,10.);
#1219=VECTOR('',#4899,10.);
#1220=VECTOR('',#4900,10.);
#1221=VECTOR('',#4901,10.);
#1222=VECTOR('',#4902,10.);
#1223=VECTOR('',#4903,10.);
#1224=VECTOR('',#4904,10.);
#1225=VECTOR('',#4905,10.);
#1226=VECTOR('',#4906,10.);
#1227=VECTOR('',#4907,10.);
#1228=VECTOR('',#4908,10.);
#1229=VECTOR('',#4909,10.);
#1230=VECTOR('',#4910,10.);
#1231=VECTOR('',#4911,10.);
#1232=VECTOR('',#4912,10.);
#1233=VECTOR('',#4913,10.);
#1234=VECTOR('',#4914,10.);
#1235=VECTOR('',#4915,10.);
#1236=VECTOR('',#4916,10.);
#1237=VECTOR('',#4917,10.);
#1238=VECTOR('',#4918,10.);
#1239=VECTOR('',#4919,10.);
#1240=VECTOR('',#4920,10.);
#1241=VECTOR('',#4921,10.);
#1242=VECTOR('',#4922,10.);
#1243=VECTOR('',#4923,10.);
#1244=VECTOR('',#4924,10.);
#1245=VECTOR('',#4925,10.);
#1246=VECTOR('',#4926,10.);
#1247=VECTOR('',#4927,10.);
#1248=VECTOR('',#4928,10.);
#1249=VECTOR('',#4929,10.);
#1250=VECTOR('',#4930,10.);
#1251=VECTOR('',#4931,10.);
#1252=VECTOR('',#4932,10.);
#1253=VECTOR('',#4933,10.);
#1254=VECTOR('',#4934,10.);
#1255=VECTOR('',#4935,10.);
#1256=VECTOR('',#4936,10.);
#1257=VECTOR('',#4937,10.);
#1258=VECTOR('',#4938,10.);
#1259=VECTOR('',#4939,10.);
#1260=VECTOR('',#4940,10.);
#1261=VECTOR('',#4941,10.);
#1262=VECTOR('',#5112,6.91);
#1263=VECTOR('',#5123,3.01);
#1264=VECTOR('',#5126,10.);
#1265=VECTOR('',#5127,10.);
#1266=VECTOR('',#5128,10.);
#1267=VECTOR('',#5129,10.);
#1268=VECTOR('',#5136,10.);
#1269=VECTOR('',#5139,10.);
#1270=VECTOR('',#5140,10.);
#1271=VECTOR('',#5141,10.);
#1272=VECTOR('',#5148,10.);
#1273=VECTOR('',#5151,10.);
#1274=VECTOR('',#5152,10.);
#1275=VECTOR('',#5153,10.);
#1276=VECTOR('',#5160,10.);
#1277=VECTOR('',#5163,10.);
#1278=VECTOR('',#5164,10.);
#1279=VECTOR('',#5165,10.);
#1280=VECTOR('',#5190,10.);
#1281=VECTOR('',#5191,10.);
#1282=VECTOR('',#5192,10.);
#1283=VECTOR('',#5197,0.749999999999991);
#1284=VECTOR('',#5204,10.);
#1285=VECTOR('',#5209,10.);
#1286=VECTOR('',#5214,10.);
#1287=VECTOR('',#5217,10.);
#1288=VECTOR('',#5218,10.);
#1289=VECTOR('',#5219,10.);
#1290=VECTOR('',#5222,10.);
#1291=VECTOR('',#5227,10.);
#1292=VECTOR('',#5228,10.);
#1293=VECTOR('',#5237,10.);
#1294=VECTOR('',#5240,10.);
#1295=VECTOR('',#5243,10.);
#1296=VECTOR('',#5246,10.);
#1297=VECTOR('',#5269,0.75);
#1298=VECTOR('',#5276,10.);
#1299=VECTOR('',#5279,10.);
#1300=VECTOR('',#5282,10.);
#1301=VECTOR('',#5283,10.);
#1302=VECTOR('',#5292,10.);
#1303=VECTOR('',#5295,10.);
#1304=VECTOR('',#5298,10.);
#1305=VECTOR('',#5299,10.);
#1306=VECTOR('',#5304,1.50000005960464);
#1307=VECTOR('',#5311,10.);
#1308=VECTOR('',#5314,10.);
#1309=VECTOR('',#5327,10.);
#1310=VECTOR('',#5338,10.);
#1311=VECTOR('',#5349,10.);
#1312=VECTOR('',#5362,10.);
#1313=VECTOR('',#5363,10.);
#1314=VECTOR('',#5372,10.);
#1315=VECTOR('',#5373,10.);
#1316=VECTOR('',#5376,10.);
#1317=VECTOR('',#5377,10.);
#1318=VECTOR('',#5380,10.);
#1319=VECTOR('',#5395,0.500000044703484);
#1320=VECTOR('',#5400,10.);
#1321=VECTOR('',#5407,10.);
#1322=VECTOR('',#5418,10.);
#1323=VECTOR('',#5419,10.);
#1324=VECTOR('',#5432,10.);
#1325=VECTOR('',#5443,10.);
#1326=VECTOR('',#5460,10.);
#1327=VECTOR('',#5463,10.);
#1328=VECTOR('',#5482,10.);
#1329=VECTOR('',#5485,10.);
#1330=VECTOR('',#5494,5.5);
#1331=VECTOR('',#5499,5.5);
#1332=VECTOR('',#5504,5.5);
#1333=VECTOR('',#5507,5.5);
#1334=VECTOR('',#5512,6.04805);
#1335=VECTOR('',#5517,6.04805);
#1336=VECTOR('',#5520,6.04805);
#1337=VECTOR('',#5523,6.04805);
#1338=VECTOR('',#5530,10.);
#1339=VECTOR('',#5533,10.);
#1340=VECTOR('',#5538,10.);
#1341=VECTOR('',#5541,10.);
#1342=VECTOR('',#5546,10.);
#1343=VECTOR('',#5549,10.);
#1344=VECTOR('',#5554,10.);
#1345=VECTOR('',#5559,10.);
#1346=VECTOR('',#5566,10.);
#1347=VECTOR('',#5569,10.);
#1348=VECTOR('',#5592,10.);
#1349=VECTOR('',#5593,10.);
#1350=B_SPLINE_CURVE_WITH_KNOTS('',3,(#5618,#5619,#5620,#5621,#5622,#5623,
#5624,#5625,#5626,#5627),.UNSPECIFIED.,.F.,.F.,(4,3,3,4),(-0.0729475621968526,
-0.0412098852418304,-0.0390849715574994,-0.0209768338523027),
 .UNSPECIFIED.);
#1351=B_SPLINE_CURVE_WITH_KNOTS('',3,(#5631,#5632,#5633,#5634,#5635,#5636,
#5637,#5638,#5639,#5640,#5641,#5642,#5643,#5644,#5645,#5646),
 .UNSPECIFIED.,.F.,.F.,(4,3,3,3,3,4),(-0.0725404306447896,-0.0412734651721695,
-0.0347782503292137,-0.00288700211123242,-0.000570046276408768,0.),
 .UNSPECIFIED.);
#1352=B_SPLINE_CURVE_WITH_KNOTS('',3,(#5650,#5651,#5652,#5653,#5654,#5655,
#5656,#5657,#5658,#5659,#5660,#5661,#5662,#5663,#5664,#5665),
 .UNSPECIFIED.,.F.,.F.,(4,3,3,3,3,4),(-0.0729475622125391,-0.0411583443748779,
-0.0390849715658724,-0.00790604519932665,-0.000555895726488534,0.),
 .UNSPECIFIED.);
#1353=B_SPLINE_CURVE_WITH_KNOTS('',3,(#5669,#5670,#5671,#5672,#5673,#5674,
#5675,#5676,#5677,#5678,#5679,#5680,#5681,#5682,#5683,#5684),
 .UNSPECIFIED.,.F.,.F.,(4,3,3,3,3,4),(-0.0725404291983153,-0.0412734783474455,
-0.0347782496376746,-0.0028869713987329,-0.000570046268803993,0.),
 .UNSPECIFIED.);
#1354=B_SPLINE_CURVE_WITH_KNOTS('',3,(#5688,#5689,#5690,#5691,#5692,#5693,
#5694,#5695,#5696,#5697,#5698,#5699,#5700,#5701,#5702,#5703),
 .UNSPECIFIED.,.F.,.F.,(4,3,3,3,3,4),(-0.0729475611449328,-0.0411582933932977,
-0.0390849709963582,-0.00790603303612018,-0.000555895723766732,0.),
 .UNSPECIFIED.);
#1355=B_SPLINE_CURVE_WITH_KNOTS('',3,(#5707,#5708,#5709,#5710,#5711,#5712,
#5713,#5714,#5715,#5716,#5717,#5718,#5719,#5720,#5721,#5722),
 .UNSPECIFIED.,.F.,.F.,(4,3,3,3,3,4),(-0.0725404292765212,-0.0412734935177287,
-0.0347782496749574,-0.00288694371812874,-0.000570046269214863,0.),
 .UNSPECIFIED.);
#1356=B_SPLINE_CURVE_WITH_KNOTS('',3,(#5726,#5727,#5728,#5729,#5730,#5731,
#5732,#5733,#5734,#5735,#5736,#5737,#5738,#5739,#5740,#5741),
 .UNSPECIFIED.,.F.,.F.,(4,3,3,3,3,4),(-0.0729475602315206,-0.04115824597592,
-0.0390849705090875,-0.0079060229128645,-0.000555895721438168,0.),
 .UNSPECIFIED.);
#1357=B_SPLINE_CURVE_WITH_KNOTS('',3,(#5745,#5746,#5747,#5748,#5749,#5750,
#5751,#5752,#5753,#5754,#5755,#5756,#5757,#5758,#5759,#5760),
 .UNSPECIFIED.,.F.,.F.,(4,3,3,3,3,4),(-0.0725404277140343,-0.0412735088036854,
-0.0347782489280566,-0.00288691861905695,-0.000570046261002661,0.),
 .UNSPECIFIED.);
#1358=B_SPLINE_CURVE_WITH_KNOTS('',3,(#5764,#5765,#5766,#5767,#5768,#5769,
#5770,#5771,#5772,#5773,#5774,#5775,#5776,#5777,#5778,#5779),
 .UNSPECIFIED.,.F.,.F.,(4,3,3,3,3,4),(-0.0729475611428449,-0.041158202822887,
-0.0390849709952037,-0.0079060148406603,-0.000555895723761044,0.),
 .UNSPECIFIED.);
#1359=B_SPLINE_CURVE_WITH_KNOTS('',3,(#5783,#5784,#5785,#5786,#5787,#5788,
#5789,#5790,#5791,#5792,#5793,#5794,#5795,#5796,#5797,#5798),
 .UNSPECIFIED.,.F.,.F.,(4,3,3,3,3,4),(-0.0725404279774658,-0.041273526047936,
-0.0347782490540694,-0.00288689606830057,-0.00057004626238804,0.),
 .UNSPECIFIED.);
#1360=B_SPLINE_CURVE_WITH_KNOTS('',3,(#5802,#5803,#5804,#5805,#5806,#5807,
#5808,#5809,#5810,#5811,#5812,#5813,#5814,#5815,#5816,#5817),
 .UNSPECIFIED.,.F.,.F.,(4,3,3,3,3,4),(-0.0729475611429329,-0.0411581621470086,
-0.0390849709953081,-0.007906008375599,-0.000555895723761514,0.),
 .UNSPECIFIED.);
#1361=B_SPLINE_CURVE_WITH_KNOTS('',3,(#5821,#5822,#5823,#5824,#5825,#5826,
#5827,#5828,#5829,#5830,#5831,#5832,#5833,#5834,#5835,#5836),
 .UNSPECIFIED.,.F.,.F.,(4,3,3,3,3,4),(-0.072540427675448,-0.0412735437846552,
-0.0347782489096069,-0.00288687575972758,-0.000570046260800175,0.),
 .UNSPECIFIED.);
#1362=B_SPLINE_CURVE_WITH_KNOTS('',3,(#5840,#5841,#5842,#5843,#5844,#5845,
#5846,#5847,#5848,#5849,#5850,#5851,#5852,#5853,#5854,#5855),
 .UNSPECIFIED.,.F.,.F.,(4,3,3,3,3,4),(-0.0729475630959819,-0.0411581253917141,
-0.0390849720371802,-0.00790600370317454,-0.000555895728740705,0.),
 .UNSPECIFIED.);
#1363=B_SPLINE_CURVE_WITH_KNOTS('',3,(#5859,#5860,#5861,#5862,#5863,#5864,
#5865,#5866,#5867,#5868,#5869,#5870,#5871,#5872,#5873,#5874),
 .UNSPECIFIED.,.F.,.F.,(4,3,3,3,3,4),(-0.0725404279774073,-0.0412735626306536,
-0.0347782490540876,-0.00288685763832482,-0.000570046262386076,0.),
 .UNSPECIFIED.);
#1364=B_SPLINE_CURVE_WITH_KNOTS('',3,(#5878,#5879,#5880,#5881,#5882,#5883,
#5884,#5885,#5886,#5887,#5888,#5889,#5890,#5891,#5892,#5893),
 .UNSPECIFIED.,.F.,.F.,(4,3,3,3,3,4),(-0.0729475610020338,-0.0411580889748636,
-0.0390849709201466,-0.00790600008254285,-0.000555895723402038,0.),
 .UNSPECIFIED.);
#1365=B_SPLINE_CURVE_WITH_KNOTS('',3,(#5897,#5898,#5899,#5900,#5901,#5902,
#5903,#5904,#5905,#5906,#5907,#5908,#5909,#5910,#5911,#5912),
 .UNSPECIFIED.,.F.,.F.,(4,3,3,3,3,4),(-0.072540427977454,-0.0412735819464353,
-0.0347782490540359,-0.0028868414318548,-0.000570046262385287,0.),
 .UNSPECIFIED.);
#1366=B_SPLINE_CURVE_WITH_KNOTS('',3,(#5916,#5917,#5918,#5919,#5920,#5921,
#5922,#5923,#5924,#5925,#5926,#5927,#5928,#5929,#5930,#5931),
 .UNSPECIFIED.,.F.,.F.,(4,3,3,3,3,4),(-0.0729475610075767,-0.0411580561759824,
-0.0390849709230821,-0.00790599803330002,-0.000555895723416037,0.),
 .UNSPECIFIED.);
#1367=B_SPLINE_CURVE_WITH_KNOTS('',3,(#5935,#5936,#5937,#5938,#5939,#5940,
#5941,#5942,#5943,#5944,#5945,#5946,#5947,#5948,#5949,#5950),
 .UNSPECIFIED.,.F.,.F.,(4,3,3,3,3,4),(-0.072540424826906,-0.041273600057327,
-0.0347782475476375,-0.00288682697083001,-0.000570046245819708,0.),
 .UNSPECIFIED.);
#1368=B_SPLINE_CURVE_WITH_KNOTS('',3,(#5954,#5955,#5956,#5957,#5958,#5959,
#5960,#5961,#5962,#5963,#5964,#5965,#5966,#5967,#5968,#5969),
 .UNSPECIFIED.,.F.,.F.,(4,3,3,3,3,4),(-0.0729475591852266,-0.0411580246415247,
-0.0390849699510342,-0.00790599700911659,-0.000555895718771508,0.),
 .UNSPECIFIED.);
#1369=B_SPLINE_CURVE_WITH_KNOTS('',3,(#5973,#5974,#5975,#5976,#5977,#5978,
#5979,#5980,#5981,#5982,#5983,#5984,#5985,#5986,#5987,#5988),
 .UNSPECIFIED.,.F.,.F.,(4,3,3,3,3,4),(-0.0725404193239028,-0.0412736173730736,
-0.0347782449169965,-0.00288681418313817,-0.000570046216904972,0.),
 .UNSPECIFIED.);
#1370=B_SPLINE_CURVE_WITH_KNOTS('',3,(#5992,#5993,#5994,#5995,#5996,#5997,
#5998,#5999,#6000,#6001,#6002,#6003,#6004,#6005,#6006,#6007),
 .UNSPECIFIED.,.F.,.F.,(4,3,3,3,3,4),(-0.0729475591801497,-0.0411579962276141,
-0.0390849699483449,-0.00790599732661179,-0.000555895718758687,0.),
 .UNSPECIFIED.);
#1371=B_SPLINE_CURVE_WITH_KNOTS('',3,(#6011,#6012,#6013,#6014,#6015,#6016,
#6017,#6018,#6019,#6020,#6021,#6022,#6023,#6024,#6025,#6026),
 .UNSPECIFIED.,.F.,.F.,(4,3,3,3,3,4),(-0.0725404305604959,-0.0412736446862543,
-0.034778250289053,-0.00288680353197081,-0.000570046275972253,0.),
 .UNSPECIFIED.);
#1372=B_SPLINE_CURVE_WITH_KNOTS('',3,(#6030,#6031,#6032,#6033,#6034,#6035,
#6036,#6037,#6038,#6039,#6040,#6041,#6042,#6043,#6044,#6045),
 .UNSPECIFIED.,.F.,.F.,(4,3,3,3,3,4),(-0.0729475591751422,-0.0411579698475756,
-0.0390849699455708,-0.00790599870074665,-0.000555895718745434,0.),
 .UNSPECIFIED.);
#1373=B_SPLINE_CURVE_WITH_KNOTS('',3,(#6049,#6050,#6051,#6052,#6053,#6054,
#6055,#6056,#6057,#6058,#6059,#6060,#6061,#6062,#6063,#6064),
 .UNSPECIFIED.,.F.,.F.,(4,3,3,3,3,4),(-0.0725404305669998,-0.0412736660219638,
-0.0347782502920709,-0.00288679388475879,-0.000570046276000417,0.),
 .UNSPECIFIED.);
#1374=B_SPLINE_CURVE_WITH_KNOTS('',3,(#6068,#6069,#6070,#6071,#6072,#6073,
#6074,#6075,#6076,#6077,#6078,#6079,#6080,#6081,#6082,#6083),
 .UNSPECIFIED.,.F.,.F.,(4,3,3,3,3,4),(-0.0729475591713873,-0.0411579452899462,
-0.0390849699432119,-0.00790600108758259,-0.00055589571873274,0.),
 .UNSPECIFIED.);
#1375=B_SPLINE_CURVE_WITH_KNOTS('',3,(#6087,#6088,#6089,#6090,#6091,#6092,
#6093,#6094,#6095,#6096,#6097,#6098,#6099,#6100,#6101,#6102),
 .UNSPECIFIED.,.F.,.F.,(4,3,3,3,3,4),(-0.0725404360558317,-0.0412736908512392,
-0.0347782529162656,-0.00288678578960118,-0.00057004630485447,0.),
 .UNSPECIFIED.);
#1376=B_SPLINE_CURVE_WITH_KNOTS('',3,(#6106,#6107,#6108,#6109,#6110,#6111,
#6112,#6113,#6114,#6115,#6116,#6117,#6118,#6119,#6120,#6121),
 .UNSPECIFIED.,.F.,.F.,(4,3,3,3,3,4),(-0.0729475591859699,-0.0411579224280402,
-0.0390849699514276,-0.00790600431275515,-0.00055589571877334,0.),
 .UNSPECIFIED.);
#1377=B_SPLINE_CURVE_WITH_KNOTS('',3,(#6125,#6126,#6127,#6128,#6129,#6130,
#6131,#6132,#6133,#6134,#6135,#6136,#6137,#6138,#6139,#6140),
 .UNSPECIFIED.,.F.,.F.,(4,3,3,3,3,4),(-0.0725404196266618,-0.0412737035418338,
-0.0347782450618856,-0.00288677821281064,-0.000570046218488489,0.),
 .UNSPECIFIED.);
#1378=B_SPLINE_CURVE_WITH_KNOTS('',3,(#6144,#6145,#6146,#6147,#6148,#6149,
#6150,#6151,#6152,#6153,#6154,#6155,#6156,#6157,#6158,#6159),
 .UNSPECIFIED.,.F.,.F.,(4,3,3,3,3,4),(-0.0729475591963228,-0.0411579012399469,
-0.0390849699569711,-0.00790600837046596,-0.000555895718799913,0.),
 .UNSPECIFIED.);
#1379=B_SPLINE_CURVE_WITH_KNOTS('',3,(#6163,#6164,#6165,#6166,#6167,#6168,
#6169,#6170,#6171,#6172,#6173,#6174,#6175,#6176,#6177,#6178),
 .UNSPECIFIED.,.F.,.F.,(4,3,3,3,3,4),(-0.0725404251148758,-0.0412737289592174,
-0.0347782476857252,-0.00288677265684487,-0.000570046247342921,0.),
 .UNSPECIFIED.);
#1380=B_SPLINE_CURVE_WITH_KNOTS('',3,(#6182,#6183,#6184,#6185,#6186,#6187,
#6188,#6189,#6190,#6191,#6192,#6193,#6194,#6195,#6196,#6197),
 .UNSPECIFIED.,.F.,.F.,(4,3,3,3,3,4),(-0.072947555547073,-0.0411578796157837,
-0.0390849680101707,-0.00790601287881322,-0.000555895709497226,0.),
 .UNSPECIFIED.);
#1381=B_SPLINE_CURVE_WITH_KNOTS('',3,(#6201,#6202,#6203,#6204,#6205,#6206,
#6207,#6208,#6209,#6210,#6211,#6212,#6213,#6214,#6215,#6216),
 .UNSPECIFIED.,.F.,.F.,(4,3,3,3,3,4),(-0.0725404306036817,-0.0412737545920612,
-0.0347782503095465,-0.00288676814569302,-0.000570046276197281,0.),
 .UNSPECIFIED.);
#1382=B_SPLINE_CURVE_WITH_KNOTS('',3,(#6220,#6221,#6222,#6223,#6224,#6225,
#6226,#6227,#6228,#6229,#6230,#6231,#6232,#6233,#6234,#6235),
 .UNSPECIFIED.,.F.,.F.,(4,3,3,3,3,4),(-0.0729475591710571,-0.0411578634266874,
-0.0390849699433079,-0.00790601882518766,-0.000555895718734752,0.),
 .UNSPECIFIED.);
#1383=B_SPLINE_CURVE_WITH_KNOTS('',3,(#6239,#6240,#6241,#6242,#6243,#6244,
#6245,#6246,#6247,#6248,#6249,#6250,#6251,#6252,#6253,#6254),
 .UNSPECIFIED.,.F.,.F.,(4,3,3,3,3,4),(-0.0725404305724064,-0.0412631756093764,
-0.0347782502947282,-0.00287777115693313,-0.000570046276024984,0.),
 .UNSPECIFIED.);
#1384=B_SPLINE_CURVE_WITH_KNOTS('',3,(#6258,#6259,#6260,#6261),
 .UNSPECIFIED.,.F.,.F.,(4,4),(-0.020976831885625,0.),.UNSPECIFIED.);
#1385=B_SPLINE_CURVE_WITH_KNOTS('',3,(#6273,#6274,#6275,#6276,#6277,#6278,
#6279,#6280,#6281,#6282),.UNSPECIFIED.,.F.,.F.,(4,3,3,4),(-0.072540390919165,
-0.0412700411736421,-0.0341487891576147,-0.0225862003372862),
 .UNSPECIFIED.);
#1386=B_SPLINE_CURVE_WITH_KNOTS('',3,(#6286,#6287,#6288,#6289,#6290,#6291,
#6292,#6293,#6294,#6295,#6296,#6297,#6298),.UNSPECIFIED.,.F.,.F.,(4,3,3,
3,4),(-0.0729475791694493,-0.0411635726491939,-0.0386005779080403,-0.00742825094370194,
0.),.UNSPECIFIED.);
#1387=B_SPLINE_CURVE_WITH_KNOTS('',3,(#6302,#6303,#6304,#6305,#6306,#6307,
#6308,#6309,#6310,#6311,#6312,#6313,#6314),.UNSPECIFIED.,.F.,.F.,(4,3,3,
3,4),(-0.0725403909183498,-0.041270018637255,-0.0341487891571865,-0.00224452800978543,
0.),.UNSPECIFIED.);
#1388=B_SPLINE_CURVE_WITH_KNOTS('',3,(#6318,#6319,#6320,#6321,#6322,#6323,
#6324,#6325,#6326,#6327,#6328,#6329,#6330),.UNSPECIFIED.,.F.,.F.,(4,3,3,
3,4),(-0.0729475791695178,-0.0411635912733247,-0.0386005779080542,-0.00742824524893659,
0.),.UNSPECIFIED.);
#1389=B_SPLINE_CURVE_WITH_KNOTS('',3,(#6334,#6335,#6336,#6337,#6338,#6339,
#6340,#6341,#6342,#6343,#6344,#6345,#6346),.UNSPECIFIED.,.F.,.F.,(4,3,3,
3,4),(-0.0725403909211441,-0.0412699963533911,-0.0341487891585165,-0.00224453262700457,
0.),.UNSPECIFIED.);
#1390=B_SPLINE_CURVE_WITH_KNOTS('',3,(#6350,#6351,#6352,#6353,#6354,#6355,
#6356,#6357,#6358,#6359,#6360,#6361,#6362),.UNSPECIFIED.,.F.,.F.,(4,3,3,
3,4),(-0.0729475791691505,-0.0411636113986817,-0.0386005779079111,-0.00742824025786665,
0.),.UNSPECIFIED.);
#1391=B_SPLINE_CURVE_WITH_KNOTS('',3,(#6366,#6367,#6368,#6369,#6370,#6371,
#6372,#6373,#6374,#6375,#6376,#6377,#6378),.UNSPECIFIED.,.F.,.F.,(4,3,3,
3,4),(-0.0725403909200568,-0.0412699742764013,-0.0341487891580904,-0.00224453847557828,
0.),.UNSPECIFIED.);
#1392=B_SPLINE_CURVE_WITH_KNOTS('',3,(#6382,#6383,#6384,#6385,#6386,#6387,
#6388,#6389,#6390,#6391,#6392,#6393,#6394),.UNSPECIFIED.,.F.,.F.,(4,3,3,
3,4),(-0.072947579169615,-0.0411636330465431,-0.0386005779080298,-0.00742823607763963,
0.),.UNSPECIFIED.);
#1393=B_SPLINE_CURVE_WITH_KNOTS('',3,(#6398,#6399,#6400,#6401,#6402,#6403,
#6404,#6405,#6406,#6407,#6408,#6409,#6410),.UNSPECIFIED.,.F.,.F.,(4,3,3,
3,4),(-0.0725403909182407,-0.0412699524496945,-0.0341487891571562,-0.00224454552965518,
0.),.UNSPECIFIED.);
#1394=B_SPLINE_CURVE_WITH_KNOTS('',3,(#6414,#6415,#6416,#6417,#6418,#6419,
#6420,#6421,#6422,#6423,#6424,#6425,#6426),.UNSPECIFIED.,.F.,.F.,(4,3,3,
3,4),(-0.0729475791693714,-0.0411636562852862,-0.0386005779080684,-0.00742823273280457,
0.),.UNSPECIFIED.);
#1395=B_SPLINE_CURVE_WITH_KNOTS('',3,(#6430,#6431,#6432,#6433,#6434,#6435,
#6436,#6437,#6438,#6439,#6440,#6441,#6442),.UNSPECIFIED.,.F.,.F.,(4,3,3,
3,4),(-0.0725403909195328,-0.0412699309692545,-0.0341487891576401,-0.00224455371902597,
0.),.UNSPECIFIED.);
#1396=B_SPLINE_CURVE_WITH_KNOTS('',3,(#6446,#6447,#6448,#6449,#6450,#6451,
#6452,#6453,#6454,#6455,#6456,#6457,#6458),.UNSPECIFIED.,.F.,.F.,(4,3,3,
3,4),(-0.0729475791695245,-0.0411636814199508,-0.0386005779080554,-0.00742823029840434,
0.),.UNSPECIFIED.);
#1397=B_SPLINE_CURVE_WITH_KNOTS('',3,(#6462,#6463,#6464,#6465,#6466,#6467,
#6468,#6469,#6470,#6471,#6472,#6473,#6474),.UNSPECIFIED.,.F.,.F.,(4,3,3,
3,4),(-0.0725403909212707,-0.0412699098826107,-0.0341487891585662,-0.00224456321440258,
0.),.UNSPECIFIED.);
#1398=B_SPLINE_CURVE_WITH_KNOTS('',3,(#6478,#6479,#6480,#6481,#6482,#6483,
#6484,#6485,#6486,#6487,#6488,#6489,#6490),.UNSPECIFIED.,.F.,.F.,(4,3,3,
3,4),(-0.0729475791687284,-0.0411637084891257,-0.0386005779077572,-0.00742822882243581,
0.),.UNSPECIFIED.);
#1399=B_SPLINE_CURVE_WITH_KNOTS('',3,(#6494,#6495,#6496,#6497,#6498,#6499,
#6500,#6501,#6502,#6503,#6504,#6505,#6506),.UNSPECIFIED.,.F.,.F.,(4,3,3,
3,4),(-0.0725403909184069,-0.0412698891411758,-0.0341487891572098,-0.0022445743400446,
0.),.UNSPECIFIED.);
#1400=B_SPLINE_CURVE_WITH_KNOTS('',3,(#6510,#6511,#6512,#6513,#6514,#6515,
#6516,#6517,#6518,#6519,#6520,#6521,#6522),.UNSPECIFIED.,.F.,.F.,(4,3,3,
3,4),(-0.0729475791696343,-0.0411637374765579,-0.0386005779080313,-0.00742822848554665,
0.),.UNSPECIFIED.);
#1401=B_SPLINE_CURVE_WITH_KNOTS('',3,(#6526,#6527,#6528,#6529,#6530,#6531,
#6532,#6533,#6534,#6535,#6536,#6537,#6538),.UNSPECIFIED.,.F.,.F.,(4,3,3,
3,4),(-0.072540390919995,-0.041269868880517,-0.0341487891576919,-0.00224458686682039,
0.),.UNSPECIFIED.);
#1402=B_SPLINE_CURVE_WITH_KNOTS('',3,(#6542,#6543,#6544,#6545,#6546,#6547,
#6548,#6549,#6550,#6551,#6552,#6553,#6554),.UNSPECIFIED.,.F.,.F.,(4,3,3,
3,4),(-0.0729475791696067,-0.0411637686396642,-0.0386005779080697,-0.00742822928400278,
0.),.UNSPECIFIED.);
#1403=B_SPLINE_CURVE_WITH_KNOTS('',3,(#6558,#6559,#6560,#6561,#6562,#6563,
#6564,#6565,#6566,#6567,#6568,#6569,#6570),.UNSPECIFIED.,.F.,.F.,(4,3,3,
3,4),(-0.0725403909189244,-0.041269849167737,-0.0341487891574088,-0.00224460112565514,
0.),.UNSPECIFIED.);
#1404=B_SPLINE_CURVE_WITH_KNOTS('',3,(#6574,#6575,#6576,#6577,#6578,#6579,
#6580,#6581,#6582,#6583,#6584,#6585,#6586),.UNSPECIFIED.,.F.,.F.,(4,3,3,
3,4),(-0.0729475791688874,-0.0411638021959561,-0.0386005779078447,-0.00742823131398285,
0.),.UNSPECIFIED.);
#1405=B_SPLINE_CURVE_WITH_KNOTS('',3,(#6590,#6591,#6592,#6593,#6594,#6595,
#6596,#6597,#6598,#6599,#6600,#6601,#6602),.UNSPECIFIED.,.F.,.F.,(4,3,3,
3,4),(-0.0725403909188196,-0.0412698300305235,-0.03414878915743,-0.00224461715624521,
0.),.UNSPECIFIED.);
#1406=B_SPLINE_CURVE_WITH_KNOTS('',3,(#6606,#6607,#6608,#6609,#6610,#6611,
#6612,#6613,#6614,#6615,#6616,#6617,#6618),.UNSPECIFIED.,.F.,.F.,(4,3,3,
3,4),(-0.0729475791692572,-0.0411638381704994,-0.038600577907988,-0.00742823475281341,
0.),.UNSPECIFIED.);
#1407=B_SPLINE_CURVE_WITH_KNOTS('',3,(#6622,#6623,#6624,#6625,#6626,#6627,
#6628,#6629,#6630,#6631,#6632,#6633,#6634),.UNSPECIFIED.,.F.,.F.,(4,3,3,
3,4),(-0.0725403909183175,-0.0412698115309915,-0.0341487891571771,-0.00224463514383119,
0.),.UNSPECIFIED.);
#1408=B_SPLINE_CURVE_WITH_KNOTS('',3,(#6638,#6639,#6640,#6641,#6642,#6643,
#6644,#6645,#6646,#6647,#6648,#6649,#6650),.UNSPECIFIED.,.F.,.F.,(4,3,3,
3,4),(-0.0729475791687867,-0.0411638768781017,-0.0386005779078446,-0.00742823964248166,
0.),.UNSPECIFIED.);
#1409=B_SPLINE_CURVE_WITH_KNOTS('',3,(#6654,#6655,#6656,#6657,#6658,#6659,
#6660,#6661,#6662,#6663,#6664,#6665,#6666),.UNSPECIFIED.,.F.,.F.,(4,3,3,
3,4),(-0.0725403909189453,-0.0412697937674488,-0.0341487891574179,-0.00224465517693131,
0.),.UNSPECIFIED.);
#1410=B_SPLINE_CURVE_WITH_KNOTS('',3,(#6670,#6671,#6672,#6673,#6674,#6675,
#6676,#6677,#6678,#6679,#6680,#6681,#6682),.UNSPECIFIED.,.F.,.F.,(4,3,3,
3,4),(-0.0729475791694628,-0.0411639183998522,-0.0386005779080617,-0.00742824618297101,
0.),.UNSPECIFIED.);
#1411=B_SPLINE_CURVE_WITH_KNOTS('',3,(#6686,#6687,#6688,#6689,#6690,#6691,
#6692,#6693,#6694,#6695,#6696,#6697,#6698),.UNSPECIFIED.,.F.,.F.,(4,3,3,
3,4),(-0.0725403909189263,-0.0412697768159967,-0.0341487891574146,-0.00224467748279341,
0.),.UNSPECIFIED.);
#1412=B_SPLINE_CURVE_WITH_KNOTS('',3,(#6702,#6703,#6704,#6705,#6706,#6707,
#6708,#6709,#6710,#6711,#6712,#6713,#6714),.UNSPECIFIED.,.F.,.F.,(4,3,3,
3,4),(-0.0729475791693151,-0.0411639630808076,-0.0386005779079764,-0.0074282544383078,
0.),.UNSPECIFIED.);
#1413=B_SPLINE_CURVE_WITH_KNOTS('',3,(#6718,#6719,#6720,#6721,#6722,#6723,
#6724,#6725,#6726,#6727,#6728,#6729,#6730),.UNSPECIFIED.,.F.,.F.,(4,3,3,
3,4),(-0.0725403909191325,-0.0412697607718802,-0.0341487891575255,-0.00224470221002534,
0.),.UNSPECIFIED.);
#1414=B_SPLINE_CURVE_WITH_KNOTS('',3,(#6734,#6735,#6736,#6737,#6738,#6739,
#6740,#6741,#6742,#6743,#6744,#6745,#6746),.UNSPECIFIED.,.F.,.F.,(4,3,3,
3,4),(-0.0729475791693869,-0.0411640110548024,-0.0386005779079817,-0.00742826460423362,
0.),.UNSPECIFIED.);
#1415=B_SPLINE_CURVE_WITH_KNOTS('',3,(#6750,#6751,#6752,#6753,#6754,#6755,
#6756,#6757,#6758,#6759,#6760,#6761,#6762),.UNSPECIFIED.,.F.,.F.,(4,3,3,
3,4),(-0.0725403909186041,-0.0412697457255468,-0.0341487891572885,-0.00224472959441607,
0.),.UNSPECIFIED.);
#1416=B_SPLINE_CURVE_WITH_KNOTS('',3,(#6766,#6767,#6768,#6769,#6770,#6771,
#6772,#6773,#6774,#6775,#6776,#6777,#6778),.UNSPECIFIED.,.F.,.F.,(4,3,3,
3,4),(-0.0729475791690489,-0.0411640625855436,-0.0386005779079093,-0.00742827682929689,
0.),.UNSPECIFIED.);
#1417=B_SPLINE_CURVE_WITH_KNOTS('',3,(#6782,#6783,#6784,#6785,#6786,#6787,
#6788,#6789,#6790,#6791,#6792,#6793,#6794),.UNSPECIFIED.,.F.,.F.,(4,3,3,
3,4),(-0.0725403909185493,-0.0412697318052738,-0.0341487891572987,-0.00224475980358226,
0.),.UNSPECIFIED.);
#1418=B_SPLINE_CURVE_WITH_KNOTS('',3,(#6798,#6799,#6800,#6801,#6802,#6803,
#6804,#6805,#6806,#6807,#6808,#6809,#6810),.UNSPECIFIED.,.F.,.F.,(4,3,3,
3,4),(-0.0729475791691953,-0.0411641179834973,-0.0386005779079469,-0.00742829131785417,
0.),.UNSPECIFIED.);
#1419=B_SPLINE_CURVE_WITH_KNOTS('',3,(#6814,#6815,#6816,#6817),
 .UNSPECIFIED.,.F.,.F.,(4,4),(-0.0225862003373182,0.),.UNSPECIFIED.);
#1420=B_SPLINE_CURVE_WITH_KNOTS('',3,(#6822,#6823,#6824,#6825,#6826,#6827,
#6828,#6829,#6830,#6831),.UNSPECIFIED.,.F.,.F.,(4,3,3,4),(-0.0725404306088289,
-0.0412734586229426,-0.034778250312028,-0.0225862582838426),
 .UNSPECIFIED.);
#1421=B_SPLINE_CURVE_WITH_KNOTS('',3,(#6835,#6836,#6837,#6838,#6839,#6840,
#6841,#6842,#6843,#6844,#6845,#6846,#6847,#6848,#6849,#6850),
 .UNSPECIFIED.,.F.,.F.,(4,3,3,3,3,4),(-0.07294756212648,-0.041158370913004,
-0.0390849715199662,-0.00790605204389615,-0.000555895726268963,0.),
 .UNSPECIFIED.);
#1422=B_SPLINE_CURVE_WITH_KNOTS('',3,(#6854,#6855,#6856,#6857,#6858,#6859,
#6860,#6861,#6862,#6863,#6864,#6865,#6866,#6867,#6868,#6869),
 .UNSPECIFIED.,.F.,.F.,(4,3,3,3,3,4),(-0.0725404293118377,-0.0412734712634627,
-0.0347782496919486,-0.00288698636439982,-0.000570046269400562,0.),
 .UNSPECIFIED.);
#1423=B_SPLINE_CURVE_WITH_KNOTS('',3,(#6873,#6874,#6875,#6876,#6877,#6878,
#6879,#6880,#6881,#6882,#6883,#6884,#6885,#6886,#6887,#6888),
 .UNSPECIFIED.,.F.,.F.,(4,3,3,3,3,4),(-0.0729475621972273,-0.041158318716298,
-0.0390849715577072,-0.0079060389110451,-0.000555895726449379,0.),
 .UNSPECIFIED.);
#1424=B_SPLINE_CURVE_WITH_KNOTS('',3,(#6892,#6893,#6894,#6895,#6896,#6897,
#6898,#6899,#6900,#6901,#6902,#6903,#6904,#6905,#6906,#6907),
 .UNSPECIFIED.,.F.,.F.,(4,3,3,3,3,4),(-0.0725404292734047,-0.0412734858199933,
-0.0347782496735571,-0.00288695723060604,-0.000570046269199588,0.),
 .UNSPECIFIED.);
#1425=B_SPLINE_CURVE_WITH_KNOTS('',3,(#6911,#6912,#6913,#6914,#6915,#6916,
#6917,#6918,#6919,#6920,#6921,#6922,#6923,#6924,#6925,#6926),
 .UNSPECIFIED.,.F.,.F.,(4,3,3,3,3,4),(-0.0729475611607181,-0.0411582695093266,
-0.0390849710047926,-0.00790602778299242,-0.000555895723806916,0.),
 .UNSPECIFIED.);
#1426=B_SPLINE_CURVE_WITH_KNOTS('',3,(#6930,#6931,#6932,#6933,#6934,#6935,
#6936,#6937,#6938,#6939,#6940,#6941,#6942,#6943,#6944,#6945),
 .UNSPECIFIED.,.F.,.F.,(4,3,3,3,3,4),(-0.0725404305714301,-0.0412735022262081,
-0.0347782502941286,-0.00288693092382689,-0.000570046276022783,0.),
 .UNSPECIFIED.);
#1427=B_SPLINE_CURVE_WITH_KNOTS('',3,(#6949,#6950,#6951,#6952,#6953,#6954,
#6955,#6956,#6957,#6958,#6959,#6960,#6961,#6962,#6963,#6964),
 .UNSPECIFIED.,.F.,.F.,(4,3,3,3,3,4),(-0.0729475611300461,-0.0411582242373682,
-0.0390849709884235,-0.00790601870012351,-0.000555895723728596,0.),
 .UNSPECIFIED.);
#1428=B_SPLINE_CURVE_WITH_KNOTS('',3,(#6968,#6969,#6970,#6971,#6972,#6973,
#6974,#6975,#6976,#6977,#6978,#6979,#6980,#6981,#6982,#6983),
 .UNSPECIFIED.,.F.,.F.,(4,3,3,3,3,4),(-0.0725404305712427,-0.0412735188617434,
-0.0347782502940124,-0.00288690714910649,-0.000570046276021696,0.),
 .UNSPECIFIED.);
#1429=B_SPLINE_CURVE_WITH_KNOTS('',3,(#6987,#6988,#6989,#6990,#6991,#6992,
#6993,#6994,#6995,#6996,#6997,#6998,#6999,#7000,#7001,#7002),
 .UNSPECIFIED.,.F.,.F.,(4,3,3,3,3,4),(-0.0729475611301201,-0.0411581821050055,
-0.0390849709884629,-0.00790601140929783,-0.000555895723728785,0.),
 .UNSPECIFIED.);
#1430=B_SPLINE_CURVE_WITH_KNOTS('',3,(#7006,#7007,#7008,#7009,#7010,#7011,
#7012,#7013,#7014,#7015,#7016,#7017,#7018,#7019,#7020,#7021),
 .UNSPECIFIED.,.F.,.F.,(4,3,3,3,3,4),(-0.0725404305710694,-0.041273536374545,
-0.0347782502939232,-0.00288688575409243,-0.000570046276020489,0.),
 .UNSPECIFIED.);
#1431=B_SPLINE_CURVE_WITH_KNOTS('',3,(#7025,#7026,#7027,#7028,#7029,#7030,
#7031,#7032,#7033,#7034,#7035,#7036,#7037,#7038,#7039,#7040),
 .UNSPECIFIED.,.F.,.F.,(4,3,3,3,3,4),(-0.072947559177282,-0.0411581418202746,
-0.0390849699466745,-0.00790600556250251,-0.000555895718750366,0.),
 .UNSPECIFIED.);
#1432=B_SPLINE_CURVE_WITH_KNOTS('',3,(#7044,#7045,#7046,#7047,#7048,#7049,
#7050,#7051,#7052,#7053,#7054,#7055,#7056,#7057,#7058,#7059),
 .UNSPECIFIED.,.F.,.F.,(4,3,3,3,3,4),(-0.0725404335074798,-0.0412735563389402,
-0.0347782516977334,-0.00288686665059264,-0.000570046291455735,0.),
 .UNSPECIFIED.);
#1433=B_SPLINE_CURVE_WITH_KNOTS('',3,(#7063,#7064,#7065,#7066,#7067,#7068,
#7069,#7070,#7071,#7072,#7073,#7074,#7075,#7076,#7077,#7078),
 .UNSPECIFIED.,.F.,.F.,(4,3,3,3,3,4),(-0.072947562983592,-0.0411581074145023,
-0.0390849719771803,-0.00790600182552621,-0.00055589572845373,0.),
 .UNSPECIFIED.);
#1434=B_SPLINE_CURVE_WITH_KNOTS('',3,(#7082,#7083,#7084,#7085,#7086,#7087,
#7088,#7089,#7090,#7091,#7092,#7093,#7094,#7095,#7096,#7097),
 .UNSPECIFIED.,.F.,.F.,(4,3,3,3,3,4),(-0.0725404305707232,-0.04127357367092,
-0.0347782502937667,-0.00288684942724775,-0.000570046276019027,0.),
 .UNSPECIFIED.);
#1435=B_SPLINE_CURVE_WITH_KNOTS('',3,(#7101,#7102,#7103,#7104,#7105,#7106,
#7107,#7108,#7109,#7110,#7111,#7112,#7113,#7114,#7115,#7116),
 .UNSPECIFIED.,.F.,.F.,(4,3,3,3,3,4),(-0.0729475609997339,-0.0411580722970641,
-0.0390849709188727,-0.00790599890216357,-0.000555895723395976,0.),
 .UNSPECIFIED.);
#1436=B_SPLINE_CURVE_WITH_KNOTS('',3,(#7120,#7121,#7122,#7123,#7124,#7125,
#7126,#7127,#7128,#7129,#7130,#7131,#7132,#7133,#7134,#7135),
 .UNSPECIFIED.,.F.,.F.,(4,3,3,3,3,4),(-0.0725404331669409,-0.0412735947814367,
-0.0347782515350096,-0.00288683427419997,-0.000570046289666363,0.),
 .UNSPECIFIED.);
#1437=B_SPLINE_CURVE_WITH_KNOTS('',3,(#7139,#7140,#7141,#7142,#7143,#7144,
#7145,#7146,#7147,#7148,#7149,#7150,#7151,#7152,#7153,#7154),
 .UNSPECIFIED.,.F.,.F.,(4,3,3,3,3,4),(-0.0729475630993192,-0.0411580418128544,
-0.0390849720389461,-0.00790599768039812,-0.000555895728749111,0.),
 .UNSPECIFIED.);
#1438=B_SPLINE_CURVE_WITH_KNOTS('',3,(#7158,#7159,#7160,#7161,#7162,#7163,
#7164,#7165,#7166,#7167,#7168,#7169,#7170,#7171,#7172,#7173),
 .UNSPECIFIED.,.F.,.F.,(4,3,3,3,3,4),(-0.0725404247787207,-0.0412736102036182,
-0.034778247524851,-0.00288682047649508,-0.000570046245574261,0.),
 .UNSPECIFIED.);
#1439=B_SPLINE_CURVE_WITH_KNOTS('',3,(#7177,#7178,#7179,#7180,#7181,#7182,
#7183,#7184,#7185,#7186,#7187,#7188,#7189,#7190,#7191,#7192),
 .UNSPECIFIED.,.F.,.F.,(4,3,3,3,3,4),(-0.0729475591732949,-0.0411580101311497,
-0.0390849699444697,-0.00790599703078896,-0.000555895718738754,0.),
 .UNSPECIFIED.);
#1440=B_SPLINE_CURVE_WITH_KNOTS('',3,(#7196,#7197,#7198,#7199,#7200,#7201,
#7202,#7203,#7204,#7205,#7206,#7207,#7208,#7209,#7210,#7211),
 .UNSPECIFIED.,.F.,.F.,(4,3,3,3,3,4),(-0.0725404357506537,-0.0412736371217146,
-0.03477825277031,-0.00288680907606843,-0.000570046303254622,0.),
 .UNSPECIFIED.);
#1441=B_SPLINE_CURVE_WITH_KNOTS('',3,(#7215,#7216,#7217,#7218,#7219,#7220,
#7221,#7222,#7223,#7224,#7225,#7226,#7227,#7228,#7229,#7230),
 .UNSPECIFIED.,.F.,.F.,(4,3,3,3,3,4),(-0.0729475513610863,-0.0411579783886475,
-0.0390849657771516,-0.00790599710734083,-0.000555895698823996,0.),
 .UNSPECIFIED.);
#1442=B_SPLINE_CURVE_WITH_KNOTS('',3,(#7234,#7235,#7236,#7237,#7238,#7239,
#7240,#7241,#7242,#7243,#7244,#7245,#7246,#7247,#7248,#7249),
 .UNSPECIFIED.,.F.,.F.,(4,3,3,3,3,4),(-0.0725404306142764,-0.0412736553483377,
-0.0347782503147108,-0.00288679848041666,-0.000570046276244561,0.),
 .UNSPECIFIED.);
#1443=B_SPLINE_CURVE_WITH_KNOTS('',3,(#7253,#7254,#7255,#7256,#7257,#7258,
#7259,#7260,#7261,#7262,#7263,#7264,#7265,#7266,#7267,#7268),
 .UNSPECIFIED.,.F.,.F.,(4,3,3,3,3,4),(-0.0729475630946032,-0.04115795950055,
-0.0390849720363945,-0.00790600016857018,-0.000555895728737072,0.),
 .UNSPECIFIED.);
#1444=B_SPLINE_CURVE_WITH_KNOTS('',3,(#7272,#7273,#7274,#7275,#7276,#7277,
#7278,#7279,#7280,#7281,#7282,#7283,#7284,#7285,#7286,#7287),
 .UNSPECIFIED.,.F.,.F.,(4,3,3,3,3,4),(-0.0725404251116299,-0.041273673726519,
-0.0347782476840993,-0.00288678937026928,-0.000570046247329805,0.),
 .UNSPECIFIED.);
#1445=B_SPLINE_CURVE_WITH_KNOTS('',3,(#7291,#7292,#7293,#7294,#7295,#7296,
#7297,#7298,#7299,#7300,#7301,#7302,#7303,#7304,#7305,#7306),
 .UNSPECIFIED.,.F.,.F.,(4,3,3,3,3,4),(-0.0729475591781453,-0.0411579336215948,
-0.039084969947285,-0.00790600257374104,-0.000555895718753592,0.),
 .UNSPECIFIED.);
#1446=B_SPLINE_CURVE_WITH_KNOTS('',3,(#7310,#7311,#7312,#7313,#7314,#7315,
#7316,#7317,#7318,#7319,#7320,#7321,#7322,#7323,#7324,#7325),
 .UNSPECIFIED.,.F.,.F.,(4,3,3,3,3,4),(-0.072540436058398,-0.0412737018254418,
-0.034778252917487,-0.00288678220163251,-0.000570046304867466,0.),
 .UNSPECIFIED.);
#1447=B_SPLINE_CURVE_WITH_KNOTS('',3,(#7329,#7330,#7331,#7332,#7333,#7334,
#7335,#7336,#7337,#7338,#7339,#7340,#7341,#7342,#7343,#7344),
 .UNSPECIFIED.,.F.,.F.,(4,3,3,3,3,4),(-0.072947559173414,-0.041157911710463,
-0.0390849699445454,-0.00790600625182076,-0.000555895718740587,0.),
 .UNSPECIFIED.);
#1448=B_SPLINE_CURVE_WITH_KNOTS('',3,(#7348,#7349,#7350,#7351,#7352,#7353,
#7354,#7355,#7356,#7357,#7358,#7359,#7360,#7361,#7362,#7363),
 .UNSPECIFIED.,.F.,.F.,(4,3,3,3,3,4),(-0.0725404306079878,-0.0412737208962106,
-0.0347782503117274,-0.00288677558549667,-0.000570046276212048,0.),
 .UNSPECIFIED.);
#1449=B_SPLINE_CURVE_WITH_KNOTS('',3,(#7367,#7368,#7369,#7370,#7371,#7372,
#7373,#7374,#7375,#7376,#7377,#7378,#7379,#7380,#7381,#7382),
 .UNSPECIFIED.,.F.,.F.,(4,3,3,3,3,4),(-0.0729475513455183,-0.0411578868966606,
-0.0390849657689841,-0.00790600991962479,-0.000555895698786467,0.),
 .UNSPECIFIED.);
#1450=B_SPLINE_CURVE_WITH_KNOTS('',3,(#7386,#7387,#7388,#7389,#7390,#7391,
#7392,#7393,#7394,#7395,#7396,#7397,#7398,#7399,#7400,#7401),
 .UNSPECIFIED.,.F.,.F.,(4,3,3,3,3,4),(-0.072540430575553,-0.0412737432911287,
-0.0347782502960658,-0.00288677034618329,-0.000570046276039564,0.),
 .UNSPECIFIED.);
#1451=B_SPLINE_CURVE_WITH_KNOTS('',3,(#7405,#7406,#7407,#7408,#7409,#7410,
#7411,#7412,#7413,#7414,#7415,#7416,#7417,#7418,#7419,#7420),
 .UNSPECIFIED.,.F.,.F.,(4,3,3,3,3,4),(-0.0729475591994085,-0.041157872298724,
-0.0390849699586146,-0.00790601596100048,-0.000555895718807785,0.),
 .UNSPECIFIED.);
#1452=B_SPLINE_CURVE_WITH_KNOTS('',3,(#7424,#7425,#7426,#7427,#7428,#7429,
#7430,#7431,#7432,#7433,#7434,#7435,#7436,#7437,#7438,#7439),
 .UNSPECIFIED.,.F.,.F.,(4,3,3,3,3,4),(-0.0725404250726789,-0.0412737628187535,
-0.034778247665491,-0.00288676598067219,-0.000570046247125293,0.),
 .UNSPECIFIED.);
#1453=B_SPLINE_CURVE_WITH_KNOTS('',3,(#7443,#7444,#7445,#7446,#7447,#7448,
#7449,#7450,#7451,#7452,#7453,#7454,#7455,#7456,#7457,#7458),
 .UNSPECIFIED.,.F.,.F.,(4,3,3,3,3,4),(-0.0729475552673628,-0.0411578525453204,
-0.0390849678611958,-0.00790602145763253,-0.000555895708784643,0.),
 .UNSPECIFIED.);
#1454=B_SPLINE_CURVE_WITH_KNOTS('',3,(#7462,#7463,#7464,#7465),
 .UNSPECIFIED.,.F.,.F.,(4,4),(-0.0225862599706738,0.),.UNSPECIFIED.);
#1455=B_SPLINE_CURVE_WITH_KNOTS('',3,(#7477,#7478,#7479,#7480,#7481,#7482,
#7483,#7484,#7485,#7486),.UNSPECIFIED.,.F.,.F.,(4,3,3,4),(-0.0729475791689821,
-0.0412153135623733,-0.0386005779079257,-0.0209768659557125),
 .UNSPECIFIED.);
#1456=B_SPLINE_CURVE_WITH_KNOTS('',3,(#7490,#7491,#7492,#7493,#7494,#7495,
#7496,#7497,#7498,#7499,#7500,#7501,#7502),.UNSPECIFIED.,.F.,.F.,(4,3,3,
3,4),(-0.0725403909187575,-0.0412700299047802,-0.0341487891575977,-0.00224452599742505,
0.),.UNSPECIFIED.);
#1457=B_SPLINE_CURVE_WITH_KNOTS('',3,(#7506,#7507,#7508,#7509,#7510,#7511,
#7512,#7513,#7514,#7515,#7516,#7517,#7518),.UNSPECIFIED.,.F.,.F.,(4,3,3,
3,4),(-0.0729475791691169,-0.0411635818230136,-0.0386005779079044,-0.00742824799392378,
0.),.UNSPECIFIED.);
#1458=B_SPLINE_CURVE_WITH_KNOTS('',3,(#7522,#7523,#7524,#7525,#7526,#7527,
#7528,#7529,#7530,#7531,#7532,#7533,#7534),.UNSPECIFIED.,.F.,.F.,(4,3,3,
3,4),(-0.0725403909187941,-0.0412700074802301,-0.0341487891576017,-0.00224453020779986,
0.),.UNSPECIFIED.);
#1459=B_SPLINE_CURVE_WITH_KNOTS('',3,(#7538,#7539,#7540,#7541,#7542,#7543,
#7544,#7545,#7546,#7547,#7548,#7549,#7550),.UNSPECIFIED.,.F.,.F.,(4,3,3,
3,4),(-0.0729475791696982,-0.0411636011670612,-0.0386005779080464,-0.00742824266715127,
0.),.UNSPECIFIED.);
#1460=B_SPLINE_CURVE_WITH_KNOTS('',3,(#7554,#7555,#7556,#7557,#7558,#7559,
#7560,#7561,#7562,#7563,#7564,#7565,#7566),.UNSPECIFIED.,.F.,.F.,(4,3,3,
3,4),(-0.0725403909182989,-0.0412699852515336,-0.0341487891571722,-0.0022445355037695,
0.),.UNSPECIFIED.);
#1461=B_SPLINE_CURVE_WITH_KNOTS('',3,(#7570,#7571,#7572,#7573,#7574,#7575,
#7576,#7577,#7578,#7579,#7580,#7581,#7582),.UNSPECIFIED.,.F.,.F.,(4,3,3,
3,4),(-0.072947579169331,-0.0411636219420421,-0.0386005779080601,-0.00742823807683645,
0.),.UNSPECIFIED.);
#1462=B_SPLINE_CURVE_WITH_KNOTS('',3,(#7586,#7587,#7588,#7589,#7590,#7591,
#7592,#7593,#7594,#7595,#7596,#7597,#7598),.UNSPECIFIED.,.F.,.F.,(4,3,3,
3,4),(-0.0725403909210867,-0.0412699633429322,-0.0341487891585002,-0.00224454178007578,
0.),.UNSPECIFIED.);
#1463=B_SPLINE_CURVE_WITH_KNOTS('',3,(#7602,#7603,#7604,#7605,#7606,#7607,
#7608,#7609,#7610,#7611,#7612,#7613,#7614),.UNSPECIFIED.,.F.,.F.,(4,3,3,
3,4),(-0.0729475791689686,-0.0411636444497479,-0.0386005779079183,-0.00742823428091183,
0.),.UNSPECIFIED.);
#1464=B_SPLINE_CURVE_WITH_KNOTS('',3,(#7618,#7619,#7620,#7621,#7622,#7623,
#7624,#7625,#7626,#7627,#7628,#7629,#7630),.UNSPECIFIED.,.F.,.F.,(4,3,3,
3,4),(-0.0725403909186695,-0.041269941696648,-0.0341487891575664,-0.00224454944715181,
0.),.UNSPECIFIED.);
#1465=B_SPLINE_CURVE_WITH_KNOTS('',3,(#7634,#7635,#7636,#7637,#7638,#7639,
#7640,#7641,#7642,#7643,#7644,#7645,#7646),.UNSPECIFIED.,.F.,.F.,(4,3,3,
3,4),(-0.0729475791691229,-0.0411636686806454,-0.0386005779079055,-0.00742823137975367,
0.),.UNSPECIFIED.);
#1466=B_SPLINE_CURVE_WITH_KNOTS('',3,(#7650,#7651,#7652,#7653,#7654,#7655,
#7656,#7657,#7658,#7659,#7660,#7661,#7662),.UNSPECIFIED.,.F.,.F.,(4,3,3,
3,4),(-0.0725403909178947,-0.0412699203761484,-0.034148789157145,-0.0022445583712346,
0.),.UNSPECIFIED.);
#1467=B_SPLINE_CURVE_WITH_KNOTS('',3,(#7666,#7667,#7668,#7669,#7670,#7671,
#7672,#7673,#7674,#7675,#7676,#7677,#7678),.UNSPECIFIED.,.F.,.F.,(4,3,3,
3,4),(-0.072947579169494,-0.0411636946689259,-0.0386005779080495,-0.00742822944789303,
0.),.UNSPECIFIED.);
#1468=B_SPLINE_CURVE_WITH_KNOTS('',3,(#7682,#7683,#7684,#7685,#7686,#7687,
#7688,#7689,#7690,#7691,#7692,#7693,#7694),.UNSPECIFIED.,.F.,.F.,(4,3,3,
3,4),(-0.0725403909196133,-0.0412698994422671,-0.0341487891576754,-0.00224456860712004,
0.),.UNSPECIFIED.);
#1469=B_SPLINE_CURVE_WITH_KNOTS('',3,(#7698,#7699,#7700,#7701,#7702,#7703,
#7704,#7705,#7706,#7707,#7708,#7709,#7710),.UNSPECIFIED.,.F.,.F.,(4,3,3,
3,4),(-0.0729475791693515,-0.0411637226241516,-0.0386005779080613,-0.0074282285337679,
0.),.UNSPECIFIED.);
#1470=B_SPLINE_CURVE_WITH_KNOTS('',3,(#7714,#7715,#7716,#7717,#7718,#7719,
#7720,#7721,#7722,#7723,#7724,#7725,#7726),.UNSPECIFIED.,.F.,.F.,(4,3,3,
3,4),(-0.07254039091941,-0.0412698789700245,-0.0341487891577027,-0.00224458038340987,
0.),.UNSPECIFIED.);
#1471=B_SPLINE_CURVE_WITH_KNOTS('',3,(#7730,#7731,#7732,#7733,#7734,#7735,
#7736,#7737,#7738,#7739,#7740,#7741,#7742),.UNSPECIFIED.,.F.,.F.,(4,3,3,
3,4),(-0.0729475791694219,-0.0411637527195469,-0.0386005779080763,-0.0074282287360416,
0.),.UNSPECIFIED.);
#1472=B_SPLINE_CURVE_WITH_KNOTS('',3,(#7746,#7747,#7748,#7749,#7750,#7751,
#7752,#7753,#7754,#7755,#7756,#7757,#7758),.UNSPECIFIED.,.F.,.F.,(4,3,3,
3,4),(-0.0725403909192733,-0.0412698589717771,-0.0341487891576189,-0.00224459377455839,
0.),.UNSPECIFIED.);
#1473=B_SPLINE_CURVE_WITH_KNOTS('',3,(#7762,#7763,#7764,#7765,#7766,#7767,
#7768,#7769,#7770,#7771,#7772,#7773,#7774),.UNSPECIFIED.,.F.,.F.,(4,3,3,
3,4),(-0.0729475791694392,-0.0411637851342226,-0.0386005779079814,-0.00742823013779561,
0.),.UNSPECIFIED.);
#1474=B_SPLINE_CURVE_WITH_KNOTS('',3,(#7778,#7779,#7780,#7781,#7782,#7783,
#7784,#7785,#7786,#7787,#7788,#7789,#7790),.UNSPECIFIED.,.F.,.F.,(4,3,3,
3,4),(-0.0725403909189423,-0.0412698395192895,-0.0341487891574205,-0.00224460890734456,
0.),.UNSPECIFIED.);
#1475=B_SPLINE_CURVE_WITH_KNOTS('',3,(#7794,#7795,#7796,#7797,#7798,#7799,
#7800,#7801,#7802,#7803,#7804,#7805,#7806),.UNSPECIFIED.,.F.,.F.,(4,3,3,
3,4),(-0.072947579168854,-0.0411638198780825,-0.038600577907838,-0.00742823284655085,
0.),.UNSPECIFIED.);
#1476=B_SPLINE_CURVE_WITH_KNOTS('',3,(#7810,#7811,#7812,#7813,#7814,#7815,
#7816,#7817,#7818,#7819,#7820,#7821,#7822),.UNSPECIFIED.,.F.,.F.,(4,3,3,
3,4),(-0.0725403909183031,-0.0412698206916487,-0.0341487891571766,-0.00224462590922174,
0.),.UNSPECIFIED.);
#1477=B_SPLINE_CURVE_WITH_KNOTS('',3,(#7826,#7827,#7828,#7829,#7830,#7831,
#7832,#7833,#7834,#7835,#7836,#7837,#7838),.UNSPECIFIED.,.F.,.F.,(4,3,3,
3,4),(-0.0729475791692135,-0.0411638572284141,-0.0386005779078988,-0.00742823700301311,
0.),.UNSPECIFIED.);
#1478=B_SPLINE_CURVE_WITH_KNOTS('',3,(#7842,#7843,#7844,#7845,#7846,#7847,
#7848,#7849,#7850,#7851,#7852,#7853,#7854),.UNSPECIFIED.,.F.,.F.,(4,3,3,
3,4),(-0.072540390919226,-0.0412698025674496,-0.0341487891576448,-0.00224464486094005,
0.),.UNSPECIFIED.);
#1479=B_SPLINE_CURVE_WITH_KNOTS('',3,(#7858,#7859,#7860,#7861,#7862,#7863,
#7864,#7865,#7866,#7867,#7868,#7869,#7870),.UNSPECIFIED.,.F.,.F.,(4,3,3,
3,4),(-0.0729475791688563,-0.0411638973039895,-0.0386005779078382,-0.00742824268998808,
0.),.UNSPECIFIED.);
#1480=B_SPLINE_CURVE_WITH_KNOTS('',3,(#7874,#7875,#7876,#7877,#7878,#7879,
#7880,#7881,#7882,#7883,#7884,#7885,#7886),.UNSPECIFIED.,.F.,.F.,(4,3,3,
3,4),(-0.0725403909185957,-0.0412697851982291,-0.0341487891574044,-0.00224466603801639,
0.),.UNSPECIFIED.);
#1481=B_SPLINE_CURVE_WITH_KNOTS('',3,(#7890,#7891,#7892,#7893,#7894,#7895,
#7896,#7897,#7898,#7899,#7900,#7901,#7902),.UNSPECIFIED.,.F.,.F.,(4,3,3,
3,4),(-0.0729475791693428,-0.0411639403597159,-0.038600577907982,-0.00742825007862673,
0.),.UNSPECIFIED.);
#1482=B_SPLINE_CURVE_WITH_KNOTS('',3,(#7906,#7907,#7908,#7909,#7910,#7911,
#7912,#7913,#7914,#7915,#7916,#7917,#7918),.UNSPECIFIED.,.F.,.F.,(4,3,3,
3,4),(-0.0725403909188584,-0.0412697686759577,-0.0341487891574157,-0.00224468953477803,
0.),.UNSPECIFIED.);
#1483=B_SPLINE_CURVE_WITH_KNOTS('',3,(#7922,#7923,#7924,#7925,#7926,#7927,
#7928,#7929,#7930,#7931,#7932,#7933,#7934),.UNSPECIFIED.,.F.,.F.,(4,3,3,
3,4),(-0.0729475791692436,-0.0411639866136173,-0.0386005779079827,-0.00742825927385911,
0.),.UNSPECIFIED.);
#1484=B_SPLINE_CURVE_WITH_KNOTS('',3,(#7938,#7939,#7940,#7941,#7942,#7943,
#7944,#7945,#7946,#7947,#7948,#7949,#7950),.UNSPECIFIED.,.F.,.F.,(4,3,3,
3,4),(-0.0725403909188371,-0.0412697531173056,-0.0341487891574039,-0.00224471556089374,
0.),.UNSPECIFIED.);
#1485=B_SPLINE_CURVE_WITH_KNOTS('',3,(#7954,#7955,#7956,#7957,#7958,#7959,
#7960,#7961,#7962,#7963,#7964,#7965,#7966),.UNSPECIFIED.,.F.,.F.,(4,3,3,
3,4),(-0.0729475791690219,-0.0411640363491322,-0.0386005779079048,-0.00742827044266552,
0.),.UNSPECIFIED.);
#1486=B_SPLINE_CURVE_WITH_KNOTS('',3,(#7970,#7971,#7972,#7973,#7974,#7975,
#7976,#7977,#7978,#7979,#7980,#7981,#7982),.UNSPECIFIED.,.F.,.F.,(4,3,3,
3,4),(-0.072540390918793,-0.0412697386206461,-0.0341487891573963,-0.00224474432094354,
0.),.UNSPECIFIED.);
#1487=B_SPLINE_CURVE_WITH_KNOTS('',3,(#7986,#7987,#7988,#7989,#7990,#7991,
#7992,#7993,#7994,#7995,#7996,#7997,#7998),.UNSPECIFIED.,.F.,.F.,(4,3,3,
3,4),(-0.0729475791691861,-0.0411640897840099,-0.0386005779079438,-0.00742828378178493,
0.),.UNSPECIFIED.);
#1488=B_SPLINE_CURVE_WITH_KNOTS('',3,(#8002,#8003,#8004,#8005,#8006,#8007,
#8008,#8009,#8010,#8011,#8012,#8013,#8014),.UNSPECIFIED.,.F.,.F.,(4,3,3,
3,4),(-0.0725403909186637,-0.04125919068236,-0.034148789157343,-0.00223584205207307,
0.),.UNSPECIFIED.);
#1489=B_SPLINE_CURVE_WITH_KNOTS('',3,(#8018,#8019,#8020,#8021),
 .UNSPECIFIED.,.F.,.F.,(4,4),(-0.020976865955487,0.),.UNSPECIFIED.);
#1490=B_SPLINE_CURVE_WITH_KNOTS('',3,(#8027,#8028,#8029,#8030,#8031,#8032,
#8033,#8034,#8035,#8036,#8037,#8038,#8039,#8040,#8041,#8042,#8043,#8044,
#8045,#8046,#8047,#8048,#8049,#8050,#8051,#8052,#8053,#8054,#8055,#8056,
#8057),.UNSPECIFIED.,.F.,.F.,(4,3,3,3,3,3,3,3,3,3,4),(-0.419325701537398,
-0.36999345972667,-0.319595615555131,-0.269045430024513,-0.235414751271449,
-0.227577402767825,-0.177058819587092,-0.126133541122721,-0.0754604197480465,
-0.0257445603576105,0.),.UNSPECIFIED.);
#1491=B_SPLINE_CURVE_WITH_KNOTS('',3,(#8060,#8061,#8062,#8063,#8064,#8065,
#8066,#8067,#8068,#8069,#8070,#8071,#8072,#8073,#8074,#8075,#8076,#8077,
#8078,#8079,#8080,#8081,#8082,#8083,#8084,#8085,#8086,#8087,#8088,#8089,
#8090,#8091,#8092,#8093,#8094,#8095,#8096),.UNSPECIFIED.,.F.,.F.,(4,3,3,
3,3,3,3,3,3,3,3,3,4),(-1.22522023862028,-1.17293524662639,-1.12210350867111,
-1.08270810792087,-1.06685293734443,-1.05813400927843,-1.00753005318747,
-0.957020717991441,-0.919500614160872,-0.90779491610071,-0.89783876121913,
-0.847478734981189,-0.806940302669166),.UNSPECIFIED.);
#1492=B_SPLINE_CURVE_WITH_KNOTS('',3,(#8098,#8099,#8100,#8101,#8102,#8103,
#8104,#8105,#8106,#8107,#8108,#8109,#8110,#8111,#8112,#8113,#8114,#8115,
#8116,#8117,#8118,#8119,#8120,#8121,#8122,#8123,#8124,#8125),
 .UNSPECIFIED.,.F.,.F.,(4,3,3,3,3,3,3,3,3,4),(-0.316800817864982,-0.267179716824926,
-0.23378225222181,-0.223407245941538,-0.217637778635184,-0.168638224712089,
-0.119359268709609,-0.0703860655440513,-0.0223716707078242,0.),
 .UNSPECIFIED.);
#1493=B_SPLINE_CURVE_WITH_KNOTS('',3,(#8128,#8129,#8130,#8131,#8132,#8133,
#8134,#8135,#8136,#8137,#8138,#8139,#8140,#8141,#8142,#8143,#8144,#8145,
#8146,#8147,#8148,#8149,#8150,#8151,#8152,#8153,#8154,#8155,#8156,#8157,
#8158,#8159,#8160,#8161),.UNSPECIFIED.,.F.,.F.,(4,3,3,3,3,3,3,3,3,3,3,4),
(-1.22649616691769,-1.1774942302117,-1.12811450583348,-1.07885585778982,
-1.0718007726051,-1.06434862091573,-1.01473751062761,-0.965396197032866,
-0.937636836124649,-0.923001192924836,-0.9157256219249,-0.909877475216432),
 .UNSPECIFIED.);
#1494=B_SPLINE_CURVE_WITH_KNOTS('',3,(#8167,#8168,#8169,#8170,#8171,#8172,
#8173,#8174,#8175,#8176,#8177,#8178,#8179,#8180,#8181,#8182,#8183,#8184,
#8185,#8186,#8187,#8188,#8189,#8190,#8191,#8192,#8193,#8194,#8195,#8196,
#8197,#8198,#8199,#8200,#8201,#8202,#8203),.UNSPECIFIED.,.F.,.F.,(4,3,3,
3,3,3,3,3,3,3,3,3,4),(-1.22522023862029,-1.1729352466264,-1.1221385064624,
-1.08273873098825,-1.06695394054761,-1.0581630595756,-1.00760251883912,
-0.957259098282408,-0.919679399379098,-0.908189849116682,-0.901623196891268,
-0.851401946848758,-0.806940302669171),.UNSPECIFIED.);
#1495=B_SPLINE_CURVE_WITH_KNOTS('',3,(#8206,#8207,#8208,#8209,#8210,#8211,
#8212,#8213,#8214,#8215,#8216,#8217,#8218,#8219,#8220,#8221,#8222,#8223,
#8224,#8225,#8226,#8227,#8228,#8229,#8230,#8231,#8232,#8233,#8234,#8235,
#8236),.UNSPECIFIED.,.F.,.F.,(4,3,3,3,3,3,3,3,3,3,4),(-0.419325701537388,
-0.369806763537744,-0.31925289415731,-0.26862059397312,-0.23504301972648,
-0.227521182524302,-0.176831970054544,-0.125840745837597,-0.0751918680973854,
-0.0256295157156739,0.),.UNSPECIFIED.);
#1496=B_SPLINE_CURVE_WITH_KNOTS('',3,(#8238,#8239,#8240,#8241,#8242,#8243),
 .UNSPECIFIED.,.F.,.F.,(4,1,1,4),(113.462443259854,114.266235657303,115.070028054752,
115.873820452201),.UNSPECIFIED.);
#1497=B_SPLINE_CURVE_WITH_KNOTS('',3,(#8244,#8245,#8246,#8247,#8248,#8249),
 .UNSPECIFIED.,.F.,.F.,(4,1,1,4),(113.462443259854,114.266235657303,115.070028054752,
115.873820452201),.UNSPECIFIED.);
#1498=B_SPLINE_CURVE_WITH_KNOTS('',3,(#8251,#8252,#8253,#8254,#8255,#8256),
 .UNSPECIFIED.,.F.,.F.,(4,1,1,4),(107.179257952675,107.983050350123,108.786842747572,
109.590635145021),.UNSPECIFIED.);
#1499=B_SPLINE_CURVE_WITH_KNOTS('',3,(#8257,#8258,#8259,#8260,#8261,#8262),
 .UNSPECIFIED.,.F.,.F.,(4,1,1,4),(107.179257952675,107.983050350123,108.786842747572,
109.590635145021),.UNSPECIFIED.);
#1500=B_SPLINE_CURVE_WITH_KNOTS('',3,(#8264,#8265,#8266,#8267,#8268,#8269),
 .UNSPECIFIED.,.F.,.F.,(4,1,1,4),(100.896072645495,101.699865042944,102.503657440393,
103.307449837841),.UNSPECIFIED.);
#1501=B_SPLINE_CURVE_WITH_KNOTS('',3,(#8270,#8271,#8272,#8273,#8274,#8275),
 .UNSPECIFIED.,.F.,.F.,(4,1,1,4),(100.896072645495,101.699865042944,102.503657440393,
103.307449837841),.UNSPECIFIED.);
#1502=B_SPLINE_CURVE_WITH_KNOTS('',3,(#8277,#8278,#8279,#8280,#8281,#8282),
 .UNSPECIFIED.,.F.,.F.,(4,1,1,4),(94.6128873383153,95.4166797357641,96.220472133213,
97.0242645306618),.UNSPECIFIED.);
#1503=B_SPLINE_CURVE_WITH_KNOTS('',3,(#8283,#8284,#8285,#8286,#8287,#8288),
 .UNSPECIFIED.,.F.,.F.,(4,1,1,4),(94.6128873383153,95.4166797357642,96.220472133213,
97.0242645306618),.UNSPECIFIED.);
#1504=B_SPLINE_CURVE_WITH_KNOTS('',3,(#8290,#8291,#8292,#8293,#8294,#8295),
 .UNSPECIFIED.,.F.,.F.,(4,1,1,4),(88.3297020311357,89.1334944285846,89.9372868260334,
90.7410792234823),.UNSPECIFIED.);
#1505=B_SPLINE_CURVE_WITH_KNOTS('',3,(#8296,#8297,#8298,#8299,#8300,#8301),
 .UNSPECIFIED.,.F.,.F.,(4,1,1,4),(88.3297020311357,89.1334944285846,89.9372868260334,
90.7410792234823),.UNSPECIFIED.);
#1506=B_SPLINE_CURVE_WITH_KNOTS('',3,(#8303,#8304,#8305,#8306,#8307,#8308),
 .UNSPECIFIED.,.F.,.F.,(4,1,1,4),(82.0465167239561,82.850309121405,83.6541015188538,
84.4578939163027),.UNSPECIFIED.);
#1507=B_SPLINE_CURVE_WITH_KNOTS('',3,(#8309,#8310,#8311,#8312,#8313,#8314),
 .UNSPECIFIED.,.F.,.F.,(4,1,1,4),(82.0465167239562,82.850309121405,83.6541015188538,
84.4578939163027),.UNSPECIFIED.);
#1508=B_SPLINE_CURVE_WITH_KNOTS('',3,(#8316,#8317,#8318,#8319,#8320,#8321),
 .UNSPECIFIED.,.F.,.F.,(4,1,1,4),(75.7633314167765,76.5671238142254,77.3709162116742,
78.1747086091231),.UNSPECIFIED.);
#1509=B_SPLINE_CURVE_WITH_KNOTS('',3,(#8322,#8323,#8324,#8325,#8326,#8327),
 .UNSPECIFIED.,.F.,.F.,(4,1,1,4),(75.7633314167766,76.5671238142254,77.3709162116743,
78.1747086091231),.UNSPECIFIED.);
#1510=B_SPLINE_CURVE_WITH_KNOTS('',3,(#8329,#8330,#8331,#8332,#8333,#8334),
 .UNSPECIFIED.,.F.,.F.,(4,1,1,4),(69.4801461095969,70.2839385070458,71.0877309044946,
71.8915233019435),.UNSPECIFIED.);
#1511=B_SPLINE_CURVE_WITH_KNOTS('',3,(#8335,#8336,#8337,#8338,#8339,#8340),
 .UNSPECIFIED.,.F.,.F.,(4,1,1,4),(69.480146109597,70.2839385070458,71.0877309044946,
71.8915233019435),.UNSPECIFIED.);
#1512=B_SPLINE_CURVE_WITH_KNOTS('',3,(#8342,#8343,#8344,#8345,#8346,#8347),
 .UNSPECIFIED.,.F.,.F.,(4,1,1,4),(63.1969608024174,64.0007531998662,64.8045455973151,
65.6083379947639),.UNSPECIFIED.);
#1513=B_SPLINE_CURVE_WITH_KNOTS('',3,(#8348,#8349,#8350,#8351,#8352,#8353),
 .UNSPECIFIED.,.F.,.F.,(4,1,1,4),(63.1969608024174,64.0007531998662,64.8045455973151,
65.6083379947639),.UNSPECIFIED.);
#1514=B_SPLINE_CURVE_WITH_KNOTS('',3,(#8355,#8356,#8357,#8358,#8359,#8360),
 .UNSPECIFIED.,.F.,.F.,(4,1,1,4),(56.9137754952378,57.7175678926866,58.5213602901355,
59.3251526875843),.UNSPECIFIED.);
#1515=B_SPLINE_CURVE_WITH_KNOTS('',3,(#8361,#8362,#8363,#8364,#8365,#8366),
 .UNSPECIFIED.,.F.,.F.,(4,1,1,4),(56.9137754952378,57.7175678926866,58.5213602901355,
59.3251526875843),.UNSPECIFIED.);
#1516=B_SPLINE_CURVE_WITH_KNOTS('',3,(#8368,#8369,#8370,#8371,#8372,#8373),
 .UNSPECIFIED.,.F.,.F.,(4,1,1,4),(50.6305901880582,51.434382585507,52.2381749829559,
53.0419673804047),.UNSPECIFIED.);
#1517=B_SPLINE_CURVE_WITH_KNOTS('',3,(#8374,#8375,#8376,#8377,#8378,#8379),
 .UNSPECIFIED.,.F.,.F.,(4,1,1,4),(50.6305901880582,51.4343825855071,52.2381749829559,
53.0419673804048),.UNSPECIFIED.);
#1518=B_SPLINE_CURVE_WITH_KNOTS('',3,(#8381,#8382,#8383,#8384,#8385,#8386),
 .UNSPECIFIED.,.F.,.F.,(4,1,1,4),(44.3474048808786,45.1511972783275,45.9549896757763,
46.7587820732252),.UNSPECIFIED.);
#1519=B_SPLINE_CURVE_WITH_KNOTS('',3,(#8387,#8388,#8389,#8390,#8391,#8392),
 .UNSPECIFIED.,.F.,.F.,(4,1,1,4),(44.3474048808786,45.1511972783275,45.9549896757763,
46.7587820732252),.UNSPECIFIED.);
#1520=B_SPLINE_CURVE_WITH_KNOTS('',3,(#8394,#8395,#8396,#8397,#8398,#8399),
 .UNSPECIFIED.,.F.,.F.,(4,1,1,4),(38.064219573699,38.8680119711479,39.6718043685967,
40.4755967660456),.UNSPECIFIED.);
#1521=B_SPLINE_CURVE_WITH_KNOTS('',3,(#8400,#8401,#8402,#8403,#8404,#8405),
 .UNSPECIFIED.,.F.,.F.,(4,1,1,4),(38.064219573699,38.8680119711479,39.6718043685967,
40.4755967660456),.UNSPECIFIED.);
#1522=B_SPLINE_CURVE_WITH_KNOTS('',3,(#8407,#8408,#8409,#8410,#8411,#8412),
 .UNSPECIFIED.,.F.,.F.,(4,1,1,4),(31.7810342665194,32.5848266639683,33.3886190614171,
34.192411458866),.UNSPECIFIED.);
#1523=B_SPLINE_CURVE_WITH_KNOTS('',3,(#8413,#8414,#8415,#8416,#8417,#8418),
 .UNSPECIFIED.,.F.,.F.,(4,1,1,4),(31.7810342665194,32.5848266639683,33.3886190614171,
34.192411458866),.UNSPECIFIED.);
#1524=B_SPLINE_CURVE_WITH_KNOTS('',3,(#8420,#8421,#8422,#8423,#8424,#8425),
 .UNSPECIFIED.,.F.,.F.,(4,1,1,4),(25.4978489593398,26.3016413567887,27.1054337542375,
27.9092261516864),.UNSPECIFIED.);
#1525=B_SPLINE_CURVE_WITH_KNOTS('',3,(#8426,#8427,#8428,#8429,#8430,#8431),
 .UNSPECIFIED.,.F.,.F.,(4,1,1,4),(25.4978489593399,26.3016413567887,27.1054337542376,
27.9092261516864),.UNSPECIFIED.);
#1526=B_SPLINE_CURVE_WITH_KNOTS('',3,(#8433,#8434,#8435,#8436,#8437,#8438),
 .UNSPECIFIED.,.F.,.F.,(4,1,1,4),(10.3759343473737,10.6158303866432,11.4085466351903,
12.2012628837374),.UNSPECIFIED.);
#1527=B_SPLINE_CURVE_WITH_KNOTS('',3,(#8439,#8440,#8441,#8442),
 .UNSPECIFIED.,.F.,.F.,(4,4),(11.6152142277547,12.2012628837374),
 .UNSPECIFIED.);
#1528=B_SPLINE_CURVE_WITH_KNOTS('',3,(#8444,#8445,#8446,#8447,#8448,#8449),
 .UNSPECIFIED.,.F.,.F.,(4,1,1,4),(12.9314783449807,13.7352707424295,14.5390631398784,
15.3428555373272),.UNSPECIFIED.);
#1529=B_SPLINE_CURVE_WITH_KNOTS('',3,(#8450,#8451,#8452,#8453,#8454,#8455),
 .UNSPECIFIED.,.F.,.F.,(4,1,1,4),(12.9314783449807,13.7352707424295,14.5390631398784,
15.3428555373272),.UNSPECIFIED.);
#1530=B_SPLINE_CURVE_WITH_KNOTS('',3,(#8457,#8458,#8459,#8460,#8461,#8462),
 .UNSPECIFIED.,.F.,.F.,(4,1,1,4),(19.2146636521603,20.0184560496091,20.822248447058,
21.6260408445068),.UNSPECIFIED.);
#1531=B_SPLINE_CURVE_WITH_KNOTS('',3,(#8463,#8464,#8465,#8466,#8467,#8468),
 .UNSPECIFIED.,.F.,.F.,(4,1,1,4),(19.2146636521603,20.0184560496091,20.822248447058,
21.6260408445068),.UNSPECIFIED.);
#1532=B_SPLINE_CURVE_WITH_KNOTS('',3,(#8471,#8472,#8473,#8474,#8475,#8476),
 .UNSPECIFIED.,.F.,.F.,(4,1,1,4),(116.604035913444,117.396752161991,118.189468410538,
118.429364449808),.UNSPECIFIED.);
#1533=B_SPLINE_CURVE_WITH_KNOTS('',3,(#8479,#8480,#8481,#8482),
 .UNSPECIFIED.,.F.,.F.,(4,4),(116.604035913444,117.190084569427),
 .UNSPECIFIED.);
#1534=B_SPLINE_CURVE_WITH_KNOTS('',3,(#8484,#8485,#8486,#8487,#8488,#8489),
 .UNSPECIFIED.,.F.,.F.,(4,1,1,4),(110.320850606264,111.124643003713,111.928435401162,
112.732227798611),.UNSPECIFIED.);
#1535=B_SPLINE_CURVE_WITH_KNOTS('',3,(#8490,#8491,#8492,#8493,#8494,#8495),
 .UNSPECIFIED.,.F.,.F.,(4,1,1,4),(110.320850606264,111.124643003713,111.928435401162,
112.732227798611),.UNSPECIFIED.);
#1536=B_SPLINE_CURVE_WITH_KNOTS('',3,(#8497,#8498,#8499,#8500,#8501,#8502),
 .UNSPECIFIED.,.F.,.F.,(4,1,1,4),(104.037665299085,104.841457696534,105.645250093982,
106.449042491431),.UNSPECIFIED.);
#1537=B_SPLINE_CURVE_WITH_KNOTS('',3,(#8503,#8504,#8505,#8506,#8507,#8508),
 .UNSPECIFIED.,.F.,.F.,(4,1,1,4),(104.037665299085,104.841457696534,105.645250093982,
106.449042491431),.UNSPECIFIED.);
#1538=B_SPLINE_CURVE_WITH_KNOTS('',3,(#8510,#8511,#8512,#8513,#8514,#8515),
 .UNSPECIFIED.,.F.,.F.,(4,1,1,4),(97.7544799919051,98.558272389354,99.3620647868028,
100.165857184252),.UNSPECIFIED.);
#1539=B_SPLINE_CURVE_WITH_KNOTS('',3,(#8516,#8517,#8518,#8519,#8520,#8521),
 .UNSPECIFIED.,.F.,.F.,(4,1,1,4),(97.7544799919051,98.5582723893539,99.3620647868028,
100.165857184252),.UNSPECIFIED.);
#1540=B_SPLINE_CURVE_WITH_KNOTS('',3,(#8523,#8524,#8525,#8526,#8527,#8528),
 .UNSPECIFIED.,.F.,.F.,(4,1,1,4),(91.4712946847255,92.2750870821744,93.0788794796232,
93.8826718770721),.UNSPECIFIED.);
#1541=B_SPLINE_CURVE_WITH_KNOTS('',3,(#8529,#8530,#8531,#8532,#8533,#8534),
 .UNSPECIFIED.,.F.,.F.,(4,1,1,4),(91.4712946847255,92.2750870821744,93.0788794796232,
93.8826718770721),.UNSPECIFIED.);
#1542=B_SPLINE_CURVE_WITH_KNOTS('',3,(#8536,#8537,#8538,#8539,#8540,#8541),
 .UNSPECIFIED.,.F.,.F.,(4,1,1,4),(85.1881093775459,85.9919017749948,86.7956941724436,
87.5994865698925),.UNSPECIFIED.);
#1543=B_SPLINE_CURVE_WITH_KNOTS('',3,(#8542,#8543,#8544,#8545,#8546,#8547),
 .UNSPECIFIED.,.F.,.F.,(4,1,1,4),(85.1881093775459,85.9919017749948,86.7956941724436,
87.5994865698925),.UNSPECIFIED.);
#1544=B_SPLINE_CURVE_WITH_KNOTS('',3,(#8549,#8550,#8551,#8552,#8553,#8554),
 .UNSPECIFIED.,.F.,.F.,(4,1,1,4),(78.9049240703663,79.7087164678152,80.512508865264,
81.3163012627129),.UNSPECIFIED.);
#1545=B_SPLINE_CURVE_WITH_KNOTS('',3,(#8555,#8556,#8557,#8558,#8559,#8560),
 .UNSPECIFIED.,.F.,.F.,(4,1,1,4),(78.9049240703663,79.7087164678152,80.512508865264,
81.3163012627129),.UNSPECIFIED.);
#1546=B_SPLINE_CURVE_WITH_KNOTS('',3,(#8562,#8563,#8564,#8565,#8566,#8567),
 .UNSPECIFIED.,.F.,.F.,(4,1,1,4),(72.6217387631867,73.4255311606356,74.2293235580845,
75.0331159555333),.UNSPECIFIED.);
#1547=B_SPLINE_CURVE_WITH_KNOTS('',3,(#8568,#8569,#8570,#8571,#8572,#8573),
 .UNSPECIFIED.,.F.,.F.,(4,1,1,4),(72.6217387631867,73.4255311606356,74.2293235580844,
75.0331159555333),.UNSPECIFIED.);
#1548=B_SPLINE_CURVE_WITH_KNOTS('',3,(#8575,#8576,#8577,#8578,#8579,#8580),
 .UNSPECIFIED.,.F.,.F.,(4,1,1,4),(66.3385534560071,67.142345853456,67.9461382509049,
68.7499306483537),.UNSPECIFIED.);
#1549=B_SPLINE_CURVE_WITH_KNOTS('',3,(#8581,#8582,#8583,#8584,#8585,#8586),
 .UNSPECIFIED.,.F.,.F.,(4,1,1,4),(66.3385534560071,67.142345853456,67.9461382509048,
68.7499306483537),.UNSPECIFIED.);
#1550=B_SPLINE_CURVE_WITH_KNOTS('',3,(#8588,#8589,#8590,#8591,#8592,#8593),
 .UNSPECIFIED.,.F.,.F.,(4,1,1,4),(60.0553681488276,60.8591605462764,61.6629529437253,
62.4667453411741),.UNSPECIFIED.);
#1551=B_SPLINE_CURVE_WITH_KNOTS('',3,(#8594,#8595,#8596,#8597,#8598,#8599),
 .UNSPECIFIED.,.F.,.F.,(4,1,1,4),(60.0553681488275,60.8591605462764,61.6629529437253,
62.4667453411741),.UNSPECIFIED.);
#1552=B_SPLINE_CURVE_WITH_KNOTS('',3,(#8601,#8602,#8603,#8604,#8605,#8606),
 .UNSPECIFIED.,.F.,.F.,(4,1,1,4),(53.772182841648,54.5759752390968,55.3797676365457,
56.1835600339946),.UNSPECIFIED.);
#1553=B_SPLINE_CURVE_WITH_KNOTS('',3,(#8607,#8608,#8609,#8610,#8611,#8612),
 .UNSPECIFIED.,.F.,.F.,(4,1,1,4),(53.7721828416479,54.5759752390968,55.3797676365457,
56.1835600339945),.UNSPECIFIED.);
#1554=B_SPLINE_CURVE_WITH_KNOTS('',3,(#8614,#8615,#8616,#8617,#8618,#8619),
 .UNSPECIFIED.,.F.,.F.,(4,1,1,4),(47.4889975344684,48.2927899319172,49.0965823293661,
49.900374726815),.UNSPECIFIED.);
#1555=B_SPLINE_CURVE_WITH_KNOTS('',3,(#8620,#8621,#8622,#8623,#8624,#8625),
 .UNSPECIFIED.,.F.,.F.,(4,1,1,4),(47.4889975344684,48.2927899319172,49.0965823293661,
49.900374726815),.UNSPECIFIED.);
#1556=B_SPLINE_CURVE_WITH_KNOTS('',3,(#8627,#8628,#8629,#8630,#8631,#8632),
 .UNSPECIFIED.,.F.,.F.,(4,1,1,4),(41.2058122272888,42.0096046247377,42.8133970221865,
43.6171894196354),.UNSPECIFIED.);
#1557=B_SPLINE_CURVE_WITH_KNOTS('',3,(#8633,#8634,#8635,#8636,#8637,#8638),
 .UNSPECIFIED.,.F.,.F.,(4,1,1,4),(41.2058122272888,42.0096046247376,42.8133970221865,
43.6171894196354),.UNSPECIFIED.);
#1558=B_SPLINE_CURVE_WITH_KNOTS('',3,(#8640,#8641,#8642,#8643,#8644,#8645),
 .UNSPECIFIED.,.F.,.F.,(4,1,1,4),(34.9226269201092,35.7264193175581,36.5302117150069,
37.3340041124558),.UNSPECIFIED.);
#1559=B_SPLINE_CURVE_WITH_KNOTS('',3,(#8646,#8647,#8648,#8649,#8650,#8651),
 .UNSPECIFIED.,.F.,.F.,(4,1,1,4),(34.9226269201092,35.7264193175581,36.5302117150069,
37.3340041124558),.UNSPECIFIED.);
#1560=B_SPLINE_CURVE_WITH_KNOTS('',3,(#8653,#8654,#8655,#8656,#8657,#8658),
 .UNSPECIFIED.,.F.,.F.,(4,1,1,4),(28.6394416129296,29.4432340103785,30.2470264078273,
31.0508188052762),.UNSPECIFIED.);
#1561=B_SPLINE_CURVE_WITH_KNOTS('',3,(#8659,#8660,#8661,#8662,#8663,#8664),
 .UNSPECIFIED.,.F.,.F.,(4,1,1,4),(28.6394416129296,29.4432340103785,30.2470264078273,
31.0508188052762),.UNSPECIFIED.);
#1562=B_SPLINE_CURVE_WITH_KNOTS('',3,(#8666,#8667,#8668,#8669,#8670,#8671),
 .UNSPECIFIED.,.F.,.F.,(4,1,1,4),(22.3562563057501,23.1600487031989,23.9638411006478,
24.7676334980966),.UNSPECIFIED.);
#1563=B_SPLINE_CURVE_WITH_KNOTS('',3,(#8672,#8673,#8674,#8675,#8676,#8677),
 .UNSPECIFIED.,.F.,.F.,(4,1,1,4),(22.35625630575,23.1600487031989,23.9638411006477,
24.7676334980966),.UNSPECIFIED.);
#1564=B_SPLINE_CURVE_WITH_KNOTS('',3,(#8694,#8695,#8696,#8697),
 .UNSPECIFIED.,.F.,.F.,(4,4),(-108.914529885836,-108.241514115797),
 .UNSPECIFIED.);
#1565=B_SPLINE_CURVE_WITH_KNOTS('',3,(#8722,#8723,#8724,#8725,#8726,#8727,
#8728,#8729,#8730,#8731),.UNSPECIFIED.,.F.,.F.,(4,3,3,4),(-104.147506447928,
-103.454813826997,-102.651021429548,-101.958328808618),.UNSPECIFIED.);
#1566=B_SPLINE_CURVE_WITH_KNOTS('',3,(#8756,#8757,#8758,#8759,#8760,#8761,
#8762,#8763,#8764,#8765),.UNSPECIFIED.,.F.,.F.,(4,3,3,4),(-97.8643211407483,
-97.1716285198175,-96.3678361223687,-95.675143501438),.UNSPECIFIED.);
#1567=B_SPLINE_CURVE_WITH_KNOTS('',3,(#8790,#8791,#8792,#8793,#8794,#8795,
#8796,#8797,#8798,#8799),.UNSPECIFIED.,.F.,.F.,(4,3,3,4),(-91.5811358335687,
-90.888443212638,-90.0846508151891,-89.3919581942584),.UNSPECIFIED.);
#1568=B_SPLINE_CURVE_WITH_KNOTS('',3,(#8824,#8825,#8826,#8827,#8828,#8829,
#8830,#8831,#8832,#8833),.UNSPECIFIED.,.F.,.F.,(4,3,3,4),(-85.2979505263891,
-84.6052579054584,-83.8014655080095,-83.1087728870788),.UNSPECIFIED.);
#1569=B_SPLINE_CURVE_WITH_KNOTS('',3,(#8858,#8859,#8860,#8861,#8862,#8863,
#8864,#8865,#8866,#8867),.UNSPECIFIED.,.F.,.F.,(4,3,3,4),(-79.0147652192095,
-78.3220725982788,-77.5182802008299,-76.8255875798993),.UNSPECIFIED.);
#1570=B_SPLINE_CURVE_WITH_KNOTS('',3,(#8892,#8893,#8894,#8895,#8896,#8897,
#8898,#8899,#8900,#8901),.UNSPECIFIED.,.F.,.F.,(4,3,3,4),(-72.7315799120299,
-72.0388872910992,-71.2350948936504,-70.5424022727197),.UNSPECIFIED.);
#1571=B_SPLINE_CURVE_WITH_KNOTS('',3,(#8926,#8927,#8928,#8929,#8930,#8931,
#8932,#8933,#8934,#8935),.UNSPECIFIED.,.F.,.F.,(4,3,3,4),(-66.4483946048503,
-65.7557019839196,-64.9519095864708,-64.2592169655401),.UNSPECIFIED.);
#1572=B_SPLINE_CURVE_WITH_KNOTS('',3,(#8960,#8961,#8962,#8963,#8964,#8965,
#8966,#8967,#8968,#8969),.UNSPECIFIED.,.F.,.F.,(4,3,3,4),(-60.1652092976707,
-59.47251667674,-58.6687242792912,-57.9760316583605),.UNSPECIFIED.);
#1573=B_SPLINE_CURVE_WITH_KNOTS('',3,(#8994,#8995,#8996,#8997,#8998,#8999,
#9000,#9001,#9002,#9003),.UNSPECIFIED.,.F.,.F.,(4,3,3,4),(-53.8820239904911,
-53.1893313695604,-52.3855389721116,-51.6928463511809),.UNSPECIFIED.);
#1574=B_SPLINE_CURVE_WITH_KNOTS('',3,(#9028,#9029,#9030,#9031,#9032,#9033,
#9034,#9035,#9036,#9037),.UNSPECIFIED.,.F.,.F.,(4,3,3,4),(-47.5988386833115,
-46.9061460623809,-46.102353664932,-45.4096610440013),.UNSPECIFIED.);
#1575=B_SPLINE_CURVE_WITH_KNOTS('',3,(#9062,#9063,#9064,#9065,#9066,#9067,
#9068,#9069,#9070,#9071),.UNSPECIFIED.,.F.,.F.,(4,3,3,4),(-41.3156533761319,
-40.6229607552013,-39.8191683577524,-39.1264757368217),.UNSPECIFIED.);
#1576=B_SPLINE_CURVE_WITH_KNOTS('',3,(#9096,#9097,#9098,#9099,#9100,#9101,
#9102,#9103,#9104,#9105),.UNSPECIFIED.,.F.,.F.,(4,3,3,4),(-35.0324680689524,
-34.3397754480217,-33.5359830505728,-32.8432904296421),.UNSPECIFIED.);
#1577=B_SPLINE_CURVE_WITH_KNOTS('',3,(#9130,#9131,#9132,#9133,#9134,#9135,
#9136,#9137,#9138,#9139),.UNSPECIFIED.,.F.,.F.,(4,3,3,4),(-28.7492827617728,
-28.0565901408421,-27.2527977433932,-26.5601051224626),.UNSPECIFIED.);
#1578=B_SPLINE_CURVE_WITH_KNOTS('',3,(#9164,#9165,#9166,#9167,#9168,#9169,
#9170,#9171,#9172,#9173),.UNSPECIFIED.,.F.,.F.,(4,3,3,4),(-22.4660974545932,
-21.7734048336625,-20.9696124362136,-20.276919815283),.UNSPECIFIED.);
#1579=B_SPLINE_CURVE_WITH_KNOTS('',3,(#9198,#9199,#9200,#9201,#9202,#9203,
#9204,#9205,#9206,#9207),.UNSPECIFIED.,.F.,.F.,(4,3,3,4),(-16.1829121474136,
-15.4902195264829,-14.6864271290341,-13.9937345081034),.UNSPECIFIED.);
#1580=B_SPLINE_CURVE_WITH_KNOTS('',3,(#9248,#9249,#9250,#9251,#9252,#9253,
#9254,#9255,#9256,#9257),.UNSPECIFIED.,.F.,.F.,(4,3,3,4),(-9.89972684023402,
-9.20703421930333,-8.40324182185447,-7.71054920092381),.UNSPECIFIED.);
#1581=B_SPLINE_CURVE_WITH_KNOTS('',3,(#9282,#9283,#9284,#9285,#9286,#9287,
#9288,#9289,#9290,#9291),.UNSPECIFIED.,.F.,.F.,(4,3,3,4),(-107.289099101518,
-106.574254182783,-105.781537934236,-105.099921462207),.UNSPECIFIED.);
#1582=B_SPLINE_CURVE_WITH_KNOTS('',3,(#9292,#9293,#9294,#9295,#9296,#9297,
#9298,#9299,#9300,#9301,#9302,#9303,#9304,#9305,#9306,#9307,#9308,#9309,
#9310,#9311,#9312,#9313,#9314,#9315,#9316,#9317,#9318,#9319),
 .UNSPECIFIED.,.F.,.F.,(4,3,3,3,3,3,3,3,3,4),(-0.316800817864983,-0.267117639733216,
-0.233727934766564,-0.223332419714312,-0.217488997730592,-0.168763575255981,
-0.119304166545001,-0.0699117581119254,-0.0212563624333472,0.),
 .UNSPECIFIED.);
#1583=B_SPLINE_CURVE_WITH_KNOTS('',3,(#9344,#9345,#9346,#9347,#9348,#9349,
#9350,#9351,#9352,#9353),.UNSPECIFIED.,.F.,.F.,(4,3,3,4),(-101.005913794338,
-100.313221173407,-99.5094287759585,-98.8167361550279),.UNSPECIFIED.);
#1584=B_SPLINE_CURVE_WITH_KNOTS('',3,(#9378,#9379,#9380,#9381,#9382,#9383,
#9384,#9385,#9386,#9387),.UNSPECIFIED.,.F.,.F.,(4,3,3,4),(-94.7227284871585,
-94.0300358662278,-93.2262434687789,-92.5335508478483),.UNSPECIFIED.);
#1585=B_SPLINE_CURVE_WITH_KNOTS('',3,(#9412,#9413,#9414,#9415,#9416,#9417,
#9418,#9419,#9420,#9421),.UNSPECIFIED.,.F.,.F.,(4,3,3,4),(-88.4395431799789,
-87.7468505590482,-86.9430581615993,-86.2503655406687),.UNSPECIFIED.);
#1586=B_SPLINE_CURVE_WITH_KNOTS('',3,(#9446,#9447,#9448,#9449,#9450,#9451,
#9452,#9453,#9454,#9455),.UNSPECIFIED.,.F.,.F.,(4,3,3,4),(-82.1563578727993,
-81.4636652518686,-80.6598728544197,-79.9671802334891),.UNSPECIFIED.);
#1587=B_SPLINE_CURVE_WITH_KNOTS('',3,(#9480,#9481,#9482,#9483,#9484,#9485,
#9486,#9487,#9488,#9489),.UNSPECIFIED.,.F.,.F.,(4,3,3,4),(-75.8731725656197,
-75.180479944689,-74.3766875472401,-73.6839949263095),.UNSPECIFIED.);
#1588=B_SPLINE_CURVE_WITH_KNOTS('',3,(#9514,#9515,#9516,#9517,#9518,#9519,
#9520,#9521,#9522,#9523),.UNSPECIFIED.,.F.,.F.,(4,3,3,4),(-69.5899872584401,
-68.8972946375094,-68.0935022400605,-67.4008096191299),.UNSPECIFIED.);
#1589=B_SPLINE_CURVE_WITH_KNOTS('',3,(#9548,#9549,#9550,#9551,#9552,#9553,
#9554,#9555,#9556,#9557),.UNSPECIFIED.,.F.,.F.,(4,3,3,4),(-63.3068019512605,
-62.6141093303298,-61.810316932881,-61.1176243119503),.UNSPECIFIED.);
#1590=B_SPLINE_CURVE_WITH_KNOTS('',3,(#9582,#9583,#9584,#9585,#9586,#9587,
#9588,#9589,#9590,#9591),.UNSPECIFIED.,.F.,.F.,(4,3,3,4),(-57.0236166440809,
-56.3309240231502,-55.5271316257014,-54.8344390047707),.UNSPECIFIED.);
#1591=B_SPLINE_CURVE_WITH_KNOTS('',3,(#9616,#9617,#9618,#9619,#9620,#9621,
#9622,#9623,#9624,#9625),.UNSPECIFIED.,.F.,.F.,(4,3,3,4),(-50.7404313369013,
-50.0477387159706,-49.2439463185218,-48.5512536975911),.UNSPECIFIED.);
#1592=B_SPLINE_CURVE_WITH_KNOTS('',3,(#9650,#9651,#9652,#9653,#9654,#9655,
#9656,#9657,#9658,#9659),.UNSPECIFIED.,.F.,.F.,(4,3,3,4),(-44.4572460297217,
-43.764553408791,-42.9607610113422,-42.2680683904115),.UNSPECIFIED.);
#1593=B_SPLINE_CURVE_WITH_KNOTS('',3,(#9684,#9685,#9686,#9687,#9688,#9689,
#9690,#9691,#9692,#9693),.UNSPECIFIED.,.F.,.F.,(4,3,3,4),(-38.1740607225422,
-37.4813681016115,-36.6775757041626,-35.9848830832319),.UNSPECIFIED.);
#1594=B_SPLINE_CURVE_WITH_KNOTS('',3,(#9718,#9719,#9720,#9721,#9722,#9723,
#9724,#9725,#9726,#9727),.UNSPECIFIED.,.F.,.F.,(4,3,3,4),(-31.8908754153626,
-31.1981827944319,-30.394390396983,-29.7016977760524),.UNSPECIFIED.);
#1595=B_SPLINE_CURVE_WITH_KNOTS('',3,(#9752,#9753,#9754,#9755,#9756,#9757,
#9758,#9759,#9760,#9761),.UNSPECIFIED.,.F.,.F.,(4,3,3,4),(-25.607690108183,
-24.9149974872523,-24.1112050898034,-23.4185124688728),.UNSPECIFIED.);
#1596=B_SPLINE_CURVE_WITH_KNOTS('',3,(#9786,#9787,#9788,#9789,#9790,#9791,
#9792,#9793,#9794,#9795),.UNSPECIFIED.,.F.,.F.,(4,3,3,4),(-19.3245048010034,
-18.6318121800727,-17.8280197826238,-17.1353271616932),.UNSPECIFIED.);
#1597=B_SPLINE_CURVE_WITH_KNOTS('',3,(#9820,#9821,#9822,#9823,#9824,#9825,
#9826,#9827,#9828,#9829),.UNSPECIFIED.,.F.,.F.,(4,3,3,4),(-13.0413194938238,
-12.3486268728931,-11.5448344754443,-10.8521418545136),.UNSPECIFIED.);
#1598=B_SPLINE_CURVE_WITH_KNOTS('',3,(#9854,#9855,#9856,#9857,#9858,#9859,
#9860,#9861,#9862,#9863),.UNSPECIFIED.,.F.,.F.,(4,3,3,4),(-3.61654153305444,
-2.92384891212374,-2.12005651467489,-2.10037966378323),.UNSPECIFIED.);
#1599=B_SPLINE_CURVE_WITH_KNOTS('',3,(#9888,#9889,#9890,#9891,#9892,#9893,
#9894,#9895,#9896,#9897),.UNSPECIFIED.,.F.,.F.,(4,3,3,4),(-6.75813418664423,
-6.06544156571352,-5.26164916826468,-4.56895654733401),.UNSPECIFIED.);
#1600=B_SPLINE_CURVE_WITH_KNOTS('',3,(#9898,#9899,#9900,#9901,#9902,#9903),
 .UNSPECIFIED.,.F.,.F.,(4,1,1,4),(16.0730709985705,16.8768633960193,17.6806557934682,
18.484448190917),.UNSPECIFIED.);
#1601=B_SPLINE_CURVE_WITH_KNOTS('',3,(#9928,#9929,#9930,#9931,#9932,#9933,
#9934,#9935,#9936,#9937),.UNSPECIFIED.,.F.,.F.,(4,3,3,4),(99.0148030456022,
99.7074956665329,100.511288063982,101.203980684912),.UNSPECIFIED.);
#1602=B_SPLINE_CURVE_WITH_KNOTS('',3,(#9962,#9963,#9964,#9965,#9966,#9967,
#9968,#9969,#9970,#9971),.UNSPECIFIED.,.F.,.F.,(4,3,3,4),(92.7316177384226,
93.4243103593533,94.2281027568021,94.9207953777328),.UNSPECIFIED.);
#1603=B_SPLINE_CURVE_WITH_KNOTS('',3,(#9996,#9997,#9998,#9999,#10000,#10001,
#10002,#10003,#10004,#10005),.UNSPECIFIED.,.F.,.F.,(4,3,3,4),(86.448432431243,
87.1411250521736,87.9449174496225,88.6376100705532),.UNSPECIFIED.);
#1604=B_SPLINE_CURVE_WITH_KNOTS('',3,(#10030,#10031,#10032,#10033,#10034,
#10035,#10036,#10037,#10038,#10039),.UNSPECIFIED.,.F.,.F.,(4,3,3,4),(80.1652471240634,
80.8579397449941,81.6617321424429,82.3544247633736),.UNSPECIFIED.);
#1605=B_SPLINE_CURVE_WITH_KNOTS('',3,(#10064,#10065,#10066,#10067,#10068,
#10069,#10070,#10071,#10072,#10073),.UNSPECIFIED.,.F.,.F.,(4,3,3,4),(73.8820618168838,
74.5747544378145,75.3785468352633,76.071239456194),.UNSPECIFIED.);
#1606=B_SPLINE_CURVE_WITH_KNOTS('',3,(#10098,#10099,#10100,#10101,#10102,
#10103,#10104,#10105,#10106,#10107),.UNSPECIFIED.,.F.,.F.,(4,3,3,4),(67.5988765097042,
68.2915691306349,69.0953615280838,69.7880541490144),.UNSPECIFIED.);
#1607=B_SPLINE_CURVE_WITH_KNOTS('',3,(#10132,#10133,#10134,#10135,#10136,
#10137,#10138,#10139,#10140,#10141),.UNSPECIFIED.,.F.,.F.,(4,3,3,4),(61.3156912025246,
62.0083838234553,62.8121762209042,63.5048688418348),.UNSPECIFIED.);
#1608=B_SPLINE_CURVE_WITH_KNOTS('',3,(#10166,#10167,#10168,#10169,#10170,
#10171,#10172,#10173,#10174,#10175),.UNSPECIFIED.,.F.,.F.,(4,3,3,4),(55.032505895345,
55.7251985162757,56.5289909137246,57.2216835346552),.UNSPECIFIED.);
#1609=B_SPLINE_CURVE_WITH_KNOTS('',3,(#10200,#10201,#10202,#10203,#10204,
#10205,#10206,#10207,#10208,#10209),.UNSPECIFIED.,.F.,.F.,(4,3,3,4),(48.7493205881654,
49.4420132090961,50.245805606545,50.9384982274757),.UNSPECIFIED.);
#1610=B_SPLINE_CURVE_WITH_KNOTS('',3,(#10234,#10235,#10236,#10237,#10238,
#10239,#10240,#10241,#10242,#10243),.UNSPECIFIED.,.F.,.F.,(4,3,3,4),(42.4661352809859,
43.1588279019165,43.9626202993654,44.6553129202961),.UNSPECIFIED.);
#1611=B_SPLINE_CURVE_WITH_KNOTS('',3,(#10268,#10269,#10270,#10271,#10272,
#10273,#10274,#10275,#10276,#10277),.UNSPECIFIED.,.F.,.F.,(4,3,3,4),(36.1829499738063,
36.875642594737,37.6794349921858,38.3721276131165),.UNSPECIFIED.);
#1612=B_SPLINE_CURVE_WITH_KNOTS('',3,(#10302,#10303,#10304,#10305,#10306,
#10307,#10308,#10309,#10310,#10311),.UNSPECIFIED.,.F.,.F.,(4,3,3,4),(29.8997646666267,
30.5924572875574,31.3962496850062,32.0889423059369),.UNSPECIFIED.);
#1613=B_SPLINE_CURVE_WITH_KNOTS('',3,(#10336,#10337,#10338,#10339,#10340,
#10341,#10342,#10343,#10344,#10345),.UNSPECIFIED.,.F.,.F.,(4,3,3,4),(23.6165793594471,
24.3092719803778,25.1130643778266,25.8057569987573),.UNSPECIFIED.);
#1614=B_SPLINE_CURVE_WITH_KNOTS('',3,(#10370,#10371,#10372,#10373,#10374,
#10375,#10376,#10377,#10378,#10379),.UNSPECIFIED.,.F.,.F.,(4,3,3,4),(17.3333940522675,
18.0260866731982,18.8298790706471,19.5225716915777),.UNSPECIFIED.);
#1615=B_SPLINE_CURVE_WITH_KNOTS('',3,(#10404,#10405,#10406,#10407,#10408,
#10409,#10410,#10411,#10412,#10413),.UNSPECIFIED.,.F.,.F.,(4,3,3,4),(11.0502087450879,
11.7429013660186,12.5466937634675,13.2393863843981),.UNSPECIFIED.);
#1616=B_SPLINE_CURVE_WITH_KNOTS('',3,(#10438,#10439,#10440,#10441,#10442,
#10443,#10444,#10445,#10446,#10447),.UNSPECIFIED.,.F.,.F.,(4,3,3,4),(4.76702343790835,
5.45971605883903,6.26350845628788,6.95620107721855),.UNSPECIFIED.);
#1617=B_SPLINE_CURVE_WITH_KNOTS('',3,(#10472,#10473,#10474,#10475,#10476,
#10477,#10478,#10479,#10480,#10481),.UNSPECIFIED.,.F.,.F.,(4,3,3,4),(105.297988352782,
105.990680973712,106.794473371161,106.814150222053),.UNSPECIFIED.);
#1618=B_SPLINE_CURVE_WITH_KNOTS('',3,(#10498,#10499,#10500,#10501,#10502,
#10503,#10504,#10505,#10506,#10507,#10508,#10509,#10510,#10511,#10512,#10513,
#10514,#10515,#10516,#10517,#10518,#10519,#10520,#10521,#10522,#10523,#10524,
#10525),.UNSPECIFIED.,.F.,.F.,(4,3,3,3,3,3,3,3,3,4),(-1.22649616691766,
-1.17806781846908,-1.12904002644427,-1.07982329302367,-1.07222000834981,
-1.06402213743447,-1.01459241920773,-0.964900316487373,-0.915208213767011,
-0.90987747521641),.UNSPECIFIED.);
#1619=B_SPLINE_CURVE_WITH_KNOTS('',3,(#10550,#10551,#10552,#10553,#10554,
#10555,#10556,#10557,#10558,#10559),.UNSPECIFIED.,.F.,.F.,(4,3,3,4),(102.156395699192,
102.849088320123,103.652880717571,104.345573338502),.UNSPECIFIED.);
#1620=B_SPLINE_CURVE_WITH_KNOTS('',3,(#10584,#10585,#10586,#10587,#10588,
#10589,#10590,#10591,#10592,#10593),.UNSPECIFIED.,.F.,.F.,(4,3,3,4),(95.8732103920124,
96.565903012943,97.3696954103919,98.0623880313226),.UNSPECIFIED.);
#1621=B_SPLINE_CURVE_WITH_KNOTS('',3,(#10618,#10619,#10620,#10621,#10622,
#10623,#10624,#10625,#10626,#10627),.UNSPECIFIED.,.F.,.F.,(4,3,3,4),(89.5900250848328,
90.2827177057635,91.0865101032123,91.779202724143),.UNSPECIFIED.);
#1622=B_SPLINE_CURVE_WITH_KNOTS('',3,(#10652,#10653,#10654,#10655,#10656,
#10657,#10658,#10659,#10660,#10661),.UNSPECIFIED.,.F.,.F.,(4,3,3,4),(83.3068397776532,
83.9995323985839,84.8033247960327,85.4960174169634),.UNSPECIFIED.);
#1623=B_SPLINE_CURVE_WITH_KNOTS('',3,(#10686,#10687,#10688,#10689,#10690,
#10691,#10692,#10693,#10694,#10695),.UNSPECIFIED.,.F.,.F.,(4,3,3,4),(77.0236544704736,
77.7163470914043,78.5201394888531,79.2128321097838),.UNSPECIFIED.);
#1624=B_SPLINE_CURVE_WITH_KNOTS('',3,(#10720,#10721,#10722,#10723,#10724,
#10725,#10726,#10727,#10728,#10729),.UNSPECIFIED.,.F.,.F.,(4,3,3,4),(70.740469163294,
71.4331617842247,72.2369541816735,72.9296468026042),.UNSPECIFIED.);
#1625=B_SPLINE_CURVE_WITH_KNOTS('',3,(#10754,#10755,#10756,#10757,#10758,
#10759,#10760,#10761,#10762,#10763),.UNSPECIFIED.,.F.,.F.,(4,3,3,4),(64.4572838561144,
65.1499764770451,65.953768874494,66.6464614954246),.UNSPECIFIED.);
#1626=B_SPLINE_CURVE_WITH_KNOTS('',3,(#10788,#10789,#10790,#10791,#10792,
#10793,#10794,#10795,#10796,#10797),.UNSPECIFIED.,.F.,.F.,(4,3,3,4),(58.1740985489348,
58.8667911698655,59.6705835673144,60.363276188245),.UNSPECIFIED.);
#1627=B_SPLINE_CURVE_WITH_KNOTS('',3,(#10822,#10823,#10824,#10825,#10826,
#10827,#10828,#10829,#10830,#10831),.UNSPECIFIED.,.F.,.F.,(4,3,3,4),(51.8909132417552,
52.5836058626859,53.3873982601348,54.0800908810655),.UNSPECIFIED.);
#1628=B_SPLINE_CURVE_WITH_KNOTS('',3,(#10856,#10857,#10858,#10859,#10860,
#10861,#10862,#10863,#10864,#10865),.UNSPECIFIED.,.F.,.F.,(4,3,3,4),(45.6077279345756,
46.3004205555063,47.1042129529552,47.7969055738859),.UNSPECIFIED.);
#1629=B_SPLINE_CURVE_WITH_KNOTS('',3,(#10890,#10891,#10892,#10893,#10894,
#10895,#10896,#10897,#10898,#10899),.UNSPECIFIED.,.F.,.F.,(4,3,3,4),(39.324542627396,
40.0172352483267,40.8210276457756,41.5137202667063),.UNSPECIFIED.);
#1630=B_SPLINE_CURVE_WITH_KNOTS('',3,(#10924,#10925,#10926,#10927,#10928,
#10929,#10930,#10931,#10932,#10933),.UNSPECIFIED.,.F.,.F.,(4,3,3,4),(33.0413573202165,
33.7340499411471,34.537842338596,35.2305349595267),.UNSPECIFIED.);
#1631=B_SPLINE_CURVE_WITH_KNOTS('',3,(#10958,#10959,#10960,#10961,#10962,
#10963,#10964,#10965,#10966,#10967),.UNSPECIFIED.,.F.,.F.,(4,3,3,4),(26.7581720130369,
27.4508646339676,28.2546570314164,28.9473496523471),.UNSPECIFIED.);
#1632=B_SPLINE_CURVE_WITH_KNOTS('',3,(#10992,#10993,#10994,#10995,#10996,
#10997,#10998,#10999,#11000,#11001),.UNSPECIFIED.,.F.,.F.,(4,3,3,4),(20.4749867058573,
21.167679326788,21.9714717242368,22.6641643451675),.UNSPECIFIED.);
#1633=B_SPLINE_CURVE_WITH_KNOTS('',3,(#11026,#11027,#11028,#11029,#11030,
#11031,#11032,#11033,#11034,#11035),.UNSPECIFIED.,.F.,.F.,(4,3,3,4),(14.1918013986777,
14.8844940196084,15.6882864170573,16.3809790379879),.UNSPECIFIED.);
#1634=B_SPLINE_CURVE_WITH_KNOTS('',3,(#11052,#11053,#11054,#11055),
 .UNSPECIFIED.,.F.,.F.,(4,4),(0.,0.673015770038964),.UNSPECIFIED.);
#1635=B_SPLINE_CURVE_WITH_KNOTS('',3,(#11080,#11081,#11082,#11083,#11084,
#11085,#11086,#11087,#11088,#11089),.UNSPECIFIED.,.F.,.F.,(4,3,3,4),(1.62543078431854,
2.34027570305274,3.13299195159984,3.81460842362877),.UNSPECIFIED.);
#1636=B_SPLINE_CURVE_WITH_KNOTS('',3,(#11123,#11124,#11125,#11126,#11127,
#11128,#11129,#11130,#11131,#11132),.UNSPECIFIED.,.F.,.F.,(4,3,3,4),(7.90861609149813,
8.60130871242881,9.40510110987767,10.0977937308084),.UNSPECIFIED.);
#1637=B_SPLINE_CURVE_WITH_KNOTS('',3,(#11148,#11149,#11150,#11151,#11152,
#11153,#11154,#11155,#11156,#11157,#11158,#11159,#11160,#11161,#11162,#11163,
#11164,#11165),.UNSPECIFIED.,.F.,.F.,(4,2,2,2,2,2,2,2,4),(0.,0.113680506231328,
0.227361012462655,0.340729211926458,0.45409741139026,0.567465610854062,
0.680833810317864,0.794514316549192,0.908194822780519),.UNSPECIFIED.);
#1638=B_SPLINE_CURVE_WITH_KNOTS('',3,(#11166,#11167,#11168,#11169,#11170,
#11171,#11172,#11173,#11174,#11175,#11176,#11177,#11178,#11179,#11180,#11181,
#11182,#11183),.UNSPECIFIED.,.F.,.F.,(4,2,2,2,2,2,2,2,4),(0.908194822780519,
1.02187149491563,1.13554816705073,1.24891598328618,1.36228379952163,1.47565161575707,
1.58901943199252,1.70269610412763,1.81637277626273),.UNSPECIFIED.);
#1639=B_SPLINE_CURVE_WITH_KNOTS('',3,(#11208,#11209,#11210,#11211,#11212,
#11213),.UNSPECIFIED.,.F.,.F.,(4,1,1,4),(16.0730709985704,16.8768633960193,
17.6806557934682,18.484448190917),.UNSPECIFIED.);
#1640=B_SPLINE_CURVE_WITH_KNOTS('',3,(#11293,#11294,#11295,#11296,#11297,
#11298,#11299,#11300,#11301,#11302,#11303,#11304,#11305,#11306),
 .UNSPECIFIED.,.F.,.F.,(4,2,2,2,2,2,4),(-0.0115143181405771,-0.00901544038540223,
-0.0063962857231833,-0.00351007462875565,-0.00176472990867661,0.,0.000131602856223415),
 .UNSPECIFIED.);
#1641=B_SPLINE_CURVE_WITH_KNOTS('',3,(#11307,#11308,#11309,#11310,#11311,
#11312,#11313,#11314,#11315,#11316,#11317,#11318,#11319,#11320),
 .UNSPECIFIED.,.F.,.F.,(4,2,2,2,2,2,4),(0.,0.0024903349114599,0.00510053554265504,
0.00797687962767927,0.00971625758642237,0.0114749544621592,0.011606107411367),
 .UNSPECIFIED.);
#1642=B_SPLINE_CURVE_WITH_KNOTS('',3,(#11345,#11346,#11347,#11348,#11349,
#11350,#11351,#11352,#11353,#11354,#11355,#11356,#11357,#11358),
 .UNSPECIFIED.,.F.,.F.,(4,2,2,2,2,2,4),(-0.000131602856219986,0.,0.00176472990867975,
0.00351007462876412,0.00639628572319871,0.00901544038542313,0.0115143181406046),
 .UNSPECIFIED.);
#1643=B_SPLINE_CURVE_WITH_KNOTS('',3,(#11365,#11366,#11367,#11368,#11369,
#11370,#11371,#11372,#11373,#11374,#11375,#11376,#11377,#11378),
 .UNSPECIFIED.,.F.,.F.,(4,2,2,2,2,2,4),(-0.0231602391357689,-0.0230286362795619,
-0.0212639063710067,-0.019518561651046,-0.0166323505568203,-0.0140131958947853,
-0.0115143181397852),.UNSPECIFIED.);
#1644=B_SPLINE_CURVE_WITH_KNOTS('',3,(#11589,#11590,#11591,#11592,#11593,
#11594,#11595),.UNSPECIFIED.,.F.,.F.,(4,3,4),(-23.2477856365645,-22.8520204920143,
-22.7402477125573),.UNSPECIFIED.);
#1645=B_SPLINE_CURVE_WITH_KNOTS('',3,(#11601,#11602,#11603,#11604,#11605,
#11606,#11607,#11608,#11609,#11610,#11611,#11612,#11613,#11614,#11615,#11616,
#11617,#11618,#11619,#11620,#11621,#11622,#11623,#11624,#11625,#11626,#11627,
#11628,#11629,#11630,#11631,#11632,#11633,#11634),.UNSPECIFIED.,.F.,.F.,
(4,3,3,3,3,3,3,3,3,3,3,4),(20.158756302643,20.4439531347433,20.9301663367787,
21.4163795388141,21.9025927408495,22.3888059428849,22.8750191449204,23.3612323469558,
23.8474455489912,24.3336587510266,24.819871953062,25.3060851550975),
 .UNSPECIFIED.);
#1646=B_SPLINE_CURVE_WITH_KNOTS('',3,(#11636,#11637,#11638,#11639,#11640,
#11641,#11642,#11643,#11644,#11645,#11646,#11647,#11648,#11649,#11650,#11651,
#11652,#11653,#11654,#11655,#11656,#11657,#11658,#11659,#11660,#11661,#11662,
#11663,#11664,#11665,#11666,#11667,#11668,#11669,#11670,#11671,#11672,#11673,
#11674,#11675,#11676,#11677,#11678),.UNSPECIFIED.,.F.,.F.,(4,3,3,3,3,3,
3,3,3,3,3,3,3,3,4),(-22.7402477125573,-22.3658072900566,-21.8795940880988,
-21.3933808861411,-20.9071676841833,-20.4209544822255,-19.9347412802678,
-19.44852807831,-18.9623148763523,-18.4761016743945,-17.9898884724368,-17.503675270479,
-17.0174620685213,-16.5312488665635,-16.4570624053777),.UNSPECIFIED.);
#1647=B_SPLINE_CURVE_WITH_KNOTS('',3,(#11683,#11684,#11685,#11686,#11687,
#11688,#11689,#11690,#11691,#11692,#11693,#11694,#11695,#11696,#11697,#11698,
#11699,#11700,#11701,#11702,#11703,#11704,#11705,#11706,#11707,#11708,#11709,
#11710,#11711,#11712,#11713,#11714,#11715,#11716,#11717,#11718,#11719,#11720,
#11721,#11722,#11723,#11724,#11725),.UNSPECIFIED.,.F.,.F.,(4,3,3,3,3,3,
3,3,3,3,3,3,3,3,4),(13.8755709954634,14.1231815082828,14.6093947103182,
15.0956079123536,15.581821114389,16.0680343164245,16.5542475184599,17.0404607204953,
17.5266739225307,18.0128871245661,18.4991003266016,18.985313528637,19.4715267306724,
19.9577399327078,20.158756302643),.UNSPECIFIED.);
#1648=B_SPLINE_CURVE_WITH_KNOTS('',3,(#11726,#11727,#11728,#11729,#11730,
#11731,#11732,#11733,#11734,#11735,#11736,#11737,#11738,#11739,#11740,#11741,
#11742,#11743,#11744,#11745,#11746,#11747,#11748,#11749,#11750,#11751,#11752,
#11753,#11754,#11755,#11756,#11757,#11758,#11759,#11760,#11761,#11762,#11763,
#11764,#11765,#11766,#11767,#11768),.UNSPECIFIED.,.F.,.F.,(4,3,3,3,3,3,
3,3,3,3,3,3,3,3,4),(-16.4570624053777,-16.0450356646058,-15.558822462648,
-15.0726092606903,-14.5863960587325,-14.1001828567748,-13.613969654817,
-13.1277564528593,-12.6415432509015,-12.1553300489438,-11.669116846986,
-11.1829036450283,-10.6966904430705,-10.2104772411128,-10.1738770981981),
 .UNSPECIFIED.);
#1649=B_SPLINE_CURVE_WITH_KNOTS('',3,(#11774,#11775,#11776,#11777,#11778,
#11779,#11780,#11781,#11782,#11783,#11784,#11785,#11786,#11787,#11788,#11789,
#11790,#11791,#11792,#11793,#11794,#11795,#11796,#11797,#11798),
 .UNSPECIFIED.,.F.,.F.,(4,3,3,3,3,3,3,3,4),(-3.89069179101853,-3.40349241370426,
-2.91727921174651,-2.43106600978876,-1.944852807831,-1.45863960587325,-0.972426403915503,
-0.486213201957751,0.),.UNSPECIFIED.);
#1650=B_SPLINE_CURVE_WITH_KNOTS('',3,(#11801,#11802,#11803,#11804,#11805,
#11806,#11807,#11808,#11809,#11810,#11811,#11812,#11813,#11814,#11815,#11816,
#11817,#11818,#11819,#11820,#11821,#11822,#11823,#11824,#11825,#11826,#11827,
#11828,#11829,#11830,#11831,#11832,#11833,#11834,#11835,#11836,#11837),
 .UNSPECIFIED.,.F.,.F.,(4,3,3,3,3,3,3,3,3,3,3,3,4),(2.05829951853297,2.45406465943268,
2.9402778614681,3.42649106350352,3.91270426553894,4.39891746757436,4.88513066960979,
5.37134387164521,5.85755707368063,6.34377027571605,6.82998347775147,7.31619667978689,
7.59238568828383),.UNSPECIFIED.);
#1651=B_SPLINE_CURVE_WITH_KNOTS('',3,(#11843,#11844,#11845,#11846,#11847,
#11848,#11849,#11850,#11851),.UNSPECIFIED.,.F.,.F.,(4,1,1,1,1,1,4),(34.5575191894877,
34.6692919689447,35.1555051709025,35.6417183728602,36.127931574818,36.6141447767757,
37.1003579787335),.UNSPECIFIED.);
#1652=B_SPLINE_CURVE_WITH_KNOTS('',3,(#11854,#11855,#11856,#11857,#11858,
#11859,#11860,#11861,#11862,#11863),.UNSPECIFIED.,.F.,.F.,(4,1,1,1,1,1,
1,4),(34.5575191894877,34.842716021588,35.3289292236234,35.8151424256588,
36.3013556276942,36.7875688297297,37.2737820317651,37.6235498701148),
 .UNSPECIFIED.);
#1653=B_SPLINE_CURVE_WITH_KNOTS('',3,(#11868,#11869,#11870,#11871,#11872,
#11873,#11874,#11875,#11876,#11877,#11878,#11879,#11880,#11881,#11882,#11883,
#11884),.UNSPECIFIED.,.F.,.F.,(4,1,1,1,1,1,1,1,1,1,1,1,1,1,4),(28.2743338823081,
28.348520343494,28.8347335454517,29.3209467474095,29.8071599493672,30.293373151325,
30.7795863532827,31.2657995552405,31.7520127571982,32.238225959156,32.7244391611137,
33.2106523630715,33.6968655650292,34.183078766987,34.5575191894877),
 .UNSPECIFIED.);
#1654=B_SPLINE_CURVE_WITH_KNOTS('',3,(#11885,#11886,#11887,#11888,#11889,
#11890,#11891,#11892,#11893,#11894,#11895,#11896,#11897,#11898,#11899,#11900,
#11901),.UNSPECIFIED.,.F.,.F.,(4,1,1,1,1,1,1,1,1,1,1,1,1,1,4),(28.2743338823081,
28.5219443951275,29.0081575971629,29.4943707991983,29.9805840012338,30.4667972032692,
30.9530104053046,31.43922360734,31.9254368093754,32.4116500114109,32.8978632134463,
33.3840764154817,33.8702896175171,34.3565028195525,34.5575191894877),
 .UNSPECIFIED.);
#1655=B_SPLINE_CURVE_WITH_KNOTS('',3,(#11906,#11907,#11908,#11909,#11910,
#11911,#11912,#11913,#11914,#11915,#11916,#11917,#11918,#11919,#11920,#11921,
#11922),.UNSPECIFIED.,.F.,.F.,(4,1,1,1,1,1,1,1,1,1,1,1,1,1,4),(21.9911485751285,
22.0277487180432,22.513961920001,23.0001751219587,23.4863883239165,23.9726015258742,
24.458814727832,24.9450279297897,25.4312411317475,25.9174543337052,26.403667535663,
26.8898807376207,27.3760939395785,27.8623071415362,28.2743338823081),
 .UNSPECIFIED.);
#1656=B_SPLINE_CURVE_WITH_KNOTS('',3,(#11923,#11924,#11925,#11926,#11927,
#11928,#11929,#11930,#11931,#11932,#11933,#11934,#11935,#11936,#11937,#11938,
#11939),.UNSPECIFIED.,.F.,.F.,(4,1,1,1,1,1,1,1,1,1,1,1,1,1,4),(21.9911485751285,
22.201172768667,22.6873859707024,23.1735991727379,23.6598123747733,24.1460255768087,
24.6322387788441,25.1184519808795,25.604665182915,26.0908783849504,26.5770915869858,
27.0633047890212,27.5495179910566,28.0357311930921,28.2743338823081),
 .UNSPECIFIED.);
#1657=B_SPLINE_CURVE_WITH_KNOTS('',3,(#11945,#11946,#11947,#11948,#11949,
#11950),.UNSPECIFIED.,.F.,.F.,(4,1,1,4),(14.4217615361003,14.9079747381357,
15.3941879401711,15.707963267949),.UNSPECIFIED.);
#1658=B_SPLINE_CURVE_WITH_KNOTS('',3,(#11955,#11956,#11957,#11958,#11959,
#11960,#11961,#11962),.UNSPECIFIED.,.F.,.F.,(4,1,1,1,1,4),(13.898569644719,
14.2483374867192,14.7345506886769,15.2207638906347,15.7069770925924,15.707963267949),
 .UNSPECIFIED.);
#1659=B_SPLINE_CURVE_WITH_KNOTS('',3,(#12014,#12015,#12016,#12017,#12018,
#12019),.UNSPECIFIED.,.F.,.F.,(4,2,4),(1.00150314445715,1.37516419366408,
1.74882524287101),.UNSPECIFIED.);
#1660=B_SPLINE_CURVE_WITH_KNOTS('',3,(#12024,#12025,#12026,#12027,#12028,
#12029,#12030,#12031,#12032,#12033,#12034,#12035,#12036,#12037,#12038,#12039,
#12040,#12041,#12042,#12043,#12044,#12045,#12046,#12047,#12048,#12049,#12050,
#12051,#12052,#12053,#12054,#12055,#12056,#12057),.UNSPECIFIED.,.F.,.F.,
(4,3,3,3,3,3,3,3,3,3,3,4),(-1.19517942093517,-1.14404829060183,-1.11274351818986,
-1.06197666351733,-1.01100959573668,-0.959971303361022,-0.931443669620266,
-0.880617799499147,-0.829806722180871,-0.82077529801405,-0.769504356408684,
-0.718233414803318),.UNSPECIFIED.);
#1661=B_SPLINE_CURVE_WITH_KNOTS('',3,(#12059,#12060,#12061,#12062,#12063,
#12064,#12065,#12066,#12067,#12068,#12069,#12070,#12071,#12072,#12073,#12074,
#12075,#12076,#12077,#12078,#12079,#12080,#12081,#12082,#12083,#12084,#12085,
#12086,#12087,#12088,#12089),.UNSPECIFIED.,.F.,.F.,(4,3,3,3,3,3,3,3,3,3,
4),(-0.450314493412578,-0.399494539548464,-0.346429962481094,-0.293365385413724,
-0.24249898718864,-0.239625915401426,-0.189257060733735,-0.138018139554935,
-0.0867392082171424,-0.0361025361855415,0.),.UNSPECIFIED.);
#1662=B_SPLINE_CURVE_WITH_KNOTS('',3,(#12091,#12092,#12093,#12094,#12095,
#12096),.UNSPECIFIED.,.F.,.F.,(4,2,4),(1.00150314445714,1.37516419366408,
1.74882524287101),.UNSPECIFIED.);
#1663=B_SPLINE_CURVE_WITH_KNOTS('',3,(#12097,#12098,#12099,#12100,#12101,
#12102),.UNSPECIFIED.,.F.,.F.,(4,2,4),(1.00150314445714,1.37516419366408,
1.74882524287101),.UNSPECIFIED.);
#1664=B_SPLINE_CURVE_WITH_KNOTS('',3,(#12103,#12104,#12105,#12106,#12107,
#12108),.UNSPECIFIED.,.F.,.F.,(4,2,4),(1.00150314445715,1.37516419366408,
1.74882524287101),.UNSPECIFIED.);
#1665=B_SPLINE_CURVE_WITH_KNOTS('',3,(#12109,#12110,#12111,#12112,#12113,
#12114),.UNSPECIFIED.,.F.,.F.,(4,2,4),(1.00150314445715,1.37516419366408,
1.74882524287101),.UNSPECIFIED.);
#1666=B_SPLINE_CURVE_WITH_KNOTS('',3,(#12116,#12117,#12118,#12119,#12120,
#12121),.UNSPECIFIED.,.F.,.F.,(4,2,4),(1.00150314445714,1.37516419366408,
1.74882524287101),.UNSPECIFIED.);
#1667=B_SPLINE_CURVE_WITH_KNOTS('',3,(#12125,#12126,#12127,#12128,#12129,
#12130,#12131,#12132,#12133,#12134,#12135,#12136,#12137,#12138,#12139,#12140,
#12141,#12142,#12143,#12144,#12145,#12146,#12147,#12148,#12149,#12150,#12151,
#12152,#12153,#12154,#12155,#12156,#12157,#12158),.UNSPECIFIED.,.F.,.F.,
(4,3,3,3,3,3,3,3,3,3,3,4),(-1.19517941606119,-1.14404828632042,-1.11274351800237,
-1.06197666351735,-1.01100959600105,-0.959971303496545,-0.931443669620284,
-0.880617799560267,-0.829806722151382,-0.820775297873123,-0.769504356338211,
-0.718233414803299),.UNSPECIFIED.);
#1668=B_SPLINE_CURVE_WITH_KNOTS('',3,(#12161,#12162,#12163,#12164,#12165,
#12166,#12167),.UNSPECIFIED.,.F.,.F.,(4,3,4),(-0.373661049206932,0.,0.373661049206933),
 .UNSPECIFIED.);
#1669=B_SPLINE_CURVE_WITH_KNOTS('',3,(#12170,#12171,#12172,#12173,#12174,
#12175,#12176),.UNSPECIFIED.,.F.,.F.,(4,3,4),(-0.373661049206932,0.,0.373661049206932),
 .UNSPECIFIED.);
#1670=B_SPLINE_CURVE_WITH_KNOTS('',3,(#12177,#12178,#12179,#12180,#12181,
#12182,#12183),.UNSPECIFIED.,.F.,.F.,(4,3,4),(-0.373661049206932,0.,0.373661049206932),
 .UNSPECIFIED.);
#1671=B_SPLINE_CURVE_WITH_KNOTS('',3,(#12184,#12185,#12186,#12187,#12188,
#12189,#12190),.UNSPECIFIED.,.F.,.F.,(4,3,4),(-0.373661049206933,0.,0.373661049206932),
 .UNSPECIFIED.);
#1672=B_SPLINE_CURVE_WITH_KNOTS('',3,(#12191,#12192,#12193,#12194,#12195,
#12196,#12197),.UNSPECIFIED.,.F.,.F.,(4,3,4),(-0.373661049206933,0.,0.373661049206933),
 .UNSPECIFIED.);
#1673=B_SPLINE_CURVE_WITH_KNOTS('',3,(#12198,#12199,#12200,#12201,#12202,
#12203,#12204),.UNSPECIFIED.,.F.,.F.,(4,3,4),(-0.373661049206932,0.,0.373661049206932),
 .UNSPECIFIED.);
#1674=B_SPLINE_CURVE_WITH_KNOTS('',3,(#12206,#12207,#12208,#12209,#12210,
#12211,#12212,#12213,#12214,#12215,#12216,#12217,#12218,#12219,#12220,#12221,
#12222,#12223,#12224,#12225,#12226,#12227,#12228,#12229,#12230,#12231,#12232,
#12233,#12234,#12235,#12236),.UNSPECIFIED.,.F.,.F.,(4,3,3,3,3,3,3,3,3,3,
4),(-0.450314493412578,-0.399494540933617,-0.346429961984895,-0.293365383036172,
-0.242498984372508,-0.239625915401426,-0.189257052642947,-0.138018128868879,
-0.0867391995768028,-0.0361025368993442,0.),.UNSPECIFIED.);
#1675=B_SPLINE_CURVE_WITH_KNOTS('',3,(#12242,#12243,#12244,#12245,#12246,
#12247,#12248,#12249,#12250,#12251,#12252,#12253,#12254,#12255,#12256,#12257,
#12258,#12259,#12260,#12261,#12262,#12263,#12264,#12265,#12266,#12267,#12268,
#12269,#12270,#12271,#12272,#12273,#12274,#12275,#12276,#12277,#12278,#12279,
#12280,#12281,#12282,#12283,#12284,#12285,#12286,#12287,#12288,#12289,#12290,
#12291,#12292,#12293,#12294,#12295,#12296,#12297,#12298,#12299,#12300,#12301,
#12302,#12303,#12304,#12305,#12306,#12307,#12308,#12309,#12310,#12311,#12312,
#12313,#12314),.UNSPECIFIED.,.F.,.F.,(4,3,3,3,3,3,3,3,3,3,3,3,3,3,3,3,3,
3,3,3,3,3,3,3,4),(0.46408252665457,0.472699525596587,0.523268699436069,
0.573761344932912,0.597425254191408,0.648074829267373,0.677615310684318,
0.691312313596098,0.698485166373703,0.704609858425574,0.754829349437387,
0.80514225889688,0.854921532192596,0.884398680602936,0.919799828036157,
0.92717538542563,0.934052159784876,0.98384980114937,1.0297893158792,1.06424395192658,
1.07438150896566,1.08203947137396,1.1316277942998,1.16760786006871,1.21991819684986),
 .UNSPECIFIED.);
#1676=B_SPLINE_CURVE_WITH_KNOTS('',3,(#12315,#12316,#12317,#12318,#12319,
#12320,#12321,#12322,#12323,#12324,#12325,#12326,#12327,#12328,#12329,#12330,
#12331,#12332,#12333,#12334,#12335,#12336,#12337,#12338,#12339,#12340,#12341,
#12342,#12343,#12344,#12345,#12346,#12347,#12348,#12349,#12350,#12351,#12352,
#12353,#12354,#12355,#12356,#12357,#12358,#12359,#12360,#12361,#12362,#12363,
#12364,#12365,#12366,#12367,#12368,#12369,#12370,#12371,#12372,#12373,#12374,
#12375,#12376,#12377,#12378,#12379,#12380,#12381,#12382,#12383,#12384),
 .UNSPECIFIED.,.F.,.F.,(4,3,3,3,3,3,3,3,3,3,3,3,3,3,3,3,3,3,3,3,3,3,3,4),
(0.,0.048757363733994,0.0982462580029961,0.148076324487587,0.197612039737387,
0.218901825709548,0.225664437918605,0.232289401855945,0.282771183626032,
0.332454795180326,0.382576584162804,0.429151176275344,0.446616648317547,
0.453860268014185,0.460515700369668,0.51082355639479,0.561308326214914,
0.568874952612965,0.619320476202239,0.653384787483028,0.67893302094362,
0.684678662702486,0.735116767726632,0.755577721325396),.UNSPECIFIED.);
#1677=B_SPLINE_CURVE_WITH_KNOTS('',3,(#12605,#12606,#12607,#12608,#12609,
#12610,#12611,#12612,#12613,#12614,#12615,#12616,#12617,#12618,#12619,#12620),
 .UNSPECIFIED.,.F.,.F.,(4,1,1,1,1,1,1,1,1,1,1,1,1,4),(15.707963267949,16.1931902945502,
16.6794034965079,17.1656166984657,17.6518299004235,18.1380431023812,18.624256304339,
19.1104695062967,19.5966827082545,20.0828959102122,20.56910911217,21.0553223141277,
21.5415355160855,21.9911485751285),.UNSPECIFIED.);
#1678=B_SPLINE_CURVE_WITH_KNOTS('',3,(#12621,#12622,#12623,#12624,#12625,
#12626,#12627,#12628,#12629,#12630,#12631,#12632,#12633,#12634,#12635,#12636,
#12637,#12638,#12639,#12640,#12641,#12642,#12643,#12644,#12645,#12646,#12647,
#12648,#12649,#12650,#12651,#12652,#12653,#12654,#12655,#12656,#12657,#12658,
#12659,#12660,#12661,#12662,#12663,#12664,#12665,#12666,#12667,#12668,#12669,
#12670,#12671,#12672,#12673,#12674,#12675,#12676,#12677,#12678,#12679,#12680,
#12681,#12682,#12683,#12684,#12685,#12686,#12687,#12688,#12689,#12690),
 .UNSPECIFIED.,.F.,.F.,(4,3,3,3,3,3,3,3,3,3,3,3,3,3,3,3,3,3,3,3,3,3,3,4),
(0.,0.0487573752266518,0.0982462768121449,0.148076342120635,0.19761205188576,
0.218901834809467,0.225664435364875,0.23228940133848,0.282771183580585,
0.332454787951748,0.382576574024694,0.42915116864875,0.446616641632771,
0.453860254442034,0.46051569708685,0.510823549016591,0.561308319455993,
0.56887495252092,0.619320477371926,0.653384788360291,0.678933021601564,
0.684678662904286,0.73511677073222,0.755577721325383),.UNSPECIFIED.);
#1679=B_SPLINE_CURVE_WITH_KNOTS('',3,(#12691,#12692,#12693,#12694,#12695,
#12696,#12697,#12698,#12699,#12700,#12701,#12702,#12703,#12704,#12705,#12706,
#12707,#12708,#12709,#12710,#12711,#12712,#12713,#12714,#12715,#12716,#12717,
#12718,#12719,#12720,#12721,#12722,#12723,#12724,#12725,#12726,#12727,#12728,
#12729,#12730),.UNSPECIFIED.,.F.,.F.,(4,3,3,3,3,3,3,3,3,3,3,3,3,4),(-10.1738770981981,
-9.72426403915502,-9.23805083719727,-8.75183763523952,-8.26562443328177,
-7.77941123132402,-7.29319802936626,-6.80698482740851,-6.32077162545077,
-5.83455842349301,-5.34834522153526,-4.86213201957751,-4.37591881761976,
-3.89069179101853),.UNSPECIFIED.);
#1680=B_SPLINE_CURVE_WITH_KNOTS('',3,(#12732,#12733,#12734,#12735,#12736,
#12737,#12738,#12739,#12740,#12741,#12742,#12743,#12744,#12745,#12746,#12747,
#12748,#12749,#12750,#12751,#12752,#12753,#12754,#12755,#12756,#12757,#12758,
#12759,#12760,#12761,#12762,#12763,#12764,#12765,#12766,#12767,#12768,#12769,
#12770,#12771,#12772,#12773,#12774,#12775,#12776,#12777,#12778,#12779,#12780,
#12781,#12782,#12783,#12784,#12785,#12786,#12787,#12788,#12789,#12790,#12791,
#12792,#12793,#12794,#12795,#12796,#12797,#12798,#12799,#12800,#12801,#12802,
#12803,#12804),.UNSPECIFIED.,.F.,.F.,(4,3,3,3,3,3,3,3,3,3,3,3,3,3,3,3,3,
3,3,3,3,3,3,3,4),(0.46408252665457,0.472699525761038,0.523268701703118,
0.573761345397994,0.597425251883373,0.648074826481433,0.677615307967509,
0.691312312123725,0.698485155144349,0.704609842427083,0.754829332235069,
0.805142241542474,0.854921514653086,0.884398678370046,0.919799825812368,
0.927175373630847,0.934052138482587,0.983849779423601,1.02978929904485,
1.06424393876079,1.07438148390778,1.08203946626146,1.13162778958316,1.16760785790862,
1.21991819684984),.UNSPECIFIED.);
#1681=B_SPLINE_CURVE_WITH_KNOTS('',3,(#12810,#12811,#12812,#12813,#12814,
#12815,#12816,#12817,#12818,#12819,#12820,#12821,#12822,#12823,#12824,#12825,
#12826),.UNSPECIFIED.,.F.,.F.,(4,1,1,1,1,1,1,1,1,1,1,1,1,1,4),(15.707963267949,
15.8804011422065,16.366614344242,16.8528275462774,17.3390407483128,17.8252539503482,
18.3114671523836,18.7976803544191,19.2838935564545,19.7701067584899,20.2563199605253,
20.7425331625608,21.2287463645962,21.7149595666316,21.9911485751285),
 .UNSPECIFIED.);
#1682=B_SPLINE_CURVE_WITH_KNOTS('',3,(#13047,#13048,#13049,#13050,#13051,
#13052,#13053,#13054,#13055,#13056,#13057,#13058,#13059,#13060,#13061,#13062,
#13063,#13064,#13065,#13066,#13067,#13068,#13069,#13070,#13071,#13072,#13073,
#13074,#13075,#13076,#13077,#13078,#13079,#13080,#13081,#13082,#13083,#13084,
#13085,#13086,#13087,#13088,#13089),.UNSPECIFIED.,.F.,.F.,(4,3,3,3,3,3,
3,3,3,3,3,3,3,3,4),(7.59238568828383,7.80240988182231,8.28862308385773,
8.77483628589315,9.26104948792857,9.747262689964,10.2334758919994,10.7196890940348,
11.2059022960703,11.6921154981057,12.1783287001411,12.6645419021765,13.1507551042119,
13.6369683062474,13.8755709954634),.UNSPECIFIED.);
#1683=VERTEX_POINT('',#5616);
#1684=VERTEX_POINT('',#5617);
#1685=VERTEX_POINT('',#5628);
#1686=VERTEX_POINT('',#5630);
#1687=VERTEX_POINT('',#5647);
#1688=VERTEX_POINT('',#5649);
#1689=VERTEX_POINT('',#5666);
#1690=VERTEX_POINT('',#5668);
#1691=VERTEX_POINT('',#5685);
#1692=VERTEX_POINT('',#5687);
#1693=VERTEX_POINT('',#5704);
#1694=VERTEX_POINT('',#5706);
#1695=VERTEX_POINT('',#5723);
#1696=VERTEX_POINT('',#5725);
#1697=VERTEX_POINT('',#5742);
#1698=VERTEX_POINT('',#5744);
#1699=VERTEX_POINT('',#5761);
#1700=VERTEX_POINT('',#5763);
#1701=VERTEX_POINT('',#5780);
#1702=VERTEX_POINT('',#5782);
#1703=VERTEX_POINT('',#5799);
#1704=VERTEX_POINT('',#5801);
#1705=VERTEX_POINT('',#5818);
#1706=VERTEX_POINT('',#5820);
#1707=VERTEX_POINT('',#5837);
#1708=VERTEX_POINT('',#5839);
#1709=VERTEX_POINT('',#5856);
#1710=VERTEX_POINT('',#5858);
#1711=VERTEX_POINT('',#5875);
#1712=VERTEX_POINT('',#5877);
#1713=VERTEX_POINT('',#5894);
#1714=VERTEX_POINT('',#5896);
#1715=VERTEX_POINT('',#5913);
#1716=VERTEX_POINT('',#5915);
#1717=VERTEX_POINT('',#5932);
#1718=VERTEX_POINT('',#5934);
#1719=VERTEX_POINT('',#5951);
#1720=VERTEX_POINT('',#5953);
#1721=VERTEX_POINT('',#5970);
#1722=VERTEX_POINT('',#5972);
#1723=VERTEX_POINT('',#5989);
#1724=VERTEX_POINT('',#5991);
#1725=VERTEX_POINT('',#6008);
#1726=VERTEX_POINT('',#6010);
#1727=VERTEX_POINT('',#6027);
#1728=VERTEX_POINT('',#6029);
#1729=VERTEX_POINT('',#6046);
#1730=VERTEX_POINT('',#6048);
#1731=VERTEX_POINT('',#6065);
#1732=VERTEX_POINT('',#6067);
#1733=VERTEX_POINT('',#6084);
#1734=VERTEX_POINT('',#6086);
#1735=VERTEX_POINT('',#6103);
#1736=VERTEX_POINT('',#6105);
#1737=VERTEX_POINT('',#6122);
#1738=VERTEX_POINT('',#6124);
#1739=VERTEX_POINT('',#6141);
#1740=VERTEX_POINT('',#6143);
#1741=VERTEX_POINT('',#6160);
#1742=VERTEX_POINT('',#6162);
#1743=VERTEX_POINT('',#6179);
#1744=VERTEX_POINT('',#6181);
#1745=VERTEX_POINT('',#6198);
#1746=VERTEX_POINT('',#6200);
#1747=VERTEX_POINT('',#6217);
#1748=VERTEX_POINT('',#6219);
#1749=VERTEX_POINT('',#6236);
#1750=VERTEX_POINT('',#6238);
#1751=VERTEX_POINT('',#6255);
#1752=VERTEX_POINT('',#6257);
#1753=VERTEX_POINT('',#6262);
#1754=VERTEX_POINT('',#6264);
#1755=VERTEX_POINT('',#6266);
#1756=VERTEX_POINT('',#6268);
#1757=VERTEX_POINT('',#6270);
#1758=VERTEX_POINT('',#6272);
#1759=VERTEX_POINT('',#6283);
#1760=VERTEX_POINT('',#6285);
#1761=VERTEX_POINT('',#6299);
#1762=VERTEX_POINT('',#6301);
#1763=VERTEX_POINT('',#6315);
#1764=VERTEX_POINT('',#6317);
#1765=VERTEX_POINT('',#6331);
#1766=VERTEX_POINT('',#6333);
#1767=VERTEX_POINT('',#6347);
#1768=VERTEX_POINT('',#6349);
#1769=VERTEX_POINT('',#6363);
#1770=VERTEX_POINT('',#6365);
#1771=VERTEX_POINT('',#6379);
#1772=VERTEX_POINT('',#6381);
#1773=VERTEX_POINT('',#6395);
#1774=VERTEX_POINT('',#6397);
#1775=VERTEX_POINT('',#6411);
#1776=VERTEX_POINT('',#6413);
#1777=VERTEX_POINT('',#6427);
#1778=VERTEX_POINT('',#6429);
#1779=VERTEX_POINT('',#6443);
#1780=VERTEX_POINT('',#6445);
#1781=VERTEX_POINT('',#6459);
#1782=VERTEX_POINT('',#6461);
#1783=VERTEX_POINT('',#6475);
#1784=VERTEX_POINT('',#6477);
#1785=VERTEX_POINT('',#6491);
#1786=VERTEX_POINT('',#6493);
#1787=VERTEX_POINT('',#6507);
#1788=VERTEX_POINT('',#6509);
#1789=VERTEX_POINT('',#6523);
#1790=VERTEX_POINT('',#6525);
#1791=VERTEX_POINT('',#6539);
#1792=VERTEX_POINT('',#6541);
#1793=VERTEX_POINT('',#6555);
#1794=VERTEX_POINT('',#6557);
#1795=VERTEX_POINT('',#6571);
#1796=VERTEX_POINT('',#6573);
#1797=VERTEX_POINT('',#6587);
#1798=VERTEX_POINT('',#6589);
#1799=VERTEX_POINT('',#6603);
#1800=VERTEX_POINT('',#6605);
#1801=VERTEX_POINT('',#6619);
#1802=VERTEX_POINT('',#6621);
#1803=VERTEX_POINT('',#6635);
#1804=VERTEX_POINT('',#6637);
#1805=VERTEX_POINT('',#6651);
#1806=VERTEX_POINT('',#6653);
#1807=VERTEX_POINT('',#6667);
#1808=VERTEX_POINT('',#6669);
#1809=VERTEX_POINT('',#6683);
#1810=VERTEX_POINT('',#6685);
#1811=VERTEX_POINT('',#6699);
#1812=VERTEX_POINT('',#6701);
#1813=VERTEX_POINT('',#6715);
#1814=VERTEX_POINT('',#6717);
#1815=VERTEX_POINT('',#6731);
#1816=VERTEX_POINT('',#6733);
#1817=VERTEX_POINT('',#6747);
#1818=VERTEX_POINT('',#6749);
#1819=VERTEX_POINT('',#6763);
#1820=VERTEX_POINT('',#6765);
#1821=VERTEX_POINT('',#6779);
#1822=VERTEX_POINT('',#6781);
#1823=VERTEX_POINT('',#6795);
#1824=VERTEX_POINT('',#6797);
#1825=VERTEX_POINT('',#6811);
#1826=VERTEX_POINT('',#6813);
#1827=VERTEX_POINT('',#6820);
#1828=VERTEX_POINT('',#6821);
#1829=VERTEX_POINT('',#6832);
#1830=VERTEX_POINT('',#6834);
#1831=VERTEX_POINT('',#6851);
#1832=VERTEX_POINT('',#6853);
#1833=VERTEX_POINT('',#6870);
#1834=VERTEX_POINT('',#6872);
#1835=VERTEX_POINT('',#6889);
#1836=VERTEX_POINT('',#6891);
#1837=VERTEX_POINT('',#6908);
#1838=VERTEX_POINT('',#6910);
#1839=VERTEX_POINT('',#6927);
#1840=VERTEX_POINT('',#6929);
#1841=VERTEX_POINT('',#6946);
#1842=VERTEX_POINT('',#6948);
#1843=VERTEX_POINT('',#6965);
#1844=VERTEX_POINT('',#6967);
#1845=VERTEX_POINT('',#6984);
#1846=VERTEX_POINT('',#6986);
#1847=VERTEX_POINT('',#7003);
#1848=VERTEX_POINT('',#7005);
#1849=VERTEX_POINT('',#7022);
#1850=VERTEX_POINT('',#7024);
#1851=VERTEX_POINT('',#7041);
#1852=VERTEX_POINT('',#7043);
#1853=VERTEX_POINT('',#7060);
#1854=VERTEX_POINT('',#7062);
#1855=VERTEX_POINT('',#7079);
#1856=VERTEX_POINT('',#7081);
#1857=VERTEX_POINT('',#7098);
#1858=VERTEX_POINT('',#7100);
#1859=VERTEX_POINT('',#7117);
#1860=VERTEX_POINT('',#7119);
#1861=VERTEX_POINT('',#7136);
#1862=VERTEX_POINT('',#7138);
#1863=VERTEX_POINT('',#7155);
#1864=VERTEX_POINT('',#7157);
#1865=VERTEX_POINT('',#7174);
#1866=VERTEX_POINT('',#7176);
#1867=VERTEX_POINT('',#7193);
#1868=VERTEX_POINT('',#7195);
#1869=VERTEX_POINT('',#7212);
#1870=VERTEX_POINT('',#7214);
#1871=VERTEX_POINT('',#7231);
#1872=VERTEX_POINT('',#7233);
#1873=VERTEX_POINT('',#7250);
#1874=VERTEX_POINT('',#7252);
#1875=VERTEX_POINT('',#7269);
#1876=VERTEX_POINT('',#7271);
#1877=VERTEX_POINT('',#7288);
#1878=VERTEX_POINT('',#7290);
#1879=VERTEX_POINT('',#7307);
#1880=VERTEX_POINT('',#7309);
#1881=VERTEX_POINT('',#7326);
#1882=VERTEX_POINT('',#7328);
#1883=VERTEX_POINT('',#7345);
#1884=VERTEX_POINT('',#7347);
#1885=VERTEX_POINT('',#7364);
#1886=VERTEX_POINT('',#7366);
#1887=VERTEX_POINT('',#7383);
#1888=VERTEX_POINT('',#7385);
#1889=VERTEX_POINT('',#7402);
#1890=VERTEX_POINT('',#7404);
#1891=VERTEX_POINT('',#7421);
#1892=VERTEX_POINT('',#7423);
#1893=VERTEX_POINT('',#7440);
#1894=VERTEX_POINT('',#7442);
#1895=VERTEX_POINT('',#7459);
#1896=VERTEX_POINT('',#7461);
#1897=VERTEX_POINT('',#7466);
#1898=VERTEX_POINT('',#7468);
#1899=VERTEX_POINT('',#7470);
#1900=VERTEX_POINT('',#7472);
#1901=VERTEX_POINT('',#7474);
#1902=VERTEX_POINT('',#7476);
#1903=VERTEX_POINT('',#7487);
#1904=VERTEX_POINT('',#7489);
#1905=VERTEX_POINT('',#7503);
#1906=VERTEX_POINT('',#7505);
#1907=VERTEX_POINT('',#7519);
#1908=VERTEX_POINT('',#7521);
#1909=VERTEX_POINT('',#7535);
#1910=VERTEX_POINT('',#7537);
#1911=VERTEX_POINT('',#7551);
#1912=VERTEX_POINT('',#7553);
#1913=VERTEX_POINT('',#7567);
#1914=VERTEX_POINT('',#7569);
#1915=VERTEX_POINT('',#7583);
#1916=VERTEX_POINT('',#7585);
#1917=VERTEX_POINT('',#7599);
#1918=VERTEX_POINT('',#7601);
#1919=VERTEX_POINT('',#7615);
#1920=VERTEX_POINT('',#7617);
#1921=VERTEX_POINT('',#7631);
#1922=VERTEX_POINT('',#7633);
#1923=VERTEX_POINT('',#7647);
#1924=VERTEX_POINT('',#7649);
#1925=VERTEX_POINT('',#7663);
#1926=VERTEX_POINT('',#7665);
#1927=VERTEX_POINT('',#7679);
#1928=VERTEX_POINT('',#7681);
#1929=VERTEX_POINT('',#7695);
#1930=VERTEX_POINT('',#7697);
#1931=VERTEX_POINT('',#7711);
#1932=VERTEX_POINT('',#7713);
#1933=VERTEX_POINT('',#7727);
#1934=VERTEX_POINT('',#7729);
#1935=VERTEX_POINT('',#7743);
#1936=VERTEX_POINT('',#7745);
#1937=VERTEX_POINT('',#7759);
#1938=VERTEX_POINT('',#7761);
#1939=VERTEX_POINT('',#7775);
#1940=VERTEX_POINT('',#7777);
#1941=VERTEX_POINT('',#7791);
#1942=VERTEX_POINT('',#7793);
#1943=VERTEX_POINT('',#7807);
#1944=VERTEX_POINT('',#7809);
#1945=VERTEX_POINT('',#7823);
#1946=VERTEX_POINT('',#7825);
#1947=VERTEX_POINT('',#7839);
#1948=VERTEX_POINT('',#7841);
#1949=VERTEX_POINT('',#7855);
#1950=VERTEX_POINT('',#7857);
#1951=VERTEX_POINT('',#7871);
#1952=VERTEX_POINT('',#7873);
#1953=VERTEX_POINT('',#7887);
#1954=VERTEX_POINT('',#7889);
#1955=VERTEX_POINT('',#7903);
#1956=VERTEX_POINT('',#7905);
#1957=VERTEX_POINT('',#7919);
#1958=VERTEX_POINT('',#7921);
#1959=VERTEX_POINT('',#7935);
#1960=VERTEX_POINT('',#7937);
#1961=VERTEX_POINT('',#7951);
#1962=VERTEX_POINT('',#7953);
#1963=VERTEX_POINT('',#7967);
#1964=VERTEX_POINT('',#7969);
#1965=VERTEX_POINT('',#7983);
#1966=VERTEX_POINT('',#7985);
#1967=VERTEX_POINT('',#7999);
#1968=VERTEX_POINT('',#8001);
#1969=VERTEX_POINT('',#8015);
#1970=VERTEX_POINT('',#8017);
#1971=VERTEX_POINT('',#8024);
#1972=VERTEX_POINT('',#8026);
#1973=VERTEX_POINT('',#8058);
#1974=VERTEX_POINT('',#8097);
#1975=VERTEX_POINT('',#8126);
#1976=VERTEX_POINT('',#8166);
#1977=VERTEX_POINT('',#8204);
#1978=VERTEX_POINT('',#8470);
#1979=VERTEX_POINT('',#8477);
#1980=VERTEX_POINT('',#11139);
#1981=VERTEX_POINT('',#11142);
#1982=VERTEX_POINT('',#11146);
#1983=VERTEX_POINT('',#11147);
#1984=VERTEX_POINT('',#11219);
#1985=VERTEX_POINT('',#11220);
#1986=VERTEX_POINT('',#11222);
#1987=VERTEX_POINT('',#11224);
#1988=VERTEX_POINT('',#11228);
#1989=VERTEX_POINT('',#11230);
#1990=VERTEX_POINT('',#11234);
#1991=VERTEX_POINT('',#11236);
#1992=VERTEX_POINT('',#11240);
#1993=VERTEX_POINT('',#11242);
#1994=VERTEX_POINT('',#11246);
#1995=VERTEX_POINT('',#11248);
#1996=VERTEX_POINT('',#11252);
#1997=VERTEX_POINT('',#11254);
#1998=VERTEX_POINT('',#11258);
#1999=VERTEX_POINT('',#11260);
#2000=VERTEX_POINT('',#11269);
#2001=VERTEX_POINT('',#11271);
#2002=VERTEX_POINT('',#11273);
#2003=VERTEX_POINT('',#11277);
#2004=VERTEX_POINT('',#11278);
#2005=VERTEX_POINT('',#11280);
#2006=VERTEX_POINT('',#11282);
#2007=VERTEX_POINT('',#11286);
#2008=VERTEX_POINT('',#11290);
#2009=VERTEX_POINT('',#11291);
#2010=VERTEX_POINT('',#11322);
#2011=VERTEX_POINT('',#11326);
#2012=VERTEX_POINT('',#11332);
#2013=VERTEX_POINT('',#11334);
#2014=VERTEX_POINT('',#11338);
#2015=VERTEX_POINT('',#11342);
#2016=VERTEX_POINT('',#11343);
#2017=VERTEX_POINT('',#11359);
#2018=VERTEX_POINT('',#11363);
#2019=VERTEX_POINT('',#11381);
#2020=VERTEX_POINT('',#11390);
#2021=VERTEX_POINT('',#11395);
#2022=VERTEX_POINT('',#11397);
#2023=VERTEX_POINT('',#11399);
#2024=VERTEX_POINT('',#11403);
#2025=VERTEX_POINT('',#11405);
#2026=VERTEX_POINT('',#11409);
#2027=VERTEX_POINT('',#11410);
#2028=VERTEX_POINT('',#11412);
#2029=VERTEX_POINT('',#11414);
#2030=VERTEX_POINT('',#11416);
#2031=VERTEX_POINT('',#11418);
#2032=VERTEX_POINT('',#11422);
#2033=VERTEX_POINT('',#11426);
#2034=VERTEX_POINT('',#11427);
#2035=VERTEX_POINT('',#11429);
#2036=VERTEX_POINT('',#11431);
#2037=VERTEX_POINT('',#11433);
#2038=VERTEX_POINT('',#11435);
#2039=VERTEX_POINT('',#11439);
#2040=VERTEX_POINT('',#11441);
#2041=VERTEX_POINT('',#11445);
#2042=VERTEX_POINT('',#11446);
#2043=VERTEX_POINT('',#11448);
#2044=VERTEX_POINT('',#11450);
#2045=VERTEX_POINT('',#11454);
#2046=VERTEX_POINT('',#11459);
#2047=VERTEX_POINT('',#11463);
#2048=VERTEX_POINT('',#11467);
#2049=VERTEX_POINT('',#11471);
#2050=VERTEX_POINT('',#11475);
#2051=VERTEX_POINT('',#11479);
#2052=VERTEX_POINT('',#11480);
#2053=VERTEX_POINT('',#11485);
#2054=VERTEX_POINT('',#11486);
#2055=VERTEX_POINT('',#11494);
#2056=VERTEX_POINT('',#11496);
#2057=VERTEX_POINT('',#11498);
#2058=VERTEX_POINT('',#11500);
#2059=VERTEX_POINT('',#11504);
#2060=VERTEX_POINT('',#11508);
#2061=VERTEX_POINT('',#11510);
#2062=VERTEX_POINT('',#11514);
#2063=VERTEX_POINT('',#11515);
#2064=VERTEX_POINT('',#11522);
#2065=VERTEX_POINT('',#11524);
#2066=VERTEX_POINT('',#11528);
#2067=VERTEX_POINT('',#11532);
#2068=VERTEX_POINT('',#11533);
#2069=VERTEX_POINT('',#11538);
#2070=VERTEX_POINT('',#11543);
#2071=VERTEX_POINT('',#11547);
#2072=VERTEX_POINT('',#11551);
#2073=VERTEX_POINT('',#11566);
#2074=VERTEX_POINT('',#11570);
#2075=VERTEX_POINT('',#11574);
#2076=VERTEX_POINT('',#11584);
#2077=VERTEX_POINT('',#11585);
#2078=VERTEX_POINT('',#11587);
#2079=VERTEX_POINT('',#11597);
#2080=VERTEX_POINT('',#11598);
#2081=VERTEX_POINT('',#11600);
#2082=VERTEX_POINT('',#11680);
#2083=VERTEX_POINT('',#11681);
#2084=VERTEX_POINT('',#11770);
#2085=VERTEX_POINT('',#11771);
#2086=VERTEX_POINT('',#11773);
#2087=VERTEX_POINT('',#11799);
#2088=VERTEX_POINT('',#11839);
#2089=VERTEX_POINT('',#11840);
#2090=VERTEX_POINT('',#11842);
#2091=VERTEX_POINT('',#11852);
#2092=VERTEX_POINT('',#11865);
#2093=VERTEX_POINT('',#11866);
#2094=VERTEX_POINT('',#11903);
#2095=VERTEX_POINT('',#11904);
#2096=VERTEX_POINT('',#11941);
#2097=VERTEX_POINT('',#11942);
#2098=VERTEX_POINT('',#11944);
#2099=VERTEX_POINT('',#11951);
#2100=VERTEX_POINT('',#11953);
#2101=VERTEX_POINT('',#11964);
#2102=VERTEX_POINT('',#11965);
#2103=VERTEX_POINT('',#11967);
#2104=VERTEX_POINT('',#11969);
#2105=VERTEX_POINT('',#11973);
#2106=VERTEX_POINT('',#11974);
#2107=VERTEX_POINT('',#11976);
#2108=VERTEX_POINT('',#11978);
#2109=VERTEX_POINT('',#11982);
#2110=VERTEX_POINT('',#11983);
#2111=VERTEX_POINT('',#11985);
#2112=VERTEX_POINT('',#11987);
#2113=VERTEX_POINT('',#11991);
#2114=VERTEX_POINT('',#11992);
#2115=VERTEX_POINT('',#11994);
#2116=VERTEX_POINT('',#11996);
#2117=VERTEX_POINT('',#11998);
#2118=VERTEX_POINT('',#12000);
#2119=VERTEX_POINT('',#12004);
#2120=VERTEX_POINT('',#12005);
#2121=VERTEX_POINT('',#12007);
#2122=VERTEX_POINT('',#12009);
#2123=VERTEX_POINT('',#12013);
#2124=VERTEX_POINT('',#12020);
#2125=VERTEX_POINT('',#12022);
#2126=VERTEX_POINT('',#12058);
#2127=VERTEX_POINT('',#12115);
#2128=VERTEX_POINT('',#12124);
#2129=VERTEX_POINT('',#12160);
#2130=VERTEX_POINT('',#12168);
#2131=VERTEX_POINT('',#12205);
#2132=EDGE_CURVE('',#1683,#1684,#1350,.T.);
#2133=EDGE_CURVE('',#1685,#1683,#878,.T.);
#2134=EDGE_CURVE('',#1686,#1685,#1351,.T.);
#2135=EDGE_CURVE('',#1687,#1686,#879,.T.);
#2136=EDGE_CURVE('',#1688,#1687,#1352,.T.);
#2137=EDGE_CURVE('',#1689,#1688,#880,.T.);
#2138=EDGE_CURVE('',#1690,#1689,#1353,.T.);
#2139=EDGE_CURVE('',#1691,#1690,#881,.T.);
#2140=EDGE_CURVE('',#1692,#1691,#1354,.T.);
#2141=EDGE_CURVE('',#1693,#1692,#882,.T.);
#2142=EDGE_CURVE('',#1694,#1693,#1355,.T.);
#2143=EDGE_CURVE('',#1695,#1694,#883,.T.);
#2144=EDGE_CURVE('',#1696,#1695,#1356,.T.);
#2145=EDGE_CURVE('',#1697,#1696,#884,.T.);
#2146=EDGE_CURVE('',#1698,#1697,#1357,.T.);
#2147=EDGE_CURVE('',#1699,#1698,#885,.T.);
#2148=EDGE_CURVE('',#1700,#1699,#1358,.T.);
#2149=EDGE_CURVE('',#1701,#1700,#886,.T.);
#2150=EDGE_CURVE('',#1702,#1701,#1359,.T.);
#2151=EDGE_CURVE('',#1703,#1702,#887,.T.);
#2152=EDGE_CURVE('',#1704,#1703,#1360,.T.);
#2153=EDGE_CURVE('',#1705,#1704,#888,.T.);
#2154=EDGE_CURVE('',#1706,#1705,#1361,.T.);
#2155=EDGE_CURVE('',#1707,#1706,#889,.T.);
#2156=EDGE_CURVE('',#1708,#1707,#1362,.T.);
#2157=EDGE_CURVE('',#1709,#1708,#890,.T.);
#2158=EDGE_CURVE('',#1710,#1709,#1363,.T.);
#2159=EDGE_CURVE('',#1711,#1710,#891,.T.);
#2160=EDGE_CURVE('',#1712,#1711,#1364,.T.);
#2161=EDGE_CURVE('',#1713,#1712,#892,.T.);
#2162=EDGE_CURVE('',#1714,#1713,#1365,.T.);
#2163=EDGE_CURVE('',#1715,#1714,#893,.T.);
#2164=EDGE_CURVE('',#1716,#1715,#1366,.T.);
#2165=EDGE_CURVE('',#1717,#1716,#894,.T.);
#2166=EDGE_CURVE('',#1718,#1717,#1367,.T.);
#2167=EDGE_CURVE('',#1719,#1718,#895,.T.);
#2168=EDGE_CURVE('',#1720,#1719,#1368,.T.);
#2169=EDGE_CURVE('',#1721,#1720,#896,.T.);
#2170=EDGE_CURVE('',#1722,#1721,#1369,.T.);
#2171=EDGE_CURVE('',#1723,#1722,#897,.T.);
#2172=EDGE_CURVE('',#1724,#1723,#1370,.T.);
#2173=EDGE_CURVE('',#1725,#1724,#898,.T.);
#2174=EDGE_CURVE('',#1726,#1725,#1371,.T.);
#2175=EDGE_CURVE('',#1727,#1726,#899,.T.);
#2176=EDGE_CURVE('',#1728,#1727,#1372,.T.);
#2177=EDGE_CURVE('',#1729,#1728,#900,.T.);
#2178=EDGE_CURVE('',#1730,#1729,#1373,.T.);
#2179=EDGE_CURVE('',#1731,#1730,#901,.T.);
#2180=EDGE_CURVE('',#1732,#1731,#1374,.T.);
#2181=EDGE_CURVE('',#1733,#1732,#902,.T.);
#2182=EDGE_CURVE('',#1734,#1733,#1375,.T.);
#2183=EDGE_CURVE('',#1735,#1734,#903,.T.);
#2184=EDGE_CURVE('',#1736,#1735,#1376,.T.);
#2185=EDGE_CURVE('',#1737,#1736,#904,.T.);
#2186=EDGE_CURVE('',#1738,#1737,#1377,.T.);
#2187=EDGE_CURVE('',#1739,#1738,#905,.T.);
#2188=EDGE_CURVE('',#1740,#1739,#1378,.T.);
#2189=EDGE_CURVE('',#1741,#1740,#906,.T.);
#2190=EDGE_CURVE('',#1742,#1741,#1379,.T.);
#2191=EDGE_CURVE('',#1743,#1742,#907,.T.);
#2192=EDGE_CURVE('',#1744,#1743,#1380,.T.);
#2193=EDGE_CURVE('',#1745,#1744,#908,.T.);
#2194=EDGE_CURVE('',#1746,#1745,#1381,.T.);
#2195=EDGE_CURVE('',#1747,#1746,#909,.T.);
#2196=EDGE_CURVE('',#1748,#1747,#1382,.T.);
#2197=EDGE_CURVE('',#1749,#1748,#910,.T.);
#2198=EDGE_CURVE('',#1750,#1749,#1383,.T.);
#2199=EDGE_CURVE('',#1751,#1750,#911,.T.);
#2200=EDGE_CURVE('',#1752,#1751,#1384,.T.);
#2201=EDGE_CURVE('',#1753,#1752,#912,.T.);
#2202=EDGE_CURVE('',#1754,#1753,#913,.T.);
#2203=EDGE_CURVE('',#1755,#1754,#914,.T.);
#2204=EDGE_CURVE('',#1756,#1755,#915,.T.);
#2205=EDGE_CURVE('',#1757,#1756,#916,.T.);
#2206=EDGE_CURVE('',#1758,#1757,#1385,.T.);
#2207=EDGE_CURVE('',#1759,#1758,#917,.T.);
#2208=EDGE_CURVE('',#1760,#1759,#1386,.T.);
#2209=EDGE_CURVE('',#1761,#1760,#918,.T.);
#2210=EDGE_CURVE('',#1762,#1761,#1387,.T.);
#2211=EDGE_CURVE('',#1763,#1762,#919,.T.);
#2212=EDGE_CURVE('',#1764,#1763,#1388,.T.);
#2213=EDGE_CURVE('',#1765,#1764,#920,.T.);
#2214=EDGE_CURVE('',#1766,#1765,#1389,.T.);
#2215=EDGE_CURVE('',#1767,#1766,#921,.T.);
#2216=EDGE_CURVE('',#1768,#1767,#1390,.T.);
#2217=EDGE_CURVE('',#1769,#1768,#922,.T.);
#2218=EDGE_CURVE('',#1770,#1769,#1391,.T.);
#2219=EDGE_CURVE('',#1771,#1770,#923,.T.);
#2220=EDGE_CURVE('',#1772,#1771,#1392,.T.);
#2221=EDGE_CURVE('',#1773,#1772,#924,.T.);
#2222=EDGE_CURVE('',#1774,#1773,#1393,.T.);
#2223=EDGE_CURVE('',#1775,#1774,#925,.T.);
#2224=EDGE_CURVE('',#1776,#1775,#1394,.T.);
#2225=EDGE_CURVE('',#1777,#1776,#926,.T.);
#2226=EDGE_CURVE('',#1778,#1777,#1395,.T.);
#2227=EDGE_CURVE('',#1779,#1778,#927,.T.);
#2228=EDGE_CURVE('',#1780,#1779,#1396,.T.);
#2229=EDGE_CURVE('',#1781,#1780,#928,.T.);
#2230=EDGE_CURVE('',#1782,#1781,#1397,.T.);
#2231=EDGE_CURVE('',#1783,#1782,#929,.T.);
#2232=EDGE_CURVE('',#1784,#1783,#1398,.T.);
#2233=EDGE_CURVE('',#1785,#1784,#930,.T.);
#2234=EDGE_CURVE('',#1786,#1785,#1399,.T.);
#2235=EDGE_CURVE('',#1787,#1786,#931,.T.);
#2236=EDGE_CURVE('',#1788,#1787,#1400,.T.);
#2237=EDGE_CURVE('',#1789,#1788,#932,.T.);
#2238=EDGE_CURVE('',#1790,#1789,#1401,.T.);
#2239=EDGE_CURVE('',#1791,#1790,#933,.T.);
#2240=EDGE_CURVE('',#1792,#1791,#1402,.T.);
#2241=EDGE_CURVE('',#1793,#1792,#934,.T.);
#2242=EDGE_CURVE('',#1794,#1793,#1403,.T.);
#2243=EDGE_CURVE('',#1795,#1794,#935,.T.);
#2244=EDGE_CURVE('',#1796,#1795,#1404,.T.);
#2245=EDGE_CURVE('',#1797,#1796,#936,.T.);
#2246=EDGE_CURVE('',#1798,#1797,#1405,.T.);
#2247=EDGE_CURVE('',#1799,#1798,#937,.T.);
#2248=EDGE_CURVE('',#1800,#1799,#1406,.T.);
#2249=EDGE_CURVE('',#1801,#1800,#938,.T.);
#2250=EDGE_CURVE('',#1802,#1801,#1407,.T.);
#2251=EDGE_CURVE('',#1803,#1802,#939,.T.);
#2252=EDGE_CURVE('',#1804,#1803,#1408,.T.);
#2253=EDGE_CURVE('',#1805,#1804,#940,.T.);
#2254=EDGE_CURVE('',#1806,#1805,#1409,.T.);
#2255=EDGE_CURVE('',#1807,#1806,#941,.T.);
#2256=EDGE_CURVE('',#1808,#1807,#1410,.T.);
#2257=EDGE_CURVE('',#1809,#1808,#942,.T.);
#2258=EDGE_CURVE('',#1810,#1809,#1411,.T.);
#2259=EDGE_CURVE('',#1811,#1810,#943,.T.);
#2260=EDGE_CURVE('',#1812,#1811,#1412,.T.);
#2261=EDGE_CURVE('',#1813,#1812,#944,.T.);
#2262=EDGE_CURVE('',#1814,#1813,#1413,.T.);
#2263=EDGE_CURVE('',#1815,#1814,#945,.T.);
#2264=EDGE_CURVE('',#1816,#1815,#1414,.T.);
#2265=EDGE_CURVE('',#1817,#1816,#946,.T.);
#2266=EDGE_CURVE('',#1818,#1817,#1415,.T.);
#2267=EDGE_CURVE('',#1819,#1818,#947,.T.);
#2268=EDGE_CURVE('',#1820,#1819,#1416,.T.);
#2269=EDGE_CURVE('',#1821,#1820,#948,.T.);
#2270=EDGE_CURVE('',#1822,#1821,#1417,.T.);
#2271=EDGE_CURVE('',#1823,#1822,#949,.T.);
#2272=EDGE_CURVE('',#1824,#1823,#1418,.T.);
#2273=EDGE_CURVE('',#1825,#1824,#950,.T.);
#2274=EDGE_CURVE('',#1826,#1825,#1419,.T.);
#2275=EDGE_CURVE('',#1826,#1684,#951,.T.);
#2276=EDGE_CURVE('',#1827,#1828,#1420,.T.);
#2277=EDGE_CURVE('',#1829,#1827,#952,.T.);
#2278=EDGE_CURVE('',#1830,#1829,#1421,.T.);
#2279=EDGE_CURVE('',#1831,#1830,#953,.T.);
#2280=EDGE_CURVE('',#1832,#1831,#1422,.T.);
#2281=EDGE_CURVE('',#1833,#1832,#954,.T.);
#2282=EDGE_CURVE('',#1834,#1833,#1423,.T.);
#2283=EDGE_CURVE('',#1835,#1834,#955,.T.);
#2284=EDGE_CURVE('',#1836,#1835,#1424,.T.);
#2285=EDGE_CURVE('',#1837,#1836,#956,.T.);
#2286=EDGE_CURVE('',#1838,#1837,#1425,.T.);
#2287=EDGE_CURVE('',#1839,#1838,#957,.T.);
#2288=EDGE_CURVE('',#1840,#1839,#1426,.T.);
#2289=EDGE_CURVE('',#1841,#1840,#958,.T.);
#2290=EDGE_CURVE('',#1842,#1841,#1427,.T.);
#2291=EDGE_CURVE('',#1843,#1842,#959,.T.);
#2292=EDGE_CURVE('',#1844,#1843,#1428,.T.);
#2293=EDGE_CURVE('',#1845,#1844,#960,.T.);
#2294=EDGE_CURVE('',#1846,#1845,#1429,.T.);
#2295=EDGE_CURVE('',#1847,#1846,#961,.T.);
#2296=EDGE_CURVE('',#1848,#1847,#1430,.T.);
#2297=EDGE_CURVE('',#1849,#1848,#962,.T.);
#2298=EDGE_CURVE('',#1850,#1849,#1431,.T.);
#2299=EDGE_CURVE('',#1851,#1850,#963,.T.);
#2300=EDGE_CURVE('',#1852,#1851,#1432,.T.);
#2301=EDGE_CURVE('',#1853,#1852,#964,.T.);
#2302=EDGE_CURVE('',#1854,#1853,#1433,.T.);
#2303=EDGE_CURVE('',#1855,#1854,#965,.T.);
#2304=EDGE_CURVE('',#1856,#1855,#1434,.T.);
#2305=EDGE_CURVE('',#1857,#1856,#966,.T.);
#2306=EDGE_CURVE('',#1858,#1857,#1435,.T.);
#2307=EDGE_CURVE('',#1859,#1858,#967,.T.);
#2308=EDGE_CURVE('',#1860,#1859,#1436,.T.);
#2309=EDGE_CURVE('',#1861,#1860,#968,.T.);
#2310=EDGE_CURVE('',#1862,#1861,#1437,.T.);
#2311=EDGE_CURVE('',#1863,#1862,#969,.T.);
#2312=EDGE_CURVE('',#1864,#1863,#1438,.T.);
#2313=EDGE_CURVE('',#1865,#1864,#970,.T.);
#2314=EDGE_CURVE('',#1866,#1865,#1439,.T.);
#2315=EDGE_CURVE('',#1867,#1866,#971,.T.);
#2316=EDGE_CURVE('',#1868,#1867,#1440,.T.);
#2317=EDGE_CURVE('',#1869,#1868,#972,.T.);
#2318=EDGE_CURVE('',#1870,#1869,#1441,.T.);
#2319=EDGE_CURVE('',#1871,#1870,#973,.T.);
#2320=EDGE_CURVE('',#1872,#1871,#1442,.T.);
#2321=EDGE_CURVE('',#1873,#1872,#974,.T.);
#2322=EDGE_CURVE('',#1874,#1873,#1443,.T.);
#2323=EDGE_CURVE('',#1875,#1874,#975,.T.);
#2324=EDGE_CURVE('',#1876,#1875,#1444,.T.);
#2325=EDGE_CURVE('',#1877,#1876,#976,.T.);
#2326=EDGE_CURVE('',#1878,#1877,#1445,.T.);
#2327=EDGE_CURVE('',#1879,#1878,#977,.T.);
#2328=EDGE_CURVE('',#1880,#1879,#1446,.T.);
#2329=EDGE_CURVE('',#1881,#1880,#978,.T.);
#2330=EDGE_CURVE('',#1882,#1881,#1447,.T.);
#2331=EDGE_CURVE('',#1883,#1882,#979,.T.);
#2332=EDGE_CURVE('',#1884,#1883,#1448,.T.);
#2333=EDGE_CURVE('',#1885,#1884,#980,.T.);
#2334=EDGE_CURVE('',#1886,#1885,#1449,.T.);
#2335=EDGE_CURVE('',#1887,#1886,#981,.T.);
#2336=EDGE_CURVE('',#1888,#1887,#1450,.T.);
#2337=EDGE_CURVE('',#1889,#1888,#982,.T.);
#2338=EDGE_CURVE('',#1890,#1889,#1451,.T.);
#2339=EDGE_CURVE('',#1891,#1890,#983,.T.);
#2340=EDGE_CURVE('',#1892,#1891,#1452,.T.);
#2341=EDGE_CURVE('',#1893,#1892,#984,.T.);
#2342=EDGE_CURVE('',#1894,#1893,#1453,.T.);
#2343=EDGE_CURVE('',#1895,#1894,#985,.T.);
#2344=EDGE_CURVE('',#1896,#1895,#1454,.T.);
#2345=EDGE_CURVE('',#1897,#1896,#986,.T.);
#2346=EDGE_CURVE('',#1898,#1897,#987,.T.);
#2347=EDGE_CURVE('',#1899,#1898,#988,.T.);
#2348=EDGE_CURVE('',#1900,#1899,#989,.T.);
#2349=EDGE_CURVE('',#1901,#1900,#990,.T.);
#2350=EDGE_CURVE('',#1902,#1901,#1455,.T.);
#2351=EDGE_CURVE('',#1903,#1902,#991,.T.);
#2352=EDGE_CURVE('',#1904,#1903,#1456,.T.);
#2353=EDGE_CURVE('',#1905,#1904,#992,.T.);
#2354=EDGE_CURVE('',#1906,#1905,#1457,.T.);
#2355=EDGE_CURVE('',#1907,#1906,#993,.T.);
#2356=EDGE_CURVE('',#1908,#1907,#1458,.T.);
#2357=EDGE_CURVE('',#1909,#1908,#994,.T.);
#2358=EDGE_CURVE('',#1910,#1909,#1459,.T.);
#2359=EDGE_CURVE('',#1911,#1910,#995,.T.);
#2360=EDGE_CURVE('',#1912,#1911,#1460,.T.);
#2361=EDGE_CURVE('',#1913,#1912,#996,.T.);
#2362=EDGE_CURVE('',#1914,#1913,#1461,.T.);
#2363=EDGE_CURVE('',#1915,#1914,#997,.T.);
#2364=EDGE_CURVE('',#1916,#1915,#1462,.T.);
#2365=EDGE_CURVE('',#1917,#1916,#998,.T.);
#2366=EDGE_CURVE('',#1918,#1917,#1463,.T.);
#2367=EDGE_CURVE('',#1919,#1918,#999,.T.);
#2368=EDGE_CURVE('',#1920,#1919,#1464,.T.);
#2369=EDGE_CURVE('',#1921,#1920,#1000,.T.);
#2370=EDGE_CURVE('',#1922,#1921,#1465,.T.);
#2371=EDGE_CURVE('',#1923,#1922,#1001,.T.);
#2372=EDGE_CURVE('',#1924,#1923,#1466,.T.);
#2373=EDGE_CURVE('',#1925,#1924,#1002,.T.);
#2374=EDGE_CURVE('',#1926,#1925,#1467,.T.);
#2375=EDGE_CURVE('',#1927,#1926,#1003,.T.);
#2376=EDGE_CURVE('',#1928,#1927,#1468,.T.);
#2377=EDGE_CURVE('',#1929,#1928,#1004,.T.);
#2378=EDGE_CURVE('',#1930,#1929,#1469,.T.);
#2379=EDGE_CURVE('',#1931,#1930,#1005,.T.);
#2380=EDGE_CURVE('',#1932,#1931,#1470,.T.);
#2381=EDGE_CURVE('',#1933,#1932,#1006,.T.);
#2382=EDGE_CURVE('',#1934,#1933,#1471,.T.);
#2383=EDGE_CURVE('',#1935,#1934,#1007,.T.);
#2384=EDGE_CURVE('',#1936,#1935,#1472,.T.);
#2385=EDGE_CURVE('',#1937,#1936,#1008,.T.);
#2386=EDGE_CURVE('',#1938,#1937,#1473,.T.);
#2387=EDGE_CURVE('',#1939,#1938,#1009,.T.);
#2388=EDGE_CURVE('',#1940,#1939,#1474,.T.);
#2389=EDGE_CURVE('',#1941,#1940,#1010,.T.);
#2390=EDGE_CURVE('',#1942,#1941,#1475,.T.);
#2391=EDGE_CURVE('',#1943,#1942,#1011,.T.);
#2392=EDGE_CURVE('',#1944,#1943,#1476,.T.);
#2393=EDGE_CURVE('',#1945,#1944,#1012,.T.);
#2394=EDGE_CURVE('',#1946,#1945,#1477,.T.);
#2395=EDGE_CURVE('',#1947,#1946,#1013,.T.);
#2396=EDGE_CURVE('',#1948,#1947,#1478,.T.);
#2397=EDGE_CURVE('',#1949,#1948,#1014,.T.);
#2398=EDGE_CURVE('',#1950,#1949,#1479,.T.);
#2399=EDGE_CURVE('',#1951,#1950,#1015,.T.);
#2400=EDGE_CURVE('',#1952,#1951,#1480,.T.);
#2401=EDGE_CURVE('',#1953,#1952,#1016,.T.);
#2402=EDGE_CURVE('',#1954,#1953,#1481,.T.);
#2403=EDGE_CURVE('',#1955,#1954,#1017,.T.);
#2404=EDGE_CURVE('',#1956,#1955,#1482,.T.);
#2405=EDGE_CURVE('',#1957,#1956,#1018,.T.);
#2406=EDGE_CURVE('',#1958,#1957,#1483,.T.);
#2407=EDGE_CURVE('',#1959,#1958,#1019,.T.);
#2408=EDGE_CURVE('',#1960,#1959,#1484,.T.);
#2409=EDGE_CURVE('',#1961,#1960,#1020,.T.);
#2410=EDGE_CURVE('',#1962,#1961,#1485,.T.);
#2411=EDGE_CURVE('',#1963,#1962,#1021,.T.);
#2412=EDGE_CURVE('',#1964,#1963,#1486,.T.);
#2413=EDGE_CURVE('',#1965,#1964,#1022,.T.);
#2414=EDGE_CURVE('',#1966,#1965,#1487,.T.);
#2415=EDGE_CURVE('',#1967,#1966,#1023,.T.);
#2416=EDGE_CURVE('',#1968,#1967,#1488,.T.);
#2417=EDGE_CURVE('',#1969,#1968,#1024,.T.);
#2418=EDGE_CURVE('',#1970,#1969,#1489,.T.);
#2419=EDGE_CURVE('',#1970,#1828,#1025,.T.);
#2420=EDGE_CURVE('',#1971,#1971,#254,.T.);
#2421=EDGE_CURVE('',#1826,#1972,#1490,.T.);
#2422=EDGE_CURVE('',#1972,#1973,#255,.T.);
#2423=EDGE_CURVE('',#1973,#1828,#1491,.T.);
#2424=EDGE_CURVE('',#1970,#1974,#1492,.T.);
#2425=EDGE_CURVE('',#1974,#1975,#256,.T.);
#2426=EDGE_CURVE('',#1975,#1684,#1493,.T.);
#2427=EDGE_CURVE('',#1898,#1755,#257,.T.);
#2428=EDGE_CURVE('',#1756,#1897,#258,.T.);
#2429=EDGE_CURVE('',#1976,#1896,#1494,.T.);
#2430=EDGE_CURVE('',#1977,#1976,#259,.T.);
#2431=EDGE_CURVE('',#1757,#1977,#1495,.T.);
#2432=EDGE_CURVE('',#1893,#1758,#1496,.T.);
#2433=EDGE_CURVE('',#1892,#1759,#1497,.T.);
#2434=EDGE_CURVE('',#1889,#1762,#1498,.T.);
#2435=EDGE_CURVE('',#1888,#1763,#1499,.T.);
#2436=EDGE_CURVE('',#1885,#1766,#1500,.T.);
#2437=EDGE_CURVE('',#1884,#1767,#1501,.T.);
#2438=EDGE_CURVE('',#1881,#1770,#1502,.T.);
#2439=EDGE_CURVE('',#1880,#1771,#1503,.T.);
#2440=EDGE_CURVE('',#1877,#1774,#1504,.T.);
#2441=EDGE_CURVE('',#1876,#1775,#1505,.T.);
#2442=EDGE_CURVE('',#1873,#1778,#1506,.T.);
#2443=EDGE_CURVE('',#1872,#1779,#1507,.T.);
#2444=EDGE_CURVE('',#1869,#1782,#1508,.T.);
#2445=EDGE_CURVE('',#1868,#1783,#1509,.T.);
#2446=EDGE_CURVE('',#1865,#1786,#1510,.T.);
#2447=EDGE_CURVE('',#1864,#1787,#1511,.T.);
#2448=EDGE_CURVE('',#1861,#1790,#1512,.T.);
#2449=EDGE_CURVE('',#1860,#1791,#1513,.T.);
#2450=EDGE_CURVE('',#1857,#1794,#1514,.T.);
#2451=EDGE_CURVE('',#1856,#1795,#1515,.T.);
#2452=EDGE_CURVE('',#1853,#1798,#1516,.T.);
#2453=EDGE_CURVE('',#1852,#1799,#1517,.T.);
#2454=EDGE_CURVE('',#1849,#1802,#1518,.T.);
#2455=EDGE_CURVE('',#1848,#1803,#1519,.T.);
#2456=EDGE_CURVE('',#1845,#1806,#1520,.T.);
#2457=EDGE_CURVE('',#1844,#1807,#1521,.T.);
#2458=EDGE_CURVE('',#1841,#1810,#1522,.T.);
#2459=EDGE_CURVE('',#1840,#1811,#1523,.T.);
#2460=EDGE_CURVE('',#1837,#1814,#1524,.T.);
#2461=EDGE_CURVE('',#1836,#1815,#1525,.T.);
#2462=EDGE_CURVE('',#1975,#1968,#1526,.T.);
#2463=EDGE_CURVE('',#1974,#1969,#1527,.T.);
#2464=EDGE_CURVE('',#1829,#1822,#1528,.T.);
#2465=EDGE_CURVE('',#1827,#1823,#1529,.T.);
#2466=EDGE_CURVE('',#1833,#1818,#1530,.T.);
#2467=EDGE_CURVE('',#1832,#1819,#1531,.T.);
#2468=EDGE_CURVE('',#1750,#1978,#1532,.T.);
#2469=EDGE_CURVE('',#1978,#1979,#260,.T.);
#2470=EDGE_CURVE('',#1751,#1979,#1533,.T.);
#2471=EDGE_CURVE('',#1746,#1905,#1534,.T.);
#2472=EDGE_CURVE('',#1747,#1904,#1535,.T.);
#2473=EDGE_CURVE('',#1742,#1909,#1536,.T.);
#2474=EDGE_CURVE('',#1743,#1908,#1537,.T.);
#2475=EDGE_CURVE('',#1738,#1913,#1538,.T.);
#2476=EDGE_CURVE('',#1739,#1912,#1539,.T.);
#2477=EDGE_CURVE('',#1734,#1917,#1540,.T.);
#2478=EDGE_CURVE('',#1735,#1916,#1541,.T.);
#2479=EDGE_CURVE('',#1730,#1921,#1542,.T.);
#2480=EDGE_CURVE('',#1731,#1920,#1543,.T.);
#2481=EDGE_CURVE('',#1726,#1925,#1544,.T.);
#2482=EDGE_CURVE('',#1727,#1924,#1545,.T.);
#2483=EDGE_CURVE('',#1722,#1929,#1546,.T.);
#2484=EDGE_CURVE('',#1723,#1928,#1547,.T.);
#2485=EDGE_CURVE('',#1718,#1933,#1548,.T.);
#2486=EDGE_CURVE('',#1719,#1932,#1549,.T.);
#2487=EDGE_CURVE('',#1714,#1937,#1550,.T.);
#2488=EDGE_CURVE('',#1715,#1936,#1551,.T.);
#2489=EDGE_CURVE('',#1710,#1941,#1552,.T.);
#2490=EDGE_CURVE('',#1711,#1940,#1553,.T.);
#2491=EDGE_CURVE('',#1706,#1945,#1554,.T.);
#2492=EDGE_CURVE('',#1707,#1944,#1555,.T.);
#2493=EDGE_CURVE('',#1702,#1949,#1556,.T.);
#2494=EDGE_CURVE('',#1703,#1948,#1557,.T.);
#2495=EDGE_CURVE('',#1698,#1953,#1558,.T.);
#2496=EDGE_CURVE('',#1699,#1952,#1559,.T.);
#2497=EDGE_CURVE('',#1694,#1957,#1560,.T.);
#2498=EDGE_CURVE('',#1695,#1956,#1561,.T.);
#2499=EDGE_CURVE('',#1690,#1961,#1562,.T.);
#2500=EDGE_CURVE('',#1691,#1960,#1563,.T.);
#2501=EDGE_CURVE('',#1976,#1895,#1564,.T.);
#2502=EDGE_CURVE('',#1760,#1891,#1565,.T.);
#2503=EDGE_CURVE('',#1764,#1887,#1566,.T.);
#2504=EDGE_CURVE('',#1768,#1883,#1567,.T.);
#2505=EDGE_CURVE('',#1772,#1879,#1568,.T.);
#2506=EDGE_CURVE('',#1776,#1875,#1569,.T.);
#2507=EDGE_CURVE('',#1780,#1871,#1570,.T.);
#2508=EDGE_CURVE('',#1784,#1867,#1571,.T.);
#2509=EDGE_CURVE('',#1788,#1863,#1572,.T.);
#2510=EDGE_CURVE('',#1792,#1859,#1573,.T.);
#2511=EDGE_CURVE('',#1796,#1855,#1574,.T.);
#2512=EDGE_CURVE('',#1800,#1851,#1575,.T.);
#2513=EDGE_CURVE('',#1804,#1847,#1576,.T.);
#2514=EDGE_CURVE('',#1808,#1843,#1577,.T.);
#2515=EDGE_CURVE('',#1812,#1839,#1578,.T.);
#2516=EDGE_CURVE('',#1816,#1835,#1579,.T.);
#2517=EDGE_CURVE('',#1820,#1831,#1580,.T.);
#2518=EDGE_CURVE('',#1902,#1749,#1581,.T.);
#2519=EDGE_CURVE('',#1901,#1978,#1582,.T.);
#2520=EDGE_CURVE('',#1906,#1745,#1583,.T.);
#2521=EDGE_CURVE('',#1910,#1741,#1584,.T.);
#2522=EDGE_CURVE('',#1914,#1737,#1585,.T.);
#2523=EDGE_CURVE('',#1918,#1733,#1586,.T.);
#2524=EDGE_CURVE('',#1922,#1729,#1587,.T.);
#2525=EDGE_CURVE('',#1926,#1725,#1588,.T.);
#2526=EDGE_CURVE('',#1930,#1721,#1589,.T.);
#2527=EDGE_CURVE('',#1934,#1717,#1590,.T.);
#2528=EDGE_CURVE('',#1938,#1713,#1591,.T.);
#2529=EDGE_CURVE('',#1942,#1709,#1592,.T.);
#2530=EDGE_CURVE('',#1946,#1705,#1593,.T.);
#2531=EDGE_CURVE('',#1950,#1701,#1594,.T.);
#2532=EDGE_CURVE('',#1954,#1697,#1595,.T.);
#2533=EDGE_CURVE('',#1958,#1693,#1596,.T.);
#2534=EDGE_CURVE('',#1962,#1689,#1597,.T.);
#2535=EDGE_CURVE('',#1824,#1973,#1598,.T.);
#2536=EDGE_CURVE('',#1966,#1685,#1599,.T.);
#2537=EDGE_CURVE('',#1686,#1965,#1600,.T.);
#2538=EDGE_CURVE('',#1890,#1761,#1601,.T.);
#2539=EDGE_CURVE('',#1886,#1765,#1602,.T.);
#2540=EDGE_CURVE('',#1882,#1769,#1603,.T.);
#2541=EDGE_CURVE('',#1878,#1773,#1604,.T.);
#2542=EDGE_CURVE('',#1874,#1777,#1605,.T.);
#2543=EDGE_CURVE('',#1870,#1781,#1606,.T.);
#2544=EDGE_CURVE('',#1866,#1785,#1607,.T.);
#2545=EDGE_CURVE('',#1862,#1789,#1608,.T.);
#2546=EDGE_CURVE('',#1858,#1793,#1609,.T.);
#2547=EDGE_CURVE('',#1854,#1797,#1610,.T.);
#2548=EDGE_CURVE('',#1850,#1801,#1611,.T.);
#2549=EDGE_CURVE('',#1846,#1805,#1612,.T.);
#2550=EDGE_CURVE('',#1842,#1809,#1613,.T.);
#2551=EDGE_CURVE('',#1838,#1813,#1614,.T.);
#2552=EDGE_CURVE('',#1834,#1817,#1615,.T.);
#2553=EDGE_CURVE('',#1830,#1821,#1616,.T.);
#2554=EDGE_CURVE('',#1894,#1977,#1617,.T.);
#2555=EDGE_CURVE('',#1979,#1752,#1618,.T.);
#2556=EDGE_CURVE('',#1748,#1903,#1619,.T.);
#2557=EDGE_CURVE('',#1744,#1907,#1620,.T.);
#2558=EDGE_CURVE('',#1740,#1911,#1621,.T.);
#2559=EDGE_CURVE('',#1736,#1915,#1622,.T.);
#2560=EDGE_CURVE('',#1732,#1919,#1623,.T.);
#2561=EDGE_CURVE('',#1728,#1923,#1624,.T.);
#2562=EDGE_CURVE('',#1724,#1927,#1625,.T.);
#2563=EDGE_CURVE('',#1720,#1931,#1626,.T.);
#2564=EDGE_CURVE('',#1716,#1935,#1627,.T.);
#2565=EDGE_CURVE('',#1712,#1939,#1628,.T.);
#2566=EDGE_CURVE('',#1708,#1943,#1629,.T.);
#2567=EDGE_CURVE('',#1704,#1947,#1630,.T.);
#2568=EDGE_CURVE('',#1700,#1951,#1631,.T.);
#2569=EDGE_CURVE('',#1696,#1955,#1632,.T.);
#2570=EDGE_CURVE('',#1692,#1959,#1633,.T.);
#2571=EDGE_CURVE('',#1972,#1825,#1634,.T.);
#2572=EDGE_CURVE('',#1683,#1967,#1635,.T.);
#2573=EDGE_CURVE('',#1688,#1963,#1636,.T.);
#2574=EDGE_CURVE('',#1900,#1753,#261,.T.);
#2575=EDGE_CURVE('',#1754,#1899,#262,.T.);
#2576=EDGE_CURVE('',#1980,#1980,#263,.T.);
#2577=EDGE_CURVE('',#1971,#1981,#1026,.T.);
#2578=EDGE_CURVE('',#1981,#1981,#264,.T.);
#2579=EDGE_CURVE('',#1982,#1983,#1637,.T.);
#2580=EDGE_CURVE('',#1983,#1982,#1638,.T.);
#2581=EDGE_CURVE('',#1687,#1964,#1639,.T.);
#2582=EDGE_CURVE('',#1980,#1983,#1027,.T.);
#2583=EDGE_CURVE('',#1984,#1985,#1028,.T.);
#2584=EDGE_CURVE('',#1984,#1986,#1029,.T.);
#2585=EDGE_CURVE('',#1987,#1986,#1030,.T.);
#2586=EDGE_CURVE('',#1985,#1987,#1031,.T.);
#2587=EDGE_CURVE('',#1988,#1985,#265,.T.);
#2588=EDGE_CURVE('',#1989,#1987,#266,.T.);
#2589=EDGE_CURVE('',#1988,#1989,#1032,.T.);
#2590=EDGE_CURVE('',#1988,#1990,#1033,.T.);
#2591=EDGE_CURVE('',#1991,#1989,#1034,.T.);
#2592=EDGE_CURVE('',#1990,#1991,#1035,.T.);
#2593=EDGE_CURVE('',#1992,#1990,#267,.T.);
#2594=EDGE_CURVE('',#1993,#1991,#268,.T.);
#2595=EDGE_CURVE('',#1992,#1993,#1036,.T.);
#2596=EDGE_CURVE('',#1992,#1994,#1037,.T.);
#2597=EDGE_CURVE('',#1995,#1993,#1038,.T.);
#2598=EDGE_CURVE('',#1994,#1995,#1039,.T.);
#2599=EDGE_CURVE('',#1996,#1994,#269,.T.);
#2600=EDGE_CURVE('',#1997,#1995,#270,.T.);
#2601=EDGE_CURVE('',#1996,#1997,#1040,.T.);
#2602=EDGE_CURVE('',#1996,#1998,#1041,.T.);
#2603=EDGE_CURVE('',#1999,#1997,#1042,.T.);
#2604=EDGE_CURVE('',#1998,#1999,#1043,.T.);
#2605=EDGE_CURVE('',#1984,#1998,#271,.T.);
#2606=EDGE_CURVE('',#1986,#1999,#272,.T.);
#2607=EDGE_CURVE('',#2000,#2000,#273,.T.);
#2608=EDGE_CURVE('',#2000,#2001,#274,.T.);
#2609=EDGE_CURVE('',#2001,#2002,#275,.T.);
#2610=EDGE_CURVE('',#2002,#2001,#276,.T.);
#2611=EDGE_CURVE('',#2003,#2004,#277,.T.);
#2612=EDGE_CURVE('',#2005,#2003,#1044,.T.);
#2613=EDGE_CURVE('',#2006,#2005,#1045,.T.);
#2614=EDGE_CURVE('',#2004,#2006,#1046,.T.);
#2615=EDGE_CURVE('',#2007,#2007,#278,.T.);
#2616=EDGE_CURVE('',#2007,#2002,#1047,.T.);
#2617=EDGE_CURVE('',#2008,#2009,#279,.T.);
#2618=EDGE_CURVE('',#2009,#2003,#1640,.T.);
#2619=EDGE_CURVE('',#2008,#2004,#1641,.T.);
#2620=EDGE_CURVE('',#2009,#2010,#1048,.T.);
#2621=EDGE_CURVE('',#2010,#2005,#13,.T.);
#2622=EDGE_CURVE('',#2010,#2011,#1049,.T.);
#2623=EDGE_CURVE('',#2011,#2006,#14,.T.);
#2624=EDGE_CURVE('',#2011,#2008,#1050,.T.);
#2625=EDGE_CURVE('',#2012,#2009,#1051,.T.);
#2626=EDGE_CURVE('',#2013,#2012,#1052,.T.);
#2627=EDGE_CURVE('',#2010,#2013,#1053,.T.);
#2628=EDGE_CURVE('',#2014,#2008,#1054,.T.);
#2629=EDGE_CURVE('',#2012,#2014,#280,.T.);
#2630=EDGE_CURVE('',#2015,#2016,#1055,.T.);
#2631=EDGE_CURVE('',#2016,#2014,#1642,.T.);
#2632=EDGE_CURVE('',#2014,#2017,#1056,.T.);
#2633=EDGE_CURVE('',#2015,#2017,#15,.T.);
#2634=EDGE_CURVE('',#2016,#2018,#281,.T.);
#2635=EDGE_CURVE('',#2018,#2012,#1643,.T.);
#2636=EDGE_CURVE('',#2017,#2013,#1057,.T.);
#2637=EDGE_CURVE('',#2013,#2019,#16,.T.);
#2638=EDGE_CURVE('',#2019,#2015,#1058,.T.);
#2639=EDGE_CURVE('',#2018,#2019,#1059,.T.);
#2640=EDGE_CURVE('',#2017,#2011,#1060,.T.);
#2641=EDGE_CURVE('',#2020,#2020,#282,.T.);
#2642=EDGE_CURVE('',#2020,#2007,#283,.T.);
#2643=EDGE_CURVE('',#2021,#2021,#284,.T.);
#2644=EDGE_CURVE('',#2021,#2022,#285,.T.);
#2645=EDGE_CURVE('',#2022,#2023,#286,.T.);
#2646=EDGE_CURVE('',#2023,#2022,#287,.T.);
#2647=EDGE_CURVE('',#2023,#2024,#1061,.T.);
#2648=EDGE_CURVE('',#2025,#2024,#288,.T.);
#2649=EDGE_CURVE('',#2024,#2025,#289,.T.);
#2650=EDGE_CURVE('',#2026,#2027,#1062,.T.);
#2651=EDGE_CURVE('',#2028,#2026,#290,.T.);
#2652=EDGE_CURVE('',#2029,#2028,#1063,.T.);
#2653=EDGE_CURVE('',#2030,#2029,#291,.T.);
#2654=EDGE_CURVE('',#2031,#2030,#1064,.T.);
#2655=EDGE_CURVE('',#2027,#2031,#1065,.T.);
#2656=EDGE_CURVE('',#2032,#2032,#292,.T.);
#2657=EDGE_CURVE('',#2032,#2025,#293,.T.);
#2658=EDGE_CURVE('',#2033,#2034,#1066,.T.);
#2659=EDGE_CURVE('',#2035,#2033,#294,.T.);
#2660=EDGE_CURVE('',#2036,#2035,#1067,.T.);
#2661=EDGE_CURVE('',#2037,#2036,#295,.T.);
#2662=EDGE_CURVE('',#2038,#2037,#1068,.T.);
#2663=EDGE_CURVE('',#2034,#2038,#1069,.T.);
#2664=EDGE_CURVE('',#2039,#2039,#296,.T.);
#2665=EDGE_CURVE('',#2039,#2040,#1070,.T.);
#2666=EDGE_CURVE('',#2040,#2040,#297,.T.);
#2667=EDGE_CURVE('',#2041,#2042,#298,.T.);
#2668=EDGE_CURVE('',#2042,#2043,#1071,.T.);
#2669=EDGE_CURVE('',#2043,#2044,#299,.T.);
#2670=EDGE_CURVE('',#2044,#2041,#1072,.T.);
#2671=EDGE_CURVE('',#2031,#2045,#300,.T.);
#2672=EDGE_CURVE('',#2045,#2044,#301,.T.);
#2673=EDGE_CURVE('',#2043,#2031,#302,.T.);
#2674=EDGE_CURVE('',#2030,#2046,#303,.T.);
#2675=EDGE_CURVE('',#2046,#2045,#1073,.T.);
#2676=EDGE_CURVE('',#2029,#2047,#304,.T.);
#2677=EDGE_CURVE('',#2047,#2046,#305,.T.);
#2678=EDGE_CURVE('',#2028,#2048,#306,.T.);
#2679=EDGE_CURVE('',#2048,#2047,#1074,.T.);
#2680=EDGE_CURVE('',#2026,#2049,#307,.T.);
#2681=EDGE_CURVE('',#2049,#2048,#308,.T.);
#2682=EDGE_CURVE('',#2027,#2050,#309,.T.);
#2683=EDGE_CURVE('',#2050,#2049,#1075,.T.);
#2684=EDGE_CURVE('',#2051,#2052,#310,.T.);
#2685=EDGE_CURVE('',#2052,#2050,#311,.T.);
#2686=EDGE_CURVE('',#2027,#2051,#312,.T.);
#2687=EDGE_CURVE('',#2053,#2054,#313,.T.);
#2688=EDGE_CURVE('',#2054,#2052,#1076,.T.);
#2689=EDGE_CURVE('',#2051,#2053,#1077,.T.);
#2690=EDGE_CURVE('',#2041,#2054,#314,.T.);
#2691=EDGE_CURVE('',#2053,#2042,#315,.T.);
#2692=EDGE_CURVE('',#2054,#2055,#1078,.T.);
#2693=EDGE_CURVE('',#2056,#2055,#1079,.T.);
#2694=EDGE_CURVE('',#2057,#2056,#316,.T.);
#2695=EDGE_CURVE('',#2058,#2057,#1080,.T.);
#2696=EDGE_CURVE('',#2049,#2058,#1081,.T.);
#2697=EDGE_CURVE('',#2041,#2059,#1082,.T.);
#2698=EDGE_CURVE('',#2055,#2059,#317,.T.);
#2699=EDGE_CURVE('',#2060,#2060,#318,.T.);
#2700=EDGE_CURVE('',#2060,#2061,#319,.T.);
#2701=EDGE_CURVE('',#2061,#2061,#320,.T.);
#2702=EDGE_CURVE('',#2062,#2063,#321,.T.);
#2703=EDGE_CURVE('',#2062,#2060,#1083,.T.);
#2704=EDGE_CURVE('',#2063,#2062,#322,.T.);
#2705=EDGE_CURVE('',#2043,#2051,#1084,.T.);
#2706=EDGE_CURVE('',#2064,#2056,#323,.T.);
#2707=EDGE_CURVE('',#2055,#2065,#324,.T.);
#2708=EDGE_CURVE('',#2065,#2064,#1085,.T.);
#2709=EDGE_CURVE('',#2059,#2066,#325,.T.);
#2710=EDGE_CURVE('',#2066,#2065,#326,.T.);
#2711=EDGE_CURVE('',#2067,#2068,#327,.T.);
#2712=EDGE_CURVE('',#2068,#2066,#1086,.T.);
#2713=EDGE_CURVE('',#2059,#2067,#1087,.T.);
#2714=EDGE_CURVE('',#2069,#2034,#328,.T.);
#2715=EDGE_CURVE('',#2034,#2068,#329,.T.);
#2716=EDGE_CURVE('',#2067,#2069,#330,.T.);
#2717=EDGE_CURVE('',#2070,#2033,#331,.T.);
#2718=EDGE_CURVE('',#2069,#2070,#1088,.T.);
#2719=EDGE_CURVE('',#2071,#2035,#332,.T.);
#2720=EDGE_CURVE('',#2070,#2071,#333,.T.);
#2721=EDGE_CURVE('',#2072,#2036,#334,.T.);
#2722=EDGE_CURVE('',#2071,#2072,#1089,.T.);
#2723=EDGE_CURVE('',#2058,#2037,#335,.T.);
#2724=EDGE_CURVE('',#2072,#2058,#336,.T.);
#2725=EDGE_CURVE('',#2057,#2038,#337,.T.);
#2726=EDGE_CURVE('',#2064,#2038,#338,.T.);
#2727=EDGE_CURVE('',#2070,#2046,#1090,.T.);
#2728=EDGE_CURVE('',#2064,#2068,#1091,.T.);
#2729=EDGE_CURVE('',#2073,#2073,#339,.T.);
#2730=EDGE_CURVE('',#2073,#2039,#340,.T.);
#2731=EDGE_CURVE('',#2074,#2074,#341,.T.);
#2732=EDGE_CURVE('',#2075,#2063,#342,.T.);
#2733=EDGE_CURVE('',#2072,#2048,#1092,.T.);
#2734=EDGE_CURVE('',#2047,#2071,#1093,.T.);
#2735=EDGE_CURVE('',#2076,#2077,#1094,.T.);
#2736=EDGE_CURVE('',#2078,#2077,#343,.T.);
#2737=EDGE_CURVE('',#2078,#2076,#1644,.T.);
#2738=EDGE_CURVE('',#2079,#2080,#1095,.T.);
#2739=EDGE_CURVE('',#2080,#2081,#1645,.T.);
#2740=EDGE_CURVE('',#2077,#2081,#344,.T.);
#2741=EDGE_CURVE('',#2076,#2079,#1646,.T.);
#2742=EDGE_CURVE('',#2082,#2083,#1096,.T.);
#2743=EDGE_CURVE('',#2083,#2080,#1647,.T.);
#2744=EDGE_CURVE('',#2079,#2082,#1648,.T.);
#2745=EDGE_CURVE('',#2084,#2085,#1097,.T.);
#2746=EDGE_CURVE('',#2084,#2086,#1649,.T.);
#2747=EDGE_CURVE('',#2087,#2086,#345,.F.);
#2748=EDGE_CURVE('',#2087,#2085,#1650,.T.);
#2749=EDGE_CURVE('',#2088,#2089,#1098,.T.);
#2750=EDGE_CURVE('',#2089,#2090,#1651,.T.);
#2751=EDGE_CURVE('',#2090,#2091,#346,.T.);
#2752=EDGE_CURVE('',#2088,#2091,#1652,.T.);
#2753=EDGE_CURVE('',#2092,#2093,#1099,.T.);
#2754=EDGE_CURVE('',#2093,#2089,#1653,.T.);
#2755=EDGE_CURVE('',#2092,#2088,#1654,.T.);
#2756=EDGE_CURVE('',#2094,#2095,#1100,.T.);
#2757=EDGE_CURVE('',#2095,#2093,#1655,.T.);
#2758=EDGE_CURVE('',#2094,#2092,#1656,.T.);
#2759=EDGE_CURVE('',#2096,#2097,#1101,.T.);
#2760=EDGE_CURVE('',#2098,#2096,#1657,.T.);
#2761=EDGE_CURVE('',#2098,#2099,#347,.T.);
#2762=EDGE_CURVE('',#2099,#2100,#348,.T.);
#2763=EDGE_CURVE('',#2100,#2097,#1658,.T.);
#2764=EDGE_CURVE('',#2101,#2102,#1102,.T.);
#2765=EDGE_CURVE('',#2101,#2103,#349,.T.);
#2766=EDGE_CURVE('',#2104,#2103,#1103,.T.);
#2767=EDGE_CURVE('',#2102,#2104,#350,.T.);
#2768=EDGE_CURVE('',#2105,#2106,#1104,.T.);
#2769=EDGE_CURVE('',#2105,#2107,#351,.T.);
#2770=EDGE_CURVE('',#2108,#2107,#1105,.T.);
#2771=EDGE_CURVE('',#2106,#2108,#352,.T.);
#2772=EDGE_CURVE('',#2109,#2110,#1106,.T.);
#2773=EDGE_CURVE('',#2111,#2109,#353,.T.);
#2774=EDGE_CURVE('',#2112,#2111,#1107,.T.);
#2775=EDGE_CURVE('',#2112,#2110,#354,.T.);
#2776=EDGE_CURVE('',#2113,#2114,#1108,.T.);
#2777=EDGE_CURVE('',#2113,#2115,#355,.T.);
#2778=EDGE_CURVE('',#2115,#2116,#356,.T.);
#2779=EDGE_CURVE('',#2117,#2116,#1109,.T.);
#2780=EDGE_CURVE('',#2118,#2117,#357,.T.);
#2781=EDGE_CURVE('',#2114,#2118,#358,.T.);
#2782=EDGE_CURVE('',#2119,#2120,#1110,.T.);
#2783=EDGE_CURVE('',#2121,#2119,#359,.T.);
#2784=EDGE_CURVE('',#2122,#2121,#1111,.T.);
#2785=EDGE_CURVE('',#2122,#2120,#360,.T.);
#2786=EDGE_CURVE('',#2114,#2123,#1659,.T.);
#2787=EDGE_CURVE('',#2118,#2124,#361,.T.);
#2788=EDGE_CURVE('',#2125,#2124,#362,.T.);
#2789=EDGE_CURVE('',#2091,#2125,#1660,.T.);
#2790=EDGE_CURVE('',#2126,#2090,#1661,.T.);
#2791=EDGE_CURVE('',#2124,#2126,#363,.T.);
#2792=EDGE_CURVE('',#2102,#2117,#1662,.T.);
#2793=EDGE_CURVE('',#2111,#2104,#1663,.T.);
#2794=EDGE_CURVE('',#2106,#2109,#1664,.T.);
#2795=EDGE_CURVE('',#2121,#2108,#1665,.T.);
#2796=EDGE_CURVE('',#2127,#2119,#1666,.T.);
#2797=EDGE_CURVE('',#2127,#2123,#364,.T.);
#2798=EDGE_CURVE('',#2100,#2128,#1667,.T.);
#2799=EDGE_CURVE('',#2099,#2115,#365,.T.);
#2800=EDGE_CURVE('',#2129,#2113,#1668,.T.);
#2801=EDGE_CURVE('',#2130,#2129,#366,.T.);
#2802=EDGE_CURVE('',#2120,#2130,#1669,.T.);
#2803=EDGE_CURVE('',#2107,#2122,#1670,.T.);
#2804=EDGE_CURVE('',#2110,#2105,#1671,.T.);
#2805=EDGE_CURVE('',#2103,#2112,#1672,.T.);
#2806=EDGE_CURVE('',#2116,#2101,#1673,.T.);
#2807=EDGE_CURVE('',#2131,#2098,#1674,.T.);
#2808=EDGE_CURVE('',#2128,#2131,#367,.T.);
#2809=EDGE_CURVE('',#2123,#2129,#1112,.T.);
#2810=EDGE_CURVE('',#2130,#2127,#1113,.T.);
#2811=EDGE_CURVE('',#2126,#2078,#1675,.T.);
#2812=EDGE_CURVE('',#2081,#2125,#1676,.T.);
#2813=EDGE_CURVE('',#2097,#2095,#1677,.T.);
#2814=EDGE_CURVE('',#2086,#2128,#1678,.T.);
#2815=EDGE_CURVE('',#2082,#2084,#1679,.T.);
#2816=EDGE_CURVE('',#2131,#2087,#1680,.T.);
#2817=EDGE_CURVE('',#2096,#2094,#1681,.T.);
#2818=EDGE_CURVE('',#2085,#2083,#1682,.T.);
#2819=ORIENTED_EDGE('',*,*,#2132,.F.);
#2820=ORIENTED_EDGE('',*,*,#2133,.F.);
#2821=ORIENTED_EDGE('',*,*,#2134,.F.);
#2822=ORIENTED_EDGE('',*,*,#2135,.F.);
#2823=ORIENTED_EDGE('',*,*,#2136,.F.);
#2824=ORIENTED_EDGE('',*,*,#2137,.F.);
#2825=ORIENTED_EDGE('',*,*,#2138,.F.);
#2826=ORIENTED_EDGE('',*,*,#2139,.F.);
#2827=ORIENTED_EDGE('',*,*,#2140,.F.);
#2828=ORIENTED_EDGE('',*,*,#2141,.F.);
#2829=ORIENTED_EDGE('',*,*,#2142,.F.);
#2830=ORIENTED_EDGE('',*,*,#2143,.F.);
#2831=ORIENTED_EDGE('',*,*,#2144,.F.);
#2832=ORIENTED_EDGE('',*,*,#2145,.F.);
#2833=ORIENTED_EDGE('',*,*,#2146,.F.);
#2834=ORIENTED_EDGE('',*,*,#2147,.F.);
#2835=ORIENTED_EDGE('',*,*,#2148,.F.);
#2836=ORIENTED_EDGE('',*,*,#2149,.F.);
#2837=ORIENTED_EDGE('',*,*,#2150,.F.);
#2838=ORIENTED_EDGE('',*,*,#2151,.F.);
#2839=ORIENTED_EDGE('',*,*,#2152,.F.);
#2840=ORIENTED_EDGE('',*,*,#2153,.F.);
#2841=ORIENTED_EDGE('',*,*,#2154,.F.);
#2842=ORIENTED_EDGE('',*,*,#2155,.F.);
#2843=ORIENTED_EDGE('',*,*,#2156,.F.);
#2844=ORIENTED_EDGE('',*,*,#2157,.F.);
#2845=ORIENTED_EDGE('',*,*,#2158,.F.);
#2846=ORIENTED_EDGE('',*,*,#2159,.F.);
#2847=ORIENTED_EDGE('',*,*,#2160,.F.);
#2848=ORIENTED_EDGE('',*,*,#2161,.F.);
#2849=ORIENTED_EDGE('',*,*,#2162,.F.);
#2850=ORIENTED_EDGE('',*,*,#2163,.F.);
#2851=ORIENTED_EDGE('',*,*,#2164,.F.);
#2852=ORIENTED_EDGE('',*,*,#2165,.F.);
#2853=ORIENTED_EDGE('',*,*,#2166,.F.);
#2854=ORIENTED_EDGE('',*,*,#2167,.F.);
#2855=ORIENTED_EDGE('',*,*,#2168,.F.);
#2856=ORIENTED_EDGE('',*,*,#2169,.F.);
#2857=ORIENTED_EDGE('',*,*,#2170,.F.);
#2858=ORIENTED_EDGE('',*,*,#2171,.F.);
#2859=ORIENTED_EDGE('',*,*,#2172,.F.);
#2860=ORIENTED_EDGE('',*,*,#2173,.F.);
#2861=ORIENTED_EDGE('',*,*,#2174,.F.);
#2862=ORIENTED_EDGE('',*,*,#2175,.F.);
#2863=ORIENTED_EDGE('',*,*,#2176,.F.);
#2864=ORIENTED_EDGE('',*,*,#2177,.F.);
#2865=ORIENTED_EDGE('',*,*,#2178,.F.);
#2866=ORIENTED_EDGE('',*,*,#2179,.F.);
#2867=ORIENTED_EDGE('',*,*,#2180,.F.);
#2868=ORIENTED_EDGE('',*,*,#2181,.F.);
#2869=ORIENTED_EDGE('',*,*,#2182,.F.);
#2870=ORIENTED_EDGE('',*,*,#2183,.F.);
#2871=ORIENTED_EDGE('',*,*,#2184,.F.);
#2872=ORIENTED_EDGE('',*,*,#2185,.F.);
#2873=ORIENTED_EDGE('',*,*,#2186,.F.);
#2874=ORIENTED_EDGE('',*,*,#2187,.F.);
#2875=ORIENTED_EDGE('',*,*,#2188,.F.);
#2876=ORIENTED_EDGE('',*,*,#2189,.F.);
#2877=ORIENTED_EDGE('',*,*,#2190,.F.);
#2878=ORIENTED_EDGE('',*,*,#2191,.F.);
#2879=ORIENTED_EDGE('',*,*,#2192,.F.);
#2880=ORIENTED_EDGE('',*,*,#2193,.F.);
#2881=ORIENTED_EDGE('',*,*,#2194,.F.);
#2882=ORIENTED_EDGE('',*,*,#2195,.F.);
#2883=ORIENTED_EDGE('',*,*,#2196,.F.);
#2884=ORIENTED_EDGE('',*,*,#2197,.F.);
#2885=ORIENTED_EDGE('',*,*,#2198,.F.);
#2886=ORIENTED_EDGE('',*,*,#2199,.F.);
#2887=ORIENTED_EDGE('',*,*,#2200,.F.);
#2888=ORIENTED_EDGE('',*,*,#2201,.F.);
#2889=ORIENTED_EDGE('',*,*,#2202,.F.);
#2890=ORIENTED_EDGE('',*,*,#2203,.F.);
#2891=ORIENTED_EDGE('',*,*,#2204,.F.);
#2892=ORIENTED_EDGE('',*,*,#2205,.F.);
#2893=ORIENTED_EDGE('',*,*,#2206,.F.);
#2894=ORIENTED_EDGE('',*,*,#2207,.F.);
#2895=ORIENTED_EDGE('',*,*,#2208,.F.);
#2896=ORIENTED_EDGE('',*,*,#2209,.F.);
#2897=ORIENTED_EDGE('',*,*,#2210,.F.);
#2898=ORIENTED_EDGE('',*,*,#2211,.F.);
#2899=ORIENTED_EDGE('',*,*,#2212,.F.);
#2900=ORIENTED_EDGE('',*,*,#2213,.F.);
#2901=ORIENTED_EDGE('',*,*,#2214,.F.);
#2902=ORIENTED_EDGE('',*,*,#2215,.F.);
#2903=ORIENTED_EDGE('',*,*,#2216,.F.);
#2904=ORIENTED_EDGE('',*,*,#2217,.F.);
#2905=ORIENTED_EDGE('',*,*,#2218,.F.);
#2906=ORIENTED_EDGE('',*,*,#2219,.F.);
#2907=ORIENTED_EDGE('',*,*,#2220,.F.);
#2908=ORIENTED_EDGE('',*,*,#2221,.F.);
#2909=ORIENTED_EDGE('',*,*,#2222,.F.);
#2910=ORIENTED_EDGE('',*,*,#2223,.F.);
#2911=ORIENTED_EDGE('',*,*,#2224,.F.);
#2912=ORIENTED_EDGE('',*,*,#2225,.F.);
#2913=ORIENTED_EDGE('',*,*,#2226,.F.);
#2914=ORIENTED_EDGE('',*,*,#2227,.F.);
#2915=ORIENTED_EDGE('',*,*,#2228,.F.);
#2916=ORIENTED_EDGE('',*,*,#2229,.F.);
#2917=ORIENTED_EDGE('',*,*,#2230,.F.);
#2918=ORIENTED_EDGE('',*,*,#2231,.F.);
#2919=ORIENTED_EDGE('',*,*,#2232,.F.);
#2920=ORIENTED_EDGE('',*,*,#2233,.F.);
#2921=ORIENTED_EDGE('',*,*,#2234,.F.);
#2922=ORIENTED_EDGE('',*,*,#2235,.F.);
#2923=ORIENTED_EDGE('',*,*,#2236,.F.);
#2924=ORIENTED_EDGE('',*,*,#2237,.F.);
#2925=ORIENTED_EDGE('',*,*,#2238,.F.);
#2926=ORIENTED_EDGE('',*,*,#2239,.F.);
#2927=ORIENTED_EDGE('',*,*,#2240,.F.);
#2928=ORIENTED_EDGE('',*,*,#2241,.F.);
#2929=ORIENTED_EDGE('',*,*,#2242,.F.);
#2930=ORIENTED_EDGE('',*,*,#2243,.F.);
#2931=ORIENTED_EDGE('',*,*,#2244,.F.);
#2932=ORIENTED_EDGE('',*,*,#2245,.F.);
#2933=ORIENTED_EDGE('',*,*,#2246,.F.);
#2934=ORIENTED_EDGE('',*,*,#2247,.F.);
#2935=ORIENTED_EDGE('',*,*,#2248,.F.);
#2936=ORIENTED_EDGE('',*,*,#2249,.F.);
#2937=ORIENTED_EDGE('',*,*,#2250,.F.);
#2938=ORIENTED_EDGE('',*,*,#2251,.F.);
#2939=ORIENTED_EDGE('',*,*,#2252,.F.);
#2940=ORIENTED_EDGE('',*,*,#2253,.F.);
#2941=ORIENTED_EDGE('',*,*,#2254,.F.);
#2942=ORIENTED_EDGE('',*,*,#2255,.F.);
#2943=ORIENTED_EDGE('',*,*,#2256,.F.);
#2944=ORIENTED_EDGE('',*,*,#2257,.F.);
#2945=ORIENTED_EDGE('',*,*,#2258,.F.);
#2946=ORIENTED_EDGE('',*,*,#2259,.F.);
#2947=ORIENTED_EDGE('',*,*,#2260,.F.);
#2948=ORIENTED_EDGE('',*,*,#2261,.F.);
#2949=ORIENTED_EDGE('',*,*,#2262,.F.);
#2950=ORIENTED_EDGE('',*,*,#2263,.F.);
#2951=ORIENTED_EDGE('',*,*,#2264,.F.);
#2952=ORIENTED_EDGE('',*,*,#2265,.F.);
#2953=ORIENTED_EDGE('',*,*,#2266,.F.);
#2954=ORIENTED_EDGE('',*,*,#2267,.F.);
#2955=ORIENTED_EDGE('',*,*,#2268,.F.);
#2956=ORIENTED_EDGE('',*,*,#2269,.F.);
#2957=ORIENTED_EDGE('',*,*,#2270,.F.);
#2958=ORIENTED_EDGE('',*,*,#2271,.F.);
#2959=ORIENTED_EDGE('',*,*,#2272,.F.);
#2960=ORIENTED_EDGE('',*,*,#2273,.F.);
#2961=ORIENTED_EDGE('',*,*,#2274,.F.);
#2962=ORIENTED_EDGE('',*,*,#2275,.T.);
#2963=ORIENTED_EDGE('',*,*,#2276,.F.);
#2964=ORIENTED_EDGE('',*,*,#2277,.F.);
#2965=ORIENTED_EDGE('',*,*,#2278,.F.);
#2966=ORIENTED_EDGE('',*,*,#2279,.F.);
#2967=ORIENTED_EDGE('',*,*,#2280,.F.);
#2968=ORIENTED_EDGE('',*,*,#2281,.F.);
#2969=ORIENTED_EDGE('',*,*,#2282,.F.);
#2970=ORIENTED_EDGE('',*,*,#2283,.F.);
#2971=ORIENTED_EDGE('',*,*,#2284,.F.);
#2972=ORIENTED_EDGE('',*,*,#2285,.F.);
#2973=ORIENTED_EDGE('',*,*,#2286,.F.);
#2974=ORIENTED_EDGE('',*,*,#2287,.F.);
#2975=ORIENTED_EDGE('',*,*,#2288,.F.);
#2976=ORIENTED_EDGE('',*,*,#2289,.F.);
#2977=ORIENTED_EDGE('',*,*,#2290,.F.);
#2978=ORIENTED_EDGE('',*,*,#2291,.F.);
#2979=ORIENTED_EDGE('',*,*,#2292,.F.);
#2980=ORIENTED_EDGE('',*,*,#2293,.F.);
#2981=ORIENTED_EDGE('',*,*,#2294,.F.);
#2982=ORIENTED_EDGE('',*,*,#2295,.F.);
#2983=ORIENTED_EDGE('',*,*,#2296,.F.);
#2984=ORIENTED_EDGE('',*,*,#2297,.F.);
#2985=ORIENTED_EDGE('',*,*,#2298,.F.);
#2986=ORIENTED_EDGE('',*,*,#2299,.F.);
#2987=ORIENTED_EDGE('',*,*,#2300,.F.);
#2988=ORIENTED_EDGE('',*,*,#2301,.F.);
#2989=ORIENTED_EDGE('',*,*,#2302,.F.);
#2990=ORIENTED_EDGE('',*,*,#2303,.F.);
#2991=ORIENTED_EDGE('',*,*,#2304,.F.);
#2992=ORIENTED_EDGE('',*,*,#2305,.F.);
#2993=ORIENTED_EDGE('',*,*,#2306,.F.);
#2994=ORIENTED_EDGE('',*,*,#2307,.F.);
#2995=ORIENTED_EDGE('',*,*,#2308,.F.);
#2996=ORIENTED_EDGE('',*,*,#2309,.F.);
#2997=ORIENTED_EDGE('',*,*,#2310,.F.);
#2998=ORIENTED_EDGE('',*,*,#2311,.F.);
#2999=ORIENTED_EDGE('',*,*,#2312,.F.);
#3000=ORIENTED_EDGE('',*,*,#2313,.F.);
#3001=ORIENTED_EDGE('',*,*,#2314,.F.);
#3002=ORIENTED_EDGE('',*,*,#2315,.F.);
#3003=ORIENTED_EDGE('',*,*,#2316,.F.);
#3004=ORIENTED_EDGE('',*,*,#2317,.F.);
#3005=ORIENTED_EDGE('',*,*,#2318,.F.);
#3006=ORIENTED_EDGE('',*,*,#2319,.F.);
#3007=ORIENTED_EDGE('',*,*,#2320,.F.);
#3008=ORIENTED_EDGE('',*,*,#2321,.F.);
#3009=ORIENTED_EDGE('',*,*,#2322,.F.);
#3010=ORIENTED_EDGE('',*,*,#2323,.F.);
#3011=ORIENTED_EDGE('',*,*,#2324,.F.);
#3012=ORIENTED_EDGE('',*,*,#2325,.F.);
#3013=ORIENTED_EDGE('',*,*,#2326,.F.);
#3014=ORIENTED_EDGE('',*,*,#2327,.F.);
#3015=ORIENTED_EDGE('',*,*,#2328,.F.);
#3016=ORIENTED_EDGE('',*,*,#2329,.F.);
#3017=ORIENTED_EDGE('',*,*,#2330,.F.);
#3018=ORIENTED_EDGE('',*,*,#2331,.F.);
#3019=ORIENTED_EDGE('',*,*,#2332,.F.);
#3020=ORIENTED_EDGE('',*,*,#2333,.F.);
#3021=ORIENTED_EDGE('',*,*,#2334,.F.);
#3022=ORIENTED_EDGE('',*,*,#2335,.F.);
#3023=ORIENTED_EDGE('',*,*,#2336,.F.);
#3024=ORIENTED_EDGE('',*,*,#2337,.F.);
#3025=ORIENTED_EDGE('',*,*,#2338,.F.);
#3026=ORIENTED_EDGE('',*,*,#2339,.F.);
#3027=ORIENTED_EDGE('',*,*,#2340,.F.);
#3028=ORIENTED_EDGE('',*,*,#2341,.F.);
#3029=ORIENTED_EDGE('',*,*,#2342,.F.);
#3030=ORIENTED_EDGE('',*,*,#2343,.F.);
#3031=ORIENTED_EDGE('',*,*,#2344,.F.);
#3032=ORIENTED_EDGE('',*,*,#2345,.F.);
#3033=ORIENTED_EDGE('',*,*,#2346,.F.);
#3034=ORIENTED_EDGE('',*,*,#2347,.F.);
#3035=ORIENTED_EDGE('',*,*,#2348,.F.);
#3036=ORIENTED_EDGE('',*,*,#2349,.F.);
#3037=ORIENTED_EDGE('',*,*,#2350,.F.);
#3038=ORIENTED_EDGE('',*,*,#2351,.F.);
#3039=ORIENTED_EDGE('',*,*,#2352,.F.);
#3040=ORIENTED_EDGE('',*,*,#2353,.F.);
#3041=ORIENTED_EDGE('',*,*,#2354,.F.);
#3042=ORIENTED_EDGE('',*,*,#2355,.F.);
#3043=ORIENTED_EDGE('',*,*,#2356,.F.);
#3044=ORIENTED_EDGE('',*,*,#2357,.F.);
#3045=ORIENTED_EDGE('',*,*,#2358,.F.);
#3046=ORIENTED_EDGE('',*,*,#2359,.F.);
#3047=ORIENTED_EDGE('',*,*,#2360,.F.);
#3048=ORIENTED_EDGE('',*,*,#2361,.F.);
#3049=ORIENTED_EDGE('',*,*,#2362,.F.);
#3050=ORIENTED_EDGE('',*,*,#2363,.F.);
#3051=ORIENTED_EDGE('',*,*,#2364,.F.);
#3052=ORIENTED_EDGE('',*,*,#2365,.F.);
#3053=ORIENTED_EDGE('',*,*,#2366,.F.);
#3054=ORIENTED_EDGE('',*,*,#2367,.F.);
#3055=ORIENTED_EDGE('',*,*,#2368,.F.);
#3056=ORIENTED_EDGE('',*,*,#2369,.F.);
#3057=ORIENTED_EDGE('',*,*,#2370,.F.);
#3058=ORIENTED_EDGE('',*,*,#2371,.F.);
#3059=ORIENTED_EDGE('',*,*,#2372,.F.);
#3060=ORIENTED_EDGE('',*,*,#2373,.F.);
#3061=ORIENTED_EDGE('',*,*,#2374,.F.);
#3062=ORIENTED_EDGE('',*,*,#2375,.F.);
#3063=ORIENTED_EDGE('',*,*,#2376,.F.);
#3064=ORIENTED_EDGE('',*,*,#2377,.F.);
#3065=ORIENTED_EDGE('',*,*,#2378,.F.);
#3066=ORIENTED_EDGE('',*,*,#2379,.F.);
#3067=ORIENTED_EDGE('',*,*,#2380,.F.);
#3068=ORIENTED_EDGE('',*,*,#2381,.F.);
#3069=ORIENTED_EDGE('',*,*,#2382,.F.);
#3070=ORIENTED_EDGE('',*,*,#2383,.F.);
#3071=ORIENTED_EDGE('',*,*,#2384,.F.);
#3072=ORIENTED_EDGE('',*,*,#2385,.F.);
#3073=ORIENTED_EDGE('',*,*,#2386,.F.);
#3074=ORIENTED_EDGE('',*,*,#2387,.F.);
#3075=ORIENTED_EDGE('',*,*,#2388,.F.);
#3076=ORIENTED_EDGE('',*,*,#2389,.F.);
#3077=ORIENTED_EDGE('',*,*,#2390,.F.);
#3078=ORIENTED_EDGE('',*,*,#2391,.F.);
#3079=ORIENTED_EDGE('',*,*,#2392,.F.);
#3080=ORIENTED_EDGE('',*,*,#2393,.F.);
#3081=ORIENTED_EDGE('',*,*,#2394,.F.);
#3082=ORIENTED_EDGE('',*,*,#2395,.F.);
#3083=ORIENTED_EDGE('',*,*,#2396,.F.);
#3084=ORIENTED_EDGE('',*,*,#2397,.F.);
#3085=ORIENTED_EDGE('',*,*,#2398,.F.);
#3086=ORIENTED_EDGE('',*,*,#2399,.F.);
#3087=ORIENTED_EDGE('',*,*,#2400,.F.);
#3088=ORIENTED_EDGE('',*,*,#2401,.F.);
#3089=ORIENTED_EDGE('',*,*,#2402,.F.);
#3090=ORIENTED_EDGE('',*,*,#2403,.F.);
#3091=ORIENTED_EDGE('',*,*,#2404,.F.);
#3092=ORIENTED_EDGE('',*,*,#2405,.F.);
#3093=ORIENTED_EDGE('',*,*,#2406,.F.);
#3094=ORIENTED_EDGE('',*,*,#2407,.F.);
#3095=ORIENTED_EDGE('',*,*,#2408,.F.);
#3096=ORIENTED_EDGE('',*,*,#2409,.F.);
#3097=ORIENTED_EDGE('',*,*,#2410,.F.);
#3098=ORIENTED_EDGE('',*,*,#2411,.F.);
#3099=ORIENTED_EDGE('',*,*,#2412,.F.);
#3100=ORIENTED_EDGE('',*,*,#2413,.F.);
#3101=ORIENTED_EDGE('',*,*,#2414,.F.);
#3102=ORIENTED_EDGE('',*,*,#2415,.F.);
#3103=ORIENTED_EDGE('',*,*,#2416,.F.);
#3104=ORIENTED_EDGE('',*,*,#2417,.F.);
#3105=ORIENTED_EDGE('',*,*,#2418,.F.);
#3106=ORIENTED_EDGE('',*,*,#2419,.T.);
#3107=ORIENTED_EDGE('',*,*,#2420,.T.);
#3108=ORIENTED_EDGE('',*,*,#2421,.T.);
#3109=ORIENTED_EDGE('',*,*,#2422,.T.);
#3110=ORIENTED_EDGE('',*,*,#2423,.T.);
#3111=ORIENTED_EDGE('',*,*,#2419,.F.);
#3112=ORIENTED_EDGE('',*,*,#2424,.T.);
#3113=ORIENTED_EDGE('',*,*,#2425,.T.);
#3114=ORIENTED_EDGE('',*,*,#2426,.T.);
#3115=ORIENTED_EDGE('',*,*,#2275,.F.);
#3116=ORIENTED_EDGE('',*,*,#2204,.T.);
#3117=ORIENTED_EDGE('',*,*,#2427,.F.);
#3118=ORIENTED_EDGE('',*,*,#2346,.T.);
#3119=ORIENTED_EDGE('',*,*,#2428,.F.);
#3120=ORIENTED_EDGE('',*,*,#2205,.T.);
#3121=ORIENTED_EDGE('',*,*,#2428,.T.);
#3122=ORIENTED_EDGE('',*,*,#2345,.T.);
#3123=ORIENTED_EDGE('',*,*,#2429,.F.);
#3124=ORIENTED_EDGE('',*,*,#2430,.F.);
#3125=ORIENTED_EDGE('',*,*,#2431,.F.);
#3126=ORIENTED_EDGE('',*,*,#2207,.T.);
#3127=ORIENTED_EDGE('',*,*,#2432,.F.);
#3128=ORIENTED_EDGE('',*,*,#2341,.T.);
#3129=ORIENTED_EDGE('',*,*,#2433,.T.);
#3130=ORIENTED_EDGE('',*,*,#2211,.T.);
#3131=ORIENTED_EDGE('',*,*,#2434,.F.);
#3132=ORIENTED_EDGE('',*,*,#2337,.T.);
#3133=ORIENTED_EDGE('',*,*,#2435,.T.);
#3134=ORIENTED_EDGE('',*,*,#2215,.T.);
#3135=ORIENTED_EDGE('',*,*,#2436,.F.);
#3136=ORIENTED_EDGE('',*,*,#2333,.T.);
#3137=ORIENTED_EDGE('',*,*,#2437,.T.);
#3138=ORIENTED_EDGE('',*,*,#2219,.T.);
#3139=ORIENTED_EDGE('',*,*,#2438,.F.);
#3140=ORIENTED_EDGE('',*,*,#2329,.T.);
#3141=ORIENTED_EDGE('',*,*,#2439,.T.);
#3142=ORIENTED_EDGE('',*,*,#2223,.T.);
#3143=ORIENTED_EDGE('',*,*,#2440,.F.);
#3144=ORIENTED_EDGE('',*,*,#2325,.T.);
#3145=ORIENTED_EDGE('',*,*,#2441,.T.);
#3146=ORIENTED_EDGE('',*,*,#2227,.T.);
#3147=ORIENTED_EDGE('',*,*,#2442,.F.);
#3148=ORIENTED_EDGE('',*,*,#2321,.T.);
#3149=ORIENTED_EDGE('',*,*,#2443,.T.);
#3150=ORIENTED_EDGE('',*,*,#2231,.T.);
#3151=ORIENTED_EDGE('',*,*,#2444,.F.);
#3152=ORIENTED_EDGE('',*,*,#2317,.T.);
#3153=ORIENTED_EDGE('',*,*,#2445,.T.);
#3154=ORIENTED_EDGE('',*,*,#2235,.T.);
#3155=ORIENTED_EDGE('',*,*,#2446,.F.);
#3156=ORIENTED_EDGE('',*,*,#2313,.T.);
#3157=ORIENTED_EDGE('',*,*,#2447,.T.);
#3158=ORIENTED_EDGE('',*,*,#2239,.T.);
#3159=ORIENTED_EDGE('',*,*,#2448,.F.);
#3160=ORIENTED_EDGE('',*,*,#2309,.T.);
#3161=ORIENTED_EDGE('',*,*,#2449,.T.);
#3162=ORIENTED_EDGE('',*,*,#2243,.T.);
#3163=ORIENTED_EDGE('',*,*,#2450,.F.);
#3164=ORIENTED_EDGE('',*,*,#2305,.T.);
#3165=ORIENTED_EDGE('',*,*,#2451,.T.);
#3166=ORIENTED_EDGE('',*,*,#2247,.T.);
#3167=ORIENTED_EDGE('',*,*,#2452,.F.);
#3168=ORIENTED_EDGE('',*,*,#2301,.T.);
#3169=ORIENTED_EDGE('',*,*,#2453,.T.);
#3170=ORIENTED_EDGE('',*,*,#2251,.T.);
#3171=ORIENTED_EDGE('',*,*,#2454,.F.);
#3172=ORIENTED_EDGE('',*,*,#2297,.T.);
#3173=ORIENTED_EDGE('',*,*,#2455,.T.);
#3174=ORIENTED_EDGE('',*,*,#2255,.T.);
#3175=ORIENTED_EDGE('',*,*,#2456,.F.);
#3176=ORIENTED_EDGE('',*,*,#2293,.T.);
#3177=ORIENTED_EDGE('',*,*,#2457,.T.);
#3178=ORIENTED_EDGE('',*,*,#2259,.T.);
#3179=ORIENTED_EDGE('',*,*,#2458,.F.);
#3180=ORIENTED_EDGE('',*,*,#2289,.T.);
#3181=ORIENTED_EDGE('',*,*,#2459,.T.);
#3182=ORIENTED_EDGE('',*,*,#2263,.T.);
#3183=ORIENTED_EDGE('',*,*,#2460,.F.);
#3184=ORIENTED_EDGE('',*,*,#2285,.T.);
#3185=ORIENTED_EDGE('',*,*,#2461,.T.);
#3186=ORIENTED_EDGE('',*,*,#2417,.T.);
#3187=ORIENTED_EDGE('',*,*,#2462,.F.);
#3188=ORIENTED_EDGE('',*,*,#2425,.F.);
#3189=ORIENTED_EDGE('',*,*,#2463,.T.);
#3190=ORIENTED_EDGE('',*,*,#2271,.T.);
#3191=ORIENTED_EDGE('',*,*,#2464,.F.);
#3192=ORIENTED_EDGE('',*,*,#2277,.T.);
#3193=ORIENTED_EDGE('',*,*,#2465,.T.);
#3194=ORIENTED_EDGE('',*,*,#2267,.T.);
#3195=ORIENTED_EDGE('',*,*,#2466,.F.);
#3196=ORIENTED_EDGE('',*,*,#2281,.T.);
#3197=ORIENTED_EDGE('',*,*,#2467,.T.);
#3198=ORIENTED_EDGE('',*,*,#2199,.T.);
#3199=ORIENTED_EDGE('',*,*,#2468,.T.);
#3200=ORIENTED_EDGE('',*,*,#2469,.T.);
#3201=ORIENTED_EDGE('',*,*,#2470,.F.);
#3202=ORIENTED_EDGE('',*,*,#2195,.T.);
#3203=ORIENTED_EDGE('',*,*,#2471,.T.);
#3204=ORIENTED_EDGE('',*,*,#2353,.T.);
#3205=ORIENTED_EDGE('',*,*,#2472,.F.);
#3206=ORIENTED_EDGE('',*,*,#2191,.T.);
#3207=ORIENTED_EDGE('',*,*,#2473,.T.);
#3208=ORIENTED_EDGE('',*,*,#2357,.T.);
#3209=ORIENTED_EDGE('',*,*,#2474,.F.);
#3210=ORIENTED_EDGE('',*,*,#2187,.T.);
#3211=ORIENTED_EDGE('',*,*,#2475,.T.);
#3212=ORIENTED_EDGE('',*,*,#2361,.T.);
#3213=ORIENTED_EDGE('',*,*,#2476,.F.);
#3214=ORIENTED_EDGE('',*,*,#2183,.T.);
#3215=ORIENTED_EDGE('',*,*,#2477,.T.);
#3216=ORIENTED_EDGE('',*,*,#2365,.T.);
#3217=ORIENTED_EDGE('',*,*,#2478,.F.);
#3218=ORIENTED_EDGE('',*,*,#2179,.T.);
#3219=ORIENTED_EDGE('',*,*,#2479,.T.);
#3220=ORIENTED_EDGE('',*,*,#2369,.T.);
#3221=ORIENTED_EDGE('',*,*,#2480,.F.);
#3222=ORIENTED_EDGE('',*,*,#2175,.T.);
#3223=ORIENTED_EDGE('',*,*,#2481,.T.);
#3224=ORIENTED_EDGE('',*,*,#2373,.T.);
#3225=ORIENTED_EDGE('',*,*,#2482,.F.);
#3226=ORIENTED_EDGE('',*,*,#2171,.T.);
#3227=ORIENTED_EDGE('',*,*,#2483,.T.);
#3228=ORIENTED_EDGE('',*,*,#2377,.T.);
#3229=ORIENTED_EDGE('',*,*,#2484,.F.);
#3230=ORIENTED_EDGE('',*,*,#2167,.T.);
#3231=ORIENTED_EDGE('',*,*,#2485,.T.);
#3232=ORIENTED_EDGE('',*,*,#2381,.T.);
#3233=ORIENTED_EDGE('',*,*,#2486,.F.);
#3234=ORIENTED_EDGE('',*,*,#2163,.T.);
#3235=ORIENTED_EDGE('',*,*,#2487,.T.);
#3236=ORIENTED_EDGE('',*,*,#2385,.T.);
#3237=ORIENTED_EDGE('',*,*,#2488,.F.);
#3238=ORIENTED_EDGE('',*,*,#2159,.T.);
#3239=ORIENTED_EDGE('',*,*,#2489,.T.);
#3240=ORIENTED_EDGE('',*,*,#2389,.T.);
#3241=ORIENTED_EDGE('',*,*,#2490,.F.);
#3242=ORIENTED_EDGE('',*,*,#2155,.T.);
#3243=ORIENTED_EDGE('',*,*,#2491,.T.);
#3244=ORIENTED_EDGE('',*,*,#2393,.T.);
#3245=ORIENTED_EDGE('',*,*,#2492,.F.);
#3246=ORIENTED_EDGE('',*,*,#2151,.T.);
#3247=ORIENTED_EDGE('',*,*,#2493,.T.);
#3248=ORIENTED_EDGE('',*,*,#2397,.T.);
#3249=ORIENTED_EDGE('',*,*,#2494,.F.);
#3250=ORIENTED_EDGE('',*,*,#2147,.T.);
#3251=ORIENTED_EDGE('',*,*,#2495,.T.);
#3252=ORIENTED_EDGE('',*,*,#2401,.T.);
#3253=ORIENTED_EDGE('',*,*,#2496,.F.);
#3254=ORIENTED_EDGE('',*,*,#2143,.T.);
#3255=ORIENTED_EDGE('',*,*,#2497,.T.);
#3256=ORIENTED_EDGE('',*,*,#2405,.T.);
#3257=ORIENTED_EDGE('',*,*,#2498,.F.);
#3258=ORIENTED_EDGE('',*,*,#2139,.T.);
#3259=ORIENTED_EDGE('',*,*,#2499,.T.);
#3260=ORIENTED_EDGE('',*,*,#2409,.T.);
#3261=ORIENTED_EDGE('',*,*,#2500,.F.);
#3262=ORIENTED_EDGE('',*,*,#2344,.T.);
#3263=ORIENTED_EDGE('',*,*,#2501,.F.);
#3264=ORIENTED_EDGE('',*,*,#2429,.T.);
#3265=ORIENTED_EDGE('',*,*,#2208,.T.);
#3266=ORIENTED_EDGE('',*,*,#2433,.F.);
#3267=ORIENTED_EDGE('',*,*,#2340,.T.);
#3268=ORIENTED_EDGE('',*,*,#2502,.F.);
#3269=ORIENTED_EDGE('',*,*,#2212,.T.);
#3270=ORIENTED_EDGE('',*,*,#2435,.F.);
#3271=ORIENTED_EDGE('',*,*,#2336,.T.);
#3272=ORIENTED_EDGE('',*,*,#2503,.F.);
#3273=ORIENTED_EDGE('',*,*,#2216,.T.);
#3274=ORIENTED_EDGE('',*,*,#2437,.F.);
#3275=ORIENTED_EDGE('',*,*,#2332,.T.);
#3276=ORIENTED_EDGE('',*,*,#2504,.F.);
#3277=ORIENTED_EDGE('',*,*,#2220,.T.);
#3278=ORIENTED_EDGE('',*,*,#2439,.F.);
#3279=ORIENTED_EDGE('',*,*,#2328,.T.);
#3280=ORIENTED_EDGE('',*,*,#2505,.F.);
#3281=ORIENTED_EDGE('',*,*,#2224,.T.);
#3282=ORIENTED_EDGE('',*,*,#2441,.F.);
#3283=ORIENTED_EDGE('',*,*,#2324,.T.);
#3284=ORIENTED_EDGE('',*,*,#2506,.F.);
#3285=ORIENTED_EDGE('',*,*,#2228,.T.);
#3286=ORIENTED_EDGE('',*,*,#2443,.F.);
#3287=ORIENTED_EDGE('',*,*,#2320,.T.);
#3288=ORIENTED_EDGE('',*,*,#2507,.F.);
#3289=ORIENTED_EDGE('',*,*,#2232,.T.);
#3290=ORIENTED_EDGE('',*,*,#2445,.F.);
#3291=ORIENTED_EDGE('',*,*,#2316,.T.);
#3292=ORIENTED_EDGE('',*,*,#2508,.F.);
#3293=ORIENTED_EDGE('',*,*,#2236,.T.);
#3294=ORIENTED_EDGE('',*,*,#2447,.F.);
#3295=ORIENTED_EDGE('',*,*,#2312,.T.);
#3296=ORIENTED_EDGE('',*,*,#2509,.F.);
#3297=ORIENTED_EDGE('',*,*,#2240,.T.);
#3298=ORIENTED_EDGE('',*,*,#2449,.F.);
#3299=ORIENTED_EDGE('',*,*,#2308,.T.);
#3300=ORIENTED_EDGE('',*,*,#2510,.F.);
#3301=ORIENTED_EDGE('',*,*,#2244,.T.);
#3302=ORIENTED_EDGE('',*,*,#2451,.F.);
#3303=ORIENTED_EDGE('',*,*,#2304,.T.);
#3304=ORIENTED_EDGE('',*,*,#2511,.F.);
#3305=ORIENTED_EDGE('',*,*,#2248,.T.);
#3306=ORIENTED_EDGE('',*,*,#2453,.F.);
#3307=ORIENTED_EDGE('',*,*,#2300,.T.);
#3308=ORIENTED_EDGE('',*,*,#2512,.F.);
#3309=ORIENTED_EDGE('',*,*,#2252,.T.);
#3310=ORIENTED_EDGE('',*,*,#2455,.F.);
#3311=ORIENTED_EDGE('',*,*,#2296,.T.);
#3312=ORIENTED_EDGE('',*,*,#2513,.F.);
#3313=ORIENTED_EDGE('',*,*,#2256,.T.);
#3314=ORIENTED_EDGE('',*,*,#2457,.F.);
#3315=ORIENTED_EDGE('',*,*,#2292,.T.);
#3316=ORIENTED_EDGE('',*,*,#2514,.F.);
#3317=ORIENTED_EDGE('',*,*,#2260,.T.);
#3318=ORIENTED_EDGE('',*,*,#2459,.F.);
#3319=ORIENTED_EDGE('',*,*,#2288,.T.);
#3320=ORIENTED_EDGE('',*,*,#2515,.F.);
#3321=ORIENTED_EDGE('',*,*,#2264,.T.);
#3322=ORIENTED_EDGE('',*,*,#2461,.F.);
#3323=ORIENTED_EDGE('',*,*,#2284,.T.);
#3324=ORIENTED_EDGE('',*,*,#2516,.F.);
#3325=ORIENTED_EDGE('',*,*,#2418,.T.);
#3326=ORIENTED_EDGE('',*,*,#2463,.F.);
#3327=ORIENTED_EDGE('',*,*,#2424,.F.);
#3328=ORIENTED_EDGE('',*,*,#2268,.T.);
#3329=ORIENTED_EDGE('',*,*,#2467,.F.);
#3330=ORIENTED_EDGE('',*,*,#2280,.T.);
#3331=ORIENTED_EDGE('',*,*,#2517,.F.);
#3332=ORIENTED_EDGE('',*,*,#2198,.T.);
#3333=ORIENTED_EDGE('',*,*,#2518,.F.);
#3334=ORIENTED_EDGE('',*,*,#2350,.T.);
#3335=ORIENTED_EDGE('',*,*,#2519,.T.);
#3336=ORIENTED_EDGE('',*,*,#2468,.F.);
#3337=ORIENTED_EDGE('',*,*,#2194,.T.);
#3338=ORIENTED_EDGE('',*,*,#2520,.F.);
#3339=ORIENTED_EDGE('',*,*,#2354,.T.);
#3340=ORIENTED_EDGE('',*,*,#2471,.F.);
#3341=ORIENTED_EDGE('',*,*,#2190,.T.);
#3342=ORIENTED_EDGE('',*,*,#2521,.F.);
#3343=ORIENTED_EDGE('',*,*,#2358,.T.);
#3344=ORIENTED_EDGE('',*,*,#2473,.F.);
#3345=ORIENTED_EDGE('',*,*,#2186,.T.);
#3346=ORIENTED_EDGE('',*,*,#2522,.F.);
#3347=ORIENTED_EDGE('',*,*,#2362,.T.);
#3348=ORIENTED_EDGE('',*,*,#2475,.F.);
#3349=ORIENTED_EDGE('',*,*,#2182,.T.);
#3350=ORIENTED_EDGE('',*,*,#2523,.F.);
#3351=ORIENTED_EDGE('',*,*,#2366,.T.);
#3352=ORIENTED_EDGE('',*,*,#2477,.F.);
#3353=ORIENTED_EDGE('',*,*,#2178,.T.);
#3354=ORIENTED_EDGE('',*,*,#2524,.F.);
#3355=ORIENTED_EDGE('',*,*,#2370,.T.);
#3356=ORIENTED_EDGE('',*,*,#2479,.F.);
#3357=ORIENTED_EDGE('',*,*,#2174,.T.);
#3358=ORIENTED_EDGE('',*,*,#2525,.F.);
#3359=ORIENTED_EDGE('',*,*,#2374,.T.);
#3360=ORIENTED_EDGE('',*,*,#2481,.F.);
#3361=ORIENTED_EDGE('',*,*,#2170,.T.);
#3362=ORIENTED_EDGE('',*,*,#2526,.F.);
#3363=ORIENTED_EDGE('',*,*,#2378,.T.);
#3364=ORIENTED_EDGE('',*,*,#2483,.F.);
#3365=ORIENTED_EDGE('',*,*,#2166,.T.);
#3366=ORIENTED_EDGE('',*,*,#2527,.F.);
#3367=ORIENTED_EDGE('',*,*,#2382,.T.);
#3368=ORIENTED_EDGE('',*,*,#2485,.F.);
#3369=ORIENTED_EDGE('',*,*,#2162,.T.);
#3370=ORIENTED_EDGE('',*,*,#2528,.F.);
#3371=ORIENTED_EDGE('',*,*,#2386,.T.);
#3372=ORIENTED_EDGE('',*,*,#2487,.F.);
#3373=ORIENTED_EDGE('',*,*,#2158,.T.);
#3374=ORIENTED_EDGE('',*,*,#2529,.F.);
#3375=ORIENTED_EDGE('',*,*,#2390,.T.);
#3376=ORIENTED_EDGE('',*,*,#2489,.F.);
#3377=ORIENTED_EDGE('',*,*,#2154,.T.);
#3378=ORIENTED_EDGE('',*,*,#2530,.F.);
#3379=ORIENTED_EDGE('',*,*,#2394,.T.);
#3380=ORIENTED_EDGE('',*,*,#2491,.F.);
#3381=ORIENTED_EDGE('',*,*,#2150,.T.);
#3382=ORIENTED_EDGE('',*,*,#2531,.F.);
#3383=ORIENTED_EDGE('',*,*,#2398,.T.);
#3384=ORIENTED_EDGE('',*,*,#2493,.F.);
#3385=ORIENTED_EDGE('',*,*,#2146,.T.);
#3386=ORIENTED_EDGE('',*,*,#2532,.F.);
#3387=ORIENTED_EDGE('',*,*,#2402,.T.);
#3388=ORIENTED_EDGE('',*,*,#2495,.F.);
#3389=ORIENTED_EDGE('',*,*,#2142,.T.);
#3390=ORIENTED_EDGE('',*,*,#2533,.F.);
#3391=ORIENTED_EDGE('',*,*,#2406,.T.);
#3392=ORIENTED_EDGE('',*,*,#2497,.F.);
#3393=ORIENTED_EDGE('',*,*,#2138,.T.);
#3394=ORIENTED_EDGE('',*,*,#2534,.F.);
#3395=ORIENTED_EDGE('',*,*,#2410,.T.);
#3396=ORIENTED_EDGE('',*,*,#2499,.F.);
#3397=ORIENTED_EDGE('',*,*,#2272,.T.);
#3398=ORIENTED_EDGE('',*,*,#2465,.F.);
#3399=ORIENTED_EDGE('',*,*,#2276,.T.);
#3400=ORIENTED_EDGE('',*,*,#2423,.F.);
#3401=ORIENTED_EDGE('',*,*,#2535,.F.);
#3402=ORIENTED_EDGE('',*,*,#2134,.T.);
#3403=ORIENTED_EDGE('',*,*,#2536,.F.);
#3404=ORIENTED_EDGE('',*,*,#2414,.T.);
#3405=ORIENTED_EDGE('',*,*,#2537,.F.);
#3406=ORIENTED_EDGE('',*,*,#2210,.T.);
#3407=ORIENTED_EDGE('',*,*,#2538,.F.);
#3408=ORIENTED_EDGE('',*,*,#2338,.T.);
#3409=ORIENTED_EDGE('',*,*,#2434,.T.);
#3410=ORIENTED_EDGE('',*,*,#2214,.T.);
#3411=ORIENTED_EDGE('',*,*,#2539,.F.);
#3412=ORIENTED_EDGE('',*,*,#2334,.T.);
#3413=ORIENTED_EDGE('',*,*,#2436,.T.);
#3414=ORIENTED_EDGE('',*,*,#2218,.T.);
#3415=ORIENTED_EDGE('',*,*,#2540,.F.);
#3416=ORIENTED_EDGE('',*,*,#2330,.T.);
#3417=ORIENTED_EDGE('',*,*,#2438,.T.);
#3418=ORIENTED_EDGE('',*,*,#2222,.T.);
#3419=ORIENTED_EDGE('',*,*,#2541,.F.);
#3420=ORIENTED_EDGE('',*,*,#2326,.T.);
#3421=ORIENTED_EDGE('',*,*,#2440,.T.);
#3422=ORIENTED_EDGE('',*,*,#2226,.T.);
#3423=ORIENTED_EDGE('',*,*,#2542,.F.);
#3424=ORIENTED_EDGE('',*,*,#2322,.T.);
#3425=ORIENTED_EDGE('',*,*,#2442,.T.);
#3426=ORIENTED_EDGE('',*,*,#2230,.T.);
#3427=ORIENTED_EDGE('',*,*,#2543,.F.);
#3428=ORIENTED_EDGE('',*,*,#2318,.T.);
#3429=ORIENTED_EDGE('',*,*,#2444,.T.);
#3430=ORIENTED_EDGE('',*,*,#2234,.T.);
#3431=ORIENTED_EDGE('',*,*,#2544,.F.);
#3432=ORIENTED_EDGE('',*,*,#2314,.T.);
#3433=ORIENTED_EDGE('',*,*,#2446,.T.);
#3434=ORIENTED_EDGE('',*,*,#2238,.T.);
#3435=ORIENTED_EDGE('',*,*,#2545,.F.);
#3436=ORIENTED_EDGE('',*,*,#2310,.T.);
#3437=ORIENTED_EDGE('',*,*,#2448,.T.);
#3438=ORIENTED_EDGE('',*,*,#2242,.T.);
#3439=ORIENTED_EDGE('',*,*,#2546,.F.);
#3440=ORIENTED_EDGE('',*,*,#2306,.T.);
#3441=ORIENTED_EDGE('',*,*,#2450,.T.);
#3442=ORIENTED_EDGE('',*,*,#2246,.T.);
#3443=ORIENTED_EDGE('',*,*,#2547,.F.);
#3444=ORIENTED_EDGE('',*,*,#2302,.T.);
#3445=ORIENTED_EDGE('',*,*,#2452,.T.);
#3446=ORIENTED_EDGE('',*,*,#2250,.T.);
#3447=ORIENTED_EDGE('',*,*,#2548,.F.);
#3448=ORIENTED_EDGE('',*,*,#2298,.T.);
#3449=ORIENTED_EDGE('',*,*,#2454,.T.);
#3450=ORIENTED_EDGE('',*,*,#2254,.T.);
#3451=ORIENTED_EDGE('',*,*,#2549,.F.);
#3452=ORIENTED_EDGE('',*,*,#2294,.T.);
#3453=ORIENTED_EDGE('',*,*,#2456,.T.);
#3454=ORIENTED_EDGE('',*,*,#2258,.T.);
#3455=ORIENTED_EDGE('',*,*,#2550,.F.);
#3456=ORIENTED_EDGE('',*,*,#2290,.T.);
#3457=ORIENTED_EDGE('',*,*,#2458,.T.);
#3458=ORIENTED_EDGE('',*,*,#2262,.T.);
#3459=ORIENTED_EDGE('',*,*,#2551,.F.);
#3460=ORIENTED_EDGE('',*,*,#2286,.T.);
#3461=ORIENTED_EDGE('',*,*,#2460,.T.);
#3462=ORIENTED_EDGE('',*,*,#2266,.T.);
#3463=ORIENTED_EDGE('',*,*,#2552,.F.);
#3464=ORIENTED_EDGE('',*,*,#2282,.T.);
#3465=ORIENTED_EDGE('',*,*,#2466,.T.);
#3466=ORIENTED_EDGE('',*,*,#2270,.T.);
#3467=ORIENTED_EDGE('',*,*,#2553,.F.);
#3468=ORIENTED_EDGE('',*,*,#2278,.T.);
#3469=ORIENTED_EDGE('',*,*,#2464,.T.);
#3470=ORIENTED_EDGE('',*,*,#2206,.T.);
#3471=ORIENTED_EDGE('',*,*,#2431,.T.);
#3472=ORIENTED_EDGE('',*,*,#2554,.F.);
#3473=ORIENTED_EDGE('',*,*,#2342,.T.);
#3474=ORIENTED_EDGE('',*,*,#2432,.T.);
#3475=ORIENTED_EDGE('',*,*,#2200,.T.);
#3476=ORIENTED_EDGE('',*,*,#2470,.T.);
#3477=ORIENTED_EDGE('',*,*,#2555,.T.);
#3478=ORIENTED_EDGE('',*,*,#2196,.T.);
#3479=ORIENTED_EDGE('',*,*,#2472,.T.);
#3480=ORIENTED_EDGE('',*,*,#2352,.T.);
#3481=ORIENTED_EDGE('',*,*,#2556,.F.);
#3482=ORIENTED_EDGE('',*,*,#2192,.T.);
#3483=ORIENTED_EDGE('',*,*,#2474,.T.);
#3484=ORIENTED_EDGE('',*,*,#2356,.T.);
#3485=ORIENTED_EDGE('',*,*,#2557,.F.);
#3486=ORIENTED_EDGE('',*,*,#2188,.T.);
#3487=ORIENTED_EDGE('',*,*,#2476,.T.);
#3488=ORIENTED_EDGE('',*,*,#2360,.T.);
#3489=ORIENTED_EDGE('',*,*,#2558,.F.);
#3490=ORIENTED_EDGE('',*,*,#2184,.T.);
#3491=ORIENTED_EDGE('',*,*,#2478,.T.);
#3492=ORIENTED_EDGE('',*,*,#2364,.T.);
#3493=ORIENTED_EDGE('',*,*,#2559,.F.);
#3494=ORIENTED_EDGE('',*,*,#2180,.T.);
#3495=ORIENTED_EDGE('',*,*,#2480,.T.);
#3496=ORIENTED_EDGE('',*,*,#2368,.T.);
#3497=ORIENTED_EDGE('',*,*,#2560,.F.);
#3498=ORIENTED_EDGE('',*,*,#2176,.T.);
#3499=ORIENTED_EDGE('',*,*,#2482,.T.);
#3500=ORIENTED_EDGE('',*,*,#2372,.T.);
#3501=ORIENTED_EDGE('',*,*,#2561,.F.);
#3502=ORIENTED_EDGE('',*,*,#2172,.T.);
#3503=ORIENTED_EDGE('',*,*,#2484,.T.);
#3504=ORIENTED_EDGE('',*,*,#2376,.T.);
#3505=ORIENTED_EDGE('',*,*,#2562,.F.);
#3506=ORIENTED_EDGE('',*,*,#2168,.T.);
#3507=ORIENTED_EDGE('',*,*,#2486,.T.);
#3508=ORIENTED_EDGE('',*,*,#2380,.T.);
#3509=ORIENTED_EDGE('',*,*,#2563,.F.);
#3510=ORIENTED_EDGE('',*,*,#2164,.T.);
#3511=ORIENTED_EDGE('',*,*,#2488,.T.);
#3512=ORIENTED_EDGE('',*,*,#2384,.T.);
#3513=ORIENTED_EDGE('',*,*,#2564,.F.);
#3514=ORIENTED_EDGE('',*,*,#2160,.T.);
#3515=ORIENTED_EDGE('',*,*,#2490,.T.);
#3516=ORIENTED_EDGE('',*,*,#2388,.T.);
#3517=ORIENTED_EDGE('',*,*,#2565,.F.);
#3518=ORIENTED_EDGE('',*,*,#2156,.T.);
#3519=ORIENTED_EDGE('',*,*,#2492,.T.);
#3520=ORIENTED_EDGE('',*,*,#2392,.T.);
#3521=ORIENTED_EDGE('',*,*,#2566,.F.);
#3522=ORIENTED_EDGE('',*,*,#2152,.T.);
#3523=ORIENTED_EDGE('',*,*,#2494,.T.);
#3524=ORIENTED_EDGE('',*,*,#2396,.T.);
#3525=ORIENTED_EDGE('',*,*,#2567,.F.);
#3526=ORIENTED_EDGE('',*,*,#2148,.T.);
#3527=ORIENTED_EDGE('',*,*,#2496,.T.);
#3528=ORIENTED_EDGE('',*,*,#2400,.T.);
#3529=ORIENTED_EDGE('',*,*,#2568,.F.);
#3530=ORIENTED_EDGE('',*,*,#2144,.T.);
#3531=ORIENTED_EDGE('',*,*,#2498,.T.);
#3532=ORIENTED_EDGE('',*,*,#2404,.T.);
#3533=ORIENTED_EDGE('',*,*,#2569,.F.);
#3534=ORIENTED_EDGE('',*,*,#2140,.T.);
#3535=ORIENTED_EDGE('',*,*,#2500,.T.);
#3536=ORIENTED_EDGE('',*,*,#2408,.T.);
#3537=ORIENTED_EDGE('',*,*,#2570,.F.);
#3538=ORIENTED_EDGE('',*,*,#2274,.T.);
#3539=ORIENTED_EDGE('',*,*,#2571,.F.);
#3540=ORIENTED_EDGE('',*,*,#2421,.F.);
#3541=ORIENTED_EDGE('',*,*,#2132,.T.);
#3542=ORIENTED_EDGE('',*,*,#2426,.F.);
#3543=ORIENTED_EDGE('',*,*,#2462,.T.);
#3544=ORIENTED_EDGE('',*,*,#2416,.T.);
#3545=ORIENTED_EDGE('',*,*,#2572,.F.);
#3546=ORIENTED_EDGE('',*,*,#2343,.T.);
#3547=ORIENTED_EDGE('',*,*,#2554,.T.);
#3548=ORIENTED_EDGE('',*,*,#2430,.T.);
#3549=ORIENTED_EDGE('',*,*,#2501,.T.);
#3550=ORIENTED_EDGE('',*,*,#2209,.T.);
#3551=ORIENTED_EDGE('',*,*,#2502,.T.);
#3552=ORIENTED_EDGE('',*,*,#2339,.T.);
#3553=ORIENTED_EDGE('',*,*,#2538,.T.);
#3554=ORIENTED_EDGE('',*,*,#2213,.T.);
#3555=ORIENTED_EDGE('',*,*,#2503,.T.);
#3556=ORIENTED_EDGE('',*,*,#2335,.T.);
#3557=ORIENTED_EDGE('',*,*,#2539,.T.);
#3558=ORIENTED_EDGE('',*,*,#2217,.T.);
#3559=ORIENTED_EDGE('',*,*,#2504,.T.);
#3560=ORIENTED_EDGE('',*,*,#2331,.T.);
#3561=ORIENTED_EDGE('',*,*,#2540,.T.);
#3562=ORIENTED_EDGE('',*,*,#2221,.T.);
#3563=ORIENTED_EDGE('',*,*,#2505,.T.);
#3564=ORIENTED_EDGE('',*,*,#2327,.T.);
#3565=ORIENTED_EDGE('',*,*,#2541,.T.);
#3566=ORIENTED_EDGE('',*,*,#2225,.T.);
#3567=ORIENTED_EDGE('',*,*,#2506,.T.);
#3568=ORIENTED_EDGE('',*,*,#2323,.T.);
#3569=ORIENTED_EDGE('',*,*,#2542,.T.);
#3570=ORIENTED_EDGE('',*,*,#2229,.T.);
#3571=ORIENTED_EDGE('',*,*,#2507,.T.);
#3572=ORIENTED_EDGE('',*,*,#2319,.T.);
#3573=ORIENTED_EDGE('',*,*,#2543,.T.);
#3574=ORIENTED_EDGE('',*,*,#2233,.T.);
#3575=ORIENTED_EDGE('',*,*,#2508,.T.);
#3576=ORIENTED_EDGE('',*,*,#2315,.T.);
#3577=ORIENTED_EDGE('',*,*,#2544,.T.);
#3578=ORIENTED_EDGE('',*,*,#2237,.T.);
#3579=ORIENTED_EDGE('',*,*,#2509,.T.);
#3580=ORIENTED_EDGE('',*,*,#2311,.T.);
#3581=ORIENTED_EDGE('',*,*,#2545,.T.);
#3582=ORIENTED_EDGE('',*,*,#2241,.T.);
#3583=ORIENTED_EDGE('',*,*,#2510,.T.);
#3584=ORIENTED_EDGE('',*,*,#2307,.T.);
#3585=ORIENTED_EDGE('',*,*,#2546,.T.);
#3586=ORIENTED_EDGE('',*,*,#2245,.T.);
#3587=ORIENTED_EDGE('',*,*,#2511,.T.);
#3588=ORIENTED_EDGE('',*,*,#2303,.T.);
#3589=ORIENTED_EDGE('',*,*,#2547,.T.);
#3590=ORIENTED_EDGE('',*,*,#2249,.T.);
#3591=ORIENTED_EDGE('',*,*,#2512,.T.);
#3592=ORIENTED_EDGE('',*,*,#2299,.T.);
#3593=ORIENTED_EDGE('',*,*,#2548,.T.);
#3594=ORIENTED_EDGE('',*,*,#2253,.T.);
#3595=ORIENTED_EDGE('',*,*,#2513,.T.);
#3596=ORIENTED_EDGE('',*,*,#2295,.T.);
#3597=ORIENTED_EDGE('',*,*,#2549,.T.);
#3598=ORIENTED_EDGE('',*,*,#2257,.T.);
#3599=ORIENTED_EDGE('',*,*,#2514,.T.);
#3600=ORIENTED_EDGE('',*,*,#2291,.T.);
#3601=ORIENTED_EDGE('',*,*,#2550,.T.);
#3602=ORIENTED_EDGE('',*,*,#2261,.T.);
#3603=ORIENTED_EDGE('',*,*,#2515,.T.);
#3604=ORIENTED_EDGE('',*,*,#2287,.T.);
#3605=ORIENTED_EDGE('',*,*,#2551,.T.);
#3606=ORIENTED_EDGE('',*,*,#2265,.T.);
#3607=ORIENTED_EDGE('',*,*,#2516,.T.);
#3608=ORIENTED_EDGE('',*,*,#2283,.T.);
#3609=ORIENTED_EDGE('',*,*,#2552,.T.);
#3610=ORIENTED_EDGE('',*,*,#2269,.T.);
#3611=ORIENTED_EDGE('',*,*,#2517,.T.);
#3612=ORIENTED_EDGE('',*,*,#2279,.T.);
#3613=ORIENTED_EDGE('',*,*,#2553,.T.);
#3614=ORIENTED_EDGE('',*,*,#2197,.T.);
#3615=ORIENTED_EDGE('',*,*,#2556,.T.);
#3616=ORIENTED_EDGE('',*,*,#2351,.T.);
#3617=ORIENTED_EDGE('',*,*,#2518,.T.);
#3618=ORIENTED_EDGE('',*,*,#2193,.T.);
#3619=ORIENTED_EDGE('',*,*,#2557,.T.);
#3620=ORIENTED_EDGE('',*,*,#2355,.T.);
#3621=ORIENTED_EDGE('',*,*,#2520,.T.);
#3622=ORIENTED_EDGE('',*,*,#2189,.T.);
#3623=ORIENTED_EDGE('',*,*,#2558,.T.);
#3624=ORIENTED_EDGE('',*,*,#2359,.T.);
#3625=ORIENTED_EDGE('',*,*,#2521,.T.);
#3626=ORIENTED_EDGE('',*,*,#2185,.T.);
#3627=ORIENTED_EDGE('',*,*,#2559,.T.);
#3628=ORIENTED_EDGE('',*,*,#2363,.T.);
#3629=ORIENTED_EDGE('',*,*,#2522,.T.);
#3630=ORIENTED_EDGE('',*,*,#2181,.T.);
#3631=ORIENTED_EDGE('',*,*,#2560,.T.);
#3632=ORIENTED_EDGE('',*,*,#2367,.T.);
#3633=ORIENTED_EDGE('',*,*,#2523,.T.);
#3634=ORIENTED_EDGE('',*,*,#2177,.T.);
#3635=ORIENTED_EDGE('',*,*,#2561,.T.);
#3636=ORIENTED_EDGE('',*,*,#2371,.T.);
#3637=ORIENTED_EDGE('',*,*,#2524,.T.);
#3638=ORIENTED_EDGE('',*,*,#2173,.T.);
#3639=ORIENTED_EDGE('',*,*,#2562,.T.);
#3640=ORIENTED_EDGE('',*,*,#2375,.T.);
#3641=ORIENTED_EDGE('',*,*,#2525,.T.);
#3642=ORIENTED_EDGE('',*,*,#2169,.T.);
#3643=ORIENTED_EDGE('',*,*,#2563,.T.);
#3644=ORIENTED_EDGE('',*,*,#2379,.T.);
#3645=ORIENTED_EDGE('',*,*,#2526,.T.);
#3646=ORIENTED_EDGE('',*,*,#2165,.T.);
#3647=ORIENTED_EDGE('',*,*,#2564,.T.);
#3648=ORIENTED_EDGE('',*,*,#2383,.T.);
#3649=ORIENTED_EDGE('',*,*,#2527,.T.);
#3650=ORIENTED_EDGE('',*,*,#2161,.T.);
#3651=ORIENTED_EDGE('',*,*,#2565,.T.);
#3652=ORIENTED_EDGE('',*,*,#2387,.T.);
#3653=ORIENTED_EDGE('',*,*,#2528,.T.);
#3654=ORIENTED_EDGE('',*,*,#2157,.T.);
#3655=ORIENTED_EDGE('',*,*,#2566,.T.);
#3656=ORIENTED_EDGE('',*,*,#2391,.T.);
#3657=ORIENTED_EDGE('',*,*,#2529,.T.);
#3658=ORIENTED_EDGE('',*,*,#2153,.T.);
#3659=ORIENTED_EDGE('',*,*,#2567,.T.);
#3660=ORIENTED_EDGE('',*,*,#2395,.T.);
#3661=ORIENTED_EDGE('',*,*,#2530,.T.);
#3662=ORIENTED_EDGE('',*,*,#2149,.T.);
#3663=ORIENTED_EDGE('',*,*,#2568,.T.);
#3664=ORIENTED_EDGE('',*,*,#2399,.T.);
#3665=ORIENTED_EDGE('',*,*,#2531,.T.);
#3666=ORIENTED_EDGE('',*,*,#2145,.T.);
#3667=ORIENTED_EDGE('',*,*,#2569,.T.);
#3668=ORIENTED_EDGE('',*,*,#2403,.T.);
#3669=ORIENTED_EDGE('',*,*,#2532,.T.);
#3670=ORIENTED_EDGE('',*,*,#2141,.T.);
#3671=ORIENTED_EDGE('',*,*,#2570,.T.);
#3672=ORIENTED_EDGE('',*,*,#2407,.T.);
#3673=ORIENTED_EDGE('',*,*,#2533,.T.);
#3674=ORIENTED_EDGE('',*,*,#2137,.T.);
#3675=ORIENTED_EDGE('',*,*,#2573,.T.);
#3676=ORIENTED_EDGE('',*,*,#2411,.T.);
#3677=ORIENTED_EDGE('',*,*,#2534,.T.);
#3678=ORIENTED_EDGE('',*,*,#2273,.T.);
#3679=ORIENTED_EDGE('',*,*,#2535,.T.);
#3680=ORIENTED_EDGE('',*,*,#2422,.F.);
#3681=ORIENTED_EDGE('',*,*,#2571,.T.);
#3682=ORIENTED_EDGE('',*,*,#2133,.T.);
#3683=ORIENTED_EDGE('',*,*,#2572,.T.);
#3684=ORIENTED_EDGE('',*,*,#2415,.T.);
#3685=ORIENTED_EDGE('',*,*,#2536,.T.);
#3686=ORIENTED_EDGE('',*,*,#2202,.T.);
#3687=ORIENTED_EDGE('',*,*,#2574,.F.);
#3688=ORIENTED_EDGE('',*,*,#2348,.T.);
#3689=ORIENTED_EDGE('',*,*,#2575,.F.);
#3690=ORIENTED_EDGE('',*,*,#2203,.T.);
#3691=ORIENTED_EDGE('',*,*,#2575,.T.);
#3692=ORIENTED_EDGE('',*,*,#2347,.T.);
#3693=ORIENTED_EDGE('',*,*,#2427,.T.);
#3694=ORIENTED_EDGE('',*,*,#2576,.T.);
#3695=ORIENTED_EDGE('',*,*,#2420,.F.);
#3696=ORIENTED_EDGE('',*,*,#2577,.T.);
#3697=ORIENTED_EDGE('',*,*,#2578,.T.);
#3698=ORIENTED_EDGE('',*,*,#2577,.F.);
#3699=ORIENTED_EDGE('',*,*,#2578,.F.);
#3700=ORIENTED_EDGE('',*,*,#2579,.T.);
#3701=ORIENTED_EDGE('',*,*,#2580,.T.);
#3702=ORIENTED_EDGE('',*,*,#2136,.T.);
#3703=ORIENTED_EDGE('',*,*,#2581,.T.);
#3704=ORIENTED_EDGE('',*,*,#2412,.T.);
#3705=ORIENTED_EDGE('',*,*,#2573,.F.);
#3706=ORIENTED_EDGE('',*,*,#2135,.T.);
#3707=ORIENTED_EDGE('',*,*,#2537,.T.);
#3708=ORIENTED_EDGE('',*,*,#2413,.T.);
#3709=ORIENTED_EDGE('',*,*,#2581,.F.);
#3710=ORIENTED_EDGE('',*,*,#2201,.T.);
#3711=ORIENTED_EDGE('',*,*,#2555,.F.);
#3712=ORIENTED_EDGE('',*,*,#2469,.F.);
#3713=ORIENTED_EDGE('',*,*,#2519,.F.);
#3714=ORIENTED_EDGE('',*,*,#2349,.T.);
#3715=ORIENTED_EDGE('',*,*,#2574,.T.);
#3716=ORIENTED_EDGE('',*,*,#2576,.F.);
#3717=ORIENTED_EDGE('',*,*,#2582,.T.);
#3718=ORIENTED_EDGE('',*,*,#2579,.F.);
#3719=ORIENTED_EDGE('',*,*,#2580,.F.);
#3720=ORIENTED_EDGE('',*,*,#2582,.F.);
#3721=ORIENTED_EDGE('',*,*,#2583,.F.);
#3722=ORIENTED_EDGE('',*,*,#2584,.T.);
#3723=ORIENTED_EDGE('',*,*,#2585,.F.);
#3724=ORIENTED_EDGE('',*,*,#2586,.F.);
#3725=ORIENTED_EDGE('',*,*,#2587,.T.);
#3726=ORIENTED_EDGE('',*,*,#2586,.T.);
#3727=ORIENTED_EDGE('',*,*,#2588,.F.);
#3728=ORIENTED_EDGE('',*,*,#2589,.F.);
#3729=ORIENTED_EDGE('',*,*,#2590,.F.);
#3730=ORIENTED_EDGE('',*,*,#2589,.T.);
#3731=ORIENTED_EDGE('',*,*,#2591,.F.);
#3732=ORIENTED_EDGE('',*,*,#2592,.F.);
#3733=ORIENTED_EDGE('',*,*,#2593,.T.);
#3734=ORIENTED_EDGE('',*,*,#2592,.T.);
#3735=ORIENTED_EDGE('',*,*,#2594,.F.);
#3736=ORIENTED_EDGE('',*,*,#2595,.F.);
#3737=ORIENTED_EDGE('',*,*,#2596,.F.);
#3738=ORIENTED_EDGE('',*,*,#2595,.T.);
#3739=ORIENTED_EDGE('',*,*,#2597,.F.);
#3740=ORIENTED_EDGE('',*,*,#2598,.F.);
#3741=ORIENTED_EDGE('',*,*,#2599,.T.);
#3742=ORIENTED_EDGE('',*,*,#2598,.T.);
#3743=ORIENTED_EDGE('',*,*,#2600,.F.);
#3744=ORIENTED_EDGE('',*,*,#2601,.F.);
#3745=ORIENTED_EDGE('',*,*,#2602,.F.);
#3746=ORIENTED_EDGE('',*,*,#2601,.T.);
#3747=ORIENTED_EDGE('',*,*,#2603,.F.);
#3748=ORIENTED_EDGE('',*,*,#2604,.F.);
#3749=ORIENTED_EDGE('',*,*,#2605,.T.);
#3750=ORIENTED_EDGE('',*,*,#2604,.T.);
#3751=ORIENTED_EDGE('',*,*,#2606,.F.);
#3752=ORIENTED_EDGE('',*,*,#2584,.F.);
#3753=ORIENTED_EDGE('',*,*,#2606,.T.);
#3754=ORIENTED_EDGE('',*,*,#2603,.T.);
#3755=ORIENTED_EDGE('',*,*,#2600,.T.);
#3756=ORIENTED_EDGE('',*,*,#2597,.T.);
#3757=ORIENTED_EDGE('',*,*,#2594,.T.);
#3758=ORIENTED_EDGE('',*,*,#2591,.T.);
#3759=ORIENTED_EDGE('',*,*,#2588,.T.);
#3760=ORIENTED_EDGE('',*,*,#2585,.T.);
#3761=ORIENTED_EDGE('',*,*,#2605,.F.);
#3762=ORIENTED_EDGE('',*,*,#2583,.T.);
#3763=ORIENTED_EDGE('',*,*,#2587,.F.);
#3764=ORIENTED_EDGE('',*,*,#2590,.T.);
#3765=ORIENTED_EDGE('',*,*,#2593,.F.);
#3766=ORIENTED_EDGE('',*,*,#2596,.T.);
#3767=ORIENTED_EDGE('',*,*,#2599,.F.);
#3768=ORIENTED_EDGE('',*,*,#2602,.T.);
#3769=ORIENTED_EDGE('',*,*,#2607,.T.);
#3770=ORIENTED_EDGE('',*,*,#2608,.T.);
#3771=ORIENTED_EDGE('',*,*,#2609,.T.);
#3772=ORIENTED_EDGE('',*,*,#2610,.T.);
#3773=ORIENTED_EDGE('',*,*,#2608,.F.);
#3774=ORIENTED_EDGE('',*,*,#2611,.F.);
#3775=ORIENTED_EDGE('',*,*,#2612,.F.);
#3776=ORIENTED_EDGE('',*,*,#2613,.F.);
#3777=ORIENTED_EDGE('',*,*,#2614,.F.);
#3778=ORIENTED_EDGE('',*,*,#2607,.F.);
#3779=ORIENTED_EDGE('',*,*,#2615,.F.);
#3780=ORIENTED_EDGE('',*,*,#2616,.T.);
#3781=ORIENTED_EDGE('',*,*,#2609,.F.);
#3782=ORIENTED_EDGE('',*,*,#2610,.F.);
#3783=ORIENTED_EDGE('',*,*,#2616,.F.);
#3784=ORIENTED_EDGE('',*,*,#2617,.T.);
#3785=ORIENTED_EDGE('',*,*,#2618,.T.);
#3786=ORIENTED_EDGE('',*,*,#2611,.T.);
#3787=ORIENTED_EDGE('',*,*,#2619,.F.);
#3788=ORIENTED_EDGE('',*,*,#2612,.T.);
#3789=ORIENTED_EDGE('',*,*,#2618,.F.);
#3790=ORIENTED_EDGE('',*,*,#2620,.T.);
#3791=ORIENTED_EDGE('',*,*,#2621,.T.);
#3792=ORIENTED_EDGE('',*,*,#2613,.T.);
#3793=ORIENTED_EDGE('',*,*,#2621,.F.);
#3794=ORIENTED_EDGE('',*,*,#2622,.T.);
#3795=ORIENTED_EDGE('',*,*,#2623,.T.);
#3796=ORIENTED_EDGE('',*,*,#2614,.T.);
#3797=ORIENTED_EDGE('',*,*,#2623,.F.);
#3798=ORIENTED_EDGE('',*,*,#2624,.T.);
#3799=ORIENTED_EDGE('',*,*,#2619,.T.);
#3800=ORIENTED_EDGE('',*,*,#2620,.F.);
#3801=ORIENTED_EDGE('',*,*,#2625,.F.);
#3802=ORIENTED_EDGE('',*,*,#2626,.F.);
#3803=ORIENTED_EDGE('',*,*,#2627,.F.);
#3804=ORIENTED_EDGE('',*,*,#2617,.F.);
#3805=ORIENTED_EDGE('',*,*,#2628,.F.);
#3806=ORIENTED_EDGE('',*,*,#2629,.F.);
#3807=ORIENTED_EDGE('',*,*,#2625,.T.);
#3808=ORIENTED_EDGE('',*,*,#2630,.T.);
#3809=ORIENTED_EDGE('',*,*,#2631,.T.);
#3810=ORIENTED_EDGE('',*,*,#2632,.T.);
#3811=ORIENTED_EDGE('',*,*,#2633,.F.);
#3812=ORIENTED_EDGE('',*,*,#2634,.T.);
#3813=ORIENTED_EDGE('',*,*,#2635,.T.);
#3814=ORIENTED_EDGE('',*,*,#2629,.T.);
#3815=ORIENTED_EDGE('',*,*,#2631,.F.);
#3816=ORIENTED_EDGE('',*,*,#2636,.T.);
#3817=ORIENTED_EDGE('',*,*,#2637,.T.);
#3818=ORIENTED_EDGE('',*,*,#2638,.T.);
#3819=ORIENTED_EDGE('',*,*,#2633,.T.);
#3820=ORIENTED_EDGE('',*,*,#2639,.T.);
#3821=ORIENTED_EDGE('',*,*,#2637,.F.);
#3822=ORIENTED_EDGE('',*,*,#2626,.T.);
#3823=ORIENTED_EDGE('',*,*,#2635,.F.);
#3824=ORIENTED_EDGE('',*,*,#2622,.F.);
#3825=ORIENTED_EDGE('',*,*,#2627,.T.);
#3826=ORIENTED_EDGE('',*,*,#2636,.F.);
#3827=ORIENTED_EDGE('',*,*,#2640,.T.);
#3828=ORIENTED_EDGE('',*,*,#2624,.F.);
#3829=ORIENTED_EDGE('',*,*,#2640,.F.);
#3830=ORIENTED_EDGE('',*,*,#2632,.F.);
#3831=ORIENTED_EDGE('',*,*,#2628,.T.);
#3832=ORIENTED_EDGE('',*,*,#2630,.F.);
#3833=ORIENTED_EDGE('',*,*,#2638,.F.);
#3834=ORIENTED_EDGE('',*,*,#2639,.F.);
#3835=ORIENTED_EDGE('',*,*,#2634,.F.);
#3836=ORIENTED_EDGE('',*,*,#2641,.F.);
#3837=ORIENTED_EDGE('',*,*,#2641,.T.);
#3838=ORIENTED_EDGE('',*,*,#2642,.T.);
#3839=ORIENTED_EDGE('',*,*,#2615,.T.);
#3840=ORIENTED_EDGE('',*,*,#2642,.F.);
#3841=ORIENTED_EDGE('',*,*,#2643,.T.);
#3842=ORIENTED_EDGE('',*,*,#2644,.T.);
#3843=ORIENTED_EDGE('',*,*,#2645,.T.);
#3844=ORIENTED_EDGE('',*,*,#2646,.T.);
#3845=ORIENTED_EDGE('',*,*,#2644,.F.);
#3846=ORIENTED_EDGE('',*,*,#2646,.F.);
#3847=ORIENTED_EDGE('',*,*,#2647,.T.);
#3848=ORIENTED_EDGE('',*,*,#2648,.F.);
#3849=ORIENTED_EDGE('',*,*,#2649,.F.);
#3850=ORIENTED_EDGE('',*,*,#2647,.F.);
#3851=ORIENTED_EDGE('',*,*,#2645,.F.);
#3852=ORIENTED_EDGE('',*,*,#2650,.F.);
#3853=ORIENTED_EDGE('',*,*,#2651,.F.);
#3854=ORIENTED_EDGE('',*,*,#2652,.F.);
#3855=ORIENTED_EDGE('',*,*,#2653,.F.);
#3856=ORIENTED_EDGE('',*,*,#2654,.F.);
#3857=ORIENTED_EDGE('',*,*,#2655,.F.);
#3858=ORIENTED_EDGE('',*,*,#2643,.F.);
#3859=ORIENTED_EDGE('',*,*,#2656,.T.);
#3860=ORIENTED_EDGE('',*,*,#2657,.T.);
#3861=ORIENTED_EDGE('',*,*,#2648,.T.);
#3862=ORIENTED_EDGE('',*,*,#2649,.T.);
#3863=ORIENTED_EDGE('',*,*,#2657,.F.);
#3864=ORIENTED_EDGE('',*,*,#2658,.F.);
#3865=ORIENTED_EDGE('',*,*,#2659,.F.);
#3866=ORIENTED_EDGE('',*,*,#2660,.F.);
#3867=ORIENTED_EDGE('',*,*,#2661,.F.);
#3868=ORIENTED_EDGE('',*,*,#2662,.F.);
#3869=ORIENTED_EDGE('',*,*,#2663,.F.);
#3870=ORIENTED_EDGE('',*,*,#2656,.F.);
#3871=ORIENTED_EDGE('',*,*,#2664,.F.);
#3872=ORIENTED_EDGE('',*,*,#2665,.T.);
#3873=ORIENTED_EDGE('',*,*,#2666,.F.);
#3874=ORIENTED_EDGE('',*,*,#2665,.F.);
#3875=ORIENTED_EDGE('',*,*,#2667,.T.);
#3876=ORIENTED_EDGE('',*,*,#2668,.T.);
#3877=ORIENTED_EDGE('',*,*,#2669,.T.);
#3878=ORIENTED_EDGE('',*,*,#2670,.T.);
#3879=ORIENTED_EDGE('',*,*,#2671,.T.);
#3880=ORIENTED_EDGE('',*,*,#2672,.T.);
#3881=ORIENTED_EDGE('',*,*,#2669,.F.);
#3882=ORIENTED_EDGE('',*,*,#2673,.T.);
#3883=ORIENTED_EDGE('',*,*,#2674,.T.);
#3884=ORIENTED_EDGE('',*,*,#2675,.T.);
#3885=ORIENTED_EDGE('',*,*,#2671,.F.);
#3886=ORIENTED_EDGE('',*,*,#2654,.T.);
#3887=ORIENTED_EDGE('',*,*,#2676,.T.);
#3888=ORIENTED_EDGE('',*,*,#2677,.T.);
#3889=ORIENTED_EDGE('',*,*,#2674,.F.);
#3890=ORIENTED_EDGE('',*,*,#2653,.T.);
#3891=ORIENTED_EDGE('',*,*,#2678,.T.);
#3892=ORIENTED_EDGE('',*,*,#2679,.T.);
#3893=ORIENTED_EDGE('',*,*,#2676,.F.);
#3894=ORIENTED_EDGE('',*,*,#2652,.T.);
#3895=ORIENTED_EDGE('',*,*,#2680,.T.);
#3896=ORIENTED_EDGE('',*,*,#2681,.T.);
#3897=ORIENTED_EDGE('',*,*,#2678,.F.);
#3898=ORIENTED_EDGE('',*,*,#2651,.T.);
#3899=ORIENTED_EDGE('',*,*,#2682,.T.);
#3900=ORIENTED_EDGE('',*,*,#2683,.T.);
#3901=ORIENTED_EDGE('',*,*,#2680,.F.);
#3902=ORIENTED_EDGE('',*,*,#2650,.T.);
#3903=ORIENTED_EDGE('',*,*,#2684,.T.);
#3904=ORIENTED_EDGE('',*,*,#2685,.T.);
#3905=ORIENTED_EDGE('',*,*,#2682,.F.);
#3906=ORIENTED_EDGE('',*,*,#2686,.T.);
#3907=ORIENTED_EDGE('',*,*,#2687,.T.);
#3908=ORIENTED_EDGE('',*,*,#2688,.T.);
#3909=ORIENTED_EDGE('',*,*,#2684,.F.);
#3910=ORIENTED_EDGE('',*,*,#2689,.T.);
#3911=ORIENTED_EDGE('',*,*,#2667,.F.);
#3912=ORIENTED_EDGE('',*,*,#2690,.T.);
#3913=ORIENTED_EDGE('',*,*,#2687,.F.);
#3914=ORIENTED_EDGE('',*,*,#2691,.T.);
#3915=ORIENTED_EDGE('',*,*,#2683,.F.);
#3916=ORIENTED_EDGE('',*,*,#2685,.F.);
#3917=ORIENTED_EDGE('',*,*,#2688,.F.);
#3918=ORIENTED_EDGE('',*,*,#2692,.T.);
#3919=ORIENTED_EDGE('',*,*,#2693,.F.);
#3920=ORIENTED_EDGE('',*,*,#2694,.F.);
#3921=ORIENTED_EDGE('',*,*,#2695,.F.);
#3922=ORIENTED_EDGE('',*,*,#2696,.F.);
#3923=ORIENTED_EDGE('',*,*,#2690,.F.);
#3924=ORIENTED_EDGE('',*,*,#2697,.T.);
#3925=ORIENTED_EDGE('',*,*,#2698,.F.);
#3926=ORIENTED_EDGE('',*,*,#2692,.F.);
#3927=ORIENTED_EDGE('',*,*,#2699,.T.);
#3928=ORIENTED_EDGE('',*,*,#2700,.T.);
#3929=ORIENTED_EDGE('',*,*,#2701,.T.);
#3930=ORIENTED_EDGE('',*,*,#2700,.F.);
#3931=ORIENTED_EDGE('',*,*,#2702,.F.);
#3932=ORIENTED_EDGE('',*,*,#2703,.T.);
#3933=ORIENTED_EDGE('',*,*,#2699,.F.);
#3934=ORIENTED_EDGE('',*,*,#2703,.F.);
#3935=ORIENTED_EDGE('',*,*,#2704,.F.);
#3936=ORIENTED_EDGE('',*,*,#2689,.F.);
#3937=ORIENTED_EDGE('',*,*,#2705,.F.);
#3938=ORIENTED_EDGE('',*,*,#2668,.F.);
#3939=ORIENTED_EDGE('',*,*,#2691,.F.);
#3940=ORIENTED_EDGE('',*,*,#2701,.F.);
#3941=ORIENTED_EDGE('',*,*,#2706,.T.);
#3942=ORIENTED_EDGE('',*,*,#2693,.T.);
#3943=ORIENTED_EDGE('',*,*,#2707,.T.);
#3944=ORIENTED_EDGE('',*,*,#2708,.T.);
#3945=ORIENTED_EDGE('',*,*,#2709,.T.);
#3946=ORIENTED_EDGE('',*,*,#2710,.T.);
#3947=ORIENTED_EDGE('',*,*,#2707,.F.);
#3948=ORIENTED_EDGE('',*,*,#2698,.T.);
#3949=ORIENTED_EDGE('',*,*,#2711,.T.);
#3950=ORIENTED_EDGE('',*,*,#2712,.T.);
#3951=ORIENTED_EDGE('',*,*,#2709,.F.);
#3952=ORIENTED_EDGE('',*,*,#2713,.T.);
#3953=ORIENTED_EDGE('',*,*,#2714,.T.);
#3954=ORIENTED_EDGE('',*,*,#2715,.T.);
#3955=ORIENTED_EDGE('',*,*,#2711,.F.);
#3956=ORIENTED_EDGE('',*,*,#2716,.T.);
#3957=ORIENTED_EDGE('',*,*,#2717,.T.);
#3958=ORIENTED_EDGE('',*,*,#2658,.T.);
#3959=ORIENTED_EDGE('',*,*,#2714,.F.);
#3960=ORIENTED_EDGE('',*,*,#2718,.T.);
#3961=ORIENTED_EDGE('',*,*,#2719,.T.);
#3962=ORIENTED_EDGE('',*,*,#2659,.T.);
#3963=ORIENTED_EDGE('',*,*,#2717,.F.);
#3964=ORIENTED_EDGE('',*,*,#2720,.T.);
#3965=ORIENTED_EDGE('',*,*,#2721,.T.);
#3966=ORIENTED_EDGE('',*,*,#2660,.T.);
#3967=ORIENTED_EDGE('',*,*,#2719,.F.);
#3968=ORIENTED_EDGE('',*,*,#2722,.T.);
#3969=ORIENTED_EDGE('',*,*,#2723,.T.);
#3970=ORIENTED_EDGE('',*,*,#2661,.T.);
#3971=ORIENTED_EDGE('',*,*,#2721,.F.);
#3972=ORIENTED_EDGE('',*,*,#2724,.T.);
#3973=ORIENTED_EDGE('',*,*,#2725,.T.);
#3974=ORIENTED_EDGE('',*,*,#2662,.T.);
#3975=ORIENTED_EDGE('',*,*,#2723,.F.);
#3976=ORIENTED_EDGE('',*,*,#2695,.T.);
#3977=ORIENTED_EDGE('',*,*,#2706,.F.);
#3978=ORIENTED_EDGE('',*,*,#2726,.T.);
#3979=ORIENTED_EDGE('',*,*,#2725,.F.);
#3980=ORIENTED_EDGE('',*,*,#2694,.T.);
#3981=ORIENTED_EDGE('',*,*,#2675,.F.);
#3982=ORIENTED_EDGE('',*,*,#2727,.F.);
#3983=ORIENTED_EDGE('',*,*,#2718,.F.);
#3984=ORIENTED_EDGE('',*,*,#2716,.F.);
#3985=ORIENTED_EDGE('',*,*,#2713,.F.);
#3986=ORIENTED_EDGE('',*,*,#2697,.F.);
#3987=ORIENTED_EDGE('',*,*,#2670,.F.);
#3988=ORIENTED_EDGE('',*,*,#2672,.F.);
#3989=ORIENTED_EDGE('',*,*,#2712,.F.);
#3990=ORIENTED_EDGE('',*,*,#2728,.F.);
#3991=ORIENTED_EDGE('',*,*,#2708,.F.);
#3992=ORIENTED_EDGE('',*,*,#2710,.F.);
#3993=ORIENTED_EDGE('',*,*,#2666,.T.);
#3994=ORIENTED_EDGE('',*,*,#2729,.T.);
#3995=ORIENTED_EDGE('',*,*,#2730,.T.);
#3996=ORIENTED_EDGE('',*,*,#2664,.T.);
#3997=ORIENTED_EDGE('',*,*,#2730,.F.);
#3998=ORIENTED_EDGE('',*,*,#2729,.F.);
#3999=ORIENTED_EDGE('',*,*,#2731,.T.);
#4000=ORIENTED_EDGE('',*,*,#2731,.F.);
#4001=ORIENTED_EDGE('',*,*,#2702,.T.);
#4002=ORIENTED_EDGE('',*,*,#2732,.F.);
#4003=ORIENTED_EDGE('',*,*,#2732,.T.);
#4004=ORIENTED_EDGE('',*,*,#2704,.T.);
#4005=ORIENTED_EDGE('',*,*,#2681,.F.);
#4006=ORIENTED_EDGE('',*,*,#2696,.T.);
#4007=ORIENTED_EDGE('',*,*,#2724,.F.);
#4008=ORIENTED_EDGE('',*,*,#2733,.T.);
#4009=ORIENTED_EDGE('',*,*,#2677,.F.);
#4010=ORIENTED_EDGE('',*,*,#2734,.T.);
#4011=ORIENTED_EDGE('',*,*,#2720,.F.);
#4012=ORIENTED_EDGE('',*,*,#2727,.T.);
#4013=ORIENTED_EDGE('',*,*,#2715,.F.);
#4014=ORIENTED_EDGE('',*,*,#2663,.T.);
#4015=ORIENTED_EDGE('',*,*,#2726,.F.);
#4016=ORIENTED_EDGE('',*,*,#2728,.T.);
#4017=ORIENTED_EDGE('',*,*,#2686,.F.);
#4018=ORIENTED_EDGE('',*,*,#2655,.T.);
#4019=ORIENTED_EDGE('',*,*,#2673,.F.);
#4020=ORIENTED_EDGE('',*,*,#2705,.T.);
#4021=ORIENTED_EDGE('',*,*,#2679,.F.);
#4022=ORIENTED_EDGE('',*,*,#2733,.F.);
#4023=ORIENTED_EDGE('',*,*,#2722,.F.);
#4024=ORIENTED_EDGE('',*,*,#2734,.F.);
#4025=ORIENTED_EDGE('',*,*,#2735,.T.);
#4026=ORIENTED_EDGE('',*,*,#2736,.F.);
#4027=ORIENTED_EDGE('',*,*,#2737,.T.);
#4028=ORIENTED_EDGE('',*,*,#2738,.T.);
#4029=ORIENTED_EDGE('',*,*,#2739,.T.);
#4030=ORIENTED_EDGE('',*,*,#2740,.F.);
#4031=ORIENTED_EDGE('',*,*,#2735,.F.);
#4032=ORIENTED_EDGE('',*,*,#2741,.T.);
#4033=ORIENTED_EDGE('',*,*,#2742,.T.);
#4034=ORIENTED_EDGE('',*,*,#2743,.T.);
#4035=ORIENTED_EDGE('',*,*,#2738,.F.);
#4036=ORIENTED_EDGE('',*,*,#2744,.T.);
#4037=ORIENTED_EDGE('',*,*,#2745,.F.);
#4038=ORIENTED_EDGE('',*,*,#2746,.T.);
#4039=ORIENTED_EDGE('',*,*,#2747,.F.);
#4040=ORIENTED_EDGE('',*,*,#2748,.T.);
#4041=ORIENTED_EDGE('',*,*,#2749,.T.);
#4042=ORIENTED_EDGE('',*,*,#2750,.T.);
#4043=ORIENTED_EDGE('',*,*,#2751,.T.);
#4044=ORIENTED_EDGE('',*,*,#2752,.F.);
#4045=ORIENTED_EDGE('',*,*,#2753,.T.);
#4046=ORIENTED_EDGE('',*,*,#2754,.T.);
#4047=ORIENTED_EDGE('',*,*,#2749,.F.);
#4048=ORIENTED_EDGE('',*,*,#2755,.F.);
#4049=ORIENTED_EDGE('',*,*,#2756,.T.);
#4050=ORIENTED_EDGE('',*,*,#2757,.T.);
#4051=ORIENTED_EDGE('',*,*,#2753,.F.);
#4052=ORIENTED_EDGE('',*,*,#2758,.F.);
#4053=ORIENTED_EDGE('',*,*,#2759,.F.);
#4054=ORIENTED_EDGE('',*,*,#2760,.F.);
#4055=ORIENTED_EDGE('',*,*,#2761,.T.);
#4056=ORIENTED_EDGE('',*,*,#2762,.T.);
#4057=ORIENTED_EDGE('',*,*,#2763,.T.);
#4058=ORIENTED_EDGE('',*,*,#2764,.F.);
#4059=ORIENTED_EDGE('',*,*,#2765,.T.);
#4060=ORIENTED_EDGE('',*,*,#2766,.F.);
#4061=ORIENTED_EDGE('',*,*,#2767,.F.);
#4062=ORIENTED_EDGE('',*,*,#2768,.F.);
#4063=ORIENTED_EDGE('',*,*,#2769,.T.);
#4064=ORIENTED_EDGE('',*,*,#2770,.F.);
#4065=ORIENTED_EDGE('',*,*,#2771,.F.);
#4066=ORIENTED_EDGE('',*,*,#2772,.F.);
#4067=ORIENTED_EDGE('',*,*,#2773,.F.);
#4068=ORIENTED_EDGE('',*,*,#2774,.F.);
#4069=ORIENTED_EDGE('',*,*,#2775,.T.);
#4070=ORIENTED_EDGE('',*,*,#2776,.F.);
#4071=ORIENTED_EDGE('',*,*,#2777,.T.);
#4072=ORIENTED_EDGE('',*,*,#2778,.T.);
#4073=ORIENTED_EDGE('',*,*,#2779,.F.);
#4074=ORIENTED_EDGE('',*,*,#2780,.F.);
#4075=ORIENTED_EDGE('',*,*,#2781,.F.);
#4076=ORIENTED_EDGE('',*,*,#2782,.F.);
#4077=ORIENTED_EDGE('',*,*,#2783,.F.);
#4078=ORIENTED_EDGE('',*,*,#2784,.F.);
#4079=ORIENTED_EDGE('',*,*,#2785,.T.);
#4080=ORIENTED_EDGE('',*,*,#2786,.F.);
#4081=ORIENTED_EDGE('',*,*,#2781,.T.);
#4082=ORIENTED_EDGE('',*,*,#2787,.T.);
#4083=ORIENTED_EDGE('',*,*,#2788,.F.);
#4084=ORIENTED_EDGE('',*,*,#2789,.F.);
#4085=ORIENTED_EDGE('',*,*,#2751,.F.);
#4086=ORIENTED_EDGE('',*,*,#2790,.F.);
#4087=ORIENTED_EDGE('',*,*,#2791,.F.);
#4088=ORIENTED_EDGE('',*,*,#2787,.F.);
#4089=ORIENTED_EDGE('',*,*,#2780,.T.);
#4090=ORIENTED_EDGE('',*,*,#2792,.F.);
#4091=ORIENTED_EDGE('',*,*,#2767,.T.);
#4092=ORIENTED_EDGE('',*,*,#2793,.F.);
#4093=ORIENTED_EDGE('',*,*,#2773,.T.);
#4094=ORIENTED_EDGE('',*,*,#2794,.F.);
#4095=ORIENTED_EDGE('',*,*,#2771,.T.);
#4096=ORIENTED_EDGE('',*,*,#2795,.F.);
#4097=ORIENTED_EDGE('',*,*,#2783,.T.);
#4098=ORIENTED_EDGE('',*,*,#2796,.F.);
#4099=ORIENTED_EDGE('',*,*,#2797,.T.);
#4100=ORIENTED_EDGE('',*,*,#2798,.F.);
#4101=ORIENTED_EDGE('',*,*,#2762,.F.);
#4102=ORIENTED_EDGE('',*,*,#2799,.T.);
#4103=ORIENTED_EDGE('',*,*,#2777,.F.);
#4104=ORIENTED_EDGE('',*,*,#2800,.F.);
#4105=ORIENTED_EDGE('',*,*,#2801,.F.);
#4106=ORIENTED_EDGE('',*,*,#2802,.F.);
#4107=ORIENTED_EDGE('',*,*,#2785,.F.);
#4108=ORIENTED_EDGE('',*,*,#2803,.F.);
#4109=ORIENTED_EDGE('',*,*,#2769,.F.);
#4110=ORIENTED_EDGE('',*,*,#2804,.F.);
#4111=ORIENTED_EDGE('',*,*,#2775,.F.);
#4112=ORIENTED_EDGE('',*,*,#2805,.F.);
#4113=ORIENTED_EDGE('',*,*,#2765,.F.);
#4114=ORIENTED_EDGE('',*,*,#2806,.F.);
#4115=ORIENTED_EDGE('',*,*,#2778,.F.);
#4116=ORIENTED_EDGE('',*,*,#2799,.F.);
#4117=ORIENTED_EDGE('',*,*,#2761,.F.);
#4118=ORIENTED_EDGE('',*,*,#2807,.F.);
#4119=ORIENTED_EDGE('',*,*,#2808,.F.);
#4120=ORIENTED_EDGE('',*,*,#2809,.F.);
#4121=ORIENTED_EDGE('',*,*,#2797,.F.);
#4122=ORIENTED_EDGE('',*,*,#2810,.F.);
#4123=ORIENTED_EDGE('',*,*,#2801,.T.);
#4124=ORIENTED_EDGE('',*,*,#2788,.T.);
#4125=ORIENTED_EDGE('',*,*,#2791,.T.);
#4126=ORIENTED_EDGE('',*,*,#2811,.T.);
#4127=ORIENTED_EDGE('',*,*,#2736,.T.);
#4128=ORIENTED_EDGE('',*,*,#2740,.T.);
#4129=ORIENTED_EDGE('',*,*,#2812,.T.);
#4130=ORIENTED_EDGE('',*,*,#2790,.T.);
#4131=ORIENTED_EDGE('',*,*,#2750,.F.);
#4132=ORIENTED_EDGE('',*,*,#2754,.F.);
#4133=ORIENTED_EDGE('',*,*,#2757,.F.);
#4134=ORIENTED_EDGE('',*,*,#2813,.F.);
#4135=ORIENTED_EDGE('',*,*,#2763,.F.);
#4136=ORIENTED_EDGE('',*,*,#2798,.T.);
#4137=ORIENTED_EDGE('',*,*,#2814,.F.);
#4138=ORIENTED_EDGE('',*,*,#2746,.F.);
#4139=ORIENTED_EDGE('',*,*,#2815,.F.);
#4140=ORIENTED_EDGE('',*,*,#2744,.F.);
#4141=ORIENTED_EDGE('',*,*,#2741,.F.);
#4142=ORIENTED_EDGE('',*,*,#2737,.F.);
#4143=ORIENTED_EDGE('',*,*,#2811,.F.);
#4144=ORIENTED_EDGE('',*,*,#2808,.T.);
#4145=ORIENTED_EDGE('',*,*,#2816,.T.);
#4146=ORIENTED_EDGE('',*,*,#2747,.T.);
#4147=ORIENTED_EDGE('',*,*,#2814,.T.);
#4148=ORIENTED_EDGE('',*,*,#2786,.T.);
#4149=ORIENTED_EDGE('',*,*,#2809,.T.);
#4150=ORIENTED_EDGE('',*,*,#2800,.T.);
#4151=ORIENTED_EDGE('',*,*,#2776,.T.);
#4152=ORIENTED_EDGE('',*,*,#2796,.T.);
#4153=ORIENTED_EDGE('',*,*,#2782,.T.);
#4154=ORIENTED_EDGE('',*,*,#2802,.T.);
#4155=ORIENTED_EDGE('',*,*,#2810,.T.);
#4156=ORIENTED_EDGE('',*,*,#2792,.T.);
#4157=ORIENTED_EDGE('',*,*,#2779,.T.);
#4158=ORIENTED_EDGE('',*,*,#2806,.T.);
#4159=ORIENTED_EDGE('',*,*,#2764,.T.);
#4160=ORIENTED_EDGE('',*,*,#2794,.T.);
#4161=ORIENTED_EDGE('',*,*,#2772,.T.);
#4162=ORIENTED_EDGE('',*,*,#2804,.T.);
#4163=ORIENTED_EDGE('',*,*,#2768,.T.);
#4164=ORIENTED_EDGE('',*,*,#2759,.T.);
#4165=ORIENTED_EDGE('',*,*,#2813,.T.);
#4166=ORIENTED_EDGE('',*,*,#2756,.F.);
#4167=ORIENTED_EDGE('',*,*,#2817,.F.);
#4168=ORIENTED_EDGE('',*,*,#2789,.T.);
#4169=ORIENTED_EDGE('',*,*,#2812,.F.);
#4170=ORIENTED_EDGE('',*,*,#2739,.F.);
#4171=ORIENTED_EDGE('',*,*,#2743,.F.);
#4172=ORIENTED_EDGE('',*,*,#2818,.F.);
#4173=ORIENTED_EDGE('',*,*,#2748,.F.);
#4174=ORIENTED_EDGE('',*,*,#2816,.F.);
#4175=ORIENTED_EDGE('',*,*,#2807,.T.);
#4176=ORIENTED_EDGE('',*,*,#2760,.T.);
#4177=ORIENTED_EDGE('',*,*,#2817,.T.);
#4178=ORIENTED_EDGE('',*,*,#2758,.T.);
#4179=ORIENTED_EDGE('',*,*,#2755,.T.);
#4180=ORIENTED_EDGE('',*,*,#2752,.T.);
#4181=ORIENTED_EDGE('',*,*,#2745,.T.);
#4182=ORIENTED_EDGE('',*,*,#2818,.T.);
#4183=ORIENTED_EDGE('',*,*,#2742,.F.);
#4184=ORIENTED_EDGE('',*,*,#2815,.T.);
#4185=ORIENTED_EDGE('',*,*,#2795,.T.);
#4186=ORIENTED_EDGE('',*,*,#2770,.T.);
#4187=ORIENTED_EDGE('',*,*,#2803,.T.);
#4188=ORIENTED_EDGE('',*,*,#2784,.T.);
#4189=ORIENTED_EDGE('',*,*,#2793,.T.);
#4190=ORIENTED_EDGE('',*,*,#2766,.T.);
#4191=ORIENTED_EDGE('',*,*,#2805,.T.);
#4192=ORIENTED_EDGE('',*,*,#2774,.T.);
#4193=PLANE('',#4494);
#4194=PLANE('',#4495);
#4195=PLANE('',#4496);
#4196=PLANE('',#4503);
#4197=PLANE('',#4578);
#4198=PLANE('',#4584);
#4199=PLANE('',#4586);
#4200=PLANE('',#4590);
#4201=PLANE('',#4594);
#4202=PLANE('',#4598);
#4203=PLANE('',#4602);
#4204=PLANE('',#4603);
#4205=PLANE('',#4609);
#4206=PLANE('',#4620);
#4207=PLANE('',#4630);
#4208=PLANE('',#4631);
#4209=PLANE('',#4632);
#4210=PLANE('',#4644);
#4211=PLANE('',#4650);
#4212=PLANE('',#4684);
#4213=PLANE('',#4695);
#4214=PLANE('',#4722);
#4215=PLANE('',#4723);
#4216=PLANE('',#4727);
#4217=PLANE('',#4736);
#4218=PLANE('',#4778);
#4219=PLANE('',#4779);
#4220=PLANE('',#4780);
#4221=PLANE('',#4781);
#4222=PLANE('',#4782);
#4223=PLANE('',#4783);
#4224=PLANE('',#4786);
#4225=PLANE('',#4787);
#4226=ADVANCED_FACE('',(#368),#4193,.F.);
#4227=ADVANCED_FACE('',(#369),#4194,.F.);
#4228=ADVANCED_FACE('',(#370,#244),#4195,.T.);
#4229=ADVANCED_FACE('',(#371),#124,.T.);
#4230=ADVANCED_FACE('',(#372),#4196,.T.);
#4231=ADVANCED_FACE('',(#373),#125,.T.);
#4232=ADVANCED_FACE('',(#374),#126,.T.);
#4233=ADVANCED_FACE('',(#375),#127,.T.);
#4234=ADVANCED_FACE('',(#376),#128,.T.);
#4235=ADVANCED_FACE('',(#377),#129,.T.);
#4236=ADVANCED_FACE('',(#378),#130,.T.);
#4237=ADVANCED_FACE('',(#379),#131,.T.);
#4238=ADVANCED_FACE('',(#380),#132,.T.);
#4239=ADVANCED_FACE('',(#381),#133,.T.);
#4240=ADVANCED_FACE('',(#382),#134,.T.);
#4241=ADVANCED_FACE('',(#383),#135,.T.);
#4242=ADVANCED_FACE('',(#384),#136,.T.);
#4243=ADVANCED_FACE('',(#385),#137,.T.);
#4244=ADVANCED_FACE('',(#386),#138,.T.);
#4245=ADVANCED_FACE('',(#387),#139,.T.);
#4246=ADVANCED_FACE('',(#388),#140,.T.);
#4247=ADVANCED_FACE('',(#389),#141,.T.);
#4248=ADVANCED_FACE('',(#390),#142,.T.);
#4249=ADVANCED_FACE('',(#391),#143,.T.);
#4250=ADVANCED_FACE('',(#392),#144,.T.);
#4251=ADVANCED_FACE('',(#393),#145,.T.);
#4252=ADVANCED_FACE('',(#394),#146,.T.);
#4253=ADVANCED_FACE('',(#395),#147,.T.);
#4254=ADVANCED_FACE('',(#396),#148,.T.);
#4255=ADVANCED_FACE('',(#397),#149,.T.);
#4256=ADVANCED_FACE('',(#398),#150,.T.);
#4257=ADVANCED_FACE('',(#399),#151,.T.);
#4258=ADVANCED_FACE('',(#400),#152,.T.);
#4259=ADVANCED_FACE('',(#401),#153,.T.);
#4260=ADVANCED_FACE('',(#402),#154,.T.);
#4261=ADVANCED_FACE('',(#403),#155,.T.);
#4262=ADVANCED_FACE('',(#404),#156,.T.);
#4263=ADVANCED_FACE('',(#405),#157,.T.);
#4264=ADVANCED_FACE('',(#406),#158,.T.);
#4265=ADVANCED_FACE('',(#407),#50,.F.);
#4266=ADVANCED_FACE('',(#408),#51,.F.);
#4267=ADVANCED_FACE('',(#409),#52,.F.);
#4268=ADVANCED_FACE('',(#410),#53,.F.);
#4269=ADVANCED_FACE('',(#411),#54,.F.);
#4270=ADVANCED_FACE('',(#412),#55,.F.);
#4271=ADVANCED_FACE('',(#413),#56,.F.);
#4272=ADVANCED_FACE('',(#414),#57,.F.);
#4273=ADVANCED_FACE('',(#415),#58,.F.);
#4274=ADVANCED_FACE('',(#416),#59,.F.);
#4275=ADVANCED_FACE('',(#417),#60,.F.);
#4276=ADVANCED_FACE('',(#418),#61,.F.);
#4277=ADVANCED_FACE('',(#419),#62,.F.);
#4278=ADVANCED_FACE('',(#420),#63,.F.);
#4279=ADVANCED_FACE('',(#421),#64,.F.);
#4280=ADVANCED_FACE('',(#422),#65,.F.);
#4281=ADVANCED_FACE('',(#423),#66,.F.);
#4282=ADVANCED_FACE('',(#424),#67,.F.);
#4283=ADVANCED_FACE('',(#425),#68,.F.);
#4284=ADVANCED_FACE('',(#426),#69,.F.);
#4285=ADVANCED_FACE('',(#427),#70,.F.);
#4286=ADVANCED_FACE('',(#428),#71,.F.);
#4287=ADVANCED_FACE('',(#429),#72,.F.);
#4288=ADVANCED_FACE('',(#430),#73,.F.);
#4289=ADVANCED_FACE('',(#431),#74,.F.);
#4290=ADVANCED_FACE('',(#432),#75,.F.);
#4291=ADVANCED_FACE('',(#433),#76,.F.);
#4292=ADVANCED_FACE('',(#434),#77,.F.);
#4293=ADVANCED_FACE('',(#435),#78,.F.);
#4294=ADVANCED_FACE('',(#436),#79,.F.);
#4295=ADVANCED_FACE('',(#437),#80,.F.);
#4296=ADVANCED_FACE('',(#438),#81,.F.);
#4297=ADVANCED_FACE('',(#439),#82,.F.);
#4298=ADVANCED_FACE('',(#440),#83,.F.);
#4299=ADVANCED_FACE('',(#441),#84,.F.);
#4300=ADVANCED_FACE('',(#442),#85,.F.);
#4301=ADVANCED_FACE('',(#443),#86,.F.);
#4302=ADVANCED_FACE('',(#444),#87,.F.);
#4303=ADVANCED_FACE('',(#445),#88,.F.);
#4304=ADVANCED_FACE('',(#446),#89,.F.);
#4305=ADVANCED_FACE('',(#447),#90,.F.);
#4306=ADVANCED_FACE('',(#448),#91,.F.);
#4307=ADVANCED_FACE('',(#449),#92,.F.);
#4308=ADVANCED_FACE('',(#450),#93,.F.);
#4309=ADVANCED_FACE('',(#451),#94,.F.);
#4310=ADVANCED_FACE('',(#452),#95,.F.);
#4311=ADVANCED_FACE('',(#453),#96,.F.);
#4312=ADVANCED_FACE('',(#454),#97,.F.);
#4313=ADVANCED_FACE('',(#455),#98,.F.);
#4314=ADVANCED_FACE('',(#456),#99,.F.);
#4315=ADVANCED_FACE('',(#457),#100,.F.);
#4316=ADVANCED_FACE('',(#458),#101,.F.);
#4317=ADVANCED_FACE('',(#459),#102,.F.);
#4318=ADVANCED_FACE('',(#460),#103,.F.);
#4319=ADVANCED_FACE('',(#461),#104,.F.);
#4320=ADVANCED_FACE('',(#462),#105,.F.);
#4321=ADVANCED_FACE('',(#463),#106,.F.);
#4322=ADVANCED_FACE('',(#464),#107,.F.);
#4323=ADVANCED_FACE('',(#465),#108,.F.);
#4324=ADVANCED_FACE('',(#466),#109,.F.);
#4325=ADVANCED_FACE('',(#467),#110,.F.);
#4326=ADVANCED_FACE('',(#468),#111,.F.);
#4327=ADVANCED_FACE('',(#469),#112,.F.);
#4328=ADVANCED_FACE('',(#470),#113,.F.);
#4329=ADVANCED_FACE('',(#471),#114,.F.);
#4330=ADVANCED_FACE('',(#472),#115,.F.);
#4331=ADVANCED_FACE('',(#473),#116,.F.);
#4332=ADVANCED_FACE('',(#474),#117,.F.);
#4333=ADVANCED_FACE('',(#475),#118,.F.);
#4334=ADVANCED_FACE('',(#476),#119,.F.);
#4335=ADVANCED_FACE('',(#477),#120,.F.);
#4336=ADVANCED_FACE('',(#478),#159,.T.);
#4337=ADVANCED_FACE('',(#479),#160,.T.);
#4338=ADVANCED_FACE('',(#480),#161,.T.);
#4339=ADVANCED_FACE('',(#481),#162,.T.);
#4340=ADVANCED_FACE('',(#482),#163,.T.);
#4341=ADVANCED_FACE('',(#483),#164,.T.);
#4342=ADVANCED_FACE('',(#484),#165,.T.);
#4343=ADVANCED_FACE('',(#485),#166,.T.);
#4344=ADVANCED_FACE('',(#486),#167,.T.);
#4345=ADVANCED_FACE('',(#487),#168,.T.);
#4346=ADVANCED_FACE('',(#488),#169,.T.);
#4347=ADVANCED_FACE('',(#489),#170,.T.);
#4348=ADVANCED_FACE('',(#490),#171,.T.);
#4349=ADVANCED_FACE('',(#491),#172,.T.);
#4350=ADVANCED_FACE('',(#492),#173,.T.);
#4351=ADVANCED_FACE('',(#493),#174,.T.);
#4352=ADVANCED_FACE('',(#494),#175,.T.);
#4353=ADVANCED_FACE('',(#495),#176,.T.);
#4354=ADVANCED_FACE('',(#496),#177,.T.);
#4355=ADVANCED_FACE('',(#497),#178,.T.);
#4356=ADVANCED_FACE('',(#498),#179,.T.);
#4357=ADVANCED_FACE('',(#499),#180,.T.);
#4358=ADVANCED_FACE('',(#500),#181,.T.);
#4359=ADVANCED_FACE('',(#501),#182,.T.);
#4360=ADVANCED_FACE('',(#502),#183,.T.);
#4361=ADVANCED_FACE('',(#503),#184,.T.);
#4362=ADVANCED_FACE('',(#504),#185,.T.);
#4363=ADVANCED_FACE('',(#505),#186,.T.);
#4364=ADVANCED_FACE('',(#506),#187,.T.);
#4365=ADVANCED_FACE('',(#507),#188,.T.);
#4366=ADVANCED_FACE('',(#508),#189,.T.);
#4367=ADVANCED_FACE('',(#509),#190,.T.);
#4368=ADVANCED_FACE('',(#510),#191,.T.);
#4369=ADVANCED_FACE('',(#511),#192,.T.);
#4370=ADVANCED_FACE('',(#512),#193,.T.);
#4371=ADVANCED_FACE('',(#513),#194,.T.);
#4372=ADVANCED_FACE('',(#514,#245),#4197,.T.);
#4373=ADVANCED_FACE('',(#515),#195,.T.);
#4374=ADVANCED_FACE('',(#516,#246),#47,.T.);
#4375=ADVANCED_FACE('',(#517),#121,.F.);
#4376=ADVANCED_FACE('',(#518),#196,.T.);
#4377=ADVANCED_FACE('',(#519),#4198,.T.);
#4378=ADVANCED_FACE('',(#520),#197,.F.);
#4379=ADVANCED_FACE('',(#521),#4199,.T.);
#4380=ADVANCED_FACE('',(#522),#198,.T.);
#4381=ADVANCED_FACE('',(#523),#4200,.T.);
#4382=ADVANCED_FACE('',(#524),#199,.T.);
#4383=ADVANCED_FACE('',(#525),#4201,.T.);
#4384=ADVANCED_FACE('',(#526),#200,.T.);
#4385=ADVANCED_FACE('',(#527),#4202,.T.);
#4386=ADVANCED_FACE('',(#528),#201,.T.);
#4387=ADVANCED_FACE('',(#529),#4203,.T.);
#4388=ADVANCED_FACE('',(#530),#4204,.F.);
#4389=ADVANCED_FACE('',(#531),#17,.T.);
#4390=ADVANCED_FACE('',(#532,#247),#4205,.T.);
#4391=ADVANCED_FACE('',(#533),#202,.F.);
#4392=ADVANCED_FACE('',(#534),#18,.T.);
#4393=ADVANCED_FACE('',(#535),#203,.T.);
#4394=ADVANCED_FACE('',(#536),#204,.T.);
#4395=ADVANCED_FACE('',(#537),#205,.T.);
#4396=ADVANCED_FACE('',(#538),#4206,.F.);
#4397=ADVANCED_FACE('',(#539),#206,.T.);
#4398=ADVANCED_FACE('',(#540),#207,.T.);
#4399=ADVANCED_FACE('',(#541),#19,.T.);
#4400=ADVANCED_FACE('',(#542),#208,.T.);
#4401=ADVANCED_FACE('',(#543),#209,.T.);
#4402=ADVANCED_FACE('',(#544),#4207,.F.);
#4403=ADVANCED_FACE('',(#545),#4208,.F.);
#4404=ADVANCED_FACE('',(#546,#248),#4209,.T.);
#4405=ADVANCED_FACE('',(#547),#20,.T.);
#4406=ADVANCED_FACE('',(#548),#21,.T.);
#4407=ADVANCED_FACE('',(#549),#210,.F.);
#4408=ADVANCED_FACE('',(#550,#249),#4210,.T.);
#4409=ADVANCED_FACE('',(#551),#22,.T.);
#4410=ADVANCED_FACE('',(#552,#250),#4211,.T.);
#4411=ADVANCED_FACE('',(#553),#211,.T.);
#4412=ADVANCED_FACE('',(#554),#212,.T.);
#4413=ADVANCED_FACE('',(#555),#23,.T.);
#4414=ADVANCED_FACE('',(#556),#213,.T.);
#4415=ADVANCED_FACE('',(#557),#24,.T.);
#4416=ADVANCED_FACE('',(#558),#214,.T.);
#4417=ADVANCED_FACE('',(#559),#25,.T.);
#4418=ADVANCED_FACE('',(#560),#215,.T.);
#4419=ADVANCED_FACE('',(#561),#26,.T.);
#4420=ADVANCED_FACE('',(#562),#216,.T.);
#4421=ADVANCED_FACE('',(#563),#27,.T.);
#4422=ADVANCED_FACE('',(#564),#4212,.T.);
#4423=ADVANCED_FACE('',(#565),#217,.T.);
#4424=ADVANCED_FACE('',(#566),#28,.F.);
#4425=ADVANCED_FACE('',(#567),#218,.T.);
#4426=ADVANCED_FACE('',(#568,#251),#4213,.F.);
#4427=ADVANCED_FACE('',(#569),#219,.T.);
#4428=ADVANCED_FACE('',(#570),#29,.T.);
#4429=ADVANCED_FACE('',(#571),#220,.T.);
#4430=ADVANCED_FACE('',(#572),#30,.T.);
#4431=ADVANCED_FACE('',(#573),#221,.T.);
#4432=ADVANCED_FACE('',(#574),#31,.T.);
#4433=ADVANCED_FACE('',(#575),#222,.T.);
#4434=ADVANCED_FACE('',(#576),#32,.T.);
#4435=ADVANCED_FACE('',(#577),#223,.T.);
#4436=ADVANCED_FACE('',(#578),#33,.T.);
#4437=ADVANCED_FACE('',(#579),#4214,.T.);
#4438=ADVANCED_FACE('',(#580,#252),#4215,.T.);
#4439=ADVANCED_FACE('',(#581),#34,.T.);
#4440=ADVANCED_FACE('',(#582,#253),#4216,.T.);
#4441=ADVANCED_FACE('',(#583),#48,.F.);
#4442=ADVANCED_FACE('',(#584),#49,.T.);
#4443=ADVANCED_FACE('',(#585),#224,.T.);
#4444=ADVANCED_FACE('',(#586),#225,.T.);
#4445=ADVANCED_FACE('',(#587),#226,.F.);
#4446=ADVANCED_FACE('',(#588),#227,.T.);
#4447=ADVANCED_FACE('',(#589),#4217,.T.);
#4448=ADVANCED_FACE('',(#590),#228,.F.);
#4449=ADVANCED_FACE('',(#591),#229,.F.);
#4450=ADVANCED_FACE('',(#592),#230,.F.);
#4451=ADVANCED_FACE('',(#593),#231,.F.);
#4452=ADVANCED_FACE('',(#594),#232,.F.);
#4453=ADVANCED_FACE('',(#595),#233,.F.);
#4454=ADVANCED_FACE('',(#596),#234,.F.);
#4455=ADVANCED_FACE('',(#597),#235,.F.);
#4456=ADVANCED_FACE('',(#598),#236,.T.);
#4457=ADVANCED_FACE('',(#599),#237,.T.);
#4458=ADVANCED_FACE('',(#600),#238,.T.);
#4459=ADVANCED_FACE('',(#601),#239,.T.);
#4460=ADVANCED_FACE('',(#602),#240,.T.);
#4461=ADVANCED_FACE('',(#603),#35,.T.);
#4462=ADVANCED_FACE('',(#604),#36,.T.);
#4463=ADVANCED_FACE('',(#605),#241,.T.);
#4464=ADVANCED_FACE('',(#606),#4218,.T.);
#4465=ADVANCED_FACE('',(#607),#122,.F.);
#4466=ADVANCED_FACE('',(#608),#4219,.F.);
#4467=ADVANCED_FACE('',(#609),#4220,.T.);
#4468=ADVANCED_FACE('',(#610),#4221,.T.);
#4469=ADVANCED_FACE('',(#611),#4222,.T.);
#4470=ADVANCED_FACE('',(#612),#4223,.T.);
#4471=ADVANCED_FACE('',(#613),#242,.F.);
#4472=ADVANCED_FACE('',(#614),#123,.F.);
#4473=ADVANCED_FACE('',(#615),#243,.F.);
#4474=ADVANCED_FACE('',(#616),#4224,.T.);
#4475=ADVANCED_FACE('',(#617),#4225,.T.);
#4476=CLOSED_SHELL('',(#4226,#4227,#4228,#4229,#4230,#4231,#4232,#4233,
#4234,#4235,#4236,#4237,#4238,#4239,#4240,#4241,#4242,#4243,#4244,#4245,
#4246,#4247,#4248,#4249,#4250,#4251,#4252,#4253,#4254,#4255,#4256,#4257,
#4258,#4259,#4260,#4261,#4262,#4263,#4264,#4265,#4266,#4267,#4268,#4269,
#4270,#4271,#4272,#4273,#4274,#4275,#4276,#4277,#4278,#4279,#4280,#4281,
#4282,#4283,#4284,#4285,#4286,#4287,#4288,#4289,#4290,#4291,#4292,#4293,
#4294,#4295,#4296,#4297,#4298,#4299,#4300,#4301,#4302,#4303,#4304,#4305,
#4306,#4307,#4308,#4309,#4310,#4311,#4312,#4313,#4314,#4315,#4316,#4317,
#4318,#4319,#4320,#4321,#4322,#4323,#4324,#4325,#4326,#4327,#4328,#4329,
#4330,#4331,#4332,#4333,#4334,#4335,#4336,#4337,#4338,#4339,#4340,#4341,
#4342,#4343,#4344,#4345,#4346,#4347,#4348,#4349,#4350,#4351,#4352,#4353,
#4354,#4355,#4356,#4357,#4358,#4359,#4360,#4361,#4362,#4363,#4364,#4365,
#4366,#4367,#4368,#4369,#4370,#4371,#4372,#4373,#4374,#4375,#4376,#4377,
#4378));
#4477=CLOSED_SHELL('',(#4379,#4380,#4381,#4382,#4383,#4384,#4385,#4386,
#4387,#4388));
#4478=CLOSED_SHELL('',(#4389,#4390,#4391,#4392,#4393,#4394,#4395,#4396,
#4397,#4398,#4399,#4400,#4401,#4402,#4403,#4404,#4405));
#4479=CLOSED_SHELL('',(#4406,#4407,#4408,#4409,#4410,#4411,#4412,#4413,
#4414,#4415,#4416,#4417,#4418,#4419,#4420,#4421,#4422,#4423,#4424,#4425,
#4426,#4427,#4428,#4429,#4430,#4431,#4432,#4433,#4434,#4435,#4436,#4437,
#4438,#4439,#4440,#4441,#4442,#4443,#4444,#4445,#4446,#4447));
#4480=CLOSED_SHELL('',(#4448,#4449,#4450,#4451,#4452,#4453,#4454,#4455,
#4456,#4457,#4458,#4459,#4460,#4461,#4462,#4463,#4464,#4465,#4466,#4467,
#4468,#4469,#4470,#4471,#4472,#4473,#4474,#4475));
#4481=DERIVED_UNIT_ELEMENT(#4483,1.);
#4482=DERIVED_UNIT_ELEMENT(#13098,-3.);
#4483=(
MASS_UNIT()
NAMED_UNIT(*)
SI_UNIT(.KILO.,.GRAM.)
);
#4484=DERIVED_UNIT((#4481,#4482));
#4485=MEASURE_REPRESENTATION_ITEM('density measure',
POSITIVE_RATIO_MEASURE(7850.),#4484);
#4486=PROPERTY_DEFINITION_REPRESENTATION(#4491,#4488);
#4487=PROPERTY_DEFINITION_REPRESENTATION(#4492,#4489);
#4488=REPRESENTATION('material name',(#4490),#13095);
#4489=REPRESENTATION('density',(#4485),#13095);
#4490=DESCRIPTIVE_REPRESENTATION_ITEM('Steel','Steel');
#4491=PROPERTY_DEFINITION('material property','material name',#13105);
#4492=PROPERTY_DEFINITION('material property','density of part',#13105);
#4493=AXIS2_PLACEMENT_3D('',#5614,#4788,#4789);
#4494=AXIS2_PLACEMENT_3D('',#5615,#4790,#4791);
#4495=AXIS2_PLACEMENT_3D('',#6819,#4866,#4867);
#4496=AXIS2_PLACEMENT_3D('',#8023,#4942,#4943);
#4497=AXIS2_PLACEMENT_3D('',#8025,#4944,#4945);
#4498=AXIS2_PLACEMENT_3D('',#8059,#4946,#4947);
#4499=AXIS2_PLACEMENT_3D('',#8127,#4948,#4949);
#4500=AXIS2_PLACEMENT_3D('',#8162,#4950,#4951);
#4501=AXIS2_PLACEMENT_3D('',#8163,#4952,#4953);
#4502=AXIS2_PLACEMENT_3D('',#8164,#4954,#4955);
#4503=AXIS2_PLACEMENT_3D('',#8165,#4956,#4957);
#4504=AXIS2_PLACEMENT_3D('',#8205,#4958,#4959);
#4505=AXIS2_PLACEMENT_3D('',#8237,#4960,#4961);
#4506=AXIS2_PLACEMENT_3D('',#8250,#4962,#4963);
#4507=AXIS2_PLACEMENT_3D('',#8263,#4964,#4965);
#4508=AXIS2_PLACEMENT_3D('',#8276,#4966,#4967);
#4509=AXIS2_PLACEMENT_3D('',#8289,#4968,#4969);
#4510=AXIS2_PLACEMENT_3D('',#8302,#4970,#4971);
#4511=AXIS2_PLACEMENT_3D('',#8315,#4972,#4973);
#4512=AXIS2_PLACEMENT_3D('',#8328,#4974,#4975);
#4513=AXIS2_PLACEMENT_3D('',#8341,#4976,#4977);
#4514=AXIS2_PLACEMENT_3D('',#8354,#4978,#4979);
#4515=AXIS2_PLACEMENT_3D('',#8367,#4980,#4981);
#4516=AXIS2_PLACEMENT_3D('',#8380,#4982,#4983);
#4517=AXIS2_PLACEMENT_3D('',#8393,#4984,#4985);
#4518=AXIS2_PLACEMENT_3D('',#8406,#4986,#4987);
#4519=AXIS2_PLACEMENT_3D('',#8419,#4988,#4989);
#4520=AXIS2_PLACEMENT_3D('',#8432,#4990,#4991);
#4521=AXIS2_PLACEMENT_3D('',#8443,#4992,#4993);
#4522=AXIS2_PLACEMENT_3D('',#8456,#4994,#4995);
#4523=AXIS2_PLACEMENT_3D('',#8469,#4996,#4997);
#4524=AXIS2_PLACEMENT_3D('',#8478,#4998,#4999);
#4525=AXIS2_PLACEMENT_3D('',#8483,#5000,#5001);
#4526=AXIS2_PLACEMENT_3D('',#8496,#5002,#5003);
#4527=AXIS2_PLACEMENT_3D('',#8509,#5004,#5005);
#4528=AXIS2_PLACEMENT_3D('',#8522,#5006,#5007);
#4529=AXIS2_PLACEMENT_3D('',#8535,#5008,#5009);
#4530=AXIS2_PLACEMENT_3D('',#8548,#5010,#5011);
#4531=AXIS2_PLACEMENT_3D('',#8561,#5012,#5013);
#4532=AXIS2_PLACEMENT_3D('',#8574,#5014,#5015);
#4533=AXIS2_PLACEMENT_3D('',#8587,#5016,#5017);
#4534=AXIS2_PLACEMENT_3D('',#8600,#5018,#5019);
#4535=AXIS2_PLACEMENT_3D('',#8613,#5020,#5021);
#4536=AXIS2_PLACEMENT_3D('',#8626,#5022,#5023);
#4537=AXIS2_PLACEMENT_3D('',#8639,#5024,#5025);
#4538=AXIS2_PLACEMENT_3D('',#8652,#5026,#5027);
#4539=AXIS2_PLACEMENT_3D('',#8665,#5028,#5029);
#4540=AXIS2_PLACEMENT_3D('',#11090,#5030,#5031);
#4541=AXIS2_PLACEMENT_3D('',#11091,#5032,#5033);
#4542=AXIS2_PLACEMENT_3D('',#11092,#5034,#5035);
#4543=AXIS2_PLACEMENT_3D('',#11093,#5036,#5037);
#4544=AXIS2_PLACEMENT_3D('',#11094,#5038,#5039);
#4545=AXIS2_PLACEMENT_3D('',#11095,#5040,#5041);
#4546=AXIS2_PLACEMENT_3D('',#11096,#5042,#5043);
#4547=AXIS2_PLACEMENT_3D('',#11097,#5044,#5045);
#4548=AXIS2_PLACEMENT_3D('',#11098,#5046,#5047);
#4549=AXIS2_PLACEMENT_3D('',#11099,#5048,#5049);
#4550=AXIS2_PLACEMENT_3D('',#11100,#5050,#5051);
#4551=AXIS2_PLACEMENT_3D('',#11101,#5052,#5053);
#4552=AXIS2_PLACEMENT_3D('',#11102,#5054,#5055);
#4553=AXIS2_PLACEMENT_3D('',#11103,#5056,#5057);
#4554=AXIS2_PLACEMENT_3D('',#11104,#5058,#5059);
#4555=AXIS2_PLACEMENT_3D('',#11105,#5060,#5061);
#4556=AXIS2_PLACEMENT_3D('',#11106,#5062,#5063);
#4557=AXIS2_PLACEMENT_3D('',#11107,#5064,#5065);
#4558=AXIS2_PLACEMENT_3D('',#11108,#5066,#5067);
#4559=AXIS2_PLACEMENT_3D('',#11109,#5068,#5069);
#4560=AXIS2_PLACEMENT_3D('',#11110,#5070,#5071);
#4561=AXIS2_PLACEMENT_3D('',#11111,#5072,#5073);
#4562=AXIS2_PLACEMENT_3D('',#11112,#5074,#5075);
#4563=AXIS2_PLACEMENT_3D('',#11113,#5076,#5077);
#4564=AXIS2_PLACEMENT_3D('',#11114,#5078,#5079);
#4565=AXIS2_PLACEMENT_3D('',#11115,#5080,#5081);
#4566=AXIS2_PLACEMENT_3D('',#11116,#5082,#5083);
#4567=AXIS2_PLACEMENT_3D('',#11117,#5084,#5085);
#4568=AXIS2_PLACEMENT_3D('',#11118,#5086,#5087);
#4569=AXIS2_PLACEMENT_3D('',#11119,#5088,#5089);
#4570=AXIS2_PLACEMENT_3D('',#11120,#5090,#5091);
#4571=AXIS2_PLACEMENT_3D('',#11121,#5092,#5093);
#4572=AXIS2_PLACEMENT_3D('',#11122,#5094,#5095);
#4573=AXIS2_PLACEMENT_3D('',#11133,#5096,#5097);
#4574=AXIS2_PLACEMENT_3D('',#11134,#5098,#5099);
#4575=AXIS2_PLACEMENT_3D('',#11135,#5100,#5101);
#4576=AXIS2_PLACEMENT_3D('',#11136,#5102,#5103);
#4577=AXIS2_PLACEMENT_3D('',#11137,#5104,#5105);
#4578=AXIS2_PLACEMENT_3D('',#11138,#5106,#5107);
#4579=AXIS2_PLACEMENT_3D('',#11140,#5108,#5109);
#4580=AXIS2_PLACEMENT_3D('',#11141,#5110,#5111);
#4581=AXIS2_PLACEMENT_3D('',#11144,#5113,#5114);
#4582=AXIS2_PLACEMENT_3D('',#11145,#5115,#5116);
#4583=AXIS2_PLACEMENT_3D('',#11214,#5117,#5118);
#4584=AXIS2_PLACEMENT_3D('',#11215,#5119,#5120);
#4585=AXIS2_PLACEMENT_3D('',#11216,#5121,#5122);
#4586=AXIS2_PLACEMENT_3D('',#11218,#5124,#5125);
#4587=AXIS2_PLACEMENT_3D('',#11227,#5130,#5131);
#4588=AXIS2_PLACEMENT_3D('',#11229,#5132,#5133);
#4589=AXIS2_PLACEMENT_3D('',#11231,#5134,#5135);
#4590=AXIS2_PLACEMENT_3D('',#11233,#5137,#5138);
#4591=AXIS2_PLACEMENT_3D('',#11239,#5142,#5143);
#4592=AXIS2_PLACEMENT_3D('',#11241,#5144,#5145);
#4593=AXIS2_PLACEMENT_3D('',#11243,#5146,#5147);
#4594=AXIS2_PLACEMENT_3D('',#11245,#5149,#5150);
#4595=AXIS2_PLACEMENT_3D('',#11251,#5154,#5155);
#4596=AXIS2_PLACEMENT_3D('',#11253,#5156,#5157);
#4597=AXIS2_PLACEMENT_3D('',#11255,#5158,#5159);
#4598=AXIS2_PLACEMENT_3D('',#11257,#5161,#5162);
#4599=AXIS2_PLACEMENT_3D('',#11263,#5166,#5167);
#4600=AXIS2_PLACEMENT_3D('',#11264,#5168,#5169);
#4601=AXIS2_PLACEMENT_3D('',#11265,#5170,#5171);
#4602=AXIS2_PLACEMENT_3D('',#11266,#5172,#5173);
#4603=AXIS2_PLACEMENT_3D('',#11267,#5174,#5175);
#4604=AXIS2_PLACEMENT_3D('',#11268,#5176,#5177);
#4605=AXIS2_PLACEMENT_3D('',#11270,#5178,#5179);
#4606=AXIS2_PLACEMENT_3D('',#11272,#5180,#5181);
#4607=AXIS2_PLACEMENT_3D('',#11274,#5182,#5183);
#4608=AXIS2_PLACEMENT_3D('',#11275,#5184,#5185);
#4609=AXIS2_PLACEMENT_3D('',#11276,#5186,#5187);
#4610=AXIS2_PLACEMENT_3D('',#11279,#5188,#5189);
#4611=AXIS2_PLACEMENT_3D('',#11285,#5193,#5194);
#4612=AXIS2_PLACEMENT_3D('',#11287,#5195,#5196);
#4613=AXIS2_PLACEMENT_3D('',#11289,#5198,#5199);
#4614=AXIS2_PLACEMENT_3D('',#11292,#5200,#5201);
#4615=AXIS2_PLACEMENT_3D('',#11321,#5202,#5203);
#4616=AXIS2_PLACEMENT_3D('',#11324,#5205,#5206);
#4617=AXIS2_PLACEMENT_3D('',#11325,#5207,#5208);
#4618=AXIS2_PLACEMENT_3D('',#11328,#5210,#5211);
#4619=AXIS2_PLACEMENT_3D('',#11329,#5212,#5213);
#4620=AXIS2_PLACEMENT_3D('',#11331,#5215,#5216);
#4621=AXIS2_PLACEMENT_3D('',#11337,#5220,#5221);
#4622=AXIS2_PLACEMENT_3D('',#11340,#5223,#5224);
#4623=AXIS2_PLACEMENT_3D('',#11341,#5225,#5226);
#4624=AXIS2_PLACEMENT_3D('',#11361,#5229,#5230);
#4625=AXIS2_PLACEMENT_3D('',#11362,#5231,#5232);
#4626=AXIS2_PLACEMENT_3D('',#11364,#5233,#5234);
#4627=AXIS2_PLACEMENT_3D('',#11379,#5235,#5236);
#4628=AXIS2_PLACEMENT_3D('',#11382,#5238,#5239);
#4629=AXIS2_PLACEMENT_3D('',#11384,#5241,#5242);
#4630=AXIS2_PLACEMENT_3D('',#11386,#5244,#5245);
#4631=AXIS2_PLACEMENT_3D('',#11388,#5247,#5248);
#4632=AXIS2_PLACEMENT_3D('',#11389,#5249,#5250);
#4633=AXIS2_PLACEMENT_3D('',#11391,#5251,#5252);
#4634=AXIS2_PLACEMENT_3D('',#11392,#5253,#5254);
#4635=AXIS2_PLACEMENT_3D('',#11393,#5255,#5256);
#4636=AXIS2_PLACEMENT_3D('',#11394,#5257,#5258);
#4637=AXIS2_PLACEMENT_3D('',#11396,#5259,#5260);
#4638=AXIS2_PLACEMENT_3D('',#11398,#5261,#5262);
#4639=AXIS2_PLACEMENT_3D('',#11400,#5263,#5264);
#4640=AXIS2_PLACEMENT_3D('',#11401,#5265,#5266);
#4641=AXIS2_PLACEMENT_3D('',#11402,#5267,#5268);
#4642=AXIS2_PLACEMENT_3D('',#11406,#5270,#5271);
#4643=AXIS2_PLACEMENT_3D('',#11407,#5272,#5273);
#4644=AXIS2_PLACEMENT_3D('',#11408,#5274,#5275);
#4645=AXIS2_PLACEMENT_3D('',#11413,#5277,#5278);
#4646=AXIS2_PLACEMENT_3D('',#11417,#5280,#5281);
#4647=AXIS2_PLACEMENT_3D('',#11421,#5284,#5285);
#4648=AXIS2_PLACEMENT_3D('',#11423,#5286,#5287);
#4649=AXIS2_PLACEMENT_3D('',#11424,#5288,#5289);
#4650=AXIS2_PLACEMENT_3D('',#11425,#5290,#5291);
#4651=AXIS2_PLACEMENT_3D('',#11430,#5293,#5294);
#4652=AXIS2_PLACEMENT_3D('',#11434,#5296,#5297);
#4653=AXIS2_PLACEMENT_3D('',#11438,#5300,#5301);
#4654=AXIS2_PLACEMENT_3D('',#11440,#5302,#5303);
#4655=AXIS2_PLACEMENT_3D('',#11443,#5305,#5306);
#4656=AXIS2_PLACEMENT_3D('',#11444,#5307,#5308);
#4657=AXIS2_PLACEMENT_3D('',#11447,#5309,#5310);
#4658=AXIS2_PLACEMENT_3D('',#11451,#5312,#5313);
#4659=AXIS2_PLACEMENT_3D('',#11453,#5315,#5316);
#4660=AXIS2_PLACEMENT_3D('',#11455,#5317,#5318);
#4661=AXIS2_PLACEMENT_3D('',#11456,#5319,#5320);
#4662=AXIS2_PLACEMENT_3D('',#11457,#5321,#5322);
#4663=AXIS2_PLACEMENT_3D('',#11458,#5323,#5324);
#4664=AXIS2_PLACEMENT_3D('',#11460,#5325,#5326);
#4665=AXIS2_PLACEMENT_3D('',#11462,#5328,#5329);
#4666=AXIS2_PLACEMENT_3D('',#11464,#5330,#5331);
#4667=AXIS2_PLACEMENT_3D('',#11465,#5332,#5333);
#4668=AXIS2_PLACEMENT_3D('',#11466,#5334,#5335);
#4669=AXIS2_PLACEMENT_3D('',#11468,#5336,#5337);
#4670=AXIS2_PLACEMENT_3D('',#11470,#5339,#5340);
#4671=AXIS2_PLACEMENT_3D('',#11472,#5341,#5342);
#4672=AXIS2_PLACEMENT_3D('',#11473,#5343,#5344);
#4673=AXIS2_PLACEMENT_3D('',#11474,#5345,#5346);
#4674=AXIS2_PLACEMENT_3D('',#11476,#5347,#5348);
#4675=AXIS2_PLACEMENT_3D('',#11478,#5350,#5351);
#4676=AXIS2_PLACEMENT_3D('',#11481,#5352,#5353);
#4677=AXIS2_PLACEMENT_3D('',#11482,#5354,#5355);
#4678=AXIS2_PLACEMENT_3D('',#11483,#5356,#5357);
#4679=AXIS2_PLACEMENT_3D('',#11484,#5358,#5359);
#4680=AXIS2_PLACEMENT_3D('',#11487,#5360,#5361);
#4681=AXIS2_PLACEMENT_3D('',#11490,#5364,#5365);
#4682=AXIS2_PLACEMENT_3D('',#11491,#5366,#5367);
#4683=AXIS2_PLACEMENT_3D('',#11492,#5368,#5369);
#4684=AXIS2_PLACEMENT_3D('',#11493,#5370,#5371);
#4685=AXIS2_PLACEMENT_3D('',#11499,#5374,#5375);
#4686=AXIS2_PLACEMENT_3D('',#11503,#5378,#5379);
#4687=AXIS2_PLACEMENT_3D('',#11506,#5381,#5382);
#4688=AXIS2_PLACEMENT_3D('',#11507,#5383,#5384);
#4689=AXIS2_PLACEMENT_3D('',#11509,#5385,#5386);
#4690=AXIS2_PLACEMENT_3D('',#11511,#5387,#5388);
#4691=AXIS2_PLACEMENT_3D('',#11512,#5389,#5390);
#4692=AXIS2_PLACEMENT_3D('',#11513,#5391,#5392);
#4693=AXIS2_PLACEMENT_3D('',#11516,#5393,#5394);
#4694=AXIS2_PLACEMENT_3D('',#11518,#5396,#5397);
#4695=AXIS2_PLACEMENT_3D('',#11519,#5398,#5399);
#4696=AXIS2_PLACEMENT_3D('',#11521,#5401,#5402);
#4697=AXIS2_PLACEMENT_3D('',#11523,#5403,#5404);
#4698=AXIS2_PLACEMENT_3D('',#11525,#5405,#5406);
#4699=AXIS2_PLACEMENT_3D('',#11527,#5408,#5409);
#4700=AXIS2_PLACEMENT_3D('',#11529,#5410,#5411);
#4701=AXIS2_PLACEMENT_3D('',#11530,#5412,#5413);
#4702=AXIS2_PLACEMENT_3D('',#11531,#5414,#5415);
#4703=AXIS2_PLACEMENT_3D('',#11534,#5416,#5417);
#4704=AXIS2_PLACEMENT_3D('',#11537,#5420,#5421);
#4705=AXIS2_PLACEMENT_3D('',#11539,#5422,#5423);
#4706=AXIS2_PLACEMENT_3D('',#11540,#5424,#5425);
#4707=AXIS2_PLACEMENT_3D('',#11541,#5426,#5427);
#4708=AXIS2_PLACEMENT_3D('',#11542,#5428,#5429);
#4709=AXIS2_PLACEMENT_3D('',#11544,#5430,#5431);
#4710=AXIS2_PLACEMENT_3D('',#11546,#5433,#5434);
#4711=AXIS2_PLACEMENT_3D('',#11548,#5435,#5436);
#4712=AXIS2_PLACEMENT_3D('',#11549,#5437,#5438);
#4713=AXIS2_PLACEMENT_3D('',#11550,#5439,#5440);
#4714=AXIS2_PLACEMENT_3D('',#11552,#5441,#5442);
#4715=AXIS2_PLACEMENT_3D('',#11554,#5444,#5445);
#4716=AXIS2_PLACEMENT_3D('',#11555,#5446,#5447);
#4717=AXIS2_PLACEMENT_3D('',#11556,#5448,#5449);
#4718=AXIS2_PLACEMENT_3D('',#11557,#5450,#5451);
#4719=AXIS2_PLACEMENT_3D('',#11558,#5452,#5453);
#4720=AXIS2_PLACEMENT_3D('',#11559,#5454,#5455);
#4721=AXIS2_PLACEMENT_3D('',#11560,#5456,#5457);
#4722=AXIS2_PLACEMENT_3D('',#11561,#5458,#5459);
#4723=AXIS2_PLACEMENT_3D('',#11563,#5461,#5462);
#4724=AXIS2_PLACEMENT_3D('',#11565,#5464,#5465);
#4725=AXIS2_PLACEMENT_3D('',#11567,#5466,#5467);
#4726=AXIS2_PLACEMENT_3D('',#11568,#5468,#5469);
#4727=AXIS2_PLACEMENT_3D('',#11569,#5470,#5471);
#4728=AXIS2_PLACEMENT_3D('',#11571,#5472,#5473);
#4729=AXIS2_PLACEMENT_3D('',#11572,#5474,#5475);
#4730=AXIS2_PLACEMENT_3D('',#11573,#5476,#5477);
#4731=AXIS2_PLACEMENT_3D('',#11575,#5478,#5479);
#4732=AXIS2_PLACEMENT_3D('',#11576,#5480,#5481);
#4733=AXIS2_PLACEMENT_3D('',#11578,#5483,#5484);
#4734=AXIS2_PLACEMENT_3D('',#11580,#5486,#5487);
#4735=AXIS2_PLACEMENT_3D('',#11581,#5488,#5489);
#4736=AXIS2_PLACEMENT_3D('',#11582,#5490,#5491);
#4737=AXIS2_PLACEMENT_3D('',#11583,#5492,#5493);
#4738=AXIS2_PLACEMENT_3D('',#11588,#5495,#5496);
#4739=AXIS2_PLACEMENT_3D('',#11596,#5497,#5498);
#4740=AXIS2_PLACEMENT_3D('',#11635,#5500,#5501);
#4741=AXIS2_PLACEMENT_3D('',#11679,#5502,#5503);
#4742=AXIS2_PLACEMENT_3D('',#11769,#5505,#5506);
#4743=AXIS2_PLACEMENT_3D('',#11800,#5508,#5509);
#4744=AXIS2_PLACEMENT_3D('',#11838,#5510,#5511);
#4745=AXIS2_PLACEMENT_3D('',#11853,#5513,#5514);
#4746=AXIS2_PLACEMENT_3D('',#11864,#5515,#5516);
#4747=AXIS2_PLACEMENT_3D('',#11902,#5518,#5519);
#4748=AXIS2_PLACEMENT_3D('',#11940,#5521,#5522);
#4749=AXIS2_PLACEMENT_3D('',#11952,#5524,#5525);
#4750=AXIS2_PLACEMENT_3D('',#11954,#5526,#5527);
#4751=AXIS2_PLACEMENT_3D('',#11963,#5528,#5529);
#4752=AXIS2_PLACEMENT_3D('',#11968,#5531,#5532);
#4753=AXIS2_PLACEMENT_3D('',#11971,#5534,#5535);
#4754=AXIS2_PLACEMENT_3D('',#11972,#5536,#5537);
#4755=AXIS2_PLACEMENT_3D('',#11977,#5539,#5540);
#4756=AXIS2_PLACEMENT_3D('',#11980,#5542,#5543);
#4757=AXIS2_PLACEMENT_3D('',#11981,#5544,#5545);
#4758=AXIS2_PLACEMENT_3D('',#11986,#5547,#5548);
#4759=AXIS2_PLACEMENT_3D('',#11989,#5550,#5551);
#4760=AXIS2_PLACEMENT_3D('',#11990,#5552,#5553);
#4761=AXIS2_PLACEMENT_3D('',#11995,#5555,#5556);
#4762=AXIS2_PLACEMENT_3D('',#11997,#5557,#5558);
#4763=AXIS2_PLACEMENT_3D('',#12001,#5560,#5561);
#4764=AXIS2_PLACEMENT_3D('',#12002,#5562,#5563);
#4765=AXIS2_PLACEMENT_3D('',#12003,#5564,#5565);
#4766=AXIS2_PLACEMENT_3D('',#12008,#5567,#5568);
#4767=AXIS2_PLACEMENT_3D('',#12011,#5570,#5571);
#4768=AXIS2_PLACEMENT_3D('',#12012,#5572,#5573);
#4769=AXIS2_PLACEMENT_3D('',#12021,#5574,#5575);
#4770=AXIS2_PLACEMENT_3D('',#12023,#5576,#5577);
#4771=AXIS2_PLACEMENT_3D('',#12090,#5578,#5579);
#4772=AXIS2_PLACEMENT_3D('',#12122,#5580,#5581);
#4773=AXIS2_PLACEMENT_3D('',#12123,#5582,#5583);
#4774=AXIS2_PLACEMENT_3D('',#12159,#5584,#5585);
#4775=AXIS2_PLACEMENT_3D('',#12169,#5586,#5587);
#4776=AXIS2_PLACEMENT_3D('',#12237,#5588,#5589);
#4777=AXIS2_PLACEMENT_3D('',#12238,#5590,#5591);
#4778=AXIS2_PLACEMENT_3D('',#12241,#5594,#5595);
#4779=AXIS2_PLACEMENT_3D('',#12731,#5596,#5597);
#4780=AXIS2_PLACEMENT_3D('',#12805,#5598,#5599);
#4781=AXIS2_PLACEMENT_3D('',#12806,#5600,#5601);
#4782=AXIS2_PLACEMENT_3D('',#12807,#5602,#5603);
#4783=AXIS2_PLACEMENT_3D('',#12808,#5604,#5605);
#4784=AXIS2_PLACEMENT_3D('',#12809,#5606,#5607);
#4785=AXIS2_PLACEMENT_3D('',#13090,#5608,#5609);
#4786=AXIS2_PLACEMENT_3D('',#13091,#5610,#5611);
#4787=AXIS2_PLACEMENT_3D('',#13092,#5612,#5613);
#4788=DIRECTION('axis',(0.,0.,1.));
#4789=DIRECTION('refdir',(1.,0.,0.));
#4790=DIRECTION('center_axis',(1.,0.,0.));
#4791=DIRECTION('ref_axis',(0.,0.,1.));
#4792=DIRECTION('',(0.,-1.,0.));
#4793=DIRECTION('',(0.,-1.,0.));
#4794=DIRECTION('',(0.,-1.,0.));
#4795=DIRECTION('',(0.,-1.,0.));
#4796=DIRECTION('',(0.,-1.,0.));
#4797=DIRECTION('',(0.,-1.,0.));
#4798=DIRECTION('',(0.,-1.,0.));
#4799=DIRECTION('',(0.,-1.,0.));
#4800=DIRECTION('',(0.,-1.,0.));
#4801=DIRECTION('',(0.,-1.,0.));
#4802=DIRECTION('',(0.,-1.,0.));
#4803=DIRECTION('',(0.,-1.,0.));
#4804=DIRECTION('',(0.,-1.,0.));
#4805=DIRECTION('',(0.,-1.,0.));
#4806=DIRECTION('',(0.,-1.,0.));
#4807=DIRECTION('',(0.,-1.,0.));
#4808=DIRECTION('',(0.,-1.,0.));
#4809=DIRECTION('',(0.,-1.,0.));
#4810=DIRECTION('',(0.,-1.,0.));
#4811=DIRECTION('',(0.,-1.,0.));
#4812=DIRECTION('',(0.,-1.,0.));
#4813=DIRECTION('',(0.,-1.,0.));
#4814=DIRECTION('',(0.,-1.,0.));
#4815=DIRECTION('',(0.,-1.,0.));
#4816=DIRECTION('',(0.,-1.,0.));
#4817=DIRECTION('',(0.,-1.,0.));
#4818=DIRECTION('',(0.,-1.,0.));
#4819=DIRECTION('',(0.,-1.,0.));
#4820=DIRECTION('',(0.,-1.,0.));
#4821=DIRECTION('',(0.,-1.,0.));
#4822=DIRECTION('',(0.,-1.,0.));
#4823=DIRECTION('',(0.,-1.,0.));
#4824=DIRECTION('',(0.,-1.,0.));
#4825=DIRECTION('',(0.,-1.,0.));
#4826=DIRECTION('',(0.,0.,1.));
#4827=DIRECTION('',(0.,-1.,0.));
#4828=DIRECTION('',(0.,0.,1.));
#4829=DIRECTION('',(0.,1.,0.));
#4830=DIRECTION('',(0.,0.,1.));
#4831=DIRECTION('',(0.,1.,0.));
#4832=DIRECTION('',(0.,1.,0.));
#4833=DIRECTION('',(0.,1.,0.));
#4834=DIRECTION('',(0.,1.,0.));
#4835=DIRECTION('',(0.,1.,0.));
#4836=DIRECTION('',(0.,1.,0.));
#4837=DIRECTION('',(0.,1.,0.));
#4838=DIRECTION('',(0.,1.,0.));
#4839=DIRECTION('',(0.,1.,0.));
#4840=DIRECTION('',(0.,1.,0.));
#4841=DIRECTION('',(0.,1.,0.));
#4842=DIRECTION('',(0.,1.,0.));
#4843=DIRECTION('',(0.,1.,0.));
#4844=DIRECTION('',(0.,1.,0.));
#4845=DIRECTION('',(0.,1.,0.));
#4846=DIRECTION('',(0.,1.,0.));
#4847=DIRECTION('',(0.,1.,0.));
#4848=DIRECTION('',(0.,1.,0.));
#4849=DIRECTION('',(0.,1.,0.));
#4850=DIRECTION('',(0.,1.,0.));
#4851=DIRECTION('',(0.,1.,0.));
#4852=DIRECTION('',(0.,1.,0.));
#4853=DIRECTION('',(0.,1.,0.));
#4854=DIRECTION('',(0.,1.,0.));
#4855=DIRECTION('',(0.,1.,0.));
#4856=DIRECTION('',(0.,1.,0.));
#4857=DIRECTION('',(0.,1.,0.));
#4858=DIRECTION('',(0.,1.,0.));
#4859=DIRECTION('',(0.,1.,0.));
#4860=DIRECTION('',(0.,1.,0.));
#4861=DIRECTION('',(0.,1.,0.));
#4862=DIRECTION('',(0.,1.,0.));
#4863=DIRECTION('',(0.,1.,0.));
#4864=DIRECTION('',(0.,1.,0.));
#4865=DIRECTION('',(0.,0.,1.));
#4866=DIRECTION('center_axis',(-1.,0.,2.21416173498527E-16));
#4867=DIRECTION('ref_axis',(-2.21416173498527E-16,0.,-1.));
#4868=DIRECTION('',(0.,-1.,0.));
#4869=DIRECTION('',(0.,-1.,0.));
#4870=DIRECTION('',(0.,-1.,0.));
#4871=DIRECTION('',(0.,-1.,0.));
#4872=DIRECTION('',(0.,-1.,0.));
#4873=DIRECTION('',(0.,-1.,0.));
#4874=DIRECTION('',(0.,-1.,0.));
#4875=DIRECTION('',(0.,-1.,0.));
#4876=DIRECTION('',(0.,-1.,0.));
#4877=DIRECTION('',(0.,-1.,0.));
#4878=DIRECTION('',(0.,-1.,0.));
#4879=DIRECTION('',(0.,-1.,0.));
#4880=DIRECTION('',(0.,-1.,0.));
#4881=DIRECTION('',(0.,-1.,0.));
#4882=DIRECTION('',(0.,-1.,0.));
#4883=DIRECTION('',(0.,-1.,0.));
#4884=DIRECTION('',(0.,-1.,0.));
#4885=DIRECTION('',(0.,-1.,0.));
#4886=DIRECTION('',(0.,-1.,0.));
#4887=DIRECTION('',(0.,-1.,0.));
#4888=DIRECTION('',(0.,-1.,0.));
#4889=DIRECTION('',(0.,-1.,0.));
#4890=DIRECTION('',(0.,-1.,0.));
#4891=DIRECTION('',(0.,-1.,0.));
#4892=DIRECTION('',(0.,-1.,0.));
#4893=DIRECTION('',(0.,-1.,0.));
#4894=DIRECTION('',(0.,-1.,0.));
#4895=DIRECTION('',(0.,-1.,0.));
#4896=DIRECTION('',(0.,-1.,0.));
#4897=DIRECTION('',(0.,-1.,0.));
#4898=DIRECTION('',(0.,-1.,0.));
#4899=DIRECTION('',(0.,-1.,0.));
#4900=DIRECTION('',(0.,-1.,0.));
#4901=DIRECTION('',(0.,-1.,0.));
#4902=DIRECTION('',(-2.21416173498527E-16,0.,-1.));
#4903=DIRECTION('',(0.,-1.,0.));
#4904=DIRECTION('',(-2.21416173498527E-16,0.,-1.));
#4905=DIRECTION('',(0.,1.,0.));
#4906=DIRECTION('',(-2.21416173498527E-16,0.,-1.));
#4907=DIRECTION('',(0.,1.,0.));
#4908=DIRECTION('',(0.,1.,0.));
#4909=DIRECTION('',(0.,1.,0.));
#4910=DIRECTION('',(0.,1.,0.));
#4911=DIRECTION('',(0.,1.,0.));
#4912=DIRECTION('',(0.,1.,0.));
#4913=DIRECTION('',(0.,1.,0.));
#4914=DIRECTION('',(0.,1.,0.));
#4915=DIRECTION('',(0.,1.,0.));
#4916=DIRECTION('',(0.,1.,0.));
#4917=DIRECTION('',(0.,1.,0.));
#4918=DIRECTION('',(0.,1.,0.));
#4919=DIRECTION('',(0.,1.,0.));
#4920=DIRECTION('',(0.,1.,0.));
#4921=DIRECTION('',(0.,1.,0.));
#4922=DIRECTION('',(0.,1.,0.));
#4923=DIRECTION('',(0.,1.,0.));
#4924=DIRECTION('',(0.,1.,0.));
#4925=DIRECTION('',(0.,1.,0.));
#4926=DIRECTION('',(0.,1.,0.));
#4927=DIRECTION('',(0.,1.,0.));
#4928=DIRECTION('',(0.,1.,0.));
#4929=DIRECTION('',(0.,1.,0.));
#4930=DIRECTION('',(0.,1.,0.));
#4931=DIRECTION('',(0.,1.,0.));
#4932=DIRECTION('',(0.,1.,0.));
#4933=DIRECTION('',(0.,1.,0.));
#4934=DIRECTION('',(0.,1.,0.));
#4935=DIRECTION('',(0.,1.,0.));
#4936=DIRECTION('',(0.,1.,0.));
#4937=DIRECTION('',(0.,1.,0.));
#4938=DIRECTION('',(0.,1.,0.));
#4939=DIRECTION('',(0.,1.,0.));
#4940=DIRECTION('',(0.,1.,0.));
#4941=DIRECTION('',(-2.21416173498527E-16,0.,-1.));
#4942=DIRECTION('center_axis',(0.,1.,0.));
#4943=DIRECTION('ref_axis',(1.,0.,0.));
#4944=DIRECTION('center_axis',(0.,1.,0.));
#4945=DIRECTION('ref_axis',(1.,0.,0.));
#4946=DIRECTION('center_axis',(0.,-1.,0.));
#4947=DIRECTION('ref_axis',(1.,0.,0.));
#4948=DIRECTION('center_axis',(0.,-1.,0.));
#4949=DIRECTION('ref_axis',(1.,0.,-9.36069504451027E-14));
#4950=DIRECTION('center_axis',(0.,-1.,0.));
#4951=DIRECTION('ref_axis',(1.,0.,0.));
#4952=DIRECTION('center_axis',(0.,1.,0.));
#4953=DIRECTION('ref_axis',(1.,0.,0.));
#4954=DIRECTION('center_axis',(0.,-1.,0.));
#4955=DIRECTION('ref_axis',(1.,0.,0.));
#4956=DIRECTION('center_axis',(0.,1.,0.));
#4957=DIRECTION('ref_axis',(0.,0.,1.));
#4958=DIRECTION('center_axis',(0.,-1.,0.));
#4959=DIRECTION('ref_axis',(1.,0.,0.));
#4960=DIRECTION('center_axis',(0.,1.,0.));
#4961=DIRECTION('ref_axis',(1.,0.,-9.36069504451027E-14));
#4962=DIRECTION('center_axis',(0.,1.,0.));
#4963=DIRECTION('ref_axis',(1.,0.,-9.36069504451027E-14));
#4964=DIRECTION('center_axis',(0.,1.,0.));
#4965=DIRECTION('ref_axis',(1.,0.,-9.36069504451027E-14));
#4966=DIRECTION('center_axis',(0.,1.,0.));
#4967=DIRECTION('ref_axis',(1.,0.,-9.36069504451027E-14));
#4968=DIRECTION('center_axis',(0.,1.,0.));
#4969=DIRECTION('ref_axis',(1.,0.,-9.36069504451027E-14));
#4970=DIRECTION('center_axis',(0.,1.,0.));
#4971=DIRECTION('ref_axis',(1.,0.,-9.36069504451027E-14));
#4972=DIRECTION('center_axis',(0.,1.,0.));
#4973=DIRECTION('ref_axis',(1.,0.,-9.36069504451027E-14));
#4974=DIRECTION('center_axis',(0.,1.,0.));
#4975=DIRECTION('ref_axis',(1.,0.,-9.36069504451027E-14));
#4976=DIRECTION('center_axis',(0.,1.,0.));
#4977=DIRECTION('ref_axis',(1.,0.,-9.36069504451027E-14));
#4978=DIRECTION('center_axis',(0.,1.,0.));
#4979=DIRECTION('ref_axis',(1.,0.,-9.36069504451027E-14));
#4980=DIRECTION('center_axis',(0.,1.,0.));
#4981=DIRECTION('ref_axis',(1.,0.,-9.36069504451027E-14));
#4982=DIRECTION('center_axis',(0.,1.,0.));
#4983=DIRECTION('ref_axis',(1.,0.,-9.36069504451027E-14));
#4984=DIRECTION('center_axis',(0.,1.,0.));
#4985=DIRECTION('ref_axis',(1.,0.,-9.36069504451027E-14));
#4986=DIRECTION('center_axis',(0.,1.,0.));
#4987=DIRECTION('ref_axis',(1.,0.,-9.36069504451027E-14));
#4988=DIRECTION('center_axis',(0.,1.,0.));
#4989=DIRECTION('ref_axis',(1.,0.,-9.36069504451027E-14));
#4990=DIRECTION('center_axis',(0.,1.,0.));
#4991=DIRECTION('ref_axis',(1.,0.,-9.36069504451027E-14));
#4992=DIRECTION('center_axis',(0.,1.,0.));
#4993=DIRECTION('ref_axis',(1.,0.,-9.36069504451027E-14));
#4994=DIRECTION('center_axis',(0.,1.,0.));
#4995=DIRECTION('ref_axis',(1.,0.,-9.36069504451027E-14));
#4996=DIRECTION('center_axis',(0.,1.,0.));
#4997=DIRECTION('ref_axis',(1.,0.,-9.36069504451027E-14));
#4998=DIRECTION('center_axis',(0.,-1.,0.));
#4999=DIRECTION('ref_axis',(1.,0.,-9.36069504451027E-14));
#5000=DIRECTION('center_axis',(0.,1.,0.));
#5001=DIRECTION('ref_axis',(1.,0.,-9.36069504451027E-14));
#5002=DIRECTION('center_axis',(0.,1.,0.));
#5003=DIRECTION('ref_axis',(1.,0.,-9.36069504451027E-14));
#5004=DIRECTION('center_axis',(0.,1.,0.));
#5005=DIRECTION('ref_axis',(1.,0.,-9.36069504451027E-14));
#5006=DIRECTION('center_axis',(0.,1.,0.));
#5007=DIRECTION('ref_axis',(1.,0.,-9.36069504451027E-14));
#5008=DIRECTION('center_axis',(0.,1.,0.));
#5009=DIRECTION('ref_axis',(1.,0.,-9.36069504451027E-14));
#5010=DIRECTION('center_axis',(0.,1.,0.));
#5011=DIRECTION('ref_axis',(1.,0.,-9.36069504451027E-14));
#5012=DIRECTION('center_axis',(0.,1.,0.));
#5013=DIRECTION('ref_axis',(1.,0.,-9.36069504451027E-14));
#5014=DIRECTION('center_axis',(0.,1.,0.));
#5015=DIRECTION('ref_axis',(1.,0.,-9.36069504451027E-14));
#5016=DIRECTION('center_axis',(0.,1.,0.));
#5017=DIRECTION('ref_axis',(1.,0.,-9.36069504451027E-14));
#5018=DIRECTION('center_axis',(0.,1.,0.));
#5019=DIRECTION('ref_axis',(1.,0.,-9.36069504451027E-14));
#5020=DIRECTION('center_axis',(0.,1.,0.));
#5021=DIRECTION('ref_axis',(1.,0.,-9.36069504451027E-14));
#5022=DIRECTION('center_axis',(0.,1.,0.));
#5023=DIRECTION('ref_axis',(1.,0.,-9.36069504451027E-14));
#5024=DIRECTION('center_axis',(0.,1.,0.));
#5025=DIRECTION('ref_axis',(1.,0.,-9.36069504451027E-14));
#5026=DIRECTION('center_axis',(0.,1.,0.));
#5027=DIRECTION('ref_axis',(1.,0.,-9.36069504451027E-14));
#5028=DIRECTION('center_axis',(0.,1.,0.));
#5029=DIRECTION('ref_axis',(1.,0.,-9.36069504451027E-14));
#5030=DIRECTION('center_axis',(0.,1.,0.));
#5031=DIRECTION('ref_axis',(1.,0.,0.));
#5032=DIRECTION('center_axis',(0.,1.,0.));
#5033=DIRECTION('ref_axis',(1.,0.,0.));
#5034=DIRECTION('center_axis',(0.,1.,0.));
#5035=DIRECTION('ref_axis',(1.,0.,0.));
#5036=DIRECTION('center_axis',(0.,1.,0.));
#5037=DIRECTION('ref_axis',(1.,0.,0.));
#5038=DIRECTION('center_axis',(0.,1.,0.));
#5039=DIRECTION('ref_axis',(1.,0.,0.));
#5040=DIRECTION('center_axis',(0.,1.,0.));
#5041=DIRECTION('ref_axis',(1.,0.,0.));
#5042=DIRECTION('center_axis',(0.,1.,0.));
#5043=DIRECTION('ref_axis',(1.,0.,0.));
#5044=DIRECTION('center_axis',(0.,1.,0.));
#5045=DIRECTION('ref_axis',(1.,0.,0.));
#5046=DIRECTION('center_axis',(0.,1.,0.));
#5047=DIRECTION('ref_axis',(1.,0.,0.));
#5048=DIRECTION('center_axis',(0.,1.,0.));
#5049=DIRECTION('ref_axis',(1.,0.,0.));
#5050=DIRECTION('center_axis',(0.,1.,0.));
#5051=DIRECTION('ref_axis',(1.,0.,0.));
#5052=DIRECTION('center_axis',(0.,1.,0.));
#5053=DIRECTION('ref_axis',(1.,0.,0.));
#5054=DIRECTION('center_axis',(0.,1.,0.));
#5055=DIRECTION('ref_axis',(1.,0.,0.));
#5056=DIRECTION('center_axis',(0.,1.,0.));
#5057=DIRECTION('ref_axis',(1.,0.,0.));
#5058=DIRECTION('center_axis',(0.,1.,0.));
#5059=DIRECTION('ref_axis',(1.,0.,0.));
#5060=DIRECTION('center_axis',(0.,1.,0.));
#5061=DIRECTION('ref_axis',(1.,0.,0.));
#5062=DIRECTION('center_axis',(0.,1.,0.));
#5063=DIRECTION('ref_axis',(1.,0.,0.));
#5064=DIRECTION('center_axis',(0.,1.,0.));
#5065=DIRECTION('ref_axis',(1.,0.,0.));
#5066=DIRECTION('center_axis',(0.,1.,0.));
#5067=DIRECTION('ref_axis',(1.,0.,0.));
#5068=DIRECTION('center_axis',(0.,1.,0.));
#5069=DIRECTION('ref_axis',(1.,0.,0.));
#5070=DIRECTION('center_axis',(0.,1.,0.));
#5071=DIRECTION('ref_axis',(1.,0.,0.));
#5072=DIRECTION('center_axis',(0.,1.,0.));
#5073=DIRECTION('ref_axis',(1.,0.,0.));
#5074=DIRECTION('center_axis',(0.,1.,0.));
#5075=DIRECTION('ref_axis',(1.,0.,0.));
#5076=DIRECTION('center_axis',(0.,1.,0.));
#5077=DIRECTION('ref_axis',(1.,0.,0.));
#5078=DIRECTION('center_axis',(0.,1.,0.));
#5079=DIRECTION('ref_axis',(1.,0.,0.));
#5080=DIRECTION('center_axis',(0.,1.,0.));
#5081=DIRECTION('ref_axis',(1.,0.,0.));
#5082=DIRECTION('center_axis',(0.,1.,0.));
#5083=DIRECTION('ref_axis',(1.,0.,0.));
#5084=DIRECTION('center_axis',(0.,1.,0.));
#5085=DIRECTION('ref_axis',(1.,0.,0.));
#5086=DIRECTION('center_axis',(0.,1.,0.));
#5087=DIRECTION('ref_axis',(1.,0.,0.));
#5088=DIRECTION('center_axis',(0.,1.,0.));
#5089=DIRECTION('ref_axis',(1.,0.,0.));
#5090=DIRECTION('center_axis',(0.,1.,0.));
#5091=DIRECTION('ref_axis',(1.,0.,0.));
#5092=DIRECTION('center_axis',(0.,1.,0.));
#5093=DIRECTION('ref_axis',(1.,0.,0.));
#5094=DIRECTION('center_axis',(0.,1.,0.));
#5095=DIRECTION('ref_axis',(1.,0.,0.));
#5096=DIRECTION('center_axis',(0.,1.,0.));
#5097=DIRECTION('ref_axis',(1.,0.,0.));
#5098=DIRECTION('center_axis',(0.,1.,0.));
#5099=DIRECTION('ref_axis',(1.,0.,0.));
#5100=DIRECTION('center_axis',(0.,-1.,0.));
#5101=DIRECTION('ref_axis',(1.,0.,0.));
#5102=DIRECTION('center_axis',(0.,-1.,0.));
#5103=DIRECTION('ref_axis',(1.,0.,0.));
#5104=DIRECTION('center_axis',(0.,1.,0.));
#5105=DIRECTION('ref_axis',(1.,0.,0.));
#5106=DIRECTION('center_axis',(0.,1.,0.));
#5107=DIRECTION('ref_axis',(1.,0.,0.));
#5108=DIRECTION('center_axis',(0.,-1.,0.));
#5109=DIRECTION('ref_axis',(1.,0.,0.));
#5110=DIRECTION('center_axis',(0.,1.,0.));
#5111=DIRECTION('ref_axis',(1.,0.,0.));
#5112=DIRECTION('',(0.,-1.,0.));
#5113=DIRECTION('center_axis',(0.,1.,0.));
#5114=DIRECTION('ref_axis',(1.,0.,0.));
#5115=DIRECTION('center_axis',(6.12323399573677E-17,0.,1.));
#5116=DIRECTION('ref_axis',(1.,0.,0.));
#5117=DIRECTION('center_axis',(0.,1.,0.));
#5118=DIRECTION('ref_axis',(1.,0.,-9.36069504451027E-14));
#5119=DIRECTION('center_axis',(0.,1.,0.));
#5120=DIRECTION('ref_axis',(0.,0.,1.));
#5121=DIRECTION('center_axis',(0.,1.,0.));
#5122=DIRECTION('ref_axis',(1.,0.,0.));
#5123=DIRECTION('',(0.,-1.,0.));
#5124=DIRECTION('center_axis',(0.,0.,1.));
#5125=DIRECTION('ref_axis',(1.,0.,0.));
#5126=DIRECTION('',(-1.,0.,0.));
#5127=DIRECTION('',(0.,1.,0.));
#5128=DIRECTION('',(1.,0.,0.));
#5129=DIRECTION('',(0.,1.,0.));
#5130=DIRECTION('center_axis',(0.,1.,0.));
#5131=DIRECTION('ref_axis',(-1.,0.,-2.7755575615629E-16));
#5132=DIRECTION('center_axis',(0.,1.,0.));
#5133=DIRECTION('ref_axis',(-1.,0.,-2.7755575615629E-16));
#5134=DIRECTION('center_axis',(0.,1.,0.));
#5135=DIRECTION('ref_axis',(-1.,0.,-2.7755575615629E-16));
#5136=DIRECTION('',(0.,1.,0.));
#5137=DIRECTION('center_axis',(-1.,0.,0.));
#5138=DIRECTION('ref_axis',(0.,0.,1.));
#5139=DIRECTION('',(0.,0.,-1.));
#5140=DIRECTION('',(0.,0.,1.));
#5141=DIRECTION('',(0.,1.,0.));
#5142=DIRECTION('center_axis',(0.,1.,0.));
#5143=DIRECTION('ref_axis',(8.32667268468869E-16,0.,-1.));
#5144=DIRECTION('center_axis',(0.,1.,0.));
#5145=DIRECTION('ref_axis',(8.32667268468869E-16,0.,-1.));
#5146=DIRECTION('center_axis',(0.,1.,0.));
#5147=DIRECTION('ref_axis',(8.32667268468869E-16,0.,-1.));
#5148=DIRECTION('',(0.,1.,0.));
#5149=DIRECTION('center_axis',(0.,0.,-1.));
#5150=DIRECTION('ref_axis',(-1.,0.,0.));
#5151=DIRECTION('',(1.,0.,0.));
#5152=DIRECTION('',(-1.,0.,0.));
#5153=DIRECTION('',(0.,1.,0.));
#5154=DIRECTION('center_axis',(0.,1.,0.));
#5155=DIRECTION('ref_axis',(1.,0.,2.7755575615629E-16));
#5156=DIRECTION('center_axis',(0.,1.,0.));
#5157=DIRECTION('ref_axis',(1.,0.,2.7755575615629E-16));
#5158=DIRECTION('center_axis',(0.,1.,0.));
#5159=DIRECTION('ref_axis',(1.,0.,2.7755575615629E-16));
#5160=DIRECTION('',(0.,1.,0.));
#5161=DIRECTION('center_axis',(1.,0.,0.));
#5162=DIRECTION('ref_axis',(0.,0.,-1.));
#5163=DIRECTION('',(0.,0.,1.));
#5164=DIRECTION('',(0.,0.,-1.));
#5165=DIRECTION('',(0.,1.,0.));
#5166=DIRECTION('center_axis',(0.,1.,0.));
#5167=DIRECTION('ref_axis',(-6.93889390390724E-16,0.,1.));
#5168=DIRECTION('center_axis',(0.,1.,0.));
#5169=DIRECTION('ref_axis',(-6.93889390390724E-16,0.,1.));
#5170=DIRECTION('center_axis',(0.,1.,0.));
#5171=DIRECTION('ref_axis',(-6.93889390390724E-16,0.,1.));
#5172=DIRECTION('center_axis',(0.,1.,0.));
#5173=DIRECTION('ref_axis',(1.,0.,0.));
#5174=DIRECTION('center_axis',(0.,1.,0.));
#5175=DIRECTION('ref_axis',(1.,0.,0.));
#5176=DIRECTION('center_axis',(-2.22044604925033E-16,0.,1.));
#5177=DIRECTION('ref_axis',(1.,0.,0.));
#5178=DIRECTION('center_axis',(2.22044604925033E-16,0.,-1.));
#5179=DIRECTION('ref_axis',(-1.,0.,-2.22044604925033E-16));
#5180=DIRECTION('center_axis',(0.,-1.,0.));
#5181=DIRECTION('ref_axis',(-1.,0.,0.));
#5182=DIRECTION('center_axis',(-2.22044604925033E-16,0.,1.));
#5183=DIRECTION('ref_axis',(-1.,0.,-2.19731640290398E-16));
#5184=DIRECTION('center_axis',(-2.22044604925033E-16,0.,1.));
#5185=DIRECTION('ref_axis',(-1.,0.,-2.19731640290398E-16));
#5186=DIRECTION('center_axis',(2.22044604925033E-16,0.,-1.));
#5187=DIRECTION('ref_axis',(-1.,0.,-2.22044604925033E-16));
#5188=DIRECTION('center_axis',(-2.22044604925033E-16,0.,1.));
#5189=DIRECTION('ref_axis',(2.09610107049231E-16,1.,4.65427934080403E-32));
#5190=DIRECTION('',(-2.3269579667907E-47,1.,-5.16688462413198E-63));
#5191=DIRECTION('',(1.,0.,2.22044604925033E-16));
#5192=DIRECTION('',(2.3269579667907E-47,-1.,5.16688462413198E-63));
#5193=DIRECTION('center_axis',(3.96508223080413E-16,0.,-1.));
#5194=DIRECTION('ref_axis',(-1.,0.,-3.96508223080413E-16));
#5195=DIRECTION('center_axis',(2.22044604925033E-16,0.,-1.));
#5196=DIRECTION('ref_axis',(-1.,0.,-2.19731640290398E-16));
#5197=DIRECTION('',(3.96508223080413E-16,0.,-1.));
#5198=DIRECTION('center_axis',(2.22044604925033E-16,0.,-1.));
#5199=DIRECTION('ref_axis',(-5.32907051820078E-16,1.,0.));
#5200=DIRECTION('center_axis',(2.22044604925033E-16,0.,-1.));
#5201=DIRECTION('ref_axis',(2.09610107049231E-16,1.,0.));
#5202=DIRECTION('center_axis',(2.3269579667907E-47,-1.,5.16688462413198E-63));
#5203=DIRECTION('ref_axis',(0.707106781186548,0.,-0.707106781186548));
#5204=DIRECTION('',(2.3269579667907E-47,-1.,5.16688462413198E-63));
#5205=DIRECTION('center_axis',(0.707106781186529,0.707106781186566,0.));
#5206=DIRECTION('ref_axis',(-0.707106781186566,0.707106781186529,-7.30707831066465E-63));
#5207=DIRECTION('center_axis',(1.,0.,2.22044604925033E-16));
#5208=DIRECTION('ref_axis',(0.,-0.707106781186531,-0.707106781186564));
#5209=DIRECTION('',(-1.,0.,-2.22044604925033E-16));
#5210=DIRECTION('center_axis',(0.70710678118653,-0.707106781186565,-1.40186826668191E-15));
#5211=DIRECTION('ref_axis',(-0.707106781186565,-0.70710678118653,-1.71588675841858E-15));
#5212=DIRECTION('center_axis',(-2.3269579667907E-47,1.,-5.16688462413198E-63));
#5213=DIRECTION('ref_axis',(-0.707106781186548,0.,-0.707106781186548));
#5214=DIRECTION('',(-2.3269579667907E-47,1.,-5.16688462413198E-63));
#5215=DIRECTION('center_axis',(-1.,-2.3269579667907E-47,-3.96508223080413E-16));
#5216=DIRECTION('ref_axis',(2.96158286682455E-47,1.,-1.33377834954578E-31));
#5217=DIRECTION('',(3.96508223080413E-16,0.,-1.));
#5218=DIRECTION('',(-2.3269579667907E-47,1.,-5.16688462413198E-63));
#5219=DIRECTION('',(-3.96508223080413E-16,0.,1.));
#5220=DIRECTION('center_axis',(3.96508223080413E-16,0.,-1.));
#5221=DIRECTION('ref_axis',(1.60812264967664E-16,1.,9.86076131526272E-32));
#5222=DIRECTION('',(3.96508223080413E-16,0.,-1.));
#5223=DIRECTION('center_axis',(-2.22044604925033E-16,0.,1.));
#5224=DIRECTION('ref_axis',(2.34479102800835E-16,1.,0.));
#5225=DIRECTION('center_axis',(2.3269579667907E-47,-1.,5.16688462413198E-63));
#5226=DIRECTION('ref_axis',(-0.707106781186548,0.,0.707106781186548));
#5227=DIRECTION('',(-2.3269579667907E-47,1.,-5.16688462413198E-63));
#5228=DIRECTION('',(2.3269579667907E-47,-1.,5.16688462413198E-63));
#5229=DIRECTION('center_axis',(0.707106781186531,-0.707106781186564,0.));
#5230=DIRECTION('ref_axis',(0.707106781186564,0.707106781186531,3.1401849173675E-16));
#5231=DIRECTION('center_axis',(-2.22044604925033E-16,0.,1.));
#5232=DIRECTION('ref_axis',(-1.77635683940026E-16,1.,0.));
#5233=DIRECTION('center_axis',(2.22044604925033E-16,0.,-1.));
#5234=DIRECTION('ref_axis',(2.34479102800835E-16,1.,5.20648197445876E-32));
#5235=DIRECTION('center_axis',(-1.,0.,-2.22044604925033E-16));
#5236=DIRECTION('ref_axis',(0.,-0.707106781186531,0.707106781186564));
#5237=DIRECTION('',(1.,0.,2.22044604925033E-16));
#5238=DIRECTION('center_axis',(-0.707106781186528,-0.707106781186567,2.8037365333638E-15));
#5239=DIRECTION('ref_axis',(0.707106781186567,-0.707106781186528,3.1177550251004E-15));
#5240=DIRECTION('',(-1.,0.,-2.22044604925033E-16));
#5241=DIRECTION('center_axis',(-2.3269579667907E-47,1.,-5.16688462413198E-63));
#5242=DIRECTION('ref_axis',(0.707106781186542,0.,0.707106781186553));
#5243=DIRECTION('',(2.3269579667907E-47,-1.,5.16688462413198E-63));
#5244=DIRECTION('center_axis',(0.,1.,0.));
#5245=DIRECTION('ref_axis',(1.,0.,0.));
#5246=DIRECTION('',(3.96508223080413E-16,0.,-1.));
#5247=DIRECTION('center_axis',(1.,2.3269579667907E-47,3.96508223080413E-16));
#5248=DIRECTION('ref_axis',(-2.96158286682455E-47,-1.,1.33377834954578E-31));
#5249=DIRECTION('center_axis',(-2.22044604925033E-16,0.,1.));
#5250=DIRECTION('ref_axis',(1.,0.,2.22044604925033E-16));
#5251=DIRECTION('center_axis',(-2.22044604925033E-16,0.,1.));
#5252=DIRECTION('ref_axis',(-1.,0.,-2.22044604925033E-16));
#5253=DIRECTION('center_axis',(2.22044604925033E-16,0.,-1.));
#5254=DIRECTION('ref_axis',(-1.,0.,0.));
#5255=DIRECTION('center_axis',(0.,-1.,0.));
#5256=DIRECTION('ref_axis',(1.,0.,0.));
#5257=DIRECTION('center_axis',(-1.,0.,-5.16382802151237E-16));
#5258=DIRECTION('ref_axis',(-4.98976640280969E-16,0.,1.));
#5259=DIRECTION('center_axis',(1.,0.,5.16382802151237E-16));
#5260=DIRECTION('ref_axis',(2.48874451800393E-32,1.,-4.81957282007822E-17));
#5261=DIRECTION('center_axis',(0.,-1.,0.));
#5262=DIRECTION('ref_axis',(6.23720800351212E-16,0.,-1.));
#5263=DIRECTION('center_axis',(-1.,0.,-5.16382802151237E-16));
#5264=DIRECTION('ref_axis',(0.,1.,-4.81957282007822E-17));
#5265=DIRECTION('center_axis',(-1.,0.,-5.16382802151237E-16));
#5266=DIRECTION('ref_axis',(0.,1.,-4.81957282007822E-17));
#5267=DIRECTION('center_axis',(-1.,0.,0.));
#5268=DIRECTION('ref_axis',(0.,1.,0.));
#5269=DIRECTION('',(-1.,0.,0.));
#5270=DIRECTION('center_axis',(1.,0.,6.45478502689046E-16));
#5271=DIRECTION('ref_axis',(0.,1.,6.02446602509777E-17));
#5272=DIRECTION('center_axis',(1.,0.,6.45478502689046E-16));
#5273=DIRECTION('ref_axis',(0.,1.,6.02446602509777E-17));
#5274=DIRECTION('center_axis',(1.,0.,5.16382802151237E-16));
#5275=DIRECTION('ref_axis',(5.16382802151237E-16,0.,-1.));
#5276=DIRECTION('',(0.,-1.,0.));
#5277=DIRECTION('center_axis',(-1.,0.,-5.16382802151237E-16));
#5278=DIRECTION('ref_axis',(3.65137781089251E-16,0.707106781186548,-0.707106781186547));
#5279=DIRECTION('',(5.16382802151237E-16,0.,-1.));
#5280=DIRECTION('center_axis',(-1.,0.,-5.16382802151237E-16));
#5281=DIRECTION('ref_axis',(-3.65137781089251E-16,0.707106781186548,0.707106781186547));
#5282=DIRECTION('',(0.,1.,0.));
#5283=DIRECTION('',(-5.16382802151237E-16,0.,1.));
#5284=DIRECTION('center_axis',(1.,0.,6.45478502689046E-16));
#5285=DIRECTION('ref_axis',(4.9897664028097E-16,0.,-1.));
#5286=DIRECTION('center_axis',(-1.,0.,-6.45478502689046E-16));
#5287=DIRECTION('ref_axis',(-3.88866330938114E-32,1.,6.02446602509777E-17));
#5288=DIRECTION('center_axis',(0.,-1.,0.));
#5289=DIRECTION('ref_axis',(-6.23720800351212E-16,0.,1.));
#5290=DIRECTION('center_axis',(-1.,0.,-6.45478502689046E-16));
#5291=DIRECTION('ref_axis',(-6.45478502689046E-16,0.,1.));
#5292=DIRECTION('',(0.,-1.,0.));
#5293=DIRECTION('center_axis',(1.,0.,6.45478502689046E-16));
#5294=DIRECTION('ref_axis',(-4.56422226361563E-16,0.707106781186548,0.707106781186547));
#5295=DIRECTION('',(-6.45478502689046E-16,0.,1.));
#5296=DIRECTION('center_axis',(1.,0.,6.45478502689046E-16));
#5297=DIRECTION('ref_axis',(4.56422226361563E-16,0.707106781186548,-0.707106781186547));
#5298=DIRECTION('',(0.,1.,0.));
#5299=DIRECTION('',(6.45478502689046E-16,0.,-1.));
#5300=DIRECTION('center_axis',(0.,1.,0.));
#5301=DIRECTION('ref_axis',(-2.22044604925031E-16,0.,1.));
#5302=DIRECTION('center_axis',(0.,1.,0.));
#5303=DIRECTION('ref_axis',(-2.22044604925031E-16,0.,1.));
#5304=DIRECTION('',(0.,-1.,0.));
#5305=DIRECTION('center_axis',(0.,-1.,0.));
#5306=DIRECTION('ref_axis',(-2.22044604925031E-16,0.,1.));
#5307=DIRECTION('center_axis',(1.,0.,6.93889380050967E-16));
#5308=DIRECTION('ref_axis',(0.,-0.707106781186553,0.707106781186542));
#5309=DIRECTION('center_axis',(1.,0.,7.87603495706622E-16));
#5310=DIRECTION('ref_axis',(-7.87603495706622E-16,0.,1.));
#5311=DIRECTION('',(1.,0.,6.93889380050967E-16));
#5312=DIRECTION('center_axis',(-1.,0.,0.));
#5313=DIRECTION('ref_axis',(0.,-1.,9.91270557701047E-16));
#5314=DIRECTION('',(-1.,0.,-6.93889380050967E-16));
#5315=DIRECTION('center_axis',(6.93889380050967E-16,0.,-1.));
#5316=DIRECTION('ref_axis',(-1.,0.,-6.66133814775094E-16));
#5317=DIRECTION('center_axis',(0.,-1.,0.));
#5318=DIRECTION('ref_axis',(1.,0.,0.));
#5319=DIRECTION('center_axis',(6.93889380050967E-16,0.,-1.));
#5320=DIRECTION('ref_axis',(0.707106781186548,-0.707106781186547,4.90653886027368E-16));
#5321=DIRECTION('center_axis',(-6.93889380050967E-16,0.,1.));
#5322=DIRECTION('ref_axis',(0.707106781186548,-0.707106781186547,4.85722573273506E-16));
#5323=DIRECTION('center_axis',(0.,1.,0.));
#5324=DIRECTION('ref_axis',(0.707106781186548,0.,0.707106781186547));
#5325=DIRECTION('center_axis',(0.,-1.,0.));
#5326=DIRECTION('ref_axis',(1.,0.,9.91270557701032E-16));
#5327=DIRECTION('',(0.,-1.,0.));
#5328=DIRECTION('center_axis',(-1.,0.,-5.16382802151237E-16));
#5329=DIRECTION('ref_axis',(-4.44089209850063E-16,0.,1.));
#5330=DIRECTION('center_axis',(-9.91270557701032E-16,0.,1.));
#5331=DIRECTION('ref_axis',(1.,0.,9.91270557701032E-16));
#5332=DIRECTION('center_axis',(1.,0.,5.16382802151237E-16));
#5333=DIRECTION('ref_axis',(-3.64291929955129E-16,0.707106781186548,0.707106781186547));
#5334=DIRECTION('center_axis',(5.16382802151237E-16,0.,-1.));
#5335=DIRECTION('ref_axis',(0.707106781186564,0.707106781186531,0.));
#5336=DIRECTION('center_axis',(0.,0.,1.));
#5337=DIRECTION('ref_axis',(1.,0.,0.));
#5338=DIRECTION('',(-5.16382802151237E-16,0.,1.));
#5339=DIRECTION('center_axis',(-1.,0.,-5.16382802151237E-16));
#5340=DIRECTION('ref_axis',(-4.44089209850063E-16,0.,1.));
#5341=DIRECTION('center_axis',(0.,1.,0.));
#5342=DIRECTION('ref_axis',(1.,0.,0.));
#5343=DIRECTION('center_axis',(1.,0.,5.16382802151237E-16));
#5344=DIRECTION('ref_axis',(3.64291929955129E-16,0.707106781186548,-0.707106781186547));
#5345=DIRECTION('center_axis',(0.,1.,0.));
#5346=DIRECTION('ref_axis',(0.707106781186553,0.,-0.707106781186542));
#5347=DIRECTION('center_axis',(0.,1.,0.));
#5348=DIRECTION('ref_axis',(1.,0.,0.));
#5349=DIRECTION('',(0.,1.,0.));
#5350=DIRECTION('center_axis',(-5.55111504040774E-16,0.,1.));
#5351=DIRECTION('ref_axis',(1.,0.,8.88178419700125E-16));
#5352=DIRECTION('center_axis',(1.,0.,0.));
#5353=DIRECTION('ref_axis',(0.,-1.,0.));
#5354=DIRECTION('center_axis',(-5.55111504040774E-16,0.,1.));
#5355=DIRECTION('ref_axis',(0.707106781186548,-0.707106781186547,3.92523108821895E-16));
#5356=DIRECTION('center_axis',(5.55111504040774E-16,0.,-1.));
#5357=DIRECTION('ref_axis',(0.707106781186548,-0.707106781186547,3.98986399474666E-16));
#5358=DIRECTION('center_axis',(-1.,0.,-5.55111504040774E-16));
#5359=DIRECTION('ref_axis',(0.,-0.707106781186553,-0.707106781186542));
#5360=DIRECTION('center_axis',(1.,0.,0.));
#5361=DIRECTION('ref_axis',(0.,-1.,0.));
#5362=DIRECTION('',(1.,0.,5.55111504040774E-16));
#5363=DIRECTION('',(-1.,0.,-5.55111504040774E-16));
#5364=DIRECTION('center_axis',(0.,1.,0.));
#5365=DIRECTION('ref_axis',(0.,0.,1.));
#5366=DIRECTION('center_axis',(0.,-1.,0.));
#5367=DIRECTION('ref_axis',(-1.,0.,-7.74574203226855E-16));
#5368=DIRECTION('center_axis',(0.,1.,0.));
#5369=DIRECTION('ref_axis',(-1.,0.,-7.74574203226855E-16));
#5370=DIRECTION('center_axis',(5.55111504040774E-16,0.,-1.));
#5371=DIRECTION('ref_axis',(-1.,0.,-5.55111504040774E-16));
#5372=DIRECTION('',(0.,1.,0.));
#5373=DIRECTION('',(-1.,0.,-5.55111504040774E-16));
#5374=DIRECTION('center_axis',(5.55111504040774E-16,0.,-1.));
#5375=DIRECTION('ref_axis',(0.707106781186546,-0.707106781186549,3.92523108821894E-16));
#5376=DIRECTION('',(0.,-1.,0.));
#5377=DIRECTION('',(-1.,0.,-5.55111504040774E-16));
#5378=DIRECTION('center_axis',(0.,1.,0.));
#5379=DIRECTION('ref_axis',(7.74574203226855E-16,0.,-1.));
#5380=DIRECTION('',(0.,1.,0.));
#5381=DIRECTION('center_axis',(0.,1.,0.));
#5382=DIRECTION('ref_axis',(-1.,0.,-7.74574203226855E-16));
#5383=DIRECTION('center_axis',(0.,1.,0.));
#5384=DIRECTION('ref_axis',(0.,0.,1.));
#5385=DIRECTION('center_axis',(0.,1.,0.));
#5386=DIRECTION('ref_axis',(-2.22044604925031E-16,0.,1.));
#5387=DIRECTION('center_axis',(-1.,0.,1.22464679914735E-16));
#5388=DIRECTION('ref_axis',(-1.22464679914735E-16,0.,-1.));
#5389=DIRECTION('center_axis',(0.,-1.,0.));
#5390=DIRECTION('ref_axis',(-2.22044604925031E-16,0.,1.));
#5391=DIRECTION('center_axis',(0.,-1.,0.));
#5392=DIRECTION('ref_axis',(-2.22044604925031E-16,0.,1.));
#5393=DIRECTION('center_axis',(0.,-1.,0.));
#5394=DIRECTION('ref_axis',(-2.22044604925031E-16,0.,1.));
#5395=DIRECTION('',(0.,1.,0.));
#5396=DIRECTION('center_axis',(0.,-1.,0.));
#5397=DIRECTION('ref_axis',(-2.22044604925031E-16,0.,1.));
#5398=DIRECTION('center_axis',(0.,1.,0.));
#5399=DIRECTION('ref_axis',(1.,0.,0.));
#5400=DIRECTION('',(5.16382802151237E-16,0.,-1.));
#5401=DIRECTION('center_axis',(-1.,0.,-5.55111504040774E-16));
#5402=DIRECTION('ref_axis',(0.,0.707106781186531,-0.707106781186564));
#5403=DIRECTION('center_axis',(-1.,0.,0.));
#5404=DIRECTION('ref_axis',(0.,1.,0.));
#5405=DIRECTION('center_axis',(1.,0.,0.));
#5406=DIRECTION('ref_axis',(0.,0.,-1.));
#5407=DIRECTION('',(1.,0.,5.55111504040774E-16));
#5408=DIRECTION('center_axis',(0.,1.,0.));
#5409=DIRECTION('ref_axis',(0.,0.,1.));
#5410=DIRECTION('center_axis',(-1.,0.,-2.71651412758908E-15));
#5411=DIRECTION('ref_axis',(-2.71651412758908E-15,0.,1.));
#5412=DIRECTION('center_axis',(0.,-1.,0.));
#5413=DIRECTION('ref_axis',(-1.,0.,-7.74574203226855E-16));
#5414=DIRECTION('center_axis',(1.,0.,6.93889380050967E-16));
#5415=DIRECTION('ref_axis',(0.,0.707106781186531,0.707106781186564));
#5416=DIRECTION('center_axis',(-1.,0.,0.));
#5417=DIRECTION('ref_axis',(0.,0.,1.));
#5418=DIRECTION('',(-1.,0.,-6.93889380050967E-16));
#5419=DIRECTION('',(1.,0.,6.93889380050967E-16));
#5420=DIRECTION('center_axis',(-6.93889380050967E-16,0.,1.));
#5421=DIRECTION('ref_axis',(1.,0.,6.53072367426563E-16));
#5422=DIRECTION('center_axis',(0.,-1.,0.));
#5423=DIRECTION('ref_axis',(0.,0.,1.));
#5424=DIRECTION('center_axis',(6.93889380050967E-16,0.,-1.));
#5425=DIRECTION('ref_axis',(0.707106781186546,-0.707106781186549,4.77048955893621E-16));
#5426=DIRECTION('center_axis',(-6.93889380050967E-16,0.,1.));
#5427=DIRECTION('ref_axis',(0.707106781186546,-0.707106781186549,4.90653886027367E-16));
#5428=DIRECTION('center_axis',(0.,1.,0.));
#5429=DIRECTION('ref_axis',(-0.707106781186553,0.,0.707106781186542));
#5430=DIRECTION('center_axis',(0.,-1.,0.));
#5431=DIRECTION('ref_axis',(0.,0.,1.));
#5432=DIRECTION('',(0.,1.,0.));
#5433=DIRECTION('center_axis',(1.,0.,6.45478502689046E-16));
#5434=DIRECTION('ref_axis',(4.44089209850063E-16,0.,-1.));
#5435=DIRECTION('center_axis',(-9.91270557701032E-16,0.,1.));
#5436=DIRECTION('ref_axis',(0.,1.,0.));
#5437=DIRECTION('center_axis',(-1.,0.,-6.45478502689046E-16));
#5438=DIRECTION('ref_axis',(-4.59701721133854E-16,0.707106781186548,0.707106781186547));
#5439=DIRECTION('center_axis',(-6.45478502689046E-16,0.,1.));
#5440=DIRECTION('ref_axis',(-0.707106781186564,0.707106781186531,0.));
#5441=DIRECTION('center_axis',(0.,0.,1.));
#5442=DIRECTION('ref_axis',(0.,1.,0.));
#5443=DIRECTION('',(6.45478502689046E-16,0.,-1.));
#5444=DIRECTION('center_axis',(1.,0.,6.45478502689046E-16));
#5445=DIRECTION('ref_axis',(4.44089209850063E-16,0.,-1.));
#5446=DIRECTION('center_axis',(0.,1.,0.));
#5447=DIRECTION('ref_axis',(-7.93016446160819E-15,0.,-1.));
#5448=DIRECTION('center_axis',(-1.,0.,-6.45478502689046E-16));
#5449=DIRECTION('ref_axis',(4.59701721133854E-16,0.707106781186548,-0.707106781186547));
#5450=DIRECTION('center_axis',(0.,1.,0.));
#5451=DIRECTION('ref_axis',(-0.707106781186548,0.,-0.707106781186548));
#5452=DIRECTION('center_axis',(0.,1.,0.));
#5453=DIRECTION('ref_axis',(0.,0.,-1.));
#5454=DIRECTION('center_axis',(5.55111504040774E-16,0.,-1.));
#5455=DIRECTION('ref_axis',(-1.,0.,0.));
#5456=DIRECTION('center_axis',(-5.55111504040774E-16,0.,1.));
#5457=DIRECTION('ref_axis',(0.707106781186546,-0.707106781186549,3.90312782094781E-16));
#5458=DIRECTION('center_axis',(-6.93889380050967E-16,0.,1.));
#5459=DIRECTION('ref_axis',(1.,0.,6.93889380050967E-16));
#5460=DIRECTION('',(1.,0.,6.93889380050967E-16));
#5461=DIRECTION('center_axis',(0.,1.,0.));
#5462=DIRECTION('ref_axis',(1.,0.,0.));
#5463=DIRECTION('',(-6.45478502689046E-16,0.,1.));
#5464=DIRECTION('center_axis',(0.,1.,0.));
#5465=DIRECTION('ref_axis',(0.,0.,1.));
#5466=DIRECTION('center_axis',(0.,-1.,0.));
#5467=DIRECTION('ref_axis',(-2.22044604925031E-16,0.,1.));
#5468=DIRECTION('center_axis',(-1.,0.,1.22464679914735E-16));
#5469=DIRECTION('ref_axis',(-1.22464679914735E-16,0.,-1.));
#5470=DIRECTION('center_axis',(0.,1.,0.));
#5471=DIRECTION('ref_axis',(0.,0.,1.));
#5472=DIRECTION('center_axis',(0.,-1.,0.));
#5473=DIRECTION('ref_axis',(0.,0.,-1.));
#5474=DIRECTION('center_axis',(6.12323399573676E-17,0.,1.));
#5475=DIRECTION('ref_axis',(1.,0.,0.));
#5476=DIRECTION('center_axis',(2.10951096477782E-32,-1.,0.));
#5477=DIRECTION('ref_axis',(3.44509284839767E-16,0.,-1.));
#5478=DIRECTION('center_axis',(-1.,0.,-4.66973964754502E-16));
#5479=DIRECTION('ref_axis',(-4.66973964754502E-16,0.,1.));
#5480=DIRECTION('center_axis',(-1.,0.,-5.55111504040774E-16));
#5481=DIRECTION('ref_axis',(0.,0.707106781186548,-0.707106781186548));
#5482=DIRECTION('',(1.,0.,5.55111504040774E-16));
#5483=DIRECTION('center_axis',(1.,0.,6.93889380050967E-16));
#5484=DIRECTION('ref_axis',(-3.92523114670944E-16,0.707106781186548,0.707106781186547));
#5485=DIRECTION('',(-1.,0.,-6.93889380050967E-16));
#5486=DIRECTION('center_axis',(6.45478502689046E-16,0.,-1.));
#5487=DIRECTION('ref_axis',(0.707106781186555,-0.70710678118654,0.));
#5488=DIRECTION('center_axis',(5.16382802151237E-16,0.,-1.));
#5489=DIRECTION('ref_axis',(0.707106781186545,-0.70710678118655,3.92523114670943E-16));
#5490=DIRECTION('center_axis',(0.,1.,0.));
#5491=DIRECTION('ref_axis',(0.,0.,1.));
#5492=DIRECTION('center_axis',(0.,1.,0.));
#5493=DIRECTION('ref_axis',(0.996194698091746,0.,-0.0871557427476581));
#5494=DIRECTION('',(0.,1.,0.));
#5495=DIRECTION('center_axis',(0.,-1.,0.));
#5496=DIRECTION('ref_axis',(0.996194698091746,0.,-0.0871557427476581));
#5497=DIRECTION('center_axis',(0.,1.,0.));
#5498=DIRECTION('ref_axis',(0.996194698091746,0.,-0.0871557427476581));
#5499=DIRECTION('',(0.,1.,0.));
#5500=DIRECTION('center_axis',(0.,-1.,0.));
#5501=DIRECTION('ref_axis',(0.996194698091746,0.,-0.0871557427476581));
#5502=DIRECTION('center_axis',(0.,1.,0.));
#5503=DIRECTION('ref_axis',(0.996194698091746,0.,-0.0871557427476581));
#5504=DIRECTION('',(0.,1.,0.));
#5505=DIRECTION('center_axis',(0.,1.,0.));
#5506=DIRECTION('ref_axis',(0.895247381880595,0.,-0.445569439297558));
#5507=DIRECTION('',(0.,1.,0.));
#5508=DIRECTION('center_axis',(0.,-1.,0.));
#5509=DIRECTION('ref_axis',(0.996194698091746,0.,-0.0871557427476581));
#5510=DIRECTION('center_axis',(0.,1.,0.));
#5511=DIRECTION('ref_axis',(0.0494703150736859,0.,0.998775594378692));
#5512=DIRECTION('',(1.21998664834562E-16,1.,-1.06735001383235E-17));
#5513=DIRECTION('center_axis',(0.,1.,0.));
#5514=DIRECTION('ref_axis',(0.996194698091745,0.,-0.087155742747662));
#5515=DIRECTION('center_axis',(0.,1.,0.));
#5516=DIRECTION('ref_axis',(0.996194698091745,0.,-0.087155742747662));
#5517=DIRECTION('',(1.21998664834562E-16,1.,-1.06735001383235E-17));
#5518=DIRECTION('center_axis',(0.,1.,0.));
#5519=DIRECTION('ref_axis',(0.996194698091745,0.,-0.087155742747662));
#5520=DIRECTION('',(1.21998664834562E-16,1.,-1.06735001383235E-17));
#5521=DIRECTION('center_axis',(0.,1.,0.));
#5522=DIRECTION('ref_axis',(-0.684097164699761,0.,-0.729390889201221));
#5523=DIRECTION('',(1.21998664834562E-16,1.,-1.06735001383235E-17));
#5524=DIRECTION('center_axis',(0.,-1.,0.));
#5525=DIRECTION('ref_axis',(0.996194698091745,0.,-0.087155742747662));
#5526=DIRECTION('center_axis',(0.,-1.,0.));
#5527=DIRECTION('ref_axis',(0.996194698091745,0.,-0.087155742747662));
#5528=DIRECTION('center_axis',(0.,1.,0.));
#5529=DIRECTION('ref_axis',(0.0871557427476581,0.,0.996194698091746));
#5530=DIRECTION('',(0.,1.,0.));
#5531=DIRECTION('center_axis',(0.,1.,0.));
#5532=DIRECTION('ref_axis',(0.996194698091746,0.,-0.0871557427476581));
#5533=DIRECTION('',(0.,-1.,0.));
#5534=DIRECTION('center_axis',(0.,1.,0.));
#5535=DIRECTION('ref_axis',(0.996194698091746,0.,-0.0871557427476581));
#5536=DIRECTION('center_axis',(0.,1.,0.));
#5537=DIRECTION('ref_axis',(0.0871557427476581,0.,0.996194698091746));
#5538=DIRECTION('',(0.,1.,0.));
#5539=DIRECTION('center_axis',(0.,1.,0.));
#5540=DIRECTION('ref_axis',(0.996194698091746,0.,-0.0871557427476581));
#5541=DIRECTION('',(0.,-1.,0.));
#5542=DIRECTION('center_axis',(0.,1.,0.));
#5543=DIRECTION('ref_axis',(0.996194698091746,0.,-0.0871557427476581));
#5544=DIRECTION('center_axis',(0.,1.,0.));
#5545=DIRECTION('ref_axis',(0.0871557427476581,0.,0.996194698091746));
#5546=DIRECTION('',(0.,-1.,0.));
#5547=DIRECTION('center_axis',(0.,1.,0.));
#5548=DIRECTION('ref_axis',(0.996194698091746,0.,-0.0871557427476581));
#5549=DIRECTION('',(0.,1.,0.));
#5550=DIRECTION('center_axis',(0.,1.,0.));
#5551=DIRECTION('ref_axis',(0.996194698091746,0.,-0.0871557427476581));
#5552=DIRECTION('center_axis',(0.,1.,0.));
#5553=DIRECTION('ref_axis',(-0.0899149398734261,0.,-0.995949448309279));
#5554=DIRECTION('',(0.,1.,0.));
#5555=DIRECTION('center_axis',(0.,1.,0.));
#5556=DIRECTION('ref_axis',(0.996194698091746,0.,-0.0871557427476581));
#5557=DIRECTION('center_axis',(0.,1.,0.));
#5558=DIRECTION('ref_axis',(0.996194698091746,0.,-0.0871557427476581));
#5559=DIRECTION('',(0.,-1.,0.));
#5560=DIRECTION('center_axis',(0.,1.,0.));
#5561=DIRECTION('ref_axis',(0.996194698091746,0.,-0.0871557427476581));
#5562=DIRECTION('center_axis',(0.,1.,0.));
#5563=DIRECTION('ref_axis',(0.996194698091746,0.,-0.0871557427476581));
#5564=DIRECTION('center_axis',(0.,1.,0.));
#5565=DIRECTION('ref_axis',(0.0871557427476581,0.,0.996194698091746));
#5566=DIRECTION('',(0.,-1.,0.));
#5567=DIRECTION('center_axis',(0.,1.,0.));
#5568=DIRECTION('ref_axis',(0.996194698091746,0.,-0.0871557427476581));
#5569=DIRECTION('',(0.,1.,0.));
#5570=DIRECTION('center_axis',(0.,1.,0.));
#5571=DIRECTION('ref_axis',(0.996194698091746,0.,-0.0871557427476581));
#5572=DIRECTION('center_axis',(0.,1.,0.));
#5573=DIRECTION('ref_axis',(0.0871557427476581,0.,0.996194698091746));
#5574=DIRECTION('center_axis',(0.996194698091746,0.,-0.0871557427476582));
#5575=DIRECTION('ref_axis',(-0.0871557427476582,0.,-0.996194698091746));
#5576=DIRECTION('center_axis',(0.,1.,0.));
#5577=DIRECTION('ref_axis',(0.0871557427476581,0.,0.996194698091746));
#5578=DIRECTION('center_axis',(0.,1.,0.));
#5579=DIRECTION('ref_axis',(0.0871557427476581,0.,0.996194698091746));
#5580=DIRECTION('center_axis',(0.,1.,0.));
#5581=DIRECTION('ref_axis',(0.996194698091746,0.,-0.0871557427476581));
#5582=DIRECTION('center_axis',(0.,1.,0.));
#5583=DIRECTION('ref_axis',(0.0871557427476581,0.,0.996194698091746));
#5584=DIRECTION('center_axis',(0.996194698091746,0.,-0.0871557427476582));
#5585=DIRECTION('ref_axis',(-0.0871557427476582,0.,-0.996194698091746));
#5586=DIRECTION('center_axis',(0.,1.,0.));
#5587=DIRECTION('ref_axis',(0.996194698091746,0.,-0.0871557427476581));
#5588=DIRECTION('center_axis',(0.,-1.,0.));
#5589=DIRECTION('ref_axis',(0.0871557427476581,0.,0.996194698091746));
#5590=DIRECTION('center_axis',(0.,1.,0.));
#5591=DIRECTION('ref_axis',(0.0871557427476581,0.,0.996194698091746));
#5592=DIRECTION('',(0.,-1.,0.));
#5593=DIRECTION('',(0.,1.,0.));
#5594=DIRECTION('center_axis',(0.,1.,0.));
#5595=DIRECTION('ref_axis',(0.0871557427476581,0.,0.996194698091746));
#5596=DIRECTION('center_axis',(0.,1.,0.));
#5597=DIRECTION('ref_axis',(0.996194698091746,0.,-0.0871557427476581));
#5598=DIRECTION('center_axis',(0.420106102044502,0.,-0.907474993057646));
#5599=DIRECTION('ref_axis',(-0.907474993057646,0.,-0.420106102044502));
#5600=DIRECTION('center_axis',(0.99594944830928,0.,-0.0899149398734263));
#5601=DIRECTION('ref_axis',(-0.0899149398734263,0.,-0.99594944830928));
#5602=DIRECTION('center_axis',(-0.575843346264777,0.,-0.81756005318422));
#5603=DIRECTION('ref_axis',(-0.81756005318422,0.,0.575843346264777));
#5604=DIRECTION('center_axis',(-0.420106102044502,0.,0.907474993057646));
#5605=DIRECTION('ref_axis',(0.907474993057646,0.,0.420106102044502));
#5606=DIRECTION('center_axis',(0.,1.,0.));
#5607=DIRECTION('ref_axis',(0.996194698091745,0.,-0.087155742747662));
#5608=DIRECTION('center_axis',(0.,1.,0.));
#5609=DIRECTION('ref_axis',(0.996194698091746,0.,-0.0871557427476581));
#5610=DIRECTION('center_axis',(0.575843346264777,0.,0.81756005318422));
#5611=DIRECTION('ref_axis',(0.81756005318422,0.,-0.575843346264777));
#5612=DIRECTION('center_axis',(-0.99594944830928,0.,0.0899149398734264));
#5613=DIRECTION('ref_axis',(0.0899149398734264,0.,0.99594944830928));
#5614=CARTESIAN_POINT('',(0.,0.,0.));
#5615=CARTESIAN_POINT('Origin',(-5.3,11.7,-10.0283823632472));
#5616=CARTESIAN_POINT('',(-5.30000000000013,1.82934767198902,2.73373960903351));
#5617=CARTESIAN_POINT('',(-5.3,1.7,2.23041679629914));
#5618=CARTESIAN_POINT('Ctrl Pts',(-5.29938681873525,1.82934767198902,2.73335680867863));
#5619=CARTESIAN_POINT('Ctrl Pts',(-5.29960404905101,1.80115378614442,2.6315330951268));
#5620=CARTESIAN_POINT('Ctrl Pts',(-5.29978334386558,1.77403507961775,2.52936521554457));
#5621=CARTESIAN_POINT('Ctrl Pts',(-5.29989120630777,1.74810843018339,2.42686958717664));
#5622=CARTESIAN_POINT('Ctrl Pts',(-5.29989842795729,1.74637257874568,2.42000725873302));
#5623=CARTESIAN_POINT('Ctrl Pts',(-5.2999053340143,1.74464207085175,2.41314344217488));
#5624=CARTESIAN_POINT('Ctrl Pts',(-5.29991191625119,1.74291694157925,2.40627813414757));
#5625=CARTESIAN_POINT('Ctrl Pts',(-5.29996800832755,1.72821584762965,2.34777380063992));
#5626=CARTESIAN_POINT('Ctrl Pts',(-5.30000018499621,1.71390311993812,2.28915336939928));
#5627=CARTESIAN_POINT('Ctrl Pts',(-5.3,1.7,2.23041679629914));
#5628=CARTESIAN_POINT('',(-5.3,1.89644310670975,2.73373960903375));
#5629=CARTESIAN_POINT('',(-5.3,1.7,2.73373960903375));
#5630=CARTESIAN_POINT('',(-5.30000000000009,2.05474497033551,2.02590128091153));
#5631=CARTESIAN_POINT('Ctrl Pts',(-5.29999999999999,2.05474497033551,2.0259012809118));
#5632=CARTESIAN_POINT('Ctrl Pts',(-5.3,2.03498887201618,2.1282420084295));
#5633=CARTESIAN_POINT('Ctrl Pts',(-5.29989542723085,2.01386567670242,2.23024117935733));
#5634=CARTESIAN_POINT('Ctrl Pts',(-5.29972724658082,1.99147693741921,2.33193496500314));
#5635=CARTESIAN_POINT('Ctrl Pts',(-5.29969230972533,1.98682603287797,2.35306023174965));
#5636=CARTESIAN_POINT('Ctrl Pts',(-5.2996546474228,1.98212051574185,2.37417214133829));
#5637=CARTESIAN_POINT('Ctrl Pts',(-5.29961466674887,1.97736129637725,2.39527074216342));
#5638=CARTESIAN_POINT('Ctrl Pts',(-5.29941836321974,1.95399371735946,2.49886403849539));
#5639=CARTESIAN_POINT('Ctrl Pts',(-5.29916497324752,1.92933185341757,2.60214011905436));
#5640=CARTESIAN_POINT('Ctrl Pts',(-5.29888487829986,1.90349011578628,2.70509841960543));
#5641=CARTESIAN_POINT('Ctrl Pts',(-5.29886452890436,1.90161266764196,2.71257852303615));
#5642=CARTESIAN_POINT('Ctrl Pts',(-5.29884404342839,1.89972899179322,2.72005692698135));
#5643=CARTESIAN_POINT('Ctrl Pts',(-5.29882343601544,1.89783913211407,2.72753362097856));
#5644=CARTESIAN_POINT('Ctrl Pts',(-5.29881836592355,1.89737416534309,2.72937313017803));
#5645=CARTESIAN_POINT('Ctrl Pts',(-5.29881328777602,1.89690882332215,2.73121254090594));
#5646=CARTESIAN_POINT('Ctrl Pts',(-5.29880820171762,1.89644310670975,2.73305185308808));
#5647=CARTESIAN_POINT('',(-5.30000000000014,2.15336372975398,2.02590128091141));
#5648=CARTESIAN_POINT('',(-5.3,0.775690620290768,2.02590128091178));
#5649=CARTESIAN_POINT('',(-5.30000000000013,2.32934767198902,2.73373960903351));
#5650=CARTESIAN_POINT('Ctrl Pts',(-5.29880680005367,2.32934767198902,2.73305156241946));
#5651=CARTESIAN_POINT('Ctrl Pts',(-5.29908912392266,2.30110800026135,2.63108774855965));
#5652=CARTESIAN_POINT('Ctrl Pts',(-5.29934823543751,2.27394700279416,2.52879020136549));
#5653=CARTESIAN_POINT('Ctrl Pts',(-5.29955393194819,2.24798212770337,2.42617853013776));
#5654=CARTESIAN_POINT('Ctrl Pts',(-5.29956734799241,2.24628863318968,2.41948593864033));
#5655=CARTESIAN_POINT('Ctrl Pts',(-5.29958054139922,2.24460022695278,2.41279199294275));
#5656=CARTESIAN_POINT('Ctrl Pts',(-5.29959350556342,2.24291694157925,2.40609669086571));
#5657=CARTESIAN_POINT('Ctrl Pts',(-5.29978845782634,2.21760406466325,2.30541420407176));
#5658=CARTESIAN_POINT('Ctrl Pts',(-5.29993137549555,2.19344348060542,2.20440507129134));
#5659=CARTESIAN_POINT('Ctrl Pts',(-5.29998084944725,2.17054124436514,2.10306090623215));
#5660=CARTESIAN_POINT('Ctrl Pts',(-5.29999251248323,2.16514224961948,2.07916993729281));
#5661=CARTESIAN_POINT('Ctrl Pts',(-5.29999902343687,2.15981318603338,2.05526012572773));
#5662=CARTESIAN_POINT('Ctrl Pts',(-5.29999990037813,2.15455544303476,2.03133093931398));
#5663=CARTESIAN_POINT('Ctrl Pts',(-5.29999996670167,2.15415779712638,2.02952116217748));
#5664=CARTESIAN_POINT('Ctrl Pts',(-5.3,2.15376055917393,2.02771127611054));
#5665=CARTESIAN_POINT('Ctrl Pts',(-5.3,2.15336372975399,2.02590128091178));
#5666=CARTESIAN_POINT('',(-5.3,2.39644310670975,2.73373960903375));
#5667=CARTESIAN_POINT('',(-5.3,1.7,2.73373960903375));
#5668=CARTESIAN_POINT('',(-5.30000000000009,2.55474497033551,2.02590128091153));
#5669=CARTESIAN_POINT('Ctrl Pts',(-5.29999999999999,2.55474497033551,2.0259012809118));
#5670=CARTESIAN_POINT('Ctrl Pts',(-5.29999999999999,2.53498888086,2.12824196261665));
#5671=CARTESIAN_POINT('Ctrl Pts',(-5.29989530988946,2.51386569561403,2.23024106442685));
#5672=CARTESIAN_POINT('Ctrl Pts',(-5.29972691766623,2.49147696748618,2.33193476136722));
#5673=CARTESIAN_POINT('Ctrl Pts',(-5.29969193676872,2.48682605315799,2.35306006466655));
#5674=CARTESIAN_POINT('Ctrl Pts',(-5.2996542263327,2.48212052599758,2.37417200989205));
#5675=CARTESIAN_POINT('Ctrl Pts',(-5.29961419362777,2.47736129637725,2.39527064546975));
#5676=CARTESIAN_POINT('Ctrl Pts',(-5.29941763486306,2.45399369489513,2.49886398878931));
#5677=CARTESIAN_POINT('Ctrl Pts',(-5.29916389606625,2.42933180600041,2.60214009583271));
#5678=CARTESIAN_POINT('Ctrl Pts',(-5.29888337950942,2.40349004125762,2.70509840577182));
#5679=CARTESIAN_POINT('Ctrl Pts',(-5.29886299977252,2.40161261779138,2.71257840371501));
#5680=CARTESIAN_POINT('Ctrl Pts',(-5.2988424835736,2.39972896678611,2.72005670213043));
#5681=CARTESIAN_POINT('Ctrl Pts',(-5.29882184506295,2.39783913211407,2.72753329055724));
#5682=CARTESIAN_POINT('Ctrl Pts',(-5.29881676725279,2.39737416533999,2.72937279813606));
#5683=CARTESIAN_POINT('Ctrl Pts',(-5.2988116813641,2.39690882331594,2.73121220723814));
#5684=CARTESIAN_POINT('Ctrl Pts',(-5.29880658754184,2.39644310670975,2.73305151775246));
#5685=CARTESIAN_POINT('',(-5.30000000000014,2.65336372975398,2.02590128091141));
#5686=CARTESIAN_POINT('',(-5.3,0.775690620290768,2.02590128091178));
#5687=CARTESIAN_POINT('',(-5.30000000000013,2.82934767198902,2.73373960903351));
#5688=CARTESIAN_POINT('Ctrl Pts',(-5.29880524570557,2.82934767198902,2.73305123199242));
#5689=CARTESIAN_POINT('Ctrl Pts',(-5.29908798447076,2.80110795550543,2.63108734629794));
#5690=CARTESIAN_POINT('Ctrl Pts',(-5.29934744370927,2.77394691670127,2.52878971058624));
#5691=CARTESIAN_POINT('Ctrl Pts',(-5.29955340138592,2.74798200425104,2.42617793093452));
#5692=CARTESIAN_POINT('Ctrl Pts',(-5.29956683411634,2.74628855113541,2.41948550559765));
#5693=CARTESIAN_POINT('Ctrl Pts',(-5.29958004385176,2.74460018605008,2.41279172604578));
#5694=CARTESIAN_POINT('Ctrl Pts',(-5.29959302398172,2.74291694157925,2.40609659009883));
#5695=CARTESIAN_POINT('Ctrl Pts',(-5.29978822115283,2.71760405487844,2.30541411609792));
#5696=CARTESIAN_POINT('Ctrl Pts',(-5.29993129939598,2.69344346192664,2.20440497746161));
#5697=CARTESIAN_POINT('Ctrl Pts',(-5.29998082836945,2.67054121780624,2.10306078434684));
#5698=CARTESIAN_POINT('Ctrl Pts',(-5.29999250435265,2.66514223214289,2.07916985720387));
#5699=CARTESIAN_POINT('Ctrl Pts',(-5.2999990223963,2.65981317741203,2.05526008627572));
#5700=CARTESIAN_POINT('Ctrl Pts',(-5.29999990027191,2.65455544303476,2.03133093929214));
#5701=CARTESIAN_POINT('Ctrl Pts',(-5.29999996666621,2.65415779712247,2.02952116215244));
#5702=CARTESIAN_POINT('Ctrl Pts',(-5.3,2.65376055917199,2.02771127610167));
#5703=CARTESIAN_POINT('Ctrl Pts',(-5.30000000000001,2.65336372975399,2.02590128091176));
#5704=CARTESIAN_POINT('',(-5.3,2.89644310670975,2.73373960903376));
#5705=CARTESIAN_POINT('',(-5.3,1.7,2.73373960903375));
#5706=CARTESIAN_POINT('',(-5.30000000000009,3.05474497033551,2.02590128091153));
#5707=CARTESIAN_POINT('Ctrl Pts',(-5.3,3.05474497033551,2.02590128091178));
#5708=CARTESIAN_POINT('Ctrl Pts',(-5.3,3.03498889041743,2.12824191310713));
#5709=CARTESIAN_POINT('Ctrl Pts',(-5.29989519756137,3.01386571605164,2.23024094252588));
#5710=CARTESIAN_POINT('Ctrl Pts',(-5.29972660279954,2.99147699997913,2.33193454784425));
#5711=CARTESIAN_POINT('Ctrl Pts',(-5.29969157972925,2.98682607507433,2.35305989152643));
#5712=CARTESIAN_POINT('Ctrl Pts',(-5.2996538232018,2.98212053708082,2.37417187622858));
#5713=CARTESIAN_POINT('Ctrl Pts',(-5.29961374067275,2.97736129637725,2.3952705504081));
#5714=CARTESIAN_POINT('Ctrl Pts',(-5.29941693756134,2.95399367461065,2.49886393193928));
#5715=CARTESIAN_POINT('Ctrl Pts',(-5.29916286482368,2.92933176318439,2.60214005708538));
#5716=CARTESIAN_POINT('Ctrl Pts',(-5.29888194464453,2.90348997396107,2.70509836836877));
#5717=CARTESIAN_POINT('Ctrl Pts',(-5.29886153584574,2.90161257277819,2.71257827054273));
#5718=CARTESIAN_POINT('Ctrl Pts',(-5.29884099021943,2.89972894420563,2.72005647314382));
#5719=CARTESIAN_POINT('Ctrl Pts',(-5.29882032192248,2.89783913211407,2.72753296571271));
#5720=CARTESIAN_POINT('Ctrl Pts',(-5.29881523672306,2.89737416534016,2.72937247168553));
#5721=CARTESIAN_POINT('Ctrl Pts',(-5.2988101434232,2.89690882331627,2.73121187917647));
#5722=CARTESIAN_POINT('Ctrl Pts',(-5.29880504216793,2.89644310670975,2.73305118807656));
#5723=CARTESIAN_POINT('',(-5.30000000000014,3.15336372975398,2.02590128091141));
#5724=CARTESIAN_POINT('',(-5.3,0.775690620290768,2.02590128091178));
#5725=CARTESIAN_POINT('',(-5.30000000000013,3.32934767198902,2.73373960903351));
#5726=CARTESIAN_POINT('Ctrl Pts',(-5.29880375640896,3.32934767198902,2.73305090710183));
#5727=CARTESIAN_POINT('Ctrl Pts',(-5.29908689269544,3.30110791383866,2.6310869592228));
#5728=CARTESIAN_POINT('Ctrl Pts',(-5.29934668509568,3.27394683655084,2.52878924497817));
#5729=CARTESIAN_POINT('Ctrl Pts',(-5.29955289300408,3.24798188931993,2.42617736727236));
#5730=CARTESIAN_POINT('Ctrl Pts',(-5.29956634173072,3.24628847474488,2.41948509681498));
#5731=CARTESIAN_POINT('Ctrl Pts',(-5.29957956711948,3.24460014797065,2.41279147212461));
#5732=CARTESIAN_POINT('Ctrl Pts',(-5.29959256255485,3.24291694157925,2.40609649102032));
#5733=CARTESIAN_POINT('Ctrl Pts',(-5.29978799437506,3.21760404673683,2.30541403548192));
#5734=CARTESIAN_POINT('Ctrl Pts',(-5.29993122646761,3.19344344638462,2.20440489700907));
#5735=CARTESIAN_POINT('Ctrl Pts',(-5.29998080816662,3.17054119570737,2.10306068227066));
#5736=CARTESIAN_POINT('Ctrl Pts',(-5.29999249655966,3.16514221760113,2.07916979031083));
#5737=CARTESIAN_POINT('Ctrl Pts',(-5.29999902139909,3.15981317023846,2.0552600534165));
#5738=CARTESIAN_POINT('Ctrl Pts',(-5.29999990017012,3.15455544303476,2.03133093927068));
#5739=CARTESIAN_POINT('Ctrl Pts',(-5.29999996663224,3.15415779711913,2.02952116213009));
#5740=CARTESIAN_POINT('Ctrl Pts',(-5.30000000000001,3.15376055917033,2.02771127609408));
#5741=CARTESIAN_POINT('Ctrl Pts',(-5.30000000000001,3.15336372975399,2.02590128091176));
#5742=CARTESIAN_POINT('',(-5.3,3.39644310670975,2.73373960903375));
#5743=CARTESIAN_POINT('',(-5.3,1.7,2.73373960903375));
#5744=CARTESIAN_POINT('',(-5.3000000000001,3.55474497033551,2.02590128091153));
#5745=CARTESIAN_POINT('Ctrl Pts',(-5.29999999999999,3.55474497033551,2.02590128091182));
#5746=CARTESIAN_POINT('Ctrl Pts',(-5.29999999999999,3.53498890063643,2.12824186017062));
#5747=CARTESIAN_POINT('Ctrl Pts',(-5.29989508993276,3.5138657379039,2.23024081418193));
#5748=CARTESIAN_POINT('Ctrl Pts',(-5.29972630110132,3.49147703472146,2.33193432520766));
#5749=CARTESIAN_POINT('Ctrl Pts',(-5.2996912376105,3.48682609850785,2.35305971283127));
#5750=CARTESIAN_POINT('Ctrl Pts',(-5.29965343690582,3.48212054893129,2.37417174057852));
#5751=CARTESIAN_POINT('Ctrl Pts',(-5.29961330662142,3.47736129637725,2.39527045693742));
#5752=CARTESIAN_POINT('Ctrl Pts',(-5.29941626936969,3.45399365626256,2.49886386896117));
#5753=CARTESIAN_POINT('Ctrl Pts',(-5.29916187664181,3.42933172445569,2.60214000487025));
#5754=CARTESIAN_POINT('Ctrl Pts',(-5.29888056969977,3.4034899130887,2.70509831048375));
#5755=CARTESIAN_POINT('Ctrl Pts',(-5.29886013303966,3.401612532062,2.71257812553056));
#5756=CARTESIAN_POINT('Ctrl Pts',(-5.29883955920169,3.3997289237807,2.72005624095682));
#5757=CARTESIAN_POINT('Ctrl Pts',(-5.29881886234892,3.39783913211407,2.72753264630494));
#5758=CARTESIAN_POINT('Ctrl Pts',(-5.2988137700686,3.39737416533682,2.72937215071251));
#5759=CARTESIAN_POINT('Ctrl Pts',(-5.29880866966681,3.39690882330957,2.73121155663324));
#5760=CARTESIAN_POINT('Ctrl Pts',(-5.29880356128882,3.39644310670975,2.73305086391831));
#5761=CARTESIAN_POINT('',(-5.30000000000014,3.65336372975398,2.0259012809114));
#5762=CARTESIAN_POINT('',(-5.3,0.775690620290768,2.02590128091178));
#5763=CARTESIAN_POINT('',(-5.30000000000013,3.82934767198902,2.7337396090335));
#5764=CARTESIAN_POINT('Ctrl Pts',(-5.29880232816379,3.82934767198902,2.73305058760969));
#5765=CARTESIAN_POINT('Ctrl Pts',(-5.29908584566514,3.80110787504908,2.63108658646835));
#5766=CARTESIAN_POINT('Ctrl Pts',(-5.29934595756069,3.77394676193499,2.52878880293557));
#5767=CARTESIAN_POINT('Ctrl Pts',(-5.29955240543901,3.7479817823251,2.42617683679311));
#5768=CARTESIAN_POINT('Ctrl Pts',(-5.29956586951424,3.7462884036293,2.41948471070592));
#5769=CARTESIAN_POINT('Ctrl Pts',(-5.29957910992252,3.7446001125207,2.41279123036485));
#5770=CARTESIAN_POINT('Ctrl Pts',(-5.29959212004347,3.74291694157925,2.40609639358813));
#5771=CARTESIAN_POINT('Ctrl Pts',(-5.29978777688474,3.71760404010654,2.30541396167865));
#5772=CARTESIAN_POINT('Ctrl Pts',(-5.29993115651575,3.69344343372767,2.20440482887499));
#5773=CARTESIAN_POINT('Ctrl Pts',(-5.29998078878515,3.67054117771076,2.10306059841848));
#5774=CARTESIAN_POINT('Ctrl Pts',(-5.29999248908359,3.66514220575879,2.07916973555657));
#5775=CARTESIAN_POINT('Ctrl Pts',(-5.2999990204426,3.65981316439653,2.05526002662138));
#5776=CARTESIAN_POINT('Ctrl Pts',(-5.29999990007251,3.65455544303476,2.03133093924956));
#5777=CARTESIAN_POINT('Ctrl Pts',(-5.29999996659966,3.65415779712246,2.02952116213822));
#5778=CARTESIAN_POINT('Ctrl Pts',(-5.30000000000001,3.65376055917199,2.02771127610165));
#5779=CARTESIAN_POINT('Ctrl Pts',(-5.3,3.65336372975399,2.02590128091178));
#5780=CARTESIAN_POINT('',(-5.3,3.89644310670975,2.73373960903375));
#5781=CARTESIAN_POINT('',(-5.3,1.7,2.73373960903375));
#5782=CARTESIAN_POINT('',(-5.3000000000001,4.05474497033551,2.02590128091153));
#5783=CARTESIAN_POINT('Ctrl Pts',(-5.29999999999997,4.05474497033551,2.02590128091185));
#5784=CARTESIAN_POINT('Ctrl Pts',(-5.29999999999998,4.03498891143766,2.12824180421801));
#5785=CARTESIAN_POINT('Ctrl Pts',(-5.29989498671497,4.0138657610012,2.23024068020457));
#5786=CARTESIAN_POINT('Ctrl Pts',(-5.29972601176304,3.99147707144323,2.33193409465632));
#5787=CARTESIAN_POINT('Ctrl Pts',(-5.29969090949675,3.98682612327649,2.35305952936696));
#5788=CARTESIAN_POINT('Ctrl Pts',(-5.29965306641202,3.98212056145695,2.3741716033148));
#5789=CARTESIAN_POINT('Ctrl Pts',(-5.29961289031456,3.97736129637725,2.39527036501813));
#5790=CARTESIAN_POINT('Ctrl Pts',(-5.29941562850307,3.9539936397318,2.49886380032178));
#5791=CARTESIAN_POINT('Ctrl Pts',(-5.29916092888028,3.92933168956295,2.60213994014901));
#5792=CARTESIAN_POINT('Ctrl Pts',(-5.29887925100116,3.90348985824561,2.70509823356256));
#5793=CARTESIAN_POINT('Ctrl Pts',(-5.29885878760659,3.90161249537867,2.71257796959693));
#5794=CARTESIAN_POINT('Ctrl Pts',(-5.29883818669789,3.89972890537882,2.72005600596103));
#5795=CARTESIAN_POINT('Ctrl Pts',(-5.29881746244425,3.89783913211407,2.7275323321986));
#5796=CARTESIAN_POINT('Ctrl Pts',(-5.29881236337253,3.89737416533738,2.72937183505167));
#5797=CARTESIAN_POINT('Ctrl Pts',(-5.2988072561592,3.8969088233107,2.73121123941294));
#5798=CARTESIAN_POINT('Ctrl Pts',(-5.29880214094959,3.89644310670975,2.73305054514034));
#5799=CARTESIAN_POINT('',(-5.30000000000014,4.15336372975398,2.0259012809114));
#5800=CARTESIAN_POINT('',(-5.3,0.775690620290768,2.02590128091178));
#5801=CARTESIAN_POINT('',(-5.30000000000013,4.32934767198902,2.7337396090335));
#5802=CARTESIAN_POINT('Ctrl Pts',(-5.29880095729139,4.32934767198902,2.73305027338258));
#5803=CARTESIAN_POINT('Ctrl Pts',(-5.29908484068413,4.30110783891472,2.63108622713593));
#5804=CARTESIAN_POINT('Ctrl Pts',(-5.29934525923239,4.27394669242704,2.52878838278414));
#5805=CARTESIAN_POINT('Ctrl Pts',(-5.29955193743724,4.24798168265485,2.42617633703438));
#5806=CARTESIAN_POINT('Ctrl Pts',(-5.29956541625216,4.24628833738209,2.41948434561505));
#5807=CARTESIAN_POINT('Ctrl Pts',(-5.29957867108404,4.24460007949756,2.41279099991828));
#5808=CARTESIAN_POINT('Ctrl Pts',(-5.29959169530782,4.24291694157925,2.40609629776155));
#5809=CARTESIAN_POINT('Ctrl Pts',(-5.29978756812252,4.21760403485781,2.30541389415222));
#5810=CARTESIAN_POINT('Ctrl Pts',(-5.29993108936143,4.19344342370807,2.20440477201737));
#5811=CARTESIAN_POINT('Ctrl Pts',(-5.29998077017574,4.17054116346414,2.10306053122979));
#5812=CARTESIAN_POINT('Ctrl Pts',(-5.29999248190542,4.16514219638406,2.07916969190043));
#5813=CARTESIAN_POINT('Ctrl Pts',(-5.29999901952436,4.1598131597719,2.05526000536985));
#5814=CARTESIAN_POINT('Ctrl Pts',(-5.29999989997882,4.15455544303476,2.03133093922879));
#5815=CARTESIAN_POINT('Ctrl Pts',(-5.29999996656839,4.15415779712247,2.02952116213129));
#5816=CARTESIAN_POINT('Ctrl Pts',(-5.30000000000001,4.15376055917199,2.02771127610165));
#5817=CARTESIAN_POINT('Ctrl Pts',(-5.3,4.15336372975399,2.02590128091178));
#5818=CARTESIAN_POINT('',(-5.3,4.39644310670975,2.73373960903375));
#5819=CARTESIAN_POINT('',(-5.3,1.7,2.73373960903375));
#5820=CARTESIAN_POINT('',(-5.3000000000001,4.55474497033551,2.02590128091153));
#5821=CARTESIAN_POINT('Ctrl Pts',(-5.29999999999999,4.55474497033551,2.02590128091182));
#5822=CARTESIAN_POINT('Ctrl Pts',(-5.29999999999999,4.53498892275308,2.12824174560172));
#5823=CARTESIAN_POINT('Ctrl Pts',(-5.29989488764266,4.51386578519809,2.2302405412868));
#5824=CARTESIAN_POINT('Ctrl Pts',(-5.29972573404117,4.49147710991299,2.33193385721488));
#5825=CARTESIAN_POINT('Ctrl Pts',(-5.29969059454583,4.48682614922416,2.35305934180367));
#5826=CARTESIAN_POINT('Ctrl Pts',(-5.29965271077051,4.48212057457885,2.37417146475331));
#5827=CARTESIAN_POINT('Ctrl Pts',(-5.29961249068584,4.47736129637725,2.39527027461193));
#5828=CARTESIAN_POINT('Ctrl Pts',(-5.29941501331907,4.45399362485942,2.49886372666665));
#5829=CARTESIAN_POINT('Ctrl Pts',(-5.2991600191091,4.42933165817066,2.60213986423907));
#5830=CARTESIAN_POINT('Ctrl Pts',(-5.29887798516695,4.40348980890437,2.7050981395839));
#5831=CARTESIAN_POINT('Ctrl Pts',(-5.29885749609758,4.4016124623754,2.71257780401718));
#5832=CARTESIAN_POINT('Ctrl Pts',(-5.2988368691912,4.39972888882302,2.72005576872836));
#5833=CARTESIAN_POINT('Ctrl Pts',(-5.29881611862276,4.39783913211407,2.72753202326279));
#5834=CARTESIAN_POINT('Ctrl Pts',(-5.29881101303171,4.39737416533674,2.7293715245917));
#5835=CARTESIAN_POINT('Ctrl Pts',(-5.29880589927973,4.3969088233094,2.73121092742392));
#5836=CARTESIAN_POINT('Ctrl Pts',(-5.2988007775122,4.39644310670975,2.73305023160978));
#5837=CARTESIAN_POINT('',(-5.30000000000015,4.65336372975398,2.0259012809114));
#5838=CARTESIAN_POINT('',(-5.3,0.775690620290768,2.02590128091178));
#5839=CARTESIAN_POINT('',(-5.30000000000013,4.82934767198902,2.7337396090335));
#5840=CARTESIAN_POINT('Ctrl Pts',(-5.29879964040286,4.82934767198902,2.73304996429134));
#5841=CARTESIAN_POINT('Ctrl Pts',(-5.29908387526843,4.80110780528837,2.63108588059991));
#5842=CARTESIAN_POINT('Ctrl Pts',(-5.29934458838517,4.77394662774324,2.52878798339026));
#5843=CARTESIAN_POINT('Ctrl Pts',(-5.29955148784282,4.74798158990202,2.42617586634361));
#5844=CARTESIAN_POINT('Ctrl Pts',(-5.29956498082463,4.74628827573265,2.41948400042732));
#5845=CARTESIAN_POINT('Ctrl Pts',(-5.29957824951953,4.74460004876631,2.4127907802076));
#5846=CARTESIAN_POINT('Ctrl Pts',(-5.29959128729792,4.74291694157925,2.40609620350121));
#5847=CARTESIAN_POINT('Ctrl Pts',(-5.29978736757287,4.71760403089974,2.3054138325219));
#5848=CARTESIAN_POINT('Ctrl Pts',(-5.29993102483946,4.6934434161524,2.20440472570501));
#5849=CARTESIAN_POINT('Ctrl Pts',(-5.29998075229282,4.67054115272097,2.10306047961197));
#5850=CARTESIAN_POINT('Ctrl Pts',(-5.29999247500755,4.66514218931472,2.07916965861393));
#5851=CARTESIAN_POINT('Ctrl Pts',(-5.29999901864215,4.65981315628453,2.05525998929757));
#5852=CARTESIAN_POINT('Ctrl Pts',(-5.29999989988884,4.65455544303476,2.03133093920831));
#5853=CARTESIAN_POINT('Ctrl Pts',(-5.29999996653837,4.65415779712961,2.02952116215691));
#5854=CARTESIAN_POINT('Ctrl Pts',(-5.3,4.65376055917554,2.02771127611787));
#5855=CARTESIAN_POINT('Ctrl Pts',(-5.3,4.65336372975399,2.02590128091178));
#5856=CARTESIAN_POINT('',(-5.3,4.89644310670975,2.73373960903375));
#5857=CARTESIAN_POINT('',(-5.3,1.7,2.73373960903375));
#5858=CARTESIAN_POINT('',(-5.3000000000001,5.05474497033551,2.02590128091153));
#5859=CARTESIAN_POINT('Ctrl Pts',(-5.29999999999997,5.05474497033551,2.02590128091185));
#5860=CARTESIAN_POINT('Ctrl Pts',(-5.29999999999997,5.03498893455248,2.12824168447842));
#5861=CARTESIAN_POINT('Ctrl Pts',(-5.29989479247161,5.01386581042985,2.23024039773194));
#5862=CARTESIAN_POINT('Ctrl Pts',(-5.29972546725141,4.99147715002841,2.33193361332244));
#5863=CARTESIAN_POINT('Ctrl Pts',(-5.29969029198234,4.9868261762818,2.353059150422));
#5864=CARTESIAN_POINT('Ctrl Pts',(-5.29965236910632,4.98212058826207,2.37417132501592));
#5865=CARTESIAN_POINT('Ctrl Pts',(-5.29961210675273,4.97736129637725,2.39527018568173));
#5866=CARTESIAN_POINT('Ctrl Pts',(-5.29941442230491,4.95399361157318,2.49886364825871));
#5867=CARTESIAN_POINT('Ctrl Pts',(-5.29915914509082,4.92933163012641,2.60213977769373));
#5868=CARTESIAN_POINT('Ctrl Pts',(-5.29887676908407,4.90348976482524,2.7050980293835));
#5869=CARTESIAN_POINT('Ctrl Pts',(-5.29885625533676,4.90161243289184,2.71257762930599));
#5870=CARTESIAN_POINT('Ctrl Pts',(-5.29883560344197,4.89972887403285,2.72005552945298));
#5871=CARTESIAN_POINT('Ctrl Pts',(-5.29881482758043,4.89783913211407,2.72753171937087));
#5872=CARTESIAN_POINT('Ctrl Pts',(-5.29880971572612,4.89737416533738,2.72937121919542));
#5873=CARTESIAN_POINT('Ctrl Pts',(-5.29880459569227,4.89690882331069,2.73121062051853));
#5874=CARTESIAN_POINT('Ctrl Pts',(-5.29879946762439,4.89644310670975,2.73304992319815));
#5875=CARTESIAN_POINT('',(-5.30000000000015,5.15336372975398,2.0259012809114));
#5876=CARTESIAN_POINT('',(-5.3,0.775690620290768,2.02590128091178));
#5877=CARTESIAN_POINT('',(-5.30000000000013,5.32934767198902,2.7337396090335));
#5878=CARTESIAN_POINT('Ctrl Pts',(-5.29879837437098,5.32934767198902,2.73304966021113));
#5879=CARTESIAN_POINT('Ctrl Pts',(-5.29908294712641,5.30110777398322,2.63108554609482));
#5880=CARTESIAN_POINT('Ctrl Pts',(-5.29934394342781,5.27394656752449,2.52878760333834));
#5881=CARTESIAN_POINT('Ctrl Pts',(-5.29955105559022,5.24798150355182,2.4261754226441));
#5882=CARTESIAN_POINT('Ctrl Pts',(-5.29956456219904,5.24628821833879,2.41948367374531));
#5883=CARTESIAN_POINT('Ctrl Pts',(-5.29957784422856,5.24460002015641,2.412790570515));
#5884=CARTESIAN_POINT('Ctrl Pts',(-5.29959089504488,5.24291694157925,2.40609611076903));
#5885=CARTESIAN_POINT('Ctrl Pts',(-5.29978717476019,5.21760402813691,2.3054137763896));
#5886=CARTESIAN_POINT('Ctrl Pts',(-5.29993096279758,5.19344341087815,2.20440468916903));
#5887=CARTESIAN_POINT('Ctrl Pts',(-5.29998073509444,5.17054114522158,2.10306044241417));
#5888=CARTESIAN_POINT('Ctrl Pts',(-5.29999246837383,5.16514218437988,2.07916963492964));
#5889=CARTESIAN_POINT('Ctrl Pts',(-5.29999901779381,5.15981315385014,2.05525997802092));
#5890=CARTESIAN_POINT('Ctrl Pts',(-5.2999998998023,5.15455544303476,2.03133093918825));
#5891=CARTESIAN_POINT('Ctrl Pts',(-5.29999996650949,5.15415779712195,2.02952116211539));
#5892=CARTESIAN_POINT('Ctrl Pts',(-5.30000000000001,5.15376055917173,2.02771127610048));
#5893=CARTESIAN_POINT('Ctrl Pts',(-5.3,5.15336372975399,2.02590128091178));
#5894=CARTESIAN_POINT('',(-5.3,5.39644310670975,2.73373960903375));
#5895=CARTESIAN_POINT('',(-5.3,1.7,2.73373960903375));
#5896=CARTESIAN_POINT('',(-5.3000000000001,5.55474497033551,2.02590128091153));
#5897=CARTESIAN_POINT('Ctrl Pts',(-5.29999999999999,5.55474497033551,2.02590128091181));
#5898=CARTESIAN_POINT('Ctrl Pts',(-5.29999999999999,5.53498894675725,2.12824162125509));
#5899=CARTESIAN_POINT('Ctrl Pts',(-5.29989470097585,5.51386583652851,2.23024025034266));
#5900=CARTESIAN_POINT('Ctrl Pts',(-5.29972521076078,5.49147719152176,2.33193336417036));
#5901=CARTESIAN_POINT('Ctrl Pts',(-5.29969000108956,5.48682620426886,2.35305895600397));
#5902=CARTESIAN_POINT('Ctrl Pts',(-5.29965204061135,5.48212060241531,2.37417118447554));
#5903=CARTESIAN_POINT('Ctrl Pts',(-5.29961173760832,5.47736129637725,2.39527009819174));
#5904=CARTESIAN_POINT('Ctrl Pts',(-5.2994138540634,5.45399359969827,2.4988635658177));
#5905=CARTESIAN_POINT('Ctrl Pts',(-5.29915830475798,5.42933160506114,2.6021396819763));
#5906=CARTESIAN_POINT('Ctrl Pts',(-5.29887559987493,5.40348972542853,2.70509790515617));
#5907=CARTESIAN_POINT('Ctrl Pts',(-5.29885506238987,5.40161240654025,2.7125774468856));
#5908=CARTESIAN_POINT('Ctrl Pts',(-5.29883438645878,5.3997288608138,2.72005528878436));
#5909=CARTESIAN_POINT('Ctrl Pts',(-5.29881358626775,5.39783913211407,2.72753142040033));
#5910=CARTESIAN_POINT('Ctrl Pts',(-5.29880846839142,5.39737416533738,2.72937091874741));
#5911=CARTESIAN_POINT('Ctrl Pts',(-5.29880334231769,5.39690882331069,2.73121031858834));
#5912=CARTESIAN_POINT('Ctrl Pts',(-5.29879820819213,5.39644310670975,2.73304961978108));
#5913=CARTESIAN_POINT('',(-5.30000000000015,5.65336372975398,2.0259012809114));
#5914=CARTESIAN_POINT('',(-5.3,0.775690620290768,2.02590128091178));
#5915=CARTESIAN_POINT('',(-5.30000000000013,5.82934767198902,2.7337396090335));
#5916=CARTESIAN_POINT('Ctrl Pts',(-5.29879715630556,5.82934767198902,2.73304936102101));
#5917=CARTESIAN_POINT('Ctrl Pts',(-5.29908205413997,5.8011077448439,2.63108522297157));
#5918=CARTESIAN_POINT('Ctrl Pts',(-5.29934332288922,5.7739465114719,2.52878724144184));
#5919=CARTESIAN_POINT('Ctrl Pts',(-5.2995506396942,5.74798142317565,2.42617500420148));
#5920=CARTESIAN_POINT('Ctrl Pts',(-5.29956415942071,5.74628816491566,2.41948336440033));
#5921=CARTESIAN_POINT('Ctrl Pts',(-5.29957745428643,5.74459999352585,2.41279037023747));
#5922=CARTESIAN_POINT('Ctrl Pts',(-5.29959051765323,5.74291694157925,2.40609601952811));
#5923=CARTESIAN_POINT('Ctrl Pts',(-5.29978698924499,5.71760402647276,2.3054137253533));
#5924=CARTESIAN_POINT('Ctrl Pts',(-5.29993090309507,5.69344340770136,2.20440466163458));
#5925=CARTESIAN_POINT('Ctrl Pts',(-5.29998071854179,5.67054114070456,2.10306041847816));
#5926=CARTESIAN_POINT('Ctrl Pts',(-5.29999246198924,5.66514218140754,2.07916962007532));
#5927=CARTESIAN_POINT('Ctrl Pts',(-5.29999901697751,5.65981315238386,2.05525997115348));
#5928=CARTESIAN_POINT('Ctrl Pts',(-5.29999989971907,5.65455544303476,2.03133093916843));
#5929=CARTESIAN_POINT('Ctrl Pts',(-5.29999996648172,5.65415779712197,2.02952116210884));
#5930=CARTESIAN_POINT('Ctrl Pts',(-5.30000000000002,5.65376055917174,2.02771127610048));
#5931=CARTESIAN_POINT('Ctrl Pts',(-5.30000000000002,5.65336372975399,2.02590128091174));
#5932=CARTESIAN_POINT('',(-5.3,5.89644310670975,2.73373960903375));
#5933=CARTESIAN_POINT('',(-5.3,1.7,2.73373960903375));
#5934=CARTESIAN_POINT('',(-5.3000000000001,6.05474497033551,2.02590128091152));
#5935=CARTESIAN_POINT('Ctrl Pts',(-5.3,6.05474497033551,2.02590128091177));
#5936=CARTESIAN_POINT('Ctrl Pts',(-5.3,6.03498895933124,2.12824155611916));
#5937=CARTESIAN_POINT('Ctrl Pts',(-5.29989461294695,6.01386586341673,2.23024009948377));
#5938=CARTESIAN_POINT('Ctrl Pts',(-5.29972496398519,5.99147723427028,2.33193311029203));
#5939=CARTESIAN_POINT('Ctrl Pts',(-5.29968972120574,5.98682623310254,2.35305875889367));
#5940=CARTESIAN_POINT('Ctrl Pts',(-5.29965172453896,5.98212061699669,2.37417104328698));
#5941=CARTESIAN_POINT('Ctrl Pts',(-5.29961138241428,5.97736129637725,2.39527001210727));
#5942=CARTESIAN_POINT('Ctrl Pts',(-5.29941330730394,5.95399358918844,2.49886347949511));
#5943=CARTESIAN_POINT('Ctrl Pts',(-5.29915749620188,5.92933158287727,2.60213957741587));
#5944=CARTESIAN_POINT('Ctrl Pts',(-5.29887447488392,5.90348969056045,2.70509776740294));
#5945=CARTESIAN_POINT('Ctrl Pts',(-5.29885391454756,5.90161238321776,2.71257725705031));
#5946=CARTESIAN_POINT('Ctrl Pts',(-5.29883321547766,5.89972884911428,2.72005504681053));
#5947=CARTESIAN_POINT('Ctrl Pts',(-5.29881239186567,5.89783913211408,2.72753112623265));
#5948=CARTESIAN_POINT('Ctrl Pts',(-5.29880726819481,5.89737416533064,2.72937062315271));
#5949=CARTESIAN_POINT('Ctrl Pts',(-5.29880213630943,5.89690882329716,2.73121002156193));
#5950=CARTESIAN_POINT('Ctrl Pts',(-5.29879699635526,5.89644310670975,2.73304932123827));
#5951=CARTESIAN_POINT('',(-5.30000000000015,6.15336372975398,2.0259012809114));
#5952=CARTESIAN_POINT('',(-5.3,0.775690620290768,2.02590128091178));
#5953=CARTESIAN_POINT('',(-5.30000000000013,6.32934767198902,2.7337396090335));
#5954=CARTESIAN_POINT('Ctrl Pts',(-5.29879598353125,6.32934767198902,2.73304906660406));
#5955=CARTESIAN_POINT('Ctrl Pts',(-5.29908119434829,6.30110771774049,2.63108491067592));
#5956=CARTESIAN_POINT('Ctrl Pts',(-5.29934272540752,6.27394645933537,2.52878689669978));
#5957=CARTESIAN_POINT('Ctrl Pts',(-5.29955023924259,6.24798134841476,2.42617460955847));
#5958=CARTESIAN_POINT('Ctrl Pts',(-5.29956377160585,6.2462881152248,2.41948307140877));
#5959=CARTESIAN_POINT('Ctrl Pts',(-5.29957707883704,6.24459996875576,2.41279017886545));
#5960=CARTESIAN_POINT('Ctrl Pts',(-5.29959015429405,6.24291694157925,2.40609592974287));
#5961=CARTESIAN_POINT('Ctrl Pts',(-5.29978681062057,6.21760402579475,2.30541367894801));
#5962=CARTESIAN_POINT('Ctrl Pts',(-5.29993084560204,6.1934434064072,2.20440464219801));
#5963=CARTESIAN_POINT('Ctrl Pts',(-5.29998070259915,6.17054113886452,2.103060406451));
#5964=CARTESIAN_POINT('Ctrl Pts',(-5.29999245584002,6.16514218019674,2.07916961314871));
#5965=CARTESIAN_POINT('Ctrl Pts',(-5.2999990161914,6.15981315178656,2.0552599682441));
#5966=CARTESIAN_POINT('Ctrl Pts',(-5.29999989963892,6.15455544303476,2.03133093914897));
#5967=CARTESIAN_POINT('Ctrl Pts',(-5.29999996645498,6.15415779711531,2.02952116207203));
#5968=CARTESIAN_POINT('Ctrl Pts',(-5.30000000000002,6.15376055916843,2.02771127608538));
#5969=CARTESIAN_POINT('Ctrl Pts',(-5.30000000000003,6.15336372975399,2.0259012809117));
#5970=CARTESIAN_POINT('',(-5.3,6.39644310670975,2.73373960903375));
#5971=CARTESIAN_POINT('',(-5.3,1.7,2.73373960903375));
#5972=CARTESIAN_POINT('',(-5.30000000000008,6.55474497033551,2.02590128091156));
#5973=CARTESIAN_POINT('Ctrl Pts',(-5.29999999999996,6.55474497033551,2.02590128091189));
#5974=CARTESIAN_POINT('Ctrl Pts',(-5.29999999999997,6.53498897224661,2.12824148921494));
#5975=CARTESIAN_POINT('Ctrl Pts',(-5.29989452819193,6.51386589103492,2.23023994543486));
#5976=CARTESIAN_POINT('Ctrl Pts',(-5.29972472638406,6.4914772781795,2.33193285209307));
#5977=CARTESIAN_POINT('Ctrl Pts',(-5.29968945171837,6.4868262627191,2.3530585593504));
#5978=CARTESIAN_POINT('Ctrl Pts',(-5.29965142019793,6.48212063197398,2.3741709015633));
#5979=CARTESIAN_POINT('Ctrl Pts',(-5.29961104039447,6.47736129637725,2.39526992739475));
#5980=CARTESIAN_POINT('Ctrl Pts',(-5.29941278083144,6.45399357996859,2.49886338957196));
#5981=CARTESIAN_POINT('Ctrl Pts',(-5.29915671765479,6.42933156341611,2.60213946459965));
#5982=CARTESIAN_POINT('Ctrl Pts',(-5.29887339165116,6.40348965997301,2.70509761700384));
#5983=CARTESIAN_POINT('Ctrl Pts',(-5.29885280930054,6.4016123627585,2.71257706034845));
#5984=CARTESIAN_POINT('Ctrl Pts',(-5.29883208793944,6.39972883885107,2.72005480374803));
#5985=CARTESIAN_POINT('Ctrl Pts',(-5.29881124176439,6.39783913211407,2.72753083675283));
#5986=CARTESIAN_POINT('Ctrl Pts',(-5.2988061125139,6.39737416531887,2.72937033228884));
#5987=CARTESIAN_POINT('Ctrl Pts',(-5.29880097503233,6.39690882327354,2.73120972930964));
#5988=CARTESIAN_POINT('Ctrl Pts',(-5.29879582946587,6.39644310670975,2.733049027453));
#5989=CARTESIAN_POINT('',(-5.30000000000013,6.65336372975398,2.02590128091143));
#5990=CARTESIAN_POINT('',(-5.3,0.775690620290768,2.02590128091178));
#5991=CARTESIAN_POINT('',(-5.30000000000013,6.82934767198902,2.7337396090335));
#5992=CARTESIAN_POINT('Ctrl Pts',(-5.2987948535681,6.82934767198902,2.73304877684694));
#5993=CARTESIAN_POINT('Ctrl Pts',(-5.2990803659343,6.80110769250174,2.63108460850694));
#5994=CARTESIAN_POINT('Ctrl Pts',(-5.29934214972114,6.77394641078601,2.52878656781651));
#5995=CARTESIAN_POINT('Ctrl Pts',(-5.29954985339085,6.74798127879783,2.42617423681427));
#5996=CARTESIAN_POINT('Ctrl Pts',(-5.29956339793584,6.74628806895293,2.41948279349174));
#5997=CARTESIAN_POINT('Ctrl Pts',(-5.29957671708725,6.74459994568999,2.41278999574197));
#5998=CARTESIAN_POINT('Ctrl Pts',(-5.29958980419899,6.74291694157925,2.40609584137868));
#5999=CARTESIAN_POINT('Ctrl Pts',(-5.29978663850962,6.71760402605292,2.30541363695817));
#6000=CARTESIAN_POINT('Ctrl Pts',(-5.29993079019745,6.69344340690006,2.20440463045409));
#6001=CARTESIAN_POINT('Ctrl Pts',(-5.29998068723315,6.67054113956531,2.1030604057286));
#6002=CARTESIAN_POINT('Ctrl Pts',(-5.2999924499133,6.66514218065788,2.07916961374714));
#6003=CARTESIAN_POINT('Ctrl Pts',(-5.29999901543385,6.65981315201404,2.05525996909156));
#6004=CARTESIAN_POINT('Ctrl Pts',(-5.29999989956169,6.65455544303476,2.03133093912985));
#6005=CARTESIAN_POINT('Ctrl Pts',(-5.29999996642919,6.65415779711529,2.02952116206558));
#6006=CARTESIAN_POINT('Ctrl Pts',(-5.30000000000002,6.65376055916842,2.02771127608533));
#6007=CARTESIAN_POINT('Ctrl Pts',(-5.30000000000002,6.65336372975399,2.02590128091173));
#6008=CARTESIAN_POINT('',(-5.29999999999998,6.89644310670975,2.73373960903378));
#6009=CARTESIAN_POINT('',(-5.3,1.7,2.73373960903375));
#6010=CARTESIAN_POINT('',(-5.30000000000007,7.05474497033551,2.0259012809116));
#6011=CARTESIAN_POINT('Ctrl Pts',(-5.29999999999998,7.05474497033551,2.02590128091185));
#6012=CARTESIAN_POINT('Ctrl Pts',(-5.29999999999997,7.03498898547269,2.12824142070107));
#6013=CARTESIAN_POINT('Ctrl Pts',(-5.29989444653187,7.01386591931749,2.23023978850458));
#6014=CARTESIAN_POINT('Ctrl Pts',(-5.2997244974559,6.99147732314532,2.33193259002395));
#6015=CARTESIAN_POINT('Ctrl Pts',(-5.2996891920593,6.98682629304831,2.35305835766382));
#6016=CARTESIAN_POINT('Ctrl Pts',(-5.29965112694749,6.98212064731165,2.37417075943274));
#6017=CARTESIAN_POINT('Ctrl Pts',(-5.29961071082941,6.97736129637725,2.39526984402135));
#6018=CARTESIAN_POINT('Ctrl Pts',(-5.29941227353691,6.95399357185723,2.49886329680242));
#6019=CARTESIAN_POINT('Ctrl Pts',(-5.2991559674752,6.92933154629483,2.60213934505649));
#6020=CARTESIAN_POINT('Ctrl Pts',(-5.2988723478918,6.9034896330625,2.70509745625965));
#6021=CARTESIAN_POINT('Ctrl Pts',(-5.29885174431954,6.90161234475866,2.71257685827646));
#6022=CARTESIAN_POINT('Ctrl Pts',(-5.29883100146981,6.8997288298216,2.72005456028933));
#6023=CARTESIAN_POINT('Ctrl Pts',(-5.29881013354408,6.89783913211407,2.72753055184974));
#6024=CARTESIAN_POINT('Ctrl Pts',(-5.29880499891753,6.89737416534291,2.72937004588268));
#6025=CARTESIAN_POINT('Ctrl Pts',(-5.29879985604381,6.89690882332179,2.73120944139578));
#6026=CARTESIAN_POINT('Ctrl Pts',(-5.29879470506867,6.89644310670975,2.73304873831276));
#6027=CARTESIAN_POINT('',(-5.30000000000012,7.15336372975398,2.02590128091147));
#6028=CARTESIAN_POINT('',(-5.3,0.775690620290768,2.02590128091178));
#6029=CARTESIAN_POINT('',(-5.30000000000011,7.32934767198902,2.73373960903353));
#6030=CARTESIAN_POINT('Ctrl Pts',(-5.29879376411402,7.32934767198902,2.73304849163971));
#6031=CARTESIAN_POINT('Ctrl Pts',(-5.29907956721027,7.30110766907026,2.63108431617735));
#6032=CARTESIAN_POINT('Ctrl Pts',(-5.2993415946573,7.27394636571252,2.52878625431719));
#6033=CARTESIAN_POINT('Ctrl Pts',(-5.29954948135297,7.2479812141648,2.42617388529909));
#6034=CARTESIAN_POINT('Ctrl Pts',(-5.29956303764951,7.24628802599369,2.41948253019138));
#6035=CARTESIAN_POINT('Ctrl Pts',(-5.29957636830002,7.2445999242755,2.41278982062149));
#6036=CARTESIAN_POINT('Ctrl Pts',(-5.29958946665478,7.24291694157925,2.40609575440208));
#6037=CARTESIAN_POINT('Ctrl Pts',(-5.29978647256207,7.21760402716894,2.30541359905595));
#6038=CARTESIAN_POINT('Ctrl Pts',(-5.29993073676923,7.19344340903052,2.20440462577313));
#6039=CARTESIAN_POINT('Ctrl Pts',(-5.29998067241285,7.17054114259457,2.10306041536997));
#6040=CARTESIAN_POINT('Ctrl Pts',(-5.29999244419711,7.16514218265123,2.07916962124326));
#6041=CARTESIAN_POINT('Ctrl Pts',(-5.29999901470332,7.15981315299738,2.05525997338204));
#6042=CARTESIAN_POINT('Ctrl Pts',(-5.29999989948722,7.15455544303476,2.03133093911104));
#6043=CARTESIAN_POINT('Ctrl Pts',(-5.29999996640433,7.15415779711527,2.02952116205924));
#6044=CARTESIAN_POINT('Ctrl Pts',(-5.29999999999999,7.15376055916841,2.02771127608536));
#6045=CARTESIAN_POINT('Ctrl Pts',(-5.3,7.15336372975399,2.02590128091177));
#6046=CARTESIAN_POINT('',(-5.29999999999997,7.39644310670975,2.73373960903382));
#6047=CARTESIAN_POINT('',(-5.3,1.7,2.73373960903375));
#6048=CARTESIAN_POINT('',(-5.30000000000006,7.55474497033551,2.02590128091163));
#6049=CARTESIAN_POINT('Ctrl Pts',(-5.29999999999999,7.55474497033551,2.02590128091181));
#6050=CARTESIAN_POINT('Ctrl Pts',(-5.3,7.53498899895141,2.1282413508784));
#6051=CARTESIAN_POINT('Ctrl Pts',(-5.29989436780033,7.51386594814033,2.23023962928463));
#6052=CARTESIAN_POINT('Ctrl Pts',(-5.29972427673439,7.49147736896987,2.33193232496157));
#6053=CARTESIAN_POINT('Ctrl Pts',(-5.29968894170048,7.48682632395674,2.35305815440785));
#6054=CARTESIAN_POINT('Ctrl Pts',(-5.29965084419215,7.48212066294224,2.37417061716665));
#6055=CARTESIAN_POINT('Ctrl Pts',(-5.29961039305082,7.47736129637725,2.39526976195585));
#6056=CARTESIAN_POINT('Ctrl Pts',(-5.29941178439144,7.45399356478842,2.49886320143036));
#6057=CARTESIAN_POINT('Ctrl Pts',(-5.29915524414098,7.42933153137421,2.60213921929766));
#6058=CARTESIAN_POINT('Ctrl Pts',(-5.29887134148802,7.40348960961035,2.70509728594018));
#6059=CARTESIAN_POINT('Ctrl Pts',(-5.29885071744427,7.40161232907203,2.71257665131159));
#6060=CARTESIAN_POINT('Ctrl Pts',(-5.29882995386548,7.39972882195254,2.72005431661929));
#6061=CARTESIAN_POINT('Ctrl Pts',(-5.29880906495789,7.39783913211407,2.72753027141591));
#6062=CARTESIAN_POINT('Ctrl Pts',(-5.29880392514726,7.39737416534292,2.72936976406296));
#6063=CARTESIAN_POINT('Ctrl Pts',(-5.29879877707411,7.39690882332182,2.7312091581857));
#6064=CARTESIAN_POINT('Ctrl Pts',(-5.29879362088422,7.39644310670975,2.73304845370809));
#6065=CARTESIAN_POINT('',(-5.30000000000011,7.65336372975398,2.02590128091151));
#6066=CARTESIAN_POINT('',(-5.3,0.775690620290768,2.02590128091178));
#6067=CARTESIAN_POINT('',(-5.30000000000009,7.82934767198902,2.73373960903357));
#6068=CARTESIAN_POINT('Ctrl Pts',(-5.29879271302895,7.82934767198902,2.73304821087619));
#6069=CARTESIAN_POINT('Ctrl Pts',(-5.29907879660859,7.80110764725696,2.63108403292699));
#6070=CARTESIAN_POINT('Ctrl Pts',(-5.29934105912807,7.77394632375223,2.52878595478257));
#6071=CARTESIAN_POINT('Ctrl Pts',(-5.29954912240103,7.74798115399614,2.42617355292419));
#6072=CARTESIAN_POINT('Ctrl Pts',(-5.29956269004099,7.74628798600174,2.41948228010424));
#6073=CARTESIAN_POINT('Ctrl Pts',(-5.29957603179127,7.74459990434017,2.41278965278566));
#6074=CARTESIAN_POINT('Ctrl Pts',(-5.29958914099847,7.74291694157925,2.40609566878047));
#6075=CARTESIAN_POINT('Ctrl Pts',(-5.2997863124523,7.71760402910755,2.30541356508511));
#6076=CARTESIAN_POINT('Ctrl Pts',(-5.29993068521295,7.69344341273068,2.20440462786592));
#6077=CARTESIAN_POINT('Ctrl Pts',(-5.29998065810936,7.67054114785542,2.10306043494494));
#6078=CARTESIAN_POINT('Ctrl Pts',(-5.29999243868029,7.66514218611303,2.07916963535053));
#6079=CARTESIAN_POINT('Ctrl Pts',(-5.29999901399839,7.65981315470511,2.05525998097228));
#6080=CARTESIAN_POINT('Ctrl Pts',(-5.29999989941537,7.65455544303476,2.03133093909251));
#6081=CARTESIAN_POINT('Ctrl Pts',(-5.29999996638034,7.65415779711526,2.029521162053));
#6082=CARTESIAN_POINT('Ctrl Pts',(-5.29999999999999,7.6537605591684,2.02771127608532));
#6083=CARTESIAN_POINT('Ctrl Pts',(-5.29999999999999,7.65336372975399,2.02590128091181));
#6084=CARTESIAN_POINT('',(-5.29999999999995,7.89644310670975,2.73373960903386));
#6085=CARTESIAN_POINT('',(-5.3,1.7,2.73373960903375));
#6086=CARTESIAN_POINT('',(-5.30000000000004,8.05474497033551,2.02590128091167));
#6087=CARTESIAN_POINT('Ctrl Pts',(-5.29999999999998,8.05474497033551,2.02590128091184));
#6088=CARTESIAN_POINT('Ctrl Pts',(-5.29999999999998,8.03498901267033,2.12824127981158));
#6089=CARTESIAN_POINT('Ctrl Pts',(-5.29989429184296,8.01386597747678,2.23023946789629));
#6090=CARTESIAN_POINT('Ctrl Pts',(-5.29972406378708,7.99147741561116,2.33193205707536));
#6091=CARTESIAN_POINT('Ctrl Pts',(-5.29968870015187,7.98682635541606,2.35305794968545));
#6092=CARTESIAN_POINT('Ctrl Pts',(-5.29965057137882,7.98212067885142,2.3741704748014));
#6093=CARTESIAN_POINT('Ctrl Pts',(-5.29961008643755,7.97736129637724,2.39526968116765));
#6094=CARTESIAN_POINT('Ctrl Pts',(-5.29941131243853,7.95399355870693,2.49886310365347));
#6095=CARTESIAN_POINT('Ctrl Pts',(-5.29915454623761,7.92933151853753,2.60213908774122));
#6096=CARTESIAN_POINT('Ctrl Pts',(-5.29887037047122,7.9034895894342,2.70509710667382));
#6097=CARTESIAN_POINT('Ctrl Pts',(-5.29884972666653,7.90161231557665,2.71257643983792));
#6098=CARTESIAN_POINT('Ctrl Pts',(-5.29882894307825,7.8997288151827,2.72005407287755));
#6099=CARTESIAN_POINT('Ctrl Pts',(-5.29880803391708,7.89783913211407,2.72752999534676));
#6100=CARTESIAN_POINT('Ctrl Pts',(-5.29880288910468,7.89737416535466,2.72936948658302));
#6101=CARTESIAN_POINT('Ctrl Pts',(-5.29879773601485,7.89690882334539,2.73120887929058));
#6102=CARTESIAN_POINT('Ctrl Pts',(-5.29879257479316,7.89644310670975,2.73304817353311));
#6103=CARTESIAN_POINT('',(-5.30000000000009,8.15336372975399,2.02590128091154));
#6104=CARTESIAN_POINT('',(-5.3,0.775690620290768,2.02590128091178));
#6105=CARTESIAN_POINT('',(-5.30000000000007,8.32934767198902,2.73373960903361));
#6106=CARTESIAN_POINT('Ctrl Pts',(-5.29879169832085,8.32934767198902,2.73304793445361));
#6107=CARTESIAN_POINT('Ctrl Pts',(-5.29907805266949,8.30110762693967,2.63108375824006));
#6108=CARTESIAN_POINT('Ctrl Pts',(-5.29934054211999,8.27394628467047,2.5287856682768));
#6109=CARTESIAN_POINT('Ctrl Pts',(-5.29954877585646,8.24798109795547,2.42617323832544));
#6110=CARTESIAN_POINT('Ctrl Pts',(-5.29956235445262,8.24628794875353,2.41948204231026));
#6111=CARTESIAN_POINT('Ctrl Pts',(-5.29957570692369,8.24459988577253,2.41278949175896));
#6112=CARTESIAN_POINT('Ctrl Pts',(-5.29958882661276,8.24291694157925,2.40609558448273));
#6113=CARTESIAN_POINT('Ctrl Pts',(-5.29978615787787,8.21760403172421,2.30541353445576));
#6114=CARTESIAN_POINT('Ctrl Pts',(-5.29993063543242,8.19344341772628,2.20440463558127));
#6115=CARTESIAN_POINT('Ctrl Pts',(-5.29998064429654,8.17054115495884,2.10306046273058));
#6116=CARTESIAN_POINT('Ctrl Pts',(-5.29999243335286,8.16514219078731,2.07916965491957));
#6117=CARTESIAN_POINT('Ctrl Pts',(-5.2999990133178,8.15981315701097,2.05525999128742));
#6118=CARTESIAN_POINT('Ctrl Pts',(-5.29999989934607,8.15455544303476,2.03133093907413));
#6119=CARTESIAN_POINT('Ctrl Pts',(-5.29999996635724,8.15415779711531,2.02952116204705));
#6120=CARTESIAN_POINT('Ctrl Pts',(-5.30000000000002,8.15376055916843,2.02771127608537));
#6121=CARTESIAN_POINT('Ctrl Pts',(-5.30000000000003,8.15336372975399,2.02590128091169));
#6122=CARTESIAN_POINT('',(-5.29999999999993,8.39644310670975,2.73373960903389));
#6123=CARTESIAN_POINT('',(-5.3,1.7,2.73373960903375));
#6124=CARTESIAN_POINT('',(-5.30000000000003,8.55474497033551,2.02590128091171));
#6125=CARTESIAN_POINT('Ctrl Pts',(-5.29999999999996,8.55474497033551,2.02590128091188));
#6126=CARTESIAN_POINT('Ctrl Pts',(-5.29999999999997,8.53498902658366,2.12824120773763));
#6127=CARTESIAN_POINT('Ctrl Pts',(-5.29989421851563,8.51386600722901,2.23023930480509));
#6128=CARTESIAN_POINT('Ctrl Pts',(-5.29972385821035,8.49147746291328,2.33193178705335));
#6129=CARTESIAN_POINT('Ctrl Pts',(-5.29968846695638,8.48682638732111,2.35305774394548));
#6130=CARTESIAN_POINT('Ctrl Pts',(-5.29965030799223,8.48212069498601,2.37417033254644));
#6131=CARTESIAN_POINT('Ctrl Pts',(-5.29960979041128,8.47736129637724,2.39526960162722));
#6132=CARTESIAN_POINT('Ctrl Pts',(-5.29941085678811,8.45399355360413,2.49886300346434));
#6133=CARTESIAN_POINT('Ctrl Pts',(-5.29915387244884,8.42933150776672,2.60213895039535));
#6134=CARTESIAN_POINT('Ctrl Pts',(-5.29886943301032,8.40348957250448,2.70509691848299));
#6135=CARTESIAN_POINT('Ctrl Pts',(-5.29884877011793,8.40161230425274,2.71257622383661));
#6136=CARTESIAN_POINT('Ctrl Pts',(-5.2988279672017,8.39972880950216,2.72005382900446));
#6137=CARTESIAN_POINT('Ctrl Pts',(-5.29880703847694,8.39783913211407,2.72752972354143));
#6138=CARTESIAN_POINT('Ctrl Pts',(-5.29880188883493,8.39737416531952,2.72936921357353));
#6139=CARTESIAN_POINT('Ctrl Pts',(-5.2987967309013,8.39690882327483,2.73120860507295));
#6140=CARTESIAN_POINT('Ctrl Pts',(-5.29879156482259,8.39644310670974,2.73304789768504));
#6141=CARTESIAN_POINT('',(-5.30000000000008,8.65336372975399,2.02590128091158));
#6142=CARTESIAN_POINT('',(-5.3,0.775690620290768,2.02590128091178));
#6143=CARTESIAN_POINT('',(-5.30000000000006,8.82934767198902,2.73373960903364));
#6144=CARTESIAN_POINT('Ctrl Pts',(-5.29879071813361,8.82934767198902,2.73304766227165));
#6145=CARTESIAN_POINT('Ctrl Pts',(-5.29907733403184,8.8011076081122,2.63108349202097));
#6146=CARTESIAN_POINT('Ctrl Pts',(-5.29934004268646,8.7739462484539,2.52878539469955));
#6147=CARTESIAN_POINT('Ctrl Pts',(-5.29954844108439,8.74798104602304,2.42617294139132));
#6148=CARTESIAN_POINT('Ctrl Pts',(-5.29956203026987,8.74628791423591,2.41948181672501));
#6149=CARTESIAN_POINT('Ctrl Pts',(-5.29957539310277,8.74459986856606,2.41278933748371));
#6150=CARTESIAN_POINT('Ctrl Pts',(-5.29958852292258,8.74291694157925,2.40609550147826));
#6151=CARTESIAN_POINT('Ctrl Pts',(-5.29978600855613,8.7176040350176,2.30541350714768));
#6152=CARTESIAN_POINT('Ctrl Pts',(-5.29993058733671,8.69344342401325,2.20440464889725));
#6153=CARTESIAN_POINT('Ctrl Pts',(-5.29998063094904,8.67054116389814,2.10306049869609));
#6154=CARTESIAN_POINT('Ctrl Pts',(-5.29999242820493,8.66514219666965,2.07916967993039));
#6155=CARTESIAN_POINT('Ctrl Pts',(-5.2999990126602,8.65981315991278,2.05526000431774));
#6156=CARTESIAN_POINT('Ctrl Pts',(-5.29999989927907,8.65455544303476,2.03133093905617));
#6157=CARTESIAN_POINT('Ctrl Pts',(-5.29999996633487,8.65415779711535,2.02952116204126));
#6158=CARTESIAN_POINT('Ctrl Pts',(-5.30000000000001,8.65376055916844,2.02771127608549));
#6159=CARTESIAN_POINT('Ctrl Pts',(-5.30000000000002,8.65336372975399,2.02590128091173));
#6160=CARTESIAN_POINT('',(-5.29999999999991,8.89644310670975,2.73373960903393));
#6161=CARTESIAN_POINT('',(-5.3,1.7,2.73373960903375));
#6162=CARTESIAN_POINT('',(-5.30000000000001,9.05474497033551,2.02590128091174));
#6163=CARTESIAN_POINT('Ctrl Pts',(-5.29999999999995,9.05474497033551,2.02590128091192));
#6164=CARTESIAN_POINT('Ctrl Pts',(-5.29999999999995,9.0349890406745,2.12824113474418));
#6165=CARTESIAN_POINT('Ctrl Pts',(-5.29989414768446,9.01386603736081,2.23023914017854));
#6166=CARTESIAN_POINT('Ctrl Pts',(-5.29972365962885,8.99147751081886,2.3319315151359));
#6167=CARTESIAN_POINT('Ctrl Pts',(-5.29968824168872,8.9868264196332,2.3530575373387));
#6168=CARTESIAN_POINT('Ctrl Pts',(-5.29965005355238,8.98212071132644,2.37417019046295));
#6169=CARTESIAN_POINT('Ctrl Pts',(-5.29960950443301,8.97736129637725,2.39526952330582));
#6170=CARTESIAN_POINT('Ctrl Pts',(-5.29941041660976,8.95399354938308,2.49886290124847));
#6171=CARTESIAN_POINT('Ctrl Pts',(-5.2991532215459,8.92933149885696,2.60213880805181));
#6172=CARTESIAN_POINT('Ctrl Pts',(-5.2988685273951,8.90348955850091,2.70509672255195));
#6173=CARTESIAN_POINT('Ctrl Pts',(-5.29884784605448,8.90161229488606,2.71257600406444));
#6174=CARTESIAN_POINT('Ctrl Pts',(-5.29882702445796,8.89972880480345,2.7200535853289));
#6175=CARTESIAN_POINT('Ctrl Pts',(-5.29880607682502,8.89783913211407,2.72752945590158));
#6176=CARTESIAN_POINT('Ctrl Pts',(-5.29880092251784,8.89737416533126,2.72936894456461));
#6177=CARTESIAN_POINT('Ctrl Pts',(-5.29879575990519,8.89690882329841,2.73120833469057));
#6178=CARTESIAN_POINT('Ctrl Pts',(-5.2987905891333,8.89644310670975,2.73304762606472));
#6179=CARTESIAN_POINT('',(-5.30000000000006,9.15336372975399,2.02590128091162));
#6180=CARTESIAN_POINT('',(-5.3,0.775690620290768,2.02590128091178));
#6181=CARTESIAN_POINT('',(-5.30000000000004,9.32934767198902,2.73373960903368));
#6182=CARTESIAN_POINT('Ctrl Pts',(-5.29878977073507,9.32934767198902,2.73304739423346));
#6183=CARTESIAN_POINT('Ctrl Pts',(-5.29907663942579,9.30110759072539,2.63108323402165));
#6184=CARTESIAN_POINT('Ctrl Pts',(-5.29933955994537,9.27394621500737,2.52878513364313));
#6185=CARTESIAN_POINT('Ctrl Pts',(-5.29954811749378,9.24798099806215,2.42617266154833));
#6186=CARTESIAN_POINT('Ctrl Pts',(-5.29956171692031,9.24628788235803,2.41948160295604));
#6187=CARTESIAN_POINT('Ctrl Pts',(-5.29957508977401,9.24459985267545,2.41278918974923));
#6188=CARTESIAN_POINT('Ctrl Pts',(-5.29958822939127,9.24291694157925,2.40609541973751));
#6189=CARTESIAN_POINT('Ctrl Pts',(-5.29978586422325,9.21760403898533,2.30541348313696));
#6190=CARTESIAN_POINT('Ctrl Pts',(-5.29993054084092,9.19344343158751,2.20440466779222));
#6191=CARTESIAN_POINT('Ctrl Pts',(-5.29998061804334,9.17054117466783,2.10306054281594));
#6192=CARTESIAN_POINT('Ctrl Pts',(-5.29999242322744,9.16514220375645,2.07916971036633));
#6193=CARTESIAN_POINT('Ctrl Pts',(-5.29999901202447,9.15981316340876,2.05526002005494));
#6194=CARTESIAN_POINT('Ctrl Pts',(-5.2999998992143,9.15455544303476,2.03133093903849));
#6195=CARTESIAN_POINT('Ctrl Pts',(-5.29999996631325,9.15415779710201,2.02952116197466));
#6196=CARTESIAN_POINT('Ctrl Pts',(-5.30000000000005,9.1537605591618,2.02771127605508));
#6197=CARTESIAN_POINT('Ctrl Pts',(-5.30000000000006,9.15336372975399,2.02590128091162));
#6198=CARTESIAN_POINT('',(-5.29999999999989,9.39644310670975,2.73373960903396));
#6199=CARTESIAN_POINT('',(-5.3,1.7,2.73373960903375));
#6200=CARTESIAN_POINT('',(-5.3,9.55474497033551,2.02590128091178));
#6201=CARTESIAN_POINT('Ctrl Pts',(-5.29999999999999,9.55474497033551,2.0259012809118));
#6202=CARTESIAN_POINT('Ctrl Pts',(-5.29999999999999,9.53498905490156,2.12824106104493));
#6203=CARTESIAN_POINT('Ctrl Pts',(-5.29989407922405,9.51386606778397,2.23023897443608));
#6204=CARTESIAN_POINT('Ctrl Pts',(-5.29972346769158,9.49147755918726,2.33193124194248));
#6205=CARTESIAN_POINT('Ctrl Pts',(-5.29968802395143,9.48682645225747,2.35305733026862));
#6206=CARTESIAN_POINT('Ctrl Pts',(-5.29964980761103,9.48212072782476,2.37417004873882));
#6207=CARTESIAN_POINT('Ctrl Pts',(-5.29960922799968,9.47736129637725,2.39526944617563));
#6208=CARTESIAN_POINT('Ctrl Pts',(-5.29940999112828,9.45399354592759,2.49886279747793));
#6209=CARTESIAN_POINT('Ctrl Pts',(-5.29915259238153,9.42933149156314,2.60213866167331));
#6210=CARTESIAN_POINT('Ctrl Pts',(-5.29886765202879,9.40348954703721,2.70509652033001));
#6211=CARTESIAN_POINT('Ctrl Pts',(-5.29884695284826,9.40161228721824,2.71257578145563));
#6212=CARTESIAN_POINT('Ctrl Pts',(-5.29882611318732,9.39972880095695,2.72005334227064));
#6213=CARTESIAN_POINT('Ctrl Pts',(-5.29880514726967,9.39783913211407,2.72752919233234));
#6214=CARTESIAN_POINT('Ctrl Pts',(-5.29879998845306,9.397374165343,2.72936867964634));
#6215=CARTESIAN_POINT('Ctrl Pts',(-5.29879482131752,9.39690882332198,2.7312080684191));
#6216=CARTESIAN_POINT('Ctrl Pts',(-5.29878964600908,9.39644310670975,2.73304735857554));
#6217=CARTESIAN_POINT('',(-5.30000000000005,9.65336372975399,2.02590128091165));
#6218=CARTESIAN_POINT('',(-5.3,0.775690620290768,2.02590128091178));
#6219=CARTESIAN_POINT('',(-5.30000000000002,9.82934767198902,2.73373960903371));
#6220=CARTESIAN_POINT('Ctrl Pts',(-5.2987888545069,9.82934767198902,2.73304713024541));
#6221=CARTESIAN_POINT('Ctrl Pts',(-5.29907596766691,9.80110757453469,2.63108298329104));
#6222=CARTESIAN_POINT('Ctrl Pts',(-5.2993390930758,9.7739461838629,2.52878488329806));
#6223=CARTESIAN_POINT('Ctrl Pts',(-5.2995478045362,9.74798095340282,2.42617239611778));
#6224=CARTESIAN_POINT('Ctrl Pts',(-5.29956141387142,9.74628785267459,2.41948139920797));
#6225=CARTESIAN_POINT('Ctrl Pts',(-5.29957479642082,9.74459983787873,2.41278904764293));
#6226=CARTESIAN_POINT('Ctrl Pts',(-5.29958794551745,9.74291694157925,2.40609533923185));
#6227=CARTESIAN_POINT('Ctrl Pts',(-5.29978572463369,9.71760404350747,2.3054134619326));
#6228=CARTESIAN_POINT('Ctrl Pts',(-5.29993049586704,9.69344344022009,2.2044046913044));
#6229=CARTESIAN_POINT('Ctrl Pts',(-5.29998060555814,9.67054118694229,2.10306059364795));
#6230=CARTESIAN_POINT('Ctrl Pts',(-5.29999241841218,9.66514221183343,2.07916974526549));
#6231=CARTESIAN_POINT('Ctrl Pts',(-5.29999901140957,9.6598131673932,2.05526003801787));
#6232=CARTESIAN_POINT('Ctrl Pts',(-5.29999989915167,9.65455544303476,2.03133093902108));
#6233=CARTESIAN_POINT('Ctrl Pts',(-5.29999996629231,9.65415779711526,2.02952116202924));
#6234=CARTESIAN_POINT('Ctrl Pts',(-5.3,9.6537605591684,2.02771127608531));
#6235=CARTESIAN_POINT('Ctrl Pts',(-5.29999999999999,9.65336372975399,2.0259012809118));
#6236=CARTESIAN_POINT('',(-5.29999999999987,9.89644310670975,2.733739609034));
#6237=CARTESIAN_POINT('',(-5.3,1.7,2.73373960903375));
#6238=CARTESIAN_POINT('',(-5.30000000000002,10.0547449703355,2.02590128091174));
#6239=CARTESIAN_POINT('Ctrl Pts',(-5.29999999999998,10.0547449703355,2.02590128091184));
#6240=CARTESIAN_POINT('Ctrl Pts',(-5.29999999999998,10.0349823705599,2.12827568733465));
#6241=CARTESIAN_POINT('Ctrl Pts',(-5.29989681771571,10.0138517738568,2.23030989670391));
#6242=CARTESIAN_POINT('Ctrl Pts',(-5.29973105040072,9.99145483354338,2.33203962439996));
#6243=CARTESIAN_POINT('Ctrl Pts',(-5.29969668073949,9.98681112406885,2.35313193851666));
#6244=CARTESIAN_POINT('Ctrl Pts',(-5.29965964027219,9.98211297633122,2.37421098536789));
#6245=CARTESIAN_POINT('Ctrl Pts',(-5.29962033084359,9.97736129637724,2.3952768091422));
#6246=CARTESIAN_POINT('Ctrl Pts',(-5.29942696090546,9.95398695359199,2.49890327193508));
#6247=CARTESIAN_POINT('Ctrl Pts',(-5.29917748386297,9.9293175765103,2.60221338618279));
#6248=CARTESIAN_POINT('Ctrl Pts',(-5.29890195370138,9.90346767574443,2.70520616234578));
#6249=CARTESIAN_POINT('Ctrl Pts',(-5.29888202146755,9.90159765809019,2.71265680254082));
#6250=CARTESIAN_POINT('Ctrl Pts',(-5.29886195775763,9.8997214624295,2.72010576005978));
#6251=CARTESIAN_POINT('Ctrl Pts',(-5.29884177642522,9.89783913211407,2.72755302441855));
#6252=CARTESIAN_POINT('Ctrl Pts',(-5.2988367913018,9.89737416534293,2.72939262208869));
#6253=CARTESIAN_POINT('Ctrl Pts',(-5.29883179832704,9.89690882332184,2.73123212148227));
#6254=CARTESIAN_POINT('Ctrl Pts',(-5.29882679764395,9.89644310670975,2.733071522521));
#6255=CARTESIAN_POINT('',(-5.30000000000004,10.153363729754,2.02590128091169));
#6256=CARTESIAN_POINT('',(-5.3,0.775690620290768,2.02590128091178));
#6257=CARTESIAN_POINT('',(-5.3,10.2,2.23041679629914));
#6258=CARTESIAN_POINT('Ctrl Pts',(-5.29993399354195,10.2,2.23037104516871));
#6259=CARTESIAN_POINT('Ctrl Pts',(-5.29997526148621,10.1838943509097,2.16235680517362));
#6260=CARTESIAN_POINT('Ctrl Pts',(-5.30000000000008,10.1683381640459,2.09420179697803));
#6261=CARTESIAN_POINT('Ctrl Pts',(-5.30000000000004,10.153363729754,2.02590128091169));
#6262=CARTESIAN_POINT('',(-5.3,10.2,1.46969384566991));
#6263=CARTESIAN_POINT('',(-5.3,10.2,-5.01419118162361));
#6264=CARTESIAN_POINT('',(-5.3,11.7,1.46969384566991));
#6265=CARTESIAN_POINT('',(-5.3,11.7,1.46969384566991));
#6266=CARTESIAN_POINT('',(-5.3,11.7,-1.46969384566991));
#6267=CARTESIAN_POINT('',(-5.3,11.7,-5.01419118162361));
#6268=CARTESIAN_POINT('',(-5.3,10.2,-1.46969384566991));
#6269=CARTESIAN_POINT('',(-5.3,11.7,-1.46969384566991));
#6270=CARTESIAN_POINT('',(-5.29999999999954,10.2,-2.51431109715929));
#6271=CARTESIAN_POINT('',(-5.3,10.2,-5.01419118162361));
#6272=CARTESIAN_POINT('',(-5.29999999999998,10.0952550296645,-2.02590128091184));
#6273=CARTESIAN_POINT('Ctrl Pts',(-5.29999999999995,10.0952550296645,-2.02590128091191));
#6274=CARTESIAN_POINT('Ctrl Pts',(-5.29999999999995,10.1150133016661,-2.12825326855934));
#6275=CARTESIAN_POINT('Ctrl Pts',(-5.29989403986753,10.136138966574,-2.23026305578567));
#6276=CARTESIAN_POINT('Ctrl Pts',(-5.29972319608903,10.1585303602881,-2.33196704172953));
#6277=CARTESIAN_POINT('Ctrl Pts',(-5.29968428953339,10.163629591954,-2.35512827020426));
#6278=CARTESIAN_POINT('Ctrl Pts',(-5.29964204065129,10.1687944665409,-2.37827342612247));
#6279=CARTESIAN_POINT('Ctrl Pts',(-5.29959698778965,10.1740237833378,-2.40140256978611));
#6280=CARTESIAN_POINT('Ctrl Pts',(-5.29952383611602,10.1825145486708,-2.43895702265849));
#6281=CARTESIAN_POINT('Ctrl Pts',(-5.29944299378846,10.191175042884,-2.47646927598352));
#6282=CARTESIAN_POINT('Ctrl Pts',(-5.29935609336389,10.2000000000002,-2.51394013790533));
#6283=CARTESIAN_POINT('',(-5.3,9.99663627024601,-2.02590128091178));
#6284=CARTESIAN_POINT('',(-5.3,0.775690620290768,-2.02590128091178));
#6285=CARTESIAN_POINT('',(-5.30000000000013,9.82065232801098,-2.7337396090335));
#6286=CARTESIAN_POINT('Ctrl Pts',(-5.29878918615357,9.82065232801098,-2.73304722635085));
#6287=CARTESIAN_POINT('Ctrl Pts',(-5.29907615907512,9.84888732817027,-2.63110145766784));
#6288=CARTESIAN_POINT('Ctrl Pts',(-5.29933923158507,9.87604408155571,-2.52882148161704));
#6289=CARTESIAN_POINT('Ctrl Pts',(-5.29954781960887,9.90200521102368,-2.42622707886611));
#6290=CARTESIAN_POINT('Ctrl Pts',(-5.29956463970384,9.90409866133361,-2.41795408425308));
#6291=CARTESIAN_POINT('Ctrl Pts',(-5.29958111252373,9.90618433713864,-2.4096790177782));
#6292=CARTESIAN_POINT('Ctrl Pts',(-5.29959722542631,9.90826217689263,-2.40140187520642));
#6293=CARTESIAN_POINT('Ctrl Pts',(-5.29979319799685,9.93353382460645,-2.30073144056407));
#6294=CARTESIAN_POINT('Ctrl Pts',(-5.29993569126539,9.95765198475598,-2.19973423342149));
#6295=CARTESIAN_POINT('Ctrl Pts',(-5.29998288043434,9.98051075993682,-2.09840141247436));
#6296=CARTESIAN_POINT('Ctrl Pts',(-5.29999412543986,9.98595792204645,-2.07425417368498));
#6297=CARTESIAN_POINT('Ctrl Pts',(-5.29999999999998,9.99133356980645,-2.05008764879104));
#6298=CARTESIAN_POINT('Ctrl Pts',(-5.29999999999998,9.99663627024601,-2.02590128091184));
#6299=CARTESIAN_POINT('',(-5.29999999999998,9.75355689329025,-2.73373960903379));
#6300=CARTESIAN_POINT('',(-5.3,1.7,-2.73373960903375));
#6301=CARTESIAN_POINT('',(-5.29999999999999,9.59525502966449,-2.0259012809118));
#6302=CARTESIAN_POINT('Ctrl Pts',(-5.29999999999999,9.59525502966449,-2.0259012809118));
#6303=CARTESIAN_POINT('Ctrl Pts',(-5.3,9.61501331590545,-2.12825334232181));
#6304=CARTESIAN_POINT('Ctrl Pts',(-5.29989410529434,9.63613899702347,-2.23026322127181));
#6305=CARTESIAN_POINT('Ctrl Pts',(-5.29972337952207,9.65853040869902,-2.33196731402694));
#6306=CARTESIAN_POINT('Ctrl Pts',(-5.29968449999127,9.66362962464346,-2.35512847683821));
#6307=CARTESIAN_POINT('Ctrl Pts',(-5.29964228089413,9.66879448308956,-2.37827356800095));
#6308=CARTESIAN_POINT('Ctrl Pts',(-5.29959726043186,9.67402378333777,-2.40140264778433));
#6309=CARTESIAN_POINT('Ctrl Pts',(-5.29939556147108,9.69745189518337,-2.50502467029799));
#6310=CARTESIAN_POINT('Ctrl Pts',(-5.29913634939671,9.72217321492065,-2.60832953818256));
#6311=CARTESIAN_POINT('Ctrl Pts',(-5.29885009857588,9.74807310723666,-2.71131612751857));
#6312=CARTESIAN_POINT('Ctrl Pts',(-5.29882996026325,9.74989521599778,-2.71856143821011));
#6313=CARTESIAN_POINT('Ctrl Pts',(-5.29880969271919,9.75172315798766,-2.72580515284111));
#6314=CARTESIAN_POINT('Ctrl Pts',(-5.29878930882151,9.75355689329025,-2.73304726173916));
#6315=CARTESIAN_POINT('',(-5.29999999999999,9.49663627024601,-2.02590128091182));
#6316=CARTESIAN_POINT('',(-5.3,0.775690620290768,-2.02590128091178));
#6317=CARTESIAN_POINT('',(-5.30000000000011,9.32065232801098,-2.73373960903354));
#6318=CARTESIAN_POINT('Ctrl Pts',(-5.29879011360328,9.32065232801098,-2.73304749180971));
#6319=CARTESIAN_POINT('Ctrl Pts',(-5.2990768391045,9.3488873116257,-2.6311017107604));
#6320=CARTESIAN_POINT('Ctrl Pts',(-5.29933970424374,9.37604404973023,-2.52882173528861));
#6321=CARTESIAN_POINT('Ctrl Pts',(-5.29954813647902,9.40200516538723,-2.42622734867409));
#6322=CARTESIAN_POINT('Ctrl Pts',(-5.29956494414351,9.4040986310223,-2.41795429039853));
#6323=CARTESIAN_POINT('Ctrl Pts',(-5.29958140486373,9.40618432203993,-2.40967916032998));
#6324=CARTESIAN_POINT('Ctrl Pts',(-5.29959750600366,9.40826217689263,-2.40140195423476));
#6325=CARTESIAN_POINT('Ctrl Pts',(-5.29979333412418,9.43353382922323,-2.3007314601263));
#6326=CARTESIAN_POINT('Ctrl Pts',(-5.29993573338083,9.4576519935681,-2.19973420821695));
#6327=CARTESIAN_POINT('Ctrl Pts',(-5.29998289160488,9.4805107724648,-2.09840136003278));
#6328=CARTESIAN_POINT('Ctrl Pts',(-5.29999412922568,9.48595793028878,-2.07425413767645));
#6329=CARTESIAN_POINT('Ctrl Pts',(-5.29999999999999,9.49133357387169,-2.05008763024886));
#6330=CARTESIAN_POINT('Ctrl Pts',(-5.29999999999999,9.49663627024601,-2.0259012809118));
#6331=CARTESIAN_POINT('',(-5.29999999999996,9.25355689329025,-2.73373960903382));
#6332=CARTESIAN_POINT('',(-5.3,1.7,-2.73373960903375));
#6333=CARTESIAN_POINT('',(-5.29999999999998,9.09525502966449,-2.02590128091183));
#6334=CARTESIAN_POINT('Ctrl Pts',(-5.29999999999998,9.09525502966449,-2.02590128091183));
#6335=CARTESIAN_POINT('Ctrl Pts',(-5.29999999999999,9.11501332998674,-2.1282534152659));
#6336=CARTESIAN_POINT('Ctrl Pts',(-5.29989417293535,9.13613902713515,-2.23026338540847));
#6337=CARTESIAN_POINT('Ctrl Pts',(-5.29972356916011,9.15853045657231,-2.33196758468321));
#6338=CARTESIAN_POINT('Ctrl Pts',(-5.29968471756106,9.16362965696985,-2.3551286827645));
#6339=CARTESIAN_POINT('Ctrl Pts',(-5.29964252924788,9.16879449945444,-2.37827371011627));
#6340=CARTESIAN_POINT('Ctrl Pts',(-5.29959754227131,9.17402378333777,-2.40140272697445));
#6341=CARTESIAN_POINT('Ctrl Pts',(-5.29939599273038,9.1974518917925,-2.50502477685614));
#6342=CARTESIAN_POINT('Ctrl Pts',(-5.29913698383369,9.22217320776438,-2.60832968794157));
#6343=CARTESIAN_POINT('Ctrl Pts',(-5.29885097800262,9.2480730959919,-2.71131633360167));
#6344=CARTESIAN_POINT('Ctrl Pts',(-5.2988308568812,9.24989520847727,-2.71856166420831));
#6345=CARTESIAN_POINT('Ctrl Pts',(-5.29881060673546,9.25172315421548,-2.72580539881237));
#6346=CARTESIAN_POINT('Ctrl Pts',(-5.29879024043934,9.25355689329025,-2.73304752774071));
#6347=CARTESIAN_POINT('',(-5.29999999999997,8.99663627024601,-2.02590128091186));
#6348=CARTESIAN_POINT('',(-5.3,0.775690620290768,-2.02590128091178));
#6349=CARTESIAN_POINT('',(-5.30000000000009,8.82065232801098,-2.73373960903357));
#6350=CARTESIAN_POINT('Ctrl Pts',(-5.29879107280276,8.82065232801098,-2.73304776135258));
#6351=CARTESIAN_POINT('Ctrl Pts',(-5.29907754240612,8.84888729374701,-2.6311019716448));
#6352=CARTESIAN_POINT('Ctrl Pts',(-5.29934019306932,8.87604401533891,-2.52882200068249));
#6353=CARTESIAN_POINT('Ctrl Pts',(-5.29954846418025,8.90200511607171,-2.42622763439778));
#6354=CARTESIAN_POINT('Ctrl Pts',(-5.29956525899442,8.90409859826739,-2.41795450756066));
#6355=CARTESIAN_POINT('Ctrl Pts',(-5.29958170720624,8.906184305724,-2.40967930899848));
#6356=CARTESIAN_POINT('Ctrl Pts',(-5.29959779618609,8.90826217689263,-2.401402034479));
#6357=CARTESIAN_POINT('Ctrl Pts',(-5.29979347490589,8.93353383326972,-2.3007314825442));
#6358=CARTESIAN_POINT('Ctrl Pts',(-5.29993577692982,8.95765200129143,-2.19973418775144));
#6359=CARTESIAN_POINT('Ctrl Pts',(-5.29998290315375,8.98051078344471,-2.0984013145013));
#6360=CARTESIAN_POINT('Ctrl Pts',(-5.2999941331397,8.98595793751262,-2.07425410626262));
#6361=CARTESIAN_POINT('Ctrl Pts',(-5.30000000000001,8.9913335774346,-2.05008761399792));
#6362=CARTESIAN_POINT('Ctrl Pts',(-5.30000000000001,8.99663627024601,-2.02590128091176));
#6363=CARTESIAN_POINT('',(-5.29999999999994,8.75355689329025,-2.73373960903386));
#6364=CARTESIAN_POINT('',(-5.3,1.7,-2.73373960903375));
#6365=CARTESIAN_POINT('',(-5.29999999999997,8.59525502966449,-2.02590128091187));
#6366=CARTESIAN_POINT('Ctrl Pts',(-5.29999999999997,8.59525502966449,-2.02590128091187));
#6367=CARTESIAN_POINT('Ctrl Pts',(-5.29999999999996,8.61501334393581,-2.12825348752504));
#6368=CARTESIAN_POINT('Ctrl Pts',(-5.29989424290411,8.63613905696401,-2.23026354846795));
#6369=CARTESIAN_POINT('Ctrl Pts',(-5.29972376532153,8.65853050399637,-2.33196785411864));
#6370=CARTESIAN_POINT('Ctrl Pts',(-5.2996849426081,8.66362968899289,-2.35512888827182));
#6371=CARTESIAN_POINT('Ctrl Pts',(-5.2996427861295,8.66879451566573,-2.37827385262643));
#6372=CARTESIAN_POINT('Ctrl Pts',(-5.29959783378124,8.67402378333777,-2.4014028073843));
#6373=CARTESIAN_POINT('Ctrl Pts',(-5.29939643879381,8.69745188749785,-2.50502488128907));
#6374=CARTESIAN_POINT('Ctrl Pts',(-5.29913764005712,8.72217319870102,-2.60832983249722));
#6375=CARTESIAN_POINT('Ctrl Pts',(-5.29885188763309,8.74807308174827,-2.71131653162255));
#6376=CARTESIAN_POINT('Ctrl Pts',(-5.29883178428333,8.74989519895112,-2.71856188619802));
#6377=CARTESIAN_POINT('Ctrl Pts',(-5.29881155212333,8.75172314943731,-2.72580564482811));
#6378=CARTESIAN_POINT('Ctrl Pts',(-5.29879120402307,8.75355689329025,-2.73304779783887));
#6379=CARTESIAN_POINT('',(-5.29999999999996,8.49663627024601,-2.02590128091189));
#6380=CARTESIAN_POINT('',(-5.3,0.775690620290768,-2.02590128091178));
#6381=CARTESIAN_POINT('',(-5.30000000000007,8.32065232801098,-2.73373960903361));
#6382=CARTESIAN_POINT('Ctrl Pts',(-5.29879206541074,8.32065232801098,-2.73304803507453));
#6383=CARTESIAN_POINT('Ctrl Pts',(-5.29907827019637,8.34888727451651,-2.6311022404542));
#6384=CARTESIAN_POINT('Ctrl Pts',(-5.29934069890763,8.37604397834663,-2.52882227797851));
#6385=CARTESIAN_POINT('Ctrl Pts',(-5.29954880327973,8.40200506302624,-2.4262279362701));
#6386=CARTESIAN_POINT('Ctrl Pts',(-5.29956558480139,8.40409856303507,-2.41795473590411));
#6387=CARTESIAN_POINT('Ctrl Pts',(-5.29958202007428,8.40618428817403,-2.40967946388018));
#6388=CARTESIAN_POINT('Ctrl Pts',(-5.29959809647546,8.40826217689263,-2.40140211596736));
#6389=CARTESIAN_POINT('Ctrl Pts',(-5.29979362058474,8.4335338366585,-2.30073150817963));
#6390=CARTESIAN_POINT('Ctrl Pts',(-5.29993582198662,8.45765200775986,-2.19973417272488));
#6391=CARTESIAN_POINT('Ctrl Pts',(-5.29998291510031,8.48051079264083,-2.09840127692618));
#6392=CARTESIAN_POINT('Ctrl Pts',(-5.29999413718841,8.48595794356287,-2.07425408014131));
#6393=CARTESIAN_POINT('Ctrl Pts',(-5.29999999999997,8.49133358041867,-2.05008760038721));
#6394=CARTESIAN_POINT('Ctrl Pts',(-5.29999999999997,8.49663627024601,-2.02590128091187));
#6395=CARTESIAN_POINT('',(-5.29999999999993,8.25355689329025,-2.73373960903389));
#6396=CARTESIAN_POINT('',(-5.3,1.7,-2.73373960903375));
#6397=CARTESIAN_POINT('',(-5.29999999999995,8.09525502966449,-2.02590128091191));
#6398=CARTESIAN_POINT('Ctrl Pts',(-5.30000000000001,8.09525502966449,-2.02590128091176));
#6399=CARTESIAN_POINT('Ctrl Pts',(-5.30000000000001,8.11501335772626,-2.12825355896232));
#6400=CARTESIAN_POINT('Ctrl Pts',(-5.29989431532262,8.1361390864536,-2.23026371018465));
#6401=CARTESIAN_POINT('Ctrl Pts',(-5.2997239683484,8.15853055088142,-2.33196812194463));
#6402=CARTESIAN_POINT('Ctrl Pts',(-5.29968517552427,8.16362972065193,-2.35512909311051));
#6403=CARTESIAN_POINT('Ctrl Pts',(-5.29964305198581,8.16879453169274,-2.37827399542057));
#6404=CARTESIAN_POINT('Ctrl Pts',(-5.29959813546812,8.17402378333777,-2.40140288904212));
#6405=CARTESIAN_POINT('Ctrl Pts',(-5.29939690043605,8.1974518823181,-2.50502498372288));
#6406=CARTESIAN_POINT('Ctrl Pts',(-5.29913831920623,8.22217318776979,-2.60832997207836));
#6407=CARTESIAN_POINT('Ctrl Pts',(-5.29885282904648,8.24807306456875,-2.71131672192144));
#6408=CARTESIAN_POINT('Ctrl Pts',(-5.29883274408006,8.24989518746144,-2.71856210443773));
#6409=CARTESIAN_POINT('Ctrl Pts',(-5.29881253052485,8.25172314367427,-2.72580589106512));
#6410=CARTESIAN_POINT('Ctrl Pts',(-5.29879220124671,8.25355689329025,-2.73304807212884));
#6411=CARTESIAN_POINT('',(-5.29999999999994,7.99663627024601,-2.02590128091193));
#6412=CARTESIAN_POINT('',(-5.3,0.775690620290768,-2.02590128091178));
#6413=CARTESIAN_POINT('',(-5.30000000000005,7.82065232801098,-2.73373960903364));
#6414=CARTESIAN_POINT('Ctrl Pts',(-5.29879309320358,7.82065232801098,-2.73304831307343));
#6415=CARTESIAN_POINT('Ctrl Pts',(-5.29907902377752,7.84888725387336,-2.63110251747944));
#6416=CARTESIAN_POINT('Ctrl Pts',(-5.29934122266343,7.87604393863594,-2.52882256766846));
#6417=CARTESIAN_POINT('Ctrl Pts',(-5.2995491543838,7.90200500608223,-2.42622825499036));
#6418=CARTESIAN_POINT('Ctrl Pts',(-5.29956592214712,7.90409852521339,-2.4179549759049));
#6419=CARTESIAN_POINT('Ctrl Pts',(-5.29958234402765,7.90618426933424,-2.40967962522751));
#6420=CARTESIAN_POINT('Ctrl Pts',(-5.29959840740922,7.90826217689263,-2.40140219872883));
#6421=CARTESIAN_POINT('Ctrl Pts',(-5.29979377142131,7.93353383937013,-2.3007315371238));
#6422=CARTESIAN_POINT('Ctrl Pts',(-5.29993586863156,7.95765201293566,-2.19973416329949));
#6423=CARTESIAN_POINT('Ctrl Pts',(-5.2999829274659,7.98051079999916,-2.09840124754771));
#6424=CARTESIAN_POINT('Ctrl Pts',(-5.29999414137911,7.98595794840403,-2.07425405947233));
#6425=CARTESIAN_POINT('Ctrl Pts',(-5.30000000000001,7.99133358280641,-2.05008758949633));
#6426=CARTESIAN_POINT('Ctrl Pts',(-5.30000000000001,7.99663627024601,-2.02590128091176));
#6427=CARTESIAN_POINT('',(-5.29999999999991,7.75355689329025,-2.73373960903393));
#6428=CARTESIAN_POINT('',(-5.3,1.7,-2.73373960903375));
#6429=CARTESIAN_POINT('',(-5.29999999999994,7.59525502966449,-2.02590128091194));
#6430=CARTESIAN_POINT('Ctrl Pts',(-5.3,7.59525502966449,-2.02590128091179));
#6431=CARTESIAN_POINT('Ctrl Pts',(-5.30000000000001,7.61501337129914,-2.12825362927269));
#6432=CARTESIAN_POINT('Ctrl Pts',(-5.29989439032213,7.63613911547802,-2.23026386995699));
#6433=CARTESIAN_POINT('Ctrl Pts',(-5.29972417860797,7.65853059702653,-2.33196838726809));
#6434=CARTESIAN_POINT('Ctrl Pts',(-5.29968541672994,7.66362975181136,-2.35512929669525));
#6435=CARTESIAN_POINT('Ctrl Pts',(-5.29964332729567,7.66879454746684,-2.37827413822084));
#6436=CARTESIAN_POINT('Ctrl Pts',(-5.29959844787436,7.67402378333777,-2.40140297197719));
#6437=CARTESIAN_POINT('Ctrl Pts',(-5.29939737848663,7.69745187630431,-2.50502508442827));
#6438=CARTESIAN_POINT('Ctrl Pts',(-5.29913902250055,7.72217317507825,-2.60833010720135));
#6439=CARTESIAN_POINT('Ctrl Pts',(-5.29885380393302,7.74807304462435,-2.71131690527113));
#6440=CARTESIAN_POINT('Ctrl Pts',(-5.29883373799545,7.74989517412261,-2.71856231947523));
#6441=CARTESIAN_POINT('Ctrl Pts',(-5.29881354369814,7.75172313698371,-2.72580613784667));
#6442=CARTESIAN_POINT('Ctrl Pts',(-5.29879323390303,7.75355689329025,-2.73304835070928));
#6443=CARTESIAN_POINT('',(-5.29999999999993,7.49663627024601,-2.02590128091197));
#6444=CARTESIAN_POINT('',(-5.3,0.775690620290768,-2.02590128091178));
#6445=CARTESIAN_POINT('',(-5.30000000000004,7.32065232801098,-2.73373960903368));
#6446=CARTESIAN_POINT('Ctrl Pts',(-5.29879415808587,7.32065232801098,-2.73304859545022));
#6447=CARTESIAN_POINT('Ctrl Pts',(-5.29907980454367,7.34888723154486,-2.63110280377886));
#6448=CARTESIAN_POINT('Ctrl Pts',(-5.29934176530315,7.37604389568484,-2.52882287176925));
#6449=CARTESIAN_POINT('Ctrl Pts',(-5.299549518138,7.4020049444923,-2.42622859354624));
#6450=CARTESIAN_POINT('Ctrl Pts',(-5.29956627165341,7.40409848430593,-2.41795522956534));
#6451=CARTESIAN_POINT('Ctrl Pts',(-5.29958267966491,7.40618424895736,-2.40967979405716));
#6452=CARTESIAN_POINT('Ctrl Pts',(-5.29959872956341,7.40826217689263,-2.40140228279379));
#6453=CARTESIAN_POINT('Ctrl Pts',(-5.29979392769448,7.43353384134374,-2.30073156963402));
#6454=CARTESIAN_POINT('Ctrl Pts',(-5.29993591695038,7.45765201670268,-2.19973415996609));
#6455=CARTESIAN_POINT('Ctrl Pts',(-5.29998294027301,7.48051080535463,-2.09840122709904));
#6456=CARTESIAN_POINT('Ctrl Pts',(-5.2999941457194,7.48595795192746,-2.07425404474451));
#6457=CARTESIAN_POINT('Ctrl Pts',(-5.3,7.49133358454422,-2.05008758156996));
#6458=CARTESIAN_POINT('Ctrl Pts',(-5.3,7.49663627024601,-2.02590128091179));
#6459=CARTESIAN_POINT('',(-5.29999999999989,7.25355689329025,-2.73373960903397));
#6460=CARTESIAN_POINT('',(-5.3,1.7,-2.73373960903375));
#6461=CARTESIAN_POINT('',(-5.29999999999992,7.09525502966449,-2.02590128091198));
#6462=CARTESIAN_POINT('Ctrl Pts',(-5.29999999999998,7.09525502966449,-2.02590128091183));
#6463=CARTESIAN_POINT('Ctrl Pts',(-5.29999999999999,7.11501338462363,-2.12825369829639));
#6464=CARTESIAN_POINT('Ctrl Pts',(-5.29989446804293,7.13613914397136,-2.23026402747376));
#6465=CARTESIAN_POINT('Ctrl Pts',(-5.2997243964933,7.15853064232687,-2.33196864963282));
#6466=CARTESIAN_POINT('Ctrl Pts',(-5.29968566667539,7.16362978240037,-2.35512949873177));
#6467=CARTESIAN_POINT('Ctrl Pts',(-5.29964361257228,7.16879456295218,-2.3782742808952));
#6468=CARTESIAN_POINT('Ctrl Pts',(-5.29959877158166,7.17402378333777,-2.40140305621958));
#6469=CARTESIAN_POINT('Ctrl Pts',(-5.29939787383654,7.19745186933138,-2.5050251828982));
#6470=CARTESIAN_POINT('Ctrl Pts',(-5.29913975125206,7.22217316036248,-2.60833023683142));
#6471=CARTESIAN_POINT('Ctrl Pts',(-5.29885481411171,7.24807302149932,-2.7113170801142));
#6472=CARTESIAN_POINT('Ctrl Pts',(-5.29883476788257,7.24989515865656,-2.71856253030642));
#6473=CARTESIAN_POINT('Ctrl Pts',(-5.298814593531,7.25172312922618,-2.7258063847213));
#6474=CARTESIAN_POINT('Ctrl Pts',(-5.29879430391471,7.25355689329025,-2.73304863368149));
#6475=CARTESIAN_POINT('',(-5.29999999999992,6.99663627024601,-2.025901280912));
#6476=CARTESIAN_POINT('',(-5.3,0.775690620290768,-2.02590128091178));
#6477=CARTESIAN_POINT('',(-5.30000000000002,6.82065232801098,-2.73373960903372));
#6478=CARTESIAN_POINT('Ctrl Pts',(-5.29879526210211,6.82065232801098,-2.73304888230923));
#6479=CARTESIAN_POINT('Ctrl Pts',(-5.29908061399404,6.84888720749719,-2.63110309955039));
#6480=CARTESIAN_POINT('Ctrl Pts',(-5.29934232786873,6.87604384942722,-2.52882319058269));
#6481=CARTESIAN_POINT('Ctrl Pts',(-5.29954989524107,6.9020048781612,-2.42622895234936));
#6482=CARTESIAN_POINT('Ctrl Pts',(-5.29956663399152,6.90409844024942,-2.41795549717019));
#6483=CARTESIAN_POINT('Ctrl Pts',(-5.29958302763062,6.90618422701187,-2.40967997052697));
#6484=CARTESIAN_POINT('Ctrl Pts',(-5.2995990635566,6.90826217689263,-2.40140236819321));
#6485=CARTESIAN_POINT('Ctrl Pts',(-5.29979408970401,6.93353384254073,-2.30073160587881));
#6486=CARTESIAN_POINT('Ctrl Pts',(-5.29993596703528,6.95765201898683,-2.19973416303971));
#6487=CARTESIAN_POINT('Ctrl Pts',(-5.29998295354601,6.98051080860163,-2.09840121604946));
#6488=CARTESIAN_POINT('Ctrl Pts',(-5.29999415021753,6.98595795406372,-2.07425403627051));
#6489=CARTESIAN_POINT('Ctrl Pts',(-5.30000000000001,6.99133358559785,-2.05008757676417));
#6490=CARTESIAN_POINT('Ctrl Pts',(-5.30000000000001,6.99663627024601,-2.02590128091175));
#6491=CARTESIAN_POINT('',(-5.29999999999989,6.75355689329025,-2.73373960903397));
#6492=CARTESIAN_POINT('',(-5.3,1.7,-2.73373960903375));
#6493=CARTESIAN_POINT('',(-5.29999999999991,6.59525502966449,-2.02590128091202));
#6494=CARTESIAN_POINT('Ctrl Pts',(-5.29999999999997,6.59525502966449,-2.02590128091187));
#6495=CARTESIAN_POINT('Ctrl Pts',(-5.29999999999998,6.61501339772799,-2.12825376617976));
#6496=CARTESIAN_POINT('Ctrl Pts',(-5.29989454863465,6.63613917199382,-2.23026418303396));
#6497=CARTESIAN_POINT('Ctrl Pts',(-5.29972462242431,6.6585306868794,-2.33196890950113));
#6498=CARTESIAN_POINT('Ctrl Pts',(-5.29968592584239,6.66362981248438,-2.35512969953815));
#6499=CARTESIAN_POINT('Ctrl Pts',(-5.2996439083658,6.66879457818185,-2.37827442361779));
#6500=CARTESIAN_POINT('Ctrl Pts',(-5.29959910721437,6.67402378333777,-2.40140314180081));
#6501=CARTESIAN_POINT('Ctrl Pts',(-5.29939838744319,6.69745186116188,-2.50502527813062));
#6502=CARTESIAN_POINT('Ctrl Pts',(-5.2991405068716,6.72217314312175,-2.60833035894627));
#6503=CARTESIAN_POINT('Ctrl Pts',(-5.29885586153949,6.7480729944039,-2.71131724340894));
#6504=CARTESIAN_POINT('Ctrl Pts',(-5.29883583573374,6.74989514053512,-2.71856273493885));
#6505=CARTESIAN_POINT('Ctrl Pts',(-5.29881568205156,6.75172312013675,-2.72580663074524));
#6506=CARTESIAN_POINT('Ctrl Pts',(-5.29879541334612,6.75355689329025,-2.73304892115001));
#6507=CARTESIAN_POINT('',(-5.2999999999999,6.49663627024601,-2.02590128091204));
#6508=CARTESIAN_POINT('',(-5.3,0.775690620290768,-2.02590128091178));
#6509=CARTESIAN_POINT('',(-5.3,6.32065232801098,-2.73373960903375));
#6510=CARTESIAN_POINT('Ctrl Pts',(-5.29879640744987,6.32065232801098,-2.73304917375811));
#6511=CARTESIAN_POINT('Ctrl Pts',(-5.29908145374052,6.34888718174714,-2.63110340481202));
#6512=CARTESIAN_POINT('Ctrl Pts',(-5.29934291148145,6.37604379989331,-2.52882352404876));
#6513=CARTESIAN_POINT('Ctrl Pts',(-5.29955028644524,6.40200480713131,-2.42622933126832));
#6514=CARTESIAN_POINT('Ctrl Pts',(-5.29956700988376,6.40409839307203,-2.41795577864244));
#6515=CARTESIAN_POINT('Ctrl Pts',(-5.299583388618,6.40618420351181,-2.40968015461424));
#6516=CARTESIAN_POINT('Ctrl Pts',(-5.2995994100537,6.40826217689263,-2.40140245495887));
#6517=CARTESIAN_POINT('Ctrl Pts',(-5.29979425777131,6.43353384281347,-2.30073164646152));
#6518=CARTESIAN_POINT('Ctrl Pts',(-5.29993601898444,6.45765201950793,-2.19973417369826));
#6519=CARTESIAN_POINT('Ctrl Pts',(-5.29998296731049,6.48051080934275,-2.098401216162));
#6520=CARTESIAN_POINT('Ctrl Pts',(-5.29999415488214,6.48595795455131,-2.07425403522631));
#6521=CARTESIAN_POINT('Ctrl Pts',(-5.29999999999997,6.49133358583834,-2.05008757566737));
#6522=CARTESIAN_POINT('Ctrl Pts',(-5.29999999999997,6.49663627024601,-2.02590128091186));
#6523=CARTESIAN_POINT('',(-5.29999999999989,6.25355689329025,-2.73373960903396));
#6524=CARTESIAN_POINT('',(-5.3,1.7,-2.73373960903375));
#6525=CARTESIAN_POINT('',(-5.2999999999999,6.09525502966449,-2.02590128091205));
#6526=CARTESIAN_POINT('Ctrl Pts',(-5.30000000000001,6.09525502966449,-2.02590128091175));
#6527=CARTESIAN_POINT('Ctrl Pts',(-5.30000000000001,6.11501341053012,-2.12825383249735));
#6528=CARTESIAN_POINT('Ctrl Pts',(-5.29989463225995,6.13613919937002,-2.23026433579739));
#6529=CARTESIAN_POINT('Ctrl Pts',(-5.29972485685612,6.15853073040425,-2.33196916562248));
#6530=CARTESIAN_POINT('Ctrl Pts',(-5.29968619475179,6.16362984187445,-2.35512989829161));
#6531=CARTESIAN_POINT('Ctrl Pts',(-5.29964421526915,6.16879459306023,-2.37827456599368));
#6532=CARTESIAN_POINT('Ctrl Pts',(-5.29959945544399,6.17402378333777,-2.40140322875274));
#6533=CARTESIAN_POINT('Ctrl Pts',(-5.29939892033246,6.19745185196302,-2.50502537091432));
#6534=CARTESIAN_POINT('Ctrl Pts',(-5.29914129086631,6.22217312370845,-2.60833047509245));
#6535=CARTESIAN_POINT('Ctrl Pts',(-5.2988569483047,6.24807296389619,-2.71131739747631));
#6536=CARTESIAN_POINT('Ctrl Pts',(-5.29883694368043,6.24989512013153,-2.71856293495534));
#6537=CARTESIAN_POINT('Ctrl Pts',(-5.29881681143472,6.25172310990262,-2.72580687676413));
#6538=CARTESIAN_POINT('Ctrl Pts',(-5.29879656441629,6.25355689329025,-2.73304921322324));
#6539=CARTESIAN_POINT('',(-5.29999999999989,5.99663627024601,-2.02590128091208));
#6540=CARTESIAN_POINT('',(-5.3,0.775690620290768,-2.02590128091178));
#6541=CARTESIAN_POINT('',(-5.3,5.82065232801098,-2.73373960903375));
#6542=CARTESIAN_POINT('Ctrl Pts',(-5.29879759649452,5.82065232801098,-2.73304946990774));
#6543=CARTESIAN_POINT('Ctrl Pts',(-5.29908232551576,5.84888715406408,-2.63110372047711));
#6544=CARTESIAN_POINT('Ctrl Pts',(-5.29934351734344,5.87604374664104,-2.52882387388855));
#6545=CARTESIAN_POINT('Ctrl Pts',(-5.29955069255473,5.90200473076945,-2.4262297328428));
#6546=CARTESIAN_POINT('Ctrl Pts',(-5.29956740010404,5.90409834235319,-2.41795607568654));
#6547=CARTESIAN_POINT('Ctrl Pts',(-5.29958376337134,5.90618417824767,-2.40968034718803));
#6548=CARTESIAN_POINT('Ctrl Pts',(-5.29959976977026,5.90826217689263,-2.40140254312392));
#6549=CARTESIAN_POINT('Ctrl Pts',(-5.29979443224354,5.9335338421661,-2.30073169138146));
#6550=CARTESIAN_POINT('Ctrl Pts',(-5.29993607290522,5.95765201827236,-2.19973419191961));
#6551=CARTESIAN_POINT('Ctrl Pts',(-5.29998298159496,5.98051080758622,-2.09840122740133));
#6552=CARTESIAN_POINT('Ctrl Pts',(-5.29999415972295,5.98595795339566,-2.0742540415878));
#6553=CARTESIAN_POINT('Ctrl Pts',(-5.30000000000001,5.99133358526835,-2.05008757826703));
#6554=CARTESIAN_POINT('Ctrl Pts',(-5.30000000000001,5.99663627024601,-2.02590128091175));
#6555=CARTESIAN_POINT('',(-5.29999999999989,5.75355689329025,-2.73373960903396));
#6556=CARTESIAN_POINT('',(-5.3,1.7,-2.73373960903375));
#6557=CARTESIAN_POINT('',(-5.2999999999999,5.59525502966449,-2.02590128091205));
#6558=CARTESIAN_POINT('Ctrl Pts',(-5.3,5.59525502966449,-2.02590128091179));
#6559=CARTESIAN_POINT('Ctrl Pts',(-5.3,5.6150134229855,-2.1282538970189));
#6560=CARTESIAN_POINT('Ctrl Pts',(-5.29989471909302,5.63613922600481,-2.23026448531275));
#6561=CARTESIAN_POINT('Ctrl Pts',(-5.29972510027701,5.65853077274995,-2.3319694173315));
#6562=CARTESIAN_POINT('Ctrl Pts',(-5.29968647396291,5.66362987046834,-2.35513009455976));
#6563=CARTESIAN_POINT('Ctrl Pts',(-5.29964453391999,5.66879460753555,-2.37827470782321));
#6564=CARTESIAN_POINT('Ctrl Pts',(-5.29959981699325,5.67402378333777,-2.40140331710858));
#6565=CARTESIAN_POINT('Ctrl Pts',(-5.29939947361226,5.69745184149247,-2.50502546022819));
#6566=CARTESIAN_POINT('Ctrl Pts',(-5.29914210486841,5.72217310161145,-2.60833058320841));
#6567=CARTESIAN_POINT('Ctrl Pts',(-5.2988580766709,5.7480729291702,-2.71131753921649));
#6568=CARTESIAN_POINT('Ctrl Pts',(-5.29883809402752,5.74989509690676,-2.71856312832703));
#6569=CARTESIAN_POINT('Ctrl Pts',(-5.29881798402737,5.75172309825343,-2.72580712181914));
#6570=CARTESIAN_POINT('Ctrl Pts',(-5.29879775951443,5.75355689329025,-2.73304951001228));
#6571=CARTESIAN_POINT('',(-5.29999999999989,5.49663627024601,-2.02590128091207));
#6572=CARTESIAN_POINT('',(-5.3,0.775690620290768,-2.02590128091178));
#6573=CARTESIAN_POINT('',(-5.3,5.32065232801098,-2.73373960903375));
#6574=CARTESIAN_POINT('Ctrl Pts',(-5.2987988317853,5.32065232801098,-2.73304977087289));
#6575=CARTESIAN_POINT('Ctrl Pts',(-5.29908323118746,5.34888712425411,-2.63110404732943));
#6576=CARTESIAN_POINT('Ctrl Pts',(-5.29934414675132,5.37604368929836,-2.52882424156112));
#6577=CARTESIAN_POINT('Ctrl Pts',(-5.29955111443739,5.40200464854254,-2.42623015921832));
#6578=CARTESIAN_POINT('Ctrl Pts',(-5.29956780548705,5.40409828773885,-2.41795638974462));
#6579=CARTESIAN_POINT('Ctrl Pts',(-5.2995841526931,5.4061841510431,-2.40968054898679));
#6580=CARTESIAN_POINT('Ctrl Pts',(-5.29960014347738,5.40826217689263,-2.40140263272276));
#6581=CARTESIAN_POINT('Ctrl Pts',(-5.29979461349407,5.43353384052069,-2.30073174096579));
#6582=CARTESIAN_POINT('Ctrl Pts',(-5.29993612891232,5.45765201513133,-2.19973421833217));
#6583=CARTESIAN_POINT('Ctrl Pts',(-5.29998299642963,5.48051080312045,-2.09840125070676));
#6584=CARTESIAN_POINT('Ctrl Pts',(-5.2999941647502,5.48595795045757,-2.07425405598123));
#6585=CARTESIAN_POINT('Ctrl Pts',(-5.30000000000003,5.49133358381924,-2.0500875848766));
#6586=CARTESIAN_POINT('Ctrl Pts',(-5.30000000000003,5.49663627024601,-2.02590128091171));
#6587=CARTESIAN_POINT('',(-5.29999999999989,5.25355689329025,-2.73373960903396));
#6588=CARTESIAN_POINT('',(-5.3,1.7,-2.73373960903375));
#6589=CARTESIAN_POINT('',(-5.2999999999999,5.09525502966449,-2.02590128091205));
#6590=CARTESIAN_POINT('Ctrl Pts',(-5.29999999999998,5.09525502966449,-2.02590128091182));
#6591=CARTESIAN_POINT('Ctrl Pts',(-5.29999999999998,5.11501343507744,-2.12825395965774));
#6592=CARTESIAN_POINT('Ctrl Pts',(-5.29989480932154,5.13613925186239,-2.2302646314152));
#6593=CARTESIAN_POINT('Ctrl Pts',(-5.2997253532126,5.1585308138601,-2.3319696643952));
#6594=CARTESIAN_POINT('Ctrl Pts',(-5.29968676407817,5.16362989822791,-2.35513028819844));
#6595=CARTESIAN_POINT('Ctrl Pts',(-5.29964486500538,5.16879462158852,-2.37827484905124));
#6596=CARTESIAN_POINT('Ctrl Pts',(-5.29960019264122,5.17402378333777,-2.40140340690273));
#6597=CARTESIAN_POINT('Ctrl Pts',(-5.29940004847479,5.19745182972079,-2.50502554599494));
#6598=CARTESIAN_POINT('Ctrl Pts',(-5.29914295063191,5.22217307676853,-2.60833068311231));
#6599=CARTESIAN_POINT('Ctrl Pts',(-5.29885924906957,5.24807289012929,-2.71131766835379));
#6600=CARTESIAN_POINT('Ctrl Pts',(-5.29883928925385,5.24989507079616,-2.71856331490856));
#6601=CARTESIAN_POINT('Ctrl Pts',(-5.2988192023562,5.25172308515675,-2.72580736589537));
#6602=CARTESIAN_POINT('Ctrl Pts',(-5.29879900121573,5.25355689329025,-2.73304981163256));
#6603=CARTESIAN_POINT('',(-5.29999999999989,4.99663627024601,-2.02590128091207));
#6604=CARTESIAN_POINT('',(-5.3,0.775690620290768,-2.02590128091178));
#6605=CARTESIAN_POINT('',(-5.3,4.82065232801098,-2.73373960903375));
#6606=CARTESIAN_POINT('Ctrl Pts',(-5.29880011607372,4.82065232801098,-2.73305007677199));
#6607=CARTESIAN_POINT('Ctrl Pts',(-5.29908417277355,4.84888709229702,-2.63110438552826));
#6608=CARTESIAN_POINT('Ctrl Pts',(-5.29934480110803,4.87604362782438,-2.52882462728016));
#6609=CARTESIAN_POINT('Ctrl Pts',(-5.29955155303411,4.90200456039104,-2.4262306106701));
#6610=CARTESIAN_POINT('Ctrl Pts',(-5.29956822693654,4.90409822918945,-2.41795672101191));
#6611=CARTESIAN_POINT('Ctrl Pts',(-5.29958455745097,4.9061841218784,-2.40968076012543));
#6612=CARTESIAN_POINT('Ctrl Pts',(-5.2996005320076,4.90826217689263,-2.40140272379033));
#6613=CARTESIAN_POINT('Ctrl Pts',(-5.29979480192565,4.93353383773261,-2.30073179580737));
#6614=CARTESIAN_POINT('Ctrl Pts',(-5.29993618712898,4.95765200980994,-2.19973425409224));
#6615=CARTESIAN_POINT('Ctrl Pts',(-5.29998301184669,4.98051079555533,-2.09840128780929));
#6616=CARTESIAN_POINT('Ctrl Pts',(-5.2999941699747,4.98595794548037,-2.07425407956121));
#6617=CARTESIAN_POINT('Ctrl Pts',(-5.30000000000001,4.99133358136441,-2.05008759607346));
#6618=CARTESIAN_POINT('Ctrl Pts',(-5.30000000000001,4.99663627024601,-2.02590128091175));
#6619=CARTESIAN_POINT('',(-5.29999999999989,4.75355689329025,-2.73373960903396));
#6620=CARTESIAN_POINT('',(-5.3,1.7,-2.73373960903375));
#6621=CARTESIAN_POINT('',(-5.2999999999999,4.59525502966449,-2.02590128091205));
#6622=CARTESIAN_POINT('Ctrl Pts',(-5.3,4.59525502966449,-2.02590128091178));
#6623=CARTESIAN_POINT('Ctrl Pts',(-5.3,4.61501344676621,-2.12825402020796));
#6624=CARTESIAN_POINT('Ctrl Pts',(-5.29989490314814,4.63613927685779,-2.23026477370295));
#6625=CARTESIAN_POINT('Ctrl Pts',(-5.29972561623095,4.65853085359968,-2.33196990622399));
#6626=CARTESIAN_POINT('Ctrl Pts',(-5.29968706574841,4.66362992506199,-2.35513047882622));
#6627=CARTESIAN_POINT('Ctrl Pts',(-5.29964520926729,4.66879463517295,-2.37827498950474));
#6628=CARTESIAN_POINT('Ctrl Pts',(-5.29960058322898,4.67402378333777,-2.40140349817055));
#6629=CARTESIAN_POINT('Ctrl Pts',(-5.29940064620807,4.69745181651212,-2.50502562766786));
#6630=CARTESIAN_POINT('Ctrl Pts',(-5.29914383005276,4.722173048893,-2.60833077368626));
#6631=CARTESIAN_POINT('Ctrl Pts',(-5.29886046812955,4.74807284632231,-2.71131778320624));
#6632=CARTESIAN_POINT('Ctrl Pts',(-5.29884053203812,4.74989504149801,-2.71856349361843));
#6633=CARTESIAN_POINT('Ctrl Pts',(-5.29882046915038,4.75172307046125,-2.72580760851163));
#6634=CARTESIAN_POINT('Ctrl Pts',(-5.29880029230042,4.75355689329025,-2.73305011820289));
#6635=CARTESIAN_POINT('',(-5.29999999999989,4.49663627024601,-2.02590128091207));
#6636=CARTESIAN_POINT('',(-5.3,0.775690620290768,-2.02590128091178));
#6637=CARTESIAN_POINT('',(-5.3,4.32065232801098,-2.73373960903375));
#6638=CARTESIAN_POINT('Ctrl Pts',(-5.29880145233404,4.32065232801098,-2.73305038772728));
#6639=CARTESIAN_POINT('Ctrl Pts',(-5.29908515245264,4.34888705791117,-2.63110473617953));
#6640=CARTESIAN_POINT('Ctrl Pts',(-5.29934548192545,4.37604356167921,-2.52882503314073));
#6641=CARTESIAN_POINT('Ctrl Pts',(-5.29955200935641,4.4020044655416,-2.42623109029546));
#6642=CARTESIAN_POINT('Ctrl Pts',(-5.29956866542581,4.40409816619135,-2.41795707156583));
#6643=CARTESIAN_POINT('Ctrl Pts',(-5.29958497858087,4.40618409049771,-2.40968098166139));
#6644=CARTESIAN_POINT('Ctrl Pts',(-5.29960093626062,4.40826217689263,-2.40140281636323));
#6645=CARTESIAN_POINT('Ctrl Pts',(-5.29979499797443,4.43353383376872,-2.30073185605584));
#6646=CARTESIAN_POINT('Ctrl Pts',(-5.29993624768972,4.45765200224374,-2.19973429947516));
#6647=CARTESIAN_POINT('Ctrl Pts',(-5.29998302788178,4.4805107847985,-2.09840133911957));
#6648=CARTESIAN_POINT('Ctrl Pts',(-5.2999941754086,4.4859579384033,-2.07425411260112));
#6649=CARTESIAN_POINT('Ctrl Pts',(-5.30000000000003,4.49133357787389,-2.05008761199417));
#6650=CARTESIAN_POINT('Ctrl Pts',(-5.30000000000003,4.49663627024601,-2.02590128091171));
#6651=CARTESIAN_POINT('',(-5.29999999999989,4.25355689329025,-2.73373960903396));
#6652=CARTESIAN_POINT('',(-5.3,1.7,-2.73373960903375));
#6653=CARTESIAN_POINT('',(-5.2999999999999,4.09525502966449,-2.02590128091205));
#6654=CARTESIAN_POINT('Ctrl Pts',(-5.3,4.09525502966449,-2.02590128091178));
#6655=CARTESIAN_POINT('Ctrl Pts',(-5.3,4.11501345799036,-2.1282540783514));
#6656=CARTESIAN_POINT('Ctrl Pts',(-5.29989500079232,4.13613930085966,-2.23026491155013));
#6657=CARTESIAN_POINT('Ctrl Pts',(-5.29972588994678,4.15853089175958,-2.3319701418925));
#6658=CARTESIAN_POINT('Ctrl Pts',(-5.2996873796777,4.16362995082941,-2.35513066583848));
#6659=CARTESIAN_POINT('Ctrl Pts',(-5.2996455675081,4.16879464821741,-2.37827512889986));
#6660=CARTESIAN_POINT('Ctrl Pts',(-5.29960098966587,4.17402378333777,-2.40140359094861));
#6661=CARTESIAN_POINT('Ctrl Pts',(-5.29940126820393,4.19745180180124,-2.50502570501474));
#6662=CARTESIAN_POINT('Ctrl Pts',(-5.29914474517903,4.22217301784717,-2.60833085443787));
#6663=CARTESIAN_POINT('Ctrl Pts',(-5.29886173668983,4.2480727975337,-2.71131788303262));
#6664=CARTESIAN_POINT('Ctrl Pts',(-5.29884182527425,4.24989500886814,-2.71856366400362));
#6665=CARTESIAN_POINT('Ctrl Pts',(-5.29882178735942,4.2517230540946,-2.72580784950291));
#6666=CARTESIAN_POINT('Ctrl Pts',(-5.29880163577421,4.25355689329025,-2.73305042984625));
#6667=CARTESIAN_POINT('',(-5.29999999999989,3.99663627024601,-2.02590128091207));
#6668=CARTESIAN_POINT('',(-5.3,0.775690620290768,-2.02590128091178));
#6669=CARTESIAN_POINT('',(-5.3,3.82065232801098,-2.73373960903375));
#6670=CARTESIAN_POINT('Ctrl Pts',(-5.29880284378614,3.82065232801098,-2.73305070386521));
#6671=CARTESIAN_POINT('Ctrl Pts',(-5.29908617258568,3.84888702102633,-2.631105099629));
#6672=CARTESIAN_POINT('Ctrl Pts',(-5.29934619084457,3.87604349072613,-2.52882545972132));
#6673=CARTESIAN_POINT('Ctrl Pts',(-5.29955248450439,3.90200436379744,-2.4262315989146));
#6674=CARTESIAN_POINT('Ctrl Pts',(-5.2995691220118,3.90409809861384,-2.4179574419658));
#6675=CARTESIAN_POINT('Ctrl Pts',(-5.29958541709781,3.90618405683592,-2.40968121389306));
#6676=CARTESIAN_POINT('Ctrl Pts',(-5.29960135721061,3.90826217689263,-2.40140291047893));
#6677=CARTESIAN_POINT('Ctrl Pts',(-5.29979520211174,3.93353382846599,-2.30073192237851));
#6678=CARTESIAN_POINT('Ctrl Pts',(-5.2999363107389,3.95765199212276,-2.19973435578434));
#6679=CARTESIAN_POINT('Ctrl Pts',(-5.29998304457267,3.98051077041,-2.09840140658951));
#6680=CARTESIAN_POINT('Ctrl Pts',(-5.29999418106465,3.9859579289369,-2.0742541564029));
#6681=CARTESIAN_POINT('Ctrl Pts',(-5.30000000000001,3.99133357320493,-2.05008763329003));
#6682=CARTESIAN_POINT('Ctrl Pts',(-5.30000000000001,3.99663627024601,-2.02590128091175));
#6683=CARTESIAN_POINT('',(-5.29999999999989,3.75355689329025,-2.73373960903396));
#6684=CARTESIAN_POINT('',(-5.3,1.7,-2.73373960903375));
#6685=CARTESIAN_POINT('',(-5.2999999999999,3.59525502966449,-2.02590128091205));
#6686=CARTESIAN_POINT('Ctrl Pts',(-5.3,3.59525502966449,-2.02590128091178));
#6687=CARTESIAN_POINT('Ctrl Pts',(-5.3,3.61501346870119,-2.12825413383573));
#6688=CARTESIAN_POINT('Ctrl Pts',(-5.29989510249135,3.63613932376384,-2.23026504446291));
#6689=CARTESIAN_POINT('Ctrl Pts',(-5.29972617502508,3.65853092817429,-2.33197037067446));
#6690=CARTESIAN_POINT('Ctrl Pts',(-5.29968770662793,3.66362997541838,-2.35513084876359));
#6691=CARTESIAN_POINT('Ctrl Pts',(-5.29964594059644,3.66879466066529,-2.37827526701959));
#6692=CARTESIAN_POINT('Ctrl Pts',(-5.29960141293653,3.67402378333777,-2.40140368527472));
#6693=CARTESIAN_POINT('Ctrl Pts',(-5.29940191597033,3.69745178542148,-2.50502577735628));
#6694=CARTESIAN_POINT('Ctrl Pts',(-5.29914569823035,3.72217298327936,-2.60833092398326));
#6695=CARTESIAN_POINT('Ctrl Pts',(-5.29886305782825,3.74807274320999,-2.71131796575172));
#6696=CARTESIAN_POINT('Ctrl Pts',(-5.29884317209838,3.74989497253639,-2.7185638247192));
#6697=CARTESIAN_POINT('Ctrl Pts',(-5.29882316017845,3.75172303587114,-2.72580808826035));
#6698=CARTESIAN_POINT('Ctrl Pts',(-5.29880303489196,3.75355689329025,-2.73305074668949));
#6699=CARTESIAN_POINT('',(-5.29999999999989,3.49663627024601,-2.02590128091207));
#6700=CARTESIAN_POINT('',(-5.3,0.775690620290768,-2.02590128091178));
#6701=CARTESIAN_POINT('',(-5.3,3.32065232801098,-2.73373960903375));
#6702=CARTESIAN_POINT('Ctrl Pts',(-5.29880429392152,3.32065232801098,-2.73305102531644));
#6703=CARTESIAN_POINT('Ctrl Pts',(-5.29908723573045,3.34888698133401,-2.6311054770856));
#6704=CARTESIAN_POINT('Ctrl Pts',(-5.29934692964049,3.37604341437353,-2.52882590931619));
#6705=CARTESIAN_POINT('Ctrl Pts',(-5.29955297966578,3.40200425431105,-2.42623213992121));
#6706=CARTESIAN_POINT('Ctrl Pts',(-5.29956959783718,3.40409802589402,-2.41795783448788));
#6707=CARTESIAN_POINT('Ctrl Pts',(-5.29958587410062,3.40618402061263,-2.40968145797826));
#6708=CARTESIAN_POINT('Ctrl Pts',(-5.29960179591374,3.40826217689263,-2.40140300617656));
#6709=CARTESIAN_POINT('Ctrl Pts',(-5.29979541484947,3.43353382177344,-2.30073199499743));
#6710=CARTESIAN_POINT('Ctrl Pts',(-5.29993637643425,3.45765197934845,-2.19973442343839));
#6711=CARTESIAN_POINT('Ctrl Pts',(-5.29998306196109,3.48051075224901,-2.0984014908449));
#6712=CARTESIAN_POINT('Ctrl Pts',(-5.29999418695703,3.48595791698852,-2.07425421138347));
#6713=CARTESIAN_POINT('Ctrl Pts',(-5.3,3.49133356731181,-2.05008766016942));
#6714=CARTESIAN_POINT('Ctrl Pts',(-5.3,3.49663627024601,-2.02590128091178));
#6715=CARTESIAN_POINT('',(-5.29999999999989,3.25355689329025,-2.73373960903396));
#6716=CARTESIAN_POINT('',(-5.3,1.7,-2.73373960903375));
#6717=CARTESIAN_POINT('',(-5.2999999999999,3.09525502966449,-2.02590128091204));
#6718=CARTESIAN_POINT('Ctrl Pts',(-5.3,3.09525502966449,-2.02590128091178));
#6719=CARTESIAN_POINT('Ctrl Pts',(-5.3,3.11501347883882,-2.12825418635076));
#6720=CARTESIAN_POINT('Ctrl Pts',(-5.29989520850281,3.13613934544229,-2.23026517183208));
#6721=CARTESIAN_POINT('Ctrl Pts',(-5.29972647218737,3.15853096264019,-2.3319705916713));
#6722=CARTESIAN_POINT('Ctrl Pts',(-5.29968804742563,3.16362999869143,-2.3551310270156));
#6723=CARTESIAN_POINT('Ctrl Pts',(-5.29964632947451,3.168794672447,-2.37827540359048));
#6724=CARTESIAN_POINT('Ctrl Pts',(-5.29960185410894,3.17402378333777,-2.40140378118793));
#6725=CARTESIAN_POINT('Ctrl Pts',(-5.29940259114214,3.19745176726361,-2.50502584426938));
#6726=CARTESIAN_POINT('Ctrl Pts',(-5.29914669161279,3.22217294495904,-2.60833098144748));
#6727=CARTESIAN_POINT('Ctrl Pts',(-5.29886443488021,3.24807268298929,-2.71131803004818));
#6728=CARTESIAN_POINT('Ctrl Pts',(-5.29884457591003,3.24989493226072,-2.71856397493224));
#6729=CARTESIAN_POINT('Ctrl Pts',(-5.2988245910719,3.25172301566948,-2.72580832443317));
#6730=CARTESIAN_POINT('Ctrl Pts',(-5.29880449318372,3.25355689329025,-2.73305106886389));
#6731=CARTESIAN_POINT('',(-5.29999999999989,2.99663627024601,-2.02590128091207));
#6732=CARTESIAN_POINT('',(-5.3,0.775690620290768,-2.02590128091178));
#6733=CARTESIAN_POINT('',(-5.3,2.82065232801098,-2.73373960903375));
#6734=CARTESIAN_POINT('Ctrl Pts',(-5.29880580653254,2.82065232801098,-2.73305135221605));
#6735=CARTESIAN_POINT('Ctrl Pts',(-5.29908834466727,2.84888693871671,-2.63110586907214));
#6736=CARTESIAN_POINT('Ctrl Pts',(-5.29934770024542,2.87604333239399,-2.52882638284979));
#6737=CARTESIAN_POINT('Ctrl Pts',(-5.2995534961357,2.90200413675566,-2.42623271465184));
#6738=CARTESIAN_POINT('Ctrl Pts',(-5.29957009414649,2.90409794781485,-2.41795825003653));
#6739=CARTESIAN_POINT('Ctrl Pts',(-5.29958635078454,2.90618398171975,-2.40968171438938));
#6740=CARTESIAN_POINT('Ctrl Pts',(-5.29960225351738,2.90826217689263,-2.40140310349613));
#6741=CARTESIAN_POINT('Ctrl Pts',(-5.29979563674301,2.93353381353184,-2.300732074566));
#6742=CARTESIAN_POINT('Ctrl Pts',(-5.29993644494616,2.95765196361761,-2.19973450371274));
#6743=CARTESIAN_POINT('Ctrl Pts',(-5.29998308009177,2.98051072988488,-2.09840159379625));
#6744=CARTESIAN_POINT('Ctrl Pts',(-5.29999419310087,2.98595790227485,-2.07425427881702));
#6745=CARTESIAN_POINT('Ctrl Pts',(-5.3,2.9913335600548,-2.05008769326965));
#6746=CARTESIAN_POINT('Ctrl Pts',(-5.3,2.99663627024601,-2.02590128091178));
#6747=CARTESIAN_POINT('',(-5.2999999999999,2.75355689329025,-2.73373960903396));
#6748=CARTESIAN_POINT('',(-5.3,1.7,-2.73373960903375));
#6749=CARTESIAN_POINT('',(-5.2999999999999,2.59525502966449,-2.02590128091204));
#6750=CARTESIAN_POINT('Ctrl Pts',(-5.3,2.59525502966449,-2.02590128091178));
#6751=CARTESIAN_POINT('Ctrl Pts',(-5.3,2.61501348834569,-2.12825423559834));
#6752=CARTESIAN_POINT('Ctrl Pts',(-5.29989531910636,2.6361393657719,-2.23026529307288));
#6753=CARTESIAN_POINT('Ctrl Pts',(-5.29972678221722,2.65853099496173,-2.331970804022));
#6754=CARTESIAN_POINT('Ctrl Pts',(-5.29968840296855,2.66363002051649,-2.35513120003397));
#6755=CARTESIAN_POINT('Ctrl Pts',(-5.29964673516583,2.66879468349568,-2.37827553835244));
#6756=CARTESIAN_POINT('Ctrl Pts',(-5.29960231434328,2.67402378333777,-2.4014038787287));
#6757=CARTESIAN_POINT('Ctrl Pts',(-5.29940329549595,2.69745174715462,-2.50502590505078));
#6758=CARTESIAN_POINT('Ctrl Pts',(-5.2991477279413,2.7221729025211,-2.6083310253964));
#6759=CARTESIAN_POINT('Ctrl Pts',(-5.29886587147136,2.74807261629735,-2.71131807376645));
#6760=CARTESIAN_POINT('Ctrl Pts',(-5.29884604040384,2.74989488765707,-2.71856411325125));
#6761=CARTESIAN_POINT('Ctrl Pts',(-5.29882608380426,2.75172299329697,-2.72580855739362));
#6762=CARTESIAN_POINT('Ctrl Pts',(-5.29880601448466,2.75355689329025,-2.73305139650513));
#6763=CARTESIAN_POINT('',(-5.29999999999989,2.49663627024601,-2.02590128091207));
#6764=CARTESIAN_POINT('',(-5.3,0.775690620290768,-2.02590128091178));
#6765=CARTESIAN_POINT('',(-5.3,2.32065232801098,-2.73373960903375));
#6766=CARTESIAN_POINT('Ctrl Pts',(-5.29880738574549,2.32065232801098,-2.73305168470374));
#6767=CARTESIAN_POINT('Ctrl Pts',(-5.29908950242027,2.34888689293991,-2.63110627653712));
#6768=CARTESIAN_POINT('Ctrl Pts',(-5.29934850475967,2.37604324433648,-2.52882688209129));
#6769=CARTESIAN_POINT('Ctrl Pts',(-5.29955403532076,2.40200401048458,-2.4262333257095));
#6770=CARTESIAN_POINT('Ctrl Pts',(-5.29957061229212,2.40409786394681,-2.4179586903614));
#6771=CARTESIAN_POINT('Ctrl Pts',(-5.29958684844921,2.4061839399433,-2.40968198402218));
#6772=CARTESIAN_POINT('Ctrl Pts',(-5.29960273126982,2.40826217689263,-2.4014032024793));
#6773=CARTESIAN_POINT('Ctrl Pts',(-5.29979586839695,2.43353380362098,-2.30073216158313));
#6774=CARTESIAN_POINT('Ctrl Pts',(-5.29993651646048,2.4576519447005,-2.19973459757562));
#6775=CARTESIAN_POINT('Ctrl Pts',(-5.29998309901364,2.48051070299084,-2.0984017168939));
#6776=CARTESIAN_POINT('Ctrl Pts',(-5.29999419951274,2.48595788458088,-2.07425435967071));
#6777=CARTESIAN_POINT('Ctrl Pts',(-5.30000000000001,2.49133355132787,-2.05008773307439));
#6778=CARTESIAN_POINT('Ctrl Pts',(-5.30000000000001,2.49663627024601,-2.02590128091174));
#6779=CARTESIAN_POINT('',(-5.2999999999999,2.25355689329025,-2.73373960903395));
#6780=CARTESIAN_POINT('',(-5.3,1.7,-2.73373960903375));
#6781=CARTESIAN_POINT('',(-5.2999999999999,2.09525502966449,-2.02590128091204));
#6782=CARTESIAN_POINT('Ctrl Pts',(-5.29999999999999,2.09525502966449,-2.0259012809118));
#6783=CARTESIAN_POINT('Ctrl Pts',(-5.29999999999999,2.11501349714127,-2.12825428116134));
#6784=CARTESIAN_POINT('Ctrl Pts',(-5.29989543460659,2.13613938458051,-2.23026540736371));
#6785=CARTESIAN_POINT('Ctrl Pts',(-5.29972710596803,2.15853102486496,-2.33197100651019));
#6786=CARTESIAN_POINT('Ctrl Pts',(-5.29968877423422,2.1636300407086,-2.35513136702183));
#6787=CARTESIAN_POINT('Ctrl Pts',(-5.29964715878451,2.1687946937177,-2.37827567092809));
#6788=CARTESIAN_POINT('Ctrl Pts',(-5.29960279490231,2.17402378333777,-2.40140397793874));
#6789=CARTESIAN_POINT('Ctrl Pts',(-5.29940403096476,2.19745172497125,-2.50502595921947));
#6790=CARTESIAN_POINT('Ctrl Pts',(-5.29914881006042,2.22217285570539,-2.60833105483773));
#6791=CARTESIAN_POINT('Ctrl Pts',(-5.2988673715452,2.24807254272595,-2.71131809541556));
#6792=CARTESIAN_POINT('Ctrl Pts',(-5.2988475695992,2.24989483845244,-2.71856423872918));
#6793=CARTESIAN_POINT('Ctrl Pts',(-5.29882764247168,2.25172296861668,-2.7258087867385));
#6794=CARTESIAN_POINT('Ctrl Pts',(-5.29880760296862,2.25355689329025,-2.73305172975358));
#6795=CARTESIAN_POINT('',(-5.29999999999989,1.99663627024601,-2.02590128091207));
#6796=CARTESIAN_POINT('',(-5.3,0.775690620290768,-2.02590128091178));
#6797=CARTESIAN_POINT('',(-5.3,1.82065232801098,-2.73373960903375));
#6798=CARTESIAN_POINT('Ctrl Pts',(-5.29880903605822,1.82065232801098,-2.73305202292404));
#6799=CARTESIAN_POINT('Ctrl Pts',(-5.29909071228573,1.84888684372775,-2.63110670058192));
#6800=CARTESIAN_POINT('Ctrl Pts',(-5.29934934547236,1.87604314967074,-2.52882740911069));
#6801=CARTESIAN_POINT('Ctrl Pts',(-5.29955459875397,1.90200387473759,-2.42623397614706));
#6802=CARTESIAN_POINT('Ctrl Pts',(-5.29957115374808,1.90409777378497,-2.41795915751249));
#6803=CARTESIAN_POINT('Ctrl Pts',(-5.29958736851118,1.90618389503179,-2.40968226792348));
#6804=CARTESIAN_POINT('Ctrl Pts',(-5.29960323053177,1.90826217689263,-2.40140330316909));
#6805=CARTESIAN_POINT('Ctrl Pts',(-5.29979611047009,1.93353379187495,-2.30073225673046));
#6806=CARTESIAN_POINT('Ctrl Pts',(-5.29993659117942,1.95765192228075,-2.19973470635827));
#6807=CARTESIAN_POINT('Ctrl Pts',(-5.29998311877986,1.9805106711173,-2.09840186213251));
#6808=CARTESIAN_POINT('Ctrl Pts',(-5.29999420621066,1.98595786361083,-2.07425445527481));
#6809=CARTESIAN_POINT('Ctrl Pts',(-5.30000000000001,1.99133354098513,-2.05008778024911));
#6810=CARTESIAN_POINT('Ctrl Pts',(-5.30000000000001,1.99663627024601,-2.02590128091176));
#6811=CARTESIAN_POINT('',(-5.2999999999999,1.75355689329025,-2.73373960903395));
#6812=CARTESIAN_POINT('',(-5.3,1.7,-2.73373960903375));
#6813=CARTESIAN_POINT('',(-5.29999999999954,1.7,-2.51431109715929));
#6814=CARTESIAN_POINT('Ctrl Pts',(-5.29999999999945,1.70000000000018,-2.51431109715924));
#6815=CARTESIAN_POINT('Ctrl Pts',(-5.30000032678193,1.71723855405639,-2.58760239316224));
#6816=CARTESIAN_POINT('Ctrl Pts',(-5.29996569152284,1.73510448168477,-2.66071840502746));
#6817=CARTESIAN_POINT('Ctrl Pts',(-5.29990833447152,1.75355689329025,-2.7336572474731));
#6818=CARTESIAN_POINT('',(-5.3,1.7,10.0283823632472));
#6819=CARTESIAN_POINT('Origin',(5.3,11.7,10.0283823632472));
#6820=CARTESIAN_POINT('',(5.30000000000006,1.80474497033551,-2.02590128091163));
#6821=CARTESIAN_POINT('',(5.29999999999995,1.7,-2.51431109715746));
#6822=CARTESIAN_POINT('Ctrl Pts',(5.29999999999999,1.80474497033551,-2.02590128091181));
#6823=CARTESIAN_POINT('Ctrl Pts',(5.29999999999999,1.78498886789092,-2.12824202979919));
#6824=CARTESIAN_POINT('Ctrl Pts',(5.29989548788748,1.76386566788099,-2.23024123391188));
#6825=CARTESIAN_POINT('Ctrl Pts',(5.29972741660291,1.74147692339431,-2.33193506267355));
#6826=CARTESIAN_POINT('Ctrl Pts',(5.29969250250874,1.73682602341825,-2.35306031273101));
#6827=CARTESIAN_POINT('Ctrl Pts',(5.29965486508168,1.732120510958,-2.37417220609221));
#6828=CARTESIAN_POINT('Ctrl Pts',(5.29961491129729,1.72736129637725,-2.39527079113543));
#6829=CARTESIAN_POINT('Ctrl Pts',(5.29953991450738,1.71842782933641,-2.43487470285106));
#6830=CARTESIAN_POINT('Ctrl Pts',(5.29945644788583,1.70930533338845,-2.47443166468332));
#6831=CARTESIAN_POINT('Ctrl Pts',(5.29936638737912,1.69999999999998,-2.5139426179578));
#6832=CARTESIAN_POINT('',(5.30000000000011,1.90336372975398,-2.0259012809115));
#6833=CARTESIAN_POINT('',(5.3,0.775690620290768,-2.02590128091178));
#6834=CARTESIAN_POINT('',(5.30000000000008,2.07934767198902,-2.7337396090336));
#6835=CARTESIAN_POINT('Ctrl Pts',(5.29880760296864,2.07934767198902,-2.73305172975354));
#6836=CARTESIAN_POINT('Ctrl Pts',(5.29908971251414,2.05110802387922,-2.63108795571196));
#6837=CARTESIAN_POINT('Ctrl Pts',(5.29934864440488,2.02394704822564,-2.52879045680654));
#6838=CARTESIAN_POINT('Ctrl Pts',(5.29955420600583,1.99798219284951,-2.42617884396955));
#6839=CARTESIAN_POINT('Ctrl Pts',(5.29956761343403,1.99628867648995,-2.41948616486532));
#6840=CARTESIAN_POINT('Ctrl Pts',(5.29958079840943,1.99460024853725,-2.41279213156705));
#6841=CARTESIAN_POINT('Ctrl Pts',(5.29959375432954,1.99291694157925,-2.40609674189585));
#6842=CARTESIAN_POINT('Ctrl Pts',(5.2997885800787,1.96760407022733,-2.30541425104511));
#6843=CARTESIAN_POINT('Ctrl Pts',(5.29993141479997,1.94344349122699,-2.20440512366755));
#6844=CARTESIAN_POINT('Ctrl Pts',(5.2999808603323,1.92054125946771,-2.10306097527019));
#6845=CARTESIAN_POINT('Ctrl Pts',(5.2999925166821,1.91514225955745,-2.07916998273053));
#6846=CARTESIAN_POINT('Ctrl Pts',(5.29999902397432,1.90981319093586,-2.05526014814855));
#6847=CARTESIAN_POINT('Ctrl Pts',(5.29999990043301,1.90455544303476,-2.03133093932504));
#6848=CARTESIAN_POINT('Ctrl Pts',(5.29999996671998,1.90415779712606,-2.02952116217975));
#6849=CARTESIAN_POINT('Ctrl Pts',(5.3,1.90376055917378,-2.02771127610984));
#6850=CARTESIAN_POINT('Ctrl Pts',(5.3,1.90336372975399,-2.02590128091179));
#6851=CARTESIAN_POINT('',(5.3,2.14644310670975,-2.73373960903375));
#6852=CARTESIAN_POINT('',(5.3,1.7,-2.73373960903375));
#6853=CARTESIAN_POINT('',(5.30000000000006,2.30474497033551,-2.02590128091163));
#6854=CARTESIAN_POINT('Ctrl Pts',(5.29999999999999,2.30474497033551,-2.0259012809118));
#6855=CARTESIAN_POINT('Ctrl Pts',(5.29999999999999,2.28498887634324,-2.12824198601443));
#6856=CARTESIAN_POINT('Ctrl Pts',(5.29989536791278,2.26386568595539,-2.2302411228211));
#6857=CARTESIAN_POINT('Ctrl Pts',(5.29972708030949,2.24147695213023,-2.33193486450656));
#6858=CARTESIAN_POINT('Ctrl Pts',(5.29969212119164,2.23682604280048,-2.35306014902133));
#6859=CARTESIAN_POINT('Ctrl Pts',(5.29965443455869,2.23212052075972,-2.37417207591907));
#6860=CARTESIAN_POINT('Ctrl Pts',(5.29961442758431,2.22736129637725,-2.39527069360997));
#6861=CARTESIAN_POINT('Ctrl Pts',(5.29941799503144,2.20399370585778,-2.49886401451817));
#6862=CARTESIAN_POINT('Ctrl Pts',(5.29916442872518,2.17933182914011,-2.60214010935206));
#6863=CARTESIAN_POINT('Ctrl Pts',(5.29888412065051,2.15349007762774,-2.70509841558736));
#6864=CARTESIAN_POINT('Ctrl Pts',(5.29886375591893,2.15161264211855,-2.71257846507238));
#6865=CARTESIAN_POINT('Ctrl Pts',(5.29884325491406,2.14972897898962,-2.72005681505109));
#6866=CARTESIAN_POINT('Ctrl Pts',(5.29882263178277,2.14783913211407,-2.72753345506187));
#6867=CARTESIAN_POINT('Ctrl Pts',(5.29881755778924,2.14737416534024,-2.7293729634527));
#6868=CARTESIAN_POINT('Ctrl Pts',(5.29881247572852,2.14690882331643,-2.73121237336936));
#6869=CARTESIAN_POINT('Ctrl Pts',(5.29880738574549,2.14644310670975,-2.73305168470373));
#6870=CARTESIAN_POINT('',(5.30000000000011,2.40336372975398,-2.0259012809115));
#6871=CARTESIAN_POINT('',(5.3,0.775690620290768,-2.02590128091178));
#6872=CARTESIAN_POINT('',(5.30000000000008,2.57934767198902,-2.7337396090336));
#6873=CARTESIAN_POINT('Ctrl Pts',(5.29880601448468,2.57934767198902,-2.73305139650509));
#6874=CARTESIAN_POINT('Ctrl Pts',(5.2990885480441,2.55110797747541,-2.63108754544522));
#6875=CARTESIAN_POINT('Ctrl Pts',(5.29934783530008,2.52394695896301,-2.5287899526672));
#6876=CARTESIAN_POINT('Ctrl Pts',(5.29955366380486,2.49798206485202,-2.42617822585325));
#6877=CARTESIAN_POINT('Ctrl Pts',(5.29956708828115,2.49628859141468,-2.41948571892538));
#6878=CARTESIAN_POINT('Ctrl Pts',(5.29958028993934,2.49460020612863,-2.41279185779039));
#6879=CARTESIAN_POINT('Ctrl Pts',(5.29959326217158,2.49291694157925,-2.40609664026854));
#6880=CARTESIAN_POINT('Ctrl Pts',(5.29978833821252,2.46760405955935,-2.30541415913954));
#6881=CARTESIAN_POINT('Ctrl Pts',(5.29993133703651,2.44344347086229,-2.20440502265522));
#6882=CARTESIAN_POINT('Ctrl Pts',(5.29998083879543,2.42054123051162,-2.10306084273993));
#6883=CARTESIAN_POINT('Ctrl Pts',(5.29999250837437,2.41514224050343,-2.0791698955499));
#6884=CARTESIAN_POINT('Ctrl Pts',(5.29999902291099,2.40981318153635,-2.05526010515314));
#6885=CARTESIAN_POINT('Ctrl Pts',(5.29999990032445,2.40455544303476,-2.03133093930301));
#6886=CARTESIAN_POINT('Ctrl Pts',(5.29999996668375,2.40415779712632,-2.02952116217358));
#6887=CARTESIAN_POINT('Ctrl Pts',(5.3,2.40376055917391,-2.02771127611041));
#6888=CARTESIAN_POINT('Ctrl Pts',(5.3,2.40336372975399,-2.02590128091178));
#6889=CARTESIAN_POINT('',(5.3,2.64644310670975,-2.73373960903376));
#6890=CARTESIAN_POINT('',(5.3,1.7,-2.73373960903375));
#6891=CARTESIAN_POINT('',(5.30000000000006,2.80474497033551,-2.02590128091163));
#6892=CARTESIAN_POINT('Ctrl Pts',(5.29999999999999,2.80474497033551,-2.0259012809118));
#6893=CARTESIAN_POINT('Ctrl Pts',(5.29999999999999,2.78498888555463,-2.12824193829747));
#6894=CARTESIAN_POINT('Ctrl Pts',(5.29989525311903,2.76386570565302,-2.23024100429548));
#6895=CARTESIAN_POINT('Ctrl Pts',(5.29972675853368,2.74147698344682,-2.33193465576438));
#6896=CARTESIAN_POINT('Ctrl Pts',(5.29969175632367,2.73682606392336,-2.35305997880301));
#6897=CARTESIAN_POINT('Ctrl Pts',(5.29965402259491,2.7321205314417,-2.37417194331347));
#6898=CARTESIAN_POINT('Ctrl Pts',(5.29961396471095,2.72736129637725,-2.39527059773752));
#6899=CARTESIAN_POINT('Ctrl Pts',(5.29941728245595,2.70399368451168,-2.49886396112267));
#6900=CARTESIAN_POINT('Ctrl Pts',(5.29916337488864,2.67933178408325,-2.60214007812936));
#6901=CARTESIAN_POINT('Ctrl Pts',(5.29888265434525,2.65349000680915,-2.7050983896112));
#6902=CARTESIAN_POINT('Ctrl Pts',(5.29886225992237,2.65161259474955,-2.71257833859311));
#6903=CARTESIAN_POINT('Ctrl Pts',(5.29884172885281,2.64972895522737,-2.72005658802495));
#6904=CARTESIAN_POINT('Ctrl Pts',(5.29882107529011,2.64783913211407,-2.72753312744673));
#6905=CARTESIAN_POINT('Ctrl Pts',(5.29881599374553,2.64737416534016,-2.72937263421884));
#6906=CARTESIAN_POINT('Ctrl Pts',(5.29881090411134,2.64690882331626,-2.73121204251164));
#6907=CARTESIAN_POINT('Ctrl Pts',(5.29880580653254,2.64644310670975,-2.73305135221604));
#6908=CARTESIAN_POINT('',(5.30000000000011,2.90336372975398,-2.0259012809115));
#6909=CARTESIAN_POINT('',(5.3,0.775690620290768,-2.02590128091178));
#6910=CARTESIAN_POINT('',(5.30000000000008,3.07934767198902,-2.7337396090336));
#6911=CARTESIAN_POINT('Ctrl Pts',(5.29880449318375,3.07934767198902,-2.73305106886383));
#6912=CARTESIAN_POINT('Ctrl Pts',(5.29908743281275,3.05110793428022,-2.63108715084793));
#6913=CARTESIAN_POINT('Ctrl Pts',(5.29934706039479,3.02394687587263,-2.52878947460019));
#6914=CARTESIAN_POINT('Ctrl Pts',(5.2995531445108,2.99798194570524,-2.42617764460409));
#6915=CARTESIAN_POINT('Ctrl Pts',(5.2995665853227,2.99628851222214,-2.41948529813687));
#6916=CARTESIAN_POINT('Ctrl Pts',(5.2995798029664,2.99460016665246,-2.41279159744606));
#6917=CARTESIAN_POINT('Ctrl Pts',(5.29959279082886,2.99291694157925,-2.40609654035117));
#6918=CARTESIAN_POINT('Ctrl Pts',(5.29978810656619,2.96760405061237,-2.30541407491177));
#6919=CARTESIAN_POINT('Ctrl Pts',(5.29993126254794,2.94344345378283,-2.20440493564426));
#6920=CARTESIAN_POINT('Ctrl Pts',(5.2999808181621,2.92054120622671,-2.10306073095402));
#6921=CARTESIAN_POINT('Ctrl Pts',(5.29999250041528,2.91514222452319,-2.07916982218885));
#6922=CARTESIAN_POINT('Ctrl Pts',(5.29999902189245,2.90981317365317,-2.0552600690625));
#6923=CARTESIAN_POINT('Ctrl Pts',(5.29999990022048,2.90455544303476,-2.03133093928135));
#6924=CARTESIAN_POINT('Ctrl Pts',(5.29999996664905,2.90415779712253,-2.0295211621491));
#6925=CARTESIAN_POINT('Ctrl Pts',(5.30000000000001,2.90376055917202,-2.0277112761018));
#6926=CARTESIAN_POINT('Ctrl Pts',(5.30000000000001,2.90336372975399,-2.02590128091176));
#6927=CARTESIAN_POINT('',(5.3,3.14644310670975,-2.73373960903375));
#6928=CARTESIAN_POINT('',(5.3,1.7,-2.73373960903375));
#6929=CARTESIAN_POINT('',(5.30000000000006,3.30474497033551,-2.02590128091163));
#6930=CARTESIAN_POINT('Ctrl Pts',(5.29999999999999,3.30474497033551,-2.0259012809118));
#6931=CARTESIAN_POINT('Ctrl Pts',(5.3,3.28498889545518,-2.12824188701054));
#6932=CARTESIAN_POINT('Ctrl Pts',(5.29989514317832,3.26386572682433,-2.23024087904687));
#6933=CARTESIAN_POINT('Ctrl Pts',(5.29972645035666,3.24147701710645,-2.33193443749731));
#6934=CARTESIAN_POINT('Ctrl Pts',(5.29969140686394,3.23682608662661,-2.35305980276224));
#6935=CARTESIAN_POINT('Ctrl Pts',(5.2996536280161,3.23212054292287,-2.37417180859767));
#6936=CARTESIAN_POINT('Ctrl Pts',(5.29961352135887,3.22736129637725,-2.39527050347637));
#6937=CARTESIAN_POINT('Ctrl Pts',(5.29941659994184,3.20399366520054,-2.49886390119355));
#6938=CARTESIAN_POINT('Ctrl Pts',(5.29916236552035,3.17933174332176,-2.60214003261413));
#6939=CARTESIAN_POINT('Ctrl Pts',(5.29888124991897,3.15348994274172,-2.70509834191545));
#6940=CARTESIAN_POINT('Ctrl Pts',(5.29886082704422,3.15161255189625,-2.71257819947212));
#6941=CARTESIAN_POINT('Ctrl Pts',(5.29884026716496,3.14972893373038,-2.72005635743239));
#6942=CARTESIAN_POINT('Ctrl Pts',(5.29881958444118,3.14783913211407,-2.72753280533778));
#6943=CARTESIAN_POINT('Ctrl Pts',(5.29881449566402,3.14737416534293,-2.7293723105071));
#6944=CARTESIAN_POINT('Ctrl Pts',(5.2988093987758,3.14690882332184,-2.73121171719198));
#6945=CARTESIAN_POINT('Ctrl Pts',(5.29880429392152,3.14644310670975,-2.73305102531645));
#6946=CARTESIAN_POINT('',(5.30000000000011,3.40336372975398,-2.0259012809115));
#6947=CARTESIAN_POINT('',(5.3,0.775690620290768,-2.02590128091178));
#6948=CARTESIAN_POINT('',(5.30000000000008,3.57934767198902,-2.7337396090336));
#6949=CARTESIAN_POINT('Ctrl Pts',(5.29880303489199,3.57934767198902,-2.73305074668942));
#6950=CARTESIAN_POINT('Ctrl Pts',(5.29908636376107,3.5511078940786,-2.63108677104137));
#6951=CARTESIAN_POINT('Ctrl Pts',(5.29934631756435,3.52394679854056,-2.52878902097578));
#6952=CARTESIAN_POINT('Ctrl Pts',(5.29955264670065,3.4979818348155,-2.42617709782852));
#6953=CARTESIAN_POINT('Ctrl Pts',(5.2995661031799,3.49628843851776,-2.41948490088953));
#6954=CARTESIAN_POINT('Ctrl Pts',(5.29957933615507,3.49460012991203,-2.41279134970746));
#6955=CARTESIAN_POINT('Ctrl Pts',(5.29959233900818,3.49291694157925,-2.406096442101));
#6956=CARTESIAN_POINT('Ctrl Pts',(5.29978788450503,3.46760404324096,-2.30541399776248));
#6957=CARTESIAN_POINT('Ctrl Pts',(5.29993119113117,3.44344343971112,-2.20440486146788));
#6958=CARTESIAN_POINT('Ctrl Pts',(5.29998079837639,3.42054118621849,-2.10306063816492));
#6959=CARTESIAN_POINT('Ctrl Pts',(5.29999249278323,3.41514221135715,-2.07916976148195));
#6960=CARTESIAN_POINT('Ctrl Pts',(5.29999902091592,3.40981316715825,-2.05526003929371));
#6961=CARTESIAN_POINT('Ctrl Pts',(5.29999990012082,3.40455544303476,-2.03133093926006));
#6962=CARTESIAN_POINT('Ctrl Pts',(5.29999996661579,3.40415779712242,-2.02952116214148));
#6963=CARTESIAN_POINT('Ctrl Pts',(5.30000000000001,3.40376055917196,-2.02771127610154));
#6964=CARTESIAN_POINT('Ctrl Pts',(5.30000000000001,3.40336372975399,-2.02590128091176));
#6965=CARTESIAN_POINT('',(5.3,3.64644310670975,-2.73373960903375));
#6966=CARTESIAN_POINT('',(5.3,1.7,-2.73373960903375));
#6967=CARTESIAN_POINT('',(5.30000000000006,3.80474497033551,-2.02590128091162));
#6968=CARTESIAN_POINT('Ctrl Pts',(5.3,3.80474497033551,-2.0259012809118));
#6969=CARTESIAN_POINT('Ctrl Pts',(5.3,3.78498890596648,-2.12824183255982));
#6970=CARTESIAN_POINT('Ctrl Pts',(5.29989503778959,3.76386574930166,-2.23024074787514));
#6971=CARTESIAN_POINT('Ctrl Pts',(5.29972615493505,3.74147705284241,-2.33193421088897));
#6972=CARTESIAN_POINT('Ctrl Pts',(5.29969107185722,3.73682611073034,-2.35305962167448));
#6973=CARTESIAN_POINT('Ctrl Pts',(5.29965324974484,3.73212055511228,-2.37417167213916));
#6974=CARTESIAN_POINT('Ctrl Pts',(5.29961309631865,3.72736129637725,-2.39527041078625));
#6975=CARTESIAN_POINT('Ctrl Pts',(5.29941594562659,3.70399364778016,-2.49886383530792));
#6976=CARTESIAN_POINT('Ctrl Pts',(5.29916139786508,3.67933170655123,-2.60213997398879));
#6977=CARTESIAN_POINT('Ctrl Pts',(5.29887990353764,3.65348988494717,-2.70509827427619));
#6978=CARTESIAN_POINT('Ctrl Pts',(5.29885945337377,3.65161251323875,-2.71257804884734));
#6979=CARTESIAN_POINT('Ctrl Pts',(5.29883886586217,3.64972891433818,-2.72005612377342));
#6980=CARTESIAN_POINT('Ctrl Pts',(5.29881815516903,3.64783913211407,-2.72753248859736));
#6981=CARTESIAN_POINT('Ctrl Pts',(5.298813059458,3.64737416534293,-2.7293719922014));
#6982=CARTESIAN_POINT('Ctrl Pts',(5.29880795561533,3.64690882332183,-2.73121139731601));
#6983=CARTESIAN_POINT('Ctrl Pts',(5.29880284378613,3.64644310670975,-2.73305070386522));
#6984=CARTESIAN_POINT('',(5.30000000000011,3.90336372975398,-2.0259012809115));
#6985=CARTESIAN_POINT('',(5.3,0.775690620290768,-2.02590128091178));
#6986=CARTESIAN_POINT('',(5.30000000000008,4.07934767198902,-2.7337396090336));
#6987=CARTESIAN_POINT('Ctrl Pts',(5.29880163577425,4.07934767198902,-2.73305042984618));
#6988=CARTESIAN_POINT('Ctrl Pts',(5.29908533807855,4.05110785665065,-2.63108640513269));
#6989=CARTESIAN_POINT('Ctrl Pts',(5.299345604857,4.02394672654395,-2.52878859013294));
#6990=CARTESIAN_POINT('Ctrl Pts',(5.29955216906739,3.99798173157652,-2.4261765830847));
#6991=CARTESIAN_POINT('Ctrl Pts',(5.29956564058619,3.99628836989855,-2.41948452554136));
#6992=CARTESIAN_POINT('Ctrl Pts',(5.29957888827839,3.99460009570648,-2.41279111373276));
#6993=CARTESIAN_POINT('Ctrl Pts',(5.29959190552131,3.99291694157925,-2.40609634547661));
#6994=CARTESIAN_POINT('Ctrl Pts',(5.29978767144578,3.96760403732183,-2.30541392718117));
#6995=CARTESIAN_POINT('Ctrl Pts',(5.29993112259947,3.94344342841178,-2.20440479913555));
#6996=CARTESIAN_POINT('Ctrl Pts',(5.29998077938684,3.92054117015221,-2.10306056288959));
#6997=CARTESIAN_POINT('Ctrl Pts',(5.29999248545839,3.91514220078503,-2.0791697124402));
#6998=CARTESIAN_POINT('Ctrl Pts',(5.29999901997885,3.90981316194293,-2.05526001535216));
#6999=CARTESIAN_POINT('Ctrl Pts',(5.2999999000252,3.90455544303476,-2.03133093923911));
#7000=CARTESIAN_POINT('Ctrl Pts',(5.29999996658387,3.90415779712242,-2.02952116213451));
#7001=CARTESIAN_POINT('Ctrl Pts',(5.30000000000001,3.90376055917196,-2.02771127610154));
#7002=CARTESIAN_POINT('Ctrl Pts',(5.30000000000001,3.90336372975399,-2.02590128091176));
#7003=CARTESIAN_POINT('',(5.30000000000001,4.14644310670975,-2.73373960903373));
#7004=CARTESIAN_POINT('',(5.3,1.7,-2.73373960903375));
#7005=CARTESIAN_POINT('',(5.30000000000006,4.30474497033551,-2.02590128091162));
#7006=CARTESIAN_POINT('Ctrl Pts',(5.29999999999999,4.30474497033551,-2.0259012809118));
#7007=CARTESIAN_POINT('Ctrl Pts',(5.3,4.28498891703204,-2.12824177523787));
#7008=CARTESIAN_POINT('Ctrl Pts',(5.29989493667637,4.26386577296423,-2.23024061135392));
#7009=CARTESIAN_POINT('Ctrl Pts',(5.29972587149408,4.2414770904628,-2.33193397678407));
#7010=CARTESIAN_POINT('Ctrl Pts',(5.29969075042582,4.2368261361051,-2.35305943608995));
#7011=CARTESIAN_POINT('Ctrl Pts',(5.29965288679108,4.23212056794446,-2.37417153419351));
#7012=CARTESIAN_POINT('Ctrl Pts',(5.29961268847871,4.22736129637725,-2.39527031962822));
#7013=CARTESIAN_POINT('Ctrl Pts',(5.29941531779826,4.20399363210347,-2.49886376405762));
#7014=CARTESIAN_POINT('Ctrl Pts',(5.2991604693902,4.17933167346124,-2.60213990346409));
#7015=CARTESIAN_POINT('Ctrl Pts',(5.29887861167689,4.15348983293751,-2.70509818851267));
#7016=CARTESIAN_POINT('Ctrl Pts',(5.29885813531639,4.15161247845064,-2.712577887887));
#7017=CARTESIAN_POINT('Ctrl Pts',(5.29883752127867,4.14972889688703,-2.72005588756543));
#7018=CARTESIAN_POINT('Ctrl Pts',(5.29881678373588,4.14783913211407,-2.72753217709237));
#7019=CARTESIAN_POINT('Ctrl Pts',(5.29881168137158,4.14737416534293,-2.72937167915699));
#7020=CARTESIAN_POINT('Ctrl Pts',(5.29880657085589,4.14690882332183,-2.73121108272729));
#7021=CARTESIAN_POINT('Ctrl Pts',(5.29880145233403,4.14644310670975,-2.73305038772728));
#7022=CARTESIAN_POINT('',(5.30000000000011,4.40336372975398,-2.0259012809115));
#7023=CARTESIAN_POINT('',(5.3,0.775690620290768,-2.02590128091178));
#7024=CARTESIAN_POINT('',(5.30000000000008,4.57934767198902,-2.7337396090336));
#7025=CARTESIAN_POINT('Ctrl Pts',(5.29880029230045,4.57934767198902,-2.73305011820282));
#7026=CARTESIAN_POINT('Ctrl Pts',(5.29908435317775,4.55110782183946,-2.6310860524597));
#7027=CARTESIAN_POINT('Ctrl Pts',(5.29934492047534,4.52394665958041,-2.52878818086674));
#7028=CARTESIAN_POINT('Ctrl Pts',(5.29955171040684,4.49798163555443,-2.42617609861411));
#7029=CARTESIAN_POINT('Ctrl Pts',(5.29956519637498,4.49628830607615,-2.41948417090657));
#7030=CARTESIAN_POINT('Ctrl Pts',(5.29957845820665,4.49460006389206,-2.41279088890885));
#7031=CARTESIAN_POINT('Ctrl Pts',(5.29959148927451,4.49291694157925,-2.40609625043803));
#7032=CARTESIAN_POINT('Ctrl Pts',(5.2997874668516,4.46760403273967,-2.30541386268967));
#7033=CARTESIAN_POINT('Ctrl Pts',(5.299931056781,4.44344341966465,-2.20440474772071));
#7034=CARTESIAN_POINT('Ctrl Pts',(5.29998076114606,4.42054115771489,-2.10306050374135));
#7035=CARTESIAN_POINT('Ctrl Pts',(5.29999247842244,4.41514219260088,-2.07916967413899));
#7036=CARTESIAN_POINT('Ctrl Pts',(5.29999901907887,4.40981315790562,-2.05525999677537));
#7037=CARTESIAN_POINT('Ctrl Pts',(5.29999989993337,4.40455544303476,-2.03133093921855));
#7038=CARTESIAN_POINT('Ctrl Pts',(5.29999996655323,4.40415779711528,-2.02952116209515));
#7039=CARTESIAN_POINT('Ctrl Pts',(5.30000000000001,4.40376055916841,-2.02771127608531));
#7040=CARTESIAN_POINT('Ctrl Pts',(5.30000000000001,4.40336372975399,-2.02590128091176));
#7041=CARTESIAN_POINT('',(5.30000000000001,4.64644310670975,-2.73373960903373));
#7042=CARTESIAN_POINT('',(5.3,1.7,-2.73373960903375));
#7043=CARTESIAN_POINT('',(5.30000000000006,4.80474497033551,-2.02590128091162));
#7044=CARTESIAN_POINT('Ctrl Pts',(5.3,4.80474497033551,-2.0259012809118));
#7045=CARTESIAN_POINT('Ctrl Pts',(5.29999999999999,4.78498892859302,-2.12824171534961));
#7046=CARTESIAN_POINT('Ctrl Pts',(5.29989483958399,4.7638657976862,-2.23024047008187));
#7047=CARTESIAN_POINT('Ctrl Pts',(5.29972559932042,4.74147712976747,-2.33193373606533));
#7048=CARTESIAN_POINT('Ctrl Pts',(5.29969044176171,4.73682616261591,-2.35305924658439));
#7049=CARTESIAN_POINT('Ctrl Pts',(5.29965253824322,4.73212058135114,-2.37417139502986));
#7050=CARTESIAN_POINT('Ctrl Pts',(5.2996122968157,4.72736129637725,-2.39527022996459));
#7051=CARTESIAN_POINT('Ctrl Pts',(5.29941471488065,4.7039936180256,-2.49886368802674));
#7052=CARTESIAN_POINT('Ctrl Pts',(5.29915957776381,4.679331643746,-2.60213982223419));
#7053=CARTESIAN_POINT('Ctrl Pts',(5.29887737109163,4.65348978623223,-2.70509808641838));
#7054=CARTESIAN_POINT('Ctrl Pts',(5.29885686956237,4.65161244721051,-2.7125777177436));
#7055=CARTESIAN_POINT('Ctrl Pts',(5.2988362300394,4.64972888121568,-2.72005564932015));
#7056=CARTESIAN_POINT('Ctrl Pts',(5.29881546670047,4.64783913211407,-2.72753187069408));
#7057=CARTESIAN_POINT('Ctrl Pts',(5.29881035794688,4.64737416534921,-2.72937137121964));
#7058=CARTESIAN_POINT('Ctrl Pts',(5.2988052410229,4.64690882333444,-2.73121077324605));
#7059=CARTESIAN_POINT('Ctrl Pts',(5.2988001160737,4.64644310670975,-2.73305007677203));
#7060=CARTESIAN_POINT('',(5.30000000000011,4.90336372975398,-2.02590128091149));
#7061=CARTESIAN_POINT('',(5.3,0.775690620290768,-2.02590128091178));
#7062=CARTESIAN_POINT('',(5.30000000000008,5.07934767198902,-2.7337396090336));
#7063=CARTESIAN_POINT('Ctrl Pts',(5.29879900121577,5.07934767198902,-2.73304981163249));
#7064=CARTESIAN_POINT('Ctrl Pts',(5.29908340667428,5.05110778937482,-2.63108571195439));
#7065=CARTESIAN_POINT('Ctrl Pts',(5.29934426276456,5.02394659713157,-2.52878779116068));
#7066=CARTESIAN_POINT('Ctrl Pts',(5.29955126961178,4.99798154600653,-2.42617564143838));
#7067=CARTESIAN_POINT('Ctrl Pts',(5.29956476947276,4.9962882465569,-2.41948383498618));
#7068=CARTESIAN_POINT('Ctrl Pts',(5.29957804489919,4.99460003422268,-2.41279067421682));
#7069=CARTESIAN_POINT('Ctrl Pts',(5.29959108925939,4.99291694157925,-2.40609615694645));
#7070=CARTESIAN_POINT('Ctrl Pts',(5.2997872702276,4.96760402938482,-2.30541380383292));
#7071=CARTESIAN_POINT('Ctrl Pts',(5.29993099351744,4.94344341326051,-2.20440470634247));
#7072=CARTESIAN_POINT('Ctrl Pts',(5.29998074361049,4.92054114860907,-2.10306045940212));
#7073=CARTESIAN_POINT('Ctrl Pts',(5.29999247165861,4.91514218660896,-2.07916964569928));
#7074=CARTESIAN_POINT('Ctrl Pts',(5.29999901821386,4.90981315494976,-2.05525998312372));
#7075=CARTESIAN_POINT('Ctrl Pts',(5.29999989984515,4.90455544303476,-2.03133093919824));
#7076=CARTESIAN_POINT('Ctrl Pts',(5.29999996652378,4.90415779712919,-2.02952116215171));
#7077=CARTESIAN_POINT('Ctrl Pts',(5.3,4.90376055917534,-2.02771127611694));
#7078=CARTESIAN_POINT('Ctrl Pts',(5.29999999999999,4.90336372975399,-2.0259012809118));
#7079=CARTESIAN_POINT('',(5.30000000000001,5.14644310670975,-2.73373960903373));
#7080=CARTESIAN_POINT('',(5.3,1.7,-2.73373960903375));
#7081=CARTESIAN_POINT('',(5.30000000000006,5.30474497033551,-2.02590128091162));
#7082=CARTESIAN_POINT('Ctrl Pts',(5.29999999999999,5.30474497033551,-2.02590128091179));
#7083=CARTESIAN_POINT('Ctrl Pts',(5.29999999999999,5.28498894059796,-2.12824165316153));
#7084=CARTESIAN_POINT('Ctrl Pts',(5.29989474627768,5.26386582335751,-2.23024032458134));
#7085=CARTESIAN_POINT('Ctrl Pts',(5.2997253377561,5.24147717058149,-2.33193348950228));
#7086=CARTESIAN_POINT('Ctrl Pts',(5.29969014511957,5.23682619014476,-2.35305905365874));
#7087=CARTESIAN_POINT('Ctrl Pts',(5.29965220326062,5.23212059527266,-2.37417125488033));
#7088=CARTESIAN_POINT('Ctrl Pts',(5.29961192038585,5.22736129637725,-2.39527014175893));
#7089=CARTESIAN_POINT('Ctrl Pts',(5.29941413542077,5.20399360548581,-2.4988636074283));
#7090=CARTESIAN_POINT('Ctrl Pts',(5.29915872083699,5.1793316172773,-2.60213973075247));
#7091=CARTESIAN_POINT('Ctrl Pts',(5.29887617879195,5.15348974462969,-2.70509796867921));
#7092=CARTESIAN_POINT('Ctrl Pts',(5.29885565306143,5.15161241938349,-2.71257753883268));
#7093=CARTESIAN_POINT('Ctrl Pts',(5.2988349890327,5.1497288672565,-2.7200554091832));
#7094=CARTESIAN_POINT('Ctrl Pts',(5.29881420088922,5.14783913211407,-2.72753156927791));
#7095=CARTESIAN_POINT('Ctrl Pts',(5.29880908599468,5.14737416534293,-2.72937106833879));
#7096=CARTESIAN_POINT('Ctrl Pts',(5.29880396291157,5.14690882332183,-2.73121046889578));
#7097=CARTESIAN_POINT('Ctrl Pts',(5.29879883178528,5.14644310670975,-2.73304977087293));
#7098=CARTESIAN_POINT('',(5.30000000000011,5.40336372975398,-2.02590128091149));
#7099=CARTESIAN_POINT('',(5.3,0.775690620290768,-2.02590128091178));
#7100=CARTESIAN_POINT('',(5.30000000000008,5.57934767198902,-2.73373960903359));
#7101=CARTESIAN_POINT('Ctrl Pts',(5.29879775951447,5.57934767198902,-2.7330495100122));
#7102=CARTESIAN_POINT('Ctrl Pts',(5.29908249636464,5.55110775916902,-2.6310853832104));
#7103=CARTESIAN_POINT('Ctrl Pts',(5.2993436301934,5.52394653902754,-2.52878742031319));
#7104=CARTESIAN_POINT('Ctrl Pts',(5.29955084565588,5.49798146268874,-2.42617521055182));
#7105=CARTESIAN_POINT('Ctrl Pts',(5.29956435888551,5.49628819117858,-2.41948351709726));
#7106=CARTESIAN_POINT('Ctrl Pts',(5.29957764739378,5.49460000661749,-2.41279046929629));
#7107=CARTESIAN_POINT('Ctrl Pts',(5.29959070454466,5.49291694157925,-2.40609606496445));
#7108=CARTESIAN_POINT('Ctrl Pts',(5.2997870811165,5.4676040271788,-2.30541375028052));
#7109=CARTESIAN_POINT('Ctrl Pts',(5.29993093266219,5.44344340904918,-2.20440467436732));
#7110=CARTESIAN_POINT('Ctrl Pts',(5.29998072673966,5.42054114262101,-2.10306042892457));
#7111=CARTESIAN_POINT('Ctrl Pts',(5.29999246515126,5.41514218266863,-2.07916962648954));
#7112=CARTESIAN_POINT('Ctrl Pts',(5.29999901738176,5.40981315300596,-2.05525997408149));
#7113=CARTESIAN_POINT('Ctrl Pts',(5.29999989976027,5.40455544303476,-2.03133093917834));
#7114=CARTESIAN_POINT('Ctrl Pts',(5.29999996649546,5.40415779712194,-2.02952116211205));
#7115=CARTESIAN_POINT('Ctrl Pts',(5.29999999999999,5.40376055917173,-2.0277112761005));
#7116=CARTESIAN_POINT('Ctrl Pts',(5.29999999999999,5.40336372975399,-2.02590128091179));
#7117=CARTESIAN_POINT('',(5.30000000000001,5.64644310670975,-2.73373960903373));
#7118=CARTESIAN_POINT('',(5.3,1.7,-2.73373960903375));
#7119=CARTESIAN_POINT('',(5.30000000000006,5.80474497033551,-2.02590128091162));
#7120=CARTESIAN_POINT('Ctrl Pts',(5.29999999999998,5.80474497033551,-2.02590128091183));
#7121=CARTESIAN_POINT('Ctrl Pts',(5.29999999999998,5.78498895300509,-2.12824158888999));
#7122=CARTESIAN_POINT('Ctrl Pts',(5.29989465654054,5.76386584988888,-2.23024017527509));
#7123=CARTESIAN_POINT('Ctrl Pts',(5.29972508619355,5.741477212763,-2.3319332377149));
#7124=CARTESIAN_POINT('Ctrl Pts',(5.29968985981106,5.73682621859597,-2.35305885771469));
#7125=CARTESIAN_POINT('Ctrl Pts',(5.29965188106682,5.73212060966062,-2.3741711139281));
#7126=CARTESIAN_POINT('Ctrl Pts',(5.2996115583174,5.72736129637725,-2.39527005497595));
#7127=CARTESIAN_POINT('Ctrl Pts',(5.29941357807554,5.70399359431186,-2.4988635229714));
#7128=CARTESIAN_POINT('Ctrl Pts',(5.29915789662224,5.67933159369159,-2.60213963046052));
#7129=CARTESIAN_POINT('Ctrl Pts',(5.29887503201157,5.65348970755849,-2.70509783745882));
#7130=CARTESIAN_POINT('Ctrl Pts',(5.29885448299282,5.65161239458738,-2.71257735255632));
#7131=CARTESIAN_POINT('Ctrl Pts',(5.29883379538294,5.64972885481775,-2.720055167795));
#7132=CARTESIAN_POINT('Ctrl Pts',(5.29881298337069,5.64783913211407,-2.72753127272335));
#7133=CARTESIAN_POINT('Ctrl Pts',(5.29880786256963,5.64737416534848,-2.72937077029672));
#7134=CARTESIAN_POINT('Ctrl Pts',(5.29880273356246,5.64690882333298,-2.73121016936149));
#7135=CARTESIAN_POINT('Ctrl Pts',(5.29879759649449,5.64644310670975,-2.73304946990781));
#7136=CARTESIAN_POINT('',(5.30000000000011,5.90336372975398,-2.02590128091149));
#7137=CARTESIAN_POINT('',(5.3,0.775690620290768,-2.02590128091178));
#7138=CARTESIAN_POINT('',(5.30000000000008,6.07934767198902,-2.73373960903359));
#7139=CARTESIAN_POINT('Ctrl Pts',(5.29879656441637,6.07934767198902,-2.73304921322308));
#7140=CARTESIAN_POINT('Ctrl Pts',(5.29908162021162,6.05110773104021,-2.63108506548459));
#7141=CARTESIAN_POINT('Ctrl Pts',(5.29934302134749,6.02394648491904,-2.5287870669486));
#7142=CARTESIAN_POINT('Ctrl Pts',(5.29955043759233,5.99798138510038,-2.42617480393538));
#7143=CARTESIAN_POINT('Ctrl Pts',(5.2995639636956,5.9962881396084,-2.41948321588131));
#7144=CARTESIAN_POINT('Ctrl Pts',(5.29957726480117,5.99459998091059,-2.41279027344989));
#7145=CARTESIAN_POINT('Ctrl Pts',(5.29959033426895,5.99291694157925,-2.40609597445573));
#7146=CARTESIAN_POINT('Ctrl Pts',(5.2997868990957,5.96760402600982,-2.30541370157019));
#7147=CARTESIAN_POINT('Ctrl Pts',(5.29993087408022,5.94344340681775,-2.20440465089935));
#7148=CARTESIAN_POINT('Ctrl Pts',(5.29998071049643,5.92054113944826,-2.10306041096866));
#7149=CARTESIAN_POINT('Ctrl Pts',(5.29999245888609,5.91514218058086,-2.0791696156161));
#7150=CARTESIAN_POINT('Ctrl Pts',(5.29999901658079,5.90981315197605,-2.05525996920158));
#7151=CARTESIAN_POINT('Ctrl Pts',(5.29999989967863,5.90455544303476,-2.03133093915864));
#7152=CARTESIAN_POINT('Ctrl Pts',(5.29999996646823,5.90415779712962,-2.02952116214037));
#7153=CARTESIAN_POINT('Ctrl Pts',(5.30000000000001,5.90376055917555,-2.02771127611789));
#7154=CARTESIAN_POINT('Ctrl Pts',(5.30000000000001,5.90336372975399,-2.02590128091176));
#7155=CARTESIAN_POINT('',(5.30000000000001,6.14644310670975,-2.73373960903373));
#7156=CARTESIAN_POINT('',(5.3,1.7,-2.73373960903375));
#7157=CARTESIAN_POINT('',(5.30000000000006,6.30474497033551,-2.02590128091162));
#7158=CARTESIAN_POINT('Ctrl Pts',(5.29999999999997,6.30474497033551,-2.02590128091187));
#7159=CARTESIAN_POINT('Ctrl Pts',(5.29999999999998,6.28498896575929,-2.12824152282057));
#7160=CARTESIAN_POINT('Ctrl Pts',(5.29989457017181,6.26386587716242,-2.23024002272409));
#7161=CARTESIAN_POINT('Ctrl Pts',(5.29972484407035,6.24147725612431,-2.33193298153186));
#7162=CARTESIAN_POINT('Ctrl Pts',(5.29968958519924,6.23682624784296,-2.35305865929308));
#7163=CARTESIAN_POINT('Ctrl Pts',(5.29965157094333,6.23212062445101,-2.37417097242658));
#7164=CARTESIAN_POINT('Ctrl Pts',(5.29961120980385,6.22736129637725,-2.39526996958155));
#7165=CARTESIAN_POINT('Ctrl Pts',(5.29941304160312,6.20399358443103,-2.49886343492576));
#7166=CARTESIAN_POINT('Ctrl Pts',(5.29915710328268,6.17933157283537,-2.602139521923));
#7167=CARTESIAN_POINT('Ctrl Pts',(5.29887392819461,6.15348967477744,-2.70509769360837));
#7168=CARTESIAN_POINT('Ctrl Pts',(5.29885335674932,6.15161237266086,-2.71257715944293));
#7169=CARTESIAN_POINT('Ctrl Pts',(5.2988326464308,6.1497288438185,-2.72005492536143));
#7170=CARTESIAN_POINT('Ctrl Pts',(5.29881181143294,6.14783913211407,-2.72753098091374));
#7171=CARTESIAN_POINT('Ctrl Pts',(5.29880668494622,6.14737416533054,-2.72937047711603));
#7172=CARTESIAN_POINT('Ctrl Pts',(5.29880155023658,6.14690882329696,-2.73120987480528));
#7173=CARTESIAN_POINT('Ctrl Pts',(5.29879640744989,6.14644310670975,-2.73304917375806));
#7174=CARTESIAN_POINT('',(5.30000000000011,6.40336372975398,-2.02590128091149));
#7175=CARTESIAN_POINT('',(5.3,0.775690620290768,-2.02590128091178));
#7176=CARTESIAN_POINT('',(5.30000000000008,6.57934767198902,-2.73373960903359));
#7177=CARTESIAN_POINT('Ctrl Pts',(5.29879541334614,6.57934767198902,-2.73304892114996));
#7178=CARTESIAN_POINT('Ctrl Pts',(5.29908077632783,6.55110770485605,-2.63108475821519));
#7179=CARTESIAN_POINT('Ctrl Pts',(5.29934243491589,6.52394643455136,-2.5287867300498));
#7180=CARTESIAN_POINT('Ctrl Pts',(5.29955004454301,6.4979813128762,-2.42617442010712));
#7181=CARTESIAN_POINT('Ctrl Pts',(5.29956358305214,6.49628809160359,-2.41948293033867));
#7182=CARTESIAN_POINT('Ctrl Pts',(5.29957689629732,6.49459995698098,-2.41279008615997));
#7183=CARTESIAN_POINT('Ctrl Pts',(5.29958997763435,6.49291694157925,-2.40609588538519));
#7184=CARTESIAN_POINT('Ctrl Pts',(5.29978672377343,6.46760402581382,-2.30541365742995));
#7185=CARTESIAN_POINT('Ctrl Pts',(5.29993081764587,6.44344340644308,-2.20440463541844));
#7186=CARTESIAN_POINT('Ctrl Pts',(5.29998069484604,6.42054113891522,-2.10306040475606));
#7187=CARTESIAN_POINT('Ctrl Pts',(5.29999245284959,6.4151421802301,-2.07916961256023));
#7188=CARTESIAN_POINT('Ctrl Pts',(5.29999901580912,6.40981315180302,-2.05525996822477));
#7189=CARTESIAN_POINT('Ctrl Pts',(5.29999989959992,6.40455544303476,-2.03133093913945));
#7190=CARTESIAN_POINT('Ctrl Pts',(5.29999996644192,6.40415779711526,-2.02952116206873));
#7191=CARTESIAN_POINT('Ctrl Pts',(5.3,6.4037605591684,-2.0277112760853));
#7192=CARTESIAN_POINT('Ctrl Pts',(5.3,6.40336372975399,-2.02590128091179));
#7193=CARTESIAN_POINT('',(5.30000000000003,6.64644310670975,-2.73373960903369));
#7194=CARTESIAN_POINT('',(5.3,1.7,-2.73373960903375));
#7195=CARTESIAN_POINT('',(5.30000000000005,6.80474497033551,-2.02590128091165));
#7196=CARTESIAN_POINT('Ctrl Pts',(5.29999999999998,6.80474497033551,-2.02590128091183));
#7197=CARTESIAN_POINT('Ctrl Pts',(5.29999999999998,6.78498897883081,-2.12824145510733));
#7198=CARTESIAN_POINT('Ctrl Pts',(5.29989448698585,6.76386590511452,-2.230239867227));
#7199=CARTESIAN_POINT('Ctrl Pts',(5.29972461086603,6.74147730056448,-2.33193272138841));
#7200=CARTESIAN_POINT('Ctrl Pts',(5.29968932069439,6.73682627781764,-2.35305845867314));
#7201=CARTESIAN_POINT('Ctrl Pts',(5.29965127222473,6.7321206396094,-2.37417083049894));
#7202=CARTESIAN_POINT('Ctrl Pts',(5.29961087409805,6.72736129637725,-2.39526988554255));
#7203=CARTESIAN_POINT('Ctrl Pts',(5.29941252485303,6.70399357577777,-2.49886334353081));
#7204=CARTESIAN_POINT('Ctrl Pts',(5.29915633911679,6.67933155457021,-2.60213940564322));
#7205=CARTESIAN_POINT('Ctrl Pts',(5.29887286497327,6.65348964606946,-2.70509753788621));
#7206=CARTESIAN_POINT('Ctrl Pts',(5.29885227191549,6.65161235345872,-2.71257695996023));
#7207=CARTESIAN_POINT('Ctrl Pts',(5.29883153971258,6.64972883418591,-2.72005468205977));
#7208=CARTESIAN_POINT('Ctrl Pts',(5.29881068256345,6.64783913211407,-2.72753069373592));
#7209=CARTESIAN_POINT('Ctrl Pts',(5.29880555060046,6.64737416535401,-2.72937018842617));
#7210=CARTESIAN_POINT('Ctrl Pts',(5.29880041039825,6.64690882334408,-2.73120958459858));
#7211=CARTESIAN_POINT('Ctrl Pts',(5.2987952621021,6.64644310670975,-2.73304888230926));
#7212=CARTESIAN_POINT('',(5.3000000000001,6.90336372975398,-2.02590128091153));
#7213=CARTESIAN_POINT('',(5.3,0.775690620290768,-2.02590128091178));
#7214=CARTESIAN_POINT('',(5.30000000000008,7.07934767198902,-2.73373960903359));
#7215=CARTESIAN_POINT('Ctrl Pts',(5.29879430391482,7.07934767198902,-2.73304863368129));
#7216=CARTESIAN_POINT('Ctrl Pts',(5.29907996296181,7.05110768055851,-2.63108446111143));
#7217=CARTESIAN_POINT('Ctrl Pts',(5.29934186968155,7.02394638781191,-2.52878640913627));
#7218=CARTESIAN_POINT('Ctrl Pts',(5.29954966569228,6.99798124585427,-2.42617405838913));
#7219=CARTESIAN_POINT('Ctrl Pts',(5.2995632161653,6.99628804705653,-2.41948266000582));
#7220=CARTESIAN_POINT('Ctrl Pts',(5.29957654111737,6.99459993477499,-2.41278990717806));
#7221=CARTESIAN_POINT('Ctrl Pts',(5.29958963390063,6.99291694157925,-2.40609579771891));
#7222=CARTESIAN_POINT('Ctrl Pts',(5.29978655478616,6.96760402653445,-2.30541361761933));
#7223=CARTESIAN_POINT('Ctrl Pts',(5.29993076324267,6.94344340781876,-2.20440462747432));
#7224=CARTESIAN_POINT('Ctrl Pts',(5.29998067975641,6.92054114087128,-2.10306040961869));
#7225=CARTESIAN_POINT('Ctrl Pts',(5.29999244702946,6.91514218151725,-2.0791696168765));
#7226=CARTESIAN_POINT('Ctrl Pts',(5.29999901506526,6.90981315243798,-2.05525997092823));
#7227=CARTESIAN_POINT('Ctrl Pts',(5.29999989952409,6.90455544303476,-2.03133093912048));
#7228=CARTESIAN_POINT('Ctrl Pts',(5.29999996641662,6.90415779708671,-2.02952116193243));
#7229=CARTESIAN_POINT('Ctrl Pts',(5.30000000000004,6.90376055915418,-2.02771127602036));
#7230=CARTESIAN_POINT('Ctrl Pts',(5.30000000000004,6.90336372975399,-2.02590128091168));
#7231=CARTESIAN_POINT('',(5.30000000000001,7.14644310670975,-2.73373960903373));
#7232=CARTESIAN_POINT('',(5.3,1.7,-2.73373960903375));
#7233=CARTESIAN_POINT('',(5.30000000000003,7.30474497033551,-2.02590128091169));
#7234=CARTESIAN_POINT('Ctrl Pts',(5.29999999999997,7.30474497033551,-2.02590128091187));
#7235=CARTESIAN_POINT('Ctrl Pts',(5.29999999999997,7.28498899219021,-2.12824138590292));
#7236=CARTESIAN_POINT('Ctrl Pts',(5.2998944068101,7.26386593368217,-2.23023970908069));
#7237=CARTESIAN_POINT('Ctrl Pts',(5.29972438609734,7.24147734598349,-2.33193245771724));
#7238=CARTESIAN_POINT('Ctrl Pts',(5.29968906574901,7.23682630845253,-2.35305825613294));
#7239=CARTESIAN_POINT('Ctrl Pts',(5.29965098429354,7.23212065510165,-2.3741706882681));
#7240=CARTESIAN_POINT('Ctrl Pts',(5.29961055050669,7.22736129637725,-2.39526980282701));
#7241=CARTESIAN_POINT('Ctrl Pts',(5.29941202675661,7.20399356815463,-2.49886324961259));
#7242=CARTESIAN_POINT('Ctrl Pts',(5.29915560254224,7.17933153847956,-2.60213928329324));
#7243=CARTESIAN_POINT('Ctrl Pts',(5.29887184014518,7.15348962077784,-2.70509737280647));
#7244=CARTESIAN_POINT('Ctrl Pts',(5.29885122624644,7.15161233654172,-2.71257675574759));
#7245=CARTESIAN_POINT('Ctrl Pts',(5.29883047294041,7.14972882569965,-2.72005443865492));
#7246=CARTESIAN_POINT('Ctrl Pts',(5.29880959443076,7.14783913211407,-2.72753041108086));
#7247=CARTESIAN_POINT('Ctrl Pts',(5.29880445718877,7.14737416534302,-2.72936990441774));
#7248=CARTESIAN_POINT('Ctrl Pts',(5.29879931169193,7.14690882332202,-2.73120929923242));
#7249=CARTESIAN_POINT('Ctrl Pts',(5.29879415808586,7.14644310670975,-2.73304859545025));
#7250=CARTESIAN_POINT('',(5.30000000000008,7.40336372975399,-2.02590128091156));
#7251=CARTESIAN_POINT('',(5.3,0.775690620290768,-2.02590128091178));
#7252=CARTESIAN_POINT('',(5.30000000000006,7.57934767198902,-2.73373960903363));
#7253=CARTESIAN_POINT('Ctrl Pts',(5.29879323390309,7.57934767198902,-2.73304835070915));
#7254=CARTESIAN_POINT('Ctrl Pts',(5.29907917848822,7.55110765792136,-2.63108417327776));
#7255=CARTESIAN_POINT('Ctrl Pts',(5.29934132451669,7.52394634426701,-2.52878610252068));
#7256=CARTESIAN_POINT('Ctrl Pts',(5.29954930028584,7.49798118341344,-2.42617371629064));
#7257=CARTESIAN_POINT('Ctrl Pts',(5.29956286230341,7.49628800555437,-2.41948240321111));
#7258=CARTESIAN_POINT('Ctrl Pts',(5.29957619855207,7.49459991408683,-2.41278973565142));
#7259=CARTESIAN_POINT('Ctrl Pts',(5.29958930238025,7.49291694157925,-2.40609571142387));
#7260=CARTESIAN_POINT('Ctrl Pts',(5.29978639179699,7.46760402803025,-2.30541358155945));
#7261=CARTESIAN_POINT('Ctrl Pts',(5.29993071076345,7.44344341067469,-2.2044046259325));
#7262=CARTESIAN_POINT('Ctrl Pts',(5.2999806651983,7.42054114493236,-2.1030604238552));
#7263=CARTESIAN_POINT('Ctrl Pts',(5.29999244141449,7.41514218418957,-2.07916962743005));
#7264=CARTESIAN_POINT('Ctrl Pts',(5.29999901434776,7.40981315375625,-2.0552599767444));
#7265=CARTESIAN_POINT('Ctrl Pts',(5.299999899451,7.40455544303476,-2.03133093910166));
#7266=CARTESIAN_POINT('Ctrl Pts',(5.29999996639225,7.4041577971296,-2.02952116212129));
#7267=CARTESIAN_POINT('Ctrl Pts',(5.30000000000004,7.40376055917554,-2.02771127611777));
#7268=CARTESIAN_POINT('Ctrl Pts',(5.30000000000003,7.40336372975399,-2.02590128091171));
#7269=CARTESIAN_POINT('',(5.29999999999999,7.64644310670975,-2.73373960903376));
#7270=CARTESIAN_POINT('',(5.3,1.7,-2.73373960903375));
#7271=CARTESIAN_POINT('',(5.30000000000002,7.80474497033551,-2.02590128091173));
#7272=CARTESIAN_POINT('Ctrl Pts',(5.29999999999996,7.80474497033551,-2.0259012809119));
#7273=CARTESIAN_POINT('Ctrl Pts',(5.29999999999996,7.78498900577688,-2.12824131552112));
#7274=CARTESIAN_POINT('Ctrl Pts',(5.29989432948402,7.76386596273591,-2.23023954890283));
#7275=CARTESIAN_POINT('Ctrl Pts',(5.29972416931461,7.74147739217487,-2.33193219143443));
#7276=CARTESIAN_POINT('Ctrl Pts',(5.29968881985402,7.73682633960841,-2.35305805227256));
#7277=CARTESIAN_POINT('Ctrl Pts',(5.29965070657567,7.73212067085739,-2.37417054601866));
#7278=CARTESIAN_POINT('Ctrl Pts',(5.29961023838557,7.72736129637725,-2.39526972140407));
#7279=CARTESIAN_POINT('Ctrl Pts',(5.29941154632302,7.70399356162942,-2.49886315282265));
#7280=CARTESIAN_POINT('Ctrl Pts',(5.29915489209496,7.6793315247062,-2.60213915420311));
#7281=CARTESIAN_POINT('Ctrl Pts',(5.29887085167385,7.65348959913024,-2.70509719736191));
#7282=CARTESIAN_POINT('Ctrl Pts',(5.29885021766314,7.65161232206212,-2.71257654609825));
#7283=CARTESIAN_POINT('Ctrl Pts',(5.29882944399209,7.64972881843608,-2.7200541947405));
#7284=CARTESIAN_POINT('Ctrl Pts',(5.29880854486907,7.64783913211407,-2.72753013284217));
#7285=CARTESIAN_POINT('Ctrl Pts',(5.29880340253519,7.64737416533125,-2.72936962485055));
#7286=CARTESIAN_POINT('Ctrl Pts',(5.29879825193137,7.64690882329839,-2.73120901833253));
#7287=CARTESIAN_POINT('Ctrl Pts',(5.29879309320364,7.64644310670975,-2.7330483130733));
#7288=CARTESIAN_POINT('',(5.30000000000007,7.90336372975399,-2.0259012809116));
#7289=CARTESIAN_POINT('',(5.3,0.775690620290768,-2.02590128091178));
#7290=CARTESIAN_POINT('',(5.30000000000005,8.07934767198902,-2.73373960903366));
#7291=CARTESIAN_POINT('Ctrl Pts',(5.29879220124674,8.07934767198902,-2.73304807212878));
#7292=CARTESIAN_POINT('Ctrl Pts',(5.29907842139367,8.05110763688721,-2.63108389443089));
#7293=CARTESIAN_POINT('Ctrl Pts',(5.29934079836998,8.02394630380566,-2.52878580973158));
#7294=CARTESIAN_POINT('Ctrl Pts',(5.299548947619,7.99798112539423,-2.42617339314594));
#7295=CARTESIAN_POINT('Ctrl Pts',(5.29956252078398,7.99628796699109,-2.41948215950002));
#7296=CARTESIAN_POINT('Ctrl Pts',(5.2995758679406,7.99459989486366,-2.41278957133684));
#7297=CARTESIAN_POINT('Ctrl Pts',(5.29958898243363,7.99291694157925,-2.40609562646814));
#7298=CARTESIAN_POINT('Ctrl Pts',(5.29978623449141,7.967604030313,-2.30541354928167));
#7299=CARTESIAN_POINT('Ctrl Pts',(5.29993066010674,7.94344341503238,-2.20440463087826));
#7300=CARTESIAN_POINT('Ctrl Pts',(5.29998065114338,7.92054115112847,-2.10306044759755));
#7301=CARTESIAN_POINT('Ctrl Pts',(5.29999243599362,7.91514218826681,-2.07916964430954));
#7302=CARTESIAN_POINT('Ctrl Pts',(5.29999901365514,7.90981315576759,-2.05525998571782));
#7303=CARTESIAN_POINT('Ctrl Pts',(5.29999989938042,7.90455544303476,-2.03133093908328));
#7304=CARTESIAN_POINT('Ctrl Pts',(5.29999996636868,7.90415779711528,-2.02952116205005));
#7305=CARTESIAN_POINT('Ctrl Pts',(5.30000000000001,7.90376055916841,-2.02771127608534));
#7306=CARTESIAN_POINT('Ctrl Pts',(5.30000000000001,7.90336372975399,-2.02590128091175));
#7307=CARTESIAN_POINT('',(5.29999999999997,8.14644310670975,-2.7337396090338));
#7308=CARTESIAN_POINT('',(5.3,1.7,-2.73373960903375));
#7309=CARTESIAN_POINT('',(5.30000000000001,8.30474497033551,-2.02590128091176));
#7310=CARTESIAN_POINT('Ctrl Pts',(5.29999999999997,8.30474497033551,-2.02590128091186));
#7311=CARTESIAN_POINT('Ctrl Pts',(5.29999999999998,8.28498901960348,-2.1282412438964));
#7312=CARTESIAN_POINT('Ctrl Pts',(5.29989425485912,8.26386599230261,-2.23023938655588));
#7313=CARTESIAN_POINT('Ctrl Pts',(5.29972396010147,8.24147743918228,-2.33193192232046));
#7314=CARTESIAN_POINT('Ctrl Pts',(5.29968858253728,8.23682637131466,-2.35305784693599));
#7315=CARTESIAN_POINT('Ctrl Pts',(5.29965043853796,8.23212068689145,-2.37417040365771));
#7316=CARTESIAN_POINT('Ctrl Pts',(5.29960993713561,8.22736129637724,-2.39526964124328));
#7317=CARTESIAN_POINT('Ctrl Pts',(5.2994110826291,8.20399355607787,-2.49886305366517));
#7318=CARTESIAN_POINT('Ctrl Pts',(5.2991542064085,8.17933151298818,-2.60213901940135));
#7319=CARTESIAN_POINT('Ctrl Pts',(5.29886989765734,8.15348958071189,-2.70509701310875));
#7320=CARTESIAN_POINT('Ctrl Pts',(5.29884924422636,8.15161230974249,-2.71257633201524));
#7321=CARTESIAN_POINT('Ctrl Pts',(5.29882845089065,8.14972881225605,-2.72005395076655));
#7322=CARTESIAN_POINT('Ctrl Pts',(5.29880753186318,8.14783913211407,-2.7275298589173));
#7323=CARTESIAN_POINT('Ctrl Pts',(5.29880238461515,8.14737416535467,-2.72936934947934));
#7324=CARTESIAN_POINT('Ctrl Pts',(5.29879722908249,8.1469088233454,-2.73120874151045));
#7325=CARTESIAN_POINT('Ctrl Pts',(5.29879206541072,8.14644310670975,-2.73304803507455));
#7326=CARTESIAN_POINT('',(5.30000000000006,8.40336372975399,-2.02590128091164));
#7327=CARTESIAN_POINT('',(5.3,0.775690620290768,-2.02590128091178));
#7328=CARTESIAN_POINT('',(5.30000000000003,8.57934767198902,-2.7337396090337));
#7329=CARTESIAN_POINT('Ctrl Pts',(5.29879120402321,8.57934767198902,-2.73304779783858));
#7330=CARTESIAN_POINT('Ctrl Pts',(5.29907769026858,8.55110761742601,-2.63108362438803));
#7331=CARTESIAN_POINT('Ctrl Pts',(5.29934029026143,8.52394626636883,-2.52878553049594));
#7332=CARTESIAN_POINT('Ctrl Pts',(5.29954860703489,8.49798107171149,-2.42617308858423));
#7333=CARTESIAN_POINT('Ctrl Pts',(5.299562190971,8.4962879313101,-2.41948192861496));
#7334=CARTESIAN_POINT('Ctrl Pts',(5.29957554866732,8.49459987707727,-2.41278941409011));
#7335=CARTESIAN_POINT('Ctrl Pts',(5.2995886734651,8.49291694157925,-2.40609554282078));
#7336=CARTESIAN_POINT('Ctrl Pts',(5.29978608257721,8.4676040332995,-2.30541352043995));
#7337=CARTESIAN_POINT('Ctrl Pts',(5.29993061117925,8.44344342073349,-2.20440464164464));
#7338=CARTESIAN_POINT('Ctrl Pts',(5.29998063756599,8.42054115923476,-2.1030604798493));
#7339=CARTESIAN_POINT('Ctrl Pts',(5.29999243075693,8.415142193601,-2.07916966685054));
#7340=CARTESIAN_POINT('Ctrl Pts',(5.29999901298616,8.40981315839899,-2.0552599975161));
#7341=CARTESIAN_POINT('Ctrl Pts',(5.29999989931225,8.40455544303476,-2.03133093906519));
#7342=CARTESIAN_POINT('Ctrl Pts',(5.29999996634592,8.40415779711527,-2.02952116204395));
#7343=CARTESIAN_POINT('Ctrl Pts',(5.30000000000001,8.4037605591684,-2.0277112760853));
#7344=CARTESIAN_POINT('Ctrl Pts',(5.3,8.40336372975399,-2.02590128091179));
#7345=CARTESIAN_POINT('',(5.29999999999996,8.64644310670975,-2.73373960903383));
#7346=CARTESIAN_POINT('',(5.3,1.7,-2.73373960903375));
#7347=CARTESIAN_POINT('',(5.29999999999999,8.80474497033551,-2.0259012809118));
#7348=CARTESIAN_POINT('Ctrl Pts',(5.29999999999998,8.80474497033551,-2.02590128091182));
#7349=CARTESIAN_POINT('Ctrl Pts',(5.29999999999997,8.78498903360901,-2.12824117134485));
#7350=CARTESIAN_POINT('Ctrl Pts',(5.29989418279608,8.76386602225198,-2.23023922266224));
#7351=CARTESIAN_POINT('Ctrl Pts',(5.2997237580677,8.74147748679784,-2.3319316513));
#7352=CARTESIAN_POINT('Ctrl Pts',(5.29968835335706,8.73682640343113,-2.35305764072998));
#7353=CARTESIAN_POINT('Ctrl Pts',(5.29965017968272,8.73212070313295,-2.37417026147385));
#7354=CARTESIAN_POINT('Ctrl Pts',(5.29960964619842,8.72736129637724,-2.39526956231583));
#7355=CARTESIAN_POINT('Ctrl Pts',(5.29941063481453,8.70399355137906,-2.49886295263163));
#7356=CARTESIAN_POINT('Ctrl Pts',(5.29915354420996,8.67933150307008,-2.60213887989048));
#7357=CARTESIAN_POINT('Ctrl Pts',(5.29886897632398,8.65348956512255,-2.70509682154784));
#7358=CARTESIAN_POINT('Ctrl Pts',(5.29884830412968,8.65161229931513,-2.71257611446574));
#7359=CARTESIAN_POINT('Ctrl Pts',(5.2988274917945,8.64972880702525,-2.7200537071669));
#7360=CARTESIAN_POINT('Ctrl Pts',(5.29880655353592,8.64783913211407,-2.72752958920677));
#7361=CARTESIAN_POINT('Ctrl Pts',(5.29880140154157,8.64737416534301,-2.72936907848207));
#7362=CARTESIAN_POINT('Ctrl Pts',(5.29879624124856,8.64690882332199,-2.7312084692223));
#7363=CARTESIAN_POINT('Ctrl Pts',(5.29879107280275,8.64644310670975,-2.7330477613526));
#7364=CARTESIAN_POINT('',(5.30000000000004,8.90336372975399,-2.02590128091167));
#7365=CARTESIAN_POINT('',(5.3,0.775690620290768,-2.02590128091178));
#7366=CARTESIAN_POINT('',(5.30000000000001,9.07934767198902,-2.73373960903374));
#7367=CARTESIAN_POINT('Ctrl Pts',(5.29879024043945,9.07934767198902,-2.7330475277405));
#7368=CARTESIAN_POINT('Ctrl Pts',(5.29907698380038,9.0511075992908,-2.63108336218624));
#7369=CARTESIAN_POINT('Ctrl Pts',(5.29933979928129,9.02394623148389,-2.52878526298401));
#7370=CARTESIAN_POINT('Ctrl Pts',(5.29954827792572,8.99798102168854,-2.42617279989814));
#7371=CARTESIAN_POINT('Ctrl Pts',(5.29956187227452,8.99628789806165,-2.41948170874064));
#7372=CARTESIAN_POINT('Ctrl Pts',(5.29957524015968,8.99459986050345,-2.41278926298846));
#7373=CARTESIAN_POINT('Ctrl Pts',(5.29958837491916,8.99291694157925,-2.40609546045181));
#7374=CARTESIAN_POINT('Ctrl Pts',(5.2997859357817,8.96760403693702,-2.30541349481002));
#7375=CARTESIAN_POINT('Ctrl Pts',(5.29993056389368,8.9434434276774,-2.20440465780621));
#7376=CARTESIAN_POINT('Ctrl Pts',(5.29998062444228,8.92054116910813,-2.10306051997549));
#7377=CARTESIAN_POINT('Ctrl Pts',(5.2999924256954,8.91514220009799,-2.07916969462948));
#7378=CARTESIAN_POINT('Ctrl Pts',(5.29999901233964,8.90981316160401,-2.05526001192775));
#7379=CARTESIAN_POINT('Ctrl Pts',(5.29999989924638,8.90455544303476,-2.03133093904737));
#7380=CARTESIAN_POINT('Ctrl Pts',(5.29999996632394,8.90415779708665,-2.02952116190778));
#7381=CARTESIAN_POINT('Ctrl Pts',(5.30000000000003,8.90376055915416,-2.02771127602026));
#7382=CARTESIAN_POINT('Ctrl Pts',(5.30000000000004,8.90336372975399,-2.02590128091167));
#7383=CARTESIAN_POINT('',(5.29999999999994,9.14644310670975,-2.73373960903387));
#7384=CARTESIAN_POINT('',(5.3,1.7,-2.73373960903375));
#7385=CARTESIAN_POINT('',(5.29999999999998,9.30474497033551,-2.02590128091184));
#7386=CARTESIAN_POINT('Ctrl Pts',(5.3,9.30474497033551,-2.02590128091178));
#7387=CARTESIAN_POINT('Ctrl Pts',(5.29999999999999,9.28498904777107,-2.12824109798235));
#7388=CARTESIAN_POINT('Ctrl Pts',(5.29989411316537,9.26386605253612,-2.23023905744649));
#7389=CARTESIAN_POINT('Ctrl Pts',(5.2997235628506,9.24147753494542,-2.33193137869895));
#7390=CARTESIAN_POINT('Ctrl Pts',(5.29968813190249,9.23682643590646,-2.35305743386234));
#7391=CARTESIAN_POINT('Ctrl Pts',(5.29964992954624,9.23212071955594,-2.37417011955706));
#7392=CARTESIAN_POINT('Ctrl Pts',(5.29960936505338,9.22736129637724,-2.39526948459345));
#7393=CARTESIAN_POINT('Ctrl Pts',(5.29941020207812,9.20399354754097,-2.49886284964283));
#7394=CARTESIAN_POINT('Ctrl Pts',(5.29915290431447,9.17933149496875,-2.60213873553562));
#7395=CARTESIAN_POINT('Ctrl Pts',(5.29886808602552,9.15348955238914,-2.70509662248153));
#7396=CARTESIAN_POINT('Ctrl Pts',(5.29884739569109,9.15161229079803,-2.71257589328594));
#7397=CARTESIAN_POINT('Ctrl Pts',(5.29882656498753,9.14972880275273,-2.72005346381122));
#7398=CARTESIAN_POINT('Ctrl Pts',(5.29880560813653,9.14783913211407,-2.727529323614));
#7399=CARTESIAN_POINT('Ctrl Pts',(5.29880045155573,9.14737416534294,-2.72936881157705));
#7400=CARTESIAN_POINT('Ctrl Pts',(5.29879528666266,9.14690882332185,-2.73120820100086));
#7401=CARTESIAN_POINT('Ctrl Pts',(5.29879011360327,9.14644310670975,-2.73304749180972));
#7402=CARTESIAN_POINT('',(5.30000000000003,9.40336372975399,-2.02590128091171));
#7403=CARTESIAN_POINT('',(5.3,0.775690620290768,-2.02590128091178));
#7404=CARTESIAN_POINT('',(5.29999999999999,9.57934767198902,-2.73373960903377));
#7405=CARTESIAN_POINT('Ctrl Pts',(5.29878930882158,9.57934767198902,-2.73304726173902));
#7406=CARTESIAN_POINT('Ctrl Pts',(5.2990763007623,9.551107582401,-2.63108310746494));
#7407=CARTESIAN_POINT('Ctrl Pts',(5.29933932457755,9.52394619899568,-2.52878500656319));
#7408=CARTESIAN_POINT('Ctrl Pts',(5.29954795972077,9.49798097510283,-2.42617252617601));
#7409=CARTESIAN_POINT('Ctrl Pts',(5.29956156414154,9.4962878670978,-2.41948149925953));
#7410=CARTESIAN_POINT('Ctrl Pts',(5.29957494188212,9.49459984506847,-2.41278911770838));
#7411=CARTESIAN_POINT('Ctrl Pts',(5.29958808627724,9.49291694157925,-2.40609537933198));
#7412=CARTESIAN_POINT('Ctrl Pts',(5.29978579385032,9.46760404117978,-2.30541347219544));
#7413=CARTESIAN_POINT('Ctrl Pts',(5.29993051816849,9.44344343577657,-2.20440467899253));
#7414=CARTESIAN_POINT('Ctrl Pts',(5.29998061174952,9.42054118062413,-2.10306056742465));
#7415=CARTESIAN_POINT('Ctrl Pts',(5.29999242080007,9.41514220767588,-2.07916972727912));
#7416=CARTESIAN_POINT('Ctrl Pts',(5.29999901171451,9.40981316534225,-2.0552600287687));
#7417=CARTESIAN_POINT('Ctrl Pts',(5.29999989918276,9.40455544303476,-2.03133093902967));
#7418=CARTESIAN_POINT('Ctrl Pts',(5.29999996630272,9.40415779711536,-2.02952116203248));
#7419=CARTESIAN_POINT('Ctrl Pts',(5.30000000000002,9.40376055916845,-2.02771127608548));
#7420=CARTESIAN_POINT('Ctrl Pts',(5.30000000000003,9.40336372975399,-2.02590128091171));
#7421=CARTESIAN_POINT('',(5.29999999999992,9.64644310670975,-2.73373960903391));
#7422=CARTESIAN_POINT('',(5.3,1.7,-2.73373960903375));
#7423=CARTESIAN_POINT('',(5.29999999999999,9.80474497033551,-2.0259012809118));
#7424=CARTESIAN_POINT('Ctrl Pts',(5.29999999999996,9.80474497033551,-2.0259012809119));
#7425=CARTESIAN_POINT('Ctrl Pts',(5.29999999999997,9.78498906208397,-2.1282410238386));
#7426=CARTESIAN_POINT('Ctrl Pts',(5.29989404584639,9.76386608314277,-2.2302388909607));
#7427=CARTESIAN_POINT('Ctrl Pts',(5.29972337411195,9.74147758360592,-2.33193110458478));
#7428=CARTESIAN_POINT('Ctrl Pts',(5.29968791779019,9.73682646872773,-2.35305722636905));
#7429=CARTESIAN_POINT('Ctrl Pts',(5.29964968769563,9.73212073615388,-2.37416997791199));
#7430=CARTESIAN_POINT('Ctrl Pts',(5.29960909321427,9.72736129637725,-2.39526940804878));
#7431=CARTESIAN_POINT('Ctrl Pts',(5.29940978367097,9.70399354449229,-2.49886274497286));
#7432=CARTESIAN_POINT('Ctrl Pts',(5.29915228561432,9.67933148853355,-2.60213858690426));
#7433=CARTESIAN_POINT('Ctrl Pts',(5.29886722522024,9.65348954227539,-2.70509641676286));
#7434=CARTESIAN_POINT('Ctrl Pts',(5.29884651733821,9.65161228403317,-2.71257566901316));
#7435=CARTESIAN_POINT('Ctrl Pts',(5.29882566886627,9.64972879935919,-2.72005322092136));
#7436=CARTESIAN_POINT('Ctrl Pts',(5.29880469403017,9.64783913211407,-2.72752906204532));
#7437=CARTESIAN_POINT('Ctrl Pts',(5.29879953301463,9.64737416533117,-2.72936854876226));
#7438=CARTESIAN_POINT('Ctrl Pts',(5.29879436367366,9.64690882329823,-2.73120793693601));
#7439=CARTESIAN_POINT('Ctrl Pts',(5.29878918615364,9.64644310670975,-2.73304722635071));
#7440=CARTESIAN_POINT('',(5.30000000000001,9.90336372975399,-2.02590128091175));
#7441=CARTESIAN_POINT('',(5.3,0.775690620290768,-2.02590128091178));
#7442=CARTESIAN_POINT('',(5.30000000000001,10.079347671989,-2.73373960903373));
#7443=CARTESIAN_POINT('Ctrl Pts',(5.2987884076049,10.079347671989,-2.73304699974164));
#7444=CARTESIAN_POINT('Ctrl Pts',(5.2990756400062,10.0511075668162,-2.63108286037184));
#7445=CARTESIAN_POINT('Ctrl Pts',(5.29933886535106,10.0239461690167,-2.528784761611));
#7446=CARTESIAN_POINT('Ctrl Pts',(5.29954765188342,9.99798093211478,-2.42617226802092));
#7447=CARTESIAN_POINT('Ctrl Pts',(5.29956126605305,9.99628783852519,-2.41948130056449));
#7448=CARTESIAN_POINT('Ctrl Pts',(5.29957465333287,9.99459983082549,-2.41278897843238));
#7449=CARTESIAN_POINT('Ctrl Pts',(5.29958780705441,9.99291694157925,-2.40609529943339));
#7450=CARTESIAN_POINT('Ctrl Pts',(5.29978565654506,9.96760404597367,-2.30541345236755));
#7451=CARTESIAN_POINT('Ctrl Pts',(5.29993047392746,9.94344344492794,-2.20440470476845));
#7452=CARTESIAN_POINT('Ctrl Pts',(5.2999805994668,9.92054119363624,-2.1030606215471));
#7453=CARTESIAN_POINT('Ctrl Pts',(5.29999241606293,9.91514221623826,-2.0791697643662));
#7454=CARTESIAN_POINT('Ctrl Pts',(5.29999901110962,9.90981316956615,-2.05526004782274));
#7455=CARTESIAN_POINT('Ctrl Pts',(5.29999989912115,9.90455544303476,-2.03133093901239));
#7456=CARTESIAN_POINT('Ctrl Pts',(5.29999996628215,9.90415779710099,-2.02952116196135));
#7457=CARTESIAN_POINT('Ctrl Pts',(5.30000000000007,9.9037605591613,-2.02771127605273));
#7458=CARTESIAN_POINT('Ctrl Pts',(5.30000000000007,9.90336372975399,-2.02590128091159));
#7459=CARTESIAN_POINT('',(5.2999999999999,10.1464431067098,-2.73373960903394));
#7460=CARTESIAN_POINT('',(5.3,1.7,-2.73373960903375));
#7461=CARTESIAN_POINT('',(5.29999999999995,10.2,-2.51431109715746));
#7462=CARTESIAN_POINT('Ctrl Pts',(5.29999999999996,10.2,-2.51431109715742));
#7463=CARTESIAN_POINT('Ctrl Pts',(5.3000003178576,10.1827614118003,-2.58760255833984));
#7464=CARTESIAN_POINT('Ctrl Pts',(5.29996569189399,10.164895637523,-2.66071793382077));
#7465=CARTESIAN_POINT('Ctrl Pts',(5.29990833447151,10.1464431067097,-2.73365724747312));
#7466=CARTESIAN_POINT('',(5.3,10.2,-1.46969384566991));
#7467=CARTESIAN_POINT('',(5.3,10.2,5.01419118162361));
#7468=CARTESIAN_POINT('',(5.3,11.7,-1.46969384566991));
#7469=CARTESIAN_POINT('',(5.3,11.7,-1.46969384566991));
#7470=CARTESIAN_POINT('',(5.3,11.7,1.46969384566991));
#7471=CARTESIAN_POINT('',(5.3,11.7,5.01419118162361));
#7472=CARTESIAN_POINT('',(5.3,10.2,1.46969384566991));
#7473=CARTESIAN_POINT('',(5.3,11.7,1.46969384566991));
#7474=CARTESIAN_POINT('',(5.29999999999948,10.2,2.23041679630143));
#7475=CARTESIAN_POINT('',(5.3,10.2,5.01419118162361));
#7476=CARTESIAN_POINT('',(5.3000000000001,10.070652328011,2.73373960903356));
#7477=CARTESIAN_POINT('Ctrl Pts',(5.29937727132778,10.070652328011,2.73335416932975));
#7478=CARTESIAN_POINT('Ctrl Pts',(5.29959812194047,10.0988413646542,2.63154899208439));
#7479=CARTESIAN_POINT('Ctrl Pts',(5.29978020165492,10.1259556622036,2.52939912248395));
#7480=CARTESIAN_POINT('Ctrl Pts',(5.29988960903798,10.1518784158147,2.42692113734399));
#7481=CARTESIAN_POINT('Ctrl Pts',(5.29989862419589,10.1540144482357,2.41847696115867));
#7482=CARTESIAN_POINT('Ctrl Pts',(5.29990715290535,10.1561423903781,2.41003052855568));
#7483=CARTESIAN_POINT('Ctrl Pts',(5.29991517964206,10.1582621768926,2.4015818331491));
#7484=CARTESIAN_POINT('Ctrl Pts',(5.29996928048182,10.1725497055202,2.34463695843573));
#7485=CARTESIAN_POINT('Ctrl Pts',(5.3000001618231,10.186468846872,2.2875819601068));
#7486=CARTESIAN_POINT('Ctrl Pts',(5.29999999999938,10.1999999999998,2.23041679630136));
#7487=CARTESIAN_POINT('',(5.29999999999999,10.0035568932903,2.73373960903377));
#7488=CARTESIAN_POINT('',(5.3,1.7,2.73373960903375));
#7489=CARTESIAN_POINT('',(5.3,9.84525502966449,2.02590128091178));
#7490=CARTESIAN_POINT('Ctrl Pts',(5.29999999999997,9.84525502966449,2.02590128091185));
#7491=CARTESIAN_POINT('Ctrl Pts',(5.29999999999997,9.86501330878643,2.12825330544388));
#7492=CARTESIAN_POINT('Ctrl Pts',(5.29989407231122,9.88613898180015,2.2302631385006));
#7493=CARTESIAN_POINT('Ctrl Pts',(5.29972328704955,9.90853038449548,2.33196717778803));
#7494=CARTESIAN_POINT('Ctrl Pts',(5.29968439389562,9.91362960830007,2.35512837341359));
#7495=CARTESIAN_POINT('Ctrl Pts',(5.2996421597841,9.91879447481592,2.3782734969349));
#7496=CARTESIAN_POINT('Ctrl Pts',(5.29959712298951,9.92402378333777,2.40140260863783));
#7497=CARTESIAN_POINT('Ctrl Pts',(5.29939535116387,9.947451896661,2.50502461674408));
#7498=CARTESIAN_POINT('Ctrl Pts',(5.29913604000964,9.97217321803897,2.60832946239985));
#7499=CARTESIAN_POINT('Ctrl Pts',(5.29884966971914,9.99807311213757,2.7113160230293));
#7500=CARTESIAN_POINT('Ctrl Pts',(5.29882952302092,9.99989521927551,2.71856132474831));
#7501=CARTESIAN_POINT('Ctrl Pts',(5.29880924699029,10.0017231596317,2.72580503037766));
#7502=CARTESIAN_POINT('Ctrl Pts',(5.29878885450685,10.0035568932903,2.73304713024551));
#7503=CARTESIAN_POINT('',(5.29999999999999,9.74663627024601,2.0259012809118));
#7504=CARTESIAN_POINT('',(5.3,0.775690620290768,2.02590128091178));
#7505=CARTESIAN_POINT('',(5.30000000000008,9.57065232801098,2.73373960903359));
#7506=CARTESIAN_POINT('Ctrl Pts',(5.29878964600907,9.57065232801098,2.73304735857556));
#7507=CARTESIAN_POINT('Ctrl Pts',(5.29907649625322,9.59888732002027,2.63110158340493));
#7508=CARTESIAN_POINT('Ctrl Pts',(5.29933946594339,9.62604406587874,2.52882160731048));
#7509=CARTESIAN_POINT('Ctrl Pts',(5.29954797672309,9.65200518854378,2.42622721226293));
#7510=CARTESIAN_POINT('Ctrl Pts',(5.29956479065429,9.65409864640267,2.41795418627089));
#7511=CARTESIAN_POINT('Ctrl Pts',(5.29958125747441,9.65618432970122,2.40967908845155));
#7512=CARTESIAN_POINT('Ctrl Pts',(5.29959736454438,9.65826217689263,2.40140191457038));
#7513=CARTESIAN_POINT('Ctrl Pts',(5.29979326549336,9.68353382699805,2.30073144994163));
#7514=CARTESIAN_POINT('Ctrl Pts',(5.29993571214858,9.7076519893206,2.19973422013295));
#7515=CARTESIAN_POINT('Ctrl Pts',(5.29998288597362,9.73051076642608,2.09840138524901));
#7516=CARTESIAN_POINT('Ctrl Pts',(5.29999412731721,9.73595792631582,2.07425415501237));
#7517=CARTESIAN_POINT('Ctrl Pts',(5.3,9.74133357191217,2.05008763918651));
#7518=CARTESIAN_POINT('Ctrl Pts',(5.3,9.74663627024601,2.02590128091178));
#7519=CARTESIAN_POINT('',(5.30000000000001,9.50355689329025,2.73373960903373));
#7520=CARTESIAN_POINT('',(5.3,1.7,2.73373960903375));
#7521=CARTESIAN_POINT('',(5.30000000000002,9.34525502966449,2.02590128091174));
#7522=CARTESIAN_POINT('Ctrl Pts',(5.29999999999996,9.34525502966449,2.02590128091189));
#7523=CARTESIAN_POINT('Ctrl Pts',(5.29999999999995,9.36501332295546,2.12825337884247));
#7524=CARTESIAN_POINT('Ctrl Pts',(5.29989413883128,9.38613901209937,2.2302633034012));
#7525=CARTESIAN_POINT('Ctrl Pts',(5.29972347354631,9.40853043266736,2.33196744939772));
#7526=CARTESIAN_POINT('Ctrl Pts',(5.29968460786509,9.41362964082807,2.35512857978106));
#7527=CARTESIAN_POINT('Ctrl Pts',(5.29964240403182,9.41879449128284,2.37827363897386));
#7528=CARTESIAN_POINT('Ctrl Pts',(5.29959740017309,9.42402378333777,2.40140268722868));
#7529=CARTESIAN_POINT('Ctrl Pts',(5.29939577529689,9.44745189356921,2.50502472370518));
#7530=CARTESIAN_POINT('Ctrl Pts',(5.29913666396088,9.47217321151407,2.60832961343702));
#7531=CARTESIAN_POINT('Ctrl Pts',(5.29885053460953,9.49807310188362,2.71131623115389));
#7532=CARTESIAN_POINT('Ctrl Pts',(5.29883040482142,9.49989521241766,2.71856155143631));
#7533=CARTESIAN_POINT('Ctrl Pts',(5.29881014590466,9.50172315619192,2.72580527568705));
#7534=CARTESIAN_POINT('Ctrl Pts',(5.29878977073498,9.50355689329025,2.73304739423363));
#7535=CARTESIAN_POINT('',(5.30000000000001,9.24663627024601,2.02590128091176));
#7536=CARTESIAN_POINT('',(5.3,0.775690620290768,2.02590128091178));
#7537=CARTESIAN_POINT('',(5.30000000000006,9.07065232801098,2.73373960903363));
#7538=CARTESIAN_POINT('Ctrl Pts',(5.29879058913329,9.07065232801098,2.73304762606474));
#7539=CARTESIAN_POINT('Ctrl Pts',(5.29907718777204,9.09888730283631,2.631101840285));
#7540=CARTESIAN_POINT('Ctrl Pts',(5.29933994658388,9.12604403282331,2.52882186663771));
#7541=CARTESIAN_POINT('Ctrl Pts',(5.2995482989408,9.15200514114364,2.42622748972519));
#7542=CARTESIAN_POINT('Ctrl Pts',(5.2995651002341,9.15409861491993,2.41795439772113));
#7543=CARTESIAN_POINT('Ctrl Pts',(5.29958155475268,9.15618431401899,2.40967923395808));
#7544=CARTESIAN_POINT('Ctrl Pts',(5.29959764986367,9.15826217689263,2.40140199420315));
#7545=CARTESIAN_POINT('Ctrl Pts',(5.29979340391838,9.18353383131631,2.30073147098327));
#7546=CARTESIAN_POINT('Ctrl Pts',(5.29993575497154,9.20765199756318,2.19973419740279));
#7547=CARTESIAN_POINT('Ctrl Pts',(5.29998289733081,9.23051077814449,2.09840133641989));
#7548=CARTESIAN_POINT('Ctrl Pts',(5.29999413116626,9.23595793402553,2.0742541214063));
#7549=CARTESIAN_POINT('Ctrl Pts',(5.29999999999999,9.24133357571471,2.0500876218426));
#7550=CARTESIAN_POINT('Ctrl Pts',(5.29999999999999,9.24663627024601,2.02590128091182));
#7551=CARTESIAN_POINT('',(5.29999999999999,9.00355689329025,2.73373960903377));
#7552=CARTESIAN_POINT('',(5.3,1.7,2.73373960903375));
#7553=CARTESIAN_POINT('',(5.3,8.84525502966449,2.02590128091178));
#7554=CARTESIAN_POINT('Ctrl Pts',(5.3,8.84525502966449,2.02590128091178));
#7555=CARTESIAN_POINT('Ctrl Pts',(5.29999999999999,8.86501333700032,2.12825345159766));
#7556=CARTESIAN_POINT('Ctrl Pts',(5.29989420762109,8.886139042133,2.23026346730466));
#7557=CARTESIAN_POINT('Ctrl Pts',(5.29972366640399,8.90853048041736,2.33196771990155));
#7558=CARTESIAN_POINT('Ctrl Pts',(5.29968482912564,8.91362967307117,2.35512878580172));
#7559=CARTESIAN_POINT('Ctrl Pts',(5.29964265659524,8.91879450760553,2.37827378143665));
#7560=CARTESIAN_POINT('Ctrl Pts',(5.29959768678658,8.92402378333777,2.40140276702525));
#7561=CARTESIAN_POINT('Ctrl Pts',(5.299396213865,8.94745188968035,2.50502482899161));
#7562=CARTESIAN_POINT('Ctrl Pts',(5.29913730915445,8.97217320330708,2.60832976018018));
#7563=CARTESIAN_POINT('Ctrl Pts',(5.29885142894905,8.9980730889858,2.71131643258384));
#7564=CARTESIAN_POINT('Ctrl Pts',(5.29883131663808,8.99989520379159,2.71856177501173));
#7565=CARTESIAN_POINT('Ctrl Pts',(5.29881107540893,9.00172315186522,2.72580552146553));
#7566=CARTESIAN_POINT('Ctrl Pts',(5.29879071813355,9.00355689329025,2.73304766227175));
#7567=CARTESIAN_POINT('',(5.29999999999999,8.74663627024601,2.0259012809118));
#7568=CARTESIAN_POINT('',(5.3,0.775690620290768,2.02590128091178));
#7569=CARTESIAN_POINT('',(5.30000000000005,8.57065232801098,2.73373960903367));
#7570=CARTESIAN_POINT('Ctrl Pts',(5.2987915648225,8.57065232801098,2.73304789768521));
#7571=CARTESIAN_POINT('Ctrl Pts',(5.29907790316163,8.59888728438184,2.63110210476172));
#7572=CARTESIAN_POINT('Ctrl Pts',(5.29934044380824,8.62604399732275,2.52882213725635));
#7573=CARTESIAN_POINT('Ctrl Pts',(5.29954863227,8.65200509023675,2.42622778243781));
#7574=CARTESIAN_POINT('Ctrl Pts',(5.29956542049405,8.65409858110805,2.41795461974893));
#7575=CARTESIAN_POINT('Ctrl Pts',(5.29958186229107,8.65618429717657,2.40967938536876));
#7576=CARTESIAN_POINT('Ctrl Pts',(5.29959794503473,8.65826217689263,2.40140207506579));
#7577=CARTESIAN_POINT('Ctrl Pts',(5.29979354711726,8.6835338350377,2.3007314949932));
#7578=CARTESIAN_POINT('Ctrl Pts',(5.29993579926481,8.70765200466627,2.19973417962592));
#7579=CARTESIAN_POINT('Ctrl Pts',(5.29998290907601,8.73051078824277,2.09840129482083));
#7580=CARTESIAN_POINT('Ctrl Pts',(5.2999941351468,8.73595794066933,2.07425409260821));
#7581=CARTESIAN_POINT('Ctrl Pts',(5.3,8.74133357899154,2.0500876068965));
#7582=CARTESIAN_POINT('Ctrl Pts',(5.3,8.74663627024601,2.02590128091178));
#7583=CARTESIAN_POINT('',(5.29999999999997,8.50355689329025,2.7337396090338));
#7584=CARTESIAN_POINT('',(5.3,1.7,2.73373960903375));
#7585=CARTESIAN_POINT('',(5.29999999999999,8.34525502966449,2.02590128091181));
#7586=CARTESIAN_POINT('Ctrl Pts',(5.29999999999999,8.34525502966449,2.02590128091181));
#7587=CARTESIAN_POINT('Ctrl Pts',(5.29999999999998,8.3650133508445,2.12825352331345));
#7588=CARTESIAN_POINT('Ctrl Pts',(5.29989427879927,8.38613907173764,2.23026362942813));
#7589=CARTESIAN_POINT('Ctrl Pts',(5.29972386595466,8.40853052748451,2.33196798813286));
#7590=CARTESIAN_POINT('Ctrl Pts',(5.29968505805711,8.41362970485322,2.35512899070765));
#7591=CARTESIAN_POINT('Ctrl Pts',(5.2996429179068,8.41879452369484,2.37827392395349));
#7592=CARTESIAN_POINT('Ctrl Pts',(5.29959798331957,8.42402378333777,2.40140284805533));
#7593=CARTESIAN_POINT('Ctrl Pts',(5.29939666761663,8.44745188507117,2.5050249329855));
#7594=CARTESIAN_POINT('Ctrl Pts',(5.29913797669046,8.47217319357971,2.60832990336876));
#7595=CARTESIAN_POINT('Ctrl Pts',(5.29885235426204,8.4980730737005,2.71131662842726));
#7596=CARTESIAN_POINT('Ctrl Pts',(5.29883226002612,8.49989519356876,2.71856199624444));
#7597=CARTESIAN_POINT('Ctrl Pts',(5.29881203708966,8.5017231467376,2.72580576814482));
#7598=CARTESIAN_POINT('Ctrl Pts',(5.29879169832076,8.50355689329025,2.73304793445378));
#7599=CARTESIAN_POINT('',(5.29999999999998,8.24663627024601,2.02590128091184));
#7600=CARTESIAN_POINT('',(5.3,0.775690620290768,2.02590128091178));
#7601=CARTESIAN_POINT('',(5.30000000000003,8.07065232801098,2.7337396090337));
#7602=CARTESIAN_POINT('Ctrl Pts',(5.29879257479315,8.07065232801098,2.73304817353312));
#7603=CARTESIAN_POINT('Ctrl Pts',(5.29907864367825,8.09888726438682,2.63110237787998));
#7604=CARTESIAN_POINT('Ctrl Pts',(5.29934095848705,8.12604395886041,2.52882242116059));
#7605=CARTESIAN_POINT('Ctrl Pts',(5.29954897729187,8.15200503508353,2.42622809335624));
#7606=CARTESIAN_POINT('Ctrl Pts',(5.29956575199404,8.15409854447578,2.41795485433471));
#7607=CARTESIAN_POINT('Ctrl Pts',(5.29958218062886,8.15618427892925,2.40967954368835));
#7608=CARTESIAN_POINT('Ctrl Pts',(5.29959825057674,8.15826217689263,2.40140215718707));
#7609=CARTESIAN_POINT('Ctrl Pts',(5.29979369534142,8.18353383811528,2.30073152217223));
#7610=CARTESIAN_POINT('Ctrl Pts',(5.2999358451055,8.20765201054022,2.1997341671824));
#7611=CARTESIAN_POINT('Ctrl Pts',(5.29998292122946,8.23051079659347,2.09840126101826));
#7612=CARTESIAN_POINT('Ctrl Pts',(5.29999413926561,8.23595794616338,2.07425406899575));
#7613=CARTESIAN_POINT('Ctrl Pts',(5.30000000000002,8.24133358170128,2.05008759453694));
#7614=CARTESIAN_POINT('Ctrl Pts',(5.30000000000002,8.24663627024601,2.02590128091174));
#7615=CARTESIAN_POINT('',(5.29999999999996,8.00355689329025,2.73373960903384));
#7616=CARTESIAN_POINT('',(5.3,1.7,2.73373960903375));
#7617=CARTESIAN_POINT('',(5.29999999999997,7.84525502966449,2.02590128091185));
#7618=CARTESIAN_POINT('Ctrl Pts',(5.29999999999998,7.84525502966449,2.02590128091185));
#7619=CARTESIAN_POINT('Ctrl Pts',(5.29999999999998,7.865013364521,2.12825359416062));
#7620=CARTESIAN_POINT('Ctrl Pts',(5.29989435249146,7.88613910098365,2.23026379011864));
#7621=CARTESIAN_POINT('Ctrl Pts',(5.29972407255074,7.90853057398193,2.33196825462476));
#7622=CARTESIAN_POINT('Ctrl Pts',(5.29968529506393,7.91362973625054,2.35512919486299));
#7623=CARTESIAN_POINT('Ctrl Pts',(5.29964318842807,7.91879453958937,2.37827406672076));
#7624=CARTESIAN_POINT('Ctrl Pts',(5.29959829029596,7.92402378333777,2.40140293034806));
#7625=CARTESIAN_POINT('Ctrl Pts',(5.29939713735595,7.94745187944127,2.50502503440292));
#7626=CARTESIAN_POINT('Ctrl Pts',(5.29913866775505,7.9721731816985,2.60833004042038));
#7627=CARTESIAN_POINT('Ctrl Pts',(5.29885331219434,7.99807305502808,2.7113168148005));
#7628=CARTESIAN_POINT('Ctrl Pts',(5.2988332366598,7.99989518108063,2.71856221257826));
#7629=CARTESIAN_POINT('Ctrl Pts',(5.29881303264996,8.00172314047375,2.72580601449545));
#7630=CARTESIAN_POINT('Ctrl Pts',(5.29879271302883,8.00355689329025,2.73304821087642));
#7631=CARTESIAN_POINT('',(5.29999999999997,7.74663627024601,2.02590128091187));
#7632=CARTESIAN_POINT('',(5.3,0.775690620290768,2.02590128091178));
#7633=CARTESIAN_POINT('',(5.30000000000001,7.57065232801098,2.73373960903374));
#7634=CARTESIAN_POINT('Ctrl Pts',(5.29879362088421,7.57065232801098,2.7330484537081));
#7635=CARTESIAN_POINT('Ctrl Pts',(5.29907941067069,7.59888724286117,2.63110265967677));
#7636=CARTESIAN_POINT('Ctrl Pts',(5.29934149155831,7.62604391745368,2.52882271833518));
#7637=CARTESIAN_POINT('Ctrl Pts',(5.29954933463577,7.6520049757082,2.4262284224183));
#7638=CARTESIAN_POINT('Ctrl Pts',(5.29956609533846,7.65409850503923,2.41795510144681));
#7639=CARTESIAN_POINT('Ctrl Pts',(5.29958251034613,7.65618425928506,2.40967970891576));
#7640=CARTESIAN_POINT('Ctrl Pts',(5.2995985670461,7.65826217689263,2.40140224059655));
#7641=CARTESIAN_POINT('Ctrl Pts',(5.29979384886016,7.68353384046729,2.30073155286027));
#7642=CARTESIAN_POINT('Ctrl Pts',(5.29993589257625,7.7076520150295,2.19973416072773));
#7643=CARTESIAN_POINT('Ctrl Pts',(5.29998293381288,7.73051080297576,2.09840123599204));
#7644=CARTESIAN_POINT('Ctrl Pts',(5.29999414353011,7.73595795036237,2.07425405122223));
#7645=CARTESIAN_POINT('Ctrl Pts',(5.30000000000001,7.74133358377229,2.05008758509081));
#7646=CARTESIAN_POINT('Ctrl Pts',(5.3,7.74663627024601,2.02590128091177));
#7647=CARTESIAN_POINT('',(5.29999999999994,7.50355689329025,2.73373960903387));
#7648=CARTESIAN_POINT('',(5.3,1.7,2.73373960903375));
#7649=CARTESIAN_POINT('',(5.29999999999996,7.34525502966449,2.02590128091189));
#7650=CARTESIAN_POINT('Ctrl Pts',(5.29999999999996,7.34525502966449,2.02590128091189));
#7651=CARTESIAN_POINT('Ctrl Pts',(5.29999999999996,7.36501337799205,2.12825366394352));
#7652=CARTESIAN_POINT('Ctrl Pts',(5.29989442883321,7.38613912979027,2.23026394899307));
#7653=CARTESIAN_POINT('Ctrl Pts',(5.29972428657174,7.40853061978097,2.33196851881314));
#7654=CARTESIAN_POINT('Ctrl Pts',(5.29968554058076,7.41362976717627,2.35512939790174));
#7655=CARTESIAN_POINT('Ctrl Pts',(5.29964346865466,7.41879455524515,2.37827420957005));
#7656=CARTESIAN_POINT('Ctrl Pts',(5.29959860827741,7.42402378333777,2.40140301393303));
#7657=CARTESIAN_POINT('Ctrl Pts',(5.29939762394149,7.4474518728882,2.50502513372059));
#7658=CARTESIAN_POINT('Ctrl Pts',(5.29913938360983,7.47217316786896,2.60833017226195));
#7659=CARTESIAN_POINT('Ctrl Pts',(5.29885430449417,7.49807303329435,2.71131699309355));
#7660=CARTESIAN_POINT('Ctrl Pts',(5.29883424832294,7.4998951665451,2.71856242497297));
#7661=CARTESIAN_POINT('Ctrl Pts',(5.29881406390961,7.50172313318295,2.72580626104727));
#7662=CARTESIAN_POINT('Ctrl Pts',(5.29879376411394,7.50355689329025,2.73304849163987));
#7663=CARTESIAN_POINT('',(5.29999999999995,7.24663627024601,2.02590128091191));
#7664=CARTESIAN_POINT('',(5.3,0.775690620290768,2.02590128091178));
#7665=CARTESIAN_POINT('',(5.29999999999999,7.07065232801098,2.73373960903377));
#7666=CARTESIAN_POINT('Ctrl Pts',(5.29879470506863,7.07065232801098,2.73304873831285));
#7667=CARTESIAN_POINT('Ctrl Pts',(5.29908020558573,7.09888721977527,2.63110295033369));
#7668=CARTESIAN_POINT('Ctrl Pts',(5.29934204402777,7.12604387304457,2.52882302905025));
#7669=CARTESIAN_POINT('Ctrl Pts',(5.29954970497613,7.15200491202704,2.42622876998915));
#7670=CARTESIAN_POINT('Ctrl Pts',(5.29956645117521,7.1540984627428,2.41795536133879));
#7671=CARTESIAN_POINT('Ctrl Pts',(5.29958285206487,7.15618423821631,2.40967988119309));
#7672=CARTESIAN_POINT('Ctrl Pts',(5.29959889503973,7.15826217689263,2.40140232532469));
#7673=CARTESIAN_POINT('Ctrl Pts',(5.29979400796255,7.18353384203326,2.30073158731274));
#7674=CARTESIAN_POINT('Ctrl Pts',(5.2999359417659,7.20765201801877,2.19973416074937));
#7675=CARTESIAN_POINT('Ctrl Pts',(5.29998294684962,7.23051080722568,2.0984012204703));
#7676=CARTESIAN_POINT('Ctrl Pts',(5.29999414794817,7.23595795315845,2.07425403977313));
#7677=CARTESIAN_POINT('Ctrl Pts',(5.29999999999999,7.24133358515136,2.05008757880072));
#7678=CARTESIAN_POINT('Ctrl Pts',(5.29999999999999,7.24663627024601,2.02590128091181));
#7679=CARTESIAN_POINT('',(5.29999999999992,7.00355689329025,2.73373960903391));
#7680=CARTESIAN_POINT('',(5.3,1.7,2.73373960903375));
#7681=CARTESIAN_POINT('',(5.29999999999995,6.84525502966449,2.02590128091192));
#7682=CARTESIAN_POINT('Ctrl Pts',(5.3,6.84525502966449,2.02590128091177));
#7683=CARTESIAN_POINT('Ctrl Pts',(5.29999999999999,6.8650133912196,2.12825373246487));
#7684=CARTESIAN_POINT('Ctrl Pts',(5.2998945079699,6.88613915807619,2.23026410566584));
#7685=CARTESIAN_POINT('Ctrl Pts',(5.29972450842511,6.90853066475215,2.33196878013006));
#7686=CARTESIAN_POINT('Ctrl Pts',(5.29968579507429,6.91362979754298,2.3551295994553));
#7687=CARTESIAN_POINT('Ctrl Pts',(5.29964375911825,6.91879457061794,2.37827435233267));
#7688=CARTESIAN_POINT('Ctrl Pts',(5.2995989378665,6.92402378333777,2.40140309884092));
#7689=CARTESIAN_POINT('Ctrl Pts',(5.29939812829551,6.94745186537159,2.50502523080729));
#7690=CARTESIAN_POINT('Ctrl Pts',(5.29914012561204,6.97217315200587,2.60833029860687));
#7691=CARTESIAN_POINT('Ctrl Pts',(5.29885533304301,6.99807300836587,2.71131716287269));
#7692=CARTESIAN_POINT('Ctrl Pts',(5.2988352969334,6.9998951498729,2.71856263317373));
#7693=CARTESIAN_POINT('Ctrl Pts',(5.29881513282328,7.00172312482043,2.72580650772437));
#7694=CARTESIAN_POINT('Ctrl Pts',(5.29879485356805,7.00355689329025,2.73304877684702));
#7695=CARTESIAN_POINT('',(5.29999999999994,6.74663627024601,2.02590128091195));
#7696=CARTESIAN_POINT('',(5.3,0.775690620290768,2.02590128091178));
#7697=CARTESIAN_POINT('',(5.29999999999999,6.57065232801098,2.73373960903377));
#7698=CARTESIAN_POINT('Ctrl Pts',(5.29879582946579,6.57065232801098,2.73304902745316));
#7699=CARTESIAN_POINT('Ctrl Pts',(5.29908102997588,6.59888719494189,2.63110325060399));
#7700=CARTESIAN_POINT('Ctrl Pts',(5.29934261697286,6.62604382527397,2.52882335471164));
#7701=CARTESIAN_POINT('Ctrl Pts',(5.29955008903374,6.65200484352569,2.42622913813762));
#7702=CARTESIAN_POINT('Ctrl Pts',(5.29956682019774,6.65409841724484,2.41795563540081));
#7703=CARTESIAN_POINT('Ctrl Pts',(5.29958320645208,6.6561842155528,2.40968006123121));
#7704=CARTESIAN_POINT('Ctrl Pts',(5.29959923519874,6.65826217689263,2.40140241140308));
#7705=CARTESIAN_POINT('Ctrl Pts',(5.29979417295926,6.68353384277434,2.30073162569971));
#7706=CARTESIAN_POINT('Ctrl Pts',(5.29993599277016,6.70765201943329,2.19973416756485));
#7707=CARTESIAN_POINT('Ctrl Pts',(5.29998296036504,6.73051080923667,2.09840121492639));
#7708=CARTESIAN_POINT('Ctrl Pts',(5.29999415252846,6.73595795448152,2.07425403496374));
#7709=CARTESIAN_POINT('Ctrl Pts',(5.30000000000004,6.74133358580391,2.05008757582421));
#7710=CARTESIAN_POINT('Ctrl Pts',(5.30000000000003,6.74663627024601,2.0259012809117));
#7711=CARTESIAN_POINT('',(5.29999999999992,6.50355689329025,2.73373960903391));
#7712=CARTESIAN_POINT('',(5.3,1.7,2.73373960903375));
#7713=CARTESIAN_POINT('',(5.29999999999993,6.34525502966449,2.02590128091196));
#7714=CARTESIAN_POINT('Ctrl Pts',(5.29999999999996,6.34525502966449,2.02590128091188));
#7715=CARTESIAN_POINT('Ctrl Pts',(5.29999999999996,6.3650134041551,2.12825379947357));
#7716=CARTESIAN_POINT('Ctrl Pts',(5.2998945900577,6.38613918573766,2.23026425964373));
#7717=CARTESIAN_POINT('Ctrl Pts',(5.29972473854837,6.40853070873017,2.33196903784648));
#7718=CARTESIAN_POINT('Ctrl Pts',(5.29968605904562,6.41362982723909,2.35512979904849));
#7719=CARTESIAN_POINT('Ctrl Pts',(5.29964406039015,6.41879458565126,2.37827449478668));
#7720=CARTESIAN_POINT('Ctrl Pts',(5.29959927971066,6.42402378333777,2.40140318510338));
#7721=CARTESIAN_POINT('Ctrl Pts',(5.29939865141005,6.44745185672395,2.5050253249706));
#7722=CARTESIAN_POINT('Ctrl Pts',(5.29914089522245,6.47217313375591,2.6083304180503));
#7723=CARTESIAN_POINT('Ctrl Pts',(5.29885639986677,6.49807297968589,2.71131732202413));
#7724=CARTESIAN_POINT('Ctrl Pts',(5.29883638455471,6.4998951306917,2.71856283580706));
#7725=CARTESIAN_POINT('Ctrl Pts',(5.29881624149248,6.50172311519943,2.72580675389344));
#7726=CARTESIAN_POINT('Ctrl Pts',(5.29879598353117,6.50355689329025,2.73304906660422));
#7727=CARTESIAN_POINT('',(5.29999999999992,6.24663627024601,2.02590128091198));
#7728=CARTESIAN_POINT('',(5.3,0.775690620290768,2.02590128091178));
#7729=CARTESIAN_POINT('',(5.29999999999999,6.07065232801098,2.73373960903377));
#7730=CARTESIAN_POINT('Ctrl Pts',(5.29879699635526,6.07065232801098,2.73304932123827));
#7731=CARTESIAN_POINT('Ctrl Pts',(5.29908188551159,6.09888716820694,2.63110356112343));
#7732=CARTESIAN_POINT('Ctrl Pts',(5.29934321155343,6.12604377384603,2.52882369648875));
#7733=CARTESIAN_POINT('Ctrl Pts',(5.29955048758521,6.15200476978008,2.42622952857618));
#7734=CARTESIAN_POINT('Ctrl Pts',(5.29956720315294,6.15409836826369,2.41795592478553));
#7735=CARTESIAN_POINT('Ctrl Pts',(5.29958357422556,6.15618419115424,2.40968024962295));
#7736=CARTESIAN_POINT('Ctrl Pts',(5.29959958821275,6.15826217689263,2.40140249886428));
#7737=CARTESIAN_POINT('Ctrl Pts',(5.29979434418419,6.18353384261033,2.30073166835616));
#7738=CARTESIAN_POINT('Ctrl Pts',(5.29993604569148,6.20765201912028,2.19973418181894));
#7739=CARTESIAN_POINT('Ctrl Pts',(5.29998297438593,6.23051080879168,2.09840122032418));
#7740=CARTESIAN_POINT('Ctrl Pts',(5.29999415727994,6.23595795418875,2.07425403743689));
#7741=CARTESIAN_POINT('Ctrl Pts',(5.30000000000002,6.24133358565952,2.05008757648285));
#7742=CARTESIAN_POINT('Ctrl Pts',(5.30000000000002,6.24663627024601,2.02590128091173));
#7743=CARTESIAN_POINT('',(5.29999999999992,6.00355689329025,2.73373960903391));
#7744=CARTESIAN_POINT('',(5.3,1.7,2.73373960903375));
#7745=CARTESIAN_POINT('',(5.29999999999993,5.84525502966449,2.02590128091196));
#7746=CARTESIAN_POINT('Ctrl Pts',(5.30000000000001,5.84525502966449,2.02590128091177));
#7747=CARTESIAN_POINT('Ctrl Pts',(5.30000000000001,5.86501341679098,2.12825386492995));
#7748=CARTESIAN_POINT('Ctrl Pts',(5.29989467526428,5.88613921275838,2.23026441085562));
#7749=CARTESIAN_POINT('Ctrl Pts',(5.29972497741135,5.90853075168971,2.331969291869));
#7750=CARTESIAN_POINT('Ctrl Pts',(5.29968633303331,5.91362985624745,2.35512999662941));
#7751=CARTESIAN_POINT('Ctrl Pts',(5.29964437308456,5.9187946003364,2.37827463692228));
#7752=CARTESIAN_POINT('Ctrl Pts',(5.29959963450639,5.92402378333777,2.40140327275297));
#7753=CARTESIAN_POINT('Ctrl Pts',(5.29939919435117,5.94745184689052,2.50502541601847));
#7754=CARTESIAN_POINT('Ctrl Pts',(5.29914169400994,5.97217311300345,2.60833053018284));
#7755=CARTESIAN_POINT('Ctrl Pts',(5.29885750714,5.99807294707307,2.71131746993059));
#7756=CARTESIAN_POINT('Ctrl Pts',(5.29883751340339,5.99989510888022,2.71856303249824));
#7757=CARTESIAN_POINT('Ctrl Pts',(5.29881739217643,6.00172310425913,2.72580699942175));
#7758=CARTESIAN_POINT('Ctrl Pts',(5.29879715630552,6.00355689329025,2.73304936102109));
#7759=CARTESIAN_POINT('',(5.29999999999992,5.74663627024601,2.02590128091198));
#7760=CARTESIAN_POINT('',(5.3,0.775690620290768,2.02590128091178));
#7761=CARTESIAN_POINT('',(5.29999999999999,5.57065232801098,2.73373960903377));
#7762=CARTESIAN_POINT('Ctrl Pts',(5.29879820819215,5.57065232801098,2.73304961978105));
#7763=CARTESIAN_POINT('Ctrl Pts',(5.29908277399194,5.59888713941087,2.63110388255036));
#7764=CARTESIAN_POINT('Ctrl Pts',(5.29934382901872,5.62604371845427,2.5288240555927));
#7765=CARTESIAN_POINT('Ctrl Pts',(5.299550901467,5.65200469035097,2.42622994307869));
#7766=CARTESIAN_POINT('Ctrl Pts',(5.29956760084516,5.65409831550762,2.41795623068695));
#7767=CARTESIAN_POINT('Ctrl Pts',(5.29958395615839,5.65618416487532,2.40968044698235));
#7768=CARTESIAN_POINT('Ctrl Pts',(5.29959995482446,5.65826217689263,2.40140258774199));
#7769=CARTESIAN_POINT('Ctrl Pts',(5.29979452199705,5.68353384147405,2.30073171556607));
#7770=CARTESIAN_POINT('Ctrl Pts',(5.29993610064046,5.70765201695126,2.19973420405464));
#7771=CARTESIAN_POINT('Ctrl Pts',(5.29998298894153,5.73051080570795,2.09840123747499));
#7772=CARTESIAN_POINT('Ctrl Pts',(5.29999416221258,5.73595795215992,2.07425404773334));
#7773=CARTESIAN_POINT('Ctrl Pts',(5.30000000000001,5.74133358465887,2.05008758104699));
#7774=CARTESIAN_POINT('Ctrl Pts',(5.30000000000001,5.74663627024601,2.02590128091177));
#7775=CARTESIAN_POINT('',(5.29999999999992,5.50355689329025,2.73373960903391));
#7776=CARTESIAN_POINT('',(5.3,1.7,2.73373960903375));
#7777=CARTESIAN_POINT('',(5.29999999999993,5.34525502966449,2.02590128091196));
#7778=CARTESIAN_POINT('Ctrl Pts',(5.30000000000001,5.34525502966449,2.02590128091177));
#7779=CARTESIAN_POINT('Ctrl Pts',(5.30000000000001,5.36501342908192,2.12825392859957));
#7780=CARTESIAN_POINT('Ctrl Pts',(5.29989476377052,5.38613923904146,2.2302645588418));
#7781=CARTESIAN_POINT('Ctrl Pts',(5.29972522552091,5.40853079347655,2.33196954152017));
#7782=CARTESIAN_POINT('Ctrl Pts',(5.29968661761796,5.41362988446394,2.35513019175782));
#7783=CARTESIAN_POINT('Ctrl Pts',(5.29964469786331,5.41879461462067,2.37827477853628));
#7784=CARTESIAN_POINT('Ctrl Pts',(5.29960000300386,5.42402378333777,2.40140336182367));
#7785=CARTESIAN_POINT('Ctrl Pts',(5.29939975826751,5.44745183577817,2.50502550359098));
#7786=CARTESIAN_POINT('Ctrl Pts',(5.29914252366493,5.47217308955202,2.60833063426037));
#7787=CARTESIAN_POINT('Ctrl Pts',(5.29885865720664,5.49807291021867,2.71131760547107));
#7788=CARTESIAN_POINT('Ctrl Pts',(5.29883868586822,5.49989508423196,2.7185632225378));
#7789=CARTESIAN_POINT('Ctrl Pts',(5.29881858730913,5.50172309189594,2.72580724401155));
#7790=CARTESIAN_POINT('Ctrl Pts',(5.29879837437096,5.50355689329025,2.73304966021117));
#7791=CARTESIAN_POINT('',(5.29999999999993,5.24663627024601,2.02590128091198));
#7792=CARTESIAN_POINT('',(5.3,0.775690620290768,2.02590128091178));
#7793=CARTESIAN_POINT('',(5.29999999999999,5.07065232801098,2.73373960903377));
#7794=CARTESIAN_POINT('Ctrl Pts',(5.29879946762439,5.07065232801098,2.73304992319815));
#7795=CARTESIAN_POINT('Ctrl Pts',(5.29908369735892,5.09888710854638,2.63110421499625));
#7796=CARTESIAN_POINT('Ctrl Pts',(5.29934447071906,5.12604365908257,2.52882443214308));
#7797=CARTESIAN_POINT('Ctrl Pts',(5.29955133158481,5.15200460521428,2.4262303817798));
#7798=CARTESIAN_POINT('Ctrl Pts',(5.29956801414424,5.15409825896063,2.41795655320644));
#7799=CARTESIAN_POINT('Ctrl Pts',(5.29958435308563,5.15618413670806,2.40968065337718));
#7800=CARTESIAN_POINT('Ctrl Pts',(5.29960033583502,5.15826217689263,2.40140267807073));
#7801=CARTESIAN_POINT('Ctrl Pts',(5.29979470678581,5.18353383927824,2.30073176769351));
#7802=CARTESIAN_POINT('Ctrl Pts',(5.29993615773635,5.20765201275982,2.19973423497377));
#7803=CARTESIAN_POINT('Ctrl Pts',(5.29998300406322,5.23051079974894,2.0984012674286));
#7804=CARTESIAN_POINT('Ctrl Pts',(5.29999416733706,5.2359579482394,2.07425406655303));
#7805=CARTESIAN_POINT('Ctrl Pts',(5.30000000000002,5.24133358272521,2.05008758986666));
#7806=CARTESIAN_POINT('Ctrl Pts',(5.30000000000002,5.24663627024601,2.02590128091173));
#7807=CARTESIAN_POINT('',(5.29999999999992,5.00355689329025,2.73373960903391));
#7808=CARTESIAN_POINT('',(5.3,1.7,2.73373960903375));
#7809=CARTESIAN_POINT('',(5.29999999999993,4.84525502966449,2.02590128091195));
#7810=CARTESIAN_POINT('Ctrl Pts',(5.30000000000001,4.84525502966449,2.02590128091177));
#7811=CARTESIAN_POINT('Ctrl Pts',(5.30000000000001,4.86501344097802,2.12825399022389));
#7812=CARTESIAN_POINT('Ctrl Pts',(5.29989485577179,4.88613926448025,2.23026470309509));
#7813=CARTESIAN_POINT('Ctrl Pts',(5.29972548342416,4.90853083392097,2.33196978605202));
#7814=CARTESIAN_POINT('Ctrl Pts',(5.29968691342624,4.91362991177397,2.35513038394656));
#7815=CARTESIAN_POINT('Ctrl Pts',(5.29964503544059,4.91879462844605,2.37827491940265));
#7816=CARTESIAN_POINT('Ctrl Pts',(5.29960038601248,4.92402378333777,2.40140345235015));
#7817=CARTESIAN_POINT('Ctrl Pts',(5.29940034439823,4.94745182329333,2.50502558732746));
#7818=CARTESIAN_POINT('Ctrl Pts',(5.29914338601109,4.97217306320405,2.60833072953616));
#7819=CARTESIAN_POINT('Ctrl Pts',(5.29885985259497,4.99807286881229,2.71131772752154));
#7820=CARTESIAN_POINT('Ctrl Pts',(5.2988399045259,4.99989505653933,2.71856340521552));
#7821=CARTESIAN_POINT('Ctrl Pts',(5.29881982951633,5.00172307800574,2.72580748736623));
#7822=CARTESIAN_POINT('Ctrl Pts',(5.29879964040286,5.00355689329025,2.73304996429134));
#7823=CARTESIAN_POINT('',(5.29999999999993,4.74663627024601,2.02590128091198));
#7824=CARTESIAN_POINT('',(5.3,0.775690620290768,2.02590128091178));
#7825=CARTESIAN_POINT('',(5.29999999999999,4.57065232801098,2.73373960903377));
#7826=CARTESIAN_POINT('Ctrl Pts',(5.29880077751222,4.57065232801098,2.73305023160975));
#7827=CARTESIAN_POINT('Ctrl Pts',(5.29908465770792,4.59888707536645,2.63110455944049));
#7828=CARTESIAN_POINT('Ctrl Pts',(5.29934513810884,4.62604359525716,2.52882482798466));
#7829=CARTESIAN_POINT('Ctrl Pts',(5.29955177891187,4.65200451369131,2.42623084740209));
#7830=CARTESIAN_POINT('Ctrl Pts',(5.29956844398647,4.65409819817193,2.41795689417136));
#7831=CARTESIAN_POINT('Ctrl Pts',(5.29958476590755,4.65618410642791,2.40968086973932));
#7832=CARTESIAN_POINT('Ctrl Pts',(5.29960073210969,4.65826217689263,2.40140276988634));
#7833=CARTESIAN_POINT('Ctrl Pts',(5.2997948989693,4.68353383590847,2.30073182521152));
#7834=CARTESIAN_POINT('Ctrl Pts',(5.29993621710757,4.70765200632803,2.19973427549435));
#7835=CARTESIAN_POINT('Ctrl Pts',(5.29998301978467,4.73051079060509,2.09840131155891));
#7836=CARTESIAN_POINT('Ctrl Pts',(5.29999417266469,4.73595794222354,2.07425409481228));
#7837=CARTESIAN_POINT('Ctrl Pts',(5.30000000000001,4.74133357975809,2.05008760340012));
#7838=CARTESIAN_POINT('Ctrl Pts',(5.30000000000001,4.74663627024601,2.02590128091177));
#7839=CARTESIAN_POINT('',(5.29999999999992,4.50355689329025,2.7337396090339));
#7840=CARTESIAN_POINT('',(5.3,1.7,2.73373960903375));
#7841=CARTESIAN_POINT('',(5.29999999999993,4.34525502966449,2.02590128091195));
#7842=CARTESIAN_POINT('Ctrl Pts',(5.29999999999998,4.34525502966449,2.02590128091184));
#7843=CARTESIAN_POINT('Ctrl Pts',(5.29999999999998,4.36501345243027,2.12825404954902));
#7844=CARTESIAN_POINT('Ctrl Pts',(5.29989495147875,4.38613928896992,2.23026484311821));
#7845=CARTESIAN_POINT('Ctrl Pts',(5.29972575171166,4.40853087285622,2.3319700247318));
#7846=CARTESIAN_POINT('Ctrl Pts',(5.29968722113472,4.41362993806496,2.35513057271925));
#7847=CARTESIAN_POINT('Ctrl Pts',(5.29964538658778,4.41879464175556,2.37827505930103));
#7848=CARTESIAN_POINT('Ctrl Pts',(5.29960078440661,4.42402378333777,2.40140354436844));
#7849=CARTESIAN_POINT('Ctrl Pts',(5.29940095408159,4.44745180937648,2.50502566702012));
#7850=CARTESIAN_POINT('Ctrl Pts',(5.29914428301765,4.47217303383391,2.60833081556691));
#7851=CARTESIAN_POINT('Ctrl Pts',(5.29886109603479,4.49807282265727,2.71131783541401));
#7852=CARTESIAN_POINT('Ctrl Pts',(5.29884117215908,4.49989502567081,2.71856358012647));
#7853=CARTESIAN_POINT('Ctrl Pts',(5.29882112163408,4.50172306252256,2.72580772934393));
#7854=CARTESIAN_POINT('Ctrl Pts',(5.29880095729136,4.50355689329025,2.73305027338265));
#7855=CARTESIAN_POINT('',(5.29999999999993,4.24663627024601,2.02590128091198));
#7856=CARTESIAN_POINT('',(5.3,0.775690620290768,2.02590128091178));
#7857=CARTESIAN_POINT('',(5.29999999999999,4.07065232801098,2.73373960903377));
#7858=CARTESIAN_POINT('Ctrl Pts',(5.2988021409496,4.07065232801098,2.73305054514033));
#7859=CARTESIAN_POINT('Ctrl Pts',(5.29908565730713,4.09888703976586,2.63110491635371));
#7860=CARTESIAN_POINT('Ctrl Pts',(5.29934583276413,4.1260435267747,2.52882524394602));
#7861=CARTESIAN_POINT('Ctrl Pts',(5.29955224450445,4.15200441549003,2.42623134114149));
#7862=CARTESIAN_POINT('Ctrl Pts',(5.29956889138696,4.15409813294757,2.41795725439145));
#7863=CARTESIAN_POINT('Ctrl Pts',(5.29958519559912,4.15618407393827,2.40968109649227));
#7864=CARTESIAN_POINT('Ctrl Pts',(5.29960114458448,4.15826217689263,2.40140286322587));
#7865=CARTESIAN_POINT('Ctrl Pts',(5.29979509900106,4.18353383129809,2.30073188840348));
#7866=CARTESIAN_POINT('Ctrl Pts',(5.2999362788938,4.20765199752801,2.19973432615722));
#7867=CARTESIAN_POINT('Ctrl Pts',(5.29998303614277,4.23051077809426,2.09840137067469));
#7868=CARTESIAN_POINT('Ctrl Pts',(5.29999417820802,4.23595793399248,2.07425413305013));
#7869=CARTESIAN_POINT('Ctrl Pts',(5.30000000000002,4.24133357569841,2.05008762191686));
#7870=CARTESIAN_POINT('Ctrl Pts',(5.30000000000002,4.24663627024601,2.02590128091173));
#7871=CARTESIAN_POINT('',(5.29999999999992,4.00355689329025,2.7337396090339));
#7872=CARTESIAN_POINT('',(5.3,1.7,2.73373960903375));
#7873=CARTESIAN_POINT('',(5.29999999999994,3.84525502966449,2.02590128091195));
#7874=CARTESIAN_POINT('Ctrl Pts',(5.29999999999998,3.84525502966449,2.02590128091184));
#7875=CARTESIAN_POINT('Ctrl Pts',(5.29999999999998,3.86501346340487,2.12825410639975));
#7876=CARTESIAN_POINT('Ctrl Pts',(5.29989505111947,3.88613931243815,2.23026497857052));
#7877=CARTESIAN_POINT('Ctrl Pts',(5.29972603102215,3.90853091016771,2.33197025706373));
#7878=CARTESIAN_POINT('Ctrl Pts',(5.29968754147531,3.91362996325948,2.3551307577575));
#7879=CARTESIAN_POINT('Ctrl Pts',(5.29964575213935,3.91879465450999,2.37827519809078));
#7880=CARTESIAN_POINT('Ctrl Pts',(5.29960119913229,3.92402378333777,2.40140363791573));
#7881=CARTESIAN_POINT('Ctrl Pts',(5.2994015887668,3.94745179382567,2.50502574183266));
#7882=CARTESIAN_POINT('Ctrl Pts',(5.29914521681833,3.97217300101556,2.60833089065617));
#7883=CARTESIAN_POINT('Ctrl Pts',(5.29886239048476,3.99807277108261,2.71131792659798));
#7884=CARTESIAN_POINT('Ctrl Pts',(5.29884249178191,3.99989499117762,2.71856374561233));
#7885=CARTESIAN_POINT('Ctrl Pts',(5.29882246673286,4.0017230452213,2.72580796917786));
#7886=CARTESIAN_POINT('Ctrl Pts',(5.29880232816377,4.00355689329025,2.73305058760972));
#7887=CARTESIAN_POINT('',(5.29999999999993,3.74663627024601,2.02590128091198));
#7888=CARTESIAN_POINT('',(5.3,0.775690620290768,2.02590128091178));
#7889=CARTESIAN_POINT('',(5.29999999999999,3.57065232801098,2.73373960903377));
#7890=CARTESIAN_POINT('Ctrl Pts',(5.29880356128883,3.57065232801098,2.73305086391831));
#7891=CARTESIAN_POINT('Ctrl Pts',(5.29908669861308,3.59888700151806,2.6311052866474));
#7892=CARTESIAN_POINT('Ctrl Pts',(5.29934655639057,3.62604345320007,2.52882568173083));
#7893=CARTESIAN_POINT('Ctrl Pts',(5.29955272950454,3.65200430998679,2.42623186550597));
#7894=CARTESIAN_POINT('Ctrl Pts',(5.2995693574439,3.65409806287332,2.41795763555181));
#7895=CARTESIAN_POINT('Ctrl Pts',(5.29958564321596,3.6561840390328,2.40968133449785));
#7896=CARTESIAN_POINT('Ctrl Pts',(5.29960157427356,3.65826217689263,2.40140295812756));
#7897=CARTESIAN_POINT('Ctrl Pts',(5.29979530737195,3.68353382530786,2.30073195784235));
#7898=CARTESIAN_POINT('Ctrl Pts',(5.29993634324552,3.70765198609465,2.19973438807828));
#7899=CARTESIAN_POINT('Ctrl Pts',(5.299983053177,3.73051076183991,2.09840144644675));
#7900=CARTESIAN_POINT('Ctrl Pts',(5.29999418398038,3.73595792329852,2.07425418238092));
#7901=CARTESIAN_POINT('Ctrl Pts',(5.30000000000001,3.74133357042399,2.05008764597429));
#7902=CARTESIAN_POINT('Ctrl Pts',(5.30000000000001,3.74663627024601,2.02590128091176));
#7903=CARTESIAN_POINT('',(5.29999999999992,3.50355689329025,2.7337396090339));
#7904=CARTESIAN_POINT('',(5.3,1.7,2.73373960903375));
#7905=CARTESIAN_POINT('',(5.29999999999994,3.34525502966449,2.02590128091195));
#7906=CARTESIAN_POINT('Ctrl Pts',(5.29999999999999,3.34525502966449,2.0259012809118));
#7907=CARTESIAN_POINT('Ctrl Pts',(5.29999999999999,3.36501347384451,2.12825416047922));
#7908=CARTESIAN_POINT('Ctrl Pts',(5.29989515494111,3.38613933476239,2.23026510886932));
#7909=CARTESIAN_POINT('Ctrl Pts',(5.29972632204831,3.40853094566053,2.33197048218834));
#7910=CARTESIAN_POINT('Ctrl Pts',(5.29968787524152,3.41362998722594,2.35513093850112));
#7911=CARTESIAN_POINT('Ctrl Pts',(5.2996461329998,3.41879466664273,2.3782753355111));
#7912=CARTESIAN_POINT('Ctrl Pts',(5.29960163121478,3.42402378333777,2.40140373303045));
#7913=CARTESIAN_POINT('Ctrl Pts',(5.29940225002303,3.4474517765714,2.50502581151671));
#7914=CARTESIAN_POINT('Ctrl Pts',(5.29914618972196,3.47217296460218,2.60833095427799));
#7915=CARTESIAN_POINT('Ctrl Pts',(5.29886373914566,3.49807271385859,2.71131800028171));
#7916=CARTESIAN_POINT('Ctrl Pts',(5.29884386665716,3.49989495290614,2.71856390118839));
#7917=CARTESIAN_POINT('Ctrl Pts',(5.29882386813802,3.50172302602491,2.72580820669053));
#7918=CARTESIAN_POINT('Ctrl Pts',(5.29880375640891,3.50355689329025,2.73305090710192));
#7919=CARTESIAN_POINT('',(5.29999999999993,3.24663627024601,2.02590128091197));
#7920=CARTESIAN_POINT('',(5.3,0.775690620290768,2.02590128091178));
#7921=CARTESIAN_POINT('',(5.29999999999999,3.07065232801098,2.73373960903377));
#7922=CARTESIAN_POINT('Ctrl Pts',(5.29880504216792,3.07065232801098,2.73305118807659));
#7923=CARTESIAN_POINT('Ctrl Pts',(5.29908778429211,3.09888696042906,2.6311056711189));
#7924=CARTESIAN_POINT('Ctrl Pts',(5.2993473108402,3.12604337416,2.52882614281181));
#7925=CARTESIAN_POINT('Ctrl Pts',(5.29955323515259,3.15200419664631,2.4262324226558));
#7926=CARTESIAN_POINT('Ctrl Pts',(5.29956984334986,3.15409798759365,2.41795803910614));
#7927=CARTESIAN_POINT('Ctrl Pts',(5.29958610990398,3.15618400153441,2.40968158450287));
#7928=CARTESIAN_POINT('Ctrl Pts',(5.29960202227749,3.15826217689263,2.40140305463101));
#7929=CARTESIAN_POINT('Ctrl Pts',(5.2997955246152,3.18353381785321,2.30073203388408));
#7930=CARTESIAN_POINT('Ctrl Pts',(5.2999364103269,3.20765197186587,2.199734461942));
#7931=CARTESIAN_POINT('Ctrl Pts',(5.29998307093069,3.23051074161123,2.09840153989971));
#7932=CARTESIAN_POINT('Ctrl Pts',(5.29999418999652,3.23595790998978,2.07425424348769));
#7933=CARTESIAN_POINT('Ctrl Pts',(5.30000000000001,3.24133356385992,2.05008767591394));
#7934=CARTESIAN_POINT('Ctrl Pts',(5.30000000000001,3.24663627024601,2.02590128091176));
#7935=CARTESIAN_POINT('',(5.29999999999992,3.00355689329025,2.7337396090339));
#7936=CARTESIAN_POINT('',(5.3,1.7,2.73373960903375));
#7937=CARTESIAN_POINT('',(5.29999999999994,2.84525502966449,2.02590128091195));
#7938=CARTESIAN_POINT('Ctrl Pts',(5.29999999999999,2.84525502966449,2.0259012809118));
#7939=CARTESIAN_POINT('Ctrl Pts',(5.3,2.86501348367528,2.12825421140468));
#7940=CARTESIAN_POINT('Ctrl Pts',(5.29989526321216,2.88613935578465,2.23026523326115));
#7941=CARTESIAN_POINT('Ctrl Pts',(5.29972662554224,2.90853097908324,2.33197069899032));
#7942=CARTESIAN_POINT('Ctrl Pts',(5.29968822329482,2.91363000979457,2.35513111422007));
#7943=CARTESIAN_POINT('Ctrl Pts',(5.29964653015112,2.91879467806783,2.37827547121684));
#7944=CARTESIAN_POINT('Ctrl Pts',(5.29960208176697,2.92402378333777,2.40140382975231));
#7945=CARTESIAN_POINT('Ctrl Pts',(5.29940293955435,2.94745175745976,2.50502587545248));
#7946=CARTESIAN_POINT('Ctrl Pts',(5.2991472042367,2.97217292426903,2.60833100516513));
#7947=CARTESIAN_POINT('Ctrl Pts',(5.29886514549483,2.99807265047459,2.71131805456038));
#7948=CARTESIAN_POINT('Ctrl Pts',(5.29884530032851,2.99989491051485,2.71856404562947));
#7949=CARTESIAN_POINT('Ctrl Pts',(5.29882532946041,3.00172300476209,2.72580844133609));
#7950=CARTESIAN_POINT('Ctrl Pts',(5.29880524570553,3.00355689329025,2.7330512319925));
#7951=CARTESIAN_POINT('',(5.29999999999993,2.74663627024601,2.02590128091197));
#7952=CARTESIAN_POINT('',(5.3,0.775690620290768,2.02590128091178));
#7953=CARTESIAN_POINT('',(5.3,2.57065232801098,2.73373960903375));
#7954=CARTESIAN_POINT('Ctrl Pts',(5.29880658754183,2.57065232801098,2.73305151775248));
#7955=CARTESIAN_POINT('Ctrl Pts',(5.29908891724252,2.59888691624677,2.6311060707784));
#7956=CARTESIAN_POINT('Ctrl Pts',(5.29934809812558,2.62604328917011,2.52882662908265));
#7957=CARTESIAN_POINT('Ctrl Pts',(5.29955376279627,2.65200407477424,2.42623301538135));
#7958=CARTESIAN_POINT('Ctrl Pts',(5.29957035040071,2.65409790664738,2.41795846692875));
#7959=CARTESIAN_POINT('Ctrl Pts',(5.29958659690868,2.65618396121336,2.4096818474651));
#7960=CARTESIAN_POINT('Ctrl Pts',(5.29960248979273,2.65826217689263,2.40140315277713));
#7961=CARTESIAN_POINT('Ctrl Pts',(5.29979575131013,2.68353380879868,2.300732117088));
#7962=CARTESIAN_POINT('Ctrl Pts',(5.29993648031582,2.70765195458323,2.19973454883681));
#7963=CARTESIAN_POINT('Ctrl Pts',(5.29998308945061,2.73051071704085,2.09840165266375));
#7964=CARTESIAN_POINT('Ctrl Pts',(5.29999419627222,2.73595789382458,2.07425431745761));
#7965=CARTESIAN_POINT('Ctrl Pts',(5.30000000000001,2.741333555887,2.05008771227955));
#7966=CARTESIAN_POINT('Ctrl Pts',(5.30000000000001,2.74663627024601,2.02590128091176));
#7967=CARTESIAN_POINT('',(5.29999999999992,2.50355689329025,2.7337396090339));
#7968=CARTESIAN_POINT('',(5.3,1.7,2.73373960903375));
#7969=CARTESIAN_POINT('',(5.29999999999994,2.34525502966449,2.02590128091195));
#7970=CARTESIAN_POINT('Ctrl Pts',(5.3,2.34525502966449,2.02590128091178));
#7971=CARTESIAN_POINT('Ctrl Pts',(5.3,2.36501349283504,2.12825425885413));
#7972=CARTESIAN_POINT('Ctrl Pts',(5.29989537622435,2.386139375372,2.23026535111377));
#7973=CARTESIAN_POINT('Ctrl Pts',(5.29972694232134,2.40853101022461,2.33197090653785));
#7974=CARTESIAN_POINT('Ctrl Pts',(5.29968858657168,2.41363003082273,2.3551312843068));
#7975=CARTESIAN_POINT('Ctrl Pts',(5.29964694466085,2.41879468871309,2.37827560492476));
#7976=CARTESIAN_POINT('Ctrl Pts',(5.299602551999,2.42402378333777,2.40140392812237));
#7977=CARTESIAN_POINT('Ctrl Pts',(5.2994036592135,2.44745173634052,2.50502593303851));
#7978=CARTESIAN_POINT('Ctrl Pts',(5.29914826308932,2.47217287969906,2.60833104208577));
#7979=CARTESIAN_POINT('Ctrl Pts',(5.29886661331265,2.49807258043236,2.71131808758293));
#7980=CARTESIAN_POINT('Ctrl Pts',(5.29884679664865,2.49989486367053,2.71856417774785));
#7981=CARTESIAN_POINT('Ctrl Pts',(5.29882685462597,2.50172298126569,2.72580867258976));
#7982=CARTESIAN_POINT('Ctrl Pts',(5.29880680005365,2.50355689329025,2.7330515624195));
#7983=CARTESIAN_POINT('',(5.29999999999993,2.24663627024601,2.02590128091197));
#7984=CARTESIAN_POINT('',(5.3,0.775690620290768,2.02590128091178));
#7985=CARTESIAN_POINT('',(5.3,2.07065232801098,2.73373960903375));
#7986=CARTESIAN_POINT('Ctrl Pts',(5.29880820171762,2.07065232801098,2.73305185308809));
#7987=CARTESIAN_POINT('Ctrl Pts',(5.29909010062143,2.09888686877847,2.63110648642538));
#7988=CARTESIAN_POINT('Ctrl Pts',(5.29934892044011,2.12604319785893,2.52882714201379));
#7989=CARTESIAN_POINT('Ctrl Pts',(5.29955431390513,2.15200394383758,2.42623364583665));
#7990=CARTESIAN_POINT('Ctrl Pts',(5.29957088000901,2.15409781968052,2.41795892046996));
#7991=CARTESIAN_POINT('Ctrl Pts',(5.29958710558705,2.15618391789333,2.40968212413103));
#7992=CARTESIAN_POINT('Ctrl Pts',(5.29960297812233,2.15826217689263,2.40140325260812));
#7993=CARTESIAN_POINT('Ctrl Pts',(5.29979598808763,2.1835337979845,2.30073220811076));
#7994=CARTESIAN_POINT('Ctrl Pts',(5.29993655340598,2.20765193394213,2.1997346500443));
#7995=CARTESIAN_POINT('Ctrl Pts',(5.29998310878767,2.23051068769598,2.09840178665914));
#7996=CARTESIAN_POINT('Ctrl Pts',(5.29999420282475,2.23595787451818,2.07425440557132));
#7997=CARTESIAN_POINT('Ctrl Pts',(5.30000000000001,2.24133354636479,2.05008775571169));
#7998=CARTESIAN_POINT('Ctrl Pts',(5.30000000000001,2.24663627024601,2.02590128091176));
#7999=CARTESIAN_POINT('',(5.29999999999992,2.00355689329025,2.7337396090339));
#8000=CARTESIAN_POINT('',(5.3,1.7,2.73373960903375));
#8001=CARTESIAN_POINT('',(5.29999999999994,1.84525502966449,2.02590128091195));
#8002=CARTESIAN_POINT('Ctrl Pts',(5.3,1.84525502966449,2.02590128091179));
#8003=CARTESIAN_POINT('Ctrl Pts',(5.3,1.86502015758404,2.12828878365002));
#8004=CARTESIAN_POINT('Ctrl Pts',(5.29989825020483,1.88615362751706,2.23033610068392));
#8005=CARTESIAN_POINT('Ctrl Pts',(5.29973490211713,1.9085536694978,2.33207907107969));
#8006=CARTESIAN_POINT('Ctrl Pts',(5.29969777213225,1.91364533130927,2.35520584902929));
#8007=CARTESIAN_POINT('Ctrl Pts',(5.29965748267352,1.91880243433287,2.37831668966898));
#8008=CARTESIAN_POINT('Ctrl Pts',(5.29961455924541,1.92402378333777,2.4014116466334));
#8009=CARTESIAN_POINT('Ctrl Pts',(5.29942191005591,1.94745827350339,2.50506657208463));
#8010=CARTESIAN_POINT('Ctrl Pts',(5.29917490578407,1.97218667581004,2.60840575866557));
#8011=CARTESIAN_POINT('Ctrl Pts',(5.29890320522963,1.99809426129086,2.71142756440226));
#8012=CARTESIAN_POINT('Ctrl Pts',(5.29888416971019,1.99990936375991,2.71864533983324));
#8013=CARTESIAN_POINT('Ctrl Pts',(5.29886501758382,2.00173025424452,2.72586153681267));
#8014=CARTESIAN_POINT('Ctrl Pts',(5.29884576131373,2.00355689329025,2.73307614561797));
#8015=CARTESIAN_POINT('',(5.29999999999993,1.74663627024601,2.02590128091197));
#8016=CARTESIAN_POINT('',(5.3,0.775690620290768,2.02590128091178));
#8017=CARTESIAN_POINT('',(5.29999999999948,1.7,2.23041679630143));
#8018=CARTESIAN_POINT('Ctrl Pts',(5.29993399354133,1.6999999999998,2.23037104517094));
#8019=CARTESIAN_POINT('Ctrl Pts',(5.29997528403847,1.71610563463948,2.16235681603125));
#8020=CARTESIAN_POINT('Ctrl Pts',(5.3,1.73166168187932,2.09420249973503));
#8021=CARTESIAN_POINT('Ctrl Pts',(5.30000000000001,1.74663627024601,2.02590128091176));
#8022=CARTESIAN_POINT('',(5.3,1.7,-10.0283823632472));
#8023=CARTESIAN_POINT('Origin',(0.,1.7,0.));
#8024=CARTESIAN_POINT('',(-6.91,1.7,8.32667268468867E-16));
#8025=CARTESIAN_POINT('Origin',(0.,1.7,0.));
#8026=CARTESIAN_POINT('',(-2.44024202875511,1.7,-5.44137400764707));
#8027=CARTESIAN_POINT('Ctrl Pts',(-5.29999999999909,1.7,-2.51431109715928));
#8028=CARTESIAN_POINT('Ctrl Pts',(-5.2332412970019,1.7,-2.664017267649));
#8029=CARTESIAN_POINT('Ctrl Pts',(-5.16008347203969,1.7,-2.81054844913401));
#8030=CARTESIAN_POINT('Ctrl Pts',(-5.08089889850087,1.7,-2.95365172958247));
#8031=CARTESIAN_POINT('Ctrl Pts',(-5.00000389654027,1.7,-3.09984611612886));
#8032=CARTESIAN_POINT('Ctrl Pts',(-4.91281866338943,1.7,-3.24246349935191));
#8033=CARTESIAN_POINT('Ctrl Pts',(-4.81969017529411,1.7,-3.38121350668945));
#8034=CARTESIAN_POINT('Ctrl Pts',(-4.72628018070425,1.7,-3.52038292412354));
#8035=CARTESIAN_POINT('Ctrl Pts',(-4.62689047349422,1.7,-3.65566211023104));
#8036=CARTESIAN_POINT('Ctrl Pts',(-4.52182752372354,1.7,-3.78672883625332));
#8037=CARTESIAN_POINT('Ctrl Pts',(-4.45192989079702,1.7,-3.873926596495));
#8038=CARTESIAN_POINT('Ctrl Pts',(-4.37952031001372,1.7,-3.95925924886388));
#8039=CARTESIAN_POINT('Ctrl Pts',(-4.30467994040104,1.7,-4.04262289866974));
#8040=CARTESIAN_POINT('Ctrl Pts',(-4.28723901798906,1.7,-4.0620501002692));
#8041=CARTESIAN_POINT('Ctrl Pts',(-4.26966389110854,1.7,-4.08137258289463));
#8042=CARTESIAN_POINT('Ctrl Pts',(-4.25197260790451,1.7,-4.10057074213012));
#8043=CARTESIAN_POINT('Ctrl Pts',(-4.13793677528799,1.7,-4.22431971205364));
#8044=CARTESIAN_POINT('Ctrl Pts',(-4.01894129702875,1.7,-4.34306064900784));
#8045=CARTESIAN_POINT('Ctrl Pts',(-3.89535619348252,1.7,-4.45652285616504));
#8046=CARTESIAN_POINT('Ctrl Pts',(-3.77077617924055,1.7,-4.57089848055639));
#8047=CARTESIAN_POINT('Ctrl Pts',(-3.64153188213613,1.7,-4.67991061386663));
#8048=CARTESIAN_POINT('Ctrl Pts',(-3.50795914572905,1.7,-4.78325200945268));
#8049=CARTESIAN_POINT('Ctrl Pts',(-3.37504779623022,1.7,-4.88608170895494));
#8050=CARTESIAN_POINT('Ctrl Pts',(-3.23785023047218,1.7,-4.98329719739222));
#8051=CARTESIAN_POINT('Ctrl Pts',(-3.09666236445236,1.7,-5.07455822567157));
#8052=CARTESIAN_POINT('Ctrl Pts',(-2.95814166739925,1.7,-5.16409524898252));
#8053=CARTESIAN_POINT('Ctrl Pts',(-2.81577945939767,1.7,-5.24790103690566));
#8054=CARTESIAN_POINT('Ctrl Pts',(-2.6698295563843,1.7,-5.3256116395404));
#8055=CARTESIAN_POINT('Ctrl Pts',(-2.59425174010224,1.7,-5.36585282865965));
#8056=CARTESIAN_POINT('Ctrl Pts',(-2.51771150325752,1.7,-5.40445884442183));
#8057=CARTESIAN_POINT('Ctrl Pts',(-2.44024202875508,1.7,-5.44137400764708));
#8058=CARTESIAN_POINT('',(2.44024202875509,1.7,-5.44137400764708));
#8059=CARTESIAN_POINT('Origin',(0.,1.7,0.));
#8060=CARTESIAN_POINT('Ctrl Pts',(2.44170923481728,1.7,-5.44481681165662));
#8061=CARTESIAN_POINT('Ctrl Pts',(2.59870904908378,1.7,-5.36979609009776));
#8062=CARTESIAN_POINT('Ctrl Pts',(2.75200920368468,1.7,-5.28764682654263));
#8063=CARTESIAN_POINT('Ctrl Pts',(2.90131411336971,1.7,-5.1988225175972));
#8064=CARTESIAN_POINT('Ctrl Pts',(3.04646911397549,1.7,-5.11246706789376));
#8065=CARTESIAN_POINT('Ctrl Pts',(3.18784827347159,1.7,-5.0198016321025));
#8066=CARTESIAN_POINT('Ctrl Pts',(3.32515233189198,1.7,-4.9211949209836));
#8067=CARTESIAN_POINT('Ctrl Pts',(3.43156514844499,1.7,-4.84477316053523));
#8068=CARTESIAN_POINT('Ctrl Pts',(3.53552978406244,1.7,-4.76478175225541));
#8069=CARTESIAN_POINT('Ctrl Pts',(3.63689270744671,1.7,-4.68137619287396));
#8070=CARTESIAN_POINT('Ctrl Pts',(3.67768748068871,1.7,-4.64780858483261));
#8071=CARTESIAN_POINT('Ctrl Pts',(3.71806068433497,1.7,-4.61368782246835));
#8072=CARTESIAN_POINT('Ctrl Pts',(3.75800165253329,1.7,-4.57902349808953));
#8073=CARTESIAN_POINT('Ctrl Pts',(3.77996561860534,1.7,-4.5599612149524));
#8074=CARTESIAN_POINT('Ctrl Pts',(3.80179985736972,1.7,-4.54073356303888));
#8075=CARTESIAN_POINT('Ctrl Pts',(3.82348726289359,1.7,-4.52135607294147));
#8076=CARTESIAN_POINT('Ctrl Pts',(3.9493592173987,1.7,-4.40889068148283));
#8077=CARTESIAN_POINT('Ctrl Pts',(4.07040906671071,1.7,-4.29127727797814));
#8078=CARTESIAN_POINT('Ctrl Pts',(4.18634610738267,1.7,-4.1688852865273));
#8079=CARTESIAN_POINT('Ctrl Pts',(4.30206636526941,1.7,-4.04672214753499));
#8080=CARTESIAN_POINT('Ctrl Pts',(4.41269340056562,1.7,-3.91979768241091));
#8081=CARTESIAN_POINT('Ctrl Pts',(4.51790075442915,1.7,-3.78844399925923));
#8082=CARTESIAN_POINT('Ctrl Pts',(4.59605246292777,1.7,-3.6908698813016));
#8083=CARTESIAN_POINT('Ctrl Pts',(4.67121284177482,1.7,-3.59085093414074));
#8084=CARTESIAN_POINT('Ctrl Pts',(4.74323227221031,1.7,-3.48851354652135));
#8085=CARTESIAN_POINT('Ctrl Pts',(4.76570123207646,1.7,-3.45658584810271));
#8086=CARTESIAN_POINT('Ctrl Pts',(4.78786436271631,1.7,-3.42443243386677));
#8087=CARTESIAN_POINT('Ctrl Pts',(4.80971682160039,1.7,-3.39205701072367));
#8088=CARTESIAN_POINT('Ctrl Pts',(4.82830319415801,1.7,-3.36452044472712));
#8089=CARTESIAN_POINT('Ctrl Pts',(4.8466682381836,1.7,-3.33681785949085));
#8090=CARTESIAN_POINT('Ctrl Pts',(4.86479000098752,1.7,-3.30898100223751));
#8091=CARTESIAN_POINT('Ctrl Pts',(4.95645314415248,1.7,-3.1681771599576));
#8092=CARTESIAN_POINT('Ctrl Pts',(5.04197269739809,1.7,-3.02383050459103));
#8093=CARTESIAN_POINT('Ctrl Pts',(5.12105896457893,1.7,-2.87628886243947));
#8094=CARTESIAN_POINT('Ctrl Pts',(5.18472122864871,1.7,-2.75752190935438));
#8095=CARTESIAN_POINT('Ctrl Pts',(5.24421424833587,1.7,-2.63668384437064));
#8096=CARTESIAN_POINT('Ctrl Pts',(5.29936638737908,1.7,-2.5139426179578));
#8097=CARTESIAN_POINT('',(3.29513055033346,1.7,4.6191331065752));
#8098=CARTESIAN_POINT('Ctrl Pts',(5.29993399354093,1.7,2.23037104517098));
#8099=CARTESIAN_POINT('Ctrl Pts',(5.23233134413672,1.7,2.38050942571605));
#8100=CARTESIAN_POINT('Ctrl Pts',(5.15814461442374,1.7,2.52771915469691));
#8101=CARTESIAN_POINT('Ctrl Pts',(5.07764542851709,1.7,2.67164163056858));
#8102=CARTESIAN_POINT('Ctrl Pts',(5.02346547975444,1.7,2.76850860233603));
#8103=CARTESIAN_POINT('Ctrl Pts',(4.96642508919306,1.7,2.8638858957857));
#8104=CARTESIAN_POINT('Ctrl Pts',(4.90659720138594,1.7,2.95765525255739));
#8105=CARTESIAN_POINT('Ctrl Pts',(4.88801151773867,1.7,2.98678493880646));
#8106=CARTESIAN_POINT('Ctrl Pts',(4.86915677394555,1.7,3.01575939284181));
#8107=CARTESIAN_POINT('Ctrl Pts',(4.85003501895068,1.7,3.044574905597));
#8108=CARTESIAN_POINT('Ctrl Pts',(4.83940154680592,1.7,3.06059900758459));
#8109=CARTESIAN_POINT('Ctrl Pts',(4.82868753423679,1.7,3.07657084753305));
#8110=CARTESIAN_POINT('Ctrl Pts',(4.81789806132954,1.7,3.09248313498941));
#8111=CARTESIAN_POINT('Ctrl Pts',(4.72626406265201,1.7,3.22762472534025));
#8112=CARTESIAN_POINT('Ctrl Pts',(4.62909332950142,1.7,3.35862031877372));
#8113=CARTESIAN_POINT('Ctrl Pts',(4.52670861704713,1.7,3.48516304517903));
#8114=CARTESIAN_POINT('Ctrl Pts',(4.42374009312383,1.7,3.61242733531417));
#8115=CARTESIAN_POINT('Ctrl Pts',(4.31549749884512,1.7,3.73518841757226));
#8116=CARTESIAN_POINT('Ctrl Pts',(4.20226601452323,1.7,3.85310461095929));
#8117=CARTESIAN_POINT('Ctrl Pts',(4.08973707851749,1.7,3.97028918960502));
#8118=CARTESIAN_POINT('Ctrl Pts',(3.97228045419156,1.7,4.0826893289128));
#8119=CARTESIAN_POINT('Ctrl Pts',(3.85014098024566,1.7,4.18993244271855));
#8120=CARTESIAN_POINT('Ctrl Pts',(3.73039278024938,1.7,4.29507592684656));
#8121=CARTESIAN_POINT('Ctrl Pts',(3.60614278106508,1.7,4.39526272098253));
#8122=CARTESIAN_POINT('Ctrl Pts',(3.47759561209399,1.7,4.49009934347181));
#8123=CARTESIAN_POINT('Ctrl Pts',(3.41770076296691,1.7,4.53428721039399));
#8124=CARTESIAN_POINT('Ctrl Pts',(3.35687268424095,1.7,4.57731292918715));
#8125=CARTESIAN_POINT('Ctrl Pts',(3.29513055033349,1.7,4.61913310657519));
#8126=CARTESIAN_POINT('',(-3.29513055033344,1.7,4.61913310657522));
#8127=CARTESIAN_POINT('Origin',(0.,1.7,0.));
#8128=CARTESIAN_POINT('Ctrl Pts',(-3.29207593908552,1.7,4.6191051491613));
#8129=CARTESIAN_POINT('Ctrl Pts',(-3.42669930722056,1.7,4.52706360444536));
#8130=CARTESIAN_POINT('Ctrl Pts',(-3.55727366910872,1.7,4.42937366414433));
#8131=CARTESIAN_POINT('Ctrl Pts',(-3.68350927203922,1.7,4.32640897048902));
#8132=CARTESIAN_POINT('Ctrl Pts',(-3.81071810700479,1.7,4.22265045531253));
#8133=CARTESIAN_POINT('Ctrl Pts',(-3.93352162392014,1.7,4.11353507639693));
#8134=CARTESIAN_POINT('Ctrl Pts',(-4.05159663750814,1.7,3.9993993742374));
#8135=CARTESIAN_POINT('Ctrl Pts',(-4.16938213773762,1.7,3.88554352646412));
#8136=CARTESIAN_POINT('Ctrl Pts',(-4.28246285883666,1.7,3.76669141515382));
#8137=CARTESIAN_POINT('Ctrl Pts',(-4.39048287293885,1.7,3.64313926993439));
#8138=CARTESIAN_POINT('Ctrl Pts',(-4.40595407305117,1.7,3.62544347551255));
#8139=CARTESIAN_POINT('Ctrl Pts',(-4.42132139306289,1.7,3.60765121129041));
#8140=CARTESIAN_POINT('Ctrl Pts',(-4.43658371743115,1.7,3.58976329368894));
#8141=CARTESIAN_POINT('Ctrl Pts',(-4.45270501906632,1.7,3.57086862808492));
#8142=CARTESIAN_POINT('Ctrl Pts',(-4.46870363650346,1.7,3.55187370516292));
#8143=CARTESIAN_POINT('Ctrl Pts',(-4.48457613903596,1.7,3.53278257421404));
#8144=CARTESIAN_POINT('Ctrl Pts',(-4.59024393895623,1.7,3.40568744216239));
#8145=CARTESIAN_POINT('Ctrl Pts',(-4.69035955568786,1.7,3.27429136155432));
#8146=CARTESIAN_POINT('Ctrl Pts',(-4.78460172827726,1.7,3.13893447332719));
#8147=CARTESIAN_POINT('Ctrl Pts',(-4.87833139013279,1.7,3.00431368716788));
#8148=CARTESIAN_POINT('Ctrl Pts',(-4.96625184800314,1.7,2.86577450316465));
#8149=CARTESIAN_POINT('Ctrl Pts',(-5.04800890385633,1.7,2.72361722374602));
#8150=CARTESIAN_POINT('Ctrl Pts',(-5.09400532054808,1.7,2.64363971731959));
#8151=CARTESIAN_POINT('Ctrl Pts',(-5.13805018089341,1.7,2.56251644773813));
#8152=CARTESIAN_POINT('Ctrl Pts',(-5.18007408788826,1.7,2.48029706268671));
#8153=CARTESIAN_POINT('Ctrl Pts',(-5.20223046644006,1.7,2.43694831313518));
#8154=CARTESIAN_POINT('Ctrl Pts',(-5.22382499080687,1.7,2.39329482983617));
#8155=CARTESIAN_POINT('Ctrl Pts',(-5.24484692080374,1.7,2.34934363328048));
#8156=CARTESIAN_POINT('Ctrl Pts',(-5.25529719908395,1.7,2.32749491459368));
#8157=CARTESIAN_POINT('Ctrl Pts',(-5.2656059706737,1.7,2.30557262200451));
#8158=CARTESIAN_POINT('Ctrl Pts',(-5.27577187791435,1.7,2.28357760353222));
#8159=CARTESIAN_POINT('Ctrl Pts',(-5.28394329387173,1.7,2.26589787847935));
#8160=CARTESIAN_POINT('Ctrl Pts',(-5.29201999262762,1.7,2.24817635194674));
#8161=CARTESIAN_POINT('Ctrl Pts',(-5.3,1.7,2.23041679629913));
#8162=CARTESIAN_POINT('Origin',(0.,11.7,0.));
#8163=CARTESIAN_POINT('Origin',(0.,11.7,0.));
#8164=CARTESIAN_POINT('Origin',(0.,10.2,0.));
#8165=CARTESIAN_POINT('Origin',(0.,10.2,0.));
#8166=CARTESIAN_POINT('',(2.44024202875508,10.2,-5.44137400764709));
#8167=CARTESIAN_POINT('Ctrl Pts',(2.44024202875509,10.2,-5.44137400764708));
#8168=CARTESIAN_POINT('Ctrl Pts',(2.59772148661875,10.2,-5.36633309728853));
#8169=CARTESIAN_POINT('Ctrl Pts',(2.75146721850554,10.2,-5.28425896845975));
#8170=CARTESIAN_POINT('Ctrl Pts',(2.9011784418536,10.2,-5.19557754475192));
#8171=CARTESIAN_POINT('Ctrl Pts',(3.04662825110161,10.2,-5.10942036913284));
#8172=CARTESIAN_POINT('Ctrl Pts',(3.18827035828398,10.2,-5.01702587191772));
#8173=CARTESIAN_POINT('Ctrl Pts',(3.3258011016624,10.2,-4.91873727316324));
#8174=CARTESIAN_POINT('Ctrl Pts',(3.43247488412184,10.2,-4.84250110702162));
#8175=CARTESIAN_POINT('Ctrl Pts',(3.5366747492382,10.2,-4.76271797828756));
#8176=CARTESIAN_POINT('Ctrl Pts',(3.63824463333637,10.2,-4.6795319405494));
#8177=CARTESIAN_POINT('Ctrl Pts',(3.67893672653423,10.2,-4.64620499496452));
#8178=CARTESIAN_POINT('Ctrl Pts',(3.71920653800871,10.2,-4.61233172041721));
#8179=CARTESIAN_POINT('Ctrl Pts',(3.75904337784665,10.2,-4.57792083970827));
#8180=CARTESIAN_POINT('Ctrl Pts',(3.78122934975635,10.2,-4.55875669827781));
#8181=CARTESIAN_POINT('Ctrl Pts',(3.8032821841432,10.2,-4.53942466864467));
#8182=CARTESIAN_POINT('Ctrl Pts',(3.82518429769811,10.2,-4.51994049010213));
#8183=CARTESIAN_POINT('Ctrl Pts',(3.95115377767778,10.2,-4.40787770526259));
#8184=CARTESIAN_POINT('Ctrl Pts',(4.07226056719273,10.2,-4.29068266510994));
#8185=CARTESIAN_POINT('Ctrl Pts',(4.18820980707662,10.2,-4.16869934633186));
#8186=CARTESIAN_POINT('Ctrl Pts',(4.30366113061229,10.2,-4.04723985581424));
#8187=CARTESIAN_POINT('Ctrl Pts',(4.41399957358982,10.2,-3.92103255406031));
#8188=CARTESIAN_POINT('Ctrl Pts',(4.51889675128714,10.2,-3.79038206702927));
#8189=CARTESIAN_POINT('Ctrl Pts',(4.59719902614412,10.2,-3.69285579825566));
#8190=CARTESIAN_POINT('Ctrl Pts',(4.67246863666069,10.2,-3.59285296877738));
#8191=CARTESIAN_POINT('Ctrl Pts',(4.7445529730974,10.2,-3.4904903150779));
#8192=CARTESIAN_POINT('Ctrl Pts',(4.76659190983165,10.2,-3.4591941395098));
#8193=CARTESIAN_POINT('Ctrl Pts',(4.78833299563205,10.2,-3.42767732555586));
#8194=CARTESIAN_POINT('Ctrl Pts',(4.80977158427462,10.2,-3.39594308095735));
#8195=CARTESIAN_POINT('Ctrl Pts',(4.82202443600546,10.2,-3.3778059264861));
#8196=CARTESIAN_POINT('Ctrl Pts',(4.83417975437937,10.2,-3.35959580280125));
#8197=CARTESIAN_POINT('Ctrl Pts',(4.84623247789003,10.2,-3.34131964175254));
#8198=CARTESIAN_POINT('Ctrl Pts',(4.93841077823908,10.2,-3.20154497083393));
#8199=CARTESIAN_POINT('Ctrl Pts',(5.02443509133624,10.2,-3.05815056623866));
#8200=CARTESIAN_POINT('Ctrl Pts',(5.10401630826391,10.2,-2.91146009835601));
#8201=CARTESIAN_POINT('Ctrl Pts',(5.17447078216533,10.2,-2.78159277362763));
#8202=CARTESIAN_POINT('Ctrl Pts',(5.23987497009172,10.2,-2.64914127770366));
#8203=CARTESIAN_POINT('Ctrl Pts',(5.29999999999989,10.2,-2.51431109715748));
#8204=CARTESIAN_POINT('',(-2.44024202875512,10.2,-5.44137400764706));
#8205=CARTESIAN_POINT('Origin',(0.,10.2,0.));
#8206=CARTESIAN_POINT('Ctrl Pts',(-5.29935609336354,10.2,-2.51394013790535));
#8207=CARTESIAN_POINT('Ctrl Pts',(-5.23193124153071,10.2,-2.6639766772301));
#8208=CARTESIAN_POINT('Ctrl Pts',(-5.15812783679985,10.2,-2.81092486728989));
#8209=CARTESIAN_POINT('Ctrl Pts',(-5.07831768237687,10.2,-2.95450498026201));
#8210=CARTESIAN_POINT('Ctrl Pts',(-4.99683951897277,10.2,-3.1010858757746));
#8211=CARTESIAN_POINT('Ctrl Pts',(-4.90910058633735,10.2,-3.24415705877348));
#8212=CARTESIAN_POINT('Ctrl Pts',(-4.81544634674178,10.2,-3.38340075791438));
#8213=CARTESIAN_POINT('Ctrl Pts',(-4.72164680912299,10.2,-3.52286048394652));
#8214=CARTESIAN_POINT('Ctrl Pts',(-4.62191311198828,10.2,-3.65848142980279));
#8215=CARTESIAN_POINT('Ctrl Pts',(-4.51654885282032,10.2,-3.78991529967159));
#8216=CARTESIAN_POINT('Ctrl Pts',(-4.44667495370287,10.2,-3.87707765468979));
#8217=CARTESIAN_POINT('Ctrl Pts',(-4.37432392028517,10.2,-3.96239797551354));
#8218=CARTESIAN_POINT('Ctrl Pts',(-4.29957535877754,10.2,-4.04576570295044));
#8219=CARTESIAN_POINT('Ctrl Pts',(-4.28283065570199,10.2,-4.06444121742));
#8220=CARTESIAN_POINT('Ctrl Pts',(-4.26596408030495,10.2,-4.08302028567483));
#8221=CARTESIAN_POINT('Ctrl Pts',(-4.24899193425299,10.2,-4.101485092526));
#8222=CARTESIAN_POINT('Ctrl Pts',(-4.13461765385155,10.2,-4.22591832506402));
#8223=CARTESIAN_POINT('Ctrl Pts',(-4.01530611640429,10.2,-4.34533043999923));
#8224=CARTESIAN_POINT('Ctrl Pts',(-3.89142624801958,10.2,-4.45942333892649));
#8225=CARTESIAN_POINT('Ctrl Pts',(-3.76680829013477,10.2,-4.57419601554349));
#8226=CARTESIAN_POINT('Ctrl Pts',(-3.63756692374813,10.2,-4.68358650030096));
#8227=CARTESIAN_POINT('Ctrl Pts',(-3.50403473564271,10.2,-4.78726155921036));
#8228=CARTESIAN_POINT('Ctrl Pts',(-3.3713990601202,10.2,-4.89024056126511));
#8229=CARTESIAN_POINT('Ctrl Pts',(-3.23452944475553,10.2,-4.98758115190831));
#8230=CARTESIAN_POINT('Ctrl Pts',(-3.09371730024668,10.2,-5.07891916132439));
#8231=CARTESIAN_POINT('Ctrl Pts',(-2.9559258735231,10.2,-5.16829777760377));
#8232=CARTESIAN_POINT('Ctrl Pts',(-2.8143587075201,10.2,-5.25192896857106));
#8233=CARTESIAN_POINT('Ctrl Pts',(-2.66926379628592,10.2,-5.32942884993894));
#8234=CARTESIAN_POINT('Ctrl Pts',(-2.59423280745995,10.2,-5.36950532597429));
#8235=CARTESIAN_POINT('Ctrl Pts',(-2.51825810252841,10.2,-5.40794149353733));
#8236=CARTESIAN_POINT('Ctrl Pts',(-2.44137197157316,10.2,-5.44467912631118));
#8237=CARTESIAN_POINT('Origin',(0.,0.775690620290768,0.));
#8238=CARTESIAN_POINT('Ctrl Pts',(5.30000000000007,9.90336372975399,-2.02590128091159));
#8239=CARTESIAN_POINT('Ctrl Pts',(4.7571986508072,9.9246849852996,-3.44593451640457));
#8240=CARTESIAN_POINT('Ctrl Pts',(2.47566008971324,9.96732749639082,-5.8179915731648));
#8241=CARTESIAN_POINT('Ctrl Pts',(-2.47566008971298,10.0312912630277,-5.81799157316491));
#8242=CARTESIAN_POINT('Ctrl Pts',(-4.75719865080704,10.0739337741189,-3.44593451640479));
#8243=CARTESIAN_POINT('Ctrl Pts',(-5.29999999999998,10.0952550296645,-2.02590128091184));
#8244=CARTESIAN_POINT('Ctrl Pts',(5.29999999999999,9.80474497033551,-2.02590128091182));
#8245=CARTESIAN_POINT('Ctrl Pts',(4.75719865080706,9.82606622588112,-3.44593451640475));
#8246=CARTESIAN_POINT('Ctrl Pts',(2.47568880526681,9.86870873697234,-5.81799965550696));
#8247=CARTESIAN_POINT('Ctrl Pts',(-2.47568880526679,9.93267250360918,-5.81799965550697));
#8248=CARTESIAN_POINT('Ctrl Pts',(-4.75719865080705,9.9753150147004,-3.44593451640477));
#8249=CARTESIAN_POINT('Ctrl Pts',(-5.29999999999998,9.99663627024601,-2.02590128091184));
#8250=CARTESIAN_POINT('Origin',(0.,0.775690620290768,0.));
#8251=CARTESIAN_POINT('Ctrl Pts',(5.30000000000003,9.40336372975399,-2.02590128091171));
#8252=CARTESIAN_POINT('Ctrl Pts',(4.75719865080713,9.4246849852996,-3.44593451640468));
#8253=CARTESIAN_POINT('Ctrl Pts',(2.47569332968304,9.46732749639083,-5.81800091768056));
#8254=CARTESIAN_POINT('Ctrl Pts',(-2.47569332968294,9.53129126302765,-5.8180009176806));
#8255=CARTESIAN_POINT('Ctrl Pts',(-4.75719865080707,9.57393377411888,-3.44593451640476));
#8256=CARTESIAN_POINT('Ctrl Pts',(-5.29999999999999,9.59525502966449,-2.0259012809118));
#8257=CARTESIAN_POINT('Ctrl Pts',(5.3,9.30474497033551,-2.02590128091178));
#8258=CARTESIAN_POINT('Ctrl Pts',(4.75719865080709,9.32606622588112,-3.44593451640472));
#8259=CARTESIAN_POINT('Ctrl Pts',(2.47572301280096,9.36870873697235,-5.81800912348114));
#8260=CARTESIAN_POINT('Ctrl Pts',(-2.47572301280095,9.43267250360917,-5.81800912348115));
#8261=CARTESIAN_POINT('Ctrl Pts',(-4.75719865080708,9.4753150147004,-3.44593451640473));
#8262=CARTESIAN_POINT('Ctrl Pts',(-5.29999999999999,9.49663627024601,-2.0259012809118));
#8263=CARTESIAN_POINT('Origin',(0.,0.775690620290768,0.));
#8264=CARTESIAN_POINT('Ctrl Pts',(5.30000000000007,8.90336372975399,-2.0259012809116));
#8265=CARTESIAN_POINT('Ctrl Pts',(4.7571986508072,8.9246849852996,-3.44593451640458));
#8266=CARTESIAN_POINT('Ctrl Pts',(2.47572769095356,8.96732749639082,-5.81801040500821));
#8267=CARTESIAN_POINT('Ctrl Pts',(-2.47572769095331,9.03129126302766,-5.81801040500832));
#8268=CARTESIAN_POINT('Ctrl Pts',(-4.75719865080705,9.07393377411888,-3.44593451640479));
#8269=CARTESIAN_POINT('Ctrl Pts',(-5.29999999999998,9.09525502966449,-2.02590128091183));
#8270=CARTESIAN_POINT('Ctrl Pts',(5.30000000000001,8.80474497033551,-2.02590128091175));
#8271=CARTESIAN_POINT('Ctrl Pts',(4.7571986508071,8.82606622588112,-3.44593451640471));
#8272=CARTESIAN_POINT('Ctrl Pts',(2.47575839137612,8.86870873697234,-5.81801873711778));
#8273=CARTESIAN_POINT('Ctrl Pts',(-2.47575839137611,8.93267250360918,-5.81801873711779));
#8274=CARTESIAN_POINT('Ctrl Pts',(-4.75719865080709,8.9753150147004,-3.44593451640472));
#8275=CARTESIAN_POINT('Ctrl Pts',(-5.30000000000001,8.99663627024601,-2.02590128091176));
#8276=CARTESIAN_POINT('Origin',(0.,0.775690620290768,0.));
#8277=CARTESIAN_POINT('Ctrl Pts',(5.30000000000011,8.40336372975398,-2.02590128091149));
#8278=CARTESIAN_POINT('Ctrl Pts',(4.75719865080727,8.4246849852996,-3.44593451640448));
#8279=CARTESIAN_POINT('Ctrl Pts',(2.47576323123611,8.46732749639082,-5.8180200384469));
#8280=CARTESIAN_POINT('Ctrl Pts',(-2.47576323123569,8.53129126302765,-5.81802003844708));
#8281=CARTESIAN_POINT('Ctrl Pts',(-4.75719865080702,8.57393377411888,-3.44593451640482));
#8282=CARTESIAN_POINT('Ctrl Pts',(-5.29999999999997,8.59525502966449,-2.02590128091187));
#8283=CARTESIAN_POINT('Ctrl Pts',(5.30000000000006,8.30474497033551,-2.02590128091164));
#8284=CARTESIAN_POINT('Ctrl Pts',(4.75719865080717,8.32606622588112,-3.44593451640461));
#8285=CARTESIAN_POINT('Ctrl Pts',(2.47579500217273,8.36870873697234,-5.81802849980438));
#8286=CARTESIAN_POINT('Ctrl Pts',(-2.47579500217248,8.43267250360917,-5.81802849980449));
#8287=CARTESIAN_POINT('Ctrl Pts',(-4.75719865080702,8.4753150147004,-3.44593451640482));
#8288=CARTESIAN_POINT('Ctrl Pts',(-5.29999999999997,8.49663627024601,-2.02590128091187));
#8289=CARTESIAN_POINT('Origin',(0.,0.775690620290768,0.));
#8290=CARTESIAN_POINT('Ctrl Pts',(5.3000000000001,7.90336372975398,-2.02590128091152));
#8291=CARTESIAN_POINT('Ctrl Pts',(4.75719865080723,7.9246849852996,-3.44593451640454));
#8292=CARTESIAN_POINT('Ctrl Pts',(2.47580001227154,7.96732749639082,-5.81802982139821));
#8293=CARTESIAN_POINT('Ctrl Pts',(-2.47580001227129,8.03129126302766,-5.81802982139831));
#8294=CARTESIAN_POINT('Ctrl Pts',(-4.75719865080709,8.07393377411888,-3.44593451640474));
#8295=CARTESIAN_POINT('Ctrl Pts',(-5.30000000000001,8.09525502966449,-2.02590128091176));
#8296=CARTESIAN_POINT('Ctrl Pts',(5.30000000000004,7.80474497033551,-2.02590128091168));
#8297=CARTESIAN_POINT('Ctrl Pts',(4.75719865080715,7.82606622588112,-3.44593451640465));
#8298=CARTESIAN_POINT('Ctrl Pts',(2.47583291070813,7.86870873697235,-5.81803841503447));
#8299=CARTESIAN_POINT('Ctrl Pts',(-2.47583291070804,7.93267250360917,-5.8180384150345));
#8300=CARTESIAN_POINT('Ctrl Pts',(-4.75719865080709,7.9753150147004,-3.44593451640472));
#8301=CARTESIAN_POINT('Ctrl Pts',(-5.30000000000001,7.99663627024601,-2.02590128091176));
#8302=CARTESIAN_POINT('Origin',(0.,0.775690620290768,0.));
#8303=CARTESIAN_POINT('Ctrl Pts',(5.30000000000008,7.40336372975399,-2.02590128091156));
#8304=CARTESIAN_POINT('Ctrl Pts',(4.75719865080722,7.4246849852996,-3.44593451640455));
#8305=CARTESIAN_POINT('Ctrl Pts',(2.47583810018864,7.46732749639082,-5.81803975736993));
#8306=CARTESIAN_POINT('Ctrl Pts',(-2.47583810018839,7.53129126302766,-5.81803975737005));
#8307=CARTESIAN_POINT('Ctrl Pts',(-4.75719865080707,7.57393377411888,-3.44593451640475));
#8308=CARTESIAN_POINT('Ctrl Pts',(-5.3,7.59525502966449,-2.02590128091179));
#8309=CARTESIAN_POINT('Ctrl Pts',(5.30000000000003,7.30474497033551,-2.02590128091171));
#8310=CARTESIAN_POINT('Ctrl Pts',(4.75719865080712,7.32606622588112,-3.44593451640468));
#8311=CARTESIAN_POINT('Ctrl Pts',(2.47587218722875,7.36870873697234,-5.81804848641132));
#8312=CARTESIAN_POINT('Ctrl Pts',(-2.47587218722867,7.43267250360918,-5.81804848641136));
#8313=CARTESIAN_POINT('Ctrl Pts',(-4.75719865080707,7.4753150147004,-3.44593451640475));
#8314=CARTESIAN_POINT('Ctrl Pts',(-5.3,7.49663627024601,-2.02590128091179));
#8315=CARTESIAN_POINT('Origin',(0.,0.775690620290768,0.));
#8316=CARTESIAN_POINT('Ctrl Pts',(5.3000000000001,6.90336372975398,-2.02590128091153));
#8317=CARTESIAN_POINT('Ctrl Pts',(4.75719865080724,6.9246849852996,-3.44593451640451));
#8318=CARTESIAN_POINT('Ctrl Pts',(2.47587756590019,6.96732749639082,-5.81804984998061));
#8319=CARTESIAN_POINT('Ctrl Pts',(-2.47587756589986,7.03129126302766,-5.81804984998076));
#8320=CARTESIAN_POINT('Ctrl Pts',(-4.75719865080705,7.07393377411888,-3.44593451640478));
#8321=CARTESIAN_POINT('Ctrl Pts',(-5.29999999999998,7.09525502966449,-2.02590128091183));
#8322=CARTESIAN_POINT('Ctrl Pts',(5.30000000000004,6.80474497033551,-2.02590128091168));
#8323=CARTESIAN_POINT('Ctrl Pts',(4.75719865080714,6.82606622588112,-3.44593451640465));
#8324=CARTESIAN_POINT('Ctrl Pts',(2.47591290714388,6.86870873697234,-5.81805871765282));
#8325=CARTESIAN_POINT('Ctrl Pts',(-2.47591290714379,6.93267250360917,-5.81805871765286));
#8326=CARTESIAN_POINT('Ctrl Pts',(-4.7571986508071,6.9753150147004,-3.44593451640472));
#8327=CARTESIAN_POINT('Ctrl Pts',(-5.30000000000001,6.99663627024601,-2.02590128091175));
#8328=CARTESIAN_POINT('Origin',(0.,0.775690620290768,0.));
#8329=CARTESIAN_POINT('Ctrl Pts',(5.30000000000014,6.40336372975398,-2.02590128091142));
#8330=CARTESIAN_POINT('Ctrl Pts',(4.75719865080731,6.4246849852996,-3.44593451640444));
#8331=CARTESIAN_POINT('Ctrl Pts',(2.47591848554391,6.46732749639082,-5.81806010296378));
#8332=CARTESIAN_POINT('Ctrl Pts',(-2.4759184855435,6.53129126302766,-5.81806010296395));
#8333=CARTESIAN_POINT('Ctrl Pts',(-4.75719865080706,6.57393377411888,-3.44593451640477));
#8334=CARTESIAN_POINT('Ctrl Pts',(-5.3,6.59525502966449,-2.02590128091179));
#8335=CARTESIAN_POINT('Ctrl Pts',(5.30000000000008,6.30474497033551,-2.02590128091157));
#8336=CARTESIAN_POINT('Ctrl Pts',(4.75719865080722,6.32606622588112,-3.44593451640455));
#8337=CARTESIAN_POINT('Ctrl Pts',(2.47595515150907,6.36870873697234,-5.81806911259569));
#8338=CARTESIAN_POINT('Ctrl Pts',(-2.47595515150874,6.43267250360918,-5.81806911259582));
#8339=CARTESIAN_POINT('Ctrl Pts',(-4.75719865080702,6.4753150147004,-3.44593451640482));
#8340=CARTESIAN_POINT('Ctrl Pts',(-5.29999999999997,6.49663627024601,-2.02590128091186));
#8341=CARTESIAN_POINT('Origin',(0.,0.775690620290768,0.));
#8342=CARTESIAN_POINT('Ctrl Pts',(5.30000000000013,5.90336372975398,-2.02590128091145));
#8343=CARTESIAN_POINT('Ctrl Pts',(4.75719865080728,5.9246849852996,-3.44593451640447));
#8344=CARTESIAN_POINT('Ctrl Pts',(2.47596094097252,5.96732749639082,-5.81807052017256));
#8345=CARTESIAN_POINT('Ctrl Pts',(-2.4759609409722,6.03129126302766,-5.8180705201727));
#8346=CARTESIAN_POINT('Ctrl Pts',(-4.75719865080709,6.07393377411888,-3.44593451640474));
#8347=CARTESIAN_POINT('Ctrl Pts',(-5.30000000000001,6.09525502966449,-2.02590128091175));
#8348=CARTESIAN_POINT('Ctrl Pts',(5.30000000000007,5.80474497033551,-2.02590128091161));
#8349=CARTESIAN_POINT('Ctrl Pts',(4.75719865080719,5.82606622588112,-3.44593451640458));
#8350=CARTESIAN_POINT('Ctrl Pts',(2.47599900756437,5.86870873697235,-5.81807967520061));
#8351=CARTESIAN_POINT('Ctrl Pts',(-2.47599900756421,5.93267250360917,-5.81807967520069));
#8352=CARTESIAN_POINT('Ctrl Pts',(-4.7571986508071,5.9753150147004,-3.44593451640471));
#8353=CARTESIAN_POINT('Ctrl Pts',(-5.30000000000001,5.99663627024601,-2.02590128091175));
#8354=CARTESIAN_POINT('Origin',(0.,0.775690620290768,0.));
#8355=CARTESIAN_POINT('Ctrl Pts',(5.30000000000011,5.40336372975398,-2.02590128091149));
#8356=CARTESIAN_POINT('Ctrl Pts',(4.75719865080726,5.4246849852996,-3.4459345164045));
#8357=CARTESIAN_POINT('Ctrl Pts',(2.47600502030072,5.46732749639082,-5.81808110558447));
#8358=CARTESIAN_POINT('Ctrl Pts',(-2.4760050203004,5.53129126302765,-5.8180811055846));
#8359=CARTESIAN_POINT('Ctrl Pts',(-4.75719865080707,5.57393377411888,-3.44593451640476));
#8360=CARTESIAN_POINT('Ctrl Pts',(-5.3,5.59525502966449,-2.02590128091179));
#8361=CARTESIAN_POINT('Ctrl Pts',(5.30000000000007,5.30474497033551,-2.02590128091161));
#8362=CARTESIAN_POINT('Ctrl Pts',(4.75719865080719,5.32606622588112,-3.4459345164046));
#8363=CARTESIAN_POINT('Ctrl Pts',(2.47604456933649,5.36870873697234,-5.81809040955685));
#8364=CARTESIAN_POINT('Ctrl Pts',(-2.47604456933637,5.43267250360918,-5.81809040955689));
#8365=CARTESIAN_POINT('Ctrl Pts',(-4.75719865080712,5.4753150147004,-3.44593451640469));
#8366=CARTESIAN_POINT('Ctrl Pts',(-5.30000000000003,5.49663627024601,-2.02590128091171));
#8367=CARTESIAN_POINT('Origin',(0.,0.775690620290768,0.));
#8368=CARTESIAN_POINT('Ctrl Pts',(5.30000000000011,4.90336372975398,-2.02590128091149));
#8369=CARTESIAN_POINT('Ctrl Pts',(4.75719865080726,4.9246849852996,-3.4459345164045));
#8370=CARTESIAN_POINT('Ctrl Pts',(2.47605081851516,4.96732749639082,-5.81809186330653));
#8371=CARTESIAN_POINT('Ctrl Pts',(-2.4760508185148,5.03129126302765,-5.81809186330668));
#8372=CARTESIAN_POINT('Ctrl Pts',(-4.75719865080705,5.07393377411888,-3.44593451640479));
#8373=CARTESIAN_POINT('Ctrl Pts',(-5.29999999999998,5.09525502966449,-2.02590128091182));
#8374=CARTESIAN_POINT('Ctrl Pts',(5.30000000000008,4.80474497033551,-2.02590128091157));
#8375=CARTESIAN_POINT('Ctrl Pts',(4.75719865080721,4.82606622588112,-3.44593451640456));
#8376=CARTESIAN_POINT('Ctrl Pts',(2.47609193831103,4.86870873697234,-5.81810131988782));
#8377=CARTESIAN_POINT('Ctrl Pts',(-2.47609193831083,4.93267250360918,-5.81810131988791));
#8378=CARTESIAN_POINT('Ctrl Pts',(-4.7571986508071,4.9753150147004,-3.44593451640472));
#8379=CARTESIAN_POINT('Ctrl Pts',(-5.30000000000001,4.99663627024601,-2.02590128091175));
#8380=CARTESIAN_POINT('Origin',(0.,0.775690620290768,0.));
#8381=CARTESIAN_POINT('Ctrl Pts',(5.30000000000011,4.40336372975398,-2.0259012809115));
#8382=CARTESIAN_POINT('Ctrl Pts',(4.75719865080726,4.4246849852996,-3.4459345164045));
#8383=CARTESIAN_POINT('Ctrl Pts',(2.47609843815782,4.46732749639082,-5.81810279758063));
#8384=CARTESIAN_POINT('Ctrl Pts',(-2.4760984381575,4.53129126302765,-5.81810279758076));
#8385=CARTESIAN_POINT('Ctrl Pts',(-4.75719865080707,4.57393377411888,-3.44593451640476));
#8386=CARTESIAN_POINT('Ctrl Pts',(-5.3,4.59525502966449,-2.02590128091178));
#8387=CARTESIAN_POINT('Ctrl Pts',(5.30000000000007,4.30474497033551,-2.02590128091161));
#8388=CARTESIAN_POINT('Ctrl Pts',(4.75719865080718,4.32606622588112,-3.4459345164046));
#8389=CARTESIAN_POINT('Ctrl Pts',(2.47614122418716,4.36870873697234,-5.81811241055665));
#8390=CARTESIAN_POINT('Ctrl Pts',(-2.47614122418705,4.43267250360918,-5.81811241055669));
#8391=CARTESIAN_POINT('Ctrl Pts',(-4.75719865080712,4.4753150147004,-3.44593451640469));
#8392=CARTESIAN_POINT('Ctrl Pts',(-5.30000000000003,4.49663627024601,-2.02590128091171));
#8393=CARTESIAN_POINT('Origin',(0.,0.775690620290768,0.));
#8394=CARTESIAN_POINT('Ctrl Pts',(5.30000000000012,3.90336372975398,-2.02590128091146));
#8395=CARTESIAN_POINT('Ctrl Pts',(4.75719865080728,3.9246849852996,-3.44593451640448));
#8396=CARTESIAN_POINT('Ctrl Pts',(2.47614799009262,3.96732749639082,-5.81811391278895));
#8397=CARTESIAN_POINT('Ctrl Pts',(-2.47614799009226,4.03129126302765,-5.8181139127891));
#8398=CARTESIAN_POINT('Ctrl Pts',(-4.75719865080707,4.07393377411888,-3.44593451640477));
#8399=CARTESIAN_POINT('Ctrl Pts',(-5.3,4.09525502966449,-2.02590128091178));
#8400=CARTESIAN_POINT('Ctrl Pts',(5.30000000000008,3.80474497033551,-2.02590128091157));
#8401=CARTESIAN_POINT('Ctrl Pts',(4.75719865080721,3.82606622588112,-3.44593451640457));
#8402=CARTESIAN_POINT('Ctrl Pts',(2.47619254572621,3.86870873697234,-5.81812368607176));
#8403=CARTESIAN_POINT('Ctrl Pts',(-2.47619254572602,3.93267250360917,-5.81812368607183));
#8404=CARTESIAN_POINT('Ctrl Pts',(-4.7571986508071,3.9753150147004,-3.44593451640472));
#8405=CARTESIAN_POINT('Ctrl Pts',(-5.30000000000001,3.99663627024601,-2.02590128091175));
#8406=CARTESIAN_POINT('Origin',(0.,0.775690620290768,0.));
#8407=CARTESIAN_POINT('Ctrl Pts',(5.30000000000011,3.40336372975398,-2.0259012809115));
#8408=CARTESIAN_POINT('Ctrl Pts',(4.75719865080726,3.4246849852996,-3.4459345164045));
#8409=CARTESIAN_POINT('Ctrl Pts',(2.47619959436681,3.46732749639082,-5.81812521345999));
#8410=CARTESIAN_POINT('Ctrl Pts',(-2.4761995943665,3.53129126302766,-5.81812521346013));
#8411=CARTESIAN_POINT('Ctrl Pts',(-4.75719865080707,3.57393377411888,-3.44593451640475));
#8412=CARTESIAN_POINT('Ctrl Pts',(-5.3,3.59525502966449,-2.02590128091178));
#8413=CARTESIAN_POINT('Ctrl Pts',(5.30000000000006,3.30474497033551,-2.02590128091161));
#8414=CARTESIAN_POINT('Ctrl Pts',(4.75719865080719,3.32606622588112,-3.44593451640459));
#8415=CARTESIAN_POINT('Ctrl Pts',(2.4762460317065,3.36870873697234,-5.81813515109322));
#8416=CARTESIAN_POINT('Ctrl Pts',(-2.47624603170632,3.43267250360918,-5.81813515109331));
#8417=CARTESIAN_POINT('Ctrl Pts',(-4.75719865080708,3.4753150147004,-3.44593451640474));
#8418=CARTESIAN_POINT('Ctrl Pts',(-5.3,3.49663627024601,-2.02590128091178));
#8419=CARTESIAN_POINT('Origin',(0.,0.775690620290768,0.));
#8420=CARTESIAN_POINT('Ctrl Pts',(5.30000000000012,2.90336372975398,-2.02590128091146));
#8421=CARTESIAN_POINT('Ctrl Pts',(4.75719865080728,2.9246849852996,-3.44593451640447));
#8422=CARTESIAN_POINT('Ctrl Pts',(2.4762533811824,2.96732749639082,-5.81813670427458));
#8423=CARTESIAN_POINT('Ctrl Pts',(-2.47625338118205,3.03129126302765,-5.81813670427472));
#8424=CARTESIAN_POINT('Ctrl Pts',(-4.75719865080707,3.07393377411888,-3.44593451640476));
#8425=CARTESIAN_POINT('Ctrl Pts',(-5.3,3.09525502966449,-2.02590128091178));
#8426=CARTESIAN_POINT('Ctrl Pts',(5.30000000000007,2.80474497033551,-2.02590128091159));
#8427=CARTESIAN_POINT('Ctrl Pts',(4.7571986508072,2.82606622588112,-3.44593451640458));
#8428=CARTESIAN_POINT('Ctrl Pts',(2.47630182200283,2.86870873697234,-5.81814681043904));
#8429=CARTESIAN_POINT('Ctrl Pts',(-2.47630182200262,2.93267250360918,-5.81814681043914));
#8430=CARTESIAN_POINT('Ctrl Pts',(-4.75719865080708,2.9753150147004,-3.44593451640475));
#8431=CARTESIAN_POINT('Ctrl Pts',(-5.3,2.99663627024601,-2.02590128091178));
#8432=CARTESIAN_POINT('Origin',(0.,0.775690620290768,0.));
#8433=CARTESIAN_POINT('Ctrl Pts',(-3.29207593908553,1.7,4.6191051491613));
#8434=CARTESIAN_POINT('Ctrl Pts',(-2.92406101179239,1.70636344007965,4.88406054192444));
#8435=CARTESIAN_POINT('Ctrl Pts',(-1.20704920479063,1.73375433173023,5.83534939666568));
#8436=CARTESIAN_POINT('Ctrl Pts',(2.532943472185,1.78217267495172,5.77320660507975));
#8437=CARTESIAN_POINT('Ctrl Pts',(4.76467837888961,1.82422757809357,3.426366653345));
#8438=CARTESIAN_POINT('Ctrl Pts',(5.3,1.84525502966449,2.02590128091179));
#8439=CARTESIAN_POINT('Ctrl Pts',(3.29513055033346,1.7,4.61913310657521));
#8440=CARTESIAN_POINT('Ctrl Pts',(4.1974761333048,1.71554542341534,3.97543082980495));
#8441=CARTESIAN_POINT('Ctrl Pts',(4.90424109238929,1.73109084683067,3.06125390648136));
#8442=CARTESIAN_POINT('Ctrl Pts',(5.30000000000001,1.74663627024601,2.02590128091176));
#8443=CARTESIAN_POINT('Origin',(0.,0.775690620290768,0.));
#8444=CARTESIAN_POINT('Ctrl Pts',(5.30000000000011,1.90336372975398,-2.02590128091149));
#8445=CARTESIAN_POINT('Ctrl Pts',(4.75719865080726,1.9246849852996,-3.4459345164045));
#8446=CARTESIAN_POINT('Ctrl Pts',(2.47636808074424,1.96732749639082,-5.81816027585893));
#8447=CARTESIAN_POINT('Ctrl Pts',(-2.4763680807439,2.03129126302765,-5.81816027585907));
#8448=CARTESIAN_POINT('Ctrl Pts',(-4.75719865080706,2.07393377411888,-3.44593451640477));
#8449=CARTESIAN_POINT('Ctrl Pts',(-5.29999999999999,2.09525502966449,-2.0259012809118));
#8450=CARTESIAN_POINT('Ctrl Pts',(5.30000000000006,1.80474497033551,-2.02590128091163));
#8451=CARTESIAN_POINT('Ctrl Pts',(4.75719865080718,1.82606622588112,-3.44593451640461));
#8452=CARTESIAN_POINT('Ctrl Pts',(2.476420938017,1.86870873697234,-5.8181707322065));
#8453=CARTESIAN_POINT('Ctrl Pts',(-2.47642093801685,1.93267250360918,-5.81817073220656));
#8454=CARTESIAN_POINT('Ctrl Pts',(-4.75719865080709,1.9753150147004,-3.44593451640473));
#8455=CARTESIAN_POINT('Ctrl Pts',(-5.30000000000001,1.99663627024601,-2.02590128091176));
#8456=CARTESIAN_POINT('Origin',(0.,0.775690620290768,0.));
#8457=CARTESIAN_POINT('Ctrl Pts',(5.30000000000011,2.40336372975398,-2.02590128091148));
#8458=CARTESIAN_POINT('Ctrl Pts',(4.75719865080726,2.4246849852996,-3.44593451640449));
#8459=CARTESIAN_POINT('Ctrl Pts',(2.47630949199256,2.46732749639082,-5.81814839007244));
#8460=CARTESIAN_POINT('Ctrl Pts',(-2.47630949199224,2.53129126302766,-5.81814839007258));
#8461=CARTESIAN_POINT('Ctrl Pts',(-4.75719865080707,2.57393377411888,-3.44593451640476));
#8462=CARTESIAN_POINT('Ctrl Pts',(-5.3,2.59525502966449,-2.02590128091178));
#8463=CARTESIAN_POINT('Ctrl Pts',(5.30000000000006,2.30474497033551,-2.02590128091161));
#8464=CARTESIAN_POINT('Ctrl Pts',(4.75719865080718,2.32606622588112,-3.4459345164046));
#8465=CARTESIAN_POINT('Ctrl Pts',(2.47636006880748,2.36870873697234,-5.81815866909197));
#8466=CARTESIAN_POINT('Ctrl Pts',(-2.47636006880735,2.43267250360918,-5.81815866909203));
#8467=CARTESIAN_POINT('Ctrl Pts',(-4.7571986508071,2.4753150147004,-3.44593451640471));
#8468=CARTESIAN_POINT('Ctrl Pts',(-5.30000000000002,2.49663627024601,-2.02590128091174));
#8469=CARTESIAN_POINT('Origin',(0.,0.775690620290768,0.));
#8470=CARTESIAN_POINT('',(3.29513055033344,10.2,4.61913310657522));
#8471=CARTESIAN_POINT('Ctrl Pts',(-5.30000000000004,10.0547449703355,2.02590128091169));
#8472=CARTESIAN_POINT('Ctrl Pts',(-4.76467837888975,10.0757724219064,3.42636665334472));
#8473=CARTESIAN_POINT('Ctrl Pts',(-2.53226221349607,10.1178273250483,5.77304643965084));
#8474=CARTESIAN_POINT('Ctrl Pts',(1.20668904724434,10.1662456682698,5.83517192732332));
#8475=CARTESIAN_POINT('Ctrl Pts',(2.92378200637122,10.1936365599203,4.88395716635299));
#8476=CARTESIAN_POINT('Ctrl Pts',(3.29183165448507,10.2,4.61901961237506));
#8477=CARTESIAN_POINT('',(-3.29513055033345,10.2,4.61913310657521));
#8478=CARTESIAN_POINT('Origin',(0.,10.2,0.));
#8479=CARTESIAN_POINT('Ctrl Pts',(-5.30000000000006,10.153363729754,2.02590128091161));
#8480=CARTESIAN_POINT('Ctrl Pts',(-4.90424109238936,10.1689091531693,3.06125390648128));
#8481=CARTESIAN_POINT('Ctrl Pts',(-4.19747613330483,10.1844545765847,3.97543082980493));
#8482=CARTESIAN_POINT('Ctrl Pts',(-3.29513055033345,10.2,4.61913310657521));
#8483=CARTESIAN_POINT('Origin',(0.,0.775690620290768,0.));
#8484=CARTESIAN_POINT('Ctrl Pts',(-5.29999999999999,9.55474497033551,2.0259012809118));
#8485=CARTESIAN_POINT('Ctrl Pts',(-4.75719865080707,9.57606622588112,3.44593451640474));
#8486=CARTESIAN_POINT('Ctrl Pts',(-2.47570576631799,9.61870873697235,5.81800437149395));
#8487=CARTESIAN_POINT('Ctrl Pts',(2.47570576631801,9.68267250360917,5.81800437149394));
#8488=CARTESIAN_POINT('Ctrl Pts',(4.75719865080709,9.7253150147004,3.44593451640471));
#8489=CARTESIAN_POINT('Ctrl Pts',(5.3,9.74663627024601,2.02590128091178));
#8490=CARTESIAN_POINT('Ctrl Pts',(-5.30000000000005,9.65336372975399,2.02590128091165));
#8491=CARTESIAN_POINT('Ctrl Pts',(-4.75719865080716,9.6746849852996,3.44593451640463));
#8492=CARTESIAN_POINT('Ctrl Pts',(-2.47567657299421,9.71732749639082,5.81799622777348));
#8493=CARTESIAN_POINT('Ctrl Pts',(2.47567657299399,9.78129126302766,5.81799622777356));
#8494=CARTESIAN_POINT('Ctrl Pts',(4.75719865080703,9.82393377411888,3.44593451640481));
#8495=CARTESIAN_POINT('Ctrl Pts',(5.29999999999997,9.84525502966449,2.02590128091185));
#8496=CARTESIAN_POINT('Origin',(0.,0.775690620290768,0.));
#8497=CARTESIAN_POINT('Ctrl Pts',(-5.30000000000001,9.05474497033551,2.02590128091177));
#8498=CARTESIAN_POINT('Ctrl Pts',(-4.75719865080709,9.07606622588112,3.44593451640473));
#8499=CARTESIAN_POINT('Ctrl Pts',(-2.47574055198197,9.11870873697235,5.81801391188237));
#8500=CARTESIAN_POINT('Ctrl Pts',(2.475740551982,9.18267250360918,5.81801391188236));
#8501=CARTESIAN_POINT('Ctrl Pts',(4.7571986508071,9.2253150147004,3.4459345164047));
#8502=CARTESIAN_POINT('Ctrl Pts',(5.30000000000002,9.24663627024601,2.02590128091174));
#8503=CARTESIAN_POINT('Ctrl Pts',(-5.30000000000009,9.15336372975398,2.02590128091154));
#8504=CARTESIAN_POINT('Ctrl Pts',(-4.75719865080722,9.1746849852996,3.44593451640455));
#8505=CARTESIAN_POINT('Ctrl Pts',(-2.47571036663932,9.21732749639082,5.81800564328905));
#8506=CARTESIAN_POINT('Ctrl Pts',(2.4757103666391,9.28129126302766,5.81800564328914));
#8507=CARTESIAN_POINT('Ctrl Pts',(4.7571986508071,9.32393377411888,3.44593451640473));
#8508=CARTESIAN_POINT('Ctrl Pts',(5.30000000000002,9.34525502966449,2.02590128091174));
#8509=CARTESIAN_POINT('Origin',(0.,0.775690620290768,0.));
#8510=CARTESIAN_POINT('Ctrl Pts',(-5.30000000000002,8.55474497033551,2.02590128091173));
#8511=CARTESIAN_POINT('Ctrl Pts',(-4.75719865080711,8.57606622588112,3.4459345164047));
#8512=CARTESIAN_POINT('Ctrl Pts',(-2.47577653875791,8.61870873697234,5.81802359961404));
#8513=CARTESIAN_POINT('Ctrl Pts',(2.47577653875786,8.68267250360917,5.81802359961406));
#8514=CARTESIAN_POINT('Ctrl Pts',(4.75719865080708,8.7253150147004,3.44593451640474));
#8515=CARTESIAN_POINT('Ctrl Pts',(5.3,8.74663627024601,2.02590128091178));
#8516=CARTESIAN_POINT('Ctrl Pts',(-5.30000000000008,8.65336372975399,2.02590128091158));
#8517=CARTESIAN_POINT('Ctrl Pts',(-4.75719865080721,8.6746849852996,3.44593451640456));
#8518=CARTESIAN_POINT('Ctrl Pts',(-2.47574530995793,8.71732749639082,5.81801520325356));
#8519=CARTESIAN_POINT('Ctrl Pts',(2.47574530995771,8.78129126302765,5.81801520325365));
#8520=CARTESIAN_POINT('Ctrl Pts',(4.75719865080708,8.82393377411888,3.44593451640474));
#8521=CARTESIAN_POINT('Ctrl Pts',(5.3,8.84525502966449,2.02590128091178));
#8522=CARTESIAN_POINT('Origin',(0.,0.775690620290768,0.));
#8523=CARTESIAN_POINT('Ctrl Pts',(-5.30000000000006,8.05474497033551,2.02590128091162));
#8524=CARTESIAN_POINT('Ctrl Pts',(-4.75719865080718,8.07606622588112,3.44593451640459));
#8525=CARTESIAN_POINT('Ctrl Pts',(-2.47581378994838,8.11870873697234,5.81803343812893));
#8526=CARTESIAN_POINT('Ctrl Pts',(2.47581378994825,8.18267250360918,5.81803343812899));
#8527=CARTESIAN_POINT('Ctrl Pts',(4.75719865080711,8.2253150147004,3.4459345164047));
#8528=CARTESIAN_POINT('Ctrl Pts',(5.30000000000002,8.24663627024601,2.02590128091174));
#8529=CARTESIAN_POINT('Ctrl Pts',(-5.30000000000012,8.15336372975398,2.02590128091147));
#8530=CARTESIAN_POINT('Ctrl Pts',(-4.75719865080727,8.1746849852996,3.44593451640448));
#8531=CARTESIAN_POINT('Ctrl Pts',(-2.47578146263397,8.21732749639082,5.81802491101678));
#8532=CARTESIAN_POINT('Ctrl Pts',(2.47578146263359,8.28129126302765,5.81802491101693));
#8533=CARTESIAN_POINT('Ctrl Pts',(4.75719865080705,8.32393377411888,3.44593451640479));
#8534=CARTESIAN_POINT('Ctrl Pts',(5.29999999999999,8.34525502966449,2.02590128091181));
#8535=CARTESIAN_POINT('Origin',(0.,0.775690620290768,0.));
#8536=CARTESIAN_POINT('Ctrl Pts',(-5.30000000000008,7.55474497033551,2.02590128091158));
#8537=CARTESIAN_POINT('Ctrl Pts',(-4.75719865080721,7.57606622588112,3.44593451640456));
#8538=CARTESIAN_POINT('Ctrl Pts',(-2.47585237338372,7.61870873697234,5.81804343097489));
#8539=CARTESIAN_POINT('Ctrl Pts',(2.47585237338351,7.68267250360918,5.81804343097498));
#8540=CARTESIAN_POINT('Ctrl Pts',(4.75719865080708,7.7253150147004,3.44593451640473));
#8541=CARTESIAN_POINT('Ctrl Pts',(5.3,7.74663627024601,2.02590128091177));
#8542=CARTESIAN_POINT('Ctrl Pts',(-5.30000000000013,7.65336372975398,2.02590128091143));
#8543=CARTESIAN_POINT('Ctrl Pts',(-4.7571986508073,7.6746849852996,3.44593451640445));
#8544=CARTESIAN_POINT('Ctrl Pts',(-2.47581888855501,7.71732749639083,5.81803477003296));
#8545=CARTESIAN_POINT('Ctrl Pts',(2.47581888855455,7.78129126302765,5.81803477003315));
#8546=CARTESIAN_POINT('Ctrl Pts',(4.75719865080702,7.82393377411888,3.44593451640483));
#8547=CARTESIAN_POINT('Ctrl Pts',(5.29999999999997,7.84525502966449,2.02590128091185));
#8548=CARTESIAN_POINT('Origin',(0.,0.775690620290768,0.));
#8549=CARTESIAN_POINT('Ctrl Pts',(-5.30000000000009,7.05474497033551,2.02590128091155));
#8550=CARTESIAN_POINT('Ctrl Pts',(-4.75719865080723,7.07606622588112,3.44593451640453));
#8551=CARTESIAN_POINT('Ctrl Pts',(-2.47589236183453,7.11870873697234,5.81805358181201));
#8552=CARTESIAN_POINT('Ctrl Pts',(2.47589236183424,7.18267250360918,5.81805358181212));
#8553=CARTESIAN_POINT('Ctrl Pts',(4.75719865080706,7.2253150147004,3.44593451640477));
#8554=CARTESIAN_POINT('Ctrl Pts',(5.29999999999999,7.24663627024601,2.02590128091181));
#8555=CARTESIAN_POINT('Ctrl Pts',(-5.30000000000015,7.15336372975398,2.02590128091139));
#8556=CARTESIAN_POINT('Ctrl Pts',(-4.75719865080732,7.1746849852996,3.44593451640442));
#8557=CARTESIAN_POINT('Ctrl Pts',(-2.47585765618956,7.21732749639082,5.81804478386478));
#8558=CARTESIAN_POINT('Ctrl Pts',(2.47585765618911,7.28129126302766,5.81804478386497));
#8559=CARTESIAN_POINT('Ctrl Pts',(4.75719865080705,7.32393377411888,3.44593451640479));
#8560=CARTESIAN_POINT('Ctrl Pts',(5.29999999999999,7.34525502966449,2.02590128091181));
#8561=CARTESIAN_POINT('Origin',(0.,0.775690620290768,0.));
#8562=CARTESIAN_POINT('Ctrl Pts',(-5.3000000000001,6.55474497033551,2.02590128091151));
#8563=CARTESIAN_POINT('Ctrl Pts',(-4.75719865080725,6.57606622588112,3.44593451640452));
#8564=CARTESIAN_POINT('Ctrl Pts',(-2.47593383346943,6.61870873697234,5.818063894417));
#8565=CARTESIAN_POINT('Ctrl Pts',(2.47593383346923,6.68267250360918,5.81806389441709));
#8566=CARTESIAN_POINT('Ctrl Pts',(4.75719865080712,6.7253150147004,3.44593451640469));
#8567=CARTESIAN_POINT('Ctrl Pts',(5.30000000000003,6.74663627024601,2.0259012809117));
#8568=CARTESIAN_POINT('Ctrl Pts',(-5.30000000000016,6.65336372975398,2.02590128091136));
#8569=CARTESIAN_POINT('Ctrl Pts',(-4.75719865080734,6.67468498529959,3.44593451640439));
#8570=CARTESIAN_POINT('Ctrl Pts',(-2.47589783900486,6.71732749639082,5.81805495618766));
#8571=CARTESIAN_POINT('Ctrl Pts',(2.47589783900441,6.78129126302766,5.81805495618786));
#8572=CARTESIAN_POINT('Ctrl Pts',(4.75719865080707,6.82393377411888,3.44593451640476));
#8573=CARTESIAN_POINT('Ctrl Pts',(5.3,6.84525502966449,2.02590128091177));
#8574=CARTESIAN_POINT('Origin',(0.,0.775690620290768,0.));
#8575=CARTESIAN_POINT('Ctrl Pts',(-5.30000000000012,6.0547449703355,2.02590128091147));
#8576=CARTESIAN_POINT('Ctrl Pts',(-4.75719865080727,6.07606622588112,3.44593451640449));
#8577=CARTESIAN_POINT('Ctrl Pts',(-2.4759768723654,6.11870873697234,5.81807437268789));
#8578=CARTESIAN_POINT('Ctrl Pts',(2.47597687236512,6.18267250360917,5.81807437268801));
#8579=CARTESIAN_POINT('Ctrl Pts',(4.7571986508071,6.2253150147004,3.44593451640472));
#8580=CARTESIAN_POINT('Ctrl Pts',(5.30000000000002,6.24663627024601,2.02590128091173));
#8581=CARTESIAN_POINT('Ctrl Pts',(-5.30000000000018,6.15336372975398,2.02590128091132));
#8582=CARTESIAN_POINT('Ctrl Pts',(-4.75719865080737,6.17468498529959,3.44593451640435));
#8583=CARTESIAN_POINT('Ctrl Pts',(-2.47593951593163,6.21732749639082,5.81806529079429));
#8584=CARTESIAN_POINT('Ctrl Pts',(2.47593951593101,6.28129126302765,5.81806529079456));
#8585=CARTESIAN_POINT('Ctrl Pts',(4.757198650807,6.32393377411888,3.44593451640486));
#8586=CARTESIAN_POINT('Ctrl Pts',(5.29999999999996,6.34525502966449,2.02590128091188));
#8587=CARTESIAN_POINT('Origin',(0.,0.775690620290768,0.));
#8588=CARTESIAN_POINT('Ctrl Pts',(-5.30000000000012,5.5547449703355,2.02590128091147));
#8589=CARTESIAN_POINT('Ctrl Pts',(-4.75719865080727,5.57606622588112,3.44593451640449));
#8590=CARTESIAN_POINT('Ctrl Pts',(-2.47602156907633,5.61870873697234,5.81808502064902));
#8591=CARTESIAN_POINT('Ctrl Pts',(2.47602156907601,5.68267250360917,5.81808502064915));
#8592=CARTESIAN_POINT('Ctrl Pts',(4.75719865080708,5.7253150147004,3.44593451640475));
#8593=CARTESIAN_POINT('Ctrl Pts',(5.30000000000001,5.74663627024601,2.02590128091177));
#8594=CARTESIAN_POINT('Ctrl Pts',(-5.30000000000016,5.65336372975398,2.02590128091136));
#8595=CARTESIAN_POINT('Ctrl Pts',(-4.75719865080734,5.67468498529959,3.4459345164044));
#8596=CARTESIAN_POINT('Ctrl Pts',(-2.47598277188129,5.71732749639081,5.8180757915995));
#8597=CARTESIAN_POINT('Ctrl Pts',(2.47598277188084,5.78129126302766,5.8180757915997));
#8598=CARTESIAN_POINT('Ctrl Pts',(4.75719865080707,5.82393377411888,3.44593451640477));
#8599=CARTESIAN_POINT('Ctrl Pts',(5.30000000000001,5.84525502966449,2.02590128091177));
#8600=CARTESIAN_POINT('Origin',(0.,0.775690620290768,0.));
#8601=CARTESIAN_POINT('Ctrl Pts',(-5.30000000000013,5.0547449703355,2.02590128091144));
#8602=CARTESIAN_POINT('Ctrl Pts',(-4.75719865080729,5.07606622588112,3.44593451640446));
#8603=CARTESIAN_POINT('Ctrl Pts',(-2.47606802126933,5.11870873697234,5.81809584245611));
#8604=CARTESIAN_POINT('Ctrl Pts',(2.47606802126901,5.18267250360918,5.81809584245624));
#8605=CARTESIAN_POINT('Ctrl Pts',(4.7571986508071,5.2253150147004,3.44593451640472));
#8606=CARTESIAN_POINT('Ctrl Pts',(5.30000000000002,5.24663627024601,2.02590128091173));
#8607=CARTESIAN_POINT('Ctrl Pts',(-5.30000000000017,5.15336372975398,2.02590128091132));
#8608=CARTESIAN_POINT('Ctrl Pts',(-4.75719865080736,5.17468498529959,3.44593451640437));
#8609=CARTESIAN_POINT('Ctrl Pts',(-2.47602769832403,5.21732749639082,5.81808646264481));
#8610=CARTESIAN_POINT('Ctrl Pts',(2.47602769832355,5.28129126302766,5.81808646264501));
#8611=CARTESIAN_POINT('Ctrl Pts',(4.75719865080707,5.32393377411888,3.44593451640477));
#8612=CARTESIAN_POINT('Ctrl Pts',(5.30000000000001,5.34525502966449,2.02590128091177));
#8613=CARTESIAN_POINT('Origin',(0.,0.775690620290768,0.));
#8614=CARTESIAN_POINT('Ctrl Pts',(-5.3000000000001,4.5547449703355,2.02590128091151));
#8615=CARTESIAN_POINT('Ctrl Pts',(-4.75719865080725,4.57606622588112,3.44593451640451));
#8616=CARTESIAN_POINT('Ctrl Pts',(-2.47611633443691,4.61870873697234,5.81810684240168));
#8617=CARTESIAN_POINT('Ctrl Pts',(2.47611633443663,4.68267250360917,5.8181068424018));
#8618=CARTESIAN_POINT('Ctrl Pts',(4.75719865080708,4.7253150147004,3.44593451640474));
#8619=CARTESIAN_POINT('Ctrl Pts',(5.30000000000001,4.74663627024601,2.02590128091177));
#8620=CARTESIAN_POINT('Ctrl Pts',(-5.30000000000015,4.65336372975398,2.0259012809114));
#8621=CARTESIAN_POINT('Ctrl Pts',(-4.75719865080732,4.6746849852996,3.44593451640443));
#8622=CARTESIAN_POINT('Ctrl Pts',(-2.47607439393367,4.71732749639082,5.81809730810404));
#8623=CARTESIAN_POINT('Ctrl Pts',(2.47607439393327,4.78129126302765,5.81809730810421));
#8624=CARTESIAN_POINT('Ctrl Pts',(4.75719865080708,4.82393377411888,3.44593451640475));
#8625=CARTESIAN_POINT('Ctrl Pts',(5.30000000000001,4.84525502966449,2.02590128091177));
#8626=CARTESIAN_POINT('Origin',(0.,0.775690620290768,0.));
#8627=CARTESIAN_POINT('Ctrl Pts',(-5.3000000000001,4.05474497033551,2.02590128091152));
#8628=CARTESIAN_POINT('Ctrl Pts',(-4.75719865080724,4.07606622588112,3.44593451640453));
#8629=CARTESIAN_POINT('Ctrl Pts',(-2.47616662269701,4.11870873697234,5.81811802492077));
#8630=CARTESIAN_POINT('Ctrl Pts',(2.47616662269678,4.18267250360918,5.81811802492087));
#8631=CARTESIAN_POINT('Ctrl Pts',(4.7571986508071,4.2253150147004,3.44593451640472));
#8632=CARTESIAN_POINT('Ctrl Pts',(5.30000000000002,4.24663627024601,2.02590128091173));
#8633=CARTESIAN_POINT('Ctrl Pts',(-5.30000000000016,4.15336372975398,2.02590128091137));
#8634=CARTESIAN_POINT('Ctrl Pts',(-4.75719865080734,4.17468498529959,3.44593451640439));
#8635=CARTESIAN_POINT('Ctrl Pts',(-2.4761229653119,4.21732749639082,5.81810833228845));
#8636=CARTESIAN_POINT('Ctrl Pts',(2.47612296531138,4.28129126302765,5.81810833228866));
#8637=CARTESIAN_POINT('Ctrl Pts',(4.75719865080703,4.32393377411888,3.44593451640482));
#8638=CARTESIAN_POINT('Ctrl Pts',(5.29999999999998,4.34525502966449,2.02590128091184));
#8639=CARTESIAN_POINT('Origin',(0.,0.775690620290768,0.));
#8640=CARTESIAN_POINT('Ctrl Pts',(-5.3000000000001,3.5547449703355,2.02590128091152));
#8641=CARTESIAN_POINT('Ctrl Pts',(-4.75719865080725,3.57606622588112,3.44593451640452));
#8642=CARTESIAN_POINT('Ctrl Pts',(-2.47621900969272,3.61870873697234,5.81812939459684));
#8643=CARTESIAN_POINT('Ctrl Pts',(2.47621900969245,3.68267250360918,5.81812939459695));
#8644=CARTESIAN_POINT('Ctrl Pts',(4.75719865080708,3.7253150147004,3.44593451640474));
#8645=CARTESIAN_POINT('Ctrl Pts',(5.30000000000001,3.74663627024601,2.02590128091176));
#8646=CARTESIAN_POINT('Ctrl Pts',(-5.30000000000014,3.65336372975398,2.0259012809114));
#8647=CARTESIAN_POINT('Ctrl Pts',(-4.75719865080731,3.6746849852996,3.44593451640443));
#8648=CARTESIAN_POINT('Ctrl Pts',(-2.47617352779993,3.71732749639082,5.81811953965269));
#8649=CARTESIAN_POINT('Ctrl Pts',(2.47617352779945,3.78129126302765,5.8181195396529));
#8650=CARTESIAN_POINT('Ctrl Pts',(4.75719865080703,3.82393377411888,3.44593451640482));
#8651=CARTESIAN_POINT('Ctrl Pts',(5.29999999999998,3.84525502966449,2.02590128091184));
#8652=CARTESIAN_POINT('Origin',(0.,0.775690620290768,0.));
#8653=CARTESIAN_POINT('Ctrl Pts',(-5.30000000000011,3.0547449703355,2.0259012809115));
#8654=CARTESIAN_POINT('Ctrl Pts',(-4.75719865080725,3.07606622588112,3.44593451640451));
#8655=CARTESIAN_POINT('Ctrl Pts',(-2.4762736296073,3.11870873697234,5.8181409561681));
#8656=CARTESIAN_POINT('Ctrl Pts',(2.47627362960701,3.18267250360918,5.81814095616822));
#8657=CARTESIAN_POINT('Ctrl Pts',(4.75719865080708,3.2253150147004,3.44593451640474));
#8658=CARTESIAN_POINT('Ctrl Pts',(5.30000000000001,3.24663627024601,2.02590128091176));
#8659=CARTESIAN_POINT('Ctrl Pts',(-5.30000000000016,3.15336372975398,2.02590128091137));
#8660=CARTESIAN_POINT('Ctrl Pts',(-4.75719865080734,3.17468498529959,3.4459345164044));
#8661=CARTESIAN_POINT('Ctrl Pts',(-2.4762262063937,3.21732749639082,5.81813093480063));
#8662=CARTESIAN_POINT('Ctrl Pts',(2.47622620639322,3.28129126302765,5.81813093480083));
#8663=CARTESIAN_POINT('Ctrl Pts',(4.75719865080705,3.32393377411888,3.44593451640479));
#8664=CARTESIAN_POINT('Ctrl Pts',(5.29999999999999,3.34525502966449,2.0259012809118));
#8665=CARTESIAN_POINT('Origin',(0.,0.775690620290768,0.));
#8666=CARTESIAN_POINT('Ctrl Pts',(-5.3000000000001,2.55474497033551,2.02590128091152));
#8667=CARTESIAN_POINT('Ctrl Pts',(-4.75719865080724,2.57606622588112,3.44593451640453));
#8668=CARTESIAN_POINT('Ctrl Pts',(-2.47633062831182,2.61870873697234,5.81815271453406));
#8669=CARTESIAN_POINT('Ctrl Pts',(2.47633062831156,2.68267250360918,5.81815271453417));
#8670=CARTESIAN_POINT('Ctrl Pts',(4.75719865080709,2.7253150147004,3.44593451640474));
#8671=CARTESIAN_POINT('Ctrl Pts',(5.30000000000001,2.74663627024601,2.02590128091176));
#8672=CARTESIAN_POINT('Ctrl Pts',(-5.30000000000015,2.65336372975398,2.02590128091139));
#8673=CARTESIAN_POINT('Ctrl Pts',(-4.75719865080732,2.6746849852996,3.44593451640441));
#8674=CARTESIAN_POINT('Ctrl Pts',(-2.47628113677501,2.71732749639082,5.81814252249171));
#8675=CARTESIAN_POINT('Ctrl Pts',(2.47628113677456,2.78129126302766,5.8181425224919));
#8676=CARTESIAN_POINT('Ctrl Pts',(4.75719865080706,2.82393377411888,3.44593451640478));
#8677=CARTESIAN_POINT('Ctrl Pts',(5.29999999999999,2.84525502966449,2.0259012809118));
#8678=CARTESIAN_POINT('Ctrl Pts',(5.38795113953866,10.1437971397155,-2.55603497001587));
#8679=CARTESIAN_POINT('Ctrl Pts',(4.78620429875047,10.162531426477,-3.82447715276049));
#8680=CARTESIAN_POINT('Ctrl Pts',(3.72126112945553,10.1812657132385,-4.86688737159264));
#8681=CARTESIAN_POINT('Ctrl Pts',(2.44024202875509,10.2,-5.44137400764708));
#8682=CARTESIAN_POINT('Ctrl Pts',(5.35863409302575,10.162531426477,-2.54212701239638));
#8683=CARTESIAN_POINT('Ctrl Pts',(4.76016149130609,10.1812657132385,-3.80366731769123));
#8684=CARTESIAN_POINT('Ctrl Pts',(3.70101291584083,10.2,-4.84040554951392));
#8685=CARTESIAN_POINT('Ctrl Pts',(2.42696412641206,10.2187342867615,-5.41176627536724));
#8686=CARTESIAN_POINT('Ctrl Pts',(5.32931704651284,10.1812657132385,-2.52821905477689));
#8687=CARTESIAN_POINT('Ctrl Pts',(4.7341186838617,10.2,-3.78285748262197));
#8688=CARTESIAN_POINT('Ctrl Pts',(3.68076470222613,10.2187342867615,-4.8139237274352));
#8689=CARTESIAN_POINT('Ctrl Pts',(2.41368622406904,10.237468573523,-5.3821585430874));
#8690=CARTESIAN_POINT('Ctrl Pts',(5.29999999999992,10.2,-2.51431109715741));
#8691=CARTESIAN_POINT('Ctrl Pts',(4.70807587641731,10.2187342867615,-3.76204764755271));
#8692=CARTESIAN_POINT('Ctrl Pts',(3.66051648861143,10.237468573523,-4.78744190535649));
#8693=CARTESIAN_POINT('Ctrl Pts',(2.40040832172601,10.2562028602845,-5.35255081080755));
#8694=CARTESIAN_POINT('Ctrl Pts',(2.44024202875517,10.2,-5.44137400764705));
#8695=CARTESIAN_POINT('Ctrl Pts',(3.66095220136407,10.1821477022366,-4.89393355162566));
#8696=CARTESIAN_POINT('Ctrl Pts',(4.68545274775799,10.1642954044732,-3.92159102216747));
#8697=CARTESIAN_POINT('Ctrl Pts',(5.29990833447151,10.1464431067097,-2.73365724747312));
#8698=CARTESIAN_POINT('Ctrl Pts',(5.57041769474797,9.63760206740511,-2.12926723452899));
#8699=CARTESIAN_POINT('Ctrl Pts',(4.99992142299753,9.65892332295072,-3.62175369907995));
#8700=CARTESIAN_POINT('Ctrl Pts',(2.60200391085808,9.70156583404194,-6.11484683567424));
#8701=CARTESIAN_POINT('Ctrl Pts',(-2.60200391085801,9.76552960067878,-6.11484683567429));
#8702=CARTESIAN_POINT('Ctrl Pts',(-4.99992142299749,9.80817211177,-3.62175369908));
#8703=CARTESIAN_POINT('Ctrl Pts',(-5.57041769474794,9.82949336731561,-2.12926723452906));
#8704=CARTESIAN_POINT('Ctrl Pts',(5.48027846316531,9.69331636838191,-2.0948119166566));
#8705=CARTESIAN_POINT('Ctrl Pts',(4.91901383226738,9.71463762392752,-3.56314730485488));
#8706=CARTESIAN_POINT('Ctrl Pts',(2.55989887566099,9.75728013501874,-6.01589777561849));
#8707=CARTESIAN_POINT('Ctrl Pts',(-2.55989887566094,9.82124390165558,-6.01589777561851));
#8708=CARTESIAN_POINT('Ctrl Pts',(-4.91901383226734,9.8638864127468,-3.56314730485493));
#8709=CARTESIAN_POINT('Ctrl Pts',(-5.48027846316529,9.88520766829241,-2.09481191665665));
#8710=CARTESIAN_POINT('Ctrl Pts',(5.39013923158265,9.74903066935871,-2.06035659878421));
#8711=CARTESIAN_POINT('Ctrl Pts',(4.83810624153722,9.77035192490432,-3.50454091062982));
#8712=CARTESIAN_POINT('Ctrl Pts',(2.5177938404639,9.81299443599554,-5.91694871556272));
#8713=CARTESIAN_POINT('Ctrl Pts',(-2.51779384046387,9.87695820263238,-5.91694871556274));
#8714=CARTESIAN_POINT('Ctrl Pts',(-4.8381062415372,9.9196007137236,-3.50454091062985));
#8715=CARTESIAN_POINT('Ctrl Pts',(-5.39013923158263,9.94092196926921,-2.06035659878424));
#8716=CARTESIAN_POINT('Ctrl Pts',(5.29999999999999,9.80474497033551,-2.02590128091182));
#8717=CARTESIAN_POINT('Ctrl Pts',(4.75719865080706,9.82606622588112,-3.44593451640475));
#8718=CARTESIAN_POINT('Ctrl Pts',(2.47568880526681,9.86870873697234,-5.81799965550696));
#8719=CARTESIAN_POINT('Ctrl Pts',(-2.47568880526679,9.93267250360918,-5.81799965550697));
#8720=CARTESIAN_POINT('Ctrl Pts',(-4.75719865080705,9.9753150147004,-3.44593451640477));
#8721=CARTESIAN_POINT('Ctrl Pts',(-5.29999999999998,9.99663627024601,-2.02590128091184));
#8722=CARTESIAN_POINT('Ctrl Pts',(-5.29878918615373,9.82065232801098,-2.73304722635055));
#8723=CARTESIAN_POINT('Ctrl Pts',(-4.66336520855777,9.80227808556692,-3.95444036075723));
#8724=CARTESIAN_POINT('Ctrl Pts',(-3.59822037952131,9.78390384312285,-4.95444878383282));
#8725=CARTESIAN_POINT('Ctrl Pts',(-2.33414865194028,9.76552960067878,-5.49157355152568));
#8726=CARTESIAN_POINT('Ctrl Pts',(-0.867334636952682,9.74420834513317,-6.11484683567428));
#8727=CARTESIAN_POINT('Ctrl Pts',(0.867334636952755,9.72288708958756,-6.11484683567427));
#8728=CARTESIAN_POINT('Ctrl Pts',(2.33414865194034,9.70156583404194,-5.49157355152564));
#8729=CARTESIAN_POINT('Ctrl Pts',(3.59822037952122,9.68319159159788,-4.95444878383284));
#8730=CARTESIAN_POINT('Ctrl Pts',(4.66336520855755,9.66481734915381,-3.95444036075742));
#8731=CARTESIAN_POINT('Ctrl Pts',(5.29878918615352,9.64644310670975,-2.73304722635094));
#8732=CARTESIAN_POINT('Ctrl Pts',(5.57041769474798,9.13760206740511,-2.12926723452895));
#8733=CARTESIAN_POINT('Ctrl Pts',(4.99992142299756,9.15892332295072,-3.62175369907991));
#8734=CARTESIAN_POINT('Ctrl Pts',(2.60203986373611,9.20156583404194,-6.11485678672537));
#8735=CARTESIAN_POINT('Ctrl Pts',(-2.60203986373604,9.26552960067878,-6.11485678672539));
#8736=CARTESIAN_POINT('Ctrl Pts',(-4.99992142299752,9.30817211177,-3.62175369907997));
#8737=CARTESIAN_POINT('Ctrl Pts',(-5.57041769474796,9.32949336731561,-2.12926723452902));
#8738=CARTESIAN_POINT('Ctrl Pts',(5.48027846316532,9.19331636838191,-2.09481191665656));
#8739=CARTESIAN_POINT('Ctrl Pts',(4.9190138322674,9.21463762392752,-3.56314730485485));
#8740=CARTESIAN_POINT('Ctrl Pts',(2.55993424675773,9.25728013501875,-6.01590756564396));
#8741=CARTESIAN_POINT('Ctrl Pts',(-2.55993424675768,9.32124390165558,-6.01590756564398));
#8742=CARTESIAN_POINT('Ctrl Pts',(-4.91901383226737,9.3638864127468,-3.56314730485489));
#8743=CARTESIAN_POINT('Ctrl Pts',(-5.4802784631653,9.38520766829241,-2.09481191665661));
#8744=CARTESIAN_POINT('Ctrl Pts',(5.39013923158266,9.24903066935871,-2.06035659878417));
#8745=CARTESIAN_POINT('Ctrl Pts',(4.83810624153724,9.27035192490432,-3.50454091062978));
#8746=CARTESIAN_POINT('Ctrl Pts',(2.51782862977935,9.31299443599554,-5.91695834456255));
#8747=CARTESIAN_POINT('Ctrl Pts',(-2.51782862977931,9.37695820263238,-5.91695834456256));
#8748=CARTESIAN_POINT('Ctrl Pts',(-4.83810624153722,9.4196007137236,-3.50454091062981));
#8749=CARTESIAN_POINT('Ctrl Pts',(-5.39013923158265,9.44092196926921,-2.0603565987842));
#8750=CARTESIAN_POINT('Ctrl Pts',(5.3,9.30474497033551,-2.02590128091178));
#8751=CARTESIAN_POINT('Ctrl Pts',(4.75719865080709,9.32606622588112,-3.44593451640472));
#8752=CARTESIAN_POINT('Ctrl Pts',(2.47572301280096,9.36870873697235,-5.81800912348114));
#8753=CARTESIAN_POINT('Ctrl Pts',(-2.47572301280095,9.43267250360917,-5.81800912348115));
#8754=CARTESIAN_POINT('Ctrl Pts',(-4.75719865080708,9.4753150147004,-3.44593451640473));
#8755=CARTESIAN_POINT('Ctrl Pts',(-5.29999999999999,9.49663627024601,-2.0259012809118));
#8756=CARTESIAN_POINT('Ctrl Pts',(-5.29879011360339,9.32065232801098,-2.73304749180948));
#8757=CARTESIAN_POINT('Ctrl Pts',(-4.66336977727422,9.30227808556692,-3.95444168865871));
#8758=CARTESIAN_POINT('Ctrl Pts',(-3.59823794184457,9.28390384312285,-4.9544541032157));
#8759=CARTESIAN_POINT('Ctrl Pts',(-2.33416363230607,9.26552960067878,-5.49158101481402));
#8760=CARTESIAN_POINT('Ctrl Pts',(-0.86734662124536,9.24420834513317,-6.11485678672537));
#8761=CARTESIAN_POINT('Ctrl Pts',(0.867346621245343,9.22288708958756,-6.11485678672538));
#8762=CARTESIAN_POINT('Ctrl Pts',(2.33416363230606,9.20156583404195,-5.49158101481403));
#8763=CARTESIAN_POINT('Ctrl Pts',(3.59823794184446,9.18319159159788,-4.95445410321576));
#8764=CARTESIAN_POINT('Ctrl Pts',(4.66336977727403,9.16481734915381,-3.95444168865889));
#8765=CARTESIAN_POINT('Ctrl Pts',(5.29879011360323,9.14644310670975,-2.7330474918098));
#8766=CARTESIAN_POINT('Ctrl Pts',(5.570417694748,8.63760206740511,-2.12926723452892));
#8767=CARTESIAN_POINT('Ctrl Pts',(4.99992142299757,8.65892332295072,-3.6217536990799));
#8768=CARTESIAN_POINT('Ctrl Pts',(2.60207704740424,8.70156583404194,-6.11486689087096));
#8769=CARTESIAN_POINT('Ctrl Pts',(-2.60207704740417,8.76552960067878,-6.11486689087099));
#8770=CARTESIAN_POINT('Ctrl Pts',(-4.99992142299753,8.80817211177,-3.62175369907996));
#8771=CARTESIAN_POINT('Ctrl Pts',(-5.57041769474797,8.82949336731561,-2.12926723452898));
#8772=CARTESIAN_POINT('Ctrl Pts',(5.48027846316534,8.69331636838191,-2.09481191665653));
#8773=CARTESIAN_POINT('Ctrl Pts',(4.91901383226742,8.71463762392752,-3.56314730485484));
#8774=CARTESIAN_POINT('Ctrl Pts',(2.5599708287282,8.75728013501875,-6.01591750628657));
#8775=CARTESIAN_POINT('Ctrl Pts',(-2.55997082872815,8.82124390165558,-6.01591750628659));
#8776=CARTESIAN_POINT('Ctrl Pts',(-4.91901383226739,8.8638864127468,-3.56314730485488));
#8777=CARTESIAN_POINT('Ctrl Pts',(-5.48027846316532,8.88520766829241,-2.09481191665657));
#8778=CARTESIAN_POINT('Ctrl Pts',(5.39013923158267,8.74903066935871,-2.06035659878414));
#8779=CARTESIAN_POINT('Ctrl Pts',(4.83810624153726,8.77035192490432,-3.50454091062977));
#8780=CARTESIAN_POINT('Ctrl Pts',(2.51786461005216,8.81299443599554,-5.91696812170218));
#8781=CARTESIAN_POINT('Ctrl Pts',(-2.51786461005213,8.87695820263238,-5.91696812170219));
#8782=CARTESIAN_POINT('Ctrl Pts',(-4.83810624153724,8.9196007137236,-3.5045409106298));
#8783=CARTESIAN_POINT('Ctrl Pts',(-5.39013923158266,8.94092196926921,-2.06035659878416));
#8784=CARTESIAN_POINT('Ctrl Pts',(5.30000000000001,8.80474497033551,-2.02590128091175));
#8785=CARTESIAN_POINT('Ctrl Pts',(4.7571986508071,8.82606622588112,-3.44593451640471));
#8786=CARTESIAN_POINT('Ctrl Pts',(2.47575839137612,8.86870873697234,-5.81801873711778));
#8787=CARTESIAN_POINT('Ctrl Pts',(-2.47575839137611,8.93267250360918,-5.81801873711779));
#8788=CARTESIAN_POINT('Ctrl Pts',(-4.75719865080709,8.9753150147004,-3.44593451640472));
#8789=CARTESIAN_POINT('Ctrl Pts',(-5.30000000000001,8.99663627024601,-2.02590128091176));
#8790=CARTESIAN_POINT('Ctrl Pts',(-5.29879107280284,8.82065232801098,-2.73304776135243));
#8791=CARTESIAN_POINT('Ctrl Pts',(-4.66337450239348,8.80227808556692,-3.95444303698962));
#8792=CARTESIAN_POINT('Ctrl Pts',(-3.59825610538629,8.78390384312285,-4.954459504436));
#8793=CARTESIAN_POINT('Ctrl Pts',(-2.33417912550109,8.76552960067878,-5.49158859292324));
#8794=CARTESIAN_POINT('Ctrl Pts',(-0.867359015801358,8.74420834513317,-6.11486689087098));
#8795=CARTESIAN_POINT('Ctrl Pts',(0.867359015801424,8.72288708958756,-6.11486689087097));
#8796=CARTESIAN_POINT('Ctrl Pts',(2.33417912550115,8.70156583404195,-5.49158859292321));
#8797=CARTESIAN_POINT('Ctrl Pts',(3.59825610538626,8.68319159159788,-4.95445950443599));
#8798=CARTESIAN_POINT('Ctrl Pts',(4.66337450239339,8.66481734915381,-3.95444303698969));
#8799=CARTESIAN_POINT('Ctrl Pts',(5.29879107280275,8.64644310670975,-2.7330477613526));
#8800=CARTESIAN_POINT('Ctrl Pts',(5.57041769474804,8.13760206740511,-2.1292672345288));
#8801=CARTESIAN_POINT('Ctrl Pts',(4.99992142299765,8.15892332295072,-3.6217536990798));
#8802=CARTESIAN_POINT('Ctrl Pts',(2.60211552616448,8.20156583404195,-6.11487715167137));
#8803=CARTESIAN_POINT('Ctrl Pts',(-2.60211552616415,8.26552960067878,-6.11487715167151));
#8804=CARTESIAN_POINT('Ctrl Pts',(-4.99992142299746,8.30817211177,-3.62175369908006));
#8805=CARTESIAN_POINT('Ctrl Pts',(-5.57041769474793,8.32949336731561,-2.12926723452909));
#8806=CARTESIAN_POINT('Ctrl Pts',(5.48027846316538,8.19331636838191,-2.09481191665641));
#8807=CARTESIAN_POINT('Ctrl Pts',(4.91901383226749,8.21463762392752,-3.56314730485474));
#8808=CARTESIAN_POINT('Ctrl Pts',(2.5600086848339,8.25728013501875,-6.01592760104904));
#8809=CARTESIAN_POINT('Ctrl Pts',(-2.5600086848336,8.32124390165557,-6.01592760104917));
#8810=CARTESIAN_POINT('Ctrl Pts',(-4.91901383226731,8.3638864127468,-3.56314730485498));
#8811=CARTESIAN_POINT('Ctrl Pts',(-5.48027846316527,8.38520766829241,-2.09481191665669));
#8812=CARTESIAN_POINT('Ctrl Pts',(5.39013923158272,8.24903066935871,-2.06035659878402));
#8813=CARTESIAN_POINT('Ctrl Pts',(4.83810624153733,8.27035192490432,-3.50454091062967));
#8814=CARTESIAN_POINT('Ctrl Pts',(2.51790184350331,8.31299443599554,-5.91697805042672));
#8815=CARTESIAN_POINT('Ctrl Pts',(-2.51790184350303,8.37695820263237,-5.91697805042682));
#8816=CARTESIAN_POINT('Ctrl Pts',(-4.83810624153717,8.4196007137236,-3.5045409106299));
#8817=CARTESIAN_POINT('Ctrl Pts',(-5.39013923158262,8.44092196926921,-2.06035659878428));
#8818=CARTESIAN_POINT('Ctrl Pts',(5.30000000000006,8.30474497033551,-2.02590128091164));
#8819=CARTESIAN_POINT('Ctrl Pts',(4.75719865080717,8.32606622588112,-3.44593451640461));
#8820=CARTESIAN_POINT('Ctrl Pts',(2.47579500217273,8.36870873697234,-5.81802849980438));
#8821=CARTESIAN_POINT('Ctrl Pts',(-2.47579500217248,8.43267250360917,-5.81802849980449));
#8822=CARTESIAN_POINT('Ctrl Pts',(-4.75719865080702,8.4753150147004,-3.44593451640482));
#8823=CARTESIAN_POINT('Ctrl Pts',(-5.29999999999997,8.49663627024601,-2.02590128091187));
#8824=CARTESIAN_POINT('Ctrl Pts',(-5.29879206541078,8.32065232801098,-2.73304803507446));
#8825=CARTESIAN_POINT('Ctrl Pts',(-4.66337939208666,8.30227808556691,-3.95444440622515));
#8826=CARTESIAN_POINT('Ctrl Pts',(-3.59827490155669,8.28390384312284,-4.95446498939696));
#8827=CARTESIAN_POINT('Ctrl Pts',(-2.33419515831768,8.26552960067878,-5.49159628852363));
#8828=CARTESIAN_POINT('Ctrl Pts',(-0.867371842054599,8.24420834513316,-6.11487715167146));
#8829=CARTESIAN_POINT('Ctrl Pts',(0.867371842054923,8.22288708958755,-6.11487715167142));
#8830=CARTESIAN_POINT('Ctrl Pts',(2.33419515831797,8.20156583404194,-5.49159628852351));
#8831=CARTESIAN_POINT('Ctrl Pts',(3.59827490155687,8.18319159159788,-4.9544649893968));
#8832=CARTESIAN_POINT('Ctrl Pts',(4.66337939208674,8.16481734915381,-3.95444440622503));
#8833=CARTESIAN_POINT('Ctrl Pts',(5.2987920654108,8.14644310670974,-2.7330480350744));
#8834=CARTESIAN_POINT('Ctrl Pts',(5.57041769474803,7.63760206740511,-2.12926723452884));
#8835=CARTESIAN_POINT('Ctrl Pts',(4.99992142299762,7.65892332295072,-3.62175369907983));
#8836=CARTESIAN_POINT('Ctrl Pts',(2.602155368877,7.70156583404195,-6.11488757279838));
#8837=CARTESIAN_POINT('Ctrl Pts',(-2.60215536887685,7.76552960067878,-6.11488757279843));
#8838=CARTESIAN_POINT('Ctrl Pts',(-4.99992142299754,7.80817211177,-3.62175369907996));
#8839=CARTESIAN_POINT('Ctrl Pts',(-5.57041769474797,7.82949336731561,-2.12926723452897));
#8840=CARTESIAN_POINT('Ctrl Pts',(5.48027846316536,7.69331636838191,-2.09481191665645));
#8841=CARTESIAN_POINT('Ctrl Pts',(4.91901383226747,7.71463762392752,-3.56314730485477));
#8842=CARTESIAN_POINT('Ctrl Pts',(2.56004788282071,7.75728013501874,-6.01593785354374));
#8843=CARTESIAN_POINT('Ctrl Pts',(-2.56004788282058,7.82124390165558,-6.01593785354379));
#8844=CARTESIAN_POINT('Ctrl Pts',(-4.91901383226739,7.8638864127468,-3.56314730485488));
#8845=CARTESIAN_POINT('Ctrl Pts',(-5.48027846316532,7.88520766829241,-2.09481191665657));
#8846=CARTESIAN_POINT('Ctrl Pts',(5.3901392315827,7.74903066935871,-2.06035659878406));
#8847=CARTESIAN_POINT('Ctrl Pts',(4.83810624153731,7.77035192490432,-3.50454091062971));
#8848=CARTESIAN_POINT('Ctrl Pts',(2.51794039676442,7.81299443599554,-5.9169881342891));
#8849=CARTESIAN_POINT('Ctrl Pts',(-2.51794039676431,7.87695820263238,-5.91698813428915));
#8850=CARTESIAN_POINT('Ctrl Pts',(-4.83810624153724,7.9196007137236,-3.5045409106298));
#8851=CARTESIAN_POINT('Ctrl Pts',(-5.39013923158266,7.94092196926921,-2.06035659878416));
#8852=CARTESIAN_POINT('Ctrl Pts',(5.30000000000004,7.80474497033551,-2.02590128091168));
#8853=CARTESIAN_POINT('Ctrl Pts',(4.75719865080715,7.82606622588112,-3.44593451640465));
#8854=CARTESIAN_POINT('Ctrl Pts',(2.47583291070813,7.86870873697235,-5.81803841503447));
#8855=CARTESIAN_POINT('Ctrl Pts',(-2.47583291070804,7.93267250360917,-5.8180384150345));
#8856=CARTESIAN_POINT('Ctrl Pts',(-4.75719865080709,7.9753150147004,-3.44593451640472));
#8857=CARTESIAN_POINT('Ctrl Pts',(-5.30000000000001,7.99663627024601,-2.02590128091176));
#8858=CARTESIAN_POINT('Ctrl Pts',(-5.29879309320366,7.82065232801098,-2.73304831307328));
#8859=CARTESIAN_POINT('Ctrl Pts',(-4.6633844551044,7.80227808556691,-3.95444579685503));
#8860=CARTESIAN_POINT('Ctrl Pts',(-3.5982943639931,7.78390384312285,-4.95447056006109));
#8861=CARTESIAN_POINT('Ctrl Pts',(-2.33421175944805,7.76552960067878,-5.49160410436881));
#8862=CARTESIAN_POINT('Ctrl Pts',(-0.867385122958899,7.74420834513317,-6.11488757279842));
#8863=CARTESIAN_POINT('Ctrl Pts',(0.867385122959049,7.72288708958756,-6.11488757279839));
#8864=CARTESIAN_POINT('Ctrl Pts',(2.33421175944818,7.70156583404195,-5.49160410436875));
#8865=CARTESIAN_POINT('Ctrl Pts',(3.59829436399314,7.68319159159788,-4.95447056006104));
#8866=CARTESIAN_POINT('Ctrl Pts',(4.66338445510436,7.66481734915381,-3.95444579685503));
#8867=CARTESIAN_POINT('Ctrl Pts',(5.2987930932036,7.64644310670975,-2.73304831307337));
#8868=CARTESIAN_POINT('Ctrl Pts',(5.57041769474801,7.13760206740511,-2.12926723452888));
#8869=CARTESIAN_POINT('Ctrl Pts',(4.9999214229976,7.15892332295072,-3.62175369907987));
#8870=CARTESIAN_POINT('Ctrl Pts',(2.60219664937237,7.20156583404195,-6.1148981580391));
#8871=CARTESIAN_POINT('Ctrl Pts',(-2.60219664937222,7.26552960067878,-6.11489815803916));
#8872=CARTESIAN_POINT('Ctrl Pts',(-4.99992142299751,7.30817211177,-3.62175369907999));
#8873=CARTESIAN_POINT('Ctrl Pts',(-5.57041769474796,7.32949336731561,-2.12926723452901));
#8874=CARTESIAN_POINT('Ctrl Pts',(5.48027846316535,7.19331636838191,-2.09481191665649));
#8875=CARTESIAN_POINT('Ctrl Pts',(4.91901383226744,7.21463762392752,-3.56314730485481));
#8876=CARTESIAN_POINT('Ctrl Pts',(2.5600884953245,7.25728013501874,-6.01594826749651));
#8877=CARTESIAN_POINT('Ctrl Pts',(-2.56008849532437,7.32124390165558,-6.01594826749656));
#8878=CARTESIAN_POINT('Ctrl Pts',(-4.91901383226736,7.3638864127468,-3.56314730485491));
#8879=CARTESIAN_POINT('Ctrl Pts',(-5.48027846316531,7.38520766829241,-2.09481191665661));
#8880=CARTESIAN_POINT('Ctrl Pts',(5.39013923158269,7.24903066935871,-2.0603565987841));
#8881=CARTESIAN_POINT('Ctrl Pts',(4.83810624153728,7.27035192490432,-3.50454091062974));
#8882=CARTESIAN_POINT('Ctrl Pts',(2.51798034127662,7.31299443599554,-5.91699837695392));
#8883=CARTESIAN_POINT('Ctrl Pts',(-2.51798034127652,7.37695820263238,-5.91699837695396));
#8884=CARTESIAN_POINT('Ctrl Pts',(-4.83810624153722,7.4196007137236,-3.50454091062983));
#8885=CARTESIAN_POINT('Ctrl Pts',(-5.39013923158265,7.44092196926921,-2.0603565987842));
#8886=CARTESIAN_POINT('Ctrl Pts',(5.30000000000003,7.30474497033551,-2.02590128091171));
#8887=CARTESIAN_POINT('Ctrl Pts',(4.75719865080712,7.32606622588112,-3.44593451640468));
#8888=CARTESIAN_POINT('Ctrl Pts',(2.47587218722875,7.36870873697234,-5.81804848641132));
#8889=CARTESIAN_POINT('Ctrl Pts',(-2.47587218722867,7.43267250360918,-5.81804848641136));
#8890=CARTESIAN_POINT('Ctrl Pts',(-4.75719865080707,7.4753150147004,-3.44593451640475));
#8891=CARTESIAN_POINT('Ctrl Pts',(-5.3,7.49663627024601,-2.02590128091179));
#8892=CARTESIAN_POINT('Ctrl Pts',(-5.29879415808591,7.32065232801098,-2.73304859545015));
#8893=CARTESIAN_POINT('Ctrl Pts',(-4.6633897008285,7.30227808556691,-3.95444720938488));
#8894=CARTESIAN_POINT('Ctrl Pts',(-3.59831452876001,7.28390384312284,-4.95447621845313));
#8895=CARTESIAN_POINT('Ctrl Pts',(-2.33422895965442,7.26552960067878,-5.49161204329937));
#8896=CARTESIAN_POINT('Ctrl Pts',(-0.867398883124017,7.24420834513317,-6.11489815803914));
#8897=CARTESIAN_POINT('Ctrl Pts',(0.867398883124161,7.22288708958756,-6.11489815803912));
#8898=CARTESIAN_POINT('Ctrl Pts',(2.33422895965455,7.20156583404195,-5.49161204329932));
#8899=CARTESIAN_POINT('Ctrl Pts',(3.59831452876007,7.18319159159788,-4.95447621845307));
#8900=CARTESIAN_POINT('Ctrl Pts',(4.6633897008285,7.16481734915381,-3.95444720938485));
#8901=CARTESIAN_POINT('Ctrl Pts',(5.2987941580859,7.14644310670975,-2.73304859545017));
#8902=CARTESIAN_POINT('Ctrl Pts',(5.57041769474802,6.63760206740511,-2.12926723452884));
#8903=CARTESIAN_POINT('Ctrl Pts',(4.99992142299762,6.65892332295072,-3.62175369907984));
#8904=CARTESIAN_POINT('Ctrl Pts',(2.60223944690741,6.70156583404195,-6.11490891130112));
#8905=CARTESIAN_POINT('Ctrl Pts',(-2.60223944690727,6.76552960067878,-6.11490891130118));
#8906=CARTESIAN_POINT('Ctrl Pts',(-4.99992142299754,6.80817211177,-3.62175369907995));
#8907=CARTESIAN_POINT('Ctrl Pts',(-5.57041769474798,6.82949336731561,-2.12926723452897));
#8908=CARTESIAN_POINT('Ctrl Pts',(5.48027846316536,6.69331636838191,-2.09481191665645));
#8909=CARTESIAN_POINT('Ctrl Pts',(4.91901383226746,6.71463762392752,-3.56314730485477));
#8910=CARTESIAN_POINT('Ctrl Pts',(2.56013060031957,6.75728013501875,-6.01595884675168));
#8911=CARTESIAN_POINT('Ctrl Pts',(-2.56013060031944,6.82124390165558,-6.01595884675174));
#8912=CARTESIAN_POINT('Ctrl Pts',(-4.91901383226739,6.8638864127468,-3.56314730485488));
#8913=CARTESIAN_POINT('Ctrl Pts',(-5.48027846316532,6.88520766829241,-2.09481191665657));
#8914=CARTESIAN_POINT('Ctrl Pts',(5.3901392315827,6.74903066935871,-2.06035659878407));
#8915=CARTESIAN_POINT('Ctrl Pts',(4.8381062415373,6.77035192490432,-3.50454091062971));
#8916=CARTESIAN_POINT('Ctrl Pts',(2.51802175373172,6.81299443599555,-5.91700878220225));
#8917=CARTESIAN_POINT('Ctrl Pts',(-2.51802175373162,6.87695820263238,-5.9170087822023));
#8918=CARTESIAN_POINT('Ctrl Pts',(-4.83810624153724,6.9196007137236,-3.50454091062979));
#8919=CARTESIAN_POINT('Ctrl Pts',(-5.39013923158267,6.94092196926921,-2.06035659878416));
#8920=CARTESIAN_POINT('Ctrl Pts',(5.30000000000004,6.80474497033551,-2.02590128091168));
#8921=CARTESIAN_POINT('Ctrl Pts',(4.75719865080714,6.82606622588112,-3.44593451640465));
#8922=CARTESIAN_POINT('Ctrl Pts',(2.47591290714388,6.86870873697234,-5.81805871765282));
#8923=CARTESIAN_POINT('Ctrl Pts',(-2.47591290714379,6.93267250360917,-5.81805871765286));
#8924=CARTESIAN_POINT('Ctrl Pts',(-4.7571986508071,6.9753150147004,-3.44593451640472));
#8925=CARTESIAN_POINT('Ctrl Pts',(-5.30000000000001,6.99663627024601,-2.02590128091175));
#8926=CARTESIAN_POINT('Ctrl Pts',(-5.29879526210207,6.82065232801098,-2.73304888230931));
#8927=CARTESIAN_POINT('Ctrl Pts',(-4.66339513933057,6.80227808556691,-3.95444864433607));
#8928=CARTESIAN_POINT('Ctrl Pts',(-3.59833543457304,6.78390384312285,-4.95448196666173));
#8929=CARTESIAN_POINT('Ctrl Pts',(-2.33424679196072,6.76552960067878,-5.49162010824586));
#8930=CARTESIAN_POINT('Ctrl Pts',(-0.867413148969042,6.74420834513317,-6.11490891130116));
#8931=CARTESIAN_POINT('Ctrl Pts',(0.867413148969185,6.72288708958756,-6.11490891130114));
#8932=CARTESIAN_POINT('Ctrl Pts',(2.33424679196085,6.70156583404195,-5.49162010824581));
#8933=CARTESIAN_POINT('Ctrl Pts',(3.59833543457316,6.68319159159788,-4.95448196666165));
#8934=CARTESIAN_POINT('Ctrl Pts',(4.66339513933066,6.66481734915381,-3.95444864433596));
#8935=CARTESIAN_POINT('Ctrl Pts',(5.29879526210214,6.64644310670975,-2.73304888230918));
#8936=CARTESIAN_POINT('Ctrl Pts',(5.57041769474807,6.13760206740511,-2.12926723452872));
#8937=CARTESIAN_POINT('Ctrl Pts',(4.9999214229977,6.15892332295072,-3.62175369907973));
#8938=CARTESIAN_POINT('Ctrl Pts',(2.60228384667333,6.20156583404194,-6.1149198366169));
#8939=CARTESIAN_POINT('Ctrl Pts',(-2.60228384667293,6.26552960067878,-6.11491983661707));
#8940=CARTESIAN_POINT('Ctrl Pts',(-4.99992142299746,6.30817211177,-3.62175369908006));
#8941=CARTESIAN_POINT('Ctrl Pts',(-5.57041769474793,6.32949336731561,-2.12926723452909));
#8942=CARTESIAN_POINT('Ctrl Pts',(5.48027846316541,6.19331636838191,-2.09481191665634));
#8943=CARTESIAN_POINT('Ctrl Pts',(4.91901383226754,6.21463762392752,-3.56314730485467));
#8944=CARTESIAN_POINT('Ctrl Pts',(2.56017428161858,6.25728013501874,-6.0159695952765));
#8945=CARTESIAN_POINT('Ctrl Pts',(-2.5601742816182,6.32124390165558,-6.01596959527665));
#8946=CARTESIAN_POINT('Ctrl Pts',(-4.91901383226732,6.3638864127468,-3.56314730485498));
#8947=CARTESIAN_POINT('Ctrl Pts',(-5.48027846316528,6.38520766829241,-2.09481191665668));
#8948=CARTESIAN_POINT('Ctrl Pts',(5.39013923158274,6.24903066935871,-2.06035659878395));
#8949=CARTESIAN_POINT('Ctrl Pts',(4.83810624153738,6.27035192490432,-3.50454091062961));
#8950=CARTESIAN_POINT('Ctrl Pts',(2.51806471656382,6.31299443599554,-5.91701935393609));
#8951=CARTESIAN_POINT('Ctrl Pts',(-2.51806471656347,6.37695820263238,-5.91701935393624));
#8952=CARTESIAN_POINT('Ctrl Pts',(-4.83810624153717,6.4196007137236,-3.5045409106299));
#8953=CARTESIAN_POINT('Ctrl Pts',(-5.39013923158262,6.44092196926921,-2.06035659878427));
#8954=CARTESIAN_POINT('Ctrl Pts',(5.30000000000008,6.30474497033551,-2.02590128091157));
#8955=CARTESIAN_POINT('Ctrl Pts',(4.75719865080722,6.32606622588112,-3.44593451640455));
#8956=CARTESIAN_POINT('Ctrl Pts',(2.47595515150907,6.36870873697234,-5.81806911259569));
#8957=CARTESIAN_POINT('Ctrl Pts',(-2.47595515150874,6.43267250360918,-5.81806911259582));
#8958=CARTESIAN_POINT('Ctrl Pts',(-4.75719865080702,6.4753150147004,-3.44593451640482));
#8959=CARTESIAN_POINT('Ctrl Pts',(-5.29999999999997,6.49663627024601,-2.02590128091186));
#8960=CARTESIAN_POINT('Ctrl Pts',(-5.29879640744983,6.32065232801098,-2.73304917375818));
#8961=CARTESIAN_POINT('Ctrl Pts',(-4.66340078143633,6.30227808556691,-3.9544501022467));
#8962=CARTESIAN_POINT('Ctrl Pts',(-3.59835712304644,6.28390384312285,-4.95448780684262));
#8963=CARTESIAN_POINT('Ctrl Pts',(-2.33426529186302,6.26552960067878,-5.49162830223279));
#8964=CARTESIAN_POINT('Ctrl Pts',(-0.867427948890844,6.24420834513317,-6.11491983661702));
#8965=CARTESIAN_POINT('Ctrl Pts',(0.867427948891244,6.22288708958756,-6.11491983661696));
#8966=CARTESIAN_POINT('Ctrl Pts',(2.33426529186338,6.20156583404194,-5.49162830223264));
#8967=CARTESIAN_POINT('Ctrl Pts',(3.59835712304671,6.18319159159788,-4.9544878068424));
#8968=CARTESIAN_POINT('Ctrl Pts',(4.6634007814365,6.16481734915381,-3.95445010224648));
#8969=CARTESIAN_POINT('Ctrl Pts',(5.29879640744993,6.14644310670975,-2.73304917375798));
#8970=CARTESIAN_POINT('Ctrl Pts',(5.57041769474805,5.63760206740511,-2.12926723452877));
#8971=CARTESIAN_POINT('Ctrl Pts',(4.99992142299767,5.65892332295072,-3.62175369907977));
#8972=CARTESIAN_POINT('Ctrl Pts',(2.60232994036135,5.70156583404195,-6.11493093814925));
#8973=CARTESIAN_POINT('Ctrl Pts',(-2.60232994036112,5.76552960067878,-6.11493093814934));
#8974=CARTESIAN_POINT('Ctrl Pts',(-4.99992142299754,5.80817211177,-3.62175369907995));
#8975=CARTESIAN_POINT('Ctrl Pts',(-5.57041769474798,5.82949336731561,-2.12926723452897));
#8976=CARTESIAN_POINT('Ctrl Pts',(5.48027846316539,5.69331636838191,-2.09481191665638));
#8977=CARTESIAN_POINT('Ctrl Pts',(4.91901383226751,5.71463762392752,-3.56314730485471));
#8978=CARTESIAN_POINT('Ctrl Pts',(2.56021962942902,5.75728013501874,-6.01598051716637));
#8979=CARTESIAN_POINT('Ctrl Pts',(-2.56021962942882,5.82124390165558,-6.01598051716645));
#8980=CARTESIAN_POINT('Ctrl Pts',(-4.91901383226739,5.8638864127468,-3.56314730485487));
#8981=CARTESIAN_POINT('Ctrl Pts',(-5.48027846316532,5.88520766829241,-2.09481191665656));
#8982=CARTESIAN_POINT('Ctrl Pts',(5.39013923158273,5.74903066935871,-2.06035659878399));
#8983=CARTESIAN_POINT('Ctrl Pts',(4.83810624153735,5.77035192490432,-3.50454091062964));
#8984=CARTESIAN_POINT('Ctrl Pts',(2.5181093184967,5.81299443599554,-5.91703009618349));
#8985=CARTESIAN_POINT('Ctrl Pts',(-2.51810931849652,5.87695820263238,-5.91703009618357));
#8986=CARTESIAN_POINT('Ctrl Pts',(-4.83810624153725,5.9196007137236,-3.50454091062979));
#8987=CARTESIAN_POINT('Ctrl Pts',(-5.39013923158267,5.94092196926921,-2.06035659878416));
#8988=CARTESIAN_POINT('Ctrl Pts',(5.30000000000007,5.80474497033551,-2.02590128091161));
#8989=CARTESIAN_POINT('Ctrl Pts',(4.75719865080719,5.82606622588112,-3.44593451640458));
#8990=CARTESIAN_POINT('Ctrl Pts',(2.47599900756437,5.86870873697235,-5.81807967520061));
#8991=CARTESIAN_POINT('Ctrl Pts',(-2.47599900756421,5.93267250360917,-5.81807967520069));
#8992=CARTESIAN_POINT('Ctrl Pts',(-4.7571986508071,5.9753150147004,-3.44593451640471));
#8993=CARTESIAN_POINT('Ctrl Pts',(-5.30000000000001,5.99663627024601,-2.02590128091175));
#8994=CARTESIAN_POINT('Ctrl Pts',(-5.29879759649448,5.82065232801098,-2.73304946990781));
#8995=CARTESIAN_POINT('Ctrl Pts',(-4.66340663879756,5.80227808556691,-3.95445158367213));
#8996=CARTESIAN_POINT('Ctrl Pts',(-3.59837963897005,5.78390384312285,-4.95449374122074));
#8997=CARTESIAN_POINT('Ctrl Pts',(-2.33428449756651,5.76552960067878,-5.49163662838196));
#8998=CARTESIAN_POINT('Ctrl Pts',(-0.867443313453644,5.74420834513317,-6.11493093814931));
#8999=CARTESIAN_POINT('Ctrl Pts',(0.867443313453867,5.72288708958756,-6.11493093814928));
#9000=CARTESIAN_POINT('Ctrl Pts',(2.33428449756671,5.70156583404195,-5.49163662838188));
#9001=CARTESIAN_POINT('Ctrl Pts',(3.5983796389702,5.68319159159788,-4.95449374122062));
#9002=CARTESIAN_POINT('Ctrl Pts',(4.66340663879766,5.66481734915381,-3.954451583672));
#9003=CARTESIAN_POINT('Ctrl Pts',(5.29879759649454,5.64644310670975,-2.73304946990769));
#9004=CARTESIAN_POINT('Ctrl Pts',(5.57041769474805,5.13760206740511,-2.12926723452877));
#9005=CARTESIAN_POINT('Ctrl Pts',(4.99992142299766,5.15892332295072,-3.62175369907978));
#9006=CARTESIAN_POINT('Ctrl Pts',(2.60237782679561,5.20156583404194,-6.11494222019601));
#9007=CARTESIAN_POINT('Ctrl Pts',(-2.60237782679544,5.26552960067878,-6.11494222019609));
#9008=CARTESIAN_POINT('Ctrl Pts',(-4.99992142299756,5.30817211177,-3.62175369907993));
#9009=CARTESIAN_POINT('Ctrl Pts',(-5.57041769474799,5.32949336731562,-2.12926723452893));
#9010=CARTESIAN_POINT('Ctrl Pts',(5.48027846316539,5.19331636838191,-2.09481191665638));
#9011=CARTESIAN_POINT('Ctrl Pts',(4.91901383226751,5.21463762392752,-3.56314730485472));
#9012=CARTESIAN_POINT('Ctrl Pts',(2.56026674097591,5.25728013501874,-6.01599161664963));
#9013=CARTESIAN_POINT('Ctrl Pts',(-2.56026674097575,5.32124390165558,-6.01599161664969));
#9014=CARTESIAN_POINT('Ctrl Pts',(-4.91901383226741,5.3638864127468,-3.56314730485485));
#9015=CARTESIAN_POINT('Ctrl Pts',(-5.48027846316534,5.38520766829241,-2.09481191665652));
#9016=CARTESIAN_POINT('Ctrl Pts',(5.39013923158273,5.24903066935871,-2.06035659878399));
#9017=CARTESIAN_POINT('Ctrl Pts',(4.83810624153735,5.27035192490432,-3.50454091062966));
#9018=CARTESIAN_POINT('Ctrl Pts',(2.5181556551562,5.31299443599554,-5.91704101310324));
#9019=CARTESIAN_POINT('Ctrl Pts',(-2.51815565515606,5.37695820263238,-5.91704101310329));
#9020=CARTESIAN_POINT('Ctrl Pts',(-4.83810624153727,5.4196007137236,-3.50454091062977));
#9021=CARTESIAN_POINT('Ctrl Pts',(-5.39013923158268,5.44092196926921,-2.06035659878412));
#9022=CARTESIAN_POINT('Ctrl Pts',(5.30000000000007,5.30474497033551,-2.02590128091161));
#9023=CARTESIAN_POINT('Ctrl Pts',(4.75719865080719,5.32606622588112,-3.4459345164046));
#9024=CARTESIAN_POINT('Ctrl Pts',(2.47604456933649,5.36870873697234,-5.81809040955685));
#9025=CARTESIAN_POINT('Ctrl Pts',(-2.47604456933637,5.43267250360918,-5.81809040955689));
#9026=CARTESIAN_POINT('Ctrl Pts',(-4.75719865080712,5.4753150147004,-3.44593451640469));
#9027=CARTESIAN_POINT('Ctrl Pts',(-5.30000000000003,5.49663627024601,-2.02590128091171));
#9028=CARTESIAN_POINT('Ctrl Pts',(-5.29879883178528,5.32065232801098,-2.73304977087293));
#9029=CARTESIAN_POINT('Ctrl Pts',(-4.66341272397223,5.30227808556691,-3.95445308918604));
#9030=CARTESIAN_POINT('Ctrl Pts',(-3.59840303061735,5.28390384312285,-4.95449977209379));
#9031=CARTESIAN_POINT('Ctrl Pts',(-2.3343044502475,5.26552960067878,-5.49164508991702));
#9032=CARTESIAN_POINT('Ctrl Pts',(-0.867459275598451,5.24420834513317,-6.11494222019607));
#9033=CARTESIAN_POINT('Ctrl Pts',(0.867459275598585,5.22288708958755,-6.11494222019605));
#9034=CARTESIAN_POINT('Ctrl Pts',(2.33430445024762,5.20156583404194,-5.49164508991697));
#9035=CARTESIAN_POINT('Ctrl Pts',(3.59840303061743,5.18319159159788,-4.95449977209372));
#9036=CARTESIAN_POINT('Ctrl Pts',(4.66341272397227,5.16481734915381,-3.95445308918598));
#9037=CARTESIAN_POINT('Ctrl Pts',(5.2987988317853,5.14644310670975,-2.73304977087289));
#9038=CARTESIAN_POINT('Ctrl Pts',(5.57041769474807,4.63760206740511,-2.12926723452873));
#9039=CARTESIAN_POINT('Ctrl Pts',(4.99992142299769,4.65892332295072,-3.62175369907975));
#9040=CARTESIAN_POINT('Ctrl Pts',(2.60242761263976,4.70156583404194,-6.11495368719615));
#9041=CARTESIAN_POINT('Ctrl Pts',(-2.6024276126395,4.76552960067878,-6.11495368719626));
#9042=CARTESIAN_POINT('Ctrl Pts',(-4.99992142299754,4.80817211177,-3.62175369907996));
#9043=CARTESIAN_POINT('Ctrl Pts',(-5.57041769474798,4.82949336731561,-2.12926723452897));
#9044=CARTESIAN_POINT('Ctrl Pts',(5.48027846316541,4.69331636838191,-2.09481191665634));
#9045=CARTESIAN_POINT('Ctrl Pts',(4.91901383226753,4.71463762392752,-3.56314730485468));
#9046=CARTESIAN_POINT('Ctrl Pts',(2.56031572119685,4.75728013501874,-6.01600289809337));
#9047=CARTESIAN_POINT('Ctrl Pts',(-2.56031572119661,4.82124390165558,-6.01600289809348));
#9048=CARTESIAN_POINT('Ctrl Pts',(-4.91901383226739,4.8638864127468,-3.56314730485488));
#9049=CARTESIAN_POINT('Ctrl Pts',(-5.48027846316532,4.88520766829241,-2.09481191665656));
#9050=CARTESIAN_POINT('Ctrl Pts',(5.39013923158274,4.74903066935871,-2.06035659878396));
#9051=CARTESIAN_POINT('Ctrl Pts',(4.83810624153737,4.77035192490432,-3.50454091062963));
#9052=CARTESIAN_POINT('Ctrl Pts',(2.51820382975394,4.81299443599554,-5.91705210899059));
#9053=CARTESIAN_POINT('Ctrl Pts',(-2.51820382975372,4.87695820263238,-5.91705210899069));
#9054=CARTESIAN_POINT('Ctrl Pts',(-4.83810624153724,4.9196007137236,-3.5045409106298));
#9055=CARTESIAN_POINT('Ctrl Pts',(-5.39013923158267,4.94092196926921,-2.06035659878415));
#9056=CARTESIAN_POINT('Ctrl Pts',(5.30000000000008,4.80474497033551,-2.02590128091157));
#9057=CARTESIAN_POINT('Ctrl Pts',(4.75719865080721,4.82606622588112,-3.44593451640456));
#9058=CARTESIAN_POINT('Ctrl Pts',(2.47609193831103,4.86870873697234,-5.81810131988782));
#9059=CARTESIAN_POINT('Ctrl Pts',(-2.47609193831083,4.93267250360918,-5.81810131988791));
#9060=CARTESIAN_POINT('Ctrl Pts',(-4.7571986508071,4.9753150147004,-3.44593451640472));
#9061=CARTESIAN_POINT('Ctrl Pts',(-5.30000000000001,4.99663627024601,-2.02590128091175));
#9062=CARTESIAN_POINT('Ctrl Pts',(-5.2988001160737,4.82065232801098,-2.73305007677203));
#9063=CARTESIAN_POINT('Ctrl Pts',(-4.66341905051457,4.80227808556691,-3.95445461938082));
#9064=CARTESIAN_POINT('Ctrl Pts',(-3.5984273500915,4.78390384312285,-4.95450590183464));
#9065=CARTESIAN_POINT('Ctrl Pts',(-2.33432519434913,4.76552960067878,-5.49165369016717));
#9066=CARTESIAN_POINT('Ctrl Pts',(-0.867475870879745,4.74420834513317,-6.11495368719623));
#9067=CARTESIAN_POINT('Ctrl Pts',(0.867475870880006,4.72288708958756,-6.11495368719619));
#9068=CARTESIAN_POINT('Ctrl Pts',(2.33432519434936,4.70156583404194,-5.49165369016707));
#9069=CARTESIAN_POINT('Ctrl Pts',(3.59842735009167,4.68319159159788,-4.9545059018345));
#9070=CARTESIAN_POINT('Ctrl Pts',(4.66341905051468,4.66481734915381,-3.95445461938068));
#9071=CARTESIAN_POINT('Ctrl Pts',(5.29880011607375,4.64644310670975,-2.73305007677191));
#9072=CARTESIAN_POINT('Ctrl Pts',(5.57041769474805,4.13760206740511,-2.12926723452877));
#9073=CARTESIAN_POINT('Ctrl Pts',(4.99992142299766,4.15892332295072,-3.62175369907978));
#9074=CARTESIAN_POINT('Ctrl Pts',(2.60247941319004,4.20156583404195,-6.11496534373538));
#9075=CARTESIAN_POINT('Ctrl Pts',(-2.60247941318986,4.26552960067878,-6.11496534373544));
#9076=CARTESIAN_POINT('Ctrl Pts',(-4.99992142299756,4.30817211177,-3.62175369907992));
#9077=CARTESIAN_POINT('Ctrl Pts',(-5.57041769474799,4.32949336731562,-2.12926723452893));
#9078=CARTESIAN_POINT('Ctrl Pts',(5.48027846316539,4.19331636838191,-2.09481191665638));
#9079=CARTESIAN_POINT('Ctrl Pts',(4.9190138322675,4.21463762392752,-3.56314730485472));
#9080=CARTESIAN_POINT('Ctrl Pts',(2.56036668352241,4.25728013501875,-6.01601436600914));
#9081=CARTESIAN_POINT('Ctrl Pts',(-2.56036668352226,4.32124390165558,-6.01601436600919));
#9082=CARTESIAN_POINT('Ctrl Pts',(-4.91901383226741,4.3638864127468,-3.56314730485484));
#9083=CARTESIAN_POINT('Ctrl Pts',(-5.48027846316534,4.38520766829241,-2.09481191665652));
#9084=CARTESIAN_POINT('Ctrl Pts',(5.39013923158273,4.24903066935871,-2.060356598784));
#9085=CARTESIAN_POINT('Ctrl Pts',(4.83810624153734,4.27035192490432,-3.50454091062966));
#9086=CARTESIAN_POINT('Ctrl Pts',(2.51825395385478,4.31299443599554,-5.91706338828289));
#9087=CARTESIAN_POINT('Ctrl Pts',(-2.51825395385465,4.37695820263238,-5.91706338828294));
#9088=CARTESIAN_POINT('Ctrl Pts',(-4.83810624153727,4.4196007137236,-3.50454091062977));
#9089=CARTESIAN_POINT('Ctrl Pts',(-5.39013923158268,4.44092196926921,-2.06035659878411));
#9090=CARTESIAN_POINT('Ctrl Pts',(5.30000000000007,4.30474497033551,-2.02590128091161));
#9091=CARTESIAN_POINT('Ctrl Pts',(4.75719865080718,4.32606622588112,-3.4459345164046));
#9092=CARTESIAN_POINT('Ctrl Pts',(2.47614122418716,4.36870873697234,-5.81811241055665));
#9093=CARTESIAN_POINT('Ctrl Pts',(-2.47614122418705,4.43267250360918,-5.81811241055669));
#9094=CARTESIAN_POINT('Ctrl Pts',(-4.75719865080712,4.4753150147004,-3.44593451640469));
#9095=CARTESIAN_POINT('Ctrl Pts',(-5.30000000000003,4.49663627024601,-2.02590128091171));
#9096=CARTESIAN_POINT('Ctrl Pts',(-5.29880145233403,4.32065232801098,-2.73305038772728));
#9097=CARTESIAN_POINT('Ctrl Pts',(-4.66342563307602,4.30227808556691,-3.95445617486826));
#9098=CARTESIAN_POINT('Ctrl Pts',(-3.59845265371287,4.28390384312285,-4.95451213289447));
#9099=CARTESIAN_POINT('Ctrl Pts',(-2.33434677791177,4.26552960067878,-5.49166243257157));
#9100=CARTESIAN_POINT('Ctrl Pts',(-0.867493137729867,4.24420834513317,-6.11496534373542));
#9101=CARTESIAN_POINT('Ctrl Pts',(0.867493137730083,4.22288708958756,-6.11496534373539));
#9102=CARTESIAN_POINT('Ctrl Pts',(2.33434677791196,4.20156583404195,-5.49166243257149));
#9103=CARTESIAN_POINT('Ctrl Pts',(3.598452653713,4.18319159159788,-4.95451213289436));
#9104=CARTESIAN_POINT('Ctrl Pts',(4.6634256330761,4.16481734915381,-3.95445617486816));
#9105=CARTESIAN_POINT('Ctrl Pts',(5.29880145233407,4.14644310670975,-2.73305038772721));
#9106=CARTESIAN_POINT('Ctrl Pts',(5.57041769474807,3.63760206740511,-2.12926723452873));
#9107=CARTESIAN_POINT('Ctrl Pts',(4.99992142299769,3.65892332295072,-3.62175369907975));
#9108=CARTESIAN_POINT('Ctrl Pts',(2.60253335326725,3.70156583404195,-6.11497719455214));
#9109=CARTESIAN_POINT('Ctrl Pts',(-2.60253335326699,3.76552960067878,-6.11497719455225));
#9110=CARTESIAN_POINT('Ctrl Pts',(-4.99992142299754,3.80817211177,-3.62175369907996));
#9111=CARTESIAN_POINT('Ctrl Pts',(-5.57041769474798,3.82949336731562,-2.12926723452896));
#9112=CARTESIAN_POINT('Ctrl Pts',(5.48027846316541,3.69331636838191,-2.09481191665635));
#9113=CARTESIAN_POINT('Ctrl Pts',(4.91901383226753,3.71463762392752,-3.56314730485469));
#9114=CARTESIAN_POINT('Ctrl Pts',(2.56041975075357,3.75728013501875,-6.01602602505868));
#9115=CARTESIAN_POINT('Ctrl Pts',(-2.56041975075334,3.82124390165557,-6.01602602505877));
#9116=CARTESIAN_POINT('Ctrl Pts',(-4.91901383226739,3.8638864127468,-3.56314730485488));
#9117=CARTESIAN_POINT('Ctrl Pts',(-5.48027846316532,3.88520766829241,-2.09481191665656));
#9118=CARTESIAN_POINT('Ctrl Pts',(5.39013923158274,3.74903066935871,-2.06035659878396));
#9119=CARTESIAN_POINT('Ctrl Pts',(4.83810624153737,3.77035192490432,-3.50454091062963));
#9120=CARTESIAN_POINT('Ctrl Pts',(2.51830614823989,3.81299443599554,-5.91707485556522));
#9121=CARTESIAN_POINT('Ctrl Pts',(-2.51830614823968,3.87695820263238,-5.91707485556531));
#9122=CARTESIAN_POINT('Ctrl Pts',(-4.83810624153724,3.9196007137236,-3.5045409106298));
#9123=CARTESIAN_POINT('Ctrl Pts',(-5.39013923158267,3.94092196926921,-2.06035659878415));
#9124=CARTESIAN_POINT('Ctrl Pts',(5.30000000000008,3.80474497033551,-2.02590128091157));
#9125=CARTESIAN_POINT('Ctrl Pts',(4.75719865080721,3.82606622588112,-3.44593451640457));
#9126=CARTESIAN_POINT('Ctrl Pts',(2.47619254572621,3.86870873697234,-5.81812368607176));
#9127=CARTESIAN_POINT('Ctrl Pts',(-2.47619254572602,3.93267250360917,-5.81812368607183));
#9128=CARTESIAN_POINT('Ctrl Pts',(-4.7571986508071,3.9753150147004,-3.44593451640472));
#9129=CARTESIAN_POINT('Ctrl Pts',(-5.30000000000001,3.99663627024601,-2.02590128091175));
#9130=CARTESIAN_POINT('Ctrl Pts',(-5.29880284378612,3.82065232801098,-2.73305070386525));
#9131=CARTESIAN_POINT('Ctrl Pts',(-4.66343248751807,3.80227808556691,-3.95445775628079));
#9132=CARTESIAN_POINT('Ctrl Pts',(-3.59847900245394,3.78390384312284,-4.95451846780633));
#9133=CARTESIAN_POINT('Ctrl Pts',(-2.33436925294392,3.76552960067878,-5.49167132068416));
#9134=CARTESIAN_POINT('Ctrl Pts',(-0.867511117755583,3.74420834513317,-6.11497719455221));
#9135=CARTESIAN_POINT('Ctrl Pts',(0.867511117755839,3.72288708958756,-6.11497719455218));
#9136=CARTESIAN_POINT('Ctrl Pts',(2.33436925294415,3.70156583404194,-5.49167132068406));
#9137=CARTESIAN_POINT('Ctrl Pts',(3.5984790024541,3.68319159159788,-4.9545184678062));
#9138=CARTESIAN_POINT('Ctrl Pts',(4.66343248751815,3.66481734915381,-3.95445775628068));
#9139=CARTESIAN_POINT('Ctrl Pts',(5.29880284378616,3.64644310670975,-2.73305070386518));
#9140=CARTESIAN_POINT('Ctrl Pts',(5.57041769474805,3.13760206740511,-2.12926723452877));
#9141=CARTESIAN_POINT('Ctrl Pts',(4.99992142299767,3.15892332295072,-3.62175369907977));
#9142=CARTESIAN_POINT('Ctrl Pts',(2.60258956822028,3.20156583404194,-6.11498924454431));
#9143=CARTESIAN_POINT('Ctrl Pts',(-2.60258956822003,3.26552960067878,-6.11498924454441));
#9144=CARTESIAN_POINT('Ctrl Pts',(-4.99992142299752,3.30817211177,-3.62175369907998));
#9145=CARTESIAN_POINT('Ctrl Pts',(-5.57041769474796,3.32949336731561,-2.129267234529));
#9146=CARTESIAN_POINT('Ctrl Pts',(5.48027846316539,3.19331636838191,-2.09481191665639));
#9147=CARTESIAN_POINT('Ctrl Pts',(4.91901383226751,3.21463762392752,-3.56314730485471));
#9148=CARTESIAN_POINT('Ctrl Pts',(2.56047505604902,3.25728013501874,-6.01603788006061));
#9149=CARTESIAN_POINT('Ctrl Pts',(-2.56047505604879,3.32124390165558,-6.01603788006071));
#9150=CARTESIAN_POINT('Ctrl Pts',(-4.91901383226737,3.3638864127468,-3.5631473048549));
#9151=CARTESIAN_POINT('Ctrl Pts',(-5.48027846316531,3.38520766829241,-2.0948119166566));
#9152=CARTESIAN_POINT('Ctrl Pts',(5.39013923158273,3.24903066935871,-2.060356598784));
#9153=CARTESIAN_POINT('Ctrl Pts',(4.83810624153735,3.27035192490432,-3.50454091062965));
#9154=CARTESIAN_POINT('Ctrl Pts',(2.51836054387776,3.31299443599554,-5.91708651557692));
#9155=CARTESIAN_POINT('Ctrl Pts',(-2.51836054387756,3.37695820263238,-5.91708651557701));
#9156=CARTESIAN_POINT('Ctrl Pts',(-4.83810624153722,3.4196007137236,-3.50454091062982));
#9157=CARTESIAN_POINT('Ctrl Pts',(-5.39013923158265,3.44092196926921,-2.06035659878419));
#9158=CARTESIAN_POINT('Ctrl Pts',(5.30000000000006,3.30474497033551,-2.02590128091161));
#9159=CARTESIAN_POINT('Ctrl Pts',(4.75719865080719,3.32606622588112,-3.44593451640459));
#9160=CARTESIAN_POINT('Ctrl Pts',(2.4762460317065,3.36870873697234,-5.81813515109322));
#9161=CARTESIAN_POINT('Ctrl Pts',(-2.47624603170632,3.43267250360918,-5.81813515109331));
#9162=CARTESIAN_POINT('Ctrl Pts',(-4.75719865080708,3.4753150147004,-3.44593451640474));
#9163=CARTESIAN_POINT('Ctrl Pts',(-5.3,3.49663627024601,-2.02590128091178));
#9164=CARTESIAN_POINT('Ctrl Pts',(-5.29880429392152,3.32065232801098,-2.73305102531644));
#9165=CARTESIAN_POINT('Ctrl Pts',(-4.6634396310403,3.30227808556691,-3.95445936427191));
#9166=CARTESIAN_POINT('Ctrl Pts',(-3.59850646243029,3.28390384312285,-4.95452490918835));
#9167=CARTESIAN_POINT('Ctrl Pts',(-2.33439267584103,3.26552960067878,-5.49168035817828));
#9168=CARTESIAN_POINT('Ctrl Pts',(-0.867529856073264,3.24420834513317,-6.11498924454438));
#9169=CARTESIAN_POINT('Ctrl Pts',(0.867529856073517,3.22288708958756,-6.11498924454434));
#9170=CARTESIAN_POINT('Ctrl Pts',(2.33439267584125,3.20156583404194,-5.49168035817819));
#9171=CARTESIAN_POINT('Ctrl Pts',(3.59850646243042,3.18319159159788,-4.95452490918824));
#9172=CARTESIAN_POINT('Ctrl Pts',(4.66343963104033,3.16481734915381,-3.95445936427184));
#9173=CARTESIAN_POINT('Ctrl Pts',(5.29880429392152,3.14644310670975,-2.73305102531645));
#9174=CARTESIAN_POINT('Ctrl Pts',(5.57041769474806,2.63760206740511,-2.12926723452875));
#9175=CARTESIAN_POINT('Ctrl Pts',(4.99992142299768,2.65892332295072,-3.62175369907976));
#9176=CARTESIAN_POINT('Ctrl Pts',(2.60264820506063,2.70156583404194,-6.11500149877567));
#9177=CARTESIAN_POINT('Ctrl Pts',(-2.60264820506036,2.76552960067878,-6.1150014987758));
#9178=CARTESIAN_POINT('Ctrl Pts',(-4.99992142299752,2.80817211177,-3.62175369907999));
#9179=CARTESIAN_POINT('Ctrl Pts',(-5.57041769474796,2.82949336731561,-2.129267234529));
#9180=CARTESIAN_POINT('Ctrl Pts',(5.4802784631654,2.69331636838191,-2.09481191665637));
#9181=CARTESIAN_POINT('Ctrl Pts',(4.91901383226752,2.71463762392752,-3.5631473048547));
#9182=CARTESIAN_POINT('Ctrl Pts',(2.56053274404136,2.75728013501874,-6.0160499359968));
#9183=CARTESIAN_POINT('Ctrl Pts',(-2.56053274404112,2.82124390165558,-6.01604993599691));
#9184=CARTESIAN_POINT('Ctrl Pts',(-4.91901383226737,2.8638864127468,-3.56314730485491));
#9185=CARTESIAN_POINT('Ctrl Pts',(-5.48027846316531,2.88520766829241,-2.09481191665659));
#9186=CARTESIAN_POINT('Ctrl Pts',(5.39013923158273,2.74903066935871,-2.06035659878398));
#9187=CARTESIAN_POINT('Ctrl Pts',(4.83810624153736,2.77035192490432,-3.50454091062964));
#9188=CARTESIAN_POINT('Ctrl Pts',(2.5184172830221,2.81299443599554,-5.91709837321793));
#9189=CARTESIAN_POINT('Ctrl Pts',(-2.51841728302187,2.87695820263238,-5.91709837321802));
#9190=CARTESIAN_POINT('Ctrl Pts',(-4.83810624153722,2.9196007137236,-3.50454091062983));
#9191=CARTESIAN_POINT('Ctrl Pts',(-5.39013923158265,2.94092196926921,-2.06035659878419));
#9192=CARTESIAN_POINT('Ctrl Pts',(5.30000000000007,2.80474497033551,-2.02590128091159));
#9193=CARTESIAN_POINT('Ctrl Pts',(4.7571986508072,2.82606622588112,-3.44593451640458));
#9194=CARTESIAN_POINT('Ctrl Pts',(2.47630182200283,2.86870873697234,-5.81814681043904));
#9195=CARTESIAN_POINT('Ctrl Pts',(-2.47630182200262,2.93267250360918,-5.81814681043914));
#9196=CARTESIAN_POINT('Ctrl Pts',(-4.75719865080708,2.9753150147004,-3.44593451640475));
#9197=CARTESIAN_POINT('Ctrl Pts',(-5.3,2.99663627024601,-2.02590128091178));
#9198=CARTESIAN_POINT('Ctrl Pts',(-5.29880580653255,2.82065232801098,-2.73305135221603));
#9199=CARTESIAN_POINT('Ctrl Pts',(-4.66344708232414,2.80227808556691,-3.9544609995174));
#9200=CARTESIAN_POINT('Ctrl Pts',(-3.59853510545427,2.78390384312285,-4.95453145974746));
#9201=CARTESIAN_POINT('Ctrl Pts',(-2.33441710785782,2.76552960067878,-5.49168954885182));
#9202=CARTESIAN_POINT('Ctrl Pts',(-0.867549401686696,2.74420834513317,-6.11500149877576));
#9203=CARTESIAN_POINT('Ctrl Pts',(0.867549401686965,2.72288708958756,-6.11500149877572));
#9204=CARTESIAN_POINT('Ctrl Pts',(2.33441710785806,2.70156583404194,-5.49168954885172));
#9205=CARTESIAN_POINT('Ctrl Pts',(3.5985351054544,2.68319159159788,-4.95453145974733));
#9206=CARTESIAN_POINT('Ctrl Pts',(4.66344708232417,2.66481734915381,-3.95446099951732));
#9207=CARTESIAN_POINT('Ctrl Pts',(5.29880580653254,2.64644310670975,-2.73305135221604));
#9208=CARTESIAN_POINT('Ctrl Pts',(3.33938102855712,1.6560079655257,4.68116368345904));
#9209=CARTESIAN_POINT('Ctrl Pts',(4.25384425693266,1.67155338894104,4.02881709559226));
#9210=CARTESIAN_POINT('Ctrl Pts',(4.97010039912917,1.68709881235638,3.10236364318426));
#9211=CARTESIAN_POINT('Ctrl Pts',(5.3711739735355,1.70264423577171,2.05310721377085));
#9212=CARTESIAN_POINT('Ctrl Pts',(3.32463086914923,1.67067197701713,4.66048682449776));
#9213=CARTESIAN_POINT('Ctrl Pts',(4.23505488239004,1.68621740043247,4.01102167366316));
#9214=CARTESIAN_POINT('Ctrl Pts',(4.94814729688254,1.70176282384781,3.08866039761662));
#9215=CARTESIAN_POINT('Ctrl Pts',(5.34744931569033,1.71730824726315,2.04403856948448));
#9216=CARTESIAN_POINT('Ctrl Pts',(3.30988070974135,1.68533598850857,4.63980996553648));
#9217=CARTESIAN_POINT('Ctrl Pts',(4.21626550784742,1.7008814119239,3.99322625173406));
#9218=CARTESIAN_POINT('Ctrl Pts',(4.92619419463592,1.71642683533924,3.07495715204899));
#9219=CARTESIAN_POINT('Ctrl Pts',(5.32372465784517,1.73197225875458,2.03496992519812));
#9220=CARTESIAN_POINT('Ctrl Pts',(3.29513055033346,1.7,4.61913310657521));
#9221=CARTESIAN_POINT('Ctrl Pts',(4.1974761333048,1.71554542341534,3.97543082980495));
#9222=CARTESIAN_POINT('Ctrl Pts',(4.90424109238929,1.73109084683067,3.06125390648136));
#9223=CARTESIAN_POINT('Ctrl Pts',(5.30000000000001,1.74663627024601,2.02590128091176));
#9224=CARTESIAN_POINT('Ctrl Pts',(5.57041769474805,2.13760206740511,-2.12926723452878));
#9225=CARTESIAN_POINT('Ctrl Pts',(4.99992142299766,2.15892332295072,-3.62175369907978));
#9226=CARTESIAN_POINT('Ctrl Pts',(2.60270942374579,2.20156583404195,-6.11501396248324));
#9227=CARTESIAN_POINT('Ctrl Pts',(-2.60270942374558,2.26552960067878,-6.11501396248333));
#9228=CARTESIAN_POINT('Ctrl Pts',(-4.99992142299754,2.30817211177,-3.62175369907995));
#9229=CARTESIAN_POINT('Ctrl Pts',(-5.57041769474798,2.32949336731561,-2.12926723452896));
#9230=CARTESIAN_POINT('Ctrl Pts',(5.48027846316539,2.19331636838191,-2.09481191665639));
#9231=CARTESIAN_POINT('Ctrl Pts',(4.9190138322675,2.21463762392752,-3.56314730485472));
#9232=CARTESIAN_POINT('Ctrl Pts',(2.56059297209968,2.25728013501874,-6.01606219801948));
#9233=CARTESIAN_POINT('Ctrl Pts',(-2.5605929720995,2.32124390165558,-6.01606219801956));
#9234=CARTESIAN_POINT('Ctrl Pts',(-4.9190138322674,2.3638864127468,-3.56314730485487));
#9235=CARTESIAN_POINT('Ctrl Pts',(-5.48027846316533,2.38520766829241,-2.09481191665655));
#9236=CARTESIAN_POINT('Ctrl Pts',(5.39013923158273,2.24903066935871,-2.060356598784));
#9237=CARTESIAN_POINT('Ctrl Pts',(4.83810624153734,2.27035192490432,-3.50454091062966));
#9238=CARTESIAN_POINT('Ctrl Pts',(2.51847652045358,2.31299443599554,-5.91711043355573));
#9239=CARTESIAN_POINT('Ctrl Pts',(-2.51847652045342,2.37695820263238,-5.9171104335558));
#9240=CARTESIAN_POINT('Ctrl Pts',(-4.83810624153725,2.4196007137236,-3.50454091062979));
#9241=CARTESIAN_POINT('Ctrl Pts',(-5.39013923158267,2.44092196926921,-2.06035659878415));
#9242=CARTESIAN_POINT('Ctrl Pts',(5.30000000000006,2.30474497033551,-2.02590128091161));
#9243=CARTESIAN_POINT('Ctrl Pts',(4.75719865080718,2.32606622588112,-3.4459345164046));
#9244=CARTESIAN_POINT('Ctrl Pts',(2.47636006880748,2.36870873697234,-5.81815866909197));
#9245=CARTESIAN_POINT('Ctrl Pts',(-2.47636006880735,2.43267250360918,-5.81815866909203));
#9246=CARTESIAN_POINT('Ctrl Pts',(-4.7571986508071,2.4753150147004,-3.44593451640471));
#9247=CARTESIAN_POINT('Ctrl Pts',(-5.30000000000002,2.49663627024601,-2.02590128091174));
#9248=CARTESIAN_POINT('Ctrl Pts',(-5.29880738574548,2.32065232801098,-2.73305168470376));
#9249=CARTESIAN_POINT('Ctrl Pts',(-4.66345486169622,2.30227808556691,-3.9544626627161));
#9250=CARTESIAN_POINT('Ctrl Pts',(-3.59856500966224,2.28390384312285,-4.95453812228305));
#9251=CARTESIAN_POINT('Ctrl Pts',(-2.33444261564335,2.26552960067878,-5.49169889663246));
#9252=CARTESIAN_POINT('Ctrl Pts',(-0.867569807915124,2.24420834513317,-6.1150139624833));
#9253=CARTESIAN_POINT('Ctrl Pts',(0.867569807915348,2.22288708958756,-6.11501396248327));
#9254=CARTESIAN_POINT('Ctrl Pts',(2.33444261564355,2.20156583404194,-5.49169889663238));
#9255=CARTESIAN_POINT('Ctrl Pts',(3.59856500966236,2.18319159159788,-4.95453812228294));
#9256=CARTESIAN_POINT('Ctrl Pts',(4.66345486169627,2.16481734915381,-3.95446266271602));
#9257=CARTESIAN_POINT('Ctrl Pts',(5.29880738574549,2.14644310670975,-2.73305168470373));
#9258=CARTESIAN_POINT('Ctrl Pts',(-5.57041769474802,9.88760206740511,2.12926723452885));
#9259=CARTESIAN_POINT('Ctrl Pts',(-5.00778278331144,9.90862951897603,3.601187440469));
#9260=CARTESIAN_POINT('Ctrl Pts',(-2.66146381920761,9.95068442211787,6.06760000755336));
#9261=CARTESIAN_POINT('Ctrl Pts',(2.45841483015064,10.0137667768306,6.15267064253467));
#9262=CARTESIAN_POINT('Ctrl Pts',(4.88537857111114,10.0558216799725,3.76556975810437));
#9263=CARTESIAN_POINT('Ctrl Pts',(5.49660352236387,10.0768491315434,2.31315411677155));
#9264=CARTESIAN_POINT('Ctrl Pts',(-5.48027846316536,9.94331636838191,2.09481191665646));
#9265=CARTESIAN_POINT('Ctrl Pts',(-4.92674798183754,9.96434381995283,3.54291384476091));
#9266=CARTESIAN_POINT('Ctrl Pts',(-2.61839661730376,10.0063987230947,5.96941548491918));
#9267=CARTESIAN_POINT('Ctrl Pts',(2.41863332078375,10.0694810778074,6.05310952624313));
#9268=CARTESIAN_POINT('Ctrl Pts',(4.80632448674589,10.1115359809493,3.70463616513764));
#9269=CARTESIAN_POINT('Ctrl Pts',(5.40765873492225,10.1325634325202,2.27572318321432));
#9270=CARTESIAN_POINT('Ctrl Pts',(-5.3901392315827,9.99903066935871,2.06035659878408));
#9271=CARTESIAN_POINT('Ctrl Pts',(-4.84571318036364,10.0200581209296,3.48464024905282));
#9272=CARTESIAN_POINT('Ctrl Pts',(-2.57532941539992,10.0621130240715,5.87123096228501));
#9273=CARTESIAN_POINT('Ctrl Pts',(2.37885181141685,10.1251953787842,5.95354840995159));
#9274=CARTESIAN_POINT('Ctrl Pts',(4.72727040238063,10.1672502819261,3.64370257217091));
#9275=CARTESIAN_POINT('Ctrl Pts',(5.31871394748063,10.188277733497,2.2382922496571));
#9276=CARTESIAN_POINT('Ctrl Pts',(-5.30000000000004,10.0547449703355,2.02590128091169));
#9277=CARTESIAN_POINT('Ctrl Pts',(-4.76467837888975,10.0757724219064,3.42636665334472));
#9278=CARTESIAN_POINT('Ctrl Pts',(-2.53226221349607,10.1178273250483,5.77304643965084));
#9279=CARTESIAN_POINT('Ctrl Pts',(2.33907030204995,10.180909679761,5.85398729366005));
#9280=CARTESIAN_POINT('Ctrl Pts',(4.64821631801538,10.2229645829029,3.58276897920417));
#9281=CARTESIAN_POINT('Ctrl Pts',(5.22976916003901,10.2439920344738,2.20086131609988));
#9282=CARTESIAN_POINT('Ctrl Pts',(5.29937727132781,10.070652328011,2.73335416932968));
#9283=CARTESIAN_POINT('Ctrl Pts',(4.64458993192744,10.0516904776175,3.99416754894454));
#9284=CARTESIAN_POINT('Ctrl Pts',(3.52847041137368,10.0327286272241,5.01635074938128));
#9285=CARTESIAN_POINT('Ctrl Pts',(2.21184265716439,10.0137667768306,5.54171698226355));
#9286=CARTESIAN_POINT('Ctrl Pts',(0.751788613697917,9.99273932525971,6.12431376420756));
#9287=CARTESIAN_POINT('Ctrl Pts',(-0.954837602754798,9.97171187368879,6.09595688588046));
#9288=CARTESIAN_POINT('Ctrl Pts',(-2.39473045200711,9.95068442211787,5.46517530494586));
#9289=CARTESIAN_POINT('Ctrl Pts',(-3.6328212389764,9.9326039836485,4.9227982354642));
#9290=CARTESIAN_POINT('Ctrl Pts',(-4.67370518265106,9.91452354517912,3.93502404461425));
#9291=CARTESIAN_POINT('Ctrl Pts',(-5.29882679764387,9.89644310670975,2.73307152252115));
#9292=CARTESIAN_POINT('Ctrl Pts',(5.29999999999896,10.2,2.23041679630145));
#9293=CARTESIAN_POINT('Ctrl Pts',(5.23241952735398,10.2,2.3808175551757));
#9294=CARTESIAN_POINT('Ctrl Pts',(5.15804806473892,10.2,2.5281737391809));
#9295=CARTESIAN_POINT('Ctrl Pts',(5.07722598254852,10.2,2.67216977932745));
#9296=CARTESIAN_POINT('Ctrl Pts',(5.0229092987009,10.2,2.76894268069273));
#9297=CARTESIAN_POINT('Ctrl Pts',(4.96567821713731,10.2,2.86419737967935));
#9298=CARTESIAN_POINT('Ctrl Pts',(4.90562625739763,10.2,2.95782924160952));
#9299=CARTESIAN_POINT('Ctrl Pts',(4.88692974444508,10.2,2.98698048541469));
#9300=CARTESIAN_POINT('Ctrl Pts',(4.86795974672843,10.2,3.01597436703077));
#9301=CARTESIAN_POINT('Ctrl Pts',(4.84871895228436,10.2,3.04480756730779));
#9302=CARTESIAN_POINT('Ctrl Pts',(4.83790351113752,10.2,3.06101499479098));
#9303=CARTESIAN_POINT('Ctrl Pts',(4.82700484205812,10.2,3.07716810245289));
#9304=CARTESIAN_POINT('Ctrl Pts',(4.81602797393973,10.2,3.09325997593382));
#9305=CARTESIAN_POINT('Ctrl Pts',(4.72449726847174,10.2,3.22744219586432));
#9306=CARTESIAN_POINT('Ctrl Pts',(4.62744184986836,10.2,3.35750589833564));
#9307=CARTESIAN_POINT('Ctrl Pts',(4.52524442589048,10.2,3.48319200037421));
#9308=CARTESIAN_POINT('Ctrl Pts',(4.42150752829118,10.2,3.61077140295928));
#9309=CARTESIAN_POINT('Ctrl Pts',(4.31247206447597,10.2,3.73384090511949));
#9310=CARTESIAN_POINT('Ctrl Pts',(4.19849423046693,10.2,3.85209949386874));
#9311=CARTESIAN_POINT('Ctrl Pts',(4.0846707967379,10.2,3.9701978834058));
#9312=CARTESIAN_POINT('Ctrl Pts',(3.96591778653675,10.2,4.08349889488121));
#9313=CARTESIAN_POINT('Ctrl Pts',(3.84255454365857,10.2,4.1916649118813));
#9314=CARTESIAN_POINT('Ctrl Pts',(3.72103207522979,10.2,4.29821692104777));
#9315=CARTESIAN_POINT('Ctrl Pts',(3.59503532866797,10.2,4.39978642913786));
#9316=CARTESIAN_POINT('Ctrl Pts',(3.46484411004944,10.2,4.49600743891934));
#9317=CARTESIAN_POINT('Ctrl Pts',(3.40796672389322,10.2,4.53804406464384));
#9318=CARTESIAN_POINT('Ctrl Pts',(3.35028850152571,10.2,4.57905927666431));
#9319=CARTESIAN_POINT('Ctrl Pts',(3.2918316544852,10.2,4.61901961237496));
#9320=CARTESIAN_POINT('Ctrl Pts',(-5.57041769474798,9.38760206740511,2.12926723452897));
#9321=CARTESIAN_POINT('Ctrl Pts',(-4.99992142299755,9.40892332295072,3.62175369907993));
#9322=CARTESIAN_POINT('Ctrl Pts',(-2.60202173729952,9.45156583404194,6.1148517922813));
#9323=CARTESIAN_POINT('Ctrl Pts',(2.60202173729949,9.51552960067878,6.11485179228131));
#9324=CARTESIAN_POINT('Ctrl Pts',(4.99992142299753,9.55817211177,3.62175369907995));
#9325=CARTESIAN_POINT('Ctrl Pts',(5.57041769474797,9.57949336731561,2.129267234529));
#9326=CARTESIAN_POINT('Ctrl Pts',(-5.48027846316531,9.44331636838191,2.09481191665658));
#9327=CARTESIAN_POINT('Ctrl Pts',(-4.91901383226739,9.46463762392752,3.56314730485486));
#9328=CARTESIAN_POINT('Ctrl Pts',(-2.55991641363901,9.50728013501875,6.01590265201885));
#9329=CARTESIAN_POINT('Ctrl Pts',(2.559916413639,9.57124390165558,6.01590265201885));
#9330=CARTESIAN_POINT('Ctrl Pts',(4.91901383226738,9.6138864127468,3.56314730485487));
#9331=CARTESIAN_POINT('Ctrl Pts',(5.48027846316531,9.63520766829241,2.09481191665659));
#9332=CARTESIAN_POINT('Ctrl Pts',(-5.39013923158265,9.49903066935871,2.06035659878419));
#9333=CARTESIAN_POINT('Ctrl Pts',(-4.83810624153723,9.52035192490432,3.5045409106298));
#9334=CARTESIAN_POINT('Ctrl Pts',(-2.5178110899785,9.56299443599554,5.9169535117564));
#9335=CARTESIAN_POINT('Ctrl Pts',(2.51781108997851,9.62695820263239,5.91695351175639));
#9336=CARTESIAN_POINT('Ctrl Pts',(4.83810624153724,9.6696007137236,3.50454091062979));
#9337=CARTESIAN_POINT('Ctrl Pts',(5.39013923158266,9.69092196926921,2.06035659878419));
#9338=CARTESIAN_POINT('Ctrl Pts',(-5.29999999999999,9.55474497033551,2.0259012809118));
#9339=CARTESIAN_POINT('Ctrl Pts',(-4.75719865080707,9.57606622588112,3.44593451640474));
#9340=CARTESIAN_POINT('Ctrl Pts',(-2.47570576631799,9.61870873697235,5.81800437149395));
#9341=CARTESIAN_POINT('Ctrl Pts',(2.47570576631801,9.68267250360917,5.81800437149394));
#9342=CARTESIAN_POINT('Ctrl Pts',(4.75719865080709,9.7253150147004,3.44593451640471));
#9343=CARTESIAN_POINT('Ctrl Pts',(5.3,9.74663627024601,2.02590128091178));
#9344=CARTESIAN_POINT('Ctrl Pts',(5.29878964600915,9.57065232801098,2.73304735857541));
#9345=CARTESIAN_POINT('Ctrl Pts',(4.66336747385501,9.55227808556691,3.95444102218344));
#9346=CARTESIAN_POINT('Ctrl Pts',(3.59822908741181,9.53390384312285,4.9544514334113));
#9347=CARTESIAN_POINT('Ctrl Pts',(2.33415607962419,9.51552960067878,5.49157726898096));
#9348=CARTESIAN_POINT('Ctrl Pts',(0.86734057909982,9.49420834513317,6.11485179228131));
#9349=CARTESIAN_POINT('Ctrl Pts',(-0.867340579099835,9.47288708958756,6.11485179228131));
#9350=CARTESIAN_POINT('Ctrl Pts',(-2.33415607962422,9.45156583404194,5.49157726898095));
#9351=CARTESIAN_POINT('Ctrl Pts',(-3.59822908741174,9.43319159159788,4.95445143341132));
#9352=CARTESIAN_POINT('Ctrl Pts',(-4.66336747385479,9.41481734915382,3.95444102218365));
#9353=CARTESIAN_POINT('Ctrl Pts',(-5.29878964600896,9.39644310670975,2.73304735857576));
#9354=CARTESIAN_POINT('Ctrl Pts',(-5.57041769474799,8.88760206740511,2.12926723452893));
#9355=CARTESIAN_POINT('Ctrl Pts',(-4.99992142299756,8.90892332295072,3.62175369907992));
#9356=CARTESIAN_POINT('Ctrl Pts',(-2.60205829780483,8.95156583404195,6.11486181944139));
#9357=CARTESIAN_POINT('Ctrl Pts',(2.60205829780481,9.01552960067878,6.11486181944141));
#9358=CARTESIAN_POINT('Ctrl Pts',(4.99992142299755,9.05817211177,3.62175369907994));
#9359=CARTESIAN_POINT('Ctrl Pts',(5.57041769474798,9.07949336731561,2.12926723452896));
#9360=CARTESIAN_POINT('Ctrl Pts',(-5.48027846316533,8.94331636838191,2.09481191665655));
#9361=CARTESIAN_POINT('Ctrl Pts',(-4.9190138322674,8.96463762392752,3.56314730485485));
#9362=CARTESIAN_POINT('Ctrl Pts',(-2.55995238253055,9.00728013501875,6.01591251692172));
#9363=CARTESIAN_POINT('Ctrl Pts',(2.55995238253054,9.07124390165558,6.01591251692172));
#9364=CARTESIAN_POINT('Ctrl Pts',(4.9190138322674,9.1138864127468,3.56314730485486));
#9365=CARTESIAN_POINT('Ctrl Pts',(5.48027846316533,9.13520766829241,2.09481191665655));
#9366=CARTESIAN_POINT('Ctrl Pts',(-5.39013923158267,8.99903066935871,2.06035659878416));
#9367=CARTESIAN_POINT('Ctrl Pts',(-4.83810624153725,9.02035192490432,3.50454091062979));
#9368=CARTESIAN_POINT('Ctrl Pts',(-2.51784646725626,9.06299443599555,5.91696321440205));
#9369=CARTESIAN_POINT('Ctrl Pts',(2.51784646725627,9.12695820263238,5.91696321440204));
#9370=CARTESIAN_POINT('Ctrl Pts',(4.83810624153725,9.1696007137236,3.50454091062979));
#9371=CARTESIAN_POINT('Ctrl Pts',(5.39013923158267,9.19092196926921,2.06035659878415));
#9372=CARTESIAN_POINT('Ctrl Pts',(-5.30000000000001,9.05474497033551,2.02590128091177));
#9373=CARTESIAN_POINT('Ctrl Pts',(-4.75719865080709,9.07606622588112,3.44593451640473));
#9374=CARTESIAN_POINT('Ctrl Pts',(-2.47574055198197,9.11870873697235,5.81801391188237));
#9375=CARTESIAN_POINT('Ctrl Pts',(2.475740551982,9.18267250360918,5.81801391188236));
#9376=CARTESIAN_POINT('Ctrl Pts',(4.7571986508071,9.2253150147004,3.4459345164047));
#9377=CARTESIAN_POINT('Ctrl Pts',(5.30000000000002,9.24663627024601,2.02590128091174));
#9378=CARTESIAN_POINT('Ctrl Pts',(5.29879058913332,9.07065232801098,2.73304762606466));
#9379=CARTESIAN_POINT('Ctrl Pts',(4.66337211978577,9.05227808556692,3.95444236024115));
#9380=CARTESIAN_POINT('Ctrl Pts',(3.59824694654989,9.03390384312285,4.95445679347862));
#9381=CARTESIAN_POINT('Ctrl Pts',(2.33417131316803,9.01552960067878,5.49158478935105));
#9382=CARTESIAN_POINT('Ctrl Pts',(0.86735276593488,8.99420834513317,6.11486181944142));
#9383=CARTESIAN_POINT('Ctrl Pts',(-0.867352765934979,8.97288708958756,6.11486181944141));
#9384=CARTESIAN_POINT('Ctrl Pts',(-2.33417131316813,8.95156583404195,5.491584789351));
#9385=CARTESIAN_POINT('Ctrl Pts',(-3.59824694654989,8.93319159159788,4.95445679347859));
#9386=CARTESIAN_POINT('Ctrl Pts',(-4.66337211978561,8.91481734915381,3.95444236024129));
#9387=CARTESIAN_POINT('Ctrl Pts',(-5.29879058913318,8.89644310670975,2.73304762606494));
#9388=CARTESIAN_POINT('Ctrl Pts',(-5.570417694748,8.38760206740511,2.1292672345289));
#9389=CARTESIAN_POINT('Ctrl Pts',(-4.99992142299759,8.40892332295072,3.62175369907989));
#9390=CARTESIAN_POINT('Ctrl Pts',(-2.60209612070549,8.45156583404195,6.11487200146251));
#9391=CARTESIAN_POINT('Ctrl Pts',(2.60209612070538,8.51552960067878,6.11487200146255));
#9392=CARTESIAN_POINT('Ctrl Pts',(4.99992142299752,8.55817211177,3.62175369907997));
#9393=CARTESIAN_POINT('Ctrl Pts',(5.57041769474797,8.57949336731561,2.129267234529));
#9394=CARTESIAN_POINT('Ctrl Pts',(-5.48027846316534,8.44331636838191,2.09481191665651));
#9395=CARTESIAN_POINT('Ctrl Pts',(-4.91901383226743,8.46463762392752,3.56314730485482));
#9396=CARTESIAN_POINT('Ctrl Pts',(-2.55998959338963,8.50728013501874,6.01592253417968));
#9397=CARTESIAN_POINT('Ctrl Pts',(2.55998959338954,8.57124390165558,6.01592253417973));
#9398=CARTESIAN_POINT('Ctrl Pts',(4.91901383226738,8.6138864127468,3.56314730485489));
#9399=CARTESIAN_POINT('Ctrl Pts',(5.48027846316531,8.63520766829241,2.09481191665659));
#9400=CARTESIAN_POINT('Ctrl Pts',(-5.39013923158268,8.49903066935871,2.06035659878412));
#9401=CARTESIAN_POINT('Ctrl Pts',(-4.83810624153727,8.52035192490432,3.50454091062976));
#9402=CARTESIAN_POINT('Ctrl Pts',(-2.51788306607377,8.56299443599554,5.91697306689686));
#9403=CARTESIAN_POINT('Ctrl Pts',(2.5178830660737,8.62695820263238,5.91697306689689));
#9404=CARTESIAN_POINT('Ctrl Pts',(4.83810624153723,8.6696007137236,3.50454091062982));
#9405=CARTESIAN_POINT('Ctrl Pts',(5.39013923158266,8.69092196926921,2.06035659878418));
#9406=CARTESIAN_POINT('Ctrl Pts',(-5.30000000000002,8.55474497033551,2.02590128091173));
#9407=CARTESIAN_POINT('Ctrl Pts',(-4.75719865080711,8.57606622588112,3.4459345164047));
#9408=CARTESIAN_POINT('Ctrl Pts',(-2.47577653875791,8.61870873697234,5.81802359961404));
#9409=CARTESIAN_POINT('Ctrl Pts',(2.47577653875786,8.68267250360917,5.81802359961406));
#9410=CARTESIAN_POINT('Ctrl Pts',(4.75719865080708,8.7253150147004,3.44593451640474));
#9411=CARTESIAN_POINT('Ctrl Pts',(5.3,8.74663627024601,2.02590128091178));
#9412=CARTESIAN_POINT('Ctrl Pts',(5.29879156482254,8.57065232801098,2.73304789768513));
#9413=CARTESIAN_POINT('Ctrl Pts',(4.66337692613552,8.55227808556691,3.9544437189641));
#9414=CARTESIAN_POINT('Ctrl Pts',(3.598265422345,8.53390384312284,4.95446223632765));
#9415=CARTESIAN_POINT('Ctrl Pts',(2.33418707270991,8.51552960067878,5.49159242586691));
#9416=CARTESIAN_POINT('Ctrl Pts',(0.867365373568413,8.49420834513317,6.11487200146254));
#9417=CARTESIAN_POINT('Ctrl Pts',(-0.867365373568523,8.47288708958756,6.11487200146252));
#9418=CARTESIAN_POINT('Ctrl Pts',(-2.33418707271001,8.45156583404195,5.49159242586687));
#9419=CARTESIAN_POINT('Ctrl Pts',(-3.59826542234501,8.43319159159788,4.95446223632762));
#9420=CARTESIAN_POINT('Ctrl Pts',(-4.66337692613546,8.41481734915381,3.95444371896414));
#9421=CARTESIAN_POINT('Ctrl Pts',(-5.29879156482247,8.39644310670975,2.73304789768526));
#9422=CARTESIAN_POINT('Ctrl Pts',(-5.57041769474805,7.88760206740511,2.12926723452878));
#9423=CARTESIAN_POINT('Ctrl Pts',(-4.99992142299766,7.90892332295072,3.62175369907978));
#9424=CARTESIAN_POINT('Ctrl Pts',(-2.60213527253389,7.95156583404195,6.11488234196013));
#9425=CARTESIAN_POINT('Ctrl Pts',(2.6021352725337,8.01552960067878,6.11488234196022));
#9426=CARTESIAN_POINT('Ctrl Pts',(4.99992142299755,8.05817211177,3.62175369907994));
#9427=CARTESIAN_POINT('Ctrl Pts',(5.57041769474798,8.07949336731561,2.12926723452896));
#9428=CARTESIAN_POINT('Ctrl Pts',(-5.48027846316539,7.94331636838191,2.09481191665639));
#9429=CARTESIAN_POINT('Ctrl Pts',(-4.9190138322675,7.96463762392752,3.56314730485472));
#9430=CARTESIAN_POINT('Ctrl Pts',(-2.56002811167205,8.00728013501874,6.01593270734973));
#9431=CARTESIAN_POINT('Ctrl Pts',(2.56002811167188,8.07124390165558,6.01593270734981));
#9432=CARTESIAN_POINT('Ctrl Pts',(4.9190138322674,8.1138864127468,3.56314730485486));
#9433=CARTESIAN_POINT('Ctrl Pts',(5.48027846316533,8.13520766829241,2.09481191665655));
#9434=CARTESIAN_POINT('Ctrl Pts',(-5.39013923158272,7.99903066935871,2.06035659878401));
#9435=CARTESIAN_POINT('Ctrl Pts',(-4.83810624153734,8.02035192490432,3.50454091062966));
#9436=CARTESIAN_POINT('Ctrl Pts',(-2.51792095081021,8.06299443599555,5.91698307273933));
#9437=CARTESIAN_POINT('Ctrl Pts',(2.51792095081006,8.12695820263238,5.9169830727394));
#9438=CARTESIAN_POINT('Ctrl Pts',(4.83810624153725,8.1696007137236,3.50454091062978));
#9439=CARTESIAN_POINT('Ctrl Pts',(5.39013923158267,8.19092196926921,2.06035659878414));
#9440=CARTESIAN_POINT('Ctrl Pts',(-5.30000000000006,8.05474497033551,2.02590128091162));
#9441=CARTESIAN_POINT('Ctrl Pts',(-4.75719865080718,8.07606622588112,3.44593451640459));
#9442=CARTESIAN_POINT('Ctrl Pts',(-2.47581378994838,8.11870873697234,5.81803343812893));
#9443=CARTESIAN_POINT('Ctrl Pts',(2.47581378994825,8.18267250360918,5.81803343812899));
#9444=CARTESIAN_POINT('Ctrl Pts',(4.75719865080711,8.2253150147004,3.4459345164047));
#9445=CARTESIAN_POINT('Ctrl Pts',(5.30000000000002,8.24663627024601,2.02590128091174));
#9446=CARTESIAN_POINT('Ctrl Pts',(5.29879257479311,8.07065232801098,2.7330481735332));
#9447=CARTESIAN_POINT('Ctrl Pts',(4.66338190135894,8.05227808556691,3.95444509883466));
#9448=CARTESIAN_POINT('Ctrl Pts',(3.59828454729695,8.03390384312284,4.95446776389109));
#9449=CARTESIAN_POINT('Ctrl Pts',(2.33420338597167,8.01552960067878,5.49160018124016));
#9450=CARTESIAN_POINT('Ctrl Pts',(0.867378424177784,7.99420834513317,6.11488234196019));
#9451=CARTESIAN_POINT('Ctrl Pts',(-0.867378424178065,7.97288708958756,6.11488234196015));
#9452=CARTESIAN_POINT('Ctrl Pts',(-2.33420338597193,7.95156583404195,5.49160018124005));
#9453=CARTESIAN_POINT('Ctrl Pts',(-3.59828454729715,7.93319159159788,4.95446776389093));
#9454=CARTESIAN_POINT('Ctrl Pts',(-4.66338190135908,7.91481734915381,3.95444509883449));
#9455=CARTESIAN_POINT('Ctrl Pts',(-5.2987925747932,7.89644310670974,2.73304817353303));
#9456=CARTESIAN_POINT('Ctrl Pts',(-5.57041769474806,7.38760206740511,2.12926723452874));
#9457=CARTESIAN_POINT('Ctrl Pts',(-4.99992142299769,7.40892332295072,3.62175369907975));
#9458=CARTESIAN_POINT('Ctrl Pts',(-2.60217582458125,7.45156583404194,6.11489284466315));
#9459=CARTESIAN_POINT('Ctrl Pts',(2.60217582458097,7.51552960067878,6.11489284466327));
#9460=CARTESIAN_POINT('Ctrl Pts',(4.99992142299752,7.55817211177,3.62175369907997));
#9461=CARTESIAN_POINT('Ctrl Pts',(5.57041769474797,7.57949336731561,2.12926723452899));
#9462=CARTESIAN_POINT('Ctrl Pts',(-5.4802784631654,7.44331636838191,2.09481191665635));
#9463=CARTESIAN_POINT('Ctrl Pts',(-4.91901383226753,7.46463762392752,3.56314730485468));
#9464=CARTESIAN_POINT('Ctrl Pts',(-2.56006800751541,7.50728013501874,6.0159430401004));
#9465=CARTESIAN_POINT('Ctrl Pts',(2.56006800751515,7.57124390165558,6.01594304010051));
#9466=CARTESIAN_POINT('Ctrl Pts',(4.91901383226738,7.6138864127468,3.56314730485489));
#9467=CARTESIAN_POINT('Ctrl Pts',(5.48027846316531,7.63520766829241,2.09481191665659));
#9468=CARTESIAN_POINT('Ctrl Pts',(-5.39013923158274,7.49903066935871,2.06035659878397));
#9469=CARTESIAN_POINT('Ctrl Pts',(-4.83810624153737,7.52035192490432,3.50454091062962));
#9470=CARTESIAN_POINT('Ctrl Pts',(-2.51796019044957,7.56299443599555,5.91699323553765));
#9471=CARTESIAN_POINT('Ctrl Pts',(2.51796019044933,7.62695820263238,5.91699323553774));
#9472=CARTESIAN_POINT('Ctrl Pts',(4.83810624153723,7.6696007137236,3.50454091062981));
#9473=CARTESIAN_POINT('Ctrl Pts',(5.39013923158266,7.69092196926921,2.06035659878418));
#9474=CARTESIAN_POINT('Ctrl Pts',(-5.30000000000008,7.55474497033551,2.02590128091158));
#9475=CARTESIAN_POINT('Ctrl Pts',(-4.75719865080721,7.57606622588112,3.44593451640456));
#9476=CARTESIAN_POINT('Ctrl Pts',(-2.47585237338372,7.61870873697234,5.81804343097489));
#9477=CARTESIAN_POINT('Ctrl Pts',(2.47585237338351,7.68267250360918,5.81804343097498));
#9478=CARTESIAN_POINT('Ctrl Pts',(4.75719865080708,7.7253150147004,3.44593451640473));
#9479=CARTESIAN_POINT('Ctrl Pts',(5.3,7.74663627024601,2.02590128091177));
#9480=CARTESIAN_POINT('Ctrl Pts',(5.29879362088417,7.57065232801098,2.73304845370818));
#9481=CARTESIAN_POINT('Ctrl Pts',(4.66338705451547,7.55227808556691,3.95444650035034));
#9482=CARTESIAN_POINT('Ctrl Pts',(3.59830435623036,7.53390384312285,4.95447337816214));
#9483=CARTESIAN_POINT('Ctrl Pts',(2.3342202826581,7.51552960067878,5.49160805826741));
#9484=CARTESIAN_POINT('Ctrl Pts',(0.867391941526908,7.49420834513317,6.11489284466323));
#9485=CARTESIAN_POINT('Ctrl Pts',(-0.867391941527186,7.47288708958756,6.11489284466319));
#9486=CARTESIAN_POINT('Ctrl Pts',(-2.33422028265835,7.45156583404194,5.49160805826731));
#9487=CARTESIAN_POINT('Ctrl Pts',(-3.59830435623054,7.43319159159788,4.954473378162));
#9488=CARTESIAN_POINT('Ctrl Pts',(-4.66338705451556,7.41481734915381,3.95444650035021));
#9489=CARTESIAN_POINT('Ctrl Pts',(-5.29879362088422,7.39644310670975,2.73304845370809));
#9490=CARTESIAN_POINT('Ctrl Pts',(-5.57041769474808,6.88760206740511,2.1292672345287));
#9491=CARTESIAN_POINT('Ctrl Pts',(-4.99992142299771,6.90892332295072,3.62175369907971));
#9492=CARTESIAN_POINT('Ctrl Pts',(-2.60221785333105,6.95156583404195,6.11490351341837));
#9493=CARTESIAN_POINT('Ctrl Pts',(2.60221785333069,7.01552960067877,6.11490351341852));
#9494=CARTESIAN_POINT('Ctrl Pts',(4.9999214229975,7.05817211177,3.62175369908001));
#9495=CARTESIAN_POINT('Ctrl Pts',(5.57041769474795,7.07949336731561,2.12926723452903));
#9496=CARTESIAN_POINT('Ctrl Pts',(-5.48027846316542,6.94331636838191,2.09481191665632));
#9497=CARTESIAN_POINT('Ctrl Pts',(-4.91901383226755,6.96463762392752,3.56314730485465));
#9498=CARTESIAN_POINT('Ctrl Pts',(-2.56010935616554,7.00728013501874,6.01595353621625));
#9499=CARTESIAN_POINT('Ctrl Pts',(2.56010935616521,7.07124390165558,6.01595353621638));
#9500=CARTESIAN_POINT('Ctrl Pts',(4.91901383226735,7.1138864127468,3.56314730485493));
#9501=CARTESIAN_POINT('Ctrl Pts',(5.4802784631653,7.13520766829241,2.09481191665662));
#9502=CARTESIAN_POINT('Ctrl Pts',(-5.39013923158275,6.99903066935871,2.06035659878393));
#9503=CARTESIAN_POINT('Ctrl Pts',(-4.83810624153739,7.02035192490432,3.50454091062959));
#9504=CARTESIAN_POINT('Ctrl Pts',(-2.51800085900004,7.06299443599554,5.91700355901413));
#9505=CARTESIAN_POINT('Ctrl Pts',(2.51800085899972,7.12695820263237,5.91700355901425));
#9506=CARTESIAN_POINT('Ctrl Pts',(4.83810624153721,7.1696007137236,3.50454091062985));
#9507=CARTESIAN_POINT('Ctrl Pts',(5.39013923158264,7.19092196926921,2.06035659878422));
#9508=CARTESIAN_POINT('Ctrl Pts',(-5.30000000000009,7.05474497033551,2.02590128091155));
#9509=CARTESIAN_POINT('Ctrl Pts',(-4.75719865080723,7.07606622588112,3.44593451640453));
#9510=CARTESIAN_POINT('Ctrl Pts',(-2.47589236183453,7.11870873697234,5.81805358181201));
#9511=CARTESIAN_POINT('Ctrl Pts',(2.47589236183424,7.18267250360918,5.81805358181212));
#9512=CARTESIAN_POINT('Ctrl Pts',(4.75719865080706,7.2253150147004,3.44593451640477));
#9513=CARTESIAN_POINT('Ctrl Pts',(5.29999999999999,7.24663627024601,2.02590128091181));
#9514=CARTESIAN_POINT('Ctrl Pts',(5.29879470506863,7.07065232801098,2.73304873831285));
#9515=CARTESIAN_POINT('Ctrl Pts',(4.66339239532413,7.05227808556691,3.95444792402461));
#9516=CARTESIAN_POINT('Ctrl Pts',(3.59832488650587,7.03390384312284,4.95447908119726));
#9517=CARTESIAN_POINT('Ctrl Pts',(2.33423779463712,7.01552960067878,5.49161605983385));
#9518=CARTESIAN_POINT('Ctrl Pts',(0.867405951110119,6.99420834513317,6.11490351341847));
#9519=CARTESIAN_POINT('Ctrl Pts',(-0.867405951110481,6.97288708958756,6.11490351341842));
#9520=CARTESIAN_POINT('Ctrl Pts',(-2.33423779463745,6.95156583404194,5.49161605983372));
#9521=CARTESIAN_POINT('Ctrl Pts',(-3.59832488650608,6.93319159159788,4.95447908119708));
#9522=CARTESIAN_POINT('Ctrl Pts',(-4.66339239532423,6.91481734915381,3.95444792402445));
#9523=CARTESIAN_POINT('Ctrl Pts',(-5.29879470506867,6.89644310670975,2.73304873831276));
#9524=CARTESIAN_POINT('Ctrl Pts',(-5.57041769474809,6.38760206740511,2.12926723452866));
#9525=CARTESIAN_POINT('Ctrl Pts',(-4.99992142299773,6.40892332295072,3.6217536990797));
#9526=CARTESIAN_POINT('Ctrl Pts',(-2.60226144094027,6.45156583404194,6.11491435219523));
#9527=CARTESIAN_POINT('Ctrl Pts',(2.60226144094,6.51552960067878,6.11491435219535));
#9528=CARTESIAN_POINT('Ctrl Pts',(4.99992142299757,6.55817211177,3.62175369907993));
#9529=CARTESIAN_POINT('Ctrl Pts',(5.570417694748,6.57949336731562,2.12926723452891));
#9530=CARTESIAN_POINT('Ctrl Pts',(-5.48027846316543,6.44331636838191,2.09481191665628));
#9531=CARTESIAN_POINT('Ctrl Pts',(-4.91901383226757,6.46463762392752,3.56314730485464));
#9532=CARTESIAN_POINT('Ctrl Pts',(-2.56015223844999,6.50728013501874,6.01596419960249));
#9533=CARTESIAN_POINT('Ctrl Pts',(2.56015223844974,6.57124390165558,6.01596419960259));
#9534=CARTESIAN_POINT('Ctrl Pts',(4.91901383226742,6.6138864127468,3.56314730485485));
#9535=CARTESIAN_POINT('Ctrl Pts',(5.48027846316534,6.63520766829241,2.09481191665651));
#9536=CARTESIAN_POINT('Ctrl Pts',(-5.39013923158277,6.49903066935871,2.06035659878389));
#9537=CARTESIAN_POINT('Ctrl Pts',(-4.83810624153741,6.52035192490432,3.50454091062958));
#9538=CARTESIAN_POINT('Ctrl Pts',(-2.51804303595971,6.56299443599554,5.91701404700974));
#9539=CARTESIAN_POINT('Ctrl Pts',(2.51804303595949,6.62695820263238,5.91701404700985));
#9540=CARTESIAN_POINT('Ctrl Pts',(4.83810624153727,6.6696007137236,3.50454091062977));
#9541=CARTESIAN_POINT('Ctrl Pts',(5.39013923158269,6.69092196926921,2.0603565987841));
#9542=CARTESIAN_POINT('Ctrl Pts',(-5.3000000000001,6.55474497033551,2.02590128091151));
#9543=CARTESIAN_POINT('Ctrl Pts',(-4.75719865080725,6.57606622588112,3.44593451640452));
#9544=CARTESIAN_POINT('Ctrl Pts',(-2.47593383346943,6.61870873697234,5.818063894417));
#9545=CARTESIAN_POINT('Ctrl Pts',(2.47593383346923,6.68267250360918,5.81806389441709));
#9546=CARTESIAN_POINT('Ctrl Pts',(4.75719865080712,6.7253150147004,3.44593451640469));
#9547=CARTESIAN_POINT('Ctrl Pts',(5.30000000000003,6.74663627024601,2.0259012809117));
#9548=CARTESIAN_POINT('Ctrl Pts',(5.29879582946583,6.57065232801098,2.73304902745309));
#9549=CARTESIAN_POINT('Ctrl Pts',(4.66339793422506,6.55227808556691,3.9544493703871));
#9550=CARTESIAN_POINT('Ctrl Pts',(3.59834617825576,6.53390384312285,4.95448487511821));
#9551=CARTESIAN_POINT('Ctrl Pts',(2.33425595614101,6.51552960067878,5.49162418891647));
#9552=CARTESIAN_POINT('Ctrl Pts',(0.86742048031325,6.49420834513317,6.11491435219531));
#9553=CARTESIAN_POINT('Ctrl Pts',(-0.867420480313521,6.47288708958756,6.11491435219527));
#9554=CARTESIAN_POINT('Ctrl Pts',(-2.33425595614126,6.45156583404194,5.49162418891637));
#9555=CARTESIAN_POINT('Ctrl Pts',(-3.59834617825593,6.43319159159788,4.95448487511807));
#9556=CARTESIAN_POINT('Ctrl Pts',(-4.66339793422515,6.41481734915381,3.95444937038698));
#9557=CARTESIAN_POINT('Ctrl Pts',(-5.29879582946587,6.39644310670975,2.733049027453));
#9558=CARTESIAN_POINT('Ctrl Pts',(-5.57041769474811,5.88760206740511,2.12926723452863));
#9559=CARTESIAN_POINT('Ctrl Pts',(-4.99992142299775,5.90892332295072,3.62175369907967));
#9560=CARTESIAN_POINT('Ctrl Pts',(-2.60230667577569,5.95156583404194,6.11492536509062));
#9561=CARTESIAN_POINT('Ctrl Pts',(2.60230667577533,6.01552960067878,6.11492536509077));
#9562=CARTESIAN_POINT('Ctrl Pts',(4.99992142299754,6.05817211177,3.62175369907996));
#9563=CARTESIAN_POINT('Ctrl Pts',(5.57041769474798,6.07949336731561,2.12926723452895));
#9564=CARTESIAN_POINT('Ctrl Pts',(-5.48027846316544,5.94331636838191,2.09481191665624));
#9565=CARTESIAN_POINT('Ctrl Pts',(-4.91901383226759,5.96463762392752,3.56314730485461));
#9566=CARTESIAN_POINT('Ctrl Pts',(-2.56019674130559,6.00728013501874,6.01597503428971));
#9567=CARTESIAN_POINT('Ctrl Pts',(2.56019674130526,6.07124390165558,6.01597503428985));
#9568=CARTESIAN_POINT('Ctrl Pts',(4.91901383226739,6.1138864127468,3.56314730485488));
#9569=CARTESIAN_POINT('Ctrl Pts',(5.48027846316533,6.13520766829241,2.09481191665654));
#9570=CARTESIAN_POINT('Ctrl Pts',(-5.39013923158278,5.99903066935871,2.06035659878386));
#9571=CARTESIAN_POINT('Ctrl Pts',(-4.83810624153743,6.02035192490432,3.50454091062955));
#9572=CARTESIAN_POINT('Ctrl Pts',(-2.5180868068355,6.06299443599554,5.9170247034888));
#9573=CARTESIAN_POINT('Ctrl Pts',(2.51808680683519,6.12695820263238,5.91702470348893));
#9574=CARTESIAN_POINT('Ctrl Pts',(4.83810624153725,6.1696007137236,3.5045409106298));
#9575=CARTESIAN_POINT('Ctrl Pts',(5.39013923158267,6.19092196926921,2.06035659878414));
#9576=CARTESIAN_POINT('Ctrl Pts',(-5.30000000000012,6.0547449703355,2.02590128091147));
#9577=CARTESIAN_POINT('Ctrl Pts',(-4.75719865080727,6.07606622588112,3.44593451640449));
#9578=CARTESIAN_POINT('Ctrl Pts',(-2.4759768723654,6.11870873697234,5.81807437268789));
#9579=CARTESIAN_POINT('Ctrl Pts',(2.47597687236512,6.18267250360917,5.81807437268801));
#9580=CARTESIAN_POINT('Ctrl Pts',(4.7571986508071,6.2253150147004,3.44593451640472));
#9581=CARTESIAN_POINT('Ctrl Pts',(5.30000000000002,6.24663627024601,2.02590128091173));
#9582=CARTESIAN_POINT('Ctrl Pts',(5.29879699635522,6.07065232801098,2.73304932123835));
#9583=CARTESIAN_POINT('Ctrl Pts',(4.66340368244737,6.05227808556691,3.95445083998466));
#9584=CARTESIAN_POINT('Ctrl Pts',(3.59836827464538,6.03390384312284,4.95449076211515));
#9585=CARTESIAN_POINT('Ctrl Pts',(2.33427480398905,6.01552960067878,5.49163244858804));
#9586=CARTESIAN_POINT('Ctrl Pts',(0.867435558591658,5.99420834513317,6.11492536509072));
#9587=CARTESIAN_POINT('Ctrl Pts',(-0.867435558592014,5.97288708958756,6.11492536509067));
#9588=CARTESIAN_POINT('Ctrl Pts',(-2.33427480398937,5.95156583404194,5.49163244858791));
#9589=CARTESIAN_POINT('Ctrl Pts',(-3.59836827464562,5.93319159159788,4.95449076211496));
#9590=CARTESIAN_POINT('Ctrl Pts',(-4.66340368244751,5.91481734915381,3.95445083998447));
#9591=CARTESIAN_POINT('Ctrl Pts',(-5.2987969963553,5.89644310670975,2.73304932123819));
#9592=CARTESIAN_POINT('Ctrl Pts',(-5.57041769474811,5.38760206740511,2.12926723452863));
#9593=CARTESIAN_POINT('Ctrl Pts',(-4.99992142299775,5.40892332295072,3.62175369907967));
#9594=CARTESIAN_POINT('Ctrl Pts',(-2.60235365301143,5.45156583404194,6.11493655633422));
#9595=CARTESIAN_POINT('Ctrl Pts',(2.60235365301104,5.51552960067878,6.11493655633438));
#9596=CARTESIAN_POINT('Ctrl Pts',(4.99992142299752,5.55817211177,3.62175369907999));
#9597=CARTESIAN_POINT('Ctrl Pts',(5.57041769474797,5.57949336731561,2.12926723452899));
#9598=CARTESIAN_POINT('Ctrl Pts',(-5.48027846316544,5.44331636838191,2.09481191665624));
#9599=CARTESIAN_POINT('Ctrl Pts',(-4.91901383226759,5.46463762392752,3.56314730485461));
#9600=CARTESIAN_POINT('Ctrl Pts',(-2.5602429583664,5.50728013501874,6.01598604443915));
#9601=CARTESIAN_POINT('Ctrl Pts',(2.56024295836603,5.57124390165558,6.01598604443931));
#9602=CARTESIAN_POINT('Ctrl Pts',(4.91901383226737,5.6138864127468,3.56314730485491));
#9603=CARTESIAN_POINT('Ctrl Pts',(5.48027846316532,5.63520766829241,2.09481191665658));
#9604=CARTESIAN_POINT('Ctrl Pts',(-5.39013923158278,5.49903066935871,2.06035659878386));
#9605=CARTESIAN_POINT('Ctrl Pts',(-4.83810624153743,5.52035192490432,3.50454091062955));
#9606=CARTESIAN_POINT('Ctrl Pts',(-2.51813226372137,5.56299443599554,5.91703553254408));
#9607=CARTESIAN_POINT('Ctrl Pts',(2.51813226372102,5.62695820263238,5.91703553254423));
#9608=CARTESIAN_POINT('Ctrl Pts',(4.83810624153722,5.6696007137236,3.50454091062984));
#9609=CARTESIAN_POINT('Ctrl Pts',(5.39013923158266,5.69092196926921,2.06035659878418));
#9610=CARTESIAN_POINT('Ctrl Pts',(-5.30000000000012,5.5547449703355,2.02590128091147));
#9611=CARTESIAN_POINT('Ctrl Pts',(-4.75719865080727,5.57606622588112,3.44593451640449));
#9612=CARTESIAN_POINT('Ctrl Pts',(-2.47602156907633,5.61870873697234,5.81808502064902));
#9613=CARTESIAN_POINT('Ctrl Pts',(2.47602156907601,5.68267250360917,5.81808502064915));
#9614=CARTESIAN_POINT('Ctrl Pts',(4.75719865080708,5.7253150147004,3.44593451640475));
#9615=CARTESIAN_POINT('Ctrl Pts',(5.30000000000001,5.74663627024601,2.02590128091177));
#9616=CARTESIAN_POINT('Ctrl Pts',(5.29879820819211,5.57065232801098,2.73304961978112));
#9617=CARTESIAN_POINT('Ctrl Pts',(4.66340965208552,5.55227808556691,3.95445233338149));
#9618=CARTESIAN_POINT('Ctrl Pts',(3.59839122216579,5.53390384312285,4.95449674444896));
#9619=CARTESIAN_POINT('Ctrl Pts',(2.33429437783723,5.51552960067878,5.49164084202076));
#9620=CARTESIAN_POINT('Ctrl Pts',(0.867451217670222,5.49420834513317,6.11493655633432));
#9621=CARTESIAN_POINT('Ctrl Pts',(-0.867451217670573,5.47288708958756,6.11493655633427));
#9622=CARTESIAN_POINT('Ctrl Pts',(-2.33429437783755,5.45156583404195,5.49164084202063));
#9623=CARTESIAN_POINT('Ctrl Pts',(-3.59839122216598,5.43319159159788,4.95449674444879));
#9624=CARTESIAN_POINT('Ctrl Pts',(-4.6634096520856,5.41481734915381,3.95445233338137));
#9625=CARTESIAN_POINT('Ctrl Pts',(-5.29879820819213,5.39644310670975,2.73304961978108));
#9626=CARTESIAN_POINT('Ctrl Pts',(-5.57041769474812,4.88760206740511,2.12926723452859));
#9627=CARTESIAN_POINT('Ctrl Pts',(-4.99992142299778,4.90892332295072,3.62175369907964));
#9628=CARTESIAN_POINT('Ctrl Pts',(-2.60240247529782,4.95156583404195,6.11494793029378));
#9629=CARTESIAN_POINT('Ctrl Pts',(2.60240247529743,5.01552960067877,6.11494793029395));
#9630=CARTESIAN_POINT('Ctrl Pts',(4.99992142299754,5.05817211177,3.62175369907996));
#9631=CARTESIAN_POINT('Ctrl Pts',(5.57041769474799,5.07949336731562,2.12926723452895));
#9632=CARTESIAN_POINT('Ctrl Pts',(-5.48027846316546,4.94331636838191,2.09481191665621));
#9633=CARTESIAN_POINT('Ctrl Pts',(-4.91901383226762,4.96463762392752,3.56314730485458));
#9634=CARTESIAN_POINT('Ctrl Pts',(-2.56029099062166,5.00728013501874,6.01599723434789));
#9635=CARTESIAN_POINT('Ctrl Pts',(2.56029099062129,5.07124390165558,6.01599723434805));
#9636=CARTESIAN_POINT('Ctrl Pts',(4.9190138322674,5.1138864127468,3.56314730485488));
#9637=CARTESIAN_POINT('Ctrl Pts',(5.48027846316533,5.13520766829241,2.09481191665654));
#9638=CARTESIAN_POINT('Ctrl Pts',(-5.3901392315828,4.9990306693587,2.06035659878382));
#9639=CARTESIAN_POINT('Ctrl Pts',(-4.83810624153745,5.02035192490432,3.50454091062952));
#9640=CARTESIAN_POINT('Ctrl Pts',(-2.5181795059455,5.06299443599554,5.917046538402));
#9641=CARTESIAN_POINT('Ctrl Pts',(2.51817950594515,5.12695820263238,5.91704653840214));
#9642=CARTESIAN_POINT('Ctrl Pts',(4.83810624153725,5.1696007137236,3.5045409106298));
#9643=CARTESIAN_POINT('Ctrl Pts',(5.39013923158268,5.19092196926921,2.06035659878414));
#9644=CARTESIAN_POINT('Ctrl Pts',(-5.30000000000013,5.0547449703355,2.02590128091144));
#9645=CARTESIAN_POINT('Ctrl Pts',(-4.75719865080729,5.07606622588112,3.44593451640446));
#9646=CARTESIAN_POINT('Ctrl Pts',(-2.47606802126933,5.11870873697234,5.81809584245611));
#9647=CARTESIAN_POINT('Ctrl Pts',(2.47606802126901,5.18267250360918,5.81809584245624));
#9648=CARTESIAN_POINT('Ctrl Pts',(4.7571986508071,5.2253150147004,3.44593451640472));
#9649=CARTESIAN_POINT('Ctrl Pts',(5.30000000000002,5.24663627024601,2.02590128091173));
#9650=CARTESIAN_POINT('Ctrl Pts',(5.29879946762437,5.07065232801098,2.73304992319819));
#9651=CARTESIAN_POINT('Ctrl Pts',(4.66341585618369,5.05227808556691,3.95445385116057));
#9652=CARTESIAN_POINT('Ctrl Pts',(3.5984150709597,5.03390384312284,4.95450282445445));
#9653=CARTESIAN_POINT('Ctrl Pts',(2.33431472045659,5.01552960067878,5.49164937249042));
#9654=CARTESIAN_POINT('Ctrl Pts',(0.867467491765684,4.99420834513317,6.11494793029389));
#9655=CARTESIAN_POINT('Ctrl Pts',(-0.867467491766077,4.97288708958756,6.11494793029384));
#9656=CARTESIAN_POINT('Ctrl Pts',(-2.33431472045695,4.95156583404195,5.49164937249027));
#9657=CARTESIAN_POINT('Ctrl Pts',(-3.5984150709599,4.93319159159788,4.95450282445427));
#9658=CARTESIAN_POINT('Ctrl Pts',(-4.66341585618375,4.91481734915381,3.95445385116046));
#9659=CARTESIAN_POINT('Ctrl Pts',(-5.29879946762437,4.89644310670975,2.73304992319819));
#9660=CARTESIAN_POINT('Ctrl Pts',(-5.57041769474809,4.38760206740511,2.12926723452867));
#9661=CARTESIAN_POINT('Ctrl Pts',(-4.99992142299773,4.40892332295072,3.6217536990797));
#9662=CARTESIAN_POINT('Ctrl Pts',(-2.60245325350981,4.45156583404194,6.11495949148085));
#9663=CARTESIAN_POINT('Ctrl Pts',(2.60245325350946,4.51552960067878,6.114959491481));
#9664=CARTESIAN_POINT('Ctrl Pts',(4.99992142299752,4.55817211177,3.62175369907998));
#9665=CARTESIAN_POINT('Ctrl Pts',(5.57041769474797,4.57949336731561,2.12926723452899));
#9666=CARTESIAN_POINT('Ctrl Pts',(-5.48027846316543,4.44331636838191,2.09481191665628));
#9667=CARTESIAN_POINT('Ctrl Pts',(-4.91901383226757,4.46463762392752,3.56314730485463));
#9668=CARTESIAN_POINT('Ctrl Pts',(-2.56034094715217,4.50728013501874,6.01600860845446));
#9669=CARTESIAN_POINT('Ctrl Pts',(2.56034094715185,4.57124390165558,6.01600860845461));
#9670=CARTESIAN_POINT('Ctrl Pts',(4.91901383226738,4.6138864127468,3.5631473048549));
#9671=CARTESIAN_POINT('Ctrl Pts',(5.48027846316532,4.63520766829241,2.09481191665658));
#9672=CARTESIAN_POINT('Ctrl Pts',(-5.39013923158277,4.49903066935871,2.0603565987839));
#9673=CARTESIAN_POINT('Ctrl Pts',(-4.83810624153741,4.52035192490432,3.50454091062957));
#9674=CARTESIAN_POINT('Ctrl Pts',(-2.51822864079454,4.56299443599554,5.91705772542807));
#9675=CARTESIAN_POINT('Ctrl Pts',(2.51822864079424,4.62695820263238,5.91705772542821));
#9676=CARTESIAN_POINT('Ctrl Pts',(4.83810624153723,4.6696007137236,3.50454091062982));
#9677=CARTESIAN_POINT('Ctrl Pts',(5.39013923158266,4.69092196926921,2.06035659878417));
#9678=CARTESIAN_POINT('Ctrl Pts',(-5.3000000000001,4.5547449703355,2.02590128091151));
#9679=CARTESIAN_POINT('Ctrl Pts',(-4.75719865080725,4.57606622588112,3.44593451640451));
#9680=CARTESIAN_POINT('Ctrl Pts',(-2.47611633443691,4.61870873697234,5.81810684240168));
#9681=CARTESIAN_POINT('Ctrl Pts',(2.47611633443663,4.68267250360917,5.8181068424018));
#9682=CARTESIAN_POINT('Ctrl Pts',(4.75719865080708,4.7253150147004,3.44593451640474));
#9683=CARTESIAN_POINT('Ctrl Pts',(5.30000000000001,4.74663627024601,2.02590128091177));
#9684=CARTESIAN_POINT('Ctrl Pts',(5.29880077751216,4.57065232801098,2.73305023160986));
#9685=CARTESIAN_POINT('Ctrl Pts',(4.66342230883132,4.55227808556691,3.95445539392396));
#9686=CARTESIAN_POINT('Ctrl Pts',(3.59843987518746,4.53390384312285,4.95450900454336));
#9687=CARTESIAN_POINT('Ctrl Pts',(2.33433587804491,4.51552960067878,5.49165804338073));
#9688=CARTESIAN_POINT('Ctrl Pts',(0.867484417836346,4.49420834513317,6.11495949148095));
#9689=CARTESIAN_POINT('Ctrl Pts',(-0.867484417836736,4.47288708958755,6.1149594914809));
#9690=CARTESIAN_POINT('Ctrl Pts',(-2.33433587804525,4.45156583404194,5.49165804338058));
#9691=CARTESIAN_POINT('Ctrl Pts',(-3.5984398751877,4.43319159159788,4.95450900454316));
#9692=CARTESIAN_POINT('Ctrl Pts',(-4.66342230883144,4.41481734915381,3.95445539392378));
#9693=CARTESIAN_POINT('Ctrl Pts',(-5.29880077751222,4.39644310670975,2.73305023160975));
#9694=CARTESIAN_POINT('Ctrl Pts',(-5.57041769474809,3.88760206740511,2.12926723452867));
#9695=CARTESIAN_POINT('Ctrl Pts',(-4.99992142299772,3.90892332295072,3.62175369907971));
#9696=CARTESIAN_POINT('Ctrl Pts',(-2.6025061075879,3.95156583404194,6.11497124455674));
#9697=CARTESIAN_POINT('Ctrl Pts',(2.6025061075876,4.01552960067878,6.11497124455687));
#9698=CARTESIAN_POINT('Ctrl Pts',(4.99992142299755,4.05817211177,3.62175369907995));
#9699=CARTESIAN_POINT('Ctrl Pts',(5.57041769474799,4.07949336731562,2.12926723452894));
#9700=CARTESIAN_POINT('Ctrl Pts',(-5.48027846316543,3.94331636838191,2.09481191665629));
#9701=CARTESIAN_POINT('Ctrl Pts',(-4.91901383226756,3.96463762392752,3.56314730485465));
#9702=CARTESIAN_POINT('Ctrl Pts',(-2.56039294595761,4.00728013501874,6.01602017134475));
#9703=CARTESIAN_POINT('Ctrl Pts',(2.56039294595733,4.07124390165558,6.01602017134487));
#9704=CARTESIAN_POINT('Ctrl Pts',(4.9190138322674,4.1138864127468,3.56314730485488));
#9705=CARTESIAN_POINT('Ctrl Pts',(5.48027846316533,4.13520766829241,2.09481191665654));
#9706=CARTESIAN_POINT('Ctrl Pts',(-5.39013923158277,3.99903066935871,2.0603565987839));
#9707=CARTESIAN_POINT('Ctrl Pts',(-4.8381062415374,4.02035192490432,3.50454091062959));
#9708=CARTESIAN_POINT('Ctrl Pts',(-2.51827978432731,4.06299443599554,5.91706909813276));
#9709=CARTESIAN_POINT('Ctrl Pts',(2.51827978432705,4.12695820263238,5.91706909813287));
#9710=CARTESIAN_POINT('Ctrl Pts',(4.83810624153725,4.1696007137236,3.5045409106298));
#9711=CARTESIAN_POINT('Ctrl Pts',(5.39013923158268,4.19092196926921,2.06035659878413));
#9712=CARTESIAN_POINT('Ctrl Pts',(-5.3000000000001,4.05474497033551,2.02590128091152));
#9713=CARTESIAN_POINT('Ctrl Pts',(-4.75719865080724,4.07606622588112,3.44593451640453));
#9714=CARTESIAN_POINT('Ctrl Pts',(-2.47616662269701,4.11870873697234,5.81811802492077));
#9715=CARTESIAN_POINT('Ctrl Pts',(2.47616662269678,4.18267250360918,5.81811802492087));
#9716=CARTESIAN_POINT('Ctrl Pts',(4.7571986508071,4.2253150147004,3.44593451640472));
#9717=CARTESIAN_POINT('Ctrl Pts',(5.30000000000002,4.24663627024601,2.02590128091173));
#9718=CARTESIAN_POINT('Ctrl Pts',(5.29880214094958,4.07065232801098,2.73305054514037));
#9719=CARTESIAN_POINT('Ctrl Pts',(4.66342902526995,4.05227808556691,3.95445696229356));
#9720=CARTESIAN_POINT('Ctrl Pts',(3.5984656934379,4.03390384312285,4.95451528720731));
#9721=CARTESIAN_POINT('Ctrl Pts',(2.33435790057749,4.01552960067878,5.49166685818762));
#9722=CARTESIAN_POINT('Ctrl Pts',(0.867502035862432,3.99420834513317,6.11497124455683));
#9723=CARTESIAN_POINT('Ctrl Pts',(-0.867502035862733,3.97288708958756,6.11497124455678));
#9724=CARTESIAN_POINT('Ctrl Pts',(-2.33435790057776,3.95156583404194,5.49166685818751));
#9725=CARTESIAN_POINT('Ctrl Pts',(-3.59846569343808,3.93319159159788,4.95451528720716));
#9726=CARTESIAN_POINT('Ctrl Pts',(-4.66342902527004,3.91481734915381,3.95445696229344));
#9727=CARTESIAN_POINT('Ctrl Pts',(-5.29880214094961,3.89644310670975,2.7330505451403));
#9728=CARTESIAN_POINT('Ctrl Pts',(-5.57041769474809,3.38760206740511,2.12926723452867));
#9729=CARTESIAN_POINT('Ctrl Pts',(-4.99992142299773,3.40892332295072,3.6217536990797));
#9730=CARTESIAN_POINT('Ctrl Pts',(-2.60256116748373,3.45156583404194,6.11498319433877));
#9731=CARTESIAN_POINT('Ctrl Pts',(2.60256116748339,3.51552960067878,6.11498319433891));
#9732=CARTESIAN_POINT('Ctrl Pts',(4.99992142299753,3.55817211177,3.62175369907998));
#9733=CARTESIAN_POINT('Ctrl Pts',(5.57041769474797,3.57949336731561,2.12926723452898));
#9734=CARTESIAN_POINT('Ctrl Pts',(-5.48027846316543,3.44331636838191,2.09481191665629));
#9735=CARTESIAN_POINT('Ctrl Pts',(-4.91901383226757,3.46463762392752,3.56314730485464));
#9736=CARTESIAN_POINT('Ctrl Pts',(-2.56044711488672,3.50728013501874,6.01603192775813));
#9737=CARTESIAN_POINT('Ctrl Pts',(2.56044711488641,3.57124390165558,6.01603192775826));
#9738=CARTESIAN_POINT('Ctrl Pts',(4.91901383226738,3.6138864127468,3.5631473048549));
#9739=CARTESIAN_POINT('Ctrl Pts',(5.48027846316532,3.63520766829241,2.09481191665658));
#9740=CARTESIAN_POINT('Ctrl Pts',(-5.39013923158277,3.49903066935871,2.0603565987839));
#9741=CARTESIAN_POINT('Ctrl Pts',(-4.83810624153741,3.52035192490432,3.50454091062958));
#9742=CARTESIAN_POINT('Ctrl Pts',(-2.51833306228972,3.56299443599554,5.91708066117748));
#9743=CARTESIAN_POINT('Ctrl Pts',(2.51833306228943,3.62695820263238,5.91708066117761));
#9744=CARTESIAN_POINT('Ctrl Pts',(4.83810624153723,3.6696007137236,3.50454091062982));
#9745=CARTESIAN_POINT('Ctrl Pts',(5.39013923158266,3.69092196926921,2.06035659878417));
#9746=CARTESIAN_POINT('Ctrl Pts',(-5.3000000000001,3.5547449703355,2.02590128091152));
#9747=CARTESIAN_POINT('Ctrl Pts',(-4.75719865080725,3.57606622588112,3.44593451640452));
#9748=CARTESIAN_POINT('Ctrl Pts',(-2.47621900969272,3.61870873697234,5.81812939459684));
#9749=CARTESIAN_POINT('Ctrl Pts',(2.47621900969245,3.68267250360918,5.81812939459695));
#9750=CARTESIAN_POINT('Ctrl Pts',(4.75719865080708,3.7253150147004,3.44593451640474));
#9751=CARTESIAN_POINT('Ctrl Pts',(5.30000000000001,3.74663627024601,2.02590128091176));
#9752=CARTESIAN_POINT('Ctrl Pts',(5.29880356128881,3.57065232801098,2.73305086391835));
#9753=CARTESIAN_POINT('Ctrl Pts',(4.66343602201312,3.55227808556691,3.95445855691232));
#9754=CARTESIAN_POINT('Ctrl Pts',(3.59849258918991,3.53390384312285,4.95452167502153));
#9755=CARTESIAN_POINT('Ctrl Pts',(2.33438084220075,3.51552960067878,5.49167582052415));
#9756=CARTESIAN_POINT('Ctrl Pts',(0.867520389161023,3.49420834513317,6.11498319433886));
#9757=CARTESIAN_POINT('Ctrl Pts',(-0.867520389161364,3.47288708958755,6.11498319433882));
#9758=CARTESIAN_POINT('Ctrl Pts',(-2.33438084220105,3.45156583404194,5.49167582052402));
#9759=CARTESIAN_POINT('Ctrl Pts',(-3.5984925891901,3.43319159159788,4.95452167502136));
#9760=CARTESIAN_POINT('Ctrl Pts',(-4.66343602201318,3.41481734915381,3.95445855691221));
#9761=CARTESIAN_POINT('Ctrl Pts',(-5.29880356128882,3.39644310670975,2.73305086391831));
#9762=CARTESIAN_POINT('Ctrl Pts',(-5.5704176947481,2.88760206740511,2.12926723452865));
#9763=CARTESIAN_POINT('Ctrl Pts',(-4.99992142299774,2.90892332295072,3.62175369907969));
#9764=CARTESIAN_POINT('Ctrl Pts',(-2.60261857422687,2.95156583404194,6.11499534580691));
#9765=CARTESIAN_POINT('Ctrl Pts',(2.60261857422651,3.01552960067878,6.11499534580706));
#9766=CARTESIAN_POINT('Ctrl Pts',(4.99992142299752,3.05817211177,3.62175369907998));
#9767=CARTESIAN_POINT('Ctrl Pts',(5.57041769474797,3.07949336731561,2.12926723452898));
#9768=CARTESIAN_POINT('Ctrl Pts',(-5.48027846316543,2.94331636838191,2.09481191665627));
#9769=CARTESIAN_POINT('Ctrl Pts',(-4.91901383226758,2.96463762392752,3.56314730485463));
#9770=CARTESIAN_POINT('Ctrl Pts',(-2.56050359268701,3.00728013501874,6.01604388259397));
#9771=CARTESIAN_POINT('Ctrl Pts',(2.56050359268668,3.07124390165558,6.01604388259411));
#9772=CARTESIAN_POINT('Ctrl Pts',(4.91901383226738,3.1138864127468,3.5631473048549));
#9773=CARTESIAN_POINT('Ctrl Pts',(5.48027846316532,3.13520766829241,2.09481191665657));
#9774=CARTESIAN_POINT('Ctrl Pts',(-5.39013923158277,2.99903066935871,2.06035659878388));
#9775=CARTESIAN_POINT('Ctrl Pts',(-4.83810624153741,3.02035192490432,3.50454091062957));
#9776=CARTESIAN_POINT('Ctrl Pts',(-2.51838861114715,3.06299443599554,5.91709241938103));
#9777=CARTESIAN_POINT('Ctrl Pts',(2.51838861114684,3.12695820263238,5.91709241938117));
#9778=CARTESIAN_POINT('Ctrl Pts',(4.83810624153723,3.1696007137236,3.50454091062982));
#9779=CARTESIAN_POINT('Ctrl Pts',(5.39013923158266,3.19092196926921,2.06035659878417));
#9780=CARTESIAN_POINT('Ctrl Pts',(-5.30000000000011,3.0547449703355,2.0259012809115));
#9781=CARTESIAN_POINT('Ctrl Pts',(-4.75719865080725,3.07606622588112,3.44593451640451));
#9782=CARTESIAN_POINT('Ctrl Pts',(-2.4762736296073,3.11870873697234,5.8181409561681));
#9783=CARTESIAN_POINT('Ctrl Pts',(2.47627362960701,3.18267250360918,5.81814095616822));
#9784=CARTESIAN_POINT('Ctrl Pts',(4.75719865080708,3.2253150147004,3.44593451640474));
#9785=CARTESIAN_POINT('Ctrl Pts',(5.30000000000001,3.24663627024601,2.02590128091176));
#9786=CARTESIAN_POINT('Ctrl Pts',(5.29880504216791,3.07065232801098,2.73305118807661));
#9787=CARTESIAN_POINT('Ctrl Pts',(4.66344331698218,3.05227808556691,3.95446017844476));
#9788=CARTESIAN_POINT('Ctrl Pts',(3.59852063133388,3.03390384312285,4.95452817064805));
#9789=CARTESIAN_POINT('Ctrl Pts',(2.33440476167703,3.01552960067878,5.49168493412526));
#9790=CARTESIAN_POINT('Ctrl Pts',(0.867539524742047,2.99420834513317,6.11499534580701));
#9791=CARTESIAN_POINT('Ctrl Pts',(-0.867539524742406,2.97288708958756,6.11499534580696));
#9792=CARTESIAN_POINT('Ctrl Pts',(-2.33440476167736,2.95156583404194,5.49168493412513));
#9793=CARTESIAN_POINT('Ctrl Pts',(-3.59852063133407,2.93319159159788,4.95452817064788));
#9794=CARTESIAN_POINT('Ctrl Pts',(-4.66344331698225,2.91481734915381,3.95446017844464));
#9795=CARTESIAN_POINT('Ctrl Pts',(-5.29880504216792,2.89644310670975,2.73305118807658));
#9796=CARTESIAN_POINT('Ctrl Pts',(-5.57041769474809,2.38760206740511,2.12926723452868));
#9797=CARTESIAN_POINT('Ctrl Pts',(-4.99992142299772,2.40892332295072,3.62175369907971));
#9798=CARTESIAN_POINT('Ctrl Pts',(-2.60267848113107,2.45156583404194,6.11500770411064));
#9799=CARTESIAN_POINT('Ctrl Pts',(2.60267848113074,2.51552960067878,6.11500770411079));
#9800=CARTESIAN_POINT('Ctrl Pts',(4.99992142299753,2.55817211177,3.62175369907998));
#9801=CARTESIAN_POINT('Ctrl Pts',(5.57041769474797,2.57949336731561,2.12926723452898));
#9802=CARTESIAN_POINT('Ctrl Pts',(-5.48027846316543,2.44331636838191,2.09481191665629));
#9803=CARTESIAN_POINT('Ctrl Pts',(-4.91901383226756,2.46463762392752,3.56314730485465));
#9804=CARTESIAN_POINT('Ctrl Pts',(-2.56056253019132,2.50728013501874,6.01605604091845));
#9805=CARTESIAN_POINT('Ctrl Pts',(2.56056253019101,2.57124390165558,6.01605604091858));
#9806=CARTESIAN_POINT('Ctrl Pts',(4.91901383226738,2.6138864127468,3.5631473048549));
#9807=CARTESIAN_POINT('Ctrl Pts',(5.48027846316532,2.63520766829241,2.09481191665657));
#9808=CARTESIAN_POINT('Ctrl Pts',(-5.39013923158276,2.49903066935871,2.0603565987839));
#9809=CARTESIAN_POINT('Ctrl Pts',(-4.8381062415374,2.52035192490432,3.50454091062959));
#9810=CARTESIAN_POINT('Ctrl Pts',(-2.51844657925157,2.56299443599554,5.91710437772625));
#9811=CARTESIAN_POINT('Ctrl Pts',(2.51844657925128,2.62695820263238,5.91710437772638));
#9812=CARTESIAN_POINT('Ctrl Pts',(4.83810624153723,2.6696007137236,3.50454091062982));
#9813=CARTESIAN_POINT('Ctrl Pts',(5.39013923158266,2.69092196926921,2.06035659878417));
#9814=CARTESIAN_POINT('Ctrl Pts',(-5.3000000000001,2.55474497033551,2.02590128091152));
#9815=CARTESIAN_POINT('Ctrl Pts',(-4.75719865080724,2.57606622588112,3.44593451640453));
#9816=CARTESIAN_POINT('Ctrl Pts',(-2.47633062831182,2.61870873697234,5.81815271453406));
#9817=CARTESIAN_POINT('Ctrl Pts',(2.47633062831156,2.68267250360918,5.81815271453417));
#9818=CARTESIAN_POINT('Ctrl Pts',(4.75719865080709,2.7253150147004,3.44593451640474));
#9819=CARTESIAN_POINT('Ctrl Pts',(5.30000000000001,2.74663627024601,2.02590128091176));
#9820=CARTESIAN_POINT('Ctrl Pts',(5.29880658754184,2.57065232801098,2.73305151775246));
#9821=CARTESIAN_POINT('Ctrl Pts',(4.66345092965957,2.55227808556691,3.95446182757801));
#9822=CARTESIAN_POINT('Ctrl Pts',(3.59854989476085,2.53390384312285,4.95453477683952));
#9823=CARTESIAN_POINT('Ctrl Pts',(2.33442972288713,2.51552960067878,5.49169420285306));
#9824=CARTESIAN_POINT('Ctrl Pts',(0.867559493710138,2.49420834513317,6.11500770411074));
#9825=CARTESIAN_POINT('Ctrl Pts',(-0.867559493710451,2.47288708958756,6.11500770411069));
#9826=CARTESIAN_POINT('Ctrl Pts',(-2.33442972288741,2.45156583404194,5.49169420285294));
#9827=CARTESIAN_POINT('Ctrl Pts',(-3.59854989476102,2.43319159159788,4.95453477683937));
#9828=CARTESIAN_POINT('Ctrl Pts',(-4.66345092965962,2.41481734915381,3.95446182757791));
#9829=CARTESIAN_POINT('Ctrl Pts',(-5.29880658754184,2.39644310670975,2.73305151775246));
#9830=CARTESIAN_POINT('Ctrl Pts',(5.57041769474805,1.63760206740511,-2.12926723452879));
#9831=CARTESIAN_POINT('Ctrl Pts',(4.99992142299766,1.65892332295072,-3.62175369907979));
#9832=CARTESIAN_POINT('Ctrl Pts',(2.60277339863668,1.70156583404195,-6.1150266410845));
#9833=CARTESIAN_POINT('Ctrl Pts',(-2.60277339863647,1.76552960067878,-6.11502664108458));
#9834=CARTESIAN_POINT('Ctrl Pts',(-4.99992142299753,1.80817211177,-3.62175369907997));
#9835=CARTESIAN_POINT('Ctrl Pts',(-5.57041769474797,1.82949336731561,-2.12926723452898));
#9836=CARTESIAN_POINT('Ctrl Pts',(5.48027846316538,1.69331636838191,-2.0948119166564));
#9837=CARTESIAN_POINT('Ctrl Pts',(4.9190138322675,1.71463762392752,-3.56314730485473));
#9838=CARTESIAN_POINT('Ctrl Pts',(2.56065591176345,1.75728013501875,-6.0160746714585));
#9839=CARTESIAN_POINT('Ctrl Pts',(-2.56065591176326,1.82124390165558,-6.01607467145857));
#9840=CARTESIAN_POINT('Ctrl Pts',(-4.91901383226738,1.8638864127468,-3.56314730485489));
#9841=CARTESIAN_POINT('Ctrl Pts',(-5.48027846316532,1.88520766829241,-2.09481191665657));
#9842=CARTESIAN_POINT('Ctrl Pts',(5.39013923158272,1.74903066935871,-2.06035659878401));
#9843=CARTESIAN_POINT('Ctrl Pts',(4.83810624153734,1.77035192490432,-3.50454091062967));
#9844=CARTESIAN_POINT('Ctrl Pts',(2.51853842489022,1.81299443599554,-5.9171227018325));
#9845=CARTESIAN_POINT('Ctrl Pts',(-2.51853842489006,1.87695820263238,-5.91712270183257));
#9846=CARTESIAN_POINT('Ctrl Pts',(-4.83810624153724,1.9196007137236,-3.50454091062981));
#9847=CARTESIAN_POINT('Ctrl Pts',(-5.39013923158266,1.94092196926921,-2.06035659878417));
#9848=CARTESIAN_POINT('Ctrl Pts',(5.30000000000006,1.80474497033551,-2.02590128091163));
#9849=CARTESIAN_POINT('Ctrl Pts',(4.75719865080718,1.82606622588112,-3.44593451640461));
#9850=CARTESIAN_POINT('Ctrl Pts',(2.476420938017,1.86870873697234,-5.8181707322065));
#9851=CARTESIAN_POINT('Ctrl Pts',(-2.47642093801685,1.93267250360918,-5.81817073220656));
#9852=CARTESIAN_POINT('Ctrl Pts',(-4.75719865080709,1.9753150147004,-3.44593451640473));
#9853=CARTESIAN_POINT('Ctrl Pts',(-5.30000000000001,1.99663627024601,-2.02590128091176));
#9854=CARTESIAN_POINT('Ctrl Pts',(-5.29880903605822,1.82065232801098,-2.73305202292405));
#9855=CARTESIAN_POINT('Ctrl Pts',(-4.6634629913135,1.80227808556691,-3.95446435459093));
#9856=CARTESIAN_POINT('Ctrl Pts',(-3.59859626022627,1.78390384312285,-4.95454489969114));
#9857=CARTESIAN_POINT('Ctrl Pts',(-2.33446927184787,1.76552960067878,-5.49170840558341));
#9858=CARTESIAN_POINT('Ctrl Pts',(-0.867591132878751,1.74420834513317,-6.11502664108455));
#9859=CARTESIAN_POINT('Ctrl Pts',(0.867591132878962,1.72288708958756,-6.11502664108452));
#9860=CARTESIAN_POINT('Ctrl Pts',(2.33446927184806,1.70156583404195,-5.49170840558333));
#9861=CARTESIAN_POINT('Ctrl Pts',(2.37037847241819,1.7010438893613,-5.47644956509549));
#9862=CARTESIAN_POINT('Ctrl Pts',(2.40612688605444,1.70052194468065,-5.46081718794569));
#9863=CARTESIAN_POINT('Ctrl Pts',(2.4417092348173,1.7,-5.44481681165661));
#9864=CARTESIAN_POINT('Ctrl Pts',(-5.57041769474809,1.88760206740511,2.12926723452868));
#9865=CARTESIAN_POINT('Ctrl Pts',(-4.99992142299772,1.90892332295072,3.62175369907971));
#9866=CARTESIAN_POINT('Ctrl Pts',(-2.60274105516158,1.95156583404194,6.11502027457627));
#9867=CARTESIAN_POINT('Ctrl Pts',(2.60274105516125,2.01552960067878,6.1150202745764));
#9868=CARTESIAN_POINT('Ctrl Pts',(4.99992142299753,2.05817211177,3.62175369907998));
#9869=CARTESIAN_POINT('Ctrl Pts',(5.57041769474797,2.07949336731561,2.12926723452898));
#9870=CARTESIAN_POINT('Ctrl Pts',(-5.48027846316543,1.94331636838191,2.09481191665629));
#9871=CARTESIAN_POINT('Ctrl Pts',(-4.91901383226756,1.96463762392752,3.56314730485465));
#9872=CARTESIAN_POINT('Ctrl Pts',(-2.56062409166311,2.00728013501874,6.01606840797165));
#9873=CARTESIAN_POINT('Ctrl Pts',(2.5606240916628,2.07124390165558,6.01606840797179));
#9874=CARTESIAN_POINT('Ctrl Pts',(4.91901383226738,2.1138864127468,3.5631473048549));
#9875=CARTESIAN_POINT('Ctrl Pts',(5.48027846316532,2.13520766829241,2.09481191665657));
#9876=CARTESIAN_POINT('Ctrl Pts',(-5.39013923158276,1.99903066935871,2.06035659878391));
#9877=CARTESIAN_POINT('Ctrl Pts',(-4.8381062415374,2.02035192490432,3.50454091062959));
#9878=CARTESIAN_POINT('Ctrl Pts',(-2.51850712816463,2.06299443599554,5.91711654136704));
#9879=CARTESIAN_POINT('Ctrl Pts',(2.51850712816435,2.12695820263238,5.91711654136717));
#9880=CARTESIAN_POINT('Ctrl Pts',(4.83810624153723,2.1696007137236,3.50454091062982));
#9881=CARTESIAN_POINT('Ctrl Pts',(5.39013923158266,2.19092196926921,2.06035659878417));
#9882=CARTESIAN_POINT('Ctrl Pts',(-5.3000000000001,2.05474497033551,2.02590128091152));
#9883=CARTESIAN_POINT('Ctrl Pts',(-4.75719865080724,2.07606622588112,3.44593451640453));
#9884=CARTESIAN_POINT('Ctrl Pts',(-2.47639016466616,2.11870873697234,5.81816467476244));
#9885=CARTESIAN_POINT('Ctrl Pts',(2.4763901646659,2.18267250360917,5.81816467476254));
#9886=CARTESIAN_POINT('Ctrl Pts',(4.75719865080709,2.2253150147004,3.44593451640474));
#9887=CARTESIAN_POINT('Ctrl Pts',(5.30000000000001,2.24663627024601,2.02590128091176));
#9888=CARTESIAN_POINT('Ctrl Pts',(5.29880820171762,2.07065232801098,2.73305185308808));
#9889=CARTESIAN_POINT('Ctrl Pts',(4.66345888126234,2.05227808556691,3.95446350502285));
#9890=CARTESIAN_POINT('Ctrl Pts',(3.59858046103022,2.03390384312285,4.95454149644317));
#9891=CARTESIAN_POINT('Ctrl Pts',(2.33445579539984,2.01552960067878,5.49170363070227));
#9892=CARTESIAN_POINT('Ctrl Pts',(0.86758035172031,1.99420834513317,6.11502027457635));
#9893=CARTESIAN_POINT('Ctrl Pts',(-0.867580351720619,1.97288708958756,6.11502027457631));
#9894=CARTESIAN_POINT('Ctrl Pts',(-2.33445579540012,1.95156583404195,5.49170363070216));
#9895=CARTESIAN_POINT('Ctrl Pts',(-3.59858046103039,1.93319159159788,4.95454149644303));
#9896=CARTESIAN_POINT('Ctrl Pts',(-4.6634588812624,1.91481734915381,3.95446350502275));
#9897=CARTESIAN_POINT('Ctrl Pts',(-5.29880820171763,1.89644310670975,2.73305185308806));
#9898=CARTESIAN_POINT('Ctrl Pts',(-5.3000000000001,2.05474497033551,2.02590128091152));
#9899=CARTESIAN_POINT('Ctrl Pts',(-4.75719865080724,2.07606622588112,3.44593451640453));
#9900=CARTESIAN_POINT('Ctrl Pts',(-2.47639016466616,2.11870873697234,5.81816467476244));
#9901=CARTESIAN_POINT('Ctrl Pts',(2.4763901646659,2.18267250360917,5.81816467476254));
#9902=CARTESIAN_POINT('Ctrl Pts',(4.75719865080709,2.2253150147004,3.44593451640474));
#9903=CARTESIAN_POINT('Ctrl Pts',(5.30000000000001,2.24663627024601,2.02590128091176));
#9904=CARTESIAN_POINT('Ctrl Pts',(5.30000000000003,9.40336372975399,-2.02590128091171));
#9905=CARTESIAN_POINT('Ctrl Pts',(4.75719865080713,9.4246849852996,-3.44593451640468));
#9906=CARTESIAN_POINT('Ctrl Pts',(2.47569332968304,9.46732749639083,-5.81800091768056));
#9907=CARTESIAN_POINT('Ctrl Pts',(-2.47569332968294,9.53129126302765,-5.8180009176806));
#9908=CARTESIAN_POINT('Ctrl Pts',(-4.75719865080707,9.57393377411888,-3.44593451640476));
#9909=CARTESIAN_POINT('Ctrl Pts',(-5.29999999999999,9.59525502966449,-2.0259012809118));
#9910=CARTESIAN_POINT('Ctrl Pts',(5.39013923158269,9.45907803073079,-2.0603565987841));
#9911=CARTESIAN_POINT('Ctrl Pts',(4.83810624153728,9.4803992862764,-3.50454091062974));
#9912=CARTESIAN_POINT('Ctrl Pts',(2.5177984418287,9.52304179736762,-5.91694999920262));
#9913=CARTESIAN_POINT('Ctrl Pts',(-2.51779844182858,9.58700556400446,-5.91694999920267));
#9914=CARTESIAN_POINT('Ctrl Pts',(-4.83810624153721,9.62964807509568,-3.50454091062983));
#9915=CARTESIAN_POINT('Ctrl Pts',(-5.39013923158265,9.65096933064129,-2.0603565987842));
#9916=CARTESIAN_POINT('Ctrl Pts',(5.48027846316535,9.51479233170759,-2.09481191665649));
#9917=CARTESIAN_POINT('Ctrl Pts',(4.91901383226744,9.5361135872532,-3.5631473048548));
#9918=CARTESIAN_POINT('Ctrl Pts',(2.55990355397435,9.57875609834442,-6.01589908072467));
#9919=CARTESIAN_POINT('Ctrl Pts',(-2.55990355397421,9.64271986498125,-6.01589908072473));
#9920=CARTESIAN_POINT('Ctrl Pts',(-4.91901383226736,9.68536237607248,-3.56314730485492));
#9921=CARTESIAN_POINT('Ctrl Pts',(-5.4802784631653,9.70668363161809,-2.09481191665661));
#9922=CARTESIAN_POINT('Ctrl Pts',(5.57041769474801,9.57050663268438,-2.12926723452887));
#9923=CARTESIAN_POINT('Ctrl Pts',(4.9999214229976,9.59182788823,-3.62175369907987));
#9924=CARTESIAN_POINT('Ctrl Pts',(2.60200866612001,9.63447039932121,-6.11484816224673));
#9925=CARTESIAN_POINT('Ctrl Pts',(-2.60200866611985,9.69843416595806,-6.1148481622468));
#9926=CARTESIAN_POINT('Ctrl Pts',(-4.99992142299751,9.74107667704928,-3.62175369907999));
#9927=CARTESIAN_POINT('Ctrl Pts',(-5.57041769474796,9.76239793259489,-2.12926723452902));
#9928=CARTESIAN_POINT('Ctrl Pts',(5.2987893088215,9.57934767198902,-2.73304726173917));
#9929=CARTESIAN_POINT('Ctrl Pts',(4.66336581283307,9.59772191443309,-3.95444053777967));
#9930=CARTESIAN_POINT('Ctrl Pts',(3.59822270237963,9.61609615687715,-4.95444949295866));
#9931=CARTESIAN_POINT('Ctrl Pts',(2.33415063329941,9.63447039932122,-5.49157454645504));
#9932=CARTESIAN_POINT('Ctrl Pts',(0.86733622204006,9.65579165486682,-6.11484816224675));
#9933=CARTESIAN_POINT('Ctrl Pts',(-0.867336222039815,9.67711291041244,-6.11484816224678));
#9934=CARTESIAN_POINT('Ctrl Pts',(-2.33415063329919,9.69843416595805,-5.49157454645513));
#9935=CARTESIAN_POINT('Ctrl Pts',(-3.59822270237951,9.71680840840212,-4.95444949295877));
#9936=CARTESIAN_POINT('Ctrl Pts',(-4.66336581283304,9.73518265084619,-3.95444053777973));
#9937=CARTESIAN_POINT('Ctrl Pts',(-5.29878930882151,9.75355689329025,-2.73304726173916));
#9938=CARTESIAN_POINT('Ctrl Pts',(5.30000000000007,8.90336372975399,-2.0259012809116));
#9939=CARTESIAN_POINT('Ctrl Pts',(4.7571986508072,8.9246849852996,-3.44593451640458));
#9940=CARTESIAN_POINT('Ctrl Pts',(2.47572769095356,8.96732749639082,-5.81801040500821));
#9941=CARTESIAN_POINT('Ctrl Pts',(-2.47572769095331,9.03129126302766,-5.81801040500832));
#9942=CARTESIAN_POINT('Ctrl Pts',(-4.75719865080705,9.07393377411888,-3.44593451640479));
#9943=CARTESIAN_POINT('Ctrl Pts',(-5.29999999999998,9.09525502966449,-2.02590128091183));
#9944=CARTESIAN_POINT('Ctrl Pts',(5.39013923158273,8.95907803073078,-2.06035659878398));
#9945=CARTESIAN_POINT('Ctrl Pts',(4.83810624153736,8.9803992862764,-3.50454091062964));
#9946=CARTESIAN_POINT('Ctrl Pts',(2.51783338749517,9.02304179736762,-5.91695964788506));
#9947=CARTESIAN_POINT('Ctrl Pts',(-2.51783338749489,9.08700556400445,-5.91695964788518));
#9948=CARTESIAN_POINT('Ctrl Pts',(-4.83810624153719,9.12964807509568,-3.50454091062987));
#9949=CARTESIAN_POINT('Ctrl Pts',(-5.39013923158264,9.15096933064129,-2.06035659878424));
#9950=CARTESIAN_POINT('Ctrl Pts',(5.48027846316539,9.01479233170758,-2.09481191665637));
#9951=CARTESIAN_POINT('Ctrl Pts',(4.91901383226752,9.03611358725319,-3.5631473048547));
#9952=CARTESIAN_POINT('Ctrl Pts',(2.55993908403677,9.07875609834441,-6.01590889076192));
#9953=CARTESIAN_POINT('Ctrl Pts',(-2.55993908403647,9.14271986498126,-6.01590889076205));
#9954=CARTESIAN_POINT('Ctrl Pts',(-4.91901383226734,9.18536237607248,-3.56314730485495));
#9955=CARTESIAN_POINT('Ctrl Pts',(-5.48027846316529,9.20668363161809,-2.09481191665665));
#9956=CARTESIAN_POINT('Ctrl Pts',(5.57041769474806,9.07050663268438,-2.12926723452876));
#9957=CARTESIAN_POINT('Ctrl Pts',(4.99992142299768,9.09182788822999,-3.62175369907976));
#9958=CARTESIAN_POINT('Ctrl Pts',(2.60204478057838,9.13447039932121,-6.11485813363877));
#9959=CARTESIAN_POINT('Ctrl Pts',(-2.60204478057805,9.19843416595805,-6.11485813363891));
#9960=CARTESIAN_POINT('Ctrl Pts',(-4.99992142299748,9.24107667704927,-3.62175369908003));
#9961=CARTESIAN_POINT('Ctrl Pts',(-5.57041769474794,9.26239793259489,-2.12926723452906));
#9962=CARTESIAN_POINT('Ctrl Pts',(5.29879024043941,9.07934767198902,-2.73304752774058));
#9963=CARTESIAN_POINT('Ctrl Pts',(4.66337040208246,9.09772191443308,-3.95444186839538));
#9964=CARTESIAN_POINT('Ctrl Pts',(3.59824034363203,9.11609615687715,-4.9544548232148));
#9965=CARTESIAN_POINT('Ctrl Pts',(2.33416568099047,9.13447039932122,-5.49158202499904));
#9966=CARTESIAN_POINT('Ctrl Pts',(0.867348260192917,9.15579165486683,-6.11485813363881));
#9967=CARTESIAN_POINT('Ctrl Pts',(-0.867348260192502,9.17711291041244,-6.11485813363887));
#9968=CARTESIAN_POINT('Ctrl Pts',(-2.33416568099009,9.19843416595805,-5.4915820249992));
#9969=CARTESIAN_POINT('Ctrl Pts',(-3.59824034363174,9.21680840840212,-4.95445482321503));
#9970=CARTESIAN_POINT('Ctrl Pts',(-4.66337040208228,9.23518265084618,-3.95444186839561));
#9971=CARTESIAN_POINT('Ctrl Pts',(-5.2987902404393,9.25355689329025,-2.73304752774079));
#9972=CARTESIAN_POINT('Ctrl Pts',(5.30000000000011,8.40336372975398,-2.02590128091149));
#9973=CARTESIAN_POINT('Ctrl Pts',(4.75719865080727,8.4246849852996,-3.44593451640448));
#9974=CARTESIAN_POINT('Ctrl Pts',(2.47576323123611,8.46732749639082,-5.8180200384469));
#9975=CARTESIAN_POINT('Ctrl Pts',(-2.47576323123569,8.53129126302765,-5.81802003844708));
#9976=CARTESIAN_POINT('Ctrl Pts',(-4.75719865080702,8.57393377411888,-3.44593451640482));
#9977=CARTESIAN_POINT('Ctrl Pts',(-5.29999999999997,8.59525502966449,-2.02590128091187));
#9978=CARTESIAN_POINT('Ctrl Pts',(5.39013923158278,8.45907803073078,-2.06035659878387));
#9979=CARTESIAN_POINT('Ctrl Pts',(4.83810624153743,8.48039928627639,-3.50454091062954));
#9980=CARTESIAN_POINT('Ctrl Pts',(2.51786953222559,8.52304179736761,-5.91696944516352));
#9981=CARTESIAN_POINT('Ctrl Pts',(-2.51786953222515,8.58700556400446,-5.91696944516371));
#9982=CARTESIAN_POINT('Ctrl Pts',(-4.83810624153717,8.62964807509568,-3.5045409106299));
#9983=CARTESIAN_POINT('Ctrl Pts',(-5.39013923158262,8.65096933064129,-2.06035659878428));
#9984=CARTESIAN_POINT('Ctrl Pts',(5.48027846316544,8.51479233170758,-2.09481191665625));
#9985=CARTESIAN_POINT('Ctrl Pts',(4.91901383226759,8.53611358725319,-3.56314730485459));
#9986=CARTESIAN_POINT('Ctrl Pts',(2.55997583321508,8.57875609834441,-6.01591885188015));
#9987=CARTESIAN_POINT('Ctrl Pts',(-2.55997583321461,8.64271986498126,-6.01591885188034));
#9988=CARTESIAN_POINT('Ctrl Pts',(-4.91901383226731,8.68536237607248,-3.56314730485498));
#9989=CARTESIAN_POINT('Ctrl Pts',(-5.48027846316527,8.70668363161809,-2.09481191665669));
#9990=CARTESIAN_POINT('Ctrl Pts',(5.5704176947481,8.57050663268438,-2.12926723452864));
#9991=CARTESIAN_POINT('Ctrl Pts',(4.99992142299775,8.59182788822999,-3.62175369907966));
#9992=CARTESIAN_POINT('Ctrl Pts',(2.60208213420457,8.63447039932121,-6.11486825859676));
#9993=CARTESIAN_POINT('Ctrl Pts',(-2.60208213420407,8.69843416595805,-6.11486825859698));
#9994=CARTESIAN_POINT('Ctrl Pts',(-4.99992142299746,8.74107667704927,-3.62175369908006));
#9995=CARTESIAN_POINT('Ctrl Pts',(-5.57041769474793,8.76239793259489,-2.12926723452909));
#9996=CARTESIAN_POINT('Ctrl Pts',(5.29879120402318,8.57934767198902,-2.73304779783866));
#9997=CARTESIAN_POINT('Ctrl Pts',(4.66337514879921,8.59772191443308,-3.95444321950349));
#9998=CARTESIAN_POINT('Ctrl Pts',(3.59825859019522,8.61609615687715,-4.95446023556038));
#9999=CARTESIAN_POINT('Ctrl Pts',(2.33418124500145,8.63447039932121,-5.49158961871751));
#10000=CARTESIAN_POINT('Ctrl Pts',(0.867360711401698,8.65579165486683,-6.11486825859684));
#10001=CARTESIAN_POINT('Ctrl Pts',(-0.8673607114012,8.67711291041244,-6.11486825859691));
#10002=CARTESIAN_POINT('Ctrl Pts',(-2.334181245001,8.69843416595805,-5.4915896187177));
#10003=CARTESIAN_POINT('Ctrl Pts',(-3.5982585901949,8.71680840840212,-4.95446023556064));
#10004=CARTESIAN_POINT('Ctrl Pts',(-4.66337514879902,8.73518265084618,-3.95444321950375));
#10005=CARTESIAN_POINT('Ctrl Pts',(-5.29879120402307,8.75355689329025,-2.73304779783887));
#10006=CARTESIAN_POINT('Ctrl Pts',(5.3000000000001,7.90336372975398,-2.02590128091152));
#10007=CARTESIAN_POINT('Ctrl Pts',(4.75719865080723,7.9246849852996,-3.44593451640454));
#10008=CARTESIAN_POINT('Ctrl Pts',(2.47580001227154,7.96732749639082,-5.81802982139821));
#10009=CARTESIAN_POINT('Ctrl Pts',(-2.47580001227129,8.03129126302766,-5.81802982139831));
#10010=CARTESIAN_POINT('Ctrl Pts',(-4.75719865080709,8.07393377411888,-3.44593451640474));
#10011=CARTESIAN_POINT('Ctrl Pts',(-5.30000000000001,8.09525502966449,-2.02590128091176));
#10012=CARTESIAN_POINT('Ctrl Pts',(5.39013923158276,7.95907803073078,-2.06035659878391));
#10013=CARTESIAN_POINT('Ctrl Pts',(4.8381062415374,7.9803992862764,-3.5045409106296));
#10014=CARTESIAN_POINT('Ctrl Pts',(2.51790693881089,8.02304179736762,-5.91697939449741));
#10015=CARTESIAN_POINT('Ctrl Pts',(-2.51790693881061,8.08700556400446,-5.91697939449753));
#10016=CARTESIAN_POINT('Ctrl Pts',(-4.83810624153723,8.12964807509568,-3.50454091062982));
#10017=CARTESIAN_POINT('Ctrl Pts',(-5.39013923158266,8.15096933064129,-2.06035659878416));
#10018=CARTESIAN_POINT('Ctrl Pts',(5.48027846316542,8.01479233170758,-2.0948119166563));
#10019=CARTESIAN_POINT('Ctrl Pts',(4.91901383226755,8.03611358725319,-3.56314730485466));
#10020=CARTESIAN_POINT('Ctrl Pts',(2.56001386535023,8.07875609834442,-6.01592896759662));
#10021=CARTESIAN_POINT('Ctrl Pts',(-2.56001386534993,8.14271986498126,-6.01592896759675));
#10022=CARTESIAN_POINT('Ctrl Pts',(-4.91901383226738,8.18536237607248,-3.5631473048549));
#10023=CARTESIAN_POINT('Ctrl Pts',(-5.48027846316532,8.20668363161809,-2.09481191665657));
#10024=CARTESIAN_POINT('Ctrl Pts',(5.57041769474809,8.07050663268438,-2.12926723452868));
#10025=CARTESIAN_POINT('Ctrl Pts',(4.99992142299772,8.09182788822999,-3.62175369907972));
#10026=CARTESIAN_POINT('Ctrl Pts',(2.60212079188958,8.13447039932122,-6.11487854069583));
#10027=CARTESIAN_POINT('Ctrl Pts',(-2.60212079188926,8.19843416595805,-6.11487854069597));
#10028=CARTESIAN_POINT('Ctrl Pts',(-4.99992142299753,8.24107667704928,-3.62175369907998));
#10029=CARTESIAN_POINT('Ctrl Pts',(-5.57041769474797,8.26239793259489,-2.12926723452897));
#10030=CARTESIAN_POINT('Ctrl Pts',(5.29879220124678,8.07934767198902,-2.73304807212871));
#10031=CARTESIAN_POINT('Ctrl Pts',(4.66338006122939,8.09772191443308,-3.95444459158109));
#10032=CARTESIAN_POINT('Ctrl Pts',(3.59827747376725,8.11609615687715,-4.95446573190658));
#10033=CARTESIAN_POINT('Ctrl Pts',(2.33419735237012,8.13447039932122,-5.49159733029183));
#10034=CARTESIAN_POINT('Ctrl Pts',(0.867373597296625,8.15579165486683,-6.11487854069587));
#10035=CARTESIAN_POINT('Ctrl Pts',(-0.867373597296303,8.17711291041244,
-6.11487854069592));
#10036=CARTESIAN_POINT('Ctrl Pts',(-2.33419735236983,8.19843416595805,-5.49159733029196));
#10037=CARTESIAN_POINT('Ctrl Pts',(-3.59827747376696,8.21680840840212,-4.95446573190678));
#10038=CARTESIAN_POINT('Ctrl Pts',(-4.66338006122914,8.23518265084618,-3.95444459158138));
#10039=CARTESIAN_POINT('Ctrl Pts',(-5.2987922012466,8.25355689329025,-2.73304807212906));
#10040=CARTESIAN_POINT('Ctrl Pts',(5.30000000000008,7.40336372975399,-2.02590128091156));
#10041=CARTESIAN_POINT('Ctrl Pts',(4.75719865080722,7.4246849852996,-3.44593451640455));
#10042=CARTESIAN_POINT('Ctrl Pts',(2.47583810018864,7.46732749639082,-5.81803975736993));
#10043=CARTESIAN_POINT('Ctrl Pts',(-2.47583810018839,7.53129126302766,-5.81803975737005));
#10044=CARTESIAN_POINT('Ctrl Pts',(-4.75719865080707,7.57393377411888,-3.44593451640475));
#10045=CARTESIAN_POINT('Ctrl Pts',(-5.3,7.59525502966449,-2.02590128091179));
#10046=CARTESIAN_POINT('Ctrl Pts',(5.39013923158275,7.45907803073078,-2.06035659878395));
#10047=CARTESIAN_POINT('Ctrl Pts',(4.83810624153738,7.4803992862764,-3.50454091062961));
#10048=CARTESIAN_POINT('Ctrl Pts',(2.51794567450451,7.52304179736762,-5.91698949945421));
#10049=CARTESIAN_POINT('Ctrl Pts',(-2.51794567450423,7.58700556400445,-5.91698949945433));
#10050=CARTESIAN_POINT('Ctrl Pts',(-4.83810624153722,7.62964807509568,-3.50454091062983));
#10051=CARTESIAN_POINT('Ctrl Pts',(-5.39013923158265,7.65096933064129,-2.0603565987842));
#10052=CARTESIAN_POINT('Ctrl Pts',(5.48027846316541,7.51479233170758,-2.09481191665634));
#10053=CARTESIAN_POINT('Ctrl Pts',(4.91901383226754,7.53611358725319,-3.56314730485467));
#10054=CARTESIAN_POINT('Ctrl Pts',(2.56005324882038,7.57875609834442,-6.01593924153848));
#10055=CARTESIAN_POINT('Ctrl Pts',(-2.56005324882008,7.64271986498125,-6.01593924153862));
#10056=CARTESIAN_POINT('Ctrl Pts',(-4.91901383226736,7.68536237607248,-3.56314730485491));
#10057=CARTESIAN_POINT('Ctrl Pts',(-5.48027846316531,7.70668363161809,-2.09481191665661));
#10058=CARTESIAN_POINT('Ctrl Pts',(5.57041769474807,7.57050663268438,-2.12926723452872));
#10059=CARTESIAN_POINT('Ctrl Pts',(4.9999214229977,7.59182788822999,-3.62175369907973));
#10060=CARTESIAN_POINT('Ctrl Pts',(2.60216082313625,7.63447039932122,-6.11488898362276));
#10061=CARTESIAN_POINT('Ctrl Pts',(-2.60216082313593,7.69843416595805,-6.1148889836229));
#10062=CARTESIAN_POINT('Ctrl Pts',(-4.99992142299751,7.74107667704928,-3.62175369907999));
#10063=CARTESIAN_POINT('Ctrl Pts',(-5.57041769474796,7.76239793259489,-2.12926723452901));
#10064=CARTESIAN_POINT('Ctrl Pts',(5.29879323390309,7.57934767198902,-2.73304835070915));
#10065=CARTESIAN_POINT('Ctrl Pts',(4.66338514820507,7.59772191443308,-3.95444598512008));
#10066=CARTESIAN_POINT('Ctrl Pts',(3.59829702829904,7.61609615687715,-4.95447131422405));
#10067=CARTESIAN_POINT('Ctrl Pts',(2.33421403205627,7.63447039932122,-5.49160516248701));
#10068=CARTESIAN_POINT('Ctrl Pts',(0.867386941045548,7.65579165486683,-6.1148889836228));
#10069=CARTESIAN_POINT('Ctrl Pts',(-0.867386941045142,7.67711291041244,
-6.11488898362286));
#10070=CARTESIAN_POINT('Ctrl Pts',(-2.33421403205591,7.69843416595805,-5.49160516248717));
#10071=CARTESIAN_POINT('Ctrl Pts',(-3.59829702829874,7.71680840840212,-4.95447131422427));
#10072=CARTESIAN_POINT('Ctrl Pts',(-4.66338514820485,7.73518265084618,-3.95444598512035));
#10073=CARTESIAN_POINT('Ctrl Pts',(-5.29879323390295,7.75355689329025,-2.73304835070943));
#10074=CARTESIAN_POINT('Ctrl Pts',(5.3000000000001,6.90336372975398,-2.02590128091153));
#10075=CARTESIAN_POINT('Ctrl Pts',(4.75719865080724,6.9246849852996,-3.44593451640451));
#10076=CARTESIAN_POINT('Ctrl Pts',(2.47587756590019,6.96732749639082,-5.81804984998061));
#10077=CARTESIAN_POINT('Ctrl Pts',(-2.47587756589986,7.03129126302766,-5.81804984998076));
#10078=CARTESIAN_POINT('Ctrl Pts',(-4.75719865080705,7.07393377411888,-3.44593451640478));
#10079=CARTESIAN_POINT('Ctrl Pts',(-5.29999999999998,7.09525502966449,-2.02590128091183));
#10080=CARTESIAN_POINT('Ctrl Pts',(5.39013923158276,6.95907803073078,-2.06035659878391));
#10081=CARTESIAN_POINT('Ctrl Pts',(4.8381062415374,6.98039928627639,-3.50454091062957));
#10082=CARTESIAN_POINT('Ctrl Pts',(2.51798581142529,7.02304179736762,-5.91699976371398));
#10083=CARTESIAN_POINT('Ctrl Pts',(-2.51798581142494,7.08700556400445,-5.91699976371413));
#10084=CARTESIAN_POINT('Ctrl Pts',(-4.83810624153719,7.12964807509568,-3.50454091062986));
#10085=CARTESIAN_POINT('Ctrl Pts',(-5.39013923158264,7.15096933064129,-2.06035659878424));
#10086=CARTESIAN_POINT('Ctrl Pts',(5.48027846316542,7.01479233170758,-2.0948119166563));
#10087=CARTESIAN_POINT('Ctrl Pts',(4.91901383226756,7.03611358725319,-3.56314730485463));
#10088=CARTESIAN_POINT('Ctrl Pts',(2.56009405695039,7.07875609834442,-6.01594967744735));
#10089=CARTESIAN_POINT('Ctrl Pts',(-2.56009405695001,7.14271986498126,-6.01594967744751));
#10090=CARTESIAN_POINT('Ctrl Pts',(-4.91901383226734,7.18536237607248,-3.56314730485495));
#10091=CARTESIAN_POINT('Ctrl Pts',(-5.48027846316529,7.20668363161809,-2.09481191665664));
#10092=CARTESIAN_POINT('Ctrl Pts',(5.57041769474809,7.07050663268438,-2.12926723452868));
#10093=CARTESIAN_POINT('Ctrl Pts',(4.99992142299773,7.09182788822999,-3.62175369907969));
#10094=CARTESIAN_POINT('Ctrl Pts',(2.60220230247549,7.13447039932121,-6.11489959118071));
#10095=CARTESIAN_POINT('Ctrl Pts',(-2.60220230247509,7.19843416595805,-6.11489959118088));
#10096=CARTESIAN_POINT('Ctrl Pts',(-4.99992142299749,7.24107667704928,-3.62175369908002));
#10097=CARTESIAN_POINT('Ctrl Pts',(-5.57041769474794,7.26239793259489,-2.12926723452905));
#10098=CARTESIAN_POINT('Ctrl Pts',(5.29879430391485,7.07934767198902,-2.73304863368122));
#10099=CARTESIAN_POINT('Ctrl Pts',(4.66339041919737,7.09772191443308,-3.95444740062792));
#10100=CARTESIAN_POINT('Ctrl Pts',(3.5983172901976,7.11609615687715,-4.95447698454581));
#10101=CARTESIAN_POINT('Ctrl Pts',(2.33423131511431,7.13447039932121,-5.49161311815547));
#10102=CARTESIAN_POINT('Ctrl Pts',(0.867400767491964,7.15579165486683,-6.11489959118077));
#10103=CARTESIAN_POINT('Ctrl Pts',(-0.86740076749156,7.17711291041244,-6.11489959118082));
#10104=CARTESIAN_POINT('Ctrl Pts',(-2.33423131511395,7.19843416595805,-5.49161311815562));
#10105=CARTESIAN_POINT('Ctrl Pts',(-3.59831729019722,7.21680840840212,-4.95447698454607));
#10106=CARTESIAN_POINT('Ctrl Pts',(-4.66339041919702,7.23518265084618,-3.95444740062831));
#10107=CARTESIAN_POINT('Ctrl Pts',(-5.29879430391459,7.25355689329025,-2.73304863368172));
#10108=CARTESIAN_POINT('Ctrl Pts',(5.30000000000014,6.40336372975398,-2.02590128091142));
#10109=CARTESIAN_POINT('Ctrl Pts',(4.75719865080731,6.4246849852996,-3.44593451640444));
#10110=CARTESIAN_POINT('Ctrl Pts',(2.47591848554391,6.46732749639082,-5.81806010296378));
#10111=CARTESIAN_POINT('Ctrl Pts',(-2.4759184855435,6.53129126302766,-5.81806010296395));
#10112=CARTESIAN_POINT('Ctrl Pts',(-4.75719865080706,6.57393377411888,-3.44593451640477));
#10113=CARTESIAN_POINT('Ctrl Pts',(-5.3,6.59525502966449,-2.02590128091179));
#10114=CARTESIAN_POINT('Ctrl Pts',(5.3901392315828,6.45907803073078,-2.0603565987838));
#10115=CARTESIAN_POINT('Ctrl Pts',(4.83810624153747,6.48039928627639,-3.5045409106295));
#10116=CARTESIAN_POINT('Ctrl Pts',(2.51802742700585,6.52304179736762,-5.91701019107375));
#10117=CARTESIAN_POINT('Ctrl Pts',(-2.51802742700541,6.58700556400445,-5.91701019107393));
#10118=CARTESIAN_POINT('Ctrl Pts',(-4.83810624153721,6.62964807509568,-3.50454091062986));
#10119=CARTESIAN_POINT('Ctrl Pts',(-5.39013923158265,6.65096933064129,-2.0603565987842));
#10120=CARTESIAN_POINT('Ctrl Pts',(5.48027846316547,6.51479233170758,-2.09481191665618));
#10121=CARTESIAN_POINT('Ctrl Pts',(4.91901383226763,6.53611358725319,-3.56314730485456));
#10122=CARTESIAN_POINT('Ctrl Pts',(2.56013636846778,6.57875609834442,-6.01596027918372));
#10123=CARTESIAN_POINT('Ctrl Pts',(-2.56013636846732,6.64271986498125,-6.01596027918392));
#10124=CARTESIAN_POINT('Ctrl Pts',(-4.91901383226736,6.68536237607248,-3.56314730485493));
#10125=CARTESIAN_POINT('Ctrl Pts',(-5.48027846316531,6.70668363161809,-2.0948119166566));
#10126=CARTESIAN_POINT('Ctrl Pts',(5.57041769474813,6.57050663268438,-2.12926723452857));
#10127=CARTESIAN_POINT('Ctrl Pts',(4.99992142299779,6.59182788822999,-3.62175369907962));
#10128=CARTESIAN_POINT('Ctrl Pts',(2.60224530992972,6.63447039932122,-6.11491036729369));
#10129=CARTESIAN_POINT('Ctrl Pts',(-2.60224530992923,6.69843416595805,-6.1149103672939));
#10130=CARTESIAN_POINT('Ctrl Pts',(-4.9999214229975,6.74107667704927,-3.62175369908001));
#10131=CARTESIAN_POINT('Ctrl Pts',(-5.57041769474796,6.76239793259489,-2.12926723452901));
#10132=CARTESIAN_POINT('Ctrl Pts',(5.29879541334626,6.57934767198902,-2.73304892114974));
#10133=CARTESIAN_POINT('Ctrl Pts',(4.66339588437507,6.59772191443308,-3.9544488386283));
#10134=CARTESIAN_POINT('Ctrl Pts',(3.59833829855237,6.61609615687715,-4.95448274496949));
#10135=CARTESIAN_POINT('Ctrl Pts',(2.33424923488691,6.63447039932122,-5.49162120024021));
#10136=CARTESIAN_POINT('Ctrl Pts',(0.867415103310062,6.65579165486683,-6.11491036729376));
#10137=CARTESIAN_POINT('Ctrl Pts',(-0.867415103309575,6.67711291041244,
-6.11491036729383));
#10138=CARTESIAN_POINT('Ctrl Pts',(-2.33424923488647,6.69843416595805,-5.49162120024039));
#10139=CARTESIAN_POINT('Ctrl Pts',(-3.59833829855193,6.71680840840212,-4.9544827449698));
#10140=CARTESIAN_POINT('Ctrl Pts',(-4.66339588437466,6.73518265084618,-3.95444883862875));
#10141=CARTESIAN_POINT('Ctrl Pts',(-5.29879541334596,6.75355689329025,-2.73304892115031));
#10142=CARTESIAN_POINT('Ctrl Pts',(5.30000000000013,5.90336372975398,-2.02590128091145));
#10143=CARTESIAN_POINT('Ctrl Pts',(4.75719865080728,5.9246849852996,-3.44593451640447));
#10144=CARTESIAN_POINT('Ctrl Pts',(2.47596094097252,5.96732749639082,-5.81807052017256));
#10145=CARTESIAN_POINT('Ctrl Pts',(-2.4759609409722,6.03129126302766,-5.8180705201727));
#10146=CARTESIAN_POINT('Ctrl Pts',(-4.75719865080709,6.07393377411888,-3.44593451640474));
#10147=CARTESIAN_POINT('Ctrl Pts',(-5.30000000000001,6.09525502966449,-2.02590128091175));
#10148=CARTESIAN_POINT('Ctrl Pts',(5.39013923158279,5.95907803073078,-2.06035659878384));
#10149=CARTESIAN_POINT('Ctrl Pts',(4.83810624153744,5.9803992862764,-3.50454091062953));
#10150=CARTESIAN_POINT('Ctrl Pts',(2.51807060449101,6.02304179736762,-5.91702078545219));
#10151=CARTESIAN_POINT('Ctrl Pts',(-2.51807060449066,6.08700556400446,-5.91702078545234));
#10152=CARTESIAN_POINT('Ctrl Pts',(-4.83810624153724,6.12964807509568,-3.50454091062982));
#10153=CARTESIAN_POINT('Ctrl Pts',(-5.39013923158267,6.15096933064129,-2.06035659878416));
#10154=CARTESIAN_POINT('Ctrl Pts',(5.48027846316545,6.01479233170758,-2.09481191665622));
#10155=CARTESIAN_POINT('Ctrl Pts',(4.9190138322676,6.03611358725319,-3.56314730485459));
#10156=CARTESIAN_POINT('Ctrl Pts',(2.56018026800949,6.07875609834442,-6.01597105073183));
#10157=CARTESIAN_POINT('Ctrl Pts',(-2.56018026800912,6.14271986498126,-6.01597105073198));
#10158=CARTESIAN_POINT('Ctrl Pts',(-4.91901383226738,6.18536237607248,-3.5631473048549));
#10159=CARTESIAN_POINT('Ctrl Pts',(-5.48027846316532,6.20668363161809,-2.09481191665656));
#10160=CARTESIAN_POINT('Ctrl Pts',(5.57041769474812,6.07050663268438,-2.12926723452861));
#10161=CARTESIAN_POINT('Ctrl Pts',(4.99992142299777,6.09182788822999,-3.62175369907965));
#10162=CARTESIAN_POINT('Ctrl Pts',(2.60228993152798,6.13447039932122,-6.11492131601146));
#10163=CARTESIAN_POINT('Ctrl Pts',(-2.60228993152759,6.19843416595805,-6.11492131601162));
#10164=CARTESIAN_POINT('Ctrl Pts',(-4.99992142299753,6.24107667704928,-3.62175369907998));
#10165=CARTESIAN_POINT('Ctrl Pts',(-5.57041769474798,6.26239793259489,-2.12926723452897));
#10166=CARTESIAN_POINT('Ctrl Pts',(5.29879656441646,6.07934767198902,-2.73304921322289));
#10167=CARTESIAN_POINT('Ctrl Pts',(4.66340155467023,6.09772191443308,-3.95445029966174));
#10168=CARTESIAN_POINT('Ctrl Pts',(3.59836009538694,6.11609615687715,-4.95448859765994));
#10169=CARTESIAN_POINT('Ctrl Pts',(2.3342678272195,6.13447039932122,-5.49162941177854));
#10170=CARTESIAN_POINT('Ctrl Pts',(0.867429977176121,6.15579165486683,-6.11492131601152));
#10171=CARTESIAN_POINT('Ctrl Pts',(-0.867429977175724,6.17711291041244,
-6.11492131601157));
#10172=CARTESIAN_POINT('Ctrl Pts',(-2.33426782721914,6.19843416595805,-5.49162941177868));
#10173=CARTESIAN_POINT('Ctrl Pts',(-3.59836009538657,6.21680840840212,-4.95448859766019));
#10174=CARTESIAN_POINT('Ctrl Pts',(-4.66340155466989,6.23518265084618,-3.95445029966213));
#10175=CARTESIAN_POINT('Ctrl Pts',(-5.29879656441621,6.25355689329025,-2.73304921322339));
#10176=CARTESIAN_POINT('Ctrl Pts',(5.30000000000011,5.40336372975398,-2.02590128091149));
#10177=CARTESIAN_POINT('Ctrl Pts',(4.75719865080726,5.4246849852996,-3.4459345164045));
#10178=CARTESIAN_POINT('Ctrl Pts',(2.47600502030072,5.46732749639082,-5.81808110558447));
#10179=CARTESIAN_POINT('Ctrl Pts',(-2.4760050203004,5.53129126302765,-5.8180811055846));
#10180=CARTESIAN_POINT('Ctrl Pts',(-4.75719865080707,5.57393377411888,-3.44593451640476));
#10181=CARTESIAN_POINT('Ctrl Pts',(-5.3,5.59525502966449,-2.02590128091179));
#10182=CARTESIAN_POINT('Ctrl Pts',(5.39013923158277,5.45907803073078,-2.06035659878388));
#10183=CARTESIAN_POINT('Ctrl Pts',(4.83810624153742,5.4803992862764,-3.50454091062955));
#10184=CARTESIAN_POINT('Ctrl Pts',(2.51811543349407,5.52304179736762,-5.91703155089445));
#10185=CARTESIAN_POINT('Ctrl Pts',(-2.51811543349372,5.58700556400446,-5.9170315508946));
#10186=CARTESIAN_POINT('Ctrl Pts',(-4.83810624153722,5.62964807509568,-3.50454091062984));
#10187=CARTESIAN_POINT('Ctrl Pts',(-5.39013923158265,5.65096933064129,-2.06035659878419));
#10188=CARTESIAN_POINT('Ctrl Pts',(5.48027846316544,5.51479233170758,-2.09481191665626));
#10189=CARTESIAN_POINT('Ctrl Pts',(4.91901383226758,5.53611358725319,-3.56314730485462));
#10190=CARTESIAN_POINT('Ctrl Pts',(2.56022584668742,5.57875609834442,-6.01598199620445));
#10191=CARTESIAN_POINT('Ctrl Pts',(-2.56022584668705,5.64271986498125,-6.0159819962046));
#10192=CARTESIAN_POINT('Ctrl Pts',(-4.91901383226736,5.68536237607248,-3.56314730485492));
#10193=CARTESIAN_POINT('Ctrl Pts',(-5.48027846316531,5.70668363161809,-2.0948119166566));
#10194=CARTESIAN_POINT('Ctrl Pts',(5.5704176947481,5.57050663268438,-2.12926723452865));
#10195=CARTESIAN_POINT('Ctrl Pts',(4.99992142299774,5.59182788822999,-3.62175369907968));
#10196=CARTESIAN_POINT('Ctrl Pts',(2.60233625988077,5.63447039932122,-6.11493244151443));
#10197=CARTESIAN_POINT('Ctrl Pts',(-2.60233625988038,5.69843416595805,-6.1149324415146));
#10198=CARTESIAN_POINT('Ctrl Pts',(-4.99992142299751,5.74107667704927,-3.62175369908));
#10199=CARTESIAN_POINT('Ctrl Pts',(-5.57041769474796,5.76239793259489,-2.12926723452901));
#10200=CARTESIAN_POINT('Ctrl Pts',(5.29879775951457,5.57934767198902,-2.73304951001202));
#10201=CARTESIAN_POINT('Ctrl Pts',(4.66340744185148,5.59772191443308,-3.95445178428595));
#10202=CARTESIAN_POINT('Ctrl Pts',(3.59838272593991,5.61609615687715,-4.95449454485175));
#10203=CARTESIAN_POINT('Ctrl Pts',(2.33428713069987,5.63447039932122,-5.49163775590575));
#10204=CARTESIAN_POINT('Ctrl Pts',(0.867445419960432,5.65579165486683,-6.11493244151449));
#10205=CARTESIAN_POINT('Ctrl Pts',(-0.867445419959949,5.67711291041244,
-6.11493244151455));
#10206=CARTESIAN_POINT('Ctrl Pts',(-2.33428713069944,5.69843416595805,-5.49163775590593));
#10207=CARTESIAN_POINT('Ctrl Pts',(-3.59838272593951,5.71680840840212,-4.95449454485204));
#10208=CARTESIAN_POINT('Ctrl Pts',(-4.66340744185115,5.73518265084618,-3.95445178428633));
#10209=CARTESIAN_POINT('Ctrl Pts',(-5.29879775951433,5.75355689329025,-2.73304951001247));
#10210=CARTESIAN_POINT('Ctrl Pts',(5.30000000000011,4.90336372975398,-2.02590128091149));
#10211=CARTESIAN_POINT('Ctrl Pts',(4.75719865080726,4.9246849852996,-3.4459345164045));
#10212=CARTESIAN_POINT('Ctrl Pts',(2.47605081851516,4.96732749639082,-5.81809186330653));
#10213=CARTESIAN_POINT('Ctrl Pts',(-2.4760508185148,5.03129126302765,-5.81809186330668));
#10214=CARTESIAN_POINT('Ctrl Pts',(-4.75719865080705,5.07393377411888,-3.44593451640479));
#10215=CARTESIAN_POINT('Ctrl Pts',(-5.29999999999998,5.09525502966449,-2.02590128091182));
#10216=CARTESIAN_POINT('Ctrl Pts',(5.39013923158277,4.95907803073078,-2.06035659878388));
#10217=CARTESIAN_POINT('Ctrl Pts',(4.83810624153742,4.98039928627639,-3.50454091062956));
#10218=CARTESIAN_POINT('Ctrl Pts',(2.51816201061717,5.02304179736762,-5.91704249157743));
#10219=CARTESIAN_POINT('Ctrl Pts',(-2.51816201061678,5.08700556400445,-5.91704249157759));
#10220=CARTESIAN_POINT('Ctrl Pts',(-4.83810624153719,5.12964807509568,-3.50454091062987));
#10221=CARTESIAN_POINT('Ctrl Pts',(-5.39013923158264,5.15096933064129,-2.06035659878423));
#10222=CARTESIAN_POINT('Ctrl Pts',(5.48027846316543,5.01479233170758,-2.09481191665626));
#10223=CARTESIAN_POINT('Ctrl Pts',(4.91901383226758,5.03611358725319,-3.56314730485461));
#10224=CARTESIAN_POINT('Ctrl Pts',(2.56027320271917,5.07875609834442,-6.01599311984832));
#10225=CARTESIAN_POINT('Ctrl Pts',(-2.56027320271876,5.14271986498125,-6.0159931198485));
#10226=CARTESIAN_POINT('Ctrl Pts',(-4.91901383226734,5.18536237607248,-3.56314730485495));
#10227=CARTESIAN_POINT('Ctrl Pts',(-5.48027846316529,5.20668363161809,-2.09481191665664));
#10228=CARTESIAN_POINT('Ctrl Pts',(5.5704176947481,5.07050663268438,-2.12926723452865));
#10229=CARTESIAN_POINT('Ctrl Pts',(4.99992142299774,5.09182788822999,-3.62175369907968));
#10230=CARTESIAN_POINT('Ctrl Pts',(2.60238439482117,5.13447039932121,-6.11494374811922));
#10231=CARTESIAN_POINT('Ctrl Pts',(-2.60238439482073,5.19843416595805,-6.1149437481194));
#10232=CARTESIAN_POINT('Ctrl Pts',(-4.99992142299748,5.24107667704927,-3.62175369908003));
#10233=CARTESIAN_POINT('Ctrl Pts',(-5.57041769474795,5.26239793259489,-2.12926723452905));
#10234=CARTESIAN_POINT('Ctrl Pts',(5.29879900121583,5.07934767198902,-2.73304981163237));
#10235=CARTESIAN_POINT('Ctrl Pts',(4.663413558605,5.09772191443308,-3.95445329307706));
#10236=CARTESIAN_POINT('Ctrl Pts',(3.59840623897779,5.11609615687715,-4.95450058885249));
#10237=CARTESIAN_POINT('Ctrl Pts',(2.33430718692496,5.13447039932121,-5.49164623585938));
#10238=CARTESIAN_POINT('Ctrl Pts',(0.867461464940511,5.15579165486683,-6.11494374811927));
#10239=CARTESIAN_POINT('Ctrl Pts',(-0.867461464940077,5.17711291041244,
-6.11494374811933));
#10240=CARTESIAN_POINT('Ctrl Pts',(-2.33430718692457,5.19843416595805,-5.49164623585954));
#10241=CARTESIAN_POINT('Ctrl Pts',(-3.59840623897745,5.21680840840212,-4.95450058885274));
#10242=CARTESIAN_POINT('Ctrl Pts',(-4.66341355860474,5.23518265084618,-3.95445329307737));
#10243=CARTESIAN_POINT('Ctrl Pts',(-5.29879900121565,5.25355689329025,-2.73304981163271));
#10244=CARTESIAN_POINT('Ctrl Pts',(5.30000000000011,4.40336372975398,-2.0259012809115));
#10245=CARTESIAN_POINT('Ctrl Pts',(4.75719865080726,4.4246849852996,-3.4459345164045));
#10246=CARTESIAN_POINT('Ctrl Pts',(2.47609843815782,4.46732749639082,-5.81810279758063));
#10247=CARTESIAN_POINT('Ctrl Pts',(-2.4760984381575,4.53129126302765,-5.81810279758076));
#10248=CARTESIAN_POINT('Ctrl Pts',(-4.75719865080707,4.57393377411888,-3.44593451640476));
#10249=CARTESIAN_POINT('Ctrl Pts',(-5.3,4.59525502966449,-2.02590128091178));
#10250=CARTESIAN_POINT('Ctrl Pts',(5.39013923158277,4.45907803073078,-2.06035659878388));
#10251=CARTESIAN_POINT('Ctrl Pts',(4.83810624153742,4.48039928627639,-3.50454091062956));
#10252=CARTESIAN_POINT('Ctrl Pts',(2.51821044014624,4.52304179736762,-5.91705361181512));
#10253=CARTESIAN_POINT('Ctrl Pts',(-2.5182104401459,4.58700556400445,-5.91705361181527));
#10254=CARTESIAN_POINT('Ctrl Pts',(-4.83810624153722,4.62964807509568,-3.50454091062983));
#10255=CARTESIAN_POINT('Ctrl Pts',(-5.39013923158265,4.65096933064129,-2.06035659878419));
#10256=CARTESIAN_POINT('Ctrl Pts',(5.48027846316543,4.51479233170758,-2.09481191665627));
#10257=CARTESIAN_POINT('Ctrl Pts',(4.91901383226758,4.53611358725319,-3.56314730485462));
#10258=CARTESIAN_POINT('Ctrl Pts',(2.56032244213466,4.57875609834442,-6.01600442604962));
#10259=CARTESIAN_POINT('Ctrl Pts',(-2.56032244213429,4.64271986498126,-6.01600442604977));
#10260=CARTESIAN_POINT('Ctrl Pts',(-4.91901383226736,4.68536237607248,-3.56314730485492));
#10261=CARTESIAN_POINT('Ctrl Pts',(-5.48027846316531,4.70668363161809,-2.0948119166566));
#10262=CARTESIAN_POINT('Ctrl Pts',(5.5704176947481,4.57050663268438,-2.12926723452865));
#10263=CARTESIAN_POINT('Ctrl Pts',(4.99992142299774,4.59182788822999,-3.62175369907968));
#10264=CARTESIAN_POINT('Ctrl Pts',(2.60243444412307,4.63447039932121,-6.11495524028411));
#10265=CARTESIAN_POINT('Ctrl Pts',(-2.60243444412269,4.69843416595805,-6.11495524028427));
#10266=CARTESIAN_POINT('Ctrl Pts',(-4.99992142299751,4.74107667704928,-3.62175369907999));
#10267=CARTESIAN_POINT('Ctrl Pts',(-5.57041769474796,4.76239793259489,-2.129267234529));
#10268=CARTESIAN_POINT('Ctrl Pts',(5.29880029230051,4.57934767198902,-2.7330501182027));
#10269=CARTESIAN_POINT('Ctrl Pts',(4.66341991862634,4.59772191443308,-3.95445482662984));
#10270=CARTESIAN_POINT('Ctrl Pts',(3.59843068714636,4.61609615687715,-4.9545067320452));
#10271=CARTESIAN_POINT('Ctrl Pts',(2.33432804080079,4.63447039932121,-5.49165485498302));
#10272=CARTESIAN_POINT('Ctrl Pts',(0.86747814804116,4.65579165486683,-6.11495524028416));
#10273=CARTESIAN_POINT('Ctrl Pts',(-0.867478148040771,4.67711291041244,
-6.11495524028422));
#10274=CARTESIAN_POINT('Ctrl Pts',(-2.33432804080044,4.69843416595805,-5.49165485498317));
#10275=CARTESIAN_POINT('Ctrl Pts',(-3.59843068714601,4.71680840840212,-4.95450673204544));
#10276=CARTESIAN_POINT('Ctrl Pts',(-4.66341991862603,4.73518265084618,-3.95445482663019));
#10277=CARTESIAN_POINT('Ctrl Pts',(-5.29880029230028,4.75355689329025,-2.73305011820315));
#10278=CARTESIAN_POINT('Ctrl Pts',(5.30000000000012,3.90336372975398,-2.02590128091146));
#10279=CARTESIAN_POINT('Ctrl Pts',(4.75719865080728,3.9246849852996,-3.44593451640448));
#10280=CARTESIAN_POINT('Ctrl Pts',(2.47614799009262,3.96732749639082,-5.81811391278895));
#10281=CARTESIAN_POINT('Ctrl Pts',(-2.47614799009226,4.03129126302765,-5.8181139127891));
#10282=CARTESIAN_POINT('Ctrl Pts',(-4.75719865080707,4.07393377411888,-3.44593451640477));
#10283=CARTESIAN_POINT('Ctrl Pts',(-5.3,4.09525502966449,-2.02590128091178));
#10284=CARTESIAN_POINT('Ctrl Pts',(5.39013923158279,3.95907803073078,-2.06035659878384));
#10285=CARTESIAN_POINT('Ctrl Pts',(4.83810624153744,3.98039928627639,-3.50454091062954));
#10286=CARTESIAN_POINT('Ctrl Pts',(2.51826083483072,4.02304179736762,-5.91706491606426));
#10287=CARTESIAN_POINT('Ctrl Pts',(-2.51826083483034,4.08700556400445,-5.91706491606442));
#10288=CARTESIAN_POINT('Ctrl Pts',(-4.83810624153721,4.12964807509568,-3.50454091062985));
#10289=CARTESIAN_POINT('Ctrl Pts',(-5.39013923158265,4.15096933064129,-2.06035659878419));
#10290=CARTESIAN_POINT('Ctrl Pts',(5.48027846316545,4.01479233170758,-2.09481191665623));
#10291=CARTESIAN_POINT('Ctrl Pts',(4.9190138322676,4.03611358725319,-3.5631473048546));
#10292=CARTESIAN_POINT('Ctrl Pts',(2.56037367956882,4.07875609834442,-6.01601591933957));
#10293=CARTESIAN_POINT('Ctrl Pts',(-2.56037367956841,4.14271986498125,-6.01601591933974));
#10294=CARTESIAN_POINT('Ctrl Pts',(-4.91901383226736,4.18536237607248,-3.56314730485493));
#10295=CARTESIAN_POINT('Ctrl Pts',(-5.48027846316531,4.20668363161809,-2.0948119166566));
#10296=CARTESIAN_POINT('Ctrl Pts',(5.57041769474811,4.07050663268438,-2.12926723452861));
#10297=CARTESIAN_POINT('Ctrl Pts',(4.99992142299776,4.09182788822999,-3.62175369907966));
#10298=CARTESIAN_POINT('Ctrl Pts',(2.60248652430692,4.13447039932122,-6.11496692261488));
#10299=CARTESIAN_POINT('Ctrl Pts',(-2.60248652430649,4.19843416595805,-6.11496692261506));
#10300=CARTESIAN_POINT('Ctrl Pts',(-4.99992142299751,4.24107667704927,-3.62175369908001));
#10301=CARTESIAN_POINT('Ctrl Pts',(-5.57041769474796,4.26239793259489,-2.129267234529));
#10302=CARTESIAN_POINT('Ctrl Pts',(5.29880163577435,4.07934767198902,-2.73305042984599));
#10303=CARTESIAN_POINT('Ctrl Pts',(4.66342653672225,4.09772191443308,-3.95445638555899));
#10304=CARTESIAN_POINT('Ctrl Pts',(3.59845612736358,4.11609615687715,-4.95451297689204));
#10305=CARTESIAN_POINT('Ctrl Pts',(2.33434974087738,4.13447039932122,-5.49166361673111));
#10306=CARTESIAN_POINT('Ctrl Pts',(0.867495508102448,4.15579165486683,-6.11496692261493));
#10307=CARTESIAN_POINT('Ctrl Pts',(-0.867495508102018,4.17711291041244,
-6.114966922615));
#10308=CARTESIAN_POINT('Ctrl Pts',(-2.334349740877,4.19843416595805,-5.49166361673127));
#10309=CARTESIAN_POINT('Ctrl Pts',(-3.59845612736319,4.21680840840212,-4.95451297689231));
#10310=CARTESIAN_POINT('Ctrl Pts',(-4.66342653672191,4.23518265084618,-3.95445638555938));
#10311=CARTESIAN_POINT('Ctrl Pts',(-5.29880163577409,4.25355689329025,-2.73305042984647));
#10312=CARTESIAN_POINT('Ctrl Pts',(5.30000000000011,3.40336372975398,-2.0259012809115));
#10313=CARTESIAN_POINT('Ctrl Pts',(4.75719865080726,3.4246849852996,-3.4459345164045));
#10314=CARTESIAN_POINT('Ctrl Pts',(2.47619959436681,3.46732749639082,-5.81812521345999));
#10315=CARTESIAN_POINT('Ctrl Pts',(-2.4761995943665,3.53129126302766,-5.81812521346013));
#10316=CARTESIAN_POINT('Ctrl Pts',(-4.75719865080707,3.57393377411888,-3.44593451640475));
#10317=CARTESIAN_POINT('Ctrl Pts',(-5.3,3.59525502966449,-2.02590128091178));
#10318=CARTESIAN_POINT('Ctrl Pts',(5.39013923158277,3.45907803073078,-2.06035659878388));
#10319=CARTESIAN_POINT('Ctrl Pts',(4.83810624153742,3.4803992862764,-3.50454091062956));
#10320=CARTESIAN_POINT('Ctrl Pts',(2.51831331675956,3.52304179736762,-5.91707640893036));
#10321=CARTESIAN_POINT('Ctrl Pts',(-2.51831331675922,3.58700556400446,-5.91707640893051));
#10322=CARTESIAN_POINT('Ctrl Pts',(-4.83810624153722,3.62964807509568,-3.50454091062983));
#10323=CARTESIAN_POINT('Ctrl Pts',(-5.39013923158265,3.65096933064129,-2.06035659878419));
#10324=CARTESIAN_POINT('Ctrl Pts',(5.48027846316543,3.51479233170758,-2.09481191665627));
#10325=CARTESIAN_POINT('Ctrl Pts',(4.91901383226758,3.53611358725319,-3.56314730485462));
#10326=CARTESIAN_POINT('Ctrl Pts',(2.56042703915231,3.57875609834442,-6.01602760440072));
#10327=CARTESIAN_POINT('Ctrl Pts',(-2.56042703915195,3.64271986498125,-6.01602760440088));
#10328=CARTESIAN_POINT('Ctrl Pts',(-4.91901383226737,3.68536237607248,-3.56314730485492));
#10329=CARTESIAN_POINT('Ctrl Pts',(-5.48027846316531,3.70668363161809,-2.0948119166566));
#10330=CARTESIAN_POINT('Ctrl Pts',(5.5704176947481,3.57050663268438,-2.12926723452865));
#10331=CARTESIAN_POINT('Ctrl Pts',(4.99992142299774,3.59182788822999,-3.62175369907968));
#10332=CARTESIAN_POINT('Ctrl Pts',(2.60254076154506,3.63447039932121,-6.11497879987109));
#10333=CARTESIAN_POINT('Ctrl Pts',(-2.60254076154467,3.69843416595805,-6.11497879987126));
#10334=CARTESIAN_POINT('Ctrl Pts',(-4.99992142299751,3.74107667704928,-3.62175369907999));
#10335=CARTESIAN_POINT('Ctrl Pts',(-5.57041769474796,3.76239793259489,-2.129267234529));
#10336=CARTESIAN_POINT('Ctrl Pts',(5.29880303489206,3.57934767198902,-2.73305074668929));
#10337=CARTESIAN_POINT('Ctrl Pts',(4.66343342892606,3.59772191443308,-3.9544579704997));
#10338=CARTESIAN_POINT('Ctrl Pts',(3.59848262126234,3.61609615687715,-4.95451932593723));
#10339=CARTESIAN_POINT('Ctrl Pts',(2.33437233972662,3.63447039932122,-5.49167252467326));
#10340=CARTESIAN_POINT('Ctrl Pts',(0.867513587181815,3.65579165486683,-6.11497879987115));
#10341=CARTESIAN_POINT('Ctrl Pts',(-0.867513587181433,3.67711291041244,
-6.1149787998712));
#10342=CARTESIAN_POINT('Ctrl Pts',(-2.33437233972627,3.69843416595805,-5.49167252467341));
#10343=CARTESIAN_POINT('Ctrl Pts',(-3.59848262126201,3.71680840840212,-4.95451932593746));
#10344=CARTESIAN_POINT('Ctrl Pts',(-4.66343342892578,3.73518265084618,-3.95445797050002));
#10345=CARTESIAN_POINT('Ctrl Pts',(-5.29880303489186,3.75355689329025,-2.73305074668968));
#10346=CARTESIAN_POINT('Ctrl Pts',(5.30000000000012,2.90336372975398,-2.02590128091146));
#10347=CARTESIAN_POINT('Ctrl Pts',(4.75719865080728,2.9246849852996,-3.44593451640447));
#10348=CARTESIAN_POINT('Ctrl Pts',(2.4762533811824,2.96732749639082,-5.81813670427458));
#10349=CARTESIAN_POINT('Ctrl Pts',(-2.47625338118205,3.03129126302765,-5.81813670427472));
#10350=CARTESIAN_POINT('Ctrl Pts',(-4.75719865080707,3.07393377411888,-3.44593451640476));
#10351=CARTESIAN_POINT('Ctrl Pts',(-5.3,3.09525502966449,-2.02590128091178));
#10352=CARTESIAN_POINT('Ctrl Pts',(5.39013923158279,2.95907803073078,-2.06035659878385));
#10353=CARTESIAN_POINT('Ctrl Pts',(4.83810624153744,2.98039928627639,-3.50454091062953));
#10354=CARTESIAN_POINT('Ctrl Pts',(2.51836801834916,3.02304179736762,-5.91708809517385));
#10355=CARTESIAN_POINT('Ctrl Pts',(-2.51836801834878,3.08700556400445,-5.91708809517401));
#10356=CARTESIAN_POINT('Ctrl Pts',(-4.83810624153722,3.12964807509568,-3.50454091062984));
#10357=CARTESIAN_POINT('Ctrl Pts',(-5.39013923158266,3.15096933064129,-2.06035659878419));
#10358=CARTESIAN_POINT('Ctrl Pts',(5.48027846316545,3.01479233170758,-2.09481191665623));
#10359=CARTESIAN_POINT('Ctrl Pts',(4.9190138322676,3.03611358725319,-3.56314730485459));
#10360=CARTESIAN_POINT('Ctrl Pts',(2.56048265551591,3.07875609834442,-6.01603948607312));
#10361=CARTESIAN_POINT('Ctrl Pts',(-2.56048265551551,3.14271986498125,-6.01603948607329));
#10362=CARTESIAN_POINT('Ctrl Pts',(-4.91901383226736,3.18536237607248,-3.56314730485492));
#10363=CARTESIAN_POINT('Ctrl Pts',(-5.48027846316531,3.20668363161809,-2.09481191665659));
#10364=CARTESIAN_POINT('Ctrl Pts',(5.57041769474811,3.07050663268438,-2.12926723452862));
#10365=CARTESIAN_POINT('Ctrl Pts',(4.99992142299776,3.09182788822999,-3.62175369907965));
#10366=CARTESIAN_POINT('Ctrl Pts',(2.60259729268266,3.13447039932122,-6.11499087697239));
#10367=CARTESIAN_POINT('Ctrl Pts',(-2.60259729268224,3.19843416595805,-6.11499087697257));
#10368=CARTESIAN_POINT('Ctrl Pts',(-4.99992142299751,3.24107667704928,-3.62175369908));
#10369=CARTESIAN_POINT('Ctrl Pts',(-5.57041769474796,3.26239793259489,-2.129267234529));
#10370=CARTESIAN_POINT('Ctrl Pts',(5.29880449318383,3.07934767198902,-2.73305106886367));
#10371=CARTESIAN_POINT('Ctrl Pts',(4.66344061262746,3.09772191443308,-3.95445958210836));
#10372=CARTESIAN_POINT('Ctrl Pts',(3.59851023568906,3.11609615687715,-4.95452578181057));
#10373=CARTESIAN_POINT('Ctrl Pts',(2.33439589436729,3.13447039932121,-5.49168158249923));
#10374=CARTESIAN_POINT('Ctrl Pts',(0.867532430894363,3.15579165486683,-6.11499087697245));
#10375=CARTESIAN_POINT('Ctrl Pts',(-0.867532430893942,3.17711291041244,
-6.11499087697251));
#10376=CARTESIAN_POINT('Ctrl Pts',(-2.33439589436691,3.19843416595805,-5.4916815824994));
#10377=CARTESIAN_POINT('Ctrl Pts',(-3.59851023568871,3.21680840840212,-4.95452578181082));
#10378=CARTESIAN_POINT('Ctrl Pts',(-4.66344061262717,3.23518265084618,-3.9544595821087));
#10379=CARTESIAN_POINT('Ctrl Pts',(-5.29880449318362,3.25355689329025,-2.73305106886408));
#10380=CARTESIAN_POINT('Ctrl Pts',(5.30000000000011,2.40336372975398,-2.02590128091148));
#10381=CARTESIAN_POINT('Ctrl Pts',(4.75719865080726,2.4246849852996,-3.44593451640449));
#10382=CARTESIAN_POINT('Ctrl Pts',(2.47630949199256,2.46732749639082,-5.81814839007244));
#10383=CARTESIAN_POINT('Ctrl Pts',(-2.47630949199224,2.53129126302766,-5.81814839007258));
#10384=CARTESIAN_POINT('Ctrl Pts',(-4.75719865080707,2.57393377411888,-3.44593451640476));
#10385=CARTESIAN_POINT('Ctrl Pts',(-5.3,2.59525502966449,-2.02590128091178));
#10386=CARTESIAN_POINT('Ctrl Pts',(5.39013923158278,2.45907803073078,-2.06035659878387));
#10387=CARTESIAN_POINT('Ctrl Pts',(4.83810624153743,2.4803992862764,-3.50454091062955));
#10388=CARTESIAN_POINT('Ctrl Pts',(2.51842508345843,2.52304179736762,-5.91709997971678));
#10389=CARTESIAN_POINT('Ctrl Pts',(-2.51842508345808,2.58700556400445,-5.91709997971692));
#10390=CARTESIAN_POINT('Ctrl Pts',(-4.83810624153722,2.62964807509568,-3.50454091062984));
#10391=CARTESIAN_POINT('Ctrl Pts',(-5.39013923158266,2.65096933064129,-2.06035659878419));
#10392=CARTESIAN_POINT('Ctrl Pts',(5.48027846316544,2.51479233170758,-2.09481191665625));
#10393=CARTESIAN_POINT('Ctrl Pts',(4.91901383226759,2.53611358725319,-3.56314730485461));
#10394=CARTESIAN_POINT('Ctrl Pts',(2.5605406749243,2.57875609834442,-6.01605156936112));
#10395=CARTESIAN_POINT('Ctrl Pts',(-2.56054067492393,2.64271986498125,-6.01605156936127));
#10396=CARTESIAN_POINT('Ctrl Pts',(-4.91901383226737,2.68536237607248,-3.56314730485492));
#10397=CARTESIAN_POINT('Ctrl Pts',(-5.48027846316531,2.70668363161809,-2.09481191665659));
#10398=CARTESIAN_POINT('Ctrl Pts',(5.5704176947481,2.57050663268438,-2.12926723452864));
#10399=CARTESIAN_POINT('Ctrl Pts',(4.99992142299775,2.59182788822999,-3.62175369907967));
#10400=CARTESIAN_POINT('Ctrl Pts',(2.60265626639017,2.63447039932122,-6.11500315900546));
#10401=CARTESIAN_POINT('Ctrl Pts',(-2.60265626638977,2.69843416595805,-6.11500315900562));
#10402=CARTESIAN_POINT('Ctrl Pts',(-4.99992142299751,2.74107667704928,-3.62175369908));
#10403=CARTESIAN_POINT('Ctrl Pts',(-5.57041769474796,2.76239793259489,-2.129267234529));
#10404=CARTESIAN_POINT('Ctrl Pts',(5.29880601448476,2.57934767198902,-2.73305139650494));
#10405=CARTESIAN_POINT('Ctrl Pts',(4.66344810671873,2.59772191443308,-3.95446122106381));
#10406=CARTESIAN_POINT('Ctrl Pts',(3.59853904326649,2.61609615687715,-4.9545323472312));
#10407=CARTESIAN_POINT('Ctrl Pts',(2.33442046674541,2.63447039932122,-5.49169079402404));
#10408=CARTESIAN_POINT('Ctrl Pts',(0.867552088796864,2.65579165486683,-6.11500315900551));
#10409=CARTESIAN_POINT('Ctrl Pts',(-0.867552088796443,2.67711291041244,
-6.11500315900556));
#10410=CARTESIAN_POINT('Ctrl Pts',(-2.33442046674503,2.69843416595805,-5.49169079402419));
#10411=CARTESIAN_POINT('Ctrl Pts',(-3.59853904326614,2.71680840840212,-4.95453234723145));
#10412=CARTESIAN_POINT('Ctrl Pts',(-4.66344810671845,2.73518265084618,-3.95446122106414));
#10413=CARTESIAN_POINT('Ctrl Pts',(-5.29880601448456,2.75355689329025,-2.73305139650532));
#10414=CARTESIAN_POINT('Ctrl Pts',(5.30000000000011,1.90336372975398,-2.02590128091149));
#10415=CARTESIAN_POINT('Ctrl Pts',(4.75719865080726,1.9246849852996,-3.4459345164045));
#10416=CARTESIAN_POINT('Ctrl Pts',(2.47636808074424,1.96732749639082,-5.81816027585893));
#10417=CARTESIAN_POINT('Ctrl Pts',(-2.4763680807439,2.03129126302765,-5.81816027585907));
#10418=CARTESIAN_POINT('Ctrl Pts',(-4.75719865080706,2.07393377411888,-3.44593451640477));
#10419=CARTESIAN_POINT('Ctrl Pts',(-5.29999999999999,2.09525502966449,-2.0259012809118));
#10420=CARTESIAN_POINT('Ctrl Pts',(5.39013923158277,1.95907803073078,-2.06035659878388));
#10421=CARTESIAN_POINT('Ctrl Pts',(4.83810624153742,1.9803992862764,-3.50454091062956));
#10422=CARTESIAN_POINT('Ctrl Pts',(2.51848466865257,2.02304179736762,-5.91711206764962));
#10423=CARTESIAN_POINT('Ctrl Pts',(-2.51848466865221,2.08700556400445,-5.91711206764977));
#10424=CARTESIAN_POINT('Ctrl Pts',(-4.83810624153721,2.12964807509568,-3.50454091062985));
#10425=CARTESIAN_POINT('Ctrl Pts',(-5.39013923158265,2.15096933064129,-2.0603565987842));
#10426=CARTESIAN_POINT('Ctrl Pts',(5.48027846316544,2.01479233170758,-2.09481191665626));
#10427=CARTESIAN_POINT('Ctrl Pts',(4.91901383226758,2.03611358725319,-3.56314730485462));
#10428=CARTESIAN_POINT('Ctrl Pts',(2.5606012565609,2.07875609834442,-6.0160638594403));
#10429=CARTESIAN_POINT('Ctrl Pts',(-2.56060125656052,2.14271986498125,-6.01606385944047));
#10430=CARTESIAN_POINT('Ctrl Pts',(-4.91901383226736,2.18536237607248,-3.56314730485493));
#10431=CARTESIAN_POINT('Ctrl Pts',(-5.4802784631653,2.20668363161809,-2.09481191665661));
#10432=CARTESIAN_POINT('Ctrl Pts',(5.5704176947481,2.07050663268438,-2.12926723452865));
#10433=CARTESIAN_POINT('Ctrl Pts',(4.99992142299774,2.09182788822999,-3.62175369907968));
#10434=CARTESIAN_POINT('Ctrl Pts',(2.60271784446923,2.13447039932122,-6.115015651231));
#10435=CARTESIAN_POINT('Ctrl Pts',(-2.60271784446882,2.19843416595805,-6.11501565123117));
#10436=CARTESIAN_POINT('Ctrl Pts',(-4.9999214229975,2.24107667704927,-3.62175369908001));
#10437=CARTESIAN_POINT('Ctrl Pts',(-5.57041769474796,2.26239793259489,-2.12926723452902));
#10438=CARTESIAN_POINT('Ctrl Pts',(5.29880760296871,2.07934767198902,-2.7330517297534));
#10439=CARTESIAN_POINT('Ctrl Pts',(4.66345593176084,2.09772191443308,-3.95446288806805));
#10440=CARTESIAN_POINT('Ctrl Pts',(3.59856912303178,2.11609615687715,-4.95453902501124));
#10441=CARTESIAN_POINT('Ctrl Pts',(2.33444612427835,2.13447039932122,-5.4917001631932));
#10442=CARTESIAN_POINT('Ctrl Pts',(0.867572614823213,2.15579165486683,-6.11501565123105));
#10443=CARTESIAN_POINT('Ctrl Pts',(-0.867572614822807,2.17711291041244,
-6.11501565123111));
#10444=CARTESIAN_POINT('Ctrl Pts',(-2.33444612427798,2.19843416595805,-5.49170016319335));
#10445=CARTESIAN_POINT('Ctrl Pts',(-3.59856912303144,2.21680840840212,-4.95453902501148));
#10446=CARTESIAN_POINT('Ctrl Pts',(-4.66345593176056,2.23518265084618,-3.95446288806838));
#10447=CARTESIAN_POINT('Ctrl Pts',(-5.29880760296851,2.25355689329025,-2.73305172975379));
#10448=CARTESIAN_POINT('Ctrl Pts',(5.30000000000007,9.90336372975399,-2.02590128091159));
#10449=CARTESIAN_POINT('Ctrl Pts',(4.7571986508072,9.9246849852996,-3.44593451640457));
#10450=CARTESIAN_POINT('Ctrl Pts',(2.47566008971324,9.96732749639082,-5.8179915731648));
#10451=CARTESIAN_POINT('Ctrl Pts',(-2.47566008971298,10.0312912630277,-5.81799157316491));
#10452=CARTESIAN_POINT('Ctrl Pts',(-4.75719865080704,10.0739337741189,-3.44593451640479));
#10453=CARTESIAN_POINT('Ctrl Pts',(-5.29999999999998,10.0952550296645,-2.02590128091184));
#10454=CARTESIAN_POINT('Ctrl Pts',(5.39013923158273,9.95907803073079,-2.06035659878398));
#10455=CARTESIAN_POINT('Ctrl Pts',(4.83810624153736,9.9803992862764,-3.50454091062963));
#10456=CARTESIAN_POINT('Ctrl Pts',(2.51776463653337,10.0230417973676,-5.91694049576091));
#10457=CARTESIAN_POINT('Ctrl Pts',(-2.51776463653308,10.0870055640044,-5.91694049576104));
#10458=CARTESIAN_POINT('Ctrl Pts',(-4.83810624153719,10.1296480750957,-3.50454091062987));
#10459=CARTESIAN_POINT('Ctrl Pts',(-5.39013923158263,10.1509693306413,-2.06035659878424));
#10460=CARTESIAN_POINT('Ctrl Pts',(5.4802784631654,10.0147923317076,-2.09481191665637));
#10461=CARTESIAN_POINT('Ctrl Pts',(4.91901383226752,10.0361135872532,-3.5631473048547));
#10462=CARTESIAN_POINT('Ctrl Pts',(2.55986918335349,10.0787560983444,-6.01588941835704));
#10463=CARTESIAN_POINT('Ctrl Pts',(-2.55986918335318,10.1427198649813,-6.01588941835717));
#10464=CARTESIAN_POINT('Ctrl Pts',(-4.91901383226733,10.1853623760725,-3.56314730485495));
#10465=CARTESIAN_POINT('Ctrl Pts',(-5.48027846316529,10.2066836316181,-2.09481191665665));
#10466=CARTESIAN_POINT('Ctrl Pts',(5.57041769474806,10.0705066326844,-2.12926723452875));
#10467=CARTESIAN_POINT('Ctrl Pts',(4.99992142299768,10.09182788823,-3.62175369907976));
#10468=CARTESIAN_POINT('Ctrl Pts',(2.60197373017361,10.1344703993212,-6.11483834095316));
#10469=CARTESIAN_POINT('Ctrl Pts',(-2.60197373017328,10.1984341659581,-6.11483834095329));
#10470=CARTESIAN_POINT('Ctrl Pts',(-4.99992142299748,10.2410766770493,-3.62175369908003));
#10471=CARTESIAN_POINT('Ctrl Pts',(-5.57041769474794,10.2623979325949,-2.12926723452906));
#10472=CARTESIAN_POINT('Ctrl Pts',(5.29878840760498,10.079347671989,-2.73304699974149));
#10473=CARTESIAN_POINT('Ctrl Pts',(4.66336137334346,10.0977219144331,-3.95443922719333));
#10474=CARTESIAN_POINT('Ctrl Pts',(3.59820563680894,10.1160961568771,-4.95444424293823));
#10475=CARTESIAN_POINT('Ctrl Pts',(2.33413607665515,10.1344703993212,-5.49156718048483));
#10476=CARTESIAN_POINT('Ctrl Pts',(0.867324576724649,10.1557916548668,-6.1148383409532));
#10477=CARTESIAN_POINT('Ctrl Pts',(-0.867324576724388,10.1771129104124,
-6.11483834095324));
#10478=CARTESIAN_POINT('Ctrl Pts',(-2.33413607665492,10.1984341659581,-5.49156718048492));
#10479=CARTESIAN_POINT('Ctrl Pts',(-2.37004364590038,10.1989561106387,-5.47630949239462));
#10480=CARTESIAN_POINT('Ctrl Pts',(-2.40579070775587,10.1994780553194,-5.46067829585309));
#10481=CARTESIAN_POINT('Ctrl Pts',(-2.44137197157316,10.2,-5.44467912631118));
#10482=CARTESIAN_POINT('Ctrl Pts',(-5.30000000000006,10.153363729754,2.02590128091161));
#10483=CARTESIAN_POINT('Ctrl Pts',(-4.90424109238936,10.1689091531693,3.06125390648128));
#10484=CARTESIAN_POINT('Ctrl Pts',(-4.19747613330483,10.1844545765847,3.97543082980493));
#10485=CARTESIAN_POINT('Ctrl Pts',(-3.29513055033345,10.2,4.61913310657521));
#10486=CARTESIAN_POINT('Ctrl Pts',(-5.32372465784497,10.1680277412453,2.03496992519787));
#10487=CARTESIAN_POINT('Ctrl Pts',(-4.92619419463574,10.1835731646606,3.07495715204876));
#10488=CARTESIAN_POINT('Ctrl Pts',(-4.21626550784725,10.1991185880759,3.99322625173383));
#10489=CARTESIAN_POINT('Ctrl Pts',(-3.30988070974117,10.2146640114913,4.63980996553626));
#10490=CARTESIAN_POINT('Ctrl Pts',(-5.34744931568987,10.1826917527365,2.04403856948413));
#10491=CARTESIAN_POINT('Ctrl Pts',(-4.94814729688213,10.1982371761519,3.08866039761623));
#10492=CARTESIAN_POINT('Ctrl Pts',(-4.23505488238967,10.2137825995672,4.01102167366274));
#10493=CARTESIAN_POINT('Ctrl Pts',(-3.3246308691489,10.2293280229825,4.66048682449731));
#10494=CARTESIAN_POINT('Ctrl Pts',(-5.37117397353477,10.1973557642278,2.05310721377039));
#10495=CARTESIAN_POINT('Ctrl Pts',(-4.97010039912852,10.2129011876431,3.10236364318371));
#10496=CARTESIAN_POINT('Ctrl Pts',(-4.25384425693208,10.2284466110585,4.02881709559164));
#10497=CARTESIAN_POINT('Ctrl Pts',(-3.33938102855663,10.2439920344738,4.68116368345836));
#10498=CARTESIAN_POINT('Ctrl Pts',(-3.29513055033345,10.2,4.61913310657521));
#10499=CARTESIAN_POINT('Ctrl Pts',(-3.42866193843656,10.2,4.52868747433141));
#10500=CARTESIAN_POINT('Ctrl Pts',(-3.55799967148337,10.2,4.43255186345587));
#10501=CARTESIAN_POINT('Ctrl Pts',(-3.68292998558151,10.2,4.33113093006543));
#10502=CARTESIAN_POINT('Ctrl Pts',(-3.8094066806045,10.2,4.22845461364081));
#10503=CARTESIAN_POINT('Ctrl Pts',(-3.93136669008856,10.2,4.12036086222432));
#10504=CARTESIAN_POINT('Ctrl Pts',(-4.04856043103313,10.2,4.00722361877608));
#10505=CARTESIAN_POINT('Ctrl Pts',(-4.1662058086531,10.2,3.89365037142454));
#10506=CARTESIAN_POINT('Ctrl Pts',(-4.27904862182637,10.2,3.77499414759794));
#10507=CARTESIAN_POINT('Ctrl Pts',(-4.38680084606866,10.2,3.65159486101883));
#10508=CARTESIAN_POINT('Ctrl Pts',(-4.40344703077487,10.2,3.63253142793005));
#10509=CARTESIAN_POINT('Ctrl Pts',(-4.41997164664503,10.2,3.61335473261751));
#10510=CARTESIAN_POINT('Ctrl Pts',(-4.43637354415143,10.2,3.59406595989528));
#10511=CARTESIAN_POINT('Ctrl Pts',(-4.45405809027744,10.2,3.57326878135009));
#10512=CARTESIAN_POINT('Ctrl Pts',(-4.47159466355899,10.2,3.5523475018595));
#10513=CARTESIAN_POINT('Ctrl Pts',(-4.48897732448918,10.2,3.53130970097185));
#10514=CARTESIAN_POINT('Ctrl Pts',(-4.59378746857224,10.2,3.40446059823207));
#10515=CARTESIAN_POINT('Ctrl Pts',(-4.69306049048246,10.2,3.27331310204081));
#10516=CARTESIAN_POINT('Ctrl Pts',(-4.78654551263066,10.2,3.13824788173288));
#10517=CARTESIAN_POINT('Ctrl Pts',(-4.88052677511923,10.2,3.0024657036775));
#10518=CARTESIAN_POINT('Ctrl Pts',(-4.96865895362427,10.2,2.86272354221612));
#10519=CARTESIAN_POINT('Ctrl Pts',(-5.05064778540763,10.2,2.71937279274351));
#10520=CARTESIAN_POINT('Ctrl Pts',(-5.13263661719099,10.2,2.5760220432709));
#10521=CARTESIAN_POINT('Ctrl Pts',(-5.20848261450554,10.2,2.42906211934949));
#10522=CARTESIAN_POINT('Ctrl Pts',(-5.27784449624964,10.2,2.27881777389881));
#10523=CARTESIAN_POINT('Ctrl Pts',(-5.28528525698879,10.2,2.26270038782452));
#10524=CARTESIAN_POINT('Ctrl Pts',(-5.29264851840082,10.2,2.24655131988919));
#10525=CARTESIAN_POINT('Ctrl Pts',(-5.29993399354195,10.2,2.23037104516871));
#10526=CARTESIAN_POINT('Ctrl Pts',(-5.30000000000005,9.65336372975399,2.02590128091165));
#10527=CARTESIAN_POINT('Ctrl Pts',(-4.75719865080716,9.6746849852996,3.44593451640463));
#10528=CARTESIAN_POINT('Ctrl Pts',(-2.47567657299421,9.71732749639082,5.81799622777348));
#10529=CARTESIAN_POINT('Ctrl Pts',(2.47567657299399,9.78129126302766,5.81799622777356));
#10530=CARTESIAN_POINT('Ctrl Pts',(4.75719865080703,9.82393377411888,3.44593451640481));
#10531=CARTESIAN_POINT('Ctrl Pts',(5.29999999999997,9.84525502966449,2.02590128091185));
#10532=CARTESIAN_POINT('Ctrl Pts',(-5.39013923158271,9.70907803073079,2.06035659878404));
#10533=CARTESIAN_POINT('Ctrl Pts',(-4.83810624153732,9.7303992862764,3.50454091062969));
#10534=CARTESIAN_POINT('Ctrl Pts',(-2.51778140015212,9.77304179736761,5.91694522953239));
#10535=CARTESIAN_POINT('Ctrl Pts',(2.51778140015188,9.83700556400446,5.9169452295325));
#10536=CARTESIAN_POINT('Ctrl Pts',(4.83810624153718,9.87964807509568,3.50454091062988));
#10537=CARTESIAN_POINT('Ctrl Pts',(5.39013923158263,9.90096933064129,2.06035659878426));
#10538=CARTESIAN_POINT('Ctrl Pts',(-5.48027846316537,9.76479233170758,2.09481191665643));
#10539=CARTESIAN_POINT('Ctrl Pts',(-4.91901383226748,9.7861135872532,3.56314730485475));
#10540=CARTESIAN_POINT('Ctrl Pts',(-2.55988622731004,9.82875609834442,6.01589423129132));
#10541=CARTESIAN_POINT('Ctrl Pts',(2.55988622730977,9.89271986498125,6.01589423129142));
#10542=CARTESIAN_POINT('Ctrl Pts',(4.91901383226732,9.93536237607248,3.56314730485497));
#10543=CARTESIAN_POINT('Ctrl Pts',(5.48027846316528,9.95668363161809,2.09481191665667));
#10544=CARTESIAN_POINT('Ctrl Pts',(-5.57041769474804,9.82050663268438,2.12926723452881));
#10545=CARTESIAN_POINT('Ctrl Pts',(-4.99992142299764,9.84182788822999,3.62175369907981));
#10546=CARTESIAN_POINT('Ctrl Pts',(-2.60199105446795,9.88447039932122,6.11484323305024));
#10547=CARTESIAN_POINT('Ctrl Pts',(2.60199105446766,9.94843416595805,6.11484323305035));
#10548=CARTESIAN_POINT('Ctrl Pts',(4.99992142299747,9.99107667704927,3.62175369908005));
#10549=CARTESIAN_POINT('Ctrl Pts',(5.57041769474793,10.0123979325949,2.12926723452908));
#10550=CARTESIAN_POINT('Ctrl Pts',(-5.29878885450682,9.82934767198902,2.73304713024556));
#10551=CARTESIAN_POINT('Ctrl Pts',(-4.66336357483021,9.84772191443309,3.9544398800112));
#10552=CARTESIAN_POINT('Ctrl Pts',(-3.59821409940975,9.86609615687715,4.95444685803263));
#10553=CARTESIAN_POINT('Ctrl Pts',(-2.33414329511108,9.88447039932122,5.49157084955766));
#10554=CARTESIAN_POINT('Ctrl Pts',(-0.867330351489364,9.90579165486683,
6.11484323305029));
#10555=CARTESIAN_POINT('Ctrl Pts',(0.867330351489161,9.92711291041244,6.11484323305032));
#10556=CARTESIAN_POINT('Ctrl Pts',(2.3341432951109,9.94843416595805,5.49157084955774));
#10557=CARTESIAN_POINT('Ctrl Pts',(3.59821409940964,9.96680840840212,4.95444685803272));
#10558=CARTESIAN_POINT('Ctrl Pts',(4.66336357483017,9.98518265084618,3.95443988001127));
#10559=CARTESIAN_POINT('Ctrl Pts',(5.29878885450681,10.0035568932903,2.73304713024559));
#10560=CARTESIAN_POINT('Ctrl Pts',(-5.30000000000009,9.15336372975398,2.02590128091154));
#10561=CARTESIAN_POINT('Ctrl Pts',(-4.75719865080722,9.1746849852996,3.44593451640455));
#10562=CARTESIAN_POINT('Ctrl Pts',(-2.47571036663932,9.21732749639082,5.81800564328905));
#10563=CARTESIAN_POINT('Ctrl Pts',(2.4757103666391,9.28129126302766,5.81800564328914));
#10564=CARTESIAN_POINT('Ctrl Pts',(4.7571986508071,9.32393377411888,3.44593451640473));
#10565=CARTESIAN_POINT('Ctrl Pts',(5.30000000000002,9.34525502966449,2.02590128091174));
#10566=CARTESIAN_POINT('Ctrl Pts',(-5.39013923158275,9.20907803073078,2.06035659878393));
#10567=CARTESIAN_POINT('Ctrl Pts',(-4.83810624153738,9.2303992862764,3.50454091062961));
#10568=CARTESIAN_POINT('Ctrl Pts',(-2.51781576853935,9.27304179736762,5.91695480518143));
#10569=CARTESIAN_POINT('Ctrl Pts',(2.51781576853911,9.33700556400446,5.91695480518153));
#10570=CARTESIAN_POINT('Ctrl Pts',(4.83810624153724,9.37964807509568,3.50454091062981));
#10571=CARTESIAN_POINT('Ctrl Pts',(5.39013923158267,9.40096933064129,2.06035659878415));
#10572=CARTESIAN_POINT('Ctrl Pts',(-5.48027846316542,9.26479233170758,2.09481191665631));
#10573=CARTESIAN_POINT('Ctrl Pts',(-4.91901383226755,9.28611358725319,3.56314730485467));
#10574=CARTESIAN_POINT('Ctrl Pts',(-2.55992117043937,9.32875609834442,6.01590396707381));
#10575=CARTESIAN_POINT('Ctrl Pts',(2.55992117043911,9.39271986498126,6.01590396707392));
#10576=CARTESIAN_POINT('Ctrl Pts',(4.91901383226739,9.43536237607248,3.56314730485489));
#10577=CARTESIAN_POINT('Ctrl Pts',(5.48027846316533,9.45668363161809,2.09481191665655));
#10578=CARTESIAN_POINT('Ctrl Pts',(-5.57041769474808,9.32050663268438,2.1292672345287));
#10579=CARTESIAN_POINT('Ctrl Pts',(-4.9999214229977,9.34182788822999,3.62175369907973));
#10580=CARTESIAN_POINT('Ctrl Pts',(-2.6020265723394,9.38447039932122,6.11485312896619));
#10581=CARTESIAN_POINT('Ctrl Pts',(2.60202657233911,9.44843416595806,6.11485312896631));
#10582=CARTESIAN_POINT('Ctrl Pts',(4.99992142299754,9.49107667704928,3.62175369907997));
#10583=CARTESIAN_POINT('Ctrl Pts',(5.57041769474798,9.51239793259489,2.12926723452896));
#10584=CARTESIAN_POINT('Ctrl Pts',(-5.29878977073502,9.32934767198902,2.73304739423353));
#10585=CARTESIAN_POINT('Ctrl Pts',(-4.66336808826823,9.34772191443308,3.95444120055516));
#10586=CARTESIAN_POINT('Ctrl Pts',(-3.59823144924035,9.36609615687715,4.95445214794268));
#10587=CARTESIAN_POINT('Ctrl Pts',(-2.3341580942242,9.38447039932122,5.49157827149461));
#10588=CARTESIAN_POINT('Ctrl Pts',(-0.867342190779885,9.40579165486683,
6.11485312896623));
#10589=CARTESIAN_POINT('Ctrl Pts',(0.867342190779599,9.42711291041245,6.11485312896627));
#10590=CARTESIAN_POINT('Ctrl Pts',(2.33415809422394,9.44843416595806,5.49157827149472));
#10591=CARTESIAN_POINT('Ctrl Pts',(3.59823144924017,9.46680840840212,4.95445214794282));
#10592=CARTESIAN_POINT('Ctrl Pts',(4.66336808826814,9.48518265084619,3.9544412005553));
#10593=CARTESIAN_POINT('Ctrl Pts',(5.29878977073498,9.50355689329025,2.73304739423363));
#10594=CARTESIAN_POINT('Ctrl Pts',(-5.30000000000008,8.65336372975399,2.02590128091158));
#10595=CARTESIAN_POINT('Ctrl Pts',(-4.75719865080721,8.6746849852996,3.44593451640456));
#10596=CARTESIAN_POINT('Ctrl Pts',(-2.47574530995793,8.71732749639082,5.81801520325356));
#10597=CARTESIAN_POINT('Ctrl Pts',(2.47574530995771,8.78129126302765,5.81801520325365));
#10598=CARTESIAN_POINT('Ctrl Pts',(4.75719865080708,8.82393377411888,3.44593451640474));
#10599=CARTESIAN_POINT('Ctrl Pts',(5.3,8.84525502966449,2.02590128091178));
#10600=CARTESIAN_POINT('Ctrl Pts',(-5.39013923158274,8.70907803073078,2.06035659878397));
#10601=CARTESIAN_POINT('Ctrl Pts',(-4.83810624153737,8.73039928627639,3.50454091062962));
#10602=CARTESIAN_POINT('Ctrl Pts',(-2.51785130615303,8.77304179736762,5.9169645277361));
#10603=CARTESIAN_POINT('Ctrl Pts',(2.51785130615279,8.83700556400446,5.9169645277362));
#10604=CARTESIAN_POINT('Ctrl Pts',(4.83810624153723,8.87964807509568,3.50454091062982));
#10605=CARTESIAN_POINT('Ctrl Pts',(5.39013923158266,8.90096933064129,2.06035659878418));
#10606=CARTESIAN_POINT('Ctrl Pts',(-5.4802784631654,8.76479233170758,2.09481191665635));
#10607=CARTESIAN_POINT('Ctrl Pts',(-4.91901383226753,8.78611358725319,3.56314730485468));
#10608=CARTESIAN_POINT('Ctrl Pts',(-2.55995730234812,8.82875609834442,6.01591385221864));
#10609=CARTESIAN_POINT('Ctrl Pts',(2.55995730234786,8.89271986498125,6.01591385221875));
#10610=CARTESIAN_POINT('Ctrl Pts',(4.91901383226737,8.93536237607248,3.5631473048549));
#10611=CARTESIAN_POINT('Ctrl Pts',(5.48027846316531,8.95668363161809,2.09481191665659));
#10612=CARTESIAN_POINT('Ctrl Pts',(-5.57041769474807,8.82050663268438,2.12926723452874));
#10613=CARTESIAN_POINT('Ctrl Pts',(-4.99992142299769,8.84182788822999,3.62175369907974));
#10614=CARTESIAN_POINT('Ctrl Pts',(-2.60206329854322,8.88447039932121,6.11486317670118));
#10615=CARTESIAN_POINT('Ctrl Pts',(2.60206329854294,8.94843416595805,6.1148631767013));
#10616=CARTESIAN_POINT('Ctrl Pts',(4.99992142299752,8.99107667704928,3.62175369907997));
#10617=CARTESIAN_POINT('Ctrl Pts',(5.57041769474797,9.01239793259489,2.129267234529));
#10618=CARTESIAN_POINT('Ctrl Pts',(-5.29879071813372,8.82934767198902,2.73304766227143));
#10619=CARTESIAN_POINT('Ctrl Pts',(-4.66337275525532,8.84772191443308,3.95444254135829));
#10620=CARTESIAN_POINT('Ctrl Pts',(-3.59824938931931,8.86609615687715,4.95445751900829));
#10621=CARTESIAN_POINT('Ctrl Pts',(-2.33417339680925,8.88447039932121,5.4915858072958));
#10622=CARTESIAN_POINT('Ctrl Pts',(-0.867354432847893,8.90579165486683,
6.11486317670123));
#10623=CARTESIAN_POINT('Ctrl Pts',(0.867354432847537,8.92711291041244,6.11486317670128));
#10624=CARTESIAN_POINT('Ctrl Pts',(2.33417339680891,8.94843416595805,5.49158580729594));
#10625=CARTESIAN_POINT('Ctrl Pts',(3.59824938931897,8.96680840840212,4.95445751900852));
#10626=CARTESIAN_POINT('Ctrl Pts',(4.66337275525509,8.98518265084619,3.95444254135855));
#10627=CARTESIAN_POINT('Ctrl Pts',(5.29879071813356,9.00355689329025,2.73304766227175));
#10628=CARTESIAN_POINT('Ctrl Pts',(-5.30000000000012,8.15336372975398,2.02590128091147));
#10629=CARTESIAN_POINT('Ctrl Pts',(-4.75719865080727,8.1746849852996,3.44593451640448));
#10630=CARTESIAN_POINT('Ctrl Pts',(-2.47578146263397,8.21732749639082,5.81802491101678));
#10631=CARTESIAN_POINT('Ctrl Pts',(2.47578146263359,8.28129126302765,5.81802491101693));
#10632=CARTESIAN_POINT('Ctrl Pts',(4.75719865080705,8.32393377411888,3.44593451640479));
#10633=CARTESIAN_POINT('Ctrl Pts',(5.29999999999999,8.34525502966449,2.02590128091181));
#10634=CARTESIAN_POINT('Ctrl Pts',(-5.39013923158278,8.20907803073078,2.06035659878385));
#10635=CARTESIAN_POINT('Ctrl Pts',(-4.83810624153743,8.23039928627639,3.50454091062955));
#10636=CARTESIAN_POINT('Ctrl Pts',(-2.51788807369217,8.27304179736762,5.91697440060315));
#10637=CARTESIAN_POINT('Ctrl Pts',(2.51788807369176,8.33700556400446,5.91697440060332));
#10638=CARTESIAN_POINT('Ctrl Pts',(4.83810624153719,8.37964807509568,3.50454091062987));
#10639=CARTESIAN_POINT('Ctrl Pts',(5.39013923158264,8.40096933064129,2.06035659878422));
#10640=CARTESIAN_POINT('Ctrl Pts',(-5.48027846316545,8.26479233170758,2.09481191665624));
#10641=CARTESIAN_POINT('Ctrl Pts',(-4.91901383226759,8.28611358725319,3.5631473048546));
#10642=CARTESIAN_POINT('Ctrl Pts',(-2.55999468475037,8.32875609834442,6.01592389018953));
#10643=CARTESIAN_POINT('Ctrl Pts',(2.55999468474994,8.39271986498125,6.01592389018971));
#10644=CARTESIAN_POINT('Ctrl Pts',(4.91901383226734,8.43536237607248,3.56314730485496));
#10645=CARTESIAN_POINT('Ctrl Pts',(5.4802784631653,8.45668363161809,2.09481191665663));
#10646=CARTESIAN_POINT('Ctrl Pts',(-5.57041769474811,8.32050663268438,2.12926723452862));
#10647=CARTESIAN_POINT('Ctrl Pts',(-4.99992142299776,8.34182788822999,3.62175369907966));
#10648=CARTESIAN_POINT('Ctrl Pts',(-2.60210129580857,8.38447039932122,6.1148733797759));
#10649=CARTESIAN_POINT('Ctrl Pts',(2.60210129580811,8.44843416595806,6.11487337977609));
#10650=CARTESIAN_POINT('Ctrl Pts',(4.99992142299749,8.49107667704927,3.62175369908004));
#10651=CARTESIAN_POINT('Ctrl Pts',(5.57041769474795,8.51239793259489,2.12926723452903));
#10652=CARTESIAN_POINT('Ctrl Pts',(-5.29879169832085,8.32934767198902,2.73304793445361));
#10653=CARTESIAN_POINT('Ctrl Pts',(-4.66337758376244,8.34772191443309,3.95444390289074));
#10654=CARTESIAN_POINT('Ctrl Pts',(-3.59826795028822,8.36609615687715,4.95446297311172));
#10655=CARTESIAN_POINT('Ctrl Pts',(-2.33418922900298,8.38447039932122,5.49159345960192));
#10656=CARTESIAN_POINT('Ctrl Pts',(-0.867367098602923,8.40579165486683,
6.11487337977597));
#10657=CARTESIAN_POINT('Ctrl Pts',(0.867367098602557,8.42711291041244,6.11487337977603));
#10658=CARTESIAN_POINT('Ctrl Pts',(2.33418922900265,8.44843416595805,5.49159345960206));
#10659=CARTESIAN_POINT('Ctrl Pts',(3.59826795028797,8.46680840840212,4.95446297311191));
#10660=CARTESIAN_POINT('Ctrl Pts',(4.66337758376229,8.48518265084618,3.95444390289093));
#10661=CARTESIAN_POINT('Ctrl Pts',(5.29879169832076,8.50355689329025,2.73304793445378));
#10662=CARTESIAN_POINT('Ctrl Pts',(-5.30000000000013,7.65336372975398,2.02590128091143));
#10663=CARTESIAN_POINT('Ctrl Pts',(-4.7571986508073,7.6746849852996,3.44593451640445));
#10664=CARTESIAN_POINT('Ctrl Pts',(-2.47581888855501,7.71732749639083,5.81803477003296));
#10665=CARTESIAN_POINT('Ctrl Pts',(2.47581888855455,7.78129126302765,5.81803477003315));
#10666=CARTESIAN_POINT('Ctrl Pts',(4.75719865080702,7.82393377411888,3.44593451640483));
#10667=CARTESIAN_POINT('Ctrl Pts',(5.29999999999997,7.84525502966449,2.02590128091185));
#10668=CARTESIAN_POINT('Ctrl Pts',(-5.3901392315828,7.70907803073078,2.06035659878382));
#10669=CARTESIAN_POINT('Ctrl Pts',(-4.83810624153746,7.73039928627639,3.50454091062951));
#10670=CARTESIAN_POINT('Ctrl Pts',(-2.51792613613091,7.77304179736763,5.91698442729558));
#10671=CARTESIAN_POINT('Ctrl Pts',(2.51792613613042,7.83700556400445,5.91698442729579));
#10672=CARTESIAN_POINT('Ctrl Pts',(4.83810624153717,7.87964807509568,3.50454091062991));
#10673=CARTESIAN_POINT('Ctrl Pts',(5.39013923158263,7.90096933064129,2.06035659878426));
#10674=CARTESIAN_POINT('Ctrl Pts',(-5.48027846316546,7.76479233170758,2.0948119166562));
#10675=CARTESIAN_POINT('Ctrl Pts',(-4.91901383226762,7.78611358725319,3.56314730485457));
#10676=CARTESIAN_POINT('Ctrl Pts',(-2.5600333837068,7.82875609834442,6.01593408455822));
#10677=CARTESIAN_POINT('Ctrl Pts',(2.56003338370629,7.89271986498125,6.01593408455843));
#10678=CARTESIAN_POINT('Ctrl Pts',(4.91901383226731,7.93536237607248,3.56314730485499));
#10679=CARTESIAN_POINT('Ctrl Pts',(5.48027846316528,7.95668363161809,2.09481191665666));
#10680=CARTESIAN_POINT('Ctrl Pts',(-5.57041769474812,7.82050663268438,2.12926723452858));
#10681=CARTESIAN_POINT('Ctrl Pts',(-4.99992142299778,7.84182788822999,3.62175369907963));
#10682=CARTESIAN_POINT('Ctrl Pts',(-2.60214063128269,7.88447039932122,6.11488374182084));
#10683=CARTESIAN_POINT('Ctrl Pts',(2.60214063128215,7.94843416595805,6.11488374182107));
#10684=CARTESIAN_POINT('Ctrl Pts',(4.99992142299746,7.99107667704927,3.62175369908007));
#10685=CARTESIAN_POINT('Ctrl Pts',(5.57041769474794,8.01239793259489,2.12926723452907));
#10686=CARTESIAN_POINT('Ctrl Pts',(-5.29879271302891,7.82934767198902,2.73304821087626));
#10687=CARTESIAN_POINT('Ctrl Pts',(-4.66338258232282,7.84772191443308,3.95444528563648));
#10688=CARTESIAN_POINT('Ctrl Pts',(-3.59828716494794,7.86609615687715,4.95446851219326));
#10689=CARTESIAN_POINT('Ctrl Pts',(-2.33420561878397,7.88447039932122,5.49160123113559));
#10690=CARTESIAN_POINT('Ctrl Pts',(-0.867380210427733,7.90579165486683,
6.11488374182092));
#10691=CARTESIAN_POINT('Ctrl Pts',(0.867380210427194,7.92711291041244,6.11488374182099));
#10692=CARTESIAN_POINT('Ctrl Pts',(2.33420561878348,7.94843416595805,5.49160123113579));
#10693=CARTESIAN_POINT('Ctrl Pts',(3.59828716494755,7.96680840840212,4.95446851219355));
#10694=CARTESIAN_POINT('Ctrl Pts',(4.66338258232255,7.98518265084618,3.95444528563681));
#10695=CARTESIAN_POINT('Ctrl Pts',(5.29879271302875,8.00355689329025,2.73304821087658));
#10696=CARTESIAN_POINT('Ctrl Pts',(-5.30000000000015,7.15336372975398,2.02590128091139));
#10697=CARTESIAN_POINT('Ctrl Pts',(-4.75719865080732,7.1746849852996,3.44593451640442));
#10698=CARTESIAN_POINT('Ctrl Pts',(-2.47585765618956,7.21732749639082,5.81804478386478));
#10699=CARTESIAN_POINT('Ctrl Pts',(2.47585765618911,7.28129126302766,5.81804478386497));
#10700=CARTESIAN_POINT('Ctrl Pts',(4.75719865080705,7.32393377411888,3.44593451640479));
#10701=CARTESIAN_POINT('Ctrl Pts',(5.29999999999999,7.34525502966449,2.02590128091181));
#10702=CARTESIAN_POINT('Ctrl Pts',(-5.39013923158281,7.20907803073078,2.06035659878378));
#10703=CARTESIAN_POINT('Ctrl Pts',(-4.83810624153748,7.23039928627639,3.50454091062948));
#10704=CARTESIAN_POINT('Ctrl Pts',(-2.51796556310221,7.27304179736762,5.91699461143667));
#10705=CARTESIAN_POINT('Ctrl Pts',(2.51796556310173,7.33700556400446,5.91699461143688));
#10706=CARTESIAN_POINT('Ctrl Pts',(4.8381062415372,7.37964807509568,3.50454091062987));
#10707=CARTESIAN_POINT('Ctrl Pts',(5.39013923158264,7.40096933064129,2.06035659878422));
#10708=CARTESIAN_POINT('Ctrl Pts',(-5.48027846316548,7.26479233170758,2.09481191665616));
#10709=CARTESIAN_POINT('Ctrl Pts',(-4.91901383226764,7.28611358725319,3.56314730485454));
#10710=CARTESIAN_POINT('Ctrl Pts',(-2.56007347001485,7.32875609834442,6.01594443900856));
#10711=CARTESIAN_POINT('Ctrl Pts',(2.56007347001434,7.39271986498125,6.01594443900878));
#10712=CARTESIAN_POINT('Ctrl Pts',(4.91901383226734,7.43536237607247,3.56314730485495));
#10713=CARTESIAN_POINT('Ctrl Pts',(5.4802784631653,7.45668363161809,2.09481191665662));
#10714=CARTESIAN_POINT('Ctrl Pts',(-5.57041769474814,7.32050663268438,2.12926723452854));
#10715=CARTESIAN_POINT('Ctrl Pts',(-4.99992142299781,7.34182788822999,3.6217536990796));
#10716=CARTESIAN_POINT('Ctrl Pts',(-2.6021813769275,7.38447039932121,6.11489426658045));
#10717=CARTESIAN_POINT('Ctrl Pts',(2.60218137692696,7.44843416595806,6.11489426658069));
#10718=CARTESIAN_POINT('Ctrl Pts',(4.99992142299749,7.49107667704927,3.62175369908003));
#10719=CARTESIAN_POINT('Ctrl Pts',(5.57041769474795,7.51239793259489,2.12926723452903));
#10720=CARTESIAN_POINT('Ctrl Pts',(-5.29879376411402,7.32934767198902,2.73304849163971));
#10721=CARTESIAN_POINT('Ctrl Pts',(-4.66338776008072,7.34772191443308,3.95444669009551));
#10722=CARTESIAN_POINT('Ctrl Pts',(-3.59830706845015,7.36609615687715,4.95447413825478));
#10723=CARTESIAN_POINT('Ctrl Pts',(-2.334222596136,7.38447039932122,5.49160912470528));
#10724=CARTESIAN_POINT('Ctrl Pts',(-0.867393792309344,7.40579165486683,
6.11489426658053));
#10725=CARTESIAN_POINT('Ctrl Pts',(0.867393792308809,7.42711291041244,6.11489426658061));
#10726=CARTESIAN_POINT('Ctrl Pts',(2.33422259613552,7.44843416595805,5.49160912470548));
#10727=CARTESIAN_POINT('Ctrl Pts',(3.59830706844979,7.46680840840212,4.95447413825506));
#10728=CARTESIAN_POINT('Ctrl Pts',(4.6633877600805,7.48518265084618,3.95444669009579));
#10729=CARTESIAN_POINT('Ctrl Pts',(5.2987937641139,7.50355689329025,2.73304849163995));
#10730=CARTESIAN_POINT('Ctrl Pts',(-5.30000000000016,6.65336372975398,2.02590128091136));
#10731=CARTESIAN_POINT('Ctrl Pts',(-4.75719865080734,6.67468498529959,3.44593451640439));
#10732=CARTESIAN_POINT('Ctrl Pts',(-2.47589783900486,6.71732749639082,5.81805495618766));
#10733=CARTESIAN_POINT('Ctrl Pts',(2.47589783900441,6.78129126302766,5.81805495618786));
#10734=CARTESIAN_POINT('Ctrl Pts',(4.75719865080707,6.82393377411888,3.44593451640476));
#10735=CARTESIAN_POINT('Ctrl Pts',(5.3,6.84525502966449,2.02590128091177));
#10736=CARTESIAN_POINT('Ctrl Pts',(-5.39013923158283,6.70907803073078,2.06035659878374));
#10737=CARTESIAN_POINT('Ctrl Pts',(-4.83810624153751,6.73039928627639,3.50454091062945));
#10738=CARTESIAN_POINT('Ctrl Pts',(-2.51800642932281,6.77304179736761,5.91700495676434));
#10739=CARTESIAN_POINT('Ctrl Pts',(2.51800642932233,6.83700556400446,5.91700495676455));
#10740=CARTESIAN_POINT('Ctrl Pts',(4.83810624153722,6.87964807509568,3.50454091062984));
#10741=CARTESIAN_POINT('Ctrl Pts',(5.39013923158266,6.90096933064129,2.06035659878418));
#10742=CARTESIAN_POINT('Ctrl Pts',(-5.48027846316549,6.76479233170758,2.09481191665612));
#10743=CARTESIAN_POINT('Ctrl Pts',(-4.91901383226767,6.78611358725319,3.5631473048545));
#10744=CARTESIAN_POINT('Ctrl Pts',(-2.56011501964076,6.82875609834442,6.01595495734102));
#10745=CARTESIAN_POINT('Ctrl Pts',(2.56011501964025,6.89271986498126,6.01595495734124));
#10746=CARTESIAN_POINT('Ctrl Pts',(4.91901383226737,6.93536237607248,3.56314730485492));
#10747=CARTESIAN_POINT('Ctrl Pts',(5.48027846316531,6.95668363161809,2.09481191665658));
#10748=CARTESIAN_POINT('Ctrl Pts',(-5.57041769474815,6.82050663268438,2.12926723452851));
#10749=CARTESIAN_POINT('Ctrl Pts',(-4.99992142299783,6.84182788822999,3.62175369907956));
#10750=CARTESIAN_POINT('Ctrl Pts',(-2.6022236099587,6.88447039932121,6.1149049579177));
#10751=CARTESIAN_POINT('Ctrl Pts',(2.60222360995817,6.94843416595805,6.11490495791793));
#10752=CARTESIAN_POINT('Ctrl Pts',(4.99992142299751,6.99107667704928,3.62175369908));
#10753=CARTESIAN_POINT('Ctrl Pts',(5.57041769474797,7.01239793259489,2.12926723452899));
#10754=CARTESIAN_POINT('Ctrl Pts',(-5.29879485356822,6.82934767198902,2.73304877684671));
#10755=CARTESIAN_POINT('Ctrl Pts',(-4.66339312684852,6.84772191443308,3.95444811678313));
#10756=CARTESIAN_POINT('Ctrl Pts',(-3.59832769851346,6.86609615687715,4.95447985336117));
#10757=CARTESIAN_POINT('Ctrl Pts',(-2.33424019323236,6.88447039932121,5.4916171432082));
#10758=CARTESIAN_POINT('Ctrl Pts',(-0.867407869986422,6.90579165486683,
6.11490495791778));
#10759=CARTESIAN_POINT('Ctrl Pts',(0.86740786998589,6.92711291041244,6.11490495791786));
#10760=CARTESIAN_POINT('Ctrl Pts',(2.33424019323188,6.94843416595805,5.4916171432084));
#10761=CARTESIAN_POINT('Ctrl Pts',(3.59832769851302,6.96680840840212,4.95447985336148));
#10762=CARTESIAN_POINT('Ctrl Pts',(4.66339312684817,6.98518265084619,3.95444811678353));
#10763=CARTESIAN_POINT('Ctrl Pts',(5.29879485356798,7.00355689329025,2.73304877684717));
#10764=CARTESIAN_POINT('Ctrl Pts',(-5.30000000000018,6.15336372975398,2.02590128091132));
#10765=CARTESIAN_POINT('Ctrl Pts',(-4.75719865080737,6.17468498529959,3.44593451640435));
#10766=CARTESIAN_POINT('Ctrl Pts',(-2.47593951593163,6.21732749639082,5.81806529079429));
#10767=CARTESIAN_POINT('Ctrl Pts',(2.47593951593101,6.28129126302765,5.81806529079456));
#10768=CARTESIAN_POINT('Ctrl Pts',(4.757198650807,6.32393377411888,3.44593451640486));
#10769=CARTESIAN_POINT('Ctrl Pts',(5.29999999999996,6.34525502966449,2.02590128091188));
#10770=CARTESIAN_POINT('Ctrl Pts',(-5.39013923158284,6.20907803073078,2.0603565987837));
#10771=CARTESIAN_POINT('Ctrl Pts',(-4.83810624153753,6.23039928627639,3.50454091062941));
#10772=CARTESIAN_POINT('Ctrl Pts',(-2.51804881506583,6.27304179736762,5.91701546713579));
#10773=CARTESIAN_POINT('Ctrl Pts',(2.51804881506518,6.33700556400445,5.91701546713606));
#10774=CARTESIAN_POINT('Ctrl Pts',(4.83810624153715,6.37964807509568,3.50454091062994));
#10775=CARTESIAN_POINT('Ctrl Pts',(5.39013923158262,6.40096933064129,2.06035659878429));
#10776=CARTESIAN_POINT('Ctrl Pts',(-5.4802784631655,6.26479233170758,2.09481191665609));
#10777=CARTESIAN_POINT('Ctrl Pts',(-4.91901383226769,6.28611358725319,3.56314730485447));
#10778=CARTESIAN_POINT('Ctrl Pts',(-2.56015811420003,6.32875609834441,6.01596564347728));
#10779=CARTESIAN_POINT('Ctrl Pts',(2.56015811419936,6.39271986498125,6.01596564347757));
#10780=CARTESIAN_POINT('Ctrl Pts',(4.91901383226729,6.43536237607247,3.56314730485502));
#10781=CARTESIAN_POINT('Ctrl Pts',(5.48027846316527,6.45668363161809,2.0948119166567));
#10782=CARTESIAN_POINT('Ctrl Pts',(-5.57041769474817,6.32050663268438,2.12926723452847));
#10783=CARTESIAN_POINT('Ctrl Pts',(-4.99992142299785,6.34182788822999,3.62175369907953));
#10784=CARTESIAN_POINT('Ctrl Pts',(-2.60226741333423,6.38447039932121,6.11491581981877));
#10785=CARTESIAN_POINT('Ctrl Pts',(2.60226741333353,6.44843416595805,6.11491581981907));
#10786=CARTESIAN_POINT('Ctrl Pts',(4.99992142299744,6.49107667704927,3.6217536990801));
#10787=CARTESIAN_POINT('Ctrl Pts',(5.57041769474792,6.51239793259489,2.12926723452911));
#10788=CARTESIAN_POINT('Ctrl Pts',(-5.29879598353137,6.32934767198901,2.73304906660383));
#10789=CARTESIAN_POINT('Ctrl Pts',(-4.66339869316796,6.34772191443308,3.95444956623142));
#10790=CARTESIAN_POINT('Ctrl Pts',(-3.59834909566115,6.36609615687715,4.95448565964335));
#10791=CARTESIAN_POINT('Ctrl Pts',(-2.33425844463876,6.38447039932121,5.49162528963404));
#10792=CARTESIAN_POINT('Ctrl Pts',(-0.867422471111577,6.40579165486683,
6.11491581981887));
#10793=CARTESIAN_POINT('Ctrl Pts',(0.867422471110963,6.42711291041244,6.11491581981896));
#10794=CARTESIAN_POINT('Ctrl Pts',(2.33425844463821,6.44843416595805,5.49162528963428));
#10795=CARTESIAN_POINT('Ctrl Pts',(3.59834909566062,6.46680840840212,4.95448565964372));
#10796=CARTESIAN_POINT('Ctrl Pts',(4.66339869316752,6.48518265084618,3.95444956623193));
#10797=CARTESIAN_POINT('Ctrl Pts',(5.29879598353106,6.50355689329025,2.73304906660444));
#10798=CARTESIAN_POINT('Ctrl Pts',(-5.30000000000016,5.65336372975398,2.02590128091136));
#10799=CARTESIAN_POINT('Ctrl Pts',(-4.75719865080734,5.67468498529959,3.4459345164044));
#10800=CARTESIAN_POINT('Ctrl Pts',(-2.47598277188129,5.71732749639081,5.8180757915995));
#10801=CARTESIAN_POINT('Ctrl Pts',(2.47598277188084,5.78129126302766,5.8180757915997));
#10802=CARTESIAN_POINT('Ctrl Pts',(4.75719865080707,5.82393377411888,3.44593451640477));
#10803=CARTESIAN_POINT('Ctrl Pts',(5.30000000000001,5.84525502966449,2.02590128091177));
#10804=CARTESIAN_POINT('Ctrl Pts',(-5.39013923158282,5.70907803073078,2.06035659878374));
#10805=CARTESIAN_POINT('Ctrl Pts',(-4.8381062415375,5.73039928627639,3.50454091062946));
#10806=CARTESIAN_POINT('Ctrl Pts',(-2.51809280668682,5.77304179736761,5.91702614653241));
#10807=CARTESIAN_POINT('Ctrl Pts',(2.51809280668635,5.83700556400446,5.91702614653261));
#10808=CARTESIAN_POINT('Ctrl Pts',(4.83810624153722,5.87964807509568,3.50454091062985));
#10809=CARTESIAN_POINT('Ctrl Pts',(5.39013923158266,5.90096933064129,2.06035659878418));
#10810=CARTESIAN_POINT('Ctrl Pts',(-5.48027846316549,5.76479233170758,2.09481191665613));
#10811=CARTESIAN_POINT('Ctrl Pts',(-4.91901383226766,5.78611358725319,3.56314730485452));
#10812=CARTESIAN_POINT('Ctrl Pts',(-2.56020284149235,5.82875609834441,6.01597650146532));
#10813=CARTESIAN_POINT('Ctrl Pts',(2.56020284149185,5.89271986498125,6.01597650146554));
#10814=CARTESIAN_POINT('Ctrl Pts',(4.91901383226736,5.93536237607248,3.56314730485493));
#10815=CARTESIAN_POINT('Ctrl Pts',(5.48027846316531,5.95668363161809,2.09481191665658));
#10816=CARTESIAN_POINT('Ctrl Pts',(-5.57041769474815,5.82050663268438,2.12926723452851));
#10817=CARTESIAN_POINT('Ctrl Pts',(-4.99992142299782,5.84182788822999,3.62175369907958));
#10818=CARTESIAN_POINT('Ctrl Pts',(-2.60231287629789,5.88447039932121,6.11492685639823));
#10819=CARTESIAN_POINT('Ctrl Pts',(2.60231287629736,5.94843416595805,6.11492685639845));
#10820=CARTESIAN_POINT('Ctrl Pts',(4.99992142299751,5.99107667704927,3.62175369908001));
#10821=CARTESIAN_POINT('Ctrl Pts',(5.57041769474797,6.01239793259489,2.12926723452899));
#10822=CARTESIAN_POINT('Ctrl Pts',(-5.29879715630567,5.82934767198902,2.73304936102079));
#10823=CARTESIAN_POINT('Ctrl Pts',(-4.66340447037977,5.84772191443308,3.95445103898939));
#10824=CARTESIAN_POINT('Ctrl Pts',(-3.59837130348737,5.86609615687715,4.95449155930066));
#10825=CARTESIAN_POINT('Ctrl Pts',(-2.33427738754032,5.88447039932121,5.49163356706861));
#10826=CARTESIAN_POINT('Ctrl Pts',(-0.867437625432799,5.90579165486683,
6.1149268563983));
#10827=CARTESIAN_POINT('Ctrl Pts',(0.867437625432274,5.92711291041244,6.11492685639838));
#10828=CARTESIAN_POINT('Ctrl Pts',(2.33427738753985,5.94843416595805,5.49163356706881));
#10829=CARTESIAN_POINT('Ctrl Pts',(3.59837130348695,5.96680840840212,4.95449155930097));
#10830=CARTESIAN_POINT('Ctrl Pts',(4.66340447037943,5.98518265084618,3.95445103898979));
#10831=CARTESIAN_POINT('Ctrl Pts',(5.29879715630544,6.00355689329025,2.73304936102124));
#10832=CARTESIAN_POINT('Ctrl Pts',(-5.30000000000017,5.15336372975398,2.02590128091132));
#10833=CARTESIAN_POINT('Ctrl Pts',(-4.75719865080736,5.17468498529959,3.44593451640437));
#10834=CARTESIAN_POINT('Ctrl Pts',(-2.47602769832403,5.21732749639082,5.81808646264481));
#10835=CARTESIAN_POINT('Ctrl Pts',(2.47602769832355,5.28129126302766,5.81808646264501));
#10836=CARTESIAN_POINT('Ctrl Pts',(4.75719865080707,5.32393377411888,3.44593451640477));
#10837=CARTESIAN_POINT('Ctrl Pts',(5.30000000000001,5.34525502966449,2.02590128091177));
#10838=CARTESIAN_POINT('Ctrl Pts',(-5.39013923158284,5.20907803073078,2.06035659878371));
#10839=CARTESIAN_POINT('Ctrl Pts',(-4.83810624153752,5.23039928627639,3.50454091062942));
#10840=CARTESIAN_POINT('Ctrl Pts',(-2.51813849721165,5.27304179736762,5.91703699906448));
#10841=CARTESIAN_POINT('Ctrl Pts',(2.51813849721114,5.33700556400445,5.9170369990647));
#10842=CARTESIAN_POINT('Ctrl Pts',(4.83810624153722,5.37964807509568,3.50454091062985));
#10843=CARTESIAN_POINT('Ctrl Pts',(5.39013923158266,5.40096933064129,2.06035659878417));
#10844=CARTESIAN_POINT('Ctrl Pts',(-5.4802784631655,5.26479233170758,2.09481191665609));
#10845=CARTESIAN_POINT('Ctrl Pts',(-4.91901383226769,5.28611358725319,3.56314730485449));
#10846=CARTESIAN_POINT('Ctrl Pts',(-2.56024929609926,5.32875609834442,6.01598753548415));
#10847=CARTESIAN_POINT('Ctrl Pts',(2.56024929609872,5.39271986498125,6.01598753548438));
#10848=CARTESIAN_POINT('Ctrl Pts',(4.91901383226737,5.43536237607248,3.56314730485493));
#10849=CARTESIAN_POINT('Ctrl Pts',(5.48027846316531,5.45668363161809,2.09481191665658));
#10850=CARTESIAN_POINT('Ctrl Pts',(-5.57041769474817,5.32050663268438,2.12926723452847));
#10851=CARTESIAN_POINT('Ctrl Pts',(-4.99992142299785,5.34182788822999,3.62175369907954));
#10852=CARTESIAN_POINT('Ctrl Pts',(-2.60236009498688,5.38447039932121,6.11493807190382));
#10853=CARTESIAN_POINT('Ctrl Pts',(2.60236009498631,5.44843416595805,6.11493807190406));
#10854=CARTESIAN_POINT('Ctrl Pts',(4.99992142299751,5.49107667704927,3.62175369908001));
#10855=CARTESIAN_POINT('Ctrl Pts',(5.57041769474797,5.51239793259489,2.12926723452899));
#10856=CARTESIAN_POINT('Ctrl Pts',(-5.29879837437112,5.32934767198901,2.73304966021086));
#10857=CARTESIAN_POINT('Ctrl Pts',(-4.6634104707006,5.34772191443308,3.95445253562384));
#10858=CARTESIAN_POINT('Ctrl Pts',(-3.59839436895327,5.36609615687715,4.95449755460381));
#10859=CARTESIAN_POINT('Ctrl Pts',(-2.33429706199409,5.38447039932121,5.49164197869779));
#10860=CARTESIAN_POINT('Ctrl Pts',(-0.867453364995821,5.40579165486683,
6.11493807190389));
#10861=CARTESIAN_POINT('Ctrl Pts',(0.867453364995212,5.42711291041244,6.11493807190398));
#10862=CARTESIAN_POINT('Ctrl Pts',(2.33429706199354,5.44843416595805,5.49164197869802));
#10863=CARTESIAN_POINT('Ctrl Pts',(3.59839436895281,5.46680840840212,4.95449755460415));
#10864=CARTESIAN_POINT('Ctrl Pts',(4.66341047070027,5.48518265084618,3.95445253562424));
#10865=CARTESIAN_POINT('Ctrl Pts',(5.2987983743709,5.50355689329025,2.73304966021128));
#10866=CARTESIAN_POINT('Ctrl Pts',(-5.30000000000015,4.65336372975398,2.0259012809114));
#10867=CARTESIAN_POINT('Ctrl Pts',(-4.75719865080732,4.6746849852996,3.44593451640443));
#10868=CARTESIAN_POINT('Ctrl Pts',(-2.47607439393367,4.71732749639082,5.81809730810404));
#10869=CARTESIAN_POINT('Ctrl Pts',(2.47607439393327,4.78129126302765,5.81809730810421));
#10870=CARTESIAN_POINT('Ctrl Pts',(4.75719865080708,4.82393377411888,3.44593451640475));
#10871=CARTESIAN_POINT('Ctrl Pts',(5.30000000000001,4.84525502966449,2.02590128091177));
#10872=CARTESIAN_POINT('Ctrl Pts',(-5.39013923158281,4.70907803073078,2.06035659878378));
#10873=CARTESIAN_POINT('Ctrl Pts',(-4.83810624153748,4.73039928627639,3.50454091062948));
#10874=CARTESIAN_POINT('Ctrl Pts',(-2.5181859869923,4.77304179736762,5.91704802897679));
#10875=CARTESIAN_POINT('Ctrl Pts',(2.51818598699187,4.83700556400445,5.91704802897697));
#10876=CARTESIAN_POINT('Ctrl Pts',(4.83810624153723,4.87964807509568,3.50454091062983));
#10877=CARTESIAN_POINT('Ctrl Pts',(5.39013923158266,4.90096933064129,2.06035659878417));
#10878=CARTESIAN_POINT('Ctrl Pts',(-5.48027846316547,4.76479233170758,2.09481191665617));
#10879=CARTESIAN_POINT('Ctrl Pts',(-4.91901383226764,4.78611358725319,3.56314730485454));
#10880=CARTESIAN_POINT('Ctrl Pts',(-2.56029758005093,4.82875609834442,6.01599874984955));
#10881=CARTESIAN_POINT('Ctrl Pts',(2.56029758005048,4.89271986498125,6.01599874984974));
#10882=CARTESIAN_POINT('Ctrl Pts',(4.91901383226737,4.93536237607248,3.56314730485491));
#10883=CARTESIAN_POINT('Ctrl Pts',(5.48027846316532,4.95668363161809,2.09481191665658));
#10884=CARTESIAN_POINT('Ctrl Pts',(-5.57041769474814,4.82050663268438,2.12926723452855));
#10885=CARTESIAN_POINT('Ctrl Pts',(-4.9999214229978,4.84182788822999,3.6217536990796));
#10886=CARTESIAN_POINT('Ctrl Pts',(-2.60240917310956,4.88447039932122,6.11494947072231));
#10887=CARTESIAN_POINT('Ctrl Pts',(2.60240917310908,4.94843416595805,6.11494947072251));
#10888=CARTESIAN_POINT('Ctrl Pts',(4.99992142299752,4.99107667704927,3.62175369907999));
#10889=CARTESIAN_POINT('Ctrl Pts',(5.57041769474797,5.01239793259489,2.12926723452899));
#10890=CARTESIAN_POINT('Ctrl Pts',(-5.29879964040301,4.82934767198902,2.73304996429104));
#10891=CARTESIAN_POINT('Ctrl Pts',(-4.66341670730921,4.84772191443308,3.95445405672018));
#10892=CARTESIAN_POINT('Ctrl Pts',(-3.59841834271854,4.86609615687715,4.95450364789778));
#10893=CARTESIAN_POINT('Ctrl Pts',(-2.33431751121186,4.88447039932122,5.49165052781166));
#10894=CARTESIAN_POINT('Ctrl Pts',(-0.867469724370016,4.90579165486683,
6.11494947072237));
#10895=CARTESIAN_POINT('Ctrl Pts',(0.867469724369503,4.92711291041244,6.11494947072244));
#10896=CARTESIAN_POINT('Ctrl Pts',(2.33431751121139,4.94843416595805,5.49165052781185));
#10897=CARTESIAN_POINT('Ctrl Pts',(3.5984183427181,4.96680840840212,4.95450364789809));
#10898=CARTESIAN_POINT('Ctrl Pts',(4.66341670730888,4.98518265084618,3.95445405672057));
#10899=CARTESIAN_POINT('Ctrl Pts',(5.29879964040278,5.00355689329025,2.73304996429149));
#10900=CARTESIAN_POINT('Ctrl Pts',(-5.30000000000016,4.15336372975398,2.02590128091137));
#10901=CARTESIAN_POINT('Ctrl Pts',(-4.75719865080734,4.17468498529959,3.44593451640439));
#10902=CARTESIAN_POINT('Ctrl Pts',(-2.4761229653119,4.21732749639082,5.81810833228845));
#10903=CARTESIAN_POINT('Ctrl Pts',(2.47612296531138,4.28129126302765,5.81810833228866));
#10904=CARTESIAN_POINT('Ctrl Pts',(4.75719865080703,4.32393377411888,3.44593451640482));
#10905=CARTESIAN_POINT('Ctrl Pts',(5.29999999999998,4.34525502966449,2.02590128091184));
#10906=CARTESIAN_POINT('Ctrl Pts',(-5.39013923158282,4.20907803073078,2.06035659878375));
#10907=CARTESIAN_POINT('Ctrl Pts',(-4.8381062415375,4.23039928627639,3.50454091062945));
#10908=CARTESIAN_POINT('Ctrl Pts',(-2.51823538444349,4.27304179736762,5.91705924065394));
#10909=CARTESIAN_POINT('Ctrl Pts',(2.51823538444294,4.33700556400445,5.91705924065417));
#10910=CARTESIAN_POINT('Ctrl Pts',(4.83810624153718,4.37964807509568,3.5045409106299));
#10911=CARTESIAN_POINT('Ctrl Pts',(5.39013923158263,4.40096933064129,2.06035659878425));
#10912=CARTESIAN_POINT('Ctrl Pts',(-5.48027846316549,4.26479233170758,2.09481191665613));
#10913=CARTESIAN_POINT('Ctrl Pts',(-4.91901383226766,4.28611358725319,3.56314730485451));
#10914=CARTESIAN_POINT('Ctrl Pts',(-2.56034780357508,4.32875609834442,6.01601014901943));
#10915=CARTESIAN_POINT('Ctrl Pts',(2.56034780357451,4.39271986498125,6.01601014901967));
#10916=CARTESIAN_POINT('Ctrl Pts',(4.91901383226732,4.43536237607247,3.56314730485498));
#10917=CARTESIAN_POINT('Ctrl Pts',(5.48027846316529,4.45668363161809,2.09481191665666));
#10918=CARTESIAN_POINT('Ctrl Pts',(-5.57041769474815,4.32050663268438,2.12926723452851));
#10919=CARTESIAN_POINT('Ctrl Pts',(-4.99992142299782,4.34182788822999,3.62175369907957));
#10920=CARTESIAN_POINT('Ctrl Pts',(-2.60246022270667,4.38447039932122,6.11496105738492));
#10921=CARTESIAN_POINT('Ctrl Pts',(2.60246022270607,4.44843416595805,6.11496105738518));
#10922=CARTESIAN_POINT('Ctrl Pts',(4.99992142299747,4.49107667704927,3.62175369908006));
#10923=CARTESIAN_POINT('Ctrl Pts',(5.57041769474794,4.51239793259489,2.12926723452906));
#10924=CARTESIAN_POINT('Ctrl Pts',(-5.29880095729153,4.32934767198902,2.73305027338231));
#10925=CARTESIAN_POINT('Ctrl Pts',(-4.66342319444314,4.34772191443308,3.95445560288309));
#10926=CARTESIAN_POINT('Ctrl Pts',(-3.59844327951297,4.36609615687715,4.95450984160475));
#10927=CARTESIAN_POINT('Ctrl Pts',(-2.33433878187734,4.38447039932122,5.49165921780863));
#10928=CARTESIAN_POINT('Ctrl Pts',(-0.867486740902413,4.40579165486683,
6.11496105738501));
#10929=CARTESIAN_POINT('Ctrl Pts',(0.867486740901853,4.42711291041244,6.11496105738509));
#10930=CARTESIAN_POINT('Ctrl Pts',(2.33433878187683,4.44843416595805,5.49165921780884));
#10931=CARTESIAN_POINT('Ctrl Pts',(3.59844327951251,4.46680840840212,4.95450984160507));
#10932=CARTESIAN_POINT('Ctrl Pts',(4.66342319444278,4.48518265084618,3.95445560288352));
#10933=CARTESIAN_POINT('Ctrl Pts',(5.29880095729128,4.50355689329025,2.7330502733828));
#10934=CARTESIAN_POINT('Ctrl Pts',(-5.30000000000014,3.65336372975398,2.0259012809114));
#10935=CARTESIAN_POINT('Ctrl Pts',(-4.75719865080731,3.6746849852996,3.44593451640443));
#10936=CARTESIAN_POINT('Ctrl Pts',(-2.47617352779993,3.71732749639082,5.81811953965269));
#10937=CARTESIAN_POINT('Ctrl Pts',(2.47617352779945,3.78129126302765,5.8181195396529));
#10938=CARTESIAN_POINT('Ctrl Pts',(4.75719865080703,3.82393377411888,3.44593451640482));
#10939=CARTESIAN_POINT('Ctrl Pts',(5.29999999999998,3.84525502966449,2.02590128091184));
#10940=CARTESIAN_POINT('Ctrl Pts',(-5.39013923158281,3.70907803073078,2.06035659878379));
#10941=CARTESIAN_POINT('Ctrl Pts',(-4.83810624153748,3.73039928627639,3.50454091062949));
#10942=CARTESIAN_POINT('Ctrl Pts',(-2.5182868068681,3.77304179736762,5.91707063862634));
#10943=CARTESIAN_POINT('Ctrl Pts',(2.51828680686759,3.83700556400445,5.91707063862655));
#10944=CARTESIAN_POINT('Ctrl Pts',(4.83810624153718,3.87964807509568,3.5045409106299));
#10945=CARTESIAN_POINT('Ctrl Pts',(5.39013923158263,3.90096933064129,2.06035659878425));
#10946=CARTESIAN_POINT('Ctrl Pts',(-5.48027846316547,3.76479233170758,2.09481191665617));
#10947=CARTESIAN_POINT('Ctrl Pts',(-4.91901383226764,3.78611358725319,3.56314730485455));
#10948=CARTESIAN_POINT('Ctrl Pts',(-2.56040008593625,3.82875609834442,6.01602173759999));
#10949=CARTESIAN_POINT('Ctrl Pts',(2.56040008593572,3.89271986498125,6.0160217376002));
#10950=CARTESIAN_POINT('Ctrl Pts',(4.91901383226732,3.93536237607248,3.56314730485498));
#10951=CARTESIAN_POINT('Ctrl Pts',(5.48027846316529,3.95668363161809,2.09481191665665));
#10952=CARTESIAN_POINT('Ctrl Pts',(-5.57041769474814,3.82050663268438,2.12926723452855));
#10953=CARTESIAN_POINT('Ctrl Pts',(-4.9999214229978,3.84182788822999,3.6217536990796));
#10954=CARTESIAN_POINT('Ctrl Pts',(-2.60251336500442,3.88447039932122,6.11497283657363));
#10955=CARTESIAN_POINT('Ctrl Pts',(2.60251336500386,3.94843416595805,6.11497283657387));
#10956=CARTESIAN_POINT('Ctrl Pts',(4.99992142299747,3.99107667704927,3.62175369908006));
#10957=CARTESIAN_POINT('Ctrl Pts',(5.57041769474794,4.01239793259489,2.12926723452906));
#10958=CARTESIAN_POINT('Ctrl Pts',(-5.29880232816389,3.82934767198902,2.7330505876095));
#10959=CARTESIAN_POINT('Ctrl Pts',(-4.66342994750726,3.84772191443308,3.95445717473735));
#10960=CARTESIAN_POINT('Ctrl Pts',(-3.59846923855337,3.86609615687715,4.95451613822749));
#10961=CARTESIAN_POINT('Ctrl Pts',(-2.33436092450137,3.88447039932121,5.49166805220016));
#10962=CARTESIAN_POINT('Ctrl Pts',(-0.867504455001653,3.90579165486683,
6.11497283657371));
#10963=CARTESIAN_POINT('Ctrl Pts',(0.867504455001096,3.92711291041244,6.11497283657379));
#10964=CARTESIAN_POINT('Ctrl Pts',(2.33436092450087,3.94843416595805,5.49166805220038));
#10965=CARTESIAN_POINT('Ctrl Pts',(3.59846923855293,3.96680840840212,4.95451613822781));
#10966=CARTESIAN_POINT('Ctrl Pts',(4.66342994750692,3.98518265084618,3.95445717473775));
#10967=CARTESIAN_POINT('Ctrl Pts',(5.29880232816366,4.00355689329025,2.73305058760995));
#10968=CARTESIAN_POINT('Ctrl Pts',(-5.30000000000016,3.15336372975398,2.02590128091137));
#10969=CARTESIAN_POINT('Ctrl Pts',(-4.75719865080734,3.17468498529959,3.4459345164044));
#10970=CARTESIAN_POINT('Ctrl Pts',(-2.4762262063937,3.21732749639082,5.81813093480063));
#10971=CARTESIAN_POINT('Ctrl Pts',(2.47622620639322,3.28129126302765,5.81813093480083));
#10972=CARTESIAN_POINT('Ctrl Pts',(4.75719865080705,3.32393377411888,3.44593451640479));
#10973=CARTESIAN_POINT('Ctrl Pts',(5.29999999999999,3.34525502966449,2.0259012809118));
#10974=CARTESIAN_POINT('Ctrl Pts',(-5.39013923158282,3.20907803073078,2.06035659878375));
#10975=CARTESIAN_POINT('Ctrl Pts',(-4.8381062415375,3.23039928627639,3.50454091062946));
#10976=CARTESIAN_POINT('Ctrl Pts',(-2.51834038138789,3.27304179736762,5.91708222757613));
#10977=CARTESIAN_POINT('Ctrl Pts',(2.51834038138739,3.33700556400445,5.91708222757635));
#10978=CARTESIAN_POINT('Ctrl Pts',(4.8381062415372,3.37964807509568,3.50454091062987));
#10979=CARTESIAN_POINT('Ctrl Pts',(5.39013923158265,3.40096933064129,2.06035659878421));
#10980=CARTESIAN_POINT('Ctrl Pts',(-5.48027846316549,3.26479233170758,2.09481191665613));
#10981=CARTESIAN_POINT('Ctrl Pts',(-4.91901383226766,3.28611358725319,3.56314730485452));
#10982=CARTESIAN_POINT('Ctrl Pts',(-2.56045455638209,3.32875609834442,6.01603352035165));
#10983=CARTESIAN_POINT('Ctrl Pts',(2.56045455638156,3.39271986498125,6.01603352035187));
#10984=CARTESIAN_POINT('Ctrl Pts',(4.91901383226735,3.43536237607248,3.56314730485495));
#10985=CARTESIAN_POINT('Ctrl Pts',(5.4802784631653,3.45668363161809,2.09481191665661));
#10986=CARTESIAN_POINT('Ctrl Pts',(-5.57041769474815,3.32050663268438,2.12926723452852));
#10987=CARTESIAN_POINT('Ctrl Pts',(-4.99992142299782,3.34182788822999,3.62175369907958));
#10988=CARTESIAN_POINT('Ctrl Pts',(-2.60256873137628,3.38447039932122,6.11498481312715));
#10989=CARTESIAN_POINT('Ctrl Pts',(2.60256873137572,3.44843416595805,6.11498481312739));
#10990=CARTESIAN_POINT('Ctrl Pts',(4.99992142299749,3.49107667704927,3.62175369908003));
#10991=CARTESIAN_POINT('Ctrl Pts',(5.57041769474796,3.51239793259489,2.12926723452902));
#10992=CARTESIAN_POINT('Ctrl Pts',(-5.29880375640907,3.32934767198902,2.73305090710161));
#10993=CARTESIAN_POINT('Ctrl Pts',(-4.66343698319592,3.34772191443308,3.95445877292856));
#10994=CARTESIAN_POINT('Ctrl Pts',(-3.59849628401332,3.36609615687715,4.95452254035253));
#10995=CARTESIAN_POINT('Ctrl Pts',(-2.33438399382297,3.38447039932122,5.49167703461531));
#10996=CARTESIAN_POINT('Ctrl Pts',(-0.867522910458933,3.40579165486683,
6.11498481312723));
#10997=CARTESIAN_POINT('Ctrl Pts',(0.867522910458378,3.42711291041244,6.11498481312731));
#10998=CARTESIAN_POINT('Ctrl Pts',(2.33438399382247,3.44843416595805,5.49167703461552));
#10999=CARTESIAN_POINT('Ctrl Pts',(3.59849628401289,3.46680840840212,4.95452254035285));
#11000=CARTESIAN_POINT('Ctrl Pts',(4.66343698319559,3.48518265084618,3.95445877292897));
#11001=CARTESIAN_POINT('Ctrl Pts',(5.29880375640884,3.50355689329025,2.73305090710205));
#11002=CARTESIAN_POINT('Ctrl Pts',(-5.30000000000015,2.65336372975398,2.02590128091139));
#11003=CARTESIAN_POINT('Ctrl Pts',(-4.75719865080732,2.6746849852996,3.44593451640441));
#11004=CARTESIAN_POINT('Ctrl Pts',(-2.47628113677501,2.71732749639082,5.81814252249171));
#11005=CARTESIAN_POINT('Ctrl Pts',(2.47628113677456,2.78129126302766,5.8181425224919));
#11006=CARTESIAN_POINT('Ctrl Pts',(4.75719865080706,2.82393377411888,3.44593451640478));
#11007=CARTESIAN_POINT('Ctrl Pts',(5.29999999999999,2.84525502966449,2.0259012809118));
#11008=CARTESIAN_POINT('Ctrl Pts',(-5.39013923158281,2.70907803073078,2.06035659878377));
#11009=CARTESIAN_POINT('Ctrl Pts',(-4.83810624153749,2.73039928627639,3.50454091062947));
#11010=CARTESIAN_POINT('Ctrl Pts',(-2.51839624599229,2.77304179736762,5.91709401234374));
#11011=CARTESIAN_POINT('Ctrl Pts',(2.51839624599182,2.83700556400445,5.91709401234394));
#11012=CARTESIAN_POINT('Ctrl Pts',(4.8381062415372,2.87964807509568,3.50454091062986));
#11013=CARTESIAN_POINT('Ctrl Pts',(5.39013923158265,2.90096933064129,2.06035659878421));
#11014=CARTESIAN_POINT('Ctrl Pts',(-5.48027846316548,2.76479233170758,2.09481191665615));
#11015=CARTESIAN_POINT('Ctrl Pts',(-4.91901383226765,2.78611358725319,3.56314730485453));
#11016=CARTESIAN_POINT('Ctrl Pts',(-2.56051135520957,2.82875609834442,6.01604550219577));
#11017=CARTESIAN_POINT('Ctrl Pts',(2.56051135520907,2.89271986498125,6.01604550219598));
#11018=CARTESIAN_POINT('Ctrl Pts',(4.91901383226735,2.93536237607248,3.56314730485494));
#11019=CARTESIAN_POINT('Ctrl Pts',(5.4802784631653,2.95668363161809,2.09481191665661));
#11020=CARTESIAN_POINT('Ctrl Pts',(-5.57041769474814,2.82050663268438,2.12926723452854));
#11021=CARTESIAN_POINT('Ctrl Pts',(-4.99992142299781,2.84182788822999,3.62175369907959));
#11022=CARTESIAN_POINT('Ctrl Pts',(-2.60262646442685,2.88447039932121,6.1149969920478));
#11023=CARTESIAN_POINT('Ctrl Pts',(2.60262646442632,2.94843416595805,6.11499699204803));
#11024=CARTESIAN_POINT('Ctrl Pts',(4.9999214229975,2.99107667704927,3.62175369908002));
#11025=CARTESIAN_POINT('Ctrl Pts',(5.57041769474796,3.01239793259489,2.12926723452902));
#11026=CARTESIAN_POINT('Ctrl Pts',(-5.29880524570569,2.82934767198902,2.73305123199219));
#11027=CARTESIAN_POINT('Ctrl Pts',(-4.66344431963057,2.84772191443308,3.95446039812434));
#11028=CARTESIAN_POINT('Ctrl Pts',(-3.59852448555256,2.86609615687715,4.95452905065388));
#11029=CARTESIAN_POINT('Ctrl Pts',(-2.33440804926075,2.88447039932121,5.49168616880577));
#11030=CARTESIAN_POINT('Ctrl Pts',(-0.867542154809146,2.90579165486683,
6.11499699204787));
#11031=CARTESIAN_POINT('Ctrl Pts',(0.867542154808595,2.92711291041244,6.11499699204795));
#11032=CARTESIAN_POINT('Ctrl Pts',(2.33440804926026,2.94843416595805,5.49168616880598));
#11033=CARTESIAN_POINT('Ctrl Pts',(3.59852448555212,2.96680840840212,4.95452905065421));
#11034=CARTESIAN_POINT('Ctrl Pts',(4.66344431963022,2.98518265084618,3.95446039812475));
#11035=CARTESIAN_POINT('Ctrl Pts',(5.29880524570546,3.00355689329025,2.73305123199265));
#11036=CARTESIAN_POINT('Ctrl Pts',(-2.40040832172604,1.64379713971554,-5.35255081080759));
#11037=CARTESIAN_POINT('Ctrl Pts',(-3.66051648861098,1.66253142647703,-4.78744190535674));
#11038=CARTESIAN_POINT('Ctrl Pts',(-4.70807587641657,1.68126571323852,-3.76204764755353));
#11039=CARTESIAN_POINT('Ctrl Pts',(-5.29999999999929,1.70000000000001,-2.51431109715885));
#11040=CARTESIAN_POINT('Ctrl Pts',(-2.41368622406906,1.66253142647703,-5.38215854308742));
#11041=CARTESIAN_POINT('Ctrl Pts',(-3.68076470222567,1.68126571323852,-4.81392372743545));
#11042=CARTESIAN_POINT('Ctrl Pts',(-4.73411868386093,1.7,-3.78285748262279));
#11043=CARTESIAN_POINT('Ctrl Pts',(-5.32931704651219,1.71873428676149,-2.52821905477834));
#11044=CARTESIAN_POINT('Ctrl Pts',(-2.42696412641207,1.68126571323851,-5.41176627536725));
#11045=CARTESIAN_POINT('Ctrl Pts',(-3.70101291584035,1.7,-4.84040554951415));
#11046=CARTESIAN_POINT('Ctrl Pts',(-4.7601614913053,1.71873428676149,-3.80366731769205));
#11047=CARTESIAN_POINT('Ctrl Pts',(-5.35863409302508,1.73746857352298,-2.54212701239784));
#11048=CARTESIAN_POINT('Ctrl Pts',(-2.44024202875508,1.7,-5.44137400764708));
#11049=CARTESIAN_POINT('Ctrl Pts',(-3.72126112945504,1.71873428676149,-4.86688737159286));
#11050=CARTESIAN_POINT('Ctrl Pts',(-4.78620429874967,1.73746857352298,-3.82447715276131));
#11051=CARTESIAN_POINT('Ctrl Pts',(-5.38795113953797,1.75620286028446,-2.55603497001733));
#11052=CARTESIAN_POINT('Ctrl Pts',(-2.4402420287551,1.7,-5.44137400764707));
#11053=CARTESIAN_POINT('Ctrl Pts',(-3.66095220136396,1.71785229776342,-4.89393355162572));
#11054=CARTESIAN_POINT('Ctrl Pts',(-4.68545274775787,1.73570459552683,-3.92159102216761));
#11055=CARTESIAN_POINT('Ctrl Pts',(-5.29990833447141,1.75355689329025,-2.73365724747332));
#11056=CARTESIAN_POINT('Ctrl Pts',(-5.22976916003976,1.65600796552619,2.2008613160981));
#11057=CARTESIAN_POINT('Ctrl Pts',(-4.64821631801652,1.67703541709711,3.58276897920278));
#11058=CARTESIAN_POINT('Ctrl Pts',(-2.33974586360752,1.71909032023896,5.85417000367709));
#11059=CARTESIAN_POINT('Ctrl Pts',(2.532943472185,1.78217267495172,5.77320660507975));
#11060=CARTESIAN_POINT('Ctrl Pts',(4.76467837888961,1.82422757809357,3.426366653345));
#11061=CARTESIAN_POINT('Ctrl Pts',(5.3,1.84525502966449,2.02590128091179));
#11062=CARTESIAN_POINT('Ctrl Pts',(-5.3187139474814,1.71172226650299,2.23829224965527));
#11063=CARTESIAN_POINT('Ctrl Pts',(-4.7272704023818,1.73274971807391,3.64370257216947));
#11064=CARTESIAN_POINT('Ctrl Pts',(-2.37953886252154,1.77480462121575,5.95373422739137));
#11065=CARTESIAN_POINT('Ctrl Pts',(2.57602226052934,1.83788697592852,5.8713938517118));
#11066=CARTESIAN_POINT('Ctrl Pts',(4.8457131803635,1.87994187907037,3.48464024905311));
#11067=CARTESIAN_POINT('Ctrl Pts',(5.39013923158265,1.90096933064129,2.06035659878419));
#11068=CARTESIAN_POINT('Ctrl Pts',(-5.40765873492303,1.76743656747979,2.27572318321245));
#11069=CARTESIAN_POINT('Ctrl Pts',(-4.80632448674709,1.78846401905071,3.70463616513617));
#11070=CARTESIAN_POINT('Ctrl Pts',(-2.41933186143557,1.83051892219255,6.05329845110564));
#11071=CARTESIAN_POINT('Ctrl Pts',(2.61910104887369,1.89360127690532,5.96958109834385));
#11072=CARTESIAN_POINT('Ctrl Pts',(4.92674798183738,1.93565618004717,3.54291384476123));
#11073=CARTESIAN_POINT('Ctrl Pts',(5.48027846316531,1.95668363161809,2.0948119166566));
#11074=CARTESIAN_POINT('Ctrl Pts',(-5.49660352236467,1.82315086845658,2.31315411676963));
#11075=CARTESIAN_POINT('Ctrl Pts',(-4.88537857111237,1.84417832002751,3.76556975810286));
#11076=CARTESIAN_POINT('Ctrl Pts',(-2.45912486034959,1.88623322316935,6.15286267481993));
#11077=CARTESIAN_POINT('Ctrl Pts',(2.66217983721803,1.94931557788212,6.06776834497588));
#11078=CARTESIAN_POINT('Ctrl Pts',(5.00778278331126,1.99137048102396,3.60118744046934));
#11079=CARTESIAN_POINT('Ctrl Pts',(5.57041769474796,2.01239793259489,2.12926723452901));
#11080=CARTESIAN_POINT('Ctrl Pts',(-5.29938681873537,1.82934767198902,2.73335680867839));
#11081=CARTESIAN_POINT('Ctrl Pts',(-4.64465567427526,1.84830952238246,3.99418591157849));
#11082=CARTESIAN_POINT('Ctrl Pts',(-3.52881951604039,1.86727137277591,5.01645109358819));
#11083=CARTESIAN_POINT('Ctrl Pts',(-2.21213750511236,1.88623322316935,5.54185705733332));
#11084=CARTESIAN_POINT('Ctrl Pts',(-0.752023294493721,1.90726067474027,
6.12449789820525));
#11085=CARTESIAN_POINT('Ctrl Pts',(0.955078271362156,1.9282881263112,6.09613312159057));
#11086=CARTESIAN_POINT('Ctrl Pts',(2.3950297908134,1.94931557788212,5.46530550715659));
#11087=CARTESIAN_POINT('Ctrl Pts',(3.63317102530928,1.9673960163515,4.922888855805));
#11088=CARTESIAN_POINT('Ctrl Pts',(4.67379734860213,1.98547645482087,3.93504688816966));
#11089=CARTESIAN_POINT('Ctrl Pts',(5.29884576131365,2.00355689329025,2.73307614561812));
#11090=CARTESIAN_POINT('Origin',(0.,1.7,0.));
#11091=CARTESIAN_POINT('Origin',(0.,1.7,0.));
#11092=CARTESIAN_POINT('Origin',(0.,1.7,0.));
#11093=CARTESIAN_POINT('Origin',(0.,1.7,0.));
#11094=CARTESIAN_POINT('Origin',(0.,1.7,0.));
#11095=CARTESIAN_POINT('Origin',(0.,1.7,0.));
#11096=CARTESIAN_POINT('Origin',(0.,1.7,0.));
#11097=CARTESIAN_POINT('Origin',(0.,1.7,0.));
#11098=CARTESIAN_POINT('Origin',(0.,1.7,0.));
#11099=CARTESIAN_POINT('Origin',(0.,1.7,0.));
#11100=CARTESIAN_POINT('Origin',(0.,1.7,0.));
#11101=CARTESIAN_POINT('Origin',(0.,1.7,0.));
#11102=CARTESIAN_POINT('Origin',(0.,1.7,0.));
#11103=CARTESIAN_POINT('Origin',(0.,1.7,0.));
#11104=CARTESIAN_POINT('Origin',(0.,1.7,0.));
#11105=CARTESIAN_POINT('Origin',(0.,1.7,0.));
#11106=CARTESIAN_POINT('Origin',(0.,1.7,0.));
#11107=CARTESIAN_POINT('Origin',(0.,1.7,0.));
#11108=CARTESIAN_POINT('Origin',(0.,1.7,0.));
#11109=CARTESIAN_POINT('Origin',(0.,1.7,0.));
#11110=CARTESIAN_POINT('Origin',(0.,1.7,0.));
#11111=CARTESIAN_POINT('Origin',(0.,1.7,0.));
#11112=CARTESIAN_POINT('Origin',(0.,1.7,0.));
#11113=CARTESIAN_POINT('Origin',(0.,1.7,0.));
#11114=CARTESIAN_POINT('Origin',(0.,1.7,0.));
#11115=CARTESIAN_POINT('Origin',(0.,1.7,0.));
#11116=CARTESIAN_POINT('Origin',(0.,1.7,0.));
#11117=CARTESIAN_POINT('Origin',(0.,1.7,0.));
#11118=CARTESIAN_POINT('Origin',(0.,1.7,0.));
#11119=CARTESIAN_POINT('Origin',(0.,1.7,0.));
#11120=CARTESIAN_POINT('Origin',(0.,1.7,0.));
#11121=CARTESIAN_POINT('Origin',(0.,1.7,0.));
#11122=CARTESIAN_POINT('Origin',(0.,1.7,0.));
#11123=CARTESIAN_POINT('Ctrl Pts',(-5.29880680005379,2.32934767198902,2.73305156241921));
#11124=CARTESIAN_POINT('Ctrl Pts',(-4.66345197651578,2.34772191443308,3.95446205101494));
#11125=CARTESIAN_POINT('Ctrl Pts',(-3.5985539189162,2.36609615687715,4.95453567189673));
#11126=CARTESIAN_POINT('Ctrl Pts',(-2.33443315542396,2.38447039932121,5.49169545865118));
#11127=CARTESIAN_POINT('Ctrl Pts',(-0.867562239739713,2.40579165486683,
6.11500937850841));
#11128=CARTESIAN_POINT('Ctrl Pts',(0.867562239739187,2.42711291041244,6.11500937850849));
#11129=CARTESIAN_POINT('Ctrl Pts',(2.33443315542349,2.44843416595805,5.49169545865139));
#11130=CARTESIAN_POINT('Ctrl Pts',(3.59855391891578,2.46680840840212,4.95453567189704));
#11131=CARTESIAN_POINT('Ctrl Pts',(4.66345197651545,2.48518265084618,3.95446205101533));
#11132=CARTESIAN_POINT('Ctrl Pts',(5.29880680005357,2.50355689329025,2.73305156241965));
#11133=CARTESIAN_POINT('Origin',(0.,1.7,0.));
#11134=CARTESIAN_POINT('Origin',(0.,1.7,0.));
#11135=CARTESIAN_POINT('Origin',(0.,11.7,0.));
#11136=CARTESIAN_POINT('Origin',(0.,10.2,0.));
#11137=CARTESIAN_POINT('Origin',(0.,11.7,0.));
#11138=CARTESIAN_POINT('Origin',(0.,11.7,0.));
#11139=CARTESIAN_POINT('',(-3.01,11.7,-1.7));
#11140=CARTESIAN_POINT('Origin',(0.,11.7,-1.7));
#11141=CARTESIAN_POINT('Origin',(0.,0.,0.));
#11142=CARTESIAN_POINT('',(-6.91,0.,8.46230938210821E-16));
#11143=CARTESIAN_POINT('',(-6.91,0.,8.46230938210821E-16));
#11144=CARTESIAN_POINT('Origin',(0.,0.,0.));
#11145=CARTESIAN_POINT('Origin',(0.,23.3740496367984,0.));
#11146=CARTESIAN_POINT('',(3.01,-0.753614908770765,-1.7));
#11147=CARTESIAN_POINT('',(-3.01,-0.753614908770765,-1.7));
#11148=CARTESIAN_POINT('Ctrl Pts',(3.01,-0.753614908770764,-1.7));
#11149=CARTESIAN_POINT('Ctrl Pts',(3.01,-0.726981727840532,-2.07799791486241));
#11150=CARTESIAN_POINT('Ctrl Pts',(2.93445202949071,-0.698520300819026,
-2.4812531648713));
#11151=CARTESIAN_POINT('Ctrl Pts',(2.62699974118174,-0.646064725165229,
-3.22323250496578));
#11152=CARTESIAN_POINT('Ctrl Pts',(2.39509020639717,-0.622073182924008,
-3.56195461755198));
#11153=CARTESIAN_POINT('Ctrl Pts',(1.86033981508259,-0.584196119375316,
-4.09618070360708));
#11154=CARTESIAN_POINT('Ctrl Pts',(1.52213053626102,-0.567766917173979,
-4.32756920254066));
#11155=CARTESIAN_POINT('Ctrl Pts',(0.780908830500759,-0.545964529580616,
-4.63448164900193));
#11156=CARTESIAN_POINT('Ctrl Pts',(0.377893998212674,-0.540594337626876,
-4.71));
#11157=CARTESIAN_POINT('Ctrl Pts',(-0.377893998212674,-0.540594337626876,
-4.71));
#11158=CARTESIAN_POINT('Ctrl Pts',(-0.780908830500759,-0.545964529580616,
-4.63448164900193));
#11159=CARTESIAN_POINT('Ctrl Pts',(-1.52213053626102,-0.567766917173979,
-4.32756920254066));
#11160=CARTESIAN_POINT('Ctrl Pts',(-1.86033981508259,-0.584196119375316,
-4.09618070360708));
#11161=CARTESIAN_POINT('Ctrl Pts',(-2.39509020639717,-0.622073182924008,
-3.56195461755198));
#11162=CARTESIAN_POINT('Ctrl Pts',(-2.62699974118174,-0.646064725165229,
-3.22323250496578));
#11163=CARTESIAN_POINT('Ctrl Pts',(-2.93445202949071,-0.698520300819026,
-2.4812531648713));
#11164=CARTESIAN_POINT('Ctrl Pts',(-3.01,-0.726981727840533,-2.07799791486241));
#11165=CARTESIAN_POINT('Ctrl Pts',(-3.01,-0.753614908770765,-1.7));
#11166=CARTESIAN_POINT('Ctrl Pts',(-3.01,-0.753614908770765,-1.7));
#11167=CARTESIAN_POINT('Ctrl Pts',(-3.01,-0.78024719144516,-1.32201483385261));
#11168=CARTESIAN_POINT('Ctrl Pts',(-2.93445653976363,-0.808610940454602,
-0.918765493991913));
#11169=CARTESIAN_POINT('Ctrl Pts',(-2.62701200843469,-0.860714468780811,
-0.176789326056745));
#11170=CARTESIAN_POINT('Ctrl Pts',(-2.39510528463156,-0.884456628458866,
0.161934992595949));
#11171=CARTESIAN_POINT('Ctrl Pts',(-1.86035293869834,-0.921866287994147,
0.696172141661587));
#11172=CARTESIAN_POINT('Ctrl Pts',(-1.52213782948553,-0.938046828476601,
0.927565590627558));
#11173=CARTESIAN_POINT('Ctrl Pts',(-0.780908819246466,-0.959498214568067,
1.23448224571513));
#11174=CARTESIAN_POINT('Ctrl Pts',(-0.377892720784823,-0.964771132160709,
1.31));
#11175=CARTESIAN_POINT('Ctrl Pts',(0.377892720784822,-0.964771132160709,
1.31));
#11176=CARTESIAN_POINT('Ctrl Pts',(0.780908819246465,-0.959498214568067,
1.23448224571513));
#11177=CARTESIAN_POINT('Ctrl Pts',(1.52213782948553,-0.938046828476601,
0.927565590627558));
#11178=CARTESIAN_POINT('Ctrl Pts',(1.86035293869834,-0.921866287994147,
0.696172141661587));
#11179=CARTESIAN_POINT('Ctrl Pts',(2.39510528463156,-0.884456628458866,
0.161934992595948));
#11180=CARTESIAN_POINT('Ctrl Pts',(2.62701200843469,-0.860714468780811,
-0.176789326056745));
#11181=CARTESIAN_POINT('Ctrl Pts',(2.93445653976363,-0.808610940454602,
-0.918765493991913));
#11182=CARTESIAN_POINT('Ctrl Pts',(3.01,-0.780247191445159,-1.32201483385261));
#11183=CARTESIAN_POINT('Ctrl Pts',(3.01,-0.753614908770765,-1.7));
#11184=CARTESIAN_POINT('Ctrl Pts',(-5.30000000000015,2.15336372975398,2.02590128091139));
#11185=CARTESIAN_POINT('Ctrl Pts',(-4.75719865080732,2.17468498529959,3.44593451640442));
#11186=CARTESIAN_POINT('Ctrl Pts',(-2.47633846647877,2.21732749639082,5.81815430764759));
#11187=CARTESIAN_POINT('Ctrl Pts',(2.47633846647834,2.28129126302766,5.81815430764777));
#11188=CARTESIAN_POINT('Ctrl Pts',(4.75719865080707,2.32393377411888,3.44593451640477));
#11189=CARTESIAN_POINT('Ctrl Pts',(5.3,2.34525502966449,2.02590128091178));
#11190=CARTESIAN_POINT('Ctrl Pts',(-5.39013923158281,2.20907803073078,2.06035659878377));
#11191=CARTESIAN_POINT('Ctrl Pts',(-4.83810624153748,2.23039928627639,3.50454091062948));
#11192=CARTESIAN_POINT('Ctrl Pts',(-2.51845455072538,2.27304179736762,5.9171059979345));
#11193=CARTESIAN_POINT('Ctrl Pts',(2.51845455072493,2.33700556400445,5.9171059979347));
#11194=CARTESIAN_POINT('Ctrl Pts',(4.83810624153721,2.37964807509568,3.50454091062985));
#11195=CARTESIAN_POINT('Ctrl Pts',(5.39013923158266,2.40096933064129,2.06035659878419));
#11196=CARTESIAN_POINT('Ctrl Pts',(-5.48027846316548,2.26479233170758,2.09481191665615));
#11197=CARTESIAN_POINT('Ctrl Pts',(-4.91901383226765,2.28611358725319,3.56314730485454));
#11198=CARTESIAN_POINT('Ctrl Pts',(-2.56057063497198,2.32875609834442,6.01605768822142));
#11199=CARTESIAN_POINT('Ctrl Pts',(2.5605706349715,2.39271986498125,6.01605768822163));
#11200=CARTESIAN_POINT('Ctrl Pts',(4.91901383226736,2.43536237607248,3.56314730485493));
#11201=CARTESIAN_POINT('Ctrl Pts',(5.48027846316531,2.45668363161809,2.09481191665659));
#11202=CARTESIAN_POINT('Ctrl Pts',(-5.57041769474814,2.32050663268438,2.12926723452854));
#11203=CARTESIAN_POINT('Ctrl Pts',(-4.99992142299781,2.34182788822999,3.6217536990796));
#11204=CARTESIAN_POINT('Ctrl Pts',(-2.6026867192186,2.38447039932122,6.11500937850834));
#11205=CARTESIAN_POINT('Ctrl Pts',(2.60268671921809,2.44843416595805,6.11500937850856));
#11206=CARTESIAN_POINT('Ctrl Pts',(4.99992142299751,2.49107667704927,3.62175369908001));
#11207=CARTESIAN_POINT('Ctrl Pts',(5.57041769474796,2.51239793259489,2.129267234529));
#11208=CARTESIAN_POINT('Ctrl Pts',(-5.30000000000015,2.15336372975398,2.02590128091139));
#11209=CARTESIAN_POINT('Ctrl Pts',(-4.75719865080732,2.17468498529959,3.44593451640442));
#11210=CARTESIAN_POINT('Ctrl Pts',(-2.47633846647877,2.21732749639082,5.81815430764759));
#11211=CARTESIAN_POINT('Ctrl Pts',(2.47633846647834,2.28129126302766,5.81815430764777));
#11212=CARTESIAN_POINT('Ctrl Pts',(4.75719865080707,2.32393377411888,3.44593451640477));
#11213=CARTESIAN_POINT('Ctrl Pts',(5.3,2.34525502966449,2.02590128091178));
#11214=CARTESIAN_POINT('Origin',(0.,0.775690620290768,0.));
#11215=CARTESIAN_POINT('Origin',(0.,10.2,0.));
#11216=CARTESIAN_POINT('Origin',(0.,0.,-1.7));
#11217=CARTESIAN_POINT('',(-3.01,0.,-1.7));
#11218=CARTESIAN_POINT('Origin',(-2.25,11.7,4.75));
#11219=CARTESIAN_POINT('',(2.25,11.7,4.75));
#11220=CARTESIAN_POINT('',(-2.25,11.7,4.75));
#11221=CARTESIAN_POINT('',(2.25,11.7,4.75));
#11222=CARTESIAN_POINT('',(2.25,12.7,4.75));
#11223=CARTESIAN_POINT('',(2.25,11.7,4.75));
#11224=CARTESIAN_POINT('',(-2.25,12.7,4.75));
#11225=CARTESIAN_POINT('',(2.25,12.7,4.75));
#11226=CARTESIAN_POINT('',(-2.25,11.7,4.75));
#11227=CARTESIAN_POINT('Origin',(-2.25,11.7,2.75));
#11228=CARTESIAN_POINT('',(-4.25,11.7,2.75));
#11229=CARTESIAN_POINT('Origin',(-2.25,11.7,2.75));
#11230=CARTESIAN_POINT('',(-4.25,12.7,2.75));
#11231=CARTESIAN_POINT('Origin',(-2.25,12.7,2.75));
#11232=CARTESIAN_POINT('',(-4.25,11.7,2.75));
#11233=CARTESIAN_POINT('Origin',(-4.25,11.7,-2.75));
#11234=CARTESIAN_POINT('',(-4.25,11.7,-2.75));
#11235=CARTESIAN_POINT('',(-4.25,11.7,2.75));
#11236=CARTESIAN_POINT('',(-4.25,12.7,-2.75));
#11237=CARTESIAN_POINT('',(-4.25,12.7,2.75));
#11238=CARTESIAN_POINT('',(-4.25,11.7,-2.75));
#11239=CARTESIAN_POINT('Origin',(-2.25,11.7,-2.75));
#11240=CARTESIAN_POINT('',(-2.25,11.7,-4.75));
#11241=CARTESIAN_POINT('Origin',(-2.25,11.7,-2.75));
#11242=CARTESIAN_POINT('',(-2.25,12.7,-4.75));
#11243=CARTESIAN_POINT('Origin',(-2.25,12.7,-2.75));
#11244=CARTESIAN_POINT('',(-2.25,11.7,-4.75));
#11245=CARTESIAN_POINT('Origin',(2.25,11.7,-4.75));
#11246=CARTESIAN_POINT('',(2.25,11.7,-4.75));
#11247=CARTESIAN_POINT('',(-2.25,11.7,-4.75));
#11248=CARTESIAN_POINT('',(2.25,12.7,-4.75));
#11249=CARTESIAN_POINT('',(-2.25,12.7,-4.75));
#11250=CARTESIAN_POINT('',(2.25,11.7,-4.75));
#11251=CARTESIAN_POINT('Origin',(2.25,11.7,-2.75));
#11252=CARTESIAN_POINT('',(4.25,11.7,-2.75));
#11253=CARTESIAN_POINT('Origin',(2.25,11.7,-2.75));
#11254=CARTESIAN_POINT('',(4.25,12.7,-2.75));
#11255=CARTESIAN_POINT('Origin',(2.25,12.7,-2.75));
#11256=CARTESIAN_POINT('',(4.25,11.7,-2.75));
#11257=CARTESIAN_POINT('Origin',(4.25,11.7,2.75));
#11258=CARTESIAN_POINT('',(4.25,11.7,2.75));
#11259=CARTESIAN_POINT('',(4.25,11.7,-2.75));
#11260=CARTESIAN_POINT('',(4.25,12.7,2.75));
#11261=CARTESIAN_POINT('',(4.25,12.7,-2.75));
#11262=CARTESIAN_POINT('',(4.25,11.7,2.75));
#11263=CARTESIAN_POINT('Origin',(2.25,11.7,2.75));
#11264=CARTESIAN_POINT('Origin',(2.25,11.7,2.75));
#11265=CARTESIAN_POINT('Origin',(2.25,12.7,2.75));
#11266=CARTESIAN_POINT('Origin',(0.,12.7,0.));
#11267=CARTESIAN_POINT('Origin',(0.,11.7,0.));
#11268=CARTESIAN_POINT('Origin',(1.29256398889592,16.05,3.64364214888815));
#11269=CARTESIAN_POINT('',(0.472563988895929,16.05,3.57364214888815));
#11270=CARTESIAN_POINT('Origin',(1.29256398889592,16.05,3.57364214888815));
#11271=CARTESIAN_POINT('',(0.542563988895929,16.05,3.64364214888815));
#11272=CARTESIAN_POINT('Origin',(0.472563988895929,16.05,3.64364214888815));
#11273=CARTESIAN_POINT('',(2.04256398889591,16.05,3.64364214888815));
#11274=CARTESIAN_POINT('Origin',(1.29256398889592,16.05,3.64364214888815));
#11275=CARTESIAN_POINT('Origin',(1.29256398889592,16.05,3.64364214888815));
#11276=CARTESIAN_POINT('Origin',(2.54256398889591,12.7,3.57364214888815));
#11277=CARTESIAN_POINT('',(2.02256398889592,15.1229077715783,3.57364214888815));
#11278=CARTESIAN_POINT('',(0.56256398889592,15.1229077715783,3.57364214888815));
#11279=CARTESIAN_POINT('Origin',(1.29256398889592,16.05,3.57364214888815));
#11280=CARTESIAN_POINT('',(2.02256398889592,12.77,3.57364214888815));
#11281=CARTESIAN_POINT('',(2.02256398889592,12.7,3.57364214888815));
#11282=CARTESIAN_POINT('',(0.56256398889592,12.77,3.57364214888815));
#11283=CARTESIAN_POINT('',(1.91756398889592,12.77,3.57364214888815));
#11284=CARTESIAN_POINT('',(0.56256398889592,13.8947656821925,3.57364214888815));
#11285=CARTESIAN_POINT('Origin',(1.29256398889592,16.05,3.87364214888815));
#11286=CARTESIAN_POINT('',(2.04256398889591,16.05,3.80364214888815));
#11287=CARTESIAN_POINT('Origin',(1.29256398889592,16.05,3.80364214888815));
#11288=CARTESIAN_POINT('',(2.04256398889591,16.05,3.87364214888815));
#11289=CARTESIAN_POINT('Origin',(1.29256398889592,16.05,3.64364214888815));
#11290=CARTESIAN_POINT('',(0.49256398889592,15.0895313643851,3.64364214888815));
#11291=CARTESIAN_POINT('',(2.09256398889592,15.0895313643851,3.64364214888815));
#11292=CARTESIAN_POINT('Origin',(1.29256398889592,16.05,3.64364214888815));
#11293=CARTESIAN_POINT('Ctrl Pts',(2.09256398889592,15.0895313643851,3.64364214888815));
#11294=CARTESIAN_POINT('Ctrl Pts',(2.09256398889592,15.0895313643851,3.63534103251662));
#11295=CARTESIAN_POINT('Ctrl Pts',(2.09108799192115,15.0902222289694,3.62715987163401));
#11296=CARTESIAN_POINT('Ctrl Pts',(2.08528919788606,15.0929448138532,3.61140276730794));
#11297=CARTESIAN_POINT('Ctrl Pts',(2.08091327942635,15.0950020947394,3.60408620264133));
#11298=CARTESIAN_POINT('Ctrl Pts',(2.06945167163655,15.1004174735071,3.59086229463358));
#11299=CARTESIAN_POINT('Ctrl Pts',(2.0622547922693,15.1038309371272,3.58530716519895));
#11300=CARTESIAN_POINT('Ctrl Pts',(2.04960315095488,15.1098721211912,3.57885381789289));
#11301=CARTESIAN_POINT('Ctrl Pts',(2.04460938571262,15.1122650091488,3.57699542645261));
#11302=CARTESIAN_POINT('Ctrl Pts',(2.03432326700725,15.1172140966363,3.57443141889829));
#11303=CARTESIAN_POINT('Ctrl Pts',(2.02903992691508,15.1197661938469,3.57374168142219));
#11304=CARTESIAN_POINT('Ctrl Pts',(2.02335329712892,15.1225247097319,3.5736454862454));
#11305=CARTESIAN_POINT('Ctrl Pts',(2.02295863220357,15.1227162162152,3.57364214888815));
#11306=CARTESIAN_POINT('Ctrl Pts',(2.02256398889592,15.1229077715783,3.57364214888815));
#11307=CARTESIAN_POINT('Ctrl Pts',(0.49256398889592,15.0895313643851,3.64364214888815));
#11308=CARTESIAN_POINT('Ctrl Pts',(0.49256398889592,15.0895313643851,3.63534103251662));
#11309=CARTESIAN_POINT('Ctrl Pts',(0.494039985870695,15.0902222289694,3.62715987163401));
#11310=CARTESIAN_POINT('Ctrl Pts',(0.499838779905778,15.0929448138532,3.61140276730794));
#11311=CARTESIAN_POINT('Ctrl Pts',(0.504214698365492,15.0950020947394,3.60408620264133));
#11312=CARTESIAN_POINT('Ctrl Pts',(0.515676306155293,15.1004174735071,3.59086229463358));
#11313=CARTESIAN_POINT('Ctrl Pts',(0.522873185522541,15.1038309371272,3.58530716519895));
#11314=CARTESIAN_POINT('Ctrl Pts',(0.535524826836954,15.1098721211912,3.57885381789289));
#11315=CARTESIAN_POINT('Ctrl Pts',(0.540518592079215,15.1122650091488,3.57699542645261));
#11316=CARTESIAN_POINT('Ctrl Pts',(0.550804710784593,15.1172140966363,3.57443141889829));
#11317=CARTESIAN_POINT('Ctrl Pts',(0.556088050876759,15.1197661938469,3.57374168142219));
#11318=CARTESIAN_POINT('Ctrl Pts',(0.561774680662924,15.1225247097319,3.5736454862454));
#11319=CARTESIAN_POINT('Ctrl Pts',(0.562169345588273,15.1227162162152,3.57364214888815));
#11320=CARTESIAN_POINT('Ctrl Pts',(0.56256398889592,15.1229077715783,3.57364214888815));
#11321=CARTESIAN_POINT('Origin',(2.02256398889592,12.7,3.64364214888815));
#11322=CARTESIAN_POINT('',(2.09256398889592,12.7,3.64364214888815));
#11323=CARTESIAN_POINT('',(2.09256398889592,12.7,3.64364214888815));
#11324=CARTESIAN_POINT('Origin',(2.02256398889592,12.77,3.64364214888815));
#11325=CARTESIAN_POINT('Origin',(1.91756398889592,12.77,3.64364214888815));
#11326=CARTESIAN_POINT('',(0.49256398889592,12.7,3.64364214888815));
#11327=CARTESIAN_POINT('',(1.91756398889592,12.7,3.64364214888815));
#11328=CARTESIAN_POINT('Origin',(0.56256398889592,12.77,3.64364214888815));
#11329=CARTESIAN_POINT('Origin',(0.56256398889592,13.8947656821925,3.64364214888815));
#11330=CARTESIAN_POINT('',(0.49256398889592,13.8947656821925,3.64364214888815));
#11331=CARTESIAN_POINT('Origin',(2.09256398889592,12.7,3.87364214888815));
#11332=CARTESIAN_POINT('',(2.09256398889592,15.0895313643851,3.80364214888815));
#11333=CARTESIAN_POINT('',(2.09256398889592,15.0895313643851,3.87364214888815));
#11334=CARTESIAN_POINT('',(2.09256398889592,12.7,3.80364214888815));
#11335=CARTESIAN_POINT('',(2.09256398889592,12.7,3.80364214888815));
#11336=CARTESIAN_POINT('',(2.09256398889592,12.7,3.79864214888815));
#11337=CARTESIAN_POINT('Origin',(1.29256398889592,16.05,3.87364214888815));
#11338=CARTESIAN_POINT('',(0.49256398889592,15.0895313643851,3.80364214888815));
#11339=CARTESIAN_POINT('',(0.49256398889592,15.0895313643851,3.87364214888815));
#11340=CARTESIAN_POINT('Origin',(1.29256398889592,16.05,3.80364214888815));
#11341=CARTESIAN_POINT('Origin',(0.56256398889592,13.8947656821925,3.80364214888815));
#11342=CARTESIAN_POINT('',(0.56256398889592,12.77,3.87364214888815));
#11343=CARTESIAN_POINT('',(0.56256398889592,15.1229077715783,3.87364214888815));
#11344=CARTESIAN_POINT('',(0.56256398889592,13.8947656821925,3.87364214888815));
#11345=CARTESIAN_POINT('Ctrl Pts',(0.56256398889592,15.1229077715783,3.87364214888815));
#11346=CARTESIAN_POINT('Ctrl Pts',(0.562169345588283,15.1227162162152,3.87364214888815));
#11347=CARTESIAN_POINT('Ctrl Pts',(0.561774680662946,15.1225247097319,3.87363881153089));
#11348=CARTESIAN_POINT('Ctrl Pts',(0.55608805087678,15.1197661938469,3.87354261635411));
#11349=CARTESIAN_POINT('Ctrl Pts',(0.550804710784612,15.1172140966363,3.87285287887801));
#11350=CARTESIAN_POINT('Ctrl Pts',(0.540518592079219,15.1122650091488,3.87028887132369));
#11351=CARTESIAN_POINT('Ctrl Pts',(0.535524826836957,15.1098721211912,3.8684304798834));
#11352=CARTESIAN_POINT('Ctrl Pts',(0.522873185522544,15.1038309371272,3.86197713257735));
#11353=CARTESIAN_POINT('Ctrl Pts',(0.515676306155294,15.1004174735071,3.85642200314272));
#11354=CARTESIAN_POINT('Ctrl Pts',(0.504214698365493,15.0950020947394,3.84319809513497));
#11355=CARTESIAN_POINT('Ctrl Pts',(0.499838779905778,15.0929448138532,3.83588153046836));
#11356=CARTESIAN_POINT('Ctrl Pts',(0.494039985870692,15.0902222289694,3.82012442614228));
#11357=CARTESIAN_POINT('Ctrl Pts',(0.49256398889592,15.0895313643851,3.81194326525968));
#11358=CARTESIAN_POINT('Ctrl Pts',(0.49256398889592,15.0895313643851,3.80364214888815));
#11359=CARTESIAN_POINT('',(0.49256398889592,12.7,3.80364214888815));
#11360=CARTESIAN_POINT('',(0.49256398889592,13.8947656821925,3.80364214888815));
#11361=CARTESIAN_POINT('Origin',(0.56256398889592,12.77,3.80364214888815));
#11362=CARTESIAN_POINT('Origin',(1.29256398889592,16.05,3.80364214888815));
#11363=CARTESIAN_POINT('',(2.02256398889592,15.1229077715783,3.87364214888815));
#11364=CARTESIAN_POINT('Origin',(1.29256398889592,16.05,3.87364214888815));
#11365=CARTESIAN_POINT('Ctrl Pts',(2.02256398889592,15.1229077715783,3.87364214888815));
#11366=CARTESIAN_POINT('Ctrl Pts',(2.02295863220355,15.1227162162152,3.87364214888815));
#11367=CARTESIAN_POINT('Ctrl Pts',(2.02335329712887,15.1225247097319,3.87363881153089));
#11368=CARTESIAN_POINT('Ctrl Pts',(2.02903992691503,15.1197661938469,3.87354261635411));
#11369=CARTESIAN_POINT('Ctrl Pts',(2.0343232670072,15.1172140966363,3.87285287887802));
#11370=CARTESIAN_POINT('Ctrl Pts',(2.0446093857126,15.1122650091488,3.8702888713237));
#11371=CARTESIAN_POINT('Ctrl Pts',(2.04960315095488,15.1098721211912,3.86843047988341));
#11372=CARTESIAN_POINT('Ctrl Pts',(2.06225479226929,15.1038309371272,3.86197713257735));
#11373=CARTESIAN_POINT('Ctrl Pts',(2.06945167163655,15.1004174735071,3.85642200314272));
#11374=CARTESIAN_POINT('Ctrl Pts',(2.08091327942635,15.0950020947394,3.84319809513497));
#11375=CARTESIAN_POINT('Ctrl Pts',(2.08528919788606,15.0929448138532,3.83588153046836));
#11376=CARTESIAN_POINT('Ctrl Pts',(2.09108799192115,15.0902222289694,3.82012442614228));
#11377=CARTESIAN_POINT('Ctrl Pts',(2.09256398889592,15.0895313643851,3.81194326525968));
#11378=CARTESIAN_POINT('Ctrl Pts',(2.09256398889592,15.0895313643851,3.80364214888815));
#11379=CARTESIAN_POINT('Origin',(0.667563988895924,12.77,3.80364214888815));
#11380=CARTESIAN_POINT('',(0.667563988895924,12.7,3.80364214888815));
#11381=CARTESIAN_POINT('',(2.02256398889592,12.77,3.87364214888815));
#11382=CARTESIAN_POINT('Origin',(2.02256398889592,12.77,3.80364214888815));
#11383=CARTESIAN_POINT('',(0.667563988895924,12.77,3.87364214888815));
#11384=CARTESIAN_POINT('Origin',(2.02256398889592,12.7,3.80364214888815));
#11385=CARTESIAN_POINT('',(2.02256398889592,12.7,3.87364214888815));
#11386=CARTESIAN_POINT('Origin',(1.29256398889592,12.7,3.72364214888815));
#11387=CARTESIAN_POINT('',(0.49256398889592,12.7,3.79864214888815));
#11388=CARTESIAN_POINT('Origin',(0.49256398889592,15.0895313643851,3.87364214888815));
#11389=CARTESIAN_POINT('Origin',(0.0425639888959287,12.7,3.87364214888815));
#11390=CARTESIAN_POINT('',(2.11256398889591,16.05,3.87364214888815));
#11391=CARTESIAN_POINT('Origin',(1.29256398889592,16.05,3.87364214888815));
#11392=CARTESIAN_POINT('Origin',(1.29256398889592,16.05,3.80364214888815));
#11393=CARTESIAN_POINT('Origin',(2.11256398889591,16.05,3.80364214888815));
#11394=CARTESIAN_POINT('Origin',(3.93000005960464,15.6647251205956,-1.69999996200204));
#11395=CARTESIAN_POINT('',(4.00000005960464,15.6647251205956,-2.51999996200204));
#11396=CARTESIAN_POINT('Origin',(4.00000005960464,15.6647251205956,-1.69999996200204));
#11397=CARTESIAN_POINT('',(3.93000005960464,15.6647251205956,-2.44999996200204));
#11398=CARTESIAN_POINT('Origin',(3.93000005960464,15.6647251205956,-2.51999996200204));
#11399=CARTESIAN_POINT('',(3.93000005960464,14.9147251205956,-1.69999996200204));
#11400=CARTESIAN_POINT('Origin',(3.93000005960464,15.6647251205956,-1.69999996200204));
#11401=CARTESIAN_POINT('Origin',(3.93000005960464,15.6647251205956,-1.69999996200204));
#11402=CARTESIAN_POINT('Origin',(4.00000005960464,15.6647251205956,-1.69999996200204));
#11403=CARTESIAN_POINT('',(3.77000005960464,14.9147251205956,-1.69999996200204));
#11404=CARTESIAN_POINT('',(4.00000005960464,14.9147251205956,-1.69999996200204));
#11405=CARTESIAN_POINT('',(3.77000005960464,15.6647251205956,-0.949999962002037));
#11406=CARTESIAN_POINT('Origin',(3.77000005960464,15.6647251205956,-1.69999996200204));
#11407=CARTESIAN_POINT('Origin',(3.77000005960464,15.6647251205956,-1.69999996200204));
#11408=CARTESIAN_POINT('Origin',(4.00000005960464,12.7,0.450000037997959));
#11409=CARTESIAN_POINT('',(4.00000005960464,16.3,-3.77999996200203));
#11410=CARTESIAN_POINT('',(4.00000005960464,13.2,-3.77999996200203));
#11411=CARTESIAN_POINT('',(4.00000005960464,12.7,-3.77999996200203));
#11412=CARTESIAN_POINT('',(4.00000005960464,17.23,-2.84999996200203));
#11413=CARTESIAN_POINT('Origin',(4.00000005960464,16.3,-2.84999996200203));
#11414=CARTESIAN_POINT('',(4.00000005960464,17.23,-0.549999962002041));
#11415=CARTESIAN_POINT('',(4.00000005960464,17.23,-0.624999962002039));
#11416=CARTESIAN_POINT('',(4.00000005960464,16.3,0.380000037997959));
#11417=CARTESIAN_POINT('Origin',(4.00000005960464,16.3,-0.549999962002041));
#11418=CARTESIAN_POINT('',(4.00000005960464,13.2,0.380000037997958));
#11419=CARTESIAN_POINT('',(4.00000005960464,12.7,0.380000037997959));
#11420=CARTESIAN_POINT('',(4.00000005960464,13.2,-0.624999962002039));
#11421=CARTESIAN_POINT('Origin',(3.77000005960464,15.6647251205956,-1.69999996200204));
#11422=CARTESIAN_POINT('',(3.70000005960464,15.6647251205956,-0.879999962002037));
#11423=CARTESIAN_POINT('Origin',(3.70000005960464,15.6647251205956,-1.69999996200204));
#11424=CARTESIAN_POINT('Origin',(3.77000005960464,15.6647251205956,-0.879999962002037));
#11425=CARTESIAN_POINT('Origin',(3.70000005960464,12.7,-3.84999996200203));
#11426=CARTESIAN_POINT('',(3.70000005960464,16.3,0.380000037997958));
#11427=CARTESIAN_POINT('',(3.70000005960464,13.2,0.380000037997958));
#11428=CARTESIAN_POINT('',(3.70000005960464,12.7,0.380000037997958));
#11429=CARTESIAN_POINT('',(3.70000005960464,17.23,-0.549999962002041));
#11430=CARTESIAN_POINT('Origin',(3.70000005960464,16.3,-0.549999962002041));
#11431=CARTESIAN_POINT('',(3.70000005960464,17.23,-2.84999996200203));
#11432=CARTESIAN_POINT('',(3.70000005960464,17.23,-2.77499996200203));
#11433=CARTESIAN_POINT('',(3.70000005960464,16.3,-3.77999996200203));
#11434=CARTESIAN_POINT('Origin',(3.70000005960464,16.3,-2.84999996200203));
#11435=CARTESIAN_POINT('',(3.70000005960464,13.2,-3.77999996200203));
#11436=CARTESIAN_POINT('',(3.70000005960464,12.7,-3.77999996200203));
#11437=CARTESIAN_POINT('',(3.70000005960464,13.2,-2.77499996200203));
#11438=CARTESIAN_POINT('Origin',(0.,13.,-1.69999996200204));
#11439=CARTESIAN_POINT('',(1.4936989345087E-16,13.23,-3.20000002160668));
#11440=CARTESIAN_POINT('Origin',(0.,13.23,-1.69999996200204));
#11441=CARTESIAN_POINT('',(5.16763947794004E-16,13.,-3.20000002160668));
#11442=CARTESIAN_POINT('',(1.4936989345087E-16,13.,-3.20000002160668));
#11443=CARTESIAN_POINT('Origin',(0.,13.,-1.69999996200204));
#11444=CARTESIAN_POINT('Origin',(0.387500014901159,12.77,0.380000037997956));
#11445=CARTESIAN_POINT('',(-1.92863359875442E-15,12.77,0.450000037997956));
#11446=CARTESIAN_POINT('',(-1.87350135405495E-15,12.7,0.380000037997956));
#11447=CARTESIAN_POINT('Origin',(-1.87350135405495E-15,12.77,0.380000037997956));
#11448=CARTESIAN_POINT('',(3.50000005960464,12.7,0.380000037997958));
#11449=CARTESIAN_POINT('',(0.387500014901159,12.7,0.380000037997956));
#11450=CARTESIAN_POINT('',(3.50000005960464,12.77,0.450000037997958));
#11451=CARTESIAN_POINT('Origin',(3.50000005960464,12.77,0.380000037997958));
#11452=CARTESIAN_POINT('',(0.387500014901159,12.77,0.450000037997956));
#11453=CARTESIAN_POINT('Origin',(3.50000005960464,13.2,0.380000037997958));
#11454=CARTESIAN_POINT('',(3.93000005960464,13.2,0.450000037997959));
#11455=CARTESIAN_POINT('Origin',(3.93000005960464,13.2,0.380000037997958));
#11456=CARTESIAN_POINT('Origin',(3.50000005960464,13.2,0.450000037997958));
#11457=CARTESIAN_POINT('Origin',(3.50000005960464,13.2,0.380000037997958));
#11458=CARTESIAN_POINT('Origin',(3.93000005960464,12.7,0.380000037997959));
#11459=CARTESIAN_POINT('',(3.93000005960464,16.3,0.450000037997959));
#11460=CARTESIAN_POINT('Origin',(3.93000005960464,16.3,0.380000037997959));
#11461=CARTESIAN_POINT('',(3.93000005960464,12.7,0.450000037997959));
#11462=CARTESIAN_POINT('Origin',(3.93000005960464,16.3,-0.549999962002041));
#11463=CARTESIAN_POINT('',(3.93000005960464,17.3,-0.549999962002041));
#11464=CARTESIAN_POINT('Origin',(3.93000005960464,17.23,-0.549999962002041));
#11465=CARTESIAN_POINT('Origin',(3.93000005960464,16.3,-0.549999962002041));
#11466=CARTESIAN_POINT('Origin',(3.93000005960464,17.23,-0.624999962002039));
#11467=CARTESIAN_POINT('',(3.93000005960464,17.3,-2.84999996200203));
#11468=CARTESIAN_POINT('Origin',(3.93000005960464,17.23,-2.84999996200203));
#11469=CARTESIAN_POINT('',(3.93000005960464,17.3,-0.624999962002039));
#11470=CARTESIAN_POINT('Origin',(3.93000005960464,16.3,-2.84999996200203));
#11471=CARTESIAN_POINT('',(3.93000005960464,16.3,-3.84999996200203));
#11472=CARTESIAN_POINT('Origin',(3.93000005960464,16.3,-3.77999996200203));
#11473=CARTESIAN_POINT('Origin',(3.93000005960464,16.3,-2.84999996200203));
#11474=CARTESIAN_POINT('Origin',(3.93000005960464,12.7,-3.77999996200203));
#11475=CARTESIAN_POINT('',(3.93000005960464,13.2,-3.84999996200203));
#11476=CARTESIAN_POINT('Origin',(3.93000005960464,13.2,-3.77999996200203));
#11477=CARTESIAN_POINT('',(3.93000005960464,12.7,-3.84999996200203));
#11478=CARTESIAN_POINT('Origin',(3.50000005960464,13.2,-3.77999996200203));
#11479=CARTESIAN_POINT('',(3.50000005960464,12.7,-3.77999996200203));
#11480=CARTESIAN_POINT('',(3.50000005960464,12.77,-3.84999996200203));
#11481=CARTESIAN_POINT('Origin',(3.50000005960464,12.77,-3.77999996200203));
#11482=CARTESIAN_POINT('Origin',(3.50000005960464,13.2,-3.84999996200203));
#11483=CARTESIAN_POINT('Origin',(3.50000005960464,13.2,-3.77999996200203));
#11484=CARTESIAN_POINT('Origin',(2.23750004470348,12.77,-3.77999996200203));
#11485=CARTESIAN_POINT('',(1.66533453693773E-15,12.7,-3.77999996200203));
#11486=CARTESIAN_POINT('',(1.66533453693773E-15,12.77,-3.84999996200203));
#11487=CARTESIAN_POINT('Origin',(1.66533453693773E-15,12.77,-3.77999996200203));
#11488=CARTESIAN_POINT('',(2.23750004470348,12.77,-3.84999996200203));
#11489=CARTESIAN_POINT('',(2.23750004470348,12.7,-3.77999996200203));
#11490=CARTESIAN_POINT('Origin',(0.,12.77,-1.69999996200204));
#11491=CARTESIAN_POINT('Origin',(0.,12.77,-1.69999996200204));
#11492=CARTESIAN_POINT('Origin',(0.,12.7,-1.69999996200204));
#11493=CARTESIAN_POINT('Origin',(3.70000005960464,12.7,-3.84999996200203));
#11494=CARTESIAN_POINT('',(1.66533453693773E-15,12.93,-3.84999996200203));
#11495=CARTESIAN_POINT('',(1.66533453693773E-15,12.7,-3.84999996200203));
#11496=CARTESIAN_POINT('',(3.50000005960464,12.93,-3.84999996200203));
#11497=CARTESIAN_POINT('',(2.23750004470348,12.93,-3.84999996200203));
#11498=CARTESIAN_POINT('',(3.77000005960464,13.2,-3.84999996200203));
#11499=CARTESIAN_POINT('Origin',(3.50000005960464,13.2,-3.84999996200203));
#11500=CARTESIAN_POINT('',(3.77000005960464,16.3,-3.84999996200203));
#11501=CARTESIAN_POINT('',(3.77000005960464,12.7,-3.84999996200203));
#11502=CARTESIAN_POINT('',(3.77500005960464,16.3,-3.84999996200203));
#11503=CARTESIAN_POINT('Origin',(0.,12.7,-1.69999996200204));
#11504=CARTESIAN_POINT('',(-1.92863359875442E-15,12.93,0.450000037997956));
#11505=CARTESIAN_POINT('',(-1.92863359875442E-15,12.7,0.450000037997956));
#11506=CARTESIAN_POINT('Origin',(0.,12.93,-1.69999996200204));
#11507=CARTESIAN_POINT('Origin',(0.,12.63,-1.69999996200204));
#11508=CARTESIAN_POINT('',(4.97899669567175E-17,12.63,-2.20000000670552));
#11509=CARTESIAN_POINT('Origin',(0.,12.63,-1.69999996200204));
#11510=CARTESIAN_POINT('',(1.96370307759432E-16,12.7,-2.27000000670552));
#11511=CARTESIAN_POINT('Origin',(-6.9804873025997E-17,12.63,-2.27000000670552));
#11512=CARTESIAN_POINT('Origin',(0.,12.7,-1.69999996200204));
#11513=CARTESIAN_POINT('Origin',(0.,12.7,-1.69999996200204));
#11514=CARTESIAN_POINT('',(1.72254657820648E-16,2.7,-2.20000000670552));
#11515=CARTESIAN_POINT('',(-2.33487003252614E-16,2.7,-1.19999991729856));
#11516=CARTESIAN_POINT('Origin',(0.,2.7,-1.69999996200204));
#11517=CARTESIAN_POINT('',(1.72254657820648E-16,12.7,-2.20000000670552));
#11518=CARTESIAN_POINT('Origin',(0.,2.7,-1.69999996200204));
#11519=CARTESIAN_POINT('Origin',(0.775000029802321,12.7,-1.69999996200204));
#11520=CARTESIAN_POINT('',(3.50000005960464,12.7,-0.624999962002039));
#11521=CARTESIAN_POINT('Origin',(2.23750004470348,12.93,-3.77999996200203));
#11522=CARTESIAN_POINT('',(3.50000005960464,13.,-3.77999996200203));
#11523=CARTESIAN_POINT('Origin',(3.50000005960464,12.93,-3.77999996200203));
#11524=CARTESIAN_POINT('',(1.66533453693773E-15,13.,-3.77999996200203));
#11525=CARTESIAN_POINT('Origin',(1.66533453693773E-15,12.93,-3.77999996200203));
#11526=CARTESIAN_POINT('',(2.23750004470348,13.,-3.77999996200203));
#11527=CARTESIAN_POINT('Origin',(0.,12.93,-1.69999996200204));
#11528=CARTESIAN_POINT('',(-1.73847760982318E-15,13.,0.380000037997956));
#11529=CARTESIAN_POINT('Origin',(-1.73847760982318E-15,12.93,0.380000037997956));
#11530=CARTESIAN_POINT('Origin',(0.,13.,-1.69999996200204));
#11531=CARTESIAN_POINT('Origin',(0.387500014901159,12.93,0.380000037997956));
#11532=CARTESIAN_POINT('',(3.50000005960464,12.93,0.450000037997958));
#11533=CARTESIAN_POINT('',(3.50000005960464,13.,0.380000037997958));
#11534=CARTESIAN_POINT('Origin',(3.50000005960464,12.93,0.380000037997958));
#11535=CARTESIAN_POINT('',(0.387500014901159,13.,0.380000037997956));
#11536=CARTESIAN_POINT('',(0.387500014901159,12.93,0.450000037997956));
#11537=CARTESIAN_POINT('Origin',(3.50000005960464,13.2,0.380000037997958));
#11538=CARTESIAN_POINT('',(3.77000005960464,13.2,0.450000037997959));
#11539=CARTESIAN_POINT('Origin',(3.77000005960464,13.2,0.380000037997959));
#11540=CARTESIAN_POINT('Origin',(3.50000005960464,13.2,0.380000037997958));
#11541=CARTESIAN_POINT('Origin',(3.50000005960464,13.2,0.450000037997958));
#11542=CARTESIAN_POINT('Origin',(3.77000005960464,12.7,0.380000037997958));
#11543=CARTESIAN_POINT('',(3.77000005960464,16.3,0.450000037997959));
#11544=CARTESIAN_POINT('Origin',(3.77000005960464,16.3,0.380000037997958));
#11545=CARTESIAN_POINT('',(3.77000005960464,12.7,0.450000037997959));
#11546=CARTESIAN_POINT('Origin',(3.77000005960464,16.3,-0.549999962002041));
#11547=CARTESIAN_POINT('',(3.77000005960464,17.3,-0.549999962002041));
#11548=CARTESIAN_POINT('Origin',(3.77000005960464,17.23,-0.549999962002041));
#11549=CARTESIAN_POINT('Origin',(3.77000005960464,16.3,-0.549999962002041));
#11550=CARTESIAN_POINT('Origin',(3.77000005960464,17.23,-2.77499996200203));
#11551=CARTESIAN_POINT('',(3.77000005960464,17.3,-2.84999996200203));
#11552=CARTESIAN_POINT('Origin',(3.77000005960464,17.23,-2.84999996200203));
#11553=CARTESIAN_POINT('',(3.77000005960464,17.3,-2.77499996200203));
#11554=CARTESIAN_POINT('Origin',(3.77000005960464,16.3,-2.84999996200203));
#11555=CARTESIAN_POINT('Origin',(3.77000005960464,16.3,-3.77999996200203));
#11556=CARTESIAN_POINT('Origin',(3.77000005960464,16.3,-2.84999996200203));
#11557=CARTESIAN_POINT('Origin',(3.77000005960464,12.7,-3.77999996200203));
#11558=CARTESIAN_POINT('Origin',(3.77000005960464,13.2,-3.77999996200203));
#11559=CARTESIAN_POINT('Origin',(3.50000005960464,13.2,-3.77999996200203));
#11560=CARTESIAN_POINT('Origin',(3.50000005960464,13.2,-3.77999996200203));
#11561=CARTESIAN_POINT('Origin',(-1.66533453693773E-15,12.7,0.450000037997956));
#11562=CARTESIAN_POINT('',(1.92500002980232,16.3,0.450000037997957));
#11563=CARTESIAN_POINT('Origin',(0.775000029802321,13.,-1.69999996200204));
#11564=CARTESIAN_POINT('',(3.50000005960464,13.,-2.77499996200203));
#11565=CARTESIAN_POINT('Origin',(0.,13.23,-1.69999996200204));
#11566=CARTESIAN_POINT('',(4.9264829785522E-16,13.3,-3.13000002160668));
#11567=CARTESIAN_POINT('Origin',(0.,13.3,-1.69999996200204));
#11568=CARTESIAN_POINT('Origin',(-1.75124499577535E-16,13.23,-3.13000002160668));
#11569=CARTESIAN_POINT('Origin',(0.,13.3,-1.69999996200204));
#11570=CARTESIAN_POINT('',(0.749999983236194,13.2999997027218,-1.69999996200204));
#11571=CARTESIAN_POINT('Origin',(5.55111512312578E-16,13.3,-1.69999996200204));
#11572=CARTESIAN_POINT('Origin',(5.55111512312578E-16,14.6062496735249,
-1.69999996200204));
#11573=CARTESIAN_POINT('Origin',(0.,2.7,-1.69999996200204));
#11574=CARTESIAN_POINT('',(-1.42969542805437E-32,2.2,-1.69999996200204));
#11575=CARTESIAN_POINT('Origin',(0.,2.7,-1.69999996200204));
#11576=CARTESIAN_POINT('Origin',(3.77500005960464,16.3,-2.84999996200203));
#11577=CARTESIAN_POINT('',(3.77500005960464,17.3,-2.84999996200203));
#11578=CARTESIAN_POINT('Origin',(1.92500002980232,16.3,-0.549999962002043));
#11579=CARTESIAN_POINT('',(1.92500002980232,17.3,-0.549999962002043));
#11580=CARTESIAN_POINT('Origin',(3.50000005960464,13.2,-2.77499996200203));
#11581=CARTESIAN_POINT('Origin',(3.50000005960464,13.2,-0.624999962002039));
#11582=CARTESIAN_POINT('Origin',(3.85000005960464,17.3,-1.69999996200204));
#11583=CARTESIAN_POINT('Origin',(0.,1.7,0.));
#11584=CARTESIAN_POINT('',(-5.74240088067942,8.00961141529383,0.502526576183219));
#11585=CARTESIAN_POINT('',(-5.74241490794515,8.05,0.502396205707464));
#11586=CARTESIAN_POINT('',(-5.74241490794515,1.7,0.502396205707464));
#11587=CARTESIAN_POINT('',(-4.77436972868782,8.05,3.23003477013629));
#11588=CARTESIAN_POINT('Origin',(0.,8.05,0.));
#11589=CARTESIAN_POINT('Ctrl Pts',(-4.77441280139077,8.05,3.23020748992036));
#11590=CARTESIAN_POINT('Ctrl Pts',(-5.19989751451672,8.03950200349023,2.60001258685373));
#11591=CARTESIAN_POINT('Ctrl Pts',(-5.50065710070845,8.02900400698046,1.88510864955877));
#11592=CARTESIAN_POINT('Ctrl Pts',(-5.65097780878305,8.01850601047068,1.13985902686589));
#11593=CARTESIAN_POINT('Ctrl Pts',(-5.69343168220472,8.01554114541173,0.929384145829171));
#11594=CARTESIAN_POINT('Ctrl Pts',(-5.72388622273692,8.01257628035278,0.716488826768686));
#11595=CARTESIAN_POINT('Ctrl Pts',(-5.74240088067942,8.00961141529383,0.502526576183219));
#11596=CARTESIAN_POINT('Origin',(0.,1.7,0.));
#11597=CARTESIAN_POINT('',(-5.74261510015727,7.50961141529383,0.502525869114099));
#11598=CARTESIAN_POINT('',(-5.74203194385524,7.64038858470617,0.502297381931604));
#11599=CARTESIAN_POINT('',(-5.74241490794515,1.7,0.502396205707464));
#11600=CARTESIAN_POINT('',(-2.87522104062241,8.05,-4.99608195389769));
#11601=CARTESIAN_POINT('Ctrl Pts',(-5.74203194385524,7.64038858470617,0.502297381931604));
#11602=CARTESIAN_POINT('Ctrl Pts',(-5.69403416483005,7.64795366563665,1.04828023434017));
#11603=CARTESIAN_POINT('Ctrl Pts',(-5.56889767743353,7.65551874656714,1.58757827571359));
#11604=CARTESIAN_POINT('Ctrl Pts',(-5.36952591173213,7.66308382749762,2.09787250682169));
#11605=CARTESIAN_POINT('Ctrl Pts',(-5.02963018468891,7.6759810332477,2.96783936535984));
#11606=CARTESIAN_POINT('Ctrl Pts',(-4.47397271525246,7.68887823899778,3.75350785819123));
#11607=CARTESIAN_POINT('Ctrl Pts',(-3.76694831606343,7.70177544474786,4.36382630018846));
#11608=CARTESIAN_POINT('Ctrl Pts',(-3.05992391687441,7.71467265049794,4.97414474218568));
#11609=CARTESIAN_POINT('Ctrl Pts',(-2.20153258793282,7.72756985624802,5.40911313334873));
#11610=CARTESIAN_POINT('Ctrl Pts',(-1.29125653725554,7.7404670619981,5.61832149207851));
#11611=CARTESIAN_POINT('Ctrl Pts',(-0.380980486578253,7.75336426774818,
5.82752985080829));
#11612=CARTESIAN_POINT('Ctrl Pts',(0.581180285834725,7.76626147349826,5.81097817710479));
#11613=CARTESIAN_POINT('Ctrl Pts',(1.48372394124625,7.77915867924833,5.57058651880027));
#11614=CARTESIAN_POINT('Ctrl Pts',(2.38626759665777,7.79205588499841,5.33019486049575));
#11615=CARTESIAN_POINT('Ctrl Pts',(3.22919413506783,7.80495309074849,4.86596321759021));
#11616=CARTESIAN_POINT('Ctrl Pts',(3.9148072373247,7.81785029649857,4.23168829621694));
#11617=CARTESIAN_POINT('Ctrl Pts',(4.60042033958156,7.83074750224865,3.59741337484368));
#11618=CARTESIAN_POINT('Ctrl Pts',(5.12872000568523,7.84364470799873,2.7930951750027));
#11619=CARTESIAN_POINT('Ctrl Pts',(5.43849782059016,7.85654191374881,1.91195459620267));
#11620=CARTESIAN_POINT('Ctrl Pts',(5.7482756354951,7.86943911949889,1.03081401740263));
#11621=CARTESIAN_POINT('Ctrl Pts',(5.8395315992013,7.88233632524897,0.07285105964354));
#11622=CARTESIAN_POINT('Ctrl Pts',(5.70165607584102,7.89523353099905,-0.850929536282213));
#11623=CARTESIAN_POINT('Ctrl Pts',(5.56378055248073,7.90813073674913,-1.77471013220797));
#11624=CARTESIAN_POINT('Ctrl Pts',(5.19677354205398,7.92102794249921,-2.66430836630039));
#11625=CARTESIAN_POINT('Ctrl Pts',(4.64323590130958,7.93392514824929,-3.41659767595348));
#11626=CARTESIAN_POINT('Ctrl Pts',(4.08969826056518,7.94682235399937,-4.16888698560657));
#11627=CARTESIAN_POINT('Ctrl Pts',(3.34962998950315,7.95971955974945,-4.78386737082034));
#11628=CARTESIAN_POINT('Ctrl Pts',(2.50866013838344,7.97261676549953,-5.19032982101093));
#11629=CARTESIAN_POINT('Ctrl Pts',(1.66769028726373,7.9855139712496,-5.59679227120152));
#11630=CARTESIAN_POINT('Ctrl Pts',(0.72581885608634,7.99841117699968,-5.79473678636894));
#11631=CARTESIAN_POINT('Ctrl Pts',(-0.207478892182206,8.01130838274976,
-5.7610567427697));
#11632=CARTESIAN_POINT('Ctrl Pts',(-1.14077664045075,8.02420558849984,-5.72737669917046));
#11633=CARTESIAN_POINT('Ctrl Pts',(-2.06550070581046,8.03710279424992,-5.46207209680456));
#11634=CARTESIAN_POINT('Ctrl Pts',(-2.87522104062245,8.05,-4.99608195389767));
#11635=CARTESIAN_POINT('Origin',(0.,8.05,0.));
#11636=CARTESIAN_POINT('Ctrl Pts',(-5.74240088067942,8.00961141529383,0.502526576183219));
#11637=CARTESIAN_POINT('Ctrl Pts',(-5.80442525169468,7.99967907460476,-0.214250047764308));
#11638=CARTESIAN_POINT('Ctrl Pts',(-5.73245313710246,7.98974673391569,-0.943000413803235));
#11639=CARTESIAN_POINT('Ctrl Pts',(-5.52871962207184,7.97981439322662,-1.63283828061666));
#11640=CARTESIAN_POINT('Ctrl Pts',(-5.26417039411301,7.9669171874786,-2.52859701257995));
#11641=CARTESIAN_POINT('Ctrl Pts',(-4.77745585834835,7.95401998173059,-3.35874466770918));
#11642=CARTESIAN_POINT('Ctrl Pts',(-4.12499117572403,7.94112277598257,-4.02707320698446));
#11643=CARTESIAN_POINT('Ctrl Pts',(-3.47252649309971,7.92822557023455,-4.69540174625975));
#11644=CARTESIAN_POINT('Ctrl Pts',(-2.65431166361574,7.91532836448653,-5.20191116968109));
#11645=CARTESIAN_POINT('Ctrl Pts',(-1.76516608383216,7.90243115873851,-5.48790200964303));
#11646=CARTESIAN_POINT('Ctrl Pts',(-0.876020504048573,7.88953395299049,
-5.77389284960497));
#11647=CARTESIAN_POINT('Ctrl Pts',(0.0840558260346182,7.87663674724247,
-5.83936510610752));
#11648=CARTESIAN_POINT('Ctrl Pts',(1.00379611111885,7.86373954149445,-5.67673082808982));
#11649=CARTESIAN_POINT('Ctrl Pts',(1.92353639620308,7.85084233574644,-5.51409655007212));
#11650=CARTESIAN_POINT('Ctrl Pts',(2.80294063628834,7.83794512999842,-5.12335573753417));
#11651=CARTESIAN_POINT('Ctrl Pts',(3.54009467244036,7.8250479242504,-4.54979199669225));
#11652=CARTESIAN_POINT('Ctrl Pts',(4.27724870859236,7.81215071850238,-3.97622825585033));
#11653=CARTESIAN_POINT('Ctrl Pts',(4.87215254081113,7.79925351275436,-3.21984158670443));
#11654=CARTESIAN_POINT('Ctrl Pts',(5.25586141276215,7.78635630700634,-2.36829055727383));
#11655=CARTESIAN_POINT('Ctrl Pts',(5.63957028471318,7.77345910125832,-1.51673952784323));
#11656=CARTESIAN_POINT('Ctrl Pts',(5.81208419639648,7.7605618955103,-0.57002413812794));
#11657=CARTESIAN_POINT('Ctrl Pts',(5.75341057212393,7.74766468976228,0.362139492554228));
#11658=CARTESIAN_POINT('Ctrl Pts',(5.69473694785138,7.73476748401426,1.29430312323639));
#11659=CARTESIAN_POINT('Ctrl Pts',(5.40487578762296,7.72187027826624,2.21191499488543));
#11660=CARTESIAN_POINT('Ctrl Pts',(4.91741933656265,7.70897307251823,3.00863188651243));
#11661=CARTESIAN_POINT('Ctrl Pts',(4.42996288550233,7.69607586677021,3.80534877813944));
#11662=CARTESIAN_POINT('Ctrl Pts',(3.7449111436101,7.68317866102219,4.48117068974443));
#11663=CARTESIAN_POINT('Ctrl Pts',(2.94165572417233,7.67028145527417,4.95777572795778));
#11664=CARTESIAN_POINT('Ctrl Pts',(2.13840030473457,7.65738424952615,5.43438076617113));
#11665=CARTESIAN_POINT('Ctrl Pts',(1.21694120775127,7.64448704377813,5.71176893099284));
#11666=CARTESIAN_POINT('Ctrl Pts',(0.284067496164316,7.63158983803011,5.75779335000441));
#11667=CARTESIAN_POINT('Ctrl Pts',(-0.648806215422641,7.61869263228209,
5.80381776901598));
#11668=CARTESIAN_POINT('Ctrl Pts',(-1.59309454161325,7.60579542653407,5.61847844221742));
#11669=CARTESIAN_POINT('Ctrl Pts',(-2.43936265643489,7.59289822078605,5.2232545841414));
#11670=CARTESIAN_POINT('Ctrl Pts',(-3.28563077125654,7.58000101503803,4.82803072606537));
#11671=CARTESIAN_POINT('Ctrl Pts',(-4.03387867470921,7.56710380929002,4.22292233671187));
#11672=CARTESIAN_POINT('Ctrl Pts',(-4.59739094849511,7.554206603542,3.47805621913859));
#11673=CARTESIAN_POINT('Ctrl Pts',(-5.160903222281,7.54130939779398,2.73319010156531));
#11674=CARTESIAN_POINT('Ctrl Pts',(-5.53967986640013,7.52841219204596,1.84856625577225));
#11675=CARTESIAN_POINT('Ctrl Pts',(-5.689823956129,7.51551498629794,0.926704894632556));
#11676=CARTESIAN_POINT('Ctrl Pts',(-5.71273295703664,7.51354712929657,0.786047191773918));
#11677=CARTESIAN_POINT('Ctrl Pts',(-5.73031923470961,7.5115792722952,0.644522573927319));
#11678=CARTESIAN_POINT('Ctrl Pts',(-5.74261510015727,7.50961141529383,0.502525869114099));
#11679=CARTESIAN_POINT('Origin',(0.,1.7,0.));
#11680=CARTESIAN_POINT('',(-5.74278636484599,7.00961141529383,0.502492948165044));
#11681=CARTESIAN_POINT('',(-5.74197477979167,7.14038858470617,0.502350398625345));
#11682=CARTESIAN_POINT('',(-5.74241490794515,1.7,0.502396205707464));
#11683=CARTESIAN_POINT('Ctrl Pts',(-5.74197477979167,7.14038858470617,0.502350398625345));
#11684=CARTESIAN_POINT('Ctrl Pts',(-5.70047826082763,7.14695665755229,0.976405515446747));
#11685=CARTESIAN_POINT('Ctrl Pts',(-5.600892177203,7.15352473039841,1.44538377138554));
#11686=CARTESIAN_POINT('Ctrl Pts',(-5.44456637230111,7.16009280324453,1.89461755829173));
#11687=CARTESIAN_POINT('Ctrl Pts',(-5.13760173943204,7.17299000899461,2.77674245479605));
#11688=CARTESIAN_POINT('Ctrl Pts',(-4.61185966827451,7.18588721474469,3.58273648110784));
#11689=CARTESIAN_POINT('Ctrl Pts',(-3.92826909459284,7.19878442049477,4.2191919362342));
#11690=CARTESIAN_POINT('Ctrl Pts',(-3.24467852091118,7.21168162624485,4.85564739136056));
#11691=CARTESIAN_POINT('Ctrl Pts',(-2.40323944470538,7.22457883199493,5.32256427530149));
#11692=CARTESIAN_POINT('Ctrl Pts',(-1.50146733980248,7.23747603774501,5.56583098035091));
#11693=CARTESIAN_POINT('Ctrl Pts',(-0.599695234899594,7.25037324349508,
5.80909768540032));
#11694=CARTESIAN_POINT('Ctrl Pts',(0.3624098987004,7.26327044924517,5.82871421155821));
#11695=CARTESIAN_POINT('Ctrl Pts',(1.27334843932541,7.27616765499524,5.62240717374802));
#11696=CARTESIAN_POINT('Ctrl Pts',(2.18428697995042,7.28906486074532,5.41610013593783));
#11697=CARTESIAN_POINT('Ctrl Pts',(3.04405892760046,7.3019620664954,4.98386953415954));
#11698=CARTESIAN_POINT('Ctrl Pts',(3.7530241887951,7.31485927224548,4.37580713811941));
#11699=CARTESIAN_POINT('Ctrl Pts',(4.46198944998976,7.32775647799556,3.76774474207929));
#11700=CARTESIAN_POINT('Ctrl Pts',(5.02014802472903,7.34065368374564,2.98385055177732));
#11701=CARTESIAN_POINT('Ctrl Pts',(5.3628141843519,7.35355088949572,2.11497108837025));
#11702=CARTESIAN_POINT('Ctrl Pts',(5.70548034397478,7.3664480952458,1.24609162496317));
#11703=CARTESIAN_POINT('Ctrl Pts',(5.83265408848125,7.37934530099588,0.292226888451013));
#11704=CARTESIAN_POINT('Ctrl Pts',(5.72959709056807,7.39224250674596,-0.636078488587881));
#11705=CARTESIAN_POINT('Ctrl Pts',(5.6265400926549,7.40513971249604,-1.56438386562678));
#11706=CARTESIAN_POINT('Ctrl Pts',(5.29325235232208,7.41803691824612,-2.46712988319241));
#11707=CARTESIAN_POINT('Ctrl Pts',(4.76835901305598,7.4309341239962,-3.23969612927143));
#11708=CARTESIAN_POINT('Ctrl Pts',(4.24346567378988,7.44383132974628,-4.01226237535044));
#11709=CARTESIAN_POINT('Ctrl Pts',(3.52696673559051,7.45672853549636,-4.65464884994287));
#11710=CARTESIAN_POINT('Ctrl Pts',(2.70189821320865,7.46962574124644,-5.09240853783839));
#11711=CARTESIAN_POINT('Ctrl Pts',(1.87682969082677,7.48252294699651,-5.53016822573392));
#11712=CARTESIAN_POINT('Ctrl Pts',(0.943191584262397,7.49542015274659,-5.76330112693254));
#11713=CARTESIAN_POINT('Ctrl Pts',(0.00918440066118296,7.50831735849667,
-5.76478917934319));
#11714=CARTESIAN_POINT('Ctrl Pts',(-0.924822782940032,7.52121456424675,
-5.76627723175384));
#11715=CARTESIAN_POINT('Ctrl Pts',(-1.85919904357809,7.53411176999683,-5.53612043537653));
#11716=CARTESIAN_POINT('Ctrl Pts',(-2.68565822932253,7.54700897574691,-5.1009919331519));
#11717=CARTESIAN_POINT('Ctrl Pts',(-3.51211741506697,7.55990618149699,-4.66586343092726));
#11718=CARTESIAN_POINT('Ctrl Pts',(-4.23065952591781,7.57280338724706,-4.02576322285531));
#11719=CARTESIAN_POINT('Ctrl Pts',(-4.75801190989433,7.58570059299714,-3.25487341638981));
#11720=CARTESIAN_POINT('Ctrl Pts',(-5.28536429387087,7.59859779874722,-2.4839836099243));
#11721=CARTESIAN_POINT('Ctrl Pts',(-5.6215269509731,7.61149500449731,-1.58230420506524));
#11722=CARTESIAN_POINT('Ctrl Pts',(-5.72754128719921,7.62439221024739,-0.654331890513262));
#11723=CARTESIAN_POINT('Ctrl Pts',(-5.77137106586431,7.62972433506698,-0.270677918776827));
#11724=CARTESIAN_POINT('Ctrl Pts',(-5.77586240134504,7.63505645988658,0.117470207555952));
#11725=CARTESIAN_POINT('Ctrl Pts',(-5.74203194385524,7.64038858470617,0.502297381931604));
#11726=CARTESIAN_POINT('Ctrl Pts',(-5.74261510015727,7.50961141529383,0.502525869114099));
#11727=CARTESIAN_POINT('Ctrl Pts',(-5.81090553057254,7.49868206654718,-0.286114518219855));
#11728=CARTESIAN_POINT('Ctrl Pts',(-5.71600691292188,7.48775271780053,-1.08931698869706));
#11729=CARTESIAN_POINT('Ctrl Pts',(-5.46345469511957,7.47682336905388,-1.83944051249137));
#11730=CARTESIAN_POINT('Ctrl Pts',(-5.16542980904265,7.46392616330587,-2.72462568198932));
#11731=CARTESIAN_POINT('Ctrl Pts',(-4.64786850155018,7.45102895755784,-3.5358971444989));
#11732=CARTESIAN_POINT('Ctrl Pts',(-3.97075162774557,7.43813175180982,-4.17923559027661));
#11733=CARTESIAN_POINT('Ctrl Pts',(-3.29363475394097,7.4252345460618,-4.82257403605431));
#11734=CARTESIAN_POINT('Ctrl Pts',(-2.45696231382424,7.41233734031379,-5.29797946510013));
#11735=CARTESIAN_POINT('Ctrl Pts',(-1.55769737032608,7.39944013456577,-5.55035652095752));
#11736=CARTESIAN_POINT('Ctrl Pts',(-0.658432426827923,7.38654292881775,
-5.80273357681491));
#11737=CARTESIAN_POINT('Ctrl Pts',(0.303425020051657,7.37364572306973,-5.83208225948385));
#11738=CARTESIAN_POINT('Ctrl Pts',(1.21640405421016,7.36074851732171,-5.63500131181417));
#11739=CARTESIAN_POINT('Ctrl Pts',(2.12938308836866,7.34785131157369,-5.43792036414449));
#11740=CARTESIAN_POINT('Ctrl Pts',(2.99348370980609,7.33495410582567,-5.01440978613618));
#11741=CARTESIAN_POINT('Ctrl Pts',(3.70856416823846,7.32205690007765,-4.41355077206179));
#11742=CARTESIAN_POINT('Ctrl Pts',(4.42364462667084,7.30915969432963,-3.8126917579874));
#11743=CARTESIAN_POINT('Ctrl Pts',(4.98970492209817,7.29626248858162,-3.03448430784695));
#11744=CARTESIAN_POINT('Ctrl Pts',(5.34114358728007,7.2833652828336,-2.1691158999317));
#11745=CARTESIAN_POINT('Ctrl Pts',(5.69258225246198,7.27046807708558,-1.30374749201645));
#11746=CARTESIAN_POINT('Ctrl Pts',(5.82939928739847,7.25757087133756,-0.351218126326406));
#11747=CARTESIAN_POINT('Ctrl Pts',(5.73573878709489,7.24467366558954,0.57808232427341));
#11748=CARTESIAN_POINT('Ctrl Pts',(5.64207828679132,7.23177645984152,1.50738277487323));
#11749=CARTESIAN_POINT('Ctrl Pts',(5.31794025124768,7.2188792540935,2.41345431038282));
#11750=CARTESIAN_POINT('Ctrl Pts',(4.800889460976,7.20598204834548,3.19129111658972));
#11751=CARTESIAN_POINT('Ctrl Pts',(4.28383867070433,7.19308484259746,3.96912792279661));
#11752=CARTESIAN_POINT('Ctrl Pts',(3.57387512570463,7.18018763684945,4.61872999970081));
#11753=CARTESIAN_POINT('Ctrl Pts',(2.75327742890657,7.16729043110143,5.06481411375538));
#11754=CARTESIAN_POINT('Ctrl Pts',(1.93267973210851,7.15439322535341,5.51089822780996));
#11755=CARTESIAN_POINT('Ctrl Pts',(1.00144788351211,7.14149601960538,5.75346437901491));
#11756=CARTESIAN_POINT('Ctrl Pts',(0.0675035589108467,7.12859881385736,
5.76440125917809));
#11757=CARTESIAN_POINT('Ctrl Pts',(-0.866440765690426,7.11570160810935,
5.77533813934127));
#11758=CARTESIAN_POINT('Ctrl Pts',(-1.80309756629655,7.10280440236133,5.55464574846266));
#11759=CARTESIAN_POINT('Ctrl Pts',(-2.63391646237205,7.08990719661331,5.12790041603335));
#11760=CARTESIAN_POINT('Ctrl Pts',(-3.46473535844754,7.07700999086529,4.70115508360404));
#11761=CARTESIAN_POINT('Ctrl Pts',(-4.18971634999239,7.06411278511727,4.06835680962403));
#11762=CARTESIAN_POINT('Ctrl Pts',(-4.7248404425206,7.05121557936925,3.30284141308179));
#11763=CARTESIAN_POINT('Ctrl Pts',(-5.25996453504881,7.03831837362123,2.53732601653955));
#11764=CARTESIAN_POINT('Ctrl Pts',(-5.60523172856035,7.02542116787322,1.63909349743507));
#11765=CARTESIAN_POINT('Ctrl Pts',(-5.72062855691362,7.0125239621252,0.71224119586055));
#11766=CARTESIAN_POINT('Ctrl Pts',(-5.72931515857853,7.01155311318141,0.642471542215135));
#11767=CARTESIAN_POINT('Ctrl Pts',(-5.73669920829056,7.01058226423762,0.572539715627063));
#11768=CARTESIAN_POINT('Ctrl Pts',(-5.74278636484599,7.00961141529383,0.502492948165044));
#11769=CARTESIAN_POINT('Origin',(0.,1.7,0.));
#11770=CARTESIAN_POINT('',(-5.74285995058294,6.50961141529383,0.502432781794557));
#11771=CARTESIAN_POINT('',(-5.74200181452376,6.64038858470617,0.502412299268835));
#11772=CARTESIAN_POINT('',(-5.74241490794515,1.7,0.502396205707464));
#11773=CARTESIAN_POINT('',(4.54730699959186,6.2,3.54255980527681));
#11774=CARTESIAN_POINT('Ctrl Pts',(-5.74285995058294,6.50961141529383,0.502432781794557));
#11775=CARTESIAN_POINT('Ctrl Pts',(-5.82444755276683,6.49668805043202,-0.429906511245701));
#11776=CARTESIAN_POINT('Ctrl Pts',(-5.67427907355304,6.48376468557021,-1.38251119555673));
#11777=CARTESIAN_POINT('Ctrl Pts',(-5.30987948437125,6.4708413207084,-2.244560241042));
#11778=CARTESIAN_POINT('Ctrl Pts',(-4.94621750264857,6.45794411496039,-3.10486435095397));
#11779=CARTESIAN_POINT('Ctrl Pts',(-4.36919103361735,6.44504690921236,-3.87497903246482));
#11780=CARTESIAN_POINT('Ctrl Pts',(-3.64566992971185,6.43214970346434,-4.46564578462333));
#11781=CARTESIAN_POINT('Ctrl Pts',(-2.92214882580635,6.41925249771632,-5.05631253678184));
#11782=CARTESIAN_POINT('Ctrl Pts',(-2.05213308702658,6.4063552919683,-5.46753135958801));
#11783=CARTESIAN_POINT('Ctrl Pts',(-1.13645497258149,6.39345808622028,-5.65166337389099));
#11784=CARTESIAN_POINT('Ctrl Pts',(-0.220776858136407,6.38056088047227,
-5.83579538819396));
#11785=CARTESIAN_POINT('Ctrl Pts',(0.740563631973984,6.36766367472425,-5.79284059399374));
#11786=CARTESIAN_POINT('Ctrl Pts',(1.63616549896732,6.35476646897623,-5.52774145045782));
#11787=CARTESIAN_POINT('Ctrl Pts',(2.53176736596064,6.34186926322821,-5.26264230692191));
#11788=CARTESIAN_POINT('Ctrl Pts',(3.36163060983691,6.32897205748019,-4.77539881405031));
#11789=CARTESIAN_POINT('Ctrl Pts',(4.02956112984711,6.31607485173217,-4.12254973689218));
#11790=CARTESIAN_POINT('Ctrl Pts',(4.69749164985731,6.30317764598415,-3.46970065973406));
#11791=CARTESIAN_POINT('Ctrl Pts',(5.20348944600145,6.29028044023613,-2.65124599828941));
#11792=CARTESIAN_POINT('Ctrl Pts',(5.48895587623606,6.27738323448811,-1.76189174792844));
#11793=CARTESIAN_POINT('Ctrl Pts',(5.77442230647067,6.26448602874009,-0.872537497567469));
#11794=CARTESIAN_POINT('Ctrl Pts',(5.83935737079576,6.25158882299208,0.0877163417098192));
#11795=CARTESIAN_POINT('Ctrl Pts',(5.67611515624693,6.23869161724406,1.00724394270785));
#11796=CARTESIAN_POINT('Ctrl Pts',(5.5128729416981,6.22579441149604,1.92677154370589));
#11797=CARTESIAN_POINT('Ctrl Pts',(5.12145344827534,6.21289720574802,2.80557290642467));
#11798=CARTESIAN_POINT('Ctrl Pts',(4.54730699959186,6.2,3.54255980527682));
#11799=CARTESIAN_POINT('',(-3.86324117345075,6.2,4.2783905436984));
#11800=CARTESIAN_POINT('Origin',(0.,6.2,0.));
#11801=CARTESIAN_POINT('Ctrl Pts',(-3.86324117345075,6.2,4.2783905436984));
#11802=CARTESIAN_POINT('Ctrl Pts',(-3.29839531579458,6.21049799641294,4.78744064434688));
#11803=CARTESIAN_POINT('Ctrl Pts',(-2.63230642298189,6.22099599282588,5.1847686676951));
#11804=CARTESIAN_POINT('Ctrl Pts',(-1.91523012352886,6.23149398923882,5.43734516988135));
#11805=CARTESIAN_POINT('Ctrl Pts',(-1.03427339533355,6.2443911949889,5.74764543939903));
#11806=CARTESIAN_POINT('Ctrl Pts',(-0.0763608702907709,6.25728840073899,
5.83947080717323));
#11807=CARTESIAN_POINT('Ctrl Pts',(0.84749853686257,6.27018560648906,5.70216167534428));
#11808=CARTESIAN_POINT('Ctrl Pts',(1.77135794401591,6.28308281223914,5.56485254351534));
#11809=CARTESIAN_POINT('Ctrl Pts',(2.66116423327981,6.29598001798922,5.19840891208324));
#11810=CARTESIAN_POINT('Ctrl Pts',(3.41379418127041,6.3088772237393,4.64530732946605));
#11811=CARTESIAN_POINT('Ctrl Pts',(4.16642412926102,6.32177442948938,4.09220574684885));
#11812=CARTESIAN_POINT('Ctrl Pts',(4.78187773597831,6.33467163523946,3.35244621304654));
#11813=CARTESIAN_POINT('Ctrl Pts',(5.18883048357715,6.34756884098954,2.51175596865161));
#11814=CARTESIAN_POINT('Ctrl Pts',(5.59578323117599,6.36046604673962,1.67106572425668));
#11815=CARTESIAN_POINT('Ctrl Pts',(5.79423511965637,6.37336325248969,0.729444769269127));
#11816=CARTESIAN_POINT('Ctrl Pts',(5.76118669790529,6.38626045823977,-0.203978984183876));
#11817=CARTESIAN_POINT('Ctrl Pts',(5.7281382761542,6.39915766398985,-1.13740273763688));
#11818=CARTESIAN_POINT('Ctrl Pts',(5.46358954417165,6.41205486973993,-2.06262928955533));
#11819=CARTESIAN_POINT('Ctrl Pts',(4.99819970141647,6.42495207549001,-2.87243404039177));
#11820=CARTESIAN_POINT('Ctrl Pts',(4.53280985866129,6.43784928124009,-3.68223879122822));
#11821=CARTESIAN_POINT('Ctrl Pts',(3.86657890513349,6.45074648699017,-4.37662174098264));
#11822=CARTESIAN_POINT('Ctrl Pts',(3.07671706602459,6.46364369274025,-4.87510938494176));
#11823=CARTESIAN_POINT('Ctrl Pts',(2.2868552269157,6.47654089849033,-5.37359702890087));
#11824=CARTESIAN_POINT('Ctrl Pts',(1.37336250222571,6.48943810424041,-5.67618936706467));
#11825=CARTESIAN_POINT('Ctrl Pts',(0.442104832819482,6.50233530999049,-5.74781885659379));
#11826=CARTESIAN_POINT('Ctrl Pts',(-0.48915283658675,6.51523251574057,-5.81944834612291));
#11827=CARTESIAN_POINT('Ctrl Pts',(-1.43817545070922,6.52812972149064,-5.66011498701734));
#11828=CARTESIAN_POINT('Ctrl Pts',(-2.29497957632015,6.54102692724072,-5.28828399115269));
#11829=CARTESIAN_POINT('Ctrl Pts',(-3.15178370193109,6.5539241329908,-4.91645299528804));
#11830=CARTESIAN_POINT('Ctrl Pts',(-3.91636933903049,6.56682133874089,-4.3321243626643));
#11831=CARTESIAN_POINT('Ctrl Pts',(-4.50012764019398,6.57971854449097,-3.60301677174143));
#11832=CARTESIAN_POINT('Ctrl Pts',(-5.08388594135747,6.59261575024105,-2.87390918081855));
#11833=CARTESIAN_POINT('Ctrl Pts',(-5.48681690658506,6.60551295599112,-2.00002263159655));
#11834=CARTESIAN_POINT('Ctrl Pts',(-5.66222434920219,6.6184101617412,-1.08263294337986));
#11835=CARTESIAN_POINT('Ctrl Pts',(-5.76186295929464,6.62573630272952,-0.561518034666562));
#11836=CARTESIAN_POINT('Ctrl Pts',(-5.78808643620134,6.63306244371785,-0.0263659455041839));
#11837=CARTESIAN_POINT('Ctrl Pts',(-5.74200181452376,6.64038858470617,0.502412299268835));
#11838=CARTESIAN_POINT('Origin',(0.,5.09581714392473,0.));
#11839=CARTESIAN_POINT('',(-6.02463353162692,7.80418285607527,0.527018602408153));
#11840=CARTESIAN_POINT('',(-6.02502062615788,7.84581714392473,0.52725907675361));
#11841=CARTESIAN_POINT('',(-6.02503534379378,5.09581714392473,0.527122289924998));
#11842=CARTESIAN_POINT('',(5.27400499822355,8.04816982532187,2.96036823405688));
#11843=CARTESIAN_POINT('Ctrl Pts',(-6.02502062615788,7.84581714392473,0.52725907675361));
#11844=CARTESIAN_POINT('Ctrl Pts',(-6.00559474518793,7.84878200898368,0.751751758435587));
#11845=CARTESIAN_POINT('Ctrl Pts',(-5.83464359215616,7.86464407979065,1.94680181115216));
#11846=CARTESIAN_POINT('Ctrl Pts',(-4.87133834662245,7.89340335634565,3.98173730621916));
#11847=CARTESIAN_POINT('Ctrl Pts',(-2.4460990721497,7.9320949735897,5.79654410939835));
#11848=CARTESIAN_POINT('Ctrl Pts',(0.545793550727947,7.97078659083374,6.2678507593543));
#11849=CARTESIAN_POINT('Ctrl Pts',(3.41181964307301,8.00947820807782,5.28630570347696));
#11850=CARTESIAN_POINT('Ctrl Pts',(4.79421495887195,8.03527261957385,3.81513185316602));
#11851=CARTESIAN_POINT('Ctrl Pts',(5.27400499822355,8.04816982532187,2.96036823405688));
#11852=CARTESIAN_POINT('',(6.04750653411908,8.04816982532187,-0.0709154509091314));
#11853=CARTESIAN_POINT('Origin',(0.,8.04816982532187,0.));
#11854=CARTESIAN_POINT('Ctrl Pts',(-6.02463353162692,7.80418285607527,0.527018602408153));
#11855=CARTESIAN_POINT('Ctrl Pts',(-5.97427347933425,7.81174793700575,1.09987271267377));
#11856=CARTESIAN_POINT('Ctrl Pts',(-5.61914166755078,7.83221022368631,2.63037668085163));
#11857=CARTESIAN_POINT('Ctrl Pts',(-4.11116023878798,7.86556971611696,4.76257783267886));
#11858=CARTESIAN_POINT('Ctrl Pts',(-1.40924570705142,7.9042613333672,6.1317056154334));
#11859=CARTESIAN_POINT('Ctrl Pts',(1.6192986004207,7.94295295061743,6.07960675772572));
#11860=CARTESIAN_POINT('Ctrl Pts',(4.27253540108215,7.98164456786767,4.61836853249224));
#11861=CARTESIAN_POINT('Ctrl Pts',(5.77988462379415,8.01671685943582,2.32348081793987));
#11862=CARTESIAN_POINT('Ctrl Pts',(6.05513681488853,8.03889194525388,0.634214374005263));
#11863=CARTESIAN_POINT('Ctrl Pts',(6.04750653411908,8.04816982532187,-0.0709154509091319));
#11864=CARTESIAN_POINT('Origin',(0.,5.09581714392473,0.));
#11865=CARTESIAN_POINT('',(-6.02457355415945,7.30418285607527,0.527074228387592));
#11866=CARTESIAN_POINT('',(-6.02524538872659,7.34581714392473,0.527258334885247));
#11867=CARTESIAN_POINT('',(-6.02503534379378,5.09581714392473,0.527122289924998));
#11868=CARTESIAN_POINT('Ctrl Pts',(-6.02524538872659,7.34581714392473,0.527258334885246));
#11869=CARTESIAN_POINT('Ctrl Pts',(-6.01234436623131,7.3477850009261,0.676243592641196));
#11870=CARTESIAN_POINT('Ctrl Pts',(-5.8729606090646,7.36265006367549,1.79792683532977));
#11871=CARTESIAN_POINT('Ctrl Pts',(-5.01748517197116,7.39041233217289,3.79586937717537));
#11872=CARTESIAN_POINT('Ctrl Pts',(-2.66226347352628,7.42910394941697,5.70053813994796));
#11873=CARTESIAN_POINT('Ctrl Pts',(0.310024648057499,7.46779556666101,6.28392127010698));
#11874=CARTESIAN_POINT('Ctrl Pts',(3.21045437118839,7.50648718390508,5.41080071518754));
#11875=CARTESIAN_POINT('Ctrl Pts',(5.3667567405195,7.54517880114912,3.28355061110859));
#11876=CARTESIAN_POINT('Ctrl Pts',(6.27913790584748,7.58387041839319,0.395230602611404));
#11877=CARTESIAN_POINT('Ctrl Pts',(5.73612467960886,7.62256203563724,-2.58469706283277));
#11878=CARTESIAN_POINT('Ctrl Pts',(3.86357627998844,7.6612536528813,-4.96553673824861));
#11879=CARTESIAN_POINT('Ctrl Pts',(1.09552048137402,7.69994527012535,-6.19545163130863));
#11880=CARTESIAN_POINT('Ctrl Pts',(-1.92646273346876,7.73863688736942,-5.98936795442905));
#11881=CARTESIAN_POINT('Ctrl Pts',(-4.50191575044059,7.77732850461347,-4.39505411939645));
#11882=CARTESIAN_POINT('Ctrl Pts',(-5.91652748549859,7.81305525679858,-1.98227100222136));
#11883=CARTESIAN_POINT('Ctrl Pts',(-6.09009760745131,7.83588480323566,-0.224794643174181));
#11884=CARTESIAN_POINT('Ctrl Pts',(-6.02502062615788,7.84581714392473,0.52725907675361));
#11885=CARTESIAN_POINT('Ctrl Pts',(-6.02457355415945,7.30418285607526,0.527074228387592));
#11886=CARTESIAN_POINT('Ctrl Pts',(-5.98103472991726,7.31075092892138,1.02446058578985));
#11887=CARTESIAN_POINT('Ctrl Pts',(-5.67137384760205,7.33021620751758,2.48273884350354));
#11888=CARTESIAN_POINT('Ctrl Pts',(-4.28722120156536,7.36257869186386,4.60472760075278));
#11889=CARTESIAN_POINT('Ctrl Pts',(-1.63866640969129,7.40127030911411,6.07441802200702));
#11890=CARTESIAN_POINT('Ctrl Pts',(1.38970276633177,7.43996192636434,6.13616395920509));
#11891=CARTESIAN_POINT('Ctrl Pts',(4.09596300104239,7.47865354361458,4.77565377622602));
#11892=CARTESIAN_POINT('Ctrl Pts',(5.85285023097388,7.51734516086481,2.30823008179951));
#11893=CARTESIAN_POINT('Ctrl Pts',(6.25314852937476,7.55603677811506,-0.694201217304024));
#11894=CARTESIAN_POINT('Ctrl Pts',(5.20407573647361,7.59472839536529,-3.53572873638475));
#11895=CARTESIAN_POINT('Ctrl Pts',(2.94878863393295,7.63342001261554,-5.55773582356307));
#11896=CARTESIAN_POINT('Ctrl Pts',(0.0100236645574121,7.67211162986576,
-6.29155634613419));
#11897=CARTESIAN_POINT('Ctrl Pts',(-2.93106475468429,7.71080324711602,-5.56710355666279));
#11898=CARTESIAN_POINT('Ctrl Pts',(-5.19278304739626,7.74949486436623,-3.5522928338079));
#11899=CARTESIAN_POINT('Ctrl Pts',(-6.04401842794831,7.780621400686,-1.26904871041986));
#11900=CARTESIAN_POINT('Ctrl Pts',(-6.06012899918548,7.79885073125567,0.123251656961964));
#11901=CARTESIAN_POINT('Ctrl Pts',(-6.02463353162692,7.80418285607527,0.527018602408153));
#11902=CARTESIAN_POINT('Origin',(0.,5.09581714392473,0.));
#11903=CARTESIAN_POINT('',(-6.02460191944112,6.80418285607527,0.527139175551949));
#11904=CARTESIAN_POINT('',(-6.02542508243024,6.84581714392473,0.527223793688723));
#11905=CARTESIAN_POINT('',(-6.02503534379378,5.09581714392473,0.527122289924998));
#11906=CARTESIAN_POINT('Ctrl Pts',(-6.02542508243024,6.84581714392473,0.527223793688723));
#11907=CARTESIAN_POINT('Ctrl Pts',(-6.01903833852937,6.84678799286852,0.600718004128524));
#11908=CARTESIAN_POINT('Ctrl Pts',(-5.90836996543881,6.86065604756033,1.64882057352781));
#11909=CARTESIAN_POINT('Ctrl Pts',(-5.1565805782932,6.88742130800016,3.60464402777448));
#11910=CARTESIAN_POINT('Ctrl Pts',(-2.87459494977675,6.92611292524421,5.59647082573687));
#11911=CARTESIAN_POINT('Ctrl Pts',(0.073671808611877,6.96480454248827,6.29113298954717));
#11912=CARTESIAN_POINT('Ctrl Pts',(3.00486272271503,7.00349615973234,5.52761990786661));
#11913=CARTESIAN_POINT('Ctrl Pts',(5.23957870196793,7.04218777697638,3.48290063792962));
#11914=CARTESIAN_POINT('Ctrl Pts',(6.25985143655362,7.08087939422044,0.63090555591406));
#11915=CARTESIAN_POINT('Ctrl Pts',(5.82919944553247,7.1195710114645,-2.36732246467541));
#11916=CARTESIAN_POINT('Ctrl Pts',(4.04744037308236,7.15826262870856,-4.81684629762553));
#11917=CARTESIAN_POINT('Ctrl Pts',(1.32755499303886,7.19695424595262,-6.14990890728135));
#11918=CARTESIAN_POINT('Ctrl Pts',(-1.70003455214841,7.23564586319667,-6.05752955823978));
#11919=CARTESIAN_POINT('Ctrl Pts',(-4.33358564712773,7.27433748044073,-4.56112017723032));
#11920=CARTESIAN_POINT('Ctrl Pts',(-5.87983078484915,7.31106124068342,-2.13739851156885));
#11921=CARTESIAN_POINT('Ctrl Pts',(-6.09689682170224,7.33488779517809,-0.300196017229945));
#11922=CARTESIAN_POINT('Ctrl Pts',(-6.02524538872659,7.34581714392473,0.527258334885246));
#11923=CARTESIAN_POINT('Ctrl Pts',(-6.02460191944112,6.80418285607527,0.527139175551949));
#11924=CARTESIAN_POINT('Ctrl Pts',(-5.9878327354479,6.80975392083703,0.949031422160779));
#11925=CARTESIAN_POINT('Ctrl Pts',(-5.72050766031232,6.82822219134886,2.33479889659095));
#11926=CARTESIAN_POINT('Ctrl Pts',(-4.45722722436096,6.85958766761076,4.44037243155837));
#11927=CARTESIAN_POINT('Ctrl Pts',(-1.86577030959296,6.89827928486101,6.00855083098883));
#11928=CARTESIAN_POINT('Ctrl Pts',(1.15813972616102,6.93697090211125,6.18405160642905));
#11929=CARTESIAN_POINT('Ctrl Pts',(3.91361310817225,6.97566251936149,4.92619674318231));
#11930=CARTESIAN_POINT('Ctrl Pts',(5.76197901642485,7.01435413661173,2.52653512198306));
#11931=CARTESIAN_POINT('Ctrl Pts',(6.27481836910612,7.05304575386196,-0.45873341170482));
#11932=CARTESIAN_POINT('Ctrl Pts',(5.33326392121415,7.0917373711122,-3.33767551690743));
#11933=CARTESIAN_POINT('Ctrl Pts',(3.15555162319322,7.13042898836243,-5.44300246755419));
#11934=CARTESIAN_POINT('Ctrl Pts',(0.246437322996697,7.16912060561268,-6.28673608122075));
#11935=CARTESIAN_POINT('Ctrl Pts',(-2.71979686398622,7.20781222286291,-5.67331357562245));
#11936=CARTESIAN_POINT('Ctrl Pts',(-5.05562942571451,7.24650384011315,-3.74491562240569));
#11937=CARTESIAN_POINT('Ctrl Pts',(-6.02205650837283,7.27862738451727,-1.42321331174975));
#11938=CARTESIAN_POINT('Ctrl Pts',(-6.06652847938135,7.29785372317131,0.0477822908027688));
#11939=CARTESIAN_POINT('Ctrl Pts',(-6.02457355415945,7.30418285607526,0.527074228387592));
#11940=CARTESIAN_POINT('Origin',(0.,5.09581714392473,0.));
#11941=CARTESIAN_POINT('',(-6.02471853015234,6.30418285607527,0.527214667959874));
#11942=CARTESIAN_POINT('',(-6.02550228978518,6.34581714392473,0.527160666151887));
#11943=CARTESIAN_POINT('',(-6.02503534379378,5.09581714392473,0.527122289924998));
#11944=CARTESIAN_POINT('',(-2.19755845835653,6.20183017435673,-5.63468238896143));
#11945=CARTESIAN_POINT('Ctrl Pts',(-2.19755848106423,6.20183017435673,-5.63468238011715));
#11946=CARTESIAN_POINT('Ctrl Pts',(-3.11077746856068,6.21472738010681,-5.2785217315377));
#11947=CARTESIAN_POINT('Ctrl Pts',(-4.7600261144739,6.24052179160696,-4.11432735883917));
#11948=CARTESIAN_POINT('Ctrl Pts',(-5.96883122311047,6.27463935217982,-1.73216843307487));
#11949=CARTESIAN_POINT('Ctrl Pts',(-6.07944666271746,6.29585970700258,-0.103051100110498));
#11950=CARTESIAN_POINT('Ctrl Pts',(-6.02471853015234,6.30418285607527,0.527214667959874));
#11951=CARTESIAN_POINT('',(-0.527122289924974,6.20183017467813,-6.02503534379378));
#11952=CARTESIAN_POINT('Origin',(0.,6.20183017467813,0.));
#11953=CARTESIAN_POINT('',(0.911875559522025,6.20183017435673,-5.9787830920884));
#11954=CARTESIAN_POINT('Origin',(0.,6.20183017467813,0.));
#11955=CARTESIAN_POINT('Ctrl Pts',(0.911875559522025,6.20183017435673,-5.9787830920884));
#11956=CARTESIAN_POINT('Ctrl Pts',(0.214669935026074,6.21110805452155,-6.0844742209993));
#11957=CARTESIAN_POINT('Ctrl Pts',(-1.49646437375936,6.23328314043439,-6.04700119778085));
#11958=CARTESIAN_POINT('Ctrl Pts',(-3.97880088732384,6.26835543209523,-4.87370805672982));
#11959=CARTESIAN_POINT('Ctrl Pts',(-5.79507762417582,6.30704704933932,-2.44965741814349));
#11960=CARTESIAN_POINT('Ctrl Pts',(-6.11078663564354,6.33286761994913,-0.453088037150556));
#11961=CARTESIAN_POINT('Ctrl Pts',(-6.02567556506995,6.34579098481094,0.525180569272171));
#11962=CARTESIAN_POINT('Ctrl Pts',(-6.02550228978518,6.34581714392473,0.527160666151887));
#11963=CARTESIAN_POINT('Origin',(0.,7.125,0.));
#11964=CARTESIAN_POINT('',(-7.13011065940993,6.8844258865234,-3.35654024185657));
#11965=CARTESIAN_POINT('',(-7.13011065940993,7.3655741134766,-3.35654024185657));
#11966=CARTESIAN_POINT('',(-7.13011065940993,7.125,-3.35654024185657));
#11967=CARTESIAN_POINT('',(-7.17260299385961,6.8844258865234,-3.264752165649));
#11968=CARTESIAN_POINT('Origin',(0.,6.8844258865234,0.));
#11969=CARTESIAN_POINT('',(-7.17260299385961,7.3655741134766,-3.264752165649));
#11970=CARTESIAN_POINT('',(-7.17260299385961,7.125,-3.264752165649));
#11971=CARTESIAN_POINT('Origin',(0.,7.3655741134766,0.));
#11972=CARTESIAN_POINT('Origin',(0.,7.125,0.));
#11973=CARTESIAN_POINT('',(0.658206211432419,6.8844258865234,7.8531270837715));
#11974=CARTESIAN_POINT('',(0.658206211432419,7.3655741134766,7.8531270837715));
#11975=CARTESIAN_POINT('',(0.658206211432419,7.125,7.8531270837715));
#11976=CARTESIAN_POINT('',(0.758943184417515,6.8844258865234,7.84403248676724));
#11977=CARTESIAN_POINT('Origin',(0.,6.8844258865234,0.));
#11978=CARTESIAN_POINT('',(0.758943184417515,7.3655741134766,7.84403248676724));
#11979=CARTESIAN_POINT('',(0.758943184417515,7.125,7.84403248676724));
#11980=CARTESIAN_POINT('Origin',(0.,7.3655741134766,0.));
#11981=CARTESIAN_POINT('Origin',(0.,7.125,0.));
#11982=CARTESIAN_POINT('',(-6.4136598094421,7.3655741134766,4.57928032111825));
#11983=CARTESIAN_POINT('',(-6.4136598094421,6.8844258865234,4.57928032111825));
#11984=CARTESIAN_POINT('',(-6.4136598094421,7.125,4.57928032111825));
#11985=CARTESIAN_POINT('',(-6.47190444797751,7.3655741134766,4.49658684191494));
#11986=CARTESIAN_POINT('Origin',(0.,7.3655741134766,0.));
#11987=CARTESIAN_POINT('',(-6.47190444797751,6.8844258865234,4.49658684191494));
#11988=CARTESIAN_POINT('',(-6.47190444797751,7.125,4.49658684191494));
#11989=CARTESIAN_POINT('Origin',(0.,6.8844258865234,0.));
#11990=CARTESIAN_POINT('Origin',(0.,7.125,0.));
#11991=CARTESIAN_POINT('',(-0.658206211432415,6.8844258865234,-7.8531270837715));
#11992=CARTESIAN_POINT('',(-0.658206211432415,7.3655741134766,-7.8531270837715));
#11993=CARTESIAN_POINT('',(-0.658206211432415,7.125,-7.8531270837715));
#11994=CARTESIAN_POINT('',(-0.686844987845056,6.8844258865234,-7.85067413495846));
#11995=CARTESIAN_POINT('Origin',(0.,6.8844258865234,0.));
#11996=CARTESIAN_POINT('',(-0.758943184417516,6.8844258865234,-7.84403248676724));
#11997=CARTESIAN_POINT('Origin',(0.,6.8844258865234,0.));
#11998=CARTESIAN_POINT('',(-0.758943184417516,7.3655741134766,-7.84403248676724));
#11999=CARTESIAN_POINT('',(-0.758943184417516,7.125,-7.84403248676724));
#12000=CARTESIAN_POINT('',(-0.686844987845056,7.3655741134766,-7.85067413495846));
#12001=CARTESIAN_POINT('Origin',(0.,7.3655741134766,0.));
#12002=CARTESIAN_POINT('Origin',(0.,7.3655741134766,0.));
#12003=CARTESIAN_POINT('Origin',(0.,7.125,0.));
#12004=CARTESIAN_POINT('',(7.17260299385961,7.3655741134766,3.26475216564899));
#12005=CARTESIAN_POINT('',(7.17260299385961,6.8844258865234,3.26475216564899));
#12006=CARTESIAN_POINT('',(7.17260299385961,7.125,3.26475216564899));
#12007=CARTESIAN_POINT('',(7.13011065940993,7.3655741134766,3.35654024185657));
#12008=CARTESIAN_POINT('Origin',(0.,7.3655741134766,0.));
#12009=CARTESIAN_POINT('',(7.13011065940993,6.8844258865234,3.35654024185657));
#12010=CARTESIAN_POINT('',(7.13011065940993,7.125,3.35654024185657));
#12011=CARTESIAN_POINT('Origin',(0.,6.8844258865234,0.));
#12012=CARTESIAN_POINT('Origin',(0.,4.96137936404759,0.));
#12013=CARTESIAN_POINT('',(6.41365980944209,7.3655741134766,-4.57928032111825));
#12014=CARTESIAN_POINT('Ctrl Pts',(-0.658206211432416,7.3655741134766,-7.8531270837715));
#12015=CARTESIAN_POINT('Ctrl Pts',(0.407829650405466,7.83399349505812,-7.35961687800001));
#12016=CARTESIAN_POINT('Ctrl Pts',(1.7474332722216,7.91343609485773,-6.73946132533882));
#12017=CARTESIAN_POINT('Ctrl Pts',(4.00802032578809,7.91343609485773,-5.69294607955093));
#12018=CARTESIAN_POINT('Ctrl Pts',(5.34762394760421,7.83399349505812,-5.07279052688974));
#12019=CARTESIAN_POINT('Ctrl Pts',(6.4136598094421,7.3655741134766,-4.57928032111825));
#12020=CARTESIAN_POINT('',(-0.517856654321055,8.05,-5.91912864422265));
#12021=CARTESIAN_POINT('Origin',(-0.517856654321054,4.96137936404759,-5.91912864422265));
#12022=CARTESIAN_POINT('',(4.11388031042237,8.05000000000007,-4.28698724802027));
#12023=CARTESIAN_POINT('Origin',(0.,8.05,0.));
#12024=CARTESIAN_POINT('Ctrl Pts',(6.04750653411908,8.04816982532187,-0.0709154509091316));
#12025=CARTESIAN_POINT('Ctrl Pts',(6.04199314594324,8.04829615784099,-0.241428241797367));
#12026=CARTESIAN_POINT('Ctrl Pts',(6.02929422272845,8.04841630635752,-0.411487312859663));
#12027=CARTESIAN_POINT('Ctrl Pts',(6.00937112436432,8.04853022583496,-0.580633425508283));
#12028=CARTESIAN_POINT('Ctrl Pts',(5.99717330953088,8.04859997245098,-0.684192265813868));
#12029=CARTESIAN_POINT('Ctrl Pts',(5.98226655058229,8.04866738415043,-0.787408909710751));
#12030=CARTESIAN_POINT('Ctrl Pts',(5.96463238454295,8.04873245059758,-0.890176784001148));
#12031=CARTESIAN_POINT('Ctrl Pts',(5.93603511084905,8.048837968658,-1.05683513469754));
#12032=CARTESIAN_POINT('Ctrl Pts',(5.90026733705735,8.04893731893691,-1.2223143794479));
#12033=CARTESIAN_POINT('Ctrl Pts',(5.8574992878513,8.04903045735355,-1.38619061051084));
#12034=CARTESIAN_POINT('Ctrl Pts',(5.81456257103495,8.04912396308724,-1.55071313273721));
#12035=CARTESIAN_POINT('Ctrl Pts',(5.76467057250877,8.04921099042415,-1.71323645966974));
#12036=CARTESIAN_POINT('Ctrl Pts',(5.70804315674189,8.04929145148047,-1.87334497946261));
#12037=CARTESIAN_POINT('Ctrl Pts',(5.65133660625275,8.04937202497814,-2.03367724499903));
#12038=CARTESIAN_POINT('Ctrl Pts',(5.58787548767217,8.04944601383012,-2.19158863619217));
#12039=CARTESIAN_POINT('Ctrl Pts',(5.51783219060536,8.04951332978365,-2.34664300148794));
#12040=CARTESIAN_POINT('Ctrl Pts',(5.47868179133241,8.049550955746,-2.43330997127028));
#12041=CARTESIAN_POINT('Ctrl Pts',(5.43747414695992,8.04958649695949,-2.51908395365765));
#12042=CARTESIAN_POINT('Ctrl Pts',(5.39423333294003,8.04961993801289,-2.60388501240792));
#12043=CARTESIAN_POINT('Ctrl Pts',(5.31719369746713,8.04967951798664,-2.75497011110268));
#12044=CARTESIAN_POINT('Ctrl Pts',(5.23395634594058,8.04973230751427,-2.90247153240348));
#12045=CARTESIAN_POINT('Ctrl Pts',(5.14474332134689,8.04977815411526,-3.04598937348119));
#12046=CARTESIAN_POINT('Ctrl Pts',(5.05555626208701,8.04982398737266,-3.18946544387947));
#12047=CARTESIAN_POINT('Ctrl Pts',(4.96039666864569,8.04986288174427,-3.32896091874237));
#12048=CARTESIAN_POINT('Ctrl Pts',(4.85943994843169,8.04989468488267,-3.46405340109606));
#12049=CARTESIAN_POINT('Ctrl Pts',(4.84149537786035,8.04990033773728,-3.48806543890905));
#12050=CARTESIAN_POINT('Ctrl Pts',(4.82336754568934,8.04990576655608,-3.51193829830775));
#12051=CARTESIAN_POINT('Ctrl Pts',(4.80505729574353,8.04991097048355,-3.53566950686916));
#12052=CARTESIAN_POINT('Ctrl Pts',(4.70111092600041,8.04994051291857,-3.67039038653363));
#12053=CARTESIAN_POINT('Ctrl Pts',(4.59128868458179,8.04996280761009,-3.80054928304123));
#12054=CARTESIAN_POINT('Ctrl Pts',(4.47596459701013,8.04997769803667,-3.92585200558704));
#12055=CARTESIAN_POINT('Ctrl Pts',(4.36064050943847,8.04999258846325,-4.05115472813286));
#12056=CARTESIAN_POINT('Ctrl Pts',(4.23981395474687,8.05000007462488,-4.17160176208519));
#12057=CARTESIAN_POINT('Ctrl Pts',(4.11382671429315,8.05000000000013,-4.28685621155342));
#12058=CARTESIAN_POINT('',(1.81811821723097,8.05,5.65629928771532));
#12059=CARTESIAN_POINT('Ctrl Pts',(1.81811401315394,8.05,5.65628374233527));
#12060=CARTESIAN_POINT('Ctrl Pts',(1.98019968275373,8.05000008147685,5.60826820666143));
#12061=CARTESIAN_POINT('Ctrl Pts',(2.14000312471881,8.04999274748109,5.55349758680804));
#12062=CARTESIAN_POINT('Ctrl Pts',(2.29709866240544,8.04997786126002,5.49216997230241));
#12063=CARTESIAN_POINT('Ctrl Pts',(2.46113281892597,8.04996231754215,5.42813363069151));
#12064=CARTESIAN_POINT('Ctrl Pts',(2.62221549795598,8.0499385397303,5.35694844277621));
#12065=CARTESIAN_POINT('Ctrl Pts',(2.77984998906646,8.04990637213933,5.27878088280927));
#12066=CARTESIAN_POINT('Ctrl Pts',(2.93748448017694,8.04987420454836,5.20061332284232));
#12067=CARTESIAN_POINT('Ctrl Pts',(3.09167167745134,8.04983364717826,5.11546313605992));
#12068=CARTESIAN_POINT('Ctrl Pts',(3.24188934197299,8.04978454434388,5.0234403835085));
#12069=CARTESIAN_POINT('Ctrl Pts',(3.38588429993336,8.04973747557473,4.93522963660843));
#12070=CARTESIAN_POINT('Ctrl Pts',(3.52623209147309,8.04968255466218,4.84070302299295));
#12071=CARTESIAN_POINT('Ctrl Pts',(3.66260669285473,8.04961964447826,4.74016037173309));
#12072=CARTESIAN_POINT('Ctrl Pts',(3.67030949929266,8.04961609114087,4.73448145077887));
#12073=CARTESIAN_POINT('Ctrl Pts',(3.67799962049059,8.04961251231534,4.72878332693078));
#12074=CARTESIAN_POINT('Ctrl Pts',(3.68567699416352,8.04960890797696,4.72306605072539));
#12075=CARTESIAN_POINT('Ctrl Pts',(3.82027126352249,8.04954571927322,4.62283481979032));
#12076=CARTESIAN_POINT('Ctrl Pts',(3.95038989275404,8.04947495997697,4.51713780107171));
#12077=CARTESIAN_POINT('Ctrl Pts',(4.07578533913629,8.04939641463065,4.40636812962491));
#12078=CARTESIAN_POINT('Ctrl Pts',(4.20334685380145,8.04931651249995,4.29368503405505));
#12079=CARTESIAN_POINT('Ctrl Pts',(4.32602117748714,8.04922855300505,4.17575213793393));
#12080=CARTESIAN_POINT('Ctrl Pts',(4.44352258121641,8.04913230932903,4.05293573704994));
#12081=CARTESIAN_POINT('Ctrl Pts',(4.56111573648409,8.04903599050068,3.93002343438635));
#12082=CARTESIAN_POINT('Ctrl Pts',(4.67352842227178,8.04893137454867,3.80221948155544));
#12083=CARTESIAN_POINT('Ctrl Pts',(4.78044100386864,8.04881823412435,3.66985080237063));
#12084=CARTESIAN_POINT('Ctrl Pts',(4.88601452478915,8.04870651076331,3.53914001686334));
#12085=CARTESIAN_POINT('Ctrl Pts',(4.98622529057277,8.04858647512766,3.40397757589072));
#12086=CARTESIAN_POINT('Ctrl Pts',(5.08072605891704,8.04845790830469,3.2646471602021));
#12087=CARTESIAN_POINT('Ctrl Pts',(5.14810247351597,8.04836624374238,3.16530845620896));
#12088=CARTESIAN_POINT('Ctrl Pts',(5.21257553245537,8.04827024252789,3.06385038913114));
#12089=CARTESIAN_POINT('Ctrl Pts',(5.27400499822353,8.04816982532187,2.96036823405692));
#12090=CARTESIAN_POINT('Origin',(0.,8.05,0.));
#12091=CARTESIAN_POINT('Ctrl Pts',(-7.13011065940993,7.3655741134766,-3.35654024185657));
#12092=CARTESIAN_POINT('Ctrl Pts',(-6.16970035326599,7.83399349505812,-4.03299927666767));
#12093=CARTESIAN_POINT('Ctrl Pts',(-4.96282807945536,7.91343609485773,-4.88305226783148));
#12094=CARTESIAN_POINT('Ctrl Pts',(-2.92622576437209,7.91343609485773,-6.31752046079233));
#12095=CARTESIAN_POINT('Ctrl Pts',(-1.71935349056146,7.83399349505812,-7.16757345195614));
#12096=CARTESIAN_POINT('Ctrl Pts',(-0.758943184417514,7.3655741134766,-7.84403248676724));
#12097=CARTESIAN_POINT('Ctrl Pts',(-6.47190444797751,7.3655741134766,4.49658684191494));
#12098=CARTESIAN_POINT('Ctrl Pts',(-6.57753000367146,7.83399349505812,3.32661760133234));
#12099=CARTESIAN_POINT('Ctrl Pts',(-6.71026135167696,7.91343609485773,1.85640905750734));
#12100=CARTESIAN_POINT('Ctrl Pts',(-6.93424609016017,7.91343609485773,-0.6245743812414));
#12101=CARTESIAN_POINT('Ctrl Pts',(-7.06697743816567,7.83399349505812,-2.0947829250664));
#12102=CARTESIAN_POINT('Ctrl Pts',(-7.17260299385961,7.3655741134766,-3.264752165649));
#12103=CARTESIAN_POINT('Ctrl Pts',(0.658206211432419,7.3655741134766,7.8531270837715));
#12104=CARTESIAN_POINT('Ctrl Pts',(-0.407829650405464,7.83399349505812,
7.35961687800001));
#12105=CARTESIAN_POINT('Ctrl Pts',(-1.74743327222159,7.91343609485773,6.73946132533882));
#12106=CARTESIAN_POINT('Ctrl Pts',(-4.00802032578809,7.91343609485773,5.69294607955093));
#12107=CARTESIAN_POINT('Ctrl Pts',(-5.34762394760421,7.83399349505812,5.07279052688974));
#12108=CARTESIAN_POINT('Ctrl Pts',(-6.4136598094421,7.3655741134766,4.57928032111825));
#12109=CARTESIAN_POINT('Ctrl Pts',(7.13011065940993,7.3655741134766,3.35654024185657));
#12110=CARTESIAN_POINT('Ctrl Pts',(6.16970035326599,7.83399349505812,4.03299927666766));
#12111=CARTESIAN_POINT('Ctrl Pts',(4.96282807945536,7.91343609485773,4.88305226783148));
#12112=CARTESIAN_POINT('Ctrl Pts',(2.92622576437209,7.91343609485773,6.31752046079233));
#12113=CARTESIAN_POINT('Ctrl Pts',(1.71935349056146,7.83399349505812,7.16757345195615));
#12114=CARTESIAN_POINT('Ctrl Pts',(0.758943184417515,7.3655741134766,7.84403248676724));
#12115=CARTESIAN_POINT('',(6.47190444797752,7.3655741134766,-4.49658684191493));
#12116=CARTESIAN_POINT('Ctrl Pts',(6.47190444797752,7.3655741134766,-4.49658684191493));
#12117=CARTESIAN_POINT('Ctrl Pts',(6.57753000367146,7.83399349505812,-3.32661760133234));
#12118=CARTESIAN_POINT('Ctrl Pts',(6.71026135167696,7.91343609485773,-1.85640905750734));
#12119=CARTESIAN_POINT('Ctrl Pts',(6.93424609016017,7.91343609485773,0.624574381241399));
#12120=CARTESIAN_POINT('Ctrl Pts',(7.06697743816567,7.83399349505812,2.0947829250664));
#12121=CARTESIAN_POINT('Ctrl Pts',(7.17260299385961,7.3655741134766,3.26475216564899));
#12122=CARTESIAN_POINT('Origin',(0.,7.3655741134766,0.));
#12123=CARTESIAN_POINT('Origin',(0.,9.2886206359524,0.));
#12124=CARTESIAN_POINT('',(4.81780805598796,6.2,-3.47721100157846));
#12125=CARTESIAN_POINT('Ctrl Pts',(0.911875583437152,6.201830174642,-5.97878308740212));
#12126=CARTESIAN_POINT('Ctrl Pts',(1.07996163742659,6.20170384212552,-5.94959256092639));
#12127=CARTESIAN_POINT('Ctrl Pts',(1.24659835428442,6.2015836936115,-5.91334957396507));
#12128=CARTESIAN_POINT('Ctrl Pts',(1.41132558720151,6.20146977413643,-5.87007977593331));
#12129=CARTESIAN_POINT('Ctrl Pts',(1.51217897902539,6.20140002753016,-5.84358806707765));
#12130=CARTESIAN_POINT('Ctrl Pts',(1.61231649287093,6.20133261583986,-5.81446140239668));
#12131=CARTESIAN_POINT('Ctrl Pts',(1.71163002323088,6.20126754940125,-5.78269633067876));
#12132=CARTESIAN_POINT('Ctrl Pts',(1.87268649529777,6.20116203134127,-5.73118300346847));
#12133=CARTESIAN_POINT('Ctrl Pts',(2.03157739623855,6.20106268106275,-5.67273305824575));
#12134=CARTESIAN_POINT('Ctrl Pts',(2.18790663417362,6.20096954264646,-5.60757405991872));
#12135=CARTESIAN_POINT('Ctrl Pts',(2.34485239938664,6.20087603691324,-5.54215808918906));
#12136=CARTESIAN_POINT('Ctrl Pts',(2.49885043752265,6.20078900957675,-5.47013275902772));
#12137=CARTESIAN_POINT('Ctrl Pts',(2.64951978038078,6.20070854852079,-5.39177363647715));
#12138=CARTESIAN_POINT('Ctrl Pts',(2.80039967924479,6.20062797502285,-5.31330500934154));
#12139=CARTESIAN_POINT('Ctrl Pts',(2.94794220933858,6.20055398617063,-5.2284844696341));
#12140=CARTESIAN_POINT('Ctrl Pts',(3.09173945540962,6.20048667021689,-5.13754343013769));
#12141=CARTESIAN_POINT('Ctrl Pts',(3.17211430705591,6.20044904425434,-5.08671232761107));
#12142=CARTESIAN_POINT('Ctrl Pts',(3.2513185485159,6.20041350304068,-5.03396828084261));
#12143=CARTESIAN_POINT('Ctrl Pts',(3.32927637208469,6.20038006198711,-4.97934625601121));
#12144=CARTESIAN_POINT('Ctrl Pts',(3.46816927709381,6.20032048201344,-4.8820293818476));
#12145=CARTESIAN_POINT('Ctrl Pts',(3.60265082499954,6.20026769248587,-4.77907385932175));
#12146=CARTESIAN_POINT('Ctrl Pts',(3.73235590693106,6.20022184588492,-4.67075522651677));
#12147=CARTESIAN_POINT('Ctrl Pts',(3.86202323875571,6.20017601262744,-4.56246811938453));
#12148=CARTESIAN_POINT('Ctrl Pts',(3.98691749706788,6.20013711825576,-4.44882059489039));
#12149=CARTESIAN_POINT('Ctrl Pts',(4.10664480733998,6.20010531511732,-4.33004513997798));
#12150=CARTESIAN_POINT('Ctrl Pts',(4.12792576007516,6.20009966226265,-4.30893337494838));
#12151=CARTESIAN_POINT('Ctrl Pts',(4.1490433837493,6.20009423344379,-4.28765950172792));
#12152=CARTESIAN_POINT('Ctrl Pts',(4.16999534743695,6.20008902951626,-4.26622470002585));
#12153=CARTESIAN_POINT('Ctrl Pts',(4.28893859184378,6.20005948708133,-4.14454040848781));
#12154=CARTESIAN_POINT('Ctrl Pts',(4.40254648563806,6.20003719238988,-4.01767233529479));
#12155=CARTESIAN_POINT('Ctrl Pts',(4.51057975595257,6.20002230196336,-3.88603180887493));
#12156=CARTESIAN_POINT('Ctrl Pts',(4.61861302626708,6.20000741153684,-3.75439128245508));
#12157=CARTESIAN_POINT('Ctrl Pts',(4.72107206732387,6.19999992537524,-3.61797762033524));
#12158=CARTESIAN_POINT('Ctrl Pts',(4.81767082925731,6.2,-3.4771761639728));
#12159=CARTESIAN_POINT('Origin',(-0.517856654321055,9.2886206359524,-5.91912864422265));
#12160=CARTESIAN_POINT('',(6.41365980944209,6.8844258865234,-4.57928032111825));
#12161=CARTESIAN_POINT('Ctrl Pts',(6.41365980944209,6.8844258865234,-4.57928032111825));
#12162=CARTESIAN_POINT('Ctrl Pts',(5.34762394760421,6.41600650494188,-5.07279052688974));
#12163=CARTESIAN_POINT('Ctrl Pts',(4.00802032578809,6.33656390514227,-5.69294607955093));
#12164=CARTESIAN_POINT('Ctrl Pts',(2.87772679900484,6.33656390514227,-6.21620370244487));
#12165=CARTESIAN_POINT('Ctrl Pts',(1.74743327222159,6.33656390514227,-6.73946132533882));
#12166=CARTESIAN_POINT('Ctrl Pts',(0.407829650405467,6.41600650494188,-7.35961687800001));
#12167=CARTESIAN_POINT('Ctrl Pts',(-0.658206211432415,6.8844258865234,-7.8531270837715));
#12168=CARTESIAN_POINT('',(6.47190444797752,6.8844258865234,-4.49658684191493));
#12169=CARTESIAN_POINT('Origin',(0.,6.8844258865234,0.));
#12170=CARTESIAN_POINT('Ctrl Pts',(7.17260299385961,6.8844258865234,3.26475216564899));
#12171=CARTESIAN_POINT('Ctrl Pts',(7.06697743816567,6.41600650494188,2.0947829250664));
#12172=CARTESIAN_POINT('Ctrl Pts',(6.93424609016018,6.33656390514227,0.624574381241399));
#12173=CARTESIAN_POINT('Ctrl Pts',(6.82225372091857,6.33656390514227,-0.61591733813297));
#12174=CARTESIAN_POINT('Ctrl Pts',(6.71026135167696,6.33656390514227,-1.85640905750734));
#12175=CARTESIAN_POINT('Ctrl Pts',(6.57753000367146,6.41600650494188,-3.32661760133234));
#12176=CARTESIAN_POINT('Ctrl Pts',(6.47190444797752,6.8844258865234,-4.49658684191493));
#12177=CARTESIAN_POINT('Ctrl Pts',(0.758943184417515,6.8844258865234,7.84403248676724));
#12178=CARTESIAN_POINT('Ctrl Pts',(1.71935349056146,6.41600650494188,7.16757345195615));
#12179=CARTESIAN_POINT('Ctrl Pts',(2.92622576437209,6.33656390514227,6.31752046079233));
#12180=CARTESIAN_POINT('Ctrl Pts',(3.94452692191372,6.33656390514227,5.6002863643119));
#12181=CARTESIAN_POINT('Ctrl Pts',(4.96282807945536,6.33656390514227,4.88305226783148));
#12182=CARTESIAN_POINT('Ctrl Pts',(6.16970035326599,6.41600650494188,4.03299927666766));
#12183=CARTESIAN_POINT('Ctrl Pts',(7.13011065940993,6.8844258865234,3.35654024185657));
#12184=CARTESIAN_POINT('Ctrl Pts',(-6.4136598094421,6.8844258865234,4.57928032111825));
#12185=CARTESIAN_POINT('Ctrl Pts',(-5.34762394760421,6.41600650494188,5.07279052688974));
#12186=CARTESIAN_POINT('Ctrl Pts',(-4.00802032578809,6.33656390514227,5.69294607955093));
#12187=CARTESIAN_POINT('Ctrl Pts',(-2.87772679900484,6.33656390514227,6.21620370244487));
#12188=CARTESIAN_POINT('Ctrl Pts',(-1.74743327222159,6.33656390514227,6.73946132533882));
#12189=CARTESIAN_POINT('Ctrl Pts',(-0.407829650405465,6.41600650494188,
7.359616878));
#12190=CARTESIAN_POINT('Ctrl Pts',(0.658206211432418,6.8844258865234,7.8531270837715));
#12191=CARTESIAN_POINT('Ctrl Pts',(-7.17260299385961,6.8844258865234,-3.264752165649));
#12192=CARTESIAN_POINT('Ctrl Pts',(-7.06697743816567,6.41600650494188,-2.0947829250664));
#12193=CARTESIAN_POINT('Ctrl Pts',(-6.93424609016017,6.33656390514227,-0.6245743812414));
#12194=CARTESIAN_POINT('Ctrl Pts',(-6.82225372091856,6.33656390514227,0.615917338132971));
#12195=CARTESIAN_POINT('Ctrl Pts',(-6.71026135167696,6.33656390514227,1.85640905750734));
#12196=CARTESIAN_POINT('Ctrl Pts',(-6.57753000367146,6.41600650494188,3.32661760133235));
#12197=CARTESIAN_POINT('Ctrl Pts',(-6.47190444797751,6.8844258865234,4.49658684191494));
#12198=CARTESIAN_POINT('Ctrl Pts',(-0.758943184417515,6.8844258865234,-7.84403248676724));
#12199=CARTESIAN_POINT('Ctrl Pts',(-1.71935349056146,6.41600650494188,-7.16757345195614));
#12200=CARTESIAN_POINT('Ctrl Pts',(-2.92622576437209,6.33656390514227,-6.31752046079233));
#12201=CARTESIAN_POINT('Ctrl Pts',(-3.94452692191372,6.33656390514227,-5.60028636431191));
#12202=CARTESIAN_POINT('Ctrl Pts',(-4.96282807945536,6.33656390514227,-4.88305226783148));
#12203=CARTESIAN_POINT('Ctrl Pts',(-6.16970035326599,6.41600650494189,-4.03299927666766));
#12204=CARTESIAN_POINT('Ctrl Pts',(-7.13011065940993,6.8844258865234,-3.35654024185657));
#12205=CARTESIAN_POINT('',(-5.34821942090093,6.2,-2.58762907841199));
#12206=CARTESIAN_POINT('Ctrl Pts',(-5.3482045949115,6.2,-2.58762274261714));
#12207=CARTESIAN_POINT('Ctrl Pts',(-5.27809837530209,6.19999991852315,-2.74144851773262));
#12208=CARTESIAN_POINT('Ctrl Pts',(-5.20162043668666,6.20000725251851,-2.89207415012429));
#12209=CARTESIAN_POINT('Ctrl Pts',(-5.11902618391336,6.20002213873876,-3.03910567575619));
#12210=CARTESIAN_POINT('Ctrl Pts',(-5.03278389061695,6.20003768245676,-3.19263132108367));
#12211=CARTESIAN_POINT('Ctrl Pts',(-4.9398730894486,6.2000614602693,-3.34223928670433));
#12212=CARTESIAN_POINT('Ctrl Pts',(-4.84052776375052,6.20009362786157,-3.48746086617412));
#12213=CARTESIAN_POINT('Ctrl Pts',(-4.74118243805244,6.20012579545384,-3.63268244564392));
#12214=CARTESIAN_POINT('Ctrl Pts',(-4.63540221110713,6.20016635282584,-3.7735184888872));
#12215=CARTESIAN_POINT('Ctrl Pts',(-4.52336875493879,6.20021545566272,-3.90946715822942));
#12216=CARTESIAN_POINT('Ctrl Pts',(-4.41597624268247,6.20026252443301,-4.03978420492149));
#12217=CARTESIAN_POINT('Ctrl Pts',(-4.30283691800346,6.20031744534684,-4.16561058425636));
#12218=CARTESIAN_POINT('Ctrl Pts',(-4.18429306534337,6.20038035553219,-4.28666517211927));
#12219=CARTESIAN_POINT('Ctrl Pts',(-4.17759739445378,6.20038390886615,-4.2935026559855));
#12220=CARTESIAN_POINT('Ctrl Pts',(-4.17088447303243,6.20038748768819,-4.3003249055754));
#12221=CARTESIAN_POINT('Ctrl Pts',(-4.16415435979223,6.20039109202304,-4.30713186624337));
#12222=CARTESIAN_POINT('Ctrl Pts',(-4.04616665380758,6.20045428073693,-4.42646680835741));
#12223=CARTESIAN_POINT('Ctrl Pts',(-3.92338924071359,6.20052504004577,-4.54060897709148));
#12224=CARTESIAN_POINT('Ctrl Pts',(-3.79624588063593,6.2006035854072,-4.64936795117324));
#12225=CARTESIAN_POINT('Ctrl Pts',(-3.66690627321544,6.20068348754449,-4.76000560462677));
#12226=CARTESIAN_POINT('Ctrl Pts',(-3.53304812145843,6.20077144704684,-4.86507299840448));
#12227=CARTESIAN_POINT('Ctrl Pts',(-3.39507392176161,6.20086769073118,-4.96433816131589));
#12228=CARTESIAN_POINT('Ctrl Pts',(-3.25699199674731,6.20096400955916,-5.06368082691414));
#12229=CARTESIAN_POINT('Ctrl Pts',(-3.11478700909587,6.20106862551016,-5.15721265302473));
#12230=CARTESIAN_POINT('Ctrl Pts',(-2.9688271850589,6.20118176593284,-5.24466261324351));
#12231=CARTESIAN_POINT('Ctrl Pts',(-2.82469550219703,6.20129348927608,-5.33101726607827));
#12232=CARTESIAN_POINT('Ctrl Pts',(-2.67690183921191,6.20141352489089,-5.41144180357827));
#12233=CARTESIAN_POINT('Ctrl Pts',(-2.52577544224151,6.20154209168987,-5.48563184232779));
#12234=CARTESIAN_POINT('Ctrl Pts',(-2.41802651025042,6.20163375625382,-5.53852728349419));
#12235=CARTESIAN_POINT('Ctrl Pts',(-2.30858290910873,6.20172975747012,-5.5882526643012));
#12236=CARTESIAN_POINT('Ctrl Pts',(-2.19755850382187,6.20183017467813,-5.63468237124154));
#12237=CARTESIAN_POINT('Origin',(0.,6.2,0.));
#12238=CARTESIAN_POINT('Origin',(0.,7.125,0.));
#12239=CARTESIAN_POINT('',(6.41365980944209,7.125,-4.57928032111825));
#12240=CARTESIAN_POINT('',(6.47190444797752,7.125,-4.49658684191493));
#12241=CARTESIAN_POINT('Origin',(0.,8.05,0.));
#12242=CARTESIAN_POINT('Ctrl Pts',(1.81811401315398,8.05,5.65628374233526));
#12243=CARTESIAN_POINT('Ctrl Pts',(1.79058655080442,8.05,5.66443832998935));
#12244=CARTESIAN_POINT('Ctrl Pts',(1.762986708389,8.05,5.67239935726266));
#12245=CARTESIAN_POINT('Ctrl Pts',(1.73534584966616,8.05,5.6801576367539));
#12246=CARTESIAN_POINT('Ctrl Pts',(1.57313445806297,8.05,5.72568738405079));
#12247=CARTESIAN_POINT('Ctrl Pts',(1.40934260483656,8.05,5.7642912467777));
#12248=CARTESIAN_POINT('Ctrl Pts',(1.24441752124665,8.05,5.7958710400784));
#12249=CARTESIAN_POINT('Ctrl Pts',(1.0797420253472,8.05,5.82740304242152));
#12250=CARTESIAN_POINT('Ctrl Pts',(0.913936001397351,8.05,5.85193239639418));
#12251=CARTESIAN_POINT('Ctrl Pts',(0.747430711643243,8.05,5.86931168558047));
#12252=CARTESIAN_POINT('Ctrl Pts',(0.669396256743325,8.05,5.87745667220644));
#12253=CARTESIAN_POINT('Ctrl Pts',(0.591208081306435,8.05,5.88403047280649));
#12254=CARTESIAN_POINT('Ctrl Pts',(0.512910207433211,8.05,5.88901397503711));
#12255=CARTESIAN_POINT('Ctrl Pts',(0.345323609728254,8.05,5.89968052499782));
#12256=CARTESIAN_POINT('Ctrl Pts',(0.177233922925858,8.05,5.90306494534545));
#12257=CARTESIAN_POINT('Ctrl Pts',(0.00909828641269928,8.05,5.89923672948531));
#12258=CARTESIAN_POINT('Ctrl Pts',(-0.0889638915718933,8.05,5.89700398934273));
#12259=CARTESIAN_POINT('Ctrl Pts',(-0.187041606368974,8.05,5.89231682341195));
#12260=CARTESIAN_POINT('Ctrl Pts',(-0.285042319425525,8.05,5.88518103431784));
#12261=CARTESIAN_POINT('Ctrl Pts',(-0.330482203533914,8.05,5.88187239074428));
#12262=CARTESIAN_POINT('Ctrl Pts',(-0.375905507029399,8.05,5.87803723899111));
#12263=CARTESIAN_POINT('Ctrl Pts',(-0.421302847715633,8.05,5.87367573863253));
#12264=CARTESIAN_POINT('Ctrl Pts',(-0.445076547942936,8.05,5.87139170612096));
#12265=CARTESIAN_POINT('Ctrl Pts',(-0.46884312624688,8.05,5.86896332275518));
#12266=CARTESIAN_POINT('Ctrl Pts',(-0.492601222118338,8.05,5.86639058277737));
#12267=CARTESIAN_POINT('Ctrl Pts',(-0.512887574768129,8.05,5.8641937943332));
#12268=CARTESIAN_POINT('Ctrl Pts',(-0.533162900001303,8.05,5.86189225310743));
#12269=CARTESIAN_POINT('Ctrl Pts',(-0.553418601764424,8.05,5.85948709670324));
#12270=CARTESIAN_POINT('Ctrl Pts',(-0.719505488095338,8.05,5.83976598592747));
#12271=CARTESIAN_POINT('Ctrl Pts',(-0.884432455586871,8.05,5.81306587668412));
#12272=CARTESIAN_POINT('Ctrl Pts',(-1.04775900611927,8.05,5.77952243801439));
#12273=CARTESIAN_POINT('Ctrl Pts',(-1.21138937719044,8.05,5.74591660173952));
#12274=CARTESIAN_POINT('Ctrl Pts',(-1.37341411107532,8.05,5.70544179736592));
#12275=CARTESIAN_POINT('Ctrl Pts',(-1.53338401145601,8.05,5.65818250490161));
#12276=CARTESIAN_POINT('Ctrl Pts',(-1.69165721560355,8.05,5.61142446088037));
#12277=CARTESIAN_POINT('Ctrl Pts',(-1.84791962221877,8.05,5.55802484832522));
#12278=CARTESIAN_POINT('Ctrl Pts',(-2.00171955675925,8.05,5.49801774368482));
#12279=CARTESIAN_POINT('Ctrl Pts',(-2.09279327471046,8.05,5.46248411267635));
#12280=CARTESIAN_POINT('Ctrl Pts',(-2.18300316202213,8.05,5.4246326750474));
#12281=CARTESIAN_POINT('Ctrl Pts',(-2.27225117561634,8.05,5.38446296444477));
#12282=CARTESIAN_POINT('Ctrl Pts',(-2.37943529137234,8.05,5.33622037911741));
#12283=CARTESIAN_POINT('Ctrl Pts',(-2.4852323327317,8.05,5.28463422002424));
#12284=CARTESIAN_POINT('Ctrl Pts',(-2.58950489294287,8.05,5.22978990248077));
#12285=CARTESIAN_POINT('Ctrl Pts',(-2.61122928064628,8.05,5.21836350981112));
#12286=CARTESIAN_POINT('Ctrl Pts',(-2.63288746517617,8.05,5.20679565957158));
#12287=CARTESIAN_POINT('Ctrl Pts',(-2.6544781537591,8.05,5.19508707452447));
#12288=CARTESIAN_POINT('Ctrl Pts',(-2.67460873993791,8.05,5.1841702999428));
#12289=CARTESIAN_POINT('Ctrl Pts',(-2.6946771158372,8.05,5.17313305564295));
#12290=CARTESIAN_POINT('Ctrl Pts',(-2.71467401631953,8.05,5.16198078086938));
#12291=CARTESIAN_POINT('Ctrl Pts',(-2.85948005860033,8.05,5.08122242665265));
#12292=CARTESIAN_POINT('Ctrl Pts',(-3.00067069072667,8.05,4.99436528411724));
#12293=CARTESIAN_POINT('Ctrl Pts',(-3.13790528262373,8.05,4.90172276175104));
#12294=CARTESIAN_POINT('Ctrl Pts',(-3.26450747467841,8.05,4.81625781995391));
#12295=CARTESIAN_POINT('Ctrl Pts',(-3.38774300026434,8.05,4.72586841825752));
#12296=CARTESIAN_POINT('Ctrl Pts',(-3.50732208922024,8.05,4.63076875711086));
#12297=CARTESIAN_POINT('Ctrl Pts',(-3.59700640593716,8.05,4.55944401125087));
#12298=CARTESIAN_POINT('Ctrl Pts',(-3.6846335710145,8.05,4.48546909199695));
#12299=CARTESIAN_POINT('Ctrl Pts',(-3.77007138950372,8.05,4.40892475081543));
#12300=CARTESIAN_POINT('Ctrl Pts',(-3.79520968314404,8.05,4.38640317712416));
#12301=CARTESIAN_POINT('Ctrl Pts',(-3.82015838121355,8.05,4.36365911706791));
#12302=CARTESIAN_POINT('Ctrl Pts',(-3.84491395555079,8.05,4.34069450795629));
#12303=CARTESIAN_POINT('Ctrl Pts',(-3.86361444295023,8.05,4.3233469248433));
#12304=CARTESIAN_POINT('Ctrl Pts',(-3.8821978386625,8.05,4.30587986510371));
#12305=CARTESIAN_POINT('Ctrl Pts',(-3.90066160066747,8.05,4.28829563132256));
#12306=CARTESIAN_POINT('Ctrl Pts',(-4.02022173218969,8.05,4.17443079147978));
#12307=CARTESIAN_POINT('Ctrl Pts',(-4.13478622096873,8.05,4.05563930476976));
#12308=CARTESIAN_POINT('Ctrl Pts',(-4.24399649876203,8.05,3.9321982522173));
#12309=CARTESIAN_POINT('Ctrl Pts',(-4.32323678651123,8.05,3.84263246480274));
#12310=CARTESIAN_POINT('Ctrl Pts',(-4.39965766783941,8.05,3.7506180003742));
#12311=CARTESIAN_POINT('Ctrl Pts',(-4.47310912027019,8.05,3.65624948574392));
#12312=CARTESIAN_POINT('Ctrl Pts',(-4.57989798047954,8.05,3.51904993715073));
#12313=CARTESIAN_POINT('Ctrl Pts',(-4.68041289493963,8.05,3.37687536567952));
#12314=CARTESIAN_POINT('Ctrl Pts',(-4.77441280139075,8.05,3.23020748992039));
#12315=CARTESIAN_POINT('Ctrl Pts',(-2.87522104062245,8.05,-4.99608195389767));
#12316=CARTESIAN_POINT('Ctrl Pts',(-2.736335722547,8.05,-5.08049224002484));
#12317=CARTESIAN_POINT('Ctrl Pts',(-2.59411037542245,8.05,-5.15874418555335));
#12318=CARTESIAN_POINT('Ctrl Pts',(-2.44900961106497,8.05,-5.23080136521773));
#12319=CARTESIAN_POINT('Ctrl Pts',(-2.30173182909104,8.05,-5.30393965393219));
#12320=CARTESIAN_POINT('Ctrl Pts',(-2.15149110086286,8.05,-5.37069621353743));
#12321=CARTESIAN_POINT('Ctrl Pts',(-1.99873932699159,8.05,-5.43099129799609));
#12322=CARTESIAN_POINT('Ctrl Pts',(-1.84493449542127,8.05,-5.49170205162372));
#12323=CARTESIAN_POINT('Ctrl Pts',(-1.68858319915989,8.05,-5.5458622238591));
#12324=CARTESIAN_POINT('Ctrl Pts',(-1.5301223480332,8.05,-5.59334396178877));
#12325=CARTESIAN_POINT('Ctrl Pts',(-1.37259754115621,8.05,-5.64054522029756));
#12326=CARTESIAN_POINT('Ctrl Pts',(-1.21298731745385,8.05,-5.6811469138762));
#12327=CARTESIAN_POINT('Ctrl Pts',(-1.05170732815433,8.05,-5.71497416509837));
#12328=CARTESIAN_POINT('Ctrl Pts',(-0.982391352065878,8.05,-5.72951266393532));
#12329=CARTESIAN_POINT('Ctrl Pts',(-0.912766834448658,8.05,-5.7427991726874));
#12330=CARTESIAN_POINT('Ctrl Pts',(-0.842866496512759,8.05,-5.75481683901194));
#12331=CARTESIAN_POINT('Ctrl Pts',(-0.820662944097501,8.05,-5.7586342008735));
#12332=CARTESIAN_POINT('Ctrl Pts',(-0.798431561551794,8.05,-5.76232352403592));
#12333=CARTESIAN_POINT('Ctrl Pts',(-0.776173397959167,8.05,-5.76588422920406));
#12334=CARTESIAN_POINT('Ctrl Pts',(-0.754368283817757,8.05,-5.76937245869307));
#12335=CARTESIAN_POINT('Ctrl Pts',(-0.732546213953134,8.05,-5.77273583426433));
#12336=CARTESIAN_POINT('Ctrl Pts',(-0.710713155723944,8.05,-5.77597341945372));
#12337=CARTESIAN_POINT('Ctrl Pts',(-0.544346713381914,8.05,-5.80064360189381));
#12338=CARTESIAN_POINT('Ctrl Pts',(-0.377252885216419,8.05,-5.81802863959893));
#12339=CARTESIAN_POINT('Ctrl Pts',(-0.209891024282899,8.05,-5.82803430254333));
#12340=CARTESIAN_POINT('Ctrl Pts',(-0.0451753308968172,8.05,-5.83788176540304));
#12341=CARTESIAN_POINT('Ctrl Pts',(0.119800719738829,8.05,-5.84058167404521));
#12342=CARTESIAN_POINT('Ctrl Pts',(0.284596738361226,8.05,-5.83628492290464));
#12343=CARTESIAN_POINT('Ctrl Pts',(0.450846151641457,8.05,-5.83195027718867));
#12344=CARTESIAN_POINT('Ctrl Pts',(0.616913069583119,8.05,-5.82049497159615));
#12345=CARTESIAN_POINT('Ctrl Pts',(0.782348711717132,8.05,-5.80202108082928));
#12346=CARTESIAN_POINT('Ctrl Pts',(0.936076216454871,8.05,-5.78485461601097));
#12347=CARTESIAN_POINT('Ctrl Pts',(1.08925914158914,8.05,-5.76162725620346));
#12348=CARTESIAN_POINT('Ctrl Pts',(1.24153159586894,8.05,-5.73238112687955));
#12349=CARTESIAN_POINT('Ctrl Pts',(1.29863376622386,8.05,-5.72141382838309));
#12350=CARTESIAN_POINT('Ctrl Pts',(1.35560780353161,8.05,-5.70959976050072));
#12351=CARTESIAN_POINT('Ctrl Pts',(1.41243397323381,8.05,-5.69693978814862));
#12352=CARTESIAN_POINT('Ctrl Pts',(1.43600202574019,8.05,-5.69168919859302));
#12353=CARTESIAN_POINT('Ctrl Pts',(1.45954464019134,8.05,-5.68629309734307));
#12354=CARTESIAN_POINT('Ctrl Pts',(1.48306039272402,8.05,-5.680751509254));
#12355=CARTESIAN_POINT('Ctrl Pts',(1.50466664854971,8.05,-5.6756599022656));
#12356=CARTESIAN_POINT('Ctrl Pts',(1.52624159637386,8.05,-5.67044749097241));
#12357=CARTESIAN_POINT('Ctrl Pts',(1.54777936481407,8.05,-5.66511582261887));
#12358=CARTESIAN_POINT('Ctrl Pts',(1.71058155345024,8.05,-5.62481418786738));
#12359=CARTESIAN_POINT('Ctrl Pts',(1.87134788628569,8.05,-5.57768200409275));
#12360=CARTESIAN_POINT('Ctrl Pts',(2.02963431295112,8.05,-5.52386604677238));
#12361=CARTESIAN_POINT('Ctrl Pts',(2.18847737340402,8.05,-5.46986083898511));
#12362=CARTESIAN_POINT('Ctrl Pts',(2.34482380521243,8.05,-5.40912465651617));
#12363=CARTESIAN_POINT('Ctrl Pts',(2.49821917152113,8.05,-5.34175404638148));
#12364=CARTESIAN_POINT('Ctrl Pts',(2.52120997512755,8.05,-5.33165658057319));
#12365=CARTESIAN_POINT('Ctrl Pts',(2.54413446395457,8.05,-5.32140998740092));
#12366=CARTESIAN_POINT('Ctrl Pts',(2.56699108073393,8.05,-5.3110144944497));
#12367=CARTESIAN_POINT('Ctrl Pts',(2.71937259665109,8.05,-5.24170935668997));
#12368=CARTESIAN_POINT('Ctrl Pts',(2.86873927093439,8.05,-5.16578998803732));
#12369=CARTESIAN_POINT('Ctrl Pts',(3.01474841318446,8.05,-5.08356013343302));
#12370=CARTESIAN_POINT('Ctrl Pts',(3.11334389832489,8.05,-5.02803284053344));
#12371=CARTESIAN_POINT('Ctrl Pts',(3.21040798672508,8.05,-4.96962700117501));
#12372=CARTESIAN_POINT('Ctrl Pts',(3.30582814760328,8.05,-4.90842466752986));
#12373=CARTESIAN_POINT('Ctrl Pts',(3.37739326826193,8.05,-4.86252291729599));
#12374=CARTESIAN_POINT('Ctrl Pts',(3.44803356825292,8.05,-4.81504794648609));
#12375=CARTESIAN_POINT('Ctrl Pts',(3.51769898155932,8.05,-4.76603131782159));
#12376=CARTESIAN_POINT('Ctrl Pts',(3.53336630777424,8.05,-4.75500777723245));
#12377=CARTESIAN_POINT('Ctrl Pts',(3.54898512858868,8.05,-4.74390567109356));
#12378=CARTESIAN_POINT('Ctrl Pts',(3.56455239090944,8.05,-4.73272711293906));
#12379=CARTESIAN_POINT('Ctrl Pts',(3.70120957296598,8.05,-4.6345961618847));
#12380=CARTESIAN_POINT('Ctrl Pts',(3.83345684606926,8.05,-4.53089335746232));
#12381=CARTESIAN_POINT('Ctrl Pts',(3.96098242654476,8.05,-4.42197109696834));
#12382=CARTESIAN_POINT('Ctrl Pts',(4.01271503988374,8.05,-4.37778519195123));
#12383=CARTESIAN_POINT('Ctrl Pts',(4.06367041573739,8.05,-4.33273978944573));
#12384=CARTESIAN_POINT('Ctrl Pts',(4.11382671429303,8.05,-4.28685621155323));
#12385=CARTESIAN_POINT('Ctrl Pts',(4.54730699959186,6.2,3.54255980527682));
#12386=CARTESIAN_POINT('Ctrl Pts',(5.12145344827534,6.21289720574802,2.80557290642467));
#12387=CARTESIAN_POINT('Ctrl Pts',(5.90429243512086,6.23869161724406,1.04797018098711));
#12388=CARTESIAN_POINT('Ctrl Pts',(5.70948724214558,6.27738323448811,-1.83279133684476));
#12389=CARTESIAN_POINT('Ctrl Pts',(4.19149385371318,6.31607485173217,-4.28815532117871));
#12390=CARTESIAN_POINT('Ctrl Pts',(1.70190412208436,6.35476646897623,-5.74988579979352));
#12391=CARTESIAN_POINT('Ctrl Pts',(-1.18211734824679,6.39345808622028,-5.87875018239418));
#12392=CARTESIAN_POINT('Ctrl Pts',(-3.79216456458614,6.43214970346434,-4.64509371397566));
#12393=CARTESIAN_POINT('Ctrl Pts',(-5.52324397167979,6.47084132070841,-2.33474966944312));
#12394=CARTESIAN_POINT('Ctrl Pts',(-5.97413645492226,6.50953293795245,0.51673094549613));
#12395=CARTESIAN_POINT('Ctrl Pts',(-5.04032547827812,6.54822455519651,3.24845121732426));
#12396=CARTESIAN_POINT('Ctrl Pts',(-2.93825593973202,6.58691617244058,5.22723252299736));
#12397=CARTESIAN_POINT('Ctrl Pts',(-0.155149135582538,6.62560778968462,
5.99443444058387));
#12398=CARTESIAN_POINT('Ctrl Pts',(2.66391822813208,6.66429940692868,5.37222956397809));
#12399=CARTESIAN_POINT('Ctrl Pts',(4.86553581931045,6.70299102417274,3.50483583607396));
#12400=CARTESIAN_POINT('Ctrl Pts',(5.93940672448893,6.7416826414168,0.825081820033306));
#12401=CARTESIAN_POINT('Ctrl Pts',(5.63662645603792,6.78037425866086,-2.04591167727814));
#12402=CARTESIAN_POINT('Ctrl Pts',(4.02737415724191,6.81906587590491,-4.44269848885776));
#12403=CARTESIAN_POINT('Ctrl Pts',(1.48464656087,6.85775749314897,-5.80974499927147));
#12404=CARTESIAN_POINT('Ctrl Pts',(-1.40219630025897,6.89644911039304,-5.83019364791636));
#12405=CARTESIAN_POINT('Ctrl Pts',(-3.96403443595489,6.93514072763708,-4.49930476744817));
#12406=CARTESIAN_POINT('Ctrl Pts',(-5.60707831165684,6.97383234488114,-2.12555527380314));
#12407=CARTESIAN_POINT('Ctrl Pts',(-5.9504989220719,7.0125239621252,0.740860978330595));
#12408=CARTESIAN_POINT('Ctrl Pts',(-4.91469734153726,7.05121557936925,3.43555853564402));
#12409=CARTESIAN_POINT('Ctrl Pts',(-2.73975436690265,7.08990719661331,5.33395335758407));
#12410=CARTESIAN_POINT('Ctrl Pts',(0.0702160349156925,7.12859881385736,
5.99603053021986));
#12411=CARTESIAN_POINT('Ctrl Pts',(2.86391158070492,7.16729043110143,5.26833207660501));
#12412=CARTESIAN_POINT('Ctrl Pts',(4.99380221570404,7.20598204834548,3.31952584589241));
#12413=CARTESIAN_POINT('Ctrl Pts',(5.96621632233495,7.24467366558954,0.601311239363632));
#12414=CARTESIAN_POINT('Ctrl Pts',(5.5557652175255,7.2833652828336,-2.25627685770648));
#12415=CARTESIAN_POINT('Ctrl Pts',(3.85758433124351,7.32205690007765,-4.59089920812786));
#12416=CARTESIAN_POINT('Ctrl Pts',(1.26528246693125,7.36074851732171,-5.8614309421528));
#12417=CARTESIAN_POINT('Ctrl Pts',(-1.6202898737075,7.39944013456577,-5.77338489414596));
#12418=CARTESIAN_POINT('Ctrl Pts',(-4.13030719405771,7.43813175180982,-4.34716860700847));
#12419=CARTESIAN_POINT('Ctrl Pts',(-5.68299111653512,7.47682336905389,-1.91335421947974));
#12420=CARTESIAN_POINT('Ctrl Pts',(-5.91845651051925,7.51551498629794,0.963942409979185));
#12421=CARTESIAN_POINT('Ctrl Pts',(-4.78212657816188,7.554206603542,3.61781394735838));
#12422=CARTESIAN_POINT('Ctrl Pts',(-2.53738286780388,7.59289822078605,5.43313911541886));
#12423=CARTESIAN_POINT('Ctrl Pts',(0.295482110767975,7.63158983803011,5.98915709581455));
#12424=CARTESIAN_POINT('Ctrl Pts',(3.05985940171787,7.67028145527416,5.15699260134941));
#12425=CARTESIAN_POINT('Ctrl Pts',(5.11501462739455,7.70897307251823,3.12952686653447));
#12426=CARTESIAN_POINT('Ctrl Pts',(5.98459810807979,7.74766468976228,0.376691251587376));
#12427=CARTESIAN_POINT('Ctrl Pts',(5.46705637302987,7.78635630700634,-2.46345491755856));
#12428=CARTESIAN_POINT('Ctrl Pts',(3.6823448763736,7.82504792425039,-4.73261492499622));
#12429=CARTESIAN_POINT('Ctrl Pts',(1.04413215611781,7.86373954149446,-5.90483736261007));
#12430=CARTESIAN_POINT('Ctrl Pts',(-1.83609683413177,7.9024311587385,-5.70842059310242));
#12431=CARTESIAN_POINT('Ctrl Pts',(-4.29074132258367,7.94112277598258,-4.18889232283842));
#12432=CARTESIAN_POINT('Ctrl Pts',(-5.75088492987768,7.97981439322661,-1.69844935745073));
#12433=CARTESIAN_POINT('Ctrl Pts',(-5.87803669033663,8.01850601047069,1.18566006894137));
#12434=CARTESIAN_POINT('Ctrl Pts',(-4.64283516147405,8.05719762771473,3.79496324288066));
#12435=CARTESIAN_POINT('Ctrl Pts',(-2.33135823720805,8.09588924495879,5.52464166748132));
#12436=CARTESIAN_POINT('Ctrl Pts',(0.520191640965043,8.13458086220285,5.97384041545357));
#12437=CARTESIAN_POINT('Ctrl Pts',(3.25177909566686,8.17327247944691,5.03833736193276));
#12438=CARTESIAN_POINT('Ctrl Pts',(4.56932945299287,8.19906689094295,3.63617286527022));
#12439=CARTESIAN_POINT('Ctrl Pts',(5.0266136542373,8.21196409669097,2.82150422532647));
#12440=CARTESIAN_POINT('Ctrl Pts',(4.62190754696691,6.14540190954363,3.60067703831304));
#12441=CARTESIAN_POINT('Ctrl Pts',(5.20547311763822,6.15829911529165,2.85159954912521));
#12442=CARTESIAN_POINT('Ctrl Pts',(6.00115491824812,6.18409352678769,1.06516258720499));
#12443=CARTESIAN_POINT('Ctrl Pts',(5.80315386142886,6.22278514403174,-1.86285907517101));
#12444=CARTESIAN_POINT('Ctrl Pts',(4.26025713181036,6.2614767612758,-4.35850437265421));
#12445=CARTESIAN_POINT('Ctrl Pts',(1.72982459877502,6.30016837851986,-5.84421517497034));
#12446=CARTESIAN_POINT('Ctrl Pts',(-1.20151049703764,6.33885999576392,-5.97519363376599));
#12447=CARTESIAN_POINT('Ctrl Pts',(-3.85437667216538,6.37755161300798,-4.72129849489371));
#12448=CARTESIAN_POINT('Ctrl Pts',(-5.61385518917846,6.41624323025203,-2.37305225234324));
#12449=CARTESIAN_POINT('Ctrl Pts',(-6.07214475954531,6.45493484749609,0.525208141204074));
#12450=CARTESIAN_POINT('Ctrl Pts',(-5.12301420803878,6.49362646474014,3.3017434711693));
#12451=CARTESIAN_POINT('Ctrl Pts',(-2.98645930525181,6.53231808198421,5.31298754404769));
#12452=CARTESIAN_POINT('Ctrl Pts',(-0.15769442457232,6.57100969922826,6.09277574248224));
#12453=CARTESIAN_POINT('Ctrl Pts',(2.70762096427874,6.60970131647232,5.46036332449463));
#12454=CARTESIAN_POINT('Ctrl Pts',(4.94535704876033,6.64839293371638,3.56233419100234));
#12455=CARTESIAN_POINT('Ctrl Pts',(6.03684527279229,6.68708455096043,0.838617645832889));
#12456=CARTESIAN_POINT('Ctrl Pts',(5.72909776246322,6.72577616820449,-2.07947574740133));
#12457=CARTESIAN_POINT('Ctrl Pts',(4.09344498039974,6.76446778544855,-4.51558288815626));
#12458=CARTESIAN_POINT('Ctrl Pts',(1.50900283285897,6.8031594026926,-5.90505639062773));
#12459=CARTESIAN_POINT('Ctrl Pts',(-1.42519993989359,6.84185101993666,-5.92584050823966));
#12460=CARTESIAN_POINT('Ctrl Pts',(-4.02906614346053,6.88054263718072,-4.57311781734539));
#12461=CARTESIAN_POINT('Ctrl Pts',(-5.69906486793332,6.91923425442477,-2.1604259317367));
#12462=CARTESIAN_POINT('Ctrl Pts',(-6.04811944269677,6.95792587166884,0.753015124623607));
#12463=CARTESIAN_POINT('Ctrl Pts',(-4.99532508712257,6.99661748891288,3.49192036635417));
#12464=CARTESIAN_POINT('Ctrl Pts',(-2.78470122786068,7.03530910615695,5.42145918030167));
#12465=CARTESIAN_POINT('Ctrl Pts',(0.0713679594810877,7.074000723401,6.0943980166623));
#12466=CARTESIAN_POINT('Ctrl Pts',(2.91089529470829,7.11269234064506,5.3547613536922));
#12467=CARTESIAN_POINT('Ctrl Pts',(5.07572771112534,7.15138395788912,3.37398410990482));
#12468=CARTESIAN_POINT('Ctrl Pts',(6.06409469374117,7.19007557513317,0.611176011547106));
#12469=CARTESIAN_POINT('Ctrl Pts',(5.64690996019449,7.22876719237723,-2.29329206002946));
#12470=CARTESIAN_POINT('Ctrl Pts',(3.92086967852312,7.26745880962129,-4.66621490462708));
#12471=CARTESIAN_POINT('Ctrl Pts',(1.28603997563379,7.30615042686535,-5.95759026386232));
#12472=CARTESIAN_POINT('Ctrl Pts',(-1.64687143318781,7.3448420441094,-5.86809978217723));
#12473=CARTESIAN_POINT('Ctrl Pts',(-4.19806667841438,7.38353366135346,-4.41848579708242));
#12474=CARTESIAN_POINT('Ctrl Pts',(-5.77622305536378,7.42222527859751,-1.94474362690448));
#12475=CARTESIAN_POINT('Ctrl Pts',(-6.01555136145846,7.46091689584158,0.97975630409914));
#12476=CARTESIAN_POINT('Ctrl Pts',(-4.86057944276497,7.49960851308563,3.67716575729738));
#12477=CARTESIAN_POINT('Ctrl Pts',(-2.57900973637801,7.53830013032969,5.52227212359522));
#12478=CARTESIAN_POINT('Ctrl Pts',(0.300329623197817,7.57699174757374,6.08741182057869));
#12479=CARTESIAN_POINT('Ctrl Pts',(3.11005772487471,7.61568336481781,5.24159530596212));
#12480=CARTESIAN_POINT('Ctrl Pts',(5.19892866510287,7.65437498206185,3.18086811472584));
#12481=CARTESIAN_POINT('Ctrl Pts',(6.08277804066902,7.69306659930592,0.38287103526205));
#12482=CARTESIAN_POINT('Ctrl Pts',(5.5567458085562,7.73175821654997,-2.5038689659833));
#12483=CARTESIAN_POINT('Ctrl Pts',(3.74275534424521,7.77044983379404,-4.81025552941368));
#12484=CARTESIAN_POINT('Ctrl Pts',(1.06126159786988,7.80914145103808,-6.00170878550959));
#12485=CARTESIAN_POINT('Ctrl Pts',(-1.86621880057743,7.84783306828214,-5.80206971354463));
#12486=CARTESIAN_POINT('Ctrl Pts',(-4.36113279853597,7.88652468552619,-4.25761292169109));
#12487=CARTESIAN_POINT('Ctrl Pts',(-5.8452306962177,7.92521630277027,-1.72631315722629));
#12488=CARTESIAN_POINT('Ctrl Pts',(-5.97446843656119,7.96390792001431,1.20511133760471));
#12489=CARTESIAN_POINT('Ctrl Pts',(-4.71900288985684,8.00259953725838,3.85722126399349));
#12490=CARTESIAN_POINT('Ctrl Pts',(-2.3696051821886,8.04129115450242,5.615275814787));
#12491=CARTESIAN_POINT('Ctrl Pts',(0.528725610886013,8.07998277174649,6.07184386342048));
#12492=CARTESIAN_POINT('Ctrl Pts',(3.30512594480224,8.11867438899055,5.12099347578083));
#12493=CARTESIAN_POINT('Ctrl Pts',(4.6442912882859,8.14446880048658,3.69582586123549));
#12494=CARTESIAN_POINT('Ctrl Pts',(5.10907743556605,8.1573660062346,2.86779222823661));
#12495=CARTESIAN_POINT('Ctrl Pts',(4.69650809434197,6.09080381908727,3.65879427134926));
#12496=CARTESIAN_POINT('Ctrl Pts',(5.2894927870011,6.10370102483529,2.89762619182576));
#12497=CARTESIAN_POINT('Ctrl Pts',(6.09801740137537,6.12949543633133,1.08235499342286));
#12498=CARTESIAN_POINT('Ctrl Pts',(5.89682048071214,6.16818705357538,-1.89292681349727));
#12499=CARTESIAN_POINT('Ctrl Pts',(4.32902040990754,6.20687867081944,-4.42885342412971));
#12500=CARTESIAN_POINT('Ctrl Pts',(1.75774507546567,6.2455702880635,-5.93854455014715));
#12501=CARTESIAN_POINT('Ctrl Pts',(-1.22090364582849,6.28426190530755,-6.07163708513781));
#12502=CARTESIAN_POINT('Ctrl Pts',(-3.91658877974461,6.32295352255161,-4.79750327581176));
#12503=CARTESIAN_POINT('Ctrl Pts',(-5.70446640667714,6.36164513979567,-2.41135483524337));
#12504=CARTESIAN_POINT('Ctrl Pts',(-6.17015306416835,6.40033675703973,0.533685336912018));
#12505=CARTESIAN_POINT('Ctrl Pts',(-5.20570293779943,6.43902837428378,3.35503572501434));
#12506=CARTESIAN_POINT('Ctrl Pts',(-3.0346626707716,6.47771999152784,5.39874256509802));
#12507=CARTESIAN_POINT('Ctrl Pts',(-0.160239713562101,6.5164116087719,6.19111704438061));
#12508=CARTESIAN_POINT('Ctrl Pts',(2.7513237004254,6.55510322601595,5.54849708501118));
#12509=CARTESIAN_POINT('Ctrl Pts',(5.02517827821023,6.59379484326002,3.61983254593072));
#12510=CARTESIAN_POINT('Ctrl Pts',(6.13428382109566,6.63248646050406,0.852153471632472));
#12511=CARTESIAN_POINT('Ctrl Pts',(5.82156906888851,6.67117807774813,-2.11303981752452));
#12512=CARTESIAN_POINT('Ctrl Pts',(4.15951580355757,6.70986969499218,-4.58846728745476));
#12513=CARTESIAN_POINT('Ctrl Pts',(1.53335910484793,6.74856131223624,-6.00036778198399));
#12514=CARTESIAN_POINT('Ctrl Pts',(-1.44820357952821,6.78725292948029,-6.02148736856296));
#12515=CARTESIAN_POINT('Ctrl Pts',(-4.09409785096616,6.82594454672436,-4.64693086724261));
#12516=CARTESIAN_POINT('Ctrl Pts',(-5.79105142420981,6.8646361639684,-2.19529658967026));
#12517=CARTESIAN_POINT('Ctrl Pts',(-6.14573996332163,6.90332778121247,0.765169270916619));
#12518=CARTESIAN_POINT('Ctrl Pts',(-5.07595283270789,6.94201939845652,3.54828219706432));
#12519=CARTESIAN_POINT('Ctrl Pts',(-2.82964808881871,6.98071101570059,5.50896500301926));
#12520=CARTESIAN_POINT('Ctrl Pts',(0.0725198840464824,7.01940263294463,
6.19276550310474));
#12521=CARTESIAN_POINT('Ctrl Pts',(2.95787900871166,7.0580942501887,5.4411906307794));
#12522=CARTESIAN_POINT('Ctrl Pts',(5.15765320654664,7.09678586743275,3.42844237391723));
#12523=CARTESIAN_POINT('Ctrl Pts',(6.1619730651474,7.13547748467681,0.62104078373058));
#12524=CARTESIAN_POINT('Ctrl Pts',(5.73805470286348,7.17416910192086,-2.33030726235243));
#12525=CARTESIAN_POINT('Ctrl Pts',(3.98415502580274,7.21286071916492,-4.74153060112631));
#12526=CARTESIAN_POINT('Ctrl Pts',(1.30679748433632,7.25155233640898,-6.05374958557183));
#12527=CARTESIAN_POINT('Ctrl Pts',(-1.67345299266811,7.29024395365304,-5.9628146702085));
#12528=CARTESIAN_POINT('Ctrl Pts',(-4.26582616277106,7.3289355708971,-4.48980298715637));
#12529=CARTESIAN_POINT('Ctrl Pts',(-5.86945499419245,7.36762718814115,-1.97613303432922));
#12530=CARTESIAN_POINT('Ctrl Pts',(-6.11264621239767,7.40631880538521,0.995570198219094));
#12531=CARTESIAN_POINT('Ctrl Pts',(-4.93903230736806,7.44501042262926,3.73651756723638));
#12532=CARTESIAN_POINT('Ctrl Pts',(-2.62063660495215,7.48370203987333,5.61140513177159));
#12533=CARTESIAN_POINT('Ctrl Pts',(0.305177135627662,7.52239365711738,6.18566654534284));
#12534=CARTESIAN_POINT('Ctrl Pts',(3.16025604803154,7.56108527436144,5.32619801057483));
#12535=CARTESIAN_POINT('Ctrl Pts',(5.28284270281119,7.5997768916055,3.23220936291722));
#12536=CARTESIAN_POINT('Ctrl Pts',(6.18095797325825,7.63846850884955,0.389050818936724));
#12537=CARTESIAN_POINT('Ctrl Pts',(5.64643524408253,7.67716012609361,-2.54428301440803));
#12538=CARTESIAN_POINT('Ctrl Pts',(3.80316581211683,7.71585174333766,-4.88789613383115));
#12539=CARTESIAN_POINT('Ctrl Pts',(1.07839103962195,7.75454336058173,-6.09858020840911));
#12540=CARTESIAN_POINT('Ctrl Pts',(-1.89634076702309,7.79323497782577,-5.89571883398684));
#12541=CARTESIAN_POINT('Ctrl Pts',(-4.43152427448828,7.83192659506983,-4.32633352054377));
#12542=CARTESIAN_POINT('Ctrl Pts',(-5.93957646255772,7.87061821231389,-1.75417695700185));
#12543=CARTESIAN_POINT('Ctrl Pts',(-6.07090018278574,7.90930982955795,1.22456260626806));
#12544=CARTESIAN_POINT('Ctrl Pts',(-4.79517061823965,7.94800144680201,3.91947928510632));
#12545=CARTESIAN_POINT('Ctrl Pts',(-2.40785212716915,7.98669306404606,5.70590996209268));
#12546=CARTESIAN_POINT('Ctrl Pts',(0.537259580806979,8.02538468129012,6.16984731138739));
#12547=CARTESIAN_POINT('Ctrl Pts',(3.35847279393763,8.06407629853418,5.2036495896289));
#12548=CARTESIAN_POINT('Ctrl Pts',(4.71925312357892,8.08987071003022,3.75547885720076));
#12549=CARTESIAN_POINT('Ctrl Pts',(5.1915412168948,8.10276791577824,2.91408023114675));
#12550=CARTESIAN_POINT('Ctrl Pts',(4.77110864171702,6.0362057286309,3.71691150438548));
#12551=CARTESIAN_POINT('Ctrl Pts',(5.37351245636398,6.04910293437892,2.94365283452631));
#12552=CARTESIAN_POINT('Ctrl Pts',(6.19487988450263,6.07489734587496,1.09954739964074));
#12553=CARTESIAN_POINT('Ctrl Pts',(5.99048709999542,6.11358896311902,-1.92299455182353));
#12554=CARTESIAN_POINT('Ctrl Pts',(4.39778368800472,6.15228058036307,-4.49920247560521));
#12555=CARTESIAN_POINT('Ctrl Pts',(1.78566555215633,6.19097219760713,-6.03287392532397));
#12556=CARTESIAN_POINT('Ctrl Pts',(-1.24029679461934,6.22966381485119,-6.16808053650961));
#12557=CARTESIAN_POINT('Ctrl Pts',(-3.97880088732384,6.26835543209523,-4.87370805672982));
#12558=CARTESIAN_POINT('Ctrl Pts',(-5.79507762417582,6.30704704933932,-2.44965741814349));
#12559=CARTESIAN_POINT('Ctrl Pts',(-6.26816136879138,6.34573866658334,0.542162532619959));
#12560=CARTESIAN_POINT('Ctrl Pts',(-5.28839166756009,6.38443028382742,3.40832797885937));
#12561=CARTESIAN_POINT('Ctrl Pts',(-3.08286603629138,6.42312190107147,5.48449758614835));
#12562=CARTESIAN_POINT('Ctrl Pts',(-0.162785002551885,6.46181351831554,
6.28945834627899));
#12563=CARTESIAN_POINT('Ctrl Pts',(2.79502643657207,6.50050513555958,5.63663084552772));
#12564=CARTESIAN_POINT('Ctrl Pts',(5.10499950766012,6.53919675280365,3.67733090085909));
#12565=CARTESIAN_POINT('Ctrl Pts',(6.23172236939902,6.5778883700477,0.865689297432051));
#12566=CARTESIAN_POINT('Ctrl Pts',(5.91404037531381,6.61657998729175,-2.1466038876477));
#12567=CARTESIAN_POINT('Ctrl Pts',(4.2255866267154,6.65527160453582,-4.66135168675327));
#12568=CARTESIAN_POINT('Ctrl Pts',(1.5577153768369,6.69396322177987,-6.09567917334025));
#12569=CARTESIAN_POINT('Ctrl Pts',(-1.47120721916283,6.73265483902394,-6.11713422888626));
#12570=CARTESIAN_POINT('Ctrl Pts',(-4.15912955847181,6.77134645626798,-4.72074391713982));
#12571=CARTESIAN_POINT('Ctrl Pts',(-5.88303798048629,6.81003807351204,-2.23016724760382));
#12572=CARTESIAN_POINT('Ctrl Pts',(-6.2433604839465,6.8487296907561,0.777323417209632));
#12573=CARTESIAN_POINT('Ctrl Pts',(-5.1565805782932,6.88742130800016,3.60464402777448));
#12574=CARTESIAN_POINT('Ctrl Pts',(-2.87459494977675,6.92611292524421,5.59647082573687));
#12575=CARTESIAN_POINT('Ctrl Pts',(0.073671808611877,6.96480454248827,6.29113298954717));
#12576=CARTESIAN_POINT('Ctrl Pts',(3.00486272271503,7.00349615973234,5.52761990786661));
#12577=CARTESIAN_POINT('Ctrl Pts',(5.23957870196793,7.04218777697638,3.48290063792962));
#12578=CARTESIAN_POINT('Ctrl Pts',(6.25985143655362,7.08087939422044,0.63090555591406));
#12579=CARTESIAN_POINT('Ctrl Pts',(5.82919944553247,7.1195710114645,-2.36732246467541));
#12580=CARTESIAN_POINT('Ctrl Pts',(4.04744037308236,7.15826262870856,-4.81684629762553));
#12581=CARTESIAN_POINT('Ctrl Pts',(1.32755499303886,7.19695424595262,-6.14990890728135));
#12582=CARTESIAN_POINT('Ctrl Pts',(-1.70003455214841,7.23564586319667,-6.05752955823978));
#12583=CARTESIAN_POINT('Ctrl Pts',(-4.33358564712773,7.27433748044073,-4.56112017723032));
#12584=CARTESIAN_POINT('Ctrl Pts',(-5.96268693302111,7.31302909768479,-2.00752244175396));
#12585=CARTESIAN_POINT('Ctrl Pts',(-6.20974106333688,7.35172071492884,1.01138409233905));
#12586=CARTESIAN_POINT('Ctrl Pts',(-5.01748517197116,7.39041233217289,3.79586937717537));
#12587=CARTESIAN_POINT('Ctrl Pts',(-2.66226347352628,7.42910394941697,5.70053813994796));
#12588=CARTESIAN_POINT('Ctrl Pts',(0.310024648057499,7.46779556666101,6.28392127010698));
#12589=CARTESIAN_POINT('Ctrl Pts',(3.21045437118839,7.50648718390508,5.41080071518754));
#12590=CARTESIAN_POINT('Ctrl Pts',(5.3667567405195,7.54517880114912,3.28355061110859));
#12591=CARTESIAN_POINT('Ctrl Pts',(6.27913790584748,7.58387041839319,0.395230602611404));
#12592=CARTESIAN_POINT('Ctrl Pts',(5.73612467960886,7.62256203563724,-2.58469706283277));
#12593=CARTESIAN_POINT('Ctrl Pts',(3.86357627998844,7.6612536528813,-4.96553673824861));
#12594=CARTESIAN_POINT('Ctrl Pts',(1.09552048137402,7.69994527012535,-6.19545163130863));
#12595=CARTESIAN_POINT('Ctrl Pts',(-1.92646273346876,7.73863688736942,-5.98936795442905));
#12596=CARTESIAN_POINT('Ctrl Pts',(-4.50191575044059,7.77732850461347,-4.39505411939645));
#12597=CARTESIAN_POINT('Ctrl Pts',(-6.03392222889774,7.81602012185753,-1.78204075677741));
#12598=CARTESIAN_POINT('Ctrl Pts',(-6.16733192901029,7.85471173910158,1.2440138749314));
#12599=CARTESIAN_POINT('Ctrl Pts',(-4.87133834662245,7.89340335634565,3.98173730621916));
#12600=CARTESIAN_POINT('Ctrl Pts',(-2.4460990721497,7.9320949735897,5.79654410939835));
#12601=CARTESIAN_POINT('Ctrl Pts',(0.545793550727947,7.97078659083374,6.2678507593543));
#12602=CARTESIAN_POINT('Ctrl Pts',(3.41181964307301,8.00947820807782,5.28630570347696));
#12603=CARTESIAN_POINT('Ctrl Pts',(4.79421495887195,8.03527261957385,3.81513185316602));
#12604=CARTESIAN_POINT('Ctrl Pts',(5.27400499822355,8.04816982532187,2.96036823405688));
#12605=CARTESIAN_POINT('Ctrl Pts',(-6.02550228978518,6.34581714392473,0.527160666151887));
#12606=CARTESIAN_POINT('Ctrl Pts',(-5.9402457979669,6.35868819055895,1.50142605919273));
#12607=CARTESIAN_POINT('Ctrl Pts',(-5.28690052813335,6.38445644294122,3.40973166164326));
#12608=CARTESIAN_POINT('Ctrl Pts',(-3.08286603629138,6.42312190107147,5.48449758614835));
#12609=CARTESIAN_POINT('Ctrl Pts',(-0.162785002551885,6.46181351831554,
6.28945834627899));
#12610=CARTESIAN_POINT('Ctrl Pts',(2.79502643657207,6.50050513555958,5.63663084552772));
#12611=CARTESIAN_POINT('Ctrl Pts',(5.10499950766012,6.53919675280365,3.67733090085909));
#12612=CARTESIAN_POINT('Ctrl Pts',(6.23172236939902,6.5778883700477,0.865689297432051));
#12613=CARTESIAN_POINT('Ctrl Pts',(5.91404037531381,6.61657998729175,-2.1466038876477));
#12614=CARTESIAN_POINT('Ctrl Pts',(4.2255866267154,6.65527160453582,-4.66135168675327));
#12615=CARTESIAN_POINT('Ctrl Pts',(1.5577153768369,6.69396322177987,-6.09567917334025));
#12616=CARTESIAN_POINT('Ctrl Pts',(-1.47120721916283,6.73265483902394,-6.11713422888626));
#12617=CARTESIAN_POINT('Ctrl Pts',(-4.15912955847181,6.77134645626798,-4.72074391713982));
#12618=CARTESIAN_POINT('Ctrl Pts',(-5.83978172008894,6.80906722456825,-2.29266072555268));
#12619=CARTESIAN_POINT('Ctrl Pts',(-6.1038827941745,6.8338907871205,-0.375613030058989));
#12620=CARTESIAN_POINT('Ctrl Pts',(-6.02542508243024,6.84581714392473,0.527223793688723));
#12621=CARTESIAN_POINT('Ctrl Pts',(4.54730699959186,6.2,3.54255980527682));
#12622=CARTESIAN_POINT('Ctrl Pts',(4.65022493527022,6.2,3.41677372119374));
#12623=CARTESIAN_POINT('Ctrl Pts',(4.74750930551031,6.2,3.28682303831039));
#12624=CARTESIAN_POINT('Ctrl Pts',(4.83905937691543,6.2,3.15316277685027));
#12625=CARTESIAN_POINT('Ctrl Pts',(4.93198301057806,6.2,3.01749715714572));
#12626=CARTESIAN_POINT('Ctrl Pts',(5.01899938437633,6.2,2.8780092620885));
#12627=CARTESIAN_POINT('Ctrl Pts',(5.0999666347796,6.2,2.73513549516896));
#12628=CARTESIAN_POINT('Ctrl Pts',(5.1814920525235,6.2,2.59127679335129));
#12629=CARTESIAN_POINT('Ctrl Pts',(5.25688503927209,6.2,2.44398474530358));
#12630=CARTESIAN_POINT('Ctrl Pts',(5.32595817916966,6.2,2.29367421420866));
#12631=CARTESIAN_POINT('Ctrl Pts',(5.39462329107248,6.2,2.14425159561757));
#12632=CARTESIAN_POINT('Ctrl Pts',(5.45704329967018,6.2,1.99184537412372));
#12633=CARTESIAN_POINT('Ctrl Pts',(5.51298718093789,6.2,1.8368428165701));
#12634=CARTESIAN_POINT('Ctrl Pts',(5.53703110992865,6.2,1.77022479860725));
#12635=CARTESIAN_POINT('Ctrl Pts',(5.55987817390523,6.2,1.70312699844333));
#12636=CARTESIAN_POINT('Ctrl Pts',(5.58150713053934,6.2,1.63557947336724));
#12637=CARTESIAN_POINT('Ctrl Pts',(5.58837746804682,6.2,1.61412331610002));
#12638=CARTESIAN_POINT('Ctrl Pts',(5.59512488651588,6.2,1.59262178013148));
#12639=CARTESIAN_POINT('Ctrl Pts',(5.60174866628569,6.2,1.57107582370588));
#12640=CARTESIAN_POINT('Ctrl Pts',(5.60823763679816,6.2,1.54996837738862));
#12641=CARTESIAN_POINT('Ctrl Pts',(5.61460532814031,6.2,1.52882676398845));
#12642=CARTESIAN_POINT('Ctrl Pts',(5.62084998245521,6.2,1.5076567624828));
#12643=CARTESIAN_POINT('Ctrl Pts',(5.66843381617723,6.2,1.34634281606686));
#12644=CARTESIAN_POINT('Ctrl Pts',(5.7089046340223,6.2,1.18329466470515));
#12645=CARTESIAN_POINT('Ctrl Pts',(5.74210519228953,6.2,1.01895407582763));
#12646=CARTESIAN_POINT('Ctrl Pts',(5.77478080968236,6.2,0.857211909896262));
#12647=CARTESIAN_POINT('Ctrl Pts',(5.80041466602734,6.2,0.694217170927978));
#12648=CARTESIAN_POINT('Ctrl Pts',(5.81909489782654,6.2,0.530426963404771));
#12649=CARTESIAN_POINT('Ctrl Pts',(5.83793987885968,6.2,0.365192217531813));
#12650=CARTESIAN_POINT('Ctrl Pts',(5.84970809795707,6.2,0.199147184808549));
#12651=CARTESIAN_POINT('Ctrl Pts',(5.85443817920869,6.2,0.0327504849886136));
#12652=CARTESIAN_POINT('Ctrl Pts',(5.85883350575417,6.2,-0.12187007920308));
#12653=CARTESIAN_POINT('Ctrl Pts',(5.85715112894355,6.2,-0.276794878178909));
#12654=CARTESIAN_POINT('Ctrl Pts',(5.84938184282329,6.2,-0.431655718076694));
#12655=CARTESIAN_POINT('Ctrl Pts',(5.84646836052819,6.2,-0.489728533038363));
#12656=CARTESIAN_POINT('Ctrl Pts',(5.84269851673553,6.2,-0.547792309500943));
#12657=CARTESIAN_POINT('Ctrl Pts',(5.83807042146432,6.2,-0.605827384550874));
#12658=CARTESIAN_POINT('Ctrl Pts',(5.83615096985715,6.2,-0.629896793573053));
#12659=CARTESIAN_POINT('Ctrl Pts',(5.83408388265194,6.2,-0.653961263426216));
#12660=CARTESIAN_POINT('Ctrl Pts',(5.83186898630191,6.2,-0.678019380646668));
#12661=CARTESIAN_POINT('Ctrl Pts',(5.82983393611218,6.2,-0.700124015932837));
#12662=CARTESIAN_POINT('Ctrl Pts',(5.8276748996555,6.2,-0.722214460654392));
#12663=CARTESIAN_POINT('Ctrl Pts',(5.82539259199615,6.2,-0.744284685091141));
#12664=CARTESIAN_POINT('Ctrl Pts',(5.80814084753489,6.2,-0.91111139253561));
#12665=CARTESIAN_POINT('Ctrl Pts',(5.78384169349955,6.2,-1.07687268563983));
#12666=CARTESIAN_POINT('Ctrl Pts',(5.75257867801901,6.2,-1.24110840760159));
#12667=CARTESIAN_POINT('Ctrl Pts',(5.72120571934085,6.2,-1.40592170022176));
#12668=CARTESIAN_POINT('Ctrl Pts',(5.6828198288232,6.2,-1.56919943080337));
#12669=CARTESIAN_POINT('Ctrl Pts',(5.6374533694599,6.2,-1.73047814745908));
#12670=CARTESIAN_POINT('Ctrl Pts',(5.63065386639256,6.2,-1.75465052379148));
#12671=CARTESIAN_POINT('Ctrl Pts',(5.62369745779645,6.2,-1.77877798511312));
#12672=CARTESIAN_POINT('Ctrl Pts',(5.61658415231513,6.2,-1.80285895763031));
#12673=CARTESIAN_POINT('Ctrl Pts',(5.56916088950435,6.2,-1.96340292575048));
#12674=CARTESIAN_POINT('Ctrl Pts',(5.51476818210598,6.2,-2.12188191339343));
#12675=CARTESIAN_POINT('Ctrl Pts',(5.45365912518581,6.2,-2.27791429257785));
#12676=CARTESIAN_POINT('Ctrl Pts',(5.41239405905195,6.2,-2.38327815794532));
#12677=CARTESIAN_POINT('Ctrl Pts',(5.36806533186812,6.2,-2.48752614560471));
#12678=CARTESIAN_POINT('Ctrl Pts',(5.32073853584327,6.2,-2.59053540062582));
#12679=CARTESIAN_POINT('Ctrl Pts',(5.28524343882464,6.2,-2.66779234189166));
#12680=CARTESIAN_POINT('Ctrl Pts',(5.24806172190803,6.2,-2.74435241249277));
#12681=CARTESIAN_POINT('Ctrl Pts',(5.20921767273048,6.2,-2.82016164103903));
#12682=CARTESIAN_POINT('Ctrl Pts',(5.20048188379307,6.2,-2.83721067259238));
#12683=CARTESIAN_POINT('Ctrl Pts',(5.19166154327975,6.2,-2.85422260500304));
#12684=CARTESIAN_POINT('Ctrl Pts',(5.18275831924713,6.2,-2.87119412074296));
#12685=CARTESIAN_POINT('Ctrl Pts',(5.10460137381432,6.2,-3.02017855882266));
#12686=CARTESIAN_POINT('Ctrl Pts',(5.02031305945618,6.2,-3.16557145582059));
#12687=CARTESIAN_POINT('Ctrl Pts',(4.93019895152227,6.2,-3.30701501857228));
#12688=CARTESIAN_POINT('Ctrl Pts',(4.89364285555466,6.2,-3.36439365297815));
#12689=CARTESIAN_POINT('Ctrl Pts',(4.85612745645936,6.2,-3.42112223300017));
#12690=CARTESIAN_POINT('Ctrl Pts',(4.81767082927147,6.2,-3.47717616395217));
#12691=CARTESIAN_POINT('Ctrl Pts',(-5.74278636484599,7.00961141529383,0.502492948165044));
#12692=CARTESIAN_POINT('Ctrl Pts',(-5.81756380727669,6.9976850584896,-0.357993893870013));
#12693=CARTESIAN_POINT('Ctrl Pts',(-5.6966296936698,6.98575870168537,-1.23582623362622));
#12694=CARTESIAN_POINT('Ctrl Pts',(-5.39047443410902,6.97383234488114,-2.04344414738836));
#12695=CARTESIAN_POINT('Ctrl Pts',(-5.05939701975619,6.96093513913312,-2.91680510501816));
#12696=CARTESIAN_POINT('Ctrl Pts',(-4.51171572785553,6.9480379333851,-3.70805493623317));
#12697=CARTESIAN_POINT('Ctrl Pts',(-3.81090205928922,6.93514072763708,-4.32549466525204));
#12698=CARTESIAN_POINT('Ctrl Pts',(-3.11008839072291,6.92224352188907,-4.9429343942709));
#12699=CARTESIAN_POINT('Ctrl Pts',(-2.25614234549094,6.90934631614105,-5.38656402109363));
#12700=CARTESIAN_POINT('Ctrl Pts',(-1.34802884602013,6.89644911039303,-5.60497072639752));
#12701=CARTESIAN_POINT('Ctrl Pts',(-0.439915346549314,6.88355190464501,
-5.8233774317014));
#12702=CARTESIAN_POINT('Ctrl Pts',(0.522365607160339,6.87065469889699,-5.81656121548644));
#12703=CARTESIAN_POINT('Ctrl Pts',(1.42729401674382,6.85775749314897,-5.58531202231));
#12704=CARTESIAN_POINT('Ctrl Pts',(2.3322224263273,6.84486028740095,-5.35406282913357));
#12705=CARTESIAN_POINT('Ctrl Pts',(3.1797982917846,6.83196308165293,-4.89838065899567));
#12706=CARTESIAN_POINT('Ctrl Pts',(3.87179494097926,6.81906587590491,-4.27107510533011));
#12707=CARTESIAN_POINT('Ctrl Pts',(4.56379159017391,6.80616867015689,-3.64376955166455));
#12708=CARTESIAN_POINT('Ctrl Pts',(5.10020902310592,6.79327146440887,-2.84484061447134));
#12709=CARTESIAN_POINT('Ctrl Pts',(5.41888111764709,6.78037425866086,-1.96687722965616));
#12710=CARTESIAN_POINT('Ctrl Pts',(5.73755321218826,6.76747705291284,-1.08891384484098));
#12711=CARTESIAN_POINT('Ctrl Pts',(5.83847996833859,6.75457984716482,-0.131916012403839));
#12712=CARTESIAN_POINT('Ctrl Pts',(5.70996486221735,6.7416826414168,0.793208573154842));
#12713=CARTESIAN_POINT('Ctrl Pts',(5.5814497560961,6.72878543566878,1.71833315871352));
#12714=CARTESIAN_POINT('Ctrl Pts',(5.22349278770328,6.71588822992076,2.61158449739374));
#12715=CARTESIAN_POINT('Ctrl Pts',(4.67757803831047,6.70299102417274,3.36944245471787));
#12716=CARTESIAN_POINT('Ctrl Pts',(4.13166328891766,6.69009381842472,4.127300412042));
#12717=CARTESIAN_POINT('Ctrl Pts',(3.39779075852487,6.6771966126767,4.74976498801005));
#12718=CARTESIAN_POINT('Ctrl Pts',(2.56100993270937,6.66429940692868,5.1646980887617));
#12719=CARTESIAN_POINT('Ctrl Pts',(1.72422910689387,6.65140220118066,5.57963118951335));
#12720=CARTESIAN_POINT('Ctrl Pts',(0.784539985655662,6.63850499543264,5.78703281504861));
#12721=CARTESIAN_POINT('Ctrl Pts',(-0.149155708988357,6.62560778968463,
5.76286664155182));
#12722=CARTESIAN_POINT('Ctrl Pts',(-1.08285140363237,6.61271058393661,5.73870046805503));
#12723=CARTESIAN_POINT('Ctrl Pts',(-2.01055367168219,6.59981337818859,5.4829664955262));
#12724=CARTESIAN_POINT('Ctrl Pts',(-2.82474972879812,6.58691617244057,5.02530262498293));
#12725=CARTESIAN_POINT('Ctrl Pts',(-3.63894578591405,6.57401896669256,4.56763875443967));
#12726=CARTESIAN_POINT('Ctrl Pts',(-4.33963563209609,6.56112176094454,3.90804498588197));
#12727=CARTESIAN_POINT('Ctrl Pts',(-4.84561571796112,6.54822455519651,3.12296138963176));
#12728=CARTESIAN_POINT('Ctrl Pts',(-5.35056953574139,6.53535350856228,2.33947016087037));
#12729=CARTESIAN_POINT('Ctrl Pts',(-5.66160264308505,6.52248246192805,1.43099764458091));
#12730=CARTESIAN_POINT('Ctrl Pts',(-5.74285995058294,6.50961141529383,0.502432781794557));
#12731=CARTESIAN_POINT('Origin',(0.,6.2,0.));
#12732=CARTESIAN_POINT('Ctrl Pts',(-5.3482045949115,6.2,-2.58762274261715));
#12733=CARTESIAN_POINT('Ctrl Pts',(-5.36011090596381,6.2,-2.56149807654868));
#12734=CARTESIAN_POINT('Ctrl Pts',(-5.37183561370642,6.2,-2.53527479641812));
#12735=CARTESIAN_POINT('Ctrl Pts',(-5.38336525515424,6.2,-2.50898268210818));
#12736=CARTESIAN_POINT('Ctrl Pts',(-5.45102737971985,6.2,-2.35468644301139));
#12737=CARTESIAN_POINT('Ctrl Pts',(-5.51205097916919,6.2,-2.19786122620587));
#12738=CARTESIAN_POINT('Ctrl Pts',(-5.56627658119829,6.2,-2.0389362447113));
#12739=CARTESIAN_POINT('Ctrl Pts',(-5.62042011728302,6.2,-1.88025178297494));
#12740=CARTESIAN_POINT('Ctrl Pts',(-5.66778649349573,6.2,-1.71947321412741));
#12741=CARTESIAN_POINT('Ctrl Pts',(-5.70816970759248,6.2,-1.55700708578664));
#12742=CARTESIAN_POINT('Ctrl Pts',(-5.72709572397893,6.2,-1.48086563256169));
#12743=CARTESIAN_POINT('Ctrl Pts',(-5.74448723897095,6.2,-1.40435328754162));
#12744=CARTESIAN_POINT('Ctrl Pts',(-5.76031919950109,6.2,-1.32751098434689));
#12745=CARTESIAN_POINT('Ctrl Pts',(-5.79420549238346,6.2,-1.16303983203088));
#12746=CARTESIAN_POINT('Ctrl Pts',(-5.82095054050801,6.2,-0.997057007193427));
#12747=CARTESIAN_POINT('Ctrl Pts',(-5.84055953969885,6.2,-0.830024872731984));
#12748=CARTESIAN_POINT('Ctrl Pts',(-5.85199614666257,6.2,-0.7326062919286));
#12749=CARTESIAN_POINT('Ctrl Pts',(-5.86100437619661,6.2,-0.634830734729363));
#12750=CARTESIAN_POINT('Ctrl Pts',(-5.86757709562305,6.2,-0.536790646828715));
#12751=CARTESIAN_POINT('Ctrl Pts',(-5.87062466156553,6.2,-0.491332501805458));
#12752=CARTESIAN_POINT('Ctrl Pts',(-5.8731485355576,6.2,-0.445817500121352));
#12753=CARTESIAN_POINT('Ctrl Pts',(-5.87514756987535,6.2,-0.400254954891704));
#12754=CARTESIAN_POINT('Ctrl Pts',(-5.87619442356616,6.2,-0.376394774897229));
#12755=CARTESIAN_POINT('Ctrl Pts',(-5.87709734041654,6.2,-0.352521557765318));
#12756=CARTESIAN_POINT('Ctrl Pts',(-5.8778561253799,6.2,-0.328636649959977));
#12757=CARTESIAN_POINT('Ctrl Pts',(-5.87850403034617,6.2,-0.308242004396983));
#12758=CARTESIAN_POINT('Ctrl Pts',(-5.87904666741676,6.2,-0.287843700084536));
#12759=CARTESIAN_POINT('Ctrl Pts',(-5.87948396678173,6.2,-0.267450407815901));
#12760=CARTESIAN_POINT('Ctrl Pts',(-5.88306961123808,6.2,-0.100235220173071));
#12761=CARTESIAN_POINT('Ctrl Pts',(-5.8795827467249,6.2,0.0668026271478576));
#12762=CARTESIAN_POINT('Ctrl Pts',(-5.86909641671345,6.2,0.233208040710243));
#12763=CARTESIAN_POINT('Ctrl Pts',(-5.8585905797794,6.2,0.39992300561405));
#12764=CARTESIAN_POINT('Ctrl Pts',(-5.84105916137927,6.2,0.566003935525409));
#12765=CARTESIAN_POINT('Ctrl Pts',(-5.81652330356721,6.2,0.730994247577795));
#12766=CARTESIAN_POINT('Ctrl Pts',(-5.79224768158782,6.2,0.894234615056443));
#12767=CARTESIAN_POINT('Ctrl Pts',(-5.7611152775008,6.2,1.05640808153956));
#12768=CARTESIAN_POINT('Ctrl Pts',(-5.72309697541596,6.2,1.21706262489889));
#12769=CARTESIAN_POINT('Ctrl Pts',(-5.70058415743436,6.2,1.31219539764858));
#12770=CARTESIAN_POINT('Ctrl Pts',(-5.67565586515854,6.2,1.40679532198894));
#12771=CARTESIAN_POINT('Ctrl Pts',(-5.64829799184106,6.2,1.50076537358864));
#12772=CARTESIAN_POINT('Ctrl Pts',(-5.61544204557974,6.2,1.61362045299131));
#12773=CARTESIAN_POINT('Ctrl Pts',(-5.57908202172265,6.2,1.72556729172201));
#12774=CARTESIAN_POINT('Ctrl Pts',(-5.53928338097249,6.2,1.83645793288525));
#12775=CARTESIAN_POINT('Ctrl Pts',(-5.53099165036004,6.2,1.85956111697989));
#12776=CARTESIAN_POINT('Ctrl Pts',(-5.52255062552623,6.2,1.88261842936831));
#12777=CARTESIAN_POINT('Ctrl Pts',(-5.51396084227785,6.2,1.90562848927578));
#12778=CARTESIAN_POINT('Ctrl Pts',(-5.50595195656789,6.2,1.92708245786259));
#12779=CARTESIAN_POINT('Ctrl Pts',(-5.49781511588222,6.2,1.94849158790242));
#12780=CARTESIAN_POINT('Ctrl Pts',(-5.48955441708824,6.2,1.96984594738315));
#12781=CARTESIAN_POINT('Ctrl Pts',(-5.42973510941476,6.2,2.12448213880069));
#12782=CARTESIAN_POINT('Ctrl Pts',(-5.36337319884197,6.2,2.276386891421));
#12783=CARTESIAN_POINT('Ctrl Pts',(-5.29073163715992,6.2,2.42517927254244));
#12784=CARTESIAN_POINT('Ctrl Pts',(-5.22371805207535,6.2,2.56244381726491));
#12785=CARTESIAN_POINT('Ctrl Pts',(-5.15135938111677,6.2,2.69705981106287));
#12786=CARTESIAN_POINT('Ctrl Pts',(-5.07382741192883,6.2,2.82871049307363));
#12787=CARTESIAN_POINT('Ctrl Pts',(-5.01567843503788,6.2,2.9274485045817));
#12788=CARTESIAN_POINT('Ctrl Pts',(-4.95461877527992,6.2,3.02451821692953));
#12789=CARTESIAN_POINT('Ctrl Pts',(-4.89071000026392,6.2,3.11977748333749));
#12790=CARTESIAN_POINT('Ctrl Pts',(-4.87190620207143,6.2,3.14780549703437));
#12791=CARTESIAN_POINT('Ctrl Pts',(-4.85285569671057,6.2,3.17567672478067));
#12792=CARTESIAN_POINT('Ctrl Pts',(-4.83355991160628,6.2,3.20338740314606));
#12793=CARTESIAN_POINT('Ctrl Pts',(-4.81898372183979,6.2,3.22432027031002));
#12794=CARTESIAN_POINT('Ctrl Pts',(-4.80427292139398,6.2,3.24515381284255));
#12795=CARTESIAN_POINT('Ctrl Pts',(-4.7894294367856,6.2,3.26588519283068));
#12796=CARTESIAN_POINT('Ctrl Pts',(-4.69331227694024,6.2,3.40012869539805));
#12797=CARTESIAN_POINT('Ctrl Pts',(-4.59162115680315,6.2,3.53011082929436));
#12798=CARTESIAN_POINT('Ctrl Pts',(-4.48458055772438,6.2,3.65543795399717));
#12799=CARTESIAN_POINT('Ctrl Pts',(-4.40691453051336,6.2,3.746372234646));
#12800=CARTESIAN_POINT('Ctrl Pts',(-4.32643127064527,6.2,3.83485533706147));
#12801=CARTESIAN_POINT('Ctrl Pts',(-4.24320360491686,6.2,3.9207255293856));
#12802=CARTESIAN_POINT('Ctrl Pts',(-4.12220140547249,6.2,4.04556961875173));
#12803=CARTESIAN_POINT('Ctrl Pts',(-3.99539943456453,6.2,4.16489320979832));
#12804=CARTESIAN_POINT('Ctrl Pts',(-3.86324117345067,6.2,4.27839054369847));
#12805=CARTESIAN_POINT('Origin',(6.46665367994894,6.2,-4.55474736038523));
#12806=CARTESIAN_POINT('Origin',(7.17785376188819,6.2,3.32291268411929));
#12807=CARTESIAN_POINT('Origin',(-0.711200081939254,6.2,-7.87766004450452));
#12808=CARTESIAN_POINT('Origin',(-6.46665367994893,6.2,4.55474736038523));
#12809=CARTESIAN_POINT('Origin',(0.,5.09581714392473,0.));
#12810=CARTESIAN_POINT('Ctrl Pts',(-6.02471853015234,6.30418285607527,0.527214667959874));
#12811=CARTESIAN_POINT('Ctrl Pts',(-5.99464222393525,6.30875691275266,0.873582529426424));
#12812=CARTESIAN_POINT('Ctrl Pts',(-5.76657812265708,6.32622817518013,2.18653117018453));
#12813=CARTESIAN_POINT('Ctrl Pts',(-4.6209466035628,6.35659664335768,4.26978003774101));
#12814=CARTESIAN_POINT('Ctrl Pts',(-2.09023394757988,6.39528826060792,5.93417862971376));
#12815=CARTESIAN_POINT('Ctrl Pts',(0.924938368683872,6.43397987785816,6.22321264858845));
#12816=CARTESIAN_POINT('Ctrl Pts',(3.7257361660674,6.47267149510839,5.06977675117613));
#12817=CARTESIAN_POINT('Ctrl Pts',(5.66296804100898,6.51136311235864,2.74127346021721));
#12818=CARTESIAN_POINT('Ctrl Pts',(6.28762491166594,6.55005472960887,-0.222618713304074));
#12819=CARTESIAN_POINT('Ctrl Pts',(5.45491838354025,6.58874634685911,-3.13490706185876));
#12820=CARTESIAN_POINT('Ctrl Pts',(3.35785724820819,6.62743796410935,-5.32058079745545));
#12821=CARTESIAN_POINT('Ctrl Pts',(0.482502868150777,6.66612958135958,-6.27303524114724));
#12822=CARTESIAN_POINT('Ctrl Pts',(-2.50468712968599,6.70482119860983,-5.77150976687603));
#12823=CARTESIAN_POINT('Ctrl Pts',(-4.91133427765182,6.74351281586005,-3.93224838274425));
#12824=CARTESIAN_POINT('Ctrl Pts',(-5.9970037322421,6.77663336834854,-1.57762187065244));
#12825=CARTESIAN_POINT('Ctrl Pts',(-6.07295465585322,6.79685671508695,-0.0276635798843826));
#12826=CARTESIAN_POINT('Ctrl Pts',(-6.02460191944112,6.80418285607527,0.527139175551949));
#12827=CARTESIAN_POINT('Ctrl Pts',(-2.19755848106423,6.20183017435673,-5.63468238011715));
#12828=CARTESIAN_POINT('Ctrl Pts',(-3.11077746856068,6.21472738010681,-5.2785217315377));
#12829=CARTESIAN_POINT('Ctrl Pts',(-4.7600261144739,6.24052179160696,-4.11432735883917));
#12830=CARTESIAN_POINT('Ctrl Pts',(-6.13089272416707,6.27921340885721,-1.41279829763577));
#12831=CARTESIAN_POINT('Ctrl Pts',(-6.08056372970325,6.31790502610744,1.61557083136188));
#12832=CARTESIAN_POINT('Ctrl Pts',(-4.6209466035628,6.35659664335768,4.26978003774101));
#12833=CARTESIAN_POINT('Ctrl Pts',(-2.09023394757988,6.39528826060792,5.93417862971376));
#12834=CARTESIAN_POINT('Ctrl Pts',(0.924938368683872,6.43397987785816,6.22321264858845));
#12835=CARTESIAN_POINT('Ctrl Pts',(3.7257361660674,6.47267149510839,5.06977675117613));
#12836=CARTESIAN_POINT('Ctrl Pts',(5.66296804100898,6.51136311235864,2.74127346021721));
#12837=CARTESIAN_POINT('Ctrl Pts',(6.28762491166594,6.55005472960887,-0.222618713304074));
#12838=CARTESIAN_POINT('Ctrl Pts',(5.45491838354025,6.58874634685911,-3.13490706185876));
#12839=CARTESIAN_POINT('Ctrl Pts',(3.35785724820819,6.62743796410935,-5.32058079745545));
#12840=CARTESIAN_POINT('Ctrl Pts',(0.482502868150777,6.66612958135958,-6.27303524114724));
#12841=CARTESIAN_POINT('Ctrl Pts',(-2.50468712968599,6.70482119860983,-5.77150976687603));
#12842=CARTESIAN_POINT('Ctrl Pts',(-4.91133427765182,6.74351281586005,-3.93224838274425));
#12843=CARTESIAN_POINT('Ctrl Pts',(-6.17961949155005,6.7822044331103,-1.18156033776667));
#12844=CARTESIAN_POINT('Ctrl Pts',(-6.01557636911454,6.82089605036054,1.84299292337244));
#12845=CARTESIAN_POINT('Ctrl Pts',(-4.45722722436096,6.85958766761076,4.44037243155837));
#12846=CARTESIAN_POINT('Ctrl Pts',(-1.86577030959296,6.89827928486101,6.00855083098883));
#12847=CARTESIAN_POINT('Ctrl Pts',(1.15813972616102,6.93697090211125,6.18405160642905));
#12848=CARTESIAN_POINT('Ctrl Pts',(3.91361310817225,6.97566251936149,4.92619674318231));
#12849=CARTESIAN_POINT('Ctrl Pts',(5.76197901642485,7.01435413661173,2.52653512198306));
#12850=CARTESIAN_POINT('Ctrl Pts',(6.27481836910612,7.05304575386196,-0.45873341170482));
#12851=CARTESIAN_POINT('Ctrl Pts',(5.33326392121415,7.0917373711122,-3.33767551690743));
#12852=CARTESIAN_POINT('Ctrl Pts',(3.15555162319322,7.13042898836243,-5.44300246755419));
#12853=CARTESIAN_POINT('Ctrl Pts',(0.246437322996697,7.16912060561268,-6.28673608122075));
#12854=CARTESIAN_POINT('Ctrl Pts',(-2.71979686398622,7.20781222286291,-5.67331357562245));
#12855=CARTESIAN_POINT('Ctrl Pts',(-5.05562942571451,7.24650384011315,-3.74491562240569));
#12856=CARTESIAN_POINT('Ctrl Pts',(-6.21965498628392,7.28519545736339,-0.948511338905235));
#12857=CARTESIAN_POINT('Ctrl Pts',(-5.94207265930007,7.32388707461363,2.06774138157715));
#12858=CARTESIAN_POINT('Ctrl Pts',(-4.28722120156536,7.36257869186386,4.60472760075278));
#12859=CARTESIAN_POINT('Ctrl Pts',(-1.63866640969129,7.40127030911411,6.07441802200702));
#12860=CARTESIAN_POINT('Ctrl Pts',(1.38970276633177,7.43996192636434,6.13616395920509));
#12861=CARTESIAN_POINT('Ctrl Pts',(4.09596300104239,7.47865354361458,4.77565377622602));
#12862=CARTESIAN_POINT('Ctrl Pts',(5.85285023097388,7.51734516086481,2.30823008179951));
#12863=CARTESIAN_POINT('Ctrl Pts',(6.25314852937476,7.55603677811506,-0.694201217304024));
#12864=CARTESIAN_POINT('Ctrl Pts',(5.20407573647361,7.59472839536529,-3.53572873638475));
#12865=CARTESIAN_POINT('Ctrl Pts',(2.94878863393295,7.63342001261554,-5.55773582356307));
#12866=CARTESIAN_POINT('Ctrl Pts',(0.0100236645574121,7.67211162986576,
-6.29155634613419));
#12867=CARTESIAN_POINT('Ctrl Pts',(-2.93106475468429,7.71080324711602,-5.56710355666279));
#12868=CARTESIAN_POINT('Ctrl Pts',(-5.19278304739626,7.74949486436623,-3.5522928338079));
#12869=CARTESIAN_POINT('Ctrl Pts',(-6.25090506893575,7.78818648161649,-0.714122637051397));
#12870=CARTESIAN_POINT('Ctrl Pts',(-5.86017486733681,7.82687809886672,2.28956925682785));
#12871=CARTESIAN_POINT('Ctrl Pts',(-4.11116023878798,7.86556971611696,4.76257783267886));
#12872=CARTESIAN_POINT('Ctrl Pts',(-1.40924570705142,7.9042613333672,6.1317056154334));
#12873=CARTESIAN_POINT('Ctrl Pts',(1.6192986004207,7.94295295061743,6.07960675772572));
#12874=CARTESIAN_POINT('Ctrl Pts',(4.27253540108215,7.98164456786767,4.61836853249224));
#12875=CARTESIAN_POINT('Ctrl Pts',(5.93543726976378,8.02033618511791,2.08665722668241));
#12876=CARTESIAN_POINT('Ctrl Pts',(6.22267900454391,8.05902780236814,-0.928673834065895));
#12877=CARTESIAN_POINT('Ctrl Pts',(5.06746978785257,8.0977194196184,-3.72881674681546));
#12878=CARTESIAN_POINT('Ctrl Pts',(2.73799470039428,8.13641103686861,-5.66455908660683));
#12879=CARTESIAN_POINT('Ctrl Pts',(-0.226685884233162,8.17510265411887,
-6.28761892420776));
#12880=CARTESIAN_POINT('Ctrl Pts',(-2.16715701575667,8.20089706561902,-5.73089509573132));
#12881=CARTESIAN_POINT('Ctrl Pts',(-3.01672879244609,8.2137942713691,-5.24197064044876));
#12882=CARTESIAN_POINT('Ctrl Pts',(-2.16319769033676,6.14723208390036,-5.54657908559857));
#12883=CARTESIAN_POINT('Ctrl Pts',(-3.06213768285395,6.16012928965044,-5.19598732704715));
#12884=CARTESIAN_POINT('Ctrl Pts',(-4.68559885231634,6.1859237011506,-4.04999617376284));
#12885=CARTESIAN_POINT('Ctrl Pts',(-6.03503073747459,6.22461531840084,-1.3907079336871));
#12886=CARTESIAN_POINT('Ctrl Pts',(-5.98548868181637,6.26330693565107,1.59030993763815));
#12887=CARTESIAN_POINT('Ctrl Pts',(-4.5486939738485,6.30199855290132,4.20301821110778));
#12888=CARTESIAN_POINT('Ctrl Pts',(-2.05755127184537,6.34069017015155,5.84139244368412));
#12889=CARTESIAN_POINT('Ctrl Pts',(0.910476130706584,6.3793817874018,6.12590715737476));
#12890=CARTESIAN_POINT('Ctrl Pts',(3.6674809515595,6.41807340465203,4.99050626100114));
#12891=CARTESIAN_POINT('Ctrl Pts',(5.57442247490453,6.45676502190227,2.69841119989288));
#12892=CARTESIAN_POINT('Ctrl Pts',(6.18931227715621,6.4954566391525,-0.219137870775523));
#12893=CARTESIAN_POINT('Ctrl Pts',(5.36962585975653,6.53414825640274,-3.0858899883971));
#12894=CARTESIAN_POINT('Ctrl Pts',(3.30535414934069,6.57283987365298,-5.23738876188266));
#12895=CARTESIAN_POINT('Ctrl Pts',(0.474958504612428,6.61153149090322,-6.17495072917431));
#12896=CARTESIAN_POINT('Ctrl Pts',(-2.46552410806789,6.65022310815346,-5.68126705388795));
#12897=CARTESIAN_POINT('Ctrl Pts',(-4.83454117714451,6.68891472540369,-3.87076416517635));
#12898=CARTESIAN_POINT('Ctrl Pts',(-6.08299561830425,6.72760634265393,-1.16308558596929));
#12899=CARTESIAN_POINT('Ctrl Pts',(-5.92151745668725,6.76629795990418,1.81417608200149));
#12900=CARTESIAN_POINT('Ctrl Pts',(-4.38753449345037,6.8049895771544,4.37094324039576));
#12901=CARTESIAN_POINT('Ctrl Pts',(-1.83659732343315,6.84368119440465,5.91460176912859));
#12902=CARTESIAN_POINT('Ctrl Pts',(1.14003117655622,6.88237281165487,6.0873584331063));
#12903=CARTESIAN_POINT('Ctrl Pts',(3.85242026977594,6.92106442890513,4.8491712547444));
#12904=CARTESIAN_POINT('Ctrl Pts',(5.67188532523734,6.95975604615535,2.48703048748067));
#12905=CARTESIAN_POINT('Ctrl Pts',(6.17670597633405,6.9984476634056,-0.451560704859876));
#12906=CARTESIAN_POINT('Ctrl Pts',(5.24987357366695,7.03713928065583,-3.28548797744449));
#12907=CARTESIAN_POINT('Ctrl Pts',(3.10621175356583,7.07583089790607,-5.35789625976572));
#12908=CARTESIAN_POINT('Ctrl Pts',(0.242584055219797,7.11452251515631,-6.18843734436936));
#12909=CARTESIAN_POINT('Ctrl Pts',(-2.6772704094368,7.15321413240655,-5.58460624783888));
#12910=CARTESIAN_POINT('Ctrl Pts',(-4.97658014161604,7.19190574965679,-3.68636051995799));
#12911=CARTESIAN_POINT('Ctrl Pts',(-6.12240512229973,7.23059736690702,-0.933680516472252));
#12912=CARTESIAN_POINT('Ctrl Pts',(-5.84916304306323,7.26928898415727,2.03541039721285));
#12913=CARTESIAN_POINT('Ctrl Pts',(-4.22018666674923,7.30798060140749,4.53272856964173));
#12914=CARTESIAN_POINT('Ctrl Pts',(-1.61304439596073,7.34667221865775,5.97943906775215));
#12915=CARTESIAN_POINT('Ctrl Pts',(1.36797352165465,7.38536383590797,6.0402195520421));
#12916=CARTESIAN_POINT('Ctrl Pts',(4.03191895911176,7.42405545315821,4.70098216161109));
#12917=CARTESIAN_POINT('Ctrl Pts',(5.76133568713869,7.46274707040846,2.27213884169146));
#12918=CARTESIAN_POINT('Ctrl Pts',(6.15537496391241,7.50143868765868,-0.683346760889748));
#12919=CARTESIAN_POINT('Ctrl Pts',(5.1227053616455,7.54013030490894,-3.4804444578425));
#12920=CARTESIAN_POINT('Ctrl Pts',(2.90268168841901,7.57882192215916,-5.47083565722048));
#12921=CARTESIAN_POINT('Ctrl Pts',(0.00986693560428455,7.6175135394094,
-6.19318224013318));
#12922=CARTESIAN_POINT('Ctrl Pts',(-2.88523493786158,7.65620515665965,-5.48005691744161));
#12923=CARTESIAN_POINT('Ctrl Pts',(-5.11158924385372,7.69489677390986,-3.49674956079971));
#12924=CARTESIAN_POINT('Ctrl Pts',(-6.15316658198227,7.73358839116013,-0.702956691436343));
#12925=CARTESIAN_POINT('Ctrl Pts',(-5.76854579626633,7.77228000841034,2.25376979539472));
#12926=CARTESIAN_POINT('Ctrl Pts',(-4.04687857446399,7.8109716256606,4.68811067212677));
#12927=CARTESIAN_POINT('Ctrl Pts',(-1.38721089103135,7.84966324291083,6.03583091845954));
#12928=CARTESIAN_POINT('Ctrl Pts',(1.59397941969637,7.88835486016106,5.9845466729509));
#12929=CARTESIAN_POINT('Ctrl Pts',(4.20573049188073,7.92704647741131,4.54615621322306));
#12930=CARTESIAN_POINT('Ctrl Pts',(5.84263140377216,7.96573809466154,2.0540304761755));
#12931=CARTESIAN_POINT('Ctrl Pts',(6.12538185733177,8.00442971191178,-0.914153188749115));
#12932=CARTESIAN_POINT('Ctrl Pts',(4.98823536911079,8.04312132916202,-3.67051336467457));
#12933=CARTESIAN_POINT('Ctrl Pts',(2.69518370640989,8.08181294641225,-5.57598864308259));
#12934=CARTESIAN_POINT('Ctrl Pts',(-0.223141447852457,8.1205045636625,-6.18930638331729));
#12935=CARTESIAN_POINT('Ctrl Pts',(-2.13327157910793,8.14629897516265,-5.6412874294224));
#12936=CARTESIAN_POINT('Ctrl Pts',(-2.96955954183821,8.15919618091273,-5.16000774493173));
#12937=CARTESIAN_POINT('Ctrl Pts',(-2.12883689960928,6.092633993444,-5.45847579108));
#12938=CARTESIAN_POINT('Ctrl Pts',(-3.01349789714723,6.10553119919408,-5.1134529225566));
#12939=CARTESIAN_POINT('Ctrl Pts',(-4.61117159015877,6.13132561069423,-3.98566498868651));
#12940=CARTESIAN_POINT('Ctrl Pts',(-5.93916875078212,6.17001722794448,-1.36861756973843));
#12941=CARTESIAN_POINT('Ctrl Pts',(-5.89041363392948,6.20870884519472,1.56504904391442));
#12942=CARTESIAN_POINT('Ctrl Pts',(-4.4764413441342,6.24740046244494,4.13625638447457));
#12943=CARTESIAN_POINT('Ctrl Pts',(-2.02486859611085,6.2860920796952,5.74860625765447));
#12944=CARTESIAN_POINT('Ctrl Pts',(0.896013892729297,6.32478369694542,6.0286016661611));
#12945=CARTESIAN_POINT('Ctrl Pts',(3.60922573705161,6.36347531419567,4.91123577082614));
#12946=CARTESIAN_POINT('Ctrl Pts',(5.48587690880007,6.4021669314459,2.65554893956856));
#12947=CARTESIAN_POINT('Ctrl Pts',(6.09099964264648,6.44085854869614,-0.215657028246975));
#12948=CARTESIAN_POINT('Ctrl Pts',(5.28433333597282,6.47955016594638,-3.03687291493544));
#12949=CARTESIAN_POINT('Ctrl Pts',(3.25285105047319,6.51824178319662,-5.15419672630986));
#12950=CARTESIAN_POINT('Ctrl Pts',(0.467414141074077,6.55693340044686,-6.0768662172014));
#12951=CARTESIAN_POINT('Ctrl Pts',(-2.4263610864498,6.59562501769709,-5.59102434089986));
#12952=CARTESIAN_POINT('Ctrl Pts',(-4.75774807663719,6.63431663494733,-3.80927994760845));
#12953=CARTESIAN_POINT('Ctrl Pts',(-5.98637174505846,6.67300825219757,-1.14461083417191));
#12954=CARTESIAN_POINT('Ctrl Pts',(-5.82745854425994,6.7116998694478,1.78535924063054));
#12955=CARTESIAN_POINT('Ctrl Pts',(-4.31784176253979,6.75039148669804,4.30151404923314));
#12956=CARTESIAN_POINT('Ctrl Pts',(-1.80742433727334,6.78908310394828,5.82065270726835));
#12957=CARTESIAN_POINT('Ctrl Pts',(1.12192262695142,6.82777472119851,5.99066525978355));
#12958=CARTESIAN_POINT('Ctrl Pts',(3.79122743137962,6.86646633844876,4.77214576630648));
#12959=CARTESIAN_POINT('Ctrl Pts',(5.58179163404985,6.90515795569899,2.44752585297828));
#12960=CARTESIAN_POINT('Ctrl Pts',(6.07859358356197,6.94384957294923,-0.444387998014934));
#12961=CARTESIAN_POINT('Ctrl Pts',(5.16648322611976,6.98254119019947,-3.23330043798154));
#12962=CARTESIAN_POINT('Ctrl Pts',(3.05687188393843,7.02123280744971,-5.27279005197725));
#12963=CARTESIAN_POINT('Ctrl Pts',(0.238730787442905,7.05992442469995,-6.09013860751796));
#12964=CARTESIAN_POINT('Ctrl Pts',(-2.63474395488738,7.09861604195018,-5.49589892005532));
#12965=CARTESIAN_POINT('Ctrl Pts',(-4.89753085751758,7.13730765920042,-3.62780541751029));
#12966=CARTESIAN_POINT('Ctrl Pts',(-6.02515525831554,7.17599927645065,-0.91884969403927));
#12967=CARTESIAN_POINT('Ctrl Pts',(-5.75625342682641,7.2146908937009,2.00307941284856));
#12968=CARTESIAN_POINT('Ctrl Pts',(-4.1531521319331,7.25338251095113,4.46072953853067));
#12969=CARTESIAN_POINT('Ctrl Pts',(-1.58742238223016,7.29207412820138,5.8844601134973));
#12970=CARTESIAN_POINT('Ctrl Pts',(1.34624427697754,7.33076574545161,5.94427514487909));
#12971=CARTESIAN_POINT('Ctrl Pts',(3.96787491718112,7.36945736270184,4.62631054699617));
#12972=CARTESIAN_POINT('Ctrl Pts',(5.6698211433035,7.40814897995209,2.2360476015834));
#12973=CARTESIAN_POINT('Ctrl Pts',(6.05760139845006,7.44684059720232,-0.672492304475467));
#12974=CARTESIAN_POINT('Ctrl Pts',(5.04133498681738,7.48553221445257,-3.42516017930025));
#12975=CARTESIAN_POINT('Ctrl Pts',(2.85657474290507,7.5242238317028,-5.3839354908779));
#12976=CARTESIAN_POINT('Ctrl Pts',(0.00971020665115331,7.56291544895304,
-6.09480813413217));
#12977=CARTESIAN_POINT('Ctrl Pts',(-2.83940512103886,7.60160706620328,-5.39301027822041));
#12978=CARTESIAN_POINT('Ctrl Pts',(-5.03039544031118,7.6402986834535,-3.44120628779154));
#12979=CARTESIAN_POINT('Ctrl Pts',(-6.0554280950288,7.67899030070376,-0.691790745821282));
#12980=CARTESIAN_POINT('Ctrl Pts',(-5.67691672519584,7.71768191795398,2.21797033396158));
#12981=CARTESIAN_POINT('Ctrl Pts',(-3.98259691014,7.75637353520423,4.6136435115747));
#12982=CARTESIAN_POINT('Ctrl Pts',(-1.36517607501128,7.79506515245447,5.93995622148566));
#12983=CARTESIAN_POINT('Ctrl Pts',(1.56866023897203,7.83375676970469,5.8894865881761));
#12984=CARTESIAN_POINT('Ctrl Pts',(4.13892558267931,7.87244838695495,4.47394389395387));
#12985=CARTESIAN_POINT('Ctrl Pts',(5.74982553778052,7.91114000420517,2.0214037256686));
#12986=CARTESIAN_POINT('Ctrl Pts',(6.02808471011964,7.94983162145541,-0.899632543432329));
#12987=CARTESIAN_POINT('Ctrl Pts',(4.909000950369,7.98852323870566,-3.6122099825337));
#12988=CARTESIAN_POINT('Ctrl Pts',(2.65237271242551,8.02721485595588,-5.48741819955835));
#12989=CARTESIAN_POINT('Ctrl Pts',(-0.219597011471756,8.06590647320614,
-6.09099384242683));
#12990=CARTESIAN_POINT('Ctrl Pts',(-2.09938614245919,8.09170088470629,-5.55167976311348));
#12991=CARTESIAN_POINT('Ctrl Pts',(-2.92239029123033,8.10459809045637,-5.0780448494147));
#12992=CARTESIAN_POINT('Ctrl Pts',(-2.09447610888181,6.03803590298763,-5.37037249656142));
#12993=CARTESIAN_POINT('Ctrl Pts',(-2.9648581114405,6.05093310873771,-5.03091851806605));
#12994=CARTESIAN_POINT('Ctrl Pts',(-4.5367443280012,6.07672752023787,-3.92133380361018));
#12995=CARTESIAN_POINT('Ctrl Pts',(-5.84330676408965,6.11541913748811,-1.34652720578976));
#12996=CARTESIAN_POINT('Ctrl Pts',(-5.79533858604259,6.15411075473835,1.5397881501907));
#12997=CARTESIAN_POINT('Ctrl Pts',(-4.4041887144199,6.19280237198859,4.06949455784135));
#12998=CARTESIAN_POINT('Ctrl Pts',(-1.99218592037634,6.23149398923882,5.65582007162483));
#12999=CARTESIAN_POINT('Ctrl Pts',(0.881551654752008,6.27018560648907,5.93129617494743));
#13000=CARTESIAN_POINT('Ctrl Pts',(3.55097052254373,6.30887722373929,4.83196528065115));
#13001=CARTESIAN_POINT('Ctrl Pts',(5.3973313426956,6.34756884098954,2.61268667924423));
#13002=CARTESIAN_POINT('Ctrl Pts',(5.99268700813676,6.38626045823977,-0.212176185718425));
#13003=CARTESIAN_POINT('Ctrl Pts',(5.19904081218909,6.42495207549002,-2.98785584147379));
#13004=CARTESIAN_POINT('Ctrl Pts',(3.2003479516057,6.46364369274025,-5.07100469073707));
#13005=CARTESIAN_POINT('Ctrl Pts',(0.459869777535724,6.50233530999049,-5.97878170522847));
#13006=CARTESIAN_POINT('Ctrl Pts',(-2.38719806483171,6.54102692724072,-5.50078162791178));
#13007=CARTESIAN_POINT('Ctrl Pts',(-4.68095497612988,6.57971854449097,-3.74779573004056));
#13008=CARTESIAN_POINT('Ctrl Pts',(-5.88974787181265,6.6184101617412,-1.12613608237453));
#13009=CARTESIAN_POINT('Ctrl Pts',(-5.73339963183264,6.65710177899145,1.75654239925958));
#13010=CARTESIAN_POINT('Ctrl Pts',(-4.24814903162922,6.69579339624167,4.23208485807053));
#13011=CARTESIAN_POINT('Ctrl Pts',(-1.77825135111352,6.73448501349192,5.7267036454081));
#13012=CARTESIAN_POINT('Ctrl Pts',(1.10381407734663,6.77317663074215,5.8939720864608));
#13013=CARTESIAN_POINT('Ctrl Pts',(3.73003459298331,6.81186824799239,4.69512027786856));
#13014=CARTESIAN_POINT('Ctrl Pts',(5.49169794286234,6.85055986524263,2.40802121847588));
#13015=CARTESIAN_POINT('Ctrl Pts',(5.9804811907899,6.88925148249286,-0.437215291169994));
#13016=CARTESIAN_POINT('Ctrl Pts',(5.08309287857256,6.92794309974311,-3.18111289851859));
#13017=CARTESIAN_POINT('Ctrl Pts',(3.00753201431104,6.96663471699334,-5.18768384418878));
#13018=CARTESIAN_POINT('Ctrl Pts',(0.234877519666008,7.00532633424358,-5.99183987066656));
#13019=CARTESIAN_POINT('Ctrl Pts',(-2.59221750033796,7.04401795149382,-5.40719159227176));
#13020=CARTESIAN_POINT('Ctrl Pts',(-4.81848157341911,7.08270956874406,-3.56925031506259));
#13021=CARTESIAN_POINT('Ctrl Pts',(-5.92790539433135,7.1214011859943,-0.904018871606282));
#13022=CARTESIAN_POINT('Ctrl Pts',(-5.66334381058958,7.16009280324452,1.97074842848426));
#13023=CARTESIAN_POINT('Ctrl Pts',(-4.08611759711697,7.19878442049477,4.38873050741963));
#13024=CARTESIAN_POINT('Ctrl Pts',(-1.5618003684996,7.23747603774501,5.78948115924243));
#13025=CARTESIAN_POINT('Ctrl Pts',(1.32451503230042,7.27616765499525,5.84833073771611));
#13026=CARTESIAN_POINT('Ctrl Pts',(3.90383087525049,7.31485927224548,4.55163893238125));
#13027=CARTESIAN_POINT('Ctrl Pts',(5.57830659946831,7.35355088949572,2.19995636147535));
#13028=CARTESIAN_POINT('Ctrl Pts',(5.95982783298772,7.39224250674596,-0.661637848061187));
#13029=CARTESIAN_POINT('Ctrl Pts',(4.95996461198926,7.4309341239962,-3.369875900758));
#13030=CARTESIAN_POINT('Ctrl Pts',(2.81046779739113,7.46962574124644,-5.29703532453531));
#13031=CARTESIAN_POINT('Ctrl Pts',(0.00955347769802332,7.50831735849666,
-5.99643402813116));
#13032=CARTESIAN_POINT('Ctrl Pts',(-2.79357530421614,7.54700897574692,-5.30596363899921));
#13033=CARTESIAN_POINT('Ctrl Pts',(-4.94920163676864,7.58570059299714,-3.38566301478336));
#13034=CARTESIAN_POINT('Ctrl Pts',(-5.95768960807531,7.62439221024739,-0.680624800206223));
#13035=CARTESIAN_POINT('Ctrl Pts',(-5.58528765412536,7.66308382749762,2.18217087252844));
#13036=CARTESIAN_POINT('Ctrl Pts',(-3.91831524581601,7.70177544474787,4.53917635102262));
#13037=CARTESIAN_POINT('Ctrl Pts',(-1.34314125899122,7.7404670619981,5.84408152451179));
#13038=CARTESIAN_POINT('Ctrl Pts',(1.5433410582477,7.77915867924833,5.79442650340129));
#13039=CARTESIAN_POINT('Ctrl Pts',(4.07212067347788,7.81785029649857,4.40173157468468));
#13040=CARTESIAN_POINT('Ctrl Pts',(5.65701967178891,7.85654191374881,1.9887769751617));
#13041=CARTESIAN_POINT('Ctrl Pts',(5.93078756290749,7.89523353099904,-0.885111898115546));
#13042=CARTESIAN_POINT('Ctrl Pts',(4.82976653162722,7.93392514824929,-3.55390660039281));
#13043=CARTESIAN_POINT('Ctrl Pts',(2.60956171844111,7.97261676549953,-5.39884775603411));
#13044=CARTESIAN_POINT('Ctrl Pts',(-0.216052575091047,8.01130838274976,
-5.99268130153636));
#13045=CARTESIAN_POINT('Ctrl Pts',(-2.06550070581046,8.03710279424992,-5.46207209680456));
#13046=CARTESIAN_POINT('Ctrl Pts',(-2.87522104062245,8.05,-4.99608195389767));
#13047=CARTESIAN_POINT('Ctrl Pts',(-5.74200181452376,6.64038858470617,0.502412299268835));
#13048=CARTESIAN_POINT('Ctrl Pts',(-5.70695738768348,6.64595964946793,0.904514558962398));
#13049=CARTESIAN_POINT('Ctrl Pts',(-5.63009981809802,6.65153071422969,1.30293105633465));
#13050=CARTESIAN_POINT('Ctrl Pts',(-5.51191590512873,6.65710177899144,1.68868639545574));
#13051=CARTESIAN_POINT('Ctrl Pts',(-5.23831609843149,6.66999898474152,2.58172321886325));
#13052=CARTESIAN_POINT('Ctrl Pts',(-4.74323256503036,6.6828961904916,3.40690403846689));
#13053=CARTESIAN_POINT('Ctrl Pts',(-4.08404118491051,6.69579339624167,4.06859757949163));
#13054=CARTESIAN_POINT('Ctrl Pts',(-3.42484980479066,6.70869060199175,4.73029112051639));
#13055=CARTESIAN_POINT('Ctrl Pts',(-2.60155057795209,6.72158780774183,5.22849738296225));
#13056=CARTESIAN_POINT('Ctrl Pts',(-1.70955672645611,6.73448501349191,5.50547858769396));
#13057=CARTESIAN_POINT('Ctrl Pts',(-0.817562874960139,6.74738221924199,
5.78245979242567));
#13058=CARTESIAN_POINT('Ctrl Pts',(0.143125601193242,6.76027942499207,5.83821593944324));
#13059=CARTESIAN_POINT('Ctrl Pts',(1.06117325854271,6.77317663074215,5.66628537818665));
#13060=CARTESIAN_POINT('Ctrl Pts',(1.97922091589219,6.78607383649223,5.49435481693006));
#13061=CARTESIAN_POINT('Ctrl Pts',(2.85462775443775,6.79897104224231,5.09473754739931));
#13062=CARTESIAN_POINT('Ctrl Pts',(3.5859417320237,6.81186824799239,4.51374573606849));
#13063=CARTESIAN_POINT('Ctrl Pts',(4.31725570960965,6.82476545374247,3.93275392473767));
#13064=CARTESIAN_POINT('Ctrl Pts',(4.904476826236,6.83766265949255,3.17038757160677));
#13065=CARTESIAN_POINT('Ctrl Pts',(5.27955125920377,6.85055986524263,2.31499831010034));
#13066=CARTESIAN_POINT('Ctrl Pts',(5.65462569217153,6.86345707099271,1.45960904859392));
#13067=CARTESIAN_POINT('Ctrl Pts',(5.81755344148071,6.87635427674279,0.511196878711964));
#13068=CARTESIAN_POINT('Ctrl Pts',(5.74945259743242,6.88925148249286,-0.420325474120446));
#13069=CARTESIAN_POINT('Ctrl Pts',(5.68135175338412,6.90214868824294,-1.35184782695285));
#13070=CARTESIAN_POINT('Ctrl Pts',(5.38222231597834,6.91504589399303,-2.26648036273572));
#13071=CARTESIAN_POINT('Ctrl Pts',(4.8867307865652,6.92794309974311,-3.05822512157218));
#13072=CARTESIAN_POINT('Ctrl Pts',(4.39123925715206,6.94084030549319,-3.84996988040865));
#13073=CARTESIAN_POINT('Ctrl Pts',(3.69938563573155,6.95373751124326,-4.51882686229872));
#13074=CARTESIAN_POINT('Ctrl Pts',(2.89134974258045,6.96663471699334,-4.98728135765671));
#13075=CARTESIAN_POINT('Ctrl Pts',(2.08331384942936,6.97953192274342,-5.45573585301471));
#13076=CARTESIAN_POINT('Ctrl Pts',(1.15909568454768,6.9924291284935,-5.72378786184063));
#13077=CARTESIAN_POINT('Ctrl Pts',(0.225804098772851,7.00532633424358,-5.76037248652113));
#13078=CARTESIAN_POINT('Ctrl Pts',(-0.707487487001983,7.01822353999366,
-5.79695711120162));
#13079=CARTESIAN_POINT('Ctrl Pts',(-1.64985249366997,7.03112074574374,-5.60207435173669));
#13080=CARTESIAN_POINT('Ctrl Pts',(-2.49207900918416,7.04401795149382,-5.19830942580269));
#13081=CARTESIAN_POINT('Ctrl Pts',(-3.33430552469835,7.0569151572439,-4.79454449986869));
#13082=CARTESIAN_POINT('Ctrl Pts',(-4.07639354905873,7.06981236299398,-4.18189740746563));
#13083=CARTESIAN_POINT('Ctrl Pts',(-4.63234153139097,7.08270956874406,-3.43136862068805));
#13084=CARTESIAN_POINT('Ctrl Pts',(-5.18828951372319,7.09560677449414,-2.68083983391047));
#13085=CARTESIAN_POINT('Ctrl Pts',(-5.55809745402727,7.10850398024422,-1.79242935275838));
#13086=CARTESIAN_POINT('Ctrl Pts',(-5.69890782688901,7.12140118599429,-0.869096228833917));
#13087=CARTESIAN_POINT('Ctrl Pts',(-5.76800865239865,7.12773031889825,-0.415982727414428));
#13088=CARTESIAN_POINT('Ctrl Pts',(-5.78196169676538,7.13405945180221,0.0455409343489132));
#13089=CARTESIAN_POINT('Ctrl Pts',(-5.74197477979167,7.14038858470617,0.502350398625345));
#13090=CARTESIAN_POINT('Origin',(0.,1.7,0.));
#13091=CARTESIAN_POINT('Origin',(0.711200081939257,6.2,7.87766004450452));
#13092=CARTESIAN_POINT('Origin',(-7.17785376188819,6.2,-3.32291268411929));
#13093=UNCERTAINTY_MEASURE_WITH_UNIT(LENGTH_MEASURE(0.01),#13097,
'DISTANCE_ACCURACY_VALUE',
'Maximum model space distance between geometric entities at asserted c
onnectivities');
#13094=UNCERTAINTY_MEASURE_WITH_UNIT(LENGTH_MEASURE(0.01),#13097,
'DISTANCE_ACCURACY_VALUE',
'Maximum model space distance between geometric entities at asserted c
onnectivities');
#13095=(
GEOMETRIC_REPRESENTATION_CONTEXT(3)
GLOBAL_UNCERTAINTY_ASSIGNED_CONTEXT((#13093))
GLOBAL_UNIT_ASSIGNED_CONTEXT((#13097,#13099,#13100))
REPRESENTATION_CONTEXT('','3D')
);
#13096=(
GEOMETRIC_REPRESENTATION_CONTEXT(3)
GLOBAL_UNCERTAINTY_ASSIGNED_CONTEXT((#13094))
GLOBAL_UNIT_ASSIGNED_CONTEXT((#13097,#13099,#13100))
REPRESENTATION_CONTEXT('','3D')
);
#13097=(
LENGTH_UNIT()
NAMED_UNIT(*)
SI_UNIT(.MILLI.,.METRE.)
);
#13098=(
LENGTH_UNIT()
NAMED_UNIT(*)
SI_UNIT($,.METRE.)
);
#13099=(
NAMED_UNIT(*)
PLANE_ANGLE_UNIT()
SI_UNIT($,.RADIAN.)
);
#13100=(
NAMED_UNIT(*)
SI_UNIT($,.STERADIAN.)
SOLID_ANGLE_UNIT()
);
#13101=SHAPE_DEFINITION_REPRESENTATION(#13102,#13103);
#13102=PRODUCT_DEFINITION_SHAPE('',$,#13105);
#13103=SHAPE_REPRESENTATION('',(#4493),#13095);
#13104=PRODUCT_DEFINITION_CONTEXT('part definition',#13109,'design');
#13105=PRODUCT_DEFINITION('5.5 x 2.1 MM 10A DC Power Jack Socket',
'5.5 x 2.1 MM 10A DC Power Jack Socket v5',#13106,#13104);
#13106=PRODUCT_DEFINITION_FORMATION('',$,#13111);
#13107=PRODUCT_RELATED_PRODUCT_CATEGORY(
'5.5 x 2.1 MM 10A DC Power Jack Socket v5',
'5.5 x 2.1 MM 10A DC Power Jack Socket v5',(#13111));
#13108=APPLICATION_PROTOCOL_DEFINITION('international standard',
'automotive_design',2009,#13109);
#13109=APPLICATION_CONTEXT(
'Core Data for Automotive Mechanical Design Process');
#13110=PRODUCT_CONTEXT('part definition',#13109,'mechanical');
#13111=PRODUCT('5.5 x 2.1 MM 10A DC Power Jack Socket',
'5.5 x 2.1 MM 10A DC Power Jack Socket v5',$,(#13110));
#13112=PRESENTATION_STYLE_ASSIGNMENT((#13116));
#13113=PRESENTATION_STYLE_ASSIGNMENT((#13117));
#13114=PRESENTATION_STYLE_ASSIGNMENT((#13118));
#13115=PRESENTATION_STYLE_ASSIGNMENT((#13119));
#13116=SURFACE_STYLE_USAGE(.BOTH.,#13120);
#13117=SURFACE_STYLE_USAGE(.BOTH.,#13121);
#13118=SURFACE_STYLE_USAGE(.BOTH.,#13122);
#13119=SURFACE_STYLE_USAGE(.BOTH.,#13123);
#13120=SURFACE_SIDE_STYLE('',(#13124));
#13121=SURFACE_SIDE_STYLE('',(#13125));
#13122=SURFACE_SIDE_STYLE('',(#13126));
#13123=SURFACE_SIDE_STYLE('',(#13127));
#13124=SURFACE_STYLE_FILL_AREA(#13128);
#13125=SURFACE_STYLE_FILL_AREA(#13129);
#13126=SURFACE_STYLE_FILL_AREA(#13130);
#13127=SURFACE_STYLE_FILL_AREA(#13131);
#13128=FILL_AREA_STYLE('Steel - Satin',(#13132));
#13129=FILL_AREA_STYLE('Nylon 6-6 (White)',(#13133));
#13130=FILL_AREA_STYLE('Paek (Beige)',(#13134));
#13131=FILL_AREA_STYLE('Steel - Satin',(#13135));
#13132=FILL_AREA_STYLE_COLOUR('Steel - Satin',#13136);
#13133=FILL_AREA_STYLE_COLOUR('Nylon 6-6 (White)',#13137);
#13134=FILL_AREA_STYLE_COLOUR('Paek (Beige)',#13138);
#13135=FILL_AREA_STYLE_COLOUR('Steel - Satin',#13139);
#13136=COLOUR_RGB('Steel - Satin',0.627450980392157,0.627450980392157,0.627450980392157);
#13137=COLOUR_RGB('Nylon 6-6 (White)',0.,0.,0.);
#13138=COLOUR_RGB('Paek (Beige)',0.866666666666667,0.756862745098039,0.611764705882353);
#13139=COLOUR_RGB('Steel - Satin',1.,1.,1.);
ENDSEC;
END-ISO-10303-21;
