ISO-10303-21;
HEADER;
/* Generated by software containing ST-Developer
 * from STEP Tools, Inc. (www.steptools.com) 
 */

FILE_DESCRIPTION(
/* description */ (''),
/* implementation_level */ '2;1');

FILE_NAME(
/* name */ 'Power 5.5x2.1.step',
/* time_stamp */ '2024-06-10T17:33:04+03:00',
/* author */ (''),
/* organization */ (''),
/* preprocessor_version */ 'ST-DEVELOPER v20',
/* originating_system */ 'Autodesk Translation Framework v13.14.0.145',

/* authorisation */ '');

FILE_SCHEMA (('AUTOMOTIVE_DESIGN { 1 0 10303 214 3 1 1 }'));
ENDSEC;

DATA;
#10=MECHANICAL_DESIGN_GEOMETRIC_PRESENTATION_REPRESENTATION('',(#47,#48,
#49,#50,#51,#52),#2125);
#11=ITEM_DEFINED_TRANSFORMATION($,$,#1240,#1350);
#12=ITEM_DEFINED_TRANSFORMATION($,$,#1279,#1351);
#13=ITEM_DEFINED_TRANSFORMATION($,$,#1308,#1352);
#14=ITEM_DEFINED_TRANSFORMATION($,$,#1326,#1353);
#15=(
REPRESENTATION_RELATIONSHIP($,$,#2145,#2144)
REPRESENTATION_RELATIONSHIP_WITH_TRANSFORMATION(#11)
SHAPE_REPRESENTATION_RELATIONSHIP()
);
#16=(
REPRESENTATION_RELATIONSHIP($,$,#2146,#2144)
REPRESENTATION_RELATIONSHIP_WITH_TRANSFORMATION(#12)
SHAPE_REPRESENTATION_RELATIONSHIP()
);
#17=(
REPRESENTATION_RELATIONSHIP($,$,#2147,#2144)
REPRESENTATION_RELATIONSHIP_WITH_TRANSFORMATION(#13)
SHAPE_REPRESENTATION_RELATIONSHIP()
);
#18=(
REPRESENTATION_RELATIONSHIP($,$,#2148,#2144)
REPRESENTATION_RELATIONSHIP_WITH_TRANSFORMATION(#14)
SHAPE_REPRESENTATION_RELATIONSHIP()
);
#19=CONTEXT_DEPENDENT_SHAPE_REPRESENTATION(#15,#2140);
#20=CONTEXT_DEPENDENT_SHAPE_REPRESENTATION(#16,#2141);
#21=CONTEXT_DEPENDENT_SHAPE_REPRESENTATION(#17,#2142);
#22=CONTEXT_DEPENDENT_SHAPE_REPRESENTATION(#18,#2143);
#23=NEXT_ASSEMBLY_USAGE_OCCURRENCE('body:1','body:1','body:1',#2150,#2151,
'body:1');
#24=NEXT_ASSEMBLY_USAGE_OCCURRENCE('Pos.pin:1','Pos.pin:1','Pos.pin:1',
#2150,#2152,'Pos.pin:1');
#25=NEXT_ASSEMBLY_USAGE_OCCURRENCE('Neg pin:1','Neg pin:1','Neg pin:1',
#2150,#2153,'Neg pin:1');
#26=NEXT_ASSEMBLY_USAGE_OCCURRENCE('moun pin:1','moun pin:1',
'moun pin:1',#2150,#2154,'moun pin:1');
#27=B_SPLINE_CURVE_WITH_KNOTS('',3,(#1986,#1987,#1988,#1989,#1990,#1991,
#1992),.UNSPECIFIED.,.F.,.F.,(4,3,4),(-1.,-0.599980617966098,0.),
 .UNSPECIFIED.);
#28=B_SPLINE_CURVE_WITH_KNOTS('',3,(#1995,#1996,#1997,#1998,#1999,#2000,
#2001),.UNSPECIFIED.,.F.,.F.,(4,3,4),(0.,0.599980617966098,1.),
 .UNSPECIFIED.);
#29=B_SPLINE_CURVE_WITH_KNOTS('',3,(#2022,#2023,#2024,#2025,#2026,#2027,
#2028),.UNSPECIFIED.,.F.,.F.,(4,3,4),(0.,0.611505769896567,1.),
 .UNSPECIFIED.);
#30=B_SPLINE_CURVE_WITH_KNOTS('',3,(#2029,#2030,#2031,#2032,#2033,#2034,
#2035),.UNSPECIFIED.,.F.,.F.,(4,3,4),(-1.,-0.611505769896567,0.),
 .UNSPECIFIED.);
#31=B_SPLINE_SURFACE_WITH_KNOTS('',3,1,((#1971,#1972),(#1973,#1974),(#1975,
#1976),(#1977,#1978),(#1979,#1980),(#1981,#1982),(#1983,#1984)),
 .UNSPECIFIED.,.F.,.F.,.F.,(4,3,4),(2,2),(-1.,-0.599980617966098,0.),(-0.14,
0.14),.UNSPECIFIED.);
#32=B_SPLINE_SURFACE_WITH_KNOTS('',3,1,((#2008,#2009),(#2010,#2011),(#2012,
#2013),(#2014,#2015),(#2016,#2017),(#2018,#2019),(#2020,#2021)),
 .UNSPECIFIED.,.F.,.F.,.F.,(4,3,4),(2,2),(0.,0.611505769896567,1.),(-0.14,
0.14),.UNSPECIFIED.);
#33=(
BOUNDED_SURFACE()
B_SPLINE_SURFACE(2,2,((#1875,#1876,#1877,#1878,#1879,#1880,#1881,#1882,
#1883),(#1884,#1885,#1886,#1887,#1888,#1889,#1890,#1891,#1892),(#1893,#1894,
#1895,#1896,#1897,#1898,#1899,#1900,#1901)),.UNSPECIFIED.,.F.,.T.,.F.)
B_SPLINE_SURFACE_WITH_KNOTS((3,3),(3,2,2,2,3),(-2.89934684989972E-16,1.5707963267949),
(-3.14159265358979,-1.5707963267949,0.,1.5707963267949,3.14159265358979),
 .UNSPECIFIED.)
GEOMETRIC_REPRESENTATION_ITEM()
RATIONAL_B_SPLINE_SURFACE(((1.,0.707106781186548,1.,0.707106781186548,1.,
0.707106781186548,1.,0.707106781186548,1.),(0.707106781186546,0.499999999999999,
0.707106781186546,0.499999999999999,0.707106781186546,0.499999999999999,
0.707106781186546,0.499999999999999,0.707106781186546),(1.,0.707106781186548,
1.,0.707106781186548,1.,0.707106781186548,1.,0.707106781186548,1.)))
REPRESENTATION_ITEM('')
SURFACE()
);
#34=SHAPE_REPRESENTATION_RELATIONSHIP('SRR','None',#2145,#38);
#35=SHAPE_REPRESENTATION_RELATIONSHIP('SRR','None',#2146,#39);
#36=SHAPE_REPRESENTATION_RELATIONSHIP('SRR','None',#2147,#40);
#37=SHAPE_REPRESENTATION_RELATIONSHIP('SRR','None',#2148,#41);
#38=ADVANCED_BREP_SHAPE_REPRESENTATION('',(#42),#2121);
#39=ADVANCED_BREP_SHAPE_REPRESENTATION('',(#43,#44),#2122);
#40=ADVANCED_BREP_SHAPE_REPRESENTATION('',(#45),#2123);
#41=ADVANCED_BREP_SHAPE_REPRESENTATION('',(#46),#2124);
#42=MANIFOLD_SOLID_BREP('Body1',#1189);
#43=MANIFOLD_SOLID_BREP('Body1',#1190);
#44=MANIFOLD_SOLID_BREP('Body2',#1191);
#45=MANIFOLD_SOLID_BREP('Body1',#1192);
#46=MANIFOLD_SOLID_BREP('Body1',#1193);
#47=STYLED_ITEM('',(#2174),#1140);
#48=STYLED_ITEM('',(#2174),#42);
#49=STYLED_ITEM('',(#2175),#43);
#50=STYLED_ITEM('',(#2175),#44);
#51=STYLED_ITEM('',(#2175),#45);
#52=STYLED_ITEM('',(#2175),#46);
#53=CYLINDRICAL_SURFACE('',#1257,3.5);
#54=CYLINDRICAL_SURFACE('',#1260,0.25);
#55=CYLINDRICAL_SURFACE('',#1265,0.25);
#56=CYLINDRICAL_SURFACE('',#1269,0.25);
#57=CYLINDRICAL_SURFACE('',#1273,0.25);
#58=CYLINDRICAL_SURFACE('',#1274,3.25);
#59=CYLINDRICAL_SURFACE('',#1280,0.4);
#60=CYLINDRICAL_SURFACE('',#1287,1.35);
#61=CYLINDRICAL_SURFACE('',#1290,1.4);
#62=CYLINDRICAL_SURFACE('',#1293,1.9);
#63=CYLINDRICAL_SURFACE('',#1300,1.06);
#64=CYLINDRICAL_SURFACE('',#1305,1.4);
#65=CYLINDRICAL_SURFACE('',#1309,0.4);
#66=CYLINDRICAL_SURFACE('',#1312,1.35);
#67=CYLINDRICAL_SURFACE('',#1318,1.35);
#68=CYLINDRICAL_SURFACE('',#1327,0.4);
#69=CYLINDRICAL_SURFACE('',#1330,1.35);
#70=CYLINDRICAL_SURFACE('',#1336,1.35);
#71=CYLINDRICAL_SURFACE('',#1341,0.35);
#72=CYLINDRICAL_SURFACE('',#1344,0.35);
#73=FACE_BOUND('',#200,.T.);
#74=FACE_BOUND('',#221,.T.);
#75=FACE_BOUND('',#222,.T.);
#76=FACE_BOUND('',#229,.T.);
#77=FACE_BOUND('',#230,.T.);
#78=FACE_BOUND('',#235,.T.);
#79=FACE_BOUND('',#241,.T.);
#80=FACE_BOUND('',#251,.T.);
#81=FACE_BOUND('',#257,.T.);
#82=FACE_BOUND('',#264,.T.);
#83=CIRCLE('',#1248,3.5);
#84=CIRCLE('',#1250,0.25);
#85=CIRCLE('',#1251,0.25);
#86=CIRCLE('',#1252,0.25);
#87=CIRCLE('',#1253,0.25);
#88=CIRCLE('',#1254,3.25);
#89=CIRCLE('',#1258,3.5);
#90=CIRCLE('',#1261,0.25);
#91=CIRCLE('',#1263,0.25);
#92=CIRCLE('',#1267,0.25);
#93=CIRCLE('',#1272,0.25);
#94=CIRCLE('',#1275,3.25);
#95=CIRCLE('',#1281,0.4);
#96=CIRCLE('',#1282,0.4);
#97=CIRCLE('',#1284,1.35);
#98=CIRCLE('',#1285,1.9);
#99=CIRCLE('',#1286,1.4);
#100=CIRCLE('',#1288,1.35);
#101=CIRCLE('',#1291,1.4);
#102=CIRCLE('',#1294,1.9);
#103=CIRCLE('',#1296,0.31);
#104=CIRCLE('',#1297,0.75);
#105=CIRCLE('',#1298,1.06);
#106=CIRCLE('',#1299,1.06);
#107=CIRCLE('',#1301,1.06);
#108=CIRCLE('',#1304,1.4);
#109=CIRCLE('',#1306,1.4);
#110=CIRCLE('',#1310,0.4);
#111=CIRCLE('',#1311,0.4);
#112=CIRCLE('',#1313,1.35);
#113=CIRCLE('',#1314,1.35);
#114=CIRCLE('',#1316,1.35);
#115=CIRCLE('',#1319,1.35);
#116=CIRCLE('',#1328,0.4);
#117=CIRCLE('',#1329,0.4);
#118=CIRCLE('',#1331,1.35);
#119=CIRCLE('',#1332,1.35);
#120=CIRCLE('',#1335,1.35);
#121=CIRCLE('',#1337,1.35);
#122=CIRCLE('',#1339,0.35);
#123=CIRCLE('',#1340,0.35);
#124=CIRCLE('',#1342,0.35);
#125=CIRCLE('',#1345,0.35);
#126=FACE_OUTER_BOUND('',#192,.T.);
#127=FACE_OUTER_BOUND('',#193,.T.);
#128=FACE_OUTER_BOUND('',#194,.T.);
#129=FACE_OUTER_BOUND('',#195,.T.);
#130=FACE_OUTER_BOUND('',#196,.T.);
#131=FACE_OUTER_BOUND('',#197,.T.);
#132=FACE_OUTER_BOUND('',#198,.T.);
#133=FACE_OUTER_BOUND('',#199,.T.);
#134=FACE_OUTER_BOUND('',#201,.T.);
#135=FACE_OUTER_BOUND('',#202,.T.);
#136=FACE_OUTER_BOUND('',#203,.T.);
#137=FACE_OUTER_BOUND('',#204,.T.);
#138=FACE_OUTER_BOUND('',#205,.T.);
#139=FACE_OUTER_BOUND('',#206,.T.);
#140=FACE_OUTER_BOUND('',#207,.T.);
#141=FACE_OUTER_BOUND('',#208,.T.);
#142=FACE_OUTER_BOUND('',#209,.T.);
#143=FACE_OUTER_BOUND('',#210,.T.);
#144=FACE_OUTER_BOUND('',#211,.T.);
#145=FACE_OUTER_BOUND('',#212,.T.);
#146=FACE_OUTER_BOUND('',#213,.T.);
#147=FACE_OUTER_BOUND('',#214,.T.);
#148=FACE_OUTER_BOUND('',#215,.T.);
#149=FACE_OUTER_BOUND('',#216,.T.);
#150=FACE_OUTER_BOUND('',#217,.T.);
#151=FACE_OUTER_BOUND('',#218,.T.);
#152=FACE_OUTER_BOUND('',#219,.T.);
#153=FACE_OUTER_BOUND('',#220,.T.);
#154=FACE_OUTER_BOUND('',#223,.T.);
#155=FACE_OUTER_BOUND('',#224,.T.);
#156=FACE_OUTER_BOUND('',#225,.T.);
#157=FACE_OUTER_BOUND('',#226,.T.);
#158=FACE_OUTER_BOUND('',#227,.T.);
#159=FACE_OUTER_BOUND('',#228,.T.);
#160=FACE_OUTER_BOUND('',#231,.T.);
#161=FACE_OUTER_BOUND('',#232,.T.);
#162=FACE_OUTER_BOUND('',#233,.T.);
#163=FACE_OUTER_BOUND('',#234,.T.);
#164=FACE_OUTER_BOUND('',#236,.T.);
#165=FACE_OUTER_BOUND('',#237,.T.);
#166=FACE_OUTER_BOUND('',#238,.T.);
#167=FACE_OUTER_BOUND('',#239,.T.);
#168=FACE_OUTER_BOUND('',#240,.T.);
#169=FACE_OUTER_BOUND('',#242,.T.);
#170=FACE_OUTER_BOUND('',#243,.T.);
#171=FACE_OUTER_BOUND('',#244,.T.);
#172=FACE_OUTER_BOUND('',#245,.T.);
#173=FACE_OUTER_BOUND('',#246,.T.);
#174=FACE_OUTER_BOUND('',#247,.T.);
#175=FACE_OUTER_BOUND('',#248,.T.);
#176=FACE_OUTER_BOUND('',#249,.T.);
#177=FACE_OUTER_BOUND('',#250,.T.);
#178=FACE_OUTER_BOUND('',#252,.T.);
#179=FACE_OUTER_BOUND('',#253,.T.);
#180=FACE_OUTER_BOUND('',#254,.T.);
#181=FACE_OUTER_BOUND('',#255,.T.);
#182=FACE_OUTER_BOUND('',#256,.T.);
#183=FACE_OUTER_BOUND('',#258,.T.);
#184=FACE_OUTER_BOUND('',#259,.T.);
#185=FACE_OUTER_BOUND('',#260,.T.);
#186=FACE_OUTER_BOUND('',#261,.T.);
#187=FACE_OUTER_BOUND('',#262,.T.);
#188=FACE_OUTER_BOUND('',#263,.T.);
#189=FACE_OUTER_BOUND('',#265,.T.);
#190=FACE_OUTER_BOUND('',#266,.T.);
#191=FACE_OUTER_BOUND('',#267,.T.);
#192=EDGE_LOOP('',(#760,#761,#762,#763));
#193=EDGE_LOOP('',(#764,#765,#766,#767));
#194=EDGE_LOOP('',(#768,#769,#770,#771));
#195=EDGE_LOOP('',(#772,#773,#774,#775));
#196=EDGE_LOOP('',(#776,#777,#778,#779));
#197=EDGE_LOOP('',(#780,#781,#782,#783));
#198=EDGE_LOOP('',(#784,#785,#786,#787,#788,#789,#790,#791));
#199=EDGE_LOOP('',(#792,#793,#794,#795,#796,#797,#798,#799));
#200=EDGE_LOOP('',(#800));
#201=EDGE_LOOP('',(#801,#802,#803,#804));
#202=EDGE_LOOP('',(#805,#806,#807,#808));
#203=EDGE_LOOP('',(#809,#810,#811,#812,#813,#814));
#204=EDGE_LOOP('',(#815,#816,#817,#818,#819,#820));
#205=EDGE_LOOP('',(#821,#822,#823,#824));
#206=EDGE_LOOP('',(#825,#826,#827,#828,#829,#830,#831,#832));
#207=EDGE_LOOP('',(#833,#834,#835,#836));
#208=EDGE_LOOP('',(#837,#838,#839,#840));
#209=EDGE_LOOP('',(#841,#842,#843,#844,#845));
#210=EDGE_LOOP('',(#846,#847,#848,#849,#850,#851));
#211=EDGE_LOOP('',(#852,#853,#854,#855));
#212=EDGE_LOOP('',(#856,#857,#858,#859,#860,#861));
#213=EDGE_LOOP('',(#862,#863,#864,#865,#866));
#214=EDGE_LOOP('',(#867,#868,#869,#870));
#215=EDGE_LOOP('',(#871,#872,#873,#874));
#216=EDGE_LOOP('',(#875));
#217=EDGE_LOOP('',(#876,#877,#878,#879,#880,#881));
#218=EDGE_LOOP('',(#882,#883,#884,#885,#886,#887,#888,#889,#890,#891,#892,
#893));
#219=EDGE_LOOP('',(#894,#895,#896,#897));
#220=EDGE_LOOP('',(#898,#899,#900,#901));
#221=EDGE_LOOP('',(#902));
#222=EDGE_LOOP('',(#903));
#223=EDGE_LOOP('',(#904,#905,#906,#907));
#224=EDGE_LOOP('',(#908,#909,#910,#911));
#225=EDGE_LOOP('',(#912,#913,#914,#915));
#226=EDGE_LOOP('',(#916,#917,#918,#919));
#227=EDGE_LOOP('',(#920,#921,#922,#923));
#228=EDGE_LOOP('',(#924,#925,#926,#927));
#229=EDGE_LOOP('',(#928));
#230=EDGE_LOOP('',(#929));
#231=EDGE_LOOP('',(#930,#931,#932,#933,#934));
#232=EDGE_LOOP('',(#935,#936,#937,#938,#939));
#233=EDGE_LOOP('',(#940));
#234=EDGE_LOOP('',(#941));
#235=EDGE_LOOP('',(#942));
#236=EDGE_LOOP('',(#943,#944,#945,#946));
#237=EDGE_LOOP('',(#947));
#238=EDGE_LOOP('',(#948,#949,#950,#951));
#239=EDGE_LOOP('',(#952,#953,#954,#955));
#240=EDGE_LOOP('',(#956,#957,#958,#959,#960,#961));
#241=EDGE_LOOP('',(#962));
#242=EDGE_LOOP('',(#963,#964,#965,#966));
#243=EDGE_LOOP('',(#967,#968,#969,#970));
#244=EDGE_LOOP('',(#971,#972,#973,#974));
#245=EDGE_LOOP('',(#975,#976,#977,#978));
#246=EDGE_LOOP('',(#979,#980,#981,#982));
#247=EDGE_LOOP('',(#983,#984,#985,#986));
#248=EDGE_LOOP('',(#987,#988,#989,#990));
#249=EDGE_LOOP('',(#991,#992,#993,#994,#995,#996,#997,#998));
#250=EDGE_LOOP('',(#999,#1000,#1001,#1002,#1003,#1004));
#251=EDGE_LOOP('',(#1005));
#252=EDGE_LOOP('',(#1006,#1007,#1008,#1009,#1010,#1011,#1012,#1013));
#253=EDGE_LOOP('',(#1014,#1015,#1016,#1017));
#254=EDGE_LOOP('',(#1018,#1019,#1020,#1021));
#255=EDGE_LOOP('',(#1022,#1023,#1024,#1025));
#256=EDGE_LOOP('',(#1026,#1027,#1028,#1029,#1030,#1031));
#257=EDGE_LOOP('',(#1032));
#258=EDGE_LOOP('',(#1033,#1034,#1035,#1036));
#259=EDGE_LOOP('',(#1037,#1038,#1039,#1040,#1041,#1042,#1043,#1044));
#260=EDGE_LOOP('',(#1045,#1046,#1047,#1048));
#261=EDGE_LOOP('',(#1049,#1050,#1051,#1052));
#262=EDGE_LOOP('',(#1053,#1054,#1055,#1056));
#263=EDGE_LOOP('',(#1057,#1058,#1059,#1060,#1061,#1062));
#264=EDGE_LOOP('',(#1063));
#265=EDGE_LOOP('',(#1064,#1065,#1066,#1067));
#266=EDGE_LOOP('',(#1068,#1069,#1070,#1071));
#267=EDGE_LOOP('',(#1072,#1073,#1074,#1075,#1076,#1077,#1078,#1079));
#268=LINE('',#1702,#381);
#269=LINE('',#1704,#382);
#270=LINE('',#1706,#383);
#271=LINE('',#1707,#384);
#272=LINE('',#1710,#385);
#273=LINE('',#1712,#386);
#274=LINE('',#1713,#387);
#275=LINE('',#1716,#388);
#276=LINE('',#1717,#389);
#277=LINE('',#1721,#390);
#278=LINE('',#1723,#391);
#279=LINE('',#1725,#392);
#280=LINE('',#1726,#393);
#281=LINE('',#1730,#394);
#282=LINE('',#1731,#395);
#283=LINE('',#1732,#396);
#284=LINE('',#1735,#397);
#285=LINE('',#1736,#398);
#286=LINE('',#1738,#399);
#287=LINE('',#1740,#400);
#288=LINE('',#1743,#401);
#289=LINE('',#1749,#402);
#290=LINE('',#1753,#403);
#291=LINE('',#1757,#404);
#292=LINE('',#1760,#405);
#293=LINE('',#1766,#406);
#294=LINE('',#1768,#407);
#295=LINE('',#1770,#408);
#296=LINE('',#1771,#409);
#297=LINE('',#1775,#410);
#298=LINE('',#1777,#411);
#299=LINE('',#1779,#412);
#300=LINE('',#1780,#413);
#301=LINE('',#1783,#414);
#302=LINE('',#1784,#415);
#303=LINE('',#1787,#416);
#304=LINE('',#1788,#417);
#305=LINE('',#1791,#418);
#306=LINE('',#1794,#419);
#307=LINE('',#1799,#420);
#308=LINE('',#1800,#421);
#309=LINE('',#1801,#422);
#310=LINE('',#1803,#423);
#311=LINE('',#1805,#424);
#312=LINE('',#1811,#425);
#313=LINE('',#1812,#426);
#314=LINE('',#1813,#427);
#315=LINE('',#1815,#428);
#316=LINE('',#1817,#429);
#317=LINE('',#1820,#430);
#318=LINE('',#1821,#431);
#319=LINE('',#1825,#432);
#320=LINE('',#1827,#433);
#321=LINE('',#1831,#434);
#322=LINE('',#1834,#435);
#323=LINE('',#1841,#436);
#324=LINE('',#1848,#437);
#325=LINE('',#1851,#438);
#326=LINE('',#1856,#439);
#327=LINE('',#1859,#440);
#328=LINE('',#1862,#441);
#329=LINE('',#1863,#442);
#330=LINE('',#1866,#443);
#331=LINE('',#1870,#444);
#332=LINE('',#1871,#445);
#333=LINE('',#1911,#446);
#334=LINE('',#1920,#447);
#335=LINE('',#1927,#448);
#336=LINE('',#1934,#449);
#337=LINE('',#1937,#450);
#338=LINE('',#1940,#451);
#339=LINE('',#1944,#452);
#340=LINE('',#1946,#453);
#341=LINE('',#1947,#454);
#342=LINE('',#1950,#455);
#343=LINE('',#1951,#456);
#344=LINE('',#1955,#457);
#345=LINE('',#1959,#458);
#346=LINE('',#1960,#459);
#347=LINE('',#1961,#460);
#348=LINE('',#1965,#461);
#349=LINE('',#1967,#462);
#350=LINE('',#1969,#463);
#351=LINE('',#1970,#464);
#352=LINE('',#1994,#465);
#353=LINE('',#2004,#466);
#354=LINE('',#2006,#467);
#355=LINE('',#2007,#468);
#356=LINE('',#2037,#469);
#357=LINE('',#2039,#470);
#358=LINE('',#2046,#471);
#359=LINE('',#2053,#472);
#360=LINE('',#2056,#473);
#361=LINE('',#2059,#474);
#362=LINE('',#2061,#475);
#363=LINE('',#2062,#476);
#364=LINE('',#2065,#477);
#365=LINE('',#2067,#478);
#366=LINE('',#2069,#479);
#367=LINE('',#2073,#480);
#368=LINE('',#2077,#481);
#369=LINE('',#2081,#482);
#370=LINE('',#2083,#483);
#371=LINE('',#2085,#484);
#372=LINE('',#2089,#485);
#373=LINE('',#2093,#486);
#374=LINE('',#2094,#487);
#375=LINE('',#2097,#488);
#376=LINE('',#2100,#489);
#377=LINE('',#2102,#490);
#378=LINE('',#2105,#491);
#379=LINE('',#2106,#492);
#380=LINE('',#2108,#493);
#381=VECTOR('',#1360,10.);
#382=VECTOR('',#1361,10.);
#383=VECTOR('',#1362,10.);
#384=VECTOR('',#1363,10.);
#385=VECTOR('',#1366,10.);
#386=VECTOR('',#1367,10.);
#387=VECTOR('',#1368,10.);
#388=VECTOR('',#1371,10.);
#389=VECTOR('',#1372,10.);
#390=VECTOR('',#1375,10.);
#391=VECTOR('',#1376,10.);
#392=VECTOR('',#1377,10.);
#393=VECTOR('',#1378,10.);
#394=VECTOR('',#1381,10.);
#395=VECTOR('',#1382,10.);
#396=VECTOR('',#1383,10.);
#397=VECTOR('',#1386,10.);
#398=VECTOR('',#1387,10.);
#399=VECTOR('',#1390,10.);
#400=VECTOR('',#1391,10.);
#401=VECTOR('',#1394,10.);
#402=VECTOR('',#1399,10.);
#403=VECTOR('',#1402,10.);
#404=VECTOR('',#1405,10.);
#405=VECTOR('',#1408,10.);
#406=VECTOR('',#1413,10.);
#407=VECTOR('',#1414,10.);
#408=VECTOR('',#1415,10.);
#409=VECTOR('',#1416,10.);
#410=VECTOR('',#1419,10.);
#411=VECTOR('',#1420,10.);
#412=VECTOR('',#1421,10.);
#413=VECTOR('',#1422,10.);
#414=VECTOR('',#1427,10.);
#415=VECTOR('',#1428,10.);
#416=VECTOR('',#1431,10.);
#417=VECTOR('',#1432,10.);
#418=VECTOR('',#1435,10.);
#419=VECTOR('',#1438,10.);
#420=VECTOR('',#1443,10.);
#421=VECTOR('',#1444,10.);
#422=VECTOR('',#1445,10.);
#423=VECTOR('',#1448,10.);
#424=VECTOR('',#1451,10.);
#425=VECTOR('',#1456,10.);
#426=VECTOR('',#1457,10.);
#427=VECTOR('',#1458,10.);
#428=VECTOR('',#1461,10.);
#429=VECTOR('',#1464,10.);
#430=VECTOR('',#1467,10.);
#431=VECTOR('',#1468,10.);
#432=VECTOR('',#1473,10.);
#433=VECTOR('',#1476,10.);
#434=VECTOR('',#1481,3.25);
#435=VECTOR('',#1486,10.);
#436=VECTOR('',#1495,0.4);
#437=VECTOR('',#1502,10.);
#438=VECTOR('',#1505,10.);
#439=VECTOR('',#1510,10.);
#440=VECTOR('',#1513,10.);
#441=VECTOR('',#1516,10.);
#442=VECTOR('',#1517,10.);
#443=VECTOR('',#1520,1.4);
#444=VECTOR('',#1525,10.);
#445=VECTOR('',#1526,10.);
#446=VECTOR('',#1543,1.06);
#447=VECTOR('',#1556,1.4);
#448=VECTOR('',#1565,0.4);
#449=VECTOR('',#1572,10.);
#450=VECTOR('',#1575,10.);
#451=VECTOR('',#1578,10.);
#452=VECTOR('',#1581,10.);
#453=VECTOR('',#1582,10.);
#454=VECTOR('',#1583,10.);
#455=VECTOR('',#1586,10.);
#456=VECTOR('',#1587,10.);
#457=VECTOR('',#1592,10.);
#458=VECTOR('',#1595,10.);
#459=VECTOR('',#1596,10.);
#460=VECTOR('',#1597,10.);
#461=VECTOR('',#1600,10.);
#462=VECTOR('',#1601,10.);
#463=VECTOR('',#1602,10.);
#464=VECTOR('',#1603,10.);
#465=VECTOR('',#1604,10.);
#466=VECTOR('',#1607,10.);
#467=VECTOR('',#1608,10.);
#468=VECTOR('',#1609,10.);
#469=VECTOR('',#1612,10.);
#470=VECTOR('',#1615,10.);
#471=VECTOR('',#1624,0.4);
#472=VECTOR('',#1631,10.);
#473=VECTOR('',#1634,10.);
#474=VECTOR('',#1637,10.);
#475=VECTOR('',#1638,10.);
#476=VECTOR('',#1639,10.);
#477=VECTOR('',#1642,10.);
#478=VECTOR('',#1643,10.);
#479=VECTOR('',#1644,10.);
#480=VECTOR('',#1649,10.);
#481=VECTOR('',#1654,10.);
#482=VECTOR('',#1657,10.);
#483=VECTOR('',#1658,10.);
#484=VECTOR('',#1659,10.);
#485=VECTOR('',#1664,10.);
#486=VECTOR('',#1669,10.);
#487=VECTOR('',#1670,10.);
#488=VECTOR('',#1673,10.);
#489=VECTOR('',#1676,10.);
#490=VECTOR('',#1679,10.);
#491=VECTOR('',#1682,10.);
#492=VECTOR('',#1683,10.);
#493=VECTOR('',#1686,10.);
#494=VERTEX_POINT('',#1700);
#495=VERTEX_POINT('',#1701);
#496=VERTEX_POINT('',#1703);
#497=VERTEX_POINT('',#1705);
#498=VERTEX_POINT('',#1709);
#499=VERTEX_POINT('',#1711);
#500=VERTEX_POINT('',#1715);
#501=VERTEX_POINT('',#1719);
#502=VERTEX_POINT('',#1720);
#503=VERTEX_POINT('',#1722);
#504=VERTEX_POINT('',#1724);
#505=VERTEX_POINT('',#1728);
#506=VERTEX_POINT('',#1729);
#507=VERTEX_POINT('',#1734);
#508=VERTEX_POINT('',#1739);
#509=VERTEX_POINT('',#1741);
#510=VERTEX_POINT('',#1745);
#511=VERTEX_POINT('',#1746);
#512=VERTEX_POINT('',#1748);
#513=VERTEX_POINT('',#1750);
#514=VERTEX_POINT('',#1752);
#515=VERTEX_POINT('',#1754);
#516=VERTEX_POINT('',#1756);
#517=VERTEX_POINT('',#1758);
#518=VERTEX_POINT('',#1761);
#519=VERTEX_POINT('',#1764);
#520=VERTEX_POINT('',#1765);
#521=VERTEX_POINT('',#1767);
#522=VERTEX_POINT('',#1769);
#523=VERTEX_POINT('',#1773);
#524=VERTEX_POINT('',#1774);
#525=VERTEX_POINT('',#1776);
#526=VERTEX_POINT('',#1778);
#527=VERTEX_POINT('',#1786);
#528=VERTEX_POINT('',#1790);
#529=VERTEX_POINT('',#1792);
#530=VERTEX_POINT('',#1796);
#531=VERTEX_POINT('',#1797);
#532=VERTEX_POINT('',#1807);
#533=VERTEX_POINT('',#1808);
#534=VERTEX_POINT('',#1810);
#535=VERTEX_POINT('',#1819);
#536=VERTEX_POINT('',#1823);
#537=VERTEX_POINT('',#1829);
#538=VERTEX_POINT('',#1838);
#539=VERTEX_POINT('',#1840);
#540=VERTEX_POINT('',#1844);
#541=VERTEX_POINT('',#1845);
#542=VERTEX_POINT('',#1847);
#543=VERTEX_POINT('',#1849);
#544=VERTEX_POINT('',#1852);
#545=VERTEX_POINT('',#1855);
#546=VERTEX_POINT('',#1857);
#547=VERTEX_POINT('',#1861);
#548=VERTEX_POINT('',#1865);
#549=VERTEX_POINT('',#1869);
#550=VERTEX_POINT('',#1902);
#551=VERTEX_POINT('',#1904);
#552=VERTEX_POINT('',#1906);
#553=VERTEX_POINT('',#1910);
#554=VERTEX_POINT('',#1915);
#555=VERTEX_POINT('',#1918);
#556=VERTEX_POINT('',#1924);
#557=VERTEX_POINT('',#1926);
#558=VERTEX_POINT('',#1930);
#559=VERTEX_POINT('',#1931);
#560=VERTEX_POINT('',#1933);
#561=VERTEX_POINT('',#1935);
#562=VERTEX_POINT('',#1939);
#563=VERTEX_POINT('',#1941);
#564=VERTEX_POINT('',#1943);
#565=VERTEX_POINT('',#1945);
#566=VERTEX_POINT('',#1949);
#567=VERTEX_POINT('',#1953);
#568=VERTEX_POINT('',#1957);
#569=VERTEX_POINT('',#1958);
#570=VERTEX_POINT('',#1963);
#571=VERTEX_POINT('',#1964);
#572=VERTEX_POINT('',#1966);
#573=VERTEX_POINT('',#1968);
#574=VERTEX_POINT('',#1985);
#575=VERTEX_POINT('',#1993);
#576=VERTEX_POINT('',#2003);
#577=VERTEX_POINT('',#2005);
#578=VERTEX_POINT('',#2043);
#579=VERTEX_POINT('',#2045);
#580=VERTEX_POINT('',#2049);
#581=VERTEX_POINT('',#2050);
#582=VERTEX_POINT('',#2052);
#583=VERTEX_POINT('',#2054);
#584=VERTEX_POINT('',#2058);
#585=VERTEX_POINT('',#2060);
#586=VERTEX_POINT('',#2064);
#587=VERTEX_POINT('',#2066);
#588=VERTEX_POINT('',#2068);
#589=VERTEX_POINT('',#2072);
#590=VERTEX_POINT('',#2076);
#591=VERTEX_POINT('',#2078);
#592=VERTEX_POINT('',#2080);
#593=VERTEX_POINT('',#2082);
#594=VERTEX_POINT('',#2084);
#595=VERTEX_POINT('',#2088);
#596=VERTEX_POINT('',#2092);
#597=VERTEX_POINT('',#2096);
#598=VERTEX_POINT('',#2098);
#599=VERTEX_POINT('',#2104);
#600=EDGE_CURVE('',#494,#495,#268,.T.);
#601=EDGE_CURVE('',#494,#496,#269,.T.);
#602=EDGE_CURVE('',#497,#496,#270,.T.);
#603=EDGE_CURVE('',#495,#497,#271,.T.);
#604=EDGE_CURVE('',#495,#498,#272,.T.);
#605=EDGE_CURVE('',#499,#497,#273,.T.);
#606=EDGE_CURVE('',#498,#499,#274,.T.);
#607=EDGE_CURVE('',#496,#500,#275,.T.);
#608=EDGE_CURVE('',#500,#499,#276,.T.);
#609=EDGE_CURVE('',#501,#502,#277,.T.);
#610=EDGE_CURVE('',#502,#503,#278,.T.);
#611=EDGE_CURVE('',#503,#504,#279,.T.);
#612=EDGE_CURVE('',#504,#501,#280,.T.);
#613=EDGE_CURVE('',#505,#506,#281,.T.);
#614=EDGE_CURVE('',#505,#502,#282,.T.);
#615=EDGE_CURVE('',#506,#501,#283,.T.);
#616=EDGE_CURVE('',#507,#505,#284,.T.);
#617=EDGE_CURVE('',#507,#503,#285,.T.);
#618=EDGE_CURVE('',#498,#507,#286,.T.);
#619=EDGE_CURVE('',#506,#508,#287,.T.);
#620=EDGE_CURVE('',#508,#509,#83,.T.);
#621=EDGE_CURVE('',#509,#494,#288,.T.);
#622=EDGE_CURVE('',#510,#511,#84,.T.);
#623=EDGE_CURVE('',#512,#510,#289,.T.);
#624=EDGE_CURVE('',#513,#512,#85,.T.);
#625=EDGE_CURVE('',#514,#513,#290,.T.);
#626=EDGE_CURVE('',#515,#514,#86,.T.);
#627=EDGE_CURVE('',#516,#515,#291,.T.);
#628=EDGE_CURVE('',#517,#516,#87,.T.);
#629=EDGE_CURVE('',#517,#511,#292,.T.);
#630=EDGE_CURVE('',#518,#518,#88,.T.);
#631=EDGE_CURVE('',#519,#520,#293,.T.);
#632=EDGE_CURVE('',#521,#520,#294,.T.);
#633=EDGE_CURVE('',#522,#521,#295,.T.);
#634=EDGE_CURVE('',#519,#522,#296,.T.);
#635=EDGE_CURVE('',#523,#524,#297,.T.);
#636=EDGE_CURVE('',#525,#524,#298,.T.);
#637=EDGE_CURVE('',#526,#525,#299,.T.);
#638=EDGE_CURVE('',#523,#526,#300,.T.);
#639=EDGE_CURVE('',#524,#519,#89,.T.);
#640=EDGE_CURVE('',#523,#509,#301,.T.);
#641=EDGE_CURVE('',#520,#508,#302,.T.);
#642=EDGE_CURVE('',#527,#504,#303,.T.);
#643=EDGE_CURVE('',#520,#527,#304,.T.);
#644=EDGE_CURVE('',#516,#528,#305,.T.);
#645=EDGE_CURVE('',#528,#529,#90,.T.);
#646=EDGE_CURVE('',#529,#517,#306,.T.);
#647=EDGE_CURVE('',#530,#531,#91,.T.);
#648=EDGE_CURVE('',#525,#530,#307,.T.);
#649=EDGE_CURVE('',#529,#522,#308,.T.);
#650=EDGE_CURVE('',#531,#528,#309,.T.);
#651=EDGE_CURVE('',#531,#515,#310,.T.);
#652=EDGE_CURVE('',#514,#530,#311,.T.);
#653=EDGE_CURVE('',#532,#533,#92,.T.);
#654=EDGE_CURVE('',#534,#532,#312,.T.);
#655=EDGE_CURVE('',#534,#523,#313,.T.);
#656=EDGE_CURVE('',#526,#533,#314,.T.);
#657=EDGE_CURVE('',#533,#513,#315,.T.);
#658=EDGE_CURVE('',#512,#532,#316,.T.);
#659=EDGE_CURVE('',#511,#535,#317,.T.);
#660=EDGE_CURVE('',#521,#535,#318,.T.);
#661=EDGE_CURVE('',#535,#536,#93,.T.);
#662=EDGE_CURVE('',#536,#527,#319,.T.);
#663=EDGE_CURVE('',#536,#510,#320,.T.);
#664=EDGE_CURVE('',#537,#537,#94,.T.);
#665=EDGE_CURVE('',#537,#518,#321,.T.);
#666=EDGE_CURVE('',#534,#500,#322,.T.);
#667=EDGE_CURVE('',#538,#538,#95,.T.);
#668=EDGE_CURVE('',#538,#539,#323,.T.);
#669=EDGE_CURVE('',#539,#539,#96,.T.);
#670=EDGE_CURVE('',#540,#541,#97,.T.);
#671=EDGE_CURVE('',#540,#542,#324,.T.);
#672=EDGE_CURVE('',#542,#543,#98,.T.);
#673=EDGE_CURVE('',#543,#541,#325,.T.);
#674=EDGE_CURVE('',#544,#544,#99,.T.);
#675=EDGE_CURVE('',#541,#545,#326,.T.);
#676=EDGE_CURVE('',#545,#546,#100,.T.);
#677=EDGE_CURVE('',#546,#540,#327,.T.);
#678=EDGE_CURVE('',#547,#546,#328,.T.);
#679=EDGE_CURVE('',#547,#542,#329,.T.);
#680=EDGE_CURVE('',#544,#548,#330,.T.);
#681=EDGE_CURVE('',#548,#548,#101,.T.);
#682=EDGE_CURVE('',#549,#543,#331,.T.);
#683=EDGE_CURVE('',#545,#549,#332,.T.);
#684=EDGE_CURVE('',#547,#549,#102,.T.);
#685=EDGE_CURVE('',#550,#550,#103,.T.);
#686=EDGE_CURVE('',#550,#551,#104,.T.);
#687=EDGE_CURVE('',#551,#552,#105,.T.);
#688=EDGE_CURVE('',#552,#551,#106,.T.);
#689=EDGE_CURVE('',#552,#553,#333,.T.);
#690=EDGE_CURVE('',#553,#553,#107,.T.);
#691=EDGE_CURVE('',#554,#554,#108,.T.);
#692=EDGE_CURVE('',#555,#555,#109,.T.);
#693=EDGE_CURVE('',#555,#554,#334,.T.);
#694=EDGE_CURVE('',#556,#556,#110,.T.);
#695=EDGE_CURVE('',#556,#557,#335,.T.);
#696=EDGE_CURVE('',#557,#557,#111,.T.);
#697=EDGE_CURVE('',#558,#559,#112,.T.);
#698=EDGE_CURVE('',#559,#560,#336,.T.);
#699=EDGE_CURVE('',#560,#561,#113,.T.);
#700=EDGE_CURVE('',#561,#558,#337,.T.);
#701=EDGE_CURVE('',#562,#560,#338,.T.);
#702=EDGE_CURVE('',#563,#562,#114,.T.);
#703=EDGE_CURVE('',#564,#563,#339,.T.);
#704=EDGE_CURVE('',#564,#565,#340,.T.);
#705=EDGE_CURVE('',#561,#565,#341,.T.);
#706=EDGE_CURVE('',#559,#566,#342,.T.);
#707=EDGE_CURVE('',#562,#566,#343,.T.);
#708=EDGE_CURVE('',#566,#567,#115,.T.);
#709=EDGE_CURVE('',#567,#563,#344,.T.);
#710=EDGE_CURVE('',#568,#569,#345,.T.);
#711=EDGE_CURVE('',#565,#568,#346,.T.);
#712=EDGE_CURVE('',#569,#564,#347,.T.);
#713=EDGE_CURVE('',#570,#571,#348,.T.);
#714=EDGE_CURVE('',#572,#571,#349,.T.);
#715=EDGE_CURVE('',#573,#572,#350,.T.);
#716=EDGE_CURVE('',#570,#573,#351,.T.);
#717=EDGE_CURVE('',#574,#572,#27,.T.);
#718=EDGE_CURVE('',#575,#574,#352,.T.);
#719=EDGE_CURVE('',#573,#575,#28,.T.);
#720=EDGE_CURVE('',#576,#574,#353,.T.);
#721=EDGE_CURVE('',#577,#576,#354,.T.);
#722=EDGE_CURVE('',#575,#577,#355,.T.);
#723=EDGE_CURVE('',#568,#576,#29,.T.);
#724=EDGE_CURVE('',#577,#569,#30,.T.);
#725=EDGE_CURVE('',#570,#567,#356,.T.);
#726=EDGE_CURVE('',#571,#558,#357,.T.);
#727=EDGE_CURVE('',#578,#578,#116,.T.);
#728=EDGE_CURVE('',#578,#579,#358,.T.);
#729=EDGE_CURVE('',#579,#579,#117,.T.);
#730=EDGE_CURVE('',#580,#581,#118,.T.);
#731=EDGE_CURVE('',#581,#582,#359,.T.);
#732=EDGE_CURVE('',#582,#583,#119,.T.);
#733=EDGE_CURVE('',#583,#580,#360,.T.);
#734=EDGE_CURVE('',#584,#583,#361,.T.);
#735=EDGE_CURVE('',#585,#584,#362,.T.);
#736=EDGE_CURVE('',#580,#585,#363,.T.);
#737=EDGE_CURVE('',#586,#582,#364,.T.);
#738=EDGE_CURVE('',#587,#586,#365,.T.);
#739=EDGE_CURVE('',#588,#587,#366,.T.);
#740=EDGE_CURVE('',#584,#588,#120,.T.);
#741=EDGE_CURVE('',#588,#589,#367,.T.);
#742=EDGE_CURVE('',#589,#585,#121,.T.);
#743=EDGE_CURVE('',#590,#581,#368,.T.);
#744=EDGE_CURVE('',#591,#590,#122,.T.);
#745=EDGE_CURVE('',#592,#591,#369,.T.);
#746=EDGE_CURVE('',#593,#592,#370,.T.);
#747=EDGE_CURVE('',#593,#594,#371,.T.);
#748=EDGE_CURVE('',#586,#594,#123,.T.);
#749=EDGE_CURVE('',#594,#595,#372,.T.);
#750=EDGE_CURVE('',#595,#587,#124,.T.);
#751=EDGE_CURVE('',#596,#593,#373,.T.);
#752=EDGE_CURVE('',#596,#595,#374,.T.);
#753=EDGE_CURVE('',#590,#597,#375,.T.);
#754=EDGE_CURVE('',#597,#598,#125,.T.);
#755=EDGE_CURVE('',#598,#591,#376,.T.);
#756=EDGE_CURVE('',#589,#597,#377,.T.);
#757=EDGE_CURVE('',#592,#599,#378,.T.);
#758=EDGE_CURVE('',#599,#596,#379,.T.);
#759=EDGE_CURVE('',#599,#598,#380,.T.);
#760=ORIENTED_EDGE('',*,*,#600,.F.);
#761=ORIENTED_EDGE('',*,*,#601,.T.);
#762=ORIENTED_EDGE('',*,*,#602,.F.);
#763=ORIENTED_EDGE('',*,*,#603,.F.);
#764=ORIENTED_EDGE('',*,*,#604,.F.);
#765=ORIENTED_EDGE('',*,*,#603,.T.);
#766=ORIENTED_EDGE('',*,*,#605,.F.);
#767=ORIENTED_EDGE('',*,*,#606,.F.);
#768=ORIENTED_EDGE('',*,*,#607,.T.);
#769=ORIENTED_EDGE('',*,*,#608,.T.);
#770=ORIENTED_EDGE('',*,*,#605,.T.);
#771=ORIENTED_EDGE('',*,*,#602,.T.);
#772=ORIENTED_EDGE('',*,*,#609,.T.);
#773=ORIENTED_EDGE('',*,*,#610,.T.);
#774=ORIENTED_EDGE('',*,*,#611,.T.);
#775=ORIENTED_EDGE('',*,*,#612,.T.);
#776=ORIENTED_EDGE('',*,*,#613,.F.);
#777=ORIENTED_EDGE('',*,*,#614,.T.);
#778=ORIENTED_EDGE('',*,*,#609,.F.);
#779=ORIENTED_EDGE('',*,*,#615,.F.);
#780=ORIENTED_EDGE('',*,*,#616,.F.);
#781=ORIENTED_EDGE('',*,*,#617,.T.);
#782=ORIENTED_EDGE('',*,*,#610,.F.);
#783=ORIENTED_EDGE('',*,*,#614,.F.);
#784=ORIENTED_EDGE('',*,*,#604,.T.);
#785=ORIENTED_EDGE('',*,*,#618,.T.);
#786=ORIENTED_EDGE('',*,*,#616,.T.);
#787=ORIENTED_EDGE('',*,*,#613,.T.);
#788=ORIENTED_EDGE('',*,*,#619,.T.);
#789=ORIENTED_EDGE('',*,*,#620,.T.);
#790=ORIENTED_EDGE('',*,*,#621,.T.);
#791=ORIENTED_EDGE('',*,*,#600,.T.);
#792=ORIENTED_EDGE('',*,*,#622,.F.);
#793=ORIENTED_EDGE('',*,*,#623,.F.);
#794=ORIENTED_EDGE('',*,*,#624,.F.);
#795=ORIENTED_EDGE('',*,*,#625,.F.);
#796=ORIENTED_EDGE('',*,*,#626,.F.);
#797=ORIENTED_EDGE('',*,*,#627,.F.);
#798=ORIENTED_EDGE('',*,*,#628,.F.);
#799=ORIENTED_EDGE('',*,*,#629,.T.);
#800=ORIENTED_EDGE('',*,*,#630,.T.);
#801=ORIENTED_EDGE('',*,*,#631,.T.);
#802=ORIENTED_EDGE('',*,*,#632,.F.);
#803=ORIENTED_EDGE('',*,*,#633,.F.);
#804=ORIENTED_EDGE('',*,*,#634,.F.);
#805=ORIENTED_EDGE('',*,*,#635,.T.);
#806=ORIENTED_EDGE('',*,*,#636,.F.);
#807=ORIENTED_EDGE('',*,*,#637,.F.);
#808=ORIENTED_EDGE('',*,*,#638,.F.);
#809=ORIENTED_EDGE('',*,*,#631,.F.);
#810=ORIENTED_EDGE('',*,*,#639,.F.);
#811=ORIENTED_EDGE('',*,*,#635,.F.);
#812=ORIENTED_EDGE('',*,*,#640,.T.);
#813=ORIENTED_EDGE('',*,*,#620,.F.);
#814=ORIENTED_EDGE('',*,*,#641,.F.);
#815=ORIENTED_EDGE('',*,*,#642,.F.);
#816=ORIENTED_EDGE('',*,*,#643,.F.);
#817=ORIENTED_EDGE('',*,*,#641,.T.);
#818=ORIENTED_EDGE('',*,*,#619,.F.);
#819=ORIENTED_EDGE('',*,*,#615,.T.);
#820=ORIENTED_EDGE('',*,*,#612,.F.);
#821=ORIENTED_EDGE('',*,*,#628,.T.);
#822=ORIENTED_EDGE('',*,*,#644,.T.);
#823=ORIENTED_EDGE('',*,*,#645,.T.);
#824=ORIENTED_EDGE('',*,*,#646,.T.);
#825=ORIENTED_EDGE('',*,*,#647,.F.);
#826=ORIENTED_EDGE('',*,*,#648,.F.);
#827=ORIENTED_EDGE('',*,*,#636,.T.);
#828=ORIENTED_EDGE('',*,*,#639,.T.);
#829=ORIENTED_EDGE('',*,*,#634,.T.);
#830=ORIENTED_EDGE('',*,*,#649,.F.);
#831=ORIENTED_EDGE('',*,*,#645,.F.);
#832=ORIENTED_EDGE('',*,*,#650,.F.);
#833=ORIENTED_EDGE('',*,*,#651,.F.);
#834=ORIENTED_EDGE('',*,*,#650,.T.);
#835=ORIENTED_EDGE('',*,*,#644,.F.);
#836=ORIENTED_EDGE('',*,*,#627,.T.);
#837=ORIENTED_EDGE('',*,*,#647,.T.);
#838=ORIENTED_EDGE('',*,*,#651,.T.);
#839=ORIENTED_EDGE('',*,*,#626,.T.);
#840=ORIENTED_EDGE('',*,*,#652,.T.);
#841=ORIENTED_EDGE('',*,*,#653,.F.);
#842=ORIENTED_EDGE('',*,*,#654,.F.);
#843=ORIENTED_EDGE('',*,*,#655,.T.);
#844=ORIENTED_EDGE('',*,*,#638,.T.);
#845=ORIENTED_EDGE('',*,*,#656,.T.);
#846=ORIENTED_EDGE('',*,*,#657,.F.);
#847=ORIENTED_EDGE('',*,*,#656,.F.);
#848=ORIENTED_EDGE('',*,*,#637,.T.);
#849=ORIENTED_EDGE('',*,*,#648,.T.);
#850=ORIENTED_EDGE('',*,*,#652,.F.);
#851=ORIENTED_EDGE('',*,*,#625,.T.);
#852=ORIENTED_EDGE('',*,*,#624,.T.);
#853=ORIENTED_EDGE('',*,*,#658,.T.);
#854=ORIENTED_EDGE('',*,*,#653,.T.);
#855=ORIENTED_EDGE('',*,*,#657,.T.);
#856=ORIENTED_EDGE('',*,*,#659,.F.);
#857=ORIENTED_EDGE('',*,*,#629,.F.);
#858=ORIENTED_EDGE('',*,*,#646,.F.);
#859=ORIENTED_EDGE('',*,*,#649,.T.);
#860=ORIENTED_EDGE('',*,*,#633,.T.);
#861=ORIENTED_EDGE('',*,*,#660,.T.);
#862=ORIENTED_EDGE('',*,*,#661,.F.);
#863=ORIENTED_EDGE('',*,*,#660,.F.);
#864=ORIENTED_EDGE('',*,*,#632,.T.);
#865=ORIENTED_EDGE('',*,*,#643,.T.);
#866=ORIENTED_EDGE('',*,*,#662,.F.);
#867=ORIENTED_EDGE('',*,*,#661,.T.);
#868=ORIENTED_EDGE('',*,*,#663,.T.);
#869=ORIENTED_EDGE('',*,*,#622,.T.);
#870=ORIENTED_EDGE('',*,*,#659,.T.);
#871=ORIENTED_EDGE('',*,*,#664,.T.);
#872=ORIENTED_EDGE('',*,*,#665,.T.);
#873=ORIENTED_EDGE('',*,*,#630,.F.);
#874=ORIENTED_EDGE('',*,*,#665,.F.);
#875=ORIENTED_EDGE('',*,*,#664,.F.);
#876=ORIENTED_EDGE('',*,*,#621,.F.);
#877=ORIENTED_EDGE('',*,*,#640,.F.);
#878=ORIENTED_EDGE('',*,*,#655,.F.);
#879=ORIENTED_EDGE('',*,*,#666,.T.);
#880=ORIENTED_EDGE('',*,*,#607,.F.);
#881=ORIENTED_EDGE('',*,*,#601,.F.);
#882=ORIENTED_EDGE('',*,*,#666,.F.);
#883=ORIENTED_EDGE('',*,*,#654,.T.);
#884=ORIENTED_EDGE('',*,*,#658,.F.);
#885=ORIENTED_EDGE('',*,*,#623,.T.);
#886=ORIENTED_EDGE('',*,*,#663,.F.);
#887=ORIENTED_EDGE('',*,*,#662,.T.);
#888=ORIENTED_EDGE('',*,*,#642,.T.);
#889=ORIENTED_EDGE('',*,*,#611,.F.);
#890=ORIENTED_EDGE('',*,*,#617,.F.);
#891=ORIENTED_EDGE('',*,*,#618,.F.);
#892=ORIENTED_EDGE('',*,*,#606,.T.);
#893=ORIENTED_EDGE('',*,*,#608,.F.);
#894=ORIENTED_EDGE('',*,*,#667,.F.);
#895=ORIENTED_EDGE('',*,*,#668,.T.);
#896=ORIENTED_EDGE('',*,*,#669,.F.);
#897=ORIENTED_EDGE('',*,*,#668,.F.);
#898=ORIENTED_EDGE('',*,*,#670,.F.);
#899=ORIENTED_EDGE('',*,*,#671,.T.);
#900=ORIENTED_EDGE('',*,*,#672,.T.);
#901=ORIENTED_EDGE('',*,*,#673,.T.);
#902=ORIENTED_EDGE('',*,*,#667,.T.);
#903=ORIENTED_EDGE('',*,*,#674,.T.);
#904=ORIENTED_EDGE('',*,*,#670,.T.);
#905=ORIENTED_EDGE('',*,*,#675,.T.);
#906=ORIENTED_EDGE('',*,*,#676,.T.);
#907=ORIENTED_EDGE('',*,*,#677,.T.);
#908=ORIENTED_EDGE('',*,*,#677,.F.);
#909=ORIENTED_EDGE('',*,*,#678,.F.);
#910=ORIENTED_EDGE('',*,*,#679,.T.);
#911=ORIENTED_EDGE('',*,*,#671,.F.);
#912=ORIENTED_EDGE('',*,*,#674,.F.);
#913=ORIENTED_EDGE('',*,*,#680,.T.);
#914=ORIENTED_EDGE('',*,*,#681,.T.);
#915=ORIENTED_EDGE('',*,*,#680,.F.);
#916=ORIENTED_EDGE('',*,*,#675,.F.);
#917=ORIENTED_EDGE('',*,*,#673,.F.);
#918=ORIENTED_EDGE('',*,*,#682,.F.);
#919=ORIENTED_EDGE('',*,*,#683,.F.);
#920=ORIENTED_EDGE('',*,*,#684,.T.);
#921=ORIENTED_EDGE('',*,*,#682,.T.);
#922=ORIENTED_EDGE('',*,*,#672,.F.);
#923=ORIENTED_EDGE('',*,*,#679,.F.);
#924=ORIENTED_EDGE('',*,*,#676,.F.);
#925=ORIENTED_EDGE('',*,*,#683,.T.);
#926=ORIENTED_EDGE('',*,*,#684,.F.);
#927=ORIENTED_EDGE('',*,*,#678,.T.);
#928=ORIENTED_EDGE('',*,*,#669,.T.);
#929=ORIENTED_EDGE('',*,*,#681,.F.);
#930=ORIENTED_EDGE('',*,*,#685,.T.);
#931=ORIENTED_EDGE('',*,*,#686,.T.);
#932=ORIENTED_EDGE('',*,*,#687,.T.);
#933=ORIENTED_EDGE('',*,*,#688,.T.);
#934=ORIENTED_EDGE('',*,*,#686,.F.);
#935=ORIENTED_EDGE('',*,*,#688,.F.);
#936=ORIENTED_EDGE('',*,*,#689,.T.);
#937=ORIENTED_EDGE('',*,*,#690,.F.);
#938=ORIENTED_EDGE('',*,*,#689,.F.);
#939=ORIENTED_EDGE('',*,*,#687,.F.);
#940=ORIENTED_EDGE('',*,*,#685,.F.);
#941=ORIENTED_EDGE('',*,*,#691,.T.);
#942=ORIENTED_EDGE('',*,*,#690,.T.);
#943=ORIENTED_EDGE('',*,*,#692,.F.);
#944=ORIENTED_EDGE('',*,*,#693,.T.);
#945=ORIENTED_EDGE('',*,*,#691,.F.);
#946=ORIENTED_EDGE('',*,*,#693,.F.);
#947=ORIENTED_EDGE('',*,*,#692,.T.);
#948=ORIENTED_EDGE('',*,*,#694,.F.);
#949=ORIENTED_EDGE('',*,*,#695,.T.);
#950=ORIENTED_EDGE('',*,*,#696,.F.);
#951=ORIENTED_EDGE('',*,*,#695,.F.);
#952=ORIENTED_EDGE('',*,*,#697,.T.);
#953=ORIENTED_EDGE('',*,*,#698,.T.);
#954=ORIENTED_EDGE('',*,*,#699,.T.);
#955=ORIENTED_EDGE('',*,*,#700,.T.);
#956=ORIENTED_EDGE('',*,*,#699,.F.);
#957=ORIENTED_EDGE('',*,*,#701,.F.);
#958=ORIENTED_EDGE('',*,*,#702,.F.);
#959=ORIENTED_EDGE('',*,*,#703,.F.);
#960=ORIENTED_EDGE('',*,*,#704,.T.);
#961=ORIENTED_EDGE('',*,*,#705,.F.);
#962=ORIENTED_EDGE('',*,*,#696,.T.);
#963=ORIENTED_EDGE('',*,*,#698,.F.);
#964=ORIENTED_EDGE('',*,*,#706,.T.);
#965=ORIENTED_EDGE('',*,*,#707,.F.);
#966=ORIENTED_EDGE('',*,*,#701,.T.);
#967=ORIENTED_EDGE('',*,*,#702,.T.);
#968=ORIENTED_EDGE('',*,*,#707,.T.);
#969=ORIENTED_EDGE('',*,*,#708,.T.);
#970=ORIENTED_EDGE('',*,*,#709,.T.);
#971=ORIENTED_EDGE('',*,*,#710,.F.);
#972=ORIENTED_EDGE('',*,*,#711,.F.);
#973=ORIENTED_EDGE('',*,*,#704,.F.);
#974=ORIENTED_EDGE('',*,*,#712,.F.);
#975=ORIENTED_EDGE('',*,*,#713,.T.);
#976=ORIENTED_EDGE('',*,*,#714,.F.);
#977=ORIENTED_EDGE('',*,*,#715,.F.);
#978=ORIENTED_EDGE('',*,*,#716,.F.);
#979=ORIENTED_EDGE('',*,*,#715,.T.);
#980=ORIENTED_EDGE('',*,*,#717,.F.);
#981=ORIENTED_EDGE('',*,*,#718,.F.);
#982=ORIENTED_EDGE('',*,*,#719,.F.);
#983=ORIENTED_EDGE('',*,*,#718,.T.);
#984=ORIENTED_EDGE('',*,*,#720,.F.);
#985=ORIENTED_EDGE('',*,*,#721,.F.);
#986=ORIENTED_EDGE('',*,*,#722,.F.);
#987=ORIENTED_EDGE('',*,*,#721,.T.);
#988=ORIENTED_EDGE('',*,*,#723,.F.);
#989=ORIENTED_EDGE('',*,*,#710,.T.);
#990=ORIENTED_EDGE('',*,*,#724,.F.);
#991=ORIENTED_EDGE('',*,*,#709,.F.);
#992=ORIENTED_EDGE('',*,*,#725,.F.);
#993=ORIENTED_EDGE('',*,*,#716,.T.);
#994=ORIENTED_EDGE('',*,*,#719,.T.);
#995=ORIENTED_EDGE('',*,*,#722,.T.);
#996=ORIENTED_EDGE('',*,*,#724,.T.);
#997=ORIENTED_EDGE('',*,*,#712,.T.);
#998=ORIENTED_EDGE('',*,*,#703,.T.);
#999=ORIENTED_EDGE('',*,*,#697,.F.);
#1000=ORIENTED_EDGE('',*,*,#726,.F.);
#1001=ORIENTED_EDGE('',*,*,#713,.F.);
#1002=ORIENTED_EDGE('',*,*,#725,.T.);
#1003=ORIENTED_EDGE('',*,*,#708,.F.);
#1004=ORIENTED_EDGE('',*,*,#706,.F.);
#1005=ORIENTED_EDGE('',*,*,#694,.T.);
#1006=ORIENTED_EDGE('',*,*,#700,.F.);
#1007=ORIENTED_EDGE('',*,*,#705,.T.);
#1008=ORIENTED_EDGE('',*,*,#711,.T.);
#1009=ORIENTED_EDGE('',*,*,#723,.T.);
#1010=ORIENTED_EDGE('',*,*,#720,.T.);
#1011=ORIENTED_EDGE('',*,*,#717,.T.);
#1012=ORIENTED_EDGE('',*,*,#714,.T.);
#1013=ORIENTED_EDGE('',*,*,#726,.T.);
#1014=ORIENTED_EDGE('',*,*,#727,.F.);
#1015=ORIENTED_EDGE('',*,*,#728,.T.);
#1016=ORIENTED_EDGE('',*,*,#729,.F.);
#1017=ORIENTED_EDGE('',*,*,#728,.F.);
#1018=ORIENTED_EDGE('',*,*,#730,.T.);
#1019=ORIENTED_EDGE('',*,*,#731,.T.);
#1020=ORIENTED_EDGE('',*,*,#732,.T.);
#1021=ORIENTED_EDGE('',*,*,#733,.T.);
#1022=ORIENTED_EDGE('',*,*,#733,.F.);
#1023=ORIENTED_EDGE('',*,*,#734,.F.);
#1024=ORIENTED_EDGE('',*,*,#735,.F.);
#1025=ORIENTED_EDGE('',*,*,#736,.F.);
#1026=ORIENTED_EDGE('',*,*,#732,.F.);
#1027=ORIENTED_EDGE('',*,*,#737,.F.);
#1028=ORIENTED_EDGE('',*,*,#738,.F.);
#1029=ORIENTED_EDGE('',*,*,#739,.F.);
#1030=ORIENTED_EDGE('',*,*,#740,.F.);
#1031=ORIENTED_EDGE('',*,*,#734,.T.);
#1032=ORIENTED_EDGE('',*,*,#729,.T.);
#1033=ORIENTED_EDGE('',*,*,#740,.T.);
#1034=ORIENTED_EDGE('',*,*,#741,.T.);
#1035=ORIENTED_EDGE('',*,*,#742,.T.);
#1036=ORIENTED_EDGE('',*,*,#735,.T.);
#1037=ORIENTED_EDGE('',*,*,#731,.F.);
#1038=ORIENTED_EDGE('',*,*,#743,.F.);
#1039=ORIENTED_EDGE('',*,*,#744,.F.);
#1040=ORIENTED_EDGE('',*,*,#745,.F.);
#1041=ORIENTED_EDGE('',*,*,#746,.F.);
#1042=ORIENTED_EDGE('',*,*,#747,.T.);
#1043=ORIENTED_EDGE('',*,*,#748,.F.);
#1044=ORIENTED_EDGE('',*,*,#737,.T.);
#1045=ORIENTED_EDGE('',*,*,#748,.T.);
#1046=ORIENTED_EDGE('',*,*,#749,.T.);
#1047=ORIENTED_EDGE('',*,*,#750,.T.);
#1048=ORIENTED_EDGE('',*,*,#738,.T.);
#1049=ORIENTED_EDGE('',*,*,#749,.F.);
#1050=ORIENTED_EDGE('',*,*,#747,.F.);
#1051=ORIENTED_EDGE('',*,*,#751,.F.);
#1052=ORIENTED_EDGE('',*,*,#752,.T.);
#1053=ORIENTED_EDGE('',*,*,#744,.T.);
#1054=ORIENTED_EDGE('',*,*,#753,.T.);
#1055=ORIENTED_EDGE('',*,*,#754,.T.);
#1056=ORIENTED_EDGE('',*,*,#755,.T.);
#1057=ORIENTED_EDGE('',*,*,#730,.F.);
#1058=ORIENTED_EDGE('',*,*,#736,.T.);
#1059=ORIENTED_EDGE('',*,*,#742,.F.);
#1060=ORIENTED_EDGE('',*,*,#756,.T.);
#1061=ORIENTED_EDGE('',*,*,#753,.F.);
#1062=ORIENTED_EDGE('',*,*,#743,.T.);
#1063=ORIENTED_EDGE('',*,*,#727,.T.);
#1064=ORIENTED_EDGE('',*,*,#751,.T.);
#1065=ORIENTED_EDGE('',*,*,#746,.T.);
#1066=ORIENTED_EDGE('',*,*,#757,.T.);
#1067=ORIENTED_EDGE('',*,*,#758,.T.);
#1068=ORIENTED_EDGE('',*,*,#755,.F.);
#1069=ORIENTED_EDGE('',*,*,#759,.F.);
#1070=ORIENTED_EDGE('',*,*,#757,.F.);
#1071=ORIENTED_EDGE('',*,*,#745,.T.);
#1072=ORIENTED_EDGE('',*,*,#741,.F.);
#1073=ORIENTED_EDGE('',*,*,#739,.T.);
#1074=ORIENTED_EDGE('',*,*,#750,.F.);
#1075=ORIENTED_EDGE('',*,*,#752,.F.);
#1076=ORIENTED_EDGE('',*,*,#758,.F.);
#1077=ORIENTED_EDGE('',*,*,#759,.T.);
#1078=ORIENTED_EDGE('',*,*,#754,.F.);
#1079=ORIENTED_EDGE('',*,*,#756,.F.);
#1080=PLANE('',#1241);
#1081=PLANE('',#1242);
#1082=PLANE('',#1243);
#1083=PLANE('',#1244);
#1084=PLANE('',#1245);
#1085=PLANE('',#1246);
#1086=PLANE('',#1247);
#1087=PLANE('',#1249);
#1088=PLANE('',#1255);
#1089=PLANE('',#1256);
#1090=PLANE('',#1259);
#1091=PLANE('',#1262);
#1092=PLANE('',#1264);
#1093=PLANE('',#1266);
#1094=PLANE('',#1268);
#1095=PLANE('',#1270);
#1096=PLANE('',#1271);
#1097=PLANE('',#1276);
#1098=PLANE('',#1277);
#1099=PLANE('',#1278);
#1100=PLANE('',#1283);
#1101=PLANE('',#1289);
#1102=PLANE('',#1292);
#1103=PLANE('',#1295);
#1104=PLANE('',#1302);
#1105=PLANE('',#1303);
#1106=PLANE('',#1307);
#1107=PLANE('',#1315);
#1108=PLANE('',#1317);
#1109=PLANE('',#1320);
#1110=PLANE('',#1321);
#1111=PLANE('',#1322);
#1112=PLANE('',#1323);
#1113=PLANE('',#1324);
#1114=PLANE('',#1325);
#1115=PLANE('',#1333);
#1116=PLANE('',#1334);
#1117=PLANE('',#1338);
#1118=PLANE('',#1343);
#1119=PLANE('',#1346);
#1120=PLANE('',#1347);
#1121=PLANE('',#1348);
#1122=PLANE('',#1349);
#1123=ADVANCED_FACE('',(#126),#1080,.T.);
#1124=ADVANCED_FACE('',(#127),#1081,.T.);
#1125=ADVANCED_FACE('',(#128),#1082,.T.);
#1126=ADVANCED_FACE('',(#129),#1083,.T.);
#1127=ADVANCED_FACE('',(#130),#1084,.T.);
#1128=ADVANCED_FACE('',(#131),#1085,.T.);
#1129=ADVANCED_FACE('',(#132),#1086,.T.);
#1130=ADVANCED_FACE('',(#133,#73),#1087,.F.);
#1131=ADVANCED_FACE('',(#134),#1088,.F.);
#1132=ADVANCED_FACE('',(#135),#1089,.F.);
#1133=ADVANCED_FACE('',(#136),#53,.T.);
#1134=ADVANCED_FACE('',(#137),#1090,.T.);
#1135=ADVANCED_FACE('',(#138),#54,.T.);
#1136=ADVANCED_FACE('',(#139),#1091,.F.);
#1137=ADVANCED_FACE('',(#140),#1092,.T.);
#1138=ADVANCED_FACE('',(#141),#55,.T.);
#1139=ADVANCED_FACE('',(#142),#1093,.F.);
#1140=ADVANCED_FACE('',(#143),#1094,.F.);
#1141=ADVANCED_FACE('',(#144),#56,.T.);
#1142=ADVANCED_FACE('',(#145),#1095,.F.);
#1143=ADVANCED_FACE('',(#146),#1096,.F.);
#1144=ADVANCED_FACE('',(#147),#57,.T.);
#1145=ADVANCED_FACE('',(#148),#58,.F.);
#1146=ADVANCED_FACE('',(#149),#1097,.T.);
#1147=ADVANCED_FACE('',(#150),#1098,.T.);
#1148=ADVANCED_FACE('',(#151),#1099,.F.);
#1149=ADVANCED_FACE('',(#152),#59,.F.);
#1150=ADVANCED_FACE('',(#153,#74,#75),#1100,.T.);
#1151=ADVANCED_FACE('',(#154),#60,.T.);
#1152=ADVANCED_FACE('',(#155),#1101,.T.);
#1153=ADVANCED_FACE('',(#156),#61,.F.);
#1154=ADVANCED_FACE('',(#157),#1102,.T.);
#1155=ADVANCED_FACE('',(#158),#62,.T.);
#1156=ADVANCED_FACE('',(#159,#76,#77),#1103,.F.);
#1157=ADVANCED_FACE('',(#160),#33,.F.);
#1158=ADVANCED_FACE('',(#161),#63,.T.);
#1159=ADVANCED_FACE('',(#162),#1104,.T.);
#1160=ADVANCED_FACE('',(#163,#78),#1105,.F.);
#1161=ADVANCED_FACE('',(#164),#64,.T.);
#1162=ADVANCED_FACE('',(#165),#1106,.T.);
#1163=ADVANCED_FACE('',(#166),#65,.F.);
#1164=ADVANCED_FACE('',(#167),#66,.T.);
#1165=ADVANCED_FACE('',(#168,#79),#1107,.T.);
#1166=ADVANCED_FACE('',(#169),#1108,.T.);
#1167=ADVANCED_FACE('',(#170),#67,.T.);
#1168=ADVANCED_FACE('',(#171),#1109,.T.);
#1169=ADVANCED_FACE('',(#172),#1110,.T.);
#1170=ADVANCED_FACE('',(#173),#31,.T.);
#1171=ADVANCED_FACE('',(#174),#1111,.T.);
#1172=ADVANCED_FACE('',(#175),#32,.T.);
#1173=ADVANCED_FACE('',(#176),#1112,.T.);
#1174=ADVANCED_FACE('',(#177,#80),#1113,.T.);
#1175=ADVANCED_FACE('',(#178),#1114,.T.);
#1176=ADVANCED_FACE('',(#179),#68,.F.);
#1177=ADVANCED_FACE('',(#180),#69,.T.);
#1178=ADVANCED_FACE('',(#181),#1115,.F.);
#1179=ADVANCED_FACE('',(#182,#81),#1116,.F.);
#1180=ADVANCED_FACE('',(#183),#70,.T.);
#1181=ADVANCED_FACE('',(#184),#1117,.T.);
#1182=ADVANCED_FACE('',(#185),#71,.F.);
#1183=ADVANCED_FACE('',(#186),#1118,.F.);
#1184=ADVANCED_FACE('',(#187),#72,.T.);
#1185=ADVANCED_FACE('',(#188,#82),#1119,.T.);
#1186=ADVANCED_FACE('',(#189),#1120,.T.);
#1187=ADVANCED_FACE('',(#190),#1121,.T.);
#1188=ADVANCED_FACE('',(#191),#1122,.T.);
#1189=CLOSED_SHELL('',(#1123,#1124,#1125,#1126,#1127,#1128,#1129,#1130,
#1131,#1132,#1133,#1134,#1135,#1136,#1137,#1138,#1139,#1140,#1141,#1142,
#1143,#1144,#1145,#1146,#1147,#1148));
#1190=CLOSED_SHELL('',(#1149,#1150,#1151,#1152,#1153,#1154,#1155,#1156));
#1191=CLOSED_SHELL('',(#1157,#1158,#1159,#1160,#1161,#1162));
#1192=CLOSED_SHELL('',(#1163,#1164,#1165,#1166,#1167,#1168,#1169,#1170,
#1171,#1172,#1173,#1174,#1175));
#1193=CLOSED_SHELL('',(#1176,#1177,#1178,#1179,#1180,#1181,#1182,#1183,
#1184,#1185,#1186,#1187,#1188));
#1194=DERIVED_UNIT_ELEMENT(#1202,1.);
#1195=DERIVED_UNIT_ELEMENT(#2127,-3.);
#1196=DERIVED_UNIT_ELEMENT(#1202,1.);
#1197=DERIVED_UNIT_ELEMENT(#2127,-3.);
#1198=DERIVED_UNIT_ELEMENT(#1202,1.);
#1199=DERIVED_UNIT_ELEMENT(#2127,-3.);
#1200=DERIVED_UNIT_ELEMENT(#1202,1.);
#1201=DERIVED_UNIT_ELEMENT(#2127,-3.);
#1202=(
MASS_UNIT()
NAMED_UNIT(*)
SI_UNIT(.KILO.,.GRAM.)
);
#1203=DERIVED_UNIT((#1194,#1195));
#1204=DERIVED_UNIT((#1196,#1197));
#1205=DERIVED_UNIT((#1198,#1199));
#1206=DERIVED_UNIT((#1200,#1201));
#1207=MEASURE_REPRESENTATION_ITEM('density measure',
POSITIVE_RATIO_MEASURE(7850.),#1203);
#1208=MEASURE_REPRESENTATION_ITEM('density measure',
POSITIVE_RATIO_MEASURE(7850.),#1204);
#1209=MEASURE_REPRESENTATION_ITEM('density measure',
POSITIVE_RATIO_MEASURE(7850.),#1205);
#1210=MEASURE_REPRESENTATION_ITEM('density measure',
POSITIVE_RATIO_MEASURE(7850.),#1206);
#1211=PROPERTY_DEFINITION_REPRESENTATION(#1231,#1219);
#1212=PROPERTY_DEFINITION_REPRESENTATION(#1232,#1220);
#1213=PROPERTY_DEFINITION_REPRESENTATION(#1233,#1221);
#1214=PROPERTY_DEFINITION_REPRESENTATION(#1234,#1222);
#1215=PROPERTY_DEFINITION_REPRESENTATION(#1235,#1223);
#1216=PROPERTY_DEFINITION_REPRESENTATION(#1236,#1224);
#1217=PROPERTY_DEFINITION_REPRESENTATION(#1237,#1225);
#1218=PROPERTY_DEFINITION_REPRESENTATION(#1238,#1226);
#1219=REPRESENTATION('material name',(#1227),#2121);
#1220=REPRESENTATION('density',(#1207),#2121);
#1221=REPRESENTATION('material name',(#1228),#2122);
#1222=REPRESENTATION('density',(#1208),#2122);
#1223=REPRESENTATION('material name',(#1229),#2123);
#1224=REPRESENTATION('density',(#1209),#2123);
#1225=REPRESENTATION('material name',(#1230),#2124);
#1226=REPRESENTATION('density',(#1210),#2124);
#1227=DESCRIPTIVE_REPRESENTATION_ITEM('Steel','Steel');
#1228=DESCRIPTIVE_REPRESENTATION_ITEM('Steel','Steel');
#1229=DESCRIPTIVE_REPRESENTATION_ITEM('Steel','Steel');
#1230=DESCRIPTIVE_REPRESENTATION_ITEM('Steel','Steel');
#1231=PROPERTY_DEFINITION('material property','material name',#2151);
#1232=PROPERTY_DEFINITION('material property','density of part',#2151);
#1233=PROPERTY_DEFINITION('material property','material name',#2152);
#1234=PROPERTY_DEFINITION('material property','density of part',#2152);
#1235=PROPERTY_DEFINITION('material property','material name',#2153);
#1236=PROPERTY_DEFINITION('material property','density of part',#2153);
#1237=PROPERTY_DEFINITION('material property','material name',#2154);
#1238=PROPERTY_DEFINITION('material property','density of part',#2154);
#1239=AXIS2_PLACEMENT_3D('',#1697,#1354,#1355);
#1240=AXIS2_PLACEMENT_3D('',#1698,#1356,#1357);
#1241=AXIS2_PLACEMENT_3D('',#1699,#1358,#1359);
#1242=AXIS2_PLACEMENT_3D('',#1708,#1364,#1365);
#1243=AXIS2_PLACEMENT_3D('',#1714,#1369,#1370);
#1244=AXIS2_PLACEMENT_3D('',#1718,#1373,#1374);
#1245=AXIS2_PLACEMENT_3D('',#1727,#1379,#1380);
#1246=AXIS2_PLACEMENT_3D('',#1733,#1384,#1385);
#1247=AXIS2_PLACEMENT_3D('',#1737,#1388,#1389);
#1248=AXIS2_PLACEMENT_3D('',#1742,#1392,#1393);
#1249=AXIS2_PLACEMENT_3D('',#1744,#1395,#1396);
#1250=AXIS2_PLACEMENT_3D('',#1747,#1397,#1398);
#1251=AXIS2_PLACEMENT_3D('',#1751,#1400,#1401);
#1252=AXIS2_PLACEMENT_3D('',#1755,#1403,#1404);
#1253=AXIS2_PLACEMENT_3D('',#1759,#1406,#1407);
#1254=AXIS2_PLACEMENT_3D('',#1762,#1409,#1410);
#1255=AXIS2_PLACEMENT_3D('',#1763,#1411,#1412);
#1256=AXIS2_PLACEMENT_3D('',#1772,#1417,#1418);
#1257=AXIS2_PLACEMENT_3D('',#1781,#1423,#1424);
#1258=AXIS2_PLACEMENT_3D('',#1782,#1425,#1426);
#1259=AXIS2_PLACEMENT_3D('',#1785,#1429,#1430);
#1260=AXIS2_PLACEMENT_3D('',#1789,#1433,#1434);
#1261=AXIS2_PLACEMENT_3D('',#1793,#1436,#1437);
#1262=AXIS2_PLACEMENT_3D('',#1795,#1439,#1440);
#1263=AXIS2_PLACEMENT_3D('',#1798,#1441,#1442);
#1264=AXIS2_PLACEMENT_3D('',#1802,#1446,#1447);
#1265=AXIS2_PLACEMENT_3D('',#1804,#1449,#1450);
#1266=AXIS2_PLACEMENT_3D('',#1806,#1452,#1453);
#1267=AXIS2_PLACEMENT_3D('',#1809,#1454,#1455);
#1268=AXIS2_PLACEMENT_3D('',#1814,#1459,#1460);
#1269=AXIS2_PLACEMENT_3D('',#1816,#1462,#1463);
#1270=AXIS2_PLACEMENT_3D('',#1818,#1465,#1466);
#1271=AXIS2_PLACEMENT_3D('',#1822,#1469,#1470);
#1272=AXIS2_PLACEMENT_3D('',#1824,#1471,#1472);
#1273=AXIS2_PLACEMENT_3D('',#1826,#1474,#1475);
#1274=AXIS2_PLACEMENT_3D('',#1828,#1477,#1478);
#1275=AXIS2_PLACEMENT_3D('',#1830,#1479,#1480);
#1276=AXIS2_PLACEMENT_3D('',#1832,#1482,#1483);
#1277=AXIS2_PLACEMENT_3D('',#1833,#1484,#1485);
#1278=AXIS2_PLACEMENT_3D('',#1835,#1487,#1488);
#1279=AXIS2_PLACEMENT_3D('',#1836,#1489,#1490);
#1280=AXIS2_PLACEMENT_3D('',#1837,#1491,#1492);
#1281=AXIS2_PLACEMENT_3D('',#1839,#1493,#1494);
#1282=AXIS2_PLACEMENT_3D('',#1842,#1496,#1497);
#1283=AXIS2_PLACEMENT_3D('',#1843,#1498,#1499);
#1284=AXIS2_PLACEMENT_3D('',#1846,#1500,#1501);
#1285=AXIS2_PLACEMENT_3D('',#1850,#1503,#1504);
#1286=AXIS2_PLACEMENT_3D('',#1853,#1506,#1507);
#1287=AXIS2_PLACEMENT_3D('',#1854,#1508,#1509);
#1288=AXIS2_PLACEMENT_3D('',#1858,#1511,#1512);
#1289=AXIS2_PLACEMENT_3D('',#1860,#1514,#1515);
#1290=AXIS2_PLACEMENT_3D('',#1864,#1518,#1519);
#1291=AXIS2_PLACEMENT_3D('',#1867,#1521,#1522);
#1292=AXIS2_PLACEMENT_3D('',#1868,#1523,#1524);
#1293=AXIS2_PLACEMENT_3D('',#1872,#1527,#1528);
#1294=AXIS2_PLACEMENT_3D('',#1873,#1529,#1530);
#1295=AXIS2_PLACEMENT_3D('',#1874,#1531,#1532);
#1296=AXIS2_PLACEMENT_3D('',#1903,#1533,#1534);
#1297=AXIS2_PLACEMENT_3D('',#1905,#1535,#1536);
#1298=AXIS2_PLACEMENT_3D('',#1907,#1537,#1538);
#1299=AXIS2_PLACEMENT_3D('',#1908,#1539,#1540);
#1300=AXIS2_PLACEMENT_3D('',#1909,#1541,#1542);
#1301=AXIS2_PLACEMENT_3D('',#1912,#1544,#1545);
#1302=AXIS2_PLACEMENT_3D('',#1913,#1546,#1547);
#1303=AXIS2_PLACEMENT_3D('',#1914,#1548,#1549);
#1304=AXIS2_PLACEMENT_3D('',#1916,#1550,#1551);
#1305=AXIS2_PLACEMENT_3D('',#1917,#1552,#1553);
#1306=AXIS2_PLACEMENT_3D('',#1919,#1554,#1555);
#1307=AXIS2_PLACEMENT_3D('',#1921,#1557,#1558);
#1308=AXIS2_PLACEMENT_3D('',#1922,#1559,#1560);
#1309=AXIS2_PLACEMENT_3D('',#1923,#1561,#1562);
#1310=AXIS2_PLACEMENT_3D('',#1925,#1563,#1564);
#1311=AXIS2_PLACEMENT_3D('',#1928,#1566,#1567);
#1312=AXIS2_PLACEMENT_3D('',#1929,#1568,#1569);
#1313=AXIS2_PLACEMENT_3D('',#1932,#1570,#1571);
#1314=AXIS2_PLACEMENT_3D('',#1936,#1573,#1574);
#1315=AXIS2_PLACEMENT_3D('',#1938,#1576,#1577);
#1316=AXIS2_PLACEMENT_3D('',#1942,#1579,#1580);
#1317=AXIS2_PLACEMENT_3D('',#1948,#1584,#1585);
#1318=AXIS2_PLACEMENT_3D('',#1952,#1588,#1589);
#1319=AXIS2_PLACEMENT_3D('',#1954,#1590,#1591);
#1320=AXIS2_PLACEMENT_3D('',#1956,#1593,#1594);
#1321=AXIS2_PLACEMENT_3D('',#1962,#1598,#1599);
#1322=AXIS2_PLACEMENT_3D('',#2002,#1605,#1606);
#1323=AXIS2_PLACEMENT_3D('',#2036,#1610,#1611);
#1324=AXIS2_PLACEMENT_3D('',#2038,#1613,#1614);
#1325=AXIS2_PLACEMENT_3D('',#2040,#1616,#1617);
#1326=AXIS2_PLACEMENT_3D('',#2041,#1618,#1619);
#1327=AXIS2_PLACEMENT_3D('',#2042,#1620,#1621);
#1328=AXIS2_PLACEMENT_3D('',#2044,#1622,#1623);
#1329=AXIS2_PLACEMENT_3D('',#2047,#1625,#1626);
#1330=AXIS2_PLACEMENT_3D('',#2048,#1627,#1628);
#1331=AXIS2_PLACEMENT_3D('',#2051,#1629,#1630);
#1332=AXIS2_PLACEMENT_3D('',#2055,#1632,#1633);
#1333=AXIS2_PLACEMENT_3D('',#2057,#1635,#1636);
#1334=AXIS2_PLACEMENT_3D('',#2063,#1640,#1641);
#1335=AXIS2_PLACEMENT_3D('',#2070,#1645,#1646);
#1336=AXIS2_PLACEMENT_3D('',#2071,#1647,#1648);
#1337=AXIS2_PLACEMENT_3D('',#2074,#1650,#1651);
#1338=AXIS2_PLACEMENT_3D('',#2075,#1652,#1653);
#1339=AXIS2_PLACEMENT_3D('',#2079,#1655,#1656);
#1340=AXIS2_PLACEMENT_3D('',#2086,#1660,#1661);
#1341=AXIS2_PLACEMENT_3D('',#2087,#1662,#1663);
#1342=AXIS2_PLACEMENT_3D('',#2090,#1665,#1666);
#1343=AXIS2_PLACEMENT_3D('',#2091,#1667,#1668);
#1344=AXIS2_PLACEMENT_3D('',#2095,#1671,#1672);
#1345=AXIS2_PLACEMENT_3D('',#2099,#1674,#1675);
#1346=AXIS2_PLACEMENT_3D('',#2101,#1677,#1678);
#1347=AXIS2_PLACEMENT_3D('',#2103,#1680,#1681);
#1348=AXIS2_PLACEMENT_3D('',#2107,#1684,#1685);
#1349=AXIS2_PLACEMENT_3D('',#2109,#1687,#1688);
#1350=AXIS2_PLACEMENT_3D('',#2110,#1689,#1690);
#1351=AXIS2_PLACEMENT_3D('',#2111,#1691,#1692);
#1352=AXIS2_PLACEMENT_3D('',#2112,#1693,#1694);
#1353=AXIS2_PLACEMENT_3D('',#2113,#1695,#1696);
#1354=DIRECTION('axis',(0.,0.,1.));
#1355=DIRECTION('refdir',(1.,0.,0.));
#1356=DIRECTION('axis',(0.,0.,1.));
#1357=DIRECTION('refdir',(1.,0.,0.));
#1358=DIRECTION('center_axis',(0.,0.,1.));
#1359=DIRECTION('ref_axis',(-1.,0.,0.));
#1360=DIRECTION('',(1.,0.,0.));
#1361=DIRECTION('',(0.,-1.,0.));
#1362=DIRECTION('',(-1.,0.,0.));
#1363=DIRECTION('',(0.,-1.,0.));
#1364=DIRECTION('center_axis',(1.,0.,0.));
#1365=DIRECTION('ref_axis',(0.,0.,1.));
#1366=DIRECTION('',(0.,0.,-1.));
#1367=DIRECTION('',(0.,0.,1.));
#1368=DIRECTION('',(0.,-1.,0.));
#1369=DIRECTION('center_axis',(0.,-1.,0.));
#1370=DIRECTION('ref_axis',(0.,0.,-1.));
#1371=DIRECTION('',(0.,0.,-1.));
#1372=DIRECTION('',(1.,0.,0.));
#1373=DIRECTION('center_axis',(0.,-1.,0.));
#1374=DIRECTION('ref_axis',(0.,0.,-1.));
#1375=DIRECTION('',(-1.,0.,0.));
#1376=DIRECTION('',(0.,0.,-1.));
#1377=DIRECTION('',(1.,0.,0.));
#1378=DIRECTION('',(0.,0.,1.));
#1379=DIRECTION('center_axis',(0.,0.,1.));
#1380=DIRECTION('ref_axis',(-1.,0.,0.));
#1381=DIRECTION('',(1.,0.,0.));
#1382=DIRECTION('',(0.,-1.,0.));
#1383=DIRECTION('',(0.,-1.,0.));
#1384=DIRECTION('center_axis',(-1.,0.,0.));
#1385=DIRECTION('ref_axis',(0.,0.,-1.));
#1386=DIRECTION('',(0.,0.,1.));
#1387=DIRECTION('',(0.,-1.,0.));
#1388=DIRECTION('center_axis',(0.,-1.,0.));
#1389=DIRECTION('ref_axis',(1.,0.,0.));
#1390=DIRECTION('',(1.,0.,3.83564265850382E-13));
#1391=DIRECTION('',(0.,0.,1.));
#1392=DIRECTION('center_axis',(0.,-1.,0.));
#1393=DIRECTION('ref_axis',(1.,0.,0.));
#1394=DIRECTION('',(3.82847875265901E-13,0.,-1.));
#1395=DIRECTION('center_axis',(0.,-1.,0.));
#1396=DIRECTION('ref_axis',(3.83564265850382E-13,0.,-1.));
#1397=DIRECTION('center_axis',(0.,-1.,0.));
#1398=DIRECTION('ref_axis',(0.707106781186818,0.,-0.707106781186277));
#1399=DIRECTION('',(1.,0.,3.83564265850382E-13));
#1400=DIRECTION('center_axis',(0.,-1.,0.));
#1401=DIRECTION('ref_axis',(-0.707106781186279,0.,-0.707106781186816));
#1402=DIRECTION('',(3.83564265850382E-13,0.,-1.));
#1403=DIRECTION('center_axis',(0.,-1.,0.));
#1404=DIRECTION('ref_axis',(-0.707106781186818,0.,0.707106781186277));
#1405=DIRECTION('',(-1.,0.,-3.83564265850382E-13));
#1406=DIRECTION('center_axis',(0.,-1.,0.));
#1407=DIRECTION('ref_axis',(0.707106781186281,0.,0.707106781186814));
#1408=DIRECTION('',(3.83564265850382E-13,0.,-1.));
#1409=DIRECTION('center_axis',(0.,-1.,0.));
#1410=DIRECTION('ref_axis',(0.,-2.22044604925031E-16,1.));
#1411=DIRECTION('center_axis',(3.83564265850382E-13,0.,-1.));
#1412=DIRECTION('ref_axis',(-1.,0.,-3.83564265850382E-13));
#1413=DIRECTION('',(0.,-1.,-2.22044604925031E-16));
#1414=DIRECTION('',(-1.,0.,-3.83564265850382E-13));
#1415=DIRECTION('',(0.,-1.,0.));
#1416=DIRECTION('',(1.,0.,3.83564265850382E-13));
#1417=DIRECTION('center_axis',(3.83564265850382E-13,0.,-1.));
#1418=DIRECTION('ref_axis',(-1.,0.,-3.83564265850382E-13));
#1419=DIRECTION('',(0.,1.,2.22044604925031E-16));
#1420=DIRECTION('',(1.,0.,3.83564265850382E-13));
#1421=DIRECTION('',(0.,1.,0.));
#1422=DIRECTION('',(-1.,0.,-3.83564265850382E-13));
#1423=DIRECTION('center_axis',(0.,-1.,-2.22044604925031E-16));
#1424=DIRECTION('ref_axis',(1.,0.,0.));
#1425=DIRECTION('center_axis',(0.,1.,0.));
#1426=DIRECTION('ref_axis',(1.,0.,0.));
#1427=DIRECTION('',(0.,-1.,0.));
#1428=DIRECTION('',(0.,-1.,0.));
#1429=DIRECTION('center_axis',(1.,0.,0.));
#1430=DIRECTION('ref_axis',(0.,0.,1.));
#1431=DIRECTION('',(0.,-1.,0.));
#1432=DIRECTION('',(0.,0.,-1.));
#1433=DIRECTION('center_axis',(0.,1.,0.));
#1434=DIRECTION('ref_axis',(0.707106781186281,0.,0.707106781186814));
#1435=DIRECTION('',(0.,-1.,0.));
#1436=DIRECTION('center_axis',(0.,1.,0.));
#1437=DIRECTION('ref_axis',(0.707106781186281,0.,0.707106781186814));
#1438=DIRECTION('',(0.,1.,0.));
#1439=DIRECTION('center_axis',(0.,1.,0.));
#1440=DIRECTION('ref_axis',(1.,0.,3.83564265850382E-13));
#1441=DIRECTION('center_axis',(0.,1.,0.));
#1442=DIRECTION('ref_axis',(-0.707106781186818,0.,0.707106781186277));
#1443=DIRECTION('',(-3.83564265850382E-13,0.,1.));
#1444=DIRECTION('',(3.83564265850382E-13,0.,-1.));
#1445=DIRECTION('',(1.,0.,3.83564265850382E-13));
#1446=DIRECTION('center_axis',(-3.83564265850382E-13,0.,1.));
#1447=DIRECTION('ref_axis',(0.,-1.,0.));
#1448=DIRECTION('',(0.,1.,0.));
#1449=DIRECTION('center_axis',(0.,-1.,0.));
#1450=DIRECTION('ref_axis',(-0.707106781186818,0.,0.707106781186277));
#1451=DIRECTION('',(0.,-1.,0.));
#1452=DIRECTION('center_axis',(0.,1.,0.));
#1453=DIRECTION('ref_axis',(-3.83564265850382E-13,0.,1.));
#1454=DIRECTION('center_axis',(0.,1.,0.));
#1455=DIRECTION('ref_axis',(-0.707106781186279,0.,-0.707106781186816));
#1456=DIRECTION('',(-1.,0.,-3.83564265850382E-13));
#1457=DIRECTION('',(-3.82847875265901E-13,0.,1.));
#1458=DIRECTION('',(3.83564265850382E-13,0.,-1.));
#1459=DIRECTION('center_axis',(1.,0.,3.83564265850382E-13));
#1460=DIRECTION('ref_axis',(-3.83564265850382E-13,0.,1.));
#1461=DIRECTION('',(0.,1.,0.));
#1462=DIRECTION('center_axis',(0.,1.,0.));
#1463=DIRECTION('ref_axis',(-0.707106781186279,0.,-0.707106781186816));
#1464=DIRECTION('',(0.,-1.,0.));
#1465=DIRECTION('center_axis',(-1.,0.,-3.83564265850382E-13));
#1466=DIRECTION('ref_axis',(3.83564265850382E-13,0.,-1.));
#1467=DIRECTION('',(0.,-1.,0.));
#1468=DIRECTION('',(3.83564265850382E-13,0.,-1.));
#1469=DIRECTION('center_axis',(0.,1.,0.));
#1470=DIRECTION('ref_axis',(-3.83564265850382E-13,0.,1.));
#1471=DIRECTION('center_axis',(0.,1.,0.));
#1472=DIRECTION('ref_axis',(0.707106781186818,0.,-0.707106781186277));
#1473=DIRECTION('',(-1.,0.,-3.83564265850382E-13));
#1474=DIRECTION('center_axis',(0.,-1.,0.));
#1475=DIRECTION('ref_axis',(0.707106781186818,0.,-0.707106781186277));
#1476=DIRECTION('',(0.,1.,0.));
#1477=DIRECTION('center_axis',(0.,1.,2.22044604925031E-16));
#1478=DIRECTION('ref_axis',(0.,-2.22044604925031E-16,1.));
#1479=DIRECTION('center_axis',(0.,-1.,-2.22044604925031E-16));
#1480=DIRECTION('ref_axis',(0.,-2.22044604925031E-16,1.));
#1481=DIRECTION('',(0.,1.,2.22044604925031E-16));
#1482=DIRECTION('center_axis',(0.,1.,2.22044604925031E-16));
#1483=DIRECTION('ref_axis',(0.,-2.22044604925031E-16,1.));
#1484=DIRECTION('center_axis',(-1.,0.,-3.82847875265901E-13));
#1485=DIRECTION('ref_axis',(3.82847875265901E-13,0.,-1.));
#1486=DIRECTION('',(0.,-1.,0.));
#1487=DIRECTION('center_axis',(-3.83564265850382E-13,0.,1.));
#1488=DIRECTION('ref_axis',(0.,-1.,0.));
#1489=DIRECTION('axis',(0.,0.,1.));
#1490=DIRECTION('refdir',(1.,0.,0.));
#1491=DIRECTION('center_axis',(0.,1.,2.22044604925031E-16));
#1492=DIRECTION('ref_axis',(0.,-2.22044604925031E-16,1.));
#1493=DIRECTION('center_axis',(0.,1.,0.));
#1494=DIRECTION('ref_axis',(0.,-2.22044604925031E-16,1.));
#1495=DIRECTION('',(0.,1.,2.22044604925031E-16));
#1496=DIRECTION('center_axis',(0.,-1.,0.));
#1497=DIRECTION('ref_axis',(0.,-2.22044604925031E-16,1.));
#1498=DIRECTION('center_axis',(0.,-1.,0.));
#1499=DIRECTION('ref_axis',(1.,0.,0.));
#1500=DIRECTION('center_axis',(0.,1.,0.));
#1501=DIRECTION('ref_axis',(0.707106781186547,0.,-0.707106781186548));
#1502=DIRECTION('',(0.,0.,1.));
#1503=DIRECTION('center_axis',(0.,-1.,0.));
#1504=DIRECTION('ref_axis',(0.710526315789474,0.,-0.703670629322155));
#1505=DIRECTION('',(0.,0.,-1.));
#1506=DIRECTION('center_axis',(0.,1.,0.));
#1507=DIRECTION('ref_axis',(1.,0.,0.));
#1508=DIRECTION('center_axis',(0.,-1.,0.));
#1509=DIRECTION('ref_axis',(0.707106781186547,0.,-0.707106781186548));
#1510=DIRECTION('',(0.,1.,0.));
#1511=DIRECTION('center_axis',(0.,-1.,0.));
#1512=DIRECTION('ref_axis',(-0.707106781186547,0.,-0.707106781186547));
#1513=DIRECTION('',(0.,-1.,0.));
#1514=DIRECTION('center_axis',(1.,0.,0.));
#1515=DIRECTION('ref_axis',(0.,0.,1.));
#1516=DIRECTION('',(0.,0.,-1.));
#1517=DIRECTION('',(0.,-1.,0.));
#1518=DIRECTION('center_axis',(0.,-1.,0.));
#1519=DIRECTION('ref_axis',(1.,0.,0.));
#1520=DIRECTION('',(0.,1.,0.));
#1521=DIRECTION('center_axis',(0.,1.,0.));
#1522=DIRECTION('ref_axis',(1.,0.,0.));
#1523=DIRECTION('center_axis',(-1.,0.,0.));
#1524=DIRECTION('ref_axis',(0.,0.,-1.));
#1525=DIRECTION('',(0.,-1.,0.));
#1526=DIRECTION('',(0.,0.,1.));
#1527=DIRECTION('center_axis',(0.,-1.,0.));
#1528=DIRECTION('ref_axis',(1.46081976924363E-16,0.,1.));
#1529=DIRECTION('center_axis',(0.,-1.,0.));
#1530=DIRECTION('ref_axis',(0.710526315789474,0.,-0.703670629322155));
#1531=DIRECTION('center_axis',(0.,-1.,0.));
#1532=DIRECTION('ref_axis',(1.,0.,0.));
#1533=DIRECTION('center_axis',(0.,-1.,2.22044604925031E-16));
#1534=DIRECTION('ref_axis',(-1.,3.48847688039952E-32,1.57107031786579E-16));
#1535=DIRECTION('center_axis',(-1.,0.,0.));
#1536=DIRECTION('ref_axis',(0.,0.,-1.));
#1537=DIRECTION('center_axis',(0.,1.,-2.22044604925031E-16));
#1538=DIRECTION('ref_axis',(-1.,0.,1.57107031786579E-16));
#1539=DIRECTION('center_axis',(0.,1.,-2.22044604925031E-16));
#1540=DIRECTION('ref_axis',(-1.,0.,1.57107031786579E-16));
#1541=DIRECTION('center_axis',(0.,1.,-2.22044604925031E-16));
#1542=DIRECTION('ref_axis',(1.,0.,0.));
#1543=DIRECTION('',(0.,-1.,2.22044604925031E-16));
#1544=DIRECTION('center_axis',(0.,-1.,0.));
#1545=DIRECTION('ref_axis',(1.,0.,0.));
#1546=DIRECTION('center_axis',(0.,1.,-2.22044604925031E-16));
#1547=DIRECTION('ref_axis',(1.,0.,0.));
#1548=DIRECTION('center_axis',(0.,-1.,0.));
#1549=DIRECTION('ref_axis',(0.,0.,-1.));
#1550=DIRECTION('center_axis',(0.,1.,0.));
#1551=DIRECTION('ref_axis',(1.,0.,0.));
#1552=DIRECTION('center_axis',(0.,-1.,-2.22044604925031E-16));
#1553=DIRECTION('ref_axis',(1.,0.,0.));
#1554=DIRECTION('center_axis',(0.,-1.,-2.22044604925031E-16));
#1555=DIRECTION('ref_axis',(1.,0.,0.));
#1556=DIRECTION('',(0.,1.,2.22044604925031E-16));
#1557=DIRECTION('center_axis',(0.,-1.,-2.22044604925031E-16));
#1558=DIRECTION('ref_axis',(1.,0.,0.));
#1559=DIRECTION('axis',(0.,0.,1.));
#1560=DIRECTION('refdir',(1.,0.,0.));
#1561=DIRECTION('center_axis',(0.,1.,2.22044604925031E-16));
#1562=DIRECTION('ref_axis',(0.,-2.22044604925031E-16,1.));
#1563=DIRECTION('center_axis',(0.,1.,0.));
#1564=DIRECTION('ref_axis',(0.,-2.22044604925031E-16,1.));
#1565=DIRECTION('',(0.,1.,2.22044604925031E-16));
#1566=DIRECTION('center_axis',(0.,-1.,0.));
#1567=DIRECTION('ref_axis',(0.,-2.22044604925031E-16,1.));
#1568=DIRECTION('center_axis',(0.,-1.,0.));
#1569=DIRECTION('ref_axis',(0.707106781186819,0.,-0.707106781186276));
#1570=DIRECTION('center_axis',(0.,1.,0.));
#1571=DIRECTION('ref_axis',(0.707106781186819,0.,-0.707106781186276));
#1572=DIRECTION('',(0.,1.,0.));
#1573=DIRECTION('center_axis',(0.,-1.,0.));
#1574=DIRECTION('ref_axis',(0.707106781186819,0.,-0.707106781186276));
#1575=DIRECTION('',(0.,-1.,0.));
#1576=DIRECTION('center_axis',(0.,1.,0.));
#1577=DIRECTION('ref_axis',(1.,0.,3.83564265850382E-13));
#1578=DIRECTION('',(1.,0.,3.83564265850382E-13));
#1579=DIRECTION('center_axis',(0.,-1.,0.));
#1580=DIRECTION('ref_axis',(-0.707106781186277,0.,-0.707106781186818));
#1581=DIRECTION('',(3.83611271403376E-13,0.,-1.));
#1582=DIRECTION('',(1.,0.,0.));
#1583=DIRECTION('',(-3.83502753363375E-13,0.,1.));
#1584=DIRECTION('center_axis',(3.83611271403376E-13,0.,-1.));
#1585=DIRECTION('ref_axis',(-1.,0.,-3.83611271403376E-13));
#1586=DIRECTION('',(-1.,0.,-3.83564265850382E-13));
#1587=DIRECTION('',(0.,-1.,0.));
#1588=DIRECTION('center_axis',(0.,1.,0.));
#1589=DIRECTION('ref_axis',(-0.707106781186277,0.,-0.707106781186818));
#1590=DIRECTION('center_axis',(0.,1.,0.));
#1591=DIRECTION('ref_axis',(-0.707106781186277,0.,-0.707106781186818));
#1592=DIRECTION('',(0.,1.,0.));
#1593=DIRECTION('center_axis',(0.,0.675323140259815,-0.737521969997926));
#1594=DIRECTION('ref_axis',(0.,0.737521969997926,0.675323140259815));
#1595=DIRECTION('',(-1.,0.,0.));
#1596=DIRECTION('',(0.,0.737521969997926,0.675323140259815));
#1597=DIRECTION('',(0.,-0.737521969997926,-0.675323140259815));
#1598=DIRECTION('center_axis',(0.,-0.486444291652234,0.873711594932193));
#1599=DIRECTION('ref_axis',(0.,-0.873711594932193,-0.486444291652234));
#1600=DIRECTION('',(1.,0.,3.83564265850382E-13));
#1601=DIRECTION('',(0.,-0.873711594932193,-0.486444291652234));
#1602=DIRECTION('',(1.,0.,0.));
#1603=DIRECTION('',(0.,0.873711594932193,0.486444291652234));
#1604=DIRECTION('',(1.,0.,0.));
#1605=DIRECTION('center_axis',(0.,0.931297772966766,-0.364258778984313));
#1606=DIRECTION('ref_axis',(0.,0.364258778984313,0.931297772966766));
#1607=DIRECTION('',(0.,0.364258778984313,0.931297772966766));
#1608=DIRECTION('',(1.,0.,0.));
#1609=DIRECTION('',(0.,-0.364258778984313,-0.931297772966766));
#1610=DIRECTION('center_axis',(-1.,0.,-3.83611271403376E-13));
#1611=DIRECTION('ref_axis',(0.,1.,0.));
#1612=DIRECTION('',(3.83611271403376E-13,0.,-1.));
#1613=DIRECTION('center_axis',(0.,-1.,0.));
#1614=DIRECTION('ref_axis',(-1.,0.,-3.83564265850382E-13));
#1615=DIRECTION('',(3.83611271403376E-13,0.,-1.));
#1616=DIRECTION('center_axis',(1.,0.,3.83611271403376E-13));
#1617=DIRECTION('ref_axis',(0.,-1.,0.));
#1618=DIRECTION('axis',(0.,0.,1.));
#1619=DIRECTION('refdir',(1.,0.,0.));
#1620=DIRECTION('center_axis',(1.,0.,3.83915121915379E-13));
#1621=DIRECTION('ref_axis',(0.,1.,0.));
#1622=DIRECTION('center_axis',(1.,0.,3.8381995994184E-13));
#1623=DIRECTION('ref_axis',(0.,1.,0.));
#1624=DIRECTION('',(1.,0.,3.83915121915379E-13));
#1625=DIRECTION('center_axis',(-1.,0.,-3.83564265850382E-13));
#1626=DIRECTION('ref_axis',(0.,1.,0.));
#1627=DIRECTION('center_axis',(-1.,0.,-3.83908896365709E-13));
#1628=DIRECTION('ref_axis',(2.72149359505188E-13,0.707106781186548,-0.707106781186547));
#1629=DIRECTION('center_axis',(1.,0.,3.8381995994184E-13));
#1630=DIRECTION('ref_axis',(2.72149359505188E-13,0.707106781186548,-0.707106781186547));
#1631=DIRECTION('',(1.,0.,3.83908896365709E-13));
#1632=DIRECTION('center_axis',(-1.,0.,-3.83564265850382E-13));
#1633=DIRECTION('ref_axis',(2.72149359505188E-13,0.707106781186548,-0.707106781186547));
#1634=DIRECTION('',(-1.,0.,-3.83908896365709E-13));
#1635=DIRECTION('center_axis',(-3.83908896365709E-13,0.,1.));
#1636=DIRECTION('ref_axis',(1.,0.,3.83908896365709E-13));
#1637=DIRECTION('',(0.,1.,0.));
#1638=DIRECTION('',(1.,0.,3.83908896365709E-13));
#1639=DIRECTION('',(0.,-1.,0.));
#1640=DIRECTION('center_axis',(-1.,0.,-3.83564265850382E-13));
#1641=DIRECTION('ref_axis',(0.,-1.,0.));
#1642=DIRECTION('',(3.83564265850382E-13,0.,-1.));
#1643=DIRECTION('',(0.,1.,0.));
#1644=DIRECTION('',(-3.83564265850382E-13,0.,1.));
#1645=DIRECTION('center_axis',(-1.,0.,-3.83564265850382E-13));
#1646=DIRECTION('ref_axis',(2.72149359505187E-13,-0.707106781186548,-0.707106781186547));
#1647=DIRECTION('center_axis',(1.,0.,3.83908896365709E-13));
#1648=DIRECTION('ref_axis',(2.72149359505187E-13,-0.707106781186548,-0.707106781186547));
#1649=DIRECTION('',(-1.,0.,-3.83908896365709E-13));
#1650=DIRECTION('center_axis',(1.,0.,3.8381995994184E-13));
#1651=DIRECTION('ref_axis',(2.72149359505187E-13,-0.707106781186548,-0.707106781186547));
#1652=DIRECTION('center_axis',(0.,1.,0.));
#1653=DIRECTION('ref_axis',(3.83564265850382E-13,0.,-1.));
#1654=DIRECTION('',(3.83564265850382E-13,0.,-1.));
#1655=DIRECTION('center_axis',(0.,-1.,0.));
#1656=DIRECTION('ref_axis',(-0.707106781186819,0.,0.707106781186276));
#1657=DIRECTION('',(-1.,0.,-3.8381995994184E-13));
#1658=DIRECTION('',(-3.83564265850382E-13,0.,1.));
#1659=DIRECTION('',(-1.,0.,-3.83564265850382E-13));
#1660=DIRECTION('center_axis',(0.,1.,0.));
#1661=DIRECTION('ref_axis',(-0.707106781186821,0.,0.707106781186274));
#1662=DIRECTION('center_axis',(0.,-1.,0.));
#1663=DIRECTION('ref_axis',(-0.707106781186821,0.,0.707106781186274));
#1664=DIRECTION('',(0.,-1.,0.));
#1665=DIRECTION('center_axis',(0.,-1.,0.));
#1666=DIRECTION('ref_axis',(-0.707106781186821,0.,0.707106781186274));
#1667=DIRECTION('center_axis',(-3.83564265850382E-13,0.,1.));
#1668=DIRECTION('ref_axis',(1.,0.,3.83564265850382E-13));
#1669=DIRECTION('',(0.,1.,0.));
#1670=DIRECTION('',(-1.,0.,-3.83564265850382E-13));
#1671=DIRECTION('center_axis',(0.,1.,0.));
#1672=DIRECTION('ref_axis',(-0.707106781186819,0.,0.707106781186276));
#1673=DIRECTION('',(0.,-1.,0.));
#1674=DIRECTION('center_axis',(0.,1.,0.));
#1675=DIRECTION('ref_axis',(-0.707106781186819,0.,0.707106781186276));
#1676=DIRECTION('',(0.,1.,0.));
#1677=DIRECTION('center_axis',(-1.,0.,-3.8381995994184E-13));
#1678=DIRECTION('ref_axis',(-3.8381995994184E-13,0.,1.));
#1679=DIRECTION('',(-3.83564265850382E-13,0.,1.));
#1680=DIRECTION('center_axis',(1.,0.,3.83564265850382E-13));
#1681=DIRECTION('ref_axis',(3.83564265850382E-13,0.,-1.));
#1682=DIRECTION('',(0.,-1.,0.));
#1683=DIRECTION('',(3.83564265850382E-13,0.,-1.));
#1684=DIRECTION('center_axis',(-3.8381995994184E-13,0.,1.));
#1685=DIRECTION('ref_axis',(0.,1.,0.));
#1686=DIRECTION('',(-1.,0.,-3.8381995994184E-13));
#1687=DIRECTION('center_axis',(0.,-1.,0.));
#1688=DIRECTION('ref_axis',(-3.83564265850382E-13,0.,1.));
#1689=DIRECTION('',(0.,0.,1.));
#1690=DIRECTION('',(1.,0.,0.));
#1691=DIRECTION('',(0.,0.,1.));
#1692=DIRECTION('',(1.,0.,0.));
#1693=DIRECTION('',(0.,0.,1.));
#1694=DIRECTION('',(1.,0.,0.));
#1695=DIRECTION('',(0.,0.,1.));
#1696=DIRECTION('',(1.,0.,0.));
#1697=CARTESIAN_POINT('',(0.,0.,0.));
#1698=CARTESIAN_POINT('',(0.,0.,0.));
#1699=CARTESIAN_POINT('Origin',(-5.87500000000001,-13.9,2.79999999999694));
#1700=CARTESIAN_POINT('',(-7.975,-13.9,2.79999999999694));
#1701=CARTESIAN_POINT('',(-5.87500000000001,-13.9,2.79999999999694));
#1702=CARTESIAN_POINT('',(-5.17500000000119,-13.9,2.79999999999694));
#1703=CARTESIAN_POINT('',(-7.975,-14.3,2.79999999999694));
#1704=CARTESIAN_POINT('',(-7.975,-13.9,2.79999999999694));
#1705=CARTESIAN_POINT('',(-5.87500000000001,-14.3,2.79999999999694));
#1706=CARTESIAN_POINT('',(-5.87500000000001,-14.3,2.79999999999694));
#1707=CARTESIAN_POINT('',(-5.87500000000001,-13.9,2.79999999999694));
#1708=CARTESIAN_POINT('Origin',(-5.87500000000001,-13.9,-3.05866443284231E-12));
#1709=CARTESIAN_POINT('',(-5.87500000000001,-13.9,-3.05866443284231E-12));
#1710=CARTESIAN_POINT('',(-5.87500000000001,-13.9,2.42499999999728));
#1711=CARTESIAN_POINT('',(-5.87500000000001,-14.3,-3.05866443284231E-12));
#1712=CARTESIAN_POINT('',(-5.87500000000001,-14.3,-3.05866443284231E-12));
#1713=CARTESIAN_POINT('',(-5.87500000000001,-13.9,-3.05866443284231E-12));
#1714=CARTESIAN_POINT('Origin',(-6.92500000000001,-14.3,1.39999999999694));
#1715=CARTESIAN_POINT('',(-7.975,-14.3,-3.05866443284231E-12));
#1716=CARTESIAN_POINT('',(-7.975,-14.3,2.79999999999694));
#1717=CARTESIAN_POINT('',(-7.975,-14.3,-3.05866443284231E-12));
#1718=CARTESIAN_POINT('Origin',(-2.02500000000238,-14.3,1.39999999999963));
#1719=CARTESIAN_POINT('',(-0.975000000002377,-14.3,2.79999999999963));
#1720=CARTESIAN_POINT('',(-3.07500000000238,-14.3,2.79999999999963));
#1721=CARTESIAN_POINT('',(-3.07500000000238,-14.3,2.79999999999963));
#1722=CARTESIAN_POINT('',(-3.07500000000238,-14.3,-3.74145159298678E-13));
#1723=CARTESIAN_POINT('',(-3.07500000000238,-14.3,-3.74145159298678E-13));
#1724=CARTESIAN_POINT('',(-0.975000000002377,-14.3,-3.74145159298678E-13));
#1725=CARTESIAN_POINT('',(-0.975000000002377,-14.3,-3.74145159298678E-13));
#1726=CARTESIAN_POINT('',(-0.975000000002377,-14.3,2.79999999999963));
#1727=CARTESIAN_POINT('Origin',(-0.975000000002377,-13.9,2.79999999999963));
#1728=CARTESIAN_POINT('',(-3.07500000000238,-13.9,2.79999999999963));
#1729=CARTESIAN_POINT('',(-0.975000000002377,-13.9,2.79999999999963));
#1730=CARTESIAN_POINT('',(-2.72500000000238,-13.9,2.79999999999963));
#1731=CARTESIAN_POINT('',(-3.07500000000238,-13.9,2.79999999999963));
#1732=CARTESIAN_POINT('',(-0.975000000002377,-13.9,2.79999999999963));
#1733=CARTESIAN_POINT('Origin',(-3.07500000000238,-13.9,2.79999999999963));
#1734=CARTESIAN_POINT('',(-3.07500000000238,-13.9,-3.74145159298678E-13));
#1735=CARTESIAN_POINT('',(-3.07500000000238,-13.9,3.82499999999862));
#1736=CARTESIAN_POINT('',(-3.07500000000238,-13.9,-3.74145159298678E-13));
#1737=CARTESIAN_POINT('Origin',(-4.47500000000238,-13.9,4.84999999999761));
#1738=CARTESIAN_POINT('',(-4.475,-13.9,-1.71640479607049E-12));
#1739=CARTESIAN_POINT('',(-0.975000000002378,-13.9,6.19999999999828));
#1740=CARTESIAN_POINT('',(-0.975000000002378,-13.9,2.73749999999896));
#1741=CARTESIAN_POINT('',(-7.97500000000238,-13.9,6.19999999999694));
#1742=CARTESIAN_POINT('Origin',(-4.47500000000238,-13.9,6.19999999999828));
#1743=CARTESIAN_POINT('',(-7.97500000000224,-13.9,5.83749999999694));
#1744=CARTESIAN_POINT('Origin',(-4.4750000000021,0.,5.47499999999828));
#1745=CARTESIAN_POINT('',(-0.25,0.,-9.58457728526273E-14));
#1746=CARTESIAN_POINT('',(-9.58635620102371E-14,0.,0.25));
#1747=CARTESIAN_POINT('Origin',(-0.250000000000096,0.,0.249999999999905));
#1748=CARTESIAN_POINT('',(-8.7,0.,-3.33696381928836E-12));
#1749=CARTESIAN_POINT('',(-4.475,0.,-1.71640479607049E-12));
#1750=CARTESIAN_POINT('',(-8.9500000000001,0.,0.249999999996567));
#1751=CARTESIAN_POINT('Origin',(-8.7000000000001,0.,0.249999999996663));
#1752=CARTESIAN_POINT('',(-8.9500000000041,0.,10.6999999999966));
#1753=CARTESIAN_POINT('',(-8.9500000000021,0.,5.47499999999657));
#1754=CARTESIAN_POINT('',(-8.7000000000042,0.,10.9499999999967));
#1755=CARTESIAN_POINT('Origin',(-8.7000000000041,0.,10.6999999999967));
#1756=CARTESIAN_POINT('',(-0.2500000000042,0.,10.9499999999999));
#1757=CARTESIAN_POINT('',(-4.4750000000042,0.,10.9499999999983));
#1758=CARTESIAN_POINT('',(-4.10411014014673E-12,0.,10.7));
#1759=CARTESIAN_POINT('Origin',(-0.250000000004104,0.,10.6999999999999));
#1760=CARTESIAN_POINT('',(-2.09998685107848E-12,0.,5.475));
#1761=CARTESIAN_POINT('',(-4.47500000000238,1.11022302462516E-15,2.94999999999828));
#1762=CARTESIAN_POINT('Origin',(-4.47500000000238,0.,6.19999999999828));
#1763=CARTESIAN_POINT('Origin',(-4.47500000000238,-7.75,6.19999999999828));
#1764=CARTESIAN_POINT('',(-0.975000000002378,-3.4,6.19999999999828));
#1765=CARTESIAN_POINT('',(-0.975000000002378,-12.1,6.19999999999828));
#1766=CARTESIAN_POINT('',(-0.975000000002378,-7.75,6.19999999999962));
#1767=CARTESIAN_POINT('',(-2.37809844827237E-12,-12.1,6.2));
#1768=CARTESIAN_POINT('',(-4.47500000000238,-12.1,6.19999999999828));
#1769=CARTESIAN_POINT('',(-2.37809844827237E-12,-3.4,6.2));
#1770=CARTESIAN_POINT('',(-2.37809771874709E-12,-6.9,6.2));
#1771=CARTESIAN_POINT('',(2.84201903450843,-3.4,6.20000000000109));
#1772=CARTESIAN_POINT('Origin',(-4.47500000000238,-7.75,6.19999999999828));
#1773=CARTESIAN_POINT('',(-7.97500000000238,-12.1,6.19999999999694));
#1774=CARTESIAN_POINT('',(-7.97500000000238,-3.4,6.19999999999694));
#1775=CARTESIAN_POINT('',(-7.97500000000238,-7.75,6.19999999999694));
#1776=CARTESIAN_POINT('',(-8.95000000000238,-3.4,6.19999999999657));
#1777=CARTESIAN_POINT('',(2.84201903450843,-3.4,6.20000000000109));
#1778=CARTESIAN_POINT('',(-8.95000000000238,-12.1,6.19999999999657));
#1779=CARTESIAN_POINT('',(-8.95000000000238,-6.9,6.19999999999656));
#1780=CARTESIAN_POINT('',(-4.47500000000238,-12.1,6.19999999999828));
#1781=CARTESIAN_POINT('Origin',(-4.47500000000238,-7.75,6.19999999999828));
#1782=CARTESIAN_POINT('Origin',(-4.47500000000238,-3.4,6.19999999999828));
#1783=CARTESIAN_POINT('',(-7.97500000000238,-12.1,6.19999999999694));
#1784=CARTESIAN_POINT('',(-0.975000000002378,-12.1,6.19999999999828));
#1785=CARTESIAN_POINT('Origin',(-0.975000000002378,-12.1,-3.74145159298678E-13));
#1786=CARTESIAN_POINT('',(-0.975000000002378,-12.1,-3.74145159298678E-13));
#1787=CARTESIAN_POINT('',(-0.975000000002378,-12.1,-3.74145159298678E-13));
#1788=CARTESIAN_POINT('',(-0.975000000002378,-12.1,2.73749999999895));
#1789=CARTESIAN_POINT('Origin',(-0.250000000004104,-6.05,10.6999999999999));
#1790=CARTESIAN_POINT('',(-0.2500000000042,-3.4,10.9499999999999));
#1791=CARTESIAN_POINT('',(-0.2500000000042,-6.05,10.9499999999999));
#1792=CARTESIAN_POINT('',(-4.10437394367671E-12,-3.4,10.7));
#1793=CARTESIAN_POINT('Origin',(-0.250000000004104,-3.4,10.6999999999999));
#1794=CARTESIAN_POINT('',(-4.10411288287449E-12,-6.05,10.7));
#1795=CARTESIAN_POINT('Origin',(-8.9500000000042,-3.4,10.9499999999966));
#1796=CARTESIAN_POINT('',(-8.9500000000041,-3.4,10.6999999999966));
#1797=CARTESIAN_POINT('',(-8.7000000000042,-3.4,10.9499999999967));
#1798=CARTESIAN_POINT('Origin',(-8.7000000000041,-3.4,10.6999999999967));
#1799=CARTESIAN_POINT('',(-8.95000000000315,-3.4,8.21249999999657));
#1800=CARTESIAN_POINT('',(-3.15025783237388E-12,-3.4,8.2125));
#1801=CARTESIAN_POINT('',(-6.7125000000042,-3.4,10.9499999999974));
#1802=CARTESIAN_POINT('Origin',(-4.4750000000042,-6.05,10.9499999999983));
#1803=CARTESIAN_POINT('',(-8.7000000000042,-6.05,10.9499999999967));
#1804=CARTESIAN_POINT('Origin',(-8.7000000000041,-6.05,10.6999999999967));
#1805=CARTESIAN_POINT('',(-8.9500000000041,-6.05,10.6999999999966));
#1806=CARTESIAN_POINT('Origin',(-4.4750000000021,-12.1,5.47499999999828));
#1807=CARTESIAN_POINT('',(-8.7,-12.1,-3.33696381928836E-12));
#1808=CARTESIAN_POINT('',(-8.9500000000001,-12.1,0.249999999996567));
#1809=CARTESIAN_POINT('Origin',(-8.7000000000001,-12.1,0.249999999996663));
#1810=CARTESIAN_POINT('',(-7.975,-12.1,-3.05866443284231E-12));
#1811=CARTESIAN_POINT('',(-4.475,-12.1,-1.71640479607049E-12));
#1812=CARTESIAN_POINT('',(-7.97500000000224,-12.1,5.83749999999694));
#1813=CARTESIAN_POINT('',(-8.9500000000021,-12.1,5.47499999999657));
#1814=CARTESIAN_POINT('Origin',(-8.9500000000021,-6.05,5.47499999999657));
#1815=CARTESIAN_POINT('',(-8.9500000000001,-6.05,0.249999999996567));
#1816=CARTESIAN_POINT('Origin',(-8.7000000000001,-6.05,0.249999999996663));
#1817=CARTESIAN_POINT('',(-8.7,-6.05,-3.33694877285851E-12));
#1818=CARTESIAN_POINT('Origin',(-2.09998685107848E-12,-6.05,5.475));
#1819=CARTESIAN_POINT('',(-9.58635620102371E-14,-12.1,0.25));
#1820=CARTESIAN_POINT('',(-9.58608192824784E-14,-6.05,0.25));
#1821=CARTESIAN_POINT('',(-2.09998685107848E-12,-12.1,5.475));
#1822=CARTESIAN_POINT('Origin',(-4.4750000000021,-12.1,5.47499999999828));
#1823=CARTESIAN_POINT('',(-0.25,-12.1,-9.58457728526273E-14));
#1824=CARTESIAN_POINT('Origin',(-0.250000000000096,-12.1,0.249999999999905));
#1825=CARTESIAN_POINT('',(-4.475,-12.1,-1.71640479607049E-12));
#1826=CARTESIAN_POINT('Origin',(-0.250000000000096,-6.05,0.249999999999905));
#1827=CARTESIAN_POINT('',(-0.25,-6.05,-9.58608192824784E-14));
#1828=CARTESIAN_POINT('Origin',(-4.47500000000238,-6.95,6.19999999999828));
#1829=CARTESIAN_POINT('',(-4.47500000000238,-9.9,2.94999999999828));
#1830=CARTESIAN_POINT('Origin',(-4.47500000000238,-9.9,6.19999999999828));
#1831=CARTESIAN_POINT('',(-4.47500000000238,-6.95,2.94999999999828));
#1832=CARTESIAN_POINT('Origin',(-4.47500000000238,-9.9,6.19999999999828));
#1833=CARTESIAN_POINT('Origin',(-7.97500000000238,-12.1,6.19999999999694));
#1834=CARTESIAN_POINT('',(-7.975,-12.1,-3.05866443284231E-12));
#1835=CARTESIAN_POINT('Origin',(-4.475,-6.05,-1.71640479607049E-12));
#1836=CARTESIAN_POINT('',(0.,0.,0.));
#1837=CARTESIAN_POINT('Origin',(-4.47500000000238,-10.8,-2.45000000000172));
#1838=CARTESIAN_POINT('',(-4.47500000000238,-14.25,-2.85000000000172));
#1839=CARTESIAN_POINT('Origin',(-4.47500000000238,-14.25,-2.45000000000172));
#1840=CARTESIAN_POINT('',(-4.47500000000238,-13.9,-2.85000000000172));
#1841=CARTESIAN_POINT('',(-4.47500000000238,-10.8,-2.85000000000172));
#1842=CARTESIAN_POINT('Origin',(-4.47500000000238,-13.9,-2.45000000000172));
#1843=CARTESIAN_POINT('Origin',(-4.47500000000238,-14.25,2.14999999999828));
#1844=CARTESIAN_POINT('',(-3.12500000000238,-14.25,-2.45000000000172));
#1845=CARTESIAN_POINT('',(-5.82500000000238,-14.25,-2.45000000000172));
#1846=CARTESIAN_POINT('Origin',(-4.47500000000238,-14.25,-2.45000000000172));
#1847=CARTESIAN_POINT('',(-3.12500000000238,-14.25,4.86302580428619));
#1848=CARTESIAN_POINT('',(-3.12500000000238,-14.25,4.86302580428619));
#1849=CARTESIAN_POINT('',(-5.82500000000238,-14.25,4.86302580428619));
#1850=CARTESIAN_POINT('Origin',(-4.47500000000238,-14.25,6.19999999999828));
#1851=CARTESIAN_POINT('',(-5.82500000000238,-14.25,-3.80000000000172));
#1852=CARTESIAN_POINT('',(-5.87500000000238,-14.25,6.19999999999828));
#1853=CARTESIAN_POINT('Origin',(-4.47500000000238,-14.25,6.19999999999828));
#1854=CARTESIAN_POINT('Origin',(-4.47500000000238,-13.9,-2.45000000000172));
#1855=CARTESIAN_POINT('',(-5.82500000000238,-13.9,-2.45000000000172));
#1856=CARTESIAN_POINT('',(-5.82500000000238,-13.9,-2.45000000000172));
#1857=CARTESIAN_POINT('',(-3.12500000000238,-13.9,-2.45000000000172));
#1858=CARTESIAN_POINT('Origin',(-4.47500000000238,-13.9,-2.45000000000172));
#1859=CARTESIAN_POINT('',(-3.12500000000238,-13.9,-2.45000000000172));
#1860=CARTESIAN_POINT('Origin',(-3.12500000000238,-13.9,-3.80000000000172));
#1861=CARTESIAN_POINT('',(-3.12500000000238,-13.9,4.86302580428619));
#1862=CARTESIAN_POINT('',(-3.12500000000238,-13.9,4.86302580428619));
#1863=CARTESIAN_POINT('',(-3.12500000000238,-13.9,4.86302580428619));
#1864=CARTESIAN_POINT('Origin',(-4.47500000000238,-13.9,6.19999999999828));
#1865=CARTESIAN_POINT('',(-5.87500000000238,-13.9,6.19999999999828));
#1866=CARTESIAN_POINT('',(-5.87500000000238,-13.9,6.19999999999828));
#1867=CARTESIAN_POINT('Origin',(-4.47500000000238,-13.9,6.19999999999828));
#1868=CARTESIAN_POINT('Origin',(-5.82500000000238,-13.9,4.86302580428619));
#1869=CARTESIAN_POINT('',(-5.82500000000238,-13.9,4.86302580428619));
#1870=CARTESIAN_POINT('',(-5.82500000000238,-13.9,4.86302580428619));
#1871=CARTESIAN_POINT('',(-5.82500000000238,-13.9,-3.80000000000172));
#1872=CARTESIAN_POINT('Origin',(-4.47500000000238,-13.9,6.19999999999828));
#1873=CARTESIAN_POINT('Origin',(-4.47500000000238,-13.9,6.19999999999828));
#1874=CARTESIAN_POINT('Origin',(-4.47500000000238,-13.9,2.14999999999828));
#1875=CARTESIAN_POINT('Ctrl Pts',(-4.47500000000238,-2.9,5.13999999999828));
#1876=CARTESIAN_POINT('Ctrl Pts',(-5.53500000000238,-2.9,5.13999999999828));
#1877=CARTESIAN_POINT('Ctrl Pts',(-5.53500000000238,-2.9,6.19999999999828));
#1878=CARTESIAN_POINT('Ctrl Pts',(-5.53500000000238,-2.9,7.25999999999828));
#1879=CARTESIAN_POINT('Ctrl Pts',(-4.47500000000238,-2.9,7.25999999999828));
#1880=CARTESIAN_POINT('Ctrl Pts',(-3.41500000000238,-2.9,7.25999999999828));
#1881=CARTESIAN_POINT('Ctrl Pts',(-3.41500000000238,-2.9,6.19999999999828));
#1882=CARTESIAN_POINT('Ctrl Pts',(-3.41500000000238,-2.9,5.13999999999828));
#1883=CARTESIAN_POINT('Ctrl Pts',(-4.47500000000238,-2.9,5.13999999999828));
#1884=CARTESIAN_POINT('Ctrl Pts',(-4.47500000000238,-2.15,5.13999999999828));
#1885=CARTESIAN_POINT('Ctrl Pts',(-5.53500000000238,-2.15,5.13999999999828));
#1886=CARTESIAN_POINT('Ctrl Pts',(-5.53500000000238,-2.15,6.19999999999828));
#1887=CARTESIAN_POINT('Ctrl Pts',(-5.53500000000238,-2.15,7.25999999999828));
#1888=CARTESIAN_POINT('Ctrl Pts',(-4.47500000000238,-2.15,7.25999999999828));
#1889=CARTESIAN_POINT('Ctrl Pts',(-3.41500000000238,-2.15,7.25999999999828));
#1890=CARTESIAN_POINT('Ctrl Pts',(-3.41500000000238,-2.15,6.19999999999828));
#1891=CARTESIAN_POINT('Ctrl Pts',(-3.41500000000238,-2.15,5.13999999999828));
#1892=CARTESIAN_POINT('Ctrl Pts',(-4.47500000000238,-2.15,5.13999999999828));
#1893=CARTESIAN_POINT('Ctrl Pts',(-4.47500000000238,-2.15,5.88999999999828));
#1894=CARTESIAN_POINT('Ctrl Pts',(-4.78500000000238,-2.15,5.88999999999828));
#1895=CARTESIAN_POINT('Ctrl Pts',(-4.78500000000238,-2.15,6.19999999999828));
#1896=CARTESIAN_POINT('Ctrl Pts',(-4.78500000000238,-2.15,6.50999999999828));
#1897=CARTESIAN_POINT('Ctrl Pts',(-4.47500000000238,-2.15,6.50999999999828));
#1898=CARTESIAN_POINT('Ctrl Pts',(-4.16500000000238,-2.15,6.50999999999828));
#1899=CARTESIAN_POINT('Ctrl Pts',(-4.16500000000238,-2.15,6.19999999999828));
#1900=CARTESIAN_POINT('Ctrl Pts',(-4.16500000000238,-2.15,5.88999999999828));
#1901=CARTESIAN_POINT('Ctrl Pts',(-4.47500000000238,-2.15,5.88999999999828));
#1902=CARTESIAN_POINT('',(-4.47500000000238,-2.15,5.88999999999828));
#1903=CARTESIAN_POINT('Origin',(-4.47500000000238,-2.15,6.19999999999828));
#1904=CARTESIAN_POINT('',(-4.47500000000238,-2.9,5.13999999999828));
#1905=CARTESIAN_POINT('Origin',(-4.47500000000238,-2.9,5.88999999999828));
#1906=CARTESIAN_POINT('',(-5.53500000000238,-2.9,6.19999999999828));
#1907=CARTESIAN_POINT('Origin',(-4.47500000000238,-2.9,6.19999999999828));
#1908=CARTESIAN_POINT('Origin',(-4.47500000000238,-2.9,6.19999999999828));
#1909=CARTESIAN_POINT('Origin',(-4.47500000000238,-8.025,6.19999999999828));
#1910=CARTESIAN_POINT('',(-5.53500000000238,-13.9,6.19999999999828));
#1911=CARTESIAN_POINT('',(-5.53500000000238,-8.025,6.19999999999828));
#1912=CARTESIAN_POINT('Origin',(-4.47500000000238,-13.9,6.19999999999828));
#1913=CARTESIAN_POINT('Origin',(-4.47500000000238,-2.15,6.19999999999828));
#1914=CARTESIAN_POINT('Origin',(-4.4750000000021,-13.9,5.47499999999828));
#1915=CARTESIAN_POINT('',(-5.87500000000238,-13.9,6.19999999999828));
#1916=CARTESIAN_POINT('Origin',(-4.47500000000238,-13.9,6.19999999999828));
#1917=CARTESIAN_POINT('Origin',(-4.47500000000238,-14.225,6.19999999999828));
#1918=CARTESIAN_POINT('',(-5.87500000000238,-14.55,6.19999999999828));
#1919=CARTESIAN_POINT('Origin',(-4.47500000000238,-14.55,6.19999999999828));
#1920=CARTESIAN_POINT('',(-5.87500000000238,-14.225,6.19999999999828));
#1921=CARTESIAN_POINT('Origin',(-4.47500000000238,-14.55,6.19999999999828));
#1922=CARTESIAN_POINT('',(0.,0.,0.));
#1923=CARTESIAN_POINT('Origin',(-4.47500000000238,-10.8,-2.45000000000172));
#1924=CARTESIAN_POINT('',(-4.47500000000238,-8.275,-2.85000000000172));
#1925=CARTESIAN_POINT('Origin',(-4.47500000000238,-8.275,-2.45000000000172));
#1926=CARTESIAN_POINT('',(-4.47500000000238,-7.925,-2.85000000000172));
#1927=CARTESIAN_POINT('',(-4.47500000000238,-10.8,-2.85000000000172));
#1928=CARTESIAN_POINT('Origin',(-4.47500000000238,-7.925,-2.45000000000172));
#1929=CARTESIAN_POINT('Origin',(-4.42500000000025,-8.0125,-2.4500000000017));
#1930=CARTESIAN_POINT('',(-3.07500000000025,-8.275,-2.45000000000118));
#1931=CARTESIAN_POINT('',(-4.42499999999973,-8.275,-3.8000000000017));
#1932=CARTESIAN_POINT('Origin',(-4.42500000000025,-8.275,-2.4500000000017));
#1933=CARTESIAN_POINT('',(-4.42499999999973,-7.925,-3.8000000000017));
#1934=CARTESIAN_POINT('',(-4.42499999999973,-8.0125,-3.8000000000017));
#1935=CARTESIAN_POINT('',(-3.07500000000025,-7.925,-2.45000000000118));
#1936=CARTESIAN_POINT('Origin',(-4.42500000000025,-7.925,-2.4500000000017));
#1937=CARTESIAN_POINT('',(-3.07500000000025,-8.0125,-2.45000000000118));
#1938=CARTESIAN_POINT('Origin',(-5.87500000000119,-7.925,-2.25339476826148E-12));
#1939=CARTESIAN_POINT('',(-4.52499999999973,-7.925,-3.80000000000174));
#1940=CARTESIAN_POINT('',(-5.87499999999973,-7.925,-3.80000000000225));
#1941=CARTESIAN_POINT('',(-5.87500000000025,-7.925,-2.45000000000225));
#1942=CARTESIAN_POINT('Origin',(-4.52500000000025,-7.925,-2.45000000000174));
#1943=CARTESIAN_POINT('',(-5.87500000000119,-7.925,3.2627189329677));
#1944=CARTESIAN_POINT('',(-5.87500000000119,-7.925,-2.25339476826148E-12));
#1945=CARTESIAN_POINT('',(-3.07500000000119,-7.925,3.2627189329677));
#1946=CARTESIAN_POINT('',(-5.17500000000119,-7.925,3.2627189329677));
#1947=CARTESIAN_POINT('',(-3.07500000000119,-7.925,-1.17941482388041E-12));
#1948=CARTESIAN_POINT('Origin',(-4.47499999999973,-8.1,-3.80000000000172));
#1949=CARTESIAN_POINT('',(-4.52499999999973,-8.275,-3.80000000000174));
#1950=CARTESIAN_POINT('',(-3.07499999999973,-8.275,-3.80000000000118));
#1951=CARTESIAN_POINT('',(-4.52499999999973,-8.1875,-3.80000000000174));
#1952=CARTESIAN_POINT('Origin',(-4.52500000000025,-8.1875,-2.45000000000174));
#1953=CARTESIAN_POINT('',(-5.87500000000025,-8.275,-2.45000000000225));
#1954=CARTESIAN_POINT('Origin',(-4.52500000000025,-8.275,-2.45000000000174));
#1955=CARTESIAN_POINT('',(-5.87500000000025,-8.1875,-2.45000000000225));
#1956=CARTESIAN_POINT('Origin',(-4.47500000000119,-7.925,3.2627189329677));
#1957=CARTESIAN_POINT('',(-3.07500000000119,-7.80681845045453,3.37093365524918));
#1958=CARTESIAN_POINT('',(-5.87500000000119,-7.80681845045453,3.37093365524918));
#1959=CARTESIAN_POINT('',(-4.47500000000119,-7.80681845045453,3.37093365524918));
#1960=CARTESIAN_POINT('',(-3.07500000000119,-7.80681845045453,3.37093365524918));
#1961=CARTESIAN_POINT('',(-5.87500000000119,-7.80681845045453,3.37093365524918));
#1962=CARTESIAN_POINT('Origin',(-4.47500000000119,-8.04318154954547,3.62906634474846));
#1963=CARTESIAN_POINT('',(-5.87500000000253,-8.275,3.49999999999775));
#1964=CARTESIAN_POINT('',(-3.07500000000253,-8.275,3.49999999999882));
#1965=CARTESIAN_POINT('',(-3.07500000000253,-8.275,3.49999999999882));
#1966=CARTESIAN_POINT('',(-3.07500000000119,-8.04318154954547,3.62906634474846));
#1967=CARTESIAN_POINT('',(-3.07500000000119,-8.04318154954547,3.62906634474846));
#1968=CARTESIAN_POINT('',(-5.87500000000119,-8.04318154954547,3.62906634474846));
#1969=CARTESIAN_POINT('',(-4.47500000000119,-8.04318154954547,3.62906634474846));
#1970=CARTESIAN_POINT('',(-5.87500000000119,-8.04318154954547,3.62906634474846));
#1971=CARTESIAN_POINT('Ctrl Pts',(-5.87500000000119,-1.25726778153121,3.45371502036672));
#1972=CARTESIAN_POINT('Ctrl Pts',(-3.07500000000119,-1.25726778153121,3.45371502036672));
#1973=CARTESIAN_POINT('Ctrl Pts',(-5.87500000000119,-2.49219781872708,3.93673357848806));
#1974=CARTESIAN_POINT('Ctrl Pts',(-3.07500000000119,-2.49219781872708,3.93673357848806));
#1975=CARTESIAN_POINT('Ctrl Pts',(-5.87500000000119,-3.62021240774197,4.27923781444133));
#1976=CARTESIAN_POINT('Ctrl Pts',(-3.07500000000119,-3.62021240774197,4.27923781444133));
#1977=CARTESIAN_POINT('Ctrl Pts',(-5.87500000000119,-4.61105444335395,4.42738426509306));
#1978=CARTESIAN_POINT('Ctrl Pts',(-3.07500000000119,-4.61105444335395,4.42738426509306));
#1979=CARTESIAN_POINT('Ctrl Pts',(-5.87500000000119,-6.09719747425058,4.64958599581812));
#1980=CARTESIAN_POINT('Ctrl Pts',(-3.07500000000119,-6.09719747425058,4.64958599581812));
#1981=CARTESIAN_POINT('Ctrl Pts',(-5.87500000000119,-7.24293461147384,4.36182455017975));
#1982=CARTESIAN_POINT('Ctrl Pts',(-3.07500000000119,-7.24293461147384,4.36182455017975));
#1983=CARTESIAN_POINT('Ctrl Pts',(-5.87500000000119,-8.04318154954547,3.62906634474846));
#1984=CARTESIAN_POINT('Ctrl Pts',(-3.07500000000119,-8.04318154954547,3.62906634474846));
#1985=CARTESIAN_POINT('',(-3.07500000000119,-1.25726778153121,3.45371502036672));
#1986=CARTESIAN_POINT('Ctrl Pts',(-3.07500000000119,-1.25726778153121,3.45371502036672));
#1987=CARTESIAN_POINT('Ctrl Pts',(-3.07500000000119,-2.49219781872708,3.93673357848806));
#1988=CARTESIAN_POINT('Ctrl Pts',(-3.07500000000119,-3.62021240774197,4.27923781444133));
#1989=CARTESIAN_POINT('Ctrl Pts',(-3.07500000000119,-4.61105444335395,4.42738426509306));
#1990=CARTESIAN_POINT('Ctrl Pts',(-3.07500000000119,-6.09719747425058,4.64958599581812));
#1991=CARTESIAN_POINT('Ctrl Pts',(-3.07500000000119,-7.24293461147384,4.36182455017975));
#1992=CARTESIAN_POINT('Ctrl Pts',(-3.07500000000119,-8.04318154954547,3.62906634474846));
#1993=CARTESIAN_POINT('',(-5.87500000000119,-1.25726778153121,3.45371502036672));
#1994=CARTESIAN_POINT('',(-4.47500000000119,-1.25726778153121,3.45371502036672));
#1995=CARTESIAN_POINT('Ctrl Pts',(-5.87500000000119,-8.04318154954547,3.62906634474846));
#1996=CARTESIAN_POINT('Ctrl Pts',(-5.87500000000119,-7.24293461147384,4.36182455017975));
#1997=CARTESIAN_POINT('Ctrl Pts',(-5.87500000000119,-6.09719747425058,4.64958599581812));
#1998=CARTESIAN_POINT('Ctrl Pts',(-5.87500000000119,-4.61105444335395,4.42738426509306));
#1999=CARTESIAN_POINT('Ctrl Pts',(-5.87500000000119,-3.62021240774197,4.27923781444133));
#2000=CARTESIAN_POINT('Ctrl Pts',(-5.87500000000119,-2.49219781872708,3.93673357848806));
#2001=CARTESIAN_POINT('Ctrl Pts',(-5.87500000000119,-1.25726778153121,3.45371502036672));
#2002=CARTESIAN_POINT('Origin',(-4.47500000000119,-1.38475835417572,3.12776079982836));
#2003=CARTESIAN_POINT('',(-3.07500000000119,-1.38475835417572,3.12776079982836));
#2004=CARTESIAN_POINT('',(-3.07500000000119,-1.38475835417572,3.12776079982836));
#2005=CARTESIAN_POINT('',(-5.87500000000119,-1.38475835417572,3.12776079982836));
#2006=CARTESIAN_POINT('',(-4.47500000000119,-1.38475835417572,3.12776079982836));
#2007=CARTESIAN_POINT('',(-5.87500000000119,-1.38475835417572,3.12776079982836));
#2008=CARTESIAN_POINT('Ctrl Pts',(-5.87500000000119,-7.80681845045453,3.37093365524918));
#2009=CARTESIAN_POINT('Ctrl Pts',(-3.07500000000119,-7.80681845045453,3.37093365524918));
#2010=CARTESIAN_POINT('Ctrl Pts',(-5.87500000000119,-7.07869400215629,4.03765181271112));
#2011=CARTESIAN_POINT('Ctrl Pts',(-3.07500000000119,-7.07869400215629,4.03765181271112));
#2012=CARTESIAN_POINT('Ctrl Pts',(-5.87500000000119,-6.0467585267778,4.30284041861108));
#2013=CARTESIAN_POINT('Ctrl Pts',(-3.07500000000119,-6.0467585267778,4.30284041861108));
#2014=CARTESIAN_POINT('Ctrl Pts',(-5.87500000000119,-4.58029938110533,4.06846748135299));
#2015=CARTESIAN_POINT('Ctrl Pts',(-3.07500000000119,-4.58029938110533,4.06846748135299));
#2016=CARTESIAN_POINT('Ctrl Pts',(-5.87500000000119,-3.64864681980157,3.9195685857096));
#2017=CARTESIAN_POINT('Ctrl Pts',(-3.07500000000119,-3.64864681980157,3.9195685857096));
#2018=CARTESIAN_POINT('Ctrl Pts',(-5.87500000000119,-2.56851423991193,3.59076359664612));
#2019=CARTESIAN_POINT('Ctrl Pts',(-3.07500000000119,-2.56851423991193,3.59076359664612));
#2020=CARTESIAN_POINT('Ctrl Pts',(-5.87500000000119,-1.38475835417572,3.12776079982836));
#2021=CARTESIAN_POINT('Ctrl Pts',(-3.07500000000119,-1.38475835417572,3.12776079982836));
#2022=CARTESIAN_POINT('Ctrl Pts',(-3.07500000000119,-7.80681845045453,3.37093365524918));
#2023=CARTESIAN_POINT('Ctrl Pts',(-3.07500000000119,-7.07869400215629,4.03765181271112));
#2024=CARTESIAN_POINT('Ctrl Pts',(-3.07500000000119,-6.0467585267778,4.30284041861108));
#2025=CARTESIAN_POINT('Ctrl Pts',(-3.07500000000119,-4.58029938110533,4.06846748135299));
#2026=CARTESIAN_POINT('Ctrl Pts',(-3.07500000000119,-3.64864681980157,3.9195685857096));
#2027=CARTESIAN_POINT('Ctrl Pts',(-3.07500000000119,-2.56851423991193,3.59076359664612));
#2028=CARTESIAN_POINT('Ctrl Pts',(-3.07500000000119,-1.38475835417572,3.12776079982836));
#2029=CARTESIAN_POINT('Ctrl Pts',(-5.87500000000119,-1.38475835417572,3.12776079982836));
#2030=CARTESIAN_POINT('Ctrl Pts',(-5.87500000000119,-2.56851423991193,3.59076359664612));
#2031=CARTESIAN_POINT('Ctrl Pts',(-5.87500000000119,-3.64864681980157,3.9195685857096));
#2032=CARTESIAN_POINT('Ctrl Pts',(-5.87500000000119,-4.58029938110533,4.06846748135299));
#2033=CARTESIAN_POINT('Ctrl Pts',(-5.87500000000119,-6.0467585267778,4.30284041861108));
#2034=CARTESIAN_POINT('Ctrl Pts',(-5.87500000000119,-7.07869400215629,4.03765181271112));
#2035=CARTESIAN_POINT('Ctrl Pts',(-5.87500000000119,-7.80681845045453,3.37093365524918));
#2036=CARTESIAN_POINT('Origin',(-5.87500000000119,-8.275,-2.25339476826148E-12));
#2037=CARTESIAN_POINT('',(-5.87500000000119,-8.275,-2.25339476826148E-12));
#2038=CARTESIAN_POINT('Origin',(-3.07500000000119,-8.275,-1.17941482388041E-12));
#2039=CARTESIAN_POINT('',(-3.07500000000119,-8.275,-1.17941482388041E-12));
#2040=CARTESIAN_POINT('Origin',(-3.07500000000119,-7.925,-1.17941482388041E-12));
#2041=CARTESIAN_POINT('',(0.,0.,0.));
#2042=CARTESIAN_POINT('Origin',(-8.29999999999906,-10.65,-2.45033725900219));
#2043=CARTESIAN_POINT('',(-9.29999999999906,-11.05,-2.45033725900258));
#2044=CARTESIAN_POINT('Origin',(-9.29999999999906,-10.65,-2.45033725900258));
#2045=CARTESIAN_POINT('',(-8.94999999999906,-11.05,-2.45033725900244));
#2046=CARTESIAN_POINT('',(-8.29999999999906,-11.05,-2.45033725900219));
#2047=CARTESIAN_POINT('Origin',(-8.94999999999906,-10.65,-2.45033725900244));
#2048=CARTESIAN_POINT('Origin',(-8.94999999999906,-10.65,-2.45033725900244));
#2049=CARTESIAN_POINT('',(-9.29999999999854,-10.65,-3.80033725900258));
#2050=CARTESIAN_POINT('',(-9.29999999999906,-9.3,-2.45033725900258));
#2051=CARTESIAN_POINT('Origin',(-9.29999999999906,-10.65,-2.45033725900258));
#2052=CARTESIAN_POINT('',(-8.94999999999906,-9.3,-2.45033725900244));
#2053=CARTESIAN_POINT('',(-8.94999999999906,-9.3,-2.45033725900244));
#2054=CARTESIAN_POINT('',(-8.94999999999854,-10.65,-3.80033725900244));
#2055=CARTESIAN_POINT('Origin',(-8.94999999999906,-10.65,-2.45033725900244));
#2056=CARTESIAN_POINT('',(-8.94999999999854,-10.65,-3.80033725900244));
#2057=CARTESIAN_POINT('Origin',(-8.94999999999854,-9.3,-3.80033725900244));
#2058=CARTESIAN_POINT('',(-8.94999999999854,-10.75,-3.80033725900244));
#2059=CARTESIAN_POINT('',(-8.94999999999854,-10.,-3.80033725900244));
#2060=CARTESIAN_POINT('',(-9.29999999999854,-10.75,-3.80033725900258));
#2061=CARTESIAN_POINT('',(-8.94999999999854,-10.75,-3.80033725900244));
#2062=CARTESIAN_POINT('',(-9.29999999999854,-10.,-3.80033725900258));
#2063=CARTESIAN_POINT('Origin',(-8.95000000000008,-10.7,0.221331370497063));
#2064=CARTESIAN_POINT('',(-8.9500000000014,-9.3,3.64999999999657));
#2065=CARTESIAN_POINT('',(-8.95000000000167,-9.3,4.34999999999657));
#2066=CARTESIAN_POINT('',(-8.9500000000014,-12.1,3.64999999999657));
#2067=CARTESIAN_POINT('',(-8.9500000000014,-10.7,3.64999999999657));
#2068=CARTESIAN_POINT('',(-8.94999999999906,-12.1,-2.45033725900244));
#2069=CARTESIAN_POINT('',(-8.9499999999985,-12.1,-3.90733725900244));
#2070=CARTESIAN_POINT('Origin',(-8.94999999999906,-10.75,-2.45033725900244));
#2071=CARTESIAN_POINT('Origin',(-8.94999999999906,-10.75,-2.45033725900244));
#2072=CARTESIAN_POINT('',(-9.29999999999906,-12.1,-2.45033725900258));
#2073=CARTESIAN_POINT('',(-8.94999999999906,-12.1,-2.45033725900244));
#2074=CARTESIAN_POINT('Origin',(-9.29999999999906,-10.75,-2.45033725900258));
#2075=CARTESIAN_POINT('Origin',(-8.95000000000167,-9.3,4.34999999999657));
#2076=CARTESIAN_POINT('',(-9.30000000000154,-9.3,3.99999999999643));
#2077=CARTESIAN_POINT('',(-9.30000000000167,-9.3,4.34999999999643));
#2078=CARTESIAN_POINT('',(-8.95000000000167,-9.3,4.34999999999657));
#2079=CARTESIAN_POINT('Origin',(-8.95000000000154,-9.3,3.99999999999657));
#2080=CARTESIAN_POINT('',(-8.35000000000167,-9.3,4.3499999999968));
#2081=CARTESIAN_POINT('',(-8.95000000000167,-9.3,4.34999999999657));
#2082=CARTESIAN_POINT('',(-8.35000000000153,-9.3,3.9999999999968));
#2083=CARTESIAN_POINT('',(-8.3500000000016,-9.3,4.1749999999968));
#2084=CARTESIAN_POINT('',(-8.60000000000153,-9.3,3.9999999999967));
#2085=CARTESIAN_POINT('',(-8.65000000000154,-9.3,3.99999999999668));
#2086=CARTESIAN_POINT('Origin',(-8.6000000000014,-9.3,3.6499999999967));
#2087=CARTESIAN_POINT('Origin',(-8.6000000000014,-10.7,3.6499999999967));
#2088=CARTESIAN_POINT('',(-8.60000000000153,-12.1,3.9999999999967));
#2089=CARTESIAN_POINT('',(-8.60000000000153,-10.7,3.9999999999967));
#2090=CARTESIAN_POINT('Origin',(-8.6000000000014,-12.1,3.6499999999967));
#2091=CARTESIAN_POINT('Origin',(-8.65000000000154,-10.7,3.99999999999668));
#2092=CARTESIAN_POINT('',(-8.35000000000153,-12.1,3.9999999999968));
#2093=CARTESIAN_POINT('',(-8.35000000000153,-10.7,3.9999999999968));
#2094=CARTESIAN_POINT('',(-8.65000000000154,-12.1,3.99999999999668));
#2095=CARTESIAN_POINT('Origin',(-8.95000000000154,-11.4,3.99999999999657));
#2096=CARTESIAN_POINT('',(-9.30000000000154,-12.1,3.99999999999643));
#2097=CARTESIAN_POINT('',(-9.30000000000154,-11.4,3.99999999999643));
#2098=CARTESIAN_POINT('',(-8.95000000000167,-12.1,4.34999999999657));
#2099=CARTESIAN_POINT('Origin',(-8.95000000000154,-12.1,3.99999999999657));
#2100=CARTESIAN_POINT('',(-8.95000000000167,-11.4,4.34999999999657));
#2101=CARTESIAN_POINT('Origin',(-9.30000000000009,-10.7,0.221331370496928));
#2102=CARTESIAN_POINT('',(-9.2999999999985,-12.1,-3.90733725900258));
#2103=CARTESIAN_POINT('Origin',(-8.3500000000016,-10.7,4.1749999999968));
#2104=CARTESIAN_POINT('',(-8.35000000000167,-12.1,4.3499999999968));
#2105=CARTESIAN_POINT('',(-8.35000000000167,-10.7,4.3499999999968));
#2106=CARTESIAN_POINT('',(-8.3500000000016,-12.1,4.1749999999968));
#2107=CARTESIAN_POINT('Origin',(-8.95000000000167,-12.1,4.34999999999657));
#2108=CARTESIAN_POINT('',(-8.95000000000167,-12.1,4.34999999999657));
#2109=CARTESIAN_POINT('Origin',(-8.9499999999985,-12.1,-3.90733725900244));
#2110=CARTESIAN_POINT('',(0.,0.,0.));
#2111=CARTESIAN_POINT('',(0.,0.,0.));
#2112=CARTESIAN_POINT('',(0.,0.,0.));
#2113=CARTESIAN_POINT('',(0.,0.,0.));
#2114=UNCERTAINTY_MEASURE_WITH_UNIT(LENGTH_MEASURE(0.01),#2126,
'DISTANCE_ACCURACY_VALUE',
'Maximum model space distance between geometric entities at asserted c
onnectivities');
#2115=UNCERTAINTY_MEASURE_WITH_UNIT(LENGTH_MEASURE(0.01),#2126,
'DISTANCE_ACCURACY_VALUE',
'Maximum model space distance between geometric entities at asserted c
onnectivities');
#2116=UNCERTAINTY_MEASURE_WITH_UNIT(LENGTH_MEASURE(0.01),#2126,
'DISTANCE_ACCURACY_VALUE',
'Maximum model space distance between geometric entities at asserted c
onnectivities');
#2117=UNCERTAINTY_MEASURE_WITH_UNIT(LENGTH_MEASURE(0.01),#2126,
'DISTANCE_ACCURACY_VALUE',
'Maximum model space distance between geometric entities at asserted c
onnectivities');
#2118=UNCERTAINTY_MEASURE_WITH_UNIT(LENGTH_MEASURE(0.01),#2126,
'DISTANCE_ACCURACY_VALUE',
'Maximum model space distance between geometric entities at asserted c
onnectivities');
#2119=UNCERTAINTY_MEASURE_WITH_UNIT(LENGTH_MEASURE(0.01),#2126,
'DISTANCE_ACCURACY_VALUE',
'Maximum model space distance between geometric entities at asserted c
onnectivities');
#2120=(
GEOMETRIC_REPRESENTATION_CONTEXT(3)
GLOBAL_UNCERTAINTY_ASSIGNED_CONTEXT((#2114))
GLOBAL_UNIT_ASSIGNED_CONTEXT((#2126,#2128,#2129))
REPRESENTATION_CONTEXT('','3D')
);
#2121=(
GEOMETRIC_REPRESENTATION_CONTEXT(3)
GLOBAL_UNCERTAINTY_ASSIGNED_CONTEXT((#2115))
GLOBAL_UNIT_ASSIGNED_CONTEXT((#2126,#2128,#2129))
REPRESENTATION_CONTEXT('','3D')
);
#2122=(
GEOMETRIC_REPRESENTATION_CONTEXT(3)
GLOBAL_UNCERTAINTY_ASSIGNED_CONTEXT((#2116))
GLOBAL_UNIT_ASSIGNED_CONTEXT((#2126,#2128,#2129))
REPRESENTATION_CONTEXT('','3D')
);
#2123=(
GEOMETRIC_REPRESENTATION_CONTEXT(3)
GLOBAL_UNCERTAINTY_ASSIGNED_CONTEXT((#2117))
GLOBAL_UNIT_ASSIGNED_CONTEXT((#2126,#2128,#2129))
REPRESENTATION_CONTEXT('','3D')
);
#2124=(
GEOMETRIC_REPRESENTATION_CONTEXT(3)
GLOBAL_UNCERTAINTY_ASSIGNED_CONTEXT((#2118))
GLOBAL_UNIT_ASSIGNED_CONTEXT((#2126,#2128,#2129))
REPRESENTATION_CONTEXT('','3D')
);
#2125=(
GEOMETRIC_REPRESENTATION_CONTEXT(3)
GLOBAL_UNCERTAINTY_ASSIGNED_CONTEXT((#2119))
GLOBAL_UNIT_ASSIGNED_CONTEXT((#2126,#2128,#2129))
REPRESENTATION_CONTEXT('','3D')
);
#2126=(
LENGTH_UNIT()
NAMED_UNIT(*)
SI_UNIT(.MILLI.,.METRE.)
);
#2127=(
LENGTH_UNIT()
NAMED_UNIT(*)
SI_UNIT($,.METRE.)
);
#2128=(
NAMED_UNIT(*)
PLANE_ANGLE_UNIT()
SI_UNIT($,.RADIAN.)
);
#2129=(
NAMED_UNIT(*)
SI_UNIT($,.STERADIAN.)
SOLID_ANGLE_UNIT()
);
#2130=SHAPE_DEFINITION_REPRESENTATION(#2135,#2144);
#2131=SHAPE_DEFINITION_REPRESENTATION(#2136,#2145);
#2132=SHAPE_DEFINITION_REPRESENTATION(#2137,#2146);
#2133=SHAPE_DEFINITION_REPRESENTATION(#2138,#2147);
#2134=SHAPE_DEFINITION_REPRESENTATION(#2139,#2148);
#2135=PRODUCT_DEFINITION_SHAPE('',$,#2150);
#2136=PRODUCT_DEFINITION_SHAPE('',$,#2151);
#2137=PRODUCT_DEFINITION_SHAPE('',$,#2152);
#2138=PRODUCT_DEFINITION_SHAPE('',$,#2153);
#2139=PRODUCT_DEFINITION_SHAPE('',$,#2154);
#2140=PRODUCT_DEFINITION_SHAPE($,$,#23);
#2141=PRODUCT_DEFINITION_SHAPE($,$,#24);
#2142=PRODUCT_DEFINITION_SHAPE($,$,#25);
#2143=PRODUCT_DEFINITION_SHAPE($,$,#26);
#2144=SHAPE_REPRESENTATION('',(#1239,#1350,#1351,#1352,#1353),#2120);
#2145=SHAPE_REPRESENTATION('',(#1240),#2121);
#2146=SHAPE_REPRESENTATION('',(#1279),#2122);
#2147=SHAPE_REPRESENTATION('',(#1308),#2123);
#2148=SHAPE_REPRESENTATION('',(#1326),#2124);
#2149=PRODUCT_DEFINITION_CONTEXT('part definition',#2166,'design');
#2150=PRODUCT_DEFINITION('Power 5.5x2.1','Power 5.5x2.1',#2155,#2149);
#2151=PRODUCT_DEFINITION('body','body',#2156,#2149);
#2152=PRODUCT_DEFINITION('Pos.pin','Pos.pin',#2157,#2149);
#2153=PRODUCT_DEFINITION('Neg pin','Neg pin',#2158,#2149);
#2154=PRODUCT_DEFINITION('moun pin','moun pin',#2159,#2149);
#2155=PRODUCT_DEFINITION_FORMATION('',$,#2168);
#2156=PRODUCT_DEFINITION_FORMATION('',$,#2169);
#2157=PRODUCT_DEFINITION_FORMATION('',$,#2170);
#2158=PRODUCT_DEFINITION_FORMATION('',$,#2171);
#2159=PRODUCT_DEFINITION_FORMATION('',$,#2172);
#2160=PRODUCT_RELATED_PRODUCT_CATEGORY('Power 5.5x2.1','Power 5.5x2.1',
(#2168));
#2161=PRODUCT_RELATED_PRODUCT_CATEGORY('body','body',(#2169));
#2162=PRODUCT_RELATED_PRODUCT_CATEGORY('Pos.pin','Pos.pin',(#2170));
#2163=PRODUCT_RELATED_PRODUCT_CATEGORY('Neg pin','Neg pin',(#2171));
#2164=PRODUCT_RELATED_PRODUCT_CATEGORY('moun pin','moun pin',(#2172));
#2165=APPLICATION_PROTOCOL_DEFINITION('international standard',
'automotive_design',2009,#2166);
#2166=APPLICATION_CONTEXT(
'Core Data for Automotive Mechanical Design Process');
#2167=PRODUCT_CONTEXT('part definition',#2166,'mechanical');
#2168=PRODUCT('Power 5.5x2.1','Power 5.5x2.1',$,(#2167));
#2169=PRODUCT('body','body',$,(#2167));
#2170=PRODUCT('Pos.pin','Pos.pin',$,(#2167));
#2171=PRODUCT('Neg pin','Neg pin',$,(#2167));
#2172=PRODUCT('moun pin','moun pin',$,(#2167));
#2173=PRESENTATION_STYLE_ASSIGNMENT((#2176));
#2174=PRESENTATION_STYLE_ASSIGNMENT((#2177));
#2175=PRESENTATION_STYLE_ASSIGNMENT((#2178));
#2176=SURFACE_STYLE_USAGE(.BOTH.,#2179);
#2177=SURFACE_STYLE_USAGE(.BOTH.,#2180);
#2178=SURFACE_STYLE_USAGE(.BOTH.,#2181);
#2179=SURFACE_SIDE_STYLE('',(#2182));
#2180=SURFACE_SIDE_STYLE('',(#2183));
#2181=SURFACE_SIDE_STYLE('',(#2184));
#2182=SURFACE_STYLE_FILL_AREA(#2185);
#2183=SURFACE_STYLE_FILL_AREA(#2186);
#2184=SURFACE_STYLE_FILL_AREA(#2187);
#2185=FILL_AREA_STYLE('Steel - Satin',(#2188));
#2186=FILL_AREA_STYLE('Plastic - Matte (Black)',(#2189));
#2187=FILL_AREA_STYLE('Base Material - Metal',(#2190));
#2188=FILL_AREA_STYLE_COLOUR('Steel - Satin',#2191);
#2189=FILL_AREA_STYLE_COLOUR('Plastic - Matte (Black)',#2192);
#2190=FILL_AREA_STYLE_COLOUR('Base Material - Metal',#2193);
#2191=COLOUR_RGB('Steel - Satin',0.627450980392157,0.627450980392157,0.627450980392157);
#2192=COLOUR_RGB('Plastic - Matte (Black)',0.0980392156862745,0.0980392156862745,
0.0980392156862745);
#2193=COLOUR_RGB('Base Material - Metal',0.909803921568627,0.917647058823529,
0.92156862745098);
ENDSEC;
END-ISO-10303-21;
