sweep,vin,t,v5,vref,vadj,vfan,i317,ifan
0.0,0.0,25.0,-7.600893063859696e-05,-1.5000741092941428,-1.4990761085671345,0.0,0.0,0.0
2.9296876036255526e-10,0.0,25.0,-7.600893063859693e-05,-1.5000741092941428,-1.4990761085671345,0.0,0.0,0.0
5.859375207251105e-10,0.0,25.0,-7.600893063859691e-05,-1.5000741092941428,-1.4990761085671345,0.0,0.0,0.0
1.171875041450221e-09,0.0,25.0,-7.600893063859687e-05,-1.5000741092941428,-1.4990761085671345,0.0,0.0,0.0
2.343750082900442e-09,0.0,25.0,-7.600893063859682e-05,-1.5000741092941428,-1.4990761085671345,0.0,0.0,0.0
4.687500165800884e-09,0.0,25.0,-7.600893063859675e-05,-1.5000741092941428,-1.4990761085671345,0.0,0.0,0.0
9.375000331601768e-09,0.0,25.0,-7.600893063859671e-05,-1.5000741092941428,-1.4990761085671345,0.0,0.0,0.0
1.8750000663203537e-08,0.0,25.0,-7.600893063859671e-05,-1.5000741092941428,-1.4990761085671345,0.0,0.0,0.0
3.750000132640707e-08,0.0,25.0,-7.600893063859671e-05,-1.5000741092941428,-1.4990761085671345,0.0,0.0,0.0
7.500000265281415e-08,0.0,25.0,-7.600893063859672e-05,-1.5000741092941428,-1.4990761085671345,0.0,0.0,0.0
1.500000053056283e-07,0.0,25.0,-7.600893063859675e-05,-1.5000741092941428,-1.4990761085671345,0.0,0.0,0.0
3.000000106112566e-07,0.0,25.0,-7.600893063859678e-05,-1.5000741092941428,-1.4990761085671345,0.0,0.0,0.0
6.000000212225132e-07,0.0,25.0,-7.600893063859675e-05,-1.5000741092941428,-1.4990761085671345,0.0,0.0,0.0
1.2000000424450263e-06,0.0,25.0,-7.600893063859683e-05,-1.5000741092941428,-1.4990761085671345,0.0,0.0,0.0
2.4000000848900527e-06,0.0,25.0,-7.600893063859693e-05,-1.5000741092941428,-1.4990761085671345,0.0,0.0,0.0
4.800000169780105e-06,0.0,25.0,-7.600893063859697e-05,-1.5000741092941428,-1.4990761085671345,0.0,0.0,0.0
9.60000033956021e-06,0.0,25.0,-7.600893063859698e-05,-1.5000741092941428,-1.4990761085671345,0.0,0.0,0.0
1.920000067912042e-05,0.0,25.0,-7.600893063859697e-05,-1.5000741092941428,-1.4990761085671345,0.0,0.0,0.0
3.840000135824084e-05,0.0,25.0,-7.600893063859698e-05,-1.5000741092941428,-1.4990761085671345,0.0,0.0,0.0
6.769687635824084e-05,0.0,25.0,-7.600893063859697e-05,-1.5000741092941428,-1.4990761085671345,0.0,0.0,0.0
9.699375135824084e-05,0.0,25.0,-7.600893063859697e-05,-1.5000741092941428,-1.4990761085671345,0.0,0.0,0.0
0.00012629062635824084,0.0,25.0,-7.600893063859697e-05,-1.5000741092941428,-1.4990761085671345,0.0,0.0,0.0
0.00015558750135824084,0.0,25.0,-7.600893063859697e-05,-1.5000741092941428,-1.4990761085671345,0.0,0.0,0.0
0.00018488437635824084,0.0,25.0,-7.600893063859697e-05,-1.5000741092941428,-1.4990761085671345,0.0,0.0,0.0
0.00021418125135824084,0.0,25.0,-7.600893063859697e-05,-1.5000741092941428,-1.4990761085671345,0.0,0.0,0.0
0.00024347812635824084,0.0,25.0,-7.600893063859697e-05,-1.5000741092941428,-1.4990761085671345,0.0,0.0,0.0
0.00027277500135824083,0.0,25.0,-7.600893063859697e-05,-1.5000741092941428,-1.4990761085671345,0.0,0.0,0.0
0.00030207187635824086,0.0,25.0,-7.600893063859697e-05,-1.5000741092941428,-1.4990761085671345,0.0,0.0,0.0
0.0003313687513582409,0.0,25.0,-7.600893063859697e-05,-1.5000741092941428,-1.4990761085671345,0.0,0.0,0.0
0.0003606656263582409,0.0,25.0,-7.600893063859697e-05,-1.5000741092941428,-1.4990761085671345,0.0,0.0,0.0
0.00038996250135824094,0.0,25.0,-7.600893063859697e-05,-1.5000741092941428,-1.4990761085671345,0.0,0.0,0.0
0.00041925937635824096,0.0,25.0,-7.600893063859697e-05,-1.5000741092941428,-1.4990761085671345,0.0,0.0,0.0
0.000448556251358241,0.0,25.0,-7.600893063859697e-05,-1.5000741092941428,-1.4990761085671345,0.0,0.0,0.0
0.000477853126358241,0.0,25.0,-7.600893063859697e-05,-1.5000741092941428,-1.4990761085671345,0.0,0.0,0.0
0.000507150001358241,0.0,25.0,-7.600893063859697e-05,-1.5000741092941428,-1.4990761085671345,0.0,0.0,0.0
0.0005364468763582411,0.0,25.0,-7.600893063859697e-05,-1.5000741092941428,-1.4990761085671345,0.0,0.0,0.0
0.0005657437513582411,0.0,25.0,-7.600893063859697e-05,-1.5000741092941428,-1.4990761085671345,0.0,0.0,0.0
0.0005950406263582411,0.0,25.0,-7.600893063859697e-05,-1.5000741092941428,-1.4990761085671345,0.0,0.0,0.0
0.0006243375013582411,0.0,25.0,-7.600893063859697e-05,-1.5000741092941428,-1.4990761085671345,0.0,0.0,0.0
0.0006536343763582412,0.0,25.0,-7.600893063859697e-05,-1.5000741092941428,-1.4990761085671345,0.0,0.0,0.0
0.0006829312513582412,0.0,25.0,-7.600893063859697e-05,-1.5000741092941428,-1.4990761085671345,0.0,0.0,0.0
0.0007122281263582412,0.0,25.0,-7.600893063859697e-05,-1.5000741092941428,-1.4990761085671345,0.0,0.0,0.0
0.0007415250013582413,0.0,25.0,-7.600893063859697e-05,-1.5000741092941428,-1.4990761085671345,0.0,0.0,0.0
0.0007708218763582413,0.0,25.0,-7.600893063859697e-05,-1.5000741092941428,-1.4990761085671345,0.0,0.0,0.0
0.0008001187513582413,0.0,25.0,-7.600893063859697e-05,-1.5000741092941428,-1.4990761085671345,0.0,0.0,0.0
0.0008294156263582413,0.0,25.0,-7.600893063859697e-05,-1.5000741092941428,-1.4990761085671345,0.0,0.0,0.0
0.0008587125013582414,0.0,25.0,-7.600893063859697e-05,-1.5000741092941428,-1.4990761085671345,0.0,0.0,0.0
0.0008880093763582414,0.0,25.0,-7.600893063859697e-05,-1.5000741092941428,-1.4990761085671345,0.0,0.0,0.0
0.0009173062513582414,0.0,25.0,-7.600893063859697e-05,-1.5000741092941428,-1.4990761085671345,0.0,0.0,0.0
0.0009466031263582414,0.0,25.0,-7.600893063859697e-05,-1.5000741092941428,-1.4990761085671345,0.0,0.0,0.0
0.0009759000013582415,0.0,25.0,-7.600893063859697e-05,-1.5000741092941428,-1.4990761085671345,0.0,0.0,0.0
0.001,0.0,25.0,-7.600893063859697e-05,-1.5000741092941428,-1.4990761085671345,0.0,0.0,0.0
0.0010000968324803525,0.008714923231719747,25.0,-7.600893063859694e-05,-1.5000741092941428,-1.4990761085671345,0.0,0.0,0.0
0.0010002904974410576,0.026144769695178757,25.0,-7.600893063859689e-05,-1.5000741092941428,-1.4990761085671345,0.0,0.0,0.0
0.0010006778273624675,0.06100446262207725,25.0,-7.600893063859687e-05,-1.5000741092941428,-1.4990761085671345,0.0,0.0,0.0
0.0010014524872052877,0.13072384847589377,25.0,-7.600893063859691e-05,-1.5000741092941428,-1.4990761085671345,0.0,0.0,0.0
0.001003001806890928,0.2701626201835268,25.0,-7.600893063859696e-05,-1.5000741092941428,-1.4990761085671345,0.0,0.0,0.0
0.0010061004462622086,0.5490401635987734,25.0,-7.600893063859698e-05,-1.5000741092941428,-1.4990761085671345,0.0,0.0,0.0
0.0010122977250047699,1.106795250429286,25.0,-7.600893063859697e-05,-1.5000741092941428,-1.4990761085671345,0.0,0.0,0.0
0.0010166973564652974,1.502762081876762,25.0,-7.600893063859697e-05,-1.5000741092941428,-1.4990761085671345,-4.922988741701927e-21,1.8639236234896698e-28,-3.72784724697934e-31
0.0010187369353404747,1.6863241806427187,25.0,-7.600893063859668e-05,-1.5000741092941428,-1.4990761085671345,-5.627031246477524e-23,1.1254062492955042e-21,-2.2508124985910082e-24
0.0010198321799194225,1.7848961927480214,25.0,0.029771426805453572,-1.4702266735580505,-1.4692286728310424,-5.069119757783981e-23,1.0138239515567967e-21,-2.027647903113593e-24
0.0010208969432401395,1.8807248916125532,25.0,0.10085063677310553,-1.3991474635903987,-1.3981494628633904,-4.579836788340755e-23,9.15967357668151e-22,-1.831934715336302e-24
0.0010218943819188502,1.9704943726965196,25.0,0.18328047786502136,-1.3167176224984827,-1.3157196217714746,-4.164464074474285e-23,8.328928148948571e-22,-1.6657856297897143e-24
0.001022469108752434,2.022219787719053,25.0,0.2333392031909328,-1.2666588971725714,-1.2656608964455631,-3.9421366013284343e-23,7.885135588853026e-22,-1.5770271177706052e-24
0.001022754427468468,2.0478984721621196,25.0,0.25849914778317556,-1.2414989525803286,-1.2405009518533205,0.009033600812170306,0.009308946690186018,0.0003613440324868122
0.0010229284133719424,2.063557203474809,25.0,0.2739077729451281,-1.226090327418376,-1.2250923266913678,0.023690725886026387,0.0243389484415258,0.0009476290354622386
0.0010230980904327672,2.078828138949049,25.0,0.28897307535963107,-1.211025025003873,-1.210027024276865,0.03803261062738694,0.03880730191496107,0.0015213044250954777
0.0010233264155606711,2.0993774004603987,25.0,0.30929460795055874,-1.1907034924129454,-1.1897054916859373,0.05739568179711463,0.0579765303389566,0.002295827271884585
0.0010237830658164791,2.1404759234831174,25.0,0.350063630340684,-1.1499344700228202,-1.1489364692958122,0.09629997445171878,0.0952711250493778,0.0038519989780687516
0.001024696366328095,2.2226729695285563,25.0,0.43190941621157863,-1.0680886841519255,-1.0670906834249174,0.17462348261845628,0.16571667913252594,0.006984939304738251
0.0010265229673513268,2.3870670616194127,25.0,0.596101280669667,-0.9038968196938372,-0.9028988189668291,0.33254983724242304,0.29102687581495224,0.013301993489696922
0.001029081674540648,2.6173507086583165,25.0,0.8263727611099193,-0.6736253392535849,-0.6726273385265767,0.5555712524980638,0.4360281795071917,0.022222850099922555
0.0010329005111406643,2.9610460026597845,25.0,1.1700693878963908,-0.3299287124671135,-0.32893071174010524,0.8910309098344789,0.6007675685083205,0.035641236393379155
0.0010339005111406642,3.0510460026597768,25.0,1.2600690489673823,-0.23992905139612208,-0.2389310506691138,0.9793023555289685,0.6353318760383555,0.03917209422115874
0.0010357464013067154,3.217176117604386,25.0,1.4261988872418074,-0.0737992131216969,-0.07280121239468862,1.1425935132841438,0.6921054864233489,0.04570374053136576
0.0010370189563218214,3.331706068963926,25.0,1.540728729528559,0.040730629165054655,0.04172862989206272,1.2554047583436145,0.7264774309689643,0.05021619033374458
0.0010380164315431943,3.421478838887484,25.0,1.6305014166454304,0.13050331628192602,0.1315013170089343,1.3439487840193496,0.7510506597916886,0.053757951360773985
0.001038871411586344,3.4984270427709587,25.0,1.7074495500405704,0.20745144967706608,0.20844945040407414,1.419918556010959,0.7706178878622991,0.05679674224043836
0.001040049368571952,3.604443171475673,25.0,1.8134655818656678,0.3134674815021634,0.3144654822291715,1.5246886140318054,0.7955373639473216,0.06098754456127222
0.0010404885824557989,3.643972421021895,25.0,1.8529947953224992,0.1494539323635413,0.3003246393067348,1.5127233918828487,0.7520249484777222,0.06050893567531395
0.001040648916211162,3.6584024590045745,25.0,1.867424820132579,0.12051655616209313,0.2673839148594386,1.4819235036349516,0.7092082244897406,0.05927694014539807
0.001040777192635801,3.6699473372220934,25.0,1.8789696878117417,0.11276295524543536,0.25673785910298136,1.4721924769852504,0.6909076423546211,0.058887699079410015
0.0010409408912573233,3.6846802131590963,25.0,1.8937025503008762,0.10937487088156511,0.250023946810746,1.4662920065590508,0.6746388050339092,0.05865168026236203
0.0010411043541898068,3.6993918770826055,25.0,1.9084142007963925,0.10886044797713271,0.24656470830479227,1.4634728336695482,0.6618374927048821,0.05853891334678193
0.0010414020798819696,3.7261871893772613,25.0,1.9352094886348565,0.10976929415540047,0.2429585320817478,1.4608755582440858,0.6416594767532363,0.058435022329763435
0.0010417729074207397,3.7595616678665724,25.0,1.968583936664663,0.11164894957632968,0.24053516478599485,1.4595688524787265,0.619326246145368,0.05838275409914906
0.00104251456249828,3.8263106248451937,25.0,2.035332832727412,0.11545580117648291,0.23905370745896645,1.460045390405082,0.5801663410776887,0.058401815616203286
0.0010438490609031318,3.9464154812818615,25.0,2.155437579560163,0.12230042515273279,0.2435930045821168,1.46744362340838,0.5229876234747374,0.05869774493633521
0.0010465180577128353,4.1866251941551775,25.0,2.3956470732311064,0.13599224253975573,0.26510481400312225,1.4931520078012466,0.4390561240375178,0.059726080312049866
0.0010493183966788862,4.438655701099752,25.0,2.6476773501873963,0.15035642110724,0.2937958823940241,1.5249530595019645,0.3768564578411904,0.06099812238007858
0.0010540456160604826,4.8641054454434265,25.0,3.0731267062902963,0.17460581054268293,0.3436652737914718,1.5784458884534804,0.30438770675982796,0.06313783553813922
0.0010550456160604825,4.954105445443418,25.0,3.16312662416152,0.17973511766659722,0.35425011760205105,1.5895898882879598,0.29320458628182133,0.06358359553151839
0.0010610721223210092,5.496491008890819,25.0,3.705511692659319,0.2106491223261683,0.4180077578501562,1.6558055154953517,0.24404484709608365,0.06623222061981407
0.001062072122321009,5.586491008890811,25.0,3.795511610530541,0.2157786059693218,0.42858395361534674,1.6666519435728926,0.2386402008490789,0.0666660777429157
0.001065068896461136,5.856200681502233,25.0,4.065221037020564,0.23115070421295877,0.43959631292108925,1.6792315888268992,0.20729448188380029,0.06716926355307597
0.0010660688964611359,5.9462006815022255,25.0,4.1552209548917824,0.23627975043681174,0.4256852640874608,1.6665819917940676,0.182065445867861,0.0666632796717627
0.0010695847459338433,6.262627134045891,25.0,4.47164711868302,0.25431387631837504,0.29217173703674104,1.540330557619869,0.036823588337443036,0.06161322230479476
0.0010705847459338432,6.352627134045883,25.0,4.561647036554239,0.259443552553815,0.2408310302998219,1.491283290311756,-0.009045200238686268,0.059651331612470236
0.0010726389493951275,6.537505445561471,25.0,4.7465251793605985,0.26998084924601123,0.13542342058727697,1.3899911571187114,-0.09135473062868438,0.055599646284748463
0.0010751288773889719,6.7615989650074635,25.0,4.936609767276789,0.2810346329374534,0.014845492031052026,1.2731708324800457,-0.16650680897987646,0.05092683329920183
0.0010775642138055098,6.980779242495877,25.0,5.005821315512606,0.28558056174289564,0.006050905392063787,1.2624547157777615,-0.12807620771395545,0.05049818863111046
0.0010798255242046543,7.184297178418879,25.0,4.99958676437398,0.2852626868895003,0.006050847607142246,1.2606667045295505,-0.09231713844816514,0.05042666818118202
0.0010828975216345905,7.460776947113143,25.0,4.999988145730695,0.28520894869989405,0.0060508378383384645,1.258775948568125,-0.05450221459573079,0.050351037942725
0.001085837676157722,7.725390854194967,25.0,4.99990667025601,0.2852688740568841,0.006050848731877273,1.2574208503657252,-0.027400032676959007,0.050296834014629005
0.0010891218523389067,8.020966710501595,25.0,4.999922458253032,0.2852167365063267,0.006050839254045869,1.2562951811071796,-0.00488683706267623,0.05025180724428718
0.0010916700652887892,8.250305875991025,25.0,4.999919068263332,0.2852592279032779,0.0060508469783499864,1.255638126205813,0.00825441545074046,0.05022552504823252
0.0010948403772507724,8.535633952569512,25.0,4.999919497485271,0.28522527732446373,0.006050840806639604,1.2550140743645384,0.020735328842018896,0.05020056297458154
0.0010998291113068347,8.984620017615118,25.0,4.999919386632353,0.2852540083011425,0.0060508460295039335,1.2543404103181146,0.03420871422778471,0.05017361641272459
0.0011,9.0,25.0,4.999919391777783,0.2852446047425649,0.006050844320076815,1.2543229568463456,0.03455774947462387,0.050172918273853825
0.0011003417773863308,9.0,25.0,4.999919398816272,0.285241841797768,0.006050843817814537,1.2542894281984722,0.03522831238684865,0.05017157712793889
0.0011010253321589922,9.0,25.0,4.999919409334088,0.28524008749640106,0.006050843498908634,1.2542244856620026,0.036527156738123345,0.050168979426480104
0.001102392441704315,9.0,25.0,4.999919417634069,0.285240849357699,0.00605084363740369,1.2541065105945737,0.038886660856603195,0.05016426042378295
0.0011051266607949607,9.0,25.0,4.999919419913714,0.2852403262001327,0.006050843542301424,1.2539113367056969,0.0427901367320882,0.05015645346822788
0.0011105950989762521,9.0,25.0,4.999919419478866,0.2852407631910018,0.0060508436217398655,1.2536419693639202,0.04817748515639009,0.050145678774556814
0.001121531975338835,9.0,25.0,4.999919419710331,0.2852403632358143,0.00605084354903396,1.2533799906890761,0.05341705719915879,0.05013519962756305
0.0011434057280640005,9.0,25.0,4.999919419537571,0.2852407459977409,0.0060508436186143865,1.2532570307919915,0.055876256532455315,0.05013028123167966
0.0011727026030640005,9.0,25.0,4.999919419684264,0.28524037285084636,0.006050843550781829,1.2532598990742931,0.055818889529776206,0.050130395962971724
0.0012019994780640005,9.0,25.0,4.999919419556496,0.28524073798385896,0.006050843617157581,1.2532594258327636,0.05582835568787914,0.050130377033310546
0.0012312963530640006,9.0,25.0,4.999919419667782,0.28524038069273294,0.006050843552207368,1.2532595038708512,0.05582679362712828,0.05013038015483405
0.0012605932280640006,9.0,25.0,4.999919419570853,0.28524073031029107,0.006050843615762641,1.2532594910439991,0.05582705143527089,0.05013037964175997
0.0012898901030640006,9.0,25.0,4.999919419655277,0.28524038820158215,0.006050843553572365,1.2532594931114531,0.05582700884238956,0.05013037972445813
0.0013191869780640006,9.0,25.0,4.999919419581744,0.28524072296263614,0.006050843614426947,1.2532594928183478,0.0558270159215819,0.050130379712733916
0.0013484838530640007,9.0,25.0,4.999919419645791,0.2852403953914935,0.006050843554879384,1.2532594928197005,0.055827014703581423,0.05013037971278802
0.0013777807280640007,9.0,25.0,4.9999194195900065,0.2852407159270904,0.006050843613147989,1.25325949286548,0.0558270149533584,0.05013037971461921
0.0014070776030640007,9.0,25.0,4.999919419638595,0.2852404022759807,0.006050843556130881,1.2532594928129113,0.05582701486439545,0.05013037971251645
0.0014363744780640007,9.0,25.0,4.999919419596274,0.2852407091904249,0.006050843611923364,1.2532594928656338,0.055827014925797114,0.050130379714625355
0.0014656713530640008,9.0,25.0,4.999919419633135,0.2852404088679924,0.006050843557329211,1.253259492813832,0.05582701486994668,0.05013037971255328
0.0014949682280640008,9.0,25.0,4.99991941960103,0.28524070273996555,0.006050843610750766,1.253259492864556,0.055827014923899076,0.050130379714582236
0.0015242651030640008,9.0,25.0,4.999919419628994,0.2852404151799348,0.006050843558476628,1.2532594928149157,0.05582701487122088,0.05013037971259663
0.0015535619780640008,9.0,25.0,4.999919419604637,0.2852406965635694,0.006050843609627989,1.2532594928634908,0.05582701492274866,0.05013037971453963
0.0015828588530640009,9.0,25.0,4.999919419625852,0.28524042122369225,0.006050843559575293,1.2532594928159588,0.05582701487233066,0.050130379712638354
0.001612155728064001,9.0,25.0,4.999919419607374,0.28524069064960517,0.006050843608552918,1.2532594928624698,0.05582701492166531,0.050130379714498796
0.001641452603064001,9.0,25.0,4.999919419623468,0.28524042701064845,0.006050843560627276,1.2532594928169578,0.05582701487339048,0.050130379712678315
0.001670749478064001,9.0,25.0,4.99991941960945,0.28524068498693145,0.006050843607523528,1.2532594928614922,0.05582701492062825,0.05013037971445969
0.001700046353064001,9.0,25.0,4.999919419621659,0.2852404325517067,0.0060508435616345585,1.2532594928179144,0.05582701487440511,0.050130379712716576
0.001729343228064001,9.0,25.0,4.999919419611025,0.2852406795648785,0.00605084360653788,1.253259492860556,0.055827014919635265,0.050130379714422246
0.001758640103064001,9.0,25.0,4.999919419620287,0.28524043785730907,0.006050843562599038,1.2532594928188303,0.05582701487537689,0.05013037971275321
0.001787936978064001,9.0,25.0,4.99991941961222,0.2852406743732267,0.006050843605594114,1.25325949285966,0.055827014918684914,0.05013037971438641
0.001817233853064001,9.0,25.0,4.999919419619246,0.2852404429374562,0.006050843563522533,1.2532594928197074,0.05582701487630681,0.050130379712788296
0.001846530728064001,9.0,25.0,4.999919419613127,0.2852406694021903,0.006050843604690454,1.253259492858802,0.05582701491777453,0.05013037971435208
0.0018758276030640011,9.0,25.0,4.9999194196184575,0.2852404478017246,0.0060508435644067845,1.253259492820547,0.055827014877197434,0.05013037971282188
0.0019051244780640012,9.0,25.0,4.999919419613814,0.2852406646423974,0.006050843603825194,1.2532594928579803,0.05582701491690323,0.05013037971431922
0.0019344213530640012,9.0,25.0,4.999919419617859,0.28524045245928537,0.00605084356525346,1.253259492821351,0.05582701487805031,0.05013037971285404
0.001963718228064001,9.0,25.0,4.999919419614336,0.285240660084874,0.006050843602996705,1.2532594928571936,0.05582701491606856,0.05013037971428774
0.001993015103064001,9.0,25.0,4.999919419617404,0.2852404569189201,0.006050843566064155,1.2532594928221208,0.05582701487886699,0.05013037971288483
0.0020223119780640006,9.0,25.0,4.999919419614732,0.2852406557210258,0.006050843602203422,1.25325949285644,0.055827014915269424,0.0501303797142576
0.0020516088530640004,9.0,25.0,4.999919419617059,0.28524046118903845,0.0060508435668403995,1.2532594928228582,0.05582701487964892,0.05013037971291433
0.0020809057280640002,9.0,25.0,4.999919419615032,0.2852406515426241,0.006050843601443851,1.2532594928557186,0.05582701491450415,0.05013037971422874
0.002110202603064,9.0,25.0,4.9999194196167975,0.2852404652776931,0.006050843567583656,1.2532594928235639,0.05582701488039776,0.050130379712942555
0.002139499478064,9.0,25.0,4.999919419615259,0.2852406475417891,0.006050843600716558,1.2532594928550282,0.055827014913771844,0.05013037971420113
0.0021687963530639997,9.0,25.0,4.999919419616599,0.2852404691925942,0.006050843568295327,1.2532594928242395,0.05582701488111419,0.05013037971296958
0.0021980932280639995,9.0,25.0,4.999919419615432,0.2852406437109759,0.0060508436000201735,1.2532594928543668,0.055827014913070405,0.050130379714174673
0.0022273901030639993,9.0,25.0,4.9999194196164485,0.28524047294112553,0.006050843568976754,1.253259492824887,0.055827014881800974,0.050130379712995485
0.002256686978063999,9.0,25.0,4.999919419615563,0.2852406400429596,0.006050843599353382,1.2532594928537335,0.05582701491239861,0.05013037971414934
0.002285983853063999,9.0,25.0,4.999919419616334,0.2852404765303561,0.0060508435696292225,1.2532594928255063,0.055827014882458115,0.05013037971302026
0.0023152807280639987,9.0,25.0,4.999919419615663,0.2852406365308226,0.0060508435987149285,1.2532594928531273,0.05582701491175579,0.050130379714125095
0.0023445776030639985,9.0,25.0,4.999919419616248,0.2852404799670554,0.006050843570253963,1.2532594928260998,0.05582701488308728,0.050130379713043995
0.0023738744780639983,9.0,25.0,4.999919419615739,0.28524063316794074,0.006050843598103606,1.2532594928525467,0.05582701491113973,0.05013037971410187
0.002403171353063998,9.0,25.0,4.999919419616182,0.2852404832577054,0.006050843570852155,1.2532594928266678,0.05582701488368991,0.05013037971306671
0.002432468228063998,9.0,25.0,4.999919419615796,0.2852406299479711,0.006050843597518263,1.253259492851991,0.05582701491054998,0.05013037971407964
0.0024617651030639977,9.0,25.0,4.999919419616132,0.2852404864085128,0.006050843571424925,1.2532594928272116,0.05582701488426678,0.050130379713088466
0.0024910619780639976,9.0,25.0,4.999919419615839,0.2852406268648407,0.006050843596957797,1.2532594928514587,0.05582701490998565,0.05013037971405835
0.0025203588530639974,9.0,25.0,4.999919419616094,0.28524048942541974,0.006050843571973353,1.2532594928277325,0.05582701488481934,0.0501303797131093
0.002549655728063997,9.0,25.0,4.999919419615872,0.28524062391273464,0.006050843596421147,1.253259492850949,0.05582701490944486,0.05013037971403796
0.002578952603063997,9.0,25.0,4.999919419616066,0.2852404923141168,0.006050843572498476,1.2532594928282312,0.055827014885348136,0.05013037971312925
0.002608249478063997,9.0,25.0,4.999919419615897,0.2852406210860847,0.006050843595907305,1.2532594928504612,0.055827014908927386,0.05013037971401845
0.0026375463530639966,9.0,25.0,4.9999194196160435,0.2852404950800523,0.006050843573001281,1.2532594928287086,0.05582701488585462,0.05013037971314835
0.0026668432280639964,9.0,25.0,4.999919419615916,0.2852406183795595,0.006050843595415299,1.2532594928499938,0.055827014908432004,0.05013037971399975
0.0026961401030639962,9.0,25.0,4.9999194196160275,0.2852404977284433,0.00605084357348272,1.253259492829166,0.05582701488633979,0.05013037971316664
0.002725436978063996,9.0,25.0,4.99991941961593,0.28524061578805404,0.006050843594944201,1.2532594928495466,0.05582701490795727,0.05013037971398187
0.002754733853063996,9.0,25.0,4.999919419616015,0.285240500264285,0.006050843573943698,1.2532594928296035,0.05582701488680386,0.05013037971318414
0.0027840307280639956,9.0,25.0,4.99991941961594,0.2852406133066804,0.006050843594493124,1.253259492849118,0.05582701490750319,0.05013037971396472
0.0028133276030639955,9.0,25.0,4.999919419616005,0.2852405026923605,0.006050843574385086,1.2532594928300227,0.055827014887248616,0.05013037971320091
0.0028426244780639953,9.0,25.0,4.999919419615949,0.2852406109307584,0.006050843594061217,1.253259492848708,0.055827014907068095,0.05013037971394832
0.002871921353063995,9.0,25.0,4.999919419615998,0.28524050501724935,0.006050843574807716,1.2532594928304241,0.055827014887674276,0.05013037971321697
0.002901218228063995,9.0,25.0,4.9999194196159555,0.2852406086558064,0.006050843593647665,1.2532594928483152,0.05582701490665132,0.05013037971393261
0.0029305151030639947,9.0,25.0,4.999919419615993,0.28524050724333694,0.006050843575212386,1.2532594928308083,0.05582701488808184,0.05013037971323233
0.0029598119780639945,9.0,25.0,4.999919419615961,0.2852406064775337,0.0060508435932516876,1.2532594928479392,0.055827014906252526,0.050130379713917574
0.0029891088530639943,9.0,25.0,4.999919419615988,0.2852405093748218,0.006050843575599858,1.2532594928311764,0.055827014888472304,0.05013037971324706
0.003018405728063994,9.0,25.0,4.999919419615964,0.28524060439183174,0.006050843592872538,1.253259492847579,0.0558270149058705,0.05013037971390316
0.003047702603063994,9.0,25.0,4.999919419615986,0.28524051141572443,0.006050843575970864,1.2532594928315288,0.055827014888845894,0.050130379713261154
0.0030769994780639937,9.0,25.0,4.999919419615967,0.2852406023947664,0.006050843592509501,1.2532594928472343,0.05582701490550468,0.050130379713889374
0.0031062963530639935,9.0,25.0,4.999919419615983,0.285240513369894,0.0060508435763261025,1.253259492831866,0.05582701488920394,0.05013037971327464
0.0031355932280639934,9.0,25.0,4.999919419615969,0.2852406004825711,0.006050843592161892,1.2532594928469043,0.055827014905154626,0.050130379713876176
0.003164890103063993,9.0,25.0,4.999919419615981,0.2852405152410167,0.006050843576666245,1.2532594928321892,0.055827014889546334,0.05013037971328757
0.003194186978063993,9.0,25.0,4.999919419615971,0.2852405986516388,0.006050843591829056,1.253259492846588,0.05582701490481934,0.05013037971386353
0.003223483853063993,9.0,25.0,4.99991941961598,0.28524051703262177,0.006050843576991932,1.2532594928324983,0.055827014889874405,0.05013037971329993
0.0032527807280639926,9.0,25.0,4.9999194196159715,0.2852405968985162,0.006050843591510364,1.2532594928462857,0.055827014904498706,0.050130379713851425
0.0032820776030639924,9.0,25.0,4.999919419615979,0.2852405187480884,0.006050843577303779,1.2532594928327945,0.055827014890188265,0.05013037971331178
0.003311374478063992,9.0,25.0,4.999919419615972,0.2852405952198966,0.006050843591205216,1.253259492845996,0.055827014904191286,0.05013037971383984
0.003340671353063992,9.0,25.0,4.999919419615978,0.28524052039065223,0.006050843577602372,1.253259492833078,0.055827014890489246,0.050130379713323125
0.003369968228063992,9.0,25.0,4.999919419615973,0.28524059361261395,0.006050843590913036,1.2532594928457184,0.055827014903896854,0.050130379713828735
0.0033992651030639916,9.0,25.0,4.999919419615978,0.28524052196341154,0.0060508435778882765,1.2532594928333496,0.05582701489077713,0.050130379713333985
0.0034285619780639915,9.0,25.0,4.999919419615974,0.2852405920736365,0.0060508435906332725,1.2532594928454528,0.05582701490361486,0.05013037971381811
0.0034578588530639913,9.0,25.0,4.999919419615978,0.2852405234693328,0.006050843578162031,1.2532594928336096,0.055827014891052906,0.050130379713344386
0.003487155728063991,9.0,25.0,4.999919419615974,0.28524059060006146,0.006050843590365399,1.2532594928451983,0.055827014903345074,0.05013037971380793
0.003516452603063991,9.0,25.0,4.999919419615977,0.28524052491125645,0.006050843578424151,1.2532594928338583,0.055827014891316806,0.05013037971335433
0.0035457494780639907,9.0,25.0,4.999919419615975,0.2852405891891094,0.006050843590108909,1.2532594928449547,0.055827014903086836,0.05013037971379819
0.0035750463530639905,9.0,25.0,4.999919419615977,0.2852405262919022,0.0060508435786751314,1.2532594928340968,0.055827014891569826,0.05013037971336387
0.0036043432280639903,9.0,25.0,4.999919419615975,0.285240587838119,0.006050843589863319,1.2532594928447214,0.05582701490283948,0.05013037971378886
0.00363364010306399,9.0,25.0,4.999919419615976,0.28524052761387425,0.006050843578915446,1.253259492834325,0.055827014891811966,0.050130379713373
0.00366293697806399,9.0,25.0,4.999919419615975,0.2852405865445421,0.006050843589628166,1.2532594928444982,0.055827014902602445,0.05013037971377993
0.0036922338530639897,9.0,25.0,4.999919419615976,0.285240528879666,0.0060508435791455486,1.2532594928345435,0.05582701489204367,0.050130379713381745
0.0037215307280639895,9.0,25.0,4.999919419615975,0.2852405853059386,0.006050843589403006,1.2532594928442844,0.05582701490237585,0.05013037971377138
0.0037508276030639894,9.0,25.0,4.999919419615976,0.2852405300916651,0.006050843579365872,1.2532594928347527,0.05582701489226549,0.05013037971339011
0.003780124478063989,9.0,25.0,4.999919419615975,0.2852405841199725,0.006050843589187415,1.2532594928440794,0.0558270149021588,0.050130379713763176
0.003809421353063989,9.0,25.0,4.999919419615975,0.2852405312521574,0.006050843579576832,1.253259492834953,0.0558270148924781,0.05013037971339812
0.0038387182280639888,9.0,25.0,4.999919419615975,0.2852405829844066,0.006050843588980986,1.2532594928438836,0.05582701490195063,0.05013037971375534
0.0038680151030639886,9.0,25.0,4.999919419615975,0.28524053236333197,0.006050843579778828,1.2532594928351448,0.05582701489268149,0.050130379713405795
0.0038973119780639884,9.0,25.0,4.999919419615975,0.28524058189709944,0.00605084358878333,1.253259492843696,0.05582701490175168,0.05013037971374784
0.003926608853063988,9.0,25.0,4.999919419615975,0.2852405334272845,0.006050843579972238,1.2532594928353287,0.05582701489287634,0.05013037971341315
0.0039559057280639884,9.0,25.0,4.999919419615975,0.28524058085599985,0.006050843588594073,1.2532594928435161,0.055827014901560834,0.050130379713740646
0.003985202603063989,9.0,25.0,4.999919419615975,0.28524053444602204,0.006050843580157429,1.2532594928355045,0.055827014893062854,0.05013037971342018
0.004014499478063989,9.0,25.0,4.999919419615975,0.285240579859144,0.006050843588412859,1.253259492843344,0.055827014901378424,0.05013037971373376
0.004043796353063989,9.0,25.0,4.999919419615975,0.28524053542146605,0.006050843580334751,1.2532594928356728,0.0558270148932416,0.05013037971342692
0.004073093228063989,9.0,25.0,4.999919419615975,0.28524057890465193,0.006050843588239347,1.2532594928431795,0.055827014901203564,0.050130379713727184
0.00410239010306399,9.0,25.0,4.999919419615975,0.28524053635545626,0.006050843580504536,1.253259492835834,0.05582701489341246,0.050130379713433364
0.00413168697806399,9.0,25.0,4.999919419615975,0.28524057799072333,0.006050843588073208,1.2532594928430216,0.05582701490103659,0.05013037971372086
0.00416098385306399,9.0,25.0,4.999919419615975,0.2852405372497543,0.006050843580667107,1.2532594928359884,0.05582701489357622,0.05013037971343953
0.00419028072806399,9.0,25.0,4.999919419615975,0.2852405771156343,0.006050843587914131,1.2532594928428704,0.05582701490087616,0.05013037971371482
0.004219577603063991,9.0,25.0,4.999919419615975,0.28524053810604705,0.006050843580822768,1.2532594928361362,0.055827014893732985,0.05013037971344545
0.004248874478063991,9.0,25.0,4.999919419615975,0.2852405762777341,0.0060508435877618125,1.2532594928427259,0.055827014900722616,0.05013037971370904
0.004278171353063991,9.0,25.0,4.999919419615975,0.2852405389259497,0.006050843580971813,1.2532594928362777,0.0558270148938832,0.050130379713451106
0.004307468228063991,9.0,25.0,4.999919419615975,0.2852405754754423,0.006050843587615968,1.2532594928425873,0.05582701490057573,0.050130379713703495
0.004336765103063992,9.0,25.0,4.999919419615975,0.28524053971100866,0.006050843581114526,1.2532594928364134,0.05582701489402708,0.05013037971345653
0.004366061978063992,9.0,25.0,4.999919419615975,0.28524057470724595,0.006050843587476321,1.2532594928424547,0.05582701490043496,0.050130379713698194
0.004395358853063992,9.0,25.0,4.999919419615975,0.2852405404627048,0.006050843581251173,1.253259492836543,0.05582701489416453,0.05013037971346172
0.004424655728063992,9.0,25.0,4.999919419615975,0.2852405739716957,0.006050843587342609,1.2532594928423277,0.05582701490030051,0.05013037971369311
0.004453952603063993,9.0,25.0,4.999919419615975,0.2852405411824559,0.006050843581382013,1.2532594928366674,0.05582701489429642,0.0501303797134667
0.004483249478063993,9.0,25.0,4.999919419615975,0.28524057326740443,0.006050843587214579,1.253259492842206,0.05582701490017117,0.05013037971368824
0.004512546353063993,9.0,25.0,4.999919419615975,0.28524054187161946,0.006050843581507293,1.2532594928367864,0.055827014894422766,0.05013037971347146
0.004541843228063993,9.0,25.0,4.999919419615975,0.28524057259304364,0.006050843587091991,1.2532594928420897,0.055827014900048044,0.05013037971368359
0.0045711401030639935,9.0,25.0,4.999919419615975,0.2852405425314955,0.006050843581627248,1.2532594928369003,0.05582701489454345,0.05013037971347601
0.004600436978063994,9.0,25.0,4.999919419615975,0.28524057194734137,0.0060508435869746115,1.2532594928419782,0.055827014899929805,0.05013037971367913
0.004629733853063994,9.0,25.0,4.999919419615975,0.2852405431633284,0.006050843581742106,1.2532594928370093,0.055827014894659244,0.050130379713480375
0.004659030728063994,9.0,25.0,4.999919419615975,0.2852405713290798,0.0060508435868622205,1.2532594928418714,0.05582701489981645,0.05013037971367486
0.0046883276030639945,9.0,25.0,4.999919419615975,0.2852405437683101,0.006050843581852083,1.2532594928371137,0.05582701489476993,0.05013037971348455
0.004717624478063995,9.0,25.0,4.999919419615975,0.28524057073709264,0.006050843586754606,1.2532594928417693,0.055827014899708205,0.05013037971367077
0.004746921353063995,9.0,25.0,4.999919419615975,0.2852405443475817,0.006050843581957386,1.2532594928372136,0.05582701489487585,0.05013037971348855
0.004776218228063995,9.0,25.0,4.999919419615975,0.28524057017026344,0.006050843586651565,1.2532594928416714,0.05582701489960418,0.05013037971366686
0.0048055151030639955,9.0,25.0,4.999919419615975,0.2852405449022358,0.0060508435820582135,1.2532594928373093,0.055827014894977545,0.05013037971349237
0.004834811978063996,9.0,25.0,4.999919419615975,0.28524056962752303,0.006050843586552903,1.253259492841578,0.055827014899505034,0.05013037971366312
0.004864108853063996,9.0,25.0,4.999919419615975,0.2852405454333185,0.006050843582154757,1.253259492837401,0.05582701489507469,0.05013037971349604
0.004893405728063996,9.0,25.0,4.999919419615975,0.2852405691078475,0.006050843586458434,1.253259492841488,0.055827014899409555,0.05013037971365952
0.0049227026030639965,9.0,25.0,4.999919419615975,0.28524054594183174,0.006050843582247197,1.2532594928374892,0.05582701489516795,0.05013037971349957
0.004951999478063997,9.0,25.0,4.999919419615975,0.2852405686102569,0.0060508435863679795,1.253259492841402,0.05582701489931852,0.05013037971365608
0.004981296353063997,9.0,25.0,4.999919419615975,0.2852405464287346,0.0060508435823357085,1.2532594928375729,0.0558270148952571,0.05013037971350292
0.005010593228063997,9.0,25.0,4.999919419615975,0.28524056813381243,0.006050843586281369,1.2532594928413199,0.055827014899231586,0.0501303797136528
0.0050398901030639974,9.0,25.0,4.999919419615975,0.2852405468949453,0.006050843582420458,1.2532594928376535,0.055827014895342364,0.05013037971350614
0.005069186978063998,9.0,25.0,4.999919419615975,0.2852405676776156,0.006050843586198439,1.2532594928412413,0.055827014899147986,0.05013037971364965
0.005098483853063998,9.0,25.0,4.999919419615975,0.2852405473413433,0.006050843582501607,1.2532594928377305,0.05582701489542419,0.05013037971350922
0.005127780728063998,9.0,25.0,4.999919419615975,0.2852405672408058,0.006050843586119034,1.2532594928411658,0.05582701489906783,0.05013037971364663
0.005157077603063998,9.0,25.0,4.999919419615975,0.2852405477687706,0.006050843582579307,1.2532594928378042,0.05582701489550235,0.05013037971351217
0.005186374478063999,9.0,25.0,4.999919419615975,0.28524056682255944,0.0060508435860430025,1.2532594928410936,0.055827014898991556,0.050130379713643744
0.005215671353063999,9.0,25.0,4.999919419615975,0.2852405481780334,0.006050843582653705,1.2532594928378749,0.05582701489557729,0.05013037971351499
0.005244968228063999,9.0,25.0,4.999919419615975,0.2852405664220874,0.006050843585970202,1.2532594928410243,0.05582701489891806,0.050130379713640975
0.005274265103063999,9.0,25.0,4.999919419615975,0.28524054856990355,0.006050843582724941,1.2532594928379428,0.05582701489564912,0.05013037971351771
0.005303561978064,9.0,25.0,4.999919419615975,0.2852405660386343,0.006050843585900497,1.2532594928409582,0.05582701489884745,0.050130379713638325
0.005332858853064,9.0,25.0,4.999919419615975,0.28524054894512024,0.00605084358279315,1.2532594928380072,0.05582701489571773,0.05013037971352029
0.005362155728064,9.0,25.0,4.999919419615975,0.285240565671477,0.006050843585833753,1.2532594928408947,0.05582701489878039,0.050130379713635785
0.005391452603064,9.0,25.0,4.999919419615975,0.2852405493043913,0.00605084358285846,1.2532594928380694,0.05582701489578368,0.05013037971352278
0.005420749478064001,9.0,25.0,4.999919419615975,0.28524056531992276,0.006050843585769845,1.2532594928408343,0.05582701489871644,0.05013037971363337
0.005450046353064001,9.0,25.0,4.999919419615975,0.2852405496483944,0.006050843582920995,1.2532594928381289,0.055827014895846405,0.05013037971352516
0.005479343228064001,9.0,25.0,4.999919419615975,0.2852405649833087,0.006050843585708654,1.253259492840776,0.05582701489865449,0.050130379713631046
0.005508640103064001,9.0,25.0,4.999919419615975,0.2852405499777783,0.006050843582980872,1.2532594928381857,0.055827014895907134,0.05013037971352743
0.0055379369780640016,9.0,25.0,4.999919419615975,0.2852405646609997,0.006050843585650063,1.2532594928407204,0.05582701489859543,0.05013037971362882
0.005567233853064002,9.0,25.0,4.999919419615975,0.2852405502931643,0.006050843583038204,1.25325949283824,0.055827014895964755,0.0501303797135296
0.005596530728064002,9.0,25.0,4.999919419615975,0.285240564352388,0.006050843585593962,1.253259492840667,0.05582701489853903,0.05013037971362668
0.005625827603064002,9.0,25.0,4.999919419615975,0.2852405505951472,0.0060508435830931,1.2532594928382923,0.05582701489601993,0.050130379713531695
0.0056551244780640025,9.0,25.0,4.999919419615975,0.28524056405689163,0.006050843585540245,1.2532594928406162,0.05582701489848485,0.05013037971362465
0.005684421353064003,9.0,25.0,4.999919419615975,0.2852405508842964,0.006050843583145663,1.2532594928383423,0.05582701489607311,0.05013037971353369
0.005713718228064003,9.0,25.0,4.999919419615975,0.2852405637739531,0.006050843585488811,1.2532594928405674,0.055827014898433114,0.0501303797136227
0.005743015103064003,9.0,25.0,4.999919419615975,0.2852405511611576,0.0060508435831959926,1.2532594928383898,0.055827014896123406,0.050130379713535594
0.0057723119780640035,9.0,25.0,4.999919419615975,0.28524056350303867,0.006050843585439563,1.2532594928405205,0.05582701489838371,0.050130379713620825
0.005801608853064004,9.0,25.0,4.999919419615975,0.28524055142625304,0.006050843583244183,1.2532594928384357,0.055827014896172034,0.05013037971353743
0.005830905728064004,9.0,25.0,4.999919419615975,0.28524056324363734,0.0060508435853924075,1.2532594928404757,0.05582701489833597,0.05013037971361903
0.005860202603064004,9.0,25.0,4.999919419615975,0.2852405516800826,0.006050843583290325,1.2532594928384795,0.055827014896218774,0.05013037971353918
0.0058894994780640045,9.0,25.0,4.999919419615975,0.2852405629952598,0.006050843585347256,1.253259492840433,0.05582701489829067,0.05013037971361732
0.005918796353064005,9.0,25.0,4.999919419615975,0.2852405519231252,0.006050843583334507,1.2532594928385214,0.05582701489626307,0.05013037971354086
0.005948093228064005,9.0,25.0,4.999919419615975,0.28524056275743764,0.006050843585304024,1.2532594928403917,0.05582701489824704,0.05013037971361567
0.005977390103064005,9.0,25.0,4.999919419615975,0.28524055215583904,0.006050843583376811,1.2532594928385616,0.05582701489630559,0.050130379713542464
0.0060066869780640054,9.0,25.0,4.999919419615975,0.2852405625297222,0.0060508435852626285,1.2532594928403527,0.055827014898205296,0.05013037971361411
0.006035983853064006,9.0,25.0,4.999919419615975,0.2852405523786633,0.006050843583417317,1.2532594928386,0.05582701489634634,0.050130379713544004
0.006065280728064006,9.0,25.0,4.999919419615975,0.2852405623116841,0.006050843585222993,1.2532594928403147,0.05582701489816522,0.05013037971361259
0.006094577603064006,9.0,25.0,4.999919419615975,0.2852405525920181,0.006050843583456101,1.253259492838637,0.05582701489638564,0.050130379713545475
0.006123874478064006,9.0,25.0,4.999919419615975,0.2852405621029121,0.00605084358518504,1.2532594928402787,0.055827014898127136,0.05013037971361115
0.006153171353064007,9.0,25.0,4.999919419615975,0.28524055279630584,0.006050843583493238,1.2532594928386722,0.055827014896423055,0.05013037971354689
0.006182468228064007,9.0,25.0,4.999919419615975,0.28524056190301234,0.006050843585148702,1.2532594928402443,0.0558270148980905,0.05013037971360977
0.006211765103064007,9.0,25.0,4.999919419615975,0.28524055299191176,0.006050843583528797,1.2532594928387057,0.05582701489645847,0.05013037971354823
0.006241061978064007,9.0,25.0,4.999919419615975,0.2852405617116079,0.006050843585113907,1.2532594928402114,0.05582701489805575,0.05013037971360846
0.006270358853064008,9.0,25.0,4.999919419615975,0.2852405531792051,0.006050843583562843,1.2532594928387384,0.055827014896493,0.050130379713549535
0.006299655728064008,9.0,25.0,4.999919419615975,0.28524056152833754,0.006050843585080592,1.2532594928401795,0.055827014898021665,0.050130379713607176
0.006328952603064008,9.0,25.0,4.999919419615975,0.2852405533585388,0.006050843583595444,1.2532594928387695,0.055827014896526084,0.05013037971355078
0.006358249478064008,9.0,25.0,4.999919419615975,0.28524056135285575,0.006050843585048692,1.2532594928401493,0.05582701489798969,0.05013037971360597
0.006387546353064009,9.0,25.0,4.999919419615975,0.2852405535302515,0.0060508435836266585,1.2532594928387988,0.05582701489655728,0.05013037971355195
0.006416843228064009,9.0,25.0,4.999919419615975,0.2852405611848312,0.006050843585018147,1.2532594928401202,0.05582701489795905,0.05013037971360481
0.006446140103064009,9.0,25.0,4.999919419615975,0.28524055369466694,0.006050843583656547,1.2532594928388274,0.05582701489658759,0.0501303797135531
0.006475436978064009,9.0,25.0,4.999919419615975,0.2852405610239474,0.006050843584988901,1.2532594928400924,0.055827014897929295,0.0501303797136037
0.00650473385306401,9.0,25.0,4.999919419615975,0.2852405538520951,0.006050843583685165,1.2532594928388545,0.055827014896616456,0.050130379713554184
0.00653403072806401,9.0,25.0,4.999919419615975,0.2852405608699008,0.006050843584960898,1.253259492840066,0.055827014897901206,0.05013037971360264
0.00656332760306401,9.0,25.0,4.999919419615975,0.2852405540028328,0.006050843583712567,1.2532594928388805,0.05582701489664399,0.05013037971355522
0.00659262447806401,9.0,25.0,4.999919419615975,0.2852405607224008,0.006050843584934084,1.2532594928400405,0.05582701489787434,0.05013037971360162
0.0066219213530640106,9.0,25.0,4.999919419615975,0.28524055414716465,0.006050843583738804,1.2532594928389054,0.05582701489667019,0.05013037971355622
0.006651218228064011,9.0,25.0,4.999919419615975,0.28524056058116903,0.00605084358490841,1.253259492840016,0.05582701489784847,0.05013037971360064
0.006680515103064011,9.0,25.0,4.999919419615975,0.28524055428536277,0.006050843583763926,1.2532594928389293,0.055827014896695504,0.050130379713557174
0.006709811978064011,9.0,25.0,4.999919419615975,0.2852405604459393,0.006050843584883828,1.2532594928399927,0.0558270148978236,0.05013037971359971
0.0067391088530640115,9.0,25.0,4.999919419615975,0.28524055441768786,0.006050843583787982,1.2532594928389522,0.05582701489671993,0.05013037971355809
0.006768405728064012,9.0,25.0,4.999919419615975,0.2852405603164565,0.00605084358486029,1.2532594928399705,0.055827014897799954,0.05013037971359882
0.006797702603064012,9.0,25.0,4.999919419615975,0.2852405545443896,0.006050843583811014,1.2532594928389738,0.05582701489674291,0.05013037971355895
0.006826999478064012,9.0,25.0,4.999919419615975,0.28524056019247623,0.006050843584837752,1.253259492839949,0.055827014897777305,0.05013037971359796
0.0068562963530640125,9.0,25.0,4.999919419615975,0.28524055466570686,0.006050843583833067,1.2532594928389948,0.05582701489676534,0.0501303797135598
0.006885593228064013,9.0,25.0,4.999919419615975,0.28524056007376475,0.006050843584816172,1.2532594928399283,0.05582701489775532,0.050130379713597135
0.006914890103064013,9.0,25.0,4.999919419615975,0.2852405547818683,0.006050843583854184,1.2532594928390148,0.05582701489678654,0.050130379713560595
0.006944186978064013,9.0,25.0,4.999919419615975,0.2852405599600983,0.006050843584795509,1.2532594928399088,0.055827014897734784,0.05013037971359635
0.0069734838530640135,9.0,25.0,4.999919419615975,0.2852405548930934,0.006050843583874403,1.2532594928390342,0.05582701489680708,0.050130379713561365
0.007002780728064014,9.0,25.0,4.999919419615975,0.28524055985126245,0.0060508435847757246,1.2532594928398901,0.0558270148977148,0.05013037971359561
0.007032077603064014,9.0,25.0,4.999919419615975,0.28524055499959156,0.0060508435838937625,1.2532594928390526,0.05582701489682662,0.0501303797135621
0.007061374478064014,9.0,25.0,4.999919419615975,0.2852405597470517,0.0060508435847567805,1.2532594928398721,0.055827014897695815,0.05013037971359489
0.0070906713530640144,9.0,25.0,4.999919419615975,0.2852405551015638,0.0060508435839123,1.2532594928390701,0.05582701489684494,0.05013037971356281
0.007119968228064015,9.0,25.0,4.999919419615975,0.28524055964726974,0.006050843584738641,1.2532594928398548,0.055827014897677496,0.05013037971359419
0.007149265103064015,9.0,25.0,4.999919419615975,0.2852405551992025,0.006050843583930049,1.2532594928390872,0.05582701489686315,0.05013037971356349
0.007178561978064015,9.0,25.0,4.999919419615975,0.28524055955172833,0.006050843584721273,1.2532594928398384,0.05582701489765973,0.050130379713593534
0.007207858853064015,9.0,25.0,4.999919419615975,0.2852405552926919,0.006050843583947044,1.253259492839103,0.05582701489688002,0.05013037971356412
0.007237155728064016,9.0,25.0,4.999919419615975,0.285240559460247,0.006050843584704643,1.2532594928398224,0.05582701489764319,0.050130379713592896
0.007266452603064016,9.0,25.0,4.999919419615975,0.2852405553822082,0.006050843583963317,1.2532594928391185,0.055827014896896565,0.050130379713564745
0.007295749478064016,9.0,25.0,4.999919419615975,0.2852405593726534,0.00605084358468872,1.2532594928398075,0.0558270148976272,0.0501303797135923
0.007325046353064016,9.0,25.0,4.999919419615975,0.2852405554679204,0.0060508435839788976,1.2532594928391334,0.05582701489691222,0.050130379713565335
0.007354343228064017,9.0,25.0,4.999919419615975,0.2852405592887824,0.006050843584673474,1.253259492839793,0.05582701489761188,0.05013037971359172
0.007383640103064017,9.0,25.0,4.999919419615975,0.28524055554998984,0.006050843583993817,1.2532594928391474,0.05582701489692721,0.0501303797135659
0.007412936978064017,9.0,25.0,4.999919419615975,0.2852405592084756,0.006050843584658875,1.253259492839779,0.05582701489759723,0.05013037971359117
0.007442233853064017,9.0,25.0,4.999919419615975,0.2852405556285717,0.006050843584008102,1.253259492839161,0.05582701489694153,0.05013037971356644
0.007471530728064018,9.0,25.0,4.999919419615975,0.28524055913158164,0.006050843584644897,1.2532594928397658,0.05582701489758313,0.050130379713590634
0.007500827603064018,9.0,25.0,4.999919419615975,0.2852405557038141,0.00605084358402178,1.2532594928391743,0.05582701489695552,0.05013037971356697
0.007530124478064018,9.0,25.0,4.999919419615975,0.2852405590579555,0.006050843584631513,1.2532594928397531,0.05582701489756936,0.05013037971359013
0.007559421353064018,9.0,25.0,4.999919419615975,0.28524055577585883,0.006050843584034876,1.2532594928391865,0.05582701489696851,0.05013037971356746
0.0075887182280640186,9.0,25.0,4.999919419615975,0.2852405589874582,0.006050843584618697,1.2532594928397411,0.055827014897556815,0.05013037971358965
0.007618015103064019,9.0,25.0,4.999919419615975,0.2852405558448418,0.0060508435840474165,1.2532594928391985,0.05582701489698105,0.05013037971356794
0.007647311978064019,9.0,25.0,4.999919419615975,0.28524055891995687,0.006050843584606427,1.2532594928397294,0.05582701489754427,0.05013037971358918
0.007676608853064019,9.0,25.0,4.999919419615975,0.28524055591089326,0.006050843584059423,1.2532594928392098,0.05582701489699338,0.050130379713568395
0.0077059057280640195,9.0,25.0,4.999919419615975,0.2852405588553241,0.0060508435845946775,1.253259492839718,0.05582701489753228,0.050130379713588726
0.00773520260306402,9.0,25.0,4.999919419615975,0.28524055597413767,0.00605084358407092,1.253259492839221,0.05582701489700481,0.05013037971356884
0.00776449947806402,9.0,25.0,4.999919419615975,0.2852405587934383,0.006050843584583428,1.2532594928397074,0.055827014897521066,0.050130379713588295
0.00779379635306402,9.0,25.0,4.999919419615975,0.28524055603469434,0.006050843584081929,1.253259492839231,0.0558270148970158,0.05013037971356925
0.00782309322806402,9.0,25.0,4.999919419615975,0.2852405587341823,0.006050843584572656,1.2532594928396972,0.05582701489751041,0.050130379713587886
0.00785239010306402,9.0,25.0,4.999919419615975,0.28524055609267757,0.00605084358409247,1.253259492839241,0.05582701489702646,0.050130379713569644
0.00788168697806402,9.0,25.0,4.999919419615975,0.2852405586774445,0.0060508435845623414,1.2532594928396874,0.05582701489749997,0.0501303797135875
0.007910983853064019,9.0,25.0,4.999919419615975,0.2852405561481966,0.006050843584102562,1.2532594928392509,0.055827014897036786,0.05013037971357004
0.007940280728064018,9.0,25.0,4.999919419615975,0.2852405586231178,0.006050843584552466,1.253259492839678,0.05582701489748987,0.05013037971358712
0.007969577603064017,9.0,25.0,4.999919419615975,0.28524055620135647,0.006050843584112226,1.25325949283926,0.055827014897046556,0.0501303797135704
0.007998874478064017,9.0,25.0,4.999919419615975,0.2852405585710999,0.00605084358454301,1.253259492839669,0.05582701489748021,0.05013037971358676
0.008028171353064016,9.0,25.0,4.999919419615975,0.28524055625225697,0.006050843584121479,1.2532594928392689,0.05582701489705599,0.050130379713570754
0.008057468228064016,9.0,25.0,4.999919419615975,0.2852405585212927,0.006050843584533955,1.2532594928396603,0.055827014897471106,0.050130379713586415
0.008086765103064015,9.0,25.0,4.999919419615975,0.2852405563009944,0.006050843584130338,1.2532594928392773,0.055827014897064875,0.050130379713571094
0.008116061978064014,9.0,25.0,4.999919419615975,0.28524055847360225,0.006050843584525286,1.2532594928396523,0.05582701489746256,0.050130379713586096
0.008145358853064014,9.0,25.0,4.999919419615975,0.2852405563476605,0.006050843584138822,1.2532594928392853,0.0558270148970732,0.05013037971357141
0.008174655728064013,9.0,25.0,4.999919419615975,0.2852405584279385,0.006050843584516985,1.2532594928396443,0.05582701489745412,0.050130379713585776
0.008203952603064012,9.0,25.0,4.999919419615975,0.28524055639234347,0.0060508435841469446,1.253259492839293,0.05582701489708164,0.050130379713571725
0.008233249478064012,9.0,25.0,4.999919419615975,0.2852405583842152,0.006050843584509037,1.2532594928396368,0.055827014897446126,0.05013037971358547
0.008262546353064011,9.0,25.0,4.999919419615975,0.28524055643512763,0.006050843584154722,1.2532594928393004,0.05582701489708919,0.05013037971357202
0.00829184322806401,9.0,25.0,4.999919419615975,0.28524055834235,0.006050843584501427,1.2532594928396297,0.055827014897438576,0.05013037971358519
0.00832114010306401,9.0,25.0,4.999919419615975,0.2852405564760936,0.0060508435841621685,1.2532594928393075,0.05582701489709685,0.0501303797135723
0.00835043697806401,9.0,25.0,4.999919419615975,0.2852405583022641,0.00605084358449414,1.2532594928396228,0.05582701489743114,0.050130379713584916
0.008379733853064009,9.0,25.0,4.999919419615975,0.28524055651531843,0.006050843584169299,1.2532594928393141,0.055827014897104066,0.050130379713572565
0.008409030728064008,9.0,25.0,4.999919419615975,0.2852405582638817,0.006050843584487162,1.253259492839616,0.05582701489742403,0.05013037971358464
0.008438327603064007,9.0,25.0,4.999919419615975,0.2852405565528763,0.006050843584176127,1.2532594928393206,0.05582701489711095,0.05013037971357282
0.008467624478064007,9.0,25.0,4.999919419615975,0.2852405582271305,0.006050843584480482,1.2532594928396097,0.05582701489741748,0.05013037971358439
0.008496921353064006,9.0,25.0,4.999919419615975,0.2852405565888383,0.006050843584182664,1.2532594928393268,0.0558270148971175,0.05013037971357307
0.008526218228064006,9.0,25.0,4.999919419615975,0.28524055819194094,0.006050843584474085,1.2532594928396037,0.05582701489741093,0.050130379713584146
0.008555515103064005,9.0,25.0,4.999919419615975,0.28524055662327197,0.006050843584188924,1.253259492839333,0.05582701489712383,0.05013037971357332
0.008584811978064004,9.0,25.0,4.999919419615975,0.285240558158247,0.0060508435844679595,1.253259492839598,0.055827014897404825,0.05013037971358392
0.008614108853064004,9.0,25.0,4.999919419615975,0.2852405566562421,0.0060508435841949175,1.2532594928393386,0.05582701489712982,0.05013037971357354
0.008643405728064003,9.0,25.0,4.999919419615975,0.285240558125985,0.006050843584462094,1.2532594928395921,0.05582701489739894,0.05013037971358369
0.008672702603064002,9.0,25.0,4.999919419615975,0.2852405566878112,0.006050843584200656,1.253259492839344,0.055827014897135596,0.05013037971357376
0.008701999478064002,9.0,25.0,4.999919419615975,0.28524055809509385,0.006050843584456479,1.2532594928395868,0.05582701489739328,0.05013037971358347
0.008731296353064001,9.0,25.0,4.999919419615975,0.28524055671803883,0.006050843584206151,1.2532594928393492,0.05582701489714115,0.05013037971357397
0.008760593228064,9.0,25.0,4.999919419615975,0.2852405580655155,0.006050843584451102,1.2532594928395817,0.05582701489738762,0.05013037971358327
0.008789890103064,9.0,25.0,4.999919419615975,0.2852405567469818,0.006050843584211412,1.2532594928393543,0.055827014897146365,0.050130379713574175
0.008819186978064,9.0,25.0,4.999919419615975,0.2852405580371943,0.006050843584445954,1.253259492839577,0.05582701489738262,0.050130379713583084
0.008848483853063999,9.0,25.0,4.999919419615975,0.28524055677469473,0.00605084358421645,1.253259492839359,0.05582701489715136,0.05013037971357436
0.008877780728063998,9.0,25.0,4.999919419615975,0.28524055801007664,0.006050843584441024,1.2532594928395724,0.055827014897377625,0.0501303797135829
0.008907077603063997,9.0,25.0,4.999919419615975,0.2852405568012299,0.006050843584221274,1.2532594928393634,0.055827014897156246,0.050130379713574535
0.008936374478063997,9.0,25.0,4.999919419615975,0.28524055798411135,0.006050843584436304,1.2532594928395677,0.055827014897373184,0.05013037971358271
0.008965671353063996,9.0,25.0,4.999919419615975,0.2852405568266374,0.006050843584225893,1.253259492839368,0.05582701489716113,0.05013037971357472
0.008994968228063996,9.0,25.0,4.999919419615975,0.28524055795924963,0.006050843584431784,1.2532594928395633,0.05582701489736841,0.05013037971358253
0.009024265103063995,9.0,25.0,4.999919419615975,0.2852405568509651,0.0060508435842303145,1.253259492839372,0.05582701489716535,0.05013037971357488
0.009053561978063994,9.0,25.0,4.999919419615975,0.28524055793544445,0.006050843584427457,1.2532594928395593,0.05582701489736408,0.05013037971358237
0.009082858853063994,9.0,25.0,4.999919419615975,0.28524055687425903,0.00605084358423455,1.253259492839376,0.05582701489716968,0.05013037971357504
0.009112155728063993,9.0,25.0,4.999919419615975,0.28524055791265085,0.006050843584423314,1.2532594928395553,0.05582701489735986,0.05013037971358221
0.009141452603063992,9.0,25.0,4.999919419615975,0.285240556896563,0.006050843584238604,1.25325949283938,0.05582701489717401,0.0501303797135752
0.009170749478063992,9.0,25.0,4.999919419615975,0.2852405578908259,0.0060508435844193464,1.2532594928395517,0.05582701489735575,0.05013037971358207
0.009200046353063991,9.0,25.0,4.999919419615975,0.2852405569179191,0.006050843584242486,1.2532594928393839,0.055827014897177785,0.050130379713575354
0.00922934322806399,9.0,25.0,4.999919419615975,0.2852405578699286,0.006050843584415547,1.2532594928395482,0.05582701489735187,0.050130379713581925
0.00925864010306399,9.0,25.0,4.999919419615975,0.2852405569383676,0.006050843584246204,1.2532594928393872,0.05582701489718145,0.050130379713575486
0.00928793697806399,9.0,25.0,4.999919419615975,0.2852405578499193,0.00605084358441191,1.2532594928395446,0.055827014897348315,0.05013037971358179
0.009317233853063989,9.0,25.0,4.999919419615975,0.2852405569579471,0.0060508435842497625,1.2532594928393908,0.05582701489718522,0.05013037971357563
0.009346530728063988,9.0,25.0,4.999919419615975,0.2852405578307603,0.006050843584408427,1.2532594928395415,0.05582701489734487,0.05013037971358166
0.009375827603063987,9.0,25.0,4.999919419615975,0.2852405569766946,0.00605084358425317,1.2532594928393939,0.05582701489718822,0.05013037971357576
0.009405124478063987,9.0,25.0,4.999919419615975,0.2852405578124155,0.006050843584405092,1.2532594928395382,0.05582701489734154,0.05013037971358153
0.009434421353063986,9.0,25.0,4.999919419615975,0.2852405569946455,0.006050843584256434,1.253259492839397,0.05582701489719177,0.05013037971357588
0.009463718228063986,9.0,25.0,4.999919419615975,0.28524055779485025,0.0060508435844018995,1.253259492839535,0.05582701489733832,0.050130379713581405
0.009493015103063985,9.0,25.0,4.999919419615975,0.2852405570118334,0.0060508435842595585,1.2532594928393999,0.05582701489719488,0.05013037971357599
0.009522311978063984,9.0,25.0,4.999919419615975,0.2852405577780316,0.006050843584398842,1.253259492839532,0.055827014897335214,0.05013037971358128
0.009551608853063984,9.0,25.0,4.999919419615975,0.28524055702829076,0.00605084358426255,1.2532594928394027,0.05582701489719788,0.05013037971357611
0.009580905728063983,9.0,25.0,4.999919419615975,0.28524055776192764,0.006050843584395915,1.2532594928395293,0.05582701489733222,0.050130379713581176
0.009610202603063982,9.0,25.0,4.999919419615975,0.2852405570440488,0.006050843584265415,1.2532594928394056,0.05582701489720099,0.05013037971357623
0.009639499478063982,9.0,25.0,4.999919419615975,0.285240557746508,0.006050843584393111,1.2532594928395266,0.05582701489732933,0.050130379713581065
0.009668796353063981,9.0,25.0,4.999919419615975,0.28524055705913726,0.0060508435842681575,1.2532594928394083,0.05582701489720365,0.05013037971357633
0.00969809322806398,9.0,25.0,4.999919419615975,0.2852405577317438,0.006050843584390428,1.2532594928395242,0.055827014897326666,0.05013037971358097
0.00972739010306398,9.0,25.0,4.999919419615975,0.2852405570735843,0.006050843584270784,1.2532594928394105,0.055827014897205984,0.05013037971357642
0.00975668697806398,9.0,25.0,4.999919419615975,0.2852405577176069,0.006050843584387858,1.2532594928395218,0.05582701489732422,0.05013037971358087
0.009785983853063979,9.0,25.0,4.999919419615975,0.2852405570874175,0.006050843584273298,1.253259492839413,0.05582701489720865,0.05013037971357652
0.009815280728063978,9.0,25.0,4.999919419615975,0.2852405577040709,0.006050843584385397,1.2532594928395195,0.05582701489732178,0.05013037971358078
0.009844577603063977,9.0,25.0,4.999919419615975,0.28524055710066276,0.006050843584275706,1.2532594928394154,0.0558270148972112,0.05013037971357662
0.009873874478063977,9.0,25.0,4.999919419615975,0.2852405576911102,0.00605084358438304,1.2532594928395173,0.05582701489731934,0.0501303797135807
0.009903171353063976,9.0,25.0,4.999919419615975,0.2852405571133452,0.006050843584278012,1.2532594928394174,0.05582701489721342,0.0501303797135767
0.009932468228063976,9.0,25.0,4.999919419615975,0.28524055767870016,0.006050843584380785,1.253259492839515,0.05582701489731712,0.05013037971358061
0.009961765103063975,9.0,25.0,4.999919419615975,0.2852405571254887,0.006050843584280219,1.2532594928394196,0.05582701489721564,0.050130379713576784
0.009991061978063974,9.0,25.0,4.999919419615975,0.28524055766681744,0.006050843584378625,1.2532594928395129,0.055827014897314675,0.05013037971358052
0.010020358853063974,9.0,25.0,4.999919419615975,0.28524055713711605,0.006050843584282333,1.2532594928394214,0.05582701489721775,0.05013037971357686
0.010049655728063973,9.0,25.0,4.999919419615975,0.2852405576554399,0.006050843584376557,1.2532594928395109,0.05582701489731268,0.050130379713580434
0.010078952603063972,9.0,25.0,4.999919419615975,0.2852405571482492,0.006050843584284356,1.2532594928394234,0.05582701489721975,0.050130379713576936
0.010108249478063972,9.0,25.0,4.999919419615975,0.28524055764454576,0.006050843584374576,1.2532594928395089,0.05582701489731079,0.05013037971358036
0.010137546353063971,9.0,25.0,4.999919419615975,0.28524055715890934,0.006050843584286295,1.2532594928394254,0.05582701489722175,0.05013037971357702
0.01016684322806397,9.0,25.0,4.999919419615975,0.2852405576341146,0.00605084358437268,1.2532594928395073,0.0558270148973089,0.050130379713580295
0.01019614010306397,9.0,25.0,4.999919419615975,0.28524055716911656,0.00605084358428815,1.253259492839427,0.05582701489722364,0.05013037971357708
0.01022543697806397,9.0,25.0,4.999919419615975,0.28524055762412664,0.006050843584370864,1.2532594928395056,0.055827014897307015,0.050130379713580225
0.010254733853063969,9.0,25.0,4.999919419615975,0.28524055717888996,0.0060508435842899265,1.2532594928394287,0.055827014897225524,0.05013037971357715
0.010284030728063968,9.0,25.0,4.999919419615975,0.2852405576145633,0.006050843584369125,1.2532594928395038,0.05582701489730513,0.05013037971358015
0.010313327603063967,9.0,25.0,4.999919419615975,0.28524055718824787,0.006050843584291628,1.2532594928394303,0.05582701489722708,0.050130379713577214
0.010342624478063967,9.0,25.0,4.999919419615975,0.28524055760540623,0.006050843584367461,1.2532594928395024,0.05582701489730357,0.0501303797135801
0.010371921353063966,9.0,25.0,4.999919419615975,0.28524055719720826,0.006050843584293257,1.2532594928394318,0.05582701489722852,0.050130379713577276
0.010401218228063966,9.0,25.0,4.999919419615975,0.28524055759663836,0.0060508435843658675,1.2532594928395009,0.05582701489730224,0.05013037971358004
0.010430515103063965,9.0,25.0,4.999919419615975,0.28524055720578784,0.006050843584294817,1.2532594928394334,0.05582701489723041,0.05013037971357734
0.010459811978063964,9.0,25.0,4.999919419615975,0.28524055758824307,0.006050843584364341,1.2532594928394993,0.05582701489730035,0.050130379713579976
0.010489108853063964,9.0,25.0,4.999919419615975,0.2852405572140027,0.0060508435842963094,1.253259492839435,0.055827014897231964,0.0501303797135774
0.010518405728063963,9.0,25.0,4.999919419615975,0.2852405575802047,0.0060508435843628795,1.253259492839498,0.05582701489729891,0.05013037971357992
0.010547702603063962,9.0,25.0,4.999919419615975,0.2852405572218685,0.00605084358429774,1.2532594928394363,0.055827014897233296,0.05013037971357745
0.010576999478063962,9.0,25.0,4.999919419615975,0.2852405575725078,0.00605084358436148,1.253259492839497,0.05582701489729758,0.05013037971357988
0.010606296353063961,9.0,25.0,4.999919419615975,0.28524055722940006,0.006050843584299108,1.2532594928394376,0.05582701489723463,0.050130379713577505
0.01063559322806396,9.0,25.0,4.999919419615975,0.2852405575651381,0.006050843584360141,1.2532594928394956,0.055827014897296356,0.05013037971357982
0.01066489010306396,9.0,25.0,4.999919419615975,0.2852405572366114,0.00605084358430042,1.253259492839439,0.05582701489723585,0.05013037971357756
0.01069418697806396,9.0,25.0,4.999919419615975,0.28524055755808164,0.006050843584358858,1.2532594928394942,0.05582701489729469,0.05013037971357977
0.010723483853063959,9.0,25.0,4.999919419615975,0.2852405572435163,0.006050843584301675,1.2532594928394398,0.05582701489723729,0.050130379713577596
0.010752780728063958,9.0,25.0,4.999919419615975,0.285240557551325,0.00605084358435763,1.2532594928394931,0.0558270148972938,0.050130379713579726
0.010782077603063957,9.0,25.0,4.999919419615975,0.28524055725012787,0.006050843584302877,1.2532594928394412,0.05582701489723829,0.050130379713577644
0.010811374478063957,9.0,25.0,4.999919419615975,0.2852405575448554,0.006050843584356454,1.253259492839492,0.05582701489729258,0.050130379713579684
0.010840671353063956,9.0,25.0,4.999919419615975,0.2852405572564584,0.006050843584304027,1.2532594928394423,0.055827014897239624,0.05013037971357769
0.010869968228063956,9.0,25.0,4.999919419615975,0.28524055753866084,0.006050843584355328,1.2532594928394911,0.05582701489729147,0.05013037971357964
0.010899265103063955,9.0,25.0,4.999919419615975,0.28524055726251996,0.00605084358430513,1.2532594928394434,0.055827014897240734,0.050130379713577734
0.010928561978063954,9.0,25.0,4.999919419615975,0.2852405575327295,0.006050843584354249,1.25325949283949,0.05582701489729025,0.0501303797135796
0.010957858853063954,9.0,25.0,4.999919419615975,0.285240557268324,0.006050843584306184,1.2532594928394443,0.055827014897241845,0.05013037971357777
0.010987155728063953,9.0,25.0,4.999919419615975,0.2852405575270502,0.006050843584353217,1.253259492839489,0.05582701489728914,0.05013037971357956
0.011016452603063952,9.0,25.0,4.999919419615975,0.2852405572738812,0.006050843584307195,1.2532594928394452,0.05582701489724273,0.05013037971357781
0.011045749478063952,9.0,25.0,4.999919419615975,0.2852405575216123,0.006050843584352228,1.253259492839488,0.05582701489728825,0.050130379713579525
0.011075046353063951,9.0,25.0,4.999919419615975,0.2852405572792024,0.006050843584308162,1.253259492839446,0.05582701489724373,0.050130379713577845
0.01110434322806395,9.0,25.0,4.999919419615975,0.2852405575164054,0.006050843584351282,1.2532594928394871,0.055827014897287364,0.05013037971357948
0.01113364010306395,9.0,25.0,4.999919419615975,0.28524055728429737,0.006050843584309088,1.253259492839447,0.05582701489724473,0.05013037971357788
0.01116293697806395,9.0,25.0,4.999919419615975,0.2852405575114198,0.006050843584350376,1.2532594928394862,0.055827014897286364,0.05013037971357945
0.011192233853063949,9.0,25.0,4.999919419615975,0.28524055728917586,0.006050843584309975,1.2532594928394478,0.05582701489724562,0.050130379713577915
0.011221530728063948,9.0,25.0,4.999919419615975,0.28524055750664623,0.006050843584349508,1.2532594928394853,0.0558270148972857,0.050130379713579414
0.011250827603063947,9.0,25.0,4.999919419615975,0.28524055729384695,0.006050843584310824,1.2532594928394487,0.055827014897246285,0.05013037971357795
0.011280124478063947,9.0,25.0,4.999919419615975,0.2852405575020755,0.006050843584348677,1.2532594928394845,0.0558270148972847,0.05013037971357938
0.011309421353063946,9.0,25.0,4.999919419615975,0.2852405572983195,0.0060508435843116375,1.2532594928394494,0.055827014897247285,0.05013037971357798
0.011338718228063946,9.0,25.0,4.999919419615975,0.285240557497699,0.006050843584347882,1.2532594928394838,0.05582701489728403,0.05013037971357935
0.011368015103063945,9.0,25.0,4.999919419615975,0.285240557302602,0.0060508435843124155,1.2532594928394503,0.05582701489724795,0.05013037971357801
0.011397311978063944,9.0,25.0,4.999919419615975,0.2852405574935084,0.0060508435843471195,1.2532594928394831,0.055827014897283034,0.05013037971357932
0.011426608853063944,9.0,25.0,4.999919419615975,0.28524055730670256,0.006050843584313161,1.2532594928394507,0.05582701489724873,0.05013037971357803
0.011455905728063943,9.0,25.0,4.999919419615975,0.2852405574894959,0.00605084358434639,1.2532594928394822,0.05582701489728259,0.05013037971357929
0.011485202603063942,9.0,25.0,4.999919419615975,0.2852405573106288,0.006050843584313875,1.2532594928394514,0.055827014897249616,0.050130379713578054
0.011514499478063942,9.0,25.0,4.999919419615975,0.2852405574856541,0.006050843584345692,1.2532594928394816,0.0558270148972817,0.05013037971357926
0.011543796353063941,9.0,25.0,4.999919419615975,0.28524055731438813,0.006050843584314559,1.253259492839452,0.05582701489725006,0.05013037971357808
0.01157309322806394,9.0,25.0,4.999919419615975,0.28524055748197547,0.006050843584345023,1.253259492839481,0.055827014897281035,0.05013037971357924
0.01160239010306394,9.0,25.0,4.999919419615975,0.2852405573179878,0.006050843584315213,1.2532594928394527,0.05582701489725106,0.05013037971357811
0.01163168697806394,9.0,25.0,4.999919419615975,0.2852405574784531,0.006050843584344383,1.2532594928394802,0.05582701489728026,0.05013037971357921
0.011660983853063939,9.0,25.0,4.999919419615975,0.28524055732143444,0.006050843584315839,1.2532594928394534,0.055827014897251614,0.05013037971357814
0.011690280728063938,9.0,25.0,4.999919419615975,0.2852405574750806,0.00605084358434377,1.2532594928394798,0.055827014897279814,0.05013037971357919
0.011719577603063937,9.0,25.0,4.999919419615975,0.2852405573247346,0.006050843584316439,1.2532594928394538,0.05582701489725206,0.05013037971357815
0.011748874478063937,9.0,25.0,4.999919419615975,0.2852405574718513,0.0060508435843431825,1.2532594928394791,0.05582701489727915,0.050130379713579164
0.011778171353063936,9.0,25.0,4.999919419615975,0.28524055732789455,0.006050843584317013,1.2532594928394545,0.055827014897252614,0.05013037971357818
0.011807468228063936,9.0,25.0,4.999919419615975,0.28524055746875915,0.0060508435843426205,1.253259492839479,0.05582701489727848,0.05013037971357916
0.011836765103063935,9.0,25.0,4.999919419615975,0.2852405573309202,0.006050843584317563,1.253259492839455,0.05582701489725306,0.0501303797135782
0.011866061978063934,9.0,25.0,4.999919419615975,0.2852405574657985,0.006050843584342083,1.2532594928394782,0.05582701489727804,0.05013037971357913
0.011895358853063934,9.0,25.0,4.999919419615975,0.2852405573338173,0.006050843584318091,1.2532594928394556,0.055827014897253946,0.05013037971357823
0.011924655728063933,9.0,25.0,4.999919419615975,0.2852405574629636,0.0060508435843415675,1.2532594928394778,0.05582701489727748,0.050130379713579115
0.011953952603063932,9.0,25.0,4.999919419615975,0.2852405573365913,0.006050843584318595,1.253259492839456,0.05582701489725439,0.05013037971357824
0.011983249478063932,9.0,25.0,4.999919419615975,0.28524055746024923,0.006050843584341074,1.2532594928394774,0.05582701489727715,0.050130379713579094
0.012012546353063931,9.0,25.0,4.999919419615975,0.28524055733924736,0.006050843584319078,1.2532594928394563,0.05582701489725472,0.050130379713578255
0.01204184322806393,9.0,25.0,4.999919419615975,0.28524055745765015,0.006050843584340601,1.253259492839477,0.055827014897276706,0.05013037971357908
0.01207114010306393,9.0,25.0,4.999919419615975,0.28524055734179066,0.00605084358431954,1.2532594928394567,0.055827014897255056,0.05013037971357827
0.01210043697806393,9.0,25.0,4.999919419615975,0.2852405574551615,0.0060508435843401485,1.2532594928394765,0.05582701489727615,0.05013037971357906
0.012129733853063929,9.0,25.0,4.999919419615975,0.2852405573442257,0.006050843584319982,1.2532594928394571,0.05582701489725561,0.05013037971357829
0.012159030728063928,9.0,25.0,4.999919419615975,0.2852405574527787,0.006050843584339716,1.253259492839476,0.05582701489727582,0.05013037971357904
0.012188327603063927,9.0,25.0,4.999919419615975,0.2852405573465574,0.0060508435843204065,1.2532594928394576,0.055827014897256055,0.0501303797135783
0.012217624478063927,9.0,25.0,4.999919419615975,0.28524055745049715,0.006050843584339301,1.2532594928394756,0.05582701489727537,0.050130379713579025
0.012246921353063926,9.0,25.0,4.999919419615975,0.2852405573487899,0.006050843584320812,1.253259492839458,0.05582701489725661,0.050130379713578324
0.012276218228063926,9.0,25.0,4.999919419615975,0.2852405574483126,0.006050843584338904,1.2532594928394751,0.05582701489727482,0.050130379713579004
0.012305515103063925,9.0,25.0,4.999919419615975,0.2852405573509276,0.006050843584321201,1.2532594928394583,0.055827014897257055,0.05013037971357833
0.012334811978063924,9.0,25.0,4.999919419615975,0.28524055744622084,0.006050843584338524,1.253259492839475,0.055827014897274485,0.050130379713579
0.012364108853063924,9.0,25.0,4.999919419615975,0.2852405573529744,0.006050843584321573,1.2532594928394587,0.05582701489725728,0.05013037971357835
0.012393405728063923,9.0,25.0,4.999919419615975,0.28524055744421795,0.00605084358433816,1.2532594928394745,0.05582701489727404,0.050130379713578976
0.012422702603063922,9.0,25.0,4.999919419615975,0.28524055735493425,0.006050843584321929,1.2532594928394591,0.05582701489725761,0.050130379713578366
0.012451999478063922,9.0,25.0,4.999919419615975,0.2852405574423002,0.006050843584337811,1.2532594928394742,0.05582701489727382,0.05013037971357897
0.012481296353063921,9.0,25.0,4.999919419615975,0.28524055735681075,0.0060508435843222705,1.2532594928394594,0.05582701489725783,0.05013037971357837
0.01251059322806392,9.0,25.0,4.999919419615975,0.285240557440464,0.006050843584337477,1.2532594928394738,0.0558270148972736,0.050130379713578956
0.01253989010306392,9.0,25.0,4.999919419615975,0.28524055735860754,0.006050843584322597,1.2532594928394598,0.055827014897258276,0.050130379713578394
0.01256918697806392,9.0,25.0,4.999919419615975,0.2852405574387059,0.006050843584337158,1.2532594928394736,0.05582701489727315,0.05013037971357894
0.012598483853063919,9.0,25.0,4.999919419615975,0.28524055736032794,0.00605084358432291,1.25325949283946,0.05582701489725872,0.0501303797135784
0.012627780728063918,9.0,25.0,4.999919419615975,0.2852405574370223,0.006050843584336852,1.2532594928394734,0.05582701489727271,0.050130379713578935
0.012657077603063917,9.0,25.0,4.999919419615975,0.28524055736197534,0.006050843584323209,1.2532594928394603,0.05582701489725883,0.050130379713578414
0.012686374478063917,9.0,25.0,4.999919419615975,0.2852405574354104,0.0060508435843365585,1.2532594928394731,0.05582701489727271,0.05013037971357893
0.012715671353063916,9.0,25.0,4.999919419615975,0.2852405573635527,0.006050843584323496,1.2532594928394605,0.05582701489725905,0.05013037971357842
0.012744968228063916,9.0,25.0,4.999919419615975,0.28524055743386695,0.0060508435843362775,1.253259492839473,0.05582701489727249,0.05013037971357892
0.012774265103063915,9.0,25.0,4.999919419615975,0.28524055736506293,0.00605084358432377,1.253259492839461,0.0558270148972595,0.050130379713578435
0.012803561978063914,9.0,25.0,4.999919419615975,0.28524055743238913,0.0060508435843360095,1.2532594928394727,0.05582701489727193,0.05013037971357891
0.012832858853063914,9.0,25.0,4.999919419615975,0.285240557366509,0.006050843584324033,1.2532594928394611,0.05582701489725961,0.05013037971357845
0.012862155728063913,9.0,25.0,4.999919419615975,0.285240557430974,0.006050843584335752,1.2532594928394722,0.05582701489727182,0.05013037971357889
0.012891452603063912,9.0,25.0,4.999919419615975,0.2852405573678938,0.0060508435843242845,1.2532594928394614,0.05582701489725994,0.050130379713578456
0.012920749478063912,9.0,25.0,4.999919419615975,0.285240557429619,0.0060508435843355055,1.253259492839472,0.055827014897271376,0.05013037971357888
0.012950046353063911,9.0,25.0,4.999919419615975,0.28524055736921977,0.006050843584324526,1.2532594928394616,0.055827014897260274,0.05013037971357846
0.01297934322806391,9.0,25.0,4.999919419615975,0.28524055742832155,0.00605084358433527,1.2532594928394718,0.055827014897271265,0.05013037971357887
0.01300864010306391,9.0,25.0,4.999919419615975,0.28524055737048926,0.006050843584324756,1.2532594928394618,0.05582701489726072,0.05013037971357848
0.01303793697806391,9.0,25.0,4.999919419615975,0.2852405574270794,0.006050843584335044,1.2532594928394716,0.05582701489727104,0.050130379713578865
0.013067233853063909,9.0,25.0,4.999919419615975,0.28524055737170473,0.0060508435843249775,1.253259492839462,0.05582701489726094,0.050130379713578484
0.013096530728063908,9.0,25.0,4.999919419615975,0.28524055742589005,0.006050843584334828,1.2532594928394714,0.05582701489727082,0.05013037971357886
0.013125827603063907,9.0,25.0,4.999919419615975,0.28524055737286846,0.006050843584325189,1.2532594928394623,0.05582701489726116,0.05013037971357849
0.013155124478063907,9.0,25.0,4.999919419615975,0.28524055742475124,0.006050843584334621,1.2532594928394711,0.0558270148972706,0.050130379713578845
0.013184421353063906,9.0,25.0,4.999919419615975,0.2852405573739829,0.006050843584325392,1.2532594928394625,0.05582701489726127,0.0501303797135785
0.013213718228063906,9.0,25.0,4.999919419615975,0.28524055742366083,0.006050843584334422,1.2532594928394711,0.055827014897270266,0.050130379713578845
0.013243015103063905,9.0,25.0,4.999919419615975,0.28524055737504983,0.0060508435843255855,1.2532594928394627,0.055827014897261384,0.05013037971357851
0.013272311978063904,9.0,25.0,4.999919419615975,0.2852405574226167,0.006050843584334233,1.253259492839471,0.055827014897270155,0.05013037971357884
0.013301608853063904,9.0,25.0,4.999919419615975,0.28524055737607157,0.006050843584325771,1.2532594928394627,0.055827014897261384,0.05013037971357851
0.013330905728063903,9.0,25.0,4.999919419615975,0.2852405574216169,0.006050843584334051,1.2532594928394707,0.055827014897270044,0.05013037971357883
0.013360202603063902,9.0,25.0,4.999919419615975,0.28524055737704995,0.006050843584325949,1.253259492839463,0.05582701489726172,0.05013037971357852
0.013389499478063902,9.0,25.0,4.999919419615975,0.28524055742065957,0.006050843584333877,1.2532594928394705,0.05582701489726982,0.05013037971357882
0.013418796353063901,9.0,25.0,4.999919419615975,0.2852405573779867,0.00605084358432612,1.2532594928394631,0.05582701489726183,0.050130379713578525
0.0134480932280639,9.0,25.0,4.999919419615975,0.28524055741974297,0.00605084358433371,1.2532594928394702,0.0558270148972696,0.05013037971357881
0.0134773901030639,9.0,25.0,4.999919419615975,0.28524055737888365,0.006050843584326283,1.2532594928394634,0.05582701489726205,0.05013037971357853
0.0135066869780639,9.0,25.0,4.999919419615975,0.2852405574188653,0.0060508435843335505,1.2532594928394702,0.05582701489726938,0.05013037971357881
0.013535983853063899,9.0,25.0,4.999919419615975,0.2852405573797423,0.006050843584326439,1.2532594928394634,0.05582701489726205,0.05013037971357853
0.013565280728063898,9.0,25.0,4.999919419615975,0.285240557418025,0.006050843584333398,1.25325949283947,0.05582701489726927,0.0501303797135788
0.013594577603063897,9.0,25.0,4.999919419615975,0.2852405573805647,0.006050843584326588,1.2532594928394636,0.055827014897262384,0.050130379713578546
0.013623874478063897,9.0,25.0,4.999919419615975,0.28524055741722026,0.006050843584333252,1.2532594928394698,0.055827014897268934,0.050130379713578796
0.013653171353063896,9.0,25.0,4.999919419615975,0.28524055738135207,0.006050843584326731,1.2532594928394638,0.055827014897262495,0.05013037971357855
0.013682468228063896,9.0,25.0,4.999919419615975,0.2852405574164499,0.006050843584333112,1.2532594928394698,0.055827014897268934,0.050130379713578796
0.013711765103063895,9.0,25.0,4.999919419615975,0.2852405573821059,0.006050843584326868,1.2532594928394638,0.055827014897262495,0.05013037971357855
0.013741061978063894,9.0,25.0,4.999919419615975,0.28524055741571225,0.006050843584332977,1.2532594928394696,0.055827014897269045,0.05013037971357878
0.013770358853063894,9.0,25.0,4.999919419615975,0.2852405573828278,0.006050843584326999,1.253259492839464,0.05582701489726272,0.05013037971357856
0.013799655728063893,9.0,25.0,4.999919419615975,0.28524055741500587,0.006050843584332849,1.2532594928394696,0.05582701489726882,0.05013037971357878
0.013828952603063892,9.0,25.0,4.999919419615975,0.28524055738351894,0.006050843584327125,1.253259492839464,0.05582701489726272,0.05013037971357856
0.013858249478063892,9.0,25.0,4.999919419615975,0.2852405574143295,0.0060508435843327265,1.2532594928394694,0.05582701489726882,0.050130379713578775
0.013887546353063891,9.0,25.0,4.999919419615975,0.28524055738418075,0.006050843584327246,1.2532594928394643,0.05582701489726305,0.050130379713578574
0.01391684322806389,9.0,25.0,4.999919419615975,0.2852405574136819,0.0060508435843326085,1.2532594928394694,0.05582701489726849,0.050130379713578775
0.01394614010306389,9.0,25.0,4.999919419615975,0.2852405573848144,0.006050843584327361,1.2532594928394643,0.05582701489726305,0.050130379713578574
0.01397543697806389,9.0,25.0,4.999919419615975,0.2852405574130618,0.006050843584332496,1.2532594928394691,0.05582701489726838,0.05013037971357877
0.014004733853063889,9.0,25.0,4.999919419615975,0.2852405573854212,0.006050843584327471,1.2532594928394645,0.05582701489726338,0.05013037971357858
0.014034030728063888,9.0,25.0,4.999919419615975,0.2852405574124681,0.006050843584332388,1.2532594928394691,0.05582701489726827,0.05013037971357877
0.014063327603063887,9.0,25.0,4.999919419615975,0.28524055738600224,0.006050843584327577,1.2532594928394645,0.05582701489726338,0.05013037971357858
0.014092624478063887,9.0,25.0,4.999919419615975,0.28524055741189963,0.006050843584332284,1.253259492839469,0.05582701489726816,0.050130379713578754
0.014121921353063886,9.0,25.0,4.999919419615975,0.2852405573865585,0.006050843584327678,1.2532594928394647,0.055827014897263605,0.05013037971357859
0.014151218228063886,9.0,25.0,4.999919419615975,0.2852405574113553,0.006050843584332185,1.253259492839469,0.055827014897267935,0.050130379713578754
0.014180515103063885,9.0,25.0,4.999919419615975,0.2852405573870911,0.006050843584327775,1.2532594928394647,0.055827014897263605,0.05013037971357859
0.014209811978063884,9.0,25.0,4.999919419615975,0.28524055741083404,0.006050843584332091,1.2532594928394687,0.055827014897267824,0.05013037971357875
0.014239108853063884,9.0,25.0,4.999919419615975,0.2852405573876012,0.0060508435843278675,1.253259492839465,0.055827014897263716,0.050130379713578595
0.014268405728063883,9.0,25.0,4.999919419615975,0.28524055741033494,0.006050843584332,1.2532594928394687,0.055827014897267824,0.05013037971357875
0.014297702603063882,9.0,25.0,4.999919419615975,0.2852405573880894,0.006050843584327956,1.253259492839465,0.055827014897263716,0.050130379713578595
0.014326999478063882,9.0,25.0,4.999919419615975,0.2852405574098572,0.006050843584331913,1.2532594928394687,0.055827014897267824,0.05013037971357875
0.014356296353063881,9.0,25.0,4.999919419615975,0.28524055738855697,0.006050843584328041,1.253259492839465,0.055827014897263716,0.050130379713578595
0.01438559322806388,9.0,25.0,4.999919419615975,0.2852405574093998,0.00605084358433183,1.2532594928394685,0.055827014897267824,0.05013037971357874
0.01441489010306388,9.0,25.0,4.999919419615975,0.2852405573890046,0.0060508435843281225,1.2532594928394651,0.05582701489726394,0.05013037971357861
0.01444418697806388,9.0,25.0,4.999919419615975,0.2852405574089618,0.006050843584331751,1.2532594928394685,0.0558270148972676,0.05013037971357874
0.014473483853063879,9.0,25.0,4.999919419615975,0.28524055738943316,0.006050843584328201,1.2532594928394651,0.05582701489726394,0.05013037971357861
0.014502780728063878,9.0,25.0,4.999919419615975,0.2852405574085423,0.006050843584331674,1.2532594928394682,0.0558270148972676,0.050130379713578734
0.014532077603063877,9.0,25.0,4.999919419615975,0.2852405573898436,0.006050843584328275,1.2532594928394654,0.05582701489726416,0.050130379713578616
0.014561374478063877,9.0,25.0,4.999919419615975,0.2852405574081407,0.0060508435843316015,1.2532594928394682,0.05582701489726727,0.050130379713578734
0.014590671353063876,9.0,25.0,4.999919419615975,0.2852405573902367,0.006050843584328346,1.2532594928394654,0.05582701489726416,0.050130379713578616
0.014619968228063876,9.0,25.0,4.999919419615975,0.28524055740775606,0.006050843584331531,1.2532594928394682,0.05582701489726727,0.050130379713578734
0.014649265103063875,9.0,25.0,4.999919419615975,0.28524055739061305,0.006050843584328415,1.2532594928394654,0.05582701489726416,0.050130379713578616
0.014678561978063874,9.0,25.0,4.999919419615975,0.2852405574073878,0.0060508435843314645,1.2532594928394682,0.05582701489726727,0.050130379713578734
0.014707858853063874,9.0,25.0,4.999919419615975,0.2852405573909734,0.006050843584328481,1.2532594928394654,0.05582701489726416,0.050130379713578616
0.014737155728063873,9.0,25.0,4.999919419615975,0.28524055740703513,0.0060508435843314,1.253259492839468,0.05582701489726716,0.05013037971357872
0.014766452603063873,9.0,25.0,4.999919419615975,0.2852405573913184,0.006050843584328543,1.2532594928394656,0.05582701489726449,0.05013037971357862
0.014795749478063872,9.0,25.0,4.999919419615975,0.2852405574066977,0.006050843584331339,1.253259492839468,0.05582701489726705,0.05013037971357872
0.014825046353063871,9.0,25.0,4.999919419615975,0.2852405573916487,0.006050843584328603,1.2532594928394656,0.05582701489726449,0.05013037971357862
0.01485434322806387,9.0,25.0,4.999919419615975,0.2852405574063744,0.00605084358433128,1.253259492839468,0.05582701489726705,0.05013037971357872
0.01488364010306387,9.0,25.0,4.999919419615975,0.28524055739196497,0.00605084358432866,1.2532594928394656,0.05582701489726449,0.05013037971357862
0.01491293697806387,9.0,25.0,4.999919419615975,0.28524055740606497,0.006050843584331224,1.2532594928394678,0.055827014897266936,0.05013037971357871
0.014942233853063869,9.0,25.0,4.999919419615975,0.28524055739226784,0.006050843584328716,1.2532594928394656,0.055827014897264604,0.05013037971357862
0.014971530728063868,9.0,25.0,4.999919419615975,0.2852405574057685,0.00605084358433117,1.2532594928394678,0.055827014897266936,0.05013037971357871
0.015000827603063868,9.0,25.0,4.999919419615975,0.285240557392558,0.006050843584328769,1.2532594928394658,0.055827014897264715,0.050130379713578636
0.015030124478063867,9.0,25.0,4.999919419615975,0.28524055740548454,0.006050843584331118,1.253259492839468,0.055827014897266825,0.05013037971357872
0.015059421353063866,9.0,25.0,4.999919419615975,0.2852405573928356,0.006050843584328819,1.2532594928394658,0.055827014897264715,0.050130379713578636
0.015088718228063866,9.0,25.0,4.999919419615975,0.285240557405213,0.006050843584331069,1.253259492839468,0.055827014897266825,0.05013037971357872
0.015118015103063865,9.0,25.0,4.999919419615975,0.2852405573931015,0.006050843584328868,1.2532594928394658,0.055827014897264715,0.050130379713578636
0.015147311978063864,9.0,25.0,4.999919419615975,0.28524055740495274,0.006050843584331021,1.253259492839468,0.055827014897266825,0.05013037971357872
0.015176608853063864,9.0,25.0,4.999919419615975,0.285240557393356,0.006050843584328914,1.2532594928394658,0.055827014897264715,0.050130379713578636
0.015205905728063863,9.0,25.0,4.999919419615975,0.2852405574047037,0.006050843584330976,1.2532594928394678,0.055827014897266714,0.05013037971357871
0.015235202603063863,9.0,25.0,4.999919419615975,0.28524055739359977,0.006050843584328958,1.253259492839466,0.055827014897264826,0.05013037971357864
0.015264499478063862,9.0,25.0,4.999919419615975,0.2852405574044653,0.006050843584330933,1.2532594928394678,0.055827014897266714,0.05013037971357871
0.015293796353063861,9.0,25.0,4.999919419615975,0.2852405573938331,0.006050843584329,1.253259492839466,0.055827014897264826,0.05013037971357864
0.01532309322806386,9.0,25.0,4.999919419615975,0.285240557404237,0.006050843584330891,1.2532594928394678,0.055827014897266714,0.05013037971357871
0.01535239010306386,9.0,25.0,4.999919419615975,0.2852405573940565,0.006050843584329041,1.253259492839466,0.055827014897264826,0.05013037971357864
0.01538168697806386,9.0,25.0,4.999919419615975,0.2852405574040182,0.006050843584330852,1.2532594928394678,0.055827014897266714,0.05013037971357871
0.015410983853063859,9.0,25.0,4.999919419615975,0.28524055739427046,0.00605084358432908,1.253259492839466,0.055827014897264826,0.05013037971357864
0.015440280728063858,9.0,25.0,4.999919419615975,0.285240557403809,0.006050843584330814,1.2532594928394678,0.055827014897266714,0.05013037971357871
0.015469577603063858,9.0,25.0,4.999919419615975,0.28524055739447535,0.006050843584329117,1.253259492839466,0.055827014897264826,0.05013037971357864
0.015498874478063857,9.0,25.0,4.999919419615975,0.28524055740360843,0.0060508435843307775,1.2532594928394678,0.055827014897266714,0.05013037971357871
0.015528171353063856,9.0,25.0,4.999919419615975,0.2852405573946715,0.006050843584329153,1.253259492839466,0.055827014897264826,0.05013037971357864
0.015557468228063856,9.0,25.0,4.999919419615975,0.2852405574034165,0.006050843584330742,1.2532594928394676,0.0558270148972666,0.050130379713578706
0.015586765103063855,9.0,25.0,4.999919419615975,0.2852405573948594,0.006050843584329187,1.2532594928394662,0.05582701489726494,0.05013037971357865
0.015616061978063854,9.0,25.0,4.999919419615975,0.2852405574032327,0.006050843584330709,1.2532594928394676,0.05582701489726627,0.050130379713578706
0.015645358853063854,9.0,25.0,4.999919419615975,0.2852405573950393,0.00605084358432922,1.2532594928394662,0.05582701489726527,0.05013037971357865
0.015674655728063855,9.0,25.0,4.999919419615975,0.2852405574030566,0.006050843584330677,1.2532594928394676,0.05582701489726638,0.050130379713578706
0.015703952603063856,9.0,25.0,4.999919419615975,0.2852405573952115,0.006050843584329251,1.2532594928394662,0.05582701489726494,0.05013037971357865
0.015733249478063857,9.0,25.0,4.999919419615975,0.2852405574028882,0.0060508435843306466,1.2532594928394676,0.05582701489726627,0.050130379713578706
0.015762546353063858,9.0,25.0,4.999919419615975,0.28524055739537635,0.0060508435843292805,1.2532594928394662,0.05582701489726527,0.05013037971357865
0.01579184322806386,9.0,25.0,4.999919419615975,0.28524055740272686,0.006050843584330617,1.2532594928394676,0.05582701489726638,0.050130379713578706
0.01582114010306386,9.0,25.0,4.999919419615975,0.2852405573955342,0.006050843584329309,1.2532594928394662,0.05582701489726494,0.05013037971357865
0.01585043697806386,9.0,25.0,4.999919419615975,0.28524055740257226,0.006050843584330589,1.2532594928394676,0.05582701489726627,0.050130379713578706
0.015879733853063863,9.0,25.0,4.999919419615975,0.28524055739568543,0.006050843584329337,1.2532594928394662,0.05582701489726527,0.05013037971357865
0.015909030728063864,9.0,25.0,4.999919419615975,0.2852405574024244,0.006050843584330562,1.2532594928394676,0.05582701489726638,0.050130379713578706
0.015938327603063865,9.0,25.0,4.999919419615975,0.2852405573958302,0.006050843584329363,1.2532594928394662,0.05582701489726494,0.05013037971357865
0.015967624478063866,9.0,25.0,4.999919419615975,0.28524055740228277,0.006050843584330536,1.2532594928394674,0.05582701489726627,0.0501303797135787
0.015996921353063867,9.0,25.0,4.999919419615975,0.2852405573959687,0.006050843584329389,1.2532594928394662,0.05582701489726527,0.05013037971357865
0.016026218228063868,9.0,25.0,4.999919419615975,0.28524055740214715,0.006050843584330511,1.2532594928394674,0.05582701489726627,0.0501303797135787
0.01605551510306387,9.0,25.0,4.999919419615975,0.2852405573961015,0.006050843584329412,1.2532594928394665,0.05582701489726538,0.05013037971357866
0.01608481197806387,9.0,25.0,4.999919419615975,0.2852405574020172,0.006050843584330488,1.2532594928394674,0.05582701489726627,0.0501303797135787
0.01611410885306387,9.0,25.0,4.999919419615975,0.28524055739622856,0.006050843584329436,1.2532594928394665,0.05582701489726538,0.05013037971357866
0.016143405728063873,9.0,25.0,4.999919419615975,0.2852405574018929,0.006050843584330465,1.2532594928394674,0.05582701489726627,0.0501303797135787
0.016172702603063874,9.0,25.0,4.999919419615975,0.2852405573963501,0.006050843584329457,1.2532594928394665,0.05582701489726538,0.05013037971357866
0.016201999478063875,9.0,25.0,4.999919419615975,0.28524055740177395,0.006050843584330444,1.2532594928394674,0.05582701489726627,0.0501303797135787
0.016231296353063876,9.0,25.0,4.999919419615975,0.2852405573964666,0.006050843584329479,1.2532594928394665,0.05582701489726538,0.05013037971357866
0.016260593228063877,9.0,25.0,4.999919419615975,0.28524055740166,0.006050843584330423,1.2532594928394674,0.05582701489726627,0.0501303797135787
0.016289890103063878,9.0,25.0,4.999919419615975,0.28524055739657805,0.006050843584329499,1.2532594928394665,0.05582701489726538,0.05013037971357866
0.01631918697806388,9.0,25.0,4.999919419615975,0.2852405574015509,0.006050843584330403,1.2532594928394674,0.05582701489726627,0.0501303797135787
0.01634848385306388,9.0,25.0,4.999919419615975,0.2852405573966849,0.006050843584329519,1.2532594928394665,0.05582701489726538,0.05013037971357866
0.01637778072806388,9.0,25.0,4.999919419615975,0.2852405574014464,0.006050843584330385,1.2532594928394674,0.05582701489726627,0.0501303797135787
0.016407077603063883,9.0,25.0,4.999919419615975,0.28524055739678716,0.006050843584329537,1.2532594928394665,0.05582701489726538,0.05013037971357866
0.016436374478063884,9.0,25.0,4.999919419615975,0.2852405574013463,0.006050843584330366,1.2532594928394674,0.05582701489726627,0.0501303797135787
0.016465671353063885,9.0,25.0,4.999919419615975,0.2852405573968851,0.006050843584329555,1.2532594928394665,0.05582701489726538,0.05013037971357866
0.016494968228063886,9.0,25.0,4.999919419615975,0.2852405574012505,0.006050843584330348,1.2532594928394674,0.05582701489726627,0.0501303797135787
0.016524265103063887,9.0,25.0,4.999919419615975,0.2852405573969788,0.006050843584329572,1.2532594928394665,0.05582701489726538,0.05013037971357866
0.016553561978063888,9.0,25.0,4.999919419615975,0.2852405574011588,0.006050843584330332,1.2532594928394674,0.05582701489726627,0.0501303797135787
0.01658285885306389,9.0,25.0,4.999919419615975,0.2852405573970686,0.006050843584329588,1.2532594928394665,0.05582701489726538,0.05013037971357866
0.01661215572806389,9.0,25.0,4.999919419615975,0.28524055740107085,0.006050843584330316,1.2532594928394674,0.05582701489726627,0.0501303797135787
0.01664145260306389,9.0,25.0,4.999919419615975,0.28524055739715465,0.006050843584329604,1.2532594928394665,0.05582701489726538,0.05013037971357866
0.016670749478063893,9.0,25.0,4.999919419615975,0.2852405574009867,0.0060508435843303005,1.2532594928394671,0.05582701489726616,0.050130379713578685
0.016700046353063894,9.0,25.0,4.999919419615975,0.28524055739723697,0.006050843584329619,1.2532594928394665,0.05582701489726538,0.05013037971357866
0.016729343228063895,9.0,25.0,4.999919419615975,0.2852405574009061,0.006050843584330286,1.2532594928394671,0.05582701489726616,0.050130379713578685
0.016758640103063896,9.0,25.0,4.999919419615975,0.28524055739731585,0.0060508435843296335,1.2532594928394665,0.05582701489726538,0.05013037971357866
0.016787936978063897,9.0,25.0,4.999919419615975,0.285240557400829,0.006050843584330272,1.2532594928394671,0.05582701489726616,0.050130379713578685
0.016817233853063898,9.0,25.0,4.999919419615975,0.2852405573973913,0.006050843584329647,1.2532594928394667,0.05582701489726549,0.05013037971357867
0.0168465307280639,9.0,25.0,4.999919419615975,0.2852405574007551,0.006050843584330259,1.2532594928394671,0.05582701489726616,0.050130379713578685
0.0168758276030639,9.0,25.0,4.999919419615975,0.2852405573974635,0.00605084358432966,1.2532594928394667,0.05582701489726549,0.05013037971357867
0.0169051244780639,9.0,25.0,4.999919419615975,0.2852405574006844,0.006050843584330246,1.2532594928394671,0.05582701489726616,0.050130379713578685
0.016934421353063903,9.0,25.0,4.999919419615975,0.2852405573975328,0.0060508435843296725,1.2532594928394667,0.05582701489726549,0.05013037971357867
0.016963718228063904,9.0,25.0,4.999919419615975,0.2852405574006166,0.006050843584330234,1.2532594928394671,0.05582701489726616,0.050130379713578685
0.016993015103063905,9.0,25.0,4.999919419615975,0.2852405573975991,0.006050843584329685,1.2532594928394667,0.05582701489726549,0.05013037971357867
0.017022311978063906,9.0,25.0,4.999919419615975,0.2852405574005518,0.0060508435843302216,1.2532594928394671,0.05582701489726616,0.050130379713578685
0.017051608853063907,9.0,25.0,4.999919419615975,0.2852405573976626,0.006050843584329697,1.2532594928394667,0.05582701489726549,0.05013037971357867
0.017080905728063908,9.0,25.0,4.999919419615975,0.28524055740048965,0.00605084358433021,1.2532594928394671,0.05582701489726616,0.050130379713578685
0.01711020260306391,9.0,25.0,4.999919419615975,0.28524055739772336,0.006050843584329707,1.2532594928394667,0.05582701489726549,0.05013037971357867
0.01713949947806391,9.0,25.0,4.999919419615975,0.2852405574004302,0.0060508435843302,1.2532594928394671,0.05582701489726616,0.050130379713578685
0.01716879635306391,9.0,25.0,4.999919419615975,0.2852405573977816,0.006050843584329718,1.2532594928394667,0.05582701489726549,0.05013037971357867
0.017198093228063913,9.0,25.0,4.999919419615975,0.2852405574003733,0.0060508435843301895,1.2532594928394671,0.05582701489726616,0.050130379713578685
0.017227390103063914,9.0,25.0,4.999919419615975,0.28524055739783716,0.006050843584329728,1.2532594928394667,0.05582701489726549,0.05013037971357867
0.017256686978063915,9.0,25.0,4.999919419615975,0.28524055740031884,0.006050843584330179,1.2532594928394671,0.05582701489726616,0.050130379713578685
0.017285983853063916,9.0,25.0,4.999919419615975,0.2852405573978905,0.006050843584329738,1.2532594928394667,0.05582701489726549,0.05013037971357867
0.017315280728063917,9.0,25.0,4.999919419615975,0.2852405574002667,0.0060508435843301695,1.2532594928394671,0.05582701489726616,0.050130379713578685
0.017344577603063918,9.0,25.0,4.999919419615975,0.28524055739794146,0.006050843584329747,1.2532594928394667,0.05582701489726549,0.05013037971357867
0.01737387447806392,9.0,25.0,4.999919419615975,0.28524055740021675,0.006050843584330161,1.2532594928394671,0.05582701489726616,0.050130379713578685
0.01740317135306392,9.0,25.0,4.999919419615975,0.2852405573979904,0.006050843584329756,1.2532594928394667,0.05582701489726549,0.05013037971357867
0.01743246822806392,9.0,25.0,4.999919419615975,0.2852405574001689,0.006050843584330152,1.2532594928394671,0.05582701489726616,0.050130379713578685
0.017461765103063923,9.0,25.0,4.999919419615975,0.28524055739803716,0.0060508435843297645,1.2532594928394667,0.05582701489726549,0.05013037971357867
0.017491061978063924,9.0,25.0,4.999919419615975,0.28524055740012305,0.0060508435843301435,1.2532594928394671,0.05582701489726616,0.050130379713578685
0.017520358853063925,9.0,25.0,4.999919419615975,0.285240557398082,0.006050843584329772,1.2532594928394667,0.05582701489726549,0.05013037971357867
0.017549655728063926,9.0,25.0,4.999919419615975,0.28524055740007925,0.006050843584330136,1.2532594928394671,0.05582701489726616,0.050130379713578685
0.017578952603063927,9.0,25.0,4.999919419615975,0.2852405573981249,0.00605084358432978,1.2532594928394667,0.05582701489726549,0.05013037971357867
0.017608249478063928,9.0,25.0,4.999919419615975,0.28524055740003723,0.006050843584330128,1.2532594928394671,0.05582701489726616,0.050130379713578685
0.01763754635306393,9.0,25.0,4.999919419615975,0.285240557398166,0.006050843584329788,1.2532594928394667,0.05582701489726549,0.05013037971357867
0.01766684322806393,9.0,25.0,4.999919419615975,0.2852405573999971,0.006050843584330121,1.2532594928394671,0.05582701489726616,0.050130379713578685
0.01769614010306393,9.0,25.0,4.999919419615975,0.2852405573982053,0.006050843584329795,1.2532594928394667,0.05582701489726549,0.05013037971357867
0.017725436978063933,9.0,25.0,4.999919419615975,0.2852405573999586,0.006050843584330114,1.2532594928394671,0.05582701489726616,0.050130379713578685
0.017754733853063934,9.0,25.0,4.999919419615975,0.285240557398243,0.006050843584329802,1.2532594928394667,0.05582701489726549,0.05013037971357867
0.017784030728063935,9.0,25.0,4.999919419615975,0.2852405573999217,0.006050843584330107,1.2532594928394671,0.05582701489726616,0.050130379713578685
0.017813327603063936,9.0,25.0,4.999919419615975,0.285240557398279,0.006050843584329809,1.2532594928394667,0.05582701489726549,0.05013037971357867
0.017842624478063937,9.0,25.0,4.999919419615975,0.2852405573998865,0.006050843584330101,1.2532594928394671,0.05582701489726616,0.050130379713578685
0.017871921353063938,9.0,25.0,4.999919419615975,0.2852405573983135,0.006050843584329815,1.2532594928394667,0.05582701489726549,0.05013037971357867
0.01790121822806394,9.0,25.0,4.999919419615975,0.2852405573998528,0.006050843584330095,1.2532594928394671,0.05582701489726616,0.050130379713578685
0.01793051510306394,9.0,25.0,4.999919419615975,0.2852405573983464,0.006050843584329821,1.2532594928394667,0.05582701489726549,0.05013037971357867
0.01795981197806394,9.0,25.0,4.999919419615975,0.28524055739982046,0.006050843584330089,1.253259492839467,0.05582701489726616,0.05013037971357868
0.017989108853063943,9.0,25.0,4.999919419615975,0.28524055739837817,0.006050843584329826,1.2532594928394667,0.0558270148972656,0.05013037971357867
0.018018405728063944,9.0,25.0,4.999919419615975,0.2852405573997895,0.006050843584330083,1.253259492839467,0.055827014897265936,0.05013037971357868
0.018047702603063945,9.0,25.0,4.999919419615975,0.2852405573984085,0.006050843584329832,1.2532594928394667,0.0558270148972656,0.05013037971357867
0.018076999478063946,9.0,25.0,4.999919419615975,0.2852405573997599,0.006050843584330078,1.253259492839467,0.055827014897265936,0.05013037971357868
0.018106296353063947,9.0,25.0,4.999919419615975,0.2852405573984374,0.006050843584329837,1.2532594928394667,0.0558270148972656,0.05013037971357867
0.018135593228063948,9.0,25.0,4.999919419615975,0.28524055739973153,0.006050843584330072,1.253259492839467,0.055827014897265936,0.05013037971357868
0.01816489010306395,9.0,25.0,4.999919419615975,0.2852405573984652,0.0060508435843298425,1.2532594928394667,0.0558270148972656,0.05013037971357867
0.01819418697806395,9.0,25.0,4.999919419615975,0.2852405573997043,0.006050843584330067,1.253259492839467,0.055827014897265936,0.05013037971357868
0.01822348385306395,9.0,25.0,4.999919419615975,0.2852405573984918,0.006050843584329847,1.2532594928394667,0.0558270148972656,0.05013037971357867
0.018252780728063953,9.0,25.0,4.999919419615975,0.2852405573996783,0.006050843584330063,1.253259492839467,0.055827014897265936,0.05013037971357868
0.018282077603063954,9.0,25.0,4.999919419615975,0.2852405573985173,0.006050843584329852,1.2532594928394667,0.0558270148972656,0.05013037971357867
0.018311374478063955,9.0,25.0,4.999919419615975,0.2852405573996534,0.0060508435843300585,1.253259492839467,0.055827014897265936,0.05013037971357868
0.018340671353063956,9.0,25.0,4.999919419615975,0.28524055739854165,0.006050843584329856,1.2532594928394667,0.0558270148972656,0.05013037971357867
0.018369968228063957,9.0,25.0,4.999919419615975,0.28524055739962945,0.006050843584330054,1.253259492839467,0.055827014897265936,0.05013037971357868
0.018399265103063958,9.0,25.0,4.999919419615975,0.28524055739856496,0.006050843584329861,1.2532594928394667,0.0558270148972656,0.05013037971357867
0.01842856197806396,9.0,25.0,4.999919419615975,0.2852405573996067,0.00605084358433005,1.253259492839467,0.055827014897265936,0.05013037971357868
0.01845785885306396,9.0,25.0,4.999919419615975,0.28524055739858734,0.006050843584329864,1.253259492839467,0.055827014897265714,0.05013037971357868
0.01848715572806396,9.0,25.0,4.999919419615975,0.2852405573995848,0.0060508435843300455,1.253259492839467,0.055827014897265936,0.05013037971357868
0.018516452603063963,9.0,25.0,4.999919419615975,0.28524055739860865,0.0060508435843298685,1.253259492839467,0.055827014897265714,0.05013037971357868
0.018545749478063964,9.0,25.0,4.999919419615975,0.2852405573995639,0.006050843584330042,1.253259492839467,0.055827014897265936,0.05013037971357868
0.018575046353063965,9.0,25.0,4.999919419615975,0.2852405573986292,0.006050843584329872,1.253259492839467,0.055827014897265714,0.05013037971357868
0.018604343228063966,9.0,25.0,4.999919419615975,0.2852405573995437,0.0060508435843300385,1.253259492839467,0.055827014897265936,0.05013037971357868
0.018633640103063967,9.0,25.0,4.999919419615975,0.2852405573986489,0.0060508435843298755,1.253259492839467,0.055827014897265714,0.05013037971357868
0.018662936978063968,9.0,25.0,4.999919419615975,0.2852405573995246,0.006050843584330035,1.253259492839467,0.055827014897265936,0.05013037971357868
0.01869223385306397,9.0,25.0,4.999919419615975,0.2852405573986676,0.006050843584329879,1.253259492839467,0.055827014897265714,0.05013037971357868
0.01872153072806397,9.0,25.0,4.999919419615975,0.28524055739950627,0.006050843584330032,1.253259492839467,0.055827014897265936,0.05013037971357868
0.01875082760306397,9.0,25.0,4.999919419615975,0.2852405573986857,0.006050843584329882,1.253259492839467,0.055827014897265714,0.05013037971357868
0.018780124478063973,9.0,25.0,4.999919419615975,0.2852405573994885,0.006050843584330028,1.253259492839467,0.055827014897265936,0.05013037971357868
0.018809421353063974,9.0,25.0,4.999919419615975,0.285240557398703,0.006050843584329886,1.253259492839467,0.055827014897265714,0.05013037971357868
0.018838718228063975,9.0,25.0,4.999919419615975,0.2852405573994716,0.0060508435843300255,1.253259492839467,0.055827014897265936,0.05013037971357868
0.018868015103063976,9.0,25.0,4.999919419615975,0.2852405573987195,0.0060508435843298885,1.253259492839467,0.055827014897265714,0.05013037971357868
0.018897311978063977,9.0,25.0,4.999919419615975,0.2852405573994555,0.006050843584330022,1.253259492839467,0.055827014897265936,0.05013037971357868
0.018926608853063978,9.0,25.0,4.999919419615975,0.2852405573987353,0.006050843584329891,1.253259492839467,0.055827014897265714,0.05013037971357868
0.01895590572806398,9.0,25.0,4.999919419615975,0.28524055739944004,0.0060508435843300195,1.253259492839467,0.055827014897265936,0.05013037971357868
0.01898520260306398,9.0,25.0,4.999919419615975,0.28524055739875037,0.0060508435843298946,1.253259492839467,0.055827014897265714,0.05013037971357868
0.01901449947806398,9.0,25.0,4.999919419615975,0.28524055739942533,0.006050843584330017,1.253259492839467,0.055827014897265936,0.05013037971357868
0.019043796353063983,9.0,25.0,4.999919419615975,0.2852405573987648,0.006050843584329897,1.253259492839467,0.055827014897265714,0.05013037971357868
0.019073093228063984,9.0,25.0,4.999919419615975,0.2852405573994112,0.006050843584330014,1.253259492839467,0.055827014897265936,0.05013037971357868
0.019102390103063985,9.0,25.0,4.999919419615975,0.2852405573987786,0.006050843584329899,1.253259492839467,0.055827014897265714,0.05013037971357868
0.019131686978063986,9.0,25.0,4.999919419615975,0.28524055739939763,0.006050843584330012,1.253259492839467,0.055827014897265936,0.05013037971357868
0.019160983853063987,9.0,25.0,4.999919419615975,0.2852405573987919,0.0060508435843299015,1.253259492839467,0.055827014897265714,0.05013037971357868
0.019190280728063988,9.0,25.0,4.999919419615975,0.28524055739938464,0.006050843584330009,1.253259492839467,0.055827014897265936,0.05013037971357868
0.01921957760306399,9.0,25.0,4.999919419615975,0.2852405573988047,0.006050843584329904,1.253259492839467,0.055827014897265714,0.05013037971357868
0.01924887447806399,9.0,25.0,4.999919419615975,0.2852405573993721,0.006050843584330007,1.253259492839467,0.055827014897265936,0.05013037971357868
0.01927817135306399,9.0,25.0,4.999919419615975,0.28524055739881693,0.006050843584329906,1.253259492839467,0.055827014897265714,0.05013037971357868
0.019307468228063993,9.0,25.0,4.999919419615975,0.28524055739936016,0.006050843584330005,1.253259492839467,0.055827014897265936,0.05013037971357868
0.019336765103063994,9.0,25.0,4.999919419615975,0.28524055739882853,0.0060508435843299084,1.253259492839467,0.055827014897265714,0.05013037971357868
0.019366061978063995,9.0,25.0,4.999919419615975,0.2852405573993488,0.006050843584330003,1.253259492839467,0.055827014897265936,0.05013037971357868
0.019395358853063996,9.0,25.0,4.999919419615975,0.28524055739883974,0.00605084358432991,1.253259492839467,0.055827014897265714,0.05013037971357868
0.019424655728063997,9.0,25.0,4.999919419615975,0.28524055739933774,0.006050843584330001,1.253259492839467,0.055827014897265936,0.05013037971357868
0.019453952603063998,9.0,25.0,4.999919419615975,0.28524055739885046,0.006050843584329912,1.253259492839467,0.055827014897265714,0.05013037971357868
0.019483249478064,9.0,25.0,4.999919419615975,0.28524055739932735,0.006050843584329999,1.253259492839467,0.055827014897265936,0.05013037971357868
0.019512546353064,9.0,25.0,4.999919419615975,0.28524055739886073,0.0060508435843299145,1.253259492839467,0.055827014897265714,0.05013037971357868
0.019541843228064,9.0,25.0,4.999919419615975,0.28524055739931725,0.006050843584329997,1.253259492839467,0.055827014897265936,0.05013037971357868
0.019571140103064003,9.0,25.0,4.999919419615975,0.2852405573988705,0.006050843584329916,1.253259492839467,0.055827014897265714,0.05013037971357868
0.019600436978064004,9.0,25.0,4.999919419615975,0.28524055739930776,0.006050843584329995,1.253259492839467,0.055827014897265936,0.05013037971357868
0.019629733853064005,9.0,25.0,4.999919419615975,0.2852405573988799,0.006050843584329918,1.253259492839467,0.055827014897265714,0.05013037971357868
0.019659030728064006,9.0,25.0,4.999919419615975,0.2852405573992986,0.0060508435843299934,1.253259492839467,0.055827014897265936,0.05013037971357868
0.019688327603064007,9.0,25.0,4.999919419615975,0.28524055739888887,0.00605084358432992,1.253259492839467,0.055827014897265714,0.05013037971357868
0.019717624478064008,9.0,25.0,4.999919419615975,0.2852405573992897,0.006050843584329993,1.253259492839467,0.055827014897265936,0.05013037971357868
0.01974692135306401,9.0,25.0,4.999919419615975,0.28524055739889753,0.006050843584329921,1.253259492839467,0.055827014897265714,0.05013037971357868
0.01977621822806401,9.0,25.0,4.999919419615975,0.2852405573992812,0.006050843584329991,1.253259492839467,0.055827014897265936,0.05013037971357868
0.01980551510306401,9.0,25.0,4.999919419615975,0.28524055739890575,0.006050843584329922,1.253259492839467,0.055827014897265714,0.05013037971357868
0.019834811978064013,9.0,25.0,4.999919419615975,0.28524055739927323,0.006050843584329989,1.253259492839467,0.055827014897265936,0.05013037971357868
0.019864108853064014,9.0,25.0,4.999919419615975,0.28524055739891363,0.006050843584329924,1.253259492839467,0.055827014897265714,0.05013037971357868
0.019893405728064015,9.0,25.0,4.999919419615975,0.2852405573992655,0.006050843584329987,1.253259492839467,0.055827014897265936,0.05013037971357868
0.019922702603064016,9.0,25.0,4.999919419615975,0.28524055739892107,0.006050843584329925,1.253259492839467,0.055827014897265714,0.05013037971357868
0.019951999478064017,9.0,25.0,4.999919419615975,0.28524055739925824,0.0060508435843299865,1.253259492839467,0.055827014897265936,0.05013037971357868
0.019981296353064018,9.0,25.0,4.999919419615975,0.28524055739892823,0.006050843584329927,1.253259492839467,0.055827014897265714,0.05013037971357868
0.02001059322806402,9.0,25.0,4.999919419615975,0.2852405573992512,0.006050843584329985,1.253259492839467,0.055827014897265936,0.05013037971357868
0.02003989010306402,9.0,25.0,4.999919419615975,0.28524055739893517,0.0060508435843299275,1.253259492839467,0.055827014897265714,0.05013037971357868
0.02006918697806402,9.0,25.0,4.999919419615975,0.2852405573992444,0.006050843584329984,1.253259492839467,0.055827014897265936,0.05013037971357868
0.020098483853064023,9.0,25.0,4.999919419615975,0.2852405573989418,0.006050843584329929,1.253259492839467,0.055827014897265714,0.05013037971357868
0.020127780728064024,9.0,25.0,4.999919419615975,0.28524055739923787,0.006050843584329983,1.253259492839467,0.055827014897265936,0.05013037971357868
0.020157077603064025,9.0,25.0,4.999919419615975,0.28524055739894816,0.00605084358432993,1.253259492839467,0.055827014897265714,0.05013037971357868
0.020186374478064026,9.0,25.0,4.999919419615975,0.2852405573992317,0.006050843584329981,1.253259492839467,0.055827014897265936,0.05013037971357868
0.020215671353064027,9.0,25.0,4.999919419615975,0.28524055739895426,0.006050843584329931,1.253259492839467,0.055827014897265714,0.05013037971357868
0.020244968228064028,9.0,25.0,4.999919419615975,0.2852405573992258,0.00605084358432998,1.253259492839467,0.055827014897265936,0.05013037971357868
0.02027426510306403,9.0,25.0,4.999919419615975,0.28524055739896,0.006050843584329932,1.253259492839467,0.055827014897265714,0.05013037971357868
0.02030356197806403,9.0,25.0,4.999919419615975,0.28524055739922,0.0060508435843299796,1.253259492839467,0.055827014897265936,0.05013037971357868
0.02033285885306403,9.0,25.0,4.999919419615975,0.2852405573989657,0.006050843584329934,1.253259492839467,0.055827014897265714,0.05013037971357868
0.020362155728064033,9.0,25.0,4.999919419615975,0.28524055739921456,0.006050843584329979,1.253259492839467,0.055827014897265936,0.05013037971357868
0.020391452603064034,9.0,25.0,4.999919419615975,0.28524055739897103,0.0060508435843299345,1.253259492839467,0.055827014897265714,0.05013037971357868
0.020420749478064035,9.0,25.0,4.999919419615975,0.28524055739920934,0.006050843584329978,1.253259492839467,0.055827014897265936,0.05013037971357868
0.020450046353064036,9.0,25.0,4.999919419615975,0.28524055739897614,0.006050843584329935,1.253259492839467,0.055827014897265714,0.05013037971357868
0.020479343228064037,9.0,25.0,4.999919419615975,0.2852405573992043,0.006050843584329977,1.253259492839467,0.055827014897265936,0.05013037971357868
0.020508640103064038,9.0,25.0,4.999919419615975,0.28524055739898113,0.006050843584329936,1.253259492839467,0.055827014897265714,0.05013037971357868
0.02053793697806404,9.0,25.0,4.999919419615975,0.2852405573991994,0.006050843584329976,1.253259492839467,0.055827014897265936,0.05013037971357868
0.02056723385306404,9.0,25.0,4.999919419615975,0.2852405573989859,0.006050843584329937,1.253259492839467,0.055827014897265714,0.05013037971357868
0.02059653072806404,9.0,25.0,4.999919419615975,0.2852405573991948,0.006050843584329975,1.253259492839467,0.055827014897265936,0.05013037971357868
0.020625827603064043,9.0,25.0,4.999919419615975,0.2852405573989904,0.006050843584329938,1.253259492839467,0.055827014897265714,0.05013037971357868
0.020655124478064044,9.0,25.0,4.999919419615975,0.2852405573991904,0.006050843584329974,1.253259492839467,0.055827014897265936,0.05013037971357868
0.020684421353064045,9.0,25.0,4.999919419615975,0.2852405573989947,0.006050843584329939,1.253259492839467,0.055827014897265714,0.05013037971357868
0.020713718228064046,9.0,25.0,4.999919419615975,0.28524055739918625,0.0060508435843299735,1.253259492839467,0.055827014897265936,0.05013037971357868
0.020743015103064047,9.0,25.0,4.999919419615975,0.28524055739899873,0.00605084358432994,1.253259492839467,0.055827014897265714,0.05013037971357868
0.020772311978064048,9.0,25.0,4.999919419615975,0.2852405573991823,0.006050843584329973,1.253259492839467,0.055827014897265936,0.05013037971357868
0.02080160885306405,9.0,25.0,4.999919419615975,0.2852405573990026,0.00605084358432994,1.253259492839467,0.055827014897265714,0.05013037971357868
0.02083090572806405,9.0,25.0,4.999919419615975,0.2852405573991784,0.006050843584329972,1.253259492839467,0.055827014897265936,0.05013037971357868
0.02086020260306405,9.0,25.0,4.999919419615975,0.28524055739900644,0.0060508435843299405,1.253259492839467,0.055827014897265714,0.05013037971357868
0.020889499478064052,9.0,25.0,4.999919419615975,0.2852405573991747,0.006050843584329971,1.253259492839467,0.055827014897265936,0.05013037971357868
0.020918796353064054,9.0,25.0,4.999919419615975,0.28524055739901,0.006050843584329941,1.253259492839467,0.055827014897265714,0.05013037971357868
0.020948093228064055,9.0,25.0,4.999919419615975,0.2852405573991713,0.006050843584329971,1.253259492839467,0.055827014897265936,0.05013037971357868
0.020977390103064056,9.0,25.0,4.999919419615975,0.2852405573990134,0.006050843584329942,1.253259492839467,0.055827014897265714,0.05013037971357868
0.021006686978064057,9.0,25.0,4.999919419615975,0.2852405573991678,0.00605084358432997,1.253259492839467,0.055827014897265936,0.05013037971357868
0.021035983853064058,9.0,25.0,4.999919419615975,0.2852405573990168,0.006050843584329942,1.253259492839467,0.055827014897265714,0.05013037971357868
0.02106528072806406,9.0,25.0,4.999919419615975,0.28524055739916454,0.006050843584329969,1.253259492839467,0.055827014897265936,0.05013037971357868
0.02109457760306406,9.0,25.0,4.999919419615975,0.28524055739902,0.006050843584329943,1.253259492839467,0.055827014897265714,0.05013037971357868
0.02112387447806406,9.0,25.0,4.999919419615975,0.28524055739916143,0.006050843584329969,1.253259492839467,0.055827014897265936,0.05013037971357868
0.021153171353064062,9.0,25.0,4.999919419615975,0.28524055739902293,0.006050843584329944,1.253259492839467,0.055827014897265714,0.05013037971357868
0.021182468228064064,9.0,25.0,4.999919419615975,0.2852405573991586,0.006050843584329968,1.253259492839467,0.055827014897265936,0.05013037971357868
0.021211765103064065,9.0,25.0,4.999919419615975,0.28524055739902576,0.006050843584329944,1.253259492839467,0.055827014897265714,0.05013037971357868
0.021241061978064066,9.0,25.0,4.999919419615975,0.28524055739915577,0.006050843584329967,1.253259492839467,0.055827014897265936,0.05013037971357868
0.021270358853064067,9.0,25.0,4.999919419615975,0.28524055739902854,0.006050843584329945,1.253259492839467,0.055827014897265714,0.05013037971357868
0.021299655728064068,9.0,25.0,4.999919419615975,0.2852405573991531,0.006050843584329967,1.253259492839467,0.055827014897265936,0.05013037971357868
0.02132895260306407,9.0,25.0,4.999919419615975,0.28524055739903115,0.006050843584329945,1.253259492839467,0.055827014897265714,0.05013037971357868
0.02135824947806407,9.0,25.0,4.999919419615975,0.28524055739915055,0.0060508435843299666,1.253259492839467,0.055827014897265936,0.05013037971357868
0.02138754635306407,9.0,25.0,4.999919419615975,0.28524055739903365,0.006050843584329946,1.253259492839467,0.055827014897265714,0.05013037971357868
0.021416843228064072,9.0,25.0,4.999919419615975,0.2852405573991481,0.0060508435843299666,1.253259492839467,0.055827014897265936,0.05013037971357868
0.021446140103064074,9.0,25.0,4.999919419615975,0.2852405573990361,0.006050843584329946,1.253259492839467,0.055827014897265714,0.05013037971357868
0.021475436978064075,9.0,25.0,4.999919419615975,0.2852405573991457,0.006050843584329966,1.253259492839467,0.055827014897265936,0.05013037971357868
0.021504733853064076,9.0,25.0,4.999919419615975,0.2852405573990383,0.006050843584329947,1.253259492839467,0.055827014897265714,0.05013037971357868
0.021534030728064077,9.0,25.0,4.999919419615975,0.2852405573991435,0.006050843584329966,1.253259492839467,0.055827014897265936,0.05013037971357868
0.021563327603064078,9.0,25.0,4.999919419615975,0.28524055739904053,0.006050843584329947,1.253259492839467,0.055827014897265714,0.05013037971357868
0.02159262447806408,9.0,25.0,4.999919419615975,0.2852405573991414,0.006050843584329965,1.253259492839467,0.055827014897265936,0.05013037971357868
0.02162192135306408,9.0,25.0,4.999919419615975,0.28524055739904275,0.0060508435843299475,1.253259492839467,0.055827014897265714,0.05013037971357868
0.02165121822806408,9.0,25.0,4.999919419615975,0.2852405573991392,0.006050843584329965,1.253259492839467,0.055827014897265936,0.05013037971357868
0.021680515103064082,9.0,25.0,4.999919419615975,0.2852405573990448,0.0060508435843299475,1.253259492839467,0.055827014897265714,0.05013037971357868
0.021709811978064084,9.0,25.0,4.999919419615975,0.28524055739913723,0.006050843584329965,1.253259492839467,0.055827014897265936,0.05013037971357868
0.021739108853064085,9.0,25.0,4.999919419615975,0.28524055739904675,0.006050843584329948,1.253259492839467,0.055827014897265714,0.05013037971357868
0.021768405728064086,9.0,25.0,4.999919419615975,0.2852405573991353,0.006050843584329964,1.253259492839467,0.055827014897265936,0.05013037971357868
0.021797702603064087,9.0,25.0,4.999919419615975,0.2852405573990487,0.006050843584329948,1.253259492839467,0.055827014897265714,0.05013037971357868
0.021826999478064088,9.0,25.0,4.999919419615975,0.2852405573991334,0.006050843584329964,1.253259492839467,0.055827014897265936,0.05013037971357868
0.02185629635306409,9.0,25.0,4.999919419615975,0.28524055739905047,0.006050843584329948,1.253259492839467,0.055827014897265714,0.05013037971357868
0.02188559322806409,9.0,25.0,4.999919419615975,0.2852405573991315,0.006050843584329963,1.253259492839467,0.055827014897265936,0.05013037971357868
0.02191489010306409,9.0,25.0,4.999919419615975,0.2852405573990523,0.006050843584329949,1.253259492839467,0.055827014897265714,0.05013037971357868
0.021944186978064092,9.0,25.0,4.999919419615975,0.28524055739912985,0.006050843584329963,1.253259492839467,0.055827014897265936,0.05013037971357868
0.021973483853064094,9.0,25.0,4.999919419615975,0.28524055739905396,0.006050843584329949,1.253259492839467,0.055827014897265714,0.05013037971357868
0.022002780728064095,9.0,25.0,4.999919419615975,0.28524055739912824,0.006050843584329963,1.253259492839467,0.055827014897265936,0.05013037971357868
0.022032077603064096,9.0,25.0,4.999919419615975,0.2852405573990555,0.006050843584329949,1.253259492839467,0.055827014897265714,0.05013037971357868
0.022061374478064097,9.0,25.0,4.999919419615975,0.2852405573991266,0.006050843584329962,1.253259492839467,0.055827014897265936,0.05013037971357868
0.022090671353064098,9.0,25.0,4.999919419615975,0.285240557399057,0.00605084358432995,1.253259492839467,0.055827014897265714,0.05013037971357868
0.0221199682280641,9.0,25.0,4.999919419615975,0.2852405573991252,0.006050843584329962,1.253259492839467,0.055827014897265936,0.05013037971357868
0.0221492651030641,9.0,25.0,4.999919419615975,0.28524055739905857,0.00605084358432995,1.253259492839467,0.055827014897265714,0.05013037971357868
0.0221785619780641,9.0,25.0,4.999919419615975,0.28524055739912363,0.006050843584329962,1.253259492839467,0.055827014897265936,0.05013037971357868
0.022207858853064102,9.0,25.0,4.999919419615975,0.28524055739906007,0.00605084358432995,1.253259492839467,0.055827014897265714,0.05013037971357868
0.022237155728064104,9.0,25.0,4.999919419615975,0.2852405573991222,0.006050843584329961,1.253259492839467,0.055827014897265936,0.05013037971357868
0.022266452603064105,9.0,25.0,4.999919419615975,0.2852405573990614,0.006050843584329951,1.253259492839467,0.055827014897265714,0.05013037971357868
0.022295749478064106,9.0,25.0,4.999919419615975,0.2852405573991209,0.006050843584329961,1.253259492839467,0.055827014897265936,0.05013037971357868
0.022325046353064107,9.0,25.0,4.999919419615975,0.2852405573990627,0.006050843584329951,1.253259492839467,0.055827014897265714,0.05013037971357868
0.022354343228064108,9.0,25.0,4.999919419615975,0.2852405573991197,0.006050843584329961,1.253259492839467,0.055827014897265936,0.05013037971357868
0.02238364010306411,9.0,25.0,4.999919419615975,0.28524055739906384,0.006050843584329951,1.253259492839467,0.055827014897265714,0.05013037971357868
0.02241293697806411,9.0,25.0,4.999919419615975,0.28524055739911847,0.006050843584329961,1.253259492839467,0.055827014897265936,0.05013037971357868
0.02244223385306411,9.0,25.0,4.999919419615975,0.2852405573990651,0.006050843584329951,1.253259492839467,0.055827014897265714,0.05013037971357868
0.022471530728064112,9.0,25.0,4.999919419615975,0.2852405573991173,0.0060508435843299605,1.253259492839467,0.055827014897265936,0.05013037971357868
0.022500827603064114,9.0,25.0,4.999919419615975,0.2852405573990662,0.006050843584329952,1.253259492839467,0.055827014897265714,0.05013037971357868
0.022530124478064115,9.0,25.0,4.999919419615975,0.2852405573991162,0.0060508435843299605,1.253259492839467,0.055827014897265936,0.05013037971357868
0.022559421353064116,9.0,25.0,4.999919419615975,0.28524055739906723,0.006050843584329952,1.253259492839467,0.055827014897265714,0.05013037971357868
0.022588718228064117,9.0,25.0,4.999919419615975,0.28524055739911525,0.0060508435843299605,1.253259492839467,0.055827014897265936,0.05013037971357868
0.022618015103064118,9.0,25.0,4.999919419615975,0.2852405573990682,0.006050843584329952,1.253259492839467,0.055827014897265714,0.05013037971357868
0.02264731197806412,9.0,25.0,4.999919419615975,0.2852405573991143,0.0060508435843299605,1.253259492839467,0.055827014897265936,0.05013037971357868
0.02267660885306412,9.0,25.0,4.999919419615975,0.2852405573990692,0.006050843584329952,1.253259492839467,0.055827014897265714,0.05013037971357868
0.02270590572806412,9.0,25.0,4.999919419615975,0.28524055739911336,0.0060508435843299605,1.253259492839467,0.055827014897265936,0.05013037971357868
0.022735202603064122,9.0,25.0,4.999919419615975,0.28524055739907006,0.006050843584329953,1.253259492839467,0.055827014897265714,0.05013037971357868
0.022764499478064124,9.0,25.0,4.999919419615975,0.28524055739911247,0.00605084358432996,1.253259492839467,0.055827014897265936,0.05013037971357868
0.022793796353064125,9.0,25.0,4.999919419615975,0.28524055739907095,0.006050843584329953,1.253259492839467,0.055827014897265714,0.05013037971357868
0.022823093228064126,9.0,25.0,4.999919419615975,0.2852405573991115,0.00605084358432996,1.253259492839467,0.055827014897265936,0.05013037971357868
0.022852390103064127,9.0,25.0,4.999919419615975,0.28524055739907184,0.006050843584329953,1.253259492839467,0.055827014897265714,0.05013037971357868
0.022881686978064128,9.0,25.0,4.999919419615975,0.28524055739911075,0.00605084358432996,1.253259492839467,0.055827014897265936,0.05013037971357868
0.02291098385306413,9.0,25.0,4.999919419615975,0.28524055739907256,0.006050843584329953,1.253259492839467,0.055827014897265714,0.05013037971357868
0.02294028072806413,9.0,25.0,4.999919419615975,0.28524055739911003,0.00605084358432996,1.253259492839467,0.055827014897265936,0.05013037971357868
0.02296957760306413,9.0,25.0,4.999919419615975,0.2852405573990733,0.006050843584329953,1.253259492839467,0.055827014897265714,0.05013037971357868
0.022998874478064132,9.0,25.0,4.999919419615975,0.28524055739910925,0.00605084358432996,1.253259492839467,0.055827014897265936,0.05013037971357868
0.023028171353064134,9.0,25.0,4.999919419615975,0.28524055739907406,0.006050843584329953,1.253259492839467,0.055827014897265714,0.05013037971357868
0.023057468228064135,9.0,25.0,4.999919419615975,0.28524055739910853,0.00605084358432996,1.253259492839467,0.055827014897265936,0.05013037971357868
0.023086765103064136,9.0,25.0,4.999919419615975,0.2852405573990748,0.0060508435843299535,1.253259492839467,0.055827014897265714,0.05013037971357868
0.023116061978064137,9.0,25.0,4.999919419615975,0.28524055739910786,0.006050843584329959,1.253259492839467,0.055827014897265936,0.05013037971357868
0.023145358853064138,9.0,25.0,4.999919419615975,0.28524055739907533,0.0060508435843299535,1.253259492839467,0.055827014897265714,0.05013037971357868
0.02317465572806414,9.0,25.0,4.999919419615975,0.28524055739910725,0.006050843584329959,1.253259492839467,0.055827014897265936,0.05013037971357868
0.02320395260306414,9.0,25.0,4.999919419615975,0.285240557399076,0.0060508435843299535,1.253259492839467,0.055827014897265714,0.05013037971357868
0.02323324947806414,9.0,25.0,4.999919419615975,0.2852405573991067,0.006050843584329959,1.253259492839467,0.055827014897265936,0.05013037971357868
0.023262546353064142,9.0,25.0,4.999919419615975,0.2852405573990766,0.0060508435843299535,1.253259492839467,0.055827014897265714,0.05013037971357868
0.023291843228064144,9.0,25.0,4.999919419615975,0.2852405573991061,0.006050843584329959,1.253259492839467,0.055827014897265936,0.05013037971357868
0.023321140103064145,9.0,25.0,4.999919419615975,0.2852405573990772,0.0060508435843299535,1.253259492839467,0.055827014897265714,0.05013037971357868
0.023350436978064146,9.0,25.0,4.999919419615975,0.2852405573991055,0.006050843584329959,1.253259492839467,0.055827014897265936,0.05013037971357868
0.023379733853064147,9.0,25.0,4.999919419615975,0.2852405573990778,0.0060508435843299535,1.253259492839467,0.055827014897265714,0.05013037971357868
0.023409030728064148,9.0,25.0,4.999919419615975,0.2852405573991048,0.006050843584329959,1.253259492839467,0.055827014897265936,0.05013037971357868
0.02343832760306415,9.0,25.0,4.999919419615975,0.2852405573990784,0.0060508435843299535,1.253259492839467,0.055827014897265714,0.05013037971357868
0.02346762447806415,9.0,25.0,4.999919419615975,0.2852405573991043,0.006050843584329959,1.253259492839467,0.055827014897265936,0.05013037971357868
0.02349692135306415,9.0,25.0,4.999919419615975,0.285240557399079,0.0060508435843299535,1.253259492839467,0.055827014897265714,0.05013037971357868
0.023526218228064152,9.0,25.0,4.999919419615975,0.2852405573991037,0.006050843584329959,1.253259492839467,0.055827014897265936,0.05013037971357868
0.023555515103064154,9.0,25.0,4.999919419615975,0.28524055739907955,0.006050843584329954,1.253259492839467,0.055827014897265714,0.05013037971357868
0.023584811978064155,9.0,25.0,4.999919419615975,0.2852405573991031,0.006050843584329958,1.253259492839467,0.055827014897265936,0.05013037971357868
0.023614108853064156,9.0,25.0,4.999919419615975,0.28524055739908016,0.006050843584329954,1.253259492839467,0.055827014897265714,0.05013037971357868
0.023643405728064157,9.0,25.0,4.999919419615975,0.2852405573991025,0.006050843584329958,1.253259492839467,0.055827014897265936,0.05013037971357868
0.023672702603064158,9.0,25.0,4.999919419615975,0.28524055739908066,0.006050843584329954,1.253259492839467,0.055827014897265714,0.05013037971357868
0.02370199947806416,9.0,25.0,4.999919419615975,0.28524055739910215,0.006050843584329958,1.253259492839467,0.055827014897265936,0.05013037971357868
0.02373129635306416,9.0,25.0,4.999919419615975,0.28524055739908105,0.006050843584329954,1.253259492839467,0.055827014897265714,0.05013037971357868
0.02376059322806416,9.0,25.0,4.999919419615975,0.28524055739910176,0.006050843584329958,1.253259492839467,0.055827014897265936,0.05013037971357868
0.023789890103064162,9.0,25.0,4.999919419615975,0.28524055739908144,0.006050843584329954,1.253259492839467,0.055827014897265714,0.05013037971357868
0.023819186978064164,9.0,25.0,4.999919419615975,0.28524055739910137,0.006050843584329958,1.253259492839467,0.055827014897265936,0.05013037971357868
0.023848483853064165,9.0,25.0,4.999919419615975,0.2852405573990818,0.006050843584329954,1.253259492839467,0.055827014897265714,0.05013037971357868
0.023877780728064166,9.0,25.0,4.999919419615975,0.2852405573991009,0.006050843584329958,1.253259492839467,0.055827014897265936,0.05013037971357868
0.023907077603064167,9.0,25.0,4.999919419615975,0.2852405573990822,0.006050843584329954,1.253259492839467,0.055827014897265714,0.05013037971357868
0.023936374478064168,9.0,25.0,4.999919419615975,0.28524055739910054,0.006050843584329958,1.253259492839467,0.055827014897265936,0.05013037971357868
0.02396567135306417,9.0,25.0,4.999919419615975,0.28524055739908266,0.006050843584329954,1.253259492839467,0.055827014897265714,0.05013037971357868
0.02399496822806417,9.0,25.0,4.999919419615975,0.2852405573991001,0.006050843584329958,1.253259492839467,0.055827014897265936,0.05013037971357868
0.02402426510306417,9.0,25.0,4.999919419615975,0.28524055739908305,0.006050843584329954,1.253259492839467,0.055827014897265714,0.05013037971357868
0.024053561978064172,9.0,25.0,4.999919419615975,0.28524055739909976,0.006050843584329958,1.253259492839467,0.055827014897265936,0.05013037971357868
0.024082858853064174,9.0,25.0,4.999919419615975,0.28524055739908344,0.006050843584329954,1.253259492839467,0.055827014897265714,0.05013037971357868
0.024112155728064175,9.0,25.0,4.999919419615975,0.28524055739909937,0.006050843584329958,1.253259492839467,0.055827014897265936,0.05013037971357868
0.024141452603064176,9.0,25.0,4.999919419615975,0.28524055739908377,0.006050843584329954,1.253259492839467,0.055827014897265714,0.05013037971357868
0.024170749478064177,9.0,25.0,4.999919419615975,0.2852405573990991,0.006050843584329958,1.253259492839467,0.055827014897265936,0.05013037971357868
0.024200046353064178,9.0,25.0,4.999919419615975,0.285240557399084,0.006050843584329954,1.253259492839467,0.055827014897265714,0.05013037971357868
0.02422934322806418,9.0,25.0,4.999919419615975,0.28524055739909876,0.006050843584329958,1.253259492839467,0.055827014897265936,0.05013037971357868
0.02425864010306418,9.0,25.0,4.999919419615975,0.2852405573990843,0.006050843584329954,1.253259492839467,0.055827014897265714,0.05013037971357868
0.02428793697806418,9.0,25.0,4.999919419615975,0.2852405573990985,0.006050843584329957,1.253259492839467,0.055827014897265936,0.05013037971357868
0.024317233853064182,9.0,25.0,4.999919419615975,0.2852405573990846,0.006050843584329955,1.253259492839467,0.055827014897265714,0.05013037971357868
0.024346530728064184,9.0,25.0,4.999919419615975,0.2852405573990981,0.006050843584329957,1.253259492839467,0.055827014897265936,0.05013037971357868
0.024375827603064185,9.0,25.0,4.999919419615975,0.28524055739908494,0.006050843584329955,1.253259492839467,0.055827014897265714,0.05013037971357868
0.024405124478064186,9.0,25.0,4.999919419615975,0.28524055739909787,0.006050843584329957,1.253259492839467,0.055827014897265936,0.05013037971357868
0.024434421353064187,9.0,25.0,4.999919419615975,0.28524055739908516,0.006050843584329955,1.253259492839467,0.055827014897265714,0.05013037971357868
0.024463718228064188,9.0,25.0,4.999919419615975,0.28524055739909765,0.006050843584329957,1.253259492839467,0.055827014897265936,0.05013037971357868
0.02449301510306419,9.0,25.0,4.999919419615975,0.2852405573990854,0.006050843584329955,1.253259492839467,0.055827014897265714,0.05013037971357868
0.02452231197806419,9.0,25.0,4.999919419615975,0.28524055739909754,0.006050843584329957,1.253259492839467,0.055827014897265936,0.05013037971357868
0.02455160885306419,9.0,25.0,4.999919419615975,0.2852405573990856,0.006050843584329955,1.253259492839467,0.055827014897265714,0.05013037971357868
0.024580905728064192,9.0,25.0,4.999919419615975,0.2852405573990973,0.006050843584329957,1.253259492839467,0.055827014897265936,0.05013037971357868
0.024610202603064193,9.0,25.0,4.999919419615975,0.28524055739908577,0.006050843584329955,1.253259492839467,0.055827014897265714,0.05013037971357868
0.024639499478064195,9.0,25.0,4.999919419615975,0.28524055739909715,0.006050843584329957,1.253259492839467,0.055827014897265936,0.05013037971357868
0.024668796353064196,9.0,25.0,4.999919419615975,0.285240557399086,0.006050843584329955,1.253259492839467,0.055827014897265714,0.05013037971357868
0.024698093228064197,9.0,25.0,4.999919419615975,0.28524055739909693,0.006050843584329957,1.253259492839467,0.055827014897265936,0.05013037971357868
0.024727390103064198,9.0,25.0,4.999919419615975,0.2852405573990862,0.006050843584329955,1.253259492839467,0.055827014897265714,0.05013037971357868
0.0247566869780642,9.0,25.0,4.999919419615975,0.2852405573990967,0.006050843584329957,1.253259492839467,0.055827014897265936,0.05013037971357868
0.0247859838530642,9.0,25.0,4.999919419615975,0.2852405573990863,0.006050843584329955,1.253259492839467,0.055827014897265714,0.05013037971357868
0.0248152807280642,9.0,25.0,4.999919419615975,0.2852405573990965,0.006050843584329957,1.253259492839467,0.055827014897265936,0.05013037971357868
0.024844577603064202,9.0,25.0,4.999919419615975,0.28524055739908655,0.006050843584329955,1.253259492839467,0.055827014897265714,0.05013037971357868
0.024873874478064203,9.0,25.0,4.999919419615975,0.28524055739909626,0.006050843584329957,1.253259492839467,0.055827014897265936,0.05013037971357868
0.024903171353064205,9.0,25.0,4.999919419615975,0.28524055739908677,0.006050843584329955,1.253259492839467,0.055827014897265714,0.05013037971357868
0.024932468228064206,9.0,25.0,4.999919419615975,0.2852405573990961,0.006050843584329957,1.253259492839467,0.055827014897265936,0.05013037971357868
0.024961765103064207,9.0,25.0,4.999919419615975,0.285240557399087,0.006050843584329955,1.253259492839467,0.055827014897265714,0.05013037971357868
0.024991061978064208,9.0,25.0,4.999919419615975,0.2852405573990959,0.006050843584329957,1.253259492839467,0.055827014897265936,0.05013037971357868
0.02502035885306421,9.0,25.0,4.999919419615975,0.28524055739908716,0.006050843584329955,1.253259492839467,0.055827014897265714,0.05013037971357868
0.02504965572806421,9.0,25.0,4.999919419615975,0.28524055739909576,0.006050843584329957,1.253259492839467,0.055827014897265936,0.05013037971357868
0.02507895260306421,9.0,25.0,4.999919419615975,0.2852405573990872,0.006050843584329955,1.253259492839467,0.055827014897265714,0.05013037971357868
0.025108249478064212,9.0,25.0,4.999919419615975,0.28524055739909565,0.006050843584329957,1.253259492839467,0.055827014897265936,0.05013037971357868
0.025137546353064213,9.0,25.0,4.999919419615975,0.2852405573990874,0.006050843584329955,1.253259492839467,0.055827014897265714,0.05013037971357868
0.025166843228064215,9.0,25.0,4.999919419615975,0.2852405573990955,0.006050843584329957,1.253259492839467,0.055827014897265936,0.05013037971357868
0.025196140103064216,9.0,25.0,4.999919419615975,0.28524055739908755,0.006050843584329955,1.253259492839467,0.055827014897265714,0.05013037971357868
0.025225436978064217,9.0,25.0,4.999919419615975,0.28524055739909543,0.006050843584329957,1.253259492839467,0.055827014897265936,0.05013037971357868
0.025254733853064218,9.0,25.0,4.999919419615975,0.2852405573990876,0.006050843584329955,1.253259492839467,0.055827014897265714,0.05013037971357868
0.02528403072806422,9.0,25.0,4.999919419615975,0.2852405573990953,0.006050843584329957,1.253259492839467,0.055827014897265936,0.05013037971357868
0.02531332760306422,9.0,25.0,4.999919419615975,0.28524055739908777,0.006050843584329955,1.253259492839467,0.055827014897265714,0.05013037971357868
0.02534262447806422,9.0,25.0,4.999919419615975,0.28524055739909515,0.006050843584329957,1.253259492839467,0.055827014897265936,0.05013037971357868
0.025371921353064222,9.0,25.0,4.999919419615975,0.285240557399088,0.006050843584329955,1.253259492839467,0.055827014897265714,0.05013037971357868
0.025401218228064223,9.0,25.0,4.999919419615975,0.28524055739909493,0.006050843584329957,1.253259492839467,0.055827014897265936,0.05013037971357868
0.025430515103064225,9.0,25.0,4.999919419615975,0.28524055739908816,0.006050843584329955,1.253259492839467,0.055827014897265714,0.05013037971357868
0.025459811978064226,9.0,25.0,4.999919419615975,0.2852405573990948,0.006050843584329957,1.253259492839467,0.055827014897265936,0.05013037971357868
0.025489108853064227,9.0,25.0,4.999919419615975,0.2852405573990882,0.006050843584329955,1.253259492839467,0.055827014897265714,0.05013037971357868
0.025518405728064228,9.0,25.0,4.999919419615975,0.2852405573990947,0.006050843584329957,1.253259492839467,0.055827014897265936,0.05013037971357868
0.02554770260306423,9.0,25.0,4.999919419615975,0.2852405573990884,0.006050843584329955,1.253259492839467,0.055827014897265714,0.05013037971357868
0.02557699947806423,9.0,25.0,4.999919419615975,0.28524055739909454,0.006050843584329957,1.253259492839467,0.055827014897265936,0.05013037971357868
0.02560629635306423,9.0,25.0,4.999919419615975,0.28524055739908855,0.006050843584329955,1.253259492839467,0.055827014897265714,0.05013037971357868
0.025635593228064232,9.0,25.0,4.999919419615975,0.28524055739909443,0.006050843584329957,1.253259492839467,0.055827014897265936,0.05013037971357868
0.025664890103064233,9.0,25.0,4.999919419615975,0.28524055739908855,0.006050843584329955,1.253259492839467,0.055827014897265714,0.05013037971357868
0.025694186978064235,9.0,25.0,4.999919419615975,0.2852405573990943,0.006050843584329957,1.253259492839467,0.055827014897265936,0.05013037971357868
0.025723483853064236,9.0,25.0,4.999919419615975,0.2852405573990887,0.006050843584329955,1.253259492839467,0.055827014897265714,0.05013037971357868
0.025752780728064237,9.0,25.0,4.999919419615975,0.2852405573990941,0.006050843584329957,1.253259492839467,0.055827014897265936,0.05013037971357868
0.025782077603064238,9.0,25.0,4.999919419615975,0.28524055739908893,0.006050843584329955,1.253259492839467,0.055827014897265714,0.05013037971357868
0.02581137447806424,9.0,25.0,4.999919419615975,0.28524055739909393,0.006050843584329957,1.253259492839467,0.055827014897265936,0.05013037971357868
0.02584067135306424,9.0,25.0,4.999919419615975,0.2852405573990891,0.006050843584329956,1.253259492839467,0.055827014897265714,0.05013037971357868
0.02586996822806424,9.0,25.0,4.999919419615975,0.2852405573990937,0.006050843584329956,1.253259492839467,0.055827014897265936,0.05013037971357868
0.025899265103064242,9.0,25.0,4.999919419615975,0.2852405573990894,0.006050843584329956,1.253259492839467,0.055827014897265714,0.05013037971357868
0.025928561978064243,9.0,25.0,4.999919419615975,0.28524055739909354,0.006050843584329956,1.253259492839467,0.055827014897265936,0.05013037971357868
0.025957858853064245,9.0,25.0,4.999919419615975,0.2852405573990894,0.006050843584329956,1.253259492839467,0.055827014897265714,0.05013037971357868
0.025987155728064246,9.0,25.0,4.999919419615975,0.28524055739909354,0.006050843584329956,1.253259492839467,0.055827014897265936,0.05013037971357868
0.026016452603064247,9.0,25.0,4.999919419615975,0.2852405573990894,0.006050843584329956,1.253259492839467,0.055827014897265714,0.05013037971357868
0.026045749478064248,9.0,25.0,4.999919419615975,0.28524055739909354,0.006050843584329956,1.253259492839467,0.055827014897265936,0.05013037971357868
0.02607504635306425,9.0,25.0,4.999919419615975,0.2852405573990894,0.006050843584329956,1.253259492839467,0.055827014897265714,0.05013037971357868
0.02610434322806425,9.0,25.0,4.999919419615975,0.28524055739909354,0.006050843584329956,1.253259492839467,0.055827014897265936,0.05013037971357868
0.02613364010306425,9.0,25.0,4.999919419615975,0.2852405573990894,0.006050843584329956,1.253259492839467,0.055827014897265714,0.05013037971357868
0.026162936978064252,9.0,25.0,4.999919419615975,0.28524055739909354,0.006050843584329956,1.253259492839467,0.055827014897265936,0.05013037971357868
0.026192233853064253,9.0,25.0,4.999919419615975,0.2852405573990894,0.006050843584329956,1.253259492839467,0.055827014897265714,0.05013037971357868
0.026221530728064255,9.0,25.0,4.999919419615975,0.28524055739909354,0.006050843584329956,1.253259492839467,0.055827014897265936,0.05013037971357868
0.026250827603064256,9.0,25.0,4.999919419615975,0.2852405573990894,0.006050843584329956,1.253259492839467,0.055827014897265714,0.05013037971357868
0.026280124478064257,9.0,25.0,4.999919419615975,0.28524055739909354,0.006050843584329956,1.253259492839467,0.055827014897265936,0.05013037971357868
0.026309421353064258,9.0,25.0,4.999919419615975,0.2852405573990894,0.006050843584329956,1.253259492839467,0.055827014897265714,0.05013037971357868
0.02633871822806426,9.0,25.0,4.999919419615975,0.28524055739909354,0.006050843584329956,1.253259492839467,0.055827014897265936,0.05013037971357868
0.02636801510306426,9.0,25.0,4.999919419615975,0.2852405573990894,0.006050843584329956,1.253259492839467,0.055827014897265714,0.05013037971357868
0.02639731197806426,9.0,25.0,4.999919419615975,0.28524055739909354,0.006050843584329956,1.253259492839467,0.055827014897265936,0.05013037971357868
0.026426608853064262,9.0,25.0,4.999919419615975,0.2852405573990894,0.006050843584329956,1.253259492839467,0.055827014897265714,0.05013037971357868
0.026455905728064263,9.0,25.0,4.999919419615975,0.28524055739909354,0.006050843584329956,1.253259492839467,0.055827014897265936,0.05013037971357868
0.026485202603064265,9.0,25.0,4.999919419615975,0.2852405573990894,0.006050843584329956,1.253259492839467,0.055827014897265714,0.05013037971357868
0.026514499478064266,9.0,25.0,4.999919419615975,0.28524055739909354,0.006050843584329956,1.253259492839467,0.055827014897265936,0.05013037971357868
0.026543796353064267,9.0,25.0,4.999919419615975,0.2852405573990894,0.006050843584329956,1.253259492839467,0.055827014897265714,0.05013037971357868
0.026573093228064268,9.0,25.0,4.999919419615975,0.28524055739909354,0.006050843584329956,1.253259492839467,0.055827014897265936,0.05013037971357868
0.02660239010306427,9.0,25.0,4.999919419615975,0.2852405573990894,0.006050843584329956,1.253259492839467,0.055827014897265714,0.05013037971357868
0.02663168697806427,9.0,25.0,4.999919419615975,0.28524055739909354,0.006050843584329956,1.253259492839467,0.055827014897265936,0.05013037971357868
0.02666098385306427,9.0,25.0,4.999919419615975,0.2852405573990894,0.006050843584329956,1.253259492839467,0.055827014897265714,0.05013037971357868
0.026690280728064272,9.0,25.0,4.999919419615975,0.28524055739909354,0.006050843584329956,1.253259492839467,0.055827014897265936,0.05013037971357868
0.026719577603064273,9.0,25.0,4.999919419615975,0.2852405573990894,0.006050843584329956,1.253259492839467,0.055827014897265714,0.05013037971357868
0.026748874478064275,9.0,25.0,4.999919419615975,0.28524055739909354,0.006050843584329956,1.253259492839467,0.055827014897265936,0.05013037971357868
0.026778171353064276,9.0,25.0,4.999919419615975,0.2852405573990894,0.006050843584329956,1.253259492839467,0.055827014897265714,0.05013037971357868
0.026807468228064277,9.0,25.0,4.999919419615975,0.28524055739909354,0.006050843584329956,1.253259492839467,0.055827014897265936,0.05013037971357868
0.026836765103064278,9.0,25.0,4.999919419615975,0.2852405573990894,0.006050843584329956,1.253259492839467,0.055827014897265714,0.05013037971357868
0.02686606197806428,9.0,25.0,4.999919419615975,0.28524055739909354,0.006050843584329956,1.253259492839467,0.055827014897265936,0.05013037971357868
0.02689535885306428,9.0,25.0,4.999919419615975,0.2852405573990894,0.006050843584329956,1.253259492839467,0.055827014897265714,0.05013037971357868
0.02692465572806428,9.0,25.0,4.999919419615975,0.28524055739909354,0.006050843584329956,1.253259492839467,0.055827014897265936,0.05013037971357868
0.026953952603064282,9.0,25.0,4.999919419615975,0.2852405573990894,0.006050843584329956,1.253259492839467,0.055827014897265714,0.05013037971357868
0.026983249478064283,9.0,25.0,4.999919419615975,0.28524055739909354,0.006050843584329956,1.253259492839467,0.055827014897265936,0.05013037971357868
0.027012546353064285,9.0,25.0,4.999919419615975,0.2852405573990894,0.006050843584329956,1.253259492839467,0.055827014897265714,0.05013037971357868
0.027041843228064286,9.0,25.0,4.999919419615975,0.28524055739909354,0.006050843584329956,1.253259492839467,0.055827014897265936,0.05013037971357868
0.027071140103064287,9.0,25.0,4.999919419615975,0.2852405573990894,0.006050843584329956,1.253259492839467,0.055827014897265714,0.05013037971357868
0.027100436978064288,9.0,25.0,4.999919419615975,0.28524055739909354,0.006050843584329956,1.253259492839467,0.055827014897265936,0.05013037971357868
0.02712973385306429,9.0,25.0,4.999919419615975,0.2852405573990894,0.006050843584329956,1.253259492839467,0.055827014897265714,0.05013037971357868
0.02715903072806429,9.0,25.0,4.999919419615975,0.28524055739909354,0.006050843584329956,1.253259492839467,0.055827014897265936,0.05013037971357868
0.02718832760306429,9.0,25.0,4.999919419615975,0.2852405573990894,0.006050843584329956,1.253259492839467,0.055827014897265714,0.05013037971357868
0.027217624478064292,9.0,25.0,4.999919419615975,0.28524055739909354,0.006050843584329956,1.253259492839467,0.055827014897265936,0.05013037971357868
0.027246921353064293,9.0,25.0,4.999919419615975,0.2852405573990894,0.006050843584329956,1.253259492839467,0.055827014897265714,0.05013037971357868
0.027276218228064295,9.0,25.0,4.999919419615975,0.28524055739909354,0.006050843584329956,1.253259492839467,0.055827014897265936,0.05013037971357868
0.027305515103064296,9.0,25.0,4.999919419615975,0.2852405573990894,0.006050843584329956,1.253259492839467,0.055827014897265714,0.05013037971357868
0.027334811978064297,9.0,25.0,4.999919419615975,0.28524055739909354,0.006050843584329956,1.253259492839467,0.055827014897265936,0.05013037971357868
0.027364108853064298,9.0,25.0,4.999919419615975,0.2852405573990894,0.006050843584329956,1.253259492839467,0.055827014897265714,0.05013037971357868
0.0273934057280643,9.0,25.0,4.999919419615975,0.28524055739909354,0.006050843584329956,1.253259492839467,0.055827014897265936,0.05013037971357868
0.0274227026030643,9.0,25.0,4.999919419615975,0.2852405573990894,0.006050843584329956,1.253259492839467,0.055827014897265714,0.05013037971357868
0.0274519994780643,9.0,25.0,4.999919419615975,0.28524055739909354,0.006050843584329956,1.253259492839467,0.055827014897265936,0.05013037971357868
0.027481296353064302,9.0,25.0,4.999919419615975,0.2852405573990894,0.006050843584329956,1.253259492839467,0.055827014897265714,0.05013037971357868
0.027510593228064303,9.0,25.0,4.999919419615975,0.28524055739909354,0.006050843584329956,1.253259492839467,0.055827014897265936,0.05013037971357868
0.027539890103064305,9.0,25.0,4.999919419615975,0.2852405573990894,0.006050843584329956,1.253259492839467,0.055827014897265714,0.05013037971357868
0.027569186978064306,9.0,25.0,4.999919419615975,0.28524055739909354,0.006050843584329956,1.253259492839467,0.055827014897265936,0.05013037971357868
0.027598483853064307,9.0,25.0,4.999919419615975,0.2852405573990894,0.006050843584329956,1.253259492839467,0.055827014897265714,0.05013037971357868
0.027627780728064308,9.0,25.0,4.999919419615975,0.28524055739909354,0.006050843584329956,1.253259492839467,0.055827014897265936,0.05013037971357868
0.02765707760306431,9.0,25.0,4.999919419615975,0.2852405573990894,0.006050843584329956,1.253259492839467,0.055827014897265714,0.05013037971357868
0.02768637447806431,9.0,25.0,4.999919419615975,0.28524055739909354,0.006050843584329956,1.253259492839467,0.055827014897265936,0.05013037971357868
0.02771567135306431,9.0,25.0,4.999919419615975,0.2852405573990894,0.006050843584329956,1.253259492839467,0.055827014897265714,0.05013037971357868
0.027744968228064312,9.0,25.0,4.999919419615975,0.28524055739909354,0.006050843584329956,1.253259492839467,0.055827014897265936,0.05013037971357868
0.027774265103064313,9.0,25.0,4.999919419615975,0.2852405573990894,0.006050843584329956,1.253259492839467,0.055827014897265714,0.05013037971357868
0.027803561978064315,9.0,25.0,4.999919419615975,0.28524055739909354,0.006050843584329956,1.253259492839467,0.055827014897265936,0.05013037971357868
0.027832858853064316,9.0,25.0,4.999919419615975,0.2852405573990894,0.006050843584329956,1.253259492839467,0.055827014897265714,0.05013037971357868
0.027862155728064317,9.0,25.0,4.999919419615975,0.28524055739909354,0.006050843584329956,1.253259492839467,0.055827014897265936,0.05013037971357868
0.027891452603064318,9.0,25.0,4.999919419615975,0.2852405573990894,0.006050843584329956,1.253259492839467,0.055827014897265714,0.05013037971357868
0.02792074947806432,9.0,25.0,4.999919419615975,0.28524055739909354,0.006050843584329956,1.253259492839467,0.055827014897265936,0.05013037971357868
0.02795004635306432,9.0,25.0,4.999919419615975,0.2852405573990894,0.006050843584329956,1.253259492839467,0.055827014897265714,0.05013037971357868
0.02797934322806432,9.0,25.0,4.999919419615975,0.28524055739909354,0.006050843584329956,1.253259492839467,0.055827014897265936,0.05013037971357868
0.028008640103064322,9.0,25.0,4.999919419615975,0.2852405573990894,0.006050843584329956,1.253259492839467,0.055827014897265714,0.05013037971357868
0.028037936978064323,9.0,25.0,4.999919419615975,0.28524055739909354,0.006050843584329956,1.253259492839467,0.055827014897265936,0.05013037971357868
0.028067233853064325,9.0,25.0,4.999919419615975,0.2852405573990894,0.006050843584329956,1.253259492839467,0.055827014897265714,0.05013037971357868
0.028096530728064326,9.0,25.0,4.999919419615975,0.28524055739909354,0.006050843584329956,1.253259492839467,0.055827014897265936,0.05013037971357868
0.028125827603064327,9.0,25.0,4.999919419615975,0.2852405573990894,0.006050843584329956,1.253259492839467,0.055827014897265714,0.05013037971357868
0.028155124478064328,9.0,25.0,4.999919419615975,0.28524055739909354,0.006050843584329956,1.253259492839467,0.055827014897265936,0.05013037971357868
0.02818442135306433,9.0,25.0,4.999919419615975,0.2852405573990894,0.006050843584329956,1.253259492839467,0.055827014897265714,0.05013037971357868
0.02821371822806433,9.0,25.0,4.999919419615975,0.28524055739909354,0.006050843584329956,1.253259492839467,0.055827014897265936,0.05013037971357868
0.02824301510306433,9.0,25.0,4.999919419615975,0.2852405573990894,0.006050843584329956,1.253259492839467,0.055827014897265714,0.05013037971357868
0.028272311978064332,9.0,25.0,4.999919419615975,0.28524055739909354,0.006050843584329956,1.253259492839467,0.055827014897265936,0.05013037971357868
0.028301608853064333,9.0,25.0,4.999919419615975,0.2852405573990894,0.006050843584329956,1.253259492839467,0.055827014897265714,0.05013037971357868
0.028330905728064334,9.0,25.0,4.999919419615975,0.28524055739909354,0.006050843584329956,1.253259492839467,0.055827014897265936,0.05013037971357868
0.028360202603064336,9.0,25.0,4.999919419615975,0.2852405573990894,0.006050843584329956,1.253259492839467,0.055827014897265714,0.05013037971357868
0.028389499478064337,9.0,25.0,4.999919419615975,0.28524055739909354,0.006050843584329956,1.253259492839467,0.055827014897265936,0.05013037971357868
0.028418796353064338,9.0,25.0,4.999919419615975,0.2852405573990894,0.006050843584329956,1.253259492839467,0.055827014897265714,0.05013037971357868
0.02844809322806434,9.0,25.0,4.999919419615975,0.28524055739909354,0.006050843584329956,1.253259492839467,0.055827014897265936,0.05013037971357868
0.02847739010306434,9.0,25.0,4.999919419615975,0.2852405573990894,0.006050843584329956,1.253259492839467,0.055827014897265714,0.05013037971357868
0.02850668697806434,9.0,25.0,4.999919419615975,0.28524055739909354,0.006050843584329956,1.253259492839467,0.055827014897265936,0.05013037971357868
0.028535983853064342,9.0,25.0,4.999919419615975,0.2852405573990894,0.006050843584329956,1.253259492839467,0.055827014897265714,0.05013037971357868
0.028565280728064343,9.0,25.0,4.999919419615975,0.28524055739909354,0.006050843584329956,1.253259492839467,0.055827014897265936,0.05013037971357868
0.028594577603064344,9.0,25.0,4.999919419615975,0.2852405573990894,0.006050843584329956,1.253259492839467,0.055827014897265714,0.05013037971357868
0.028623874478064346,9.0,25.0,4.999919419615975,0.28524055739909354,0.006050843584329956,1.253259492839467,0.055827014897265936,0.05013037971357868
0.028653171353064347,9.0,25.0,4.999919419615975,0.2852405573990894,0.006050843584329956,1.253259492839467,0.055827014897265714,0.05013037971357868
0.028682468228064348,9.0,25.0,4.999919419615975,0.28524055739909354,0.006050843584329956,1.253259492839467,0.055827014897265936,0.05013037971357868
0.02871176510306435,9.0,25.0,4.999919419615975,0.2852405573990894,0.006050843584329956,1.253259492839467,0.055827014897265714,0.05013037971357868
0.02874106197806435,9.0,25.0,4.999919419615975,0.28524055739909354,0.006050843584329956,1.253259492839467,0.055827014897265936,0.05013037971357868
0.02877035885306435,9.0,25.0,4.999919419615975,0.2852405573990894,0.006050843584329956,1.253259492839467,0.055827014897265714,0.05013037971357868
0.028799655728064352,9.0,25.0,4.999919419615975,0.28524055739909354,0.006050843584329956,1.253259492839467,0.055827014897265936,0.05013037971357868
0.028828952603064353,9.0,25.0,4.999919419615975,0.2852405573990894,0.006050843584329956,1.253259492839467,0.055827014897265714,0.05013037971357868
0.028858249478064354,9.0,25.0,4.999919419615975,0.28524055739909354,0.006050843584329956,1.253259492839467,0.055827014897265936,0.05013037971357868
0.028887546353064356,9.0,25.0,4.999919419615975,0.2852405573990894,0.006050843584329956,1.253259492839467,0.055827014897265714,0.05013037971357868
0.028916843228064357,9.0,25.0,4.999919419615975,0.28524055739909354,0.006050843584329956,1.253259492839467,0.055827014897265936,0.05013037971357868
0.028946140103064358,9.0,25.0,4.999919419615975,0.2852405573990894,0.006050843584329956,1.253259492839467,0.055827014897265714,0.05013037971357868
0.02897543697806436,9.0,25.0,4.999919419615975,0.28524055739909354,0.006050843584329956,1.253259492839467,0.055827014897265936,0.05013037971357868
0.02900473385306436,9.0,25.0,4.999919419615975,0.2852405573990894,0.006050843584329956,1.253259492839467,0.055827014897265714,0.05013037971357868
0.02903403072806436,9.0,25.0,4.999919419615975,0.28524055739909354,0.006050843584329956,1.253259492839467,0.055827014897265936,0.05013037971357868
0.029063327603064362,9.0,25.0,4.999919419615975,0.2852405573990894,0.006050843584329956,1.253259492839467,0.055827014897265714,0.05013037971357868
0.029092624478064363,9.0,25.0,4.999919419615975,0.28524055739909354,0.006050843584329956,1.253259492839467,0.055827014897265936,0.05013037971357868
0.029121921353064364,9.0,25.0,4.999919419615975,0.2852405573990894,0.006050843584329956,1.253259492839467,0.055827014897265714,0.05013037971357868
0.029151218228064366,9.0,25.0,4.999919419615975,0.28524055739909354,0.006050843584329956,1.253259492839467,0.055827014897265936,0.05013037971357868
0.029180515103064367,9.0,25.0,4.999919419615975,0.2852405573990894,0.006050843584329956,1.253259492839467,0.055827014897265714,0.05013037971357868
0.029209811978064368,9.0,25.0,4.999919419615975,0.28524055739909354,0.006050843584329956,1.253259492839467,0.055827014897265936,0.05013037971357868
0.02923910885306437,9.0,25.0,4.999919419615975,0.2852405573990894,0.006050843584329956,1.253259492839467,0.055827014897265714,0.05013037971357868
0.02926840572806437,9.0,25.0,4.999919419615975,0.28524055739909354,0.006050843584329956,1.253259492839467,0.055827014897265936,0.05013037971357868
0.02929770260306437,9.0,25.0,4.999919419615975,0.2852405573990894,0.006050843584329956,1.253259492839467,0.055827014897265714,0.05013037971357868
0.029326999478064372,9.0,25.0,4.999919419615975,0.28524055739909354,0.006050843584329956,1.253259492839467,0.055827014897265936,0.05013037971357868
0.029356296353064373,9.0,25.0,4.999919419615975,0.2852405573990894,0.006050843584329956,1.253259492839467,0.055827014897265714,0.05013037971357868
0.029385593228064374,9.0,25.0,4.999919419615975,0.28524055739909354,0.006050843584329956,1.253259492839467,0.055827014897265936,0.05013037971357868
0.029414890103064376,9.0,25.0,4.999919419615975,0.2852405573990894,0.006050843584329956,1.253259492839467,0.055827014897265714,0.05013037971357868
0.029444186978064377,9.0,25.0,4.999919419615975,0.28524055739909354,0.006050843584329956,1.253259492839467,0.055827014897265936,0.05013037971357868
0.029473483853064378,9.0,25.0,4.999919419615975,0.2852405573990894,0.006050843584329956,1.253259492839467,0.055827014897265714,0.05013037971357868
0.02950278072806438,9.0,25.0,4.999919419615975,0.28524055739909354,0.006050843584329956,1.253259492839467,0.055827014897265936,0.05013037971357868
0.02953207760306438,9.0,25.0,4.999919419615975,0.2852405573990894,0.006050843584329956,1.253259492839467,0.055827014897265714,0.05013037971357868
0.02956137447806438,9.0,25.0,4.999919419615975,0.28524055739909354,0.006050843584329956,1.253259492839467,0.055827014897265936,0.05013037971357868
0.029590671353064382,9.0,25.0,4.999919419615975,0.2852405573990894,0.006050843584329956,1.253259492839467,0.055827014897265714,0.05013037971357868
0.029619968228064383,9.0,25.0,4.999919419615975,0.28524055739909354,0.006050843584329956,1.253259492839467,0.055827014897265936,0.05013037971357868
0.029649265103064384,9.0,25.0,4.999919419615975,0.2852405573990894,0.006050843584329956,1.253259492839467,0.055827014897265714,0.05013037971357868
0.029678561978064386,9.0,25.0,4.999919419615975,0.28524055739909354,0.006050843584329956,1.253259492839467,0.055827014897265936,0.05013037971357868
0.029707858853064387,9.0,25.0,4.999919419615975,0.2852405573990894,0.006050843584329956,1.253259492839467,0.055827014897265714,0.05013037971357868
0.029737155728064388,9.0,25.0,4.999919419615975,0.28524055739909354,0.006050843584329956,1.253259492839467,0.055827014897265936,0.05013037971357868
0.02976645260306439,9.0,25.0,4.999919419615975,0.2852405573990894,0.006050843584329956,1.253259492839467,0.055827014897265714,0.05013037971357868
0.02979574947806439,9.0,25.0,4.999919419615975,0.28524055739909354,0.006050843584329956,1.253259492839467,0.055827014897265936,0.05013037971357868
0.02982504635306439,9.0,25.0,4.999919419615975,0.2852405573990894,0.006050843584329956,1.253259492839467,0.055827014897265714,0.05013037971357868
0.029854343228064392,9.0,25.0,4.999919419615975,0.28524055739909354,0.006050843584329956,1.253259492839467,0.055827014897265936,0.05013037971357868
0.029883640103064393,9.0,25.0,4.999919419615975,0.2852405573990894,0.006050843584329956,1.253259492839467,0.055827014897265714,0.05013037971357868
0.029912936978064394,9.0,25.0,4.999919419615975,0.28524055739909354,0.006050843584329956,1.253259492839467,0.055827014897265936,0.05013037971357868
0.029942233853064396,9.0,25.0,4.999919419615975,0.2852405573990894,0.006050843584329956,1.253259492839467,0.055827014897265714,0.05013037971357868
0.029971530728064397,9.0,25.0,4.999919419615975,0.28524055739909354,0.006050843584329956,1.253259492839467,0.055827014897265936,0.05013037971357868
0.03,9.0,25.0,4.999919419615975,0.2852405573990893,0.006050843584329956,1.2532594928394667,0.0558270148972656,0.05013037971357867
