sweep,vin,t,v5,vref,vadj,vfan,i317,ifan
0.0,0.0,70.0,-8.285654576201212e-06,0.017931753053273103,0.017931823719064616,-6.576787382953665e-08,-2.929661112172862e-09,-2.630714953181466e-09
2.9296876036255526e-10,0.0,70.0,-8.285654576201213e-06,0.017931753053273148,0.017931823719064616,-6.576787383136834e-08,-2.929661114081008e-09,-2.630714953254539e-09
5.859375207251105e-10,0.0,70.0,-8.285654576201213e-06,0.017931753053273193,0.01793182371906462,-6.576787383107837e-08,-2.929661113766211e-09,-2.630714953242486e-09
1.171875041450221e-09,0.0,70.0,-8.28565457620121e-06,0.017931753053273207,0.01793182371906462,-6.576787383281486e-08,-2.9296611156222794e-09,-2.6307149533135675e-09
2.343750082900442e-09,0.0,70.0,-8.285654576201212e-06,0.017931753053273273,0.01793182371906461,-6.576787383495811e-08,-2.9296611177600805e-09,-2.6307149533954518e-09
4.687500165800884e-09,0.0,70.0,-8.285654576201205e-06,0.017931753053273203,0.017931823719064637,-6.57678738312962e-08,-2.9296611139907616e-09,-2.6307149532511344e-09
9.375000331601768e-09,0.0,70.0,-8.2856545762012e-06,0.017931753053272798,0.017931823719064655,-6.576787383980899e-08,-2.929661122904746e-09,-2.6307149535926193e-09
1.8750000663203537e-08,0.0,70.0,-8.285654576201195e-06,0.017931753053273162,0.017931823719064717,-6.576787383158142e-08,-2.9296611142767353e-09,-2.630714953262365e-09
3.750000132640707e-08,0.0,70.0,-8.285654576201196e-06,0.0179317530532738,0.01793182371906482,-6.576787382971888e-08,-2.9296611123769227e-09,-2.6307149531897398e-09
7.500000265281415e-08,0.0,70.0,-8.285654576201193e-06,0.017931753053273287,0.0179318237190652,-6.576787383599881e-08,-2.9296611190217584e-09,-2.6307149534448626e-09
1.500000053056283e-07,0.0,70.0,-8.285654576201195e-06,0.01793175305327259,0.017931823719065276,-6.576787384313278e-08,-2.929661126304938e-09,-2.63071495372661e-09
3.000000106112566e-07,0.0,70.0,-8.285654576201191e-06,0.0179317530532734,0.01793182371906498,-6.576787383587162e-08,-2.9296611184634475e-09,-2.6307149534306735e-09
6.000000212225132e-07,0.0,70.0,-8.285654576201176e-06,0.017931753053273932,0.017931823719064596,-6.57678738225003e-08,-2.9296611046424266e-09,-2.6307149528999792e-09
1.2000000424450263e-06,0.0,70.0,-8.285654576201184e-06,0.017931753053274116,0.017931823719064603,-6.576787382970018e-08,-2.9296611122213945e-09,-2.630714953189095e-09
2.4000000848900527e-06,0.0,70.0,-8.28565457620119e-06,0.017931753053273516,0.01793182371906586,-6.576787384069926e-08,-2.9296611229744662e-09,-2.6307149536283263e-09
4.800000169780105e-06,0.0,70.0,-8.285654576201239e-06,0.01793175305327339,0.017931823719070043,-6.576787383670661e-08,-2.9296611175112625e-09,-2.6307149534687408e-09
9.60000033956021e-06,0.0,70.0,-8.28565457620119e-06,0.017931753053279192,0.017931823719068003,-6.576787380960598e-08,-2.9296610933183513e-09,-2.6307149523837635e-09
1.920000067912042e-05,0.0,70.0,-8.285654576201228e-06,0.017931753053272322,0.017931823719066025,-6.576787383108718e-08,-2.9296611166161596e-09,-2.630714953245766e-09
3.840000135824084e-05,0.0,70.0,-8.28565457620127e-06,0.017931753053278897,0.017931823719069637,-6.576787385046074e-08,-2.929661124442679e-09,-2.6307149540199165e-09
6.769687635824084e-05,0.0,70.0,-8.28565457620115e-06,0.017931753053276916,0.01793182371906729,-6.576787386402239e-08,-2.9296611199521183e-09,-2.6307149545568013e-09
9.699375135824084e-05,0.0,70.0,-8.285654576201103e-06,0.017931753053273183,0.017931823719066774,-6.576787384459214e-08,-2.9296611063017336e-09,-2.6307149537846245e-09
0.00012629062635824084,0.0,70.0,-8.285654576201084e-06,0.017931753053272537,0.017931823719064908,-6.576787383136812e-08,-2.9296611063029826e-09,-2.6307149532547545e-09
0.00015558750135824084,0.0,70.0,-8.285654576201147e-06,0.017931753053271694,0.017931823719065997,-6.576787381702248e-08,-2.9296611063011487e-09,-2.630714952680758e-09
0.00018488437635824084,0.0,70.0,-8.285654576201156e-06,0.017931753053273113,0.01793182371906534,-6.5767873803435e-08,-2.9296611063028503e-09,-2.630714952137553e-09
0.00021418125135824084,0.0,70.0,-8.285654576201127e-06,0.01793175305327307,0.01793182371906688,-6.576787379112137e-08,-2.9296611063011475e-09,-2.630714951645045e-09
0.00024347812635824084,0.0,70.0,-8.285654576201154e-06,0.0179317530532717,0.01793182371906641,-6.576787378015358e-08,-2.9296611063055274e-09,-2.6307149512065912e-09
0.00027277500135824083,0.0,70.0,-8.285654576201156e-06,0.01793175305327326,0.017931823719064766,-6.576787377045107e-08,-2.9296611063007083e-09,-2.6307149508175595e-09
0.00030207187635824086,0.0,70.0,-8.285654576201206e-06,0.017931753053273228,0.017931823719066237,-6.576787376186352e-08,-2.9296611063009643e-09,-2.6307149504747287e-09
0.0003313687513582409,0.0,70.0,-8.285654576201174e-06,0.017931753053271843,0.017931823719065373,-6.576787375429492e-08,-2.9296611063058695e-09,-2.6307149501722126e-09
0.0003606656263582409,0.0,70.0,-8.28565457620113e-06,0.017931753053273453,0.017931823719066597,-6.57678737476189e-08,-2.9296611063014064e-09,-2.63071494990462e-09
0.00038996250135824094,0.0,70.0,-8.285654576201139e-06,0.017931753053273235,0.017931823719065928,-6.576787374172738e-08,-2.9296611063050154e-09,-2.630714949669467e-09
0.00041925937635824096,0.0,70.0,-8.285654576201129e-06,0.017931753053271774,0.017931823719064592,-6.576787373654113e-08,-2.9296611063029537e-09,-2.6307149494614366e-09
0.000448556251358241,0.0,70.0,-8.285654576201176e-06,0.017931753053273203,0.01793182371906606,-6.57678737319603e-08,-2.929661106301178e-09,-2.6307149492782517e-09
0.000477853126358241,0.0,70.0,-8.285654576201166e-06,0.017931753053272752,0.017931823719065657,-6.576787372791846e-08,-2.9296611063053488e-09,-2.630714949117141e-09
0.000507150001358241,0.0,70.0,-8.285654576201113e-06,0.01793175305327082,0.017931823719064287,-6.57678737243633e-08,-2.929661106296968e-09,-2.630714948973689e-09
0.0005364468763582411,0.0,70.0,-8.285654576201144e-06,0.017931753053272607,0.017931823719065827,-6.576787372120435e-08,-2.929661106303924e-09,-2.6307149488489503e-09
0.0005657437513582411,0.0,70.0,-8.285654576201144e-06,0.01793175305327294,0.01793182371906547,-6.576787371844142e-08,-2.9296611063023155e-09,-2.630714948737462e-09
0.0005950406263582411,0.0,70.0,-8.285654576201176e-06,0.017931753053271608,0.017931823719064197,-6.576787371599688e-08,-2.9296611063004618e-09,-2.6307149486396595e-09
0.0006243375013582411,0.0,70.0,-8.285654576201156e-06,0.017931753053272975,0.017931823719065963,-6.576787371383581e-08,-2.9296611063014023e-09,-2.6307149485535815e-09
0.0006536343763582412,0.0,70.0,-8.285654576201139e-06,0.017931753053273033,0.017931823719065827,-6.576787371193334e-08,-2.9296611063021604e-09,-2.6307149484774552e-09
0.0006829312513582412,0.0,70.0,-8.285654576201135e-06,0.017931753053271302,0.017931823719064762,-6.576787371025817e-08,-2.9296611063003145e-09,-2.6307149484101177e-09
0.0007122281263582412,0.0,70.0,-8.285654576201129e-06,0.017931753053272978,0.017931823719066202,-6.576787370877521e-08,-2.929661106301801e-09,-2.630714948351167e-09
0.0007415250013582413,0.0,70.0,-8.285654576201183e-06,0.017931753053272964,0.0179318237190656,-6.576787370747143e-08,-2.9296611063052644e-09,-2.6307149482992474e-09
0.0007708218763582413,0.0,70.0,-8.285654576201178e-06,0.017931753053272232,0.017931823719067,-6.576787370632442e-08,-2.9296611063017654e-09,-2.630714948252864e-09
0.0008001187513582413,0.0,70.0,-8.28565457620111e-06,0.017931753053270823,0.017931823719065904,-6.576787370530984e-08,-2.92966110630254e-09,-2.6307149482124733e-09
0.0008294156263582413,0.0,70.0,-8.285654576201135e-06,0.017931753053270605,0.017931823719066764,-6.576787370441138e-08,-2.92966110630141e-09,-2.630714948176589e-09
0.0008587125013582414,0.0,70.0,-8.285654576201147e-06,0.017931753053273228,0.01793182371906582,-6.576787370362247e-08,-2.9296611063022994e-09,-2.630714948145001e-09
0.0008880093763582414,0.0,70.0,-8.285654576201178e-06,0.017931753053273703,0.017931823719067288,-6.57678737029209e-08,-2.929661106301454e-09,-2.630714948117056e-09
0.0009173062513582414,0.0,70.0,-8.28565457620117e-06,0.017931753053272676,0.017931823719066084,-6.576787370230797e-08,-2.9296611063027295e-09,-2.6307149480924655e-09
0.0009466031263582414,0.0,70.0,-8.285654576201125e-06,0.0179317530532712,0.01793182371906654,-6.576787370176383e-08,-2.9296611063014544e-09,-2.630714948070675e-09
0.0009759000013582415,0.0,70.0,-8.285654576201147e-06,0.01793175305327328,0.017931823719065924,-6.576787370128663e-08,-2.9296611063024218e-09,-2.6307149480516036e-09
0.001,0.0,70.0,-8.285654576201144e-06,0.017931753053276944,0.017931823719064325,-6.576787373706322e-08,-2.929661121486393e-09,-2.630714949482278e-09
0.0010000457763671875,0.004119873046875154,70.0,-8.285654569791036e-06,0.017937489903072944,0.017996712162347907,1.7608982206975766e-06,1.896782261664759e-06,7.043592237555567e-08
0.0010001373291015625,0.012359619140625463,70.0,-8.285654537054859e-06,0.01796572074281481,0.018222449117542255,2.955063560512186e-06,3.1210658429812356e-06,1.1820268855696408e-07
0.001000163209894658,0.014688890519214034,70.0,-8.285654519622023e-06,0.017980998320408028,0.01836515574329332,4.4616380598020545e-06,4.686236587320831e-06,1.7854914378807618e-07
0.0010001924583472096,0.01732125124886095,70.0,-8.285654491371282e-06,0.01800570110513621,0.018580489706558085,6.0919073696839274e-06,6.3713739552662175e-06,2.436866726759495e-07
0.001000222607011575,0.02003463104174353,70.0,-8.285654450236286e-06,0.018041285445019165,0.01886109319870152,7.798611408872924e-06,8.132857044664248e-06,3.119479707146725e-07
0.0010002664453253487,0.023980079281384233,70.0,-8.28565436785774e-06,0.0181118739419595,0.01935868666229898,1.0305964410930071e-05,1.071232225939876e-05,4.12243757374517e-07
0.0010003541219528963,0.031870975760665644,70.0,-8.285654142054342e-06,0.018306432560446388,0.020563858236749152,1.5340881321707117e-05,1.586038697716067e-05,6.136558530066366e-07
0.0010004378346507357,0.03940511856621559,70.0,-8.285653882376143e-06,0.01853584245843572,0.02185829239409068,2.0145769862790885e-05,2.0732392043610186e-05,8.058353034146316e-07
0.001000566478587973,0.05098307291755879,70.0,-8.285653477305941e-06,0.018914090967759395,0.023873002770491238,2.7509131666155985e-05,2.8123433745487788e-05,1.1003733733563556e-06
0.0010007104758449833,0.06394282604849953,70.0,-8.285653087795306e-06,0.019316894863974483,0.02593968831695602,3.569586494323741e-05,3.625798763446926e-05,1.4288391616503968e-06
0.0010009224851749631,0.08302366574668149,70.0,-8.285652703484893e-06,0.019804250148109114,0.02839574302921442,4.7732955989230794e-05,4.798423909935566e-05,1.9105262230882635e-06
0.0010012004017669184,0.10803615902265366,70.0,-8.285652502121288e-06,0.020243369807985044,0.030593733409197823,6.342912186204154e-05,6.291140353162541e-05,2.5384186662542576e-06
0.0010014886923658184,0.13398231292364998,70.0,-8.285652535213414e-06,0.020511972382102804,0.031942364387678036,7.962442211130089e-05,7.78621701615249e-05,3.1849788906077803e-06
0.0010017529300337749,0.1577637030397379,70.0,-8.285652677231384e-06,0.02064866600322082,0.03263216889051735,9.429718397846579e-05,9.107842450511949e-05,3.772512097957986e-06
0.0010020984994062463,0.1888649465621623,70.0,-8.28565290579865e-06,0.02074300699436293,0.03311411739490967,0.00011328626888732975,0.0001076495372475374,4.532257287723351e-06
0.0010025937004270416,0.23343303843374602,70.0,-8.285653201237097e-06,0.02080304914643401,0.03342519767097707,0.00013998800495552936,0.00012996489084439016,5.6009296473407e-06
0.0010033537828002717,0.3018404520244479,70.0,-8.285653512290277e-06,0.020833567965249704,0.03358659326446955,0.00017961640872415785,0.00016093296386273165,7.187971299429411e-06
0.0010046120206326534,0.41508185693879956,70.0,-8.285653753239912e-06,0.020844988200122056,0.03365092369350173,0.00024124602392055168,0.00020362356386727863,9.650032011599386e-06
0.0010063124164517358,0.5681174806562215,70.0,-8.285653835253725e-06,0.020846219574432327,0.0336594680304083,0.0003165086752755651,0.0002464925498928115,1.2660689441869815e-05
0.0010065595386829918,0.590358481469264,70.0,-8.285653829261285e-06,0.020844532202459475,0.033649215256298624,0.0003277500475594436,0.0002523809001918593,1.3111166106165522e-05
0.0010067253080301333,0.6052777227119933,70.0,-8.285653835741767e-06,0.020834616044988426,0.033573166160809034,0.0003527228285236277,0.000274220871700371,1.410780986978739e-05
0.0010067935056904606,0.6114155121414528,70.0,-8.285653872884514e-06,0.02080019147783648,0.03322365188983798,0.00037911722040192403,0.000299928129769082,1.5164383106877969e-05
0.0010068251085416184,0.6142597687456575,70.0,-8.28565392873819e-06,0.02074834173785739,0.032526999871772766,0.0003813620314312429,0.00030138578757752396,1.5254382998130421e-05
0.001006848645041324,0.6163780537191607,70.0,-8.285654002551267e-06,0.020681936371307164,0.031798359244006556,0.00038191827722616983,0.00030130046666603476,1.527668876960129e-05
0.0010068759290542805,0.6188336148852441,70.0,-8.285654129039508e-06,0.02057232934848107,0.03085296284623501,0.0003825615630933564,0.0003011980542218638,1.5302440690046355e-05
0.0010069021678408938,0.62119510568044,70.0,-8.285654284077783e-06,0.020441651888572887,0.02994211341537316,0.0003832420688202528,0.0003011636501485054,1.5329665826465555e-05
0.0010069372490841035,0.6243524175693086,70.0,-8.285654514606246e-06,0.020249885198154856,0.028829288389714436,0.00038420739540098454,0.00030117559851982007,1.536828453303612e-05
0.0010069802435310005,0.6282219177900403,70.0,-8.285654790567844e-06,0.020018795126202284,0.02768274408804325,0.0003854276915637939,0.00030122911178057847,1.5417102629802373e-05
0.0010070259375890515,0.6323343830146302,70.0,-8.28565504386628e-06,0.019799785572777534,0.026704486715335696,0.0003867350659913436,0.0003012967888697346,1.5469400707845168e-05
0.0010070902008319615,0.638118074876533,70.0,-8.285655312874804e-06,0.019549346500659478,0.025629396920570664,0.0003885581557660083,0.0003013755549294523,1.5542323227902097e-05
0.0010071868816749457,0.6468193507451109,70.0,-8.285655565655166e-06,0.019272387954357748,0.024419846695981736,0.00039125901193410456,0.0003014505611822599,1.5650355546822863e-05
0.0010073594666540327,0.6623519988629389,70.0,-8.285655758905572e-06,0.018952103077466826,0.022971177768206688,0.0003960179776391332,0.00030152122807382926,1.584071910483894e-05
0.0010075368065538394,0.6783125898455444,70.0,-8.285655765994213e-06,0.018762622875724843,0.022102685602234107,0.0004008721211714094,0.00030155878010708895,1.6034876307953284e-05
0.0010078914863534529,0.7102337718107554,70.0,-8.28565556802813e-06,0.01858024754140797,0.021276578006179273,0.00041053097600071594,0.00030159306284334165,1.6421239039867684e-05
0.0010083483704961458,0.7513533446531158,70.0,-8.285655223406945e-06,0.0185120229212903,0.020968894230659955,0.0004229185040884138,0.00030160135591417544,1.6916740163159372e-05
0.0010090201647227164,0.8118148250444722,70.0,-8.285654828346747e-06,0.018503714959317845,0.020927834574567594,0.0004410704032250821,0.000301593720322699,1.764281388063026e-05
0.0010099334548781434,0.8940109390329007,70.0,-8.285654545831699e-06,0.01851221618485469,0.02096103143887615,0.0004656600332100755,0.0003015797238083095,1.862640123820918e-05
0.001011116719009951,1.00050471089559,70.0,-8.285654421077537e-06,0.0185127896896832,0.020957327324556636,0.0004973787014824195,0.0003015652832285074,1.9895148239409512e-05
0.001011838217910256,1.065439611923034,70.0,-8.285654390951921e-06,0.018531730968663156,0.021067449022165598,0.0008752197436283993,0.0006582726928304094,3.5008560697589474e-05
0.0010126709135373153,1.1403822183583707,70.0,-8.285654397845727e-06,0.01853334426313232,0.021063533548062306,0.001281985994792271,0.0010158939568523883,5.127938334831616e-05
0.0010135397654891104,1.2185788940199336,70.0,-8.285654428553997e-06,0.01851082587690444,0.02093776311752455,0.0014379615784811171,0.0010957539320600937,5.7518461788628563e-05
0.0010145802806221067,1.3122252559895975,70.0,-8.285654442148698e-06,0.018494716556879925,0.020861098066319354,0.0015539848572731815,0.0011116503315809411,6.21593942790182e-05
0.001016029097240089,1.4426187516080002,70.0,-8.285654441479288e-06,0.018485714976533316,0.020816082380286583,0.0017031844410602833,0.0011181089694813611,6.8127377639947e-05
0.0010185557771839478,1.6700199465553012,70.0,-8.285654440243333e-06,0.01847410295384176,0.020754414073173764,0.001962879588637216,0.0011272306159181532,7.850479518506755e-05
0.0010189255323170786,1.703297908537072,70.0,0.0007999769383004868,0.01847478726162517,0.02074606628978097,0.0020007086175950735,0.0011285596107963574,8.002834470496662e-05
0.0010190855152046807,1.717696368421256,70.0,0.002704021000081297,0.018483788417164037,0.020743109668289343,0.00201717599802463,0.0011291344825060067,8.068703992099148e-05
0.0010192481135200273,1.7323302168024546,70.0,0.006153524653155688,0.018494995931257197,0.020740685252615874,0.0020339112917728695,0.001129718720222905,8.135645167091649e-05
0.0010193977548447288,1.7457979360255926,70.0,0.01069688585627441,0.01850461595641624,0.020738860467015903,0.0020493111630575547,0.001130256400323579,8.197244652230335e-05
0.001019697037494132,1.772733374471868,70.0,0.023146268640062584,0.018571396574935155,0.02073961947566823,0.002080105137546445,0.0011313321518916211,8.320420549605592e-05
0.0010199701420331453,1.797312782983071,70.0,0.037722726919229795,0.018760938710948576,0.020754377063418167,0.002108199104272257,0.001132314661590868,8.432796417141006e-05
0.0010202609730684126,1.8234875761571285,70.0,0.05585186926151055,0.0190214684481943,0.020786380522391706,0.002138108865902091,0.0011333609311826001,8.552435463624744e-05
0.0010206906017607225,1.8621541584650232,70.0,0.08611602049875619,0.019452786423449785,0.020855699706565072,0.0021822780962801984,0.0011349062536951191,8.729112385145539e-05
0.0010212122635482766,1.9091037193448908,70.0,0.12663651408563983,0.01994149620437748,0.02095170434340598,0.0022358853747775067,0.0011367822279281141,8.943541496655993e-05
0.001021974210103995,1.977678909359538,70.0,0.19012554574541263,0.020013451830369386,0.02101053028741531,0.0023141373795947987,0.0011395206217630757,9.256549518223783e-05
0.0010223151747145057,2.008365724305506,70.0,0.2196972329360788,0.020001348812865336,0.021011739083698362,0.002349138285434645,0.0011407474942962713,9.396553140709667e-05
0.0010224846180067657,2.023615620608911,70.0,0.23457387228256754,0.01999857624866295,0.021008993211208117,0.0023665284066389652,0.001141357568872588,9.466113626556694e-05
0.0010226527985135354,2.0387518662181865,70.0,0.24941250880818452,0.01999790102322359,0.021005559823343966,0.0023837864491156532,0.0011419632660059668,9.535145796872391e-05
0.0010227594151277272,2.0483473614954413,70.0,0.25884807738329824,0.019997825818707914,0.021003281378924748,0.0023947257531039892,0.0011423473189783656,9.578903012188826e-05
0.0010228656487211221,2.0579083849009905,70.0,0.2682671210029671,0.01999773595937597,0.021001035745025563,0.002405624759833588,0.0011427300448929945,9.622499039334288e-05
0.0010229655427064967,2.066898843584704,70.0,0.27713755933043577,0.019997609128464353,0.020998968390231132,0.0024158724494783438,0.0011430899797461032,9.663489797913407e-05
0.001023071676119909,2.076450850791802,70.0,0.28657460507505284,0.019997449846577083,0.02099681858149238,0.002426759255472239,0.001143472450400689,9.707037021888938e-05
0.0010231935633641632,2.087420702774685,70.0,0.29742654366732985,0.01999725519663727,0.020994399949737116,0.0024392608215094286,0.0011439117652272059,9.757043286037767e-05
0.0010233514552902185,2.1016309761196657,70.0,0.3115036275159075,0.019996998082050015,0.020991331393622557,0.0024554533463174164,0.0011444809731839811,9.82181338526979e-05
0.0010235091682080748,2.115825138726727,70.0,0.3255839525916909,0.019996747906113665,0.020988328638759025,0.0024716253606904596,0.0011450496828311347,9.886501442761948e-05
0.001023669625827352,2.1302663244616786,70.0,0.33992625040727237,0.019996520281304424,0.02098533521537962,0.0024880766257607185,0.0011456284516445782,9.952306503042973e-05
0.0010238917042502107,2.1502533825189643,70.0,0.3597997195984904,0.0199963168877756,0.02098131672336863,0.002510842072973609,0.0011464297733235352,0.00010043368292547
0.001024199918924869,2.1779927032382145,70.0,0.38741683233901436,0.01999658488590793,0.020976160865717755,0.0025424305280049297,0.0011475425129789689,0.00010169722112984122
0.0010247887875859413,2.230990882734718,70.0,0.4402598652144295,0.02000511382794932,0.02097171516705179,0.002602761049704416,0.0011496709000493892,0.00010411044198832341
0.0010259665249080856,2.336987241727705,70.0,0.5461099024235317,0.020649315287111156,0.02142302279304179,0.0027233505242523592,0.001153949914556397,0.0001089340209701908
0.0010264542594517667,2.380883350659001,70.0,0.5899873564481998,0.02267049762373672,0.02279083798669448,0.0027733042517532804,0.0011557726981566896,0.00011093217007899
0.0010269507591314797,2.4255683218331683,70.0,0.6346642289647472,0.027680038775246222,0.026609138556430892,0.0028242078595361424,0.001157701078120072,0.0001129683164815683
0.0010274794345466166,2.4731491091954863,70.0,0.682241397633316,0.03533318402886058,0.033593668532491634,0.002878397693702019,0.0011597600341147654,0.00011513590775011257
0.001027959113862822,2.5163202476539674,70.0,0.7254111732022237,0.04251620918353424,0.04100971373103147,0.002927500190389306,0.0011615781463902909,0.00011710000871331814
0.0010285223398280481,2.567010584524327,70.0,0.7761007340281462,0.050182048271068716,0.04919849294887056,0.002985123730304339,0.0011637029349152582,0.00011940494943640791
0.0010292980883584407,2.636827952259658,70.0,0.8459174377972976,0.05916811216030448,0.05864000346699206,0.003064537382451649,0.0011667150556278166,0.00012258149548920115
0.0010307957181048691,2.7716146294382176,70.0,0.9807029669305422,0.0727041994037985,0.07250837782167861,0.0032182122508860656,0.0011729848274578058,0.00012872849003577868
0.0010321665416173852,2.894988745564666,70.0,1.1040759601810544,0.08235559412459276,0.08224796355911282,0.003359673342755888,0.0011795629323072818,0.0001343869332805825
0.0010332275518947288,2.990479670525585,70.0,1.1995659331909594,0.08872597089141376,0.08864679752766708,0.0034701142185105966,0.0011855686545310168,0.0001388045687209295
0.0010343691604078659,3.0932244367079234,70.0,1.3023094869390532,0.09439557592525707,0.09435512801693242,0.0035904073523428596,0.001193351835624099,0.0001436162941446074
0.0010345556452671881,3.1100080740469296,70.0,1.3190928833477142,0.09502561392861533,0.09501462059440596,0.003610207643059844,0.0011947528668479522,0.0001444083072775878
0.0010349286149858327,3.1435753487249416,70.0,1.3526595195829112,0.09576429162334671,0.09582436153818277,0.0036498927837499287,0.0011976185680851723,0.00014599571135375972
0.0010354066773049927,3.186600957449339,70.0,1.3956831861570822,0.09537652590195231,0.09554336848869996,0.003700832770222514,0.00120131069732427,0.00014803331085553654
0.001035498513701631,3.1948662331467936,70.0,1.4039478292227987,0.0950004583471858,0.0952148347997181,0.0037105903386216122,0.0012019823065928155,0.00014842361335792086
0.001035682186494908,3.211396784541723,70.0,1.4204766201231422,0.09339317728600346,0.09385055870196819,0.0037299327155559964,0.0012031418024947525,0.00014919730857303748
0.0010357786811532458,3.2200813037921177,70.0,1.4291598857215515,0.09058037101376049,0.09206197835815001,0.003739758286538306,0.0012034002391738288,0.00014959033146128183
0.0010359196925509835,3.2327723295885136,70.0,1.4418490532185457,0.08236749058482662,0.08838351890988916,0.003753975611939319,0.0012036341199081323,0.00015015902449515238
0.0010359745085008695,3.237705765078252,70.0,1.446781793571524,0.08003693929949683,0.08689577092361517,0.0037595517408104224,0.0012037777254820072,0.00015038207003208642
0.0010360448529788849,3.244036768099634,70.0,1.4531119477080803,0.07738511829770851,0.08507485981521734,0.003766697360089992,0.0012039523160574373,0.0001506678951124065
0.001036128336703157,3.2515503032841253,70.0,1.4606245431659604,0.07405721138628489,0.08299582472090725,0.003775180774730629,0.001204164025248171,0.00015100723107736835
0.0010362493809517516,3.2624442856576437,70.0,1.4715172856451426,0.06855863450183414,0.08033396419864117,0.003787600225251233,0.0012045971012920125,0.00015150400926450356
0.0010363674427735059,3.2730698496155233,70.0,1.4821417643554562,0.06226474685598338,0.07882971961832501,0.0038000447124907155,0.0012053642014973436,0.0001520017884995543
0.0010365012999875348,3.2851169988781304,70.0,1.4941878076651107,0.0539614274670524,0.07910541279994159,0.0038146635091771647,0.001206759105385292,0.0001525865403971978
0.0010365717156921028,3.2914544122892506,70.0,1.500524686407029,0.049269441359763015,0.08007951745916306,0.003822552826490355,0.0012076963523974238,0.00015290211321215063
0.0010366240806161796,3.296167255456163,70.0,1.5052371506434512,0.045887901673746886,0.08110803505758048,0.0038284956301189227,0.0012084701152707098,0.0001531398327930345
0.0010366689098787038,3.300201889083336,70.0,1.5092714714640698,0.0433266118879369,0.08214193129523861,0.0038336292239708704,0.0012091781162623706,0.00015334517058638022
0.0010367220120921135,3.3049810882902078,70.0,1.514050312984383,0.041044666008810904,0.08349604606663195,0.0038397601786292154,0.001210066255735306,0.00015359040714558718
0.0010367735953486228,3.3096235813760466,70.0,1.5186924711378005,0.03980685991690739,0.08491186263462862,0.0038457641677112136,0.0012109763591637,0.0001538305667099901
0.001036843981395894,3.3159583256304552,70.0,1.5250267766768053,0.03957732102999544,0.08695625438258367,0.003854028066551474,0.0012122871755775384,0.00015416112267832162
0.001036895513758501,3.3205962382650807,70.0,1.5296643807162909,0.040241767058739525,0.08851317561218582,0.0038601286936627214,0.0012132950951558017,0.00015440514774716756
0.0010369493323669,3.3254399130209933,70.0,1.534507744098345,0.041403467224551314,0.0901751427726993,0.0038665446998697806,0.0012143903002019088,0.00015466178799477393
0.0010370103014789552,3.3309271331059627,70.0,1.5399946253850147,0.04301173974732967,0.09209501479926227,0.0038738724806328664,0.0012156875863361069,0.00015495490056663858
0.0010370735548405289,3.336619935647597,70.0,1.5456870951375272,0.04481168515566225,0.09416284306196221,0.0038815641022057834,0.0012171201445363505,0.00015526256459019142
0.0010371522411585278,3.343701704267497,70.0,1.5527684901476686,0.04709101851682479,0.09708288946178799,0.003891378481713563,0.0012191485859520449,0.00015565513925728443
0.0010372352635372214,3.3511737183499233,70.0,1.560240186693864,0.049500659628590675,0.1014078329393545,0.0039024390017829303,0.0012220084207083162,0.0001560975600713386
0.001037362696970081,3.362642727307291,70.0,1.571708901402341,0.05326175113894891,0.1135712474809659,0.003922470450073391,0.0012295274416717597,0.0001568988176139994
0.0010375061967370948,3.3755577063385305,70.0,1.584623761180184,0.057504964749221656,0.13572852166846303,0.00395143651931679,0.0012445334739896443,0.00015805747056181558
0.0010376450485937907,3.3880543734411583,70.0,1.5971204287285052,0.061387283233350666,0.16250102105861627,0.003987805737078386,0.001267513562641165,0.00015951223140084356
0.0010378199980263171,3.403799822368538,70.0,1.6128659495784354,0.06573500557135903,0.19876068232515112,0.004046327733586383,0.0013091922104777054,0.00016185310988428174
0.0010379989828891412,3.419908460022706,70.0,1.6289747019585787,0.06943984954134864,0.23243741521392816,0.004114621555540774,0.0013598613853981457,0.00016458495657053479
0.0010381719883516501,3.43547895164851,70.0,1.644545321336876,0.07232744964182287,0.25770959991609593,0.004178962909695664,0.0014063454665031359,0.00016715913814431663
0.001038353205044916,3.451788454042441,70.0,1.66085495724526,0.07480594392166544,0.2777572012067663,0.004240752658834947,0.0014484319734510006,0.00016963055053711512
0.0010386546343851967,3.478917094667698,70.0,1.687983792410946,0.07826418598014917,0.3058873398264458,0.0043399548113014965,0.0015132001357436138,0.00017359838881079935
0.0010389523219513257,3.5057089756193123,70.0,1.7147758282350989,0.08121705225213947,0.3325060154097428,0.004441427947238397,0.0015789865804081875,0.00017765711869728896
0.001039374663002644,3.543719670237949,70.0,1.7527866935550034,0.08490169902572801,0.37027121007642855,0.004594348603136131,0.0016784016972829427,0.0001837739446914532
0.0010402193451052803,3.6197410594752224,70.0,1.8288083195471796,0.09113125332996047,0.44596566432654,0.004926804861205964,0.0018926178652912077,0.00019707224453151487
0.0010406581693811312,3.659235244301801,70.0,1.8683025766683876,0.09395947455874885,0.48585071406148783,0.005112612177164921,0.002010781022902829,0.00020450448715291614
0.0010410904000357306,3.6981360032157515,70.0,1.9072033607480805,0.09657196522134627,0.525819737937294,0.005304451237525407,0.0021316127889469457,0.00021217804950146482
0.0010415790508293118,3.742114574638062,70.0,1.9511819035840268,0.09934656240827194,0.5699872427076466,0.0055272214846610445,0.002268564386470573,0.00022108885957056597
0.0010420801688487856,3.7872151963906973,70.0,1.9962824438300428,0.1020572289468459,0.614701284713013,0.005762467688503279,0.0024096623737369914,0.00023049870754268017
0.0010426034517345647,3.83431065611082,70.0,2.0433777788030425,0.10480543685452107,0.6614144928650485,0.0060166983417826595,0.002558930465141785,0.00024066793368804587
0.0010435635391343432,3.9207185220908882,70.0,2.1297853576242396,0.10988140173155453,0.7472699307860613,0.006505525508801265,0.0028372234809067544,0.0002602210207126481
0.0010445013597327238,4.005122375945142,70.0,2.214188867523238,0.11603644718958826,0.8311805112817899,0.007009616745091852,0.0031129329623829083,0.0002803846701249393
0.001045750584372743,4.1175525935468595,70.0,2.326618491944277,0.12804135662053145,0.9429843365282833,0.007720527833224538,0.0034843528924104485,0.0003088211133293218
0.0010465022715023782,4.185204435214038,70.0,2.394269943076582,0.13453137562782747,1.0102594366438078,0.008169517443896596,0.0037095440774892615,0.00032678069777078336
0.0010474057755857087,4.266519802713777,70.0,2.4755848783971883,0.14011422965296216,1.091114329003619,0.008730093666154168,0.003981632232164555,0.0003492037473144548
0.0010484057406329422,4.3565166569647955,70.0,2.5655813228858624,0.14523890614163737,1.1806033152494164,0.009377833683817264,0.004285203379133556,0.0003751133473795661
0.0010494647788588743,4.45183009729868,70.0,2.660894388526997,0.15061248233196325,1.2753878868275252,0.010102197411651977,0.0046162892620428605,0.00040408789652267394
0.001050900717264242,4.58106455378177,70.0,2.790128395428206,0.15807038186802302,1.4039219458684074,0.011279433048094343,0.005206469769746384,0.00045117732199737314
0.0010514989845818324,4.634908612364912,70.0,2.8439722825271434,0.16119219617718783,1.4574832914253681,0.012061601615163418,0.0057231832733702186,0.000482464064653542
0.0010520102649023907,4.680923841215163,70.0,2.889987370967455,0.16385494418958152,1.5032665314793443,0.01323392130853063,0.006654496211138471,0.0005293568523511272
0.0010524275946417743,4.718483517759681,70.0,2.9275469371496428,0.166024863975081,1.5406497614780215,0.014991262435527408,0.008199058149539543,0.0005996504974878768
0.0010528365911352856,4.7552932021757,70.0,2.964356517586425,0.16814943711812552,1.577304877101392,0.01808945237538746,0.01106027103938595,0.0007235780952851359
0.0010533019117966327,4.797172061696943,70.0,3.0062352646783213,0.1705648392173229,1.619036040124732,0.02444945427098523,0.01707006490192159,0.0009779781921670071
0.0010537328545197062,4.835956906773557,70.0,3.0450200118212103,0.17280008518370887,1.6577110400137216,0.03416113366428006,0.02630269232180399,0.001366445669526699
0.001054282465086845,4.88542185781605,70.0,3.0944848459922825,0.17564859668926536,1.707043033607863,0.052674577947285035,0.043764620959142464,0.0021069899074359962
0.0010550253827888872,4.952284450999843,70.0,3.1613472914119134,0.17949549300656087,1.7736969550323127,0.08745879931949775,0.07578115877215874,0.003498351973729719
0.0010558085165484935,5.022766489364413,70.0,3.2318291812331275,0.18354664307650664,1.8439063203619064,0.13289003183822773,0.11599591575460122,0.0053156012745957035
0.001056691770490528,5.102259344147511,70.0,3.3113218736015497,0.18811189207405027,1.9230556950078437,0.19115448027447768,0.16499448499089742,0.007646206158148603
0.0010578426167365202,5.205835506286811,70.0,3.414897831144605,0.19405569525886662,2.026164260600563,0.27426519992118187,0.23020079656397163,0.01097063074524419
0.0010594552549277624,5.350972943498615,70.0,3.560034995858831,0.20237783290341682,2.170633536138643,0.3994737555060499,0.31914175846182236,0.015978980422147845
0.001061828473852988,5.564562646768916,70.0,3.7736243270824974,0.2146157494932195,2.3832415652732606,0.59544640925248,0.43943997841034477,0.023817899602828794
0.0010641149354568811,5.770344191119298,70.0,3.979405535409501,0.22640089941322167,2.588055325635485,0.7863981870887031,0.5353827108135791,0.03145588990597472
0.0010655660369931694,5.900943329385239,70.0,4.110004469803775,0.23388029250634473,2.7180596325330892,0.9075571085746272,0.586488417213447,0.036302280779002494
0.001067218550751915,6.0496695676723435,70.0,4.258730484591463,0.24240589009140862,2.8661379468695167,1.047166714203321,0.6386268340032293,0.04188666857008278
0.0010688256403273736,6.19430762946362,70.0,4.40336833528721,0.2507023395810163,3.010156175702072,1.1847719150504625,0.6842970969162072,0.04739087660153972
0.0010714971695876673,6.434745262890051,70.0,4.643805625279275,0.2645165232205222,3.249585885929972,1.416727366030481,0.7508205279185594,0.05666909465062674
0.001073718283286188,6.634645495756905,70.0,4.843705576502416,0.2760507358044865,3.4486713395623445,1.6120654996055055,0.798260000283471,0.06448262002561542
0.0010752054931950823,6.768494387557402,70.0,4.942455705722744,0.2818753320224467,3.547461256180329,1.7179147366865168,0.801819579411488,0.06871658925031855
0.0010772364923578204,6.951284312203831,70.0,4.996378766209513,0.28507017645208954,3.601912549541927,1.8005468376083298,0.7485848551985841,0.07202187350499652
0.0010792607040295654,7.133463362660881,70.0,5.0060847839834,0.28559237686056865,3.611734950700715,1.8461217756820112,0.6704579485536384,0.07384487125739972
0.0010810916872118362,7.298251849065254,70.0,5.003975766904973,0.2854581801137981,3.6095957392084954,1.8765033709042553,0.6013025738461955,0.07506013483546627
0.0010834757871171306,7.512820840541746,70.0,5.001165615483445,0.28529722138216035,3.606743344744223,1.9128799705352009,0.524886466346179,0.07651519882389175
0.0010869260748964697,7.823346740682265,70.0,4.999862705351297,0.28522315119609926,3.6054131748067997,1.962367017648271,0.4388510083861703,0.0784946807740694
0.0010910556579646934,8.195009216822402,70.0,4.999782347852764,0.2852185395553613,3.6053201563668944,2.01605828332791,0.36360648956736874,0.08064233153204048
0.001096387515995828,8.674876439624512,70.0,4.999910687691592,0.28522588081055694,3.6054385351882132,2.0772854568301846,0.2967921541297529,0.08309141892518489
0.0011,9.0,70.0,4.999952988556432,0.2852283040458496,3.6054750563214135,2.1142989970229653,0.2658035296873491,0.08457195997380552
0.0011005254551921591,9.0,70.0,4.999955306084564,0.28522756100982244,3.6054198924999614,2.1167293055158924,0.25965310266238717,0.0846691745935509
0.0011015763655764772,9.0,70.0,4.999958161824334,0.2852292785604433,3.605449157745151,2.1240970035667384,0.25056459507348716,0.08496388000420059
0.0011025989760069467,9.0,70.0,4.999959356450172,0.2852287145251923,3.6054425288917966,2.1314590503748163,0.2427387389340514,0.08525836672243262
0.0011036902815229981,9.0,70.0,4.999959779511026,0.28522864915521123,3.6054401016594535,2.1390868441473914,0.23501179215875023,0.08556346990057692
0.001105872892555101,9.0,70.0,4.999959917915723,0.2852287139408189,3.605438219279447,2.1537502910309296,0.22135022170945495,0.0861500299822725
0.0011102381146193068,9.0,70.0,4.999959836912844,0.28522870905386577,3.6054350928132526,2.1812130017671216,0.1999354284612318,0.08724852008409278
0.0011169547308744587,9.0,70.0,4.99995976760239,0.28522870360681735,3.605431501864647,2.2197123885065073,0.17797930239850146,0.08878849588120245
0.001124606301616719,9.0,70.0,4.999959758026719,0.28522870472880424,3.605428780748734,2.259512456760114,0.1635418449963455,0.09038049894115453
0.001133196486972587,9.0,70.0,4.999959760197679,0.2852287062490193,3.6054269976658144,2.3008185807751085,0.15527711172229486,0.09203274366724529
0.0011430351743025066,9.0,70.0,4.999959761044146,0.285228707172694,3.605425996381683,2.345589500061517,0.15143379812918534,0.09382358018156806
0.001154770224564924,9.0,70.0,4.999959760996454,0.28522870758731483,3.605425538704767,2.3972172259351714,0.15070937055847256,0.09588868908827966
0.001169397125174147,9.0,70.0,4.999959760921629,0.28522870771824266,3.605425413065687,2.4604540955623744,0.15229351805003133,0.09841816382699835
0.0011886688810069845,9.0,70.0,4.999959760919479,0.2852287077079273,3.6054254427161103,2.543195108072404,0.15575574436262718,0.1017278763239138
0.0012157982593130156,9.0,70.0,4.999959760933653,0.2852287076587978,3.6054255000205897,2.659477173850226,0.1611146405083823,0.1063790946967677
0.0012450951343130157,9.0,70.0,4.9999597609366395,0.2852287076279406,3.6054255092076533,2.785000791047176,0.16685377634632736,0.11140003655534457
0.0012743920093130157,9.0,70.0,4.9999597609332485,0.2852287076230472,3.6054254929090486,2.910455637418941,0.17246919262336546,0.11641823043883535
0.0013036888843130157,9.0,70.0,4.999959760929522,0.2852287076269573,3.6054254759970275,3.0358020616607018,0.17801934453491897,0.12143208524365313
0.0013329857593130157,9.0,70.0,4.999959760928118,0.28522870763330666,3.605425470032045,3.1610241483286896,0.18354939920822266,0.12644096751849737
0.0013622826343130158,9.0,70.0,4.999959760929721,0.2852287076381664,3.605425478023558,3.2861222506989267,0.1890760953129773,0.13144489109575658
0.0013915795093130158,9.0,70.0,4.999959760934534,0.2852287076439781,3.605425500981973,3.4111013848611598,0.19460177212068142,0.13644405624336334
0.0014208763843130158,9.0,70.0,4.999959760943033,0.28522870765070246,3.605425541169513,3.5359659278800564,0.20012494868516617,0.14143863781218607
0.0014501732593130159,9.0,70.0,4.9999597609562345,0.2852287076597876,3.605425603490735,3.660718591993227,0.20564425913269635,0.1464287442745617
0.0014794701343130159,9.0,70.0,4.99995976097615,0.28522870767434527,3.6054256974474304,3.785360719590299,0.211159004844083,0.15141442930279217
0.001508767009313016,9.0,70.0,4.999959761016767,0.28522870772257736,3.605425890989783,3.9098755788333723,0.21666232381796546,0.15639502608809622
0.0015237331419298231,9.0,70.0,4.999959761148733,0.28522870821988644,3.605426550499352,3.973325857584871,0.2194155116921972,0.15893307905824935
0.001527395251304823,9.0,70.0,4.999959761243347,0.2852287090410473,3.605427059272205,3.988805048697716,0.22006354290794894,0.15955220418249966
0.0015347194700548231,9.0,70.0,4.999959761721973,0.2852287125461735,3.605429597552664,4.0195678142377576,0.22124239634485265,0.16078278642412863
0.0015392298165975587,9.0,70.0,4.999959762439094,0.28522871812756767,3.6054334213398165,4.0382525391448825,0.2218106870733525,0.16153027078581297
0.0015437448527766506,9.0,70.0,4.999959763960927,0.28522873075410576,3.6054415982975447,4.056638053259878,0.22219857628772033,0.16226552248576964
0.001550584066704523,9.0,70.0,4.99995977457944,0.2852288337567077,3.605499858106214,4.088311146985301,0.2258878490675431,0.1635324848927437
0.0015514411840393694,9.0,70.0,4.999959777818917,0.28522895438394846,3.6055220249730455,4.093101853161927,0.2270586171674327,0.163724121079034
0.0015531554187090623,9.0,70.0,4.999959788256597,0.28522918281058923,3.605588992390774,4.104559120252666,0.23100419625684676,0.16418236540328532
0.0015547407505039656,9.0,70.0,4.999959805823595,0.2852295343461966,3.605699038206758,4.118781886308456,0.23765154739896266,0.1647512756624559
0.001555771177602577,9.0,70.0,4.999959824985258,0.28523011778507223,3.6058275710554573,4.131008171280201,0.24444746611101786,0.16524032694908314
0.001556639372429848,9.0,70.0,4.999959851108883,0.28523118211896403,3.6060169368776767,4.144541751022195,0.2529343057483495,0.16578167005666256
0.0015573806332124297,9.0,70.0,4.999959887925691,0.2852330751663173,3.6063045920175565,4.160251697144669,0.2638381130663321,0.16641006807829484
0.0015580462403572447,9.0,70.0,4.999959943713486,0.2852366202376321,3.6067744517284313,4.180258346723149,0.2789575907538522,0.16721033710761102
0.0015586773209380245,9.0,70.0,4.999960036648946,0.2852437637102524,3.6076200790907795,4.208801458596717,0.3021128593586191,0.16835206605273573
0.0015593001928151514,9.0,70.0,4.99996020452931,0.28525858969042783,3.6092645732917057,4.253897569628046,0.3407419986410929,0.17015590712400958
0.001559808878894979,9.0,70.0,4.999960435343851,0.2852802633505176,3.6116583697269844,4.310225976641738,0.3904678543211384,0.1724090326297855
0.0015601767363701803,9.0,70.0,4.9999606731018105,0.28530160445374975,3.6141947870971647,4.364699005343889,0.43908034497250714,0.17458795499439173
0.0015605540225574607,9.0,70.0,4.9999609874173645,0.28532442555755394,3.617542994710231,4.432598308485868,0.4995795120346682,0.1773039096970843
0.001560905195446965,9.0,70.0,4.999961338253442,0.28534132696095466,3.621198885367726,4.503628038815922,0.5620536911172973,0.18014512134905883
0.0015614151429664985,9.0,70.0,4.999961904744335,0.2853503980061017,3.626818756888035,4.608173632212525,0.6506607924301337,0.18432692177648005
0.0015621139895073413,9.0,70.0,4.999962669102127,0.2853354782846464,3.633786009140961,4.730309628377273,0.7442708881006643,0.18921238500914456
0.0015626569367926208,9.0,70.0,4.999963190298552,0.28531028455652985,3.638016199384452,4.8006264630405395,0.78799906119399,0.19202495195452257
0.001563265122676023,9.0,70.0,4.99996365651841,0.28527906116587287,3.641244010656037,4.853116837515377,0.8077483483446013,0.1941233946320408
0.0015638183372706413,9.0,70.0,4.999963968173133,0.2852560356195215,3.6429739766331073,4.881279917660722,0.8048977475709811,0.19525117881037202
0.001564556467086514,9.0,70.0,4.999964245066583,0.28523934590871924,3.6442080723743913,4.90097160571668,0.7832590517816627,0.1960388620989206
0.0015657158755380191,9.0,70.0,4.999964471874714,0.28522901785917665,3.644937454734529,4.912526703903249,0.7331683273273741,0.19650106547252008
0.0015668599443115338,9.0,70.0,4.999964553684518,0.28522664490612304,3.6450220761082073,4.914121945930834,0.6792873266468185,0.1965648776775436
0.0015686221805893995,9.0,70.0,4.9999645772388,0.2852268814149534,3.644877151016889,4.912371759432045,0.6030149940609668,0.1964948703704963
0.0015707839546918784,9.0,70.0,4.999964561875014,0.285227846320918,3.644676981036755,4.909808174369463,0.5251798484245782,0.1963923269811636
0.0015751075028968362,9.0,70.0,4.99996453420115,0.28522859943082435,3.644423431593562,4.906686121970456,0.41169410200035017,0.19626744512491318
0.0015793483217035778,9.0,70.0,4.99996452054362,0.2852287144385307,3.6442677503820082,4.904860865942042,0.3396239022442811,0.19619443509723788
0.0015840405483231687,9.0,70.0,4.999964512409134,0.2852287634507048,3.644144287388319,4.903422890706734,0.2895169846375083,0.1961369161200826
0.0015888249567201525,9.0,70.0,4.9999645068926455,0.2852288266409221,3.6440545536217117,4.902368226554042,0.2589042179190386,0.19609472939289638
0.0015941926624040606,9.0,70.0,4.999964502645532,0.285228893954189,3.6439887920469327,4.901589304819225,0.2392860747911678,0.1960635723939618
0.0016000954054555185,9.0,70.0,4.99996449980569,0.28522894238166574,3.643946688156653,4.901089997766391,0.2279332581115181,0.19604359999138843
0.0016071052737888422,9.0,70.0,4.999964498070164,0.2852289730185629,3.643921417935503,4.900791530287603,0.22159995704069457,0.1960316612364819
0.0016154707596648683,9.0,70.0,4.999964497208469,0.2852289878076656,3.6439088495293666,4.900645088241884,0.21869932361706068,0.1960258035345842
0.0016262282217423005,9.0,70.0,4.999964496872076,0.2852289931311609,3.6439038740917087,4.90058929298563,0.2177481857751542,0.19602357171894697
0.0016405598941618184,9.0,70.0,4.999964496813648,0.28522899357629455,3.6439029524648894,4.9005812558594615,0.21778024914535532,0.1960232535527808
0.0016617924338933115,9.0,70.0,4.999964496850854,0.28522899261235996,3.643903461221365,4.900589269263051,0.21808948250406868,0.19602357085163874
0.0016910893088933115,9.0,70.0,4.999964496884115,0.28522899189110595,3.6439039340691672,4.900595611569713,0.21828147374862383,0.19602382451853417
0.0017203861838933116,9.0,70.0,4.999964496893556,0.2852289917519811,3.6439040749325753,4.9005972408712015,0.21831478508735436,0.19602388965865591
0.0017496830588933116,9.0,70.0,4.9999644968951005,0.28522899174993943,3.643904100429501,4.900597398118139,0.2183081936771416,0.1960238959264879
0.0017789799338933116,9.0,70.0,4.9999644968953785,0.2852289917612319,3.643904106167189,4.900597376959416,0.21830156752205765,0.19602389507798965
0.0018082768088933116,9.0,70.0,4.9999644968955845,0.285228991763348,3.64390410984215,4.900597385697185,0.21829935168337689,0.19602389542838347
0.0018375736838933117,9.0,70.0,4.999964496895705,0.28522899176286304,3.6439041117855506,4.900597400374235,0.21829909815483228,0.19602389601470524
0.0018668705588933117,9.0,70.0,4.9999644968957355,0.285228991762237,3.643904112219213,4.900597405711199,0.21829922996425655,0.19602389622896524
0.0018961674338933117,9.0,70.0,4.999964496895722,0.28522899176257266,3.6439041120301745,4.900597404971345,0.21829931700774585,0.1960238961982092
0.0019254643088933117,9.0,70.0,4.99996449689571,0.28522899176248656,3.643904111782901,4.900597403015425,0.21829934167429266,0.19602389612100168
0.0019547611838933118,9.0,70.0,4.999964496895703,0.2852289917624897,3.643904111652022,4.900597401868394,0.21829934337275314,0.19602389607476173
0.0019840580588933116,9.0,70.0,4.999964496895698,0.28522899176256944,3.643904111606657,4.900597401433016,0.21829934150144847,0.196023896057335
0.0020133549338933114,9.0,70.0,4.999964496895696,0.2852289917624337,3.643904111600617,4.900597401372398,0.2182993405072704,0.19602389605448234
0.002042651808893311,9.0,70.0,4.999964496895697,0.28522899176256544,3.643904111603533,4.900597401395683,0.21829934026170617,0.1960238960558383
0.002071948683893311,9.0,70.0,4.999964496895697,0.2852289917624739,3.6439041116086286,4.900597401442396,0.2182993402607376,0.1960238960577292
0.002101245558893311,9.0,70.0,4.999964496895698,0.2852289917625137,3.643904111610926,4.9005974014563325,0.21829934027790565,0.19602389605864887
0.0021305424338933106,9.0,70.0,4.999964496895698,0.2852289917626787,3.6439041116120205,4.900597401471169,0.21829934028506082,0.19602389605884746
0.0021598393088933104,9.0,70.0,4.999964496895696,0.28522899176248334,3.6439041116106536,4.90059740145783,0.21829934027375653,0.19602389605787218
0.0021891361838933102,9.0,70.0,4.999964496895698,0.28522899176213873,3.6439041116100226,4.900597401449198,0.2182993402780793,0.19602389605794635
0.00221843305889331,9.0,70.0,4.999964496895697,0.285228991762856,3.6439041116112714,4.900597401462969,0.2182993402912028,0.19602389605895784
0.00224772993389331,9.0,70.0,4.999964496895698,0.2852289917628772,3.6439041116111985,4.900597401470378,0.21829934028650988,0.19602389605884515
0.0022770268088933097,9.0,70.0,4.999964496895697,0.28522899176257815,3.643904111609755,4.90059740145599,0.21829934027768516,0.19602389605825837
0.0023063236838933095,9.0,70.0,4.999964496895697,0.28522899176220834,3.6439041116107282,4.900597401459234,0.21829934027844966,0.19602389605794035
0.0023356205588933093,9.0,70.0,4.999964496895696,0.2852289917624567,3.6439041116094324,4.900597401448535,0.21829934027864795,0.19602389605795695
0.002364917433893309,9.0,70.0,4.999964496895698,0.28522899176237815,3.6439041116111075,4.900597401462648,0.21829934029107423,0.1960238960589384
0.002394214308893309,9.0,70.0,4.999964496895697,0.28522899176249367,3.643904111610944,4.900597401470119,0.21829934028655718,0.19602389605884807
0.0024235111838933087,9.0,70.0,4.999964496895697,0.28522899176277455,3.6439041116103423,4.900597401456643,0.21829934027803444,0.19602389605828896
0.0024528080588933085,9.0,70.0,4.999964496895697,0.28522899176252264,3.6439041116112034,4.900597401459765,0.2182993402824236,0.1960238960583751
0.0024821049338933083,9.0,70.0,4.999964496895698,0.28522899176231814,3.6439041116105195,4.900597401459468,0.21829934028244358,0.1960238960583743
0.002511401808893308,9.0,70.0,4.999964496895697,0.28522899176222116,3.643904111610774,4.900597401459652,0.21829934028245868,0.1960238960583829
0.002540698683893308,9.0,70.0,4.999964496895697,0.2852289917626889,3.6439041116106003,4.90059740145956,0.21829934028245424,0.19602389605839401
0.0025699955588933078,9.0,70.0,4.999964496895698,0.2852289917628083,3.6439041116105146,4.900597401459439,0.21829934027830555,0.19602389605796108
0.0025992924338933076,9.0,70.0,4.999964496895697,0.2852289917624879,3.643904111609323,4.900597401448342,0.21829934027830067,0.1960238960579563
0.0026285893088933074,9.0,70.0,4.999964496895698,0.285228991762632,3.6439041116117035,4.900597401463232,0.21829934029121922,0.19602389605895798
0.002657886183893307,9.0,70.0,4.9999644968956956,0.28522899176246863,3.643904111611194,4.900597401470313,0.21829934028626607,0.19602389605883536
0.002687183058893307,9.0,70.0,4.999964496895696,0.28522899176261063,3.643904111609871,4.900597401456154,0.218299340277893,0.19602389605828321
0.002716479933893307,9.0,70.0,4.999964496895697,0.28522899176256034,3.6439041116104804,4.900597401459043,0.21829934027832243,0.19602389605793227
0.0027457768088933066,9.0,70.0,4.999964496895698,0.28522899176227035,3.6439041116100963,4.900597401449188,0.2182993402786173,0.19602389605794857
0.0027750736838933064,9.0,70.0,4.999964496895697,0.2852289917620109,3.64390411161083,4.900597401462333,0.2182993402908191,0.19602389605893067
0.0028043705588933062,9.0,70.0,4.999964496895697,0.2852289917628253,3.6439041116116746,4.900597401470766,0.21829934028658138,0.1960238960588448
0.002833667433893306,9.0,70.0,4.999964496895697,0.2852289917625093,3.6439041116102873,4.9005974014565234,0.21829934027779951,0.1960238960582824
0.002862964308893306,9.0,70.0,4.999964496895697,0.2852289917623796,3.6439041116109587,4.900597401459542,0.21829934028242404,0.1960238960583752
0.0028922611838933057,9.0,70.0,4.999964496895698,0.28522899176258565,3.6439041116112545,4.900597401460199,0.21829934028256015,0.19602389605837847
0.0029215580588933055,9.0,70.0,4.999964496895696,0.28522899176261735,3.6439041116110893,4.900597401460026,0.2182993402823079,0.19602389605838813
0.0029508549338933053,9.0,70.0,4.999964496895699,0.28522899176257405,3.643904111610978,4.900597401459919,0.218299340282208,0.1960238960583847
0.002980151808893305,9.0,70.0,4.999964496895699,0.2852289917621373,3.6439041116104893,4.900597401459456,0.21829934028217868,0.19602389605837867
0.003009448683893305,9.0,70.0,4.999964496895697,0.28522899176242844,3.6439041116104525,4.90059740145937,0.21829934027808107,0.1960238960579352
0.0030387455588933047,9.0,70.0,4.999964496895697,0.28522899176308425,3.6439041116098854,4.9005974014489855,0.21829934027825804,0.19602389605794787
0.0030680424338933045,9.0,70.0,4.999964496895699,0.2852289917626069,3.6439041116111226,4.900597401462651,0.21829934029103826,0.19602389605895812
0.0030973393088933043,9.0,70.0,4.999964496895698,0.2852289917627472,3.643904111611395,4.900597401470556,0.21829934028657028,0.19602389605885306
0.003126636183893304,9.0,70.0,4.999964496895697,0.2852289917623183,3.6439041116099493,4.900597401456192,0.21829934027783815,0.19602389605828108
0.003155933058893304,9.0,70.0,4.999964496895698,0.28522899176241506,3.643904111610823,4.9005974014593505,0.21829934027845788,0.19602389605794898
0.0031852299338933038,9.0,70.0,4.999964496895697,0.285228991762407,3.643904111609268,4.900597401448312,0.21829934027860798,0.19602389605795753
0.0032145268088933036,9.0,70.0,4.999964496895698,0.28522899176239785,3.6439041116108353,4.9005974014623845,0.21829934029138842,0.19602389605896456
0.0032438236838933034,9.0,70.0,4.999964496895697,0.2852289917628648,3.6439041116114024,4.900597401470504,0.2182993402866491,0.1960238960588476
0.003273120558893303,9.0,70.0,4.999964496895697,0.28522899176259114,3.643904111610562,4.900597401456818,0.21829934027768227,0.19602389605826254
0.003302417433893303,9.0,70.0,4.999964496895697,0.28522899176312044,3.6439041116108832,4.900597401459389,0.21829934027817188,0.19602389605793952
0.003331714308893303,9.0,70.0,4.999964496895697,0.2852289917626547,3.64390411160998,4.900597401449009,0.21829934027837394,0.19602389605793888
0.0033610111838933026,9.0,70.0,4.999964496895698,0.28522899176235916,3.6439041116110107,4.900597401462539,0.2182993402907636,0.19602389605892107
0.0033903080588933024,9.0,70.0,4.999964496895699,0.28522899176254035,3.6439041116114343,4.900597401470542,0.21829934028643372,0.19602389605883366
0.0034196049338933022,9.0,70.0,4.9999644968956956,0.28522899176222727,3.6439041116099813,4.90059740145619,0.21829934027777864,0.19602389605827394
0.003448901808893302,9.0,70.0,4.999964496895697,0.28522899176263006,3.643904111611011,4.900597401459582,0.21829934028250553,0.19602389605837178
0.003478198683893302,9.0,70.0,4.999964496895696,0.2852289917629397,3.643904111611627,4.90059740146059,0.21829934028255593,0.1960238960583771
0.0035074955588933017,9.0,70.0,4.999964496895697,0.28522899176257616,3.6439041116109663,4.900597401459944,0.2182993402822171,0.19602389605839146
0.0035367924338933015,9.0,70.0,4.999964496895696,0.28522899176255107,3.6439041116104076,4.900597401459345,0.21829934027805686,0.19602389605795154
0.0035660893088933013,9.0,70.0,4.999964496895697,0.28522899176242095,3.643904111609384,4.90059740144842,0.21829934027812903,0.1960238960579374
0.003595386183893301,9.0,70.0,4.999964496895698,0.28522899176254013,3.643904111611086,4.900597401462592,0.21829934029124298,0.19602389605896126
0.003624683058893301,9.0,70.0,4.999964496895696,0.2852289917625323,3.6439041116117017,4.900597401470861,0.21829934028648035,0.19602389605883766
0.0036539799338933007,9.0,70.0,4.999964496895697,0.28522899176241356,3.6439041116101136,4.900597401456383,0.21829934027782438,0.19602389605828896
0.0036832768088933005,9.0,70.0,4.999964496895698,0.28522899176233424,3.64390411161058,4.9005974014591205,0.2182993402782516,0.1960238960579359
0.0037125736838933003,9.0,70.0,4.999964496895697,0.2852289917625364,3.6439041116092055,4.900597401448316,0.2182993402784299,0.19602389605793313
0.0037418705588933,9.0,70.0,4.999964496895699,0.2852289917625097,3.6439041116116653,4.900597401463228,0.21829934029142395,0.1960238960589666
0.0037711674338933,9.0,70.0,4.999964496895696,0.2852289917625641,3.643904111611338,4.900597401470484,0.21829934028623343,0.19602389605883047
0.0038004643088932998,9.0,70.0,4.999964496895696,0.2852289917628116,3.6439041116104756,4.900597401456704,0.21829934027780884,0.19602389605828055
0.0038297611838932996,9.0,70.0,4.999964496895698,0.28522899176231664,3.6439041116104396,4.900597401458948,0.2182993402780775,0.19602389605792553
0.0038590580588932994,9.0,70.0,4.999964496895698,0.28522899176272243,3.643904111610622,4.900597401449708,0.21829934027854425,0.1960238960579414
0.003888354933893299,9.0,70.0,4.999964496895697,0.28522899176262184,3.64390411161147,4.900597401463061,0.21829934029091547,0.19602389605895576
0.003917651808893299,9.0,70.0,4.999964496895698,0.2852289917625667,3.6439041116113504,4.90059740147045,0.21829934028646236,0.19602389605885776
0.003946948683893299,9.0,70.0,4.999964496895696,0.2852289917629205,3.643904111610194,4.900597401456421,0.21829934027766007,0.19602389605826204
0.0039762455588932995,9.0,70.0,4.999964496895698,0.2852289917623276,3.643904111610782,4.900597401459354,0.21829934027839126,0.19602389605794798
0.0040055424338933,9.0,70.0,4.999964496895698,0.2852289917619563,3.6439041116095248,4.900597401448588,0.21829934027844877,0.19602389605794202
0.0040348393088933,9.0,70.0,4.999964496895697,0.28522899176276234,3.643904111611105,4.900597401462605,0.21829934029114195,0.1960238960589473
0.0040641361838933,9.0,70.0,4.999964496895696,0.28522899176275557,3.6439041116110276,4.9005974014701845,0.21829934028642972,0.19602389605883314
0.0040934330588933004,9.0,70.0,4.999964496895697,0.2852289917622272,3.643904111610283,4.9005974014564915,0.2182993402778428,0.19602389605827042
0.004122729933893301,9.0,70.0,4.999964496895698,0.28522899176266686,3.6439041116107265,4.900597401459288,0.21829934027839304,0.19602389605795
0.004152026808893301,9.0,70.0,4.999964496895697,0.28522899176271127,3.643904111609481,4.900597401448626,0.2182993402784137,0.19602389605793774
0.004181323683893301,9.0,70.0,4.999964496895696,0.2852289917621571,3.6439041116109476,4.90059740146242,0.2182993402907687,0.19602389605890952
0.004210620558893301,9.0,70.0,4.999964496895698,0.28522899176222666,3.6439041116117186,4.900597401470815,0.21829934028661224,0.19602389605884682
0.004239917433893302,9.0,70.0,4.999964496895698,0.2852289917625602,3.643904111609958,4.900597401456248,0.21829934027755482,0.19602389605825896
0.004269214308893302,9.0,70.0,4.999964496895697,0.28522899176251626,3.6439041116106803,4.900597401459247,0.21829934027817877,0.1960238960579241
0.004298511183893302,9.0,70.0,4.999964496895697,0.28522899176235894,3.6439041116094226,4.900597401448502,0.21829934027840947,0.19602389605793427
0.004327808058893302,9.0,70.0,4.999964496895699,0.28522899176261035,3.643904111611024,4.900597401462518,0.21829934029132936,0.19602389605896353
0.004357104933893303,9.0,70.0,4.999964496895697,0.2852289917627526,3.6439041116113478,4.900597401470463,0.21829934028637332,0.19602389605882412
0.004386401808893303,9.0,70.0,4.999964496895698,0.28522899176269384,3.643904111609911,4.900597401456123,0.2182993402776532,0.19602389605825898
0.004415698683893303,9.0,70.0,4.999964496895697,0.28522899176259564,3.6439041116106043,4.900597401459139,0.21829934027840725,0.19602389605794193
0.004444995558893303,9.0,70.0,4.999964496895698,0.2852289917628352,3.64390411160942,4.900597401448517,0.2182993402784954,0.19602389605793924
0.004474292433893304,9.0,70.0,4.999964496895697,0.2852289917626978,3.6439041116108615,4.900597401462376,0.21829934029112263,0.19602389605894213
0.004503589308893304,9.0,70.0,4.999964496895696,0.2852289917621911,3.64390411161161,4.900597401470728,0.21829934028645237,0.1960238960588284
0.004532886183893304,9.0,70.0,4.999964496895697,0.28522899176241767,3.643904111610062,4.9005974014563805,0.21829934027769404,0.1960238960582708
0.004562183058893304,9.0,70.0,4.999964496895698,0.2852289917622616,3.6439041116108504,4.900597401459327,0.21829934027813502,0.1960238960579234
0.004591479933893305,9.0,70.0,4.999964496895696,0.28522899176264044,3.643904111610028,4.900597401449098,0.21829934027845677,0.19602389605794274
0.004620776808893305,9.0,70.0,4.999964496895697,0.28522899176269256,3.6439041116115294,4.90059740146302,0.21829934029104225,0.19602389605895265
0.004650073683893305,9.0,70.0,4.999964496895698,0.2852289917628782,3.6439041116110165,4.900597401470212,0.21829934028621745,0.19602389605882706
0.004679370558893305,9.0,70.0,4.999964496895697,0.2852289917624681,3.6439041116096935,4.900597401455914,0.21829934027789077,0.19602389605827855
0.0047086674338933055,9.0,70.0,4.999964496895697,0.28522899176219024,3.643904111610508,4.900597401459041,0.2182993402784894,0.19602389605794146
0.004737964308893306,9.0,70.0,4.999964496895697,0.2852289917624922,3.643904111609895,4.900597401448965,0.2182993402785196,0.19602389605793694
0.004767261183893306,9.0,70.0,4.999964496895697,0.2852289917625367,3.6439041116109454,4.900597401462452,0.21829934029103848,0.19602389605894693
0.004796558058893306,9.0,70.0,4.999964496895697,0.28522899176208716,3.6439041116117923,4.900597401470875,0.2182993402865656,0.19602389605884576
0.0048258549338933065,9.0,70.0,4.999964496895698,0.285228991762681,3.6439041116099724,4.900597401456246,0.21829934027766895,0.19602389605827314
0.004855151808893307,9.0,70.0,4.999964496895697,0.28522899176285554,3.6439041116106594,4.900597401459173,0.21829934027822695,0.19602389605792925
0.004884448683893307,9.0,70.0,4.999964496895697,0.285228991762445,3.6439041116108593,4.900597401449944,0.2182993402786122,0.19602389605795295
0.004913745558893307,9.0,70.0,4.999964496895698,0.28522899176267696,3.6439041116112207,4.90059740146276,0.2182993402908091,0.19602389605895357
0.0049430424338933075,9.0,70.0,4.999964496895697,0.28522899176264466,3.643904111611023,4.900597401470146,0.21829934028645126,0.19602389605884893
0.004972339308893308,9.0,70.0,4.999964496895698,0.2852289917625423,3.6439041116098596,4.900597401456148,0.21829934027797337,0.1960238960582832
0.005001636183893308,9.0,70.0,4.999964496895697,0.28522899176238903,3.643904111611016,4.900597401459547,0.2182993402823925,0.19602389605835518
0.005030933058893308,9.0,70.0,4.999964496895697,0.28522899176293354,3.643904111611385,4.900597401460352,0.21829934028246822,0.19602389605836631
0.0050602299338933085,9.0,70.0,4.999964496895697,0.28522899176287025,3.6439041116108593,4.9005974014598035,0.21829934028211917,0.1960238960583739
0.005089526808893309,9.0,70.0,4.999964496895698,0.2852289917625267,3.643904111610452,4.900597401459416,0.2182993402779223,0.19602389605793186
0.005118823683893309,9.0,70.0,4.999964496895697,0.28522899176258615,3.6439041116100057,4.900597401449045,0.21829934027828823,0.19602389605795556
0.005148120558893309,9.0,70.0,4.999964496895696,0.28522899176245947,3.6439041116116457,4.900597401463175,0.21829934029083375,0.19602389605893877
0.005177417433893309,9.0,70.0,4.999964496895697,0.28522899176297517,3.6439041116111213,4.900597401470251,0.2182993402862261,0.19602389605883339
0.00520671430889331,9.0,70.0,4.999964496895696,0.2852289917626931,3.64390411161037,4.900597401456662,0.2182993402779081,0.19602389605828194
0.00523601118389331,9.0,70.0,4.999964496895697,0.2852289917630341,3.643904111610608,4.900597401459176,0.21829934027810838,0.19602389605792475
0.00526530805889331,9.0,70.0,4.999964496895696,0.2852289917623094,3.6439041116103903,4.900597401449457,0.21829934027859887,0.19602389605795384
0.00529460493389331,9.0,70.0,4.999964496895697,0.2852289917625746,3.643904111611189,4.900597401462709,0.2182993402908675,0.19602389605894466
0.005323901808893311,9.0,70.0,4.999964496895697,0.28522899176233124,3.6439041116115103,4.900597401470661,0.21829934028636533,0.1960238960588351
0.005353198683893311,9.0,70.0,4.999964496895697,0.28522899176252614,3.64390411161008,4.90059740145633,0.2182993402777229,0.19602389605827295
0.005382495558893311,9.0,70.0,4.999964496895697,0.2852289917625731,3.643904111611022,4.900597401459593,0.2182993402826201,0.19602389605838838
0.005411792433893311,9.0,70.0,4.999964496895697,0.2852289917627009,3.643904111610454,4.900597401459458,0.21829934028258458,0.19602389605838094
0.005441089308893312,9.0,70.0,4.999964496895697,0.28522899176278776,3.6439041116108317,4.900597401459754,0.21829934028250553,0.19602389605838608
0.005470386183893312,9.0,70.0,4.999964496895696,0.2852289917623734,3.643904111610819,4.900597401459796,0.21829934028232412,0.19602389605838386
0.005499683058893312,9.0,70.0,4.999964496895698,0.2852289917624591,3.643904111610677,4.900597401459566,0.21829934028235898,0.19602389605839254
0.005528979933893312,9.0,70.0,4.999964496895697,0.28522899176223765,3.643904111610432,4.900597401459396,0.21829934027805398,0.19602389605793605
0.005558276808893313,9.0,70.0,4.999964496895697,0.2852289917627921,3.6439041116095496,4.900597401448623,0.2182993402782034,0.1960238960579443
0.005587573683893313,9.0,70.0,4.999964496895699,0.28522899176255484,3.643904111611028,4.900597401462558,0.21829934029125608,0.19602389605896992
0.005616870558893313,9.0,70.0,4.999964496895698,0.2852289917620512,3.643904111611912,4.900597401471078,0.21829934028648346,0.19602389605883871
0.005646167433893313,9.0,70.0,4.999964496895698,0.2852289917621141,3.643904111609686,4.90059740145598,0.2182993402775999,0.19602389605827208
0.0056754643088933136,9.0,70.0,4.999964496895698,0.2852289917628536,3.643904111610726,4.9005974014592315,0.21829934027836395,0.19602389605793621
0.005704761183893314,9.0,70.0,4.999964496895697,0.2852289917629223,3.643904111609552,4.900597401448694,0.2182993402783897,0.19602389605792958
0.005734058058893314,9.0,70.0,4.999964496895698,0.2852289917626666,3.6439041116115503,4.900597401463095,0.2182993402913429,0.1960238960589707
0.005763354933893314,9.0,70.0,4.999964496895697,0.2852289917624879,3.643904111611684,4.900597401470831,0.21829934028637976,0.19602389605884424
0.0057926518088933145,9.0,70.0,4.9999644968957,0.2852289917623934,3.643904111609838,4.9005974014561176,0.21829934027764142,0.19602389605827283
0.005821948683893315,9.0,70.0,4.999964496895697,0.2852289917622609,3.6439041116108832,4.900597401459423,0.21829934027835707,0.1960238960579383
0.005851245558893315,9.0,70.0,4.999964496895697,0.2852289917619739,3.6439041116098325,4.900597401448938,0.2182993402785398,0.19602389605795187
0.005880542433893315,9.0,70.0,4.999964496895697,0.2852289917622184,3.6439041116115383,4.900597401463033,0.218299340290945,0.1960238960589379
0.0059098393088933155,9.0,70.0,4.999964496895697,0.28522899176232647,3.643904111611911,4.900597401471045,0.2182993402863147,0.1960238960588368
0.005939136183893316,9.0,70.0,4.999964496895699,0.28522899176243777,3.643904111609744,4.900597401455933,0.21829934027753062,0.19602389605826717
0.005968433058893316,9.0,70.0,4.999964496895699,0.28522899176265226,3.643904111610407,4.9005974014589375,0.2182993402784561,0.1960238960579439
0.005997729933893316,9.0,70.0,4.999964496895697,0.28522899176269984,3.6439041116094097,4.900597401448476,0.21829934027864972,0.19602389605794673
0.0060270268088933165,9.0,70.0,4.999964496895699,0.285228991762524,3.6439041116111532,4.900597401462732,0.21829934029113685,0.19602389605894044
0.006056323683893317,9.0,70.0,4.999964496895697,0.28522899176253697,3.643904111611532,4.900597401470643,0.2182993402865323,0.19602389605884762
0.006085620558893317,9.0,70.0,4.999964496895697,0.28522899176241173,3.6439041116101256,4.900597401456396,0.21829934027774955,0.19602389605827647
0.006114917433893317,9.0,70.0,4.999964496895696,0.2852289917628198,3.643904111610523,4.9005974014590565,0.21829934027830622,0.1960238960579411
0.0061442143088933174,9.0,70.0,4.999964496895697,0.285228991762373,3.6439041116098245,4.900597401448865,0.2182993402785267,0.19602389605794138
0.006173511183893318,9.0,70.0,4.999964496895697,0.2852289917625766,3.6439041116111075,4.90059740146265,0.21829934029123543,0.1960238960589638
0.006202808058893318,9.0,70.0,4.999964496895698,0.2852289917626011,3.6439041116110626,4.900597401470202,0.21829934028640685,0.19602389605883408
0.006232104933893318,9.0,70.0,4.999964496895697,0.2852289917629423,3.6439041116097717,4.900597401456041,0.21829934027796893,0.19602389605828457
0.006261401808893318,9.0,70.0,4.999964496895698,0.2852289917626218,3.643904111610523,4.900597401459065,0.21829934027837594,0.19602389605793405
0.006290698683893319,9.0,70.0,4.999964496895697,0.285228991762346,3.643904111609307,4.900597401448434,0.2182993402784612,0.19602389605793286
0.006319995558893319,9.0,70.0,4.999964496895698,0.285228991762398,3.643904111610884,4.900597401462418,0.21829934029120035,0.19602389605894743
0.006349292433893319,9.0,70.0,4.999964496895698,0.2852289917625905,3.643904111611166,4.900597401470306,0.2182993402864748,0.19602389605883172
0.006378589308893319,9.0,70.0,4.999964496895697,0.2852289917622716,3.643904111609928,4.900597401456184,0.21829934027799336,0.1960238960582893
0.00640788618389332,9.0,70.0,4.999964496895697,0.28522899176269073,3.643904111610976,4.900597401459474,0.21829934028238807,0.19602389605835865
0.00643718305889332,9.0,70.0,4.999964496895697,0.28522899176219724,3.6439041116113096,4.9005974014602725,0.218299340282595,0.19602389605837833
0.00646647993389332,9.0,70.0,4.999964496895697,0.2852289917624918,3.643904111610501,4.900597401459491,0.21829934028231968,0.1960238960583919
0.00649577680889332,9.0,70.0,4.999964496895697,0.28522899176210653,3.643904111610351,4.900597401459271,0.21829934027824405,0.1960238960579552
0.006525073683893321,9.0,70.0,4.999964496895697,0.2852289917624809,3.6439041116097006,4.900597401448774,0.21829934027822695,0.19602389605794276
0.006554370558893321,9.0,70.0,4.999964496895697,0.2852289917623426,3.643904111611294,4.900597401462787,0.21829934029120768,0.19602389605896883
0.006583667433893321,9.0,70.0,4.999964496895697,0.28522899176241245,3.6439041116112856,4.900597401470413,0.2182993402863036,0.19602389605882817
0.006612964308893321,9.0,70.0,4.999964496895696,0.2852289917626266,3.6439041116101043,4.900597401456413,0.21829934027778175,0.19602389605827178
0.006642261183893322,9.0,70.0,4.999964496895697,0.28522899176233585,3.6439041116109547,4.900597401459517,0.21829934028225728,0.19602389605835172
0.006671558058893322,9.0,70.0,4.999964496895697,0.28522899176229444,3.6439041116114463,4.900597401460438,0.21829934028270803,0.19602389605839216
0.006700854933893322,9.0,70.0,4.999964496895697,0.28522899176242156,3.6439041116107034,4.900597401459664,0.2182993402822262,0.19602389605838713
0.006730151808893322,9.0,70.0,4.999964496895697,0.28522899176290656,3.6439041116105457,4.9005974014594695,0.2182993402823552,0.19602389605839052
0.0067594486838933225,9.0,70.0,4.999964496895696,0.28522899176268907,3.643904111610922,4.900597401459844,0.21829934028227238,0.19602389605837214
0.006788745558893323,9.0,70.0,4.999964496895697,0.28522899176223404,3.6439041116107527,4.900597401459686,0.2182993402822091,0.19602389605837547
0.006818042433893323,9.0,70.0,4.999964496895698,0.28522899176267774,3.6439041116104556,4.900597401459396,0.21829934027816678,0.19602389605795123
0.006847339308893323,9.0,70.0,4.999964496895696,0.2852289917624267,3.6439041116100657,4.900597401449121,0.21829934027811349,0.1960238960579357
0.0068766361838933235,9.0,70.0,4.999964496895697,0.2852289917622936,3.6439041116110378,4.900597401462563,0.2182993402911768,0.19602389605897713
0.006905933058893324,9.0,70.0,4.999964496895696,0.2852289917628269,3.643904111611575,4.9005974014706535,0.2182993402864346,0.19602389605883683
0.006935229933893324,9.0,70.0,4.999964496895697,0.2852289917624944,3.6439041116103827,4.900597401456602,0.218299340277873,0.19602389605828702
0.006964526808893324,9.0,70.0,4.999964496895696,0.2852289917622862,3.643904111610711,4.900597401459254,0.21829934027814812,0.19602389605792994
0.0069938236838933245,9.0,70.0,4.999964496895697,0.2852289917623901,3.643904111610681,4.900597401449777,0.21829934027850606,0.19602389605794646
0.007023120558893325,9.0,70.0,4.999964496895698,0.28522899176247923,3.643904111611557,4.9005974014630524,0.21829934029101694,0.19602389605897053
0.007052417433893325,9.0,70.0,4.999964496895697,0.28522899176294086,3.6439041116112625,4.9005974014704,0.21829934028624876,0.19602389605883555
0.007081714308893325,9.0,70.0,4.999964496895699,0.2852289917628003,3.6439041116103716,4.900597401456625,0.21829934027796027,0.19602389605829143
0.0071110111838933255,9.0,70.0,4.999964496895697,0.2852289917625059,3.643904111610877,4.9005974014594225,0.21829934027830045,0.19602389605794435
0.007140308058893326,9.0,70.0,4.999964496895697,0.28522899176243216,3.643904111609604,4.900597401448651,0.21829934027840592,0.19602389605794102
0.007169604933893326,9.0,70.0,4.999964496895697,0.2852289917624342,3.6439041116111506,4.9005974014626625,0.21829934029136666,0.19602389605897302
0.007198901808893326,9.0,70.0,4.999964496895697,0.2852289917628743,3.643904111611358,4.900597401470459,0.2182993402864135,0.19602389605883347
0.007228198683893326,9.0,70.0,4.999964496895698,0.28522899176270033,3.643904111610415,4.900597401456667,0.21829934027785725,0.1960238960582807
0.007257495558893327,9.0,70.0,4.999964496895697,0.28522899176243965,3.643904111611167,4.900597401459738,0.21829934028217868,0.19602389605835224
0.007286792433893327,9.0,70.0,4.999964496895696,0.28522899176260125,3.6439041116104565,4.900597401459439,0.21829934027832132,0.19602389605794293
0.007316089308893327,9.0,70.0,4.9999644968956956,0.28522899176219746,3.6439041116096096,4.900597401448642,0.21829934027835685,0.19602389605795334
0.007345386183893327,9.0,70.0,4.999964496895697,0.2852289917628511,3.643904111611038,4.9005974014625275,0.21829934029102116,0.19602389605894488
0.007374683058893328,9.0,70.0,4.999964496895697,0.2852289917619969,3.6439041116114703,4.900597401470666,0.2182993402865785,0.19602389605884807
0.007403979933893328,9.0,70.0,4.999964496895697,0.28522899176261557,3.6439041116101625,4.900597401456432,0.2182993402775868,0.19602389605825787
0.007433276808893328,9.0,70.0,4.999964496895698,0.2852289917625444,3.6439041116105986,4.900597401459162,0.21829934027817033,0.19602389605792764
0.007462573683893328,9.0,70.0,4.999964496895698,0.2852289917622175,3.64390411160968,4.900597401448735,0.21829934027855158,0.19602389605794748
0.007491870558893329,9.0,70.0,4.999964496895697,0.28522899176273114,3.643904111611472,4.900597401462972,0.2182993402909401,0.19602389605892956
0.007521167433893329,9.0,70.0,4.999964496895697,0.28522899176238004,3.643904111611555,4.900597401470685,0.21829934028632447,0.19602389605883452
0.007550464308893329,9.0,70.0,4.999964496895697,0.2852289917625077,3.6439041116098982,4.900597401456165,0.21829934027768028,0.19602389605827142
0.007579761183893329,9.0,70.0,4.999964496895698,0.2852289917627196,3.6439041116108055,4.900597401459361,0.21829934027838171,0.19602389605794146
0.00760905805889333,9.0,70.0,4.999964496895697,0.28522899176216965,3.6439041116100044,4.900597401449082,0.21829934027857156,0.1960238960579537
0.00763835493389333,9.0,70.0,4.999964496895697,0.28522899176280575,3.643904111611682,4.900597401463163,0.21829934029116038,0.19602389605896467
0.00766765180889333,9.0,70.0,4.999964496895696,0.2852289917625975,3.643904111611369,4.900597401470505,0.2182993402862179,0.1960238960588317
0.00769694868389333,9.0,70.0,4.999964496895697,0.2852289917625237,3.6439041116104396,4.9005974014566736,0.21829934027776776,0.19602389605827583
0.0077262455588933306,9.0,70.0,4.999964496895697,0.28522899176214694,3.643904111611132,4.9005974014596445,0.2182993402822666,0.19602389605836124
0.007755542433893331,9.0,70.0,4.999964496895697,0.28522899176206995,3.643904111610748,4.900597401459743,0.21829934028255127,0.196023896058381
0.007784839308893331,9.0,70.0,4.9999644968956956,0.2852289917624554,3.643904111610541,4.90059740145946,0.21829934028253128,0.19602389605839776
0.00781413618389333,9.0,70.0,4.999964496895696,0.2852289917624721,3.64390411161061,4.900597401459615,0.21829934028227305,0.19602389605837076
0.00784343305889333,9.0,70.0,4.999964496895697,0.28522899176287836,3.6439041116105226,4.900597401459471,0.2182993402822957,0.196023896058378
0.00787272993389333,9.0,70.0,4.999964496895697,0.2852289917625219,3.6439041116107593,4.900597401459624,0.21829934028238762,0.19602389605838416
0.007902026808893329,9.0,70.0,4.999964496895697,0.2852289917630655,3.643904111610842,4.9005974014597635,0.21829934028239073,0.19602389605838824
0.007931323683893328,9.0,70.0,4.999964496895698,0.28522899176234573,3.643904111610866,4.9005974014597715,0.2182993402822715,0.19602389605838105
0.007960620558893327,9.0,70.0,4.999964496895699,0.28522899176285643,3.643904111611136,4.900597401460084,0.2182993402823974,0.19602389605839532
0.007989917433893327,9.0,70.0,4.999964496895696,0.2852289917624492,3.643904111610478,4.900597401459455,0.2182993402822253,0.1960238960583869
0.008019214308893326,9.0,70.0,4.999964496895697,0.28522899176253175,3.6439041116104907,4.900597401459427,0.21829934027827957,0.19602389605795714
0.008048511183893325,9.0,70.0,4.999964496895699,0.28522899176214705,3.6439041116099546,4.900597401449003,0.21829934027806797,0.19602389605793
0.008077808058893325,9.0,70.0,4.999964496895697,0.28522899176261746,3.643904111611411,4.9005974014629565,0.21829934029072784,0.1960238960589266
0.008107104933893324,9.0,70.0,4.999964496895697,0.28522899176260086,3.6439041116117483,4.90059740147089,0.2182993402864315,0.1960238960588481
0.008136401808893324,9.0,70.0,4.999964496895697,0.28522899176247646,3.6439041116098414,4.9005974014560785,0.21829934027755704,0.19602389605826395
0.008165698683893323,9.0,70.0,4.999964496895697,0.285228991762029,3.6439041116107638,4.900597401459286,0.2182993402784148,0.19602389605794282
0.008194995558893322,9.0,70.0,4.999964496895697,0.2852289917627915,3.6439041116103335,4.900597401449396,0.21829934027842612,0.19602389605793527
0.008224292433893322,9.0,70.0,4.999964496895697,0.28522899176257166,3.6439041116112927,4.900597401462807,0.21829934029058307,0.19602389605891354
0.008253589308893321,9.0,70.0,4.999964496895698,0.2852289917624814,3.643904111611201,4.900597401470319,0.21829934028650722,0.19602389605885287
0.00828288618389332,9.0,70.0,4.999964496895697,0.28522899176218247,3.6439041116102913,4.9005974014566025,0.21829934027789966,0.19602389605828147
0.00831218305889332,9.0,70.0,4.999964496895697,0.2852289917625918,3.6439041116109423,4.900597401459469,0.2182993402822584,0.19602389605835693
0.00834147993389332,9.0,70.0,4.999964496895697,0.28522899176274513,3.6439041116105546,4.900597401459493,0.21829934028282327,0.19602389605840387
0.008370776808893319,9.0,70.0,4.999964496895697,0.2852289917624372,3.6439041116109223,4.9005974014597795,0.21829934028259723,0.19602389605839604
0.008400073683893318,9.0,70.0,4.999964496895697,0.2852289917628609,3.64390411161085,4.900597401459807,0.21829934028239228,0.1960238960583919
0.008429370558893317,9.0,70.0,4.999964496895697,0.28522899176229544,3.6439041116107322,4.900597401459727,0.21829934028228593,0.19602389605838538
0.008458667433893317,9.0,70.0,4.999964496895698,0.2852289917624959,3.6439041116105217,4.900597401459491,0.2182993402822866,0.1960238960583829
0.008487964308893316,9.0,70.0,4.999964496895697,0.28522899176253247,3.6439041116105684,4.900597401459482,0.21829934028245113,0.19602389605839166
0.008517261183893315,9.0,70.0,4.999964496895697,0.2852289917624351,3.643904111610344,4.900597401459291,0.2182993402781377,0.19602389605793943
0.008546558058893315,9.0,70.0,4.999964496895697,0.2852289917627625,3.6439041116098743,4.900597401448902,0.2182993402780311,0.1960238960579225
0.008575854933893314,9.0,70.0,4.999964496895699,0.28522899176218586,3.6439041116115267,4.900597401463028,0.21829934029108355,0.19602389605896034
0.008605151808893314,9.0,70.0,4.999964496895698,0.2852289917625383,3.643904111611065,4.900597401470167,0.21829934028620612,0.1960238960588265
0.008634448683893313,9.0,70.0,4.999964496895697,0.28522899176239336,3.643904111610293,4.90059740145654,0.21829934027797648,0.19602389605828596
0.008663745558893312,9.0,70.0,4.999964496895697,0.28522899176288796,3.643904111611114,4.900597401459696,0.21829934028247244,0.19602389605837636
0.008693042433893312,9.0,70.0,4.999964496895696,0.2852289917624172,3.6439041116114423,4.900597401460459,0.21829934028273712,0.19602389605840148
0.008722339308893311,9.0,70.0,4.999964496895696,0.28522899176271216,3.643904111610394,4.900597401459411,0.2182993402778859,0.1960238960579359
0.00875163618389331,9.0,70.0,4.999964496895698,0.2852289917625073,3.643904111609395,4.900597401448425,0.21829934027802933,0.19602389605793094
0.00878093305889331,9.0,70.0,4.999964496895697,0.2852289917625365,3.643904111611099,4.900597401462621,0.2182993402907938,0.1960238960589156
0.00881022993389331,9.0,70.0,4.999964496895698,0.28522899176208627,3.643904111611419,4.900597401470562,0.21829934028628473,0.19602389605881818
0.008839526808893309,9.0,70.0,4.999964496895699,0.28522899176235417,3.6439041116103303,4.900597401456595,0.21829934027761366,0.19602389605825773
0.008868823683893308,9.0,70.0,4.999964496895697,0.28522899176238087,3.64390411161043,4.900597401458999,0.2182993402780835,0.19602389605792303
0.008898120558893307,9.0,70.0,4.9999644968956956,0.2852289917628256,3.643904111609391,4.900597401448458,0.21829934027847164,0.19602389605793516
0.008927417433893307,9.0,70.0,4.999964496895697,0.2852289917627065,3.643904111611131,4.900597401462672,0.21829934029115994,0.19602389605894288
0.008956714308893306,9.0,70.0,4.999964496895698,0.28522899176219435,3.643904111611075,4.900597401470215,0.21829934028641662,0.19602389605883308
0.008986011183893305,9.0,70.0,4.999964496895698,0.2852289917624447,3.6439041116102198,4.900597401456477,0.21829934027777576,0.19602389605826515
0.009015308058893305,9.0,70.0,4.9999644968956956,0.2852289917626775,3.6439041116107194,4.90059740145919,0.21829934027829423,0.1960238960579396
0.009044604933893304,9.0,70.0,4.999964496895696,0.28522899176203087,3.6439041116090696,4.900597401448143,0.21829934027835418,0.19602389605792836
0.009073901808893304,9.0,70.0,4.999964496895697,0.2852289917625479,3.6439041116111883,4.900597401462653,0.2182993402910891,0.19602389605892725
0.009103198683893303,9.0,70.0,4.999964496895696,0.28522899176259275,3.643904111611315,4.900597401470426,0.21829934028663822,0.19602389605885376
0.009132495558893302,9.0,70.0,4.9999644968956956,0.28522899176283045,3.6439041116096953,4.9005974014559435,0.21829934027778242,0.19602389605827242
0.009161792433893302,9.0,70.0,4.999964496895697,0.28522899176216265,3.643904111610442,4.900597401458976,0.21829934027823694,0.19602389605791856
0.009191089308893301,9.0,70.0,4.999964496895697,0.28522899176226946,3.6439041116096567,4.900597401448719,0.21829934027862596,0.19602389605794668
0.0092203861838933,9.0,70.0,4.999964496895697,0.28522899176268074,3.6439041116108273,4.900597401462311,0.21829934029078535,0.19602389605891232
0.0092496830588933,9.0,70.0,4.999964496895698,0.2852289917621964,3.643904111611761,4.90059740147085,0.21829934028638442,0.1960238960588209
0.0092789799338933,9.0,70.0,4.999964496895699,0.2852289917618455,3.6439041116095825,4.900597401455845,0.21829934027775577,0.1960238960582807
0.009308276808893299,9.0,70.0,4.999964496895698,0.2852289917625968,3.643904111610572,4.9005974014591045,0.21829934027843834,0.196023896057939
0.009337573683893298,9.0,70.0,4.999964496895696,0.28522899176268085,3.643904111610458,4.900597401449529,0.21829934027872233,0.19602389605796
0.009366870558893297,9.0,70.0,4.999964496895697,0.28522899176267885,3.643904111611262,4.900597401462766,0.218299340290957,0.19602389605895604
0.009396167433893297,9.0,70.0,4.999964496895697,0.28522899176247485,3.6439041116115893,4.900597401470701,0.2182993402863611,0.19602389605883752
0.009425464308893296,9.0,70.0,4.999964496895697,0.2852289917626232,3.643904111610279,4.900597401456562,0.21829934027780196,0.1960238960582831
0.009454761183893295,9.0,70.0,4.9999644968957,0.28522899176237354,3.64390411161048,4.900597401459083,0.21829934027810127,0.19602389605792403
0.009484058058893295,9.0,70.0,4.999964496895697,0.28522899176270533,3.643904111610326,4.900597401449415,0.21829934027853426,0.19602389605794354
0.009513354933893294,9.0,70.0,4.999964496895698,0.28522899176249755,3.643904111611807,4.90059740146333,0.21829934029103626,0.1960238960589601
0.009542651808893294,9.0,70.0,4.999964496895698,0.28522899176224425,3.6439041116116604,4.900597401470759,0.218299340286356,0.1960238960588532
0.009571948683893293,9.0,70.0,4.999964496895699,0.285228991762495,3.643904111610633,4.900597401456928,0.21829934027758524,0.19602389605826567
0.009601245558893292,9.0,70.0,4.999964496895698,0.2852289917627085,3.6439041116110475,4.900597401459567,0.21829934028228326,0.19602389605837212
0.009630542433893292,9.0,70.0,4.999964496895697,0.2852289917622282,3.643904111610785,4.900597401459771,0.218299340282593,0.19602389605838408
0.009659839308893291,9.0,70.0,4.9999644968957,0.285228991762427,3.6439041116106243,4.900597401459544,0.2182993402824509,0.19602389605838916
0.00968913618389329,9.0,70.0,4.999964496895697,0.28522899176229205,3.6439041116109436,4.900597401459851,0.2182993402822202,0.19602389605836767
0.00971843305889329,9.0,70.0,4.999964496895697,0.28522899176230526,3.6439041116105573,4.900597401459484,0.21829934028236653,0.19602389605839324
0.00974772993389329,9.0,70.0,4.999964496895697,0.2852289917626026,3.6439041116107083,4.9005974014596285,0.2182993402822564,0.1960238960583723
0.009777026808893289,9.0,70.0,4.999964496895696,0.28522899176249156,3.643904111610755,4.9005974014597005,0.2182993402822906,0.19602389605837783
0.009806323683893288,9.0,70.0,4.999964496895696,0.28522899176236327,3.643904111610577,4.900597401459472,0.21829934028238562,0.1960238960583908
0.009835620558893287,9.0,70.0,4.999964496895697,0.2852289917623911,3.6439041116110475,4.900597401459997,0.21829934028228282,0.19602389605837353
0.009864917433893287,9.0,70.0,4.999964496895696,0.2852289917629212,3.6439041116109325,4.900597401459834,0.21829934028235587,0.196023896058396
0.009894214308893286,9.0,70.0,4.999964496895696,0.28522899176248423,3.64390411161041,4.900597401459303,0.21829934027808484,0.19602389605794837
0.009923511183893285,9.0,70.0,4.999964496895697,0.28522899176239047,3.6439041116101243,4.900597401449163,0.218299340278304,0.19602389605795348
0.009952808058893285,9.0,70.0,4.999964496895697,0.2852289917623699,3.6439041116113082,4.900597401462839,0.21829934029086862,0.19602389605894543
0.009982104933893284,9.0,70.0,4.999964496895698,0.2852289917619395,3.6439041116113957,4.900597401470516,0.21829934028632736,0.19602389605883436
0.010011401808893284,9.0,70.0,4.999964496895697,0.2852289917626002,3.643904111610268,4.900597401456501,0.21829934027780395,0.19602389605827727
0.010040698683893283,9.0,70.0,4.999964496895698,0.28522899176244165,3.643904111610281,4.900597401458836,0.21829934027810904,0.19602389605792161
0.010069995558893282,9.0,70.0,4.999964496895697,0.28522899176265615,3.6439041116095474,4.900597401448653,0.21829934027845543,0.19602389605792733
0.010099292433893282,9.0,70.0,4.999964496895697,0.2852289917629218,3.6439041116109694,4.900597401462498,0.21829934029109932,0.19602389605894158
0.010128589308893281,9.0,70.0,4.999964496895699,0.2852289917624078,3.6439041116117377,4.900597401470874,0.21829934028633957,0.1960238960588211
0.01015788618389328,9.0,70.0,4.999964496895698,0.285228991762827,3.643904111609632,4.900597401455882,0.2182993402775566,0.19602389605826187
0.01018718305889328,9.0,70.0,4.999964496895697,0.28522899176282496,3.643904111610704,4.900597401459201,0.21829934027835685,0.19602389605793183
0.01021647993389328,9.0,70.0,4.9999644968956956,0.28522899176299255,3.6439041116098525,4.90059740144891,0.21829934027844522,0.19602389605793416
0.010245776808893279,9.0,70.0,4.9999644968956956,0.2852289917625649,3.643904111610984,4.900597401462494,0.21829934029122677,0.19602389605896536
0.010275073683893278,9.0,70.0,4.999964496895697,0.2852289917622604,3.6439041116111546,4.900597401470308,0.21829934028648346,0.1960238960588378
0.010304370558893277,9.0,70.0,4.999964496895696,0.28522899176287275,3.643904111610035,4.900597401456283,0.21829934027774067,0.196023896058263
0.010333667433893277,9.0,70.0,4.999964496895696,0.2852289917625997,3.643904111610987,4.900597401459551,0.21829934028245646,0.19602389605836826
0.010362964308893276,9.0,70.0,4.999964496895698,0.2852289917625094,3.6439041116109863,4.900597401459941,0.21829934028269116,0.19602389605839107
0.010392261183893275,9.0,70.0,4.999964496895699,0.2852289917623799,3.643904111610851,4.900597401459788,0.21829934028225528,0.19602389605837522
0.010421558058893275,9.0,70.0,4.999964496895697,0.2852289917624462,3.643904111610929,4.900597401459859,0.21829934028223286,0.19602389605837864
0.010450854933893274,9.0,70.0,4.999964496895697,0.2852289917626853,3.643904111610547,4.900597401459515,0.2182993402823621,0.19602389605839474
0.010480151808893274,9.0,70.0,4.999964496895698,0.2852289917617405,3.643904111610472,4.900597401459391,0.21829934027820874,0.19602389605795043
0.010509448683893273,9.0,70.0,4.999964496895697,0.2852289917622291,3.643904111609362,4.900597401448452,0.21829934027823716,0.19602389605794718
0.010538745558893272,9.0,70.0,4.999964496895696,0.2852289917624698,3.6439041116117235,4.9005974014631715,0.21829934029124343,0.1960238960589632
0.010568042433893272,9.0,70.0,4.999964496895697,0.2852289917624876,3.64390411161168,4.900597401470834,0.21829934028615106,0.19602389605882206
0.010597339308893271,9.0,70.0,4.999964496895696,0.28522899176232364,3.6439041116099364,4.900597401456175,0.2182993402776936,0.19602389605827825
0.01062663618389327,9.0,70.0,4.999964496895697,0.2852289917624391,3.6439041116104893,4.900597401459045,0.21829934027827202,0.19602389605793097
0.01065593305889327,9.0,70.0,4.999964496895697,0.2852289917628297,3.643904111609284,4.900597401448386,0.21829934027848985,0.19602389605793505
0.01068522993389327,9.0,70.0,4.999964496895696,0.28522899176259436,3.643904111610978,4.900597401462528,0.2182993402910045,0.19602389605892448
0.010714526808893269,9.0,70.0,4.999964496895696,0.2852289917622215,3.64390411161159,4.900597401470681,0.21829934028666598,0.19602389605885445
0.010743823683893268,9.0,70.0,4.999964496895697,0.2852289917625766,3.6439041116099644,4.900597401456254,0.2182993402775717,0.19602389605825765
0.010773120558893267,9.0,70.0,4.999964496895697,0.2852289917624663,3.6439041116106634,4.900597401459224,0.2182993402783413,0.19602389605794074
0.010802417433893267,9.0,70.0,4.999964496895697,0.2852289917628199,3.643904111610299,4.900597401449358,0.21829934027850473,0.19602389605794365
0.010831714308893266,9.0,70.0,4.999964496895697,0.28522899176258076,3.6439041116111808,4.9005974014626785,0.21829934029077602,0.19602389605893236
0.010861011183893265,9.0,70.0,4.999964496895697,0.28522899176248623,3.6439041116118323,4.900597401470946,0.2182993402863882,0.19602389605883608
0.010890308058893265,9.0,70.0,4.999964496895697,0.2852289917623067,3.6439041116096056,4.900597401455864,0.21829934027766273,0.19602389605827547
0.010919604933893264,9.0,70.0,4.999964496895697,0.28522899176224914,3.6439041116109627,4.900597401459479,0.21829934028242426,0.1960238960583553
0.010948901808893264,9.0,70.0,4.999964496895697,0.2852289917620548,3.6439041116107385,4.900597401459739,0.218299340282764,0.19602389605839304
0.010978198683893263,9.0,70.0,4.999964496895697,0.28522899176236816,3.6439041116105177,4.900597401459447,0.2182993402783353,0.19602389605795875
0.011007495558893262,9.0,70.0,4.999964496895697,0.2852289917627306,3.6439041116097117,4.900597401448712,0.2182993402782818,0.19602389605795448
0.011036792433893262,9.0,70.0,4.9999644968956956,0.28522899176262967,3.643904111611717,4.900597401463212,0.21829934029079023,0.19602389605892534
0.011066089308893261,9.0,70.0,4.999964496895697,0.2852289917622415,3.643904111611334,4.900597401470479,0.21829934028622877,0.1960238960588334
0.01109538618389326,9.0,70.0,4.999964496895699,0.2852289917626771,3.643904111610533,4.9005974014567935,0.21829934027781484,0.19602389605827994
0.01112468305889326,9.0,70.0,4.9999644968957,0.2852289917623523,3.6439041116104263,4.900597401458977,0.21829934027812392,0.19602389605793222
0.01115397993389326,9.0,70.0,4.999964496895697,0.28522899176261796,3.643904111609247,4.90059740144833,0.2182993402786011,0.19602389605794857
0.011183276808893259,9.0,70.0,4.999964496895697,0.2852289917620946,3.643904111611658,4.900597401463165,0.218299340291094,0.19602389605893156
0.011212573683893258,9.0,70.0,4.999964496895697,0.28522899176294186,3.6439041116116484,4.900597401470806,0.21829934028638842,0.19602389605884454
0.011241870558893257,9.0,70.0,4.999964496895698,0.28522899176272715,3.6439041116103015,4.900597401456545,0.2182993402775466,0.1960238960582629
0.011271167433893257,9.0,70.0,4.999964496895697,0.28522899176249206,3.6439041116109285,4.900597401459536,0.21829934028233988,0.19602389605836762
0.011300464308893256,9.0,70.0,4.9999644968956956,0.2852289917629647,3.6439041116115094,4.900597401460453,0.21829934028251752,0.19602389605837334
0.011329761183893255,9.0,70.0,4.999964496895697,0.2852289917622247,3.6439041116108415,4.900597401459801,0.21829934028231546,0.1960238960583964
0.011359058058893255,9.0,70.0,4.999964496895698,0.2852289917626951,3.643904111610701,4.900597401459619,0.21829934028227416,0.19602389605838608
0.011388354933893254,9.0,70.0,4.999964496895696,0.2852289917626882,3.6439041116104023,4.900597401459419,0.21829934027806663,0.1960238960579385
0.011417651808893254,9.0,70.0,4.999964496895697,0.28522899176246064,3.6439041116100097,4.900597401449102,0.21829934027808062,0.19602389605793208
0.011446948683893253,9.0,70.0,4.999964496895698,0.2852289917627032,3.6439041116111595,4.900597401462674,0.2182993402911253,0.19602389605897114
0.011476245558893252,9.0,70.0,4.999964496895697,0.28522899176252003,3.643904111611708,4.90059740147083,0.21829934028639864,0.1960238960588364
0.011505542433893252,9.0,70.0,4.999964496895698,0.28522899176251526,3.643904111609633,4.900597401455952,0.21829934027777864,0.19602389605828335
0.011534839308893251,9.0,70.0,4.9999644968956956,0.28522899176258953,3.6439041116104485,4.900597401458958,0.21829934027821896,0.19602389605791806
0.01156413618389325,9.0,70.0,4.999964496895696,0.28522899176214184,3.6439041116102775,4.900597401449377,0.2182993402787643,0.1960238960579598
0.01159343305889325,9.0,70.0,4.999964496895697,0.2852289917631553,3.643904111611571,4.900597401463083,0.2182993402910387,0.19602389605895873
0.01162272993389325,9.0,70.0,4.999964496895698,0.28522899176229116,3.643904111611248,4.9005974014703995,0.21829934028626452,0.1960238960588364
0.011652026808893249,9.0,70.0,4.999964496895697,0.28522899176263716,3.6439041116098663,4.9005974014561655,0.21829934027783104,0.19602389605827897
0.011681323683893248,9.0,70.0,4.999964496895697,0.28522899176226085,3.6439041116110507,4.900597401459572,0.21829934028249642,0.19602389605836862
0.011710620558893247,9.0,70.0,4.999964496895696,0.28522899176258215,3.6439041116104733,4.900597401459453,0.2182993402828195,0.19602389605840354
0.011739917433893247,9.0,70.0,4.999964496895697,0.28522899176286565,3.6439041116105284,4.900597401459446,0.21829934027838083,0.19602389605795542
0.011769214308893246,9.0,70.0,4.999964496895697,0.2852289917626244,3.643904111609577,4.900597401448622,0.218299340278171,0.19602389605794088
0.011798511183893245,9.0,70.0,4.999964496895696,0.2852289917626686,3.6439041116113895,4.900597401462931,0.21829934029108822,0.19602389605895362
0.011827808058893245,9.0,70.0,4.999964496895698,0.2852289917626068,3.643904111611207,4.900597401470331,0.21829934028641995,0.1960238960588443
0.011857104933893244,9.0,70.0,4.999964496895696,0.28522899176253447,3.6439041116104374,4.900597401456673,0.21829934027763875,0.19602389605825532
0.011886401808893244,9.0,70.0,4.999964496895698,0.28522899176241084,3.6439041116106137,4.900597401459178,0.21829934027823672,0.1960238960579396
0.011915698683893243,9.0,70.0,4.999964496895697,0.2852289917624375,3.6439041116093023,4.900597401448358,0.21829934027842968,0.19602389605793655
0.011944995558893242,9.0,70.0,4.999964496895697,0.28522899176248384,3.6439041116109703,4.900597401462479,0.21829934029131826,0.19602389605895743
0.011974292433893242,9.0,70.0,4.999964496895699,0.2852289917627848,3.6439041116115716,4.900597401470707,0.2182993402865694,0.19602389605884224
0.012003589308893241,9.0,70.0,4.999964496895697,0.2852289917625075,3.6439041116102104,4.900597401456513,0.21829934027729547,0.19602389605822904
0.01203288618389324,9.0,70.0,4.999964496895697,0.28522899176289407,3.6439041116112754,4.900597401459857,0.2182993402824458,0.1960238960583774
0.01206218305889324,9.0,70.0,4.999964496895696,0.2852289917624853,3.6439041116111373,4.900597401460093,0.2182993402826896,0.19602389605840187
0.01209147993389324,9.0,70.0,4.999964496895696,0.285228991762024,3.6439041116102944,4.900597401459242,0.21829934027815567,0.1960238960579534
0.012120776808893239,9.0,70.0,4.9999644968956956,0.28522899176244004,3.643904111609324,4.900597401448354,0.21829934027820141,0.19602389605794113
0.012150073683893238,9.0,70.0,4.999964496895697,0.2852289917622815,3.643904111611289,4.900597401462781,0.2182993402912794,0.19602389605896306
0.012179370558893237,9.0,70.0,4.999964496895698,0.2852289917622826,3.643904111610982,4.900597401470094,0.21829934028637554,0.1960238960588326
0.012208667433893237,9.0,70.0,4.999964496895697,0.2852289917624055,3.6439041116096798,4.9005974014559355,0.21829934027792652,0.19602389605827714
0.012237964308893236,9.0,70.0,4.999964496895698,0.2852289917624358,3.6439041116112465,4.900597401459767,0.21829934028243048,0.19602389605835335
0.012267261183893235,9.0,70.0,4.999964496895697,0.28522899176207417,3.64390411161124,4.900597401460251,0.21829934028258413,0.19602389605838447
0.012296558058893235,9.0,70.0,4.999964496895698,0.2852289917625513,3.643904111610829,4.900597401459784,0.21829934028215625,0.19602389605837622
0.012325854933893234,9.0,70.0,4.999964496895698,0.28522899176268873,3.6439041116111417,4.900597401460065,0.2182993402822042,0.19602389605837764
0.012355151808893234,9.0,70.0,4.9999644968957,0.28522899176260497,3.6439041116106288,4.900597401459549,0.21829934028209141,0.19602389605837262
0.012384448683893233,9.0,70.0,4.999964496895697,0.2852289917624707,3.643904111611059,4.900597401459962,0.2182993402823874,0.19602389605838866
0.012413745558893232,9.0,70.0,4.999964496895697,0.28522899176262306,3.643904111610188,4.900597401459136,0.21829934027810594,0.19602389605795115
0.012443042433893232,9.0,70.0,4.9999644968956956,0.2852289917626564,3.6439041116096784,4.900597401448756,0.21829934027831688,0.1960238960579501
0.012472339308893231,9.0,70.0,4.999964496895697,0.2852289917628053,3.6439041116115924,4.900597401463075,0.21829934029072118,0.19602389605891637
0.01250163618389323,9.0,70.0,4.999964496895697,0.28522899176277594,3.6439041116117705,4.9005974014709,0.21829934028645193,0.19602389605885223
0.01253093305889323,9.0,70.0,4.999964496895696,0.28522899176258254,3.643904111610099,4.9005974014563165,0.21829934027766185,0.1960238960582763
0.01256022993389323,9.0,70.0,4.999964496895698,0.28522899176238564,3.643904111610654,4.900597401459201,0.21829934027820097,0.1960238960579282
0.012589526808893229,9.0,70.0,4.999964496895697,0.28522899176234595,3.6439041116098534,4.900597401448936,0.21829934027860598,0.1960238960579529
0.012618823683893228,9.0,70.0,4.999964496895696,0.2852289917626941,3.6439041116112114,4.900597401462743,0.21829934029072606,0.1960238960589134
0.012648120558893227,9.0,70.0,4.999964496895697,0.285228991762703,3.643904111611442,4.900597401470594,0.21829934028625209,0.19602389605882117
0.012677417433893227,9.0,70.0,4.999964496895696,0.28522899176267835,3.643904111609556,4.900597401455843,0.21829934027778974,0.19602389605827852
0.012706714308893226,9.0,70.0,4.999964496895697,0.285228991762742,3.6439041116106585,4.900597401459166,0.2182993402783362,0.19602389605792606
0.012736011183893226,9.0,70.0,4.999964496895696,0.28522899176282585,3.643904111609537,4.900597401448587,0.2182993402785276,0.1960238960579412
0.012765308058893225,9.0,70.0,4.999964496895697,0.285228991762547,3.6439041116114996,4.90059740146305,0.21829934029105225,0.19602389605893702
0.012794604933893224,9.0,70.0,4.999964496895697,0.2852289917628511,3.6439041116114774,4.9005974014706295,0.21829934028637665,0.19602389605884213
0.012823901808893224,9.0,70.0,4.999964496895697,0.28522899176222627,3.6439041116098374,4.900597401456123,0.21829934027780173,0.19602389605828324
0.012853198683893223,9.0,70.0,4.999964496895698,0.28522899176309413,3.6439041116103605,4.9005974014588904,0.21829934027840103,0.19602389605794193
0.012882495558893222,9.0,70.0,4.999964496895697,0.2852289917626741,3.6439041116098454,4.900597401448947,0.21829934027851916,0.19602389605793327
0.012911792433893222,9.0,70.0,4.999964496895697,0.28522899176237737,3.6439041116114144,4.900597401462965,0.218299340290947,0.19602389605893528
0.012941089308893221,9.0,70.0,4.999964496895697,0.2852289917624395,3.643904111611552,4.900597401470643,0.21829934028631048,0.19602389605883475
0.01297038618389322,9.0,70.0,4.999964496895696,0.2852289917623699,3.643904111610315,4.900597401456572,0.21829934027755193,0.19602389605825696
0.01299968305889322,9.0,70.0,4.999964496895697,0.2852289917622186,3.6439041116109103,4.900597401459426,0.21829934027818276,0.19602389605793305
0.01302897993389322,9.0,70.0,4.999964496895698,0.285228991762491,3.643904111609938,4.9005974014490405,0.21829934027837394,0.19602389605793769
0.013058276808893219,9.0,70.0,4.999964496895696,0.28522899176224853,3.643904111611162,4.900597401462721,0.21829934029096165,0.19602389605894277
0.013087573683893218,9.0,70.0,4.999964496895697,0.28522899176287675,3.643904111611656,4.90059740147084,0.21829934028635267,0.1960238960588313
0.013116870558893217,9.0,70.0,4.999964496895699,0.2852289917623901,3.643904111610306,4.90059740145662,0.2182993402776201,0.19602389605826795
0.013146167433893217,9.0,70.0,4.999964496895697,0.2852289917625248,3.643904111610583,4.900597401459123,0.21829934027807085,0.19602389605792397
0.013175464308893216,9.0,70.0,4.999964496895697,0.285228991762015,3.6439041116100674,4.900597401449072,0.21829934027845188,0.1960238960579367
0.013204761183893216,9.0,70.0,4.999964496895697,0.2852289917627704,3.6439041116113216,4.900597401462842,0.2182993402909883,0.19602389605894452
0.013234058058893215,9.0,70.0,4.999964496895697,0.285228991762458,3.643904111611843,4.900597401471002,0.2182993402863842,0.1960238960588387
0.013263354933893214,9.0,70.0,4.999964496895699,0.28522899176217864,3.6439041116104387,4.900597401456746,0.21829934027747733,0.19602389605825907
0.013292651808893214,9.0,70.0,4.999964496895697,0.28522899176251393,3.6439041116109245,4.900597401459489,0.2182993402821618,0.19602389605835593
0.013321948683893213,9.0,70.0,4.999964496895697,0.28522899176236527,3.6439041116103996,4.900597401459365,0.21829934027833708,0.19602389605793666
0.013351245558893212,9.0,70.0,4.999964496895698,0.28522899176269023,3.643904111610041,4.900597401449089,0.21829934027821185,0.19602389605793355
0.013380542433893212,9.0,70.0,4.999964496895699,0.28522899176251076,3.643904111611453,4.900597401462968,0.21829934029086573,0.196023896058942
0.013409839308893211,9.0,70.0,4.999964496895698,0.28522899176211186,3.6439041116115036,4.900597401470587,0.21829934028618636,0.196023896058824
0.01343913618389321,9.0,70.0,4.999964496895697,0.28522899176282795,3.6439041116098565,4.9005974014561495,0.2182993402778235,0.19602389605828283
0.01346843305889321,9.0,70.0,4.9999644968956956,0.28522899176253436,3.6439041116109365,4.9005974014594,0.21829934027833042,0.1960238960579343
0.01349772993389321,9.0,70.0,4.9999644968956956,0.2852289917623744,3.643904111610211,4.9005974014493265,0.21829934027833464,0.19602389605792994
0.013527026808893209,9.0,70.0,4.999964496895697,0.2852289917620627,3.6439041116113904,4.900597401462942,0.21829934029093168,0.19602389605894874
0.013556323683893208,9.0,70.0,4.999964496895698,0.2852289917628278,3.643904111611298,4.900597401470383,0.21829934028625342,0.1960238960588301
0.013585620558893207,9.0,70.0,4.999964496895697,0.285228991761975,3.6439041116099022,4.900597401456138,0.21829934027771647,0.19602389605826515
0.013614917433893207,9.0,70.0,4.999964496895697,0.28522899176271294,3.6439041116105053,4.900597401459058,0.21829934027827314,0.19602389605792675
0.013644214308893206,9.0,70.0,4.999964496895698,0.2852289917628688,3.643904111609457,4.900597401448529,0.21829934027867082,0.19602389605795448
0.013673511183893206,9.0,70.0,4.999964496895696,0.2852289917623434,3.6439041116111537,4.900597401462701,0.21829934029112352,0.19602389605894197
0.013702808058893205,9.0,70.0,4.9999644968957,0.28522899176235406,3.643904111611162,4.900597401470323,0.2182993402864355,0.19602389605883688
0.013732104933893204,9.0,70.0,4.999964496895697,0.2852289917630806,3.643904111609734,4.900597401455991,0.21829934027788034,0.19602389605827975
0.013761401808893204,9.0,70.0,4.999964496895697,0.2852289917628677,3.6439041116104134,4.900597401458904,0.21829934027854048,0.1960238960579508
0.013790698683893203,9.0,70.0,4.999964496895697,0.2852289917625165,3.643904111609277,4.90059740144839,0.2182993402785376,0.1960238960579354
0.013819995558893202,9.0,70.0,4.999964496895697,0.2852289917624071,3.643904111611238,4.900597401462742,0.2182993402911404,0.1960238960589387
0.013849292433893202,9.0,70.0,4.999964496895696,0.2852289917624573,3.643904111611531,4.900597401470657,0.21829934028650255,0.19602389605884457
0.013878589308893201,9.0,70.0,4.9999644968956956,0.2852289917620082,3.643904111610353,4.900597401456635,0.21829934027756703,0.19602389605825804
0.0139078861838932,9.0,70.0,4.999964496895698,0.2852289917625276,3.643904111610712,4.900597401459287,0.2182993402780189,0.19602389605791867
0.0139371830588932,9.0,70.0,4.999964496895697,0.28522899176283273,3.643904111610179,4.90059740144922,0.2182993402785227,0.19602389605794962
0.0139664799338932,9.0,70.0,4.999964496895697,0.2852289917625859,3.6439041116111754,4.900597401462714,0.21829934029119125,0.19602389605897153
0.013995776808893199,9.0,70.0,4.999964496895697,0.28522899176240185,3.643904111611909,4.900597401470982,0.21829934028641973,0.19602389605883921
0.014025073683893198,9.0,70.0,4.999964496895697,0.2852289917623573,3.6439041116099555,4.900597401456163,0.21829934027756148,0.1960238960582662
0.014054370558893197,9.0,70.0,4.999964496895698,0.2852289917626367,3.643904111611085,4.9005974014596285,0.2182993402824096,0.19602389605836337
0.014083667433893197,9.0,70.0,4.999964496895697,0.2852289917619898,3.6439041116112065,4.900597401460173,0.21829934028262765,0.19602389605838536
0.014112964308893196,9.0,70.0,4.999964496895697,0.28522899176234684,3.6439041116109294,4.90059740145988,0.21829934028215736,0.196023896058372
0.014142261183893196,9.0,70.0,4.999964496895698,0.28522899176213173,3.643904111610889,4.900597401459798,0.21829934028216647,0.1960238960583758
0.014171558058893195,9.0,70.0,4.999964496895698,0.28522899176267547,3.6439041116105346,4.900597401459427,0.21829934027824738,0.1960238960579637
0.014200854933893194,9.0,70.0,4.999964496895696,0.28522899176248206,3.6439041116096424,4.900597401448676,0.2182993402781015,0.19602389605793583
0.014230151808893194,9.0,70.0,4.999964496895697,0.28522899176222627,3.6439041116116773,4.900597401463191,0.21829934029106446,0.19602389605895146
0.014259448683893193,9.0,70.0,4.999964496895697,0.2852289917624812,3.6439041116111524,4.900597401470252,0.2182993402861384,0.19602389605882248
0.014288745558893192,9.0,70.0,4.999964496895697,0.28522899176281624,3.643904111610361,4.900597401456633,0.21829934027788278,0.1960238960582797
0.014318042433893192,9.0,70.0,4.999964496895697,0.2852289917621646,3.6439041116107025,4.900597401459273,0.21829934027832043,0.19602389605794635
0.014347339308893191,9.0,70.0,4.999964496895697,0.2852289917617508,3.643904111609913,4.900597401448991,0.21829934027853048,0.19602389605794965
0.01437663618389319,9.0,70.0,4.999964496895699,0.2852289917626143,3.643904111611339,4.900597401462895,0.2182993402910447,0.1960238960589492
0.01440593305889319,9.0,70.0,4.999964496895697,0.2852289917623953,3.643904111611856,4.900597401470964,0.21829934028627362,0.19602389605882833
0.01443522993389319,9.0,70.0,4.999964496895697,0.2852289917623193,3.643904111609632,4.900597401455909,0.2182993402775959,0.19602389605827053
0.014464526808893189,9.0,70.0,4.999964496895697,0.2852289917625626,3.643904111610976,4.900597401459514,0.21829934028264675,0.19602389605838022
0.014493823683893188,9.0,70.0,4.999964496895699,0.2852289917623004,3.643904111610314,4.900597401459317,0.21829934027851472,0.19602389605795076
0.014523120558893187,9.0,70.0,4.999964496895697,0.28522899176308986,3.643904111609427,4.900597401448475,0.21829934027838926,0.19602389605795142
0.014552417433893187,9.0,70.0,4.999964496895699,0.2852289917622002,3.6439041116116524,4.900597401463189,0.2182993402908735,0.1960238960589242
0.014581714308893186,9.0,70.0,4.999964496895696,0.2852289917623848,3.6439041116113615,4.900597401470454,0.21829934028643683,0.19602389605885343
0.014611011183893186,9.0,70.0,4.999964496895697,0.2852289917624047,3.643904111609948,4.900597401456245,0.21829934027758813,0.19602389605825601
0.014640308058893185,9.0,70.0,4.999964496895698,0.2852289917626029,3.6439041116104427,4.900597401459034,0.21829934027823583,0.19602389605792706
0.014669604933893184,9.0,70.0,4.999964496895699,0.2852289917626495,3.6439041116096713,4.9005974014487315,0.21829934027844455,0.1960238960579307
0.014698901808893184,9.0,70.0,4.999964496895697,0.2852289917625701,3.643904111611653,4.900597401463157,0.2182993402909359,0.1960238960589283
0.014728198683893183,9.0,70.0,4.999964496895697,0.28522899176234057,3.643904111611211,4.900597401470324,0.21829934028636266,0.19602389605884463
0.014757495558893182,9.0,70.0,4.999964496895697,0.28522899176263433,3.6439041116102366,4.900597401456537,0.2182993402777973,0.1960238960582738
0.014786792433893182,9.0,70.0,4.999964496895698,0.28522899176249,3.643904111610892,4.900597401459404,0.21829934027811082,0.19602389605792248
0.014816089308893181,9.0,70.0,4.999964496895697,0.28522899176257466,3.6439041116097046,4.900597401448787,0.21829934027848763,0.1960238960579487
0.01484538618389318,9.0,70.0,4.999964496895697,0.28522899176250527,3.643904111611026,4.900597401462539,0.21829934029114062,0.19602389605895368
0.01487468305889318,9.0,70.0,4.999964496895697,0.28522899176262045,3.643904111611214,4.900597401470375,0.21829934028654652,0.1960238960588444
0.01490397993389318,9.0,70.0,4.999964496895697,0.28522899176263083,3.6439041116096798,4.900597401455949,0.2182993402778297,0.19602389605827433
0.014933276808893179,9.0,70.0,4.999964496895697,0.28522899176221195,3.6439041116105164,4.900597401459115,0.21829934027839082,0.19602389605793386
0.014962573683893178,9.0,70.0,4.999964496895697,0.28522899176236466,3.6439041116096713,4.900597401448763,0.21829934027866038,0.1960238960579546
0.014991870558893177,9.0,70.0,4.999964496895697,0.2852289917621901,3.6439041116109383,4.900597401462477,0.21829934029113263,0.1960238960589509
0.015021167433893177,9.0,70.0,4.999964496895698,0.2852289917625258,3.643904111611552,4.900597401470633,0.21829934028639175,0.19602389605882703
0.015050464308893176,9.0,70.0,4.999964496895697,0.2852289917622124,3.6439041116097868,4.900597401456117,0.2182993402776383,0.19602389605826256
0.015079761183893176,9.0,70.0,4.999964496895697,0.2852289917622539,3.643904111610496,4.900597401459076,0.2182993402783402,0.1960238960579357
0.015109058058893175,9.0,70.0,4.999964496895697,0.2852289917628419,3.643904111610743,4.900597401449822,0.21829934027838305,0.19602389605792536
0.015138354933893174,9.0,70.0,4.999964496895696,0.28522899176276273,3.6439041116113824,4.900597401462896,0.21829934029097875,0.19602389605896722
0.015167651808893174,9.0,70.0,4.999964496895696,0.28522899176254635,3.643904111611522,4.900597401470657,0.21829934028643705,0.19602389605885118
0.015196948683893173,9.0,70.0,4.999964496895697,0.28522899176257305,3.6439041116105106,4.900597401456816,0.21829934027759101,0.1960238960582602
0.015226245558893172,9.0,70.0,4.999964496895696,0.28522899176126754,3.643904111610704,4.900597401459323,0.2182993402781539,0.19602389605793677
0.015255542433893172,9.0,70.0,4.999964496895697,0.28522899176289984,3.6439041116098925,4.9005974014490095,0.21829934027852405,0.19602389605795129
0.015284839308893171,9.0,70.0,4.999964496895698,0.2852289917621828,3.643904111611677,4.900597401463208,0.2182993402906539,0.19602389605890885
0.01531413618389317,9.0,70.0,4.999964496895698,0.2852289917625031,3.6439041116114748,4.900597401470642,0.2182993402862663,0.19602389605883708
0.01534343305889317,9.0,70.0,4.999964496895697,0.28522899176239425,3.643904111610408,4.900597401456691,0.21829934027776687,0.19602389605828016
0.01537272993389317,9.0,70.0,4.999964496895697,0.2852289917623427,3.6439041116110857,4.900597401459638,0.21829934028235987,0.1960238960583723
0.015402026808893169,9.0,70.0,4.999964496895697,0.2852289917626277,3.643904111610553,4.900597401459484,0.2182993402826412,0.1960238960583902
0.015431323683893168,9.0,70.0,4.999964496895697,0.28522899176250305,3.643904111610847,4.9005974014597875,0.2182993402824902,0.19602389605838513
0.015460620558893167,9.0,70.0,4.999964496895698,0.28522899176224453,3.643904111610491,4.900597401459429,0.21829934027826403,0.19602389605796078
0.015489917433893167,9.0,70.0,4.999964496895697,0.2852289917624243,3.643904111609284,4.900597401448296,0.21829934027815856,0.19602389605794257
0.015519214308893166,9.0,70.0,4.999964496895698,0.28522899176266475,3.6439041116110302,4.900597401462558,0.2182993402914175,0.19602389605897738
0.015548511183893166,9.0,70.0,4.999964496895697,0.2852289917624114,3.6439041116114277,4.900597401470593,0.2182993402863449,0.1960238960588222
0.015577808058893165,9.0,70.0,4.999964496895696,0.2852289917625602,3.6439041116097606,4.90059740145604,0.21829934027777242,0.1960238960582751
0.015607104933893164,9.0,70.0,4.999964496895698,0.2852289917625097,3.643904111610703,4.900597401459267,0.21829934027842834,0.1960238960579421
0.015636401808893165,9.0,70.0,4.999964496895697,0.2852289917622629,3.6439041116095803,4.900597401448663,0.21829934027836595,0.19602389605792905
0.015665698683893167,9.0,70.0,4.999964496895697,0.28522899176294053,3.6439041116114876,4.900597401462989,0.21829934029129516,0.19602389605896545
0.015694995558893168,9.0,70.0,4.999964496895696,0.28522899176273675,3.6439041116112647,4.900597401470388,0.21829934028653097,0.1960238960588566
0.01572429243389317,9.0,70.0,4.999964496895696,0.2852289917620689,3.6439041116098023,4.9005974014560225,0.2182993402778266,0.19602389605827764
0.01575358930889317,9.0,70.0,4.999964496895698,0.28522899176252364,3.6439041116105724,4.9005974014591125,0.2182993402782818,0.19602389605792478
0.01578288618389317,9.0,70.0,4.999964496895696,0.285228991762641,3.6439041116098583,4.90059740144887,0.2182993402785205,0.19602389605793996
0.015812183058893172,9.0,70.0,4.999964496895697,0.28522899176251376,3.6439041116113127,4.900597401462846,0.21829934029112774,0.19602389605895348
0.015841479933893173,9.0,70.0,4.9999644968956956,0.28522899176234073,3.6439041116113597,4.9005974014705025,0.21829934028648568,0.19602389605884893
0.015870776808893174,9.0,70.0,4.999964496895697,0.28522899176221694,3.643904111609818,4.900597401456042,0.21829934027775688,0.19602389605827314
0.015900073683893175,9.0,70.0,4.999964496895696,0.28522899176224015,3.64390411161131,4.900597401459751,0.21829934028256814,0.19602389605837345
0.015929370558893177,9.0,70.0,4.999964496895696,0.28522899176228184,3.6439041116109747,4.90059740145989,0.21829934028255304,0.19602389605838091
0.015958667433893178,9.0,70.0,4.999964496895697,0.2852289917625701,3.643904111611015,4.900597401459892,0.2182993402822988,0.19602389605837922
0.01598796430889318,9.0,70.0,4.999964496895698,0.285228991762543,3.6439041116103144,4.900597401459287,0.21829934027807973,0.19602389605794798
0.01601726118389318,9.0,70.0,4.999964496895699,0.2852289917625657,3.6439041116098947,4.900597401448922,0.21829934027807507,0.19602389605792994
0.01604655805889318,9.0,70.0,4.999964496895697,0.2852289917622522,3.6439041116117448,4.9005974014632425,0.21829934029096476,0.1960238960589482
0.016075854933893182,9.0,70.0,4.999964496895697,0.28522899176267696,3.643904111611269,4.900597401470381,0.21829934028614617,0.19602389605882653
0.016105151808893183,9.0,70.0,4.999964496895697,0.2852289917625853,3.643904111609677,4.90059740145592,0.2182993402778477,0.1960238960582803
0.016134448683893184,9.0,70.0,4.999964496895696,0.2852289917629617,3.6439041116107775,4.900597401459342,0.2182993402782898,0.19602389605792148
0.016163745558893185,9.0,70.0,4.999964496895696,0.28522899176226346,3.6439041116105333,4.900597401449599,0.21829934027835884,0.19602389605792908
0.016193042433893187,9.0,70.0,4.999964496895697,0.2852289917628761,3.6439041116107886,4.900597401462284,0.21829934029094789,0.19602389605895884
0.016222339308893188,9.0,70.0,4.999964496895697,0.28522899176238914,3.6439041116117337,4.90059740147085,0.21829934028667486,0.19602389605885562
0.01625163618389319,9.0,70.0,4.999964496895698,0.28522899176268496,3.6439041116100177,4.900597401456275,0.2182993402777953,0.1960238960582837
0.01628093305889319,9.0,70.0,4.999964496895697,0.28522899176223443,3.64390411161087,4.900597401459442,0.21829934027812725,0.1960238960579189
0.01631022993389319,9.0,70.0,4.999964496895696,0.2852289917622968,3.6439041116102238,4.900597401449307,0.21829934027846343,0.19602389605794582
0.016339526808893192,9.0,70.0,4.999964496895696,0.2852289917626925,3.6439041116117434,4.900597401463246,0.21829934029098785,0.19602389605895412
0.016368823683893193,9.0,70.0,4.999964496895696,0.28522899176238037,3.6439041116112043,4.900597401470369,0.21829934028640752,0.19602389605885534
0.016398120558893194,9.0,70.0,4.999964496895697,0.28522899176202243,3.643904111609981,4.900597401456282,0.21829934027774067,0.19602389605826903
0.016427417433893195,9.0,70.0,4.999964496895697,0.28522899176284555,3.6439041116103694,4.90059740145896,0.21829934027836195,0.1960238960579402
0.016456714308893197,9.0,70.0,4.999964496895697,0.28522899176256755,3.643904111609778,4.9005974014488745,0.21829934027847964,0.19602389605793208
0.016486011183893198,9.0,70.0,4.999964496895697,0.2852289917629816,3.64390411161163,4.900597401463166,0.21829934029110798,0.19602389605895032
0.0165153080588932,9.0,70.0,4.999964496895698,0.28522899176294736,3.6439041116111794,4.9005974014703355,0.21829934028636644,0.1960238960588463
0.0165446049338932,9.0,70.0,4.999964496895697,0.2852289917626641,3.643904111609953,4.9005974014561975,0.21829934027761788,0.19602389605825546
0.0165739018088932,9.0,70.0,4.999964496895697,0.28522899176227867,3.643904111610787,4.900597401459345,0.21829934027823916,0.19602389605792525
0.016603198683893202,9.0,70.0,4.999964496895697,0.2852289917622747,3.643904111609395,4.900597401448496,0.2182993402784299,0.19602389605793863
0.016632495558893203,9.0,70.0,4.999964496895697,0.285228991762455,3.6439041116114126,4.900597401462948,0.2182993402913358,0.19602389605896484
0.016661792433893204,9.0,70.0,4.999964496895698,0.2852289917623134,3.64390411161181,4.90059740147094,0.2182993402864699,0.19602389605884774
0.016691089308893205,9.0,70.0,4.999964496895697,0.2852289917629412,3.643904111610299,4.900597401456603,0.2182993402776927,0.1960238960582807
0.016720386183893206,9.0,70.0,4.999964496895697,0.2852289917622347,3.643904111611067,4.900597401459602,0.2182993402822373,0.19602389605835946
0.016749683058893208,9.0,70.0,4.9999644968956956,0.28522899176270117,3.643904111611403,4.900597401460379,0.21829934028263742,0.19602389605838835
0.01677897993389321,9.0,70.0,4.999964496895697,0.2852289917629227,3.6439041116102415,4.900597401459195,0.2182993402780673,0.19602389605795104
0.01680827680889321,9.0,70.0,4.999964496895697,0.28522899176290145,3.643904111609716,4.900597401448773,0.2182993402782134,0.19602389605794265
0.01683757368389321,9.0,70.0,4.999964496895697,0.28522899176247013,3.6439041116115463,4.900597401463057,0.21829934029099718,0.19602389605894638
0.016866870558893212,9.0,70.0,4.999964496895696,0.28522899176235433,3.6439041116116195,4.9005974014707325,0.21829934028625653,0.19602389605883133
0.016896167433893213,9.0,70.0,4.999964496895698,0.285228991762706,3.64390411161003,4.900597401456278,0.21829934027769937,0.19602389605827475
0.016925464308893214,9.0,70.0,4.999964496895698,0.28522899176274785,3.643904111611011,4.9005974014595255,0.2182993402823057,0.1960238960583544
0.016954761183893215,9.0,70.0,4.999964496895698,0.2852289917622261,3.64390411161147,4.900597401460454,0.21829934028254283,0.1960238960583739
0.016984058058893216,9.0,70.0,4.999964496895697,0.2852289917630812,3.643904111610462,4.900597401459388,0.21829934027796116,0.19602389605794215
0.017013354933893218,9.0,70.0,4.999964496895698,0.285228991762648,3.6439041116097024,4.900597401448714,0.21829934027812836,0.1960238960579407
0.01704265180889322,9.0,70.0,4.999964496895698,0.28522899176201344,3.643904111611274,4.900597401462805,0.21829934029100562,0.1960238960589468
0.01707194868389322,9.0,70.0,4.999964496895697,0.28522899176264727,3.6439041116112976,4.900597401470417,0.21829934028644504,0.1960238960588426
0.01710124555889322,9.0,70.0,4.999964496895696,0.2852289917625348,3.643904111610453,4.900597401456762,0.2182993402778659,0.19602389605828052
0.017130542433893222,9.0,70.0,4.999964496895698,0.2852289917626906,3.643904111610773,4.900597401459276,0.21829934027800735,0.19602389605791895
0.017159839308893223,9.0,70.0,4.999964496895698,0.285228991762711,3.6439041116095585,4.900597401448639,0.21829934027861153,0.19602389605795925
0.017189136183893224,9.0,70.0,4.999964496895697,0.2852289917621864,3.6439041116108113,4.900597401462337,0.21829934029105535,0.19602389605893933
0.017218433058893225,9.0,70.0,4.999964496895697,0.2852289917624755,3.643904111611764,4.900597401470887,0.21829934028667886,0.19602389605885087
0.017247729933893226,9.0,70.0,4.999964496895697,0.2852289917623559,3.6439041116104027,4.90059740145665,0.2182993402776885,0.19602389605827447
0.017277026808893228,9.0,70.0,4.999964496895698,0.28522899176255384,3.643904111610556,4.900597401459132,0.2182993402783151,0.1960238960579513
0.01730632368389323,9.0,70.0,4.999964496895697,0.2852289917625662,3.6439041116094093,4.900597401448468,0.21829934027861664,0.19602389605795487
0.01733562055889323,9.0,70.0,4.999964496895698,0.28522899176205735,3.643904111611615,4.900597401463068,0.218299340291352,0.1960238960589638
0.01736491743389323,9.0,70.0,4.999964496895697,0.285228991762545,3.6439041116113406,4.900597401470465,0.2182993402863176,0.19602389605883497
0.017394214308893232,9.0,70.0,4.999964496895696,0.28522899176239025,3.6439041116098547,4.900597401456097,0.21829934027775177,0.19602389605827278
0.017423511183893233,9.0,70.0,4.999964496895697,0.28522899176244737,3.64390411161099,4.900597401459462,0.2182993402825324,0.1960238960583715
0.017452808058893234,9.0,70.0,4.999964496895696,0.28522899176286853,3.643904111610588,4.900597401459599,0.21829934028271225,0.1960238960583889
0.017482104933893235,9.0,70.0,4.999964496895697,0.2852289917623864,3.6439041116108153,4.90059740145973,0.21829934028236253,0.19602389605837503
0.017511401808893236,9.0,70.0,4.999964496895697,0.2852289917625975,3.6439041116109205,4.900597401459889,0.21829934028222153,0.19602389605837364
0.017540698683893238,9.0,70.0,4.999964496895698,0.285228991762523,3.643904111610535,4.900597401459476,0.21829934028235787,0.19602389605839524
0.01756999555889324,9.0,70.0,4.999964496895697,0.2852289917623206,3.643904111610542,4.900597401459452,0.21829934028246178,0.19602389605839382
0.01759929243389324,9.0,70.0,4.999964496895697,0.28522899176260424,3.643904111610876,4.900597401459788,0.21829934028249753,0.19602389605839368
0.01762858930889324,9.0,70.0,4.999964496895697,0.28522899176236266,3.6439041116107234,4.900597401459617,0.2182993402822575,0.19602389605837892
0.017657886183893242,9.0,70.0,4.999964496895697,0.2852289917621385,3.6439041116109965,4.900597401459969,0.21829934028241782,0.1960238960583927
0.017687183058893243,9.0,70.0,4.999964496895697,0.2852289917629085,3.643904111610506,4.900597401459491,0.2182993402820821,0.19602389605836756
0.017716479933893244,9.0,70.0,4.999964496895698,0.28522899176258604,3.643904111610512,4.9005974014594305,0.21829934027821607,0.19602389605795115
0.017745776808893245,9.0,70.0,4.999964496895697,0.285228991762668,3.6439041116099196,4.900597401449023,0.218299340278147,0.19602389605793885
0.017775073683893246,9.0,70.0,4.999964496895696,0.2852289917625723,3.6439041116112563,4.900597401462763,0.2182993402909159,0.19602389605894704
0.017804370558893248,9.0,70.0,4.999964496895698,0.2852289917625885,3.643904111611339,4.900597401470432,0.21829934028644105,0.19602389605884318
0.01783366743389325,9.0,70.0,4.999964496895697,0.2852289917626603,3.6439041116102655,4.900597401456494,0.21829934027778086,0.19602389605827186
0.01786296430889325,9.0,70.0,4.999964496895696,0.28522899176256167,3.6439041116108624,4.9005974014594,0.21829934027823295,0.19602389605793394
0.01789226118389325,9.0,70.0,4.999964496895697,0.28522899176241656,3.643904111610313,4.900597401449379,0.2182993402783382,0.1960238960579328
0.017921558058893252,9.0,70.0,4.999964496895697,0.2852289917625538,3.6439041116114135,4.90059740146297,0.21829934029072828,0.19602389605892917
0.017950854933893253,9.0,70.0,4.999964496895697,0.2852289917627746,3.643904111611222,4.900597401470363,0.21829934028643128,0.1960238960588496
0.017980151808893254,9.0,70.0,4.999964496895696,0.2852289917624656,3.6439041116098148,4.900597401456107,0.2182993402778406,0.19602389605827747
0.018009448683893255,9.0,70.0,4.999964496895697,0.285228991762077,3.6439041116104613,4.900597401458997,0.21829934027849873,0.1960238960579491
0.018038745558893256,9.0,70.0,4.999964496895698,0.2852289917626499,3.643904111609415,4.900597401448518,0.21829934027867437,0.19602389605795267
0.018068042433893258,9.0,70.0,4.999964496895697,0.28522899176227506,3.6439041116113855,4.900597401462859,0.21829934029126719,0.1960238960589563
0.01809733930889326,9.0,70.0,4.999964496895698,0.28522899176251754,3.6439041116113677,4.900597401470462,0.21829934028641174,0.19602389605883933
0.01812663618389326,9.0,70.0,4.999964496895697,0.28522899176249916,3.643904111610265,4.900597401456543,0.21829934027779418,0.19602389605827614
0.01815593305889326,9.0,70.0,4.999964496895698,0.2852289917623629,3.6439041116109796,4.900597401459477,0.21829934028228437,0.1960238960583596
0.018185229933893262,9.0,70.0,4.9999644968957,0.28522899176262173,3.643904111611655,4.900597401460634,0.21829934028277465,0.19602389605839882
0.018214526808893263,9.0,70.0,4.999964496895697,0.2852289917623844,3.6439041116107203,4.900597401459719,0.2182993402821849,0.19602389605838855
0.018243823683893264,9.0,70.0,4.999964496895697,0.28522899176208333,3.6439041116105497,4.900597401459474,0.21829934028241027,0.19602389605839907
0.018273120558893265,9.0,70.0,4.999964496895697,0.28522899176248084,3.643904111610567,4.900597401459469,0.21829934028234077,0.19602389605837964
0.018302417433893266,9.0,70.0,4.999964496895696,0.2852289917623395,3.643904111610979,4.900597401459946,0.2182993402824287,0.19602389605838652
0.018331714308893268,9.0,70.0,4.999964496895697,0.2852289917622399,3.6439041116108912,4.900597401459865,0.21829934028238673,0.19602389605839737
0.01836101118389327,9.0,70.0,4.999964496895697,0.2852289917623811,3.643904111611091,4.900597401459993,0.21829934028208342,0.19602389605836656
0.01839030805889327,9.0,70.0,4.999964496895697,0.28522899176275235,3.6439041116104174,4.900597401459357,0.21829934027820252,0.19602389605796475
0.01841960493389327,9.0,70.0,4.999964496895697,0.28522899176268435,3.6439041116099435,4.900597401448988,0.2182993402781308,0.19602389605793782
0.018448901808893272,9.0,70.0,4.999964496895697,0.2852289917625748,3.643904111611572,4.900597401463106,0.21829934029091547,0.1960238960589451
0.018478198683893273,9.0,70.0,4.999964496895698,0.285228991762402,3.64390411161093,4.900597401470108,0.2182993402864779,0.1960238960588571
0.018507495558893274,9.0,70.0,4.999964496895697,0.28522899176237,3.6439041116105817,4.9005974014568485,0.21829934027794207,0.1960238960582807
0.018536792433893275,9.0,70.0,4.999964496895699,0.285228991762541,3.6439041116106026,4.900597401459127,0.21829934027830844,0.19602389605795068
0.018566089308893276,9.0,70.0,4.999964496895697,0.2852289917624983,3.643904111609321,4.900597401448394,0.21829934027840658,0.19602389605793355
0.018595386183893278,9.0,70.0,4.999964496895698,0.28522899176277167,3.643904111611467,4.900597401462958,0.21829934029137044,0.19602389605896375
0.01862468305889328,9.0,70.0,4.999964496895697,0.2852289917625278,3.6439041116109676,4.900597401470087,0.2182993402865241,0.19602389605885268
0.01865397993389328,9.0,70.0,4.999964496895696,0.2852289917623724,3.6439041116106488,4.900597401456916,0.21829934027773135,0.1960238960582582
0.01868327680889328,9.0,70.0,4.999964496895698,0.2852289917627776,3.6439041116107402,4.900597401459283,0.2182993402782234,0.19602389605794493
0.018712573683893282,9.0,70.0,4.999964496895697,0.2852289917621301,3.643904111609603,4.900597401448654,0.21829934027828424,0.19602389605792656
0.018741870558893283,9.0,70.0,4.999964496895697,0.2852289917624866,3.643904111611018,4.900597401462547,0.21829934029078402,0.19602389605891166
0.018771167433893284,9.0,70.0,4.999964496895697,0.28522899176241756,3.643904111611334,4.900597401470481,0.21829934028650588,0.1960238960588394
0.018800464308893285,9.0,70.0,4.999964496895697,0.2852289917624393,3.643904111609718,4.900597401456024,0.21829934027761744,0.19602389605825565
0.018829761183893286,9.0,70.0,4.999964496895697,0.2852289917626327,3.6439041116107913,4.900597401459274,0.21829934027838416,0.1960238960579364
0.018859058058893288,9.0,70.0,4.999964496895696,0.2852289917623557,3.6439041116100737,4.900597401449145,0.2182993402784308,0.19602389605793605
0.01888835493389329,9.0,70.0,4.999964496895696,0.28522899176216426,3.6439041116116524,4.900597401463155,0.2182993402906923,0.1960238960589177
0.01891765180889329,9.0,70.0,4.999964496895698,0.2852289917626828,3.6439041116113016,4.900597401470492,0.21829934028621323,0.1960238960588317
0.01894694868389329,9.0,70.0,4.999964496895696,0.28522899176234023,3.6439041116100963,4.900597401456325,0.2182993402777036,0.19602389605826878
0.018976245558893292,9.0,70.0,4.999964496895697,0.28522899176248623,3.6439041116107997,4.900597401459381,0.21829934027819786,0.1960238960579255
0.019005542433893293,9.0,70.0,4.999964496895698,0.2852289917624803,3.643904111609228,4.9005974014482785,0.21829934027848963,0.19602389605794648
0.019034839308893294,9.0,70.0,4.999964496895697,0.28522899176244043,3.6439041116108757,4.900597401462383,0.2182993402913327,0.1960238960589577
0.019064136183893295,9.0,70.0,4.999964496895699,0.2852289917628186,3.643904111611348,4.900597401470498,0.21829934028643616,0.196023896058825
0.019093433058893296,9.0,70.0,4.999964496895697,0.28522899176228583,3.643904111610455,4.9005974014567375,0.21829934027778397,0.19602389605827292
0.019122729933893298,9.0,70.0,4.999964496895697,0.28522899176268873,3.6439041116109685,4.900597401459505,0.21829934028226994,0.1960238960583648
0.0191520268088933,9.0,70.0,4.999964496895697,0.28522899176261546,3.643904111610276,4.90059740145926,0.2182993402784701,0.19602389605795212
0.0191813236838933,9.0,70.0,4.999964496895697,0.28522899176279126,3.643904111609811,4.900597401448828,0.2182993402783271,0.19602389605794315
0.0192106205588933,9.0,70.0,4.999964496895697,0.28522899176268857,3.643904111611379,4.900597401462896,0.2182993402911917,0.1960238960589674
0.019239917433893302,9.0,70.0,4.999964496895697,0.28522899176240796,3.6439041116110666,4.900597401470199,0.21829934028634068,0.19602389605883624
0.019269214308893303,9.0,70.0,4.999964496895697,0.2852289917628018,3.643904111609868,4.900597401456138,0.218299340277891,0.1960238960582776
0.019298511183893304,9.0,70.0,4.999964496895697,0.28522899176256694,3.6439041116110307,4.900597401459611,0.21829934028264164,0.196023896058382
0.019327808058893305,9.0,70.0,4.999964496895697,0.285228991762404,3.6439041116102393,4.900597401459223,0.21829934027852183,0.1960238960579564
0.019357104933893306,9.0,70.0,4.999964496895697,0.28522899176262123,3.6439041116094995,4.900597401448574,0.2182993402782616,0.19602389605793633
0.019386401808893308,9.0,70.0,4.999964496895697,0.285228991762683,3.6439041116110746,4.900597401462588,0.21829934029076692,0.19602389605891554
0.01941569868389331,9.0,70.0,4.999964496895697,0.2852289917624514,3.643904111611168,4.900597401470307,0.21829934028650633,0.19602389605884252
0.01944499555889331,9.0,70.0,4.999964496895698,0.2852289917623486,3.6439041116103628,4.900597401456601,0.2182993402779163,0.19602389605828185
0.01947429243389331,9.0,70.0,4.999964496895697,0.28522899176255606,3.643904111610521,4.9005974014590565,0.2182993402781792,0.1960238960579317
0.019503589308893312,9.0,70.0,4.999964496895697,0.2852289917623492,3.6439041116101785,4.900597401449285,0.2182993402783533,0.19602389605792478
0.019532886183893313,9.0,70.0,4.999964496895695,0.2852289917625596,3.643904111611344,4.900597401462846,0.21829934029099718,0.19602389605895226
0.019562183058893314,9.0,70.0,4.999964496895697,0.28522899176230315,3.643904111611572,4.900597401470681,0.21829934028630427,0.19602389605883208
0.019591479933893315,9.0,70.0,4.999964496895697,0.28522899176261324,3.643904111610042,4.9005974014562845,0.21829934027767917,0.19602389605827011
0.019620776808893316,9.0,70.0,4.999964496895696,0.28522899176264416,3.643904111610785,4.900597401459391,0.21829934027825937,0.19602389605793197
0.019650073683893318,9.0,70.0,4.999964496895697,0.2852289917622934,3.643904111609707,4.900597401448772,0.21829934027853315,0.1960238960579513
0.01967937055889332,9.0,70.0,4.999964496895697,0.2852289917623036,3.6439041116116893,4.900597401463185,0.21829934029102627,0.1960238960589411
0.01970866743389332,9.0,70.0,4.999964496895698,0.2852289917628324,3.6439041116113446,4.900597401470467,0.21829934028627163,0.19602389605883594
0.01973796430889332,9.0,70.0,4.999964496895697,0.28522899176241123,3.643904111610257,4.900597401456541,0.21829934027782105,0.1960238960582805
0.019767261183893322,9.0,70.0,4.999964496895697,0.28522899176245653,3.6439041116112802,4.900597401459786,0.21829934028251818,0.19602389605838336
0.019796558058893323,9.0,70.0,4.999964496895698,0.28522899176236316,3.6439041116110658,4.900597401460046,0.2182993402825697,0.19602389605838658
0.019825854933893324,9.0,70.0,4.999964496895697,0.28522899176225636,3.6439041116101714,4.900597401459132,0.21829934027824782,0.196023896057961
0.019855151808893325,9.0,70.0,4.999964496895699,0.28522899176217187,3.643904111610133,4.900597401449177,0.21829934027827935,0.19602389605794557
0.019884448683893326,9.0,70.0,4.999964496895697,0.2852289917622112,3.643904111611297,4.900597401462818,0.21829934029053244,0.1960238960589102
0.019913745558893328,9.0,70.0,4.999964496895697,0.2852289917626248,3.6439041116114996,4.900597401470652,0.21829934028638953,0.19602389605884063
0.01994304243389333,9.0,70.0,4.999964496895697,0.28522899176247934,3.643904111609603,4.90059740145594,0.2182993402775797,0.19602389605825812
0.01997233930889333,9.0,70.0,4.999964496895699,0.28522899176251887,3.643904111611005,4.900597401459596,0.2182993402826352,0.1960238960583775
0.02000163618389333,9.0,70.0,4.999964496895697,0.2852289917623222,3.6439041116112976,4.900597401460293,0.21829934028259212,0.19602389605837922
0.020030933058893332,9.0,70.0,4.999964496895697,0.2852289917626296,3.6439041116108175,4.900597401459752,0.2182993402821296,0.19602389605837306
0.020060229933893333,9.0,70.0,4.999964496895698,0.2852289917622045,3.643904111610324,4.900597401459282,0.21829934027808418,0.1960238960579468
0.020089526808893334,9.0,70.0,4.999964496895697,0.28522899176248295,3.643904111609729,4.900597401448783,0.21829934027817677,0.1960238960579395
0.020118823683893335,9.0,70.0,4.999964496895699,0.2852289917624875,3.6439041116112585,4.900597401462812,0.2182993402911415,0.19602389605896206
0.020148120558893336,9.0,70.0,4.999964496895697,0.2852289917621973,3.643904111611033,4.900597401470149,0.21829934028646303,0.19602389605884532
0.020177417433893338,9.0,70.0,4.999964496895698,0.28522899176153726,3.6439041116103215,4.9005974014565945,0.2182993402778961,0.19602389605827555
0.02020671430889334,9.0,70.0,4.999964496895697,0.28522899176234384,3.6439041116108357,4.900597401459395,0.21829934027832998,0.1960238960579458
0.02023601118389334,9.0,70.0,4.999964496895697,0.2852289917622271,3.643904111609243,4.900597401448285,0.2182993402785458,0.19602389605795523
0.02026530805889334,9.0,70.0,4.999964496895697,0.28522899176211247,3.6439041116108326,4.900597401462362,0.21829934029115994,0.1960238960589403
0.020294604933893342,9.0,70.0,4.999964496895698,0.2852289917619616,3.643904111611071,4.90059740147016,0.21829934028661757,0.19602389605884324
0.020323901808893343,9.0,70.0,4.999964496895697,0.2852289917627394,3.6439041116097988,4.9005974014560785,0.21829934027791387,0.19602389605827564
0.020353198683893344,9.0,70.0,4.999964496895697,0.2852289917622887,3.6439041116109636,4.90059740145952,0.21829934028251663,0.19602389605836784
0.020382495558893345,9.0,70.0,4.999964496895697,0.2852289917626989,3.6439041116105204,4.900597401459522,0.21829934028274378,0.19602389605839482
0.020411792433893346,9.0,70.0,4.999964496895697,0.2852289917623176,3.6439041116101825,4.900597401459093,0.21829934027822784,0.19602389605794188
0.020441089308893347,9.0,70.0,4.999964496895697,0.2852289917620851,3.643904111609755,4.900597401448797,0.21829934027843834,0.1960238960579585
0.02047038618389335,9.0,70.0,4.999964496895697,0.285228991762405,3.643904111611655,4.900597401463149,0.2182993402907638,0.19602389605892304
0.02049968305889335,9.0,70.0,4.999964496895697,0.2852289917624131,3.64390411161173,4.90059740147091,0.2182993402862361,0.19602389605883322
0.02052897993389335,9.0,70.0,4.999964496895697,0.28522899176269684,3.6439041116099076,4.900597401456197,0.21829934027758657,0.1960238960582695
0.020558276808893352,9.0,70.0,4.999964496895696,0.28522899176232913,3.6439041116108237,4.900597401459392,0.21829934027830444,0.19602389605793524
0.020587573683893353,9.0,70.0,4.999964496895697,0.2852289917626871,3.643904111610511,4.900597401449586,0.21829934027846631,0.19602389605794338
0.020616870558893354,9.0,70.0,4.999964496895697,0.28522899176204647,3.6439041116113513,4.900597401462892,0.21829934029101916,0.19602389605896547
0.020646167433893355,9.0,70.0,4.999964496895696,0.2852289917625128,3.643904111611636,4.900597401470788,0.21829934028651787,0.1960238960588576
0.020675464308893356,9.0,70.0,4.999964496895699,0.2852289917623261,3.6439041116101136,4.900597401456367,0.21829934027753461,0.19602389605825823
0.020704761183893357,9.0,70.0,4.999964496895697,0.28522899176264754,3.6439041116104427,4.900597401458963,0.2182993402783957,0.19602389605794898
0.02073405805889336,9.0,70.0,4.999964496895697,0.28522899176252153,3.64390411160974,4.9005974014488185,0.21829934027866327,0.1960238960579518
0.02076335493389336,9.0,70.0,4.999964496895697,0.2852289917626403,3.643904111611484,4.900597401463048,0.21829934029131826,0.19602389605897017
0.02079265180889336,9.0,70.0,4.999964496895698,0.2852289917627259,3.6439041116111093,4.900597401470265,0.21829934028649856,0.1960238960588558
0.020821948683893362,9.0,70.0,4.999964496895697,0.2852289917622085,3.6439041116103463,4.900597401456596,0.21829934027767806,0.19602389605825882
0.020851245558893363,9.0,70.0,4.999964496895698,0.28522899176234184,3.643904111610653,4.90059740145923,0.21829934027828957,0.19602389605794263
0.020880542433893364,9.0,70.0,4.999964496895697,0.2852289917625949,3.6439041116093445,4.90059740144842,0.21829934027860065,0.1960238960579556
0.020909839308893365,9.0,70.0,4.999964496895696,0.28522899176305394,3.643904111610956,4.900597401462475,0.2182993402909572,0.19602389605892206
0.020939136183893366,9.0,70.0,4.999964496895697,0.2852289917624322,3.6439041116117847,4.900597401470895,0.21829934028661868,0.1960238960588478
0.020968433058893367,9.0,70.0,4.999964496895697,0.28522899176264477,3.6439041116100115,4.900597401456269,0.21829934027777198,0.1960238960582846
0.02099772993389337,9.0,70.0,4.999964496895698,0.28522899176279803,3.6439041116109863,4.900597401459522,0.21829934028225506,0.19602389605835097
0.02102702680889337,9.0,70.0,4.999964496895696,0.28522899176262284,3.643904111610313,4.900597401459292,0.21829934027859332,0.1960238960579621
0.02105632368389337,9.0,70.0,4.999964496895697,0.2852289917624677,3.6439041116098143,4.9005974014488585,0.2182993402782334,0.19602389605793435
0.021085620558893372,9.0,70.0,4.999964496895699,0.28522899176248623,3.64390411161152,4.900597401463047,0.21829934029100495,0.19602389605894932
0.021114917433893373,9.0,70.0,4.999964496895698,0.2852289917627812,3.64390411161144,4.900597401470581,0.218299340286217,0.19602389605882833
0.021144214308893374,9.0,70.0,4.999964496895696,0.28522899176287436,3.6439041116098396,4.9005974014561176,0.21829934027768183,0.1960238960582686
0.021173511183893375,9.0,70.0,4.999964496895696,0.28522899176278943,3.6439041116105657,4.900597401459092,0.21829934027839681,0.19602389605794046
0.021202808058893376,9.0,70.0,4.999964496895697,0.28522899176223254,3.6439041116093307,4.90059740144839,0.21829934027840325,0.19602389605792728
0.021232104933893377,9.0,70.0,4.999964496895699,0.28522899176222666,3.643904111611219,4.900597401462732,0.21829934029099785,0.19602389605892456
0.02126140180889338,9.0,70.0,4.999964496895698,0.2852289917622819,3.6439041116117354,4.9005974014709,0.21829934028645548,0.196023896058839
0.02129069868389338,9.0,70.0,4.999964496895697,0.2852289917625179,3.6439041116101576,4.900597401456449,0.2182993402775677,0.1960238960582654
0.02131999555889338,9.0,70.0,4.999964496895696,0.2852289917622969,3.6439041116104898,4.900597401458996,0.21829934027811815,0.19602389605792467
0.021349292433893382,9.0,70.0,4.999964496895697,0.2852289917624832,3.6439041116107407,4.900597401449766,0.2182993402784772,0.19602389605793452
0.021378589308893383,9.0,70.0,4.999964496895696,0.2852289917621612,3.643904111611251,4.9005974014628055,0.21829934029076603,0.19602389605894222
0.021407886183893384,9.0,70.0,4.999964496895697,0.28522899176267164,3.6439041116117603,4.9005974014708915,0.2182993402864657,0.19602389605885062
0.021437183058893385,9.0,70.0,4.999964496895697,0.28522899176231314,3.6439041116101833,4.900597401456465,0.2182993402778104,0.1960238960582899
0.021466479933893386,9.0,70.0,4.999964496895697,0.2852289917626139,3.643904111611211,4.900597401459785,0.2182993402824569,0.19602389605837667
0.021495776808893387,9.0,70.0,4.999964496895697,0.28522899176251854,3.643904111611409,4.9005974014603915,0.21829934028256393,0.19602389605838522
0.02152507368389339,9.0,70.0,4.999964496895697,0.2852289917623422,3.6439041116109974,4.900597401459984,0.21829934028208586,0.19602389605837223
0.02155437055889339,9.0,70.0,4.999964496895696,0.28522899176263966,3.643904111610956,4.900597401459884,0.21829934028238607,0.196023896058403
0.02158366743389339,9.0,70.0,4.999964496895697,0.2852289917623717,3.6439041116109214,4.90059740145987,0.21829934028212739,0.19602389605837164
0.021612964308893392,9.0,70.0,4.999964496895697,0.2852289917621245,3.643904111610643,4.900597401459518,0.21829934028236342,0.1960238960583947
0.021642261183893393,9.0,70.0,4.999964496895697,0.2852289917627684,3.6439041116107087,4.900597401459645,0.21829934028246112,0.19602389605839388
0.021671558058893394,9.0,70.0,4.999964496895697,0.2852289917624043,3.643904111610746,4.900597401459687,0.21829934028220732,0.1960238960583693
0.021700854933893395,9.0,70.0,4.999964496895697,0.2852289917626435,3.6439041116105075,4.900597401459382,0.2182993402782467,0.19602389605795822
0.021730151808893396,9.0,70.0,4.999964496895697,0.2852289917621227,3.643904111609617,4.900597401448651,0.21829934027818698,0.196023896057943
0.021759448683893397,9.0,70.0,4.999964496895699,0.28522899176234257,3.6439041116113873,4.90059740146284,0.21829934029089726,0.19602389605893336
0.0217887455588934,9.0,70.0,4.999964496895699,0.28522899176256905,3.6439041116118727,4.900597401471027,0.2182993402863438,0.19602389605883308
0.0218180424338934,9.0,70.0,4.999964496895696,0.28522899176266125,3.643904111610171,4.900597401456463,0.2182993402776927,0.19602389605828194
0.0218473393088934,9.0,70.0,4.999964496895699,0.2852289917627255,3.6439041116105035,4.900597401459063,0.21829934027832731,0.19602389605794696
0.021876636183893402,9.0,70.0,4.999964496895697,0.2852289917622815,3.643904111610024,4.9005974014491125,0.21829934027844033,0.19602389605793247
0.021905933058893403,9.0,70.0,4.999964496895697,0.2852289917629251,3.643904111611187,4.900597401462751,0.2182993402910165,0.1960238960589482
0.021935229933893404,9.0,70.0,4.9999644968957,0.2852289917624012,3.6439041116114312,4.900597401470589,0.21829934028640108,0.19602389605883794
0.021964526808893405,9.0,70.0,4.999964496895697,0.2852289917626188,3.6439041116101536,4.900597401456415,0.21829934027768028,0.19602389605826687
0.021993823683893406,9.0,70.0,4.999964496895697,0.28522899176213073,3.6439041116104294,4.900597401458965,0.21829934027837838,0.19602389605794812
0.022023120558893407,9.0,70.0,4.999964496895697,0.2852289917630601,3.6439041116095487,4.9005974014486045,0.21829934027870856,0.19602389605795745
0.02205241743389341,9.0,70.0,4.999964496895697,0.2852289917621992,3.643904111611467,4.900597401463002,0.2182993402909299,0.19602389605892323
0.02208171430889341,9.0,70.0,4.9999644968956956,0.285228991762569,3.643904111611286,4.900597401470409,0.218299340286366,0.1960238960588392
0.02211101118389341,9.0,70.0,4.999964496895697,0.2852289917623532,3.6439041116101687,4.9005974014564595,0.21829934027766695,0.19602389605826198
0.022140308058893412,9.0,70.0,4.999964496895698,0.2852289917622282,3.643904111610859,4.900597401459386,0.2182993402782687,0.19602389605793724
0.022169604933893413,9.0,70.0,4.999964496895697,0.2852289917626631,3.6439041116094413,4.900597401448501,0.2182993402782496,0.19602389605792295
0.022198901808893414,9.0,70.0,4.999964496895697,0.2852289917622555,3.6439041116110986,4.900597401462584,0.21829934029128206,0.1960238960589595
0.022228198683893415,9.0,70.0,4.999964496895697,0.28522899176226907,3.643904111611265,4.900597401470371,0.21829934028654607,0.19602389605884404
0.022257495558893416,9.0,70.0,4.999964496895699,0.285228991762276,3.6439041116102886,4.900597401456559,0.21829934027771025,0.19602389605826231
0.022286792433893417,9.0,70.0,4.999964496895696,0.2852289917626233,3.6439041116109023,4.900597401459441,0.2182993402780593,0.19602389605791853
0.02231608930889342,9.0,70.0,4.999964496895697,0.28522899176246674,3.6439041116099604,4.900597401448958,0.2182993402783806,0.19602389605793938
0.02234538618389342,9.0,70.0,4.999964496895698,0.28522899176279903,3.6439041116114637,4.900597401462995,0.21829934029103848,0.19602389605894882
0.02237468305889342,9.0,70.0,4.999964496895696,0.28522899176263194,3.6439041116111612,4.9005974014703,0.21829934028620146,0.19602389605882364
0.022403979933893422,9.0,70.0,4.999964496895697,0.28522899176263933,3.6439041116096877,4.9005974014559515,0.2182993402776281,0.19602389605825365
0.022433276808893423,9.0,70.0,4.9999644968956956,0.28522899176266536,3.64390411161118,4.900597401459712,0.21829934028262143,0.19602389605837459
0.022462573683893424,9.0,70.0,4.999964496895697,0.28522899176246846,3.64390411161059,4.90059740145956,0.21829934028260012,0.196023896058384
0.022491870558893425,9.0,70.0,4.999964496895697,0.2852289917624115,3.6439041116104622,4.900597401459379,0.21829934027827957,0.19602389605794937
0.022521167433893426,9.0,70.0,4.999964496895697,0.2852289917623999,3.643904111609682,4.900597401448695,0.2182993402782054,0.19602389605794324
0.022550464308893427,9.0,70.0,4.999964496895698,0.28522899176249483,3.643904111611265,4.900597401462793,0.2182993402910447,0.19602389605895082
0.02257976118389343,9.0,70.0,4.999964496895697,0.2852289917624194,3.643904111611185,4.900597401470354,0.2182993402865192,0.19602389605885073
0.02260905805889343,9.0,70.0,4.999964496895698,0.2852289917625716,3.6439041116101634,4.900597401456447,0.21829934027783504,0.19602389605827564
0.02263835493389343,9.0,70.0,4.999964496895697,0.2852289917625997,3.6439041116106328,4.900597401459157,0.21829934027816988,0.19602389605792578
0.022667651808893432,9.0,70.0,4.999964496895698,0.285228991762253,3.643904111609874,4.90059740144895,0.21829934027841325,0.19602389605793286
0.022696948683893433,9.0,70.0,4.999964496895697,0.28522899176304023,3.643904111610964,4.900597401462472,0.218299340291233,0.19602389605896706
0.022726245558893434,9.0,70.0,4.999964496895697,0.2852289917623789,3.6439041116113855,4.900597401470529,0.21829934028659803,0.19602389605884896
0.022755542433893435,9.0,70.0,4.999964496895697,0.28522899176259603,3.6439041116102944,4.9005974014565385,0.21829934027764275,0.19602389605825937
0.022784839308893436,9.0,70.0,4.999964496895697,0.285228991762638,3.643904111610899,4.900597401459447,0.21829934027830933,0.19602389605794465
0.022814136183893437,9.0,70.0,4.999964496895696,0.28522899176271876,3.643904111610306,4.900597401449398,0.2182993402784379,0.1960238960579453
0.02284343305889344,9.0,70.0,4.999964496895697,0.28522899176229133,3.6439041116111044,4.900597401462646,0.2182993402907376,0.19602389605893097
0.02287272993389344,9.0,70.0,4.999964496895697,0.2852289917625389,3.6439041116118758,4.900597401471,0.21829934028644304,0.19602389605884074
0.02290202680889344,9.0,70.0,4.999964496895696,0.2852289917624756,3.643904111609979,4.900597401456278,0.21829934027759323,0.19602389605826936
0.022931323683893442,9.0,70.0,4.999964496895698,0.28522899176234334,3.6439041116106043,4.900597401459136,0.21829934027815212,0.19602389605792248
0.022960620558893443,9.0,70.0,4.999964496895698,0.2852289917626828,3.6439041116099484,4.900597401448976,0.21829934027865017,0.19602389605795545
0.022989917433893444,9.0,70.0,4.999964496895698,0.28522899176209354,3.6439041116112407,4.900597401462755,0.2182993402910962,0.1960238960589529
0.023019214308893445,9.0,70.0,4.999964496895697,0.2852289917621924,3.643904111611077,4.900597401470172,0.2182993402865272,0.1960238960588506
0.023048511183893446,9.0,70.0,4.999964496895699,0.285228991762734,3.643904111609913,4.900597401456173,0.21829934027796183,0.19602389605828346
0.023077808058893447,9.0,70.0,4.999964496895699,0.28522899176193656,3.643904111611019,4.900597401459615,0.21829934028258102,0.1960238960583768
0.02310710493389345,9.0,70.0,4.999964496895697,0.2852289917622585,3.6439041116116657,4.900597401460666,0.21829934028261988,0.19602389605838483
0.02313640180889345,9.0,70.0,4.999964496895696,0.2852289917625749,3.6439041116104764,4.900597401459514,0.21829934028219422,0.19602389605839196
0.02316569868389345,9.0,70.0,4.999964496895699,0.2852289917626894,3.643904111611011,4.900597401459917,0.21829934028246067,0.1960238960583985
0.023194995558893452,9.0,70.0,4.999964496895697,0.2852289917623428,3.6439041116103708,4.900597401459287,0.21829934027814168,0.19602389605795373
0.023224292433893453,9.0,70.0,4.999964496895697,0.28522899176312777,3.6439041116092965,4.900597401448343,0.21829934027816122,0.19602389605793813
0.023253589308893454,9.0,70.0,4.999964496895697,0.2852289917626519,3.6439041116111914,4.900597401462705,0.21829934029115683,0.19602389605895
0.023282886183893455,9.0,70.0,4.999964496895698,0.2852289917625326,3.6439041116111883,4.900597401470339,0.21829934028654963,0.19602389605884823
0.023312183058893456,9.0,70.0,4.999964496895697,0.28522899176260946,3.643904111610012,4.900597401456264,0.21829934027767783,0.19602389605825832
0.023341479933893457,9.0,70.0,4.999964496895698,0.2852289917622691,3.6439041116105613,4.900597401459106,0.21829934027841746,0.1960238960579463
0.02337077680889346,9.0,70.0,4.999964496895697,0.28522899176231503,3.6439041116095896,4.900597401448688,0.21829934027863906,0.19602389605795403
0.02340007368389346,9.0,70.0,4.999964496895699,0.2852289917625568,3.643904111611664,4.9005974014631635,0.21829934029072384,0.1960238960589056
0.02342937055889346,9.0,70.0,4.999964496895696,0.2852289917625073,3.6439041116112043,4.900597401470352,0.21829934028635134,0.1960238960588434
0.023458667433893462,9.0,70.0,4.999964496895697,0.2852289917627067,3.643904111609854,4.900597401456137,0.21829934027761388,0.19602389605825554
0.023487964308893463,9.0,70.0,4.999964496895697,0.28522899176272687,3.6439041116108855,4.900597401459437,0.21829934027829867,0.19602389605792972
0.023517261183893464,9.0,70.0,4.999964496895698,0.28522899176211297,3.643904111609747,4.900597401448831,0.21829934027839992,0.19602389605793805
0.023546558058893465,9.0,70.0,4.999964496895699,0.2852289917628328,3.6439041116110578,4.900597401462616,0.21829934029126474,0.19602389605896847
0.023575854933893466,9.0,70.0,4.999964496895697,0.28522899176232486,3.6439041116112487,4.900597401470392,0.2182993402863318,0.19602389605882503
0.023605151808893467,9.0,70.0,4.999964496895698,0.2852289917628411,3.643904111610118,4.900597401456422,0.21829934027788456,0.19602389605828122
0.02363444868389347,9.0,70.0,4.999964496895698,0.2852289917627359,3.643904111610552,4.900597401459105,0.21829934027837772,0.19602389605794732
0.02366374555889347,9.0,70.0,4.999964496895697,0.28522899176208333,3.6439041116092374,4.9005974014483025,0.2182993402786384,0.19602389605795484
0.02369304243389347,9.0,70.0,4.999964496895697,0.28522899176218003,3.643904111611421,4.900597401462917,0.21829934029102116,0.19602389605892448
0.023722339308893472,9.0,70.0,4.999964496895698,0.28522899176269284,3.6439041116113104,4.900597401470496,0.21829934028655007,0.1960238960588538
0.023751636183893473,9.0,70.0,4.999964496895697,0.28522899176256605,3.643904111610061,4.900597401456283,0.21829934027790743,0.1960238960582893
0.023780933058893474,9.0,70.0,4.999964496895696,0.2852289917625704,3.643904111611178,4.900597401459744,0.21829934028253595,0.19602389605837808
0.023810229933893475,9.0,70.0,4.999964496895697,0.2852289917624328,3.6439041116114583,4.900597401460431,0.21829934028249132,0.19602389605837595
0.023839526808893476,9.0,70.0,4.999964496895697,0.28522899176241584,3.643904111610704,4.900597401459651,0.21829934028211673,0.1960238960583769
0.023868823683893477,9.0,70.0,4.999964496895697,0.2852289917623179,3.6439041116107225,4.900597401459658,0.2182993402821818,0.1960238960583718
0.02389812055889348,9.0,70.0,4.999964496895697,0.285228991762692,3.6439041116110373,4.90059740145998,0.218299340282458,0.1960238960583971
0.02392741743389348,9.0,70.0,4.999964496895696,0.2852289917625214,3.6439041116106714,4.90059740145962,0.2182993402822624,0.19602389605838635
0.02395671430889348,9.0,70.0,4.999964496895696,0.2852289917624891,3.643904111610422,4.900597401459308,0.21829934027805864,0.19602389605793857
0.023986011183893482,9.0,70.0,4.999964496895695,0.285228991762327,3.6439041116097957,4.900597401448818,0.2182993402782687,0.19602389605794845
0.024015308058893483,9.0,70.0,4.999964496895698,0.2852289917625155,3.6439041116111572,4.900597401462658,0.2182993402910849,0.19602389605895737
0.024044604933893484,9.0,70.0,4.999964496895699,0.2852289917620903,3.643904111611354,4.90059740147042,0.21829934028640507,0.19602389605883488
0.024073901808893485,9.0,70.0,4.999964496895697,0.2852289917626374,3.64390411160986,4.900597401456087,0.21829934027774067,0.19602389605826684
0.024103198683893486,9.0,70.0,4.999964496895697,0.28522899176273914,3.6439041116107243,4.900597401459276,0.21829934027826803,0.19602389605792517
0.024132495558893487,9.0,70.0,4.999964496895697,0.285228991762288,3.643904111610154,4.900597401449184,0.21829934027855624,0.1960238960579493
0.02416179243389349,9.0,70.0,4.999964496895696,0.28522899176228783,3.643904111610916,4.900597401462512,0.2182993402911486,0.19602389605896656
0.02419108930889349,9.0,70.0,4.999964496895697,0.28522899176269867,3.6439041116117443,4.9005974014708995,0.21829934028635378,0.1960238960588265
0.02422038618389349,9.0,70.0,4.999964496895697,0.2852289917621281,3.643904111610215,4.900597401456473,0.21829934027759768,0.19602389605826637
0.024249683058893492,9.0,70.0,4.999964496895696,0.2852289917624146,3.643904111610744,4.900597401459311,0.2182993402781257,0.19602389605792553
0.024278979933893493,9.0,70.0,4.999964496895697,0.2852289917621747,3.6439041116101185,4.900597401449217,0.21829934027840814,0.19602389605793719
0.024308276808893494,9.0,70.0,4.999964496895698,0.28522899176256483,3.6439041116113646,4.900597401462903,0.21829934029095743,0.1960238960589471
0.024337573683893495,9.0,70.0,4.999964496895698,0.28522899176266303,3.643904111611778,4.900597401470907,0.21829934028639775,0.19602389605884288
0.024366870558893496,9.0,70.0,4.999964496895697,0.28522899176225686,3.643904111609733,4.900597401455985,0.21829934027748354,0.19602389605825685
0.024396167433893497,9.0,70.0,4.999964496895698,0.28522899176235084,3.643904111610682,4.900597401459208,0.21829934027840903,0.19602389605793957
0.0244254643088935,9.0,70.0,4.999964496895697,0.28522899176231026,3.6439041116094897,4.900597401448519,0.2182993402784441,0.19602389605793427
0.0244547611838935,9.0,70.0,4.999964496895697,0.28522899176223454,3.643904111611559,4.900597401463072,0.21829934029116904,0.19602389605894702
0.0244840580588935,9.0,70.0,4.999964496895696,0.2852289917625698,3.6439041116111905,4.900597401470335,0.21829934028638887,0.19602389605884335
0.024513354933893502,9.0,70.0,4.999964496895697,0.28522899176261696,3.643904111609987,4.900597401456266,0.21829934027790965,0.19602389605828535
0.024542651808893503,9.0,70.0,4.999964496895698,0.2852289917627082,3.643904111611172,4.900597401459716,0.21829934028241182,0.1960238960583633
0.024571948683893504,9.0,70.0,4.999964496895698,0.28522899176238264,3.6439041116100888,4.900597401459037,0.2182993402785003,0.19602389605795822
0.024601245558893505,9.0,70.0,4.999964496895699,0.28522899176251376,3.6439041116099076,4.900597401448982,0.21829934027827136,0.19602389605793197
0.024630542433893506,9.0,70.0,4.999964496895697,0.28522899176247074,3.6439041116115933,4.900597401463172,0.21829934029096143,0.19602389605894707
0.024659839308893507,9.0,70.0,4.9999644968956956,0.2852289917627117,3.6439041116112088,4.900597401470354,0.21829934028628628,0.19602389605884024
0.02468913618389351,9.0,70.0,4.999964496895698,0.285228991762366,3.643904111610338,4.900597401456598,0.21829934027786346,0.19602389605828133
0.02471843305889351,9.0,70.0,4.999964496895697,0.2852289917625344,3.6439041116104485,4.900597401459058,0.21829934027810105,0.19602389605792298
0.02474772993389351,9.0,70.0,4.999964496895694,0.2852289917624631,3.6439041116105026,4.900597401449549,0.21829934027862574,0.19602389605795245
0.024777026808893512,9.0,70.0,4.999964496895697,0.2852289917622057,3.643904111611068,4.900597401462659,0.21829934029096454,0.1960238960589568
0.024806323683893513,9.0,70.0,4.999964496895697,0.28522899176256017,3.6439041116112776,4.900597401470414,0.2182993402863167,0.19602389605882914
0.024835620558893514,9.0,70.0,4.999964496895697,0.2852289917629296,3.643904111609789,4.90059740145606,0.21829934027793785,0.19602389605828743
0.024864917433893515,9.0,70.0,4.999964496895697,0.285228991762173,3.643904111610602,4.90059740145912,0.21829934027841946,0.19602389605793982
0.024894214308893516,9.0,70.0,4.999964496895697,0.2852289917624917,3.643904111609577,4.900597401448623,0.2182993402784461,0.19602389605793266
0.024923511183893517,9.0,70.0,4.999964496895699,0.2852289917625615,3.6439041116113704,4.900597401462926,0.21829934029120035,0.19602389605895348
0.02495280805889352,9.0,70.0,4.9999644968956956,0.2852289917622493,3.643904111611501,4.900597401470655,0.2182993402862603,0.19602389605882625
0.02498210493389352,9.0,70.0,4.999964496895698,0.2852289917625818,3.6439041116104463,4.900597401456739,0.21829934027767606,0.1960238960582701
0.02501140180889352,9.0,70.0,4.999964496895697,0.285228991762547,3.6439041116110134,4.900597401459532,0.21829934028245446,0.19602389605838455
0.025040698683893522,9.0,70.0,4.999964496895697,0.28522899176256555,3.6439041116105466,4.900597401459509,0.21829934028244247,0.19602389605836684
0.025069995558893523,9.0,70.0,4.999964496895697,0.28522899176254257,3.6439041116101603,4.900597401459055,0.21829934027847475,0.19602389605796613
0.025099292433893524,9.0,70.0,4.999964496895698,0.28522899176278504,3.6439041116101145,4.90059740144914,0.21829934027814746,0.1960238960579259
0.025128589308893525,9.0,70.0,4.999964496895697,0.2852289917624572,3.643904111611199,4.900597401462767,0.21829934029096942,0.19602389605895465
0.025157886183893526,9.0,70.0,4.999964496895697,0.28522899176302385,3.6439041116116995,4.900597401470834,0.21829934028647746,0.19602389605884868
0.025187183058893527,9.0,70.0,4.999964496895698,0.2852289917625832,3.6439041116097655,4.900597401455993,0.21829934027750686,0.1960238960582563
0.02521647993389353,9.0,70.0,4.999964496895697,0.28522899176277555,3.643904111610642,4.900597401459173,0.21829934027836084,0.1960238960579343
0.02524577680889353,9.0,70.0,4.999964496895697,0.2852289917627368,3.6439041116099657,4.90059740144906,0.21829934027854625,0.196023896057944
0.02527507368389353,9.0,70.0,4.999964496895698,0.28522899176259287,3.6439041116114343,4.900597401462939,0.21829934029095255,0.1960238960589411
0.025304370558893532,9.0,70.0,4.999964496895697,0.2852289917623271,3.643904111611419,4.900597401470589,0.2182993402861657,0.1960238960588194
0.025333667433893533,9.0,70.0,4.999964496895698,0.2852289917625016,3.643904111609576,4.900597401455816,0.21829934027784148,0.196023896058285
0.025362964308893534,9.0,70.0,4.999964496895697,0.28522899176277805,3.6439041116109547,4.900597401459439,0.21829934027838127,0.1960238960579296
0.025392261183893535,9.0,70.0,4.999964496895698,0.28522899176276084,3.643904111609835,4.900597401448893,0.21829934027835418,0.19602389605793122
0.025421558058893536,9.0,70.0,4.999964496895698,0.2852289917625874,3.6439041116116253,4.900597401463116,0.21829934029125408,0.1960238960589694
0.025450854933893537,9.0,70.0,4.999964496895696,0.2852289917628635,3.6439041116115485,4.900597401470728,0.21829934028643705,0.1960238960588523
0.02548015180889354,9.0,70.0,4.999964496895697,0.2852289917625447,3.6439041116104915,4.900597401456796,0.21829934027770737,0.1960238960582764
0.02550944868389354,9.0,70.0,4.999964496895697,0.2852289917625641,3.643904111610717,4.900597401459259,0.218299340278155,0.19602389605793744
0.02553874555889354,9.0,70.0,4.999964496895698,0.2852289917623575,3.6439041116095066,4.900597401448609,0.21829934027838105,0.19602389605793435
0.025568042433893542,9.0,70.0,4.999964496895697,0.2852289917626727,3.6439041116109565,4.900597401462481,0.21829934029133424,0.1960238960589669
0.025597339308893543,9.0,70.0,4.999964496895699,0.28522899176261357,3.6439041116113673,4.900597401470512,0.2182993402866098,0.19602389605884782
0.025626636183893544,9.0,70.0,4.999964496895697,0.2852289917626148,3.643904111610376,4.900597401456688,0.2182993402777209,0.1960238960582671
0.025655933058893545,9.0,70.0,4.999964496895699,0.2852289917625955,3.6439041116108135,4.900597401459434,0.21829934027800535,0.1960238960579177
0.025685229933893546,9.0,70.0,4.999964496895698,0.28522899176252975,3.6439041116098654,4.9005974014489295,0.21829934027849363,0.19602389605795179
0.025714526808893547,9.0,70.0,4.999964496895696,0.2852289917623077,3.6439041116112683,4.900597401462805,0.218299340290794,0.19602389605892215
0.02574382368389355,9.0,70.0,4.999964496895697,0.2852289917623638,3.6439041116111377,4.90059740147022,0.21829934028649878,0.19602389605884846
0.02577312055889355,9.0,70.0,4.999964496895698,0.28522899176287625,3.6439041116097406,4.900597401455997,0.21829934027769826,0.1960238960582573
0.02580241743389355,9.0,70.0,4.999964496895697,0.2852289917625592,3.6439041116105924,4.9005974014591,0.2182993402784401,0.19602389605793918
0.025831714308893552,9.0,70.0,4.999964496895698,0.285228991762213,3.6439041116101984,4.90059740144929,0.21829934027867282,0.19602389605795548
0.025861011183893553,9.0,70.0,4.999964496895697,0.28522899176219985,3.6439041116109867,4.900597401462535,0.21829934029092612,0.19602389605894568
0.025890308058893554,9.0,70.0,4.999964496895698,0.2852289917622985,3.643904111611459,4.900597401470615,0.21829934028645614,0.19602389605883883
0.025919604933893555,9.0,70.0,4.9999644968956956,0.2852289917626811,3.643904111610207,4.90059740145648,0.21829934027771958,0.19602389605827053
0.025948901808893556,9.0,70.0,4.999964496895697,0.28522899176240296,3.6439041116106607,4.9005974014592315,0.21829934027815168,0.19602389605792658
0.025978198683893557,9.0,70.0,4.999964496895697,0.2852289917626132,3.643904111609372,4.900597401448472,0.21829934027854736,0.19602389605794945
0.02600749555889356,9.0,70.0,4.999964496895698,0.2852289917625191,3.643904111610937,4.900597401462435,0.21829934029117437,0.1960238960589462
0.02603679243389356,9.0,70.0,4.999964496895697,0.2852289917624657,3.6439041116115867,4.9005974014706535,0.21829934028656184,0.19602389605884094
0.02606608930889356,9.0,70.0,4.999964496895697,0.28522899176290045,3.6439041116097393,4.900597401455993,0.2182993402776714,0.1960238960582663
0.026095386183893562,9.0,70.0,4.999964496895697,0.2852289917625012,3.6439041116110173,4.900597401459679,0.21829934028253106,0.19602389605836965
0.026124683058893563,9.0,70.0,4.999964496895696,0.28522899176237543,3.643904111610195,4.900597401459198,0.21829934027860975,0.19602389605796716
0.026153979933893564,9.0,70.0,4.999964496895697,0.2852289917623757,3.6439041116093924,4.900597401448387,0.21829934027844566,0.196023896057955
0.026183276808893565,9.0,70.0,4.999964496895696,0.28522899176217525,3.6439041116117465,4.900597401463266,0.2182993402910931,0.19602389605894352
0.026212573683893566,9.0,70.0,4.999964496895698,0.2852289917625094,3.643904111611135,4.900597401470249,0.21829934028635223,0.19602389605884635
0.026241870558893567,9.0,70.0,4.999964496895697,0.2852289917621251,3.643904111610079,4.900597401456345,0.21829934027793763,0.19602389605828663
0.02627116743389357,9.0,70.0,4.999964496895697,0.2852289917620947,3.643904111610416,4.900597401458978,0.21829934027818543,0.1960238960579237
0.02630046430889357,9.0,70.0,4.999964496895697,0.2852289917622556,3.6439041116095647,4.900597401448678,0.21829934027852094,0.19602389605793769
0.02632976118389357,9.0,70.0,4.999964496895698,0.2852289917620519,3.643904111611457,4.9005974014629725,0.21829934029121523,0.1960238960589556
0.026359058058893572,9.0,70.0,4.999964496895697,0.28522899176209315,3.6439041116114006,4.90059740147055,0.21829934028636044,0.19602389605883835
0.026388354933893573,9.0,70.0,4.999964496895698,0.2852289917625568,3.643904111610101,4.900597401456392,0.2182993402778528,0.19602389605828557
0.026417651808893574,9.0,70.0,4.999964496895698,0.28522899176213323,3.643904111610659,4.900597401459235,0.21829934027832443,0.19602389605794185
0.026446948683893575,9.0,70.0,4.999964496895697,0.28522899176270994,3.643904111609448,4.900597401448493,0.21829934027859488,0.19602389605795373
0.026476245558893576,9.0,70.0,4.999964496895697,0.28522899176277566,3.6439041116109148,4.900597401462408,0.2182993402910962,0.19602389605893877
0.026505542433893577,9.0,70.0,4.999964496895697,0.28522899176267985,3.643904111611954,4.900597401471044,0.21829934028653497,0.19602389605883744
0.02653483930889358,9.0,70.0,4.999964496895696,0.2852289917622155,3.6439041116097086,4.900597401455989,0.2182993402777582,0.1960238960582873
0.02656413618389358,9.0,70.0,4.999964496895698,0.28522899176209937,3.643904111610789,4.900597401459367,0.21829934027826803,0.19602389605792692
0.02659343305889358,9.0,70.0,4.999964496895697,0.2852289917618176,3.643904111610504,4.9005974014496125,0.2182993402783362,0.19602389605792866
0.026622729933893582,9.0,70.0,4.999964496895696,0.2852289917624608,3.6439041116117052,4.90059740146327,0.21829934029101183,0.19602389605896572
0.026652026808893583,9.0,70.0,4.9999644968956956,0.28522899176245226,3.6439041116112847,4.900597401470457,0.21829934028610398,0.19602389605882656
0.026681323683893584,9.0,70.0,4.999964496895699,0.28522899176280736,3.6439041116100848,4.900597401456359,0.2182993402778719,0.19602389605828557
0.026710620558893585,9.0,70.0,4.999964496895698,0.28522899176252664,3.643904111610974,4.900597401459511,0.21829934028237563,0.1960238960583618
0.026739917433893586,9.0,70.0,4.999964496895696,0.28522899176249233,3.6439041116116657,4.900597401460607,0.21829934028261477,0.1960238960583812
0.026769214308893587,9.0,70.0,4.999964496895696,0.28522899176216027,3.643904111610467,4.900597401459392,0.218299340278024,0.19602389605795348
0.02679851118389359,9.0,70.0,4.999964496895697,0.2852289917624529,3.6439041116097126,4.900597401448715,0.21829934027810238,0.19602389605793918
0.02682780805889359,9.0,70.0,4.9999644968956956,0.2852289917622185,3.6439041116113766,4.900597401462952,0.21829934029123588,0.19602389605897078
0.02685710493389359,9.0,70.0,4.999964496895697,0.2852289917629079,3.643904111611425,4.900597401470572,0.2182993402862874,0.19602389605883053
0.026886401808893592,9.0,70.0,4.9999644968957,0.2852289917623882,3.643904111610005,4.900597401456314,0.21829934027758569,0.19602389605825693
0.026915698683893593,9.0,70.0,4.999964496895697,0.2852289917626551,3.6439041116110187,4.9005974014595886,0.21829934028246556,0.19602389605837117
0.026944995558893594,9.0,70.0,4.999964496895696,0.2852289917628461,3.643904111610295,4.900597401459254,0.21829934027850273,0.19602389605795453
0.026974292433893595,9.0,70.0,4.999964496895697,0.28522899176268973,3.6439041116094786,4.9005974014485725,0.21829934027819609,0.19602389605792983
0.027003589308893596,9.0,70.0,4.999964496895697,0.285228991762189,3.6439041116114965,4.900597401463002,0.21829934029083709,0.1960238960589227
0.027032886183893597,9.0,70.0,4.999964496895698,0.2852289917626236,3.6439041116118296,4.900597401471013,0.21829934028631381,0.19602389605883525
0.0270621830588936,9.0,70.0,4.999964496895697,0.2852289917624408,3.6439041116099404,4.900597401456192,0.21829934027750286,0.1960238960582633
0.0270914799338936,9.0,70.0,4.999964496895697,0.2852289917624857,3.643904111611191,4.900597401459645,0.21829934028225284,0.19602389605834833
0.0271207768088936,9.0,70.0,4.999964496895697,0.28522899176267896,3.6439041116116657,4.900597401460603,0.2182993402826121,0.19602389605838424
0.0271500736838936,9.0,70.0,4.999964496895696,0.28522899176253613,3.643904111610954,4.900597401459951,0.21829934028218378,0.19602389605838813
0.027179370558893603,9.0,70.0,4.999964496895697,0.28522899176234834,3.64390411161017,4.9005974014591285,0.21829934027813702,0.19602389605796006
0.027208667433893604,9.0,70.0,4.999964496895697,0.28522899176225897,3.643904111610039,4.90059740144907,0.21829934027833486,0.19602389605795206
0.027237964308893605,9.0,70.0,4.999964496895696,0.2852289917625797,3.6439041116107838,4.900597401462319,0.21829934029057108,0.19602389605891
0.027267261183893606,9.0,70.0,4.999964496895697,0.28522899176276334,3.643904111611386,4.900597401470499,0.21829934028661668,0.19602389605884762
0.027296558058893607,9.0,70.0,4.999964496895697,0.2852289917622062,3.643904111610002,4.9005974014562135,0.21829934027783637,0.196023896058277
0.02732585493389361,9.0,70.0,4.999964496895697,0.28522899176261823,3.643904111610792,4.900597401459428,0.218299340278286,0.19602389605793152
0.02735515180889361,9.0,70.0,4.999964496895697,0.2852289917622136,3.643904111609197,4.900597401448325,0.21829934027831666,0.19602389605793008
0.02738444868389361,9.0,70.0,4.999964496895697,0.28522899176231975,3.643904111611661,4.900597401463178,0.21829934029119213,0.19602389605894516
0.02741374555889361,9.0,70.0,4.999964496895697,0.2852289917624961,3.643904111611226,4.900597401470358,0.21829934028644504,0.19602389605885118
0.027443042433893613,9.0,70.0,4.999964496895696,0.28522899176271344,3.6439041116100923,4.900597401456378,0.21829934027780773,0.19602389605827597
0.027472339308893614,9.0,70.0,4.999964496895697,0.2852289917625202,3.643904111610656,4.900597401459273,0.21829934027810793,0.19602389605791767
0.027501636183893615,9.0,70.0,4.999964496895697,0.2852289917623619,3.6439041116094653,4.900597401448529,0.21829934027838194,0.19602389605793272
0.027530933058893616,9.0,70.0,4.999964496895698,0.28522899176206823,3.6439041116111657,4.900597401462624,0.21829934029142062,0.1960238960589742
0.027560229933893617,9.0,70.0,4.999964496895698,0.2852289917631003,3.6439041116116186,4.900597401470753,0.21829934028629983,0.19602389605881995
0.02758952680889362,9.0,70.0,4.999964496895697,0.28522899176266414,3.6439041116097566,4.9005974014560225,0.21829934027767517,0.19602389605827092
0.02761882368389362,9.0,70.0,4.999964496895697,0.2852289917624808,3.6439041116104294,4.900597401458975,0.2182993402783724,0.19602389605793685
0.02764812055889362,9.0,70.0,4.999964496895697,0.28522899176258,3.643904111609622,4.900597401448666,0.21829934027862796,0.19602389605794707
0.02767741743389362,9.0,70.0,4.999964496895697,0.2852289917623222,3.643904111611402,4.900597401462894,0.21829934029087483,0.19602389605891965
0.027706714308893623,9.0,70.0,4.999964496895696,0.28522899176255473,3.64390411161133,4.900597401470461,0.21829934028649323,0.19602389605884984
0.027736011183893624,9.0,70.0,4.999964496895698,0.2852289917624604,3.6439041116099586,4.900597401456232,0.21829934027775644,0.1960238960582723
0.027765308058893625,9.0,70.0,4.999964496895698,0.2852289917627127,3.6439041116112567,4.900597401459784,0.21829934028229614,0.196023896058351
0.027794604933893626,9.0,70.0,4.999964496895697,0.2852289917625971,3.6439041116113757,4.900597401460349,0.2182993402825304,0.19602389605838086
0.027823901808893627,9.0,70.0,4.999964496895698,0.2852289917624,3.643904111610871,4.900597401459847,0.21829934028216824,0.19602389605838
0.02785319868389363,9.0,70.0,4.999964496895697,0.2852289917622832,3.643904111610454,4.9005974014593585,0.2182993402780975,0.19602389605795106
0.02788249555889363,9.0,70.0,4.999964496895697,0.28522899176226685,3.6439041116098645,4.90059740144887,0.21829934027826114,0.1960238960579509
0.02791179243389363,9.0,70.0,4.999964496895697,0.28522899176263783,3.6439041116116995,4.900597401463221,0.21829934029062925,0.19602389605891155
0.02794108930889363,9.0,70.0,4.9999644968957,0.2852289917623623,3.6439041116116377,4.900597401470779,0.21829934028619258,0.19602389605883028
0.027970386183893633,9.0,70.0,4.999964496895699,0.28522899176247124,3.643904111609955,4.900597401456213,0.21829934027764075,0.19602389605827092
0.027999683058893634,9.0,70.0,4.999964496895696,0.2852289917626741,3.64390411161091,4.900597401459416,0.2182993402783202,0.19602389605793633
0.028028979933893635,9.0,70.0,4.999964496895697,0.2852289917626744,3.643904111609651,4.900597401448743,0.21829934027848497,0.1960238960579462
0.028058276808893636,9.0,70.0,4.999964496895697,0.28522899176233724,3.6439041116114352,4.900597401462968,0.21829934029118148,0.19602389605895643
0.028087573683893637,9.0,70.0,4.999964496895697,0.28522899176226674,3.6439041116114255,4.900597401470572,0.21829934028640618,0.196023896058843
0.02811687055889364,9.0,70.0,4.999964496895699,0.2852289917625996,3.6439041116103383,4.900597401456625,0.21829934027770959,0.19602389605827078
0.02814616743389364,9.0,70.0,4.999964496895696,0.2852289917617851,3.643904111610621,4.900597401459225,0.218299340278292,0.19602389605794568
0.02817546430889364,9.0,70.0,4.999964496895697,0.2852289917622075,3.6439041116092774,4.9005974014483185,0.21829934027843567,0.19602389605793824
0.02820476118389364,9.0,70.0,4.999964496895698,0.28522899176257455,3.6439041116117172,4.900597401463248,0.21829934029130516,0.1960238960589549
0.028234058058893643,9.0,70.0,4.999964496895697,0.2852289917625281,3.6439041116114055,4.900597401470531,0.21829934028630316,0.1960238960588381
0.028263354933893644,9.0,70.0,4.999964496895697,0.28522899176217537,3.643904111610102,4.900597401456353,0.21829934027765252,0.19602389605826567
0.028292651808893645,9.0,70.0,4.999964496895697,0.2852289917625865,3.6439041116103397,4.900597401458842,0.2182993402781861,0.19602389605792614
0.028321948683893646,9.0,70.0,4.999964496895696,0.2852289917628562,3.643904111609369,4.9005974014484375,0.21829934027855802,0.19602389605793724
0.028351245558893647,9.0,70.0,4.999964496895697,0.2852289917623746,3.6439041116113096,4.900597401462883,0.2182993402914486,0.19602389605897133
0.02838054243389365,9.0,70.0,4.999964496895696,0.28522899176218597,3.643904111611349,4.900597401470488,0.21829934028654696,0.19602389605885345
0.02840983930889365,9.0,70.0,4.999964496895697,0.2852289917628608,3.643904111609703,4.90059740145602,0.21829934027779485,0.19602389605827733
0.02843913618389365,9.0,70.0,4.999964496895697,0.28522899176256594,3.643904111610599,4.900597401459182,0.2182993402783835,0.1960238960579364
0.02846843305889365,9.0,70.0,4.999964496895697,0.2852289917624648,3.6439041116102375,4.900597401449361,0.2182993402785387,0.19602389605794415
0.028497729933893653,9.0,70.0,4.999964496895699,0.2852289917627076,3.6439041116113096,4.9005974014629174,0.2182993402911102,0.19602389605896736
0.028527026808893654,9.0,70.0,4.999964496895698,0.28522899176236993,3.643904111611116,4.900597401470248,0.21829934028637799,0.19602389605884288
0.028556323683893655,9.0,70.0,4.999964496895698,0.28522899176250816,3.643904111610069,4.900597401456337,0.21829934027791476,0.19602389605828163
0.028585620558893656,9.0,70.0,4.999964496895696,0.2852289917628945,3.643904111610398,4.900597401458932,0.21829934027824582,0.1960238960579293
0.028614917433893657,9.0,70.0,4.999964496895697,0.2852289917619501,3.643904111609742,4.900597401448845,0.21829934027863818,0.19602389605794848
0.02864421430889366,9.0,70.0,4.999964496895697,0.2852289917629432,3.6439041116110156,4.90059740146255,0.218299340291237,0.1960238960589629
0.02867351118389366,9.0,70.0,4.999964496895698,0.28522899176266703,3.6439041116116773,4.900597401470817,0.21829934028645148,0.19602389605883574
0.02870280805889366,9.0,70.0,4.999964496895697,0.28522899176265726,3.643904111609921,4.900597401456231,0.2182993402775335,0.19602389605825785
0.02873210493389366,9.0,70.0,4.999964496895697,0.2852289917624408,3.643904111610934,4.900597401459486,0.2182993402825304,0.19602389605837775
0.028761401808893663,9.0,70.0,4.999964496895697,0.2852289917626641,3.6439041116102486,4.900597401459263,0.21829934027847164,0.19602389605794796
0.028790698683893664,9.0,70.0,4.999964496895697,0.28522899176235444,3.643904111609521,4.900597401448566,0.21829934027818054,0.1960238960579278
0.028819995558893665,9.0,70.0,4.999964496895696,0.28522899176252614,3.643904111611578,4.900597401463133,0.2182993402912503,0.1960238960589658
0.028849292433893666,9.0,70.0,4.999964496895697,0.28522899176306876,3.643904111611388,4.90059740147051,0.21829934028649634,0.19602389605885845
0.028878589308893667,9.0,70.0,4.9999644968956956,0.2852289917621726,3.643904111609728,4.90059740145599,0.218299340277738,0.19602389605827303
0.02890788618389367,9.0,70.0,4.999964496895696,0.28522899176228894,3.643904111610451,4.900597401459008,0.21829934027836195,0.1960238960579326
0.02893718305889367,9.0,70.0,4.999964496895696,0.28522899176264443,3.643904111610252,4.90059740144928,0.21829934027866238,0.19602389605795098
0.02896647993389367,9.0,70.0,4.999964496895697,0.2852289917628404,3.643904111610971,4.900597401462547,0.2182993402910134,0.19602389605895354
0.02899577680889367,9.0,70.0,4.999964496895697,0.28522899176236677,3.643904111611709,4.900597401470836,0.21829934028631648,0.1960238960588245
0.029025073683893673,9.0,70.0,4.999964496895697,0.2852289917620887,3.643904111609681,4.900597401455969,0.21829934027776554,0.19602389605828235
0.029054370558893674,9.0,70.0,4.999964496895696,0.2852289917622708,3.6439041116106896,4.90059740145921,0.21829934027825448,0.19602389605792284
0.029083667433893675,9.0,70.0,4.999964496895697,0.28522899176204697,3.6439041116102238,4.900597401449356,0.2182993402785245,0.196023896057943
0.029112964308893676,9.0,70.0,4.999964496895697,0.2852289917625763,3.643904111611749,4.900597401463288,0.21829934029097875,0.19602389605895337
0.029142261183893677,9.0,70.0,4.999964496895696,0.28522899176292643,3.6439041116113753,4.900597401470533,0.21829934028625408,0.19602389605884135
0.02917155805889368,9.0,70.0,4.999964496895699,0.28522899176213584,3.6439041116102326,4.90059740145654,0.21829934027776354,0.1960238960582771
0.02920085493389368,9.0,70.0,4.999964496895697,0.2852289917624214,3.643904111611006,4.900597401459595,0.21829934028237852,0.19602389605836867
0.02923015180889368,9.0,70.0,4.999964496895697,0.2852289917623316,3.643904111611511,4.900597401460477,0.21829934028261477,0.19602389605838497
0.02925944868389368,9.0,70.0,4.999964496895697,0.2852289917626621,3.6439041116103494,4.900597401459271,0.21829934027789566,0.19602389605793635
0.029288745558893683,9.0,70.0,4.999964496895697,0.2852289917623127,3.6439041116099253,4.900597401448974,0.21829934027805153,0.19602389605792894
0.029318042433893684,9.0,70.0,4.999964496895696,0.28522899176259514,3.6439041116111226,4.9005974014626545,0.2182993402909157,0.1960238960589446
0.029347339308893685,9.0,70.0,4.999964496895696,0.2852289917624561,3.6439041116110875,4.900597401470208,0.2182993402864286,0.19602389605883785
0.029376636183893686,9.0,70.0,4.999964496895697,0.2852289917626855,3.6439041116103876,4.900597401456675,0.21829934027799802,0.1960238960582868
0.029405933058893687,9.0,70.0,4.999964496895696,0.28522899176229616,3.643904111610744,4.900597401459294,0.21829934027828868,0.19602389605794418
0.02943522993389369,9.0,70.0,4.999964496895697,0.28522899176292926,3.643904111610431,4.900597401449464,0.21829934027860798,0.19602389605795903
0.02946452680889369,9.0,70.0,4.999964496895698,0.28522899176239586,3.643904111611883,4.900597401463387,0.21829934029100806,0.19602389605896042
0.02949382368389369,9.0,70.0,4.999964496895697,0.28522899176253746,3.6439041116111253,4.900597401470235,0.21829934028629117,0.1960238960588485
0.02952312055889369,9.0,70.0,4.999964496895697,0.28522899176213184,3.643904111609681,4.900597401455903,0.21829934027770737,0.19602389605826223
0.029552417433893693,9.0,70.0,4.999964496895697,0.28522899176303695,3.643904111610788,4.900597401459361,0.2182993402784552,0.19602389605793705
0.029581714308893694,9.0,70.0,4.999964496895697,0.2852289917624645,3.6439041116098556,4.900597401448954,0.21829934027856934,0.19602389605795142
0.029611011183893695,9.0,70.0,4.999964496895697,0.2852289917627041,3.6439041116114783,4.900597401462994,0.21829934029094256,0.19602389605893838
0.029640308058893696,9.0,70.0,4.999964496895697,0.28522899176237065,3.6439041116113224,4.900597401470421,0.21829934028629294,0.19602389605883389
0.029669604933893697,9.0,70.0,4.999964496895697,0.2852289917621024,3.6439041116103406,4.900597401456559,0.21829934027775488,0.19602389605827103
0.0296989018088937,9.0,70.0,4.999964496895697,0.2852289917629084,3.6439041116106554,4.900597401459241,0.21829934027820497,0.19602389605793338
0.0297281986838937,9.0,70.0,4.999964496895698,0.28522899176209937,3.6439041116103996,4.900597401449438,0.21829934027848208,0.19602389605794315
0.0297574955588937,9.0,70.0,4.999964496895697,0.2852289917621744,3.6439041116115005,4.900597401463067,0.218299340290953,0.19602389605895332
0.0297867924338937,9.0,70.0,4.999964496895698,0.2852289917625397,3.6439041116110147,4.900597401470128,0.21829934028623255,0.19602389605883225
0.029816089308893703,9.0,70.0,4.999964496895697,0.2852289917625208,3.643904111609861,4.900597401456065,0.2182993402777882,0.1960238960582654
0.029845386183893704,9.0,70.0,4.999964496895697,0.2852289917626618,3.643904111610689,4.900597401459204,0.21829934027846543,0.1960238960579428
0.029874683058893705,9.0,70.0,4.999964496895697,0.28522899176241656,3.6439041116100976,4.900597401449164,0.21829934027847364,0.19602389605793805
0.029903979933893706,9.0,70.0,4.999964496895696,0.28522899176258465,3.6439041116116897,4.900597401463262,0.2182993402911524,0.19602389605896595
0.029933276808893707,9.0,70.0,4.999964496895697,0.2852289917625473,3.6439041116112256,4.90059740147034,0.21829934028630182,0.1960238960588445
0.02996257368389371,9.0,70.0,4.999964496895699,0.2852289917624175,3.6439041116101873,4.900597401456439,0.21829934027785902,0.19602389605828105
0.02999187055889371,9.0,70.0,4.999964496895697,0.2852289917625926,3.643904111610273,4.900597401458803,0.21829934027839037,0.19602389605794812
0.03,9.0,70.0,4.999964496895698,0.2852289917619743,3.6439041116070565,4.900597401413343,0.21829934025311903,0.19602389605653706
