sweep,vin,t,v5,vref,vadj,vfan,i317,ifan
6.0,6.0,70.0,4.299964596490137,0.24532456186731666,2.9394493228787835,4.0786738158355895,0.1816863803425011,0.1631469526262964
6.002000000000001,6.002000000000001,70.0,4.301293499564688,0.24539651011290545,2.9407706264939746,4.080086503270977,0.1829269690073494,0.1632034792781865
6.006000000000001,6.006000000000001,70.0,4.304895951476634,0.24559916935089504,2.944262431986135,4.08307179601771,0.18508727836445651,0.16332287225845704
6.01268299613837,6.01268299613837,70.0,4.311575592873036,0.24598000120880678,2.9507478607070645,4.088488248173654,0.18779709004453649,0.16353953872934698
6.019849048481697,6.019849048481697,70.0,4.318792468302461,0.24639181363738968,2.957796012688893,4.094737051650656,0.1897678768631601,0.16378949254594627
6.031478522493271,6.031478522493271,70.0,4.330435568457399,0.24705570513301056,2.969225549618448,4.105445477038941,0.19175232867032707,0.1642178373580567
6.0514785224932695,6.0514785224932695,70.0,4.350433904406068,0.24819582331259096,2.988930695287464,4.1246018512671005,0.1935741602996775,0.1649841071658298
6.071478522493269,6.071478522493269,70.0,4.37043301391017,0.24933598205244986,3.008673855114093,4.144132073575519,0.19459193809863423,0.16576529138647872
6.091478522493268,6.091478522493268,70.0,4.390432941689951,0.2504761924507814,3.0284285981648837,4.163759017806934,0.19540047088356843,0.1665503611410704
6.111478522493267,6.111478522493267,70.0,4.410432928196672,0.25161640915558625,3.0481854490345444,4.183388808972649,0.19620360506184475,0.1673355522208574
6.131478522493267,6.131478522493267,70.0,4.430432900956264,0.25275662829343293,3.06794276084353,4.203004111702733,0.19703941233732714,0.1681201643289418
6.1514785224932655,6.1514785224932655,70.0,4.450432871016467,0.2538968506139261,3.0877009274592897,4.222609118649286,0.19789887137617737,0.1689043645901478
6.171478522493265,6.171478522493265,70.0,4.470432841150872,0.2550370762993536,3.1074604758295674,4.242209760089036,0.19876909724967395,0.169688390235897
6.191478522493264,6.191478522493264,70.0,4.4904328113798115,0.256177305445252,3.1272216897350718,4.261809423839669,0.19964270371602083,0.17047237679156627
6.211478522493263,6.211478522493263,70.0,4.510432781646293,0.2573175382189291,3.146984662723521,4.281409430152833,0.200516797686871,0.17125637702881313
6.231478522493262,6.231478522493262,70.0,4.530432751944433,0.25845777483947163,3.1667493986167434,4.301010104025109,0.20139065326313205,0.17204040399633472
6.2324785224932615,6.2324785224932615,70.0,4.531432750460147,0.2585147883439115,3.167737680932676,4.301990151641497,0.2014343376712002,0.17207960606356365
6.248478522493262,6.248478522493262,70.0,4.547432726721811,0.25942697977873613,3.1835507917930164,4.3176711998506425,0.20213323399059108,0.17270684789588778
6.268478522493261,6.268478522493261,70.0,4.567432697074178,0.260567223685487,3.203318719252591,4.337273050308845,0.20300674352673484,0.17349092183942685
6.288478522493261,6.288478522493261,70.0,4.587432667452363,0.2617074725708361,3.223088331338886,4.3568754571914,0.2038802172982701,0.17427501812537569
6.308478522493259,6.308478522493259,70.0,4.607432637854097,0.26284772647053994,3.2428596028840686,4.376478397418424,0.20475369750604736,0.1750591357290943
6.328478522493259,6.328478522493259,70.0,4.627432608277245,0.2639879855931599,3.2626325102655516,4.396081859160337,0.20562719825019574,0.17584327420036605
6.348478522493258,6.348478522493258,70.0,4.647432578719764,0.2651282502940257,3.282407030846864,4.415685836541195,0.2065007218993975,0.1766274332894938
6.349478522493257,6.349478522493257,70.0,4.648432577242365,0.2651852659951285,3.283395798530608,4.416666045136501,0.20654439714354783,0.17666664180779262
6.365478522493258,6.365478522493258,70.0,4.664432553609646,0.26609748081099144,3.2992166252269395,4.432349617557631,0.20724323509937095,0.17729398460288043
6.385478522493257,6.385478522493257,70.0,4.684432524082706,0.2672377561538955,3.3189940723081905,4.451954538658425,0.2081167992129515,0.17807818138016338
6.405478522493256,6.405478522493256,70.0,4.704432494569502,0.26837803876908667,3.3387730708837036,4.471559962522027,0.20899038330939407,0.17886239834304146
6.425478522493255,6.425478522493255,70.0,4.724432465068076,0.2695183287606998,3.358553600002814,4.491165885450237,0.20986398736777806,0.17964663525386212
6.4454785224932545,6.4454785224932545,70.0,4.7444324355764955,0.27065862647827577,3.3783356391616577,4.510772303204512,0.21073761162691104,0.18043089197323803
6.465478522493253,6.465478522493253,70.0,4.764432406092836,0.27179893249312315,3.3981191682672938,4.53037921158991,0.2116112555003475,0.18121516830215512
6.466478522493253,6.466478522493253,70.0,4.765432404618827,0.2718559515708668,3.399108383226585,4.531359566091975,0.211654936651631,0.18125438264993965
6.4824785224932535,6.4824785224932535,70.0,4.781432381036529,0.27276820078729763,3.4149363247734836,4.547045464645537,0.21235386851915683,0.181881818470056
6.502478522493252,6.502478522493252,70.0,4.8014323515624255,0.2739085228388598,3.4347225584974974,4.566653270578623,0.21322754893075888,0.18266613065948142
6.522478522493252,6.522478522493252,70.0,4.821432322090752,0.27504885581910943,3.4545102270609154,4.586261555017788,0.21410124830169752,0.18345046205310847
6.5424785224932505,6.5424785224932505,70.0,4.841432292619546,0.27618920002787084,3.474299311721024,4.605870314574595,0.21497496679694514,0.18423481243652748
6.56247852249325,6.56247852249325,70.0,4.861432263146815,0.2773295560876413,3.494089794142486,4.625479545402903,0.21584870429347155,0.1850191816548265
6.582478522493249,6.582478522493249,70.0,4.881432233670547,0.2784699249688507,3.5138816562996227,4.645089243081678,0.21672246065910722,0.18580356956299096
6.583478522493248,6.583478522493248,70.0,4.882432232196604,0.27852694949840484,3.5148712851333705,4.646069736570896,0.2167661474630281,0.1858427894663831
6.599478522493249,6.599478522493249,70.0,4.898432208611419,0.279439251068529,3.5307058108347924,4.661757848981027,0.21746516895114426,0.18647031386293603
6.619478522493248,6.619478522493248,70.0,4.91843217912314,0.2805796451802425,3.550500179217946,4.681368402272435,0.21833896033956188,0.18725473593556946
6.639478522493247,6.639478522493247,70.0,4.9384321496253465,0.28172005639192743,3.5702958780025993,4.700979411330472,0.21921276948212828,0.18803917628976358
6.659478522493247,6.659478522493247,70.0,4.958432120115801,0.28286048547452347,3.590092890368095,4.720590872917064,0.22008659713794212,0.18882363476199984
6.679478522493246,6.679478522493246,70.0,4.978432090592204,0.2840009336050148,3.6098911998933585,4.740202783840356,0.22096044319202324,0.18960811119952373
6.699478522493244,6.699478522493244,70.0,4.998432061052166,0.2851414025324068,3.6296907904326225,4.759815140388729,0.2218343074479646,0.19039260547020942
6.700478522493244,6.700478522493244,70.0,4.999199553260375,0.28518551585687996,3.630474521437767,4.7607953116243165,0.22187756423762586,0.19043181247124716
6.707475261963759,6.707475261963759,70.0,5.000334603621689,0.28525131056006775,3.6320648997078235,4.767644777153361,0.22217438807228873,0.19070579108841973
6.713026922495818,6.713026922495818,70.0,5.00009815498684,0.2852374842627864,3.632256312489664,4.773076532554487,0.22241044243367858,0.19092305962885406
6.719033276107518,6.719033276107518,70.0,4.999973228512542,0.2852303083171503,3.6325931592371594,4.778952477630506,0.22266798673965904,0.19115809713895432
6.72888069196069,6.72888069196069,70.0,4.9999538927669915,0.28522921859463213,3.63333598302581,4.788585227046719,0.22309314254430948,0.19154340375471493
6.748575523667031,6.748575523667031,70.0,4.999961856668166,0.2852297226986726,3.6349233999886845,4.80784760748539,0.22394760621685936,0.19231390430528983
6.76857552366703,6.76857552366703,70.0,4.9999640347238214,0.2852298976388387,3.63661288183526,4.8274044789417445,0.2248168607435778,0.19309617911305144
6.7885755236670295,6.7885755236670295,70.0,4.99996417254037,0.2852299548900325,3.638384185847194,4.8469529740025905,0.22568407553381592,0.19387811843479977
6.80014833397923,6.80014833397923,70.0,4.999964202544064,0.2852299696153422,3.639434819297165,4.8582550675884315,0.22618206386537576,0.19433020248640212
6.809718617237899,6.809718617237899,70.0,4.999964257063488,0.2852299695144066,3.6403057367697476,4.867589029183235,0.22658838097744685,0.19470356111325884
6.820674592267971,6.820674592267971,70.0,4.999964325154174,0.28522997834697356,3.6413053196207716,4.8782474781542895,0.22704257118596433,0.19512989859875907
6.831554037137092,6.831554037137092,70.0,4.999964392141157,0.2852300253196264,3.6423263016739913,4.88879770065186,0.22747787981986556,0.19555147284877478
6.845080552828729,6.845080552828729,70.0,4.999964475414159,0.28523009289068463,3.6436542650892942,4.9017877259114115,0.22798132782152275,0.19607143470156843
6.846098134122925,6.846098134122925,70.0,4.999964481686052,0.2852300960600222,3.6437568164055114,4.902755938387111,0.22801420152291174,0.19611020844766877
6.848133296711316,6.848133296711316,70.0,4.999964494239552,0.2852301068080745,3.6439630185970806,4.904687672433955,0.22807778875643156,0.19618750643079672
6.8522036218880995,6.8522036218880995,70.0,4.99996451926397,0.28523011548388977,3.6443774822384047,4.908517154437723,0.2281851460869006,0.1963406607746882
6.855573776129073,6.855573776129073,70.0,4.999964539619099,0.2852300974777813,3.6447169773464108,4.911600875411124,0.22821521065848044,0.19646401244316689
6.8579693833380215,6.8579693833380215,70.0,4.9999645332596,0.28522673714149893,3.644401895904579,4.908851470960619,0.22380756674711577,0.1963540424009772
6.860565119051934,6.860565119051934,70.0,4.9999644900440625,0.2852234311504772,3.6433982906290066,4.898989315699424,0.2137085352500021,0.1959595614166905
6.861771884345471,6.861771884345471,70.0,4.999964484726014,0.2852325528779942,3.643696301671436,4.900124367678266,0.215199126465337,0.19600497479774684
6.863173951850858,6.863173951850858,70.0,4.999964483425315,0.2852287635721107,3.6436989717479458,4.900513748342643,0.21594406083342133,0.1960205499322818
6.86446340686323,6.86446340686323,70.0,4.999964485056367,0.2852292427933779,3.6437483079450694,4.9009170463254925,0.21661424935965368,0.19603668298114404
6.867042316887971,6.867042316887971,70.0,4.999964490363455,0.2852294219273135,3.6438397542279017,4.901738974450217,0.21776278302194374,0.19606955930051942
6.872200136937455,6.872200136937455,70.0,4.9999645011241745,0.28522933827241154,3.644008775465262,4.9032370756491455,0.21928962148875009,0.1961294858104866
6.88251577703642,6.88251577703642,70.0,4.9999645215375565,0.2852293468248276,3.6443441329793296,4.906154206833273,0.2208690732576506,0.19624617455848156
6.886601718184272,6.886601718184272,70.0,4.9999645295244255,0.2852293556288588,3.6444783752421155,4.90731639506492,0.2211442269661501,0.19629265640092566
6.88864888307733,6.88864888307733,70.0,4.9999645303722735,0.28522877463597707,3.6444579000768176,4.907050517279765,0.2204602182164752,0.19628198139273006
6.889766747246934,6.889766747246934,70.0,4.9999645221587095,0.2852254787695272,3.644152786153526,4.9042425710358355,0.21754566812659348,0.19616969078597696
6.890933942254939,6.890933942254939,70.0,4.9999645115226246,0.28522745445756115,3.6439780002315514,4.901878137163326,0.21531746769574678,0.19607513229699947
6.8922065097951295,6.8922065097951295,70.0,4.999964502904845,0.28522891490459185,3.6439104787921184,4.90073013745161,0.2145238398021183,0.1960291792542386
6.8935016797313144,6.8935016797313144,70.0,4.999964498242173,0.2852291102105693,3.643893000715778,4.900420762932412,0.21465310571177554,0.19601682684400626
6.896092019603684,6.896092019603684,70.0,4.999964495489093,0.28522908610517633,3.6438914126461337,4.900394708896442,0.21543166636085154,0.19601578433965083
6.899105456759308,6.899105456759308,70.0,4.999964495788959,0.2852290342567462,3.6438979481749594,4.900496688293888,0.21626404338670735,0.19601986725063428
6.905132331070556,6.905132331070556,70.0,4.999964496654284,0.28522899147045155,3.6439030133697554,4.900577323327162,0.21729264104520407,0.1960230943346985
6.917186079693051,6.917186079693051,70.0,4.999964496900279,0.28522898538634084,3.643903160476814,4.900590294372914,0.2181613088928458,0.19602361466311233
6.937186079693051,6.937186079693051,70.0,4.999964496744716,0.28522898985157497,3.6439012082805493,4.900573839423661,0.21847349117421944,0.19602295545952694
6.95718607969305,6.95718607969305,70.0,4.999964496652611,0.28522899134080043,3.6439000654658984,4.900562541028622,0.21841507950939887,0.19602250183290124
6.977186079693048,6.977186079693048,70.0,4.999964496624745,0.28522899172631583,3.643899661032729,4.900558086897121,0.21833929157640997,0.1960223234759937
6.997186079693048,6.997186079693048,70.0,4.999964496622682,0.28522899183267275,3.6438996326301405,4.900557466040179,0.21830500593732172,0.19602229864324267
7.017186079693047,7.017186079693047,70.0,4.9999644966284595,0.2852289918316166,3.6438997266588498,4.900558213677623,0.21829630030755887,0.1960223285487934
7.037186079693046,7.037186079693046,70.0,4.999964496635032,0.2852289918073081,3.6438998324182537,4.900559158143237,0.2182961315366212,0.19602236632558126
7.057186079693046,7.057186079693046,70.0,4.999964496640542,0.28522899179066363,3.643899921346414,4.900559965202997,0.21829720842729827,0.1960223986076549
7.077186079693044,7.077186079693044,70.0,4.999964496645091,0.2852289917832795,3.6438999952779554,4.900560632627085,0.2182978228981871,0.1960224253056721
7.097186079693044,7.097186079693044,70.0,4.999964496649117,0.28522899178133004,3.6439000613022574,4.900561224529856,0.21829802225948125,0.1960224489808651
7.1171860796930435,7.1171860796930435,70.0,4.999964496652951,0.2852289917810236,3.643900124278504,4.900561787284773,0.21829806095208104,0.19602247149104549
7.137186079693042,7.137186079693042,70.0,4.999964496656732,0.2852289917814608,3.6439001864606904,4.900562342586972,0.21829806973684818,0.19602249370382732
7.157186079693041,7.157186079693041,70.0,4.999964496660515,0.28522899178195554,3.643900248606136,4.900562897633131,0.21829808434279263,0.19602251590502945
7.1771860796930405,7.1771860796930405,70.0,4.999964496664301,0.28522899178236805,3.6439003108641637,4.900563453755216,0.21829810611560108,0.19602253814993836
7.19718607969304,7.19718607969304,70.0,4.999964496668094,0.2852289917818099,3.643900373222798,4.900564010823056,0.2182981309118741,0.19602256043263125
7.217186079693039,7.217186079693039,70.0,4.99996449667189,0.28522899178281436,3.6439004356312963,4.900564568334956,0.21829815622683135,0.19602258273369927
7.237186079693038,7.237186079693038,70.0,4.999964496675689,0.2852289917827854,3.6439004980623966,4.900565126057683,0.2182981813713396,0.1960226050426493
7.257186079693037,7.257186079693037,70.0,4.999964496679483,0.2852289917830574,3.643900560499599,4.900565683827097,0.2182982063042509,0.19602262735284356
7.2771860796930365,7.2771860796930365,70.0,4.999964496683283,0.2852289917833233,3.643900622937968,4.900566241597856,0.2182982311542565,0.19602264966361124
7.297186079693036,7.297186079693036,70.0,4.999964496687082,0.28522899178326266,3.643900685378504,4.9005667993871835,0.21829825600559882,0.19602267197580645
7.317186079693035,7.317186079693035,70.0,4.999964496690883,0.28522899178369865,3.6439007478196985,4.9005673571842046,0.2182982808511018,0.19602269428767924
7.3371860796930335,7.3371860796930335,70.0,4.999964496694679,0.2852289917839096,3.6439008102558694,4.9005679149411545,0.21829830566344421,0.19602271659674272
7.357186079693033,7.357186079693033,70.0,4.999964496698479,0.28522899178412536,3.6439008726933815,4.900568472702584,0.21829833051404002,0.1960227389078533
7.377186079693033,7.377186079693033,70.0,4.999964496702276,0.2852289917843803,3.6439009351344267,4.900569030496179,0.21829835537514342,0.19602276121957507
7.397186079693031,7.397186079693031,70.0,4.999964496706075,0.28522899178521266,3.643900997572792,4.900569588264953,0.21829838022898773,0.19602278353155117
7.417186079693031,7.417186079693031,70.0,4.9999644967098735,0.28522899178530386,3.6439010600139996,4.900570146065842,0.21829840507295062,0.19602280584232046
7.43718607969303,7.43718607969303,70.0,4.999964496713671,0.2852289917852412,3.6439011224496265,4.900570703798188,0.2182984298914703,0.19602282815166006
7.457186079693029,7.457186079693029,70.0,4.99996449671747,0.28522899178530337,3.6439011848887612,4.900571261572948,0.21829845475585152,0.19602285046322876
7.477186079693029,7.477186079693029,70.0,4.999964496721268,0.2852289917860284,3.643901247328633,4.900571819358045,0.21829847961181903,0.19602287277468491
7.497186079693027,7.497186079693027,70.0,4.9999644967250685,0.28522899178597405,3.643901309765621,4.900572377106583,0.21829850442846066,0.1960228950833866
7.517186079693026,7.517186079693026,70.0,4.9999644967288654,0.2852289917860296,3.643901372204251,4.900572934861423,0.21829852928675741,0.19602291739476982
7.537186079693026,7.537186079693026,70.0,4.999964496732663,0.28522899178611444,3.6439014346461653,4.900573492662823,0.21829855414739008,0.19602293970621518
7.557186079693025,7.557186079693025,70.0,4.999964496736465,0.28522899178657607,3.643901497083283,4.900574050405958,0.21829857897249827,0.19602296201594174
7.577186079693025,7.577186079693025,70.0,4.999964496740262,0.28522899178684685,3.6439015595224578,4.90057460817231,0.21829860383714017,0.1960229843278342
7.5971860796930235,7.5971860796930235,70.0,4.999964496744059,0.2852289917877911,3.643901621964174,4.900575165967356,0.21829862868374716,0.19602300663838912
7.617186079693022,7.617186079693022,70.0,4.999964496747857,0.2852289917875781,3.6439016843997227,4.900575723691795,0.21829865350111533,0.19602302894737914
7.637186079693022,7.637186079693022,70.0,4.999964496751653,0.28522899178827127,3.6439017468390613,4.900576281458839,0.218298678358265,0.19602305125807665
7.657186079693021,7.657186079693021,70.0,4.999964496755452,0.28522899178794925,3.6439018092770388,4.900576839206175,0.2182987032131578,0.19602307356917117
7.67718607969302,7.67718607969302,70.0,4.999964496759251,0.2852289917881171,3.6439018717202507,4.900577397015716,0.2182987280646671,0.19602309587971398
7.69718607969302,7.69718607969302,70.0,4.999964496763051,0.2852289917880633,3.6439019341543832,4.900577954718442,0.21829875288315437,0.19602311818908236
7.717186079693018,7.717186079693018,70.0,4.999964496766851,0.2852289917884304,3.6439019965978345,4.900578512516949,0.21829877775985373,0.19602314050095648
7.737186079693018,7.737186079693018,70.0,4.999964496770648,0.28522899178923805,3.6439020590360784,4.900579070269039,0.21829880258042023,0.19602316280985455
7.757186079693017,7.757186079693017,70.0,4.999964496774447,0.28522899178942507,3.6439021214716347,4.900579627992399,0.21829882742324225,0.19602318512004832
7.777186079693016,7.777186079693016,70.0,4.9999644967782455,0.2852289917892928,3.6439021839152086,4.900580185787343,0.21829885229731216,0.19602320743182347
7.797186079693015,7.797186079693015,70.0,4.9999644967820425,0.28522899178946703,3.64390224635379,4.9005807435363025,0.21829887712289553,0.19602322974115144
7.817186079693014,7.817186079693014,70.0,4.99996449678584,0.285228991789357,3.643902308789411,4.900581301257064,0.21829890195816848,0.19602325205063076
7.837186079693014,7.837186079693014,70.0,4.99996449678964,0.2852289917903946,3.6439023712325476,4.900581859048714,0.2182989268319755,0.19602327436228908
7.857186079693013,7.857186079693013,70.0,4.999964496793438,0.28522899179049765,3.6439024336709287,4.900582416795128,0.21829895165781288,0.1960232966715224
7.877186079693012,7.877186079693012,70.0,4.9999644967972365,0.2852289917904707,3.6439024961095003,4.900582974530042,0.2182989764858263,0.19602331898028758
7.897186079693011,7.897186079693011,70.0,4.999964496801033,0.28522899179073885,3.643902558546903,4.900583532267974,0.21829900134483582,0.19602334129106244
7.9171860796930105,7.9171860796930105,70.0,4.99996449680483,0.2852289917910151,3.6439026209899397,4.900584090053485,0.21829902621939334,0.19602336360305855
7.93718607969301,7.93718607969301,70.0,4.99996449680863,0.2852289917914533,3.6439026834296144,4.900584647810815,0.21829905103644798,0.19602338591151974
7.957186079693009,7.957186079693009,70.0,4.999964496812428,0.28522899179133543,3.6439027458643194,4.900585205507149,0.21829907586490815,0.19602340822061026
7.977186079693007,7.977186079693007,70.0,4.999964496816228,0.2852289917916516,3.6439028083059384,4.900585763279531,0.21829910072285852,0.19602343053032367
7.997186079693007,7.997186079693007,70.0,4.999964496820028,0.2852289917923104,3.6439028707434984,4.900586321008792,0.2182991255710931,0.19602345284071518
8.017186079693007,8.017186079693007,70.0,4.999964496823823,0.2852289917920995,3.6439029331872708,4.900586878789056,0.21829915042805892,0.1960234751512537
8.037186079693004,8.037186079693004,70.0,4.999964496827622,0.2852289917925677,3.6439029956250315,4.900587436511879,0.21829917526647602,0.1960234974613775
8.057186079693004,8.057186079693004,70.0,4.99996449683142,0.2852289917929641,3.643903058066911,4.900587994287769,0.2182992001155606,0.19602351977120916
8.077186079693004,8.077186079693004,70.0,4.999964496835219,0.28522899179290234,3.6439031205024195,4.900588551992551,0.21829922493384402,0.19602354207945094
8.097186079693003,8.097186079693003,70.0,4.999964496839017,0.2852289917935562,3.643903182942388,4.900589109740098,0.21829924979763193,0.1960235643899608
8.117186079693003,8.117186079693003,70.0,4.999964496842816,0.28522899179308653,3.6439032453844113,4.900589667499107,0.2182992746445671,0.19602358669966996
8.137186079693002,8.137186079693002,70.0,4.999964496846613,0.28522899179388905,3.643903307820496,4.900590225204249,0.21829929947390925,0.1960236090084952
8.157186079693,8.157186079693,70.0,4.999964496850412,0.2852289917942483,3.64390337026399,4.900590782981312,0.2182993243380804,0.19602363131895456
8.177186079693,8.177186079693,70.0,4.99996449685421,0.2852289917940732,3.64390343270154,4.900591340698542,0.21829934917047522,0.1960236536282496
8.197186079693,8.197186079693,70.0,4.9999644968580075,0.2852289917939918,3.643903495141817,4.900591898452518,0.21829937401942168,0.19602367593785291
8.217186079692999,8.217186079692999,70.0,4.999964496861804,0.28522899179487715,3.6439035575805554,4.900592456171636,0.2182993988515407,0.19602369824661992
8.237186079692997,8.237186079692997,70.0,4.999964496865602,0.2852289917942178,3.643903620021527,4.900593013911307,0.21829942370126032,0.19602372055615
8.257186079692996,8.257186079692996,70.0,4.999964496869402,0.2852289917954509,3.6439036824598388,4.900593571645573,0.21829944855290417,0.19602374286615284
8.277186079692996,8.277186079692996,70.0,4.9999644968732,0.28522899179526445,3.6439037449018934,4.900594129395909,0.21829947339751055,0.1960237651755502
8.297186079692995,8.297186079692995,70.0,4.999964496876997,0.2852289917954912,3.6439038073386514,4.9005946870948245,0.2182994982274611,0.19602378748413926
8.317186079692995,8.317186079692995,70.0,4.999964496880793,0.2852289917957503,3.6439038697808805,4.9005952448635535,0.21829952309115797,0.19602380979429854
8.337186079692994,8.337186079692994,70.0,4.999964496884595,0.28522899179636907,3.643903932219965,4.90059580257483,0.21829954792379702,0.19602383210331972
8.357186079692992,8.357186079692992,70.0,4.999964496888393,0.2852289917962123,3.643903994660706,4.900596360322521,0.2182995727715764,0.19602385441258618
8.377186079692992,8.377186079692992,70.0,4.999964496892193,0.2852289917966854,3.6439040570984793,4.900596918033366,0.21829959761027284,0.19602387672168298
8.39718607969299,8.39718607969299,70.0,4.99996449689599,0.28522899179703154,3.643904119540301,4.900597475780886,0.21829962245976908,0.19602389903091394
8.41718607969299,8.41718607969299,70.0,4.999964496899787,0.2852289917968066,3.6439041819793037,4.900598033491343,0.2182996472981671,0.19602392133994276
8.437186079692989,8.437186079692989,70.0,4.999964496903586,0.2852289917975652,3.643904244419709,4.900598591235557,0.21829967214057788,0.1960239436485665
8.457186079692988,8.457186079692988,70.0,4.999964496907386,0.28522899179717975,3.643904306855818,4.90059914891328,0.21829969697837903,0.19602396595745766
8.477186079692988,8.477186079692988,70.0,4.999964496911183,0.28522899179797,3.643904369302502,4.900599706710781,0.21829972184888158,0.19602398826752698
8.497186079692987,8.497186079692987,70.0,4.999964496914983,0.2852289917975522,3.6439044317372855,4.900600264376885,0.21829974666012264,0.196024010575351
8.517186079692985,8.517186079692985,70.0,4.999964496918778,0.28522899179846767,3.6439044941807226,4.900600822138904,0.2182997715273749,0.19602403288526304
8.537186079692985,8.537186079692985,70.0,4.999964496922576,0.2852289917980656,3.643904556619093,4.900601379841577,0.21829979636086216,0.19602405519396737
8.557186079692984,8.557186079692984,70.0,4.999964496926374,0.28522899179898814,3.643904619059951,4.900601937580264,0.21829982120184965,0.19602407750232476
8.577186079692984,8.577186079692984,70.0,4.999964496930168,0.28522899179875694,3.643904681497918,4.900602495268358,0.21829984604006736,0.19602409981105604
8.597186079692982,8.597186079692982,70.0,4.999964496933969,0.28522899179899663,3.6439047439411976,4.900603053025813,0.21829987091753367,0.19602412212194778
8.617186079692981,8.617186079692981,70.0,4.999964496937769,0.2852289917988791,3.6439048063803092,4.900603610738845,0.21829989573508657,0.19602414442928975
8.637186079692981,8.637186079692981,70.0,4.999964496941567,0.28522899179959993,3.6439048688197135,4.9006041684410215,0.21829992056894776,0.19602416673733689
8.65718607969298,8.65718607969298,70.0,4.9999644969453625,0.28522899180009176,3.6439049312593035,4.9006047261613706,0.2182999454189245,0.196024189046152
8.67718607969298,8.67718607969298,70.0,4.999964496949163,0.28522899180008887,3.64390499370043,4.900605283879596,0.21829997027140324,0.19602421135551176
8.69718607969298,8.69718607969298,70.0,4.999964496952961,0.2852289918002356,3.6439050561421715,4.900605841611171,0.2182999951140534,0.19602423366413166
8.717186079692977,8.717186079692977,70.0,4.99996449695676,0.28522899180042105,3.64390511857942,4.900606399305717,0.21830001994996184,0.1960242559725694
8.737186079692977,8.737186079692977,70.0,4.9999644969605574,0.2852289918012478,3.643905181022335,4.900606957038927,0.21830004479980358,0.19602427828127936
8.757186079692977,8.757186079692977,70.0,4.9999644969643535,0.2852289918009099,3.6439052434612895,4.900607514734258,0.21830006963727255,0.19602430058969314
8.777186079692974,8.777186079692974,70.0,4.999964496968152,0.28522899180153716,3.6439053059009114,4.900608072448538,0.21830009447116616,0.19602432289705
8.797186079692974,8.797186079692974,70.0,4.999964496971949,0.28522899180172107,3.643905368340633,4.900608630145988,0.21830011932258442,0.19602434520613465
8.817186079692974,8.817186079692974,70.0,4.999964496975747,0.2852289918009205,3.6439054307826186,4.900609187889617,0.2183001441794432,0.19602436751533245
8.837186079692973,8.837186079692973,70.0,4.9999644969795485,0.28522899180195976,3.643905493221794,4.90060974557815,0.21830016900995597,0.19602438982346038
8.857186079692973,8.857186079692973,70.0,4.999964496983343,0.28522899180250116,3.6439055556641806,4.900610303304913,0.2183001938646587,0.19602441213250477
8.877186079692972,8.877186079692972,70.0,4.9999644969871415,0.28522899180256167,3.643905618103632,4.900610861009396,0.2183002186951266,0.19602443444012557
8.89718607969297,8.89718607969297,70.0,4.99996449699094,0.28522899180281097,3.6439056805423338,4.900611418700132,0.21830024353743172,0.1960244567483867
8.91718607969297,8.91718607969297,70.0,4.999964496994738,0.2852289918026409,3.643905742985179,4.900611976426033,0.21830026839429273,0.1960244790573576
8.93718607969297,8.93718607969297,70.0,4.999964496998532,0.2852289918031209,3.64390580542466,4.9006125341137885,0.21830029321683897,0.19602450136424665
8.957186079692967,8.957186079692967,70.0,4.999964497002333,0.2852289918033572,3.6439058678648544,4.900613091820482,0.21830031806503536,0.19602452367255133
8.977186079692967,8.977186079692967,70.0,4.999964497006128,0.28522899180349975,3.6439059303060306,4.900613649525594,0.2183003429088486,0.196024545980724
8.997186079692966,8.997186079692966,70.0,4.99996449700993,0.2852289918040294,3.6439059927463893,4.9006142072280365,0.2183003677507518,0.19602456828880488
9.017186079692966,9.017186079692966,70.0,4.999964497013729,0.2852289918036221,3.6439060551872977,4.900614764930269,0.2183003925937852,0.19602459059692423
9.037186079692965,9.037186079692965,70.0,4.999964497017526,0.28522899180337696,3.6439061176272602,4.9006153226305464,0.21830041744290263,0.19602461290552792
9.057186079692965,9.057186079692965,70.0,4.999964497021325,0.2852289918045266,3.6439061800698753,4.900615880346838,0.2183004422857997,0.19602463521354427
9.077186079692963,9.077186079692963,70.0,4.999964497025122,0.28522899180531025,3.6439062425090913,4.900616438027205,0.21830046712158024,0.19602465752138368
9.097186079692962,9.097186079692962,70.0,4.9999644970289205,0.2852289918050568,3.6439063049495357,4.900616995728148,0.21830049196253976,0.1960246798288102
9.117186079692962,9.117186079692962,70.0,4.999964497032716,0.28522899180503397,3.643906367390255,4.90061755342636,0.21830051681389628,0.19602470213738485
9.13718607969296,9.13718607969296,70.0,4.999964497036512,0.2852289918050383,3.6439064298323296,4.90061811113843,0.21830054166337787,0.19602472444585883
9.15718607969296,9.15718607969296,70.0,4.999964497040311,0.28522899180538025,3.643906492272165,4.9006186688301785,0.2183005664915143,0.1960247467529243
9.177186079692959,9.177186079692959,70.0,4.999964497044113,0.2852289918062614,3.6439065547116476,4.900619226508906,0.2183005913333158,0.1960247690607066
9.197186079692958,9.197186079692958,70.0,4.999964497047911,0.28522899180683864,3.6439066171542898,4.900619784222229,0.2183006161757488,0.19602479136801582
9.217186079692958,9.217186079692958,70.0,4.9999644970517085,0.2852289918061848,3.643906679592379,4.900620341882181,0.21830064101179847,0.19602481367559207
9.237186079692957,9.237186079692957,70.0,4.9999644970555055,0.28522899180674044,3.6439067420359867,4.900620899611155,0.2183006658735107,0.196024835984162
9.257186079692957,9.257186079692957,70.0,4.999964497059301,0.2852289918063318,3.6439068044732497,4.900621457265751,0.21830069069684388,0.1960248582909738
9.277186079692955,9.277186079692955,70.0,4.999964497063097,0.2852289918068002,3.6439068669183845,4.90062201499359,0.21830071556475694,0.19602488060004242
9.297186079692954,9.297186079692954,70.0,4.999964497066896,0.28522899180720035,3.643906929357651,4.9006225726767685,0.21830074038100733,0.19602490290620203
9.317186079692952,9.317186079692952,70.0,4.999964497070694,0.2852289918079209,3.643906991796332,4.900623130333769,0.21830076522798825,0.19602492521427095
9.337186079692952,9.337186079692952,70.0,4.999964497074493,0.285228991807434,3.6439070542422987,4.900623688075467,0.2183007900915599,0.19602494752272612
9.357186079692951,9.357186079692951,70.0,4.999964497078291,0.2852289918087677,3.643907116678482,4.900624245721327,0.21830081490060538,0.19602496982860781
9.377186079692951,9.377186079692951,70.0,4.999964497082088,0.2852289918078677,3.643907179120902,4.900624803413471,0.21830083976803882,0.1960249921375045
9.39718607969295,9.39718607969295,70.0,4.999964497085888,0.28522899180910294,3.6439072415650386,4.900625361131489,0.21830086459741338,0.19602501444373374
9.41718607969295,9.41718607969295,70.0,4.999964497089685,0.28522899180817585,3.6439073039981666,4.900625918731342,0.2183008894106857,0.19602503674958546
9.437186079692948,9.437186079692948,70.0,4.999964497093482,0.28522899180862454,3.643907366447123,4.900626476493882,0.21830091430609144,0.19602505905942408
9.457186079692947,9.457186079692947,70.0,4.999964497097278,0.28522899180946976,3.643907428885266,4.900627034150244,0.21830093911833792,0.1960250813657084
9.477186079692947,9.477186079692947,70.0,4.999964497101075,0.28522899180918454,3.643907491325524,4.900627591831633,0.21830096397692333,0.19602510367426543
9.497186079692947,9.497186079692947,70.0,4.999964497104875,0.28522899180946953,3.6439075537698336,4.900628149544563,0.21830098882748494,0.19602512598213104
9.517186079692944,9.517186079692944,70.0,4.999964497108672,0.285228991809555,3.643907616209227,4.90062870720242,0.2183010136412067,0.19602514828780762
9.537186079692944,9.537186079692944,70.0,4.999964497112469,0.28522899180965067,3.6439076786498292,4.900629264869026,0.21830103847291626,0.1960251705937978
9.557186079692944,9.557186079692944,70.0,4.999964497116268,0.28522899180994354,3.6439077410894285,4.900629822535854,0.2183010633376572,0.1960251929023801
9.577186079692943,9.577186079692943,70.0,4.999964497120067,0.2852289918101736,3.6439078035341925,4.900630380248899,0.2183010881865588,0.196025215209627
9.597186079692943,9.597186079692943,70.0,4.9999644971238615,0.285228991810777,3.643907865972484,4.900630937902872,0.21830111300778432,0.19602523751583895
9.61718607969294,9.61718607969294,70.0,4.999964497127658,0.2852289918109482,3.6439079284142526,4.90063149558074,0.21830113785392102,0.19602525982295263
9.63718607969294,9.63718607969294,70.0,4.99996449713146,0.28522899181083267,3.643907990855625,4.900632053256652,0.21830116270382005,0.19602528213057696
9.65718607969294,9.65718607969294,70.0,4.999964497135257,0.28522899181084743,3.643908053298396,4.900632610946149,0.21830118753807604,0.19602530443694202
9.677186079692937,9.677186079692937,70.0,4.999964497139054,0.28522899181152744,3.643908115737743,4.900633168586025,0.21830121237255184,0.19602532674372278
9.697186079692937,9.697186079692937,70.0,4.999964497142851,0.28522899181163364,3.643908178181433,4.900633726294632,0.21830123724826667,0.19602534905274438
9.717186079692937,9.717186079692937,70.0,4.9999644971466495,0.2852289918121235,3.6439082406232393,4.90063428397543,0.21830126207097145,0.1960253713587556
9.737186079692936,9.737186079692936,70.0,4.999964497150451,0.28522899181283,3.6439083030604587,4.900634841595018,0.2183012868884,0.1960253936640974
9.757186079692936,9.757186079692936,70.0,4.999964497154248,0.285228991812644,3.643908365504619,4.900635399304658,0.21830131175705292,0.19602541597193426
9.777186079692935,9.777186079692935,70.0,4.999964497158042,0.2852289918129892,3.643908427945034,4.900635956954199,0.2183013365805544,0.1960254382778452
9.797186079692935,9.797186079692935,70.0,4.99996449716184,0.2852289918127352,3.6439084903866292,4.900636514623989,0.21830136142579226,0.19602546058465617
9.817186079692933,9.817186079692933,70.0,4.999964497165636,0.28522899181317685,3.643908552828821,4.900637072292592,0.2183013862754115,0.19602548289200544
9.837186079692932,9.837186079692932,70.0,4.999964497169436,0.2852289918132687,3.6439086152708553,4.900637629973343,0.21830141111627688,0.19602550519867193
9.85718607969293,9.85718607969293,70.0,4.999964497173232,0.2852289918138173,3.6439086777109018,4.900638187619941,0.21830143595039297,0.19602552750512023
9.87718607969293,9.87718607969293,70.0,4.99996449717703,0.28522899181417866,3.6439087401541737,4.900638745302769,0.21830146079745427,0.19602554981182935
9.89718607969293,9.89718607969293,70.0,4.999964497180829,0.28522899181437517,3.643908802592793,4.900639302932873,0.21830148562540108,0.1960255721176317
9.917186079692929,9.917186079692929,70.0,4.999964497184626,0.2852289918144327,3.6439088650370532,4.900639860632205,0.2183015104787267,0.19602559442439854
9.937186079692928,9.937186079692928,70.0,4.999964497188427,0.2852289918146284,3.643908927475815,4.900640418258047,0.21830153530783036,0.19602561673061622
9.957186079692928,9.957186079692928,70.0,4.99996449719222,0.2852289918149252,3.643908989920929,4.900640975955717,0.21830156017434987,0.19602563903851578
9.977186079692927,9.977186079692927,70.0,4.999964497196019,0.2852289918149567,3.643909052361797,4.900641533609945,0.21830158498929375,0.19602566134348443
9.997186079692925,9.997186079692925,70.0,4.999964497199814,0.28522899181557787,3.643909114800938,4.900642091237163,0.21830160982797286,0.19602568364979311
10.017186079692925,10.017186079692925,70.0,4.999964497203613,0.28522899181541395,3.6439091772455194,4.900642648933071,0.2183016346899027,0.19602570595703672
10.037186079692924,10.037186079692924,70.0,4.999964497207413,0.2852289918162015,3.6439092396855344,4.900643206569883,0.21830165951945046,0.19602572826313147
10.057186079692922,10.057186079692922,70.0,4.99996449721121,0.28522899181559314,3.643909302127872,4.900643764228855,0.21830168435669428,0.19602575056882646
10.077186079692922,10.077186079692922,70.0,4.9999644972150055,0.285228991816711,3.6439093645695655,4.900644321885312,0.21830170920615943,0.1960257728757471
10.097186079692921,10.097186079692921,70.0,4.999964497218805,0.28522899181642575,3.643909427012182,4.9006448795551645,0.2183017340610287,0.1960257951831624
10.117186079692921,10.117186079692921,70.0,4.999964497222603,0.28522899181677,3.6439094894548183,4.900645437220833,0.2183017588875682,0.19602581748856374
10.13718607969292,10.13718607969292,70.0,4.9999644972264,0.28522899181686,3.643909551894067,4.900645994839454,0.2183017836913801,0.1960258397920479
10.157186079692918,10.157186079692918,70.0,4.999964497230198,0.2852289918169011,3.6439096143331335,4.900646552466706,0.2183018085519799,0.19602586209901152
10.17718607969292,10.17718607969292,70.0,4.999964497233994,0.2852289918180177,3.6439096767805177,4.900647110173962,0.21830183343013143,0.19602588440726598
10.197186079692917,10.197186079692917,70.0,4.999964497237792,0.2852289918181725,3.6439097392209074,4.900647667814547,0.21830185824406678,0.19602590671231887
10.217186079692917,10.217186079692917,70.0,4.99996449724159,0.2852289918182432,3.6439098016601696,4.900648225431275,0.21830188306588205,0.19602592901694585
10.237186079692915,10.237186079692915,70.0,4.999964497245387,0.28522899181818273,3.6439098641039336,4.900648783102498,0.21830190793505144,0.1960259513244355
10.257186079692914,10.257186079692914,70.0,4.9999644972491835,0.2852289918188578,3.643909926547469,4.900649340764471,0.2183019327854443,0.19602597363151095
10.277186079692914,10.277186079692914,70.0,4.999964497252981,0.28522899181846206,3.643909988990798,4.9006498984230715,0.21830195761023719,0.19602599593662395
10.297186079692914,10.297186079692914,70.0,4.999964497256778,0.2852289918193546,3.6439100514290597,4.900650456033285,0.21830198242083831,0.19602601824045554
10.317186079692913,10.317186079692913,70.0,4.999964497260577,0.2852289918191408,3.6439101138706254,4.900651013670128,0.21830200728153004,0.19602604054713407
10.337186079692913,10.337186079692913,70.0,4.999964497264375,0.2852289918199113,3.6439101763154866,4.900651571350434,0.21830203213833732,0.1960260628537719
10.35718607969291,10.35718607969291,70.0,4.999964497268172,0.2852289918193935,3.643910238756511,4.900652128972997,0.2183020569575742,0.19602608515861203
10.37718607969291,10.37718607969291,70.0,4.999964497271971,0.28522899181983796,3.643910301196623,4.90065268660149,0.2183020818017023,0.19602610746440932
10.397186079692908,10.397186079692908,70.0,4.999964497275767,0.2852289918207682,3.6439103636423447,4.900653244279268,0.218302106657418,0.19602612977089592
10.41718607969291,10.41718607969291,70.0,4.999964497279564,0.28522899182038425,3.6439104260822965,4.900653801898223,0.21830213148421196,0.19602615207625504
10.437186079692907,10.437186079692907,70.0,4.999964497283363,0.2852289918207306,3.6439104885266667,4.900654359556418,0.21830215632837957,0.1960261743819134
10.457186079692907,10.457186079692907,70.0,4.999964497287157,0.2852289918204648,3.6439105509667202,4.900654917177132,0.2183021811702437,0.19602619668800955
10.477186079692906,10.477186079692906,70.0,4.999964497290955,0.2852289918211003,3.643910613411756,4.900655474849067,0.21830220600886552,0.19602621899305475
10.497186079692906,10.497186079692906,70.0,4.999964497294755,0.2852289918212106,3.643910675849772,4.900656032434404,0.21830223082910205,0.19602624129768395
10.517186079692905,10.517186079692905,70.0,4.999964497298552,0.285228991821819,3.643910738294798,4.900656590110656,0.21830225570173623,0.1960262636047604
10.537186079692903,10.537186079692903,70.0,4.999964497302352,0.28522899182160016,3.64391080073534,4.90065714772615,0.21830228051664502,0.19602628590876825
10.557186079692903,10.557186079692903,70.0,4.999964497306143,0.2852289918223933,3.643910863178496,4.900657705363836,0.21830230536826045,0.19602630821489345
10.577186079692902,10.577186079692902,70.0,4.999964497309943,0.2852289918222286,3.6439109256222317,4.900658263014211,0.2183023302086644,0.19602633052028037
10.5971860796929,10.5971860796929,70.0,4.99996449731374,0.2852289918227089,3.6439109880627365,4.900658820628384,0.2183023550411476,0.19602635282545547
10.6171860796929,10.6171860796929,70.0,4.999964497317537,0.2852289918230643,3.6439110505067234,4.900659378278851,0.21830237988655288,0.19602637513086762
10.6371860796929,10.6371860796929,70.0,4.999964497321337,0.28522899182336736,3.6439111129469617,4.900659935891938,0.2183024047206179,0.19602639743601874
10.657186079692899,10.657186079692899,70.0,4.999964497325134,0.28522899182381034,3.64391117539135,4.900660493540986,0.2183024295586331,0.19602641974074228
10.677186079692898,10.677186079692898,70.0,4.999964497328931,0.2852289918239132,3.6439112378300673,4.900661051136515,0.21830245438495766,0.19602644204519323
10.697186079692898,10.697186079692898,70.0,4.999964497332731,0.2852289918240983,3.6439113002738486,4.900661608772386,0.21830247924398982,0.19602646435120172
10.717186079692897,10.717186079692897,70.0,4.999964497336526,0.28522899182421435,3.643911362718755,4.9006621664326815,0.21830250410005236,0.19602648665764974
10.737186079692895,10.737186079692895,70.0,4.999964497340322,0.28522899182446837,3.643911425161075,4.900662724052895,0.21830252891749158,0.19602650896179546
10.757186079692895,10.757186079692895,70.0,4.999964497344119,0.2852289918246016,3.6439114876024834,4.9006632816626405,0.21830255375504004,0.1960265312668178
10.777186079692893,10.777186079692893,70.0,4.999964497347917,0.2852289918243389,3.643911550046884,4.900663839307449,0.21830257860879732,0.1960265535725901
10.797186079692892,10.797186079692892,70.0,4.999964497351712,0.2852289918254529,3.64391161248853,4.900664396928801,0.21830260342816166,0.19602657587625788
10.817186079692892,10.817186079692892,70.0,4.999964497355511,0.2852289918250601,3.6439116749287366,4.900664954521081,0.21830262826617464,0.1960265981811605
10.837186079692891,10.837186079692891,70.0,4.999964497359309,0.28522899182536593,3.6439117373749452,4.900665512182324,0.2183026531262109,0.1960266204869742
10.857186079692891,10.857186079692891,70.0,4.999964497363106,0.2852289918259261,3.6439117998141364,4.9006660697676585,0.21830267794609393,0.19602664279100313
10.87718607969289,10.87718607969289,70.0,4.999964497366905,0.285228991826096,3.6439118622599516,4.900666627425234,0.2183027028036295,0.19602666509669978
10.89718607969289,10.89718607969289,70.0,4.999964497370704,0.2852289918262504,3.6439119247004506,4.900667185024007,0.21830272762430525,0.19602668740070217
10.917186079692888,10.917186079692888,70.0,4.999964497374502,0.28522899182683686,3.6439119871436314,4.900667742645692,0.2183027524676704,0.19602670970553007
10.937186079692887,10.937186079692887,70.0,4.999964497378298,0.28522899182676464,3.6439120495868202,4.90066830026569,0.2183027773226338,0.1960267320115493
10.957186079692887,10.957186079692887,70.0,4.999964497382094,0.28522899182660266,3.6439121120320372,4.900668857913831,0.2183028021611313,0.19602675431624828
10.977186079692885,10.977186079692885,70.0,4.99996449738589,0.285228991827194,3.643912174471291,4.90066941549237,0.21830282697954262,0.19602677662004866
10.997186079692884,10.997186079692884,70.0,4.999964497389686,0.28522899182724987,3.64391223691656,4.900669973130188,0.21830285183001852,0.19602679892489078
11.017186079692884,11.017186079692884,70.0,4.999964497393488,0.2852289918275964,3.6439122993559594,4.900670530711905,0.2183028766497399,0.19602682122818152
11.037186079692884,11.037186079692884,70.0,4.999964497397281,0.285228991827544,3.643912361800642,4.900671088347919,0.21830290151561993,0.1960268435342548
11.057186079692883,11.057186079692883,70.0,4.9999644974010815,0.2852289918285363,3.6439124242446823,4.9006716459746675,0.21830292634905923,0.1960268658386816
11.077186079692881,11.077186079692881,70.0,4.999964497404881,0.28522899182865763,3.643912486686127,4.9006722035677575,0.21830295117215703,0.19602688814239
11.09718607969288,11.09718607969288,70.0,4.999964497408677,0.285228991828587,3.643912549128444,4.900672761181338,0.21830297601664528,0.19602691044697407
11.11718607969288,11.11718607969288,70.0,4.999964497412473,0.2852289918291601,3.6439126115721203,4.900673318793487,0.2183030008642186,0.19602693275206165
11.13718607969288,11.13718607969288,70.0,4.999964497416268,0.28522899182934824,3.6439126740164514,4.900673876418914,0.21830302570985127,0.19602695505707624
11.157186079692877,11.157186079692877,70.0,4.999964497420063,0.2852289918291106,3.6439127364588573,4.900674434024221,0.2183030505342045,0.19602697736068542
11.177186079692877,11.177186079692877,70.0,4.999964497423863,0.2852289918299015,3.6439127988990427,4.900674991600558,0.218303075364215,0.19602699966433793
11.197186079692877,11.197186079692877,70.0,4.9999644974276585,0.2852289918301202,3.6439128613453278,4.900675549246035,0.21830310022420507,0.19602702196955915
11.217186079692876,11.217186079692876,70.0,4.999964497431459,0.28522899182993755,3.6439129237869965,4.900676106832002,0.21830312504387095,0.19602704427299011
11.237186079692876,11.237186079692876,70.0,4.999964497435255,0.2852289918308184,3.6439129862298754,4.900676664439093,0.2183031498861956,0.1960270665772799
11.257186079692875,11.257186079692875,70.0,4.999964497439052,0.28522899183074235,3.643913048673378,4.90067722204506,0.21830317474045424,0.19602708888273726
11.277186079692873,11.277186079692873,70.0,4.999964497442851,0.2852289918305565,3.6439131111194363,4.9006777796799295,0.21830319957144262,0.196027111186292
11.297186079692873,11.297186079692873,70.0,4.999964497446644,0.2852289918310485,3.6439131735574217,4.900678337229199,0.21830322438860605,0.196027133489498
11.31718607969287,11.31718607969287,70.0,4.99996449745044,0.2852289918315468,3.6439132360047815,4.900678894872017,0.21830324926008027,0.19602715579519245
11.33718607969287,11.33718607969287,70.0,4.999964497454239,0.28522899183178224,3.6439132984459164,4.900679452452835,0.21830327407353778,0.19602717809783607
11.35718607969287,11.35718607969287,70.0,4.999964497458036,0.28522899183161354,3.6439133608891563,4.900680010055249,0.218303298915405,0.1960272004018845
11.37718607969287,11.37718607969287,70.0,4.999964497461835,0.2852289918325143,3.643913423332761,4.900680567655791,0.21830332375505135,0.19602722270593453
11.397186079692869,11.397186079692869,70.0,4.9999644974656325,0.28522899183183775,3.643913485776025,4.90068112525447,0.21830334859252343,0.19602724500985072
11.417186079692868,11.417186079692868,70.0,4.999964497469429,0.28522899183230044,3.643913548219066,4.900681682852184,0.2183033734380886,0.1960272673144141
11.437186079692868,11.437186079692868,70.0,4.999964497473226,0.2852289918327908,3.643913610663562,4.900682240464366,0.21830339828338818,0.19602728961891294
11.457186079692866,11.457186079692866,70.0,4.999964497477024,0.28522899183307054,3.6439136731072055,4.900682798057531,0.21830342310730977,0.19602731192199166
11.477186079692865,11.477186079692865,70.0,4.999964497480821,0.28522899183336065,3.64391373554847,4.900683355636015,0.21830344793676248,0.19602733422514054
11.497186079692865,11.497186079692865,70.0,4.9999644974846165,0.28522899183355405,3.6439137979910217,4.900683913218793,0.21830347278180673,0.19602735652905104
11.517186079692863,11.517186079692863,70.0,4.999964497488415,0.28522899183380895,3.6439138604370855,4.900684470847208,0.21830349764222845,0.1960273788342203
11.537186079692862,11.537186079692862,70.0,4.99996449749221,0.2852289918341963,3.6439139228801385,4.900685028433591,0.21830352246666296,0.19602740113763317
11.557186079692862,11.557186079692862,70.0,4.9999644974960065,0.28522899183392164,3.643913985323412,4.900685586023924,0.2183035472883854,0.19602742344008217
11.577186079692861,11.577186079692861,70.0,4.999964497499804,0.28522899183392364,3.6439140477641927,4.900686143584051,0.21830357212608575,0.1960274457436778
11.597186079692861,11.597186079692861,70.0,4.999964497503603,0.2852289918345579,3.6439141102113397,4.900686701212674,0.2183035969853151,0.19602746804822055
11.617186079692859,11.617186079692859,70.0,4.9999644975074,0.2852289918349857,3.6439141726530773,4.900687258780829,0.21830362181098506,0.1960274903515559
11.63718607969286,11.63718607969286,70.0,4.999964497511197,0.2852289918354684,3.6439142350977782,4.900687816386321,0.2183036466455106,0.19602751265455381
11.65718607969286,11.65718607969286,70.0,4.999964497514994,0.28522899183535766,3.6439142975371728,4.90068837392485,0.2183036714776958,0.19602753495794847
11.67718607969286,11.67718607969286,70.0,4.999964497518791,0.28522899183554706,3.6439143599869217,4.900688931582986,0.21830369634907543,0.19602755726304555
11.697186079692859,11.697186079692859,70.0,4.999964497522587,0.2852289918358546,3.643914422426749,4.9006894891260835,0.2183037211476635,0.19602757956474676
11.717186079692858,11.717186079692858,70.0,4.999964497526383,0.2852289918360728,3.6439144848703484,4.900690046714603,0.21830374599438196,0.19602760186832227
11.737186079692856,11.737186079692856,70.0,4.999964497530182,0.2852289918360881,3.643914547315215,4.900690604301429,0.21830377084202546,0.19602762417237568
11.757186079692856,11.757186079692856,70.0,4.999964497533977,0.28522899183655676,3.643914609759309,4.900691161899169,0.21830379567856673,0.19602764647567206
11.777186079692855,11.777186079692855,70.0,4.999964497537774,0.28522899183683426,3.6439146722021105,4.9006917194632384,0.21830382051679642,0.196027668779471
11.797186079692853,11.797186079692853,70.0,4.9999644975415745,0.2852289918371151,3.6439147346481384,4.900692277077772,0.21830384535236158,0.1960276910822193
11.817186079692853,11.817186079692853,70.0,4.999964497545369,0.28522899183718914,3.6439147970868477,4.9006928345912595,0.21830387016287212,0.19602771338395195
11.837186079692852,11.837186079692852,70.0,4.999964497549168,0.2852289918372873,3.6439148595353292,4.900693392229759,0.21830389503248915,0.19602773568829185
11.857186079692852,11.857186079692852,70.0,4.999964497552964,0.28522899183803097,3.6439149219751705,4.900693949769577,0.21830391985351394,0.1960277579911489
11.877186079692851,11.877186079692851,70.0,4.99996449755676,0.2852289918385365,3.6439149844233154,4.900694507384454,0.21830394470779568,0.19602778029507226
11.89718607969285,11.89718607969285,70.0,4.999964497560555,0.28522899183880757,3.643915046864114,4.900695064939468,0.21830396953273024,0.1960278025978952
11.917186079692849,11.917186079692849,70.0,4.999964497564354,0.2852289918388609,3.6439151093099746,4.90069562253377,0.21830399437507086,0.1960278249010574
11.937186079692848,11.937186079692848,70.0,4.999964497568152,0.2852289918391625,3.6439151717526777,4.900696180091465,0.21830401921383702,0.19602784720457092
11.957186079692848,11.957186079692848,70.0,4.999964497571952,0.285228991838996,3.643915234199067,4.900696737699242,0.21830404406396964,0.19602786950829887
11.977186079692846,11.977186079692846,70.0,4.999964497575745,0.28522899183869177,3.6439152966396695,4.900697295235751,0.21830406885933273,0.19602789180851155
11.997186079692845,11.997186079692845,70.0,4.999964497579542,0.2852289918397026,3.6439153590831976,4.9006978527993414,0.21830409371515147,0.19602791411226633
12.017186079692845,12.017186079692845,70.0,4.99996449758334,0.2852289918393702,3.643915421529358,4.9006984104065605,0.21830411857587473,0.19602793641661923
12.037186079692844,12.037186079692844,70.0,4.999964497587136,0.2852289918397508,3.643915483974307,4.9006989679727635,0.21830414338514537,0.1960279587179687
12.057186079692842,12.057186079692842,70.0,4.999964497590935,0.28522899183998446,3.6439155464144313,4.9006995255097205,0.21830416821186427,0.19602798102010305
12.077186079692842,12.077186079692842,70.0,4.999964497594731,0.2852289918404992,3.643915608861402,4.900700083102675,0.2183041930776879,0.19602800332443251
12.097186079692843,12.097186079692843,70.0,4.999964497598527,0.2852289918405052,3.6439156713057064,4.900700640683675,0.21830421791649046,0.196028025627689
12.117186079692841,12.117186079692841,70.0,4.999964497602325,0.28522899184079126,3.6439157337496635,4.900701198247389,0.2183042427453823,0.19602804793024198
12.13718607969284,12.13718607969284,70.0,4.999964497606121,0.28522899184123346,3.6439157961918176,4.900701755797527,0.21830426756661359,0.1960280702316564
12.15718607969284,12.15718607969284,70.0,4.999964497609918,0.2852289918415155,3.643915858637626,4.900702313368574,0.21830429241768856,0.19602809253503872
12.177186079692838,12.177186079692838,70.0,4.999964497613716,0.28522899184182016,3.643915921082396,4.900702870949352,0.21830431724780963,0.19602811483707328
12.197186079692838,12.197186079692838,70.0,4.999964497617512,0.2852289918418787,3.64391598352421,4.900703428479782,0.2183043420848163,0.19602813714013578
12.217186079692837,12.217186079692837,70.0,4.999964497621311,0.28522899184166833,3.6439160459728717,4.900703986095704,0.21830436694075006,0.19602815944353566
12.237186079692837,12.237186079692837,70.0,4.9999644976251085,0.2852289918420725,3.643916108413135,4.9007045436178425,0.21830439174427063,0.19602818174442646
12.257186079692836,12.257186079692836,70.0,4.999964497628902,0.2852289918426531,3.643916170858545,4.900705101185162,0.2183044165989121,0.19602820404773913
12.277186079692834,12.277186079692834,70.0,4.999964497632698,0.28522899184321276,3.6439162333032873,4.900705658762249,0.21830444143744776,0.19602822635022418
12.297186079692834,12.297186079692834,70.0,4.999964497636493,0.28522899184362743,3.643916295745885,4.900706216288926,0.21830446625207633,0.1960282486512225
12.317186079692833,12.317186079692833,70.0,4.999964497640289,0.2852289918438376,3.6439163581916105,4.900706773869571,0.21830449111530026,0.19602827095509948
12.337186079692831,12.337186079692831,70.0,4.999964497644086,0.2852289918439462,3.6439164206371393,4.900707331441251,0.2183045159396162,0.19602829325674548
12.35718607969283,12.35718607969283,70.0,4.999964497647887,0.28522899184401823,3.643916483078727,4.900707888963845,0.2183045407673876,0.1960283155588443
12.37718607969283,12.37718607969283,70.0,4.999964497651683,0.28522899184384237,3.64391654552572,4.9007084465569335,0.2183045656380278,0.19602833786321483
12.39718607969283,12.39718607969283,70.0,4.999964497655482,0.28522899184401257,3.64391660797119,4.900709004122787,0.21830459044881323,0.19602836016401395
12.41718607969283,12.41718607969283,70.0,4.999964497659277,0.28522899184474465,3.6439166704109556,4.900709561626141,0.21830461526104905,0.19602838246474136
12.437186079692827,12.437186079692827,70.0,4.999964497663072,0.2852289918451117,3.643916732857261,4.900710119205284,0.21830464013931783,0.19602840476919034
12.457186079692827,12.457186079692827,70.0,4.999964497666869,0.2852289918441906,3.6439167953032343,4.900710676772811,0.21830466496435008,0.1960284270706263
12.477186079692826,12.477186079692826,70.0,4.999964497670665,0.28522899184521566,3.643916857746423,4.900711234305843,0.21830468977729378,0.19602844937131256
12.497186079692824,12.497186079692824,70.0,4.999964497674461,0.28522899184540346,3.6439169201893775,4.900711791844227,0.21830471461896073,0.19602847167349827
12.517186079692824,12.517186079692824,70.0,4.999964497678261,0.28522899184567296,3.64391698263562,4.900712349414511,0.2183047394702693,0.19602849397631505
12.537186079692823,12.537186079692823,70.0,4.999964497682056,0.2852289918462519,3.6439170450808063,4.900712906962365,0.21830476430715207,0.19602851627878362
12.557186079692823,12.557186079692823,70.0,4.999964497685852,0.285228991845902,3.6439171075268497,4.900713464526004,0.21830478915623486,0.19602853858196834
12.577186079692822,12.577186079692822,70.0,4.999964497689648,0.2852289918467292,3.64391716997186,4.900714022085269,0.21830481397075063,0.19602856088251655
12.597186079692822,12.597186079692822,70.0,4.999964497693446,0.28522899184685874,3.643917232412343,4.900714579582088,0.21830483879941864,0.1960285831842401
12.617186079692821,12.617186079692821,70.0,4.999964497697244,0.2852289918471022,3.643917294860614,4.900715137169444,0.21830486364768786,0.19602860548587409
12.637186079692821,12.637186079692821,70.0,4.999964497701039,0.28522899184723666,3.643917357302793,4.900715694679833,0.218304888473015,0.19602862778750374
12.657186079692819,12.657186079692819,70.0,4.999964497704832,0.2852289918474591,3.6439174197505224,4.9007162522608585,0.2183049133340229,0.1960286500907558
12.677186079692818,12.677186079692818,70.0,4.999964497708631,0.28522899184768674,3.6439174821944986,4.900716809798624,0.21830493815051666,0.19602867239165242
12.697186079692818,12.697186079692818,70.0,4.999964497712432,0.2852289918475926,3.643917544638529,4.900717367325334,0.21830496298427082,0.19602869469333034
12.717186079692816,12.717186079692816,70.0,4.9999644977162285,0.285228991847923,3.6439176070835853,4.900717924885189,0.21830498782657815,0.1960287169951362
12.737186079692815,12.737186079692815,70.0,4.999964497720025,0.28522899184863226,3.6439176695281845,4.900718482409433,0.21830501264962843,0.196028739296062
12.757186079692815,12.757186079692815,70.0,4.999964497723822,0.28522899184874606,3.6439177319727163,4.900719039952227,0.21830503749072072,0.1960287615978138
12.777186079692815,12.777186079692815,70.0,4.999964497727615,0.2852289918492107,3.643917794416364,4.900719597477092,0.21830506232714386,0.19602878389942224
12.797186079692814,12.797186079692814,70.0,4.999964497731411,0.28522899184902867,3.643917856865013,4.900720155050747,0.21830508718327968,0.19602880620231788
12.817186079692812,12.817186079692812,70.0,4.999964497735209,0.28522899184950756,3.64391791930859,4.900720712581485,0.21830511199884883,0.19602882850300174
12.837186079692811,12.837186079692811,70.0,4.999964497739007,0.28522899184983413,3.643917981752264,4.900721270101696,0.21830513682469777,0.19602885080378327
12.857186079692811,12.857186079692811,70.0,4.999964497742804,0.2852289918497849,3.643918044196832,4.900721827640648,0.21830516168142156,0.196028873106566
12.877186079692809,12.877186079692809,70.0,4.999964497746603,0.28522899184997347,3.6439181066454553,4.900722385208511,0.21830518651873332,0.19602889540805968
12.897186079692808,12.897186079692808,70.0,4.9999644977504,0.2852289918505774,3.643918169086073,4.900722942703783,0.21830521132499658,0.1960289177078854
12.917186079692808,12.917186079692808,70.0,4.999964497754197,0.28522899185074707,3.643918231532564,4.9007235002439,0.21830523617931963,0.1960289400100673
12.937186079692808,12.937186079692808,70.0,4.999964497757993,0.285228991850398,3.6439182939770736,4.900724057777708,0.21830526100940917,0.19602896231082728
12.957186079692807,12.957186079692807,70.0,4.9999644977617885,0.28522899185125544,3.6439183564216693,4.900724615308904,0.21830528585132303,0.19602898461270546
12.977186079692805,12.977186079692805,70.0,4.999964497765586,0.28522899185102635,3.643918418869477,4.90072517285658,0.21830531067912018,0.19602900691333955
12.997186079692804,12.997186079692804,70.0,4.999964497769382,0.2852289918512732,3.6439184813111942,4.900725730352062,0.21830533550698794,0.1960290292144069
13.017186079692804,13.017186079692804,70.0,4.999964497773179,0.2852289918517829,3.6439185437599777,4.900726287918729,0.21830536036890802,0.19602905151704997
13.037186079692802,13.037186079692802,70.0,4.999964497776972,0.28522899185190986,3.6439186062043682,4.900726845441472,0.21830538517817555,0.19602907381676107
13.057186079692803,13.057186079692803,70.0,4.999964497780768,0.2852289918520584,3.643918668647016,4.90072740293675,0.21830541000348047,0.19602909611717872
13.077186079692803,13.077186079692803,70.0,4.999964497784569,0.285228991852111,3.6439187310942183,4.9007279604861544,0.21830543486684117,0.19602911841977058
13.0971860796928,13.0971860796928,70.0,4.999964497788365,0.2852289918529412,3.6439187935383766,4.900728518009048,0.21830545969691117,0.19602914072072827
13.1171860796928,13.1171860796928,70.0,4.99996449779216,0.28522899185291317,3.6439188559861533,4.900729075549784,0.21830548453011644,0.19602916302166928
13.1371860796928,13.1371860796928,70.0,4.999964497795954,0.28522899185309214,3.643918918429197,4.900729633054395,0.21830550935803172,0.1960291853225089
13.1571860796928,13.1571860796928,70.0,4.999964497799755,0.2852289918532648,3.6439189808766805,4.900730190596567,0.21830553419139598,0.19602920762292655
13.177186079692799,13.177186079692799,70.0,4.999964497803551,0.2852289918533667,3.643919043318729,4.900730748085094,0.21830555902090065,0.19602922992375044
13.197186079692797,13.197186079692797,70.0,4.999964497807345,0.2852289918542371,3.6439191057674423,4.900731305643954,0.21830558388225274,0.19602925222607137
13.217186079692796,13.217186079692796,70.0,4.999964497811143,0.28522899185406897,3.643919168212727,4.900731863159484,0.2183056087056463,0.1960292745267072
13.237186079692796,13.237186079692796,70.0,4.99996449781494,0.28522899185455025,3.6439192306580512,4.90073242067793,0.21830563352341503,0.19602929682622758
13.257186079692794,13.257186079692794,70.0,4.999964497818737,0.28522899185424944,3.6439192930995286,4.900732978150776,0.21830565835065974,0.19602931912634528
13.277186079692793,13.277186079692793,70.0,4.999964497822534,0.28522899185438133,3.643919355550238,4.90073353572617,0.21830568322042465,0.1960293414287538
13.297186079692793,13.297186079692793,70.0,4.999964497826327,0.2852289918551254,3.6439194179931844,4.900734093219434,0.21830570802942306,0.1960293637284544
13.317186079692792,13.317186079692792,70.0,4.999964497830125,0.28522899185551875,3.6439194804383916,4.900734650736565,0.21830573286699284,0.1960293860291702
13.337186079692792,13.337186079692792,70.0,4.999964497833922,0.2852289918558097,3.6439195428841393,4.900735208253112,0.21830575771756822,0.19602940833106394
13.35718607969279,13.35718607969279,70.0,4.999964497837721,0.28522899185579553,3.6439196053324587,4.900735765798969,0.2183057825520205,0.1960294306316586
13.37718607969279,13.37718607969279,70.0,4.999964497841513,0.28522899185625333,3.643919667775207,4.900736323275277,0.21830580736533678,0.1960294529313049
13.397186079692789,13.397186079692789,70.0,4.999964497845311,0.28522899185614364,3.643919730222593,4.900736880809492,0.21830583221132427,0.19602947523206107
13.417186079692787,13.417186079692787,70.0,4.999964497849107,0.285228991856895,3.643919792665526,4.9007374382890365,0.2183058570266243,0.19602949753123747
13.437186079692786,13.437186079692786,70.0,4.999964497852905,0.2852289918566397,3.643919855113377,4.900737995822602,0.21830588189536515,0.19602951983383896
13.457186079692786,13.457186079692786,70.0,4.999964497856702,0.2852289918570063,3.643919917561182,4.900738553361545,0.21830590672407135,0.19602954213415472
13.477186079692785,13.477186079692785,70.0,4.999964497860497,0.28522899185745015,3.643919980003644,4.900739110832417,0.21830593152835975,0.19602956443296593
13.497186079692785,13.497186079692785,70.0,4.999964497864295,0.28522899185722245,3.643920042449213,4.900739668346389,0.2183059563823213,0.19602958673422344
13.517186079692783,13.517186079692783,70.0,4.999964497868088,0.28522899185766387,3.643920104897025,4.900740225871929,0.2183059812189252,0.19602960903459107
13.537186079692784,13.537186079692784,70.0,4.9999644978718845,0.2852289918579018,3.643920167341008,4.900740783359938,0.21830600603162775,0.19602963133354043
13.557186079692784,13.557186079692784,70.0,4.999964497875682,0.2852289918581896,3.643920229786085,4.900741340854054,0.21830603088564082,0.19602965363512825
13.577186079692781,13.577186079692781,70.0,4.999964497879481,0.28522899185824885,3.6439202922353533,4.900741898395016,0.2183060557192653,0.1960296759348458
13.597186079692781,13.597186079692781,70.0,4.999964497883275,0.28522899185861,3.643920354677787,4.900742455862221,0.21830608054790535,0.1960296982354312
13.61718607969278,13.61718607969278,70.0,4.9999644978870705,0.28522899185860623,3.643920417128439,4.900743013417975,0.21830610539309525,0.1960297205358141
13.637186079692778,13.637186079692778,70.0,4.999964497890868,0.28522899185912154,3.6439204795695823,4.90074357086558,0.21830613020858491,0.19602974283554017
13.657186079692778,13.657186079692778,70.0,4.999964497894664,0.2852289918592486,3.6439205420197,4.900744128421764,0.2183061550669967,0.19602976513658657
13.677186079692778,13.677186079692778,70.0,4.999964497898464,0.28522899185978595,3.6439206044628754,4.900744685884374,0.21830617987675982,0.19602978743567984
13.697186079692777,13.697186079692777,70.0,4.99996449790226,0.28522899185963557,3.643920666910492,4.900745243404762,0.21830620471383622,0.19602980973531373
13.717186079692777,13.717186079692777,70.0,4.999964497906053,0.28522899186009015,3.6439207293532445,4.900745800871257,0.21830622954292522,0.19602983203519406
13.737186079692774,13.737186079692774,70.0,4.9999644979098505,0.285228991860246,3.6439207918010936,4.900746358391375,0.2183062543958414,0.19602985433598152
13.757186079692774,13.757186079692774,70.0,4.999964497913648,0.285228991860511,3.6439208542478427,4.900746915902282,0.2183062792171695,0.19602987663518634
13.777186079692774,13.777186079692774,70.0,4.999964497917438,0.28522899186109085,3.6439209166910786,4.900747473364152,0.21830630404986806,0.19602989893550793
13.797186079692771,13.797186079692771,70.0,4.999964497921237,0.28522899186086476,3.6439209791417526,4.900748030912948,0.21830632890354673,0.19602992123624652
13.817186079692771,13.817186079692771,70.0,4.999964497925034,0.2852289918613718,3.643921041585222,4.9007485883690505,0.21830635370431084,0.19602994353445216
13.83718607969277,13.83718607969277,70.0,4.999964497928829,0.2852289918612859,3.6439211040305732,4.9007491458670565,0.21830637855494617,0.196029965835018
13.85718607969277,13.85718607969277,70.0,4.99996449793263,0.28522899186176176,3.643921166479695,4.900749703379067,0.21830640338418617,0.19602998813423367
13.87718607969277,13.87718607969277,70.0,4.999964497936427,0.28522899186221545,3.6439212289221006,4.900750260836707,0.21830642820986235,0.19603001043377277
13.897186079692768,13.897186079692768,70.0,4.999964497940224,0.28522899186214196,3.643921291370611,4.900750818350642,0.21830645305597418,0.19603003273373343
13.917186079692767,13.917186079692767,70.0,4.999964497944018,0.2852289918629167,3.643921353817001,4.900751375839883,0.21830647789191904,0.19603005503392815
13.937186079692767,13.937186079692767,70.0,4.999964497947813,0.28522899186263334,3.64392141626425,4.900751933344478,0.21830650273095253,0.19603007733412534
13.957186079692764,13.957186079692764,70.0,4.999964497951609,0.2852289918632501,3.6439214787104452,4.900752490830433,0.2183065275499576,0.1960300996329195
13.977186079692764,13.977186079692764,70.0,4.999964497955406,0.28522899186344414,3.6439215411548216,4.900753048302243,0.21830655238245367,0.19603012193243652
13.997186079692764,13.997186079692764,70.0,4.999964497959204,0.2852289918633943,3.6439216036037485,4.90075360580971,0.21830657722301705,0.1960301442320935
14.017186079692763,14.017186079692763,70.0,4.999964497963002,0.2852289918632214,3.643921666048512,4.900754163278428,0.21830660204836416,0.19603016653129599
14.037186079692763,14.037186079692763,70.0,4.999964497966796,0.28522899186386885,3.643921728495849,4.90075472077825,0.21830662688613378,0.1960301888307858
14.057186079692762,14.057186079692762,70.0,4.999964497970591,0.28522899186427436,3.6439217909401047,4.9007552782308785,0.21830665170114427,0.19603021112892266
14.077186079692762,14.077186079692762,70.0,4.999964497974388,0.28522899186470174,3.6439218533876083,4.90075583573927,0.21830667656974612,0.1960302334305083
14.097186079692761,14.097186079692761,70.0,4.999964497978184,0.2852289918643095,3.6439219158367204,4.900756393250646,0.21830670138243669,0.19603025572853214
14.11718607969276,14.11718607969276,70.0,4.999964497981981,0.2852289918647228,3.643921978278561,4.90075695067892,0.2183067261999061,0.19603027802747788
14.137186079692759,14.137186079692759,70.0,4.9999644979857765,0.28522899186500694,3.6439220407289006,4.900757508200886,0.21830675106636788,0.19603030032838056
14.157186079692758,14.157186079692758,70.0,4.9999644979895725,0.28522899186522144,3.6439221031750644,4.900758065677114,0.2183067758814925,0.19603032262678025
14.177186079692756,14.177186079692756,70.0,4.999964497993369,0.2852289918655068,3.6439221656199585,4.900758623139952,0.21830680070476838,0.19603034492532181
14.197186079692756,14.197186079692756,70.0,4.9999644979971665,0.2852289918662456,3.6439222280672516,4.900759180623056,0.2183068255515428,0.1960303672252209
14.217186079692755,14.217186079692755,70.0,4.999964498000964,0.28522899186591283,3.643922290513078,4.9007597381013746,0.21830685037095598,0.19603038952317736
14.237186079692755,14.237186079692755,70.0,4.999964498004759,0.28522899186663697,3.6439223529587994,4.90076029556383,0.2183068752182491,0.19603041182352055
14.257186079692755,14.257186079692755,70.0,4.9999644980085565,0.2852289918668654,3.6439224154107754,4.9007608530911595,0.21830690007159959,0.196030434123935
14.277186079692752,14.277186079692752,70.0,4.99996449801235,0.28522899186692807,3.643922477854233,4.900761410540639,0.21830692487727132,0.19603045642196265
14.297186079692752,14.297186079692752,70.0,4.999964498016145,0.28522899186721806,3.643922540302521,4.900761968032233,0.21830694970643094,0.19603047872038176
14.317186079692751,14.317186079692751,70.0,4.999964498019942,0.28522899186726575,3.6439226027446843,4.900762525457181,0.2183069745269477,0.19603050101862407
14.33718607969275,14.33718607969275,70.0,4.999964498023735,0.2852289918675102,3.6439226651954586,4.900763082971748,0.21830699938652787,0.1960305233185829
14.357186079692749,14.357186079692749,70.0,4.999964498027536,0.2852289918681775,3.6439227276406245,4.900763640424054,0.21830702421572923,0.19603054561792174
14.377186079692748,14.377186079692748,70.0,4.99996449803133,0.28522899186766776,3.6439227900892326,4.900764197913282,0.21830704903018017,0.19603056791501627
14.397186079692748,14.397186079692748,70.0,4.999964498035126,0.2852289918679439,3.6439228525320106,4.900764755335161,0.21830707385658776,0.19603059021372243
14.417186079692748,14.417186079692748,70.0,4.9999644980389215,0.2852289918687455,3.6439229149834946,4.900765312860985,0.21830709872253173,0.19603061251414286
14.437186079692745,14.437186079692745,70.0,4.999964498042718,0.28522899186830036,3.6439229774285335,4.900765870306476,0.2183071235377141,0.19603063481258975
14.457186079692745,14.457186079692745,70.0,4.9999644980465145,0.2852289918685378,3.6439230398769564,4.90076642779115,0.2183071483876522,0.1960306571125971
14.477186079692745,14.477186079692745,70.0,4.999964498050313,0.28522899186912604,3.643923102326363,4.900766985286625,0.21830717321471038,0.19603067941118774
14.497186079692744,14.497186079692744,70.0,4.9999644980541085,0.2852289918694822,3.643923164768176,4.90076754269852,0.2183071980033584,0.1960307017070513
14.517186079692744,14.517186079692744,70.0,4.9999644980579045,0.2852289918695836,3.6439232272151187,4.900768100158406,0.2183072228695928,0.19603072400731605
14.537186079692743,14.537186079692743,70.0,4.999964498061699,0.2852289918704015,3.6439232896652185,4.900768657660104,0.2183072477038226,0.19603074630546885
14.557186079692741,14.557186079692741,70.0,4.999964498065498,0.2852289918700777,3.6439233521094,4.900769215087087,0.21830727252285032,0.19603076860380725
14.57718607969274,14.57718607969274,70.0,4.9999644980692945,0.28522899187025985,3.643923414559911,4.900769772586882,0.21830729738022692,0.19603079090379222
14.59718607969274,14.59718607969274,70.0,4.99996449807309,0.2852289918703406,3.6439234770067266,4.9007703300438905,0.21830732219340243,0.1960308132014442
14.61718607969274,14.61718607969274,70.0,4.999964498076885,0.28522899187148504,3.6439235394520653,4.900770887487859,0.21830734702283916,0.19603083549981726
14.63718607969274,14.63718607969274,70.0,4.999964498080678,0.2852289918713265,3.643923601900775,4.900771444967455,0.21830737185490223,0.1960308577977737
14.657186079692737,14.657186079692737,70.0,4.999964498084474,0.28522899187134526,3.6439236643442467,4.900772002392859,0.21830739668145194,0.19603088009606592
14.677186079692737,14.677186079692737,70.0,4.9999644980882705,0.28522899187208894,3.6439237267974116,4.900772559905759,0.21830742154799676,0.1960309023965472
14.697186079692736,14.697186079692736,70.0,4.99996449809207,0.28522899187189166,3.643923789240427,4.90077311732315,0.21830744633931198,0.1960309246926617
14.717186079692734,14.717186079692734,70.0,4.999964498095864,0.2852289918718956,3.6439238516883403,4.9007736747853,0.21830747118841654,0.19603094699173085
14.737186079692734,14.737186079692734,70.0,4.999964498099661,0.2852289918721202,3.643923914136688,4.900774232258313,0.21830749602965227,0.19603096929064134
14.757186079692733,14.757186079692733,70.0,4.9999644981034574,0.2852289918727143,3.6439239765834732,4.90077478971014,0.2183075208478602,0.19603099158816126
14.777186079692733,14.777186079692733,70.0,4.999964498107253,0.28522899187265965,3.643924039030411,4.900775347149704,0.218307545670811,0.19603101388566785
14.797186079692732,14.797186079692732,70.0,4.999964498111048,0.28522899187313583,3.643924101477317,4.900775904606362,0.21830757050921035,0.19603103618397197
14.81718607969273,14.81718607969273,70.0,4.999964498114842,0.2852289918734483,3.6439241639249067,4.900776462060377,0.2183075953420417,0.19603105848213048
14.83718607969273,14.83718607969273,70.0,4.99996449811864,0.28522899187358913,3.643924226372586,4.900777019512716,0.21830762017315175,0.19603108078021106
14.85718607969273,14.85718607969273,70.0,4.999964498122439,0.2852289918738883,3.6439242888198105,4.900777576963807,0.21830764500428135,0.19603110307825725
14.877186079692727,14.877186079692727,70.0,4.999964498126233,0.2852289918739267,3.643924351268064,4.900778134415083,0.2183076698505313,0.19603112537752881
14.897186079692727,14.897186079692727,70.0,4.999964498130027,0.28522899187379563,3.643924413717369,4.900778691894634,0.21830769467417754,0.19603114767487786
14.917186079692726,14.917186079692726,70.0,4.999964498133827,0.28522899187477985,3.643924476161278,4.900779249291036,0.21830771949269723,0.19603116997257392
14.937186079692726,14.937186079692726,70.0,4.99996449813762,0.2852289918744386,3.643924538612558,4.900779806793516,0.21830774435654954,0.19603119227205945
14.957186079692725,14.957186079692725,70.0,4.999964498141417,0.2852289918751681,3.6439246010582966,4.900780364217012,0.21830776914245975,0.19603121456717873
14.977186079692723,14.977186079692723,70.0,4.9999644981452125,0.2852289918752641,3.643924663501974,4.900780921618339,0.21830779397724065,0.19603123686507962
14.997186079692725,14.997186079692725,70.0,4.9999644981490095,0.28522899187538847,3.643924725954057,4.900781479121171,0.2183078188590577,0.19603125916580103
15.017186079692724,15.017186079692724,70.0,4.9999644981528055,0.2852289918755288,3.643924788401578,4.900782036557789,0.2183078436510586,0.1960312814614164
15.037186079692722,15.037186079692722,70.0,4.999964498156602,0.28522899187606915,3.643924850846508,4.900782593968533,0.21830786847793027,0.1960313037590381
15.057186079692721,15.057186079692721,70.0,4.999964498160399,0.28522899187602146,3.6439249132988887,4.900783151464921,0.21830789334559197,0.19603132605895746
15.077186079692721,15.077186079692721,70.0,4.999964498164194,0.28522899187677137,3.6439249757449157,4.900783708883001,0.21830791813644002,0.19603134835440233
15.097186079692719,15.097186079692719,70.0,4.999964498167987,0.2852289918766344,3.6439250381888475,4.90078426629331,0.21830794297798128,0.19603137065269888
15.117186079692718,15.117186079692718,70.0,4.999964498171786,0.28522899187684714,3.6439251006420155,4.900784823788663,0.2183079678317572,0.19603139295124755
15.137186079692718,15.137186079692718,70.0,4.99996449817558,0.2852289918772757,3.6439251630859237,4.900785381187838,0.2183079926225231,0.1960314152466283
15.157186079692718,15.157186079692718,70.0,4.999964498179375,0.285228991877517,3.6439252255338843,4.900785938616934,0.2183080174783294,0.1960314375456115
15.177186079692717,15.177186079692717,70.0,4.9999644981831715,0.2852289918777173,3.643925287983888,4.900786496089935,0.2183080423253423,0.19603145984394893
15.197186079692715,15.197186079692715,70.0,4.99996449818697,0.28522899187805995,3.6439253504309774,4.90078705352032,0.21830806713623696,0.19603148214056496
15.217186079692715,15.217186079692715,70.0,4.999964498190766,0.2852289918780723,3.6439254128778873,4.900787610939912,0.2183080919573861,0.19603150443731582
15.237186079692714,15.237186079692714,70.0,4.9999644981945615,0.28522899187857575,3.6439254753269275,4.900788168379801,0.21830811680267503,0.19603152673549512
15.257186079692712,15.257186079692712,70.0,4.999964498198355,0.28522899187854506,3.6439255377765583,4.900788725830814,0.21830814163403778,0.19603154903288642
15.277186079692711,15.277186079692711,70.0,4.999964498202153,0.28522899187905243,3.6439256002232434,4.900789283259908,0.21830816645057638,0.1960315713295013
15.297186079692711,15.297186079692711,70.0,4.999964498205946,0.28522899187939754,3.6439256626694645,4.900789840662081,0.21830819129539902,0.19603159362804268
15.31718607969271,15.31718607969271,70.0,4.999964498209742,0.28522899187949663,3.643925725122579,4.900790398162069,0.21830821614656726,0.19603161592619472
15.33718607969271,15.33718607969271,70.0,4.99996449821354,0.2852289918797609,3.6439257875646884,4.900790955519437,0.2183082409156092,0.19603163821982703
15.357186079692708,15.357186079692708,70.0,4.9999644982173335,0.28522899187976614,3.6439258500133023,4.90079151296044,0.21830826577647233,0.19603166051812707
15.377186079692708,15.377186079692708,70.0,4.999964498221133,0.2852289918802884,3.643925912463365,4.900792070408889,0.21830829062608137,0.19603168281665398
15.397186079692707,15.397186079692707,70.0,4.999964498224928,0.2852289918807485,3.6439259749117743,4.900792627848451,0.21830831545632723,0.19603170511428766
15.417186079692705,15.417186079692705,70.0,4.9999644982287235,0.2852289918807777,3.643926037360276,4.900793185272728,0.21830834027127555,0.19603172741058797
15.437186079692705,15.437186079692705,70.0,4.999964498232521,0.28522899188083484,3.6439260998069853,4.900793742683343,0.21830836509362328,0.1960317497070241
15.457186079692704,15.457186079692704,70.0,4.9999644982363165,0.2852289918812725,3.6439261622559482,4.900794300113577,0.21830838994651636,0.19603177200549687
15.477186079692704,15.477186079692704,70.0,4.999964498240111,0.28522899188167067,3.643926224707144,4.900794857584633,0.21830841477787644,0.1960317943025432
15.497186079692703,15.497186079692703,70.0,4.999964498243906,0.28522899188191986,3.643926287149397,4.900795414923079,0.21830843955843005,0.19603181659658858
15.517186079692703,15.517186079692703,70.0,4.9999644982477,0.2852289918816654,3.6439263496015757,4.900795972393088,0.21830846444111218,0.19603183889600936
15.537186079692702,15.537186079692702,70.0,4.999964498251498,0.28522899188164186,3.643926412050406,4.900796529827416,0.21830848926326674,0.19603186119281277
15.557186079692702,15.557186079692702,70.0,4.999964498255294,0.28522899188270806,3.6439264744968427,4.900797087228552,0.21830851408367558,0.19603188348946965
15.5771860796927,15.5771860796927,70.0,4.999964498259089,0.2852289918828049,3.643926536946046,4.900797644667109,0.21830853892720414,0.19603190578705465
15.5971860796927,15.5971860796927,70.0,4.9999644982628855,0.2852289918827689,3.643926599394806,4.900798202085235,0.2183085637373603,0.1960319280824936
15.617186079692699,15.617186079692699,70.0,4.999964498266678,0.28522899188262363,3.6439266618403874,4.900798759473054,0.21830858856676238,0.1960319503792699
15.637186079692697,15.637186079692697,70.0,4.999964498270472,0.28522899188365797,3.643926724292456,4.900799316929959,0.21830861343225783,0.19603197267814007
15.657186079692696,15.657186079692696,70.0,4.99996449827427,0.2852289918836743,3.643926786739979,4.900799874341619,0.21830863822825153,0.1960319949727447
15.677186079692696,15.677186079692696,70.0,4.999964498278068,0.28522899188382805,3.6439268491855397,4.900800431726003,0.21830866304917818,0.19603201726878847
15.697186079692695,15.697186079692695,70.0,4.999964498281864,0.28522899188365397,3.6439269116383137,4.900800989181055,0.21830868791456748,0.19603203956753854
15.717186079692695,15.717186079692695,70.0,4.999964498285661,0.2852289918843528,3.6439269740853275,4.900801546589802,0.21830871272550656,0.19603206186331804
15.737186079692693,15.737186079692693,70.0,4.999964498289456,0.28522899188424544,3.643927036533852,4.900802103988517,0.21830873755331348,0.19603208415984116
15.757186079692692,15.757186079692692,70.0,4.9999644982932505,0.28522899188457995,3.643927098982633,4.900802661419562,0.21830876239720354,0.1960321064571433
15.777186079692692,15.777186079692692,70.0,4.999964498297044,0.28522899188501916,3.643927161432395,4.900803218831044,0.21830878720728952,0.1960321287523151
15.79718607969269,15.79718607969269,70.0,4.99996449830084,0.2852289918853643,3.6439272238778533,4.900803776210811,0.21830881203537444,0.1960321510487439
15.81718607969269,15.81718607969269,70.0,4.999964498304633,0.28522899188498835,3.6439272863283843,4.900804333644439,0.21830883688617986,0.1960321733460981
15.837186079692689,15.837186079692689,70.0,4.999964498308433,0.2852289918853223,3.6439273487783312,4.900804891068028,0.21830886171065433,0.19603219564240074
15.857186079692688,15.857186079692688,70.0,4.999964498312227,0.2852289918861847,3.6439274112252202,4.900805448457465,0.2183088865249978,0.19603221793801148
15.877186079692688,15.877186079692688,70.0,4.999964498316025,0.28522899188649314,3.643927473673876,4.900806005868536,0.2183089113679384,0.1960322402350927
15.897186079692686,15.897186079692686,70.0,4.9999644983198195,0.2852289918866115,3.6439275361244428,4.900806563292796,0.21830893620595937,0.19603226253202619
15.917186079692685,15.917186079692685,70.0,4.999964498323617,0.2852289918864269,3.6439275985743556,4.9008071207116135,0.21830896102141661,0.1960322848275552
15.937186079692685,15.937186079692685,70.0,4.999964498327411,0.285228991886744,3.643927661018855,4.900807678067305,0.21830898584337532,0.19603230712364197
15.957186079692685,15.957186079692685,70.0,4.999964498331205,0.2852289918869802,3.6439277234727125,4.900808235528689,0.2183090107068626,0.19603232942146734
15.977186079692684,15.977186079692684,70.0,4.999964498335002,0.28522899188749745,3.643927785918309,4.900808792894051,0.21830903549027925,0.19603235171486258
15.997186079692684,15.997186079692684,70.0,4.999964498338798,0.28522899188753825,3.643927848366033,4.90080935028672,0.21830906033672237,0.19603237401179638
16.01718607969268,16.01718607969268,70.0,4.999964498342595,0.2852289918878095,3.6439279108181246,4.9008099077254315,0.21830908517478687,0.19603239630808098
16.03718607969268,16.03718607969268,70.0,4.99996449834639,0.2852289918879805,3.6439279732639425,4.900810465090147,0.21830910999828168,0.1960324186045061
16.05718607969268,16.05718607969268,70.0,4.999964498350185,0.2852289918881561,3.6439280357163777,4.900811022541884,0.2183091348461632,0.19603244090140817
16.07718607969268,16.07718607969268,70.0,4.9999644983539815,0.2852289918885965,3.6439280981627906,4.900811579902971,0.21830915965061726,0.19603246319644999
16.09718607969268,16.09718607969268,70.0,4.999964498357778,0.28522899188878215,3.6439281606136533,4.900812137322582,0.21830918448283754,0.19603248549199773
16.11718607969268,16.11718607969268,70.0,4.999964498361569,0.28522899188944767,3.643928223059939,4.90081269468842,0.21830920931531717,0.1960325077884975
16.137186079692675,16.137186079692675,70.0,4.999964498365365,0.28522899188964973,3.643928285513659,4.900813252138938,0.21830923415623005,0.19603253008461646
16.15718607969268,16.15718607969268,70.0,4.9999644983691605,0.28522899188939144,3.6439283479575715,4.90081380947978,0.21830925896743603,0.19603255238017475
16.177186079692675,16.177186079692675,70.0,4.99996449837296,0.2852289918895443,3.6439284104117853,4.900814366930786,0.21830928382080206,0.19603257467695645
16.197186079692674,16.197186079692674,70.0,4.999964498376754,0.2852289918899029,3.6439284728580774,4.900814924287254,0.2183093086181378,0.19603259697118272
16.217186079692674,16.217186079692674,70.0,4.999964498380551,0.2852289918901933,3.6439285353073565,4.9008154816861405,0.21830933346483183,0.19603261926779297
16.237186079692673,16.237186079692673,70.0,4.9999644983843465,0.2852289918907949,3.6439285977571987,4.900816039095898,0.21830935829612397,0.1960326415635905
16.257186079692673,16.257186079692673,70.0,4.99996449838814,0.28522899189088047,3.643928660205802,4.900816596470478,0.2183093831034335,0.19603266385790313
16.27718607969267,16.27718607969267,70.0,4.9999644983919325,0.2852289918909446,3.6439287226535653,4.900817153849335,0.21830940793797105,0.19603268615371167
16.297186079692672,16.297186079692672,70.0,4.999964498395731,0.28522899189130013,3.6439287851034012,4.900817711245017,0.21830943278907267,0.19603270845074353
16.317186079692668,16.317186079692668,70.0,4.9999644983995255,0.2852289918911778,3.643928847557412,4.900818268682542,0.21830945762565968,0.1960327307469969
16.337186079692668,16.337186079692668,70.0,4.999964498403321,0.28522899189154877,3.6439289100019936,4.900818826029175,0.21830948241877568,0.19603275304089593
16.357186079692667,16.357186079692667,70.0,4.9999644984071185,0.2852289918922977,3.643928972452783,4.9008193834235465,0.21830950726622733,0.19603277533728136
16.377186079692667,16.377186079692667,70.0,4.999964498410913,0.2852289918920763,3.6439290349045668,4.900819940843266,0.21830953211159132,0.19603279763404263
16.397186079692666,16.397186079692666,70.0,4.999964498414709,0.28522899189211953,3.6439290973522867,4.900820498207699,0.2183095569196558,0.1960328199286374
16.417186079692666,16.417186079692666,70.0,4.999964498418504,0.2852289918929531,3.643929159801827,4.900821055595742,0.2183095817454399,0.19603284222351403
16.437186079692665,16.437186079692665,70.0,4.999964498422299,0.28522899189293954,3.643929222250351,4.9008216129665865,0.21830960656112985,0.19603286451773475
16.457186079692665,16.457186079692665,70.0,4.999964498426095,0.28522899189280093,3.6439292846969855,4.900822170323332,0.21830963140360637,0.19603288681386896
16.477186079692665,16.477186079692665,70.0,4.999964498429892,0.28522899189357603,3.643929347152182,4.900822727775809,0.21830965626129561,0.1960329091107899
16.49718607969266,16.49718607969266,70.0,4.999964498433687,0.28522899189399703,3.6439294095979617,4.900823285115067,0.21830968105681325,0.19603293140495942
16.517186079692664,16.517186079692664,70.0,4.999964498437482,0.28522899189412826,3.6439294720497424,4.900823842516724,0.21830970588714793,0.19603295369978907
16.53718607969266,16.53718607969266,70.0,4.999964498441277,0.2852289918940994,3.643929534496643,4.900824399865018,0.2183097307113493,0.19603297599494135
16.55718607969266,16.55718607969266,70.0,4.999964498445074,0.2852289918944261,3.643929596949006,4.900824957282007,0.2183097555670157,0.196032998291657
16.57718607969266,16.57718607969266,70.0,4.999964498448868,0.2852289918946488,3.6439296593985926,4.900825514656168,0.21830978036908188,0.1960330205853588
16.59718607969266,16.59718607969266,70.0,4.999964498452666,0.2852289918951917,3.6439297218451476,4.900826072001949,0.21830980518729115,0.19603304287979292
16.617186079692658,16.617186079692658,70.0,4.9999644984564595,0.2852289918946625,3.6439297842971605,4.9008266294024505,0.21830983005161197,0.19603306517705948
16.637186079692658,16.637186079692658,70.0,4.999964498460253,0.2852289918949422,3.643929846750407,4.900827186809201,0.21830985486748222,0.19603308747141743
16.657186079692657,16.657186079692657,70.0,4.999964498464049,0.28522899189572304,3.643929909194062,4.9008277441295585,0.218309879673118,0.19603310976553587
16.677186079692653,16.677186079692653,70.0,4.999964498467848,0.2852289918962959,3.6439299716477773,4.900828301545191,0.21830990454194854,0.19603313206275697
16.697186079692656,16.697186079692656,70.0,4.99996449847164,0.2852289918962652,3.643930034098119,4.900828858929891,0.21830992935288807,0.1960331543569407
16.717186079692652,16.717186079692652,70.0,4.999964498475438,0.2852289918964058,3.6439300965460943,4.900829416268657,0.218309954149694,0.19603317664979905
16.737186079692652,16.737186079692652,70.0,4.99996449847923,0.2852289918967077,3.643930158994051,4.90082997363105,0.2183099789975107,0.19603319894557572
16.75718607969265,16.75718607969265,70.0,4.999964498483028,0.2852289918966171,3.643930221447978,4.900830531039963,0.2183100038568475,0.19603322124251754
16.77718607969265,16.77718607969265,70.0,4.999964498486825,0.2852289918967717,3.643930283897521,4.900831088404748,0.21831002864964644,0.19603324353526344
16.79718607969265,16.79718607969265,70.0,4.999964498490619,0.28522899189726636,3.6439303463444133,4.900831645742162,0.2183100534677176,0.19603326582939634
16.817186079692647,16.817186079692647,70.0,4.999964498494414,0.28522899189721274,3.6439304087968316,4.900832203134611,0.2183100783245373,0.19603328812572163
16.83718607969265,16.83718607969265,70.0,4.9999644984982075,0.2852289918973048,3.6439304712469496,4.900832760515647,0.21831010315464283,0.19603331042098443
16.857186079692646,16.857186079692646,70.0,4.999964498502004,0.28522899189791395,3.643930533696865,4.900833317879062,0.21831012796707538,0.19603333271489645
16.877186079692645,16.877186079692645,70.0,4.999964498505802,0.28522899189837464,3.6439305961469026,4.90083387524517,0.218310152786648,0.19603335500891544
16.897186079692645,16.897186079692645,70.0,4.999964498509596,0.28522899189852646,3.6439306585948894,4.900834432581182,0.21831017762201643,0.19603337730416162
16.917186079692648,16.917186079692648,70.0,4.999964498513389,0.28522899189858386,3.6439307210489464,4.900834989999114,0.2183102024779191,0.19603339960030347
16.937186079692644,16.937186079692644,70.0,4.999964498517186,0.2852289918984845,3.6439307834959487,4.900835547323829,0.21831022726511184,0.1960334218926408
16.957186079692644,16.957186079692644,70.0,4.9999644985209795,0.2852289918992109,3.6439308459466195,4.900836104692214,0.21831025209590527,0.19603344418679094
16.977186079692643,16.977186079692643,70.0,4.9999644985247755,0.2852289918995965,3.64393090839502,4.90083666204053,0.21831027693314642,0.19603346648197836
16.997186079692643,16.997186079692643,70.0,4.999964498528572,0.2852289919001797,3.6439309708481735,4.900837219436715,0.21831030178134148,0.19603348877778534
17.017186079692642,17.017186079692642,70.0,4.999964498532367,0.28522899190016343,3.6439310332981365,4.900837776791718,0.2183103265890769,0.19603351107138609
17.03718607969264,17.03718607969264,70.0,4.9999644985361655,0.285228991900682,3.643931095747985,4.900838334135883,0.21831035140706634,0.19603353336512425
17.05718607969264,17.05718607969264,70.0,4.999964498539957,0.28522899190066636,3.6439311581979386,4.900838891498163,0.21831037624862448,0.19603355566024977
17.077186079692638,17.077186079692638,70.0,4.9999644985437515,0.28522899190060313,3.6439312206499404,4.900839448873457,0.21831040107750965,0.19603357795463705
17.097186079692637,17.097186079692637,70.0,4.999964498547548,0.2852289919010509,3.6439312830970625,4.900840006196506,0.21831042589748062,0.19603360024878186
17.117186079692637,17.117186079692637,70.0,4.9999644985513445,0.28522899190129747,3.643931345552157,4.900840563605955,0.21831045074473732,0.1960336225439459
17.137186079692636,17.137186079692636,70.0,4.999964498555139,0.28522899190182033,3.6439314079994047,4.900841120922515,0.2183104755391696,0.19603364483658087
17.157186079692636,17.157186079692636,70.0,4.999964498558935,0.2852289919019345,3.6439314704515406,4.90084167829792,0.21831050038443855,0.19603366713164383
17.177186079692635,17.177186079692635,70.0,4.999964498562728,0.28522899190211737,3.6439315329004183,4.900842235634838,0.21831052520684224,0.19603368942569416
17.197186079692635,17.197186079692635,70.0,4.999964498566525,0.2852289919020722,3.6439315953514746,4.900842793005711,0.21831055004015099,0.19603371171999087
17.21718607969263,17.21718607969263,70.0,4.9999644985703195,0.28522899190225187,3.6439316578015597,4.900843350341454,0.21831057486156924,0.1960337340139677
17.237186079692634,17.237186079692634,70.0,4.999964498574116,0.28522899190271106,3.643931720252868,4.900843907710848,0.21831059969391742,0.19603375630815278
17.25718607969263,17.25718607969263,70.0,4.999964498577909,0.2852289919027845,3.6439317827015727,4.900844465029319,0.21831062450834793,0.19603377860148738
17.27718607969263,17.27718607969263,70.0,4.999964498581704,0.2852289919029408,3.643931845155064,4.900845022416485,0.21831064935450684,0.19603380089634828
17.29718607969263,17.29718607969263,70.0,4.999964498585499,0.28522899190328693,3.6439319076044145,4.900845579745421,0.2183106741625087,0.1960338231894756
17.31718607969263,17.31718607969263,70.0,4.999964498589295,0.28522899190367274,3.6439319700549846,4.900846137095844,0.21831069900165234,0.19603384548417205
17.33718607969263,17.33718607969263,70.0,4.999964498593091,0.2852289919043194,3.6439320325068603,4.9008466944595614,0.21831072382967154,0.19603386777810197
17.357186079692625,17.357186079692625,70.0,4.999964498596887,0.28522899190440265,3.6439320949562113,4.900847251787797,0.21831074864944622,0.19603389007180505
17.377186079692628,17.377186079692628,70.0,4.999964498600681,0.2852289919046029,3.6439321574080674,4.900847809151765,0.2183107734895482,0.1960339123663992
17.397186079692624,17.397186079692624,70.0,4.999964498604476,0.28522899190381357,3.643932219858871,4.900848366494548,0.21831079830365407,0.19603393465948674
17.417186079692627,17.417186079692627,70.0,4.999964498608271,0.285228991904631,3.6439322823062192,4.9008489238068025,0.21831082312185623,0.1960339569526025
17.437186079692623,17.437186079692623,70.0,4.999964498612067,0.2852289919051582,3.6439323447622396,4.900849481204414,0.21831084797015965,0.19603397924728594
17.457186079692626,17.457186079692626,70.0,4.999964498615858,0.28522899190538453,3.643932407207502,4.900850038491139,0.21831087277055206,0.1960340015399729
17.477186079692622,17.477186079692622,70.0,4.999964498619658,0.2852289919059021,3.643932469662654,4.90085059587319,0.21831089762921518,0.19603402383524957
17.49718607969262,17.49718607969262,70.0,4.999964498623453,0.28522899190579226,3.643932532112734,4.900851153209166,0.2183109224305544,0.19603404612744782
17.51718607969262,17.51718607969262,70.0,4.9999644986272465,0.2852289919062695,3.6439325945606553,4.900851710517142,0.21831094725539302,0.19603406842104715
17.53718607969262,17.53718607969262,70.0,4.999964498631043,0.28522899190643997,3.643932657015684,4.9008522678951145,0.21831097210274253,0.19603409071550743
17.55718607969262,17.55718607969262,70.0,4.999964498634838,0.2852289919064682,3.6439327194640727,4.900852825212272,0.2183109969246888,0.19603411300943363
17.577186079692616,17.577186079692616,70.0,4.999964498638636,0.28522899190671114,3.6439327819170555,4.900853382567914,0.21831102174107953,0.19603413530179925
17.59718607969262,17.59718607969262,70.0,4.999964498642428,0.285228991906703,3.6439328443652927,4.900853939871431,0.21831104656922617,0.196034157595787
17.617186079692615,17.617186079692615,70.0,4.999964498646223,0.2852289919071706,3.643932906821615,4.900854497261136,0.21831107140097972,0.19603417988888983
17.637186079692615,17.637186079692615,70.0,4.999964498650017,0.2852289919076336,3.6439329692655735,4.900855054524615,0.21831109620149958,0.19603420218132148
17.657186079692615,17.657186079692615,70.0,4.999964498653813,0.2852289919084862,3.6439330317226624,4.90085561191822,0.2183111210738118,0.19603422447703878
17.677186079692614,17.677186079692614,70.0,4.99996449865761,0.2852289919083948,3.6439330941726777,4.900856169244016,0.2183111458837863,0.19603424677007694
17.697186079692614,17.697186079692614,70.0,4.999964498661404,0.28522899190866574,3.6439331566242377,4.900856726575061,0.21831117069940653,0.19603426906270077
17.717186079692613,17.717186079692613,70.0,4.9999644986652,0.28522899190847295,3.6439332190727596,4.900857283890395,0.21831119551843026,0.1960342913553456
17.737186079692613,17.737186079692613,70.0,4.999964498668994,0.28522899190879436,3.6439332815251353,4.900857841226165,0.21831122035231498,0.19603431364875182
17.75718607969261,17.75718607969261,70.0,4.999964498672789,0.28522899190922285,3.6439333439764297,4.900858398557476,0.21831124519415335,0.19603433594325834
17.777186079692612,17.777186079692612,70.0,4.999964498676586,0.28522899190955264,3.6439334064304156,4.900858955917848,0.21831127001223827,0.19603435823580764
17.797186079692608,17.797186079692608,70.0,4.999964498680381,0.2852289919094932,3.6439334688764373,4.900859513192577,0.21831129481696276,0.19603438052802855
17.817186079692608,17.817186079692608,70.0,4.9999644986841725,0.2852289919099995,3.6439335313311454,4.900860070560574,0.21831131967651984,0.19603440282277076
17.837186079692607,17.837186079692607,70.0,4.99996449868797,0.2852289919105715,3.643933593782081,4.900860627882783,0.21831134447744738,0.19603442511439942
17.857186079692607,17.857186079692607,70.0,4.999964498691766,0.2852289919102725,3.6439336562309914,4.9008611851770585,0.21831136930882122,0.19603444740804976
17.877186079692606,17.877186079692606,70.0,4.999964498695563,0.2852289919104773,3.6439337186870855,4.900861742556115,0.21831139415550993,0.19603446970196076
17.897186079692606,17.897186079692606,70.0,4.999964498699356,0.28522899191056733,3.6439337811335264,4.90086229982507,0.21831141894109152,0.1960344919927267
17.917186079692605,17.917186079692605,70.0,4.999964498703151,0.28522899191114914,3.6439338435878534,4.900862857173493,0.21831144379864798,0.19603451428725596
17.937186079692605,17.937186079692605,70.0,4.999964498706946,0.2852289919114158,3.64393390603928,4.900863414509428,0.21831146862095485,0.19603453658014314
17.957186079692605,17.957186079692605,70.0,4.999964498710737,0.2852289919111462,3.64393396849082,4.900863971813519,0.21831149343852196,0.19603455887283272
17.9771860796926,17.9771860796926,70.0,4.999964498714533,0.2852289919118993,3.6439340309425656,4.900864529151699,0.2183115182700539,0.196034581165835
17.997186079692604,17.997186079692604,70.0,4.999964498718327,0.2852289919117837,3.6439340933931215,4.900865086454539,0.21831154308277734,0.19603460345788293
18.0171860796926,18.0171860796926,70.0,4.999964498722124,0.28522899191228784,3.6439341558448044,4.900865643776963,0.21831156792152884,0.1960346257514079
18.0371860796926,18.0371860796926,70.0,4.999964498725919,0.2852289919123433,3.643934218298944,4.90086620111317,0.2183115927556898,0.19603464804482504
18.0571860796926,18.0571860796926,70.0,4.999964498729717,0.28522899191314544,3.6439342807489097,4.900866758426371,0.21831161755917217,0.1960346703361573
18.077186079692595,18.077186079692595,70.0,4.999964498733511,0.2852289919134311,3.6439343431985756,4.900867315712589,0.21831164238434608,0.19603469262884388
18.097186079692598,18.097186079692598,70.0,4.999964498737305,0.28522899191381723,3.6439344056532432,4.900867873066842,0.2183116672310681,0.19603471492241947
18.117186079692594,18.117186079692594,70.0,4.9999644987411,0.2852289919133804,3.643934468103434,4.9008684303614265,0.21831169204448386,0.19603473721477907
18.137186079692597,18.137186079692597,70.0,4.999964498744893,0.28522899191378975,3.6439345305566193,4.9008689876936495,0.21831171688146034,0.19603475950806137
18.157186079692597,18.157186079692597,70.0,4.99996449874869,0.2852289919141959,3.64393459300862,4.900869545005137,0.21831174168697176,0.1960347817992947
18.177186079692593,18.177186079692593,70.0,4.999964498752482,0.2852289919139686,3.6439346554571483,4.90087010228628,0.21831176651100703,0.19603480409176388
18.197186079692592,18.197186079692592,70.0,4.9999644987562775,0.28522899191439216,3.6439347179130626,4.900870659637307,0.21831179135773082,0.19603482638518088
18.217186079692592,18.217186079692592,70.0,4.999964498760074,0.2852289919147244,3.643934780361112,4.900871216911742,0.2183118161638573,0.19603484867679663
18.23718607969259,18.23718607969259,70.0,4.999964498763869,0.28522899191513895,3.6439348428159244,4.90087177425845,0.2183118410074396,0.1960348709700532
18.25718607969259,18.25718607969259,70.0,4.999964498767663,0.28522899191557755,3.6439349052661782,4.900872331547334,0.21831186581428064,0.19603489326162227
18.27718607969259,18.27718607969259,70.0,4.99996449877146,0.28522899191495493,3.6439349677187236,4.900872888858805,0.2183118906583017,0.19603491555526842
18.297186079692587,18.297186079692587,70.0,4.999964498775255,0.28522899191584633,3.6439350301737408,4.9008734461990295,0.21831191548467377,0.19603493784763296
18.31718607969259,18.31718607969259,70.0,4.999964498779048,0.2852289919159417,3.643935092622611,4.900874003468458,0.21831194028135492,0.1960349601383978
18.337186079692586,18.337186079692586,70.0,4.999964498782845,0.2852289919159266,3.6439351550742036,4.90087456077966,0.21831196512593465,0.19603498243154963
18.35718607969259,18.35718607969259,70.0,4.999964498786638,0.2852289919160831,3.6439352175278956,4.900875118102668,0.21831198996066226,0.1960350047244302
18.377186079692585,18.377186079692585,70.0,4.999964498790432,0.2852289919160916,3.643935279978386,4.9008756753885585,0.21831201476434936,0.19603502701528258
18.397186079692585,18.397186079692585,70.0,4.999964498794227,0.2852289919171005,3.643935342432263,4.9008762327109165,0.2183120396020799,0.19603504930816734
18.417186079692584,18.417186079692584,70.0,4.9999644987980245,0.28522899191728585,3.643935404883002,4.900876789996281,0.21831206441416606,0.1960350715995784
18.437186079692584,18.437186079692584,70.0,4.999964498801819,0.28522899191731965,3.643935467335179,4.900877347301227,0.21831208924394918,0.19603509389173038
18.457186079692583,18.457186079692583,70.0,4.999964498805613,0.28522899191775936,3.6439355297880143,4.900877904603985,0.2183121140778299,0.19603511618449385
18.477186079692583,18.477186079692583,70.0,4.999964498809408,0.2852289919179979,3.643935592240564,4.900878461919431,0.21831213890217782,0.19603513847651532
18.49718607969258,18.49718607969258,70.0,4.9999644988132035,0.28522899191801243,3.643935654692288,4.900879019201164,0.21831216372029694,0.1960351607683741
18.51718607969258,18.51718607969258,70.0,4.999964498816997,0.2852289919178951,3.6439357171458253,4.900879576518402,0.21831218854341827,0.19603518305983628
18.537186079692578,18.537186079692578,70.0,4.999964498820793,0.2852289919181639,3.64393577959408,4.900880133767797,0.218312213362168,0.19603520535162167
18.557186079692578,18.557186079692578,70.0,4.999964498824588,0.2852289919190387,3.6439358420518966,4.9008806911361935,0.21831223822122325,0.19603522764520948
18.577186079692577,18.577186079692577,70.0,4.999964498828384,0.28522899191958334,3.643935904501304,4.90088124839075,0.21831226300690254,0.19603524993533097
18.597186079692577,18.597186079692577,70.0,4.999964498832176,0.2852289919191619,3.643935966953382,4.900881805689951,0.21831228785496837,0.19603527222855646
18.617186079692576,18.617186079692576,70.0,4.999964498835972,0.2852289919196673,3.6439360294087972,4.900882363017659,0.21831231266799556,0.19603529451920637
18.637186079692576,18.637186079692576,70.0,4.999964498839764,0.28522899191957574,3.643936091855307,4.900882920243067,0.218312337478884,0.1960353168106854
18.657186079692575,18.657186079692575,70.0,4.999964498843558,0.2852289919202711,3.6439361543150666,4.900883477611607,0.21831236233552698,0.19603533910353374
18.677186079692575,18.677186079692575,70.0,4.999964498847356,0.2852289919206962,3.64393621676236,4.900884034846669,0.21831238713674628,0.1960353613947814
18.697186079692575,18.697186079692575,70.0,4.99996449885115,0.28522899192038265,3.643936279217862,4.900884592176363,0.21831241198390794,0.19603538368736048
18.71718607969257,18.71718607969257,70.0,4.999964498854944,0.2852289919207306,3.643936341669534,4.9008851494620025,0.21831243679114554,0.19603540597819838
18.73718607969257,18.73718607969257,70.0,4.999964498858739,0.285228991921134,3.6439364041204763,4.900885706734929,0.21831246161386186,0.19603542826977413
18.75718607969257,18.75718607969257,70.0,4.999964498862533,0.28522899192124,3.643936466575175,4.900886264043738,0.2183124864450341,0.19603545056145827
18.77718607969257,18.77718607969257,70.0,4.99996449886633,0.2852289919213543,3.6439365290276373,4.900886821329461,0.21831251125622186,0.1960354728522662
18.79718607969257,18.79718607969257,70.0,4.999964498870122,0.28522899192169976,3.6439365914781745,4.90088737858619,0.21831253607978818,0.19603549514378696
18.81718607969257,18.81718607969257,70.0,4.999964498873917,0.2852289919219709,3.643936653934009,4.900887935910809,0.21831256093884077,0.19603551743736003
18.837186079692565,18.837186079692565,70.0,4.999964498877712,0.28522899192160095,3.643936716387065,4.900888493206105,0.21831258573684043,0.19603553972735166
18.857186079692568,18.857186079692568,70.0,4.999964498881509,0.28522899192204176,3.6439367788339814,4.900889050424445,0.21831261053001993,0.1960355620166962
18.877186079692564,18.877186079692564,70.0,4.999964498885304,0.28522899192279955,3.643936841291605,4.900889607754124,0.21831263540285173,0.19603558431049017
18.897186079692567,18.897186079692567,70.0,4.999964498889099,0.2852289919233488,3.643936903745316,4.900890165049012,0.2183126602169021,0.19603560660164784
18.917186079692563,18.917186079692563,70.0,4.9999644988928935,0.28522899192325063,3.6439369661960077,4.900890722310786,0.21831268503868095,0.19603562889338988
18.937186079692562,18.937186079692562,70.0,4.999964498896687,0.2852289919229653,3.643937028651889,4.900891279626366,0.21831270986824114,0.19603565118474295
18.957186079692562,18.957186079692562,70.0,4.999964498900481,0.28522899192376366,3.6439370911017983,4.900891836870447,0.21831273466562795,0.1960356734745015
18.97718607969256,18.97718607969256,70.0,4.999964498904276,0.285228991923661,3.643937153554884,4.90089239415609,0.218312759508831,0.19603569576658111
18.99718607969256,18.99718607969256,70.0,4.999964498908069,0.2852289919239924,3.6439372160102272,4.900892951453491,0.2183127843278565,0.19603571805720957
19.01718607969256,19.01718607969256,70.0,4.999964498911865,0.2852289919242228,3.6439372784573303,4.900893508680855,0.21831280914405538,0.1960357403481974
19.037186079692557,19.037186079692557,70.0,4.999964498915661,0.28522899192462753,3.643937340917823,4.900894066031226,0.21831283400181656,0.1960357626409417
19.057186079692556,19.057186079692556,70.0,4.999964498919455,0.28522899192441725,3.6439374033665866,4.900894623265111,0.21831285877964302,0.19603578492971735
19.077186079692556,19.077186079692556,70.0,4.999964498923249,0.28522899192510737,3.6439374658189765,4.900895180530063,0.21831288362683665,0.19603580722213806
19.097186079692555,19.097186079692555,70.0,4.999964498927046,0.28522899192570833,3.6439375282760325,4.900895737856367,0.21831290846709095,0.19603582951396664
19.11718607969256,19.11718607969256,70.0,4.999964498930839,0.28522899192540807,3.6439375907262863,4.900896295090727,0.21831293325684875,0.1960358518033194
19.137186079692555,19.137186079692555,70.0,4.9999644989346335,0.2852289919260949,3.6439376531792793,4.9008968523687795,0.21831295809052165,0.19603587409444884
19.157186079692554,19.157186079692554,70.0,4.999964498938427,0.2852289919258547,3.6439377156323416,4.900897409642945,0.2183129829168764,0.1960358963854378
19.177186079692554,19.177186079692554,70.0,4.999964498942224,0.2852289919260056,3.643937778085306,4.9008979669148545,0.21831300775454787,0.19603591867752454
19.197186079692553,19.197186079692553,70.0,4.999964498946017,0.28522899192615403,3.6439378405415552,4.900898524217234,0.21831303258535684,0.19603594096900787
19.217186079692553,19.217186079692553,70.0,4.999964498949814,0.2852289919268017,3.643937902992576,4.900899081464792,0.21831305737365048,0.19603596325772
19.237186079692552,19.237186079692552,70.0,4.999964498953606,0.28522899192681384,3.6439379654441066,4.90089963870638,0.21831308219465972,0.19603598554794818
19.25718607969255,19.25718607969255,70.0,4.999964498957401,0.28522899192698303,3.6439380279001794,4.900900195999369,0.21831310704750662,0.19603600784024988
19.277186079692548,19.277186079692548,70.0,4.999964498961196,0.2852289919273234,3.6439380903539815,4.900900753280058,0.2183131318730167,0.19603603013152573
19.297186079692548,19.297186079692548,70.0,4.9999644989649905,0.28522899192750484,3.6439381528064314,4.900901310542196,0.21831315668070062,0.19603605242142302
19.317186079692547,19.317186079692547,70.0,4.999964498968782,0.28522899192744317,3.6439382152585624,4.900901867792473,0.2183131815034769,0.19603607471205886
19.337186079692547,19.337186079692547,70.0,4.99996449897258,0.2852289919285821,3.6439382777124836,4.900902425061981,0.21831320631965578,0.1960360970016121
19.357186079692546,19.357186079692546,70.0,4.999964498976374,0.285228991928295,3.643938340164447,4.900902982311808,0.2183132311583047,0.19603611929345463
19.377186079692542,19.377186079692542,70.0,4.9999644989801695,0.285228991928494,3.6439384026232973,4.900903539626462,0.2183132559948615,0.19603614158474195
19.397186079692545,19.397186079692545,70.0,4.999964498983964,0.2852289919288796,3.643938465072426,4.900904096848113,0.2183132807907726,0.19603616387424638
19.41718607969254,19.41718607969254,70.0,4.999964498987758,0.28522899192919726,3.6439385275278164,4.900904654130413,0.21831330562432338,0.19603618616491716
19.437186079692545,19.437186079692545,70.0,4.999964498991553,0.2852289919297073,3.6439385899809036,4.900905211375731,0.21831333044382006,0.19603620845532768
19.45718607969254,19.45718607969254,70.0,4.999964498995347,0.2852289919293366,3.6439386524351867,4.90090576865377,0.21831335527217544,0.1960362307458659
19.47718607969254,19.47718607969254,70.0,4.99996449899914,0.2852289919301463,3.643938714888262,4.9009063258962655,0.21831338007468926,0.19603625303489033
19.49718607969254,19.49718607969254,70.0,4.999964499002936,0.285228991930245,3.6439387773384238,4.900906883126214,0.21831340491064566,0.19603627532600737
19.51718607969254,19.51718607969254,70.0,4.999964499006728,0.28522899192989604,3.643938839798361,4.9009074404542705,0.21831342976294055,0.19603629761788877
19.53718607969254,19.53718607969254,70.0,4.999964499010526,0.28522899193018925,3.6439389022486353,4.9009079976682655,0.21831345455288087,0.19603631990704584
19.55718607969254,19.55718607969254,70.0,4.9999644990143235,0.2852289919312635,3.643938964703917,4.900908554944115,0.21831347938468015,0.19603634219745988
19.577186079692538,19.577186079692538,70.0,4.999964499018117,0.28522899193064755,3.64393902715635,4.900909112182735,0.2183135041962645,0.19603636448699163
19.597186079692534,19.597186079692534,70.0,4.999964499021911,0.2852289919314692,3.6439390896101984,4.9009096694402725,0.21831352903237722,0.19603638677794094
19.617186079692537,19.617186079692537,70.0,4.999964499025703,0.28522899193130374,3.6439391520655113,4.900910226710737,0.2183135538488905,0.19603640906751935
19.637186079692533,19.637186079692533,70.0,4.999964499029497,0.28522899193217555,3.6439392145176974,4.900910783944941,0.21831357866435486,0.1960364313574926
19.657186079692536,19.657186079692536,70.0,4.999964499033294,0.28522899193169876,3.643939276970887,4.900911341185147,0.2183136034929447,0.1960364536477208
19.677186079692532,19.677186079692532,70.0,4.999964499037088,0.2852289919320415,3.6439393394271087,4.900911898471384,0.2183136283380822,0.19603647593920628
19.697186079692532,19.697186079692532,70.0,4.999964499040883,0.2852289919326522,3.643939401880508,4.900912455715742,0.2183136531552039,0.1960364982295938
19.71718607969253,19.71718607969253,70.0,4.999964499044676,0.2852289919324219,3.643939464335007,4.9009130129789735,0.21831367796076906,0.19603652051827666
19.73718607969253,19.73718607969253,70.0,4.999964499048471,0.2852289919329598,3.6439395267854593,4.900913570179208,0.2183137027628299,0.19603654280687607
19.75718607969253,19.75718607969253,70.0,4.999964499052265,0.28522899193299,3.643939589242464,4.900914127453785,0.21831372762688384,0.19603656509907288
19.77718607969253,19.77718607969253,70.0,4.999964499056058,0.2852289919333019,3.6439396516984544,4.900914684730551,0.21831375243804407,0.1960365873883152
19.797186079692526,19.797186079692526,70.0,4.9999644990598515,0.2852289919338947,3.6439397141478445,4.900915241922973,0.21831377723760514,0.19603660967722605
19.817186079692526,19.817186079692526,70.0,4.9999644990636485,0.2852289919335958,3.6439397766035015,4.900915799192951,0.2183138020785771,0.19603663196744858
19.837186079692525,19.837186079692525,70.0,4.999964499067444,0.2852289919341916,3.6439398390581954,4.900916356437551,0.2183138268977971,0.19603665425721162
19.857186079692525,19.857186079692525,70.0,4.999964499071235,0.2852289919342029,3.6439399015119314,4.900916913680718,0.21831385172549123,0.1960366765475562
19.877186079692525,19.877186079692525,70.0,4.999964499075032,0.28522899193481743,3.6439399639687022,4.900917470940792,0.21831387655504564,0.19603669883791938
19.897186079692524,19.897186079692524,70.0,4.999964499078826,0.285228991934782,3.643940026421192,4.9009180281786,0.2183139013630937,0.19603672112688117
19.91718607969252,19.91718607969252,70.0,4.99996449908262,0.2852289919350749,3.6439400888743494,4.900918585404473,0.21831392646522518,0.19603674344023295
19.937186079692523,19.937186079692523,70.0,4.999964499086425,0.28522899193522133,3.6439401515101832,4.90091914472327,0.2183139523985691,0.19603676582335436
19.95718607969252,19.95718607969252,70.0,4.999964499090228,0.28522899193621387,3.643940214097332,4.900919703541151,0.21831397732335134,0.19603678817884584
19.977186079692522,19.977186079692522,70.0,4.999964499094028,0.2852289919355884,3.6439402766621263,4.9009202620712315,0.21831400201175777,0.19603681051908875
19.99718607969252,19.99718607969252,70.0,4.999964499097831,0.285228991936408,3.6439403392254652,4.900920820566781,0.21831402680877243,0.1960368328584979
20.017186079692518,20.017186079692518,70.0,4.999964499101632,0.28522899193605,3.6439404017929804,4.90092137912077,0.2183140517048221,0.19603685520091305
20.037186079692518,20.037186079692518,70.0,4.999964499105434,0.28522899193633927,3.643940464363609,4.900921937699651,0.2183140766099343,0.19603687754431007
20.057186079692517,20.057186079692517,70.0,4.999964499109231,0.28522899193672296,3.643940526933007,4.900922496265544,0.21831410148745745,0.1960368998865482
20.077186079692517,20.077186079692517,70.0,4.999964499113035,0.2852289919370514,3.643940589506453,4.900923054858424,0.21831412638426606,0.19603692223052666
20.097186079692516,20.097186079692516,70.0,4.999964499116839,0.28522899193726525,3.6439406520786495,4.900923613454165,0.21831415125865794,0.19603694457333934
20.117186079692516,20.117186079692516,70.0,4.99996449912064,0.2852289919376389,3.643940714650054,4.900924172027062,0.2183141758535463,0.19603696689281525
20.137186079692512,20.137186079692512,70.0,4.999964499124431,0.2852289919377198,3.643940777046003,4.9009247285877775,0.21831419965277332,0.19603698914443463
20.157186079692515,20.157186079692515,70.0,4.999964499128225,0.28522899193773793,3.6439408394874007,4.900925285611668,0.21831422444320125,0.19603701142408653
20.17718607969251,20.17718607969251,70.0,4.99996449913202,0.2852289919386553,3.643940901955406,4.900925842979533,0.2183142494659127,0.19603703371826683
20.197186079692514,20.197186079692514,70.0,4.999964499135814,0.28522899193840545,3.643940964421935,4.9009264003202375,0.21831427436961048,0.19603705601373128
20.21718607969251,20.21718607969251,70.0,4.999964499139611,0.28522899193903617,3.6439410268871364,4.9009269576507055,0.21831429919104473,0.19603707830633046
20.23718607969251,20.23718607969251,70.0,4.999964499143399,0.2852289919389199,3.643941089351284,4.900927514959916,0.2183143239947416,0.19603710059805102
20.25718607969251,20.25718607969251,70.0,4.999964499147196,0.28522899193944856,3.643941151814405,4.90092807225652,0.21831434881630019,0.19603712289053613
20.27718607969251,20.27718607969251,70.0,4.999964499150991,0.28522899193948337,3.6439412142806558,4.9009286295875105,0.21831437364763628,0.19603714518313184
20.29718607969251,20.29718607969251,70.0,4.999964499154785,0.28522899193978424,3.643941276742707,4.900929186879926,0.21831439846731104,0.19603716747547523
20.317186079692508,20.317186079692508,70.0,4.999964499158583,0.28522899194022533,3.6439413392096456,4.90092974420924,0.21831442329831052,0.19603718976799533
20.337186079692504,20.337186079692504,70.0,4.999964499162376,0.28522899194000556,3.6439414016715523,4.900930301499479,0.21831444811061074,0.19603721205966843
20.357186079692504,20.357186079692504,70.0,4.999964499166173,0.2852289919405758,3.6439414641368297,4.90093085881154,0.21831447294893325,0.1960372343527391
20.377186079692503,20.377186079692503,70.0,4.999964499169968,0.28522899194051327,3.643941526600465,4.900931416119349,0.21831449777485412,0.19603725664506993
20.397186079692503,20.397186079692503,70.0,4.999964499173761,0.2852289919407056,3.6439415890662383,4.9009319734416295,0.21831452259974116,0.19603727893733652
20.417186079692502,20.417186079692502,70.0,4.999964499177556,0.2852289919412071,3.6439416515291643,4.900932530728863,0.21831454741087652,0.1960373012288384
20.437186079692502,20.437186079692502,70.0,4.999964499181351,0.28522899194102114,3.643941713994195,4.900933088037273,0.21831457224883666,0.19603732352176478
20.457186079692498,20.457186079692498,70.0,4.999964499185146,0.2852289919420061,3.6439417764603506,4.90093364535821,0.21831459708216716,0.19603734581458757
20.4771860796925,20.4771860796925,70.0,4.999964499188938,0.2852289919416681,3.6439418389239844,4.900934202657728,0.21831462189278295,0.19603736810597447
20.497186079692497,20.497186079692497,70.0,4.999964499192735,0.2852289919417175,3.6439419013868224,4.900934759944033,0.21831464670951917,0.1960373903974369
20.5171860796925,20.5171860796925,70.0,4.999964499196531,0.28522899194246,3.6439419638513386,4.900935317249413,0.21831467154880446,0.19603741269026706
20.537186079692496,20.537186079692496,70.0,4.999964499200324,0.2852289919422743,3.643942026316821,4.900935874552157,0.2183146963747018,0.1960374349823384
20.557186079692496,20.557186079692496,70.0,4.999964499204122,0.285228991942904,3.6439420887829073,4.900936431868172,0.2183147212064891,0.19603745727499342
20.577186079692495,20.577186079692495,70.0,4.999964499207913,0.285228991943411,3.6439421512472805,4.900936989164199,0.2183147460095909,0.19603747956560347
20.597186079692495,20.597186079692495,70.0,4.999964499211708,0.2852289919429857,3.643942213708303,4.900937546430368,0.21831477084056994,0.19603750185813204
20.617186079692495,20.617186079692495,70.0,4.999964499215505,0.28522899194408463,3.6439422761787688,4.900938103783099,0.2183147956943552,0.19603752415159761
20.637186079692494,20.637186079692494,70.0,4.999964499219298,0.2852289919438739,3.6439423386409353,4.900938661055131,0.21831482047086403,0.19603754644062188
20.657186079692494,20.657186079692494,70.0,4.9999644992230925,0.2852289919441114,3.6439424011026706,4.900939218307291,0.2183148452992434,0.19603756873254333
20.67718607969249,20.67718607969249,70.0,4.999964499226889,0.2852289919440525,3.6439424635719346,4.900939775660241,0.21831487016787143,0.19603759102672672
20.697186079692493,20.697186079692493,70.0,4.999964499230685,0.28522899194464907,3.6439425260343006,4.900940332930703,0.2183148949742595,0.19603761331812825
20.71718607969249,20.71718607969249,70.0,4.999964499234477,0.2852289919447426,3.6439425885027186,4.900940890257423,0.21831491980205442,0.19603763560994708
20.737186079692492,20.737186079692492,70.0,4.999964499238272,0.2852289919447228,3.6439426509643305,4.900941447513294,0.21831494459243705,0.19603765789957522
20.757186079692488,20.757186079692488,70.0,4.999964499242065,0.28522899194517976,3.6439427134277516,4.900942004795291,0.2183149694430515,0.19603768019270607
20.777186079692488,20.777186079692488,70.0,4.999964499245865,0.28522899194570034,3.643942775897119,4.900942562138225,0.21831499428422418,0.1960377024852016
20.797186079692487,20.797186079692487,70.0,4.999964499249655,0.2852289919455789,3.6439428383590355,4.900943119388407,0.21831501906728024,0.19603772477460582
20.817186079692487,20.817186079692487,70.0,4.99996449925345,0.2852289919461763,3.643942900823874,4.900943676668438,0.21831504391609435,0.19603774706760646
20.837186079692486,20.837186079692486,70.0,4.999964499257247,0.285228991946103,3.643942963293564,4.900944234009309,0.21831506875714313,0.1960377693600325
20.857186079692486,20.857186079692486,70.0,4.9999644992610435,0.2852289919462211,3.6439430257526486,4.900944791240097,0.2183150935388105,0.19603779164923907
20.877186079692482,20.877186079692482,70.0,4.9999644992648395,0.2852289919467203,3.6439430882203134,4.9009453485518035,0.2183151184031491,0.1960378139429936
20.89718607969248,20.89718607969248,70.0,4.999964499268633,0.28522899194707907,3.6439431506876017,4.900945905867861,0.2183151432234398,0.19603783623436533
20.91718607969248,20.91718607969248,70.0,4.999964499272425,0.2852289919471056,3.643943213151456,4.9009464631309045,0.21831516802563566,0.196037858524884
20.93718607969248,20.93718607969248,70.0,4.999964499276221,0.2852289919473238,3.6439432756144594,4.900947020401689,0.21831519284751266,0.19603788081576823
20.95718607969248,20.95718607969248,70.0,4.999964499280014,0.2852289919474444,3.6439433380807875,4.900947577691073,0.218315217687147,0.1960379031078947
20.97718607969248,20.97718607969248,70.0,4.999964499283807,0.2852289919477365,3.6439434005465356,4.900948134989789,0.2183152425195436,0.19603792539990678
20.997186079692476,20.997186079692476,70.0,4.999964499287602,0.28522899194763424,3.6439434630123126,4.900948692269649,0.21831526732924544,0.19603794769045063
21.01718607969248,21.01718607969248,70.0,4.999964499291398,0.2852289919483828,3.643943525474886,4.90094924951977,0.218315292144724,0.1960379699810844
21.03718607969248,21.03718607969248,70.0,4.999964499295193,0.2852289919481188,3.6439435879434496,4.900949806838811,0.21831531698200157,0.1960379922725781
21.057186079692478,21.057186079692478,70.0,4.999964499298989,0.28522899194910134,3.643943650405689,4.900950364082686,0.21831534180173895,0.196038014564192
21.077186079692478,21.077186079692478,70.0,4.9999644993027825,0.28522899194859647,3.6439437128758665,4.900950921414016,0.2183153666443296,0.19603803685624385
21.097186079692474,21.097186079692474,70.0,4.999964499306577,0.28522899194945156,3.6439437753373736,4.900951478652325,0.2183153914426028,0.19603805914639907
21.117186079692473,21.117186079692473,70.0,4.999964499310372,0.28522899194943857,3.6439438378051956,4.900952035950949,0.21831541627684103,0.19603808143769424
21.137186079692473,21.137186079692473,70.0,4.999964499314166,0.28522899194978313,3.6439439002677467,4.900952593209031,0.2183154410963044,0.19603810372869668
21.157186079692472,21.157186079692472,70.0,4.99996449931796,0.2852289919498771,3.6439439627358268,4.900953150504438,0.21831546593294338,0.1960381260204339
21.177186079692472,21.177186079692472,70.0,4.999964499321756,0.2852289919501526,3.643944025199064,4.900953707760934,0.21831549074387668,0.19603814831076158
21.19718607969247,21.19718607969247,70.0,4.999964499325549,0.28522899195056395,3.6439440876676037,4.900954265054936,0.21831551555843554,0.19603817060060288
21.217186079692468,21.217186079692468,70.0,4.999964499329343,0.285228991950673,3.643944150127926,4.900954822278736,0.21831554038333545,0.1960381928920601
21.23718607969247,21.23718607969247,70.0,4.999964499333139,0.2852289919507667,3.64394421260084,4.900955379624315,0.2183155652410118,0.19603821518462877
21.257186079692467,21.257186079692467,70.0,4.999964499336934,0.28522899195141216,3.643944275062034,4.900955936852934,0.2183155900325815,0.1960382374744003
21.27718607969247,21.27718607969247,70.0,4.99996449934073,0.2852289919512609,3.643944337529499,4.900956494143665,0.21831561485802098,0.1960382597647986
21.297186079692466,21.297186079692466,70.0,4.9999644993445225,0.2852289919514011,3.6439443999923133,4.900957051381323,0.21831563968499168,0.19603828205617138
21.317186079692465,21.317186079692465,70.0,4.999964499348318,0.2852289919516974,3.643944462462907,4.900957608704019,0.21831566452811124,0.1960383043478179
21.337186079692465,21.337186079692465,70.0,4.999964499352113,0.28522899195196066,3.643944524924061,4.90095816591761,0.21831568931876344,0.19603832663699802
21.357186079692465,21.357186079692465,70.0,4.999964499355908,0.2852289919525517,3.643944587393561,4.900958723225363,0.2183157141660903,0.19603834892865213
21.377186079692464,21.377186079692464,70.0,4.999964499359702,0.28522899195228996,3.6439446498571284,4.9009592804718265,0.21831573897182244,0.1960383712185364
21.397186079692464,21.397186079692464,70.0,4.999964499363497,0.28522899195256785,3.6439447123230577,4.900959837740247,0.21831576381405426,0.19603839351049396
21.41718607969246,21.41718607969246,70.0,4.999964499367291,0.2852289919525005,3.6439447747914637,4.900960395037165,0.21831578863133982,0.1960384158005435
21.43718607969246,21.43718607969246,70.0,4.999964499371084,0.28522899195324664,3.6439448372532364,4.900960952249226,0.2183158134338017,0.19603843809023438
21.45718607969246,21.45718607969246,70.0,4.9999644993748795,0.2852289919534607,3.643944899723132,4.900961509553734,0.21831583829700696,0.19603846038300402
21.47718607969246,21.47718607969246,70.0,4.999964499378673,0.28522899195330054,3.6439449621892726,4.900962066827026,0.2183158630953601,0.19603848267212554
21.497186079692458,21.497186079692458,70.0,4.999964499382468,0.28522899195386614,3.643945024649976,4.900962624022992,0.21831588788721268,0.1960385049605397
21.517186079692458,21.517186079692458,70.0,4.999964499386263,0.28522899195404017,3.643945087119336,4.90096318132859,0.2183159127512595,0.19603852725278625
21.537186079692457,21.537186079692457,70.0,4.999964499390058,0.28522899195433754,3.6439451495849977,4.900963738585432,0.21831593758011936,0.19603854954434272
21.557186079692457,21.557186079692457,70.0,4.999964499393853,0.2852289919547567,3.6439452120542297,4.900964295875182,0.2183159624069564,0.19603857183525566
21.577186079692456,21.577186079692456,70.0,4.999964499397645,0.2852289919549168,3.643945274518166,4.900964853111566,0.2183159871945919,0.19603859412350275
21.597186079692456,21.597186079692456,70.0,4.9999644994014405,0.285228991955539,3.643945336982411,4.90096541034176,0.2183160120303862,0.1960386164145592
21.617186079692456,21.617186079692456,70.0,4.999964499405235,0.2852289919551079,3.6439453994526687,4.900965967653117,0.21831603687565604,0.1960386387058002
21.637186079692448,21.637186079692448,70.0,4.999964499409027,0.28522899195569595,3.6439454619152607,4.900966524869829,0.2183160616654285,0.19603866099446066
21.65718607969245,21.65718607969245,70.0,4.999964499412824,0.2852289919558127,3.6439455243808014,4.900967082115298,0.21831608649090262,0.19603868328426108
21.67718607969245,21.67718607969245,70.0,4.9999644994166195,0.28522899195600354,3.6439455868489863,4.900967639391254,0.21831611134518392,0.19603870557656905
21.69718607969245,21.69718607969245,70.0,4.999964499420411,0.2852289919568177,3.6439456493177125,4.900968196673742,0.21831613615425827,0.1960387278660078
21.71718607969245,21.71718607969245,70.0,4.999964499424205,0.2852289919569938,3.643945711780112,4.900968753873801,0.21831616096196482,0.19603875015583488
21.737186079692446,21.737186079692446,70.0,4.999964499428001,0.28522899195679013,3.643945774251213,4.900969311181979,0.21831618580276269,0.1960387724462909
21.757186079692445,21.757186079692445,70.0,4.999964499431792,0.2852289919572178,3.643945836712783,4.9009698683792875,0.2183162105940757,0.19603879473480554
21.777186079692445,21.777186079692445,70.0,4.999964499435587,0.28522899195759177,3.643945899180882,4.900970425653993,0.2183162354560486,0.19603881702707848
21.797186079692445,21.797186079692445,70.0,4.999964499439384,0.28522899195759677,3.6439459616502816,4.9009709829343535,0.2183162602748192,0.19603883931701432
21.817186079692444,21.817186079692444,70.0,4.9999644994431796,0.28522899195787144,3.643946024112011,4.900971540129466,0.2183162850603213,0.19603886160482753
21.837186079692444,21.837186079692444,70.0,4.999964499446974,0.2852289919582965,3.6439460865801503,4.900972097402456,0.21831630991579543,0.1960388838963705
21.85718607969244,21.85718607969244,70.0,4.999964499450768,0.2852289919582135,3.6439461490474305,4.900972654664225,0.2183163347348689,0.1960389061862265
21.877186079692443,21.877186079692443,70.0,4.999964499454562,0.28522899195869045,3.6439462115126977,4.900973211891891,0.2183163595565274,0.19603892847656082
21.89718607969244,21.89718607969244,70.0,4.999964499458357,0.28522899195891055,3.6439462739823907,4.900973769172044,0.21831638438524248,0.1960389507665773
21.917186079692442,21.917186079692442,70.0,4.99996449946215,0.2852289919592602,3.643946336445889,4.900974326380595,0.2183164091804426,0.19603897305488502
21.937186079692438,21.937186079692438,70.0,4.999964499465944,0.2852289919595298,3.643946398912986,4.900974883630985,0.21831643401427936,0.19603899534489386
21.957186079692438,21.957186079692438,70.0,4.999964499469739,0.285228991959883,3.6439464613805095,4.900975440877177,0.2183164588461497,0.19603901763533021
21.977186079692437,21.977186079692437,70.0,4.999964499473534,0.28522899195946166,3.643946523846424,4.900975998119559,0.2183164836678957,0.19603903992506908
21.997186079692437,21.997186079692437,70.0,4.9999644994773265,0.2852289919598046,3.643946586314266,4.900976555377105,0.21831650849721784,0.19603906221537787
22.017186079692436,22.017186079692436,70.0,4.999964499481123,0.28522899196061907,3.6439466487811547,4.9009771126155055,0.21831653330509937,0.19603908450425597
22.037186079692436,22.037186079692436,70.0,4.999964499484917,0.2852289919610192,3.643946711246337,4.900977669839748,0.218316558126459,0.1960391067938687
22.057186079692432,22.057186079692432,70.0,4.999964499488712,0.28522899196076884,3.643946773715445,4.900978227099307,0.21831658294864376,0.1960391290830066
22.07718607969243,22.07718607969243,70.0,4.999964499492507,0.2852289919611938,3.6439468361791274,4.9009787843047,0.21831660776462947,0.1960391513724397
22.09718607969243,22.09718607969243,70.0,4.9999644994963,0.2852289919613339,3.6439468986498906,4.90097934158081,0.2183166326210939,0.196039173664102
22.11718607969243,22.11718607969243,70.0,4.999964499500093,0.28522899196175483,3.6439469611165127,4.900979898827087,0.2183166574240607,0.19603919595276856
22.13718607969243,22.13718607969243,70.0,4.999964499503888,0.28522899196191154,3.6439470235792335,4.900980456012479,0.21831668221524847,0.19603921824017076
22.15718607969243,22.15718607969243,70.0,4.999964499507685,0.2852289919619073,3.6439470860487626,4.900981013274286,0.2183167070572205,0.1960392405300201
22.17718607969243,22.17718607969243,70.0,4.999964499511479,0.28522899196231305,3.6439471485145005,4.900981570492953,0.2183167318972452,0.19603926282121759
22.19718607969243,22.19718607969243,70.0,4.999964499515274,0.28522899196280815,3.64394721098653,4.90098212779111,0.21831675671644524,0.19603928511006463
22.21718607969243,22.21718607969243,70.0,4.999964499519067,0.2852289919628306,3.64394727344578,4.900982684933822,0.218316781505151,0.1960393073982723
22.237186079692428,22.237186079692428,70.0,4.999964499522862,0.2852289919628397,3.643947335920422,4.900983242244081,0.21831680637917783,0.1960393296900458
22.257186079692428,22.257186079692428,70.0,4.999964499526656,0.28522899196317375,3.643947398384938,4.900983799449852,0.21831683116464973,0.19603935197766922
22.277186079692424,22.277186079692424,70.0,4.999964499530449,0.28522899196340246,3.643947460850525,4.900984356665636,0.21831685598148454,0.19603937426633128
22.297186079692423,22.297186079692423,70.0,4.99996449953424,0.28522899196421675,3.643947523317029,4.900984913885314,0.21831688081140088,0.19603939655569838
22.317186079692423,22.317186079692423,70.0,4.999964499538036,0.2852289919637944,3.643947585786653,4.900985471149279,0.21831690565525497,0.1960394188462837
22.337186079692422,22.337186079692422,70.0,4.9999644995418295,0.2852289919639322,3.643947648253991,4.900986028372272,0.2183169304489212,0.19603944113390154
22.357186079692422,22.357186079692422,70.0,4.999964499545627,0.28522899196455587,3.643947710718476,4.900986585567665,0.21831695526130845,0.1960394634223887
22.37718607969242,22.37718607969242,70.0,4.999964499549419,0.2852289919642407,3.6439477731877705,4.900987142817543,0.21831698011860112,0.1960394857136033
22.397186079692418,22.397186079692418,70.0,4.999964499553215,0.285228991964699,3.643947835657459,4.900987700072435,0.21831700494276074,0.1960395080032023
22.41718607969242,22.41718607969242,70.0,4.999964499557009,0.2852289919651327,3.6439478981227635,4.90098825727457,0.218317029727217,0.19603953029003723
22.437186079692417,22.437186079692417,70.0,4.999964499560801,0.2852289919650986,3.643947960587636,4.9009888144703675,0.2183170545536104,0.1960395525790959
22.45718607969242,22.45718607969242,70.0,4.999964499564595,0.28522899196601664,3.6439480230579475,4.900989371718628,0.21831707939787215,0.19603957486901447
22.477186079692416,22.477186079692416,70.0,4.9999644995683905,0.28522899196588775,3.6439480855274535,4.900989928970141,0.2183171042210712,0.1960395971584613
22.497186079692415,22.497186079692415,70.0,4.999964499572181,0.28522899196652063,3.643948147991439,4.900990486153582,0.21831712901262534,0.19603961944580137
22.517186079692415,22.517186079692415,70.0,4.999964499575977,0.28522899196614077,3.6439482104604934,4.900991043381588,0.21831715385296668,0.1960396417355025
22.537186079692415,22.537186079692415,70.0,4.999964499579773,0.2852289919668548,3.643948272928508,4.900991600618355,0.21831717868392841,0.19603966402502157
22.557186079692414,22.557186079692414,70.0,4.999964499583569,0.28522899196645934,3.643948335396754,4.9009921578357805,0.21831720349083827,0.19603968631304264
22.577186079692414,22.577186079692414,70.0,4.999964499587363,0.28522899196718654,3.64394839786246,4.900992715038046,0.2183172283032948,0.19603970860115685
22.59718607969241,22.59718607969241,70.0,4.999964499591155,0.2852289919670709,3.6439484603296854,4.900993272259364,0.2183172531466102,0.19603973089130375
22.61718607969241,22.61718607969241,70.0,4.9999644995949515,0.2852289919676571,3.643948522799509,4.900993829493686,0.21831727796153055,0.19603975317940503
22.637186079692412,22.637186079692412,70.0,4.999964499598744,0.2852289919678078,3.6439485852652247,4.900994386691126,0.21831730276087535,0.19603977546670215
22.65718607969241,22.65718607969241,70.0,4.999964499602538,0.28522899196814283,3.6439486477323317,4.900994943894909,0.21831732760470413,0.19603979775689453
22.67718607969241,22.67718607969241,70.0,4.999964499606332,0.2852289919683165,3.643948710240205,4.900995501479199,0.21831735259923457,0.19603982005968984
22.695734853421506,22.695734853421506,70.0,4.999964499609849,0.2852289919684762,3.6439487681508833,4.90099601804042,0.21831737538379326,0.19603984072107372
22.715734853421502,22.715734853421502,70.0,4.9999644996136485,0.28522899196855983,3.6439488306176537,4.900996575246131,0.2183174002384627,0.1960398630096566
22.7357348534215,22.7357348534215,70.0,4.999964499617442,0.2852289919692023,3.6439488930850845,4.900997132457279,0.218317425085639,0.196039885298667
22.7557348534215,22.7557348534215,70.0,4.9999644996212345,0.28522899196953855,3.6439489555508477,4.900997689648127,0.21831744988840507,0.1960399075850415
22.7757348534215,22.7757348534215,70.0,4.999964499625026,0.2852289919695518,3.6439490180178202,4.900998246844234,0.21831747473105478,0.1960399298746792
22.7957348534215,22.7957348534215,70.0,4.99996449962882,0.28522899196991613,3.6439490804906027,4.9009988041050585,0.21831749956710178,0.19603995216382203
22.8157348534215,22.8157348534215,70.0,4.999964499632614,0.2852289919698404,3.6439491429534177,4.900999361258348,0.21831752435381446,0.19603997445059607
22.835734853421496,22.835734853421496,70.0,4.999964499636411,0.28522899197052026,3.6439492054246743,4.9009999185065505,0.21831754920619506,0.19603999674052733
22.855734853421495,22.855734853421495,70.0,4.999964499640206,0.2852289919702301,3.6439492678917342,4.901000475709679,0.21831757400239926,0.1960400190274459
22.8757348534215,22.8757348534215,70.0,4.999964499643998,0.2852289919707479,3.643949330355033,4.901001032854896,0.21831759881379442,0.19604004131508365
22.895734853421494,22.895734853421494,70.0,4.999964499647789,0.2852289919709715,3.64394939283149,4.901001590153405,0.21831762368338037,0.1960400636057827
22.915734853421498,22.915734853421498,70.0,4.9999644996515835,0.2852289919713094,3.643949455295552,4.901002147313894,0.21831764846636403,0.19604008589281013
22.935734853421494,22.935734853421494,70.0,4.9999644996553805,0.2852289919716712,3.6439495177637657,4.90100270452187,0.2183176732728751,0.1960401081793098
22.955734853421493,22.955734853421493,70.0,4.999964499659173,0.28522899197164076,3.6439495802291093,4.9010032616968155,0.21831769811103374,0.19604013046878904
22.975734853421493,22.975734853421493,70.0,4.999964499662969,0.28522899197199614,3.6439496427026588,4.901003818954548,0.21831772295986163,0.1960401527584638
22.995734853421492,22.995734853421492,70.0,4.999964499666762,0.28522899197208473,3.6439497051697023,4.901004376147702,0.21831774775411272,0.1960401750455907
23.015734853421492,23.015734853421492,70.0,4.999964499670555,0.2852289919723283,3.643949767636017,4.901004933317359,0.21831777255650975,0.1960401973323339
23.03573485342149,23.03573485342149,70.0,4.99996449967435,0.2852289919722797,3.643949830105814,4.901005490540773,0.21831779741292445,0.19604021962253296
23.055734853421487,23.055734853421487,70.0,4.9999644996781445,0.28522899197302864,3.64394989257686,4.90100604777033,0.21831782222873164,0.1960402419104635
23.075734853421487,23.075734853421487,70.0,4.999964499681939,0.28522899197339086,3.64394995504073,4.9010066049158025,0.21831784701224066,0.19604026419628612
23.095734853421487,23.095734853421487,70.0,4.999964499685733,0.28522899197349416,3.6439500175116155,4.901007162139715,0.21831787186555873,0.19604028648583655
23.115734853421486,23.115734853421486,70.0,4.999964499689526,0.28522899197381774,3.6439500799797226,4.901007719336309,0.2183178966823731,0.19604030877371514
23.135734853421486,23.135734853421486,70.0,4.999964499693321,0.2852289919741846,3.643950142450176,4.901008276548902,0.21831792150133467,0.19604033106159865
23.155734853421485,23.155734853421485,70.0,4.999964499697114,0.285228991973844,3.6439502049152344,4.901008833710509,0.21831794629975398,0.19604035334807257
23.17573485342148,23.17573485342148,70.0,4.999964499700909,0.2852289919744421,3.643950267385421,4.901009390927661,0.2183179711398906,0.19604037563676774
23.195734853421484,23.195734853421484,70.0,4.999964499704705,0.2852289919744106,3.643950329852578,4.901009948105276,0.21831799596261137,0.19604039792508288
23.21573485342148,23.21573485342148,70.0,4.999964499708498,0.28522899197495727,3.6439503923250114,4.901010505347829,0.2183180207953055,0.1960404202135771
23.235734853421484,23.235734853421484,70.0,4.999964499712293,0.2852289919751339,3.6439504547886847,4.901011062484873,0.21831804557427548,0.19604044249905933
23.25573485342148,23.25573485342148,70.0,4.999964499716086,0.2852289919754001,3.643950517258443,4.901011619686134,0.21831807041945606,0.19604046478774767
23.27573485342148,23.27573485342148,70.0,4.999964499719879,0.2852289919755319,3.6439505797307743,4.90101217691178,0.218318095249737,0.19604048707609192
23.29573485342148,23.29573485342148,70.0,4.999964499723672,0.28522899197575247,3.6439506421960504,4.901012734064601,0.21831812004099582,0.19604050936223197
23.31573485342148,23.31573485342148,70.0,4.999964499727469,0.2852289919760615,3.643950704666084,4.901013291275076,0.21831814489397283,0.19604053165190619
23.335734853421478,23.335734853421478,70.0,4.999964499731261,0.28522899197618923,3.643950767136234,4.901013848478023,0.2183181697023131,0.19604055393878214
23.355734853421477,23.355734853421477,70.0,4.999964499735056,0.2852289919769749,3.6439508296028413,4.901014405632212,0.21831819449964351,0.19604057622491958
23.375734853421477,23.375734853421477,70.0,4.999964499738846,0.28522899197702817,3.6439508920738826,4.901014962842088,0.21831821934681717,0.19604059851394748
23.395734853421473,23.395734853421473,70.0,4.999964499742642,0.28522899197737955,3.6439509545415056,4.901015520025833,0.21831824416133738,0.19604062080130466
23.415734853421476,23.415734853421476,70.0,4.999964499746439,0.2852289919771238,3.6439510170121405,4.901016077227152,0.2183182689800005,0.19604064308871835
23.435734853421472,23.435734853421472,70.0,4.999964499750231,0.2852289919773287,3.643951079478106,4.901016634378044,0.21831829377831102,0.19604066537475326
23.455734853421475,23.455734853421475,70.0,4.999964499754023,0.28522899197767915,3.643951141947213,4.90101719156859,0.21831831861833928,0.19604068766303917
23.47573485342147,23.47573485342147,70.0,4.999964499757818,0.2852289919779182,3.6439512044180016,4.901017748769686,0.21831834344731726,0.1960407099510555
23.49573485342147,23.49573485342147,70.0,4.999964499761614,0.2852289919776396,3.6439512668884753,4.901018305964911,0.21831836825945894,0.19604073223822815
23.51573485342147,23.51573485342147,70.0,4.999964499765406,0.28522899197793616,3.643951329354575,4.901018863111961,0.2183183930638033,0.19604075452474307
23.53573485342147,23.53573485342147,70.0,4.999964499769202,0.28522899197846063,3.643951391824889,4.901019420314505,0.21831841790362505,0.19604077681288595
23.55573485342147,23.55573485342147,70.0,4.999964499772995,0.2852289919782512,3.643951454294084,4.901019977493256,0.21831844270385536,0.19604079909876204
23.57573485342147,23.57573485342147,70.0,4.999964499776787,0.28522899197903184,3.6439515167625895,4.90102053465762,0.21831846752949113,0.19604082138655965
23.595734853421465,23.595734853421465,70.0,4.999964499780578,0.2852289919794238,3.6439515792333905,4.901021091855669,0.21831849235564116,0.1960408436738841
23.615734853421465,23.615734853421465,70.0,4.999964499784372,0.28522899197946605,3.6439516417004607,4.901021649015068,0.21831851717609574,0.19604086596149334
23.635734853421464,23.635734853421464,70.0,4.9999644997881685,0.28522899197971835,3.6439517041727876,4.901022206226238,0.2183185420013274,0.1960408882487186
23.655734853421464,23.655734853421464,70.0,4.99996449979196,0.28522899198022145,3.6439517666387053,4.901022763365616,0.21831856679333805,0.19604091053427153
23.675734853421464,23.675734853421464,70.0,4.999964499795756,0.2852289919805861,3.643951829108767,4.9010233205472975,0.2183185916245307,0.19604093282155977
23.695734853421463,23.695734853421463,70.0,4.99996449979955,0.2852289919807972,3.643951891579619,4.901023877739339,0.21831861645336037,0.19604095510924793
23.71573485342146,23.71573485342146,70.0,4.999964499803341,0.2852289919805679,3.643951954047102,4.901024434894475,0.21831864126533107,0.19604097739607274
23.735734853421462,23.735734853421462,70.0,4.999964499807141,0.2852289919816904,3.64395201651849,4.9010249920864135,0.21831866609710282,0.19604099968371677
23.75573485342146,23.75573485342146,70.0,4.999964499810934,0.28522899198114837,3.643952078987722,4.901025549256385,0.21831869091078726,0.1960410219705336
23.77573485342146,23.77573485342146,70.0,4.999964499814727,0.2852289919810854,3.6439521414577762,4.901026106428075,0.21831871572164774,0.19604104425677446
23.795734853421457,23.795734853421457,70.0,4.999964499818518,0.285228991981971,3.643952203925038,4.901026663583069,0.21831874053313838,0.1960410665429746
23.815734853421457,23.815734853421457,70.0,4.999964499822311,0.28522899198227764,3.6439522663949493,4.901027220757035,0.21831876537416095,0.19604108883119334
23.835734853421457,23.835734853421457,70.0,4.999964499826105,0.2852289919819685,3.6439523288678553,4.901027777958627,0.2183187901939707,0.19604111111799763
23.855734853421456,23.855734853421456,70.0,4.9999644998299,0.2852289919821671,3.6439523913346643,4.901028335089906,0.21831881498400163,0.19604113340320106
23.875734853421456,23.875734853421456,70.0,4.999964499833696,0.28522899198250407,3.6439524538043875,4.90102889226322,0.2183188398217233,0.1960411556907743
23.895734853421455,23.895734853421455,70.0,4.999964499837487,0.2852289919830641,3.643952516274884,4.90102944944655,0.21831886464303984,0.19604117797752557
23.915734853421455,23.915734853421455,70.0,4.999964499841281,0.2852289919832872,3.643952578743241,4.9010300065944135,0.21831888944824085,0.19604120026346103
23.93573485342145,23.93573485342145,70.0,4.999964499845074,0.28522899198357965,3.643952641212572,4.901030563748052,0.21831891427194483,0.1960412225501444
23.955734853421454,23.955734853421454,70.0,4.999964499848872,0.28522899198388224,3.64395270368467,4.901031120947224,0.2183189391059508,0.19604124483755814
23.97573485342145,23.97573485342145,70.0,4.999964499852664,0.2852289919840117,3.6439527661526148,4.901031678089522,0.21831896392630945,0.19604126712507164
23.995734853421453,23.995734853421453,70.0,4.999964499856457,0.28522899198381363,3.6439528286264604,4.901032235300779,0.2183189887427761,0.19604128941110813
24.01573485342145,24.01573485342145,70.0,4.9999644998602495,0.2852289919844304,3.6439528910897554,4.901032792391227,0.218319013528105,0.19604131169597325
24.03573485342145,24.03573485342145,70.0,4.999964499864043,0.2852289919848522,3.6439529535635606,4.901033349596153,0.21831903837093058,0.19604133398288728
24.05573485342145,24.05573485342145,70.0,4.999964499867837,0.2852289919848283,3.643953016030492,4.9010339067079896,0.2183190631802896,0.1960413562691504
24.075734853421448,24.075734853421448,70.0,4.9999644998716315,0.28522899198494905,3.6439530785053615,4.901034463937746,0.21831908802401578,0.1960413785566057
24.095734853421447,24.095734853421447,70.0,4.999964499875426,0.28522899198560975,3.6439531409698898,4.901035021038451,0.21831911281799599,0.1960414008424628
24.115734853421447,24.115734853421447,70.0,4.999964499879219,0.2852289919856359,3.6439532034434063,4.9010355782354,0.21831913766016475,0.19604142312975226
24.135734853421443,24.135734853421443,70.0,4.999964499883008,0.28522899198619406,3.6439532659132174,4.9010361353885195,0.21831916245342553,0.1960414454145723
24.155734853421443,24.155734853421443,70.0,4.999964499886803,0.28522899198591173,3.643953328381149,4.901036692513928,0.21831918726257582,0.19604146770019065
24.175734853421442,24.175734853421442,70.0,4.999964499890596,0.2852289919863935,3.6439533908517094,4.90103724967688,0.2183192121091504,0.1960414899879612
24.195734853421442,24.195734853421442,70.0,4.999964499894394,0.2852289919864765,3.643953453326032,4.901037806880275,0.2183192369441036,0.1960415122754765
24.21573485342144,24.21573485342144,70.0,4.999964499898185,0.2852289919868354,3.6439535157920866,4.901038363992754,0.2183192617195866,0.1960415345593814
24.23573485342144,24.23573485342144,70.0,4.999964499901979,0.28522899198726304,3.6439535782626398,4.901038921151012,0.21831928655600708,0.19604155684635544
24.255734853421437,24.255734853421437,70.0,4.999964499905772,0.28522899198734986,3.643953640733867,4.90103947830668,0.2183193113625279,0.19604157913130016
24.27573485342144,24.27573485342144,70.0,4.999964499909568,0.2852289919880508,3.6439537032029623,4.901040035443781,0.2183193361874265,0.19604160141799365
24.295734853421436,24.295734853421436,70.0,4.999964499913363,0.28522899198791507,3.64395376567512,4.90104059261442,0.21831936101216742,0.19604162370421926
24.31573485342144,24.31573485342144,70.0,4.999964499917154,0.28522899198804486,3.6439538281440504,4.901041149760911,0.21831938583105615,0.19604164599071652
24.33573485342144,24.33573485342144,70.0,4.99996449992095,0.2852289919883369,3.643953890614517,4.901041706910272,0.21831941064130733,0.1960416682760884
24.355734853421435,24.355734853421435,70.0,4.99996449992474,0.28522899198862506,3.6439539530837988,4.901042264044124,0.21831943545968135,0.19604169056205756
24.375734853421434,24.375734853421434,70.0,4.999964499928536,0.28522899198901364,3.6439540155563788,4.901042821212118,0.21831946028471805,0.1960417128481474
24.395734853421434,24.395734853421434,70.0,4.9999644999323305,0.2852289919888944,3.643954078026268,4.901043378356379,0.21831948510407706,0.19604173513456666
24.415734853421434,24.415734853421434,70.0,4.999964499936124,0.2852289919895235,3.6439541404968607,4.901043935502717,0.21831950991316784,0.19604175741975266
24.435734853421433,24.435734853421433,70.0,4.999964499939918,0.2852289919895315,3.6439542029653516,4.901044492618203,0.21831953471678522,0.19604177970437278
24.455734853421433,24.455734853421433,70.0,4.999964499943708,0.2852289919897084,3.6439542654375856,4.901045049785904,0.2183195595698928,0.1960418019923044
24.47573485342143,24.47573485342143,70.0,4.999964499947504,0.2852289919898515,3.643954327910913,4.901045606959373,0.21831958438307053,0.19604182427803046
24.495734853421432,24.495734853421432,70.0,4.9999644999512975,0.2852289919904747,3.6439543903779206,4.901046164063794,0.21831960917835902,0.19604184656283644
24.515734853421428,24.515734853421428,70.0,4.999964499955093,0.28522899199046436,3.6439544528510446,4.901046721228299,0.21831963400785526,0.19604186884875968
24.53573485342143,24.53573485342143,70.0,4.999964499958884,0.28522899199120294,3.6439545153200763,4.901047278352838,0.21831965881367044,0.19604189113371745
24.555734853421427,24.555734853421427,70.0,4.999964499962677,0.28522899199065227,3.6439545777901725,4.901047835495567,0.21831968364394205,0.19604191342007066
24.575734853421427,24.575734853421427,70.0,4.999964499966476,0.2852289919914738,3.6439546402615584,4.901048392651125,0.21831970847075377,0.19604193570637723
24.595734853421426,24.595734853421426,70.0,4.9999644999702655,0.2852289919918638,3.643954702732256,4.9010489497869125,0.21831973327394527,0.1960419579911519
24.615734853421426,24.615734853421426,70.0,4.999964499974056,0.2852289919913064,3.643954765202017,4.901049506909671,0.21831975808369508,0.19604198027607736
24.635734853421425,24.635734853421425,70.0,4.999964499977851,0.28522899199175256,3.6439548276733578,4.901050064051035,0.21831978290789422,0.19604200256170412
24.655734853421425,24.655734853421425,70.0,4.999964499981644,0.28522899199204693,3.6439548901444714,4.90105062118914,0.21831980774114568,0.1960420248484601
24.67573485342142,24.67573485342142,70.0,4.999964499985438,0.28522899199239155,3.643954952617387,4.901051178355279,0.2183198325577398,0.1960420471338717
24.69573485342142,24.69573485342142,70.0,4.999964499989232,0.2852289919930034,3.6439550150852353,4.901051735452817,0.21831985735442228,0.1960420694183808
24.71573485342142,24.71573485342142,70.0,4.999964499993026,0.2852289919928682,3.6439550775581435,4.901052292608518,0.2183198821911776,0.19604209170462752
24.73573485342142,24.73573485342142,70.0,4.9999644999968185,0.28522899199323787,3.64395514002867,4.901052849740114,0.21831990698958936,0.1960421139886572
24.75573485342142,24.75573485342142,70.0,4.999964500000614,0.28522899199337454,3.643955202497154,4.901053406841652,0.21831993180560127,0.19604213627392925
24.77573485342142,24.77573485342142,70.0,4.999964500004405,0.2852289919936882,3.643955264971845,4.901053964012188,0.2183199566442231,0.19604215856016272
24.795734853421415,24.795734853421415,70.0,4.999964500008198,0.28522899199411184,3.6439553274410934,4.901054521122485,0.2183199814423742,0.19604218084457894
24.815734853421418,24.815734853421418,70.0,4.999964500011991,0.2852289919940508,3.6439553899122195,4.901055078254857,0.2183200062712367,0.19604220313050488
24.835734853421418,24.835734853421418,70.0,4.9999645000157855,0.2852289919942054,3.64395545238572,4.901055635401898,0.2183200310964173,0.19604222541629468
24.855734853421417,24.855734853421417,70.0,4.999964500019581,0.28522899199478036,3.6439555148555627,4.901056192526282,0.21832005589930814,0.19604224770070786
24.875734853421417,24.875734853421417,70.0,4.999964500023372,0.28522899199519414,3.6439555773264543,4.901056749639397,0.21832008071559672,0.19604226998579208
24.895734853421413,24.895734853421413,70.0,4.9999645000271675,0.28522899199487056,3.643955639799404,4.901057306785912,0.21832010554742487,0.19604229227169925
24.915734853421412,24.915734853421412,70.0,4.999964500030957,0.2852289919948747,3.6439557022696336,4.901057863908859,0.2183201303507194,0.19604231455597915
24.935734853421412,24.935734853421412,70.0,4.999964500034754,0.28522899199545954,3.643955764739151,4.9010584210182735,0.2183201551671159,0.1960423368410045
24.95573485342141,24.95573485342141,70.0,4.999964500038545,0.2852289919958628,3.6439558272115815,4.901058978161833,0.21832017999844044,0.19604235912676177
24.97573485342141,24.97573485342141,70.0,4.999964500042339,0.2852289919960472,3.6439558896823367,4.901059535282907,0.21832020480945102,0.19604238141158647
24.99573485342141,24.99573485342141,70.0,4.999964500046134,0.28522899199618007,3.643955952153943,4.901060092405729,0.21832022961076714,0.19604240369525933
25.015734853421407,25.015734853421407,70.0,4.999964500049929,0.2852289919967206,3.643956014622514,4.9010606494974995,0.21832025442814862,0.19604242598019184
25.03573485342141,25.03573485342141,70.0,4.999964500053722,0.28522899199673074,3.6439560770971466,4.901061206643283,0.2183202792589003,0.19604244826537667
25.055734853421406,25.055734853421406,70.0,4.999964500057515,0.2852289919969767,3.643956139567535,4.9010617637612865,0.21832030407755987,0.196042470550757
25.07573485342141,25.07573485342141,70.0,4.999964500061309,0.2852289919972292,3.643956202040792,4.901062320896552,0.21832032889252107,0.1960424928355062
25.095734853421405,25.095734853421405,70.0,4.9999645000651,0.2852289919970547,3.6439562645104298,4.901062877996784,0.2183203537021252,0.19604251512011478
25.115734853421404,25.115734853421404,70.0,4.999964500068897,0.28522899199776464,3.643956326983247,4.901063435133137,0.21832037853253405,0.19604253740562003
25.135734853421404,25.135734853421404,70.0,4.999964500072688,0.28522899199818197,3.6439563894549702,4.901063992248739,0.21832040332976188,0.1960425596890215
25.155734853421404,25.155734853421404,70.0,4.999964500076478,0.2852289919981655,3.643956451922347,4.9010645493185585,0.21832042814488073,0.19604258197363758
25.175734853421403,25.175734853421403,70.0,4.999964500080277,0.28522899199821117,3.6439565143998327,4.901065106506672,0.21832045299670266,0.1960426042599655
25.195734853421403,25.195734853421403,70.0,4.99996450008407,0.2852289919983002,3.6439565768669615,4.901065663564235,0.21832047777384522,0.196042626542809
25.2157348534214,25.2157348534214,70.0,4.999964500087862,0.2852289919991557,3.6439566393419365,4.901066220717001,0.21832050260684577,0.1960426488277699
25.2357348534214,25.2357348534214,70.0,4.999964500091655,0.28522899199871804,3.6439567018108785,4.901066777795472,0.21832052741271424,0.19604267111207335
25.255734853421398,25.255734853421398,70.0,4.999964500095449,0.2852289919992336,3.643956764284517,4.901067334929223,0.21832055225505043,0.19604269339805913
25.275734853421397,25.275734853421397,70.0,4.999964500099244,0.2852289919993986,3.6439568267592124,4.901067892070341,0.21832057705948316,0.1960427156818451
25.2957348534214,25.2957348534214,70.0,4.999964500103036,0.28522899200009677,3.6439568892261027,4.901068449127114,0.2183206018535797,0.19604273796535318
25.315734853421397,25.315734853421397,70.0,4.999964500106833,0.28522899199981266,3.6439569517000536,4.90106900626166,0.21832062669593455,0.196042760250759
25.335734853421396,25.335734853421396,70.0,4.999964500110622,0.28522899200069046,3.643957014172381,4.901069563384429,0.21832065150872637,0.1960427825350625
25.355734853421396,25.355734853421396,70.0,4.999964500114413,0.285228992000505,3.6439570766418634,4.901070120458211,0.2183206763168295,0.19604280481921765
25.375734853421395,25.375734853421395,70.0,4.9999645001182085,0.28522899200080903,3.643957139116391,4.901070677602138,0.21832070114517466,0.1960428271037554
25.395734853421395,25.395734853421395,70.0,4.999964500122001,0.2852289920011981,3.6439572015851067,4.901071234672217,0.21832072592826934,0.19604284938594713
25.415734853421394,25.415734853421394,70.0,4.999964500125795,0.28522899200112284,3.6439572640561635,4.90107179176762,0.21832075075505442,0.19604287167034526
25.43573485342139,25.43573485342139,70.0,4.99996450012959,0.28522899200174173,3.643957326529177,4.901072348891607,0.21832077559481444,0.19604289395598792
25.45573485342139,25.45573485342139,70.0,4.9999645001333795,0.28522899200147855,3.6439573890007675,4.901072905991936,0.21832080041103552,0.19604291624055148
25.47573485342139,25.47573485342139,70.0,4.999964500137173,0.2852289920022346,3.643957451474938,4.9010734631234225,0.21832082522512541,0.19604293852458402
25.49573485342139,25.49573485342139,70.0,4.999964500140969,0.28522899200236584,3.643957513942115,4.901074020170509,0.21832085000559154,0.19604296080646655
25.51573485342139,25.51573485342139,70.0,4.999964500144763,0.28522899200249174,3.643957576413911,4.901074577264324,0.21832087484050833,0.19604298309085366
25.53573485342139,25.53573485342139,70.0,4.999964500148554,0.28522899200238455,3.6439576388882178,4.90107513439822,0.21832089968025414,0.19604300537622318
25.555734853421384,25.555734853421384,70.0,4.999964500152348,0.2852289920022764,3.643957701358709,4.901075691473402,0.21832092446723905,0.19604302765854387
25.575734853421388,25.575734853421388,70.0,4.999964500156142,0.285228992003426,3.6439577638275003,4.901076248538669,0.21832094927906764,0.19604304994179222
25.595734853421384,25.595734853421384,70.0,4.999964500159934,0.28522899200281926,3.6439578263007064,4.901076805654499,0.21832097410184748,0.19604307222522624
25.615734853421387,25.615734853421387,70.0,4.999964500163724,0.2852289920034178,3.6439578887653568,4.901077362680403,0.21832099889681622,0.19604309450751767
25.635734853421383,25.635734853421383,70.0,4.9999645001675175,0.2852289920040785,3.6439579512420437,4.901077919828774,0.218321023766193,0.19604311679406494
25.655734853421382,25.655734853421382,70.0,4.999964500171315,0.2852289920041668,3.6439580137112073,4.901078476892034,0.21832104853422019,0.19604313907470952
25.675734853421382,25.675734853421382,70.0,4.999964500175105,0.2852289920042298,3.6439580761750507,4.90107903389865,0.21832107333588535,0.1960431613568174
25.69573485342138,25.69573485342138,70.0,4.9999645001788995,0.28522899200447716,3.6439581386495705,4.901079591028062,0.21832109817778544,0.1960431836401807
25.71573485342138,25.71573485342138,70.0,4.999964500182692,0.28522899200493557,3.6439582011132154,4.90108014803872,0.2183211229672839,0.1960432059218655
25.73573485342138,25.73573485342138,70.0,4.999964500186484,0.28522899200503576,3.643958263584352,4.9010807051241105,0.21832114779587775,0.19604322820460873
25.755734853421377,25.755734853421377,70.0,4.999964500190279,0.2852289920047984,3.6439583260505866,4.901081262149572,0.2183211726041363,0.1960432504868384
25.775734853421376,25.775734853421376,70.0,4.999964500194071,0.28522899200553214,3.643958388517591,4.901081819206269,0.2183211974124113,0.19604327276790925
25.79573485342138,25.79573485342138,70.0,4.999964500197863,0.28522899200545626,3.6439584509800658,4.901082376192357,0.21832122219599315,0.19604329504733303
25.815734853421375,25.815734853421375,70.0,4.9999645002016555,0.28522899200546104,3.6439585134437658,4.901082933213691,0.21832124702487388,0.1960433173288394
25.83573485342138,25.83573485342138,70.0,4.999964500205447,0.28522899200632923,3.643958575906177,4.901083490208847,0.21832127182829808,0.1960433396085924
25.855734853421374,25.855734853421374,70.0,4.9999645002092405,0.2852289920064836,3.643958638367198,4.9010840471964725,0.21832129662014976,0.19604336188687865
25.875734853421374,25.875734853421374,70.0,4.999964500213035,0.2852289920067352,3.6439587008214347,4.901084604112374,0.2183213214183941,0.19604338416534206
25.895734853421374,25.895734853421374,70.0,4.999964500216822,0.285228992006976,3.6439587632809536,4.901085161092575,0.21832134622833488,0.19604340644272847
25.915734853421373,25.915734853421373,70.0,4.999964500220614,0.2852289920071248,3.643958825729288,4.901085717954454,0.218321371012153,0.1960434287190478
25.935734853421373,25.935734853421373,70.0,4.999964500224407,0.28522899200730084,3.643958888182812,4.901086274880449,0.2183213958226804,0.1960434509948624
25.955734853421372,25.955734853421372,70.0,4.999964500228197,0.28522899200823526,3.643958950623718,4.901086831669744,0.21832142057271975,0.1960434732664078
25.97573485342137,25.97573485342137,70.0,4.9999645002319895,0.28522899200774576,3.6439590130632458,4.901087388458731,0.21832144537046538,0.19604349553864775
25.995734853421368,25.995734853421368,70.0,4.999964500235781,0.28522899200835616,3.6439590755005073,4.901087945227903,0.21832147016291925,0.19604351780934653
26.015734853421367,26.015734853421367,70.0,4.999964500239574,0.28522899200827934,3.6439591379284413,4.9010885019055515,0.2183214949138632,0.19604354007584296
26.035734853421367,26.035734853421367,70.0,4.999964500243362,0.28522899200882573,3.6439592003464396,4.90108905849975,0.2183215196640873,0.19604356233964898
26.055734853421367,26.055734853421367,70.0,4.999964500247153,0.2852289920088735,3.643959262759347,4.901089615041214,0.2183215444321558,0.19604358460188784
26.075734853421366,26.075734853421366,70.0,4.999964500250938,0.28522899200868496,3.6439593251611857,4.9010901714978985,0.21832156917333512,0.19604360685959163
26.095734853421362,26.095734853421362,70.0,4.999964500254728,0.28522899200960805,3.6439593875478855,4.90109072780386,0.21832159389071926,0.19604362911245388
26.115734853421365,26.115734853421365,70.0,4.999964500258516,0.2852289920093741,3.643959449925346,4.901091284027687,0.21832161861849375,0.19604365136132507
26.13573485342136,26.13573485342136,70.0,4.999964500262298,0.2852289920100422,3.6439595122818416,4.901091840067427,0.21832164329556702,0.196043673602304
26.155734853421365,26.155734853421365,70.0,4.9999645002660875,0.2852289920102031,3.643959574618352,4.901092395926359,0.21832166797113972,0.1960436958372762
26.17573485342136,26.17573485342136,70.0,4.999964500269871,0.28522899201036983,3.643959636935998,4.901092951611093,0.21832169262684786,0.19604371806400311
26.19573485342136,26.19573485342136,70.0,4.999964500273653,0.2852289920105137,3.643959699224697,4.901093507050614,0.21832171725071214,0.1960437402815647
26.21573485342136,26.21573485342136,70.0,4.999964500277434,0.2852289920109592,3.6439597614826256,4.901094062192982,0.21832174184656328,0.19604376248842958
26.23573485342136,26.23573485342136,70.0,4.999964500281213,0.28522899201103213,3.643959823706103,4.901094617053991,0.21832176640266265,0.1960437846815884
26.25573485342136,26.25573485342136,70.0,4.999964500284986,0.2852289920113034,3.643959885884355,4.901095171482427,0.21832179091273707,0.19604380686041759
26.27573485342136,26.27573485342136,70.0,4.999964500288761,0.2852289920112027,3.64395994801659,4.901095725531043,0.2183218153721489,0.1960438290204764
26.295734853421358,26.295734853421358,70.0,4.999964500292525,0.2852289920112852,3.6439600100864054,4.901096278988741,0.218321839755383,0.19604385115980763
26.315734853421354,26.315734853421354,70.0,4.999964500296292,0.2852289920115293,3.643960072094584,4.90109683192283,0.21832186411798649,0.1960438732776081
26.335734853421357,26.335734853421357,70.0,4.999964500300053,0.28522899201191604,3.6439601340228087,4.901097384136038,0.2183218883485507,0.19604389536460282
26.355734853421353,26.355734853421353,70.0,4.999964500303804,0.28522899201182483,3.643960195858324,4.901097935506423,0.2183219125073208,0.19604391742084276
26.375734853421356,26.375734853421356,70.0,4.999964500307556,0.28522899201229757,3.6439602575955004,4.90109848602434,0.21832193658192045,0.19604393944037452
26.395734853421352,26.395734853421352,70.0,4.999964500311297,0.2852289920125619,3.6439603192039183,4.901099035363609,0.21832196048589436,0.1960439614143803
26.415734853421352,26.415734853421352,70.0,4.999964500315031,0.28522899201298624,3.643960380674927,4.901099583502059,0.21832198428783878,0.1960439833395607
26.43573485342135,26.43573485342135,70.0,4.999964500318752,0.2852289920128423,3.643960441983854,4.9011001301778245,0.21832200792222922,0.1960440052070308
26.45573485342135,26.45573485342135,70.0,4.9999645003224655,0.28522899201277013,3.643960503103939,4.901100675182336,0.21832203136664363,0.19604402700720733
26.47573485342135,26.47573485342135,70.0,4.999964500326161,0.28522899201244606,3.6439605640091255,4.901101218262468,0.21832205459970133,0.1960440487304169
26.49573485342135,26.49573485342135,70.0,4.9999645003298445,0.2852289920130126,3.643960624668298,4.901101759148031,0.21832207758854816,0.19604407036493673
26.515734853421346,26.515734853421346,70.0,4.999964500333511,0.2852289920133181,3.64396068504213,4.901102297484733,0.21832210032981036,0.19604409190078187
26.535734853421346,26.535734853421346,70.0,4.999964500337159,0.2852289920129015,3.64396074510144,4.901102833034527,0.2183221227476042,0.1960441133193558
26.555734853421345,26.555734853421345,70.0,4.999964500340782,0.2852289920131984,3.6439608047828878,4.901103365181574,0.21832214480712286,0.19604413460801426
26.575734853421345,26.575734853421345,70.0,4.999964500344385,0.28522899201345553,3.6439608640674415,4.901103893814813,0.21832216657961112,0.19604415575361883
26.595734853421344,26.595734853421344,70.0,4.999964500347955,0.285228992013449,3.6439609228865524,4.901104418298705,0.2183221878719177,0.19604417673145996
26.615734853421344,26.615734853421344,70.0,4.999964500351498,0.2852289920132166,3.6439609811860834,4.901104938130763,0.21832220870262775,0.1960441975242794
26.63573485342134,26.63573485342134,70.0,4.9999645003550075,0.2852289920132453,3.643961038917665,4.901105452913688,0.2183222291129847,0.1960442181165157
26.655734853421343,26.655734853421343,70.0,4.999964500358476,0.2852289920132299,3.6439610960269184,4.901105962139425,0.21832224902782738,0.19604423848611935
26.67573485342134,26.67573485342134,70.0,4.9999645003619,0.2852289920131477,3.64396115245593,4.901106465303034,0.21832226840096602,0.19604425861165412
26.695734853421342,26.695734853421342,70.0,4.999964500365283,0.28522899201249774,3.643961208142451,4.901106961839818,0.2183222872252899,0.1960442784743099
26.71573485342134,26.71573485342134,70.0,4.999964500368623,0.2852289920121934,3.643961263054584,4.901107451485418,0.21832230555227028,0.1960442980584331
26.735734853421338,26.735734853421338,70.0,4.999964500371908,0.28522899201213975,3.6439613171299756,4.901107933644935,0.21832232329754753,0.19604431734466063
26.755734853421338,26.755734853421338,70.0,4.999964500375142,0.28522899201194707,3.6439613703438614,4.901108408136471,0.21832234058586897,0.1960443363248092
26.775734853421337,26.775734853421337,70.0,4.999964500378321,0.28522899201153856,3.643961422669236,4.901108874703841,0.21832235740545647,0.19604435498801182
26.795734853421337,26.795734853421337,70.0,4.999964500381444,0.28522899201119695,3.6439614740904607,4.901109333209649,0.21832237378015762,0.1960443733275025
26.815734853421336,26.815734853421336,70.0,4.99996450038451,0.28522899201108287,3.6439615245957993,4.901109783547778,0.2183223897557296,0.19604439134151666
26.835734853421336,26.835734853421336,70.0,4.99996450038753,0.2852289920106304,3.643961574203378,4.901110225879339,0.21832240542716663,0.19604440903414028
26.855734853421332,26.855734853421332,70.0,4.9999645003904885,0.28522899201045865,3.643961622920972,4.901110660270669,0.21832242079794373,0.19604442640939712
26.875734853421335,26.875734853421335,70.0,4.999964500393396,0.2852289920103698,3.643961670778992,4.901111087006143,0.21832243595157674,0.19604444347776287
26.89573485342133,26.89573485342133,70.0,4.999964500396255,0.28522899201037893,3.643961717806581,4.901111506324234,0.2183224509186381,0.19604446025063343
26.915734853421334,26.915734853421334,70.0,4.999964500399067,0.2852289920094261,3.64396176404892,4.901111918642716,0.21832246577672176,0.19604447674373704
26.93573485342133,26.93573485342133,70.0,4.999964500401829,0.2852289920094744,3.6439618095440403,4.901112324306929,0.21832248052062475,0.19604449297050125
26.95573485342133,26.95573485342133,70.0,4.999964500404547,0.2852289920090018,3.643961854327626,4.901112723609537,0.21832249512468893,0.19604450894202197
26.97573485342133,26.97573485342133,70.0,4.999964500407232,0.2852289920093622,3.6439618984487536,4.90111311701991,0.21832250969892986,0.19604452467889544
26.99573485342133,26.99573485342133,70.0,4.999964500409872,0.2852289920084484,3.643961941943589,4.90111350484452,0.21832252418234832,0.19604454019146164
27.01573485342133,27.01573485342133,70.0,4.99996450041248,0.28522899200888274,3.6439619848507587,4.901113887417498,0.21832253860588846,0.1960445554948
27.035734853421328,27.035734853421328,70.0,4.999964500415055,0.2852289920085067,3.6439620272067352,4.901114265080242,0.2183225529586461,0.1960445706000057
27.055734853421324,27.055734853421324,70.0,4.999964500417593,0.2852289920080915,3.6439620690400774,4.901114638084587,0.21832256726606225,0.1960445855214349
27.075734853421324,27.075734853421324,70.0,4.999964500420106,0.28522899200834556,3.643962110388782,4.901115006774028,0.21832258152213058,0.19604460026843357
27.095734853421323,27.095734853421323,70.0,4.999964500422588,0.2852289920082833,3.643962151275209,4.901115371321965,0.2183225957135888,0.19604461485151234
27.115734853421323,27.115734853421323,70.0,4.999964500425049,0.28522899200781315,3.6439621917308096,4.901115732047449,0.21832260985999463,0.19604462927998015
27.135734853421322,27.135734853421322,70.0,4.999964500427479,0.28522899200776264,3.643962231770093,4.901116089052419,0.21832262391890866,0.19604464356057297
27.155734853421322,27.155734853421322,70.0,4.999964500429888,0.2852289920075579,3.6439622714258424,4.901116442635081,0.2183226379447909,0.19604465770331306
27.175734853421318,27.175734853421318,70.0,4.999964500432275,0.28522899200741064,3.643962310711681,4.901116792921578,0.21832265190783362,0.19604467171483062
27.19573485342132,27.19573485342132,70.0,4.999964500434635,0.2852289920073203,3.6439623496521723,4.901117140125129,0.21832266584132665,0.19604468560381885
27.21573485342132,27.21573485342132,70.0,4.999964500436982,0.28522899200762397,3.643962388260039,4.901117484367348,0.21832267969441377,0.1960446993730461
27.23573485342132,27.23573485342132,70.0,4.999964500439311,0.2852289920077399,3.6439624265549577,4.901117825816967,0.21832269352038036,0.1960447130321022
27.25573485342132,27.25573485342132,70.0,4.999964500441619,0.28522899200764634,3.643962464553057,4.901118164619991,0.21832270726728087,0.19604472658231006
27.275734853421316,27.275734853421316,70.0,4.999964500443906,0.285228992007649,3.643962502260091,4.901118500813163,0.21832272097155192,0.19604474003215533
27.295734853421315,27.295734853421315,70.0,4.99996450044618,0.2852289920073808,3.6439625397045003,4.901118834692504,0.21832273466360652,0.1960447533864887
27.315734853421315,27.315734853421315,70.0,4.999964500448441,0.2852289920073792,3.643962576885574,4.901119166209431,0.2183227482601251,0.1960447666467143
27.335734853421314,27.335734853421314,70.0,4.999964500450682,0.2852289920076035,3.6439626138178176,4.901119495498547,0.21832276183561206,0.19604477982024937
27.355734853421314,27.355734853421314,70.0,4.999964500452909,0.28522899200749047,3.6439626505217095,4.901119822772247,0.21832277537845934,0.19604479290959542
27.375734853421314,27.375734853421314,70.0,4.999964500455126,0.2852289920077701,3.643962686989642,4.901120147922243,0.21832278882812384,0.1960448059163992
27.39573485342131,27.39573485342131,70.0,4.999964500457328,0.2852289920077599,3.643962723245892,4.901120471188521,0.2183228022695829,0.196044818846758
27.415734853421313,27.415734853421313,70.0,4.999964500459516,0.28522899200745605,3.6439627592931116,4.901120792589408,0.21832281566384015,0.19604483170315967
27.43573485342131,27.43573485342131,70.0,4.999964500461694,0.28522899200751967,3.643962795141701,4.901121112235391,0.218322829018887,0.19604484448859055
27.455734853421312,27.455734853421312,70.0,4.999964500463858,0.28522899200747964,3.64396283079362,4.901121430099037,0.2183228423074799,0.19604485720416504
27.475734853421308,27.475734853421308,70.0,4.999964500466013,0.28522899200768076,3.6439628662669765,4.901121746399433,0.2183228555872616,0.1960448698548595
27.495734853421308,27.495734853421308,70.0,4.999964500468156,0.28522899200731244,3.643962901556396,4.901122061040037,0.2183228688010419,0.19604488244164672
27.515734853421307,27.515734853421307,70.0,4.999964500470285,0.2852289920075742,3.6439629366800292,4.90112237421766,0.21832288199966765,0.19604489496795285
27.535734853421307,27.535734853421307,70.0,4.999964500472409,0.28522899200782653,3.6439629716339863,4.901122685860812,0.21832289512788616,0.19604490743387754
27.555734853421306,27.555734853421306,70.0,4.999964500474523,0.28522899200809065,3.6439630064294675,4.901122996116005,0.2183229082546263,0.19604491984476727
27.575734853421306,27.575734853421306,70.0,4.999964500476625,0.28522899200778534,3.6439630410734454,4.9011233050042735,0.21832292131510522,0.19604493219872687
27.595734853421302,27.595734853421302,70.0,4.999964500478722,0.2852289920085343,3.643963075561411,4.901123612487964,0.21832293433090522,0.19604494449926596
27.6157348534213,27.6157348534213,70.0,4.9999645004808055,0.2852289920075943,3.6439631099097527,4.901123918748297,0.21832294736704272,0.19604495675114766
27.6357348534213,27.6357348534213,70.0,4.999964500482882,0.28522899200820456,3.6439631441231213,4.901124223810409,0.21832296033539578,0.19604496895152485
27.6557348534213,27.6557348534213,70.0,4.999964500484952,0.28522899200810387,3.643963178190285,4.90112452754129,0.21832297322862004,0.19604498110195454
27.6757348534213,27.6757348534213,70.0,4.999964500487013,0.2852289920078562,3.6439632121331327,4.901124830190294,0.21832298612961853,0.1960449932061877
27.6957348534213,27.6957348534213,70.0,4.999964500489062,0.28522899200857404,3.643963245942278,4.901125131623064,0.21832299898837437,0.19604500526562443
27.7157348534213,27.7157348534213,70.0,4.999964500491112,0.2852289920084091,3.643963279636213,4.901125432052881,0.2183230118314512,0.19604501728076215
27.7357348534213,27.7357348534213,70.0,4.999964500493151,0.28522899200781704,3.6439633131997775,4.901125731294219,0.21832302459933706,0.1960450292515818
27.7557348534213,27.7557348534213,70.0,4.999964500495181,0.2852289920084209,3.6439633466528254,4.901126029568693,0.21832303737953795,0.1960450411820017
27.775734853421298,27.775734853421298,70.0,4.999964500497205,0.28522899200870294,3.643963379987529,4.901126326780888,0.21832305010118525,0.196045053070724
27.795734853421298,27.795734853421298,70.0,4.999964500499224,0.2852289920082399,3.643963413212138,4.901126623017101,0.218323062808921,0.19604506492053894
27.815734853421294,27.815734853421294,70.0,4.999964500501236,0.2852289920088186,3.6439634463287787,4.901126918279219,0.2183230754818939,0.19604507673149155
27.835734853421293,27.835734853421293,70.0,4.999964500503238,0.2852289920093274,3.6439634793403646,4.901127212618566,0.21832308812979884,0.1960450885050317
27.855734853421293,27.855734853421293,70.0,4.9999645005052376,0.28522899200901664,3.6439635122457843,4.901127506002147,0.21832310071327177,0.1960451002393369
27.875734853421292,27.875734853421292,70.0,4.999964500507227,0.28522899200917595,3.643963545049574,4.901127798473588,0.2183231132867296,0.19604511193851326
27.895734853421292,27.895734853421292,70.0,4.999964500509215,0.28522899200866925,3.643963577756625,4.90112809009277,0.2183231258605005,0.1960451236043683
27.91573485342129,27.91573485342129,70.0,4.999964500511195,0.2852289920089654,3.643963610367993,4.901128380862978,0.2183231383771269,0.19604513523400066
27.935734853421287,27.935734853421287,70.0,4.99996450051317,0.2852289920092498,3.64396364288247,4.90112867075043,0.2183231508554333,0.196045146829664
27.95573485342129,27.95573485342129,70.0,4.999964500515136,0.28522899200932617,3.6439636753084943,4.901128959855721,0.21832316334755886,0.19604515839490988
27.975734853421287,27.975734853421287,70.0,4.999964500517099,0.285228992009051,3.6439637076421567,4.9011292481552085,0.2183231757688473,0.19604516992500715
27.99573485342129,27.99573485342129,70.0,4.999964500519057,0.2852289920091567,3.643963739880523,4.901129535570024,0.2183231881537684,0.19604518142303204
28.015734853421286,28.015734853421286,70.0,4.999964500521009,0.2852289920099551,3.6439637720442835,4.901129822348468,0.21832320057970867,0.19604519289325895
28.035734853421285,28.035734853421285,70.0,4.999964500522959,0.285228992009928,3.643963804111799,4.901130108261665,0.21832321290618584,0.19604520432989042
28.055734853421285,28.055734853421285,70.0,4.999964500524898,0.28522899200991514,3.643963836099964,4.901130393464089,0.21832322525309644,0.19604521573882935
28.075734853421284,28.075734853421284,70.0,4.999964500526835,0.28522899200955987,3.64396386800657,4.901130677942866,0.21832323755683358,0.19604522711725422
28.095734853421284,28.095734853421284,70.0,4.99996450052877,0.2852289920097426,3.6439638998296284,4.901130961668009,0.218323249831887,0.19604523846703395
28.115734853421284,28.115734853421284,70.0,4.999964500530698,0.28522899200975405,3.6439639315774013,4.901131244729383,0.2183232620923281,0.19604524978862223
28.13573485342128,28.13573485342128,70.0,4.999964500532621,0.2852289920103044,3.6439639632408114,4.90113152703494,0.21832327429986043,0.19604526108095627
28.15573485342128,28.15573485342128,70.0,4.999964500534533,0.28522899200999324,3.643963994831059,4.9011318086974995,0.21832328652813837,0.1960452723484501
28.17573485342128,28.17573485342128,70.0,4.99996450053645,0.2852289920104314,3.6439640263487054,4.901132089702461,0.21832329871161527,0.1960452835879649
28.19573485342128,28.19573485342128,70.0,4.9999645005383595,0.2852289920099107,3.6439640577836414,4.901132369967272,0.21832331083089063,0.1960452947983111
28.21573485342128,28.21573485342128,70.0,4.999964500540265,0.28522899201077934,3.643964089150812,4.90113264963804,0.2183233229798618,0.196045305985163
28.235734853421278,28.235734853421278,70.0,4.999964500542163,0.2852289920105183,3.6439641204462174,4.901132928659114,0.21832333510083757,0.1960453171468883
28.255734853421277,28.255734853421277,70.0,4.999964500544058,0.285228992010704,3.643964151669903,4.901133207046959,0.21832334717839386,0.19604532828181598
28.275734853421277,28.275734853421277,70.0,4.999964500545949,0.2852289920110303,3.6439641828213336,4.901133484784278,0.21832335922387713,0.19604533939107088
28.295734853421276,28.295734853421276,70.0,4.999964500547836,0.2852289920106003,3.6439642139038826,4.901133761905336,0.21832337125816403,0.1960453504759737
28.315734853421276,28.315734853421276,70.0,4.999964500549718,0.285228992011332,3.643964244918979,4.901134038432269,0.21832338329072565,0.19604536153811303
28.335734853421275,28.335734853421275,70.0,4.999964500551599,0.2852289920104246,3.6439642758674147,4.901134314370777,0.21832339527671962,0.19604537257458604
28.35573485342127,28.35573485342127,70.0,4.99996450055347,0.2852289920105732,3.643964306745399,4.901134589668078,0.2183234072235094,0.19604538358641463
28.37573485342127,28.37573485342127,70.0,4.999964500555345,0.2852289920109507,3.6439643375570236,4.901134864378802,0.21832341917301257,0.19604539457574788
28.39573485342127,28.39573485342127,70.0,4.999964500557211,0.28522899201056,3.6439643683108045,4.901135138570707,0.21832343110768404,0.19604540554212072
28.41573485342127,28.41573485342127,70.0,4.999964500559074,0.2852289920108863,3.6439643989914736,4.901135412108327,0.21832344299117512,0.19604541648473459
28.43573485342127,28.43573485342127,70.0,4.999964500560933,0.2852289920108282,3.6439644296149027,4.901135685138352,0.21832345488901783,0.19604542740607678
28.45573485342127,28.45573485342127,70.0,4.999964500562789,0.28522899201128266,3.6439644601732,4.901135957598153,0.21832346674665049,0.19604543830444945
28.475734853421265,28.475734853421265,70.0,4.999964500564642,0.28522899201108454,3.6439644906655664,4.901136229457401,0.21832347854980227,0.19604544917800668
28.49573485342127,28.49573485342127,70.0,4.99996450056649,0.28522899201178836,3.6439645211004974,4.901136500799355,0.21832349036480592,0.1960454600311694
28.515734853421264,28.515734853421264,70.0,4.999964500568334,0.2852289920115607,3.643964551472083,4.901136771584015,0.2183235021814145,0.1960454708649924
28.535734853421268,28.535734853421268,70.0,4.999964500570172,0.28522899201189994,3.643964581789608,4.9011370419017375,0.2183235139437958,0.19604548167434374
28.555734853421264,28.555734853421264,70.0,4.99996450057201,0.2852289920117802,3.6439646120330926,4.901137311523694,0.2183235256494207,0.19604549246127037
28.575734853421263,28.575734853421263,70.0,4.9999645005738405,0.2852289920117857,3.643964642230615,4.901137580769727,0.21832353743478272,0.1960455032317221
28.595734853421263,28.595734853421263,70.0,4.999964500575667,0.28522899201249247,3.6439646723646506,4.901137849435121,0.21832354912105556,0.19604551397747177
28.615734853421262,28.615734853421262,70.0,4.999964500577496,0.28522899201185764,3.6439647024388924,4.901138117553429,0.21832356077650328,0.19604552470116857
28.635734853421262,28.635734853421262,70.0,4.999964500579319,0.2852289920120837,3.64396473245484,4.901138385164958,0.21832357244772993,0.19604553540632322
28.65573485342126,28.65573485342126,70.0,4.999964500581135,0.28522899201188634,3.643964762416678,4.9011386522996885,0.21832358412054553,0.19604554609281782
28.67573485342126,28.67573485342126,70.0,4.999964500582952,0.2852289920118934,3.6439647923219365,4.901138918937706,0.21832359573512905,0.19604555675682356
28.695734853421257,28.695734853421257,70.0,4.999964500584763,0.2852289920120408,3.6439648221630985,4.901139184978606,0.2183236072974668,0.19604556739863788
28.71573485342126,28.71573485342126,70.0,4.999964500586574,0.2852289920123579,3.643964851953862,4.9011394505786345,0.21832361890860152,0.19604557802387398
28.735734853421256,28.735734853421256,70.0,4.999964500588378,0.28522899201149243,3.6439648816918155,4.9011397157153205,0.21832363047440095,0.19604558862793564
28.75573485342126,28.75573485342126,70.0,4.99996450059018,0.28522899201266194,3.6439649113689034,4.90113998029515,0.2183236420165251,0.19604559921329537
28.775734853421255,28.775734853421255,70.0,4.999964500591981,0.285228992012207,3.6439649409976447,4.901140244467912,0.21832365354860261,0.19604560977856486
28.795734853421255,28.795734853421255,70.0,4.999964500593772,0.2852289920125504,3.6439649705613317,4.901140508040988,0.21832366500606337,0.1960456203215222
28.815734853421255,28.815734853421255,70.0,4.999964500595566,0.28522899201305657,3.64396500007787,4.901140771196364,0.21832367650968987,0.19604563084824056
28.835734853421254,28.835734853421254,70.0,4.999964500597353,0.28522899201298973,3.643965029540961,4.9011410338775425,0.21832368796889856,0.19604564135458752
28.855734853421254,28.855734853421254,70.0,4.99996450059914,0.28522899201329804,3.643965058946108,4.901141296042992,0.218323699396902,0.19604565184147058
28.875734853421253,28.875734853421253,70.0,4.999964500600922,0.2852289920130524,3.6439650883007615,4.901141557756588,0.218323710831827,0.19604566231073295
28.89573485342125,28.89573485342125,70.0,4.999964500602701,0.2852289920123304,3.6439651176036465,4.9011418190116265,0.2183237222339427,0.19604567276030696
28.91573485342125,28.91573485342125,70.0,4.999964500604479,0.28522899201337104,3.643965146852056,4.901142079764065,0.21832373359994106,0.19604568319022211
28.93573485342125,28.93573485342125,70.0,4.99996450060625,0.2852289920129723,3.6439651760485834,4.901142340072124,0.2183237449651343,0.19604569360228655
28.955734853421248,28.955734853421248,70.0,4.99996450060802,0.28522899201323804,3.6439652051922606,4.901142599900045,0.21832375631263545,0.1960457039962667
28.975734853421248,28.975734853421248,70.0,4.999964500609784,0.2852289920132064,3.643965234283857,4.9011428592710224,0.21832376764475425,0.19604571437181947
28.995734853421247,28.995734853421247,70.0,4.999964500611548,0.28522899201347496,3.643965263327109,4.901143118216603,0.21832377894314758,0.19604572472780302
29.015734853421243,29.015734853421243,70.0,4.9999645006133075,0.28522899201332014,3.643965292311376,4.901143376608114,0.21832379019282655,0.1960457350639714
29.035734853421246,29.035734853421246,70.0,4.9999645006150635,0.28522899201365026,3.643965321251526,4.901143634630591,0.21832380149791186,0.19604574538588282
29.055734853421242,29.055734853421242,70.0,4.999964500616821,0.28522899201419555,3.6439653501396423,4.9011438921916115,0.21832381273816637,0.19604575568736807
29.075734853421245,29.075734853421245,70.0,4.999964500618567,0.2852289920132067,3.6439653789719455,4.901144149241002,0.2183238239405494,0.19604576596962492
29.09573485342124,29.09573485342124,70.0,4.999964500620317,0.28522899201444213,3.6439654077599544,4.9011444058933336,0.21832383515719345,0.1960457762351249
29.11573485342124,29.11573485342124,70.0,4.9999645006220605,0.28522899201386237,3.6439654364925365,4.901144662064124,0.21832384635019464,0.1960457864832207
29.13573485342124,29.13573485342124,70.0,4.999964500623804,0.28522899201373436,3.643965465180892,4.901144917833599,0.21832385752054861,0.1960457967126115
29.15573485342124,29.15573485342124,70.0,4.9999645006255395,0.28522899201415153,3.6439654938125003,4.901145173094537,0.21832386865887443,0.19604580692414508
29.17573485342124,29.17573485342124,70.0,4.999964500627274,0.28522899201449203,3.6439655223982754,4.901145427948592,0.21832387979515833,0.19604581711797864
29.19573485342124,29.19573485342124,70.0,4.999964500629005,0.2852289920146748,3.643965550933022,4.901145682349862,0.21832389090829762,0.196045827294281
29.21573485342124,29.21573485342124,70.0,4.999964500630739,0.2852289920141143,3.6439655794185986,4.90114593630664,0.21832390200010776,0.1960458374526926
29.235734853421235,29.235734853421235,70.0,4.999964500632464,0.2852289920144913,3.643965607856175,4.901146189849916,0.2183239130787804,0.19604584759387952
29.255734853421238,29.255734853421238,70.0,4.999964500634189,0.2852289920148063,3.6439656362400443,4.901146442898411,0.21832392411764623,0.19604585771644345
29.275734853421234,29.275734853421234,70.0,4.999964500635909,0.2852289920147009,3.6439656645804135,4.901146695564656,0.21832393516317783,0.19604586782234892
29.295734853421237,29.295734853421237,70.0,4.999964500637621,0.28522899201491764,3.6439656928676327,4.90114694775167,0.21832394615620299,0.1960458779090159
29.315734853421233,29.315734853421233,70.0,4.999964500639337,0.2852289920146877,3.643965721104582,4.901147199505532,0.21832395717724973,0.1960458879814636
29.335734853421233,29.335734853421233,70.0,4.999964500641049,0.28522899201451624,3.6439657493008113,4.901147450889716,0.21832396818047828,0.19604589803638958
29.355734853421232,29.355734853421232,70.0,4.999964500642758,0.28522899201489316,3.6439657774425216,4.901147701777478,0.2183239790929914,0.196045908069648
29.375734853421232,29.375734853421232,70.0,4.999964500644465,0.28522899201530666,3.6439658055324293,4.901147952194684,0.21832399003283198,0.1960459180883527
29.39573485342123,29.39573485342123,70.0,4.9999645006461675,0.2852289920153491,3.6439658335826137,4.901148202285694,0.21832400099831473,0.1960459280920241
29.41573485342123,29.41573485342123,70.0,4.999964500647867,0.2852289920151839,3.64396586157817,4.901148451877958,0.21832401186843997,0.1960459380744556
29.435734853421227,29.435734853421227,70.0,4.999964500649565,0.2852289920158701,3.6439658895228297,4.901148701002448,0.21832402273503781,0.19604594803999864
29.455734853421227,29.455734853421227,70.0,4.999964500651257,0.2852289920146377,3.643965917427075,4.901148949788623,0.21832403364224762,0.19604595799190608
29.475734853421226,29.475734853421226,70.0,4.99996450065295,0.2852289920157412,3.6439659452806237,4.901149198114421,0.21832404447574305,0.19604596792408618
29.495734853421226,29.495734853421226,70.0,4.999964500654637,0.28522899201613855,3.64396597308294,4.901149445968594,0.21832405528530252,0.196045977838595
29.515734853421225,29.515734853421225,70.0,4.99996450065632,0.28522899201562457,3.6439660008398866,4.901149693438154,0.2183240661190271,0.1960459877382906
29.535734853421225,29.535734853421225,70.0,4.999964500658002,0.28522899201543483,3.64396602855045,4.901149940492773,0.21832407690813582,0.19604599761945443
29.55573485342122,29.55573485342122,70.0,4.999964500659684,0.28522899201633195,3.6439660562089626,4.9011501870716785,0.21832408766851819,0.1960460074833627
29.575734853421224,29.575734853421224,70.0,4.999964500661357,0.2852289920159465,3.6439660838240164,4.901150433268975,0.21832409843691014,0.1960460173313152
29.59573485342122,29.59573485342122,70.0,4.999964500663032,0.2852289920152923,3.643966111390282,4.901150679036773,0.21832410916060185,0.19604602716085026
29.615734853421223,29.615734853421223,70.0,4.999964500664701,0.28522899201532104,3.6439661389044087,4.9011509243198095,0.21832411985589095,0.1960460369727722
29.635734853421223,29.635734853421223,70.0,4.99996450066637,0.28522899201598206,3.64396616637802,4.901151169258323,0.21832413058790623,0.19604604677077922
29.65573485342122,29.65573485342122,70.0,4.999964500668036,0.2852289920163399,3.643966193798863,4.901151413715944,0.21832414124043975,0.19604605654834867
29.67573485342122,29.67573485342122,70.0,4.999964500669697,0.2852289920154795,3.6439662211751394,4.901151657792155,0.21832415191163923,0.1960460663111906
29.695734853421218,29.695734853421218,70.0,4.999964500671354,0.28522899201581936,3.643966248501914,4.9011519014121685,0.2183241625463177,0.19604607605637658
29.715734853421218,29.715734853421218,70.0,4.999964500673013,0.28522899201636503,3.6439662757834927,4.901152144634282,0.2183241731874137,0.1960460857861481
29.735734853421217,29.735734853421217,70.0,4.999964500674664,0.2852289920163533,3.643966303016787,4.901152387433509,0.21832418378270235,0.19604609549717336
29.755734853421217,29.755734853421217,70.0,4.999964500676315,0.2852289920162945,3.6439663301991865,4.901152629766998,0.21832419435799766,0.19604610519136043
29.775734853421213,29.775734853421213,70.0,4.999964500677964,0.28522899201679724,3.6439663573404224,4.901152871740399,0.21832420493450178,0.19604611486917972
29.795734853421216,29.795734853421216,70.0,4.9999645006796065,0.2852289920166842,3.6439663844300463,4.901153113239683,0.21832421546659253,0.19604612452927014
29.815734853421212,29.815734853421212,70.0,4.9999645006812505,0.2852289920166669,3.6439664114719705,4.90115335432896,0.21832422601082824,0.1960461341741515
29.835734853421215,29.835734853421215,70.0,4.999964500682891,0.28522899201676205,3.643966438472396,4.901153595049857,0.21832423652473443,0.1960461438011405
29.85573485342121,29.85573485342121,70.0,4.999964500684526,0.285228992017304,3.6439664654150232,4.901153835232856,0.2183242469831086,0.19604615340965484
29.87573485342121,29.87573485342121,70.0,4.999964500686157,0.28522899201613233,3.643966492318879,4.9011540750998375,0.21832425749004214,0.19604616300428324
29.89573485342121,29.89573485342121,70.0,4.999964500687788,0.28522899201689517,3.6439665191752617,4.901154314521124,0.21832426793469262,0.19604617258032178
29.91573485342121,29.91573485342121,70.0,4.9999645006894164,0.2852289920172164,3.6439665459788246,4.901154553477836,0.21832427835435508,0.1960461821390809
29.93573485342121,29.93573485342121,70.0,4.999964500691042,0.28522899201757623,3.6439665727395156,4.901154792060366,0.21832428878439547,0.19604619168220488
29.95573485342121,29.95573485342121,70.0,4.999964500692659,0.28522899201752827,3.643966599451354,4.901155030190242,0.21832429918356855,0.19604620120832647
29.975734853421205,29.975734853421205,70.0,4.999964500694281,0.28522899201702445,3.6439666261190164,4.901155267954623,0.21832430956051896,0.19604621071678985
29.995734853421204,29.995734853421204,70.0,4.999964500695896,0.28522899201774154,3.643966652730733,4.90115550518351,0.2183243198924396,0.19604622020751955
30.0,30.0,70.0,4.999964500696239,0.28522899201800805,3.6439666584025514,4.901155555744584,0.21832432210516117,0.19604622222941526
