ISO-10303-21;
HEADER;
FILE_DESCRIPTION(('FreeCAD Model'),'2;1');
FILE_NAME('Open CASCADE Shape Model','2026-09-21T16:50:55',(''),(''),
  'Open CASCADE STEP processor 7.8','FreeCAD','Unknown');
FILE_SCHEMA(('AUTOMOTIVE_DESIGN { 1 0 10303 214 1 1 1 1 }'));
ENDSEC;
DATA;
#1 = APPLICATION_PROTOCOL_DEFINITION('international standard',
  'automotive_design',2000,#2);
#2 = APPLICATION_CONTEXT(
  'core data for automotive mechanical design processes');
#3 = SHAPE_DEFINITION_REPRESENTATION(#4,#10);
#4 = PRODUCT_DEFINITION_SHAPE('','',#5);
#5 = PRODUCT_DEFINITION('design','',#6,#9);
#6 = PRODUCT_DEFINITION_FORMATION('','',#7);
#7 = PRODUCT('RAD_DY_KY_3','RAD_DY_KY_3','',(#8));
#8 = PRODUCT_CONTEXT('',#2,'mechanical');
#9 = PRODUCT_DEFINITION_CONTEXT('part definition',#2,'design');
#10 = SHAPE_REPRESENTATION('',(#11,#15,#19),#23);
#11 = AXIS2_PLACEMENT_3D('',#12,#13,#14);
#12 = CARTESIAN_POINT('',(0.,0.,0.));
#13 = DIRECTION('',(0.,0.,1.));
#14 = DIRECTION('',(1.,0.,-0.));
#15 = AXIS2_PLACEMENT_3D('',#16,#17,#18);
#16 = CARTESIAN_POINT('',(0.,0.,0.));
#17 = DIRECTION('',(0.,0.,1.));
#18 = DIRECTION('',(1.,0.,0.));
#19 = AXIS2_PLACEMENT_3D('',#20,#21,#22);
#20 = CARTESIAN_POINT('',(0.,0.,0.));
#21 = DIRECTION('',(0.,0.,1.));
#22 = DIRECTION('',(1.,0.,0.));
#23 = ( GEOMETRIC_REPRESENTATION_CONTEXT(3) 
GLOBAL_UNCERTAINTY_ASSIGNED_CONTEXT((#27)) GLOBAL_UNIT_ASSIGNED_CONTEXT(
(#24,#25,#26)) REPRESENTATION_CONTEXT('Context #1',
  '3D Context with UNIT and UNCERTAINTY') );
#24 = ( LENGTH_UNIT() NAMED_UNIT(*) SI_UNIT(.MILLI.,.METRE.) );
#25 = ( NAMED_UNIT(*) PLANE_ANGLE_UNIT() SI_UNIT($,.RADIAN.) );
#26 = ( NAMED_UNIT(*) SI_UNIT($,.STERADIAN.) SOLID_ANGLE_UNIT() );
#27 = UNCERTAINTY_MEASURE_WITH_UNIT(LENGTH_MEASURE(1.E-07),#24,
  'distance_accuracy_value','confusion accuracy');
#28 = PRODUCT_RELATED_PRODUCT_CATEGORY('part',$,(#7));
#29 = SHAPE_DEFINITION_REPRESENTATION(#30,#36);
#30 = PRODUCT_DEFINITION_SHAPE('','',#31);
#31 = PRODUCT_DEFINITION('design','',#32,#35);
#32 = PRODUCT_DEFINITION_FORMATION('','',#33);
#33 = PRODUCT('Heatsink','Heatsink','',(#34));
#34 = PRODUCT_CONTEXT('',#2,'mechanical');
#35 = PRODUCT_DEFINITION_CONTEXT('part definition',#2,'design');
#36 = ADVANCED_BREP_SHAPE_REPRESENTATION('',(#11,#37),#3272);
#37 = MANIFOLD_SOLID_BREP('',#38);
#38 = CLOSED_SHELL('',(#39,#79,#868,#893,#917,#1691,#1713,#1730,#1747,
    #1764,#1781,#1798,#1815,#1832,#1849,#1866,#1883,#1900,#1917,#1934,
    #1951,#1968,#1985,#2002,#2019,#2036,#2053,#2070,#2087,#2104,#2121,
    #2138,#2155,#2172,#2189,#2206,#2223,#2240,#2257,#2285,#2302,#2319,
    #2336,#2353,#2370,#2387,#2404,#2421,#2438,#2455,#2472,#2489,#2506,
    #2523,#2540,#2557,#2574,#2591,#2608,#2625,#2642,#2659,#2676,#2693,
    #2721,#2738,#2755,#2772,#2789,#2806,#2823,#2840,#2857,#2874,#2891,
    #2908,#2925,#2942,#2959,#2976,#2993,#3010,#3022,#3039,#3056,#3073,
    #3090,#3107,#3124,#3141,#3158,#3175,#3192,#3209,#3221,#3238,#3255));
#39 = ADVANCED_FACE('',(#40),#74,.T.);
#40 = FACE_BOUND('',#41,.T.);
#41 = EDGE_LOOP('',(#42,#52,#60,#68));
#42 = ORIENTED_EDGE('',*,*,#43,.F.);
#43 = EDGE_CURVE('',#44,#46,#48,.T.);
#44 = VERTEX_POINT('',#45);
#45 = CARTESIAN_POINT('',(7.6,4.,30.));
#46 = VERTEX_POINT('',#47);
#47 = CARTESIAN_POINT('',(7.6,12.1,30.));
#48 = LINE('',#49,#50);
#49 = CARTESIAN_POINT('',(7.6,4.,30.));
#50 = VECTOR('',#51,1.);
#51 = DIRECTION('',(-0.,1.,0.));
#52 = ORIENTED_EDGE('',*,*,#53,.F.);
#53 = EDGE_CURVE('',#54,#44,#56,.T.);
#54 = VERTEX_POINT('',#55);
#55 = CARTESIAN_POINT('',(7.6,4.,0.));
#56 = LINE('',#57,#58);
#57 = CARTESIAN_POINT('',(7.6,4.,0.));
#58 = VECTOR('',#59,1.);
#59 = DIRECTION('',(0.,0.,1.));
#60 = ORIENTED_EDGE('',*,*,#61,.T.);
#61 = EDGE_CURVE('',#54,#62,#64,.T.);
#62 = VERTEX_POINT('',#63);
#63 = CARTESIAN_POINT('',(7.6,12.1,0.));
#64 = LINE('',#65,#66);
#65 = CARTESIAN_POINT('',(7.6,4.,0.));
#66 = VECTOR('',#67,1.);
#67 = DIRECTION('',(-0.,1.,0.));
#68 = ORIENTED_EDGE('',*,*,#69,.T.);
#69 = EDGE_CURVE('',#62,#46,#70,.T.);
#70 = LINE('',#71,#72);
#71 = CARTESIAN_POINT('',(7.6,12.1,0.));
#72 = VECTOR('',#73,1.);
#73 = DIRECTION('',(0.,0.,1.));
#74 = PLANE('',#75);
#75 = AXIS2_PLACEMENT_3D('',#76,#77,#78);
#76 = CARTESIAN_POINT('',(7.6,4.,0.));
#77 = DIRECTION('',(1.,0.,-0.));
#78 = DIRECTION('',(0.,0.,1.));
#79 = ADVANCED_FACE('',(#80,#841,#852),#863,.T.);
#80 = FACE_BOUND('',#81,.T.);
#81 = EDGE_LOOP('',(#82,#92,#101,#109,#118,#126,#134,#142,#151,#159,#168
    ,#176,#184,#192,#201,#209,#218,#226,#234,#242,#251,#259,#268,#276,
    #284,#292,#301,#309,#318,#326,#334,#342,#351,#359,#368,#376,#385,
    #393,#402,#410,#418,#426,#435,#443,#452,#460,#468,#476,#485,#493,
    #502,#510,#516,#517,#526,#534,#543,#551,#559,#567,#576,#584,#593,
    #601,#609,#617,#626,#634,#643,#651,#659,#667,#676,#684,#693,#701,
    #709,#717,#726,#734,#743,#751,#759,#767,#776,#784,#793,#801,#809,
    #817,#826,#834));
#82 = ORIENTED_EDGE('',*,*,#83,.F.);
#83 = EDGE_CURVE('',#84,#86,#88,.T.);
#84 = VERTEX_POINT('',#85);
#85 = CARTESIAN_POINT('',(-20.,-6.9,30.));
#86 = VERTEX_POINT('',#87);
#87 = CARTESIAN_POINT('',(-20.,12.1,30.));
#88 = LINE('',#89,#90);
#89 = CARTESIAN_POINT('',(-20.,-7.4,30.));
#90 = VECTOR('',#91,1.);
#91 = DIRECTION('',(-0.,1.,0.));
#92 = ORIENTED_EDGE('',*,*,#93,.T.);
#93 = EDGE_CURVE('',#84,#94,#96,.T.);
#94 = VERTEX_POINT('',#95);
#95 = CARTESIAN_POINT('',(-19.5,-7.4,30.));
#96 = CIRCLE('',#97,0.5);
#97 = AXIS2_PLACEMENT_3D('',#98,#99,#100);
#98 = CARTESIAN_POINT('',(-19.5,-6.9,30.));
#99 = DIRECTION('',(0.,0.,1.));
#100 = DIRECTION('',(0.,-1.,0.));
#101 = ORIENTED_EDGE('',*,*,#102,.T.);
#102 = EDGE_CURVE('',#94,#103,#105,.T.);
#103 = VERTEX_POINT('',#104);
#104 = CARTESIAN_POINT('',(-19.3,-7.4,30.));
#105 = LINE('',#106,#107);
#106 = CARTESIAN_POINT('',(-20.,-7.4,30.));
#107 = VECTOR('',#108,1.);
#108 = DIRECTION('',(1.,0.,-0.));
#109 = ORIENTED_EDGE('',*,*,#110,.T.);
#110 = EDGE_CURVE('',#103,#111,#113,.T.);
#111 = VERTEX_POINT('',#112);
#112 = CARTESIAN_POINT('',(-18.8,-6.9,30.));
#113 = CIRCLE('',#114,0.5);
#114 = AXIS2_PLACEMENT_3D('',#115,#116,#117);
#115 = CARTESIAN_POINT('',(-19.3,-6.9,30.));
#116 = DIRECTION('',(0.,0.,1.));
#117 = DIRECTION('',(0.,-1.,0.));
#118 = ORIENTED_EDGE('',*,*,#119,.T.);
#119 = EDGE_CURVE('',#111,#120,#122,.T.);
#120 = VERTEX_POINT('',#121);
#121 = CARTESIAN_POINT('',(-18.8,0.,30.));
#122 = LINE('',#123,#124);
#123 = CARTESIAN_POINT('',(-18.8,-7.4,30.));
#124 = VECTOR('',#125,1.);
#125 = DIRECTION('',(-0.,1.,0.));
#126 = ORIENTED_EDGE('',*,*,#127,.T.);
#127 = EDGE_CURVE('',#120,#128,#130,.T.);
#128 = VERTEX_POINT('',#129);
#129 = CARTESIAN_POINT('',(-15.,0.,30.));
#130 = LINE('',#131,#132);
#131 = CARTESIAN_POINT('',(-20.,0.,30.));
#132 = VECTOR('',#133,1.);
#133 = DIRECTION('',(1.,0.,-0.));
#134 = ORIENTED_EDGE('',*,*,#135,.F.);
#135 = EDGE_CURVE('',#136,#128,#138,.T.);
#136 = VERTEX_POINT('',#137);
#137 = CARTESIAN_POINT('',(-15.,-6.9,30.));
#138 = LINE('',#139,#140);
#139 = CARTESIAN_POINT('',(-15.,-7.4,30.));
#140 = VECTOR('',#141,1.);
#141 = DIRECTION('',(-0.,1.,0.));
#142 = ORIENTED_EDGE('',*,*,#143,.F.);
#143 = EDGE_CURVE('',#144,#136,#146,.T.);
#144 = VERTEX_POINT('',#145);
#145 = CARTESIAN_POINT('',(-14.5,-7.4,30.));
#146 = CIRCLE('',#147,0.5);
#147 = AXIS2_PLACEMENT_3D('',#148,#149,#150);
#148 = CARTESIAN_POINT('',(-14.5,-6.9,30.));
#149 = DIRECTION('',(-0.,-0.,-1.));
#150 = DIRECTION('',(0.,-1.,0.));
#151 = ORIENTED_EDGE('',*,*,#152,.T.);
#152 = EDGE_CURVE('',#144,#153,#155,.T.);
#153 = VERTEX_POINT('',#154);
#154 = CARTESIAN_POINT('',(-14.3,-7.4,30.));
#155 = LINE('',#156,#157);
#156 = CARTESIAN_POINT('',(-15.,-7.4,30.));
#157 = VECTOR('',#158,1.);
#158 = DIRECTION('',(1.,0.,-0.));
#159 = ORIENTED_EDGE('',*,*,#160,.F.);
#160 = EDGE_CURVE('',#161,#153,#163,.T.);
#161 = VERTEX_POINT('',#162);
#162 = CARTESIAN_POINT('',(-13.8,-6.9,30.));
#163 = CIRCLE('',#164,0.5);
#164 = AXIS2_PLACEMENT_3D('',#165,#166,#167);
#165 = CARTESIAN_POINT('',(-14.3,-6.9,30.));
#166 = DIRECTION('',(-0.,-0.,-1.));
#167 = DIRECTION('',(0.,-1.,0.));
#168 = ORIENTED_EDGE('',*,*,#169,.T.);
#169 = EDGE_CURVE('',#161,#170,#172,.T.);
#170 = VERTEX_POINT('',#171);
#171 = CARTESIAN_POINT('',(-13.8,0.,30.));
#172 = LINE('',#173,#174);
#173 = CARTESIAN_POINT('',(-13.8,-7.4,30.));
#174 = VECTOR('',#175,1.);
#175 = DIRECTION('',(-0.,1.,0.));
#176 = ORIENTED_EDGE('',*,*,#177,.T.);
#177 = EDGE_CURVE('',#170,#178,#180,.T.);
#178 = VERTEX_POINT('',#179);
#179 = CARTESIAN_POINT('',(-11.,0.,30.));
#180 = LINE('',#181,#182);
#181 = CARTESIAN_POINT('',(-20.,0.,30.));
#182 = VECTOR('',#183,1.);
#183 = DIRECTION('',(1.,0.,-0.));
#184 = ORIENTED_EDGE('',*,*,#185,.F.);
#185 = EDGE_CURVE('',#186,#178,#188,.T.);
#186 = VERTEX_POINT('',#187);
#187 = CARTESIAN_POINT('',(-11.,-6.9,30.));
#188 = LINE('',#189,#190);
#189 = CARTESIAN_POINT('',(-11.,-7.4,30.));
#190 = VECTOR('',#191,1.);
#191 = DIRECTION('',(-0.,1.,0.));
#192 = ORIENTED_EDGE('',*,*,#193,.F.);
#193 = EDGE_CURVE('',#194,#186,#196,.T.);
#194 = VERTEX_POINT('',#195);
#195 = CARTESIAN_POINT('',(-10.5,-7.4,30.));
#196 = CIRCLE('',#197,0.5);
#197 = AXIS2_PLACEMENT_3D('',#198,#199,#200);
#198 = CARTESIAN_POINT('',(-10.5,-6.9,30.));
#199 = DIRECTION('',(-0.,-0.,-1.));
#200 = DIRECTION('',(0.,-1.,0.));
#201 = ORIENTED_EDGE('',*,*,#202,.T.);
#202 = EDGE_CURVE('',#194,#203,#205,.T.);
#203 = VERTEX_POINT('',#204);
#204 = CARTESIAN_POINT('',(-10.3,-7.4,30.));
#205 = LINE('',#206,#207);
#206 = CARTESIAN_POINT('',(-11.,-7.4,30.));
#207 = VECTOR('',#208,1.);
#208 = DIRECTION('',(1.,0.,-0.));
#209 = ORIENTED_EDGE('',*,*,#210,.F.);
#210 = EDGE_CURVE('',#211,#203,#213,.T.);
#211 = VERTEX_POINT('',#212);
#212 = CARTESIAN_POINT('',(-9.8,-6.9,30.));
#213 = CIRCLE('',#214,0.5);
#214 = AXIS2_PLACEMENT_3D('',#215,#216,#217);
#215 = CARTESIAN_POINT('',(-10.3,-6.9,30.));
#216 = DIRECTION('',(-0.,-0.,-1.));
#217 = DIRECTION('',(0.,-1.,0.));
#218 = ORIENTED_EDGE('',*,*,#219,.T.);
#219 = EDGE_CURVE('',#211,#220,#222,.T.);
#220 = VERTEX_POINT('',#221);
#221 = CARTESIAN_POINT('',(-9.8,0.,30.));
#222 = LINE('',#223,#224);
#223 = CARTESIAN_POINT('',(-9.8,-7.4,30.));
#224 = VECTOR('',#225,1.);
#225 = DIRECTION('',(-0.,1.,0.));
#226 = ORIENTED_EDGE('',*,*,#227,.T.);
#227 = EDGE_CURVE('',#220,#228,#230,.T.);
#228 = VERTEX_POINT('',#229);
#229 = CARTESIAN_POINT('',(9.8,0.,30.));
#230 = LINE('',#231,#232);
#231 = CARTESIAN_POINT('',(-20.,0.,30.));
#232 = VECTOR('',#233,1.);
#233 = DIRECTION('',(1.,0.,-0.));
#234 = ORIENTED_EDGE('',*,*,#235,.F.);
#235 = EDGE_CURVE('',#236,#228,#238,.T.);
#236 = VERTEX_POINT('',#237);
#237 = CARTESIAN_POINT('',(9.8,-6.9,30.));
#238 = LINE('',#239,#240);
#239 = CARTESIAN_POINT('',(9.8,-7.4,30.));
#240 = VECTOR('',#241,1.);
#241 = DIRECTION('',(-0.,1.,0.));
#242 = ORIENTED_EDGE('',*,*,#243,.F.);
#243 = EDGE_CURVE('',#244,#236,#246,.T.);
#244 = VERTEX_POINT('',#245);
#245 = CARTESIAN_POINT('',(10.3,-7.4,30.));
#246 = CIRCLE('',#247,0.5);
#247 = AXIS2_PLACEMENT_3D('',#248,#249,#250);
#248 = CARTESIAN_POINT('',(10.3,-6.9,30.));
#249 = DIRECTION('',(-0.,-0.,-1.));
#250 = DIRECTION('',(0.,-1.,0.));
#251 = ORIENTED_EDGE('',*,*,#252,.T.);
#252 = EDGE_CURVE('',#244,#253,#255,.T.);
#253 = VERTEX_POINT('',#254);
#254 = CARTESIAN_POINT('',(10.5,-7.4,30.));
#255 = LINE('',#256,#257);
#256 = CARTESIAN_POINT('',(9.8,-7.4,30.));
#257 = VECTOR('',#258,1.);
#258 = DIRECTION('',(1.,0.,-0.));
#259 = ORIENTED_EDGE('',*,*,#260,.F.);
#260 = EDGE_CURVE('',#261,#253,#263,.T.);
#261 = VERTEX_POINT('',#262);
#262 = CARTESIAN_POINT('',(11.,-6.9,30.));
#263 = CIRCLE('',#264,0.5);
#264 = AXIS2_PLACEMENT_3D('',#265,#266,#267);
#265 = CARTESIAN_POINT('',(10.5,-6.9,30.));
#266 = DIRECTION('',(-0.,-0.,-1.));
#267 = DIRECTION('',(0.,-1.,0.));
#268 = ORIENTED_EDGE('',*,*,#269,.T.);
#269 = EDGE_CURVE('',#261,#270,#272,.T.);
#270 = VERTEX_POINT('',#271);
#271 = CARTESIAN_POINT('',(11.,0.,30.));
#272 = LINE('',#273,#274);
#273 = CARTESIAN_POINT('',(11.,-7.4,30.));
#274 = VECTOR('',#275,1.);
#275 = DIRECTION('',(-0.,1.,0.));
#276 = ORIENTED_EDGE('',*,*,#277,.T.);
#277 = EDGE_CURVE('',#270,#278,#280,.T.);
#278 = VERTEX_POINT('',#279);
#279 = CARTESIAN_POINT('',(13.8,0.,30.));
#280 = LINE('',#281,#282);
#281 = CARTESIAN_POINT('',(-20.,0.,30.));
#282 = VECTOR('',#283,1.);
#283 = DIRECTION('',(1.,0.,-0.));
#284 = ORIENTED_EDGE('',*,*,#285,.F.);
#285 = EDGE_CURVE('',#286,#278,#288,.T.);
#286 = VERTEX_POINT('',#287);
#287 = CARTESIAN_POINT('',(13.8,-6.9,30.));
#288 = LINE('',#289,#290);
#289 = CARTESIAN_POINT('',(13.8,-7.4,30.));
#290 = VECTOR('',#291,1.);
#291 = DIRECTION('',(-0.,1.,0.));
#292 = ORIENTED_EDGE('',*,*,#293,.F.);
#293 = EDGE_CURVE('',#294,#286,#296,.T.);
#294 = VERTEX_POINT('',#295);
#295 = CARTESIAN_POINT('',(14.3,-7.4,30.));
#296 = CIRCLE('',#297,0.5);
#297 = AXIS2_PLACEMENT_3D('',#298,#299,#300);
#298 = CARTESIAN_POINT('',(14.3,-6.9,30.));
#299 = DIRECTION('',(-0.,-0.,-1.));
#300 = DIRECTION('',(0.,-1.,0.));
#301 = ORIENTED_EDGE('',*,*,#302,.T.);
#302 = EDGE_CURVE('',#294,#303,#305,.T.);
#303 = VERTEX_POINT('',#304);
#304 = CARTESIAN_POINT('',(14.5,-7.4,30.));
#305 = LINE('',#306,#307);
#306 = CARTESIAN_POINT('',(13.8,-7.4,30.));
#307 = VECTOR('',#308,1.);
#308 = DIRECTION('',(1.,0.,-0.));
#309 = ORIENTED_EDGE('',*,*,#310,.F.);
#310 = EDGE_CURVE('',#311,#303,#313,.T.);
#311 = VERTEX_POINT('',#312);
#312 = CARTESIAN_POINT('',(15.,-6.9,30.));
#313 = CIRCLE('',#314,0.5);
#314 = AXIS2_PLACEMENT_3D('',#315,#316,#317);
#315 = CARTESIAN_POINT('',(14.5,-6.9,30.));
#316 = DIRECTION('',(-0.,-0.,-1.));
#317 = DIRECTION('',(0.,-1.,0.));
#318 = ORIENTED_EDGE('',*,*,#319,.T.);
#319 = EDGE_CURVE('',#311,#320,#322,.T.);
#320 = VERTEX_POINT('',#321);
#321 = CARTESIAN_POINT('',(15.,0.,30.));
#322 = LINE('',#323,#324);
#323 = CARTESIAN_POINT('',(15.,-7.4,30.));
#324 = VECTOR('',#325,1.);
#325 = DIRECTION('',(-0.,1.,0.));
#326 = ORIENTED_EDGE('',*,*,#327,.T.);
#327 = EDGE_CURVE('',#320,#328,#330,.T.);
#328 = VERTEX_POINT('',#329);
#329 = CARTESIAN_POINT('',(18.8,0.,30.));
#330 = LINE('',#331,#332);
#331 = CARTESIAN_POINT('',(-20.,0.,30.));
#332 = VECTOR('',#333,1.);
#333 = DIRECTION('',(1.,0.,-0.));
#334 = ORIENTED_EDGE('',*,*,#335,.F.);
#335 = EDGE_CURVE('',#336,#328,#338,.T.);
#336 = VERTEX_POINT('',#337);
#337 = CARTESIAN_POINT('',(18.8,-6.9,30.));
#338 = LINE('',#339,#340);
#339 = CARTESIAN_POINT('',(18.8,-7.4,30.));
#340 = VECTOR('',#341,1.);
#341 = DIRECTION('',(-0.,1.,0.));
#342 = ORIENTED_EDGE('',*,*,#343,.T.);
#343 = EDGE_CURVE('',#336,#344,#346,.T.);
#344 = VERTEX_POINT('',#345);
#345 = CARTESIAN_POINT('',(19.3,-7.4,30.));
#346 = CIRCLE('',#347,0.5);
#347 = AXIS2_PLACEMENT_3D('',#348,#349,#350);
#348 = CARTESIAN_POINT('',(19.3,-6.9,30.));
#349 = DIRECTION('',(0.,0.,1.));
#350 = DIRECTION('',(0.,-1.,0.));
#351 = ORIENTED_EDGE('',*,*,#352,.T.);
#352 = EDGE_CURVE('',#344,#353,#355,.T.);
#353 = VERTEX_POINT('',#354);
#354 = CARTESIAN_POINT('',(19.5,-7.4,30.));
#355 = LINE('',#356,#357);
#356 = CARTESIAN_POINT('',(18.8,-7.4,30.));
#357 = VECTOR('',#358,1.);
#358 = DIRECTION('',(1.,0.,-0.));
#359 = ORIENTED_EDGE('',*,*,#360,.T.);
#360 = EDGE_CURVE('',#353,#361,#363,.T.);
#361 = VERTEX_POINT('',#362);
#362 = CARTESIAN_POINT('',(20.,-6.9,30.));
#363 = CIRCLE('',#364,0.5);
#364 = AXIS2_PLACEMENT_3D('',#365,#366,#367);
#365 = CARTESIAN_POINT('',(19.5,-6.9,30.));
#366 = DIRECTION('',(0.,0.,1.));
#367 = DIRECTION('',(0.,-1.,0.));
#368 = ORIENTED_EDGE('',*,*,#369,.T.);
#369 = EDGE_CURVE('',#361,#370,#372,.T.);
#370 = VERTEX_POINT('',#371);
#371 = CARTESIAN_POINT('',(20.,12.1,30.));
#372 = LINE('',#373,#374);
#373 = CARTESIAN_POINT('',(20.,-7.4,30.));
#374 = VECTOR('',#375,1.);
#375 = DIRECTION('',(-0.,1.,0.));
#376 = ORIENTED_EDGE('',*,*,#377,.F.);
#377 = EDGE_CURVE('',#378,#370,#380,.T.);
#378 = VERTEX_POINT('',#379);
#379 = CARTESIAN_POINT('',(19.5,12.6,30.));
#380 = CIRCLE('',#381,0.5);
#381 = AXIS2_PLACEMENT_3D('',#382,#383,#384);
#382 = CARTESIAN_POINT('',(19.5,12.1,30.));
#383 = DIRECTION('',(-0.,-0.,-1.));
#384 = DIRECTION('',(0.,-1.,0.));
#385 = ORIENTED_EDGE('',*,*,#386,.F.);
#386 = EDGE_CURVE('',#387,#378,#389,.T.);
#387 = VERTEX_POINT('',#388);
#388 = CARTESIAN_POINT('',(19.3,12.6,30.));
#389 = LINE('',#390,#391);
#390 = CARTESIAN_POINT('',(18.8,12.6,30.));
#391 = VECTOR('',#392,1.);
#392 = DIRECTION('',(1.,0.,-0.));
#393 = ORIENTED_EDGE('',*,*,#394,.F.);
#394 = EDGE_CURVE('',#395,#387,#397,.T.);
#395 = VERTEX_POINT('',#396);
#396 = CARTESIAN_POINT('',(18.8,12.1,30.));
#397 = CIRCLE('',#398,0.5);
#398 = AXIS2_PLACEMENT_3D('',#399,#400,#401);
#399 = CARTESIAN_POINT('',(19.3,12.1,30.));
#400 = DIRECTION('',(-0.,-0.,-1.));
#401 = DIRECTION('',(0.,-1.,0.));
#402 = ORIENTED_EDGE('',*,*,#403,.F.);
#403 = EDGE_CURVE('',#404,#395,#406,.T.);
#404 = VERTEX_POINT('',#405);
#405 = CARTESIAN_POINT('',(18.8,4.,30.));
#406 = LINE('',#407,#408);
#407 = CARTESIAN_POINT('',(18.8,-7.4,30.));
#408 = VECTOR('',#409,1.);
#409 = DIRECTION('',(-0.,1.,0.));
#410 = ORIENTED_EDGE('',*,*,#411,.F.);
#411 = EDGE_CURVE('',#412,#404,#414,.T.);
#412 = VERTEX_POINT('',#413);
#413 = CARTESIAN_POINT('',(15.,4.,30.));
#414 = LINE('',#415,#416);
#415 = CARTESIAN_POINT('',(-20.,4.,30.));
#416 = VECTOR('',#417,1.);
#417 = DIRECTION('',(1.,0.,-0.));
#418 = ORIENTED_EDGE('',*,*,#419,.T.);
#419 = EDGE_CURVE('',#412,#420,#422,.T.);
#420 = VERTEX_POINT('',#421);
#421 = CARTESIAN_POINT('',(15.,12.1,30.));
#422 = LINE('',#423,#424);
#423 = CARTESIAN_POINT('',(15.,-7.4,30.));
#424 = VECTOR('',#425,1.);
#425 = DIRECTION('',(-0.,1.,0.));
#426 = ORIENTED_EDGE('',*,*,#427,.F.);
#427 = EDGE_CURVE('',#428,#420,#430,.T.);
#428 = VERTEX_POINT('',#429);
#429 = CARTESIAN_POINT('',(14.5,12.6,30.));
#430 = CIRCLE('',#431,0.5);
#431 = AXIS2_PLACEMENT_3D('',#432,#433,#434);
#432 = CARTESIAN_POINT('',(14.5,12.1,30.));
#433 = DIRECTION('',(-0.,-0.,-1.));
#434 = DIRECTION('',(0.,-1.,0.));
#435 = ORIENTED_EDGE('',*,*,#436,.F.);
#436 = EDGE_CURVE('',#437,#428,#439,.T.);
#437 = VERTEX_POINT('',#438);
#438 = CARTESIAN_POINT('',(14.3,12.6,30.));
#439 = LINE('',#440,#441);
#440 = CARTESIAN_POINT('',(13.8,12.6,30.));
#441 = VECTOR('',#442,1.);
#442 = DIRECTION('',(1.,0.,-0.));
#443 = ORIENTED_EDGE('',*,*,#444,.F.);
#444 = EDGE_CURVE('',#445,#437,#447,.T.);
#445 = VERTEX_POINT('',#446);
#446 = CARTESIAN_POINT('',(13.8,12.1,30.));
#447 = CIRCLE('',#448,0.5);
#448 = AXIS2_PLACEMENT_3D('',#449,#450,#451);
#449 = CARTESIAN_POINT('',(14.3,12.1,30.));
#450 = DIRECTION('',(-0.,-0.,-1.));
#451 = DIRECTION('',(0.,-1.,0.));
#452 = ORIENTED_EDGE('',*,*,#453,.F.);
#453 = EDGE_CURVE('',#454,#445,#456,.T.);
#454 = VERTEX_POINT('',#455);
#455 = CARTESIAN_POINT('',(13.8,4.,30.));
#456 = LINE('',#457,#458);
#457 = CARTESIAN_POINT('',(13.8,-7.4,30.));
#458 = VECTOR('',#459,1.);
#459 = DIRECTION('',(-0.,1.,0.));
#460 = ORIENTED_EDGE('',*,*,#461,.F.);
#461 = EDGE_CURVE('',#462,#454,#464,.T.);
#462 = VERTEX_POINT('',#463);
#463 = CARTESIAN_POINT('',(11.,4.,30.));
#464 = LINE('',#465,#466);
#465 = CARTESIAN_POINT('',(-20.,4.,30.));
#466 = VECTOR('',#467,1.);
#467 = DIRECTION('',(1.,0.,-0.));
#468 = ORIENTED_EDGE('',*,*,#469,.T.);
#469 = EDGE_CURVE('',#462,#470,#472,.T.);
#470 = VERTEX_POINT('',#471);
#471 = CARTESIAN_POINT('',(11.,12.1,30.));
#472 = LINE('',#473,#474);
#473 = CARTESIAN_POINT('',(11.,-7.4,30.));
#474 = VECTOR('',#475,1.);
#475 = DIRECTION('',(-0.,1.,0.));
#476 = ORIENTED_EDGE('',*,*,#477,.F.);
#477 = EDGE_CURVE('',#478,#470,#480,.T.);
#478 = VERTEX_POINT('',#479);
#479 = CARTESIAN_POINT('',(10.5,12.6,30.));
#480 = CIRCLE('',#481,0.5);
#481 = AXIS2_PLACEMENT_3D('',#482,#483,#484);
#482 = CARTESIAN_POINT('',(10.5,12.1,30.));
#483 = DIRECTION('',(-0.,-0.,-1.));
#484 = DIRECTION('',(0.,-1.,0.));
#485 = ORIENTED_EDGE('',*,*,#486,.F.);
#486 = EDGE_CURVE('',#487,#478,#489,.T.);
#487 = VERTEX_POINT('',#488);
#488 = CARTESIAN_POINT('',(10.3,12.6,30.));
#489 = LINE('',#490,#491);
#490 = CARTESIAN_POINT('',(9.8,12.6,30.));
#491 = VECTOR('',#492,1.);
#492 = DIRECTION('',(1.,0.,-0.));
#493 = ORIENTED_EDGE('',*,*,#494,.F.);
#494 = EDGE_CURVE('',#495,#487,#497,.T.);
#495 = VERTEX_POINT('',#496);
#496 = CARTESIAN_POINT('',(9.8,12.1,30.));
#497 = CIRCLE('',#498,0.5);
#498 = AXIS2_PLACEMENT_3D('',#499,#500,#501);
#499 = CARTESIAN_POINT('',(10.3,12.1,30.));
#500 = DIRECTION('',(-0.,-0.,-1.));
#501 = DIRECTION('',(0.,-1.,0.));
#502 = ORIENTED_EDGE('',*,*,#503,.F.);
#503 = EDGE_CURVE('',#504,#495,#506,.T.);
#504 = VERTEX_POINT('',#505);
#505 = CARTESIAN_POINT('',(9.8,4.,30.));
#506 = LINE('',#507,#508);
#507 = CARTESIAN_POINT('',(9.8,-7.4,30.));
#508 = VECTOR('',#509,1.);
#509 = DIRECTION('',(-0.,1.,0.));
#510 = ORIENTED_EDGE('',*,*,#511,.F.);
#511 = EDGE_CURVE('',#44,#504,#512,.T.);
#512 = LINE('',#513,#514);
#513 = CARTESIAN_POINT('',(-20.,4.,30.));
#514 = VECTOR('',#515,1.);
#515 = DIRECTION('',(1.,0.,-0.));
#516 = ORIENTED_EDGE('',*,*,#43,.T.);
#517 = ORIENTED_EDGE('',*,*,#518,.T.);
#518 = EDGE_CURVE('',#46,#519,#521,.T.);
#519 = VERTEX_POINT('',#520);
#520 = CARTESIAN_POINT('',(7.1,12.6,30.));
#521 = CIRCLE('',#522,0.5);
#522 = AXIS2_PLACEMENT_3D('',#523,#524,#525);
#523 = CARTESIAN_POINT('',(7.1,12.1,30.));
#524 = DIRECTION('',(0.,0.,1.));
#525 = DIRECTION('',(0.,-1.,0.));
#526 = ORIENTED_EDGE('',*,*,#527,.F.);
#527 = EDGE_CURVE('',#528,#519,#530,.T.);
#528 = VERTEX_POINT('',#529);
#529 = CARTESIAN_POINT('',(6.9,12.6,30.));
#530 = LINE('',#531,#532);
#531 = CARTESIAN_POINT('',(6.4,12.6,30.));
#532 = VECTOR('',#533,1.);
#533 = DIRECTION('',(1.,0.,-0.));
#534 = ORIENTED_EDGE('',*,*,#535,.F.);
#535 = EDGE_CURVE('',#536,#528,#538,.T.);
#536 = VERTEX_POINT('',#537);
#537 = CARTESIAN_POINT('',(6.4,12.1,30.));
#538 = CIRCLE('',#539,0.5);
#539 = AXIS2_PLACEMENT_3D('',#540,#541,#542);
#540 = CARTESIAN_POINT('',(6.9,12.1,30.));
#541 = DIRECTION('',(-0.,-0.,-1.));
#542 = DIRECTION('',(0.,-1.,0.));
#543 = ORIENTED_EDGE('',*,*,#544,.F.);
#544 = EDGE_CURVE('',#545,#536,#547,.T.);
#545 = VERTEX_POINT('',#546);
#546 = CARTESIAN_POINT('',(6.4,4.,30.));
#547 = LINE('',#548,#549);
#548 = CARTESIAN_POINT('',(6.4,4.,30.));
#549 = VECTOR('',#550,1.);
#550 = DIRECTION('',(-0.,1.,0.));
#551 = ORIENTED_EDGE('',*,*,#552,.F.);
#552 = EDGE_CURVE('',#553,#545,#555,.T.);
#553 = VERTEX_POINT('',#554);
#554 = CARTESIAN_POINT('',(3.8,4.,30.));
#555 = LINE('',#556,#557);
#556 = CARTESIAN_POINT('',(-20.,4.,30.));
#557 = VECTOR('',#558,1.);
#558 = DIRECTION('',(1.,0.,-0.));
#559 = ORIENTED_EDGE('',*,*,#560,.T.);
#560 = EDGE_CURVE('',#553,#561,#563,.T.);
#561 = VERTEX_POINT('',#562);
#562 = CARTESIAN_POINT('',(3.8,12.1,30.));
#563 = LINE('',#564,#565);
#564 = CARTESIAN_POINT('',(3.8,4.,30.));
#565 = VECTOR('',#566,1.);
#566 = DIRECTION('',(-0.,1.,0.));
#567 = ORIENTED_EDGE('',*,*,#568,.T.);
#568 = EDGE_CURVE('',#561,#569,#571,.T.);
#569 = VERTEX_POINT('',#570);
#570 = CARTESIAN_POINT('',(3.3,12.6,30.));
#571 = CIRCLE('',#572,0.5);
#572 = AXIS2_PLACEMENT_3D('',#573,#574,#575);
#573 = CARTESIAN_POINT('',(3.3,12.1,30.));
#574 = DIRECTION('',(0.,0.,1.));
#575 = DIRECTION('',(0.,-1.,0.));
#576 = ORIENTED_EDGE('',*,*,#577,.F.);
#577 = EDGE_CURVE('',#578,#569,#580,.T.);
#578 = VERTEX_POINT('',#579);
#579 = CARTESIAN_POINT('',(3.1,12.6,30.));
#580 = LINE('',#581,#582);
#581 = CARTESIAN_POINT('',(2.6,12.6,30.));
#582 = VECTOR('',#583,1.);
#583 = DIRECTION('',(1.,0.,-0.));
#584 = ORIENTED_EDGE('',*,*,#585,.F.);
#585 = EDGE_CURVE('',#586,#578,#588,.T.);
#586 = VERTEX_POINT('',#587);
#587 = CARTESIAN_POINT('',(2.6,12.1,30.));
#588 = CIRCLE('',#589,0.5);
#589 = AXIS2_PLACEMENT_3D('',#590,#591,#592);
#590 = CARTESIAN_POINT('',(3.1,12.1,30.));
#591 = DIRECTION('',(-0.,-0.,-1.));
#592 = DIRECTION('',(0.,-1.,0.));
#593 = ORIENTED_EDGE('',*,*,#594,.F.);
#594 = EDGE_CURVE('',#595,#586,#597,.T.);
#595 = VERTEX_POINT('',#596);
#596 = CARTESIAN_POINT('',(2.6,4.,30.));
#597 = LINE('',#598,#599);
#598 = CARTESIAN_POINT('',(2.6,4.,30.));
#599 = VECTOR('',#600,1.);
#600 = DIRECTION('',(-0.,1.,0.));
#601 = ORIENTED_EDGE('',*,*,#602,.F.);
#602 = EDGE_CURVE('',#603,#595,#605,.T.);
#603 = VERTEX_POINT('',#604);
#604 = CARTESIAN_POINT('',(-2.6,4.,30.));
#605 = LINE('',#606,#607);
#606 = CARTESIAN_POINT('',(-20.,4.,30.));
#607 = VECTOR('',#608,1.);
#608 = DIRECTION('',(1.,0.,-0.));
#609 = ORIENTED_EDGE('',*,*,#610,.T.);
#610 = EDGE_CURVE('',#603,#611,#613,.T.);
#611 = VERTEX_POINT('',#612);
#612 = CARTESIAN_POINT('',(-2.6,12.1,30.));
#613 = LINE('',#614,#615);
#614 = CARTESIAN_POINT('',(-2.6,4.,30.));
#615 = VECTOR('',#616,1.);
#616 = DIRECTION('',(-0.,1.,0.));
#617 = ORIENTED_EDGE('',*,*,#618,.T.);
#618 = EDGE_CURVE('',#611,#619,#621,.T.);
#619 = VERTEX_POINT('',#620);
#620 = CARTESIAN_POINT('',(-3.1,12.6,30.));
#621 = CIRCLE('',#622,0.5);
#622 = AXIS2_PLACEMENT_3D('',#623,#624,#625);
#623 = CARTESIAN_POINT('',(-3.1,12.1,30.));
#624 = DIRECTION('',(0.,0.,1.));
#625 = DIRECTION('',(0.,-1.,0.));
#626 = ORIENTED_EDGE('',*,*,#627,.F.);
#627 = EDGE_CURVE('',#628,#619,#630,.T.);
#628 = VERTEX_POINT('',#629);
#629 = CARTESIAN_POINT('',(-3.3,12.6,30.));
#630 = LINE('',#631,#632);
#631 = CARTESIAN_POINT('',(-3.8,12.6,30.));
#632 = VECTOR('',#633,1.);
#633 = DIRECTION('',(1.,0.,-0.));
#634 = ORIENTED_EDGE('',*,*,#635,.F.);
#635 = EDGE_CURVE('',#636,#628,#638,.T.);
#636 = VERTEX_POINT('',#637);
#637 = CARTESIAN_POINT('',(-3.8,12.1,30.));
#638 = CIRCLE('',#639,0.5);
#639 = AXIS2_PLACEMENT_3D('',#640,#641,#642);
#640 = CARTESIAN_POINT('',(-3.3,12.1,30.));
#641 = DIRECTION('',(-0.,-0.,-1.));
#642 = DIRECTION('',(0.,-1.,0.));
#643 = ORIENTED_EDGE('',*,*,#644,.F.);
#644 = EDGE_CURVE('',#645,#636,#647,.T.);
#645 = VERTEX_POINT('',#646);
#646 = CARTESIAN_POINT('',(-3.8,4.,30.));
#647 = LINE('',#648,#649);
#648 = CARTESIAN_POINT('',(-3.8,4.,30.));
#649 = VECTOR('',#650,1.);
#650 = DIRECTION('',(-0.,1.,0.));
#651 = ORIENTED_EDGE('',*,*,#652,.F.);
#652 = EDGE_CURVE('',#653,#645,#655,.T.);
#653 = VERTEX_POINT('',#654);
#654 = CARTESIAN_POINT('',(-6.4,4.,30.));
#655 = LINE('',#656,#657);
#656 = CARTESIAN_POINT('',(-20.,4.,30.));
#657 = VECTOR('',#658,1.);
#658 = DIRECTION('',(1.,0.,-0.));
#659 = ORIENTED_EDGE('',*,*,#660,.T.);
#660 = EDGE_CURVE('',#653,#661,#663,.T.);
#661 = VERTEX_POINT('',#662);
#662 = CARTESIAN_POINT('',(-6.4,12.1,30.));
#663 = LINE('',#664,#665);
#664 = CARTESIAN_POINT('',(-6.4,4.,30.));
#665 = VECTOR('',#666,1.);
#666 = DIRECTION('',(-0.,1.,0.));
#667 = ORIENTED_EDGE('',*,*,#668,.T.);
#668 = EDGE_CURVE('',#661,#669,#671,.T.);
#669 = VERTEX_POINT('',#670);
#670 = CARTESIAN_POINT('',(-6.9,12.6,30.));
#671 = CIRCLE('',#672,0.5);
#672 = AXIS2_PLACEMENT_3D('',#673,#674,#675);
#673 = CARTESIAN_POINT('',(-6.9,12.1,30.));
#674 = DIRECTION('',(0.,0.,1.));
#675 = DIRECTION('',(0.,-1.,0.));
#676 = ORIENTED_EDGE('',*,*,#677,.F.);
#677 = EDGE_CURVE('',#678,#669,#680,.T.);
#678 = VERTEX_POINT('',#679);
#679 = CARTESIAN_POINT('',(-7.1,12.6,30.));
#680 = LINE('',#681,#682);
#681 = CARTESIAN_POINT('',(-7.6,12.6,30.));
#682 = VECTOR('',#683,1.);
#683 = DIRECTION('',(1.,0.,-0.));
#684 = ORIENTED_EDGE('',*,*,#685,.F.);
#685 = EDGE_CURVE('',#686,#678,#688,.T.);
#686 = VERTEX_POINT('',#687);
#687 = CARTESIAN_POINT('',(-7.6,12.1,30.));
#688 = CIRCLE('',#689,0.5);
#689 = AXIS2_PLACEMENT_3D('',#690,#691,#692);
#690 = CARTESIAN_POINT('',(-7.1,12.1,30.));
#691 = DIRECTION('',(-0.,-0.,-1.));
#692 = DIRECTION('',(0.,-1.,0.));
#693 = ORIENTED_EDGE('',*,*,#694,.F.);
#694 = EDGE_CURVE('',#695,#686,#697,.T.);
#695 = VERTEX_POINT('',#696);
#696 = CARTESIAN_POINT('',(-7.6,4.,30.));
#697 = LINE('',#698,#699);
#698 = CARTESIAN_POINT('',(-7.6,4.,30.));
#699 = VECTOR('',#700,1.);
#700 = DIRECTION('',(-0.,1.,0.));
#701 = ORIENTED_EDGE('',*,*,#702,.F.);
#702 = EDGE_CURVE('',#703,#695,#705,.T.);
#703 = VERTEX_POINT('',#704);
#704 = CARTESIAN_POINT('',(-9.8,4.,30.));
#705 = LINE('',#706,#707);
#706 = CARTESIAN_POINT('',(-20.,4.,30.));
#707 = VECTOR('',#708,1.);
#708 = DIRECTION('',(1.,0.,-0.));
#709 = ORIENTED_EDGE('',*,*,#710,.T.);
#710 = EDGE_CURVE('',#703,#711,#713,.T.);
#711 = VERTEX_POINT('',#712);
#712 = CARTESIAN_POINT('',(-9.8,12.1,30.));
#713 = LINE('',#714,#715);
#714 = CARTESIAN_POINT('',(-9.8,-7.4,30.));
#715 = VECTOR('',#716,1.);
#716 = DIRECTION('',(-0.,1.,0.));
#717 = ORIENTED_EDGE('',*,*,#718,.F.);
#718 = EDGE_CURVE('',#719,#711,#721,.T.);
#719 = VERTEX_POINT('',#720);
#720 = CARTESIAN_POINT('',(-10.3,12.6,30.));
#721 = CIRCLE('',#722,0.5);
#722 = AXIS2_PLACEMENT_3D('',#723,#724,#725);
#723 = CARTESIAN_POINT('',(-10.3,12.1,30.));
#724 = DIRECTION('',(-0.,-0.,-1.));
#725 = DIRECTION('',(0.,-1.,0.));
#726 = ORIENTED_EDGE('',*,*,#727,.F.);
#727 = EDGE_CURVE('',#728,#719,#730,.T.);
#728 = VERTEX_POINT('',#729);
#729 = CARTESIAN_POINT('',(-10.5,12.6,30.));
#730 = LINE('',#731,#732);
#731 = CARTESIAN_POINT('',(-11.,12.6,30.));
#732 = VECTOR('',#733,1.);
#733 = DIRECTION('',(1.,0.,-0.));
#734 = ORIENTED_EDGE('',*,*,#735,.F.);
#735 = EDGE_CURVE('',#736,#728,#738,.T.);
#736 = VERTEX_POINT('',#737);
#737 = CARTESIAN_POINT('',(-11.,12.1,30.));
#738 = CIRCLE('',#739,0.5);
#739 = AXIS2_PLACEMENT_3D('',#740,#741,#742);
#740 = CARTESIAN_POINT('',(-10.5,12.1,30.));
#741 = DIRECTION('',(-0.,-0.,-1.));
#742 = DIRECTION('',(0.,-1.,0.));
#743 = ORIENTED_EDGE('',*,*,#744,.F.);
#744 = EDGE_CURVE('',#745,#736,#747,.T.);
#745 = VERTEX_POINT('',#746);
#746 = CARTESIAN_POINT('',(-11.,4.,30.));
#747 = LINE('',#748,#749);
#748 = CARTESIAN_POINT('',(-11.,-7.4,30.));
#749 = VECTOR('',#750,1.);
#750 = DIRECTION('',(-0.,1.,0.));
#751 = ORIENTED_EDGE('',*,*,#752,.F.);
#752 = EDGE_CURVE('',#753,#745,#755,.T.);
#753 = VERTEX_POINT('',#754);
#754 = CARTESIAN_POINT('',(-13.8,4.,30.));
#755 = LINE('',#756,#757);
#756 = CARTESIAN_POINT('',(-20.,4.,30.));
#757 = VECTOR('',#758,1.);
#758 = DIRECTION('',(1.,0.,-0.));
#759 = ORIENTED_EDGE('',*,*,#760,.T.);
#760 = EDGE_CURVE('',#753,#761,#763,.T.);
#761 = VERTEX_POINT('',#762);
#762 = CARTESIAN_POINT('',(-13.8,12.1,30.));
#763 = LINE('',#764,#765);
#764 = CARTESIAN_POINT('',(-13.8,-7.4,30.));
#765 = VECTOR('',#766,1.);
#766 = DIRECTION('',(-0.,1.,0.));
#767 = ORIENTED_EDGE('',*,*,#768,.F.);
#768 = EDGE_CURVE('',#769,#761,#771,.T.);
#769 = VERTEX_POINT('',#770);
#770 = CARTESIAN_POINT('',(-14.3,12.6,30.));
#771 = CIRCLE('',#772,0.5);
#772 = AXIS2_PLACEMENT_3D('',#773,#774,#775);
#773 = CARTESIAN_POINT('',(-14.3,12.1,30.));
#774 = DIRECTION('',(-0.,-0.,-1.));
#775 = DIRECTION('',(0.,-1.,0.));
#776 = ORIENTED_EDGE('',*,*,#777,.F.);
#777 = EDGE_CURVE('',#778,#769,#780,.T.);
#778 = VERTEX_POINT('',#779);
#779 = CARTESIAN_POINT('',(-14.5,12.6,30.));
#780 = LINE('',#781,#782);
#781 = CARTESIAN_POINT('',(-15.,12.6,30.));
#782 = VECTOR('',#783,1.);
#783 = DIRECTION('',(1.,0.,-0.));
#784 = ORIENTED_EDGE('',*,*,#785,.F.);
#785 = EDGE_CURVE('',#786,#778,#788,.T.);
#786 = VERTEX_POINT('',#787);
#787 = CARTESIAN_POINT('',(-15.,12.1,30.));
#788 = CIRCLE('',#789,0.5);
#789 = AXIS2_PLACEMENT_3D('',#790,#791,#792);
#790 = CARTESIAN_POINT('',(-14.5,12.1,30.));
#791 = DIRECTION('',(-0.,-0.,-1.));
#792 = DIRECTION('',(0.,-1.,0.));
#793 = ORIENTED_EDGE('',*,*,#794,.F.);
#794 = EDGE_CURVE('',#795,#786,#797,.T.);
#795 = VERTEX_POINT('',#796);
#796 = CARTESIAN_POINT('',(-15.,4.,30.));
#797 = LINE('',#798,#799);
#798 = CARTESIAN_POINT('',(-15.,-7.4,30.));
#799 = VECTOR('',#800,1.);
#800 = DIRECTION('',(-0.,1.,0.));
#801 = ORIENTED_EDGE('',*,*,#802,.F.);
#802 = EDGE_CURVE('',#803,#795,#805,.T.);
#803 = VERTEX_POINT('',#804);
#804 = CARTESIAN_POINT('',(-18.8,4.,30.));
#805 = LINE('',#806,#807);
#806 = CARTESIAN_POINT('',(-20.,4.,30.));
#807 = VECTOR('',#808,1.);
#808 = DIRECTION('',(1.,0.,-0.));
#809 = ORIENTED_EDGE('',*,*,#810,.T.);
#810 = EDGE_CURVE('',#803,#811,#813,.T.);
#811 = VERTEX_POINT('',#812);
#812 = CARTESIAN_POINT('',(-18.8,12.1,30.));
#813 = LINE('',#814,#815);
#814 = CARTESIAN_POINT('',(-18.8,-7.4,30.));
#815 = VECTOR('',#816,1.);
#816 = DIRECTION('',(-0.,1.,0.));
#817 = ORIENTED_EDGE('',*,*,#818,.F.);
#818 = EDGE_CURVE('',#819,#811,#821,.T.);
#819 = VERTEX_POINT('',#820);
#820 = CARTESIAN_POINT('',(-19.3,12.6,30.));
#821 = CIRCLE('',#822,0.5);
#822 = AXIS2_PLACEMENT_3D('',#823,#824,#825);
#823 = CARTESIAN_POINT('',(-19.3,12.1,30.));
#824 = DIRECTION('',(-0.,-0.,-1.));
#825 = DIRECTION('',(0.,-1.,0.));
#826 = ORIENTED_EDGE('',*,*,#827,.F.);
#827 = EDGE_CURVE('',#828,#819,#830,.T.);
#828 = VERTEX_POINT('',#829);
#829 = CARTESIAN_POINT('',(-19.5,12.6,30.));
#830 = LINE('',#831,#832);
#831 = CARTESIAN_POINT('',(-20.,12.6,30.));
#832 = VECTOR('',#833,1.);
#833 = DIRECTION('',(1.,0.,-0.));
#834 = ORIENTED_EDGE('',*,*,#835,.T.);
#835 = EDGE_CURVE('',#828,#86,#836,.T.);
#836 = CIRCLE('',#837,0.5);
#837 = AXIS2_PLACEMENT_3D('',#838,#839,#840);
#838 = CARTESIAN_POINT('',(-19.5,12.1,30.));
#839 = DIRECTION('',(0.,0.,1.));
#840 = DIRECTION('',(0.,-1.,0.));
#841 = FACE_BOUND('',#842,.T.);
#842 = EDGE_LOOP('',(#843));
#843 = ORIENTED_EDGE('',*,*,#844,.F.);
#844 = EDGE_CURVE('',#845,#845,#847,.T.);
#845 = VERTEX_POINT('',#846);
#846 = CARTESIAN_POINT('',(-16.15,1.5,30.));
#847 = CIRCLE('',#848,0.85);
#848 = AXIS2_PLACEMENT_3D('',#849,#850,#851);
#849 = CARTESIAN_POINT('',(-17.,1.5,30.));
#850 = DIRECTION('',(0.,0.,1.));
#851 = DIRECTION('',(1.,0.,-0.));
#852 = FACE_BOUND('',#853,.T.);
#853 = EDGE_LOOP('',(#854));
#854 = ORIENTED_EDGE('',*,*,#855,.F.);
#855 = EDGE_CURVE('',#856,#856,#858,.T.);
#856 = VERTEX_POINT('',#857);
#857 = CARTESIAN_POINT('',(17.85,1.5,30.));
#858 = CIRCLE('',#859,0.85);
#859 = AXIS2_PLACEMENT_3D('',#860,#861,#862);
#860 = CARTESIAN_POINT('',(17.,1.5,30.));
#861 = DIRECTION('',(0.,0.,1.));
#862 = DIRECTION('',(1.,0.,-0.));
#863 = PLANE('',#864);
#864 = AXIS2_PLACEMENT_3D('',#865,#866,#867);
#865 = CARTESIAN_POINT('',(-4.074212934404E-16,3.798623853211,30.));
#866 = DIRECTION('',(0.,0.,1.));
#867 = DIRECTION('',(1.,0.,-0.));
#868 = ADVANCED_FACE('',(#869),#888,.T.);
#869 = FACE_BOUND('',#870,.T.);
#870 = EDGE_LOOP('',(#871,#880,#886,#887));
#871 = ORIENTED_EDGE('',*,*,#872,.T.);
#872 = EDGE_CURVE('',#62,#873,#875,.T.);
#873 = VERTEX_POINT('',#874);
#874 = CARTESIAN_POINT('',(7.1,12.6,0.));
#875 = CIRCLE('',#876,0.5);
#876 = AXIS2_PLACEMENT_3D('',#877,#878,#879);
#877 = CARTESIAN_POINT('',(7.1,12.1,0.));
#878 = DIRECTION('',(0.,0.,1.));
#879 = DIRECTION('',(0.,-1.,0.));
#880 = ORIENTED_EDGE('',*,*,#881,.T.);
#881 = EDGE_CURVE('',#873,#519,#882,.T.);
#882 = LINE('',#883,#884);
#883 = CARTESIAN_POINT('',(7.1,12.6,0.));
#884 = VECTOR('',#885,1.);
#885 = DIRECTION('',(0.,0.,1.));
#886 = ORIENTED_EDGE('',*,*,#518,.F.);
#887 = ORIENTED_EDGE('',*,*,#69,.F.);
#888 = CYLINDRICAL_SURFACE('',#889,0.5);
#889 = AXIS2_PLACEMENT_3D('',#890,#891,#892);
#890 = CARTESIAN_POINT('',(7.1,12.1,0.));
#891 = DIRECTION('',(0.,0.,1.));
#892 = DIRECTION('',(1.,0.,-0.));
#893 = ADVANCED_FACE('',(#894),#912,.T.);
#894 = FACE_BOUND('',#895,.T.);
#895 = EDGE_LOOP('',(#896,#904,#905,#906));
#896 = ORIENTED_EDGE('',*,*,#897,.F.);
#897 = EDGE_CURVE('',#54,#898,#900,.T.);
#898 = VERTEX_POINT('',#899);
#899 = CARTESIAN_POINT('',(9.8,4.,0.));
#900 = LINE('',#901,#902);
#901 = CARTESIAN_POINT('',(-20.,4.,0.));
#902 = VECTOR('',#903,1.);
#903 = DIRECTION('',(1.,0.,-0.));
#904 = ORIENTED_EDGE('',*,*,#53,.T.);
#905 = ORIENTED_EDGE('',*,*,#511,.T.);
#906 = ORIENTED_EDGE('',*,*,#907,.T.);
#907 = EDGE_CURVE('',#504,#898,#908,.T.);
#908 = LINE('',#909,#910);
#909 = CARTESIAN_POINT('',(9.8,4.,0.));
#910 = VECTOR('',#911,1.);
#911 = DIRECTION('',(-0.,0.,-1.));
#912 = PLANE('',#913);
#913 = AXIS2_PLACEMENT_3D('',#914,#915,#916);
#914 = CARTESIAN_POINT('',(-20.,4.,0.));
#915 = DIRECTION('',(-0.,1.,0.));
#916 = DIRECTION('',(0.,0.,1.));
#917 = ADVANCED_FACE('',(#918,#1664,#1675),#1686,.T.);
#918 = FACE_BOUND('',#919,.T.);
#919 = EDGE_LOOP('',(#920,#930,#939,#947,#956,#964,#972,#980,#989,#997,
    #1006,#1014,#1022,#1030,#1039,#1047,#1056,#1064,#1072,#1080,#1089,
    #1097,#1106,#1114,#1122,#1130,#1139,#1147,#1156,#1164,#1172,#1180,
    #1189,#1197,#1206,#1214,#1222,#1230,#1239,#1245,#1246,#1247,#1248,
    #1256,#1265,#1273,#1282,#1290,#1298,#1306,#1315,#1323,#1332,#1340,
    #1348,#1356,#1365,#1373,#1382,#1390,#1399,#1407,#1416,#1424,#1432,
    #1440,#1449,#1457,#1466,#1474,#1482,#1490,#1499,#1507,#1516,#1524,
    #1532,#1540,#1549,#1557,#1566,#1574,#1582,#1590,#1599,#1607,#1616,
    #1624,#1632,#1640,#1649,#1657));
#920 = ORIENTED_EDGE('',*,*,#921,.T.);
#921 = EDGE_CURVE('',#922,#924,#926,.T.);
#922 = VERTEX_POINT('',#923);
#923 = CARTESIAN_POINT('',(-20.,-6.9,0.));
#924 = VERTEX_POINT('',#925);
#925 = CARTESIAN_POINT('',(-20.,12.1,0.));
#926 = LINE('',#927,#928);
#927 = CARTESIAN_POINT('',(-20.,-7.4,0.));
#928 = VECTOR('',#929,1.);
#929 = DIRECTION('',(-0.,1.,0.));
#930 = ORIENTED_EDGE('',*,*,#931,.F.);
#931 = EDGE_CURVE('',#932,#924,#934,.T.);
#932 = VERTEX_POINT('',#933);
#933 = CARTESIAN_POINT('',(-19.5,12.6,0.));
#934 = CIRCLE('',#935,0.5);
#935 = AXIS2_PLACEMENT_3D('',#936,#937,#938);
#936 = CARTESIAN_POINT('',(-19.5,12.1,0.));
#937 = DIRECTION('',(0.,0.,1.));
#938 = DIRECTION('',(0.,-1.,0.));
#939 = ORIENTED_EDGE('',*,*,#940,.T.);
#940 = EDGE_CURVE('',#932,#941,#943,.T.);
#941 = VERTEX_POINT('',#942);
#942 = CARTESIAN_POINT('',(-19.3,12.6,0.));
#943 = LINE('',#944,#945);
#944 = CARTESIAN_POINT('',(-20.,12.6,0.));
#945 = VECTOR('',#946,1.);
#946 = DIRECTION('',(1.,0.,-0.));
#947 = ORIENTED_EDGE('',*,*,#948,.T.);
#948 = EDGE_CURVE('',#941,#949,#951,.T.);
#949 = VERTEX_POINT('',#950);
#950 = CARTESIAN_POINT('',(-18.8,12.1,0.));
#951 = CIRCLE('',#952,0.5);
#952 = AXIS2_PLACEMENT_3D('',#953,#954,#955);
#953 = CARTESIAN_POINT('',(-19.3,12.1,0.));
#954 = DIRECTION('',(-0.,-0.,-1.));
#955 = DIRECTION('',(0.,-1.,0.));
#956 = ORIENTED_EDGE('',*,*,#957,.F.);
#957 = EDGE_CURVE('',#958,#949,#960,.T.);
#958 = VERTEX_POINT('',#959);
#959 = CARTESIAN_POINT('',(-18.8,4.,0.));
#960 = LINE('',#961,#962);
#961 = CARTESIAN_POINT('',(-18.8,-7.4,0.));
#962 = VECTOR('',#963,1.);
#963 = DIRECTION('',(-0.,1.,0.));
#964 = ORIENTED_EDGE('',*,*,#965,.T.);
#965 = EDGE_CURVE('',#958,#966,#968,.T.);
#966 = VERTEX_POINT('',#967);
#967 = CARTESIAN_POINT('',(-15.,4.,0.));
#968 = LINE('',#969,#970);
#969 = CARTESIAN_POINT('',(-20.,4.,0.));
#970 = VECTOR('',#971,1.);
#971 = DIRECTION('',(1.,0.,-0.));
#972 = ORIENTED_EDGE('',*,*,#973,.T.);
#973 = EDGE_CURVE('',#966,#974,#976,.T.);
#974 = VERTEX_POINT('',#975);
#975 = CARTESIAN_POINT('',(-15.,12.1,0.));
#976 = LINE('',#977,#978);
#977 = CARTESIAN_POINT('',(-15.,-7.4,0.));
#978 = VECTOR('',#979,1.);
#979 = DIRECTION('',(-0.,1.,0.));
#980 = ORIENTED_EDGE('',*,*,#981,.T.);
#981 = EDGE_CURVE('',#974,#982,#984,.T.);
#982 = VERTEX_POINT('',#983);
#983 = CARTESIAN_POINT('',(-14.5,12.6,0.));
#984 = CIRCLE('',#985,0.5);
#985 = AXIS2_PLACEMENT_3D('',#986,#987,#988);
#986 = CARTESIAN_POINT('',(-14.5,12.1,0.));
#987 = DIRECTION('',(-0.,-0.,-1.));
#988 = DIRECTION('',(0.,-1.,0.));
#989 = ORIENTED_EDGE('',*,*,#990,.T.);
#990 = EDGE_CURVE('',#982,#991,#993,.T.);
#991 = VERTEX_POINT('',#992);
#992 = CARTESIAN_POINT('',(-14.3,12.6,0.));
#993 = LINE('',#994,#995);
#994 = CARTESIAN_POINT('',(-15.,12.6,0.));
#995 = VECTOR('',#996,1.);
#996 = DIRECTION('',(1.,0.,-0.));
#997 = ORIENTED_EDGE('',*,*,#998,.T.);
#998 = EDGE_CURVE('',#991,#999,#1001,.T.);
#999 = VERTEX_POINT('',#1000);
#1000 = CARTESIAN_POINT('',(-13.8,12.1,0.));
#1001 = CIRCLE('',#1002,0.5);
#1002 = AXIS2_PLACEMENT_3D('',#1003,#1004,#1005);
#1003 = CARTESIAN_POINT('',(-14.3,12.1,0.));
#1004 = DIRECTION('',(-0.,-0.,-1.));
#1005 = DIRECTION('',(0.,-1.,0.));
#1006 = ORIENTED_EDGE('',*,*,#1007,.F.);
#1007 = EDGE_CURVE('',#1008,#999,#1010,.T.);
#1008 = VERTEX_POINT('',#1009);
#1009 = CARTESIAN_POINT('',(-13.8,4.,0.));
#1010 = LINE('',#1011,#1012);
#1011 = CARTESIAN_POINT('',(-13.8,-7.4,0.));
#1012 = VECTOR('',#1013,1.);
#1013 = DIRECTION('',(-0.,1.,0.));
#1014 = ORIENTED_EDGE('',*,*,#1015,.T.);
#1015 = EDGE_CURVE('',#1008,#1016,#1018,.T.);
#1016 = VERTEX_POINT('',#1017);
#1017 = CARTESIAN_POINT('',(-11.,4.,0.));
#1018 = LINE('',#1019,#1020);
#1019 = CARTESIAN_POINT('',(-20.,4.,0.));
#1020 = VECTOR('',#1021,1.);
#1021 = DIRECTION('',(1.,0.,-0.));
#1022 = ORIENTED_EDGE('',*,*,#1023,.T.);
#1023 = EDGE_CURVE('',#1016,#1024,#1026,.T.);
#1024 = VERTEX_POINT('',#1025);
#1025 = CARTESIAN_POINT('',(-11.,12.1,0.));
#1026 = LINE('',#1027,#1028);
#1027 = CARTESIAN_POINT('',(-11.,-7.4,0.));
#1028 = VECTOR('',#1029,1.);
#1029 = DIRECTION('',(-0.,1.,0.));
#1030 = ORIENTED_EDGE('',*,*,#1031,.T.);
#1031 = EDGE_CURVE('',#1024,#1032,#1034,.T.);
#1032 = VERTEX_POINT('',#1033);
#1033 = CARTESIAN_POINT('',(-10.5,12.6,0.));
#1034 = CIRCLE('',#1035,0.5);
#1035 = AXIS2_PLACEMENT_3D('',#1036,#1037,#1038);
#1036 = CARTESIAN_POINT('',(-10.5,12.1,0.));
#1037 = DIRECTION('',(-0.,-0.,-1.));
#1038 = DIRECTION('',(0.,-1.,0.));
#1039 = ORIENTED_EDGE('',*,*,#1040,.T.);
#1040 = EDGE_CURVE('',#1032,#1041,#1043,.T.);
#1041 = VERTEX_POINT('',#1042);
#1042 = CARTESIAN_POINT('',(-10.3,12.6,0.));
#1043 = LINE('',#1044,#1045);
#1044 = CARTESIAN_POINT('',(-11.,12.6,0.));
#1045 = VECTOR('',#1046,1.);
#1046 = DIRECTION('',(1.,0.,-0.));
#1047 = ORIENTED_EDGE('',*,*,#1048,.T.);
#1048 = EDGE_CURVE('',#1041,#1049,#1051,.T.);
#1049 = VERTEX_POINT('',#1050);
#1050 = CARTESIAN_POINT('',(-9.8,12.1,0.));
#1051 = CIRCLE('',#1052,0.5);
#1052 = AXIS2_PLACEMENT_3D('',#1053,#1054,#1055);
#1053 = CARTESIAN_POINT('',(-10.3,12.1,0.));
#1054 = DIRECTION('',(-0.,-0.,-1.));
#1055 = DIRECTION('',(0.,-1.,0.));
#1056 = ORIENTED_EDGE('',*,*,#1057,.F.);
#1057 = EDGE_CURVE('',#1058,#1049,#1060,.T.);
#1058 = VERTEX_POINT('',#1059);
#1059 = CARTESIAN_POINT('',(-9.8,4.,0.));
#1060 = LINE('',#1061,#1062);
#1061 = CARTESIAN_POINT('',(-9.8,-7.4,0.));
#1062 = VECTOR('',#1063,1.);
#1063 = DIRECTION('',(-0.,1.,0.));
#1064 = ORIENTED_EDGE('',*,*,#1065,.T.);
#1065 = EDGE_CURVE('',#1058,#1066,#1068,.T.);
#1066 = VERTEX_POINT('',#1067);
#1067 = CARTESIAN_POINT('',(-7.6,4.,0.));
#1068 = LINE('',#1069,#1070);
#1069 = CARTESIAN_POINT('',(-20.,4.,0.));
#1070 = VECTOR('',#1071,1.);
#1071 = DIRECTION('',(1.,0.,-0.));
#1072 = ORIENTED_EDGE('',*,*,#1073,.T.);
#1073 = EDGE_CURVE('',#1066,#1074,#1076,.T.);
#1074 = VERTEX_POINT('',#1075);
#1075 = CARTESIAN_POINT('',(-7.6,12.1,0.));
#1076 = LINE('',#1077,#1078);
#1077 = CARTESIAN_POINT('',(-7.6,4.,0.));
#1078 = VECTOR('',#1079,1.);
#1079 = DIRECTION('',(-0.,1.,0.));
#1080 = ORIENTED_EDGE('',*,*,#1081,.T.);
#1081 = EDGE_CURVE('',#1074,#1082,#1084,.T.);
#1082 = VERTEX_POINT('',#1083);
#1083 = CARTESIAN_POINT('',(-7.1,12.6,0.));
#1084 = CIRCLE('',#1085,0.5);
#1085 = AXIS2_PLACEMENT_3D('',#1086,#1087,#1088);
#1086 = CARTESIAN_POINT('',(-7.1,12.1,0.));
#1087 = DIRECTION('',(-0.,-0.,-1.));
#1088 = DIRECTION('',(0.,-1.,0.));
#1089 = ORIENTED_EDGE('',*,*,#1090,.T.);
#1090 = EDGE_CURVE('',#1082,#1091,#1093,.T.);
#1091 = VERTEX_POINT('',#1092);
#1092 = CARTESIAN_POINT('',(-6.9,12.6,0.));
#1093 = LINE('',#1094,#1095);
#1094 = CARTESIAN_POINT('',(-7.6,12.6,0.));
#1095 = VECTOR('',#1096,1.);
#1096 = DIRECTION('',(1.,0.,-0.));
#1097 = ORIENTED_EDGE('',*,*,#1098,.F.);
#1098 = EDGE_CURVE('',#1099,#1091,#1101,.T.);
#1099 = VERTEX_POINT('',#1100);
#1100 = CARTESIAN_POINT('',(-6.4,12.1,0.));
#1101 = CIRCLE('',#1102,0.5);
#1102 = AXIS2_PLACEMENT_3D('',#1103,#1104,#1105);
#1103 = CARTESIAN_POINT('',(-6.9,12.1,0.));
#1104 = DIRECTION('',(0.,0.,1.));
#1105 = DIRECTION('',(0.,-1.,0.));
#1106 = ORIENTED_EDGE('',*,*,#1107,.F.);
#1107 = EDGE_CURVE('',#1108,#1099,#1110,.T.);
#1108 = VERTEX_POINT('',#1109);
#1109 = CARTESIAN_POINT('',(-6.4,4.,0.));
#1110 = LINE('',#1111,#1112);
#1111 = CARTESIAN_POINT('',(-6.4,4.,0.));
#1112 = VECTOR('',#1113,1.);
#1113 = DIRECTION('',(-0.,1.,0.));
#1114 = ORIENTED_EDGE('',*,*,#1115,.T.);
#1115 = EDGE_CURVE('',#1108,#1116,#1118,.T.);
#1116 = VERTEX_POINT('',#1117);
#1117 = CARTESIAN_POINT('',(-3.8,4.,0.));
#1118 = LINE('',#1119,#1120);
#1119 = CARTESIAN_POINT('',(-20.,4.,0.));
#1120 = VECTOR('',#1121,1.);
#1121 = DIRECTION('',(1.,0.,-0.));
#1122 = ORIENTED_EDGE('',*,*,#1123,.T.);
#1123 = EDGE_CURVE('',#1116,#1124,#1126,.T.);
#1124 = VERTEX_POINT('',#1125);
#1125 = CARTESIAN_POINT('',(-3.8,12.1,0.));
#1126 = LINE('',#1127,#1128);
#1127 = CARTESIAN_POINT('',(-3.8,4.,0.));
#1128 = VECTOR('',#1129,1.);
#1129 = DIRECTION('',(-0.,1.,0.));
#1130 = ORIENTED_EDGE('',*,*,#1131,.T.);
#1131 = EDGE_CURVE('',#1124,#1132,#1134,.T.);
#1132 = VERTEX_POINT('',#1133);
#1133 = CARTESIAN_POINT('',(-3.3,12.6,0.));
#1134 = CIRCLE('',#1135,0.5);
#1135 = AXIS2_PLACEMENT_3D('',#1136,#1137,#1138);
#1136 = CARTESIAN_POINT('',(-3.3,12.1,0.));
#1137 = DIRECTION('',(-0.,-0.,-1.));
#1138 = DIRECTION('',(0.,-1.,0.));
#1139 = ORIENTED_EDGE('',*,*,#1140,.T.);
#1140 = EDGE_CURVE('',#1132,#1141,#1143,.T.);
#1141 = VERTEX_POINT('',#1142);
#1142 = CARTESIAN_POINT('',(-3.1,12.6,0.));
#1143 = LINE('',#1144,#1145);
#1144 = CARTESIAN_POINT('',(-3.8,12.6,0.));
#1145 = VECTOR('',#1146,1.);
#1146 = DIRECTION('',(1.,0.,-0.));
#1147 = ORIENTED_EDGE('',*,*,#1148,.F.);
#1148 = EDGE_CURVE('',#1149,#1141,#1151,.T.);
#1149 = VERTEX_POINT('',#1150);
#1150 = CARTESIAN_POINT('',(-2.6,12.1,0.));
#1151 = CIRCLE('',#1152,0.5);
#1152 = AXIS2_PLACEMENT_3D('',#1153,#1154,#1155);
#1153 = CARTESIAN_POINT('',(-3.1,12.1,0.));
#1154 = DIRECTION('',(0.,0.,1.));
#1155 = DIRECTION('',(0.,-1.,0.));
#1156 = ORIENTED_EDGE('',*,*,#1157,.F.);
#1157 = EDGE_CURVE('',#1158,#1149,#1160,.T.);
#1158 = VERTEX_POINT('',#1159);
#1159 = CARTESIAN_POINT('',(-2.6,4.,0.));
#1160 = LINE('',#1161,#1162);
#1161 = CARTESIAN_POINT('',(-2.6,4.,0.));
#1162 = VECTOR('',#1163,1.);
#1163 = DIRECTION('',(-0.,1.,0.));
#1164 = ORIENTED_EDGE('',*,*,#1165,.T.);
#1165 = EDGE_CURVE('',#1158,#1166,#1168,.T.);
#1166 = VERTEX_POINT('',#1167);
#1167 = CARTESIAN_POINT('',(2.6,4.,0.));
#1168 = LINE('',#1169,#1170);
#1169 = CARTESIAN_POINT('',(-20.,4.,0.));
#1170 = VECTOR('',#1171,1.);
#1171 = DIRECTION('',(1.,0.,-0.));
#1172 = ORIENTED_EDGE('',*,*,#1173,.T.);
#1173 = EDGE_CURVE('',#1166,#1174,#1176,.T.);
#1174 = VERTEX_POINT('',#1175);
#1175 = CARTESIAN_POINT('',(2.6,12.1,0.));
#1176 = LINE('',#1177,#1178);
#1177 = CARTESIAN_POINT('',(2.6,4.,0.));
#1178 = VECTOR('',#1179,1.);
#1179 = DIRECTION('',(-0.,1.,0.));
#1180 = ORIENTED_EDGE('',*,*,#1181,.T.);
#1181 = EDGE_CURVE('',#1174,#1182,#1184,.T.);
#1182 = VERTEX_POINT('',#1183);
#1183 = CARTESIAN_POINT('',(3.1,12.6,0.));
#1184 = CIRCLE('',#1185,0.5);
#1185 = AXIS2_PLACEMENT_3D('',#1186,#1187,#1188);
#1186 = CARTESIAN_POINT('',(3.1,12.1,0.));
#1187 = DIRECTION('',(-0.,-0.,-1.));
#1188 = DIRECTION('',(0.,-1.,0.));
#1189 = ORIENTED_EDGE('',*,*,#1190,.T.);
#1190 = EDGE_CURVE('',#1182,#1191,#1193,.T.);
#1191 = VERTEX_POINT('',#1192);
#1192 = CARTESIAN_POINT('',(3.3,12.6,0.));
#1193 = LINE('',#1194,#1195);
#1194 = CARTESIAN_POINT('',(2.6,12.6,0.));
#1195 = VECTOR('',#1196,1.);
#1196 = DIRECTION('',(1.,0.,-0.));
#1197 = ORIENTED_EDGE('',*,*,#1198,.F.);
#1198 = EDGE_CURVE('',#1199,#1191,#1201,.T.);
#1199 = VERTEX_POINT('',#1200);
#1200 = CARTESIAN_POINT('',(3.8,12.1,0.));
#1201 = CIRCLE('',#1202,0.5);
#1202 = AXIS2_PLACEMENT_3D('',#1203,#1204,#1205);
#1203 = CARTESIAN_POINT('',(3.3,12.1,0.));
#1204 = DIRECTION('',(0.,0.,1.));
#1205 = DIRECTION('',(0.,-1.,0.));
#1206 = ORIENTED_EDGE('',*,*,#1207,.F.);
#1207 = EDGE_CURVE('',#1208,#1199,#1210,.T.);
#1208 = VERTEX_POINT('',#1209);
#1209 = CARTESIAN_POINT('',(3.8,4.,0.));
#1210 = LINE('',#1211,#1212);
#1211 = CARTESIAN_POINT('',(3.8,4.,0.));
#1212 = VECTOR('',#1213,1.);
#1213 = DIRECTION('',(-0.,1.,0.));
#1214 = ORIENTED_EDGE('',*,*,#1215,.T.);
#1215 = EDGE_CURVE('',#1208,#1216,#1218,.T.);
#1216 = VERTEX_POINT('',#1217);
#1217 = CARTESIAN_POINT('',(6.4,4.,0.));
#1218 = LINE('',#1219,#1220);
#1219 = CARTESIAN_POINT('',(-20.,4.,0.));
#1220 = VECTOR('',#1221,1.);
#1221 = DIRECTION('',(1.,0.,-0.));
#1222 = ORIENTED_EDGE('',*,*,#1223,.T.);
#1223 = EDGE_CURVE('',#1216,#1224,#1226,.T.);
#1224 = VERTEX_POINT('',#1225);
#1225 = CARTESIAN_POINT('',(6.4,12.1,0.));
#1226 = LINE('',#1227,#1228);
#1227 = CARTESIAN_POINT('',(6.4,4.,0.));
#1228 = VECTOR('',#1229,1.);
#1229 = DIRECTION('',(-0.,1.,0.));
#1230 = ORIENTED_EDGE('',*,*,#1231,.T.);
#1231 = EDGE_CURVE('',#1224,#1232,#1234,.T.);
#1232 = VERTEX_POINT('',#1233);
#1233 = CARTESIAN_POINT('',(6.9,12.6,0.));
#1234 = CIRCLE('',#1235,0.5);
#1235 = AXIS2_PLACEMENT_3D('',#1236,#1237,#1238);
#1236 = CARTESIAN_POINT('',(6.9,12.1,0.));
#1237 = DIRECTION('',(-0.,-0.,-1.));
#1238 = DIRECTION('',(0.,-1.,0.));
#1239 = ORIENTED_EDGE('',*,*,#1240,.T.);
#1240 = EDGE_CURVE('',#1232,#873,#1241,.T.);
#1241 = LINE('',#1242,#1243);
#1242 = CARTESIAN_POINT('',(6.4,12.6,0.));
#1243 = VECTOR('',#1244,1.);
#1244 = DIRECTION('',(1.,0.,-0.));
#1245 = ORIENTED_EDGE('',*,*,#872,.F.);
#1246 = ORIENTED_EDGE('',*,*,#61,.F.);
#1247 = ORIENTED_EDGE('',*,*,#897,.T.);
#1248 = ORIENTED_EDGE('',*,*,#1249,.T.);
#1249 = EDGE_CURVE('',#898,#1250,#1252,.T.);
#1250 = VERTEX_POINT('',#1251);
#1251 = CARTESIAN_POINT('',(9.8,12.1,0.));
#1252 = LINE('',#1253,#1254);
#1253 = CARTESIAN_POINT('',(9.8,-7.4,0.));
#1254 = VECTOR('',#1255,1.);
#1255 = DIRECTION('',(-0.,1.,0.));
#1256 = ORIENTED_EDGE('',*,*,#1257,.T.);
#1257 = EDGE_CURVE('',#1250,#1258,#1260,.T.);
#1258 = VERTEX_POINT('',#1259);
#1259 = CARTESIAN_POINT('',(10.3,12.6,0.));
#1260 = CIRCLE('',#1261,0.5);
#1261 = AXIS2_PLACEMENT_3D('',#1262,#1263,#1264);
#1262 = CARTESIAN_POINT('',(10.3,12.1,0.));
#1263 = DIRECTION('',(-0.,-0.,-1.));
#1264 = DIRECTION('',(0.,-1.,0.));
#1265 = ORIENTED_EDGE('',*,*,#1266,.T.);
#1266 = EDGE_CURVE('',#1258,#1267,#1269,.T.);
#1267 = VERTEX_POINT('',#1268);
#1268 = CARTESIAN_POINT('',(10.5,12.6,0.));
#1269 = LINE('',#1270,#1271);
#1270 = CARTESIAN_POINT('',(9.8,12.6,0.));
#1271 = VECTOR('',#1272,1.);
#1272 = DIRECTION('',(1.,0.,-0.));
#1273 = ORIENTED_EDGE('',*,*,#1274,.T.);
#1274 = EDGE_CURVE('',#1267,#1275,#1277,.T.);
#1275 = VERTEX_POINT('',#1276);
#1276 = CARTESIAN_POINT('',(11.,12.1,0.));
#1277 = CIRCLE('',#1278,0.5);
#1278 = AXIS2_PLACEMENT_3D('',#1279,#1280,#1281);
#1279 = CARTESIAN_POINT('',(10.5,12.1,0.));
#1280 = DIRECTION('',(-0.,-0.,-1.));
#1281 = DIRECTION('',(0.,-1.,0.));
#1282 = ORIENTED_EDGE('',*,*,#1283,.F.);
#1283 = EDGE_CURVE('',#1284,#1275,#1286,.T.);
#1284 = VERTEX_POINT('',#1285);
#1285 = CARTESIAN_POINT('',(11.,4.,0.));
#1286 = LINE('',#1287,#1288);
#1287 = CARTESIAN_POINT('',(11.,-7.4,0.));
#1288 = VECTOR('',#1289,1.);
#1289 = DIRECTION('',(-0.,1.,0.));
#1290 = ORIENTED_EDGE('',*,*,#1291,.T.);
#1291 = EDGE_CURVE('',#1284,#1292,#1294,.T.);
#1292 = VERTEX_POINT('',#1293);
#1293 = CARTESIAN_POINT('',(13.8,4.,0.));
#1294 = LINE('',#1295,#1296);
#1295 = CARTESIAN_POINT('',(-20.,4.,0.));
#1296 = VECTOR('',#1297,1.);
#1297 = DIRECTION('',(1.,0.,-0.));
#1298 = ORIENTED_EDGE('',*,*,#1299,.T.);
#1299 = EDGE_CURVE('',#1292,#1300,#1302,.T.);
#1300 = VERTEX_POINT('',#1301);
#1301 = CARTESIAN_POINT('',(13.8,12.1,0.));
#1302 = LINE('',#1303,#1304);
#1303 = CARTESIAN_POINT('',(13.8,-7.4,0.));
#1304 = VECTOR('',#1305,1.);
#1305 = DIRECTION('',(-0.,1.,0.));
#1306 = ORIENTED_EDGE('',*,*,#1307,.T.);
#1307 = EDGE_CURVE('',#1300,#1308,#1310,.T.);
#1308 = VERTEX_POINT('',#1309);
#1309 = CARTESIAN_POINT('',(14.3,12.6,0.));
#1310 = CIRCLE('',#1311,0.5);
#1311 = AXIS2_PLACEMENT_3D('',#1312,#1313,#1314);
#1312 = CARTESIAN_POINT('',(14.3,12.1,0.));
#1313 = DIRECTION('',(-0.,-0.,-1.));
#1314 = DIRECTION('',(0.,-1.,0.));
#1315 = ORIENTED_EDGE('',*,*,#1316,.T.);
#1316 = EDGE_CURVE('',#1308,#1317,#1319,.T.);
#1317 = VERTEX_POINT('',#1318);
#1318 = CARTESIAN_POINT('',(14.5,12.6,0.));
#1319 = LINE('',#1320,#1321);
#1320 = CARTESIAN_POINT('',(13.8,12.6,0.));
#1321 = VECTOR('',#1322,1.);
#1322 = DIRECTION('',(1.,0.,-0.));
#1323 = ORIENTED_EDGE('',*,*,#1324,.T.);
#1324 = EDGE_CURVE('',#1317,#1325,#1327,.T.);
#1325 = VERTEX_POINT('',#1326);
#1326 = CARTESIAN_POINT('',(15.,12.1,0.));
#1327 = CIRCLE('',#1328,0.5);
#1328 = AXIS2_PLACEMENT_3D('',#1329,#1330,#1331);
#1329 = CARTESIAN_POINT('',(14.5,12.1,0.));
#1330 = DIRECTION('',(-0.,-0.,-1.));
#1331 = DIRECTION('',(0.,-1.,0.));
#1332 = ORIENTED_EDGE('',*,*,#1333,.F.);
#1333 = EDGE_CURVE('',#1334,#1325,#1336,.T.);
#1334 = VERTEX_POINT('',#1335);
#1335 = CARTESIAN_POINT('',(15.,4.,0.));
#1336 = LINE('',#1337,#1338);
#1337 = CARTESIAN_POINT('',(15.,-7.4,0.));
#1338 = VECTOR('',#1339,1.);
#1339 = DIRECTION('',(-0.,1.,0.));
#1340 = ORIENTED_EDGE('',*,*,#1341,.T.);
#1341 = EDGE_CURVE('',#1334,#1342,#1344,.T.);
#1342 = VERTEX_POINT('',#1343);
#1343 = CARTESIAN_POINT('',(18.8,4.,0.));
#1344 = LINE('',#1345,#1346);
#1345 = CARTESIAN_POINT('',(-20.,4.,0.));
#1346 = VECTOR('',#1347,1.);
#1347 = DIRECTION('',(1.,0.,-0.));
#1348 = ORIENTED_EDGE('',*,*,#1349,.T.);
#1349 = EDGE_CURVE('',#1342,#1350,#1352,.T.);
#1350 = VERTEX_POINT('',#1351);
#1351 = CARTESIAN_POINT('',(18.8,12.1,0.));
#1352 = LINE('',#1353,#1354);
#1353 = CARTESIAN_POINT('',(18.8,-7.4,0.));
#1354 = VECTOR('',#1355,1.);
#1355 = DIRECTION('',(-0.,1.,0.));
#1356 = ORIENTED_EDGE('',*,*,#1357,.T.);
#1357 = EDGE_CURVE('',#1350,#1358,#1360,.T.);
#1358 = VERTEX_POINT('',#1359);
#1359 = CARTESIAN_POINT('',(19.3,12.6,0.));
#1360 = CIRCLE('',#1361,0.5);
#1361 = AXIS2_PLACEMENT_3D('',#1362,#1363,#1364);
#1362 = CARTESIAN_POINT('',(19.3,12.1,0.));
#1363 = DIRECTION('',(-0.,-0.,-1.));
#1364 = DIRECTION('',(0.,-1.,0.));
#1365 = ORIENTED_EDGE('',*,*,#1366,.T.);
#1366 = EDGE_CURVE('',#1358,#1367,#1369,.T.);
#1367 = VERTEX_POINT('',#1368);
#1368 = CARTESIAN_POINT('',(19.5,12.6,0.));
#1369 = LINE('',#1370,#1371);
#1370 = CARTESIAN_POINT('',(18.8,12.6,0.));
#1371 = VECTOR('',#1372,1.);
#1372 = DIRECTION('',(1.,0.,-0.));
#1373 = ORIENTED_EDGE('',*,*,#1374,.T.);
#1374 = EDGE_CURVE('',#1367,#1375,#1377,.T.);
#1375 = VERTEX_POINT('',#1376);
#1376 = CARTESIAN_POINT('',(20.,12.1,0.));
#1377 = CIRCLE('',#1378,0.5);
#1378 = AXIS2_PLACEMENT_3D('',#1379,#1380,#1381);
#1379 = CARTESIAN_POINT('',(19.5,12.1,0.));
#1380 = DIRECTION('',(-0.,-0.,-1.));
#1381 = DIRECTION('',(0.,-1.,0.));
#1382 = ORIENTED_EDGE('',*,*,#1383,.F.);
#1383 = EDGE_CURVE('',#1384,#1375,#1386,.T.);
#1384 = VERTEX_POINT('',#1385);
#1385 = CARTESIAN_POINT('',(20.,-6.9,0.));
#1386 = LINE('',#1387,#1388);
#1387 = CARTESIAN_POINT('',(20.,-7.4,0.));
#1388 = VECTOR('',#1389,1.);
#1389 = DIRECTION('',(-0.,1.,0.));
#1390 = ORIENTED_EDGE('',*,*,#1391,.F.);
#1391 = EDGE_CURVE('',#1392,#1384,#1394,.T.);
#1392 = VERTEX_POINT('',#1393);
#1393 = CARTESIAN_POINT('',(19.5,-7.4,0.));
#1394 = CIRCLE('',#1395,0.5);
#1395 = AXIS2_PLACEMENT_3D('',#1396,#1397,#1398);
#1396 = CARTESIAN_POINT('',(19.5,-6.9,0.));
#1397 = DIRECTION('',(0.,0.,1.));
#1398 = DIRECTION('',(0.,-1.,0.));
#1399 = ORIENTED_EDGE('',*,*,#1400,.F.);
#1400 = EDGE_CURVE('',#1401,#1392,#1403,.T.);
#1401 = VERTEX_POINT('',#1402);
#1402 = CARTESIAN_POINT('',(19.3,-7.4,0.));
#1403 = LINE('',#1404,#1405);
#1404 = CARTESIAN_POINT('',(18.8,-7.4,0.));
#1405 = VECTOR('',#1406,1.);
#1406 = DIRECTION('',(1.,0.,-0.));
#1407 = ORIENTED_EDGE('',*,*,#1408,.F.);
#1408 = EDGE_CURVE('',#1409,#1401,#1411,.T.);
#1409 = VERTEX_POINT('',#1410);
#1410 = CARTESIAN_POINT('',(18.8,-6.9,0.));
#1411 = CIRCLE('',#1412,0.5);
#1412 = AXIS2_PLACEMENT_3D('',#1413,#1414,#1415);
#1413 = CARTESIAN_POINT('',(19.3,-6.9,0.));
#1414 = DIRECTION('',(0.,0.,1.));
#1415 = DIRECTION('',(0.,-1.,0.));
#1416 = ORIENTED_EDGE('',*,*,#1417,.T.);
#1417 = EDGE_CURVE('',#1409,#1418,#1420,.T.);
#1418 = VERTEX_POINT('',#1419);
#1419 = CARTESIAN_POINT('',(18.8,0.,0.));
#1420 = LINE('',#1421,#1422);
#1421 = CARTESIAN_POINT('',(18.8,-7.4,0.));
#1422 = VECTOR('',#1423,1.);
#1423 = DIRECTION('',(-0.,1.,0.));
#1424 = ORIENTED_EDGE('',*,*,#1425,.F.);
#1425 = EDGE_CURVE('',#1426,#1418,#1428,.T.);
#1426 = VERTEX_POINT('',#1427);
#1427 = CARTESIAN_POINT('',(15.,0.,0.));
#1428 = LINE('',#1429,#1430);
#1429 = CARTESIAN_POINT('',(-20.,0.,0.));
#1430 = VECTOR('',#1431,1.);
#1431 = DIRECTION('',(1.,0.,-0.));
#1432 = ORIENTED_EDGE('',*,*,#1433,.F.);
#1433 = EDGE_CURVE('',#1434,#1426,#1436,.T.);
#1434 = VERTEX_POINT('',#1435);
#1435 = CARTESIAN_POINT('',(15.,-6.9,0.));
#1436 = LINE('',#1437,#1438);
#1437 = CARTESIAN_POINT('',(15.,-7.4,0.));
#1438 = VECTOR('',#1439,1.);
#1439 = DIRECTION('',(-0.,1.,0.));
#1440 = ORIENTED_EDGE('',*,*,#1441,.T.);
#1441 = EDGE_CURVE('',#1434,#1442,#1444,.T.);
#1442 = VERTEX_POINT('',#1443);
#1443 = CARTESIAN_POINT('',(14.5,-7.4,0.));
#1444 = CIRCLE('',#1445,0.5);
#1445 = AXIS2_PLACEMENT_3D('',#1446,#1447,#1448);
#1446 = CARTESIAN_POINT('',(14.5,-6.9,0.));
#1447 = DIRECTION('',(-0.,-0.,-1.));
#1448 = DIRECTION('',(0.,-1.,0.));
#1449 = ORIENTED_EDGE('',*,*,#1450,.F.);
#1450 = EDGE_CURVE('',#1451,#1442,#1453,.T.);
#1451 = VERTEX_POINT('',#1452);
#1452 = CARTESIAN_POINT('',(14.3,-7.4,0.));
#1453 = LINE('',#1454,#1455);
#1454 = CARTESIAN_POINT('',(13.8,-7.4,0.));
#1455 = VECTOR('',#1456,1.);
#1456 = DIRECTION('',(1.,0.,-0.));
#1457 = ORIENTED_EDGE('',*,*,#1458,.T.);
#1458 = EDGE_CURVE('',#1451,#1459,#1461,.T.);
#1459 = VERTEX_POINT('',#1460);
#1460 = CARTESIAN_POINT('',(13.8,-6.9,0.));
#1461 = CIRCLE('',#1462,0.5);
#1462 = AXIS2_PLACEMENT_3D('',#1463,#1464,#1465);
#1463 = CARTESIAN_POINT('',(14.3,-6.9,0.));
#1464 = DIRECTION('',(-0.,-0.,-1.));
#1465 = DIRECTION('',(0.,-1.,0.));
#1466 = ORIENTED_EDGE('',*,*,#1467,.T.);
#1467 = EDGE_CURVE('',#1459,#1468,#1470,.T.);
#1468 = VERTEX_POINT('',#1469);
#1469 = CARTESIAN_POINT('',(13.8,0.,0.));
#1470 = LINE('',#1471,#1472);
#1471 = CARTESIAN_POINT('',(13.8,-7.4,0.));
#1472 = VECTOR('',#1473,1.);
#1473 = DIRECTION('',(-0.,1.,0.));
#1474 = ORIENTED_EDGE('',*,*,#1475,.F.);
#1475 = EDGE_CURVE('',#1476,#1468,#1478,.T.);
#1476 = VERTEX_POINT('',#1477);
#1477 = CARTESIAN_POINT('',(11.,0.,0.));
#1478 = LINE('',#1479,#1480);
#1479 = CARTESIAN_POINT('',(-20.,0.,0.));
#1480 = VECTOR('',#1481,1.);
#1481 = DIRECTION('',(1.,0.,-0.));
#1482 = ORIENTED_EDGE('',*,*,#1483,.F.);
#1483 = EDGE_CURVE('',#1484,#1476,#1486,.T.);
#1484 = VERTEX_POINT('',#1485);
#1485 = CARTESIAN_POINT('',(11.,-6.9,0.));
#1486 = LINE('',#1487,#1488);
#1487 = CARTESIAN_POINT('',(11.,-7.4,0.));
#1488 = VECTOR('',#1489,1.);
#1489 = DIRECTION('',(-0.,1.,0.));
#1490 = ORIENTED_EDGE('',*,*,#1491,.T.);
#1491 = EDGE_CURVE('',#1484,#1492,#1494,.T.);
#1492 = VERTEX_POINT('',#1493);
#1493 = CARTESIAN_POINT('',(10.5,-7.4,0.));
#1494 = CIRCLE('',#1495,0.5);
#1495 = AXIS2_PLACEMENT_3D('',#1496,#1497,#1498);
#1496 = CARTESIAN_POINT('',(10.5,-6.9,0.));
#1497 = DIRECTION('',(-0.,-0.,-1.));
#1498 = DIRECTION('',(0.,-1.,0.));
#1499 = ORIENTED_EDGE('',*,*,#1500,.F.);
#1500 = EDGE_CURVE('',#1501,#1492,#1503,.T.);
#1501 = VERTEX_POINT('',#1502);
#1502 = CARTESIAN_POINT('',(10.3,-7.4,0.));
#1503 = LINE('',#1504,#1505);
#1504 = CARTESIAN_POINT('',(9.8,-7.4,0.));
#1505 = VECTOR('',#1506,1.);
#1506 = DIRECTION('',(1.,0.,-0.));
#1507 = ORIENTED_EDGE('',*,*,#1508,.T.);
#1508 = EDGE_CURVE('',#1501,#1509,#1511,.T.);
#1509 = VERTEX_POINT('',#1510);
#1510 = CARTESIAN_POINT('',(9.8,-6.9,0.));
#1511 = CIRCLE('',#1512,0.5);
#1512 = AXIS2_PLACEMENT_3D('',#1513,#1514,#1515);
#1513 = CARTESIAN_POINT('',(10.3,-6.9,0.));
#1514 = DIRECTION('',(-0.,-0.,-1.));
#1515 = DIRECTION('',(0.,-1.,0.));
#1516 = ORIENTED_EDGE('',*,*,#1517,.T.);
#1517 = EDGE_CURVE('',#1509,#1518,#1520,.T.);
#1518 = VERTEX_POINT('',#1519);
#1519 = CARTESIAN_POINT('',(9.8,0.,0.));
#1520 = LINE('',#1521,#1522);
#1521 = CARTESIAN_POINT('',(9.8,-7.4,0.));
#1522 = VECTOR('',#1523,1.);
#1523 = DIRECTION('',(-0.,1.,0.));
#1524 = ORIENTED_EDGE('',*,*,#1525,.F.);
#1525 = EDGE_CURVE('',#1526,#1518,#1528,.T.);
#1526 = VERTEX_POINT('',#1527);
#1527 = CARTESIAN_POINT('',(-9.8,0.,0.));
#1528 = LINE('',#1529,#1530);
#1529 = CARTESIAN_POINT('',(-20.,0.,0.));
#1530 = VECTOR('',#1531,1.);
#1531 = DIRECTION('',(1.,0.,-0.));
#1532 = ORIENTED_EDGE('',*,*,#1533,.F.);
#1533 = EDGE_CURVE('',#1534,#1526,#1536,.T.);
#1534 = VERTEX_POINT('',#1535);
#1535 = CARTESIAN_POINT('',(-9.8,-6.9,0.));
#1536 = LINE('',#1537,#1538);
#1537 = CARTESIAN_POINT('',(-9.8,-7.4,0.));
#1538 = VECTOR('',#1539,1.);
#1539 = DIRECTION('',(-0.,1.,0.));
#1540 = ORIENTED_EDGE('',*,*,#1541,.T.);
#1541 = EDGE_CURVE('',#1534,#1542,#1544,.T.);
#1542 = VERTEX_POINT('',#1543);
#1543 = CARTESIAN_POINT('',(-10.3,-7.4,0.));
#1544 = CIRCLE('',#1545,0.5);
#1545 = AXIS2_PLACEMENT_3D('',#1546,#1547,#1548);
#1546 = CARTESIAN_POINT('',(-10.3,-6.9,0.));
#1547 = DIRECTION('',(-0.,-0.,-1.));
#1548 = DIRECTION('',(0.,-1.,0.));
#1549 = ORIENTED_EDGE('',*,*,#1550,.F.);
#1550 = EDGE_CURVE('',#1551,#1542,#1553,.T.);
#1551 = VERTEX_POINT('',#1552);
#1552 = CARTESIAN_POINT('',(-10.5,-7.4,0.));
#1553 = LINE('',#1554,#1555);
#1554 = CARTESIAN_POINT('',(-11.,-7.4,0.));
#1555 = VECTOR('',#1556,1.);
#1556 = DIRECTION('',(1.,0.,-0.));
#1557 = ORIENTED_EDGE('',*,*,#1558,.T.);
#1558 = EDGE_CURVE('',#1551,#1559,#1561,.T.);
#1559 = VERTEX_POINT('',#1560);
#1560 = CARTESIAN_POINT('',(-11.,-6.9,0.));
#1561 = CIRCLE('',#1562,0.5);
#1562 = AXIS2_PLACEMENT_3D('',#1563,#1564,#1565);
#1563 = CARTESIAN_POINT('',(-10.5,-6.9,0.));
#1564 = DIRECTION('',(-0.,-0.,-1.));
#1565 = DIRECTION('',(0.,-1.,0.));
#1566 = ORIENTED_EDGE('',*,*,#1567,.T.);
#1567 = EDGE_CURVE('',#1559,#1568,#1570,.T.);
#1568 = VERTEX_POINT('',#1569);
#1569 = CARTESIAN_POINT('',(-11.,0.,0.));
#1570 = LINE('',#1571,#1572);
#1571 = CARTESIAN_POINT('',(-11.,-7.4,0.));
#1572 = VECTOR('',#1573,1.);
#1573 = DIRECTION('',(-0.,1.,0.));
#1574 = ORIENTED_EDGE('',*,*,#1575,.F.);
#1575 = EDGE_CURVE('',#1576,#1568,#1578,.T.);
#1576 = VERTEX_POINT('',#1577);
#1577 = CARTESIAN_POINT('',(-13.8,0.,0.));
#1578 = LINE('',#1579,#1580);
#1579 = CARTESIAN_POINT('',(-20.,0.,0.));
#1580 = VECTOR('',#1581,1.);
#1581 = DIRECTION('',(1.,0.,-0.));
#1582 = ORIENTED_EDGE('',*,*,#1583,.F.);
#1583 = EDGE_CURVE('',#1584,#1576,#1586,.T.);
#1584 = VERTEX_POINT('',#1585);
#1585 = CARTESIAN_POINT('',(-13.8,-6.9,0.));
#1586 = LINE('',#1587,#1588);
#1587 = CARTESIAN_POINT('',(-13.8,-7.4,0.));
#1588 = VECTOR('',#1589,1.);
#1589 = DIRECTION('',(-0.,1.,0.));
#1590 = ORIENTED_EDGE('',*,*,#1591,.T.);
#1591 = EDGE_CURVE('',#1584,#1592,#1594,.T.);
#1592 = VERTEX_POINT('',#1593);
#1593 = CARTESIAN_POINT('',(-14.3,-7.4,0.));
#1594 = CIRCLE('',#1595,0.5);
#1595 = AXIS2_PLACEMENT_3D('',#1596,#1597,#1598);
#1596 = CARTESIAN_POINT('',(-14.3,-6.9,0.));
#1597 = DIRECTION('',(-0.,-0.,-1.));
#1598 = DIRECTION('',(0.,-1.,0.));
#1599 = ORIENTED_EDGE('',*,*,#1600,.F.);
#1600 = EDGE_CURVE('',#1601,#1592,#1603,.T.);
#1601 = VERTEX_POINT('',#1602);
#1602 = CARTESIAN_POINT('',(-14.5,-7.4,0.));
#1603 = LINE('',#1604,#1605);
#1604 = CARTESIAN_POINT('',(-15.,-7.4,0.));
#1605 = VECTOR('',#1606,1.);
#1606 = DIRECTION('',(1.,0.,-0.));
#1607 = ORIENTED_EDGE('',*,*,#1608,.T.);
#1608 = EDGE_CURVE('',#1601,#1609,#1611,.T.);
#1609 = VERTEX_POINT('',#1610);
#1610 = CARTESIAN_POINT('',(-15.,-6.9,0.));
#1611 = CIRCLE('',#1612,0.5);
#1612 = AXIS2_PLACEMENT_3D('',#1613,#1614,#1615);
#1613 = CARTESIAN_POINT('',(-14.5,-6.9,0.));
#1614 = DIRECTION('',(-0.,-0.,-1.));
#1615 = DIRECTION('',(0.,-1.,0.));
#1616 = ORIENTED_EDGE('',*,*,#1617,.T.);
#1617 = EDGE_CURVE('',#1609,#1618,#1620,.T.);
#1618 = VERTEX_POINT('',#1619);
#1619 = CARTESIAN_POINT('',(-15.,0.,0.));
#1620 = LINE('',#1621,#1622);
#1621 = CARTESIAN_POINT('',(-15.,-7.4,0.));
#1622 = VECTOR('',#1623,1.);
#1623 = DIRECTION('',(-0.,1.,0.));
#1624 = ORIENTED_EDGE('',*,*,#1625,.F.);
#1625 = EDGE_CURVE('',#1626,#1618,#1628,.T.);
#1626 = VERTEX_POINT('',#1627);
#1627 = CARTESIAN_POINT('',(-18.8,0.,0.));
#1628 = LINE('',#1629,#1630);
#1629 = CARTESIAN_POINT('',(-20.,0.,0.));
#1630 = VECTOR('',#1631,1.);
#1631 = DIRECTION('',(1.,0.,-0.));
#1632 = ORIENTED_EDGE('',*,*,#1633,.F.);
#1633 = EDGE_CURVE('',#1634,#1626,#1636,.T.);
#1634 = VERTEX_POINT('',#1635);
#1635 = CARTESIAN_POINT('',(-18.8,-6.9,0.));
#1636 = LINE('',#1637,#1638);
#1637 = CARTESIAN_POINT('',(-18.8,-7.4,0.));
#1638 = VECTOR('',#1639,1.);
#1639 = DIRECTION('',(-0.,1.,0.));
#1640 = ORIENTED_EDGE('',*,*,#1641,.F.);
#1641 = EDGE_CURVE('',#1642,#1634,#1644,.T.);
#1642 = VERTEX_POINT('',#1643);
#1643 = CARTESIAN_POINT('',(-19.3,-7.4,0.));
#1644 = CIRCLE('',#1645,0.5);
#1645 = AXIS2_PLACEMENT_3D('',#1646,#1647,#1648);
#1646 = CARTESIAN_POINT('',(-19.3,-6.9,0.));
#1647 = DIRECTION('',(0.,0.,1.));
#1648 = DIRECTION('',(0.,-1.,0.));
#1649 = ORIENTED_EDGE('',*,*,#1650,.F.);
#1650 = EDGE_CURVE('',#1651,#1642,#1653,.T.);
#1651 = VERTEX_POINT('',#1652);
#1652 = CARTESIAN_POINT('',(-19.5,-7.4,0.));
#1653 = LINE('',#1654,#1655);
#1654 = CARTESIAN_POINT('',(-20.,-7.4,0.));
#1655 = VECTOR('',#1656,1.);
#1656 = DIRECTION('',(1.,0.,-0.));
#1657 = ORIENTED_EDGE('',*,*,#1658,.F.);
#1658 = EDGE_CURVE('',#922,#1651,#1659,.T.);
#1659 = CIRCLE('',#1660,0.5);
#1660 = AXIS2_PLACEMENT_3D('',#1661,#1662,#1663);
#1661 = CARTESIAN_POINT('',(-19.5,-6.9,0.));
#1662 = DIRECTION('',(0.,0.,1.));
#1663 = DIRECTION('',(0.,-1.,0.));
#1664 = FACE_BOUND('',#1665,.T.);
#1665 = EDGE_LOOP('',(#1666));
#1666 = ORIENTED_EDGE('',*,*,#1667,.T.);
#1667 = EDGE_CURVE('',#1668,#1668,#1670,.T.);
#1668 = VERTEX_POINT('',#1669);
#1669 = CARTESIAN_POINT('',(17.85,1.5,0.));
#1670 = CIRCLE('',#1671,0.85);
#1671 = AXIS2_PLACEMENT_3D('',#1672,#1673,#1674);
#1672 = CARTESIAN_POINT('',(17.,1.5,0.));
#1673 = DIRECTION('',(0.,0.,1.));
#1674 = DIRECTION('',(1.,0.,-0.));
#1675 = FACE_BOUND('',#1676,.T.);
#1676 = EDGE_LOOP('',(#1677));
#1677 = ORIENTED_EDGE('',*,*,#1678,.T.);
#1678 = EDGE_CURVE('',#1679,#1679,#1681,.T.);
#1679 = VERTEX_POINT('',#1680);
#1680 = CARTESIAN_POINT('',(-16.15,1.5,0.));
#1681 = CIRCLE('',#1682,0.85);
#1682 = AXIS2_PLACEMENT_3D('',#1683,#1684,#1685);
#1683 = CARTESIAN_POINT('',(-17.,1.5,0.));
#1684 = DIRECTION('',(0.,0.,1.));
#1685 = DIRECTION('',(1.,0.,-0.));
#1686 = PLANE('',#1687);
#1687 = AXIS2_PLACEMENT_3D('',#1688,#1689,#1690);
#1688 = CARTESIAN_POINT('',(-1.222263880321E-15,3.798623853211,0.));
#1689 = DIRECTION('',(-0.,-0.,-1.));
#1690 = DIRECTION('',(-1.,0.,0.));
#1691 = ADVANCED_FACE('',(#1692),#1708,.T.);
#1692 = FACE_BOUND('',#1693,.T.);
#1693 = EDGE_LOOP('',(#1694,#1695,#1701,#1702));
#1694 = ORIENTED_EDGE('',*,*,#921,.F.);
#1695 = ORIENTED_EDGE('',*,*,#1696,.T.);
#1696 = EDGE_CURVE('',#922,#84,#1697,.T.);
#1697 = LINE('',#1698,#1699);
#1698 = CARTESIAN_POINT('',(-20.,-6.9,0.));
#1699 = VECTOR('',#1700,1.);
#1700 = DIRECTION('',(0.,0.,1.));
#1701 = ORIENTED_EDGE('',*,*,#83,.T.);
#1702 = ORIENTED_EDGE('',*,*,#1703,.F.);
#1703 = EDGE_CURVE('',#924,#86,#1704,.T.);
#1704 = LINE('',#1705,#1706);
#1705 = CARTESIAN_POINT('',(-20.,12.1,0.));
#1706 = VECTOR('',#1707,1.);
#1707 = DIRECTION('',(0.,0.,1.));
#1708 = PLANE('',#1709);
#1709 = AXIS2_PLACEMENT_3D('',#1710,#1711,#1712);
#1710 = CARTESIAN_POINT('',(-20.,2.6,15.));
#1711 = DIRECTION('',(-1.,-0.,-0.));
#1712 = DIRECTION('',(0.,0.,-1.));
#1713 = ADVANCED_FACE('',(#1714),#1725,.T.);
#1714 = FACE_BOUND('',#1715,.T.);
#1715 = EDGE_LOOP('',(#1716,#1717,#1723,#1724));
#1716 = ORIENTED_EDGE('',*,*,#1658,.T.);
#1717 = ORIENTED_EDGE('',*,*,#1718,.T.);
#1718 = EDGE_CURVE('',#1651,#94,#1719,.T.);
#1719 = LINE('',#1720,#1721);
#1720 = CARTESIAN_POINT('',(-19.5,-7.4,0.));
#1721 = VECTOR('',#1722,1.);
#1722 = DIRECTION('',(0.,0.,1.));
#1723 = ORIENTED_EDGE('',*,*,#93,.F.);
#1724 = ORIENTED_EDGE('',*,*,#1696,.F.);
#1725 = CYLINDRICAL_SURFACE('',#1726,0.5);
#1726 = AXIS2_PLACEMENT_3D('',#1727,#1728,#1729);
#1727 = CARTESIAN_POINT('',(-19.5,-6.9,0.));
#1728 = DIRECTION('',(0.,0.,1.));
#1729 = DIRECTION('',(-1.,0.,0.));
#1730 = ADVANCED_FACE('',(#1731),#1742,.T.);
#1731 = FACE_BOUND('',#1732,.T.);
#1732 = EDGE_LOOP('',(#1733,#1734,#1735,#1736));
#1733 = ORIENTED_EDGE('',*,*,#931,.T.);
#1734 = ORIENTED_EDGE('',*,*,#1703,.T.);
#1735 = ORIENTED_EDGE('',*,*,#835,.F.);
#1736 = ORIENTED_EDGE('',*,*,#1737,.F.);
#1737 = EDGE_CURVE('',#932,#828,#1738,.T.);
#1738 = LINE('',#1739,#1740);
#1739 = CARTESIAN_POINT('',(-19.5,12.6,0.));
#1740 = VECTOR('',#1741,1.);
#1741 = DIRECTION('',(0.,0.,1.));
#1742 = CYLINDRICAL_SURFACE('',#1743,0.5);
#1743 = AXIS2_PLACEMENT_3D('',#1744,#1745,#1746);
#1744 = CARTESIAN_POINT('',(-19.5,12.1,0.));
#1745 = DIRECTION('',(0.,0.,1.));
#1746 = DIRECTION('',(-0.,1.,0.));
#1747 = ADVANCED_FACE('',(#1748),#1759,.F.);
#1748 = FACE_BOUND('',#1749,.F.);
#1749 = EDGE_LOOP('',(#1750,#1751,#1752,#1753));
#1750 = ORIENTED_EDGE('',*,*,#1650,.F.);
#1751 = ORIENTED_EDGE('',*,*,#1718,.T.);
#1752 = ORIENTED_EDGE('',*,*,#102,.T.);
#1753 = ORIENTED_EDGE('',*,*,#1754,.F.);
#1754 = EDGE_CURVE('',#1642,#103,#1755,.T.);
#1755 = LINE('',#1756,#1757);
#1756 = CARTESIAN_POINT('',(-19.3,-7.4,0.));
#1757 = VECTOR('',#1758,1.);
#1758 = DIRECTION('',(0.,0.,1.));
#1759 = PLANE('',#1760);
#1760 = AXIS2_PLACEMENT_3D('',#1761,#1762,#1763);
#1761 = CARTESIAN_POINT('',(-20.,-7.4,0.));
#1762 = DIRECTION('',(-0.,1.,0.));
#1763 = DIRECTION('',(0.,0.,1.));
#1764 = ADVANCED_FACE('',(#1765),#1776,.T.);
#1765 = FACE_BOUND('',#1766,.T.);
#1766 = EDGE_LOOP('',(#1767,#1768,#1769,#1770));
#1767 = ORIENTED_EDGE('',*,*,#940,.F.);
#1768 = ORIENTED_EDGE('',*,*,#1737,.T.);
#1769 = ORIENTED_EDGE('',*,*,#827,.T.);
#1770 = ORIENTED_EDGE('',*,*,#1771,.F.);
#1771 = EDGE_CURVE('',#941,#819,#1772,.T.);
#1772 = LINE('',#1773,#1774);
#1773 = CARTESIAN_POINT('',(-19.3,12.6,0.));
#1774 = VECTOR('',#1775,1.);
#1775 = DIRECTION('',(0.,0.,1.));
#1776 = PLANE('',#1777);
#1777 = AXIS2_PLACEMENT_3D('',#1778,#1779,#1780);
#1778 = CARTESIAN_POINT('',(-20.,12.6,0.));
#1779 = DIRECTION('',(-0.,1.,0.));
#1780 = DIRECTION('',(0.,0.,1.));
#1781 = ADVANCED_FACE('',(#1782),#1793,.T.);
#1782 = FACE_BOUND('',#1783,.T.);
#1783 = EDGE_LOOP('',(#1784,#1785,#1791,#1792));
#1784 = ORIENTED_EDGE('',*,*,#1641,.T.);
#1785 = ORIENTED_EDGE('',*,*,#1786,.T.);
#1786 = EDGE_CURVE('',#1634,#111,#1787,.T.);
#1787 = LINE('',#1788,#1789);
#1788 = CARTESIAN_POINT('',(-18.8,-6.9,0.));
#1789 = VECTOR('',#1790,1.);
#1790 = DIRECTION('',(0.,0.,1.));
#1791 = ORIENTED_EDGE('',*,*,#110,.F.);
#1792 = ORIENTED_EDGE('',*,*,#1754,.F.);
#1793 = CYLINDRICAL_SURFACE('',#1794,0.5);
#1794 = AXIS2_PLACEMENT_3D('',#1795,#1796,#1797);
#1795 = CARTESIAN_POINT('',(-19.3,-6.9,0.));
#1796 = DIRECTION('',(0.,0.,1.));
#1797 = DIRECTION('',(0.,-1.,0.));
#1798 = ADVANCED_FACE('',(#1799),#1810,.T.);
#1799 = FACE_BOUND('',#1800,.F.);
#1800 = EDGE_LOOP('',(#1801,#1802,#1808,#1809));
#1801 = ORIENTED_EDGE('',*,*,#948,.T.);
#1802 = ORIENTED_EDGE('',*,*,#1803,.T.);
#1803 = EDGE_CURVE('',#949,#811,#1804,.T.);
#1804 = LINE('',#1805,#1806);
#1805 = CARTESIAN_POINT('',(-18.8,12.1,0.));
#1806 = VECTOR('',#1807,1.);
#1807 = DIRECTION('',(0.,0.,1.));
#1808 = ORIENTED_EDGE('',*,*,#818,.F.);
#1809 = ORIENTED_EDGE('',*,*,#1771,.F.);
#1810 = CYLINDRICAL_SURFACE('',#1811,0.5);
#1811 = AXIS2_PLACEMENT_3D('',#1812,#1813,#1814);
#1812 = CARTESIAN_POINT('',(-19.3,12.1,0.));
#1813 = DIRECTION('',(0.,0.,1.));
#1814 = DIRECTION('',(-0.,1.,0.));
#1815 = ADVANCED_FACE('',(#1816),#1827,.T.);
#1816 = FACE_BOUND('',#1817,.T.);
#1817 = EDGE_LOOP('',(#1818,#1819,#1820,#1821));
#1818 = ORIENTED_EDGE('',*,*,#119,.F.);
#1819 = ORIENTED_EDGE('',*,*,#1786,.F.);
#1820 = ORIENTED_EDGE('',*,*,#1633,.T.);
#1821 = ORIENTED_EDGE('',*,*,#1822,.F.);
#1822 = EDGE_CURVE('',#120,#1626,#1823,.T.);
#1823 = LINE('',#1824,#1825);
#1824 = CARTESIAN_POINT('',(-18.8,0.,0.));
#1825 = VECTOR('',#1826,1.);
#1826 = DIRECTION('',(-0.,0.,-1.));
#1827 = PLANE('',#1828);
#1828 = AXIS2_PLACEMENT_3D('',#1829,#1830,#1831);
#1829 = CARTESIAN_POINT('',(-18.8,-7.4,0.));
#1830 = DIRECTION('',(1.,0.,-0.));
#1831 = DIRECTION('',(0.,0.,1.));
#1832 = ADVANCED_FACE('',(#1833),#1844,.T.);
#1833 = FACE_BOUND('',#1834,.T.);
#1834 = EDGE_LOOP('',(#1835,#1836,#1842,#1843));
#1835 = ORIENTED_EDGE('',*,*,#810,.F.);
#1836 = ORIENTED_EDGE('',*,*,#1837,.T.);
#1837 = EDGE_CURVE('',#803,#958,#1838,.T.);
#1838 = LINE('',#1839,#1840);
#1839 = CARTESIAN_POINT('',(-18.8,4.,0.));
#1840 = VECTOR('',#1841,1.);
#1841 = DIRECTION('',(-0.,0.,-1.));
#1842 = ORIENTED_EDGE('',*,*,#957,.T.);
#1843 = ORIENTED_EDGE('',*,*,#1803,.T.);
#1844 = PLANE('',#1845);
#1845 = AXIS2_PLACEMENT_3D('',#1846,#1847,#1848);
#1846 = CARTESIAN_POINT('',(-18.8,-7.4,0.));
#1847 = DIRECTION('',(1.,0.,-0.));
#1848 = DIRECTION('',(0.,0.,1.));
#1849 = ADVANCED_FACE('',(#1850),#1861,.F.);
#1850 = FACE_BOUND('',#1851,.F.);
#1851 = EDGE_LOOP('',(#1852,#1853,#1854,#1855));
#1852 = ORIENTED_EDGE('',*,*,#1625,.F.);
#1853 = ORIENTED_EDGE('',*,*,#1822,.F.);
#1854 = ORIENTED_EDGE('',*,*,#127,.T.);
#1855 = ORIENTED_EDGE('',*,*,#1856,.T.);
#1856 = EDGE_CURVE('',#128,#1618,#1857,.T.);
#1857 = LINE('',#1858,#1859);
#1858 = CARTESIAN_POINT('',(-15.,0.,0.));
#1859 = VECTOR('',#1860,1.);
#1860 = DIRECTION('',(-0.,0.,-1.));
#1861 = PLANE('',#1862);
#1862 = AXIS2_PLACEMENT_3D('',#1863,#1864,#1865);
#1863 = CARTESIAN_POINT('',(-20.,0.,0.));
#1864 = DIRECTION('',(-0.,1.,0.));
#1865 = DIRECTION('',(0.,0.,1.));
#1866 = ADVANCED_FACE('',(#1867),#1878,.T.);
#1867 = FACE_BOUND('',#1868,.T.);
#1868 = EDGE_LOOP('',(#1869,#1870,#1871,#1872));
#1869 = ORIENTED_EDGE('',*,*,#965,.F.);
#1870 = ORIENTED_EDGE('',*,*,#1837,.F.);
#1871 = ORIENTED_EDGE('',*,*,#802,.T.);
#1872 = ORIENTED_EDGE('',*,*,#1873,.T.);
#1873 = EDGE_CURVE('',#795,#966,#1874,.T.);
#1874 = LINE('',#1875,#1876);
#1875 = CARTESIAN_POINT('',(-15.,4.,0.));
#1876 = VECTOR('',#1877,1.);
#1877 = DIRECTION('',(-0.,0.,-1.));
#1878 = PLANE('',#1879);
#1879 = AXIS2_PLACEMENT_3D('',#1880,#1881,#1882);
#1880 = CARTESIAN_POINT('',(-20.,4.,0.));
#1881 = DIRECTION('',(-0.,1.,0.));
#1882 = DIRECTION('',(0.,0.,1.));
#1883 = ADVANCED_FACE('',(#1884),#1895,.F.);
#1884 = FACE_BOUND('',#1885,.F.);
#1885 = EDGE_LOOP('',(#1886,#1887,#1893,#1894));
#1886 = ORIENTED_EDGE('',*,*,#135,.F.);
#1887 = ORIENTED_EDGE('',*,*,#1888,.F.);
#1888 = EDGE_CURVE('',#1609,#136,#1889,.T.);
#1889 = LINE('',#1890,#1891);
#1890 = CARTESIAN_POINT('',(-15.,-6.9,0.));
#1891 = VECTOR('',#1892,1.);
#1892 = DIRECTION('',(0.,0.,1.));
#1893 = ORIENTED_EDGE('',*,*,#1617,.T.);
#1894 = ORIENTED_EDGE('',*,*,#1856,.F.);
#1895 = PLANE('',#1896);
#1896 = AXIS2_PLACEMENT_3D('',#1897,#1898,#1899);
#1897 = CARTESIAN_POINT('',(-15.,-7.4,0.));
#1898 = DIRECTION('',(1.,0.,-0.));
#1899 = DIRECTION('',(0.,0.,1.));
#1900 = ADVANCED_FACE('',(#1901),#1912,.F.);
#1901 = FACE_BOUND('',#1902,.F.);
#1902 = EDGE_LOOP('',(#1903,#1904,#1905,#1906));
#1903 = ORIENTED_EDGE('',*,*,#794,.F.);
#1904 = ORIENTED_EDGE('',*,*,#1873,.T.);
#1905 = ORIENTED_EDGE('',*,*,#973,.T.);
#1906 = ORIENTED_EDGE('',*,*,#1907,.T.);
#1907 = EDGE_CURVE('',#974,#786,#1908,.T.);
#1908 = LINE('',#1909,#1910);
#1909 = CARTESIAN_POINT('',(-15.,12.1,0.));
#1910 = VECTOR('',#1911,1.);
#1911 = DIRECTION('',(0.,0.,1.));
#1912 = PLANE('',#1913);
#1913 = AXIS2_PLACEMENT_3D('',#1914,#1915,#1916);
#1914 = CARTESIAN_POINT('',(-15.,-7.4,0.));
#1915 = DIRECTION('',(1.,0.,-0.));
#1916 = DIRECTION('',(0.,0.,1.));
#1917 = ADVANCED_FACE('',(#1918),#1929,.T.);
#1918 = FACE_BOUND('',#1919,.F.);
#1919 = EDGE_LOOP('',(#1920,#1921,#1922,#1923));
#1920 = ORIENTED_EDGE('',*,*,#1608,.T.);
#1921 = ORIENTED_EDGE('',*,*,#1888,.T.);
#1922 = ORIENTED_EDGE('',*,*,#143,.F.);
#1923 = ORIENTED_EDGE('',*,*,#1924,.F.);
#1924 = EDGE_CURVE('',#1601,#144,#1925,.T.);
#1925 = LINE('',#1926,#1927);
#1926 = CARTESIAN_POINT('',(-14.5,-7.4,0.));
#1927 = VECTOR('',#1928,1.);
#1928 = DIRECTION('',(0.,0.,1.));
#1929 = CYLINDRICAL_SURFACE('',#1930,0.5);
#1930 = AXIS2_PLACEMENT_3D('',#1931,#1932,#1933);
#1931 = CARTESIAN_POINT('',(-14.5,-6.9,0.));
#1932 = DIRECTION('',(0.,0.,1.));
#1933 = DIRECTION('',(0.,-1.,0.));
#1934 = ADVANCED_FACE('',(#1935),#1946,.T.);
#1935 = FACE_BOUND('',#1936,.F.);
#1936 = EDGE_LOOP('',(#1937,#1938,#1944,#1945));
#1937 = ORIENTED_EDGE('',*,*,#981,.T.);
#1938 = ORIENTED_EDGE('',*,*,#1939,.T.);
#1939 = EDGE_CURVE('',#982,#778,#1940,.T.);
#1940 = LINE('',#1941,#1942);
#1941 = CARTESIAN_POINT('',(-14.5,12.6,0.));
#1942 = VECTOR('',#1943,1.);
#1943 = DIRECTION('',(0.,0.,1.));
#1944 = ORIENTED_EDGE('',*,*,#785,.F.);
#1945 = ORIENTED_EDGE('',*,*,#1907,.F.);
#1946 = CYLINDRICAL_SURFACE('',#1947,0.5);
#1947 = AXIS2_PLACEMENT_3D('',#1948,#1949,#1950);
#1948 = CARTESIAN_POINT('',(-14.5,12.1,0.));
#1949 = DIRECTION('',(0.,0.,1.));
#1950 = DIRECTION('',(-1.,-0.,0.));
#1951 = ADVANCED_FACE('',(#1952),#1963,.F.);
#1952 = FACE_BOUND('',#1953,.F.);
#1953 = EDGE_LOOP('',(#1954,#1955,#1956,#1957));
#1954 = ORIENTED_EDGE('',*,*,#1600,.F.);
#1955 = ORIENTED_EDGE('',*,*,#1924,.T.);
#1956 = ORIENTED_EDGE('',*,*,#152,.T.);
#1957 = ORIENTED_EDGE('',*,*,#1958,.F.);
#1958 = EDGE_CURVE('',#1592,#153,#1959,.T.);
#1959 = LINE('',#1960,#1961);
#1960 = CARTESIAN_POINT('',(-14.3,-7.4,0.));
#1961 = VECTOR('',#1962,1.);
#1962 = DIRECTION('',(0.,0.,1.));
#1963 = PLANE('',#1964);
#1964 = AXIS2_PLACEMENT_3D('',#1965,#1966,#1967);
#1965 = CARTESIAN_POINT('',(-15.,-7.4,0.));
#1966 = DIRECTION('',(-0.,1.,0.));
#1967 = DIRECTION('',(0.,0.,1.));
#1968 = ADVANCED_FACE('',(#1969),#1980,.T.);
#1969 = FACE_BOUND('',#1970,.T.);
#1970 = EDGE_LOOP('',(#1971,#1972,#1973,#1974));
#1971 = ORIENTED_EDGE('',*,*,#990,.F.);
#1972 = ORIENTED_EDGE('',*,*,#1939,.T.);
#1973 = ORIENTED_EDGE('',*,*,#777,.T.);
#1974 = ORIENTED_EDGE('',*,*,#1975,.F.);
#1975 = EDGE_CURVE('',#991,#769,#1976,.T.);
#1976 = LINE('',#1977,#1978);
#1977 = CARTESIAN_POINT('',(-14.3,12.6,0.));
#1978 = VECTOR('',#1979,1.);
#1979 = DIRECTION('',(0.,0.,1.));
#1980 = PLANE('',#1981);
#1981 = AXIS2_PLACEMENT_3D('',#1982,#1983,#1984);
#1982 = CARTESIAN_POINT('',(-15.,12.6,0.));
#1983 = DIRECTION('',(-0.,1.,0.));
#1984 = DIRECTION('',(0.,0.,1.));
#1985 = ADVANCED_FACE('',(#1986),#1997,.T.);
#1986 = FACE_BOUND('',#1987,.F.);
#1987 = EDGE_LOOP('',(#1988,#1989,#1990,#1991));
#1988 = ORIENTED_EDGE('',*,*,#1591,.T.);
#1989 = ORIENTED_EDGE('',*,*,#1958,.T.);
#1990 = ORIENTED_EDGE('',*,*,#160,.F.);
#1991 = ORIENTED_EDGE('',*,*,#1992,.F.);
#1992 = EDGE_CURVE('',#1584,#161,#1993,.T.);
#1993 = LINE('',#1994,#1995);
#1994 = CARTESIAN_POINT('',(-13.8,-6.9,0.));
#1995 = VECTOR('',#1996,1.);
#1996 = DIRECTION('',(0.,0.,1.));
#1997 = CYLINDRICAL_SURFACE('',#1998,0.5);
#1998 = AXIS2_PLACEMENT_3D('',#1999,#2000,#2001);
#1999 = CARTESIAN_POINT('',(-14.3,-6.9,0.));
#2000 = DIRECTION('',(0.,0.,1.));
#2001 = DIRECTION('',(1.,0.,-0.));
#2002 = ADVANCED_FACE('',(#2003),#2014,.T.);
#2003 = FACE_BOUND('',#2004,.F.);
#2004 = EDGE_LOOP('',(#2005,#2006,#2012,#2013));
#2005 = ORIENTED_EDGE('',*,*,#998,.T.);
#2006 = ORIENTED_EDGE('',*,*,#2007,.T.);
#2007 = EDGE_CURVE('',#999,#761,#2008,.T.);
#2008 = LINE('',#2009,#2010);
#2009 = CARTESIAN_POINT('',(-13.8,12.1,0.));
#2010 = VECTOR('',#2011,1.);
#2011 = DIRECTION('',(0.,0.,1.));
#2012 = ORIENTED_EDGE('',*,*,#768,.F.);
#2013 = ORIENTED_EDGE('',*,*,#1975,.F.);
#2014 = CYLINDRICAL_SURFACE('',#2015,0.5);
#2015 = AXIS2_PLACEMENT_3D('',#2016,#2017,#2018);
#2016 = CARTESIAN_POINT('',(-14.3,12.1,0.));
#2017 = DIRECTION('',(0.,0.,1.));
#2018 = DIRECTION('',(-0.,1.,0.));
#2019 = ADVANCED_FACE('',(#2020),#2031,.T.);
#2020 = FACE_BOUND('',#2021,.T.);
#2021 = EDGE_LOOP('',(#2022,#2023,#2024,#2025));
#2022 = ORIENTED_EDGE('',*,*,#169,.F.);
#2023 = ORIENTED_EDGE('',*,*,#1992,.F.);
#2024 = ORIENTED_EDGE('',*,*,#1583,.T.);
#2025 = ORIENTED_EDGE('',*,*,#2026,.F.);
#2026 = EDGE_CURVE('',#170,#1576,#2027,.T.);
#2027 = LINE('',#2028,#2029);
#2028 = CARTESIAN_POINT('',(-13.8,0.,0.));
#2029 = VECTOR('',#2030,1.);
#2030 = DIRECTION('',(-0.,0.,-1.));
#2031 = PLANE('',#2032);
#2032 = AXIS2_PLACEMENT_3D('',#2033,#2034,#2035);
#2033 = CARTESIAN_POINT('',(-13.8,-7.4,0.));
#2034 = DIRECTION('',(1.,0.,-0.));
#2035 = DIRECTION('',(0.,0.,1.));
#2036 = ADVANCED_FACE('',(#2037),#2048,.T.);
#2037 = FACE_BOUND('',#2038,.T.);
#2038 = EDGE_LOOP('',(#2039,#2040,#2046,#2047));
#2039 = ORIENTED_EDGE('',*,*,#760,.F.);
#2040 = ORIENTED_EDGE('',*,*,#2041,.T.);
#2041 = EDGE_CURVE('',#753,#1008,#2042,.T.);
#2042 = LINE('',#2043,#2044);
#2043 = CARTESIAN_POINT('',(-13.8,4.,0.));
#2044 = VECTOR('',#2045,1.);
#2045 = DIRECTION('',(-0.,0.,-1.));
#2046 = ORIENTED_EDGE('',*,*,#1007,.T.);
#2047 = ORIENTED_EDGE('',*,*,#2007,.T.);
#2048 = PLANE('',#2049);
#2049 = AXIS2_PLACEMENT_3D('',#2050,#2051,#2052);
#2050 = CARTESIAN_POINT('',(-13.8,-7.4,0.));
#2051 = DIRECTION('',(1.,0.,-0.));
#2052 = DIRECTION('',(0.,0.,1.));
#2053 = ADVANCED_FACE('',(#2054),#2065,.F.);
#2054 = FACE_BOUND('',#2055,.F.);
#2055 = EDGE_LOOP('',(#2056,#2057,#2058,#2059));
#2056 = ORIENTED_EDGE('',*,*,#1575,.F.);
#2057 = ORIENTED_EDGE('',*,*,#2026,.F.);
#2058 = ORIENTED_EDGE('',*,*,#177,.T.);
#2059 = ORIENTED_EDGE('',*,*,#2060,.T.);
#2060 = EDGE_CURVE('',#178,#1568,#2061,.T.);
#2061 = LINE('',#2062,#2063);
#2062 = CARTESIAN_POINT('',(-11.,0.,0.));
#2063 = VECTOR('',#2064,1.);
#2064 = DIRECTION('',(-0.,0.,-1.));
#2065 = PLANE('',#2066);
#2066 = AXIS2_PLACEMENT_3D('',#2067,#2068,#2069);
#2067 = CARTESIAN_POINT('',(-20.,0.,0.));
#2068 = DIRECTION('',(-0.,1.,0.));
#2069 = DIRECTION('',(0.,0.,1.));
#2070 = ADVANCED_FACE('',(#2071),#2082,.T.);
#2071 = FACE_BOUND('',#2072,.T.);
#2072 = EDGE_LOOP('',(#2073,#2074,#2075,#2076));
#2073 = ORIENTED_EDGE('',*,*,#1015,.F.);
#2074 = ORIENTED_EDGE('',*,*,#2041,.F.);
#2075 = ORIENTED_EDGE('',*,*,#752,.T.);
#2076 = ORIENTED_EDGE('',*,*,#2077,.T.);
#2077 = EDGE_CURVE('',#745,#1016,#2078,.T.);
#2078 = LINE('',#2079,#2080);
#2079 = CARTESIAN_POINT('',(-11.,4.,0.));
#2080 = VECTOR('',#2081,1.);
#2081 = DIRECTION('',(-0.,0.,-1.));
#2082 = PLANE('',#2083);
#2083 = AXIS2_PLACEMENT_3D('',#2084,#2085,#2086);
#2084 = CARTESIAN_POINT('',(-20.,4.,0.));
#2085 = DIRECTION('',(-0.,1.,0.));
#2086 = DIRECTION('',(0.,0.,1.));
#2087 = ADVANCED_FACE('',(#2088),#2099,.F.);
#2088 = FACE_BOUND('',#2089,.F.);
#2089 = EDGE_LOOP('',(#2090,#2091,#2097,#2098));
#2090 = ORIENTED_EDGE('',*,*,#185,.F.);
#2091 = ORIENTED_EDGE('',*,*,#2092,.F.);
#2092 = EDGE_CURVE('',#1559,#186,#2093,.T.);
#2093 = LINE('',#2094,#2095);
#2094 = CARTESIAN_POINT('',(-11.,-6.9,0.));
#2095 = VECTOR('',#2096,1.);
#2096 = DIRECTION('',(0.,0.,1.));
#2097 = ORIENTED_EDGE('',*,*,#1567,.T.);
#2098 = ORIENTED_EDGE('',*,*,#2060,.F.);
#2099 = PLANE('',#2100);
#2100 = AXIS2_PLACEMENT_3D('',#2101,#2102,#2103);
#2101 = CARTESIAN_POINT('',(-11.,-7.4,0.));
#2102 = DIRECTION('',(1.,0.,-0.));
#2103 = DIRECTION('',(0.,0.,1.));
#2104 = ADVANCED_FACE('',(#2105),#2116,.F.);
#2105 = FACE_BOUND('',#2106,.F.);
#2106 = EDGE_LOOP('',(#2107,#2108,#2109,#2110));
#2107 = ORIENTED_EDGE('',*,*,#744,.F.);
#2108 = ORIENTED_EDGE('',*,*,#2077,.T.);
#2109 = ORIENTED_EDGE('',*,*,#1023,.T.);
#2110 = ORIENTED_EDGE('',*,*,#2111,.T.);
#2111 = EDGE_CURVE('',#1024,#736,#2112,.T.);
#2112 = LINE('',#2113,#2114);
#2113 = CARTESIAN_POINT('',(-11.,12.1,0.));
#2114 = VECTOR('',#2115,1.);
#2115 = DIRECTION('',(0.,0.,1.));
#2116 = PLANE('',#2117);
#2117 = AXIS2_PLACEMENT_3D('',#2118,#2119,#2120);
#2118 = CARTESIAN_POINT('',(-11.,-7.4,0.));
#2119 = DIRECTION('',(1.,0.,-0.));
#2120 = DIRECTION('',(0.,0.,1.));
#2121 = ADVANCED_FACE('',(#2122),#2133,.T.);
#2122 = FACE_BOUND('',#2123,.F.);
#2123 = EDGE_LOOP('',(#2124,#2125,#2126,#2127));
#2124 = ORIENTED_EDGE('',*,*,#1558,.T.);
#2125 = ORIENTED_EDGE('',*,*,#2092,.T.);
#2126 = ORIENTED_EDGE('',*,*,#193,.F.);
#2127 = ORIENTED_EDGE('',*,*,#2128,.F.);
#2128 = EDGE_CURVE('',#1551,#194,#2129,.T.);
#2129 = LINE('',#2130,#2131);
#2130 = CARTESIAN_POINT('',(-10.5,-7.4,0.));
#2131 = VECTOR('',#2132,1.);
#2132 = DIRECTION('',(0.,0.,1.));
#2133 = CYLINDRICAL_SURFACE('',#2134,0.5);
#2134 = AXIS2_PLACEMENT_3D('',#2135,#2136,#2137);
#2135 = CARTESIAN_POINT('',(-10.5,-6.9,0.));
#2136 = DIRECTION('',(0.,0.,1.));
#2137 = DIRECTION('',(0.,-1.,0.));
#2138 = ADVANCED_FACE('',(#2139),#2150,.T.);
#2139 = FACE_BOUND('',#2140,.F.);
#2140 = EDGE_LOOP('',(#2141,#2142,#2148,#2149));
#2141 = ORIENTED_EDGE('',*,*,#1031,.T.);
#2142 = ORIENTED_EDGE('',*,*,#2143,.T.);
#2143 = EDGE_CURVE('',#1032,#728,#2144,.T.);
#2144 = LINE('',#2145,#2146);
#2145 = CARTESIAN_POINT('',(-10.5,12.6,0.));
#2146 = VECTOR('',#2147,1.);
#2147 = DIRECTION('',(0.,0.,1.));
#2148 = ORIENTED_EDGE('',*,*,#735,.F.);
#2149 = ORIENTED_EDGE('',*,*,#2111,.F.);
#2150 = CYLINDRICAL_SURFACE('',#2151,0.5);
#2151 = AXIS2_PLACEMENT_3D('',#2152,#2153,#2154);
#2152 = CARTESIAN_POINT('',(-10.5,12.1,0.));
#2153 = DIRECTION('',(0.,0.,1.));
#2154 = DIRECTION('',(-1.,-0.,0.));
#2155 = ADVANCED_FACE('',(#2156),#2167,.F.);
#2156 = FACE_BOUND('',#2157,.F.);
#2157 = EDGE_LOOP('',(#2158,#2159,#2160,#2161));
#2158 = ORIENTED_EDGE('',*,*,#1550,.F.);
#2159 = ORIENTED_EDGE('',*,*,#2128,.T.);
#2160 = ORIENTED_EDGE('',*,*,#202,.T.);
#2161 = ORIENTED_EDGE('',*,*,#2162,.F.);
#2162 = EDGE_CURVE('',#1542,#203,#2163,.T.);
#2163 = LINE('',#2164,#2165);
#2164 = CARTESIAN_POINT('',(-10.3,-7.4,0.));
#2165 = VECTOR('',#2166,1.);
#2166 = DIRECTION('',(0.,0.,1.));
#2167 = PLANE('',#2168);
#2168 = AXIS2_PLACEMENT_3D('',#2169,#2170,#2171);
#2169 = CARTESIAN_POINT('',(-11.,-7.4,0.));
#2170 = DIRECTION('',(-0.,1.,0.));
#2171 = DIRECTION('',(0.,0.,1.));
#2172 = ADVANCED_FACE('',(#2173),#2184,.T.);
#2173 = FACE_BOUND('',#2174,.T.);
#2174 = EDGE_LOOP('',(#2175,#2176,#2177,#2178));
#2175 = ORIENTED_EDGE('',*,*,#1040,.F.);
#2176 = ORIENTED_EDGE('',*,*,#2143,.T.);
#2177 = ORIENTED_EDGE('',*,*,#727,.T.);
#2178 = ORIENTED_EDGE('',*,*,#2179,.F.);
#2179 = EDGE_CURVE('',#1041,#719,#2180,.T.);
#2180 = LINE('',#2181,#2182);
#2181 = CARTESIAN_POINT('',(-10.3,12.6,0.));
#2182 = VECTOR('',#2183,1.);
#2183 = DIRECTION('',(0.,0.,1.));
#2184 = PLANE('',#2185);
#2185 = AXIS2_PLACEMENT_3D('',#2186,#2187,#2188);
#2186 = CARTESIAN_POINT('',(-11.,12.6,0.));
#2187 = DIRECTION('',(-0.,1.,0.));
#2188 = DIRECTION('',(0.,0.,1.));
#2189 = ADVANCED_FACE('',(#2190),#2201,.T.);
#2190 = FACE_BOUND('',#2191,.F.);
#2191 = EDGE_LOOP('',(#2192,#2193,#2194,#2195));
#2192 = ORIENTED_EDGE('',*,*,#1541,.T.);
#2193 = ORIENTED_EDGE('',*,*,#2162,.T.);
#2194 = ORIENTED_EDGE('',*,*,#210,.F.);
#2195 = ORIENTED_EDGE('',*,*,#2196,.F.);
#2196 = EDGE_CURVE('',#1534,#211,#2197,.T.);
#2197 = LINE('',#2198,#2199);
#2198 = CARTESIAN_POINT('',(-9.8,-6.9,0.));
#2199 = VECTOR('',#2200,1.);
#2200 = DIRECTION('',(0.,0.,1.));
#2201 = CYLINDRICAL_SURFACE('',#2202,0.5);
#2202 = AXIS2_PLACEMENT_3D('',#2203,#2204,#2205);
#2203 = CARTESIAN_POINT('',(-10.3,-6.9,0.));
#2204 = DIRECTION('',(0.,0.,1.));
#2205 = DIRECTION('',(1.,0.,-0.));
#2206 = ADVANCED_FACE('',(#2207),#2218,.T.);
#2207 = FACE_BOUND('',#2208,.F.);
#2208 = EDGE_LOOP('',(#2209,#2210,#2216,#2217));
#2209 = ORIENTED_EDGE('',*,*,#1048,.T.);
#2210 = ORIENTED_EDGE('',*,*,#2211,.T.);
#2211 = EDGE_CURVE('',#1049,#711,#2212,.T.);
#2212 = LINE('',#2213,#2214);
#2213 = CARTESIAN_POINT('',(-9.8,12.1,0.));
#2214 = VECTOR('',#2215,1.);
#2215 = DIRECTION('',(0.,0.,1.));
#2216 = ORIENTED_EDGE('',*,*,#718,.F.);
#2217 = ORIENTED_EDGE('',*,*,#2179,.F.);
#2218 = CYLINDRICAL_SURFACE('',#2219,0.5);
#2219 = AXIS2_PLACEMENT_3D('',#2220,#2221,#2222);
#2220 = CARTESIAN_POINT('',(-10.3,12.1,0.));
#2221 = DIRECTION('',(0.,0.,1.));
#2222 = DIRECTION('',(-0.,1.,0.));
#2223 = ADVANCED_FACE('',(#2224),#2235,.T.);
#2224 = FACE_BOUND('',#2225,.T.);
#2225 = EDGE_LOOP('',(#2226,#2227,#2228,#2229));
#2226 = ORIENTED_EDGE('',*,*,#219,.F.);
#2227 = ORIENTED_EDGE('',*,*,#2196,.F.);
#2228 = ORIENTED_EDGE('',*,*,#1533,.T.);
#2229 = ORIENTED_EDGE('',*,*,#2230,.F.);
#2230 = EDGE_CURVE('',#220,#1526,#2231,.T.);
#2231 = LINE('',#2232,#2233);
#2232 = CARTESIAN_POINT('',(-9.8,0.,0.));
#2233 = VECTOR('',#2234,1.);
#2234 = DIRECTION('',(-0.,0.,-1.));
#2235 = PLANE('',#2236);
#2236 = AXIS2_PLACEMENT_3D('',#2237,#2238,#2239);
#2237 = CARTESIAN_POINT('',(-9.8,-7.4,0.));
#2238 = DIRECTION('',(1.,0.,-0.));
#2239 = DIRECTION('',(0.,0.,1.));
#2240 = ADVANCED_FACE('',(#2241),#2252,.T.);
#2241 = FACE_BOUND('',#2242,.T.);
#2242 = EDGE_LOOP('',(#2243,#2244,#2250,#2251));
#2243 = ORIENTED_EDGE('',*,*,#710,.F.);
#2244 = ORIENTED_EDGE('',*,*,#2245,.T.);
#2245 = EDGE_CURVE('',#703,#1058,#2246,.T.);
#2246 = LINE('',#2247,#2248);
#2247 = CARTESIAN_POINT('',(-9.8,4.,0.));
#2248 = VECTOR('',#2249,1.);
#2249 = DIRECTION('',(-0.,0.,-1.));
#2250 = ORIENTED_EDGE('',*,*,#1057,.T.);
#2251 = ORIENTED_EDGE('',*,*,#2211,.T.);
#2252 = PLANE('',#2253);
#2253 = AXIS2_PLACEMENT_3D('',#2254,#2255,#2256);
#2254 = CARTESIAN_POINT('',(-9.8,-7.4,0.));
#2255 = DIRECTION('',(1.,0.,-0.));
#2256 = DIRECTION('',(0.,0.,1.));
#2257 = ADVANCED_FACE('',(#2258,#2269),#2280,.F.);
#2258 = FACE_BOUND('',#2259,.F.);
#2259 = EDGE_LOOP('',(#2260,#2261,#2262,#2263));
#2260 = ORIENTED_EDGE('',*,*,#1525,.F.);
#2261 = ORIENTED_EDGE('',*,*,#2230,.F.);
#2262 = ORIENTED_EDGE('',*,*,#227,.T.);
#2263 = ORIENTED_EDGE('',*,*,#2264,.T.);
#2264 = EDGE_CURVE('',#228,#1518,#2265,.T.);
#2265 = LINE('',#2266,#2267);
#2266 = CARTESIAN_POINT('',(9.8,0.,0.));
#2267 = VECTOR('',#2268,1.);
#2268 = DIRECTION('',(-0.,0.,-1.));
#2269 = FACE_BOUND('',#2270,.F.);
#2270 = EDGE_LOOP('',(#2271));
#2271 = ORIENTED_EDGE('',*,*,#2272,.F.);
#2272 = EDGE_CURVE('',#2273,#2273,#2275,.T.);
#2273 = VERTEX_POINT('',#2274);
#2274 = CARTESIAN_POINT('',(-3.061616997868E-16,0.,16.25));
#2275 = CIRCLE('',#2276,1.25);
#2276 = AXIS2_PLACEMENT_3D('',#2277,#2278,#2279);
#2277 = CARTESIAN_POINT('',(0.,0.,15.));
#2278 = DIRECTION('',(0.,1.,0.));
#2279 = DIRECTION('',(0.,-0.,1.));
#2280 = PLANE('',#2281);
#2281 = AXIS2_PLACEMENT_3D('',#2282,#2283,#2284);
#2282 = CARTESIAN_POINT('',(-20.,0.,0.));
#2283 = DIRECTION('',(-0.,1.,0.));
#2284 = DIRECTION('',(0.,0.,1.));
#2285 = ADVANCED_FACE('',(#2286),#2297,.T.);
#2286 = FACE_BOUND('',#2287,.T.);
#2287 = EDGE_LOOP('',(#2288,#2289,#2290,#2291));
#2288 = ORIENTED_EDGE('',*,*,#1065,.F.);
#2289 = ORIENTED_EDGE('',*,*,#2245,.F.);
#2290 = ORIENTED_EDGE('',*,*,#702,.T.);
#2291 = ORIENTED_EDGE('',*,*,#2292,.F.);
#2292 = EDGE_CURVE('',#1066,#695,#2293,.T.);
#2293 = LINE('',#2294,#2295);
#2294 = CARTESIAN_POINT('',(-7.6,4.,0.));
#2295 = VECTOR('',#2296,1.);
#2296 = DIRECTION('',(0.,0.,1.));
#2297 = PLANE('',#2298);
#2298 = AXIS2_PLACEMENT_3D('',#2299,#2300,#2301);
#2299 = CARTESIAN_POINT('',(-20.,4.,0.));
#2300 = DIRECTION('',(-0.,1.,0.));
#2301 = DIRECTION('',(0.,0.,1.));
#2302 = ADVANCED_FACE('',(#2303),#2314,.F.);
#2303 = FACE_BOUND('',#2304,.F.);
#2304 = EDGE_LOOP('',(#2305,#2306,#2312,#2313));
#2305 = ORIENTED_EDGE('',*,*,#235,.F.);
#2306 = ORIENTED_EDGE('',*,*,#2307,.F.);
#2307 = EDGE_CURVE('',#1509,#236,#2308,.T.);
#2308 = LINE('',#2309,#2310);
#2309 = CARTESIAN_POINT('',(9.8,-6.9,0.));
#2310 = VECTOR('',#2311,1.);
#2311 = DIRECTION('',(0.,0.,1.));
#2312 = ORIENTED_EDGE('',*,*,#1517,.T.);
#2313 = ORIENTED_EDGE('',*,*,#2264,.F.);
#2314 = PLANE('',#2315);
#2315 = AXIS2_PLACEMENT_3D('',#2316,#2317,#2318);
#2316 = CARTESIAN_POINT('',(9.8,-7.4,0.));
#2317 = DIRECTION('',(1.,0.,-0.));
#2318 = DIRECTION('',(0.,0.,1.));
#2319 = ADVANCED_FACE('',(#2320),#2331,.F.);
#2320 = FACE_BOUND('',#2321,.F.);
#2321 = EDGE_LOOP('',(#2322,#2323,#2324,#2325));
#2322 = ORIENTED_EDGE('',*,*,#694,.F.);
#2323 = ORIENTED_EDGE('',*,*,#2292,.F.);
#2324 = ORIENTED_EDGE('',*,*,#1073,.T.);
#2325 = ORIENTED_EDGE('',*,*,#2326,.T.);
#2326 = EDGE_CURVE('',#1074,#686,#2327,.T.);
#2327 = LINE('',#2328,#2329);
#2328 = CARTESIAN_POINT('',(-7.6,12.1,0.));
#2329 = VECTOR('',#2330,1.);
#2330 = DIRECTION('',(0.,0.,1.));
#2331 = PLANE('',#2332);
#2332 = AXIS2_PLACEMENT_3D('',#2333,#2334,#2335);
#2333 = CARTESIAN_POINT('',(-7.6,4.,0.));
#2334 = DIRECTION('',(1.,0.,-0.));
#2335 = DIRECTION('',(0.,0.,1.));
#2336 = ADVANCED_FACE('',(#2337),#2348,.T.);
#2337 = FACE_BOUND('',#2338,.F.);
#2338 = EDGE_LOOP('',(#2339,#2340,#2341,#2342));
#2339 = ORIENTED_EDGE('',*,*,#1508,.T.);
#2340 = ORIENTED_EDGE('',*,*,#2307,.T.);
#2341 = ORIENTED_EDGE('',*,*,#243,.F.);
#2342 = ORIENTED_EDGE('',*,*,#2343,.F.);
#2343 = EDGE_CURVE('',#1501,#244,#2344,.T.);
#2344 = LINE('',#2345,#2346);
#2345 = CARTESIAN_POINT('',(10.3,-7.4,0.));
#2346 = VECTOR('',#2347,1.);
#2347 = DIRECTION('',(0.,0.,1.));
#2348 = CYLINDRICAL_SURFACE('',#2349,0.5);
#2349 = AXIS2_PLACEMENT_3D('',#2350,#2351,#2352);
#2350 = CARTESIAN_POINT('',(10.3,-6.9,0.));
#2351 = DIRECTION('',(0.,0.,1.));
#2352 = DIRECTION('',(0.,-1.,0.));
#2353 = ADVANCED_FACE('',(#2354),#2365,.T.);
#2354 = FACE_BOUND('',#2355,.F.);
#2355 = EDGE_LOOP('',(#2356,#2357,#2363,#2364));
#2356 = ORIENTED_EDGE('',*,*,#1081,.T.);
#2357 = ORIENTED_EDGE('',*,*,#2358,.T.);
#2358 = EDGE_CURVE('',#1082,#678,#2359,.T.);
#2359 = LINE('',#2360,#2361);
#2360 = CARTESIAN_POINT('',(-7.1,12.6,0.));
#2361 = VECTOR('',#2362,1.);
#2362 = DIRECTION('',(0.,0.,1.));
#2363 = ORIENTED_EDGE('',*,*,#685,.F.);
#2364 = ORIENTED_EDGE('',*,*,#2326,.F.);
#2365 = CYLINDRICAL_SURFACE('',#2366,0.5);
#2366 = AXIS2_PLACEMENT_3D('',#2367,#2368,#2369);
#2367 = CARTESIAN_POINT('',(-7.1,12.1,0.));
#2368 = DIRECTION('',(0.,0.,1.));
#2369 = DIRECTION('',(-1.,-0.,0.));
#2370 = ADVANCED_FACE('',(#2371),#2382,.F.);
#2371 = FACE_BOUND('',#2372,.F.);
#2372 = EDGE_LOOP('',(#2373,#2374,#2375,#2376));
#2373 = ORIENTED_EDGE('',*,*,#1500,.F.);
#2374 = ORIENTED_EDGE('',*,*,#2343,.T.);
#2375 = ORIENTED_EDGE('',*,*,#252,.T.);
#2376 = ORIENTED_EDGE('',*,*,#2377,.F.);
#2377 = EDGE_CURVE('',#1492,#253,#2378,.T.);
#2378 = LINE('',#2379,#2380);
#2379 = CARTESIAN_POINT('',(10.5,-7.4,0.));
#2380 = VECTOR('',#2381,1.);
#2381 = DIRECTION('',(0.,0.,1.));
#2382 = PLANE('',#2383);
#2383 = AXIS2_PLACEMENT_3D('',#2384,#2385,#2386);
#2384 = CARTESIAN_POINT('',(9.8,-7.4,0.));
#2385 = DIRECTION('',(-0.,1.,0.));
#2386 = DIRECTION('',(0.,0.,1.));
#2387 = ADVANCED_FACE('',(#2388),#2399,.T.);
#2388 = FACE_BOUND('',#2389,.T.);
#2389 = EDGE_LOOP('',(#2390,#2391,#2392,#2393));
#2390 = ORIENTED_EDGE('',*,*,#1090,.F.);
#2391 = ORIENTED_EDGE('',*,*,#2358,.T.);
#2392 = ORIENTED_EDGE('',*,*,#677,.T.);
#2393 = ORIENTED_EDGE('',*,*,#2394,.F.);
#2394 = EDGE_CURVE('',#1091,#669,#2395,.T.);
#2395 = LINE('',#2396,#2397);
#2396 = CARTESIAN_POINT('',(-6.9,12.6,0.));
#2397 = VECTOR('',#2398,1.);
#2398 = DIRECTION('',(0.,0.,1.));
#2399 = PLANE('',#2400);
#2400 = AXIS2_PLACEMENT_3D('',#2401,#2402,#2403);
#2401 = CARTESIAN_POINT('',(-7.6,12.6,0.));
#2402 = DIRECTION('',(-0.,1.,0.));
#2403 = DIRECTION('',(0.,0.,1.));
#2404 = ADVANCED_FACE('',(#2405),#2416,.T.);
#2405 = FACE_BOUND('',#2406,.F.);
#2406 = EDGE_LOOP('',(#2407,#2408,#2409,#2410));
#2407 = ORIENTED_EDGE('',*,*,#1491,.T.);
#2408 = ORIENTED_EDGE('',*,*,#2377,.T.);
#2409 = ORIENTED_EDGE('',*,*,#260,.F.);
#2410 = ORIENTED_EDGE('',*,*,#2411,.F.);
#2411 = EDGE_CURVE('',#1484,#261,#2412,.T.);
#2412 = LINE('',#2413,#2414);
#2413 = CARTESIAN_POINT('',(11.,-6.9,0.));
#2414 = VECTOR('',#2415,1.);
#2415 = DIRECTION('',(0.,0.,1.));
#2416 = CYLINDRICAL_SURFACE('',#2417,0.5);
#2417 = AXIS2_PLACEMENT_3D('',#2418,#2419,#2420);
#2418 = CARTESIAN_POINT('',(10.5,-6.9,0.));
#2419 = DIRECTION('',(0.,0.,1.));
#2420 = DIRECTION('',(1.,0.,-0.));
#2421 = ADVANCED_FACE('',(#2422),#2433,.T.);
#2422 = FACE_BOUND('',#2423,.T.);
#2423 = EDGE_LOOP('',(#2424,#2425,#2426,#2427));
#2424 = ORIENTED_EDGE('',*,*,#1098,.T.);
#2425 = ORIENTED_EDGE('',*,*,#2394,.T.);
#2426 = ORIENTED_EDGE('',*,*,#668,.F.);
#2427 = ORIENTED_EDGE('',*,*,#2428,.F.);
#2428 = EDGE_CURVE('',#1099,#661,#2429,.T.);
#2429 = LINE('',#2430,#2431);
#2430 = CARTESIAN_POINT('',(-6.4,12.1,0.));
#2431 = VECTOR('',#2432,1.);
#2432 = DIRECTION('',(0.,0.,1.));
#2433 = CYLINDRICAL_SURFACE('',#2434,0.5);
#2434 = AXIS2_PLACEMENT_3D('',#2435,#2436,#2437);
#2435 = CARTESIAN_POINT('',(-6.9,12.1,0.));
#2436 = DIRECTION('',(0.,0.,1.));
#2437 = DIRECTION('',(1.,0.,-0.));
#2438 = ADVANCED_FACE('',(#2439),#2450,.T.);
#2439 = FACE_BOUND('',#2440,.T.);
#2440 = EDGE_LOOP('',(#2441,#2442,#2443,#2444));
#2441 = ORIENTED_EDGE('',*,*,#269,.F.);
#2442 = ORIENTED_EDGE('',*,*,#2411,.F.);
#2443 = ORIENTED_EDGE('',*,*,#1483,.T.);
#2444 = ORIENTED_EDGE('',*,*,#2445,.F.);
#2445 = EDGE_CURVE('',#270,#1476,#2446,.T.);
#2446 = LINE('',#2447,#2448);
#2447 = CARTESIAN_POINT('',(11.,0.,0.));
#2448 = VECTOR('',#2449,1.);
#2449 = DIRECTION('',(-0.,0.,-1.));
#2450 = PLANE('',#2451);
#2451 = AXIS2_PLACEMENT_3D('',#2452,#2453,#2454);
#2452 = CARTESIAN_POINT('',(11.,-7.4,0.));
#2453 = DIRECTION('',(1.,0.,-0.));
#2454 = DIRECTION('',(0.,0.,1.));
#2455 = ADVANCED_FACE('',(#2456),#2467,.T.);
#2456 = FACE_BOUND('',#2457,.T.);
#2457 = EDGE_LOOP('',(#2458,#2459,#2465,#2466));
#2458 = ORIENTED_EDGE('',*,*,#660,.F.);
#2459 = ORIENTED_EDGE('',*,*,#2460,.F.);
#2460 = EDGE_CURVE('',#1108,#653,#2461,.T.);
#2461 = LINE('',#2462,#2463);
#2462 = CARTESIAN_POINT('',(-6.4,4.,0.));
#2463 = VECTOR('',#2464,1.);
#2464 = DIRECTION('',(0.,0.,1.));
#2465 = ORIENTED_EDGE('',*,*,#1107,.T.);
#2466 = ORIENTED_EDGE('',*,*,#2428,.T.);
#2467 = PLANE('',#2468);
#2468 = AXIS2_PLACEMENT_3D('',#2469,#2470,#2471);
#2469 = CARTESIAN_POINT('',(-6.4,4.,0.));
#2470 = DIRECTION('',(1.,0.,-0.));
#2471 = DIRECTION('',(0.,0.,1.));
#2472 = ADVANCED_FACE('',(#2473),#2484,.F.);
#2473 = FACE_BOUND('',#2474,.F.);
#2474 = EDGE_LOOP('',(#2475,#2476,#2477,#2478));
#2475 = ORIENTED_EDGE('',*,*,#1475,.F.);
#2476 = ORIENTED_EDGE('',*,*,#2445,.F.);
#2477 = ORIENTED_EDGE('',*,*,#277,.T.);
#2478 = ORIENTED_EDGE('',*,*,#2479,.T.);
#2479 = EDGE_CURVE('',#278,#1468,#2480,.T.);
#2480 = LINE('',#2481,#2482);
#2481 = CARTESIAN_POINT('',(13.8,0.,0.));
#2482 = VECTOR('',#2483,1.);
#2483 = DIRECTION('',(-0.,0.,-1.));
#2484 = PLANE('',#2485);
#2485 = AXIS2_PLACEMENT_3D('',#2486,#2487,#2488);
#2486 = CARTESIAN_POINT('',(-20.,0.,0.));
#2487 = DIRECTION('',(-0.,1.,0.));
#2488 = DIRECTION('',(0.,0.,1.));
#2489 = ADVANCED_FACE('',(#2490),#2501,.T.);
#2490 = FACE_BOUND('',#2491,.T.);
#2491 = EDGE_LOOP('',(#2492,#2493,#2494,#2495));
#2492 = ORIENTED_EDGE('',*,*,#1115,.F.);
#2493 = ORIENTED_EDGE('',*,*,#2460,.T.);
#2494 = ORIENTED_EDGE('',*,*,#652,.T.);
#2495 = ORIENTED_EDGE('',*,*,#2496,.F.);
#2496 = EDGE_CURVE('',#1116,#645,#2497,.T.);
#2497 = LINE('',#2498,#2499);
#2498 = CARTESIAN_POINT('',(-3.8,4.,0.));
#2499 = VECTOR('',#2500,1.);
#2500 = DIRECTION('',(0.,0.,1.));
#2501 = PLANE('',#2502);
#2502 = AXIS2_PLACEMENT_3D('',#2503,#2504,#2505);
#2503 = CARTESIAN_POINT('',(-20.,4.,0.));
#2504 = DIRECTION('',(-0.,1.,0.));
#2505 = DIRECTION('',(0.,0.,1.));
#2506 = ADVANCED_FACE('',(#2507),#2518,.F.);
#2507 = FACE_BOUND('',#2508,.F.);
#2508 = EDGE_LOOP('',(#2509,#2510,#2516,#2517));
#2509 = ORIENTED_EDGE('',*,*,#285,.F.);
#2510 = ORIENTED_EDGE('',*,*,#2511,.F.);
#2511 = EDGE_CURVE('',#1459,#286,#2512,.T.);
#2512 = LINE('',#2513,#2514);
#2513 = CARTESIAN_POINT('',(13.8,-6.9,0.));
#2514 = VECTOR('',#2515,1.);
#2515 = DIRECTION('',(0.,0.,1.));
#2516 = ORIENTED_EDGE('',*,*,#1467,.T.);
#2517 = ORIENTED_EDGE('',*,*,#2479,.F.);
#2518 = PLANE('',#2519);
#2519 = AXIS2_PLACEMENT_3D('',#2520,#2521,#2522);
#2520 = CARTESIAN_POINT('',(13.8,-7.4,0.));
#2521 = DIRECTION('',(1.,0.,-0.));
#2522 = DIRECTION('',(0.,0.,1.));
#2523 = ADVANCED_FACE('',(#2524),#2535,.F.);
#2524 = FACE_BOUND('',#2525,.F.);
#2525 = EDGE_LOOP('',(#2526,#2527,#2528,#2529));
#2526 = ORIENTED_EDGE('',*,*,#644,.F.);
#2527 = ORIENTED_EDGE('',*,*,#2496,.F.);
#2528 = ORIENTED_EDGE('',*,*,#1123,.T.);
#2529 = ORIENTED_EDGE('',*,*,#2530,.T.);
#2530 = EDGE_CURVE('',#1124,#636,#2531,.T.);
#2531 = LINE('',#2532,#2533);
#2532 = CARTESIAN_POINT('',(-3.8,12.1,0.));
#2533 = VECTOR('',#2534,1.);
#2534 = DIRECTION('',(0.,0.,1.));
#2535 = PLANE('',#2536);
#2536 = AXIS2_PLACEMENT_3D('',#2537,#2538,#2539);
#2537 = CARTESIAN_POINT('',(-3.8,4.,0.));
#2538 = DIRECTION('',(1.,0.,-0.));
#2539 = DIRECTION('',(0.,0.,1.));
#2540 = ADVANCED_FACE('',(#2541),#2552,.T.);
#2541 = FACE_BOUND('',#2542,.F.);
#2542 = EDGE_LOOP('',(#2543,#2544,#2545,#2546));
#2543 = ORIENTED_EDGE('',*,*,#1458,.T.);
#2544 = ORIENTED_EDGE('',*,*,#2511,.T.);
#2545 = ORIENTED_EDGE('',*,*,#293,.F.);
#2546 = ORIENTED_EDGE('',*,*,#2547,.F.);
#2547 = EDGE_CURVE('',#1451,#294,#2548,.T.);
#2548 = LINE('',#2549,#2550);
#2549 = CARTESIAN_POINT('',(14.3,-7.4,0.));
#2550 = VECTOR('',#2551,1.);
#2551 = DIRECTION('',(0.,0.,1.));
#2552 = CYLINDRICAL_SURFACE('',#2553,0.5);
#2553 = AXIS2_PLACEMENT_3D('',#2554,#2555,#2556);
#2554 = CARTESIAN_POINT('',(14.3,-6.9,0.));
#2555 = DIRECTION('',(0.,0.,1.));
#2556 = DIRECTION('',(0.,-1.,0.));
#2557 = ADVANCED_FACE('',(#2558),#2569,.T.);
#2558 = FACE_BOUND('',#2559,.F.);
#2559 = EDGE_LOOP('',(#2560,#2561,#2567,#2568));
#2560 = ORIENTED_EDGE('',*,*,#1131,.T.);
#2561 = ORIENTED_EDGE('',*,*,#2562,.T.);
#2562 = EDGE_CURVE('',#1132,#628,#2563,.T.);
#2563 = LINE('',#2564,#2565);
#2564 = CARTESIAN_POINT('',(-3.3,12.6,0.));
#2565 = VECTOR('',#2566,1.);
#2566 = DIRECTION('',(0.,0.,1.));
#2567 = ORIENTED_EDGE('',*,*,#635,.F.);
#2568 = ORIENTED_EDGE('',*,*,#2530,.F.);
#2569 = CYLINDRICAL_SURFACE('',#2570,0.5);
#2570 = AXIS2_PLACEMENT_3D('',#2571,#2572,#2573);
#2571 = CARTESIAN_POINT('',(-3.3,12.1,0.));
#2572 = DIRECTION('',(0.,0.,1.));
#2573 = DIRECTION('',(-1.,-0.,0.));
#2574 = ADVANCED_FACE('',(#2575),#2586,.F.);
#2575 = FACE_BOUND('',#2576,.F.);
#2576 = EDGE_LOOP('',(#2577,#2578,#2579,#2580));
#2577 = ORIENTED_EDGE('',*,*,#1450,.F.);
#2578 = ORIENTED_EDGE('',*,*,#2547,.T.);
#2579 = ORIENTED_EDGE('',*,*,#302,.T.);
#2580 = ORIENTED_EDGE('',*,*,#2581,.F.);
#2581 = EDGE_CURVE('',#1442,#303,#2582,.T.);
#2582 = LINE('',#2583,#2584);
#2583 = CARTESIAN_POINT('',(14.5,-7.4,0.));
#2584 = VECTOR('',#2585,1.);
#2585 = DIRECTION('',(0.,0.,1.));
#2586 = PLANE('',#2587);
#2587 = AXIS2_PLACEMENT_3D('',#2588,#2589,#2590);
#2588 = CARTESIAN_POINT('',(13.8,-7.4,0.));
#2589 = DIRECTION('',(-0.,1.,0.));
#2590 = DIRECTION('',(0.,0.,1.));
#2591 = ADVANCED_FACE('',(#2592),#2603,.T.);
#2592 = FACE_BOUND('',#2593,.T.);
#2593 = EDGE_LOOP('',(#2594,#2595,#2596,#2597));
#2594 = ORIENTED_EDGE('',*,*,#1140,.F.);
#2595 = ORIENTED_EDGE('',*,*,#2562,.T.);
#2596 = ORIENTED_EDGE('',*,*,#627,.T.);
#2597 = ORIENTED_EDGE('',*,*,#2598,.F.);
#2598 = EDGE_CURVE('',#1141,#619,#2599,.T.);
#2599 = LINE('',#2600,#2601);
#2600 = CARTESIAN_POINT('',(-3.1,12.6,0.));
#2601 = VECTOR('',#2602,1.);
#2602 = DIRECTION('',(0.,0.,1.));
#2603 = PLANE('',#2604);
#2604 = AXIS2_PLACEMENT_3D('',#2605,#2606,#2607);
#2605 = CARTESIAN_POINT('',(-3.8,12.6,0.));
#2606 = DIRECTION('',(-0.,1.,0.));
#2607 = DIRECTION('',(0.,0.,1.));
#2608 = ADVANCED_FACE('',(#2609),#2620,.T.);
#2609 = FACE_BOUND('',#2610,.F.);
#2610 = EDGE_LOOP('',(#2611,#2612,#2613,#2614));
#2611 = ORIENTED_EDGE('',*,*,#1441,.T.);
#2612 = ORIENTED_EDGE('',*,*,#2581,.T.);
#2613 = ORIENTED_EDGE('',*,*,#310,.F.);
#2614 = ORIENTED_EDGE('',*,*,#2615,.F.);
#2615 = EDGE_CURVE('',#1434,#311,#2616,.T.);
#2616 = LINE('',#2617,#2618);
#2617 = CARTESIAN_POINT('',(15.,-6.9,0.));
#2618 = VECTOR('',#2619,1.);
#2619 = DIRECTION('',(0.,0.,1.));
#2620 = CYLINDRICAL_SURFACE('',#2621,0.5);
#2621 = AXIS2_PLACEMENT_3D('',#2622,#2623,#2624);
#2622 = CARTESIAN_POINT('',(14.5,-6.9,0.));
#2623 = DIRECTION('',(0.,0.,1.));
#2624 = DIRECTION('',(1.,0.,-0.));
#2625 = ADVANCED_FACE('',(#2626),#2637,.T.);
#2626 = FACE_BOUND('',#2627,.T.);
#2627 = EDGE_LOOP('',(#2628,#2629,#2630,#2631));
#2628 = ORIENTED_EDGE('',*,*,#1148,.T.);
#2629 = ORIENTED_EDGE('',*,*,#2598,.T.);
#2630 = ORIENTED_EDGE('',*,*,#618,.F.);
#2631 = ORIENTED_EDGE('',*,*,#2632,.F.);
#2632 = EDGE_CURVE('',#1149,#611,#2633,.T.);
#2633 = LINE('',#2634,#2635);
#2634 = CARTESIAN_POINT('',(-2.6,12.1,0.));
#2635 = VECTOR('',#2636,1.);
#2636 = DIRECTION('',(0.,0.,1.));
#2637 = CYLINDRICAL_SURFACE('',#2638,0.5);
#2638 = AXIS2_PLACEMENT_3D('',#2639,#2640,#2641);
#2639 = CARTESIAN_POINT('',(-3.1,12.1,0.));
#2640 = DIRECTION('',(0.,0.,1.));
#2641 = DIRECTION('',(1.,0.,-0.));
#2642 = ADVANCED_FACE('',(#2643),#2654,.T.);
#2643 = FACE_BOUND('',#2644,.T.);
#2644 = EDGE_LOOP('',(#2645,#2646,#2647,#2648));
#2645 = ORIENTED_EDGE('',*,*,#319,.F.);
#2646 = ORIENTED_EDGE('',*,*,#2615,.F.);
#2647 = ORIENTED_EDGE('',*,*,#1433,.T.);
#2648 = ORIENTED_EDGE('',*,*,#2649,.F.);
#2649 = EDGE_CURVE('',#320,#1426,#2650,.T.);
#2650 = LINE('',#2651,#2652);
#2651 = CARTESIAN_POINT('',(15.,0.,0.));
#2652 = VECTOR('',#2653,1.);
#2653 = DIRECTION('',(-0.,0.,-1.));
#2654 = PLANE('',#2655);
#2655 = AXIS2_PLACEMENT_3D('',#2656,#2657,#2658);
#2656 = CARTESIAN_POINT('',(15.,-7.4,0.));
#2657 = DIRECTION('',(1.,0.,-0.));
#2658 = DIRECTION('',(0.,0.,1.));
#2659 = ADVANCED_FACE('',(#2660),#2671,.T.);
#2660 = FACE_BOUND('',#2661,.T.);
#2661 = EDGE_LOOP('',(#2662,#2663,#2669,#2670));
#2662 = ORIENTED_EDGE('',*,*,#610,.F.);
#2663 = ORIENTED_EDGE('',*,*,#2664,.F.);
#2664 = EDGE_CURVE('',#1158,#603,#2665,.T.);
#2665 = LINE('',#2666,#2667);
#2666 = CARTESIAN_POINT('',(-2.6,4.,0.));
#2667 = VECTOR('',#2668,1.);
#2668 = DIRECTION('',(0.,0.,1.));
#2669 = ORIENTED_EDGE('',*,*,#1157,.T.);
#2670 = ORIENTED_EDGE('',*,*,#2632,.T.);
#2671 = PLANE('',#2672);
#2672 = AXIS2_PLACEMENT_3D('',#2673,#2674,#2675);
#2673 = CARTESIAN_POINT('',(-2.6,4.,0.));
#2674 = DIRECTION('',(1.,0.,-0.));
#2675 = DIRECTION('',(0.,0.,1.));
#2676 = ADVANCED_FACE('',(#2677),#2688,.F.);
#2677 = FACE_BOUND('',#2678,.F.);
#2678 = EDGE_LOOP('',(#2679,#2680,#2681,#2682));
#2679 = ORIENTED_EDGE('',*,*,#1425,.F.);
#2680 = ORIENTED_EDGE('',*,*,#2649,.F.);
#2681 = ORIENTED_EDGE('',*,*,#327,.T.);
#2682 = ORIENTED_EDGE('',*,*,#2683,.T.);
#2683 = EDGE_CURVE('',#328,#1418,#2684,.T.);
#2684 = LINE('',#2685,#2686);
#2685 = CARTESIAN_POINT('',(18.8,0.,0.));
#2686 = VECTOR('',#2687,1.);
#2687 = DIRECTION('',(-0.,0.,-1.));
#2688 = PLANE('',#2689);
#2689 = AXIS2_PLACEMENT_3D('',#2690,#2691,#2692);
#2690 = CARTESIAN_POINT('',(-20.,0.,0.));
#2691 = DIRECTION('',(-0.,1.,0.));
#2692 = DIRECTION('',(0.,0.,1.));
#2693 = ADVANCED_FACE('',(#2694,#2705),#2716,.T.);
#2694 = FACE_BOUND('',#2695,.T.);
#2695 = EDGE_LOOP('',(#2696,#2697,#2698,#2699));
#2696 = ORIENTED_EDGE('',*,*,#1165,.F.);
#2697 = ORIENTED_EDGE('',*,*,#2664,.T.);
#2698 = ORIENTED_EDGE('',*,*,#602,.T.);
#2699 = ORIENTED_EDGE('',*,*,#2700,.F.);
#2700 = EDGE_CURVE('',#1166,#595,#2701,.T.);
#2701 = LINE('',#2702,#2703);
#2702 = CARTESIAN_POINT('',(2.6,4.,0.));
#2703 = VECTOR('',#2704,1.);
#2704 = DIRECTION('',(0.,0.,1.));
#2705 = FACE_BOUND('',#2706,.T.);
#2706 = EDGE_LOOP('',(#2707));
#2707 = ORIENTED_EDGE('',*,*,#2708,.F.);
#2708 = EDGE_CURVE('',#2709,#2709,#2711,.T.);
#2709 = VERTEX_POINT('',#2710);
#2710 = CARTESIAN_POINT('',(-3.061616997868E-16,4.,16.25));
#2711 = CIRCLE('',#2712,1.25);
#2712 = AXIS2_PLACEMENT_3D('',#2713,#2714,#2715);
#2713 = CARTESIAN_POINT('',(0.,4.,15.));
#2714 = DIRECTION('',(0.,1.,0.));
#2715 = DIRECTION('',(0.,-0.,1.));
#2716 = PLANE('',#2717);
#2717 = AXIS2_PLACEMENT_3D('',#2718,#2719,#2720);
#2718 = CARTESIAN_POINT('',(-20.,4.,0.));
#2719 = DIRECTION('',(-0.,1.,0.));
#2720 = DIRECTION('',(0.,0.,1.));
#2721 = ADVANCED_FACE('',(#2722),#2733,.F.);
#2722 = FACE_BOUND('',#2723,.F.);
#2723 = EDGE_LOOP('',(#2724,#2725,#2731,#2732));
#2724 = ORIENTED_EDGE('',*,*,#335,.F.);
#2725 = ORIENTED_EDGE('',*,*,#2726,.F.);
#2726 = EDGE_CURVE('',#1409,#336,#2727,.T.);
#2727 = LINE('',#2728,#2729);
#2728 = CARTESIAN_POINT('',(18.8,-6.9,0.));
#2729 = VECTOR('',#2730,1.);
#2730 = DIRECTION('',(0.,0.,1.));
#2731 = ORIENTED_EDGE('',*,*,#1417,.T.);
#2732 = ORIENTED_EDGE('',*,*,#2683,.F.);
#2733 = PLANE('',#2734);
#2734 = AXIS2_PLACEMENT_3D('',#2735,#2736,#2737);
#2735 = CARTESIAN_POINT('',(18.8,-7.4,0.));
#2736 = DIRECTION('',(1.,0.,-0.));
#2737 = DIRECTION('',(0.,0.,1.));
#2738 = ADVANCED_FACE('',(#2739),#2750,.F.);
#2739 = FACE_BOUND('',#2740,.F.);
#2740 = EDGE_LOOP('',(#2741,#2742,#2743,#2744));
#2741 = ORIENTED_EDGE('',*,*,#594,.F.);
#2742 = ORIENTED_EDGE('',*,*,#2700,.F.);
#2743 = ORIENTED_EDGE('',*,*,#1173,.T.);
#2744 = ORIENTED_EDGE('',*,*,#2745,.T.);
#2745 = EDGE_CURVE('',#1174,#586,#2746,.T.);
#2746 = LINE('',#2747,#2748);
#2747 = CARTESIAN_POINT('',(2.6,12.1,0.));
#2748 = VECTOR('',#2749,1.);
#2749 = DIRECTION('',(0.,0.,1.));
#2750 = PLANE('',#2751);
#2751 = AXIS2_PLACEMENT_3D('',#2752,#2753,#2754);
#2752 = CARTESIAN_POINT('',(2.6,4.,0.));
#2753 = DIRECTION('',(1.,0.,-0.));
#2754 = DIRECTION('',(0.,0.,1.));
#2755 = ADVANCED_FACE('',(#2756),#2767,.T.);
#2756 = FACE_BOUND('',#2757,.T.);
#2757 = EDGE_LOOP('',(#2758,#2759,#2765,#2766));
#2758 = ORIENTED_EDGE('',*,*,#1408,.T.);
#2759 = ORIENTED_EDGE('',*,*,#2760,.T.);
#2760 = EDGE_CURVE('',#1401,#344,#2761,.T.);
#2761 = LINE('',#2762,#2763);
#2762 = CARTESIAN_POINT('',(19.3,-7.4,0.));
#2763 = VECTOR('',#2764,1.);
#2764 = DIRECTION('',(0.,0.,1.));
#2765 = ORIENTED_EDGE('',*,*,#343,.F.);
#2766 = ORIENTED_EDGE('',*,*,#2726,.F.);
#2767 = CYLINDRICAL_SURFACE('',#2768,0.5);
#2768 = AXIS2_PLACEMENT_3D('',#2769,#2770,#2771);
#2769 = CARTESIAN_POINT('',(19.3,-6.9,0.));
#2770 = DIRECTION('',(0.,0.,1.));
#2771 = DIRECTION('',(-1.,-0.,0.));
#2772 = ADVANCED_FACE('',(#2773),#2784,.T.);
#2773 = FACE_BOUND('',#2774,.F.);
#2774 = EDGE_LOOP('',(#2775,#2776,#2782,#2783));
#2775 = ORIENTED_EDGE('',*,*,#1181,.T.);
#2776 = ORIENTED_EDGE('',*,*,#2777,.T.);
#2777 = EDGE_CURVE('',#1182,#578,#2778,.T.);
#2778 = LINE('',#2779,#2780);
#2779 = CARTESIAN_POINT('',(3.1,12.6,0.));
#2780 = VECTOR('',#2781,1.);
#2781 = DIRECTION('',(0.,0.,1.));
#2782 = ORIENTED_EDGE('',*,*,#585,.F.);
#2783 = ORIENTED_EDGE('',*,*,#2745,.F.);
#2784 = CYLINDRICAL_SURFACE('',#2785,0.5);
#2785 = AXIS2_PLACEMENT_3D('',#2786,#2787,#2788);
#2786 = CARTESIAN_POINT('',(3.1,12.1,0.));
#2787 = DIRECTION('',(0.,0.,1.));
#2788 = DIRECTION('',(-1.,-0.,0.));
#2789 = ADVANCED_FACE('',(#2790),#2801,.F.);
#2790 = FACE_BOUND('',#2791,.F.);
#2791 = EDGE_LOOP('',(#2792,#2793,#2794,#2795));
#2792 = ORIENTED_EDGE('',*,*,#1400,.F.);
#2793 = ORIENTED_EDGE('',*,*,#2760,.T.);
#2794 = ORIENTED_EDGE('',*,*,#352,.T.);
#2795 = ORIENTED_EDGE('',*,*,#2796,.F.);
#2796 = EDGE_CURVE('',#1392,#353,#2797,.T.);
#2797 = LINE('',#2798,#2799);
#2798 = CARTESIAN_POINT('',(19.5,-7.4,0.));
#2799 = VECTOR('',#2800,1.);
#2800 = DIRECTION('',(0.,0.,1.));
#2801 = PLANE('',#2802);
#2802 = AXIS2_PLACEMENT_3D('',#2803,#2804,#2805);
#2803 = CARTESIAN_POINT('',(18.8,-7.4,0.));
#2804 = DIRECTION('',(-0.,1.,0.));
#2805 = DIRECTION('',(0.,0.,1.));
#2806 = ADVANCED_FACE('',(#2807),#2818,.T.);
#2807 = FACE_BOUND('',#2808,.T.);
#2808 = EDGE_LOOP('',(#2809,#2810,#2811,#2812));
#2809 = ORIENTED_EDGE('',*,*,#1190,.F.);
#2810 = ORIENTED_EDGE('',*,*,#2777,.T.);
#2811 = ORIENTED_EDGE('',*,*,#577,.T.);
#2812 = ORIENTED_EDGE('',*,*,#2813,.F.);
#2813 = EDGE_CURVE('',#1191,#569,#2814,.T.);
#2814 = LINE('',#2815,#2816);
#2815 = CARTESIAN_POINT('',(3.3,12.6,0.));
#2816 = VECTOR('',#2817,1.);
#2817 = DIRECTION('',(0.,0.,1.));
#2818 = PLANE('',#2819);
#2819 = AXIS2_PLACEMENT_3D('',#2820,#2821,#2822);
#2820 = CARTESIAN_POINT('',(2.6,12.6,0.));
#2821 = DIRECTION('',(-0.,1.,0.));
#2822 = DIRECTION('',(0.,0.,1.));
#2823 = ADVANCED_FACE('',(#2824),#2835,.T.);
#2824 = FACE_BOUND('',#2825,.T.);
#2825 = EDGE_LOOP('',(#2826,#2827,#2833,#2834));
#2826 = ORIENTED_EDGE('',*,*,#1391,.T.);
#2827 = ORIENTED_EDGE('',*,*,#2828,.T.);
#2828 = EDGE_CURVE('',#1384,#361,#2829,.T.);
#2829 = LINE('',#2830,#2831);
#2830 = CARTESIAN_POINT('',(20.,-6.9,0.));
#2831 = VECTOR('',#2832,1.);
#2832 = DIRECTION('',(0.,0.,1.));
#2833 = ORIENTED_EDGE('',*,*,#360,.F.);
#2834 = ORIENTED_EDGE('',*,*,#2796,.F.);
#2835 = CYLINDRICAL_SURFACE('',#2836,0.5);
#2836 = AXIS2_PLACEMENT_3D('',#2837,#2838,#2839);
#2837 = CARTESIAN_POINT('',(19.5,-6.9,0.));
#2838 = DIRECTION('',(0.,0.,1.));
#2839 = DIRECTION('',(0.,-1.,0.));
#2840 = ADVANCED_FACE('',(#2841),#2852,.T.);
#2841 = FACE_BOUND('',#2842,.T.);
#2842 = EDGE_LOOP('',(#2843,#2844,#2845,#2846));
#2843 = ORIENTED_EDGE('',*,*,#1198,.T.);
#2844 = ORIENTED_EDGE('',*,*,#2813,.T.);
#2845 = ORIENTED_EDGE('',*,*,#568,.F.);
#2846 = ORIENTED_EDGE('',*,*,#2847,.F.);
#2847 = EDGE_CURVE('',#1199,#561,#2848,.T.);
#2848 = LINE('',#2849,#2850);
#2849 = CARTESIAN_POINT('',(3.8,12.1,0.));
#2850 = VECTOR('',#2851,1.);
#2851 = DIRECTION('',(0.,0.,1.));
#2852 = CYLINDRICAL_SURFACE('',#2853,0.5);
#2853 = AXIS2_PLACEMENT_3D('',#2854,#2855,#2856);
#2854 = CARTESIAN_POINT('',(3.3,12.1,0.));
#2855 = DIRECTION('',(0.,0.,1.));
#2856 = DIRECTION('',(1.,0.,-0.));
#2857 = ADVANCED_FACE('',(#2858),#2869,.T.);
#2858 = FACE_BOUND('',#2859,.T.);
#2859 = EDGE_LOOP('',(#2860,#2861,#2862,#2863));
#2860 = ORIENTED_EDGE('',*,*,#369,.F.);
#2861 = ORIENTED_EDGE('',*,*,#2828,.F.);
#2862 = ORIENTED_EDGE('',*,*,#1383,.T.);
#2863 = ORIENTED_EDGE('',*,*,#2864,.T.);
#2864 = EDGE_CURVE('',#1375,#370,#2865,.T.);
#2865 = LINE('',#2866,#2867);
#2866 = CARTESIAN_POINT('',(20.,12.1,0.));
#2867 = VECTOR('',#2868,1.);
#2868 = DIRECTION('',(0.,0.,1.));
#2869 = PLANE('',#2870);
#2870 = AXIS2_PLACEMENT_3D('',#2871,#2872,#2873);
#2871 = CARTESIAN_POINT('',(20.,2.6,15.));
#2872 = DIRECTION('',(1.,0.,0.));
#2873 = DIRECTION('',(-0.,0.,1.));
#2874 = ADVANCED_FACE('',(#2875),#2886,.T.);
#2875 = FACE_BOUND('',#2876,.T.);
#2876 = EDGE_LOOP('',(#2877,#2878,#2884,#2885));
#2877 = ORIENTED_EDGE('',*,*,#560,.F.);
#2878 = ORIENTED_EDGE('',*,*,#2879,.F.);
#2879 = EDGE_CURVE('',#1208,#553,#2880,.T.);
#2880 = LINE('',#2881,#2882);
#2881 = CARTESIAN_POINT('',(3.8,4.,0.));
#2882 = VECTOR('',#2883,1.);
#2883 = DIRECTION('',(0.,0.,1.));
#2884 = ORIENTED_EDGE('',*,*,#1207,.T.);
#2885 = ORIENTED_EDGE('',*,*,#2847,.T.);
#2886 = PLANE('',#2887);
#2887 = AXIS2_PLACEMENT_3D('',#2888,#2889,#2890);
#2888 = CARTESIAN_POINT('',(3.8,4.,0.));
#2889 = DIRECTION('',(1.,0.,-0.));
#2890 = DIRECTION('',(0.,0.,1.));
#2891 = ADVANCED_FACE('',(#2892),#2903,.T.);
#2892 = FACE_BOUND('',#2893,.F.);
#2893 = EDGE_LOOP('',(#2894,#2895,#2896,#2897));
#2894 = ORIENTED_EDGE('',*,*,#1374,.T.);
#2895 = ORIENTED_EDGE('',*,*,#2864,.T.);
#2896 = ORIENTED_EDGE('',*,*,#377,.F.);
#2897 = ORIENTED_EDGE('',*,*,#2898,.F.);
#2898 = EDGE_CURVE('',#1367,#378,#2899,.T.);
#2899 = LINE('',#2900,#2901);
#2900 = CARTESIAN_POINT('',(19.5,12.6,0.));
#2901 = VECTOR('',#2902,1.);
#2902 = DIRECTION('',(0.,0.,1.));
#2903 = CYLINDRICAL_SURFACE('',#2904,0.5);
#2904 = AXIS2_PLACEMENT_3D('',#2905,#2906,#2907);
#2905 = CARTESIAN_POINT('',(19.5,12.1,0.));
#2906 = DIRECTION('',(0.,0.,1.));
#2907 = DIRECTION('',(-0.,1.,0.));
#2908 = ADVANCED_FACE('',(#2909),#2920,.T.);
#2909 = FACE_BOUND('',#2910,.T.);
#2910 = EDGE_LOOP('',(#2911,#2912,#2913,#2914));
#2911 = ORIENTED_EDGE('',*,*,#1215,.F.);
#2912 = ORIENTED_EDGE('',*,*,#2879,.T.);
#2913 = ORIENTED_EDGE('',*,*,#552,.T.);
#2914 = ORIENTED_EDGE('',*,*,#2915,.F.);
#2915 = EDGE_CURVE('',#1216,#545,#2916,.T.);
#2916 = LINE('',#2917,#2918);
#2917 = CARTESIAN_POINT('',(6.4,4.,0.));
#2918 = VECTOR('',#2919,1.);
#2919 = DIRECTION('',(0.,0.,1.));
#2920 = PLANE('',#2921);
#2921 = AXIS2_PLACEMENT_3D('',#2922,#2923,#2924);
#2922 = CARTESIAN_POINT('',(-20.,4.,0.));
#2923 = DIRECTION('',(-0.,1.,0.));
#2924 = DIRECTION('',(0.,0.,1.));
#2925 = ADVANCED_FACE('',(#2926),#2937,.T.);
#2926 = FACE_BOUND('',#2927,.T.);
#2927 = EDGE_LOOP('',(#2928,#2929,#2935,#2936));
#2928 = ORIENTED_EDGE('',*,*,#1366,.F.);
#2929 = ORIENTED_EDGE('',*,*,#2930,.T.);
#2930 = EDGE_CURVE('',#1358,#387,#2931,.T.);
#2931 = LINE('',#2932,#2933);
#2932 = CARTESIAN_POINT('',(19.3,12.6,0.));
#2933 = VECTOR('',#2934,1.);
#2934 = DIRECTION('',(0.,0.,1.));
#2935 = ORIENTED_EDGE('',*,*,#386,.T.);
#2936 = ORIENTED_EDGE('',*,*,#2898,.F.);
#2937 = PLANE('',#2938);
#2938 = AXIS2_PLACEMENT_3D('',#2939,#2940,#2941);
#2939 = CARTESIAN_POINT('',(18.8,12.6,0.));
#2940 = DIRECTION('',(-0.,1.,0.));
#2941 = DIRECTION('',(0.,0.,1.));
#2942 = ADVANCED_FACE('',(#2943),#2954,.F.);
#2943 = FACE_BOUND('',#2944,.F.);
#2944 = EDGE_LOOP('',(#2945,#2946,#2947,#2948));
#2945 = ORIENTED_EDGE('',*,*,#544,.F.);
#2946 = ORIENTED_EDGE('',*,*,#2915,.F.);
#2947 = ORIENTED_EDGE('',*,*,#1223,.T.);
#2948 = ORIENTED_EDGE('',*,*,#2949,.T.);
#2949 = EDGE_CURVE('',#1224,#536,#2950,.T.);
#2950 = LINE('',#2951,#2952);
#2951 = CARTESIAN_POINT('',(6.4,12.1,0.));
#2952 = VECTOR('',#2953,1.);
#2953 = DIRECTION('',(0.,0.,1.));
#2954 = PLANE('',#2955);
#2955 = AXIS2_PLACEMENT_3D('',#2956,#2957,#2958);
#2956 = CARTESIAN_POINT('',(6.4,4.,0.));
#2957 = DIRECTION('',(1.,0.,-0.));
#2958 = DIRECTION('',(0.,0.,1.));
#2959 = ADVANCED_FACE('',(#2960),#2971,.T.);
#2960 = FACE_BOUND('',#2961,.F.);
#2961 = EDGE_LOOP('',(#2962,#2963,#2964,#2965));
#2962 = ORIENTED_EDGE('',*,*,#1357,.T.);
#2963 = ORIENTED_EDGE('',*,*,#2930,.T.);
#2964 = ORIENTED_EDGE('',*,*,#394,.F.);
#2965 = ORIENTED_EDGE('',*,*,#2966,.F.);
#2966 = EDGE_CURVE('',#1350,#395,#2967,.T.);
#2967 = LINE('',#2968,#2969);
#2968 = CARTESIAN_POINT('',(18.8,12.1,0.));
#2969 = VECTOR('',#2970,1.);
#2970 = DIRECTION('',(0.,0.,1.));
#2971 = CYLINDRICAL_SURFACE('',#2972,0.5);
#2972 = AXIS2_PLACEMENT_3D('',#2973,#2974,#2975);
#2973 = CARTESIAN_POINT('',(19.3,12.1,0.));
#2974 = DIRECTION('',(0.,0.,1.));
#2975 = DIRECTION('',(-1.,-0.,0.));
#2976 = ADVANCED_FACE('',(#2977),#2988,.T.);
#2977 = FACE_BOUND('',#2978,.F.);
#2978 = EDGE_LOOP('',(#2979,#2980,#2986,#2987));
#2979 = ORIENTED_EDGE('',*,*,#1231,.T.);
#2980 = ORIENTED_EDGE('',*,*,#2981,.T.);
#2981 = EDGE_CURVE('',#1232,#528,#2982,.T.);
#2982 = LINE('',#2983,#2984);
#2983 = CARTESIAN_POINT('',(6.9,12.6,0.));
#2984 = VECTOR('',#2985,1.);
#2985 = DIRECTION('',(0.,0.,1.));
#2986 = ORIENTED_EDGE('',*,*,#535,.F.);
#2987 = ORIENTED_EDGE('',*,*,#2949,.F.);
#2988 = CYLINDRICAL_SURFACE('',#2989,0.5);
#2989 = AXIS2_PLACEMENT_3D('',#2990,#2991,#2992);
#2990 = CARTESIAN_POINT('',(6.9,12.1,0.));
#2991 = DIRECTION('',(0.,0.,1.));
#2992 = DIRECTION('',(-1.,-0.,0.));
#2993 = ADVANCED_FACE('',(#2994),#3005,.F.);
#2994 = FACE_BOUND('',#2995,.F.);
#2995 = EDGE_LOOP('',(#2996,#2997,#3003,#3004));
#2996 = ORIENTED_EDGE('',*,*,#403,.F.);
#2997 = ORIENTED_EDGE('',*,*,#2998,.T.);
#2998 = EDGE_CURVE('',#404,#1342,#2999,.T.);
#2999 = LINE('',#3000,#3001);
#3000 = CARTESIAN_POINT('',(18.8,4.,0.));
#3001 = VECTOR('',#3002,1.);
#3002 = DIRECTION('',(-0.,0.,-1.));
#3003 = ORIENTED_EDGE('',*,*,#1349,.T.);
#3004 = ORIENTED_EDGE('',*,*,#2966,.T.);
#3005 = PLANE('',#3006);
#3006 = AXIS2_PLACEMENT_3D('',#3007,#3008,#3009);
#3007 = CARTESIAN_POINT('',(18.8,-7.4,0.));
#3008 = DIRECTION('',(1.,0.,-0.));
#3009 = DIRECTION('',(0.,0.,1.));
#3010 = ADVANCED_FACE('',(#3011),#3017,.T.);
#3011 = FACE_BOUND('',#3012,.T.);
#3012 = EDGE_LOOP('',(#3013,#3014,#3015,#3016));
#3013 = ORIENTED_EDGE('',*,*,#1240,.F.);
#3014 = ORIENTED_EDGE('',*,*,#2981,.T.);
#3015 = ORIENTED_EDGE('',*,*,#527,.T.);
#3016 = ORIENTED_EDGE('',*,*,#881,.F.);
#3017 = PLANE('',#3018);
#3018 = AXIS2_PLACEMENT_3D('',#3019,#3020,#3021);
#3019 = CARTESIAN_POINT('',(6.4,12.6,0.));
#3020 = DIRECTION('',(-0.,1.,0.));
#3021 = DIRECTION('',(0.,0.,1.));
#3022 = ADVANCED_FACE('',(#3023),#3034,.T.);
#3023 = FACE_BOUND('',#3024,.T.);
#3024 = EDGE_LOOP('',(#3025,#3026,#3032,#3033));
#3025 = ORIENTED_EDGE('',*,*,#1341,.F.);
#3026 = ORIENTED_EDGE('',*,*,#3027,.F.);
#3027 = EDGE_CURVE('',#412,#1334,#3028,.T.);
#3028 = LINE('',#3029,#3030);
#3029 = CARTESIAN_POINT('',(15.,4.,0.));
#3030 = VECTOR('',#3031,1.);
#3031 = DIRECTION('',(-0.,0.,-1.));
#3032 = ORIENTED_EDGE('',*,*,#411,.T.);
#3033 = ORIENTED_EDGE('',*,*,#2998,.T.);
#3034 = PLANE('',#3035);
#3035 = AXIS2_PLACEMENT_3D('',#3036,#3037,#3038);
#3036 = CARTESIAN_POINT('',(-20.,4.,0.));
#3037 = DIRECTION('',(-0.,1.,0.));
#3038 = DIRECTION('',(0.,0.,1.));
#3039 = ADVANCED_FACE('',(#3040),#3051,.T.);
#3040 = FACE_BOUND('',#3041,.T.);
#3041 = EDGE_LOOP('',(#3042,#3043,#3044,#3045));
#3042 = ORIENTED_EDGE('',*,*,#419,.F.);
#3043 = ORIENTED_EDGE('',*,*,#3027,.T.);
#3044 = ORIENTED_EDGE('',*,*,#1333,.T.);
#3045 = ORIENTED_EDGE('',*,*,#3046,.T.);
#3046 = EDGE_CURVE('',#1325,#420,#3047,.T.);
#3047 = LINE('',#3048,#3049);
#3048 = CARTESIAN_POINT('',(15.,12.1,0.));
#3049 = VECTOR('',#3050,1.);
#3050 = DIRECTION('',(0.,0.,1.));
#3051 = PLANE('',#3052);
#3052 = AXIS2_PLACEMENT_3D('',#3053,#3054,#3055);
#3053 = CARTESIAN_POINT('',(15.,-7.4,0.));
#3054 = DIRECTION('',(1.,0.,-0.));
#3055 = DIRECTION('',(0.,0.,1.));
#3056 = ADVANCED_FACE('',(#3057),#3068,.T.);
#3057 = FACE_BOUND('',#3058,.F.);
#3058 = EDGE_LOOP('',(#3059,#3060,#3061,#3062));
#3059 = ORIENTED_EDGE('',*,*,#1324,.T.);
#3060 = ORIENTED_EDGE('',*,*,#3046,.T.);
#3061 = ORIENTED_EDGE('',*,*,#427,.F.);
#3062 = ORIENTED_EDGE('',*,*,#3063,.F.);
#3063 = EDGE_CURVE('',#1317,#428,#3064,.T.);
#3064 = LINE('',#3065,#3066);
#3065 = CARTESIAN_POINT('',(14.5,12.6,0.));
#3066 = VECTOR('',#3067,1.);
#3067 = DIRECTION('',(0.,0.,1.));
#3068 = CYLINDRICAL_SURFACE('',#3069,0.5);
#3069 = AXIS2_PLACEMENT_3D('',#3070,#3071,#3072);
#3070 = CARTESIAN_POINT('',(14.5,12.1,0.));
#3071 = DIRECTION('',(0.,0.,1.));
#3072 = DIRECTION('',(-0.,1.,0.));
#3073 = ADVANCED_FACE('',(#3074),#3085,.T.);
#3074 = FACE_BOUND('',#3075,.T.);
#3075 = EDGE_LOOP('',(#3076,#3077,#3083,#3084));
#3076 = ORIENTED_EDGE('',*,*,#1316,.F.);
#3077 = ORIENTED_EDGE('',*,*,#3078,.T.);
#3078 = EDGE_CURVE('',#1308,#437,#3079,.T.);
#3079 = LINE('',#3080,#3081);
#3080 = CARTESIAN_POINT('',(14.3,12.6,0.));
#3081 = VECTOR('',#3082,1.);
#3082 = DIRECTION('',(0.,0.,1.));
#3083 = ORIENTED_EDGE('',*,*,#436,.T.);
#3084 = ORIENTED_EDGE('',*,*,#3063,.F.);
#3085 = PLANE('',#3086);
#3086 = AXIS2_PLACEMENT_3D('',#3087,#3088,#3089);
#3087 = CARTESIAN_POINT('',(13.8,12.6,0.));
#3088 = DIRECTION('',(-0.,1.,0.));
#3089 = DIRECTION('',(0.,0.,1.));
#3090 = ADVANCED_FACE('',(#3091),#3102,.F.);
#3091 = FACE_BOUND('',#3092,.F.);
#3092 = EDGE_LOOP('',(#3093,#3094,#3095,#3096));
#3093 = ORIENTED_EDGE('',*,*,#503,.F.);
#3094 = ORIENTED_EDGE('',*,*,#907,.T.);
#3095 = ORIENTED_EDGE('',*,*,#1249,.T.);
#3096 = ORIENTED_EDGE('',*,*,#3097,.T.);
#3097 = EDGE_CURVE('',#1250,#495,#3098,.T.);
#3098 = LINE('',#3099,#3100);
#3099 = CARTESIAN_POINT('',(9.8,12.1,0.));
#3100 = VECTOR('',#3101,1.);
#3101 = DIRECTION('',(0.,0.,1.));
#3102 = PLANE('',#3103);
#3103 = AXIS2_PLACEMENT_3D('',#3104,#3105,#3106);
#3104 = CARTESIAN_POINT('',(9.8,-7.4,0.));
#3105 = DIRECTION('',(1.,0.,-0.));
#3106 = DIRECTION('',(0.,0.,1.));
#3107 = ADVANCED_FACE('',(#3108),#3119,.T.);
#3108 = FACE_BOUND('',#3109,.F.);
#3109 = EDGE_LOOP('',(#3110,#3111,#3112,#3113));
#3110 = ORIENTED_EDGE('',*,*,#1307,.T.);
#3111 = ORIENTED_EDGE('',*,*,#3078,.T.);
#3112 = ORIENTED_EDGE('',*,*,#444,.F.);
#3113 = ORIENTED_EDGE('',*,*,#3114,.F.);
#3114 = EDGE_CURVE('',#1300,#445,#3115,.T.);
#3115 = LINE('',#3116,#3117);
#3116 = CARTESIAN_POINT('',(13.8,12.1,0.));
#3117 = VECTOR('',#3118,1.);
#3118 = DIRECTION('',(0.,0.,1.));
#3119 = CYLINDRICAL_SURFACE('',#3120,0.5);
#3120 = AXIS2_PLACEMENT_3D('',#3121,#3122,#3123);
#3121 = CARTESIAN_POINT('',(14.3,12.1,0.));
#3122 = DIRECTION('',(0.,0.,1.));
#3123 = DIRECTION('',(-1.,-0.,0.));
#3124 = ADVANCED_FACE('',(#3125),#3136,.T.);
#3125 = FACE_BOUND('',#3126,.F.);
#3126 = EDGE_LOOP('',(#3127,#3128,#3134,#3135));
#3127 = ORIENTED_EDGE('',*,*,#1257,.T.);
#3128 = ORIENTED_EDGE('',*,*,#3129,.T.);
#3129 = EDGE_CURVE('',#1258,#487,#3130,.T.);
#3130 = LINE('',#3131,#3132);
#3131 = CARTESIAN_POINT('',(10.3,12.6,0.));
#3132 = VECTOR('',#3133,1.);
#3133 = DIRECTION('',(0.,0.,1.));
#3134 = ORIENTED_EDGE('',*,*,#494,.F.);
#3135 = ORIENTED_EDGE('',*,*,#3097,.F.);
#3136 = CYLINDRICAL_SURFACE('',#3137,0.5);
#3137 = AXIS2_PLACEMENT_3D('',#3138,#3139,#3140);
#3138 = CARTESIAN_POINT('',(10.3,12.1,0.));
#3139 = DIRECTION('',(0.,0.,1.));
#3140 = DIRECTION('',(-1.,-0.,0.));
#3141 = ADVANCED_FACE('',(#3142),#3153,.F.);
#3142 = FACE_BOUND('',#3143,.F.);
#3143 = EDGE_LOOP('',(#3144,#3145,#3151,#3152));
#3144 = ORIENTED_EDGE('',*,*,#453,.F.);
#3145 = ORIENTED_EDGE('',*,*,#3146,.T.);
#3146 = EDGE_CURVE('',#454,#1292,#3147,.T.);
#3147 = LINE('',#3148,#3149);
#3148 = CARTESIAN_POINT('',(13.8,4.,0.));
#3149 = VECTOR('',#3150,1.);
#3150 = DIRECTION('',(-0.,0.,-1.));
#3151 = ORIENTED_EDGE('',*,*,#1299,.T.);
#3152 = ORIENTED_EDGE('',*,*,#3114,.T.);
#3153 = PLANE('',#3154);
#3154 = AXIS2_PLACEMENT_3D('',#3155,#3156,#3157);
#3155 = CARTESIAN_POINT('',(13.8,-7.4,0.));
#3156 = DIRECTION('',(1.,0.,-0.));
#3157 = DIRECTION('',(0.,0.,1.));
#3158 = ADVANCED_FACE('',(#3159),#3170,.T.);
#3159 = FACE_BOUND('',#3160,.T.);
#3160 = EDGE_LOOP('',(#3161,#3162,#3163,#3164));
#3161 = ORIENTED_EDGE('',*,*,#1266,.F.);
#3162 = ORIENTED_EDGE('',*,*,#3129,.T.);
#3163 = ORIENTED_EDGE('',*,*,#486,.T.);
#3164 = ORIENTED_EDGE('',*,*,#3165,.F.);
#3165 = EDGE_CURVE('',#1267,#478,#3166,.T.);
#3166 = LINE('',#3167,#3168);
#3167 = CARTESIAN_POINT('',(10.5,12.6,0.));
#3168 = VECTOR('',#3169,1.);
#3169 = DIRECTION('',(0.,0.,1.));
#3170 = PLANE('',#3171);
#3171 = AXIS2_PLACEMENT_3D('',#3172,#3173,#3174);
#3172 = CARTESIAN_POINT('',(9.8,12.6,0.));
#3173 = DIRECTION('',(-0.,1.,0.));
#3174 = DIRECTION('',(0.,0.,1.));
#3175 = ADVANCED_FACE('',(#3176),#3187,.T.);
#3176 = FACE_BOUND('',#3177,.T.);
#3177 = EDGE_LOOP('',(#3178,#3179,#3185,#3186));
#3178 = ORIENTED_EDGE('',*,*,#1291,.F.);
#3179 = ORIENTED_EDGE('',*,*,#3180,.F.);
#3180 = EDGE_CURVE('',#462,#1284,#3181,.T.);
#3181 = LINE('',#3182,#3183);
#3182 = CARTESIAN_POINT('',(11.,4.,0.));
#3183 = VECTOR('',#3184,1.);
#3184 = DIRECTION('',(-0.,0.,-1.));
#3185 = ORIENTED_EDGE('',*,*,#461,.T.);
#3186 = ORIENTED_EDGE('',*,*,#3146,.T.);
#3187 = PLANE('',#3188);
#3188 = AXIS2_PLACEMENT_3D('',#3189,#3190,#3191);
#3189 = CARTESIAN_POINT('',(-20.,4.,0.));
#3190 = DIRECTION('',(-0.,1.,0.));
#3191 = DIRECTION('',(0.,0.,1.));
#3192 = ADVANCED_FACE('',(#3193),#3204,.T.);
#3193 = FACE_BOUND('',#3194,.F.);
#3194 = EDGE_LOOP('',(#3195,#3196,#3202,#3203));
#3195 = ORIENTED_EDGE('',*,*,#1274,.T.);
#3196 = ORIENTED_EDGE('',*,*,#3197,.T.);
#3197 = EDGE_CURVE('',#1275,#470,#3198,.T.);
#3198 = LINE('',#3199,#3200);
#3199 = CARTESIAN_POINT('',(11.,12.1,0.));
#3200 = VECTOR('',#3201,1.);
#3201 = DIRECTION('',(0.,0.,1.));
#3202 = ORIENTED_EDGE('',*,*,#477,.F.);
#3203 = ORIENTED_EDGE('',*,*,#3165,.F.);
#3204 = CYLINDRICAL_SURFACE('',#3205,0.5);
#3205 = AXIS2_PLACEMENT_3D('',#3206,#3207,#3208);
#3206 = CARTESIAN_POINT('',(10.5,12.1,0.));
#3207 = DIRECTION('',(0.,0.,1.));
#3208 = DIRECTION('',(-0.,1.,0.));
#3209 = ADVANCED_FACE('',(#3210),#3216,.T.);
#3210 = FACE_BOUND('',#3211,.T.);
#3211 = EDGE_LOOP('',(#3212,#3213,#3214,#3215));
#3212 = ORIENTED_EDGE('',*,*,#469,.F.);
#3213 = ORIENTED_EDGE('',*,*,#3180,.T.);
#3214 = ORIENTED_EDGE('',*,*,#1283,.T.);
#3215 = ORIENTED_EDGE('',*,*,#3197,.T.);
#3216 = PLANE('',#3217);
#3217 = AXIS2_PLACEMENT_3D('',#3218,#3219,#3220);
#3218 = CARTESIAN_POINT('',(11.,-7.4,0.));
#3219 = DIRECTION('',(1.,0.,-0.));
#3220 = DIRECTION('',(0.,0.,1.));
#3221 = ADVANCED_FACE('',(#3222),#3233,.F.);
#3222 = FACE_BOUND('',#3223,.F.);
#3223 = EDGE_LOOP('',(#3224,#3225,#3231,#3232));
#3224 = ORIENTED_EDGE('',*,*,#844,.F.);
#3225 = ORIENTED_EDGE('',*,*,#3226,.F.);
#3226 = EDGE_CURVE('',#1679,#845,#3227,.T.);
#3227 = LINE('',#3228,#3229);
#3228 = CARTESIAN_POINT('',(-16.15,1.5,-1.));
#3229 = VECTOR('',#3230,1.);
#3230 = DIRECTION('',(0.,0.,1.));
#3231 = ORIENTED_EDGE('',*,*,#1678,.T.);
#3232 = ORIENTED_EDGE('',*,*,#3226,.T.);
#3233 = CYLINDRICAL_SURFACE('',#3234,0.85);
#3234 = AXIS2_PLACEMENT_3D('',#3235,#3236,#3237);
#3235 = CARTESIAN_POINT('',(-17.,1.5,-1.));
#3236 = DIRECTION('',(0.,0.,1.));
#3237 = DIRECTION('',(1.,0.,-0.));
#3238 = ADVANCED_FACE('',(#3239),#3250,.F.);
#3239 = FACE_BOUND('',#3240,.F.);
#3240 = EDGE_LOOP('',(#3241,#3242,#3248,#3249));
#3241 = ORIENTED_EDGE('',*,*,#855,.F.);
#3242 = ORIENTED_EDGE('',*,*,#3243,.F.);
#3243 = EDGE_CURVE('',#1668,#856,#3244,.T.);
#3244 = LINE('',#3245,#3246);
#3245 = CARTESIAN_POINT('',(17.85,1.5,-1.));
#3246 = VECTOR('',#3247,1.);
#3247 = DIRECTION('',(0.,0.,1.));
#3248 = ORIENTED_EDGE('',*,*,#1667,.T.);
#3249 = ORIENTED_EDGE('',*,*,#3243,.T.);
#3250 = CYLINDRICAL_SURFACE('',#3251,0.85);
#3251 = AXIS2_PLACEMENT_3D('',#3252,#3253,#3254);
#3252 = CARTESIAN_POINT('',(17.,1.5,-1.));
#3253 = DIRECTION('',(0.,0.,1.));
#3254 = DIRECTION('',(1.,0.,-0.));
#3255 = ADVANCED_FACE('',(#3256),#3267,.F.);
#3256 = FACE_BOUND('',#3257,.F.);
#3257 = EDGE_LOOP('',(#3258,#3259,#3265,#3266));
#3258 = ORIENTED_EDGE('',*,*,#2708,.F.);
#3259 = ORIENTED_EDGE('',*,*,#3260,.F.);
#3260 = EDGE_CURVE('',#2273,#2709,#3261,.T.);
#3261 = LINE('',#3262,#3263);
#3262 = CARTESIAN_POINT('',(-3.061616997868E-16,-1.,16.25));
#3263 = VECTOR('',#3264,1.);
#3264 = DIRECTION('',(0.,1.,0.));
#3265 = ORIENTED_EDGE('',*,*,#2272,.T.);
#3266 = ORIENTED_EDGE('',*,*,#3260,.T.);
#3267 = CYLINDRICAL_SURFACE('',#3268,1.25);
#3268 = AXIS2_PLACEMENT_3D('',#3269,#3270,#3271);
#3269 = CARTESIAN_POINT('',(0.,-1.,15.));
#3270 = DIRECTION('',(0.,1.,0.));
#3271 = DIRECTION('',(0.,-0.,1.));
#3272 = ( GEOMETRIC_REPRESENTATION_CONTEXT(3) 
GLOBAL_UNCERTAINTY_ASSIGNED_CONTEXT((#3276)) 
GLOBAL_UNIT_ASSIGNED_CONTEXT((#3273,#3274,#3275)) REPRESENTATION_CONTEXT
('Context #1','3D Context with UNIT and UNCERTAINTY') );
#3273 = ( LENGTH_UNIT() NAMED_UNIT(*) SI_UNIT(.MILLI.,.METRE.) );
#3274 = ( NAMED_UNIT(*) PLANE_ANGLE_UNIT() SI_UNIT($,.RADIAN.) );
#3275 = ( NAMED_UNIT(*) SI_UNIT($,.STERADIAN.) SOLID_ANGLE_UNIT() );
#3276 = UNCERTAINTY_MEASURE_WITH_UNIT(LENGTH_MEASURE(1.E-07),#3273,
  'distance_accuracy_value','confusion accuracy');
#3277 = CONTEXT_DEPENDENT_SHAPE_REPRESENTATION(#3278,#3280);
#3278 = ( REPRESENTATION_RELATIONSHIP('','',#36,#10) 
REPRESENTATION_RELATIONSHIP_WITH_TRANSFORMATION(#3279) 
SHAPE_REPRESENTATION_RELATIONSHIP() );
#3279 = ITEM_DEFINED_TRANSFORMATION('','',#11,#15);
#3280 = PRODUCT_DEFINITION_SHAPE('Placement','Placement of an item',
  #3281);
#3281 = NEXT_ASSEMBLY_USAGE_OCCURRENCE('1','Heatsink','',#5,#31,$);
#3282 = PRODUCT_RELATED_PRODUCT_CATEGORY('part',$,(#33));
#3283 = SHAPE_DEFINITION_REPRESENTATION(#3284,#3290);
#3284 = PRODUCT_DEFINITION_SHAPE('','',#3285);
#3285 = PRODUCT_DEFINITION('design','',#3286,#3289);
#3286 = PRODUCT_DEFINITION_FORMATION('','',#3287);
#3287 = PRODUCT('Pins','Pins','',(#3288));
#3288 = PRODUCT_CONTEXT('',#2,'mechanical');
#3289 = PRODUCT_DEFINITION_CONTEXT('part definition',#2,'design');
#3290 = SHAPE_REPRESENTATION('',(#11,#3291,#3344),#3397);
#3291 = MANIFOLD_SOLID_BREP('',#3292);
#3292 = CLOSED_SHELL('',(#3293,#3326,#3335));
#3293 = ADVANCED_FACE('',(#3294),#3321,.T.);
#3294 = FACE_BOUND('',#3295,.T.);
#3295 = EDGE_LOOP('',(#3296,#3305,#3313,#3320));
#3296 = ORIENTED_EDGE('',*,*,#3297,.F.);
#3297 = EDGE_CURVE('',#3298,#3298,#3300,.T.);
#3298 = VERTEX_POINT('',#3299);
#3299 = CARTESIAN_POINT('',(-16.25,1.5,5.));
#3300 = CIRCLE('',#3301,0.75);
#3301 = AXIS2_PLACEMENT_3D('',#3302,#3303,#3304);
#3302 = CARTESIAN_POINT('',(-17.,1.5,5.));
#3303 = DIRECTION('',(0.,0.,1.));
#3304 = DIRECTION('',(1.,0.,-0.));
#3305 = ORIENTED_EDGE('',*,*,#3306,.F.);
#3306 = EDGE_CURVE('',#3307,#3298,#3309,.T.);
#3307 = VERTEX_POINT('',#3308);
#3308 = CARTESIAN_POINT('',(-16.25,1.5,-3.5));
#3309 = LINE('',#3310,#3311);
#3310 = CARTESIAN_POINT('',(-16.25,1.5,-3.5));
#3311 = VECTOR('',#3312,1.);
#3312 = DIRECTION('',(0.,0.,1.));
#3313 = ORIENTED_EDGE('',*,*,#3314,.T.);
#3314 = EDGE_CURVE('',#3307,#3307,#3315,.T.);
#3315 = CIRCLE('',#3316,0.75);
#3316 = AXIS2_PLACEMENT_3D('',#3317,#3318,#3319);
#3317 = CARTESIAN_POINT('',(-17.,1.5,-3.5));
#3318 = DIRECTION('',(0.,0.,1.));
#3319 = DIRECTION('',(1.,0.,-0.));
#3320 = ORIENTED_EDGE('',*,*,#3306,.T.);
#3321 = CYLINDRICAL_SURFACE('',#3322,0.75);
#3322 = AXIS2_PLACEMENT_3D('',#3323,#3324,#3325);
#3323 = CARTESIAN_POINT('',(-17.,1.5,-3.5));
#3324 = DIRECTION('',(0.,0.,1.));
#3325 = DIRECTION('',(1.,0.,-0.));
#3326 = ADVANCED_FACE('',(#3327),#3330,.T.);
#3327 = FACE_BOUND('',#3328,.T.);
#3328 = EDGE_LOOP('',(#3329));
#3329 = ORIENTED_EDGE('',*,*,#3297,.T.);
#3330 = PLANE('',#3331);
#3331 = AXIS2_PLACEMENT_3D('',#3332,#3333,#3334);
#3332 = CARTESIAN_POINT('',(-17.,1.5,5.));
#3333 = DIRECTION('',(0.,0.,1.));
#3334 = DIRECTION('',(1.,0.,-0.));
#3335 = ADVANCED_FACE('',(#3336),#3339,.F.);
#3336 = FACE_BOUND('',#3337,.T.);
#3337 = EDGE_LOOP('',(#3338));
#3338 = ORIENTED_EDGE('',*,*,#3314,.F.);
#3339 = PLANE('',#3340);
#3340 = AXIS2_PLACEMENT_3D('',#3341,#3342,#3343);
#3341 = CARTESIAN_POINT('',(-17.,1.5,-3.5));
#3342 = DIRECTION('',(0.,0.,1.));
#3343 = DIRECTION('',(1.,0.,-0.));
#3344 = MANIFOLD_SOLID_BREP('',#3345);
#3345 = CLOSED_SHELL('',(#3346,#3379,#3388));
#3346 = ADVANCED_FACE('',(#3347),#3374,.T.);
#3347 = FACE_BOUND('',#3348,.T.);
#3348 = EDGE_LOOP('',(#3349,#3358,#3366,#3373));
#3349 = ORIENTED_EDGE('',*,*,#3350,.F.);
#3350 = EDGE_CURVE('',#3351,#3351,#3353,.T.);
#3351 = VERTEX_POINT('',#3352);
#3352 = CARTESIAN_POINT('',(17.75,1.5,5.));
#3353 = CIRCLE('',#3354,0.75);
#3354 = AXIS2_PLACEMENT_3D('',#3355,#3356,#3357);
#3355 = CARTESIAN_POINT('',(17.,1.5,5.));
#3356 = DIRECTION('',(0.,0.,1.));
#3357 = DIRECTION('',(1.,0.,-0.));
#3358 = ORIENTED_EDGE('',*,*,#3359,.F.);
#3359 = EDGE_CURVE('',#3360,#3351,#3362,.T.);
#3360 = VERTEX_POINT('',#3361);
#3361 = CARTESIAN_POINT('',(17.75,1.5,-3.5));
#3362 = LINE('',#3363,#3364);
#3363 = CARTESIAN_POINT('',(17.75,1.5,-3.5));
#3364 = VECTOR('',#3365,1.);
#3365 = DIRECTION('',(0.,0.,1.));
#3366 = ORIENTED_EDGE('',*,*,#3367,.T.);
#3367 = EDGE_CURVE('',#3360,#3360,#3368,.T.);
#3368 = CIRCLE('',#3369,0.75);
#3369 = AXIS2_PLACEMENT_3D('',#3370,#3371,#3372);
#3370 = CARTESIAN_POINT('',(17.,1.5,-3.5));
#3371 = DIRECTION('',(0.,0.,1.));
#3372 = DIRECTION('',(1.,0.,-0.));
#3373 = ORIENTED_EDGE('',*,*,#3359,.T.);
#3374 = CYLINDRICAL_SURFACE('',#3375,0.75);
#3375 = AXIS2_PLACEMENT_3D('',#3376,#3377,#3378);
#3376 = CARTESIAN_POINT('',(17.,1.5,-3.5));
#3377 = DIRECTION('',(0.,0.,1.));
#3378 = DIRECTION('',(1.,0.,-0.));
#3379 = ADVANCED_FACE('',(#3380),#3383,.T.);
#3380 = FACE_BOUND('',#3381,.T.);
#3381 = EDGE_LOOP('',(#3382));
#3382 = ORIENTED_EDGE('',*,*,#3350,.T.);
#3383 = PLANE('',#3384);
#3384 = AXIS2_PLACEMENT_3D('',#3385,#3386,#3387);
#3385 = CARTESIAN_POINT('',(17.,1.5,5.));
#3386 = DIRECTION('',(0.,0.,1.));
#3387 = DIRECTION('',(1.,0.,-0.));
#3388 = ADVANCED_FACE('',(#3389),#3392,.F.);
#3389 = FACE_BOUND('',#3390,.T.);
#3390 = EDGE_LOOP('',(#3391));
#3391 = ORIENTED_EDGE('',*,*,#3367,.F.);
#3392 = PLANE('',#3393);
#3393 = AXIS2_PLACEMENT_3D('',#3394,#3395,#3396);
#3394 = CARTESIAN_POINT('',(17.,1.5,-3.5));
#3395 = DIRECTION('',(0.,0.,1.));
#3396 = DIRECTION('',(1.,0.,-0.));
#3397 = ( GEOMETRIC_REPRESENTATION_CONTEXT(3) 
GLOBAL_UNCERTAINTY_ASSIGNED_CONTEXT((#3401)) 
GLOBAL_UNIT_ASSIGNED_CONTEXT((#3398,#3399,#3400)) REPRESENTATION_CONTEXT
('Context #1','3D Context with UNIT and UNCERTAINTY') );
#3398 = ( LENGTH_UNIT() NAMED_UNIT(*) SI_UNIT(.MILLI.,.METRE.) );
#3399 = ( NAMED_UNIT(*) PLANE_ANGLE_UNIT() SI_UNIT($,.RADIAN.) );
#3400 = ( NAMED_UNIT(*) SI_UNIT($,.STERADIAN.) SOLID_ANGLE_UNIT() );
#3401 = UNCERTAINTY_MEASURE_WITH_UNIT(LENGTH_MEASURE(1.E-07),#3398,
  'distance_accuracy_value','confusion accuracy');
#3402 = CONTEXT_DEPENDENT_SHAPE_REPRESENTATION(#3403,#3405);
#3403 = ( REPRESENTATION_RELATIONSHIP('','',#3290,#10) 
REPRESENTATION_RELATIONSHIP_WITH_TRANSFORMATION(#3404) 
SHAPE_REPRESENTATION_RELATIONSHIP() );
#3404 = ITEM_DEFINED_TRANSFORMATION('','',#11,#19);
#3405 = PRODUCT_DEFINITION_SHAPE('Placement','Placement of an item',
  #3406);
#3406 = NEXT_ASSEMBLY_USAGE_OCCURRENCE('2','Pins','',#5,#3285,$);
#3407 = PRODUCT_RELATED_PRODUCT_CATEGORY('part',$,(#3287));
#3408 = MECHANICAL_DESIGN_GEOMETRIC_PRESENTATION_REPRESENTATION('',(
    #3409,#3420),#3397);
#3409 = STYLED_ITEM('color',(#3410),#3291);
#3410 = PRESENTATION_STYLE_ASSIGNMENT((#3411,#3417));
#3411 = SURFACE_STYLE_USAGE(.BOTH.,#3412);
#3412 = SURFACE_SIDE_STYLE('',(#3413));
#3413 = SURFACE_STYLE_FILL_AREA(#3414);
#3414 = FILL_AREA_STYLE('',(#3415));
#3415 = FILL_AREA_STYLE_COLOUR('',#3416);
#3416 = COLOUR_RGB('',0.779999965419,0.779999965419,0.800000010877);
#3417 = CURVE_STYLE('',#3418,POSITIVE_LENGTH_MEASURE(0.1),#3419);
#3418 = DRAUGHTING_PRE_DEFINED_CURVE_FONT('continuous');
#3419 = COLOUR_RGB('',9.803921802644E-02,9.803921802644E-02,
  9.803921802644E-02);
#3420 = STYLED_ITEM('color',(#3421),#3344);
#3421 = PRESENTATION_STYLE_ASSIGNMENT((#3422,#3427));
#3422 = SURFACE_STYLE_USAGE(.BOTH.,#3423);
#3423 = SURFACE_SIDE_STYLE('',(#3424));
#3424 = SURFACE_STYLE_FILL_AREA(#3425);
#3425 = FILL_AREA_STYLE('',(#3426));
#3426 = FILL_AREA_STYLE_COLOUR('',#3416);
#3427 = CURVE_STYLE('',#3428,POSITIVE_LENGTH_MEASURE(0.1),#3419);
#3428 = DRAUGHTING_PRE_DEFINED_CURVE_FONT('continuous');
#3429 = MECHANICAL_DESIGN_GEOMETRIC_PRESENTATION_REPRESENTATION('',(
    #3430),#3272);
#3430 = STYLED_ITEM('color',(#3431),#37);
#3431 = PRESENTATION_STYLE_ASSIGNMENT((#3432,#3438));
#3432 = SURFACE_STYLE_USAGE(.BOTH.,#3433);
#3433 = SURFACE_SIDE_STYLE('',(#3434));
#3434 = SURFACE_STYLE_FILL_AREA(#3435);
#3435 = FILL_AREA_STYLE('',(#3436));
#3436 = FILL_AREA_STYLE_COLOUR('',#3437);
#3437 = COLOUR_RGB('',7.999999887273E-02,7.999999887273E-02,
  7.999999887273E-02);
#3438 = CURVE_STYLE('',#3439,POSITIVE_LENGTH_MEASURE(0.1),#3419);
#3439 = DRAUGHTING_PRE_DEFINED_CURVE_FONT('continuous');
ENDSEC;
END-ISO-10303-21;
