sweep,vin,t,v5,vref,vadj,vfan,i317,ifan
0.0,0.0,70.0,-7.600893063859696e-05,-1.5000741092941428,-1.4990761085671345,0.0,0.0,0.0
2.9296876036255526e-10,0.0,70.0,-7.600893063859693e-05,-1.5000741092941428,-1.4990761085671345,0.0,0.0,0.0
5.859375207251105e-10,0.0,70.0,-7.600893063859691e-05,-1.5000741092941428,-1.4990761085671345,0.0,0.0,0.0
1.171875041450221e-09,0.0,70.0,-7.600893063859687e-05,-1.5000741092941428,-1.4990761085671345,0.0,0.0,0.0
2.343750082900442e-09,0.0,70.0,-7.600893063859682e-05,-1.5000741092941428,-1.4990761085671345,0.0,0.0,0.0
4.687500165800884e-09,0.0,70.0,-7.600893063859675e-05,-1.5000741092941428,-1.4990761085671345,0.0,0.0,0.0
9.375000331601768e-09,0.0,70.0,-7.600893063859671e-05,-1.5000741092941428,-1.4990761085671345,0.0,0.0,0.0
1.8750000663203537e-08,0.0,70.0,-7.600893063859671e-05,-1.5000741092941428,-1.4990761085671345,0.0,0.0,0.0
3.750000132640707e-08,0.0,70.0,-7.600893063859671e-05,-1.5000741092941428,-1.4990761085671345,0.0,0.0,0.0
7.500000265281415e-08,0.0,70.0,-7.600893063859672e-05,-1.5000741092941428,-1.4990761085671345,0.0,0.0,0.0
1.500000053056283e-07,0.0,70.0,-7.600893063859675e-05,-1.5000741092941428,-1.4990761085671345,0.0,0.0,0.0
3.000000106112566e-07,0.0,70.0,-7.600893063859678e-05,-1.5000741092941428,-1.4990761085671345,0.0,0.0,0.0
6.000000212225132e-07,0.0,70.0,-7.600893063859675e-05,-1.5000741092941428,-1.4990761085671345,0.0,0.0,0.0
1.2000000424450263e-06,0.0,70.0,-7.600893063859683e-05,-1.5000741092941428,-1.4990761085671345,0.0,0.0,0.0
2.4000000848900527e-06,0.0,70.0,-7.600893063859693e-05,-1.5000741092941428,-1.4990761085671345,0.0,0.0,0.0
4.800000169780105e-06,0.0,70.0,-7.600893063859697e-05,-1.5000741092941428,-1.4990761085671345,0.0,0.0,0.0
9.60000033956021e-06,0.0,70.0,-7.600893063859698e-05,-1.5000741092941428,-1.4990761085671345,0.0,0.0,0.0
1.920000067912042e-05,0.0,70.0,-7.600893063859697e-05,-1.5000741092941428,-1.4990761085671345,0.0,0.0,0.0
3.840000135824084e-05,0.0,70.0,-7.600893063859698e-05,-1.5000741092941428,-1.4990761085671345,0.0,0.0,0.0
6.769687635824084e-05,0.0,70.0,-7.600893063859697e-05,-1.5000741092941428,-1.4990761085671345,0.0,0.0,0.0
9.699375135824084e-05,0.0,70.0,-7.600893063859697e-05,-1.5000741092941428,-1.4990761085671345,0.0,0.0,0.0
0.00012629062635824084,0.0,70.0,-7.600893063859697e-05,-1.5000741092941428,-1.4990761085671345,0.0,0.0,0.0
0.00015558750135824084,0.0,70.0,-7.600893063859697e-05,-1.5000741092941428,-1.4990761085671345,0.0,0.0,0.0
0.00018488437635824084,0.0,70.0,-7.600893063859697e-05,-1.5000741092941428,-1.4990761085671345,0.0,0.0,0.0
0.00021418125135824084,0.0,70.0,-7.600893063859697e-05,-1.5000741092941428,-1.4990761085671345,0.0,0.0,0.0
0.00024347812635824084,0.0,70.0,-7.600893063859697e-05,-1.5000741092941428,-1.4990761085671345,0.0,0.0,0.0
0.00027277500135824083,0.0,70.0,-7.600893063859697e-05,-1.5000741092941428,-1.4990761085671345,0.0,0.0,0.0
0.00030207187635824086,0.0,70.0,-7.600893063859697e-05,-1.5000741092941428,-1.4990761085671345,0.0,0.0,0.0
0.0003313687513582409,0.0,70.0,-7.600893063859697e-05,-1.5000741092941428,-1.4990761085671345,0.0,0.0,0.0
0.0003606656263582409,0.0,70.0,-7.600893063859697e-05,-1.5000741092941428,-1.4990761085671345,0.0,0.0,0.0
0.00038996250135824094,0.0,70.0,-7.600893063859697e-05,-1.5000741092941428,-1.4990761085671345,0.0,0.0,0.0
0.00041925937635824096,0.0,70.0,-7.600893063859697e-05,-1.5000741092941428,-1.4990761085671345,0.0,0.0,0.0
0.000448556251358241,0.0,70.0,-7.600893063859697e-05,-1.5000741092941428,-1.4990761085671345,0.0,0.0,0.0
0.000477853126358241,0.0,70.0,-7.600893063859697e-05,-1.5000741092941428,-1.4990761085671345,0.0,0.0,0.0
0.000507150001358241,0.0,70.0,-7.600893063859697e-05,-1.5000741092941428,-1.4990761085671345,0.0,0.0,0.0
0.0005364468763582411,0.0,70.0,-7.600893063859697e-05,-1.5000741092941428,-1.4990761085671345,0.0,0.0,0.0
0.0005657437513582411,0.0,70.0,-7.600893063859697e-05,-1.5000741092941428,-1.4990761085671345,0.0,0.0,0.0
0.0005950406263582411,0.0,70.0,-7.600893063859697e-05,-1.5000741092941428,-1.4990761085671345,0.0,0.0,0.0
0.0006243375013582411,0.0,70.0,-7.600893063859697e-05,-1.5000741092941428,-1.4990761085671345,0.0,0.0,0.0
0.0006536343763582412,0.0,70.0,-7.600893063859697e-05,-1.5000741092941428,-1.4990761085671345,0.0,0.0,0.0
0.0006829312513582412,0.0,70.0,-7.600893063859697e-05,-1.5000741092941428,-1.4990761085671345,0.0,0.0,0.0
0.0007122281263582412,0.0,70.0,-7.600893063859697e-05,-1.5000741092941428,-1.4990761085671345,0.0,0.0,0.0
0.0007415250013582413,0.0,70.0,-7.600893063859697e-05,-1.5000741092941428,-1.4990761085671345,0.0,0.0,0.0
0.0007708218763582413,0.0,70.0,-7.600893063859697e-05,-1.5000741092941428,-1.4990761085671345,0.0,0.0,0.0
0.0008001187513582413,0.0,70.0,-7.600893063859697e-05,-1.5000741092941428,-1.4990761085671345,0.0,0.0,0.0
0.0008294156263582413,0.0,70.0,-7.600893063859697e-05,-1.5000741092941428,-1.4990761085671345,0.0,0.0,0.0
0.0008587125013582414,0.0,70.0,-7.600893063859697e-05,-1.5000741092941428,-1.4990761085671345,0.0,0.0,0.0
0.0008880093763582414,0.0,70.0,-7.600893063859697e-05,-1.5000741092941428,-1.4990761085671345,0.0,0.0,0.0
0.0009173062513582414,0.0,70.0,-7.600893063859697e-05,-1.5000741092941428,-1.4990761085671345,0.0,0.0,0.0
0.0009466031263582414,0.0,70.0,-7.600893063859697e-05,-1.5000741092941428,-1.4990761085671345,0.0,0.0,0.0
0.0009759000013582415,0.0,70.0,-7.600893063859697e-05,-1.5000741092941428,-1.4990761085671345,0.0,0.0,0.0
0.001,0.0,70.0,-7.600893063859697e-05,-1.5000741092941428,-1.4990761085671345,0.0,0.0,0.0
0.0010000968324727876,0.029049741836258816,70.0,-7.600893063859696e-05,-1.5000741092941428,-1.4990761085671345,0.0,0.0,0.0
0.0010002904974183624,0.0871492255087114,70.0,-7.600893063859691e-05,-1.5000741092941428,-1.4990761085671345,0.0,0.0,0.0
0.0010006778273095123,0.2033481928536816,70.0,-7.600893063859687e-05,-1.5000741092941428,-1.4990761085671345,0.0,0.0,0.0
0.001001452487091812,0.435746127543622,70.0,-7.600893063859691e-05,-1.5000741092941428,-1.4990761085671345,0.0,0.0,0.0
0.0010030018066564115,0.9005419969234378,70.0,-7.600893063859698e-05,-1.5000741092941428,-1.4990761085671345,0.0,0.0,0.0
0.0010041017144359356,1.2305143307806803,70.0,-7.600893063860811e-05,-1.5000741092941428,-1.4990761085671345,0.0,0.0,0.0
0.0010049780842224087,1.4934252667225978,70.0,-7.6008930638612e-05,-1.5000741092941428,-1.4990761085671345,0.0,0.0,0.0
0.0010056640810923918,1.6992243277175267,70.0,-7.600893063860529e-05,-1.5000741092941428,-1.4990761085671345,0.0,0.0,0.0
0.0010059727755997749,1.7918326799324586,70.0,0.012097438503809255,-1.4879006618596948,-1.4869026611326868,0.0,0.0,0.0
0.0010062249672763814,1.8674901829144113,70.0,0.038177531726114024,-1.4618205686373902,-1.460822567910382,0.0,0.0,0.0
0.001006471689870643,1.9415069611928681,70.0,0.07436757260454759,-1.4256305277589565,-1.4246325270319484,0.0,0.0,0.0
0.0010069339597953853,2.080187938615588,70.0,0.1624179043032966,-1.3375801960602076,-1.3365821953331993,0.0,0.0,0.0
0.0010071856590114288,2.1556977034286415,70.0,0.21902420442537668,-1.2809738959381274,-1.2799758952111193,4.6447333834434404e-27,-1.7517012397943452e-34,3.5034024795886905e-37
0.0010073131044163943,2.1939313249182777,70.0,0.2493761604632874,-1.2506219399002168,-1.2496239391732087,0.00035750262336176064,0.00037116406858447783,1.4300104934470425e-05
0.001007380644464159,2.2141933392476627,70.0,0.26585140470592966,-1.2341466956575746,-1.2331486949305663,0.01601761667845203,0.016673767819632698,0.0006407046671380812
0.00100743250693749,2.229752081246986,70.0,0.27866994763111835,-1.2213281527323858,-1.2203301520053775,0.028205332548119966,0.02929030893004547,0.0011282133019248164
0.001007483614735866,2.2450844207597727,70.0,0.291436214780906,-1.2085618855825981,-1.20756388485559,0.04034620766761399,0.041798149535916464,0.0016138483067045595
0.0010075858303326178,2.2757490997853465,70.0,0.31733952867890375,-1.1826585716846005,-1.1816605709575922,0.06498909556112853,0.06700666962558771,0.002599563822445141
0.0010077902615261217,2.3370784578364927,70.0,0.37045889652902375,-1.1295392038344805,-1.1285412031074722,0.11555784756988396,0.11801898645287712,0.004622313902795359
0.0010081991239131293,2.4597371739387857,70.0,0.480843691562407,-1.019154408801097,-1.018156408074089,0.2207787605437418,0.2212966276433819,0.008831150421749671
0.0010090168486871444,2.705054606143307,70.0,0.7122238289397161,-0.7877742714237881,-0.78677627069678,0.44187643473809646,0.42694589130247457,0.017675057389523862
0.0010106522982351747,3.195689470552415,70.0,1.193690466021118,-0.3063076343423863,-0.305309633615378,0.9040312715376715,0.8131818969390128,0.03616125086150686
0.0010116522982351747,3.495689470552389,70.0,1.4929764004174784,-0.007021699946025972,-0.006023699219017686,1.1926129992213934,1.027266031191775,0.04770451996885574
0.001012426572734364,3.7279718203091687,70.0,1.7250567958261527,0.22505869546264834,0.22605669618965663,1.417022021823385,1.1806934873254327,0.05668088087293541
0.0010129863249532611,3.8958974859783333,70.0,1.8929118807942438,0.39291378043073943,0.3939117811577475,1.5796476520578007,1.285282581998938,0.06318590608231203
0.0010130447302126296,3.9134190637888615,70.0,1.9104284208257085,0.4104303204622042,0.41142832118921246,1.5966346659713486,1.295873104357278,0.06386538663885395
0.0010131615407313664,3.9484622194099175,70.0,1.9454620499297277,0.44546394956622337,0.44646195029323166,1.630614643930555,1.3169461272535328,0.0652245857572222
0.0010133951617688403,4.018548530652096,70.0,2.0155322608868236,0.39431376126434936,0.5165101251842925,1.6985886654452984,1.3584291947798823,0.06794354661781193
0.0010135138973909807,4.054169217294205,70.0,2.0511461074797506,0.24309217388207727,0.55209000787357,1.7331317073789758,1.3791660098918825,0.06932526829515903
0.0010136639146967879,4.099174409036351,70.0,2.096143722341126,0.16320487204397324,0.5970649205141312,1.7768109462556951,1.4050794851687174,0.07107243785022781
0.0010137476161536324,4.124284846089715,70.0,2.1212503990324985,0.1453944625835267,0.6221637955174191,1.8011940387833763,1.4193951346808562,0.07204776155133505
0.0010138565320184016,4.1569596055204725,70.0,2.153920705339662,0.1335139662696132,0.6548260031511377,1.8329325544877362,1.4378689732680296,0.07331730217950945
0.0010139715152720492,4.191454581614757,70.0,2.188411469960723,0.12847297606559724,0.6893095814870096,1.866450421888333,1.45718319197353,0.07465801687553332
0.0010141577141115192,4.247314233455744,70.0,2.2442652259926814,0.12708693966466977,0.7451529321758608,1.9207503058485045,1.4880525265471238,0.07683001223394018
0.0010143571741949593,4.307152258487769,70.0,2.304098023257831,0.1292499736974613,0.8049752459356054,1.9789468025733816,1.5205688672444744,0.07915787210293526
0.0010146826208159178,4.404786244775335,70.0,2.401725368744056,0.13443925410787794,0.902585787556156,2.073964454400583,1.5724266631114538,0.08295857817602331
0.0010151147725139574,4.534431754187223,70.0,2.5313647478534973,0.14183302612011905,1.032202944232022,2.200249984164545,1.6390592013495437,0.0880099993665818
0.001015556266231363,4.666879869408906,70.0,2.663808780187215,0.1493810141878355,1.164624272322099,2.329394264169154,1.7046001630588972,0.09317577056676615
0.0010164392536661743,4.931776099852275,70.0,2.9287004601846522,0.1644788955831668,1.4294705435213901,2.588047370708514,1.8284634562575244,0.10352189482834057
0.0010174392536661742,5.231776099852249,70.0,3.228698349243655,0.18157748760913497,1.7294170056949116,2.8815231350074666,1.957877413748899,0.11526092540029867
0.0010194392536661742,5.831776099852264,70.0,3.828696869420231,0.21577505153632484,2.329312671671115,3.4699915450182033,2.1864225330582396,0.13879966180072814
0.0010204392536661742,6.131776099852239,70.0,4.1286965925708365,0.23287381449944955,2.6292609676339023,3.764914494228414,2.286929468109766,0.15059657976913657
0.0010234392536661741,7.031776099852228,70.0,4.830423307895396,0.2739492506959748,3.3308675863798167,4.462289224118979,2.3715672452167613,0.17849156896475915
0.001024439253666174,7.331776099852203,70.0,4.94267245701921,0.2812825295252707,3.443097663358513,4.579046034858583,2.2810325699986027,0.1831618413943433
0.001027185278202909,8.155583460872679,70.0,5.008640067354743,0.2858994333439922,3.509054121047887,4.666058659605174,1.8599092288542716,0.18664234638420696
0.0010302212709385435,9.066381281563046,70.0,4.998167017165808,0.2850659717926164,3.4985828231928253,4.676867123849967,1.4343139868571435,0.1870746849539987
0.0010338411851985824,10.152355559574694,70.0,5.000416536715049,0.2853212189715462,3.5008319802130043,4.697007725360183,1.076485097056445,0.1878803090144073
0.0010405942487368366,12.178274621050974,70.0,4.999651225020514,0.28517961895998745,3.500066781899979,4.7173290987943135,0.6547536621133143,0.18869316395177255
0.001050373297775221,15.111989332566285,70.0,5.000095784323902,0.28529260279309837,3.500511280927877,4.731854160300859,0.3731424125403535,0.18927416641203437
0.0010621321806063258,18.639654181897733,70.0,4.99979476540402,0.28519413416047,3.500210298828625,4.737378383821443,0.25663830014363764,0.18949513535285772
0.0010771225632398467,23.136768971953995,70.0,5.000014468226329,0.2852834127975057,3.500429977941757,4.739487083049294,0.2188578978492539,0.18957948332197178
0.0010979609669109684,29.38829007329051,70.0,4.999841169906888,0.2851999458982919,3.5002566959523316,4.739702744561799,0.21107902781065668,0.18958810978247198
0.0011,30.0,70.0,4.999919786570017,0.2852663821533775,3.500335310401244,4.739777317176123,0.2111598645024273,0.1895910926870449
0.0011006783959844225,30.0,70.0,4.999919639128133,0.28524547691849655,3.5003351591859015,4.739777246695487,0.21115824980829867,0.1895910898678195
0.0011020351879532674,30.0,70.0,4.999919462728462,0.28523752893945575,3.500334981373473,4.739777214766199,0.21115533214548687,0.18959108859064797
0.0011047487718909572,30.0,70.0,4.999919413298941,0.28524296389361137,3.500334932940932,4.739777394569327,0.21115076743211603,0.18959109578277308
0.001110175939766337,30.0,70.0,4.999919422506098,0.28523842940942773,3.500334941322113,4.739777714663665,0.2111445331689601,0.18959110858654663
0.0011210302755170962,30.0,70.0,4.99991941763278,0.28524257687165533,3.500334937203628,4.7397780159813525,0.21113842444551967,0.1895911206392541
0.0011427389470186147,30.0,70.0,4.999919421261516,0.28523860900119685,3.5003349401104042,4.7397781637091665,0.21113552802474933,0.18959112654836666
0.0011720358220186147,30.0,70.0,4.999919418182716,0.2852424767799435,3.5003349377352695,4.73977815870135,0.21113558067838323,0.189591126348054
0.0012013326970186148,30.0,70.0,4.999919420864339,0.2852386920561463,3.500334939728398,4.7397781610388705,0.21113557379055714,0.18959112644155482
0.0012306295720186148,30.0,70.0,4.9999194185286555,0.28524239550607194,3.500334938066371,4.73977815939533,0.21113557342081646,0.1895911263758132
0.0012599264470186148,30.0,70.0,4.999919420563026,0.2852387715868238,3.5003349394415975,4.7397781607049385,0.21113557473318378,0.18959112642819753
0.0012892233220186148,30.0,70.0,4.999919418791097,0.28524231768147007,3.5003349383146176,4.739778159640316,0.21113557348602496,0.18959112638561265
0.0013185201970186149,30.0,70.0,4.999919420334441,0.2852388477417126,3.5003349392268985,4.739778160500328,0.21113557453142628,0.18959112642001313
0.0013478170720186149,30.0,70.0,4.999919418990195,0.2852422431606764,3.5003349385001323,4.739778159815911,0.2111355736844287,0.18959112639263645
0.001377113947018615,30.0,70.0,4.999919420161028,0.2852389206632964,3.5003349390667724,4.739778160348968,0.21113557435609498,0.18959112641395873
0.001406410822018615,30.0,70.0,4.999919419141237,0.2852421718041394,3.500334938638175,4.739778159946358,0.21113557383636383,0.1895911263978543
0.001435707697018615,30.0,70.0,4.999919420029471,0.28523899048824025,3.500334938947932,4.739778160236679,0.2111355742250567,0.18959112640946718
0.001465004572018615,30.0,70.0,4.999919419255822,0.28524210347803264,3.500334938740319,4.739778160042863,0.2111355739491405,0.18959112640171452
0.001494301447018615,30.0,70.0,4.999919419929667,0.28523905734758026,3.500334938860301,4.739778160153893,0.2111355741281713,0.18959112640615572
0.001523598322018615,30.0,70.0,4.999919419342751,0.28524203805406156,3.5003349388153393,4.739778160113729,0.21113557403221117,0.18959112640454914
0.001552895197018615,30.0,70.0,4.999919419853953,0.28523912136691965,3.5003349387962377,4.739778160093383,0.21113557405710504,0.18959112640373532
0.001582192072018615,30.0,70.0,4.999919419408697,0.2852419754092648,3.5003349388698854,4.739778160165244,0.2111355740928491,0.18959112640660977
0.0016114889470186151,30.0,70.0,4.999919419796513,0.28523918266662707,3.500334938749952,4.739778160049676,0.21113557400552274,0.18959112640198705
0.0016407858220186151,30.0,70.0,4.9999194194587275,0.28524191542581706,3.5003349389090026,4.7397781602021745,0.2111355741365697,0.18959112640808698
0.0016700826970186152,30.0,70.0,4.999919419752938,0.2852392413620337,3.500334938717055,4.739778160018624,0.21113557396862315,0.189591126400745
0.0016993795720186152,30.0,70.0,4.999919419496682,0.2852418579908323,3.5003349389365095,4.739778160228132,0.2111355741675527,0.1895911264091253
0.0017286764470186152,30.0,70.0,4.99991941971988,0.285239297563629,3.5003349386942197,4.739778159997082,0.21113557394276783,0.18959112639988326
0.0017579733220186152,30.0,70.0,4.999919419525475,0.2852418029961697,3.5003349389553002,4.7397781602458515,0.21113557418896667,0.18959112640983405
0.0017872701970186153,30.0,70.0,4.999919419694801,0.28523935137725176,3.5003349386789275,4.739778159982667,0.21113557392519988,0.1895911263993067
0.0018165670720186153,30.0,70.0,4.999919419547319,0.28524175033824567,3.5003349389675678,4.739778160257408,0.21113557420320972,0.1895911264102963
0.0018458639470186153,30.0,70.0,4.999919419675775,0.2852394029042773,3.5003349386692717,4.73977815997358,0.21113557391383142,0.1895911263989432
0.0018751608220186154,30.0,70.0,4.99991941956389,0.2852416999178483,3.5003349389749694,4.739778160264365,0.2111355742120966,0.1895911264105746
0.0019044576970186154,30.0,70.0,4.9999194196613415,0.28523945224179814,3.5003349386638094,4.739778159968456,0.21113557390708348,0.18959112639873824
0.0019337545720186154,30.0,70.0,4.999919419576462,0.2852416516399598,3.500334938978763,4.739778160267913,0.21113557421700246,0.18959112641071652
0.001963051447018615,30.0,70.0,4.999919419650391,0.2852394994828009,3.5003349386614495,4.739778159966262,0.21113557390376014,0.18959112639865047
0.001992348322018615,30.0,70.0,4.999919419585999,0.28524160541358295,3.5003349389798952,4.739778160268948,0.21113557421896667,0.18959112641075793
0.002021645197018615,30.0,70.0,4.999919419642085,0.285239544716335,3.5003349386613665,4.739778159966219,0.2111355739029599,0.18959112639864878
0.0020509420720186146,30.0,70.0,4.999919419593234,0.28524156115157506,3.5003349389790825,4.739778160268144,0.21113557421877327,0.18959112641072576
0.0020802389470186144,30.0,70.0,4.999919419635783,0.28523958802767696,3.50033493866294,4.739778159967741,0.21113557390400084,0.18959112639870962
0.0021095358220186143,30.0,70.0,4.999919419598723,0.2852415187704863,3.5003349389768665,4.739778160266017,0.21113557421701357,0.1895911264106407
0.002138832697018614,30.0,70.0,4.999919419631002,0.28523962949848763,3.5003349386656986,4.739778159970381,0.21113557390636672,0.18959112639881526
0.002168129572018614,30.0,70.0,4.999919419602887,0.2852414781904064,3.5003349389736527,4.739778160262946,0.21113557421413587,0.18959112641051787
0.0021974264470186137,30.0,70.0,4.999919419627375,0.2852396692069646,3.5003349386692904,4.739778159973808,0.21113557390967164,0.18959112639895231
0.0022267233220186135,30.0,70.0,4.999919419606047,0.285241439334815,3.5003349389697496,4.739778160259227,0.21113557421047635,0.18959112641036907
0.0022560201970186133,30.0,70.0,4.999919419624624,0.28523970722798664,3.5003349386734515,4.739778159977771,0.2111355739136238,0.18959112639911083
0.002285317072018613,30.0,70.0,4.999919419608443,0.28524140213043936,3.5003349389653815,4.739778160255067,0.21113557420628415,0.1895911264102027
0.002314613947018613,30.0,70.0,4.999919419622536,0.2852397436332541,3.500334938677982,4.739778159982082,0.2111355739180092,0.1895911263992833
0.0023439108220186127,30.0,70.0,4.9999194196102605,0.28524136650711784,3.500334938960723,4.739778160250636,0.2111355742017491,0.18959112641002546
0.0023732076970186125,30.0,70.0,4.999919419620952,0.28523977849142346,3.5003349386827347,4.739778159986602,0.2111355739226597,0.18959112639946407
0.0024025045720186123,30.0,70.0,4.99991941961164,0.2852413323976673,3.500334938955901,4.7397781602460505,0.2111355741970118,0.18959112640984202
0.002431801447018612,30.0,70.0,4.999919419619752,0.2852398118682356,3.5003349386876015,4.7397781599912285,0.2111355739274574,0.18959112639964915
0.002461098322018612,30.0,70.0,4.999919419612687,0.2852412997377584,3.500334938951011,4.7397781602414035,0.21113557419217677,0.18959112640965614
0.0024903951970186118,30.0,70.0,4.99991941961884,0.2852398438266389,3.5003349386925007,4.739778159995885,0.21113557393231286,0.1895911263998354
0.0025196920720186116,30.0,70.0,4.999919419613481,0.285241268465794,3.5003349389461205,4.739778160236755,0.211135574187318,0.1895911264094702
0.0025489889470186114,30.0,70.0,4.9999194196181485,0.2852398744269079,3.5003349386973714,4.7397781600005136,0.21113557393715943,0.18959112640002054
0.002578285822018611,30.0,70.0,4.999919419614083,0.2852412385227935,3.5003349389412795,4.739778160232155,0.21113557418249362,0.18959112640928621
0.002607582697018611,30.0,70.0,4.9999194196176235,0.2852399037267569,3.500334938702173,4.739778160005076,0.2111355739419507,0.189591126400203
0.002636879572018611,30.0,70.0,4.99991941961454,0.2852412098522821,3.500334938936524,4.739778160227637,0.21113557417774254,0.18959112640910547
0.0026661764470186106,30.0,70.0,4.9999194196172265,0.2852399317814479,3.500334938706876,4.7397781600095445,0.2111355739466545,0.18959112640038178
0.0026954733220186104,30.0,70.0,4.999919419614886,0.28524118240018437,3.5003349389318803,4.739778160223226,0.21113557417309448,0.18959112640892906
0.0027247701970186103,30.0,70.0,4.9999194196169245,0.2852399586438953,3.500334938711457,4.739778160013896,0.2111355739512426,0.18959112640055584
0.00275406707201861,30.0,70.0,4.999919419615149,0.28524115611472245,3.500334938927365,4.739778160218936,0.21113557416856832,0.18959112640875744
0.00278336394701861,30.0,70.0,4.999919419616695,0.2852399843647647,3.5003349387159037,4.739778160018119,0.21113557395570193,0.18959112640072476
0.0028126608220186097,30.0,70.0,4.999919419615349,0.28524113094631864,3.5003349389229887,4.73977816021478,0.21113557416417872,0.18959112640859122
0.0028419576970186095,30.0,70.0,4.999919419616522,0.2852400089925694,3.500334938720207,4.739778160022206,0.21113557396002136,0.18959112640088827
0.0028712545720186093,30.0,70.0,4.9999194196155,0.2852411068475016,3.5003349389187584,4.739778160210762,0.21113557415993145,0.18959112640843048
0.002900551447018609,30.0,70.0,4.99991941961639,0.2852400325737607,3.500334938724362,4.739778160026153,0.2111355739641949,0.1895911264010461
0.002929848322018609,30.0,70.0,4.9999194196156145,0.2852410837728177,3.5003349389146785,4.739778160206887,0.21113557415583184,0.1895911264082755
0.0029591451970186087,30.0,70.0,4.9999194196162895,0.2852400551528165,3.5003349387283658,4.739778160029955,0.21113557396822014,0.1895911264011982
0.0029884420720186085,30.0,70.0,4.9999194196157015,0.2852410616787446,3.500334938910749,4.739778160203155,0.2111355741518819,0.1895911264081262
0.0030177389470186083,30.0,70.0,4.999919419616214,0.2852400767723241,3.5003349387322205,4.739778160033616,0.2111355739720966,0.18959112640134465
0.003047035822018608,30.0,70.0,4.999919419615768,0.2852410405236089,3.5003349389069705,4.739778160199567,0.21113557414808048,0.18959112640798267
0.003076332697018608,30.0,70.0,4.999919419616156,0.2852400974730619,3.500334938735926,4.739778160037135,0.21113557397582383,0.1895911264014854
0.0031056295720186078,30.0,70.0,4.999919419615818,0.2852410202675089,3.500334938903338,4.739778160196117,0.21113557414442585,0.1895911264078447
0.0031349264470186076,30.0,70.0,4.999919419616113,0.2852401172940746,3.5003349387394853,4.739778160040515,0.2111355739794054,0.18959112640162062
0.0031642233220186074,30.0,70.0,4.999919419615856,0.28524100087223825,3.50033493889985,4.739778160192804,0.21113557414091644,0.18959112640771217
0.003193520197018607,30.0,70.0,4.99991941961608,0.2852401362727481,3.5003349387429026,4.739778160043761,0.21113557398284488,0.18959112640175044
0.003222817072018607,30.0,70.0,4.999919419615885,0.28524098230121386,3.5003349388965033,4.739778160189626,0.2111355741375469,0.18959112640758505
0.003252113947018607,30.0,70.0,4.999919419616054,0.2852401544448793,3.50033493874618,4.739778160046873,0.21113557398614424,0.18959112640187492
0.0032814108220186066,30.0,70.0,4.999919419615907,0.2852409645194078,3.5003349388932925,4.739778160186577,0.21113557413431527,0.1895911264074631
0.0033107076970186064,30.0,70.0,4.9999194196160355,0.2852401718447441,3.5003349387493246,4.739778160049859,0.21113557398930904,0.18959112640199435
0.0033400045720186062,30.0,70.0,4.999919419615924,0.28524094749328055,3.500334938890214,4.739778160183654,0.21113557413121642,0.18959112640734618
0.003369301447018606,30.0,70.0,4.999919419616021,0.2852401885051615,3.500334938752339,4.7397781600527225,0.21113557399234484,0.1895911264021089
0.003398598322018606,30.0,70.0,4.999919419615936,0.28524093119071786,3.5003349388872627,4.739778160180851,0.21113557412824435,0.18959112640723405
0.0034278951970186057,30.0,70.0,4.99991941961601,0.285240204457556,3.5003349387552274,4.739778160055465,0.21113557399525296,0.18959112640221862
0.0034571920720186055,30.0,70.0,4.999919419615946,0.2852409155809701,3.500334938884435,4.739778160178166,0.21113557412539685,0.18959112640712664
0.0034864889470186053,30.0,70.0,4.999919419616002,0.28524021973201674,3.5003349387579963,4.739778160058095,0.21113557399804095,0.1895911264023238
0.003515785822018605,30.0,70.0,4.999919419615953,0.2852409006345947,3.500334938881725,4.739778160175592,0.2111355741226668,0.1895911264070237
0.003545082697018605,30.0,70.0,4.9999194196159955,0.28524023435735396,3.5003349387606484,4.739778160060613,0.21113557400071237,0.18959112640242454
0.0035743795720186047,30.0,70.0,4.999919419615958,0.2852408863233999,3.5003349388791287,4.739778160173127,0.21113557412005224,0.18959112640692508
0.0036036764470186045,30.0,70.0,4.999919419615991,0.28524024836115375,3.5003349387631895,4.739778160063026,0.2111355740032712,0.18959112640252104
0.0036329733220186043,30.0,70.0,4.999919419615962,0.2852408726203926,3.500334938876642,4.739778160170765,0.21113557411754824,0.1895911264068306
0.003662270197018604,30.0,70.0,4.999919419615987,0.2852402617698295,3.500334938765623,4.739778160065337,0.21113557400572236,0.1895911264026135
0.003691567072018604,30.0,70.0,4.999919419615965,0.2852408594997262,3.5003349388742597,4.739778160168503,0.21113557411514883,0.1895911264067401
0.0037208639470186038,30.0,70.0,4.999919419615984,0.28524027460867274,3.500334938767954,4.7397781600675515,0.21113557400807048,0.18959112640270206
0.0037501608220186036,30.0,70.0,4.999919419615968,0.2852408469366527,3.500334938871979,4.7397781601663365,0.2111355741128511,0.18959112640665346
0.0037794576970186034,30.0,70.0,4.999919419615982,0.2852402869018998,3.500334938770187,4.7397781600696725,0.2111355740103198,0.1895911264027869
0.003808754572018603,30.0,70.0,4.99991941961597,0.28524083490747615,3.500334938869794,4.739778160164262,0.21113557411064998,0.18959112640657047
0.003838051447018603,30.0,70.0,4.99991941961598,0.2852402986726974,3.5003349387723253,4.739778160071703,0.21113557401247318,0.18959112640286813
0.003867348322018603,30.0,70.0,4.9999194196159715,0.28524082338950746,3.500334938867702,4.739778160162276,0.21113557410854344,0.18959112640649103
0.0038966451970186026,30.0,70.0,4.9999194196159795,0.28524030994326793,3.500334938774373,4.739778160073646,0.21113557401453464,0.18959112640294584
0.003925942072018603,30.0,70.0,4.999919419615972,0.2852408123610214,3.5003349388656977,4.739778160160372,0.2111355741065255,0.1895911264064149
0.003955238947018603,30.0,70.0,4.999919419615979,0.2852403207348694,3.5003349387763336,4.739778160075509,0.2111355740165104,0.18959112640302034
0.003984535822018603,30.0,70.0,4.999919419615973,0.28524080180121647,3.500334938863779,4.739778160158551,0.21113557410459238,0.18959112640634204
0.004013832697018604,30.0,70.0,4.999919419615978,0.2852403310678565,3.5003349387782112,4.739778160077291,0.21113557401840133,0.18959112640309164
0.004043129572018604,30.0,70.0,4.999919419615973,0.2852407916901749,3.500334938861941,4.7397781601568045,0.21113557410274097,0.18959112640627218
0.004072426447018604,30.0,70.0,4.999919419615978,0.28524034096171963,3.50033493878001,4.739778160079,0.21113557402021388,0.18959112640316
0.004101723322018604,30.0,70.0,4.999919419615974,0.28524078200882547,3.500334938860182,4.739778160155134,0.21113557410096906,0.18959112640620535
0.0041310201970186046,30.0,70.0,4.999919419615977,0.28524035043512014,3.500334938781731,4.739778160080634,0.21113557402194694,0.18959112640322537
0.004160317072018605,30.0,70.0,4.999919419615975,0.28524077273890736,3.500334938858498,4.739778160153534,0.2111355740992722,0.18959112640614137
0.004189613947018605,30.0,70.0,4.999919419615977,0.2852403595059265,3.50033493878338,4.739778160082201,0.2111355740236085,0.18959112640328804
0.004218910822018605,30.0,70.0,4.999919419615975,0.28524076386293595,3.5003349388568843,4.739778160152003,0.21113557409764705,0.1895911264060801
0.0042482076970186055,30.0,70.0,4.999919419615976,0.2852403681912479,3.500334938784958,4.739778160083699,0.211135574025197,0.18959112640334794
0.004277504572018606,30.0,70.0,4.999919419615975,0.2852407553641696,3.5003349388553393,4.739778160150535,0.2111355740960914,0.1895911264060214
0.004306801447018606,30.0,70.0,4.999919419615976,0.2852403765074664,3.5003349387864695,4.739778160085134,0.21113557402672045,0.18959112640340536
0.004336098322018606,30.0,70.0,4.999919419615975,0.2852407472265779,3.50033493885386,4.739778160149131,0.21113557409460149,0.18959112640596523
0.0043653951970186065,30.0,70.0,4.999919419615976,0.285240384470268,3.5003349387879172,4.739778160086509,0.21113557402817817,0.18959112640346035
0.004394692072018607,30.0,70.0,4.999919419615975,0.28524073943481193,3.5003349388524434,4.739778160147785,0.2111355740931744,0.18959112640591141
0.004423988947018607,30.0,70.0,4.999919419615975,0.2852403920946719,3.5003349387893024,4.739778160087824,0.21113557402957395,0.18959112640351297
0.004453285822018607,30.0,70.0,4.999919419615975,0.2852407319741751,3.500334938851087,4.739778160146498,0.21113557409180883,0.1895911264058599
0.0044825826970186075,30.0,70.0,4.999919419615975,0.2852403993950592,3.5003349387906297,4.7397781600890845,0.2111355740309102,0.18959112640356338
0.004511879572018608,30.0,70.0,4.999919419615975,0.2852407248305953,3.5003349388497886,4.7397781601452635,0.211135574090501,0.18959112640581055
0.004541176447018608,30.0,70.0,4.999919419615975,0.2852404063851996,3.5003349387919003,4.739778160090291,0.21113557403219052,0.18959112640361164
0.004570473322018608,30.0,70.0,4.999919419615975,0.2852407179905986,3.500334938848545,4.739778160144083,0.21113557408924843,0.18959112640576334
0.0045997701970186084,30.0,70.0,4.999919419615975,0.2852404130782778,3.5003349387931166,4.739778160091446,0.21113557403341643,0.18959112640365786
0.004629067072018609,30.0,70.0,4.999919419615975,0.28524071144128327,3.500334938847355,4.739778160142953,0.21113557408804917,0.18959112640571815
0.004658363947018609,30.0,70.0,4.999919419615975,0.2852404194869181,3.500334938794282,4.739778160092553,0.21113557403458927,0.18959112640370213
0.004687660822018609,30.0,70.0,4.999919419615975,0.28524070517029637,3.5003349388462146,4.73977816014187,0.21113557408690053,0.1895911264056748
0.004716957697018609,30.0,70.0,4.999919419615975,0.28524042562320834,3.5003349387953975,4.739778160093612,0.21113557403571348,0.1895911264037445
0.00474625457201861,30.0,70.0,4.999919419615975,0.2852406991658095,3.500334938845123,4.739778160140833,0.21113557408580141,0.18959112640563333
0.00477555144701861,30.0,70.0,4.999919419615975,0.2852404314987228,3.5003349387964655,4.739778160094627,0.2111355740367895,0.18959112640378506
0.00480484832201861,30.0,70.0,4.999919419615975,0.28524069341649727,3.5003349388440785,4.739778160139841,0.21113557408474826,0.18959112640559364
0.00483414519701861,30.0,70.0,4.999919419615975,0.28524043712454344,3.5003349387974882,4.7397781600955975,0.21113557403781935,0.18959112640382392
0.004863442072018611,30.0,70.0,4.999919419615975,0.28524068791151547,3.5003349388430776,4.739778160138891,0.21113557408374062,0.18959112640555564
0.004892738947018611,30.0,70.0,4.999919419615975,0.28524044251128206,3.5003349387984675,4.739778160096527,0.21113557403880612,0.1895911264038611
0.004922035822018611,30.0,70.0,4.999919419615975,0.28524068264048047,3.500334938842119,4.7397781601379805,0.2111355740827754,0.18959112640551926
0.004951332697018611,30.0,70.0,4.999919419615975,0.2852404476690987,3.500334938799405,4.739778160097417,0.21113557403975114,0.1895911264038967
0.004980629572018612,30.0,70.0,4.999919419615975,0.2852406775934504,3.5003349388412017,4.73977816013711,0.2111355740818508,0.1895911264054844
0.005009926447018612,30.0,70.0,4.999919419615975,0.28524045260772185,3.500334938800303,4.739778160098271,0.2111355740406542,0.18959112640393083
0.005039223322018612,30.0,70.0,4.999919419615975,0.28524067276090553,3.5003349388403233,4.739778160136275,0.21113557408096684,0.189591126405451
0.005068520197018612,30.0,70.0,4.999919419615975,0.28524045733646686,3.5003349388011626,4.739778160099087,0.2111355740415206,0.1895911264039635
0.005097817072018613,30.0,70.0,4.999919419615975,0.2852406681337308,3.500334938839482,4.739778160135477,0.21113557408011863,0.18959112640541909
0.005127113947018613,30.0,70.0,4.999919419615975,0.28524046186425284,3.5003349388019855,4.739778160099869,0.2111355740423495,0.18959112640399475
0.005156410822018613,30.0,70.0,4.999919419615975,0.28524066370319867,3.5003349388386766,4.739778160134712,0.21113557407930816,0.18959112640538847
0.005185707697018613,30.0,70.0,4.999919419615975,0.28524046619962007,3.500334938802774,4.739778160100617,0.21113557404314287,0.18959112640402467
0.0052150045720186135,30.0,70.0,4.999919419615975,0.28524065946095223,3.5003349388379057,4.739778160133979,0.211135574078531,0.18959112640535916
0.005244301447018614,30.0,70.0,4.999919419615975,0.2852404703507459,3.500334938803528,4.739778160101333,0.2111355740439036,0.18959112640405335
0.005273598322018614,30.0,70.0,4.999919419615975,0.28524065539899,3.500334938837167,4.7397781601332785,0.21113557407778738,0.18959112640533116
0.005302895197018614,30.0,70.0,4.999919419615975,0.2852404743254599,3.500334938804251,4.73977816010202,0.21113557404463168,0.1895911264040808
0.0053321920720186145,30.0,70.0,4.999919419615975,0.28524065150965017,3.50033493883646,4.739778160132607,0.21113557407707462,0.1895911264053043
0.005361488947018615,30.0,70.0,4.999919419615975,0.2852404781312593,3.5003349388049427,4.739778160102676,0.21113557404532823,0.18959112640410708
0.005390785822018615,30.0,70.0,4.999919419615975,0.2852406477855968,3.500334938835783,4.739778160131964,0.21113557407639338,0.18959112640527856
0.005420082697018615,30.0,70.0,4.999919419615975,0.2852404817753225,3.5003349388056053,4.739778160103306,0.21113557404599548,0.18959112640413225
0.0054493795720186155,30.0,70.0,4.999919419615975,0.28524064421980566,3.500334938835135,4.7397781601313485,0.21113557407574013,0.18959112640525394
0.005478676447018616,30.0,70.0,4.999919419615975,0.2852404852645228,3.5003349388062395,4.739778160103908,0.21113557404663408,0.18959112640415632
0.005507973322018616,30.0,70.0,4.999919419615975,0.28524064080555106,3.5003349388345146,4.73977816013076,0.2111355740751153,0.18959112640523038
0.005537270197018616,30.0,70.0,4.999919419615975,0.2852404886054413,3.5003349388068465,4.739778160104485,0.21113557404724514,0.18959112640417938
0.0055665670720186165,30.0,70.0,4.999919419615975,0.2852406375363934,3.50033493883392,4.739778160130195,0.2111355740745171,0.18959112640520778
0.005595863947018617,30.0,70.0,4.999919419615975,0.2852404918043797,3.500334938807428,4.739778160105036,0.21113557404783112,0.18959112640420145
0.005625160822018617,30.0,70.0,4.999919419615975,0.2852406344061659,3.500334938833351,4.739778160129655,0.2111355740739438,0.1895911264051862
0.005654457697018617,30.0,70.0,4.999919419615975,0.28524049486737196,3.5003349388079847,4.7397781601055655,0.21113557404839223,0.18959112640422263
0.005683754572018617,30.0,70.0,4.999919419615975,0.28524063140896466,3.500334938832806,4.739778160129137,0.21113557407339423,0.18959112640516548
0.005713051447018618,30.0,70.0,4.999919419615975,0.28524049780019534,3.500334938808518,4.739778160106072,0.21113557404892935,0.1895911264042429
0.005742348322018618,30.0,70.0,4.999919419615975,0.2852406285391366,3.5003349388322844,4.739778160128641,0.2111355740728691,0.18959112640514567
0.005771645197018618,30.0,70.0,4.999919419615975,0.28524050060838135,3.5003349388090284,4.739778160106557,0.2111355740494445,0.18959112640426226
0.005800942072018618,30.0,70.0,4.999919419615975,0.2852406257912686,3.5003349388317853,4.739778160128168,0.21113557407236616,0.1895911264051267
0.005830238947018619,30.0,70.0,4.999919419615975,0.28524050329722705,3.5003349388095173,4.739778160107021,0.21113557404993655,0.18959112640428086
0.005859535822018619,30.0,70.0,4.999919419615975,0.28524062316017745,3.5003349388313065,4.739778160127713,0.21113557407188432,0.18959112640510853
0.005888832697018619,30.0,70.0,4.999919419615975,0.28524050587180405,3.5003349388099854,4.739778160107466,0.21113557405040706,0.18959112640429862
0.005918129572018619,30.0,70.0,4.999919419615975,0.2852406206409006,3.5003349388308487,4.739778160127278,0.21113557407142247,0.18959112640509113
0.00594742644701862,30.0,70.0,4.999919419615975,0.28524050833696857,3.5003349388104334,4.739778160107891,0.21113557405085848,0.18959112640431564
0.00597672332201862,30.0,70.0,4.999919419615975,0.28524061822868624,3.5003349388304104,4.739778160126862,0.21113557407098127,0.1895911264050745
0.00600602019701862,30.0,70.0,4.999919419615975,0.28524051069737016,3.5003349388108624,4.739778160108298,0.21113557405129035,0.18959112640433196
0.00603531707201862,30.0,70.0,4.999919419615975,0.28524061591898453,3.5003349388299903,4.739778160126463,0.21113557407055783,0.1895911264050585
0.006064613947018621,30.0,70.0,4.999919419615975,0.28524051295746095,3.5003349388112737,4.739778160108689,0.21113557405170535,0.18959112640434758
0.006093910822018621,30.0,70.0,4.999919419615975,0.2852406137074389,3.5003349388295883,4.7397781601260816,0.21113557407015282,0.18959112640504328
0.006123207697018621,30.0,70.0,4.999919419615975,0.28524051512150395,3.500334938811667,4.739778160109063,0.21113557405210104,0.1895911264043625
0.006152504572018621,30.0,70.0,4.999919419615975,0.2852406115898782,3.5003349388292033,4.739778160125716,0.2111355740697649,0.18959112640502862
0.0061818014470186216,30.0,70.0,4.999919419615975,0.2852405171935809,3.5003349388120437,4.73977816010942,0.21113557405248096,0.1895911264043768
0.006211098322018622,30.0,70.0,4.999919419615975,0.2852406095623081,3.5003349388288347,4.739778160125366,0.21113557406939454,0.18959112640501463
0.006240395197018622,30.0,70.0,4.999919419615975,0.2852405191776002,3.5003349388124043,4.739778160109763,0.21113557405284467,0.18959112640439052
0.006269692072018622,30.0,70.0,4.999919419615975,0.2852406076209043,3.500334938828482,4.739778160125031,0.21113557406903882,0.18959112640500123
0.0062989889470186225,30.0,70.0,4.999919419615975,0.2852405210773039,3.50033493881275,4.739778160110091,0.21113557405319194,0.18959112640440365
0.006328285822018623,30.0,70.0,4.999919419615975,0.2852406057620049,3.5003349388281437,4.739778160124709,0.21113557406869776,0.18959112640498837
0.006357582697018623,30.0,70.0,4.999919419615975,0.2852405228962753,3.50033493881308,4.739778160110404,0.21113557405352523,0.18959112640441617
0.006386879572018623,30.0,70.0,4.999919419615975,0.28524060398210377,3.5003349388278204,4.739778160124402,0.2111355740683729,0.18959112640497608
0.0064161764470186235,30.0,70.0,4.999919419615975,0.28524052463794536,3.500334938813397,4.739778160110705,0.21113557405384475,0.18959112640442827
0.006445473322018624,30.0,70.0,4.999919419615975,0.2852406022778437,3.5003349388275105,4.739778160124109,0.21113557406806005,0.18959112640496434
0.006474770197018624,30.0,70.0,4.999919419615975,0.2852405263055991,3.5003349388137,4.739778160110993,0.21113557405414918,0.18959112640443973
0.006504067072018624,30.0,70.0,4.999919419615975,0.28524060064601003,3.500334938827214,4.7397781601238265,0.2111355740677614,0.18959112640495307
0.0065333639470186245,30.0,70.0,4.999919419615975,0.2852405279023821,3.50033493881399,4.7397781601112685,0.2111355740544414,0.18959112640445078
0.006562660822018625,30.0,70.0,4.999919419615975,0.2852405990835249,3.5003349388269296,4.7397781601235565,0.21113557406747496,0.18959112640494227
0.006591957697018625,30.0,70.0,4.999919419615975,0.285240529431306,3.500334938814268,4.739778160111532,0.21113557405472183,0.1895911264044613
0.006621254572018625,30.0,70.0,4.999919419615975,0.2852405975874412,3.500334938826658,4.739778160123298,0.2111355740672014,0.18959112640493192
0.0066505514470186254,30.0,70.0,4.999919419615975,0.2852405308952548,3.500334938814534,4.7397781601117845,0.21113557405498895,0.1895911264044714
0.006679848322018626,30.0,70.0,4.999919419615975,0.2852405961549371,3.5003349388263976,4.739778160123051,0.2111355740669394,0.18959112640492204
0.006709145197018626,30.0,70.0,4.999919419615975,0.28524053229698976,3.500334938814789,4.739778160112027,0.2111355740552463,0.1895911264044811
0.006738442072018626,30.0,70.0,4.999919419615975,0.2852405947833105,3.500334938826148,4.739778160122814,0.21113557406668826,0.18959112640491257
0.006767738947018626,30.0,70.0,4.999919419615975,0.2852405336391546,3.5003349388150333,4.739778160112259,0.21113557405549233,0.18959112640449036
0.006797035822018627,30.0,70.0,4.999919419615975,0.28524059346997443,3.5003349388259095,4.7397781601225875,0.21113557406644823,0.18959112640490353
0.006826332697018627,30.0,70.0,4.999919419615975,0.28524053492428103,3.500334938815267,4.739778160112482,0.21113557405572791,0.18959112640449924
0.006855629572018627,30.0,70.0,4.999919419615975,0.2852405922124516,3.500334938825681,4.73977816012237,0.2111355740662162,0.1895911264048948
0.006884926447018627,30.0,70.0,4.999919419615975,0.28524053615479317,3.5003349388154903,4.739778160112693,0.2111355740559533,0.18959112640450773
0.006914223322018628,30.0,70.0,4.999919419615975,0.2852405910083701,3.500334938825462,4.739778160122162,0.21113557406599703,0.1895911264048865
0.006943520197018628,30.0,70.0,4.999919419615975,0.2852405373330118,3.500334938815705,4.739778160112897,0.21113557405616867,0.18959112640451586
0.006972817072018628,30.0,70.0,4.999919419615975,0.2852405898554589,3.5003349388252523,4.739778160121963,0.2111355740657861,0.18959112640487857
0.007002113947018628,30.0,70.0,4.999919419615975,0.2852405384611592,3.50033493881591,4.739778160113092,0.21113557405637562,0.1895911264045237
0.007031410822018629,30.0,70.0,4.999919419615975,0.2852405887515433,3.500334938825052,4.739778160121773,0.21113557406558336,0.1895911264048709
0.007060707697018629,30.0,70.0,4.999919419615975,0.2852405395413635,3.5003349388161062,4.7397781601132785,0.21113557405657324,0.18959112640453113
0.007090004572018629,30.0,70.0,4.999919419615975,0.2852405876945411,3.5003349388248592,4.73977816012159,0.21113557406538996,0.1895911264048636
0.007119301447018629,30.0,70.0,4.999919419615975,0.28524054057566195,3.500334938816294,4.739778160113456,0.2111355740567631,0.1895911264045383
0.00714859832201863,30.0,70.0,4.999919419615975,0.2852405866824587,3.5003349388246754,4.739778160121416,0.21113557406520478,0.18959112640485665
0.00717789519701863,30.0,70.0,4.999919419615975,0.2852405415660055,3.500334938816474,4.7397781601136275,0.21113557405694383,0.18959112640454512
0.00720719207201863,30.0,70.0,4.999919419615975,0.2852405857133872,3.5003349388244995,4.739778160121249,0.2111355740650276,0.18959112640484996
0.00723648894701863,30.0,70.0,4.999919419615975,0.28524054251426195,3.5003349388166463,4.739778160113791,0.21113557405711658,0.18959112640455164
0.0072657858220186305,30.0,70.0,4.999919419615975,0.28524058478549846,3.5003349388243308,4.739778160121088,0.21113557406485817,0.18959112640484355
0.007295082697018631,30.0,70.0,4.999919419615975,0.2852405434222203,3.5003349388168115,4.739778160113948,0.21113557405728334,0.18959112640455794
0.007324379572018631,30.0,70.0,4.999919419615975,0.2852405838970425,3.500334938824169,4.739778160120935,0.21113557406469385,0.18959112640483738
0.007353676447018631,30.0,70.0,4.999919419615975,0.28524054429159285,3.5003349388169696,4.739778160114097,0.21113557405744277,0.1895911264045639
0.0073829733220186315,30.0,70.0,4.999919419615975,0.28524058304634353,3.5003349388240146,4.739778160120788,0.21113557406453975,0.18959112640483153
0.007412270197018632,30.0,70.0,4.999919419615975,0.28524054512401925,3.5003349388171205,4.739778160114241,0.21113557405759575,0.18959112640456965
0.007441567072018632,30.0,70.0,4.999919419615975,0.28524058223179716,3.5003349388238663,4.739778160120647,0.21113557406438876,0.18959112640482587
0.007470863947018632,30.0,70.0,4.999919419615975,0.2852405459210698,3.5003349388172658,4.73977816011438,0.21113557405774142,0.1895911264045752
0.0075001608220186325,30.0,70.0,4.999919419615975,0.2852405814518666,3.500334938823725,4.739778160120514,0.2111355740642471,0.18959112640482054
0.007529457697018633,30.0,70.0,4.999919419615975,0.28524054668424786,3.5003349388174048,4.739778160114511,0.21113557405788064,0.18959112640458045
0.007558754572018633,30.0,70.0,4.999919419615975,0.2852405807050812,3.500334938823589,4.739778160120384,0.21113557406411076,0.18959112640481535
0.007588051447018633,30.0,70.0,4.999919419615975,0.28524054741499283,3.500334938817537,4.7397781601146365,0.21113557405801453,0.18959112640458547
0.0076173483220186335,30.0,70.0,4.999919419615975,0.28524057999003205,3.500334938823459,4.73977816012026,0.21113557406397998,0.18959112640481043
0.007646645197018634,30.0,70.0,4.999919419615975,0.2852405481146832,3.5003349388176646,4.739778160114758,0.2111355740581422,0.18959112640459033
0.007675942072018634,30.0,70.0,4.999919419615975,0.2852405793053707,3.5003349388233342,4.739778160120141,0.2111355740638543,0.1895911264048057
0.007705238947018634,30.0,70.0,4.999919419615975,0.2852405487846384,3.5003349388177862,4.739778160114874,0.21113557405826544,0.18959112640459494
0.007734535822018634,30.0,70.0,4.999919419615975,0.28524057864980573,3.5003349388232152,4.7397781601200295,0.21113557406373373,0.1895911264048012
0.007763832697018635,30.0,70.0,4.999919419615975,0.2852405494261224,3.500334938817903,4.739778160114985,0.21113557405838268,0.18959112640459938
0.007793129572018635,30.0,70.0,4.999919419615975,0.2852405780221002,3.5003349388231015,4.739778160119921,0.21113557406361871,0.18959112640479686
0.007822426447018634,30.0,70.0,4.999919419615975,0.2852405500403452,3.5003349388180145,4.73977816011509,0.21113557405849548,0.18959112640460363
0.007851723322018634,30.0,70.0,4.999919419615975,0.2852405774210707,3.5003349388229923,4.739778160119817,0.21113557406350836,0.1895911264047927
0.007881020197018633,30.0,70.0,4.999919419615975,0.28524055062846504,3.5003349388181215,4.739778160115192,0.21113557405860228,0.18959112640460768
0.007910317072018632,30.0,70.0,4.999919419615975,0.2852405768455832,3.5003349388228875,4.739778160119718,0.2111355740634031,0.1895911264047887
0.007939613947018632,30.0,70.0,4.999919419615975,0.2852405511915915,3.5003349388182237,4.739778160115288,0.21113557405870598,0.18959112640461154
0.007968910822018631,30.0,70.0,4.999919419615975,0.28524057629455235,3.500334938822787,4.739778160119623,0.21113557406330274,0.18959112640478493
0.00799820769701863,30.0,70.0,4.999919419615975,0.2852405517307865,3.500334938818322,4.739778160115382,0.211135574058805,0.18959112640461528
0.00802750457201863,30.0,70.0,4.999919419615975,0.2852405757669389,3.500334938822691,4.739778160119531,0.21113557406320593,0.18959112640478126
0.00805680144701863,30.0,70.0,4.999919419615975,0.28524055224706724,3.5003349388184155,4.739778160115471,0.21113557405889938,0.18959112640461886
0.008086098322018629,30.0,70.0,4.999919419615975,0.28524057526174745,3.5003349388225997,4.739778160119444,0.21113557406311356,0.18959112640477777
0.008115395197018628,30.0,70.0,4.999919419615975,0.2852405527414073,3.5003349388185057,4.739778160115557,0.2111355740589902,0.18959112640462228
0.008144692072018627,30.0,70.0,4.999919419615975,0.2852405747780255,3.500334938822512,4.739778160119362,0.21113557406302452,0.18959112640477446
0.008173988947018627,30.0,70.0,4.999919419615975,0.2852405532147393,3.5003349388185914,4.739778160115638,0.2111355740590759,0.18959112640462553
0.008203285822018626,30.0,70.0,4.999919419615975,0.2852405743148604,3.5003349388224274,4.739778160119281,0.21113557406294037,0.18959112640477124
0.008232582697018626,30.0,70.0,4.999919419615975,0.28524055366795603,3.500334938818674,4.7397781601157165,0.21113557405916006,0.18959112640462866
0.008261879572018625,30.0,70.0,4.999919419615975,0.28524057387137847,3.5003349388223466,4.739778160119204,0.21113557406285843,0.1895911264047682
0.008291176447018624,30.0,70.0,4.999919419615975,0.28524055410191207,3.500334938818753,4.739778160115792,0.21113557405923866,0.1895911264046317
0.008320473322018624,30.0,70.0,4.999919419615975,0.2852405734467434,3.5003349388222693,4.739778160119131,0.21113557406278094,0.18959112640476522
0.008349770197018623,30.0,70.0,4.999919419615975,0.2852405545174263,3.5003349388188285,4.739778160115863,0.21113557405931482,0.18959112640463452
0.008379067072018622,30.0,70.0,4.999919419615975,0.28524057304015427,3.5003349388221956,4.7397781601190605,0.21113557406270655,0.18959112640476242
0.008408363947018622,30.0,70.0,4.999919419615975,0.28524055491528216,3.5003349388189005,4.7397781601159314,0.21113557405938765,0.18959112640463727
0.008437660822018621,30.0,70.0,4.999919419615975,0.28524057265084396,3.5003349388221245,4.739778160118993,0.21113557406263572,0.18959112640475972
0.00846695769701862,30.0,70.0,4.999919419615975,0.2852405552962304,3.5003349388189697,4.739778160115997,0.21113557405945693,0.1895911264046399
0.00849625457201862,30.0,70.0,4.999919419615975,0.28524057227807836,3.500334938822057,4.739778160118929,0.2111355740625671,0.18959112640475717
0.00852555144701862,30.0,70.0,4.999919419615975,0.2852405556609893,3.5003349388190363,4.73977816011606,0.21113557405952332,0.1895911264046424
0.008554848322018619,30.0,70.0,4.999919419615975,0.28524057192115415,3.500334938821992,4.739778160118867,0.2111355740625016,0.18959112640475467
0.008584145197018618,30.0,70.0,4.999919419615975,0.285240556010247,3.5003349388191,4.739778160116121,0.21113557405958794,0.18959112640464482
0.008613442072018617,30.0,70.0,4.999919419615975,0.2852405715793983,3.50033493882193,4.739778160118808,0.21113557406243944,0.18959112640475234
0.008642738947018617,30.0,70.0,4.999919419615975,0.2852405563446621,3.5003349388191607,4.739778160116179,0.2111355740596499,0.18959112640464718
0.008672035822018616,30.0,70.0,4.999919419615975,0.28524057125216623,3.5003349388218705,4.739778160118751,0.21113557406237904,0.18959112640475007
0.008701332697018616,30.0,70.0,4.999919419615975,0.2852405566648655,3.500334938819219,4.739778160116234,0.21113557405970895,0.18959112640464934
0.008730629572018615,30.0,70.0,4.999919419615975,0.28524057093884064,3.5003349388218137,4.739778160118698,0.21113557406232197,0.18959112640474793
0.008759926447018614,30.0,70.0,4.999919419615975,0.2852405569714611,3.5003349388192744,4.739778160116287,0.21113557405976446,0.18959112640465148
0.008789223322018614,30.0,70.0,4.999919419615975,0.2852405706388305,3.500334938821759,4.739778160118647,0.21113557406226668,0.18959112640474585
0.008818520197018613,30.0,70.0,4.999919419615975,0.2852405572650272,3.5003349388193277,4.7397781601163365,0.21113557405981753,0.1895911264046535
0.008847817072018612,30.0,70.0,4.999919419615975,0.28524057035157,3.500334938821707,4.739778160118597,0.2111355740622154,0.18959112640474388
0.008877113947018612,30.0,70.0,4.999919419615975,0.2852405575461175,3.500334938819379,4.739778160116386,0.2111355740598697,0.18959112640465545
0.008906410822018611,30.0,70.0,4.999919419615975,0.2852405700765174,3.500334938821657,4.739778160118549,0.2111355740621641,0.189591126404742
0.00893570769701861,30.0,70.0,4.999919419615975,0.28524055781526214,3.500334938819428,4.739778160116433,0.211135574059919,0.1895911264046573
0.00896500457201861,30.0,70.0,4.999919419615975,0.28524056981315377,3.500334938821609,4.739778160118504,0.2111355740621148,0.18959112640474016
0.00899430144701861,30.0,70.0,4.999919419615975,0.2852405580729689,3.500334938819475,4.739778160116478,0.21113557405996652,0.1895911264046591
0.009023598322018609,30.0,70.0,4.999919419615975,0.2852405695609824,3.500334938821563,4.73977816011846,0.2111355740620695,0.1895911264047384
0.009052895197018608,30.0,70.0,4.999919419615975,0.2852405583197237,3.5003349388195195,4.739778160116519,0.21113557406001138,0.18959112640466078
0.009082192072018607,30.0,70.0,4.999919419615975,0.2852405693195276,3.5003349388215192,4.739778160118418,0.21113557406202532,0.18959112640473674
0.009111488947018607,30.0,70.0,4.999919419615975,0.28524055855599223,3.5003349388195626,4.73977816011656,0.2111355740600549,0.18959112640466244
0.009140785822018606,30.0,70.0,4.999919419615975,0.285240569088334,3.500334938821477,4.739778160118378,0.2111355740619829,0.18959112640473513
0.009170082697018606,30.0,70.0,4.999919419615975,0.28524055878222,3.500334938819604,4.739778160116599,0.2111355740600962,0.18959112640466397
0.009199379572018605,30.0,70.0,4.999919419615975,0.28524056886696547,3.500334938821437,4.73977816011834,0.21113557406194317,0.1895911264047336
0.009228676447018604,30.0,70.0,4.999919419615975,0.2852405589988337,3.500334938819643,4.739778160116637,0.21113557406013528,0.18959112640466547
0.009257973322018604,30.0,70.0,4.999919419615975,0.2852405686550045,3.5003349388213985,4.739778160118304,0.21113557406190364,0.18959112640473216
0.009287270197018603,30.0,70.0,4.999919419615975,0.2852405592062418,3.5003349388196807,4.739778160116672,0.2111355740601737,0.18959112640466688
0.009316567072018602,30.0,70.0,4.999919419615975,0.2852405684520513,3.5003349388213616,4.739778160118268,0.211135574061867,0.18959112640473078
0.009345863947018602,30.0,70.0,4.999919419615975,0.2852405594048357,3.5003349388197167,4.739778160116707,0.2111355740602101,0.18959112640466827
0.009375160822018601,30.0,70.0,4.999919419615975,0.28524056825772315,3.500334938821326,4.7397781601182345,0.2111355740618306,0.1895911264047294
0.0094044576970186,30.0,70.0,4.999919419615975,0.2852405595949899,3.5003349388197513,4.73977816011674,0.21113557406024497,0.1895911264046696
0.0094337545720186,30.0,70.0,4.999919419615975,0.2852405680716534,3.5003349388212923,4.7397781601182025,0.21113557406179728,0.1895911264047281
0.0094630514470186,30.0,70.0,4.999919419615975,0.2852405597770631,3.5003349388197846,4.739778160116772,0.21113557406027805,0.18959112640467088
0.009492348322018599,30.0,70.0,4.999919419615975,0.28524056789349095,3.50033493882126,4.739778160118172,0.21113557406176442,0.1895911264047269
0.009521645197018598,30.0,70.0,4.999919419615975,0.28524055995139863,3.500334938819816,4.739778160116801,0.21113557406030958,0.18959112640467204
0.009550942072018597,30.0,70.0,4.999919419615975,0.2852405677229,3.5003349388212293,4.739778160118143,0.211135574061734,0.18959112640472572
0.009580238947018597,30.0,70.0,4.999919419615975,0.2852405601183255,3.5003349388198464,4.73977816011683,0.21113557406034023,0.1895911264046732
0.009609535822018596,30.0,70.0,4.999919419615975,0.2852405675595587,3.500334938821199,4.739778160118115,0.21113557406170336,0.18959112640472459
0.009638832697018596,30.0,70.0,4.999919419615975,0.28524056027815836,3.5003349388198757,4.739778160116858,0.21113557406036976,0.18959112640467432
0.009668129572018595,30.0,70.0,4.999919419615975,0.2852405674031589,3.5003349388211706,4.739778160118087,0.2111355740616745,0.18959112640472348
0.009697426447018594,30.0,70.0,4.999919419615975,0.28524056043119866,3.500334938819903,4.739778160116884,0.21113557406039773,0.18959112640467535
0.009726723322018594,30.0,70.0,4.999919419615975,0.28524056725340574,3.5003349388211435,4.739778160118061,0.2111355740616474,0.1895911264047225
0.009756020197018593,30.0,70.0,4.999919419615975,0.2852405605777352,3.50033493881993,4.739778160116909,0.21113557406042482,0.18959112640467637
0.009785317072018592,30.0,70.0,4.999919419615975,0.2852405671100167,3.5003349388211173,4.739778160118037,0.21113557406162076,0.1895911264047215
0.009814613947018592,30.0,70.0,4.999919419615975,0.28524056071804443,3.5003349388199556,4.739778160116933,0.2111355740604497,0.18959112640467735
0.009843910822018591,30.0,70.0,4.999919419615975,0.2852405669727213,3.5003349388210925,4.739778160118013,0.21113557406159544,0.18959112640472053
0.00987320769701859,30.0,70.0,4.999919419615975,0.28524056085239075,3.50033493881998,4.739778160116957,0.21113557406047523,0.1895911264046783
0.00990250457201859,30.0,70.0,4.999919419615975,0.2852405668412607,3.5003349388210685,4.739778160117991,0.2111355740615708,0.18959112640471962
0.00993180144701859,30.0,70.0,4.999919419615975,0.2852405609810277,3.5003349388200036,4.7397781601169795,0.2111355740604981,0.18959112640467918
0.009961098322018589,30.0,70.0,4.999919419615975,0.2852405667153868,3.500334938821046,4.739778160117969,0.21113557406154793,0.18959112640471876
0.009990395197018588,30.0,70.0,4.999919419615975,0.28524056110419777,3.5003349388200258,4.739778160117001,0.21113557406052075,0.18959112640468
0.010019692072018587,30.0,70.0,4.999919419615975,0.2852405665948623,3.500334938821024,4.7397781601179485,0.21113557406152683,0.18959112640471795
0.010048988947018587,30.0,70.0,4.999919419615975,0.28524056122213354,3.500334938820047,4.73977816011702,0.21113557406054206,0.18959112640468082
0.010078285822018586,30.0,70.0,4.999919419615975,0.2852405664794596,3.5003349388210028,4.739778160117928,0.21113557406150552,0.18959112640471712
0.010107582697018586,30.0,70.0,4.999919419615975,0.2852405613350575,3.5003349388200675,4.73977816011704,0.21113557406056271,0.1895911264046816
0.010136879572018585,30.0,70.0,4.999919419615975,0.2852405663689613,3.500334938820983,4.7397781601179085,0.2111355740614853,0.18959112640471634
0.010166176447018584,30.0,70.0,4.999919419615975,0.2852405614431824,3.5003349388200875,4.7397781601170585,0.21113557406058248,0.18959112640468234
0.010195473322018584,30.0,70.0,4.999919419615975,0.28524056626315886,3.5003349388209637,4.73977816011789,0.21113557406146555,0.18959112640471565
0.010224770197018583,30.0,70.0,4.999919419615975,0.28524056154671223,3.500334938820106,4.739778160117076,0.21113557406060268,0.1895911264046831
0.010254067072018582,30.0,70.0,4.999919419615975,0.28524056616185267,3.500334938820945,4.739778160117874,0.21113557406144645,0.18959112640471493
0.010283363947018582,30.0,70.0,4.999919419615975,0.28524056164584244,3.5003349388201244,4.739778160117094,0.21113557406061934,0.18959112640468376
0.010312660822018581,30.0,70.0,4.999919419615975,0.2852405660648519,3.5003349388209273,4.739778160117856,0.21113557406142913,0.18959112640471426
0.01034195769701858,30.0,70.0,4.999919419615975,0.28524056174075973,3.5003349388201412,4.73977816011711,0.2111355740606382,0.1895911264046844
0.01037125457201858,30.0,70.0,4.999919419615975,0.28524056597197317,3.5003349388209104,4.73977816011784,0.2111355740614127,0.18959112640471362
0.01040055144701858,30.0,70.0,4.999919419615975,0.2852405618316435,3.500334938820158,4.739778160117126,0.2111355740606553,0.18959112640468503
0.010429848322018579,30.0,70.0,4.999919419615975,0.28524056588304153,3.5003349388208944,4.739778160117825,0.21113557406139583,0.189591126404713
0.010459145197018578,30.0,70.0,4.999919419615975,0.28524056191866487,3.500334938820174,4.739778160117141,0.21113557406067018,0.18959112640468564
0.010488442072018577,30.0,70.0,4.999919419615975,0.28524056579788937,3.5003349388208793,4.739778160117811,0.21113557406138006,0.18959112640471243
0.010517738947018577,30.0,70.0,4.999919419615975,0.28524056200198805,3.500334938820189,4.739778160117155,0.21113557406068573,0.18959112640468623
0.010547035822018576,30.0,70.0,4.999919419615975,0.285240565716356,3.500334938820864,4.739778160117796,0.21113557406136518,0.18959112640471185
0.010576332697018576,30.0,70.0,4.999919419615975,0.2852405620817701,3.5003349388202034,4.739778160117169,0.21113557406069994,0.18959112640468676
0.010605629572018575,30.0,70.0,4.999919419615975,0.28524056563828754,3.50033493882085,4.739778160117783,0.21113557406135164,0.18959112640471135
0.010634926447018574,30.0,70.0,4.999919419615975,0.28524056215816174,3.5003349388202176,4.739778160117182,0.2111355740607137,0.18959112640468728
0.010664223322018574,30.0,70.0,4.999919419615975,0.2852405655635368,3.5003349388208367,4.739778160117771,0.21113557406133787,0.18959112640471085
0.010693520197018573,30.0,70.0,4.999919419615975,0.28524056223130695,3.500334938820231,4.739778160117195,0.2111355740607277,0.1895911264046878
0.010722817072018572,30.0,70.0,4.999919419615975,0.28524056549196264,3.5003349388208234,4.7397781601177575,0.21113557406132433,0.18959112640471032
0.010752113947018572,30.0,70.0,4.999919419615975,0.2852405623013437,3.5003349388202434,4.739778160117207,0.21113557406074057,0.18959112640468828
0.010781410822018571,30.0,70.0,4.999919419615975,0.2852405654234303,3.500334938820811,4.739778160117746,0.2111355740613119,0.18959112640470985
0.01081070769701857,30.0,70.0,4.999919419615975,0.285240562368404,3.500334938820256,4.739778160117218,0.21113557406075256,0.18959112640468875
0.01084000457201857,30.0,70.0,4.999919419615975,0.2852405653578103,3.5003349388207994,4.739778160117735,0.21113557406130035,0.18959112640470943
0.01086930144701857,30.0,70.0,4.999919419615975,0.2852405624326146,3.5003349388202674,4.73977816011723,0.2111355740607639,0.1895911264046892
0.010898598322018569,30.0,70.0,4.999919419615975,0.285240565294979,3.500334938820788,4.739778160117724,0.21113557406128836,0.18959112640470896
0.010927895197018568,30.0,70.0,4.999919419615975,0.28524056249409624,3.5003349388202785,4.73977816011724,0.2111355740607761,0.18959112640468964
0.010957192072018567,30.0,70.0,4.999919419615975,0.28524056523481794,3.5003349388207767,4.739778160117714,0.21113557406127748,0.18959112640470854
0.010986488947018567,30.0,70.0,4.999919419615975,0.28524056255296515,3.500334938820289,4.73977816011725,0.21113557406078654,0.18959112640469003
0.011015785822018566,30.0,70.0,4.999919419615975,0.28524056517721347,3.5003349388207665,4.739778160117703,0.21113557406126704,0.18959112640470813
0.011045082697018566,30.0,70.0,4.999919419615975,0.2852405626093322,3.5003349388202993,4.73977816011726,0.21113557406079697,0.18959112640469042
0.011074379572018565,30.0,70.0,4.999919419615975,0.28524056512205714,3.5003349388207563,4.7397781601176945,0.21113557406125683,0.1895911264047078
0.011103676447018564,30.0,70.0,4.999919419615975,0.28524056266330394,3.500334938820309,4.73977816011727,0.21113557406080607,0.18959112640469078
0.011132973322018564,30.0,70.0,4.999919419615975,0.2852405650692447,3.5003349388207465,4.739778160117685,0.2111355740612464,0.18959112640470735
0.011162270197018563,30.0,70.0,4.999919419615975,0.28524056271498194,3.500334938820319,4.739778160117278,0.21113557406081673,0.18959112640469117
0.011191567072018562,30.0,70.0,4.999919419615975,0.28524056501867673,3.500334938820737,4.739778160117676,0.21113557406123729,0.18959112640470704
0.011220863947018562,30.0,70.0,4.999919419615975,0.28524056276446375,3.5003349388203278,4.739778160117287,0.21113557406082584,0.18959112640469147
0.011250160822018561,30.0,70.0,4.999919419615975,0.28524056497025774,3.5003349388207283,4.739778160117667,0.21113557406122885,0.18959112640470668
0.01127945769701856,30.0,70.0,4.999919419615975,0.28524056281184273,3.500334938820336,4.739778160117295,0.21113557406083405,0.1895911264046918
0.01130875457201856,30.0,70.0,4.999919419615975,0.2852405649238963,3.5003349388207203,4.739778160117659,0.2111355740612204,0.1895911264047064
0.01133805144701856,30.0,70.0,4.999919419615975,0.28524056285720845,3.5003349388203446,4.739778160117303,0.21113557406084293,0.1895911264046921
0.011367348322018559,30.0,70.0,4.999919419615975,0.28524056487950517,3.5003349388207123,4.739778160117652,0.21113557406121242,0.18959112640470607
0.011396645197018558,30.0,70.0,4.999919419615975,0.285240562900646,3.5003349388203526,4.739778160117311,0.21113557406085093,0.18959112640469244
0.011425942072018557,30.0,70.0,4.999919419615975,0.2852405648370006,3.5003349388207043,4.739778160117645,0.21113557406120487,0.1895911264047058
0.011455238947018557,30.0,70.0,4.999919419615975,0.28524056294223754,3.5003349388203597,4.739778160117317,0.21113557406085803,0.1895911264046927
0.011484535822018556,30.0,70.0,4.999919419615975,0.2852405647963024,3.5003349388206972,4.739778160117638,0.2111355740611971,0.18959112640470552
0.011513832697018556,30.0,70.0,4.999919419615975,0.2852405629820617,3.5003349388203673,4.739778160117325,0.21113557406086492,0.189591126404693
0.011543129572018555,30.0,70.0,4.999919419615975,0.2852405647573336,3.50033493882069,4.739778160117631,0.21113557406118932,0.18959112640470527
0.011572426447018554,30.0,70.0,4.999919419615975,0.2852405630201934,3.500334938820374,4.739778160117331,0.21113557406087224,0.18959112640469325
0.011601723322018554,30.0,70.0,4.999919419615975,0.285240564720021,3.500334938820683,4.739778160117624,0.21113557406118355,0.189591126404705
0.011631020197018553,30.0,70.0,4.999919419615975,0.2852405630567046,3.500334938820381,4.739778160117337,0.21113557406087846,0.1895911264046935
0.011660317072018552,30.0,70.0,4.999919419615975,0.285240564684294,3.500334938820677,4.739778160117619,0.2111355740611769,0.18959112640470477
0.011689613947018552,30.0,70.0,4.999919419615975,0.2852405630916642,3.5003349388203873,4.739778160117344,0.21113557406088468,0.18959112640469375
0.011718910822018551,30.0,70.0,4.999919419615975,0.28524056465008535,3.5003349388206706,4.739778160117613,0.21113557406116978,0.18959112640470452
0.01174820769701855,30.0,70.0,4.999919419615975,0.28524056312513796,3.5003349388203935,4.73977816011735,0.21113557406089178,0.189591126404694
0.01177750457201855,30.0,70.0,4.999919419615975,0.28524056461733055,3.5003349388206644,4.7397781601176066,0.21113557406116468,0.18959112640470427
0.01180680144701855,30.0,70.0,4.999919419615975,0.28524056315718926,3.500334938820399,4.739778160117354,0.21113557406089667,0.18959112640469417
0.011836098322018549,30.0,70.0,4.999919419615975,0.28524056458596764,3.500334938820659,4.739778160117601,0.2111355740611589,0.18959112640470405
0.011865395197018548,30.0,70.0,4.999919419615975,0.28524056318787844,3.5003349388204046,4.73977816011736,0.2111355740609029,0.18959112640469442
0.011894692072018547,30.0,70.0,4.999919419615975,0.2852405645559377,3.5003349388206533,4.739778160117597,0.21113557406115357,0.18959112640470388
0.011923988947018547,30.0,70.0,4.999919419615975,0.2852405632172634,3.50033493882041,4.739778160117366,0.21113557406090822,0.18959112640469464
0.011953285822018546,30.0,70.0,4.999919419615975,0.285240564527184,3.5003349388206484,4.7397781601175915,0.21113557406114736,0.18959112640470366
0.011982582697018546,30.0,70.0,4.999919419615975,0.2852405632453995,3.500334938820415,4.739778160117369,0.21113557406091288,0.18959112640469478
0.012011879572018545,30.0,70.0,4.999919419615975,0.2852405644996522,3.500334938820643,4.739778160117586,0.21113557406114314,0.18959112640470344
0.012041176447018544,30.0,70.0,4.999919419615975,0.28524056327233993,3.50033493882042,4.739778160117375,0.2111355740609182,0.189591126404695
0.012070473322018544,30.0,70.0,4.999919419615975,0.2852405644732903,3.500334938820638,4.739778160117582,0.2111355740611378,0.18959112640470324
0.012099770197018543,30.0,70.0,4.999919419615975,0.28524056329813563,3.5003349388204246,4.739778160117378,0.21113557406092287,0.18959112640469516
0.012129067072018542,30.0,70.0,4.999919419615975,0.2852405644480488,3.5003349388206337,4.739778160117577,0.21113557406113403,0.18959112640470313
0.012158363947018542,30.0,70.0,4.999919419615975,0.285240563322835,3.500334938820429,4.739778160117384,0.2111355740609273,0.18959112640469536
0.012187660822018541,30.0,70.0,4.999919419615975,0.2852405644238799,3.5003349388206293,4.739778160117574,0.21113557406112915,0.1895911264047029
0.01221695769701854,30.0,70.0,4.999919419615975,0.2852405633464846,3.5003349388204335,4.739778160117387,0.2111355740609313,0.1895911264046955
0.01224625457201854,30.0,70.0,4.999919419615975,0.28524056440073814,3.5003349388206253,4.739778160117569,0.21113557406112493,0.1895911264047028
0.01227555144701854,30.0,70.0,4.999919419615975,0.28524056336912934,3.5003349388204374,4.739778160117391,0.21113557406093597,0.18959112640469564
0.012304848322018539,30.0,70.0,4.999919419615975,0.28524056437858,3.500334938820621,4.739778160117565,0.2111355740611205,0.1895911264047026
0.012334145197018538,30.0,70.0,4.999919419615975,0.2852405633908117,3.5003349388204414,4.739778160117394,0.21113557406093975,0.18959112640469578
0.012363442072018537,30.0,70.0,4.999919419615975,0.28524056435736334,3.5003349388206173,4.739778160117562,0.21113557406111716,0.1895911264047025
0.012392738947018537,30.0,70.0,4.999919419615975,0.28524056341157256,3.500334938820445,4.739778160117398,0.2111355740609433,0.18959112640469591
0.012422035822018536,30.0,70.0,4.999919419615975,0.2852405643370485,3.5003349388206138,4.739778160117559,0.21113557406111294,0.18959112640470235
0.012451332697018536,30.0,70.0,4.999919419615975,0.28524056343145104,3.5003349388204485,4.739778160117401,0.2111355740609473,0.18959112640469605
0.012480629572018535,30.0,70.0,4.999919419615975,0.2852405643175969,3.50033493882061,4.739778160117555,0.21113557406111005,0.18959112640470221
0.012509926447018534,30.0,70.0,4.999919419615975,0.2852405634504848,3.500334938820452,4.739778160117405,0.21113557406095018,0.1895911264046962
0.012539223322018534,30.0,70.0,4.999919419615975,0.2852405642989718,3.5003349388206066,4.7397781601175515,0.21113557406110628,0.18959112640470208
0.012568520197018533,30.0,70.0,4.999919419615975,0.28524056346870985,3.5003349388204557,4.7397781601174085,0.21113557406095418,0.18959112640469633
0.012597817072018532,30.0,70.0,4.999919419615975,0.28524056428113836,3.500334938820603,4.739778160117549,0.21113557406110273,0.18959112640470197
0.012627113947018532,30.0,70.0,4.999919419615975,0.2852405634861603,3.5003349388204588,4.739778160117411,0.2111355740609573,0.18959112640469644
0.012656410822018531,30.0,70.0,4.999919419615975,0.28524056426406275,3.5003349388206004,4.739778160117545,0.21113557406110006,0.18959112640470185
0.01268570769701853,30.0,70.0,4.999919419615975,0.2852405635028691,3.500334938820462,4.739778160117414,0.2111355740609604,0.18959112640469655
0.01271500457201853,30.0,70.0,4.999919419615975,0.28524056424771277,3.5003349388205973,4.7397781601175435,0.21113557406109673,0.18959112640470172
0.01274430144701853,30.0,70.0,4.999919419615975,0.28524056351886784,3.5003349388204645,4.7397781601174165,0.21113557406096328,0.1895911264046967
0.012773598322018529,30.0,70.0,4.999919419615975,0.2852405642320577,3.500334938820594,4.73977816011754,0.2111355740610943,0.1895911264047016
0.012802895197018528,30.0,70.0,4.999919419615975,0.2852405635341867,3.5003349388204676,4.73977816011742,0.21113557406096572,0.18959112640469677
0.012832192072018528,30.0,70.0,4.999919419615975,0.28524056421706784,3.5003349388205915,4.739778160117537,0.21113557406109096,0.1895911264047015
0.012861488947018527,30.0,70.0,4.999919419615975,0.2852405635488545,3.5003349388204703,4.739778160117423,0.21113557406096972,0.1895911264046969
0.012890785822018526,30.0,70.0,4.999919419615975,0.28524056420271515,3.500334938820589,4.7397781601175355,0.21113557406108807,0.18959112640470138
0.012920082697018526,30.0,70.0,4.999919419615975,0.285240563562899,3.5003349388204725,4.7397781601174245,0.21113557406097128,0.189591126404697
0.012949379572018525,30.0,70.0,4.999919419615975,0.2852405641889724,3.5003349388205867,4.739778160117533,0.21113557406108607,0.18959112640470133
0.012978676447018524,30.0,70.0,4.999919419615975,0.28524056357634653,3.500334938820475,4.739778160117427,0.21113557406097372,0.18959112640469708
0.013007973322018524,30.0,70.0,4.999919419615975,0.2852405641758137,3.5003349388205844,4.739778160117531,0.21113557406108363,0.18959112640470124
0.013037270197018523,30.0,70.0,4.999919419615975,0.2852405635892226,3.500334938820478,4.73977816011743,0.2111355740609766,0.1895911264046972
0.013066567072018523,30.0,70.0,4.999919419615975,0.2852405641632142,3.5003349388205818,4.739778160117528,0.2111355740610812,0.18959112640470113
0.013095863947018522,30.0,70.0,4.999919419615975,0.2852405636015515,3.5003349388204796,4.739778160117432,0.21113557406097905,0.18959112640469727
0.013125160822018521,30.0,70.0,4.999919419615975,0.28524056415114996,3.50033493882058,4.739778160117527,0.21113557406107897,0.18959112640470108
0.01315445769701852,30.0,70.0,4.999919419615975,0.2852405636133566,3.500334938820482,4.739778160117433,0.21113557406098082,0.18959112640469733
0.01318375457201852,30.0,70.0,4.999919419615975,0.2852405641395986,3.5003349388205773,4.739778160117524,0.21113557406107653,0.18959112640470097
0.01321305144701852,30.0,70.0,4.999919419615975,0.2852405636246599,3.500334938820484,4.739778160117435,0.21113557406098282,0.1895911264046974
0.013242348322018519,30.0,70.0,4.999919419615975,0.28524056412853804,3.5003349388205756,4.739778160117522,0.21113557406107475,0.18959112640470088
0.013271645197018518,30.0,70.0,4.999919419615975,0.28524056363548295,3.500334938820486,4.739778160117437,0.21113557406098482,0.18959112640469747
0.013300942072018518,30.0,70.0,4.999919419615975,0.28524056411794735,3.500334938820574,4.73977816011752,0.2111355740610732,0.18959112640470083
0.013330238947018517,30.0,70.0,4.999919419615975,0.28524056364584605,3.5003349388204876,4.739778160117439,0.2111355740609866,0.18959112640469755
0.013359535822018516,30.0,70.0,4.999919419615975,0.28524056410780696,3.500334938820572,4.739778160117519,0.2111355740610712,0.18959112640470074
0.013388832697018516,30.0,70.0,4.999919419615975,0.28524056365576866,3.5003349388204894,4.7397781601174405,0.2111355740609886,0.18959112640469764
0.013418129572018515,30.0,70.0,4.999919419615975,0.28524056409809745,3.5003349388205702,4.739778160117517,0.2111355740610692,0.1895911264047007
0.013447426447018514,30.0,70.0,4.999919419615975,0.2852405636652697,3.500334938820491,4.739778160117442,0.21113557406099015,0.1895911264046977
0.013476723322018514,30.0,70.0,4.999919419615975,0.2852405640888005,3.5003349388205685,4.739778160117516,0.21113557406106787,0.18959112640470063
0.013506020197018513,30.0,70.0,4.999919419615975,0.2852405636743668,3.500334938820493,4.739778160117444,0.21113557406099126,0.18959112640469777
0.013535317072018513,30.0,70.0,4.999919419615975,0.28524056407989873,3.5003349388205667,4.739778160117514,0.2111355740610661,0.18959112640470058
0.013564613947018512,30.0,70.0,4.999919419615975,0.2852405636830775,3.5003349388204947,4.739778160117446,0.2111355740609937,0.18959112640469783
0.013593910822018511,30.0,70.0,4.999919419615975,0.2852405640713752,3.500334938820565,4.739778160117512,0.2111355740610641,0.1895911264047005
0.01362320769701851,30.0,70.0,4.999919419615975,0.2852405636914178,3.500334938820496,4.739778160117447,0.21113557406099526,0.18959112640469789
0.01365250457201851,30.0,70.0,4.999919419615975,0.2852405640632139,3.500334938820564,4.7397781601175115,0.21113557406106298,0.18959112640470047
0.01368180144701851,30.0,70.0,4.999919419615975,0.28524056369940387,3.5003349388204974,4.739778160117448,0.2111355740609957,0.1895911264046979
0.013711098322018509,30.0,70.0,4.999919419615975,0.2852405640553994,3.5003349388205622,4.73977816011751,0.2111355740610621,0.18959112640470038
0.013740395197018508,30.0,70.0,4.999919419615975,0.2852405637070504,3.500334938820499,4.739778160117449,0.2111355740609977,0.18959112640469797
0.013769692072018508,30.0,70.0,4.999919419615975,0.2852405640479171,3.500334938820561,4.739778160117508,0.21113557406106076,0.18959112640470036
0.013798988947018507,30.0,70.0,4.999919419615975,0.285240563714372,3.5003349388205,4.739778160117451,0.21113557406099925,0.18959112640469802
0.013828285822018506,30.0,70.0,4.999919419615975,0.2852405640407529,3.5003349388205596,4.739778160117507,0.21113557406105832,0.1895911264047003
0.013857582697018506,30.0,70.0,4.999919419615975,0.28524056372138246,3.500334938820502,4.739778160117452,0.21113557406100014,0.18959112640469808
0.013886879572018505,30.0,70.0,4.999919419615975,0.28524056403389303,3.5003349388205587,4.739778160117506,0.21113557406105787,0.18959112640470024
0.013916176447018504,30.0,70.0,4.999919419615975,0.2852405637280949,3.5003349388205027,4.739778160117453,0.2111355740610017,0.1895911264046981
0.013945473322018504,30.0,70.0,4.999919419615975,0.2852405640273247,3.500334938820557,4.739778160117504,0.21113557406105565,0.1895911264047002
0.013974770197018503,30.0,70.0,4.999919419615975,0.28524056373452217,3.500334938820504,4.739778160117455,0.21113557406100392,0.1895911264046982
0.014004067072018503,30.0,70.0,4.999919419615975,0.28524056402103554,3.500334938820556,4.739778160117504,0.21113557406105454,0.1895911264047002
0.014033363947018502,30.0,70.0,4.999919419615975,0.28524056374067625,3.5003349388205054,4.739778160117456,0.2111355740610037,0.18959112640469822
0.014062660822018501,30.0,70.0,4.999919419615975,0.2852405640150135,3.500334938820555,4.739778160117503,0.2111355740610541,0.1895911264047001
0.0140919576970185,30.0,70.0,4.999919419615975,0.28524056374656886,3.5003349388205063,4.7397781601174565,0.2111355740610048,0.18959112640469827
0.0141212545720185,30.0,70.0,4.999919419615975,0.28524056400924763,3.500334938820554,4.739778160117502,0.2111355740610541,0.1895911264047001
0.0141505514470185,30.0,70.0,4.999919419615975,0.28524056375221096,3.500334938820507,4.739778160117458,0.21113557406100614,0.1895911264046983
0.014179848322018499,30.0,70.0,4.999919419615975,0.28524056400372666,3.500334938820553,4.739778160117501,0.21113557406105166,0.18959112640470005
0.014209145197018498,30.0,70.0,4.999919419615975,0.2852405637576133,3.500334938820508,4.739778160117458,0.21113557406100725,0.18959112640469833
0.014238442072018498,30.0,70.0,4.999919419615975,0.28524056399844044,3.500334938820552,4.7397781601175,0.21113557406105166,0.18959112640470005
0.014267738947018497,30.0,70.0,4.999919419615975,0.285240563762786,3.500334938820509,4.739778160117459,0.21113557406100725,0.18959112640469836
0.014297035822018496,30.0,70.0,4.999919419615975,0.28524056399337866,3.5003349388205507,4.739778160117499,0.2111355740610501,0.18959112640469997
0.014326332697018496,30.0,70.0,4.999919419615975,0.28524056376773904,3.50033493882051,4.73977816011746,0.21113557406100814,0.1895911264046984
0.014355629572018495,30.0,70.0,4.999919419615975,0.2852405639885322,3.5003349388205502,4.739778160117498,0.21113557406104966,0.18959112640469997
0.014384926447018494,30.0,70.0,4.999919419615975,0.28524056377248147,3.5003349388205107,4.739778160117461,0.21113557406100902,0.18959112640469844
0.014414223322018494,30.0,70.0,4.999919419615975,0.2852405639838915,3.5003349388205494,4.739778160117497,0.21113557406104833,0.18959112640469988
0.014443520197018493,30.0,70.0,4.999919419615975,0.2852405637770224,3.5003349388205116,4.739778160117462,0.21113557406101013,0.18959112640469847
0.014472817072018493,30.0,70.0,4.999919419615975,0.2852405639794481,3.5003349388205485,4.739778160117496,0.21113557406104766,0.18959112640469988
0.014502113947018492,30.0,70.0,4.999919419615975,0.2852405637813704,3.5003349388205125,4.739778160117463,0.21113557406101102,0.18959112640469852
0.014531410822018491,30.0,70.0,4.999919419615975,0.2852405639751936,3.500334938820548,4.739778160117496,0.21113557406104677,0.18959112640469986
0.01456070769701849,30.0,70.0,4.999919419615975,0.2852405637855335,3.5003349388205134,4.739778160117464,0.21113557406101213,0.18959112640469855
0.01459000457201849,30.0,70.0,4.999919419615975,0.28524056397111996,3.500334938820547,4.7397781601174955,0.21113557406104633,0.18959112640469983
0.01461930144701849,30.0,70.0,4.999919419615975,0.28524056378951973,3.5003349388205143,4.7397781601174644,0.21113557406101258,0.18959112640469858
0.014648598322018489,30.0,70.0,4.999919419615975,0.2852405639672193,3.5003349388205462,4.739778160117495,0.21113557406104522,0.1895911264046998
0.014677895197018488,30.0,70.0,4.999919419615975,0.2852405637933366,3.5003349388205147,4.739778160117465,0.21113557406101346,0.1895911264046986
0.014707192072018488,30.0,70.0,4.999919419615975,0.2852405639634844,3.5003349388205454,4.739778160117494,0.21113557406104477,0.18959112640469974
0.014736488947018487,30.0,70.0,4.999919419615975,0.2852405637969912,3.500334938820515,4.739778160117465,0.21113557406101413,0.1895911264046986
0.014765785822018486,30.0,70.0,4.999919419615975,0.28524056395990827,3.500334938820545,4.739778160117494,0.2111355740610441,0.18959112640469974
0.014795082697018486,30.0,70.0,4.999919419615975,0.28524056380049045,3.500334938820516,4.739778160117466,0.21113557406101524,0.18959112640469866
0.014824379572018485,30.0,70.0,4.999919419615975,0.2852405639564841,3.5003349388205445,4.739778160117493,0.21113557406104366,0.18959112640469972
0.014853676447018484,30.0,70.0,4.999919419615975,0.2852405638038412,3.5003349388205165,4.739778160117466,0.21113557406101569,0.1895911264046987
0.014882973322018484,30.0,70.0,4.999919419615975,0.2852405639532053,3.5003349388205436,4.739778160117492,0.21113557406104322,0.1895911264046997
0.014912270197018483,30.0,70.0,4.999919419615975,0.2852405638070495,3.500334938820517,4.739778160117467,0.2111355740610168,0.1895911264046987
0.014941567072018483,30.0,70.0,4.999919419615975,0.2852405639500659,3.500334938820543,4.739778160117492,0.2111355740610421,0.1895911264046997
0.014970863947018482,30.0,70.0,4.999919419615975,0.2852405638101214,3.500334938820518,4.739778160117467,0.2111355740610168,0.1895911264046987
0.015000160822018481,30.0,70.0,4.999919419615975,0.28524056394706016,3.5003349388205427,4.739778160117491,0.21113557406104166,0.18959112640469966
0.01502945769701848,30.0,70.0,4.999919419615975,0.2852405638130627,3.5003349388205183,4.739778160117468,0.2111355740610168,0.18959112640469872
0.01505875457201848,30.0,70.0,4.999919419615975,0.28524056394418196,3.500334938820542,4.73977816011749,0.21113557406104122,0.1895911264046996
0.01508805144701848,30.0,70.0,4.999919419615975,0.2852405638158791,3.5003349388205187,4.739778160117468,0.21113557406101768,0.18959112640469872
0.015117348322018479,30.0,70.0,4.999919419615975,0.28524056394142616,3.500334938820542,4.73977816011749,0.21113557406104122,0.1895911264046996
0.015146645197018478,30.0,70.0,4.999919419615975,0.28524056381857565,3.500334938820519,4.739778160117469,0.21113557406101768,0.18959112640469872
0.015175942072018478,30.0,70.0,4.999919419615975,0.28524056393878744,3.500334938820541,4.739778160117488,0.21113557406103967,0.18959112640469958
0.015205238947018477,30.0,70.0,4.999919419615975,0.28524056382115776,3.5003349388205196,4.739778160117469,0.21113557406101924,0.18959112640469877
0.015234535822018476,30.0,70.0,4.999919419615975,0.28524056393626085,3.500334938820541,4.739778160117489,0.21113557406103967,0.18959112640469958
0.015263832697018476,30.0,70.0,4.999919419615975,0.28524056382363,3.5003349388205205,4.73977816011747,0.21113557406101857,0.1895911264046988
0.015293129572018475,30.0,70.0,4.999919419615975,0.2852405639338416,3.50033493882054,4.739778160117488,0.21113557406103922,0.18959112640469955
0.015322426447018474,30.0,70.0,4.999919419615975,0.2852405638259973,3.5003349388205205,4.73977816011747,0.21113557406101968,0.1895911264046988
0.015351723322018474,30.0,70.0,4.999919419615975,0.28524056393152514,3.50033493882054,4.739778160117488,0.21113557406103922,0.18959112640469955
0.015381020197018473,30.0,70.0,4.999919419615975,0.285240563828264,3.500334938820521,4.739778160117471,0.21113557406101968,0.1895911264046988
0.015410317072018473,30.0,70.0,4.999919419615975,0.28524056392930713,3.500334938820539,4.7397781601174875,0.21113557406103767,0.1895911264046995
0.015439613947018472,30.0,70.0,4.999919419615975,0.28524056383043433,3.5003349388205214,4.739778160117471,0.21113557406102013,0.18959112640469883
0.015468910822018471,30.0,70.0,4.999919419615975,0.2852405639271835,3.500334938820539,4.7397781601174875,0.21113557406103767,0.1895911264046995
0.01549820769701847,30.0,70.0,4.999919419615975,0.2852405638325124,3.500334938820522,4.739778160117471,0.21113557406102057,0.18959112640469886
0.01552750457201847,30.0,70.0,4.999919419615975,0.28524056392515007,3.5003349388205387,4.7397781601174875,0.21113557406103722,0.18959112640469947
0.01555680144701847,30.0,70.0,4.999919419615975,0.28524056383450214,3.5003349388205223,4.739778160117471,0.21113557406102057,0.18959112640469886
0.015586098322018469,30.0,70.0,4.999919419615975,0.28524056392320307,3.5003349388205383,4.739778160117487,0.21113557406103722,0.18959112640469947
0.015615395197018468,30.0,70.0,4.999919419615975,0.2852405638364073,3.5003349388205223,4.7397781601174716,0.21113557406102168,0.18959112640469886
0.01564469207201847,30.0,70.0,4.999919419615975,0.28524056392133884,3.5003349388205383,4.739778160117487,0.21113557406103722,0.18959112640469947
0.01567398894701847,30.0,70.0,4.999919419615975,0.2852405638382316,3.5003349388205227,4.739778160117472,0.21113557406102168,0.18959112640469886
0.01570328582201847,30.0,70.0,4.999919419615975,0.2852405639195537,3.5003349388205374,4.739778160117486,0.2111355740610359,0.18959112640469944
0.015732582697018473,30.0,70.0,4.999919419615975,0.28524056383997837,3.500334938820523,4.739778160117472,0.21113557406102212,0.1895911264046989
0.015761879572018474,30.0,70.0,4.999919419615975,0.28524056391784447,3.5003349388205374,4.739778160117486,0.2111355740610359,0.18959112640469944
0.015791176447018475,30.0,70.0,4.999919419615975,0.2852405638416509,3.500334938820523,4.739778160117472,0.21113557406102212,0.1895911264046989
0.015820473322018476,30.0,70.0,4.999919419615975,0.28524056391620783,3.500334938820537,4.739778160117486,0.2111355740610359,0.18959112640469944
0.015849770197018477,30.0,70.0,4.999919419615975,0.2852405638432524,3.500334938820524,4.739778160117472,0.21113557406102257,0.18959112640469894
0.015879067072018478,30.0,70.0,4.999919419615975,0.28524056391464075,3.5003349388205365,4.739778160117485,0.2111355740610359,0.1895911264046994
0.01590836394701848,30.0,70.0,4.999919419615975,0.2852405638447857,3.500334938820524,4.739778160117473,0.21113557406102368,0.18959112640469894
0.01593766082201848,30.0,70.0,4.999919419615975,0.28524056391314034,3.5003349388205365,4.739778160117485,0.2111355740610359,0.1895911264046994
0.01596695769701848,30.0,70.0,4.999919419615975,0.2852405638462539,3.500334938820524,4.739778160117473,0.21113557406102368,0.18959112640469894
0.015996254572018483,30.0,70.0,4.999919419615975,0.2852405639117036,3.5003349388205365,4.739778160117485,0.2111355740610359,0.1895911264046994
0.016025551447018484,30.0,70.0,4.999919419615975,0.2852405638476597,3.5003349388205245,4.739778160117474,0.21113557406102368,0.18959112640469894
0.016054848322018485,30.0,70.0,4.999919419615975,0.2852405639103281,3.5003349388205356,4.739778160117484,0.21113557406103478,0.1895911264046994
0.016084145197018486,30.0,70.0,4.999919419615975,0.28524056384900576,3.500334938820525,4.739778160117474,0.21113557406102412,0.18959112640469897
0.016113442072018487,30.0,70.0,4.999919419615975,0.2852405639090109,3.5003349388205356,4.739778160117485,0.21113557406103478,0.1895911264046994
0.016142738947018488,30.0,70.0,4.999919419615975,0.28524056385029467,3.500334938820525,4.739778160117474,0.21113557406102412,0.18959112640469897
0.01617203582201849,30.0,70.0,4.999919419615975,0.2852405639077497,3.5003349388205356,4.739778160117485,0.21113557406103478,0.1895911264046994
0.01620133269701849,30.0,70.0,4.999919419615975,0.28524056385152874,3.500334938820525,4.739778160117474,0.21113557406102412,0.18959112640469897
0.01623062957201849,30.0,70.0,4.999919419615975,0.28524056390654223,3.500334938820535,4.739778160117484,0.21113557406103434,0.18959112640469936
0.016259926447018493,30.0,70.0,4.999919419615975,0.28524056385271035,3.5003349388205254,4.739778160117474,0.21113557406102457,0.189591126404699
0.016289223322018494,30.0,70.0,4.999919419615975,0.28524056390538594,3.5003349388205347,4.739778160117484,0.2111355740610339,0.18959112640469933
0.016318520197018495,30.0,70.0,4.999919419615975,0.2852405638538418,3.500334938820526,4.739778160117475,0.21113557406102457,0.189591126404699
0.016347817072018496,30.0,70.0,4.999919419615975,0.2852405639042788,3.5003349388205347,4.739778160117483,0.2111355740610339,0.18959112640469933
0.016377113947018497,30.0,70.0,4.999919419615975,0.28524056385492513,3.500334938820526,4.739778160117475,0.21113557406102545,0.189591126404699
0.016406410822018498,30.0,70.0,4.999919419615975,0.2852405639032187,3.5003349388205347,4.739778160117483,0.2111355740610339,0.18959112640469933
0.0164357076970185,30.0,70.0,4.999919419615975,0.2852405638559624,3.500334938820526,4.739778160117475,0.21113557406102545,0.189591126404699
0.0164650045720185,30.0,70.0,4.999919419615975,0.2852405639022037,3.5003349388205347,4.739778160117483,0.2111355740610339,0.18959112640469933
0.0164943014470185,30.0,70.0,4.999919419615975,0.2852405638569557,3.5003349388205263,4.739778160117476,0.2111355740610259,0.189591126404699
0.016523598322018503,30.0,70.0,4.999919419615975,0.28524056390123187,3.5003349388205343,4.739778160117483,0.21113557406103256,0.18959112640469933
0.016552895197018504,30.0,70.0,4.999919419615975,0.28524056385790664,3.5003349388205267,4.739778160117476,0.21113557406102545,0.18959112640469905
0.016582192072018505,30.0,70.0,4.999919419615975,0.2852405639003013,3.500334938820534,4.739778160117483,0.21113557406103323,0.18959112640469933
0.016611488947018506,30.0,70.0,4.999919419615975,0.28524056385881713,3.5003349388205267,4.739778160117476,0.21113557406102545,0.18959112640469905
0.016640785822018507,30.0,70.0,4.999919419615975,0.28524056389941027,3.500334938820534,4.739778160117483,0.21113557406103323,0.18959112640469933
0.016670082697018508,30.0,70.0,4.999919419615975,0.2852405638596891,3.5003349388205267,4.739778160117476,0.21113557406102545,0.18959112640469905
0.01669937957201851,30.0,70.0,4.999919419615975,0.2852405638985571,3.500334938820534,4.739778160117483,0.21113557406103323,0.18959112640469933
0.01672867644701851,30.0,70.0,4.999919419615975,0.2852405638605239,3.5003349388205267,4.739778160117476,0.21113557406102545,0.18959112640469905
0.01675797332201851,30.0,70.0,4.999919419615975,0.2852405638977402,3.500334938820534,4.739778160117483,0.21113557406103323,0.18959112640469933
0.016787270197018513,30.0,70.0,4.999919419615975,0.2852405638613233,3.5003349388205267,4.739778160117476,0.21113557406102545,0.18959112640469905
0.016816567072018514,30.0,70.0,4.999919419615975,0.2852405638969579,3.500334938820534,4.739778160117483,0.21113557406103323,0.18959112640469933
0.016845863947018515,30.0,70.0,4.999919419615975,0.28524056386208874,3.500334938820527,4.739778160117476,0.21113557406102545,0.18959112640469908
0.016875160822018516,30.0,70.0,4.999919419615975,0.285240563896209,3.5003349388205334,4.739778160117483,0.21113557406103278,0.1895911264046993
0.016904457697018517,30.0,70.0,4.999919419615975,0.2852405638628216,3.5003349388205276,4.739778160117476,0.21113557406102545,0.18959112640469908
0.016933754572018518,30.0,70.0,4.999919419615975,0.2852405638954918,3.500334938820533,4.739778160117481,0.21113557406103212,0.18959112640469925
0.01696305144701852,30.0,70.0,4.999919419615975,0.28524056386352337,3.5003349388205276,4.739778160117477,0.2111355740610268,0.18959112640469908
0.01699234832201852,30.0,70.0,4.999919419615975,0.2852405638948051,3.500334938820533,4.739778160117482,0.21113557406103145,0.1895911264046993
0.01702164519701852,30.0,70.0,4.999919419615975,0.2852405638641954,3.5003349388205276,4.739778160117477,0.21113557406102634,0.18959112640469908
0.017050942072018523,30.0,70.0,4.999919419615975,0.2852405638941476,3.500334938820533,4.739778160117481,0.21113557406103167,0.18959112640469925
0.017080238947018524,30.0,70.0,4.999919419615975,0.28524056386483876,3.5003349388205276,4.739778160117477,0.21113557406102634,0.18959112640469908
0.017109535822018525,30.0,70.0,4.999919419615975,0.28524056389351804,3.500334938820533,4.739778160117481,0.21113557406103167,0.18959112640469925
0.017138832697018526,30.0,70.0,4.999919419615975,0.2852405638654547,3.5003349388205276,4.739778160117477,0.21113557406102634,0.18959112640469908
0.017168129572018527,30.0,70.0,4.999919419615975,0.28524056389291536,3.500334938820533,4.739778160117481,0.21113557406103167,0.18959112640469925
0.017197426447018528,30.0,70.0,4.999919419615975,0.28524056386604446,3.5003349388205276,4.739778160117477,0.21113557406102634,0.18959112640469908
0.01722672332201853,30.0,70.0,4.999919419615975,0.28524056389233826,3.500334938820533,4.739778160117481,0.21113557406103167,0.18959112640469925
0.01725602019701853,30.0,70.0,4.999919419615975,0.2852405638666091,3.500334938820528,4.739778160117477,0.21113557406102634,0.18959112640469908
0.01728531707201853,30.0,70.0,4.999919419615975,0.2852405638917857,3.5003349388205325,4.739778160117481,0.21113557406103167,0.18959112640469925
0.017314613947018533,30.0,70.0,4.999919419615975,0.2852405638671499,3.500334938820528,4.739778160117478,0.21113557406102634,0.18959112640469908
0.017343910822018534,30.0,70.0,4.999919419615975,0.2852405638912565,3.5003349388205325,4.739778160117481,0.21113557406103167,0.18959112640469925
0.017373207697018535,30.0,70.0,4.999919419615975,0.2852405638676677,3.5003349388205285,4.739778160117478,0.2111355740610268,0.1895911264046991
0.017402504572018536,30.0,70.0,4.999919419615975,0.28524056389074975,3.500334938820532,4.739778160117481,0.21113557406103167,0.18959112640469925
0.017431801447018537,30.0,70.0,4.999919419615975,0.2852405638681636,3.5003349388205285,4.739778160117478,0.2111355740610268,0.1895911264046991
0.017461098322018538,30.0,70.0,4.999919419615975,0.2852405638902646,3.500334938820532,4.739778160117481,0.21113557406103167,0.18959112640469925
0.01749039519701854,30.0,70.0,4.999919419615975,0.28524056386863833,3.5003349388205285,4.739778160117478,0.2111355740610268,0.1895911264046991
0.01751969207201854,30.0,70.0,4.999919419615975,0.2852405638898,3.500334938820532,4.739778160117481,0.21113557406103167,0.18959112640469925
0.01754898894701854,30.0,70.0,4.999919419615975,0.2852405638690929,3.5003349388205285,4.739778160117478,0.2111355740610268,0.1895911264046991
0.017578285822018543,30.0,70.0,4.999919419615975,0.2852405638893552,3.500334938820532,4.739778160117481,0.21113557406103167,0.18959112640469925
0.017607582697018544,30.0,70.0,4.999919419615975,0.28524056386952823,3.5003349388205285,4.739778160117478,0.2111355740610268,0.1895911264046991
0.017636879572018545,30.0,70.0,4.999919419615975,0.2852405638889293,3.500334938820532,4.739778160117481,0.21113557406103167,0.18959112640469925
0.017666176447018546,30.0,70.0,4.999919419615975,0.28524056386994495,3.5003349388205285,4.739778160117478,0.2111355740610268,0.1895911264046991
0.017695473322018547,30.0,70.0,4.999919419615975,0.28524056388852154,3.500334938820532,4.739778160117481,0.21113557406103167,0.18959112640469925
0.017724770197018548,30.0,70.0,4.999919419615975,0.2852405638703439,3.5003349388205285,4.739778160117478,0.2111355740610268,0.1895911264046991
0.01775406707201855,30.0,70.0,4.999919419615975,0.28524056388813107,3.500334938820532,4.739778160117481,0.21113557406103167,0.18959112640469925
0.01778336394701855,30.0,70.0,4.999919419615975,0.285240563870726,3.5003349388205285,4.739778160117478,0.2111355740610268,0.1895911264046991
0.01781266082201855,30.0,70.0,4.999919419615975,0.28524056388775726,3.500334938820532,4.739778160117481,0.21113557406103167,0.18959112640469925
0.017841957697018553,30.0,70.0,4.999919419615975,0.2852405638710918,3.5003349388205285,4.739778160117478,0.2111355740610268,0.1895911264046991
0.017871254572018554,30.0,70.0,4.999919419615975,0.2852405638873994,3.500334938820532,4.739778160117481,0.21113557406103167,0.18959112640469925
0.017900551447018555,30.0,70.0,4.999919419615975,0.285240563871442,3.500334938820529,4.739778160117478,0.21113557406102723,0.18959112640469916
0.017929848322018556,30.0,70.0,4.999919419615975,0.2852405638870566,3.5003349388205316,4.739778160117481,0.21113557406103123,0.18959112640469922
0.017959145197018557,30.0,70.0,4.999919419615975,0.2852405638717774,3.500334938820529,4.739778160117478,0.21113557406102723,0.18959112640469916
0.017988442072018558,30.0,70.0,4.999919419615975,0.28524056388672836,3.5003349388205316,4.739778160117481,0.21113557406103123,0.18959112640469922
0.01801773894701856,30.0,70.0,4.999919419615975,0.2852405638720985,3.500334938820529,4.739778160117478,0.21113557406102723,0.18959112640469916
0.01804703582201856,30.0,70.0,4.999919419615975,0.2852405638864142,3.5003349388205316,4.739778160117481,0.21113557406103123,0.18959112640469922
0.01807633269701856,30.0,70.0,4.999919419615975,0.285240563872406,3.500334938820529,4.739778160117478,0.21113557406102723,0.18959112640469916
0.018105629572018563,30.0,70.0,4.999919419615975,0.2852405638861133,3.5003349388205316,4.739778160117481,0.21113557406103123,0.18959112640469922
0.018134926447018564,30.0,70.0,4.999919419615975,0.28524056387270047,3.5003349388205294,4.739778160117478,0.21113557406102723,0.18959112640469916
0.018164223322018565,30.0,70.0,4.999919419615975,0.2852405638858251,3.500334938820531,4.7397781601174795,0.21113557406103078,0.1895911264046992
0.018193520197018566,30.0,70.0,4.999919419615975,0.28524056387298247,3.5003349388205294,4.739778160117479,0.21113557406102879,0.18959112640469916
0.018222817072018567,30.0,70.0,4.999919419615975,0.2852405638855492,3.500334938820531,4.73977816011748,0.21113557406102967,0.18959112640469922
0.018252113947018568,30.0,70.0,4.999919419615975,0.28524056387325236,3.5003349388205294,4.739778160117479,0.21113557406102812,0.18959112640469916
0.01828141082201857,30.0,70.0,4.999919419615975,0.28524056388528507,3.500334938820531,4.73977816011748,0.21113557406103012,0.18959112640469922
0.01831070769701857,30.0,70.0,4.999919419615975,0.2852405638735108,3.5003349388205294,4.739778160117479,0.21113557406102812,0.18959112640469916
0.01834000457201857,30.0,70.0,4.999919419615975,0.2852405638850322,3.500334938820531,4.73977816011748,0.21113557406103012,0.18959112640469922
0.018369301447018573,30.0,70.0,4.999919419615975,0.2852405638737583,3.5003349388205294,4.739778160117479,0.21113557406102812,0.18959112640469916
0.018398598322018574,30.0,70.0,4.999919419615975,0.28524056388479013,3.500334938820531,4.73977816011748,0.21113557406103012,0.18959112640469922
0.018427895197018575,30.0,70.0,4.999919419615975,0.28524056387399516,3.5003349388205294,4.739778160117479,0.21113557406102812,0.18959112640469916
0.018457192072018576,30.0,70.0,4.999919419615975,0.28524056388455826,3.500334938820531,4.73977816011748,0.21113557406103012,0.18959112640469922
0.018486488947018577,30.0,70.0,4.999919419615975,0.2852405638742221,3.5003349388205294,4.739778160117479,0.21113557406102812,0.18959112640469916
0.018515785822018578,30.0,70.0,4.999919419615975,0.28524056388433633,3.500334938820531,4.73977816011748,0.21113557406103012,0.18959112640469922
0.01854508269701858,30.0,70.0,4.999919419615975,0.28524056387443925,3.5003349388205294,4.739778160117479,0.21113557406102812,0.18959112640469916
0.01857437957201858,30.0,70.0,4.999919419615975,0.28524056388412383,3.500334938820531,4.73977816011748,0.21113557406103012,0.18959112640469922
0.01860367644701858,30.0,70.0,4.999919419615975,0.28524056387464725,3.5003349388205294,4.739778160117479,0.21113557406102812,0.18959112640469916
0.018632973322018583,30.0,70.0,4.999919419615975,0.2852405638839203,3.500334938820531,4.73977816011748,0.21113557406103012,0.18959112640469922
0.018662270197018584,30.0,70.0,4.999919419615975,0.2852405638748464,3.5003349388205294,4.739778160117479,0.21113557406102812,0.18959112640469916
0.018691567072018585,30.0,70.0,4.999919419615975,0.28524056388372543,3.500334938820531,4.73977816011748,0.21113557406103012,0.18959112640469922
0.018720863947018586,30.0,70.0,4.999919419615975,0.28524056387503705,3.5003349388205294,4.739778160117479,0.21113557406102812,0.18959112640469916
0.018750160822018587,30.0,70.0,4.999919419615975,0.2852405638835388,3.500334938820531,4.73977816011748,0.21113557406103012,0.18959112640469922
0.018779457697018588,30.0,70.0,4.999919419615975,0.2852405638752196,3.5003349388205294,4.739778160117479,0.21113557406102812,0.18959112640469916
0.01880875457201859,30.0,70.0,4.999919419615975,0.28524056388336005,3.500334938820531,4.73977816011748,0.21113557406103012,0.18959112640469922
0.01883805144701859,30.0,70.0,4.999919419615975,0.28524056387539454,3.5003349388205294,4.739778160117479,0.21113557406102812,0.18959112640469916
0.01886734832201859,30.0,70.0,4.999919419615975,0.285240563883189,3.500334938820531,4.73977816011748,0.21113557406103012,0.18959112640469922
0.018896645197018593,30.0,70.0,4.999919419615975,0.285240563875562,3.5003349388205294,4.739778160117479,0.21113557406102812,0.18959112640469916
0.018925942072018594,30.0,70.0,4.999919419615975,0.28524056388302516,3.500334938820531,4.73977816011748,0.21113557406103012,0.18959112640469922
0.018955238947018595,30.0,70.0,4.999919419615975,0.28524056387572233,3.5003349388205294,4.739778160117479,0.21113557406102812,0.18959112640469916
0.018984535822018596,30.0,70.0,4.999919419615975,0.2852405638828682,3.500334938820531,4.73977816011748,0.21113557406103012,0.18959112640469922
0.019013832697018597,30.0,70.0,4.999919419615975,0.2852405638758759,3.5003349388205294,4.739778160117479,0.21113557406102812,0.18959112640469916
0.019043129572018598,30.0,70.0,4.999919419615975,0.2852405638827179,3.500334938820531,4.73977816011748,0.21113557406103012,0.18959112640469922
0.0190724264470186,30.0,70.0,4.999919419615975,0.28524056387602287,3.5003349388205294,4.739778160117479,0.21113557406102812,0.18959112640469916
0.0191017233220186,30.0,70.0,4.999919419615975,0.2852405638825741,3.500334938820531,4.73977816011748,0.21113557406103012,0.18959112640469922
0.0191310201970186,30.0,70.0,4.999919419615975,0.2852405638761636,3.50033493882053,4.739778160117479,0.21113557406102812,0.18959112640469916
0.019160317072018603,30.0,70.0,4.999919419615975,0.28524056388243646,3.500334938820531,4.7397781601174795,0.21113557406103012,0.18959112640469922
0.019189613947018604,30.0,70.0,4.999919419615975,0.28524056387629837,3.50033493882053,4.739778160117479,0.21113557406102812,0.18959112640469916
0.019218910822018605,30.0,70.0,4.999919419615975,0.28524056388230457,3.500334938820531,4.7397781601174795,0.21113557406103012,0.18959112640469922
0.019248207697018606,30.0,70.0,4.999919419615975,0.2852405638764274,3.50033493882053,4.739778160117479,0.21113557406102812,0.18959112640469916
0.019277504572018607,30.0,70.0,4.999919419615975,0.28524056388217833,3.5003349388205307,4.7397781601174795,0.21113557406103012,0.18959112640469922
0.019306801447018608,30.0,70.0,4.999919419615975,0.28524056387655095,3.50033493882053,4.7397781601174795,0.21113557406102812,0.18959112640469916
0.01933609832201861,30.0,70.0,4.999919419615975,0.2852405638820575,3.5003349388205307,4.7397781601174795,0.21113557406102967,0.18959112640469922
0.01936539519701861,30.0,70.0,4.999919419615975,0.28524056387666913,3.50033493882053,4.7397781601174795,0.21113557406102879,0.18959112640469916
0.01939469207201861,30.0,70.0,4.999919419615975,0.28524056388194186,3.5003349388205307,4.7397781601174795,0.21113557406102967,0.18959112640469922
0.019423988947018613,30.0,70.0,4.999919419615975,0.2852405638767823,3.50033493882053,4.7397781601174795,0.21113557406102879,0.18959112640469916
0.019453285822018614,30.0,70.0,4.999919419615975,0.28524056388183106,3.5003349388205307,4.7397781601174795,0.21113557406102967,0.18959112640469922
0.019482582697018615,30.0,70.0,4.999919419615975,0.28524056387689073,3.50033493882053,4.7397781601174795,0.21113557406102879,0.18959112640469916
0.019511879572018616,30.0,70.0,4.999919419615975,0.2852405638817249,3.5003349388205307,4.7397781601174795,0.21113557406102967,0.18959112640469922
0.019541176447018617,30.0,70.0,4.999919419615975,0.28524056387699465,3.50033493882053,4.7397781601174795,0.21113557406102879,0.18959112640469916
0.019570473322018618,30.0,70.0,4.999919419615975,0.2852405638816233,3.5003349388205307,4.7397781601174795,0.21113557406102967,0.18959112640469922
0.01959977019701862,30.0,70.0,4.999919419615975,0.28524056387709407,3.50033493882053,4.7397781601174795,0.21113557406102879,0.18959112640469916
0.01962906707201862,30.0,70.0,4.999919419615975,0.28524056388152597,3.5003349388205307,4.7397781601174795,0.21113557406102967,0.18959112640469922
0.01965836394701862,30.0,70.0,4.999919419615975,0.28524056387718927,3.50033493882053,4.7397781601174795,0.21113557406102879,0.18959112640469916
0.019687660822018622,30.0,70.0,4.999919419615975,0.28524056388143276,3.5003349388205307,4.7397781601174795,0.21113557406102967,0.18959112640469922
0.019716957697018624,30.0,70.0,4.999919419615975,0.28524056387728053,3.50033493882053,4.7397781601174795,0.21113557406102879,0.18959112640469916
0.019746254572018625,30.0,70.0,4.999919419615975,0.2852405638813435,3.5003349388205307,4.7397781601174795,0.21113557406102967,0.18959112640469922
0.019775551447018626,30.0,70.0,4.999919419615975,0.28524056387736785,3.5003349388205303,4.7397781601174795,0.21113557406102923,0.1895911264046992
0.019804848322018627,30.0,70.0,4.999919419615975,0.28524056388125807,3.5003349388205307,4.7397781601174795,0.21113557406102967,0.18959112640469922
0.019834145197018628,30.0,70.0,4.999919419615975,0.2852405638774514,3.5003349388205303,4.7397781601174795,0.21113557406102923,0.1895911264046992
0.01986344207201863,30.0,70.0,4.999919419615975,0.2852405638811763,3.5003349388205307,4.7397781601174795,0.21113557406102967,0.18959112640469922
0.01989273894701863,30.0,70.0,4.999919419615975,0.2852405638775314,3.5003349388205303,4.7397781601174795,0.21113557406102923,0.1895911264046992
0.01992203582201863,30.0,70.0,4.999919419615975,0.2852405638810981,3.5003349388205307,4.7397781601174795,0.21113557406102967,0.18959112640469922
0.019951332697018632,30.0,70.0,4.999919419615975,0.285240563877608,3.5003349388205303,4.7397781601174795,0.21113557406102923,0.1895911264046992
0.019980629572018634,30.0,70.0,4.999919419615975,0.2852405638810231,3.5003349388205307,4.7397781601174795,0.21113557406102967,0.18959112640469922
0.020009926447018635,30.0,70.0,4.999919419615975,0.2852405638776814,3.5003349388205303,4.7397781601174795,0.21113557406102923,0.1895911264046992
0.020039223322018636,30.0,70.0,4.999919419615975,0.28524056388095126,3.5003349388205303,4.7397781601174795,0.21113557406102923,0.1895911264046992
0.020068520197018637,30.0,70.0,4.999919419615975,0.2852405638777517,3.5003349388205303,4.7397781601174795,0.21113557406102923,0.1895911264046992
0.020097817072018638,30.0,70.0,4.999919419615975,0.2852405638808824,3.5003349388205303,4.7397781601174795,0.21113557406102923,0.1895911264046992
0.02012711394701864,30.0,70.0,4.999919419615975,0.28524056387781893,3.5003349388205303,4.7397781601174795,0.21113557406102923,0.1895911264046992
0.02015641082201864,30.0,70.0,4.999919419615975,0.2852405638808166,3.5003349388205303,4.7397781601174795,0.21113557406102923,0.1895911264046992
0.02018570769701864,30.0,70.0,4.999919419615975,0.2852405638778834,3.5003349388205303,4.7397781601174795,0.21113557406102923,0.1895911264046992
0.020215004572018642,30.0,70.0,4.999919419615975,0.28524056388075353,3.5003349388205303,4.7397781601174795,0.21113557406102923,0.1895911264046992
0.020244301447018644,30.0,70.0,4.999919419615975,0.2852405638779451,3.5003349388205303,4.7397781601174795,0.21113557406102923,0.1895911264046992
0.020273598322018645,30.0,70.0,4.999919419615975,0.28524056388069324,3.5003349388205303,4.7397781601174795,0.21113557406102923,0.1895911264046992
0.020302895197018646,30.0,70.0,4.999919419615975,0.2852405638780041,3.5003349388205303,4.7397781601174795,0.21113557406102923,0.1895911264046992
0.020332192072018647,30.0,70.0,4.999919419615975,0.28524056388063546,3.5003349388205303,4.7397781601174795,0.21113557406102923,0.1895911264046992
0.020361488947018648,30.0,70.0,4.999919419615975,0.28524056387806057,3.5003349388205303,4.7397781601174795,0.21113557406102923,0.1895911264046992
0.02039078582201865,30.0,70.0,4.999919419615975,0.28524056388058017,3.5003349388205303,4.7397781601174795,0.21113557406102923,0.1895911264046992
0.02042008269701865,30.0,70.0,4.999919419615975,0.2852405638781148,3.5003349388205303,4.7397781601174795,0.21113557406102923,0.1895911264046992
0.02044937957201865,30.0,70.0,4.999919419615975,0.28524056388052715,3.5003349388205303,4.7397781601174795,0.21113557406102923,0.1895911264046992
0.020478676447018652,30.0,70.0,4.999919419615975,0.2852405638781666,3.5003349388205303,4.7397781601174795,0.21113557406102923,0.1895911264046992
0.020507973322018654,30.0,70.0,4.999919419615975,0.28524056388047647,3.5003349388205303,4.7397781601174795,0.21113557406102923,0.1895911264046992
0.020537270197018655,30.0,70.0,4.999919419615975,0.28524056387821617,3.5003349388205303,4.7397781601174795,0.21113557406102923,0.1895911264046992
0.020566567072018656,30.0,70.0,4.999919419615975,0.2852405638804279,3.5003349388205303,4.7397781601174795,0.21113557406102923,0.1895911264046992
0.020595863947018657,30.0,70.0,4.999919419615975,0.28524056387826374,3.5003349388205303,4.7397781601174795,0.21113557406102923,0.1895911264046992
0.020625160822018658,30.0,70.0,4.999919419615975,0.28524056388038144,3.5003349388205303,4.7397781601174795,0.21113557406102923,0.1895911264046992
0.02065445769701866,30.0,70.0,4.999919419615975,0.2852405638783092,3.5003349388205303,4.7397781601174795,0.21113557406102923,0.1895911264046992
0.02068375457201866,30.0,70.0,4.999919419615975,0.2852405638803369,3.5003349388205303,4.7397781601174795,0.21113557406102923,0.1895911264046992
0.02071305144701866,30.0,70.0,4.999919419615975,0.2852405638783527,3.5003349388205303,4.7397781601174795,0.21113557406102923,0.1895911264046992
0.020742348322018662,30.0,70.0,4.999919419615975,0.2852405638802943,3.5003349388205303,4.7397781601174795,0.21113557406102923,0.1895911264046992
0.020771645197018664,30.0,70.0,4.999919419615975,0.28524056387839447,3.5003349388205303,4.7397781601174795,0.21113557406102923,0.1895911264046992
0.020800942072018665,30.0,70.0,4.999919419615975,0.2852405638802535,3.5003349388205303,4.7397781601174795,0.21113557406102923,0.1895911264046992
0.020830238947018666,30.0,70.0,4.999919419615975,0.28524056387843444,3.5003349388205303,4.7397781601174795,0.21113557406102923,0.1895911264046992
0.020859535822018667,30.0,70.0,4.999919419615975,0.2852405638802143,3.5003349388205303,4.7397781601174795,0.21113557406102923,0.1895911264046992
0.020888832697018668,30.0,70.0,4.999919419615975,0.28524056387847274,3.5003349388205303,4.7397781601174795,0.21113557406102923,0.1895911264046992
0.02091812957201867,30.0,70.0,4.999919419615975,0.2852405638801769,3.5003349388205303,4.7397781601174795,0.21113557406102923,0.1895911264046992
0.02094742644701867,30.0,70.0,4.999919419615975,0.28524056387850943,3.5003349388205303,4.7397781601174795,0.21113557406102923,0.1895911264046992
0.02097672332201867,30.0,70.0,4.999919419615975,0.28524056388014096,3.5003349388205303,4.7397781601174795,0.21113557406102923,0.1895911264046992
0.021006020197018672,30.0,70.0,4.999919419615975,0.2852405638785445,3.5003349388205303,4.7397781601174795,0.21113557406102923,0.1895911264046992
0.021035317072018674,30.0,70.0,4.999919419615975,0.2852405638801067,3.5003349388205303,4.7397781601174795,0.21113557406102923,0.1895911264046992
0.021064613947018675,30.0,70.0,4.999919419615975,0.28524056387857794,3.5003349388205303,4.7397781601174795,0.21113557406102923,0.1895911264046992
0.021093910822018676,30.0,70.0,4.999919419615975,0.2852405638800739,3.5003349388205303,4.7397781601174795,0.21113557406102923,0.1895911264046992
0.021123207697018677,30.0,70.0,4.999919419615975,0.28524056387861013,3.5003349388205303,4.7397781601174795,0.21113557406102923,0.1895911264046992
0.021152504572018678,30.0,70.0,4.999919419615975,0.2852405638800424,3.5003349388205303,4.7397781601174795,0.21113557406102923,0.1895911264046992
0.02118180144701868,30.0,70.0,4.999919419615975,0.28524056387864105,3.5003349388205303,4.7397781601174795,0.21113557406102923,0.1895911264046992
0.02121109832201868,30.0,70.0,4.999919419615975,0.2852405638800122,3.5003349388205303,4.7397781601174795,0.21113557406102923,0.1895911264046992
0.02124039519701868,30.0,70.0,4.999919419615975,0.2852405638786705,3.5003349388205303,4.7397781601174795,0.21113557406102923,0.1895911264046992
0.021269692072018682,30.0,70.0,4.999919419615975,0.2852405638799833,3.5003349388205303,4.7397781601174795,0.21113557406102923,0.1895911264046992
0.021298988947018684,30.0,70.0,4.999919419615975,0.2852405638786988,3.5003349388205303,4.7397781601174795,0.21113557406102923,0.1895911264046992
0.021328285822018685,30.0,70.0,4.999919419615975,0.2852405638799558,3.5003349388205303,4.7397781601174795,0.21113557406102923,0.1895911264046992
0.021357582697018686,30.0,70.0,4.999919419615975,0.2852405638787257,3.5003349388205303,4.7397781601174795,0.21113557406102923,0.1895911264046992
0.021386879572018687,30.0,70.0,4.999919419615975,0.2852405638799293,3.5003349388205303,4.7397781601174795,0.21113557406102923,0.1895911264046992
0.021416176447018688,30.0,70.0,4.999919419615975,0.2852405638787516,3.5003349388205303,4.7397781601174795,0.21113557406102923,0.1895911264046992
0.02144547332201869,30.0,70.0,4.999919419615975,0.2852405638799041,3.5003349388205303,4.7397781601174795,0.21113557406102923,0.1895911264046992
0.02147477019701869,30.0,70.0,4.999919419615975,0.2852405638787763,3.5003349388205303,4.7397781601174795,0.21113557406102923,0.1895911264046992
0.02150406707201869,30.0,70.0,4.999919419615975,0.28524056387987995,3.5003349388205303,4.7397781601174795,0.21113557406102923,0.1895911264046992
0.021533363947018692,30.0,70.0,4.999919419615975,0.2852405638787999,3.5003349388205303,4.7397781601174795,0.21113557406102923,0.1895911264046992
0.021562660822018694,30.0,70.0,4.999919419615975,0.28524056387985663,3.5003349388205303,4.7397781601174795,0.21113557406102923,0.1895911264046992
0.021591957697018695,30.0,70.0,4.999919419615975,0.28524056387882263,3.5003349388205303,4.7397781601174795,0.21113557406102923,0.1895911264046992
0.021621254572018696,30.0,70.0,4.999919419615975,0.28524056387983443,3.5003349388205303,4.7397781601174795,0.21113557406102923,0.1895911264046992
0.021650551447018697,30.0,70.0,4.999919419615975,0.28524056387884444,3.5003349388205303,4.7397781601174795,0.21113557406102923,0.1895911264046992
0.021679848322018698,30.0,70.0,4.999919419615975,0.28524056387981317,3.5003349388205303,4.7397781601174795,0.21113557406102923,0.1895911264046992
0.0217091451970187,30.0,70.0,4.999919419615975,0.28524056387886526,3.5003349388205303,4.7397781601174795,0.21113557406102923,0.1895911264046992
0.0217384420720187,30.0,70.0,4.999919419615975,0.2852405638797928,3.5003349388205303,4.7397781601174795,0.21113557406102923,0.1895911264046992
0.0217677389470187,30.0,70.0,4.999919419615975,0.2852405638788852,3.5003349388205303,4.7397781601174795,0.21113557406102923,0.1895911264046992
0.021797035822018702,30.0,70.0,4.999919419615975,0.2852405638797732,3.5003349388205303,4.7397781601174795,0.21113557406102923,0.1895911264046992
0.021826332697018704,30.0,70.0,4.999919419615975,0.28524056387890434,3.5003349388205303,4.7397781601174795,0.21113557406102923,0.1895911264046992
0.021855629572018705,30.0,70.0,4.999919419615975,0.2852405638797546,3.5003349388205303,4.7397781601174795,0.21113557406102923,0.1895911264046992
0.021884926447018706,30.0,70.0,4.999919419615975,0.28524056387892255,3.5003349388205303,4.7397781601174795,0.21113557406102923,0.1895911264046992
0.021914223322018707,30.0,70.0,4.999919419615975,0.2852405638797367,3.5003349388205303,4.7397781601174795,0.21113557406102923,0.1895911264046992
0.021943520197018708,30.0,70.0,4.999919419615975,0.28524056387894,3.5003349388205303,4.7397781601174795,0.21113557406102923,0.1895911264046992
0.02197281707201871,30.0,70.0,4.999919419615975,0.28524056387971963,3.5003349388205303,4.7397781601174795,0.21113557406102923,0.1895911264046992
0.02200211394701871,30.0,70.0,4.999919419615975,0.2852405638789568,3.5003349388205303,4.7397781601174795,0.21113557406102923,0.1895911264046992
0.02203141082201871,30.0,70.0,4.999919419615975,0.2852405638797032,3.5003349388205303,4.7397781601174795,0.21113557406102923,0.1895911264046992
0.022060707697018712,30.0,70.0,4.999919419615975,0.28524056387897284,3.5003349388205303,4.7397781601174795,0.21113557406102923,0.1895911264046992
0.022090004572018714,30.0,70.0,4.999919419615975,0.2852405638796876,3.5003349388205303,4.7397781601174795,0.21113557406102923,0.1895911264046992
0.022119301447018715,30.0,70.0,4.999919419615975,0.28524056387898816,3.5003349388205303,4.7397781601174795,0.21113557406102923,0.1895911264046992
0.022148598322018716,30.0,70.0,4.999919419615975,0.2852405638796726,3.5003349388205303,4.7397781601174795,0.21113557406102923,0.1895911264046992
0.022177895197018717,30.0,70.0,4.999919419615975,0.2852405638790028,3.5003349388205303,4.7397781601174795,0.21113557406102923,0.1895911264046992
0.022207192072018718,30.0,70.0,4.999919419615975,0.28524056387965824,3.5003349388205303,4.7397781601174795,0.21113557406102923,0.1895911264046992
0.02223648894701872,30.0,70.0,4.999919419615975,0.28524056387901686,3.5003349388205303,4.7397781601174795,0.21113557406102923,0.1895911264046992
0.02226578582201872,30.0,70.0,4.999919419615975,0.28524056387964447,3.5003349388205303,4.7397781601174795,0.21113557406102923,0.1895911264046992
0.02229508269701872,30.0,70.0,4.999919419615975,0.28524056387903035,3.5003349388205303,4.7397781601174795,0.21113557406102923,0.1895911264046992
0.022324379572018722,30.0,70.0,4.999919419615975,0.28524056387963137,3.5003349388205303,4.7397781601174795,0.21113557406102923,0.1895911264046992
0.022353676447018724,30.0,70.0,4.999919419615975,0.2852405638790432,3.5003349388205303,4.7397781601174795,0.21113557406102923,0.1895911264046992
0.022382973322018725,30.0,70.0,4.999919419615975,0.2852405638796187,3.5003349388205303,4.7397781601174795,0.21113557406102923,0.1895911264046992
0.022412270197018726,30.0,70.0,4.999919419615975,0.2852405638790555,3.5003349388205303,4.7397781601174795,0.21113557406102923,0.1895911264046992
0.022441567072018727,30.0,70.0,4.999919419615975,0.28524056387960667,3.5003349388205303,4.7397781601174795,0.21113557406102923,0.1895911264046992
0.022470863947018728,30.0,70.0,4.999919419615975,0.2852405638790674,3.5003349388205303,4.7397781601174795,0.21113557406102923,0.1895911264046992
0.02250016082201873,30.0,70.0,4.999919419615975,0.28524056387959507,3.5003349388205303,4.7397781601174795,0.21113557406102923,0.1895911264046992
0.02252945769701873,30.0,70.0,4.999919419615975,0.28524056387907865,3.5003349388205303,4.7397781601174795,0.21113557406102923,0.1895911264046992
0.02255875457201873,30.0,70.0,4.999919419615975,0.28524056387958396,3.5003349388205303,4.7397781601174795,0.21113557406102923,0.1895911264046992
0.022588051447018732,30.0,70.0,4.999919419615975,0.2852405638790895,3.5003349388205303,4.7397781601174795,0.21113557406102923,0.1895911264046992
0.022617348322018734,30.0,70.0,4.999919419615975,0.28524056387957336,3.5003349388205303,4.7397781601174795,0.21113557406102923,0.1895911264046992
0.022646645197018735,30.0,70.0,4.999919419615975,0.2852405638791,3.5003349388205303,4.7397781601174795,0.21113557406102923,0.1895911264046992
0.022675942072018736,30.0,70.0,4.999919419615975,0.28524056387956315,3.5003349388205303,4.7397781601174795,0.21113557406102923,0.1895911264046992
0.022705238947018737,30.0,70.0,4.999919419615975,0.2852405638791099,3.5003349388205303,4.7397781601174795,0.21113557406102923,0.1895911264046992
0.022734535822018738,30.0,70.0,4.999919419615975,0.2852405638795533,3.5003349388205303,4.7397781601174795,0.21113557406102923,0.1895911264046992
0.02276383269701874,30.0,70.0,4.999919419615975,0.28524056387911956,3.5003349388205303,4.7397781601174795,0.21113557406102923,0.1895911264046992
0.02279312957201874,30.0,70.0,4.999919419615975,0.28524056387954394,3.5003349388205303,4.7397781601174795,0.21113557406102923,0.1895911264046992
0.02282242644701874,30.0,70.0,4.999919419615975,0.2852405638791287,3.5003349388205303,4.7397781601174795,0.21113557406102923,0.1895911264046992
0.022851723322018742,30.0,70.0,4.999919419615975,0.285240563879535,3.5003349388205303,4.7397781601174795,0.21113557406102923,0.1895911264046992
0.022881020197018744,30.0,70.0,4.999919419615975,0.28524056387913743,3.5003349388205303,4.7397781601174795,0.21113557406102923,0.1895911264046992
0.022910317072018745,30.0,70.0,4.999919419615975,0.2852405638795264,3.5003349388205303,4.7397781601174795,0.21113557406102923,0.1895911264046992
0.022939613947018746,30.0,70.0,4.999919419615975,0.28524056387914576,3.5003349388205303,4.7397781601174795,0.21113557406102923,0.1895911264046992
0.022968910822018747,30.0,70.0,4.999919419615975,0.2852405638795183,3.5003349388205303,4.7397781601174795,0.21113557406102923,0.1895911264046992
0.022998207697018748,30.0,70.0,4.999919419615975,0.2852405638791538,3.5003349388205303,4.7397781601174795,0.21113557406102923,0.1895911264046992
0.02302750457201875,30.0,70.0,4.999919419615975,0.28524056387951047,3.5003349388205303,4.7397781601174795,0.21113557406102923,0.1895911264046992
0.02305680144701875,30.0,70.0,4.999919419615975,0.28524056387916147,3.5003349388205303,4.7397781601174795,0.21113557406102923,0.1895911264046992
0.02308609832201875,30.0,70.0,4.999919419615975,0.285240563879503,3.5003349388205303,4.7397781601174795,0.21113557406102923,0.1895911264046992
0.023115395197018752,30.0,70.0,4.999919419615975,0.28524056387916874,3.5003349388205303,4.7397781601174795,0.21113557406102923,0.1895911264046992
0.023144692072018754,30.0,70.0,4.999919419615975,0.2852405638794958,3.5003349388205303,4.7397781601174795,0.21113557406102923,0.1895911264046992
0.023173988947018755,30.0,70.0,4.999919419615975,0.2852405638791758,3.5003349388205303,4.7397781601174795,0.21113557406102923,0.1895911264046992
0.023203285822018756,30.0,70.0,4.999919419615975,0.285240563879489,3.5003349388205303,4.7397781601174795,0.21113557406102923,0.1895911264046992
0.023232582697018757,30.0,70.0,4.999919419615975,0.2852405638791825,3.5003349388205303,4.7397781601174795,0.21113557406102923,0.1895911264046992
0.023261879572018758,30.0,70.0,4.999919419615975,0.2852405638794824,3.5003349388205303,4.7397781601174795,0.21113557406102923,0.1895911264046992
0.02329117644701876,30.0,70.0,4.999919419615975,0.28524056387918895,3.5003349388205303,4.7397781601174795,0.21113557406102923,0.1895911264046992
0.02332047332201876,30.0,70.0,4.999919419615975,0.28524056387947605,3.5003349388205303,4.7397781601174795,0.21113557406102923,0.1895911264046992
0.02334977019701876,30.0,70.0,4.999919419615975,0.28524056387919516,3.5003349388205303,4.7397781601174795,0.21113557406102923,0.1895911264046992
0.023379067072018762,30.0,70.0,4.999919419615975,0.28524056387947,3.5003349388205303,4.7397781601174795,0.21113557406102923,0.1895911264046992
0.023408363947018763,30.0,70.0,4.999919419615975,0.28524056387920105,3.5003349388205303,4.7397781601174795,0.21113557406102923,0.1895911264046992
0.023437660822018765,30.0,70.0,4.999919419615975,0.28524056387946417,3.5003349388205303,4.7397781601174795,0.21113557406102923,0.1895911264046992
0.023466957697018766,30.0,70.0,4.999919419615975,0.28524056387920677,3.5003349388205303,4.7397781601174795,0.21113557406102923,0.1895911264046992
0.023496254572018767,30.0,70.0,4.999919419615975,0.28524056387945856,3.5003349388205303,4.7397781601174795,0.21113557406102923,0.1895911264046992
0.023525551447018768,30.0,70.0,4.999919419615975,0.28524056387921226,3.5003349388205303,4.7397781601174795,0.21113557406102923,0.1895911264046992
0.02355484832201877,30.0,70.0,4.999919419615975,0.2852405638794533,3.5003349388205303,4.7397781601174795,0.21113557406102923,0.1895911264046992
0.02358414519701877,30.0,70.0,4.999919419615975,0.2852405638792174,3.5003349388205303,4.7397781601174795,0.21113557406102923,0.1895911264046992
0.02361344207201877,30.0,70.0,4.999919419615975,0.28524056387944824,3.5003349388205303,4.7397781601174795,0.21113557406102923,0.1895911264046992
0.023642738947018772,30.0,70.0,4.999919419615975,0.2852405638792224,3.5003349388205303,4.7397781601174795,0.21113557406102923,0.1895911264046992
0.023672035822018773,30.0,70.0,4.999919419615975,0.28524056387944335,3.5003349388205303,4.7397781601174795,0.21113557406102923,0.1895911264046992
0.023701332697018775,30.0,70.0,4.999919419615975,0.2852405638792272,3.5003349388205303,4.7397781601174795,0.21113557406102923,0.1895911264046992
0.023730629572018776,30.0,70.0,4.999919419615975,0.2852405638794387,3.5003349388205303,4.7397781601174795,0.21113557406102923,0.1895911264046992
0.023759926447018777,30.0,70.0,4.999919419615975,0.2852405638792317,3.5003349388205303,4.7397781601174795,0.21113557406102923,0.1895911264046992
0.023789223322018778,30.0,70.0,4.999919419615975,0.2852405638794343,3.5003349388205303,4.7397781601174795,0.21113557406102923,0.1895911264046992
0.02381852019701878,30.0,70.0,4.999919419615975,0.28524056387923596,3.5003349388205303,4.7397781601174795,0.21113557406102923,0.1895911264046992
0.02384781707201878,30.0,70.0,4.999919419615975,0.2852405638794302,3.5003349388205303,4.7397781601174795,0.21113557406102923,0.1895911264046992
0.02387711394701878,30.0,70.0,4.999919419615975,0.28524056387924,3.5003349388205303,4.7397781601174795,0.21113557406102923,0.1895911264046992
0.023906410822018782,30.0,70.0,4.999919419615975,0.28524056387942615,3.5003349388205303,4.7397781601174795,0.21113557406102923,0.1895911264046992
0.023935707697018783,30.0,70.0,4.999919419615975,0.285240563879244,3.5003349388205303,4.7397781601174795,0.21113557406102923,0.1895911264046992
0.023965004572018785,30.0,70.0,4.999919419615975,0.2852405638794221,3.5003349388205303,4.7397781601174795,0.21113557406102923,0.1895911264046992
0.023994301447018786,30.0,70.0,4.999919419615975,0.2852405638792479,3.5003349388205303,4.7397781601174795,0.21113557406102923,0.1895911264046992
0.024023598322018787,30.0,70.0,4.999919419615975,0.2852405638794183,3.5003349388205303,4.7397781601174795,0.21113557406102923,0.1895911264046992
0.024052895197018788,30.0,70.0,4.999919419615975,0.2852405638792516,3.5003349388205303,4.7397781601174795,0.21113557406102923,0.1895911264046992
0.02408219207201879,30.0,70.0,4.999919419615975,0.28524056387941477,3.5003349388205303,4.7397781601174795,0.21113557406102923,0.1895911264046992
0.02411148894701879,30.0,70.0,4.999919419615975,0.285240563879255,3.5003349388205303,4.7397781601174795,0.21113557406102923,0.1895911264046992
0.02414078582201879,30.0,70.0,4.999919419615975,0.2852405638794114,3.5003349388205303,4.7397781601174795,0.21113557406102923,0.1895911264046992
0.024170082697018792,30.0,70.0,4.999919419615975,0.2852405638792585,3.5003349388205303,4.7397781601174795,0.21113557406102923,0.1895911264046992
0.024199379572018793,30.0,70.0,4.999919419615975,0.28524056387940805,3.5003349388205303,4.7397781601174795,0.21113557406102923,0.1895911264046992
0.024228676447018795,30.0,70.0,4.999919419615975,0.28524056387926167,3.5003349388205303,4.7397781601174795,0.21113557406102923,0.1895911264046992
0.024257973322018796,30.0,70.0,4.999919419615975,0.28524056387940494,3.5003349388205303,4.7397781601174795,0.21113557406102923,0.1895911264046992
0.024287270197018797,30.0,70.0,4.999919419615975,0.2852405638792648,3.5003349388205303,4.7397781601174795,0.21113557406102923,0.1895911264046992
0.024316567072018798,30.0,70.0,4.999919419615975,0.28524056387940183,3.5003349388205303,4.7397781601174795,0.21113557406102923,0.1895911264046992
0.0243458639470188,30.0,70.0,4.999919419615975,0.28524056387926766,3.5003349388205303,4.7397781601174795,0.21113557406102923,0.1895911264046992
0.0243751608220188,30.0,70.0,4.999919419615975,0.28524056387939906,3.5003349388205303,4.7397781601174795,0.21113557406102923,0.1895911264046992
0.0244044576970188,30.0,70.0,4.999919419615975,0.28524056387927044,3.5003349388205303,4.7397781601174795,0.21113557406102923,0.1895911264046992
0.024433754572018802,30.0,70.0,4.999919419615975,0.2852405638793963,3.5003349388205303,4.7397781601174795,0.21113557406102923,0.1895911264046992
0.024463051447018803,30.0,70.0,4.999919419615975,0.28524056387927316,3.5003349388205303,4.7397781601174795,0.21113557406102923,0.1895911264046992
0.024492348322018805,30.0,70.0,4.999919419615975,0.2852405638793936,3.5003349388205303,4.7397781601174795,0.21113557406102923,0.1895911264046992
0.024521645197018806,30.0,70.0,4.999919419615975,0.2852405638792758,3.5003349388205303,4.7397781601174795,0.21113557406102923,0.1895911264046992
0.024550942072018807,30.0,70.0,4.999919419615975,0.2852405638793911,3.5003349388205303,4.7397781601174795,0.21113557406102923,0.1895911264046992
0.024580238947018808,30.0,70.0,4.999919419615975,0.28524056387927826,3.5003349388205303,4.7397781601174795,0.21113557406102923,0.1895911264046992
0.02460953582201881,30.0,70.0,4.999919419615975,0.2852405638793887,3.5003349388205303,4.7397781601174795,0.21113557406102923,0.1895911264046992
0.02463883269701881,30.0,70.0,4.999919419615975,0.2852405638792806,3.5003349388205303,4.7397781601174795,0.21113557406102923,0.1895911264046992
0.02466812957201881,30.0,70.0,4.999919419615975,0.28524056387938634,3.5003349388205303,4.7397781601174795,0.21113557406102923,0.1895911264046992
0.024697426447018812,30.0,70.0,4.999919419615975,0.2852405638792829,3.5003349388205303,4.7397781601174795,0.21113557406102923,0.1895911264046992
0.024726723322018813,30.0,70.0,4.999919419615975,0.285240563879384,3.5003349388205303,4.7397781601174795,0.21113557406102923,0.1895911264046992
0.024756020197018815,30.0,70.0,4.999919419615975,0.2852405638792852,3.5003349388205303,4.7397781601174795,0.21113557406102923,0.1895911264046992
0.024785317072018816,30.0,70.0,4.999919419615975,0.28524056387938185,3.5003349388205303,4.7397781601174795,0.21113557406102923,0.1895911264046992
0.024814613947018817,30.0,70.0,4.999919419615975,0.28524056387928726,3.5003349388205303,4.7397781601174795,0.21113557406102923,0.1895911264046992
0.024843910822018818,30.0,70.0,4.999919419615975,0.2852405638793799,3.5003349388205303,4.7397781601174795,0.21113557406102923,0.1895911264046992
0.02487320769701882,30.0,70.0,4.999919419615975,0.28524056387928926,3.5003349388205303,4.7397781601174795,0.21113557406102923,0.1895911264046992
0.02490250457201882,30.0,70.0,4.999919419615975,0.2852405638793779,3.5003349388205303,4.7397781601174795,0.21113557406102923,0.1895911264046992
0.02493180144701882,30.0,70.0,4.999919419615975,0.28524056387929114,3.5003349388205303,4.7397781601174795,0.21113557406102923,0.1895911264046992
0.024961098322018822,30.0,70.0,4.999919419615975,0.2852405638793761,3.5003349388205303,4.7397781601174795,0.21113557406102923,0.1895911264046992
0.024990395197018823,30.0,70.0,4.999919419615975,0.28524056387929303,3.5003349388205303,4.7397781601174795,0.21113557406102923,0.1895911264046992
0.025019692072018825,30.0,70.0,4.999919419615975,0.28524056387937424,3.5003349388205303,4.7397781601174795,0.21113557406102923,0.1895911264046992
0.025048988947018826,30.0,70.0,4.999919419615975,0.2852405638792948,3.5003349388205303,4.7397781601174795,0.21113557406102923,0.1895911264046992
0.025078285822018827,30.0,70.0,4.999919419615975,0.28524056387937247,3.5003349388205303,4.7397781601174795,0.21113557406102923,0.1895911264046992
0.025107582697018828,30.0,70.0,4.999919419615975,0.2852405638792964,3.5003349388205303,4.7397781601174795,0.21113557406102923,0.1895911264046992
0.02513687957201883,30.0,70.0,4.999919419615975,0.2852405638793709,3.5003349388205303,4.7397781601174795,0.21113557406102923,0.1895911264046992
0.02516617644701883,30.0,70.0,4.999919419615975,0.28524056387929797,3.5003349388205303,4.7397781601174795,0.21113557406102923,0.1895911264046992
0.02519547332201883,30.0,70.0,4.999919419615975,0.28524056387936936,3.5003349388205303,4.7397781601174795,0.21113557406102923,0.1895911264046992
0.025224770197018832,30.0,70.0,4.999919419615975,0.28524056387929964,3.5003349388205303,4.7397781601174795,0.21113557406102923,0.1895911264046992
0.025254067072018833,30.0,70.0,4.999919419615975,0.2852405638793677,3.5003349388205303,4.7397781601174795,0.21113557406102923,0.1895911264046992
0.025283363947018835,30.0,70.0,4.999919419615975,0.28524056387930113,3.5003349388205303,4.7397781601174795,0.21113557406102923,0.1895911264046992
0.025312660822018836,30.0,70.0,4.999919419615975,0.2852405638793663,3.5003349388205303,4.7397781601174795,0.21113557406102923,0.1895911264046992
0.025341957697018837,30.0,70.0,4.999919419615975,0.2852405638793025,3.5003349388205303,4.7397781601174795,0.21113557406102923,0.1895911264046992
0.025371254572018838,30.0,70.0,4.999919419615975,0.28524056387936486,3.5003349388205303,4.7397781601174795,0.21113557406102923,0.1895911264046992
0.02540055144701884,30.0,70.0,4.999919419615975,0.28524056387930397,3.5003349388205303,4.7397781601174795,0.21113557406102923,0.1895911264046992
0.02542984832201884,30.0,70.0,4.999919419615975,0.28524056387936353,3.5003349388205303,4.7397781601174795,0.21113557406102923,0.1895911264046992
0.02545914519701884,30.0,70.0,4.999919419615975,0.2852405638793052,3.5003349388205303,4.7397781601174795,0.21113557406102923,0.1895911264046992
0.025488442072018842,30.0,70.0,4.999919419615975,0.28524056387936236,3.5003349388205303,4.7397781601174795,0.21113557406102923,0.1895911264046992
0.025517738947018843,30.0,70.0,4.999919419615975,0.2852405638793064,3.5003349388205303,4.7397781601174795,0.21113557406102923,0.1895911264046992
0.025547035822018845,30.0,70.0,4.999919419615975,0.28524056387936114,3.5003349388205303,4.7397781601174795,0.21113557406102923,0.1895911264046992
0.025576332697018846,30.0,70.0,4.999919419615975,0.28524056387930763,3.5003349388205303,4.7397781601174795,0.21113557406102923,0.1895911264046992
0.025605629572018847,30.0,70.0,4.999919419615975,0.28524056387936,3.5003349388205303,4.7397781601174795,0.21113557406102923,0.1895911264046992
0.025634926447018848,30.0,70.0,4.999919419615975,0.28524056387930874,3.5003349388205303,4.7397781601174795,0.21113557406102923,0.1895911264046992
0.02566422332201885,30.0,70.0,4.999919419615975,0.28524056387935887,3.5003349388205303,4.7397781601174795,0.21113557406102923,0.1895911264046992
0.02569352019701885,30.0,70.0,4.999919419615975,0.28524056387930985,3.5003349388205303,4.7397781601174795,0.21113557406102923,0.1895911264046992
0.02572281707201885,30.0,70.0,4.999919419615975,0.28524056387935776,3.5003349388205303,4.7397781601174795,0.21113557406102923,0.1895911264046992
0.025752113947018852,30.0,70.0,4.999919419615975,0.2852405638793109,3.5003349388205303,4.7397781601174795,0.21113557406102923,0.1895911264046992
0.025781410822018853,30.0,70.0,4.999919419615975,0.2852405638793567,3.5003349388205303,4.7397781601174795,0.21113557406102923,0.1895911264046992
0.025810707697018855,30.0,70.0,4.999919419615975,0.28524056387931196,3.5003349388205303,4.7397781601174795,0.21113557406102923,0.1895911264046992
0.025840004572018856,30.0,70.0,4.999919419615975,0.28524056387935576,3.5003349388205303,4.7397781601174795,0.21113557406102923,0.1895911264046992
0.025869301447018857,30.0,70.0,4.999919419615975,0.2852405638793129,3.5003349388205303,4.7397781601174795,0.21113557406102923,0.1895911264046992
0.025898598322018858,30.0,70.0,4.999919419615975,0.2852405638793548,3.5003349388205303,4.7397781601174795,0.21113557406102923,0.1895911264046992
0.02592789519701886,30.0,70.0,4.999919419615975,0.28524056387931374,3.5003349388205303,4.7397781601174795,0.21113557406102923,0.1895911264046992
0.02595719207201886,30.0,70.0,4.999919419615975,0.2852405638793539,3.5003349388205303,4.7397781601174795,0.21113557406102923,0.1895911264046992
0.02598648894701886,30.0,70.0,4.999919419615975,0.28524056387931473,3.5003349388205303,4.7397781601174795,0.21113557406102923,0.1895911264046992
0.026015785822018862,30.0,70.0,4.999919419615975,0.28524056387935304,3.5003349388205303,4.7397781601174795,0.21113557406102923,0.1895911264046992
0.026045082697018863,30.0,70.0,4.999919419615975,0.28524056387931557,3.5003349388205303,4.7397781601174795,0.21113557406102923,0.1895911264046992
0.026074379572018865,30.0,70.0,4.999919419615975,0.28524056387935215,3.5003349388205303,4.7397781601174795,0.21113557406102923,0.1895911264046992
0.026103676447018866,30.0,70.0,4.999919419615975,0.2852405638793164,3.5003349388205303,4.7397781601174795,0.21113557406102923,0.1895911264046992
0.026132973322018867,30.0,70.0,4.999919419615975,0.28524056387935137,3.5003349388205303,4.7397781601174795,0.21113557406102923,0.1895911264046992
0.026162270197018868,30.0,70.0,4.999919419615975,0.2852405638793172,3.5003349388205303,4.7397781601174795,0.21113557406102923,0.1895911264046992
0.02619156707201887,30.0,70.0,4.999919419615975,0.2852405638793506,3.5003349388205303,4.7397781601174795,0.21113557406102923,0.1895911264046992
0.02622086394701887,30.0,70.0,4.999919419615975,0.28524056387931784,3.5003349388205303,4.7397781601174795,0.21113557406102923,0.1895911264046992
0.02625016082201887,30.0,70.0,4.999919419615975,0.2852405638793499,3.5003349388205303,4.7397781601174795,0.21113557406102923,0.1895911264046992
0.026279457697018872,30.0,70.0,4.999919419615975,0.2852405638793186,3.5003349388205303,4.7397781601174795,0.21113557406102923,0.1895911264046992
0.026308754572018873,30.0,70.0,4.999919419615975,0.28524056387934915,3.5003349388205303,4.7397781601174795,0.21113557406102923,0.1895911264046992
0.026338051447018875,30.0,70.0,4.999919419615975,0.2852405638793193,3.5003349388205303,4.7397781601174795,0.21113557406102923,0.1895911264046992
0.026367348322018876,30.0,70.0,4.999919419615975,0.28524056387934854,3.5003349388205303,4.7397781601174795,0.21113557406102923,0.1895911264046992
0.026396645197018877,30.0,70.0,4.999919419615975,0.2852405638793199,3.5003349388205303,4.7397781601174795,0.21113557406102923,0.1895911264046992
0.026425942072018878,30.0,70.0,4.999919419615975,0.2852405638793479,3.5003349388205303,4.7397781601174795,0.21113557406102923,0.1895911264046992
0.02645523894701888,30.0,70.0,4.999919419615975,0.28524056387932045,3.5003349388205303,4.7397781601174795,0.21113557406102923,0.1895911264046992
0.02648453582201888,30.0,70.0,4.999919419615975,0.2852405638793473,3.5003349388205303,4.7397781601174795,0.21113557406102923,0.1895911264046992
0.02651383269701888,30.0,70.0,4.999919419615975,0.2852405638793211,3.5003349388205303,4.7397781601174795,0.21113557406102923,0.1895911264046992
0.026543129572018882,30.0,70.0,4.999919419615975,0.28524056387934676,3.5003349388205303,4.7397781601174795,0.21113557406102923,0.1895911264046992
0.026572426447018883,30.0,70.0,4.999919419615975,0.2852405638793217,3.5003349388205303,4.7397781601174795,0.21113557406102923,0.1895911264046992
0.026601723322018885,30.0,70.0,4.999919419615975,0.28524056387934615,3.5003349388205303,4.7397781601174795,0.21113557406102923,0.1895911264046992
0.026631020197018886,30.0,70.0,4.999919419615975,0.2852405638793223,3.5003349388205303,4.7397781601174795,0.21113557406102923,0.1895911264046992
0.026660317072018887,30.0,70.0,4.999919419615975,0.2852405638793455,3.5003349388205303,4.7397781601174795,0.21113557406102923,0.1895911264046992
0.026689613947018888,30.0,70.0,4.999919419615975,0.28524056387932284,3.5003349388205303,4.7397781601174795,0.21113557406102923,0.1895911264046992
0.02671891082201889,30.0,70.0,4.999919419615975,0.285240563879345,3.5003349388205303,4.7397781601174795,0.21113557406102923,0.1895911264046992
0.02674820769701889,30.0,70.0,4.999919419615975,0.28524056387932334,3.5003349388205303,4.7397781601174795,0.21113557406102923,0.1895911264046992
0.02677750457201889,30.0,70.0,4.999919419615975,0.2852405638793446,3.5003349388205303,4.7397781601174795,0.21113557406102923,0.1895911264046992
0.026806801447018892,30.0,70.0,4.999919419615975,0.2852405638793237,3.5003349388205303,4.7397781601174795,0.21113557406102923,0.1895911264046992
0.026836098322018893,30.0,70.0,4.999919419615975,0.2852405638793442,3.5003349388205303,4.7397781601174795,0.21113557406102923,0.1895911264046992
0.026865395197018895,30.0,70.0,4.999919419615975,0.2852405638793241,3.5003349388205303,4.7397781601174795,0.21113557406102923,0.1895911264046992
0.026894692072018896,30.0,70.0,4.999919419615975,0.2852405638793438,3.5003349388205303,4.7397781601174795,0.21113557406102923,0.1895911264046992
0.026923988947018897,30.0,70.0,4.999919419615975,0.2852405638793245,3.5003349388205303,4.7397781601174795,0.21113557406102923,0.1895911264046992
0.026953285822018898,30.0,70.0,4.999919419615975,0.28524056387934343,3.5003349388205303,4.7397781601174795,0.21113557406102923,0.1895911264046992
0.0269825826970189,30.0,70.0,4.999919419615975,0.2852405638793248,3.5003349388205303,4.7397781601174795,0.21113557406102923,0.1895911264046992
0.0270118795720189,30.0,70.0,4.999919419615975,0.28524056387934316,3.5003349388205303,4.7397781601174795,0.21113557406102923,0.1895911264046992
0.0270411764470189,30.0,70.0,4.999919419615975,0.2852405638793251,3.5003349388205303,4.7397781601174795,0.21113557406102923,0.1895911264046992
0.027070473322018902,30.0,70.0,4.999919419615975,0.28524056387934277,3.5003349388205303,4.7397781601174795,0.21113557406102923,0.1895911264046992
0.027099770197018903,30.0,70.0,4.999919419615975,0.28524056387932556,3.5003349388205303,4.7397781601174795,0.21113557406102923,0.1895911264046992
0.027129067072018904,30.0,70.0,4.999919419615975,0.2852405638793424,3.5003349388205303,4.7397781601174795,0.21113557406102923,0.1895911264046992
0.027158363947018906,30.0,70.0,4.999919419615975,0.28524056387932595,3.5003349388205303,4.7397781601174795,0.21113557406102923,0.1895911264046992
0.027187660822018907,30.0,70.0,4.999919419615975,0.285240563879342,3.5003349388205303,4.7397781601174795,0.21113557406102923,0.1895911264046992
0.027216957697018908,30.0,70.0,4.999919419615975,0.28524056387932634,3.5003349388205303,4.7397781601174795,0.21113557406102923,0.1895911264046992
0.02724625457201891,30.0,70.0,4.999919419615975,0.2852405638793416,3.5003349388205303,4.7397781601174795,0.21113557406102923,0.1895911264046992
0.02727555144701891,30.0,70.0,4.999919419615975,0.28524056387932667,3.5003349388205303,4.7397781601174795,0.21113557406102923,0.1895911264046992
0.02730484832201891,30.0,70.0,4.999919419615975,0.2852405638793414,3.5003349388205303,4.7397781601174795,0.21113557406102923,0.1895911264046992
0.027334145197018912,30.0,70.0,4.999919419615975,0.28524056387932695,3.5003349388205303,4.7397781601174795,0.21113557406102923,0.1895911264046992
0.027363442072018913,30.0,70.0,4.999919419615975,0.285240563879341,3.5003349388205303,4.7397781601174795,0.21113557406102923,0.1895911264046992
0.027392738947018914,30.0,70.0,4.999919419615975,0.2852405638793272,3.5003349388205303,4.7397781601174795,0.21113557406102923,0.1895911264046992
0.027422035822018916,30.0,70.0,4.999919419615975,0.2852405638793407,3.5003349388205303,4.7397781601174795,0.21113557406102923,0.1895911264046992
0.027451332697018917,30.0,70.0,4.999919419615975,0.2852405638793275,3.5003349388205303,4.7397781601174795,0.21113557406102923,0.1895911264046992
0.027480629572018918,30.0,70.0,4.999919419615975,0.28524056387934044,3.5003349388205303,4.7397781601174795,0.21113557406102923,0.1895911264046992
0.02750992644701892,30.0,70.0,4.999919419615975,0.28524056387932784,3.5003349388205303,4.7397781601174795,0.21113557406102923,0.1895911264046992
0.02753922332201892,30.0,70.0,4.999919419615975,0.28524056387934016,3.5003349388205303,4.7397781601174795,0.21113557406102923,0.1895911264046992
0.02756852019701892,30.0,70.0,4.999919419615975,0.28524056387932806,3.5003349388205303,4.7397781601174795,0.21113557406102923,0.1895911264046992
0.027597817072018922,30.0,70.0,4.999919419615975,0.28524056387934,3.5003349388205303,4.7397781601174795,0.21113557406102923,0.1895911264046992
0.027627113947018923,30.0,70.0,4.999919419615975,0.2852405638793283,3.5003349388205303,4.7397781601174795,0.21113557406102923,0.1895911264046992
0.027656410822018924,30.0,70.0,4.999919419615975,0.28524056387933977,3.5003349388205303,4.7397781601174795,0.21113557406102923,0.1895911264046992
0.027685707697018926,30.0,70.0,4.999919419615975,0.28524056387932845,3.5003349388205303,4.7397781601174795,0.21113557406102923,0.1895911264046992
0.027715004572018927,30.0,70.0,4.999919419615975,0.2852405638793396,3.5003349388205303,4.7397781601174795,0.21113557406102923,0.1895911264046992
0.027744301447018928,30.0,70.0,4.999919419615975,0.28524056387932867,3.5003349388205303,4.7397781601174795,0.21113557406102923,0.1895911264046992
0.02777359832201893,30.0,70.0,4.999919419615975,0.2852405638793394,3.5003349388205303,4.7397781601174795,0.21113557406102923,0.1895911264046992
0.02780289519701893,30.0,70.0,4.999919419615975,0.28524056387932883,3.5003349388205303,4.7397781601174795,0.21113557406102923,0.1895911264046992
0.02783219207201893,30.0,70.0,4.999919419615975,0.2852405638793392,3.5003349388205303,4.7397781601174795,0.21113557406102923,0.1895911264046992
0.027861488947018932,30.0,70.0,4.999919419615975,0.28524056387932906,3.5003349388205303,4.7397781601174795,0.21113557406102923,0.1895911264046992
0.027890785822018933,30.0,70.0,4.999919419615975,0.285240563879339,3.5003349388205303,4.7397781601174795,0.21113557406102923,0.1895911264046992
0.027920082697018934,30.0,70.0,4.999919419615975,0.28524056387932917,3.5003349388205303,4.7397781601174795,0.21113557406102923,0.1895911264046992
0.027949379572018936,30.0,70.0,4.999919419615975,0.28524056387933877,3.5003349388205303,4.7397781601174795,0.21113557406102923,0.1895911264046992
0.027978676447018937,30.0,70.0,4.999919419615975,0.2852405638793294,3.5003349388205303,4.7397781601174795,0.21113557406102923,0.1895911264046992
0.028007973322018938,30.0,70.0,4.999919419615975,0.28524056387933855,3.5003349388205303,4.7397781601174795,0.21113557406102923,0.1895911264046992
0.02803727019701894,30.0,70.0,4.999919419615975,0.2852405638793296,3.5003349388205303,4.7397781601174795,0.21113557406102923,0.1895911264046992
0.02806656707201894,30.0,70.0,4.999919419615975,0.2852405638793383,3.5003349388205303,4.7397781601174795,0.21113557406102923,0.1895911264046992
0.02809586394701894,30.0,70.0,4.999919419615975,0.2852405638793299,3.5003349388205303,4.7397781601174795,0.21113557406102923,0.1895911264046992
0.028125160822018942,30.0,70.0,4.999919419615975,0.28524056387933816,3.5003349388205303,4.7397781601174795,0.21113557406102923,0.1895911264046992
0.028154457697018943,30.0,70.0,4.999919419615975,0.28524056387933006,3.5003349388205303,4.7397781601174795,0.21113557406102923,0.1895911264046992
0.028183754572018944,30.0,70.0,4.999919419615975,0.285240563879338,3.5003349388205303,4.7397781601174795,0.21113557406102923,0.1895911264046992
0.028213051447018946,30.0,70.0,4.999919419615975,0.2852405638793302,3.5003349388205303,4.7397781601174795,0.21113557406102923,0.1895911264046992
0.028242348322018947,30.0,70.0,4.999919419615975,0.2852405638793378,3.5003349388205303,4.7397781601174795,0.21113557406102923,0.1895911264046992
0.028271645197018948,30.0,70.0,4.999919419615975,0.28524056387933044,3.5003349388205303,4.7397781601174795,0.21113557406102923,0.1895911264046992
0.02830094207201895,30.0,70.0,4.999919419615975,0.2852405638793376,3.5003349388205303,4.7397781601174795,0.21113557406102923,0.1895911264046992
0.02833023894701895,30.0,70.0,4.999919419615975,0.2852405638793306,3.5003349388205303,4.7397781601174795,0.21113557406102923,0.1895911264046992
0.02835953582201895,30.0,70.0,4.999919419615975,0.2852405638793375,3.5003349388205303,4.7397781601174795,0.21113557406102923,0.1895911264046992
0.028388832697018952,30.0,70.0,4.999919419615975,0.28524056387933067,3.5003349388205303,4.7397781601174795,0.21113557406102923,0.1895911264046992
0.028418129572018953,30.0,70.0,4.999919419615975,0.2852405638793374,3.5003349388205303,4.7397781601174795,0.21113557406102923,0.1895911264046992
0.028447426447018954,30.0,70.0,4.999919419615975,0.28524056387933083,3.5003349388205303,4.7397781601174795,0.21113557406102923,0.1895911264046992
0.028476723322018956,30.0,70.0,4.999919419615975,0.2852405638793372,3.5003349388205303,4.7397781601174795,0.21113557406102923,0.1895911264046992
0.028506020197018957,30.0,70.0,4.999919419615975,0.285240563879331,3.5003349388205303,4.7397781601174795,0.21113557406102923,0.1895911264046992
0.028535317072018958,30.0,70.0,4.999919419615975,0.2852405638793371,3.5003349388205303,4.7397781601174795,0.21113557406102923,0.1895911264046992
0.02856461394701896,30.0,70.0,4.999919419615975,0.28524056387933105,3.5003349388205303,4.7397781601174795,0.21113557406102923,0.1895911264046992
0.02859391082201896,30.0,70.0,4.999919419615975,0.285240563879337,3.5003349388205303,4.7397781601174795,0.21113557406102923,0.1895911264046992
0.02862320769701896,30.0,70.0,4.999919419615975,0.2852405638793312,3.5003349388205303,4.7397781601174795,0.21113557406102923,0.1895911264046992
0.028652504572018962,30.0,70.0,4.999919419615975,0.2852405638793369,3.5003349388205303,4.7397781601174795,0.21113557406102923,0.1895911264046992
0.028681801447018963,30.0,70.0,4.999919419615975,0.2852405638793313,3.5003349388205303,4.7397781601174795,0.21113557406102923,0.1895911264046992
0.028711098322018964,30.0,70.0,4.999919419615975,0.2852405638793368,3.5003349388205303,4.7397781601174795,0.21113557406102923,0.1895911264046992
0.028740395197018966,30.0,70.0,4.999919419615975,0.28524056387933144,3.5003349388205303,4.7397781601174795,0.21113557406102923,0.1895911264046992
0.028769692072018967,30.0,70.0,4.999919419615975,0.2852405638793366,3.5003349388205303,4.7397781601174795,0.21113557406102923,0.1895911264046992
0.028798988947018968,30.0,70.0,4.999919419615975,0.28524056387933155,3.5003349388205303,4.7397781601174795,0.21113557406102923,0.1895911264046992
0.02882828582201897,30.0,70.0,4.999919419615975,0.28524056387933644,3.5003349388205303,4.7397781601174795,0.21113557406102923,0.1895911264046992
0.02885758269701897,30.0,70.0,4.999919419615975,0.28524056387933167,3.5003349388205303,4.7397781601174795,0.21113557406102923,0.1895911264046992
0.02888687957201897,30.0,70.0,4.999919419615975,0.28524056387933633,3.5003349388205303,4.7397781601174795,0.21113557406102923,0.1895911264046992
0.028916176447018972,30.0,70.0,4.999919419615975,0.2852405638793318,3.5003349388205303,4.7397781601174795,0.21113557406102923,0.1895911264046992
0.028945473322018973,30.0,70.0,4.999919419615975,0.2852405638793362,3.5003349388205303,4.7397781601174795,0.21113557406102923,0.1895911264046992
0.028974770197018974,30.0,70.0,4.999919419615975,0.28524056387933183,3.5003349388205303,4.7397781601174795,0.21113557406102923,0.1895911264046992
0.029004067072018976,30.0,70.0,4.999919419615975,0.2852405638793362,3.5003349388205303,4.7397781601174795,0.21113557406102923,0.1895911264046992
0.029033363947018977,30.0,70.0,4.999919419615975,0.28524056387933183,3.5003349388205303,4.7397781601174795,0.21113557406102923,0.1895911264046992
0.029062660822018978,30.0,70.0,4.999919419615975,0.2852405638793362,3.5003349388205303,4.7397781601174795,0.21113557406102923,0.1895911264046992
0.02909195769701898,30.0,70.0,4.999919419615975,0.28524056387933183,3.5003349388205303,4.7397781601174795,0.21113557406102923,0.1895911264046992
0.02912125457201898,30.0,70.0,4.999919419615975,0.2852405638793362,3.5003349388205303,4.7397781601174795,0.21113557406102923,0.1895911264046992
0.02915055144701898,30.0,70.0,4.999919419615975,0.28524056387933183,3.5003349388205303,4.7397781601174795,0.21113557406102923,0.1895911264046992
0.029179848322018982,30.0,70.0,4.999919419615975,0.2852405638793362,3.5003349388205303,4.7397781601174795,0.21113557406102923,0.1895911264046992
0.029209145197018983,30.0,70.0,4.999919419615975,0.28524056387933183,3.5003349388205303,4.7397781601174795,0.21113557406102923,0.1895911264046992
0.029238442072018984,30.0,70.0,4.999919419615975,0.2852405638793362,3.5003349388205303,4.7397781601174795,0.21113557406102923,0.1895911264046992
0.029267738947018986,30.0,70.0,4.999919419615975,0.28524056387933183,3.5003349388205303,4.7397781601174795,0.21113557406102923,0.1895911264046992
0.029297035822018987,30.0,70.0,4.999919419615975,0.2852405638793362,3.5003349388205303,4.7397781601174795,0.21113557406102923,0.1895911264046992
0.029326332697018988,30.0,70.0,4.999919419615975,0.28524056387933183,3.5003349388205303,4.7397781601174795,0.21113557406102923,0.1895911264046992
0.02935562957201899,30.0,70.0,4.999919419615975,0.2852405638793362,3.5003349388205303,4.7397781601174795,0.21113557406102923,0.1895911264046992
0.02938492644701899,30.0,70.0,4.999919419615975,0.28524056387933183,3.5003349388205303,4.7397781601174795,0.21113557406102923,0.1895911264046992
0.02941422332201899,30.0,70.0,4.999919419615975,0.2852405638793362,3.5003349388205303,4.7397781601174795,0.21113557406102923,0.1895911264046992
0.029443520197018992,30.0,70.0,4.999919419615975,0.28524056387933183,3.5003349388205303,4.7397781601174795,0.21113557406102923,0.1895911264046992
0.029472817072018993,30.0,70.0,4.999919419615975,0.2852405638793362,3.5003349388205303,4.7397781601174795,0.21113557406102923,0.1895911264046992
0.029502113947018994,30.0,70.0,4.999919419615975,0.28524056387933183,3.5003349388205303,4.7397781601174795,0.21113557406102923,0.1895911264046992
0.029531410822018996,30.0,70.0,4.999919419615975,0.2852405638793362,3.5003349388205303,4.7397781601174795,0.21113557406102923,0.1895911264046992
0.029560707697018997,30.0,70.0,4.999919419615975,0.28524056387933183,3.5003349388205303,4.7397781601174795,0.21113557406102923,0.1895911264046992
0.029590004572018998,30.0,70.0,4.999919419615975,0.2852405638793362,3.5003349388205303,4.7397781601174795,0.21113557406102923,0.1895911264046992
0.029619301447019,30.0,70.0,4.999919419615975,0.28524056387933183,3.5003349388205303,4.7397781601174795,0.21113557406102923,0.1895911264046992
0.029648598322019,30.0,70.0,4.999919419615975,0.2852405638793362,3.5003349388205303,4.7397781601174795,0.21113557406102923,0.1895911264046992
0.029677895197019,30.0,70.0,4.999919419615975,0.28524056387933183,3.5003349388205303,4.7397781601174795,0.21113557406102923,0.1895911264046992
0.029707192072019002,30.0,70.0,4.999919419615975,0.2852405638793362,3.5003349388205303,4.7397781601174795,0.21113557406102923,0.1895911264046992
0.029736488947019003,30.0,70.0,4.999919419615975,0.28524056387933183,3.5003349388205303,4.7397781601174795,0.21113557406102923,0.1895911264046992
0.029765785822019004,30.0,70.0,4.999919419615975,0.2852405638793362,3.5003349388205303,4.7397781601174795,0.21113557406102923,0.1895911264046992
0.029795082697019006,30.0,70.0,4.999919419615975,0.28524056387933183,3.5003349388205303,4.7397781601174795,0.21113557406102923,0.1895911264046992
0.029824379572019007,30.0,70.0,4.999919419615975,0.2852405638793362,3.5003349388205303,4.7397781601174795,0.21113557406102923,0.1895911264046992
0.029853676447019008,30.0,70.0,4.999919419615975,0.28524056387933183,3.5003349388205303,4.7397781601174795,0.21113557406102923,0.1895911264046992
0.02988297332201901,30.0,70.0,4.999919419615975,0.2852405638793362,3.5003349388205303,4.7397781601174795,0.21113557406102923,0.1895911264046992
0.02991227019701901,30.0,70.0,4.999919419615975,0.28524056387933183,3.5003349388205303,4.7397781601174795,0.21113557406102923,0.1895911264046992
0.02994156707201901,30.0,70.0,4.999919419615975,0.2852405638793362,3.5003349388205303,4.7397781601174795,0.21113557406102923,0.1895911264046992
0.029970863947019012,30.0,70.0,4.999919419615975,0.28524056387933183,3.5003349388205303,4.7397781601174795,0.21113557406102923,0.1895911264046992
0.03,30.0,70.0,4.999919419615974,0.2852405638793361,3.5003349388205294,4.739778160117478,0.21113557406102834,0.1895911264046991
