ISO-10303-21;
HEADER;
FILE_DESCRIPTION(('FreeCAD Model'),'2;1');
FILE_NAME('Open CASCADE Shape Model','2026-09-21T17:57:49',(''),(''),
  'Open CASCADE STEP processor 7.8','FreeCAD','Unknown');
FILE_SCHEMA(('AUTOMOTIVE_DESIGN { 1 0 10303 214 1 1 1 1 }'));
ENDSEC;
DATA;
#1 = APPLICATION_PROTOCOL_DEFINITION('international standard',
  'automotive_design',2000,#2);
#2 = APPLICATION_CONTEXT(
  'core data for automotive mechanical design processes');
#3 = SHAPE_DEFINITION_REPRESENTATION(#4,#10);
#4 = PRODUCT_DEFINITION_SHAPE('','',#5);
#5 = PRODUCT_DEFINITION('design','',#6,#9);
#6 = PRODUCT_DEFINITION_FORMATION('','',#7);
#7 = PRODUCT('Fan10','Fan10','',(#8));
#8 = PRODUCT_CONTEXT('',#2,'mechanical');
#9 = PRODUCT_DEFINITION_CONTEXT('part definition',#2,'design');
#10 = SHAPE_REPRESENTATION('',(#11,#15,#19),#23);
#11 = AXIS2_PLACEMENT_3D('',#12,#13,#14);
#12 = CARTESIAN_POINT('',(0.,0.,0.));
#13 = DIRECTION('',(0.,0.,1.));
#14 = DIRECTION('',(1.,0.,-0.));
#15 = AXIS2_PLACEMENT_3D('',#16,#17,#18);
#16 = CARTESIAN_POINT('',(0.,0.,0.));
#17 = DIRECTION('',(0.,0.,1.));
#18 = DIRECTION('',(1.,0.,0.));
#19 = AXIS2_PLACEMENT_3D('',#20,#21,#22);
#20 = CARTESIAN_POINT('',(0.,0.,0.));
#21 = DIRECTION('',(0.,0.,1.));
#22 = DIRECTION('',(1.,0.,0.));
#23 = ( GEOMETRIC_REPRESENTATION_CONTEXT(3) 
GLOBAL_UNCERTAINTY_ASSIGNED_CONTEXT((#27)) GLOBAL_UNIT_ASSIGNED_CONTEXT(
(#24,#25,#26)) REPRESENTATION_CONTEXT('Context #1',
  '3D Context with UNIT and UNCERTAINTY') );
#24 = ( LENGTH_UNIT() NAMED_UNIT(*) SI_UNIT(.MILLI.,.METRE.) );
#25 = ( NAMED_UNIT(*) PLANE_ANGLE_UNIT() SI_UNIT($,.RADIAN.) );
#26 = ( NAMED_UNIT(*) SI_UNIT($,.STERADIAN.) SOLID_ANGLE_UNIT() );
#27 = UNCERTAINTY_MEASURE_WITH_UNIT(LENGTH_MEASURE(5.E-07),#24,
  'distance_accuracy_value','confusion accuracy');
#28 = PRODUCT_RELATED_PRODUCT_CATEGORY('part',$,(#7));
#29 = SHAPE_DEFINITION_REPRESENTATION(#30,#36);
#30 = PRODUCT_DEFINITION_SHAPE('','',#31);
#31 = PRODUCT_DEFINITION('design','',#32,#35);
#32 = PRODUCT_DEFINITION_FORMATION('','',#33);
#33 = PRODUCT('Frame_10mm','Frame_10mm','',(#34));
#34 = PRODUCT_CONTEXT('',#2,'mechanical');
#35 = PRODUCT_DEFINITION_CONTEXT('part definition',#2,'design');
#36 = ADVANCED_BREP_SHAPE_REPRESENTATION('',(#11,#37),#2417);
#37 = MANIFOLD_SOLID_BREP('',#38);
#38 = CLOSED_SHELL('',(#39,#56,#80,#97,#121,#158,#378,#459,#508,#560,
    #577,#661,#710,#759,#776,#809,#835,#860,#886,#911,#937,#962,#980,
    #1009,#1038,#1067,#1149,#1210,#1258,#1276,#1308,#1332,#1356,#1387,
    #1412,#1436,#1467,#1498,#1516,#1554,#1585,#1622,#1754,#1783,#1812,
    #1841,#1874,#1900,#1952,#2005,#2031,#2056,#2080,#2098,#2116,#2145,
    #2167,#2205,#2236,#2258,#2274,#2302,#2314,#2333,#2345,#2357,#2373,
    #2389,#2405));
#39 = ADVANCED_FACE('',(#40),#51,.F.);
#40 = FACE_BOUND('',#41,.T.);
#41 = EDGE_LOOP('',(#42));
#42 = ORIENTED_EDGE('',*,*,#43,.F.);
#43 = EDGE_CURVE('',#44,#44,#46,.T.);
#44 = VERTEX_POINT('',#45);
#45 = CARTESIAN_POINT('',(-13.8,-8.2,16.));
#46 = CIRCLE('',#47,0.5);
#47 = AXIS2_PLACEMENT_3D('',#48,#49,#50);
#48 = CARTESIAN_POINT('',(-13.8,-7.7,16.));
#49 = DIRECTION('',(0.,0.,-1.));
#50 = DIRECTION('',(0.,-1.,0.));
#51 = PLANE('',#52);
#52 = AXIS2_PLACEMENT_3D('',#53,#54,#55);
#53 = CARTESIAN_POINT('',(-13.8,-7.7,16.));
#54 = DIRECTION('',(0.,0.,-1.));
#55 = DIRECTION('',(-1.,0.,0.));
#56 = ADVANCED_FACE('',(#57),#75,.T.);
#57 = FACE_BOUND('',#58,.T.);
#58 = EDGE_LOOP('',(#59,#60,#67,#74));
#59 = ORIENTED_EDGE('',*,*,#43,.T.);
#60 = ORIENTED_EDGE('',*,*,#61,.T.);
#61 = EDGE_CURVE('',#44,#62,#64,.T.);
#62 = VERTEX_POINT('',#63);
#63 = CARTESIAN_POINT('',(-13.8,-8.2,2.));
#64 = B_SPLINE_CURVE_WITH_KNOTS('',1,(#65,#66),.UNSPECIFIED.,.F.,.F.,(2,
    2),(-2.,12.),.PIECEWISE_BEZIER_KNOTS.);
#65 = CARTESIAN_POINT('',(-13.8,-8.2,16.));
#66 = CARTESIAN_POINT('',(-13.8,-8.2,2.));
#67 = ORIENTED_EDGE('',*,*,#68,.F.);
#68 = EDGE_CURVE('',#62,#62,#69,.T.);
#69 = CIRCLE('',#70,0.5);
#70 = AXIS2_PLACEMENT_3D('',#71,#72,#73);
#71 = CARTESIAN_POINT('',(-13.8,-7.7,2.));
#72 = DIRECTION('',(0.,0.,-1.));
#73 = DIRECTION('',(0.,-1.,0.));
#74 = ORIENTED_EDGE('',*,*,#61,.F.);
#75 = CYLINDRICAL_SURFACE('',#76,0.5);
#76 = AXIS2_PLACEMENT_3D('',#77,#78,#79);
#77 = CARTESIAN_POINT('',(-13.8,-7.7,14.));
#78 = DIRECTION('',(0.,0.,-1.));
#79 = DIRECTION('',(-1.,0.,0.));
#80 = ADVANCED_FACE('',(#81),#92,.F.);
#81 = FACE_BOUND('',#82,.T.);
#82 = EDGE_LOOP('',(#83));
#83 = ORIENTED_EDGE('',*,*,#84,.F.);
#84 = EDGE_CURVE('',#85,#85,#87,.T.);
#85 = VERTEX_POINT('',#86);
#86 = CARTESIAN_POINT('',(-13.8,-9.3,16.));
#87 = CIRCLE('',#88,0.5);
#88 = AXIS2_PLACEMENT_3D('',#89,#90,#91);
#89 = CARTESIAN_POINT('',(-13.8,-8.8,16.));
#90 = DIRECTION('',(0.,0.,-1.));
#91 = DIRECTION('',(0.,-1.,0.));
#92 = PLANE('',#93);
#93 = AXIS2_PLACEMENT_3D('',#94,#95,#96);
#94 = CARTESIAN_POINT('',(-13.8,-8.8,16.));
#95 = DIRECTION('',(0.,0.,-1.));
#96 = DIRECTION('',(-1.,0.,0.));
#97 = ADVANCED_FACE('',(#98),#116,.T.);
#98 = FACE_BOUND('',#99,.T.);
#99 = EDGE_LOOP('',(#100,#101,#108,#115));
#100 = ORIENTED_EDGE('',*,*,#84,.T.);
#101 = ORIENTED_EDGE('',*,*,#102,.T.);
#102 = EDGE_CURVE('',#85,#103,#105,.T.);
#103 = VERTEX_POINT('',#104);
#104 = CARTESIAN_POINT('',(-13.8,-9.3,2.));
#105 = B_SPLINE_CURVE_WITH_KNOTS('',1,(#106,#107),.UNSPECIFIED.,.F.,.F.,
  (2,2),(-2.,12.),.PIECEWISE_BEZIER_KNOTS.);
#106 = CARTESIAN_POINT('',(-13.8,-9.3,16.));
#107 = CARTESIAN_POINT('',(-13.8,-9.3,2.));
#108 = ORIENTED_EDGE('',*,*,#109,.F.);
#109 = EDGE_CURVE('',#103,#103,#110,.T.);
#110 = CIRCLE('',#111,0.5);
#111 = AXIS2_PLACEMENT_3D('',#112,#113,#114);
#112 = CARTESIAN_POINT('',(-13.8,-8.8,2.));
#113 = DIRECTION('',(0.,0.,-1.));
#114 = DIRECTION('',(0.,-1.,0.));
#115 = ORIENTED_EDGE('',*,*,#102,.F.);
#116 = CYLINDRICAL_SURFACE('',#117,0.5);
#117 = AXIS2_PLACEMENT_3D('',#118,#119,#120);
#118 = CARTESIAN_POINT('',(-13.8,-8.8,14.));
#119 = DIRECTION('',(0.,0.,-1.));
#120 = DIRECTION('',(-1.,0.,0.));
#121 = ADVANCED_FACE('',(#122),#153,.T.);
#122 = FACE_BOUND('',#123,.T.);
#123 = EDGE_LOOP('',(#124,#133,#145,#152));
#124 = ORIENTED_EDGE('',*,*,#125,.T.);
#125 = EDGE_CURVE('',#126,#126,#128,.T.);
#126 = VERTEX_POINT('',#127);
#127 = CARTESIAN_POINT('',(-10.35,12.,0.1));
#128 = CIRCLE('',#129,1.65);
#129 = AXIS2_PLACEMENT_3D('',#130,#131,#132);
#130 = CARTESIAN_POINT('',(-12.,12.,0.1));
#131 = DIRECTION('',(0.,0.,1.));
#132 = DIRECTION('',(1.,0.,-0.));
#133 = ORIENTED_EDGE('',*,*,#134,.T.);
#134 = EDGE_CURVE('',#126,#135,#137,.T.);
#135 = VERTEX_POINT('',#136);
#136 = CARTESIAN_POINT('',(-10.25,12.,0.));
#137 = ( BOUNDED_CURVE() B_SPLINE_CURVE(6,(#138,#139,#140,#141,#142,#143
,#144),.UNSPECIFIED.,.F.,.F.) B_SPLINE_CURVE_WITH_KNOTS((7,7),(
3.14159265359,4.712388980385),.PIECEWISE_BEZIER_KNOTS.) CURVE() 
GEOMETRIC_REPRESENTATION_ITEM() RATIONAL_B_SPLINE_CURVE((1.031393471788,
    1.010025407661,0.997924642725,0.993958444137,0.997924642725,
1.010025407661,1.031393471788)) REPRESENTATION_ITEM('') );
#138 = CARTESIAN_POINT('',(-10.35,12.,0.1));
#139 = CARTESIAN_POINT('',(-10.35,12.,7.326632168471E-02));
#140 = CARTESIAN_POINT('',(-10.34149956493,12.,4.722914274178E-02));
#141 = CARTESIAN_POINT('',(-10.32519195132,12.,2.480804867977E-02));
#142 = CARTESIAN_POINT('',(-10.30277085725,12.,8.500435063372E-03));
#143 = CARTESIAN_POINT('',(-10.27673367831,12.,3.01E-15));
#144 = CARTESIAN_POINT('',(-10.25,12.,3.E-15));
#145 = ORIENTED_EDGE('',*,*,#146,.F.);
#146 = EDGE_CURVE('',#135,#135,#147,.T.);
#147 = CIRCLE('',#148,1.75);
#148 = AXIS2_PLACEMENT_3D('',#149,#150,#151);
#149 = CARTESIAN_POINT('',(-12.,12.,0.));
#150 = DIRECTION('',(0.,0.,1.));
#151 = DIRECTION('',(1.,0.,-0.));
#152 = ORIENTED_EDGE('',*,*,#134,.F.);
#153 = TOROIDAL_SURFACE('',#154,1.75,0.1);
#154 = AXIS2_PLACEMENT_3D('',#155,#156,#157);
#155 = CARTESIAN_POINT('',(-12.,12.,0.1));
#156 = DIRECTION('',(0.,0.,1.));
#157 = DIRECTION('',(1.,0.,-0.));
#158 = ADVANCED_FACE('',(#159,#195,#231,#301,#304,#315,#326,#337),#373,
  .F.);
#159 = FACE_BOUND('',#160,.T.);
#160 = EDGE_LOOP('',(#161,#172,#180,#189));
#161 = ORIENTED_EDGE('',*,*,#162,.F.);
#162 = EDGE_CURVE('',#163,#165,#167,.T.);
#163 = VERTEX_POINT('',#164);
#164 = CARTESIAN_POINT('',(-6.483328799418,-6.45669789278,0.));
#165 = VERTEX_POINT('',#166);
#166 = CARTESIAN_POINT('',(7.346785058041,-5.454103896237,0.));
#167 = CIRCLE('',#168,9.15);
#168 = AXIS2_PLACEMENT_3D('',#169,#170,#171);
#169 = CARTESIAN_POINT('',(3.31E-15,0.,0.));
#170 = DIRECTION('',(0.,0.,1.));
#171 = DIRECTION('',(1.,0.,-0.));
#172 = ORIENTED_EDGE('',*,*,#173,.F.);
#173 = EDGE_CURVE('',#174,#163,#176,.T.);
#174 = VERTEX_POINT('',#175);
#175 = CARTESIAN_POINT('',(-11.08469004502,-9.113295046568,0.));
#176 = LINE('',#177,#178);
#177 = CARTESIAN_POINT('',(1.175,-2.035159698893,0.));
#178 = VECTOR('',#179,1.);
#179 = DIRECTION('',(0.866025403784,0.5,0.));
#180 = ORIENTED_EDGE('',*,*,#181,.T.);
#181 = EDGE_CURVE('',#174,#182,#184,.T.);
#182 = VERTEX_POINT('',#183);
#183 = CARTESIAN_POINT('',(11.869151846738,-8.065093579065,0.));
#184 = CIRCLE('',#185,14.35);
#185 = AXIS2_PLACEMENT_3D('',#186,#187,#188);
#186 = CARTESIAN_POINT('',(3.31E-15,3.04E-15,0.));
#187 = DIRECTION('',(0.,0.,1.));
#188 = DIRECTION('',(1.,0.,-0.));
#189 = ORIENTED_EDGE('',*,*,#190,.T.);
#190 = EDGE_CURVE('',#182,#165,#191,.T.);
#191 = LINE('',#192,#193);
#192 = CARTESIAN_POINT('',(7.423584779695,-5.498444236207,0.));
#193 = VECTOR('',#194,1.);
#194 = DIRECTION('',(-0.866025403784,0.5,0.));
#195 = FACE_BOUND('',#196,.T.);
#196 = EDGE_LOOP('',(#197,#208,#216,#225));
#197 = ORIENTED_EDGE('',*,*,#198,.T.);
#198 = EDGE_CURVE('',#199,#201,#203,.T.);
#199 = VERTEX_POINT('',#200);
#200 = CARTESIAN_POINT('',(-1.05,14.311533810183,-0.));
#201 = VERTEX_POINT('',#202);
#202 = CARTESIAN_POINT('',(-13.43469004502,-5.042975648781,0.));
#203 = CIRCLE('',#204,14.35);
#204 = AXIS2_PLACEMENT_3D('',#205,#206,#207);
#205 = CARTESIAN_POINT('',(3.31E-15,3.04E-15,0.));
#206 = DIRECTION('',(0.,0.,1.));
#207 = DIRECTION('',(1.,0.,-0.));
#208 = ORIENTED_EDGE('',*,*,#209,.F.);
#209 = EDGE_CURVE('',#210,#201,#212,.T.);
#210 = VERTEX_POINT('',#211);
#211 = CARTESIAN_POINT('',(-8.833328799418,-2.386378494993,0.));
#212 = LINE('',#213,#214);
#213 = CARTESIAN_POINT('',(-1.175,2.035159698893,0.));
#214 = VECTOR('',#215,1.);
#215 = DIRECTION('',(-0.866025403784,-0.5,0.));
#216 = ORIENTED_EDGE('',*,*,#217,.F.);
#217 = EDGE_CURVE('',#218,#210,#220,.T.);
#218 = VERTEX_POINT('',#219);
#219 = CARTESIAN_POINT('',(-1.05,9.089554444526,-0.));
#220 = CIRCLE('',#221,9.15);
#221 = AXIS2_PLACEMENT_3D('',#222,#223,#224);
#222 = CARTESIAN_POINT('',(3.31E-15,0.,0.));
#223 = DIRECTION('',(0.,0.,1.));
#224 = DIRECTION('',(1.,0.,-0.));
#225 = ORIENTED_EDGE('',*,*,#226,.T.);
#226 = EDGE_CURVE('',#218,#199,#227,.T.);
#227 = LINE('',#228,#229);
#228 = CARTESIAN_POINT('',(-1.05,14.203520690308,0.));
#229 = VECTOR('',#230,1.);
#230 = DIRECTION('',(-3.4E-16,1.,0.));
#231 = FACE_BOUND('',#232,.T.);
#232 = EDGE_LOOP('',(#233,#243,#252,#260,#269,#277,#286,#294));
#233 = ORIENTED_EDGE('',*,*,#234,.F.);
#234 = EDGE_CURVE('',#235,#237,#239,.T.);
#235 = VERTEX_POINT('',#236);
#236 = CARTESIAN_POINT('',(14.9,-12.,0.));
#237 = VERTEX_POINT('',#238);
#238 = CARTESIAN_POINT('',(14.9,12.,0.));
#239 = LINE('',#240,#241);
#240 = CARTESIAN_POINT('',(14.9,0.,0.));
#241 = VECTOR('',#242,1.);
#242 = DIRECTION('',(0.,1.,0.));
#243 = ORIENTED_EDGE('',*,*,#244,.F.);
#244 = EDGE_CURVE('',#245,#235,#247,.T.);
#245 = VERTEX_POINT('',#246);
#246 = CARTESIAN_POINT('',(12.,-14.9,0.));
#247 = CIRCLE('',#248,2.9);
#248 = AXIS2_PLACEMENT_3D('',#249,#250,#251);
#249 = CARTESIAN_POINT('',(12.,-12.,0.));
#250 = DIRECTION('',(0.,0.,1.));
#251 = DIRECTION('',(1.,0.,-0.));
#252 = ORIENTED_EDGE('',*,*,#253,.F.);
#253 = EDGE_CURVE('',#254,#245,#256,.T.);
#254 = VERTEX_POINT('',#255);
#255 = CARTESIAN_POINT('',(-12.,-14.9,0.));
#256 = LINE('',#257,#258);
#257 = CARTESIAN_POINT('',(1.72E-15,-14.9,0.));
#258 = VECTOR('',#259,1.);
#259 = DIRECTION('',(1.,1.2E-16,0.));
#260 = ORIENTED_EDGE('',*,*,#261,.F.);
#261 = EDGE_CURVE('',#262,#254,#264,.T.);
#262 = VERTEX_POINT('',#263);
#263 = CARTESIAN_POINT('',(-14.9,-12.,0.));
#264 = CIRCLE('',#265,2.9);
#265 = AXIS2_PLACEMENT_3D('',#266,#267,#268);
#266 = CARTESIAN_POINT('',(-12.,-12.,0.));
#267 = DIRECTION('',(0.,0.,1.));
#268 = DIRECTION('',(1.,0.,-0.));
#269 = ORIENTED_EDGE('',*,*,#270,.F.);
#270 = EDGE_CURVE('',#271,#262,#273,.T.);
#271 = VERTEX_POINT('',#272);
#272 = CARTESIAN_POINT('',(-14.9,12.,0.));
#273 = LINE('',#274,#275);
#274 = CARTESIAN_POINT('',(-14.9,0.,0.));
#275 = VECTOR('',#276,1.);
#276 = DIRECTION('',(0.,-1.,0.));
#277 = ORIENTED_EDGE('',*,*,#278,.F.);
#278 = EDGE_CURVE('',#279,#271,#281,.T.);
#279 = VERTEX_POINT('',#280);
#280 = CARTESIAN_POINT('',(-12.,14.9,0.));
#281 = CIRCLE('',#282,2.9);
#282 = AXIS2_PLACEMENT_3D('',#283,#284,#285);
#283 = CARTESIAN_POINT('',(-12.,12.,0.));
#284 = DIRECTION('',(0.,0.,1.));
#285 = DIRECTION('',(1.,0.,-0.));
#286 = ORIENTED_EDGE('',*,*,#287,.F.);
#287 = EDGE_CURVE('',#288,#279,#290,.T.);
#288 = VERTEX_POINT('',#289);
#289 = CARTESIAN_POINT('',(12.,14.9,0.));
#290 = LINE('',#291,#292);
#291 = CARTESIAN_POINT('',(1.72E-15,14.9,0.));
#292 = VECTOR('',#293,1.);
#293 = DIRECTION('',(-1.,1.2E-16,0.));
#294 = ORIENTED_EDGE('',*,*,#295,.F.);
#295 = EDGE_CURVE('',#237,#288,#296,.T.);
#296 = CIRCLE('',#297,2.9);
#297 = AXIS2_PLACEMENT_3D('',#298,#299,#300);
#298 = CARTESIAN_POINT('',(12.,12.,0.));
#299 = DIRECTION('',(0.,0.,1.));
#300 = DIRECTION('',(1.,0.,-0.));
#301 = FACE_BOUND('',#302,.T.);
#302 = EDGE_LOOP('',(#303));
#303 = ORIENTED_EDGE('',*,*,#146,.T.);
#304 = FACE_BOUND('',#305,.T.);
#305 = EDGE_LOOP('',(#306));
#306 = ORIENTED_EDGE('',*,*,#307,.T.);
#307 = EDGE_CURVE('',#308,#308,#310,.T.);
#308 = VERTEX_POINT('',#309);
#309 = CARTESIAN_POINT('',(13.75,12.,0.));
#310 = CIRCLE('',#311,1.75);
#311 = AXIS2_PLACEMENT_3D('',#312,#313,#314);
#312 = CARTESIAN_POINT('',(12.,12.,0.));
#313 = DIRECTION('',(0.,0.,1.));
#314 = DIRECTION('',(1.,0.,-0.));
#315 = FACE_BOUND('',#316,.T.);
#316 = EDGE_LOOP('',(#317));
#317 = ORIENTED_EDGE('',*,*,#318,.T.);
#318 = EDGE_CURVE('',#319,#319,#321,.T.);
#319 = VERTEX_POINT('',#320);
#320 = CARTESIAN_POINT('',(13.75,-12.,0.));
#321 = CIRCLE('',#322,1.75);
#322 = AXIS2_PLACEMENT_3D('',#323,#324,#325);
#323 = CARTESIAN_POINT('',(12.,-12.,0.));
#324 = DIRECTION('',(0.,0.,1.));
#325 = DIRECTION('',(1.,0.,-0.));
#326 = FACE_BOUND('',#327,.T.);
#327 = EDGE_LOOP('',(#328));
#328 = ORIENTED_EDGE('',*,*,#329,.T.);
#329 = EDGE_CURVE('',#330,#330,#332,.T.);
#330 = VERTEX_POINT('',#331);
#331 = CARTESIAN_POINT('',(-10.25,-12.,0.));
#332 = CIRCLE('',#333,1.75);
#333 = AXIS2_PLACEMENT_3D('',#334,#335,#336);
#334 = CARTESIAN_POINT('',(-12.,-12.,0.));
#335 = DIRECTION('',(0.,0.,1.));
#336 = DIRECTION('',(1.,0.,-0.));
#337 = FACE_BOUND('',#338,.T.);
#338 = EDGE_LOOP('',(#339,#349,#358,#366));
#339 = ORIENTED_EDGE('',*,*,#340,.T.);
#340 = EDGE_CURVE('',#341,#343,#345,.T.);
#341 = VERTEX_POINT('',#342);
#342 = CARTESIAN_POINT('',(8.396785058041,-3.635450548289,0.));
#343 = VERTEX_POINT('',#344);
#344 = CARTESIAN_POINT('',(12.919151846738,-6.246440231118,-0.));
#345 = LINE('',#346,#347);
#346 = CARTESIAN_POINT('',(12.825609740984,-6.19243367118,0.));
#347 = VECTOR('',#348,1.);
#348 = DIRECTION('',(0.866025403784,-0.5,0.));
#349 = ORIENTED_EDGE('',*,*,#350,.T.);
#350 = EDGE_CURVE('',#343,#351,#353,.T.);
#351 = VERTEX_POINT('',#352);
#352 = CARTESIAN_POINT('',(1.05,14.311533810183,-0.));
#353 = CIRCLE('',#354,14.35);
#354 = AXIS2_PLACEMENT_3D('',#355,#356,#357);
#355 = CARTESIAN_POINT('',(3.31E-15,3.04E-15,0.));
#356 = DIRECTION('',(0.,0.,1.));
#357 = DIRECTION('',(1.,0.,-0.));
#358 = ORIENTED_EDGE('',*,*,#359,.T.);
#359 = EDGE_CURVE('',#351,#360,#362,.T.);
#360 = VERTEX_POINT('',#361);
#361 = CARTESIAN_POINT('',(1.05,9.089554444526,-0.));
#362 = LINE('',#363,#364);
#363 = CARTESIAN_POINT('',(1.05,9.178235124467,0.));
#364 = VECTOR('',#365,1.);
#365 = DIRECTION('',(-4.6E-16,-1.,0.));
#366 = ORIENTED_EDGE('',*,*,#367,.F.);
#367 = EDGE_CURVE('',#341,#360,#368,.T.);
#368 = CIRCLE('',#369,9.15);
#369 = AXIS2_PLACEMENT_3D('',#370,#371,#372);
#370 = CARTESIAN_POINT('',(3.31E-15,0.,0.));
#371 = DIRECTION('',(0.,0.,1.));
#372 = DIRECTION('',(1.,0.,-0.));
#373 = PLANE('',#374);
#374 = AXIS2_PLACEMENT_3D('',#375,#376,#377);
#375 = CARTESIAN_POINT('',(0.,0.,0.));
#376 = DIRECTION('',(0.,0.,1.));
#377 = DIRECTION('',(1.,0.,-0.));
#378 = ADVANCED_FACE('',(#379),#454,.T.);
#379 = FACE_BOUND('',#380,.T.);
#380 = EDGE_LOOP('',(#381,#413,#422,#453));
#381 = ORIENTED_EDGE('',*,*,#382,.T.);
#382 = EDGE_CURVE('',#165,#383,#385,.T.);
#383 = VERTEX_POINT('',#384);
#384 = CARTESIAN_POINT('',(7.373584779695,-5.585046776586,0.1));
#385 = B_SPLINE_CURVE_WITH_KNOTS('',3,(#386,#387,#388,#389,#390,#391,
    #392,#393,#394,#395,#396,#397,#398,#399,#400,#401,#402,#403,#404,
    #405,#406,#407,#408,#409,#410,#411,#412),.UNSPECIFIED.,.F.,.F.,(4,1,
    1,1,2,2,2,2,2,2,2,1,1,2,2,4),(0.,3.125E-02,6.25E-02,0.125,0.1875,
    0.25,0.375,0.5,0.625,0.6875,0.71875,0.75,0.8125,0.84375,0.875,1.),
  .UNSPECIFIED.);
#386 = CARTESIAN_POINT('',(7.346785058041,-5.454103896237,0.));
#387 = CARTESIAN_POINT('',(7.347173313247,-5.455978184318,-7.E-17));
#388 = CARTESIAN_POINT('',(7.347956417781,-5.459759195036,
    6.167968801093E-05));
#389 = CARTESIAN_POINT('',(7.349513875334,-5.467288671643,
    4.340582497467E-04));
#390 = CARTESIAN_POINT('',(7.351446030785,-5.476643985866,
    1.361948497705E-03));
#391 = CARTESIAN_POINT('',(7.352975860558,-5.484066785036,
    2.602650439489E-03));
#392 = CARTESIAN_POINT('',(7.354497571465,-5.491457818283,
    4.100825673421E-03));
#393 = CARTESIAN_POINT('',(7.355256738102,-5.495148996146,
    4.982033093813E-03));
#394 = CARTESIAN_POINT('',(7.357501892694,-5.506076370298,
    8.006639007508E-03));
#395 = CARTESIAN_POINT('',(7.358953188031,-5.51315486841,
    1.0519843865E-02));
#396 = CARTESIAN_POINT('',(7.361759554373,-5.526868106449,
    1.661355356097E-02));
#397 = CARTESIAN_POINT('',(7.363115604668,-5.53350767792,
    2.019396469593E-02));
#398 = CARTESIAN_POINT('',(7.365711774212,-5.546241117611,
    2.86198138672E-02));
#399 = CARTESIAN_POINT('',(7.366915637511,-5.55215711808,
    3.334729429278E-02));
#400 = CARTESIAN_POINT('',(7.368561800297,-5.560257885265,
    4.132081573867E-02));
#401 = CARTESIAN_POINT('',(7.369083722749,-5.562828320913,
    4.412678730538E-02));
#402 = CARTESIAN_POINT('',(7.369821524957,-5.56646429306,
    4.858635240151E-02));
#403 = CARTESIAN_POINT('',(7.370060239363,-5.567641121624,
    5.011755986465E-02));
#404 = CARTESIAN_POINT('',(7.370515838325,-5.569887845409,
    5.322972531818E-02));
#405 = CARTESIAN_POINT('',(7.371168654886,-5.573108187663,
    5.798531730574E-02));
#406 = CARTESIAN_POINT('',(7.371914132281,-5.576788972438,
    6.468363791978E-02));
#407 = CARTESIAN_POINT('',(7.3723715457,-5.579048890728,
    6.999935108376E-02));
#408 = CARTESIAN_POINT('',(7.37265245588,-5.580437019679,
    7.361225113516E-02));
#409 = CARTESIAN_POINT('',(7.372780260178,-5.58106870524,
    7.544630531959E-02));
#410 = CARTESIAN_POINT('',(7.3733479748,-5.583875084462,
    8.465003150732E-02));
#411 = CARTESIAN_POINT('',(7.373584779695,-5.585046776586,
    9.221485996035E-02));
#412 = CARTESIAN_POINT('',(7.373584779695,-5.585046776586,0.1));
#413 = ORIENTED_EDGE('',*,*,#414,.F.);
#414 = EDGE_CURVE('',#415,#383,#417,.T.);
#415 = VERTEX_POINT('',#416);
#416 = CARTESIAN_POINT('',(-6.49963591375,-6.581582863467,0.1));
#417 = CIRCLE('',#418,9.25);
#418 = AXIS2_PLACEMENT_3D('',#419,#420,#421);
#419 = CARTESIAN_POINT('',(3.31E-15,0.,0.1));
#420 = DIRECTION('',(0.,0.,1.));
#421 = DIRECTION('',(1.,0.,-0.));
#422 = ORIENTED_EDGE('',*,*,#423,.F.);
#423 = EDGE_CURVE('',#163,#415,#424,.T.);
#424 = B_SPLINE_CURVE_WITH_KNOTS('',3,(#425,#426,#427,#428,#429,#430,
    #431,#432,#433,#434,#435,#436,#437,#438,#439,#440,#441,#442,#443,
    #444,#445,#446,#447,#448,#449,#450,#451,#452),.UNSPECIFIED.,.F.,.F.,
  (4,2,2,2,2,2,2,2,1,2,2,1,2,2,4),(0.,6.25E-02,0.125,0.25,0.3125,0.375,
    0.5,0.5625,0.625,0.65625,0.6875,0.75,0.8125,0.875,1.),
  .UNSPECIFIED.);
#425 = CARTESIAN_POINT('',(-6.483328799418,-6.45669789278,4.E-17));
#426 = CARTESIAN_POINT('',(-6.483813901101,-6.460354483798,8.E-17));
#427 = CARTESIAN_POINT('',(-6.484306811293,-6.464073281657,
    1.303636521232E-04));
#428 = CARTESIAN_POINT('',(-6.485280775199,-6.471433854661,
    6.529798468303E-04));
#429 = CARTESIAN_POINT('',(-6.48576366034,-6.475088421504,
    1.04375756919E-03));
#430 = CARTESIAN_POINT('',(-6.487200173788,-6.485975408803,
    2.602205468278E-03));
#431 = CARTESIAN_POINT('',(-6.488141746325,-6.493131777685,
    4.152672149722E-03));
#432 = CARTESIAN_POINT('',(-6.489529064766,-6.503704456479,
    7.29274565889E-03));
#433 = CARTESIAN_POINT('',(-6.489988778383,-6.50721277028,
    8.480402264034E-03));
#434 = CARTESIAN_POINT('',(-6.490892089255,-6.514115580174,
    1.112606128242E-02));
#435 = CARTESIAN_POINT('',(-6.491334337598,-6.517499731728,
    1.257898747013E-02));
#436 = CARTESIAN_POINT('',(-6.492632316782,-6.527444623036,
    1.73392157047E-02));
#437 = CARTESIAN_POINT('',(-6.49345962067,-6.533800430955,
    2.104288417437E-02));
#438 = CARTESIAN_POINT('',(-6.494636315313,-6.542860746794,
    2.751365190677E-02));
#439 = CARTESIAN_POINT('',(-6.495014227581,-6.545774167938,
    2.980600731174E-02));
#440 = CARTESIAN_POINT('',(-6.49573563971,-6.551341516447,
    3.464560060873E-02));
#441 = CARTESIAN_POINT('',(-6.496252039445,-6.555331264397,
    3.847253334229E-02));
#442 = CARTESIAN_POINT('',(-6.496729056921,-6.559022072976,
    4.261682983357E-02));
#443 = CARTESIAN_POINT('',(-6.497037889669,-6.561412678417,
    4.545393334297E-02));
#444 = CARTESIAN_POINT('',(-6.497188121981,-6.562576155879,
    4.691380378527E-02));
#445 = CARTESIAN_POINT('',(-6.497620811618,-6.565928548159,
    5.137430161461E-02));
#446 = CARTESIAN_POINT('',(-6.498149748994,-6.570030538465,
    5.753117991903E-02));
#447 = CARTESIAN_POINT('',(-6.498579301266,-6.573366654494,
    6.412428697509E-02));
#448 = CARTESIAN_POINT('',(-6.498955501716,-6.576289864677,
    7.095256148343E-02));
#449 = CARTESIAN_POINT('',(-6.49911691211,-6.577544913629,
    7.449761087366E-02));
#450 = CARTESIAN_POINT('',(-6.499502646212,-6.580545115807,
    8.519583995673E-02));
#451 = CARTESIAN_POINT('',(-6.49963591375,-6.581582863467,
    9.250336902265E-02));
#452 = CARTESIAN_POINT('',(-6.49963591375,-6.581582863467,0.1));
#453 = ORIENTED_EDGE('',*,*,#162,.T.);
#454 = TOROIDAL_SURFACE('',#455,9.15,0.1);
#455 = AXIS2_PLACEMENT_3D('',#456,#457,#458);
#456 = CARTESIAN_POINT('',(3.31E-15,0.,0.1));
#457 = DIRECTION('',(0.,0.,1.));
#458 = DIRECTION('',(1.,0.,-0.));
#459 = ADVANCED_FACE('',(#460),#503,.T.);
#460 = FACE_BOUND('',#461,.T.);
#461 = EDGE_LOOP('',(#462,#495,#496,#497));
#462 = ORIENTED_EDGE('',*,*,#463,.T.);
#463 = EDGE_CURVE('',#464,#174,#466,.T.);
#464 = VERTEX_POINT('',#465);
#465 = CARTESIAN_POINT('',(-10.93209669287,-9.14066528747,0.1));
#466 = B_SPLINE_CURVE_WITH_KNOTS('',3,(#467,#468,#469,#470,#471,#472,
    #473,#474,#475,#476,#477,#478,#479,#480,#481,#482,#483,#484,#485,
    #486,#487,#488,#489,#490,#491,#492,#493,#494),.UNSPECIFIED.,.F.,.F.,
  (4,1,2,2,2,2,2,2,2,2,2,2,1,2,4),(0.,6.249999999999E-02,0.125,0.1875,
    0.25,0.375,0.4375,0.5,0.625,0.6875,0.75,0.875,0.9375,0.96875,1.),
  .UNSPECIFIED.);
#467 = CARTESIAN_POINT('',(-10.93209669287,-9.14066528747,0.1));
#468 = CARTESIAN_POINT('',(-10.93209669287,-9.14066528747,
    9.571556456218E-02));
#469 = CARTESIAN_POINT('',(-10.93293471321,-9.140516781847,
    8.731323112831E-02));
#470 = CARTESIAN_POINT('',(-10.93530664843,-9.140096287207,
    7.92157339163E-02));
#471 = CARTESIAN_POINT('',(-10.93841548293,-9.139544902571,
    7.126468902756E-02));
#472 = CARTESIAN_POINT('',(-10.94029053812,-9.139212241041,
    6.748166826295E-02));
#473 = CARTESIAN_POINT('',(-10.94458111427,-9.138450589372,
    6.024434787449E-02));
#474 = CARTESIAN_POINT('',(-10.94699937627,-9.138021112349,
    5.678765627916E-02));
#475 = CARTESIAN_POINT('',(-10.95496921888,-9.136604709354,
    4.687032606998E-02));
#476 = CARTESIAN_POINT('',(-10.96101006349,-9.135529922483,
    4.11064813502E-02));
#477 = CARTESIAN_POINT('',(-10.9708588518,-9.133774634367,
    3.337858630701E-02));
#478 = CARTESIAN_POINT('',(-10.97427974236,-9.133164494882,
    3.095692679059E-02));
#479 = CARTESIAN_POINT('',(-10.98135067303,-9.131902254523,
    2.640747596669E-02));
#480 = CARTESIAN_POINT('',(-10.98495795145,-9.131257787934,
    2.430647740659E-02));
#481 = CARTESIAN_POINT('',(-10.99596649085,-9.12928930081,
    1.845531067341E-02));
#482 = CARTESIAN_POINT('',(-11.00355263318,-9.127930515448,
    1.515256863726E-02));
#483 = CARTESIAN_POINT('',(-11.01524041498,-9.125833127331,
    1.094571124581E-02));
#484 = CARTESIAN_POINT('',(-11.01918832806,-9.125124031056,
    9.669315222528E-03));
#485 = CARTESIAN_POINT('',(-11.02718299657,-9.123686725959,
    7.355949648733E-03));
#486 = CARTESIAN_POINT('',(-11.03123711242,-9.122957188369,
    6.317932597104E-03));
#487 = CARTESIAN_POINT('',(-11.04341747677,-9.120763237836,
    3.578596772141E-03));
#488 = CARTESIAN_POINT('',(-11.05159776223,-9.119287021014,
    2.236943592683E-03));
#489 = CARTESIAN_POINT('',(-11.06395113474,-9.117053433456,
    8.945603613297E-04));
#490 = CARTESIAN_POINT('',(-11.07014868711,-9.115931800938,
    3.919334831881E-04));
#491 = CARTESIAN_POINT('',(-11.07637725525,-9.114802930324,
    1.399283617075E-04));
#492 = CARTESIAN_POINT('',(-11.08053656124,-9.114048731664,
    2.790245478599E-05));
#493 = CARTESIAN_POINT('',(-11.08262146633,-9.113670440469,1.45E-15));
#494 = CARTESIAN_POINT('',(-11.08469004502,-9.113295046568,1.45E-15));
#495 = ORIENTED_EDGE('',*,*,#173,.T.);
#496 = ORIENTED_EDGE('',*,*,#423,.T.);
#497 = ORIENTED_EDGE('',*,*,#498,.F.);
#498 = EDGE_CURVE('',#464,#415,#499,.T.);
#499 = LINE('',#500,#501);
#500 = CARTESIAN_POINT('',(-11.69578833645,-9.581582863467,0.1));
#501 = VECTOR('',#502,1.);
#502 = DIRECTION('',(0.866025403784,0.5,0.));
#503 = CYLINDRICAL_SURFACE('',#504,0.1);
#504 = AXIS2_PLACEMENT_3D('',#505,#506,#507);
#505 = CARTESIAN_POINT('',(-11.74578833645,-9.494980323089,0.1));
#506 = DIRECTION('',(0.866025403784,0.5,0.));
#507 = DIRECTION('',(-0.5,0.866025403784,0.));
#508 = ADVANCED_FACE('',(#509),#555,.T.);
#509 = FACE_BOUND('',#510,.T.);
#510 = EDGE_LOOP('',(#511,#546,#547,#548));
#511 = ORIENTED_EDGE('',*,*,#512,.T.);
#512 = EDGE_CURVE('',#513,#182,#515,.T.);
#513 = VERTEX_POINT('',#514);
#514 = CARTESIAN_POINT('',(11.725609740984,-8.097689559506,0.1));
#515 = B_SPLINE_CURVE_WITH_KNOTS('',3,(#516,#517,#518,#519,#520,#521,
    #522,#523,#524,#525,#526,#527,#528,#529,#530,#531,#532,#533,#534,
    #535,#536,#537,#538,#539,#540,#541,#542,#543,#544,#545),
  .UNSPECIFIED.,.F.,.F.,(4,2,2,1,2,2,1,1,2,1,1,2,2,2,2,1,2,4),(0.,0.125,
    0.15625,0.1875,0.25,0.28125,0.3125,0.375,0.4375,0.46875,0.5,0.625,
    0.6875,0.75,0.875,0.9375,0.96875,1.),.UNSPECIFIED.);
#516 = CARTESIAN_POINT('',(11.725609740984,-8.097689559506,0.1));
#517 = CARTESIAN_POINT('',(11.725609740984,-8.097689559506,
    9.172159123666E-02));
#518 = CARTESIAN_POINT('',(11.727064902993,-8.097362086116,
    8.372878498472E-02));
#519 = CARTESIAN_POINT('',(11.73050679452,-8.096586932227,
    7.405633349872E-02));
#520 = CARTESIAN_POINT('',(11.731276831468,-8.096413491118,
    7.214270226825E-02));
#521 = CARTESIAN_POINT('',(11.732946384115,-8.096037382181,
    6.841456118201E-02));
#522 = CARTESIAN_POINT('',(11.735654321158,-8.095427263649,
    6.294475735626E-02));
#523 = CARTESIAN_POINT('',(11.738929108372,-8.094689057717,
    5.781575901423E-02));
#524 = CARTESIAN_POINT('',(11.742544399164,-8.093873695975,
    5.289150818555E-02));
#525 = CARTESIAN_POINT('',(11.743809782739,-8.093588251069,
    5.128089284881E-02));
#526 = CARTESIAN_POINT('',(11.746416276692,-8.093000131774,
    4.816453157895E-02));
#527 = CARTESIAN_POINT('',(11.75044921184,-8.092089943686,
    4.363330339356E-02));
#528 = CARTESIAN_POINT('',(11.757734609765,-8.090444483407,
    3.673725109328E-02));
#529 = CARTESIAN_POINT('',(11.764091003829,-8.089007229879,
    3.183493364938E-02));
#530 = CARTESIAN_POINT('',(11.769038997438,-8.087887727014,
    2.836852430409E-02));
#531 = CARTESIAN_POINT('',(11.772405547109,-8.087125803567,
    2.612370118325E-02));
#532 = CARTESIAN_POINT('',(11.782707976181,-8.084792682436,
    1.988787492526E-02));
#533 = CARTESIAN_POINT('',(11.79168634019,-8.082756256944,
    1.564534816241E-02));
#534 = CARTESIAN_POINT('',(11.8027743912,-8.080237813123,
    1.131713791202E-02));
#535 = CARTESIAN_POINT('',(11.806523318695,-8.079385747184,
    1.000293044451E-02));
#536 = CARTESIAN_POINT('',(11.814121884236,-8.077657511896,
    7.619238166203E-03));
#537 = CARTESIAN_POINT('',(11.817981747049,-8.076779013274,
    6.54742641743E-03));
#538 = CARTESIAN_POINT('',(11.829630755989,-8.074125819605,
    3.708266974847E-03));
#539 = CARTESIAN_POINT('',(11.837458648094,-8.072340428001,
    2.318244833949E-03));
#540 = CARTESIAN_POINT('',(11.849285810877,-8.069638990224,
    9.271920619078E-04));
#541 = CARTESIAN_POINT('',(11.85522086236,-8.068282402358,
    4.062791978711E-04));
#542 = CARTESIAN_POINT('',(11.861187833859,-8.066917045659,
    1.450434688485E-04));
#543 = CARTESIAN_POINT('',(11.865172947277,-8.066004846894,
    2.891307920644E-05));
#544 = CARTESIAN_POINT('',(11.867170457279,-8.065547395065,9.E-17));
#545 = CARTESIAN_POINT('',(11.869151846738,-8.065093579065,0.));
#546 = ORIENTED_EDGE('',*,*,#181,.F.);
#547 = ORIENTED_EDGE('',*,*,#463,.F.);
#548 = ORIENTED_EDGE('',*,*,#549,.T.);
#549 = EDGE_CURVE('',#464,#513,#550,.T.);
#550 = CIRCLE('',#551,14.25);
#551 = AXIS2_PLACEMENT_3D('',#552,#553,#554);
#552 = CARTESIAN_POINT('',(3.31E-15,3.04E-15,0.1));
#553 = DIRECTION('',(0.,0.,1.));
#554 = DIRECTION('',(1.,0.,-0.));
#555 = TOROIDAL_SURFACE('',#556,14.35,0.1);
#556 = AXIS2_PLACEMENT_3D('',#557,#558,#559);
#557 = CARTESIAN_POINT('',(3.31E-15,3.04E-15,0.1));
#558 = DIRECTION('',(0.,0.,1.));
#559 = DIRECTION('',(1.,0.,-0.));
#560 = ADVANCED_FACE('',(#561),#572,.T.);
#561 = FACE_BOUND('',#562,.T.);
#562 = EDGE_LOOP('',(#563,#564,#565,#566));
#563 = ORIENTED_EDGE('',*,*,#382,.F.);
#564 = ORIENTED_EDGE('',*,*,#190,.F.);
#565 = ORIENTED_EDGE('',*,*,#512,.F.);
#566 = ORIENTED_EDGE('',*,*,#567,.T.);
#567 = EDGE_CURVE('',#513,#383,#568,.T.);
#568 = LINE('',#569,#570);
#569 = CARTESIAN_POINT('',(11.725609740984,-8.097689559506,0.1));
#570 = VECTOR('',#571,1.);
#571 = DIRECTION('',(-0.866025403784,0.5,0.));
#572 = CYLINDRICAL_SURFACE('',#573,0.1);
#573 = AXIS2_PLACEMENT_3D('',#574,#575,#576);
#574 = CARTESIAN_POINT('',(-0.525,-0.909326673974,0.1));
#575 = DIRECTION('',(0.866025403784,-0.5,0.));
#576 = DIRECTION('',(0.5,0.866025403784,0.));
#577 = ADVANCED_FACE('',(#578),#656,.T.);
#578 = FACE_BOUND('',#579,.T.);
#579 = EDGE_LOOP('',(#580,#615,#624,#655));
#580 = ORIENTED_EDGE('',*,*,#581,.T.);
#581 = EDGE_CURVE('',#199,#582,#584,.T.);
#582 = VERTEX_POINT('',#583);
#583 = CARTESIAN_POINT('',(-1.15,14.203520690308,0.1));
#584 = B_SPLINE_CURVE_WITH_KNOTS('',3,(#585,#586,#587,#588,#589,#590,
    #591,#592,#593,#594,#595,#596,#597,#598,#599,#600,#601,#602,#603,
    #604,#605,#606,#607,#608,#609,#610,#611,#612,#613,#614),
  .UNSPECIFIED.,.F.,.F.,(4,2,1,2,2,2,2,1,1,2,1,1,2,2,1,2,2,4),(0.,
    3.125000000001E-02,6.250000000002E-02,0.125,0.25,0.3125,0.375,0.5,
    0.53125,0.5625,0.625,0.6875,0.71875,0.75,0.8125,0.84375,0.875,1.),
  .UNSPECIFIED.);
#585 = CARTESIAN_POINT('',(-1.05,14.311533810183,-0.));
#586 = CARTESIAN_POINT('',(-1.051383710914,14.310044784576,0.));
#587 = CARTESIAN_POINT('',(-1.052778630821,14.308543616085,
    2.891307920641E-05));
#588 = CARTESIAN_POINT('',(-1.055561174833,14.30554850601,
    1.450434688483E-04));
#589 = CARTESIAN_POINT('',(-1.059727094169,14.301063635458,
    4.062791978708E-04));
#590 = CARTESIAN_POINT('',(-1.063869459465,14.296602024034,
    9.271920619076E-04));
#591 = CARTESIAN_POINT('',(-1.072122554598,14.287710119498,
    2.318244833948E-03));
#592 = CARTESIAN_POINT('',(-1.077582695135,14.281823661879,
    3.708266974847E-03));
#593 = CARTESIAN_POINT('',(-1.085704932723,14.273061921042,
    6.54742641743E-03));
#594 = CARTESIAN_POINT('',(-1.088395666254,14.270158431102,
    7.619238166203E-03));
#595 = CARTESIAN_POINT('',(-1.093691644688,14.264441997955,
    1.000293044451E-02));
#596 = CARTESIAN_POINT('',(-1.096304019184,14.261621364477,
    1.131713791202E-02));
#597 = CARTESIAN_POINT('',(-1.104029081017,14.253278052535,
    1.564534816241E-02));
#598 = CARTESIAN_POINT('',(-1.110281859229,14.246520773964,
    1.988787492526E-02));
#599 = CARTESIAN_POINT('',(-1.117453204715,14.238765615093,
    2.612296345811E-02));
#600 = CARTESIAN_POINT('',(-1.119796735831,14.236230613418,
    2.836852430408E-02));
#601 = CARTESIAN_POINT('',(-1.123240250557,14.232505276687,
    3.183493364938E-02));
#602 = CARTESIAN_POINT('',(-1.127663145656,14.227719104716,
    3.673725109328E-02));
#603 = CARTESIAN_POINT('',(-1.132730855021,14.222232495176,
    4.363330339356E-02));
#604 = CARTESIAN_POINT('',(-1.135535568601,14.219194964929,
    4.816453157895E-02));
#605 = CARTESIAN_POINT('',(-1.137348141827,14.217231734599,
    5.128089284881E-02));
#606 = CARTESIAN_POINT('',(-1.138228036155,14.21627860273,
    5.289150818555E-02));
#607 = CARTESIAN_POINT('',(-1.140741805533,14.213555349934,
    5.781575901423E-02));
#608 = CARTESIAN_POINT('',(-1.14301850423,14.21108840398,
    6.294475735626E-02));
#609 = CARTESIAN_POINT('',(-1.1449008509,14.209048320975,
    6.841456118201E-02));
#610 = CARTESIAN_POINT('',(-1.146061347117,14.207790500438,
    7.214270226825E-02));
#611 = CARTESIAN_POINT('',(-1.146596569998,14.207210349434,
    7.405633349872E-02));
#612 = CARTESIAN_POINT('',(-1.148988818721,14.204617160879,
    8.372878498472E-02));
#613 = CARTESIAN_POINT('',(-1.15,14.203520690308,9.172159123666E-02));
#614 = CARTESIAN_POINT('',(-1.15,14.203520690308,0.1));
#615 = ORIENTED_EDGE('',*,*,#616,.T.);
#616 = EDGE_CURVE('',#582,#617,#619,.T.);
#617 = VERTEX_POINT('',#618);
#618 = CARTESIAN_POINT('',(-13.38209669287,-4.897140808926,0.1));
#619 = CIRCLE('',#620,14.25);
#620 = AXIS2_PLACEMENT_3D('',#621,#622,#623);
#621 = CARTESIAN_POINT('',(3.31E-15,3.04E-15,0.1));
#622 = DIRECTION('',(0.,0.,1.));
#623 = DIRECTION('',(1.,0.,-0.));
#624 = ORIENTED_EDGE('',*,*,#625,.F.);
#625 = EDGE_CURVE('',#201,#617,#626,.T.);
#626 = B_SPLINE_CURVE_WITH_KNOTS('',3,(#627,#628,#629,#630,#631,#632,
    #633,#634,#635,#636,#637,#638,#639,#640,#641,#642,#643,#644,#645,
    #646,#647,#648,#649,#650,#651,#652,#653,#654),.UNSPECIFIED.,.F.,.F.,
  (4,2,1,2,2,2,2,2,2,2,2,2,2,1,4),(0.,3.125E-02,6.249999999999E-02,0.125
    ,0.25,0.3125,0.375,0.5,0.5625,0.625,0.75,0.8125,0.875,0.9375,1.),
  .UNSPECIFIED.);
#627 = CARTESIAN_POINT('',(-13.43469004502,-5.042975648781,1.45E-15));
#628 = CARTESIAN_POINT('',(-13.43398085633,-5.040996510142,1.48E-15));
#629 = CARTESIAN_POINT('',(-13.43326601357,-5.039001783767,
    2.7902454786E-05));
#630 = CARTESIAN_POINT('',(-13.43183951577,-5.035022619791,
    1.399283617076E-04));
#631 = CARTESIAN_POINT('',(-13.42970286233,-5.029064086246,
    3.919334831881E-04));
#632 = CARTESIAN_POINT('',(-13.4275754484,-5.023136032194,
    8.945603613299E-04));
#633 = CARTESIAN_POINT('',(-13.42333310571,-5.011320903992,
    2.236943592683E-03));
#634 = CARTESIAN_POINT('',(-13.42052140425,-5.003498460568,
    3.578596772141E-03));
#635 = CARTESIAN_POINT('',(-13.41633123897,-4.991852980347,
    6.317932597104E-03));
#636 = CARTESIAN_POINT('',(-13.41493597914,-4.987977244237,
    7.355949648734E-03));
#637 = CARTESIAN_POINT('',(-13.4121833876,-4.980335005658,
    9.669315222529E-03));
#638 = CARTESIAN_POINT('',(-13.41082352645,-4.976561464504,
    1.094571124581E-02));
#639 = CARTESIAN_POINT('',(-13.40679602694,-4.965390854492,
    1.515256863726E-02));
#640 = CARTESIAN_POINT('',(-13.40417969842,-4.95814166984,
    1.845531067341E-02));
#641 = CARTESIAN_POINT('',(-13.40038018858,-4.947623751499,
    2.430647740659E-02));
#642 = CARTESIAN_POINT('',(-13.39913467381,-4.944177523455,
    2.640747596669E-02));
#643 = CARTESIAN_POINT('',(-13.39669234069,-4.937422797686,
    3.095692679059E-02));
#644 = CARTESIAN_POINT('',(-13.3955102917,-4.934155149811,
    3.337858630701E-02));
#645 = CARTESIAN_POINT('',(-13.39210602165,-4.924748204886,
    4.11064813502E-02));
#646 = CARTESIAN_POINT('',(-13.39001639208,-4.918979286557,
    4.687032606998E-02));
#647 = CARTESIAN_POINT('',(-13.38725811174,-4.911368998887,
    5.678765627916E-02));
#648 = CARTESIAN_POINT('',(-13.38642091876,-4.909059984052,
    6.024434787449E-02));
#649 = CARTESIAN_POINT('',(-13.38493524037,-4.904963410274,
    6.748166826295E-02));
#650 = CARTESIAN_POINT('',(-13.38428580612,-4.903173234082,
    7.126468902756E-02));
#651 = CARTESIAN_POINT('',(-13.38320890197,-4.900205212111,
    7.92157339163E-02));
#652 = CARTESIAN_POINT('',(-13.3823870934,-4.897940808635,
    8.731323112831E-02));
#653 = CARTESIAN_POINT('',(-13.38209669287,-4.897140808926,
    9.571556456218E-02));
#654 = CARTESIAN_POINT('',(-13.38209669287,-4.897140808926,0.1));
#655 = ORIENTED_EDGE('',*,*,#198,.F.);
#656 = TOROIDAL_SURFACE('',#657,14.35,0.1);
#657 = AXIS2_PLACEMENT_3D('',#658,#659,#660);
#658 = CARTESIAN_POINT('',(3.31E-15,3.04E-15,0.1));
#659 = DIRECTION('',(0.,0.,1.));
#660 = DIRECTION('',(1.,0.,-0.));
#661 = ADVANCED_FACE('',(#662),#705,.T.);
#662 = FACE_BOUND('',#663,.T.);
#663 = EDGE_LOOP('',(#664,#697,#698,#699));
#664 = ORIENTED_EDGE('',*,*,#665,.T.);
#665 = EDGE_CURVE('',#666,#210,#668,.T.);
#666 = VERTEX_POINT('',#667);
#667 = CARTESIAN_POINT('',(-8.94963591375,-2.338058384924,0.1));
#668 = B_SPLINE_CURVE_WITH_KNOTS('',3,(#669,#670,#671,#672,#673,#674,
    #675,#676,#677,#678,#679,#680,#681,#682,#683,#684,#685,#686,#687,
    #688,#689,#690,#691,#692,#693,#694,#695,#696),.UNSPECIFIED.,.F.,.F.,
  (4,2,2,1,2,2,1,2,2,2,2,2,2,2,4),(0.,0.125,0.1875,0.25,0.3125,0.34375,
    0.375,0.4375,0.5,0.625,0.6875,0.75,0.875,0.9375,1.),.UNSPECIFIED.);
#669 = CARTESIAN_POINT('',(-8.94963591375,-2.338058384924,0.1));
#670 = CARTESIAN_POINT('',(-8.94963591375,-2.338058384924,
    9.250336902265E-02));
#671 = CARTESIAN_POINT('',(-8.948670564145,-2.33846184568,
    8.519583995673E-02));
#672 = CARTESIAN_POINT('',(-8.94587944579,-2.339627891238,
    7.449761087366E-02));
#673 = CARTESIAN_POINT('',(-8.944711836319,-2.340115630212,
    7.095256148343E-02));
#674 = CARTESIAN_POINT('',(-8.941992161814,-2.341251436157,
    6.412428697509E-02));
#675 = CARTESIAN_POINT('',(-8.938888224447,-2.342547490992,
    5.753117991903E-02));
#676 = CARTESIAN_POINT('',(-8.935071327948,-2.34414041294,
    5.137430161461E-02));
#677 = CARTESIAN_POINT('',(-8.931951726252,-2.345441888863,
    4.691380378527E-02));
#678 = CARTESIAN_POINT('',(-8.930869009057,-2.345893522595,
    4.545393334297E-02));
#679 = CARTESIAN_POINT('',(-8.928644267641,-2.34682136831,
    4.261682983357E-02));
#680 = CARTESIAN_POINT('',(-8.925209424912,-2.348253663348,
    3.847253334229E-02));
#681 = CARTESIAN_POINT('',(-8.921496001966,-2.349801322034,
    3.464560060873E-02));
#682 = CARTESIAN_POINT('',(-8.916313830661,-2.351960235057,
    2.980600731174E-02));
#683 = CARTESIAN_POINT('',(-8.913601777804,-2.353089664005,
    2.751365190677E-02));
#684 = CARTESIAN_POINT('',(-8.9051669668,-2.356600774471,
    2.104288417437E-02));
#685 = CARTESIAN_POINT('',(-8.899249023736,-2.359062212247,
    1.73392157047E-02));
#686 = CARTESIAN_POINT('',(-8.889987505634,-2.362910574954,
    1.257898747013E-02));
#687 = CARTESIAN_POINT('',(-8.886835620246,-2.364219652432,
    1.112606128242E-02));
#688 = CARTESIAN_POINT('',(-8.880405956084,-2.366888767216,
    8.480402264035E-03));
#689 = CARTESIAN_POINT('',(-8.8771378104,-2.368244800446,
    7.29274565889E-03));
#690 = CARTESIAN_POINT('',(-8.867287942758,-2.37232968683,
    4.152672149721E-03));
#691 = CARTESIAN_POINT('',(-8.860619559238,-2.375092445534,
    2.602205468277E-03));
#692 = CARTESIAN_POINT('',(-8.850472894943,-2.379291882044,
    1.043757569189E-03));
#693 = CARTESIAN_POINT('',(-8.847066504647,-2.380700974667,
    6.529798468304E-04));
#694 = CARTESIAN_POINT('',(-8.840205079485,-2.383537783684,
    1.303636521232E-04));
#695 = CARTESIAN_POINT('',(-8.836738050972,-2.384970309865,4.E-17));
#696 = CARTESIAN_POINT('',(-8.833328799418,-2.386378494993,4.E-17));
#697 = ORIENTED_EDGE('',*,*,#209,.T.);
#698 = ORIENTED_EDGE('',*,*,#625,.T.);
#699 = ORIENTED_EDGE('',*,*,#700,.F.);
#700 = EDGE_CURVE('',#666,#617,#701,.T.);
#701 = LINE('',#702,#703);
#702 = CARTESIAN_POINT('',(-8.94963591375,-2.338058384924,0.1));
#703 = VECTOR('',#704,1.);
#704 = DIRECTION('',(-0.866025403784,-0.5,0.));
#705 = CYLINDRICAL_SURFACE('',#706,0.1);
#706 = AXIS2_PLACEMENT_3D('',#707,#708,#709);
#707 = CARTESIAN_POINT('',(-8.89963591375,-2.424660925302,0.1));
#708 = DIRECTION('',(-0.866025403784,-0.5,0.));
#709 = DIRECTION('',(0.5,-0.866025403784,0.));
#710 = ADVANCED_FACE('',(#711),#754,.T.);
#711 = FACE_BOUND('',#712,.T.);
#712 = EDGE_LOOP('',(#713,#745,#746,#747));
#713 = ORIENTED_EDGE('',*,*,#714,.T.);
#714 = EDGE_CURVE('',#715,#218,#717,.T.);
#715 = VERTEX_POINT('',#716);
#716 = CARTESIAN_POINT('',(-1.15,9.178235124467,0.1));
#717 = B_SPLINE_CURVE_WITH_KNOTS('',3,(#718,#719,#720,#721,#722,#723,
    #724,#725,#726,#727,#728,#729,#730,#731,#732,#733,#734,#735,#736,
    #737,#738,#739,#740,#741,#742,#743,#744),.UNSPECIFIED.,.F.,.F.,(4,2,
    2,1,1,2,2,2,2,2,2,2,1,1,1,4),(0.,0.125,0.15625,0.1875,0.25,0.28125,
    0.3125,0.375,0.5,0.625,0.75,0.8125,0.875,0.9375,0.96875,1.),
  .UNSPECIFIED.);
#718 = CARTESIAN_POINT('',(-1.15,9.178235124467,0.1));
#719 = CARTESIAN_POINT('',(-1.15,9.178235124467,9.221485996035E-02));
#720 = CARTESIAN_POINT('',(-1.149103687303,9.17744419935,
    8.465003150732E-02));
#721 = CARTESIAN_POINT('',(-1.146957148915,9.175549354455,
    7.544630531959E-02));
#722 = CARTESIAN_POINT('',(-1.146473995321,9.175122829905,
    7.361225113516E-02));
#723 = CARTESIAN_POINT('',(-1.145412295476,9.174185490078,
    6.999935108376E-02));
#724 = CARTESIAN_POINT('',(-1.143683855536,9.172659399292,
    6.468363791978E-02));
#725 = CARTESIAN_POINT('',(-1.140868941113,9.170173404543,
    5.798531730574E-02));
#726 = CARTESIAN_POINT('',(-1.138406451191,9.16799787769,
    5.322972531818E-02));
#727 = CARTESIAN_POINT('',(-1.1366885308,9.166479955522,
    5.011755986465E-02));
#728 = CARTESIAN_POINT('',(-1.13578872457,9.1656848085,
    4.858635240151E-02));
#729 = CARTESIAN_POINT('',(-1.133008781428,9.163227866972,
    4.412678730538E-02));
#730 = CARTESIAN_POINT('',(-1.131043680083,9.161490651045,
    4.132081573867E-02));
#731 = CARTESIAN_POINT('',(-1.124851291304,9.156014648662,
    3.334729429278E-02));
#732 = CARTESIAN_POINT('',(-1.120329816259,9.152014072227,
    2.86198138672E-02));
#733 = CARTESIAN_POINT('',(-1.110600418781,9.143399003604,
    2.019396469593E-02));
#734 = CARTESIAN_POINT('',(-1.105528406364,9.138904843864,
    1.661355356097E-02));
#735 = CARTESIAN_POINT('',(-1.095055577026,9.1296178403,1.0519843865E-02
    ));
#736 = CARTESIAN_POINT('',(-1.089651065508,9.124821732614,
    8.006639007508E-03));
#737 = CARTESIAN_POINT('',(-1.081310259192,9.117413684626,
    4.982033093814E-03));
#738 = CARTESIAN_POINT('',(-1.078493188712,9.114910638101,
    4.100825673422E-03));
#739 = CARTESIAN_POINT('',(-1.072853221612,9.109897281175,
    2.60265043949E-03));
#740 = CARTESIAN_POINT('',(-1.067189803851,9.104861010144,
    1.361948497705E-03));
#741 = CARTESIAN_POINT('',(-1.060053941798,9.098510057327,
    4.34058249747E-04));
#742 = CARTESIAN_POINT('',(-1.054311952557,9.093396521217,
    6.167968801088E-05));
#743 = CARTESIAN_POINT('',(-1.051429053489,9.090827827438,-0.));
#744 = CARTESIAN_POINT('',(-1.05,9.089554444526,-0.));
#745 = ORIENTED_EDGE('',*,*,#217,.T.);
#746 = ORIENTED_EDGE('',*,*,#665,.F.);
#747 = ORIENTED_EDGE('',*,*,#748,.F.);
#748 = EDGE_CURVE('',#715,#666,#749,.T.);
#749 = CIRCLE('',#750,9.25);
#750 = AXIS2_PLACEMENT_3D('',#751,#752,#753);
#751 = CARTESIAN_POINT('',(3.31E-15,0.,0.1));
#752 = DIRECTION('',(0.,0.,1.));
#753 = DIRECTION('',(1.,0.,-0.));
#754 = TOROIDAL_SURFACE('',#755,9.15,0.1);
#755 = AXIS2_PLACEMENT_3D('',#756,#757,#758);
#756 = CARTESIAN_POINT('',(3.31E-15,0.,0.1));
#757 = DIRECTION('',(0.,0.,1.));
#758 = DIRECTION('',(1.,0.,-0.));
#759 = ADVANCED_FACE('',(#760),#771,.T.);
#760 = FACE_BOUND('',#761,.T.);
#761 = EDGE_LOOP('',(#762,#763,#764,#765));
#762 = ORIENTED_EDGE('',*,*,#581,.F.);
#763 = ORIENTED_EDGE('',*,*,#226,.F.);
#764 = ORIENTED_EDGE('',*,*,#714,.F.);
#765 = ORIENTED_EDGE('',*,*,#766,.T.);
#766 = EDGE_CURVE('',#715,#582,#767,.T.);
#767 = LINE('',#768,#769);
#768 = CARTESIAN_POINT('',(-1.15,9.178235124467,0.1));
#769 = VECTOR('',#770,1.);
#770 = DIRECTION('',(-3.4E-16,1.,0.));
#771 = CYLINDRICAL_SURFACE('',#772,0.1);
#772 = AXIS2_PLACEMENT_3D('',#773,#774,#775);
#773 = CARTESIAN_POINT('',(-1.05,-3.6E-16,0.1));
#774 = DIRECTION('',(3.4E-16,-1.,0.));
#775 = DIRECTION('',(1.,3.4E-16,0.));
#776 = ADVANCED_FACE('',(#777),#804,.T.);
#777 = FACE_BOUND('',#778,.T.);
#778 = EDGE_LOOP('',(#779,#788,#796,#803));
#779 = ORIENTED_EDGE('',*,*,#780,.T.);
#780 = EDGE_CURVE('',#237,#781,#783,.T.);
#781 = VERTEX_POINT('',#782);
#782 = CARTESIAN_POINT('',(15.,12.,0.1));
#783 = CIRCLE('',#784,0.1);
#784 = AXIS2_PLACEMENT_3D('',#785,#786,#787);
#785 = CARTESIAN_POINT('',(14.9,12.,0.1));
#786 = DIRECTION('',(0.,-1.,0.));
#787 = DIRECTION('',(0.,0.,-1.));
#788 = ORIENTED_EDGE('',*,*,#789,.F.);
#789 = EDGE_CURVE('',#790,#781,#792,.T.);
#790 = VERTEX_POINT('',#791);
#791 = CARTESIAN_POINT('',(15.,-12.,0.1));
#792 = LINE('',#793,#794);
#793 = CARTESIAN_POINT('',(15.,-15.,0.1));
#794 = VECTOR('',#795,1.);
#795 = DIRECTION('',(0.,1.,0.));
#796 = ORIENTED_EDGE('',*,*,#797,.F.);
#797 = EDGE_CURVE('',#235,#790,#798,.T.);
#798 = CIRCLE('',#799,0.1);
#799 = AXIS2_PLACEMENT_3D('',#800,#801,#802);
#800 = CARTESIAN_POINT('',(14.9,-12.,0.1));
#801 = DIRECTION('',(0.,-1.,0.));
#802 = DIRECTION('',(0.,0.,-1.));
#803 = ORIENTED_EDGE('',*,*,#234,.T.);
#804 = CYLINDRICAL_SURFACE('',#805,0.1);
#805 = AXIS2_PLACEMENT_3D('',#806,#807,#808);
#806 = CARTESIAN_POINT('',(14.9,-15.,0.1));
#807 = DIRECTION('',(0.,1.,0.));
#808 = DIRECTION('',(0.,-0.,1.));
#809 = ADVANCED_FACE('',(#810),#830,.T.);
#810 = FACE_BOUND('',#811,.T.);
#811 = EDGE_LOOP('',(#812,#813,#822,#829));
#812 = ORIENTED_EDGE('',*,*,#797,.T.);
#813 = ORIENTED_EDGE('',*,*,#814,.F.);
#814 = EDGE_CURVE('',#815,#790,#817,.T.);
#815 = VERTEX_POINT('',#816);
#816 = CARTESIAN_POINT('',(12.,-15.,0.1));
#817 = CIRCLE('',#818,3.);
#818 = AXIS2_PLACEMENT_3D('',#819,#820,#821);
#819 = CARTESIAN_POINT('',(12.,-12.,0.1));
#820 = DIRECTION('',(0.,0.,1.));
#821 = DIRECTION('',(1.,0.,-0.));
#822 = ORIENTED_EDGE('',*,*,#823,.T.);
#823 = EDGE_CURVE('',#815,#245,#824,.T.);
#824 = CIRCLE('',#825,0.1);
#825 = AXIS2_PLACEMENT_3D('',#826,#827,#828);
#826 = CARTESIAN_POINT('',(12.,-14.9,0.1));
#827 = DIRECTION('',(1.,-0.,0.));
#828 = DIRECTION('',(0.,0.,-1.));
#829 = ORIENTED_EDGE('',*,*,#244,.T.);
#830 = TOROIDAL_SURFACE('',#831,2.9,0.1);
#831 = AXIS2_PLACEMENT_3D('',#832,#833,#834);
#832 = CARTESIAN_POINT('',(12.,-12.,0.1));
#833 = DIRECTION('',(0.,0.,1.));
#834 = DIRECTION('',(1.,0.,-0.));
#835 = ADVANCED_FACE('',(#836),#855,.T.);
#836 = FACE_BOUND('',#837,.T.);
#837 = EDGE_LOOP('',(#838,#847,#848,#849));
#838 = ORIENTED_EDGE('',*,*,#839,.T.);
#839 = EDGE_CURVE('',#840,#254,#842,.T.);
#840 = VERTEX_POINT('',#841);
#841 = CARTESIAN_POINT('',(-12.,-15.,0.1));
#842 = CIRCLE('',#843,0.1);
#843 = AXIS2_PLACEMENT_3D('',#844,#845,#846);
#844 = CARTESIAN_POINT('',(-12.,-14.9,0.1));
#845 = DIRECTION('',(1.,-0.,0.));
#846 = DIRECTION('',(0.,0.,-1.));
#847 = ORIENTED_EDGE('',*,*,#253,.T.);
#848 = ORIENTED_EDGE('',*,*,#823,.F.);
#849 = ORIENTED_EDGE('',*,*,#850,.F.);
#850 = EDGE_CURVE('',#840,#815,#851,.T.);
#851 = LINE('',#852,#853);
#852 = CARTESIAN_POINT('',(-15.,-15.,0.1));
#853 = VECTOR('',#854,1.);
#854 = DIRECTION('',(1.,1.2E-16,0.));
#855 = CYLINDRICAL_SURFACE('',#856,0.1);
#856 = AXIS2_PLACEMENT_3D('',#857,#858,#859);
#857 = CARTESIAN_POINT('',(-15.,-14.9,0.1));
#858 = DIRECTION('',(1.,1.2E-16,0.));
#859 = DIRECTION('',(-1.2E-16,1.,0.));
#860 = ADVANCED_FACE('',(#861),#881,.T.);
#861 = FACE_BOUND('',#862,.T.);
#862 = EDGE_LOOP('',(#863,#872,#873,#874));
#863 = ORIENTED_EDGE('',*,*,#864,.T.);
#864 = EDGE_CURVE('',#865,#262,#867,.T.);
#865 = VERTEX_POINT('',#866);
#866 = CARTESIAN_POINT('',(-15.,-12.,0.1));
#867 = CIRCLE('',#868,0.1);
#868 = AXIS2_PLACEMENT_3D('',#869,#870,#871);
#869 = CARTESIAN_POINT('',(-14.9,-12.,0.1));
#870 = DIRECTION('',(0.,-1.,0.));
#871 = DIRECTION('',(0.,0.,-1.));
#872 = ORIENTED_EDGE('',*,*,#261,.T.);
#873 = ORIENTED_EDGE('',*,*,#839,.F.);
#874 = ORIENTED_EDGE('',*,*,#875,.F.);
#875 = EDGE_CURVE('',#865,#840,#876,.T.);
#876 = CIRCLE('',#877,3.);
#877 = AXIS2_PLACEMENT_3D('',#878,#879,#880);
#878 = CARTESIAN_POINT('',(-12.,-12.,0.1));
#879 = DIRECTION('',(0.,0.,1.));
#880 = DIRECTION('',(1.,0.,-0.));
#881 = TOROIDAL_SURFACE('',#882,2.9,0.1);
#882 = AXIS2_PLACEMENT_3D('',#883,#884,#885);
#883 = CARTESIAN_POINT('',(-12.,-12.,0.1));
#884 = DIRECTION('',(0.,0.,1.));
#885 = DIRECTION('',(1.,0.,-0.));
#886 = ADVANCED_FACE('',(#887),#906,.T.);
#887 = FACE_BOUND('',#888,.T.);
#888 = EDGE_LOOP('',(#889,#898,#899,#900));
#889 = ORIENTED_EDGE('',*,*,#890,.T.);
#890 = EDGE_CURVE('',#891,#271,#893,.T.);
#891 = VERTEX_POINT('',#892);
#892 = CARTESIAN_POINT('',(-15.,12.,0.1));
#893 = CIRCLE('',#894,0.1);
#894 = AXIS2_PLACEMENT_3D('',#895,#896,#897);
#895 = CARTESIAN_POINT('',(-14.9,12.,0.1));
#896 = DIRECTION('',(0.,-1.,0.));
#897 = DIRECTION('',(0.,0.,-1.));
#898 = ORIENTED_EDGE('',*,*,#270,.T.);
#899 = ORIENTED_EDGE('',*,*,#864,.F.);
#900 = ORIENTED_EDGE('',*,*,#901,.F.);
#901 = EDGE_CURVE('',#891,#865,#902,.T.);
#902 = LINE('',#903,#904);
#903 = CARTESIAN_POINT('',(-15.,15.,0.1));
#904 = VECTOR('',#905,1.);
#905 = DIRECTION('',(0.,-1.,0.));
#906 = CYLINDRICAL_SURFACE('',#907,0.1);
#907 = AXIS2_PLACEMENT_3D('',#908,#909,#910);
#908 = CARTESIAN_POINT('',(-14.9,15.,0.1));
#909 = DIRECTION('',(0.,-1.,0.));
#910 = DIRECTION('',(0.,0.,-1.));
#911 = ADVANCED_FACE('',(#912),#932,.T.);
#912 = FACE_BOUND('',#913,.T.);
#913 = EDGE_LOOP('',(#914,#915,#924,#931));
#914 = ORIENTED_EDGE('',*,*,#890,.F.);
#915 = ORIENTED_EDGE('',*,*,#916,.F.);
#916 = EDGE_CURVE('',#917,#891,#919,.T.);
#917 = VERTEX_POINT('',#918);
#918 = CARTESIAN_POINT('',(-12.,15.,0.1));
#919 = CIRCLE('',#920,3.);
#920 = AXIS2_PLACEMENT_3D('',#921,#922,#923);
#921 = CARTESIAN_POINT('',(-12.,12.,0.1));
#922 = DIRECTION('',(0.,0.,1.));
#923 = DIRECTION('',(1.,0.,-0.));
#924 = ORIENTED_EDGE('',*,*,#925,.F.);
#925 = EDGE_CURVE('',#279,#917,#926,.T.);
#926 = CIRCLE('',#927,0.1);
#927 = AXIS2_PLACEMENT_3D('',#928,#929,#930);
#928 = CARTESIAN_POINT('',(-12.,14.9,0.1));
#929 = DIRECTION('',(1.,-0.,0.));
#930 = DIRECTION('',(0.,0.,-1.));
#931 = ORIENTED_EDGE('',*,*,#278,.T.);
#932 = TOROIDAL_SURFACE('',#933,2.9,0.1);
#933 = AXIS2_PLACEMENT_3D('',#934,#935,#936);
#934 = CARTESIAN_POINT('',(-12.,12.,0.1));
#935 = DIRECTION('',(0.,0.,1.));
#936 = DIRECTION('',(1.,0.,-0.));
#937 = ADVANCED_FACE('',(#938),#957,.T.);
#938 = FACE_BOUND('',#939,.T.);
#939 = EDGE_LOOP('',(#940,#941,#949,#956));
#940 = ORIENTED_EDGE('',*,*,#925,.T.);
#941 = ORIENTED_EDGE('',*,*,#942,.F.);
#942 = EDGE_CURVE('',#943,#917,#945,.T.);
#943 = VERTEX_POINT('',#944);
#944 = CARTESIAN_POINT('',(12.,15.,0.1));
#945 = LINE('',#946,#947);
#946 = CARTESIAN_POINT('',(15.,15.,0.1));
#947 = VECTOR('',#948,1.);
#948 = DIRECTION('',(-1.,1.2E-16,0.));
#949 = ORIENTED_EDGE('',*,*,#950,.F.);
#950 = EDGE_CURVE('',#288,#943,#951,.T.);
#951 = CIRCLE('',#952,0.1);
#952 = AXIS2_PLACEMENT_3D('',#953,#954,#955);
#953 = CARTESIAN_POINT('',(12.,14.9,0.1));
#954 = DIRECTION('',(1.,-0.,0.));
#955 = DIRECTION('',(0.,0.,-1.));
#956 = ORIENTED_EDGE('',*,*,#287,.T.);
#957 = CYLINDRICAL_SURFACE('',#958,0.1);
#958 = AXIS2_PLACEMENT_3D('',#959,#960,#961);
#959 = CARTESIAN_POINT('',(15.,14.9,0.1));
#960 = DIRECTION('',(-1.,1.2E-16,0.));
#961 = DIRECTION('',(-1.2E-16,-1.,0.));
#962 = ADVANCED_FACE('',(#963),#975,.T.);
#963 = FACE_BOUND('',#964,.T.);
#964 = EDGE_LOOP('',(#965,#966,#973,#974));
#965 = ORIENTED_EDGE('',*,*,#950,.T.);
#966 = ORIENTED_EDGE('',*,*,#967,.F.);
#967 = EDGE_CURVE('',#781,#943,#968,.T.);
#968 = CIRCLE('',#969,3.);
#969 = AXIS2_PLACEMENT_3D('',#970,#971,#972);
#970 = CARTESIAN_POINT('',(12.,12.,0.1));
#971 = DIRECTION('',(0.,0.,1.));
#972 = DIRECTION('',(1.,0.,-0.));
#973 = ORIENTED_EDGE('',*,*,#780,.F.);
#974 = ORIENTED_EDGE('',*,*,#295,.T.);
#975 = TOROIDAL_SURFACE('',#976,2.9,0.1);
#976 = AXIS2_PLACEMENT_3D('',#977,#978,#979);
#977 = CARTESIAN_POINT('',(12.,12.,0.1));
#978 = DIRECTION('',(0.,0.,1.));
#979 = DIRECTION('',(1.,0.,-0.));
#980 = ADVANCED_FACE('',(#981),#1004,.T.);
#981 = FACE_BOUND('',#982,.T.);
#982 = EDGE_LOOP('',(#983,#992,#1002,#1003));
#983 = ORIENTED_EDGE('',*,*,#984,.T.);
#984 = EDGE_CURVE('',#985,#985,#987,.T.);
#985 = VERTEX_POINT('',#986);
#986 = CARTESIAN_POINT('',(13.65,12.,0.1));
#987 = CIRCLE('',#988,1.65);
#988 = AXIS2_PLACEMENT_3D('',#989,#990,#991);
#989 = CARTESIAN_POINT('',(12.,12.,0.1));
#990 = DIRECTION('',(0.,0.,1.));
#991 = DIRECTION('',(1.,0.,-0.));
#992 = ORIENTED_EDGE('',*,*,#993,.T.);
#993 = EDGE_CURVE('',#985,#308,#994,.T.);
#994 = ( BOUNDED_CURVE() B_SPLINE_CURVE(6,(#995,#996,#997,#998,#999,
#1000,#1001),.UNSPECIFIED.,.F.,.F.) B_SPLINE_CURVE_WITH_KNOTS((7,7),(
3.14159265359,4.712388980385),.PIECEWISE_BEZIER_KNOTS.) CURVE() 
GEOMETRIC_REPRESENTATION_ITEM() RATIONAL_B_SPLINE_CURVE((1.031393471788,
    1.010025407661,0.997924642725,0.993958444137,0.997924642725,
1.010025407661,1.031393471788)) REPRESENTATION_ITEM('') );
#995 = CARTESIAN_POINT('',(13.65,12.,0.1));
#996 = CARTESIAN_POINT('',(13.65,12.,7.326632168471E-02));
#997 = CARTESIAN_POINT('',(13.658500435063,12.,4.722914274178E-02));
#998 = CARTESIAN_POINT('',(13.67480804868,12.,2.480804867977E-02));
#999 = CARTESIAN_POINT('',(13.697229142742,12.,8.500435063372E-03));
#1000 = CARTESIAN_POINT('',(13.723266321685,12.,3.01E-15));
#1001 = CARTESIAN_POINT('',(13.75,12.,3.E-15));
#1002 = ORIENTED_EDGE('',*,*,#307,.F.);
#1003 = ORIENTED_EDGE('',*,*,#993,.F.);
#1004 = TOROIDAL_SURFACE('',#1005,1.75,0.1);
#1005 = AXIS2_PLACEMENT_3D('',#1006,#1007,#1008);
#1006 = CARTESIAN_POINT('',(12.,12.,0.1));
#1007 = DIRECTION('',(0.,0.,1.));
#1008 = DIRECTION('',(1.,0.,-0.));
#1009 = ADVANCED_FACE('',(#1010),#1033,.T.);
#1010 = FACE_BOUND('',#1011,.T.);
#1011 = EDGE_LOOP('',(#1012,#1021,#1031,#1032));
#1012 = ORIENTED_EDGE('',*,*,#1013,.T.);
#1013 = EDGE_CURVE('',#1014,#1014,#1016,.T.);
#1014 = VERTEX_POINT('',#1015);
#1015 = CARTESIAN_POINT('',(13.65,-12.,0.1));
#1016 = CIRCLE('',#1017,1.65);
#1017 = AXIS2_PLACEMENT_3D('',#1018,#1019,#1020);
#1018 = CARTESIAN_POINT('',(12.,-12.,0.1));
#1019 = DIRECTION('',(0.,0.,1.));
#1020 = DIRECTION('',(1.,0.,-0.));
#1021 = ORIENTED_EDGE('',*,*,#1022,.T.);
#1022 = EDGE_CURVE('',#1014,#319,#1023,.T.);
#1023 = ( BOUNDED_CURVE() B_SPLINE_CURVE(6,(#1024,#1025,#1026,#1027,
#1028,#1029,#1030),.UNSPECIFIED.,.F.,.F.) B_SPLINE_CURVE_WITH_KNOTS((7,7
),(3.14159265359,4.712388980385),.PIECEWISE_BEZIER_KNOTS.) CURVE() 
GEOMETRIC_REPRESENTATION_ITEM() RATIONAL_B_SPLINE_CURVE((1.031393471788,
    1.010025407661,0.997924642725,0.993958444137,0.997924642725,
1.010025407661,1.031393471788)) REPRESENTATION_ITEM('') );
#1024 = CARTESIAN_POINT('',(13.65,-12.,0.1));
#1025 = CARTESIAN_POINT('',(13.65,-12.,7.326632168471E-02));
#1026 = CARTESIAN_POINT('',(13.658500435063,-12.,4.722914274178E-02));
#1027 = CARTESIAN_POINT('',(13.67480804868,-12.,2.480804867977E-02));
#1028 = CARTESIAN_POINT('',(13.697229142742,-12.,8.500435063372E-03));
#1029 = CARTESIAN_POINT('',(13.723266321685,-12.,3.01E-15));
#1030 = CARTESIAN_POINT('',(13.75,-12.,3.E-15));
#1031 = ORIENTED_EDGE('',*,*,#318,.F.);
#1032 = ORIENTED_EDGE('',*,*,#1022,.F.);
#1033 = TOROIDAL_SURFACE('',#1034,1.75,0.1);
#1034 = AXIS2_PLACEMENT_3D('',#1035,#1036,#1037);
#1035 = CARTESIAN_POINT('',(12.,-12.,0.1));
#1036 = DIRECTION('',(0.,0.,1.));
#1037 = DIRECTION('',(1.,0.,-0.));
#1038 = ADVANCED_FACE('',(#1039),#1062,.T.);
#1039 = FACE_BOUND('',#1040,.T.);
#1040 = EDGE_LOOP('',(#1041,#1050,#1060,#1061));
#1041 = ORIENTED_EDGE('',*,*,#1042,.T.);
#1042 = EDGE_CURVE('',#1043,#1043,#1045,.T.);
#1043 = VERTEX_POINT('',#1044);
#1044 = CARTESIAN_POINT('',(-10.35,-12.,0.1));
#1045 = CIRCLE('',#1046,1.65);
#1046 = AXIS2_PLACEMENT_3D('',#1047,#1048,#1049);
#1047 = CARTESIAN_POINT('',(-12.,-12.,0.1));
#1048 = DIRECTION('',(0.,0.,1.));
#1049 = DIRECTION('',(1.,0.,-0.));
#1050 = ORIENTED_EDGE('',*,*,#1051,.T.);
#1051 = EDGE_CURVE('',#1043,#330,#1052,.T.);
#1052 = ( BOUNDED_CURVE() B_SPLINE_CURVE(6,(#1053,#1054,#1055,#1056,
#1057,#1058,#1059),.UNSPECIFIED.,.F.,.F.) B_SPLINE_CURVE_WITH_KNOTS((7,7
),(3.14159265359,4.712388980385),.PIECEWISE_BEZIER_KNOTS.) CURVE() 
GEOMETRIC_REPRESENTATION_ITEM() RATIONAL_B_SPLINE_CURVE((1.031393471788,
    1.010025407661,0.997924642725,0.993958444137,0.997924642725,
1.010025407661,1.031393471788)) REPRESENTATION_ITEM('') );
#1053 = CARTESIAN_POINT('',(-10.35,-12.,0.1));
#1054 = CARTESIAN_POINT('',(-10.35,-12.,7.326632168471E-02));
#1055 = CARTESIAN_POINT('',(-10.34149956493,-12.,4.722914274178E-02));
#1056 = CARTESIAN_POINT('',(-10.32519195132,-12.,2.480804867977E-02));
#1057 = CARTESIAN_POINT('',(-10.30277085725,-12.,8.500435063372E-03));
#1058 = CARTESIAN_POINT('',(-10.27673367831,-12.,3.01E-15));
#1059 = CARTESIAN_POINT('',(-10.25,-12.,3.E-15));
#1060 = ORIENTED_EDGE('',*,*,#329,.F.);
#1061 = ORIENTED_EDGE('',*,*,#1051,.F.);
#1062 = TOROIDAL_SURFACE('',#1063,1.75,0.1);
#1063 = AXIS2_PLACEMENT_3D('',#1064,#1065,#1066);
#1064 = CARTESIAN_POINT('',(-12.,-12.,0.1));
#1065 = DIRECTION('',(0.,0.,1.));
#1066 = DIRECTION('',(1.,0.,-0.));
#1067 = ADVANCED_FACE('',(#1068),#1144,.T.);
#1068 = FACE_BOUND('',#1069,.T.);
#1069 = EDGE_LOOP('',(#1070,#1102,#1110,#1143));
#1070 = ORIENTED_EDGE('',*,*,#1071,.T.);
#1071 = EDGE_CURVE('',#341,#1072,#1074,.T.);
#1072 = VERTEX_POINT('',#1073);
#1073 = CARTESIAN_POINT('',(8.523584779695,-3.593188347881,0.1));
#1074 = B_SPLINE_CURVE_WITH_KNOTS('',3,(#1075,#1076,#1077,#1078,#1079,
    #1080,#1081,#1082,#1083,#1084,#1085,#1086,#1087,#1088,#1089,#1090,
    #1091,#1092,#1093,#1094,#1095,#1096,#1097,#1098,#1099,#1100,#1101),
  .UNSPECIFIED.,.F.,.F.,(4,1,1,1,2,2,2,2,2,2,2,1,1,2,2,4),(0.,
    3.125000000002E-02,6.250000000003E-02,0.125,0.1875,0.25,0.375,0.5,
    0.625,0.6875,0.71875,0.75,0.8125,0.84375,0.875,1.),.UNSPECIFIED.);
#1075 = CARTESIAN_POINT('',(8.396785058041,-3.635450548289,0.));
#1076 = CARTESIAN_POINT('',(8.398602366736,-3.63484964312,-0.));
#1077 = CARTESIAN_POINT('',(8.402268370338,-3.633637326181,
    6.167968801099E-05));
#1078 = CARTESIAN_POINT('',(8.409567817133,-3.631221385684,
    4.340582497471E-04));
#1079 = CARTESIAN_POINT('',(8.418635834636,-3.628217024277,
    1.361948497705E-03));
#1080 = CARTESIAN_POINT('',(8.42582908217,-3.625830496139,
    2.60265043949E-03));
#1081 = CARTESIAN_POINT('',(8.432990760176,-3.623452819818,
    4.100825673422E-03));
#1082 = CARTESIAN_POINT('',(8.436566997294,-3.62226468848,
    4.982033093814E-03));
#1083 = CARTESIAN_POINT('',(8.447152958202,-3.618745362316,
    8.006639007508E-03));
#1084 = CARTESIAN_POINT('',(8.454008765056,-3.61646297189,
    1.0519843865E-02));
#1085 = CARTESIAN_POINT('',(8.467287960737,-3.612036737416,
    1.661355356097E-02));
#1086 = CARTESIAN_POINT('',(8.473716023449,-3.609891325684,
    2.019396469593E-02));
#1087 = CARTESIAN_POINT('',(8.486041590471,-3.605772954616,
    2.86198138672E-02));
#1088 = CARTESIAN_POINT('',(8.491766928816,-3.603857530582,
    3.334729429278E-02));
#1089 = CARTESIAN_POINT('',(8.499605480381,-3.601232765781,
    4.132081573867E-02));
#1090 = CARTESIAN_POINT('',(8.502092504177,-3.600399546058,
    4.412678730538E-02));
#1091 = CARTESIAN_POINT('',(8.505610249527,-3.59922051544,
    4.858635240151E-02));
#1092 = CARTESIAN_POINT('',(8.506748770162,-3.598838833898,
    5.011755986465E-02));
#1093 = CARTESIAN_POINT('',(8.508922289517,-3.598110032281,
    5.322972531818E-02));
#1094 = CARTESIAN_POINT('',(8.512037595999,-3.597065216879,
    5.798531730574E-02));
#1095 = CARTESIAN_POINT('',(8.515597987817,-3.595870426854,
    6.468363791978E-02));
#1096 = CARTESIAN_POINT('',(8.517783841176,-3.59513659935,
    6.999935108376E-02));
#1097 = CARTESIAN_POINT('',(8.519126451201,-3.594685810227,
    7.361225113516E-02));
#1098 = CARTESIAN_POINT('',(8.519737409093,-3.594480649215,
    7.544630531959E-02));
#1099 = CARTESIAN_POINT('',(8.522451662103,-3.593569114888,
    8.465003150732E-02));
#1100 = CARTESIAN_POINT('',(8.523584779695,-3.593188347881,
    9.221485996035E-02));
#1101 = CARTESIAN_POINT('',(8.523584779695,-3.593188347881,0.1));
#1102 = ORIENTED_EDGE('',*,*,#1103,.T.);
#1103 = EDGE_CURVE('',#1072,#1104,#1106,.T.);
#1104 = VERTEX_POINT('',#1105);
#1105 = CARTESIAN_POINT('',(12.875609740984,-6.105831130802,0.1));
#1106 = LINE('',#1107,#1108);
#1107 = CARTESIAN_POINT('',(8.523584779695,-3.593188347881,0.1));
#1108 = VECTOR('',#1109,1.);
#1109 = DIRECTION('',(0.866025403784,-0.5,0.));
#1110 = ORIENTED_EDGE('',*,*,#1111,.F.);
#1111 = EDGE_CURVE('',#343,#1104,#1112,.T.);
#1112 = B_SPLINE_CURVE_WITH_KNOTS('',3,(#1113,#1114,#1115,#1116,#1117,
    #1118,#1119,#1120,#1121,#1122,#1123,#1124,#1125,#1126,#1127,#1128,
    #1129,#1130,#1131,#1132,#1133,#1134,#1135,#1136,#1137,#1138,#1139,
    #1140,#1141,#1142),.UNSPECIFIED.,.F.,.F.,(4,2,1,2,2,2,2,1,1,2,1,1,2,
    2,1,2,2,4),(0.,3.124999999999E-02,6.249999999997E-02,0.125,0.25,
    0.3125,0.375,0.5,0.53125,0.5625,0.625,0.6875,0.71875,0.75,0.8125,
    0.84375,0.875,1.),.UNSPECIFIED.);
#1113 = CARTESIAN_POINT('',(12.919151846738,-6.246440231118,-0.));
#1114 = CARTESIAN_POINT('',(12.918554168193,-6.244497389511,-0.));
#1115 = CARTESIAN_POINT('',(12.917951578097,-6.24253876919,
    2.891307920645E-05));
#1116 = CARTESIAN_POINT('',(12.916749008692,-6.238631460351,
    1.450434688483E-04));
#1117 = CARTESIAN_POINT('',(12.914947956529,-6.2327812331,
    4.062791978709E-04));
#1118 = CARTESIAN_POINT('',(12.913155270342,-6.22696303381,
    9.271920619074E-04));
#1119 = CARTESIAN_POINT('',(12.909581202693,-6.215369691496,
    2.318244833948E-03));
#1120 = CARTESIAN_POINT('',(12.907213451124,-6.207697842274,
    3.708266974846E-03));
#1121 = CARTESIAN_POINT('',(12.903686679773,-6.196282907769,
    6.547426417429E-03));
#1122 = CARTESIAN_POINT('',(12.902517550491,-6.192500919206,
    7.619238166202E-03));
#1123 = CARTESIAN_POINT('',(12.900214963382,-6.185056250771,
    1.000293044451E-02));
#1124 = CARTESIAN_POINT('',(12.899078410384,-6.181383551354,
    1.131713791202E-02));
#1125 = CARTESIAN_POINT('',(12.895715421206,-6.17052179559,
    1.564534816241E-02));
#1126 = CARTESIAN_POINT('',(12.89298983541,-6.161728091528,
    1.988787492526E-02));
#1127 = CARTESIAN_POINT('',(12.889859163044,-6.151639365666,
    2.612370118325E-02));
#1128 = CARTESIAN_POINT('',(12.888835733269,-6.148342886404,
    2.836852430408E-02));
#1129 = CARTESIAN_POINT('',(12.887331254385,-6.143498046808,
    3.183493364938E-02));
#1130 = CARTESIAN_POINT('',(12.885397755421,-6.137274621309,
    3.673725109328E-02));
#1131 = CARTESIAN_POINT('',(12.883180066861,-6.13014255149,
    4.363330339356E-02));
#1132 = CARTESIAN_POINT('',(12.881951845293,-6.126194833155,
    4.816453157895E-02));
#1133 = CARTESIAN_POINT('',(12.881157924567,-6.12364348353,
    5.128089284881E-02));
#1134 = CARTESIAN_POINT('',(12.880772435319,-6.122404906756,
    5.289150818555E-02));
#1135 = CARTESIAN_POINT('',(12.879670913905,-6.118866292216,
    5.781575901423E-02));
#1136 = CARTESIAN_POINT('',(12.878672825388,-6.115661140331,
    6.294475735626E-02));
#1137 = CARTESIAN_POINT('',(12.877847235015,-6.113010938794,
    6.841456118201E-02));
#1138 = CARTESIAN_POINT('',(12.877338178585,-6.11137700932,
    7.214270226825E-02));
#1139 = CARTESIAN_POINT('',(12.877103364518,-6.110623417207,
    7.405633349872E-02));
#1140 = CARTESIAN_POINT('',(12.876053721715,-6.107255074763,
    8.372878498472E-02));
#1141 = CARTESIAN_POINT('',(12.875609740984,-6.105831130802,
    9.172159123666E-02));
#1142 = CARTESIAN_POINT('',(12.875609740984,-6.105831130802,0.1));
#1143 = ORIENTED_EDGE('',*,*,#340,.F.);
#1144 = CYLINDRICAL_SURFACE('',#1145,0.1);
#1145 = AXIS2_PLACEMENT_3D('',#1146,#1147,#1148);
#1146 = CARTESIAN_POINT('',(0.525,0.909326673974,0.1));
#1147 = DIRECTION('',(-0.866025403784,0.5,0.));
#1148 = DIRECTION('',(-0.5,-0.866025403784,0.));
#1149 = ADVANCED_FACE('',(#1150),#1205,.T.);
#1150 = FACE_BOUND('',#1151,.T.);
#1151 = EDGE_LOOP('',(#1152,#1187,#1188,#1189,#1198));
#1152 = ORIENTED_EDGE('',*,*,#1153,.T.);
#1153 = EDGE_CURVE('',#1154,#351,#1156,.T.);
#1154 = VERTEX_POINT('',#1155);
#1155 = CARTESIAN_POINT('',(1.15,14.203520690308,0.1));
#1156 = B_SPLINE_CURVE_WITH_KNOTS('',3,(#1157,#1158,#1159,#1160,#1161,
    #1162,#1163,#1164,#1165,#1166,#1167,#1168,#1169,#1170,#1171,#1172,
    #1173,#1174,#1175,#1176,#1177,#1178,#1179,#1180,#1181,#1182,#1183,
    #1184,#1185,#1186),.UNSPECIFIED.,.F.,.F.,(4,2,2,1,2,2,1,1,2,1,1,2,2,
    2,2,1,2,4),(0.,0.125,0.15625,0.1875,0.25,0.28125,0.3125,0.375,0.4375
    ,0.46875,0.5,0.625,0.6875,0.75,0.875,0.9375,0.96875,1.),
  .UNSPECIFIED.);
#1157 = CARTESIAN_POINT('',(1.15,14.203520690308,0.1));
#1158 = CARTESIAN_POINT('',(1.15,14.203520690308,9.172159123666E-02));
#1159 = CARTESIAN_POINT('',(1.148988818721,14.204617160879,
    8.372878498472E-02));
#1160 = CARTESIAN_POINT('',(1.146596569998,14.207210349434,
    7.405633349872E-02));
#1161 = CARTESIAN_POINT('',(1.146061347117,14.207790500438,
    7.214270226825E-02));
#1162 = CARTESIAN_POINT('',(1.1449008509,14.209048320975,
    6.841456118201E-02));
#1163 = CARTESIAN_POINT('',(1.14301850423,14.21108840398,
    6.294475735626E-02));
#1164 = CARTESIAN_POINT('',(1.140741805533,14.213555349934,
    5.781575901423E-02));
#1165 = CARTESIAN_POINT('',(1.138228036155,14.21627860273,
    5.289150818555E-02));
#1166 = CARTESIAN_POINT('',(1.137348141827,14.217231734599,
    5.128089284881E-02));
#1167 = CARTESIAN_POINT('',(1.135535568601,14.219194964929,
    4.816453157895E-02));
#1168 = CARTESIAN_POINT('',(1.132730855021,14.222232495176,
    4.363330339356E-02));
#1169 = CARTESIAN_POINT('',(1.127663145656,14.227719104716,
    3.673725109328E-02));
#1170 = CARTESIAN_POINT('',(1.123240250557,14.232505276687,
    3.183493364938E-02));
#1171 = CARTESIAN_POINT('',(1.119796735831,14.236230613418,
    2.836852430408E-02));
#1172 = CARTESIAN_POINT('',(1.117453615935,14.238765169233,
    2.612370118325E-02));
#1173 = CARTESIAN_POINT('',(1.110281859229,14.246520773964,
    1.988787492526E-02));
#1174 = CARTESIAN_POINT('',(1.104029081017,14.253278052535,
    1.564534816241E-02));
#1175 = CARTESIAN_POINT('',(1.096304019184,14.261621364477,
    1.131713791202E-02));
#1176 = CARTESIAN_POINT('',(1.093691644688,14.264441997955,
    1.000293044451E-02));
#1177 = CARTESIAN_POINT('',(1.088395666254,14.270158431102,
    7.619238166203E-03));
#1178 = CARTESIAN_POINT('',(1.085704932723,14.273061921042,
    6.54742641743E-03));
#1179 = CARTESIAN_POINT('',(1.077582695135,14.281823661879,
    3.708266974847E-03));
#1180 = CARTESIAN_POINT('',(1.072122554598,14.287710119498,
    2.318244833948E-03));
#1181 = CARTESIAN_POINT('',(1.063869459465,14.296602024034,
    9.271920619075E-04));
#1182 = CARTESIAN_POINT('',(1.059727094169,14.301063635458,
    4.06279197871E-04));
#1183 = CARTESIAN_POINT('',(1.055561174833,14.30554850601,
    1.450434688483E-04));
#1184 = CARTESIAN_POINT('',(1.052778630821,14.308543616085,
    2.891307920643E-05));
#1185 = CARTESIAN_POINT('',(1.051383710914,14.310044784576,0.));
#1186 = CARTESIAN_POINT('',(1.05,14.311533810183,-0.));
#1187 = ORIENTED_EDGE('',*,*,#350,.F.);
#1188 = ORIENTED_EDGE('',*,*,#1111,.T.);
#1189 = ORIENTED_EDGE('',*,*,#1190,.T.);
#1190 = EDGE_CURVE('',#1104,#1191,#1193,.T.);
#1191 = VERTEX_POINT('',#1192);
#1192 = CARTESIAN_POINT('',(14.25,3.E-15,0.1));
#1193 = CIRCLE('',#1194,14.25);
#1194 = AXIS2_PLACEMENT_3D('',#1195,#1196,#1197);
#1195 = CARTESIAN_POINT('',(3.31E-15,3.04E-15,0.1));
#1196 = DIRECTION('',(0.,0.,1.));
#1197 = DIRECTION('',(1.,0.,-0.));
#1198 = ORIENTED_EDGE('',*,*,#1199,.T.);
#1199 = EDGE_CURVE('',#1191,#1154,#1200,.T.);
#1200 = CIRCLE('',#1201,14.25);
#1201 = AXIS2_PLACEMENT_3D('',#1202,#1203,#1204);
#1202 = CARTESIAN_POINT('',(3.31E-15,3.04E-15,0.1));
#1203 = DIRECTION('',(0.,0.,1.));
#1204 = DIRECTION('',(1.,0.,-0.));
#1205 = TOROIDAL_SURFACE('',#1206,14.35,0.1);
#1206 = AXIS2_PLACEMENT_3D('',#1207,#1208,#1209);
#1207 = CARTESIAN_POINT('',(3.31E-15,3.04E-15,0.1));
#1208 = DIRECTION('',(0.,0.,1.));
#1209 = DIRECTION('',(1.,0.,-0.));
#1210 = ADVANCED_FACE('',(#1211),#1253,.T.);
#1211 = FACE_BOUND('',#1212,.T.);
#1212 = EDGE_LOOP('',(#1213,#1245,#1246,#1247));
#1213 = ORIENTED_EDGE('',*,*,#1214,.T.);
#1214 = EDGE_CURVE('',#1215,#360,#1217,.T.);
#1215 = VERTEX_POINT('',#1216);
#1216 = CARTESIAN_POINT('',(1.15,9.178235124467,0.1));
#1217 = B_SPLINE_CURVE_WITH_KNOTS('',3,(#1218,#1219,#1220,#1221,#1222,
    #1223,#1224,#1225,#1226,#1227,#1228,#1229,#1230,#1231,#1232,#1233,
    #1234,#1235,#1236,#1237,#1238,#1239,#1240,#1241,#1242,#1243,#1244),
  .UNSPECIFIED.,.F.,.F.,(4,2,2,1,1,2,2,2,2,2,2,2,1,1,1,4),(0.,0.125,
    0.15625,0.1875,0.25,0.28125,0.3125,0.375,0.5,0.625,0.75,0.8125,0.875
    ,0.9375,0.96875,1.),.UNSPECIFIED.);
#1218 = CARTESIAN_POINT('',(1.15,9.178235124467,0.1));
#1219 = CARTESIAN_POINT('',(1.15,9.178235124467,9.221485996035E-02));
#1220 = CARTESIAN_POINT('',(1.149103687303,9.17744419935,
    8.465003150732E-02));
#1221 = CARTESIAN_POINT('',(1.146957148915,9.175549354455,
    7.544630531959E-02));
#1222 = CARTESIAN_POINT('',(1.146473995321,9.175122829905,
    7.361225113516E-02));
#1223 = CARTESIAN_POINT('',(1.145412295476,9.174185490078,
    6.999935108376E-02));
#1224 = CARTESIAN_POINT('',(1.143683855536,9.172659399292,
    6.468363791978E-02));
#1225 = CARTESIAN_POINT('',(1.140868941113,9.170173404543,
    5.798531730574E-02));
#1226 = CARTESIAN_POINT('',(1.138406451191,9.16799787769,
    5.322972531818E-02));
#1227 = CARTESIAN_POINT('',(1.1366885308,9.166479955522,
    5.011755986465E-02));
#1228 = CARTESIAN_POINT('',(1.13578872457,9.1656848085,
    4.858635240151E-02));
#1229 = CARTESIAN_POINT('',(1.133008781428,9.163227866972,
    4.412678730538E-02));
#1230 = CARTESIAN_POINT('',(1.131043680083,9.161490651045,
    4.132081573867E-02));
#1231 = CARTESIAN_POINT('',(1.124851291304,9.156014648662,
    3.334729429278E-02));
#1232 = CARTESIAN_POINT('',(1.120329816259,9.152014072227,
    2.86198138672E-02));
#1233 = CARTESIAN_POINT('',(1.110600418781,9.143399003604,
    2.019396469593E-02));
#1234 = CARTESIAN_POINT('',(1.105528406364,9.138904843864,
    1.661355356097E-02));
#1235 = CARTESIAN_POINT('',(1.095055577026,9.1296178403,1.0519843865E-02
    ));
#1236 = CARTESIAN_POINT('',(1.089651065508,9.124821732614,
    8.006639007508E-03));
#1237 = CARTESIAN_POINT('',(1.081310259192,9.117413684626,
    4.982033093814E-03));
#1238 = CARTESIAN_POINT('',(1.078493188712,9.114910638101,
    4.100825673422E-03));
#1239 = CARTESIAN_POINT('',(1.072853221612,9.109897281175,
    2.60265043949E-03));
#1240 = CARTESIAN_POINT('',(1.067189801903,9.104861008478,
    1.36196864763E-03));
#1241 = CARTESIAN_POINT('',(1.060053941798,9.098510057327,
    4.34058249747E-04));
#1242 = CARTESIAN_POINT('',(1.054311686293,9.093396188589,
    6.189046420861E-05));
#1243 = CARTESIAN_POINT('',(1.051429053489,9.090827827438,-0.));
#1244 = CARTESIAN_POINT('',(1.05,9.089554444526,-0.));
#1245 = ORIENTED_EDGE('',*,*,#359,.F.);
#1246 = ORIENTED_EDGE('',*,*,#1153,.F.);
#1247 = ORIENTED_EDGE('',*,*,#1248,.T.);
#1248 = EDGE_CURVE('',#1154,#1215,#1249,.T.);
#1249 = LINE('',#1250,#1251);
#1250 = CARTESIAN_POINT('',(1.15,14.203520690308,0.1));
#1251 = VECTOR('',#1252,1.);
#1252 = DIRECTION('',(-4.6E-16,-1.,0.));
#1253 = CYLINDRICAL_SURFACE('',#1254,0.1);
#1254 = AXIS2_PLACEMENT_3D('',#1255,#1256,#1257);
#1255 = CARTESIAN_POINT('',(1.05,-4.9E-16,0.1));
#1256 = DIRECTION('',(4.6E-16,1.,0.));
#1257 = DIRECTION('',(-1.,4.6E-16,0.));
#1258 = ADVANCED_FACE('',(#1259),#1271,.T.);
#1259 = FACE_BOUND('',#1260,.T.);
#1260 = EDGE_LOOP('',(#1261,#1262,#1263,#1264));
#1261 = ORIENTED_EDGE('',*,*,#1071,.F.);
#1262 = ORIENTED_EDGE('',*,*,#367,.T.);
#1263 = ORIENTED_EDGE('',*,*,#1214,.F.);
#1264 = ORIENTED_EDGE('',*,*,#1265,.F.);
#1265 = EDGE_CURVE('',#1072,#1215,#1266,.T.);
#1266 = CIRCLE('',#1267,9.25);
#1267 = AXIS2_PLACEMENT_3D('',#1268,#1269,#1270);
#1268 = CARTESIAN_POINT('',(3.31E-15,0.,0.1));
#1269 = DIRECTION('',(0.,0.,1.));
#1270 = DIRECTION('',(1.,0.,-0.));
#1271 = TOROIDAL_SURFACE('',#1272,9.15,0.1);
#1272 = AXIS2_PLACEMENT_3D('',#1273,#1274,#1275);
#1273 = CARTESIAN_POINT('',(3.31E-15,0.,0.1));
#1274 = DIRECTION('',(0.,0.,1.));
#1275 = DIRECTION('',(1.,0.,-0.));
#1276 = ADVANCED_FACE('',(#1277),#1303,.T.);
#1277 = FACE_BOUND('',#1278,.T.);
#1278 = EDGE_LOOP('',(#1279,#1287,#1288,#1296));
#1279 = ORIENTED_EDGE('',*,*,#1280,.T.);
#1280 = EDGE_CURVE('',#1281,#415,#1283,.T.);
#1281 = VERTEX_POINT('',#1282);
#1282 = CARTESIAN_POINT('',(-6.49963591375,-6.581582863467,1.5));
#1283 = LINE('',#1284,#1285);
#1284 = CARTESIAN_POINT('',(-6.49963591375,-6.581582863467,1.5));
#1285 = VECTOR('',#1286,1.);
#1286 = DIRECTION('',(0.,0.,-1.));
#1287 = ORIENTED_EDGE('',*,*,#414,.T.);
#1288 = ORIENTED_EDGE('',*,*,#1289,.F.);
#1289 = EDGE_CURVE('',#1290,#383,#1292,.T.);
#1290 = VERTEX_POINT('',#1291);
#1291 = CARTESIAN_POINT('',(7.373584779695,-5.585046776586,1.5));
#1292 = LINE('',#1293,#1294);
#1293 = CARTESIAN_POINT('',(7.373584779695,-5.585046776586,1.5));
#1294 = VECTOR('',#1295,1.);
#1295 = DIRECTION('',(0.,0.,-1.));
#1296 = ORIENTED_EDGE('',*,*,#1297,.T.);
#1297 = EDGE_CURVE('',#1290,#1281,#1298,.T.);
#1298 = CIRCLE('',#1299,9.25);
#1299 = AXIS2_PLACEMENT_3D('',#1300,#1301,#1302);
#1300 = CARTESIAN_POINT('',(3.31E-15,0.,1.5));
#1301 = DIRECTION('',(0.,0.,-1.));
#1302 = DIRECTION('',(1.,0.,0.));
#1303 = CYLINDRICAL_SURFACE('',#1304,9.25);
#1304 = AXIS2_PLACEMENT_3D('',#1305,#1306,#1307);
#1305 = CARTESIAN_POINT('',(3.31E-15,0.,1.5));
#1306 = DIRECTION('',(0.,0.,-1.));
#1307 = DIRECTION('',(-1.,0.,0.));
#1308 = ADVANCED_FACE('',(#1309),#1327,.F.);
#1309 = FACE_BOUND('',#1310,.T.);
#1310 = EDGE_LOOP('',(#1311,#1319,#1320,#1321));
#1311 = ORIENTED_EDGE('',*,*,#1312,.F.);
#1312 = EDGE_CURVE('',#464,#1313,#1315,.T.);
#1313 = VERTEX_POINT('',#1314);
#1314 = CARTESIAN_POINT('',(-10.93209669287,-9.14066528747,1.5));
#1315 = LINE('',#1316,#1317);
#1316 = CARTESIAN_POINT('',(-10.93209669287,-9.14066528747,
    -35.17406628984));
#1317 = VECTOR('',#1318,1.);
#1318 = DIRECTION('',(0.,0.,1.));
#1319 = ORIENTED_EDGE('',*,*,#498,.T.);
#1320 = ORIENTED_EDGE('',*,*,#1280,.F.);
#1321 = ORIENTED_EDGE('',*,*,#1322,.F.);
#1322 = EDGE_CURVE('',#1313,#1281,#1323,.T.);
#1323 = LINE('',#1324,#1325);
#1324 = CARTESIAN_POINT('',(-11.69578833645,-9.581582863467,1.5));
#1325 = VECTOR('',#1326,1.);
#1326 = DIRECTION('',(0.866025403784,0.5,0.));
#1327 = PLANE('',#1328);
#1328 = AXIS2_PLACEMENT_3D('',#1329,#1330,#1331);
#1329 = CARTESIAN_POINT('',(-11.69578833645,-9.581582863467,1.5));
#1330 = DIRECTION('',(-0.5,0.866025403784,0.));
#1331 = DIRECTION('',(-0.866025403784,-0.5,0.));
#1332 = ADVANCED_FACE('',(#1333),#1351,.T.);
#1333 = FACE_BOUND('',#1334,.T.);
#1334 = EDGE_LOOP('',(#1335,#1336,#1337,#1345));
#1335 = ORIENTED_EDGE('',*,*,#1289,.T.);
#1336 = ORIENTED_EDGE('',*,*,#567,.F.);
#1337 = ORIENTED_EDGE('',*,*,#1338,.T.);
#1338 = EDGE_CURVE('',#513,#1339,#1341,.T.);
#1339 = VERTEX_POINT('',#1340);
#1340 = CARTESIAN_POINT('',(11.725609740984,-8.097689559506,1.5));
#1341 = LINE('',#1342,#1343);
#1342 = CARTESIAN_POINT('',(11.725609740984,-8.097689559506,
    -35.17406628984));
#1343 = VECTOR('',#1344,1.);
#1344 = DIRECTION('',(0.,0.,1.));
#1345 = ORIENTED_EDGE('',*,*,#1346,.T.);
#1346 = EDGE_CURVE('',#1339,#1290,#1347,.T.);
#1347 = LINE('',#1348,#1349);
#1348 = CARTESIAN_POINT('',(12.415381056767,-8.495929214352,1.5));
#1349 = VECTOR('',#1350,1.);
#1350 = DIRECTION('',(-0.866025403784,0.5,0.));
#1351 = PLANE('',#1352);
#1352 = AXIS2_PLACEMENT_3D('',#1353,#1354,#1355);
#1353 = CARTESIAN_POINT('',(12.415381056767,-8.495929214352,1.5));
#1354 = DIRECTION('',(-0.5,-0.866025403784,0.));
#1355 = DIRECTION('',(0.866025403784,-0.5,0.));
#1356 = ADVANCED_FACE('',(#1357),#1382,.F.);
#1357 = FACE_BOUND('',#1358,.T.);
#1358 = EDGE_LOOP('',(#1359,#1367,#1368,#1376));
#1359 = ORIENTED_EDGE('',*,*,#1360,.T.);
#1360 = EDGE_CURVE('',#1361,#666,#1363,.T.);
#1361 = VERTEX_POINT('',#1362);
#1362 = CARTESIAN_POINT('',(-8.94963591375,-2.338058384924,1.5));
#1363 = LINE('',#1364,#1365);
#1364 = CARTESIAN_POINT('',(-8.94963591375,-2.338058384924,1.5));
#1365 = VECTOR('',#1366,1.);
#1366 = DIRECTION('',(0.,0.,-1.));
#1367 = ORIENTED_EDGE('',*,*,#700,.T.);
#1368 = ORIENTED_EDGE('',*,*,#1369,.T.);
#1369 = EDGE_CURVE('',#617,#1370,#1372,.T.);
#1370 = VERTEX_POINT('',#1371);
#1371 = CARTESIAN_POINT('',(-13.38209669287,-4.897140808926,1.5));
#1372 = LINE('',#1373,#1374);
#1373 = CARTESIAN_POINT('',(-13.38209669287,-4.897140808926,
    -35.17406628984));
#1374 = VECTOR('',#1375,1.);
#1375 = DIRECTION('',(0.,0.,1.));
#1376 = ORIENTED_EDGE('',*,*,#1377,.F.);
#1377 = EDGE_CURVE('',#1361,#1370,#1378,.T.);
#1378 = LINE('',#1379,#1380);
#1379 = CARTESIAN_POINT('',(-8.94963591375,-2.338058384924,1.5));
#1380 = VECTOR('',#1381,1.);
#1381 = DIRECTION('',(-0.866025403784,-0.5,0.));
#1382 = PLANE('',#1383);
#1383 = AXIS2_PLACEMENT_3D('',#1384,#1385,#1386);
#1384 = CARTESIAN_POINT('',(-8.94963591375,-2.338058384924,1.5));
#1385 = DIRECTION('',(0.5,-0.866025403784,0.));
#1386 = DIRECTION('',(0.866025403784,0.5,0.));
#1387 = ADVANCED_FACE('',(#1388),#1407,.T.);
#1388 = FACE_BOUND('',#1389,.T.);
#1389 = EDGE_LOOP('',(#1390,#1398,#1399,#1400));
#1390 = ORIENTED_EDGE('',*,*,#1391,.T.);
#1391 = EDGE_CURVE('',#1392,#715,#1394,.T.);
#1392 = VERTEX_POINT('',#1393);
#1393 = CARTESIAN_POINT('',(-1.15,9.178235124467,1.5));
#1394 = LINE('',#1395,#1396);
#1395 = CARTESIAN_POINT('',(-1.15,9.178235124467,1.5));
#1396 = VECTOR('',#1397,1.);
#1397 = DIRECTION('',(0.,0.,-1.));
#1398 = ORIENTED_EDGE('',*,*,#748,.T.);
#1399 = ORIENTED_EDGE('',*,*,#1360,.F.);
#1400 = ORIENTED_EDGE('',*,*,#1401,.T.);
#1401 = EDGE_CURVE('',#1361,#1392,#1402,.T.);
#1402 = CIRCLE('',#1403,9.25);
#1403 = AXIS2_PLACEMENT_3D('',#1404,#1405,#1406);
#1404 = CARTESIAN_POINT('',(3.31E-15,0.,1.5));
#1405 = DIRECTION('',(0.,0.,-1.));
#1406 = DIRECTION('',(1.,0.,0.));
#1407 = CYLINDRICAL_SURFACE('',#1408,9.25);
#1408 = AXIS2_PLACEMENT_3D('',#1409,#1410,#1411);
#1409 = CARTESIAN_POINT('',(3.31E-15,0.,1.5));
#1410 = DIRECTION('',(0.,0.,-1.));
#1411 = DIRECTION('',(-1.,0.,0.));
#1412 = ADVANCED_FACE('',(#1413),#1431,.T.);
#1413 = FACE_BOUND('',#1414,.T.);
#1414 = EDGE_LOOP('',(#1415,#1423,#1424,#1425));
#1415 = ORIENTED_EDGE('',*,*,#1416,.F.);
#1416 = EDGE_CURVE('',#582,#1417,#1419,.T.);
#1417 = VERTEX_POINT('',#1418);
#1418 = CARTESIAN_POINT('',(-1.15,14.203520690308,1.5));
#1419 = LINE('',#1420,#1421);
#1420 = CARTESIAN_POINT('',(-1.15,14.203520690308,-35.17406628984));
#1421 = VECTOR('',#1422,1.);
#1422 = DIRECTION('',(0.,0.,1.));
#1423 = ORIENTED_EDGE('',*,*,#766,.F.);
#1424 = ORIENTED_EDGE('',*,*,#1391,.F.);
#1425 = ORIENTED_EDGE('',*,*,#1426,.T.);
#1426 = EDGE_CURVE('',#1392,#1417,#1427,.T.);
#1427 = LINE('',#1428,#1429);
#1428 = CARTESIAN_POINT('',(-1.15,8.,1.5));
#1429 = VECTOR('',#1430,1.);
#1430 = DIRECTION('',(-3.4E-16,1.,0.));
#1431 = PLANE('',#1432);
#1432 = AXIS2_PLACEMENT_3D('',#1433,#1434,#1435);
#1433 = CARTESIAN_POINT('',(-1.15,8.,1.5));
#1434 = DIRECTION('',(-1.,-3.4E-16,0.));
#1435 = DIRECTION('',(3.4E-16,-1.,0.));
#1436 = ADVANCED_FACE('',(#1437),#1462,.T.);
#1437 = FACE_BOUND('',#1438,.T.);
#1438 = EDGE_LOOP('',(#1439,#1447,#1448,#1456));
#1439 = ORIENTED_EDGE('',*,*,#1440,.F.);
#1440 = EDGE_CURVE('',#1104,#1441,#1443,.T.);
#1441 = VERTEX_POINT('',#1442);
#1442 = CARTESIAN_POINT('',(12.875609740984,-6.105831130802,1.5));
#1443 = LINE('',#1444,#1445);
#1444 = CARTESIAN_POINT('',(12.875609740984,-6.105831130802,
    -35.17406628984));
#1445 = VECTOR('',#1446,1.);
#1446 = DIRECTION('',(0.,0.,1.));
#1447 = ORIENTED_EDGE('',*,*,#1103,.F.);
#1448 = ORIENTED_EDGE('',*,*,#1449,.F.);
#1449 = EDGE_CURVE('',#1450,#1072,#1452,.T.);
#1450 = VERTEX_POINT('',#1451);
#1451 = CARTESIAN_POINT('',(8.523584779695,-3.593188347881,1.5));
#1452 = LINE('',#1453,#1454);
#1453 = CARTESIAN_POINT('',(8.523584779695,-3.593188347881,1.5));
#1454 = VECTOR('',#1455,1.);
#1455 = DIRECTION('',(0.,0.,-1.));
#1456 = ORIENTED_EDGE('',*,*,#1457,.T.);
#1457 = EDGE_CURVE('',#1450,#1441,#1458,.T.);
#1458 = LINE('',#1459,#1460);
#1459 = CARTESIAN_POINT('',(7.503203230276,-3.004070785648,1.5));
#1460 = VECTOR('',#1461,1.);
#1461 = DIRECTION('',(0.866025403784,-0.5,0.));
#1462 = PLANE('',#1463);
#1463 = AXIS2_PLACEMENT_3D('',#1464,#1465,#1466);
#1464 = CARTESIAN_POINT('',(7.503203230276,-3.004070785648,1.5));
#1465 = DIRECTION('',(0.5,0.866025403784,0.));
#1466 = DIRECTION('',(-0.866025403784,0.5,0.));
#1467 = ADVANCED_FACE('',(#1468),#1493,.T.);
#1468 = FACE_BOUND('',#1469,.T.);
#1469 = EDGE_LOOP('',(#1470,#1478,#1479,#1487));
#1470 = ORIENTED_EDGE('',*,*,#1471,.T.);
#1471 = EDGE_CURVE('',#1472,#1215,#1474,.T.);
#1472 = VERTEX_POINT('',#1473);
#1473 = CARTESIAN_POINT('',(1.15,9.178235124467,1.5));
#1474 = LINE('',#1475,#1476);
#1475 = CARTESIAN_POINT('',(1.15,9.178235124467,1.5));
#1476 = VECTOR('',#1477,1.);
#1477 = DIRECTION('',(0.,0.,-1.));
#1478 = ORIENTED_EDGE('',*,*,#1248,.F.);
#1479 = ORIENTED_EDGE('',*,*,#1480,.T.);
#1480 = EDGE_CURVE('',#1154,#1481,#1483,.T.);
#1481 = VERTEX_POINT('',#1482);
#1482 = CARTESIAN_POINT('',(1.15,14.203520690308,1.5));
#1483 = LINE('',#1484,#1485);
#1484 = CARTESIAN_POINT('',(1.15,14.203520690308,-35.17406628984));
#1485 = VECTOR('',#1486,1.);
#1486 = DIRECTION('',(0.,0.,1.));
#1487 = ORIENTED_EDGE('',*,*,#1488,.T.);
#1488 = EDGE_CURVE('',#1481,#1472,#1489,.T.);
#1489 = LINE('',#1490,#1491);
#1490 = CARTESIAN_POINT('',(1.15,15.,1.5));
#1491 = VECTOR('',#1492,1.);
#1492 = DIRECTION('',(-4.6E-16,-1.,0.));
#1493 = PLANE('',#1494);
#1494 = AXIS2_PLACEMENT_3D('',#1495,#1496,#1497);
#1495 = CARTESIAN_POINT('',(1.15,15.,1.5));
#1496 = DIRECTION('',(1.,-4.6E-16,0.));
#1497 = DIRECTION('',(4.6E-16,1.,0.));
#1498 = ADVANCED_FACE('',(#1499),#1511,.T.);
#1499 = FACE_BOUND('',#1500,.T.);
#1500 = EDGE_LOOP('',(#1501,#1502,#1503,#1504));
#1501 = ORIENTED_EDGE('',*,*,#1449,.T.);
#1502 = ORIENTED_EDGE('',*,*,#1265,.T.);
#1503 = ORIENTED_EDGE('',*,*,#1471,.F.);
#1504 = ORIENTED_EDGE('',*,*,#1505,.T.);
#1505 = EDGE_CURVE('',#1472,#1450,#1506,.T.);
#1506 = CIRCLE('',#1507,9.25);
#1507 = AXIS2_PLACEMENT_3D('',#1508,#1509,#1510);
#1508 = CARTESIAN_POINT('',(3.31E-15,0.,1.5));
#1509 = DIRECTION('',(0.,0.,-1.));
#1510 = DIRECTION('',(1.,0.,0.));
#1511 = CYLINDRICAL_SURFACE('',#1512,9.25);
#1512 = AXIS2_PLACEMENT_3D('',#1513,#1514,#1515);
#1513 = CARTESIAN_POINT('',(3.31E-15,0.,1.5));
#1514 = DIRECTION('',(0.,0.,-1.));
#1515 = DIRECTION('',(-1.,0.,0.));
#1516 = ADVANCED_FACE('',(#1517),#1549,.F.);
#1517 = FACE_BOUND('',#1518,.T.);
#1518 = EDGE_LOOP('',(#1519,#1520,#1521,#1528,#1529,#1530,#1531,#1538,
    #1539,#1540,#1541,#1548));
#1519 = ORIENTED_EDGE('',*,*,#1401,.F.);
#1520 = ORIENTED_EDGE('',*,*,#1377,.T.);
#1521 = ORIENTED_EDGE('',*,*,#1522,.F.);
#1522 = EDGE_CURVE('',#1313,#1370,#1523,.T.);
#1523 = CIRCLE('',#1524,14.25);
#1524 = AXIS2_PLACEMENT_3D('',#1525,#1526,#1527);
#1525 = CARTESIAN_POINT('',(3.31E-15,3.04E-15,1.5));
#1526 = DIRECTION('',(0.,0.,-1.));
#1527 = DIRECTION('',(-1.,0.,0.));
#1528 = ORIENTED_EDGE('',*,*,#1322,.T.);
#1529 = ORIENTED_EDGE('',*,*,#1297,.F.);
#1530 = ORIENTED_EDGE('',*,*,#1346,.F.);
#1531 = ORIENTED_EDGE('',*,*,#1532,.F.);
#1532 = EDGE_CURVE('',#1441,#1339,#1533,.T.);
#1533 = CIRCLE('',#1534,14.25);
#1534 = AXIS2_PLACEMENT_3D('',#1535,#1536,#1537);
#1535 = CARTESIAN_POINT('',(3.31E-15,3.04E-15,1.5));
#1536 = DIRECTION('',(0.,0.,-1.));
#1537 = DIRECTION('',(-1.,0.,0.));
#1538 = ORIENTED_EDGE('',*,*,#1457,.F.);
#1539 = ORIENTED_EDGE('',*,*,#1505,.F.);
#1540 = ORIENTED_EDGE('',*,*,#1488,.F.);
#1541 = ORIENTED_EDGE('',*,*,#1542,.F.);
#1542 = EDGE_CURVE('',#1417,#1481,#1543,.T.);
#1543 = CIRCLE('',#1544,14.25);
#1544 = AXIS2_PLACEMENT_3D('',#1545,#1546,#1547);
#1545 = CARTESIAN_POINT('',(3.31E-15,3.04E-15,1.5));
#1546 = DIRECTION('',(0.,0.,-1.));
#1547 = DIRECTION('',(-1.,0.,0.));
#1548 = ORIENTED_EDGE('',*,*,#1426,.F.);
#1549 = PLANE('',#1550);
#1550 = AXIS2_PLACEMENT_3D('',#1551,#1552,#1553);
#1551 = CARTESIAN_POINT('',(3.31E-15,0.,1.5));
#1552 = DIRECTION('',(0.,0.,-1.));
#1553 = DIRECTION('',(-1.,0.,0.));
#1554 = ADVANCED_FACE('',(#1555),#1580,.T.);
#1555 = FACE_BOUND('',#1556,.T.);
#1556 = EDGE_LOOP('',(#1557,#1558,#1566,#1574));
#1557 = ORIENTED_EDGE('',*,*,#789,.T.);
#1558 = ORIENTED_EDGE('',*,*,#1559,.F.);
#1559 = EDGE_CURVE('',#1560,#781,#1562,.T.);
#1560 = VERTEX_POINT('',#1561);
#1561 = CARTESIAN_POINT('',(15.,12.,9.9));
#1562 = LINE('',#1563,#1564);
#1563 = CARTESIAN_POINT('',(15.,12.,8.));
#1564 = VECTOR('',#1565,1.);
#1565 = DIRECTION('',(0.,0.,-1.));
#1566 = ORIENTED_EDGE('',*,*,#1567,.F.);
#1567 = EDGE_CURVE('',#1568,#1560,#1570,.T.);
#1568 = VERTEX_POINT('',#1569);
#1569 = CARTESIAN_POINT('',(15.,-12.,9.9));
#1570 = LINE('',#1571,#1572);
#1571 = CARTESIAN_POINT('',(15.,-12.,9.9));
#1572 = VECTOR('',#1573,1.);
#1573 = DIRECTION('',(0.,1.,0.));
#1574 = ORIENTED_EDGE('',*,*,#1575,.T.);
#1575 = EDGE_CURVE('',#1568,#790,#1576,.T.);
#1576 = LINE('',#1577,#1578);
#1577 = CARTESIAN_POINT('',(15.,-12.,10.));
#1578 = VECTOR('',#1579,1.);
#1579 = DIRECTION('',(0.,0.,-1.));
#1580 = PLANE('',#1581);
#1581 = AXIS2_PLACEMENT_3D('',#1582,#1583,#1584);
#1582 = CARTESIAN_POINT('',(15.,-1.6E-16,5.));
#1583 = DIRECTION('',(1.,0.,0.));
#1584 = DIRECTION('',(-0.,0.,1.));
#1585 = ADVANCED_FACE('',(#1586),#1617,.T.);
#1586 = FACE_BOUND('',#1587,.T.);
#1587 = EDGE_LOOP('',(#1588,#1597,#1609,#1616));
#1588 = ORIENTED_EDGE('',*,*,#1589,.T.);
#1589 = EDGE_CURVE('',#1590,#1590,#1592,.T.);
#1590 = VERTEX_POINT('',#1591);
#1591 = CARTESIAN_POINT('',(-10.25,12.,10.));
#1592 = CIRCLE('',#1593,1.75);
#1593 = AXIS2_PLACEMENT_3D('',#1594,#1595,#1596);
#1594 = CARTESIAN_POINT('',(-12.,12.,10.));
#1595 = DIRECTION('',(0.,0.,1.));
#1596 = DIRECTION('',(1.,0.,-0.));
#1597 = ORIENTED_EDGE('',*,*,#1598,.T.);
#1598 = EDGE_CURVE('',#1590,#1599,#1601,.T.);
#1599 = VERTEX_POINT('',#1600);
#1600 = CARTESIAN_POINT('',(-10.35,12.,9.9));
#1601 = ( BOUNDED_CURVE() B_SPLINE_CURVE(6,(#1602,#1603,#1604,#1605,
#1606,#1607,#1608),.UNSPECIFIED.,.F.,.F.) B_SPLINE_CURVE_WITH_KNOTS((7,7
),(1.570796326795,3.14159265359),.PIECEWISE_BEZIER_KNOTS.) CURVE() 
GEOMETRIC_REPRESENTATION_ITEM() RATIONAL_B_SPLINE_CURVE((1.031393471788,
    1.010025407661,0.997924642725,0.993958444137,0.997924642725,
1.010025407661,1.031393471788)) REPRESENTATION_ITEM('') );
#1602 = CARTESIAN_POINT('',(-10.25,12.,10.));
#1603 = CARTESIAN_POINT('',(-10.27673367831,12.,10.));
#1604 = CARTESIAN_POINT('',(-10.30277085725,12.,9.991499564937));
#1605 = CARTESIAN_POINT('',(-10.32519195132,12.,9.97519195132));
#1606 = CARTESIAN_POINT('',(-10.34149956493,12.,9.952770857258));
#1607 = CARTESIAN_POINT('',(-10.35,12.,9.926733678315));
#1608 = CARTESIAN_POINT('',(-10.35,12.,9.9));
#1609 = ORIENTED_EDGE('',*,*,#1610,.F.);
#1610 = EDGE_CURVE('',#1599,#1599,#1611,.T.);
#1611 = CIRCLE('',#1612,1.65);
#1612 = AXIS2_PLACEMENT_3D('',#1613,#1614,#1615);
#1613 = CARTESIAN_POINT('',(-12.,12.,9.9));
#1614 = DIRECTION('',(0.,0.,1.));
#1615 = DIRECTION('',(1.,0.,-0.));
#1616 = ORIENTED_EDGE('',*,*,#1598,.F.);
#1617 = TOROIDAL_SURFACE('',#1618,1.75,0.1);
#1618 = AXIS2_PLACEMENT_3D('',#1619,#1620,#1621);
#1619 = CARTESIAN_POINT('',(-12.,12.,9.9));
#1620 = DIRECTION('',(0.,0.,1.));
#1621 = DIRECTION('',(1.,0.,-0.));
#1622 = ADVANCED_FACE('',(#1623,#1626,#1637,#1648,#1659,#1738),#1749,.T.
  );
#1623 = FACE_BOUND('',#1624,.T.);
#1624 = EDGE_LOOP('',(#1625));
#1625 = ORIENTED_EDGE('',*,*,#1589,.F.);
#1626 = FACE_BOUND('',#1627,.T.);
#1627 = EDGE_LOOP('',(#1628));
#1628 = ORIENTED_EDGE('',*,*,#1629,.F.);
#1629 = EDGE_CURVE('',#1630,#1630,#1632,.T.);
#1630 = VERTEX_POINT('',#1631);
#1631 = CARTESIAN_POINT('',(13.75,12.,10.));
#1632 = CIRCLE('',#1633,1.75);
#1633 = AXIS2_PLACEMENT_3D('',#1634,#1635,#1636);
#1634 = CARTESIAN_POINT('',(12.,12.,10.));
#1635 = DIRECTION('',(0.,0.,1.));
#1636 = DIRECTION('',(1.,0.,-0.));
#1637 = FACE_BOUND('',#1638,.T.);
#1638 = EDGE_LOOP('',(#1639));
#1639 = ORIENTED_EDGE('',*,*,#1640,.F.);
#1640 = EDGE_CURVE('',#1641,#1641,#1643,.T.);
#1641 = VERTEX_POINT('',#1642);
#1642 = CARTESIAN_POINT('',(13.75,-12.,10.));
#1643 = CIRCLE('',#1644,1.75);
#1644 = AXIS2_PLACEMENT_3D('',#1645,#1646,#1647);
#1645 = CARTESIAN_POINT('',(12.,-12.,10.));
#1646 = DIRECTION('',(0.,0.,1.));
#1647 = DIRECTION('',(1.,0.,-0.));
#1648 = FACE_BOUND('',#1649,.T.);
#1649 = EDGE_LOOP('',(#1650));
#1650 = ORIENTED_EDGE('',*,*,#1651,.F.);
#1651 = EDGE_CURVE('',#1652,#1652,#1654,.T.);
#1652 = VERTEX_POINT('',#1653);
#1653 = CARTESIAN_POINT('',(-10.25,-12.,10.));
#1654 = CIRCLE('',#1655,1.75);
#1655 = AXIS2_PLACEMENT_3D('',#1656,#1657,#1658);
#1656 = CARTESIAN_POINT('',(-12.,-12.,10.));
#1657 = DIRECTION('',(0.,0.,1.));
#1658 = DIRECTION('',(1.,0.,-0.));
#1659 = FACE_BOUND('',#1660,.T.);
#1660 = EDGE_LOOP('',(#1661,#1671,#1680,#1688,#1697,#1706,#1714,#1723,
    #1731));
#1661 = ORIENTED_EDGE('',*,*,#1662,.T.);
#1662 = EDGE_CURVE('',#1663,#1665,#1667,.T.);
#1663 = VERTEX_POINT('',#1664);
#1664 = CARTESIAN_POINT('',(12.,14.9,10.));
#1665 = VERTEX_POINT('',#1666);
#1666 = CARTESIAN_POINT('',(-12.,14.9,10.));
#1667 = LINE('',#1668,#1669);
#1668 = CARTESIAN_POINT('',(-12.,14.9,10.));
#1669 = VECTOR('',#1670,1.);
#1670 = DIRECTION('',(-1.,1.2E-16,0.));
#1671 = ORIENTED_EDGE('',*,*,#1672,.T.);
#1672 = EDGE_CURVE('',#1665,#1673,#1675,.T.);
#1673 = VERTEX_POINT('',#1674);
#1674 = CARTESIAN_POINT('',(-14.9,12.,10.));
#1675 = CIRCLE('',#1676,2.9);
#1676 = AXIS2_PLACEMENT_3D('',#1677,#1678,#1679);
#1677 = CARTESIAN_POINT('',(-12.,12.,10.));
#1678 = DIRECTION('',(0.,0.,1.));
#1679 = DIRECTION('',(1.,0.,-0.));
#1680 = ORIENTED_EDGE('',*,*,#1681,.T.);
#1681 = EDGE_CURVE('',#1673,#1682,#1684,.T.);
#1682 = VERTEX_POINT('',#1683);
#1683 = CARTESIAN_POINT('',(-14.9,-2.740894014733,10.));
#1684 = LINE('',#1685,#1686);
#1685 = CARTESIAN_POINT('',(-14.9,-2.75,10.));
#1686 = VECTOR('',#1687,1.);
#1687 = DIRECTION('',(0.,-1.,0.));
#1688 = ORIENTED_EDGE('',*,*,#1689,.T.);
#1689 = EDGE_CURVE('',#1682,#1690,#1692,.T.);
#1690 = VERTEX_POINT('',#1691);
#1691 = CARTESIAN_POINT('',(-12.11089958877,-9.102121244563,10.));
#1692 = CIRCLE('',#1693,15.15);
#1693 = AXIS2_PLACEMENT_3D('',#1694,#1695,#1696);
#1694 = CARTESIAN_POINT('',(3.31E-15,3.04E-15,10.));
#1695 = DIRECTION('',(0.,0.,1.));
#1696 = DIRECTION('',(1.,0.,-0.));
#1697 = ORIENTED_EDGE('',*,*,#1698,.T.);
#1698 = EDGE_CURVE('',#1690,#1699,#1701,.T.);
#1699 = VERTEX_POINT('',#1700);
#1700 = CARTESIAN_POINT('',(-12.,-14.9,10.));
#1701 = CIRCLE('',#1702,2.9);
#1702 = AXIS2_PLACEMENT_3D('',#1703,#1704,#1705);
#1703 = CARTESIAN_POINT('',(-12.,-12.,10.));
#1704 = DIRECTION('',(0.,0.,1.));
#1705 = DIRECTION('',(1.,0.,-0.));
#1706 = ORIENTED_EDGE('',*,*,#1707,.T.);
#1707 = EDGE_CURVE('',#1699,#1708,#1710,.T.);
#1708 = VERTEX_POINT('',#1709);
#1709 = CARTESIAN_POINT('',(12.,-14.9,10.));
#1710 = LINE('',#1711,#1712);
#1711 = CARTESIAN_POINT('',(12.,-14.9,10.));
#1712 = VECTOR('',#1713,1.);
#1713 = DIRECTION('',(1.,1.2E-16,0.));
#1714 = ORIENTED_EDGE('',*,*,#1715,.T.);
#1715 = EDGE_CURVE('',#1708,#1716,#1718,.T.);
#1716 = VERTEX_POINT('',#1717);
#1717 = CARTESIAN_POINT('',(14.9,-12.,10.));
#1718 = CIRCLE('',#1719,2.9);
#1719 = AXIS2_PLACEMENT_3D('',#1720,#1721,#1722);
#1720 = CARTESIAN_POINT('',(12.,-12.,10.));
#1721 = DIRECTION('',(0.,0.,1.));
#1722 = DIRECTION('',(1.,0.,-0.));
#1723 = ORIENTED_EDGE('',*,*,#1724,.T.);
#1724 = EDGE_CURVE('',#1716,#1725,#1727,.T.);
#1725 = VERTEX_POINT('',#1726);
#1726 = CARTESIAN_POINT('',(14.9,12.,10.));
#1727 = LINE('',#1728,#1729);
#1728 = CARTESIAN_POINT('',(14.9,12.,10.));
#1729 = VECTOR('',#1730,1.);
#1730 = DIRECTION('',(0.,1.,0.));
#1731 = ORIENTED_EDGE('',*,*,#1732,.T.);
#1732 = EDGE_CURVE('',#1725,#1663,#1733,.T.);
#1733 = CIRCLE('',#1734,2.9);
#1734 = AXIS2_PLACEMENT_3D('',#1735,#1736,#1737);
#1735 = CARTESIAN_POINT('',(12.,12.,10.));
#1736 = DIRECTION('',(0.,0.,1.));
#1737 = DIRECTION('',(1.,0.,-0.));
#1738 = FACE_BOUND('',#1739,.T.);
#1739 = EDGE_LOOP('',(#1740));
#1740 = ORIENTED_EDGE('',*,*,#1741,.F.);
#1741 = EDGE_CURVE('',#1742,#1742,#1744,.T.);
#1742 = VERTEX_POINT('',#1743);
#1743 = CARTESIAN_POINT('',(14.35,3.E-15,10.));
#1744 = CIRCLE('',#1745,14.35);
#1745 = AXIS2_PLACEMENT_3D('',#1746,#1747,#1748);
#1746 = CARTESIAN_POINT('',(3.31E-15,3.04E-15,10.));
#1747 = DIRECTION('',(0.,0.,1.));
#1748 = DIRECTION('',(1.,0.,-0.));
#1749 = PLANE('',#1750);
#1750 = AXIS2_PLACEMENT_3D('',#1751,#1752,#1753);
#1751 = CARTESIAN_POINT('',(0.,0.,10.));
#1752 = DIRECTION('',(0.,0.,1.));
#1753 = DIRECTION('',(1.,0.,-0.));
#1754 = ADVANCED_FACE('',(#1755),#1778,.T.);
#1755 = FACE_BOUND('',#1756,.T.);
#1756 = EDGE_LOOP('',(#1757,#1758,#1770,#1777));
#1757 = ORIENTED_EDGE('',*,*,#1629,.T.);
#1758 = ORIENTED_EDGE('',*,*,#1759,.T.);
#1759 = EDGE_CURVE('',#1630,#1760,#1762,.T.);
#1760 = VERTEX_POINT('',#1761);
#1761 = CARTESIAN_POINT('',(13.65,12.,9.9));
#1762 = ( BOUNDED_CURVE() B_SPLINE_CURVE(6,(#1763,#1764,#1765,#1766,
#1767,#1768,#1769),.UNSPECIFIED.,.F.,.F.) B_SPLINE_CURVE_WITH_KNOTS((7,7
),(1.570796326795,3.14159265359),.PIECEWISE_BEZIER_KNOTS.) CURVE() 
GEOMETRIC_REPRESENTATION_ITEM() RATIONAL_B_SPLINE_CURVE((1.031393471788,
    1.010025407661,0.997924642725,0.993958444137,0.997924642725,
1.010025407661,1.031393471788)) REPRESENTATION_ITEM('') );
#1763 = CARTESIAN_POINT('',(13.75,12.,10.));
#1764 = CARTESIAN_POINT('',(13.723266321685,12.,10.));
#1765 = CARTESIAN_POINT('',(13.697229142742,12.,9.991499564937));
#1766 = CARTESIAN_POINT('',(13.67480804868,12.,9.97519195132));
#1767 = CARTESIAN_POINT('',(13.658500435063,12.,9.952770857258));
#1768 = CARTESIAN_POINT('',(13.65,12.,9.926733678315));
#1769 = CARTESIAN_POINT('',(13.65,12.,9.9));
#1770 = ORIENTED_EDGE('',*,*,#1771,.F.);
#1771 = EDGE_CURVE('',#1760,#1760,#1772,.T.);
#1772 = CIRCLE('',#1773,1.65);
#1773 = AXIS2_PLACEMENT_3D('',#1774,#1775,#1776);
#1774 = CARTESIAN_POINT('',(12.,12.,9.9));
#1775 = DIRECTION('',(0.,0.,1.));
#1776 = DIRECTION('',(1.,0.,-0.));
#1777 = ORIENTED_EDGE('',*,*,#1759,.F.);
#1778 = TOROIDAL_SURFACE('',#1779,1.75,0.1);
#1779 = AXIS2_PLACEMENT_3D('',#1780,#1781,#1782);
#1780 = CARTESIAN_POINT('',(12.,12.,9.9));
#1781 = DIRECTION('',(0.,0.,1.));
#1782 = DIRECTION('',(1.,0.,-0.));
#1783 = ADVANCED_FACE('',(#1784),#1807,.T.);
#1784 = FACE_BOUND('',#1785,.T.);
#1785 = EDGE_LOOP('',(#1786,#1787,#1799,#1806));
#1786 = ORIENTED_EDGE('',*,*,#1640,.T.);
#1787 = ORIENTED_EDGE('',*,*,#1788,.T.);
#1788 = EDGE_CURVE('',#1641,#1789,#1791,.T.);
#1789 = VERTEX_POINT('',#1790);
#1790 = CARTESIAN_POINT('',(13.65,-12.,9.9));
#1791 = ( BOUNDED_CURVE() B_SPLINE_CURVE(6,(#1792,#1793,#1794,#1795,
#1796,#1797,#1798),.UNSPECIFIED.,.F.,.F.) B_SPLINE_CURVE_WITH_KNOTS((7,7
),(1.570796326795,3.14159265359),.PIECEWISE_BEZIER_KNOTS.) CURVE() 
GEOMETRIC_REPRESENTATION_ITEM() RATIONAL_B_SPLINE_CURVE((1.031393471788,
    1.010025407661,0.997924642725,0.993958444137,0.997924642725,
1.010025407661,1.031393471788)) REPRESENTATION_ITEM('') );
#1792 = CARTESIAN_POINT('',(13.75,-12.,10.));
#1793 = CARTESIAN_POINT('',(13.723266321685,-12.,10.));
#1794 = CARTESIAN_POINT('',(13.697229142742,-12.,9.991499564937));
#1795 = CARTESIAN_POINT('',(13.67480804868,-12.,9.97519195132));
#1796 = CARTESIAN_POINT('',(13.658500435063,-12.,9.952770857258));
#1797 = CARTESIAN_POINT('',(13.65,-12.,9.926733678315));
#1798 = CARTESIAN_POINT('',(13.65,-12.,9.9));
#1799 = ORIENTED_EDGE('',*,*,#1800,.F.);
#1800 = EDGE_CURVE('',#1789,#1789,#1801,.T.);
#1801 = CIRCLE('',#1802,1.65);
#1802 = AXIS2_PLACEMENT_3D('',#1803,#1804,#1805);
#1803 = CARTESIAN_POINT('',(12.,-12.,9.9));
#1804 = DIRECTION('',(0.,0.,1.));
#1805 = DIRECTION('',(1.,0.,-0.));
#1806 = ORIENTED_EDGE('',*,*,#1788,.F.);
#1807 = TOROIDAL_SURFACE('',#1808,1.75,0.1);
#1808 = AXIS2_PLACEMENT_3D('',#1809,#1810,#1811);
#1809 = CARTESIAN_POINT('',(12.,-12.,9.9));
#1810 = DIRECTION('',(0.,0.,1.));
#1811 = DIRECTION('',(1.,0.,-0.));
#1812 = ADVANCED_FACE('',(#1813),#1836,.T.);
#1813 = FACE_BOUND('',#1814,.T.);
#1814 = EDGE_LOOP('',(#1815,#1816,#1828,#1835));
#1815 = ORIENTED_EDGE('',*,*,#1651,.T.);
#1816 = ORIENTED_EDGE('',*,*,#1817,.T.);
#1817 = EDGE_CURVE('',#1652,#1818,#1820,.T.);
#1818 = VERTEX_POINT('',#1819);
#1819 = CARTESIAN_POINT('',(-10.35,-12.,9.9));
#1820 = ( BOUNDED_CURVE() B_SPLINE_CURVE(6,(#1821,#1822,#1823,#1824,
#1825,#1826,#1827),.UNSPECIFIED.,.F.,.F.) B_SPLINE_CURVE_WITH_KNOTS((7,7
),(1.570796326795,3.14159265359),.PIECEWISE_BEZIER_KNOTS.) CURVE() 
GEOMETRIC_REPRESENTATION_ITEM() RATIONAL_B_SPLINE_CURVE((1.031393471788,
    1.010025407661,0.997924642725,0.993958444137,0.997924642725,
1.010025407661,1.031393471788)) REPRESENTATION_ITEM('') );
#1821 = CARTESIAN_POINT('',(-10.25,-12.,10.));
#1822 = CARTESIAN_POINT('',(-10.27673367831,-12.,10.));
#1823 = CARTESIAN_POINT('',(-10.30277085725,-12.,9.991499564937));
#1824 = CARTESIAN_POINT('',(-10.32519195132,-12.,9.97519195132));
#1825 = CARTESIAN_POINT('',(-10.34149956493,-12.,9.952770857258));
#1826 = CARTESIAN_POINT('',(-10.35,-12.,9.926733678315));
#1827 = CARTESIAN_POINT('',(-10.35,-12.,9.9));
#1828 = ORIENTED_EDGE('',*,*,#1829,.F.);
#1829 = EDGE_CURVE('',#1818,#1818,#1830,.T.);
#1830 = CIRCLE('',#1831,1.65);
#1831 = AXIS2_PLACEMENT_3D('',#1832,#1833,#1834);
#1832 = CARTESIAN_POINT('',(-12.,-12.,9.9));
#1833 = DIRECTION('',(0.,0.,1.));
#1834 = DIRECTION('',(1.,0.,-0.));
#1835 = ORIENTED_EDGE('',*,*,#1817,.F.);
#1836 = TOROIDAL_SURFACE('',#1837,1.75,0.1);
#1837 = AXIS2_PLACEMENT_3D('',#1838,#1839,#1840);
#1838 = CARTESIAN_POINT('',(-12.,-12.,9.9));
#1839 = DIRECTION('',(0.,0.,1.));
#1840 = DIRECTION('',(1.,0.,-0.));
#1841 = ADVANCED_FACE('',(#1842),#1869,.T.);
#1842 = FACE_BOUND('',#1843,.T.);
#1843 = EDGE_LOOP('',(#1844,#1853,#1861,#1868));
#1844 = ORIENTED_EDGE('',*,*,#1845,.T.);
#1845 = EDGE_CURVE('',#1663,#1846,#1848,.T.);
#1846 = VERTEX_POINT('',#1847);
#1847 = CARTESIAN_POINT('',(12.,15.,9.9));
#1848 = CIRCLE('',#1849,0.1);
#1849 = AXIS2_PLACEMENT_3D('',#1850,#1851,#1852);
#1850 = CARTESIAN_POINT('',(12.,14.9,9.9));
#1851 = DIRECTION('',(-1.,0.,0.));
#1852 = DIRECTION('',(0.,0.,1.));
#1853 = ORIENTED_EDGE('',*,*,#1854,.T.);
#1854 = EDGE_CURVE('',#1846,#1855,#1857,.T.);
#1855 = VERTEX_POINT('',#1856);
#1856 = CARTESIAN_POINT('',(-12.,15.,9.9));
#1857 = LINE('',#1858,#1859);
#1858 = CARTESIAN_POINT('',(12.,15.,9.9));
#1859 = VECTOR('',#1860,1.);
#1860 = DIRECTION('',(-1.,1.2E-16,0.));
#1861 = ORIENTED_EDGE('',*,*,#1862,.F.);
#1862 = EDGE_CURVE('',#1665,#1855,#1863,.T.);
#1863 = CIRCLE('',#1864,0.1);
#1864 = AXIS2_PLACEMENT_3D('',#1865,#1866,#1867);
#1865 = CARTESIAN_POINT('',(-12.,14.9,9.9));
#1866 = DIRECTION('',(-1.,0.,0.));
#1867 = DIRECTION('',(0.,0.,1.));
#1868 = ORIENTED_EDGE('',*,*,#1662,.F.);
#1869 = CYLINDRICAL_SURFACE('',#1870,0.1);
#1870 = AXIS2_PLACEMENT_3D('',#1871,#1872,#1873);
#1871 = CARTESIAN_POINT('',(1.72E-15,14.9,9.9));
#1872 = DIRECTION('',(1.,-1.2E-16,0.));
#1873 = DIRECTION('',(1.2E-16,1.,0.));
#1874 = ADVANCED_FACE('',(#1875),#1895,.T.);
#1875 = FACE_BOUND('',#1876,.T.);
#1876 = EDGE_LOOP('',(#1877,#1878,#1887,#1894));
#1877 = ORIENTED_EDGE('',*,*,#1862,.T.);
#1878 = ORIENTED_EDGE('',*,*,#1879,.T.);
#1879 = EDGE_CURVE('',#1855,#1880,#1882,.T.);
#1880 = VERTEX_POINT('',#1881);
#1881 = CARTESIAN_POINT('',(-15.,12.,9.9));
#1882 = CIRCLE('',#1883,3.);
#1883 = AXIS2_PLACEMENT_3D('',#1884,#1885,#1886);
#1884 = CARTESIAN_POINT('',(-12.,12.,9.9));
#1885 = DIRECTION('',(0.,0.,1.));
#1886 = DIRECTION('',(1.,0.,-0.));
#1887 = ORIENTED_EDGE('',*,*,#1888,.T.);
#1888 = EDGE_CURVE('',#1880,#1673,#1889,.T.);
#1889 = CIRCLE('',#1890,0.1);
#1890 = AXIS2_PLACEMENT_3D('',#1891,#1892,#1893);
#1891 = CARTESIAN_POINT('',(-14.9,12.,9.9));
#1892 = DIRECTION('',(0.,1.,0.));
#1893 = DIRECTION('',(0.,-0.,1.));
#1894 = ORIENTED_EDGE('',*,*,#1672,.F.);
#1895 = TOROIDAL_SURFACE('',#1896,2.9,0.1);
#1896 = AXIS2_PLACEMENT_3D('',#1897,#1898,#1899);
#1897 = CARTESIAN_POINT('',(-12.,12.,9.9));
#1898 = DIRECTION('',(0.,0.,1.));
#1899 = DIRECTION('',(1.,0.,-0.));
#1900 = ADVANCED_FACE('',(#1901),#1947,.T.);
#1901 = FACE_BOUND('',#1902,.T.);
#1902 = EDGE_LOOP('',(#1903,#1939,#1940,#1941));
#1903 = ORIENTED_EDGE('',*,*,#1904,.T.);
#1904 = EDGE_CURVE('',#1905,#1682,#1907,.T.);
#1905 = VERTEX_POINT('',#1906);
#1906 = CARTESIAN_POINT('',(-15.,-2.75,9.9));
#1907 = B_SPLINE_CURVE_WITH_KNOTS('',3,(#1908,#1909,#1910,#1911,#1912,
    #1913,#1914,#1915,#1916,#1917,#1918,#1919,#1920,#1921,#1922,#1923,
    #1924,#1925,#1926,#1927,#1928,#1929,#1930,#1931,#1932,#1933,#1934,
    #1935,#1936,#1937,#1938),.UNSPECIFIED.,.F.,.F.,(4,2,2,2,2,2,2,2,2,1,
    1,2,2,1,2,2,4),(0.,0.125,0.1875,0.25,0.375,0.4375,0.5,0.625,0.65625,
    0.6875,0.75,0.8125,0.875,0.9375,0.96875,0.984375,1.),.UNSPECIFIED.);
#1908 = CARTESIAN_POINT('',(-15.,-2.75,9.9));
#1909 = CARTESIAN_POINT('',(-15.,-2.75,9.906617318299));
#1910 = CARTESIAN_POINT('',(-14.99934964499,-2.749940878621,9.9131233284
    ));
#1911 = CARTESIAN_POINT('',(-14.99743891039,-2.749767164425,
    9.922722283544));
#1912 = CARTESIAN_POINT('',(-14.99664496825,-2.749694981568,
    9.92589505944));
#1913 = CARTESIAN_POINT('',(-14.99473588899,-2.749521404178,
    9.932185638537));
#1914 = CARTESIAN_POINT('',(-14.99361574176,-2.749419554008,
    9.935310783614));
#1915 = CARTESIAN_POINT('',(-14.98984304527,-2.749076494924,
    9.944398889602));
#1916 = CARTESIAN_POINT('',(-14.98676557589,-2.748796627114,
    9.95014472132));
#1917 = CARTESIAN_POINT('',(-14.98131396588,-2.748300749603,
    9.958298614999));
#1918 = CARTESIAN_POINT('',(-14.9793479179,-2.748121903259,
    9.960948852033));
#1919 = CARTESIAN_POINT('',(-14.9751641125,-2.747741271021,
    9.966039464202));
#1920 = CARTESIAN_POINT('',(-14.97296301509,-2.747541000898,
    9.968461853433));
#1921 = CARTESIAN_POINT('',(-14.96604239361,-2.7469112423,9.975371811943
    ));
#1922 = CARTESIAN_POINT('',(-14.96100853919,-2.746453079347,
    9.979505547876));
#1923 = CARTESIAN_POINT('',(-14.95417869732,-2.745831270149,
    9.984067634265));
#1924 = CARTESIAN_POINT('',(-14.9527821757,-2.745704118133,
    9.984951410404));
#1925 = CARTESIAN_POINT('',(-14.94996253994,-2.745447374555,
    9.986639741485));
#1926 = CARTESIAN_POINT('',(-14.94568624826,-2.745057967308,
    9.989058585986));
#1927 = CARTESIAN_POINT('',(-14.93832979768,-2.744387932347,
    9.992533601532));
#1928 = CARTESIAN_POINT('',(-14.93220370919,-2.743829793489,
    9.994728996448));
#1929 = CARTESIAN_POINT('',(-14.92595548382,-2.743260436589,
    9.996628021367));
#1930 = CARTESIAN_POINT('',(-14.922756668,-2.742968906205,9.997431748865
    ));
#1931 = CARTESIAN_POINT('',(-14.9163071199,-2.742381017721,
    9.998716206704));
#1932 = CARTESIAN_POINT('',(-14.91143724853,-2.741937048873,
    9.999438627268));
#1933 = CARTESIAN_POINT('',(-14.90651848173,-2.741488512355,
    9.99980091258));
#1934 = CARTESIAN_POINT('',(-14.90405085139,-2.741263473533,
    9.99992131301));
#1935 = CARTESIAN_POINT('',(-14.90324787314,-2.741190233787,
    9.999950541389));
#1936 = CARTESIAN_POINT('',(-14.90162428121,-2.741042155693,
    9.999990105083));
#1937 = CARTESIAN_POINT('',(-14.90081225555,-2.740968095697,10.));
#1938 = CARTESIAN_POINT('',(-14.9,-2.740894014733,10.));
#1939 = ORIENTED_EDGE('',*,*,#1681,.F.);
#1940 = ORIENTED_EDGE('',*,*,#1888,.F.);
#1941 = ORIENTED_EDGE('',*,*,#1942,.T.);
#1942 = EDGE_CURVE('',#1880,#1905,#1943,.T.);
#1943 = LINE('',#1944,#1945);
#1944 = CARTESIAN_POINT('',(-15.,12.,9.9));
#1945 = VECTOR('',#1946,1.);
#1946 = DIRECTION('',(0.,-1.,0.));
#1947 = CYLINDRICAL_SURFACE('',#1948,0.1);
#1948 = AXIS2_PLACEMENT_3D('',#1949,#1950,#1951);
#1949 = CARTESIAN_POINT('',(-14.9,0.,9.9));
#1950 = DIRECTION('',(0.,1.,0.));
#1951 = DIRECTION('',(0.,-0.,1.));
#1952 = ADVANCED_FACE('',(#1953),#2000,.T.);
#1953 = FACE_BOUND('',#1954,.T.);
#1954 = EDGE_LOOP('',(#1955,#1991,#1992,#1993));
#1955 = ORIENTED_EDGE('',*,*,#1956,.T.);
#1956 = EDGE_CURVE('',#1957,#1690,#1959,.T.);
#1957 = VERTEX_POINT('',#1958);
#1958 = CARTESIAN_POINT('',(-12.3000604063,-9.01504376036,9.9));
#1959 = B_SPLINE_CURVE_WITH_KNOTS('',3,(#1960,#1961,#1962,#1963,#1964,
    #1965,#1966,#1967,#1968,#1969,#1970,#1971,#1972,#1973,#1974,#1975,
    #1976,#1977,#1978,#1979,#1980,#1981,#1982,#1983,#1984,#1985,#1986,
    #1987,#1988,#1989,#1990),.UNSPECIFIED.,.F.,.F.,(4,2,2,1,1,2,2,2,2,2,
    2,2,2,1,2,2,4),(0.,6.25E-02,7.812499999999E-02,9.374999999999E-02,
    0.125,0.15625,0.1875,0.25,0.28125,0.3125,0.375,0.5,0.5625,0.625,0.75
    ,0.875,1.),.UNSPECIFIED.);
#1960 = CARTESIAN_POINT('',(-12.3000604063,-9.01504376036,9.9));
#1961 = CARTESIAN_POINT('',(-12.3000604063,-9.01504376036,9.905311478552
    ));
#1962 = CARTESIAN_POINT('',(-12.29928800432,-9.015387709746,
    9.910472175136));
#1963 = CARTESIAN_POINT('',(-12.29747175103,-9.016197373036,
    9.91675690478));
#1964 = CARTESIAN_POINT('',(-12.29706388501,-9.016379225061,
    9.918009644492));
#1965 = CARTESIAN_POINT('',(-12.29617749546,-9.016774530942,
    9.920463691247));
#1966 = CARTESIAN_POINT('',(-12.29473989751,-9.017415795965,
    9.924077271438));
#1967 = CARTESIAN_POINT('',(-12.29184869345,-9.018706428805,
    9.929790394984));
#1968 = CARTESIAN_POINT('',(-12.28907684141,-9.019945413619,
    9.934073875822));
#1969 = CARTESIAN_POINT('',(-12.28610055763,-9.021276871516,
    9.938229378567));
#1970 = CARTESIAN_POINT('',(-12.28452817667,-9.021980798599,
    9.940217794343));
#1971 = CARTESIAN_POINT('',(-12.27962116557,-9.024179518589,
    9.945930209626));
#1972 = CARTESIAN_POINT('',(-12.27608863159,-9.025764855935,
    9.949417995796));
#1973 = CARTESIAN_POINT('',(-12.27049434635,-9.028280614258,
    9.954285948843));
#1974 = CARTESIAN_POINT('',(-12.26857970036,-9.029142440732,
    9.955847201849));
#1975 = CARTESIAN_POINT('',(-12.26466104019,-9.030908149684,
    9.958859520344));
#1976 = CARTESIAN_POINT('',(-12.26265614896,-9.031812434277,
    9.960310628366));
#1977 = CARTESIAN_POINT('',(-12.25658478481,-9.03455377517,
    9.964471544188));
#1978 = CARTESIAN_POINT('',(-12.25244031086,-9.036428919238,
    9.967007891884));
#1979 = CARTESIAN_POINT('',(-12.23977718285,-9.042171091698,
    9.974050097799));
#1980 = CARTESIAN_POINT('',(-12.23103195077,-9.046153488414,
    9.977996639313));
#1981 = CARTESIAN_POINT('',(-12.21758600302,-9.052306017594,
    9.983095698573));
#1982 = CARTESIAN_POINT('',(-12.213036543,-9.054392551265,9.984659351823
    ));
#1983 = CARTESIAN_POINT('',(-12.20390960914,-9.058588546258,
    9.987514366568));
#1984 = CARTESIAN_POINT('',(-12.19017358024,-9.064918475273,
    9.991391134675));
#1985 = CARTESIAN_POINT('',(-12.1763200834,-9.071348442748,
    9.994200464264));
#1986 = CARTESIAN_POINT('',(-12.15776428126,-9.080003249534,
    9.997149541324));
#1987 = CARTESIAN_POINT('',(-12.14844396736,-9.084371486675,
    9.998224357048));
#1988 = CARTESIAN_POINT('',(-12.12972866109,-9.093186577504,
    9.999649773902));
#1989 = CARTESIAN_POINT('',(-12.12034409835,-9.097630036125,10.));
#1990 = CARTESIAN_POINT('',(-12.11089958877,-9.102121244563,10.));
#1991 = ORIENTED_EDGE('',*,*,#1689,.F.);
#1992 = ORIENTED_EDGE('',*,*,#1904,.F.);
#1993 = ORIENTED_EDGE('',*,*,#1994,.T.);
#1994 = EDGE_CURVE('',#1905,#1957,#1995,.T.);
#1995 = CIRCLE('',#1996,15.25);
#1996 = AXIS2_PLACEMENT_3D('',#1997,#1998,#1999);
#1997 = CARTESIAN_POINT('',(3.31E-15,3.04E-15,9.9));
#1998 = DIRECTION('',(0.,0.,1.));
#1999 = DIRECTION('',(1.,0.,-0.));
#2000 = TOROIDAL_SURFACE('',#2001,15.15,0.1);
#2001 = AXIS2_PLACEMENT_3D('',#2002,#2003,#2004);
#2002 = CARTESIAN_POINT('',(3.31E-15,3.04E-15,9.9));
#2003 = DIRECTION('',(0.,0.,1.));
#2004 = DIRECTION('',(1.,0.,-0.));
#2005 = ADVANCED_FACE('',(#2006),#2026,.T.);
#2006 = FACE_BOUND('',#2007,.T.);
#2007 = EDGE_LOOP('',(#2008,#2017,#2018,#2019));
#2008 = ORIENTED_EDGE('',*,*,#2009,.T.);
#2009 = EDGE_CURVE('',#2010,#1699,#2012,.T.);
#2010 = VERTEX_POINT('',#2011);
#2011 = CARTESIAN_POINT('',(-12.,-15.,9.9));
#2012 = CIRCLE('',#2013,0.1);
#2013 = AXIS2_PLACEMENT_3D('',#2014,#2015,#2016);
#2014 = CARTESIAN_POINT('',(-12.,-14.9,9.9));
#2015 = DIRECTION('',(-1.,0.,0.));
#2016 = DIRECTION('',(0.,0.,1.));
#2017 = ORIENTED_EDGE('',*,*,#1698,.F.);
#2018 = ORIENTED_EDGE('',*,*,#1956,.F.);
#2019 = ORIENTED_EDGE('',*,*,#2020,.T.);
#2020 = EDGE_CURVE('',#1957,#2010,#2021,.T.);
#2021 = CIRCLE('',#2022,3.);
#2022 = AXIS2_PLACEMENT_3D('',#2023,#2024,#2025);
#2023 = CARTESIAN_POINT('',(-12.,-12.,9.9));
#2024 = DIRECTION('',(0.,0.,1.));
#2025 = DIRECTION('',(1.,0.,-0.));
#2026 = TOROIDAL_SURFACE('',#2027,2.9,0.1);
#2027 = AXIS2_PLACEMENT_3D('',#2028,#2029,#2030);
#2028 = CARTESIAN_POINT('',(-12.,-12.,9.9));
#2029 = DIRECTION('',(0.,0.,1.));
#2030 = DIRECTION('',(1.,0.,-0.));
#2031 = ADVANCED_FACE('',(#2032),#2051,.T.);
#2032 = FACE_BOUND('',#2033,.T.);
#2033 = EDGE_LOOP('',(#2034,#2043,#2044,#2045));
#2034 = ORIENTED_EDGE('',*,*,#2035,.T.);
#2035 = EDGE_CURVE('',#2036,#1708,#2038,.T.);
#2036 = VERTEX_POINT('',#2037);
#2037 = CARTESIAN_POINT('',(12.,-15.,9.9));
#2038 = CIRCLE('',#2039,0.1);
#2039 = AXIS2_PLACEMENT_3D('',#2040,#2041,#2042);
#2040 = CARTESIAN_POINT('',(12.,-14.9,9.9));
#2041 = DIRECTION('',(-1.,0.,0.));
#2042 = DIRECTION('',(0.,0.,1.));
#2043 = ORIENTED_EDGE('',*,*,#1707,.F.);
#2044 = ORIENTED_EDGE('',*,*,#2009,.F.);
#2045 = ORIENTED_EDGE('',*,*,#2046,.T.);
#2046 = EDGE_CURVE('',#2010,#2036,#2047,.T.);
#2047 = LINE('',#2048,#2049);
#2048 = CARTESIAN_POINT('',(-12.,-15.,9.9));
#2049 = VECTOR('',#2050,1.);
#2050 = DIRECTION('',(1.,1.2E-16,0.));
#2051 = CYLINDRICAL_SURFACE('',#2052,0.1);
#2052 = AXIS2_PLACEMENT_3D('',#2053,#2054,#2055);
#2053 = CARTESIAN_POINT('',(1.72E-15,-14.9,9.9));
#2054 = DIRECTION('',(-1.,-1.2E-16,0.));
#2055 = DIRECTION('',(1.2E-16,-1.,0.));
#2056 = ADVANCED_FACE('',(#2057),#2075,.T.);
#2057 = FACE_BOUND('',#2058,.T.);
#2058 = EDGE_LOOP('',(#2059,#2066,#2067,#2068));
#2059 = ORIENTED_EDGE('',*,*,#2060,.F.);
#2060 = EDGE_CURVE('',#1716,#1568,#2061,.T.);
#2061 = CIRCLE('',#2062,0.1);
#2062 = AXIS2_PLACEMENT_3D('',#2063,#2064,#2065);
#2063 = CARTESIAN_POINT('',(14.9,-12.,9.9));
#2064 = DIRECTION('',(0.,1.,0.));
#2065 = DIRECTION('',(0.,-0.,1.));
#2066 = ORIENTED_EDGE('',*,*,#1715,.F.);
#2067 = ORIENTED_EDGE('',*,*,#2035,.F.);
#2068 = ORIENTED_EDGE('',*,*,#2069,.T.);
#2069 = EDGE_CURVE('',#2036,#1568,#2070,.T.);
#2070 = CIRCLE('',#2071,3.);
#2071 = AXIS2_PLACEMENT_3D('',#2072,#2073,#2074);
#2072 = CARTESIAN_POINT('',(12.,-12.,9.9));
#2073 = DIRECTION('',(0.,0.,1.));
#2074 = DIRECTION('',(1.,0.,-0.));
#2075 = TOROIDAL_SURFACE('',#2076,2.9,0.1);
#2076 = AXIS2_PLACEMENT_3D('',#2077,#2078,#2079);
#2077 = CARTESIAN_POINT('',(12.,-12.,9.9));
#2078 = DIRECTION('',(0.,0.,1.));
#2079 = DIRECTION('',(1.,0.,-0.));
#2080 = ADVANCED_FACE('',(#2081),#2093,.T.);
#2081 = FACE_BOUND('',#2082,.T.);
#2082 = EDGE_LOOP('',(#2083,#2084,#2085,#2092));
#2083 = ORIENTED_EDGE('',*,*,#2060,.T.);
#2084 = ORIENTED_EDGE('',*,*,#1567,.T.);
#2085 = ORIENTED_EDGE('',*,*,#2086,.F.);
#2086 = EDGE_CURVE('',#1725,#1560,#2087,.T.);
#2087 = CIRCLE('',#2088,0.1);
#2088 = AXIS2_PLACEMENT_3D('',#2089,#2090,#2091);
#2089 = CARTESIAN_POINT('',(14.9,12.,9.9));
#2090 = DIRECTION('',(0.,1.,0.));
#2091 = DIRECTION('',(0.,-0.,1.));
#2092 = ORIENTED_EDGE('',*,*,#1724,.F.);
#2093 = CYLINDRICAL_SURFACE('',#2094,0.1);
#2094 = AXIS2_PLACEMENT_3D('',#2095,#2096,#2097);
#2095 = CARTESIAN_POINT('',(14.9,0.,9.9));
#2096 = DIRECTION('',(0.,-1.,0.));
#2097 = DIRECTION('',(0.,0.,-1.));
#2098 = ADVANCED_FACE('',(#2099),#2111,.T.);
#2099 = FACE_BOUND('',#2100,.T.);
#2100 = EDGE_LOOP('',(#2101,#2102,#2109,#2110));
#2101 = ORIENTED_EDGE('',*,*,#2086,.T.);
#2102 = ORIENTED_EDGE('',*,*,#2103,.T.);
#2103 = EDGE_CURVE('',#1560,#1846,#2104,.T.);
#2104 = CIRCLE('',#2105,3.);
#2105 = AXIS2_PLACEMENT_3D('',#2106,#2107,#2108);
#2106 = CARTESIAN_POINT('',(12.,12.,9.9));
#2107 = DIRECTION('',(0.,0.,1.));
#2108 = DIRECTION('',(1.,0.,-0.));
#2109 = ORIENTED_EDGE('',*,*,#1845,.F.);
#2110 = ORIENTED_EDGE('',*,*,#1732,.F.);
#2111 = TOROIDAL_SURFACE('',#2112,2.9,0.1);
#2112 = AXIS2_PLACEMENT_3D('',#2113,#2114,#2115);
#2113 = CARTESIAN_POINT('',(12.,12.,9.9));
#2114 = DIRECTION('',(0.,0.,1.));
#2115 = DIRECTION('',(1.,0.,-0.));
#2116 = ADVANCED_FACE('',(#2117),#2140,.T.);
#2117 = FACE_BOUND('',#2118,.T.);
#2118 = EDGE_LOOP('',(#2119,#2128,#2138,#2139));
#2119 = ORIENTED_EDGE('',*,*,#2120,.F.);
#2120 = EDGE_CURVE('',#2121,#2121,#2123,.T.);
#2121 = VERTEX_POINT('',#2122);
#2122 = CARTESIAN_POINT('',(14.25,3.E-15,9.9));
#2123 = CIRCLE('',#2124,14.25);
#2124 = AXIS2_PLACEMENT_3D('',#2125,#2126,#2127);
#2125 = CARTESIAN_POINT('',(3.31E-15,3.04E-15,9.9));
#2126 = DIRECTION('',(0.,0.,1.));
#2127 = DIRECTION('',(1.,0.,-0.));
#2128 = ORIENTED_EDGE('',*,*,#2129,.F.);
#2129 = EDGE_CURVE('',#1742,#2121,#2130,.T.);
#2130 = ( BOUNDED_CURVE() B_SPLINE_CURVE(6,(#2131,#2132,#2133,#2134,
#2135,#2136,#2137),.UNSPECIFIED.,.F.,.F.) B_SPLINE_CURVE_WITH_KNOTS((7,7
),(1.570796326795,3.14159265359),.PIECEWISE_BEZIER_KNOTS.) CURVE() 
GEOMETRIC_REPRESENTATION_ITEM() RATIONAL_B_SPLINE_CURVE((1.031393471788,
    1.010025407661,0.997924642725,0.993958444137,0.997924642725,
1.010025407661,1.031393471788)) REPRESENTATION_ITEM('') );
#2131 = CARTESIAN_POINT('',(14.35,-4.8E-16,10.));
#2132 = CARTESIAN_POINT('',(14.323266321685,-4.7E-16,10.));
#2133 = CARTESIAN_POINT('',(14.297229142742,-4.7E-16,9.991499564937));
#2134 = CARTESIAN_POINT('',(14.27480804868,-4.6E-16,9.97519195132));
#2135 = CARTESIAN_POINT('',(14.258500435063,-4.6E-16,9.952770857258));
#2136 = CARTESIAN_POINT('',(14.25,-4.5E-16,9.926733678315));
#2137 = CARTESIAN_POINT('',(14.25,-4.5E-16,9.9));
#2138 = ORIENTED_EDGE('',*,*,#1741,.T.);
#2139 = ORIENTED_EDGE('',*,*,#2129,.T.);
#2140 = TOROIDAL_SURFACE('',#2141,14.35,0.1);
#2141 = AXIS2_PLACEMENT_3D('',#2142,#2143,#2144);
#2142 = CARTESIAN_POINT('',(3.31E-15,3.04E-15,9.9));
#2143 = DIRECTION('',(0.,0.,1.));
#2144 = DIRECTION('',(1.,0.,-0.));
#2145 = ADVANCED_FACE('',(#2146),#2162,.T.);
#2146 = FACE_BOUND('',#2147,.T.);
#2147 = EDGE_LOOP('',(#2148,#2149,#2155,#2156));
#2148 = ORIENTED_EDGE('',*,*,#850,.T.);
#2149 = ORIENTED_EDGE('',*,*,#2150,.F.);
#2150 = EDGE_CURVE('',#2036,#815,#2151,.T.);
#2151 = LINE('',#2152,#2153);
#2152 = CARTESIAN_POINT('',(12.,-15.,8.));
#2153 = VECTOR('',#2154,1.);
#2154 = DIRECTION('',(0.,0.,-1.));
#2155 = ORIENTED_EDGE('',*,*,#2046,.F.);
#2156 = ORIENTED_EDGE('',*,*,#2157,.T.);
#2157 = EDGE_CURVE('',#2010,#840,#2158,.T.);
#2158 = LINE('',#2159,#2160);
#2159 = CARTESIAN_POINT('',(-12.,-15.,10.));
#2160 = VECTOR('',#2161,1.);
#2161 = DIRECTION('',(0.,0.,-1.));
#2162 = PLANE('',#2163);
#2163 = AXIS2_PLACEMENT_3D('',#2164,#2165,#2166);
#2164 = CARTESIAN_POINT('',(-1.6E-16,-15.,5.));
#2165 = DIRECTION('',(-0.,-1.,-0.));
#2166 = DIRECTION('',(0.,0.,-1.));
#2167 = ADVANCED_FACE('',(#2168),#2200,.T.);
#2168 = FACE_BOUND('',#2169,.T.);
#2169 = EDGE_LOOP('',(#2170,#2178,#2179,#2185,#2186,#2194));
#2170 = ORIENTED_EDGE('',*,*,#2171,.T.);
#2171 = EDGE_CURVE('',#2172,#1905,#2174,.T.);
#2172 = VERTEX_POINT('',#2173);
#2173 = CARTESIAN_POINT('',(-15.,-2.75,2.));
#2174 = LINE('',#2175,#2176);
#2175 = CARTESIAN_POINT('',(-15.,-2.75,2.));
#2176 = VECTOR('',#2177,1.);
#2177 = DIRECTION('',(0.,0.,1.));
#2178 = ORIENTED_EDGE('',*,*,#1942,.F.);
#2179 = ORIENTED_EDGE('',*,*,#2180,.T.);
#2180 = EDGE_CURVE('',#1880,#891,#2181,.T.);
#2181 = LINE('',#2182,#2183);
#2182 = CARTESIAN_POINT('',(-15.,12.,10.));
#2183 = VECTOR('',#2184,1.);
#2184 = DIRECTION('',(0.,0.,-1.));
#2185 = ORIENTED_EDGE('',*,*,#901,.T.);
#2186 = ORIENTED_EDGE('',*,*,#2187,.F.);
#2187 = EDGE_CURVE('',#2188,#865,#2190,.T.);
#2188 = VERTEX_POINT('',#2189);
#2189 = CARTESIAN_POINT('',(-15.,-12.,2.));
#2190 = LINE('',#2191,#2192);
#2191 = CARTESIAN_POINT('',(-15.,-12.,8.));
#2192 = VECTOR('',#2193,1.);
#2193 = DIRECTION('',(0.,0.,-1.));
#2194 = ORIENTED_EDGE('',*,*,#2195,.T.);
#2195 = EDGE_CURVE('',#2188,#2172,#2196,.T.);
#2196 = LINE('',#2197,#2198);
#2197 = CARTESIAN_POINT('',(-15.,15.,2.));
#2198 = VECTOR('',#2199,1.);
#2199 = DIRECTION('',(0.,1.,0.));
#2200 = PLANE('',#2201);
#2201 = AXIS2_PLACEMENT_3D('',#2202,#2203,#2204);
#2202 = CARTESIAN_POINT('',(-15.,1.08099112426,3.91900887574));
#2203 = DIRECTION('',(-1.,-0.,-0.));
#2204 = DIRECTION('',(0.,0.,-1.));
#2205 = ADVANCED_FACE('',(#2206,#2209,#2212),#2231,.F.);
#2206 = FACE_BOUND('',#2207,.T.);
#2207 = EDGE_LOOP('',(#2208));
#2208 = ORIENTED_EDGE('',*,*,#109,.T.);
#2209 = FACE_BOUND('',#2210,.T.);
#2210 = EDGE_LOOP('',(#2211));
#2211 = ORIENTED_EDGE('',*,*,#68,.T.);
#2212 = FACE_BOUND('',#2213,.T.);
#2213 = EDGE_LOOP('',(#2214,#2223,#2230));
#2214 = ORIENTED_EDGE('',*,*,#2215,.T.);
#2215 = EDGE_CURVE('',#2188,#2216,#2218,.T.);
#2216 = VERTEX_POINT('',#2217);
#2217 = CARTESIAN_POINT('',(-12.3000604063,-9.01504376036,2.));
#2218 = CIRCLE('',#2219,3.);
#2219 = AXIS2_PLACEMENT_3D('',#2220,#2221,#2222);
#2220 = CARTESIAN_POINT('',(-12.,-12.,2.));
#2221 = DIRECTION('',(0.,0.,-1.));
#2222 = DIRECTION('',(1.,0.,0.));
#2223 = ORIENTED_EDGE('',*,*,#2224,.T.);
#2224 = EDGE_CURVE('',#2216,#2172,#2225,.T.);
#2225 = CIRCLE('',#2226,15.25);
#2226 = AXIS2_PLACEMENT_3D('',#2227,#2228,#2229);
#2227 = CARTESIAN_POINT('',(3.31E-15,3.04E-15,2.));
#2228 = DIRECTION('',(0.,0.,-1.));
#2229 = DIRECTION('',(1.,0.,0.));
#2230 = ORIENTED_EDGE('',*,*,#2195,.F.);
#2231 = PLANE('',#2232);
#2232 = AXIS2_PLACEMENT_3D('',#2233,#2234,#2235);
#2233 = CARTESIAN_POINT('',(-12.,-12.,2.));
#2234 = DIRECTION('',(0.,0.,-1.));
#2235 = DIRECTION('',(-1.,0.,0.));
#2236 = ADVANCED_FACE('',(#2237),#2253,.T.);
#2237 = FACE_BOUND('',#2238,.T.);
#2238 = EDGE_LOOP('',(#2239,#2240,#2246,#2247));
#2239 = ORIENTED_EDGE('',*,*,#942,.T.);
#2240 = ORIENTED_EDGE('',*,*,#2241,.F.);
#2241 = EDGE_CURVE('',#1855,#917,#2242,.T.);
#2242 = LINE('',#2243,#2244);
#2243 = CARTESIAN_POINT('',(-12.,15.,8.));
#2244 = VECTOR('',#2245,1.);
#2245 = DIRECTION('',(0.,0.,-1.));
#2246 = ORIENTED_EDGE('',*,*,#1854,.F.);
#2247 = ORIENTED_EDGE('',*,*,#2248,.T.);
#2248 = EDGE_CURVE('',#1846,#943,#2249,.T.);
#2249 = LINE('',#2250,#2251);
#2250 = CARTESIAN_POINT('',(12.,15.,10.));
#2251 = VECTOR('',#2252,1.);
#2252 = DIRECTION('',(0.,0.,-1.));
#2253 = PLANE('',#2254);
#2254 = AXIS2_PLACEMENT_3D('',#2255,#2256,#2257);
#2255 = CARTESIAN_POINT('',(1.6E-16,15.,5.));
#2256 = DIRECTION('',(0.,1.,0.));
#2257 = DIRECTION('',(0.,-0.,1.));
#2258 = ADVANCED_FACE('',(#2259),#2269,.F.);
#2259 = FACE_BOUND('',#2260,.F.);
#2260 = EDGE_LOOP('',(#2261,#2262,#2267,#2268));
#2261 = ORIENTED_EDGE('',*,*,#1610,.F.);
#2262 = ORIENTED_EDGE('',*,*,#2263,.F.);
#2263 = EDGE_CURVE('',#126,#1599,#2264,.T.);
#2264 = B_SPLINE_CURVE_WITH_KNOTS('',1,(#2265,#2266),.UNSPECIFIED.,.F.,
  .F.,(2,2),(35.274066289846,45.074066289846),.PIECEWISE_BEZIER_KNOTS.);
#2265 = CARTESIAN_POINT('',(-10.35,12.,0.1));
#2266 = CARTESIAN_POINT('',(-10.35,12.,9.9));
#2267 = ORIENTED_EDGE('',*,*,#125,.T.);
#2268 = ORIENTED_EDGE('',*,*,#2263,.T.);
#2269 = CYLINDRICAL_SURFACE('',#2270,1.65);
#2270 = AXIS2_PLACEMENT_3D('',#2271,#2272,#2273);
#2271 = CARTESIAN_POINT('',(-12.,12.,-35.17406628984));
#2272 = DIRECTION('',(0.,0.,1.));
#2273 = DIRECTION('',(1.,0.,-0.));
#2274 = ADVANCED_FACE('',(#2275),#2297,.F.);
#2275 = FACE_BOUND('',#2276,.F.);
#2276 = EDGE_LOOP('',(#2277,#2278,#2279,#2280,#2281,#2282,#2283,#2284,
    #2285,#2286,#2287,#2288,#2289,#2294,#2295,#2296));
#2277 = ORIENTED_EDGE('',*,*,#1480,.T.);
#2278 = ORIENTED_EDGE('',*,*,#1542,.F.);
#2279 = ORIENTED_EDGE('',*,*,#1416,.F.);
#2280 = ORIENTED_EDGE('',*,*,#616,.T.);
#2281 = ORIENTED_EDGE('',*,*,#1369,.T.);
#2282 = ORIENTED_EDGE('',*,*,#1522,.F.);
#2283 = ORIENTED_EDGE('',*,*,#1312,.F.);
#2284 = ORIENTED_EDGE('',*,*,#549,.T.);
#2285 = ORIENTED_EDGE('',*,*,#1338,.T.);
#2286 = ORIENTED_EDGE('',*,*,#1532,.F.);
#2287 = ORIENTED_EDGE('',*,*,#1440,.F.);
#2288 = ORIENTED_EDGE('',*,*,#1190,.T.);
#2289 = ORIENTED_EDGE('',*,*,#2290,.T.);
#2290 = EDGE_CURVE('',#1191,#2121,#2291,.T.);
#2291 = B_SPLINE_CURVE_WITH_KNOTS('',1,(#2292,#2293),.UNSPECIFIED.,.F.,
  .F.,(2,2),(35.274066289846,45.074066289846),.PIECEWISE_BEZIER_KNOTS.);
#2292 = CARTESIAN_POINT('',(14.25,3.04E-15,0.1));
#2293 = CARTESIAN_POINT('',(14.25,3.04E-15,9.9));
#2294 = ORIENTED_EDGE('',*,*,#2120,.F.);
#2295 = ORIENTED_EDGE('',*,*,#2290,.F.);
#2296 = ORIENTED_EDGE('',*,*,#1199,.T.);
#2297 = CYLINDRICAL_SURFACE('',#2298,14.25);
#2298 = AXIS2_PLACEMENT_3D('',#2299,#2300,#2301);
#2299 = CARTESIAN_POINT('',(3.31E-15,3.04E-15,-35.17406628984));
#2300 = DIRECTION('',(0.,0.,1.));
#2301 = DIRECTION('',(1.,0.,-0.));
#2302 = ADVANCED_FACE('',(#2303),#2309,.T.);
#2303 = FACE_BOUND('',#2304,.T.);
#2304 = EDGE_LOOP('',(#2305,#2306,#2307,#2308));
#2305 = ORIENTED_EDGE('',*,*,#2069,.F.);
#2306 = ORIENTED_EDGE('',*,*,#2150,.T.);
#2307 = ORIENTED_EDGE('',*,*,#814,.T.);
#2308 = ORIENTED_EDGE('',*,*,#1575,.F.);
#2309 = CYLINDRICAL_SURFACE('',#2310,3.);
#2310 = AXIS2_PLACEMENT_3D('',#2311,#2312,#2313);
#2311 = CARTESIAN_POINT('',(12.,-12.,8.));
#2312 = DIRECTION('',(0.,0.,-1.));
#2313 = DIRECTION('',(-1.,0.,0.));
#2314 = ADVANCED_FACE('',(#2315),#2328,.T.);
#2315 = FACE_BOUND('',#2316,.T.);
#2316 = EDGE_LOOP('',(#2317,#2318,#2324,#2325,#2326,#2327));
#2317 = ORIENTED_EDGE('',*,*,#2020,.F.);
#2318 = ORIENTED_EDGE('',*,*,#2319,.F.);
#2319 = EDGE_CURVE('',#2216,#1957,#2320,.T.);
#2320 = LINE('',#2321,#2322);
#2321 = CARTESIAN_POINT('',(-12.3000604063,-9.01504376036,4.));
#2322 = VECTOR('',#2323,1.);
#2323 = DIRECTION('',(0.,0.,1.));
#2324 = ORIENTED_EDGE('',*,*,#2215,.F.);
#2325 = ORIENTED_EDGE('',*,*,#2187,.T.);
#2326 = ORIENTED_EDGE('',*,*,#875,.T.);
#2327 = ORIENTED_EDGE('',*,*,#2157,.F.);
#2328 = CYLINDRICAL_SURFACE('',#2329,3.);
#2329 = AXIS2_PLACEMENT_3D('',#2330,#2331,#2332);
#2330 = CARTESIAN_POINT('',(-12.,-12.,2.));
#2331 = DIRECTION('',(0.,0.,1.));
#2332 = DIRECTION('',(1.,0.,-0.));
#2333 = ADVANCED_FACE('',(#2334),#2340,.T.);
#2334 = FACE_BOUND('',#2335,.T.);
#2335 = EDGE_LOOP('',(#2336,#2337,#2338,#2339));
#2336 = ORIENTED_EDGE('',*,*,#1879,.F.);
#2337 = ORIENTED_EDGE('',*,*,#2241,.T.);
#2338 = ORIENTED_EDGE('',*,*,#916,.T.);
#2339 = ORIENTED_EDGE('',*,*,#2180,.F.);
#2340 = CYLINDRICAL_SURFACE('',#2341,3.);
#2341 = AXIS2_PLACEMENT_3D('',#2342,#2343,#2344);
#2342 = CARTESIAN_POINT('',(-12.,12.,8.));
#2343 = DIRECTION('',(0.,0.,-1.));
#2344 = DIRECTION('',(-1.,0.,0.));
#2345 = ADVANCED_FACE('',(#2346),#2352,.T.);
#2346 = FACE_BOUND('',#2347,.T.);
#2347 = EDGE_LOOP('',(#2348,#2349,#2350,#2351));
#2348 = ORIENTED_EDGE('',*,*,#2103,.F.);
#2349 = ORIENTED_EDGE('',*,*,#1559,.T.);
#2350 = ORIENTED_EDGE('',*,*,#967,.T.);
#2351 = ORIENTED_EDGE('',*,*,#2248,.F.);
#2352 = CYLINDRICAL_SURFACE('',#2353,3.);
#2353 = AXIS2_PLACEMENT_3D('',#2354,#2355,#2356);
#2354 = CARTESIAN_POINT('',(12.,12.,8.));
#2355 = DIRECTION('',(0.,0.,-1.));
#2356 = DIRECTION('',(-1.,0.,0.));
#2357 = ADVANCED_FACE('',(#2358),#2368,.F.);
#2358 = FACE_BOUND('',#2359,.F.);
#2359 = EDGE_LOOP('',(#2360,#2361,#2366,#2367));
#2360 = ORIENTED_EDGE('',*,*,#1771,.F.);
#2361 = ORIENTED_EDGE('',*,*,#2362,.F.);
#2362 = EDGE_CURVE('',#985,#1760,#2363,.T.);
#2363 = B_SPLINE_CURVE_WITH_KNOTS('',1,(#2364,#2365),.UNSPECIFIED.,.F.,
  .F.,(2,2),(35.274066289846,45.074066289846),.PIECEWISE_BEZIER_KNOTS.);
#2364 = CARTESIAN_POINT('',(13.65,12.,0.1));
#2365 = CARTESIAN_POINT('',(13.65,12.,9.9));
#2366 = ORIENTED_EDGE('',*,*,#984,.T.);
#2367 = ORIENTED_EDGE('',*,*,#2362,.T.);
#2368 = CYLINDRICAL_SURFACE('',#2369,1.65);
#2369 = AXIS2_PLACEMENT_3D('',#2370,#2371,#2372);
#2370 = CARTESIAN_POINT('',(12.,12.,-35.17406628984));
#2371 = DIRECTION('',(0.,0.,1.));
#2372 = DIRECTION('',(1.,0.,-0.));
#2373 = ADVANCED_FACE('',(#2374),#2384,.F.);
#2374 = FACE_BOUND('',#2375,.F.);
#2375 = EDGE_LOOP('',(#2376,#2377,#2382,#2383));
#2376 = ORIENTED_EDGE('',*,*,#1800,.F.);
#2377 = ORIENTED_EDGE('',*,*,#2378,.F.);
#2378 = EDGE_CURVE('',#1014,#1789,#2379,.T.);
#2379 = B_SPLINE_CURVE_WITH_KNOTS('',1,(#2380,#2381),.UNSPECIFIED.,.F.,
  .F.,(2,2),(35.274066289846,45.074066289846),.PIECEWISE_BEZIER_KNOTS.);
#2380 = CARTESIAN_POINT('',(13.65,-12.,0.1));
#2381 = CARTESIAN_POINT('',(13.65,-12.,9.9));
#2382 = ORIENTED_EDGE('',*,*,#1013,.T.);
#2383 = ORIENTED_EDGE('',*,*,#2378,.T.);
#2384 = CYLINDRICAL_SURFACE('',#2385,1.65);
#2385 = AXIS2_PLACEMENT_3D('',#2386,#2387,#2388);
#2386 = CARTESIAN_POINT('',(12.,-12.,-35.17406628984));
#2387 = DIRECTION('',(0.,0.,1.));
#2388 = DIRECTION('',(1.,0.,-0.));
#2389 = ADVANCED_FACE('',(#2390),#2400,.F.);
#2390 = FACE_BOUND('',#2391,.F.);
#2391 = EDGE_LOOP('',(#2392,#2393,#2398,#2399));
#2392 = ORIENTED_EDGE('',*,*,#1829,.F.);
#2393 = ORIENTED_EDGE('',*,*,#2394,.F.);
#2394 = EDGE_CURVE('',#1043,#1818,#2395,.T.);
#2395 = B_SPLINE_CURVE_WITH_KNOTS('',1,(#2396,#2397),.UNSPECIFIED.,.F.,
  .F.,(2,2),(35.274066289846,45.074066289846),.PIECEWISE_BEZIER_KNOTS.);
#2396 = CARTESIAN_POINT('',(-10.35,-12.,0.1));
#2397 = CARTESIAN_POINT('',(-10.35,-12.,9.9));
#2398 = ORIENTED_EDGE('',*,*,#1042,.T.);
#2399 = ORIENTED_EDGE('',*,*,#2394,.T.);
#2400 = CYLINDRICAL_SURFACE('',#2401,1.65);
#2401 = AXIS2_PLACEMENT_3D('',#2402,#2403,#2404);
#2402 = CARTESIAN_POINT('',(-12.,-12.,-35.17406628984));
#2403 = DIRECTION('',(0.,0.,1.));
#2404 = DIRECTION('',(1.,0.,-0.));
#2405 = ADVANCED_FACE('',(#2406),#2412,.T.);
#2406 = FACE_BOUND('',#2407,.T.);
#2407 = EDGE_LOOP('',(#2408,#2409,#2410,#2411));
#2408 = ORIENTED_EDGE('',*,*,#2319,.T.);
#2409 = ORIENTED_EDGE('',*,*,#1994,.F.);
#2410 = ORIENTED_EDGE('',*,*,#2171,.F.);
#2411 = ORIENTED_EDGE('',*,*,#2224,.F.);
#2412 = CYLINDRICAL_SURFACE('',#2413,15.25);
#2413 = AXIS2_PLACEMENT_3D('',#2414,#2415,#2416);
#2414 = CARTESIAN_POINT('',(3.31E-15,3.04E-15,2.));
#2415 = DIRECTION('',(0.,0.,1.));
#2416 = DIRECTION('',(1.,0.,-0.));
#2417 = ( GEOMETRIC_REPRESENTATION_CONTEXT(3) 
GLOBAL_UNCERTAINTY_ASSIGNED_CONTEXT((#2421)) 
GLOBAL_UNIT_ASSIGNED_CONTEXT((#2418,#2419,#2420)) REPRESENTATION_CONTEXT
('Context #1','3D Context with UNIT and UNCERTAINTY') );
#2418 = ( LENGTH_UNIT() NAMED_UNIT(*) SI_UNIT(.MILLI.,.METRE.) );
#2419 = ( NAMED_UNIT(*) PLANE_ANGLE_UNIT() SI_UNIT($,.RADIAN.) );
#2420 = ( NAMED_UNIT(*) SI_UNIT($,.STERADIAN.) SOLID_ANGLE_UNIT() );
#2421 = UNCERTAINTY_MEASURE_WITH_UNIT(LENGTH_MEASURE(5.E-07),#2418,
  'distance_accuracy_value','confusion accuracy');
#2422 = CONTEXT_DEPENDENT_SHAPE_REPRESENTATION(#2423,#2425);
#2423 = ( REPRESENTATION_RELATIONSHIP('','',#36,#10) 
REPRESENTATION_RELATIONSHIP_WITH_TRANSFORMATION(#2424) 
SHAPE_REPRESENTATION_RELATIONSHIP() );
#2424 = ITEM_DEFINED_TRANSFORMATION('','',#11,#15);
#2425 = PRODUCT_DEFINITION_SHAPE('Placement','Placement of an item',
  #2426);
#2426 = NEXT_ASSEMBLY_USAGE_OCCURRENCE('11','Frame_10mm','',#5,#31,$);
#2427 = PRODUCT_RELATED_PRODUCT_CATEGORY('part',$,(#33));
#2428 = SHAPE_DEFINITION_REPRESENTATION(#2429,#2435);
#2429 = PRODUCT_DEFINITION_SHAPE('','',#2430);
#2430 = PRODUCT_DEFINITION('design','',#2431,#2434);
#2431 = PRODUCT_DEFINITION_FORMATION('','',#2432);
#2432 = PRODUCT('Rotor','Rotor','',(#2433));
#2433 = PRODUCT_CONTEXT('',#2,'mechanical');
#2434 = PRODUCT_DEFINITION_CONTEXT('part definition',#2,'design');
#2435 = ADVANCED_BREP_SHAPE_REPRESENTATION('',(#11,#2436),#3562);
#2436 = MANIFOLD_SOLID_BREP('',#2437);
#2437 = CLOSED_SHELL('',(#2438,#2760,#2769,#2801,#2825,#2850,#2876,#2893
    ,#2924,#2948,#2972,#2989,#3020,#3044,#3068,#3085,#3116,#3140,#3164,
    #3181,#3212,#3236,#3260,#3277,#3308,#3332,#3356,#3373,#3404,#3428,
    #3452,#3469,#3481,#3490,#3502,#3514,#3526,#3538,#3550));
#2438 = ADVANCED_FACE('',(#2439,#2527,#2565,#2603,#2641,#2679,#2717),
  #2755,.T.);
#2439 = FACE_BOUND('',#2440,.T.);
#2440 = EDGE_LOOP('',(#2441,#2450,#2458,#2467,#2476,#2485,#2493,#2500,
    #2501,#2510,#2519,#2526));
#2441 = ORIENTED_EDGE('',*,*,#2442,.T.);
#2442 = EDGE_CURVE('',#2443,#2443,#2445,.T.);
#2443 = VERTEX_POINT('',#2444);
#2444 = CARTESIAN_POINT('',(8.5,-2.081899558551E-15,1.));
#2445 = CIRCLE('',#2446,8.5);
#2446 = AXIS2_PLACEMENT_3D('',#2447,#2448,#2449);
#2447 = CARTESIAN_POINT('',(0.,0.,1.));
#2448 = DIRECTION('',(0.,0.,1.));
#2449 = DIRECTION('',(1.,0.,-0.));
#2450 = ORIENTED_EDGE('',*,*,#2451,.T.);
#2451 = EDGE_CURVE('',#2443,#2452,#2454,.T.);
#2452 = VERTEX_POINT('',#2453);
#2453 = CARTESIAN_POINT('',(8.5,-2.081899558551E-15,4.15081403834));
#2454 = LINE('',#2455,#2456);
#2455 = CARTESIAN_POINT('',(8.5,-2.081899558551E-15,1.));
#2456 = VECTOR('',#2457,1.);
#2457 = DIRECTION('',(0.,0.,1.));
#2458 = ORIENTED_EDGE('',*,*,#2459,.F.);
#2459 = EDGE_CURVE('',#2460,#2452,#2462,.T.);
#2460 = VERTEX_POINT('',#2461);
#2461 = CARTESIAN_POINT('',(8.23551918507,-2.103859252028,7.517692643603
    ));
#2462 = ELLIPSE('',#2463,16.040179275799,8.5);
#2463 = AXIS2_PLACEMENT_3D('',#2464,#2465,#2466);
#2464 = CARTESIAN_POINT('',(0.,0.,4.15081403834));
#2465 = DIRECTION('',(0.,0.848048096156,0.529919264233));
#2466 = DIRECTION('',(0.,-0.529919264233,0.848048096156));
#2467 = ORIENTED_EDGE('',*,*,#2468,.T.);
#2468 = EDGE_CURVE('',#2460,#2469,#2471,.T.);
#2469 = VERTEX_POINT('',#2470);
#2470 = CARTESIAN_POINT('',(8.393613574205,-1.340615965488,
    7.994619981413));
#2471 = ELLIPSE('',#2472,10.023016428578,8.5);
#2472 = AXIS2_PLACEMENT_3D('',#2473,#2474,#2475);
#2473 = CARTESIAN_POINT('',(0.,0.,8.832329810927));
#2474 = DIRECTION('',(0.,-0.529919264233,0.848048096156));
#2475 = DIRECTION('',(0.,0.848048096156,0.529919264233));
#2476 = ORIENTED_EDGE('',*,*,#2477,.T.);
#2477 = EDGE_CURVE('',#2469,#2478,#2480,.T.);
#2478 = VERTEX_POINT('',#2479);
#2479 = CARTESIAN_POINT('',(8.5,-2.081899558551E-15,5.84918596166));
#2480 = ELLIPSE('',#2481,16.040179275799,8.5);
#2481 = AXIS2_PLACEMENT_3D('',#2482,#2483,#2484);
#2482 = CARTESIAN_POINT('',(0.,0.,5.84918596166));
#2483 = DIRECTION('',(0.,0.848048096156,0.529919264233));
#2484 = DIRECTION('',(0.,-0.529919264233,0.848048096156));
#2485 = ORIENTED_EDGE('',*,*,#2486,.T.);
#2486 = EDGE_CURVE('',#2478,#2487,#2489,.T.);
#2487 = VERTEX_POINT('',#2488);
#2488 = CARTESIAN_POINT('',(8.5,0.,8.2));
#2489 = LINE('',#2490,#2491);
#2490 = CARTESIAN_POINT('',(8.5,-2.081899558551E-15,1.));
#2491 = VECTOR('',#2492,1.);
#2492 = DIRECTION('',(0.,0.,1.));
#2493 = ORIENTED_EDGE('',*,*,#2494,.F.);
#2494 = EDGE_CURVE('',#2487,#2487,#2495,.T.);
#2495 = CIRCLE('',#2496,8.5);
#2496 = AXIS2_PLACEMENT_3D('',#2497,#2498,#2499);
#2497 = CARTESIAN_POINT('',(0.,0.,8.2));
#2498 = DIRECTION('',(0.,0.,1.));
#2499 = DIRECTION('',(1.,0.,-0.));
#2500 = ORIENTED_EDGE('',*,*,#2486,.F.);
#2501 = ORIENTED_EDGE('',*,*,#2502,.T.);
#2502 = EDGE_CURVE('',#2478,#2503,#2505,.T.);
#2503 = VERTEX_POINT('',#2504);
#2504 = CARTESIAN_POINT('',(8.23551918507,2.103859252028,2.482307356397)
  );
#2505 = ELLIPSE('',#2506,16.040179275799,8.5);
#2506 = AXIS2_PLACEMENT_3D('',#2507,#2508,#2509);
#2507 = CARTESIAN_POINT('',(0.,0.,5.84918596166));
#2508 = DIRECTION('',(0.,0.848048096156,0.529919264233));
#2509 = DIRECTION('',(0.,-0.529919264233,0.848048096156));
#2510 = ORIENTED_EDGE('',*,*,#2511,.F.);
#2511 = EDGE_CURVE('',#2512,#2503,#2514,.T.);
#2512 = VERTEX_POINT('',#2513);
#2513 = CARTESIAN_POINT('',(8.393613574205,1.340615965488,2.005380018587
    ));
#2514 = ELLIPSE('',#2515,10.023016428578,8.5);
#2515 = AXIS2_PLACEMENT_3D('',#2516,#2517,#2518);
#2516 = CARTESIAN_POINT('',(0.,0.,1.167670189073));
#2517 = DIRECTION('',(0.,-0.529919264233,0.848048096156));
#2518 = DIRECTION('',(0.,0.848048096156,0.529919264233));
#2519 = ORIENTED_EDGE('',*,*,#2520,.F.);
#2520 = EDGE_CURVE('',#2452,#2512,#2521,.T.);
#2521 = ELLIPSE('',#2522,16.040179275799,8.5);
#2522 = AXIS2_PLACEMENT_3D('',#2523,#2524,#2525);
#2523 = CARTESIAN_POINT('',(0.,0.,4.15081403834));
#2524 = DIRECTION('',(0.,0.848048096156,0.529919264233));
#2525 = DIRECTION('',(0.,-0.529919264233,0.848048096156));
#2526 = ORIENTED_EDGE('',*,*,#2451,.F.);
#2527 = FACE_BOUND('',#2528,.T.);
#2528 = EDGE_LOOP('',(#2529,#2540,#2549,#2558));
#2529 = ORIENTED_EDGE('',*,*,#2530,.F.);
#2530 = EDGE_CURVE('',#2531,#2533,#2535,.T.);
#2531 = VERTEX_POINT('',#2532);
#2532 = CARTESIAN_POINT('',(0.218535687427,8.497190250508,7.517692643603
    ));
#2533 = VERTEX_POINT('',#2534);
#2534 = CARTESIAN_POINT('',(-3.174758656071,7.884853040844,
    2.005380018587));
#2535 = ELLIPSE('',#2536,16.040179275799,8.5);
#2536 = AXIS2_PLACEMENT_3D('',#2537,#2538,#2539);
#2537 = CARTESIAN_POINT('',(0.,0.,4.15081403834));
#2538 = DIRECTION('',(-0.826785759816,-0.188708454397,0.529919264233));
#2539 = DIRECTION('',(0.516633081904,0.117918129599,0.848048096156));
#2540 = ORIENTED_EDGE('',*,*,#2541,.T.);
#2541 = EDGE_CURVE('',#2531,#2542,#2544,.T.);
#2542 = VERTEX_POINT('',#2543);
#2543 = CARTESIAN_POINT('',(-0.56075080753,8.481483274278,7.994619981413
    ));
#2544 = ELLIPSE('',#2545,10.023016428578,8.5);
#2545 = AXIS2_PLACEMENT_3D('',#2546,#2547,#2548);
#2546 = CARTESIAN_POINT('',(0.,0.,8.832329810927));
#2547 = DIRECTION('',(0.516633081904,0.117918129599,0.848048096156));
#2548 = DIRECTION('',(-0.826785759816,-0.188708454397,0.529919264233));
#2549 = ORIENTED_EDGE('',*,*,#2550,.T.);
#2550 = EDGE_CURVE('',#2542,#2551,#2553,.T.);
#2551 = VERTEX_POINT('',#2552);
#2552 = CARTESIAN_POINT('',(-3.883686528781,7.56088479916,2.482307356397
    ));
#2553 = ELLIPSE('',#2554,16.040179275799,8.5);
#2554 = AXIS2_PLACEMENT_3D('',#2555,#2556,#2557);
#2555 = CARTESIAN_POINT('',(0.,0.,5.84918596166));
#2556 = DIRECTION('',(-0.826785759816,-0.188708454397,0.529919264233));
#2557 = DIRECTION('',(0.516633081904,0.117918129599,0.848048096156));
#2558 = ORIENTED_EDGE('',*,*,#2559,.F.);
#2559 = EDGE_CURVE('',#2533,#2551,#2560,.T.);
#2560 = ELLIPSE('',#2561,10.023016428578,8.5);
#2561 = AXIS2_PLACEMENT_3D('',#2562,#2563,#2564);
#2562 = CARTESIAN_POINT('',(0.,0.,1.167670189073));
#2563 = DIRECTION('',(0.516633081904,0.117918129599,0.848048096156));
#2564 = DIRECTION('',(-0.826785759816,-0.188708454397,0.529919264233));
#2565 = FACE_BOUND('',#2566,.T.);
#2566 = EDGE_LOOP('',(#2567,#2578,#2587,#2596));
#2567 = ORIENTED_EDGE('',*,*,#2568,.F.);
#2568 = EDGE_CURVE('',#2569,#2571,#2573,.T.);
#2569 = VERTEX_POINT('',#2570);
#2570 = CARTESIAN_POINT('',(-8.332776715608,-1.677746169067,
    7.517692643603));
#2571 = VERTEX_POINT('',#2572);
#2572 = CARTESIAN_POINT('',(-6.980713051736,-4.849705691001,
    2.005380018587));
#2573 = ELLIPSE('',#2574,16.040179275799,8.5);
#2574 = AXIS2_PLACEMENT_3D('',#2575,#2576,#2577);
#2575 = CARTESIAN_POINT('',(0.,0.,4.15081403834));
#2576 = DIRECTION('',(0.367954278912,-0.764064933121,0.529919264233));
#2577 = DIRECTION('',(-0.229923351796,0.477440759576,0.848048096156));
#2578 = ORIENTED_EDGE('',*,*,#2579,.T.);
#2579 = EDGE_CURVE('',#2569,#2580,#2582,.T.);
#2580 = VERTEX_POINT('',#2581);
#2581 = CARTESIAN_POINT('',(-8.144055987388,-2.433999193567,
    7.994619981413));
#2582 = ELLIPSE('',#2583,10.023016428578,8.5);
#2583 = AXIS2_PLACEMENT_3D('',#2584,#2585,#2586);
#2584 = CARTESIAN_POINT('',(0.,0.,8.832329810927));
#2585 = DIRECTION('',(-0.229923351796,0.477440759576,0.848048096156));
#2586 = DIRECTION('',(0.367954278912,-0.764064933121,0.529919264233));
#2587 = ORIENTED_EDGE('',*,*,#2588,.T.);
#2588 = EDGE_CURVE('',#2580,#2589,#2591,.T.);
#2589 = VERTEX_POINT('',#2590);
#2590 = CARTESIAN_POINT('',(-6.507116077914,-5.468769546119,
    2.482307356397));
#2591 = ELLIPSE('',#2592,16.040179275799,8.5);
#2592 = AXIS2_PLACEMENT_3D('',#2593,#2594,#2595);
#2593 = CARTESIAN_POINT('',(0.,0.,5.84918596166));
#2594 = DIRECTION('',(0.367954278912,-0.764064933121,0.529919264233));
#2595 = DIRECTION('',(-0.229923351796,0.477440759576,0.848048096156));
#2596 = ORIENTED_EDGE('',*,*,#2597,.F.);
#2597 = EDGE_CURVE('',#2571,#2589,#2598,.T.);
#2598 = ELLIPSE('',#2599,10.023016428578,8.5);
#2599 = AXIS2_PLACEMENT_3D('',#2600,#2601,#2602);
#2600 = CARTESIAN_POINT('',(0.,0.,1.167670189073));
#2601 = DIRECTION('',(-0.229923351796,0.477440759576,0.848048096156));
#2602 = DIRECTION('',(0.367954278912,-0.764064933121,0.529919264233));
#2603 = FACE_BOUND('',#2604,.T.);
#2604 = EDGE_LOOP('',(#2605,#2616,#2625,#2634));
#2605 = ORIENTED_EDGE('',*,*,#2606,.F.);
#2606 = EDGE_CURVE('',#2607,#2609,#2611,.T.);
#2607 = VERTEX_POINT('',#2608);
#2608 = CARTESIAN_POINT('',(-3.883686528781,-7.56088479916,
    7.517692643603));
#2609 = VERTEX_POINT('',#2610);
#2610 = CARTESIAN_POINT('',(-0.56075080753,-8.481483274278,
    2.005380018587));
#2611 = ELLIPSE('',#2612,16.040179275799,8.5);
#2612 = AXIS2_PLACEMENT_3D('',#2613,#2614,#2615);
#2613 = CARTESIAN_POINT('',(0.,0.,4.15081403834));
#2614 = DIRECTION('',(0.826785759816,-0.188708454397,0.529919264233));
#2615 = DIRECTION('',(-0.516633081904,0.117918129599,0.848048096156));
#2616 = ORIENTED_EDGE('',*,*,#2617,.T.);
#2617 = EDGE_CURVE('',#2607,#2618,#2620,.T.);
#2618 = VERTEX_POINT('',#2619);
#2619 = CARTESIAN_POINT('',(-3.174758656071,-7.884853040844,
    7.994619981413));
#2620 = ELLIPSE('',#2621,10.023016428578,8.5);
#2621 = AXIS2_PLACEMENT_3D('',#2622,#2623,#2624);
#2622 = CARTESIAN_POINT('',(0.,0.,8.832329810927));
#2623 = DIRECTION('',(-0.516633081904,0.117918129599,0.848048096156));
#2624 = DIRECTION('',(0.826785759816,-0.188708454397,0.529919264233));
#2625 = ORIENTED_EDGE('',*,*,#2626,.T.);
#2626 = EDGE_CURVE('',#2618,#2627,#2629,.T.);
#2627 = VERTEX_POINT('',#2628);
#2628 = CARTESIAN_POINT('',(0.218535687427,-8.497190250508,
    2.482307356397));
#2629 = ELLIPSE('',#2630,16.040179275799,8.5);
#2630 = AXIS2_PLACEMENT_3D('',#2631,#2632,#2633);
#2631 = CARTESIAN_POINT('',(0.,0.,5.84918596166));
#2632 = DIRECTION('',(0.826785759816,-0.188708454397,0.529919264233));
#2633 = DIRECTION('',(-0.516633081904,0.117918129599,0.848048096156));
#2634 = ORIENTED_EDGE('',*,*,#2635,.F.);
#2635 = EDGE_CURVE('',#2609,#2627,#2636,.T.);
#2636 = ELLIPSE('',#2637,10.023016428578,8.5);
#2637 = AXIS2_PLACEMENT_3D('',#2638,#2639,#2640);
#2638 = CARTESIAN_POINT('',(0.,0.,1.167670189073));
#2639 = DIRECTION('',(-0.516633081904,0.117918129599,0.848048096156));
#2640 = DIRECTION('',(0.826785759816,-0.188708454397,0.529919264233));
#2641 = FACE_BOUND('',#2642,.T.);
#2642 = EDGE_LOOP('',(#2643,#2654,#2663,#2672));
#2643 = ORIENTED_EDGE('',*,*,#2644,.F.);
#2644 = EDGE_CURVE('',#2645,#2647,#2649,.T.);
#2645 = VERTEX_POINT('',#2646);
#2646 = CARTESIAN_POINT('',(3.489898826986,-7.750522961543,
    7.517692643603));
#2647 = VERTEX_POINT('',#2648);
#2648 = CARTESIAN_POINT('',(6.281468231977,-5.726530961294,
    2.005380018587));
#2649 = ELLIPSE('',#2650,16.040179275799,8.5);
#2650 = AXIS2_PLACEMENT_3D('',#2651,#2652,#2653);
#2651 = CARTESIAN_POINT('',(0.,0.,4.15081403834));
#2652 = DIRECTION('',(0.663030700222,0.528749339439,0.529919264233));
#2653 = DIRECTION('',(-0.414307563944,-0.330399257058,0.848048096156));
#2654 = ORIENTED_EDGE('',*,*,#2655,.T.);
#2655 = EDGE_CURVE('',#2645,#2656,#2658,.T.);
#2656 = VERTEX_POINT('',#2657);
#2657 = CARTESIAN_POINT('',(4.185196696542,-7.398251726675,
    7.994619981413));
#2658 = ELLIPSE('',#2659,10.023016428578,8.5);
#2659 = AXIS2_PLACEMENT_3D('',#2660,#2661,#2662);
#2660 = CARTESIAN_POINT('',(0.,0.,8.832329810927));
#2661 = DIRECTION('',(-0.414307563944,-0.330399257058,0.848048096156));
#2662 = DIRECTION('',(0.663030700222,0.528749339439,0.529919264233));
#2663 = ORIENTED_EDGE('',*,*,#2664,.T.);
#2664 = EDGE_CURVE('',#2656,#2665,#2667,.T.);
#2665 = VERTEX_POINT('',#2666);
#2666 = CARTESIAN_POINT('',(6.77962562282,-5.127053385171,2.482307356397
    ));
#2667 = ELLIPSE('',#2668,16.040179275799,8.5);
#2668 = AXIS2_PLACEMENT_3D('',#2669,#2670,#2671);
#2669 = CARTESIAN_POINT('',(0.,0.,5.84918596166));
#2670 = DIRECTION('',(0.663030700222,0.528749339439,0.529919264233));
#2671 = DIRECTION('',(-0.414307563944,-0.330399257058,0.848048096156));
#2672 = ORIENTED_EDGE('',*,*,#2673,.F.);
#2673 = EDGE_CURVE('',#2647,#2665,#2674,.T.);
#2674 = ELLIPSE('',#2675,10.023016428578,8.5);
#2675 = AXIS2_PLACEMENT_3D('',#2676,#2677,#2678);
#2676 = CARTESIAN_POINT('',(0.,0.,1.167670189073));
#2677 = DIRECTION('',(-0.414307563944,-0.330399257058,0.848048096156));
#2678 = DIRECTION('',(0.663030700222,0.528749339439,0.529919264233));
#2679 = FACE_BOUND('',#2680,.T.);
#2680 = EDGE_LOOP('',(#2681,#2692,#2701,#2710));
#2681 = ORIENTED_EDGE('',*,*,#2682,.F.);
#2682 = EDGE_CURVE('',#2683,#2685,#2687,.T.);
#2683 = VERTEX_POINT('',#2684);
#2684 = CARTESIAN_POINT('',(6.77962562282,5.127053385171,7.517692643603)
  );
#2685 = VERTEX_POINT('',#2686);
#2686 = CARTESIAN_POINT('',(4.185196696542,7.398251726675,2.005380018587
    ));
#2687 = ELLIPSE('',#2688,16.040179275799,8.5);
#2688 = AXIS2_PLACEMENT_3D('',#2689,#2690,#2691);
#2689 = CARTESIAN_POINT('',(0.,0.,4.15081403834));
#2690 = DIRECTION('',(-0.663030700222,0.528749339439,0.529919264233));
#2691 = DIRECTION('',(0.414307563944,-0.330399257058,0.848048096156));
#2692 = ORIENTED_EDGE('',*,*,#2693,.T.);
#2693 = EDGE_CURVE('',#2683,#2694,#2696,.T.);
#2694 = VERTEX_POINT('',#2695);
#2695 = CARTESIAN_POINT('',(6.281468231977,5.726530961294,7.994619981413
    ));
#2696 = ELLIPSE('',#2697,10.023016428578,8.5);
#2697 = AXIS2_PLACEMENT_3D('',#2698,#2699,#2700);
#2698 = CARTESIAN_POINT('',(0.,0.,8.832329810927));
#2699 = DIRECTION('',(0.414307563944,-0.330399257058,0.848048096156));
#2700 = DIRECTION('',(-0.663030700222,0.528749339439,0.529919264233));
#2701 = ORIENTED_EDGE('',*,*,#2702,.T.);
#2702 = EDGE_CURVE('',#2694,#2703,#2705,.T.);
#2703 = VERTEX_POINT('',#2704);
#2704 = CARTESIAN_POINT('',(3.489898826986,7.750522961543,2.482307356397
    ));
#2705 = ELLIPSE('',#2706,16.040179275799,8.5);
#2706 = AXIS2_PLACEMENT_3D('',#2707,#2708,#2709);
#2707 = CARTESIAN_POINT('',(0.,0.,5.84918596166));
#2708 = DIRECTION('',(-0.663030700222,0.528749339439,0.529919264233));
#2709 = DIRECTION('',(0.414307563944,-0.330399257058,0.848048096156));
#2710 = ORIENTED_EDGE('',*,*,#2711,.F.);
#2711 = EDGE_CURVE('',#2685,#2703,#2712,.T.);
#2712 = ELLIPSE('',#2713,10.023016428578,8.5);
#2713 = AXIS2_PLACEMENT_3D('',#2714,#2715,#2716);
#2714 = CARTESIAN_POINT('',(0.,0.,1.167670189073));
#2715 = DIRECTION('',(0.414307563944,-0.330399257058,0.848048096156));
#2716 = DIRECTION('',(-0.663030700222,0.528749339439,0.529919264233));
#2717 = FACE_BOUND('',#2718,.T.);
#2718 = EDGE_LOOP('',(#2719,#2730,#2739,#2748));
#2719 = ORIENTED_EDGE('',*,*,#2720,.F.);
#2720 = EDGE_CURVE('',#2721,#2723,#2725,.T.);
#2721 = VERTEX_POINT('',#2722);
#2722 = CARTESIAN_POINT('',(-6.507116077914,5.468769546119,
    7.517692643603));
#2723 = VERTEX_POINT('',#2724);
#2724 = CARTESIAN_POINT('',(-8.144055987388,2.433999193567,
    2.005380018587));
#2725 = ELLIPSE('',#2726,16.040179275799,8.5);
#2726 = AXIS2_PLACEMENT_3D('',#2727,#2728,#2729);
#2727 = CARTESIAN_POINT('',(0.,0.,4.15081403834));
#2728 = DIRECTION('',(-0.367954278912,-0.764064933121,0.529919264233));
#2729 = DIRECTION('',(0.229923351796,0.477440759576,0.848048096156));
#2730 = ORIENTED_EDGE('',*,*,#2731,.T.);
#2731 = EDGE_CURVE('',#2721,#2732,#2734,.T.);
#2732 = VERTEX_POINT('',#2733);
#2733 = CARTESIAN_POINT('',(-6.980713051736,4.849705691001,
    7.994619981413));
#2734 = ELLIPSE('',#2735,10.023016428578,8.5);
#2735 = AXIS2_PLACEMENT_3D('',#2736,#2737,#2738);
#2736 = CARTESIAN_POINT('',(0.,0.,8.832329810927));
#2737 = DIRECTION('',(0.229923351796,0.477440759576,0.848048096156));
#2738 = DIRECTION('',(-0.367954278912,-0.764064933121,0.529919264233));
#2739 = ORIENTED_EDGE('',*,*,#2740,.T.);
#2740 = EDGE_CURVE('',#2732,#2741,#2743,.T.);
#2741 = VERTEX_POINT('',#2742);
#2742 = CARTESIAN_POINT('',(-8.332776715608,1.677746169067,
    2.482307356397));
#2743 = ELLIPSE('',#2744,16.040179275799,8.5);
#2744 = AXIS2_PLACEMENT_3D('',#2745,#2746,#2747);
#2745 = CARTESIAN_POINT('',(0.,0.,5.84918596166));
#2746 = DIRECTION('',(-0.367954278912,-0.764064933121,0.529919264233));
#2747 = DIRECTION('',(0.229923351796,0.477440759576,0.848048096156));
#2748 = ORIENTED_EDGE('',*,*,#2749,.F.);
#2749 = EDGE_CURVE('',#2723,#2741,#2750,.T.);
#2750 = ELLIPSE('',#2751,10.023016428578,8.5);
#2751 = AXIS2_PLACEMENT_3D('',#2752,#2753,#2754);
#2752 = CARTESIAN_POINT('',(0.,0.,1.167670189073));
#2753 = DIRECTION('',(0.229923351796,0.477440759576,0.848048096156));
#2754 = DIRECTION('',(-0.367954278912,-0.764064933121,0.529919264233));
#2755 = CYLINDRICAL_SURFACE('',#2756,8.5);
#2756 = AXIS2_PLACEMENT_3D('',#2757,#2758,#2759);
#2757 = CARTESIAN_POINT('',(0.,0.,1.));
#2758 = DIRECTION('',(0.,0.,1.));
#2759 = DIRECTION('',(1.,0.,-0.));
#2760 = ADVANCED_FACE('',(#2761),#2764,.F.);
#2761 = FACE_BOUND('',#2762,.T.);
#2762 = EDGE_LOOP('',(#2763));
#2763 = ORIENTED_EDGE('',*,*,#2442,.F.);
#2764 = PLANE('',#2765);
#2765 = AXIS2_PLACEMENT_3D('',#2766,#2767,#2768);
#2766 = CARTESIAN_POINT('',(0.,0.,1.));
#2767 = DIRECTION('',(0.,0.,1.));
#2768 = DIRECTION('',(1.,0.,-0.));
#2769 = ADVANCED_FACE('',(#2770),#2796,.F.);
#2770 = FACE_BOUND('',#2771,.F.);
#2771 = EDGE_LOOP('',(#2772,#2780,#2781,#2782,#2790));
#2772 = ORIENTED_EDGE('',*,*,#2773,.F.);
#2773 = EDGE_CURVE('',#2512,#2774,#2776,.T.);
#2774 = VERTEX_POINT('',#2775);
#2775 = CARTESIAN_POINT('',(13.8,1.340615965488,2.005380018587));
#2776 = LINE('',#2777,#2778);
#2777 = CARTESIAN_POINT('',(8.,1.340615965488,2.005380018587));
#2778 = VECTOR('',#2779,1.);
#2779 = DIRECTION('',(1.,0.,0.));
#2780 = ORIENTED_EDGE('',*,*,#2520,.F.);
#2781 = ORIENTED_EDGE('',*,*,#2459,.F.);
#2782 = ORIENTED_EDGE('',*,*,#2783,.T.);
#2783 = EDGE_CURVE('',#2460,#2784,#2786,.T.);
#2784 = VERTEX_POINT('',#2785);
#2785 = CARTESIAN_POINT('',(13.8,-2.103859252028,7.517692643603));
#2786 = LINE('',#2787,#2788);
#2787 = CARTESIAN_POINT('',(8.,-2.103859252028,7.517692643603));
#2788 = VECTOR('',#2789,1.);
#2789 = DIRECTION('',(1.,0.,0.));
#2790 = ORIENTED_EDGE('',*,*,#2791,.F.);
#2791 = EDGE_CURVE('',#2774,#2784,#2792,.T.);
#2792 = LINE('',#2793,#2794);
#2793 = CARTESIAN_POINT('',(13.8,1.340615965488,2.005380018587));
#2794 = VECTOR('',#2795,1.);
#2795 = DIRECTION('',(0.,-0.529919264233,0.848048096156));
#2796 = PLANE('',#2797);
#2797 = AXIS2_PLACEMENT_3D('',#2798,#2799,#2800);
#2798 = CARTESIAN_POINT('',(8.,1.340615965488,2.005380018587));
#2799 = DIRECTION('',(0.,0.848048096156,0.529919264233));
#2800 = DIRECTION('',(0.,-0.529919264233,0.848048096156));
#2801 = ADVANCED_FACE('',(#2802),#2820,.F.);
#2802 = FACE_BOUND('',#2803,.F.);
#2803 = EDGE_LOOP('',(#2804,#2812,#2813,#2814));
#2804 = ORIENTED_EDGE('',*,*,#2805,.F.);
#2805 = EDGE_CURVE('',#2503,#2806,#2808,.T.);
#2806 = VERTEX_POINT('',#2807);
#2807 = CARTESIAN_POINT('',(13.8,2.103859252028,2.482307356397));
#2808 = LINE('',#2809,#2810);
#2809 = CARTESIAN_POINT('',(8.,2.103859252028,2.482307356397));
#2810 = VECTOR('',#2811,1.);
#2811 = DIRECTION('',(1.,0.,0.));
#2812 = ORIENTED_EDGE('',*,*,#2511,.F.);
#2813 = ORIENTED_EDGE('',*,*,#2773,.T.);
#2814 = ORIENTED_EDGE('',*,*,#2815,.T.);
#2815 = EDGE_CURVE('',#2774,#2806,#2816,.T.);
#2816 = LINE('',#2817,#2818);
#2817 = CARTESIAN_POINT('',(13.8,1.340615965488,2.005380018587));
#2818 = VECTOR('',#2819,1.);
#2819 = DIRECTION('',(0.,0.848048096156,0.529919264233));
#2820 = PLANE('',#2821);
#2821 = AXIS2_PLACEMENT_3D('',#2822,#2823,#2824);
#2822 = CARTESIAN_POINT('',(8.,1.340615965488,2.005380018587));
#2823 = DIRECTION('',(0.,-0.529919264233,0.848048096156));
#2824 = DIRECTION('',(1.,0.,0.));
#2825 = ADVANCED_FACE('',(#2826),#2845,.T.);
#2826 = FACE_BOUND('',#2827,.T.);
#2827 = EDGE_LOOP('',(#2828,#2829,#2830,#2831,#2839));
#2828 = ORIENTED_EDGE('',*,*,#2805,.F.);
#2829 = ORIENTED_EDGE('',*,*,#2502,.F.);
#2830 = ORIENTED_EDGE('',*,*,#2477,.F.);
#2831 = ORIENTED_EDGE('',*,*,#2832,.T.);
#2832 = EDGE_CURVE('',#2469,#2833,#2835,.T.);
#2833 = VERTEX_POINT('',#2834);
#2834 = CARTESIAN_POINT('',(13.8,-1.340615965488,7.994619981413));
#2835 = LINE('',#2836,#2837);
#2836 = CARTESIAN_POINT('',(8.,-1.340615965488,7.994619981413));
#2837 = VECTOR('',#2838,1.);
#2838 = DIRECTION('',(1.,0.,0.));
#2839 = ORIENTED_EDGE('',*,*,#2840,.F.);
#2840 = EDGE_CURVE('',#2806,#2833,#2841,.T.);
#2841 = LINE('',#2842,#2843);
#2842 = CARTESIAN_POINT('',(13.8,2.103859252028,2.482307356397));
#2843 = VECTOR('',#2844,1.);
#2844 = DIRECTION('',(0.,-0.529919264233,0.848048096156));
#2845 = PLANE('',#2846);
#2846 = AXIS2_PLACEMENT_3D('',#2847,#2848,#2849);
#2847 = CARTESIAN_POINT('',(8.,2.103859252028,2.482307356397));
#2848 = DIRECTION('',(0.,0.848048096156,0.529919264233));
#2849 = DIRECTION('',(0.,-0.529919264233,0.848048096156));
#2850 = ADVANCED_FACE('',(#2851),#2871,.T.);
#2851 = FACE_BOUND('',#2852,.T.);
#2852 = EDGE_LOOP('',(#2853,#2862,#2863,#2864));
#2853 = ORIENTED_EDGE('',*,*,#2854,.F.);
#2854 = EDGE_CURVE('',#2487,#2855,#2857,.T.);
#2855 = VERTEX_POINT('',#2856);
#2856 = CARTESIAN_POINT('',(7.7,0.,9.));
#2857 = CIRCLE('',#2858,0.8);
#2858 = AXIS2_PLACEMENT_3D('',#2859,#2860,#2861);
#2859 = CARTESIAN_POINT('',(7.7,0.,8.2));
#2860 = DIRECTION('',(0.,-1.,0.));
#2861 = DIRECTION('',(1.,0.,0.));
#2862 = ORIENTED_EDGE('',*,*,#2494,.T.);
#2863 = ORIENTED_EDGE('',*,*,#2854,.T.);
#2864 = ORIENTED_EDGE('',*,*,#2865,.F.);
#2865 = EDGE_CURVE('',#2855,#2855,#2866,.T.);
#2866 = CIRCLE('',#2867,7.7);
#2867 = AXIS2_PLACEMENT_3D('',#2868,#2869,#2870);
#2868 = CARTESIAN_POINT('',(0.,0.,9.));
#2869 = DIRECTION('',(0.,0.,1.));
#2870 = DIRECTION('',(1.,0.,-0.));
#2871 = TOROIDAL_SURFACE('',#2872,7.7,0.8);
#2872 = AXIS2_PLACEMENT_3D('',#2873,#2874,#2875);
#2873 = CARTESIAN_POINT('',(0.,0.,8.2));
#2874 = DIRECTION('',(0.,0.,1.));
#2875 = DIRECTION('',(1.,0.,-0.));
#2876 = ADVANCED_FACE('',(#2877),#2888,.T.);
#2877 = FACE_BOUND('',#2878,.T.);
#2878 = EDGE_LOOP('',(#2879,#2880,#2881,#2882));
#2879 = ORIENTED_EDGE('',*,*,#2832,.F.);
#2880 = ORIENTED_EDGE('',*,*,#2468,.F.);
#2881 = ORIENTED_EDGE('',*,*,#2783,.T.);
#2882 = ORIENTED_EDGE('',*,*,#2883,.T.);
#2883 = EDGE_CURVE('',#2784,#2833,#2884,.T.);
#2884 = LINE('',#2885,#2886);
#2885 = CARTESIAN_POINT('',(13.8,-2.103859252028,7.517692643603));
#2886 = VECTOR('',#2887,1.);
#2887 = DIRECTION('',(0.,0.848048096156,0.529919264233));
#2888 = PLANE('',#2889);
#2889 = AXIS2_PLACEMENT_3D('',#2890,#2891,#2892);
#2890 = CARTESIAN_POINT('',(8.,-2.103859252028,7.517692643603));
#2891 = DIRECTION('',(0.,-0.529919264233,0.848048096156));
#2892 = DIRECTION('',(1.,0.,0.));
#2893 = ADVANCED_FACE('',(#2894),#2919,.F.);
#2894 = FACE_BOUND('',#2895,.F.);
#2895 = EDGE_LOOP('',(#2896,#2904,#2905,#2913));
#2896 = ORIENTED_EDGE('',*,*,#2897,.F.);
#2897 = EDGE_CURVE('',#2533,#2898,#2900,.T.);
#2898 = VERTEX_POINT('',#2899);
#2899 = CARTESIAN_POINT('',(-4.377792812868,13.155690071392,
    2.005380018587));
#2900 = LINE('',#2901,#2902);
#2901 = CARTESIAN_POINT('',(-3.087171395921,7.501108180738,
    2.005380018587));
#2902 = VECTOR('',#2903,1.);
#2903 = DIRECTION('',(-0.222520933956,0.974927912182,0.));
#2904 = ORIENTED_EDGE('',*,*,#2530,.F.);
#2905 = ORIENTED_EDGE('',*,*,#2906,.T.);
#2906 = EDGE_CURVE('',#2531,#2907,#2909,.T.);
#2907 = VERTEX_POINT('',#2908);
#2908 = CARTESIAN_POINT('',(-1.019677780493,13.922157913783,
    7.517692643603));
#2909 = LINE('',#2910,#2911);
#2910 = CARTESIAN_POINT('',(0.270943636454,8.267576023129,7.517692643603
    ));
#2911 = VECTOR('',#2912,1.);
#2912 = DIRECTION('',(-0.222520933956,0.974927912182,0.));
#2913 = ORIENTED_EDGE('',*,*,#2914,.F.);
#2914 = EDGE_CURVE('',#2898,#2907,#2915,.T.);
#2915 = LINE('',#2916,#2917);
#2916 = CARTESIAN_POINT('',(-4.377792812868,13.155690071392,
    2.005380018587));
#2917 = VECTOR('',#2918,1.);
#2918 = DIRECTION('',(0.516633081904,0.117918129599,0.848048096156));
#2919 = PLANE('',#2920);
#2920 = AXIS2_PLACEMENT_3D('',#2921,#2922,#2923);
#2921 = CARTESIAN_POINT('',(-3.087171395921,7.501108180738,
    2.005380018587));
#2922 = DIRECTION('',(-0.826785759816,-0.188708454397,0.529919264233));
#2923 = DIRECTION('',(0.516633081904,0.117918129599,0.848048096156));
#2924 = ADVANCED_FACE('',(#2925),#2943,.F.);
#2925 = FACE_BOUND('',#2926,.F.);
#2926 = EDGE_LOOP('',(#2927,#2935,#2936,#2937));
#2927 = ORIENTED_EDGE('',*,*,#2928,.F.);
#2928 = EDGE_CURVE('',#2551,#2929,#2931,.T.);
#2929 = VERTEX_POINT('',#2930);
#2930 = CARTESIAN_POINT('',(-5.121899996702,12.985852462435,
    2.482307356397));
#2931 = LINE('',#2932,#2933);
#2932 = CARTESIAN_POINT('',(-3.831278579755,7.331270571781,
    2.482307356397));
#2933 = VECTOR('',#2934,1.);
#2934 = DIRECTION('',(-0.222520933956,0.974927912182,0.));
#2935 = ORIENTED_EDGE('',*,*,#2559,.F.);
#2936 = ORIENTED_EDGE('',*,*,#2897,.T.);
#2937 = ORIENTED_EDGE('',*,*,#2938,.T.);
#2938 = EDGE_CURVE('',#2898,#2929,#2939,.T.);
#2939 = LINE('',#2940,#2941);
#2940 = CARTESIAN_POINT('',(-4.377792812868,13.155690071392,
    2.005380018587));
#2941 = VECTOR('',#2942,1.);
#2942 = DIRECTION('',(-0.826785759816,-0.188708454397,0.529919264233));
#2943 = PLANE('',#2944);
#2944 = AXIS2_PLACEMENT_3D('',#2945,#2946,#2947);
#2945 = CARTESIAN_POINT('',(-3.087171395921,7.501108180738,
    2.005380018587));
#2946 = DIRECTION('',(0.516633081904,0.117918129599,0.848048096156));
#2947 = DIRECTION('',(-0.222520933956,0.974927912182,0.));
#2948 = ADVANCED_FACE('',(#2949),#2967,.T.);
#2949 = FACE_BOUND('',#2950,.T.);
#2950 = EDGE_LOOP('',(#2951,#2952,#2953,#2961));
#2951 = ORIENTED_EDGE('',*,*,#2928,.F.);
#2952 = ORIENTED_EDGE('',*,*,#2550,.F.);
#2953 = ORIENTED_EDGE('',*,*,#2954,.T.);
#2954 = EDGE_CURVE('',#2542,#2955,#2957,.T.);
#2955 = VERTEX_POINT('',#2956);
#2956 = CARTESIAN_POINT('',(-1.763784964327,13.752320304826,
    7.994619981413));
#2957 = LINE('',#2958,#2959);
#2958 = CARTESIAN_POINT('',(-0.47316354738,8.097738414172,7.994619981413
    ));
#2959 = VECTOR('',#2960,1.);
#2960 = DIRECTION('',(-0.222520933956,0.974927912182,0.));
#2961 = ORIENTED_EDGE('',*,*,#2962,.F.);
#2962 = EDGE_CURVE('',#2929,#2955,#2963,.T.);
#2963 = LINE('',#2964,#2965);
#2964 = CARTESIAN_POINT('',(-5.121899996702,12.985852462435,
    2.482307356397));
#2965 = VECTOR('',#2966,1.);
#2966 = DIRECTION('',(0.516633081904,0.117918129599,0.848048096156));
#2967 = PLANE('',#2968);
#2968 = AXIS2_PLACEMENT_3D('',#2969,#2970,#2971);
#2969 = CARTESIAN_POINT('',(-3.831278579755,7.331270571781,
    2.482307356397));
#2970 = DIRECTION('',(-0.826785759816,-0.188708454397,0.529919264233));
#2971 = DIRECTION('',(0.516633081904,0.117918129599,0.848048096156));
#2972 = ADVANCED_FACE('',(#2973),#2984,.T.);
#2973 = FACE_BOUND('',#2974,.T.);
#2974 = EDGE_LOOP('',(#2975,#2976,#2977,#2978));
#2975 = ORIENTED_EDGE('',*,*,#2954,.F.);
#2976 = ORIENTED_EDGE('',*,*,#2541,.F.);
#2977 = ORIENTED_EDGE('',*,*,#2906,.T.);
#2978 = ORIENTED_EDGE('',*,*,#2979,.T.);
#2979 = EDGE_CURVE('',#2907,#2955,#2980,.T.);
#2980 = LINE('',#2981,#2982);
#2981 = CARTESIAN_POINT('',(-1.019677780493,13.922157913783,
    7.517692643603));
#2982 = VECTOR('',#2983,1.);
#2983 = DIRECTION('',(-0.826785759816,-0.188708454397,0.529919264233));
#2984 = PLANE('',#2985);
#2985 = AXIS2_PLACEMENT_3D('',#2986,#2987,#2988);
#2986 = CARTESIAN_POINT('',(0.270943636454,8.267576023129,7.517692643603
    ));
#2987 = DIRECTION('',(0.516633081904,0.117918129599,0.848048096156));
#2988 = DIRECTION('',(-0.222520933956,0.974927912182,0.));
#2989 = ADVANCED_FACE('',(#2990),#3015,.F.);
#2990 = FACE_BOUND('',#2991,.F.);
#2991 = EDGE_LOOP('',(#2992,#3000,#3001,#3009));
#2992 = ORIENTED_EDGE('',*,*,#2993,.F.);
#2993 = EDGE_CURVE('',#2571,#2994,#2996,.T.);
#2994 = VERTEX_POINT('',#2995);
#2995 = CARTESIAN_POINT('',(-11.85169890922,-7.19544884854,
    2.005380018587));
#2996 = LINE('',#2997,#2998);
#2997 = CARTESIAN_POINT('',(-6.626079475393,-4.678923161658,
    2.005380018587));
#2998 = VECTOR('',#2999,1.);
#2999 = DIRECTION('',(-0.900968867902,-0.433883739118,0.));
#3000 = ORIENTED_EDGE('',*,*,#2568,.F.);
#3001 = ORIENTED_EDGE('',*,*,#3002,.T.);
#3002 = EDGE_CURVE('',#2569,#3003,#3005,.T.);
#3003 = VERTEX_POINT('',#3004);
#3004 = CARTESIAN_POINT('',(-13.3462006959,-4.092083911296,
    7.517692643603));
#3005 = LINE('',#3006,#3007);
#3006 = CARTESIAN_POINT('',(-8.120581262066,-1.575558224414,
    7.517692643603));
#3007 = VECTOR('',#3008,1.);
#3008 = DIRECTION('',(-0.900968867902,-0.433883739118,0.));
#3009 = ORIENTED_EDGE('',*,*,#3010,.F.);
#3010 = EDGE_CURVE('',#2994,#3003,#3011,.T.);
#3011 = LINE('',#3012,#3013);
#3012 = CARTESIAN_POINT('',(-11.85169890922,-7.19544884854,
    2.005380018587));
#3013 = VECTOR('',#3014,1.);
#3014 = DIRECTION('',(-0.229923351796,0.477440759576,0.848048096156));
#3015 = PLANE('',#3016);
#3016 = AXIS2_PLACEMENT_3D('',#3017,#3018,#3019);
#3017 = CARTESIAN_POINT('',(-6.626079475393,-4.678923161658,
    2.005380018587));
#3018 = DIRECTION('',(0.367954278912,-0.764064933121,0.529919264233));
#3019 = DIRECTION('',(-0.229923351796,0.477440759576,0.848048096156));
#3020 = ADVANCED_FACE('',(#3021),#3039,.F.);
#3021 = FACE_BOUND('',#3022,.F.);
#3022 = EDGE_LOOP('',(#3023,#3031,#3032,#3033));
#3023 = ORIENTED_EDGE('',*,*,#3024,.F.);
#3024 = EDGE_CURVE('',#2589,#3025,#3027,.T.);
#3025 = VERTEX_POINT('',#3026);
#3026 = CARTESIAN_POINT('',(-11.5205400582,-7.883107288348,
    2.482307356397));
#3027 = LINE('',#3028,#3029);
#3028 = CARTESIAN_POINT('',(-6.294920624372,-5.366581601466,
    2.482307356397));
#3029 = VECTOR('',#3030,1.);
#3030 = DIRECTION('',(-0.900968867902,-0.433883739118,0.));
#3031 = ORIENTED_EDGE('',*,*,#2597,.F.);
#3032 = ORIENTED_EDGE('',*,*,#2993,.T.);
#3033 = ORIENTED_EDGE('',*,*,#3034,.T.);
#3034 = EDGE_CURVE('',#2994,#3025,#3035,.T.);
#3035 = LINE('',#3036,#3037);
#3036 = CARTESIAN_POINT('',(-11.85169890922,-7.19544884854,
    2.005380018587));
#3037 = VECTOR('',#3038,1.);
#3038 = DIRECTION('',(0.367954278912,-0.764064933121,0.529919264233));
#3039 = PLANE('',#3040);
#3040 = AXIS2_PLACEMENT_3D('',#3041,#3042,#3043);
#3041 = CARTESIAN_POINT('',(-6.626079475393,-4.678923161658,
    2.005380018587));
#3042 = DIRECTION('',(-0.229923351796,0.477440759576,0.848048096156));
#3043 = DIRECTION('',(-0.900968867902,-0.433883739118,0.));
#3044 = ADVANCED_FACE('',(#3045),#3063,.T.);
#3045 = FACE_BOUND('',#3046,.T.);
#3046 = EDGE_LOOP('',(#3047,#3048,#3049,#3057));
#3047 = ORIENTED_EDGE('',*,*,#3024,.F.);
#3048 = ORIENTED_EDGE('',*,*,#2588,.F.);
#3049 = ORIENTED_EDGE('',*,*,#3050,.T.);
#3050 = EDGE_CURVE('',#2580,#3051,#3053,.T.);
#3051 = VERTEX_POINT('',#3052);
#3052 = CARTESIAN_POINT('',(-13.01504184488,-4.779742351105,
    7.994619981413));
#3053 = LINE('',#3054,#3055);
#3054 = CARTESIAN_POINT('',(-7.789422411046,-2.263216664223,
    7.994619981413));
#3055 = VECTOR('',#3056,1.);
#3056 = DIRECTION('',(-0.900968867902,-0.433883739118,0.));
#3057 = ORIENTED_EDGE('',*,*,#3058,.F.);
#3058 = EDGE_CURVE('',#3025,#3051,#3059,.T.);
#3059 = LINE('',#3060,#3061);
#3060 = CARTESIAN_POINT('',(-11.5205400582,-7.883107288348,
    2.482307356397));
#3061 = VECTOR('',#3062,1.);
#3062 = DIRECTION('',(-0.229923351796,0.477440759576,0.848048096156));
#3063 = PLANE('',#3064);
#3064 = AXIS2_PLACEMENT_3D('',#3065,#3066,#3067);
#3065 = CARTESIAN_POINT('',(-6.294920624372,-5.366581601466,
    2.482307356397));
#3066 = DIRECTION('',(0.367954278912,-0.764064933121,0.529919264233));
#3067 = DIRECTION('',(-0.229923351796,0.477440759576,0.848048096156));
#3068 = ADVANCED_FACE('',(#3069),#3080,.T.);
#3069 = FACE_BOUND('',#3070,.T.);
#3070 = EDGE_LOOP('',(#3071,#3072,#3073,#3074));
#3071 = ORIENTED_EDGE('',*,*,#3050,.F.);
#3072 = ORIENTED_EDGE('',*,*,#2579,.F.);
#3073 = ORIENTED_EDGE('',*,*,#3002,.T.);
#3074 = ORIENTED_EDGE('',*,*,#3075,.T.);
#3075 = EDGE_CURVE('',#3003,#3051,#3076,.T.);
#3076 = LINE('',#3077,#3078);
#3077 = CARTESIAN_POINT('',(-13.3462006959,-4.092083911296,
    7.517692643603));
#3078 = VECTOR('',#3079,1.);
#3079 = DIRECTION('',(0.367954278912,-0.764064933121,0.529919264233));
#3080 = PLANE('',#3081);
#3081 = AXIS2_PLACEMENT_3D('',#3082,#3083,#3084);
#3082 = CARTESIAN_POINT('',(-8.120581262066,-1.575558224414,
    7.517692643603));
#3083 = DIRECTION('',(-0.229923351796,0.477440759576,0.848048096156));
#3084 = DIRECTION('',(-0.900968867902,-0.433883739118,0.));
#3085 = ADVANCED_FACE('',(#3086),#3111,.F.);
#3086 = FACE_BOUND('',#3087,.F.);
#3087 = EDGE_LOOP('',(#3088,#3096,#3097,#3105));
#3088 = ORIENTED_EDGE('',*,*,#3089,.F.);
#3089 = EDGE_CURVE('',#2609,#3090,#3092,.T.);
#3090 = VERTEX_POINT('',#3091);
#3091 = CARTESIAN_POINT('',(-1.763784964327,-13.75232030482,
    2.005380018587));
#3092 = LINE('',#3093,#3094);
#3093 = CARTESIAN_POINT('',(-0.47316354738,-8.097738414172,
    2.005380018587));
#3094 = VECTOR('',#3095,1.);
#3095 = DIRECTION('',(-0.222520933956,-0.974927912182,0.));
#3096 = ORIENTED_EDGE('',*,*,#2606,.F.);
#3097 = ORIENTED_EDGE('',*,*,#3098,.T.);
#3098 = EDGE_CURVE('',#2607,#3099,#3101,.T.);
#3099 = VERTEX_POINT('',#3100);
#3100 = CARTESIAN_POINT('',(-5.121899996701,-12.98585246243,
    7.517692643603));
#3101 = LINE('',#3102,#3103);
#3102 = CARTESIAN_POINT('',(-3.831278579755,-7.331270571781,
    7.517692643603));
#3103 = VECTOR('',#3104,1.);
#3104 = DIRECTION('',(-0.222520933956,-0.974927912182,0.));
#3105 = ORIENTED_EDGE('',*,*,#3106,.F.);
#3106 = EDGE_CURVE('',#3090,#3099,#3107,.T.);
#3107 = LINE('',#3108,#3109);
#3108 = CARTESIAN_POINT('',(-1.763784964327,-13.75232030482,
    2.005380018587));
#3109 = VECTOR('',#3110,1.);
#3110 = DIRECTION('',(-0.516633081904,0.117918129599,0.848048096156));
#3111 = PLANE('',#3112);
#3112 = AXIS2_PLACEMENT_3D('',#3113,#3114,#3115);
#3113 = CARTESIAN_POINT('',(-0.47316354738,-8.097738414172,
    2.005380018587));
#3114 = DIRECTION('',(0.826785759816,-0.188708454397,0.529919264233));
#3115 = DIRECTION('',(-0.516633081904,0.117918129599,0.848048096156));
#3116 = ADVANCED_FACE('',(#3117),#3135,.F.);
#3117 = FACE_BOUND('',#3118,.F.);
#3118 = EDGE_LOOP('',(#3119,#3127,#3128,#3129));
#3119 = ORIENTED_EDGE('',*,*,#3120,.F.);
#3120 = EDGE_CURVE('',#2627,#3121,#3123,.T.);
#3121 = VERTEX_POINT('',#3122);
#3122 = CARTESIAN_POINT('',(-1.019677780493,-13.92215791378,
    2.482307356397));
#3123 = LINE('',#3124,#3125);
#3124 = CARTESIAN_POINT('',(0.270943636454,-8.267576023129,
    2.482307356397));
#3125 = VECTOR('',#3126,1.);
#3126 = DIRECTION('',(-0.222520933956,-0.974927912182,0.));
#3127 = ORIENTED_EDGE('',*,*,#2635,.F.);
#3128 = ORIENTED_EDGE('',*,*,#3089,.T.);
#3129 = ORIENTED_EDGE('',*,*,#3130,.T.);
#3130 = EDGE_CURVE('',#3090,#3121,#3131,.T.);
#3131 = LINE('',#3132,#3133);
#3132 = CARTESIAN_POINT('',(-1.763784964327,-13.75232030482,
    2.005380018587));
#3133 = VECTOR('',#3134,1.);
#3134 = DIRECTION('',(0.826785759816,-0.188708454397,0.529919264233));
#3135 = PLANE('',#3136);
#3136 = AXIS2_PLACEMENT_3D('',#3137,#3138,#3139);
#3137 = CARTESIAN_POINT('',(-0.47316354738,-8.097738414172,
    2.005380018587));
#3138 = DIRECTION('',(-0.516633081904,0.117918129599,0.848048096156));
#3139 = DIRECTION('',(-0.222520933956,-0.974927912182,0.));
#3140 = ADVANCED_FACE('',(#3141),#3159,.T.);
#3141 = FACE_BOUND('',#3142,.T.);
#3142 = EDGE_LOOP('',(#3143,#3144,#3145,#3153));
#3143 = ORIENTED_EDGE('',*,*,#3120,.F.);
#3144 = ORIENTED_EDGE('',*,*,#2626,.F.);
#3145 = ORIENTED_EDGE('',*,*,#3146,.T.);
#3146 = EDGE_CURVE('',#2618,#3147,#3149,.T.);
#3147 = VERTEX_POINT('',#3148);
#3148 = CARTESIAN_POINT('',(-4.377792812868,-13.15569007139,
    7.994619981413));
#3149 = LINE('',#3150,#3151);
#3150 = CARTESIAN_POINT('',(-3.087171395921,-7.501108180738,
    7.994619981413));
#3151 = VECTOR('',#3152,1.);
#3152 = DIRECTION('',(-0.222520933956,-0.974927912182,0.));
#3153 = ORIENTED_EDGE('',*,*,#3154,.F.);
#3154 = EDGE_CURVE('',#3121,#3147,#3155,.T.);
#3155 = LINE('',#3156,#3157);
#3156 = CARTESIAN_POINT('',(-1.019677780493,-13.92215791378,
    2.482307356397));
#3157 = VECTOR('',#3158,1.);
#3158 = DIRECTION('',(-0.516633081904,0.117918129599,0.848048096156));
#3159 = PLANE('',#3160);
#3160 = AXIS2_PLACEMENT_3D('',#3161,#3162,#3163);
#3161 = CARTESIAN_POINT('',(0.270943636454,-8.267576023129,
    2.482307356397));
#3162 = DIRECTION('',(0.826785759816,-0.188708454397,0.529919264233));
#3163 = DIRECTION('',(-0.516633081904,0.117918129599,0.848048096156));
#3164 = ADVANCED_FACE('',(#3165),#3176,.T.);
#3165 = FACE_BOUND('',#3166,.T.);
#3166 = EDGE_LOOP('',(#3167,#3168,#3169,#3170));
#3167 = ORIENTED_EDGE('',*,*,#3146,.F.);
#3168 = ORIENTED_EDGE('',*,*,#2617,.F.);
#3169 = ORIENTED_EDGE('',*,*,#3098,.T.);
#3170 = ORIENTED_EDGE('',*,*,#3171,.T.);
#3171 = EDGE_CURVE('',#3099,#3147,#3172,.T.);
#3172 = LINE('',#3173,#3174);
#3173 = CARTESIAN_POINT('',(-5.121899996701,-12.98585246243,
    7.517692643603));
#3174 = VECTOR('',#3175,1.);
#3175 = DIRECTION('',(0.826785759816,-0.188708454397,0.529919264233));
#3176 = PLANE('',#3177);
#3177 = AXIS2_PLACEMENT_3D('',#3178,#3179,#3180);
#3178 = CARTESIAN_POINT('',(-3.831278579755,-7.331270571781,
    7.517692643603));
#3179 = DIRECTION('',(-0.516633081904,0.117918129599,0.848048096156));
#3180 = DIRECTION('',(-0.222520933956,-0.974927912182,0.));
#3181 = ADVANCED_FACE('',(#3182),#3207,.F.);
#3182 = FACE_BOUND('',#3183,.F.);
#3183 = EDGE_LOOP('',(#3184,#3192,#3193,#3201));
#3184 = ORIENTED_EDGE('',*,*,#3185,.F.);
#3185 = EDGE_CURVE('',#2647,#3186,#3188,.T.);
#3186 = VERTEX_POINT('',#3187);
#3187 = CARTESIAN_POINT('',(9.652295033368,-9.953414075368,
    2.005380018587));
#3188 = LINE('',#3189,#3190);
#3189 = CARTESIAN_POINT('',(6.036054182587,-5.418791477054,
    2.005380018587));
#3190 = VECTOR('',#3191,1.);
#3191 = DIRECTION('',(0.623489801859,-0.781831482468,0.));
#3192 = ORIENTED_EDGE('',*,*,#2644,.F.);
#3193 = ORIENTED_EDGE('',*,*,#3194,.T.);
#3194 = EDGE_CURVE('',#2645,#3195,#3197,.T.);
#3195 = VERTEX_POINT('',#3196);
#3196 = CARTESIAN_POINT('',(6.959295867733,-12.10100924624,
    7.517692643603));
#3197 = LINE('',#3198,#3199);
#3198 = CARTESIAN_POINT('',(3.343055016952,-7.56638664793,7.517692643603
    ));
#3199 = VECTOR('',#3200,1.);
#3200 = DIRECTION('',(0.623489801859,-0.781831482468,0.));
#3201 = ORIENTED_EDGE('',*,*,#3202,.F.);
#3202 = EDGE_CURVE('',#3186,#3195,#3203,.T.);
#3203 = LINE('',#3204,#3205);
#3204 = CARTESIAN_POINT('',(9.652295033368,-9.953414075368,
    2.005380018587));
#3205 = VECTOR('',#3206,1.);
#3206 = DIRECTION('',(-0.414307563944,-0.330399257058,0.848048096156));
#3207 = PLANE('',#3208);
#3208 = AXIS2_PLACEMENT_3D('',#3209,#3210,#3211);
#3209 = CARTESIAN_POINT('',(6.036054182587,-5.418791477054,
    2.005380018587));
#3210 = DIRECTION('',(0.663030700222,0.528749339439,0.529919264233));
#3211 = DIRECTION('',(-0.414307563944,-0.330399257058,0.848048096156));
#3212 = ADVANCED_FACE('',(#3213),#3231,.F.);
#3213 = FACE_BOUND('',#3214,.F.);
#3214 = EDGE_LOOP('',(#3215,#3223,#3224,#3225));
#3215 = ORIENTED_EDGE('',*,*,#3216,.F.);
#3216 = EDGE_CURVE('',#2665,#3217,#3219,.T.);
#3217 = VERTEX_POINT('',#3218);
#3218 = CARTESIAN_POINT('',(10.249022663568,-9.477539669873,
    2.482307356397));
#3219 = LINE('',#3220,#3221);
#3220 = CARTESIAN_POINT('',(6.632781812787,-4.942917071558,
    2.482307356397));
#3221 = VECTOR('',#3222,1.);
#3222 = DIRECTION('',(0.623489801859,-0.781831482468,0.));
#3223 = ORIENTED_EDGE('',*,*,#2673,.F.);
#3224 = ORIENTED_EDGE('',*,*,#3185,.T.);
#3225 = ORIENTED_EDGE('',*,*,#3226,.T.);
#3226 = EDGE_CURVE('',#3186,#3217,#3227,.T.);
#3227 = LINE('',#3228,#3229);
#3228 = CARTESIAN_POINT('',(9.652295033368,-9.953414075368,
    2.005380018587));
#3229 = VECTOR('',#3230,1.);
#3230 = DIRECTION('',(0.663030700222,0.528749339439,0.529919264233));
#3231 = PLANE('',#3232);
#3232 = AXIS2_PLACEMENT_3D('',#3233,#3234,#3235);
#3233 = CARTESIAN_POINT('',(6.036054182587,-5.418791477054,
    2.005380018587));
#3234 = DIRECTION('',(-0.414307563944,-0.330399257058,0.848048096156));
#3235 = DIRECTION('',(0.623489801859,-0.781831482468,0.));
#3236 = ADVANCED_FACE('',(#3237),#3255,.T.);
#3237 = FACE_BOUND('',#3238,.T.);
#3238 = EDGE_LOOP('',(#3239,#3240,#3241,#3249));
#3239 = ORIENTED_EDGE('',*,*,#3216,.F.);
#3240 = ORIENTED_EDGE('',*,*,#2664,.F.);
#3241 = ORIENTED_EDGE('',*,*,#3242,.T.);
#3242 = EDGE_CURVE('',#2656,#3243,#3245,.T.);
#3243 = VERTEX_POINT('',#3244);
#3244 = CARTESIAN_POINT('',(7.556023497933,-11.62513484074,
    7.994619981413));
#3245 = LINE('',#3246,#3247);
#3246 = CARTESIAN_POINT('',(3.939782647152,-7.090512242435,
    7.994619981413));
#3247 = VECTOR('',#3248,1.);
#3248 = DIRECTION('',(0.623489801859,-0.781831482468,0.));
#3249 = ORIENTED_EDGE('',*,*,#3250,.F.);
#3250 = EDGE_CURVE('',#3217,#3243,#3251,.T.);
#3251 = LINE('',#3252,#3253);
#3252 = CARTESIAN_POINT('',(10.249022663568,-9.477539669873,
    2.482307356397));
#3253 = VECTOR('',#3254,1.);
#3254 = DIRECTION('',(-0.414307563944,-0.330399257058,0.848048096156));
#3255 = PLANE('',#3256);
#3256 = AXIS2_PLACEMENT_3D('',#3257,#3258,#3259);
#3257 = CARTESIAN_POINT('',(6.632781812787,-4.942917071558,
    2.482307356397));
#3258 = DIRECTION('',(0.663030700222,0.528749339439,0.529919264233));
#3259 = DIRECTION('',(-0.414307563944,-0.330399257058,0.848048096156));
#3260 = ADVANCED_FACE('',(#3261),#3272,.T.);
#3261 = FACE_BOUND('',#3262,.T.);
#3262 = EDGE_LOOP('',(#3263,#3264,#3265,#3266));
#3263 = ORIENTED_EDGE('',*,*,#3242,.F.);
#3264 = ORIENTED_EDGE('',*,*,#2655,.F.);
#3265 = ORIENTED_EDGE('',*,*,#3194,.T.);
#3266 = ORIENTED_EDGE('',*,*,#3267,.T.);
#3267 = EDGE_CURVE('',#3195,#3243,#3268,.T.);
#3268 = LINE('',#3269,#3270);
#3269 = CARTESIAN_POINT('',(6.959295867733,-12.10100924624,
    7.517692643603));
#3270 = VECTOR('',#3271,1.);
#3271 = DIRECTION('',(0.663030700222,0.528749339439,0.529919264233));
#3272 = PLANE('',#3273);
#3273 = AXIS2_PLACEMENT_3D('',#3274,#3275,#3276);
#3274 = CARTESIAN_POINT('',(3.343055016952,-7.56638664793,7.517692643603
    ));
#3275 = DIRECTION('',(-0.414307563944,-0.330399257058,0.848048096156));
#3276 = DIRECTION('',(0.623489801859,-0.781831482468,0.));
#3277 = ADVANCED_FACE('',(#3278),#3303,.F.);
#3278 = FACE_BOUND('',#3279,.F.);
#3279 = EDGE_LOOP('',(#3280,#3288,#3289,#3297));
#3280 = ORIENTED_EDGE('',*,*,#3281,.F.);
#3281 = EDGE_CURVE('',#2685,#3282,#3284,.T.);
#3282 = VERTEX_POINT('',#3283);
#3283 = CARTESIAN_POINT('',(7.556023497933,11.625134840749,
    2.005380018587));
#3284 = LINE('',#3285,#3286);
#3285 = CARTESIAN_POINT('',(3.939782647152,7.090512242435,2.005380018587
    ));
#3286 = VECTOR('',#3287,1.);
#3287 = DIRECTION('',(0.623489801859,0.781831482468,0.));
#3288 = ORIENTED_EDGE('',*,*,#2682,.F.);
#3289 = ORIENTED_EDGE('',*,*,#3290,.T.);
#3290 = EDGE_CURVE('',#2683,#3291,#3293,.T.);
#3291 = VERTEX_POINT('',#3292);
#3292 = CARTESIAN_POINT('',(10.249022663568,9.477539669873,
    7.517692643603));
#3293 = LINE('',#3294,#3295);
#3294 = CARTESIAN_POINT('',(6.632781812787,4.942917071558,7.517692643603
    ));
#3295 = VECTOR('',#3296,1.);
#3296 = DIRECTION('',(0.623489801859,0.781831482468,0.));
#3297 = ORIENTED_EDGE('',*,*,#3298,.F.);
#3298 = EDGE_CURVE('',#3282,#3291,#3299,.T.);
#3299 = LINE('',#3300,#3301);
#3300 = CARTESIAN_POINT('',(7.556023497933,11.625134840749,
    2.005380018587));
#3301 = VECTOR('',#3302,1.);
#3302 = DIRECTION('',(0.414307563944,-0.330399257058,0.848048096156));
#3303 = PLANE('',#3304);
#3304 = AXIS2_PLACEMENT_3D('',#3305,#3306,#3307);
#3305 = CARTESIAN_POINT('',(3.939782647152,7.090512242435,2.005380018587
    ));
#3306 = DIRECTION('',(-0.663030700222,0.528749339439,0.529919264233));
#3307 = DIRECTION('',(0.414307563944,-0.330399257058,0.848048096156));
#3308 = ADVANCED_FACE('',(#3309),#3327,.F.);
#3309 = FACE_BOUND('',#3310,.F.);
#3310 = EDGE_LOOP('',(#3311,#3319,#3320,#3321));
#3311 = ORIENTED_EDGE('',*,*,#3312,.F.);
#3312 = EDGE_CURVE('',#2703,#3313,#3315,.T.);
#3313 = VERTEX_POINT('',#3314);
#3314 = CARTESIAN_POINT('',(6.959295867733,12.101009246245,
    2.482307356397));
#3315 = LINE('',#3316,#3317);
#3316 = CARTESIAN_POINT('',(3.343055016952,7.56638664793,2.482307356397)
  );
#3317 = VECTOR('',#3318,1.);
#3318 = DIRECTION('',(0.623489801859,0.781831482468,0.));
#3319 = ORIENTED_EDGE('',*,*,#2711,.F.);
#3320 = ORIENTED_EDGE('',*,*,#3281,.T.);
#3321 = ORIENTED_EDGE('',*,*,#3322,.T.);
#3322 = EDGE_CURVE('',#3282,#3313,#3323,.T.);
#3323 = LINE('',#3324,#3325);
#3324 = CARTESIAN_POINT('',(7.556023497933,11.625134840749,
    2.005380018587));
#3325 = VECTOR('',#3326,1.);
#3326 = DIRECTION('',(-0.663030700222,0.528749339439,0.529919264233));
#3327 = PLANE('',#3328);
#3328 = AXIS2_PLACEMENT_3D('',#3329,#3330,#3331);
#3329 = CARTESIAN_POINT('',(3.939782647152,7.090512242435,2.005380018587
    ));
#3330 = DIRECTION('',(0.414307563944,-0.330399257058,0.848048096156));
#3331 = DIRECTION('',(0.623489801859,0.781831482468,0.));
#3332 = ADVANCED_FACE('',(#3333),#3351,.T.);
#3333 = FACE_BOUND('',#3334,.T.);
#3334 = EDGE_LOOP('',(#3335,#3336,#3337,#3345));
#3335 = ORIENTED_EDGE('',*,*,#3312,.F.);
#3336 = ORIENTED_EDGE('',*,*,#2702,.F.);
#3337 = ORIENTED_EDGE('',*,*,#3338,.T.);
#3338 = EDGE_CURVE('',#2694,#3339,#3341,.T.);
#3339 = VERTEX_POINT('',#3340);
#3340 = CARTESIAN_POINT('',(9.652295033368,9.953414075368,7.994619981413
    ));
#3341 = LINE('',#3342,#3343);
#3342 = CARTESIAN_POINT('',(6.036054182587,5.418791477054,7.994619981413
    ));
#3343 = VECTOR('',#3344,1.);
#3344 = DIRECTION('',(0.623489801859,0.781831482468,0.));
#3345 = ORIENTED_EDGE('',*,*,#3346,.F.);
#3346 = EDGE_CURVE('',#3313,#3339,#3347,.T.);
#3347 = LINE('',#3348,#3349);
#3348 = CARTESIAN_POINT('',(6.959295867733,12.101009246245,
    2.482307356397));
#3349 = VECTOR('',#3350,1.);
#3350 = DIRECTION('',(0.414307563944,-0.330399257058,0.848048096156));
#3351 = PLANE('',#3352);
#3352 = AXIS2_PLACEMENT_3D('',#3353,#3354,#3355);
#3353 = CARTESIAN_POINT('',(3.343055016952,7.56638664793,2.482307356397)
  );
#3354 = DIRECTION('',(-0.663030700222,0.528749339439,0.529919264233));
#3355 = DIRECTION('',(0.414307563944,-0.330399257058,0.848048096156));
#3356 = ADVANCED_FACE('',(#3357),#3368,.T.);
#3357 = FACE_BOUND('',#3358,.T.);
#3358 = EDGE_LOOP('',(#3359,#3360,#3361,#3362));
#3359 = ORIENTED_EDGE('',*,*,#3338,.F.);
#3360 = ORIENTED_EDGE('',*,*,#2693,.F.);
#3361 = ORIENTED_EDGE('',*,*,#3290,.T.);
#3362 = ORIENTED_EDGE('',*,*,#3363,.T.);
#3363 = EDGE_CURVE('',#3291,#3339,#3364,.T.);
#3364 = LINE('',#3365,#3366);
#3365 = CARTESIAN_POINT('',(10.249022663568,9.477539669873,
    7.517692643603));
#3366 = VECTOR('',#3367,1.);
#3367 = DIRECTION('',(-0.663030700222,0.528749339439,0.529919264233));
#3368 = PLANE('',#3369);
#3369 = AXIS2_PLACEMENT_3D('',#3370,#3371,#3372);
#3370 = CARTESIAN_POINT('',(6.632781812787,4.942917071558,7.517692643603
    ));
#3371 = DIRECTION('',(0.414307563944,-0.330399257058,0.848048096156));
#3372 = DIRECTION('',(0.623489801859,0.781831482468,0.));
#3373 = ADVANCED_FACE('',(#3374),#3399,.F.);
#3374 = FACE_BOUND('',#3375,.F.);
#3375 = EDGE_LOOP('',(#3376,#3384,#3385,#3393));
#3376 = ORIENTED_EDGE('',*,*,#3377,.F.);
#3377 = EDGE_CURVE('',#2723,#3378,#3380,.T.);
#3378 = VERTEX_POINT('',#3379);
#3379 = CARTESIAN_POINT('',(-13.01504184488,4.779742351105,
    2.005380018587));
#3380 = LINE('',#3381,#3382);
#3381 = CARTESIAN_POINT('',(-7.789422411046,2.263216664223,
    2.005380018587));
#3382 = VECTOR('',#3383,1.);
#3383 = DIRECTION('',(-0.900968867902,0.433883739118,0.));
#3384 = ORIENTED_EDGE('',*,*,#2720,.F.);
#3385 = ORIENTED_EDGE('',*,*,#3386,.T.);
#3386 = EDGE_CURVE('',#2721,#3387,#3389,.T.);
#3387 = VERTEX_POINT('',#3388);
#3388 = CARTESIAN_POINT('',(-11.5205400582,7.883107288348,7.517692643603
    ));
#3389 = LINE('',#3390,#3391);
#3390 = CARTESIAN_POINT('',(-6.294920624372,5.366581601466,
    7.517692643603));
#3391 = VECTOR('',#3392,1.);
#3392 = DIRECTION('',(-0.900968867902,0.433883739118,0.));
#3393 = ORIENTED_EDGE('',*,*,#3394,.F.);
#3394 = EDGE_CURVE('',#3378,#3387,#3395,.T.);
#3395 = LINE('',#3396,#3397);
#3396 = CARTESIAN_POINT('',(-13.01504184488,4.779742351105,
    2.005380018587));
#3397 = VECTOR('',#3398,1.);
#3398 = DIRECTION('',(0.229923351796,0.477440759576,0.848048096156));
#3399 = PLANE('',#3400);
#3400 = AXIS2_PLACEMENT_3D('',#3401,#3402,#3403);
#3401 = CARTESIAN_POINT('',(-7.789422411046,2.263216664223,
    2.005380018587));
#3402 = DIRECTION('',(-0.367954278912,-0.764064933121,0.529919264233));
#3403 = DIRECTION('',(0.229923351796,0.477440759576,0.848048096156));
#3404 = ADVANCED_FACE('',(#3405),#3423,.F.);
#3405 = FACE_BOUND('',#3406,.F.);
#3406 = EDGE_LOOP('',(#3407,#3415,#3416,#3417));
#3407 = ORIENTED_EDGE('',*,*,#3408,.F.);
#3408 = EDGE_CURVE('',#2741,#3409,#3411,.T.);
#3409 = VERTEX_POINT('',#3410);
#3410 = CARTESIAN_POINT('',(-13.3462006959,4.092083911296,2.482307356397
    ));
#3411 = LINE('',#3412,#3413);
#3412 = CARTESIAN_POINT('',(-8.120581262066,1.575558224414,
    2.482307356397));
#3413 = VECTOR('',#3414,1.);
#3414 = DIRECTION('',(-0.900968867902,0.433883739118,0.));
#3415 = ORIENTED_EDGE('',*,*,#2749,.F.);
#3416 = ORIENTED_EDGE('',*,*,#3377,.T.);
#3417 = ORIENTED_EDGE('',*,*,#3418,.T.);
#3418 = EDGE_CURVE('',#3378,#3409,#3419,.T.);
#3419 = LINE('',#3420,#3421);
#3420 = CARTESIAN_POINT('',(-13.01504184488,4.779742351105,
    2.005380018587));
#3421 = VECTOR('',#3422,1.);
#3422 = DIRECTION('',(-0.367954278912,-0.764064933121,0.529919264233));
#3423 = PLANE('',#3424);
#3424 = AXIS2_PLACEMENT_3D('',#3425,#3426,#3427);
#3425 = CARTESIAN_POINT('',(-7.789422411046,2.263216664223,
    2.005380018587));
#3426 = DIRECTION('',(0.229923351796,0.477440759576,0.848048096156));
#3427 = DIRECTION('',(-0.900968867902,0.433883739118,0.));
#3428 = ADVANCED_FACE('',(#3429),#3447,.T.);
#3429 = FACE_BOUND('',#3430,.T.);
#3430 = EDGE_LOOP('',(#3431,#3432,#3433,#3441));
#3431 = ORIENTED_EDGE('',*,*,#3408,.F.);
#3432 = ORIENTED_EDGE('',*,*,#2740,.F.);
#3433 = ORIENTED_EDGE('',*,*,#3434,.T.);
#3434 = EDGE_CURVE('',#2732,#3435,#3437,.T.);
#3435 = VERTEX_POINT('',#3436);
#3436 = CARTESIAN_POINT('',(-11.85169890922,7.19544884854,7.994619981413
    ));
#3437 = LINE('',#3438,#3439);
#3438 = CARTESIAN_POINT('',(-6.626079475393,4.678923161658,
    7.994619981413));
#3439 = VECTOR('',#3440,1.);
#3440 = DIRECTION('',(-0.900968867902,0.433883739118,0.));
#3441 = ORIENTED_EDGE('',*,*,#3442,.F.);
#3442 = EDGE_CURVE('',#3409,#3435,#3443,.T.);
#3443 = LINE('',#3444,#3445);
#3444 = CARTESIAN_POINT('',(-13.3462006959,4.092083911296,2.482307356397
    ));
#3445 = VECTOR('',#3446,1.);
#3446 = DIRECTION('',(0.229923351796,0.477440759576,0.848048096156));
#3447 = PLANE('',#3448);
#3448 = AXIS2_PLACEMENT_3D('',#3449,#3450,#3451);
#3449 = CARTESIAN_POINT('',(-8.120581262066,1.575558224414,
    2.482307356397));
#3450 = DIRECTION('',(-0.367954278912,-0.764064933121,0.529919264233));
#3451 = DIRECTION('',(0.229923351796,0.477440759576,0.848048096156));
#3452 = ADVANCED_FACE('',(#3453),#3464,.T.);
#3453 = FACE_BOUND('',#3454,.T.);
#3454 = EDGE_LOOP('',(#3455,#3456,#3457,#3458));
#3455 = ORIENTED_EDGE('',*,*,#3434,.F.);
#3456 = ORIENTED_EDGE('',*,*,#2731,.F.);
#3457 = ORIENTED_EDGE('',*,*,#3386,.T.);
#3458 = ORIENTED_EDGE('',*,*,#3459,.T.);
#3459 = EDGE_CURVE('',#3387,#3435,#3460,.T.);
#3460 = LINE('',#3461,#3462);
#3461 = CARTESIAN_POINT('',(-11.5205400582,7.883107288348,7.517692643603
    ));
#3462 = VECTOR('',#3463,1.);
#3463 = DIRECTION('',(-0.367954278912,-0.764064933121,0.529919264233));
#3464 = PLANE('',#3465);
#3465 = AXIS2_PLACEMENT_3D('',#3466,#3467,#3468);
#3466 = CARTESIAN_POINT('',(-6.294920624372,5.366581601466,
    7.517692643603));
#3467 = DIRECTION('',(0.229923351796,0.477440759576,0.848048096156));
#3468 = DIRECTION('',(-0.900968867902,0.433883739118,0.));
#3469 = ADVANCED_FACE('',(#3470),#3476,.T.);
#3470 = FACE_BOUND('',#3471,.T.);
#3471 = EDGE_LOOP('',(#3472,#3473,#3474,#3475));
#3472 = ORIENTED_EDGE('',*,*,#2791,.F.);
#3473 = ORIENTED_EDGE('',*,*,#2815,.T.);
#3474 = ORIENTED_EDGE('',*,*,#2840,.T.);
#3475 = ORIENTED_EDGE('',*,*,#2883,.F.);
#3476 = PLANE('',#3477);
#3477 = AXIS2_PLACEMENT_3D('',#3478,#3479,#3480);
#3478 = CARTESIAN_POINT('',(13.8,1.340615965488,2.005380018587));
#3479 = DIRECTION('',(1.,0.,0.));
#3480 = DIRECTION('',(0.,-0.529919264233,0.848048096156));
#3481 = ADVANCED_FACE('',(#3482),#3485,.T.);
#3482 = FACE_BOUND('',#3483,.T.);
#3483 = EDGE_LOOP('',(#3484));
#3484 = ORIENTED_EDGE('',*,*,#2865,.T.);
#3485 = PLANE('',#3486);
#3486 = AXIS2_PLACEMENT_3D('',#3487,#3488,#3489);
#3487 = CARTESIAN_POINT('',(0.,0.,9.));
#3488 = DIRECTION('',(0.,0.,1.));
#3489 = DIRECTION('',(1.,0.,-0.));
#3490 = ADVANCED_FACE('',(#3491),#3497,.T.);
#3491 = FACE_BOUND('',#3492,.T.);
#3492 = EDGE_LOOP('',(#3493,#3494,#3495,#3496));
#3493 = ORIENTED_EDGE('',*,*,#2914,.F.);
#3494 = ORIENTED_EDGE('',*,*,#2938,.T.);
#3495 = ORIENTED_EDGE('',*,*,#2962,.T.);
#3496 = ORIENTED_EDGE('',*,*,#2979,.F.);
#3497 = PLANE('',#3498);
#3498 = AXIS2_PLACEMENT_3D('',#3499,#3500,#3501);
#3499 = CARTESIAN_POINT('',(-4.377792812868,13.155690071392,
    2.005380018587));
#3500 = DIRECTION('',(-0.222520933956,0.974927912182,0.));
#3501 = DIRECTION('',(0.516633081904,0.117918129599,0.848048096156));
#3502 = ADVANCED_FACE('',(#3503),#3509,.T.);
#3503 = FACE_BOUND('',#3504,.T.);
#3504 = EDGE_LOOP('',(#3505,#3506,#3507,#3508));
#3505 = ORIENTED_EDGE('',*,*,#3010,.F.);
#3506 = ORIENTED_EDGE('',*,*,#3034,.T.);
#3507 = ORIENTED_EDGE('',*,*,#3058,.T.);
#3508 = ORIENTED_EDGE('',*,*,#3075,.F.);
#3509 = PLANE('',#3510);
#3510 = AXIS2_PLACEMENT_3D('',#3511,#3512,#3513);
#3511 = CARTESIAN_POINT('',(-11.85169890922,-7.19544884854,
    2.005380018587));
#3512 = DIRECTION('',(-0.900968867902,-0.433883739118,0.));
#3513 = DIRECTION('',(-0.229923351796,0.477440759576,0.848048096156));
#3514 = ADVANCED_FACE('',(#3515),#3521,.T.);
#3515 = FACE_BOUND('',#3516,.T.);
#3516 = EDGE_LOOP('',(#3517,#3518,#3519,#3520));
#3517 = ORIENTED_EDGE('',*,*,#3106,.F.);
#3518 = ORIENTED_EDGE('',*,*,#3130,.T.);
#3519 = ORIENTED_EDGE('',*,*,#3154,.T.);
#3520 = ORIENTED_EDGE('',*,*,#3171,.F.);
#3521 = PLANE('',#3522);
#3522 = AXIS2_PLACEMENT_3D('',#3523,#3524,#3525);
#3523 = CARTESIAN_POINT('',(-1.763784964327,-13.75232030482,
    2.005380018587));
#3524 = DIRECTION('',(-0.222520933956,-0.974927912182,0.));
#3525 = DIRECTION('',(-0.516633081904,0.117918129599,0.848048096156));
#3526 = ADVANCED_FACE('',(#3527),#3533,.T.);
#3527 = FACE_BOUND('',#3528,.T.);
#3528 = EDGE_LOOP('',(#3529,#3530,#3531,#3532));
#3529 = ORIENTED_EDGE('',*,*,#3202,.F.);
#3530 = ORIENTED_EDGE('',*,*,#3226,.T.);
#3531 = ORIENTED_EDGE('',*,*,#3250,.T.);
#3532 = ORIENTED_EDGE('',*,*,#3267,.F.);
#3533 = PLANE('',#3534);
#3534 = AXIS2_PLACEMENT_3D('',#3535,#3536,#3537);
#3535 = CARTESIAN_POINT('',(9.652295033368,-9.953414075368,
    2.005380018587));
#3536 = DIRECTION('',(0.623489801859,-0.781831482468,0.));
#3537 = DIRECTION('',(-0.414307563944,-0.330399257058,0.848048096156));
#3538 = ADVANCED_FACE('',(#3539),#3545,.T.);
#3539 = FACE_BOUND('',#3540,.T.);
#3540 = EDGE_LOOP('',(#3541,#3542,#3543,#3544));
#3541 = ORIENTED_EDGE('',*,*,#3298,.F.);
#3542 = ORIENTED_EDGE('',*,*,#3322,.T.);
#3543 = ORIENTED_EDGE('',*,*,#3346,.T.);
#3544 = ORIENTED_EDGE('',*,*,#3363,.F.);
#3545 = PLANE('',#3546);
#3546 = AXIS2_PLACEMENT_3D('',#3547,#3548,#3549);
#3547 = CARTESIAN_POINT('',(7.556023497933,11.625134840749,
    2.005380018587));
#3548 = DIRECTION('',(0.623489801859,0.781831482468,0.));
#3549 = DIRECTION('',(0.414307563944,-0.330399257058,0.848048096156));
#3550 = ADVANCED_FACE('',(#3551),#3557,.T.);
#3551 = FACE_BOUND('',#3552,.T.);
#3552 = EDGE_LOOP('',(#3553,#3554,#3555,#3556));
#3553 = ORIENTED_EDGE('',*,*,#3394,.F.);
#3554 = ORIENTED_EDGE('',*,*,#3418,.T.);
#3555 = ORIENTED_EDGE('',*,*,#3442,.T.);
#3556 = ORIENTED_EDGE('',*,*,#3459,.F.);
#3557 = PLANE('',#3558);
#3558 = AXIS2_PLACEMENT_3D('',#3559,#3560,#3561);
#3559 = CARTESIAN_POINT('',(-13.01504184488,4.779742351105,
    2.005380018587));
#3560 = DIRECTION('',(-0.900968867902,0.433883739118,0.));
#3561 = DIRECTION('',(0.229923351796,0.477440759576,0.848048096156));
#3562 = ( GEOMETRIC_REPRESENTATION_CONTEXT(3) 
GLOBAL_UNCERTAINTY_ASSIGNED_CONTEXT((#3566)) 
GLOBAL_UNIT_ASSIGNED_CONTEXT((#3563,#3564,#3565)) REPRESENTATION_CONTEXT
('Context #1','3D Context with UNIT and UNCERTAINTY') );
#3563 = ( LENGTH_UNIT() NAMED_UNIT(*) SI_UNIT(.MILLI.,.METRE.) );
#3564 = ( NAMED_UNIT(*) PLANE_ANGLE_UNIT() SI_UNIT($,.RADIAN.) );
#3565 = ( NAMED_UNIT(*) SI_UNIT($,.STERADIAN.) SOLID_ANGLE_UNIT() );
#3566 = UNCERTAINTY_MEASURE_WITH_UNIT(LENGTH_MEASURE(1.E-07),#3563,
  'distance_accuracy_value','confusion accuracy');
#3567 = CONTEXT_DEPENDENT_SHAPE_REPRESENTATION(#3568,#3570);
#3568 = ( REPRESENTATION_RELATIONSHIP('','',#2435,#10) 
REPRESENTATION_RELATIONSHIP_WITH_TRANSFORMATION(#3569) 
SHAPE_REPRESENTATION_RELATIONSHIP() );
#3569 = ITEM_DEFINED_TRANSFORMATION('','',#11,#19);
#3570 = PRODUCT_DEFINITION_SHAPE('Placement','Placement of an item',
  #3571);
#3571 = NEXT_ASSEMBLY_USAGE_OCCURRENCE('12','Rotor','',#5,#2430,$);
#3572 = PRODUCT_RELATED_PRODUCT_CATEGORY('part',$,(#2432));
#3573 = MECHANICAL_DESIGN_GEOMETRIC_PRESENTATION_REPRESENTATION('',(
    #3574),#3562);
#3574 = STYLED_ITEM('color',(#3575),#2436);
#3575 = PRESENTATION_STYLE_ASSIGNMENT((#3576,#3582));
#3576 = SURFACE_STYLE_USAGE(.BOTH.,#3577);
#3577 = SURFACE_SIDE_STYLE('',(#3578));
#3578 = SURFACE_STYLE_FILL_AREA(#3579);
#3579 = FILL_AREA_STYLE('',(#3580));
#3580 = FILL_AREA_STYLE_COLOUR('',#3581);
#3581 = COLOUR_RGB('',0.219999994989,0.219999994989,0.23999999388);
#3582 = CURVE_STYLE('',#3583,POSITIVE_LENGTH_MEASURE(0.1),#3584);
#3583 = DRAUGHTING_PRE_DEFINED_CURVE_FONT('continuous');
#3584 = COLOUR_RGB('',9.803921802644E-02,9.803921802644E-02,
  9.803921802644E-02);
#3585 = MECHANICAL_DESIGN_GEOMETRIC_PRESENTATION_REPRESENTATION('',(
    #3586,#3596,#3604,#3611,#3619,#3626,#3633,#3640,#3647,#3654,#3661,
    #3668,#3675,#3682,#3689,#3696,#3703,#3710,#3717,#3724,#3731,#3738,
    #3745,#3752,#3759,#3766,#3773,#3780,#3787,#3794,#3801,#3808,#3815,
    #3822,#3829,#3836,#3843,#3850,#3857,#3864,#3871,#3878,#3885,#3892,
    #3899,#3906,#3913,#3920,#3927,#3934,#3941,#3948,#3955,#3962,#3969,
    #3976,#3983,#3990,#3997,#4004,#4011,#4018,#4025,#4032,#4039,#4046,
    #4053,#4060),#2417);
#3586 = STYLED_ITEM('color',(#3587),#37);
#3587 = PRESENTATION_STYLE_ASSIGNMENT((#3588,#3594));
#3588 = SURFACE_STYLE_USAGE(.BOTH.,#3589);
#3589 = SURFACE_SIDE_STYLE('',(#3590));
#3590 = SURFACE_STYLE_FILL_AREA(#3591);
#3591 = FILL_AREA_STYLE('',(#3592));
#3592 = FILL_AREA_STYLE_COLOUR('',#3593);
#3593 = COLOUR_RGB('',0.901960800373,0.,0.);
#3594 = CURVE_STYLE('',#3595,POSITIVE_LENGTH_MEASURE(0.1),#3584);
#3595 = DRAUGHTING_PRE_DEFINED_CURVE_FONT('continuous');
#3596 = OVER_RIDING_STYLED_ITEM('overriding color',(#3597),#80,#3586);
#3597 = PRESENTATION_STYLE_ASSIGNMENT((#3598));
#3598 = SURFACE_STYLE_USAGE(.BOTH.,#3599);
#3599 = SURFACE_SIDE_STYLE('',(#3600));
#3600 = SURFACE_STYLE_FILL_AREA(#3601);
#3601 = FILL_AREA_STYLE('',(#3602));
#3602 = FILL_AREA_STYLE_COLOUR('',#3603);
#3603 = DRAUGHTING_PRE_DEFINED_COLOUR('blue');
#3604 = OVER_RIDING_STYLED_ITEM('overriding color',(#3605),#97,#3586);
#3605 = PRESENTATION_STYLE_ASSIGNMENT((#3606));
#3606 = SURFACE_STYLE_USAGE(.BOTH.,#3607);
#3607 = SURFACE_SIDE_STYLE('',(#3608));
#3608 = SURFACE_STYLE_FILL_AREA(#3609);
#3609 = FILL_AREA_STYLE('',(#3610));
#3610 = FILL_AREA_STYLE_COLOUR('',#3603);
#3611 = OVER_RIDING_STYLED_ITEM('overriding color',(#3612),#121,#3586);
#3612 = PRESENTATION_STYLE_ASSIGNMENT((#3613));
#3613 = SURFACE_STYLE_USAGE(.BOTH.,#3614);
#3614 = SURFACE_SIDE_STYLE('',(#3615));
#3615 = SURFACE_STYLE_FILL_AREA(#3616);
#3616 = FILL_AREA_STYLE('',(#3617));
#3617 = FILL_AREA_STYLE_COLOUR('',#3618);
#3618 = COLOUR_RGB('',0.199999998682,0.199999998682,0.199999998682);
#3619 = OVER_RIDING_STYLED_ITEM('overriding color',(#3620),#158,#3586);
#3620 = PRESENTATION_STYLE_ASSIGNMENT((#3621));
#3621 = SURFACE_STYLE_USAGE(.BOTH.,#3622);
#3622 = SURFACE_SIDE_STYLE('',(#3623));
#3623 = SURFACE_STYLE_FILL_AREA(#3624);
#3624 = FILL_AREA_STYLE('',(#3625));
#3625 = FILL_AREA_STYLE_COLOUR('',#3618);
#3626 = OVER_RIDING_STYLED_ITEM('overriding color',(#3627),#378,#3586);
#3627 = PRESENTATION_STYLE_ASSIGNMENT((#3628));
#3628 = SURFACE_STYLE_USAGE(.BOTH.,#3629);
#3629 = SURFACE_SIDE_STYLE('',(#3630));
#3630 = SURFACE_STYLE_FILL_AREA(#3631);
#3631 = FILL_AREA_STYLE('',(#3632));
#3632 = FILL_AREA_STYLE_COLOUR('',#3618);
#3633 = OVER_RIDING_STYLED_ITEM('overriding color',(#3634),#459,#3586);
#3634 = PRESENTATION_STYLE_ASSIGNMENT((#3635));
#3635 = SURFACE_STYLE_USAGE(.BOTH.,#3636);
#3636 = SURFACE_SIDE_STYLE('',(#3637));
#3637 = SURFACE_STYLE_FILL_AREA(#3638);
#3638 = FILL_AREA_STYLE('',(#3639));
#3639 = FILL_AREA_STYLE_COLOUR('',#3618);
#3640 = OVER_RIDING_STYLED_ITEM('overriding color',(#3641),#508,#3586);
#3641 = PRESENTATION_STYLE_ASSIGNMENT((#3642));
#3642 = SURFACE_STYLE_USAGE(.BOTH.,#3643);
#3643 = SURFACE_SIDE_STYLE('',(#3644));
#3644 = SURFACE_STYLE_FILL_AREA(#3645);
#3645 = FILL_AREA_STYLE('',(#3646));
#3646 = FILL_AREA_STYLE_COLOUR('',#3618);
#3647 = OVER_RIDING_STYLED_ITEM('overriding color',(#3648),#560,#3586);
#3648 = PRESENTATION_STYLE_ASSIGNMENT((#3649));
#3649 = SURFACE_STYLE_USAGE(.BOTH.,#3650);
#3650 = SURFACE_SIDE_STYLE('',(#3651));
#3651 = SURFACE_STYLE_FILL_AREA(#3652);
#3652 = FILL_AREA_STYLE('',(#3653));
#3653 = FILL_AREA_STYLE_COLOUR('',#3618);
#3654 = OVER_RIDING_STYLED_ITEM('overriding color',(#3655),#577,#3586);
#3655 = PRESENTATION_STYLE_ASSIGNMENT((#3656));
#3656 = SURFACE_STYLE_USAGE(.BOTH.,#3657);
#3657 = SURFACE_SIDE_STYLE('',(#3658));
#3658 = SURFACE_STYLE_FILL_AREA(#3659);
#3659 = FILL_AREA_STYLE('',(#3660));
#3660 = FILL_AREA_STYLE_COLOUR('',#3618);
#3661 = OVER_RIDING_STYLED_ITEM('overriding color',(#3662),#661,#3586);
#3662 = PRESENTATION_STYLE_ASSIGNMENT((#3663));
#3663 = SURFACE_STYLE_USAGE(.BOTH.,#3664);
#3664 = SURFACE_SIDE_STYLE('',(#3665));
#3665 = SURFACE_STYLE_FILL_AREA(#3666);
#3666 = FILL_AREA_STYLE('',(#3667));
#3667 = FILL_AREA_STYLE_COLOUR('',#3618);
#3668 = OVER_RIDING_STYLED_ITEM('overriding color',(#3669),#710,#3586);
#3669 = PRESENTATION_STYLE_ASSIGNMENT((#3670));
#3670 = SURFACE_STYLE_USAGE(.BOTH.,#3671);
#3671 = SURFACE_SIDE_STYLE('',(#3672));
#3672 = SURFACE_STYLE_FILL_AREA(#3673);
#3673 = FILL_AREA_STYLE('',(#3674));
#3674 = FILL_AREA_STYLE_COLOUR('',#3618);
#3675 = OVER_RIDING_STYLED_ITEM('overriding color',(#3676),#759,#3586);
#3676 = PRESENTATION_STYLE_ASSIGNMENT((#3677));
#3677 = SURFACE_STYLE_USAGE(.BOTH.,#3678);
#3678 = SURFACE_SIDE_STYLE('',(#3679));
#3679 = SURFACE_STYLE_FILL_AREA(#3680);
#3680 = FILL_AREA_STYLE('',(#3681));
#3681 = FILL_AREA_STYLE_COLOUR('',#3618);
#3682 = OVER_RIDING_STYLED_ITEM('overriding color',(#3683),#776,#3586);
#3683 = PRESENTATION_STYLE_ASSIGNMENT((#3684));
#3684 = SURFACE_STYLE_USAGE(.BOTH.,#3685);
#3685 = SURFACE_SIDE_STYLE('',(#3686));
#3686 = SURFACE_STYLE_FILL_AREA(#3687);
#3687 = FILL_AREA_STYLE('',(#3688));
#3688 = FILL_AREA_STYLE_COLOUR('',#3618);
#3689 = OVER_RIDING_STYLED_ITEM('overriding color',(#3690),#809,#3586);
#3690 = PRESENTATION_STYLE_ASSIGNMENT((#3691));
#3691 = SURFACE_STYLE_USAGE(.BOTH.,#3692);
#3692 = SURFACE_SIDE_STYLE('',(#3693));
#3693 = SURFACE_STYLE_FILL_AREA(#3694);
#3694 = FILL_AREA_STYLE('',(#3695));
#3695 = FILL_AREA_STYLE_COLOUR('',#3618);
#3696 = OVER_RIDING_STYLED_ITEM('overriding color',(#3697),#835,#3586);
#3697 = PRESENTATION_STYLE_ASSIGNMENT((#3698));
#3698 = SURFACE_STYLE_USAGE(.BOTH.,#3699);
#3699 = SURFACE_SIDE_STYLE('',(#3700));
#3700 = SURFACE_STYLE_FILL_AREA(#3701);
#3701 = FILL_AREA_STYLE('',(#3702));
#3702 = FILL_AREA_STYLE_COLOUR('',#3618);
#3703 = OVER_RIDING_STYLED_ITEM('overriding color',(#3704),#860,#3586);
#3704 = PRESENTATION_STYLE_ASSIGNMENT((#3705));
#3705 = SURFACE_STYLE_USAGE(.BOTH.,#3706);
#3706 = SURFACE_SIDE_STYLE('',(#3707));
#3707 = SURFACE_STYLE_FILL_AREA(#3708);
#3708 = FILL_AREA_STYLE('',(#3709));
#3709 = FILL_AREA_STYLE_COLOUR('',#3618);
#3710 = OVER_RIDING_STYLED_ITEM('overriding color',(#3711),#886,#3586);
#3711 = PRESENTATION_STYLE_ASSIGNMENT((#3712));
#3712 = SURFACE_STYLE_USAGE(.BOTH.,#3713);
#3713 = SURFACE_SIDE_STYLE('',(#3714));
#3714 = SURFACE_STYLE_FILL_AREA(#3715);
#3715 = FILL_AREA_STYLE('',(#3716));
#3716 = FILL_AREA_STYLE_COLOUR('',#3618);
#3717 = OVER_RIDING_STYLED_ITEM('overriding color',(#3718),#911,#3586);
#3718 = PRESENTATION_STYLE_ASSIGNMENT((#3719));
#3719 = SURFACE_STYLE_USAGE(.BOTH.,#3720);
#3720 = SURFACE_SIDE_STYLE('',(#3721));
#3721 = SURFACE_STYLE_FILL_AREA(#3722);
#3722 = FILL_AREA_STYLE('',(#3723));
#3723 = FILL_AREA_STYLE_COLOUR('',#3618);
#3724 = OVER_RIDING_STYLED_ITEM('overriding color',(#3725),#937,#3586);
#3725 = PRESENTATION_STYLE_ASSIGNMENT((#3726));
#3726 = SURFACE_STYLE_USAGE(.BOTH.,#3727);
#3727 = SURFACE_SIDE_STYLE('',(#3728));
#3728 = SURFACE_STYLE_FILL_AREA(#3729);
#3729 = FILL_AREA_STYLE('',(#3730));
#3730 = FILL_AREA_STYLE_COLOUR('',#3618);
#3731 = OVER_RIDING_STYLED_ITEM('overriding color',(#3732),#962,#3586);
#3732 = PRESENTATION_STYLE_ASSIGNMENT((#3733));
#3733 = SURFACE_STYLE_USAGE(.BOTH.,#3734);
#3734 = SURFACE_SIDE_STYLE('',(#3735));
#3735 = SURFACE_STYLE_FILL_AREA(#3736);
#3736 = FILL_AREA_STYLE('',(#3737));
#3737 = FILL_AREA_STYLE_COLOUR('',#3618);
#3738 = OVER_RIDING_STYLED_ITEM('overriding color',(#3739),#980,#3586);
#3739 = PRESENTATION_STYLE_ASSIGNMENT((#3740));
#3740 = SURFACE_STYLE_USAGE(.BOTH.,#3741);
#3741 = SURFACE_SIDE_STYLE('',(#3742));
#3742 = SURFACE_STYLE_FILL_AREA(#3743);
#3743 = FILL_AREA_STYLE('',(#3744));
#3744 = FILL_AREA_STYLE_COLOUR('',#3618);
#3745 = OVER_RIDING_STYLED_ITEM('overriding color',(#3746),#1009,#3586);
#3746 = PRESENTATION_STYLE_ASSIGNMENT((#3747));
#3747 = SURFACE_STYLE_USAGE(.BOTH.,#3748);
#3748 = SURFACE_SIDE_STYLE('',(#3749));
#3749 = SURFACE_STYLE_FILL_AREA(#3750);
#3750 = FILL_AREA_STYLE('',(#3751));
#3751 = FILL_AREA_STYLE_COLOUR('',#3618);
#3752 = OVER_RIDING_STYLED_ITEM('overriding color',(#3753),#1038,#3586);
#3753 = PRESENTATION_STYLE_ASSIGNMENT((#3754));
#3754 = SURFACE_STYLE_USAGE(.BOTH.,#3755);
#3755 = SURFACE_SIDE_STYLE('',(#3756));
#3756 = SURFACE_STYLE_FILL_AREA(#3757);
#3757 = FILL_AREA_STYLE('',(#3758));
#3758 = FILL_AREA_STYLE_COLOUR('',#3618);
#3759 = OVER_RIDING_STYLED_ITEM('overriding color',(#3760),#1067,#3586);
#3760 = PRESENTATION_STYLE_ASSIGNMENT((#3761));
#3761 = SURFACE_STYLE_USAGE(.BOTH.,#3762);
#3762 = SURFACE_SIDE_STYLE('',(#3763));
#3763 = SURFACE_STYLE_FILL_AREA(#3764);
#3764 = FILL_AREA_STYLE('',(#3765));
#3765 = FILL_AREA_STYLE_COLOUR('',#3618);
#3766 = OVER_RIDING_STYLED_ITEM('overriding color',(#3767),#1149,#3586);
#3767 = PRESENTATION_STYLE_ASSIGNMENT((#3768));
#3768 = SURFACE_STYLE_USAGE(.BOTH.,#3769);
#3769 = SURFACE_SIDE_STYLE('',(#3770));
#3770 = SURFACE_STYLE_FILL_AREA(#3771);
#3771 = FILL_AREA_STYLE('',(#3772));
#3772 = FILL_AREA_STYLE_COLOUR('',#3618);
#3773 = OVER_RIDING_STYLED_ITEM('overriding color',(#3774),#1210,#3586);
#3774 = PRESENTATION_STYLE_ASSIGNMENT((#3775));
#3775 = SURFACE_STYLE_USAGE(.BOTH.,#3776);
#3776 = SURFACE_SIDE_STYLE('',(#3777));
#3777 = SURFACE_STYLE_FILL_AREA(#3778);
#3778 = FILL_AREA_STYLE('',(#3779));
#3779 = FILL_AREA_STYLE_COLOUR('',#3618);
#3780 = OVER_RIDING_STYLED_ITEM('overriding color',(#3781),#1258,#3586);
#3781 = PRESENTATION_STYLE_ASSIGNMENT((#3782));
#3782 = SURFACE_STYLE_USAGE(.BOTH.,#3783);
#3783 = SURFACE_SIDE_STYLE('',(#3784));
#3784 = SURFACE_STYLE_FILL_AREA(#3785);
#3785 = FILL_AREA_STYLE('',(#3786));
#3786 = FILL_AREA_STYLE_COLOUR('',#3618);
#3787 = OVER_RIDING_STYLED_ITEM('overriding color',(#3788),#1276,#3586);
#3788 = PRESENTATION_STYLE_ASSIGNMENT((#3789));
#3789 = SURFACE_STYLE_USAGE(.BOTH.,#3790);
#3790 = SURFACE_SIDE_STYLE('',(#3791));
#3791 = SURFACE_STYLE_FILL_AREA(#3792);
#3792 = FILL_AREA_STYLE('',(#3793));
#3793 = FILL_AREA_STYLE_COLOUR('',#3618);
#3794 = OVER_RIDING_STYLED_ITEM('overriding color',(#3795),#1308,#3586);
#3795 = PRESENTATION_STYLE_ASSIGNMENT((#3796));
#3796 = SURFACE_STYLE_USAGE(.BOTH.,#3797);
#3797 = SURFACE_SIDE_STYLE('',(#3798));
#3798 = SURFACE_STYLE_FILL_AREA(#3799);
#3799 = FILL_AREA_STYLE('',(#3800));
#3800 = FILL_AREA_STYLE_COLOUR('',#3618);
#3801 = OVER_RIDING_STYLED_ITEM('overriding color',(#3802),#1332,#3586);
#3802 = PRESENTATION_STYLE_ASSIGNMENT((#3803));
#3803 = SURFACE_STYLE_USAGE(.BOTH.,#3804);
#3804 = SURFACE_SIDE_STYLE('',(#3805));
#3805 = SURFACE_STYLE_FILL_AREA(#3806);
#3806 = FILL_AREA_STYLE('',(#3807));
#3807 = FILL_AREA_STYLE_COLOUR('',#3618);
#3808 = OVER_RIDING_STYLED_ITEM('overriding color',(#3809),#1356,#3586);
#3809 = PRESENTATION_STYLE_ASSIGNMENT((#3810));
#3810 = SURFACE_STYLE_USAGE(.BOTH.,#3811);
#3811 = SURFACE_SIDE_STYLE('',(#3812));
#3812 = SURFACE_STYLE_FILL_AREA(#3813);
#3813 = FILL_AREA_STYLE('',(#3814));
#3814 = FILL_AREA_STYLE_COLOUR('',#3618);
#3815 = OVER_RIDING_STYLED_ITEM('overriding color',(#3816),#1387,#3586);
#3816 = PRESENTATION_STYLE_ASSIGNMENT((#3817));
#3817 = SURFACE_STYLE_USAGE(.BOTH.,#3818);
#3818 = SURFACE_SIDE_STYLE('',(#3819));
#3819 = SURFACE_STYLE_FILL_AREA(#3820);
#3820 = FILL_AREA_STYLE('',(#3821));
#3821 = FILL_AREA_STYLE_COLOUR('',#3618);
#3822 = OVER_RIDING_STYLED_ITEM('overriding color',(#3823),#1412,#3586);
#3823 = PRESENTATION_STYLE_ASSIGNMENT((#3824));
#3824 = SURFACE_STYLE_USAGE(.BOTH.,#3825);
#3825 = SURFACE_SIDE_STYLE('',(#3826));
#3826 = SURFACE_STYLE_FILL_AREA(#3827);
#3827 = FILL_AREA_STYLE('',(#3828));
#3828 = FILL_AREA_STYLE_COLOUR('',#3618);
#3829 = OVER_RIDING_STYLED_ITEM('overriding color',(#3830),#1436,#3586);
#3830 = PRESENTATION_STYLE_ASSIGNMENT((#3831));
#3831 = SURFACE_STYLE_USAGE(.BOTH.,#3832);
#3832 = SURFACE_SIDE_STYLE('',(#3833));
#3833 = SURFACE_STYLE_FILL_AREA(#3834);
#3834 = FILL_AREA_STYLE('',(#3835));
#3835 = FILL_AREA_STYLE_COLOUR('',#3618);
#3836 = OVER_RIDING_STYLED_ITEM('overriding color',(#3837),#1467,#3586);
#3837 = PRESENTATION_STYLE_ASSIGNMENT((#3838));
#3838 = SURFACE_STYLE_USAGE(.BOTH.,#3839);
#3839 = SURFACE_SIDE_STYLE('',(#3840));
#3840 = SURFACE_STYLE_FILL_AREA(#3841);
#3841 = FILL_AREA_STYLE('',(#3842));
#3842 = FILL_AREA_STYLE_COLOUR('',#3618);
#3843 = OVER_RIDING_STYLED_ITEM('overriding color',(#3844),#1498,#3586);
#3844 = PRESENTATION_STYLE_ASSIGNMENT((#3845));
#3845 = SURFACE_STYLE_USAGE(.BOTH.,#3846);
#3846 = SURFACE_SIDE_STYLE('',(#3847));
#3847 = SURFACE_STYLE_FILL_AREA(#3848);
#3848 = FILL_AREA_STYLE('',(#3849));
#3849 = FILL_AREA_STYLE_COLOUR('',#3618);
#3850 = OVER_RIDING_STYLED_ITEM('overriding color',(#3851),#1516,#3586);
#3851 = PRESENTATION_STYLE_ASSIGNMENT((#3852));
#3852 = SURFACE_STYLE_USAGE(.BOTH.,#3853);
#3853 = SURFACE_SIDE_STYLE('',(#3854));
#3854 = SURFACE_STYLE_FILL_AREA(#3855);
#3855 = FILL_AREA_STYLE('',(#3856));
#3856 = FILL_AREA_STYLE_COLOUR('',#3618);
#3857 = OVER_RIDING_STYLED_ITEM('overriding color',(#3858),#1554,#3586);
#3858 = PRESENTATION_STYLE_ASSIGNMENT((#3859));
#3859 = SURFACE_STYLE_USAGE(.BOTH.,#3860);
#3860 = SURFACE_SIDE_STYLE('',(#3861));
#3861 = SURFACE_STYLE_FILL_AREA(#3862);
#3862 = FILL_AREA_STYLE('',(#3863));
#3863 = FILL_AREA_STYLE_COLOUR('',#3618);
#3864 = OVER_RIDING_STYLED_ITEM('overriding color',(#3865),#1585,#3586);
#3865 = PRESENTATION_STYLE_ASSIGNMENT((#3866));
#3866 = SURFACE_STYLE_USAGE(.BOTH.,#3867);
#3867 = SURFACE_SIDE_STYLE('',(#3868));
#3868 = SURFACE_STYLE_FILL_AREA(#3869);
#3869 = FILL_AREA_STYLE('',(#3870));
#3870 = FILL_AREA_STYLE_COLOUR('',#3618);
#3871 = OVER_RIDING_STYLED_ITEM('overriding color',(#3872),#1622,#3586);
#3872 = PRESENTATION_STYLE_ASSIGNMENT((#3873));
#3873 = SURFACE_STYLE_USAGE(.BOTH.,#3874);
#3874 = SURFACE_SIDE_STYLE('',(#3875));
#3875 = SURFACE_STYLE_FILL_AREA(#3876);
#3876 = FILL_AREA_STYLE('',(#3877));
#3877 = FILL_AREA_STYLE_COLOUR('',#3618);
#3878 = OVER_RIDING_STYLED_ITEM('overriding color',(#3879),#1754,#3586);
#3879 = PRESENTATION_STYLE_ASSIGNMENT((#3880));
#3880 = SURFACE_STYLE_USAGE(.BOTH.,#3881);
#3881 = SURFACE_SIDE_STYLE('',(#3882));
#3882 = SURFACE_STYLE_FILL_AREA(#3883);
#3883 = FILL_AREA_STYLE('',(#3884));
#3884 = FILL_AREA_STYLE_COLOUR('',#3618);
#3885 = OVER_RIDING_STYLED_ITEM('overriding color',(#3886),#1783,#3586);
#3886 = PRESENTATION_STYLE_ASSIGNMENT((#3887));
#3887 = SURFACE_STYLE_USAGE(.BOTH.,#3888);
#3888 = SURFACE_SIDE_STYLE('',(#3889));
#3889 = SURFACE_STYLE_FILL_AREA(#3890);
#3890 = FILL_AREA_STYLE('',(#3891));
#3891 = FILL_AREA_STYLE_COLOUR('',#3618);
#3892 = OVER_RIDING_STYLED_ITEM('overriding color',(#3893),#1812,#3586);
#3893 = PRESENTATION_STYLE_ASSIGNMENT((#3894));
#3894 = SURFACE_STYLE_USAGE(.BOTH.,#3895);
#3895 = SURFACE_SIDE_STYLE('',(#3896));
#3896 = SURFACE_STYLE_FILL_AREA(#3897);
#3897 = FILL_AREA_STYLE('',(#3898));
#3898 = FILL_AREA_STYLE_COLOUR('',#3618);
#3899 = OVER_RIDING_STYLED_ITEM('overriding color',(#3900),#1841,#3586);
#3900 = PRESENTATION_STYLE_ASSIGNMENT((#3901));
#3901 = SURFACE_STYLE_USAGE(.BOTH.,#3902);
#3902 = SURFACE_SIDE_STYLE('',(#3903));
#3903 = SURFACE_STYLE_FILL_AREA(#3904);
#3904 = FILL_AREA_STYLE('',(#3905));
#3905 = FILL_AREA_STYLE_COLOUR('',#3618);
#3906 = OVER_RIDING_STYLED_ITEM('overriding color',(#3907),#1874,#3586);
#3907 = PRESENTATION_STYLE_ASSIGNMENT((#3908));
#3908 = SURFACE_STYLE_USAGE(.BOTH.,#3909);
#3909 = SURFACE_SIDE_STYLE('',(#3910));
#3910 = SURFACE_STYLE_FILL_AREA(#3911);
#3911 = FILL_AREA_STYLE('',(#3912));
#3912 = FILL_AREA_STYLE_COLOUR('',#3618);
#3913 = OVER_RIDING_STYLED_ITEM('overriding color',(#3914),#1900,#3586);
#3914 = PRESENTATION_STYLE_ASSIGNMENT((#3915));
#3915 = SURFACE_STYLE_USAGE(.BOTH.,#3916);
#3916 = SURFACE_SIDE_STYLE('',(#3917));
#3917 = SURFACE_STYLE_FILL_AREA(#3918);
#3918 = FILL_AREA_STYLE('',(#3919));
#3919 = FILL_AREA_STYLE_COLOUR('',#3618);
#3920 = OVER_RIDING_STYLED_ITEM('overriding color',(#3921),#1952,#3586);
#3921 = PRESENTATION_STYLE_ASSIGNMENT((#3922));
#3922 = SURFACE_STYLE_USAGE(.BOTH.,#3923);
#3923 = SURFACE_SIDE_STYLE('',(#3924));
#3924 = SURFACE_STYLE_FILL_AREA(#3925);
#3925 = FILL_AREA_STYLE('',(#3926));
#3926 = FILL_AREA_STYLE_COLOUR('',#3618);
#3927 = OVER_RIDING_STYLED_ITEM('overriding color',(#3928),#2005,#3586);
#3928 = PRESENTATION_STYLE_ASSIGNMENT((#3929));
#3929 = SURFACE_STYLE_USAGE(.BOTH.,#3930);
#3930 = SURFACE_SIDE_STYLE('',(#3931));
#3931 = SURFACE_STYLE_FILL_AREA(#3932);
#3932 = FILL_AREA_STYLE('',(#3933));
#3933 = FILL_AREA_STYLE_COLOUR('',#3618);
#3934 = OVER_RIDING_STYLED_ITEM('overriding color',(#3935),#2031,#3586);
#3935 = PRESENTATION_STYLE_ASSIGNMENT((#3936));
#3936 = SURFACE_STYLE_USAGE(.BOTH.,#3937);
#3937 = SURFACE_SIDE_STYLE('',(#3938));
#3938 = SURFACE_STYLE_FILL_AREA(#3939);
#3939 = FILL_AREA_STYLE('',(#3940));
#3940 = FILL_AREA_STYLE_COLOUR('',#3618);
#3941 = OVER_RIDING_STYLED_ITEM('overriding color',(#3942),#2056,#3586);
#3942 = PRESENTATION_STYLE_ASSIGNMENT((#3943));
#3943 = SURFACE_STYLE_USAGE(.BOTH.,#3944);
#3944 = SURFACE_SIDE_STYLE('',(#3945));
#3945 = SURFACE_STYLE_FILL_AREA(#3946);
#3946 = FILL_AREA_STYLE('',(#3947));
#3947 = FILL_AREA_STYLE_COLOUR('',#3618);
#3948 = OVER_RIDING_STYLED_ITEM('overriding color',(#3949),#2080,#3586);
#3949 = PRESENTATION_STYLE_ASSIGNMENT((#3950));
#3950 = SURFACE_STYLE_USAGE(.BOTH.,#3951);
#3951 = SURFACE_SIDE_STYLE('',(#3952));
#3952 = SURFACE_STYLE_FILL_AREA(#3953);
#3953 = FILL_AREA_STYLE('',(#3954));
#3954 = FILL_AREA_STYLE_COLOUR('',#3618);
#3955 = OVER_RIDING_STYLED_ITEM('overriding color',(#3956),#2098,#3586);
#3956 = PRESENTATION_STYLE_ASSIGNMENT((#3957));
#3957 = SURFACE_STYLE_USAGE(.BOTH.,#3958);
#3958 = SURFACE_SIDE_STYLE('',(#3959));
#3959 = SURFACE_STYLE_FILL_AREA(#3960);
#3960 = FILL_AREA_STYLE('',(#3961));
#3961 = FILL_AREA_STYLE_COLOUR('',#3618);
#3962 = OVER_RIDING_STYLED_ITEM('overriding color',(#3963),#2116,#3586);
#3963 = PRESENTATION_STYLE_ASSIGNMENT((#3964));
#3964 = SURFACE_STYLE_USAGE(.BOTH.,#3965);
#3965 = SURFACE_SIDE_STYLE('',(#3966));
#3966 = SURFACE_STYLE_FILL_AREA(#3967);
#3967 = FILL_AREA_STYLE('',(#3968));
#3968 = FILL_AREA_STYLE_COLOUR('',#3618);
#3969 = OVER_RIDING_STYLED_ITEM('overriding color',(#3970),#2145,#3586);
#3970 = PRESENTATION_STYLE_ASSIGNMENT((#3971));
#3971 = SURFACE_STYLE_USAGE(.BOTH.,#3972);
#3972 = SURFACE_SIDE_STYLE('',(#3973));
#3973 = SURFACE_STYLE_FILL_AREA(#3974);
#3974 = FILL_AREA_STYLE('',(#3975));
#3975 = FILL_AREA_STYLE_COLOUR('',#3618);
#3976 = OVER_RIDING_STYLED_ITEM('overriding color',(#3977),#2167,#3586);
#3977 = PRESENTATION_STYLE_ASSIGNMENT((#3978));
#3978 = SURFACE_STYLE_USAGE(.BOTH.,#3979);
#3979 = SURFACE_SIDE_STYLE('',(#3980));
#3980 = SURFACE_STYLE_FILL_AREA(#3981);
#3981 = FILL_AREA_STYLE('',(#3982));
#3982 = FILL_AREA_STYLE_COLOUR('',#3618);
#3983 = OVER_RIDING_STYLED_ITEM('overriding color',(#3984),#2205,#3586);
#3984 = PRESENTATION_STYLE_ASSIGNMENT((#3985));
#3985 = SURFACE_STYLE_USAGE(.BOTH.,#3986);
#3986 = SURFACE_SIDE_STYLE('',(#3987));
#3987 = SURFACE_STYLE_FILL_AREA(#3988);
#3988 = FILL_AREA_STYLE('',(#3989));
#3989 = FILL_AREA_STYLE_COLOUR('',#3618);
#3990 = OVER_RIDING_STYLED_ITEM('overriding color',(#3991),#2236,#3586);
#3991 = PRESENTATION_STYLE_ASSIGNMENT((#3992));
#3992 = SURFACE_STYLE_USAGE(.BOTH.,#3993);
#3993 = SURFACE_SIDE_STYLE('',(#3994));
#3994 = SURFACE_STYLE_FILL_AREA(#3995);
#3995 = FILL_AREA_STYLE('',(#3996));
#3996 = FILL_AREA_STYLE_COLOUR('',#3618);
#3997 = OVER_RIDING_STYLED_ITEM('overriding color',(#3998),#2258,#3586);
#3998 = PRESENTATION_STYLE_ASSIGNMENT((#3999));
#3999 = SURFACE_STYLE_USAGE(.BOTH.,#4000);
#4000 = SURFACE_SIDE_STYLE('',(#4001));
#4001 = SURFACE_STYLE_FILL_AREA(#4002);
#4002 = FILL_AREA_STYLE('',(#4003));
#4003 = FILL_AREA_STYLE_COLOUR('',#3618);
#4004 = OVER_RIDING_STYLED_ITEM('overriding color',(#4005),#2274,#3586);
#4005 = PRESENTATION_STYLE_ASSIGNMENT((#4006));
#4006 = SURFACE_STYLE_USAGE(.BOTH.,#4007);
#4007 = SURFACE_SIDE_STYLE('',(#4008));
#4008 = SURFACE_STYLE_FILL_AREA(#4009);
#4009 = FILL_AREA_STYLE('',(#4010));
#4010 = FILL_AREA_STYLE_COLOUR('',#3618);
#4011 = OVER_RIDING_STYLED_ITEM('overriding color',(#4012),#2302,#3586);
#4012 = PRESENTATION_STYLE_ASSIGNMENT((#4013));
#4013 = SURFACE_STYLE_USAGE(.BOTH.,#4014);
#4014 = SURFACE_SIDE_STYLE('',(#4015));
#4015 = SURFACE_STYLE_FILL_AREA(#4016);
#4016 = FILL_AREA_STYLE('',(#4017));
#4017 = FILL_AREA_STYLE_COLOUR('',#3618);
#4018 = OVER_RIDING_STYLED_ITEM('overriding color',(#4019),#2314,#3586);
#4019 = PRESENTATION_STYLE_ASSIGNMENT((#4020));
#4020 = SURFACE_STYLE_USAGE(.BOTH.,#4021);
#4021 = SURFACE_SIDE_STYLE('',(#4022));
#4022 = SURFACE_STYLE_FILL_AREA(#4023);
#4023 = FILL_AREA_STYLE('',(#4024));
#4024 = FILL_AREA_STYLE_COLOUR('',#3618);
#4025 = OVER_RIDING_STYLED_ITEM('overriding color',(#4026),#2333,#3586);
#4026 = PRESENTATION_STYLE_ASSIGNMENT((#4027));
#4027 = SURFACE_STYLE_USAGE(.BOTH.,#4028);
#4028 = SURFACE_SIDE_STYLE('',(#4029));
#4029 = SURFACE_STYLE_FILL_AREA(#4030);
#4030 = FILL_AREA_STYLE('',(#4031));
#4031 = FILL_AREA_STYLE_COLOUR('',#3618);
#4032 = OVER_RIDING_STYLED_ITEM('overriding color',(#4033),#2345,#3586);
#4033 = PRESENTATION_STYLE_ASSIGNMENT((#4034));
#4034 = SURFACE_STYLE_USAGE(.BOTH.,#4035);
#4035 = SURFACE_SIDE_STYLE('',(#4036));
#4036 = SURFACE_STYLE_FILL_AREA(#4037);
#4037 = FILL_AREA_STYLE('',(#4038));
#4038 = FILL_AREA_STYLE_COLOUR('',#3618);
#4039 = OVER_RIDING_STYLED_ITEM('overriding color',(#4040),#2357,#3586);
#4040 = PRESENTATION_STYLE_ASSIGNMENT((#4041));
#4041 = SURFACE_STYLE_USAGE(.BOTH.,#4042);
#4042 = SURFACE_SIDE_STYLE('',(#4043));
#4043 = SURFACE_STYLE_FILL_AREA(#4044);
#4044 = FILL_AREA_STYLE('',(#4045));
#4045 = FILL_AREA_STYLE_COLOUR('',#3618);
#4046 = OVER_RIDING_STYLED_ITEM('overriding color',(#4047),#2373,#3586);
#4047 = PRESENTATION_STYLE_ASSIGNMENT((#4048));
#4048 = SURFACE_STYLE_USAGE(.BOTH.,#4049);
#4049 = SURFACE_SIDE_STYLE('',(#4050));
#4050 = SURFACE_STYLE_FILL_AREA(#4051);
#4051 = FILL_AREA_STYLE('',(#4052));
#4052 = FILL_AREA_STYLE_COLOUR('',#3618);
#4053 = OVER_RIDING_STYLED_ITEM('overriding color',(#4054),#2389,#3586);
#4054 = PRESENTATION_STYLE_ASSIGNMENT((#4055));
#4055 = SURFACE_STYLE_USAGE(.BOTH.,#4056);
#4056 = SURFACE_SIDE_STYLE('',(#4057));
#4057 = SURFACE_STYLE_FILL_AREA(#4058);
#4058 = FILL_AREA_STYLE('',(#4059));
#4059 = FILL_AREA_STYLE_COLOUR('',#3618);
#4060 = OVER_RIDING_STYLED_ITEM('overriding color',(#4061),#2405,#3586);
#4061 = PRESENTATION_STYLE_ASSIGNMENT((#4062));
#4062 = SURFACE_STYLE_USAGE(.BOTH.,#4063);
#4063 = SURFACE_SIDE_STYLE('',(#4064));
#4064 = SURFACE_STYLE_FILL_AREA(#4065);
#4065 = FILL_AREA_STYLE('',(#4066));
#4066 = FILL_AREA_STYLE_COLOUR('',#3618);
ENDSEC;
END-ISO-10303-21;
