sweep,vin,t,v5,vref,vadj,vfan,i317,ifan
0.0,0.0,70.0,-7.600893063859696e-05,-1.5000741092941428,-1.4990761085671345,0.0,0.0,0.0
2.9296876036255526e-10,0.0,70.0,-7.600893063859693e-05,-1.5000741092941428,-1.4990761085671345,0.0,0.0,0.0
5.859375207251105e-10,0.0,70.0,-7.600893063859691e-05,-1.5000741092941428,-1.4990761085671345,0.0,0.0,0.0
1.171875041450221e-09,0.0,70.0,-7.600893063859687e-05,-1.5000741092941428,-1.4990761085671345,0.0,0.0,0.0
2.343750082900442e-09,0.0,70.0,-7.600893063859682e-05,-1.5000741092941428,-1.4990761085671345,0.0,0.0,0.0
4.687500165800884e-09,0.0,70.0,-7.600893063859675e-05,-1.5000741092941428,-1.4990761085671345,0.0,0.0,0.0
9.375000331601768e-09,0.0,70.0,-7.600893063859671e-05,-1.5000741092941428,-1.4990761085671345,0.0,0.0,0.0
1.8750000663203537e-08,0.0,70.0,-7.600893063859671e-05,-1.5000741092941428,-1.4990761085671345,0.0,0.0,0.0
3.750000132640707e-08,0.0,70.0,-7.600893063859671e-05,-1.5000741092941428,-1.4990761085671345,0.0,0.0,0.0
7.500000265281415e-08,0.0,70.0,-7.600893063859672e-05,-1.5000741092941428,-1.4990761085671345,0.0,0.0,0.0
1.500000053056283e-07,0.0,70.0,-7.600893063859675e-05,-1.5000741092941428,-1.4990761085671345,0.0,0.0,0.0
3.000000106112566e-07,0.0,70.0,-7.600893063859678e-05,-1.5000741092941428,-1.4990761085671345,0.0,0.0,0.0
6.000000212225132e-07,0.0,70.0,-7.600893063859675e-05,-1.5000741092941428,-1.4990761085671345,0.0,0.0,0.0
1.2000000424450263e-06,0.0,70.0,-7.600893063859683e-05,-1.5000741092941428,-1.4990761085671345,0.0,0.0,0.0
2.4000000848900527e-06,0.0,70.0,-7.600893063859693e-05,-1.5000741092941428,-1.4990761085671345,0.0,0.0,0.0
4.800000169780105e-06,0.0,70.0,-7.600893063859697e-05,-1.5000741092941428,-1.4990761085671345,0.0,0.0,0.0
9.60000033956021e-06,0.0,70.0,-7.600893063859698e-05,-1.5000741092941428,-1.4990761085671345,0.0,0.0,0.0
1.920000067912042e-05,0.0,70.0,-7.600893063859697e-05,-1.5000741092941428,-1.4990761085671345,0.0,0.0,0.0
3.840000135824084e-05,0.0,70.0,-7.600893063859698e-05,-1.5000741092941428,-1.4990761085671345,0.0,0.0,0.0
6.769687635824084e-05,0.0,70.0,-7.600893063859697e-05,-1.5000741092941428,-1.4990761085671345,0.0,0.0,0.0
9.699375135824084e-05,0.0,70.0,-7.600893063859697e-05,-1.5000741092941428,-1.4990761085671345,0.0,0.0,0.0
0.00012629062635824084,0.0,70.0,-7.600893063859697e-05,-1.5000741092941428,-1.4990761085671345,0.0,0.0,0.0
0.00015558750135824084,0.0,70.0,-7.600893063859697e-05,-1.5000741092941428,-1.4990761085671345,0.0,0.0,0.0
0.00018488437635824084,0.0,70.0,-7.600893063859697e-05,-1.5000741092941428,-1.4990761085671345,0.0,0.0,0.0
0.00021418125135824084,0.0,70.0,-7.600893063859697e-05,-1.5000741092941428,-1.4990761085671345,0.0,0.0,0.0
0.00024347812635824084,0.0,70.0,-7.600893063859697e-05,-1.5000741092941428,-1.4990761085671345,0.0,0.0,0.0
0.00027277500135824083,0.0,70.0,-7.600893063859697e-05,-1.5000741092941428,-1.4990761085671345,0.0,0.0,0.0
0.00030207187635824086,0.0,70.0,-7.600893063859697e-05,-1.5000741092941428,-1.4990761085671345,0.0,0.0,0.0
0.0003313687513582409,0.0,70.0,-7.600893063859697e-05,-1.5000741092941428,-1.4990761085671345,0.0,0.0,0.0
0.0003606656263582409,0.0,70.0,-7.600893063859697e-05,-1.5000741092941428,-1.4990761085671345,0.0,0.0,0.0
0.00038996250135824094,0.0,70.0,-7.600893063859697e-05,-1.5000741092941428,-1.4990761085671345,0.0,0.0,0.0
0.00041925937635824096,0.0,70.0,-7.600893063859697e-05,-1.5000741092941428,-1.4990761085671345,0.0,0.0,0.0
0.000448556251358241,0.0,70.0,-7.600893063859697e-05,-1.5000741092941428,-1.4990761085671345,0.0,0.0,0.0
0.000477853126358241,0.0,70.0,-7.600893063859697e-05,-1.5000741092941428,-1.4990761085671345,0.0,0.0,0.0
0.000507150001358241,0.0,70.0,-7.600893063859697e-05,-1.5000741092941428,-1.4990761085671345,0.0,0.0,0.0
0.0005364468763582411,0.0,70.0,-7.600893063859697e-05,-1.5000741092941428,-1.4990761085671345,0.0,0.0,0.0
0.0005657437513582411,0.0,70.0,-7.600893063859697e-05,-1.5000741092941428,-1.4990761085671345,0.0,0.0,0.0
0.0005950406263582411,0.0,70.0,-7.600893063859697e-05,-1.5000741092941428,-1.4990761085671345,0.0,0.0,0.0
0.0006243375013582411,0.0,70.0,-7.600893063859697e-05,-1.5000741092941428,-1.4990761085671345,0.0,0.0,0.0
0.0006536343763582412,0.0,70.0,-7.600893063859697e-05,-1.5000741092941428,-1.4990761085671345,0.0,0.0,0.0
0.0006829312513582412,0.0,70.0,-7.600893063859697e-05,-1.5000741092941428,-1.4990761085671345,0.0,0.0,0.0
0.0007122281263582412,0.0,70.0,-7.600893063859697e-05,-1.5000741092941428,-1.4990761085671345,0.0,0.0,0.0
0.0007415250013582413,0.0,70.0,-7.600893063859697e-05,-1.5000741092941428,-1.4990761085671345,0.0,0.0,0.0
0.0007708218763582413,0.0,70.0,-7.600893063859697e-05,-1.5000741092941428,-1.4990761085671345,0.0,0.0,0.0
0.0008001187513582413,0.0,70.0,-7.600893063859697e-05,-1.5000741092941428,-1.4990761085671345,0.0,0.0,0.0
0.0008294156263582413,0.0,70.0,-7.600893063859697e-05,-1.5000741092941428,-1.4990761085671345,0.0,0.0,0.0
0.0008587125013582414,0.0,70.0,-7.600893063859697e-05,-1.5000741092941428,-1.4990761085671345,0.0,0.0,0.0
0.0008880093763582414,0.0,70.0,-7.600893063859697e-05,-1.5000741092941428,-1.4990761085671345,0.0,0.0,0.0
0.0009173062513582414,0.0,70.0,-7.600893063859697e-05,-1.5000741092941428,-1.4990761085671345,0.0,0.0,0.0
0.0009466031263582414,0.0,70.0,-7.600893063859697e-05,-1.5000741092941428,-1.4990761085671345,0.0,0.0,0.0
0.0009759000013582415,0.0,70.0,-7.600893063859697e-05,-1.5000741092941428,-1.4990761085671345,0.0,0.0,0.0
0.001,0.0,70.0,-7.600893063859697e-05,-1.5000741092941428,-1.4990761085671345,0.0,0.0,0.0
0.0010000968324803525,0.008714923231719747,70.0,-7.600893063859694e-05,-1.5000741092941428,-1.4990761085671345,0.0,0.0,0.0
0.0010002904974410576,0.026144769695178757,70.0,-7.600893063859689e-05,-1.5000741092941428,-1.4990761085671345,0.0,0.0,0.0
0.0010006778273624675,0.06100446262207725,70.0,-7.600893063859687e-05,-1.5000741092941428,-1.4990761085671345,0.0,0.0,0.0
0.0010014524872052877,0.13072384847589377,70.0,-7.600893063859691e-05,-1.5000741092941428,-1.4990761085671345,0.0,0.0,0.0
0.001003001806890928,0.2701626201835268,70.0,-7.600893063859696e-05,-1.5000741092941428,-1.4990761085671345,0.0,0.0,0.0
0.0010061004462622086,0.5490401635987734,70.0,-7.600893063859698e-05,-1.5000741092941428,-1.4990761085671345,0.0,0.0,0.0
0.0010122977250047699,1.106795250429286,70.0,-7.600893063859697e-05,-1.5000741092941428,-1.4990761085671345,0.0,0.0,0.0
0.0010166973564652974,1.502762081876762,70.0,-7.600893063859697e-05,-1.5000741092941428,-1.4990761085671345,-4.922988741701927e-21,1.8639236234896698e-28,-3.72784724697934e-31
0.0010187369353404747,1.6863241806427187,70.0,-7.600893063859738e-05,-1.5000741092941428,-1.4990761085671345,-5.627031246477524e-23,1.1254062492955042e-21,-2.2508124985910086e-24
0.0010198321799194225,1.7848961927480214,70.0,0.029771426858442272,-1.4702266735050618,-1.469228672778054,-5.069119757783981e-23,1.0138239515567967e-21,-2.027647903113593e-24
0.0010208969432401395,1.8807248916125532,70.0,0.10085063701776502,-1.399147463345739,-1.398149462618731,-4.579836788340755e-23,9.15967357668151e-22,-1.831934715336302e-24
0.001021894381917695,1.9704943725925401,70.0,0.18328047801841355,-1.3167176223450907,-1.3157196216180824,-4.1644640749335846e-23,8.328928149867169e-22,-1.6657856299734338e-24
0.0010224691087495112,2.0222197874560015,70.0,0.2333392030752231,-1.266658897288281,-1.2656608965612728,-3.942143926809332e-23,7.885135591051209e-22,-1.5770271182102418e-24
0.0010227544274648561,2.0478984718370477,70.0,0.2584991475700689,-1.2414989527934353,-1.240500952066427,0.009033600609491543,0.009308946481632151,0.00036134402437966174
0.0010229284133675466,2.0635572030791876,70.0,0.2739077726447522,-1.226090327718752,-1.225092326991744,0.023690725600152396,0.02433894815148053,0.0009476290240272789
0.0010230980904272055,2.0788281384484923,70.0,0.2889730749408568,-1.2110250254226473,-1.2100270246956393,0.03803261022855886,0.038807301516037646,0.0015213044091423546
0.0010233264155518446,2.0993773996660146,70.0,0.30929460722426855,-1.1907034931392357,-1.1897054924122274,0.057395681104758456,0.05797652966028201,0.0022958272441903384
0.001023783065801123,2.140475922101059,70.0,0.3500636290054612,-1.149934471358043,-1.1489364706310348,0.09629997317644112,0.09527112385048067,0.003851998927057645
0.0010246963662996797,2.2226729669711682,70.0,0.43190941367532343,-1.0680886866881807,-1.0670906859611726,0.1746234801872344,0.16571667703186155,0.006984939207489375
0.001026522967296793,2.3870670567113663,70.0,0.5961012757642083,-0.9038968245992959,-0.9028988238722877,0.33254983250990955,0.2910268723560602,0.013301993300396383
0.0010290816744717767,2.6173507024598957,70.0,0.8263727549112296,-0.6736253454522746,-0.6726273447252664,0.5555712464737704,0.4360281760192649,0.022222849858950816
0.0010329005110367832,2.961045993310486,70.0,1.1700693785471767,-0.3299287218163276,-0.3289307210893193,0.8910309006751829,0.6007675647099562,0.03564123602700731
0.0010339005110367831,3.0510459933104777,70.0,1.2600690396181176,-0.23992906074538678,-0.2389310600183785,0.9793023463542463,0.6353318725475039,0.03917209385416985
0.0010357464014110838,3.2171761269975363,70.0,1.4261988966349366,-0.07379920372856774,-0.07280120300155946,1.142593522529225,0.692105489384313,0.045703740901169
0.0010370220774094964,3.3319869668546747,70.0,1.5410096271561187,0.04101152679261433,0.04200952751962239,1.2556816465719738,0.7265576189529738,0.050227265862878956
0.0010380253616166111,3.4222825454950003,70.0,1.6313051225137913,0.131307022150287,0.1323050228772953,1.3447419071958757,0.7512623136283895,0.05378967628783503
0.0010389064428912988,3.5015798602168844,70.0,1.7106023646014274,0.2106042642379231,0.2116022649649314,1.4230326210707136,0.7713928778843584,0.05692130484282854
0.0010400691141844774,3.6062202766029654,70.0,1.815242685370238,0.3152445850067336,0.31624258573374187,1.526445779312011,0.7959361284346153,0.06105783117248044
0.0010405124453685063,3.6461200831655676,70.0,1.8551424555055374,0.13595189300071492,0.35610250993882087,1.565868127336315,0.8046876520501179,0.06263472509345261
0.001040670420391759,3.6603378352583062,70.0,1.8693601946195817,0.11634341225816275,0.37031409994909215,1.5799269310024204,0.8077433789334356,0.06319707724009682
0.0010407876824409638,3.6708914196867397,70.0,1.8799137694145818,0.11137139069958653,0.380864852421541,1.5903653596162388,0.809989856106043,0.06361461438464955
0.001040937759764472,3.6843983788024826,70.0,1.8934207162014633,0.10908161293442173,0.3943689275987967,1.6037270790289155,0.8128369713976259,0.06414908316115661
0.0010411345958722656,3.702113628503898,70.0,1.911135949733434,0.10878215117085266,0.41208088632704154,1.6212547165887845,0.8165233947651426,0.06485018866355141
0.001041450202635846,3.730518237226137,70.0,1.9395405325308501,0.10999954384012116,0.44048052689756645,1.649364390052218,0.8223227369069718,0.06597457560208872
0.0010418864473356036,3.7697802602043176,70.0,1.9788025196765453,0.11223551977419458,0.4797357832650011,1.6882298361520807,0.8301189422584061,0.06752919344608321
0.001042701568454836,3.8431411609352346,70.0,2.0521633534581376,0.11641714658819985,0.5530840412954632,1.7608821689233438,0.8440374474423881,0.07043528675693375
0.0010443318106933006,3.9898629623970496,70.0,2.1988850210272397,0.1247795190542835,0.6997805572021214,1.9063020178207895,0.8695707876266341,0.07625208071283159
0.00104759229517023,4.283306565320698,70.0,2.4923283561708454,0.1415047535679786,0.9931735891098372,2.1975250422661214,0.9129709368743157,0.08790100169064485
0.00104859229517023,4.37330656532069,70.0,2.582328274042121,0.14663430104445213,1.0831580788097994,2.2869341556293916,0.92447846360814,0.0914773662251757
0.0010541132641240887,4.870193771167976,70.0,3.0792150264590106,0.17495492793942147,1.5799596528726587,2.7810687432591332,0.9778181922705114,0.11124274973036533
0.0010551132641240886,4.960193771167969,70.0,3.1692149443302218,0.18008452388979557,1.6699441425813684,2.8706540866686217,0.9858011182549333,0.11482616346674487
0.0010651552020318061,5.863968182862547,70.0,4.072988531292699,0.2315960516912754,2.573562800974647,3.770976039131976,1.051735236853426,0.15083904156527905
0.001066155202031806,5.953968182862541,70.0,4.1629884491639215,0.2367256689693814,2.6635472906872444,3.8606966457621477,1.0570128985019318,0.1544278658304859
0.0010756046898370995,6.8044220853389525,70.0,4.92741031620045,0.2804538473525285,3.4278381463279084,4.625704911408437,1.0426646983894226,0.1850281964563375
0.0010766046898370994,6.894422085338944,70.0,4.975429619295384,0.28352478026278266,3.4758492784775257,4.6752312001559755,1.0123615664309975,0.18700924800623903
0.0010870348624949764,7.8331376245478745,70.0,5.016462445190806,0.2864154918593874,3.5168751707037424,4.741493180928707,0.5076397955007002,0.18965972723714827
0.0010951008663342271,8.559077970080436,70.0,4.99000278201536,0.284517947054609,3.490419972556177,4.724211390072153,0.32417164968050605,0.18896845560288608
0.0011,9.0,70.0,5.0040458539981465,0.2855653310767308,3.5044606821161386,4.739827860823201,0.29265642585874607,0.18959311443292806
0.0011008758845415774,9.0,70.0,5.002129362413501,0.2853970178590677,3.5025445083243243,4.738312959470655,0.2846309770733937,0.18953251837882618
0.0011026276536247322,9.0,70.0,5.000076579607936,0.2852463188134414,3.5004920712893037,4.73692007770011,0.27143987178387263,0.1894768031080044
0.0011061311917910414,9.0,70.0,4.9998772087709,0.28524177022515057,3.500292735868055,4.737591499521038,0.2540247269403362,0.1895036599808415
0.0011131382681236598,9.0,70.0,4.999942739328746,0.28523843284022216,3.5003582539067333,4.73872771646201,0.2326107488944924,0.1895491086584804
0.0011271524207888968,9.0,70.0,4.999901975584097,0.28524292763040077,3.5003174983894136,4.739547751280785,0.2153949421725727,0.1895819100512314
0.0011551807261193708,9.0,70.0,4.999934518296658,0.2852381210627975,3.5003500343124303,4.739823107404833,0.2105385381519349,0.18959292429619332
0.0011844776011193708,9.0,70.0,4.999906268722801,0.2852430639945084,3.5003217907724764,4.7397606689904395,0.21122243564074816,0.18959042675961757
0.0012137744761193709,9.0,70.0,4.9999308739936765,0.285238021856844,3.500346390653895,4.739789821028353,0.2111313925108682,0.1895915928411341
0.0012430713511193709,9.0,70.0,4.9999094428967705,0.2852431345751837,3.50032496438226,4.739768593269934,0.21112742224653092,0.18959074373079737
0.001272368226119371,9.0,70.0,4.999928109300278,0.2852379758687161,3.5003436264547165,4.739786395438822,0.2111446203178935,0.18959145581755288
0.001301665101119371,9.0,70.0,4.999911850934157,0.2852431594759552,3.500327371986427,4.739771003299438,0.2111273737397894,0.18959084013197752
0.001330961976119371,9.0,70.0,4.999926011908917,0.2852379690094382,3.500341529443383,4.739784390971504,0.21114276943759513,0.18959137563886017
0.001360258851119371,9.0,70.0,4.999913677754016,0.2852431509396824,3.5003291984726452,4.739772733561063,0.21112929823166615,0.18959090934244252
0.001389555726119371,9.0,70.0,4.9999244207558,0.2852379906434967,3.500339938583447,4.739782886500015,0.21114104166864234,0.1895913154600006
0.001418852601119371,9.0,70.0,4.9999150636423,0.2852431182024873,3.5003305841030445,4.739774043522298,0.21113081161493885,0.18959096174089193
0.001448149476119371,9.0,70.0,4.999923213652401,0.2852380327530471,3.5003387317071364,4.739781745601309,0.21113972211656962,0.1895912698240524
0.001477446351119371,9.0,70.0,4.999916115024749,0.2852430682216758,3.5003316352852814,4.739775037226837,0.21113196116890753,0.18959100148907346
0.0015067432261193711,9.0,70.0,4.999922297902306,0.28523808930394584,3.500337816133791,4.73978088009261,0.21113872082362284,0.1895912352037044
0.0015360401011193711,9.0,70.0,4.999916912639581,0.2852430062278698,3.5003324327438494,4.739775791079089,0.21113283329521138,0.18959103164316357
0.0015653369761193712,9.0,70.0,4.999921603182836,0.28523815576489525,3.5003371215526915,4.739780223492383,0.21113796120618877,0.18959120893969533
0.0015946338511193712,9.0,70.0,4.999917517737585,0.2852429361437867,3.5003330377191166,4.739776362973265,0.21113349491703226,0.1895910545189306
0.0016239307261193712,9.0,70.0,4.999921076144786,0.28523822874273363,3.5003365946237164,4.7397797253768035,0.21113738493826717,0.18959118901507213
0.0016532276011193712,9.0,70.0,4.999917976785712,0.2852428609018515,3.500333496670117,4.739776796828014,0.21113399684205536,0.18959107187312058
0.0016825244761193713,9.0,70.0,4.999920676315622,0.2852383057058416,3.5003361948812253,4.739779347492947,0.21113694776558156,0.18959117389971789
0.0017118213511193713,9.0,70.0,4.999918325035386,0.28524278268506753,3.5003338448422663,4.73977712596148,0.21113437761574705,0.1895910850384592
0.0017411182261193713,9.0,70.0,4.999920372991485,0.28523838477438596,3.500335891626602,4.739779060820845,0.21113661611515488,0.1895911624328338
0.0017704151011193713,9.0,70.0,4.999918589229551,0.2852427031096702,3.500334108973938,4.739777375649936,0.2111346664800411,0.18959109502599744
0.0017997119761193714,9.0,70.0,4.99992014287938,0.2852384645612711,3.5003356615708316,4.739778843344963,0.21113636451737716,0.18959115373379853
0.0018290088511193714,9.0,70.0,4.999918789656315,0.2852426233636198,3.5003343093497707,4.739777565068828,0.2111348856188664,0.18959110260275314
0.0018583057261193714,9.0,70.0,4.999919968308433,0.28523854405154897,3.500335487046069,4.739778678363563,0.21113617365013537,0.18959114713454253
0.0018876026011193715,9.0,70.0,4.999918941706943,0.28524254431159446,3.5003344613583875,4.739777708765303,0.21113505186170745,0.1895911083506121
0.0019168994761193715,9.0,70.0,4.999919835872917,0.28523862251101034,3.500335354648891,4.739778553206142,0.21113602885501415,0.18959114212824568
0.0019461963511193715,9.0,70.0,4.99991905705777,0.2852424665745729,3.500334576674115,4.739777817775316,0.2111351779759829,0.18959111271101264
0.0019754932261193715,9.0,70.0,4.999919735402787,0.28523869941690244,3.5003352542110058,4.739778458260424,0.21113591901164597,0.18959113833041696
0.0020047901011193713,9.0,70.0,4.99991914456687,0.28524239059014184,3.5003346641534936,4.73977790047112,0.21113527364748896,0.18959111601884482
0.002034086976119371,9.0,70.0,4.999919659182696,0.28523877440543716,3.5003351780184015,4.7397783862342155,0.2111358356837425,0.18959113544936862
0.002063383851119371,9.0,70.0,4.999919210954277,0.2852423166581847,3.5003347305153936,4.739777963204184,0.21113534622419627,0.18959111852816737
0.0020926807261193708,9.0,70.0,4.999919601359517,0.28523884723202686,3.500335120218974,4.739778331595412,0.21113577247125237,0.1895911332638165
0.0021219776011193706,9.0,70.0,4.999919261318046,0.28524224497548245,3.500334780856976,4.73977801079295,0.21113540128052377,0.189591120431718
0.0021512744761193704,9.0,70.0,4.999919557492868,0.2852389177411809,3.5003350763731156,4.7397782901471714,0.21113572451887896,0.18959113160588686
0.00218057135111937,9.0,70.0,4.999919299525729,0.28524217566190424,3.500334819045113,4.739778046892843,0.21113544304541088,0.18959112187571373
0.00220986822611937,9.0,70.0,4.999919524214121,0.28523898584372237,3.5003350431127993,4.739778258705638,0.2111356881432389,0.1895911303482255
0.00223916510111937,9.0,70.0,4.999919328511391,0.2852421087802208,3.5003348480133476,4.739778074276995,0.2111354747270695,0.1895911229710798
0.0022684619761193696,9.0,70.0,4.999919498967721,0.28523905149955986,3.5003350178829225,4.739778234855423,0.2111356605499899,0.18959112939421693
0.0022977588511193694,9.0,70.0,4.9999193505009085,0.2852420443510839,3.5003348699871566,4.739778095049189,0.2111354987593579,0.18959112380196758
0.0023270557261193692,9.0,70.0,4.999919479814936,0.2852391147046672,3.500334998745109,4.7397782167641465,0.21113563961925674,0.18959112867056585
0.002356352601119369,9.0,70.0,4.999919367182912,0.285241982364338,3.5003348866548585,4.7397781108054255,0.21113551698867616,0.18959112443221704
0.002385649476119369,9.0,70.0,4.999919465284973,0.2852391754812584,3.500334984228837,4.739778203041697,0.21113562374283346,0.18959112812166787
0.0024149463511193687,9.0,70.0,4.9999193798384525,0.2852419227875537,3.5003348992972683,4.73977812275648,0.21113553081576364,0.1895911249102592
0.0024442432261193685,9.0,70.0,4.999919454262046,0.2852392338703793,3.500334973218527,4.739778192633493,0.2111356117006815,0.18959112770533973
0.0024735401011193683,9.0,70.0,4.9999193894393805,0.28524186557245507,3.50033490888605,4.739778131820887,0.21113554130326828,0.18959112527283548
0.002502836976119368,9.0,70.0,4.999919445899675,0.2852392899263352,3.5003349648678665,4.739778184739504,0.21113560256724595,0.18959112738958017
0.002532133851119368,9.0,70.0,4.999919396722975,0.28524181065974885,3.5003349161583377,4.7397781386954705,0.21113554925734146,0.18959112554781882
0.0025614307261193677,9.0,70.0,4.999919439555692,0.2852393437125051,3.500334958534814,4.739778178752796,0.21113559564036888,0.18959112715011184
0.0025907276011193675,9.0,70.0,4.999919402248558,0.285241757982749,3.500334921673341,4.739778143908863,0.21113555528955708,0.1895911257563545
0.0026200244761193673,9.0,70.0,4.999919434742929,0.2852393952982092,3.5003349537323043,4.739778174212936,0.21113559038737617,0.18959112696851743
0.002649321351119367,9.0,70.0,4.999919406440457,0.28524170747008265,3.500334925855295,4.739778147862102,0.21113555986387222,0.1895911259144841
0.002678618226119367,9.0,70.0,4.999919431091802,0.28523944475637236,3.5003349500908314,4.739778170770624,0.21113558640416574,0.18959112683082496
0.0027079151011193668,9.0,70.0,4.999919409620575,0.2852416590477042,3.5003349290260335,4.739778150859421,0.21113556333225492,0.18959112603437686
0.0027372119761193666,9.0,70.0,4.999919428321932,0.28523949216178984,3.5003349473300824,4.739778168160875,0.2111355833841757,0.189591126726435
0.0027665088511193664,9.0,70.0,4.999919412033121,0.28524161264038633,3.5003349314297036,4.739778153131619,0.2111355659617158,0.18959112612526474
0.002795805726119366,9.0,70.0,4.999919426220614,0.2852395375898487,3.500334945237404,4.739778166182663,0.21113558109484076,0.1895911266473065
0.002825102601119366,9.0,70.0,4.9999194138633625,0.2852415681728155,3.500334933251529,4.739778154853789,0.2111355679548219,0.18959112619415155
0.002854399476119366,9.0,70.0,4.999919424626481,0.2852395811155913,3.5003349436514735,4.739778164683488,0.21113557935973226,0.1895911265873395
0.0028836963511193656,9.0,70.0,4.999919415251846,0.2852415255703876,3.500334934632016,4.739778156158755,0.2111355694652357,0.1895911262463502
0.0029129932261193654,9.0,70.0,4.999919423417117,0.2852396228130417,3.5003349424499097,4.73977816354766,0.21113557804500704,0.1895911265419064
0.0029422901011193652,9.0,70.0,4.999919416305196,0.28524148475977884,3.5003349356777558,4.73977815714728,0.21113557060953214,0.18959112628589123
0.002971586976119365,9.0,70.0,4.9999194224996515,0.28523966275472346,3.5003349415398715,4.739778162687415,0.21113557704913388,0.1895911265074966
0.003000883851119365,9.0,70.0,4.999919417104305,0.285241445669348,3.5003349364696135,4.739778157895807,0.21113557147614803,0.18959112631583228
0.0030301807261193647,9.0,70.0,4.999919421803631,0.28523970101132734,3.5003349408509328,4.7397781620361785,0.2111355762950866,0.18959112648144716
0.0030594776011193645,9.0,70.0,4.999919417710536,0.28524140822941046,3.500334937068928,4.73977815846232,0.2111355721321655,0.18959112633849282
0.0030887744761193643,9.0,70.0,4.999919421275607,0.2852397376514869,3.500334940329665,4.739778161543444,0.2111355757244362,0.18959112646173776
0.003118071351119364,9.0,70.0,4.999919418170443,0.2852413723724186,3.5003349375222337,4.73977815889081,0.21113557262847693,0.1895911263556324
0.003147368226119364,9.0,70.0,4.999919420875028,0.2852397727416379,3.500334939935538,4.739778161170896,0.21113557529285543,0.18959112644683582
0.0031766651011193637,9.0,70.0,4.999919418519345,0.28524133803306856,3.500334937864829,4.739778159214644,0.211135573003691,0.18959112636858577
0.0032059619761193635,9.0,70.0,4.999919420571136,0.28523980634593793,3.50033493963781,4.7397781608894745,0.21113557496672342,0.189591126435579
0.0032352588511193633,9.0,70.0,4.999919418784034,0.2852413051483575,3.500334938123493,4.739778159459139,0.21113557328708943,0.18959112637836556
0.003264555726119363,9.0,70.0,4.999919420340593,0.2852398385262315,3.500334939413158,4.739778160677131,0.21113557472053213,0.18959112642708525
0.003293852601119363,9.0,70.0,4.9999194189848355,0.2852412736575992,3.5003349383185327,4.739778159643489,0.21113557350088774,0.18959112638573955
0.0033231494761193628,9.0,70.0,4.999919420165696,0.28523986934204903,3.5003349392438956,4.739778160517149,0.21113557453493637,0.18959112642068598
0.0033524463511193626,9.0,70.0,4.999919419137171,0.28524124350241364,3.5003349384653593,4.739778159782263,0.21113557366193358,0.18959112639129053
0.0033817432261193624,9.0,70.0,4.999919420033011,0.2852398988506286,3.5003349391165983,4.7397781603968365,0.21113557439525832,0.18959112641587347
0.003411040101119362,9.0,70.0,4.9999194192527385,0.2852412146266942,3.500334938575656,4.739778159886506,0.21113557378301162,0.18959112639546025
0.003440336976119362,9.0,70.0,4.999919419932354,0.28523992710695684,3.500334939021096,4.739778160306578,0.21113557429036867,0.18959112641226314
0.003469633851119362,9.0,70.0,4.9999194193404115,0.2852411869765614,3.5003349386582867,4.7397781599645965,0.2111355738738121,0.18959112639858386
0.0034989307261193616,9.0,70.0,4.999919419855991,0.2852399541638205,3.500334938949665,4.739778160239075,0.2111355742118255,0.189591126409563
0.0035282276011193614,9.0,70.0,4.999919419406924,0.2852411605003062,3.5003349387199734,4.739778160022889,0.2111355739416909,0.18959112640091558
0.0035575244761193612,9.0,70.0,4.99991941979806,0.2852399800718666,3.5003349388964544,4.739778160188794,0.21113557415322592,0.18959112640755177
0.003586821351119361,9.0,70.0,4.999919419457381,0.28524113514832655,3.5003349387658136,4.739778160066203,0.21113557399222027,0.18959112640264814
0.003616118226119361,9.0,70.0,4.99991941975411,0.28524000487966916,3.500334938857022,4.739778160151537,0.2111355741097125,0.18959112640606146
0.0036454151011193607,9.0,70.0,4.99991941949566,0.28524111087305964,3.5003349387996723,4.739778160098191,0.2111355740296319,0.18959112640392764
0.0036747119761193605,9.0,70.0,4.9999194197207695,0.28524002863379777,3.5003349388280065,4.739778160124127,0.21113557407760664,0.18959112640496506
0.0037040088511193603,9.0,70.0,4.9999194195247005,0.2852410876289117,3.5003349388244827,4.7397781601216264,0.21113557405712946,0.18959112640486506
0.00373330572611936,9.0,70.0,4.999919419695476,0.2852400513788879,3.5003349388068514,4.739778160104146,0.21113557405411432,0.18959112640416587
0.00376260260111936,9.0,70.0,4.999919419546731,0.28524106537218724,3.500334938842463,4.739778160138606,0.211135574077143,0.18959112640554424
0.0037918994761193597,9.0,70.0,4.999919419676287,0.2852400731577129,3.5003349387916254,4.73977816008977,0.21113557403712102,0.1895911264035908
0.0038211963511193595,9.0,70.0,4.999919419563445,0.2852410440610174,3.5003349388553,4.739778160150724,0.21113557409151618,0.18959112640602896
0.0038504932261193593,9.0,70.0,4.9999194196617305,0.28524009401125444,3.5003349387808624,4.739778160079611,0.2111355740250216,0.18959112640318446
0.003879790101119359,9.0,70.0,4.999919419576123,0.28524102365529047,3.5003349388642664,4.739778160159185,0.21113557410164274,0.1895911264063674
0.003909086976119359,9.0,70.0,4.999919419650687,0.28524011397877186,3.5003349387734515,4.739778160072622,0.21113557401660277,0.18959112640290487
0.003938383851119359,9.0,70.0,4.999919419585742,0.28524100411658176,3.5003349388703318,4.739778160164903,0.21113557410858208,0.18959112640659612
0.003967680726119359,9.0,70.0,4.999919419642309,0.285240133097872,3.5003349387685496,4.739778160068003,0.2111355740109433,0.1895911264027201
0.00399697760111936,9.0,70.0,4.9999194195930405,0.2852409854080865,3.5003349388742278,4.739778160168571,0.21113557411313644,0.18959112640674286
0.00402627447611936,9.0,70.0,4.999919419635953,0.28524015140457415,3.500334938765523,4.739778160065156,0.21113557400734484,0.18959112640260625
0.00405557135111936,9.0,70.0,4.999919419598576,0.28524096749455397,3.500334938876505,4.73977816017071,0.21113557411590977,0.1895911264068284
0.00408486822611936,9.0,70.0,4.999919419631131,0.28524016893337606,3.5003349387638885,4.739778160063625,0.2111355740052827,0.189591126402545
0.004114165101119361,9.0,70.0,4.999919419602776,0.28524095034222413,3.500334938877587,4.739778160171719,0.2111355741173606,0.18959112640686876
0.004143461976119361,9.0,70.0,4.9999194196274725,0.2852401857173158,3.500334938763282,4.739778160063064,0.2111355740043559,0.18959112640252257
0.004172758851119361,9.0,70.0,4.999919419605962,0.28524093391876576,3.500334938877787,4.739778160171896,0.2111355741178369,0.18959112640687584
0.004202055726119361,9.0,70.0,4.999919419624698,0.2852402017880323,3.5003349387634284,4.739778160063215,0.21113557400426397,0.18959112640252862
0.004231352601119362,9.0,70.0,4.9999194196083785,0.28524091819321745,3.5003349388773444,4.739778160171465,0.2111355741176013,0.1895911264068586
0.004260649476119362,9.0,70.0,4.999919419622593,0.28524021717582376,3.500334938764122,4.739778160063883,0.21113557400478022,0.18959112640255535
0.004289946351119362,9.0,70.0,4.999919419610213,0.28524090313593026,3.500334938876441,4.739778160170599,0.2111355741168479,0.18959112640682396
0.004319243226119362,9.0,70.0,4.999919419620995,0.2852402319097037,3.500334938765202,4.739778160064916,0.21113557400573146,0.18959112640259665
0.004348540101119363,9.0,70.0,4.9999194196116035,0.28524088871851255,3.5003349388752105,4.739778160169425,0.21113557411573014,0.189591126406777
0.004377836976119363,9.0,70.0,4.999919419619784,0.285240246017455,3.5003349387665557,4.739778160066207,0.21113557400698957,0.18959112640264827
0.004407133851119363,9.0,70.0,4.999919419612659,0.28524087491377764,3.500334938873756,4.739778160168039,0.21113557411435546,0.18959112640672157
0.004436430726119363,9.0,70.0,4.999919419618864,0.2852402595256809,3.5003349387680927,4.7397781600676705,0.21113557400845795,0.1895911264027068
0.0044657276011193636,9.0,70.0,4.99991941961346,0.28524086169569285,3.5003349388721543,4.739778160166514,0.21113557411281048,0.18959112640666057
0.004495024476119364,9.0,70.0,4.999919419618168,0.28524027245985584,3.5003349387697478,4.739778160069245,0.21113557401006444,0.18959112640276982
0.004524321351119364,9.0,70.0,4.999919419614066,0.28524084903933045,3.50033493887046,4.739778160164903,0.2111355741111567,0.18959112640659612
0.004553618226119364,9.0,70.0,4.999919419617639,0.28524028484437214,3.5003349387714695,4.739778160070882,0.21113557401175376,0.1895911264028353
0.0045829151011193645,9.0,70.0,4.999919419614527,0.2852408369208214,3.5003349388687184,4.739778160163247,0.21113557410944273,0.1895911264065299
0.004612211976119365,9.0,70.0,4.999919419617237,0.28524029670258705,3.5003349387732237,4.739778160072549,0.21113557401348504,0.189591126402902
0.004641508851119365,9.0,70.0,4.999919419614876,0.2852408253173104,3.500334938866958,4.739778160161574,0.21113557410769968,0.18959112640646297
0.004670805726119365,9.0,70.0,4.9999194196169325,0.2852403080568649,3.500334938774983,4.739778160074223,0.2111355740152323,0.1895911264029689
0.0047001026011193655,9.0,70.0,4.999919419615142,0.2852408142069127,3.500334938865204,4.739778160159906,0.21113557410595485,0.18959112640639625
0.004729399476119366,9.0,70.0,4.999919419616702,0.2852403189286205,3.5003349387767284,4.73977816007588,0.21113557401697025,0.18959112640303522
0.004758696351119366,9.0,70.0,4.999919419615344,0.2852408035686735,3.500334938863471,4.73977816015826,0.21113557410422779,0.1895911264063304
0.004787993226119366,9.0,70.0,4.999919419616527,0.2852403293383589,3.5003349387784457,4.7397781600775115,0.21113557401868488,0.18959112640310047
0.0048172901011193665,9.0,70.0,4.999919419615496,0.28524079338252817,3.500334938861772,4.7397781601566455,0.21113557410252937,0.18959112640626583
0.004846586976119367,9.0,70.0,4.999919419616393,0.2852403393057136,3.5003349387801244,4.739778160079107,0.21113557402036398,0.18959112640316428
0.004875883851119367,9.0,70.0,4.999919419615612,0.28524078362926464,3.5003349388601146,4.739778160155072,0.21113557410086958,0.18959112640620288
0.004905180726119367,9.0,70.0,4.999919419616292,0.2852403488494843,3.500334938781758,4.739778160080659,0.21113557402200245,0.18959112640322637
0.0049344776011193674,9.0,70.0,4.9999194196157,0.2852407742904872,3.5003349388585043,4.739778160153542,0.2111355740992551,0.1895911264061417
0.004963774476119368,9.0,70.0,4.999919419616216,0.2852403579876716,3.500334938783343,4.739778160082164,0.21113557402359118,0.18959112640328657
0.004993071351119368,9.0,70.0,4.999919419615766,0.2852407653485814,3.5003349388569456,4.739778160152062,0.21113557409769124,0.18959112640608247
0.005022368226119368,9.0,70.0,4.999919419616158,0.28524036673751174,3.500334938784876,4.73977816008362,0.21113557402512995,0.18959112640334483
0.005051665101119368,9.0,70.0,4.999919419615816,0.28524075678668154,3.5003349388554392,4.739778160150631,0.21113557409617778,0.18959112640602524
0.005080961976119369,9.0,70.0,4.999919419616114,0.2852403751155079,3.5003349387863545,4.739778160085024,0.21113557402661587,0.18959112640340095
0.005110258851119369,9.0,70.0,4.999919419615855,0.2852407485886391,3.500334938853988,4.739778160149252,0.21113557409472006,0.1895911264059701
0.005139555726119369,9.0,70.0,4.999919419616081,0.2852403831374621,3.5003349387877796,4.739778160086377,0.21113557402804828,0.1895911264034551
0.005168852601119369,9.0,70.0,4.999919419615884,0.28524074073899097,3.500334938852589,4.739778160147924,0.2111355740933143,0.18959112640591694
0.00519814947611937,9.0,70.0,4.999919419616055,0.2852403908185051,3.50033493878915,4.739778160087679,0.21113557402942829,0.18959112640350717
0.00522744635111937,9.0,70.0,4.999919419615907,0.28524073322293136,3.500334938851246,4.739778160146649,0.21113557409196226,0.18959112640586598
0.00525674322611937,9.0,70.0,4.9999194196160355,0.28524039817312496,3.500334938790468,4.739778160088931,0.21113557403075234,0.18959112640355724
0.00528604010111937,9.0,70.0,4.999919419615923,0.28524072602628364,3.500334938849954,4.739778160145422,0.21113557409066264,0.18959112640581688
0.005315336976119371,9.0,70.0,4.999919419616021,0.28524040521519356,3.5003349387917337,4.739778160090133,0.2111355740320271,0.18959112640360534
0.005344633851119371,9.0,70.0,4.999919419615935,0.2852407191354741,3.5003349388487135,4.739778160144244,0.21113557408941386,0.18959112640576972
0.005373930726119371,9.0,70.0,4.999919419616011,0.28524041195799316,3.5003349387929488,4.739778160091286,0.211135574033249,0.1895911264036515
0.005403227601119371,9.0,70.0,4.999919419615946,0.28524071253750527,3.5003349388475247,4.739778160143114,0.21113557408821637,0.18959112640572456
0.0054325244761193716,9.0,70.0,4.999919419616002,0.285240418414242,3.5003349387941136,4.739778160092393,0.2111355740344214,0.18959112640369571
0.005461821351119372,9.0,70.0,4.999919419615952,0.2852407062199323,3.5003349388463825,4.739778160142029,0.21113557408706818,0.18959112640568118
0.005491118226119372,9.0,70.0,4.9999194196159955,0.2852404245961178,3.5003349387952314,4.739778160093454,0.21113557403554828,0.18959112640373818
0.005520415101119372,9.0,70.0,4.999919419615958,0.2852407001708392,3.500334938845289,4.739778160140991,0.21113557408596662,0.18959112640563966
0.0055497119761193725,9.0,70.0,4.999919419615991,0.2852404305152804,3.5003349387963025,4.739778160094472,0.2111355740366263,0.1895911264037789
0.005579008851119373,9.0,70.0,4.999919419615962,0.2852406943788163,3.5003349388442397,4.739778160139995,0.21113557408490946,0.1895911264055998
0.005608305726119373,9.0,70.0,4.9999194196159875,0.2852404361828945,3.5003349387973293,4.739778160095447,0.21113557403765992,0.18959112640381787
0.005637602601119373,9.0,70.0,4.999919419615965,0.2852406888329387,3.500334938843235,4.739778160139041,0.21113557408389805,0.18959112640556164
0.0056668994761193735,9.0,70.0,4.999919419615984,0.28524044160965034,3.5003349387983125,4.73977816009638,0.21113557403865002,0.1895911264038552
0.005696196351119374,9.0,70.0,4.999919419615968,0.2852406835227459,3.500334938842273,4.739778160138127,0.21113557408292905,0.18959112640552508
0.005725493226119374,9.0,70.0,4.999919419615982,0.28524044680578375,3.500334938799255,4.739778160097275,0.21113557403959926,0.189591126403891
0.005754790101119374,9.0,70.0,4.99991941961597,0.2852406784382221,3.50033493884135,4.73977816013725,0.211135574082,0.18959112640549003
0.0057840869761193745,9.0,70.0,4.99991941961598,0.2852404517810953,3.500334938800158,4.739778160098133,0.21113557404050853,0.18959112640392534
0.005813383851119375,9.0,70.0,4.9999194196159715,0.2852406735697768,3.5003349388404668,4.739778160136412,0.21113557408111006,0.18959112640545647
0.005842680726119375,9.0,70.0,4.9999194196159795,0.2852404565449697,3.500334938801023,4.739778160098955,0.21113557404137984,0.1895911264039582
0.005871977601119375,9.0,70.0,4.999919419615972,0.28524066890822725,3.5003349388396203,4.739778160135607,0.21113557408025696,0.1895911264054243
0.0059012744761193755,9.0,70.0,4.999919419615979,0.28524046110639223,3.500334938801851,4.739778160099741,0.21113557404221428,0.18959112640398965
0.005930571351119376,9.0,70.0,4.999919419615972,0.2852406644447811,3.500334938838809,4.739778160134838,0.2111355740794405,0.1895911264053935
0.005959868226119376,9.0,70.0,4.999919419615978,0.2852404654739663,3.500334938802644,4.739778160100494,0.2111355740430121,0.18959112640401976
0.005989165101119376,9.0,70.0,4.999919419615973,0.28524066017101946,3.5003349388380327,4.7397781601341,0.21113557407865846,0.18959112640536402
0.006018461976119376,9.0,70.0,4.999919419615978,0.2852404696559304,3.5003349388034044,4.739778160101216,0.21113557404377814,0.18959112640404865
0.006047758851119377,9.0,70.0,4.999919419615974,0.28524065607888127,3.50033493883729,4.739778160133395,0.21113557407791017,0.1895911264053358
0.006077055726119377,9.0,70.0,4.999919419615977,0.28524047366017236,3.500334938804132,4.739778160101907,0.21113557404451133,0.1895911264040763
0.006106352601119377,9.0,70.0,4.999919419615975,0.285240652160648,3.5003349388365788,4.73977816013272,0.2111355740771934,0.18959112640530879
0.006135649476119377,9.0,70.0,4.999919419615977,0.2852404774942446,3.5003349388048286,4.739778160102569,0.21113557404521233,0.18959112640410272
0.006164946351119378,9.0,70.0,4.999919419615975,0.285240648408929,3.5003349388358966,4.739778160132071,0.2111355740765064,0.1895911264052829
0.006194243226119378,9.0,70.0,4.999919419615976,0.28524048116537914,3.500334938805495,4.739778160103201,0.21113557404588468,0.18959112640412806
0.006223540101119378,9.0,70.0,4.999919419615975,0.285240644816648,3.5003349388352434,4.7397781601314515,0.2111355740758487,0.18959112640525802
0.006252836976119378,9.0,70.0,4.999919419615976,0.2852404846805003,3.5003349388061338,4.739778160103808,0.21113557404652772,0.18959112640415232
0.006282133851119379,9.0,70.0,4.999919419615975,0.2852406413770294,3.5003349388346185,4.739778160130858,0.2111355740752192,0.18959112640523434
0.006311430726119379,9.0,70.0,4.999919419615976,0.2852404880462381,3.5003349388067457,4.739778160104389,0.21113557404714345,0.18959112640417555
0.006340727601119379,9.0,70.0,4.999919419615975,0.2852406380835854,3.5003349388340195,4.739778160130289,0.21113557407461614,0.18959112640521156
0.006370024476119379,9.0,70.0,4.999919419615975,0.28524049126894097,3.500334938807331,4.739778160104945,0.21113557404773364,0.18959112640419779
0.00639932135111938,9.0,70.0,4.999919419615975,0.2852406349301039,3.500334938833446,4.739778160129745,0.2111355740740395,0.18959112640518982
0.00642861822611938,9.0,70.0,4.999919419615975,0.2852404943546879,3.5003349388078915,4.739778160105477,0.2111355740482983,0.18959112640421907
0.00645791510111938,9.0,70.0,4.999919419615975,0.2852406319106367,3.5003349388328973,4.739778160129223,0.21113557407348682,0.18959112640516892
0.00648721197611938,9.0,70.0,4.999919419615975,0.28524049730929896,3.500334938808429,4.739778160105987,0.2111355740488403,0.1895911264042395
0.0065165088511193806,9.0,70.0,4.999919419615975,0.28524062901948877,3.500334938832372,4.739778160128725,0.21113557407295724,0.189591126405149
0.006545805726119381,9.0,70.0,4.999919419615975,0.28524050013834684,3.500334938808943,4.739778160106476,0.21113557404935768,0.18959112640425904
0.006575102601119381,9.0,70.0,4.999919419615975,0.2852406262512069,3.5003349388318687,4.739778160128247,0.21113557407245076,0.18959112640512987
0.006604399476119381,9.0,70.0,4.999919419615975,0.28524050284716784,3.5003349388094356,4.739778160106943,0.2111355740498535,0.18959112640427778
0.0066336963511193815,9.0,70.0,4.999919419615975,0.2852406236005697,3.5003349388313865,4.7397781601277895,0.2111355740719647,0.18959112640511155
0.006662993226119382,9.0,70.0,4.999919419615975,0.2852405054408712,3.5003349388099068,4.739778160107392,0.211135574050328,0.18959112640429568
0.006692290101119382,9.0,70.0,4.999919419615975,0.28524062106257736,3.5003349388309255,4.739778160127351,0.21113557407149974,0.18959112640509404
0.006721586976119382,9.0,70.0,4.999919419615975,0.28524050792434913,3.5003349388103584,4.73977816010782,0.2111355740507832,0.1895911264043128
0.0067508838511193825,9.0,70.0,4.999919419615975,0.2852406186324429,3.5003349388304836,4.739778160126931,0.2111355740710552,0.18959112640507728
0.006780180726119383,9.0,70.0,4.999919419615975,0.285240510302286,3.5003349388107905,4.73977816010823,0.21113557405121908,0.1895911264043292
0.006809477601119383,9.0,70.0,4.999919419615975,0.2852406163055825,3.5003349388300604,4.739778160126529,0.21113557407062822,0.18959112640506118
0.006838774476119383,9.0,70.0,4.999919419615975,0.2852405125791667,3.5003349388112044,4.739778160108623,0.21113557405163563,0.18959112640434492
0.0068680713511193835,9.0,70.0,4.999919419615975,0.28524061407760776,3.5003349388296554,4.739778160126145,0.211135574070221,0.1895911264050458
0.006897368226119384,9.0,70.0,4.999919419615975,0.2852405147592861,3.500334938811601,4.739778160109,0.21113557405203487,0.18959112640436002
0.006926665101119384,9.0,70.0,4.999919419615975,0.2852406119443158,3.5003349388292677,4.739778160125777,0.2111355740698313,0.1895911264050311
0.006955961976119384,9.0,70.0,4.999919419615975,0.28524051684675633,3.5003349388119807,4.73977816010936,0.21113557405241767,0.18959112640437442
0.0069852588511193844,9.0,70.0,4.999919419615975,0.28524060990168304,3.5003349388288965,4.739778160125424,0.2111355740694565,0.18959112640501694
0.007014555726119385,9.0,70.0,4.999919419615975,0.28524051884551477,3.500334938812344,4.739778160109705,0.2111355740527825,0.18959112640438822
0.007043852601119385,9.0,70.0,4.999919419615975,0.28524060794585665,3.5003349388285407,4.739778160125087,0.2111355740690981,0.18959112640500347
0.007073149476119385,9.0,70.0,4.999919419615975,0.28524052075933126,3.5003349388126916,4.739778160110035,0.2111355740531331,0.18959112640440143
0.007102446351119385,9.0,70.0,4.999919419615975,0.2852406060731477,3.5003349388282006,4.7397781601247635,0.21113557406875527,0.18959112640499054
0.007131743226119386,9.0,70.0,4.999919419615975,0.28524052259181565,3.500334938813025,4.739778160110353,0.21113557405346928,0.1895911264044141
0.007161040101119386,9.0,70.0,4.999919419615975,0.2852406042800239,3.5003349388278746,4.7397781601244535,0.21113557406842665,0.18959112640497813
0.007190336976119386,9.0,70.0,4.999919419615975,0.28524052434642433,3.500334938813344,4.739778160110655,0.2111355740537908,0.18959112640442619
0.007219633851119386,9.0,70.0,4.999919419615975,0.285240602563103,3.5003349388275624,4.739778160124157,0.21113557406811223,0.18959112640496628
0.007248930726119387,9.0,70.0,4.999919419615975,0.28524052602646693,3.500334938813649,4.739778160110944,0.21113557405409855,0.18959112640443782
0.007278227601119387,9.0,70.0,4.999919419615975,0.28524060091914655,3.5003349388272635,4.7397781601238735,0.2111355740678118,0.18959112640495496
0.007307524476119387,9.0,70.0,4.999919419615975,0.2852405276351123,3.5003349388139418,4.739778160111222,0.21113557405439165,0.1895911264044489
0.007336821351119387,9.0,70.0,4.999919419615975,0.28524059934505386,3.5003349388269775,4.739778160123602,0.2111355740675238,0.18959112640494408
0.007366118226119388,9.0,70.0,4.999919419615975,0.28524052917539455,3.5003349388142215,4.739778160111488,0.21113557405467387,0.18959112640445952
0.007395415101119388,9.0,70.0,4.999919419615975,0.28524059783785594,3.5003349388267035,4.7397781601233415,0.21113557406724803,0.18959112640493367
0.007424711976119388,9.0,70.0,4.999919419615975,0.28524053065021887,3.5003349388144898,4.739778160111744,0.21113557405494432,0.1895911264044697
0.007454008851119388,9.0,70.0,4.999919419615975,0.28524059639470983,3.500334938826441,4.739778160123093,0.2111355740669829,0.1895911264049237
0.007483305726119389,9.0,70.0,4.999919419615975,0.2852405320623671,3.5003349388147464,4.739778160111987,0.211135574055203,0.18959112640447948
0.007512602601119389,9.0,70.0,4.999919419615975,0.2852405950128936,3.5003349388261897,4.739778160122854,0.21113557406672978,0.18959112640491416
0.007541899476119389,9.0,70.0,4.999919419615975,0.28524053341450284,3.5003349388149925,4.73977816011222,0.21113557405545103,0.1895911264044888
0.007571196351119389,9.0,70.0,4.999919419615975,0.2852405936898009,3.5003349388259495,4.739778160122626,0.2111355740664882,0.18959112640490502
0.0076004932261193895,9.0,70.0,4.999919419615975,0.2852405347091763,3.500334938815228,4.739778160112444,0.21113557405568795,0.18959112640449774
0.00762979010111939,9.0,70.0,4.999919419615975,0.2852405924229361,3.500334938825719,4.739778160122407,0.21113557406625594,0.18959112640489628
0.00765908697611939,9.0,70.0,4.999919419615975,0.2852405359488298,3.500334938815453,4.739778160112658,0.21113557405591488,0.18959112640450632
0.00768838385111939,9.0,70.0,4.999919419615975,0.2852405912099096,3.5003349388254987,4.7397781601221975,0.2111355740660339,0.1895911264048879
0.0077176807261193905,9.0,70.0,4.999919419615975,0.2852405371358013,3.500334938815669,4.739778160112863,0.21113557405613248,0.1895911264045145
0.007746977601119391,9.0,70.0,4.999919419615975,0.28524059004843344,3.5003349388252873,4.739778160121997,0.2111355740658203,0.18959112640487988
0.007776274476119391,9.0,70.0,4.999919419615975,0.2852405382723297,3.5003349388158753,4.739778160113059,0.21113557405634076,0.18959112640452236
0.007805571351119391,9.0,70.0,4.999919419615975,0.2852405889363169,3.5003349388250853,4.739778160121805,0.21113557406561778,0.1895911264048722
0.00783486822611939,9.0,70.0,4.999919419615975,0.28524053936055876,3.5003349388160734,4.739778160113247,0.2111355740565397,0.18959112640452985
0.00786416510111939,9.0,70.0,4.999919419615975,0.2852405878714622,3.5003349388248917,4.739778160121621,0.21113557406542194,0.1895911264048649
0.00789346197611939,9.0,70.0,4.999919419615975,0.285240540402541,3.5003349388162626,4.739778160113427,0.21113557405672978,0.18959112640453704
0.007922758851119389,9.0,70.0,4.999919419615975,0.2852405868518612,3.5003349388247065,4.739778160121445,0.21113557406523586,0.1895911264048578
0.007952055726119388,9.0,70.0,4.999919419615975,0.28524054140024163,3.5003349388164438,4.739778160113598,0.21113557405691297,0.18959112640454392
0.007981352601119387,9.0,70.0,4.999919419615975,0.2852405858755904,3.500334938824529,4.7397781601212765,0.21113557406505779,0.18959112640485107
0.008010649476119387,9.0,70.0,4.999919419615975,0.28524054235554264,3.500334938816618,4.739778160113763,0.21113557405708772,0.18959112640455053
0.008039946351119386,9.0,70.0,4.999919419615975,0.2852405849408087,3.500334938824359,4.739778160121116,0.2111355740648868,0.18959112640484463
0.008069243226119386,9.0,70.0,4.999919419615975,0.285240543270246,3.500334938816784,4.7397781601139215,0.2111355740572547,0.18959112640455686
0.008098540101119385,9.0,70.0,4.999919419615975,0.2852405840457525,3.500334938824196,4.73977816012096,0.21113557406472205,0.1895911264048384
0.008127836976119384,9.0,70.0,4.999919419615975,0.28524054414607697,3.500334938816943,4.7397781601140725,0.2111355740574159,0.1895911264045629
0.008157133851119384,9.0,70.0,4.999919419615975,0.28524058318873385,3.5003349388240403,4.739778160120813,0.21113557406456507,0.18959112640483253
0.008186430726119383,9.0,70.0,4.999919419615975,0.2852405449846875,3.5003349388170957,4.739778160114217,0.21113557405756955,0.18959112640456868
0.008215727601119382,9.0,70.0,4.999919419615975,0.2852405823681362,3.500334938823891,4.739778160120671,0.21113557406441474,0.18959112640482684
0.008245024476119382,9.0,70.0,4.999919419615975,0.28524054578765917,3.5003349388172413,4.739778160114356,0.211135574057717,0.18959112640457423
0.008274321351119381,9.0,70.0,4.999919419615975,0.2852405815824118,3.500334938823748,4.739778160120535,0.21113557406427064,0.1895911264048214
0.00830361822611938,9.0,70.0,4.999919419615975,0.2852405465565067,3.5003349388173812,4.739778160114489,0.21113557405785777,0.18959112640457956
0.00833291510111938,9.0,70.0,4.999919419615975,0.2852405808300785,3.5003349388236114,4.739778160120405,0.21113557406413275,0.1895911264048162
0.00836221197611938,9.0,70.0,4.999919419615975,0.28524054729268045,3.500334938817515,4.739778160114616,0.21113557405799255,0.18959112640458464
0.008391508851119379,9.0,70.0,4.999919419615975,0.28524058010971726,3.500334938823481,4.739778160120282,0.21113557406400085,0.18959112640481127
0.008420805726119378,9.0,70.0,4.999919419615975,0.2852405479975687,3.5003349388176432,4.739778160114738,0.21113557405812045,0.18959112640458947
0.008450102601119377,9.0,70.0,4.999919419615975,0.2852405794199696,3.5003349388233556,4.739778160120162,0.21113557406387562,0.18959112640480652
0.008479399476119377,9.0,70.0,4.999919419615975,0.28524054867250115,3.500334938817766,4.739778160114854,0.2111355740582448,0.18959112640459416
0.008508696351119376,9.0,70.0,4.999919419615975,0.2852405787595343,3.500334938823235,4.739778160120048,0.21113557406375394,0.18959112640480194
0.008537993226119376,9.0,70.0,4.999919419615975,0.28524054931875076,3.5003349388178835,4.739778160114966,0.21113557405836292,0.18959112640459863
0.008567290101119375,9.0,70.0,4.999919419615975,0.2852405781271657,3.50033493882312,4.739778160119938,0.2111355740636378,0.18959112640479753
0.008596586976119374,9.0,70.0,4.999919419615975,0.28524054993753645,3.500334938817996,4.739778160115073,0.21113557405847772,0.1895911264046029
0.008625883851119374,9.0,70.0,4.999919419615975,0.2852405775216711,3.50033493882301,4.739778160119835,0.211135574063527,0.18959112640479336
0.008655180726119373,9.0,70.0,4.999919419615975,0.2852405505300254,3.5003349388181038,4.739778160115175,0.21113557405858385,0.18959112640460699
0.008684477601119373,9.0,70.0,4.999919419615975,0.2852405769419084,3.500334938822905,4.739778160119734,0.21113557406342087,0.18959112640478937
0.008713774476119372,9.0,70.0,4.999919419615975,0.28524055109733515,3.500334938818207,4.739778160115272,0.21113557405868932,0.18959112640461093
0.008743071351119371,9.0,70.0,4.999919419615975,0.285240576386784,3.500334938822804,4.739778160119639,0.21113557406331984,0.18959112640478556
0.00877236822611937,9.0,70.0,4.999919419615975,0.2852405516405359,3.5003349388183054,4.739778160115367,0.21113557405878858,0.18959112640461467
0.00880166510111937,9.0,70.0,4.999919419615975,0.2852405758552509,3.500334938822707,4.739778160119547,0.2111355740632228,0.1895911264047819
0.00883096197611937,9.0,70.0,4.999919419615975,0.2852405521606519,3.5003349388184,4.739778160115456,0.2111355740588834,0.18959112640461825
0.008860258851119369,9.0,70.0,4.999919419615975,0.2852405753463067,3.500334938822615,4.739778160119458,0.21113557406312844,0.18959112640477835
0.008889555726119368,9.0,70.0,4.999919419615975,0.2852405526586645,3.5003349388184906,4.739778160115542,0.21113557405897443,0.18959112640462167
0.008918852601119368,9.0,70.0,4.999919419615975,0.28524057485899107,3.500334938822526,4.739778160119374,0.2111355740630394,0.189591126404775
0.008948149476119367,9.0,70.0,4.999919419615975,0.28524055313551283,3.500334938818577,4.739778160115625,0.21113557405906214,0.189591126404625
0.008977446351119366,9.0,70.0,4.999919419615975,0.28524057439238504,3.5003349388224416,4.739778160119294,0.21113557406295413,0.18959112640477177
0.009006743226119366,9.0,70.0,4.999919419615975,0.28524055359209644,3.50033493881866,4.739778160115703,0.21113557405914607,0.18959112640462816
0.009036040101119365,9.0,70.0,4.999919419615975,0.2852405739456086,3.50033493882236,4.739778160119217,0.21113557406287242,0.1895911264047687
0.009065336976119364,9.0,70.0,4.999919419615975,0.28524055402927645,3.5003349388187397,4.73977816011578,0.21113557405922578,0.1895911264046312
0.009094633851119364,9.0,70.0,4.999919419615975,0.28524057351781895,3.5003349388222826,4.739778160119144,0.21113557406279493,0.18959112640476578
0.009123930726119363,9.0,70.0,4.999919419615975,0.28524055444787744,3.500334938818816,4.7397781601158515,0.21113557405930217,0.18959112640463407
0.009153227601119363,9.0,70.0,4.999919419615975,0.2852405731082092,3.500334938822208,4.739778160119073,0.21113557406271943,0.18959112640476292
0.009182524476119362,9.0,70.0,4.999919419615975,0.2852405548486891,3.500334938818889,4.739778160115921,0.21113557405937544,0.18959112640463682
0.009211821351119361,9.0,70.0,4.999919419615975,0.2852405727160067,3.500334938822137,4.739778160119005,0.21113557406264705,0.18959112640476022
0.00924111822611936,9.0,70.0,4.999919419615975,0.28524055523246733,3.500334938818958,4.7397781601159865,0.21113557405944539,0.18959112640463946
0.00927041510111936,9.0,70.0,4.999919419615975,0.2852405723404718,3.5003349388220686,4.739778160118941,0.21113557406257866,0.18959112640475762
0.00929971197611936,9.0,70.0,4.999919419615975,0.285240555599936,3.5003349388190252,4.73977816011605,0.211135574059512,0.18959112640464199
0.009329008851119359,9.0,70.0,4.999919419615975,0.28524057198089614,3.500334938822003,4.7397781601188775,0.21113557406251315,0.18959112640475512
0.009358305726119358,9.0,70.0,4.999919419615975,0.28524055595178816,3.500334938819089,4.739778160116111,0.21113557405957684,0.1895911264046444
0.009387602601119358,9.0,70.0,4.999919419615975,0.2852405716366016,3.5003349388219407,4.739778160118819,0.21113557406244943,0.18959112640475276
0.009416899476119357,9.0,70.0,4.999919419615975,0.28524055628868755,3.5003349388191505,4.739778160116169,0.21113557405963945,0.1895911264046468
0.009446196351119356,9.0,70.0,4.999919419615975,0.2852405713069386,3.5003349388218803,4.739778160118762,0.21113557406238925,0.18959112640475045
0.009475493226119356,9.0,70.0,4.999919419615975,0.2852405566112696,3.500334938819209,4.7397781601162245,0.21113557405969874,0.18959112640464904
0.009504790101119355,9.0,70.0,4.999919419615975,0.2852405709912853,3.5003349388218234,4.739778160118708,0.2111355740623313,0.1895911264047483
0.009534086976119354,9.0,70.0,4.999919419615975,0.2852405569201429,3.5003349388192655,4.739778160116279,0.21113557405975536,0.18959112640465114
0.009563383851119354,9.0,70.0,4.999919419615975,0.2852405706890464,3.5003349388217684,4.739778160118655,0.21113557406227623,0.18959112640474618
0.009592680726119353,9.0,70.0,4.999919419615975,0.28524055721588987,3.500334938819319,4.7397781601163285,0.21113557405980887,0.18959112640465314
0.009621977601119353,9.0,70.0,4.999919419615975,0.2852405703996519,3.5003349388217155,4.739778160118605,0.2111355740622236,0.1895911264047442
0.009651274476119352,9.0,70.0,4.999919419615975,0.28524055749906846,3.5003349388193703,4.739778160116378,0.2111355740598606,0.18959112640465509
0.009680571351119351,9.0,70.0,4.999919419615975,0.28524057012255577,3.5003349388216654,4.739778160118558,0.21113557406217276,0.18959112640474232
0.00970986822611935,9.0,70.0,4.999919419615975,0.2852405577702126,3.50033493881942,4.739778160116425,0.21113557405991124,0.18959112640465703
0.00973916510111935,9.0,70.0,4.999919419615975,0.28524056985723567,3.500334938821617,4.739778160118512,0.21113557406212302,0.18959112640474043
0.00976846197611935,9.0,70.0,4.999919419615975,0.28524055802983384,3.500334938819467,4.73977816011647,0.2111355740599581,0.1895911264046588
0.009797758851119349,9.0,70.0,4.999919419615975,0.28524056960319094,3.5003349388215708,4.739778160118467,0.21113557406207728,0.18959112640473869
0.009827055726119348,9.0,70.0,4.999919419615975,0.2852405582784219,3.5003349388195124,4.739778160116512,0.21113557406000294,0.1895911264046605
0.009856352601119348,9.0,70.0,4.999919419615975,0.28524056935994235,3.500334938821527,4.7397781601184255,0.2111355740620331,0.18959112640473702
0.009885649476119347,9.0,70.0,4.999919419615975,0.2852405585164456,3.5003349388195555,4.739778160116554,0.2111355740600478,0.18959112640466216
0.009914946351119346,9.0,70.0,4.999919419615975,0.2852405691270312,3.500334938821484,4.7397781601183855,0.21113557406199002,0.1895911264047354
0.009944243226119346,9.0,70.0,4.999919419615975,0.28524055874435394,3.500334938819597,4.739778160116593,0.21113557406008887,0.18959112640466372
0.009973540101119345,9.0,70.0,4.999919419615975,0.28524056890401817,3.5003349388214438,4.739778160118347,0.21113557406194938,0.18959112640473388
0.010002836976119344,9.0,70.0,4.999919419615975,0.2852405589625768,3.5003349388196368,4.739778160116631,0.21113557406012817,0.18959112640466522
0.010032133851119344,9.0,70.0,4.999919419615975,0.2852405686904826,3.500334938821405,4.73977816011831,0.21113557406191008,0.1895911264047324
0.010061430726119343,9.0,70.0,4.999919419615975,0.2852405591715259,3.5003349388196745,4.739778160116667,0.21113557406016725,0.1895911264046667
0.010090727601119343,9.0,70.0,4.999919419615975,0.28524056848602164,3.500334938821368,4.739778160118275,0.21113557406187278,0.18959112640473097
0.010120024476119342,9.0,70.0,4.999919419615975,0.285240559371595,3.500334938819711,4.7397781601167015,0.21113557406020322,0.18959112640466802
0.010149321351119341,9.0,70.0,4.999919419615975,0.2852405682902498,3.5003349388213323,4.739778160118241,0.21113557406183725,0.18959112640472964
0.01017861822611934,9.0,70.0,4.999919419615975,0.2852405595631619,3.500334938819746,4.739778160116734,0.2111355740602392,0.18959112640466938
0.01020791510111934,9.0,70.0,4.999919419615975,0.28524056810279763,3.500334938821298,4.739778160118209,0.2111355740618024,0.18959112640472836
0.01023721197611934,9.0,70.0,4.999919419615975,0.28524055974658763,3.500334938819779,4.739778160116766,0.2111355740602716,0.18959112640467063
0.010266508851119339,9.0,70.0,4.999919419615975,0.2852405679233118,3.5003349388212657,4.739778160118178,0.21113557406176975,0.1895911264047271
0.010295805726119338,9.0,70.0,4.999919419615975,0.2852405599222183,3.500334938819811,4.7397781601167965,0.21113557406030425,0.18959112640467188
0.010325102601119338,9.0,70.0,4.999919419615975,0.2852405677514536,3.500334938821234,4.7397781601181475,0.21113557406173822,0.18959112640472595
0.010354399476119337,9.0,70.0,4.999919419615975,0.2852405600903852,3.5003349388198415,4.739778160116826,0.21113557406033534,0.18959112640467304
0.010383696351119336,9.0,70.0,4.999919419615975,0.2852405675868988,3.5003349388212044,4.73977816011812,0.21113557406170802,0.18959112640472475
0.010412993226119336,9.0,70.0,4.999919419615975,0.2852405602514053,3.500334938819871,4.739778160116853,0.21113557406036465,0.1895911264046741
0.010442290101119335,9.0,70.0,4.999919419615975,0.28524056742933734,3.5003349388211755,4.739778160118092,0.21113557406167938,0.1895911264047237
0.010471586976119334,9.0,70.0,4.999919419615975,0.2852405604055825,3.5003349388198988,4.73977816011688,0.2111355740603924,0.18959112640467518
0.010500883851119334,9.0,70.0,4.999919419615975,0.28524056727847175,3.5003349388211484,4.739778160118066,0.21113557406165162,0.18959112640472264
0.010530180726119333,9.0,70.0,4.999919419615975,0.28524056055320746,3.5003349388199254,4.739778160116905,0.21113557406042016,0.1895911264046762
0.010559477601119333,9.0,70.0,4.999919419615975,0.28524056713401763,3.500334938821122,4.739778160118041,0.21113557406162475,0.18959112640472164
0.010588774476119332,9.0,70.0,4.999919419615975,0.28524056069455883,3.500334938819951,4.73977816011693,0.21113557406044592,0.1895911264046772
0.010618071351119331,9.0,70.0,4.999919419615975,0.28524056699570244,3.500334938821097,4.739778160118018,0.2111355740616001,0.18959112640472073
0.01064736822611933,9.0,70.0,4.999919419615975,0.2852405608299032,3.500334938819976,4.739778160116953,0.21113557406047034,0.18959112640467812
0.01067666510111933,9.0,70.0,4.999919419615975,0.28524056686326515,3.500334938821073,4.739778160117995,0.21113557406157524,0.18959112640471978
0.01070596197611933,9.0,70.0,4.999919419615975,0.28524056095949585,3.5003349388199996,4.739778160116975,0.21113557406049477,0.18959112640467904
0.010735258851119329,9.0,70.0,4.999919419615975,0.28524056673645604,3.50033493882105,4.739778160117973,0.2111355740615528,0.1895911264047189
0.010764555726119328,9.0,70.0,4.999919419615975,0.2852405610835811,3.5003349388200222,4.739778160116996,0.2111355740605163,0.18959112640467987
0.010793852601119328,9.0,70.0,4.999919419615975,0.28524056661503605,3.5003349388210276,4.739778160117952,0.21113557406153083,0.1895911264047181
0.010823149476119327,9.0,70.0,4.999919419615975,0.28524056120239316,3.5003349388200435,4.739778160117017,0.2111355740605383,0.18959112640468068
0.010852446351119326,9.0,70.0,4.999919419615975,0.2852405664987761,3.5003349388210063,4.739778160117931,0.21113557406150885,0.18959112640471723
0.010881743226119326,9.0,70.0,4.999919419615975,0.28524056131615594,3.5003349388200644,4.739778160117037,0.21113557406055983,0.18959112640468145
0.010911040101119325,9.0,70.0,4.999919419615975,0.28524056638745676,3.500334938820986,4.739778160117911,0.21113557406148864,0.18959112640471648
0.010940336976119324,9.0,70.0,4.999919419615975,0.28524056142508425,3.5003349388200844,4.739778160117056,0.21113557406058003,0.18959112640468223
0.010969633851119324,9.0,70.0,4.999919419615975,0.2852405662808682,3.500334938820967,4.739778160117893,0.21113557406146843,0.18959112640471573
0.010998930726119323,9.0,70.0,4.999919419615975,0.28524056152938326,3.500334938820103,4.739778160117073,0.2111355740605998,0.18959112640468295
0.011028227601119323,9.0,70.0,4.999919419615975,0.2852405661788095,3.5003349388209486,4.739778160117877,0.2111355740614509,0.18959112640471507
0.011057524476119322,9.0,70.0,4.999919419615975,0.2852405616292499,3.5003349388201213,4.7397781601170905,0.21113557406061711,0.18959112640468362
0.011086821351119321,9.0,70.0,4.999919419615975,0.28524056608108783,3.500334938820931,4.73977816011786,0.21113557406143246,0.1895911264047144
0.01111611822611932,9.0,70.0,4.999919419615975,0.2852405617248725,3.5003349388201386,4.739778160117107,0.21113557406063532,0.1895911264046843
0.01114541510111932,9.0,70.0,4.999919419615975,0.2852405659875192,3.5003349388209135,4.739778160117844,0.21113557406141514,0.1895911264047137
0.01117471197611932,9.0,70.0,4.999919419615975,0.28524056181643137,3.5003349388201555,4.7397781601171225,0.21113557406065153,0.18959112640468495
0.011204008851119319,9.0,70.0,4.999919419615975,0.28524056589792707,3.500334938820897,4.739778160117828,0.21113557406139916,0.18959112640471312
0.011233305726119318,9.0,70.0,4.999919419615975,0.2852405619040991,3.5003349388201714,4.7397781601171385,0.21113557406066774,0.18959112640468553
0.011262602601119318,9.0,70.0,4.999919419615975,0.2852405658121423,3.5003349388208815,4.739778160117813,0.21113557406138317,0.1895911264047125
0.011291899476119317,9.0,70.0,4.999919419615975,0.2852405619880412,3.5003349388201865,4.739778160117153,0.21113557406068262,0.18959112640468612
0.011321196351119316,9.0,70.0,4.999919419615975,0.28524056573000306,3.500334938820867,4.739778160117799,0.21113557406136851,0.18959112640471198
0.011350493226119316,9.0,70.0,4.999919419615975,0.2852405620684162,3.500334938820201,4.739778160117167,0.21113557406069705,0.18959112640468667
0.011379790101119315,9.0,70.0,4.999919419615975,0.2852405656513547,3.5003349388208527,4.739778160117785,0.2111355740613543,0.1895911264047114
0.011409086976119314,9.0,70.0,4.999919419615975,0.28524056214537524,3.500334938820215,4.739778160117179,0.21113557406071237,0.18959112640468717
0.011438383851119314,9.0,70.0,4.999919419615975,0.28524056557604865,3.5003349388208385,4.739778160117772,0.21113557406133987,0.18959112640471087
0.011467680726119313,9.0,70.0,4.999919419615975,0.2852405622190638,3.5003349388202283,4.739778160117193,0.21113557406072525,0.1895911264046877
0.011496977601119313,9.0,70.0,4.999919419615975,0.28524056550394283,3.5003349388208256,4.73977816011776,0.2111355740613272,0.1895911264047104
0.011526274476119312,9.0,70.0,4.999919419615975,0.28524056228962086,3.5003349388202416,4.739778160117206,0.21113557406073813,0.1895911264046882
0.011555571351119311,9.0,70.0,4.999919419615975,0.28524056543490134,3.500334938820813,4.739778160117748,0.21113557406131434,0.18959112640470996
0.01158486822611931,9.0,70.0,4.999919419615975,0.28524056235717943,3.5003349388202536,4.739778160117217,0.211135574060751,0.18959112640468867
0.01161416510111931,9.0,70.0,4.999919419615975,0.2852405653687939,3.500334938820801,4.739778160117737,0.21113557406130123,0.18959112640470946
0.01164346197611931,9.0,70.0,4.999919419615975,0.2852405624218669,3.5003349388202656,4.739778160117228,0.21113557406076255,0.18959112640468914
0.011672758851119309,9.0,70.0,4.999919419615975,0.2852405653054958,3.5003349388207896,4.739778160117726,0.2111355740612908,0.18959112640470902
0.011702055726119308,9.0,70.0,4.999919419615975,0.2852405624838054,3.5003349388202767,4.739778160117238,0.2111355740607741,0.18959112640468956
0.011731352601119308,9.0,70.0,4.999919419615975,0.2852405652448877,3.5003349388207785,4.739778160117716,0.21113557406127947,0.1895911264047086
0.011760649476119307,9.0,70.0,4.999919419615975,0.28524056254311153,3.5003349388202873,4.739778160117249,0.21113557406078454,0.18959112640468995
0.011789946351119306,9.0,70.0,4.999919419615975,0.28524056518685537,3.5003349388207683,4.739778160117705,0.21113557406126882,0.1895911264047082
0.011819243226119306,9.0,70.0,4.999919419615975,0.2852405625998974,3.5003349388202976,4.739778160117258,0.2111355740607952,0.18959112640469034
0.011848540101119305,9.0,70.0,4.999919419615975,0.2852405651312892,3.5003349388207576,4.739778160117695,0.21113557406125838,0.18959112640470782
0.011877836976119304,9.0,70.0,4.999919419615975,0.28524056265427017,3.5003349388203073,4.739778160117267,0.2111355740608052,0.1895911264046907
0.011907133851119304,9.0,70.0,4.999919419615975,0.28524056507808443,3.5003349388207483,4.7397781601176865,0.2111355740612484,0.18959112640470743
0.011936430726119303,9.0,70.0,4.999919419615975,0.285240562706332,3.500334938820317,4.739778160117276,0.21113557406081518,0.18959112640469108
0.011965727601119303,9.0,70.0,4.999919419615975,0.2852405650271408,3.500334938820739,4.739778160117678,0.21113557406123928,0.1895911264047071
0.011995024476119302,9.0,70.0,4.999919419615975,0.2852405627561814,3.500334938820326,4.739778160117285,0.21113557406082406,0.18959112640469142
0.012024321351119301,9.0,70.0,4.999919419615975,0.2852405649783621,3.50033493882073,4.739778160117669,0.21113557406123085,0.18959112640470677
0.0120536182261193,9.0,70.0,4.999919419615975,0.28524056280391236,3.500334938820335,4.739778160117294,0.2111355740608325,0.18959112640469175
0.0120829151011193,9.0,70.0,4.999919419615975,0.28524056493165645,3.5003349388207217,4.739778160117661,0.21113557406122196,0.18959112640470643
0.0121122119761193,9.0,70.0,4.999919419615975,0.28524056284961485,3.500334938820343,4.739778160117301,0.21113557406084116,0.18959112640469206
0.012141508851119299,9.0,70.0,4.999919419615975,0.28524056488693555,3.5003349388207132,4.739778160117654,0.21113557406121441,0.18959112640470616
0.012170805726119298,9.0,70.0,4.999919419615975,0.2852405628933752,3.500334938820351,4.739778160117309,0.21113557406084893,0.18959112640469236
0.012200102601119298,9.0,70.0,4.999919419615975,0.2852405648441152,3.5003349388207057,4.739778160117646,0.21113557406120642,0.18959112640470582
0.012229399476119297,9.0,70.0,4.999919419615975,0.2852405629352758,3.500334938820359,4.739778160117316,0.21113557406085648,0.18959112640469264
0.012258696351119296,9.0,70.0,4.999919419615975,0.2852405648031146,3.500334938820698,4.7397781601176385,0.21113557406119865,0.18959112640470555
0.012287993226119296,9.0,70.0,4.999919419615975,0.28524056297539585,3.500334938820366,4.739778160117323,0.21113557406086447,0.18959112640469294
0.012317290101119295,9.0,70.0,4.999919419615975,0.28524056476385634,3.500334938820691,4.739778160117632,0.21113557406119132,0.1895911264047053
0.012346586976119294,9.0,70.0,4.999919419615975,0.28524056301381084,3.500334938820373,4.73977816011733,0.2111355740608707,0.18959112640469322
0.012375883851119294,9.0,70.0,4.999919419615975,0.28524056472626635,3.500334938820684,4.739778160117625,0.21113557406118377,0.18959112640470502
0.012405180726119293,9.0,70.0,4.999919419615975,0.28524056305059325,3.5003349388203797,4.739778160117336,0.21113557406087802,0.18959112640469347
0.012434477601119293,9.0,70.0,4.999919419615975,0.2852405646902741,3.5003349388206777,4.73977816011762,0.211135574061178,0.1895911264047048
0.012463774476119292,9.0,70.0,4.999919419615975,0.2852405630858126,3.500334938820386,4.739778160117343,0.21113557406088335,0.18959112640469367
0.012493071351119291,9.0,70.0,4.999919419615975,0.28524056465581127,3.5003349388206715,4.739778160117613,0.21113557406117134,0.18959112640470455
0.01252236822611929,9.0,70.0,4.999919419615975,0.2852405631195351,3.500334938820392,4.739778160117348,0.21113557406089045,0.18959112640469392
0.01255166510111929,9.0,70.0,4.999919419615975,0.28524056462281305,3.5003349388206653,4.739778160117607,0.21113557406116557,0.1895911264047043
0.01258096197611929,9.0,70.0,4.999919419615975,0.28524056315182456,3.500334938820398,4.739778160117353,0.211135574060896,0.18959112640469414
0.012610258851119289,9.0,70.0,4.999919419615975,0.28524056459121716,3.50033493882066,4.739778160117602,0.21113557406115935,0.1895911264047041
0.012639555726119288,9.0,70.0,4.999919419615975,0.28524056318274177,3.5003349388204037,4.739778160117359,0.21113557406090133,0.18959112640469436
0.012668852601119288,9.0,70.0,4.999919419615975,0.2852405645609641,3.500334938820654,4.739778160117597,0.21113557406115468,0.18959112640470388
0.012698149476119287,9.0,70.0,4.999919419615975,0.28524056321234503,3.500334938820409,4.739778160117364,0.21113557406090666,0.18959112640469455
0.012727446351119286,9.0,70.0,4.999919419615975,0.2852405645319966,3.500334938820649,4.7397781601175915,0.2111355740611489,0.18959112640470366
0.012756743226119286,9.0,70.0,4.999919419615975,0.2852405632406904,3.500334938820414,4.7397781601173685,0.21113557406091243,0.18959112640469478
0.012786040101119285,9.0,70.0,4.999919419615975,0.2852405645042601,3.500334938820644,4.739778160117587,0.21113557406114403,0.1895911264047035
0.012815336976119284,9.0,70.0,4.999919419615975,0.2852405632678309,3.5003349388204192,4.739778160117374,0.21113557406091732,0.18959112640469497
0.012844633851119284,9.0,70.0,4.999919419615975,0.2852405644777024,3.500334938820639,4.739778160117583,0.21113557406113892,0.1895911264047033
0.012873930726119283,9.0,70.0,4.999919419615975,0.28524056329381825,3.5003349388204237,4.739778160117378,0.21113557406092198,0.18959112640469514
0.012903227601119283,9.0,70.0,4.999919419615975,0.2852405644522734,3.500334938820634,4.739778160117578,0.21113557406113403,0.18959112640470313
0.012932524476119282,9.0,70.0,4.999919419615975,0.28524056331870107,3.500334938820428,4.739778160117383,0.21113557406092687,0.1895911264046953
0.012961821351119281,9.0,70.0,4.999919419615975,0.2852405644279251,3.5003349388206297,4.739778160117574,0.2111355740611296,0.18959112640470296
0.01299111822611928,9.0,70.0,4.999919419615975,0.2852405633425264,3.5003349388204326,4.739778160117387,0.21113557406093153,0.1895911264046955
0.01302041510111928,9.0,70.0,4.999919419615975,0.2852405644046114,3.5003349388206257,4.73977816011757,0.21113557406112493,0.1895911264047028
0.01304971197611928,9.0,70.0,4.999919419615975,0.28524056336533943,3.500334938820437,4.73977816011739,0.2111355740609353,0.18959112640469564
0.013079008851119279,9.0,70.0,4.999919419615975,0.28524056438228845,3.5003349388206217,4.739778160117567,0.2111355740611216,0.18959112640470266
0.013108305726119278,9.0,70.0,4.999919419615975,0.2852405633871828,3.5003349388204406,4.739778160117394,0.2111355740609393,0.18959112640469578
0.013137602601119278,9.0,70.0,4.999919419615975,0.28524056436091416,3.5003349388206177,4.739778160117563,0.21113557406111805,0.18959112640470252
0.013166899476119277,9.0,70.0,4.999919419615975,0.28524056340809795,3.5003349388204446,4.739778160117398,0.21113557406094285,0.18959112640469591
0.013196196351119276,9.0,70.0,4.999919419615975,0.28524056434044825,3.500334938820614,4.739778160117559,0.21113557406111338,0.18959112640470238
0.013225493226119276,9.0,70.0,4.999919419615975,0.2852405634281242,3.5003349388204485,4.739778160117402,0.21113557406094685,0.18959112640469605
0.013254790101119275,9.0,70.0,4.999919419615975,0.28524056432085226,3.5003349388206106,4.739778160117556,0.21113557406111005,0.18959112640470224
0.013284086976119274,9.0,70.0,4.999919419615975,0.2852405634472994,3.5003349388204517,4.739778160117405,0.21113557406095018,0.1895911264046962
0.013313383851119274,9.0,70.0,4.999919419615975,0.28524056430208894,3.500334938820607,4.739778160117552,0.21113557406110672,0.1895911264047021
0.013342680726119273,9.0,70.0,4.999919419615975,0.2852405634656597,3.5003349388204548,4.7397781601174085,0.21113557406095396,0.1895911264046963
0.013371977601119273,9.0,70.0,4.999919419615975,0.28524056428412303,3.500334938820604,4.739778160117549,0.2111355740611025,0.18959112640470197
0.013401274476119272,9.0,70.0,4.999919419615975,0.28524056348323973,3.5003349388204583,4.739778160117411,0.2111355740609573,0.18959112640469644
0.013430571351119271,9.0,70.0,4.999919419615975,0.2852405642669206,3.5003349388206004,4.739778160117546,0.21113557406110006,0.18959112640470185
0.01345986822611927,9.0,70.0,4.999919419615975,0.28524056350007265,3.5003349388204614,4.739778160117414,0.21113557406095973,0.18959112640469655
0.01348916510111927,9.0,70.0,4.999919419615975,0.2852405642504491,3.5003349388205978,4.7397781601175435,0.21113557406109718,0.18959112640470174
0.01351846197611927,9.0,70.0,4.999919419615975,0.28524056351619026,3.5003349388204645,4.739778160117417,0.21113557406096328,0.1895911264046967
0.013547758851119269,9.0,70.0,4.999919419615975,0.28524056423467775,3.500334938820595,4.739778160117541,0.21113557406109407,0.18959112640470163
0.013577055726119268,9.0,70.0,4.999919419615975,0.28524056353162297,3.500334938820467,4.739778160117419,0.21113557406096595,0.18959112640469677
0.013606352601119268,9.0,70.0,4.999919419615975,0.2852405642195766,3.5003349388205924,4.739778160117538,0.2111355740610914,0.18959112640470152
0.013635649476119267,9.0,70.0,4.999919419615975,0.28524056354639976,3.50033493882047,4.739778160117422,0.21113557406096883,0.18959112640469689
0.013664946351119266,9.0,70.0,4.999919419615975,0.2852405642051171,3.5003349388205898,4.7397781601175355,0.21113557406108896,0.18959112640470144
0.013694243226119266,9.0,70.0,4.999919419615975,0.2852405635605486,3.5003349388204725,4.7397781601174245,0.21113557406097083,0.189591126404697
0.013723540101119265,9.0,70.0,4.999919419615975,0.2852405641912723,3.500334938820587,4.739778160117533,0.21113557406108607,0.18959112640470133
0.013752836976119264,9.0,70.0,4.999919419615975,0.285240563574096,3.5003349388204748,4.739778160117426,0.21113557406097327,0.18959112640469705
0.013782133851119264,9.0,70.0,4.999919419615975,0.2852405641780158,3.5003349388205844,4.73977816011753,0.2111355740610843,0.18959112640470124
0.013811430726119263,9.0,70.0,4.999919419615975,0.2852405635870678,3.500334938820477,4.739778160117428,0.21113557406097572,0.18959112640469714
0.013840727601119263,9.0,70.0,4.999919419615975,0.28524056416532256,3.500334938820582,4.739778160117528,0.21113557406108185,0.1895911264047012
0.013870024476119262,9.0,70.0,4.999919419615975,0.2852405635994884,3.5003349388204796,4.739778160117432,0.21113557406097883,0.18959112640469727
0.013899321351119261,9.0,70.0,4.999919419615975,0.28524056415316884,3.50033493882058,4.739778160117527,0.21113557406107897,0.18959112640470108
0.01392861822611926,9.0,70.0,4.999919419615975,0.28524056361138106,3.5003349388204814,4.739778160117433,0.2111355740609797,0.18959112640469733
0.01395791510111926,9.0,70.0,4.999919419615975,0.2852405641415316,3.5003349388205782,4.739778160117525,0.21113557406107697,0.189591126404701
0.01398721197611926,9.0,70.0,4.999919419615975,0.28524056362276834,3.5003349388204836,4.739778160117435,0.2111355740609817,0.1895911264046974
0.014016508851119259,9.0,70.0,4.999919419615975,0.28524056413038884,3.500334938820576,4.739778160117522,0.2111355740610752,0.18959112640470088
0.014045805726119258,9.0,70.0,4.999919419615975,0.28524056363367173,3.500334938820486,4.739778160117437,0.21113557406098482,0.18959112640469747
0.014075102601119258,9.0,70.0,4.999919419615975,0.28524056411971965,3.500334938820574,4.73977816011752,0.2111355740610732,0.18959112640470083
0.014104399476119257,9.0,70.0,4.999919419615975,0.2852405636441118,3.5003349388204876,4.739778160117439,0.2111355740609866,0.18959112640469755
0.014133696351119256,9.0,70.0,4.999919419615975,0.2852405641095039,3.500334938820572,4.739778160117519,0.2111355740610712,0.18959112640470074
0.014162993226119256,9.0,70.0,4.999919419615975,0.2852405636541081,3.5003349388204894,4.7397781601174405,0.21113557406098882,0.18959112640469764
0.014192290101119255,9.0,70.0,4.999919419615975,0.28524056409972226,3.5003349388205702,4.739778160117517,0.21113557406106898,0.1895911264047007
0.014221586976119254,9.0,70.0,4.999919419615975,0.2852405636636797,3.500334938820491,4.739778160117442,0.21113557406099037,0.1895911264046977
0.014250883851119254,9.0,70.0,4.999919419615975,0.2852405640903563,3.5003349388205685,4.739778160117516,0.21113557406106742,0.18959112640470063
0.014280180726119253,9.0,70.0,4.999919419615975,0.28524056367284456,3.500334938820493,4.739778160117444,0.21113557406099126,0.18959112640469777
0.014309477601119253,9.0,70.0,4.999919419615975,0.2852405640813883,3.500334938820567,4.739778160117514,0.2111355740610661,0.18959112640470058
0.014338774476119252,9.0,70.0,4.999919419615975,0.2852405636816198,3.5003349388204943,4.739778160117445,0.21113557406099326,0.1895911264046978
0.014368071351119251,9.0,70.0,4.999919419615975,0.28524056407280146,3.500334938820566,4.739778160117512,0.21113557406106453,0.18959112640470055
0.01439736822611925,9.0,70.0,4.999919419615975,0.28524056369002215,3.5003349388204956,4.739778160117447,0.21113557406099526,0.18959112640469789
0.01442666510111925,9.0,70.0,4.999919419615975,0.28524056406457976,3.500334938820564,4.7397781601175115,0.21113557406106298,0.18959112640470047
0.01445596197611925,9.0,70.0,4.999919419615975,0.2852405636980673,3.5003349388204974,4.739778160117448,0.2111355740609957,0.1895911264046979
0.014485258851119249,9.0,70.0,4.999919419615975,0.2852405640567073,3.5003349388205622,4.73977816011751,0.2111355740610621,0.18959112640470038
0.014514555726119248,9.0,70.0,4.999919419615975,0.28524056370577067,3.5003349388204987,4.739778160117449,0.2111355740609977,0.18959112640469797
0.014543852601119248,9.0,70.0,4.999919419615975,0.2852405640491694,3.5003349388205613,4.739778160117509,0.21113557406106076,0.18959112640470036
0.014573149476119247,9.0,70.0,4.999919419615975,0.28524056371314666,3.5003349388205,4.73977816011745,0.2111355740609986,0.18959112640469802
0.014602446351119246,9.0,70.0,4.999919419615975,0.28524056404195197,3.5003349388205596,4.739778160117507,0.21113557406105854,0.1895911264047003
0.014631743226119246,9.0,70.0,4.999919419615975,0.285240563720209,3.5003349388205014,4.739778160117451,0.21113557406100036,0.18959112640469805
0.014661040101119245,9.0,70.0,4.999919419615975,0.28524056403504117,3.5003349388205587,4.739778160117506,0.2111355740610581,0.18959112640470024
0.014690336976119244,9.0,70.0,4.999919419615975,0.28524056372697143,3.5003349388205027,4.739778160117453,0.21113557406100125,0.1895911264046981
0.014719633851119244,9.0,70.0,4.999919419615975,0.28524056402842407,3.5003349388205574,4.739778160117505,0.21113557406105654,0.18959112640470022
0.014748930726119243,9.0,70.0,4.999919419615975,0.2852405637334465,3.5003349388205036,4.739778160117455,0.2111355740610017,0.18959112640469816
0.014778227601119243,9.0,70.0,4.999919419615975,0.2852405640220881,3.500334938820556,4.739778160117504,0.211135574061055,0.1895911264047002
0.014807524476119242,9.0,70.0,4.999919419615975,0.28524056373964624,3.500334938820505,4.739778160117455,0.21113557406100325,0.1895911264046982
0.014836821351119241,9.0,70.0,4.999919419615975,0.28524056401602144,3.500334938820555,4.739778160117503,0.21113557406105454,0.1895911264047001
0.01486611822611924,9.0,70.0,4.999919419615975,0.2852405637455827,3.5003349388205063,4.7397781601174565,0.21113557406100525,0.18959112640469827
0.01489541510111924,9.0,70.0,4.999919419615975,0.2852405640102126,3.5003349388205542,4.739778160117503,0.21113557406105343,0.1895911264047001
0.01492471197611924,9.0,70.0,4.999919419615975,0.2852405637512668,3.500334938820507,4.739778160117457,0.2111355740610057,0.1895911264046983
0.014954008851119239,9.0,70.0,4.999919419615975,0.2852405640046506,3.5003349388205534,4.739778160117501,0.2111355740610521,0.18959112640470005
0.014983305726119238,9.0,70.0,4.999919419615975,0.2852405637567092,3.500334938820508,4.739778160117458,0.21113557406100658,0.18959112640469833
0.015012602601119238,9.0,70.0,4.999919419615975,0.28524056399932507,3.500334938820552,4.7397781601175,0.21113557406105166,0.18959112640470005
0.015041899476119237,9.0,70.0,4.999919419615975,0.28524056376192036,3.500334938820509,4.739778160117459,0.21113557406100725,0.18959112640469836
0.015071196351119236,9.0,70.0,4.999919419615975,0.2852405639942258,3.500334938820551,4.739778160117499,0.2111355740610501,0.18959112640469997
0.015100493226119236,9.0,70.0,4.999919419615975,0.28524056376691,3.50033493882051,4.73977816011746,0.21113557406100814,0.1895911264046984
0.015129790101119235,9.0,70.0,4.999919419615975,0.28524056398934333,3.5003349388205502,4.739778160117498,0.21113557406104966,0.18959112640469997
0.015159086976119234,9.0,70.0,4.999919419615975,0.2852405637716876,3.5003349388205107,4.739778160117461,0.21113557406100902,0.18959112640469844
0.015188383851119234,9.0,70.0,4.999919419615975,0.28524056398466824,3.5003349388205494,4.739778160117497,0.21113557406104833,0.18959112640469988
0.015217680726119233,9.0,70.0,4.999919419615975,0.2852405637762625,3.5003349388205116,4.739778160117462,0.21113557406101013,0.18959112640469847
0.015246977601119233,9.0,70.0,4.999919419615975,0.28524056398019176,3.500334938820549,4.739778160117497,0.21113557406104766,0.18959112640469988
0.015276274476119232,9.0,70.0,4.999919419615975,0.2852405637806427,3.5003349388205125,4.739778160117463,0.21113557406101102,0.18959112640469852
0.015305571351119231,9.0,70.0,4.999919419615975,0.2852405639759056,3.500334938820548,4.739778160117496,0.21113557406104655,0.18959112640469986
0.01533486822611923,9.0,70.0,4.999919419615975,0.2852405637848368,3.5003349388205134,4.739778160117464,0.21113557406101235,0.18959112640469855
0.01536416510111923,9.0,70.0,4.999919419615975,0.28524056397180164,3.500334938820547,4.7397781601174955,0.2111355740610461,0.18959112640469983
0.01539346197611923,9.0,70.0,4.999919419615975,0.28524056378885254,3.500334938820514,4.739778160117464,0.21113557406101235,0.18959112640469855
0.015422758851119229,9.0,70.0,4.999919419615975,0.28524056396787206,3.5003349388205462,4.739778160117494,0.21113557406104566,0.1895911264046998
0.015452055726119228,9.0,70.0,4.999919419615975,0.2852405637926978,3.5003349388205143,4.7397781601174644,0.21113557406101435,0.18959112640469858
0.015481352601119228,9.0,70.0,4.999919419615975,0.28524056396410935,3.500334938820546,4.739778160117494,0.211135574061045,0.18959112640469974
0.015510649476119227,9.0,70.0,4.999919419615975,0.2852405637963798,3.500334938820515,4.7397781601174644,0.2111355740610148,0.1895911264046986
0.015539946351119226,9.0,70.0,4.999919419615975,0.28524056396050645,3.5003349388205454,4.739778160117494,0.211135574061045,0.18959112640469974
0.015569243226119226,9.0,70.0,4.999919419615975,0.2852405637999052,3.500334938820516,4.739778160117466,0.21113557406101524,0.18959112640469866
0.015598540101119225,9.0,70.0,4.999919419615975,0.2852405639570569,3.5003349388205445,4.739778160117493,0.21113557406104366,0.18959112640469972
0.015627836976119226,9.0,70.0,4.999919419615975,0.28524056380328067,3.5003349388205165,4.739778160117466,0.21113557406101569,0.1895911264046987
0.015657133851119227,9.0,70.0,4.999919419615975,0.28524056395375386,3.5003349388205436,4.739778160117492,0.21113557406104322,0.1895911264046997
0.01568643072611923,9.0,70.0,4.999919419615975,0.2852405638065127,3.500334938820517,4.739778160117467,0.2111355740610168,0.1895911264046987
0.01571572760111923,9.0,70.0,4.999919419615975,0.28524056395059116,3.500334938820543,4.739778160117492,0.2111355740610421,0.1895911264046997
0.01574502447611923,9.0,70.0,4.999919419615975,0.2852405638096075,3.500334938820518,4.739778160117467,0.2111355740610168,0.1895911264046987
0.015774321351119232,9.0,70.0,4.999919419615975,0.2852405639475629,3.5003349388205427,4.739778160117491,0.21113557406104166,0.18959112640469966
0.015803618226119233,9.0,70.0,4.999919419615975,0.2852405638125707,3.500334938820518,4.739778160117467,0.2111355740610168,0.1895911264046987
0.015832915101119234,9.0,70.0,4.999919419615975,0.2852405639446634,3.5003349388205423,4.73977816011749,0.21113557406104122,0.1895911264046996
0.015862211976119235,9.0,70.0,4.999919419615975,0.28524056381540797,3.5003349388205187,4.739778160117468,0.21113557406101768,0.18959112640469872
0.015891508851119236,9.0,70.0,4.999919419615975,0.2852405639418871,3.500334938820542,4.73977816011749,0.21113557406104122,0.1895911264046996
0.015920805726119237,9.0,70.0,4.999919419615975,0.2852405638181246,3.500334938820519,4.739778160117469,0.21113557406101768,0.18959112640469872
0.01595010260111924,9.0,70.0,4.999919419615975,0.28524056393922886,3.500334938820541,4.739778160117488,0.21113557406103967,0.18959112640469958
0.01597939947611924,9.0,70.0,4.999919419615975,0.2852405638207258,3.5003349388205196,4.739778160117469,0.21113557406101924,0.18959112640469877
0.01600869635111924,9.0,70.0,4.999919419615975,0.2852405639366834,3.500334938820541,4.739778160117489,0.21113557406103967,0.18959112640469958
0.016037993226119242,9.0,70.0,4.999919419615975,0.2852405638232165,3.50033493882052,4.73977816011747,0.21113557406101857,0.1895911264046988
0.016067290101119243,9.0,70.0,4.999919419615975,0.2852405639342463,3.50033493882054,4.739778160117488,0.21113557406103922,0.18959112640469955
0.016096586976119244,9.0,70.0,4.999919419615975,0.28524056382560137,3.5003349388205205,4.73977816011747,0.21113557406101968,0.1895911264046988
0.016125883851119245,9.0,70.0,4.999919419615975,0.2852405639319126,3.50033493882054,4.739778160117488,0.21113557406103922,0.18959112640469955
0.016155180726119246,9.0,70.0,4.999919419615975,0.2852405638278848,3.500334938820521,4.739778160117471,0.21113557406101968,0.1895911264046988
0.016184477601119247,9.0,70.0,4.999919419615975,0.2852405639296781,3.500334938820539,4.7397781601174875,0.21113557406103767,0.1895911264046995
0.01621377447611925,9.0,70.0,4.999919419615975,0.28524056383007135,3.5003349388205214,4.739778160117471,0.21113557406102013,0.18959112640469883
0.01624307135111925,9.0,70.0,4.999919419615975,0.28524056392753866,3.500334938820539,4.7397781601174875,0.21113557406103767,0.1895911264046995
0.01627236822611925,9.0,70.0,4.999919419615975,0.2852405638321649,3.500334938820522,4.739778160117471,0.21113557406102057,0.18959112640469886
0.016301665101119252,9.0,70.0,4.999919419615975,0.2852405639254901,3.5003349388205387,4.7397781601174875,0.21113557406103722,0.18959112640469947
0.016330961976119253,9.0,70.0,4.999919419615975,0.28524056383416946,3.5003349388205223,4.739778160117471,0.21113557406102057,0.18959112640469886
0.016360258851119254,9.0,70.0,4.999919419615975,0.28524056392352864,3.5003349388205383,4.739778160117487,0.21113557406103722,0.18959112640469947
0.016389555726119255,9.0,70.0,4.999919419615975,0.28524056383608876,3.5003349388205223,4.7397781601174716,0.21113557406102168,0.18959112640469886
0.016418852601119256,9.0,70.0,4.999919419615975,0.2852405639216505,3.5003349388205383,4.739778160117487,0.21113557406103722,0.18959112640469947
0.016448149476119257,9.0,70.0,4.999919419615975,0.2852405638379265,3.5003349388205227,4.739778160117472,0.21113557406102168,0.18959112640469886
0.01647744635111926,9.0,70.0,4.999919419615975,0.2852405639198523,3.5003349388205374,4.739778160117486,0.2111355740610359,0.18959112640469944
0.01650674322611926,9.0,70.0,4.999919419615975,0.2852405638396861,3.500334938820523,4.739778160117472,0.21113557406102212,0.1895911264046989
0.01653604010111926,9.0,70.0,4.999919419615975,0.28524056391813035,3.5003349388205374,4.739778160117486,0.2111355740610359,0.18959112640469944
0.016565336976119262,9.0,70.0,4.999919419615975,0.28524056384137114,3.500334938820523,4.739778160117472,0.21113557406102212,0.1895911264046989
0.016594633851119263,9.0,70.0,4.999919419615975,0.28524056391648156,3.5003349388205374,4.739778160117486,0.2111355740610359,0.18959112640469944
0.016623930726119264,9.0,70.0,4.999919419615975,0.2852405638429844,3.5003349388205236,4.739778160117472,0.21113557406102257,0.18959112640469894
0.016653227601119265,9.0,70.0,4.999919419615975,0.285240563914903,3.5003349388205365,4.739778160117486,0.2111355740610359,0.1895911264046994
0.016682524476119266,9.0,70.0,4.999919419615975,0.2852405638445291,3.500334938820524,4.739778160117473,0.21113557406102257,0.18959112640469894
0.016711821351119267,9.0,70.0,4.999919419615975,0.2852405639133914,3.5003349388205365,4.739778160117485,0.21113557406103545,0.1895911264046994
0.01674111822611927,9.0,70.0,4.999919419615975,0.28524056384600827,3.500334938820524,4.739778160117473,0.2111355740610239,0.18959112640469894
0.01677041510111927,9.0,70.0,4.999919419615975,0.2852405639119441,3.5003349388205365,4.739778160117485,0.2111355740610359,0.1895911264046994
0.01679971197611927,9.0,70.0,4.999919419615975,0.28524056384742447,3.5003349388205245,4.739778160117474,0.21113557406102257,0.18959112640469894
0.016829008851119272,9.0,70.0,4.999919419615975,0.28524056391055824,3.500334938820536,4.739778160117485,0.211135574061035,0.1895911264046994
0.016858305726119273,9.0,70.0,4.999919419615975,0.28524056384878055,3.500334938820525,4.739778160117474,0.21113557406102368,0.18959112640469897
0.016887602601119274,9.0,70.0,4.999919419615975,0.28524056390923136,3.5003349388205356,4.739778160117485,0.211135574061035,0.1895911264046994
0.016916899476119275,9.0,70.0,4.999919419615975,0.2852405638500789,3.500334938820525,4.739778160117474,0.21113557406102368,0.18959112640469897
0.016946196351119276,9.0,70.0,4.999919419615975,0.2852405639079608,3.5003349388205356,4.739778160117485,0.211135574061035,0.1895911264046994
0.016975493226119277,9.0,70.0,4.999919419615975,0.2852405638513222,3.500334938820525,4.739778160117474,0.21113557406102368,0.18959112640469897
0.01700479010111928,9.0,70.0,4.999919419615975,0.28524056390674435,3.5003349388205356,4.739778160117485,0.211135574061035,0.1895911264046994
0.01703408697611928,9.0,70.0,4.999919419615975,0.2852405638525125,3.5003349388205254,4.739778160117474,0.21113557406102412,0.189591126404699
0.01706338385111928,9.0,70.0,4.999919419615975,0.2852405639055795,3.500334938820535,4.739778160117485,0.21113557406103456,0.18959112640469936
0.017092680726119282,9.0,70.0,4.999919419615975,0.2852405638536524,3.500334938820526,4.739778160117474,0.21113557406102412,0.189591126404699
0.017121977601119283,9.0,70.0,4.999919419615975,0.28524056390446406,3.5003349388205347,4.739778160117483,0.21113557406103411,0.18959112640469933
0.017151274476119284,9.0,70.0,4.999919419615975,0.28524056385474383,3.500334938820526,4.739778160117475,0.21113557406102523,0.189591126404699
0.017180571351119285,9.0,70.0,4.999919419615975,0.28524056390339614,3.5003349388205347,4.739778160117483,0.211135574061033,0.18959112640469933
0.017209868226119286,9.0,70.0,4.999919419615975,0.28524056385578883,3.500334938820526,4.739778160117475,0.21113557406102523,0.189591126404699
0.017239165101119287,9.0,70.0,4.999919419615975,0.28524056390237357,3.5003349388205347,4.739778160117483,0.211135574061033,0.18959112640469933
0.01726846197611929,9.0,70.0,4.999919419615975,0.28524056385678936,3.5003349388205263,4.739778160117476,0.21113557406102523,0.189591126404699
0.01729775885111929,9.0,70.0,4.999919419615975,0.28524056390139446,3.5003349388205343,4.739778160117483,0.211135574061033,0.18959112640469933
0.01732705572611929,9.0,70.0,4.999919419615975,0.28524056385774754,3.5003349388205263,4.739778160117476,0.21113557406102523,0.189591126404699
0.01735635260111929,9.0,70.0,4.999919419615975,0.285240563900457,3.500334938820534,4.739778160117482,0.211135574061033,0.18959112640469933
0.017385649476119293,9.0,70.0,4.999919419615975,0.28524056385866486,3.5003349388205267,4.739778160117476,0.21113557406102568,0.18959112640469905
0.017414946351119294,9.0,70.0,4.999919419615975,0.2852405638995593,3.500334938820534,4.739778160117483,0.211135574061033,0.18959112640469933
0.017444243226119295,9.0,70.0,4.999919419615975,0.2852405638595433,3.5003349388205267,4.739778160117476,0.21113557406102568,0.18959112640469905
0.017473540101119296,9.0,70.0,4.999919419615975,0.28524056389869984,3.500334938820534,4.739778160117483,0.211135574061033,0.18959112640469933
0.017502836976119297,9.0,70.0,4.999919419615975,0.28524056386038427,3.5003349388205267,4.739778160117476,0.21113557406102568,0.18959112640469905
0.0175321338511193,9.0,70.0,4.999919419615975,0.28524056389787683,3.500334938820534,4.739778160117483,0.211135574061033,0.18959112640469933
0.0175614307261193,9.0,70.0,4.999919419615975,0.2852405638611895,3.5003349388205267,4.739778160117476,0.21113557406102568,0.18959112640469905
0.0175907276011193,9.0,70.0,4.999919419615975,0.2852405638970889,3.500334938820534,4.739778160117483,0.211135574061033,0.18959112640469933
0.0176200244761193,9.0,70.0,4.999919419615975,0.2852405638619606,3.500334938820527,4.739778160117476,0.21113557406102568,0.18959112640469908
0.017649321351119303,9.0,70.0,4.999919419615975,0.28524056389633434,3.5003349388205334,4.739778160117483,0.21113557406103256,0.1895911264046993
0.017678618226119304,9.0,70.0,4.999919419615975,0.28524056386269897,3.5003349388205276,4.739778160117476,0.21113557406102568,0.18959112640469908
0.017707915101119305,9.0,70.0,4.999919419615975,0.28524056389561175,3.500334938820533,4.739778160117481,0.21113557406103212,0.18959112640469925
0.017737211976119306,9.0,70.0,4.999919419615975,0.28524056386340596,3.5003349388205276,4.739778160117477,0.2111355740610268,0.18959112640469908
0.017766508851119307,9.0,70.0,4.999919419615975,0.28524056389492014,3.500334938820533,4.739778160117482,0.21113557406103145,0.1895911264046993
0.01779580572611931,9.0,70.0,4.999919419615975,0.28524056386408275,3.5003349388205276,4.739778160117477,0.21113557406102634,0.18959112640469908
0.01782510260111931,9.0,70.0,4.999919419615975,0.2852405638942578,3.500334938820533,4.739778160117481,0.21113557406103167,0.18959112640469925
0.01785439947611931,9.0,70.0,4.999919419615975,0.28524056386473096,3.5003349388205276,4.739778160117477,0.21113557406102634,0.18959112640469908
0.01788369635111931,9.0,70.0,4.999919419615975,0.28524056389362357,3.500334938820533,4.739778160117481,0.21113557406103167,0.18959112640469925
0.017912993226119313,9.0,70.0,4.999919419615975,0.2852405638653514,3.5003349388205276,4.739778160117477,0.21113557406102634,0.18959112640469908
0.017942290101119314,9.0,70.0,4.999919419615975,0.28524056389301633,3.500334938820533,4.739778160117481,0.21113557406103167,0.18959112640469925
0.017971586976119315,9.0,70.0,4.999919419615975,0.28524056386594565,3.5003349388205276,4.739778160117477,0.21113557406102634,0.18959112640469908
0.018000883851119316,9.0,70.0,4.999919419615975,0.2852405638924349,3.500334938820533,4.739778160117481,0.21113557406103167,0.18959112640469925
0.018030180726119317,9.0,70.0,4.999919419615975,0.2852405638665147,3.500334938820528,4.739778160117477,0.21113557406102634,0.18959112640469908
0.01805947760111932,9.0,70.0,4.999919419615975,0.285240563891878,3.5003349388205325,4.739778160117481,0.21113557406103167,0.18959112640469925
0.01808877447611932,9.0,70.0,4.999919419615975,0.2852405638670596,3.500334938820528,4.739778160117478,0.21113557406102634,0.18959112640469908
0.01811807135111932,9.0,70.0,4.999919419615975,0.2852405638913449,3.5003349388205325,4.739778160117481,0.21113557406103167,0.18959112640469925
0.01814736822611932,9.0,70.0,4.999919419615975,0.28524056386758123,3.5003349388205285,4.739778160117478,0.2111355740610268,0.1895911264046991
0.018176665101119323,9.0,70.0,4.999919419615975,0.28524056389083446,3.5003349388205325,4.739778160117481,0.21113557406103167,0.18959112640469925
0.018205961976119324,9.0,70.0,4.999919419615975,0.28524056386808067,3.5003349388205285,4.739778160117478,0.2111355740610268,0.1895911264046991
0.018235258851119325,9.0,70.0,4.999919419615975,0.2852405638903457,3.500334938820532,4.739778160117481,0.21113557406103167,0.18959112640469925
0.018264555726119326,9.0,70.0,4.999919419615975,0.285240563868559,3.5003349388205285,4.739778160117478,0.2111355740610268,0.1895911264046991
0.018293852601119327,9.0,70.0,4.999919419615975,0.28524056388987773,3.500334938820532,4.739778160117481,0.21113557406103167,0.18959112640469925
0.01832314947611933,9.0,70.0,4.999919419615975,0.28524056386901686,3.5003349388205285,4.739778160117478,0.2111355740610268,0.1895911264046991
0.01835244635111933,9.0,70.0,4.999919419615975,0.2852405638894297,3.500334938820532,4.739778160117481,0.21113557406103167,0.18959112640469925
0.01838174322611933,9.0,70.0,4.999919419615975,0.28524056386945534,3.5003349388205285,4.739778160117478,0.2111355740610268,0.1895911264046991
0.01841104010111933,9.0,70.0,4.999919419615975,0.28524056388900054,3.500334938820532,4.739778160117481,0.21113557406103167,0.18959112640469925
0.018440336976119333,9.0,70.0,4.999919419615975,0.2852405638698753,3.5003349388205285,4.739778160117478,0.2111355740610268,0.1895911264046991
0.018469633851119334,9.0,70.0,4.999919419615975,0.2852405638885897,3.500334938820532,4.739778160117481,0.21113557406103167,0.18959112640469925
0.018498930726119335,9.0,70.0,4.999919419615975,0.2852405638702772,3.5003349388205285,4.739778160117478,0.2111355740610268,0.1895911264046991
0.018528227601119336,9.0,70.0,4.999919419615975,0.28524056388819646,3.500334938820532,4.739778160117481,0.21113557406103167,0.18959112640469925
0.018557524476119337,9.0,70.0,4.999919419615975,0.28524056387066204,3.5003349388205285,4.739778160117478,0.2111355740610268,0.1895911264046991
0.01858682135111934,9.0,70.0,4.999919419615975,0.2852405638878199,3.500334938820532,4.739778160117481,0.21113557406103167,0.18959112640469925
0.01861611822611934,9.0,70.0,4.999919419615975,0.28524056387103053,3.5003349388205285,4.739778160117478,0.2111355740610268,0.1895911264046991
0.01864541510111934,9.0,70.0,4.999919419615975,0.2852405638874592,3.500334938820532,4.739778160117481,0.21113557406103167,0.18959112640469925
0.01867471197611934,9.0,70.0,4.999919419615975,0.28524056387138336,3.500334938820529,4.739778160117478,0.21113557406102723,0.18959112640469916
0.018704008851119343,9.0,70.0,4.999919419615975,0.28524056388711394,3.5003349388205316,4.739778160117481,0.21113557406103123,0.18959112640469922
0.018733305726119344,9.0,70.0,4.999919419615975,0.28524056387172136,3.500334938820529,4.739778160117478,0.21113557406102723,0.18959112640469916
0.018762602601119345,9.0,70.0,4.999919419615975,0.2852405638867832,3.5003349388205316,4.739778160117481,0.21113557406103123,0.18959112640469922
0.018791899476119346,9.0,70.0,4.999919419615975,0.285240563872045,3.500334938820529,4.739778160117478,0.21113557406102723,0.18959112640469916
0.018821196351119347,9.0,70.0,4.999919419615975,0.28524056388646657,3.5003349388205316,4.739778160117481,0.21113557406103123,0.18959112640469922
0.01885049322611935,9.0,70.0,4.999919419615975,0.2852405638723548,3.500334938820529,4.739778160117478,0.21113557406102723,0.18959112640469916
0.01887979010111935,9.0,70.0,4.999919419615975,0.2852405638861635,3.5003349388205316,4.739778160117481,0.21113557406103123,0.18959112640469922
0.01890908697611935,9.0,70.0,4.999919419615975,0.2852405638726514,3.5003349388205294,4.739778160117478,0.21113557406102723,0.18959112640469916
0.01893838385111935,9.0,70.0,4.999919419615975,0.2852405638858732,3.500334938820531,4.7397781601174795,0.21113557406103078,0.1895911264046992
0.018967680726119353,9.0,70.0,4.999919419615975,0.28524056387293545,3.5003349388205294,4.739778160117479,0.21113557406102879,0.18959112640469916
0.018996977601119354,9.0,70.0,4.999919419615975,0.2852405638855952,3.500334938820531,4.73977816011748,0.21113557406102967,0.18959112640469922
0.019026274476119355,9.0,70.0,4.999919419615975,0.2852405638732074,3.5003349388205294,4.739778160117479,0.21113557406102812,0.18959112640469916
0.019055571351119356,9.0,70.0,4.999919419615975,0.2852405638853291,3.500334938820531,4.73977816011748,0.21113557406103012,0.18959112640469922
0.019084868226119357,9.0,70.0,4.999919419615975,0.2852405638734678,3.5003349388205294,4.739778160117479,0.21113557406102812,0.18959112640469916
0.01911416510111936,9.0,70.0,4.999919419615975,0.28524056388507435,3.500334938820531,4.73977816011748,0.21113557406103012,0.18959112640469922
0.01914346197611936,9.0,70.0,4.999919419615975,0.2852405638737171,3.5003349388205294,4.739778160117479,0.21113557406102812,0.18959112640469916
0.01917275885111936,9.0,70.0,4.999919419615975,0.28524056388483043,3.500334938820531,4.73977816011748,0.21113557406103012,0.18959112640469922
0.01920205572611936,9.0,70.0,4.999919419615975,0.2852405638739558,3.5003349388205294,4.739778160117479,0.21113557406102812,0.18959112640469916
0.019231352601119363,9.0,70.0,4.999919419615975,0.2852405638845969,3.500334938820531,4.73977816011748,0.21113557406103012,0.18959112640469922
0.019260649476119364,9.0,70.0,4.999919419615975,0.2852405638741842,3.5003349388205294,4.739778160117479,0.21113557406102812,0.18959112640469916
0.019289946351119365,9.0,70.0,4.999919419615975,0.28524056388437335,3.500334938820531,4.73977816011748,0.21113557406103012,0.18959112640469922
0.019319243226119366,9.0,70.0,4.999919419615975,0.28524056387440305,3.5003349388205294,4.739778160117479,0.21113557406102812,0.18959112640469916
0.019348540101119367,9.0,70.0,4.999919419615975,0.28524056388415914,3.500334938820531,4.73977816011748,0.21113557406103012,0.18959112640469922
0.01937783697611937,9.0,70.0,4.999919419615975,0.2852405638746125,3.5003349388205294,4.739778160117479,0.21113557406102812,0.18959112640469916
0.01940713385111937,9.0,70.0,4.999919419615975,0.28524056388395413,3.500334938820531,4.73977816011748,0.21113557406103012,0.18959112640469922
0.01943643072611937,9.0,70.0,4.999919419615975,0.2852405638748132,3.5003349388205294,4.739778160117479,0.21113557406102812,0.18959112640469916
0.01946572760111937,9.0,70.0,4.999919419615975,0.28524056388375785,3.500334938820531,4.73977816011748,0.21113557406103012,0.18959112640469922
0.019495024476119373,9.0,70.0,4.999919419615975,0.28524056387500535,3.5003349388205294,4.739778160117479,0.21113557406102812,0.18959112640469916
0.019524321351119374,9.0,70.0,4.999919419615975,0.2852405638835698,3.500334938820531,4.73977816011748,0.21113557406103012,0.18959112640469922
0.019553618226119375,9.0,70.0,4.999919419615975,0.28524056387518937,3.5003349388205294,4.739778160117479,0.21113557406102812,0.18959112640469916
0.019582915101119376,9.0,70.0,4.999919419615975,0.28524056388338975,3.500334938820531,4.73977816011748,0.21113557406103012,0.18959112640469922
0.019612211976119377,9.0,70.0,4.999919419615975,0.28524056387536545,3.5003349388205294,4.739778160117479,0.21113557406102812,0.18959112640469916
0.01964150885111938,9.0,70.0,4.999919419615975,0.28524056388321745,3.500334938820531,4.73977816011748,0.21113557406103012,0.18959112640469922
0.01967080572611938,9.0,70.0,4.999919419615975,0.28524056387553404,3.5003349388205294,4.739778160117479,0.21113557406102812,0.18959112640469916
0.01970010260111938,9.0,70.0,4.999919419615975,0.28524056388305236,3.500334938820531,4.73977816011748,0.21113557406103012,0.18959112640469922
0.01972939947611938,9.0,70.0,4.999919419615975,0.2852405638756956,3.5003349388205294,4.739778160117479,0.21113557406102812,0.18959112640469916
0.019758696351119383,9.0,70.0,4.999919419615975,0.28524056388289437,3.500334938820531,4.73977816011748,0.21113557406103012,0.18959112640469922
0.019787993226119384,9.0,70.0,4.999919419615975,0.2852405638758502,3.5003349388205294,4.739778160117479,0.21113557406102812,0.18959112640469916
0.019817290101119385,9.0,70.0,4.999919419615975,0.2852405638827431,3.500334938820531,4.73977816011748,0.21113557406103012,0.18959112640469922
0.019846586976119386,9.0,70.0,4.999919419615975,0.2852405638759982,3.5003349388205294,4.739778160117479,0.21113557406102812,0.18959112640469916
0.019875883851119387,9.0,70.0,4.999919419615975,0.2852405638825982,3.500334938820531,4.73977816011748,0.21113557406103012,0.18959112640469922
0.01990518072611939,9.0,70.0,4.999919419615975,0.2852405638761401,3.50033493882053,4.739778160117479,0.21113557406102812,0.18959112640469916
0.01993447760111939,9.0,70.0,4.999919419615975,0.2852405638824594,3.500334938820531,4.7397781601174795,0.21113557406103012,0.18959112640469922
0.01996377447611939,9.0,70.0,4.999919419615975,0.2852405638762759,3.50033493882053,4.739778160117479,0.21113557406102812,0.18959112640469916
0.01999307135111939,9.0,70.0,4.999919419615975,0.2852405638823266,3.500334938820531,4.7397781601174795,0.21113557406103012,0.18959112640469922
0.020022368226119393,9.0,70.0,4.999919419615975,0.28524056387640584,3.50033493882053,4.739778160117479,0.21113557406102812,0.18959112640469916
0.020051665101119394,9.0,70.0,4.999919419615975,0.28524056388219937,3.5003349388205307,4.7397781601174795,0.21113557406103012,0.18959112640469922
0.020080961976119395,9.0,70.0,4.999919419615975,0.2852405638765303,3.50033493882053,4.7397781601174795,0.21113557406102812,0.18959112640469916
0.020110258851119396,9.0,70.0,4.999919419615975,0.28524056388207764,3.5003349388205307,4.7397781601174795,0.21113557406102967,0.18959112640469922
0.020139555726119397,9.0,70.0,4.999919419615975,0.2852405638766495,3.50033493882053,4.7397781601174795,0.21113557406102879,0.18959112640469916
0.0201688526011194,9.0,70.0,4.999919419615975,0.285240563881961,3.5003349388205307,4.7397781601174795,0.21113557406102967,0.18959112640469922
0.0201981494761194,9.0,70.0,4.999919419615975,0.2852405638767636,3.50033493882053,4.7397781601174795,0.21113557406102879,0.18959112640469916
0.0202274463511194,9.0,70.0,4.999919419615975,0.2852405638818493,3.5003349388205307,4.7397781601174795,0.21113557406102967,0.18959112640469922
0.0202567432261194,9.0,70.0,4.999919419615975,0.28524056387687285,3.50033493882053,4.7397781601174795,0.21113557406102879,0.18959112640469916
0.020286040101119403,9.0,70.0,4.999919419615975,0.28524056388174235,3.5003349388205307,4.7397781601174795,0.21113557406102967,0.18959112640469922
0.020315336976119404,9.0,70.0,4.999919419615975,0.28524056387697744,3.50033493882053,4.7397781601174795,0.21113557406102879,0.18959112640469916
0.020344633851119405,9.0,70.0,4.999919419615975,0.28524056388164004,3.5003349388205307,4.7397781601174795,0.21113557406102967,0.18959112640469922
0.020373930726119406,9.0,70.0,4.999919419615975,0.2852405638770776,3.50033493882053,4.7397781601174795,0.21113557406102879,0.18959112640469916
0.020403227601119407,9.0,70.0,4.999919419615975,0.28524056388154206,3.5003349388205307,4.7397781601174795,0.21113557406102967,0.18959112640469922
0.02043252447611941,9.0,70.0,4.999919419615975,0.28524056387717356,3.50033493882053,4.7397781601174795,0.21113557406102879,0.18959112640469916
0.02046182135111941,9.0,70.0,4.999919419615975,0.2852405638814481,3.5003349388205307,4.7397781601174795,0.21113557406102967,0.18959112640469922
0.02049111822611941,9.0,70.0,4.999919419615975,0.2852405638772653,3.50033493882053,4.7397781601174795,0.21113557406102879,0.18959112640469916
0.02052041510111941,9.0,70.0,4.999919419615975,0.2852405638813583,3.5003349388205307,4.7397781601174795,0.21113557406102967,0.18959112640469922
0.020549711976119413,9.0,70.0,4.999919419615975,0.28524056387735336,3.5003349388205303,4.7397781601174795,0.21113557406102923,0.1895911264046992
0.020579008851119414,9.0,70.0,4.999919419615975,0.2852405638812722,3.5003349388205307,4.7397781601174795,0.21113557406102967,0.18959112640469922
0.020608305726119415,9.0,70.0,4.999919419615975,0.28524056387743746,3.5003349388205303,4.7397781601174795,0.21113557406102923,0.1895911264046992
0.020637602601119416,9.0,70.0,4.999919419615975,0.28524056388118985,3.5003349388205307,4.7397781601174795,0.21113557406102967,0.18959112640469922
0.020666899476119417,9.0,70.0,4.999919419615975,0.28524056387751806,3.5003349388205303,4.7397781601174795,0.21113557406102923,0.1895911264046992
0.02069619635111942,9.0,70.0,4.999919419615975,0.2852405638811111,3.5003349388205307,4.7397781601174795,0.21113557406102967,0.18959112640469922
0.02072549322611942,9.0,70.0,4.999919419615975,0.2852405638775952,3.5003349388205303,4.7397781601174795,0.21113557406102923,0.1895911264046992
0.02075479010111942,9.0,70.0,4.999919419615975,0.28524056388103564,3.5003349388205307,4.7397781601174795,0.21113557406102967,0.18959112640469922
0.02078408697611942,9.0,70.0,4.999919419615975,0.28524056387766905,3.5003349388205303,4.7397781601174795,0.21113557406102923,0.1895911264046992
0.020813383851119423,9.0,70.0,4.999919419615975,0.2852405638809633,3.5003349388205303,4.7397781601174795,0.21113557406102923,0.1895911264046992
0.020842680726119424,9.0,70.0,4.999919419615975,0.28524056387773983,3.5003349388205303,4.7397781601174795,0.21113557406102923,0.1895911264046992
0.020871977601119425,9.0,70.0,4.999919419615975,0.2852405638808941,3.5003349388205303,4.7397781601174795,0.21113557406102923,0.1895911264046992
0.020901274476119426,9.0,70.0,4.999919419615975,0.28524056387780755,3.5003349388205303,4.7397781601174795,0.21113557406102923,0.1895911264046992
0.020930571351119427,9.0,70.0,4.999919419615975,0.28524056388082775,3.5003349388205303,4.7397781601174795,0.21113557406102923,0.1895911264046992
0.02095986822611943,9.0,70.0,4.999919419615975,0.2852405638778724,3.5003349388205303,4.7397781601174795,0.21113557406102923,0.1895911264046992
0.02098916510111943,9.0,70.0,4.999919419615975,0.2852405638807644,3.5003349388205303,4.7397781601174795,0.21113557406102923,0.1895911264046992
0.02101846197611943,9.0,70.0,4.999919419615975,0.28524056387793434,3.5003349388205303,4.7397781601174795,0.21113557406102923,0.1895911264046992
0.02104775885111943,9.0,70.0,4.999919419615975,0.2852405638807038,3.5003349388205303,4.7397781601174795,0.21113557406102923,0.1895911264046992
0.021077055726119433,9.0,70.0,4.999919419615975,0.2852405638779938,3.5003349388205303,4.7397781601174795,0.21113557406102923,0.1895911264046992
0.021106352601119434,9.0,70.0,4.999919419615975,0.28524056388064556,3.5003349388205303,4.7397781601174795,0.21113557406102923,0.1895911264046992
0.021135649476119435,9.0,70.0,4.999919419615975,0.2852405638780508,3.5003349388205303,4.7397781601174795,0.21113557406102923,0.1895911264046992
0.021164946351119436,9.0,70.0,4.999919419615975,0.2852405638805897,3.5003349388205303,4.7397781601174795,0.21113557406102923,0.1895911264046992
0.021194243226119437,9.0,70.0,4.999919419615975,0.28524056387810537,3.5003349388205303,4.7397781601174795,0.21113557406102923,0.1895911264046992
0.02122354010111944,9.0,70.0,4.999919419615975,0.2852405638805364,3.5003349388205303,4.7397781601174795,0.21113557406102923,0.1895911264046992
0.02125283697611944,9.0,70.0,4.999919419615975,0.28524056387815755,3.5003349388205303,4.7397781601174795,0.21113557406102923,0.1895911264046992
0.02128213385111944,9.0,70.0,4.999919419615975,0.28524056388048535,3.5003349388205303,4.7397781601174795,0.21113557406102923,0.1895911264046992
0.02131143072611944,9.0,70.0,4.999919419615975,0.28524056387820756,3.5003349388205303,4.7397781601174795,0.21113557406102923,0.1895911264046992
0.021340727601119443,9.0,70.0,4.999919419615975,0.28524056388043634,3.5003349388205303,4.7397781601174795,0.21113557406102923,0.1895911264046992
0.021370024476119444,9.0,70.0,4.999919419615975,0.2852405638782554,3.5003349388205303,4.7397781601174795,0.21113557406102923,0.1895911264046992
0.021399321351119445,9.0,70.0,4.999919419615975,0.28524056388038954,3.5003349388205303,4.7397781601174795,0.21113557406102923,0.1895911264046992
0.021428618226119446,9.0,70.0,4.999919419615975,0.28524056387830127,3.5003349388205303,4.7397781601174795,0.21113557406102923,0.1895911264046992
0.021457915101119447,9.0,70.0,4.999919419615975,0.2852405638803447,3.5003349388205303,4.7397781601174795,0.21113557406102923,0.1895911264046992
0.02148721197611945,9.0,70.0,4.999919419615975,0.28524056387834507,3.5003349388205303,4.7397781601174795,0.21113557406102923,0.1895911264046992
0.02151650885111945,9.0,70.0,4.999919419615975,0.2852405638803019,3.5003349388205303,4.7397781601174795,0.21113557406102923,0.1895911264046992
0.02154580572611945,9.0,70.0,4.999919419615975,0.28524056387838703,3.5003349388205303,4.7397781601174795,0.21113557406102923,0.1895911264046992
0.02157510260111945,9.0,70.0,4.999919419615975,0.28524056388026076,3.5003349388205303,4.7397781601174795,0.21113557406102923,0.1895911264046992
0.021604399476119453,9.0,70.0,4.999919419615975,0.2852405638784273,3.5003349388205303,4.7397781601174795,0.21113557406102923,0.1895911264046992
0.021633696351119454,9.0,70.0,4.999919419615975,0.2852405638802214,3.5003349388205303,4.7397781601174795,0.21113557406102923,0.1895911264046992
0.021662993226119455,9.0,70.0,4.999919419615975,0.28524056387846575,3.5003349388205303,4.7397781601174795,0.21113557406102923,0.1895911264046992
0.021692290101119456,9.0,70.0,4.999919419615975,0.28524056388018376,3.5003349388205303,4.7397781601174795,0.21113557406102923,0.1895911264046992
0.021721586976119457,9.0,70.0,4.999919419615975,0.28524056387850266,3.5003349388205303,4.7397781601174795,0.21113557406102923,0.1895911264046992
0.02175088385111946,9.0,70.0,4.999919419615975,0.2852405638801477,3.5003349388205303,4.7397781601174795,0.21113557406102923,0.1895911264046992
0.02178018072611946,9.0,70.0,4.999919419615975,0.2852405638785379,3.5003349388205303,4.7397781601174795,0.21113557406102923,0.1895911264046992
0.02180947760111946,9.0,70.0,4.999919419615975,0.2852405638801131,3.5003349388205303,4.7397781601174795,0.21113557406102923,0.1895911264046992
0.02183877447611946,9.0,70.0,4.999919419615975,0.28524056387857183,3.5003349388205303,4.7397781601174795,0.21113557406102923,0.1895911264046992
0.021868071351119463,9.0,70.0,4.999919419615975,0.2852405638800799,3.5003349388205303,4.7397781601174795,0.21113557406102923,0.1895911264046992
0.021897368226119464,9.0,70.0,4.999919419615975,0.2852405638786043,3.5003349388205303,4.7397781601174795,0.21113557406102923,0.1895911264046992
0.021926665101119465,9.0,70.0,4.999919419615975,0.2852405638800482,3.5003349388205303,4.7397781601174795,0.21113557406102923,0.1895911264046992
0.021955961976119466,9.0,70.0,4.999919419615975,0.2852405638786353,3.5003349388205303,4.7397781601174795,0.21113557406102923,0.1895911264046992
0.021985258851119467,9.0,70.0,4.999919419615975,0.28524056388001784,3.5003349388205303,4.7397781601174795,0.21113557406102923,0.1895911264046992
0.022014555726119468,9.0,70.0,4.999919419615975,0.285240563878665,3.5003349388205303,4.7397781601174795,0.21113557406102923,0.1895911264046992
0.02204385260111947,9.0,70.0,4.999919419615975,0.2852405638799888,3.5003349388205303,4.7397781601174795,0.21113557406102923,0.1895911264046992
0.02207314947611947,9.0,70.0,4.999919419615975,0.2852405638786934,3.5003349388205303,4.7397781601174795,0.21113557406102923,0.1895911264046992
0.02210244635111947,9.0,70.0,4.999919419615975,0.28524056387996083,3.5003349388205303,4.7397781601174795,0.21113557406102923,0.1895911264046992
0.022131743226119473,9.0,70.0,4.999919419615975,0.2852405638787207,3.5003349388205303,4.7397781601174795,0.21113557406102923,0.1895911264046992
0.022161040101119474,9.0,70.0,4.999919419615975,0.2852405638799342,3.5003349388205303,4.7397781601174795,0.21113557406102923,0.1895911264046992
0.022190336976119475,9.0,70.0,4.999919419615975,0.2852405638787469,3.5003349388205303,4.7397781601174795,0.21113557406102923,0.1895911264046992
0.022219633851119476,9.0,70.0,4.999919419615975,0.2852405638799086,3.5003349388205303,4.7397781601174795,0.21113557406102923,0.1895911264046992
0.022248930726119477,9.0,70.0,4.999919419615975,0.2852405638787718,3.5003349388205303,4.7397781601174795,0.21113557406102923,0.1895911264046992
0.022278227601119478,9.0,70.0,4.999919419615975,0.28524056387988433,3.5003349388205303,4.7397781601174795,0.21113557406102923,0.1895911264046992
0.02230752447611948,9.0,70.0,4.999919419615975,0.28524056387879554,3.5003349388205303,4.7397781601174795,0.21113557406102923,0.1895911264046992
0.02233682135111948,9.0,70.0,4.999919419615975,0.285240563879861,3.5003349388205303,4.7397781601174795,0.21113557406102923,0.1895911264046992
0.02236611822611948,9.0,70.0,4.999919419615975,0.28524056387881846,3.5003349388205303,4.7397781601174795,0.21113557406102923,0.1895911264046992
0.022395415101119483,9.0,70.0,4.999919419615975,0.28524056387983854,3.5003349388205303,4.7397781601174795,0.21113557406102923,0.1895911264046992
0.022424711976119484,9.0,70.0,4.999919419615975,0.28524056387884034,3.5003349388205303,4.7397781601174795,0.21113557406102923,0.1895911264046992
0.022454008851119485,9.0,70.0,4.999919419615975,0.28524056387981717,3.5003349388205303,4.7397781601174795,0.21113557406102923,0.1895911264046992
0.022483305726119486,9.0,70.0,4.999919419615975,0.2852405638788614,3.5003349388205303,4.7397781601174795,0.21113557406102923,0.1895911264046992
0.022512602601119487,9.0,70.0,4.999919419615975,0.28524056387979657,3.5003349388205303,4.7397781601174795,0.21113557406102923,0.1895911264046992
0.022541899476119488,9.0,70.0,4.999919419615975,0.2852405638788815,3.5003349388205303,4.7397781601174795,0.21113557406102923,0.1895911264046992
0.02257119635111949,9.0,70.0,4.999919419615975,0.2852405638797768,3.5003349388205303,4.7397781601174795,0.21113557406102923,0.1895911264046992
0.02260049322611949,9.0,70.0,4.999919419615975,0.2852405638789009,3.5003349388205303,4.7397781601174795,0.21113557406102923,0.1895911264046992
0.02262979010111949,9.0,70.0,4.999919419615975,0.2852405638797579,3.5003349388205303,4.7397781601174795,0.21113557406102923,0.1895911264046992
0.022659086976119493,9.0,70.0,4.999919419615975,0.28524056387891933,3.5003349388205303,4.7397781601174795,0.21113557406102923,0.1895911264046992
0.022688383851119494,9.0,70.0,4.999919419615975,0.28524056387973995,3.5003349388205303,4.7397781601174795,0.21113557406102923,0.1895911264046992
0.022717680726119495,9.0,70.0,4.999919419615975,0.285240563878937,3.5003349388205303,4.7397781601174795,0.21113557406102923,0.1895911264046992
0.022746977601119496,9.0,70.0,4.999919419615975,0.2852405638797227,3.5003349388205303,4.7397781601174795,0.21113557406102923,0.1895911264046992
0.022776274476119497,9.0,70.0,4.999919419615975,0.28524056387895375,3.5003349388205303,4.7397781601174795,0.21113557406102923,0.1895911264046992
0.022805571351119498,9.0,70.0,4.999919419615975,0.2852405638797062,3.5003349388205303,4.7397781601174795,0.21113557406102923,0.1895911264046992
0.0228348682261195,9.0,70.0,4.999919419615975,0.28524056387896995,3.5003349388205303,4.7397781601174795,0.21113557406102923,0.1895911264046992
0.0228641651011195,9.0,70.0,4.999919419615975,0.28524056387969027,3.5003349388205303,4.7397781601174795,0.21113557406102923,0.1895911264046992
0.0228934619761195,9.0,70.0,4.999919419615975,0.2852405638789855,3.5003349388205303,4.7397781601174795,0.21113557406102923,0.1895911264046992
0.022922758851119503,9.0,70.0,4.999919419615975,0.28524056387967517,3.5003349388205303,4.7397781601174795,0.21113557406102923,0.1895911264046992
0.022952055726119504,9.0,70.0,4.999919419615975,0.2852405638790004,3.5003349388205303,4.7397781601174795,0.21113557406102923,0.1895911264046992
0.022981352601119505,9.0,70.0,4.999919419615975,0.2852405638796606,3.5003349388205303,4.7397781601174795,0.21113557406102923,0.1895911264046992
0.023010649476119506,9.0,70.0,4.999919419615975,0.28524056387901453,3.5003349388205303,4.7397781601174795,0.21113557406102923,0.1895911264046992
0.023039946351119507,9.0,70.0,4.999919419615975,0.2852405638796468,3.5003349388205303,4.7397781601174795,0.21113557406102923,0.1895911264046992
0.023069243226119508,9.0,70.0,4.999919419615975,0.2852405638790281,3.5003349388205303,4.7397781601174795,0.21113557406102923,0.1895911264046992
0.02309854010111951,9.0,70.0,4.999919419615975,0.28524056387963354,3.5003349388205303,4.7397781601174795,0.21113557406102923,0.1895911264046992
0.02312783697611951,9.0,70.0,4.999919419615975,0.2852405638790411,3.5003349388205303,4.7397781601174795,0.21113557406102923,0.1895911264046992
0.02315713385111951,9.0,70.0,4.999919419615975,0.28524056387962077,3.5003349388205303,4.7397781601174795,0.21113557406102923,0.1895911264046992
0.023186430726119513,9.0,70.0,4.999919419615975,0.2852405638790535,3.5003349388205303,4.7397781601174795,0.21113557406102923,0.1895911264046992
0.023215727601119514,9.0,70.0,4.999919419615975,0.28524056387960856,3.5003349388205303,4.7397781601174795,0.21113557406102923,0.1895911264046992
0.023245024476119515,9.0,70.0,4.999919419615975,0.28524056387906555,3.5003349388205303,4.7397781601174795,0.21113557406102923,0.1895911264046992
0.023274321351119516,9.0,70.0,4.999919419615975,0.2852405638795968,3.5003349388205303,4.7397781601174795,0.21113557406102923,0.1895911264046992
0.023303618226119517,9.0,70.0,4.999919419615975,0.285240563879077,3.5003349388205303,4.7397781601174795,0.21113557406102923,0.1895911264046992
0.023332915101119518,9.0,70.0,4.999919419615975,0.2852405638795857,3.5003349388205303,4.7397781601174795,0.21113557406102923,0.1895911264046992
0.02336221197611952,9.0,70.0,4.999919419615975,0.28524056387908786,3.5003349388205303,4.7397781601174795,0.21113557406102923,0.1895911264046992
0.02339150885111952,9.0,70.0,4.999919419615975,0.2852405638795751,3.5003349388205303,4.7397781601174795,0.21113557406102923,0.1895911264046992
0.02342080572611952,9.0,70.0,4.999919419615975,0.28524056387909824,3.5003349388205303,4.7397781601174795,0.21113557406102923,0.1895911264046992
0.023450102601119523,9.0,70.0,4.999919419615975,0.28524056387956487,3.5003349388205303,4.7397781601174795,0.21113557406102923,0.1895911264046992
0.023479399476119524,9.0,70.0,4.999919419615975,0.28524056387910823,3.5003349388205303,4.7397781601174795,0.21113557406102923,0.1895911264046992
0.023508696351119525,9.0,70.0,4.999919419615975,0.2852405638795551,3.5003349388205303,4.7397781601174795,0.21113557406102923,0.1895911264046992
0.023537993226119526,9.0,70.0,4.999919419615975,0.2852405638791178,3.5003349388205303,4.7397781601174795,0.21113557406102923,0.1895911264046992
0.023567290101119527,9.0,70.0,4.999919419615975,0.2852405638795457,3.5003349388205303,4.7397781601174795,0.21113557406102923,0.1895911264046992
0.023596586976119528,9.0,70.0,4.999919419615975,0.285240563879127,3.5003349388205303,4.7397781601174795,0.21113557406102923,0.1895911264046992
0.02362588385111953,9.0,70.0,4.999919419615975,0.2852405638795368,3.5003349388205303,4.7397781601174795,0.21113557406102923,0.1895911264046992
0.02365518072611953,9.0,70.0,4.999919419615975,0.2852405638791357,3.5003349388205303,4.7397781601174795,0.21113557406102923,0.1895911264046992
0.02368447760111953,9.0,70.0,4.999919419615975,0.28524056387952823,3.5003349388205303,4.7397781601174795,0.21113557406102923,0.1895911264046992
0.023713774476119533,9.0,70.0,4.999919419615975,0.28524056387914404,3.5003349388205303,4.7397781601174795,0.21113557406102923,0.1895911264046992
0.023743071351119534,9.0,70.0,4.999919419615975,0.28524056387951996,3.5003349388205303,4.7397781601174795,0.21113557406102923,0.1895911264046992
0.023772368226119535,9.0,70.0,4.999919419615975,0.2852405638791522,3.5003349388205303,4.7397781601174795,0.21113557406102923,0.1895911264046992
0.023801665101119536,9.0,70.0,4.999919419615975,0.2852405638795121,3.5003349388205303,4.7397781601174795,0.21113557406102923,0.1895911264046992
0.023830961976119537,9.0,70.0,4.999919419615975,0.28524056387915975,3.5003349388205303,4.7397781601174795,0.21113557406102923,0.1895911264046992
0.023860258851119538,9.0,70.0,4.999919419615975,0.28524056387950464,3.5003349388205303,4.7397781601174795,0.21113557406102923,0.1895911264046992
0.02388955572611954,9.0,70.0,4.999919419615975,0.28524056387916724,3.5003349388205303,4.7397781601174795,0.21113557406102923,0.1895911264046992
0.02391885260111954,9.0,70.0,4.999919419615975,0.28524056387949726,3.5003349388205303,4.7397781601174795,0.21113557406102923,0.1895911264046992
0.02394814947611954,9.0,70.0,4.999919419615975,0.28524056387917435,3.5003349388205303,4.7397781601174795,0.21113557406102923,0.1895911264046992
0.023977446351119543,9.0,70.0,4.999919419615975,0.2852405638794903,3.5003349388205303,4.7397781601174795,0.21113557406102923,0.1895911264046992
0.024006743226119544,9.0,70.0,4.999919419615975,0.2852405638791812,3.5003349388205303,4.7397781601174795,0.21113557406102923,0.1895911264046992
0.024036040101119545,9.0,70.0,4.999919419615975,0.2852405638794837,3.5003349388205303,4.7397781601174795,0.21113557406102923,0.1895911264046992
0.024065336976119546,9.0,70.0,4.999919419615975,0.2852405638791876,3.5003349388205303,4.7397781601174795,0.21113557406102923,0.1895911264046992
0.024094633851119547,9.0,70.0,4.999919419615975,0.2852405638794773,3.5003349388205303,4.7397781601174795,0.21113557406102923,0.1895911264046992
0.024123930726119548,9.0,70.0,4.999919419615975,0.2852405638791939,3.5003349388205303,4.7397781601174795,0.21113557406102923,0.1895911264046992
0.02415322760111955,9.0,70.0,4.999919419615975,0.2852405638794712,3.5003349388205303,4.7397781601174795,0.21113557406102923,0.1895911264046992
0.02418252447611955,9.0,70.0,4.999919419615975,0.28524056387919994,3.5003349388205303,4.7397781601174795,0.21113557406102923,0.1895911264046992
0.02421182135111955,9.0,70.0,4.999919419615975,0.2852405638794653,3.5003349388205303,4.7397781601174795,0.21113557406102923,0.1895911264046992
0.024241118226119553,9.0,70.0,4.999919419615975,0.28524056387920566,3.5003349388205303,4.7397781601174795,0.21113557406102923,0.1895911264046992
0.024270415101119554,9.0,70.0,4.999919419615975,0.2852405638794598,3.5003349388205303,4.7397781601174795,0.21113557406102923,0.1895911264046992
0.024299711976119555,9.0,70.0,4.999919419615975,0.2852405638792111,3.5003349388205303,4.7397781601174795,0.21113557406102923,0.1895911264046992
0.024329008851119556,9.0,70.0,4.999919419615975,0.28524056387945446,3.5003349388205303,4.7397781601174795,0.21113557406102923,0.1895911264046992
0.024358305726119557,9.0,70.0,4.999919419615975,0.2852405638792162,3.5003349388205303,4.7397781601174795,0.21113557406102923,0.1895911264046992
0.024387602601119558,9.0,70.0,4.999919419615975,0.28524056387944935,3.5003349388205303,4.7397781601174795,0.21113557406102923,0.1895911264046992
0.02441689947611956,9.0,70.0,4.999919419615975,0.28524056387922125,3.5003349388205303,4.7397781601174795,0.21113557406102923,0.1895911264046992
0.02444619635111956,9.0,70.0,4.999919419615975,0.2852405638794445,3.5003349388205303,4.7397781601174795,0.21113557406102923,0.1895911264046992
0.02447549322611956,9.0,70.0,4.999919419615975,0.285240563879226,3.5003349388205303,4.7397781601174795,0.21113557406102923,0.1895911264046992
0.024504790101119563,9.0,70.0,4.999919419615975,0.28524056387943986,3.5003349388205303,4.7397781601174795,0.21113557406102923,0.1895911264046992
0.024534086976119564,9.0,70.0,4.999919419615975,0.2852405638792305,3.5003349388205303,4.7397781601174795,0.21113557406102923,0.1895911264046992
0.024563383851119565,9.0,70.0,4.999919419615975,0.28524056387943547,3.5003349388205303,4.7397781601174795,0.21113557406102923,0.1895911264046992
0.024592680726119566,9.0,70.0,4.999919419615975,0.2852405638792348,3.5003349388205303,4.7397781601174795,0.21113557406102923,0.1895911264046992
0.024621977601119567,9.0,70.0,4.999919419615975,0.2852405638794312,3.5003349388205303,4.7397781601174795,0.21113557406102923,0.1895911264046992
0.024651274476119568,9.0,70.0,4.999919419615975,0.28524056387923896,3.5003349388205303,4.7397781601174795,0.21113557406102923,0.1895911264046992
0.02468057135111957,9.0,70.0,4.999919419615975,0.2852405638794271,3.5003349388205303,4.7397781601174795,0.21113557406102923,0.1895911264046992
0.02470986822611957,9.0,70.0,4.999919419615975,0.28524056387924296,3.5003349388205303,4.7397781601174795,0.21113557406102923,0.1895911264046992
0.02473916510111957,9.0,70.0,4.999919419615975,0.28524056387942326,3.5003349388205303,4.7397781601174795,0.21113557406102923,0.1895911264046992
0.024768461976119573,9.0,70.0,4.999919419615975,0.2852405638792468,3.5003349388205303,4.7397781601174795,0.21113557406102923,0.1895911264046992
0.024797758851119574,9.0,70.0,4.999919419615975,0.2852405638794195,3.5003349388205303,4.7397781601174795,0.21113557406102923,0.1895911264046992
0.024827055726119575,9.0,70.0,4.999919419615975,0.2852405638792505,3.5003349388205303,4.7397781601174795,0.21113557406102923,0.1895911264046992
0.024856352601119576,9.0,70.0,4.999919419615975,0.2852405638794157,3.5003349388205303,4.7397781601174795,0.21113557406102923,0.1895911264046992
0.024885649476119577,9.0,70.0,4.999919419615975,0.2852405638792542,3.5003349388205303,4.7397781601174795,0.21113557406102923,0.1895911264046992
0.024914946351119578,9.0,70.0,4.999919419615975,0.28524056387941216,3.5003349388205303,4.7397781601174795,0.21113557406102923,0.1895911264046992
0.02494424322611958,9.0,70.0,4.999919419615975,0.2852405638792577,3.5003349388205303,4.7397781601174795,0.21113557406102923,0.1895911264046992
0.02497354010111958,9.0,70.0,4.999919419615975,0.28524056387940877,3.5003349388205303,4.7397781601174795,0.21113557406102923,0.1895911264046992
0.02500283697611958,9.0,70.0,4.999919419615975,0.285240563879261,3.5003349388205303,4.7397781601174795,0.21113557406102923,0.1895911264046992
0.025032133851119583,9.0,70.0,4.999919419615975,0.2852405638794056,3.5003349388205303,4.7397781601174795,0.21113557406102923,0.1895911264046992
0.025061430726119584,9.0,70.0,4.999919419615975,0.28524056387926405,3.5003349388205303,4.7397781601174795,0.21113557406102923,0.1895911264046992
0.025090727601119585,9.0,70.0,4.999919419615975,0.28524056387940255,3.5003349388205303,4.7397781601174795,0.21113557406102923,0.1895911264046992
0.025120024476119586,9.0,70.0,4.999919419615975,0.2852405638792671,3.5003349388205303,4.7397781601174795,0.21113557406102923,0.1895911264046992
0.025149321351119587,9.0,70.0,4.999919419615975,0.28524056387939956,3.5003349388205303,4.7397781601174795,0.21113557406102923,0.1895911264046992
0.025178618226119588,9.0,70.0,4.999919419615975,0.28524056387926994,3.5003349388205303,4.7397781601174795,0.21113557406102923,0.1895911264046992
0.02520791510111959,9.0,70.0,4.999919419615975,0.2852405638793968,3.5003349388205303,4.7397781601174795,0.21113557406102923,0.1895911264046992
0.02523721197611959,9.0,70.0,4.999919419615975,0.2852405638792726,3.5003349388205303,4.7397781601174795,0.21113557406102923,0.1895911264046992
0.02526650885111959,9.0,70.0,4.999919419615975,0.28524056387939417,3.5003349388205303,4.7397781601174795,0.21113557406102923,0.1895911264046992
0.025295805726119593,9.0,70.0,4.999919419615975,0.2852405638792752,3.5003349388205303,4.7397781601174795,0.21113557406102923,0.1895911264046992
0.025325102601119594,9.0,70.0,4.999919419615975,0.2852405638793917,3.5003349388205303,4.7397781601174795,0.21113557406102923,0.1895911264046992
0.025354399476119595,9.0,70.0,4.999919419615975,0.2852405638792777,3.5003349388205303,4.7397781601174795,0.21113557406102923,0.1895911264046992
0.025383696351119596,9.0,70.0,4.999919419615975,0.28524056387938923,3.5003349388205303,4.7397781601174795,0.21113557406102923,0.1895911264046992
0.025412993226119597,9.0,70.0,4.999919419615975,0.28524056387928015,3.5003349388205303,4.7397781601174795,0.21113557406102923,0.1895911264046992
0.025442290101119598,9.0,70.0,4.999919419615975,0.28524056387938684,3.5003349388205303,4.7397781601174795,0.21113557406102923,0.1895911264046992
0.0254715869761196,9.0,70.0,4.999919419615975,0.2852405638792825,3.5003349388205303,4.7397781601174795,0.21113557406102923,0.1895911264046992
0.0255008838511196,9.0,70.0,4.999919419615975,0.28524056387938457,3.5003349388205303,4.7397781601174795,0.21113557406102923,0.1895911264046992
0.0255301807261196,9.0,70.0,4.999919419615975,0.2852405638792847,3.5003349388205303,4.7397781601174795,0.21113557406102923,0.1895911264046992
0.025559477601119603,9.0,70.0,4.999919419615975,0.2852405638793824,3.5003349388205303,4.7397781601174795,0.21113557406102923,0.1895911264046992
0.025588774476119604,9.0,70.0,4.999919419615975,0.2852405638792868,3.5003349388205303,4.7397781601174795,0.21113557406102923,0.1895911264046992
0.025618071351119605,9.0,70.0,4.999919419615975,0.28524056387938024,3.5003349388205303,4.7397781601174795,0.21113557406102923,0.1895911264046992
0.025647368226119606,9.0,70.0,4.999919419615975,0.28524056387928887,3.5003349388205303,4.7397781601174795,0.21113557406102923,0.1895911264046992
0.025676665101119607,9.0,70.0,4.999919419615975,0.28524056387937824,3.5003349388205303,4.7397781601174795,0.21113557406102923,0.1895911264046992
0.025705961976119608,9.0,70.0,4.999919419615975,0.28524056387929086,3.5003349388205303,4.7397781601174795,0.21113557406102923,0.1895911264046992
0.02573525885111961,9.0,70.0,4.999919419615975,0.28524056387937624,3.5003349388205303,4.7397781601174795,0.21113557406102923,0.1895911264046992
0.02576455572611961,9.0,70.0,4.999919419615975,0.2852405638792928,3.5003349388205303,4.7397781601174795,0.21113557406102923,0.1895911264046992
0.02579385260111961,9.0,70.0,4.999919419615975,0.2852405638793745,3.5003349388205303,4.7397781601174795,0.21113557406102923,0.1895911264046992
0.025823149476119613,9.0,70.0,4.999919419615975,0.2852405638792945,3.5003349388205303,4.7397781601174795,0.21113557406102923,0.1895911264046992
0.025852446351119614,9.0,70.0,4.999919419615975,0.28524056387937285,3.5003349388205303,4.7397781601174795,0.21113557406102923,0.1895911264046992
0.025881743226119615,9.0,70.0,4.999919419615975,0.2852405638792961,3.5003349388205303,4.7397781601174795,0.21113557406102923,0.1895911264046992
0.025911040101119616,9.0,70.0,4.999919419615975,0.2852405638793713,3.5003349388205303,4.7397781601174795,0.21113557406102923,0.1895911264046992
0.025940336976119617,9.0,70.0,4.999919419615975,0.2852405638792976,3.5003349388205303,4.7397781601174795,0.21113557406102923,0.1895911264046992
0.025969633851119618,9.0,70.0,4.999919419615975,0.2852405638793697,3.5003349388205303,4.7397781601174795,0.21113557406102923,0.1895911264046992
0.02599893072611962,9.0,70.0,4.999919419615975,0.2852405638792992,3.5003349388205303,4.7397781601174795,0.21113557406102923,0.1895911264046992
0.02602822760111962,9.0,70.0,4.999919419615975,0.2852405638793682,3.5003349388205303,4.7397781601174795,0.21113557406102923,0.1895911264046992
0.02605752447611962,9.0,70.0,4.999919419615975,0.2852405638793007,3.5003349388205303,4.7397781601174795,0.21113557406102923,0.1895911264046992
0.026086821351119623,9.0,70.0,4.999919419615975,0.2852405638793667,3.5003349388205303,4.7397781601174795,0.21113557406102923,0.1895911264046992
0.026116118226119624,9.0,70.0,4.999919419615975,0.28524056387930213,3.5003349388205303,4.7397781601174795,0.21113557406102923,0.1895911264046992
0.026145415101119625,9.0,70.0,4.999919419615975,0.28524056387936525,3.5003349388205303,4.7397781601174795,0.21113557406102923,0.1895911264046992
0.026174711976119626,9.0,70.0,4.999919419615975,0.2852405638793036,3.5003349388205303,4.7397781601174795,0.21113557406102923,0.1895911264046992
0.026204008851119627,9.0,70.0,4.999919419615975,0.28524056387936386,3.5003349388205303,4.7397781601174795,0.21113557406102923,0.1895911264046992
0.026233305726119628,9.0,70.0,4.999919419615975,0.2852405638793049,3.5003349388205303,4.7397781601174795,0.21113557406102923,0.1895911264046992
0.02626260260111963,9.0,70.0,4.999919419615975,0.28524056387936253,3.5003349388205303,4.7397781601174795,0.21113557406102923,0.1895911264046992
0.02629189947611963,9.0,70.0,4.999919419615975,0.28524056387930624,3.5003349388205303,4.7397781601174795,0.21113557406102923,0.1895911264046992
0.02632119635111963,9.0,70.0,4.999919419615975,0.28524056387936125,3.5003349388205303,4.7397781601174795,0.21113557406102923,0.1895911264046992
0.026350493226119633,9.0,70.0,4.999919419615975,0.28524056387930746,3.5003349388205303,4.7397781601174795,0.21113557406102923,0.1895911264046992
0.026379790101119634,9.0,70.0,4.999919419615975,0.2852405638793601,3.5003349388205303,4.7397781601174795,0.21113557406102923,0.1895911264046992
0.026409086976119635,9.0,70.0,4.999919419615975,0.2852405638793086,3.5003349388205303,4.7397781601174795,0.21113557406102923,0.1895911264046992
0.026438383851119636,9.0,70.0,4.999919419615975,0.28524056387935903,3.5003349388205303,4.7397781601174795,0.21113557406102923,0.1895911264046992
0.026467680726119637,9.0,70.0,4.999919419615975,0.28524056387930957,3.5003349388205303,4.7397781601174795,0.21113557406102923,0.1895911264046992
0.026496977601119638,9.0,70.0,4.999919419615975,0.2852405638793581,3.5003349388205303,4.7397781601174795,0.21113557406102923,0.1895911264046992
0.02652627447611964,9.0,70.0,4.999919419615975,0.28524056387931057,3.5003349388205303,4.7397781601174795,0.21113557406102923,0.1895911264046992
0.02655557135111964,9.0,70.0,4.999919419615975,0.2852405638793571,3.5003349388205303,4.7397781601174795,0.21113557406102923,0.1895911264046992
0.02658486822611964,9.0,70.0,4.999919419615975,0.2852405638793115,3.5003349388205303,4.7397781601174795,0.21113557406102923,0.1895911264046992
0.026614165101119643,9.0,70.0,4.999919419615975,0.2852405638793561,3.5003349388205303,4.7397781601174795,0.21113557406102923,0.1895911264046992
0.026643461976119644,9.0,70.0,4.999919419615975,0.2852405638793125,3.5003349388205303,4.7397781601174795,0.21113557406102923,0.1895911264046992
0.026672758851119645,9.0,70.0,4.999919419615975,0.2852405638793551,3.5003349388205303,4.7397781601174795,0.21113557406102923,0.1895911264046992
0.026702055726119646,9.0,70.0,4.999919419615975,0.2852405638793134,3.5003349388205303,4.7397781601174795,0.21113557406102923,0.1895911264046992
0.026731352601119647,9.0,70.0,4.999919419615975,0.2852405638793542,3.5003349388205303,4.7397781601174795,0.21113557406102923,0.1895911264046992
0.026760649476119648,9.0,70.0,4.999919419615975,0.28524056387931435,3.5003349388205303,4.7397781601174795,0.21113557406102923,0.1895911264046992
0.02678994635111965,9.0,70.0,4.999919419615975,0.28524056387935337,3.5003349388205303,4.7397781601174795,0.21113557406102923,0.1895911264046992
0.02681924322611965,9.0,70.0,4.999919419615975,0.2852405638793152,3.5003349388205303,4.7397781601174795,0.21113557406102923,0.1895911264046992
0.02684854010111965,9.0,70.0,4.999919419615975,0.28524056387935254,3.5003349388205303,4.7397781601174795,0.21113557406102923,0.1895911264046992
0.026877836976119653,9.0,70.0,4.999919419615975,0.28524056387931596,3.5003349388205303,4.7397781601174795,0.21113557406102923,0.1895911264046992
0.026907133851119654,9.0,70.0,4.999919419615975,0.28524056387935176,3.5003349388205303,4.7397781601174795,0.21113557406102923,0.1895911264046992
0.026936430726119655,9.0,70.0,4.999919419615975,0.28524056387931684,3.5003349388205303,4.7397781601174795,0.21113557406102923,0.1895911264046992
0.026965727601119656,9.0,70.0,4.999919419615975,0.28524056387935093,3.5003349388205303,4.7397781601174795,0.21113557406102923,0.1895911264046992
0.026995024476119657,9.0,70.0,4.999919419615975,0.2852405638793176,3.5003349388205303,4.7397781601174795,0.21113557406102923,0.1895911264046992
0.027024321351119658,9.0,70.0,4.999919419615975,0.2852405638793501,3.5003349388205303,4.7397781601174795,0.21113557406102923,0.1895911264046992
0.02705361822611966,9.0,70.0,4.999919419615975,0.2852405638793183,3.5003349388205303,4.7397781601174795,0.21113557406102923,0.1895911264046992
0.02708291510111966,9.0,70.0,4.999919419615975,0.28524056387934954,3.5003349388205303,4.7397781601174795,0.21113557406102923,0.1895911264046992
0.02711221197611966,9.0,70.0,4.999919419615975,0.28524056387931895,3.5003349388205303,4.7397781601174795,0.21113557406102923,0.1895911264046992
0.027141508851119663,9.0,70.0,4.999919419615975,0.28524056387934893,3.5003349388205303,4.7397781601174795,0.21113557406102923,0.1895911264046992
0.027170805726119664,9.0,70.0,4.999919419615975,0.28524056387931956,3.5003349388205303,4.7397781601174795,0.21113557406102923,0.1895911264046992
0.027200102601119665,9.0,70.0,4.999919419615975,0.2852405638793483,3.5003349388205303,4.7397781601174795,0.21113557406102923,0.1895911264046992
0.027229399476119666,9.0,70.0,4.999919419615975,0.2852405638793202,3.5003349388205303,4.7397781601174795,0.21113557406102923,0.1895911264046992
0.027258696351119667,9.0,70.0,4.999919419615975,0.28524056387934765,3.5003349388205303,4.7397781601174795,0.21113557406102923,0.1895911264046992
0.027287993226119668,9.0,70.0,4.999919419615975,0.2852405638793207,3.5003349388205303,4.7397781601174795,0.21113557406102923,0.1895911264046992
0.02731729010111967,9.0,70.0,4.999919419615975,0.28524056387934715,3.5003349388205303,4.7397781601174795,0.21113557406102923,0.1895911264046992
0.02734658697611967,9.0,70.0,4.999919419615975,0.28524056387932134,3.5003349388205303,4.7397781601174795,0.21113557406102923,0.1895911264046992
0.02737588385111967,9.0,70.0,4.999919419615975,0.28524056387934654,3.5003349388205303,4.7397781601174795,0.21113557406102923,0.1895911264046992
0.027405180726119673,9.0,70.0,4.999919419615975,0.28524056387932195,3.5003349388205303,4.7397781601174795,0.21113557406102923,0.1895911264046992
0.027434477601119674,9.0,70.0,4.999919419615975,0.28524056387934593,3.5003349388205303,4.7397781601174795,0.21113557406102923,0.1895911264046992
0.027463774476119675,9.0,70.0,4.999919419615975,0.2852405638793225,3.5003349388205303,4.7397781601174795,0.21113557406102923,0.1895911264046992
0.027493071351119676,9.0,70.0,4.999919419615975,0.2852405638793453,3.5003349388205303,4.7397781601174795,0.21113557406102923,0.1895911264046992
0.027522368226119677,9.0,70.0,4.999919419615975,0.28524056387932295,3.5003349388205303,4.7397781601174795,0.21113557406102923,0.1895911264046992
0.027551665101119678,9.0,70.0,4.999919419615975,0.285240563879345,3.5003349388205303,4.7397781601174795,0.21113557406102923,0.1895911264046992
0.02758096197611968,9.0,70.0,4.999919419615975,0.2852405638793234,3.5003349388205303,4.7397781601174795,0.21113557406102923,0.1895911264046992
0.02761025885111968,9.0,70.0,4.999919419615975,0.2852405638793446,3.5003349388205303,4.7397781601174795,0.21113557406102923,0.1895911264046992
0.02763955572611968,9.0,70.0,4.999919419615975,0.2852405638793238,3.5003349388205303,4.7397781601174795,0.21113557406102923,0.1895911264046992
0.027668852601119683,9.0,70.0,4.999919419615975,0.28524056387934416,3.5003349388205303,4.7397781601174795,0.21113557406102923,0.1895911264046992
0.027698149476119684,9.0,70.0,4.999919419615975,0.2852405638793242,3.5003349388205303,4.7397781601174795,0.21113557406102923,0.1895911264046992
0.027727446351119685,9.0,70.0,4.999919419615975,0.28524056387934377,3.5003349388205303,4.7397781601174795,0.21113557406102923,0.1895911264046992
0.027756743226119686,9.0,70.0,4.999919419615975,0.2852405638793246,3.5003349388205303,4.7397781601174795,0.21113557406102923,0.1895911264046992
0.027786040101119687,9.0,70.0,4.999919419615975,0.2852405638793433,3.5003349388205303,4.7397781601174795,0.21113557406102923,0.1895911264046992
0.027815336976119688,9.0,70.0,4.999919419615975,0.2852405638793249,3.5003349388205303,4.7397781601174795,0.21113557406102923,0.1895911264046992
0.02784463385111969,9.0,70.0,4.999919419615975,0.28524056387934293,3.5003349388205303,4.7397781601174795,0.21113557406102923,0.1895911264046992
0.02787393072611969,9.0,70.0,4.999919419615975,0.2852405638793253,3.5003349388205303,4.7397781601174795,0.21113557406102923,0.1895911264046992
0.02790322760111969,9.0,70.0,4.999919419615975,0.28524056387934277,3.5003349388205303,4.7397781601174795,0.21113557406102923,0.1895911264046992
0.027932524476119693,9.0,70.0,4.999919419615975,0.2852405638793256,3.5003349388205303,4.7397781601174795,0.21113557406102923,0.1895911264046992
0.027961821351119694,9.0,70.0,4.999919419615975,0.2852405638793424,3.5003349388205303,4.7397781601174795,0.21113557406102923,0.1895911264046992
0.027991118226119695,9.0,70.0,4.999919419615975,0.285240563879326,3.5003349388205303,4.7397781601174795,0.21113557406102923,0.1895911264046992
0.028020415101119696,9.0,70.0,4.999919419615975,0.285240563879342,3.5003349388205303,4.7397781601174795,0.21113557406102923,0.1895911264046992
0.028049711976119697,9.0,70.0,4.999919419615975,0.2852405638793264,3.5003349388205303,4.7397781601174795,0.21113557406102923,0.1895911264046992
0.028079008851119698,9.0,70.0,4.999919419615975,0.2852405638793416,3.5003349388205303,4.7397781601174795,0.21113557406102923,0.1895911264046992
0.0281083057261197,9.0,70.0,4.999919419615975,0.2852405638793268,3.5003349388205303,4.7397781601174795,0.21113557406102923,0.1895911264046992
0.0281376026011197,9.0,70.0,4.999919419615975,0.2852405638793412,3.5003349388205303,4.7397781601174795,0.21113557406102923,0.1895911264046992
0.0281668994761197,9.0,70.0,4.999919419615975,0.28524056387932706,3.5003349388205303,4.7397781601174795,0.21113557406102923,0.1895911264046992
0.028196196351119703,9.0,70.0,4.999919419615975,0.2852405638793409,3.5003349388205303,4.7397781601174795,0.21113557406102923,0.1895911264046992
0.028225493226119704,9.0,70.0,4.999919419615975,0.28524056387932734,3.5003349388205303,4.7397781601174795,0.21113557406102923,0.1895911264046992
0.028254790101119705,9.0,70.0,4.999919419615975,0.2852405638793405,3.5003349388205303,4.7397781601174795,0.21113557406102923,0.1895911264046992
0.028284086976119706,9.0,70.0,4.999919419615975,0.2852405638793277,3.5003349388205303,4.7397781601174795,0.21113557406102923,0.1895911264046992
0.028313383851119707,9.0,70.0,4.999919419615975,0.2852405638793403,3.5003349388205303,4.7397781601174795,0.21113557406102923,0.1895911264046992
0.028342680726119708,9.0,70.0,4.999919419615975,0.285240563879328,3.5003349388205303,4.7397781601174795,0.21113557406102923,0.1895911264046992
0.02837197760111971,9.0,70.0,4.999919419615975,0.28524056387934,3.5003349388205303,4.7397781601174795,0.21113557406102923,0.1895911264046992
0.02840127447611971,9.0,70.0,4.999919419615975,0.28524056387932833,3.5003349388205303,4.7397781601174795,0.21113557406102923,0.1895911264046992
0.02843057135111971,9.0,70.0,4.999919419615975,0.28524056387933977,3.5003349388205303,4.7397781601174795,0.21113557406102923,0.1895911264046992
0.028459868226119713,9.0,70.0,4.999919419615975,0.2852405638793285,3.5003349388205303,4.7397781601174795,0.21113557406102923,0.1895911264046992
0.028489165101119714,9.0,70.0,4.999919419615975,0.28524056387933955,3.5003349388205303,4.7397781601174795,0.21113557406102923,0.1895911264046992
0.028518461976119715,9.0,70.0,4.999919419615975,0.2852405638793287,3.5003349388205303,4.7397781601174795,0.21113557406102923,0.1895911264046992
0.028547758851119716,9.0,70.0,4.999919419615975,0.2852405638793393,3.5003349388205303,4.7397781601174795,0.21113557406102923,0.1895911264046992
0.028577055726119717,9.0,70.0,4.999919419615975,0.28524056387932895,3.5003349388205303,4.7397781601174795,0.21113557406102923,0.1895911264046992
0.028606352601119718,9.0,70.0,4.999919419615975,0.28524056387933916,3.5003349388205303,4.7397781601174795,0.21113557406102923,0.1895911264046992
0.02863564947611972,9.0,70.0,4.999919419615975,0.2852405638793291,3.5003349388205303,4.7397781601174795,0.21113557406102923,0.1895911264046992
0.02866494635111972,9.0,70.0,4.999919419615975,0.28524056387933894,3.5003349388205303,4.7397781601174795,0.21113557406102923,0.1895911264046992
0.02869424322611972,9.0,70.0,4.999919419615975,0.2852405638793293,3.5003349388205303,4.7397781601174795,0.21113557406102923,0.1895911264046992
0.028723540101119723,9.0,70.0,4.999919419615975,0.28524056387933866,3.5003349388205303,4.7397781601174795,0.21113557406102923,0.1895911264046992
0.028752836976119724,9.0,70.0,4.999919419615975,0.28524056387932945,3.5003349388205303,4.7397781601174795,0.21113557406102923,0.1895911264046992
0.028782133851119725,9.0,70.0,4.999919419615975,0.2852405638793385,3.5003349388205303,4.7397781601174795,0.21113557406102923,0.1895911264046992
0.028811430726119726,9.0,70.0,4.999919419615975,0.2852405638793296,3.5003349388205303,4.7397781601174795,0.21113557406102923,0.1895911264046992
0.028840727601119727,9.0,70.0,4.999919419615975,0.28524056387933827,3.5003349388205303,4.7397781601174795,0.21113557406102923,0.1895911264046992
0.028870024476119728,9.0,70.0,4.999919419615975,0.2852405638793299,3.5003349388205303,4.7397781601174795,0.21113557406102923,0.1895911264046992
0.02889932135111973,9.0,70.0,4.999919419615975,0.28524056387933816,3.5003349388205303,4.7397781601174795,0.21113557406102923,0.1895911264046992
0.02892861822611973,9.0,70.0,4.999919419615975,0.2852405638793301,3.5003349388205303,4.7397781601174795,0.21113557406102923,0.1895911264046992
0.02895791510111973,9.0,70.0,4.999919419615975,0.285240563879338,3.5003349388205303,4.7397781601174795,0.21113557406102923,0.1895911264046992
0.028987211976119732,9.0,70.0,4.999919419615975,0.2852405638793303,3.5003349388205303,4.7397781601174795,0.21113557406102923,0.1895911264046992
0.029016508851119734,9.0,70.0,4.999919419615975,0.28524056387933777,3.5003349388205303,4.7397781601174795,0.21113557406102923,0.1895911264046992
0.029045805726119735,9.0,70.0,4.999919419615975,0.2852405638793305,3.5003349388205303,4.7397781601174795,0.21113557406102923,0.1895911264046992
0.029075102601119736,9.0,70.0,4.999919419615975,0.28524056387933755,3.5003349388205303,4.7397781601174795,0.21113557406102923,0.1895911264046992
0.029104399476119737,9.0,70.0,4.999919419615975,0.2852405638793307,3.5003349388205303,4.7397781601174795,0.21113557406102923,0.1895911264046992
0.029133696351119738,9.0,70.0,4.999919419615975,0.2852405638793374,3.5003349388205303,4.7397781601174795,0.21113557406102923,0.1895911264046992
0.02916299322611974,9.0,70.0,4.999919419615975,0.2852405638793309,3.5003349388205303,4.7397781601174795,0.21113557406102923,0.1895911264046992
0.02919229010111974,9.0,70.0,4.999919419615975,0.28524056387933716,3.5003349388205303,4.7397781601174795,0.21113557406102923,0.1895911264046992
0.02922158697611974,9.0,70.0,4.999919419615975,0.2852405638793311,3.5003349388205303,4.7397781601174795,0.21113557406102923,0.1895911264046992
0.029250883851119742,9.0,70.0,4.999919419615975,0.28524056387933705,3.5003349388205303,4.7397781601174795,0.21113557406102923,0.1895911264046992
0.029280180726119744,9.0,70.0,4.999919419615975,0.28524056387933117,3.5003349388205303,4.7397781601174795,0.21113557406102923,0.1895911264046992
0.029309477601119745,9.0,70.0,4.999919419615975,0.28524056387933694,3.5003349388205303,4.7397781601174795,0.21113557406102923,0.1895911264046992
0.029338774476119746,9.0,70.0,4.999919419615975,0.28524056387933133,3.5003349388205303,4.7397781601174795,0.21113557406102923,0.1895911264046992
0.029368071351119747,9.0,70.0,4.999919419615975,0.2852405638793368,3.5003349388205303,4.7397781601174795,0.21113557406102923,0.1895911264046992
0.029397368226119748,9.0,70.0,4.999919419615975,0.2852405638793315,3.5003349388205303,4.7397781601174795,0.21113557406102923,0.1895911264046992
0.02942666510111975,9.0,70.0,4.999919419615975,0.2852405638793366,3.5003349388205303,4.7397781601174795,0.21113557406102923,0.1895911264046992
0.02945596197611975,9.0,70.0,4.999919419615975,0.28524056387933144,3.5003349388205303,4.7397781601174795,0.21113557406102923,0.1895911264046992
0.02948525885111975,9.0,70.0,4.999919419615975,0.28524056387933655,3.5003349388205303,4.7397781601174795,0.21113557406102923,0.1895911264046992
0.029514555726119752,9.0,70.0,4.999919419615975,0.28524056387933167,3.5003349388205303,4.7397781601174795,0.21113557406102923,0.1895911264046992
0.029543852601119754,9.0,70.0,4.999919419615975,0.2852405638793363,3.5003349388205303,4.7397781601174795,0.21113557406102923,0.1895911264046992
0.029573149476119755,9.0,70.0,4.999919419615975,0.28524056387933183,3.5003349388205303,4.7397781601174795,0.21113557406102923,0.1895911264046992
0.029602446351119756,9.0,70.0,4.999919419615975,0.2852405638793361,3.5003349388205303,4.7397781601174795,0.21113557406102923,0.1895911264046992
0.029631743226119757,9.0,70.0,4.999919419615975,0.285240563879332,3.5003349388205303,4.7397781601174795,0.21113557406102923,0.1895911264046992
0.029661040101119758,9.0,70.0,4.999919419615975,0.285240563879336,3.5003349388205303,4.7397781601174795,0.21113557406102923,0.1895911264046992
0.02969033697611976,9.0,70.0,4.999919419615975,0.2852405638793321,3.5003349388205303,4.7397781601174795,0.21113557406102923,0.1895911264046992
0.02971963385111976,9.0,70.0,4.999919419615975,0.285240563879336,3.5003349388205303,4.7397781601174795,0.21113557406102923,0.1895911264046992
0.02974893072611976,9.0,70.0,4.999919419615975,0.2852405638793321,3.5003349388205303,4.7397781601174795,0.21113557406102923,0.1895911264046992
0.029778227601119762,9.0,70.0,4.999919419615975,0.285240563879336,3.5003349388205303,4.7397781601174795,0.21113557406102923,0.1895911264046992
0.029807524476119764,9.0,70.0,4.999919419615975,0.2852405638793321,3.5003349388205303,4.7397781601174795,0.21113557406102923,0.1895911264046992
0.029836821351119765,9.0,70.0,4.999919419615975,0.285240563879336,3.5003349388205303,4.7397781601174795,0.21113557406102923,0.1895911264046992
0.029866118226119766,9.0,70.0,4.999919419615975,0.2852405638793321,3.5003349388205303,4.7397781601174795,0.21113557406102923,0.1895911264046992
0.029895415101119767,9.0,70.0,4.999919419615975,0.285240563879336,3.5003349388205303,4.7397781601174795,0.21113557406102923,0.1895911264046992
0.029924711976119768,9.0,70.0,4.999919419615975,0.2852405638793321,3.5003349388205303,4.7397781601174795,0.21113557406102923,0.1895911264046992
0.02995400885111977,9.0,70.0,4.999919419615975,0.285240563879336,3.5003349388205303,4.7397781601174795,0.21113557406102923,0.1895911264046992
0.02998330572611977,9.0,70.0,4.999919419615975,0.2852405638793321,3.5003349388205303,4.7397781601174795,0.21113557406102923,0.1895911264046992
0.03,9.0,70.0,4.999919419615976,0.28524056387933594,3.500334938820531,4.7397781601174795,0.21113557406102945,0.1895911264046992
