sweep,vin,t,v5,vref,vadj,vfan,i317,ifan
0.0,0.0,70.0,-8.285654576201212e-06,0.017931753053273103,0.017931823719064616,-6.576787382953665e-08,-2.929661112172862e-09,-2.630714953181466e-09
2.9296876036255526e-10,0.0,70.0,-8.285654576201213e-06,0.017931753053273148,0.017931823719064616,-6.576787383136834e-08,-2.929661114081008e-09,-2.630714953254539e-09
5.859375207251105e-10,0.0,70.0,-8.285654576201213e-06,0.017931753053273193,0.01793182371906462,-6.576787383107837e-08,-2.929661113766211e-09,-2.630714953242486e-09
1.171875041450221e-09,0.0,70.0,-8.28565457620121e-06,0.017931753053273207,0.01793182371906462,-6.576787383281486e-08,-2.9296611156222794e-09,-2.6307149533135675e-09
2.343750082900442e-09,0.0,70.0,-8.285654576201212e-06,0.017931753053273273,0.01793182371906461,-6.576787383495811e-08,-2.9296611177600805e-09,-2.6307149533954518e-09
4.687500165800884e-09,0.0,70.0,-8.285654576201205e-06,0.017931753053273203,0.017931823719064637,-6.57678738312962e-08,-2.9296611139907616e-09,-2.6307149532511344e-09
9.375000331601768e-09,0.0,70.0,-8.2856545762012e-06,0.017931753053272798,0.017931823719064655,-6.576787383980899e-08,-2.929661122904746e-09,-2.6307149535926193e-09
1.8750000663203537e-08,0.0,70.0,-8.285654576201195e-06,0.017931753053273162,0.017931823719064717,-6.576787383158142e-08,-2.9296611142767353e-09,-2.630714953262365e-09
3.750000132640707e-08,0.0,70.0,-8.285654576201196e-06,0.0179317530532738,0.01793182371906482,-6.576787382971888e-08,-2.9296611123769227e-09,-2.6307149531897398e-09
7.500000265281415e-08,0.0,70.0,-8.285654576201193e-06,0.017931753053273287,0.0179318237190652,-6.576787383599881e-08,-2.9296611190217584e-09,-2.6307149534448626e-09
1.500000053056283e-07,0.0,70.0,-8.285654576201195e-06,0.01793175305327259,0.017931823719065276,-6.576787384313278e-08,-2.929661126304938e-09,-2.63071495372661e-09
3.000000106112566e-07,0.0,70.0,-8.285654576201191e-06,0.0179317530532734,0.01793182371906498,-6.576787383587162e-08,-2.9296611184634475e-09,-2.6307149534306735e-09
6.000000212225132e-07,0.0,70.0,-8.285654576201176e-06,0.017931753053273932,0.017931823719064596,-6.57678738225003e-08,-2.9296611046424266e-09,-2.6307149528999792e-09
1.2000000424450263e-06,0.0,70.0,-8.285654576201184e-06,0.017931753053274116,0.017931823719064603,-6.576787382970018e-08,-2.9296611122213945e-09,-2.630714953189095e-09
2.4000000848900527e-06,0.0,70.0,-8.28565457620119e-06,0.017931753053273516,0.01793182371906586,-6.576787384069926e-08,-2.9296611229744662e-09,-2.6307149536283263e-09
4.800000169780105e-06,0.0,70.0,-8.285654576201239e-06,0.01793175305327339,0.017931823719070043,-6.576787383670661e-08,-2.9296611175112625e-09,-2.6307149534687408e-09
9.60000033956021e-06,0.0,70.0,-8.28565457620119e-06,0.017931753053279192,0.017931823719068003,-6.576787380960598e-08,-2.9296610933183513e-09,-2.6307149523837635e-09
1.920000067912042e-05,0.0,70.0,-8.285654576201228e-06,0.017931753053272322,0.017931823719066025,-6.576787383108718e-08,-2.9296611166161596e-09,-2.630714953245766e-09
3.840000135824084e-05,0.0,70.0,-8.28565457620127e-06,0.017931753053278897,0.017931823719069637,-6.576787385046074e-08,-2.929661124442679e-09,-2.6307149540199165e-09
6.769687635824084e-05,0.0,70.0,-8.28565457620115e-06,0.017931753053276916,0.01793182371906729,-6.576787386402239e-08,-2.9296611199521183e-09,-2.6307149545568013e-09
9.699375135824084e-05,0.0,70.0,-8.285654576201103e-06,0.017931753053273183,0.017931823719066774,-6.576787384459214e-08,-2.9296611063017336e-09,-2.6307149537846245e-09
0.00012629062635824084,0.0,70.0,-8.285654576201084e-06,0.017931753053272537,0.017931823719064908,-6.576787383136812e-08,-2.9296611063029826e-09,-2.6307149532547545e-09
0.00015558750135824084,0.0,70.0,-8.285654576201147e-06,0.017931753053271694,0.017931823719065997,-6.576787381702248e-08,-2.9296611063011487e-09,-2.630714952680758e-09
0.00018488437635824084,0.0,70.0,-8.285654576201156e-06,0.017931753053273113,0.01793182371906534,-6.5767873803435e-08,-2.9296611063028503e-09,-2.630714952137553e-09
0.00021418125135824084,0.0,70.0,-8.285654576201127e-06,0.01793175305327307,0.01793182371906688,-6.576787379112137e-08,-2.9296611063011475e-09,-2.630714951645045e-09
0.00024347812635824084,0.0,70.0,-8.285654576201154e-06,0.0179317530532717,0.01793182371906641,-6.576787378015358e-08,-2.9296611063055274e-09,-2.6307149512065912e-09
0.00027277500135824083,0.0,70.0,-8.285654576201156e-06,0.01793175305327326,0.017931823719064766,-6.576787377045107e-08,-2.9296611063007083e-09,-2.6307149508175595e-09
0.00030207187635824086,0.0,70.0,-8.285654576201206e-06,0.017931753053273228,0.017931823719066237,-6.576787376186352e-08,-2.9296611063009643e-09,-2.6307149504747287e-09
0.0003313687513582409,0.0,70.0,-8.285654576201174e-06,0.017931753053271843,0.017931823719065373,-6.576787375429492e-08,-2.9296611063058695e-09,-2.6307149501722126e-09
0.0003606656263582409,0.0,70.0,-8.28565457620113e-06,0.017931753053273453,0.017931823719066597,-6.57678737476189e-08,-2.9296611063014064e-09,-2.63071494990462e-09
0.00038996250135824094,0.0,70.0,-8.285654576201139e-06,0.017931753053273235,0.017931823719065928,-6.576787374172738e-08,-2.9296611063050154e-09,-2.630714949669467e-09
0.00041925937635824096,0.0,70.0,-8.285654576201129e-06,0.017931753053271774,0.017931823719064592,-6.576787373654113e-08,-2.9296611063029537e-09,-2.6307149494614366e-09
0.000448556251358241,0.0,70.0,-8.285654576201176e-06,0.017931753053273203,0.01793182371906606,-6.57678737319603e-08,-2.929661106301178e-09,-2.6307149492782517e-09
0.000477853126358241,0.0,70.0,-8.285654576201166e-06,0.017931753053272752,0.017931823719065657,-6.576787372791846e-08,-2.9296611063053488e-09,-2.630714949117141e-09
0.000507150001358241,0.0,70.0,-8.285654576201113e-06,0.01793175305327082,0.017931823719064287,-6.57678737243633e-08,-2.929661106296968e-09,-2.630714948973689e-09
0.0005364468763582411,0.0,70.0,-8.285654576201144e-06,0.017931753053272607,0.017931823719065827,-6.576787372120435e-08,-2.929661106303924e-09,-2.6307149488489503e-09
0.0005657437513582411,0.0,70.0,-8.285654576201144e-06,0.01793175305327294,0.01793182371906547,-6.576787371844142e-08,-2.9296611063023155e-09,-2.630714948737462e-09
0.0005950406263582411,0.0,70.0,-8.285654576201176e-06,0.017931753053271608,0.017931823719064197,-6.576787371599688e-08,-2.9296611063004618e-09,-2.6307149486396595e-09
0.0006243375013582411,0.0,70.0,-8.285654576201156e-06,0.017931753053272975,0.017931823719065963,-6.576787371383581e-08,-2.9296611063014023e-09,-2.6307149485535815e-09
0.0006536343763582412,0.0,70.0,-8.285654576201139e-06,0.017931753053273033,0.017931823719065827,-6.576787371193334e-08,-2.9296611063021604e-09,-2.6307149484774552e-09
0.0006829312513582412,0.0,70.0,-8.285654576201135e-06,0.017931753053271302,0.017931823719064762,-6.576787371025817e-08,-2.9296611063003145e-09,-2.6307149484101177e-09
0.0007122281263582412,0.0,70.0,-8.285654576201129e-06,0.017931753053272978,0.017931823719066202,-6.576787370877521e-08,-2.929661106301801e-09,-2.630714948351167e-09
0.0007415250013582413,0.0,70.0,-8.285654576201183e-06,0.017931753053272964,0.0179318237190656,-6.576787370747143e-08,-2.9296611063052644e-09,-2.6307149482992474e-09
0.0007708218763582413,0.0,70.0,-8.285654576201178e-06,0.017931753053272232,0.017931823719067,-6.576787370632442e-08,-2.9296611063017654e-09,-2.630714948252864e-09
0.0008001187513582413,0.0,70.0,-8.28565457620111e-06,0.017931753053270823,0.017931823719065904,-6.576787370530984e-08,-2.92966110630254e-09,-2.6307149482124733e-09
0.0008294156263582413,0.0,70.0,-8.285654576201135e-06,0.017931753053270605,0.017931823719066764,-6.576787370441138e-08,-2.92966110630141e-09,-2.630714948176589e-09
0.0008587125013582414,0.0,70.0,-8.285654576201147e-06,0.017931753053273228,0.01793182371906582,-6.576787370362247e-08,-2.9296611063022994e-09,-2.630714948145001e-09
0.0008880093763582414,0.0,70.0,-8.285654576201178e-06,0.017931753053273703,0.017931823719067288,-6.57678737029209e-08,-2.929661106301454e-09,-2.630714948117056e-09
0.0009173062513582414,0.0,70.0,-8.28565457620117e-06,0.017931753053272676,0.017931823719066084,-6.576787370230797e-08,-2.9296611063027295e-09,-2.6307149480924655e-09
0.0009466031263582414,0.0,70.0,-8.285654576201125e-06,0.0179317530532712,0.01793182371906654,-6.576787370176383e-08,-2.9296611063014544e-09,-2.630714948070675e-09
0.0009759000013582415,0.0,70.0,-8.285654576201147e-06,0.01793175305327328,0.017931823719065924,-6.576787370128663e-08,-2.9296611063024218e-09,-2.6307149480516036e-09
0.001,0.0,70.0,-8.285654576201144e-06,0.017931753053276944,0.017931823719064325,-6.576787373706322e-08,-2.929661121486393e-09,-2.630714949482278e-09
0.0010000457763671875,0.013732910156250513,70.0,-8.285654471012516e-06,0.01802589236287446,0.018997392306080847,8.353494214458389e-06,8.753058092092152e-06,3.3414170507564406e-07
0.0010001373291015625,0.04119873046875154,70.0,-8.285653937560223e-06,0.018485802950774555,0.02269264627401245,2.6913475541796433e-05,2.7962105838229105e-05,1.0765413260927287e-06
0.001000152450352795,0.04573510583849841,70.0,-8.285653806990441e-06,0.018596583046655863,0.02342697002338475,2.9391007560337322e-05,3.051236726120518e-05,1.175822065090462e-06
0.0010001811767214154,0.05435301642462556,70.0,-8.285653532056164e-06,0.018828824584754572,0.02488152501725665,3.4744576265560726e-05,3.602456832436264e-05,1.3904168256051201e-06
0.001000231797852086,0.06953935562576706,70.0,-8.285652996063127e-06,0.019285268552620246,0.02757962476961455,4.4207192866115465e-05,4.569429585705534e-05,1.7682929468190162e-06
0.001000277717573829,0.08331527214871459,70.0,-8.28565248337425e-06,0.019730239129690335,0.030089271837469872,5.259287135035725e-05,5.425214781165893e-05,2.104411672668491e-06
0.0010003695570173154,0.11086710519460966,70.0,-8.285651498480016e-06,0.020621545467738398,0.034935031368733556,6.89756639594275e-05,7.079809747720733e-05,2.7590347590576984e-06
0.0010005010698834885,0.1503209650465528,70.0,-8.285650371939187e-06,0.021746119970339883,0.04086356066877942,9.14191822507938e-05,9.321240736555234e-05,3.656778230030153e-06
0.001000672416023334,0.201724807000203,70.0,-8.28564951825378e-06,0.022819239637919667,0.046430267245139316,0.00011901084530712704,0.00012029028903512345,4.760442320628356e-06
0.0010008761655874885,0.2628496762465542,70.0,-8.28564922431546e-06,0.023590484784910097,0.0504419839435138,0.00014945882803168615,0.00014947934855322081,5.978358168784963e-06
0.0010010636110537002,0.31908331611005764,70.0,-8.285649372927337e-06,0.02397464918419218,0.052489585078480894,0.0001752009922139659,0.0001734891386060956,7.008041646428176e-06
0.001001340381092157,0.4021143276471083,70.0,-8.285649857201955e-06,0.024265306550095612,0.054098863400875136,0.00020915230536506328,0.00020398988014610608,8.366106353464834e-06
0.0010016696577862098,0.5008973358629294,70.0,-8.285650494267956e-06,0.024420661250658643,0.05499412073956398,0.0002432711772217923,0.0002328162270183742,9.73095606170413e-06
0.0010021916169234424,0.6574850770327091,70.0,-8.285651327104709e-06,0.024514295837555475,0.055541303721872,0.0002853914753086024,0.00026456911991382126,1.141620549454137e-05
0.0010022713458568704,0.6814037570611068,70.0,-8.28565142979575e-06,0.024514137821090708,0.05553958863382736,0.000292275683888005,0.00026983119503669643,1.1696102687439672e-05
0.001002323717327237,0.697115198171078,70.0,-8.285651534332016e-06,0.024478087686054903,0.05502772452903697,0.00032587747640255887,0.00030332426959476556,1.3034745546981592e-05
0.0010023431773259117,0.7029531977735057,70.0,-8.285651606143682e-06,0.02443156776329578,0.054128704752274805,0.0003277453511536782,0.00030472429485217315,1.3109814136347318e-05
0.0010023613742298383,0.7084122689514878,70.0,-8.285651714419977e-06,0.02435030291531178,0.052864464863328534,0.0003283436146310194,0.00030482237648726156,1.3133739881004036e-05
0.0010023804246880516,0.7141274064154836,70.0,-8.28565188719011e-06,0.024215240839226344,0.05122922422772899,0.0003288083071094306,0.0003047551030598812,1.3152311437748612e-05
0.0010023984692366574,0.7195407709972105,70.0,-8.285652111580475e-06,0.024041275302737808,0.04952789561916813,0.0003292646132229424,0.0003047078782756789,1.317054135525842e-05
0.0010024245672030662,0.7273701609198602,70.0,-8.28565251770879e-06,0.023730857691654898,0.047053235167627744,0.0003299834837465314,0.00030470305927112986,1.319933935065652e-05
0.0010024588229324454,0.7376468797336144,70.0,-8.28565312298343e-06,0.02327272518327423,0.04407209397506133,0.00033101194033250666,0.0003047838295712118,1.324047761617205e-05
0.0010024948275031036,0.7484482509310808,70.0,-8.285653759940685e-06,0.022789904568727884,0.04142874611408028,0.00033214654775351227,0.0003049245095673539,1.3285861911855412e-05
0.0010025290191822869,0.7587057546860592,70.0,-8.285654306547246e-06,0.0223697958899033,0.03940586602693426,0.00033324026077357537,0.00030507414210909333,1.3329587124160168e-05
0.0010025679319876637,0.7703795962991008,70.0,-8.28565482184518e-06,0.021961712308081544,0.03760163683026721,0.0003344730384686854,0.00030523257368560673,1.3378910072925018e-05
0.0010026112307115124,0.7833692134537239,70.0,-8.285655257371614e-06,0.02159726655379846,0.03606084774923859,0.0003358145529182289,0.00030537663314214613,1.343257280566881e-05
0.001002671306042882,0.8013918128645664,70.0,-8.285655666693207e-06,0.02121745096511157,0.034451635528690766,0.00033761654482145347,0.0003055140218157559,1.3504649975116814e-05
0.0010027489583797722,0.8246875139316426,70.0,-8.285655974423512e-06,0.02087289350685476,0.03293849791022704,0.0003398752051888685,0.00030561778333426437,1.3594996501142312e-05
0.00100284485000374,0.8534550011220087,70.0,-8.285656149786058e-06,0.020586382957217944,0.03163423939324649,0.0003426079812851061,0.0003056872577388984,1.3704308845733208e-05
0.0010028960545189014,0.8688163556704168,70.0,-8.285656179020802e-06,0.020478612614546685,0.031135117771173258,0.0003440523152118562,0.0003057091963085287,1.3762091199140238e-05
0.0010029223355483767,0.8767006645129991,70.0,-8.285656181310346e-06,0.02043264811455714,0.030923195382596677,0.0003447901359421589,0.0003057168031258131,1.3791605434393436e-05
0.0010029624882381722,0.8887464714516388,70.0,-8.285656173581143e-06,0.020371302613444543,0.030642840282516716,0.0003459181840726298,0.00030572931268491054,1.3836727286368702e-05
0.0010029824789039186,0.8947436711755764,70.0,-8.285656165338228e-06,0.020344331505073365,0.030519955577725095,0.00034647972340039787,0.00030573551755708753,1.3859188925686041e-05
0.0010030128065390545,0.9038419617163336,70.0,-8.285656148295453e-06,0.020307283339491923,0.030351904950059627,0.00034732723495406025,0.00030574041798566695,1.3893089384714574e-05
0.001003073461809326,0.9220385427977829,70.0,-8.285656101238439e-06,0.02024497353920005,0.03007041387625908,0.0003490212056106386,0.00030574941670820827,1.396084812038451e-05
0.001003194772349869,0.9584317049606814,70.0,-8.285655973367042e-06,0.0201554567055677,0.029666305488035623,0.0003523981178998137,0.00030575715914466645,1.409592394311118e-05
0.0010034373934309552,1.0312180292865436,70.0,-8.285655659868478e-06,0.020064281665360974,0.029269888770376656,0.00044384298645616085,0.0003930269265952994,1.775374507349389e-05
0.0010036190458490176,1.0857137547052704,70.0,-8.285655393329645e-06,0.020061797618495764,0.02932884382088533,0.0008512128843214681,0.0008069094053736218,3.4048495990364756e-05
0.0010038163455573337,1.1449036672000898,70.0,-8.285655148386218e-06,0.020059332663468897,0.029271584630172206,0.0010809030462898995,0.001029769128912562,4.323610696587e-05
0.0010040640215716252,1.2192064714875444,70.0,-8.285654919551514e-06,0.020040079870937526,0.02914078033353874,0.001171646894683212,0.0011002212466573525,4.6865875011196996e-05
0.0010043571411307442,1.3071423392232642,70.0,-8.28565471170692e-06,0.020019546175543957,0.02904116807225124,0.0012151907967985584,0.0011154083292042706,4.860763186894586e-05
0.0010048099856109676,1.4429956832902664,70.0,-8.28565446998553e-06,0.02000522877045217,0.028977129747753384,0.0012673879303512947,0.0011222185083431843,5.069551721553941e-05
0.001005577331463583,1.673199439074907,70.0,-8.285654219915952e-06,0.019997741484698038,0.028939000120297178,0.001354600857422232,0.0011313995889180443,5.417461285236049e-05
0.0010056902627100521,1.7070788130156287,70.0,0.0006299706095677273,0.020001961984285187,0.028937817705370496,0.0013672447851944662,0.0011327471976301136,5.468979140785298e-05
0.001005751606935675,1.7254820807024738,70.0,0.0017844513955954347,0.02001150282116287,0.028937443494484866,0.0013742398488178955,0.00113347816084536,5.496959395271622e-05
0.0010058113195701066,1.7433958710319748,70.0,0.0037259510518533956,0.020024918491542122,0.02893717243879309,0.0013810515978625012,0.0011341895981721237,5.5242063914500324e-05
0.001005870463970329,1.7611391910987004,70.0,0.0065010235513674195,0.02003970921954021,0.0289370156607107,0.0013878010127375837,0.0011348943083214446,5.551204050950351e-05
0.0010059887527707739,1.7966258312321512,70.0,0.014492082604546158,0.02006830633764916,0.02893693220807982,0.0014013069004559287,0.001136303841174689,5.605227601823928e-05
0.0010061583417505736,1.8475025251720847,70.0,0.031043774054829623,0.02020583275745383,0.028942099128116114,0.0014206871824238927,0.0011383257789838045,5.682748726855306e-05
0.0010063605670984955,1.908170129548652,70.0,0.05753165483363194,0.02054907336032996,0.028965552446312562,0.0014438231961737982,0.0011407383907006893,5.775292784742326e-05
0.001006581068222028,1.9743204666083787,70.0,0.09339059256941508,0.021040361828799575,0.02901424128400677,0.0014690812109958583,0.0011433696976536644,5.876324843348765e-05
0.0010069000105563308,2.0700031668992307,70.0,0.1552742301184154,0.02151277181235538,0.029090599861061484,0.0015056701610618472,0.0011471741416219162,6.022680612059271e-05
0.0010072868412865621,2.186052385968637,70.0,0.24217965453623777,0.021608276150286463,0.02913903507120503,0.001550136433306694,0.0011517885675512288,6.200545733235855e-05
0.0010073952941612961,2.218588248388834,70.0,0.2685790202053158,0.021602725280848164,0.02914356534882252,0.0015626218249257203,0.0011530835266371014,6.250487299707775e-05
0.0010074584694606853,2.237540838205585,70.0,0.2842946789917909,0.02160159676223395,0.029144665168576608,0.0015698983729633303,0.0011538379620493766,6.279593491853424e-05
0.001007494004652913,2.24820139587392,70.0,0.29323053424675344,0.02160209026976484,0.029144891153705606,0.001573992519284609,0.0011542623728882449,6.295970077138434e-05
0.0010075247036863257,2.2574111058976922,70.0,0.3010005710168711,0.02160302212288156,0.02914491539702457,0.0015775301702698303,0.0011546290592861163,6.310120681079386e-05
0.0010075627760859263,2.268832825777868,70.0,0.3106972994962408,0.0216045053688281,0.029144778004226105,0.0015819184002621213,0.001155083863216666,6.327673601048488e-05
0.0010075995412594247,2.279862377827412,70.0,0.320121939340358,0.021606067318241374,0.0291445011703282,0.0015861569035941876,0.001155523100726931,6.344627614376782e-05
0.0010076457301683372,2.2937190505011498,70.0,0.33204329922618997,0.02160803202359271,0.029143989860699857,0.001591483140664956,0.0011560749886677212,6.365932562659751e-05
0.0010076967322886533,2.3090196865959856,70.0,0.34530705701851233,0.021610127779226145,0.02914325146566122,0.0015973661055350098,0.0011566844706737646,6.389464422140088e-05
0.0010077587157837067,2.3276147351120033,70.0,0.3615606776954243,0.02161257020461942,0.02914216200706893,0.001604518141420915,0.0011574253003837588,6.418072565683714e-05
0.0010078423667794869,2.3527100338460585,70.0,0.3837138523853027,0.0216158313305145,0.02914046990736505,0.00161417448420368,0.001158425315526177,6.456697937331424e-05
0.0010079698567815368,2.3909570344610414,70.0,0.41791421342251767,0.021621821582676552,0.029137874176115075,0.0016289007138793096,0.0011599499361872488,6.515602855135499e-05
0.0010082069470877648,2.4620841263294198,70.0,0.4827135134778433,0.021663943824665823,0.029142850545458267,0.0016563175208999296,0.0011627879119099612,6.625270083574922e-05
0.0010083936297866974,2.518088936009215,70.0,0.5346797737670235,0.02191046982098307,0.029215713316280395,0.0016779399235651287,0.0011650316469626436,6.711759694349193e-05
0.0010085359925528588,2.5607977658576235,70.0,0.5747862023859196,0.02278289203047952,0.029491428425485442,0.001694471614412203,0.0011667709030296499,6.777886457226426e-05
0.0010086660096836504,2.5998029050951255,70.0,0.6117225535969917,0.025113501684587834,0.030332616428926106,0.001709647482869113,0.0011684276023860816,6.838589932840075e-05
0.001008832758315557,2.649827494667069,70.0,0.6594566775749394,0.031125757257003558,0.033270460963630656,0.0017292493789781982,0.0011706775875052044,6.9169983304684e-05
0.0010090055582713804,2.701667481414112,70.0,0.7092905022529659,0.03925532865796869,0.03885293151243663,0.0017495949957144707,0.0011730185357399041,6.998379983799577e-05
0.0010091883729225156,2.7565118767546792,70.0,0.7623557627189707,0.047697660697496334,0.046496897235864934,0.001771003150183813,0.0011753484989437768,7.084012961406895e-05
0.001009367554623817,2.810266387145119,70.0,0.8146548551150704,0.05501689491227049,0.054221715673925315,0.001791872551586315,0.0011774905933722695,7.167490232984289e-05
0.0010096730688176083,2.9019206452824795,70.0,0.9043417026219358,0.06537826674751337,0.06546957955185499,0.0018274510927735136,0.0011810883879825884,7.309804402438857e-05
0.001010005222259542,3.001566677862578,70.0,1.0024193666341865,0.07446554566219786,0.07497717946321697,0.0018663285350822793,0.0011851324075660805,7.465314107969279e-05
0.0010103146615078348,3.0943984523504446,70.0,1.0941949343029478,0.08159285744370345,0.08218515882792587,0.001902787775427713,0.0011890786970024465,7.611151095669517e-05
0.0010106134730733024,3.1840419219907035,70.0,1.1830926833493125,0.08764328146981842,0.08823914062128237,0.0019382328522891848,0.0011930672057933018,7.752931408564345e-05
0.0010109532834725258,3.285985041757737,70.0,1.2844222126102847,0.09357659224226914,0.09419861152084268,0.0019788798097110116,0.001197864584285176,7.915519370760297e-05
0.001011004574855587,3.301372456676088,70.0,1.2997393941551354,0.09430523171081104,0.09495870007119657,0.001985041784830112,0.0011986067385321183,7.94016714835754e-05
0.0010111071576217091,3.332147286512725,70.0,1.330381781332442,0.09541670725907409,0.09619901155292139,0.001997357610024765,0.001200077014179516,7.989430694764982e-05
0.0010113123231539534,3.3936969461859987,70.0,1.3917004667495576,0.0956519549927286,0.09684440319354787,0.002021995795093523,0.0012029972221015777,8.087983181922186e-05
0.001011418721874701,3.4256165624102612,70.0,1.4235163655409022,0.09326777033989089,0.0951483815701746,0.0020345465956406713,0.0012042624814272449,8.138186381618504e-05
0.0010115182172562415,3.455465176872449,70.0,1.4532770000570994,0.08545730630826998,0.09060265763681605,0.00204585675738522,0.0012049960977383752,8.183427043718667e-05
0.0010115580994752241,3.4674298425672343,70.0,1.4652087676719752,0.08327266914142206,0.08869162617267455,0.0020507666842059626,0.001205681142684654,8.203066738750053e-05
0.0010116092834482478,3.4827850344743463,70.0,1.4805235975523372,0.08092307732604923,0.08653039644996029,0.0020570037294832958,0.0012064911506760288,8.228015594487696e-05
0.0010116644061997585,3.4993218599275475,70.0,1.4970191693060246,0.0783536944278928,0.0843994174948727,0.002063619197520059,0.0012072544829955809,8.254476831250575e-05
0.0010117608139109233,3.5282441732769683,70.0,1.5258744475595891,0.07347797023647035,0.08060978102013802,0.002075109178090668,0.001208500231993724,8.300436712544908e-05
0.0010118741365884596,3.562240976537864,70.0,1.5598001086470012,0.06710790793768068,0.07579564779882612,0.002088597326648462,0.001209937047177228,8.354389307592008e-05
0.0010119383667623859,3.581510028715749,70.0,1.579032283019263,0.06312025241620557,0.07301806638872968,0.002096289562202943,0.0012107963659289229,8.385158260566427e-05
0.0010119860880622767,3.595826418683016,70.0,1.5933227822409606,0.059957273214950174,0.0711586517909139,0.002102103169079832,0.0012115352366573705,8.40841267814069e-05
0.001012037365700422,3.611209710126563,70.0,1.6086795959556361,0.05638077272886136,0.06976309861386384,0.002108522852028418,0.0012125066465364298,8.434091408107943e-05
0.0010120985999006245,3.629579970187349,70.0,1.6270199498812357,0.05195702753060579,0.06936943459103226,0.0021163843480767313,0.0012138654584192524,8.465537392563477e-05
0.00101214223150273,3.642669450818965,70.0,1.6400892068972737,0.048817358950655455,0.0699693807625639,0.002122045718862678,0.0012148922866542361,8.488182920917496e-05
0.0010121806454255135,3.65419362765404,70.0,1.6515962915530356,0.04621131816197019,0.07101356399770865,0.0021270326853939274,0.0012157962896046561,8.5081307419735e-05
0.0010122144105141745,3.664323154252347,70.0,1.6617113239041268,0.044198839595289224,0.07222465393667013,0.002131410127303738,0.0012165824610098725,8.525640353127171e-05
0.0010122529017947929,3.675870538437851,70.0,1.6732427648575559,0.0424442352895677,0.07380961138093209,0.002136399041767778,0.0012174750329986992,8.545596167087454e-05
0.001012291598896072,3.687479668821614,70.0,1.6848364663304787,0.04143726298981019,0.07552039017122603,0.002141423881167434,0.0012183793785046234,8.565695524713425e-05
0.0010123447864987195,3.7034359496158546,70.0,1.7007724761702434,0.04134258859501749,0.07793212761045287,0.002148360801460537,0.0012196498227638895,8.593443206783192e-05
0.0010123757105489825,3.712713164694753,70.0,1.7100383875491145,0.04189312143694404,0.07933696055156704,0.0021524143287863983,0.0012204072992515445,8.609657315157515e-05
0.0010124073682946297,3.722210488388905,70.0,1.719524492184545,0.04279379369800294,0.08075880387851826,0.002156581957105794,0.0012211996035073093,8.626327828423983e-05
0.001012442571493741,3.7327714481222625,70.0,1.7300733804722401,0.04404336780375861,0.08230984720506464,0.0021612392825745737,0.0012221023187527593,8.644957121513097e-05
0.0010124821388445258,3.744641653357737,70.0,1.7419305071176854,0.04560112823232648,0.08400917402107429,0.002166504664227827,0.0012231460155790429,8.666018636828859e-05
0.0010125217798178997,3.756533945369889,70.0,1.753810196583228,0.04721450166168825,0.08566269720195457,0.0021718144298668927,0.0012242245058780806,8.68725769470539e-05
0.001012564677784582,3.769403335374597,70.0,1.7666664903551463,0.048945117913319534,0.08739758241523657,0.002177601834433174,0.0012254309810409622,8.71040730794199e-05
0.0010126325032118605,3.789750963558139,70.0,1.786994499234158,0.05156805287183976,0.09003633120424609,0.0021868465490399395,0.0012274284074151737,8.747386112781004e-05
0.0010127595477118375,3.8278643135512374,70.0,1.825074381635013,0.05605876023188254,0.09481018192921536,0.002204541246406273,0.0012315335334263425,8.818164985671652e-05
0.0010128682424969141,3.860472749074235,70.0,1.8576572927077206,0.05953949163508007,0.09980405342280566,0.002220505247941727,0.0012358685257509348,8.882020991782925e-05
0.0010129495063036138,3.8848518910841325,70.0,1.8820190538696668,0.06205906303391495,0.10718566992637944,0.002234349417821179,0.0012410680146688784,8.937397710390343e-05
0.001013017217657003,3.905165297100907,70.0,1.9023189765191424,0.06425182432040935,0.11981531001087964,0.002249185833573207,0.0012488076299449994,8.996746479068028e-05
0.0010130769873781958,3.9230962134587384,70.0,1.9202386711594392,0.06633298702037807,0.13788120066532913,0.0022663190871908077,0.0012598017302020994,9.065276350372902e-05
0.0010131313185447735,3.9393955634320337,70.0,1.9365283329148704,0.06834071255543894,0.15997379841039921,0.0022870577910128883,0.0012751223948049661,9.148231164370316e-05
0.0010131909231978328,3.957276959349837,70.0,1.9543996370060752,0.07061832876113903,0.18945105480531874,0.002318587241885967,0.0013009798201358723,9.274348967730736e-05
0.0010132526466129718,3.97579398389153,70.0,1.9729067881405131,0.07297375999056036,0.22361998968621716,0.0023635890858289916,0.0013404626998173097,9.454358533414604e-05
0.0010133359847682049,4.000795430461459,70.0,1.9978957967365822,0.07601383833750375,0.27194945539570103,0.002444742446211962,0.0014146127211011811,9.77897029314612e-05
0.0010134210496019617,4.026314880588493,70.0,2.0234035475484426,0.07889480809005041,0.32185201183495704,0.0025472347236027916,0.0015101402931486862,0.00010188941352829211
0.0010135212071633326,4.056362148999765,70.0,2.0534382284235813,0.08201669567156503,0.38057708827516484,0.00268548657055262,0.0016399035183898975,0.00010741950614140659
0.0010136692852490152,4.100785574704549,70.0,2.097845145176392,0.08620237532411512,0.4669911531958464,0.0029126612807980237,0.0018531251522897916,0.00011650661524593368
0.0010138656863601183,4.159705908035495,70.0,2.156746978195973,0.09112643549436787,0.578871719227374,0.0032363454406579466,0.002154490249023786,0.0001294541187240338
0.0010140417881367467,4.212536441023987,70.0,2.209563887110799,0.09500672124173339,0.6721384631190135,0.00352824539639076,0.002421732126550738,0.00014112981353815298
0.0010142524142833756,4.275724285012674,70.0,2.2727386172197437,0.09910518235969648,0.772684953870889,0.0038641923228917648,0.0027219932821396396,0.00015456762812527628
0.0010145183013702376,4.355490411071283,70.0,2.3524921166041484,0.1037320594754934,0.8876117541870072,0.004271426172609296,0.0030752346577001847,0.0001708570241656186
0.0010147624415470084,4.428732464102503,70.0,2.4257255296722504,0.10766142883844365,0.9857872887714574,0.004637111360242347,0.0033833182453004863,0.00018548445436580705
0.00101499909772253,4.499729316759019,70.0,2.4967159984639804,0.11129668117856913,1.0760220456404885,0.004987676911093065,0.00367117416071265,0.0001995070630457638
0.0010153273440123296,4.598203203698867,70.0,2.5951832744254313,0.11618770240354953,1.192749399552871,0.005465087914127514,0.004050884766773656,0.0002186037341321997
0.001015416727072314,4.6250181216941675,70.0,2.6219967859361972,0.11752204040945784,1.2226833171137224,0.005592863953463887,0.004149916115294186,0.00022371455970872722
0.0010155180999679972,4.6554299903991465,70.0,2.6524072138121455,0.11907151462974454,1.255698063977654,0.005736562375426595,0.0042599789472192616,0.00022946331873080914
0.0010156275656553735,4.688269696612047,70.0,2.6852455180299497,0.12084315314538134,1.2904340499470064,0.005891084382695966,0.004376955549105961,0.00023564425681666407
0.0010158464970301262,4.75394910903785,70.0,2.750922511842518,0.12518462234377425,1.3579871270021506,0.006203366364149491,0.004610646400259427,0.0002481346602232094
0.0010160593398427598,4.817801952827921,70.0,2.8147734020014297,0.13183239526853857,1.4223345903732556,0.006527468629094664,0.004854437734333083,0.0002610987468936415
0.0010163149595590216,4.8944878677064665,70.0,2.8914573528237058,0.14437600209832993,1.4989985572706224,0.007028815149817874,0.005256197352793321,0.00028115260596614543
0.0010164989487137918,4.949684614137526,70.0,2.9466528966481516,0.15468134819044663,1.5540473233944359,0.007661036401579431,0.005819632881156035,0.00030644145606469037
0.0010166661028093108,4.999830842793236,70.0,2.9967981670153523,0.16281397448509438,1.6040422416700537,0.00885487758182851,0.0069638529687345505,0.00035419510584689523
0.001016802076894814,5.04062306844416,70.0,3.0375897015795332,0.16791482366194121,1.6447311926021868,0.010874604316906834,0.008968019807241628,0.00043498417296536514
0.00101692947011049,5.0788410331469915,70.0,3.075807087110661,0.17154639701801808,1.6828944991416939,0.014451054499538818,0.012569158465509628,0.0005780421817701305
0.001017068132674728,5.120439802418413,70.0,3.117405296504588,0.17465056199498347,1.724494362979052,0.021334435659856727,0.019539510395357784,0.0008533774838718797
0.0010172072169512456,5.1621650853736725,70.0,3.1591300861220453,0.17727890267753,1.7662712855791958,0.032313864182343624,0.030663692432709222,0.001292555517226115
0.001017400542516309,5.220162754892662,70.0,3.2171271690515613,0.18065603835900756,1.8243303781296687,0.05454211395853803,0.05308751513140231,0.0021817097210960856
0.0010176233958838822,5.287018765164637,70.0,3.283982622471115,0.1844827112731275,1.8911587786298054,0.08828548378822292,0.08681080778283601,0.003531419352563696
0.0010178981517462832,5.369445523884959,70.0,3.3664088326473056,0.18924627078685902,1.9734143160760271,0.13791510555159606,0.13569025614006125,0.0055166042229675225
0.0010182025478652937,5.460764359588091,70.0,3.457727196271979,0.1945659690467429,2.06444527014741,0.19937610926230317,0.19504529815955518,0.00797507655932853
0.0010186343673311135,5.590310199334034,70.0,3.587272539142208,0.2021138807893731,2.193529852823838,0.2936664591448441,0.28363138480437633,0.011746691961239675
0.0010191395925842157,5.741877775264704,70.0,3.738839707764583,0.2109166988444566,2.3445725512992555,0.41050760723574725,0.389434713945761,0.016420319646353387
0.0010198175939210798,5.945278176323917,70.0,3.9422397236116025,0.22270556051006785,2.5477008242886092,0.574460696040965,0.5309679243212844,0.022978427843181097
0.001020302857692839,6.090857307851661,70.0,4.087818636397086,0.2311298476495648,2.693145689384295,0.6951788012890794,0.6302796799280435,0.027807152052842704
0.0010208442307199884,6.253269215996507,70.0,4.250230317076635,0.2405496883571766,2.8550247367708743,0.8320203543250879,0.7380530980564346,0.03328081426557682
0.0010213076887881148,6.3923066364344345,70.0,4.3892675455100925,0.24863995763295965,2.9934628052112786,0.9506993023108237,0.8276106769468645,0.03802797238999938
0.0010218713797107309,6.5614139132192575,70.0,4.558374587752083,0.25851101840522167,3.161854353892336,1.0967570232166861,0.9331610882128125,0.04387028092848019
0.0010222797066898695,6.683912006960827,70.0,4.680872510820261,0.26571059630821386,3.283856867730897,1.2035959947351547,1.0072640502962307,0.04814383978837136
0.0010225779700192982,6.77339100578944,70.0,4.757731866013886,0.2704589646384992,3.36104037495915,1.2741356761283351,1.0519442581564593,0.050965430135074645
0.0010229657096049445,6.889712881483339,70.0,4.834415774932297,0.2753059025551215,3.4384268381160914,1.3497811667712836,1.0917881801817966,0.05399124876074786
0.0010233458453238733,7.003753597161993,70.0,4.88759675543188,0.27861586160388696,3.492220058258835,1.4082329086554835,1.1134124398020002,0.05632931636102634
0.0010238027219132651,7.140816573979535,70.0,4.930493677425068,0.2812031753791374,3.53564411211748,1.4634988681195078,1.1231383661608427,0.058539954972308
0.001024436627660781,7.330988298234315,70.0,4.965892485630053,0.2832835900558731,3.5714773107964284,1.5230722877146403,1.1187537897089659,0.06092289169853962
0.0010251160258412982,7.534807752389463,70.0,4.985318532269722,0.28440018489503593,3.5911367927702096,1.5737402457683336,1.101170811176178,0.06294960985409827
0.001025992141757516,7.797642527254782,70.0,4.99634836675801,0.2850266493971448,3.602296276991221,1.6288532442015495,1.0700732884183102,0.06515412977087498
0.0010272756524362875,8.182695730886246,70.0,5.00130206945879,0.28530663876928203,3.6073035805084928,1.7007254605446418,1.0206565166768362,0.06802901842195366
0.0010288446982543442,8.653409476303255,70.0,5.001703486552148,0.2853284469400391,3.6077012910110122,1.7828792092587193,0.9630222930169188,0.0713151683685608
0.001031288515627726,9.386554688317808,70.0,5.000750766029055,0.2852738521017639,3.6067247964959352,1.9061507164785174,0.8856073849167976,0.07624602865908671
0.0010349983378248036,10.499501347441065,70.0,5.000034883939955,0.2852329687380179,3.6059854425619466,2.0867797131989123,0.7942491279470876,0.08347118855455019
0.0010410359833319472,12.31079499958414,70.0,4.999880863094496,0.2852241744656768,3.6058125065555897,2.367814063108722,0.6940461603544978,0.0947125631339395
0.0010477447607200707,14.323428216021192,70.0,4.999934068856056,0.28522720140375335,3.6058437846899323,2.658590505609578,0.6242966774868131,0.10633393299803048
0.0010521306316020444,15.639189480613306,70.0,4.9999559698574325,0.28522827943041584,3.6057945706831407,2.807007964802482,0.5702888295268647,0.11227581054448998
0.0010566846196785452,17.00538590356356,70.0,4.999960795725971,0.2852288603346932,3.605806502976051,2.9536726182764417,0.5300664739896113,0.11814689794262559
0.0010608651447709182,18.259543431275432,70.0,4.999960470276314,0.28522874378576507,3.605804607940055,3.0852804126241398,0.5058679441297751,0.12341121652363933
0.0010692261949556642,20.76785848669924,70.0,4.999959902566575,0.28522870612580276,3.605799037563556,3.3424892846016494,0.4793972243918283,0.13369957167411742
0.0010706844360532219,21.205330815966548,70.0,4.999959862368841,0.28522870976307907,3.6057984755742734,3.3865985366659137,0.47736058741006016,0.135463968210059
0.0010715503862047974,21.46511586143921,70.0,4.999959849986113,0.28522871091874646,3.6057982687663146,3.412713895365429,0.47641751322496395,0.1365085560515667
0.0010724537463860232,21.736123915806946,70.0,4.999959843713822,0.28522871050934895,3.6057980685749653,3.4399087355848788,0.47559485970279347,0.1375963495317939
0.0010735234080873895,22.05702242621682,70.0,4.999959840840685,0.28522871090418433,3.605797897768784,3.472057068449263,0.47480270758989906,0.13888228286154605
0.0010752660898840519,22.579826965215545,70.0,4.999959839754043,0.2852287112938754,3.6057976900897604,3.5243258599382514,0.47387961949436663,0.1409730349346882
0.001078255312628356,23.476593788506754,70.0,4.999959839904212,0.2852287121971506,3.6057975480071494,3.6137245001910094,0.4731940306449114,0.1445489831398381
0.001082884790709064,24.865437212719208,70.0,4.999959840325659,0.2852287135190126,3.605797820622359,3.751685183026125,0.47389544894006885,0.1500674193397671
0.0010898553553255722,26.95660659767163,70.0,4.9999598408002885,0.2852287164499828,3.6057997635568437,3.958651630058041,0.4777822279807449,0.15834610302401525
0.0010910701878627136,27.321056358814076,70.0,4.999959841014917,0.28522872484157874,3.6058013566112823,3.994613716798532,0.4787967720442814,0.1597845502422803
0.0010934998529369964,28.049955881098892,70.0,4.999959843807285,0.2852288403352416,3.605822223770248,4.066096886511436,0.4805866533291807,0.16264451804694985
0.0010943117637835947,28.293529135078387,70.0,4.999959847068749,0.28522910170120375,3.605851592616197,4.089659882360304,0.48092188101445776,0.16358690738860993
0.0010950451676073993,28.513550282219775,70.0,4.999959853444629,0.2852296414018569,3.6059111732189426,4.11068775713131,0.48100065516626866,0.16442751088188523
0.00109612559851549,28.837679554647007,70.0,4.9999598876447,0.2852326484578089,3.6062387905333457,4.145146960344537,0.484652703571264,0.16580588825014608
0.0010965165008056334,28.95495024168999,70.0,4.999959916526867,0.2852370222783702,3.6065702465523004,4.160989686763894,0.4893555864247414,0.16643958750363935
0.0010969409494579942,29.08228483739825,70.0,4.999959968273511,0.2852428039410368,3.607125867747105,4.1827459342669355,0.49895197248874634,0.16730987399763694
0.0010972762334230592,29.182870026917744,70.0,4.99996003010143,0.28524839366935845,3.607758147226965,4.204424000470181,0.5108913057373474,0.16817696082188024
0.0010976647804915882,29.299434147476433,70.0,4.9999601362653205,0.2852587797902937,3.6088593415873875,4.2366536114203655,0.5315561644949751,0.16946614449448272
0.0010980164623922203,29.404938717666063,70.0,4.99996027761561,0.28527367567965883,3.6103715572832398,4.274923453520904,0.5589547410353526,0.17099693823501025
0.0010984835463689266,29.545063910677957,70.0,4.999960560103646,0.28530206437157674,3.6134682981203174,4.34391096004117,0.6124867410638015,0.1737564373429617
0.0010988142829552255,29.644284886567625,70.0,4.999960836086463,0.2853268006745912,3.616538013701007,4.4063049926494875,0.662905078118345,0.1762521993537419
0.001099166769255176,29.75003077655278,70.0,4.999961198559822,0.28535065877968313,3.6205139614224136,4.4829066993133715,0.7253445462914749,0.17931626802929734
0.0010995343205119322,29.860296153579643,70.0,4.999961631399728,0.2853639855791462,3.6250543669808275,4.5672906014027275,0.792949512084534,0.18269162260950164
0.0011,30.0,70.0,4.999962204897796,0.2853597164303147,3.6306276860476685,4.667507020043491,0.8685646873896511,0.18670023312914022
0.001100035869471258,30.0,70.0,4.999962246808043,0.285325876568614,3.630078708993891,4.6722197265932515,0.8711104445905093,0.18688878907367304
0.0011001076084137743,30.0,70.0,4.999962328463752,0.28528742000900215,3.6304013177352803,4.682451421814915,0.8770182687038008,0.18729805688351442
0.0011001562858271353,30.0,70.0,4.999962384009731,0.2852980949075422,3.6312508868341826,4.69066248469222,0.882327242505126,0.1876264994002419
0.0011002126974122973,30.0,70.0,4.999962448768143,0.2853214174637055,3.6320595474955293,4.7006004716265615,0.8888895260928215,0.1880239678626544
0.0011002873848087302,30.0,70.0,4.999962533678749,0.28533593580048583,3.632768426427603,4.713247829509799,0.8969964867040472,0.1885298386961979
0.0011003730930829417,30.0,70.0,4.999962629058014,0.28533656269483426,3.63350934177837,4.726984444018901,0.9054260063913815,0.18907937773662536
0.0011005445096313648,30.0,70.0,4.999962812674224,0.28532965869992155,3.635013288038268,4.752499929279342,0.9200559306648488,0.19009999714029854
0.0011008468515505284,30.0,70.0,4.999963110648194,0.28531260161972627,3.6373509939664013,4.79117497164932,0.938805605077599,0.1916469987019138
0.0011014093486397256,30.0,70.0,4.9999635704845105,0.2852837039010032,3.6406220487663408,4.8440169404763065,0.9530027154200793,0.19376066872764647
0.0011020800116431568,30.0,70.0,4.999963967764665,0.2852583718872716,3.643022054123704,4.881976120930941,0.9438690235910441,0.1952787077946657
0.0011028322399439698,30.0,70.0,4.999964253124735,0.2852395542218997,3.6443287068042864,4.902967587020648,0.9127183279894826,0.19611870269031476
0.0011035655905060164,30.0,70.0,4.999964412519657,0.285230883815126,3.644811685872045,4.9109759851787445,0.8719106948388937,0.19643903588916192
0.0011050322916301093,30.0,70.0,4.99996455085859,0.2852263996058257,3.6450158226855747,4.91463701640479,0.7864530554386713,0.1965854800880177
0.0011064027909446262,30.0,70.0,4.999964575611716,0.2852267255504508,3.6449029219027667,4.913216885215338,0.7122063430245538,0.19652867539605626
0.001108941790578791,30.0,70.0,4.999964562627557,0.28522778489746237,3.6446593659547157,4.9100476681320755,0.5975120182513738,0.19640190670052252
0.0011128876257521464,30.0,70.0,4.999964534267245,0.28522839319389337,3.644381994556336,4.906675956112021,0.4674526898556053,0.1962670373014627
0.0011169978342805763,30.0,70.0,4.9999645188232815,0.2852287777990095,3.6442330644316394,4.90479676594661,0.37764337900888245,0.19619187059630125
0.0011216326573624859,30.0,70.0,4.999964513217018,0.2852289944153826,3.6441760037270714,4.903868726004941,0.31354959512206904,0.1961547479757577
0.0011260993549179771,30.0,70.0,4.99996450895879,0.28522875372759166,3.644089248517936,4.902834609903923,0.275371977254093,0.19611338368333964
0.001131034880905976,30.0,70.0,4.999964504756823,0.2852288623943065,3.6440203202102657,4.901979055995616,0.2500964215301673,0.1960791624731543
0.0011366874640242955,30.0,70.0,4.999964501842115,0.2852289523726029,3.6439799385931586,4.90144943723194,0.23403810427613658,0.19605797764045033
0.0011429502301538482,30.0,70.0,4.999964500363357,0.2852289792699675,3.6439596892568735,4.9011709061105275,0.22506271951429602,0.19604683629557443
0.0011504796887264394,30.0,70.0,4.999964499798165,0.28522899407241326,3.6439520796044635,4.901048366884723,0.22028857011826508,0.19604193468879977
0.0011596642514451225,30.0,70.0,4.999964499796259,0.2852289988838902,3.643952515139648,4.901028802753294,0.21828069498030844,0.19604115211202827
0.0011717245523190413,30.0,70.0,4.999964500061521,0.28522899780105154,3.643956778088976,4.90106111464256,0.21778274239544615,0.19604244458700099
0.0011883169484757238,30.0,70.0,4.999964500368681,0.28522899473528096,3.643961535759657,4.901105586962718,0.2179508900431344,0.19604422465782367
0.001214045774093112,30.0,70.0,4.999964500579608,0.28522899230300897,3.643964767506354,4.90113755731352,0.21822040719161562,0.1960455022367132
0.001243342649093112,30.0,70.0,4.999964500626374,0.2852289916683271,3.64396547405093,4.901145013468127,0.218323007310818,0.1960458005638821
0.0012726395240931121,30.0,70.0,4.999964500614377,0.28522899175697036,3.643965284946612,4.901143433549443,0.21833358423105076,0.19604573734795167
0.0013019363990931121,30.0,70.0,4.999964500599404,0.28522899190086337,3.6439650524851177,4.9011412838772515,0.21832757937751834,0.19604565135508648
0.0013312332740931122,30.0,70.0,4.999964500591909,0.2852289919752,3.6439649361614372,4.901140202879299,0.21832408766465483,0.19604560811609031
0.0013605301490931122,30.0,70.0,4.999964500589513,0.2852289919969514,3.6439648989579525,4.901139860956261,0.21832331427528917,0.19604559443770428
0.0013898270240931122,30.0,70.0,4.999964500589162,0.2852289920000952,3.643964893450457,4.90113981223521,0.21832337435949833,0.1960455924890241
0.0014191238990931122,30.0,70.0,4.9999645005893125,0.2852289919992404,3.6439648957765587,4.901139834244443,0.2183234798806073,0.19604559336963284
0.0014484207740931123,30.0,70.0,4.999964500589466,0.2852289919973999,3.6439648981723747,4.901139856091133,0.21832351299123975,0.1960455942439138
0.0014777176490931123,30.0,70.0,4.9999645005895434,0.2852289919965389,3.6439648993774902,4.901139866889583,0.21832351245569193,0.19604559467562083
0.0015070145240931123,30.0,70.0,4.999964500589571,0.2852289919958746,3.6439648997890854,4.901139870513126,0.2183235073532852,0.19604559482095454
0.0015363113990931123,30.0,70.0,4.999964500589575,0.28522899199614793,3.643964899867169,4.901139871194406,0.2183235049250305,0.1960455948473354
0.0015656082740931124,30.0,70.0,4.9999645005895745,0.2852289919965156,3.6439648998492395,4.901139871021942,0.21832350445300674,0.19604559484089265
0.0015949051490931124,30.0,70.0,4.999964500589573,0.2852289919962958,3.6439648998264005,4.901139870826917,0.21832350459800787,0.19604559483309275
0.0016242020240931124,30.0,70.0,4.99996450058957,0.28522899199669116,3.643964899813807,4.901139870707436,0.21832350474247675,0.196045594828248
0.0016534988990931125,30.0,70.0,4.99996450058957,0.285228991996346,3.6439648998086964,4.901139870662531,0.21832350480785423,0.19604559482646053
0.0016827957740931125,30.0,70.0,4.999964500589571,0.28522899199639645,3.6439648998065453,4.901139870651411,0.21832350482435303,0.19604559482607492
0.0017120926490931125,30.0,70.0,4.99996450058957,0.2852289919966473,3.643964899806844,4.9011398706521145,0.2183235048246066,0.19604559482612507
0.0017413895240931125,30.0,70.0,4.999964500589569,0.2852289919963669,3.643964899807909,4.9011398706552045,0.21832350482190743,0.19604559482620051
0.0017706863990931126,30.0,70.0,4.999964500589571,0.28522899199642354,3.643964899807792,4.90113987065614,0.21832350481981266,0.19604559482623132
0.0017999832740931126,30.0,70.0,4.999964500589571,0.2852289919961146,3.6439648998076333,4.901139870656488,0.2183235048194505,0.19604559482627085
0.0018292801490931126,30.0,70.0,4.99996450058957,0.28522899199607116,3.643964899807397,4.901139870656373,0.2183235048191554,0.19604559482625042
0.0018585770240931126,30.0,70.0,4.99996450058957,0.28522899199600743,3.6439648998075587,4.9011398706565075,0.2183235048192953,0.19604559482625467
0.0018878738990931127,30.0,70.0,4.99996450058957,0.28522899199594703,3.643964899807624,4.901139870656607,0.21832350481938034,0.1960455948262628
0.0019171707740931127,30.0,70.0,4.999964500589572,0.28522899199609786,3.643964899807756,4.901139870656741,0.2183235048194847,0.19604559482627654
0.0019464676490931127,30.0,70.0,4.999964500589572,0.2852289919961599,3.643964899807538,4.9011398706564755,0.21832350481937213,0.19604559482626957
0.0019757645240931127,30.0,70.0,4.99996450058957,0.28522899199596097,3.6439648998074197,4.901139870656373,0.21832350481928864,0.19604559482625342
0.0020050613990931125,30.0,70.0,4.999964500589573,0.285228991996183,3.6439648998071905,4.901139870656199,0.21832350481931417,0.19604559482625103
0.0020343582740931124,30.0,70.0,4.999964500589571,0.28522899199627383,3.6439648998078287,4.901139870656768,0.21832350481940765,0.19604559482625472
0.002063655149093112,30.0,70.0,4.999964500589573,0.2852289919958303,3.643964899807456,4.901139870656468,0.2183235048193315,0.19604559482626369
0.002092952024093112,30.0,70.0,4.99996450058957,0.2852289919959394,3.643964899807832,4.901139870656735,0.21832350481924978,0.19604559482624972
0.002122248899093112,30.0,70.0,4.999964500589572,0.2852289919960369,3.643964899807637,4.90113987065664,0.21832350481937524,0.19604559482626913
0.0021515457740931116,30.0,70.0,4.99996450058957,0.28522899199670393,3.6439648998073904,4.901139870656379,0.21832350481921847,0.19604559482625114
0.0021808426490931114,30.0,70.0,4.999964500589572,0.28522899199620244,3.6439648998075347,4.901139870656505,0.21832350481930485,0.1960455948262513
0.002210139524093111,30.0,70.0,4.999964500589569,0.28522899199609136,3.643964899807445,4.901139870656443,0.21832350481946672,0.19604559482627043
0.002239436399093111,30.0,70.0,4.99996450058957,0.28522899199653456,3.643964899807542,4.901139870656494,0.2183235048194987,0.19604559482627282
0.002268733274093111,30.0,70.0,4.999964500589572,0.28522899199652024,3.6439648998079748,4.90113987065692,0.21832350481933394,0.19604559482625697
0.0022980301490931106,30.0,70.0,4.999964500589573,0.28522899199654783,3.6439648998076484,4.901139870656653,0.21832350481919804,0.1960455948262564
0.0023273270240931104,30.0,70.0,4.999964500589571,0.2852289919965248,3.643964899807394,4.9011398706563805,0.21832350481928686,0.19604559482626
0.0023566238990931103,30.0,70.0,4.999964500589569,0.28522899199643165,3.643964899807694,4.901139870656624,0.21832350481931573,0.19604559482625253
0.00238592077409311,30.0,70.0,4.999964500589574,0.28522899199616536,3.643964899807936,4.901139870656966,0.21832350481929352,0.19604559482625583
0.00241521764909311,30.0,70.0,4.99996450058957,0.28522899199602225,3.6439648998075427,4.901139870656537,0.2183235048193859,0.19604559482627792
0.0024445145240931097,30.0,70.0,4.99996450058957,0.28522899199666707,3.6439648998076204,4.901139870656627,0.21832350481942298,0.1960455948262708
0.0024738113990931095,30.0,70.0,4.99996450058957,0.2852289919967681,3.6439648998077137,4.901139870656669,0.2183235048191552,0.19604559482624265
0.0025031082740931093,30.0,70.0,4.999964500589572,0.28522899199622326,3.6439648998073797,4.901139870656373,0.21832350481923313,0.1960455948262525
0.002532405149093109,30.0,70.0,4.999964500589571,0.28522899199602136,3.643964899807361,4.90113987065637,0.21832350481929086,0.19604559482624978
0.002561702024093109,30.0,70.0,4.999964500589574,0.28522899199649393,3.6439648998072744,4.901139870656216,0.2183235048195833,0.19604559482627834
0.0025909988990931087,30.0,70.0,4.99996450058957,0.28522899199622076,3.6439648998078176,4.901139870656827,0.21832350481936236,0.19604559482625067
0.0026202957740931085,30.0,70.0,4.999964500589569,0.2852289919964856,3.6439648998073966,4.901139870656401,0.21832350481913987,0.19604559482624578
0.0026495926490931083,30.0,70.0,4.999964500589574,0.28522899199612856,3.643964899808031,4.901139870656946,0.218323504819256,0.19604559482624864
0.002678889524093108,30.0,70.0,4.99996450058957,0.28522899199634477,3.6439648998072833,4.901139870656278,0.21832350481915563,0.19604559482625228
0.002708186399093108,30.0,70.0,4.99996450058957,0.28522899199630253,3.643964899807398,4.9011398706563245,0.21832350481935614,0.19604559482625555
0.0027374832740931078,30.0,70.0,4.999964500589571,0.2852289919964279,3.643964899807467,4.9011398706564355,0.2183235048195158,0.1960455948262693
0.0027667801490931076,30.0,70.0,4.99996450058957,0.2852289919968526,3.643964899807341,4.901139870656248,0.21832350481944207,0.19604559482626535
0.0027960770240931074,30.0,70.0,4.99996450058957,0.2852289919962133,3.6439648998075977,4.901139870656614,0.21832350481954377,0.1960455948262713
0.002825373899093107,30.0,70.0,4.999964500589572,0.2852289919964335,3.6439648998078917,4.901139870656792,0.21832350481928842,0.19604559482625494
0.002854670774093107,30.0,70.0,4.999964500589572,0.2852289919964066,3.6439648998077243,4.901139870656672,0.21832350481937213,0.19604559482627162
0.002883967649093107,30.0,70.0,4.99996450058957,0.2852289919959984,3.6439648998075422,4.901139870656493,0.21832350481933305,0.19604559482626482
0.0029132645240931066,30.0,70.0,4.999964500589572,0.28522899199608437,3.6439648998074095,4.901139870656399,0.21832350481929708,0.19604559482625428
0.0029425613990931064,30.0,70.0,4.999964500589569,0.2852289919964663,3.6439648998073686,4.901139870656335,0.21832350481949714,0.19604559482627093
0.0029718582740931062,30.0,70.0,4.999964500589569,0.28522899199626955,3.643964899807295,4.901139870656314,0.21832350481946783,0.1960455948262654
0.003001155149093106,30.0,70.0,4.99996450058957,0.2852289919960258,3.6439648998076097,4.9011398706566105,0.21832350481946872,0.1960455948262647
0.003030452024093106,30.0,70.0,4.99996450058957,0.2852289919960199,3.6439648998077274,4.901139870656654,0.21832350481924268,0.19604559482625042
0.0030597488990931057,30.0,70.0,4.99996450058957,0.2852289919964287,3.643964899807632,4.901139870656587,0.21832350481933416,0.19604559482626333
0.0030890457740931055,30.0,70.0,4.999964500589571,0.2852289919961539,3.643964899807892,4.901139870656886,0.2183235048193639,0.1960455948262645
0.0031183426490931053,30.0,70.0,4.999964500589571,0.285228991996061,3.6439648998077137,4.9011398706566505,0.21832350481921559,0.19604559482625752
0.003147639524093105,30.0,70.0,4.99996450058957,0.28522899199607965,3.643964899807274,4.901139870656166,0.21832350481916096,0.1960455948262463
0.003176936399093105,30.0,70.0,4.99996450058957,0.28522899199641666,3.6439648998077905,4.901139870656767,0.21832350481954244,0.1960455948262694
0.0032062332740931047,30.0,70.0,4.999964500589574,0.2852289919961321,3.6439648998074063,4.901139870656397,0.21832350481923202,0.19604559482625256
0.0032355301490931045,30.0,70.0,4.999964500589571,0.2852289919959042,3.643964899807761,4.901139870656726,0.21832350481951246,0.1960455948262745
0.0032648270240931043,30.0,70.0,4.999964500589573,0.28522899199619844,3.6439648998074063,4.901139870656363,0.21832350481937546,0.1960455948262683
0.003294123899093104,30.0,70.0,4.999964500589569,0.28522899199627977,3.6439648998076417,4.901139870656623,0.21832350481950802,0.19604559482627273
0.003323420774093104,30.0,70.0,4.99996450058957,0.28522899199635066,3.643964899807128,4.9011398706561025,0.2183235048193488,0.1960455948262619
0.0033527176490931038,30.0,70.0,4.999964500589572,0.28522899199650187,3.643964899807331,4.901139870656279,0.21832350481955398,0.19604559482626868
0.0033820145240931036,30.0,70.0,4.99996450058957,0.2852289919961945,3.643964899807796,4.90113987065679,0.2183235048193397,0.19604559482624864
0.0034113113990931034,30.0,70.0,4.99996450058957,0.28522899199625373,3.6439648998077536,4.90113987065678,0.21832350481928242,0.19604559482626
0.003440608274093103,30.0,70.0,4.99996450058957,0.28522899199611235,3.643964899807854,4.901139870656863,0.218323504819121,0.1960455948262463
0.003469905149093103,30.0,70.0,4.999964500589573,0.28522899199622914,3.6439648998076875,4.90113987065667,0.21832350481937013,0.19604559482627448
0.003499202024093103,30.0,70.0,4.999964500589574,0.2852289919963158,3.64396489980767,4.901139870656628,0.21832350481917961,0.1960455948262486
0.0035284988990931026,30.0,70.0,4.999964500589573,0.28522899199633744,3.643964899807328,4.901139870656334,0.21832350481921026,0.196045594826249
0.0035577957740931024,30.0,70.0,4.99996450058957,0.28522899199671903,3.6439648998073118,4.901139870656269,0.21832350481927532,0.19604559482624634
0.0035870926490931022,30.0,70.0,4.99996450058957,0.2852289919960529,3.6439648998079845,4.901139870656946,0.21832350481952179,0.1960455948262684
0.003616389524093102,30.0,70.0,4.99996450058957,0.2852289919957704,3.6439648998075493,4.901139870656527,0.2183235048194483,0.19604559482628175
0.003645686399093102,30.0,70.0,4.999964500589571,0.28522899199634316,3.6439648998074015,4.901139870656309,0.2183235048192489,0.19604559482625256
0.0036749832740931017,30.0,70.0,4.999964500589572,0.28522899199609075,3.643964899807467,4.901139870656465,0.21832350481935148,0.19604559482625353
0.0037042801490931015,30.0,70.0,4.99996450058957,0.28522899199668406,3.643964899807258,4.90113987065623,0.21832350481930551,0.19604559482625183
0.0037335770240931013,30.0,70.0,4.999964500589572,0.2852289919965573,3.643964899807258,4.901139870656224,0.21832350481938612,0.19604559482625422
0.003762873899093101,30.0,70.0,4.999964500589573,0.28522899199633417,3.643964899807465,4.901139870656468,0.21832350481944407,0.1960455948262588
0.003792170774093101,30.0,70.0,4.999964500589569,0.2852289919962452,3.643964899807703,4.901139870656692,0.218323504819389,0.19604559482626072
0.0038214676490931007,30.0,70.0,4.999964500589572,0.28522899199605545,3.643964899807611,4.90113987065657,0.21832350481921825,0.1960455948262517
0.0038507645240931005,30.0,70.0,4.99996450058957,0.28522899199603347,3.643964899807724,4.901139870656696,0.21832350481942275,0.1960455948262705
0.0038800613990931003,30.0,70.0,4.999964500589571,0.28522899199646984,3.6439648998074,4.901139870656363,0.2183235048194121,0.1960455948262722
0.003909358274093101,30.0,70.0,4.99996450058957,0.28522899199596163,3.6439648998071594,4.901139870656095,0.218323504819248,0.1960455948262452
0.003938655149093101,30.0,70.0,4.99996450058957,0.28522899199646135,3.6439648998071945,4.901139870656128,0.21832350481964458,0.19604559482627612
0.003967952024093101,30.0,70.0,4.999964500589572,0.2852289919962146,3.643964899807835,4.901139870656779,0.2183235048196186,0.19604559482627287
0.003997248899093101,30.0,70.0,4.999964500589572,0.28522899199615503,3.643964899807929,4.901139870656958,0.21832350481932394,0.1960455948262631
0.0040265457740931015,30.0,70.0,4.99996450058957,0.2852289919962845,3.6439648998073393,4.901139870656328,0.21832350481925222,0.19604559482626566
0.004055842649093102,30.0,70.0,4.999964500589573,0.2852289919958733,3.643964899807538,4.90113987065651,0.21832350481952223,0.19604559482627498
0.004085139524093102,30.0,70.0,4.999964500589571,0.2852289919957788,3.6439648998075094,4.901139870656486,0.2183235048192549,0.196045594826248
0.004114436399093102,30.0,70.0,4.99996450058957,0.2852289919962676,3.643964899807403,4.901139870656392,0.21832350481953444,0.19604559482627756
0.0041437332740931025,30.0,70.0,4.99996450058957,0.28522899199642826,3.6439648998078997,4.90113987065691,0.218323504819405,0.19604559482626138
0.004173030149093103,30.0,70.0,4.999964500589572,0.2852289919964822,3.6439648998070346,4.901139870656034,0.21832350481914187,0.1960455948262496
0.004202327024093103,30.0,70.0,4.999964500589574,0.2852289919961081,3.6439648998079157,4.901139870656886,0.21832350481957108,0.1960455948262704
0.004231623899093103,30.0,70.0,4.999964500589574,0.28522899199664903,3.64396489980731,4.901139870656335,0.2183235048191774,0.19604559482625006
0.0042609207740931035,30.0,70.0,4.99996450058957,0.28522899199661844,3.6439648998076586,4.9011398706566185,0.21832350481954443,0.1960455948262767
0.004290217649093104,30.0,70.0,4.999964500589572,0.2852289919964685,3.6439648998077465,4.901139870656684,0.2183235048192831,0.19604559482625486
0.004319514524093104,30.0,70.0,4.999964500589573,0.285228991996387,3.643964899807659,4.9011398706566105,0.21832350481929086,0.19604559482625936
0.004348811399093104,30.0,70.0,4.999964500589571,0.2852289919960579,3.643964899807608,4.901139870656528,0.2183235048194565,0.19604559482627487
0.0043781082740931045,30.0,70.0,4.99996450058957,0.28522899199619767,3.6439648998074197,4.901139870656374,0.21832350481919982,0.1960455948262448
0.004407405149093105,30.0,70.0,4.999964500589569,0.28522899199642054,3.6439648998072625,4.901139870656223,0.2183235048195138,0.1960455948262722
0.004436702024093105,30.0,70.0,4.99996450058957,0.28522899199671603,3.64396489980762,4.901139870656598,0.21832350481951646,0.19604559482626688
0.004465998899093105,30.0,70.0,4.999964500589572,0.2852289919967314,3.6439648998076923,4.901139870656678,0.21832350481945806,0.19604559482627174
0.0044952957740931054,30.0,70.0,4.99996450058957,0.28522899199544843,3.643964899808016,4.90113987065696,0.21832350481935991,0.19604559482626663
0.004524592649093106,30.0,70.0,4.999964500589571,0.28522899199628327,3.643964899807469,4.901139870656471,0.21832350481921425,0.1960455948262607
0.004553889524093106,30.0,70.0,4.999964500589573,0.2852289919960545,3.6439648998073046,4.901139870656284,0.2183235048194747,0.1960455948262741
0.004583186399093106,30.0,70.0,4.99996450058957,0.2852289919965573,3.6439648998076395,4.90113987065659,0.21832350481940166,0.19604559482625708
0.004612483274093106,30.0,70.0,4.999964500589572,0.28522899199627183,3.643964899807787,4.901139870656797,0.2183235048194554,0.19604559482627104
0.004641780149093107,30.0,70.0,4.999964500589573,0.28522899199614765,3.6439648998073344,4.901139870656317,0.21832350481922358,0.19604559482625575
0.004671077024093107,30.0,70.0,4.999964500589571,0.2852289919961277,3.6439648998077416,4.901139870656717,0.21832350481943585,0.19604559482626446
0.004700373899093107,30.0,70.0,4.99996450058957,0.2852289919962342,3.6439648998078367,4.9011398706567775,0.21832350481929108,0.19604559482625847
0.004729670774093107,30.0,70.0,4.999964500589574,0.28522899199613677,3.6439648998072838,4.901139870656216,0.21832350481926954,0.19604559482626058
0.004758967649093108,30.0,70.0,4.999964500589573,0.285228991996548,3.6439648998075613,4.901139870656478,0.21832350481947294,0.19604559482626482
0.004788264524093108,30.0,70.0,4.999964500589574,0.2852289919963809,3.643964899807718,4.901139870656714,0.21832350481926333,0.19604559482624725
0.004817561399093108,30.0,70.0,4.999964500589569,0.285228991996027,3.643964899807621,4.901139870656559,0.21832350481920093,0.19604559482625
0.004846858274093108,30.0,70.0,4.999964500589568,0.28522899199620266,3.6439648998074077,4.901139870656385,0.21832350481921847,0.19604559482624875
0.004876155149093109,30.0,70.0,4.999964500589573,0.2852289919964414,3.6439648998072376,4.9011398706562,0.21832350481945162,0.19604559482626652
0.004905452024093109,30.0,70.0,4.99996450058957,0.28522899199635887,3.6439648998072314,4.901139870656211,0.21832350481941387,0.19604559482625555
0.004934748899093109,30.0,70.0,4.99996450058957,0.28522899199643065,3.6439648998079033,4.901139870656918,0.21832350481950336,0.19604559482626424
0.004964045774093109,30.0,70.0,4.999964500589572,0.2852289919964101,3.6439648998072065,4.901139870656145,0.2183235048193204,0.19604559482626754
0.0049933426490931096,30.0,70.0,4.999964500589571,0.2852289919961997,3.6439648998076635,4.90113987065662,0.21832350481947338,0.1960455948262641
0.00502263952409311,30.0,70.0,4.999964500589572,0.285228991996324,3.643964899807405,4.90113987065636,0.21832350481938656,0.1960455948262646
0.00505193639909311,30.0,70.0,4.99996450058957,0.28522899199645785,3.6439648998075915,4.901139870656517,0.2183235048192973,0.19604559482625
0.00508123327409311,30.0,70.0,4.99996450058957,0.2852289919961421,3.643964899807717,4.901139870656682,0.21832350481936813,0.19604559482626088
0.0051105301490931105,30.0,70.0,4.999964500589574,0.28522899199682406,3.6439648998079055,4.901139870656875,0.21832350481943985,0.19604559482627446
0.005139827024093111,30.0,70.0,4.999964500589573,0.2852289919963272,3.643964899807371,4.90113987065636,0.21832350481936125,0.19604559482627332
0.005169123899093111,30.0,70.0,4.999964500589573,0.28522899199653357,3.643964899807766,4.901139870656736,0.21832350481932372,0.19604559482625428
0.005198420774093111,30.0,70.0,4.99996450058957,0.2852289919962808,3.643964899807925,4.9011398706568805,0.21832350481928842,0.19604559482625875
0.0052277176490931115,30.0,70.0,4.999964500589574,0.2852289919959476,3.643964899807642,4.901139870656618,0.21832350481933216,0.19604559482627026
0.005257014524093112,30.0,70.0,4.999964500589572,0.28522899199617646,3.6439648998072736,4.901139870656259,0.21832350481926976,0.1960455948262567
0.005286311399093112,30.0,70.0,4.999964500589573,0.2852289919964224,3.6439648998080196,4.901139870656989,0.2183235048194363,0.19604559482626094
0.005315608274093112,30.0,70.0,4.999964500589571,0.2852289919966769,3.6439648998076173,4.90113987065659,0.2183235048192136,0.19604559482625813
0.0053449051490931125,30.0,70.0,4.999964500589572,0.2852289919963581,3.6439648998072247,4.901139870656192,0.2183235048192369,0.19604559482625314
0.005374202024093113,30.0,70.0,4.999964500589572,0.2852289919956381,3.643964899807374,4.901139870656358,0.2183235048195491,0.19604559482627074
0.005403498899093113,30.0,70.0,4.99996450058957,0.2852289919963347,3.643964899807303,4.901139870656249,0.21832350481941942,0.19604559482625955
0.005432795774093113,30.0,70.0,4.99996450058957,0.28522899199663665,3.6439648998072167,4.901139870656167,0.21832350481960527,0.19604559482627704
0.0054620926490931134,30.0,70.0,4.999964500589569,0.28522899199621093,3.64396489980762,4.901139870656552,0.2183235048194232,0.19604559482625522
0.005491389524093114,30.0,70.0,4.99996450058957,0.28522899199632745,3.643964899807592,4.901139870656571,0.21832350481929508,0.1960455948262534
0.005520686399093114,30.0,70.0,4.999964500589572,0.2852289919961647,3.6439648998074103,4.901139870656354,0.21832350481914187,0.1960455948262405
0.005549983274093114,30.0,70.0,4.999964500589572,0.2852289919963387,3.6439648998077048,4.901139870656707,0.21832350481949292,0.19604559482627032
0.005579280149093114,30.0,70.0,4.99996450058957,0.28522899199614954,3.6439648998075453,4.901139870656528,0.21832350481939056,0.19604559482626902
0.005608577024093115,30.0,70.0,4.999964500589572,0.28522899199604823,3.6439648998077723,4.9011398706567615,0.21832350481923513,0.19604559482624936
0.005637873899093115,30.0,70.0,4.99996450058957,0.2852289919961588,3.643964899807733,4.9011398706567,0.21832350481936302,0.1960455948262688
0.005667170774093115,30.0,70.0,4.999964500589568,0.2852289919961819,3.6439648998074134,4.901139870656394,0.21832350481916185,0.1960455948262472
0.005696467649093115,30.0,70.0,4.999964500589572,0.2852289919964171,3.6439648998076044,4.901139870656568,0.21832350481923002,0.1960455948262443
0.005725764524093116,30.0,70.0,4.99996450058957,0.28522899199667895,3.6439648998070258,4.9011398706560545,0.21832350481951357,0.1960455948262773
0.005755061399093116,30.0,70.0,4.999964500589573,0.2852289919964808,3.643964899807909,4.901139870656866,0.21832350481960283,0.19604559482627187
0.005784358274093116,30.0,70.0,4.999964500589574,0.28522899199650026,3.643964899807674,4.901139870656667,0.21832350481929774,0.19604559482626227
0.005813655149093116,30.0,70.0,4.99996450058957,0.28522899199657514,3.6439648998072958,4.901139870656259,0.21832350481940455,0.19604559482627268
0.005842952024093117,30.0,70.0,4.99996450058957,0.2852289919965911,3.6439648998073033,4.901139870656289,0.21832350481950002,0.19604559482626852
0.005872248899093117,30.0,70.0,4.999964500589571,0.28522899199656504,3.6439648998076812,4.9011398706566585,0.21832350481941765,0.19604559482625777
0.005901545774093117,30.0,70.0,4.999964500589572,0.2852289919962921,3.643964899808006,4.901139870656977,0.21832350481938034,0.19604559482626582
0.005930842649093117,30.0,70.0,4.999964500589571,0.285228991996216,3.6439648998071266,4.901139870656134,0.21832350481927465,0.19604559482626743
0.005960139524093118,30.0,70.0,4.999964500589573,0.285228991995967,3.6439648998077074,4.901139870656705,0.2183235048193688,0.19604559482625294
0.005989436399093118,30.0,70.0,4.999964500589571,0.2852289919960295,3.6439648998079117,4.90113987065686,0.21832350481916207,0.1960455948262432
0.006018733274093118,30.0,70.0,4.999964500589569,0.2852289919960176,3.6439648998077043,4.901139870656664,0.21832350481937124,0.1960455948262736
0.006048030149093118,30.0,70.0,4.999964500589571,0.2852289919964321,3.6439648998078593,4.901139870656846,0.2183235048192802,0.1960455948262593
0.0060773270240931185,30.0,70.0,4.999964500589574,0.28522899199599255,3.6439648998071257,4.9011398706560785,0.21832350481936302,0.19604559482627198
0.006106623899093119,30.0,70.0,4.999964500589569,0.2852289919959496,3.643964899807849,4.901139870656798,0.21832350481933793,0.19604559482624642
0.006135920774093119,30.0,70.0,4.999964500589573,0.28522899199640617,3.643964899807619,4.901139870656621,0.218323504819405,0.19604559482627099
0.006165217649093119,30.0,70.0,4.999964500589571,0.28522899199672125,3.6439648998074685,4.901139870656435,0.21832350481921092,0.19604559482625017
0.0061945145240931195,30.0,70.0,4.99996450058957,0.28522899199634744,3.6439648998077674,4.901139870656765,0.21832350481935525,0.19604559482625852
0.00622381139909312,30.0,70.0,4.999964500589571,0.28522899199629886,3.6439648998076084,4.901139870656587,0.21832350481941454,0.1960455948262735
0.00625310827409312,30.0,70.0,4.99996450058957,0.28522899199665386,3.643964899807415,4.901139870656448,0.21832350481925467,0.19604559482625347
0.00628240514909312,30.0,70.0,4.999964500589572,0.2852289919964919,3.6439648998076293,4.901139870656586,0.2183235048194201,0.1960455948262652
0.0063117020240931205,30.0,70.0,4.999964500589572,0.285228991995792,3.6439648998072656,4.901139870656225,0.2183235048194403,0.1960455948262706
0.006340998899093121,30.0,70.0,4.999964500589569,0.28522899199650265,3.6439648998077123,4.901139870656647,0.21832350481941942,0.19604559482625825
0.006370295774093121,30.0,70.0,4.99996450058957,0.28522899199641205,3.643964899807214,4.901139870656263,0.21832350481948337,0.19604559482627593
0.006399592649093121,30.0,70.0,4.999964500589571,0.285228991996536,3.643964899807509,4.901139870656452,0.21832350481935792,0.1960455948262537
0.0064288895240931215,30.0,70.0,4.999964500589568,0.28522899199626034,3.643964899807768,4.901139870656792,0.21832350481931706,0.19604559482625292
0.006458186399093122,30.0,70.0,4.999964500589571,0.28522899199652413,3.643964899807253,4.901139870656244,0.21832350481931573,0.1960455948262645
0.006487483274093122,30.0,70.0,4.999964500589569,0.28522899199636387,3.6439648998078202,4.9011398706567855,0.21832350481928686,0.19604559482624662
0.006516780149093122,30.0,70.0,4.999964500589572,0.28522899199646884,3.643964899807691,4.9011398706566895,0.21832350481933305,0.1960455948262646
0.0065460770240931224,30.0,70.0,4.99996450058957,0.2852289919962267,3.64396489980728,4.901139870656263,0.2183235048194352,0.19604559482627562
0.006575373899093123,30.0,70.0,4.999964500589569,0.2852289919966103,3.64396489980736,4.901139870656379,0.21832350481946472,0.19604559482626488
0.006604670774093123,30.0,70.0,4.999964500589572,0.2852289919964626,3.6439648998072927,4.9011398706562215,0.21832350481950424,0.19604559482626965
0.006633967649093123,30.0,70.0,4.999964500589571,0.2852289919966582,3.643964899808085,4.901139870657078,0.2183235048195078,0.19604559482626605
0.006663264524093123,30.0,70.0,4.999964500589571,0.2852289919961395,3.643964899807511,4.901139870656506,0.2183235048193266,0.19604559482627323
0.006692561399093124,30.0,70.0,4.99996450058957,0.28522899199612106,3.6439648998079823,4.901139870656954,0.21832350481948248,0.19604559482627718
0.006721858274093124,30.0,70.0,4.999964500589572,0.285228991996076,3.6439648998080827,4.901139870657024,0.21832350481924223,0.19604559482626205
0.006751155149093124,30.0,70.0,4.999964500589569,0.28522899199636076,3.6439648998072403,4.901139870656205,0.21832350481927953,0.19604559482627046
0.006780452024093124,30.0,70.0,4.99996450058957,0.2852289919962219,3.6439648998078793,4.901139870656831,0.21832350481931018,0.19604559482624853
0.006809748899093125,30.0,70.0,4.99996450058957,0.2852289919963693,3.6439648998074747,4.901139870656438,0.21832350481927953,0.19604559482625938
0.006839045774093125,30.0,70.0,4.99996450058957,0.285228991996269,3.6439648998077594,4.901139870656774,0.21832350481930507,0.1960455948262541
0.006868342649093125,30.0,70.0,4.999964500589574,0.28522899199642204,3.643964899807355,4.901139870656328,0.21832350481921337,0.1960455948262529
0.006897639524093125,30.0,70.0,4.9999645005895745,0.2852289919962206,3.643964899807249,4.901139870656226,0.21832350481948115,0.19604559482626902
0.006926936399093126,30.0,70.0,4.99996450058957,0.28522899199647894,3.643964899807351,4.90113987065634,0.218323504819375,0.19604559482625192
0.006956233274093126,30.0,70.0,4.999964500589571,0.2852289919963111,3.643964899807718,4.901139870656703,0.2183235048193397,0.19604559482625117
0.006985530149093126,30.0,70.0,4.999964500589573,0.2852289919960936,3.6439648998073353,4.901139870656383,0.2183235048193528,0.196045594826265
0.007014827024093126,30.0,70.0,4.999964500589572,0.2852289919961671,3.6439648998070813,4.901139870656023,0.2183235048192489,0.1960455948262466
0.0070441238990931266,30.0,70.0,4.999964500589571,0.2852289919963705,3.6439648998074956,4.901139870656476,0.21832350481953067,0.19604559482626258
0.007073420774093127,30.0,70.0,4.999964500589571,0.2852289919964777,3.643964899807904,4.901139870656903,0.2183235048194736,0.1960455948262683
0.007102717649093127,30.0,70.0,4.999964500589573,0.28522899199683893,3.643964899807861,4.901139870656844,0.21832350481931306,0.19604559482626813
0.007132014524093127,30.0,70.0,4.999964500589573,0.2852289919959927,3.643964899807757,4.90113987065672,0.21832350481932683,0.19604559482627054
0.0071613113990931275,30.0,70.0,4.99996450058957,0.2852289919959206,3.6439648998078793,4.901139870656875,0.21832350481930196,0.19604559482626308
0.007190608274093128,30.0,70.0,4.999964500589571,0.28522899199663376,3.6439648998075267,4.90113987065649,0.21832350481927043,0.19604559482626333
0.007219905149093128,30.0,70.0,4.999964500589569,0.2852289919964519,3.643964899807707,4.901139870656668,0.21832350481931884,0.19604559482625725
0.007249202024093128,30.0,70.0,4.99996450058957,0.28522899199589824,3.643964899807163,4.901139870656145,0.21832350481940277,0.1960455948262692
0.0072784988990931285,30.0,70.0,4.999964500589572,0.2852289919959455,3.6439648998072545,4.901139870656256,0.21832350481959129,0.19604559482627384
0.007307795774093129,30.0,70.0,4.999964500589572,0.2852289919961685,3.643964899807223,4.90113987065621,0.21832350481960905,0.19604559482627612
0.007337092649093129,30.0,70.0,4.999964500589572,0.2852289919962924,3.643964899807135,4.90113987065613,0.21832350481957108,0.1960455948262717
0.007366389524093129,30.0,70.0,4.99996450058957,0.28522899199640056,3.643964899807661,4.901139870656584,0.21832350481951734,0.1960455948262637
0.0073956863990931295,30.0,70.0,4.999964500589573,0.28522899199669866,3.6439648998076595,4.901139870656591,0.21832350481923757,0.19604559482624825
0.00742498327409313,30.0,70.0,4.999964500589569,0.28522899199682367,3.6439648998074787,4.901139870656434,0.21832350481925888,0.19604559482625367
0.00745428014909313,30.0,70.0,4.999964500589571,0.2852289919960808,3.643964899807692,4.901139870656674,0.2183235048194907,0.19604559482627282
0.00748357702409313,30.0,70.0,4.999964500589572,0.2852289919961675,3.643964899807461,4.901139870656442,0.2183235048191705,0.19604559482624542
0.0075128738990931304,30.0,70.0,4.99996450058957,0.2852289919966781,3.6439648998074365,4.901139870656436,0.21832350481928287,0.1960455948262513
0.007542170774093131,30.0,70.0,4.999964500589571,0.2852289919968442,3.6439648998072682,4.901139870656279,0.21832350481943408,0.1960455948262655
0.007571467649093131,30.0,70.0,4.999964500589569,0.28522899199634144,3.6439648998072425,4.901139870656225,0.21832350481938478,0.1960455948262554
0.007600764524093131,30.0,70.0,4.999964500589572,0.2852289919962985,3.643964899808,4.9011398706569445,0.218323504819409,0.1960455948262554
0.007630061399093131,30.0,70.0,4.999964500589575,0.28522899199629204,3.6439648998075085,4.901139870656481,0.21832350481927976,0.19604559482626419
0.007659358274093132,30.0,70.0,4.999964500589569,0.28522899199650864,3.6439648998077048,4.90113987065667,0.21832350481925777,0.1960455948262522
0.007688655149093132,30.0,70.0,4.999964500589571,0.28522899199615886,3.6439648998071723,4.901139870656181,0.21832350481925622,0.19604559482625458
0.007717952024093132,30.0,70.0,4.999964500589571,0.2852289919962443,3.6439648998074827,4.90113987065646,0.2183235048194352,0.19604559482625886
0.007747248899093132,30.0,70.0,4.99996450058957,0.28522899199635715,3.643964899807661,4.901139870656677,0.21832350481948715,0.19604559482626996
0.007776545774093133,30.0,70.0,4.999964500589572,0.2852289919964029,3.6439648998080063,4.901139870657001,0.2183235048192107,0.1960455948262499
0.007805842649093133,30.0,70.0,4.999964500589571,0.28522899199604707,3.643964899807621,4.9011398706566105,0.2183235048192771,0.19604559482626854
0.007835139524093133,30.0,70.0,4.99996450058957,0.28522899199633334,3.6439648998075187,4.901139870656452,0.21832350481934104,0.19604559482626485
0.007864436399093132,30.0,70.0,4.999964500589572,0.2852289919959487,3.6439648998075476,4.901139870656478,0.21832350481943696,0.1960455948262669
0.007893733274093132,30.0,70.0,4.99996450058957,0.2852289919960772,3.643964899807852,4.9011398706568565,0.21832350481934504,0.19604559482625697
0.007923030149093131,30.0,70.0,4.999964500589573,0.2852289919962565,3.6439648998071137,4.901139870656102,0.2183235048191603,0.19604559482625003
0.00795232702409313,30.0,70.0,4.99996450058957,0.28522899199616636,3.643964899807083,4.901139870656053,0.21832350481960083,0.19604559482627518
0.00798162389909313,30.0,70.0,4.999964500589569,0.2852289919961651,3.643964899807715,4.901139870656624,0.21832350481952356,0.19604559482626063
0.00801092077409313,30.0,70.0,4.999964500589572,0.2852289919959712,3.6439648998072056,4.90113987065617,0.21832350481924578,0.19604559482624925
0.008040217649093129,30.0,70.0,4.999964500589572,0.2852289919966359,3.643964899807616,4.901139870656521,0.21832350481963192,0.19604559482627967
0.008069514524093128,30.0,70.0,4.999964500589572,0.2852289919962633,3.6439648998077607,4.901139870656692,0.21832350481921892,0.19604559482624453
0.008098811399093127,30.0,70.0,4.99996450058957,0.2852289919958106,3.6439648998072625,4.9011398706562534,0.21832350481928753,0.19604559482625905
0.008128108274093127,30.0,70.0,4.999964500589574,0.28522899199627705,3.6439648998078034,4.901139870656779,0.2183235048192984,0.19604559482624762
0.008157405149093126,30.0,70.0,4.999964500589572,0.28522899199626234,3.6439648998078304,4.901139870656741,0.2183235048192853,0.19604559482625952
0.008186702024093126,30.0,70.0,4.999964500589574,0.28522899199599083,3.6439648998078016,4.901139870656774,0.21832350481943985,0.19604559482627779
0.008215998899093125,30.0,70.0,4.999964500589574,0.28522899199666907,3.64396489980761,4.901139870656595,0.21832350481926266,0.19604559482626005
0.008245295774093124,30.0,70.0,4.99996450058957,0.28522899199643265,3.643964899807817,4.901139870656737,0.21832350481927554,0.19604559482625575
0.008274592649093124,30.0,70.0,4.999964500589574,0.2852289919964885,3.643964899807397,4.901139870656422,0.21832350481941076,0.19604559482627296
0.008303889524093123,30.0,70.0,4.999964500589569,0.2852289919966602,3.643964899807593,4.901139870656573,0.21832350481928575,0.19604559482625106
0.008333186399093123,30.0,70.0,4.999964500589572,0.28522899199651475,3.6439648998073944,4.901139870656379,0.21832350481946028,0.1960455948262721
0.008362483274093122,30.0,70.0,4.999964500589574,0.2852289919964185,3.6439648998075644,4.901139870656542,0.21832350481944807,0.19604559482626588
0.008391780149093121,30.0,70.0,4.999964500589571,0.285228991996057,3.6439648998076084,4.901139870656664,0.21832350481921026,0.19604559482624506
0.00842107702409312,30.0,70.0,4.999964500589569,0.2852289919961436,3.6439648998073926,4.901139870656321,0.2183235048191685,0.19604559482624562
0.00845037389909312,30.0,70.0,4.999964500589569,0.28522899199638513,3.6439648998080862,4.901139870657066,0.21832350481952578,0.19604559482627307
0.00847967077409312,30.0,70.0,4.999964500589574,0.28522899199658686,3.6439648998074983,4.9011398706564595,0.21832350481932683,0.19604559482627315
0.008508967649093119,30.0,70.0,4.999964500589573,0.2852289919964193,3.643964899807875,4.901139870656853,0.2183235048192056,0.19604559482624634
0.008538264524093118,30.0,70.0,4.99996450058957,0.28522899199603885,3.6439648998075147,4.901139870656489,0.21832350481932905,0.19604559482626743
0.008567561399093118,30.0,70.0,4.99996450058957,0.28522899199646046,3.643964899807444,4.90113987065641,0.21832350481930085,0.19604559482625536
0.008596858274093117,30.0,70.0,4.999964500589572,0.28522899199652235,3.6439648998071412,4.901139870656125,0.21832350481932683,0.19604559482625347
0.008626155149093116,30.0,70.0,4.999964500589569,0.28522899199632273,3.6439648998071568,4.901139870656155,0.2183235048194152,0.1960455948262533
0.008655452024093116,30.0,70.0,4.999964500589572,0.2852289919961639,3.6439648998074166,4.901139870656403,0.21832350481960305,0.19604559482627237
0.008684748899093115,30.0,70.0,4.99996450058957,0.28522899199644824,3.6439648998073437,4.901139870656334,0.2183235048194201,0.19604559482626158
0.008714045774093114,30.0,70.0,4.999964500589571,0.2852289919964561,3.643964899808034,4.901139870657026,0.21832350481927354,0.19604559482624606
0.008743342649093114,30.0,70.0,4.99996450058957,0.2852289919962442,3.6439648998077314,4.90113987065674,0.21832350481910479,0.19604559482624942
0.008772639524093113,30.0,70.0,4.99996450058957,0.28522899199620605,3.6439648998073015,4.90113987065626,0.21832350481917318,0.1960455948262519
0.008801936399093113,30.0,70.0,4.99996450058957,0.2852289919966582,3.6439648998074525,4.90113987065645,0.21832350481950802,0.19604559482626954
0.008831233274093112,30.0,70.0,4.999964500589569,0.2852289919961347,3.643964899807374,4.901139870656386,0.21832350481948848,0.1960455948262699
0.008860530149093111,30.0,70.0,4.999964500589571,0.28522899199628465,3.643964899807715,4.901139870656714,0.21832350481952423,0.19604559482627315
0.00888982702409311,30.0,70.0,4.999964500589574,0.28522899199642054,3.643964899808073,4.901139870657051,0.2183235048193104,0.19604559482626113
0.00891912389909311,30.0,70.0,4.999964500589571,0.2852289919963413,3.643964899807118,4.901139870656078,0.2183235048190959,0.19604559482625136
0.00894842077409311,30.0,70.0,4.999964500589571,0.2852289919964826,3.643964899807919,4.901139870656935,0.2183235048195089,0.19604559482626605
0.008977717649093109,30.0,70.0,4.999964500589571,0.28522899199630797,3.6439648998072385,4.9011398706562606,0.2183235048192862,0.19604559482626285
0.009007014524093108,30.0,70.0,4.999964500589571,0.2852289919963988,3.6439648998078042,4.901139870656785,0.21832350481950513,0.19604559482627026
0.009036311399093108,30.0,70.0,4.999964500589572,0.2852289919964266,3.6439648998077314,4.901139870656724,0.2183235048191421,0.19604559482624473
0.009065608274093107,30.0,70.0,4.99996450058957,0.28522899199657986,3.6439648998073815,4.901139870656348,0.2183235048194785,0.19604559482628114
0.009094905149093106,30.0,70.0,4.99996450058957,0.2852289919963303,3.6439648998079317,4.901139870656898,0.21832350481932683,0.19604559482625333
0.009124202024093106,30.0,70.0,4.999964500589574,0.28522899199623974,3.643964899807644,4.9011398706565945,0.21832350481940543,0.19604559482627607
0.009153498899093105,30.0,70.0,4.999964500589572,0.2852289919961996,3.643964899807586,4.9011398706565625,0.21832350481946605,0.1960455948262765
0.009182795774093104,30.0,70.0,4.99996450058957,0.2852289919964433,3.643964899807857,4.90113987065682,0.21832350481934437,0.19604559482626088
0.009212092649093104,30.0,70.0,4.999964500589569,0.28522899199635643,3.6439648998078944,4.901139870656911,0.218323504819377,0.19604559482627193
0.009241389524093103,30.0,70.0,4.999964500589574,0.2852289919964269,3.6439648998071967,4.901139870656079,0.21832350481912544,0.19604559482625025
0.009270686399093103,30.0,70.0,4.999964500589571,0.28522899199631,3.643964899807634,4.901139870656602,0.21832350481946583,0.19604559482626033
0.009299983274093102,30.0,70.0,4.99996450058957,0.28522899199635626,3.6439648998069583,4.901139870655877,0.21832350481953267,0.1960455948262781
0.009329280149093101,30.0,70.0,4.999964500589572,0.2852289919967966,3.6439648998075316,4.901139870656531,0.21832350481965368,0.19604559482627182
0.0093585770240931,30.0,70.0,4.999964500589572,0.28522899199648893,3.64396489980748,4.901139870656442,0.2183235048192791,0.19604559482624895
0.0093878738990931,30.0,70.0,4.999964500589572,0.2852289919963712,3.6439648998078225,4.901139870656831,0.21832350481945473,0.1960455948262689
0.0094171707740931,30.0,70.0,4.999964500589572,0.28522899199589735,3.6439648998074854,4.901139870656465,0.21832350481922957,0.19604559482625708
0.009446467649093099,30.0,70.0,4.99996450058957,0.28522899199625196,3.643964899807884,4.901139870656838,0.2183235048194836,0.1960455948262743
0.009475764524093098,30.0,70.0,4.999964500589573,0.28522899199608165,3.6439648998073135,4.901139870656315,0.2183235048193346,0.19604559482626768
0.009505061399093098,30.0,70.0,4.999964500589573,0.285228991996022,3.643964899807658,4.901139870656631,0.21832350481927465,0.1960455948262473
0.009534358274093097,30.0,70.0,4.999964500589573,0.285228991996258,3.643964899807561,4.901139870656555,0.2183235048194745,0.1960455948262747
0.009563655149093096,30.0,70.0,4.99996450058957,0.2852289919961879,3.6439648998077963,4.901139870656763,0.21832350481916696,0.1960455948262424
0.009592952024093096,30.0,70.0,4.999964500589571,0.28522899199629653,3.643964899807319,4.9011398706562845,0.21832350481915186,0.196045594826247
0.009622248899093095,30.0,70.0,4.999964500589572,0.28522899199628515,3.6439648998071656,4.90113987065608,0.21832350481938723,0.1960455948262579
0.009651545774093094,30.0,70.0,4.999964500589571,0.2852289919960755,3.6439648998075556,4.901139870656598,0.21832350481950002,0.19604559482626008
0.009680842649093094,30.0,70.0,4.999964500589571,0.28522899199613705,3.64396489980753,4.901139870656531,0.21832350481930263,0.19604559482625447
0.009710139524093093,30.0,70.0,4.999964500589571,0.2852289919952971,3.643964899807416,4.901139870656443,0.21832350481938212,0.1960455948262645
0.009739436399093093,30.0,70.0,4.999964500589571,0.28522899199583557,3.6439648998077687,4.901139870656747,0.218323504819248,0.1960455948262473
0.009768733274093092,30.0,70.0,4.999964500589569,0.28522899199651075,3.6439648998077394,4.901139870656751,0.21832350481939855,0.19604559482627162
0.009798030149093091,30.0,70.0,4.99996450058957,0.2852289919967634,3.6439648998075844,4.901139870656557,0.21832350481933394,0.1960455948262668
0.00982732702409309,30.0,70.0,4.99996450058957,0.28522899199642837,3.643964899807518,4.9011398706564515,0.21832350481927265,0.1960455948262543
0.00985662389909309,30.0,70.0,4.999964500589571,0.28522899199622115,3.6439648998079646,4.9011398706569445,0.21832350481935792,0.19604559482625838
0.00988592077409309,30.0,70.0,4.999964500589571,0.28522899199591223,3.6439648998075875,4.901139870656579,0.21832350481938256,0.19604559482627568
0.009915217649093089,30.0,70.0,4.999964500589571,0.28522899199657226,3.643964899807517,4.9011398706564435,0.21832350481918072,0.19604559482624656
0.009944514524093088,30.0,70.0,4.99996450058957,0.2852289919963514,3.6439648998073997,4.901139870656371,0.21832350481949425,0.1960455948262726
0.009973811399093088,30.0,70.0,4.999964500589569,0.2852289919962397,3.643964899807417,4.901139870656401,0.2183235048194072,0.19604559482626024
0.010003108274093087,30.0,70.0,4.99996450058957,0.2852289919959512,3.6439648998072576,4.901139870656242,0.2183235048195462,0.19604559482627554
0.010032405149093086,30.0,70.0,4.999964500589569,0.2852289919961912,3.6439648998074183,4.901139870656394,0.21832350481928575,0.19604559482624392
0.010061702024093086,30.0,70.0,4.99996450058957,0.2852289919964625,3.64396489980718,4.901139870656193,0.21832350481931861,0.19604559482625114
0.010090998899093085,30.0,70.0,4.99996450058957,0.28522899199639024,3.6439648998074468,4.901139870656414,0.21832350481941454,0.19604559482625597
0.010120295774093084,30.0,70.0,4.99996450058957,0.2852289919965406,3.643964899807636,4.901139870656632,0.21832350481954355,0.19604559482627515
0.010149592649093084,30.0,70.0,4.999964500589571,0.2852289919964542,3.643964899807611,4.9011398706566,0.21832350481942386,0.19604559482627082
0.010178889524093083,30.0,70.0,4.999964500589571,0.28522899199598056,3.643964899807436,4.901139870656402,0.2183235048193981,0.1960455948262685
0.010208186399093083,30.0,70.0,4.99996450058957,0.2852289919964428,3.6439648998077976,4.901139870656743,0.2183235048194725,0.1960455948262696
0.010237483274093082,30.0,70.0,4.999964500589574,0.2852289919964976,3.643964899807706,4.901139870656692,0.2183235048191654,0.1960455948262467
0.010266780149093081,30.0,70.0,4.999964500589571,0.2852289919963813,3.643964899807512,4.901139870656511,0.2183235048192591,0.1960455948262571
0.01029607702409308,30.0,70.0,4.99996450058957,0.2852289919962402,3.6439648998077976,4.901139870656794,0.2183235048192924,0.19604559482625455
0.01032537389909308,30.0,70.0,4.99996450058957,0.2852289919960321,3.6439648998073686,4.9011398706563325,0.21832350481918317,0.1960455948262506
0.01035467077409308,30.0,70.0,4.999964500589572,0.2852289919962279,3.6439648998070924,4.901139870656069,0.21832350481938212,0.19604559482625886
0.010383967649093079,30.0,70.0,4.99996450058957,0.28522899199639473,3.6439648998077843,4.901139870656757,0.2183235048193528,0.19604559482624467
0.010413264524093078,30.0,70.0,4.999964500589571,0.28522899199654533,3.6439648998075516,4.901139870656573,0.21832350481925822,0.1960455948262547
0.010442561399093078,30.0,70.0,4.99996450058957,0.2852289919965252,3.6439648998076106,4.901139870656582,0.21832350481923468,0.1960455948262514
0.010471858274093077,30.0,70.0,4.999964500589569,0.2852289919963735,3.6439648998079406,4.901139870656997,0.2183235048193184,0.1960455948262592
0.010501155149093076,30.0,70.0,4.99996450058957,0.2852289919962743,3.6439648998077985,4.901139870656804,0.21832350481912877,0.19604559482625192
0.010530452024093076,30.0,70.0,4.999964500589571,0.28522899199648993,3.643964899807108,4.901139870656067,0.2183235048193215,0.19604559482626857
0.010559748899093075,30.0,70.0,4.99996450058957,0.28522899199620827,3.643964899807265,4.901139870656244,0.21832350481960172,0.19604559482627334
0.010589045774093074,30.0,70.0,4.99996450058957,0.28522899199554763,3.643964899807278,4.901139870656257,0.21832350481931573,0.1960455948262441
0.010618342649093074,30.0,70.0,4.99996450058957,0.2852289919965,3.6439648998071976,4.901139870656152,0.21832350481947782,0.1960455948262631
0.010647639524093073,30.0,70.0,4.99996450058957,0.2852289919963665,3.643964899807239,4.90113987065616,0.21832350481956797,0.19604559482627004
0.010676936399093073,30.0,70.0,4.999964500589573,0.2852289919965949,3.6439648998079393,4.901139870656891,0.2183235048194585,0.19604559482625825
0.010706233274093072,30.0,70.0,4.999964500589572,0.2852289919962672,3.643964899807284,4.901139870656254,0.21832350481915008,0.1960455948262489
0.010735530149093071,30.0,70.0,4.999964500589572,0.2852289919961332,3.6439648998078495,4.901139870656863,0.21832350481955376,0.19604559482627593
0.01076482702409307,30.0,70.0,4.999964500589571,0.2852289919960063,3.6439648998078127,4.9011398706567615,0.21832350481915674,0.196045594826249
0.01079412389909307,30.0,70.0,4.99996450058957,0.285228991996988,3.64396489980748,4.901139870656448,0.21832350481937546,0.19604559482627212
0.01082342077409307,30.0,70.0,4.99996450058957,0.2852289919962133,3.6439648998074694,4.9011398706564835,0.21832350481930174,0.19604559482625394
0.010852717649093069,30.0,70.0,4.999964500589569,0.28522899199597185,3.643964899807877,4.901139870656866,0.21832350481931173,0.19604559482625383
0.010882014524093068,30.0,70.0,4.999964500589569,0.28522899199638035,3.6439648998072367,4.901139870656192,0.2183235048193215,0.19604559482626713
0.010911311399093068,30.0,70.0,4.999964500589571,0.2852289919964925,3.6439648998070755,4.9011398706560945,0.21832350481957552,0.19604559482627537
0.010940608274093067,30.0,70.0,4.999964500589569,0.285228991996668,3.6439648998073446,4.901139870656298,0.21832350481955043,0.19604559482626527
0.010969905149093066,30.0,70.0,4.99996450058957,0.2852289919965707,3.6439648998074343,4.901139870656426,0.21832350481945406,0.19604559482626102
0.010999202024093066,30.0,70.0,4.99996450058957,0.2852289919961179,3.643964899807297,4.901139870656276,0.2183235048194192,0.19604559482626324
0.011028498899093065,30.0,70.0,4.99996450058957,0.2852289919963948,3.6439648998078518,4.901139870656839,0.21832350481955398,0.19604559482627365
0.011057795774093064,30.0,70.0,4.999964500589572,0.2852289919965694,3.643964899807326,4.901139870656244,0.2183235048194232,0.1960455948262764
0.011087092649093064,30.0,70.0,4.99996450058957,0.2852289919965281,3.6439648998077496,4.9011398706567295,0.21832350481943763,0.1960455948262628
0.011116389524093063,30.0,70.0,4.999964500589569,0.28522899199630364,3.6439648998072873,4.901139870656261,0.21832350481946428,0.19604559482627668
0.011145686399093063,30.0,70.0,4.999964500589572,0.2852289919962787,3.643964899807236,4.9011398706562,0.2183235048194001,0.19604559482625827
0.011174983274093062,30.0,70.0,4.99996450058957,0.28522899199616264,3.643964899807826,4.901139870656807,0.21832350481937635,0.196045594826251
0.011204280149093061,30.0,70.0,4.999964500589571,0.2852289919963653,3.6439648998072176,4.9011398706561655,0.218323504819262,0.1960455948262576
0.01123357702409306,30.0,70.0,4.99996450058957,0.28522899199625673,3.6439648998075294,4.901139870656515,0.21832350481954776,0.19604559482627168
0.01126287389909306,30.0,70.0,4.99996450058957,0.285228991996593,3.6439648998073615,4.901139870656317,0.21832350481947915,0.19604559482627115
0.01129217077409306,30.0,70.0,4.999964500589571,0.28522899199577745,3.6439648998078624,4.901139870656834,0.21832350481938545,0.19604559482625727
0.011321467649093059,30.0,70.0,4.999964500589573,0.285228991996212,3.6439648998079326,4.901139870656894,0.21832350481917406,0.19604559482625025
0.011350764524093058,30.0,70.0,4.999964500589571,0.2852289919962036,3.6439648998079206,4.901139870656879,0.21832350481918383,0.19604559482625636
0.011380061399093058,30.0,70.0,4.999964500589571,0.2852289919960675,3.643964899807658,4.9011398706566895,0.2183235048191401,0.19604559482625145
0.011409358274093057,30.0,70.0,4.99996450058957,0.2852289919961813,3.6439648998078464,4.901139870656804,0.21832350481915808,0.19604559482624687
0.011438655149093056,30.0,70.0,4.999964500589571,0.2852289919962742,3.64396489980723,4.901139870656216,0.21832350481942187,0.19604559482627654
0.011467952024093056,30.0,70.0,4.99996450058957,0.2852289919959657,3.6439648998076626,4.901139870656557,0.21832350481961726,0.19604559482627942
0.011497248899093055,30.0,70.0,4.99996450058957,0.2852289919964676,3.643964899807142,4.9011398706561415,0.2183235048193919,0.19604559482626296
0.011526545774093054,30.0,70.0,4.99996450058957,0.2852289919962935,3.6439648998073033,4.9011398706562455,0.21832350481940166,0.19604559482625356
0.011555842649093054,30.0,70.0,4.99996450058957,0.28522899199617724,3.6439648998079273,4.901139870656886,0.21832350481960328,0.19604559482627554
0.011585139524093053,30.0,70.0,4.999964500589573,0.28522899199632634,3.643964899807451,4.9011398706564755,0.21832350481918228,0.1960455948262524
0.011614436399093053,30.0,70.0,4.99996450058957,0.2852289919960746,3.6439648998078367,4.901139870656822,0.21832350481945717,0.1960455948262725
0.011643733274093052,30.0,70.0,4.99996450058957,0.28522899199635887,3.643964899807585,4.901139870656542,0.2183235048193406,0.19604559482626818
0.011673030149093051,30.0,70.0,4.99996450058957,0.2852289919964507,3.643964899807553,4.901139870656543,0.21832350481925178,0.19604559482625195
0.01170232702409305,30.0,70.0,4.99996450058957,0.2852289919966127,3.643964899807894,4.90113987065687,0.2183235048194183,0.19604559482626754
0.01173162389909305,30.0,70.0,4.99996450058957,0.2852289919965522,3.643964899807908,4.9011398706568565,0.21832350481940255,0.19604559482627607
0.01176092077409305,30.0,70.0,4.999964500589573,0.285228991996467,3.643964899807362,4.90113987065635,0.21832350481912544,0.19604559482624898
0.011790217649093049,30.0,70.0,4.999964500589573,0.2852289919960975,3.6439648998074357,4.901139870656404,0.2183235048193226,0.19604559482625356
0.011819514524093048,30.0,70.0,4.999964500589571,0.2852289919963359,3.6439648998075533,4.9011398706565075,0.2183235048193346,0.19604559482625303
0.011848811399093048,30.0,70.0,4.99996450058957,0.285228991996468,3.6439648998070306,4.901139870656022,0.21832350481930218,0.1960455948262534
0.011878108274093047,30.0,70.0,4.999964500589573,0.2852289919963641,3.643964899807361,4.901139870656331,0.21832350481940122,0.19604559482624972
0.011907405149093046,30.0,70.0,4.999964500589572,0.2852289919967582,3.643964899807129,4.901139870656061,0.2183235048195844,0.19604559482627548
0.011936702024093046,30.0,70.0,4.99996450058957,0.2852289919964285,3.643964899807761,4.901139870656756,0.21832350481941276,0.19604559482625136
0.011965998899093045,30.0,70.0,4.99996450058957,0.28522899199623253,3.6439648998075485,4.901139870656531,0.21832350481921048,0.19604559482625042
0.011995295774093044,30.0,70.0,4.99996450058957,0.2852289919964202,3.6439648998072016,4.901139870656204,0.21832350481921003,0.19604559482624775
0.012024592649093044,30.0,70.0,4.999964500589569,0.28522899199622737,3.6439648998079615,4.901139870656949,0.21832350481955398,0.19604559482627174
0.012053889524093043,30.0,70.0,4.99996450058957,0.28522899199612006,3.6439648998076337,4.901139870656636,0.2183235048191703,0.19604559482625242
0.012083186399093043,30.0,70.0,4.999964500589571,0.2852289919958071,3.643964899807496,4.901139870656424,0.21832350481934104,0.19604559482626535
0.012112483274093042,30.0,70.0,4.999964500589571,0.2852289919967277,3.643964899807279,4.901139870656216,0.21832350481942653,0.19604559482626557
0.012141780149093041,30.0,70.0,4.999964500589569,0.2852289919964492,3.643964899807823,4.901139870656776,0.2183235048195633,0.19604559482627162
0.01217107702409304,30.0,70.0,4.999964500589569,0.28522899199641666,3.64396489980712,4.901139870656154,0.21832350481915963,0.19604559482624584
0.01220037389909304,30.0,70.0,4.99996450058957,0.28522899199620344,3.643964899807269,4.901139870656246,0.2183235048196157,0.196045594826278
0.01222967077409304,30.0,70.0,4.999964500589574,0.2852289919957374,3.643964899807872,4.901139870656854,0.21832350481930352,0.19604559482624434
0.012258967649093039,30.0,70.0,4.999964500589574,0.2852289919960213,3.6439648998072816,4.901139870656293,0.21832350481912943,0.19604559482624567
0.012288264524093038,30.0,70.0,4.999964500589572,0.2852289919965328,3.6439648998071323,4.901139870656067,0.2183235048193235,0.19604559482625264
0.012317561399093038,30.0,70.0,4.999964500589572,0.2852289919963606,3.643964899807746,4.901139870656723,0.21832350481938745,0.1960455948262484
0.012346858274093037,30.0,70.0,4.99996450058957,0.28522899199654517,3.6439648998070555,4.901139870656036,0.2183235048194363,0.19604559482627232
0.012376155149093036,30.0,70.0,4.999964500589571,0.2852289919963979,3.643964899807544,4.901139870656574,0.21832350481936258,0.1960455948262478
0.012405452024093036,30.0,70.0,4.999964500589572,0.28522899199602003,3.6439648998075107,4.901139870656506,0.21832350481935658,0.1960455948262596
0.012434748899093035,30.0,70.0,4.999964500589571,0.28522899199629115,3.643964899807799,4.9011398706567615,0.21832350481919427,0.19604559482624379
0.012464045774093034,30.0,70.0,4.999964500589574,0.2852289919967259,3.6439648998077243,4.901139870656749,0.21832350481929486,0.19604559482626197
0.012493342649093034,30.0,70.0,4.99996450058957,0.28522899199645124,3.643964899807852,4.901139870656811,0.21832350481940854,0.19604559482627473
0.012522639524093033,30.0,70.0,4.999964500589572,0.28522899199606866,3.6439648998072047,4.9011398706562055,0.21832350481927265,0.1960455948262622
0.012551936399093033,30.0,70.0,4.999964500589571,0.28522899199639207,3.6439648998072545,4.901139870656218,0.21832350481944762,0.19604559482626166
0.012581233274093032,30.0,70.0,4.999964500589571,0.285228991996452,3.6439648998075427,4.901139870656471,0.21832350481950136,0.1960455948262637
0.012610530149093031,30.0,70.0,4.999964500589573,0.2852289919961731,3.6439648998077274,4.9011398706567,0.21832350481949336,0.1960455948262712
0.01263982702409303,30.0,70.0,4.999964500589574,0.2852289919964884,3.643964899807173,4.901139870656133,0.21832350481929308,0.19604559482625966
0.01266912389909303,30.0,70.0,4.999964500589575,0.28522899199638757,3.643964899807274,4.901139870656292,0.21832350481926976,0.196045594826241
0.01269842077409303,30.0,70.0,4.999964500589571,0.2852289919966281,3.6439648998076075,4.901139870656549,0.21832350481931417,0.19604559482624662
0.012727717649093029,30.0,70.0,4.999964500589571,0.28522899199634677,3.6439648998073464,4.901139870656359,0.21832350481950447,0.1960455948262756
0.012757014524093028,30.0,70.0,4.999964500589572,0.2852289919965519,3.6439648998077936,4.901139870656819,0.2183235048193244,0.1960455948262528
0.012786311399093028,30.0,70.0,4.999964500589572,0.28522899199653956,3.6439648998075493,4.9011398706565314,0.2183235048191834,0.1960455948262511
0.012815608274093027,30.0,70.0,4.99996450058957,0.2852289919961582,3.643964899807232,4.901139870656179,0.21832350481946272,0.1960455948262741
0.012844905149093026,30.0,70.0,4.999964500589572,0.28522899199655694,3.643964899807638,4.901139870656622,0.21832350481958374,0.19604559482627362
0.012874202024093026,30.0,70.0,4.999964500589574,0.28522899199651913,3.6439648998078837,4.901139870656877,0.2183235048194021,0.1960455948262661
0.012903498899093025,30.0,70.0,4.999964500589569,0.28522899199635887,3.643964899807421,4.901139870656443,0.21832350481936658,0.19604559482627346
0.012932795774093024,30.0,70.0,4.999964500589571,0.28522899199634955,3.6439648998071466,4.90113987065609,0.21832350481930551,0.19604559482625533
0.012962092649093024,30.0,70.0,4.999964500589572,0.28522899199659524,3.6439648998078082,4.901139870656771,0.2183235048195571,0.19604559482626738
0.012991389524093023,30.0,70.0,4.999964500589572,0.2852289919962004,3.643964899807199,4.9011398706561575,0.21832350481941365,0.19604559482627135
0.013020686399093023,30.0,70.0,4.99996450058957,0.285228991996375,3.6439648998079996,4.90113987065696,0.21832350481949314,0.19604559482626527
0.013049983274093022,30.0,70.0,4.999964500589574,0.28522899199600443,3.643964899807549,4.901139870656544,0.2183235048192318,0.19604559482625925
0.013079280149093021,30.0,70.0,4.999964500589573,0.28522899199631174,3.6439648998074627,4.901139870656408,0.21832350481936125,0.1960455948262647
0.01310857702409302,30.0,70.0,4.99996450058957,0.2852289919957524,3.6439648998078407,4.901139870656854,0.218323504819532,0.19604559482627548
0.01313787389909302,30.0,70.0,4.999964500589573,0.2852289919963168,3.643964899807293,4.901139870656256,0.21832350481929708,0.19604559482626369
0.01316717077409302,30.0,70.0,4.999964500589571,0.285228991996543,3.6439648998072016,4.901139870656176,0.2183235048194594,0.196045594826265
0.013196467649093019,30.0,70.0,4.999964500589571,0.28522899199633933,3.6439648998079517,4.9011398706569285,0.21832350481950402,0.19604559482626335
0.013225764524093018,30.0,70.0,4.999964500589573,0.28522899199631435,3.6439648998075413,4.901139870656612,0.21832350481934393,0.19604559482626968
0.013255061399093018,30.0,70.0,4.99996450058957,0.2852289919962743,3.6439648998080005,4.901139870656985,0.2183235048192531,0.1960455948262556
0.013284358274093017,30.0,70.0,4.999964500589572,0.28522899199619384,3.643964899807758,4.901139870656683,0.21832350481919982,0.1960455948262594
0.013313655149093016,30.0,70.0,4.999964500589572,0.2852289919961735,3.643964899807493,4.901139870656461,0.21832350481934637,0.19604559482626716
0.013342952024093016,30.0,70.0,4.999964500589572,0.28522899199616947,3.6439648998078265,4.901139870656804,0.21832350481952112,0.19604559482627637
0.013372248899093015,30.0,70.0,4.999964500589573,0.2852289919965427,3.6439648998074,4.901139870656377,0.21832350481924756,0.19604559482625697
0.013401545774093014,30.0,70.0,4.99996450058957,0.28522899199644547,3.643964899807755,4.901139870656742,0.21832350481950846,0.19604559482627337
0.013430842649093014,30.0,70.0,4.999964500589571,0.28522899199617907,3.6439648998075773,4.901139870656527,0.2183235048193708,0.19604559482626782
0.013460139524093013,30.0,70.0,4.999964500589574,0.2852289919964788,3.643964899807602,4.901139870656541,0.21832350481944207,0.1960455948262709
0.013489436399093013,30.0,70.0,4.99996450058957,0.2852289919960831,3.643964899807612,4.901139870656609,0.2183235048193075,0.19604559482625605
0.013518733274093012,30.0,70.0,4.99996450058957,0.2852289919961543,3.6439648998070746,4.901139870656073,0.2183235048192964,0.196045594826257
0.013548030149093011,30.0,70.0,4.99996450058957,0.28522899199663526,3.64396489980758,4.90113987065655,0.21832350481935503,0.19604559482624695
0.01357732702409301,30.0,70.0,4.999964500589573,0.28522899199658863,3.643964899807803,4.901139870656772,0.21832350481934903,0.19604559482625783
0.01360662389909301,30.0,70.0,4.999964500589573,0.28522899199635576,3.6439648998077696,4.901139870656736,0.21832350481938323,0.19604559482627157
0.01363592077409301,30.0,70.0,4.99996450058957,0.28522899199626117,3.6439648998072856,4.9011398706561735,0.21832350481931062,0.19604559482626446
0.013665217649093009,30.0,70.0,4.999964500589573,0.2852289919962667,3.643964899807522,4.901139870656484,0.21832350481950247,0.1960455948262663
0.013694514524093008,30.0,70.0,4.99996450058957,0.28522899199610285,3.643964899807709,4.901139870656728,0.218323504819516,0.19604559482627348
0.013723811399093008,30.0,70.0,4.999964500589572,0.28522899199595364,3.6439648998071847,4.90113987065616,0.21832350481943785,0.19604559482627523
0.013753108274093007,30.0,70.0,4.999964500589574,0.28522899199650026,3.6439648998072154,4.901139870656241,0.21832350481960572,0.19604559482627693
0.013782405149093006,30.0,70.0,4.99996450058957,0.28522899199613233,3.6439648998079845,4.901139870656937,0.21832350481941964,0.19604559482625614
0.013811702024093006,30.0,70.0,4.999964500589572,0.2852289919960467,3.6439648998076994,4.90113987065668,0.21832350481936125,0.19604559482627237
0.013840998899093005,30.0,70.0,4.999964500589574,0.28522899199599816,3.6439648998073975,4.9011398706564,0.21832350481923934,0.1960455948262564
0.013870295774093004,30.0,70.0,4.999964500589573,0.2852289919963633,3.643964899807957,4.901139870656884,0.21832350481948315,0.19604559482627115
0.013899592649093004,30.0,70.0,4.999964500589571,0.28522899199635177,3.6439648998072602,4.901139870656244,0.2183235048191654,0.19604559482625075
0.013928889524093003,30.0,70.0,4.999964500589572,0.28522899199668866,3.643964899807574,4.90113987065654,0.218323504819405,0.19604559482625902
0.013958186399093003,30.0,70.0,4.999964500589573,0.28522899199641577,3.643964899807521,4.901139870656477,0.21832350481935214,0.1960455948262588
0.013987483274093002,30.0,70.0,4.999964500589569,0.28522899199600904,3.6439648998076417,4.901139870656612,0.21832350481951712,0.19604559482627598
0.014016780149093001,30.0,70.0,4.99996450058957,0.28522899199616536,3.6439648998074627,4.90113987065641,0.21832350481924867,0.19604559482625203
0.014046077024093,30.0,70.0,4.999964500589572,0.28522899199641283,3.6439648998076497,4.901139870656654,0.21832350481935636,0.19604559482625775
0.014075373899093,30.0,70.0,4.999964500589574,0.28522899199637014,3.643964899807535,4.9011398706565075,0.2183235048192551,0.19604559482625344
0.014104670774093,30.0,70.0,4.999964500589571,0.2852289919964141,3.6439648998073153,4.901139870656308,0.21832350481925777,0.19604559482625067
0.014133967649092999,30.0,70.0,4.999964500589571,0.28522899199588087,3.64396489980731,4.901139870656302,0.21832350481947183,0.19604559482626585
0.014163264524092998,30.0,70.0,4.99996450058957,0.2852289919963833,3.643964899808031,4.901139870656987,0.2183235048193839,0.1960455948262552
0.014192561399092998,30.0,70.0,4.999964500589573,0.28522899199596835,3.643964899807202,4.901139870656211,0.21832350481914853,0.1960455948262522
0.014221858274092997,30.0,70.0,4.999964500589573,0.285228991996402,3.6439648998071075,4.9011398706559985,0.21832350481951734,0.19604559482627099
0.014251155149092996,30.0,70.0,4.999964500589573,0.2852289919962797,3.6439648998074725,4.901139870656441,0.21832350481961393,0.1960455948262692
0.014280452024092996,30.0,70.0,4.999964500589569,0.2852289919964817,3.6439648998076803,4.90113987065668,0.21832350481952312,0.19604559482627204
0.014309748899092995,30.0,70.0,4.999964500589571,0.2852289919962228,3.643964899807808,4.901139870656761,0.21832350481916207,0.19604559482624523
0.014339045774092994,30.0,70.0,4.999964500589572,0.2852289919964431,3.6439648998074086,4.901139870656415,0.2183235048194052,0.1960455948262748
0.014368342649092994,30.0,70.0,4.999964500589569,0.2852289919963353,3.643964899807644,4.901139870656622,0.21832350481924578,0.1960455948262474
0.014397639524092993,30.0,70.0,4.999964500589571,0.2852289919964399,3.6439648998075427,4.901139870656552,0.21832350481928553,0.19604559482625536
0.014426936399092993,30.0,70.0,4.999964500589573,0.28522899199603285,3.643964899807657,4.901139870656652,0.21832350481927154,0.19604559482625306
0.014456233274092992,30.0,70.0,4.999964500589571,0.2852289919962355,3.643964899807349,4.901139870656339,0.21832350481924712,0.19604559482625333
0.014485530149092991,30.0,70.0,4.999964500589571,0.28522899199609614,3.6439648998073153,4.901139870656375,0.21832350481941054,0.1960455948262613
0.01451482702409299,30.0,70.0,4.99996450058957,0.2852289919964865,3.6439648998078087,4.901139870656739,0.2183235048194685,0.19604559482626646
0.01454412389909299,30.0,70.0,4.999964500589571,0.28522899199672147,3.6439648998076435,4.901139870656612,0.21832350481922091,0.19604559482625225
0.01457342077409299,30.0,70.0,4.99996450058957,0.2852289919962519,3.6439648998079135,4.901139870656845,0.21832350481940455,0.19604559482627001
0.014602717649092989,30.0,70.0,4.999964500589571,0.28522899199647717,3.643964899807273,4.901139870656309,0.21832350481939122,0.19604559482627493
0.014632014524092988,30.0,70.0,4.999964500589573,0.285228991996603,3.64396489980799,4.901139870656928,0.21832350481934792,0.19604559482625492
0.014661311399092988,30.0,70.0,4.999964500589571,0.2852289919964977,3.6439648998071883,4.901139870656152,0.2183235048192127,0.1960455948262565
0.014690608274092987,30.0,70.0,4.999964500589574,0.2852289919964337,3.6439648998070857,4.901139870656056,0.21832350481949026,0.19604559482626538
0.014719905149092986,30.0,70.0,4.999964500589573,0.2852289919962694,3.643964899807914,4.9011398706568725,0.21832350481966523,0.19604559482627576
0.014749202024092986,30.0,70.0,4.999964500589571,0.28522899199662916,3.6439648998073757,4.901139870656346,0.2183235048191594,0.1960455948262479
0.014778498899092985,30.0,70.0,4.999964500589574,0.2852289919960543,3.6439648998071257,4.90113987065612,0.2183235048193346,0.19604559482625555
0.014807795774092984,30.0,70.0,4.999964500589571,0.2852289919963311,3.643964899807997,4.901139870656913,0.2183235048195682,0.19604559482626946
0.014837092649092984,30.0,70.0,4.99996450058957,0.2852289919959972,3.643964899807799,4.901139870656802,0.218323504819109,0.19604559482624445
0.014866389524092983,30.0,70.0,4.99996450058957,0.2852289919960984,3.6439648998074268,4.901139870656361,0.21832350481936946,0.19604559482627357
0.014895686399092983,30.0,70.0,4.999964500589571,0.2852289919961522,3.6439648998076057,4.901139870656533,0.21832350481942897,0.1960455948262651
0.014924983274092982,30.0,70.0,4.999964500589572,0.2852289919962146,3.6439648998074095,4.901139870656417,0.21832350481929286,0.1960455948262529
0.014954280149092981,30.0,70.0,4.99996450058957,0.2852289919962072,3.6439648998078833,4.901139870656845,0.21832350481926244,0.19604559482624725
0.01498357702409298,30.0,70.0,4.999964500589573,0.28522899199657903,3.6439648998077985,4.901139870656752,0.21832350481916252,0.19604559482624978
0.01501287389909298,30.0,70.0,4.99996450058957,0.2852289919965299,3.6439648998073713,4.901139870656405,0.21832350481928664,0.1960455948262626
0.01504217077409298,30.0,70.0,4.999964500589573,0.2852289919963953,3.6439648998071137,4.901139870656107,0.21832350481942342,0.19604559482626532
0.015071467649092979,30.0,70.0,4.999964500589573,0.28522899199634133,3.6439648998077043,4.901139870656688,0.2183235048195944,0.19604559482627135
0.015100764524092978,30.0,70.0,4.999964500589572,0.2852289919967305,3.643964899807095,4.901139870656083,0.2183235048195158,0.19604559482627956
0.015130061399092978,30.0,70.0,4.99996450058957,0.28522899199620644,3.6439648998072283,4.901139870656168,0.21832350481932905,0.1960455948262454
0.015159358274092977,30.0,70.0,4.99996450058957,0.28522899199565727,3.6439648998073175,4.901139870656314,0.2183235048194545,0.19604559482625739
0.015188655149092976,30.0,70.0,4.99996450058957,0.2852289919963742,3.643964899807752,4.901139870656725,0.21832350481943097,0.19604559482625994
0.015217952024092976,30.0,70.0,4.999964500589574,0.28522899199642837,3.643964899807629,4.901139870656632,0.21832350481945473,0.19604559482627648
0.015247248899092975,30.0,70.0,4.99996450058957,0.28522899199652124,3.6439648998074796,4.901139870656476,0.21832350481926133,0.19604559482625605
0.015276545774092974,30.0,70.0,4.999964500589571,0.2852289919962945,3.6439648998077767,4.901139870656724,0.21832350481924867,0.19604559482624886
0.015305842649092974,30.0,70.0,4.999964500589573,0.2852289919962861,3.643964899807948,4.901139870656946,0.21832350481943874,0.19604559482627504
0.015335139524092973,30.0,70.0,4.999964500589571,0.2852289919961763,3.643964899807771,4.901139870656787,0.21832350481924112,0.19604559482626296
0.015364436399092973,30.0,70.0,4.999964500589574,0.28522899199637003,3.6439648998073846,4.901139870656324,0.2183235048193395,0.1960455948262696
0.015393733274092972,30.0,70.0,4.999964500589571,0.2852289919967358,3.6439648998077088,4.901139870656651,0.21832350481949803,0.19604559482627043
0.015423030149092971,30.0,70.0,4.999964500589571,0.2852289919963508,3.64396489980779,4.901139870656756,0.21832350481926532,0.1960455948262532
0.01545232702409297,30.0,70.0,4.999964500589571,0.285228991996149,3.64396489980765,4.901139870656605,0.21832350481929597,0.1960455948262621
0.01548162389909297,30.0,70.0,4.999964500589573,0.2852289919963241,3.643964899807755,4.901139870656753,0.2183235048193044,0.19604559482625925
0.01551092077409297,30.0,70.0,4.999964500589571,0.2852289919960001,3.6439648998074956,4.901139870656485,0.218323504819107,0.19604559482624206
0.015540217649092969,30.0,70.0,4.99996450058957,0.28522899199602536,3.6439648998074703,4.90113987065646,0.2183235048193084,0.19604559482625555
0.015569514524092968,30.0,70.0,4.99996450058957,0.28522899199638124,3.6439648998078855,4.901139870656841,0.2183235048192993,0.19604559482625208
0.015598811399092968,30.0,70.0,4.99996450058957,0.2852289919962361,3.6439648998073517,4.901139870656374,0.2183235048193095,0.19604559482626502
0.01562810827409297,30.0,70.0,4.999964500589573,0.28522899199643953,3.643964899807913,4.901139870656852,0.2183235048195118,0.19604559482627423
0.01565740514909297,30.0,70.0,4.999964500589574,0.2852289919963685,3.643964899807168,4.901139870656165,0.21832350481936547,0.19604559482627074
0.01568670202409297,30.0,70.0,4.999964500589571,0.2852289919964835,3.643964899807678,4.901139870656629,0.21832350481958374,0.1960455948262751
0.015715998899092972,30.0,70.0,4.999964500589574,0.2852289919963438,3.643964899807187,4.901139870656126,0.2183235048194372,0.19604559482627001
0.015745295774092973,30.0,70.0,4.999964500589574,0.285228991996245,3.643964899807655,4.901139870656577,0.21832350481935037,0.19604559482624825
0.015774592649092974,30.0,70.0,4.999964500589571,0.2852289919961112,3.6439648998074743,4.9011398706565155,0.21832350481928087,0.19604559482625214
0.015803889524092975,30.0,70.0,4.99996450058957,0.28522899199587,3.643964899807451,4.901139870656397,0.2183235048194263,0.1960455948262683
0.015833186399092977,30.0,70.0,4.999964500589573,0.2852289919959715,3.643964899807458,4.901139870656415,0.21832350481945673,0.1960455948262675
0.015862483274092978,30.0,70.0,4.99996450058957,0.2852289919967917,3.6439648998076732,4.9011398706566185,0.21832350481950158,0.19604559482627174
0.01589178014909298,30.0,70.0,4.999964500589572,0.2852289919962804,3.6439648998078593,4.901139870656877,0.21832350481935658,0.19604559482626308
0.01592107702409298,30.0,70.0,4.999964500589573,0.28522899199601104,3.643964899807514,4.901139870656454,0.21832350481931795,0.19604559482626843
0.01595037389909298,30.0,70.0,4.999964500589572,0.2852289919963178,3.6439648998078944,4.901139870656904,0.21832350481948226,0.19604559482627396
0.015979670774092982,30.0,70.0,4.999964500589574,0.28522899199642804,3.6439648998072203,4.9011398706561495,0.2183235048191805,0.19604559482625342
0.016008967649092983,30.0,70.0,4.99996450058957,0.2852289919965715,3.64396489980756,4.901139870656612,0.21832350481943297,0.19604559482625902
0.016038264524092984,30.0,70.0,4.999964500589574,0.2852289919965792,3.6439648998077496,4.90113987065677,0.2183235048192942,0.19604559482625422
0.016067561399092985,30.0,70.0,4.999964500589573,0.2852289919958615,3.6439648998072127,4.901139870656233,0.21832350481934903,0.196045594826268
0.016096858274092987,30.0,70.0,4.999964500589569,0.2852289919962199,3.6439648998073433,4.901139870656321,0.21832350481935836,0.19604559482625356
0.016126155149092988,30.0,70.0,4.99996450058957,0.28522899199630297,3.6439648998077967,4.901139870656783,0.2183235048195269,0.19604559482627015
0.01615545202409299,30.0,70.0,4.999964500589571,0.2852289919966448,3.6439648998071514,4.901139870656168,0.21832350481937968,0.19604559482626985
0.01618474889909299,30.0,70.0,4.999964500589569,0.2852289919961884,3.6439648998078593,4.90113987065684,0.2183235048193919,0.19604559482625525
0.01621404577409299,30.0,70.0,4.9999645005895745,0.28522899199635193,3.6439648998076195,4.901139870656635,0.21832350481931506,0.19604559482626407
0.016243342649092992,30.0,70.0,4.999964500589571,0.28522899199628005,3.643964899807937,4.901139870656946,0.21832350481922358,0.19604559482625233
0.016272639524092993,30.0,70.0,4.999964500589572,0.28522899199675006,3.6439648998078593,4.901139870656883,0.21832350481915297,0.19604559482625333
0.016301936399092994,30.0,70.0,4.999964500589571,0.28522899199674157,3.6439648998074605,4.901139870656433,0.2183235048190839,0.19604559482624578
0.016331233274092995,30.0,70.0,4.999964500589569,0.28522899199663776,3.6439648998077616,4.901139870656761,0.21832350481927265,0.1960455948262508
0.016360530149092996,30.0,70.0,4.999964500589571,0.2852289919961359,3.6439648998075644,4.901139870656593,0.2183235048193095,0.19604559482626183
0.016389827024092998,30.0,70.0,4.999964500589573,0.2852289919959727,3.6439648998076497,4.901139870656659,0.21832350481924534,0.19604559482625225
0.016419123899093,30.0,70.0,4.99996450058957,0.2852289919961987,3.64396489980802,4.901139870657026,0.21832350481932283,0.19604559482626158
0.016448420774093,30.0,70.0,4.999964500589571,0.28522899199649876,3.64396489980788,4.901139870656859,0.21832350481924445,0.1960455948262652
0.016477717649093,30.0,70.0,4.999964500589571,0.2852289919963701,3.6439648998077945,4.901139870656745,0.2183235048192007,0.19604559482625775
0.016507014524093002,30.0,70.0,4.999964500589571,0.28522899199646246,3.6439648998072593,4.901139870656244,0.2183235048191181,0.19604559482624426
0.016536311399093003,30.0,70.0,4.999964500589571,0.2852289919962588,3.643964899807818,4.901139870656779,0.21832350481954266,0.19604559482627198
0.016565608274093004,30.0,70.0,4.999964500589572,0.2852289919964091,3.6439648998075778,4.901139870656542,0.21832350481941054,0.19604559482627182
0.016594905149093005,30.0,70.0,4.99996450058957,0.2852289919965553,3.6439648998079925,4.9011398706570475,0.2183235048191814,0.1960455948262444
0.016624202024093006,30.0,70.0,4.999964500589571,0.2852289919962398,3.64396489980719,4.901139870656184,0.21832350481920515,0.19604559482626133
0.016653498899093008,30.0,70.0,4.999964500589569,0.28522899199643825,3.64396489980779,4.90113987065676,0.2183235048195198,0.19604559482627026
0.01668279577409301,30.0,70.0,4.999964500589576,0.28522899199640206,3.643964899807249,4.901139870656195,0.21832350481931084,0.19604559482626066
0.01671209264909301,30.0,70.0,4.999964500589571,0.28522899199649077,3.6439648998072673,4.901139870656286,0.2183235048195702,0.1960455948262739
0.01674138952409301,30.0,70.0,4.999964500589572,0.2852289919962539,3.6439648998073713,4.90113987065637,0.21832350481954999,0.19604559482627137
0.016770686399093012,30.0,70.0,4.999964500589573,0.2852289919960049,3.6439648998079566,4.901139870656924,0.21832350481953022,0.19604559482627262
0.016799983274093013,30.0,70.0,4.999964500589573,0.2852289919964611,3.643964899807704,4.90113987065664,0.21832350481936214,0.19604559482627323
0.016829280149093014,30.0,70.0,4.99996450058957,0.28522899199671725,3.6439648998078744,4.901139870656851,0.21832350481922247,0.19604559482625328
0.016858577024093015,30.0,70.0,4.999964500589571,0.28522899199659085,3.6439648998076954,4.901139870656657,0.21832350481932106,0.1960455948262679
0.016887873899093016,30.0,70.0,4.99996450058957,0.28522899199669444,3.643964899807226,4.901139870656157,0.2183235048191936,0.19604559482624948
0.016917170774093018,30.0,70.0,4.99996450058957,0.28522899199651547,3.6439648998074734,4.901139870656385,0.21832350481954332,0.19604559482626907
0.01694646764909302,30.0,70.0,4.99996450058957,0.28522899199599633,3.643964899807536,4.901139870656468,0.21832350481960683,0.1960455948262797
0.01697576452409302,30.0,70.0,4.99996450058957,0.2852289919963575,3.6439648998074037,4.901139870656395,0.21832350481947138,0.19604559482627001
0.01700506139909302,30.0,70.0,4.999964500589573,0.2852289919963476,3.6439648998074317,4.901139870656407,0.21832350481922802,0.19604559482624329
0.017034358274093022,30.0,70.0,4.999964500589571,0.28522899199635293,3.6439648998075067,4.901139870656486,0.21832350481941032,0.19604559482626216
0.017063655149093023,30.0,70.0,4.999964500589572,0.2852289919962531,3.643964899807107,4.901139870656108,0.21832350481936524,0.19604559482625988
0.017092952024093024,30.0,70.0,4.99996450058957,0.2852289919964266,3.6439648998075507,4.901139870656486,0.21832350481946317,0.1960455948262588
0.017122248899093025,30.0,70.0,4.999964500589574,0.28522899199627544,3.6439648998074814,4.9011398706564675,0.21832350481940255,0.19604559482626185
0.017151545774093026,30.0,70.0,4.99996450058957,0.28522899199702006,3.6439648998077017,4.901139870656628,0.21832350481931972,0.19604559482625522
0.017180842649093028,30.0,70.0,4.999964500589573,0.2852289919964291,3.6439648998071488,4.901139870656131,0.2183235048193406,0.19604559482626235
0.01721013952409303,30.0,70.0,4.999964500589571,0.28522899199621765,3.643964899807682,4.901139870656622,0.2183235048193768,0.19604559482625142
0.01723943639909303,30.0,70.0,4.99996450058957,0.28522899199649926,3.6439648998073593,4.90113987065638,0.21832350481926954,0.19604559482625217
0.01726873327409303,30.0,70.0,4.999964500589571,0.2852289919963715,3.643964899807233,4.901139870656186,0.21832350481923823,0.19604559482624465
0.017298030149093032,30.0,70.0,4.999964500589574,0.28522899199608,3.643964899808012,4.901139870656942,0.21832350481951845,0.1960455948262665
0.017327327024093033,30.0,70.0,4.999964500589571,0.2852289919962867,3.6439648998071563,4.901139870656164,0.21832350481911655,0.1960455948262467
0.017356623899093034,30.0,70.0,4.999964500589573,0.2852289919964452,3.643964899807651,4.901139870656596,0.21832350481940255,0.19604559482625725
0.017385920774093035,30.0,70.0,4.999964500589571,0.285228991996442,3.643964899807749,4.901139870656719,0.21832350481925977,0.19604559482625072
0.017415217649093036,30.0,70.0,4.999964500589571,0.2852289919959402,3.643964899807127,4.901139870656103,0.21832350481932217,0.1960455948262636
0.017444514524093038,30.0,70.0,4.99996450058957,0.28522899199635177,3.6439648998071243,4.901139870656134,0.21832350481954776,0.19604559482626896
0.01747381139909304,30.0,70.0,4.999964500589573,0.28522899199667484,3.6439648998078424,4.901139870656744,0.2183235048194112,0.1960455948262515
0.01750310827409304,30.0,70.0,4.999964500589574,0.2852289919963733,3.6439648998078433,4.901139870656765,0.21832350481923712,0.1960455948262527
0.01753240514909304,30.0,70.0,4.99996450058957,0.28522899199625623,3.643964899807292,4.901139870656278,0.21832350481943097,0.19604559482627792
0.017561702024093042,30.0,70.0,4.99996450058957,0.28522899199627655,3.643964899807805,4.90113987065669,0.21832350481939322,0.19604559482625877
0.017590998899093043,30.0,70.0,4.999964500589571,0.28522899199642804,3.6439648998078633,4.901139870656884,0.2183235048192309,0.19604559482625103
0.017620295774093044,30.0,70.0,4.999964500589573,0.285228991996286,3.6439648998078358,4.901139870656802,0.2183235048191885,0.1960455948262553
0.017649592649093045,30.0,70.0,4.999964500589574,0.2852289919962799,3.6439648998075698,4.901139870656536,0.21832350481915386,0.19604559482625047
0.017678889524093046,30.0,70.0,4.999964500589572,0.2852289919961627,3.643964899808037,4.901139870657054,0.21832350481928597,0.1960455948262551
0.017708186399093048,30.0,70.0,4.999964500589572,0.28522899199645574,3.6439648998075427,4.901139870656557,0.21832350481919227,0.19604559482625955
0.01773748327409305,30.0,70.0,4.99996450058957,0.2852289919964492,3.6439648998077616,4.90113987065665,0.2183235048192269,0.1960455948262511
0.01776678014909305,30.0,70.0,4.999964500589571,0.2852289919962573,3.6439648998079086,4.901139870656905,0.2183235048192116,0.19604559482624917
0.01779607702409305,30.0,70.0,4.999964500589573,0.2852289919965309,3.6439648998073824,4.901139870656378,0.2183235048190666,0.19604559482624254
0.017825373899093052,30.0,70.0,4.99996450058957,0.28522899199661234,3.643964899807811,4.901139870656803,0.2183235048193799,0.19604559482626066
0.017854670774093053,30.0,70.0,4.99996450058957,0.2852289919964802,3.6439648998078034,4.901139870656777,0.21832350481917873,0.1960455948262495
0.017883967649093054,30.0,70.0,4.999964500589571,0.28522899199633556,3.643964899807956,4.901139870656947,0.2183235048191836,0.19604559482625195
0.017913264524093055,30.0,70.0,4.999964500589574,0.28522899199633717,3.6439648998073406,4.901139870656322,0.21832350481924245,0.19604559482626335
0.017942561399093056,30.0,70.0,4.999964500589571,0.28522899199640944,3.6439648998078646,4.901139870656861,0.21832350481925444,0.19604559482624598
0.017971858274093058,30.0,70.0,4.999964500589574,0.2852289919968873,3.643964899807723,4.901139870656703,0.21832350481916984,0.19604559482624978
0.01800115514909306,30.0,70.0,4.999964500589569,0.28522899199644974,3.6439648998073797,4.901139870656371,0.21832350481937324,0.19604559482626976
0.01803045202409306,30.0,70.0,4.99996450058957,0.28522899199657953,3.643964899807261,4.901139870656193,0.21832350481944518,0.19604559482626605
0.01805974889909306,30.0,70.0,4.99996450058957,0.28522899199586105,3.6439648998077296,4.901139870656683,0.2183235048195189,0.1960455948262659
0.018089045774093062,30.0,70.0,4.999964500589574,0.2852289919964987,3.643964899807463,4.901139870656415,0.218323504819405,0.19604559482626843
0.018118342649093063,30.0,70.0,4.999964500589573,0.2852289919964163,3.643964899807823,4.9011398706567935,0.21832350481928797,0.19604559482625142
0.018147639524093064,30.0,70.0,4.999964500589573,0.2852289919963873,3.6439648998078162,4.901139870656832,0.2183235048192993,0.19604559482626274
0.018176936399093065,30.0,70.0,4.999964500589572,0.2852289919961235,3.643964899807193,4.901139870656142,0.21832350481942475,0.1960455948262791
0.018206233274093066,30.0,70.0,4.99996450058957,0.28522899199612073,3.6439648998074934,4.901139870656496,0.21832350481957175,0.19604559482627307
0.018235530149093068,30.0,70.0,4.999964500589569,0.28522899199600915,3.6439648998076826,4.901139870656632,0.21832350481931528,0.1960455948262527
0.01826482702409307,30.0,70.0,4.999964500589573,0.28522899199630225,3.6439648998075596,4.901139870656584,0.21832350481941232,0.19604559482626954
0.01829412389909307,30.0,70.0,4.999964500589571,0.2852289919961185,3.64396489980717,4.901139870656108,0.2183235048194021,0.19604559482626824
0.01832342077409307,30.0,70.0,4.99996450058957,0.2852289919963913,3.6439648998075356,4.9011398706564755,0.21832350481961682,0.19604559482627537
0.018352717649093072,30.0,70.0,4.999964500589574,0.2852289919962983,3.643964899807276,4.90113987065626,0.218323504819399,0.19604559482626094
0.018382014524093073,30.0,70.0,4.999964500589572,0.2852289919961553,3.6439648998071728,4.9011398706560945,0.2183235048195582,0.19604559482627337
0.018411311399093074,30.0,70.0,4.99996450058957,0.28522899199618296,3.6439648998074627,4.90113987065644,0.21832350481930618,0.1960455948262408
0.018440608274093075,30.0,70.0,4.99996450058957,0.28522899199662466,3.643964899807259,4.901139870656216,0.21832350481920115,0.1960455948262395
0.018469905149093076,30.0,70.0,4.99996450058957,0.2852289919965755,3.6439648998080174,4.901139870656993,0.2183235048194745,0.19604559482626346
0.018499202024093078,30.0,70.0,4.999964500589572,0.28522899199642254,3.643964899807207,4.901139870656186,0.21832350481939855,0.19604559482627834
0.01852849889909308,30.0,70.0,4.999964500589572,0.2852289919966607,3.6439648998074605,4.90113987065643,0.21832350481929286,0.19604559482624695
0.01855779577409308,30.0,70.0,4.999964500589572,0.2852289919964402,3.643964899807369,4.901139870656336,0.21832350481938145,0.19604559482625827
0.01858709264909308,30.0,70.0,4.999964500589571,0.285228991996212,3.6439648998077523,4.901139870656753,0.2183235048195329,0.19604559482627248
0.018616389524093082,30.0,70.0,4.999964500589573,0.2852289919961098,3.643964899807335,4.901139870656314,0.21832350481937945,0.19604559482626926
0.018645686399093083,30.0,70.0,4.999964500589573,0.28522899199616286,3.6439648998076595,4.901139870656699,0.21832350481953045,0.19604559482627404
0.018674983274093084,30.0,70.0,4.999964500589573,0.2852289919960537,3.6439648998072274,4.901139870656207,0.2183235048194505,0.19604559482627476
0.018704280149093085,30.0,70.0,4.999964500589574,0.28522899199636786,3.6439648998079734,4.901139870656985,0.21832350481939433,0.19604559482625586
0.018733577024093086,30.0,70.0,4.999964500589574,0.2852289919964472,3.643964899807928,4.901139870656952,0.2183235048192569,0.19604559482626271
0.018762873899093088,30.0,70.0,4.999964500589571,0.2852289919962708,3.6439648998076177,4.9011398706566505,0.2183235048191583,0.19604559482625636
0.01879217077409309,30.0,70.0,4.999964500589572,0.2852289919960292,3.6439648998073917,4.901139870656384,0.2183235048193728,0.19604559482626902
0.01882146764909309,30.0,70.0,4.99996450058957,0.2852289919961557,3.6439648998072967,4.901139870656277,0.21832350481946938,0.19604559482626824
0.01885076452409309,30.0,70.0,4.999964500589572,0.28522899199659263,3.6439648998077407,4.90113987065672,0.218323504819379,0.19604559482625378
0.018880061399093092,30.0,70.0,4.999964500589572,0.28522899199624113,3.6439648998079806,4.901139870656928,0.21832350481947937,0.19604559482627779
0.018909358274093093,30.0,70.0,4.999964500589572,0.28522899199647483,3.643964899807676,4.901139870656632,0.2183235048190879,0.19604559482624667
0.018938655149093094,30.0,70.0,4.999964500589573,0.2852289919965194,3.643964899807495,4.901139870656488,0.2183235048193648,0.19604559482626763
0.018967952024093095,30.0,70.0,4.999964500589573,0.2852289919959877,3.643964899807372,4.9011398706564036,0.21832350481931373,0.19604559482625544
0.018997248899093096,30.0,70.0,4.999964500589572,0.28522899199649776,3.6439648998078398,4.901139870656825,0.21832350481941165,0.19604559482626194
0.019026545774093098,30.0,70.0,4.999964500589574,0.2852289919957356,3.6439648998076666,4.901139870656588,0.2183235048193366,0.196045594826267
0.0190558426490931,30.0,70.0,4.99996450058957,0.2852289919961348,3.6439648998078997,4.901139870656839,0.21832350481924734,0.1960455948262532
0.0190851395240931,30.0,70.0,4.999964500589571,0.28522899199627105,3.643964899807692,4.901139870656679,0.21832350481931928,0.19604559482626693
0.0191144363990931,30.0,70.0,4.999964500589569,0.28522899199656415,3.6439648998074095,4.90113987065632,0.2183235048192218,0.19604559482625314
0.019143733274093102,30.0,70.0,4.999964500589571,0.28522899199636353,3.643964899807672,4.90113987065664,0.21832350481956952,0.19604559482627715
0.019173030149093103,30.0,70.0,4.999964500589574,0.28522899199620333,3.643964899807755,4.901139870656764,0.21832350481924845,0.19604559482625125
0.019202327024093104,30.0,70.0,4.999964500589573,0.2852289919960624,3.643964899807635,4.901139870656606,0.21832350481906282,0.1960455948262381
0.019231623899093105,30.0,70.0,4.999964500589574,0.2852289919964277,3.643964899807703,4.901139870656659,0.21832350481943696,0.19604559482627315
0.019260920774093106,30.0,70.0,4.99996450058957,0.2852289919958894,3.6439648998078322,4.901139870656761,0.21832350481927,0.19604559482625625
0.019290217649093108,30.0,70.0,4.999964500589572,0.2852289919965546,3.6439648998078624,4.90113987065686,0.2183235048193235,0.19604559482626513
0.01931951452409311,30.0,70.0,4.999964500589571,0.2852289919965981,3.64396489980789,4.901139870656897,0.21832350481914897,0.19604559482625072
0.01934881139909311,30.0,70.0,4.999964500589571,0.2852289919962023,3.643964899807628,4.901139870656618,0.21832350481934704,0.1960455948262731
0.01937810827409311,30.0,70.0,4.999964500589574,0.2852289919959436,3.6439648998075818,4.901139870656533,0.21832350481926577,0.19604559482625597
0.019407405149093112,30.0,70.0,4.99996450058957,0.285228991996377,3.643964899807816,4.90113987065675,0.21832350481938212,0.19604559482626355
0.019436702024093113,30.0,70.0,4.999964500589574,0.2852289919969305,3.6439648998078,4.901139870656797,0.21832350481937612,0.1960455948262692
0.019465998899093114,30.0,70.0,4.999964500589574,0.2852289919964464,3.643964899807045,4.901139870656015,0.2183235048192511,0.1960455948262593
0.019495295774093115,30.0,70.0,4.999964500589572,0.2852289919961681,3.6439648998079894,4.901139870656943,0.21832350481937612,0.19604559482624836
0.019524592649093116,30.0,70.0,4.999964500589571,0.28522899199597856,3.643964899807819,4.901139870656811,0.2183235048191905,0.19604559482625283
0.019553889524093118,30.0,70.0,4.999964500589574,0.28522899199589247,3.6439648998074,4.901139870656371,0.21832350481931107,0.19604559482626752
0.01958318639909312,30.0,70.0,4.999964500589574,0.2852289919962538,3.6439648998073264,4.901139870656337,0.21832350481937546,0.1960455948262598
0.01961248327409312,30.0,70.0,4.999964500589574,0.2852289919963403,3.64396489980798,4.901139870656908,0.21832350481945606,0.19604559482626385
0.01964178014909312,30.0,70.0,4.999964500589573,0.2852289919963558,3.6439648998078735,4.901139870656857,0.21832350481919005,0.1960455948262538
0.019671077024093122,30.0,70.0,4.999964500589571,0.285228991996515,3.6439648998071252,4.901139870656127,0.21832350481911034,0.19604559482624795
0.019700373899093123,30.0,70.0,4.999964500589572,0.28522899199634844,3.6439648998077967,4.901139870656773,0.218323504819395,0.19604559482625436
0.019729670774093124,30.0,70.0,4.99996450058957,0.28522899199624774,3.643964899807417,4.901139870656367,0.21832350481933127,0.19604559482626274
0.019758967649093125,30.0,70.0,4.99996450058957,0.285228991996571,3.643964899807706,4.901139870656696,0.21832350481934015,0.19604559482625547
0.019788264524093126,30.0,70.0,4.999964500589574,0.28522899199650625,3.643964899807315,4.901139870656311,0.21832350481924312,0.19604559482625328
0.019817561399093127,30.0,70.0,4.999964500589572,0.2852289919964333,3.6439648998073713,4.9011398706563085,0.21832350481937524,0.19604559482625708
0.01984685827409313,30.0,70.0,4.999964500589571,0.2852289919963461,3.643964899807612,4.901139870656577,0.21832350481929264,0.19604559482624595
0.01987615514909313,30.0,70.0,4.999964500589571,0.2852289919963447,3.6439648998070915,4.90113987065606,0.21832350481931795,0.19604559482625694
0.01990545202409313,30.0,70.0,4.999964500589571,0.2852289919963466,3.64396489980766,4.901139870656643,0.21832350481938656,0.19604559482624997
0.019934748899093132,30.0,70.0,4.999964500589574,0.28522899199663887,3.6439648998072434,4.901139870656252,0.21832350481930196,0.19604559482625605
0.019964045774093133,30.0,70.0,4.9999645005895745,0.28522899199620394,3.6439648998071847,4.90113987065616,0.21832350481926754,0.19604559482624406
0.019993342649093134,30.0,70.0,4.999964500589574,0.28522899199624535,3.643964899808013,4.901139870656951,0.21832350481950047,0.19604559482626308
0.020022639524093135,30.0,70.0,4.999964500589572,0.28522899199599316,3.6439648998078504,4.9011398706568965,0.21832350481920137,0.19604559482625572
0.020051936399093136,30.0,70.0,4.99996450058957,0.2852289919965227,3.6439648998073064,4.901139870656323,0.2183235048191423,0.19604559482625308
0.020081233274093137,30.0,70.0,4.99996450058957,0.28522899199635227,3.6439648998073593,4.901139870656343,0.2183235048193406,0.19604559482625522
0.02011053014909314,30.0,70.0,4.99996450058957,0.2852289919965286,3.6439648998073877,4.901139870656365,0.21832350481951313,0.19604559482626957
0.02013982702409314,30.0,70.0,4.999964500589573,0.28522899199649837,3.6439648998074365,4.9011398706563485,0.21832350481938634,0.19604559482625733
0.02016912389909314,30.0,70.0,4.999964500589571,0.28522899199628926,3.643964899807214,4.901139870656179,0.21832350481955953,0.19604559482627554
0.020198420774093142,30.0,70.0,4.999964500589572,0.28522899199661716,3.6439648998074636,4.901139870656405,0.21832350481950713,0.19604559482626488
0.020227717649093143,30.0,70.0,4.99996450058957,0.2852289919965742,3.6439648998074192,4.901139870656371,0.21832350481933682,0.19604559482625314
0.020257014524093144,30.0,70.0,4.999964500589573,0.28522899199633356,3.643964899808011,4.901139870657,0.21832350481952956,0.1960455948262737
0.020286311399093145,30.0,70.0,4.999964500589572,0.28522899199667173,3.6439648998075063,4.901139870656541,0.21832350481914697,0.1960455948262532
0.020315608274093146,30.0,70.0,4.999964500589572,0.28522899199661256,3.6439648998078398,4.90113987065672,0.21832350481944363,0.19604559482627362
0.020344905149093147,30.0,70.0,4.999964500589574,0.28522899199636215,3.6439648998073784,4.9011398706563805,0.21832350481947138,0.19604559482627879
0.02037420202409315,30.0,70.0,4.999964500589571,0.2852289919961458,3.6439648998073992,4.901139870656344,0.21832350481949625,0.1960455948262716
0.02040349889909315,30.0,70.0,4.999964500589574,0.285228991996394,3.643964899807669,4.901139870656637,0.2183235048194918,0.1960455948262679
0.02043279577409315,30.0,70.0,4.99996450058957,0.28522899199600077,3.6439648998074943,4.901139870656444,0.21832350481926555,0.19604559482625347
0.020462092649093152,30.0,70.0,4.999964500589572,0.2852289919964091,3.6439648998075618,4.901139870656536,0.21832350481925378,0.1960455948262484
0.020491389524093153,30.0,70.0,4.999964500589574,0.28522899199656077,3.6439648998071963,4.901139870656218,0.2183235048194645,0.19604559482627196
0.020520686399093154,30.0,70.0,4.999964500589574,0.2852289919961964,3.6439648998077008,4.901139870656678,0.21832350481947294,0.19604559482626344
0.020549983274093155,30.0,70.0,4.999964500589572,0.2852289919961498,3.643964899807405,4.901139870656397,0.2183235048191603,0.19604559482624317
0.020579280149093156,30.0,70.0,4.99996450058957,0.28522899199648327,3.6439648998075604,4.901139870656544,0.2183235048194352,0.19604559482626613
0.020608577024093157,30.0,70.0,4.999964500589569,0.28522899199641594,3.6439648998074117,4.901139870656415,0.2183235048192309,0.19604559482624762
0.02063787389909316,30.0,70.0,4.999964500589574,0.28522899199659774,3.643964899807566,4.901139870656498,0.21832350481928553,0.19604559482625003
0.02066717077409316,30.0,70.0,4.99996450058957,0.28522899199685603,3.6439648998073384,4.9011398706563085,0.21832350481950047,0.1960455948262743
0.02069646764909316,30.0,70.0,4.999964500589573,0.2852289919963137,3.6439648998075986,4.901139870656548,0.21832350481940033,0.19604559482625847
0.020725764524093162,30.0,70.0,4.999964500589574,0.2852289919959659,3.6439648998079197,4.901139870656928,0.21832350481931395,0.1960455948262558
0.020755061399093163,30.0,70.0,4.99996450058957,0.2852289919960024,3.643964899807444,4.901139870656429,0.21832350481934348,0.19604559482627223
0.020784358274093164,30.0,70.0,4.999964500589571,0.2852289919962842,3.6439648998074534,4.9011398706564195,0.21832350481951668,0.1960455948262772
0.020813655149093165,30.0,70.0,4.99996450058957,0.2852289919961818,3.6439648998071936,4.901139870656138,0.21832350481943985,0.19604559482626535
0.020842952024093166,30.0,70.0,4.999964500589572,0.2852289919963073,3.6439648998073157,4.901139870656302,0.2183235048196468,0.196045594826278
0.020872248899093167,30.0,70.0,4.99996450058957,0.2852289919964159,3.6439648998074876,4.901139870656449,0.2183235048194343,0.1960455948262595
0.02090154577409317,30.0,70.0,4.999964500589571,0.2852289919962318,3.64396489980777,4.901139870656739,0.21832350481937612,0.19604559482625936
0.02093084264909317,30.0,70.0,4.999964500589572,0.285228991996424,3.643964899807602,4.901139870656602,0.2183235048193708,0.19604559482626902
0.02096013952409317,30.0,70.0,4.99996450058957,0.28522899199653706,3.6439648998070777,4.901139870656037,0.21832350481926022,0.19604559482625483
0.020989436399093172,30.0,70.0,4.99996450058957,0.28522899199629287,3.6439648998077683,4.901139870656737,0.21832350481937013,0.19604559482624745
0.021018733274093173,30.0,70.0,4.999964500589572,0.2852289919956922,3.6439648998071816,4.90113987065612,0.21832350481941476,0.19604559482627007
0.021048030149093174,30.0,70.0,4.999964500589574,0.2852289919966915,3.6439648998076417,4.901139870656636,0.21832350481938012,0.19604559482625203
0.021077327024093175,30.0,70.0,4.9999645005895745,0.2852289919964428,3.6439648998077927,4.901139870656797,0.21832350481949137,0.196045594826276
0.021106623899093176,30.0,70.0,4.999964500589573,0.2852289919963885,3.6439648998076053,4.901139870656602,0.21832350481935459,0.19604559482626996
0.021135920774093177,30.0,70.0,4.99996450058957,0.28522899199640317,3.6439648998074197,4.9011398706564275,0.21832350481936902,0.1960455948262664
0.02116521764909318,30.0,70.0,4.99996450058957,0.28522899199628704,3.6439648998075325,4.901139870656507,0.21832350481938212,0.1960455948262607
0.02119451452409318,30.0,70.0,4.999964500589572,0.28522899199583934,3.64396489980763,4.90113987065661,0.218323504819268,0.19604559482624997
0.02122381139909318,30.0,70.0,4.999964500589572,0.2852289919963126,3.643964899807844,4.901139870656802,0.21832350481935237,0.19604559482626266
0.021253108274093182,30.0,70.0,4.999964500589572,0.2852289919959294,3.643964899807964,4.901139870656982,0.21832350481940255,0.1960455948262748
0.021282405149093183,30.0,70.0,4.999964500589571,0.28522899199595364,3.643964899807394,4.901139870656384,0.21832350481912322,0.1960455948262523
0.021311702024093184,30.0,70.0,4.999964500589569,0.2852289919964822,3.643964899807747,4.901139870656735,0.2183235048192791,0.1960455948262508
0.021340998899093185,30.0,70.0,4.99996450058957,0.28522899199635143,3.6439648998071346,4.90113987065608,0.21832350481929974,0.1960455948262598
0.021370295774093186,30.0,70.0,4.99996450058957,0.28522899199654683,3.6439648998076533,4.90113987065663,0.2183235048195149,0.19604559482626424
0.021399592649093187,30.0,70.0,4.999964500589572,0.2852289919961966,3.643964899807848,4.901139870656811,0.218323504819403,0.19604559482626588
0.02142888952409319,30.0,70.0,4.999964500589571,0.28522899199552454,3.643964899807749,4.90113987065671,0.21832350481924734,0.19604559482625905
0.02145818639909319,30.0,70.0,4.999964500589571,0.2852289919963744,3.643964899807222,4.901139870656254,0.21832350481931462,0.19604559482626424
0.02148748327409319,30.0,70.0,4.99996450058957,0.2852289919962408,3.6439648998078087,4.9011398706567695,0.21832350481940632,0.19604559482625855
0.021516780149093192,30.0,70.0,4.9999645005895745,0.2852289919958373,3.6439648998072847,4.901139870656249,0.2183235048193355,0.196045594826264
0.021546077024093193,30.0,70.0,4.999964500589572,0.2852289919966195,3.6439648998078304,4.901139870656815,0.2183235048193657,0.1960455948262545
0.021575373899093194,30.0,70.0,4.999964500589573,0.28522899199598745,3.6439648998077954,4.9011398706567295,0.21832350481934526,0.1960455948262669
0.021604670774093195,30.0,70.0,4.99996450058957,0.28522899199606794,3.643964899807292,4.9011398706562,0.21832350481911145,0.19604559482624342
0.021633967649093196,30.0,70.0,4.999964500589572,0.2852289919964668,3.6439648998074214,4.9011398706563645,0.21832350481934526,0.19604559482625072
0.021663264524093197,30.0,70.0,4.99996450058957,0.2852289919970253,3.6439648998072904,4.901139870656226,0.21832350481932483,0.19604559482625003
0.0216925613990932,30.0,70.0,4.99996450058957,0.28522899199627333,3.643964899807474,4.901139870656433,0.2183235048194201,0.19604559482625689
0.0217218582740932,30.0,70.0,4.999964500589573,0.28522899199628055,3.6439648998075747,4.901139870656542,0.21832350481940965,0.19604559482626185
0.0217511551490932,30.0,70.0,4.99996450058957,0.28522899199668444,3.643964899807666,4.901139870656636,0.21832350481931861,0.19604559482625716
0.021780452024093202,30.0,70.0,4.99996450058957,0.2852289919963172,3.643964899807285,4.901139870656253,0.21832350481929708,0.19604559482625855
0.021809748899093203,30.0,70.0,4.999964500589569,0.2852289919961833,3.643964899807672,4.901139870656658,0.21832350481925622,0.19604559482624265
0.021839045774093204,30.0,70.0,4.999964500589573,0.28522899199590807,3.643964899807583,4.901139870656562,0.21832350481923335,0.19604559482625025
0.021868342649093205,30.0,70.0,4.999964500589569,0.28522899199575963,3.6439648998073983,4.901139870656354,0.21832350481943918,0.19604559482627143
0.021897639524093206,30.0,70.0,4.999964500589572,0.2852289919967099,3.6439648998072927,4.901139870656286,0.21832350481947183,0.1960455948262678
0.021926936399093207,30.0,70.0,4.999964500589573,0.2852289919963882,3.643964899807674,4.901139870656623,0.21832350481956397,0.19604559482627376
0.02195623327409321,30.0,70.0,4.999964500589572,0.2852289919959693,3.643964899807753,4.901139870656791,0.21832350481948692,0.19604559482627593
0.02198553014909321,30.0,70.0,4.999964500589573,0.2852289919963256,3.6439648998073757,4.901139870656365,0.21832350481932106,0.1960455948262662
0.02201482702409321,30.0,70.0,4.999964500589571,0.28522899199659263,3.6439648998072993,4.901139870656304,0.21832350481954643,0.1960455948262775
0.022044123899093212,30.0,70.0,4.99996450058957,0.28522899199663604,3.643964899807442,4.90113987065639,0.21832350481948803,0.19604559482626635
0.022073420774093213,30.0,70.0,4.99996450058957,0.28522899199637547,3.643964899807347,4.901139870656301,0.21832350481928997,0.19604559482624798
0.022102717649093214,30.0,70.0,4.999964500589572,0.28522899199623336,3.643964899807734,4.901139870656727,0.2183235048193901,0.1960455948262566
0.022132014524093215,30.0,70.0,4.999964500589572,0.2852289919963338,3.6439648998076226,4.901139870656594,0.2183235048192813,0.19604559482625813
0.022161311399093216,30.0,70.0,4.999964500589569,0.28522899199637486,3.643964899807417,4.901139870656398,0.21832350481950047,0.19604559482627956
0.022190608274093217,30.0,70.0,4.999964500589571,0.28522899199656443,3.6439648998077314,4.90113987065671,0.21832350481940987,0.19604559482626294
0.02221990514909322,30.0,70.0,4.999964500589574,0.28522899199625396,3.6439648998072025,4.901139870656179,0.21832350481942497,0.19604559482627268
0.02224920202409322,30.0,70.0,4.999964500589572,0.2852289919962709,3.643964899807188,4.901139870656122,0.21832350481945206,0.19604559482626102
0.02227849889909322,30.0,70.0,4.99996450058957,0.2852289919966695,3.6439648998072514,4.901139870656241,0.21832350481963836,0.1960455948262754
0.022307795774093222,30.0,70.0,4.999964500589572,0.28522899199600876,3.6439648998075116,4.9011398706564435,0.21832350481962237,0.19604559482627718
0.022337092649093223,30.0,70.0,4.999964500589569,0.2852289919959403,3.6439648998077665,4.901139870656749,0.21832350481933305,0.19604559482625447
0.022366389524093224,30.0,70.0,4.999964500589574,0.28522899199636165,3.643964899807852,4.9011398706568645,0.21832350481938612,0.19604559482627104
0.022395686399093225,30.0,70.0,4.999964500589571,0.28522899199628987,3.643964899807229,4.901139870656191,0.21832350481927643,0.19604559482626485
0.022424983274093226,30.0,70.0,4.999964500589571,0.28522899199601326,3.6439648998075205,4.901139870656504,0.21832350481958396,0.19604559482627626
0.022454280149093227,30.0,70.0,4.99996450058957,0.2852289919964449,3.643964899807213,4.901139870656182,0.21832350481957907,0.19604559482628076
0.02248357702409323,30.0,70.0,4.999964500589574,0.2852289919964887,3.643964899807267,4.901139870656218,0.21832350481930574,0.1960455948262444
0.02251287389909323,30.0,70.0,4.99996450058957,0.28522899199652807,3.643964899807233,4.901139870656251,0.21832350481951068,0.19604559482626527
0.02254217077409323,30.0,70.0,4.999964500589571,0.28522899199607743,3.6439648998073038,4.901139870656247,0.21832350481944274,0.1960455948262596
0.022571467649093232,30.0,70.0,4.99996450058957,0.28522899199614593,3.6439648998074072,4.901139870656412,0.21832350481953777,0.19604559482626985
0.022600764524093233,30.0,70.0,4.99996450058957,0.28522899199646884,3.6439648998080187,4.9011398706569835,0.21832350481936902,0.19604559482625739
0.022630061399093234,30.0,70.0,4.999964500589574,0.2852289919965624,3.6439648998072114,4.901139870656236,0.21832350481914586,0.19604559482625294
0.022659358274093235,30.0,70.0,4.99996450058957,0.2852289919961482,3.643964899807388,4.901139870656328,0.21832350481949514,0.19604559482626957
0.022688655149093236,30.0,70.0,4.999964500589571,0.28522899199610796,3.643964899807902,4.901139870656868,0.21832350481935858,0.19604559482625292
0.022717952024093237,30.0,70.0,4.999964500589574,0.2852289919965305,3.643964899808007,4.901139870657023,0.21832350481929907,0.196045594826264
0.02274724889909324,30.0,70.0,4.999964500589574,0.2852289919963554,3.6439648998078944,4.901139870656834,0.2183235048190666,0.1960455948262484
0.02277654577409324,30.0,70.0,4.99996450058957,0.2852289919958736,3.6439648998077825,4.9011398706566975,0.21832350481929108,0.1960455948262667
0.02280584264909324,30.0,70.0,4.999964500589571,0.2852289919958491,3.64396489980714,4.901139870656083,0.2183235048191856,0.19604559482624964
0.022835139524093242,30.0,70.0,4.999964500589571,0.28522899199635354,3.643964899807516,4.9011398706565235,0.21832350481956442,0.1960455948262689
0.022864436399093243,30.0,70.0,4.99996450058957,0.2852289919966754,3.6439648998075516,4.901139870656534,0.21832350481929952,0.19604559482625128
0.022893733274093244,30.0,70.0,4.999964500589572,0.28522899199683477,3.643964899807559,4.901139870656518,0.21832350481923934,0.19604559482624873
0.022923030149093245,30.0,70.0,4.999964500589573,0.2852289919957096,3.643964899807157,4.901139870656165,0.21832350481932306,0.19604559482625747
0.022952327024093246,30.0,70.0,4.999964500589573,0.2852289919958387,3.643964899807661,4.901139870656609,0.21832350481938545,0.19604559482625258
0.022981623899093247,30.0,70.0,4.999964500589572,0.28522899199668933,3.6439648998073317,4.901139870656339,0.21832350481952822,0.19604559482627898
0.02301092077409325,30.0,70.0,4.99996450058957,0.28522899199615964,3.643964899807693,4.901139870656659,0.218323504819383,0.19604559482625847
0.02304021764909325,30.0,70.0,4.99996450058957,0.28522899199638463,3.643964899807918,4.901139870656915,0.2183235048191825,0.19604559482624592
0.02306951452409325,30.0,70.0,4.999964500589573,0.2852289919960431,3.643964899807807,4.901139870656785,0.2183235048191947,0.19604559482625702
0.023098811399093252,30.0,70.0,4.999964500589571,0.28522899199634044,3.643964899807803,4.901139870656718,0.21832350481912965,0.19604559482624764
0.023128108274093253,30.0,70.0,4.99996450058957,0.285228991996734,3.6439648998077323,4.9011398706566975,0.21832350481915896,0.19604559482624737
0.023157405149093254,30.0,70.0,4.999964500589571,0.2852289919964537,3.643964899807292,4.901139870656332,0.21832350481920892,0.19604559482625125
0.023186702024093255,30.0,70.0,4.999964500589574,0.2852289919963199,3.6439648998075893,4.901139870656543,0.21832350481941276,0.19604559482626108
0.023215998899093256,30.0,70.0,4.99996450058957,0.2852289919965619,3.643964899807666,4.9011398706566585,0.21832350481952179,0.19604559482627681
0.023245295774093257,30.0,70.0,4.99996450058957,0.28522899199637286,3.643964899807598,4.901139870656541,0.21832350481923957,0.19604559482625267
0.02327459264909326,30.0,70.0,4.999964500589574,0.28522899199628743,3.6439648998075462,4.901139870656516,0.2183235048192005,0.19604559482624587
0.02330388952409326,30.0,70.0,4.999964500589571,0.2852289919962672,3.643964899807124,4.90113987065608,0.21832350481938811,0.19604559482626382
0.02333318639909326,30.0,70.0,4.999964500589571,0.28522899199628465,3.64396489980719,4.901139870656167,0.21832350481959217,0.19604559482627124
0.023362483274093262,30.0,70.0,4.99996450058957,0.28522899199633145,3.6439648998079655,4.90113987065692,0.21832350481951734,0.1960455948262635
0.023391780149093263,30.0,70.0,4.999964500589573,0.28522899199646745,3.643964899807369,4.901139870656416,0.21832350481919116,0.1960455948262538
0.023421077024093264,30.0,70.0,4.999964500589572,0.2852289919961536,3.6439648998073433,4.901139870656301,0.21832350481940943,0.19604559482626602
0.023450373899093265,30.0,70.0,4.999964500589573,0.28522899199610124,3.643964899807817,4.901139870656772,0.2183235048194465,0.19604559482626271
0.023479670774093266,30.0,70.0,4.99996450058957,0.2852289919959275,3.6439648998075675,4.901139870656579,0.21832350481938212,0.19604559482626954
0.023508967649093267,30.0,70.0,4.999964500589573,0.28522899199631463,3.6439648998079437,4.901139870656926,0.2183235048193921,0.1960455948262678
0.02353826452409327,30.0,70.0,4.999964500589574,0.28522899199610297,3.6439648998077327,4.901139870656686,0.21832350481937857,0.19604559482627593
0.02356756139909327,30.0,70.0,4.999964500589574,0.28522899199686075,3.6439648998079015,4.901139870656894,0.2183235048194494,0.19604559482627776
0.02359685827409327,30.0,70.0,4.999964500589571,0.28522899199665946,3.643964899807258,4.901139870656204,0.21832350481928353,0.1960455948262652
0.023626155149093272,30.0,70.0,4.999964500589569,0.28522899199625235,3.643964899807322,4.901139870656252,0.21832350481954643,0.19604559482627226
0.023655452024093273,30.0,70.0,4.999964500589573,0.28522899199611407,3.6439648998072034,4.901139870656181,0.21832350481953622,0.19604559482626838
0.023684748899093274,30.0,70.0,4.99996450058957,0.2852289919960021,3.643964899807763,4.901139870656747,0.21832350481956198,0.19604559482626946
0.023714045774093275,30.0,70.0,4.999964500589573,0.2852289919966208,3.64396489980756,4.901139870656581,0.21832350481920249,0.19604559482624975
0.023743342649093276,30.0,70.0,4.999964500589571,0.2852289919962892,3.6439648998078042,4.901139870656747,0.218323504819399,0.19604559482626893
0.023772639524093277,30.0,70.0,4.999964500589572,0.2852289919962931,3.6439648998073526,4.901139870656319,0.21832350481941454,0.19604559482627437
0.02380193639909328,30.0,70.0,4.99996450058957,0.28522899199613516,3.6439648998079246,4.901139870656858,0.21832350481948803,0.19604559482626926
0.02383123327409328,30.0,70.0,4.999964500589574,0.2852289919968665,3.6439648998075387,4.901139870656533,0.2183235048193397,0.19604559482626768
0.02386053014909328,30.0,70.0,4.999964500589571,0.28522899199644103,3.6439648998076315,4.901139870656586,0.21832350481935725,0.19604559482626296
0.023889827024093282,30.0,70.0,4.999964500589571,0.28522899199630314,3.643964899807446,4.9011398706564275,0.2183235048194614,0.19604559482627348
0.023919123899093283,30.0,70.0,4.999964500589574,0.2852289919961456,3.643964899807332,4.901139870656235,0.21832350481947094,0.1960455948262697
0.023948420774093284,30.0,70.0,4.999964500589572,0.2852289919963432,3.6439648998076155,4.901139870656604,0.21832350481938945,0.19604559482625433
0.023977717649093285,30.0,70.0,4.999964500589569,0.2852289919962894,3.6439648998071195,4.9011398706560945,0.2183235048193417,0.19604559482625977
0.024007014524093286,30.0,70.0,4.999964500589574,0.28522899199605206,3.6439648998075085,4.901139870656478,0.2183235048193648,0.19604559482624895
0.024036311399093287,30.0,70.0,4.999964500589572,0.28522899199593515,3.6439648998079655,4.901139870656878,0.21832350481949492,0.19604559482627124
0.02406560827409329,30.0,70.0,4.999964500589574,0.28522899199647517,3.6439648998074015,4.901139870656437,0.2183235048191554,0.19604559482625075
0.02409490514909329,30.0,70.0,4.999964500589574,0.2852289919962199,3.6439648998075804,4.901139870656544,0.21832350481948204,0.19604559482627376
0.02412420202409329,30.0,70.0,4.99996450058957,0.28522899199643575,3.6439648998075542,4.901139870656567,0.218323504819385,0.1960455948262637
0.024153498899093292,30.0,70.0,4.999964500589569,0.28522899199643303,3.6439648998074943,4.901139870656459,0.2183235048193588,0.19604559482626208
0.024182795774093293,30.0,70.0,4.99996450058957,0.28522899199628815,3.643964899807479,4.901139870656477,0.2183235048192298,0.1960455948262456
0.024212092649093294,30.0,70.0,4.999964500589574,0.28522899199644663,3.6439648998078455,4.901139870656826,0.21832350481929286,0.19604559482625208
0.024241389524093295,30.0,70.0,4.999964500589571,0.28522899199631474,3.64396489980751,4.901139870656472,0.21832350481925955,0.1960455948262597
0.024270686399093296,30.0,70.0,4.999964500589571,0.285228991995876,3.6439648998076746,4.901139870656644,0.21832350481950002,0.19604559482627598
0.024299983274093297,30.0,70.0,4.999964500589572,0.2852289919964223,3.643964899807439,4.901139870656417,0.2183235048193315,0.19604559482626133
0.0243292801490933,30.0,70.0,4.99996450058957,0.2852289919963466,3.6439648998078913,4.9011398706568325,0.21832350481920382,0.19604559482624184
0.0243585770240933,30.0,70.0,4.99996450058957,0.28522899199593965,3.6439648998077034,4.901139870656696,0.21832350481925888,0.19604559482625927
0.0243878738990933,30.0,70.0,4.99996450058957,0.285228991996248,3.643964899807806,4.901139870656772,0.21832350481937368,0.1960455948262697
0.024417170774093302,30.0,70.0,4.999964500589572,0.28522899199645657,3.643964899807965,4.901139870656911,0.2183235048192662,0.1960455948262599
0.024446467649093303,30.0,70.0,4.999964500589574,0.28522899199573376,3.6439648998072016,4.901139870656186,0.21832350481925178,0.19604559482626296
0.024475764524093304,30.0,70.0,4.999964500589571,0.2852289919962005,3.6439648998076133,4.901139870656555,0.21832350481956975,0.1960455948262744
0.024505061399093305,30.0,70.0,4.999964500589572,0.28522899199631413,3.6439648998073264,4.901139870656347,0.2183235048194372,0.19604559482626735
0.024534358274093306,30.0,70.0,4.999964500589569,0.2852289919960428,3.643964899807648,4.901139870656611,0.21832350481953555,0.19604559482627382
0.024563655149093307,30.0,70.0,4.99996450058957,0.2852289919963725,3.643964899807109,4.901139870656057,0.21832350481939433,0.1960455948262664
0.02459295202409331,30.0,70.0,4.99996450058957,0.28522899199638707,3.643964899807581,4.901139870656564,0.21832350481950313,0.19604559482626216
0.02462224889909331,30.0,70.0,4.9999645005895745,0.28522899199662144,3.6439648998074317,4.901139870656396,0.2183235048195029,0.1960455948262744
0.02465154577409331,30.0,70.0,4.999964500589573,0.2852289919959623,3.6439648998072354,4.9011398706562135,0.2183235048195331,0.19604559482627565
0.024680842649093312,30.0,70.0,4.999964500589572,0.2852289919962991,3.643964899807976,4.901139870656975,0.21832350481944918,0.19604559482626027
0.024710139524093313,30.0,70.0,4.999964500589572,0.28522899199627727,3.6439648998079335,4.901139870656962,0.21832350481928575,0.19604559482626563
0.024739436399093314,30.0,70.0,4.999964500589573,0.285228991996406,3.643964899807762,4.901139870656716,0.21832350481915963,0.19604559482625697
0.024768733274093315,30.0,70.0,4.999964500589569,0.2852289919958897,3.643964899807241,4.90113987065624,0.21832350481921492,0.1960455948262547
0.024798030149093316,30.0,70.0,4.999964500589572,0.28522899199614965,3.6439648998073237,4.9011398706562845,0.21832350481953822,0.19604559482627137
0.024827327024093317,30.0,70.0,4.999964500589572,0.28522899199610174,3.643964899807328,4.901139870656296,0.21832350481953378,0.1960455948262692
0.02485662389909332,30.0,70.0,4.999964500589572,0.2852289919957783,3.643964899807784,4.9011398706567935,0.21832350481932705,0.19604559482624878
0.02488592077409332,30.0,70.0,4.9999645005895745,0.28522899199650464,3.6439648998075076,4.901139870656486,0.2183235048194092,0.1960455948262735
0.02491521764909332,30.0,70.0,4.999964500589571,0.2852289919961397,3.64396489980764,4.901139870656552,0.21832350481938634,0.19604559482626482
0.024944514524093322,30.0,70.0,4.999964500589573,0.2852289919958503,3.643964899807287,4.90113987065627,0.21832350481924334,0.19604559482624967
0.024973811399093323,30.0,70.0,4.99996450058957,0.2852289919961701,3.6439648998078056,4.901139870656763,0.21832350481954843,0.19604559482627285
0.025003108274093324,30.0,70.0,4.999964500589571,0.2852289919964386,3.643964899807466,4.901139870656469,0.2183235048193961,0.1960455948262706
0.025032405149093325,30.0,70.0,4.99996450058957,0.2852289919963185,3.64396489980757,4.9011398706565705,0.2183235048192549,0.19604559482624997
0.025061702024093326,30.0,70.0,4.99996450058957,0.28522899199633595,3.643964899807866,4.901139870656853,0.21832350481920537,0.1960455948262461
0.025090998899093327,30.0,70.0,4.999964500589572,0.28522899199634616,3.6439648998071865,4.901139870656153,0.2183235048191965,0.19604559482625433
0.02512029577409333,30.0,70.0,4.999964500589572,0.28522899199632284,3.6439648998073806,4.901139870656309,0.21832350481942564,0.1960455948262583
0.02514959264909333,30.0,70.0,4.99996450058957,0.2852289919961282,3.6439648998076977,4.90113987065671,0.21832350481939833,0.1960455948262558
0.02517888952409333,30.0,70.0,4.999964500589571,0.2852289919963193,3.643964899807517,4.901139870656483,0.2183235048192267,0.19604559482625142
0.025208186399093332,30.0,70.0,4.999964500589574,0.28522899199631935,3.6439648998076986,4.901139870656689,0.2183235048192227,0.19604559482624695
0.025237483274093333,30.0,70.0,4.9999645005895745,0.2852289919961715,3.6439648998072394,4.901139870656246,0.21832350481913276,0.1960455948262424
0.025266780149093334,30.0,70.0,4.999964500589574,0.28522899199652385,3.643964899807877,4.901139870656849,0.21832350481949758,0.19604559482626774
0.025296077024093335,30.0,70.0,4.999964500589574,0.28522899199646023,3.6439648998073144,4.901139870656274,0.2183235048194352,0.19604559482627718
0.025325373899093336,30.0,70.0,4.999964500589574,0.28522899199622376,3.6439648998073793,4.901139870656356,0.21832350481935858,0.19604559482625517
0.025354670774093337,30.0,70.0,4.99996450058957,0.28522899199609236,3.643964899807877,4.901139870656885,0.21832350481927665,0.19604559482624553
0.02538396764909334,30.0,70.0,4.999964500589573,0.2852289919963236,3.643964899807667,4.901139870656635,0.21832350481930818,0.19604559482626582
0.02541326452409334,30.0,70.0,4.99996450058957,0.2852289919955306,3.6439648998074956,4.901139870656462,0.2183235048194081,0.19604559482627204
0.02544256139909334,30.0,70.0,4.999964500589572,0.28522899199635654,3.643964899807836,4.901139870656831,0.21832350481950202,0.19604559482627462
0.025471858274093342,30.0,70.0,4.999964500589574,0.28522899199634266,3.643964899807863,4.901139870656852,0.21832350481917473,0.19604559482625056
0.025501155149093343,30.0,70.0,4.999964500589571,0.28522899199643664,3.643964899807533,4.901139870656472,0.21832350481916074,0.19604559482625214
0.025530452024093344,30.0,70.0,4.99996450058957,0.28522899199651003,3.6439648998074583,4.901139870656456,0.21832350481922047,0.19604559482624667
0.025559748899093345,30.0,70.0,4.999964500589574,0.2852289919965556,3.6439648998071683,4.901139870656149,0.21832350481928708,0.19604559482625047
0.025589045774093346,30.0,70.0,4.999964500589572,0.2852289919966029,3.64396489980721,4.901139870656189,0.21832350481931573,0.19604559482624392
0.025618342649093347,30.0,70.0,4.99996450058957,0.2852289919960415,3.643964899807899,4.901139870656842,0.21832350481958107,0.19604559482627132
0.02564763952409335,30.0,70.0,4.999964500589573,0.28522899199611385,3.6439648998077554,4.901139870656746,0.21832350481938056,0.1960455948262713
0.02567693639909335,30.0,70.0,4.999964500589571,0.28522899199632706,3.6439648998069867,4.901139870655979,0.21832350481929752,0.1960455948262641
0.02570623327409335,30.0,70.0,4.999964500589573,0.2852289919965109,3.643964899807219,4.901139870656187,0.21832350481961016,0.1960455948262718
0.025735530149093352,30.0,70.0,4.999964500589572,0.28522899199642365,3.6439648998072838,4.901139870656298,0.21832350481943008,0.1960455948262541
0.025764827024093353,30.0,70.0,4.999964500589574,0.2852289919966275,3.643964899807807,4.9011398706568015,0.21832350481941187,0.19604559482625727
0.025794123899093354,30.0,70.0,4.999964500589571,0.28522899199659024,3.643964899807673,4.901139870656673,0.21832350481945784,0.19604559482627915
0.025823420774093355,30.0,70.0,4.999964500589571,0.28522899199638846,3.643964899807621,4.9011398706565865,0.21832350481919782,0.19604559482625114
0.025852717649093356,30.0,70.0,4.999964500589573,0.28522899199624924,3.6439648998074774,4.901139870656451,0.21832350481924423,0.19604559482625203
0.025882014524093357,30.0,70.0,4.999964500589571,0.2852289919964169,3.6439648998074703,4.901139870656464,0.21832350481935436,0.19604559482625827
0.02591131139909336,30.0,70.0,4.999964500589572,0.28522899199635426,3.6439648998076097,4.901139870656553,0.2183235048195129,0.19604559482627434
0.02594060827409336,30.0,70.0,4.999964500589571,0.28522899199620205,3.6439648998074636,4.901139870656485,0.21832350481922091,0.19604559482624698
0.02596990514909336,30.0,70.0,4.999964500589573,0.2852289919965953,3.643964899807314,4.9011398706562845,0.21832350481937346,0.19604559482626152
0.025999202024093362,30.0,70.0,4.99996450058957,0.2852289919964877,3.643964899807919,4.90113987065693,0.2183235048195049,0.19604559482626854
0.026028498899093363,30.0,70.0,4.999964500589573,0.2852289919961874,3.643964899807856,4.901139870656843,0.2183235048192269,0.19604559482625836
0.026057795774093364,30.0,70.0,4.99996450058957,0.28522899199639623,3.6439648998073717,4.901139870656308,0.21832350481931573,0.19604559482626915
0.026087092649093365,30.0,70.0,4.999964500589574,0.28522899199658874,3.6439648998079273,4.901139870656904,0.21832350481922846,0.19604559482624254
0.026116389524093366,30.0,70.0,4.999964500589572,0.285228991995745,3.643964899807346,4.901139870656327,0.21832350481938456,0.1960455948262735
0.026145686399093367,30.0,70.0,4.999964500589571,0.28522899199640706,3.6439648998075533,4.901139870656535,0.21832350481930485,0.1960455948262512
0.02617498327409337,30.0,70.0,4.999964500589571,0.2852289919971501,3.643964899807641,4.901139870656597,0.21832350481938034,0.19604559482626208
0.02620428014909337,30.0,70.0,4.999964500589571,0.28522899199651897,3.6439648998076977,4.901139870656644,0.2183235048194605,0.1960455948262737
0.02623357702409337,30.0,70.0,4.99996450058957,0.2852289919963965,3.6439648998074685,4.901139870656438,0.21832350481934637,0.19604559482626394
0.026262873899093372,30.0,70.0,4.99996450058957,0.28522899199622237,3.6439648998073935,4.901139870656399,0.21832350481928597,0.19604559482625136
0.026292170774093373,30.0,70.0,4.99996450058957,0.28522899199629953,3.6439648998076914,4.901139870656653,0.21832350481950047,0.19604559482627115
0.026321467649093374,30.0,70.0,4.999964500589572,0.28522899199628254,3.6439648998074508,4.90113987065646,0.2183235048194292,0.19604559482627143
0.026350764524093375,30.0,70.0,4.999964500589571,0.28522899199620677,3.6439648998077647,4.901139870656704,0.2183235048195007,0.1960455948262747
0.026380061399093376,30.0,70.0,4.999964500589574,0.285228991996353,3.6439648998078655,4.9011398706568245,0.21832350481928486,0.1960455948262584
0.026409358274093377,30.0,70.0,4.999964500589571,0.2852289919961252,3.6439648998073846,4.901139870656332,0.21832350481909524,0.19604559482624384
0.02643865514909338,30.0,70.0,4.999964500589569,0.2852289919962814,3.643964899807553,4.901139870656529,0.21832350481944496,0.19604559482626574
0.02646795202409338,30.0,70.0,4.999964500589569,0.2852289919964211,3.6439648998073295,4.901139870656287,0.21832350481951068,0.19604559482627537
0.02649724889909338,30.0,70.0,4.999964500589571,0.2852289919962706,3.6439648998073597,4.901139870656388,0.21832350481926,0.196045594826243
0.026526545774093382,30.0,70.0,4.999964500589572,0.28522899199653323,3.643964899807165,4.901139870656182,0.2183235048194001,0.19604559482625955
0.026555842649093383,30.0,70.0,4.999964500589571,0.28522899199605223,3.6439648998078704,4.901139870656829,0.2183235048195611,0.19604559482627074
0.026585139524093384,30.0,70.0,4.999964500589573,0.28522899199637003,3.6439648998072465,4.901139870656213,0.21832350481919938,0.196045594826252
0.026614436399093385,30.0,70.0,4.999964500589573,0.2852289919959033,3.6439648998076177,4.901139870656596,0.21832350481938434,0.19604559482625625
0.026643733274093386,30.0,70.0,4.999964500589574,0.2852289919966226,3.6439648998077194,4.901139870656716,0.21832350481925533,0.19604559482625067
0.026673030149093387,30.0,70.0,4.999964500589571,0.28522899199658736,3.643964899807884,4.9011398706569125,0.21832350481942964,0.19604559482627484
0.02670232702409339,30.0,70.0,4.99996450058957,0.285228991996542,3.643964899807696,4.90113987065667,0.2183235048193184,0.1960455948262702
0.02673162389909339,30.0,70.0,4.999964500589569,0.2852289919963829,3.643964899807806,4.901139870656721,0.21832350481932927,0.1960455948262647
0.02676092077409339,30.0,70.0,4.999964500589574,0.2852289919962094,3.6439648998074334,4.901139870656322,0.21832350481937013,0.19604559482626868
0.02679021764909339,30.0,70.0,4.99996450058957,0.28522899199683965,3.6439648998077296,4.901139870656728,0.21832350481934393,0.19604559482625378
0.026819514524093393,30.0,70.0,4.999964500589574,0.28522899199616003,3.6439648998079193,4.901139870656853,0.21832350481919738,0.19604559482624873
0.026848811399093394,30.0,70.0,4.999964500589574,0.28522899199626744,3.643964899807185,4.901139870656199,0.21832350481909657,0.19604559482624495
0.026878108274093395,30.0,70.0,4.99996450058957,0.2852289919963174,3.643964899807847,4.901139870656829,0.21832350481943408,0.1960455948262607
0.026907405149093396,30.0,70.0,4.9999645005895745,0.28522899199617474,3.643964899807797,4.901139870656811,0.2183235048191723,0.19604559482624853
0.026936702024093397,30.0,70.0,4.99996450058957,0.285228991996122,3.6439648998078047,4.9011398706567615,0.21832350481939677,0.19604559482627562
0.0269659988990934,30.0,70.0,4.999964500589572,0.28522899199659896,3.6439648998077736,4.901139870656806,0.21832350481939677,0.19604559482627404
0.0269952957740934,30.0,70.0,4.99996450058957,0.28522899199641266,3.643964899807769,4.90113987065674,0.21832350481922558,0.19604559482625689
0.0270245926490934,30.0,70.0,4.999964500589574,0.28522899199664353,3.6439648998072554,4.901139870656224,0.2183235048194374,0.19604559482627706
0.0270538895240934,30.0,70.0,4.999964500589574,0.28522899199654667,3.6439648998074783,4.901139870656403,0.21832350481932639,0.19604559482624898
0.027083186399093403,30.0,70.0,4.999964500589573,0.28522899199643514,3.6439648998074885,4.901139870656439,0.21832350481949492,0.19604559482626893
0.027112483274093404,30.0,70.0,4.999964500589574,0.2852289919964714,3.6439648998072727,4.90113987065623,0.21832350481939877,0.19604559482626158
0.027141780149093405,30.0,70.0,4.999964500589572,0.2852289919962387,3.64396489980743,4.901139870656373,0.21832350481938056,0.1960455948262538
0.027171077024093406,30.0,70.0,4.99996450058957,0.28522899199602925,3.643964899807247,4.901139870656259,0.21832350481925467,0.19604559482624376
0.027200373899093407,30.0,70.0,4.999964500589571,0.2852289919964417,3.6439648998078003,4.901139870656757,0.2183235048193366,0.19604559482624972
0.02722967077409341,30.0,70.0,4.999964500589574,0.2852289919962559,3.6439648998073473,4.901139870656292,0.21832350481923868,0.19604559482625433
0.02725896764909341,30.0,70.0,4.999964500589572,0.2852289919968434,3.6439648998073486,4.901139870656296,0.2183235048193195,0.1960455948262515
0.02728826452409341,30.0,70.0,4.999964500589574,0.28522899199609436,3.643964899807293,4.9011398706562606,0.2183235048194656,0.1960455948262637
0.02731756139909341,30.0,70.0,4.999964500589571,0.2852289919963042,3.6439648998071434,4.90113987065612,0.21832350481957308,0.19604559482627362
0.027346858274093413,30.0,70.0,4.999964500589571,0.285228991996371,3.643964899807315,4.901139870656258,0.21832350481939256,0.19604559482625053
0.027376155149093414,30.0,70.0,4.999964500589573,0.28522899199649293,3.643964899807641,4.901139870656614,0.21832350481945406,0.1960455948262605
0.027405452024093415,30.0,70.0,4.999964500589571,0.2852289919963137,3.6439648998077496,4.901139870656797,0.21832350481936302,0.1960455948262631
0.027434748899093416,30.0,70.0,4.999964500589571,0.2852289919965113,3.6439648998076932,4.901139870656679,0.21832350481934548,0.1960455948262693
0.027464045774093417,30.0,70.0,4.999964500589571,0.28522899199547497,3.643964899807821,4.9011398706568245,0.21832350481919582,0.19604559482625086
0.02749334264909342,30.0,70.0,4.999964500589573,0.28522899199658597,3.643964899807702,4.901139870656719,0.21832350481929685,0.19604559482626463
0.02752263952409342,30.0,70.0,4.99996450058957,0.28522899199653234,3.6439648998078904,4.901139870656853,0.21832350481926976,0.19604559482625913
0.02755193639909342,30.0,70.0,4.999964500589573,0.2852289919961439,3.643964899807353,4.901139870656335,0.2183235048193859,0.19604559482627476
0.02758123327409342,30.0,70.0,4.999964500589571,0.2852289919965634,3.6439648998075866,4.901139870656586,0.2183235048194616,0.19604559482626735
0.027610530149093423,30.0,70.0,4.99996450058957,0.28522899199641855,3.643964899807461,4.901139870656396,0.218323504819524,0.19604559482627834
0.027639827024093424,30.0,70.0,4.999964500589573,0.28522899199637314,3.6439648998072824,4.90113987065629,0.2183235048193699,0.19604559482625813
0.027669123899093425,30.0,70.0,4.999964500589569,0.2852289919963934,3.643964899807924,4.9011398706569285,0.21832350481937368,0.19604559482625436
0.027698420774093426,30.0,70.0,4.99996450058957,0.28522899199647744,3.6439648998073317,4.901139870656337,0.21832350481923513,0.19604559482625925
0.027727717649093427,30.0,70.0,4.999964500589574,0.2852289919961704,3.64396489980764,4.901139870656635,0.21832350481932905,0.19604559482625483
0.02775701452409343,30.0,70.0,4.999964500589574,0.28522899199623036,3.6439648998078944,4.901139870656892,0.21832350481929352,0.19604559482625644
0.02778631139909343,30.0,70.0,4.999964500589574,0.28522899199629903,3.6439648998077407,4.9011398706567455,0.2183235048191572,0.19604559482625183
0.02781560827409343,30.0,70.0,4.999964500589572,0.2852289919962815,3.6439648998078917,4.901139870656808,0.21832350481913143,0.19604559482624637
0.02784490514909343,30.0,70.0,4.999964500589574,0.28522899199631707,3.643964899808007,4.901139870657039,0.21832350481925933,0.19604559482626044
0.027874202024093433,30.0,70.0,4.999964500589574,0.28522899199650836,3.6439648998077585,4.90113987065673,0.2183235048190706,0.19604559482624814
0.027903498899093434,30.0,70.0,4.99996450058957,0.28522899199634216,3.6439648998078034,4.901139870656767,0.21832350481931773,0.19604559482626574
0.027932795774093435,30.0,70.0,4.999964500589571,0.2852289919964044,3.6439648998072403,4.901139870656207,0.21832350481927976,0.19604559482626077
0.027962092649093436,30.0,70.0,4.999964500589572,0.2852289919959838,3.643964899807667,4.901139870656593,0.21832350481929153,0.19604559482624478
0.027991389524093437,30.0,70.0,4.999964500589573,0.28522899199626733,3.6439648998075014,4.90113987065648,0.21832350481954488,0.19604559482627995
0.02802068639909344,30.0,70.0,4.99996450058957,0.2852289919961954,3.643964899807922,4.901139870656947,0.2183235048191814,0.19604559482624137
0.02804998327409344,30.0,70.0,4.99996450058957,0.28522899199665636,3.6439648998071825,4.901139870656197,0.21832350481929552,0.1960455948262674
0.02807928014909344,30.0,70.0,4.999964500589571,0.28522899199640095,3.6439648998075573,4.9011398706564675,0.21832350481955665,0.1960455948262741
0.02810857702409344,30.0,70.0,4.999964500589574,0.28522899199619045,3.643964899807188,4.901139870656129,0.21832350481927976,0.1960455948262486
0.028137873899093443,30.0,70.0,4.999964500589573,0.2852289919961363,3.643964899807207,4.901139870656135,0.21832350481937812,0.19604559482625003
0.028167170774093444,30.0,70.0,4.999964500589573,0.2852289919962025,3.6439648998074348,4.901139870656373,0.2183235048194918,0.1960455948262604
0.028196467649093445,30.0,70.0,4.999964500589571,0.28522899199637974,3.643964899807652,4.901139870656641,0.21832350481925622,0.19604559482624345
0.028225764524093446,30.0,70.0,4.999964500589574,0.28522899199619006,3.643964899807661,4.90113987065664,0.21832350481925578,0.19604559482625358
0.028255061399093447,30.0,70.0,4.999964500589571,0.2852289919960133,3.6439648998074587,4.9011398706564675,0.21832350481943275,0.1960455948262737
0.02828435827409345,30.0,70.0,4.999964500589571,0.28522899199636076,3.643964899807625,4.901139870656613,0.21832350481941076,0.19604559482626557
0.02831365514909345,30.0,70.0,4.999964500589572,0.2852289919959807,3.643964899807411,4.901139870656415,0.21832350481934393,0.1960455948262617
0.02834295202409345,30.0,70.0,4.99996450058957,0.28522899199646323,3.643964899807233,4.901139870656201,0.2183235048194203,0.19604559482626435
0.02837224889909345,30.0,70.0,4.999964500589571,0.28522899199638385,3.6439648998078473,4.901139870656789,0.21832350481946916,0.1960455948262616
0.028401545774093453,30.0,70.0,4.999964500589573,0.2852289919961497,3.643964899807634,4.901139870656673,0.21832350481934104,0.19604559482626524
0.028430842649093454,30.0,70.0,4.999964500589574,0.28522899199663554,3.6439648998077376,4.901139870656729,0.2183235048192962,0.19604559482626094
0.028460139524093455,30.0,70.0,4.999964500589573,0.28522899199657686,3.6439648998074534,4.90113987065647,0.2183235048191936,0.19604559482625117
0.028489436399093456,30.0,70.0,4.999964500589571,0.2852289919959719,3.643964899807852,4.901139870656873,0.21832350481949514,0.1960455948262745
0.028518733274093457,30.0,70.0,4.999964500589572,0.2852289919964741,3.6439648998076697,4.901139870656641,0.21832350481942386,0.1960455948262779
0.02854803014909346,30.0,70.0,4.99996450058957,0.2852289919966467,3.643964899807982,4.90113987065696,0.21832350481931329,0.1960455948262618
0.02857732702409346,30.0,70.0,4.999964500589571,0.2852289919963454,3.6439648998078926,4.9011398706569285,0.2183235048191725,0.19604559482625555
0.02860662389909346,30.0,70.0,4.999964500589572,0.28522899199619856,3.643964899807304,4.901139870656276,0.21832350481925777,0.19604559482626532
0.02863592077409346,30.0,70.0,4.999964500589572,0.28522899199664,3.643964899807825,4.901139870656807,0.21832350481943785,0.19604559482626344
0.028665217649093463,30.0,70.0,4.999964500589569,0.2852289919964181,3.6439648998075818,4.901139870656569,0.21832350481941032,0.19604559482627273
0.028694514524093464,30.0,70.0,4.99996450058957,0.28522899199606977,3.643964899807225,4.901139870656252,0.21832350481931506,0.19604559482625913
0.028723811399093465,30.0,70.0,4.99996450058957,0.2852289919963943,3.6439648998072425,4.901139870656219,0.21832350481932994,0.19604559482624964
0.028753108274093466,30.0,70.0,4.999964500589572,0.28522899199676643,3.643964899807822,4.901139870656779,0.2183235048194736,0.19604559482626147
0.028782405149093467,30.0,70.0,4.999964500589572,0.2852289919966554,3.6439648998078873,4.901139870656835,0.2183235048191563,0.19604559482624587
0.02881170202409347,30.0,70.0,4.999964500589574,0.2852289919966197,3.6439648998076772,4.901139870656606,0.21832350481928042,0.19604559482626446
0.02884099889909347,30.0,70.0,4.999964500589573,0.2852289919959624,3.643964899807149,4.901139870656138,0.2183235048192218,0.1960455948262514
0.02887029577409347,30.0,70.0,4.999964500589572,0.28522899199593943,3.6439648998071563,4.901139870656119,0.21832350481957463,0.1960455948262716
0.02889959264909347,30.0,70.0,4.99996450058957,0.28522899199625695,3.6439648998073353,4.901139870656318,0.21832350481940077,0.19604559482624986
0.028928889524093473,30.0,70.0,4.999964500589573,0.2852289919966405,3.6439648998076666,4.901139870656612,0.21832350481932306,0.19604559482624825
0.028958186399093474,30.0,70.0,4.999964500589571,0.2852289919967937,3.643964899807864,4.901139870656838,0.2183235048194816,0.19604559482627576
0.028987483274093475,30.0,70.0,4.999964500589571,0.285228991996329,3.6439648998077634,4.901139870656672,0.2183235048192862,0.19604559482626435
0.029016780149093476,30.0,70.0,4.99996450058957,0.28522899199613166,3.643964899807505,4.901139870656463,0.2183235048191532,0.19604559482624637
0.029046077024093477,30.0,70.0,4.999964500589569,0.28522899199621315,3.6439648998074374,4.901139870656428,0.21832350481945073,0.19604559482626938
0.02907537389909348,30.0,70.0,4.999964500589571,0.285228991996224,3.6439648998073904,4.901139870656382,0.2183235048194765,0.19604559482626938
0.02910467077409348,30.0,70.0,4.999964500589573,0.2852289919964379,3.6439648998079552,4.901139870656931,0.21832350481930352,0.19604559482624992
0.02913396764909348,30.0,70.0,4.999964500589571,0.2852289919959562,3.643964899807601,4.901139870656642,0.21832350481927154,0.19604559482626369
0.02916326452409348,30.0,70.0,4.999964500589573,0.2852289919959313,3.6439648998079543,4.901139870656867,0.2183235048194312,0.1960455948262749
0.029192561399093483,30.0,70.0,4.999964500589572,0.2852289919962804,3.643964899807217,4.9011398706562215,0.2183235048191452,0.19604559482625
0.029221858274093484,30.0,70.0,4.999964500589571,0.2852289919962641,3.6439648998074397,4.901139870656387,0.21832350481951734,0.1960455948262697
0.029251155149093485,30.0,70.0,4.999964500589571,0.2852289919963139,3.643964899807571,4.901139870656573,0.21832350481927998,0.19604559482624598
0.029280452024093486,30.0,70.0,4.999964500589569,0.28522899199628826,3.6439648998073912,4.901139870656345,0.2183235048193446,0.19604559482625988
0.029309748899093487,30.0,70.0,4.99996450058957,0.28522899199658636,3.643964899807756,4.901139870656725,0.21832350481939145,0.19604559482625927
0.02933904577409349,30.0,70.0,4.999964500589572,0.2852289919959243,3.643964899807466,4.901139870656418,0.21832350481926488,0.19604559482625647
0.02936834264909349,30.0,70.0,4.999964500589574,0.2852289919963662,3.643964899807242,4.9011398706562295,0.2183235048194645,0.19604559482627007
0.02939763952409349,30.0,70.0,4.999964500589574,0.2852289919964958,3.6439648998074126,4.901139870656439,0.21832350481927065,0.1960455948262419
0.02942693639909349,30.0,70.0,4.99996450058957,0.2852289919960597,3.643964899807286,4.901139870656236,0.218323504819393,0.19604559482625994
0.029456233274093493,30.0,70.0,4.99996450058957,0.2852289919966762,3.643964899807245,4.901139870656223,0.21832350481953866,0.1960455948262704
0.029485530149093494,30.0,70.0,4.999964500589571,0.2852289919959905,3.6439648998071017,4.901139870656079,0.21832350481936813,0.19604559482625106
0.029514827024093495,30.0,70.0,4.999964500589572,0.2852289919962939,3.6439648998076297,4.901139870656555,0.2183235048196197,0.19604559482627276
0.029544123899093496,30.0,70.0,4.999964500589571,0.2852289919965346,3.6439648998075436,4.901139870656533,0.21832350481939633,0.19604559482626355
0.029573420774093497,30.0,70.0,4.999964500589572,0.28522899199617274,3.6439648998072065,4.90113987065617,0.21832350481931795,0.19604559482625789
0.0296027176490935,30.0,70.0,4.99996450058957,0.28522899199623225,3.64396489980726,4.901139870656277,0.21832350481941076,0.1960455948262559
0.0296320145240935,30.0,70.0,4.999964500589571,0.2852289919968838,3.6439648998074015,4.901139870656399,0.21832350481950313,0.19604559482626624
0.0296613113990935,30.0,70.0,4.999964500589569,0.28522899199697127,3.6439648998079632,4.901139870657004,0.21832350481934681,0.19604559482625444
0.0296906082740935,30.0,70.0,4.999964500589572,0.2852289919962584,3.6439648998072056,4.901139870656158,0.21832350481928509,0.1960455948262679
0.029719905149093503,30.0,70.0,4.999964500589571,0.2852289919955226,3.6439648998078935,4.901139870656825,0.21832350481940876,0.19604559482625825
0.029749202024093504,30.0,70.0,4.999964500589571,0.28522899199620405,3.6439648998072562,4.901139870656298,0.2183235048192398,0.19604559482625555
0.029778498899093505,30.0,70.0,4.999964500589572,0.28522899199644997,3.6439648998072047,4.901139870656135,0.2183235048195713,0.19604559482627779
0.029807795774093506,30.0,70.0,4.999964500589574,0.2852289919968822,3.643964899807707,4.901139870656665,0.21832350481942742,0.19604559482625455
0.029837092649093507,30.0,70.0,4.99996450058957,0.2852289919966473,3.643964899807721,4.901139870656716,0.2183235048193195,0.19604559482625875
0.02986638952409351,30.0,70.0,4.999964500589571,0.28522899199640483,3.6439648998075733,4.901139870656503,0.21832350481918494,0.19604559482625003
0.02989568639909351,30.0,70.0,4.999964500589572,0.2852289919962222,3.6439648998079543,4.9011398706568805,0.21832350481918206,0.19604559482624337
0.02992498327409351,30.0,70.0,4.99996450058957,0.2852289919957212,3.6439648998079166,4.901139870656906,0.21832350481936236,0.19604559482627218
0.02995428014909351,30.0,70.0,4.999964500589574,0.28522899199631835,3.6439648998078353,4.901139870656774,0.2183235048193286,0.19604559482627174
0.029983577024093513,30.0,70.0,4.999964500589569,0.2852289919963678,3.643964899807736,4.901139870656674,0.21832350481925045,0.1960455948262595
0.03,30.0,70.0,4.999964500589568,0.2852289919966901,3.643964899808885,4.9011398706644105,0.21832350482302498,0.19604559482656223
