sweep,vin,t,v5,vref,vadj,vfan,i317,ifan
0.0,0.0,25.0,-8.285654576201234e-06,0.017931753053273103,0.017931823719064616,-6.576787382953665e-08,-2.929661112172862e-09,-2.630714953181466e-09
2.9296876036255526e-10,0.0,25.0,-8.285654576201235e-06,0.017931753053273148,0.017931823719064616,-6.576787383136834e-08,-2.929661114081008e-09,-2.630714953254539e-09
5.859375207251105e-10,0.0,25.0,-8.285654576201234e-06,0.017931753053273193,0.01793182371906462,-6.576787383107837e-08,-2.929661113766211e-09,-2.630714953242486e-09
1.171875041450221e-09,0.0,25.0,-8.28565457620123e-06,0.017931753053273207,0.01793182371906462,-6.576787383281486e-08,-2.9296611156222794e-09,-2.6307149533135675e-09
2.343750082900442e-09,0.0,25.0,-8.285654576201232e-06,0.017931753053273273,0.01793182371906461,-6.576787383495811e-08,-2.9296611177600805e-09,-2.6307149533954518e-09
4.687500165800884e-09,0.0,25.0,-8.285654576201225e-06,0.017931753053273203,0.017931823719064637,-6.57678738312962e-08,-2.9296611139907616e-09,-2.6307149532511344e-09
9.375000331601768e-09,0.0,25.0,-8.285654576201222e-06,0.017931753053272798,0.017931823719064655,-6.576787383980899e-08,-2.929661122904746e-09,-2.6307149535926193e-09
1.8750000663203537e-08,0.0,25.0,-8.285654576201218e-06,0.017931753053273162,0.017931823719064717,-6.576787383158142e-08,-2.9296611142767353e-09,-2.630714953262365e-09
3.750000132640707e-08,0.0,25.0,-8.28565457620122e-06,0.0179317530532738,0.01793182371906482,-6.576787382971888e-08,-2.9296611123769227e-09,-2.6307149531897398e-09
7.500000265281415e-08,0.0,25.0,-8.285654576201218e-06,0.017931753053273287,0.0179318237190652,-6.576787383599881e-08,-2.9296611190217584e-09,-2.6307149534448626e-09
1.500000053056283e-07,0.0,25.0,-8.285654576201215e-06,0.01793175305327259,0.017931823719065276,-6.576787384313278e-08,-2.929661126304938e-09,-2.63071495372661e-09
3.000000106112566e-07,0.0,25.0,-8.285654576201206e-06,0.0179317530532734,0.01793182371906498,-6.576787383587162e-08,-2.9296611184634475e-09,-2.6307149534306735e-09
6.000000212225132e-07,0.0,25.0,-8.28565457620118e-06,0.017931753053273932,0.017931823719064596,-6.57678738225003e-08,-2.9296611046424266e-09,-2.6307149528999792e-09
1.2000000424450263e-06,0.0,25.0,-8.28565457620118e-06,0.017931753053274116,0.017931823719064603,-6.576787382970018e-08,-2.9296611122213945e-09,-2.630714953189095e-09
2.4000000848900527e-06,0.0,25.0,-8.285654576201183e-06,0.017931753053273516,0.01793182371906586,-6.576787384069926e-08,-2.9296611229744662e-09,-2.6307149536283263e-09
4.800000169780105e-06,0.0,25.0,-8.285654576201239e-06,0.01793175305327339,0.017931823719070043,-6.576787383670661e-08,-2.9296611175112625e-09,-2.6307149534687408e-09
9.60000033956021e-06,0.0,25.0,-8.285654576201195e-06,0.017931753053279192,0.017931823719068003,-6.576787380960598e-08,-2.9296610933183513e-09,-2.6307149523837635e-09
1.920000067912042e-05,0.0,25.0,-8.285654576201235e-06,0.017931753053272322,0.017931823719066025,-6.576787383108718e-08,-2.9296611166161596e-09,-2.630714953245766e-09
3.840000135824084e-05,0.0,25.0,-8.285654576201267e-06,0.017931753053278897,0.017931823719069637,-6.576787385046074e-08,-2.929661124442679e-09,-2.6307149540199165e-09
6.769687635824084e-05,0.0,25.0,-8.285654576201047e-06,0.017931753053276916,0.01793182371906729,-6.576787386402239e-08,-2.9296611199521183e-09,-2.6307149545568013e-09
9.699375135824084e-05,0.0,25.0,-8.285654576201059e-06,0.017931753053273183,0.017931823719066774,-6.576787384459214e-08,-2.9296611063017336e-09,-2.6307149537846245e-09
0.00012629062635824084,0.0,25.0,-8.28565457620108e-06,0.017931753053272537,0.017931823719064908,-6.576787383136812e-08,-2.9296611063029826e-09,-2.6307149532547545e-09
0.00015558750135824084,0.0,25.0,-8.285654576201193e-06,0.017931753053271694,0.017931823719065997,-6.576787381702248e-08,-2.9296611063011487e-09,-2.630714952680758e-09
0.00018488437635824084,0.0,25.0,-8.285654576201106e-06,0.017931753053273113,0.01793182371906534,-6.5767873803435e-08,-2.9296611063028503e-09,-2.630714952137553e-09
0.00021418125135824084,0.0,25.0,-8.285654576201113e-06,0.01793175305327307,0.01793182371906688,-6.576787379112137e-08,-2.9296611063011475e-09,-2.630714951645045e-09
0.00024347812635824084,0.0,25.0,-8.28565457620111e-06,0.0179317530532717,0.01793182371906641,-6.576787378015358e-08,-2.9296611063055274e-09,-2.6307149512065912e-09
0.00027277500135824083,0.0,25.0,-8.28565457620117e-06,0.01793175305327326,0.017931823719064766,-6.576787377045107e-08,-2.9296611063007083e-09,-2.6307149508175595e-09
0.00030207187635824086,0.0,25.0,-8.285654576201166e-06,0.017931753053273228,0.017931823719066237,-6.576787376186352e-08,-2.9296611063009643e-09,-2.6307149504747287e-09
0.0003313687513582409,0.0,25.0,-8.285654576201125e-06,0.017931753053271843,0.017931823719065373,-6.576787375429492e-08,-2.9296611063058695e-09,-2.6307149501722126e-09
0.0003606656263582409,0.0,25.0,-8.285654576201054e-06,0.017931753053273453,0.017931823719066597,-6.57678737476189e-08,-2.9296611063014064e-09,-2.63071494990462e-09
0.00038996250135824094,0.0,25.0,-8.28565457620111e-06,0.017931753053273235,0.017931823719065928,-6.576787374172738e-08,-2.9296611063050154e-09,-2.630714949669467e-09
0.00041925937635824096,0.0,25.0,-8.285654576201127e-06,0.017931753053271774,0.017931823719064592,-6.576787373654113e-08,-2.9296611063029537e-09,-2.6307149494614366e-09
0.000448556251358241,0.0,25.0,-8.285654576201188e-06,0.017931753053273203,0.01793182371906606,-6.57678737319603e-08,-2.929661106301178e-09,-2.6307149492782517e-09
0.000477853126358241,0.0,25.0,-8.285654576201191e-06,0.017931753053272752,0.017931823719065657,-6.576787372791846e-08,-2.9296611063053488e-09,-2.630714949117141e-09
0.000507150001358241,0.0,25.0,-8.28565457620113e-06,0.01793175305327082,0.017931823719064287,-6.57678737243633e-08,-2.929661106296968e-09,-2.630714948973689e-09
0.0005364468763582411,0.0,25.0,-8.285654576201174e-06,0.017931753053272607,0.017931823719065827,-6.576787372120435e-08,-2.929661106303924e-09,-2.6307149488489503e-09
0.0005657437513582411,0.0,25.0,-8.28565457620115e-06,0.01793175305327294,0.01793182371906547,-6.576787371844142e-08,-2.9296611063023155e-09,-2.630714948737462e-09
0.0005950406263582411,0.0,25.0,-8.285654576201195e-06,0.017931753053271608,0.017931823719064197,-6.576787371599688e-08,-2.9296611063004618e-09,-2.6307149486396595e-09
0.0006243375013582411,0.0,25.0,-8.285654576201171e-06,0.017931753053272975,0.017931823719065963,-6.576787371383581e-08,-2.9296611063014023e-09,-2.6307149485535815e-09
0.0006536343763582412,0.0,25.0,-8.285654576201129e-06,0.017931753053273033,0.017931823719065827,-6.576787371193334e-08,-2.9296611063021604e-09,-2.6307149484774552e-09
0.0006829312513582412,0.0,25.0,-8.285654576201154e-06,0.017931753053271302,0.017931823719064762,-6.576787371025817e-08,-2.9296611063003145e-09,-2.6307149484101177e-09
0.0007122281263582412,0.0,25.0,-8.285654576201135e-06,0.017931753053272978,0.017931823719066202,-6.576787370877521e-08,-2.929661106301801e-09,-2.630714948351167e-09
0.0007415250013582413,0.0,25.0,-8.28565457620116e-06,0.017931753053272964,0.0179318237190656,-6.576787370747143e-08,-2.9296611063052644e-09,-2.6307149482992474e-09
0.0007708218763582413,0.0,25.0,-8.285654576201183e-06,0.017931753053272232,0.017931823719067,-6.576787370632442e-08,-2.9296611063017654e-09,-2.630714948252864e-09
0.0008001187513582413,0.0,25.0,-8.285654576201132e-06,0.017931753053270823,0.017931823719065904,-6.576787370530984e-08,-2.92966110630254e-09,-2.6307149482124733e-09
0.0008294156263582413,0.0,25.0,-8.285654576201139e-06,0.017931753053270605,0.017931823719066764,-6.576787370441138e-08,-2.92966110630141e-09,-2.630714948176589e-09
0.0008587125013582414,0.0,25.0,-8.285654576201137e-06,0.017931753053273228,0.01793182371906582,-6.576787370362247e-08,-2.9296611063022994e-09,-2.630714948145001e-09
0.0008880093763582414,0.0,25.0,-8.285654576201173e-06,0.017931753053273703,0.017931823719067288,-6.57678737029209e-08,-2.929661106301454e-09,-2.630714948117056e-09
0.0009173062513582414,0.0,25.0,-8.285654576201186e-06,0.017931753053272676,0.017931823719066084,-6.576787370230797e-08,-2.9296611063027295e-09,-2.6307149480924655e-09
0.0009466031263582414,0.0,25.0,-8.285654576201101e-06,0.0179317530532712,0.01793182371906654,-6.576787370176383e-08,-2.9296611063014544e-09,-2.630714948070675e-09
0.0009759000013582415,0.0,25.0,-8.285654576201134e-06,0.01793175305327328,0.017931823719065924,-6.576787370128663e-08,-2.9296611063024218e-09,-2.6307149480516036e-09
0.001,0.0,25.0,-8.285654576201156e-06,0.017931753053276944,0.017931823719064325,-6.576787373706322e-08,-2.929661121486393e-09,-2.630714949482278e-09
0.0010000457763671875,0.004119873046875154,25.0,-8.285654569791042e-06,0.017937489903072944,0.017996712162347907,1.7608982206975766e-06,1.896782261664759e-06,7.043592237555567e-08
0.0010001373291015625,0.012359619140625463,25.0,-8.285654537054862e-06,0.01796572074281481,0.018222449117542255,2.955063560512186e-06,3.1210658429812356e-06,1.1820268855696408e-07
0.001000163209894658,0.014688890519214034,25.0,-8.285654519622025e-06,0.017980998320408028,0.01836515574329332,4.4616380598020545e-06,4.686236587320831e-06,1.7854914378807618e-07
0.0010001924583472096,0.01732125124886095,25.0,-8.285654491371284e-06,0.01800570110513621,0.018580489706558085,6.0919073696839274e-06,6.3713739552662175e-06,2.436866726759495e-07
0.001000222607011575,0.02003463104174353,25.0,-8.285654450236286e-06,0.018041285445019165,0.01886109319870152,7.798611408872924e-06,8.132857044664248e-06,3.119479707146725e-07
0.0010002664453253487,0.023980079281384233,25.0,-8.285654367857739e-06,0.0181118739419595,0.01935868666229898,1.0305964410930071e-05,1.071232225939876e-05,4.12243757374517e-07
0.0010003541219528963,0.031870975760665644,25.0,-8.28565414205434e-06,0.018306432560446388,0.020563858236749152,1.5340881321707117e-05,1.586038697716067e-05,6.136558530066366e-07
0.0010004378346507357,0.03940511856621559,25.0,-8.28565388237614e-06,0.01853584245843572,0.02185829239409068,2.0145769862790885e-05,2.0732392043610186e-05,8.058353034146316e-07
0.001000566478587973,0.05098307291755879,25.0,-8.285653477305938e-06,0.018914090967759395,0.023873002770491238,2.7509131666155985e-05,2.8123433745487788e-05,1.1003733733563556e-06
0.0010007104758449833,0.06394282604849953,25.0,-8.285653087795301e-06,0.019316894863974483,0.02593968831695602,3.569586494323741e-05,3.625798763446926e-05,1.4288391616503968e-06
0.0010009224851749631,0.08302366574668149,25.0,-8.285652703484884e-06,0.019804250148109114,0.02839574302921442,4.7732955989230794e-05,4.798423909935566e-05,1.9105262230882635e-06
0.0010012004017669184,0.10803615902265366,25.0,-8.285652502121278e-06,0.020243369807985044,0.030593733409197823,6.342912186204154e-05,6.291140353162541e-05,2.5384186662542576e-06
0.0010014886923658184,0.13398231292364998,25.0,-8.285652535213407e-06,0.020511972382102804,0.031942364387678036,7.962442211130089e-05,7.78621701615249e-05,3.1849788906077803e-06
0.0010017529300337749,0.1577637030397379,25.0,-8.285652677231376e-06,0.02064866600322082,0.03263216889051735,9.429718397846579e-05,9.107842450511949e-05,3.772512097957986e-06
0.0010020984994062463,0.1888649465621623,25.0,-8.285652905798641e-06,0.02074300699436293,0.03311411739490967,0.00011328626888732975,0.0001076495372475374,4.532257287723351e-06
0.0010025937004270416,0.23343303843374602,25.0,-8.285653201237096e-06,0.02080304914643401,0.03342519767097707,0.00013998800495552936,0.00012996489084439016,5.6009296473407e-06
0.0010033537828002717,0.3018404520244479,25.0,-8.285653512290276e-06,0.020833567965249704,0.03358659326446955,0.00017961640872415785,0.00016093296386273165,7.187971299429411e-06
0.0010046120206326534,0.41508185693879956,25.0,-8.285653753239919e-06,0.020844988200122056,0.03365092369350173,0.00024124602392055168,0.00020362356386727863,9.650032011599386e-06
0.0010063124164517358,0.5681174806562215,25.0,-8.285653835253744e-06,0.020846219574432327,0.0336594680304083,0.0003165086752755651,0.0002464925498928115,1.2660689441869815e-05
0.0010065595386829918,0.590358481469264,25.0,-8.285653829261296e-06,0.020844532202459475,0.033649215256298624,0.0003277500475594436,0.0002523809001918593,1.3111166106165522e-05
0.0010067253080301333,0.6052777227119933,25.0,-8.285653835741774e-06,0.020834616044988426,0.033573166160809034,0.0003527228285236277,0.000274220871700371,1.410780986978739e-05
0.0010067935056904606,0.6114155121414528,25.0,-8.285653872884519e-06,0.02080019147783648,0.03322365188983798,0.00037911722040192403,0.000299928129769082,1.5164383106877969e-05
0.0010068251085416184,0.6142597687456575,25.0,-8.285653928738198e-06,0.02074834173785739,0.032526999871772766,0.0003813620314312429,0.00030138578757752396,1.5254382998130421e-05
0.001006848645041324,0.6163780537191607,25.0,-8.285654002551275e-06,0.020681936371307164,0.031798359244006556,0.00038191827722616983,0.00030130046666603476,1.527668876960129e-05
0.0010068759290542805,0.6188336148852441,25.0,-8.285654129039518e-06,0.02057232934848107,0.03085296284623501,0.0003825615630933564,0.0003011980542218638,1.5302440690046355e-05
0.0010069021678408938,0.62119510568044,25.0,-8.285654284077795e-06,0.020441651888572887,0.02994211341537316,0.0003832420688202528,0.0003011636501485054,1.5329665826465555e-05
0.0010069372490841035,0.6243524175693086,25.0,-8.285654514606256e-06,0.020249885198154856,0.028829288389714436,0.00038420739540098454,0.00030117559851982007,1.536828453303612e-05
0.0010069802435310005,0.6282219177900403,25.0,-8.285654790567854e-06,0.020018795126202284,0.02768274408804325,0.0003854276915637939,0.00030122911178057847,1.5417102629802373e-05
0.0010070259375890515,0.6323343830146302,25.0,-8.28565504386629e-06,0.019799785572777534,0.026704486715335696,0.0003867350659913436,0.0003012967888697346,1.5469400707845168e-05
0.0010070902008319615,0.638118074876533,25.0,-8.285655312874807e-06,0.019549346500659478,0.025629396920570664,0.0003885581557660083,0.0003013755549294523,1.5542323227902097e-05
0.0010071868816749457,0.6468193507451109,25.0,-8.285655565655163e-06,0.019272387954357748,0.024419846695981736,0.00039125901193410456,0.0003014505611822599,1.5650355546822863e-05
0.0010073594666540327,0.6623519988629389,25.0,-8.285655758905567e-06,0.018952103077466826,0.022971177768206688,0.0003960179776391332,0.00030152122807382926,1.584071910483894e-05
0.0010075368065538394,0.6783125898455444,25.0,-8.285655765994205e-06,0.018762622875724843,0.022102685602234107,0.0004008721211714094,0.00030155878010708895,1.6034876307953284e-05
0.0010078914863534529,0.7102337718107554,25.0,-8.285655568028122e-06,0.01858024754140797,0.021276578006179273,0.00041053097600071594,0.00030159306284334165,1.6421239039867684e-05
0.0010083483704961458,0.7513533446531158,25.0,-8.285655223406942e-06,0.0185120229212903,0.020968894230659955,0.0004229185040884138,0.00030160135591417544,1.6916740163159372e-05
0.0010090201647227164,0.8118148250444722,25.0,-8.285654828346748e-06,0.018503714959317845,0.020927834574567594,0.0004410704032250821,0.000301593720322699,1.764281388063026e-05
0.0010099334548781434,0.8940109390329007,25.0,-8.285654545831696e-06,0.01851221618485469,0.02096103143887615,0.0004656600332100755,0.0003015797238083095,1.862640123820918e-05
0.001011116719009951,1.00050471089559,25.0,-8.285654421077534e-06,0.0185127896896832,0.020957327324556636,0.0004973787014824195,0.0003015652832285074,1.9895148239409512e-05
0.001011838217910256,1.065439611923034,25.0,-8.28565439095192e-06,0.018531730968663156,0.021067449022165598,0.0008752197436283993,0.0006582726928304094,3.5008560697589474e-05
0.0010126709135373153,1.1403822183583707,25.0,-8.285654397845717e-06,0.01853334426313232,0.021063533548062306,0.001281985994792271,0.0010158939568523883,5.127938334831616e-05
0.0010135397654891104,1.2185788940199336,25.0,-8.285654428553992e-06,0.01851082587690444,0.02093776311752455,0.0014379615784811171,0.0010957539320600937,5.7518461788628563e-05
0.0010145802806221067,1.3122252559895975,25.0,-8.285654442148695e-06,0.018494716556879925,0.020861098066319354,0.0015539848572731815,0.0011116503315809411,6.21593942790182e-05
0.001016029097240089,1.4426187516080002,25.0,-8.285654441479285e-06,0.018485714976533316,0.020816082380286583,0.0017031844410602833,0.0011181089694813611,6.8127377639947e-05
0.0010185557771839478,1.6700199465553012,25.0,-8.285654440243326e-06,0.01847410295384176,0.020754414073173764,0.001962879588637216,0.0011272306159181532,7.850479518506755e-05
0.0010189255323170786,1.703297908537072,25.0,0.0007999769375184886,0.018473719055919137,0.020745918011500955,0.0020007086103149756,0.0011285596034231328,8.002834441376411e-05
0.0010190855152046679,1.7176963684201048,25.0,0.002704020997898191,0.01847819458262004,0.020742553567331463,0.0020171759480491908,0.0011291344311635373,8.068703792197301e-05
0.0010192481135199993,1.7323302167999373,25.0,0.006153524647892428,0.018483811953275968,0.020739388625602508,0.00203391120409553,0.0011297186306403774,8.135644816382277e-05
0.0010193977548447514,1.7457979360276221,25.0,0.010696885848348336,0.01848860686163549,0.020736662142022702,0.002049311055911316,0.0011302562917891142,8.197244223645338e-05
0.0010196970374942553,1.7727333744829723,25.0,0.02314626862150353,0.018547872117456194,0.020735465849268248,0.0020801050249605177,0.0011313320406535908,8.32042009914672e-05
0.001019970142032852,1.7973127829566857,25.0,0.037722726854199404,0.018732255820609577,0.020748547218953185,0.002108199003141122,0.001132314564983616,8.432796012617676e-05
0.0010202609730665419,1.8234875759887672,25.0,0.055851869055410105,0.018988714967175975,0.02077904699001111,0.002138108781604212,0.00113336085465779,8.552435126433982e-05
0.0010206906017574215,1.8621541581679366,25.0,0.086116020101631,0.01941600404090281,0.02084673334833737,0.002182278034825844,0.0011349062037397863,8.729112139329621e-05
0.0010212122635425242,1.9091037188271798,25.0,0.1266365134870583,0.019901328300608007,0.020941443159612945,0.0022358853292067465,0.0011367821969714086,8.943541314672075e-05
0.001021974210117603,1.9776789105842612,25.0,0.19012554681010688,0.01997064893636435,0.020999238369110627,0.0023141373496465742,0.0011395206068162429,9.256549398405099e-05
0.0010223165911234767,2.0084932011128975,25.0,0.2198204031549352,0.01995794848014714,0.021000218053560032,0.0023492836332399043,0.001140752580392267,9.397134533003525e-05
0.0010224865662506843,2.023790962561587,25.0,0.23474441359350537,0.019954974548457405,0.020997377281855384,0.00236672831311548,0.0011413645723850451,9.466913252462742e-05
0.0010226535956125746,2.0388236051317072,25.0,0.2494820668627063,0.019954144247476966,0.02099389760180148,0.002383868209973834,0.001141966125546194,9.535472839582022e-05
0.001022759782978013,2.048380468021165,25.0,0.25887983859299857,0.019953982185434926,0.02099159119872018,0.002394763466315633,0.0011423486332889266,9.579053864636536e-05
0.0010228660537485196,2.057944837366763,25.0,0.2683023177895621,0.01995381550016574,0.020989312049037742,0.0024056662835943736,0.001142731493532004,9.622665134377497e-05
0.001022966076855391,2.066946916985179,25.0,0.27718434825891697,0.01995362401429832,0.020987214704340888,0.0024159272150210778,0.0011430918938463799,9.663708860084278e-05
0.0010230723418920104,2.0765107702809376,25.0,0.2866332329515286,0.019953402922585725,0.020985036388586037,0.002426827517230749,0.0011434748396007936,9.70731006892303e-05
0.0010231941939411425,2.0874774547028223,25.0,0.2974821830795252,0.019953145265603885,0.020982592237816164,0.0024393254659632662,0.0011439140275151544,9.757301863853106e-05
0.0010233531027846285,2.101779250616565,25.0,0.3116501548437223,0.019952814858537032,0.020979474509419404,0.0024556222644207017,0.001144486902588231,9.822489057682939e-05
0.0010235101410890686,2.115912698016175,25.0,0.3256704675117045,0.01995250531072992,0.020976459966996156,0.0024717250861454364,0.001145053181529874,9.886900344581842e-05
0.0010236714401392231,2.1304296125300772,25.0,0.3400881684289548,0.01995222383893156,0.02097342942179668,0.002488262600862698,0.0011456349863346333,9.953050403450901e-05
0.0010238934590620402,2.150411315583618,25.0,0.35995657951186827,0.019951961703125975,0.0209693882231118,0.0025110219141777418,0.0011464360954897617,0.00010044087657515194
0.0010242034956615522,2.178314609539693,25.0,0.38773732116047444,0.01995217696116286,0.020964181247696174,0.002542797024964132,0.0011475554180965983,0.0001017118810029673
0.0010247946084324551,2.231514758920958,25.0,0.4407824845523285,0.019960859970779402,0.02095980790112039,0.0026033572333908767,0.001149691944195267,0.00010413428933578499
0.001025848002966437,2.326320266979326,25.0,0.5354533583049118,0.020392180392533446,0.021250324516997276,0.0027112173936843786,0.001153516241015579,0.00010844869574633387
0.0010263166002129028,2.3684940191612496,25.0,0.5776056422952505,0.02178918507711039,0.02216686142192355,0.0027592023128610987,0.0011552534900461297,0.0001103680925149235
0.0010267607627305014,2.408468645745124,25.0,0.6175703515312718,0.02535444962309989,0.02472066947050526,0.002804727662780476,0.001156960498830746,0.00011218910677274392
0.0010272737689976028,2.4546392097842475,25.0,0.6637351103856639,0.03219700841148157,0.0305823462536861,0.0028573261061506094,0.0011589668646733618,0.00011429305110144305
0.0010276751233176625,2.4907610985896254,25.0,0.6998546750528193,0.038294031854273526,0.036616661514642365,0.002898433686980913,0.0011605043073650192,0.00011593734847485153
0.0010282506146629378,2.5425553196644004,25.0,0.7516469807332332,0.046592751121673194,0.045383003705558395,0.002957322546467157,0.0011626740125025498,0.0001182929023697038
0.0010288340518075213,2.5950646626769167,25.0,0.8041552009410509,0.053985085510146434,0.053237280590740926,0.0030170231142601545,0.0011648977487575152,0.00012068092470541534
0.0010299468505162804,2.6952165464652285,25.0,0.9043057100757671,0.06552695911814888,0.06520164447521491,0.003131033379296425,0.0011693451345158997,0.00012524133549793805
0.0010310818032860474,2.79736229574426,25.0,1.0064504205948281,0.07487678854793098,0.07470478412034764,0.0032476503049616704,0.0011742781239034575,0.00012990601211691413
0.0010321107375086437,2.889966375777931,25.0,1.099053620775923,0.08198963156739346,0.08187692344134659,0.003353880295669117,0.0011792749566607117,0.00013415521180235853
0.0010331382741601857,2.982444674416712,25.0,1.1915309983736886,0.08821385415790084,0.08813585547581691,0.0034607571853511325,0.0011850224253581198,0.00013843028739064122
0.00103425401656055,3.0828614904495057,25.0,1.2919466523645964,0.09393690884825608,0.09389474293358725,0.0035781736222180475,0.0011924998267336803,0.00014312695354467802
0.0010345329521606412,3.107965694457709,25.0,1.317050494116978,0.09494941740839881,0.09493718944829266,0.0036077736637224952,0.0011945800430289268,0.00014431095246551334
0.0010350908233608235,3.1581741024741157,25.0,1.3672577252437117,0.09582956391670544,0.09591986328273992,0.0036671597453198194,0.001198879364446859,0.00014668638981292655
0.0010353185010950725,3.1786650985565186,25.0,1.3877478307874858,0.09560597699011364,0.09575556170163345,0.0036914259085187332,0.0012006412869683277,0.00014765703721303852
0.0010355813956743288,3.202325610689593,25.0,1.4114064782352203,0.09446802504363404,0.0947504977365905,0.0037193383487847424,0.0012025472367635328,0.00014877353394206498
0.0010357321264310383,3.2158913787934447,25.0,1.4249705111306514,0.09237300027704465,0.09297297230132306,0.003735024166178458,0.0012033037199905006,0.00014940096664674957
0.0010358298860407168,3.224689743664505,25.0,1.4337675370427199,0.0862400973018142,0.08869717368610511,0.003744098623152157,0.0012026532823055064,0.00014976394992875794
0.0010358802843437084,3.2292255909337517,25.0,1.4383026936934384,0.08336563469396566,0.086112542908429,0.003748981540787801,0.0012025338966305493,0.00014995926173260664
0.0010359460792350166,3.23514713115149,25.0,1.4442233715339485,0.08071943019887919,0.08319404533060373,0.003755525369980703,0.001202556714336036,0.0001502210152848558
0.0010360028434130471,3.2402559071742396,25.0,1.4493314434482294,0.07865055822306405,0.08101806172829895,0.0037611487159309397,0.0012025547217003768,0.0001504459513622864
0.001036070207971531,3.246318717437796,25.0,1.455393466669218,0.0760619186425348,0.07856857732018452,0.0037678132164732214,0.0012025447450274415,0.0001507125286866176
0.0010362022016027273,3.258198144245454,25.0,1.467271493457651,0.07032148506261741,0.07349005357488268,0.003780803603340428,0.0012024608074969682,0.00015123214461766006
0.0010364037541780644,3.2763378760257904,25.0,1.4854094038676775,0.059221721085779555,0.06418883837591027,0.0038003128688795674,0.0012020118754853756,0.00015201251778213114
0.0010364920946704644,3.2842885203417893,25.0,1.4933593600973192,0.05326772073429267,0.059458821809910294,0.003808754352134145,0.0012017094840151897,0.00015235017414365652
0.0010365535439890814,3.289818959017321,25.0,1.4988893557009197,0.048789897736072466,0.05599116525804525,0.003814624897748687,0.001201501440494365,0.00015258500580663296
0.0010365952356267143,3.293571206404282,25.0,1.5026413178126214,0.04571073435603293,0.05362182400938967,0.0038186332040697083,0.0012013878694059677,0.00015274532986173217
0.0010366288103177068,3.2965929285936046,25.0,1.505662818707337,0.04331516625012469,0.051760371097247085,0.0038218921094298744,0.0012013297983926206,0.00015287568775390405
0.0010366584928496532,3.2992643564687856,25.0,1.5083340568809964,0.04135523815709545,0.050196821972178805,0.003824807036154885,0.0012013141631054304,0.00015299228144583952
0.001036688957929252,3.302006213632677,25.0,1.5110757248306967,0.03959746081624499,0.048720857640299625,0.0038278393725210856,0.0012013409564989668,0.00015311357490036732
0.001036722269247992,3.3050042323192836,25.0,1.5140735426052576,0.03807079543763425,0.047308971460403,0.0038312065360098947,0.0012014243606702606,0.00015324826144018185
0.0010367520832989417,3.3076874969047485,25.0,1.5167566323330828,0.037106168127933596,0.04625828574213825,0.0038342660560530786,0.0012015470358511906,0.00015337064224183911
0.00103677850808847,3.310065727962304,25.0,1.5191347120645153,0.036580817191434016,0.04551321995649876,0.003837012463770357,0.0012016919976589936,0.00015348049855059008
0.001036805466094076,3.3124919484668274,25.0,1.52156078147866,0.03635037120237536,0.04494229565881342,0.0038398452439078173,0.0012018721182677503,0.0001535938097562198
0.0010368333647196761,3.315002824770849,25.0,1.524071504685774,0.036401123620105245,0.04455287807122544,0.0038428064725744542,0.0012020892576797768,0.00015371225890298973
0.0010368657019298722,3.317913173688493,25.0,1.5269816800348455,0.036762102307780625,0.04434748232552016,0.0038462717813121878,0.0012023750191435469,0.00015385087125262175
0.001036898479462195,3.3208631515975524,25.0,1.5299314860313902,0.037383498375588076,0.04438910333428902,0.0038498156086546748,0.0012026969335676954,0.00015399262501853168
0.0010369371954665337,3.3243475919880323,25.0,1.533415728299633,0.038346801409155605,0.04472434536384419,0.0038540357990119716,0.0012031122315199877,0.00015416143266719864
0.0010369910079822831,3.3291907184054796,25.0,1.538258587767109,0.039928170643421884,0.04561146418998887,0.0038599518504622474,0.0012037404238683833,0.00015439807609065245
0.0010370611596577013,3.335504369193111,25.0,1.5445719045506605,0.042182164290401496,0.04730784724237834,0.0038677338992580057,0.0012046289915063706,0.00015470936116730196
0.0010371351413446675,3.3421627210200744,25.0,1.551229920529941,0.04461349025708793,0.049521621020759105,0.003876008484315286,0.0012056323165211156,0.00015504034519063455
0.0010372177549698247,3.3495979472842214,25.0,1.558664790704144,0.04726237190049981,0.052239792012985495,0.0038853114487138536,0.0012068126281362442,0.00015541246334863586
0.0010373467824646347,3.361210421817122,25.0,1.5702767465660463,0.05111756390001379,0.05650250573566252,0.0038999346204536393,0.0012087408414908681,0.00015599739626284738
0.0010375893264711377,3.3830393824023868,25.0,1.592104843109537,0.05734510420622961,0.06359401269501737,0.003927633353792021,0.001212537789305747,0.0001571053341666128
0.0010379603897513628,3.4164350776226478,25.0,1.62549945071595,0.06474536608488678,0.07193331984636207,0.00397043642557207,0.0012186667319370702,0.00015881745650595493
0.0010384470053756332,3.4602304838069813,25.0,1.66929375811812,0.07187111313948114,0.07988204009835287,0.004027395328254682,0.0012273138491737687,0.00016109581126809783
0.0010389709101576463,3.5073819141881595,25.0,1.7164443011844297,0.07760730670732671,0.08638769692534704,0.004089953542855658,0.0012375539646310367,0.00016359814119108399
0.001039597555422871,3.5637799880583927,25.0,1.7728415722056963,0.08299332226074485,0.09275791532579704,0.004166794949486711,0.001251342407391295,0.00016667179788340867
0.001040380705053071,3.634263454776394,25.0,1.8433242269860526,0.08852631042861898,0.1019816500633344,0.00426840036497594,0.0012732723302451715,0.00017073601622518287
0.0010407367546224637,3.666307916021729,25.0,1.875368289974141,0.09087285991099123,0.11252318233757272,0.004322486570218414,0.001290861275330569,0.00017289956437654304
0.0010410590230781373,3.6953120770323507,25.0,1.90437196836059,0.09305096453524259,0.13030979612818133,0.004382938061657011,0.0013181281895900036,0.00017531752278786695
0.0010414254445552653,3.7282900099738767,25.0,1.9373491788625787,0.09559150706434441,0.15883691402232186,0.004469177730469143,0.0013661316755444047,0.00017876711589453489
0.0010419030432389457,3.771273891505108,25.0,1.9803320680165104,0.09894371136287071,0.20083355438233588,0.004604851996156702,0.0014500590278743774,0.00018419409748002375
0.0010423542510765598,3.8118825968903804,25.0,2.020939963745414,0.10231136120169508,0.2360695108395496,0.004740694037096554,0.00153393103397401,0.00018962776149743848
0.0010427997015358033,3.8519731382222897,25.0,2.061029865685945,0.10636566744664683,0.26257681903224517,0.004868669039561574,0.0016072186107562233,0.00019474678202612735
0.0010433513710651832,3.901623395866487,25.0,2.110679497582353,0.11267625548554364,0.2828122512034699,0.00500925557147572,0.0016758305840215916,0.00020037013273609613
0.0010439187813756012,3.9526903238041022,25.0,2.161745907664791,0.1190953510443585,0.2909207492000264,0.005131680635318396,0.001720468550590071,0.00020526722532703513
0.0010445829210772744,4.012462896954693,25.0,2.2215179901094,0.12467780624947583,0.2909723520791925,0.005257159703084395,0.0017519172925192618,0.00021028638808735312
0.0010452660371366518,4.0739433422986595,25.0,2.2829980307683377,0.12873624183482707,0.28803622909959536,0.005381229390147903,0.0017773403109417416,0.00021524915105295707
0.0010460409863023265,4.143688767209383,25.0,2.3527430792923654,0.1327242304311815,0.28627636049592436,0.005527323775241826,0.0018098114281619078,0.00022109295018786255
0.0010468599553194139,4.217395978747246,25.0,2.426449949189455,0.13693336893019686,0.28739647413272906,0.005691107213490204,0.001851356919336546,0.00022764428849869484
0.0010482150750477472,4.339356754297246,25.0,2.54841022024259,0.14403416685323828,0.293894342892105,0.005980326841254088,0.0019321090093347125,0.00023921307325948678
0.0010506002443682009,4.554021993138074,25.0,2.763074678955922,0.1565040958622427,0.3121668273109278,0.006532093658866129,0.002094132962868542,0.00026128373443998004
0.0010530944979379277,4.778504814413492,25.0,2.987556808431775,0.16943060115655242,0.3356881145907151,0.007158695886737303,0.0022786257990947993,0.0002863478279488535
0.0010557152740199094,5.014374661791846,25.0,3.2234260476378074,0.18295157240286364,0.3623085857899481,0.007827636813989944,0.00244589167296814,0.0003130775037593991
0.0010587711863314397,5.289406769829566,25.0,3.4984575663934376,0.19868379725439433,0.39409472044410176,0.008608690340878196,0.002604537104254838,0.0003443475727362699
0.0010626067375962057,5.634606383658507,25.0,3.8436565613733547,0.21839860310439096,0.434309118215165,0.009639886125780504,0.0028018541590176943,0.00038559552916539816
0.0010646526335311348,5.818737017802127,25.0,4.027786906779582,0.22889277597993624,0.44761357860091006,0.010189947588175319,0.002886118562506257,0.00040759790362088704
0.0010661067587820598,5.9496082903853775,25.0,4.158658002914616,0.23632155015739342,0.4278023173222518,0.0105052952935355,0.002866793418741016,0.0004202118168967032
0.0010670624204459657,6.03561784013691,25.0,4.2446674436395275,0.24120846896123257,0.4003775405999282,0.010670494148419429,0.0028142234869137214,0.0004268197662170859
0.0010682040046353068,6.138360417177607,25.0,4.347409889370145,0.2470562431471184,0.3568745869010581,0.010831368490227134,0.002721933773081282,0.00043325473975949915
0.0010698310066655666,6.284790599900987,25.0,4.493839882059869,0.2554005929251665,0.2837701629419607,0.011012226963495356,0.0025613083887852783,0.0004404890791086715
0.0010717378189209104,6.456403702881929,25.0,4.665452910338937,0.26518683963168604,0.19175934470136663,0.011177152025004144,0.0023594491470218353,0.00044708610508247204
0.001072858044395711,6.557223995613981,25.0,4.766273630944184,0.27094713348222726,0.14395237898660315,0.011275390410232152,0.002259052079010853,0.0004510156324974729
0.00107367580663894,6.630822597504591,25.0,4.839872842888763,0.2751624057363269,0.11939216114279134,0.011367266682583966,0.002212903284557218,0.00045469074946102584
0.0010747783932451847,6.730055392066614,25.0,4.926798602000498,0.2802981067563176,0.103426663791364,0.011530026102203113,0.0021952351362222694,0.00046120109560413063
0.0010755462995247027,6.799166957223239,25.0,4.963868430205155,0.2827536130423498,0.09882109735901161,0.01165882106197964,0.0022002154813569965,0.0004663528427102228
0.001076351512380044,6.871636114203946,25.0,4.984943151167238,0.2841991002126804,0.09456356877328827,0.011795337443959301,0.00220724787036241,0.0004718134977767216
0.0010772235617541195,6.950120557870755,25.0,4.9953595466350675,0.28490971175979124,0.08949575851343,0.0119419095781419,0.002213641051236101,0.00047767638312669575
0.0010787291617098576,7.085624553887178,25.0,5.001196661903192,0.2853038351392199,0.07965134109577823,0.012191879616770634,0.002221789150435091,0.00048767518592255445
0.0010803284019972317,7.2295561797508485,25.0,5.001591704475414,0.2853291797039244,0.06759750767516962,0.012452605982288117,0.00222633705727285,0.000498104319522085
0.0010825144100282368,7.426296902541303,25.0,5.000727219179171,0.28527174877288886,0.05195366372840547,0.01280950297803362,0.0022345497760847466,0.0005123802967552804
0.0010839041011633946,7.55136910470551,25.0,5.000264665052268,0.2852488474180338,0.04969670451256428,0.013055902582301653,0.0022591614015966656,0.0005222357964091718
0.0010854458537390764,7.690126836516869,25.0,5.000020419746598,0.2852337721846752,0.049635734700779026,0.01333812880913977,0.0022932920021419465,0.0005335251405374608
0.0010872275359156262,7.850478232406351,25.0,4.999938565568746,0.28522722168705,0.04972549616177465,0.01366863043804338,0.0023333631012732647,0.0005467451791491502
0.0010885649063152312,7.9708415683708,25.0,4.999935883863561,0.2852267750044855,0.04973858224643349,0.013919388038991374,0.0023633727218959474,0.0005567755215596692
0.0010894264495026752,8.048380455240762,25.0,4.999941684100708,0.28522717865012,0.04973807396496501,0.014082199607571885,0.0023827159937958703,0.0005632879843028998
0.0010904867757379458,8.143809816415114,25.0,4.999946077015424,0.28522752112950506,0.04973746768313753,0.014283980076452703,0.0024065637399576455,0.0005713592030581072
0.0010914592324738183,8.231330922643643,25.0,4.999945689990209,0.28522755591993865,0.04973734397583747,0.01447040187146955,0.002428476133036333,0.0005788160748587817
0.0010926660228474565,8.33994205627108,25.0,4.999939086655742,0.28522723679122186,0.04973731453251351,0.014703554680557819,0.0024557204732271556,0.0005881421872223065
0.0010944592064295615,8.501328578660527,25.0,4.999921546885058,0.2852262809040377,0.04973728651464109,0.015053687133400948,0.002496304640109493,0.0006021474853363498
0.0010971910914482025,8.747198230338219,25.0,4.99990488458042,0.28522525260595233,0.04973735089388469,0.015595543294314866,0.0025583565032856396,0.0006238217317726039
0.0011,9.0,25.0,4.9999001625654875,0.2852249339909265,0.04973756910670138,0.016163235542619094,0.002622421432868993,0.0006465294217047662
0.0011003571804618615,9.0,25.0,4.9999003094112755,0.28522420888816286,0.04945390200461381,0.01622486805962136,0.0026190656426254098,0.0006489946892477733
0.0011010715413855843,9.0,25.0,4.999900514991652,0.28522481083443757,0.04930611937075526,0.016359469212128473,0.002624212256469937,0.0006543779335283622
0.0011017289171198735,9.0,25.0,4.999900620786055,0.2852251370152239,0.049322288861490156,0.016485613607642984,0.002631318932349793,0.0006594245258755874
0.0011024471400525523,9.0,25.0,4.999900679926872,0.28522505327339764,0.04934110706969583,0.016623441468186364,0.0026389797131643813,0.0006649376419545276
0.0011038835859179103,9.0,25.0,4.999900724586015,0.2852249607599224,0.04935250428583082,0.016899299928484973,0.00265420395102266,0.0006759719751773059
0.0011067564776486261,9.0,25.0,4.999900735769946,0.28522497109965445,0.049364942214608784,0.017452843507622794,0.0026852184607111503,0.0006981137403037484
0.00110921458590724,9.0,25.0,4.999900727911486,0.285224990346592,0.0493747486863657,0.01792855494588806,0.0027124027356021175,0.000717142197835531
0.0011124090098014595,9.0,25.0,4.999900722332042,0.28522498390688006,0.04938613847634795,0.018549733644534175,0.002748521271991002,0.0007419893457813731
0.0011149513069041795,9.0,25.0,4.999900721240939,0.2852249703102021,0.04939385110324169,0.01904654782896136,0.0027778358655465734,0.0007618619131585232
0.0011186813495116246,9.0,25.0,4.999900721176044,0.2852249714800133,0.04940345793065007,0.01977948854629448,0.002821627206661863,0.0007911795418515064
0.0011230041353506351,9.0,25.0,4.999900721344417,0.2852249727526383,0.049412532310459036,0.020634987806706768,0.0028733685697752013,0.0008253995122680529
0.0011316497070286563,9.0,25.0,4.999900721434939,0.28522497202956876,0.049425756486812106,0.02236594575314109,0.002979293636264417,0.0008946378301245433
0.0011489408503846986,9.0,25.0,4.999900721445402,0.2852249708879973,0.04944012334177568,0.02590799575440201,0.0031974741670537958,0.0010363203042727362
0.0011782377253846987,9.0,25.0,4.999900721446333,0.2852249702644247,0.04944742311931673,0.032145015207635186,0.0035768798416501877,0.0012858006093500723
0.0012075346003846987,9.0,25.0,4.999900721444994,0.2852249701801206,0.04944621783874536,0.038658316256506085,0.003961416189333575,0.0015463326515347065
0.0012368314753846987,9.0,25.0,4.999900721441889,0.28522497021606424,0.04944274024553721,0.04542233845534511,0.004347592562935748,0.0018168935386959732
0.0012661283503846987,9.0,25.0,4.999900721438588,0.2852249702557503,0.049439131507826944,0.05242509115463983,0.0047397367581602555,0.002097003645752005
0.0012954252253846988,9.0,25.0,4.999900721436414,0.2852249703397443,0.04943680592971067,0.05982202913690383,0.005202402941709761,0.0023928811670640426
0.001321030180322112,9.0,25.0,4.999900721441977,0.28522497092249977,0.049443389108580926,0.06781020845741326,0.0061183298217402406,0.002712408339104004
0.0013344186538558375,9.0,25.0,4.999900721459563,0.2852249728849462,0.049464261674883624,0.07404962264403961,0.007477767085147288,0.0029619849065723436
0.0013458547812022835,9.0,25.0,4.999900721494496,0.2852249759797691,0.049505164171801924,0.08240939607452358,0.009924393966132622,0.0032963758504966022
0.0013594083023176896,9.0,25.0,4.999900721567033,0.28522497971141897,0.04958811560095529,0.0992299598590362,0.015307556270727163,0.003969200037432718
0.001372529712858723,9.0,25.0,4.999900721659024,0.2852249811933658,0.04969078587394682,0.1251126164252053,0.02306734543795569,0.005004522978562243
0.001385374798502626,9.0,25.0,4.999900721741521,0.2852249785293664,0.04977971180236443,0.15955393030783943,0.03168032938830967,0.0063821813668314496
0.001400547441064719,9.0,25.0,4.999900721810731,0.28522497507129196,0.04985302622004104,0.20931401897319007,0.04106355118437771,0.008372593221295221
0.0014155020896345182,9.0,25.0,4.999900721850823,0.28522497272325276,0.04989513937406926,0.2648183110441768,0.048466418716189286,0.01059274114368379
0.0014402530920153004,9.0,25.0,4.999900721886592,0.28522497138859854,0.04993332247845882,0.36407875426763153,0.05732805338563551,0.014563169400304237
0.001452138528677699,9.0,25.0,4.99990072189908,0.28522497177339684,0.04994735203289758,0.4136837796248902,0.06035939420768566,0.016547351259443826
0.0014551098878432987,9.0,25.0,4.999900721903894,0.285224972961597,0.04995343799862804,0.42623520600173725,0.06098955359885794,0.017049413507002783
0.001461052606174498,9.0,25.0,4.999900721924671,0.2852249778438879,0.049979837339855664,0.45132719906161234,0.06220412507692474,0.01805310618201362
0.0014660956171081202,9.0,25.0,4.999900721965545,0.28522498610787456,0.05003100784520492,0.4725526123965609,0.06315225639964273,0.018902223417318075
0.0014708754395361915,9.0,25.0,4.999900722050927,0.285225005496226,0.05013898700662414,0.4925570586469185,0.06396506402452296,0.019702894963424714
0.00147699324491807,9.0,25.0,4.999900722398867,0.28522509409962116,0.05058538418086709,0.5190811706920295,0.06572952777078744,0.02076368589750244
0.0014805595243168193,9.0,25.0,4.999900723036988,0.2852253404735134,0.05145170223247847,0.5376742994459702,0.06926288695221028,0.021506972766341087
0.001481195118033498,9.0,25.0,4.999900723214985,0.2852254575534102,0.051711319277115954,0.5414571293721968,0.07028074609650137,0.021658305053569072
0.0014824663054668554,9.0,25.0,4.999900723671409,0.28522567612358524,0.05236228362954674,0.5497708542700906,0.07292547661183701,0.021990932172263177
0.0014845232847083673,9.0,25.0,4.99990072488012,0.2852261955618921,0.05405077488674222,0.5668730490874633,0.08008259339784884,0.022674922240060676
0.0014862077191144965,9.0,25.0,4.999900726732622,0.28522732870121303,0.056770305930284475,0.5872392639223951,0.09109263483959285,0.0234895718095663
0.0014871523149553522,9.0,25.0,4.9999007284196955,0.28522879301912013,0.05942313597575657,0.6032835232080753,0.10116743934170924,0.02413134097290082
0.0014879279716901765,9.0,25.0,4.999900730454221,0.2852308239674415,0.06275914949979639,0.6211027838038078,0.11348679486263547,0.024844111574893427
0.0014885868841348975,9.0,25.0,4.999900732938197,0.2852335731182947,0.06696237043942749,0.6419043340734583,0.12899871654526462,0.02567617441751105
0.0014891841368955374,9.0,25.0,4.999900736122456,0.2852373836766604,0.07248209008646789,0.6683527575768776,0.1499450865903471,0.026734111128324516
0.001489773517691293,9.0,25.0,4.999900740566347,0.285242814740327,0.0802772552326771,0.7063879855927124,0.18157578354775494,0.02825552009738471
0.001490407626793858,9.0,25.0,4.9999007473983905,0.2852504432798093,0.09211233332622175,0.7693498626731867,0.23594489625694726,0.030773991143961534
0.0014908627020465855,9.0,25.0,4.999900753853489,0.28525576632046024,0.10277866641017315,0.833500779128103,0.29235102697263393,0.03334002143623509
0.0014912165298346497,9.0,25.0,4.999900759817936,0.2852588633453822,0.11205660699074411,0.8956051857208949,0.34715006248082214,0.03582419553542117
0.0014916073086563314,9.0,25.0,4.999900767300521,0.28526080341836696,0.12289341928723624,0.9747011981303265,0.4163828627252515,0.03898804730930903
0.0014920307075017975,9.0,25.0,4.999900776265778,0.2852612922397458,0.13485406064751262,1.066412479156063,0.49475914652399244,0.04265649884751523
0.0014926093502742944,9.0,25.0,4.999900789421585,0.28526027942043525,0.15089404788604857,1.185665729632451,0.5908692376146945,0.04742650408834038
0.001493274026517016,9.0,25.0,4.999900805130573,0.2852588675139464,0.16870904312224042,1.2978469385405422,0.6701436650758119,0.05191387750898427
0.0014939051778091522,9.0,25.0,4.999900820143162,0.2852575678537235,0.18494390135467853,1.375590045890715,0.7119440805186057,0.05502360130860131
0.0014945288276027875,9.0,25.0,4.999900834439415,0.2852534428436746,0.1991230682979338,1.4269203046871544,0.7250751081696554,0.05707680915472342
0.0014951266061321257,9.0,25.0,4.999900846919324,0.285246774267823,0.20988848648840233,1.4576060156037225,0.7181587175657738,0.058304236098745965
0.0014961180076483855,9.0,25.0,4.999900863565658,0.285236822552902,0.22186740493283796,1.4852123225671863,0.6844194168817144,0.05940849511683098
0.001497186531195283,9.0,25.0,4.999900875273792,0.2852282982044705,0.22766829702370714,1.4965884609728972,0.6333953800569212,0.05986360408887927
0.001498615193964101,9.0,25.0,4.999900882611409,0.28522283330293285,0.22889188277808847,1.498981362873975,0.5604251158990354,0.05995932711382349
0.0015002268964280103,9.0,25.0,4.999900884157674,0.2852221437635545,0.22718751677424012,1.4960888657443165,0.4839497469896128,0.05984355919273026
0.0015023175916378244,9.0,25.0,4.999900882432467,0.28522319864757484,0.22465376914375915,1.491610454538993,0.4002788099462993,0.05966441819077538
0.0015052394240319294,9.0,25.0,4.999900879444387,0.28522412089557475,0.22214415627324993,1.4870508921717567,0.30988876589657277,0.05948203596607363
0.0015081912645190352,9.0,25.0,4.99990087731861,0.28522442220885097,0.22043953275809705,1.483903919296169,0.24292924078899003,0.059356157001260866
0.0015116002083429647,9.0,25.0,4.999900875766126,0.2852245549759774,0.21901443387712685,1.4812365494444901,0.18751235260160426,0.0592494621689403
0.001515452348917049,9.0,25.0,4.999900874564499,0.2852246365502578,0.21777850522663467,1.4788867212836738,0.1446234407742213,0.05915546911966648
0.001519231807617755,9.0,25.0,4.999900873630987,0.28522467721890316,0.21677433356120526,1.4769506671684054,0.11661504482921736,0.05907802697280931
0.00152333414299813,9.0,25.0,4.99990087277979,0.28522472931811116,0.21586860063417967,1.4751772931887235,0.09673681875618811,0.05900709214823279
0.0015275300200890364,9.0,25.0,4.999900872060149,0.2852247791201716,0.21511403554634623,1.4736800218201822,0.08389542878649903,0.05894720131655168
0.0015321550062398544,9.0,25.0,4.999900871442541,0.28522483591558995,0.21447864654808324,1.4724032570311985,0.07533030001108232,0.05889613071837877
0.0015371735892176404,9.0,25.0,4.999900870967183,0.28522488970408083,0.21399921225035057,1.4714298145115765,0.07011826291250323,0.05885719288203114
0.0015429034872125645,9.0,25.0,4.999900870630619,0.2852249366343381,0.21366792160794096,1.4707517497312528,0.06713798300188079,0.058830070142271616
0.0015494698580770319,9.0,25.0,4.999900870434262,0.28522496890946086,0.21347986496804908,1.4703652474496534,0.06572902696764316,0.05881460994199073
0.0015573721603320124,9.0,25.0,4.99990087034602,0.28522498556915565,0.21339794060740713,1.4701974404308091,0.06524959559010846,0.05880789762481309
0.0015672379681222098,9.0,25.0,4.9999008703255745,0.2852249899311564,0.21337981496247815,1.4701619431437525,0.06523689461442705,0.05880647772677067
0.0015807127823889656,9.0,25.0,4.999900870332405,0.2852249885180829,0.2133862304428623,1.4701772978671446,0.0653686151831665,0.05880709336700081
0.0016020394497268191,9.0,25.0,4.9999008703410555,0.28522498651250067,0.21339389790413466,1.4701947096894528,0.06547578876131366,0.05880778870695125
0.0016313363247268192,9.0,25.0,4.999900870342903,0.2852249859635747,0.2133953990652009,1.4701983619711698,0.0655024823736503,0.058807934846041396
0.0016606331997268192,9.0,25.0,4.9999008703423575,0.28522498606100855,0.2133948798272146,1.4701972504413503,0.06549681588390543,0.058807890042594464
0.0016899300747268192,9.0,25.0,4.999900870342133,0.2852249861298183,0.2133946988875017,1.4701967684901465,0.06549201585849862,0.05880787073960769
0.0017192269497268192,9.0,25.0,4.999900870342189,0.2852249861394689,0.2133947742366455,1.47019685958578,0.06549061913199405,0.058807874383943456
0.0017485238247268193,9.0,25.0,4.9999008703422705,0.2852249861344204,0.2133948547016763,1.4701970006037022,0.06549048452360728,0.058807880023731524
0.0017778206997268193,9.0,25.0,4.9999008703423025,0.2852249861309433,0.21339488663637968,1.4701970602741241,0.06549054850987546,0.05880788241090196
0.0018071175747268193,9.0,25.0,4.999900870342306,0.28522498613090735,0.21339489121713598,1.4701970696781774,0.06549058467481206,0.05880788278657557
0.0018364144497268193,9.0,25.0,4.9999008703423025,0.28522498613012714,0.2133948885152701,1.4701970651140304,0.0654905946452683,0.05880788260511098
0.0018657113247268194,9.0,25.0,4.999900870342301,0.2852249861309367,0.21339488610617122,1.4701970608341886,0.06549059668091617,0.05880788243392088
0.0018950081997268194,9.0,25.0,4.999900870342301,0.2852249861308916,0.21339488502109788,1.470197058893659,0.06549059719676686,0.058807882354655665
0.0019243050747268194,9.0,25.0,4.999900870342298,0.2852249861305802,0.21339488470109572,1.4701970583180413,0.06549059740734842,0.05880788233270865
0.0019536019497268194,9.0,25.0,4.999900870342297,0.28522498613058733,0.21339488469836151,1.4701970583188222,0.06549059748104946,0.058807882332772836
0.0019828988247268193,9.0,25.0,4.999900870342298,0.2852249861307473,0.21339488473116688,1.4701970583769106,0.065490597445375,0.05880788233507276
0.002012195699726819,9.0,25.0,4.999900870342299,0.2852249861310141,0.21339488475609583,1.470197058420448,0.06549059741039731,0.05880788233680709
0.002041492574726819,9.0,25.0,4.999900870342299,0.28522498613060937,0.2133948847673982,1.4701970584403714,0.06549059739264751,0.05880788233761031
0.0020707894497268187,9.0,25.0,4.999900870342298,0.2852249861307999,0.21339488477060195,1.4701970584461908,0.06549059738676832,0.05880788233786968
0.0021000863247268185,9.0,25.0,4.9999008703423,0.2852249861304959,0.21339488477111523,1.4701970584469903,0.0654905973857709,0.05880788233788611
0.0021293831997268183,9.0,25.0,4.9999008703423,0.28522498613084313,0.213394884771096,1.4701970584467525,0.06549059738616636,0.05880788233786283
0.002158680074726818,9.0,25.0,4.999900870342299,0.28522498613048974,0.21339488477031665,1.4701970584458055,0.06549059738672558,0.05880788233786481
0.002187976949726818,9.0,25.0,4.999900870342299,0.28522498613030567,0.21339488477082322,1.4701970584461503,0.06549059738702678,0.05880788233785042
0.0022172738247268177,9.0,25.0,4.9999008703423,0.2852249861306531,0.21339488477061233,1.4701970584459447,0.06549059738695195,0.05880788233784639
0.0022465706997268175,9.0,25.0,4.999900870342298,0.2852249861304895,0.21339488477060256,1.4701970584459332,0.0654905973867923,0.058807882337827515
0.0022758675747268173,9.0,25.0,4.999900870342298,0.28522498613080366,0.2133948847707163,1.4701970584460509,0.06549059738692808,0.05880788233784152
0.002305164449726817,9.0,25.0,4.999900870342297,0.28522498613054187,0.2133948847706389,1.4701970584459616,0.06549059738681617,0.05880788233783376
0.002334461324726817,9.0,25.0,4.999900870342298,0.2852249861304769,0.2133948847706605,1.4701970584459645,0.06549059738665541,0.05880788233781505
0.0023637581997268168,9.0,25.0,4.999900870342298,0.2852249861305514,0.21339488477043853,1.4701970584457602,0.06549059738705731,0.058807882337856505
0.0023930550747268166,9.0,25.0,4.9999008703423,0.2852249861306878,0.2133948847703529,1.4701970584456778,0.06549059738708451,0.05880788233785293
0.0024223519497268164,9.0,25.0,4.9999008703423,0.28522498613098624,0.2133948847710042,1.470197058446313,0.06549059738689578,0.05880788233782941
0.002451648824726816,9.0,25.0,4.999900870342298,0.2852249861304512,0.213394884770795,1.4701970584461306,0.06549059738660223,0.058807882337818224
0.002480945699726816,9.0,25.0,4.999900870342302,0.2852249861306969,0.21339488477057958,1.470197058445914,0.06549059738669105,0.058807882337826065
0.002510242574726816,9.0,25.0,4.999900870342297,0.2852249861308335,0.21339488477041677,1.4701970584457367,0.0654905973867036,0.0588078823378192
0.0025395394497268156,9.0,25.0,4.9999008703423,0.28522498613047015,0.2133948847708402,1.4701970584461592,0.06549059738697827,0.05880788233784051
0.0025688363247268154,9.0,25.0,4.999900870342298,0.2852249861304834,0.21339488477063528,1.4701970584459831,0.06549059738681517,0.05880788233783563
0.0025981331997268152,9.0,25.0,4.999900870342298,0.285224986130255,0.21339488477043106,1.4701970584457595,0.0654905973866049,0.05880788233781121
0.002627430074726815,9.0,25.0,4.999900870342299,0.28522498613057096,0.2133948847703395,1.470197058445664,0.06549059738694052,0.058807882337838166
0.002656726949726815,9.0,25.0,4.999900870342302,0.28522498613091896,0.2133948847712818,1.4701970584465966,0.06549059738710661,0.0588078823378509
0.0026860238247268147,9.0,25.0,4.9999008703423,0.2852249861307239,0.21339488477076463,1.4701970584461266,0.06549059738660656,0.05880788233782735
0.0027153206997268145,9.0,25.0,4.999900870342299,0.2852249861303385,0.2133948847705502,1.4701970584458535,0.06549059738677965,0.05880788233783696
0.0027446175747268143,9.0,25.0,4.999900870342299,0.2852249861306712,0.2133948847707054,1.470197058446021,0.06549059738693852,0.05880788233784163
0.002773914449726814,9.0,25.0,4.999900870342298,0.2852249861302263,0.21339488477028035,1.4701970584456223,0.06549059738680008,0.05880788233783012
0.002803211324726814,9.0,25.0,4.9999008703423,0.28522498613067754,0.21339488477090499,1.4701970584462116,0.06549059738688756,0.058807882337828174
0.0028325081997268137,9.0,25.0,4.9999008703423,0.2852249861306411,0.21339488477021887,1.4701970584455886,0.06549059738666185,0.058807882337820756
0.0028618050747268135,9.0,25.0,4.999900870342301,0.2852249861303103,0.2133948847704226,1.4701970584457666,0.06549059738700569,0.05880788233784119
0.0028911019497268133,9.0,25.0,4.9999008703423,0.28522498613063185,0.213394884770948,1.470197058446278,0.06549059738692453,0.058807882337834315
0.002920398824726813,9.0,25.0,4.999900870342298,0.28522498613063446,0.21339488477079174,1.4701970584461355,0.06549059738682883,0.05880788233784135
0.002949695699726813,9.0,25.0,4.999900870342301,0.28522498613077635,0.213394884770619,1.4701970584459523,0.06549059738675667,0.058807882337832885
0.0029789925747268128,9.0,25.0,4.999900870342299,0.2852249861306519,0.2133948847709756,1.4701970584463042,0.06549059738670515,0.05880788233782056
0.0030082894497268126,9.0,25.0,4.999900870342298,0.28522498613060876,0.21339488477096522,1.4701970584462989,0.06549059738663299,0.0588078823378224
0.0030375863247268124,9.0,25.0,4.999900870342302,0.28522498613052455,0.21339488477040666,1.4701970584457473,0.06549059738667262,0.05880788233782865
0.003066883199726812,9.0,25.0,4.999900870342299,0.2852249861308453,0.2133948847704257,1.4701970584457384,0.06549059738695306,0.05880788233784066
0.003096180074726812,9.0,25.0,4.999900870342298,0.2852249861308464,0.2133948847706637,1.4701970584459993,0.06549059738687912,0.058807882337828944
0.003125476949726812,9.0,25.0,4.9999008703423,0.28522498613053393,0.21339488477010665,1.4701970584454669,0.06549059738682328,0.058807882337831456
0.0031547738247268116,9.0,25.0,4.999900870342299,0.2852249861308233,0.21339488477079535,1.4701970584461048,0.0654905973869575,0.05880788233783106
0.0031840706997268114,9.0,25.0,4.999900870342298,0.2852249861308858,0.2133948847706291,1.4701970584459756,0.06549059738691532,0.05880788233784323
0.0032133675747268112,9.0,25.0,4.999900870342298,0.28522498613094494,0.21339488477111637,1.4701970584464341,0.06549059738678864,0.05880788233783012
0.003242664449726811,9.0,25.0,4.999900870342299,0.2852249861304096,0.21339488477072513,1.4701970584460637,0.0654905973867429,0.058807882337838804
0.003271961324726811,9.0,25.0,4.999900870342298,0.2852249861306493,0.21339488477080104,1.4701970584461201,0.06549059738668128,0.05880788233782334
0.0033012581997268107,9.0,25.0,4.9999008703423,0.28522498613079306,0.21339488477042529,1.4701970584457336,0.06549059738668328,0.058807882337822595
0.0033305550747268105,9.0,25.0,4.999900870342301,0.28522498613041364,0.2133948847700369,1.4701970584453674,0.06549059738692242,0.05880788233783565
0.0033598519497268103,9.0,25.0,4.999900870342299,0.2852249861305071,0.21339488477034488,1.4701970584456587,0.06549059738687313,0.05880788233781686
0.00338914882472681,9.0,25.0,4.999900870342298,0.2852249861306254,0.21339488477055105,1.4701970584458786,0.06549059738705576,0.05880788233784302
0.00341844569972681,9.0,25.0,4.999900870342298,0.28522498613097225,0.2133948847710392,1.4701970584463642,0.06549059738690333,0.05880788233783644
0.0034477425747268097,9.0,25.0,4.999900870342298,0.2852249861308141,0.2133948847705315,1.4701970584458621,0.0654905973867228,0.058807882337834426
0.0034770394497268095,9.0,25.0,4.999900870342301,0.2852249861303758,0.2133948847706543,1.4701970584459727,0.06549059738694551,0.058807882337844786
0.0035063363247268093,9.0,25.0,4.999900870342301,0.2852249861305211,0.2133948847704959,1.4701970584458328,0.06549059738687601,0.05880788233783719
0.003535633199726809,9.0,25.0,4.999900870342299,0.28522498613056935,0.21339488477071655,1.4701970584460364,0.06549059738692442,0.0588078823378383
0.003564930074726809,9.0,25.0,4.9999008703423,0.28522498613066005,0.21339488477050647,1.4701970584458257,0.06549059738681984,0.05880788233783308
0.0035942269497268088,9.0,25.0,4.999900870342301,0.28522498613080133,0.2133948847705935,1.470197058445893,0.06549059738686913,0.058807882337833094
0.0036235238247268086,9.0,25.0,4.999900870342298,0.2852249861306627,0.21339488477081966,1.4701970584461466,0.0654905973868588,0.058807882337832795
0.0036528206997268084,9.0,25.0,4.9999008703423,0.2852249861305996,0.21339488477079024,1.4701970584461272,0.06549059738683072,0.05880788233783817
0.003682117574726808,9.0,25.0,4.999900870342297,0.28522498613065894,0.2133948847703201,1.4701970584456618,0.06549059738676355,0.05880788233783225
0.003711414449726808,9.0,25.0,4.999900870342301,0.285224986131193,0.2133948847706252,1.4701970584459394,0.0654905973867238,0.05880788233781328
0.003740711324726808,9.0,25.0,4.999900870342298,0.2852249861307377,0.21339488477036836,1.470197058445705,0.06549059738698004,0.058807882337845514
0.0037700081997268076,9.0,25.0,4.999900870342302,0.2852249861304393,0.21339488477044724,1.4701970584457627,0.0654905973870582,0.05880788233784834
0.0037993050747268074,9.0,25.0,4.999900870342298,0.2852249861303654,0.21339488477068616,1.4701970584460136,0.06549059738684315,0.05880788233782651
0.0038286019497268072,9.0,25.0,4.9999008703423,0.28522498613031966,0.2133948847706867,1.4701970584460147,0.06549059738669094,0.058807882337818855
0.003857898824726807,9.0,25.0,4.9999008703423,0.28522498613036756,0.21339488477062848,1.470197058445941,0.06549059738690888,0.05880788233784334
0.003887195699726807,9.0,25.0,4.999900870342298,0.28522498613068253,0.21339488477077745,1.470197058446072,0.06549059738679697,0.058807882337829194
0.003916492574726807,9.0,25.0,4.999900870342297,0.285224986130708,0.2133948847704842,1.470197058445814,0.06549059738673468,0.05880788233782604
0.003945789449726807,9.0,25.0,4.999900870342299,0.2852249861305419,0.21339488477070712,1.4701970584460216,0.0654905973869534,0.0588078823378416
0.003975086324726807,9.0,25.0,4.999900870342299,0.2852249861306832,0.21339488477057741,1.4701970584459216,0.06549059738695295,0.05880788233784638
0.004004383199726807,9.0,25.0,4.999900870342299,0.28522498613065517,0.21339488477014842,1.4701970584454769,0.06549059738675189,0.05880788233782366
0.004033680074726808,9.0,25.0,4.999900870342298,0.2852249861305386,0.2133948847706575,1.4701970584459478,0.0654905973869857,0.05880788233783364
0.004062976949726808,9.0,25.0,4.999900870342298,0.2852249861306159,0.21339488477047938,1.4701970584458224,0.06549059738703766,0.058807882337850906
0.004092273824726808,9.0,25.0,4.999900870342298,0.2852249861311436,0.21339488477047272,1.470197058445798,0.06549059738671337,0.05880788233781645
0.004121570699726808,9.0,25.0,4.999900870342299,0.28522498613043545,0.21339488477072635,1.470197058446025,0.06549059738703589,0.05880788233784871
0.004150867574726809,9.0,25.0,4.999900870342298,0.28522498613098163,0.21339488477064616,1.4701970584459763,0.06549059738680296,0.05880788233783112
0.004180164449726809,9.0,25.0,4.999900870342299,0.28522498613027064,0.21339488477024515,1.4701970584455921,0.06549059738687335,0.05880788233783837
0.004209461324726809,9.0,25.0,4.9999008703423,0.28522498613038516,0.21339488477051047,1.4701970584458184,0.06549059738697449,0.058807882337836515
0.004238758199726809,9.0,25.0,4.999900870342299,0.2852249861306774,0.21339488477070392,1.4701970584460289,0.06549059738699559,0.05880788233784318
0.00426805507472681,9.0,25.0,4.999900870342299,0.2852249861300901,0.2133948847703602,1.4701970584456934,0.06549059738692553,0.05880788233784408
0.00429735194972681,9.0,25.0,4.999900870342302,0.2852249861305077,0.21339488477054766,1.4701970584458648,0.06549059738687069,0.05880788233782945
0.00432664882472681,9.0,25.0,4.999900870342298,0.2852249861310122,0.21339488477053242,1.4701970584458393,0.06549059738703467,0.05880788233784959
0.00435594569972681,9.0,25.0,4.999900870342298,0.28522498613068803,0.21339488477058,1.4701970584459114,0.065490597386896,0.058807882337835356
0.0043852425747268105,9.0,25.0,4.999900870342299,0.28522498613021974,0.21339488477061846,1.4701970584459527,0.0654905973868184,0.05880788233782946
0.004414539449726811,9.0,25.0,4.999900870342298,0.28522498613099184,0.21339488477028823,1.47019705844562,0.0654905973868195,0.05880788233783127
0.004443836324726811,9.0,25.0,4.9999008703423,0.2852249861305661,0.213394884770218,1.470197058445529,0.06549059738669782,0.0588078823378084
0.004473133199726811,9.0,25.0,4.999900870342301,0.28522498613060493,0.2133948847703774,1.470197058445712,0.06549059738688057,0.058807882337822436
0.0045024300747268115,9.0,25.0,4.999900870342298,0.28522498613019975,0.21339488476981808,1.4701970584451445,0.06549059738702212,0.058807882337842496
0.004531726949726812,9.0,25.0,4.9999008703423,0.28522498613040437,0.21339488477065827,1.470197058445954,0.06549059738704466,0.0588078823378287
0.004561023824726812,9.0,25.0,4.999900870342298,0.28522498613035757,0.21339488477019172,1.4701970584455433,0.0654905973868628,0.05880788233783148
0.004590320699726812,9.0,25.0,4.999900870342297,0.2852249861305899,0.21339488477087845,1.4701970584461885,0.0654905973869383,0.05880788233783191
0.0046196175747268125,9.0,25.0,4.999900870342297,0.28522498613067565,0.21339488477035792,1.4701970584457122,0.06549059738688057,0.058807882337843356
0.004648914449726813,9.0,25.0,4.9999008703423,0.2852249861305201,0.2133948847703635,1.4701970584456756,0.06549059738678054,0.05880788233782178
0.004678211324726813,9.0,25.0,4.9999008703423,0.2852249861305146,0.2133948847708914,1.470197058446206,0.0654905973869796,0.05880788233783814
0.004707508199726813,9.0,25.0,4.999900870342299,0.2852249861303109,0.21339488477039636,1.4701970584457318,0.06549059738695584,0.058807882337851745
0.0047368050747268135,9.0,25.0,4.999900870342298,0.2852249861310185,0.21339488477090357,1.470197058446215,0.06549059738705176,0.0588078823378506
0.004766101949726814,9.0,25.0,4.999900870342299,0.2852249861308237,0.2133948847709089,1.4701970584462445,0.06549059738672458,0.058807882337828334
0.004795398824726814,9.0,25.0,4.999900870342302,0.2852249861308434,0.2133948847705996,1.4701970584459532,0.06549059738666041,0.05880788233782541
0.004824695699726814,9.0,25.0,4.999900870342298,0.2852249861302571,0.21339488477021026,1.4701970584455522,0.06549059738676166,0.05880788233782704
0.004853992574726814,9.0,25.0,4.999900870342297,0.28522498613058606,0.21339488477042576,1.4701970584457225,0.06549059738698448,0.058807882337835606
0.004883289449726815,9.0,25.0,4.999900870342298,0.2852249861303543,0.21339488477037646,1.4701970584457213,0.06549059738712781,0.0588078823378534
0.004912586324726815,9.0,25.0,4.999900870342301,0.28522498613050923,0.2133948847704648,1.4701970584458097,0.06549059738703322,0.05880788233784507
0.004941883199726815,9.0,25.0,4.9999008703423,0.28522498613066116,0.2133948847709251,1.470197058446261,0.06549059738688934,0.0588078823378332
0.004971180074726815,9.0,25.0,4.999900870342302,0.28522498613052755,0.21339488477071447,1.4701970584460433,0.0654905973868497,0.0588078823378437
0.005000476949726816,9.0,25.0,4.9999008703423,0.28522498613113684,0.2133948847708996,1.4701970584462143,0.06549059738682406,0.05880788233783697
0.005029773824726816,9.0,25.0,4.9999008703423,0.28522498613075803,0.2133948847704082,1.4701970584457353,0.06549059738669272,0.0588078823378268
0.005059070699726816,9.0,25.0,4.999900870342301,0.2852249861300731,0.21339488477078744,1.4701970584460948,0.06549059738707919,0.058807882337852946
0.005088367574726816,9.0,25.0,4.999900870342298,0.2852249861309807,0.21339488477043222,1.4701970584457704,0.06549059738680307,0.05880788233783224
0.005117664449726817,9.0,25.0,4.999900870342299,0.28522498613076547,0.21339488477085208,1.470197058446173,0.0654905973869444,0.05880788233783935
0.005146961324726817,9.0,25.0,4.999900870342298,0.28522498613097275,0.21339488477060775,1.470197058445937,0.0654905973869142,0.05880788233784692
0.005176258199726817,9.0,25.0,4.999900870342302,0.2852249861303717,0.21339488477021865,1.4701970584455446,0.06549059738705376,0.05880788233785668
0.005205555074726817,9.0,25.0,4.999900870342299,0.2852249861307635,0.21339488477075919,1.4701970584460766,0.06549059738696072,0.0588078823378332
0.005234851949726818,9.0,25.0,4.999900870342299,0.2852249861305889,0.21339488477067273,1.470197058446008,0.0654905973869111,0.058807882337842
0.005264148824726818,9.0,25.0,4.999900870342298,0.2852249861308135,0.2133948847703767,1.4701970584457107,0.06549059738689045,0.05880788233784141
0.005293445699726818,9.0,25.0,4.999900870342297,0.2852249861304898,0.21339488477035481,1.4701970584456645,0.0654905973868416,0.05880788233782672
0.005322742574726818,9.0,25.0,4.999900870342298,0.2852249861305902,0.21339488477063956,1.4701970584459714,0.06549059738682261,0.0588078823378211
0.0053520394497268186,9.0,25.0,4.999900870342298,0.2852249861312695,0.21339488477052546,1.4701970584458481,0.06549059738697971,0.05880788233784687
0.005381336324726819,9.0,25.0,4.999900870342298,0.28522498613051356,0.21339488477080193,1.4701970584461113,0.06549059738690721,0.0588078823378377
0.005410633199726819,9.0,25.0,4.999900870342298,0.2852249861312035,0.2133948847706149,1.4701970584459632,0.06549059738697771,0.058807882337852446
0.005439930074726819,9.0,25.0,4.9999008703423,0.28522498613044167,0.21339488477063534,1.470197058445954,0.06549059738681129,0.058807882337831935
0.0054692269497268195,9.0,25.0,4.999900870342298,0.2852249861305537,0.21339488477024435,1.4701970584455695,0.06549059738689911,0.058807882337839706
0.00549852382472682,9.0,25.0,4.999900870342298,0.28522498613053715,0.21339488477024515,1.4701970584455601,0.06549059738692486,0.05880788233783021
0.00552782069972682,9.0,25.0,4.999900870342299,0.2852249861310538,0.21339488477076693,1.4701970584460822,0.06549059738711571,0.0588078823378475
0.00555711757472682,9.0,25.0,4.999900870342299,0.28522498613042,0.21339488477029417,1.4701970584456263,0.06549059738679519,0.05880788233783057
0.0055864144497268205,9.0,25.0,4.999900870342298,0.2852249861306483,0.21339488477082916,1.4701970584461284,0.06549059738694818,0.05880788233783601
0.005615711324726821,9.0,25.0,4.999900870342301,0.2852249861310858,0.21339488477101606,1.4701970584463424,0.06549059738679397,0.0588078823378325
0.005645008199726821,9.0,25.0,4.999900870342299,0.28522498613085373,0.21339488477036103,1.470197058445731,0.06549059738666552,0.05880788233782872
0.005674305074726821,9.0,25.0,4.9999008703423,0.2852249861308052,0.21339488477070107,1.4701970584460125,0.06549059738700458,0.058807882337846305
0.0057036019497268215,9.0,25.0,4.9999008703423,0.2852249861301894,0.2133948847705743,1.470197058445884,0.06549059738678986,0.058807882337828306
0.005732898824726822,9.0,25.0,4.9999008703423,0.28522498613036795,0.2133948847705925,1.470197058445901,0.06549059738696372,0.05880788233784427
0.005762195699726822,9.0,25.0,4.999900870342301,0.28522498613096775,0.21339488477052876,1.4701970584458712,0.06549059738690721,0.0588078823378384
0.005791492574726822,9.0,25.0,4.999900870342298,0.285224986130487,0.21339488477079352,1.4701970584461233,0.06549059738692786,0.05880788233783978
0.0058207894497268224,9.0,25.0,4.999900870342299,0.28522498613057307,0.21339488477079527,1.4701970584461426,0.06549059738693008,0.05880788233784773
0.005850086324726823,9.0,25.0,4.999900870342298,0.2852249861301904,0.21339488477065943,1.4701970584459811,0.06549059738669039,0.05880788233782492
0.005879383199726823,9.0,25.0,4.999900870342299,0.28522498613099273,0.21339488477089114,1.4701970584462247,0.0654905973867147,0.05880788233782241
0.005908680074726823,9.0,25.0,4.999900870342298,0.2852249861303331,0.21339488477045368,1.4701970584457822,0.06549059738657226,0.058807882337813866
0.005937976949726823,9.0,25.0,4.9999008703423,0.28522498613104613,0.2133948847704994,1.4701970584458226,0.06549059738670715,0.05880788233781568
0.005967273824726824,9.0,25.0,4.999900870342298,0.2852249861305631,0.21339488477062385,1.4701970584459443,0.06549059738671248,0.05880788233781469
0.005996570699726824,9.0,25.0,4.999900870342298,0.2852249861307716,0.2133948847704048,1.470197058445735,0.06549059738681484,0.05880788233782955
0.006025867574726824,9.0,25.0,4.999900870342297,0.28522498613070296,0.21339488477054228,1.4701970584458635,0.06549059738704599,0.058807882337848255
0.006055164449726824,9.0,25.0,4.999900870342298,0.28522498613038555,0.21339488477033866,1.4701970584456692,0.06549059738676044,0.058807882337821145
0.006084461324726825,9.0,25.0,4.999900870342298,0.2852249861312777,0.2133948847710097,1.4701970584463133,0.06549059738684992,0.05880788233782529
0.006113758199726825,9.0,25.0,4.999900870342298,0.2852249861307579,0.21339488477054852,1.4701970584459012,0.06549059738668273,0.05880788233782676
0.006143055074726825,9.0,25.0,4.999900870342301,0.2852249861307374,0.21339488477041135,1.4701970584457367,0.06549059738676744,0.05880788233782686
0.006172351949726825,9.0,25.0,4.9999008703423,0.28522498613068736,0.2133948847702948,1.4701970584456197,0.0654905973867792,0.05880788233782012
0.006201648824726826,9.0,25.0,4.999900870342299,0.28522498613020403,0.21339488477092275,1.470197058446229,0.0654905973870149,0.05880788233783973
0.006230945699726826,9.0,25.0,4.999900870342301,0.28522498613070496,0.213394884770746,1.4701970584460862,0.06549059738665519,0.05880788233782072
0.006260242574726826,9.0,25.0,4.999900870342299,0.2852249861304088,0.2133948847700976,1.4701970584454314,0.06549059738669882,0.05880788233782502
0.006289539449726826,9.0,25.0,4.9999008703423,0.2852249861309155,0.21339488477089336,1.4701970584461865,0.06549059738707474,0.058807882337842746
0.006318836324726827,9.0,25.0,4.9999008703423,0.2852249861307009,0.21339488477043317,1.4701970584457849,0.06549059738686536,0.05880788233783986
0.006348133199726827,9.0,25.0,4.9999008703423,0.28522498613027,0.21339488477037047,1.4701970584456934,0.06549059738705876,0.058807882337852634
0.006377430074726827,9.0,25.0,4.999900870342299,0.2852249861305106,0.213394884770759,1.470197058446083,0.06549059738705154,0.05880788233784667
0.006406726949726827,9.0,25.0,4.999900870342299,0.2852249861308857,0.2133948847707416,1.4701970584460673,0.06549059738691954,0.058807882337844224
0.0064360238247268275,9.0,25.0,4.999900870342298,0.2852249861306076,0.2133948847705593,1.4701970584458695,0.06549059738679486,0.05880788233783339
0.006465320699726828,9.0,25.0,4.999900870342298,0.2852249861305714,0.21339488477034468,1.470197058445687,0.06549059738693197,0.05880788233784136
0.006494617574726828,9.0,25.0,4.999900870342299,0.2852249861300653,0.21339488477066157,1.4701970584459663,0.0654905973868789,0.05880788233782857
0.006523914449726828,9.0,25.0,4.9999008703423,0.2852249861303565,0.21339488477057117,1.4701970584459145,0.0654905973869101,0.0588078823378394
0.0065532113247268285,9.0,25.0,4.999900870342298,0.2852249861304759,0.21339488477086457,1.4701970584461652,0.06549059738695506,0.05880788233784455
0.006582508199726829,9.0,25.0,4.999900870342299,0.28522498613052943,0.21339488477082133,1.4701970584461488,0.06549059738684926,0.05880788233784106
0.006611805074726829,9.0,25.0,4.9999008703423,0.28522498613048236,0.21339488477048568,1.4701970584458084,0.06549059738674456,0.05880788233783103
0.006641101949726829,9.0,25.0,4.9999008703423,0.2852249861307828,0.2133948847708727,1.4701970584461912,0.06549059738686225,0.05880788233783237
0.0066703988247268295,9.0,25.0,4.9999008703423,0.28522498613081376,0.21339488477125085,1.4701970584465731,0.06549059738675667,0.05880788233783091
0.00669969569972683,9.0,25.0,4.999900870342301,0.28522498613029257,0.21339488477061708,1.4701970584459452,0.06549059738664442,0.05880788233783366
0.00672899257472683,9.0,25.0,4.999900870342298,0.28522498613044817,0.21339488477019458,1.4701970584455175,0.06549059738679908,0.05880788233783271
0.00675828944972683,9.0,25.0,4.999900870342301,0.28522498613053043,0.2133948847709205,1.470197058446211,0.06549059738703855,0.05880788233783992
0.0067875863247268305,9.0,25.0,4.999900870342299,0.28522498613030006,0.21339488477055923,1.470197058445919,0.06549059738688057,0.058807882337842274
0.006816883199726831,9.0,25.0,4.999900870342299,0.28522498613030617,0.21339488477091348,1.4701970584462354,0.06549059738696994,0.058807882337847624
0.006846180074726831,9.0,25.0,4.9999008703423,0.2852249861306336,0.21339488476996119,1.4701970584452912,0.06549059738666474,0.058807882337823955
0.006875476949726831,9.0,25.0,4.999900870342298,0.28522498613072245,0.21339488476982726,1.4701970584451298,0.06549059738707641,0.0588078823378392
0.006904773824726831,9.0,25.0,4.999900870342298,0.2852249861302822,0.21339488477046847,1.4701970584457715,0.06549059738715102,0.05880788233783586
0.006934070699726832,9.0,25.0,4.999900870342298,0.2852249861302935,0.21339488476996568,1.470197058445319,0.06549059738694119,0.05880788233783333
0.006963367574726832,9.0,25.0,4.999900870342298,0.2852249861305981,0.213394884770011,1.4701970584453308,0.06549059738697327,0.05880788233782757
0.006992664449726832,9.0,25.0,4.999900870342299,0.28522498613070907,0.21339488476999988,1.4701970584453292,0.06549059738699059,0.058807882337826974
0.007021961324726832,9.0,25.0,4.999900870342298,0.28522498613061753,0.21339488477044716,1.4701970584457644,0.06549059738701335,0.05880788233782916
0.007051258199726833,9.0,25.0,4.999900870342299,0.28522498613046154,0.21339488477085278,1.4701970584461677,0.06549059738704321,0.058807882337846035
0.007080555074726833,9.0,25.0,4.999900870342299,0.2852249861310537,0.21339488477034657,1.4701970584456865,0.06549059738685403,0.05880788233784169
0.007109851949726833,9.0,25.0,4.999900870342299,0.28522498613071523,0.21339488477020263,1.470197058445523,0.0654905973869575,0.05880788233783976
0.007139148824726833,9.0,25.0,4.999900870342298,0.28522498613071945,0.21339488477054167,1.470197058445848,0.06549059738707319,0.058807882337843
0.007168445699726834,9.0,25.0,4.999900870342299,0.28522498613048175,0.21339488477041033,1.4701970584457535,0.06549059738691654,0.0588078823378355
0.007197742574726834,9.0,25.0,4.999900870342297,0.285224986130795,0.21339488477079713,1.4701970584461044,0.06549059738675489,0.05880788233781814
0.007227039449726834,9.0,25.0,4.999900870342298,0.285224986130421,0.21339488477077823,1.470197058446095,0.06549059738691887,0.058807882337845716
0.007256336324726834,9.0,25.0,4.9999008703423025,0.28522498613081143,0.21339488477035662,1.470197058445702,0.06549059738678509,0.05880788233783351
0.007285633199726835,9.0,25.0,4.999900870342299,0.2852249861305745,0.21339488477074203,1.4701970584460513,0.06549059738692364,0.05880788233783539
0.007314930074726835,9.0,25.0,4.999900870342298,0.2852249861306596,0.2133948847707673,1.47019705844611,0.06549059738706353,0.05880788233785809
0.007344226949726835,9.0,25.0,4.999900870342302,0.2852249861305583,0.21339488477064503,1.4701970584459831,0.06549059738675966,0.05880788233783054
0.007373523824726835,9.0,25.0,4.999900870342299,0.28522498613047903,0.2133948847706726,1.470197058445982,0.06549059738683938,0.058807882337835404
0.0074028206997268356,9.0,25.0,4.999900870342298,0.28522498613091113,0.21339488477037996,1.4701970584457,0.06549059738683605,0.058807882337833996
0.007432117574726836,9.0,25.0,4.999900870342298,0.28522498613082836,0.2133948847705198,1.4701970584458415,0.0654905973866512,0.05880788233780582
0.007461414449726836,9.0,25.0,4.999900870342299,0.2852249861305355,0.2133948847704761,1.4701970584458282,0.06549059738703367,0.05880788233784846
0.007490711324726836,9.0,25.0,4.999900870342301,0.2852249861307421,0.21339488477085408,1.4701970584461919,0.06549059738682372,0.058807882337827265
0.0075200081997268365,9.0,25.0,4.999900870342302,0.28522498613055125,0.21339488477087662,1.4701970584462076,0.06549059738687579,0.05880788233784416
0.007549305074726837,9.0,25.0,4.999900870342298,0.28522498613077873,0.21339488477039767,1.4701970584457216,0.06549059738678142,0.05880788233783704
0.007578601949726837,9.0,25.0,4.9999008703423,0.2852249861306925,0.21339488477086777,1.4701970584461743,0.06549059738694885,0.058807882337839214
0.007607898824726837,9.0,25.0,4.999900870342299,0.2852249861303729,0.21339488477057314,1.4701970584459223,0.06549059738693286,0.05880788233784822
0.0076371956997268375,9.0,25.0,4.999900870342298,0.2852249861303367,0.21339488477051624,1.470197058445816,0.06549059738676022,0.058807882337825336
0.007666492574726838,9.0,25.0,4.999900870342297,0.2852249861306359,0.2133948847705142,1.4701970584458335,0.06549059738681307,0.05880788233782612
0.007695789449726838,9.0,25.0,4.999900870342299,0.28522498613055997,0.2133948847702455,1.470197058445574,0.06549059738685425,0.05880788233783021
0.007725086324726838,9.0,25.0,4.999900870342298,0.2852249861301096,0.21339488477056967,1.4701970584458872,0.06549059738705665,0.058807882337843544
0.0077543831997268385,9.0,25.0,4.9999008703423,0.28522498613044933,0.2133948847703555,1.470197058445685,0.06549059738683838,0.05880788233782904
0.007783680074726839,9.0,25.0,4.9999008703423,0.28522498613034575,0.21339488477069748,1.4701970584459907,0.06549059738684637,0.058807882337825766
0.007812976949726838,9.0,25.0,4.999900870342302,0.2852249861308138,0.21339488477107188,1.4701970584464057,0.06549059738677221,0.05880788233782634
0.007842273824726837,9.0,25.0,4.999900870342298,0.2852249861306111,0.21339488477072655,1.4701970584460533,0.06549059738671736,0.05880788233783538
0.007871570699726837,9.0,25.0,4.999900870342298,0.28522498613115876,0.21339488477099222,1.4701970584463144,0.0654905973866704,0.05880788233782198
0.007900867574726836,9.0,25.0,4.999900870342298,0.28522498613092606,0.21339488477084065,1.470197058446187,0.06549059738653196,0.05880788233781293
0.007930164449726836,9.0,25.0,4.999900870342298,0.285224986130783,0.21339488477072088,1.4701970584460475,0.06549059738684604,0.058807882337843086
0.007959461324726835,9.0,25.0,4.999900870342302,0.28522498613088787,0.2133948847701861,1.470197058445506,0.06549059738682628,0.05880788233783587
0.007988758199726834,9.0,25.0,4.999900870342299,0.2852249861305196,0.21339488477081187,1.4701970584461117,0.06549059738692053,0.0588078823378279
0.008018055074726834,9.0,25.0,4.9999008703423,0.28522498613024133,0.21339488477078494,1.4701970584461326,0.0654905973871055,0.058807882337862855
0.008047351949726833,9.0,25.0,4.999900870342299,0.28522498613090524,0.21339488477038415,1.4701970584457151,0.06549059738670548,0.05880788233782609
0.008076648824726832,9.0,25.0,4.999900870342298,0.2852249861307562,0.2133948847701443,1.4701970584454684,0.06549059738660712,0.05880788233780313
0.008105945699726832,9.0,25.0,4.999900870342298,0.28522498613057873,0.2133948847704097,1.4701970584457176,0.0654905973869041,0.05880788233782342
0.008135242574726831,9.0,25.0,4.999900870342298,0.285224986130901,0.21339488477035698,1.4701970584456794,0.06549059738696872,0.05880788233783643
0.00816453944972683,9.0,25.0,4.9999008703423,0.2852249861303722,0.21339488477041912,1.4701970584457338,0.06549059738681073,0.05880788233782083
0.00819383632472683,9.0,25.0,4.999900870342298,0.285224986130636,0.2133948847707033,1.4701970584460118,0.06549059738679563,0.05880788233782098
0.00822313319972683,9.0,25.0,4.999900870342301,0.285224986131309,0.21339488477044546,1.4701970584457813,0.06549059738698759,0.058807882337849934
0.008252430074726829,9.0,25.0,4.999900870342298,0.2852249861304418,0.21339488477054827,1.4701970584458874,0.06549059738700458,0.05880788233784617
0.008281726949726828,9.0,25.0,4.999900870342299,0.28522498613064856,0.21339488477088212,1.470197058446191,0.06549059738711915,0.058807882337859725
0.008311023824726827,9.0,25.0,4.999900870342298,0.2852249861305309,0.21339488477049084,1.4701970584458,0.06549059738660101,0.05880788233781564
0.008340320699726827,9.0,25.0,4.999900870342298,0.2852249861308207,0.21339488477004862,1.4701970584453767,0.0654905973868597,0.058807882337832414
0.008369617574726826,9.0,25.0,4.999900870342297,0.28522498613072567,0.21339488477058163,1.4701970584458917,0.06549059738694685,0.058807882337825614
0.008398914449726826,9.0,25.0,4.9999008703423,0.2852249861305949,0.2133948847707672,1.4701970584461066,0.06549059738701424,0.05880788233784598
0.008428211324726825,9.0,25.0,4.999900870342299,0.2852249861306203,0.21339488477047255,1.4701970584458235,0.06549059738666463,0.05880788233781999
0.008457508199726824,9.0,25.0,4.999900870342301,0.28522498613039743,0.2133948847704828,1.470197058445817,0.06549059738704976,0.05880788233785293
0.008486805074726824,9.0,25.0,4.9999008703423,0.2852249861309423,0.21339488477056381,1.470197058445869,0.06549059738697882,0.05880788233784307
0.008516101949726823,9.0,25.0,4.999900870342301,0.2852249861307116,0.2133948847706168,1.4701970584459436,0.0654905973870501,0.058807882337851884
0.008545398824726822,9.0,25.0,4.999900870342299,0.2852249861307339,0.21339488477011612,1.4701970584454607,0.06549059738690743,0.058807882337839804
0.008574695699726822,9.0,25.0,4.999900870342299,0.28522498613073377,0.2133948847708759,1.470197058446193,0.06549059738699303,0.05880788233783422
0.008603992574726821,9.0,25.0,4.999900870342298,0.2852249861308487,0.21339488477045077,1.4701970584458133,0.06549059738680207,0.05880788233783401
0.00863328944972682,9.0,25.0,4.999900870342299,0.2852249861304201,0.21339488477041835,1.4701970584457316,0.06549059738685958,0.058807882337833
0.00866258632472682,9.0,25.0,4.999900870342299,0.28522498613120795,0.21339488477006313,1.4701970584453927,0.06549059738680651,0.05880788233782251
0.00869188319972682,9.0,25.0,4.999900870342298,0.2852249861306169,0.21339488477070218,1.4701970584460082,0.06549059738702767,0.058807882337834204
0.008721180074726819,9.0,25.0,4.999900870342301,0.2852249861307071,0.21339488477066837,1.470197058446002,0.06549059738676444,0.05880788233782396
0.008750476949726818,9.0,25.0,4.999900870342301,0.28522498613067726,0.21339488477030316,1.4701970584456403,0.06549059738673346,0.05880788233782483
0.008779773824726817,9.0,25.0,4.999900870342298,0.28522498613036895,0.21339488477041021,1.470197058445738,0.06549059738681362,0.058807882337821867
0.008809070699726817,9.0,25.0,4.999900870342298,0.2852249861309396,0.21339488477023377,1.470197058445574,0.06549059738694518,0.05880788233783588
0.008838367574726816,9.0,25.0,4.999900870342298,0.28522498613059444,0.2133948847705695,1.4701970584458843,0.06549059738710361,0.05880788233784795
0.008867664449726816,9.0,25.0,4.999900870342299,0.285224986131072,0.21339488477094895,1.4701970584462605,0.06549059738689478,0.05880788233783506
0.008896961324726815,9.0,25.0,4.999900870342299,0.28522498613058456,0.21339488477009474,1.4701970584454456,0.06549059738693541,0.05880788233785314
0.008926258199726814,9.0,25.0,4.999900870342299,0.28522498613085434,0.21339488477049065,1.4701970584457884,0.06549059738704366,0.05880788233784135
0.008955555074726814,9.0,25.0,4.999900870342302,0.2852249861304752,0.21339488477046067,1.470197058445801,0.06549059738682317,0.05880788233782337
0.008984851949726813,9.0,25.0,4.999900870342299,0.2852249861305652,0.21339488477037094,1.4701970584456872,0.06549059738706864,0.058807882337851614
0.009014148824726812,9.0,25.0,4.999900870342297,0.2852249861307817,0.21339488477033974,1.4701970584456592,0.06549059738697038,0.0588078823378383
0.009043445699726812,9.0,25.0,4.999900870342301,0.2852249861304628,0.21339488477066862,1.4701970584459962,0.06549059738696628,0.058807882337836216
0.009072742574726811,9.0,25.0,4.9999008703423,0.2852249861305879,0.2133948847707224,1.470197058446067,0.06549059738700469,0.05880788233785056
0.00910203944972681,9.0,25.0,4.999900870342299,0.28522498613062086,0.21339488477060115,1.4701970584459307,0.06549059738683172,0.05880788233783692
0.00913133632472681,9.0,25.0,4.999900870342299,0.28522498613060643,0.2133948847704428,1.470197058445774,0.0654905973867258,0.058807882337821894
0.00916063319972681,9.0,25.0,4.999900870342299,0.28522498613065644,0.21339488477054874,1.4701970584458603,0.0654905973869444,0.05880788233783861
0.009189930074726809,9.0,25.0,4.999900870342298,0.28522498613082287,0.21339488477060312,1.4701970584459136,0.06549059738694663,0.058807882337840435
0.009219226949726808,9.0,25.0,4.999900870342299,0.2852249861304743,0.21339488477084798,1.4701970584461734,0.0654905973868447,0.058807882337832205
0.009248523824726807,9.0,25.0,4.999900870342298,0.28522498613063296,0.2133948847704731,1.470197058445808,0.06549059738661644,0.05880788233781696
0.009277820699726807,9.0,25.0,4.999900870342299,0.2852249861305868,0.2133948847708563,1.4701970584461472,0.06549059738677698,0.058807882337823913
0.009307117574726806,9.0,25.0,4.9999008703423,0.2852249861304009,0.2133948847704297,1.4701970584457758,0.06549059738675811,0.05880788233782997
0.009336414449726806,9.0,25.0,4.999900870342298,0.28522498613086567,0.2133948847706034,1.4701970584459312,0.06549059738675411,0.05880788233782006
0.009365711324726805,9.0,25.0,4.9999008703423,0.28522498613042396,0.2133948847709389,1.4701970584462694,0.0654905973869433,0.05880788233784236
0.009395008199726804,9.0,25.0,4.999900870342299,0.28522498613080055,0.21339488477074267,1.4701970584460942,0.06549059738670682,0.0588078823378292
0.009424305074726804,9.0,25.0,4.999900870342299,0.2852249861306333,0.21339488477105578,1.470197058446381,0.06549059738689544,0.05880788233784573
0.009453601949726803,9.0,25.0,4.9999008703423,0.28522498613071295,0.2133948847701647,1.4701970584455144,0.06549059738657959,0.05880788233782034
0.009482898824726802,9.0,25.0,4.999900870342298,0.2852249861308189,0.21339488477006088,1.4701970584453685,0.06549059738706486,0.058807882337845535
0.009512195699726802,9.0,25.0,4.999900870342298,0.28522498613032227,0.2133948847703364,1.4701970584456674,0.0654905973869454,0.05880788233782291
0.009541492574726801,9.0,25.0,4.999900870342297,0.2852249861304604,0.21339488477074028,1.4701970584460642,0.06549059738686835,0.05880788233782362
0.0095707894497268,9.0,25.0,4.9999008703423,0.28522498613068625,0.21339488477066318,1.470197058445996,0.065490597386891,0.0588078823378411
0.0096000863247268,9.0,25.0,4.999900870342299,0.2852249861306901,0.21339488477081064,1.4701970584461364,0.06549059738690444,0.058807882337843134
0.0096293831997268,9.0,25.0,4.999900870342299,0.2852249861304584,0.21339488477058685,1.4701970584459176,0.06549059738679819,0.058807882337835536
0.009658680074726799,9.0,25.0,4.999900870342299,0.2852249861303913,0.2133948847707044,1.470197058446019,0.06549059738683238,0.05880788233783269
0.009687976949726798,9.0,25.0,4.999900870342298,0.28522498613081854,0.2133948847704005,1.4701970584457402,0.06549059738699614,0.05880788233785135
0.009717273824726798,9.0,25.0,4.999900870342298,0.28522498613031816,0.21339488477009336,1.4701970584454274,0.06549059738685392,0.05880788233782847
0.009746570699726797,9.0,25.0,4.999900870342299,0.28522498613060165,0.21339488477053006,1.4701970584458315,0.06549059738703533,0.058807882337836015
0.009775867574726796,9.0,25.0,4.999900870342297,0.28522498613091013,0.21339488477049204,1.4701970584458086,0.06549059738675855,0.05880788233781791
0.009805164449726796,9.0,25.0,4.999900870342301,0.2852249861304975,0.2133948847699687,1.4701970584452955,0.0654905973869564,0.058807882337840865
0.009834461324726795,9.0,25.0,4.999900870342298,0.28522498613051595,0.21339488477034171,1.470197058445635,0.06549059738706031,0.05880788233783573
0.009863758199726794,9.0,25.0,4.999900870342299,0.28522498613042235,0.21339488477102425,1.470197058446332,0.06549059738680274,0.05880788233781594
0.009893055074726794,9.0,25.0,4.9999008703423,0.2852249861307036,0.2133948847710691,1.470197058446409,0.06549059738671659,0.05880788233783103
0.009922351949726793,9.0,25.0,4.999900870342298,0.2852249861304515,0.21339488477031457,1.4701970584456487,0.06549059738683494,0.05880788233785043
0.009951648824726793,9.0,25.0,4.999900870342298,0.2852249861307493,0.21339488477073223,1.4701970584460318,0.065490597386757,0.058807882337818466
0.009980945699726792,9.0,25.0,4.999900870342299,0.2852249861306519,0.21339488477051569,1.470197058445855,0.06549059738680385,0.05880788233782965
0.010010242574726791,9.0,25.0,4.999900870342299,0.28522498613094244,0.21339488477027352,1.470197058445602,0.06549059738682961,0.058807882337829395
0.01003953944972679,9.0,25.0,4.999900870342298,0.2852249861306026,0.21339488477054105,1.4701970584458595,0.0654905973871317,0.058807882337852356
0.01006883632472679,9.0,25.0,4.9999008703423,0.2852249861306423,0.21339488477049082,1.470197058445812,0.06549059738698149,0.05880788233784315
0.01009813319972679,9.0,25.0,4.9999008703423,0.28522498613041003,0.21339488477050692,1.4701970584458197,0.06549059738690954,0.05880788233783606
0.010127430074726789,9.0,25.0,4.9999008703423,0.2852249861304973,0.21339488477047192,1.4701970584457806,0.06549059738699137,0.05880788233784465
0.010156726949726788,9.0,25.0,4.9999008703423,0.28522498613028024,0.21339488477054153,1.4701970584458837,0.06549059738687313,0.05880788233783101
0.010186023824726788,9.0,25.0,4.9999008703423,0.28522498613039593,0.21339488477054122,1.470197058445862,0.06549059738694729,0.05880788233784166
0.010215320699726787,9.0,25.0,4.9999008703423,0.2852249861303737,0.21339488477065363,1.4701970584459934,0.06549059738692287,0.0588078823378391
0.010244617574726786,9.0,25.0,4.999900870342301,0.2852249861300112,0.21339488477112808,1.470197058446453,0.06549059738682594,0.05880788233783292
0.010273914449726786,9.0,25.0,4.999900870342299,0.2852249861310151,0.2133948847703491,1.4701970584457027,0.06549059738656571,0.058807882337820826
0.010303211324726785,9.0,25.0,4.999900870342301,0.28522498613037534,0.2133948847706156,1.470197058445903,0.06549059738683716,0.058807882337828576
0.010332508199726784,9.0,25.0,4.999900870342298,0.28522498613074193,0.21339488477051985,1.4701970584458346,0.06549059738668472,0.05880788233781375
0.010361805074726784,9.0,25.0,4.999900870342301,0.28522498613111175,0.21339488477074411,1.47019705844606,0.06549059738674445,0.05880788233781911
0.010391101949726783,9.0,25.0,4.999900870342299,0.2852249861308912,0.21339488477036903,1.4701970584457038,0.06549059738682506,0.05880788233783457
0.010420398824726783,9.0,25.0,4.9999008703423,0.28522498613022973,0.2133948847703489,1.470197058445657,0.06549059738690355,0.05880788233783316
0.010449695699726782,9.0,25.0,4.999900870342299,0.2852249861305795,0.21339488477052757,1.4701970584458448,0.065490597387029,0.05880788233784246
0.010478992574726781,9.0,25.0,4.999900870342297,0.28522498613080605,0.21339488477068438,1.4701970584460462,0.06549059738690766,0.05880788233783538
0.01050828944972678,9.0,25.0,4.9999008703423,0.28522498613080643,0.2133948847704135,1.4701970584457404,0.06549059738696383,0.058807882337849005
0.01053758632472678,9.0,25.0,4.9999008703423,0.28522498613067493,0.21339488477045532,1.470197058445772,0.06549059738717067,0.05880788233786237
0.01056688319972678,9.0,25.0,4.999900870342301,0.2852249861306439,0.21339488477032606,1.4701970584456663,0.06549059738689422,0.058807882337832296
0.010596180074726779,9.0,25.0,4.999900870342301,0.2852249861304567,0.2133948847700626,1.4701970584454036,0.06549059738691576,0.05880788233783138
0.010625476949726778,9.0,25.0,4.999900870342299,0.28522498613033576,0.21339488477082155,1.4701970584461421,0.06549059738699448,0.05880788233783094
0.010654773824726778,9.0,25.0,4.999900870342299,0.28522498613056807,0.21339488477021637,1.4701970584455668,0.06549059738688268,0.05880788233784079
0.010684070699726777,9.0,25.0,4.999900870342298,0.2852249861309664,0.21339488477012006,1.470197058445415,0.06549059738708518,0.05880788233784892
0.010713367574726776,9.0,25.0,4.999900870342301,0.28522498613024705,0.2133948847702665,1.4701970584455948,0.06549059738718921,0.058807882337851225
0.010742664449726776,9.0,25.0,4.9999008703423,0.2852249861305283,0.21339488477108257,1.4701970584463995,0.06549059738700547,0.05880788233783644
0.010771961324726775,9.0,25.0,4.999900870342299,0.2852249861302643,0.21339488477072713,1.4701970584460424,0.06549059738666962,0.05880788233782802
0.010801258199726774,9.0,25.0,4.9999008703423,0.28522498613088737,0.21339488477101448,1.4701970584463395,0.0654905973868265,0.058807882337838534
0.010830555074726774,9.0,25.0,4.9999008703423,0.28522498613065406,0.2133948847707046,1.4701970584460533,0.06549059738660334,0.05880788233782164
0.010859851949726773,9.0,25.0,4.999900870342298,0.285224986130402,0.2133948847704746,1.4701970584457746,0.06549059738658469,0.05880788233781197
0.010889148824726773,9.0,25.0,4.999900870342302,0.28522498613033637,0.21339488477066942,1.4701970584459898,0.06549059738696994,0.058807882337841545
0.010918445699726772,9.0,25.0,4.9999008703423,0.2852249861307355,0.213394884770808,1.470197058446131,0.06549059738680951,0.058807882337829735
0.010947742574726771,9.0,25.0,4.999900870342299,0.28522498613128183,0.21339488477055524,1.470197058445907,0.06549059738674834,0.05880788233782952
0.01097703944972677,9.0,25.0,4.9999008703423,0.2852249861303217,0.21339488477031215,1.470197058445647,0.06549059738674179,0.058807882337822956
0.01100633632472677,9.0,25.0,4.999900870342301,0.28522498613089264,0.21339488477083723,1.4701970584461332,0.06549059738690166,0.05880788233782995
0.01103563319972677,9.0,25.0,4.999900870342302,0.2852249861305298,0.21339488477079602,1.4701970584461312,0.06549059738690244,0.05880788233784348
0.011064930074726769,9.0,25.0,4.9999008703423,0.28522498613066266,0.2133948847703551,1.4701970584456798,0.06549059738668794,0.058807882337824434
0.011094226949726768,9.0,25.0,4.999900870342298,0.2852249861308744,0.21339488477048682,1.4701970584458042,0.06549059738686913,0.05880788233782926
0.011123523824726768,9.0,25.0,4.999900870342298,0.28522498613104363,0.21339488477047816,1.470197058445813,0.06549059738681196,0.05880788233782396
0.011152820699726767,9.0,25.0,4.999900870342298,0.28522498613075864,0.21339488477075017,1.4701970584460609,0.06549059738671947,0.05880788233781552
0.011182117574726766,9.0,25.0,4.999900870342298,0.2852249861307156,0.2133948847704088,1.4701970584457411,0.06549059738666074,0.05880788233781749
0.011211414449726766,9.0,25.0,4.999900870342299,0.2852249861307027,0.21339488477040208,1.4701970584457043,0.06549059738684393,0.05880788233782827
0.011240711324726765,9.0,25.0,4.999900870342298,0.28522498613060676,0.21339488477101232,1.4701970584463182,0.06549059738703211,0.05880788233784456
0.011270008199726764,9.0,25.0,4.999900870342299,0.2852249861305229,0.21339488477053475,1.4701970584458688,0.06549059738663565,0.05880788233782202
0.011299305074726764,9.0,25.0,4.999900870342298,0.28522498613090036,0.21339488477070875,1.470197058446013,0.06549059738683427,0.058807882337832844
0.011328601949726763,9.0,25.0,4.9999008703423,0.2852249861304022,0.21339488477019483,1.4701970584455153,0.0654905973867137,0.05880788233782165
0.011357898824726763,9.0,25.0,4.999900870342299,0.2852249861307658,0.21339488477017632,1.4701970584454915,0.06549059738706464,0.05880788233784341
0.011387195699726762,9.0,25.0,4.9999008703423,0.285224986130652,0.21339488477032456,1.4701970584456552,0.06549059738712903,0.0588078823378464
0.011416492574726761,9.0,25.0,4.999900870342298,0.28522498613042896,0.21339488477026802,1.470197058445581,0.0654905973869988,0.058807882337838076
0.01144578944972676,9.0,25.0,4.999900870342302,0.28522498613045405,0.2133948847706238,1.4701970584459576,0.06549059738687724,0.058807882337824594
0.01147508632472676,9.0,25.0,4.9999008703423,0.285224986130808,0.2133948847704667,1.4701970584457984,0.06549059738681762,0.05880788233782974
0.01150438319972676,9.0,25.0,4.999900870342299,0.28522498613050673,0.21339488477043336,1.4701970584457729,0.06549059738679586,0.058807882337824795
0.011533680074726759,9.0,25.0,4.999900870342298,0.28522498613065356,0.21339488477055735,1.4701970584458937,0.06549059738698804,0.058807882337842815
0.011562976949726758,9.0,25.0,4.9999008703423,0.2852249861306591,0.21339488477059557,1.4701970584459245,0.06549059738682017,0.058807882337828625
0.011592273824726758,9.0,25.0,4.9999008703423,0.2852249861307521,0.21339488477075835,1.4701970584460782,0.06549059738693319,0.05880788233784218
0.011621570699726757,9.0,25.0,4.9999008703423,0.28522498613049113,0.21339488477018986,1.4701970584455017,0.06549059738680074,0.05880788233783333
0.011650867574726756,9.0,25.0,4.999900870342297,0.2852249861307389,0.213394884770973,1.4701970584462742,0.0654905973869696,0.05880788233783385
0.011680164449726756,9.0,25.0,4.9999008703423,0.28522498613115027,0.21339488477036558,1.470197058445721,0.06549059738675733,0.05880788233783196
0.011709461324726755,9.0,25.0,4.999900870342299,0.28522498613067376,0.21339488477057655,1.4701970584458892,0.06549059738688445,0.05880788233783306
0.011738758199726754,9.0,25.0,4.999900870342298,0.2852249861306305,0.21339488477066115,1.4701970584459807,0.06549059738686647,0.05880788233783294
0.011768055074726754,9.0,25.0,4.999900870342298,0.2852249861307447,0.21339488477075041,1.470197058446073,0.0654905973868316,0.05880788233783301
0.011797351949726753,9.0,25.0,4.999900870342298,0.2852249861303871,0.21339488476995244,1.470197058445305,0.06549059738677954,0.05880788233783123
0.011826648824726753,9.0,25.0,4.999900870342298,0.2852249861307856,0.21339488477041282,1.470197058445746,0.06549059738698504,0.05880788233782924
0.011855945699726752,9.0,25.0,4.999900870342298,0.28522498613021957,0.21339488477038557,1.470197058445716,0.06549059738688201,0.05880788233782721
0.011885242574726751,9.0,25.0,4.999900870342298,0.28522498613054376,0.2133948847702889,1.4701970584456108,0.06549059738700536,0.05880788233784231
0.01191453944972675,9.0,25.0,4.999900870342299,0.28522498613059954,0.2133948847701333,1.470197058445449,0.06549059738689211,0.05880788233782745
0.01194383632472675,9.0,25.0,4.999900870342298,0.2852249861304374,0.21339488477041552,1.4701970584457407,0.06549059738698859,0.058807882337831685
0.01197313319972675,9.0,25.0,4.999900870342302,0.28522498613131586,0.213394884770598,1.4701970584459263,0.0654905973868658,0.058807882337826925
0.012002430074726749,9.0,25.0,4.9999008703423,0.285224986130425,0.21339488477021476,1.4701970584455406,0.0654905973867983,0.05880788233782769
0.012031726949726748,9.0,25.0,4.999900870342299,0.2852249861313141,0.21339488477063276,1.4701970584459632,0.06549059738702023,0.05880788233784001
0.012061023824726748,9.0,25.0,4.999900870342298,0.28522498613089076,0.21339488477069365,1.470197058446043,0.06549059738686025,0.05880788233783371
0.012090320699726747,9.0,25.0,4.999900870342298,0.2852249861306315,0.21339488477037724,1.4701970584457187,0.06549059738684149,0.058807882337836875
0.012119617574726746,9.0,25.0,4.999900870342297,0.28522498613064357,0.21339488477024907,1.4701970584455777,0.06549059738697482,0.05880788233784119
0.012148914449726746,9.0,25.0,4.9999008703423,0.28522498613048847,0.21339488477048907,1.4701970584458088,0.06549059738680396,0.058807882337816586
0.012178211324726745,9.0,25.0,4.999900870342298,0.28522498613045616,0.21339488477055463,1.4701970584459003,0.06549059738681351,0.0588078823378239
0.012207508199726744,9.0,25.0,4.999900870342301,0.2852249861302819,0.21339488477054674,1.470197058445882,0.06549059738687324,0.05880788233783481
0.012236805074726744,9.0,25.0,4.999900870342298,0.28522498613067887,0.21339488477084248,1.470197058446162,0.06549059738702978,0.05880788233785127
0.012266101949726743,9.0,25.0,4.999900870342298,0.2852249861306226,0.21339488477081217,1.4701970584461457,0.06549059738678287,0.05880788233783389
0.012295398824726743,9.0,25.0,4.999900870342298,0.2852249861307012,0.21339488477041427,1.4701970584457607,0.06549059738682772,0.05880788233783964
0.012324695699726742,9.0,25.0,4.999900870342298,0.2852249861308095,0.2133948847707597,1.470197058446067,0.06549059738682894,0.058807882337827445
0.012353992574726741,9.0,25.0,4.999900870342298,0.2852249861306126,0.2133948847707778,1.470197058446127,0.06549059738679242,0.05880788233783049
0.01238328944972674,9.0,25.0,4.999900870342299,0.28522498613061814,0.21339488477052768,1.470197058445864,0.06549059738688112,0.058807882337843724
0.01241258632472674,9.0,25.0,4.999900870342298,0.28522498613077746,0.2133948847706654,1.4701970584459771,0.0654905973868748,0.05880788233783541
0.01244188319972674,9.0,25.0,4.999900870342302,0.2852249861309546,0.21339488477090812,1.4701970584462385,0.06549059738686458,0.05880788233783602
0.012471180074726739,9.0,25.0,4.999900870342298,0.28522498613062974,0.2133948847709391,1.4701970584462605,0.06549059738669438,0.05880788233782715
0.012500476949726738,9.0,25.0,4.999900870342298,0.2852249861302481,0.21339488477066756,1.4701970584459942,0.06549059738682106,0.058807882337842836
0.012529773824726738,9.0,25.0,4.999900870342299,0.2852249861307616,0.21339488477017948,1.470197058445499,0.06549059738701601,0.058807882337854826
0.012559070699726737,9.0,25.0,4.9999008703423,0.2852249861304709,0.2133948847704592,1.4701970584457733,0.06549059738688645,0.05880788233782389
0.012588367574726736,9.0,25.0,4.999900870342298,0.2852249861305145,0.21339488477047297,1.4701970584458124,0.06549059738673901,0.058807882337813984
0.012617664449726736,9.0,25.0,4.999900870342302,0.28522498613056113,0.21339488477077995,1.4701970584460886,0.06549059738686569,0.05880788233783074
0.012646961324726735,9.0,25.0,4.999900870342299,0.2852249861306197,0.21339488477030463,1.4701970584456296,0.06549059738674934,0.058807882337827876
0.012676258199726734,9.0,25.0,4.999900870342301,0.28522498613045993,0.21339488477058155,1.4701970584459017,0.06549059738684126,0.058807882337824795
0.012705555074726734,9.0,25.0,4.999900870342298,0.28522498613040426,0.213394884770861,1.4701970584461912,0.06549059738680718,0.05880788233782653
0.012734851949726733,9.0,25.0,4.999900870342301,0.2852249861307289,0.21339488477031007,1.4701970584456696,0.06549059738675211,0.05880788233783151
0.012764148824726733,9.0,25.0,4.999900870342299,0.2852249861312224,0.2133948847709808,1.4701970584462882,0.06549059738701113,0.05880788233784427
0.012793445699726732,9.0,25.0,4.999900870342298,0.285224986130924,0.2133948847702936,1.4701970584456394,0.06549059738670482,0.05880788233782799
0.012822742574726731,9.0,25.0,4.999900870342296,0.28522498613008207,0.21339488477046503,1.4701970584457924,0.06549059738699403,0.05880788233784183
0.01285203944972673,9.0,25.0,4.9999008703423,0.2852249861303196,0.2133948847706985,1.4701970584460364,0.06549059738693053,0.05880788233783588
0.01288133632472673,9.0,25.0,4.999900870342299,0.28522498613044334,0.2133948847707649,1.4701970584460766,0.06549059738696927,0.058807882337848484
0.01291063319972673,9.0,25.0,4.999900870342299,0.28522498613030395,0.2133948847700041,1.470197058445349,0.06549059738687124,0.058807882337841406
0.012939930074726729,9.0,25.0,4.999900870342298,0.2852249861306278,0.21339488477013352,1.4701970584454314,0.06549059738697849,0.05880788233783005
0.012969226949726728,9.0,25.0,4.999900870342299,0.28522498613081854,0.21339488477087915,1.4701970584461754,0.06549059738689911,0.058807882337819466
0.012998523824726728,9.0,25.0,4.999900870342297,0.28522498613083197,0.21339488477101157,1.470197058446369,0.06549059738677976,0.05880788233783106
0.013027820699726727,9.0,25.0,4.999900870342298,0.2852249861305596,0.21339488477030724,1.4701970584456525,0.06549059738685215,0.058807882337849976
0.013057117574726726,9.0,25.0,4.999900870342298,0.2852249861310424,0.2133948847709796,1.4701970584462725,0.06549059738683205,0.05880788233782646
0.013086414449726726,9.0,25.0,4.9999008703423,0.2852249861304638,0.2133948847702265,1.470197058445578,0.06549059738693264,0.0588078823378509
0.013115711324726725,9.0,25.0,4.999900870342298,0.28522498613030617,0.21339488477092683,1.4701970584462434,0.06549059738692564,0.05880788233783241
0.013145008199726724,9.0,25.0,4.999900870342298,0.28522498613082553,0.21339488477065255,1.4701970584459874,0.06549059738676644,0.058807882337832344
0.013174305074726724,9.0,25.0,4.9999008703423,0.2852249861303985,0.21339488477075952,1.4701970584461017,0.06549059738684038,0.0588078823378364
0.013203601949726723,9.0,25.0,4.999900870342299,0.28522498613042674,0.2133948847704759,1.4701970584458088,0.06549059738686736,0.05880788233784122
0.013232898824726723,9.0,25.0,4.999900870342298,0.28522498613012054,0.2133948847703339,1.4701970584456712,0.06549059738677476,0.05880788233782288
0.013262195699726722,9.0,25.0,4.999900870342299,0.28522498613079533,0.2133948847706311,1.4701970584459572,0.06549059738711827,0.05880788233785257
0.013291492574726721,9.0,25.0,4.999900870342298,0.2852249861306005,0.21339488477087715,1.4701970584462014,0.0654905973867802,0.05880788233782547
0.01332078944972672,9.0,25.0,4.9999008703423,0.28522498613038066,0.21339488477028776,1.470197058445597,0.06549059738695417,0.058807882337853404
0.01335008632472672,9.0,25.0,4.9999008703423,0.2852249861306468,0.21339488477087187,1.47019705844616,0.0654905973869837,0.05880788233783923
0.01337938319972672,9.0,25.0,4.9999008703423,0.28522498613065567,0.21339488477051846,1.4701970584458361,0.06549059738664509,0.05880788233781724
0.013408680074726719,9.0,25.0,4.9999008703423,0.2852249861306312,0.21339488477000434,1.4701970584453206,0.06549059738667051,0.058807882337813394
0.013437976949726718,9.0,25.0,4.999900870342299,0.28522498613047254,0.21339488477008353,1.470197058445393,0.06549059738708596,0.05880788233783877
0.013467273824726718,9.0,25.0,4.999900870342296,0.28522498613077596,0.2133948847703934,1.4701970584457198,0.06549059738706642,0.05880788233783563
0.013496570699726717,9.0,25.0,4.999900870342297,0.28522498613061736,0.21339488477041138,1.470197058445747,0.06549059738693441,0.058807882337832997
0.013525867574726716,9.0,25.0,4.999900870342299,0.28522498613073366,0.21339488477085192,1.4701970584461592,0.06549059738707319,0.05880788233785095
0.013555164449726716,9.0,25.0,4.999900870342302,0.2852249861305221,0.21339488477031632,1.4701970584456607,0.06549059738675633,0.05880788233783081
0.013584461324726715,9.0,25.0,4.999900870342298,0.28522498613086117,0.21339488477017723,1.4701970584455062,0.06549059738689411,0.058807882337831886
0.013613758199726714,9.0,25.0,4.999900870342299,0.28522498613037217,0.21339488477028815,1.470197058445611,0.06549059738718832,0.0588078823378542
0.013643055074726714,9.0,25.0,4.999900870342302,0.2852249861307945,0.21339488477032043,1.4701970584456445,0.0654905973869907,0.058807882337835765
0.013672351949726713,9.0,25.0,4.9999008703423,0.28522498613090547,0.21339488477047616,1.4701970584458133,0.06549059738697072,0.05880788233783583
0.013701648824726713,9.0,25.0,4.999900870342299,0.2852249861306639,0.21339488477067306,1.4701970584459947,0.06549059738684715,0.05880788233782866
0.013730945699726712,9.0,25.0,4.999900870342299,0.28522498613026803,0.21339488477045293,1.4701970584457644,0.0654905973869041,0.058807882337841295
0.013760242574726711,9.0,25.0,4.999900870342299,0.28522498613055564,0.21339488477027166,1.4701970584455943,0.06549059738694141,0.058807882337838964
0.01378953944972671,9.0,25.0,4.999900870342301,0.2852249861304481,0.21339488477064994,1.4701970584459556,0.06549059738706842,0.058807882337845147
0.01381883632472671,9.0,25.0,4.999900870342302,0.28522498613074565,0.21339488477010443,1.470197058445448,0.06549059738678353,0.05880788233782551
0.01384813319972671,9.0,25.0,4.999900870342299,0.28522498613047476,0.21339488477045002,1.4701970584457602,0.06549059738681429,0.05880788233781544
0.013877430074726709,9.0,25.0,4.9999008703423,0.2852249861306781,0.21339488477085747,1.470197058446168,0.06549059738684215,0.05880788233782491
0.013906726949726708,9.0,25.0,4.9999008703423,0.2852249861303225,0.21339488477037602,1.4701970584457453,0.06549059738676188,0.058807882337831255
0.013936023824726708,9.0,25.0,4.999900870342299,0.28522498613056985,0.2133948847704253,1.4701970584457629,0.06549059738668506,0.058807882337812804
0.013965320699726707,9.0,25.0,4.999900870342298,0.2852249861305508,0.21339488477006377,1.470197058445395,0.06549059738697982,0.05880788233784103
0.013994617574726706,9.0,25.0,4.999900870342296,0.2852249861302785,0.21339488477052426,1.470197058445822,0.06549059738695706,0.058807882337827064
0.014023914449726706,9.0,25.0,4.999900870342299,0.28522498613079666,0.21339488477051854,1.4701970584458444,0.0654905973869202,0.058807882337834454
0.014053211324726705,9.0,25.0,4.999900870342298,0.28522498613031616,0.21339488477075694,1.4701970584460717,0.0654905973869857,0.05880788233784506
0.014082508199726704,9.0,25.0,4.999900870342302,0.2852249861310367,0.2133948847706115,1.4701970584459443,0.06549059738686025,0.0588078823378393
0.014111805074726704,9.0,25.0,4.999900870342299,0.2852249861304999,0.21339488477099738,1.4701970584463178,0.06549059738687635,0.058807882337838124
0.014141101949726703,9.0,25.0,4.999900870342301,0.2852249861307432,0.21339488477047577,1.4701970584458075,0.0654905973865979,0.05880788233781958
0.014170398824726703,9.0,25.0,4.999900870342298,0.28522498613093533,0.2133948847702556,1.4701970584455577,0.0654905973868829,0.0588078823378356
0.014199695699726702,9.0,25.0,4.999900870342298,0.285224986130823,0.21339488477080185,1.4701970584461135,0.06549059738707375,0.05880788233784433
0.014228992574726701,9.0,25.0,4.999900870342298,0.28522498613116487,0.21339488477048701,1.4701970584458335,0.0654905973869424,0.05880788233784637
0.0142582894497267,9.0,25.0,4.999900870342298,0.28522498613061575,0.21339488477034899,1.4701970584456618,0.06549059738687724,0.05880788233783488
0.0142875863247267,9.0,25.0,4.9999008703423,0.28522498613050506,0.21339488477069238,1.4701970584459974,0.06549059738688079,0.05880788233782818
0.0143168831997267,9.0,25.0,4.9999008703423,0.2852249861306891,0.21339488477068413,1.4701970584460151,0.06549059738683338,0.05880788233783237
0.014346180074726699,9.0,25.0,4.999900870342299,0.2852249861304642,0.21339488477042645,1.4701970584457646,0.06549059738671714,0.05880788233782311
0.014375476949726698,9.0,25.0,4.999900870342298,0.2852249861309123,0.2133948847705016,1.4701970584458053,0.06549059738714325,0.058807882337859906
0.014404773824726698,9.0,25.0,4.999900870342298,0.2852249861302679,0.21339488477044663,1.470197058445768,0.06549059738682106,0.058807882337825704
0.014434070699726697,9.0,25.0,4.999900870342299,0.2852249861305898,0.2133948847704217,1.470197058445729,0.06549059738692042,0.0588078823378352
0.014463367574726696,9.0,25.0,4.999900870342298,0.2852249861302869,0.2133948847704004,1.470197058445718,0.06549059738685803,0.05880788233782741
0.014492664449726696,9.0,25.0,4.999900870342299,0.28522498613066005,0.21339488477056132,1.470197058445902,0.06549059738682794,0.05880788233782378
0.014521961324726695,9.0,25.0,4.999900870342299,0.2852249861307654,0.213394884770362,1.4701970584457087,0.06549059738683394,0.05880788233783015
0.014551258199726694,9.0,25.0,4.999900870342298,0.28522498613076974,0.21339488477059812,1.4701970584459225,0.06549059738703045,0.05880788233784584
0.014580555074726694,9.0,25.0,4.999900870342298,0.28522498613054337,0.21339488477075702,1.470197058446089,0.0654905973867832,0.058807882337825385
0.014609851949726693,9.0,25.0,4.9999008703423,0.2852249861302951,0.21339488477045643,1.4701970584457806,0.06549059738676266,0.05880788233782973
0.014639148824726693,9.0,25.0,4.999900870342301,0.28522498613054204,0.21339488477058985,1.4701970584458994,0.06549059738690999,0.05880788233783652
0.014668445699726692,9.0,25.0,4.999900870342301,0.28522498613066377,0.21339488477110946,1.4701970584464183,0.06549059738684304,0.05880788233783103
0.014697742574726691,9.0,25.0,4.9999008703423,0.2852249861308528,0.21339488477025131,1.4701970584456021,0.06549059738673746,0.0588078823378369
0.01472703944972669,9.0,25.0,4.999900870342298,0.2852249861303049,0.21339488477023522,1.4701970584455446,0.06549059738690965,0.05880788233783285
0.01475633632472669,9.0,25.0,4.999900870342298,0.2852249861306168,0.21339488477041052,1.470197058445735,0.06549059738681307,0.05880788233781547
0.01478563319972669,9.0,25.0,4.999900870342298,0.28522498613059943,0.21339488477112162,1.470197058446449,0.06549059738692597,0.058807882337832844
0.014814930074726689,9.0,25.0,4.9999008703423,0.28522498613046743,0.2133948847705659,1.4701970584458977,0.06549059738671748,0.05880788233783518
0.014844226949726688,9.0,25.0,4.999900870342298,0.2852249861302718,0.2133948847701111,1.4701970584454205,0.06549059738696528,0.05880788233784856
0.014873523824726688,9.0,25.0,4.9999008703423,0.28522498613069763,0.21339488477023272,1.47019705844557,0.06549059738698126,0.058807882337831296
0.014902820699726687,9.0,25.0,4.9999008703423,0.2852249861300288,0.2133948847706215,1.4701970584459436,0.06549059738684837,0.05880788233781866
0.014932117574726686,9.0,25.0,4.999900870342298,0.28522498613081015,0.21339488477117224,1.4701970584465078,0.06549059738690188,0.05880788233783742
0.014961414449726686,9.0,25.0,4.9999008703423,0.2852249861307298,0.21339488477085014,1.4701970584461888,0.06549059738665441,0.05880788233783208
0.014990711324726685,9.0,25.0,4.9999008703423,0.28522498613097985,0.21339488477037102,1.4701970584457076,0.06549059738664598,0.05880788233782461
0.015020008199726684,9.0,25.0,4.999900870342298,0.2852249861307622,0.21339488477032514,1.4701970584456432,0.06549059738693164,0.05880788233783663
0.015049305074726684,9.0,25.0,4.999900870342298,0.28522498613068625,0.21339488477053475,1.4701970584458737,0.06549059738689522,0.05880788233782729
0.015078601949726683,9.0,25.0,4.9999008703423,0.2852249861303876,0.21339488477096408,1.470197058446294,0.06549059738693719,0.05880788233783885
0.015107898824726683,9.0,25.0,4.999900870342299,0.2852249861306533,0.21339488477044227,1.470197058445779,0.0654905973869494,0.05880788233785531
0.015137195699726682,9.0,25.0,4.9999008703423,0.2852249861307156,0.213394884770254,1.4701970584455655,0.06549059738690166,0.05880788233783704
0.015166492574726681,9.0,25.0,4.999900870342299,0.2852249861311134,0.21339488477093702,1.4701970584462245,0.06549059738701835,0.05880788233783887
0.01519578944972668,9.0,25.0,4.9999008703423,0.2852249861302451,0.21339488477062632,1.470197058445962,0.06549059738686636,0.05880788233784204
0.01522508632472668,9.0,25.0,4.999900870342298,0.2852249861309122,0.21339488477064594,1.4701970584459625,0.0654905973868859,0.05880788233784053
0.01525438319972668,9.0,25.0,4.9999008703423,0.2852249861306553,0.21339488477042615,1.47019705844576,0.06549059738690377,0.058807882337840685
0.015283680074726679,9.0,25.0,4.999900870342298,0.2852249861306617,0.21339488477057444,1.4701970584458717,0.06549059738694407,0.05880788233783821
0.015312976949726678,9.0,25.0,4.999900870342299,0.2852249861307563,0.21339488477066393,1.4701970584459945,0.0654905973869081,0.05880788233783671
0.015342273824726678,9.0,25.0,4.999900870342301,0.28522498613061326,0.213394884770442,1.4701970584457658,0.06549059738671259,0.058807882337821006
0.015371570699726677,9.0,25.0,4.999900870342301,0.2852249861309456,0.21339488477054827,1.4701970584458828,0.06549059738705998,0.05880788233785106
0.015400867574726676,9.0,25.0,4.999900870342298,0.28522498613050473,0.2133948847708038,1.4701970584461255,0.06549059738692187,0.05880788233783874
0.015430164449726676,9.0,25.0,4.999900870342299,0.28522498613049213,0.2133948847709487,1.4701970584463038,0.06549059738699381,0.058807882337854556
0.015459461324726675,9.0,25.0,4.999900870342298,0.2852249861307436,0.21339488477054885,1.4701970584458752,0.06549059738681906,0.05880788233784348
0.015488758199726674,9.0,25.0,4.999900870342299,0.2852249861306841,0.21339488477044066,1.4701970584457633,0.06549059738685725,0.05880788233783503
0.015518055074726674,9.0,25.0,4.999900870342299,0.2852249861303881,0.2133948847709759,1.4701970584462936,0.06549059738692242,0.05880788233783525
0.015547351949726673,9.0,25.0,4.999900870342298,0.2852249861308726,0.21339488477090823,1.4701970584462296,0.06549059738675223,0.05880788233783333
0.015576648824726673,9.0,25.0,4.9999008703423,0.2852249861306686,0.2133948847705223,1.4701970584458475,0.06549059738702678,0.05880788233786377
0.015605945699726672,9.0,25.0,4.999900870342299,0.2852249861307361,0.2133948847706223,1.4701970584459305,0.06549059738682972,0.058807882337830776
0.015635242574726673,9.0,25.0,4.999900870342299,0.2852249861302264,0.21339488477034446,1.4701970584456927,0.06549059738682717,0.058807882337830276
0.015664539449726674,9.0,25.0,4.9999008703423,0.2852249861306122,0.21339488477015112,1.4701970584454718,0.0654905973868587,0.058807882337826814
0.015693836324726675,9.0,25.0,4.9999008703423,0.2852249861303368,0.2133948847703317,1.470197058445641,0.06549059738712504,0.05880788233784655
0.015723133199726676,9.0,25.0,4.9999008703423,0.28522498613073227,0.21339488477053145,1.4701970584458626,0.0654905973868325,0.05880788233782013
0.015752430074726678,9.0,25.0,4.999900870342298,0.28522498613054587,0.21339488477061447,1.4701970584459583,0.06549059738686802,0.05880788233783219
0.01578172694972668,9.0,25.0,4.999900870342298,0.28522498613071123,0.21339488477067456,1.4701970584459962,0.06549059738687646,0.058807882337837646
0.01581102382472668,9.0,25.0,4.999900870342299,0.2852249861305817,0.2133948847705782,1.470197058445898,0.06549059738683183,0.05880788233783453
0.01584032069972668,9.0,25.0,4.999900870342301,0.2852249861309424,0.21339488477087265,1.4701970584461732,0.06549059738690022,0.0588078823378385
0.015869617574726682,9.0,25.0,4.999900870342298,0.2852249861306696,0.21339488477088683,1.4701970584462316,0.06549059738670737,0.0588078823378261
0.015898914449726683,9.0,25.0,4.999900870342301,0.285224986130314,0.21339488477032875,1.470197058445668,0.06549059738690133,0.058807882337849886
0.015928211324726684,9.0,25.0,4.999900870342299,0.28522498613055897,0.2133948847707789,1.470197058446088,0.0654905973868316,0.0588078823378253
0.015957508199726685,9.0,25.0,4.999900870342301,0.28522498613053715,0.2133948847705933,1.4701970584459498,0.06549059738682661,0.05880788233783405
0.015986805074726686,9.0,25.0,4.9999008703423,0.2852249861302635,0.21339488477025476,1.4701970584455792,0.06549059738669727,0.05880788233781913
0.016016101949726688,9.0,25.0,4.9999008703423,0.2852249861305049,0.21339488477062582,1.4701970584459467,0.06549059738705343,0.05880788233784413
0.01604539882472669,9.0,25.0,4.999900870342298,0.28522498613062996,0.21339488477029367,1.470197058445632,0.06549059738681828,0.05880788233782859
0.01607469569972669,9.0,25.0,4.999900870342298,0.28522498613056935,0.2133948847706197,1.470197058445924,0.06549059738685681,0.05880788233782537
0.01610399257472669,9.0,25.0,4.999900870342297,0.2852249861303165,0.21339488477058843,1.4701970584459219,0.06549059738680318,0.058807882337827064
0.016133289449726692,9.0,25.0,4.999900870342299,0.28522498613092606,0.21339488477012192,1.4701970584454633,0.06549059738669116,0.058807882337817106
0.016162586324726693,9.0,25.0,4.9999008703423,0.285224986130521,0.21339488477050148,1.470197058445808,0.06549059738713492,0.05880788233784914
0.016191883199726694,9.0,25.0,4.999900870342301,0.2852249861305868,0.21339488477062477,1.4701970584459685,0.06549059738689755,0.05880788233783201
0.016221180074726695,9.0,25.0,4.999900870342297,0.28522498613017305,0.21339488477035085,1.4701970584456754,0.06549059738700691,0.05880788233785082
0.016250476949726696,9.0,25.0,4.999900870342298,0.2852249861309073,0.2133948847707946,1.470197058446104,0.06549059738700036,0.058807882337842225
0.016279773824726698,9.0,25.0,4.999900870342301,0.28522498613025143,0.21339488477110508,1.4701970584464354,0.06549059738695162,0.05880788233784836
0.0163090706997267,9.0,25.0,4.999900870342298,0.28522498613069963,0.21339488477073457,1.4701970584460855,0.06549059738682872,0.058807882337848505
0.0163383675747267,9.0,25.0,4.999900870342298,0.28522498613066155,0.21339488477020996,1.470197058445522,0.06549059738678942,0.05880788233783548
0.0163676644497267,9.0,25.0,4.999900870342301,0.28522498613091113,0.2133948847705527,1.4701970584458766,0.06549059738696283,0.05880788233783327
0.016396961324726702,9.0,25.0,4.999900870342299,0.28522498613031955,0.2133948847702246,1.4701970584455553,0.06549059738698804,0.05880788233784316
0.016426258199726703,9.0,25.0,4.999900870342298,0.28522498613064345,0.2133948847708944,1.4701970584462027,0.06549059738691376,0.05880788233782821
0.016455555074726704,9.0,25.0,4.9999008703423,0.28522498613068836,0.21339488477052254,1.4701970584458588,0.06549059738706853,0.05880788233786298
0.016484851949726705,9.0,25.0,4.999900870342299,0.28522498613022645,0.21339488477071272,1.4701970584460229,0.06549059738707486,0.05880788233785711
0.016514148824726706,9.0,25.0,4.999900870342299,0.285224986130755,0.21339488477066249,1.470197058445989,0.06549059738678709,0.0588078823378298
0.016543445699726708,9.0,25.0,4.999900870342299,0.2852249861308877,0.21339488477075969,1.470197058446108,0.0654905973868789,0.05880788233783901
0.01657274257472671,9.0,25.0,4.9999008703423,0.2852249861303964,0.21339488477076102,1.4701970584460906,0.06549059738689711,0.05880788233784442
0.01660203944972671,9.0,25.0,4.999900870342299,0.2852249861306234,0.21339488477028945,1.4701970584456148,0.06549059738686414,0.05880788233784113
0.01663133632472671,9.0,25.0,4.999900870342298,0.28522498613026037,0.21339488477037977,1.4701970584457031,0.06549059738702367,0.05880788233784275
0.016660633199726712,9.0,25.0,4.999900870342301,0.28522498613064035,0.21339488477059496,1.4701970584458974,0.06549059738690977,0.058807882337830526
0.016689930074726713,9.0,25.0,4.999900870342299,0.2852249861311649,0.21339488477090315,1.4701970584462434,0.06549059738673346,0.05880788233781903
0.016719226949726714,9.0,25.0,4.999900870342298,0.28522498613068653,0.21339488477032528,1.4701970584456625,0.06549059738669738,0.05880788233782769
0.016748523824726715,9.0,25.0,4.999900870342298,0.285224986130556,0.21339488477078866,1.4701970584460988,0.06549059738697904,0.05880788233784113
0.016777820699726716,9.0,25.0,4.999900870342299,0.2852249861306697,0.21339488477065183,1.47019705844598,0.0654905973868799,0.05880788233784029
0.016807117574726717,9.0,25.0,4.999900870342297,0.28522498613022573,0.21339488477013782,1.4701970584454789,0.06549059738672625,0.05880788233782325
0.01683641444972672,9.0,25.0,4.999900870342298,0.2852249861307637,0.2133948847706393,1.470197058445938,0.06549059738699137,0.0588078823378347
0.01686571132472672,9.0,25.0,4.999900870342298,0.2852249861305994,0.2133948847706859,1.470197058446029,0.06549059738697116,0.0588078823378436
0.01689500819972672,9.0,25.0,4.999900870342302,0.2852249861306615,0.2133948847700177,1.4701970584453345,0.06549059738680107,0.05880788233783192
0.016924305074726722,9.0,25.0,4.999900870342298,0.28522498613016933,0.21339488477064936,1.4701970584459414,0.06549059738715457,0.05880788233784795
0.016953601949726723,9.0,25.0,4.999900870342299,0.2852249861308608,0.213394884770148,1.4701970584455006,0.06549059738673213,0.05880788233781807
0.016982898824726724,9.0,25.0,4.999900870342299,0.28522498613039876,0.21339488477085325,1.4701970584461526,0.0654905973869283,0.05880788233782886
0.017012195699726725,9.0,25.0,4.999900870342299,0.28522498613101993,0.21339488477059157,1.4701970584459223,0.06549059738688945,0.05880788233784258
0.017041492574726726,9.0,25.0,4.999900870342297,0.2852249861301412,0.2133948847701574,1.4701970584454922,0.0654905973870068,0.0588078823378517
0.017070789449726727,9.0,25.0,4.999900870342299,0.28522498613064434,0.21339488477030386,1.4701970584456194,0.06549059738690555,0.05880788233782609
0.01710008632472673,9.0,25.0,4.999900870342301,0.28522498613064234,0.21339488477087026,1.4701970584461728,0.06549059738684238,0.05880788233782038
0.01712938319972673,9.0,25.0,4.999900870342302,0.28522498613075326,0.21339488477063892,1.4701970584459798,0.06549059738703455,0.058807882337858795
0.01715868007472673,9.0,25.0,4.999900870342299,0.2852249861305688,0.21339488477034751,1.4701970584456778,0.06549059738672514,0.058807882337824344
0.017187976949726732,9.0,25.0,4.999900870342299,0.2852249861303531,0.21339488477026927,1.4701970584455877,0.0654905973869857,0.05880788233784061
0.017217273824726733,9.0,25.0,4.999900870342298,0.28522498613039754,0.21339488477037255,1.4701970584457122,0.06549059738698093,0.05880788233783494
0.017246570699726734,9.0,25.0,4.9999008703423,0.2852249861305792,0.21339488477054155,1.470197058445905,0.06549059738692353,0.05880788233783244
0.017275867574726735,9.0,25.0,4.999900870342297,0.285224986131374,0.2133948847705551,1.4701970584458939,0.06549059738690988,0.058807882337838215
0.017305164449726736,9.0,25.0,4.9999008703423,0.2852249861306415,0.2133948847702441,1.470197058445561,0.06549059738690055,0.05880788233783824
0.017334461324726737,9.0,25.0,4.9999008703423,0.2852249861305248,0.2133948847704283,1.47019705844574,0.06549059738710106,0.05880788233784854
0.01736375819972674,9.0,25.0,4.999900870342298,0.28522498613027397,0.21339488477077204,1.4701970584460986,0.06549059738700824,0.05880788233784208
0.01739305507472674,9.0,25.0,4.999900870342298,0.2852249861307266,0.2133948847708508,1.4701970584461628,0.06549059738708352,0.05880788233786241
0.01742235194972674,9.0,25.0,4.9999008703423,0.28522498613029995,0.21339488477040944,1.4701970584457453,0.06549059738672225,0.05880788233782914
0.017451648824726742,9.0,25.0,4.999900870342298,0.28522498613052755,0.21339488477054522,1.4701970584458552,0.06549059738683738,0.05880788233782826
0.017480945699726743,9.0,25.0,4.999900870342298,0.28522498613045927,0.2133948847707617,1.4701970584460806,0.06549059738680008,0.05880788233782473
0.017510242574726744,9.0,25.0,4.999900870342297,0.2852249861305411,0.21339488477065927,1.4701970584459914,0.06549059738693852,0.058807882337846965
0.017539539449726745,9.0,25.0,4.9999008703423025,0.2852249861306243,0.21339488477021798,1.4701970584455508,0.06549059738685337,0.05880788233783699
0.017568836324726746,9.0,25.0,4.999900870342298,0.2852249861304915,0.213394884770662,1.4701970584460071,0.0654905973870683,0.058807882337845035
0.017598133199726747,9.0,25.0,4.999900870342299,0.2852249861305308,0.213394884770485,1.4701970584458295,0.06549059738685425,0.05880788233783397
0.01762743007472675,9.0,25.0,4.999900870342299,0.2852249861308378,0.21339488477108937,1.470197058446408,0.06549059738675755,0.05880788233782151
0.01765672694972675,9.0,25.0,4.9999008703423,0.28522498613086483,0.21339488477018626,1.470197058445533,0.06549059738680241,0.05880788233784326
0.01768602382472675,9.0,25.0,4.999900870342299,0.28522498613067726,0.21339488477072627,1.4701970584460324,0.06549059738679308,0.05880788233781849
0.017715320699726752,9.0,25.0,4.999900870342299,0.2852249861306651,0.21339488477074361,1.4701970584460662,0.06549059738703822,0.05880788233785379
0.017744617574726753,9.0,25.0,4.999900870342297,0.28522498613074293,0.21339488477080265,1.4701970584461426,0.06549059738689822,0.058807882337843405
0.017773914449726754,9.0,25.0,4.999900870342299,0.2852249861303849,0.21339488477021637,1.4701970584455448,0.06549059738683427,0.05880788233783966
0.017803211324726755,9.0,25.0,4.9999008703423,0.2852249861305652,0.21339488477072988,1.4701970584460335,0.06549059738691143,0.058807882337829326
0.017832508199726756,9.0,25.0,4.999900870342299,0.28522498613035074,0.2133948847700567,1.4701970584453965,0.06549059738673357,0.05880788233782202
0.017861805074726757,9.0,25.0,4.999900870342298,0.2852249861308298,0.21339488477021273,1.4701970584455133,0.06549059738691099,0.058807882337824025
0.01789110194972676,9.0,25.0,4.999900870342301,0.2852249861307835,0.21339488477033097,1.470197058445641,0.06549059738704777,0.05880788233783819
0.01792039882472676,9.0,25.0,4.999900870342299,0.2852249861303451,0.2133948847708497,1.47019705844617,0.06549059738701479,0.058807882337839644
0.01794969569972676,9.0,25.0,4.999900870342298,0.28522498613059205,0.2133948847704794,1.4701970584458373,0.06549059738690888,0.05880788233784629
0.017978992574726762,9.0,25.0,4.999900870342297,0.28522498613084235,0.21339488477101112,1.4701970584463333,0.06549059738685237,0.05880788233783334
0.018008289449726763,9.0,25.0,4.999900870342301,0.2852249861304719,0.21339488477033414,1.4701970584456852,0.06549059738671514,0.05880788233783189
0.018037586324726764,9.0,25.0,4.999900870342298,0.28522498613087427,0.21339488477077226,1.4701970584460784,0.06549059738676155,0.05880788233781927
0.018066883199726765,9.0,25.0,4.999900870342299,0.2852249861305242,0.2133948847708511,1.4701970584461894,0.06549059738698304,0.05880788233785038
0.018096180074726766,9.0,25.0,4.999900870342298,0.285224986130862,0.2133948847707656,1.4701970584461017,0.06549059738685392,0.05880788233784285
0.018125476949726767,9.0,25.0,4.999900870342299,0.2852249861305063,0.21339488477055776,1.4701970584458715,0.06549059738660867,0.05880788233781544
0.01815477382472677,9.0,25.0,4.999900870342299,0.28522498613010616,0.21339488477071603,1.4701970584460262,0.06549059738688234,0.05880788233783604
0.01818407069972677,9.0,25.0,4.999900870342299,0.28522498613076486,0.213394884770446,1.4701970584457729,0.06549059738666763,0.058807882337816836
0.01821336757472677,9.0,25.0,4.999900870342299,0.2852249861308113,0.21339488477040677,1.470197058445737,0.06549059738680518,0.05880788233782446
0.018242664449726772,9.0,25.0,4.999900870342299,0.28522498613031316,0.21339488477076038,1.4701970584460955,0.06549059738686691,0.05880788233782834
0.018271961324726773,9.0,25.0,4.9999008703423,0.2852249861307468,0.21339488477027455,1.4701970584456248,0.06549059738663798,0.05880788233781552
0.018301258199726774,9.0,25.0,4.999900870342301,0.2852249861303874,0.21339488477035753,1.4701970584456976,0.06549059738688345,0.05880788233782894
0.018330555074726775,9.0,25.0,4.999900870342301,0.2852249861306605,0.21339488477056912,1.4701970584458892,0.06549059738693341,0.05880788233783334
0.018359851949726776,9.0,25.0,4.9999008703423,0.28522498613077457,0.21339488477084206,1.4701970584461643,0.06549059738685847,0.05880788233783193
0.018389148824726777,9.0,25.0,4.999900870342299,0.28522498613125336,0.21339488477065424,1.4701970584459856,0.06549059738680085,0.058807882337835994
0.01841844569972678,9.0,25.0,4.999900870342298,0.28522498613032377,0.21339488477065313,1.4701970584459758,0.06549059738692775,0.05880788233784535
0.01844774257472678,9.0,25.0,4.999900870342298,0.28522498613075814,0.21339488477077959,1.4701970584461181,0.06549059738691798,0.058807882337842524
0.01847703944972678,9.0,25.0,4.999900870342301,0.2852249861305865,0.21339488477008314,1.4701970584454256,0.06549059738675722,0.05880788233782989
0.018506336324726782,9.0,25.0,4.999900870342299,0.28522498613043124,0.21339488477030938,1.4701970584456123,0.06549059738711871,0.05880788233784699
0.018535633199726783,9.0,25.0,4.999900870342298,0.2852249861304872,0.2133948847705677,1.4701970584458957,0.06549059738693352,0.0588078823378291
0.018564930074726784,9.0,25.0,4.999900870342298,0.2852249861309235,0.21339488477068622,1.470197058446016,0.0654905973868054,0.05880788233782608
0.018594226949726785,9.0,25.0,4.999900870342298,0.28522498613036207,0.21339488477055774,1.4701970584458914,0.06549059738683194,0.058807882337834905
0.018623523824726786,9.0,25.0,4.999900870342298,0.2852249861304251,0.21339488477034396,1.4701970584456538,0.06549059738692853,0.05880788233784174
0.018652820699726787,9.0,25.0,4.999900870342298,0.2852249861310415,0.21339488477080823,1.4701970584461328,0.06549059738704976,0.05880788233784581
0.01868211757472679,9.0,25.0,4.999900870342297,0.2852249861304527,0.21339488477058427,1.47019705844592,0.06549059738691443,0.05880788233784494
0.01871141444972679,9.0,25.0,4.999900870342298,0.28522498613082875,0.21339488477046223,1.4701970584457749,0.06549059738682439,0.05880788233783214
0.01874071132472679,9.0,25.0,4.999900870342301,0.2852249861302532,0.2133948847706256,1.4701970584459303,0.06549059738681695,0.05880788233782546
0.018770008199726792,9.0,25.0,4.999900870342298,0.28522498613092084,0.2133948847706171,1.4701970584459572,0.06549059738683616,0.058807882337831165
0.018799305074726793,9.0,25.0,4.999900870342299,0.2852249861304573,0.2133948847702916,1.470197058445639,0.06549059738685614,0.058807882337835224
0.018828601949726794,9.0,25.0,4.999900870342298,0.2852249861305848,0.21339488477076374,1.470197058446076,0.06549059738701724,0.05880788233784237
0.018857898824726795,9.0,25.0,4.999900870342298,0.28522498613084235,0.21339488477041418,1.4701970584457493,0.06549059738689367,0.05880788233784099
0.018887195699726796,9.0,25.0,4.999900870342299,0.28522498613050434,0.21339488477060803,1.470197058445916,0.06549059738694496,0.058807882337839054
0.018916492574726797,9.0,25.0,4.999900870342298,0.2852249861311529,0.21339488477044052,1.4701970584457902,0.06549059738693819,0.05880788233784148
0.0189457894497268,9.0,25.0,4.999900870342298,0.28522498613093816,0.2133948847706794,1.470197058445988,0.06549059738688334,0.05880788233783279
0.0189750863247268,9.0,25.0,4.999900870342299,0.28522498613047076,0.21339488477053933,1.470197058445874,0.06549059738690188,0.058807882337840164
0.0190043831997268,9.0,25.0,4.999900870342301,0.2852249861299887,0.21339488477044766,1.4701970584457718,0.06549059738685403,0.05880788233783286
0.019033680074726802,9.0,25.0,4.9999008703423,0.285224986130805,0.21339488477036772,1.4701970584456865,0.06549059738676488,0.0588078823378196
0.019062976949726803,9.0,25.0,4.999900870342298,0.2852249861303937,0.2133948847704751,1.4701970584458062,0.06549059738704699,0.05880788233784569
0.019092273824726804,9.0,25.0,4.999900870342298,0.285224986130532,0.21339488477057017,1.4701970584459143,0.06549059738694607,0.05880788233783844
0.019121570699726805,9.0,25.0,4.999900870342298,0.28522498613041297,0.21339488477024732,1.470197058445587,0.06549059738693763,0.05880788233784188
0.019150867574726806,9.0,25.0,4.999900870342298,0.28522498613096253,0.2133948847708837,1.4701970584461954,0.06549059738700114,0.05880788233783904
0.019180164449726807,9.0,25.0,4.999900870342299,0.28522498613045294,0.21339488477089222,1.4701970584462223,0.06549059738678087,0.058807882337832795
0.01920946132472681,9.0,25.0,4.999900870342299,0.28522498613066966,0.21339488477105123,1.4701970584463704,0.06549059738678398,0.058807882337837854
0.01923875819972681,9.0,25.0,4.999900870342302,0.285224986130456,0.21339488477077143,1.4701970584460904,0.06549059738673957,0.05880788233783787
0.01926805507472681,9.0,25.0,4.999900870342299,0.28522498613065783,0.2133948847699761,1.4701970584452866,0.06549059738682306,0.05880788233783827
0.019297351949726812,9.0,25.0,4.9999008703423,0.28522498613082725,0.21339488477066978,1.470197058445956,0.0654905973870219,0.058807882337831865
0.019326648824726813,9.0,25.0,4.999900870342299,0.2852249861304123,0.21339488477020974,1.4701970584455524,0.06549059738698859,0.058807882337844224
0.019355945699726814,9.0,25.0,4.999900870342301,0.28522498613080655,0.2133948847712137,1.4701970584465143,0.06549059738690688,0.05880788233782808
0.019385242574726815,9.0,25.0,4.999900870342299,0.2852249861303105,0.21339488477056293,1.4701970584459207,0.0654905973867802,0.05880788233784279
0.019414539449726816,9.0,25.0,4.9999008703423,0.2852249861309448,0.21339488477069235,1.4701970584459938,0.06549059738684548,0.058807882337837056
0.019443836324726817,9.0,25.0,4.999900870342301,0.28522498613082764,0.2133948847706756,1.4701970584460256,0.06549059738687313,0.05880788233783803
0.01947313319972682,9.0,25.0,4.9999008703423,0.2852249861299757,0.2133948847705726,1.4701970584459076,0.06549059738689489,0.058807882337841275
0.01950243007472682,9.0,25.0,4.999900870342299,0.28522498613074454,0.21339488477067173,1.4701970584459945,0.06549059738701069,0.0588078823378501
0.01953172694972682,9.0,25.0,4.999900870342298,0.2852249861304192,0.21339488477056612,1.470197058445896,0.06549059738679319,0.05880788233782943
0.019561023824726822,9.0,25.0,4.999900870342298,0.28522498613050107,0.21339488477049476,1.4701970584458197,0.06549059738682328,0.058807882337830124
0.019590320699726823,9.0,25.0,4.999900870342298,0.2852249861303049,0.21339488476969756,1.4701970584450417,0.06549059738689667,0.058807882337834815
0.019619617574726824,9.0,25.0,4.999900870342298,0.28522498613067515,0.21339488477049168,1.4701970584457933,0.06549059738711083,0.058807882337832476
0.019648914449726825,9.0,25.0,4.9999008703423,0.2852249861310988,0.21339488477015317,1.4701970584454984,0.06549059738708474,0.058807882337848415
0.019678211324726826,9.0,25.0,4.999900870342299,0.2852249861306146,0.2133948847704974,1.4701970584457944,0.06549059738701102,0.05880788233783688
0.019707508199726827,9.0,25.0,4.9999008703423,0.2852249861306635,0.21339488477069238,1.4701970584460324,0.06549059738696117,0.05880788233783938
0.01973680507472683,9.0,25.0,4.999900870342299,0.285224986131129,0.21339488477125793,1.4701970584465784,0.06549059738691676,0.058807882337843766
0.01976610194972683,9.0,25.0,4.999900870342299,0.28522498613031627,0.2133948847706246,1.4701970584459614,0.06549059738658003,0.058807882337826974
0.01979539882472683,9.0,25.0,4.999900870342299,0.2852249861307294,0.2133948847700744,1.470197058445401,0.06549059738673202,0.05880788233782662
0.019824695699726832,9.0,25.0,4.999900870342298,0.2852249861304721,0.21339488477028554,1.4701970584455943,0.06549059738688745,0.05880788233782079
0.019853992574726833,9.0,25.0,4.999900870342298,0.28522498613053343,0.2133948847703642,1.4701970584457018,0.06549059738703333,0.0588078823378383
0.019883289449726834,9.0,25.0,4.999900870342301,0.2852249861302479,0.21339488477069285,1.4701970584459971,0.06549059738700691,0.05880788233784089
0.019912586324726835,9.0,25.0,4.9999008703423,0.2852249861304025,0.21339488477023766,1.470197058445599,0.0654905973867066,0.05880788233782007
0.019941883199726836,9.0,25.0,4.9999008703423,0.2852249861305501,0.2133948847701672,1.470197058445473,0.06549059738693774,0.05880788233783365
0.019971180074726837,9.0,25.0,4.999900870342299,0.2852249861305006,0.21339488477041846,1.4701970584457311,0.06549059738717744,0.05880788233785189
0.02000047694972684,9.0,25.0,4.999900870342298,0.2852249861312633,0.21339488477029564,1.4701970584456303,0.06549059738704621,0.05880788233784532
0.02002977382472684,9.0,25.0,4.999900870342299,0.2852249861308888,0.21339488477059923,1.470197058445905,0.06549059738684826,0.05880788233782351
0.02005907069972684,9.0,25.0,4.999900870342299,0.28522498613109665,0.21339488477073387,1.4701970584460682,0.06549059738676832,0.05880788233782319
0.020088367574726842,9.0,25.0,4.9999008703423,0.2852249861307382,0.213394884770754,1.470197058446093,0.06549059738671326,0.058807882337824136
0.020117664449726843,9.0,25.0,4.999900870342299,0.285224986130965,0.21339488477063573,1.4701970584459656,0.0654905973868577,0.05880788233784084
0.020146961324726844,9.0,25.0,4.999900870342301,0.285224986130572,0.21339488477052468,1.470197058445837,0.06549059738695773,0.05880788233784709
0.020176258199726845,9.0,25.0,4.9999008703423,0.2852249861312722,0.21339488477093344,1.4701970584462754,0.06549059738683405,0.05880788233782908
0.020205555074726846,9.0,25.0,4.999900870342297,0.2852249861308085,0.21339488477068339,1.4701970584460295,0.06549059738674379,0.058807882337832504
0.020234851949726847,9.0,25.0,4.999900870342298,0.28522498613047537,0.21339488477078333,1.470197058446086,0.06549059738674401,0.05880788233782781
0.02026414882472685,9.0,25.0,4.999900870342298,0.2852249861306374,0.213394884770683,1.4701970584460053,0.06549059738672225,0.05880788233782564
0.02029344569972685,9.0,25.0,4.999900870342299,0.285224986130566,0.21339488477037594,1.470197058445726,0.06549059738679974,0.058807882337831366
0.02032274257472685,9.0,25.0,4.9999008703423,0.28522498613076086,0.21339488477017493,1.4701970584455109,0.0654905973867228,0.05880788233781417
0.020352039449726852,9.0,25.0,4.9999008703423,0.28522498613048203,0.21339488477031282,1.4701970584456192,0.06549059738718366,0.058807882337853876
0.020381336324726853,9.0,25.0,4.999900870342299,0.2852249861307045,0.21339488477033458,1.470197058445667,0.06549059738695506,0.05880788233783231
0.020410633199726854,9.0,25.0,4.999900870342302,0.2852249861306742,0.21339488477067148,1.4701970584459896,0.06549059738682217,0.05880788233782107
0.020439930074726855,9.0,25.0,4.9999008703423,0.28522498613071934,0.21339488477046664,1.4701970584457875,0.06549059738680751,0.05880788233783016
0.020469226949726856,9.0,25.0,4.9999008703423,0.28522498613054986,0.2133948847705136,1.4701970584458315,0.06549059738685248,0.05880788233783053
0.020498523824726857,9.0,25.0,4.9999008703423,0.285224986131072,0.21339488477059024,1.4701970584458963,0.06549059738692864,0.05880788233783828
0.02052782069972686,9.0,25.0,4.999900870342299,0.28522498613044667,0.2133948847705366,1.4701970584458532,0.06549059738666096,0.058807882337812395
0.02055711757472686,9.0,25.0,4.999900870342298,0.2852249861305724,0.2133948847699251,1.4701970584452535,0.06549059738692187,0.058807882337838756
0.02058641444972686,9.0,25.0,4.999900870342298,0.28522498613104075,0.21339488477021124,1.470197058445514,0.0654905973871086,0.05880788233783925
0.020615711324726862,9.0,25.0,4.999900870342299,0.2852249861304843,0.21339488477067822,1.470197058445994,0.06549059738702911,0.05880788233783526
0.020645008199726863,9.0,25.0,4.999900870342302,0.28522498613051694,0.21339488477042692,1.4701970584457644,0.06549059738682272,0.05880788233783076
0.020674305074726864,9.0,25.0,4.999900870342298,0.2852249861304048,0.21339488477034682,1.4701970584456903,0.06549059738673879,0.05880788233781829
0.020703601949726865,9.0,25.0,4.999900870342299,0.2852249861307102,0.21339488477047966,1.4701970584457946,0.06549059738699126,0.05880788233784053
0.020732898824726866,9.0,25.0,4.9999008703423,0.2852249861303012,0.21339488477101481,1.4701970584463446,0.06549059738681062,0.05880788233782408
0.020762195699726867,9.0,25.0,4.999900870342299,0.28522498613079217,0.21339488477099583,1.4701970584463258,0.06549059738680252,0.058807882337841094
0.02079149257472687,9.0,25.0,4.999900870342299,0.2852249861306527,0.21339488477070861,1.4701970584460482,0.06549059738678542,0.05880788233784223
0.02082078944972687,9.0,25.0,4.9999008703423,0.2852249861306759,0.2133948847705367,1.4701970584458695,0.06549059738674001,0.0588078823378283
0.02085008632472687,9.0,25.0,4.999900870342298,0.285224986130622,0.21339488477036858,1.470197058445689,0.06549059738694796,0.0588078823378421
0.020879383199726872,9.0,25.0,4.9999008703423,0.28522498613090835,0.21339488477079377,1.4701970584461181,0.0654905973867822,0.05880788233781804
0.020908680074726873,9.0,25.0,4.999900870342299,0.2852249861307658,0.21339488477041016,1.4701970584457533,0.06549059738657981,0.05880788233780954
0.020937976949726874,9.0,25.0,4.9999008703423,0.28522498613040737,0.2133948847706292,1.4701970584459347,0.06549059738690854,0.05880788233783561
0.020967273824726875,9.0,25.0,4.9999008703423,0.2852249861308314,0.21339488477056567,1.4701970584459014,0.06549059738696306,0.05880788233784465
0.020996570699726876,9.0,25.0,4.9999008703423,0.28522498613074043,0.2133948847701069,1.4701970584454405,0.06549059738681995,0.05880788233782971
0.021025867574726877,9.0,25.0,4.999900870342298,0.2852249861306593,0.21339488477092472,1.4701970584462254,0.06549059738709728,0.05880788233784415
0.02105516444972688,9.0,25.0,4.999900870342298,0.2852249861305496,0.21339488477083937,1.470197058446179,0.06549059738690721,0.05880788233784585
0.02108446132472688,9.0,25.0,4.9999008703423,0.2852249861301107,0.21339488477032295,1.4701970584456452,0.06549059738659824,0.05880788233781737
0.02111375819972688,9.0,25.0,4.9999008703423,0.2852249861310463,0.21339488477079285,1.4701970584460966,0.06549059738696072,0.05880788233783821
0.021143055074726882,9.0,25.0,4.999900870342298,0.28522498613041986,0.2133948847709165,1.4701970584462634,0.06549059738712981,0.058807882337866
0.021172351949726883,9.0,25.0,4.9999008703423,0.2852249861309749,0.2133948847707029,1.4701970584460473,0.0654905973866664,0.0588078823378258
0.021201648824726884,9.0,25.0,4.9999008703423,0.28522498613023756,0.2133948847706301,1.470197058445943,0.06549059738677798,0.05880788233783196
0.021230945699726885,9.0,25.0,4.999900870342298,0.2852249861307795,0.2133948847709216,1.470197058446232,0.06549059738670648,0.058807882337819514
0.021260242574726886,9.0,25.0,4.999900870342299,0.28522498613086494,0.21339488477083313,1.4701970584461483,0.06549059738666152,0.05880788233782301
0.021289539449726887,9.0,25.0,4.999900870342298,0.285224986130843,0.21339488477082322,1.47019705844617,0.06549059738685259,0.05880788233784237
0.02131883632472689,9.0,25.0,4.9999008703423,0.285224986130655,0.21339488477064547,1.4701970584459763,0.06549059738683849,0.05880788233784105
0.02134813319972689,9.0,25.0,4.999900870342301,0.2852249861304439,0.213394884770081,1.4701970584454167,0.06549059738671525,0.05880788233782209
0.02137743007472689,9.0,25.0,4.9999008703423,0.28522498613057007,0.21339488477048071,1.470197058445775,0.06549059738691632,0.05880788233782438
0.021406726949726892,9.0,25.0,4.999900870342298,0.2852249861307989,0.21339488477023197,1.4701970584455497,0.06549059738687046,0.05880788233782736
0.021436023824726893,9.0,25.0,4.999900870342298,0.2852249861308354,0.21339488477034863,1.4701970584456587,0.06549059738690066,0.05880788233782632
0.021465320699726894,9.0,25.0,4.9999008703423,0.28522498613010927,0.21339488477069796,1.4701970584460404,0.06549059738698648,0.058807882337837666
0.021494617574726895,9.0,25.0,4.999900870342298,0.2852249861307221,0.21339488477075508,1.4701970584460888,0.0654905973870138,0.058807882337853126
0.021523914449726896,9.0,25.0,4.999900870342298,0.28522498613059427,0.21339488477073484,1.4701970584460562,0.06549059738690155,0.058807882337845355
0.021553211324726897,9.0,25.0,4.999900870342301,0.28522498613079383,0.2133948847707189,1.4701970584460435,0.0654905973869605,0.05880788233785048
0.0215825081997269,9.0,25.0,4.9999008703423,0.2852249861305938,0.21339488477039564,1.4701970584457198,0.06549059738697804,0.05880788233785125
0.0216118050747269,9.0,25.0,4.999900870342298,0.2852249861306306,0.21339488477035598,1.4701970584456643,0.06549059738700003,0.0588078823378432
0.0216411019497269,9.0,25.0,4.9999008703423,0.2852249861308092,0.2133948847707056,1.4701970584460333,0.06549059738687579,0.05880788233782647
0.021670398824726902,9.0,25.0,4.9999008703423,0.2852249861309138,0.2133948847706824,1.4701970584460173,0.0654905973868729,0.05880788233783758
0.021699695699726903,9.0,25.0,4.999900870342301,0.2852249861309635,0.21339488477037385,1.4701970584457096,0.06549059738692231,0.05880788233784495
0.021728992574726904,9.0,25.0,4.999900870342298,0.28522498613041714,0.21339488477026725,1.4701970584455961,0.06549059738705476,0.058807882337849
0.021758289449726905,9.0,25.0,4.999900870342298,0.28522498613072594,0.21339488477046586,1.4701970584457618,0.06549059738699314,0.05880788233783675
0.021787586324726906,9.0,25.0,4.999900870342302,0.2852249861306493,0.21339488477013566,1.470197058445459,0.06549059738692176,0.05880788233783383
0.021816883199726907,9.0,25.0,4.999900870342302,0.2852249861305425,0.21339488477072496,1.4701970584460429,0.06549059738707541,0.05880788233784185
0.02184618007472691,9.0,25.0,4.999900870342299,0.2852249861308466,0.21339488477062704,1.4701970584459803,0.06549059738674667,0.058807882337823955
0.02187547694972691,9.0,25.0,4.9999008703423,0.2852249861307761,0.21339488477077997,1.4701970584460977,0.06549059738691321,0.058807882337843155
0.02190477382472691,9.0,25.0,4.999900870342298,0.2852249861307217,0.21339488477071072,1.4701970584460233,0.06549059738675922,0.05880788233783021
0.021934070699726912,9.0,25.0,4.999900870342297,0.2852249861306635,0.21339488477042373,1.4701970584457436,0.06549059738666452,0.05880788233781831
0.021963367574726913,9.0,25.0,4.999900870342297,0.28522498613051817,0.21339488477057336,1.4701970584458894,0.0654905973868477,0.05880788233782802
0.021992664449726914,9.0,25.0,4.999900870342301,0.28522498613058295,0.2133948847700841,1.4701970584454205,0.06549059738688445,0.05880788233783456
0.022021961324726915,9.0,25.0,4.999900870342299,0.28522498613032005,0.21339488477026933,1.470197058445577,0.06549059738707408,0.0588078823378409
0.022051258199726916,9.0,25.0,4.999900870342301,0.2852249861308353,0.21339488477078458,1.4701970584461046,0.06549059738700236,0.05880788233783554
0.022080555074726917,9.0,25.0,4.999900870342298,0.2852249861305936,0.2133948847704188,1.470197058445764,0.065490597386893,0.05880788233784182
0.02210985194972692,9.0,25.0,4.999900870342297,0.2852249861308712,0.21339488477099613,1.470197058446326,0.06549059738701957,0.05880788233784807
0.02213914882472692,9.0,25.0,4.999900870342302,0.2852249861304291,0.21339488477073495,1.4701970584460626,0.06549059738686269,0.05880788233784673
0.02216844569972692,9.0,25.0,4.9999008703423,0.2852249861304665,0.21339488477066784,1.4701970584459985,0.0654905973868064,0.058807882337835835
0.022197742574726922,9.0,25.0,4.999900870342298,0.28522498613042707,0.2133948847702943,1.4701970584456183,0.06549059738700025,0.05880788233785217
0.022227039449726923,9.0,25.0,4.9999008703423,0.2852249861308256,0.2133948847709752,1.4701970584462765,0.06549059738688967,0.05880788233782806
0.022256336324726924,9.0,25.0,4.999900870342299,0.28522498613063973,0.2133948847709342,1.4701970584462805,0.06549059738673513,0.05880788233783019
0.022285633199726925,9.0,25.0,4.999900870342298,0.2852249861300144,0.21339488477057514,1.4701970584458945,0.06549059738680219,0.058807882337841844
0.022314930074726926,9.0,25.0,4.999900870342299,0.2852249861310685,0.2133948847708251,1.4701970584461574,0.06549059738693919,0.05880788233784412
0.022344226949726927,9.0,25.0,4.999900870342299,0.2852249861305036,0.2133948847704757,1.4701970584457795,0.06549059738685115,0.05880788233784018
0.02237352382472693,9.0,25.0,4.999900870342299,0.28522498613052777,0.21339488477030585,1.4701970584456392,0.06549059738684782,0.05880788233782973
0.02240282069972693,9.0,25.0,4.999900870342298,0.28522498613098857,0.21339488477062085,1.4701970584459316,0.06549059738687779,0.0588078823378263
0.02243211757472693,9.0,25.0,4.999900870342298,0.28522498613044184,0.2133948847703427,1.4701970584456852,0.06549059738676133,0.058807882337822505
0.022461414449726932,9.0,25.0,4.999900870342299,0.28522498613088565,0.21339488477099297,1.4701970584462976,0.06549059738691565,0.058807882337833156
0.022490711324726933,9.0,25.0,4.999900870342298,0.28522498613060004,0.2133948847706268,1.470197058445961,0.06549059738670715,0.05880788233782901
0.022520008199726934,9.0,25.0,4.999900870342299,0.28522498613033676,0.2133948847705308,1.4701970584458655,0.06549059738688534,0.0588078823378409
0.022549305074726935,9.0,25.0,4.999900870342298,0.28522498613067193,0.21339488477063737,1.4701970584459536,0.06549059738677232,0.05880788233782375
0.022578601949726936,9.0,25.0,4.9999008703423,0.28522498613028996,0.21339488477087667,1.4701970584461954,0.06549059738688578,0.05880788233783742
0.022607898824726937,9.0,25.0,4.999900870342301,0.28522498613085934,0.21339488477073268,1.4701970584460633,0.06549059738661211,0.058807882337817134
0.02263719569972694,9.0,25.0,4.999900870342298,0.2852249861305876,0.21339488477052837,1.4701970584458686,0.06549059738679175,0.05880788233783341
0.02266649257472694,9.0,25.0,4.999900870342299,0.2852249861306731,0.21339488477054158,1.470197058445866,0.06549059738693541,0.05880788233784134
0.02269578944972694,9.0,25.0,4.999900870342297,0.285224986130555,0.21339488477090196,1.470197058446225,0.06549059738678298,0.058807882337823913
0.022725086324726942,9.0,25.0,4.999900870342299,0.28522498613054525,0.21339488477083218,1.4701970584461739,0.06549059738686092,0.058807882337843405
0.022754383199726943,9.0,25.0,4.999900870342299,0.2852249861307626,0.21339488477072316,1.4701970584460347,0.06549059738673535,0.058807882337831206
0.022783680074726944,9.0,25.0,4.999900870342298,0.28522498613075525,0.21339488477056495,1.4701970584459072,0.06549059738682328,0.058807882337835564
0.022812976949726945,9.0,25.0,4.999900870342298,0.2852249861307181,0.21339488477041962,1.4701970584457404,0.06549059738686225,0.05880788233783444
0.022842273824726946,9.0,25.0,4.9999008703423,0.2852249861305852,0.21339488477007418,1.4701970584453914,0.06549059738684604,0.05880788233782678
0.022871570699726947,9.0,25.0,4.999900870342299,0.28522498613044583,0.21339488477019514,1.4701970584455155,0.06549059738698337,0.05880788233782941
0.02290086757472695,9.0,25.0,4.999900870342298,0.2852249861308142,0.21339488477031332,1.4701970584456376,0.06549059738709118,0.05880788233784265
0.02293016444972695,9.0,25.0,4.9999008703423025,0.28522498613035374,0.2133948847700316,1.4701970584453707,0.06549059738688734,0.05880788233782641
0.02295946132472695,9.0,25.0,4.999900870342298,0.2852249861304778,0.2133948847710943,1.470197058446384,0.06549059738689889,0.0588078823378204
0.022988758199726952,9.0,25.0,4.999900870342298,0.2852249861304345,0.21339488477098023,1.4701970584463269,0.06549059738688678,0.058807882337848984
0.023018055074726953,9.0,25.0,4.999900870342299,0.28522498613067104,0.21339488477106228,1.4701970584463844,0.06549059738673635,0.05880788233783789
0.023047351949726954,9.0,25.0,4.9999008703423,0.2852249861303026,0.2133948847710218,1.4701970584463497,0.06549059738677498,0.05880788233784287
0.023076648824726955,9.0,25.0,4.999900870342298,0.28522498613045516,0.21339488477053614,1.4701970584458752,0.06549059738657781,0.05880788233782067
0.023105945699726956,9.0,25.0,4.999900870342298,0.28522498613074876,0.21339488477063626,1.4701970584459576,0.06549059738694374,0.05880788233784351
0.023135242574726957,9.0,25.0,4.999900870342298,0.2852249861305565,0.21339488477067245,1.4701970584459796,0.06549059738669927,0.058807882337817495
0.02316453944972696,9.0,25.0,4.999900870342298,0.2852249861304123,0.21339488477047353,1.4701970584457955,0.06549059738698237,0.058807882337848616
0.02319383632472696,9.0,25.0,4.999900870342301,0.28522498613072533,0.21339488477061788,1.470197058445928,0.06549059738680585,0.05880788233782504
0.02322313319972696,9.0,25.0,4.9999008703423,0.28522498613088215,0.21339488477085886,1.4701970584461939,0.06549059738694052,0.05880788233784216
0.023252430074726962,9.0,25.0,4.999900870342299,0.2852249861303003,0.21339488477023968,1.4701970584455821,0.06549059738675789,0.0588078823378323
0.023281726949726963,9.0,25.0,4.999900870342298,0.2852249861306144,0.2133948847703996,1.470197058445716,0.06549059738673269,0.05880788233781236
0.023311023824726964,9.0,25.0,4.999900870342298,0.28522498613071745,0.21339488477049318,1.4701970584458388,0.06549059738690055,0.05880788233782996
0.023340320699726965,9.0,25.0,4.999900870342298,0.28522498613047614,0.21339488477072027,1.4701970584460402,0.06549059738675189,0.058807882337819216
0.023369617574726966,9.0,25.0,4.999900870342298,0.2852249861300876,0.21339488477032573,1.4701970584456656,0.06549059738691354,0.058807882337843564
0.023398914449726967,9.0,25.0,4.9999008703423,0.2852249861308874,0.21339488477083385,1.4701970584461568,0.0654905973870652,0.05880788233784897
0.02342821132472697,9.0,25.0,4.999900870342301,0.2852249861307224,0.21339488477055168,1.4701970584459043,0.06549059738679086,0.05880788233783302
0.02345750819972697,9.0,25.0,4.999900870342299,0.28522498613022224,0.21339488477082577,1.470197058446138,0.06549059738689178,0.05880788233783878
0.02348680507472697,9.0,25.0,4.9999008703423,0.28522498613089,0.21339488477096327,1.470197058446287,0.06549059738669705,0.05880788233782408
0.023516101949726972,9.0,25.0,4.9999008703423,0.2852249861310042,0.21339488477029955,1.4701970584456603,0.06549059738689411,0.05880788233785056
0.023545398824726973,9.0,25.0,4.999900870342299,0.28522498613072483,0.21339488477002752,1.4701970584453201,0.06549059738684604,0.05880788233782689
0.023574695699726974,9.0,25.0,4.999900870342298,0.2852249861308174,0.2133948847705986,1.4701970584459054,0.06549059738709706,0.0588078823378383
0.023603992574726975,9.0,25.0,4.999900870342298,0.2852249861305114,0.2133948847705808,1.4701970584459358,0.06549059738684815,0.05880788233782862
0.023633289449726976,9.0,25.0,4.999900870342298,0.28522498613062397,0.21339488477075544,1.4701970584460922,0.06549059738702578,0.0588078823378526
0.023662586324726977,9.0,25.0,4.9999008703423,0.28522498613065805,0.2133948847704633,1.4701970584458048,0.06549059738679419,0.05880788233783365
0.02369188319972698,9.0,25.0,4.999900870342302,0.2852249861305637,0.21339488477082774,1.4701970584461486,0.06549059738702212,0.05880788233784903
0.02372118007472698,9.0,25.0,4.9999008703423,0.28522498613040936,0.21339488477088933,1.4701970584462323,0.06549059738679064,0.05880788233783342
0.02375047694972698,9.0,25.0,4.999900870342302,0.2852249861307754,0.213394884770508,1.4701970584458457,0.06549059738673102,0.05880788233783195
0.02377977382472698,9.0,25.0,4.999900870342301,0.2852249861306808,0.21339488477054377,1.4701970584458575,0.06549059738695262,0.05880788233784354
0.023809070699726983,9.0,25.0,4.9999008703423,0.28522498613025327,0.2133948847700721,1.470197058445421,0.06549059738698526,0.05880788233784461
0.023838367574726984,9.0,25.0,4.999900870342298,0.285224986130653,0.2133948847708311,1.4701970584461521,0.06549059738698315,0.058807882337830915
0.023867664449726985,9.0,25.0,4.999900870342298,0.2852249861307,0.21339488477114318,1.47019705844646,0.06549059738691987,0.05880788233784469
0.023896961324726986,9.0,25.0,4.999900870342299,0.285224986130809,0.21339488477013224,1.4701970584454764,0.06549059738668128,0.058807882337834405
0.023926258199726987,9.0,25.0,4.999900870342301,0.28522498613084935,0.21339488477025154,1.470197058445551,0.06549059738674567,0.05880788233781237
0.02395555507472699,9.0,25.0,4.9999008703423,0.28522498613091596,0.21339488477111437,1.4701970584464277,0.06549059738692986,0.05880788233782697
0.02398485194972699,9.0,25.0,4.999900870342301,0.2852249861307122,0.21339488477069124,1.4701970584460435,0.06549059738657792,0.0588078823378181
0.02401414882472699,9.0,25.0,4.9999008703423,0.2852249861306295,0.21339488477059365,1.470197058445918,0.06549059738694929,0.05880788233785119
0.02404344569972699,9.0,25.0,4.9999008703423,0.285224986130589,0.2133948847704375,1.4701970584457624,0.0654905973870652,0.058807882337856644
0.024072742574726993,9.0,25.0,4.999900870342299,0.2852249861305526,0.2133948847704473,1.4701970584457804,0.06549059738700902,0.05880788233784456
0.024102039449726994,9.0,25.0,4.999900870342299,0.2852249861309335,0.2133948847711953,1.470197058446526,0.06549059738693619,0.05880788233783666
0.024131336324726995,9.0,25.0,4.999900870342298,0.2852249861305767,0.21339488476998644,1.4701970584453372,0.06549059738673779,0.05880788233783964
0.024160633199726996,9.0,25.0,4.999900870342298,0.2852249861306553,0.21339488477071242,1.4701970584460047,0.06549059738702634,0.05880788233783761
0.024189930074726997,9.0,25.0,4.999900870342299,0.2852249861307252,0.2133948847702601,1.470197058445608,0.06549059738683638,0.05880788233783068
0.024219226949727,9.0,25.0,4.999900870342299,0.2852249861304312,0.21339488477014104,1.4701970584454715,0.06549059738676521,0.058807882337815115
0.024248523824727,9.0,25.0,4.999900870342298,0.2852249861307658,0.2133948847704286,1.4701970584457462,0.06549059738700391,0.05880788233783376
0.024277820699727,9.0,25.0,4.9999008703423,0.2852249861302148,0.21339488477038943,1.4701970584457247,0.06549059738686303,0.058807882337826745
0.024307117574727,9.0,25.0,4.9999008703423,0.2852249861307415,0.2133948847704792,1.470197058445792,0.0654905973871992,0.05880788233786321
0.024336414449727003,9.0,25.0,4.999900870342298,0.2852249861303995,0.2133948847707347,1.4701970584460404,0.06549059738696639,0.058807882337840935
0.024365711324727004,9.0,25.0,4.9999008703423,0.2852249861307902,0.21339488477032711,1.470197058445664,0.06549059738668606,0.05880788233781964
0.024395008199727005,9.0,25.0,4.999900870342299,0.2852249861310742,0.21339488477034121,1.4701970584456563,0.06549059738689622,0.05880788233783128
0.024424305074727006,9.0,25.0,4.999900870342299,0.285224986130521,0.21339488477056756,1.4701970584458885,0.06549059738701546,0.05880788233784088
0.024453601949727007,9.0,25.0,4.999900870342301,0.2852249861307006,0.21339488477097607,1.4701970584462694,0.0654905973868406,0.0588078823378298
0.02448289882472701,9.0,25.0,4.999900870342299,0.28522498613030123,0.21339488477058358,1.4701970584459305,0.06549059738683105,0.058807882337842426
0.02451219569972701,9.0,25.0,4.999900870342296,0.2852249861309175,0.2133948847705084,1.4701970584458317,0.06549059738671603,0.058807882337822213
0.02454149257472701,9.0,25.0,4.999900870342298,0.285224986130627,0.21339488477013185,1.4701970584454562,0.06549059738672225,0.058807882337817176
0.02457078944972701,9.0,25.0,4.999900870342302,0.2852249861307094,0.21339488477009436,1.4701970584454067,0.06549059738697094,0.058807882337830575
0.024600086324727013,9.0,25.0,4.9999008703423,0.28522498613092107,0.2133948847709344,1.4701970584462607,0.06549059738706042,0.05880788233783629
0.024629383199727014,9.0,25.0,4.999900870342298,0.2852249861304843,0.2133948847709905,1.4701970584463326,0.06549059738682073,0.05880788233783803
0.024658680074727015,9.0,25.0,4.9999008703423,0.28522498613046016,0.213394884770756,1.4701970584461033,0.06549059738685048,0.05880788233784922
0.024687976949727016,9.0,25.0,4.999900870342301,0.2852249861305726,0.2133948847704783,1.4701970584457993,0.06549059738697582,0.05880788233785522
0.024717273824727017,9.0,25.0,4.999900870342298,0.28522498613089503,0.21339488477109114,1.470197058446403,0.06549059738680263,0.058807882337825336
0.02474657069972702,9.0,25.0,4.9999008703423,0.28522498613083047,0.21339488477052598,1.4701970584458712,0.0654905973868879,0.058807882337850906
0.02477586757472702,9.0,25.0,4.999900870342299,0.28522498613062097,0.2133948847701829,1.470197058445485,0.0654905973868467,0.05880788233783418
0.02480516444972702,9.0,25.0,4.999900870342302,0.28522498613073943,0.21339488477036844,1.4701970584456692,0.06549059738688445,0.058807882337822734
0.02483446132472702,9.0,25.0,4.999900870342299,0.2852249861307529,0.21339488477088855,1.4701970584462158,0.06549059738695773,0.05880788233783358
0.024863758199727023,9.0,25.0,4.999900870342299,0.2852249861308319,0.21339488477085725,1.470197058446178,0.06549059738671748,0.05880788233782729
0.024893055074727024,9.0,25.0,4.999900870342299,0.2852249861304399,0.2133948847710217,1.4701970584463493,0.06549059738692242,0.05880788233785138
0.024922351949727025,9.0,25.0,4.999900870342299,0.28522498613094815,0.21339488477080168,1.4701970584461366,0.06549059738671903,0.058807882337834884
0.024951648824727026,9.0,25.0,4.999900870342297,0.2852249861306163,0.21339488477033497,1.470197058445684,0.06549059738686513,0.05880788233784398
0.024980945699727027,9.0,25.0,4.999900870342301,0.2852249861309147,0.21339488477023183,1.4701970584455542,0.06549059738702556,0.05880788233784497
0.02501024257472703,9.0,25.0,4.999900870342298,0.28522498613094244,0.21339488477051796,1.470197058445819,0.0654905973870118,0.0588078823378366
0.02503953944972703,9.0,25.0,4.999900870342298,0.28522498613037395,0.21339488477085422,1.4701970584462074,0.06549059738683272,0.058807882337825815
0.02506883632472703,9.0,25.0,4.999900870342299,0.2852249861303068,0.21339488477014332,1.4701970584454804,0.0654905973864589,0.05880788233780121
0.02509813319972703,9.0,25.0,4.9999008703423,0.2852249861304295,0.21339488477011995,1.4701970584454358,0.06549059738706797,0.0588078823378447
0.025127430074727033,9.0,25.0,4.999900870342299,0.28522498613058844,0.21339488477081106,1.4701970584461272,0.06549059738691643,0.05880788233782247
0.025156726949727034,9.0,25.0,4.999900870342301,0.28522498613033326,0.21339488477071214,1.4701970584460615,0.06549059738686103,0.05880788233783795
0.025186023824727035,9.0,25.0,4.999900870342298,0.2852249861304737,0.21339488477084922,1.470197058446192,0.06549059738685592,0.05880788233784031
0.025215320699727036,9.0,25.0,4.999900870342297,0.2852249861305931,0.2133948847703684,1.4701970584457253,0.06549059738675456,0.05880788233783322
0.025244617574727037,9.0,25.0,4.999900870342298,0.28522498613055947,0.21339488477100135,1.4701970584463127,0.06549059738677498,0.05880788233782103
0.02527391444972704,9.0,25.0,4.999900870342298,0.2852249861308769,0.2133948847706581,1.4701970584459882,0.06549059738688301,0.05880788233784738
0.02530321132472704,9.0,25.0,4.999900870342299,0.28522498613041053,0.21339488477044333,1.470197058445761,0.06549059738682816,0.058807882337835383
0.02533250819972704,9.0,25.0,4.999900870342298,0.28522498613101316,0.21339488477085275,1.470197058446153,0.06549059738698204,0.05880788233784239
0.02536180507472704,9.0,25.0,4.9999008703423,0.28522498613036074,0.2133948847706976,1.4701970584460353,0.06549059738683072,0.05880788233783718
0.025391101949727043,9.0,25.0,4.999900870342298,0.2852249861307512,0.21339488477033258,1.4701970584456792,0.06549059738682905,0.05880788233783609
0.025420398824727044,9.0,25.0,4.999900870342299,0.2852249861303706,0.21339488477014612,1.4701970584454664,0.06549059738699614,0.05880788233784174
0.025449695699727045,9.0,25.0,4.999900870342298,0.2852249861309107,0.2133948847710334,1.47019705844634,0.06549059738705765,0.05880788233783907
0.025478992574727046,9.0,25.0,4.999900870342297,0.2852249861305238,0.21339488477082658,1.4701970584461657,0.06549059738667207,0.05880788233782495
0.025508289449727047,9.0,25.0,4.999900870342299,0.2852249861303105,0.21339488477022533,1.4701970584455588,0.06549059738689489,0.05880788233784878
0.02553758632472705,9.0,25.0,4.999900870342298,0.28522498613123876,0.21339488477068158,1.470197058446001,0.0654905973869293,0.05880788233783212
0.02556688319972705,9.0,25.0,4.9999008703423,0.28522498613094804,0.2133948847710128,1.470197058446346,0.06549059738682617,0.05880788233783068
0.02559618007472705,9.0,25.0,4.999900870342299,0.2852249861306053,0.21339488477090196,1.4701970584462396,0.06549059738683927,0.05880788233784585
0.02562547694972705,9.0,25.0,4.999900870342299,0.28522498613034847,0.21339488477017732,1.4701970584455073,0.06549059738685725,0.058807882337846895
0.025654773824727053,9.0,25.0,4.999900870342299,0.28522498613064595,0.21339488477049995,1.4701970584458082,0.06549059738703056,0.05880788233784104
0.025684070699727054,9.0,25.0,4.999900870342298,0.2852249861304877,0.21339488477098092,1.470197058446335,0.06549059738697705,0.05880788233783983
0.025713367574727055,9.0,25.0,4.999900870342296,0.2852249861304355,0.21339488477030882,1.4701970584456399,0.0654905973867912,0.058807882337839186
0.025742664449727056,9.0,25.0,4.999900870342298,0.28522498613073693,0.2133948847701698,1.470197058445497,0.06549059738692353,0.058807882337835196
0.025771961324727057,9.0,25.0,4.9999008703423,0.28522498613007063,0.21339488477056054,1.4701970584458652,0.06549059738705065,0.05880788233783928
0.02580125819972706,9.0,25.0,4.999900870342301,0.28522498613085173,0.21339488477034665,1.4701970584456865,0.06549059738691798,0.0588078823378359
0.02583055507472706,9.0,25.0,4.9999008703423,0.28522498613048686,0.21339488477059418,1.470197058445914,0.06549059738694041,0.05880788233783555
0.02585985194972706,9.0,25.0,4.9999008703423,0.28522498613018477,0.21339488477098864,1.4701970584463024,0.06549059738695295,0.058807882337842954
0.02588914882472706,9.0,25.0,4.999900870342299,0.2852249861304673,0.2133948847712096,1.4701970584465573,0.06549059738663654,0.0588078823378233
0.025918445699727063,9.0,25.0,4.999900870342299,0.28522498613086056,0.21339488477099178,1.4701970584463264,0.06549059738666407,0.058807882337836466
0.025947742574727064,9.0,25.0,4.999900870342297,0.28522498613056096,0.21339488477052737,1.4701970584458477,0.06549059738669172,0.058807882337833295
0.025977039449727065,9.0,25.0,4.999900870342299,0.28522498613119396,0.21339488477061277,1.4701970584459196,0.06549059738705287,0.05880788233785397
0.026006336324727066,9.0,25.0,4.999900870342299,0.2852249861309342,0.21339488477045554,1.4701970584457784,0.06549059738692431,0.05880788233783951
0.026035633199727067,9.0,25.0,4.999900870342301,0.2852249861306514,0.213394884770776,1.4701970584460873,0.0654905973868789,0.05880788233783128
0.02606493007472707,9.0,25.0,4.999900870342301,0.28522498613077374,0.21339488477111526,1.4701970584464443,0.06549059738675134,0.05880788233782723
0.02609422694972707,9.0,25.0,4.999900870342298,0.2852249861304782,0.21339488477077387,1.470197058446102,0.06549059738677998,0.0588078823378435
0.02612352382472707,9.0,25.0,4.999900870342299,0.28522498613059105,0.21339488477108795,1.4701970584464068,0.0654905973867691,0.05880788233783389
0.02615282069972707,9.0,25.0,4.999900870342299,0.28522498613082775,0.21339488477081528,1.4701970584461426,0.06549059738682295,0.05880788233784634
0.026182117574727073,9.0,25.0,4.999900870342301,0.28522498613043856,0.21339488477101903,1.4701970584463382,0.06549059738672147,0.05880788233782917
0.026211414449727074,9.0,25.0,4.999900870342301,0.28522498613009617,0.21339488477063817,1.47019705844597,0.06549059738663088,0.05880788233782413
0.026240711324727075,9.0,25.0,4.9999008703423,0.28522498613070874,0.21339488477043958,1.470197058445776,0.0654905973870451,0.05880788233785711
0.026270008199727076,9.0,25.0,4.999900870342301,0.2852249861306012,0.21339488477059984,1.4701970584459354,0.06549059738687635,0.058807882337831185
0.026299305074727077,9.0,25.0,4.999900870342299,0.285224986130792,0.21339488477093876,1.4701970584462731,0.06549059738704532,0.0588078823378527
0.02632860194972708,9.0,25.0,4.999900870342298,0.28522498613026465,0.21339488477052954,1.4701970584458852,0.06549059738662255,0.05880788233782055
0.02635789882472708,9.0,25.0,4.999900870342299,0.2852249861312559,0.21339488477053942,1.470197058445859,0.06549059738688379,0.058807882337838076
0.02638719569972708,9.0,25.0,4.9999008703423,0.2852249861307931,0.21339488477114726,1.4701970584464643,0.06549059738692087,0.058807882337838395
0.02641649257472708,9.0,25.0,4.999900870342298,0.28522498613065433,0.21339488477038257,1.4701970584457313,0.0654905973868346,0.05880788233784795
0.026445789449727083,9.0,25.0,4.9999008703423,0.285224986130494,0.21339488477042992,1.4701970584457569,0.06549059738702023,0.05880788233784856
0.026475086324727084,9.0,25.0,4.999900870342298,0.28522498613018094,0.2133948847708518,1.4701970584461659,0.06549059738673846,0.05880788233781508
0.026504383199727085,9.0,25.0,4.9999008703423,0.28522498613089997,0.21339488477109445,1.470197058446424,0.0654905973868114,0.058807882337835536
0.026533680074727086,9.0,25.0,4.999900870342298,0.2852249861303169,0.21339488477005816,1.4701970584453943,0.06549059738661578,0.058807882337826224
0.026562976949727087,9.0,25.0,4.9999008703423,0.2852249861311233,0.21339488477091945,1.4701970584462263,0.06549059738704299,0.05880788233784029
0.02659227382472709,9.0,25.0,4.9999008703423,0.28522498613090186,0.213394884770471,1.4701970584458202,0.0654905973869071,0.05880788233784501
0.02662157069972709,9.0,25.0,4.999900870342298,0.2852249861307044,0.21339488477046456,1.470197058445797,0.06549059738677021,0.05880788233782356
0.02665086757472709,9.0,25.0,4.999900870342298,0.28522498613072317,0.21339488477095853,1.470197058446279,0.06549059738706287,0.05880788233785119
0.02668016444972709,9.0,25.0,4.999900870342301,0.28522498613085623,0.21339488477093996,1.4701970584462714,0.06549059738672136,0.05880788233783021
0.026709461324727093,9.0,25.0,4.999900870342299,0.2852249861305094,0.2133948847706603,1.470197058446,0.06549059738669538,0.05880788233783049
0.026738758199727094,9.0,25.0,4.9999008703423,0.28522498613081193,0.21339488477067375,1.4701970584459894,0.06549059738688034,0.05880788233784109
0.026768055074727095,9.0,25.0,4.999900870342301,0.2852249861302981,0.2133948847704132,1.470197058445724,0.0654905973868587,0.05880788233783631
0.026797351949727096,9.0,25.0,4.999900870342299,0.2852249861307417,0.21339488477065494,1.4701970584459647,0.0654905973870038,0.058807882337843134
0.026826648824727097,9.0,25.0,4.999900870342299,0.28522498613085595,0.2133948847705861,1.470197058445915,0.06549059738686447,0.05880788233783469
0.0268559456997271,9.0,25.0,4.999900870342298,0.28522498613077835,0.21339488477060098,1.470197058445917,0.0654905973869192,0.05880788233784067
0.0268852425747271,9.0,25.0,4.999900870342297,0.2852249861305423,0.21339488477038931,1.4701970584457222,0.0654905973867993,0.05880788233782805
0.0269145394497271,9.0,25.0,4.9999008703423,0.2852249861307237,0.2133948847705857,1.4701970584458903,0.06549059738700558,0.05880788233784342
0.0269438363247271,9.0,25.0,4.999900870342298,0.28522498613093145,0.21339488477087548,1.470197058446187,0.06549059738679619,0.05880788233782553
0.026973133199727103,9.0,25.0,4.999900870342302,0.28522498613005515,0.2133948847708156,1.4701970584461395,0.06549059738676488,0.05880788233783271
0.027002430074727104,9.0,25.0,4.999900870342298,0.28522498613035596,0.21339488477066595,1.4701970584459865,0.06549059738663643,0.05880788233781977
0.027031726949727105,9.0,25.0,4.9999008703423,0.2852249861301656,0.21339488477050378,1.4701970584458202,0.0654905973868729,0.058807882337839075
0.027061023824727106,9.0,25.0,4.999900870342298,0.28522498613097114,0.21339488477019564,1.4701970584455297,0.06549059738692231,0.058807882337837764
0.027090320699727107,9.0,25.0,4.999900870342298,0.28522498613033825,0.21339488477060436,1.4701970584459105,0.06549059738697283,0.05880788233783297
0.02711961757472711,9.0,25.0,4.999900870342298,0.2852249861306828,0.2133948847705402,1.4701970584458575,0.0654905973868607,0.05880788233783158
0.02714891444972711,9.0,25.0,4.999900870342299,0.2852249861304664,0.21339488477034343,1.4701970584456623,0.06549059738681362,0.058807882337827834
0.02717821132472711,9.0,25.0,4.999900870342299,0.28522498613050806,0.21339488477040616,1.470197058445726,0.06549059738706975,0.05880788233784828
0.02720750819972711,9.0,25.0,4.999900870342299,0.2852249861304686,0.2133948847703124,1.4701970584456343,0.06549059738694918,0.058807882337836216
0.027236805074727113,9.0,25.0,4.999900870342298,0.28522498613068936,0.21339488477041554,1.470197058445738,0.06549059738718033,0.058807882337857935
0.027266101949727114,9.0,25.0,4.9999008703423,0.28522498613041936,0.2133948847700681,1.4701970584454018,0.065490597386902,0.05880788233783167
0.027295398824727115,9.0,25.0,4.999900870342299,0.2852249861307158,0.2133948847703917,1.470197058445719,0.06549059738688057,0.05880788233781969
0.027324695699727116,9.0,25.0,4.999900870342298,0.28522498613079134,0.2133948847705052,1.4701970584458302,0.06549059738706497,0.058807882337846736
0.027353992574727117,9.0,25.0,4.999900870342297,0.2852249861307585,0.21339488477022112,1.4701970584455464,0.06549059738692131,0.058807882337837326
0.02738328944972712,9.0,25.0,4.999900870342299,0.2852249861304798,0.2133948847704044,1.4701970584457165,0.06549059738696517,0.05880788233783385
0.02741258632472712,9.0,25.0,4.999900870342298,0.28522498613057534,0.2133948847708423,1.4701970584461648,0.0654905973869333,0.058807882337833774
0.02744188319972712,9.0,25.0,4.999900870342302,0.28522498613054426,0.21339488477082155,1.470197058446161,0.0654905973869444,0.058807882337849976
0.02747118007472712,9.0,25.0,4.999900870342298,0.28522498613085917,0.21339488477082863,1.4701970584461581,0.06549059738689689,0.05880788233784781
0.027500476949727123,9.0,25.0,4.9999008703423,0.285224986130603,0.2133948847709328,1.47019705844624,0.06549059738684426,0.05880788233784182
0.027529773824727124,9.0,25.0,4.999900870342301,0.2852249861306662,0.21339488477056034,1.4701970584459,0.06549059738662744,0.05880788233782123
0.027559070699727125,9.0,25.0,4.999900870342298,0.28522498613073094,0.21339488477046228,1.4701970584457897,0.06549059738692509,0.05880788233784202
0.027588367574727126,9.0,25.0,4.999900870342299,0.2852249861310191,0.2133948847705029,1.4701970584458164,0.06549059738695262,0.058807882337839235
0.027617664449727127,9.0,25.0,4.999900870342301,0.28522498613077657,0.2133948847704208,1.4701970584457464,0.06549059738706486,0.058807882337851274
0.02764696132472713,9.0,25.0,4.999900870342301,0.2852249861303193,0.21339488477065,1.4701970584459687,0.06549059738704177,0.058807882337847256
0.02767625819972713,9.0,25.0,4.999900870342302,0.2852249861305484,0.21339488477087024,1.470197058446189,0.06549059738669316,0.05880788233781756
0.02770555507472713,9.0,25.0,4.999900870342301,0.28522498613059216,0.2133948847704428,1.4701970584457786,0.06549059738688523,0.05880788233784597
0.02773485194972713,9.0,25.0,4.9999008703423,0.2852249861302894,0.2133948847706268,1.4701970584459412,0.06549059738669827,0.05880788233781495
0.027764148824727133,9.0,25.0,4.9999008703423,0.2852249861306608,0.2133948847703943,1.470197058445724,0.06549059738710394,0.058807882337859434
0.027793445699727134,9.0,25.0,4.999900870342299,0.28522498613074837,0.21339488477103755,1.470197058446353,0.06549059738701934,0.05880788233784481
0.027822742574727135,9.0,25.0,4.999900870342298,0.2852249861307734,0.21339488477024812,1.470197058445609,0.06549059738681451,0.05880788233784189
0.027852039449727136,9.0,25.0,4.9999008703423,0.2852249861303295,0.21339488477052868,1.4701970584458417,0.06549059738687557,0.05880788233782916
0.027881336324727137,9.0,25.0,4.999900870342298,0.28522498613065905,0.21339488477049018,1.4701970584458153,0.06549059738687435,0.05880788233783135
0.02791063319972714,9.0,25.0,4.999900870342301,0.2852249861305763,0.21339488477012775,1.4701970584454698,0.06549059738695984,0.05880788233784087
0.02793993007472714,9.0,25.0,4.999900870342299,0.2852249861309287,0.21339488477054266,1.4701970584458446,0.06549059738700413,0.05880788233783492
0.02796922694972714,9.0,25.0,4.9999008703423,0.2852249861306267,0.21339488477047144,1.470197058445803,0.06549059738704122,0.058807882337848325
0.02799852382472714,9.0,25.0,4.999900870342299,0.28522498613050784,0.21339488477020008,1.4701970584455268,0.06549059738701735,0.05880788233784713
0.028027820699727143,9.0,25.0,4.999900870342298,0.2852249861310101,0.21339488477036067,1.4701970584456727,0.06549059738712582,0.058807882337849664
0.028057117574727144,9.0,25.0,4.999900870342299,0.2852249861304943,0.21339488477080207,1.4701970584461175,0.06549059738696672,0.05880788233783565
0.028086414449727145,9.0,25.0,4.999900870342299,0.2852249861308327,0.21339488477069377,1.470197058446017,0.06549059738684648,0.05880788233783798
0.028115711324727146,9.0,25.0,4.999900870342299,0.28522498613101144,0.21339488477080523,1.4701970584461062,0.06549059738678309,0.058807882337831185
0.028145008199727147,9.0,25.0,4.999900870342298,0.2852249861310628,0.21339488477060878,1.4701970584459239,0.06549059738692475,0.05880788233784779
0.028174305074727148,9.0,25.0,4.999900870342299,0.2852249861310649,0.21339488477034396,1.4701970584456556,0.06549059738682961,0.05880788233783231
0.02820360194972715,9.0,25.0,4.999900870342299,0.28522498613076064,0.21339488477086646,1.470197058446178,0.06549059738696095,0.058807882337836376
0.02823289882472715,9.0,25.0,4.9999008703423,0.28522498613067365,0.21339488477026763,1.4701970584455897,0.06549059738687069,0.0588078823378416
0.02826219569972715,9.0,25.0,4.999900870342299,0.2852249861306221,0.21339488477039226,1.470197058445717,0.06549059738714769,0.05880788233785581
0.028291492574727153,9.0,25.0,4.999900870342297,0.2852249861303017,0.21339488477012522,1.470197058445451,0.06549059738679563,0.05880788233781931
0.028320789449727154,9.0,25.0,4.999900870342299,0.28522498613048825,0.2133948847706685,1.4701970584459676,0.06549059738701302,0.058807882337834495
0.028350086324727155,9.0,25.0,4.999900870342299,0.2852249861303396,0.2133948847705047,1.4701970584458384,0.0654905973869564,0.05880788233784335
0.028379383199727156,9.0,25.0,4.999900870342298,0.2852249861307382,0.21339488477012922,1.4701970584454591,0.06549059738679375,0.058807882337825836
0.028408680074727157,9.0,25.0,4.9999008703423,0.2852249861303489,0.21339488477016544,1.4701970584454782,0.06549059738688079,0.05880788233782219
0.028437976949727158,9.0,25.0,4.9999008703423,0.2852249861305034,0.21339488477065477,1.4701970584459743,0.06549059738703289,0.058807882337835904
0.02846727382472716,9.0,25.0,4.999900870342299,0.2852249861304806,0.2133948847705145,1.4701970584458448,0.06549059738688412,0.05880788233783619
0.02849657069972716,9.0,25.0,4.999900870342298,0.2852249861306031,0.21339488477088153,1.4701970584462067,0.06549059738686636,0.0588078823378338
0.02852586757472716,9.0,25.0,4.999900870342297,0.2852249861304132,0.2133948847705113,1.4701970584458213,0.06549059738683183,0.058807882337840456
0.028555164449727163,9.0,25.0,4.999900870342299,0.2852249861306396,0.21339488477016413,1.470197058445496,0.06549059738705998,0.05880788233785415
0.028584461324727164,9.0,25.0,4.999900870342301,0.28522498613084263,0.21339488477094207,1.4701970584462354,0.06549059738687257,0.058807882337821714
0.028613758199727165,9.0,25.0,4.999900870342302,0.28522498613080577,0.2133948847708812,1.4701970584462167,0.06549059738673679,0.058807882337828445
0.028643055074727166,9.0,25.0,4.999900870342299,0.28522498613012764,0.2133948847706552,1.4701970584459834,0.06549059738676433,0.05880788233783587
0.028672351949727167,9.0,25.0,4.999900870342301,0.28522498613045294,0.21339488477062682,1.470197058445955,0.06549059738692331,0.058807882337845035
0.028701648824727168,9.0,25.0,4.999900870342301,0.2852249861303733,0.2133948847700918,1.4701970584454112,0.06549059738669571,0.05880788233781834
0.02873094569972717,9.0,25.0,4.999900870342298,0.2852249861305817,0.21339488477085075,1.4701970584461677,0.065490597387033,0.058807882337836334
0.02876024257472717,9.0,25.0,4.999900870342298,0.28522498613100083,0.21339488477058602,1.4701970584459243,0.06549059738691909,0.05880788233784481
0.02878953944972717,9.0,25.0,4.9999008703423,0.2852249861307304,0.213394884770474,1.4701970584457977,0.0654905973867621,0.05880788233782609
0.028818836324727173,9.0,25.0,4.999900870342298,0.2852249861308639,0.2133948847707363,1.470197058446038,0.06549059738696938,0.05880788233784232
0.028848133199727174,9.0,25.0,4.9999008703423,0.28522498613012187,0.2133948847705763,1.4701970584459167,0.06549059738680896,0.05880788233783189
0.028877430074727175,9.0,25.0,4.9999008703423,0.2852249861307039,0.21339488477021418,1.4701970584455475,0.06549059738669671,0.05880788233781797
0.028906726949727176,9.0,25.0,4.999900870342299,0.28522498613062086,0.2133948847709375,1.4701970584462398,0.06549059738710417,0.058807882337848234
0.028936023824727177,9.0,25.0,4.999900870342298,0.28522498613081,0.21339488477057586,1.4701970584459216,0.06549059738680152,0.0588078823378358
0.028965320699727178,9.0,25.0,4.999900870342298,0.2852249861306743,0.21339488477066107,1.4701970584459652,0.06549059738685781,0.058807882337836404
0.02899461757472718,9.0,25.0,4.999900870342299,0.28522498613041536,0.21339488477069132,1.4701970584460218,0.0654905973869696,0.058807882337847374
0.02902391444972718,9.0,25.0,4.9999008703423,0.28522498613053004,0.21339488477060126,1.4701970584459232,0.0654905973867107,0.05880788233782206
0.02905321132472718,9.0,25.0,4.999900870342299,0.28522498613011815,0.2133948847706356,1.470197058445956,0.06549059738667151,0.05880788233781528
0.029082508199727183,9.0,25.0,4.999900870342301,0.2852249861305388,0.21339488477076074,1.4701970584460797,0.0654905973868074,0.05880788233782987
0.029111805074727184,9.0,25.0,4.999900870342299,0.2852249861306178,0.213394884771166,1.4701970584464883,0.06549059738669294,0.058807882337822005
0.029141101949727185,9.0,25.0,4.999900870342298,0.28522498613046443,0.21339488477058513,1.4701970584459454,0.06549059738681784,0.058807882337848616
0.029170398824727186,9.0,25.0,4.999900870342298,0.28522498613106306,0.21339488477032192,1.4701970584456507,0.06549059738681484,0.05880788233783386
0.029199695699727187,9.0,25.0,4.999900870342302,0.28522498613093195,0.21339488477108837,1.470197058446396,0.0654905973870692,0.058807882337847395
0.029228992574727188,9.0,25.0,4.9999008703423,0.2852249861305257,0.21339488477021817,1.470197058445579,0.06549059738660812,0.058807882337820534
0.02925828944972719,9.0,25.0,4.999900870342298,0.28522498613085845,0.21339488477068025,1.47019705844598,0.06549059738683816,0.05880788233782436
0.02928758632472719,9.0,25.0,4.999900870342298,0.2852249861306515,0.21339488477056226,1.4701970584458925,0.06549059738696572,0.05880788233784503
0.02931688319972719,9.0,25.0,4.999900870342299,0.2852249861305529,0.21339488477013427,1.4701970584454749,0.06549059738663587,0.05880788233781035
0.029346180074727193,9.0,25.0,4.999900870342299,0.28522498613072095,0.21339488477071797,1.470197058446018,0.06549059738709107,0.05880788233784458
0.029375476949727194,9.0,25.0,4.999900870342299,0.28522498613042185,0.2133948847708098,1.4701970584461552,0.06549059738676355,0.05880788233782461
0.029404773824727195,9.0,25.0,4.999900870342298,0.28522498613108804,0.21339488477047497,1.4701970584458048,0.06549059738681795,0.058807882337838235
0.029434070699727196,9.0,25.0,4.999900870342298,0.2852249861307614,0.2133948847707527,1.4701970584460626,0.06549059738673113,0.058807882337819195
0.029463367574727197,9.0,25.0,4.999900870342298,0.2852249861303026,0.21339488477036989,1.4701970584457111,0.0654905973868537,0.05880788233783734
0.029492664449727198,9.0,25.0,4.999900870342298,0.28522498613084074,0.21339488477085256,1.4701970584461597,0.06549059738698715,0.058807882337841844
0.0295219613247272,9.0,25.0,4.999900870342298,0.28522498613102915,0.213394884770921,1.470197058446239,0.06549059738667995,0.058807882337821624
0.0295512581997272,9.0,25.0,4.999900870342301,0.2852249861307852,0.2133948847703852,1.4701970584457178,0.06549059738672447,0.05880788233783168
0.0295805550747272,9.0,25.0,4.999900870342299,0.285224986130344,0.21339488477023608,1.470197058445572,0.06549059738693108,0.05880788233783748
0.029609851949727203,9.0,25.0,4.999900870342299,0.28522498613062147,0.2133948847707873,1.4701970584461024,0.06549059738721064,0.058807882337858455
0.029639148824727204,9.0,25.0,4.999900870342298,0.28522498613073244,0.2133948847703709,1.4701970584456956,0.06549059738700502,0.05880788233785273
0.029668445699727205,9.0,25.0,4.999900870342298,0.2852249861309793,0.2133948847700353,1.4701970584453607,0.06549059738697283,0.058807882337840595
0.029697742574727206,9.0,25.0,4.999900870342297,0.2852249861308545,0.21339488477095767,1.47019705844624,0.06549059738698493,0.058807882337828854
0.029727039449727207,9.0,25.0,4.999900870342298,0.28522498613056513,0.21339488477059035,1.4701970584459498,0.06549059738683172,0.058807882337837986
0.029756336324727208,9.0,25.0,4.999900870342299,0.2852249861309341,0.2133948847704496,1.470197058445774,0.0654905973868567,0.058807882337837514
0.02978563319972721,9.0,25.0,4.999900870342298,0.2852249861302791,0.21339488477023724,1.470197058445579,0.06549059738686402,0.058807882337830825
0.02981493007472721,9.0,25.0,4.999900870342299,0.28522498613058783,0.21339488477073273,1.4701970584460593,0.0654905973870733,0.05880788233784495
0.02984422694972721,9.0,25.0,4.999900870342301,0.28522498613046465,0.21339488477065913,1.470197058445982,0.06549059738693819,0.05880788233784468
0.029873523824727213,9.0,25.0,4.999900870342299,0.2852249861307659,0.2133948847708514,1.4701970584461639,0.06549059738697216,0.05880788233784921
0.029902820699727214,9.0,25.0,4.999900870342299,0.28522498613061553,0.21339488477055102,1.4701970584458828,0.06549059738679208,0.05880788233783555
0.029932117574727215,9.0,25.0,4.999900870342299,0.28522498613052083,0.2133948847702887,1.470197058445607,0.06549059738663521,0.058807882337811215
0.029961414449727216,9.0,25.0,4.999900870342298,0.2852249861308796,0.21339488477033094,1.4701970584456574,0.06549059738699359,0.05880788233783804
0.029990711324727217,9.0,25.0,4.9999008703423,0.28522498613001573,0.21339488476993504,1.4701970584452684,0.06549059738686902,0.05880788233782488
0.03,9.0,25.0,4.999900870342297,0.2852249861310175,0.21339488477993676,1.4701970584649855,0.06549059739899366,0.05880788233860237
