sweep,vin,t,v5,vref,vadj,vfan,i317,ifan
0.0,9.0,0.0,4.999964508872743,0.28522899252493833,3.643904414681219,4.9005977045020455,0.21829935375688456,0.19602390817916862
0.0020000000000002655,9.0,0.0020000000000002655,4.999964508872745,0.2852289925252448,3.6439044146712605,4.9005977043991145,0.21829935368208603,0.1960239081759804
0.006000000000000796,9.0,0.006000000000000796,4.999964508872749,0.28522899252564593,3.6439044146889072,4.900597704567851,0.2182993538559946,0.19602390818271193
0.014000000000000123,9.0,0.014000000000000123,4.9999645088727425,0.285228992525806,3.6439044146823414,4.9005977045282645,0.21829935380306414,0.19602390818112012
0.030000000000000512,9.0,0.030000000000000512,4.999964508872743,0.2852289925256614,3.643904414684201,4.900597704533578,0.2182993538027719,0.19602390818215895
0.0499999999999997,9.0,0.0499999999999997,4.999964508872743,0.28522899252587014,3.64390441468315,4.900597704523148,0.21829935377835766,0.1960239081809357
0.06999999999999888,9.0,0.06999999999999888,4.999964508872743,0.28522899252601025,3.643904414685385,4.9005977045543965,0.21829935379517063,0.1960239081821818
0.08999999999999807,9.0,0.08999999999999807,4.999964508872744,0.28522899252583195,3.6439044146814235,4.900597704514262,0.21829935376755707,0.19602390818058144
0.10999999999999725,9.0,0.10999999999999725,4.999964508872743,0.2852289925263296,3.6439044146836532,4.900597704522037,0.21829935378126022,0.19602390818086096
0.12999999999999645,9.0,0.12999999999999645,4.9999645088727425,0.2852289925257318,3.6439044146833686,4.900597704523416,0.2182993537831587,0.1960239081809059
0.14999999999999564,9.0,0.14999999999999564,4.999964508872745,0.28522899252547956,3.6439044146825585,4.900597704522596,0.2182993537826809,0.19602390818090945
0.16999999999999482,9.0,0.16999999999999482,4.9999645088727425,0.2852289925254913,3.6439044146828374,4.900597704522828,0.21829935378254456,0.1960239081809074
0.189999999999994,9.0,0.189999999999994,4.999964508872743,0.28522899252567935,3.6439044146829764,4.90059770452298,0.218299353782426,0.19602390818090862
0.2099999999999932,9.0,0.2099999999999932,4.999964508872746,0.28522899252598866,3.643904414682711,4.900597704522673,0.21829935378252546,0.19602390818092466
0.22999999999999238,9.0,0.22999999999999238,4.999964508872744,0.2852289925254271,3.6439044146819963,4.900597704521995,0.21829935378245663,0.1960239081809121
0.24999999999999156,9.0,0.24999999999999156,4.999964508872743,0.285228992525562,3.6439044146825306,4.900597704522524,0.21829935378273907,0.1960239081809144
0.26999999999999075,9.0,0.26999999999999075,4.999964508872743,0.28522899252605843,3.6439044146830675,4.900597704523044,0.21829935378281323,0.19602390818092855
0.27099999999999,9.0,0.27099999999999,4.99996450887275,0.28522899252476785,3.6439044146616935,4.900597704326434,0.2182993534903064,0.19602390816870546
0.2869999999999904,9.0,0.2869999999999904,4.999964508872752,0.28522899252595546,3.643904414699993,4.900597704678411,0.21829935397163705,0.196023908188137
0.30699999999998956,9.0,0.30699999999998956,4.999964508872744,0.2852289925255563,3.643904414683039,4.900597704535137,0.21829935378537008,0.19602390818081192
0.32699999999998874,9.0,0.32699999999998874,4.999964508872744,0.28522899252522477,3.6439044146832047,4.90059770452354,0.21829935377956222,0.196023908180947
0.34699999999998793,9.0,0.34699999999998793,4.999964508872744,0.28522899252532546,3.643904414682227,4.900597704521323,0.21829935378779974,0.19602390818151075
0.3669999999999871,9.0,0.3669999999999871,4.999964508872743,0.2852289925256393,3.643904414683582,4.9005977045375735,0.21829935378973842,0.1960239081815266
0.3869999999999863,9.0,0.3869999999999863,4.999964508872744,0.28522899252573386,3.643904414682265,4.900597704518947,0.21829935377588902,0.196023908180754
0.4069999999999855,9.0,0.4069999999999855,4.999964508872744,0.28522899252587225,3.643904414682138,4.900597704521452,0.21829935378195703,0.19602390818088944
0.42699999999998467,9.0,0.42699999999998467,4.999964508872743,0.28522899252550493,3.6439044146827597,4.900597704522774,0.21829935378289314,0.19602390818089355
0.44699999999998385,9.0,0.44699999999998385,4.999964508872744,0.28522899252513434,3.6439044146826314,4.900597704522693,0.21829935378298243,0.19602390818093138
0.46699999999998304,9.0,0.46699999999998304,4.999964508872743,0.2852289925250863,3.6439044146831705,4.900597704523143,0.21829935378270443,0.1960239081809246
0.4869999999999822,9.0,0.4869999999999822,4.9999645088727425,0.2852289925250766,3.6439044146821695,4.900597704522165,0.21829935378228432,0.19602390818090729
0.5069999999999815,9.0,0.5069999999999815,4.999964508872745,0.2852289925253227,3.643904414683164,4.9005977045231095,0.2182993537824473,0.19602390818089896
0.5269999999999806,9.0,0.5269999999999806,4.999964508872743,0.28522899252593026,3.6439044146831203,4.900597704523088,0.21829935378233406,0.19602390818090698
0.5279999999999798,9.0,0.5279999999999798,4.99996450887275,0.28522899252489203,3.643904414661925,4.900597704326614,0.21829935349049204,0.1960239081687227
0.5439999999999803,9.0,0.5439999999999803,4.999964508872753,0.2852289925259777,3.6439044147006405,4.900597704679169,0.2182993539712773,0.1960239081881199
0.5639999999999794,9.0,0.5639999999999794,4.9999645088727425,0.28522899252588946,3.643904414683369,4.900597704535519,0.21829935378499526,0.19602390818080043
0.5839999999999786,9.0,0.5839999999999786,4.999964508872743,0.2852289925258738,3.6439044146837665,4.900597704524126,0.21829935377925533,0.19602390818093746
0.6039999999999778,9.0,0.6039999999999778,4.9999645088727425,0.28522899252524603,3.6439044146821162,4.900597704521283,0.2182993537874569,0.19602390818150184
0.623999999999977,9.0,0.623999999999977,4.9999645088727425,0.28522899252495787,3.6439044146836386,4.900597704537614,0.21829935378968157,0.19602390818152582
0.6439999999999761,9.0,0.6439999999999761,4.9999645088727425,0.2852289925253695,3.6439044146820994,4.900597704518834,0.21829935377595208,0.19602390818076018
0.6639999999999753,9.0,0.6639999999999753,4.999964508872743,0.28522899252538786,3.6439044146833783,4.900597704522629,0.21829935378207116,0.19602390818089555
0.6839999999999745,9.0,0.6839999999999745,4.9999645088727425,0.28522899252533973,3.6439044146827815,4.900597704522813,0.21829935378280968,0.19602390818091764
0.7039999999999736,9.0,0.7039999999999736,4.999964508872743,0.2852289925254613,3.6439044146828232,4.90059770452285,0.21829935378258897,0.19602390818090942
0.7239999999999729,9.0,0.7239999999999729,4.9999645088727425,0.28522899252511996,3.6439044146824493,4.900597704522396,0.21829935378273685,0.19602390818093338
0.743999999999972,9.0,0.743999999999972,4.999964508872744,0.2852289925251661,3.6439044146822774,4.90059770452226,0.21829935378279858,0.19602390818093088
0.7639999999999713,9.0,0.7639999999999713,4.9999645088727425,0.28522899252588607,3.6439044146830533,4.900597704523,0.21829935378255344,0.19602390818090348
0.7839999999999704,9.0,0.7839999999999704,4.999964508872745,0.2852289925257379,3.64390441468274,4.900597704522769,0.21829935378235094,0.19602390818090498
0.7849999999999697,9.0,0.7849999999999697,4.99996450887275,0.2852289925246097,3.6439044146616943,4.900597704326421,0.2182993534905391,0.19602390816871615
0.8009999999999701,9.0,0.8009999999999701,4.9999645088727505,0.2852289925265007,3.6439044147004545,4.900597704678935,0.21829935397163083,0.1960239081881359
0.8209999999999693,9.0,0.8209999999999693,4.999964508872743,0.2852289925261265,3.643904414683247,4.900597704535439,0.21829935378538518,0.19602390818082477
0.8409999999999684,9.0,0.8409999999999684,4.999964508872744,0.2852289925254526,3.6439044146832282,4.900597704523603,0.21829935377934728,0.19602390818094104
0.8609999999999676,9.0,0.8609999999999676,4.999964508872743,0.28522899252571515,3.6439044146824604,4.900597704521574,0.2182993537873814,0.19602390818148038
0.8809999999999668,9.0,0.8809999999999668,4.999964508872745,0.2852289925254468,3.643904414683969,4.900597704537928,0.21829935378956256,0.19602390818151935
0.900999999999966,9.0,0.900999999999966,4.999964508872744,0.28522899252605866,3.643904414682433,4.900597704519109,0.21829935377575224,0.1960239081807541
0.9209999999999652,9.0,0.9209999999999652,4.999964508872744,0.28522899252562656,3.6439044146821944,4.900597704521463,0.21829935378169413,0.19602390818087476
0.9409999999999643,9.0,0.9409999999999643,4.999964508872744,0.28522899252548584,3.6439044146828246,4.900597704522793,0.21829935378322088,0.1960239081809231
0.9609999999999636,9.0,0.9609999999999636,4.999964508872744,0.2852289925256741,3.6439044146826696,4.90059770452267,0.21829935378270932,0.1960239081809088
0.9809999999999628,9.0,0.9809999999999628,4.999964508872746,0.28522899252540335,3.6439044146822868,4.900597704522285,0.21829935378258275,0.1960239081809135
1.000999999999962,9.0,1.000999999999962,4.999964508872744,0.2852289925255812,3.643904414683084,4.900597704523051,0.21829935378264848,0.19602390818091395
1.020999999999961,9.0,1.020999999999961,4.999964508872745,0.2852289925258086,3.643904414682941,4.900597704522919,0.21829935378247528,0.19602390818091808
1.0409999999999604,9.0,1.0409999999999604,4.999964508872746,0.2852289925261091,3.6439044146830977,4.900597704523088,0.21829935378220927,0.19602390818089802
1.0419999999999596,9.0,1.0419999999999596,4.999964508872753,0.28522899252495637,3.6439044146617827,4.9005977043265325,0.2182993534906146,0.19602390816872853
1.0579999999999599,9.0,1.0579999999999599,4.999964508872753,0.28522899252601125,3.6439044147006343,4.900597704679068,0.21829935397166902,0.1960239081881439
1.0779999999999592,9.0,1.0779999999999592,4.999964508872743,0.28522899252566525,3.6439044146830137,4.900597704535132,0.21829935378513293,0.19602390818080742
1.0979999999999583,9.0,1.0979999999999583,4.999964508872743,0.2852289925251184,3.6439044146836634,4.900597704524005,0.21829935377913232,0.19602390818091495
1.1179999999999575,9.0,1.1179999999999575,4.999964508872742,0.2852289925253843,3.643904414682572,4.90059770452171,0.21829935378747467,0.19602390818149637
1.1379999999999566,9.0,1.1379999999999566,4.999964508872744,0.2852289925256699,3.643904414683964,4.900597704537923,0.21829935378952303,0.19602390818152274
1.157999999999956,9.0,1.157999999999956,4.999964508872745,0.28522899252536216,3.6439044146821087,4.900597704518736,0.21829935377571671,0.1960239081807528
1.177999999999955,9.0,1.177999999999955,4.999964508872744,0.2852289925254739,3.6439044146821424,4.900597704521365,0.21829935378142723,0.19602390818084195
1.1979999999999542,9.0,1.1979999999999542,4.9999645088727425,0.2852289925253983,3.643904414682772,4.900597704522786,0.2182993537830317,0.1960239081809009
1.2179999999999533,9.0,1.2179999999999533,4.999964508872745,0.28522899252527184,3.6439044146831874,4.90059770452323,0.21829935378300153,0.19602390818093185
1.2379999999999527,9.0,1.2379999999999527,4.999964508872745,0.28522899252611256,3.6439044146832176,4.900597704523225,0.21829935378228743,0.19602390818090398
1.257999999999952,9.0,1.257999999999952,4.999964508872746,0.28522899252562567,3.643904414682725,4.900597704522732,0.2182993537823758,0.19602390818092208
1.2779999999999512,9.0,1.2779999999999512,4.999964508872746,0.2852289925254203,3.6439044146827984,4.900597704522822,0.21829935378245308,0.19602390818091647
1.2979999999999503,9.0,1.2979999999999503,4.999964508872746,0.28522899252539596,3.6439044146829493,4.90059770452292,0.21829935378242776,0.19602390818091173
1.2989999999999493,9.0,1.2989999999999493,4.999964508872752,0.28522899252436934,3.6439044146622783,4.900597704326867,0.21829935349051424,0.1960239081687185
1.3149999999999498,9.0,1.3149999999999498,4.999964508872751,0.28522899252568945,3.643904414699891,4.900597704678469,0.21829935397147096,0.19602390818813833
1.334999999999949,9.0,1.334999999999949,4.999964508872743,0.28522899252565526,3.643904414683575,4.900597704535696,0.2182993537852364,0.19602390818080967
1.3549999999999482,9.0,1.3549999999999482,4.999964508872743,0.28522899252536593,3.6439044146829915,4.900597704523364,0.21829935378669355,0.1960239081815677
1.3749999999999474,9.0,1.3749999999999474,4.999964508872745,0.28522899252527184,3.643904414683661,4.900597704536953,0.21829935378766277,0.1960239081814994
1.3949999999999465,9.0,1.3949999999999465,4.999964508872745,0.28522899252599726,3.6439044146823316,4.900597704518881,0.21829935377510165,0.19602390818071944
1.4149999999999459,9.0,1.4149999999999459,4.999964508872743,0.28522899252568845,3.64390441468331,4.900597704522574,0.21829935378206006,0.19602390818089765
1.434999999999945,9.0,1.434999999999945,4.999964508872743,0.28522899252564243,3.6439044146828117,4.900597704522861,0.2182993537830082,0.19602390818092985
1.4549999999999441,9.0,1.4549999999999441,4.999964508872745,0.2852289925254857,3.6439044146823916,4.900597704522447,0.2182993537824997,0.19602390818090049
1.4749999999999432,9.0,1.4749999999999432,4.999964508872745,0.2852289925257066,3.643904414682654,4.900597704522615,0.21829935378267734,0.19602390818091675
1.4949999999999424,9.0,1.4949999999999424,4.999964508872746,0.2852289925252957,3.643904414683178,4.900597704523162,0.21829935378244109,0.1960239081809031
1.5149999999999417,9.0,1.5149999999999417,4.999964508872746,0.28522899252513767,3.643904414682328,4.900597704522289,0.2182993537822488,0.19602390818090412
1.5349999999999409,9.0,1.5349999999999409,4.999964508872743,0.28522899252555906,3.643904414682484,4.900597704522479,0.2182993537827333,0.1960239081809262
1.55499999999994,9.0,1.55499999999994,4.999964508872745,0.2852289925253763,3.6439044146829866,4.9005977045229425,0.2182993537825348,0.19602390818090742
1.5559999999999394,9.0,1.5559999999999394,4.9999645088727505,0.28522899252483647,3.6439044146619435,4.900597704326646,0.2182993534905249,0.19602390816871346
1.57199999999994,9.0,1.57199999999994,4.999964508872752,0.28522899252568035,3.6439044146998603,4.900597704678408,0.2182993539716224,0.19602390818814183
1.591999999999939,9.0,1.591999999999939,4.999964508872743,0.2852289925255707,3.6439044146832327,4.900597704535345,0.21829935378519955,0.19602390818080234
1.6119999999999381,9.0,1.6119999999999381,4.999964508872746,0.2852289925252663,3.6439044146833734,4.900597704523792,0.21829935377917095,0.19602390818092122
1.6319999999999375,9.0,1.6319999999999375,4.999964508872746,0.28522899252562395,3.6439044146821704,4.900597704521338,0.21829935378753906,0.19602390818149773
1.6519999999999366,9.0,1.6519999999999366,4.999964508872743,0.2852289925256664,3.6439044146845,4.900597704538462,0.21829935378967535,0.19602390818152413
1.6719999999999358,9.0,1.6719999999999358,4.999964508872742,0.2852289925252076,3.6439044146823227,4.900597704518985,0.21829935377535967,0.19602390818073395
1.691999999999935,9.0,1.691999999999935,4.999964508872747,0.28522899252531647,3.6439044146827895,4.900597704522067,0.21829935378176163,0.19602390818088158
1.711999999999934,9.0,1.711999999999934,4.999964508872744,0.2852289925254135,3.643904414682715,4.9005977045227205,0.21829935378294202,0.19602390818091586
1.7319999999999334,9.0,1.7319999999999334,4.999964508872745,0.2852289925253139,3.6439044146830564,4.900597704523058,0.21829935378283055,0.19602390818092205
1.7519999999999325,9.0,1.7519999999999325,4.999964508872746,0.2852289925252646,3.643904414683232,4.900597704523251,0.21829935378238025,0.19602390818090698
1.7719999999999316,9.0,1.7719999999999316,4.999964508872745,0.28522899252577405,3.6439044146831203,4.900597704523084,0.21829935378213822,0.19602390818090043
1.791999999999931,9.0,1.791999999999931,4.999964508872745,0.2852289925254751,3.643904414682683,4.900597704522696,0.21829935378209026,0.1960239081808951
1.81199999999993,9.0,1.81199999999993,4.999964508872745,0.2852289925253032,3.643904414682986,4.900597704522995,0.21829935378240067,0.19602390818090915
1.8129999999999291,9.0,1.8129999999999291,4.9999645088727505,0.28522899252482037,3.643904414661727,4.900597704326492,0.21829935349030197,0.19602390816871113
1.8289999999999296,9.0,1.8289999999999296,4.999964508872753,0.28522899252647244,3.643904414700216,4.9005977046786775,0.21829935397162506,0.19602390818813856
1.8489999999999287,9.0,1.8489999999999287,4.999964508872746,0.28522899252568085,3.6439044146828516,4.900597704534982,0.21829935378523863,0.19602390818080687
1.8689999999999278,9.0,1.8689999999999278,4.999964508872743,0.28522899252564,3.6439044146836688,4.90059770452401,0.21829935377925755,0.19602390818091853
1.8889999999999272,9.0,1.8889999999999272,4.999964508872744,0.28522899252516953,3.643904414682532,4.900597704521644,0.21829935378736276,0.1960239081814854
1.9089999999999263,9.0,1.9089999999999263,4.9999645088727425,0.2852289925253837,3.643904414683838,4.900597704537838,0.21829935378948218,0.19602390818151755
1.9289999999999254,9.0,1.9289999999999254,4.999964508872743,0.28522899252561723,3.643904414682598,4.900597704519296,0.2182993537754969,0.19602390818073154
1.9489999999999248,9.0,1.9489999999999248,4.999964508872744,0.2852289925257931,3.64390441468284,4.900597704522105,0.2182993537818309,0.19602390818089088
1.968999999999924,9.0,1.968999999999924,4.999964508872746,0.28522899252553374,3.643904414682484,4.900597704522514,0.21829935378279636,0.19602390818090645
1.988999999999923,9.0,1.988999999999923,4.999964508872746,0.28522899252511497,3.6439044146829995,4.900597704523058,0.21829935378276882,0.19602390818091198
2.008999999999922,9.0,2.008999999999922,4.999964508872744,0.2852289925257455,3.6439044146828903,4.900597704522901,0.21829935378262405,0.1960239081809258
2.0289999999999213,9.0,2.0289999999999213,4.999964508872746,0.28522899252513484,3.6439044146828494,4.900597704522816,0.21829935378244242,0.19602390818091617
2.0489999999999204,9.0,2.0489999999999204,4.999964508872746,0.2852289925254978,3.643904414683354,4.900597704523309,0.21829935378240245,0.19602390818091114
2.06899999999992,9.0,2.06899999999992,4.999964508872745,0.28522899252601336,3.643904414682851,4.900597704522844,0.21829935378213688,0.19602390818090115
2.069999999999919,9.0,2.069999999999919,4.9999645088727505,0.2852289925246764,3.6439044146621744,4.90059770432674,0.21829935349053467,0.196023908168724
2.0859999999999195,9.0,2.0859999999999195,4.999964508872753,0.28522899252544864,3.643904414700728,4.900597704679312,0.2182993539714683,0.19602390818813584
2.1059999999999186,9.0,2.1059999999999186,4.999964508872747,0.2852289925254933,3.643904414682875,4.900597704535054,0.2182993537850872,0.19602390818081378
2.1259999999999177,9.0,2.1259999999999177,4.999964508872745,0.2852289925254018,3.6439044146833983,4.9005977045237925,0.2182993537791683,0.19602390818091942
2.1459999999999173,9.0,2.1459999999999173,4.999964508872744,0.28522899252588624,3.6439044146824635,4.900597704521605,0.21829935378702392,0.1960239081814523
2.1659999999999164,9.0,2.1659999999999164,4.999964508872744,0.28522899252573997,3.6439044146834023,4.90059770453734,0.21829935378961185,0.19602390818152518
2.1859999999999156,9.0,2.1859999999999156,4.999964508872744,0.2852289925256401,3.6439044146818595,4.9005977045185185,0.2182993537756914,0.19602390818073315
2.2059999999999147,9.0,2.2059999999999147,4.999964508872745,0.28522899252540734,3.6439044146827984,4.9005977045220614,0.21829935378224657,0.1960239081808999
2.225999999999914,9.0,2.225999999999914,4.999964508872744,0.28522899252587014,3.643904414682761,4.900597704522843,0.21829935378299709,0.19602390818091472
2.245999999999913,9.0,2.245999999999913,4.999964508872747,0.2852289925260117,3.6439044146826127,4.900597704522621,0.21829935378288695,0.19602390818093013
2.265999999999912,9.0,2.265999999999912,4.999964508872745,0.28522899252548756,3.6439044146826283,4.900597704522619,0.21829935378251125,0.1960239081809079
2.2859999999999117,9.0,2.2859999999999117,4.999964508872746,0.28522899252537914,3.6439044146832003,4.9005977045231415,0.21829935378241178,0.1960239081809029
2.305999999999911,9.0,2.305999999999911,4.999964508872745,0.2852289925256984,3.643904414683243,4.90059770452329,0.2182993537823305,0.1960239081809111
2.32599999999991,9.0,2.32599999999991,4.999964508872745,0.2852289925257969,3.6439044146828894,4.900597704522935,0.2182993537824029,0.19602390818092577
2.326999999999909,9.0,2.326999999999909,4.999964508872753,0.2852289925249798,3.643904414661673,4.900597704326431,0.21829935348992982,0.19602390816870166
2.3429999999999094,9.0,2.3429999999999094,4.999964508872756,0.28522899252617273,3.6439044147005224,4.900597704678976,0.2182993539716224,0.1960239081881384
2.3629999999999085,9.0,2.3629999999999085,4.999964508872747,0.28522899252600115,3.643904414682986,4.900597704535121,0.21829935378517867,0.19602390818080662
2.3829999999999076,9.0,2.3829999999999076,4.999964508872746,0.28522899252573347,3.6439044146836386,4.9005977045240385,0.21829935377925355,0.19602390818092302
2.4029999999999068,9.0,2.4029999999999068,4.999964508872744,0.2852289925255401,3.6439044146821025,4.900597704521219,0.21829935378739074,0.19602390818148974
2.422999999999906,9.0,2.422999999999906,4.999964508872745,0.2852289925250282,3.643904414683185,4.900597704537119,0.21829935378988186,0.1960239081815398
2.4429999999999055,9.0,2.4429999999999055,4.999964508872745,0.2852289925250616,3.6439044146824715,4.900597704519142,0.218299353775782,0.1960239081807318
2.4629999999999046,9.0,2.4629999999999046,4.999964508872745,0.2852289925255935,3.6439044146823454,4.900597704521651,0.21829935378170479,0.19602390818086893
2.4829999999999037,9.0,2.4829999999999037,4.999964508872744,0.28522899252534617,3.6439044146824586,4.900597704522468,0.2182993537829398,0.19602390818090404
2.5029999999999033,9.0,2.5029999999999033,4.999964508872746,0.2852289925255986,3.6439044146824817,4.9005977045224824,0.2182993537828088,0.19602390818091056
2.522999999999902,9.0,2.522999999999902,4.999964508872744,0.2852289925257315,3.6439044146819133,4.900597704521905,0.21829935378277016,0.196023908180922
2.5429999999999016,9.0,2.5429999999999016,4.999964508872747,0.2852289925252374,3.643904414682702,4.900597704522637,0.2182993537826285,0.1960239081808998
2.5629999999999002,9.0,2.5629999999999002,4.999964508872745,0.2852289925252715,3.643904414682721,4.900597704522722,0.21829935378265114,0.19602390818091806
2.5829999999999,9.0,2.5829999999999,4.999964508872744,0.28522899252546874,3.643904414682922,4.900597704522933,0.2182993537825601,0.19602390818091842
2.5839999999998984,9.0,2.5839999999998984,4.999964508872753,0.28522899252462663,3.643904414661936,4.900597704326636,0.21829935349039967,0.19602390816871196
2.5999999999998993,9.0,2.5999999999998993,4.999964508872758,0.28522899252597195,3.643904414701208,4.900597704679632,0.21829935397163747,0.1960239081881431
2.6199999999998984,9.0,2.6199999999998984,4.999964508872746,0.28522899252584294,3.6439044146830604,4.900597704535253,0.2182993537850903,0.19602390818082113
2.6399999999998975,9.0,2.6399999999998975,4.999964508872745,0.28522899252572176,3.6439044146828024,4.9005977045231255,0.21829935378658386,0.19602390818155488
2.659999999999897,9.0,2.659999999999897,4.999964508872744,0.2852289925257331,3.643904414683398,4.90059770453668,0.21829935378762413,0.19602390818148713
2.679999999999896,9.0,2.679999999999896,4.999964508872745,0.2852289925256646,3.6439044146820656,4.900597704518558,0.2182993537755857,0.19602390818074983
2.6999999999998954,9.0,2.6999999999998954,4.999964508872744,0.28522899252583084,3.6439044146825754,4.900597704521878,0.21829935378205562,0.19602390818088553
2.719999999999894,9.0,2.719999999999894,4.999964508872745,0.28522899252555,3.643904414682347,4.900597704522378,0.21829935378309256,0.19602390818091486
2.7399999999998936,9.0,2.7399999999998936,4.999964508872746,0.2852289925253046,3.643904414682818,4.900597704522872,0.21829935378307302,0.19602390818092943
2.7599999999998923,9.0,2.7599999999998923,4.999964508872747,0.2852289925259073,3.6439044146819235,4.900597704521954,0.21829935378279547,0.19602390818093376
2.779999999999892,9.0,2.779999999999892,4.999964508872744,0.2852289925256231,3.643904414683258,4.900597704523207,0.21829935378281498,0.19602390818092033
2.799999999999891,9.0,2.799999999999891,4.999964508872743,0.28522899252564715,3.643904414682737,4.900597704522754,0.21829935378242332,0.1960239081809155
2.81999999999989,9.0,2.81999999999989,4.999964508872745,0.2852289925254934,3.6439044146828805,4.900597704522861,0.2182993537823869,0.19602390818090953
2.8399999999998893,9.0,2.8399999999998893,4.999964508872745,0.28522899252546424,3.6439044146826953,4.90059770452268,0.21829935378263648,0.19602390818093113
2.8409999999998887,9.0,2.8409999999998887,4.999964508872752,0.2852289925250327,3.643904414662119,4.9005977043266915,0.2182993534906901,0.19602390816872134
2.856999999999889,9.0,2.856999999999889,4.999964508872756,0.2852289925257542,3.6439044147000987,4.900597704678693,0.21829935397164105,0.19602390818814378
2.8769999999998888,9.0,2.8769999999998888,4.999964508872747,0.2852289925263118,3.6439044146834085,4.900597704535501,0.2182993537853603,0.1960239081808225
2.8969999999998874,9.0,2.8969999999998874,4.999964508872747,0.28522899252556827,3.64390441468353,4.900597704523837,0.21829935377915674,0.19602390818092652
2.916999999999887,9.0,2.916999999999887,4.999964508872745,0.28522899252529466,3.643904414682781,4.900597704521881,0.21829935378758303,0.19602390818150436
2.9369999999998857,9.0,2.9369999999998857,4.999964508872747,0.2852289925255178,3.643904414683142,4.90059770453712,0.21829935378931742,0.19602390818150928
2.9569999999998853,9.0,2.9569999999998853,4.999964508872745,0.2852289925252681,3.6439044146821105,4.9005977045187805,0.2182993537756661,0.19602390818072746
2.976999999999884,9.0,2.976999999999884,4.999964508872746,0.2852289925256621,3.643904414682255,4.900597704521556,0.21829935378200055,0.19602390818088464
2.9969999999998835,9.0,2.9969999999998835,4.999964508872746,0.28522899252565104,3.6439044146828476,4.900597704522848,0.218299353783204,0.19602390818092016
3.0169999999998827,9.0,3.0169999999998827,4.999964508872746,0.2852289925255629,3.643904414683211,4.900597704523232,0.2182993537827084,0.19602390818091092
3.036999999999882,9.0,3.036999999999882,4.999964508872746,0.2852289925263577,3.643904414682566,4.90059770452255,0.21829935378247306,0.19602390818092086
3.056999999999881,9.0,3.056999999999881,4.9999645088727425,0.2852289925251455,3.643904414682399,4.900597704522398,0.21829935378248416,0.1960239081809127
3.0769999999998805,9.0,3.0769999999998805,4.999964508872746,0.2852289925254992,3.6439044146828183,4.900597704522783,0.2182993537825743,0.19602390818091142
3.096999999999879,9.0,3.096999999999879,4.999964508872745,0.28522899252551775,3.6439044146828325,4.900597704522809,0.21829935378257787,0.19602390818091953
3.0979999999998786,9.0,3.0979999999998786,4.999964508872752,0.285228992524858,3.6439044146617108,4.900597704326483,0.21829935349043253,0.1960239081687105
3.113999999999879,9.0,3.113999999999879,4.999964508872757,0.2852289925256124,3.6439044147006983,4.900597704679135,0.21829935397176803,0.1960239081881467
3.1339999999998778,9.0,3.1339999999998778,4.999964508872748,0.28522899252568057,3.64390441468331,4.900597704535466,0.21829935378514093,0.19602390818081078
3.1539999999998773,9.0,3.1539999999998773,4.999964508872748,0.28522899252561634,3.6439044146829502,4.900597704523334,0.2182993537866669,0.19602390818156287
3.1739999999998765,9.0,3.1739999999998765,4.999964508872747,0.28522899252568923,3.643904414683233,4.90059770453646,0.21829935378749313,0.19602390818148305
3.1939999999998756,9.0,3.1939999999998756,4.999964508872745,0.2852289925257345,3.6439044146826953,4.900597704519225,0.218299353775631,0.19602390818075002
3.2139999999998747,9.0,3.2139999999998747,4.999964508872745,0.28522899252521183,3.6439044146833397,4.900597704522586,0.21829935378164572,0.19602390818086776
3.2339999999998743,9.0,3.2339999999998743,4.999964508872747,0.2852289925254348,3.6439044146832362,4.900597704523236,0.21829935378302237,0.196023908180934
3.253999999999873,9.0,3.253999999999873,4.999964508872746,0.2852289925252357,3.643904414682403,4.900597704522409,0.21829935378237403,0.19602390818090107
3.2739999999998726,9.0,3.2739999999998726,4.999964508872746,0.28522899252535244,3.643904414682737,4.90059770452269,0.21829935378243265,0.19602390818089846
3.2939999999998717,9.0,3.2939999999998717,4.999964508872747,0.285228992525582,3.6439044146833246,4.900597704523338,0.21829935378270665,0.19602390818092758
3.313999999999871,9.0,3.313999999999871,4.999964508872748,0.2852289925256379,3.6439044146829795,4.9005977045229585,0.21829935378217818,0.19602390818090332
3.33399999999987,9.0,3.33399999999987,4.999964508872746,0.28522899252583567,3.643904414682692,4.900597704522702,0.21829935378245574,0.1960239081809227
3.3539999999998695,9.0,3.3539999999998695,4.999964508872745,0.2852289925253627,3.6439044146827078,4.900597704522644,0.21829935378236737,0.19602390818090545
3.3549999999998685,9.0,3.3549999999998685,4.999964508872751,0.28522899252490713,3.643904414661582,4.900597704326266,0.2182993534906599,0.19602390816871804
3.3709999999998685,9.0,3.3709999999998685,4.999964508872758,0.2852289925261064,3.6439044147000272,4.9005977046785105,0.2182993539714714,0.19602390818812
3.390999999999868,9.0,3.390999999999868,4.999964508872746,0.28522899252585504,3.643904414683523,4.900597704535604,0.21829935378520177,0.19602390818079685
3.410999999999867,9.0,3.410999999999867,4.999964508872746,0.2852289925254882,3.6439044146837762,4.900597704524174,0.21829935377905593,0.19602390818091675
3.4309999999998664,9.0,3.4309999999998664,4.9999645088727425,0.2852289925257929,3.6439044146821047,4.9005977045212505,0.21829935378679033,0.19602390818144705
3.4509999999998655,9.0,3.4509999999998655,4.999964508872747,0.28522899252539935,3.643904414683785,4.900597704537791,0.21829935378969623,0.19602390818152732
3.4709999999998646,9.0,3.4709999999998646,4.999964508872747,0.2852289925253283,3.6439044146821655,4.900597704518823,0.21829935377585216,0.19602390818075674
3.4909999999998638,9.0,3.4909999999998638,4.999964508872746,0.2852289925251058,3.6439044146821966,4.900597704521455,0.21829935378179316,0.19602390818087334
3.5109999999998633,9.0,3.5109999999998633,4.999964508872746,0.28522899252580636,3.643904414682728,4.900597704522729,0.2182993537832493,0.19602390818092247
3.530999999999862,9.0,3.530999999999862,4.999964508872749,0.28522899252534173,3.6439044146825488,4.900597704522598,0.2182993537827697,0.19602390818091184
3.5509999999998616,9.0,3.5509999999998616,4.999964508872747,0.28522899252548917,3.643904414682454,4.900597704522477,0.21829935378251747,0.19602390818090576
3.5709999999998603,9.0,3.5709999999998603,4.999964508872746,0.2852289925253153,3.643904414682625,4.900597704522636,0.2182993537825934,0.1960239081809141
3.59099999999986,9.0,3.59099999999986,4.999964508872748,0.28522899252554845,3.6439044146830617,4.900597704523068,0.2182993537826769,0.19602390818092535
3.6109999999998585,9.0,3.6109999999998585,4.999964508872747,0.28522899252569056,3.643904414682522,4.900597704522518,0.21829935378252546,0.1960239081809255
3.611999999999858,9.0,3.611999999999858,4.999964508872755,0.2852289925250017,3.6439044146622006,4.9005977043267785,0.21829935349051247,0.1960239081687121
3.6279999999998584,9.0,3.6279999999998584,4.9999645088727585,0.28522899252585565,3.643904414701127,4.90059770467971,0.21829935397171074,0.19602390818815085
3.647999999999858,9.0,3.647999999999858,4.999964508872746,0.28522899252543144,3.6439044146834747,4.900597704535654,0.21829935378492332,0.19602390818081283
3.667999999999857,9.0,3.667999999999857,4.999964508872749,0.28522899252543055,3.6439044146830253,4.900597704523341,0.2182993537865541,0.19602390818156568
3.6879999999998563,9.0,3.6879999999998563,4.999964508872747,0.28522899252571676,3.6439044146834507,4.900597704536703,0.21829935378749224,0.19602390818148593
3.7079999999998554,9.0,3.7079999999998554,4.999964508872747,0.28522899252602796,3.6439044146827535,4.900597704519301,0.218299353775631,0.19602390818075663
3.727999999999855,9.0,3.727999999999855,4.999964508872747,0.28522899252545975,3.6439044146826256,4.900597704521911,0.21829935378188686,0.19602390818089185
3.7479999999998537,9.0,3.7479999999998537,4.999964508872745,0.28522899252574274,3.6439044146825363,4.900597704522535,0.2182993537829327,0.19602390818090853
3.7679999999998532,9.0,3.7679999999998532,4.999964508872748,0.28522899252524936,3.643904414683083,4.9005977045231,0.21829935378289672,0.1960239081809198
3.787999999999852,9.0,3.787999999999852,4.999964508872746,0.28522899252544487,3.643904414682527,4.9005977045225295,0.21829935378262938,0.19602390818092702
3.8079999999998515,9.0,3.8079999999998515,4.999964508872747,0.28522899252520834,3.643904414682533,4.9005977045225695,0.2182993537825339,0.19602390818091425
3.82799999999985,9.0,3.82799999999985,4.999964508872748,0.28522899252539935,3.6439044146832598,4.900597704523261,0.21829935378250637,0.19602390818091006
3.8479999999998498,9.0,3.8479999999998498,4.999964508872746,0.28522899252526757,3.64390441468278,4.900597704522811,0.21829935378224347,0.1960239081809062
3.867999999999849,9.0,3.867999999999849,4.999964508872747,0.2852289925255535,3.6439044146823902,4.900597704522366,0.2182993537823052,0.19602390818090498
3.868999999999848,9.0,3.868999999999848,4.999964508872755,0.28522899252500006,3.6439044146620203,4.900597704326565,0.2182993534903455,0.1960239081687009
3.884999999999849,9.0,3.884999999999849,4.9999645088727585,0.28522899252581524,3.6439044147004935,4.900597704679056,0.21829935397170633,0.19602390818814297
3.9049999999998475,9.0,3.9049999999998475,4.99996450887275,0.28522899252555806,3.6439044146836235,4.900597704535754,0.2182993537851547,0.19602390818081256
3.924999999999847,9.0,3.924999999999847,4.999964508872747,0.2852289925254143,3.6439044146831443,4.900597704523511,0.21829935377909504,0.19602390818093124
3.9449999999998457,9.0,3.9449999999998457,4.999964508872747,0.2852289925250288,3.6439044146824293,4.90059770452154,0.2182993537876199,0.1960239081815014
3.9649999999998453,9.0,3.9649999999998453,4.999964508872747,0.28522899252558936,3.6439044146835857,4.900597704537589,0.2182993537896163,0.19602390818152246
3.984999999999844,9.0,3.984999999999844,4.999964508872746,0.2852289925256951,3.6439044146820425,4.900597704518716,0.21829935377577755,0.19602390818074614
4.004999999999844,9.0,4.004999999999844,4.999964508872744,0.28522899252569656,3.643904414682755,4.900597704521991,0.21829935378195436,0.19602390818088275
4.024999999999842,9.0,4.024999999999842,4.999964508872745,0.2852289925256313,3.643904414682601,4.90059770452263,0.21829935378295667,0.19602390818091153
4.044999999999842,9.0,4.044999999999842,4.999964508872749,0.28522899252531475,3.6439044146825172,4.900597704522568,0.218299353782704,0.19602390818090826
4.064999999999841,9.0,4.064999999999841,4.999964508872748,0.28522899252538325,3.6439044146826913,4.900597704522636,0.21829935378268267,0.19602390818091875
4.08499999999984,9.0,4.08499999999984,4.999964508872747,0.28522899252565254,3.643904414682418,4.900597704522398,0.21829935378271065,0.1960239081809278
4.10499999999984,9.0,4.10499999999984,4.999964508872747,0.2852289925250855,3.643904414683304,4.900597704523269,0.2182993537826738,0.19602390818091972
4.124999999999838,9.0,4.124999999999838,4.999964508872746,0.28522899252539646,3.6439044146826305,4.900597704522603,0.2182993537826063,0.1960239081809359
4.125999999999838,9.0,4.125999999999838,4.999964508872753,0.28522899252490175,3.643904414662164,4.900597704326748,0.2182993534901119,0.19602390816869886
4.141999999999839,9.0,4.141999999999839,4.999964508872754,0.28522899252577977,3.6439044147007826,4.900597704679437,0.21829935397147984,0.1960239081881351
4.161999999999837,9.0,4.161999999999837,4.999964508872747,0.28522899252571043,3.643904414683639,4.900597704535791,0.218299353785172,0.19602390818082552
4.181999999999837,9.0,4.181999999999837,4.999964508872745,0.28522899252551287,3.6439044146832282,4.900597704523613,0.21829935377920917,0.19602390818094523
4.201999999999836,9.0,4.201999999999836,4.999964508872749,0.28522899252546374,3.6439044146819772,4.900597704521042,0.21829935378755816,0.19602390818149956
4.221999999999835,9.0,4.221999999999835,4.999964508872746,0.28522899252567585,3.6439044146831376,4.900597704537074,0.21829935378996268,0.1960239081815386
4.241999999999834,9.0,4.241999999999834,4.999964508872746,0.28522899252573464,3.6439044146823396,4.900597704519049,0.21829935377606177,0.19602390818075147
4.2619999999998335,9.0,4.2619999999998335,4.999964508872748,0.28522899252603945,3.6439044146828086,4.900597704522034,0.21829935378181003,0.1960239081808744
4.281999999999833,9.0,4.281999999999833,4.999964508872746,0.2852289925255511,3.643904414682809,4.900597704522836,0.21829935378278345,0.19602390818090068
4.301999999999832,9.0,4.301999999999832,4.999964508872748,0.28522899252531736,3.643904414683193,4.900597704523217,0.21829935378263693,0.19602390818090962
4.321999999999831,9.0,4.321999999999831,4.999964508872746,0.28522899252565276,3.6439044146829334,4.900597704522949,0.2182993537823989,0.1960239081809147
4.34199999999983,9.0,4.34199999999983,4.999964508872747,0.2852289925253701,3.6439044146829516,4.900597704522888,0.2182993537822861,0.19602390818090645
4.36199999999983,9.0,4.36199999999983,4.999964508872747,0.28522899252570316,3.64390441468259,4.900597704522574,0.21829935378231496,0.19602390818090626
4.381999999999829,9.0,4.381999999999829,4.999964508872749,0.2852289925251745,3.6439044146824218,4.900597704522427,0.21829935378251702,0.19602390818091336
4.382999999999829,9.0,4.382999999999829,4.999964508872756,0.28522899252448647,3.6439044146615918,4.9005977043262465,0.2182993534904201,0.19602390816870113
4.398999999999828,9.0,4.398999999999828,4.999964508872756,0.2852289925263431,3.6439044147008173,4.900597704679316,0.21829935397151534,0.19602390818812054
4.418999999999827,9.0,4.418999999999827,4.999964508872748,0.28522899252614314,3.6439044146832797,4.900597704535443,0.21829935378504278,0.1960239081808036
4.438999999999826,9.0,4.438999999999826,4.999964508872749,0.2852289925259263,3.6439044146831696,4.900597704523538,0.21829935377927756,0.1960239081809387
4.4589999999998255,9.0,4.4589999999998255,4.999964508872747,0.28522899252587824,3.643904414682058,4.90059770452116,0.21829935378762122,0.1960239081814998
4.478999999999825,9.0,4.478999999999825,4.999964508872746,0.28522899252589456,3.6439044146834276,4.9005977045373905,0.21829935378978282,0.196023908181526
4.498999999999825,9.0,4.498999999999825,4.999964508872748,0.2852289925254395,3.6439044146824315,4.900597704519142,0.2182993537757549,0.19602390818073562
4.518999999999823,9.0,4.518999999999823,4.999964508872747,0.28522899252536604,3.6439044146830133,4.900597704522267,0.2182993537819175,0.19602390818088936
4.538999999999823,9.0,4.538999999999823,4.999964508872749,0.2852289925254685,3.6439044146823467,4.90059770452238,0.21829935378273507,0.19602390818090418
4.558999999999822,9.0,4.558999999999822,4.999964508872748,0.2852289925256075,3.6439044146829858,4.9005977045229585,0.21829935378300153,0.1960239081809298
4.578999999999821,9.0,4.578999999999821,4.999964508872748,0.2852289925255379,3.6439044146820914,4.900597704522083,0.21829935378239046,0.19602390818090276
4.59899999999982,9.0,4.59899999999982,4.999964508872748,0.28522899252540806,3.6439044146827357,4.900597704522699,0.21829935378292026,0.1960239081809331
4.6189999999998195,9.0,4.6189999999998195,4.99996450887275,0.2852289925256522,3.64390441468318,4.900597704523146,0.2182993537824926,0.19602390818090815
4.638999999999818,9.0,4.638999999999818,4.999964508872747,0.2852289925258693,3.643904414682996,4.900597704522973,0.21829935378232962,0.19602390818091098
4.639999999999818,9.0,4.639999999999818,4.999964508872755,0.2852289925246341,3.64390441466154,4.900597704326316,0.21829935349066878,0.19602390816872947
4.655999999999818,9.0,4.655999999999818,4.999964508872758,0.28522899252615075,3.6439044147001747,4.900597704678555,0.21829935397180003,0.19602390818814605
4.675999999999817,9.0,4.675999999999817,4.99996450887275,0.2852289925253929,3.643904414683581,4.900597704535671,0.21829935378549975,0.19602390818082124
4.695999999999817,9.0,4.695999999999817,4.999964508872749,0.2852289925252371,3.643904414683451,4.900597704523832,0.21829935377916607,0.19602390818092674
4.715999999999816,9.0,4.715999999999816,4.999964508872746,0.2852289925252178,3.6439044146819284,4.900597704521053,0.21829935378712695,0.1960239081814661
4.735999999999815,9.0,4.735999999999815,4.999964508872747,0.2852289925255186,3.643904414683741,4.900597704537744,0.2182993537897282,0.19602390818152138
4.755999999999815,9.0,4.755999999999815,4.999964508872748,0.285228992525725,3.6439044146830195,4.900597704519695,0.2182993537756501,0.19602390818073606
4.775999999999813,9.0,4.775999999999813,4.999964508872747,0.285228992525619,3.643904414682946,4.9005977045222116,0.21829935378183446,0.19602390818090049
4.795999999999813,9.0,4.795999999999813,4.999964508872748,0.2852289925255992,3.643904414682936,4.9005977045229505,0.2182993537827937,0.19602390818091284
4.8159999999998115,9.0,4.8159999999998115,4.999964508872749,0.28522899252571254,3.643904414683265,4.9005977045232845,0.21829935378254722,0.196023908180907
4.835999999999811,9.0,4.835999999999811,4.999964508872747,0.28522899252513806,3.6439044146825204,4.90059770452255,0.21829935378248017,0.19602390818092388
4.85599999999981,9.0,4.85599999999981,4.999964508872748,0.28522899252545225,3.6439044146826864,4.900597704522687,0.21829935378247173,0.1960239081809113
4.875999999999809,9.0,4.875999999999809,4.999964508872747,0.28522899252600864,3.6439044146825093,4.900597704522482,0.2182993537825894,0.19602390818092008
4.895999999999808,9.0,4.895999999999808,4.999964508872748,0.2852289925256689,3.6439044146832567,4.9005977045232205,0.21829935378277282,0.19602390818093005
4.8969999999998075,9.0,4.8969999999998075,4.999964508872754,0.2852289925252028,3.6439044146617423,4.900597704326529,0.21829935349053733,0.1960239081687211
4.912999999999808,9.0,4.912999999999808,4.999964508872758,0.28522899252612216,3.6439044147005726,4.900597704678978,0.2182993539715589,0.19602390818813523
4.932999999999807,9.0,4.932999999999807,4.999964508872749,0.28522899252581524,3.6439044146834085,4.9005977045355005,0.21829935378500903,0.19602390818079568
4.952999999999807,9.0,4.952999999999807,4.999964508872749,0.2852289925254519,3.6439044146830892,4.900597704523383,0.2182993537865692,0.1960239081815536
4.972999999999805,9.0,4.972999999999805,4.999964508872748,0.2852289925253827,3.6439044146840227,4.900597704537253,0.21829935378765034,0.19602390818149737
4.992999999999805,9.0,4.992999999999805,4.999964508872748,0.28522899252590295,3.643904414681987,4.900597704518542,0.21829935377526596,0.19602390818074145
5.0129999999998045,9.0,5.0129999999998045,4.999964508872748,0.28522899252526973,3.643904414683382,4.900597704522624,0.21829935378212487,0.1960239081808965
5.032999999999803,9.0,5.032999999999803,4.999964508872749,0.2852289925257464,3.6439044146823907,4.900597704522387,0.2182993537827484,0.19602390818090665
5.052999999999802,9.0,5.052999999999802,4.999964508872748,0.2852289925252277,3.643904414682796,4.900597704522795,0.21829935378275728,0.19602390818090915
5.0729999999998014,9.0,5.0729999999998014,4.999964508872748,0.2852289925255199,3.643904414681944,4.900597704521936,0.21829935378265025,0.19602390818091997
5.092999999999801,9.0,5.092999999999801,4.999964508872747,0.2852289925258755,3.6439044146824986,4.900597704522484,0.2182993537825499,0.19602390818089613
5.1129999999998,9.0,5.1129999999998,4.999964508872748,0.2852289925251476,3.643904414682724,4.900597704522719,0.2182993537827848,0.1960239081809254
5.132999999999798,9.0,5.132999999999798,4.999964508872747,0.28522899252574624,3.6439044146821447,4.900597704522113,0.21829935378242687,0.19602390818090545
5.152999999999798,9.0,5.152999999999798,4.999964508872746,0.2852289925255167,3.643904414682806,4.900597704522749,0.2182993537825339,0.19602390818090065
5.153999999999797,9.0,5.153999999999797,4.999964508872753,0.28522899252465017,3.643904414662267,4.900597704326852,0.21829935349088195,0.1960239081687211
5.169999999999798,9.0,5.169999999999798,4.999964508872755,0.28522899252574424,3.643904414700764,4.900597704679324,0.21829935397169523,0.19602390818815046
5.189999999999797,9.0,5.189999999999797,4.999964508872749,0.2852289925260741,3.643904414683161,4.900597704535335,0.21829935378496507,0.19602390818081006
5.209999999999796,9.0,5.209999999999796,4.999964508872748,0.2852289925257183,3.643904414683777,4.900597704524106,0.21829935377921492,0.1960239081809348
5.229999999999796,9.0,5.229999999999796,4.999964508872748,0.2852289925256803,3.6439044146825124,4.900597704521626,0.21829935378719756,0.19602390818147933
5.249999999999795,9.0,5.249999999999795,4.999964508872749,0.28522899252555545,3.6439044146839383,4.900597704537947,0.21829935378958076,0.1960239081815264
5.2699999999997935,9.0,5.2699999999997935,4.999964508872746,0.28522899252531936,3.643904414682237,4.900597704518916,0.21829935377553242,0.19602390818073676
5.289999999999793,9.0,5.289999999999793,4.999964508872748,0.2852289925255964,3.64390441468277,4.900597704522041,0.2182993537820272,0.19602390818089743
5.309999999999793,9.0,5.309999999999793,4.99996450887275,0.28522899252519424,3.643904414682827,4.900597704522851,0.21829935378307214,0.19602390818092452
5.329999999999791,9.0,5.329999999999791,4.999964508872748,0.28522899252536665,3.643904414683013,4.900597704522997,0.21829935378274573,0.1960239081809182
5.34999999999979,9.0,5.34999999999979,4.999964508872747,0.28522899252548795,3.6439044146827793,4.900597704522829,0.21829935378246507,0.19602390818091386
5.36999999999979,9.0,5.36999999999979,4.999964508872748,0.28522899252541695,3.643904414682741,4.900597704522721,0.21829935378234339,0.1960239081809059
5.389999999999789,9.0,5.389999999999789,4.999964508872749,0.2852289925253992,3.6439044146825292,4.900597704522516,0.21829935378257298,0.1960239081809221
5.409999999999789,9.0,5.409999999999789,4.999964508872749,0.28522899252532447,3.6439044146828747,4.9005977045229026,0.21829935378273196,0.19602390818092852
5.410999999999787,9.0,5.410999999999787,4.999964508872756,0.2852289925247229,3.643904414661552,4.90059770432629,0.21829935349032684,0.1960239081687063
5.426999999999787,9.0,5.426999999999787,4.999964508872759,0.285228992525716,3.64390441470086,4.900597704679272,0.21829935397152156,0.19602390818812487
5.446999999999786,9.0,5.446999999999786,4.999964508872748,0.2852289925260017,3.643904414683786,4.900597704535964,0.2182993537849704,0.196023908180796
5.4669999999997865,9.0,5.4669999999997865,4.999964508872749,0.28522899252535966,3.643904414683462,4.900597704523758,0.21829935377898263,0.1960239081809267
5.486999999999785,9.0,5.486999999999785,4.999964508872748,0.2852289925257332,3.643904414682512,4.900597704521696,0.21829935378766607,0.19602390818151375
5.506999999999785,9.0,5.506999999999785,4.999964508872748,0.2852289925255619,3.643904414683404,4.900597704537386,0.21829935378948795,0.19602390818151832
5.526999999999783,9.0,5.526999999999783,4.999964508872748,0.28522899252539335,3.6439044146823374,4.900597704518949,0.21829935377595208,0.19602390818075688
5.546999999999783,9.0,5.546999999999783,4.999964508872749,0.2852289925252395,3.64390441468263,4.9005977045219264,0.21829935378203874,0.1960239081808944
5.566999999999782,9.0,5.566999999999782,4.999964508872748,0.2852289925257225,3.643904414682716,4.900597704522754,0.21829935378297752,0.196023908180913
5.586999999999781,9.0,5.586999999999781,4.999964508872748,0.2852289925248518,3.6439044146832202,4.900597704523241,0.21829935378255474,0.19602390818089874
5.60699999999978,9.0,5.60699999999978,4.999964508872747,0.2852289925253193,3.643904414683057,4.900597704523055,0.218299353782553,0.1960239081809273
5.62699999999978,9.0,5.62699999999978,4.99996450887275,0.2852289925253042,3.6439044146830235,4.900597704522988,0.2182993537824615,0.19602390818092438
5.646999999999779,9.0,5.646999999999779,4.999964508872748,0.28522899252540374,3.6439044146830533,4.900597704523011,0.21829935378234827,0.19602390818091286
5.666999999999778,9.0,5.666999999999778,4.999964508872749,0.28522899252528866,3.643904414682436,4.900597704522411,0.21829935378254234,0.19602390818092866
5.667999999999779,9.0,5.667999999999779,4.999964508872756,0.28522899252515144,3.643904414661741,4.900597704326392,0.2182993534907123,0.1960239081687189
5.683999999999778,9.0,5.683999999999778,4.999964508872758,0.2852289925257419,3.643904414699639,4.900597704678199,0.21829935397145675,0.19602390818812204
5.703999999999777,9.0,5.703999999999777,4.99996450887275,0.28522899252587813,3.643904414683536,4.900597704535596,0.21829935378550597,0.19602390818081739
5.723999999999776,9.0,5.723999999999776,4.99996450887275,0.28522899252548345,3.643904414682938,4.900597704523284,0.218299353786531,0.19602390818154697
5.743999999999775,9.0,5.743999999999775,4.999964508872748,0.285228992525383,3.6439044146833095,4.9005977045365645,0.21829935378773915,0.19602390818150242
5.763999999999775,9.0,5.763999999999775,4.999964508872749,0.28522899252565526,3.643904414682138,4.90059770451867,0.21829935377538232,0.19602390818073204
5.783999999999773,9.0,5.783999999999773,4.999964508872748,0.2852289925252016,3.643904414682849,4.90059770452205,0.21829935378193216,0.1960239081808779
5.803999999999773,9.0,5.803999999999773,4.999964508872749,0.2852289925257282,3.6439044146825834,4.900597704522622,0.21829935378311163,0.19602390818092214
5.823999999999772,9.0,5.823999999999772,4.99996450887275,0.28522899252516026,3.6439044146832265,4.9005977045232685,0.21829935378287763,0.19602390818092133
5.843999999999772,9.0,5.843999999999772,4.99996450887275,0.28522899252530126,3.6439044146830746,4.900597704523062,0.21829935378248283,0.19602390818092066
5.863999999999771,9.0,5.863999999999771,4.99996450887275,0.2852289925254686,3.643904414682832,4.900597704522841,0.21829935378222615,0.1960239081809047
5.883999999999769,9.0,5.883999999999769,4.99996450887275,0.28522899252549117,3.643904414683201,4.900597704523123,0.2182993537824242,0.19602390818091542
5.903999999999768,9.0,5.903999999999768,4.99996450887275,0.28522899252514833,3.643904414683076,4.900597704523077,0.21829935378223636,0.1960239081809046
5.923999999999769,9.0,5.923999999999769,4.9999645088727505,0.2852289925255439,3.643904414682541,4.900597704522545,0.2182993537824242,0.196023908180921
5.92499999999977,9.0,5.92499999999977,4.999964508872756,0.28522899252483014,3.643904414662202,4.900597704326777,0.21829935349027443,0.1960239081687046
5.940999999999768,9.0,5.940999999999768,4.999964508872758,0.2852289925260792,3.643904414699714,4.90059770467826,0.21829935397166014,0.19602390818814766
5.960999999999767,9.0,5.960999999999767,4.99996450887275,0.28522899252602746,3.6439044146836426,4.900597704535726,0.21829935378527282,0.19602390818080662
5.980999999999765,9.0,5.980999999999765,4.999964508872748,0.2852289925254809,3.643904414683711,4.900597704524055,0.21829935377940055,0.19602390818095017
6.000999999999765,9.0,6.000999999999765,4.999964508872748,0.28522899252553846,3.6439044146823614,4.9005977045215054,0.21829935378739784,0.19602390818149623
6.0209999999997645,9.0,6.0209999999997645,4.999964508872746,0.2852289925258112,3.643904414683905,4.900597704537914,0.2182993537894018,0.19602390818150833
6.040999999999763,9.0,6.040999999999763,4.99996450887275,0.2852289925255111,3.64390441468245,4.900597704519099,0.21829935377553641,0.19602390818073537
6.060999999999762,9.0,6.060999999999762,4.99996450887275,0.2852289925260679,3.643904414682573,4.900597704521812,0.21829935378167414,0.19602390818087234
6.080999999999762,9.0,6.080999999999762,4.99996450887275,0.2852289925257522,3.643904414682415,4.900597704522443,0.21829935378314141,0.1960239081809257
6.100999999999761,9.0,6.100999999999761,4.999964508872749,0.2852289925254304,3.6439044146828192,4.900597704522837,0.2182993537829549,0.19602390818092288
6.12099999999976,9.0,6.12099999999976,4.999964508872748,0.2852289925252207,3.6439044146828077,4.900597704522875,0.21829935378273996,0.1960239081809287
6.140999999999758,9.0,6.140999999999758,4.9999645088727505,0.2852289925252668,3.643904414681737,4.9005977045217,0.21829935378240156,0.19602390818091028
6.160999999999759,9.0,6.160999999999759,4.999964508872749,0.2852289925255794,3.643904414683161,4.9005977045231885,0.21829935378267865,0.19602390818090343
6.180999999999758,9.0,6.180999999999758,4.99996450887275,0.28522899252561323,3.6439044146826958,4.900597704522714,0.21829935378250548,0.19602390818091917
6.181999999999759,9.0,6.181999999999759,4.999964508872756,0.28522899252467543,3.643904414662026,4.9005977043267,0.21829935349069188,0.19602390816872187
6.197999999999757,9.0,6.197999999999757,4.999964508872758,0.28522899252624634,3.6439044147010367,4.900597704679576,0.2182993539713457,0.19602390818812454
6.217999999999757,9.0,6.217999999999757,4.99996450887275,0.2852289925257045,3.6439044146836435,4.900597704535789,0.21829935378513293,0.196023908180825
6.237999999999756,9.0,6.237999999999756,4.999964508872749,0.285228992525831,3.6439044146835284,4.900597704523902,0.21829935377917364,0.19602390818094326
6.257999999999755,9.0,6.257999999999755,4.99996450887275,0.2852289925252762,3.6439044146824466,4.9005977045216,0.2182993537873179,0.1960239081814875
6.2779999999997536,9.0,6.2779999999997536,4.999964508872749,0.2852289925254046,3.6439044146835426,4.900597704537496,0.21829935378969179,0.19602390818153365
6.297999999999754,9.0,6.297999999999754,4.9999645088727505,0.2852289925256224,3.643904414682281,4.900597704518931,0.2182993537755293,0.19602390818072338
6.317999999999753,9.0,6.317999999999753,4.99996450887275,0.28522899252611483,3.643904414683058,4.900597704522315,0.2182993537817825,0.19602390818087304
6.337999999999751,9.0,6.337999999999751,4.9999645088727505,0.28522899252559314,3.6439044146824537,4.900597704522444,0.2182993537827413,0.19602390818090373
6.35799999999975,9.0,6.35799999999975,4.99996450887275,0.2852289925254699,3.643904414682553,4.900597704522559,0.21829935378282034,0.196023908180916
6.3779999999997505,9.0,6.3779999999997505,4.9999645088727505,0.28522899252539036,3.6439044146824258,4.900597704522409,0.21829935378279502,0.19602390818092655
6.397999999999749,9.0,6.397999999999749,4.999964508872749,0.2852289925255238,3.6439044146832376,4.90059770452322,0.21829935378253656,0.1960239081809062
6.417999999999749,9.0,6.417999999999749,4.999964508872748,0.28522899252578615,3.6439044146823716,4.900597704522344,0.21829935378247572,0.1960239081809235
6.4379999999997475,9.0,6.4379999999997475,4.9999645088727505,0.28522899252530665,3.643904414682557,4.900597704522519,0.21829935378247972,0.19602390818090673
6.438999999999748,9.0,6.438999999999748,4.999964508872756,0.2852289925249649,3.6439044146617254,4.900597704326327,0.21829935349052312,0.19602390816870585
6.454999999999748,9.0,6.454999999999748,4.999964508872758,0.28522899252595374,3.6439044146997444,4.900597704678318,0.21829935397171166,0.1960239081881364
6.4749999999997465,9.0,6.4749999999997465,4.999964508872748,0.2852289925260449,3.643904414682992,4.900597704535154,0.21829935378536075,0.19602390818080806
6.494999999999745,9.0,6.494999999999745,4.9999645088727505,0.28522899252567424,3.6439044146832305,4.900597704523619,0.2182993537793508,0.1960239081809293
6.514999999999745,9.0,6.514999999999745,4.99996450887275,0.28522899252585643,3.643904414682345,4.90059770452145,0.21829935378774556,0.19602390818150872
6.534999999999744,9.0,6.534999999999744,4.999964508872748,0.285228992525605,3.6439044146842234,4.900597704538146,0.21829935378955811,0.1960239081815158
6.554999999999743,9.0,6.554999999999743,4.99996450887275,0.2852289925253118,3.643904414682586,4.900597704519283,0.21829935377542317,0.19602390818073168
6.574999999999742,9.0,6.574999999999742,4.9999645088727505,0.2852289925256652,3.643904414682869,4.9005977045221805,0.21829935378182602,0.19602390818089277
6.594999999999741,9.0,6.594999999999741,4.999964508872751,0.2852289925256632,3.643904414682753,4.900597704522769,0.21829935378301218,0.1960239081809273
6.614999999999741,9.0,6.614999999999741,4.99996450887275,0.2852289925254422,3.6439044146832624,4.900597704523291,0.21829935378279502,0.1960239081809218
6.63499999999974,9.0,6.63499999999974,4.999964508872749,0.2852289925255517,3.643904414682832,4.900597704522842,0.21829935378233495,0.19602390818091014
6.654999999999739,9.0,6.654999999999739,4.9999645088727505,0.2852289925253601,3.6439044146824258,4.900597704522446,0.2182993537826285,0.19602390818093265
6.674999999999738,9.0,6.674999999999738,4.99996450887275,0.285228992525516,3.6439044146829374,4.900597704522949,0.2182993537826498,0.19602390818092133
6.694999999999737,9.0,6.694999999999737,4.999964508872751,0.2852289925254171,3.6439044146827246,4.900597704522772,0.21829935378241622,0.1960239081809111
6.695999999999739,9.0,6.695999999999739,4.9999645088727585,0.28522899252494194,3.6439044146619572,4.900597704326618,0.21829935349059595,0.1960239081687188
6.711999999999737,9.0,6.711999999999737,4.999964508872759,0.285228992526161,3.6439044147004247,4.90059770467894,0.21829935397138925,0.19602390818812523
6.731999999999736,9.0,6.731999999999736,4.9999645088727505,0.28522899252559564,3.643904414683183,4.900597704535312,0.2182993537853754,0.19602390818082804
6.751999999999736,9.0,6.751999999999736,4.9999645088727505,0.2852289925257545,3.643904414683751,4.900597704524088,0.21829935377917184,0.19602390818092408
6.771999999999735,9.0,6.771999999999735,4.99996450887275,0.28522899252565853,3.643904414682379,4.9005977045215445,0.21829935378701015,0.19602390818146143
6.791999999999733,9.0,6.791999999999733,4.99996450887275,0.28522899252589756,3.643904414683421,4.900597704537379,0.21829935378970866,0.19602390818153498
6.811999999999733,9.0,6.811999999999733,4.99996450887275,0.28522899252560624,3.6439044146819812,4.900597704518653,0.21829935377597162,0.1960239081807578
6.8319999999997325,9.0,6.8319999999997325,4.999964508872749,0.2852289925261525,3.643904414682154,4.900597704521437,0.21829935378184956,0.19602390818087012
6.851999999999732,9.0,6.851999999999732,4.999964508872751,0.28522899252590767,3.6439044146832185,4.900597704523204,0.21829935378302148,0.19602390818090068
6.871999999999731,9.0,6.871999999999731,4.99996450887275,0.28522899252548567,3.643904414682624,4.9005977045226565,0.2182993537828492,0.19602390818093146
6.8919999999997295,9.0,6.8919999999997295,4.999964508872747,0.2852289925258567,3.643904414683212,4.900597704523205,0.21829935378246018,0.19602390818090695
6.911999999999729,9.0,6.911999999999729,4.999964508872751,0.2852289925255011,3.6439044146829236,4.900597704522873,0.21829935378252635,0.1960239081809298
6.931999999999729,9.0,6.931999999999729,4.999964508872747,0.2852289925254472,3.643904414682909,4.900597704522936,0.21829935378239712,0.19602390818091453
6.951999999999727,9.0,6.951999999999727,4.999964508872751,0.28522899252585054,3.643904414682559,4.900597704522545,0.21829935378233362,0.19602390818090829
6.9529999999997285,9.0,6.9529999999997285,4.999964508872758,0.28522899252472733,3.6439044146621953,4.9005977043267475,0.21829935349060928,0.19602390816871626
6.968999999999727,9.0,6.968999999999727,4.9999645088727585,0.28522899252565037,3.643904414699835,4.900597704678449,0.21829935397147096,0.1960239081881336
6.988999999999726,9.0,6.988999999999726,4.999964508872749,0.28522899252564143,3.6439044146827664,4.9005977045348725,0.2182993537852213,0.19602390818080673
7.008999999999725,9.0,7.008999999999725,4.9999645088727505,0.2852289925257319,3.643904414683264,4.9005977045236015,0.21829935377964835,0.19602390818094967
7.028999999999725,9.0,7.028999999999725,4.999964508872748,0.28522899252555656,3.6439044146821646,4.900597704521251,0.21829935378785437,0.1960239081815152
7.048999999999723,9.0,7.048999999999723,4.999964508872748,0.2852289925254823,3.643904414683948,4.900597704537889,0.21829935378989607,0.1960239081815382
7.068999999999724,9.0,7.068999999999724,4.999964508872748,0.2852289925253834,3.643904414681947,4.900597704518654,0.2182993537755897,0.19602390818073684
7.088999999999722,9.0,7.088999999999722,4.99996450887275,0.28522899252534173,3.6439044146836923,4.900597704522899,0.2182993537819974,0.19602390818088744
7.108999999999721,9.0,7.108999999999721,4.9999645088727505,0.2852289925256965,3.6439044146831288,4.900597704523142,0.21829935378292203,0.19602390818093374
7.12899999999972,9.0,7.12899999999972,4.9999645088727505,0.28522899252534034,3.643904414682512,4.900597704522553,0.2182993537827484,0.19602390818093413
7.14899999999972,9.0,7.14899999999972,4.999964508872749,0.28522899252558087,3.6439044146824577,4.900597704522442,0.21829935378282922,0.19602390818093618
7.168999999999719,9.0,7.168999999999719,4.9999645088727505,0.2852289925256336,3.6439044146832824,4.900597704523281,0.21829935378248327,0.19602390818090307
7.188999999999718,9.0,7.188999999999718,4.999964508872752,0.28522899252508294,3.6439044146828206,4.900597704522865,0.2182993537823354,0.19602390818091295
7.208999999999717,9.0,7.208999999999717,4.999964508872748,0.2852289925256861,3.6439044146831576,4.900597704523206,0.21829935378247395,0.1960239081809208
7.2099999999997175,9.0,7.2099999999997175,4.999964508872756,0.2852289925245516,3.6439044146619777,4.900597704326723,0.21829935349045207,0.19602390816872448
7.225999999999717,9.0,7.225999999999717,4.9999645088727585,0.2852289925254486,3.6439044147004997,4.900597704678972,0.21829935397137504,0.1960239081881295
7.245999999999716,9.0,7.245999999999716,4.999964508872752,0.2852289925262045,3.643904414683517,4.9005977045356435,0.21829935378512316,0.19602390818080728
7.265999999999715,9.0,7.265999999999715,4.999964508872751,0.2852289925258157,3.643904414683172,4.900597704523552,0.2182993537793313,0.19602390818094553
7.285999999999715,9.0,7.285999999999715,4.9999645088727505,0.28522899252539835,3.643904414682238,4.900597704521345,0.21829935378709409,0.19602390818145604
7.305999999999714,9.0,7.305999999999714,4.999964508872751,0.28522899252549583,3.643904414683744,4.900597704537704,0.2182993537896385,0.19602390818151894
7.325999999999713,9.0,7.325999999999713,4.9999645088727505,0.2852289925255009,3.6439044146820927,4.9005977045186855,0.21829935377569185,0.19602390818074053
7.345999999999711,9.0,7.345999999999711,4.9999645088727505,0.2852289925256171,3.6439044146826287,4.900597704521916,0.21829935378208803,0.19602390818089407
7.365999999999712,9.0,7.365999999999712,4.999964508872751,0.28522899252533507,3.643904414682352,4.900597704522378,0.21829935378316007,0.19602390818092666
7.385999999999711,9.0,7.385999999999711,4.999964508872748,0.28522899252534295,3.643904414682313,4.900597704522345,0.2182993537827937,0.19602390818090829
7.405999999999709,9.0,7.405999999999709,4.9999645088727505,0.28522899252530204,3.643904414682414,4.900597704522392,0.21829935378289406,0.19602390818092807
7.425999999999709,9.0,7.425999999999709,4.99996450887275,0.2852289925251491,3.6439044146826562,4.900597704522604,0.21829935378269555,0.19602390818091753
7.445999999999708,9.0,7.445999999999708,4.9999645088727505,0.28522899252585876,3.6439044146827295,4.900597704522693,0.21829935378267512,0.19602390818092327
7.465999999999707,9.0,7.465999999999707,4.99996450887275,0.2852289925257171,3.643904414683098,4.90059770452307,0.2182993537825077,0.19602390818091356
7.466999999999708,9.0,7.466999999999708,4.9999645088727585,0.2852289925248319,3.6439044146618125,4.900597704326581,0.2182993534905551,0.19602390816872128
7.4829999999997066,9.0,7.4829999999997066,4.999964508872759,0.2852289925254754,3.6439044146998105,4.9005977046782725,0.21829935397143188,0.19602390818812815
7.502999999999705,9.0,7.502999999999705,4.9999645088727505,0.2852289925257786,3.6439044146830626,4.9005977045351745,0.21829935378537363,0.19602390818081053
7.522999999999706,9.0,7.522999999999706,4.999964508872751,0.2852289925255616,3.6439044146836395,4.900597704524029,0.2182993537795209,0.19602390818094342
7.542999999999704,9.0,7.542999999999704,4.99996450887275,0.28522899252538414,3.6439044146819537,4.90059770452104,0.21829935378734722,0.19602390818148588
7.562999999999703,9.0,7.562999999999703,4.9999645088727505,0.28522899252547806,3.643904414683306,4.900597704537261,0.21829935378990006,0.19602390818153675
7.582999999999702,9.0,7.582999999999702,4.999964508872751,0.2852289925257222,3.643904414682409,4.900597704519046,0.21829935377607465,0.19602390818075915
7.602999999999702,9.0,7.602999999999702,4.9999645088727505,0.2852289925256466,3.6439044146822366,4.900597704521504,0.21829935378175053,0.19602390818087126
7.622999999999701,9.0,7.622999999999701,4.999964508872751,0.2852289925255755,3.643904414682528,4.900597704522506,0.21829935378298818,0.19602390818090346
7.6429999999997005,9.0,7.6429999999997005,4.9999645088727505,0.28522899252502487,3.6439044146826522,4.900597704522625,0.21829935378288917,0.19602390818091697
7.662999999999699,9.0,7.662999999999699,4.999964508872751,0.2852289925254043,3.643904414683161,4.900597704523129,0.2182993537827817,0.19602390818092713
7.682999999999699,9.0,7.682999999999699,4.999964508872751,0.28522899252526046,3.643904414682513,4.900597704522469,0.21829935378240423,0.19602390818091614
7.702999999999697,9.0,7.702999999999697,4.9999645088727505,0.2852289925255858,3.6439044146825874,4.9005977045225455,0.218299353782692,0.19602390818092796
7.722999999999697,9.0,7.722999999999697,4.9999645088727505,0.2852289925255897,3.6439044146828454,4.9005977045228635,0.21829935378269422,0.19602390818092466
7.723999999999698,9.0,7.723999999999698,4.999964508872757,0.28522899252467365,3.6439044146617467,4.900597704326485,0.21829935349053023,0.19602390816871362
7.739999999999697,9.0,7.739999999999697,4.999964508872761,0.28522899252612377,3.6439044147006907,4.900597704679119,0.21829935397133104,0.196023908188117
7.759999999999696,9.0,7.759999999999696,4.999964508872751,0.2852289925263327,3.6439044146832043,4.900597704535332,0.2182993537853461,0.19602390818082757
7.779999999999695,9.0,7.779999999999695,4.999964508872751,0.28522899252562006,3.643904414683481,4.900597704523847,0.21829935377925846,0.19602390818093296
7.799999999999693,9.0,7.799999999999693,4.999964508872747,0.2852289925254429,3.643904414682046,4.900597704521187,0.2182993537875395,0.19602390818149995
7.819999999999694,9.0,7.819999999999694,4.99996450887275,0.28522899252587547,3.643904414683544,4.900597704537506,0.21829935378979792,0.1960239081815305
7.8399999999996925,9.0,7.8399999999996925,4.99996450887275,0.2852289925256959,3.6439044146823174,4.900597704518993,0.21829935377577844,0.19602390818074142
7.859999999999692,9.0,7.859999999999692,4.999964508872751,0.28522899252569944,3.6439044146823556,4.900597704521613,0.218299353781985,0.19602390818089185
7.879999999999691,9.0,7.879999999999691,4.9999645088727505,0.2852289925260564,3.6439044146831145,4.900597704523155,0.21829935378328838,0.19602390818093163
7.89999999999969,9.0,7.89999999999969,4.9999645088727505,0.2852289925257234,3.643904414682651,4.900597704522716,0.2182993537827746,0.19602390818092594
7.919999999999689,9.0,7.919999999999689,4.9999645088727505,0.2852289925254909,3.6439044146829636,4.900597704522946,0.21829935378237048,0.19602390818090062
7.939999999999689,9.0,7.939999999999689,4.999964508872751,0.2852289925256809,3.643904414682715,4.9005977045227125,0.21829935378238113,0.1960239081809105
7.959999999999687,9.0,7.959999999999687,4.9999645088727505,0.28522899252552064,3.643904414682952,4.900597704522909,0.21829935378239135,0.19602390818090723
7.979999999999688,9.0,7.979999999999688,4.9999645088727505,0.28522899252570083,3.643904414682587,4.900597704522603,0.21829935378252457,0.19602390818092189
7.980999999999688,9.0,7.980999999999688,4.999964508872757,0.28522899252469025,3.6439044146619364,4.900597704326544,0.2182993534905391,0.19602390816871348
7.996999999999686,9.0,7.996999999999686,4.9999645088727585,0.2852289925263064,3.6439044147009443,4.900597704679529,0.21829935397148514,0.19602390818812893
8.016999999999685,9.0,8.016999999999685,4.999964508872751,0.28522899252599426,3.6439044146831785,4.900597704535301,0.21829935378500326,0.1960239081808102
8.036999999999685,9.0,8.036999999999685,4.9999645088727505,0.28522899252561934,3.6439044146834934,4.900597704523834,0.2182993537792904,0.19602390818093868
8.056999999999684,9.0,8.056999999999684,4.9999645088727505,0.28522899252598444,3.6439044146819013,4.900597704521057,0.21829935378728904,0.19602390818147877
8.076999999999684,9.0,8.076999999999684,4.99996450887275,0.2852289925257279,3.643904414683265,4.900597704537258,0.21829935378986498,0.1960239081815323
8.096999999999682,9.0,8.096999999999682,4.99996450887275,0.28522899252576406,3.643904414682424,4.9005977045190825,0.21829935377594764,0.19602390818074766
8.116999999999681,9.0,8.116999999999681,4.9999645088727505,0.28522899252518574,3.6439044146834476,4.900597704522686,0.2182993537819477,0.19602390818088877
8.13699999999968,9.0,8.13699999999968,4.999964508872751,0.285228992525153,3.643904414682765,4.900597704522801,0.21829935378260895,0.19602390818090434
8.15699999999968,9.0,8.15699999999968,4.9999645088727505,0.28522899252540534,3.6439044146831736,4.900597704523174,0.2182993537828541,0.19602390818093274
8.17699999999968,9.0,8.17699999999968,4.9999645088727505,0.28522899252511147,3.64390441468302,4.900597704522982,0.2182993537822288,0.19602390818089943
8.196999999999678,9.0,8.196999999999678,4.999964508872751,0.2852289925254852,3.643904414682566,4.900597704522569,0.21829935378233095,0.19602390818091026
8.216999999999677,9.0,8.216999999999677,4.999964508872753,0.2852289925253561,3.643904414682086,4.900597704522059,0.2182993537826458,0.1960239081809253
8.236999999999677,9.0,8.236999999999677,4.99996450887275,0.2852289925257873,3.6439044146827713,4.900597704522786,0.21829935378257964,0.19602390818090154
8.237999999999678,9.0,8.237999999999678,4.9999645088727585,0.2852289925247279,3.6439044146622015,4.90059770432678,0.21829935349050358,0.19602390816870474
8.253999999999676,9.0,8.253999999999676,4.999964508872761,0.2852289925261528,3.643904414700437,4.900597704678967,0.21829935397147984,0.1960239081881336
8.273999999999676,9.0,8.273999999999676,4.999964508872751,0.28522899252585854,3.6439044146830706,4.9005977045352065,0.21829935378508186,0.19602390818080973
8.293999999999675,9.0,8.293999999999675,4.999964508872754,0.28522899252517564,3.643904414683329,4.900597704523673,0.21829935377917006,0.1960239081809241
8.313999999999673,9.0,8.313999999999673,4.999964508872751,0.2852289925249357,3.6439044146820128,4.900597704521138,0.21829935378715581,0.19602390818146215
8.333999999999673,9.0,8.333999999999673,4.99996450887275,0.28522899252532163,3.643904414683527,4.9005977045375175,0.21829935378971843,0.19602390818152077
8.353999999999672,9.0,8.353999999999672,4.9999645088727505,0.2852289925255402,3.643904414682124,4.900597704518801,0.21829935377578022,0.19602390818074134
8.373999999999672,9.0,8.373999999999672,4.999964508872752,0.2852289925256012,3.643904414682604,4.900597704521907,0.21829935378205917,0.19602390818089302
8.393999999999672,9.0,8.393999999999672,4.999964508872751,0.28522899252564404,3.643904414682495,4.900597704522516,0.2182993537828354,0.19602390818089985
8.41399999999967,9.0,8.41399999999967,4.9999645088727505,0.2852289925258466,3.6439044146827153,4.900597704522718,0.2182993537830193,0.1960239081809314
8.433999999999669,9.0,8.433999999999669,4.999964508872751,0.2852289925260185,3.6439044146832993,4.9005977045233005,0.21829935378254367,0.19602390818091006
8.453999999999668,9.0,8.453999999999668,4.9999645088727505,0.28522899252523753,3.643904414683062,4.900597704523041,0.2182993537823132,0.1960239081809138
8.473999999999668,9.0,8.473999999999668,4.9999645088727505,0.28522899252531125,3.6439044146830115,4.900597704523012,0.21829935378229365,0.19602390818091153
8.493999999999666,9.0,8.493999999999666,4.999964508872751,0.2852289925254634,3.6439044146828685,4.900597704522933,0.21829935378230342,0.19602390818090965
8.494999999999667,9.0,8.494999999999667,4.9999645088727585,0.28522899252450695,3.6439044146619075,4.900597704326632,0.2182993534905995,0.1960239081687261
8.510999999999667,9.0,8.510999999999667,4.99996450887276,0.28522899252601164,3.6439044147002817,4.900597704678717,0.2182993539714674,0.19602390818813248
8.530999999999665,9.0,8.530999999999665,4.999964508872751,0.28522899252605777,3.6439044146836994,4.90059770453582,0.2182993537850783,0.19602390818079676
8.550999999999664,9.0,8.550999999999664,4.99996450887275,0.28522899252571415,3.643904414683469,4.900597704523827,0.21829935377923715,0.19602390818094048
8.570999999999664,9.0,8.570999999999664,4.999964508872751,0.28522899252537015,3.6439044146821287,4.900597704521273,0.21829935378733745,0.1960239081814856
8.590999999999664,9.0,8.590999999999664,4.999964508872752,0.28522899252543243,3.6439044146832837,4.90059770453728,0.21829935378962562,0.19602390818151869
8.610999999999663,9.0,8.610999999999663,4.999964508872753,0.2852289925255905,3.6439044146824116,4.9005977045191305,0.21829935377579932,0.1960239081807376
8.630999999999661,9.0,8.630999999999661,4.999964508872752,0.2852289925256307,3.6439044146825443,4.90059770452182,0.21829935378146587,0.19602390818084967
8.65099999999966,9.0,8.65099999999966,4.999964508872751,0.2852289925250897,3.643904414682791,4.900597704522829,0.21829935378290868,0.19602390818090606
8.67099999999966,9.0,8.67099999999966,4.999964508872752,0.28522899252522366,3.6439044146825053,4.900597704522566,0.21829935378284876,0.1960239081809252
8.69099999999966,9.0,8.69099999999966,4.9999645088727505,0.28522899252580763,3.6439044146817867,4.900597704521807,0.21829935378275017,0.19602390818092585
8.710999999999657,9.0,8.710999999999657,4.999964508872751,0.28522899252530964,3.643904414683198,4.90059770452318,0.21829935378274037,0.19602390818090765
8.730999999999657,9.0,8.730999999999657,4.9999645088727505,0.28522899252541584,3.6439044146829933,4.900597704523023,0.2182993537823163,0.1960239081809036
8.750999999999657,9.0,8.750999999999657,4.999964508872751,0.2852289925257182,3.6439044146826562,4.900597704522673,0.21829935378241355,0.19602390818091875
8.751999999999658,9.0,8.751999999999658,4.9999645088727585,0.28522899252480327,3.643904414661937,4.900597704326552,0.2182993534901794,0.1960239081687028
8.767999999999656,9.0,8.767999999999656,4.99996450887276,0.2852289925263743,3.6439044147007755,4.900597704679282,0.2182993539711685,0.1960239081881084
8.787999999999656,9.0,8.787999999999656,4.999964508872752,0.28522899252622147,3.643904414683667,4.900597704535849,0.21829935378526127,0.19602390818082469
8.807999999999655,9.0,8.807999999999655,4.999964508872753,0.28522899252591055,3.643904414683111,4.900597704523433,0.21829935377907633,0.1960239081809327
8.827999999999655,9.0,8.827999999999655,4.999964508872753,0.2852289925256983,3.6439044146820807,4.900597704521327,0.2182993537875879,0.19602390818149718
8.847999999999653,9.0,8.847999999999653,4.9999645088727505,0.2852289925252414,3.6439044146833055,4.900597704537255,0.21829935378977927,0.1960239081815296
8.867999999999652,9.0,8.867999999999652,4.999964508872749,0.2852289925253172,3.6439044146827615,4.900597704519435,0.2182993537759743,0.19602390818075152
8.887999999999652,9.0,8.887999999999652,4.9999645088727505,0.2852289925254531,3.6439044146828614,4.900597704522173,0.21829935378187887,0.196023908180893
8.907999999999651,9.0,8.907999999999651,4.9999645088727505,0.28522899252536316,3.6439044146829,4.900597704522912,0.2182993537830042,0.1960239081809267
8.927999999999649,9.0,8.927999999999649,4.999964508872752,0.2852289925258186,3.64390441468305,4.900597704523107,0.21829935378264048,0.19602390818091348
8.947999999999649,9.0,8.947999999999649,4.999964508872751,0.28522899252541173,3.6439044146832673,4.900597704523237,0.21829935378252857,0.19602390818092302
8.967999999999648,9.0,8.967999999999648,4.999964508872753,0.28522899252522166,3.643904414682613,4.900597704522622,0.2182993537824504,0.19602390818092708
8.987999999999648,9.0,8.987999999999648,4.999964508872752,0.28522899252560063,3.643904414683282,4.90059770452322,0.21829935378248105,0.19602390818091514
9.007999999999646,9.0,9.007999999999646,4.9999645088727505,0.28522899252524037,3.64390441468243,4.900597704522423,0.2182993537823767,0.19602390818091725
9.008999999999647,9.0,9.008999999999647,4.999964508872758,0.28522899252478434,3.6439044146616753,4.900597704326302,0.21829935349063326,0.19602390816871704
9.024999999999645,9.0,9.024999999999645,4.999964508872763,0.2852289925260546,3.6439044147006423,4.90059770467919,0.21829935397165035,0.19602390818813312
9.044999999999646,9.0,9.044999999999646,4.999964508872753,0.28522899252622863,3.643904414683604,4.9005977045357545,0.21829935378512405,0.19602390818080723
9.064999999999644,9.0,9.064999999999644,4.999964508872751,0.28522899252556533,3.6439044146830524,4.900597704523378,0.21829935378643509,0.19602390818155058
9.084999999999644,9.0,9.084999999999644,4.9999645088727505,0.2852289925254587,3.643904414683701,4.900597704536944,0.2182993537877929,0.19602390818151208
9.104999999999642,9.0,9.104999999999642,4.99996450887275,0.2852289925254628,3.6439044146824404,4.900597704518912,0.2182993537752451,0.19602390818073148
9.124999999999643,9.0,9.124999999999643,4.999964508872752,0.28522899252579914,3.643904414682496,4.900597704521762,0.21829935378172877,0.19602390818087032
9.14499999999964,9.0,9.14499999999964,4.999964508872751,0.28522899252534933,3.643904414682931,4.900597704523004,0.21829935378309964,0.1960239081809154
9.16499999999964,9.0,9.16499999999964,4.9999645088727505,0.2852289925254112,3.6439044146832638,4.900597704523283,0.21829935378283588,0.19602390818092566
9.18499999999964,9.0,9.18499999999964,4.999964508872753,0.2852289925251146,3.6439044146825292,4.900597704522507,0.21829935378224036,0.19602390818090323
9.20499999999964,9.0,9.20499999999964,4.99996450887275,0.28522899252543127,3.643904414681956,4.90059770452193,0.21829935378259607,0.19602390818092125
9.224999999999637,9.0,9.224999999999637,4.999964508872751,0.2852289925254546,3.643904414682692,4.900597704522642,0.21829935378289184,0.1960239081809248
9.244999999999637,9.0,9.244999999999637,4.9999645088727505,0.28522899252557865,3.6439044146822477,4.900597704522208,0.21829935378246906,0.19602390818090215
9.264999999999636,9.0,9.264999999999636,4.999964508872752,0.28522899252587164,3.643904414682738,4.900597704522652,0.21829935378273996,0.1960239081809187
9.265999999999636,9.0,9.265999999999636,4.999964508872758,0.28522899252457967,3.6439044146619106,4.900597704326504,0.21829935349040588,0.19602390816869936
9.281999999999636,9.0,9.281999999999636,4.999964508872758,0.2852289925254792,3.6439044147004225,4.900597704678966,0.2182993539714905,0.19602390818812646
9.301999999999635,9.0,9.301999999999635,4.999964508872754,0.2852289925258924,3.6439044146835267,4.900597704535613,0.21829935378506143,0.1960239081808028
9.321999999999633,9.0,9.321999999999633,4.999964508872752,0.2852289925256781,3.643904414683075,4.900597704523431,0.21829935377898713,0.196023908180918
9.341999999999635,9.0,9.341999999999635,4.999964508872754,0.2852289925253046,3.643904414682062,4.900597704521166,0.21829935378739207,0.19602390818147883
9.361999999999632,9.0,9.361999999999632,4.999964508872751,0.2852289925253552,3.6439044146837665,4.900597704537684,0.2182993537898752,0.1960239081815332
9.381999999999632,9.0,9.381999999999632,4.999964508872752,0.2852289925251351,3.643904414682413,4.900597704519038,0.21829935377568874,0.19602390818073798
9.401999999999632,9.0,9.401999999999632,4.999964508872753,0.28522899252556444,3.6439044146828117,4.9005977045221325,0.2182993537819819,0.19602390818089452
9.421999999999631,9.0,9.421999999999631,4.999964508872753,0.2852289925251675,3.643904414682374,4.9005977045223945,0.21829935378294024,0.19602390818091728
9.441999999999629,9.0,9.441999999999629,4.999964508872752,0.28522899252559797,3.6439044146828,4.900597704522784,0.21829935378296422,0.19602390818092555
9.461999999999628,9.0,9.461999999999628,4.999964508872753,0.2852289925255596,3.643904414682353,4.900597704522359,0.2182993537825743,0.19602390818091348
9.481999999999628,9.0,9.481999999999628,4.999964508872753,0.28522899252554973,3.643904414682741,4.90059770452277,0.21829935378258897,0.1960239081809113
9.501999999999628,9.0,9.501999999999628,4.999964508872753,0.2852289925255792,3.643904414682637,4.900597704522696,0.21829935378234117,0.19602390818089965
9.521999999999625,9.0,9.521999999999625,4.999964508872753,0.2852289925258859,3.64390441468306,4.9005977045230535,0.21829935378251658,0.19602390818091542
9.522999999999627,9.0,9.522999999999627,4.999964508872759,0.2852289925248472,3.643904414662046,4.9005977043267315,0.21829935349020427,0.19602390816870674
9.538999999999625,9.0,9.538999999999625,4.999964508872761,0.285228992525509,3.643904414700226,4.9005977046787494,0.21829935397133063,0.19602390818812543
9.558999999999624,9.0,9.558999999999624,4.999964508872754,0.28522899252586176,3.6439044146832478,4.900597704535414,0.21829935378513338,0.19602390818080487
9.578999999999624,9.0,9.578999999999624,4.999964508872754,0.28522899252572986,3.6439044146833344,4.90059770452371,0.21829935377904217,0.19602390818091436
9.598999999999624,9.0,9.598999999999624,4.999964508872751,0.2852289925253846,3.643904414682489,4.900597704521645,0.21829935378765453,0.19602390818150597
9.618999999999623,9.0,9.618999999999623,4.9999645088727505,0.2852289925253275,3.6439044146832207,4.900597704537197,0.21829935378956788,0.1960239081815226
9.638999999999621,9.0,9.638999999999621,4.9999645088727505,0.2852289925256128,3.643904414682064,4.900597704518781,0.21829935377570206,0.19602390818073046
9.65899999999962,9.0,9.65899999999962,4.999964508872754,0.2852289925251736,3.643904414682173,4.9005977045214495,0.2182993537819446,0.1960239081808805
9.67899999999962,9.0,9.67899999999962,4.9999645088727505,0.2852289925255431,3.64390441468264,4.900597704522625,0.218299353783057,0.19602390818090512
9.69899999999962,9.0,9.69899999999962,4.999964508872752,0.2852289925254904,3.643904414683058,4.900597704523095,0.2182993537827115,0.1960239081809042
9.718999999999618,9.0,9.718999999999618,4.999964508872753,0.2852289925253996,3.643904414682483,4.90059770452245,0.21829935378248283,0.19602390818091586
9.738999999999617,9.0,9.738999999999617,4.9999645088727505,0.2852289925258062,3.643904414682541,4.900597704522511,0.21829935378274795,0.19602390818093082
9.758999999999617,9.0,9.758999999999617,4.999964508872753,0.28522899252592177,3.643904414682652,4.900597704522684,0.21829935378239623,0.19602390818089854
9.778999999999616,9.0,9.778999999999616,4.999964508872753,0.2852289925262097,3.64390441468267,4.900597704522697,0.21829935378250548,0.19602390818091178
9.779999999999617,9.0,9.779999999999617,4.999964508872759,0.28522899252506556,3.643904414662095,4.900597704326741,0.21829935349051335,0.19602390816871074
9.795999999999616,9.0,9.795999999999616,4.999964508872762,0.2852289925259337,3.6439044147006245,4.9005977046791696,0.21829935397176184,0.196023908188153
9.815999999999615,9.0,9.815999999999615,4.999964508872753,0.28522899252540035,3.6439044146836133,4.9005977045357945,0.21829935378522353,0.19602390818082455
9.835999999999615,9.0,9.835999999999615,4.999964508872753,0.28522899252546147,3.6439044146834325,4.900597704523768,0.21829935377924337,0.19602390818094687
9.855999999999613,9.0,9.855999999999613,4.999964508872752,0.28522899252574485,3.6439044146827917,4.900597704521882,0.21829935378763365,0.1960239081815102
9.875999999999612,9.0,9.875999999999612,4.999964508872753,0.2852289925255881,3.643904414683911,4.900597704537875,0.2182993537896687,0.19602390818153848
9.895999999999612,9.0,9.895999999999612,4.999964508872753,0.2852289925257376,3.6439044146827353,4.900597704519413,0.218299353775762,0.1960239081807559
9.915999999999611,9.0,9.915999999999611,4.999964508872754,0.2852289925252763,3.64390441468364,4.900597704522898,0.21829935378183224,0.19602390818089432
9.93599999999961,9.0,9.93599999999961,4.999964508872751,0.28522899252573086,3.6439044146827624,4.900597704522814,0.2182993537825681,0.1960239081809098
9.955999999999609,9.0,9.955999999999609,4.999964508872753,0.2852289925251948,3.643904414683056,4.900597704523037,0.21829935378251702,0.19602390818090598
9.975999999999608,9.0,9.975999999999608,4.999964508872753,0.28522899252554346,3.6439044146827753,4.900597704522755,0.2182993537824855,0.196023908180917
9.995999999999608,9.0,9.995999999999608,4.999964508872752,0.2852289925255925,3.6439044146830124,4.900597704523002,0.21829935378240423,0.19602390818090853
10.015999999999607,9.0,10.015999999999607,4.999964508872753,0.28522899252557293,3.6439044146826145,4.900597704522606,0.21829935378247928,0.19602390818092083
10.035999999999605,9.0,10.035999999999605,4.999964508872753,0.2852289925258459,3.6439044146823014,4.900597704522319,0.21829935378259607,0.1960239081809217
10.036999999999608,9.0,10.036999999999608,4.999964508872761,0.2852289925248861,3.6439044146616837,4.900597704326321,0.2182993534905542,0.1960239081687051
10.052999999999606,9.0,10.052999999999606,4.999964508872764,0.28522899252634304,3.643904414700571,4.900597704679053,0.21829935397171474,0.19602390818813598
10.072999999999606,9.0,10.072999999999606,4.999964508872753,0.28522899252587847,3.643904414683583,4.9005977045357065,0.2182993537851063,0.1960239081808047
10.092999999999604,9.0,10.092999999999604,4.999964508872753,0.28522899252564654,3.643904414682819,4.900597704523184,0.2182993537865834,0.19602390818156232
10.112999999999603,9.0,10.112999999999603,4.999964508872753,0.28522899252564016,3.643904414683681,4.900597704536936,0.21829935378774715,0.19602390818150284
10.132999999999601,9.0,10.132999999999601,4.999964508872753,0.2852289925253419,3.643904414682808,4.900597704519353,0.2182993537751727,0.19602390818072354
10.1529999999996,9.0,10.1529999999996,4.999964508872754,0.28522899252585954,3.6439044146826216,4.900597704521903,0.21829935378192727,0.1960239081808991
10.1729999999996,9.0,10.1729999999996,4.999964508872753,0.2852289925260096,3.6439044146827455,4.900597704522748,0.2182993537830428,0.19602390818091858
10.1929999999996,9.0,10.1929999999996,4.999964508872753,0.28522899252557704,3.6439044146827073,4.9005977045226885,0.21829935378278126,0.19602390818091586
10.2129999999996,9.0,10.2129999999996,4.999964508872754,0.2852289925256095,3.64390441468259,4.900597704522568,0.2182993537825188,0.196023908180908
10.232999999999599,9.0,10.232999999999599,4.999964508872756,0.28522899252570943,3.643904414681934,4.900597704521946,0.2182993537824522,0.19602390818090484
10.252999999999597,9.0,10.252999999999597,4.999964508872753,0.2852289925253386,3.643904414682674,4.900597704522718,0.21829935378266624,0.196023908180906
10.272999999999596,9.0,10.272999999999596,4.999964508872753,0.2852289925263044,3.6439044146827295,4.900597704522748,0.21829935378273596,0.19602390818092752
10.292999999999594,9.0,10.292999999999594,4.999964508872753,0.28522899252522116,3.643904414682742,4.900597704522774,0.2182993537824402,0.19602390818090928
10.293999999999597,9.0,10.293999999999597,4.999964508872759,0.2852289925247476,3.6439044146621695,4.900597704326812,0.21829935349044674,0.19602390816871093
10.309999999999595,9.0,10.309999999999595,4.999964508872761,0.2852289925257281,3.643904414700153,4.900597704678733,0.21829935397126002,0.19602390818812176
10.329999999999595,9.0,10.329999999999595,4.999964508872754,0.28522899252551037,3.6439044146828676,4.900597704535081,0.21829935378500193,0.19602390818079657
10.349999999999593,9.0,10.349999999999593,4.999964508872756,0.2852289925257421,3.643904414682947,4.900597704523258,0.21829935378685564,0.19602390818156734
10.369999999999592,9.0,10.369999999999592,4.999964508872756,0.28522899252541933,3.643904414683952,4.900597704537174,0.21829935378785462,0.19602390818150792
10.389999999999592,9.0,10.389999999999592,4.999964508872755,0.28522899252563577,3.643904414682843,4.900597704519369,0.2182993537752593,0.1960239081807372
10.409999999999592,9.0,10.409999999999592,4.999964508872753,0.285228992525358,3.6439044146821664,4.9005977045214255,0.21829935378142457,0.19602390818085952
10.429999999999591,9.0,10.429999999999591,4.999964508872754,0.2852289925254332,3.643904414682951,4.900597704522963,0.2182993537830117,0.1960239081809034
10.449999999999589,9.0,10.449999999999589,4.999964508872753,0.2852289925252645,3.643904414683048,4.900597704523059,0.21829935378268178,0.19602390818090915
10.469999999999589,9.0,10.469999999999589,4.999964508872754,0.28522899252524386,3.643904414682617,4.900597704522597,0.21829935378253967,0.1960239081809212
10.489999999999588,9.0,10.489999999999588,4.999964508872753,0.28522899252541073,3.64390441468173,4.900597704521695,0.21829935378258186,0.19602390818092044
10.509999999999586,9.0,10.509999999999586,4.999964508872754,0.28522899252561346,3.6439044146830195,4.9005977045229585,0.2182993537827577,0.1960239081809076
10.529999999999585,9.0,10.529999999999585,4.999964508872752,0.28522899252599365,3.6439044146824138,4.900597704522405,0.21829935378256587,0.19602390818091728
10.549999999999587,9.0,10.549999999999587,4.999964508872753,0.28522899252587475,3.643904414682188,4.9005977045221645,0.21829935378270843,0.1960239081809241
10.550999999999586,9.0,10.550999999999586,4.99996450887276,0.2852289925247887,3.643904414662062,4.900597704326595,0.21829935349043783,0.1960239081686937
10.566999999999585,9.0,10.566999999999585,4.999964508872764,0.28522899252612055,3.643904414700145,4.9005977046788205,0.21829935397174718,0.1960239081881444
10.586999999999584,9.0,10.586999999999584,4.999964508872755,0.28522899252640477,3.6439044146831736,4.900597704535325,0.2182993537851156,0.19602390818080698
10.606999999999584,9.0,10.606999999999584,4.999964508872754,0.28522899252500983,3.643904414683371,4.900597704523748,0.21829935377908258,0.19602390818091875
10.626999999999583,9.0,10.626999999999583,4.999964508872753,0.28522899252542616,3.643904414682789,4.900597704521923,0.218299353787484,0.19602390818149318
10.646999999999583,9.0,10.646999999999583,4.999964508872753,0.2852289925257391,3.6439044146836874,4.900597704537705,0.2182993537896576,0.19602390818153834
10.66699999999958,9.0,10.66699999999958,4.999964508872752,0.2852289925255823,3.6439044146822845,4.900597704518944,0.21829935377563722,0.1960239081807415
10.68699999999958,9.0,10.68699999999958,4.999964508872754,0.28522899252562856,3.6439044146829964,4.900597704522253,0.21829935378172477,0.1960239081808712
10.70699999999958,9.0,10.70699999999958,4.999964508872754,0.28522899252546974,3.643904414683064,4.900597704523139,0.21829935378290158,0.19602390818091597
10.726999999999578,9.0,10.726999999999578,4.999964508872755,0.28522899252520933,3.6439044146829693,4.900597704522997,0.21829935378277993,0.19602390818093102
10.746999999999577,9.0,10.746999999999577,4.999964508872755,0.2852289925254864,3.643904414682948,4.900597704522947,0.2182993537825179,0.19602390818092116
10.766999999999578,9.0,10.766999999999578,4.999964508872756,0.28522899252560746,3.643904414682948,4.900597704522956,0.2182993537824504,0.1960239081809184
10.786999999999576,9.0,10.786999999999576,4.999964508872756,0.28522899252517475,3.6439044146828823,4.900597704522851,0.21829935378245663,0.19602390818091947
10.806999999999576,9.0,10.806999999999576,4.999964508872756,0.28522899252557576,3.643904414682224,4.900597704522225,0.21829935378262538,0.19602390818093063
10.807999999999575,9.0,10.807999999999575,4.999964508872762,0.28522899252460127,3.6439044146617823,4.90059770432636,0.21829935349032506,0.19602390816869636
10.823999999999574,9.0,10.823999999999574,4.999964508872763,0.28522899252623996,3.6439044147007507,4.900597704679354,0.21829935397187594,0.19602390818814794
10.843999999999575,9.0,10.843999999999575,4.999964508872753,0.28522899252605494,3.64390441468306,4.900597704535262,0.21829935378491755,0.19602390818079657
10.863999999999574,9.0,10.863999999999574,4.999964508872753,0.28522899252553846,3.6439044146831536,4.900597704523528,0.2182993537793939,0.19602390818094484
10.883999999999572,9.0,10.883999999999572,4.999964508872752,0.2852289925253877,3.6439044146824617,4.900597704521581,0.21829935378775045,0.19602390818150905
10.903999999999572,9.0,10.903999999999572,4.999964508872753,0.2852289925251148,3.643904414683817,4.900597704537782,0.21829935378951992,0.19602390818151502
10.923999999999571,9.0,10.923999999999571,4.999964508872756,0.2852289925253193,3.6439044146823614,4.900597704519013,0.21829935377554396,0.19602390818073237
10.94399999999957,9.0,10.94399999999957,4.999964508872753,0.2852289925256126,3.643904414682939,4.900597704522137,0.21829935378177007,0.1960239081808773
10.963999999999569,9.0,10.963999999999569,4.999964508872755,0.2852289925259896,3.6439044146826576,4.9005977045226885,0.21829935378277326,0.1960239081809029
10.983999999999568,9.0,10.983999999999568,4.999964508872754,0.28522899252592115,3.643904414683168,4.900597704523143,0.21829935378274573,0.1960239081809149
11.003999999999568,9.0,11.003999999999568,4.999964508872754,0.28522899252563017,3.643904414683265,4.900597704523281,0.21829935378257875,0.19602390818092624
11.023999999999567,9.0,11.023999999999567,4.999964508872754,0.28522899252577183,3.643904414682661,4.90059770452269,0.21829935378220572,0.1960239081809079
11.043999999999565,9.0,11.043999999999565,4.999964508872752,0.2852289925253427,3.6439044146833126,4.900597704523239,0.21829935378227633,0.1960239081809004
11.063999999999565,9.0,11.063999999999565,4.999964508872753,0.2852289925257886,3.6439044146829738,4.900597704523041,0.2182993537823132,0.19602390818091317
11.064999999999564,9.0,11.064999999999564,4.99996450887276,0.28522899252480605,3.6439044146618267,4.900597704326519,0.2182993534900888,0.19602390816870835
11.080999999999566,9.0,11.080999999999566,4.999964508872763,0.2852289925258709,3.6439044147003408,4.900597704678793,0.2182993539713444,0.1960239081881218
11.100999999999564,9.0,11.100999999999564,4.999964508872754,0.2852289925263085,3.6439044146828743,4.90059770453498,0.21829935378539006,0.19602390818082144
11.120999999999563,9.0,11.120999999999563,4.999964508872753,0.2852289925257998,3.643904414683287,4.900597704523661,0.21829935377944273,0.19602390818093426
11.140999999999563,9.0,11.140999999999563,4.999964508872753,0.2852289925253203,3.643904414682136,4.9005977045213,0.218299353787464,0.1960239081814841
11.16099999999956,9.0,11.16099999999956,4.999964508872753,0.2852289925258666,3.643904414683653,4.900597704537665,0.21829935378971577,0.19602390818152463
11.18099999999956,9.0,11.18099999999956,4.999964508872752,0.28522899252521733,3.6439044146819923,4.90059770451866,0.2182993537758868,0.1960239081807562
11.20099999999956,9.0,11.20099999999956,4.999964508872753,0.28522899252557493,3.643904414682123,4.900597704521367,0.2182993537819033,0.19602390818087764
11.22099999999956,9.0,11.22099999999956,4.999964508872756,0.2852289925253602,3.6439044146830097,4.900597704522981,0.21829935378305435,0.19602390818090232
11.24099999999956,9.0,11.24099999999956,4.999964508872755,0.28522899252558553,3.6439044146824675,4.900597704522546,0.21829935378285764,0.1960239081809254
11.260999999999557,9.0,11.260999999999557,4.999964508872753,0.28522899252558015,3.643904414682769,4.900597704522729,0.21829935378279236,0.19602390818092988
11.280999999999556,9.0,11.280999999999556,4.999964508872755,0.2852289925257249,3.643904414683397,4.900597704523376,0.21829935378232518,0.19602390818089835
11.300999999999558,9.0,11.300999999999558,4.999964508872756,0.2852289925256839,3.64390441468253,4.900597704522519,0.21829935378240733,0.1960239081809251
11.320999999999554,9.0,11.320999999999554,4.999964508872753,0.2852289925251755,3.6439044146829116,4.900597704522872,0.2182993537824997,0.1960239081809149
11.321999999999557,9.0,11.321999999999557,4.99996450887276,0.28522899252461537,3.6439044146615904,4.900597704326332,0.21829935349042098,0.1960239081687122
11.337999999999555,9.0,11.337999999999555,4.999964508872763,0.2852289925258792,3.6439044147007085,4.900597704679086,0.2182993539718422,0.19602390818814805
11.357999999999553,9.0,11.357999999999553,4.999964508872754,0.2852289925259801,3.64390441468297,4.900597704535112,0.21829935378519866,0.19602390818081086
11.377999999999552,9.0,11.377999999999552,4.999964508872754,0.2852289925261095,3.643904414683553,4.900597704523891,0.21829935377940987,0.19602390818093793
11.397999999999552,9.0,11.397999999999552,4.999964508872753,0.28522899252538814,3.6439044146827126,4.900597704521831,0.21829935378700882,0.19602390818145407
11.417999999999552,9.0,11.417999999999552,4.999964508872757,0.28522899252565914,3.643904414683605,4.900597704537614,0.21829935378944842,0.19602390818151896
11.437999999999551,9.0,11.437999999999551,4.999964508872754,0.2852289925256209,3.6439044146822583,4.900597704518905,0.21829935377556706,0.19602390818073256
11.45799999999955,9.0,11.45799999999955,4.999964508872754,0.2852289925254507,3.643904414682967,4.90059770452225,0.21829935378193083,0.19602390818088666
11.477999999999549,9.0,11.477999999999549,4.999964508872754,0.28522899252598316,3.6439044146829644,4.900597704522981,0.2182993537827377,0.19602390818090157
11.497999999999548,9.0,11.497999999999548,4.999964508872755,0.28522899252560263,3.6439044146829986,4.90059770452308,0.21829935378247128,0.19602390818090057
11.517999999999546,9.0,11.517999999999546,4.999964508872756,0.2852289925256938,3.643904414682436,4.9005977045224505,0.21829935378233895,0.19602390818090698
11.537999999999546,9.0,11.537999999999546,4.999964508872754,0.2852289925252886,3.643904414682818,4.900597704522806,0.21829935378278126,0.1960239081809333
11.557999999999547,9.0,11.557999999999547,4.999964508872755,0.2852289925254136,3.643904414682991,4.900597704523023,0.21829935378262627,0.19602390818092552
11.577999999999545,9.0,11.577999999999545,4.999964508872756,0.28522899252532324,3.6439044146828974,4.900597704522882,0.21829935378261783,0.1960239081809329
11.578999999999546,9.0,11.578999999999546,4.999964508872762,0.2852289925244972,3.643904414661921,4.900597704326615,0.2182993534903002,0.19602390816871104
11.594999999999544,9.0,11.594999999999544,4.999964508872762,0.28522899252663925,3.643904414699949,4.900597704678422,0.21829935397084346,0.1960239081880893
11.614999999999544,9.0,11.614999999999544,4.999964508872754,0.2852289925259158,3.64390441468306,4.9005977045351585,0.21829935378522797,0.1960239081808024
11.634999999999543,9.0,11.634999999999543,4.999964508872755,0.28522899252591877,3.6439044146831754,4.900597704523491,0.21829935377925,0.19602390818092136
11.654999999999543,9.0,11.654999999999543,4.999964508872753,0.28522899252537093,3.643904414681989,4.9005977045211395,0.21829935378749377,0.19602390818148352
11.674999999999542,9.0,11.674999999999542,4.999964508872754,0.285228992525764,3.6439044146836816,4.900597704537654,0.2182993537899689,0.1960239081815405
11.69499999999954,9.0,11.69499999999954,4.999964508872756,0.2852289925256312,3.6439044146820034,4.9005977045186935,0.21829935377556262,0.19602390818072685
11.71499999999954,9.0,11.71499999999954,4.999964508872756,0.2852289925255193,3.6439044146830577,4.900597704522304,0.21829935378191173,0.19602390818087906
11.734999999999538,9.0,11.734999999999538,4.999964508872756,0.28522899252552814,3.643904414682831,4.9005977045228475,0.21829935378289406,0.19602390818091514
11.754999999999537,9.0,11.754999999999537,4.999964508872755,0.2852289925257368,3.6439044146829866,4.900597704523011,0.21829935378288473,0.19602390818093254
11.774999999999539,9.0,11.774999999999539,4.999964508872754,0.2852289925256235,3.6439044146828543,4.9005977045228795,0.2182993537823727,0.1960239081809071
11.794999999999536,9.0,11.794999999999536,4.999964508872756,0.28522899252582445,3.6439044146828787,4.900597704522886,0.21829935378258053,0.19602390818092746
11.814999999999536,9.0,11.814999999999536,4.999964508872757,0.28522899252527334,3.643904414682894,4.900597704522904,0.21829935378234605,0.19602390818090787
11.834999999999535,9.0,11.834999999999535,4.999964508872754,0.2852289925260504,3.6439044146825057,4.900597704522463,0.21829935378249482,0.19602390818092058
11.835999999999537,9.0,11.835999999999537,4.999964508872761,0.2852289925243345,3.643904414661627,4.9005977043262625,0.21829935349070342,0.19602390816871787
11.851999999999535,9.0,11.851999999999535,4.999964508872764,0.2852289925262835,3.6439044147006356,4.900597704679108,0.2182993539710104,0.19602390818808843
11.871999999999534,9.0,11.871999999999534,4.999964508872756,0.2852289925260197,3.6439044146837034,4.900597704535868,0.21829935378515647,0.19602390818080773
11.891999999999532,9.0,11.891999999999532,4.999964508872754,0.285228992525876,3.6439044146835884,4.900597704523864,0.21829935377914517,0.1960239081809368
11.911999999999532,9.0,11.911999999999532,4.999964508872754,0.2852289925255681,3.643904414682624,4.900597704521845,0.21829935378760434,0.19602390818151055
11.931999999999531,9.0,11.931999999999531,4.999964508872753,0.28522899252521233,3.6439044146837256,4.900597704537697,0.2182993537894542,0.19602390818152046
11.95199999999953,9.0,11.95199999999953,4.999964508872756,0.28522899252578865,3.643904414682751,4.900597704519388,0.2182993537755382,0.19602390818073206
11.971999999999529,9.0,11.971999999999529,4.999964508872756,0.28522899252580874,3.6439044146824084,4.900597704521726,0.21829935378167148,0.19602390818087836
11.99199999999953,9.0,11.99199999999953,4.999964508872755,0.2852289925254928,3.643904414682589,4.900597704522583,0.21829935378289358,0.19602390818090457
12.011999999999528,9.0,12.011999999999528,4.999964508872755,0.2852289925255952,3.6439044146824147,4.900597704522442,0.21829935378274484,0.19602390818090853
12.031999999999528,9.0,12.031999999999528,4.999964508872754,0.2852289925255912,3.6439044146829533,4.900597704522953,0.21829935378254234,0.19602390818090207
12.051999999999525,9.0,12.051999999999525,4.999964508872755,0.28522899252614836,3.643904414683207,4.90059770452317,0.21829935378231807,0.19602390818090193
12.071999999999525,9.0,12.071999999999525,4.999964508872753,0.28522899252585915,3.6439044146826682,4.90059770452268,0.21829935378227588,0.19602390818091006
12.091999999999526,9.0,12.091999999999526,4.999964508872753,0.2852289925251309,3.643904414682691,4.900597704522691,0.21829935378238247,0.196023908180908
12.092999999999526,9.0,12.092999999999526,4.999964508872761,0.28522899252458983,3.6439044146622925,4.900597704326897,0.21829935349070254,0.19602390816872142
12.108999999999524,9.0,12.108999999999524,4.999964508872765,0.2852289925259872,3.6439044147001414,4.900597704678716,0.2182993539716477,0.19602390818815005
12.128999999999523,9.0,12.128999999999523,4.999964508872755,0.28522899252609735,3.643904414683291,4.900597704535371,0.21829935378515913,0.19602390818081078
12.148999999999523,9.0,12.148999999999523,4.999964508872755,0.2852289925255859,3.643904414682984,4.900597704523334,0.21829935378642532,0.19602390818153925
12.16899999999952,9.0,12.16899999999952,4.999964508872755,0.28522899252529443,3.643904414683988,4.900597704537288,0.2182993537877547,0.19602390818150414
12.18899999999952,9.0,12.18899999999952,4.999964508872754,0.2852289925258296,3.6439044146821677,4.900597704518686,0.21829935377519935,0.1960239081807362
12.208999999999522,9.0,12.208999999999522,4.999964508872755,0.285228992525788,3.6439044146822517,4.900597704521449,0.2182993537816919,0.1960239081808642
12.22899999999952,9.0,12.22899999999952,4.999964508872756,0.28522899252579575,3.6439044146826607,4.900597704522653,0.21829935378308943,0.19602390818090445
12.24899999999952,9.0,12.24899999999952,4.999964508872755,0.28522899252550193,3.6439044146818835,4.900597704521894,0.21829935378302595,0.19602390818092894
12.268999999999517,9.0,12.268999999999517,4.999964508872756,0.28522899252530787,3.643904414682913,4.900597704522896,0.21829935378296775,0.19602390818092288
12.288999999999517,9.0,12.288999999999517,4.999964508872756,0.2852289925250374,3.643904414683015,4.90059770452306,0.21829935378248772,0.19602390818091034
12.308999999999518,9.0,12.308999999999518,4.999964508872757,0.2852289925254859,3.643904414682535,4.900597704522489,0.2182993537822852,0.19602390818090698
12.328999999999514,9.0,12.328999999999514,4.999964508872756,0.2852289925255724,3.6439044146832598,4.900597704523237,0.21829935378244064,0.1960239081809071
12.348999999999515,9.0,12.348999999999515,4.999964508872756,0.2852289925257176,3.64390441468291,4.9005977045229345,0.21829935378234339,0.19602390818091406
12.349999999999515,9.0,12.349999999999515,4.999964508872764,0.2852289925248438,3.6439044146618276,4.900597704326537,0.21829935349027532,0.1960239081687131
12.365999999999515,9.0,12.365999999999515,4.999964508872764,0.285228992526159,3.6439044147010984,4.900597704679531,0.2182993539716197,0.19602390818814036
12.385999999999513,9.0,12.385999999999513,4.999964508872755,0.2852289925261849,3.643904414683589,4.900597704535709,0.218299353785053,0.1960239081808121
12.405999999999512,9.0,12.405999999999512,4.999964508872755,0.28522899252557826,3.643904414682953,4.9005977045233395,0.21829935378645907,0.19602390818155419
12.425999999999512,9.0,12.425999999999512,4.999964508872756,0.2852289925253249,3.643904414683906,4.900597704537213,0.21829935378762502,0.1960239081814964
12.445999999999511,9.0,12.445999999999511,4.999964508872756,0.2852289925254474,3.643904414682335,4.900597704518862,0.21829935377527174,0.19602390818074036
12.46599999999951,9.0,12.46599999999951,4.999964508872756,0.28522899252504397,3.6439044146827437,4.900597704522021,0.2182993537818984,0.1960239081808854
12.485999999999509,9.0,12.485999999999509,4.999964508872756,0.2852289925250921,3.6439044146825865,4.90059770452263,0.21829935378323112,0.1960239081809334
12.505999999999508,9.0,12.505999999999508,4.999964508872756,0.28522899252544315,3.6439044146828934,4.900597704522915,0.21829935378292248,0.19602390818092477
12.52599999999951,9.0,12.52599999999951,4.999964508872756,0.28522899252560285,3.643904414682989,4.900597704522978,0.21829935378259208,0.1960239081809197
12.545999999999506,9.0,12.545999999999506,4.999964508872756,0.28522899252596934,3.6439044146829165,4.900597704522906,0.21829935378245663,0.19602390818091855
12.565999999999507,9.0,12.565999999999507,4.999964508872756,0.28522899252555595,3.643904414682897,4.900597704522889,0.2182993537824695,0.19602390818091991
12.585999999999505,9.0,12.585999999999505,4.999964508872755,0.2852289925260375,3.643904414683058,4.900597704523058,0.2182993537823274,0.1960239081809065
12.605999999999504,9.0,12.605999999999504,4.999964508872755,0.28522899252576517,3.64390441468312,4.900597704523103,0.21829935378246818,0.19602390818092238
12.606999999999505,9.0,12.606999999999505,4.999964508872763,0.2852289925250938,3.6439044146617943,4.9005977043265485,0.21829935349057375,0.19602390816872828
12.622999999999504,9.0,12.622999999999504,4.999964508872766,0.2852289925262435,3.6439044147003212,4.900597704678718,0.21829935397155845,0.19602390818813692
12.642999999999503,9.0,12.642999999999503,4.999964508872757,0.2852289925258441,3.6439044146836337,4.900597704535775,0.21829935378517956,0.19602390818080273
12.662999999999503,9.0,12.662999999999503,4.999964508872757,0.2852289925262645,3.643904414683633,4.900597704524023,0.21829935377910925,0.19602390818092727
12.682999999999502,9.0,12.682999999999502,4.999964508872757,0.28522899252539896,3.6439044146822073,4.900597704521345,0.21829935378735343,0.19602390818149168
12.7029999999995,9.0,12.7029999999995,4.999964508872754,0.2852289925255766,3.643904414683228,4.900597704537192,0.2182993537898077,0.19602390818153773
12.7229999999995,9.0,12.7229999999995,4.999964508872752,0.28522899252580414,3.6439044146824133,4.900597704519086,0.2182993537756532,0.19602390818072368
12.742999999999501,9.0,12.742999999999501,4.999964508872756,0.28522899252512046,3.643904414682151,4.900597704521415,0.21829935378177717,0.196023908180874
12.762999999999497,9.0,12.762999999999497,4.999964508872756,0.285228992525437,3.643904414682375,4.900597704522399,0.21829935378308765,0.1960239081809094
12.782999999999499,9.0,12.782999999999499,4.999964508872756,0.2852289925258797,3.6439044146827317,4.900597704522748,0.2182993537828723,0.19602390818091164
12.802999999999496,9.0,12.802999999999496,4.999964508872756,0.28522899252543554,3.6439044146829676,4.900597704522931,0.21829935378268223,0.19602390818092097
12.822999999999496,9.0,12.822999999999496,4.999964508872756,0.28522899252533734,3.6439044146832225,4.90059770452322,0.21829935378249082,0.19602390818091903
12.842999999999495,9.0,12.842999999999495,4.999964508872755,0.2852289925256938,3.6439044146829924,4.900597704523021,0.21829935378221416,0.1960239081809068
12.862999999999493,9.0,12.862999999999493,4.999964508872757,0.2852289925252683,3.643904414682396,4.900597704522368,0.21829935378219018,0.19602390818090165
12.863999999999496,9.0,12.863999999999496,4.999964508872764,0.2852289925248277,3.643904414662162,4.900597704326695,0.21829935349069365,0.19602390816871848
12.879999999999495,9.0,12.879999999999495,4.999964508872765,0.2852289925259777,3.6439044146994473,4.900597704678057,0.21829935397183334,0.19602390818815632
12.899999999999494,9.0,12.899999999999494,4.999964508872757,0.28522899252557793,3.643904414682886,4.900597704534978,0.21829935378544335,0.19602390818081514
12.919999999999492,9.0,12.919999999999492,4.9999645088727585,0.2852289925253866,3.6439044146831483,4.9005977045234985,0.21829935377951734,0.1960239081809381
12.939999999999491,9.0,12.939999999999491,4.999964508872756,0.28522899252558603,3.643904414682564,4.900597704521633,0.21829935378753196,0.1960239081814855
12.95999999999949,9.0,12.95999999999949,4.999964508872755,0.2852289925252209,3.643904414683343,4.900597704537348,0.21829935378981347,0.196023908181541
12.979999999999489,9.0,12.979999999999489,4.999964508872755,0.2852289925252885,3.6439044146827895,4.900597704519496,0.2182993537759312,0.1960239081807542
12.99999999999949,9.0,12.99999999999949,4.999964508872754,0.28522899252564554,3.643904414682667,4.900597704521939,0.21829935378136328,0.19602390818085286
13.019999999999488,9.0,13.019999999999488,4.9999645088727585,0.2852289925256386,3.643904414683173,4.900597704523201,0.21829935378293622,0.1960239081809151
13.039999999999488,9.0,13.039999999999488,4.999964508872756,0.2852289925253326,3.643904414682848,4.900597704522857,0.21829935378251614,0.19602390818090873
13.059999999999487,9.0,13.059999999999487,4.999964508872757,0.28522899252570044,3.6439044146827424,4.900597704522755,0.21829935378257298,0.196023908180922
13.079999999999485,9.0,13.079999999999485,4.999964508872756,0.2852289925252603,3.643904414682524,4.900597704522555,0.21829935378229898,0.19602390818089915
13.099999999999486,9.0,13.099999999999486,4.999964508872755,0.2852289925253647,3.643904414682912,4.900597704522921,0.2182993537825521,0.19602390818091464
13.119999999999482,9.0,13.119999999999482,4.999964508872758,0.2852289925256549,3.6439044146831665,4.900597704523123,0.21829935378260495,0.19602390818092721
13.120999999999485,9.0,13.120999999999485,4.999964508872764,0.28522899252485,3.643904414662392,4.900597704327033,0.2182993534903286,0.1960239081687154
13.136999999999484,9.0,13.136999999999484,4.999964508872764,0.2852289925255485,3.6439044147000184,4.900597704678622,0.21829935397136171,0.19602390818813728
13.156999999999483,9.0,13.156999999999483,4.999964508872758,0.2852289925257243,3.6439044146832322,4.900597704535368,0.21829935378514803,0.19602390818080878
13.176999999999481,9.0,13.176999999999481,4.999964508872756,0.2852289925255626,3.643904414683152,4.900597704523529,0.21829935377937304,0.19602390818094168
13.19699999999948,9.0,13.19699999999948,4.999964508872757,0.2852289925251593,3.643904414682746,4.900597704521866,0.2182993537873863,0.1960239081814778
13.216999999999482,9.0,13.216999999999482,4.999964508872758,0.2852289925257058,3.643904414683243,4.900597704537264,0.21829935378962917,0.19602390818153204
13.23699999999948,9.0,13.23699999999948,4.999964508872756,0.28522899252553824,3.6439044146823893,4.90059770451904,0.2182993537757922,0.19602390818074164
13.25699999999948,9.0,13.25699999999948,4.999964508872756,0.2852289925252902,3.6439044146823636,4.9005977045216405,0.21829935378175053,0.19602390818087212
13.276999999999479,9.0,13.276999999999479,4.999964508872756,0.28522899252564965,3.6439044146827917,4.900597704522791,0.21829935378326085,0.19602390818092993
13.296999999999477,9.0,13.296999999999477,4.999964508872758,0.2852289925252912,3.6439044146830164,4.900597704523077,0.2182993537826649,0.1960239081809067
13.316999999999478,9.0,13.316999999999478,4.999964508872757,0.28522899252532097,3.6439044146830137,4.900597704523021,0.21829935378232518,0.19602390818090354
13.336999999999474,9.0,13.336999999999474,4.999964508872757,0.28522899252561074,3.6439044146824453,4.900597704522394,0.21829935378248327,0.196023908180924
13.356999999999475,9.0,13.356999999999475,4.999964508872758,0.2852289925260662,3.643904414682869,4.900597704522908,0.21829935378248105,0.19602390818090729
13.376999999999475,9.0,13.376999999999475,4.999964508872756,0.28522899252565476,3.643904414683092,4.900597704523075,0.2182993537824966,0.19602390818091675
13.377999999999474,9.0,13.377999999999474,4.999964508872762,0.285228992524891,3.643904414662113,4.900597704326768,0.21829935349043253,0.19602390816871812
13.393999999999473,9.0,13.393999999999473,4.999964508872766,0.28522899252601386,3.6439044147004127,4.900597704678984,0.21829935397160108,0.1960239081881454
13.413999999999472,9.0,13.413999999999472,4.999964508872757,0.2852289925256709,3.6439044146830843,4.90059770453519,0.21829935378531634,0.19602390818082616
13.433999999999473,9.0,13.433999999999473,4.999964508872757,0.28522899252575706,3.643904414682966,4.900597704523311,0.21829935378653634,0.19602390818154383
13.453999999999471,9.0,13.453999999999471,4.999964508872756,0.2852289925257494,3.64390441468384,4.900597704537086,0.2182993537874354,0.1960239081814747
13.47399999999947,9.0,13.47399999999947,4.999964508872756,0.28522899252532213,3.6439044146827038,4.9005977045192095,0.21829935377534768,0.19602390818074267
13.493999999999469,9.0,13.493999999999469,4.999964508872756,0.28522899252576867,3.643904414682402,4.900597704521657,0.21829935378198545,0.1960239081809017
13.513999999999468,9.0,13.513999999999468,4.999964508872754,0.28522899252581024,3.643904414682453,4.900597704522455,0.21829935378295579,0.19602390818090346
13.53399999999947,9.0,13.53399999999947,4.9999645088727585,0.2852289925255665,3.6439044146827206,4.900597704522676,0.21829935378309256,0.19602390818093166
13.553999999999466,9.0,13.553999999999466,4.999964508872757,0.2852289925254124,3.6439044146822224,4.900597704522243,0.2182993537828088,0.1960239081809293
13.573999999999467,9.0,13.573999999999467,4.999964508872757,0.2852289925253719,3.643904414683131,4.900597704523104,0.21829935378261783,0.19602390818090965
13.593999999999467,9.0,13.593999999999467,4.999964508872756,0.2852289925254196,3.6439044146832504,4.900597704523262,0.21829935378223503,0.19602390818089896
13.613999999999464,9.0,13.613999999999464,4.999964508872756,0.28522899252575357,3.643904414683188,4.900597704523218,0.21829935378245174,0.19602390818092866
13.633999999999464,9.0,13.633999999999464,4.999964508872758,0.28522899252566236,3.643904414683151,4.900597704523133,0.21829935378228743,0.19602390818091575
13.634999999999465,9.0,13.634999999999465,4.999964508872765,0.2852289925247918,3.6439044146616015,4.900597704326343,0.21829935349012877,0.19602390816871418
13.650999999999465,9.0,13.650999999999465,4.999964508872767,0.28522899252575523,3.643904414700158,4.9005977046786136,0.2182993539714896,0.19602390818812768
13.670999999999463,9.0,13.670999999999463,4.999964508872756,0.2852289925256783,3.6439044146832003,4.900597704535276,0.21829935378547044,0.19602390818081947
13.690999999999462,9.0,13.690999999999462,4.9999645088727585,0.28522899252557105,3.6439044146828166,4.900597704523206,0.2182993537869147,0.1960239081815707
13.71099999999946,9.0,13.71099999999946,4.999964508872756,0.2852289925255028,3.6439044146834894,4.900597704536758,0.21829935378777068,0.19602390818149942
13.73099999999946,9.0,13.73099999999946,4.999964508872757,0.28522899252583145,3.64390441468233,4.90059770451887,0.21829935377546136,0.19602390818074264
13.750999999999461,9.0,13.750999999999461,4.9999645088727585,0.2852289925256939,3.6439044146825874,4.90059770452183,0.21829935378201698,0.19602390818089224
13.770999999999457,9.0,13.770999999999457,4.999964508872757,0.28522899252553996,3.643904414683099,4.900597704523055,0.2182993537831525,0.19602390818092164
13.790999999999459,9.0,13.790999999999459,4.9999645088727585,0.2852289925252953,3.6439044146830564,4.900597704523129,0.2182993537826991,0.1960239081809165
13.810999999999458,9.0,13.810999999999458,4.999964508872757,0.28522899252545614,3.6439044146826123,4.900597704522606,0.21829935378244553,0.19602390818091706
13.830999999999456,9.0,13.830999999999456,4.999964508872757,0.2852289925253816,3.6439044146829507,4.900597704522915,0.21829935378250237,0.19602390818091484
13.850999999999456,9.0,13.850999999999456,4.999964508872756,0.2852289925251829,3.6439044146829547,4.900597704522961,0.21829935378261384,0.19602390818092916
13.870999999999453,9.0,13.870999999999453,4.999964508872758,0.2852289925256139,3.6439044146827517,4.900597704522739,0.21829935378240112,0.1960239081809141
13.890999999999455,9.0,13.890999999999455,4.999964508872756,0.28522899252579137,3.643904414683276,4.900597704523225,0.21829935378258497,0.19602390818092422
13.891999999999456,9.0,13.891999999999456,4.999964508872765,0.28522899252468564,3.6439044146621824,4.900597704326907,0.21829935349048937,0.19602390816872373
13.907999999999454,9.0,13.907999999999454,4.999964508872768,0.28522899252602807,3.643904414699882,4.900597704678418,0.21829935397144787,0.19602390818813942
13.927999999999452,9.0,13.927999999999452,4.9999645088727585,0.28522899252637585,3.6439044146831043,4.900597704535236,0.21829935378528614,0.1960239081808121
13.947999999999452,9.0,13.947999999999452,4.999964508872756,0.2852289925257971,3.6439044146832216,4.900597704523565,0.21829935377931128,0.19602390818092988
13.967999999999453,9.0,13.967999999999453,4.999964508872756,0.28522899252546524,3.643904414682178,4.900597704521318,0.21829935378783483,0.1960239081815151
13.987999999999449,9.0,13.987999999999449,4.999964508872756,0.2852289925252767,3.643904414683473,4.900597704537427,0.2182993537898139,0.1960239081815328
14.00799999999945,9.0,14.00799999999945,4.999964508872755,0.28522899252518374,3.643904414682334,4.900597704518984,0.21829935377591744,0.19602390818075205
14.027999999999448,9.0,14.027999999999448,4.999964508872758,0.28522899252551126,3.643904414682842,4.900597704522095,0.21829935378190596,0.19602390818088467
14.047999999999448,9.0,14.047999999999448,4.999964508872757,0.28522899252520667,3.6439044146825763,4.900597704522632,0.21829935378287674,0.19602390818091006
14.067999999999447,9.0,14.067999999999447,4.999964508872757,0.2852289925253903,3.6439044146823876,4.900597704522437,0.21829935378255833,0.19602390818089752
14.087999999999445,9.0,14.087999999999445,4.999964508872758,0.28522899252537903,3.643904414683028,4.900597704522974,0.21829935378279947,0.1960239081809251
14.107999999999446,9.0,14.107999999999446,4.9999645088727585,0.28522899252579814,3.6439044146829156,4.900597704522898,0.2182993537824895,0.1960239081809171
14.127999999999446,9.0,14.127999999999446,4.999964508872756,0.2852289925259143,3.6439044146828325,4.900597704522801,0.21829935378239845,0.19602390818091298
14.147999999999444,9.0,14.147999999999444,4.999964508872757,0.28522899252507455,3.6439044146825257,4.900597704522499,0.21829935378250148,0.19602390818091905
14.148999999999445,9.0,14.148999999999445,4.999964508872764,0.285228992524728,3.643904414661267,4.900597704326014,0.21829935349051513,0.19602390816870985
14.164999999999443,9.0,14.164999999999443,4.999964508872766,0.2852289925254902,3.643904414699975,4.900597704678393,0.21829935397178138,0.1960239081881333
14.184999999999444,9.0,14.184999999999444,4.999964508872758,0.28522899252626394,3.6439044146830257,4.900597704535149,0.2182993537853501,0.19602390818080165
14.20499999999944,9.0,14.20499999999944,4.999964508872758,0.285228992525823,3.643904414683662,4.900597704523996,0.21829935377951867,0.19602390818094112
14.224999999999442,9.0,14.224999999999442,4.999964508872756,0.2852289925257336,3.643904414682225,4.900597704521329,0.2182993537876976,0.19602390818151463
14.24499999999944,9.0,14.24499999999944,4.999964508872758,0.28522899252590483,3.643904414683941,4.9005977045378915,0.218299353789432,0.19602390818150514
14.26499999999944,9.0,14.26499999999944,4.999964508872758,0.2852289925256402,3.6439044146820017,4.900597704518672,0.21829935377582463,0.19602390818075802
14.284999999999439,9.0,14.284999999999439,4.999964508872758,0.2852289925259411,3.643904414682762,4.90059770452199,0.21829935378193926,0.19602390818088292
14.304999999999437,9.0,14.304999999999437,4.9999645088727585,0.28522899252568995,3.6439044146824338,4.900597704522516,0.2182993537830637,0.19602390818092047
14.324999999999438,9.0,14.324999999999438,4.999964508872758,0.28522899252543726,3.6439044146830537,4.900597704523046,0.21829935378298598,0.19602390818092874
14.344999999999438,9.0,14.344999999999438,4.999964508872756,0.2852289925253201,3.643904414682569,4.900597704522599,0.21829935378260407,0.19602390818092422
14.364999999999435,9.0,14.364999999999435,4.999964508872758,0.28522899252554235,3.643904414682889,4.900597704522922,0.21829935378260185,0.19602390818092164
14.384999999999435,9.0,14.384999999999435,4.9999645088727585,0.285228992526123,3.643904414683108,4.900597704523151,0.2182993537823656,0.19602390818090842
14.404999999999433,9.0,14.404999999999433,4.999964508872757,0.2852289925257311,3.643904414683254,4.900597704523256,0.21829935378239623,0.19602390818091933
14.405999999999434,9.0,14.405999999999434,4.999964508872762,0.28522899252472583,3.643904414662213,4.90059770432696,0.2182993534903073,0.1960239081687218
14.421999999999432,9.0,14.421999999999432,4.999964508872764,0.2852289925260869,3.643904414700727,4.900597704679212,0.2182993539714945,0.19602390818814536
14.441999999999434,9.0,14.441999999999434,4.999964508872757,0.28522899252635814,3.6439044146829174,4.90059770453507,0.2182993537849935,0.1960239081808066
14.461999999999431,9.0,14.461999999999431,4.999964508872757,0.2852289925252311,3.6439044146835404,4.900597704523964,0.21829935377919982,0.196023908180922
14.48199999999943,9.0,14.48199999999943,4.999964508872756,0.2852289925249524,3.643904414682706,4.90059770452187,0.21829935378738718,0.19602390818148752
14.50199999999943,9.0,14.50199999999943,4.999964508872758,0.2852289925256959,3.6439044146833504,4.900597704537316,0.21829935378949683,0.19602390818152424
14.521999999999428,9.0,14.521999999999428,4.999964508872757,0.2852289925258846,3.643904414682566,4.900597704519204,0.21829935377570117,0.19602390818073595
14.54199999999943,9.0,14.54199999999943,4.999964508872758,0.28522899252559747,3.643904414682252,4.90059770452154,0.2182993537820001,0.19602390818089807
14.561999999999426,9.0,14.561999999999426,4.9999645088727585,0.2852289925252652,3.643904414682595,4.900597704522612,0.2182993537830428,0.19602390818091006
14.581999999999427,9.0,14.581999999999427,4.999964508872758,0.28522899252541306,3.643904414682932,4.900597704522891,0.21829935378279014,0.1960239081809116
14.601999999999427,9.0,14.601999999999427,4.999964508872757,0.28522899252577744,3.6439044146827078,4.900597704522712,0.21829935378237358,0.19602390818090057
14.621999999999424,9.0,14.621999999999424,4.999964508872758,0.28522899252514394,3.6439044146832216,4.900597704523182,0.218299353782553,0.19602390818091947
14.641999999999424,9.0,14.641999999999424,4.9999645088727585,0.28522899252550693,3.643904414682467,4.900597704522503,0.2182993537822457,0.19602390818090634
14.661999999999423,9.0,14.661999999999423,4.999964508872756,0.2852289925254894,3.6439044146825235,4.900597704522545,0.21829935378262938,0.1960239081809236
14.662999999999425,9.0,14.662999999999425,4.999964508872762,0.28522899252486145,3.643904414661814,4.900597704326476,0.2182993534907736,0.1960239081687188
14.678999999999423,9.0,14.678999999999423,4.9999645088727664,0.2852289925256181,3.6439044147000494,4.900597704678611,0.21829935397094383,0.19602390818808932
14.698999999999423,9.0,14.698999999999423,4.999964508872759,0.28522899252578443,3.6439044146833535,4.90059770453549,0.21829935378537718,0.19602390818081886
14.718999999999422,9.0,14.718999999999422,4.9999645088727585,0.28522899252586587,3.643904414683219,4.9005977045235785,0.21829935377941168,0.19602390818094667
14.73899999999942,9.0,14.73899999999942,4.999964508872758,0.2852289925255228,3.6439044146819923,4.90059770452113,0.218299353787333,0.19602390818147605
14.758999999999421,9.0,14.758999999999421,4.999964508872758,0.28522899252534295,3.643904414683738,4.900597704537724,0.21829935378983123,0.19602390818152976
14.778999999999417,9.0,14.778999999999417,4.999964508872755,0.28522899252545175,3.643904414682308,4.90059770451893,0.21829935377574913,0.19602390818074433
14.798999999999419,9.0,14.798999999999419,4.999964508872756,0.2852289925257951,3.643904414682372,4.900597704521636,0.21829935378195836,0.19602390818088986
14.818999999999418,9.0,14.818999999999418,4.999964508872759,0.2852289925254642,3.6439044146829684,4.900597704523002,0.21829935378321821,0.19602390818092616
14.838999999999416,9.0,14.838999999999416,4.9999645088727585,0.28522899252569633,3.643904414682374,4.9005977045224265,0.21829935378290116,0.1960239081809325
14.858999999999416,9.0,14.858999999999416,4.999964508872757,0.2852289925252592,3.6439044146818476,4.9005977045218,0.21829935378246995,0.1960239081808996
14.878999999999415,9.0,14.878999999999415,4.9999645088727585,0.2852289925255093,3.6439044146826634,4.900597704522617,0.21829935378276527,0.19602390818090856
14.898999999999415,9.0,14.898999999999415,4.999964508872759,0.2852289925252336,3.643904414682985,4.900597704522964,0.21829935378275328,0.19602390818092477
14.918999999999414,9.0,14.918999999999414,4.999964508872758,0.28522899252569117,3.643904414681992,4.900597704521999,0.21829935378258808,0.1960239081809269
14.919999999999414,9.0,14.919999999999414,4.999964508872765,0.2852289925250957,3.643904414662243,4.900597704326705,0.21829935349088903,0.19602390816871476
14.935999999999412,9.0,14.935999999999412,4.9999645088727664,0.2852289925256299,3.6439044147009056,4.900597704679528,0.21829935397190395,0.1960239081881583
14.955999999999412,9.0,14.955999999999412,4.9999645088727585,0.28522899252579353,3.6439044146838144,4.900597704535991,0.21829935378509208,0.19602390818082335
14.975999999999413,9.0,14.975999999999413,4.99996450887276,0.2852289925254178,3.6439044146833846,4.900597704523637,0.21829935377892223,0.1960239081809295
14.995999999999409,9.0,14.995999999999409,4.9999645088727585,0.28522899252601447,3.64390441468287,4.900597704522076,0.21829935378742182,0.19602390818149154
15.01599999999941,9.0,15.01599999999941,4.9999645088727585,0.28522899252584016,3.6439044146838095,4.900597704537729,0.21829935378946308,0.19602390818152546
15.03599999999941,9.0,15.03599999999941,4.9999645088727585,0.28522899252594563,3.6439044146827158,4.900597704519394,0.218299353775484,0.19602390818072965
15.055999999999408,9.0,15.055999999999408,4.99996450887276,0.2852289925255496,3.643904414682743,4.900597704522002,0.21829935378180781,0.19602390818089052
15.075999999999407,9.0,15.075999999999407,4.9999645088727585,0.28522899252560446,3.6439044146824298,4.900597704522459,0.21829935378293092,0.19602390818091528
15.095999999999405,9.0,15.095999999999405,4.9999645088727585,0.28522899252641193,3.643904414682611,4.900597704522687,0.21829935378273063,0.19602390818090631
15.115999999999406,9.0,15.115999999999406,4.99996450887276,0.28522899252562517,3.643904414683237,4.9005977045232445,0.21829935378270887,0.19602390818092214
15.135999999999406,9.0,15.135999999999406,4.9999645088727585,0.2852289925260471,3.6439044146826105,4.900597704522662,0.21829935378229276,0.1960239081809097
15.155999999999404,9.0,15.155999999999404,4.9999645088727585,0.2852289925252532,3.643904414682595,4.900597704522546,0.21829935378245663,0.1960239081809142
15.175999999999403,9.0,15.175999999999403,4.999964508872757,0.28522899252608835,3.643904414682936,4.900597704522943,0.21829935378241933,0.1960239081809032
15.176999999999403,9.0,15.176999999999403,4.999964508872764,0.285228992524571,3.6439044146616966,4.9005977043264215,0.21829935349022203,0.1960239081687033
15.192999999999405,9.0,15.192999999999405,4.9999645088727664,0.2852289925258526,3.64390441469961,4.900597704678045,0.21829935397135772,0.19602390818811796
15.2129999999994,9.0,15.2129999999994,4.99996450887276,0.2852289925262078,3.6439044146833193,4.900597704535364,0.21829935378552817,0.19602390818081566
15.232999999999402,9.0,15.232999999999402,4.9999645088727585,0.28522899252584516,3.643904414683129,4.900597704523484,0.21829935377939078,0.19602390818093526
15.252999999999401,9.0,15.252999999999401,4.999964508872758,0.2852289925256703,3.6439044146825146,4.90059770452163,0.2182993537875204,0.19602390818148696
15.2729999999994,9.0,15.2729999999994,4.999964508872758,0.2852289925259579,3.6439044146835946,4.900597704537585,0.21829935378965315,0.1960239081815278
15.292999999999399,9.0,15.292999999999399,4.999964508872755,0.28522899252538236,3.643904414682006,4.900597704518658,0.21829935377576556,0.19602390818074658
15.312999999999397,9.0,15.312999999999397,4.999964508872758,0.2852289925256256,3.6439044146835298,4.900597704522807,0.2182993537819148,0.1960239081808783
15.332999999999398,9.0,15.332999999999398,4.9999645088727585,0.2852289925254223,3.643904414683206,4.900597704523239,0.2182993537827395,0.19602390818091525
15.352999999999398,9.0,15.352999999999398,4.999964508872759,0.2852289925255363,3.643904414682872,4.900597704522885,0.21829935378257564,0.1960239081809214
15.372999999999395,9.0,15.372999999999395,4.9999645088727585,0.2852289925254838,3.643904414683096,4.900597704523099,0.2182993537826538,0.1960239081809314
15.392999999999395,9.0,15.392999999999395,4.9999645088727585,0.28522899252510053,3.643904414681981,4.900597704521948,0.21829935378242776,0.1960239081809197
15.412999999999395,9.0,15.412999999999395,4.999964508872758,0.2852289925257141,3.6439044146826736,4.900597704522588,0.21829935378267779,0.19602390818091128
15.432999999999392,9.0,15.432999999999392,4.9999645088727585,0.28522899252583134,3.6439044146827313,4.900597704522742,0.2182993537826889,0.19602390818091997
15.433999999999395,9.0,15.433999999999395,4.999964508872766,0.28522899252464745,3.643904414661793,4.900597704326498,0.2182993534905329,0.19602390816870915
15.449999999999394,9.0,15.449999999999394,4.999964508872767,0.28522899252597655,3.6439044146998403,4.900597704678425,0.2182993539714483,0.19602390818812407
15.469999999999391,9.0,15.469999999999391,4.999964508872759,0.2852289925253818,3.6439044146833663,4.90059770453545,0.21829935378537496,0.1960239081808146
15.489999999999391,9.0,15.489999999999391,4.999964508872759,0.28522899252565437,3.643904414683487,4.9005977045238325,0.2182993537792913,0.19602390818093388
15.50999999999939,9.0,15.50999999999939,4.999964508872757,0.28522899252570205,3.6439044146826185,4.900597704521754,0.2182993537874307,0.1960239081814908
15.529999999999388,9.0,15.529999999999388,4.999964508872757,0.2852289925259866,3.643904414684671,4.90059770453866,0.21829935378936272,0.19602390818150978
15.54999999999939,9.0,15.54999999999939,4.9999645088727585,0.2852289925258395,3.6439044146827175,4.90059770451943,0.2182993537753459,0.19602390818074195
15.56999999999939,9.0,15.56999999999939,4.999964508872757,0.2852289925257986,3.643904414682736,4.900597704521988,0.21829935378149118,0.19602390818087315
15.589999999999387,9.0,15.589999999999387,4.9999645088727585,0.2852289925257541,3.6439044146831034,4.900597704523123,0.21829935378269152,0.19602390818089635
15.609999999999387,9.0,15.609999999999387,4.9999645088727585,0.2852289925256004,3.643904414683202,4.900597704523234,0.21829935378266002,0.19602390818091814
15.629999999999386,9.0,15.629999999999386,4.999964508872756,0.28522899252545203,3.6439044146826554,4.9005977045226246,0.21829935378235715,0.19602390818091292
15.649999999999388,9.0,15.649999999999388,4.9999645088727585,0.2852289925254441,3.643904414682838,4.900597704522823,0.21829935378230786,0.19602390818089935
15.669999999999384,9.0,15.669999999999384,4.99996450887276,0.28522899252580547,3.643904414683104,4.900597704523065,0.21829935378239845,0.19602390818090829
15.689999999999385,9.0,15.689999999999385,4.9999645088727585,0.28522899252571116,3.6439044146828494,4.900597704522826,0.2182993537823607,0.19602390818091253
15.690999999999386,9.0,15.690999999999386,4.999964508872766,0.28522899252488365,3.6439044146620065,4.9005977043266595,0.21829935349068388,0.19602390816872642
15.70699999999938,9.0,15.70699999999938,4.999964508872769,0.2852289925257658,3.6439044147003625,4.900597704678855,0.21829935397083503,0.19602390818808982
15.72699999999938,9.0,15.72699999999938,4.9999645088727585,0.2852289925257195,3.643904414683384,4.900597704535506,0.2182993537850481,0.19602390818079876
15.746999999999378,9.0,15.746999999999378,4.99996450887276,0.28522899252532347,3.6439044146831963,4.900597704523594,0.21829935377932996,0.1960239081809416
15.766999999999378,9.0,15.766999999999378,4.9999645088727585,0.2852289925254623,3.643904414682128,4.900597704521308,0.21829935378714072,0.19602390818146012
15.786999999999377,9.0,15.786999999999377,4.9999645088727585,0.2852289925255447,3.6439044146839166,4.9005977045378515,0.2182993537897997,0.1960239081815319
15.806999999999377,9.0,15.806999999999377,4.9999645088727585,0.28522899252561607,3.6439044146819857,4.900597704518666,0.21829935377576468,0.19602390818075066
15.826999999999376,9.0,15.826999999999376,4.9999645088727585,0.2852289925252843,3.643904414682848,4.9005977045220845,0.21829935378168835,0.19602390818086102
15.846999999999376,9.0,15.846999999999376,4.999964508872759,0.2852289925255427,3.643904414682773,4.900597704522801,0.218299353783101,0.19602390818092627
15.866999999999374,9.0,15.866999999999374,4.9999645088727585,0.28522899252543105,3.6439044146830977,4.90059770452313,0.2182993537826729,0.1960239081809111
15.886999999999373,9.0,15.886999999999373,4.9999645088727585,0.2852289925256027,3.643904414683246,4.900597704523201,0.21829935378262405,0.19602390818093082
15.906999999999371,9.0,15.906999999999371,4.999964508872759,0.28522899252526307,3.643904414683051,4.900597704523088,0.2182993537823283,0.19602390818091617
15.92699999999937,9.0,15.92699999999937,4.9999645088727585,0.2852289925255874,3.643904414682555,4.900597704522537,0.21829935378224924,0.19602390818090837
15.946999999999372,9.0,15.946999999999372,4.99996450887276,0.285228992525577,3.6439044146825146,4.900597704522494,0.21829935378250415,0.19602390818091336
15.947999999999372,9.0,15.947999999999372,4.999964508872766,0.2852289925243646,3.6439044146622135,4.900597704326783,0.2182993534904112,0.19602390816870274
15.963999999999373,9.0,15.963999999999373,4.999964508872766,0.2852289925259092,3.6439044147003576,4.900597704678998,0.21829935397148473,0.1960239081881343
15.983999999999375,9.0,15.983999999999375,4.999964508872762,0.28522899252567857,3.643904414683437,4.900597704535601,0.21829935378518844,0.1960239081808189
16.003999999999373,9.0,16.003999999999373,4.99996450887276,0.28522899252539496,3.643904414682912,4.900597704523271,0.21829935378660784,0.1960239081815636
16.023999999999372,9.0,16.023999999999372,4.99996450887276,0.28522899252503187,3.6439044146832003,4.900597704536505,0.21829935378778356,0.19602390818150756
16.04399999999937,9.0,16.04399999999937,4.999964508872759,0.28522899252565587,3.643904414682935,4.900597704519446,0.21829935377532592,0.19602390818072501
16.06399999999937,9.0,16.06399999999937,4.9999645088727585,0.2852289925254341,3.6439044146833326,4.9005977045225855,0.21829935378193172,0.19602390818089813
16.08399999999937,9.0,16.08399999999937,4.999964508872758,0.2852289925252337,3.643904414682883,4.900597704522918,0.21829935378289805,0.19602390818092538
16.103999999999367,9.0,16.103999999999367,4.99996450887276,0.28522899252548495,3.643904414682977,4.900597704522966,0.21829935378263737,0.19602390818091484
16.123999999999366,9.0,16.123999999999366,4.9999645088727585,0.2852289925257821,3.643904414681726,4.90059770452172,0.21829935378259385,0.19602390818092447
16.143999999999366,9.0,16.143999999999366,4.999964508872757,0.2852289925255127,3.6439044146824213,4.9005977045223545,0.21829935378291582,0.19602390818092297
16.163999999999366,9.0,16.163999999999366,4.999964508872759,0.28522899252598133,3.643904414683114,4.900597704523106,0.21829935378280924,0.1960239081809217
16.183999999999365,9.0,16.183999999999365,4.999964508872758,0.2852289925255776,3.6439044146828654,4.900597704522853,0.21829935378236248,0.19602390818090887
16.203999999999365,9.0,16.203999999999365,4.999964508872759,0.2852289925255883,3.643904414683154,4.900597704523126,0.21829935378243664,0.1960239081809161
16.204999999999366,9.0,16.204999999999366,4.999964508872765,0.28522899252520595,3.643904414662253,4.900597704326909,0.21829935349012877,0.1960239081687085
16.22099999999936,9.0,16.22099999999936,4.999964508872767,0.28522899252622186,3.643904414700064,4.900597704678618,0.21829935397153402,0.1960239081881454
16.24099999999936,9.0,16.24099999999936,4.999964508872759,0.2852289925255202,3.643904414683242,4.90059770453531,0.21829935378529458,0.19602390818081777
16.26099999999936,9.0,16.26099999999936,4.99996450887276,0.28522899252591194,3.643904414683596,4.900597704523962,0.21829935377910478,0.19602390818091622
16.280999999999356,9.0,16.280999999999356,4.999964508872759,0.2852289925255323,3.643904414682237,4.900597704521354,0.2182993537875897,0.19602390818150622
16.300999999999355,9.0,16.300999999999355,4.9999645088727585,0.2852289925253836,3.6439044146834823,4.900597704537355,0.21829935378958565,0.19602390818151808
16.32099999999936,9.0,16.32099999999936,4.9999645088727585,0.2852289925252966,3.6439044146826305,4.900597704519319,0.2182993537758757,0.19602390818074722
16.340999999999354,9.0,16.340999999999354,4.99996450887276,0.28522899252574807,3.643904414682903,4.900597704522143,0.21829935378183313,0.19602390818088686
16.360999999999354,9.0,16.360999999999354,4.9999645088727585,0.2852289925252164,3.643904414682794,4.900597704522815,0.21829935378296467,0.19602390818092144
16.380999999999354,9.0,16.380999999999354,4.999964508872761,0.28522899252538536,3.6439044146829813,4.900597704523045,0.21829935378268933,0.19602390818091436
16.400999999999353,9.0,16.400999999999353,4.99996450887276,0.2852289925254722,3.64390441468203,4.900597704521999,0.21829935378244952,0.19602390818091373
16.420999999999353,9.0,16.420999999999353,4.999964508872759,0.2852289925257884,3.6439044146825026,4.900597704522439,0.2182993537825601,0.19602390818090157
16.44099999999935,9.0,16.44099999999935,4.999964508872759,0.28522899252567013,3.6439044146833055,4.900597704523202,0.21829935378251614,0.1960239081809021
16.460999999999352,9.0,16.460999999999352,4.999964508872759,0.28522899252527684,3.6439044146832043,4.900597704523237,0.21829935378226167,0.1960239081809041
16.461999999999353,9.0,16.461999999999353,4.999964508872767,0.28522899252445666,3.6439044146616775,4.9005977043265,0.2182993534903588,0.19602390816872184
16.477999999999355,9.0,16.477999999999355,4.999964508872769,0.28522899252548245,3.643904414700651,4.900597704679035,0.21829935397110992,0.19602390818810597
16.497999999999355,9.0,16.497999999999355,4.999964508872759,0.28522899252560896,3.6439044146835586,4.90059770453568,0.2182993537850672,0.19602390818079954
16.517999999999354,9.0,16.517999999999354,4.99996450887276,0.285228992525486,3.643904414683439,4.900597704523824,0.21829935377935927,0.1960239081809478
16.53799999999935,9.0,16.53799999999935,4.99996450887276,0.2852289925252099,3.6439044146824195,4.900597704521515,0.21829935378731125,0.19602390818148194
16.55799999999935,9.0,16.55799999999935,4.9999645088727585,0.2852289925255729,3.6439044146841035,4.9005977045380265,0.2182993537898037,0.1960239081815401
16.57799999999935,9.0,16.57799999999935,4.99996450887276,0.28522899252554856,3.6439044146824684,4.900597704519096,0.21829935377554707,0.19602390818073903
16.59799999999935,9.0,16.59799999999935,4.99996450887276,0.2852289925257237,3.6439044146827433,4.900597704522034,0.21829935378172655,0.19602390818087767
16.61799999999935,9.0,16.61799999999935,4.9999645088727585,0.28522899252523826,3.643904414682508,4.9005977045225295,0.21829935378296467,0.1960239081809171
16.637999999999348,9.0,16.637999999999348,4.999964508872759,0.2852289925255444,3.6439044146829946,4.900597704523015,0.21829935378294957,0.1960239081809268
16.657999999999348,9.0,16.657999999999348,4.999964508872759,0.28522899252554934,3.6439044146832735,4.900597704523274,0.21829935378257875,0.19602390818092094
16.677999999999347,9.0,16.677999999999347,4.999964508872761,0.28522899252532047,3.643904414682934,4.90059770452292,0.21829935378232918,0.19602390818091664
16.697999999999343,9.0,16.697999999999343,4.999964508872761,0.28522899252531053,3.643904414682036,4.900597704522008,0.21829935378231274,0.1960239081809097
16.717999999999343,9.0,16.717999999999343,4.999964508872758,0.28522899252522316,3.6439044146825643,4.900597704522554,0.21829935378274795,0.19602390818091817
16.718999999999344,9.0,16.718999999999344,4.999964508872767,0.2852289925246902,3.6439044146624013,4.900597704326923,0.21829935349070873,0.19602390816870935
16.73499999999934,9.0,16.73499999999934,4.999964508872771,0.28522899252645945,3.6439044147003488,4.9005977046789955,0.2182993539716588,0.1960239081881489
16.75499999999934,9.0,16.75499999999934,4.99996450887276,0.2852289925253727,3.643904414683761,4.900597704535872,0.21829935378509474,0.1960239081808153
16.774999999999338,9.0,16.774999999999338,4.99996450887276,0.28522899252577194,3.643904414683298,4.900597704523608,0.21829935377920734,0.1960239081809472
16.794999999999337,9.0,16.794999999999337,4.9999645088727585,0.2852289925255355,3.643904414682781,4.900597704521951,0.21829935378754217,0.19602390818149928
16.814999999999337,9.0,16.814999999999337,4.999964508872759,0.28522899252539813,3.6439044146831456,4.900597704537167,0.21829935378956167,0.19602390818153015
16.834999999999336,9.0,16.834999999999336,4.999964508872759,0.28522899252555023,3.643904414682476,4.900597704519166,0.2182993537758717,0.19602390818074608
16.854999999999336,9.0,16.854999999999336,4.9999645088727585,0.2852289925250113,3.6439044146826514,4.90059770452196,0.2182993537819255,0.19602390818088924
16.874999999999332,9.0,16.874999999999332,4.9999645088727585,0.28522899252569106,3.6439044146827553,4.900597704522761,0.21829935378312096,0.19602390818092771
16.894999999999335,9.0,16.894999999999335,4.99996450887276,0.28522899252602,3.643904414682358,4.900597704522368,0.21829935378262538,0.19602390818090548
16.914999999999335,9.0,16.914999999999335,4.999964508872761,0.2852289925255202,3.6439044146821415,4.9005977045221085,0.2182993537824997,0.1960239081808987
16.93499999999933,9.0,16.93499999999933,4.999964508872759,0.2852289925256642,3.643904414683351,4.900597704523299,0.21829935378283674,0.19602390818092214
16.95499999999933,9.0,16.95499999999933,4.9999645088727585,0.28522899252561795,3.643904414682677,4.900597704522646,0.21829935378237492,0.19602390818091425
16.97499999999933,9.0,16.97499999999933,4.9999645088727585,0.28522899252548856,3.643904414682571,4.900597704522523,0.21829935378238646,0.19602390818090754
16.97599999999933,9.0,16.97599999999933,4.999964508872765,0.28522899252469436,3.6439044146621087,4.900597704326696,0.2182993534907887,0.19602390816872103
16.991999999999333,9.0,16.991999999999333,4.999964508872767,0.2852289925256099,3.6439044147003643,4.9005977046789155,0.21829935397177783,0.19602390818815235
17.011999999999333,9.0,17.011999999999333,4.999964508872761,0.2852289925257711,3.6439044146831128,4.90059770453522,0.21829935378517112,0.19602390818081333
17.031999999999332,9.0,17.031999999999332,4.999964508872759,0.2852289925259153,3.6439044146829795,4.900597704523375,0.21829935378650347,0.1960239081815427
17.05199999999933,9.0,17.05199999999933,4.999964508872762,0.28522899252565087,3.643904414684018,4.900597704537294,0.21829935378758772,0.19602390818149013
17.07199999999933,9.0,17.07199999999933,4.99996450887276,0.28522899252547634,3.643904414682402,4.900597704518998,0.2182993537753197,0.19602390818074683
17.09199999999933,9.0,17.09199999999933,4.999964508872759,0.28522899252532735,3.643904414683089,4.9005977045223466,0.2182993537817443,0.19602390818087745
17.111999999999327,9.0,17.111999999999327,4.999964508872761,0.2852289925257715,3.6439044146830577,4.900597704523098,0.21829935378298818,0.19602390818092358
17.131999999999326,9.0,17.131999999999326,4.999964508872763,0.2852289925265029,3.643904414682444,4.900597704522507,0.21829935378268311,0.1960239081809206
17.151999999999326,9.0,17.151999999999326,4.999964508872761,0.2852289925256922,3.643904414683153,4.900597704523145,0.21829935378240733,0.19602390818089724
17.171999999999326,9.0,17.171999999999326,4.999964508872759,0.2852289925250494,3.6439044146828534,4.900597704522837,0.21829935378237758,0.19602390818091311
17.191999999999325,9.0,17.191999999999325,4.999964508872762,0.28522899252533174,3.643904414683164,4.900597704523118,0.2182993537825379,0.19602390818092427
17.211999999999325,9.0,17.211999999999325,4.999964508872761,0.2852289925252304,3.6439044146827033,4.900597704522706,0.2182993537825077,0.19602390818092763
17.231999999999324,9.0,17.231999999999324,4.999964508872761,0.2852289925255986,3.643904414683233,4.90059770452315,0.21829935378234205,0.19602390818090396
17.232999999999326,9.0,17.232999999999326,4.999964508872767,0.2852289925246866,3.6439044146617134,4.900597704326447,0.21829935349005328,0.19602390816870405
17.24899999999932,9.0,17.24899999999932,4.99996450887277,0.285228992526233,3.6439044147005912,4.900597704679054,0.218299353971419,0.19602390818812404
17.26899999999932,9.0,17.26899999999932,4.999964508872762,0.2852289925261009,3.6439044146831385,4.900597704535264,0.21829935378533366,0.19602390818082197
17.28899999999932,9.0,17.28899999999932,4.9999645088727585,0.2852289925256181,3.6439044146830435,4.900597704523362,0.21829935378651458,0.19602390818154203
17.308999999999315,9.0,17.308999999999315,4.99996450887276,0.2852289925257981,3.6439044146839383,4.900597704537203,0.2182993537876086,0.196023908181491
17.32899999999932,9.0,17.32899999999932,4.999964508872761,0.28522899252577494,3.6439044146824613,4.90059770451901,0.21829935377540852,0.1960239081807516
17.348999999999315,9.0,17.348999999999315,4.99996450887276,0.28522899252587325,3.643904414682583,4.900597704521874,0.21829935378188908,0.1960239081808892
17.368999999999314,9.0,17.368999999999314,4.999964508872759,0.28522899252578315,3.643904414682391,4.900597704522441,0.21829935378314674,0.1960239081809239
17.388999999999314,9.0,17.388999999999314,4.99996450887276,0.2852289925252464,3.6439044146831168,4.9005977045231806,0.21829935378288426,0.19602390818091525
17.408999999999313,9.0,17.408999999999313,4.999964508872761,0.28522899252549966,3.6439044146827033,4.900597704522673,0.2182993537824775,0.19602390818091536
17.428999999999313,9.0,17.428999999999313,4.999964508872761,0.2852289925253187,3.643904414682903,4.9005977045228395,0.2182993537825672,0.1960239081809217
17.448999999999312,9.0,17.448999999999312,4.999964508872761,0.2852289925255895,3.643904414683237,4.900597704523235,0.2182993537824131,0.19602390818091106
17.468999999999312,9.0,17.468999999999312,4.99996450887276,0.28522899252553763,3.643904414683359,4.900597704523325,0.21829935378229987,0.1960239081809128
17.48899999999931,9.0,17.48899999999931,4.999964508872761,0.28522899252600686,3.643904414682827,4.9005977045228715,0.21829935378221327,0.1960239081809114
17.48999999999931,9.0,17.48999999999931,4.999964508872766,0.2852289925247197,3.6439044146622717,4.900597704326894,0.21829935349016696,0.1960239081687109
17.505999999999315,9.0,17.505999999999315,4.999964508872766,0.28522899252647826,3.6439044147001627,4.900597704678673,0.21829935397163971,0.1960239081881519
17.525999999999314,9.0,17.525999999999314,4.99996450887276,0.28522899252614337,3.6439044146833455,4.900597704535443,0.21829935378517823,0.19602390818080864
17.54599999999931,9.0,17.54599999999931,4.999964508872761,0.28522899252543854,3.6439044146830044,4.90059770452341,0.21829935378643953,0.19602390818154003
17.56599999999931,9.0,17.56599999999931,4.999964508872761,0.2852289925254735,3.643904414683202,4.900597704536487,0.21829935378748735,0.19602390818148352
17.58599999999931,9.0,17.58599999999931,4.999964508872759,0.2852289925257129,3.643904414682829,4.900597704519368,0.218299353775631,0.19602390818075122
17.60599999999931,9.0,17.60599999999931,4.99996450887276,0.28522899252517,3.643904414683549,4.900597704522805,0.21829935378198767,0.19602390818090099
17.62599999999931,9.0,17.62599999999931,4.99996450887276,0.2852289925253686,3.6439044146830537,4.900597704523092,0.21829935378265736,0.19602390818091053
17.645999999999308,9.0,17.645999999999308,4.999964508872761,0.2852289925249514,3.6439044146831954,4.900597704523226,0.21829935378252502,0.19602390818091195
17.665999999999308,9.0,17.665999999999308,4.99996450887276,0.28522899252539297,3.6439044146827273,4.900597704522698,0.21829935378245396,0.1960239081809216
17.685999999999307,9.0,17.685999999999307,4.999964508872761,0.2852289925254382,3.6439044146831754,4.900597704523149,0.218299353782398,0.19602390818090862
17.705999999999303,9.0,17.705999999999303,4.99996450887276,0.28522899252512096,3.6439044146817867,4.900597704521827,0.2182993537824926,0.1960239081809257
17.725999999999303,9.0,17.725999999999303,4.99996450887276,0.2852289925254981,3.643904414682601,4.900597704522586,0.21829935378272397,0.19602390818091203
17.745999999999306,9.0,17.745999999999306,4.99996450887276,0.28522899252598133,3.643904414681686,4.900597704521693,0.21829935378254012,0.19602390818090626
17.746999999999304,9.0,17.746999999999304,4.999964508872768,0.28522899252482625,3.643904414661929,4.9005977043263975,0.21829935349130114,0.19602390816871787
17.762999999999302,9.0,17.762999999999302,4.999964508872769,0.28522899252583056,3.643904414699495,4.900597704678149,0.21829935397193592,0.19602390818814852
17.782999999999298,9.0,17.782999999999298,4.999964508872761,0.285228992525985,3.643904414683213,4.900597704535316,0.21829935378537674,0.19602390818081086
17.802999999999297,9.0,17.802999999999297,4.999964508872762,0.2852289925255716,3.643904414683162,4.900597704523529,0.21829935377940454,0.19602390818094062
17.822999999999297,9.0,17.822999999999297,4.999964508872759,0.2852289925254276,3.6439044146827277,4.900597704521828,0.2182993537872624,0.19602390818146795
17.842999999999297,9.0,17.842999999999297,4.999964508872761,0.2852289925257563,3.6439044146833877,4.900597704537406,0.21829935378955057,0.1960239081815253
17.862999999999296,9.0,17.862999999999296,4.99996450887276,0.28522899252542183,3.6439044146822264,4.900597704518874,0.21829935377582285,0.19602390818074822
17.882999999999292,9.0,17.882999999999292,4.999964508872761,0.285228992525644,3.643904414682841,4.900597704522119,0.218299353781711,0.1960239081808655
17.902999999999295,9.0,17.902999999999295,4.99996450887276,0.28522899252584,3.643904414682587,4.900597704522588,0.21829935378295,0.19602390818091553
17.922999999999295,9.0,17.922999999999295,4.99996450887276,0.2852289925255831,3.64390441468305,4.900597704523083,0.21829935378280568,0.196023908180917
17.94299999999929,9.0,17.94299999999929,4.999964508872761,0.2852289925256493,3.6439044146821784,4.900597704522179,0.21829935378244641,0.19602390818091267
17.96299999999929,9.0,17.96299999999929,4.999964508872761,0.28522899252526207,3.6439044146825625,4.900597704522544,0.21829935378255655,0.1960239081809065
17.982999999999294,9.0,17.982999999999294,4.999964508872762,0.28522899252532213,3.643904414682596,4.900597704522559,0.21829935378247173,0.19602390818090318
18.00299999999929,9.0,18.00299999999929,4.999964508872761,0.2852289925257837,3.643904414683371,4.90059770452341,0.21829935378253035,0.19602390818091034
18.00399999999929,9.0,18.00399999999929,4.999964508872768,0.2852289925250539,3.6439044146615416,4.900597704326406,0.21829935349062438,0.1960239081687293
18.019999999999293,9.0,18.019999999999293,4.99996450887277,0.2852289925257831,3.643904414699628,4.900597704678031,0.21829935397134173,0.1960239081881186
18.039999999999292,9.0,18.039999999999292,4.999964508872762,0.2852289925259336,3.6439044146830226,4.900597704535164,0.21829935378555215,0.19602390818081517
18.05999999999929,9.0,18.05999999999929,4.999964508872762,0.28522899252598594,3.643904414683015,4.90059770452342,0.21829935377937523,0.19602390818092677
18.07999999999929,9.0,18.07999999999929,4.99996450887276,0.28522899252520467,3.6439044146818955,4.900597704521023,0.2182993537878446,0.19602390818151033
18.09999999999929,9.0,18.09999999999929,4.99996450887276,0.28522899252553763,3.643904414683354,4.900597704537333,0.21829935378994092,0.19602390818153453
18.11999999999929,9.0,18.11999999999929,4.999964508872761,0.2852289925254509,3.6439044146824418,4.900597704519113,0.21829935377583573,0.19602390818074028
18.139999999999286,9.0,18.139999999999286,4.99996450887276,0.285228992525429,3.643904414682188,4.900597704521453,0.21829935378174253,0.19602390818087354
18.159999999999286,9.0,18.159999999999286,4.99996450887276,0.2852289925258062,3.643904414683106,4.900597704523076,0.21829935378304946,0.19602390818090829
18.179999999999286,9.0,18.179999999999286,4.999964508872762,0.2852289925254756,3.643904414682661,4.900597704522733,0.21829935378268178,0.19602390818091484
18.199999999999285,9.0,18.199999999999285,4.999964508872761,0.2852289925254857,3.6439044146831603,4.900597704523176,0.21829935378271775,0.19602390818092957
18.219999999999285,9.0,18.219999999999285,4.999964508872761,0.28522899252531253,3.6439044146826975,4.900597704522638,0.2182993537823132,0.19602390818091123
18.239999999999284,9.0,18.239999999999284,4.999964508872761,0.2852289925256917,3.6439044146825186,4.900597704522557,0.2182993537825974,0.1960239081809248
18.259999999999284,9.0,18.259999999999284,4.999964508872761,0.2852289925258259,3.643904414682571,4.900597704522566,0.21829935378267246,0.19602390818092436
18.260999999999285,9.0,18.260999999999285,4.999964508872768,0.28522899252496947,3.643904414662133,4.900597704326698,0.2182993534904716,0.19602390816870535
18.27699999999928,9.0,18.27699999999928,4.999964508872769,0.285228992526165,3.6439044147003266,4.90059770467892,0.21829935397178715,0.19602390818815255
18.29699999999928,9.0,18.29699999999928,4.999964508872762,0.2852289925259982,3.643904414683664,4.900597704535764,0.21829935378505522,0.19602390818080437
18.316999999999275,9.0,18.316999999999275,4.999964508872759,0.28522899252598904,3.6439044146833566,4.900597704523737,0.21829935377896137,0.1960239081809203
18.33699999999928,9.0,18.33699999999928,4.99996450887276,0.28522899252531114,3.643904414682079,4.900597704521143,0.21829935378746002,0.19602390818149434
18.356999999999278,9.0,18.356999999999278,4.999964508872761,0.2852289925254013,3.643904414683368,4.900597704537407,0.21829935378976684,0.19602390818152626
18.376999999999274,9.0,18.376999999999274,4.999964508872762,0.28522899252535466,3.643904414682713,4.900597704519382,0.21829935377597962,0.196023908180755
18.396999999999274,9.0,18.396999999999274,4.999964508872761,0.2852289925257132,3.6439044146821815,4.900597704521458,0.21829935378161996,0.1960239081808706
18.416999999999273,9.0,18.416999999999273,4.99996450887276,0.28522899252504025,3.643904414682528,4.900597704522496,0.218299353783057,0.19602390818091117
18.436999999999273,9.0,18.436999999999273,4.99996450887276,0.2852289925255631,3.6439044146830546,4.900597704523055,0.21829935378307747,0.1960239081809324
18.456999999999272,9.0,18.456999999999272,4.999964508872761,0.28522899252554473,3.643904414682915,4.90059770452291,0.2182993537825299,0.1960239081809172
18.476999999999272,9.0,18.476999999999272,4.999964508872761,0.2852289925253077,3.6439044146825843,4.900597704522575,0.21829935378260762,0.19602390818093085
18.49699999999927,9.0,18.49699999999927,4.999964508872762,0.2852289925254498,3.643904414682673,4.900597704522667,0.21829935378253656,0.19602390818091617
18.51699999999927,9.0,18.51699999999927,4.999964508872761,0.2852289925253813,3.6439044146826216,4.900597704522638,0.21829935378260673,0.196023908180921
18.51799999999927,9.0,18.51799999999927,4.999964508872768,0.2852289925248021,3.6439044146617254,4.900597704326396,0.21829935349054,0.1960239081687108
18.533999999999274,9.0,18.533999999999274,4.999964508872768,0.28522899252624906,3.6439044147005117,4.900597704679012,0.21829935397183553,0.1960239081881478
18.55399999999927,9.0,18.55399999999927,4.999964508872762,0.2852289925254983,3.643904414683288,4.900597704535402,0.21829935378521376,0.19602390818081294
18.57399999999927,9.0,18.57399999999927,4.999964508872763,0.28522899252551437,3.6439044146838113,4.900597704524187,0.21829935377929796,0.19602390818093718
18.59399999999927,9.0,18.59399999999927,4.999964508872761,0.2852289925257424,3.643904414682726,4.900597704521831,0.21829935378755594,0.19602390818151133
18.61399999999927,9.0,18.61399999999927,4.999964508872761,0.2852289925252281,3.6439044146839814,4.900597704537946,0.2182993537896336,0.19602390818153764
18.63399999999927,9.0,18.63399999999927,4.999964508872759,0.2852289925251679,3.6439044146824946,4.9005977045191695,0.21829935377556484,0.1960239081807417
18.653999999999268,9.0,18.653999999999268,4.999964508872761,0.28522899252556133,3.6439044146822,4.900597704521443,0.21829935378201476,0.19602390818090365
18.673999999999268,9.0,18.673999999999268,4.999964508872761,0.2852289925258009,3.643904414682662,4.9005977045227,0.2182993537831072,0.1960239081809131
18.693999999999267,9.0,18.693999999999267,4.999964508872763,0.28522899252550993,3.643904414683184,4.90059770452322,0.21829935378281587,0.19602390818091484
18.713999999999263,9.0,18.713999999999263,4.999964508872762,0.2852289925255178,3.6439044146829245,4.900597704522905,0.2182993537824353,0.19602390818091522
18.733999999999263,9.0,18.733999999999263,4.999964508872761,0.2852289925254778,3.643904414683028,4.900597704523021,0.21829935378233628,0.19602390818090942
18.753999999999266,9.0,18.753999999999266,4.999964508872759,0.2852289925251458,3.6439044146827966,4.900597704522761,0.21829935378247084,0.19602390818092308
18.773999999999262,9.0,18.773999999999262,4.999964508872762,0.2852289925252638,3.643904414683297,4.900597704523266,0.21829935378238557,0.19602390818090873
18.774999999999263,9.0,18.774999999999263,4.999964508872767,0.2852289925246059,3.643904414662098,4.9005977043267785,0.21829935349004617,0.1960239081687067
18.790999999999258,9.0,18.790999999999258,4.999964508872771,0.28522899252648715,3.643904414700464,4.900597704678898,0.2182993539715016,0.1960239081881398
18.810999999999257,9.0,18.810999999999257,4.999964508872763,0.2852289925259376,3.6439044146834396,4.90059770453553,0.21829935378514048,0.1960239081808085
18.830999999999257,9.0,18.830999999999257,4.999964508872761,0.28522899252560074,3.643904414683661,4.900597704523978,0.21829935377927798,0.19602390818093793
18.850999999999257,9.0,18.850999999999257,4.999964508872761,0.28522899252577116,3.6439044146825466,4.900597704521668,0.21829935378756438,0.19602390818150653
18.870999999999256,9.0,18.870999999999256,4.999964508872761,0.28522899252547695,3.6439044146837607,4.9005977045378035,0.2182993537894804,0.1960239081815181
18.890999999999256,9.0,18.890999999999256,4.999964508872761,0.2852289925254636,3.6439044146828294,4.900597704519511,0.21829935377555285,0.1960239081807349
18.910999999999255,9.0,18.910999999999255,4.9999645088727585,0.28522899252532075,3.6439044146830555,4.90059770452233,0.21829935378185933,0.19602390818089852
18.930999999999255,9.0,18.930999999999255,4.999964508872762,0.28522899252543993,3.6439044146826975,4.9005977045226965,0.21829935378278525,0.19602390818091336
18.95099999999925,9.0,18.95099999999925,4.999964508872761,0.285228992525448,3.6439044146829653,4.900597704523022,0.21829935378286786,0.19602390818092758
18.97099999999925,9.0,18.97099999999925,4.99996450887276,0.2852289925255548,3.643904414682822,4.900597704522827,0.21829935378234783,0.1960239081809032
18.990999999999254,9.0,18.990999999999254,4.999964508872761,0.2852289925252759,3.6439044146828965,4.900597704522876,0.21829935378244464,0.19602390818091397
19.01099999999925,9.0,19.01099999999925,4.999964508872762,0.2852289925251377,3.643904414683119,4.900597704523113,0.2182993537822439,0.19602390818089838
19.03099999999925,9.0,19.03099999999925,4.99996450887276,0.2852289925256345,3.6439044146829658,4.900597704522973,0.21829935378255877,0.1960239081809316
19.03199999999925,9.0,19.03199999999925,4.999964508872768,0.2852289925247566,3.6439044146608204,4.900597704325745,0.2182993534901297,0.19602390816870757
19.047999999999252,9.0,19.047999999999252,4.999964508872773,0.2852289925261302,3.6439044147004416,4.900597704678736,0.21829935397163702,0.19602390818811902
19.06799999999925,9.0,19.06799999999925,4.999964508872761,0.28522899252621625,3.6439044146833415,4.900597704535499,0.21829935378538828,0.1960239081808044
19.08799999999925,9.0,19.08799999999925,4.999964508872761,0.2852289925255321,3.643904414682936,4.900597704523314,0.21829935378648616,0.1960239081815384
19.10799999999925,9.0,19.10799999999925,4.999964508872763,0.28522899252492784,3.643904414683986,4.900597704537241,0.21829935378749446,0.196023908181481
19.12799999999925,9.0,19.12799999999925,4.999964508872761,0.2852289925254701,3.6439044146814505,4.9005977045180265,0.21829935376798187,0.1960239081801251
19.147999999999247,9.0,19.147999999999247,4.999964508872761,0.2852289925252897,3.643904414681869,4.900597704506956,0.21829935377480944,0.19602390818026397
19.167999999999246,9.0,19.167999999999246,4.999964508872762,0.28522899252576805,3.6439044146828716,4.90059770452616,0.2182993537971544,0.19602390818168772
19.18799999999925,9.0,19.18799999999925,4.999964508872763,0.2852289925256353,3.6439044146837403,4.90059770453862,0.21829935379089527,0.1960239081815618
19.207999999999245,9.0,19.207999999999245,4.999964508872763,0.2852289925257514,3.643904414682926,4.900597704519544,0.21829935377518203,0.19602390818074164
19.227999999999245,9.0,19.227999999999245,4.999964508872761,0.28522899252515366,3.643904414682676,4.90059770452192,0.21829935378133797,0.19602390818088236
19.247999999999244,9.0,19.247999999999244,4.999964508872762,0.2852289925255182,3.6439044146826074,4.900597704522611,0.2182993537828088,0.1960239081809143
19.267999999999244,9.0,19.267999999999244,4.999964508872763,0.28522899252532036,3.6439044146827206,4.900597704522748,0.21829935378268445,0.19602390818090798
19.287999999999244,9.0,19.287999999999244,4.999964508872762,0.2852289925251626,3.6439044146826465,4.900597704522611,0.21829935378272264,0.19602390818092577
19.288999999999245,9.0,19.288999999999245,4.999964508872768,0.2852289925250349,3.6439044146615838,4.900597704326286,0.21829935349091126,0.19602390816872345
19.30499999999924,9.0,19.30499999999924,4.99996450887277,0.28522899252527806,3.6439044146999966,4.900597704678508,0.21829935397157177,0.1960239081881261
19.324999999999235,9.0,19.324999999999235,4.999964508872762,0.28522899252560713,3.64390441468297,4.900597704535073,0.21829935378548598,0.19602390818082183
19.34499999999924,9.0,19.34499999999924,4.999964508872762,0.285228992526116,3.643904414683256,4.900597704523594,0.2182993537795369,0.19602390818094392
19.364999999999238,9.0,19.364999999999238,4.999964508872764,0.2852289925254521,3.643904414681936,4.900597704521014,0.2182993537877438,0.1960239081815073
19.384999999999234,9.0,19.384999999999234,4.999964508872762,0.2852289925255988,3.6439044146837234,4.900597704537702,0.21829935378964915,0.19602390818151105
19.404999999999234,9.0,19.404999999999234,4.999964508872763,0.28522899252615047,3.643904414682264,4.900597704518942,0.21829935377564255,0.1960239081807341
19.424999999999237,9.0,19.424999999999237,4.999964508872762,0.28522899252544714,3.6439044146822415,4.900597704521467,0.21829935378208937,0.1960239081809013
19.444999999999233,9.0,19.444999999999233,4.999964508872763,0.28522899252524897,3.6439044146830746,4.900597704523045,0.2182993537833199,0.19602390818093032
19.464999999999232,9.0,19.464999999999232,4.999964508872763,0.285228992525299,3.643904414683108,4.900597704523145,0.21829935378279813,0.19602390818092352
19.484999999999232,9.0,19.484999999999232,4.999964508872763,0.2852289925252785,3.6439044146820923,4.900597704522129,0.2182993537822972,0.19602390818090498
19.50499999999923,9.0,19.50499999999923,4.999964508872762,0.2852289925254923,3.6439044146828743,4.900597704522849,0.2182993537827071,0.1960239081809193
19.52499999999923,9.0,19.52499999999923,4.999964508872764,0.28522899252584166,3.643904414682485,4.900597704522437,0.21829935378233895,0.19602390818090004
19.544999999999227,9.0,19.544999999999227,4.999964508872761,0.28522899252556216,3.6439044146828743,4.9005977045228715,0.2182993537827213,0.19602390818092566
19.545999999999232,9.0,19.545999999999232,4.999964508872768,0.28522899252485656,3.6439044146621553,4.90059770432679,0.21829935349083843,0.19602390816872606
19.561999999999234,9.0,19.561999999999234,4.999964508872771,0.2852289925266246,3.6439044147006245,4.900597704679123,0.21829935397145409,0.19602390818813398
19.58199999999923,9.0,19.58199999999923,4.999964508872765,0.2852289925258663,3.6439044146837305,4.900597704535879,0.21829935378501836,0.19602390818080698
19.60199999999923,9.0,19.60199999999923,4.999964508872762,0.2852289925253696,3.6439044146833166,4.90059770452363,0.21829935377923088,0.19602390818094773
19.62199999999923,9.0,19.62199999999923,4.999964508872764,0.2852289925253803,3.6439044146822446,4.900597704521437,0.21829935378736187,0.1960239081814841
19.64199999999923,9.0,19.64199999999923,4.999964508872762,0.28522899252507294,3.6439044146840316,4.900597704538014,0.21829935378978638,0.19602390818153506
19.661999999999228,9.0,19.661999999999228,4.999964508872761,0.28522899252530454,3.643904414682399,4.9005977045190585,0.21829935377580287,0.1960239081807591
19.681999999999228,9.0,19.681999999999228,4.999964508872765,0.28522899252522294,3.6439044146822877,4.900597704521636,0.21829935378165816,0.1960239081808706
19.701999999999227,9.0,19.701999999999227,4.999964508872763,0.285228992525709,3.6439044146824138,4.900597704522418,0.21829935378294824,0.19602390818090454
19.721999999999227,9.0,19.721999999999227,4.999964508872764,0.28522899252549566,3.6439044146818675,4.9005977045219264,0.21829935378284254,0.19602390818091114
19.741999999999223,9.0,19.741999999999223,4.999964508872764,0.28522899252569917,3.6439044146826958,4.900597704522649,0.21829935378301085,0.19602390818092605
19.761999999999226,9.0,19.761999999999226,4.999964508872763,0.2852289925250663,3.6439044146827553,4.900597704522725,0.21829935378269555,0.1960239081809209
19.781999999999222,9.0,19.781999999999222,4.999964508872764,0.28522899252551137,3.643904414683047,4.90059770452303,0.21829935378256987,0.19602390818091964
19.80199999999922,9.0,19.80199999999922,4.999964508872764,0.285228992525444,3.6439044146828583,4.900597704522861,0.21829935378251392,0.196023908180925
19.802999999999223,9.0,19.802999999999223,4.99996450887277,0.28522899252466793,3.6439044146616024,4.900597704326352,0.2182993534901714,0.19602390816870557
19.818999999999217,9.0,19.818999999999217,4.999964508872773,0.2852289925258187,3.6439044147001067,4.900597704678529,0.21829935397165748,0.19602390818813664
19.838999999999217,9.0,19.838999999999217,4.999964508872765,0.28522899252543016,3.643904414683035,4.900597704535131,0.21829935378529147,0.1960239081808047
19.858999999999217,9.0,19.858999999999217,4.999964508872762,0.28522899252579365,3.643904414683657,4.90059770452396,0.21829935377946183,0.19602390818093762
19.878999999999216,9.0,19.878999999999216,4.999964508872761,0.2852289925255523,3.6439044146828077,4.90059770452189,0.21829935378768206,0.19602390818151205
19.898999999999216,9.0,19.898999999999216,4.999964508872762,0.28522899252544176,3.6439044146831177,4.900597704537163,0.21829935378945553,0.19602390818152196
19.918999999999215,9.0,19.918999999999215,4.999964508872761,0.2852289925252798,3.6439044146820345,4.9005977045186615,0.21829935377575668,0.19602390818073698
19.938999999999215,9.0,19.938999999999215,4.999964508872764,0.2852289925253394,3.6439044146823973,4.900597704521674,0.21829935378163107,0.19602390818085075
19.958999999999214,9.0,19.958999999999214,4.999964508872764,0.2852289925258982,3.6439044146827664,4.900597704522802,0.21829935378307344,0.19602390818091145
19.97899999999921,9.0,19.97899999999921,4.999964508872765,0.28522899252521816,3.643904414682545,4.90059770452258,0.21829935378265158,0.19602390818090584
19.998999999999214,9.0,19.998999999999214,4.999964508872765,0.2852289925255498,3.6439044146826007,4.9005977045225455,0.21829935378250326,0.1960239081809052
20.01899999999921,9.0,20.01899999999921,4.999964508872762,0.28522899252546186,3.6439044146827886,4.900597704522786,0.2182993537826507,0.1960239081809208
20.038999999999213,9.0,20.038999999999213,4.999964508872764,0.285228992525699,3.6439044146823463,4.900597704522314,0.21829935378256676,0.1960239081809207
20.05899999999921,9.0,20.05899999999921,4.999964508872763,0.2852289925257577,3.643904414682272,4.900597704522259,0.218299353782819,0.19602390818093085
20.059999999999214,9.0,20.059999999999214,4.999964508872772,0.2852289925248278,3.643904414662008,4.9005977043265885,0.21829935349048848,0.1960239081686967
20.075999999999212,9.0,20.075999999999212,4.999964508872773,0.2852289925261178,3.643904414700439,4.900597704679038,0.21829935397176273,0.1960239081881455
20.09599999999921,9.0,20.09599999999921,4.999964508872764,0.28522899252632805,3.6439044146830915,4.900597704535269,0.21829935378525417,0.19602390818082327
20.11599999999921,9.0,20.11599999999921,4.999964508872765,0.28522899252566003,3.6439044146836124,4.900597704523942,0.21829935377929263,0.19602390818093657
20.135999999999207,9.0,20.135999999999207,4.999964508872762,0.28522899252523504,3.643904414682358,4.900597704521488,0.218299353787464,0.1960239081814966
20.15599999999921,9.0,20.15599999999921,4.999964508872762,0.28522899252529516,3.6439044146833566,4.90059770453733,0.21829935378970378,0.19602390818153181
20.175999999999206,9.0,20.175999999999206,4.999964508872764,0.28522899252593686,3.6439044146825923,4.900597704519213,0.21829935377589213,0.19602390818074902
20.195999999999206,9.0,20.195999999999206,4.999964508872764,0.2852289925253387,3.6439044146826474,4.900597704521892,0.21829935378189264,0.19602390818088883
20.21599999999921,9.0,20.21599999999921,4.999964508872763,0.28522899252547584,3.6439044146826505,4.900597704522643,0.21829935378287763,0.1960239081809061
20.235999999999205,9.0,20.235999999999205,4.999964508872764,0.28522899252511835,3.6439044146831643,4.9005977045232125,0.21829935378265156,0.19602390818090398
20.255999999999204,9.0,20.255999999999204,4.999964508872766,0.28522899252516026,3.6439044146826003,4.900597704522564,0.21829935378238913,0.19602390818091148
20.275999999999208,9.0,20.275999999999208,4.999964508872762,0.2852289925250675,3.6439044146827833,4.900597704522771,0.21829935378235005,0.19602390818090099
20.295999999999204,9.0,20.295999999999204,4.999964508872764,0.28522899252538514,3.643904414682633,4.900597704522663,0.2182993537824433,0.19602390818091056
20.3159999999992,9.0,20.3159999999992,4.999964508872764,0.2852289925254537,3.6439044146828854,4.900597704522852,0.2182993537826547,0.19602390818092613
20.316999999999204,9.0,20.316999999999204,4.999964508872769,0.2852289925243648,3.643904414662245,4.90059770432686,0.21829935349067145,0.19602390816872142
20.332999999999195,9.0,20.332999999999195,4.999964508872771,0.2852289925260185,3.643904414700258,4.900597704678862,0.21829935397155223,0.19602390818814322
20.3529999999992,9.0,20.3529999999992,4.999964508872762,0.2852289925263198,3.643904414683025,4.900597704535139,0.21829935378528614,0.19602390818082402
20.372999999999198,9.0,20.372999999999198,4.999964508872763,0.2852289925257968,3.6439044146829747,4.900597704523308,0.2182993537866185,0.19602390818155016
20.392999999999194,9.0,20.392999999999194,4.999964508872764,0.2852289925255744,3.6439044146834476,4.900597704536647,0.21829935378773072,0.19602390818149945
20.412999999999197,9.0,20.412999999999197,4.999964508872764,0.2852289925255378,3.6439044146825745,4.900597704519082,0.2182993537754698,0.1960239081807409
20.432999999999197,9.0,20.432999999999197,4.999964508872764,0.2852289925256542,3.643904414683528,4.9005977045228155,0.21829935378201698,0.196023908180897
20.452999999999193,9.0,20.452999999999193,4.99996450887276,0.2852289925252974,3.64390441468229,4.900597704522314,0.2182993537825712,0.19602390818090126
20.47299999999919,9.0,20.47299999999919,4.999964508872762,0.28522899252546474,3.6439044146827797,4.900597704522822,0.21829935378278037,0.19602390818091184
20.492999999999192,9.0,20.492999999999192,4.999964508872764,0.28522899252551376,3.643904414683184,4.9005977045231734,0.21829935378252147,0.19602390818090942
20.51299999999919,9.0,20.51299999999919,4.999964508872764,0.28522899252525014,3.6439044146827997,4.900597704522765,0.2182993537825086,0.1960239081809267
20.532999999999188,9.0,20.532999999999188,4.999964508872765,0.2852289925256605,3.6439044146819395,4.900597704521931,0.2182993537825148,0.1960239081809212
20.55299999999919,9.0,20.55299999999919,4.999964508872764,0.285228992526012,3.6439044146829307,4.900597704522923,0.21829935378269733,0.19602390818091042
20.57299999999919,9.0,20.57299999999919,4.999964508872763,0.28522899252568645,3.6439044146825763,4.90059770452262,0.21829935378254278,0.1960239081809163
20.57399999999919,9.0,20.57399999999919,4.99996450887277,0.28522899252494277,3.6439044146616197,4.900597704326288,0.2182993534905027,0.19602390816870913
20.589999999999193,9.0,20.589999999999193,4.999964508872772,0.2852289925257545,3.6439044147008177,4.900597704679227,0.2182993539717134,0.19602390818813628
20.60999999999919,9.0,20.60999999999919,4.999964508872763,0.28522899252614436,3.643904414683579,4.9005977045357,0.2182993537853794,0.19602390818082946
20.62999999999919,9.0,20.62999999999919,4.999964508872765,0.2852289925253218,3.6439044146830994,4.900597704523433,0.2182993537790937,0.1960239081809291
20.649999999999192,9.0,20.649999999999192,4.999964508872761,0.2852289925253488,3.643904414682611,4.9005977045217275,0.218299353787218,0.19602390818146476
20.669999999999188,9.0,20.669999999999188,4.999964508872766,0.2852289925248487,3.6439044146835413,4.900597704537488,0.218299353789563,0.19602390818152238
20.689999999999188,9.0,20.689999999999188,4.999964508872764,0.28522899252548767,3.643904414682169,4.9005977045188205,0.21829935377574025,0.19602390818074192
20.70999999999919,9.0,20.70999999999919,4.999964508872765,0.2852289925254594,3.6439044146825523,4.900597704521815,0.21829935378185666,0.1960239081808767
20.729999999999187,9.0,20.729999999999187,4.999964508872763,0.2852289925257596,3.6439044146824773,4.900597704522496,0.2182993537832622,0.19602390818093318
20.749999999999183,9.0,20.749999999999183,4.9999645088727664,0.2852289925251017,3.6439044146829427,4.900597704522972,0.21829935378299042,0.19602390818092733
20.769999999999182,9.0,20.769999999999182,4.999964508872765,0.2852289925257573,3.643904414682957,4.900597704522916,0.21829935378260806,0.1960239081809221
20.789999999999186,9.0,20.789999999999186,4.999964508872765,0.285228992525625,3.643904414682,4.900597704522014,0.21829935378232163,0.19602390818090606
20.80999999999918,9.0,20.80999999999918,4.999964508872765,0.2852289925255274,3.6439044146830426,4.900597704522997,0.2182993537825983,0.19602390818090581
20.82999999999918,9.0,20.82999999999918,4.999964508872764,0.28522899252578654,3.643904414682828,4.9005977045227915,0.2182993537824251,0.1960239081809098
20.830999999999182,9.0,20.830999999999182,4.999964508872772,0.2852289925247412,3.643904414661935,4.900597704326581,0.21829935349039079,0.1960239081687098
20.846999999999177,9.0,20.846999999999177,4.999964508872775,0.285228992525767,3.6439044147003687,4.900597704678907,0.21829935397158287,0.19602390818813725
20.86699999999918,9.0,20.86699999999918,4.999964508872765,0.28522899252623884,3.6439044146833712,4.900597704535498,0.2182993537851085,0.1960239081808044
20.886999999999176,9.0,20.886999999999176,4.999964508872764,0.28522899252578604,3.6439044146835737,4.900597704523949,0.21829935377909945,0.19602390818092258
20.906999999999172,9.0,20.906999999999172,4.999964508872761,0.28522899252589784,3.6439044146820248,4.900597704521137,0.21829935378699905,0.1960239081814582
20.926999999999175,9.0,20.926999999999175,4.999964508872764,0.28522899252526734,3.6439044146834343,4.900597704537411,0.21829935378974152,0.19602390818152546
20.946999999999175,9.0,20.946999999999175,4.999964508872763,0.2852289925254805,3.643904414682663,4.900597704519343,0.21829935377596585,0.19602390818075432
20.96699999999917,9.0,20.96699999999917,4.999964508872764,0.2852289925257388,3.643904414683163,4.900597704522441,0.2182993537818238,0.19602390818088686
20.986999999999174,9.0,20.986999999999174,4.999964508872765,0.28522899252558365,3.6439044146825403,4.900597704522556,0.21829935378264315,0.19602390818090284
21.006999999999174,9.0,21.006999999999174,4.999964508872764,0.28522899252552053,3.6439044146829356,4.900597704522964,0.21829935378294912,0.196023908180932
21.02699999999917,9.0,21.02699999999917,4.999964508872764,0.2852289925255039,3.643904414682436,4.900597704522464,0.21829935378235094,0.1960239081809012
21.046999999999173,9.0,21.046999999999173,4.999964508872764,0.28522899252554496,3.6439044146825506,4.900597704522491,0.21829935378251925,0.19602390818090978
21.06699999999917,9.0,21.06699999999917,4.999964508872765,0.28522899252553324,3.643904414682927,4.900597704522888,0.2182993537826911,0.19602390818092247
21.08699999999917,9.0,21.08699999999917,4.999964508872764,0.2852289925258796,3.6439044146825874,4.9005977045225695,0.21829935378254056,0.19602390818092016
21.08799999999917,9.0,21.08799999999917,4.999964508872772,0.2852289925247285,3.6439044146615904,4.900597704326292,0.21829935349045118,0.19602390816870777
21.10399999999917,9.0,21.10399999999917,4.9999645088727735,0.2852289925264384,3.643904414699914,4.900597704678406,0.21829935397180403,0.19602390818814308
21.12399999999917,9.0,21.12399999999917,4.999964508872765,0.28522899252635403,3.6439044146832127,4.9005977045353175,0.21829935378551973,0.19602390818082177
21.143999999999167,9.0,21.143999999999167,4.999964508872764,0.2852289925258777,3.6439044146827966,4.900597704523129,0.21829935378648527,0.19602390818153673
21.16399999999917,9.0,21.16399999999917,4.999964508872766,0.2852289925257383,3.643904414683471,4.900597704536757,0.2182993537876299,0.19602390818148674
21.183999999999166,9.0,21.183999999999166,4.999964508872763,0.28522899252555994,3.643904414682576,4.900597704519142,0.21829935377538098,0.19602390818073553
21.203999999999166,9.0,21.203999999999166,4.999964508872765,0.28522899252508793,3.64390441468262,4.900597704521852,0.2182993537819366,0.1960239081808928
21.22399999999917,9.0,21.22399999999917,4.999964508872763,0.2852289925256647,3.6439044146824493,4.900597704522516,0.21829935378314053,0.1960239081809236
21.243999999999165,9.0,21.243999999999165,4.999964508872764,0.28522899252527495,3.6439044146831017,4.900597704523124,0.2182993537826591,0.1960239081808987
21.263999999999164,9.0,21.263999999999164,4.999964508872763,0.2852289925254003,3.6439044146826567,4.900597704522664,0.2182993537825561,0.19602390818092133
21.283999999999168,9.0,21.283999999999168,4.9999645088727664,0.28522899252524403,3.643904414682722,4.900597704522707,0.21829935378235626,0.1960239081809032
21.303999999999164,9.0,21.303999999999164,4.999964508872765,0.28522899252556166,3.643904414683069,4.900597704523082,0.21829935378235005,0.19602390818090182
21.32399999999916,9.0,21.32399999999916,4.999964508872766,0.2852289925252535,3.643904414682591,4.900597704522573,0.21829935378230964,0.19602390818090817
21.343999999999163,9.0,21.343999999999163,4.999964508872763,0.2852289925255579,3.6439044146825497,4.900597704522557,0.21829935378264004,0.19602390818092513
21.34499999999916,9.0,21.34499999999916,4.999964508872772,0.28522899252507006,3.643904414661953,4.900597704326635,0.2182993534908411,0.19602390816872217
21.360999999999166,9.0,21.360999999999166,4.999964508872775,0.28522899252574635,3.6439044147005504,4.900597704679105,0.21829935397171965,0.1960239081881465
21.380999999999165,9.0,21.380999999999165,4.9999645088727664,0.28522899252572004,3.6439044146833988,4.900597704535514,0.21829935378509385,0.1960239081808103
21.400999999999165,9.0,21.400999999999165,4.999964508872765,0.28522899252563255,3.6439044146836554,4.900597704523978,0.21829935377928023,0.19602390818094137
21.42099999999916,9.0,21.42099999999916,4.999964508872763,0.28522899252559647,3.6439044146819555,4.900597704521034,0.2182993537873552,0.19602390818149
21.44099999999916,9.0,21.44099999999916,4.999964508872764,0.28522899252594885,3.6439044146835666,4.900597704537512,0.21829935378972598,0.19602390818152157
21.46099999999916,9.0,21.46099999999916,4.999964508872765,0.28522899252550693,3.643904414682587,4.900597704519201,0.21829935377579177,0.19602390818074134
21.48099999999916,9.0,21.48099999999916,4.9999645088727664,0.28522899252552103,3.6439044146832598,4.900597704522564,0.2182993537819859,0.19602390818089732
21.50099999999916,9.0,21.50099999999916,4.999964508872766,0.2852289925249206,3.6439044146832544,4.9005977045232765,0.2182993537827306,0.19602390818091253
21.52099999999916,9.0,21.52099999999916,4.9999645088727664,0.285228992525212,3.6439044146829747,4.900597704522968,0.2182993537825943,0.19602390818092263
21.54099999999916,9.0,21.54099999999916,4.999964508872766,0.2852289925251126,3.6439044146824955,4.900597704522481,0.21829935378259563,0.19602390818092866
21.560999999999154,9.0,21.560999999999154,4.999964508872764,0.28522899252543044,3.6439044146825603,4.900597704522561,0.21829935378256632,0.19602390818091509
21.580999999999158,9.0,21.580999999999158,4.999964508872766,0.2852289925260061,3.643904414683236,4.900597704523227,0.21829935378237358,0.19602390818089713
21.600999999999154,9.0,21.600999999999154,4.9999645088727664,0.28522899252548534,3.6439044146829156,4.900597704522886,0.2182993537824584,0.19602390818092277
21.60199999999916,9.0,21.60199999999916,4.999964508872773,0.2852289925248694,3.6439044146616935,4.900597704326428,0.2182993534905391,0.19602390816872262
21.61799999999916,9.0,21.61799999999916,4.9999645088727735,0.2852289925259531,3.643904414701191,4.900597704679604,0.21829935397132305,0.19602390818811669
21.63799999999916,9.0,21.63799999999916,4.999964508872764,0.28522899252623385,3.6439044146833948,4.900597704535548,0.21829935378526172,0.196023908180829
21.657999999999156,9.0,21.657999999999156,4.999964508872764,0.28522899252547185,3.643904414683538,4.900597704523924,0.2182993537793397,0.1960239081809479
21.67799999999916,9.0,21.67799999999916,4.999964508872763,0.285228992525557,3.6439044146819755,4.900597704521105,0.21829935378762833,0.1960239081815115
21.697999999999155,9.0,21.697999999999155,4.999964508872764,0.28522899252555256,3.6439044146837034,4.900597704537664,0.21829935378972065,0.19602390818152235
21.717999999999154,9.0,21.717999999999154,4.999964508872763,0.2852289925254138,3.6439044146820527,4.900597704518748,0.21829935377570517,0.19602390818073867
21.73799999999915,9.0,21.73799999999915,4.999964508872765,0.285228992526112,3.6439044146829844,4.900597704522234,0.21829935378208937,0.19602390818089493
21.757999999999154,9.0,21.757999999999154,4.9999645088727664,0.28522899252538,3.6439044146824737,4.9005977045225375,0.2182993537830668,0.19602390818092794
21.777999999999153,9.0,21.777999999999153,4.999964508872766,0.28522899252520423,3.643904414683269,4.900597704523264,0.21829935378263468,0.19602390818090215
21.79799999999915,9.0,21.79799999999915,4.999964508872766,0.285228992525587,3.643904414682887,4.900597704522914,0.2182993537824282,0.19602390818091586
21.817999999999152,9.0,21.817999999999152,4.9999645088727664,0.28522899252552986,3.6439044146831665,4.900597704523148,0.21829935378225634,0.19602390818090296
21.83799999999915,9.0,21.83799999999915,4.999964508872766,0.285228992525504,3.6439044146832726,4.900597704523275,0.21829935378242998,0.19602390818092297
21.857999999999148,9.0,21.857999999999148,4.999964508872766,0.28522899252529504,3.6439044146827255,4.9005977045227285,0.21829935378217152,0.19602390818090584
21.85899999999915,9.0,21.85899999999915,4.999964508872772,0.28522899252459655,3.6439044146622117,4.900597704326795,0.21829935349035348,0.19602390816871468
21.87499999999915,9.0,21.87499999999915,4.9999645088727735,0.28522899252598344,3.6439044147004074,4.900597704678955,0.21829935397132796,0.19602390818812698
21.89499999999915,9.0,21.89499999999915,4.999964508872766,0.28522899252560935,3.643904414683631,4.90059770453575,0.21829935378527948,0.1960239081808224
21.914999999999154,9.0,21.914999999999154,4.999964508872764,0.28522899252562006,3.6439044146831674,4.900597704523508,0.21829935377921184,0.19602390818093962
21.93499999999915,9.0,21.93499999999915,4.999964508872765,0.2852289925255602,3.643904414682411,4.900597704521524,0.21829935378732546,0.1960239081814757
21.954999999999146,9.0,21.954999999999146,4.999964508872765,0.28522899252544753,3.643904414683661,4.900597704537661,0.21829935378960075,0.19602390818152046
21.97499999999915,9.0,21.97499999999915,4.999964508872765,0.2852289925255798,3.6439044146820363,4.900597704518724,0.21829935377585216,0.19602390818075427
21.99499999999915,9.0,21.99499999999915,4.999964508872765,0.2852289925257922,3.643904414682196,4.90059770452143,0.21829935378203874,0.19602390818089066
22.014999999999144,9.0,22.014999999999144,4.999964508872765,0.28522899252552236,3.6439044146824613,4.900597704522466,0.21829935378283097,0.19602390818088553
22.034999999999144,9.0,22.034999999999144,4.999964508872764,0.2852289925255532,3.643904414682145,4.900597704522181,0.21829935378295934,0.1960239081809203
22.054999999999147,9.0,22.054999999999147,4.999964508872765,0.28522899252526274,3.6439044146829573,4.900597704522926,0.2182993537827031,0.19602390818090762
22.074999999999143,9.0,22.074999999999143,4.9999645088727664,0.28522899252543654,3.643904414682533,4.900597704522562,0.21829935378244553,0.19602390818091006
22.09499999999914,9.0,22.09499999999914,4.9999645088727664,0.28522899252583805,3.643904414682835,4.900597704522862,0.21829935378264803,0.1960239081809246
22.114999999999142,9.0,22.114999999999142,4.999964508872766,0.28522899252528955,3.643904414682672,4.900597704522663,0.21829935378249882,0.1960239081809178
22.11599999999914,9.0,22.11599999999914,4.999964508872773,0.2852289925250279,3.643904414661855,4.900597704326514,0.2182993534903153,0.19602390816870466
22.131999999999145,9.0,22.131999999999145,4.9999645088727735,0.2852289925258641,3.643904414700761,4.900597704679283,0.21829935397162725,0.19602390818813809
22.151999999999145,9.0,22.151999999999145,4.999964508872766,0.2852289925262037,3.643904414683594,4.900597704535758,0.21829935378492377,0.19602390818079726
22.171999999999144,9.0,22.171999999999144,4.999964508872765,0.28522899252583805,3.6439044146832638,4.900597704523667,0.21829935377925935,0.19602390818094623
22.19199999999914,9.0,22.19199999999914,4.9999645088727664,0.2852289925256659,3.6439044146825745,4.900597704521681,0.21829935378761678,0.19602390818150553
22.211999999999144,9.0,22.211999999999144,4.999964508872763,0.2852289925250215,3.6439044146834396,4.900597704537392,0.21829935378957588,0.19602390818152415
22.23199999999914,9.0,22.23199999999914,4.999964508872766,0.2852289925255388,3.6439044146821513,4.900597704518832,0.21829935377576645,0.19602390818074114
22.25199999999914,9.0,22.25199999999914,4.999964508872766,0.2852289925255814,3.6439044146825794,4.900597704521844,0.21829935378201565,0.19602390818088936
22.271999999999142,9.0,22.271999999999142,4.999964508872767,0.28522899252570444,3.643904414682848,4.900597704522853,0.21829935378317647,0.1960239081809267
22.29199999999914,9.0,22.29199999999914,4.999964508872765,0.28522899252499956,3.643904414683149,4.900597704523171,0.2182993537826982,0.19602390818091284
22.311999999999138,9.0,22.311999999999138,4.999964508872765,0.2852289925253945,3.6439044146833908,4.900597704523407,0.21829935378262405,0.19602390818093224
22.331999999999134,9.0,22.331999999999134,4.999964508872766,0.28522899252573763,3.643904414683003,4.900597704523025,0.2182993537824291,0.19602390818093096
22.351999999999137,9.0,22.351999999999137,4.999964508872767,0.2852289925254256,3.6439044146831927,4.900597704523146,0.21829935378213866,0.1960239081808992
22.371999999999133,9.0,22.371999999999133,4.999964508872764,0.28522899252589495,3.643904414682691,4.90059770452269,0.21829935378214443,0.19602390818089943
22.372999999999138,9.0,22.372999999999138,4.999964508872772,0.2852289925246018,3.6439044146614896,4.900597704326209,0.21829935349035082,0.19602390816871193
22.38899999999914,9.0,22.38899999999914,4.9999645088727735,0.2852289925257312,3.64390441469994,4.900597704678361,0.21829935397175695,0.19602390818813922
22.40899999999914,9.0,22.40899999999914,4.9999645088727664,0.2852289925257148,3.64390441468353,4.900597704535693,0.2182993537853572,0.19602390818080362
22.428999999999135,9.0,22.428999999999135,4.999964508872766,0.28522899252538586,3.643904414683584,4.900597704523975,0.21829935377941076,0.19602390818094645
22.44899999999914,9.0,22.44899999999914,4.999964508872763,0.28522899252548456,3.6439044146822925,4.900597704521416,0.21829935378745957,0.19602390818149826
22.468999999999134,9.0,22.468999999999134,4.999964508872765,0.28522899252533773,3.6439044146832247,4.900597704537192,0.21829935378960919,0.1960239081815228
22.488999999999134,9.0,22.488999999999134,4.999964508872765,0.28522899252513356,3.643904414682463,4.900597704519102,0.2182993537757176,0.19602390818073004
22.508999999999133,9.0,22.508999999999133,4.999964508872765,0.2852289925251709,3.6439044146828703,4.900597704522189,0.218299353781711,0.19602390818086907
22.528999999999133,9.0,22.528999999999133,4.9999645088727664,0.28522899252578493,3.643904414683131,4.9005977045231655,0.2182993537828736,0.19602390818091286
22.548999999999133,9.0,22.548999999999133,4.9999645088727664,0.28522899252575323,3.643904414683087,4.900597704523151,0.2182993537823909,0.19602390818089901
22.568999999999132,9.0,22.568999999999132,4.9999645088727664,0.285228992526322,3.643904414683117,4.900597704523124,0.2182993537823656,0.19602390818091298
22.58899999999913,9.0,22.58899999999913,4.999964508872766,0.28522899252546713,3.64390441468309,4.900597704523105,0.21829935378241888,0.19602390818092214
22.608999999999128,9.0,22.608999999999128,4.999964508872766,0.28522899252545464,3.643904414682469,4.900597704522463,0.2182993537822106,0.19602390818090457
22.628999999999127,9.0,22.628999999999127,4.999964508872766,0.28522899252531353,3.6439044146830826,4.900597704523075,0.21829935378257875,0.1960239081809175
22.62999999999913,9.0,22.62999999999913,4.9999645088727735,0.2852289925243005,3.6439044146623365,4.900597704326944,0.21829935349062526,0.19602390816872334
22.64599999999913,9.0,22.64599999999913,4.999964508872774,0.28522899252611666,3.643904414700044,4.900597704678598,0.21829935397131775,0.19602390818813042
22.66599999999913,9.0,22.66599999999913,4.999964508872766,0.2852289925254435,3.643904414682853,4.900597704534989,0.218299353785319,0.19602390818082124
22.685999999999133,9.0,22.685999999999133,4.9999645088727664,0.28522899252538947,3.6439044146830337,4.900597704523381,0.21829935378673218,0.19602390818155338
22.70599999999913,9.0,22.70599999999913,4.999964508872764,0.28522899252562667,3.643904414683328,4.900597704536581,0.21829935378763213,0.19602390818149132
22.725999999999125,9.0,22.725999999999125,4.999964508872766,0.2852289925251189,3.6439044146825204,4.900597704519059,0.21829935377557372,0.19602390818074836
22.74599999999913,9.0,22.74599999999913,4.9999645088727664,0.28522899252546347,3.6439044146822006,4.9005977045214655,0.2182993537817572,0.19602390818087403
22.765999999999128,9.0,22.765999999999128,4.999964508872766,0.28522899252560496,3.643904414682505,4.900597704522542,0.21829935378335322,0.19602390818092993
22.785999999999124,9.0,22.785999999999124,4.999964508872766,0.2852289925258708,3.6439044146830653,4.900597704523045,0.2182993537828323,0.1960239081809106
22.805999999999127,9.0,22.805999999999127,4.9999645088727664,0.2852289925262344,3.6439044146822366,4.900597704522269,0.2182993537826436,0.1960239081809265
22.825999999999127,9.0,22.825999999999127,4.999964508872765,0.2852289925255318,3.6439044146827024,4.900597704522652,0.21829935378275905,0.19602390818092594
22.845999999999123,9.0,22.845999999999123,4.999964508872766,0.28522899252538697,3.6439044146830843,4.900597704523014,0.21829935378240511,0.19602390818090162
22.865999999999126,9.0,22.865999999999126,4.9999645088727664,0.28522899252576883,3.6439044146828246,4.900597704522823,0.21829935378234205,0.19602390818090826
22.88599999999912,9.0,22.88599999999912,4.999964508872766,0.28522899252565637,3.643904414682984,4.900597704522978,0.21829935378248727,0.1960239081809188
22.886999999999126,9.0,22.886999999999126,4.9999645088727735,0.28522899252501965,3.643904414662253,4.900597704326894,0.21829935349058974,0.1960239081687238
22.902999999999125,9.0,22.902999999999125,4.9999645088727735,0.2852289925252475,3.643904414700652,4.900597704679193,0.21829935397114011,0.19602390818811735
22.922999999999124,9.0,22.922999999999124,4.9999645088727664,0.2852289925256583,3.6439044146834907,4.900597704535585,0.2182993537849855,0.19602390818080612
22.942999999999124,9.0,22.942999999999124,4.9999645088727664,0.28522899252559103,3.643904414683439,4.900597704523764,0.21829935377920784,0.19602390818093768
22.96299999999912,9.0,22.96299999999912,4.9999645088727664,0.28522899252531064,3.6439044146821065,4.90059770452121,0.21829935378772425,0.1960239081815155
22.982999999999123,9.0,22.982999999999123,4.999964508872766,0.28522899252564454,3.6439044146840187,4.9005977045379785,0.21829935378980636,0.1960239081815311
23.00299999999912,9.0,23.00299999999912,4.9999645088727664,0.2852289925255911,3.6439044146823356,4.9005977045190265,0.21829935377568208,0.19602390818074614
23.02299999999912,9.0,23.02299999999912,4.9999645088727664,0.2852289925253483,3.6439044146825803,4.900597704521848,0.21829935378173854,0.19602390818087603
23.04299999999912,9.0,23.04299999999912,4.9999645088727664,0.28522899252529593,3.6439044146829533,4.900597704522972,0.21829935378304458,0.19602390818091833
23.062999999999118,9.0,23.062999999999118,4.999964508872769,0.2852289925256362,3.643904414682361,4.900597704522412,0.21829935378272886,0.1960239081809188
23.082999999999117,9.0,23.082999999999117,4.9999645088727664,0.285228992525666,3.6439044146829365,4.900597704522903,0.21829935378269155,0.19602390818091767
23.10299999999912,9.0,23.10299999999912,4.9999645088727664,0.28522899252579703,3.643904414682251,4.9005977045222515,0.21829935378251836,0.1960239081809178
23.122999999999116,9.0,23.122999999999116,4.999964508872766,0.28522899252540784,3.643904414682606,4.900597704522602,0.21829935378252946,0.19602390818090548
23.142999999999113,9.0,23.142999999999113,4.999964508872766,0.28522899252545836,3.6439044146818236,4.900597704521823,0.2182993537824069,0.1960239081808996
23.143999999999117,9.0,23.143999999999117,4.999964508872772,0.2852289925250028,3.643904414662007,4.900597704326472,0.21829935349095386,0.19602390816870827
23.15999999999912,9.0,23.15999999999912,4.999964508872774,0.28522899252578604,3.6439044147002257,4.900597704678877,0.2182993539717645,0.19602390818814042
23.17999999999912,9.0,23.17999999999912,4.9999645088727664,0.28522899252597195,3.6439044146831665,4.900597704535316,0.21829935378505033,0.19602390818080173
23.199999999999115,9.0,23.199999999999115,4.9999645088727664,0.2852289925253503,3.643904414683018,4.90059770452337,0.2182993537866256,0.1960239081815569
23.219999999999118,9.0,23.219999999999118,4.999964508872768,0.2852289925253618,3.6439044146833015,4.900597704536575,0.21829935378766588,0.19602390818149842
23.239999999999114,9.0,23.239999999999114,4.9999645088727664,0.285228992525608,3.6439044146826873,4.900597704519205,0.2182993537753428,0.19602390818072934
23.259999999999113,9.0,23.259999999999113,4.999964508872766,0.28522899252554607,3.643904414683693,4.900597704523001,0.2182993537817274,0.19602390818087528
23.279999999999113,9.0,23.279999999999113,4.9999645088727664,0.2852289925255275,3.6439044146832167,4.900597704523319,0.21829935378262183,0.19602390818091156
23.299999999999113,9.0,23.299999999999113,4.9999645088727664,0.2852289925252539,3.6439044146827246,4.9005977045227365,0.21829935378231674,0.1960239081809021
23.319999999999112,9.0,23.319999999999112,4.9999645088727664,0.28522899252564565,3.6439044146825497,4.900597704522548,0.21829935378258808,0.1960239081809218
23.33999999999911,9.0,23.33999999999911,4.999964508872767,0.2852289925260091,3.643904414682781,4.900597704522729,0.21829935378248772,0.19602390818090787
23.35999999999911,9.0,23.35999999999911,4.9999645088727664,0.28522899252574496,3.643904414683194,4.900597704523238,0.21829935378236248,0.19602390818090093
23.379999999999107,9.0,23.379999999999107,4.999964508872767,0.28522899252535244,3.6439044146833854,4.900597704523359,0.21829935378233495,0.19602390818091425
23.39999999999911,9.0,23.39999999999911,4.9999645088727664,0.2852289925253934,3.643904414682905,4.900597704522919,0.21829935378223236,0.19602390818091386
23.400999999999108,9.0,23.400999999999108,4.999964508872773,0.2852289925245826,3.6439044146622606,4.900597704326866,0.21829935349001686,0.1960239081687061
23.41699999999911,9.0,23.41699999999911,4.999964508872773,0.2852289925259163,3.6439044147001423,4.900597704678686,0.21829935397156333,0.19602390818814652
23.436999999999113,9.0,23.436999999999113,4.999964508872766,0.285228992526183,3.6439044146834343,4.9005977045355795,0.21829935378526127,0.19602390818081517
23.456999999999113,9.0,23.456999999999113,4.9999645088727664,0.28522899252592887,3.64390441468328,4.900597704523649,0.2182993537790604,0.1960239081809197
23.47699999999911,9.0,23.47699999999911,4.999964508872765,0.28522899252563794,3.643904414682509,4.900597704521609,0.21829935378766563,0.19602390818150628
23.496999999999105,9.0,23.496999999999105,4.9999645088727664,0.2852289925254249,3.6439044146833655,4.900597704537398,0.21829935378972687,0.19602390818153453
23.516999999999108,9.0,23.516999999999108,4.999964508872767,0.2852289925254127,3.643904414682725,4.90059770451937,0.21829935377583262,0.19602390818074647
23.536999999999107,9.0,23.536999999999107,4.999964508872766,0.28522899252566347,3.643904414682324,4.900597704521598,0.21829935378172344,0.1960239081808797
23.556999999999103,9.0,23.556999999999103,4.9999645088727664,0.2852289925262,3.643904414683181,4.900597704523182,0.21829935378286427,0.19602390818089838
23.576999999999106,9.0,23.576999999999106,4.999964508872768,0.28522899252592887,3.6439044146830946,4.900597704523144,0.2182993537825761,0.19602390818091006
23.596999999999106,9.0,23.596999999999106,4.9999645088727664,0.2852289925251723,3.6439044146831066,4.900597704523133,0.21829935378249704,0.19602390818092302
23.616999999999102,9.0,23.616999999999102,4.9999645088727664,0.28522899252573347,3.64390441468336,4.90059770452335,0.21829935378247706,0.1960239081809274
23.636999999999105,9.0,23.636999999999105,4.999964508872769,0.28522899252526224,3.6439044146824706,4.900597704522511,0.2182993537825006,0.1960239081809361
23.6569999999991,9.0,23.6569999999991,4.999964508872767,0.2852289925253848,3.6439044146825665,4.900597704522511,0.21829935378269288,0.1960239081809307
23.657999999999106,9.0,23.657999999999106,4.9999645088727735,0.2852289925249306,3.643904414661611,4.90059770432624,0.21829935349061194,0.19602390816871207
23.673999999999108,9.0,23.673999999999108,4.999964508872775,0.2852289925258771,3.643904414700246,4.900597704678731,0.21829935397194392,0.19602390818815013
23.693999999999104,9.0,23.693999999999104,4.999964508872767,0.2852289925258504,3.643904414683719,4.900597704535841,0.2182993537854469,0.19602390818082263
23.713999999999103,9.0,23.713999999999103,4.9999645088727664,0.28522899252542094,3.6439044146828596,4.900597704523175,0.21829935377930773,0.19602390818094675
23.733999999999106,9.0,23.733999999999106,4.999964508872767,0.2852289925253384,3.6439044146827313,4.900597704521869,0.21829935378768517,0.19602390818149767
23.753999999999102,9.0,23.753999999999102,4.999964508872766,0.285228992525609,3.6439044146837842,4.900597704537756,0.218299353789706,0.1960239081815365
23.7739999999991,9.0,23.7739999999991,4.999964508872768,0.2852289925251957,3.643904414682291,4.900597704518947,0.21829935377574025,0.19602390818075038
23.793999999999098,9.0,23.793999999999098,4.999964508872767,0.28522899252539097,3.6439044146825714,4.900597704521844,0.2182993537819526,0.19602390818089105
23.8139999999991,9.0,23.8139999999991,4.999964508872766,0.2852289925256741,3.643904414682819,4.900597704522806,0.21829935378292467,0.19602390818090695
23.833999999999097,9.0,23.833999999999097,4.999964508872767,0.28522899252525424,3.6439044146830524,4.9005977045230855,0.21829935378270576,0.19602390818091206
23.853999999999097,9.0,23.853999999999097,4.999964508872765,0.2852289925256646,3.643904414683093,4.900597704523089,0.21829935378229942,0.1960239081809017
23.8739999999991,9.0,23.8739999999991,4.9999645088727664,0.285228992525396,3.6439044146831483,4.900597704523108,0.2182993537825197,0.19602390818092885
23.893999999999096,9.0,23.893999999999096,4.999964508872767,0.2852289925255895,3.64390441468296,4.900597704522966,0.21829935378231985,0.19602390818091395
23.913999999999092,9.0,23.913999999999092,4.999964508872765,0.28522899252536194,3.643904414683252,4.9005977045232605,0.21829935378226123,0.19602390818090476
23.914999999999097,9.0,23.914999999999097,4.999964508872772,0.28522899252477896,3.6439044146620585,4.900597704326812,0.21829935349053023,0.19602390816872986
23.9309999999991,9.0,23.9309999999991,4.999964508872776,0.28522899252600586,3.6439044147000854,4.90059770467854,0.21829935397129066,0.19602390818812768
23.950999999999098,9.0,23.950999999999098,4.999964508872768,0.28522899252626077,3.6439044146832456,4.900597704535356,0.21829935378520487,0.19602390818080587
23.970999999999098,9.0,23.970999999999098,4.999964508872769,0.285228992525593,3.643904414683171,4.90059770452354,0.2182993537794614,0.19602390818094562
23.990999999999097,9.0,23.990999999999097,4.999964508872766,0.28522899252614436,3.6439044146823623,4.900597704521471,0.21829935378758214,0.19602390818149382
24.010999999999093,9.0,24.010999999999093,4.999964508872766,0.2852289925252129,3.643904414683692,4.900597704537697,0.21829935378957765,0.1960239081815169
24.030999999999096,9.0,24.030999999999096,4.999964508872766,0.28522899252567996,3.6439044146822304,4.9005977045188285,0.21829935377567541,0.1960239081807403
24.050999999999092,9.0,24.050999999999092,4.9999645088727664,0.2852289925252817,3.6439044146825754,4.900597704521794,0.2182993537816626,0.19602390818086232
24.070999999999092,9.0,24.070999999999092,4.9999645088727664,0.285228992525696,3.64390441468248,4.900597704522485,0.2182993537831574,0.19602390818092436
24.09099999999909,9.0,24.09099999999909,4.9999645088727664,0.28522899252525463,3.643904414682916,4.9005977045229345,0.21829935378306237,0.19602390818093296
24.11099999999909,9.0,24.11099999999909,4.9999645088727664,0.2852289925254444,3.6439044146826074,4.900597704522645,0.21829935378258808,0.19602390818091922
24.13099999999909,9.0,24.13099999999909,4.999964508872767,0.2852289925255184,3.6439044146825603,4.900597704522541,0.21829935378233806,0.19602390818089965
24.150999999999087,9.0,24.150999999999087,4.9999645088727664,0.2852289925248939,3.6439044146830373,4.900597704523005,0.21829935378261295,0.1960239081809192
24.17099999999909,9.0,24.17099999999909,4.999964508872767,0.2852289925255347,3.643904414681712,4.900597704521741,0.2182993537826347,0.19602390818093224
24.171999999999088,9.0,24.171999999999088,4.999964508872773,0.2852289925246845,3.6439044146622543,4.900597704326699,0.21829935349068652,0.1960239081687013
24.18799999999909,9.0,24.18799999999909,4.999964508872773,0.28522899252597045,3.6439044147006165,4.900597704679304,0.21829935397157754,0.19602390818813514
24.207999999999092,9.0,24.207999999999092,4.999964508872769,0.2852289925260361,3.6439044146835458,4.900597704535725,0.21829935378483895,0.19602390818079812
24.227999999999092,9.0,24.227999999999092,4.99996450887277,0.2852289925255097,3.6439044146836377,4.900597704523993,0.21829935377921628,0.19602390818094606
24.247999999999088,9.0,24.247999999999088,4.999964508872766,0.2852289925253628,3.6439044146826807,4.900597704521775,0.21829935378750753,0.19602390818150636
24.26799999999909,9.0,24.26799999999909,4.999964508872766,0.2852289925255161,3.6439044146835005,4.900597704537472,0.21829935378947773,0.19602390818152146
24.287999999999087,9.0,24.287999999999087,4.9999645088727664,0.28522899252564626,3.6439044146827104,4.900597704519369,0.21829935377564832,0.19602390818073448
24.307999999999087,9.0,24.307999999999087,4.999964508872768,0.28522899252576106,3.6439044146830177,4.90059770452231,0.21829935378193216,0.19602390818089774
24.327999999999086,9.0,24.327999999999086,4.999964508872768,0.2852289925256672,3.6439044146827473,4.900597704522781,0.21829935378266757,0.19602390818090112
24.347999999999086,9.0,24.347999999999086,4.999964508872769,0.2852289925254046,3.643904414682692,4.900597704522718,0.21829935378251702,0.1960239081809001
24.367999999999086,9.0,24.367999999999086,4.999964508872767,0.2852289925256495,3.6439044146825443,4.900597704522557,0.21829935378275905,0.19602390818093057
24.38799999999908,9.0,24.38799999999908,4.999964508872767,0.2852289925253105,3.64390441468311,4.900597704523071,0.21829935378270976,0.1960239081809265
24.407999999999085,9.0,24.407999999999085,4.999964508872767,0.2852289925256016,3.643904414682362,4.900597704522385,0.2182993537823456,0.19602390818090965
24.42799999999908,9.0,24.42799999999908,4.999964508872765,0.28522899252512374,3.643904414682862,4.900597704522868,0.21829935378267423,0.19602390818092286
24.428999999999085,9.0,24.428999999999085,4.9999645088727735,0.28522899252457135,3.643904414661587,4.900597704326317,0.21829935349034726,0.19602390816870605
24.444999999999087,9.0,24.444999999999087,4.999964508872776,0.2852289925261948,3.6439044147008404,4.900597704679258,0.21829935397133549,0.19602390818811274
24.464999999999083,9.0,24.464999999999083,4.999964508872768,0.2852289925254865,3.6439044146830115,4.9005977045351905,0.2182993537850783,0.1960239081808054
24.484999999999083,9.0,24.484999999999083,4.9999645088727664,0.2852289925254782,3.6439044146831696,4.900597704523559,0.21829935377948628,0.1960239081809484
24.504999999999086,9.0,24.504999999999086,4.999964508872767,0.2852289925255298,3.6439044146825847,4.900597704521673,0.21829935378777843,0.19602390818151097
24.524999999999082,9.0,24.524999999999082,4.999964508872767,0.28522899252524486,3.6439044146845125,4.900597704538497,0.2182993537895026,0.19602390818151627
24.544999999999078,9.0,24.544999999999078,4.999964508872767,0.2852289925254626,3.6439044146822153,4.900597704518909,0.21829935377533347,0.1960239081807353
24.56499999999908,9.0,24.56499999999908,4.999964508872767,0.2852289925253273,3.643904414683103,4.900597704522388,0.21829935378140458,0.19602390818085005
24.58499999999908,9.0,24.58499999999908,4.999964508872767,0.28522899252546186,3.643904414682944,4.900597704522966,0.21829935378296733,0.19602390818092616
24.604999999999077,9.0,24.604999999999077,4.999964508872769,0.2852289925254182,3.643904414682551,4.900597704522586,0.21829935378266446,0.1960239081809173
24.62499999999908,9.0,24.62499999999908,4.9999645088727664,0.2852289925255831,3.643904414682721,4.900597704522682,0.21829935378259252,0.1960239081809144
24.64499999999908,9.0,24.64499999999908,4.999964508872767,0.28522899252515993,3.6439044146829147,4.900597704522928,0.21829935378263116,0.19602390818092236
24.664999999999075,9.0,24.664999999999075,4.999964508872767,0.2852289925252284,3.643904414683058,4.900597704523048,0.21829935378238868,0.19602390818091026
24.68499999999907,9.0,24.68499999999907,4.999964508872767,0.2852289925253767,3.643904414683244,4.900597704523256,0.2182993537822559,0.19602390818090468
24.685999999999076,9.0,24.685999999999076,4.999964508872774,0.2852289925245343,3.643904414661868,4.900597704326628,0.2182993534905027,0.19602390816872872
24.701999999999078,9.0,24.701999999999078,4.999964508872778,0.2852289925265351,3.643904414700213,4.900597704678565,0.21829935397149317,0.19602390818813598
24.721999999999078,9.0,24.721999999999078,4.99996450887277,0.28522899252591555,3.6439044146834663,4.900597704535547,0.21829935378525017,0.19602390818080617
24.741999999999077,9.0,24.741999999999077,4.9999645088727664,0.28522899252553197,3.643904414683673,4.900597704524003,0.21829935377924645,0.1960239081809315
24.761999999999077,9.0,24.761999999999077,4.999964508872766,0.2852289925254362,3.6439044146824875,4.900597704521589,0.21829935378741783,0.1960239081814942
24.781999999999073,9.0,24.781999999999073,4.999964508872766,0.2852289925252462,3.6439044146842186,4.900597704538209,0.21829935378964382,0.19602390818153012
24.801999999999076,9.0,24.801999999999076,4.999964508872769,0.2852289925252491,3.643904414681984,4.900597704518662,0.21829935377578066,0.1960239081807649
24.821999999999072,9.0,24.821999999999072,4.999964508872767,0.28522899252527284,3.6439044146822592,4.900597704521492,0.21829935378208004,0.19602390818089738
24.84199999999907,9.0,24.84199999999907,4.999964508872769,0.28522899252525036,3.643904414682954,4.900597704522991,0.21829935378334256,0.19602390818093035
24.861999999999075,9.0,24.861999999999075,4.999964508872769,0.28522899252569595,3.643904414683346,4.9005977045234,0.21829935378286341,0.19602390818092674
24.88199999999907,9.0,24.88199999999907,4.999964508872767,0.2852289925254918,3.643904414683018,4.900597704523063,0.21829935378237936,0.1960239081809184
24.90199999999907,9.0,24.90199999999907,4.999964508872768,0.2852289925255791,3.643904414682673,4.900597704522583,0.2182993537824766,0.1960239081809278
24.921999999999073,9.0,24.921999999999073,4.999964508872769,0.28522899252559714,3.6439044146826465,4.900597704522616,0.21829935378269688,0.19602390818093152
24.94199999999907,9.0,24.94199999999907,4.9999645088727664,0.2852289925251148,3.643904414683325,4.900597704523291,0.21829935378269955,0.19602390818092727
24.94299999999907,9.0,24.94299999999907,4.999964508872774,0.2852289925247992,3.6439044146615776,4.900597704326386,0.21829935349050802,0.196023908168723
24.95899999999907,9.0,24.95899999999907,4.999964508872778,0.2852289925263904,3.6439044147005886,4.90059770467899,0.2182993539714323,0.1960239081881234
24.978999999999072,9.0,24.978999999999072,4.999964508872767,0.28522899252609213,3.6439044146837265,4.900597704535892,0.2182993537852715,0.19602390818081417
24.99899999999907,9.0,24.99899999999907,4.999964508872768,0.28522899252561323,3.6439044146829764,4.900597704523296,0.21829935377902393,0.196023908180925
25.018999999999068,9.0,25.018999999999068,4.9999645088727664,0.285228992525364,3.6439044146826367,4.900597704521867,0.21829935378732057,0.19602390818147022
25.03899999999907,9.0,25.03899999999907,4.999964508872767,0.2852289925257054,3.643904414683854,4.900597704537866,0.2182993537895439,0.19602390818152352
25.058999999999067,9.0,25.058999999999067,4.999964508872767,0.285228992525385,3.6439044146823334,4.900597704518947,0.21829935377544005,0.19602390818072796
25.078999999999066,9.0,25.078999999999066,4.9999645088727664,0.2852289925257497,3.6439044146834716,4.900597704522676,0.21829935378145965,0.1960239081808502
25.098999999999066,9.0,25.098999999999066,4.999964508872767,0.285228992526009,3.6439044146829542,4.900597704522988,0.2182993537827959,0.19602390818091908
25.118999999999065,9.0,25.118999999999065,4.999964508872769,0.2852289925256781,3.6439044146827215,4.900597704522773,0.21829935378270043,0.19602390818092397
25.138999999999065,9.0,25.138999999999065,4.999964508872769,0.2852289925256801,3.643904414682595,4.900597704522598,0.21829935378258675,0.19602390818091983
25.158999999999065,9.0,25.158999999999065,4.999964508872768,0.2852289925256501,3.643904414682804,4.900597704522796,0.21829935378239357,0.19602390818090154
25.178999999999064,9.0,25.178999999999064,4.999964508872767,0.2852289925256517,3.6439044146829436,4.900597704522911,0.21829935378231186,0.19602390818089935
25.19899999999906,9.0,25.19899999999906,4.999964508872768,0.2852289925256669,3.6439044146832624,4.900597704523279,0.21829935378223325,0.19602390818089757
25.199999999999065,9.0,25.199999999999065,4.999964508872774,0.2852289925247151,3.6439044146618778,4.900597704326663,0.2182993534904805,0.19602390816872597
25.215999999999067,9.0,25.215999999999067,4.999964508872778,0.28522899252622547,3.643904414700389,4.900597704678811,0.2182993539714381,0.19602390818813267
25.235999999999063,9.0,25.235999999999063,4.99996450887277,0.28522899252575096,3.643904414683151,4.900597704535234,0.21829935378507787,0.19602390818079873
25.255999999999062,9.0,25.255999999999062,4.999964508872769,0.28522899252610345,3.6439044146832824,4.900597704523633,0.21829935377945428,0.19602390818094312
25.275999999999065,9.0,25.275999999999065,4.999964508872768,0.28522899252531475,3.6439044146825825,4.9005977045217,0.21829935378783571,0.19602390818151708
25.29599999999906,9.0,25.29599999999906,4.999964508872769,0.2852289925255377,3.6439044146831887,4.900597704537155,0.21829935378964116,0.19602390818152932
25.315999999999057,9.0,25.315999999999057,4.999964508872769,0.2852289925254007,3.6439044146822486,4.900597704518876,0.2182993537758042,0.19602390818073848
25.33599999999906,9.0,25.33599999999906,4.999964508872769,0.2852289925256189,3.6439044146820705,4.900597704521331,0.21829935378200632,0.19602390818088813
25.35599999999906,9.0,25.35599999999906,4.999964508872768,0.2852289925256386,3.6439044146830857,4.900597704523085,0.21829935378305967,0.19602390818090296
25.375999999999056,9.0,25.375999999999056,4.999964508872769,0.2852289925252834,3.6439044146830843,4.9005977045231175,0.2182993537828461,0.19602390818092738
25.39599999999906,9.0,25.39599999999906,4.999964508872769,0.2852289925261622,3.643904414682928,4.900597704522891,0.21829935378262583,0.1960239081809324
25.41599999999906,9.0,25.41599999999906,4.999964508872769,0.2852289925258591,3.643904414682665,4.900597704522689,0.21829935378252946,0.19602390818092535
25.435999999999055,9.0,25.435999999999055,4.999964508872769,0.2852289925257005,3.6439044146829933,4.900597704522993,0.21829935378237936,0.19602390818090581
25.455999999999058,9.0,25.455999999999058,4.999964508872769,0.2852289925255089,3.6439044146822144,4.9005977045221645,0.21829935378252502,0.19602390818092386
25.456999999999056,9.0,25.456999999999056,4.999964508872775,0.2852289925248598,3.643904414661684,4.900597704326301,0.21829935349060217,0.19602390816870738
25.472999999999058,9.0,25.472999999999058,4.999964508872774,0.28522899252623735,3.643904414700255,4.900597704678711,0.2182993539716779,0.19602390818813262
25.49299999999906,9.0,25.49299999999906,4.999964508872769,0.2852289925259571,3.643904414683305,4.900597704535426,0.21829935378529502,0.1960239081808115
25.512999999999057,9.0,25.512999999999057,4.99996450887277,0.2852289925258639,3.6439044146832726,4.900597704523601,0.2182993537793846,0.19602390818094287
25.532999999999056,9.0,25.532999999999056,4.999964508872767,0.28522899252597056,3.643904414682146,4.900597704521236,0.21829935378728238,0.1960239081814721
25.552999999999052,9.0,25.552999999999052,4.9999645088727664,0.2852289925253928,3.643904414683641,4.90059770453767,0.21829935378969711,0.19602390818152166
25.572999999999055,9.0,25.572999999999055,4.999964508872768,0.2852289925251779,3.6439044146827397,4.900597704519407,0.21829935377568074,0.19602390818073814
25.59299999999905,9.0,25.59299999999905,4.999964508872768,0.2852289925254834,3.6439044146824604,4.900597704521783,0.2182993537817674,0.19602390818088658
25.61299999999905,9.0,25.61299999999905,4.999964508872769,0.2852289925250593,3.6439044146828405,4.900597704522881,0.2182993537831436,0.19602390818092796
25.632999999999054,9.0,25.632999999999054,4.999964508872771,0.2852289925255891,3.6439044146825212,4.90059770452252,0.2182993537826627,0.19602390818091078
25.65299999999905,9.0,25.65299999999905,4.999964508872769,0.2852289925252654,3.6439044146825204,4.900597704522503,0.21829935378279192,0.1960239081809282
25.67299999999905,9.0,25.67299999999905,4.999964508872766,0.2852289925254793,3.643904414682714,4.900597704522701,0.2182993537824522,0.1960239081809019
25.692999999999053,9.0,25.692999999999053,4.999964508872771,0.2852289925254075,3.6439044146828583,4.900597704522866,0.21829935378236826,0.1960239081809008
25.71299999999905,9.0,25.71299999999905,4.99996450887277,0.2852289925260296,3.6439044146825434,4.900597704522524,0.21829935378234205,0.19602390818090487
25.71399999999905,9.0,25.71399999999905,4.999964508872774,0.28522899252500544,3.643904414661662,4.900597704326383,0.21829935349034016,0.19602390816870277
25.729999999999052,9.0,25.729999999999052,4.9999645088727735,0.28522899252598305,3.643904414700672,4.9005977046791545,0.21829935397169786,0.19602390818813853
25.74999999999905,9.0,25.74999999999905,4.999964508872768,0.28522899252559647,3.643904414683628,4.9005977045357705,0.21829935378506365,0.19602390818080376
25.76999999999905,9.0,25.76999999999905,4.999964508872769,0.28522899252524286,3.64390441468372,4.900597704524083,0.21829935377911233,0.19602390818093263
25.78999999999905,9.0,25.78999999999905,4.999964508872769,0.28522899252606637,3.643904414682582,4.9005977045216715,0.21829935378733034,0.1960239081814928
25.80999999999905,9.0,25.80999999999905,4.999964508872769,0.2852289925258384,3.643904414683417,4.9005977045373585,0.2182993537893343,0.19602390818150736
25.829999999999046,9.0,25.829999999999046,4.999964508872769,0.2852289925255399,3.6439044146824475,4.9005977045190745,0.21829935377570917,0.19602390818073587
25.849999999999046,9.0,25.849999999999046,4.999964508872767,0.28522899252558537,3.6439044146823982,4.9005977045216795,0.21829935378178872,0.1960239081808763
25.869999999999045,9.0,25.869999999999045,4.9999645088727664,0.28522899252535266,3.643904414682608,4.900597704522653,0.21829935378293533,0.1960239081809036
25.889999999999045,9.0,25.889999999999045,4.999964508872768,0.2852289925257337,3.643904414683073,4.900597704523106,0.21829935378290516,0.19602390818092347
25.909999999999044,9.0,25.909999999999044,4.999964508872769,0.2852289925253868,3.643904414682775,4.9005977045227676,0.21829935378256898,0.19602390818092363
25.929999999999044,9.0,25.929999999999044,4.99996450887277,0.2852289925259772,3.643904414683054,4.900597704523054,0.21829935378245396,0.19602390818091459
25.949999999999044,9.0,25.949999999999044,4.99996450887277,0.2852289925254073,3.643904414682007,4.900597704522059,0.2182993537824806,0.19602390818092338
25.96999999999904,9.0,25.96999999999904,4.999964508872768,0.28522899252560024,3.643904414682364,4.900597704522339,0.2182993537827586,0.19602390818092105
25.970999999999044,9.0,25.970999999999044,4.999964508872776,0.2852289925249998,3.6439044146621646,4.900597704326719,0.21829935349081353,0.19602390816870993
25.986999999999046,9.0,25.986999999999046,4.99996450887278,0.2852289925258016,3.6439044147008235,4.900597704679388,0.21829935397120626,0.19602390818811163
26.006999999999042,9.0,26.006999999999042,4.999964508872771,0.2852289925255742,3.643904414683173,4.900597704535335,0.21829935378515025,0.1960239081808258
26.026999999999045,9.0,26.026999999999045,4.999964508872767,0.2852289925256925,3.6439044146828827,4.900597704523204,0.21829935378633517,0.19602390818153764
26.046999999999045,9.0,26.046999999999045,4.999964508872769,0.2852289925253975,3.6439044146836994,4.900597704536946,0.21829935378771606,0.19602390818149867
26.06699999999904,9.0,26.06699999999904,4.99996450887277,0.28522899252521855,3.6439044146829307,4.9005977045194955,0.21829935377531792,0.1960239081807356
26.086999999999044,9.0,26.086999999999044,4.999964508872769,0.2852289925255262,3.6439044146829564,4.900597704522229,0.2182993537816484,0.19602390818087936
26.10699999999904,9.0,26.10699999999904,4.999964508872769,0.2852289925255469,3.6439044146824133,4.900597704522425,0.21829935378285942,0.19602390818091325
26.12699999999904,9.0,26.12699999999904,4.999964508872769,0.2852289925254272,3.6439044146830866,4.900597704523078,0.2182993537827941,0.1960239081809111
26.146999999999036,9.0,26.146999999999036,4.999964508872767,0.2852289925251893,3.6439044146826087,4.900597704522626,0.21829935378239224,0.1960239081809055
26.16699999999904,9.0,26.16699999999904,4.999964508872767,0.2852289925253413,3.6439044146825825,4.900597704522529,0.21829935378243887,0.19602390818090817
26.18699999999904,9.0,26.18699999999904,4.99996450887277,0.2852289925254679,3.64390441468279,4.900597704522771,0.21829935378269955,0.19602390818092588
26.206999999999034,9.0,26.206999999999034,4.99996450887277,0.2852289925251822,3.64390441468271,4.900597704522694,0.218299353782394,0.19602390818090512
26.226999999999038,9.0,26.226999999999038,4.999964508872769,0.2852289925253912,3.643904414682227,4.900597704522228,0.21829935378270798,0.1960239081809314
26.227999999999035,9.0,26.227999999999035,4.999964508872776,0.2852289925247996,3.6439044146620425,4.900597704326563,0.21829935349083487,0.19602390816871498
26.243999999999037,9.0,26.243999999999037,4.999964508872781,0.28522899252603495,3.643904414700208,4.900597704678876,0.2182993539718249,0.19602390818814946
26.26399999999904,9.0,26.26399999999904,4.99996450887277,0.28522899252580725,3.6439044146830986,4.9005977045352465,0.21829935378540782,0.19602390818083062
26.283999999999036,9.0,26.283999999999036,4.999964508872768,0.2852289925255049,3.6439044146829995,4.900597704523366,0.2182993537866096,0.1960239081815524
26.303999999999036,9.0,26.303999999999036,4.999964508872768,0.2852289925255038,3.643904414684153,4.900597704537406,0.21829935378777557,0.19602390818150636
26.32399999999904,9.0,26.32399999999904,4.999964508872769,0.2852289925254815,3.6439044146822828,4.9005977045188,0.21829935377523044,0.19602390818074253
26.343999999999035,9.0,26.343999999999035,4.99996450887277,0.2852289925255839,3.6439044146831483,4.9005977045224,0.21829935378179183,0.196023908180877
26.36399999999903,9.0,26.36399999999903,4.999964508872769,0.28522899252532946,3.6439044146823494,4.900597704522365,0.21829935378280169,0.1960239081809076
26.383999999999034,9.0,26.383999999999034,4.999964508872771,0.28522899252567097,3.643904414682606,4.900597704522612,0.2182993537829016,0.19602390818091894
26.403999999999034,9.0,26.403999999999034,4.999964508872769,0.2852289925253387,3.6439044146832673,4.900597704523238,0.2182993537827848,0.19602390818092563
26.42399999999903,9.0,26.42399999999903,4.99996450887277,0.2852289925253316,3.643904414682635,4.900597704522666,0.21829935378247706,0.19602390818092424
26.44399999999903,9.0,26.44399999999903,4.999964508872769,0.2852289925251663,3.6439044146830297,4.900597704523015,0.21829935378250015,0.19602390818091778
26.463999999999032,9.0,26.463999999999032,4.99996450887277,0.2852289925253412,3.6439044146819803,4.900597704522001,0.21829935378230164,0.19602390818090623
26.48399999999903,9.0,26.48399999999903,4.999964508872769,0.28522899252538353,3.6439044146830084,4.9005977045229585,0.21829935378255433,0.1960239081809014
26.48499999999903,9.0,26.48499999999903,4.999964508872777,0.28522899252480716,3.643904414661732,4.9005977043264695,0.2182993534909148,0.1960239081687266
26.50099999999903,9.0,26.50099999999903,4.99996450887278,0.28522899252604106,3.6439044147008217,4.900597704679316,0.21829935397186173,0.19602390818815174
26.52099999999903,9.0,26.52099999999903,4.99996450887277,0.2852289925255537,3.643904414683322,4.900597704535457,0.21829935378525506,0.19602390818082513
26.54099999999903,9.0,26.54099999999903,4.99996450887277,0.28522899252536277,3.643904414683495,4.9005977045239,0.21829935377938103,0.19602390818094878
26.56099999999903,9.0,26.56099999999903,4.999964508872769,0.2852289925259958,3.643904414682762,4.900597704521884,0.21829935378741427,0.1960239081814924
26.58099999999903,9.0,26.58099999999903,4.999964508872769,0.2852289925253819,3.643904414683478,4.900597704537487,0.21829935378930854,0.19602390818150897
26.600999999999026,9.0,26.600999999999026,4.999964508872771,0.28522899252536055,3.6439044146826434,4.900597704519332,0.21829935377566476,0.1960239081807374
26.62099999999903,9.0,26.62099999999903,4.999964508872771,0.2852289925252707,3.6439044146825337,4.900597704521802,0.2182993537818469,0.19602390818089
26.640999999999025,9.0,26.640999999999025,4.999964508872769,0.2852289925258444,3.6439044146830795,4.900597704523056,0.2182993537831285,0.1960239081809258
26.660999999999024,9.0,26.660999999999024,4.999964508872771,0.28522899252554323,3.6439044146825457,4.900597704522586,0.21829935378273685,0.1960239081809217
26.680999999999024,9.0,26.680999999999024,4.999964508872771,0.28522899252568656,3.643904414682034,4.900597704522061,0.2182993537826991,0.19602390818092383
26.700999999999024,9.0,26.700999999999024,4.999964508872768,0.2852289925256757,3.643904414683169,4.900597704523178,0.21829935378259294,0.19602390818090235
26.720999999999023,9.0,26.720999999999023,4.999964508872768,0.2852289925253798,3.6439044146828956,4.900597704522929,0.21829935378260096,0.1960239081809297
26.74099999999902,9.0,26.74099999999902,4.999964508872771,0.2852289925257258,3.643904414683155,4.900597704523151,0.21829935378230164,0.19602390818090684
26.741999999999024,9.0,26.741999999999024,4.999964508872778,0.28522899252464884,3.6439044146616606,4.900597704326436,0.21829935349031973,0.196023908168718
26.757999999999026,9.0,26.757999999999026,4.999964508872777,0.28522899252641526,3.6439044147002577,4.9005977046787255,0.2182993539716788,0.19602390818814222
26.77799999999902,9.0,26.77799999999902,4.999964508872769,0.28522899252588524,3.6439044146836315,4.900597704535778,0.21829935378517734,0.19602390818080062
26.797999999999025,9.0,26.797999999999025,4.99996450887277,0.28522899252555783,3.6439044146832873,4.900597704523714,0.21829935377921805,0.19602390818093585
26.817999999999024,9.0,26.817999999999024,4.999964508872769,0.285228992525307,3.6439044146819497,4.900597704521094,0.21829935378744714,0.196023908181491
26.83799999999902,9.0,26.83799999999902,4.999964508872769,0.2852289925250686,3.6439044146838446,4.900597704537777,0.21829935378981835,0.196023908181529
26.857999999999024,9.0,26.857999999999024,4.999964508872771,0.28522899252533185,3.6439044146818915,4.900597704518603,0.21829935377586637,0.19602390818075535
26.87799999999902,9.0,26.87799999999902,4.999964508872768,0.28522899252553424,3.643904414682215,4.9005977045214895,0.21829935378186066,0.1960239081808729
26.89799999999902,9.0,26.89799999999902,4.999964508872769,0.2852289925253512,3.643904414682467,4.900597704522489,0.2182993537830881,0.19602390818090817
26.91799999999902,9.0,26.91799999999902,4.999964508872767,0.2852289925252067,3.643904414682855,4.9005977045229185,0.21829935378292958,0.19602390818091894
26.93799999999902,9.0,26.93799999999902,4.999964508872771,0.2852289925254697,3.6439044146831856,4.9005977045231806,0.21829935378255966,0.19602390818091622
26.957999999999018,9.0,26.957999999999018,4.999964508872769,0.28522899252506445,3.643904414682912,4.900597704522933,0.21829935378250992,0.1960239081809292
26.977999999999014,9.0,26.977999999999014,4.99996450887277,0.2852289925254838,3.6439044146825816,4.9005977045226095,0.21829935378255166,0.19602390818092974
26.997999999999017,9.0,26.997999999999017,4.999964508872769,0.2852289925252403,3.6439044146816726,4.9005977045216085,0.21829935378262583,0.1960239081809246
26.99899999999902,9.0,26.99899999999902,4.999964508872778,0.28522899252493034,3.643904414661488,4.900597704325989,0.21829935349074162,0.19602390816869758
27.014999999999016,9.0,27.014999999999016,4.99996450887278,0.28522899252603096,3.643904414699447,4.900597704678084,0.21829935397205893,0.19602390818814577
27.03499999999902,9.0,27.03499999999902,4.999964508872769,0.28522899252626227,3.6439044146829174,4.900597704535043,0.21829935378555393,0.19602390818081478
27.054999999999016,9.0,27.054999999999016,4.999964508872771,0.2852289925259608,3.6439044146833863,4.9005977045237135,0.21829935377928064,0.19602390818091875
27.074999999999015,9.0,27.074999999999015,4.999964508872771,0.28522899252515893,3.643904414682309,4.900597704521397,0.21829935378725085,0.196023908181469
27.09499999999902,9.0,27.09499999999902,4.99996450887277,0.2852289925251848,3.6439044146839374,4.900597704537874,0.21829935378954035,0.19602390818151405
27.114999999999014,9.0,27.114999999999014,4.999964508872771,0.2852289925256864,3.6439044146825186,4.900597704519231,0.21829935377555595,0.19602390818073534
27.13499999999901,9.0,27.13499999999901,4.999964508872769,0.2852289925254753,3.6439044146825443,4.900597704521801,0.21829935378159732,0.19602390818086957
27.154999999999013,9.0,27.154999999999013,4.999964508872771,0.28522899252520134,3.643904414683139,4.900597704523139,0.21829935378319823,0.19602390818093177
27.174999999999013,9.0,27.174999999999013,4.99996450887277,0.2852289925255678,3.6439044146832327,4.900597704523249,0.2182993537826458,0.19602390818091614
27.19499999999901,9.0,27.19499999999901,4.999964508872771,0.2852289925254565,3.6439044146833055,4.900597704523272,0.2182993537825006,0.1960239081809259
27.214999999999012,9.0,27.214999999999012,4.99996450887277,0.28522899252514083,3.643904414682528,4.90059770452254,0.21829935378248239,0.1960239081809325
27.234999999999012,9.0,27.234999999999012,4.999964508872772,0.28522899252552464,3.6439044146825905,4.900597704522526,0.2182993537825086,0.19602390818091572
27.254999999999008,9.0,27.254999999999008,4.999964508872769,0.2852289925253844,3.643904414681767,4.900597704521745,0.2182993537826911,0.1960239081809239
27.25599999999901,9.0,27.25599999999901,4.999964508872776,0.2852289925247925,3.6439044146616886,4.900597704326206,0.21829935349086152,0.1960239081687028
27.27199999999901,9.0,27.27199999999901,4.999964508872778,0.2852289925265524,3.6439044147007977,4.900597704679409,0.21829935397201672,0.19602390818814897
27.29199999999901,9.0,27.29199999999901,4.999964508872772,0.28522899252611056,3.6439044146832593,4.900597704535428,0.21829935378502235,0.1960239081808065
27.31199999999901,9.0,27.31199999999901,4.999964508872771,0.28522899252568035,3.6439044146836594,4.900597704524001,0.21829935377917942,0.19602390818093318
27.33199999999901,9.0,27.33199999999901,4.999964508872772,0.28522899252591954,3.6439044146826287,4.900597704521792,0.21829935378738763,0.19602390818149387
27.35199999999901,9.0,27.35199999999901,4.999964508872771,0.2852289925253467,3.6439044146833015,4.900597704537277,0.21829935378951726,0.19602390818152532
27.371999999999005,9.0,27.371999999999005,4.99996450887277,0.2852289925255884,3.643904414682379,4.900597704519025,0.21829935377581752,0.19602390818074386
27.39199999999901,9.0,27.39199999999901,4.999964508872769,0.2852289925257614,3.6439044146824644,4.900597704521747,0.21829935378193482,0.19602390818088697
27.411999999999004,9.0,27.411999999999004,4.999964508872771,0.2852289925257683,3.643904414682738,4.900597704522736,0.2182993537831072,0.19602390818091947
27.431999999999004,9.0,27.431999999999004,4.99996450887277,0.2852289925257523,3.643904414682881,4.900597704522924,0.21829935378289983,0.19602390818092588
27.451999999999007,9.0,27.451999999999007,4.999964508872769,0.2852289925257679,3.643904414682518,4.900597704522512,0.21829935378267779,0.1960239081809287
27.471999999999003,9.0,27.471999999999003,4.999964508872771,0.2852289925253325,3.6439044146824138,4.9005977045224345,0.21829935378272886,0.19602390818092924
27.491999999999003,9.0,27.491999999999003,4.99996450887277,0.2852289925255647,3.6439044146818285,4.900597704521811,0.21829935378241266,0.19602390818089796
27.511999999999006,9.0,27.511999999999006,4.999964508872772,0.2852289925253623,3.6439044146823814,4.900597704522346,0.21829935378264004,0.1960239081808985
27.512999999999003,9.0,27.512999999999003,4.999964508872779,0.28522899252486944,3.643904414662158,4.900597704326676,0.2182993534907327,0.1960239081687011
27.528999999999005,9.0,27.528999999999005,4.99996450887278,0.28522899252548706,3.6439044146998576,4.9005977046785025,0.21829935397149094,0.19602390818812843
27.548999999999,9.0,27.548999999999,4.999964508872771,0.2852289925260288,3.6439044146831248,4.900597704535195,0.218299353785192,0.19602390818080856
27.568999999999004,9.0,27.568999999999004,4.999964508872772,0.2852289925259067,3.643904414683204,4.900597704523575,0.2182993537791661,0.19602390818092108
27.588999999999004,9.0,27.588999999999004,4.999964508872771,0.28522899252521744,3.6439044146820208,4.900597704521153,0.21829935378750576,0.19602390818148904
27.608999999999,9.0,27.608999999999,4.999964508872771,0.28522899252534867,3.6439044146830577,4.900597704537032,0.21829935378983212,0.19602390818153034
27.628999999999003,9.0,27.628999999999003,4.999964508872767,0.2852289925255463,3.6439044146820736,4.900597704518793,0.21829935377595164,0.19602390818074264
27.648999999999,9.0,27.648999999999,4.999964508872772,0.2852289925254136,3.6439044146825417,4.900597704521762,0.21829935378182114,0.19602390818086846
27.668999999999,9.0,27.668999999999,4.99996450887277,0.2852289925257431,3.6439044146826087,4.900597704522667,0.2182993537829744,0.19602390818090704
27.688999999998998,9.0,27.688999999998998,4.999964508872772,0.2852289925256152,3.6439044146828254,4.900597704522835,0.21829935378271287,0.19602390818090867
27.708999999998998,9.0,27.708999999998998,4.999964508872772,0.2852289925257834,3.6439044146827793,4.90059770452273,0.21829935378250281,0.19602390818091128
27.728999999998997,9.0,27.728999999998997,4.999964508872769,0.2852289925255355,3.6439044146828605,4.900597704522845,0.21829935378272797,0.1960239081809345
27.748999999998997,9.0,27.748999999998997,4.99996450887277,0.2852289925258713,3.6439044146830235,4.900597704523035,0.21829935378246773,0.19602390818091586
27.768999999998996,9.0,27.768999999998996,4.999964508872771,0.28522899252515693,3.6439044146831803,4.900597704523139,0.21829935378237536,0.19602390818091384
27.769999999998998,9.0,27.769999999998998,4.999964508872776,0.28522899252480166,3.643904414661877,4.900597704326578,0.21829935348996624,0.1960239081687033
27.785999999999,9.0,27.785999999999,4.99996450887278,0.28522899252542017,3.6439044147012742,4.900597704679652,0.2182993539711947,0.19602390818811344
27.805999999999,9.0,27.805999999999,4.99996450887277,0.28522899252548645,3.643904414683675,4.900597704535851,0.21829935378494775,0.19602390818080634
27.825999999998995,9.0,27.825999999998995,4.99996450887277,0.2852289925257295,3.6439044146833584,4.9005977045236335,0.21829935377907145,0.19602390818093413
27.845999999998995,9.0,27.845999999998995,4.999964508872771,0.28522899252544054,3.643904414682578,4.900597704521718,0.21829935378763587,0.19602390818150672
27.865999999998998,9.0,27.865999999998998,4.999964508872771,0.2852289925253231,3.6439044146836586,4.900597704537645,0.21829935378969934,0.19602390818153514
27.885999999998994,9.0,27.885999999998994,4.99996450887277,0.2852289925256371,3.6439044146820723,4.900597704518748,0.2182993537755706,0.19602390818073173
27.90599999999899,9.0,27.90599999999899,4.999964508872771,0.28522899252535616,3.6439044146833544,4.900597704522537,0.2182993537820121,0.196023908180889
27.925999999998993,9.0,27.925999999998993,4.999964508872771,0.28522899252549055,3.6439044146823174,4.900597704522342,0.2182993537828714,0.19602390818091947
27.945999999998993,9.0,27.945999999998993,4.999964508872771,0.2852289925256335,3.64390441468294,4.90059770452294,0.21829935378304816,0.19602390818093418
27.96599999999899,9.0,27.96599999999899,4.999964508872773,0.28522899252554257,3.643904414682887,4.900597704522935,0.2182993537826578,0.19602390818092488
27.98599999999899,9.0,27.98599999999899,4.99996450887277,0.28522899252591627,3.6439044146829396,4.900597704522987,0.21829935378241977,0.19602390818091409
28.00599999999899,9.0,28.00599999999899,4.999964508872771,0.28522899252506695,3.643904414682745,4.9005977045227365,0.21829935378223014,0.19602390818090146
28.025999999998987,9.0,28.025999999998987,4.99996450887277,0.2852289925256121,3.6439044146829254,4.900597704522938,0.21829935378243576,0.19602390818091217
28.02699999999899,9.0,28.02699999999899,4.999964508872777,0.2852289925246788,3.6439044146619644,4.900597704326642,0.21829935349023624,0.19602390816870713
28.04299999999899,9.0,28.04299999999899,4.99996450887278,0.2852289925255991,3.64390441470041,4.900597704678885,0.2182993539713999,0.1960239081881271
28.06299999999899,9.0,28.06299999999899,4.999964508872772,0.2852289925254229,3.643904414683425,4.90059770453556,0.2182993537852999,0.19602390818082
28.082999999998993,9.0,28.082999999998993,4.999964508872772,0.28522899252514566,3.643904414683084,4.9005977045233795,0.21829935378634494,0.19602390818153637
28.10299999999899,9.0,28.10299999999899,4.999964508872769,0.2852289925254669,3.6439044146835537,4.900597704536768,0.21829935378773915,0.19602390818150536
28.12299999999899,9.0,28.12299999999899,4.999964508872768,0.28522899252551676,3.643904414681671,4.900597704518246,0.21829935376803739,0.1960239081801169
28.142999999998985,9.0,28.142999999998985,4.999964508872771,0.28522899252568445,3.6439044146816104,4.900597704506723,0.2182993537747628,0.1960239081802615
28.162999999998988,9.0,28.162999999998988,4.999964508872772,0.2852289925256694,3.6439044146829653,4.900597704526274,0.2182993537968604,0.19602390818165755
28.182999999998984,9.0,28.182999999998984,4.999964508872773,0.2852289925253958,3.643904414683873,4.900597704538757,0.21829935379092325,0.19602390818156565
28.202999999998983,9.0,28.202999999998983,4.999964508872768,0.285228992525149,3.6439044146815682,4.900597704518209,0.21829935376790374,0.19602390818013093
28.222999999998986,9.0,28.222999999998986,4.999964508872772,0.28522899252576006,3.643904414681501,4.900597704506557,0.21829935377461274,0.19602390818027843
28.242999999998982,9.0,28.242999999998982,4.999964508872773,0.28522899252539846,3.6439044146826105,4.900597704525915,0.21829935379706958,0.1960239081816843
28.262999999998982,9.0,28.262999999998982,4.999964508872771,0.2852289925255922,3.6439044146840827,4.900597704538936,0.21829935379073362,0.19602390818154178
28.282999999998985,9.0,28.282999999998985,4.999964508872772,0.2852289925253116,3.6439044146822663,4.900597704518881,0.2182993537751234,0.19602390818074295
28.283999999998983,9.0,28.283999999998983,4.999964508872778,0.28522899252498635,3.6439044146612765,4.900597704324055,0.21829935348502358,0.19602390816860307
28.299999999998985,9.0,28.299999999998985,4.999964508872777,0.28522899252627776,3.643904414700076,4.900597704679619,0.21829935395851577,0.19602390818720775
28.319999999998984,9.0,28.319999999998984,4.999964508872772,0.28522899252602046,3.643904414681722,4.90059770451955,0.21829935378581425,0.1960239081808008
28.339999999998984,9.0,28.339999999998984,4.999964508872772,0.28522899252508,3.6439044146848705,4.9005977045425855,0.21829935380107315,0.19602390818231535
28.359999999998983,9.0,28.359999999998983,4.99996450887277,0.28522899252564804,3.6439044146832886,4.900597704533943,0.21829935377441903,0.19602390818076088
28.379999999998983,9.0,28.379999999998983,4.99996450887277,0.2852289925251397,3.6439044146812054,4.90059770450281,0.2182993537746311,0.19602390818074855
28.399999999998983,9.0,28.399999999998983,4.99996450887277,0.2852289925252162,3.643904414683868,4.900597704540575,0.2182993537958437,0.19602390818162513
28.41999999999898,9.0,28.41999999999898,4.999964508872771,0.28522899252573847,3.6439044146826016,4.900597704520014,0.2182993537769313,0.1960239081807639
28.439999999998978,9.0,28.439999999998978,4.999964508872772,0.28522899252528616,3.643904414682928,4.900597704522205,0.21829935378133886,0.19602390818086082
28.459999999998978,9.0,28.459999999998978,4.999964508872771,0.2852289925255697,3.643904414682731,4.900597704522707,0.21829935378275328,0.19602390818091986
28.479999999998977,9.0,28.479999999998977,4.999964508872772,0.28522899252571365,3.6439044146828468,4.900597704522906,0.21829935378256232,0.19602390818090723
28.499999999998977,9.0,28.499999999998977,4.999964508872771,0.2852289925249452,3.643904414683172,4.900597704523155,0.2182993537823425,0.19602390818090137
28.519999999998976,9.0,28.519999999998976,4.999964508872771,0.2852289925252596,3.6439044146832935,4.900597704523309,0.21829935378240778,0.19602390818091917
28.539999999998976,9.0,28.539999999998976,4.999964508872773,0.28522899252551387,3.6439044146825323,4.900597704522589,0.2182993537822528,0.19602390818091384
28.540999999998977,9.0,28.540999999998977,4.999964508872779,0.28522899252474715,3.643904414661588,4.9005977043263265,0.2182993534902176,0.19602390816870646
28.55699999999898,9.0,28.55699999999898,4.99996450887278,0.2852289925253907,3.643904414699841,4.9005977046783045,0.21829935397190528,0.1960239081881523
28.57699999999898,9.0,28.57699999999898,4.999964508872772,0.28522899252564166,3.6439044146834267,4.900597704535505,0.21829935378550286,0.19602390818081655
28.596999999998975,9.0,28.596999999998975,4.999964508872773,0.2852289925252184,3.643904414683285,4.900597704523683,0.21829935377929133,0.19602390818093146
28.616999999998978,9.0,28.616999999998978,4.999964508872772,0.2852289925255234,3.64390441468198,4.900597704521079,0.21829935378715004,0.1960239081814624
28.636999999998977,9.0,28.636999999998977,4.999964508872771,0.28522899252527334,3.6439044146833077,4.900597704537248,0.21829935378968557,0.19602390818151716
28.656999999998973,9.0,28.656999999998973,4.999964508872771,0.28522899252514494,3.6439044146821735,4.900597704518904,0.2182993537757447,0.19602390818073073
28.676999999998976,9.0,28.676999999998976,4.999964508872771,0.2852289925253278,3.643904414682158,4.900597704521425,0.2182993537820201,0.19602390818089013
28.696999999998972,9.0,28.696999999998972,4.999964508872771,0.28522899252578876,3.6439044146831976,4.900597704523221,0.21829935378324797,0.1960239081809221
28.716999999998972,9.0,28.716999999998972,4.999964508872773,0.2852289925260422,3.6439044146831203,4.900597704523146,0.21829935378262938,0.19602390818091397
28.736999999998968,9.0,28.736999999998968,4.999964508872772,0.28522899252539136,3.643904414682533,4.900597704522524,0.21829935378239668,0.19602390818091522
28.75699999999897,9.0,28.75699999999897,4.999964508872773,0.2852289925253707,3.643904414682893,4.900597704522816,0.21829935378273774,0.19602390818093313
28.77699999999897,9.0,28.77699999999897,4.999964508872772,0.2852289925254254,3.643904414682962,4.900597704522933,0.21829935378239623,0.19602390818090729
28.796999999998967,9.0,28.796999999998967,4.999964508872772,0.2852289925249048,3.643904414682733,4.9005977045227,0.21829935378237048,0.19602390818090967
28.797999999998968,9.0,28.797999999998968,4.999964508872779,0.28522899252438494,3.6439044146615607,4.900597704326308,0.21829935349058263,0.19602390816871784
28.81399999999897,9.0,28.81399999999897,4.999964508872779,0.28522899252591966,3.6439044147006276,4.900597704679075,0.21829935397141542,0.1960239081881179
28.83399999999897,9.0,28.83399999999897,4.9999645088727735,0.2852289925256955,3.6439044146835364,4.900597704535715,0.21829935378509785,0.1960239081808018
28.853999999998972,9.0,28.853999999998972,4.999964508872772,0.2852289925259282,3.6439044146833046,4.900597704523653,0.2182993537789485,0.1960239081809152
28.87399999999897,9.0,28.87399999999897,4.999964508872772,0.2852289925252673,3.64390441468259,4.900597704521667,0.21829935378735343,0.19602390818148188
28.893999999998968,9.0,28.893999999998968,4.999964508872772,0.2852289925257041,3.6439044146833566,4.900597704537332,0.2182993537897513,0.19602390818153864
28.91399999999897,9.0,28.91399999999897,4.99996450887277,0.28522899252563905,3.6439044146824737,4.900597704519148,0.21829935377569762,0.19602390818073376
28.933999999998967,9.0,28.933999999998967,4.999964508872771,0.28522899252574735,3.6439044146824773,4.9005977045217275,0.21829935378178383,0.19602390818087806
28.953999999998963,9.0,28.953999999998963,4.999964508872773,0.28522899252545164,3.643904414682601,4.9005977045226174,0.21829935378293666,0.19602390818090595
28.973999999998966,9.0,28.973999999998966,4.999964508872772,0.2852289925253638,3.6439044146824955,4.900597704522518,0.21829935378303839,0.1960239081809344
28.993999999998966,9.0,28.993999999998966,4.999964508872772,0.28522899252548406,3.6439044146831967,4.90059770452315,0.21829935378263648,0.19602390818091284
29.013999999998962,9.0,29.013999999998962,4.999964508872771,0.28522899252582096,3.643904414682381,4.900597704522381,0.2182993537826396,0.1960239081809355
29.03399999999896,9.0,29.03399999999896,4.999964508872772,0.2852289925260999,3.64390441468211,4.900597704522094,0.21829935378256943,0.196023908180915
29.053999999998965,9.0,29.053999999998965,4.999964508872773,0.28522899252552586,3.6439044146825896,4.900597704522558,0.21829935378268045,0.19602390818091026
29.054999999998966,9.0,29.054999999998966,4.999964508872778,0.2852289925248592,3.6439044146617108,4.900597704326358,0.2182993534910054,0.1960239081687208
29.070999999998964,9.0,29.070999999998964,4.99996450887278,0.2852289925260069,3.643904414699953,4.900597704678454,0.2182993539711077,0.19602390818809526
29.090999999998964,9.0,29.090999999998964,4.999964508872772,0.2852289925256455,3.6439044146835458,4.900597704535636,0.21829935378540205,0.19602390818081636
29.110999999998963,9.0,29.110999999998963,4.999964508872773,0.28522899252543865,3.6439044146835777,4.900597704523925,0.21829935377920026,0.1960239081809319
29.130999999998963,9.0,29.130999999998963,4.99996450887277,0.28522899252562595,3.643904414682295,4.900597704521448,0.21829935378749066,0.19602390818150045
29.150999999998962,9.0,29.150999999998962,4.999964508872772,0.2852289925250513,3.6439044146835458,4.900597704537522,0.21829935378979437,0.19602390818153898
29.170999999998962,9.0,29.170999999998962,4.999964508872773,0.2852289925255772,3.6439044146819635,4.900597704518615,0.21829935377567453,0.19602390818073573
29.190999999998958,9.0,29.190999999998958,4.999964508872773,0.2852289925253134,3.6439044146827504,4.90059770452203,0.21829935378210624,0.196023908180892
29.21099999999896,9.0,29.21099999999896,4.999964508872771,0.2852289925251563,3.6439044146825945,4.900597704522592,0.21829935378305615,0.19602390818091991
29.230999999998957,9.0,29.230999999998957,4.999964508872773,0.28522899252568557,3.643904414682546,4.900597704522579,0.21829935378291182,0.196023908180925
29.250999999998957,9.0,29.250999999998957,4.9999645088727735,0.2852289925254854,3.643904414682597,4.900597704522597,0.21829935378259474,0.1960239081809113
29.27099999999896,9.0,29.27099999999896,4.999964508872771,0.28522899252585215,3.643904414682567,4.90059770452259,0.2182993537827888,0.19602390818093343
29.290999999998956,9.0,29.290999999998956,4.9999645088727735,0.28522899252546235,3.64390441468287,4.9005977045228155,0.21829935378252013,0.19602390818091173
29.310999999998955,9.0,29.310999999998955,4.999964508872772,0.2852289925259541,3.643904414682305,4.900597704522311,0.2182993537823758,0.1960239081809055
29.311999999998957,9.0,29.311999999998957,4.99996450887278,0.28522899252474887,3.6439044146615767,4.900597704326226,0.2182993534905693,0.19602390816870668
29.32799999999896,9.0,29.32799999999896,4.999964508872781,0.2852289925254847,3.6439044147009882,4.900597704679514,0.2182993539711956,0.19602390818809834
29.347999999998958,9.0,29.347999999998958,4.999964508872771,0.2852289925258699,3.6439044146832558,4.900597704535439,0.21829935378530435,0.19602390818082974
29.367999999998954,9.0,29.367999999998954,4.999964508872771,0.2852289925256913,3.643904414683468,4.900597704523847,0.2182993537793575,0.196023908180947
29.387999999998957,9.0,29.387999999998957,4.999964508872767,0.2852289925256116,3.643904414682641,4.900597704521754,0.21829935378745646,0.19602390818149468
29.407999999998957,9.0,29.407999999998957,4.999964508872771,0.2852289925250452,3.6439044146838295,4.900597704537822,0.21829935378966425,0.19602390818153506
29.427999999998953,9.0,29.427999999998953,4.9999645088727735,0.2852289925251882,3.643904414681997,4.900597704518679,0.21829935377552442,0.1960239081807336
29.447999999998956,9.0,29.447999999998956,4.9999645088727735,0.2852289925251614,3.643904414682594,4.900597704521838,0.21829935378190374,0.19602390818087967
29.467999999998952,9.0,29.467999999998952,4.9999645088727735,0.2852289925255851,3.643904414682636,4.900597704522682,0.21829935378309656,0.19602390818091875
29.48799999999895,9.0,29.48799999999895,4.999964508872773,0.2852289925255953,3.6439044146831705,4.90059770452321,0.21829935378275503,0.1960239081809123
29.50799999999895,9.0,29.50799999999895,4.999964508872772,0.28522899252560857,3.6439044146826327,4.90059770452264,0.21829935378224258,0.19602390818089935
29.52799999999895,9.0,29.52799999999895,4.999964508872772,0.28522899252539097,3.643904414683144,4.900597704523131,0.21829935378258097,0.19602390818092275
29.54799999999895,9.0,29.54799999999895,4.999964508872772,0.285228992525443,3.643904414682029,4.900597704522068,0.21829935378252058,0.1960239081809278
29.56799999999895,9.0,29.56799999999895,4.999964508872773,0.2852289925256603,3.643904414683108,4.900597704523069,0.21829935378254545,0.19602390818090373
29.568999999998947,9.0,29.568999999998947,4.99996450887278,0.2852289925245688,3.6439044146617796,4.900597704326454,0.2182993534907798,0.19602390816872478
29.58499999999895,9.0,29.58499999999895,4.999964508872781,0.2852289925262907,3.643904414700123,4.900597704678611,0.2182993539715993,0.1960239081881347
29.60499999999895,9.0,29.60499999999895,4.999964508872773,0.2852289925261145,3.643904414682995,4.900597704535112,0.2182993537854811,0.19602390818082616
29.624999999998952,9.0,29.624999999998952,4.999964508872772,0.28522899252579637,3.643904414683052,4.900597704523432,0.2182993537794028,0.19602390818093465
29.644999999998948,9.0,29.644999999998948,4.999964508872772,0.28522899252559303,3.643904414682186,4.900597704521287,0.21829935378768783,0.19602390818149837
29.664999999998948,9.0,29.664999999998948,4.999964508872774,0.28522899252539696,3.6439044146841613,4.900597704538138,0.21829935378971133,0.1960239081815222
29.68499999999895,9.0,29.68499999999895,4.999964508872773,0.2852289925254069,3.6439044146825292,4.900597704519235,0.21829935377564255,0.19602390818074816
29.704999999998947,9.0,29.704999999998947,4.999964508872773,0.2852289925254568,3.6439044146825528,4.900597704521829,0.2182993537818007,0.19602390818088908
29.724999999998943,9.0,29.724999999998943,4.999964508872773,0.2852289925253344,3.6439044146828943,4.900597704522894,0.21829935378280654,0.19602390818089993
29.744999999998946,9.0,29.744999999998946,4.999964508872774,0.2852289925255884,3.6439044146827344,4.900597704522747,0.21829935378285675,0.19602390818092752
29.764999999998945,9.0,29.764999999998945,4.99996450887277,0.285228992525609,3.643904414682343,4.900597704522324,0.21829935378255344,0.19602390818091434
29.78499999999894,9.0,29.78499999999894,4.999964508872773,0.2852289925260698,3.6439044146824435,4.900597704522424,0.21829935378255255,0.19602390818090742
29.804999999998945,9.0,29.804999999998945,4.9999645088727735,0.2852289925262144,3.6439044146826043,4.900597704522569,0.2182993537826134,0.1960239081809126
29.824999999998944,9.0,29.824999999998944,4.999964508872773,0.2852289925256648,3.6439044146820225,4.900597704522048,0.21829935378272042,0.19602390818092588
29.825999999998945,9.0,29.825999999998945,4.999964508872779,0.2852289925245951,3.6439044146618733,4.900597704326402,0.21829935349082777,0.19602390816870777
29.841999999998947,9.0,29.841999999998947,4.99996450887278,0.28522899252596623,3.6439044146998727,4.900597704678564,0.21829935397170455,0.19602390818813567
29.861999999998943,9.0,29.861999999998943,4.999964508872772,0.2852289925258519,3.64390441468301,4.900597704535127,0.2182993537853341,0.1960239081808156
29.881999999998943,9.0,29.881999999998943,4.9999645088727735,0.2852289925259255,3.6439044146837456,4.900597704524111,0.21829935377916562,0.1960239081809173
29.901999999998942,9.0,29.901999999998942,4.999964508872773,0.28522899252584855,3.6439044146822224,4.900597704521336,0.21829935378701326,0.19602390818146134
29.921999999998942,9.0,29.921999999998942,4.9999645088727735,0.2852289925255339,3.643904414683604,4.900597704537543,0.21829935378963983,0.19602390818152393
29.94199999999894,9.0,29.94199999999894,4.999964508872771,0.28522899252546635,3.643904414682447,4.900597704519138,0.21829935377583262,0.1960239081807491
29.961999999998937,9.0,29.961999999998937,4.999964508872772,0.28522899252545747,3.643904414682855,4.900597704522083,0.21829935378208937,0.19602390818090512
29.98199999999894,9.0,29.98199999999894,4.9999645088727735,0.2852289925253491,3.6439044146826793,4.9005977045226965,0.21829935378313875,0.19602390818093302
30.001999999998937,9.0,30.001999999998937,4.999964508872771,0.2852289925257811,3.64390441468314,4.900597704523109,0.21829935378271997,0.19602390818091273
30.021999999998936,9.0,30.021999999998936,4.9999645088727735,0.28522899252555745,3.6439044146831794,4.900597704523179,0.21829935378261162,0.19602390818092807
30.04199999999894,9.0,30.04199999999894,4.9999645088727735,0.28522899252575856,3.6439044146827357,4.900597704522736,0.21829935378247795,0.19602390818092771
30.061999999998935,9.0,30.061999999998935,4.999964508872773,0.28522899252585576,3.643904414683123,4.900597704523138,0.21829935378265514,0.1960239081809327
30.081999999998935,9.0,30.081999999998935,4.9999645088727735,0.2852289925252909,3.643904414682439,4.900597704522426,0.2182993537823696,0.19602390818091547
30.082999999998936,9.0,30.082999999998936,4.999964508872781,0.28522899252482525,3.6439044146623267,4.900597704326848,0.2182993534905107,0.1960239081687115
30.098999999998938,9.0,30.098999999998938,4.9999645088727815,0.285228992525391,3.64390441470054,4.900597704679186,0.21829935397174985,0.1960239081881548
30.118999999998938,9.0,30.118999999998938,4.999964508872777,0.2852289925260441,3.643904414683651,4.900597704535736,0.21829935378496196,0.1960239081808048
30.138999999998937,9.0,30.138999999998937,4.999964508872774,0.2852289925258902,3.6439044146833717,4.900597704523721,0.2182993537790191,0.1960239081809269
30.158999999998937,9.0,30.158999999998937,4.999964508872773,0.28522899252506684,3.643904414682209,4.900597704521308,0.21829935378720156,0.196023908181472
30.178999999998936,9.0,30.178999999998936,4.9999645088727735,0.2852289925257041,3.643904414683937,4.900597704537854,0.21829935378977616,0.19602390818153118
30.198999999998932,9.0,30.198999999998932,4.9999645088727735,0.2852289925255764,3.6439044146825585,4.900597704519194,0.21829935377554796,0.19602390818073212
30.218999999998935,9.0,30.218999999998935,4.9999645088727735,0.28522899252563505,3.6439044146827277,4.900597704521988,0.21829935378185755,0.19602390818088963
30.23899999999893,9.0,30.23899999999893,4.9999645088727735,0.2852289925256477,3.643904414683046,4.900597704523026,0.21829935378297485,0.1960239081809175
30.25899999999893,9.0,30.25899999999893,4.999964508872774,0.28522899252540973,3.6439044146827713,4.900597704522818,0.21829935378254278,0.196023908180906
30.27899999999893,9.0,30.27899999999893,4.999964508872774,0.2852289925251808,3.6439044146823627,4.9005977045223625,0.2182993537824935,0.19602390818091273
30.29899999999893,9.0,30.29899999999893,4.999964508872774,0.28522899252553224,3.643904414682887,4.900597704522867,0.21829935378258675,0.19602390818091212
30.31899999999893,9.0,30.31899999999893,4.9999645088727735,0.2852289925254495,3.6439044146828206,4.9005977045227365,0.21829935378248594,0.19602390818091434
30.33899999999893,9.0,30.33899999999893,4.999964508872774,0.28522899252588363,3.6439044146830124,4.90059770452306,0.21829935378245308,0.19602390818091173
30.339999999998927,9.0,30.339999999998927,4.999964508872781,0.28522899252485695,3.6439044146623196,4.900597704326991,0.21829935349058352,0.19602390816872348
30.35599999999893,9.0,30.35599999999893,4.99996450887278,0.2852289925260854,3.6439044147002053,4.900597704678727,0.21829935397145764,0.19602390818814158
30.375999999998932,9.0,30.375999999998932,4.9999645088727735,0.28522899252595246,3.6439044146833024,4.900597704535481,0.2182993537849806,0.19602390818079676
30.39599999999893,9.0,30.39599999999893,4.999964508872774,0.2852289925257217,3.6439044146831403,4.900597704523534,0.21829935377924958,0.19602390818093518
30.415999999998927,9.0,30.415999999998927,4.999964508872773,0.28522899252576533,3.6439044146820305,4.900597704521187,0.21829935378751553,0.19602390818149004
30.43599999999893,9.0,30.43599999999893,4.9999645088727735,0.28522899252573414,3.643904414683109,4.9005977045370885,0.21829935378966425,0.19602390818151644
30.45599999999893,9.0,30.45599999999893,4.999964508872772,0.2852289925254734,3.643904414682131,4.900597704518802,0.21829935377602447,0.1960239081807503
30.475999999998926,9.0,30.475999999998926,4.9999645088727735,0.28522899252551454,3.643904414682148,4.900597704521389,0.21829935378207027,0.19602390818089013
30.495999999998922,9.0,30.495999999998922,4.999964508872774,0.2852289925254498,3.6439044146829103,4.900597704522905,0.2182993537833208,0.19602390818092608
30.515999999998925,9.0,30.515999999998925,4.9999645088727735,0.2852289925254536,3.643904414683137,4.900597704523158,0.21829935378267332,0.1960239081809085
30.535999999998925,9.0,30.535999999998925,4.999964508872774,0.28522899252525546,3.6439044146830524,4.900597704523028,0.21829935378245352,0.1960239081809177
30.55599999999892,9.0,30.55599999999892,4.999964508872773,0.2852289925255794,3.6439044146833255,4.900597704523326,0.21829935378235849,0.19602390818091484
30.575999999998924,9.0,30.575999999998924,4.9999645088727735,0.2852289925251775,3.643904414682898,4.900597704522912,0.21829935378235138,0.19602390818092233
30.595999999998924,9.0,30.595999999998924,4.999964508872774,0.28522899252543615,3.6439044146831696,4.900597704523172,0.2182993537825179,0.19602390818092683
30.596999999998925,9.0,30.596999999998925,4.99996450887278,0.28522899252489897,3.6439044146623067,4.900597704326954,0.21829935349006394,0.19602390816870854
30.612999999998927,9.0,30.612999999998927,4.9999645088727815,0.2852289925258619,3.643904414699984,4.900597704678588,0.21829935397155756,0.19602390818814897
30.632999999998923,9.0,30.632999999998923,4.999964508872774,0.2852289925256465,3.643904414683327,4.900597704535429,0.2182993537852142,0.1960239081808108
30.652999999998922,9.0,30.652999999998922,4.999964508872773,0.2852289925258095,3.6439044146831727,4.900597704523519,0.21829935377905815,0.1960239081809151
30.672999999998925,9.0,30.672999999998925,4.999964508872774,0.2852289925255672,3.643904414682384,4.900597704521516,0.21829935378778287,0.19602390818151116
30.69299999999892,9.0,30.69299999999892,4.999964508872773,0.2852289925251273,3.6439044146835666,4.900597704537571,0.2182993537898077,0.19602390818153745
30.71299999999892,9.0,30.71299999999892,4.999964508872773,0.28522899252578443,3.643904414682764,4.900597704519434,0.21829935377559814,0.1960239081807306
30.732999999998924,9.0,30.732999999998924,4.999964508872774,0.28522899252552897,3.6439044146822996,4.9005977045215845,0.2182993537816133,0.19602390818087373
30.75299999999892,9.0,30.75299999999892,4.999964508872774,0.2852289925255136,3.6439044146825705,4.900597704522607,0.21829935378309878,0.19602390818091875
30.772999999998916,9.0,30.772999999998916,4.9999645088727735,0.2852289925254681,3.643904414682449,4.900597704522446,0.21829935378292736,0.19602390818092377
30.792999999998916,9.0,30.792999999998916,4.999964508872773,0.28522899252548445,3.643904414683164,4.900597704523123,0.21829935378281634,0.1960239081809256
30.81299999999892,9.0,30.81299999999892,4.999964508872773,0.2852289925256937,3.643904414683299,4.900597704523305,0.21829935378231363,0.19602390818090648
30.832999999998915,9.0,30.832999999998915,4.999964508872775,0.2852289925255108,3.6439044146830843,4.900597704523063,0.2182993537824171,0.1960239081809273
30.852999999998914,9.0,30.852999999998914,4.999964508872774,0.28522899252583056,3.6439044146828405,4.9005977045228,0.2182993537821884,0.19602390818090365
30.853999999998916,9.0,30.853999999998916,4.9999645088727815,0.2852289925248749,3.643904414662343,4.90059770432691,0.21829935349031618,0.19602390816871307
30.869999999998917,9.0,30.869999999998917,4.9999645088727815,0.28522899252578865,3.64390441470015,4.900597704678713,0.21829935397132041,0.19602390818812993
30.889999999998917,9.0,30.889999999998917,4.9999645088727735,0.2852289925260655,3.6439044146834636,4.900597704535609,0.21829935378517246,0.1960239081808104
30.909999999998917,9.0,30.909999999998917,4.999964508872774,0.2852289925256325,3.6439044146834383,4.900597704523809,0.21829935377923315,0.19602390818093646
30.929999999998916,9.0,30.929999999998916,4.9999645088727735,0.2852289925255628,3.64390441468255,4.9005977045216405,0.21829935378737964,0.1960239081814871
30.949999999998916,9.0,30.949999999998916,4.999964508872774,0.28522899252529677,3.643904414683505,4.900597704537425,0.2182993537895297,0.19602390818152018
30.969999999998915,9.0,30.969999999998915,4.999964508872774,0.28522899252561856,3.6439044146825585,4.900597704519221,0.21829935377575446,0.19602390818074103
30.989999999998915,9.0,30.989999999998915,4.9999645088727735,0.2852289925252897,3.643904414682398,4.9005977045216955,0.21829935378196413,0.19602390818089604
31.00999999999891,9.0,31.00999999999891,4.9999645088727735,0.28522899252517664,3.6439044146823925,4.900597704522379,0.21829935378315518,0.19602390818092424
31.029999999998914,9.0,31.029999999998914,4.9999645088727735,0.2852289925255238,3.6439044146830475,4.900597704523047,0.21829935378289358,0.19602390818091533
31.04999999999891,9.0,31.04999999999891,4.999964508872773,0.28522899252547584,3.6439044146825372,4.90059770452255,0.21829935378246906,0.1960239081809111
31.06999999999891,9.0,31.06999999999891,4.9999645088727735,0.28522899252526523,3.6439044146827078,4.900597704522672,0.21829935378243664,0.1960239081809062
31.08999999999891,9.0,31.08999999999891,4.999964508872775,0.28522899252532763,3.643904414682707,4.900597704522691,0.21829935378268533,0.19602390818092819
31.10999999999891,9.0,31.10999999999891,4.9999645088727735,0.28522899252583916,3.6439044146828743,4.900597704522848,0.21829935378239845,0.19602390818090454
31.11099999999891,9.0,31.11099999999891,4.999964508872781,0.28522899252474665,3.643904414662088,4.900597704326731,0.2182993534907052,0.1960239081687228
31.126999999998908,9.0,31.126999999998908,4.999964508872783,0.2852289925262964,3.6439044147008843,4.900597704679432,0.21829935397129996,0.19602390818812251
31.14699999999891,9.0,31.14699999999891,4.9999645088727735,0.28522899252570777,3.643904414683543,4.900597704535718,0.2182993537852222,0.19602390818082957
31.16699999999891,9.0,31.16699999999891,4.999964508872775,0.2852289925256496,3.6439044146835977,4.900597704523931,0.2182993537790795,0.19602390818093235
31.186999999998907,9.0,31.186999999998907,4.999964508872771,0.2852289925253851,3.6439044146819564,4.900597704521087,0.21829935378718335,0.19602390818147605
31.20699999999891,9.0,31.20699999999891,4.999964508872773,0.28522899252551753,3.6439044146838464,4.900597704537766,0.21829935378978993,0.19602390818152796
31.22699999999891,9.0,31.22699999999891,4.999964508872776,0.28522899252543726,3.6439044146822432,4.900597704518907,0.21829935377577223,0.19602390818074686
31.246999999998906,9.0,31.246999999998906,4.9999645088727735,0.28522899252549444,3.643904414682555,4.900597704521816,0.21829935378204363,0.1960239081808963
31.26699999999891,9.0,31.26699999999891,4.9999645088727735,0.2852289925252715,3.643904414683074,4.900597704523131,0.21829935378295798,0.19602390818090876
31.286999999998905,9.0,31.286999999998905,4.9999645088727735,0.28522899252556627,3.643904414683116,4.900597704523163,0.2182993537827222,0.19602390818092238
31.306999999998904,9.0,31.306999999998904,4.999964508872775,0.2852289925255876,3.6439044146826642,4.900597704522658,0.21829935378248372,0.19602390818092244
31.326999999998904,9.0,31.326999999998904,4.999964508872774,0.2852289925254304,3.6439044146830972,4.900597704523093,0.21829935378228477,0.19602390818089824
31.346999999998904,9.0,31.346999999998904,4.9999645088727735,0.28522899252522826,3.6439044146827735,4.90059770452278,0.21829935378244508,0.19602390818092016
31.366999999998903,9.0,31.366999999998903,4.9999645088727735,0.2852289925255931,3.6439044146825563,4.90059770452254,0.2182993537823114,0.19602390818090307
31.367999999998904,9.0,31.367999999998904,4.999964508872781,0.28522899252465816,3.6439044146617268,4.900597704326368,0.2182993534904725,0.19602390816870902
31.383999999998906,9.0,31.383999999998906,4.999964508872784,0.28522899252548767,3.643904414700193,4.900597704678747,0.21829935397164238,0.19602390818813387
31.403999999998902,9.0,31.403999999998902,4.999964508872776,0.28522899252541006,3.643904414683119,4.900597704535298,0.2182993537853572,0.19602390818081752
31.4239999999989,9.0,31.4239999999989,4.999964508872774,0.28522899252556316,3.643904414683623,4.90059770452399,0.21829935377920603,0.196023908180924
31.443999999998905,9.0,31.443999999998905,4.9999645088727735,0.28522899252544504,3.6439044146826354,4.900597704521743,0.21829935378751553,0.1960239081815011
31.4639999999989,9.0,31.4639999999989,4.9999645088727735,0.28522899252550754,3.643904414683825,4.9005977045377955,0.21829935378950482,0.1960239081815226
31.4839999999989,9.0,31.4839999999989,4.999964508872773,0.28522899252538414,3.6439044146821575,4.900597704518831,0.2182993537756914,0.1960239081807474
31.503999999998904,9.0,31.503999999998904,4.999964508872774,0.2852289925259161,3.6439044146829467,4.900597704522202,0.21829935378192106,0.1960239081808852
31.5239999999989,9.0,31.5239999999989,4.999964508872774,0.2852289925258033,3.643904414682449,4.900597704522451,0.2182993537828714,0.1960239081809111
31.543999999998896,9.0,31.543999999998896,4.9999645088727735,0.28522899252550626,3.64390441468251,4.900597704522534,0.21829935378266224,0.1960239081809015
31.5639999999989,9.0,31.5639999999989,4.999964508872776,0.2852289925254825,3.64390441468324,4.9005977045232365,0.21829935378257032,0.19602390818090665
31.5839999999989,9.0,31.5839999999989,4.999964508872774,0.28522899252526773,3.6439044146827206,4.900597704522707,0.21829935378220705,0.19602390818090107
31.603999999998894,9.0,31.603999999998894,4.999964508872776,0.28522899252521705,3.6439044146833126,4.90059770452328,0.21829935378240511,0.1960239081809108
31.623999999998897,9.0,31.623999999998897,4.999964508872774,0.28522899252546047,3.6439044146829582,4.900597704522922,0.21829935378247706,0.19602390818092874
31.624999999998895,9.0,31.624999999998895,4.9999645088727815,0.2852289925248811,3.6439044146623027,4.900597704326894,0.2182993534900062,0.19602390816870308
31.640999999998897,9.0,31.640999999998897,4.999964508872783,0.28522899252585643,3.643904414700277,4.9005977046788685,0.21829935397139147,0.1960239081881352
31.660999999998896,9.0,31.660999999998896,4.999964508872775,0.2852289925259381,3.6439044146828783,4.900597704534998,0.2182993537851307,0.19602390818080978
31.680999999998896,9.0,31.680999999998896,4.999964508872774,0.28522899252566963,3.643904414683354,4.900597704523699,0.21829935377948537,0.1960239081809419
31.700999999998896,9.0,31.700999999998896,4.9999645088727735,0.2852289925254174,3.6439044146820523,4.900597704521189,0.2182993537871878,0.1960239081814626
31.720999999998895,9.0,31.720999999998895,4.999964508872773,0.2852289925254329,3.6439044146839863,4.9005977045379865,0.21829935378968823,0.19602390818151944
31.740999999998895,9.0,31.740999999998895,4.999964508872773,0.28522899252532663,3.643904414682193,4.9005977045189395,0.21829935377583706,0.1960239081807597
31.760999999998894,9.0,31.760999999998894,4.999964508872774,0.285228992525759,3.6439044146826274,4.900597704521907,0.2182993537816746,0.19602390818086868
31.78099999999889,9.0,31.78099999999889,4.999964508872774,0.28522899252518463,3.6439044146824138,4.900597704522383,0.21829935378300463,0.19602390818091597
31.800999999998893,9.0,31.800999999998893,4.999964508872775,0.2852289925256815,3.643904414683212,4.900597704523239,0.2182993537828918,0.19602390818091678
31.82099999999889,9.0,31.82099999999889,4.999964508872774,0.2852289925258932,3.6439044146830577,4.900597704523042,0.21829935378255477,0.19602390818092383
31.84099999999889,9.0,31.84099999999889,4.999964508872774,0.28522899252574396,3.6439044146825488,4.900597704522495,0.21829935378226611,0.19602390818090695
31.860999999998892,9.0,31.860999999998892,4.999964508872775,0.2852289925255689,3.6439044146829933,4.900597704522955,0.21829935378240423,0.1960239081809041
31.88099999999889,9.0,31.88099999999889,4.999964508872775,0.2852289925254856,3.6439044146827193,4.90059770452273,0.21829935378239534,0.19602390818091045
31.88199999999889,9.0,31.88199999999889,4.999964508872781,0.28522899252462924,3.6439044146617108,4.900597704326418,0.21829935349050714,0.19602390816871473
31.897999999998895,9.0,31.897999999998895,4.9999645088727815,0.2852289925261478,3.643904414700483,4.900597704678957,0.2182993539709518,0.1960239081880899
31.91799999999889,9.0,31.91799999999889,4.999964508872775,0.28522899252638023,3.64390441468328,4.9005977045354525,0.21829935378514226,0.19602390818080495
31.93799999999889,9.0,31.93799999999889,4.999964508872777,0.285228992525842,3.643904414683268,4.900597704523624,0.21829935377926601,0.19602390818093463
31.957999999998886,9.0,31.957999999998886,4.999964508872776,0.285228992525045,3.6439044146819266,4.900597704521029,0.2182993537873601,0.19602390818147925
31.97799999999889,9.0,31.97799999999889,4.9999645088727735,0.28522899252607475,3.6439044146834023,4.900597704537367,0.21829935378974463,0.19602390818151985
31.99799999999889,9.0,31.99799999999889,4.9999645088727735,0.2852289925260814,3.643904414682519,4.900597704519136,0.2182993537761315,0.1960239081807659
32.017999999998885,9.0,32.017999999998885,4.999964508872774,0.28522899252555095,3.643904414682694,4.900597704521966,0.21829935378158088,0.19602390818086032
32.03799999999889,9.0,32.03799999999889,4.999964508872777,0.2852289925254797,3.643904414682733,4.900597704522757,0.2182993537828692,0.19602390818090726
32.057999999998884,9.0,32.057999999998884,4.999964508872774,0.2852289925253774,3.643904414682847,4.900597704522874,0.21829935378268533,0.19602390818091084
32.07799999999888,9.0,32.07799999999888,4.999964508872775,0.28522899252537137,3.6439044146829436,4.90059770452295,0.21829935378268045,0.19602390818092802
32.09799999999888,9.0,32.09799999999888,4.999964508872777,0.28522899252538464,3.6439044146827904,4.900597704522791,0.21829935378235982,0.1960239081809095
32.11799999999889,9.0,32.11799999999889,4.999964508872774,0.28522899252521033,3.643904414683172,4.900597704523102,0.21829935378264714,0.19602390818093127
32.13799999999888,9.0,32.13799999999888,4.9999645088727735,0.28522899252549816,3.643904414682918,4.900597704522924,0.21829935378256454,0.19602390818093135
32.13899999999888,9.0,32.13899999999888,4.999964508872781,0.2852289925249622,3.643904414661568,4.900597704326318,0.21829935349054533,0.19602390816872348
32.154999999998886,9.0,32.154999999998886,4.999964508872784,0.2852289925257886,3.6439044147005486,4.900597704678972,0.21829935397106903,0.19602390818809629
32.17499999999888,9.0,32.17499999999888,4.999964508872777,0.28522899252592443,3.643904414683337,4.9005977045354,0.21829935378537008,0.19602390818082044
32.194999999998885,9.0,32.194999999998885,4.999964508872775,0.2852289925259578,3.643904414682875,4.900597704523221,0.21829935378667312,0.19602390818155774
32.21499999999888,9.0,32.21499999999888,4.999964508872774,0.28522899252573386,3.6439044146839636,4.900597704537239,0.21829935378780355,0.1960239081815047
32.234999999998884,9.0,32.234999999998884,4.999964508872774,0.2852289925251371,3.6439044146827966,4.90059770451934,0.2182993537752784,0.19602390818074064
32.25499999999888,9.0,32.25499999999888,4.999964508872775,0.28522899252560696,3.6439044146821726,4.900597704521466,0.21829935378180737,0.1960239081808916
32.27499999999888,9.0,32.27499999999888,4.999964508872775,0.28522899252508427,3.643904414683034,4.900597704523062,0.21829935378303836,0.1960239081809065
32.29499999999888,9.0,32.29499999999888,4.999964508872775,0.2852289925252274,3.643904414683065,4.900597704523137,0.21829935378261384,0.1960239081809064
32.314999999998875,9.0,32.314999999998875,4.999964508872776,0.2852289925255789,3.6439044146833233,4.900597704523314,0.21829935378250548,0.1960239081809215
32.33499999999888,9.0,32.33499999999888,4.999964508872777,0.2852289925256893,3.643904414682786,4.900597704522763,0.21829935378215776,0.19602390818090518
32.354999999998874,9.0,32.354999999998874,4.999964508872775,0.2852289925254361,3.64390441468322,4.900597704523243,0.21829935378248683,0.19602390818092058
32.37499999999888,9.0,32.37499999999888,4.999964508872774,0.28522899252549133,3.643904414682563,4.900597704522568,0.21829935378244997,0.19602390818092555
32.39499999999887,9.0,32.39499999999887,4.999964508872777,0.28522899252525163,3.6439044146832167,4.900597704523182,0.21829935378260762,0.19602390818092327
32.39599999999888,9.0,32.39599999999888,4.999964508872784,0.2852289925243431,3.6439044146618156,4.900597704326566,0.2182993534904805,0.19602390816872117
32.411999999998876,9.0,32.411999999998876,4.999964508872785,0.28522899252613954,3.643904414699508,4.9005977046779226,0.21829935397162373,0.19602390818814155
32.43199999999888,9.0,32.43199999999888,4.999964508872777,0.28522899252625583,3.643904414683606,4.900597704535685,0.21829935378555082,0.1960239081808161
32.451999999998876,9.0,32.451999999998876,4.999964508872775,0.285228992525603,3.6439044146834103,4.900597704523752,0.21829935377921447,0.1960239081809279
32.47199999999887,9.0,32.47199999999887,4.9999645088727735,0.285228992525349,3.643904414682714,4.900597704521782,0.2182993537877047,0.19602390818151227
32.491999999998875,9.0,32.491999999998875,4.999964508872774,0.2852289925254308,3.643904414684346,4.900597704538331,0.21829935378933607,0.1960239081815078
32.51199999999888,9.0,32.51199999999888,4.999964508872775,0.28522899252616296,3.643904414681965,4.900597704518649,0.21829935377551687,0.19602390818074764
32.531999999998874,9.0,32.531999999998874,4.999964508872775,0.2852289925258877,3.6439044146822654,4.900597704521525,0.21829935378193172,0.19602390818088597
32.55199999999887,9.0,32.55199999999887,4.999964508872775,0.2852289925254263,3.6439044146826984,4.900597704522717,0.21829935378301527,0.19602390818090365
32.57199999999887,9.0,32.57199999999887,4.999964508872776,0.28522899252539136,3.6439044146830306,4.900597704523009,0.21829935378291226,0.19602390818092347
32.59199999999887,9.0,32.59199999999887,4.999964508872773,0.28522899252546413,3.6439044146826847,4.900597704522692,0.21829935378244109,0.1960239081809103
32.61199999999887,9.0,32.61199999999887,4.999964508872774,0.2852289925257064,3.6439044146832553,4.900597704523224,0.21829935378261428,0.19602390818092538
32.63199999999887,9.0,32.63199999999887,4.999964508872777,0.28522899252605216,3.6439044146828263,4.900597704522838,0.21829935378234783,0.19602390818091614
32.65199999999887,9.0,32.65199999999887,4.999964508872777,0.2852289925254717,3.643904414682606,4.900597704522612,0.218299353782545,0.19602390818092602
32.65299999999887,9.0,32.65299999999887,4.999964508872783,0.2852289925250724,3.6439044146619337,4.900597704326553,0.21829935349056487,0.19602390816871584
32.668999999998874,9.0,32.668999999998874,4.999964508872784,0.2852289925258157,3.643904414700367,4.900597704678926,0.21829935397154468,0.1960239081881336
32.68899999999887,9.0,32.68899999999887,4.999964508872779,0.2852289925262706,3.643904414682952,4.900597704535064,0.2182993537850681,0.1960239081808012
32.708999999998866,9.0,32.708999999998866,4.999964508872776,0.28522899252601736,3.643904414683621,4.900597704523995,0.2182993537794978,0.19602390818094464
32.72899999999887,9.0,32.72899999999887,4.999964508872773,0.28522899252599676,3.643904414682374,4.900597704521558,0.2182993537875595,0.19602390818150311
32.74899999999887,9.0,32.74899999999887,4.999964508872774,0.2852289925254376,3.643904414683207,4.900597704537203,0.218299353789579,0.1960239081815233
32.76899999999887,9.0,32.76899999999887,4.999964508872774,0.2852289925254272,3.643904414682321,4.900597704519012,0.21829935377590723,0.19602390818074766
32.78899999999887,9.0,32.78899999999887,4.999964508872777,0.28522899252581324,3.643904414682886,4.900597704522176,0.2182993537818571,0.19602390818087934
32.80899999999887,9.0,32.80899999999887,4.999964508872774,0.2852289925255675,3.643904414682393,4.900597704522406,0.2182993537828905,0.196023908180913
32.828999999998864,9.0,32.828999999998864,4.999964508872776,0.285228992525785,3.6439044146828143,4.900597704522862,0.21829935378301263,0.1960239081809303
32.84899999999886,9.0,32.84899999999886,4.999964508872776,0.2852289925257269,3.643904414682082,4.900597704522063,0.21829935378278614,0.1960239081809338
32.86899999999886,9.0,32.86899999999886,4.999964508872776,0.2852289925250844,3.6439044146832167,4.900597704523154,0.2182993537825934,0.1960239081809042
32.88899999999886,9.0,32.88899999999886,4.999964508872775,0.2852289925254278,3.643904414682866,4.900597704522848,0.2182993537822439,0.1960239081808995
32.90899999999886,9.0,32.90899999999886,4.999964508872777,0.28522899252568434,3.643904414683249,4.900597704523243,0.21829935378247262,0.19602390818091897
32.90999999999886,9.0,32.90999999999886,4.999964508872782,0.2852289925249464,3.6439044146621353,4.900597704326812,0.21829935349028687,0.1960239081687176
32.925999999998865,9.0,32.925999999998865,4.999964508872781,0.2852289925257238,3.643904414700244,4.9005977046786695,0.21829935397122271,0.19602390818812246
32.94599999999886,9.0,32.94599999999886,4.999964508872775,0.2852289925257175,3.643904414682918,4.900597704535,0.2182993537854518,0.1960239081808297
32.965999999998864,9.0,32.965999999998864,4.999964508872777,0.2852289925255872,3.643904414683618,4.900597704523953,0.21829935377942586,0.1960239081809343
32.98599999999886,9.0,32.98599999999886,4.999964508872776,0.2852289925254672,3.643904414682003,4.900597704521116,0.21829935378756837,0.19602390818150134
33.00599999999886,9.0,33.00599999999886,4.999964508872776,0.28522899252543815,3.643904414683649,4.900597704537637,0.21829935378963627,0.19602390818151538
33.02599999999886,9.0,33.02599999999886,4.999964508872776,0.2852289925255118,3.643904414682721,4.900597704519378,0.2182993537758535,0.19602390818075122
33.04599999999886,9.0,33.04599999999886,4.999964508872777,0.28522899252518347,3.6439044146828676,4.900597704522142,0.21829935378136905,0.19602390818085166
33.06599999999886,9.0,33.06599999999886,4.999964508872776,0.28522899252525447,3.6439044146827007,4.900597704522731,0.21829935378299975,0.1960239081809255
33.08599999999886,9.0,33.08599999999886,4.999964508872777,0.285228992525817,3.643904414682334,4.90059770452239,0.2182993537826396,0.19602390818090787
33.10599999999886,9.0,33.10599999999886,4.999964508872775,0.2852289925257779,3.6439044146830777,4.900597704523002,0.21829935378292425,0.19602390818093496
33.125999999998854,9.0,33.125999999998854,4.999964508872776,0.2852289925252387,3.643904414682304,4.900597704522316,0.21829935378246595,0.19602390818091533
33.14599999999886,9.0,33.14599999999886,4.999964508872776,0.2852289925252093,3.643904414683223,4.9005977045231806,0.21829935378254323,0.19602390818090915
33.16599999999886,9.0,33.16599999999886,4.999964508872776,0.28522899252583245,3.6439044146827397,4.900597704522739,0.21829935378254545,0.19602390818092802
33.16699999999886,9.0,33.16699999999886,4.999964508872782,0.28522899252424355,3.643904414662215,4.900597704326831,0.21829935349046717,0.19602390816871537
33.182999999998856,9.0,33.182999999998856,4.999964508872782,0.2852289925257142,3.643904414700555,4.900597704679096,0.2182993539716437,0.19602390818814872
33.20299999999886,9.0,33.20299999999886,4.999964508872776,0.28522899252594014,3.6439044146828627,4.900597704535034,0.21829935378509296,0.19602390818081208
33.222999999998855,9.0,33.222999999998855,4.999964508872775,0.28522899252607536,3.6439044146829747,4.900597704523325,0.21829935378662116,0.1960239081815487
33.24299999999886,9.0,33.24299999999886,4.999964508872776,0.28522899252584893,3.643904414683554,4.90059770453685,0.21829935378781998,0.1960239081815066
33.262999999998854,9.0,33.262999999998854,4.9999645088727735,0.28522899252535167,3.6439044146821984,4.900597704518681,0.21829935377538764,0.19602390818073942
33.28299999999886,9.0,33.28299999999886,4.999964508872776,0.28522899252523504,3.643904414682264,4.900597704521527,0.218299353781993,0.19602390818088566
33.30299999999885,9.0,33.30299999999885,4.999964508872777,0.2852289925254048,3.643904414682737,4.900597704522716,0.21829935378341628,0.19602390818093385
33.322999999998856,9.0,33.322999999998856,4.999964508872776,0.2852289925256604,3.6439044146829125,4.900597704522901,0.21829935378298465,0.19602390818092819
33.34299999999885,9.0,33.34299999999885,4.999964508872778,0.28522899252569295,3.643904414683047,4.9005977045230145,0.21829935378257342,0.19602390818091828
33.36299999999885,9.0,33.36299999999885,4.9999645088727735,0.285228992525484,3.6439044146818587,4.900597704521854,0.21829935378230653,0.19602390818090737
33.38299999999885,9.0,33.38299999999885,4.999964508872778,0.2852289925252698,3.643904414682399,4.9005977045224185,0.21829935378281456,0.19602390818092058
33.40299999999885,9.0,33.40299999999885,4.999964508872776,0.28522899252525713,3.643904414682559,4.90059770452255,0.21829935378289583,0.1960239081809324
33.42299999999885,9.0,33.42299999999885,4.999964508872773,0.2852289925255951,3.64390441468285,4.900597704522842,0.21829935378274085,0.19602390818092608
33.42399999999885,9.0,33.42399999999885,4.999964508872778,0.2852289925248299,3.643904414662007,4.900597704326596,0.21829935349082866,0.1960239081687245
33.439999999998854,9.0,33.439999999998854,4.999964508872782,0.28522899252622136,3.6439044146998936,4.900597704678448,0.21829935397131597,0.19602390818811924
33.45999999999885,9.0,33.45999999999885,4.999964508872776,0.2852289925260061,3.6439044146831834,4.900597704535326,0.2182993537854056,0.19602390818081958
33.479999999998846,9.0,33.479999999998846,4.999964508872776,0.28522899252590694,3.64390441468315,4.900597704523531,0.21829935377934684,0.19602390818093576
33.49999999999885,9.0,33.49999999999885,4.999964508872775,0.2852289925252883,3.6439044146822765,4.900597704521392,0.21829935378774024,0.1960239081815075
33.519999999998845,9.0,33.519999999998845,4.999964508872776,0.28522899252581124,3.643904414683961,4.900597704537891,0.21829935378976728,0.19602390818153104
33.53999999999885,9.0,33.53999999999885,4.999964508872774,0.28522899252549794,3.6439044146823205,4.9005977045189875,0.21829935377563944,0.19602390818074206
33.55999999999885,9.0,33.55999999999885,4.999964508872776,0.28522899252586054,3.643904414683114,4.90059770452237,0.21829935378197302,0.1960239081808946
33.57999999999885,9.0,33.57999999999885,4.999964508872776,0.2852289925258432,3.6439044146825244,4.9005977045225055,0.21829935378300508,0.19602390818092894
33.59999999999884,9.0,33.59999999999884,4.999964508872777,0.28522899252528844,3.6439044146829795,4.900597704523006,0.21829935378272708,0.1960239081809103
33.619999999998846,9.0,33.619999999998846,4.999964508872777,0.2852289925255771,3.643904414683312,4.900597704523344,0.2182993537827284,0.19602390818093374
33.63999999999884,9.0,33.63999999999884,4.999964508872777,0.2852289925257249,3.6439044146830724,4.900597704523085,0.21829935378224213,0.19602390818091106
33.659999999998846,9.0,33.659999999998846,4.999964508872778,0.2852289925253753,3.6439044146830533,4.900597704523025,0.21829935378250503,0.19602390818093096
33.67999999999884,9.0,33.67999999999884,4.999964508872777,0.2852289925256777,3.643904414682006,4.900597704521955,0.21829935378253212,0.19602390818092946
33.68099999999884,9.0,33.68099999999884,4.999964508872784,0.2852289925248149,3.643904414661964,4.900597704326466,0.2182993534906368,0.19602390816870652
33.696999999998845,9.0,33.696999999998845,4.999964508872785,0.28522899252670586,3.643904414699803,4.900597704678372,0.21829935397172542,0.19602390818813994
33.71699999999884,9.0,33.71699999999884,4.999964508872777,0.2852289925258086,3.643904414683125,4.900597704535273,0.21829935378552817,0.1960239081808266
33.736999999998844,9.0,33.736999999998844,4.999964508872777,0.28522899252523715,3.6439044146831168,4.900597704523465,0.21829935377936727,0.1960239081809359
33.75699999999884,9.0,33.75699999999884,4.999964508872777,0.2852289925256052,3.6439044146823663,4.900597704521509,0.21829935378779752,0.19602390818151044
33.77699999999884,9.0,33.77699999999884,4.999964508872776,0.2852289925256175,3.6439044146838855,4.900597704537851,0.2182993537895932,0.19602390818151916
33.796999999998846,9.0,33.796999999998846,4.999964508872777,0.28522899252549205,3.643904414682541,4.900597704519229,0.21829935377587392,0.19602390818076187
33.81699999999884,9.0,33.81699999999884,4.999964508872776,0.2852289925255143,3.6439044146835404,4.900597704522835,0.21829935378168214,0.19602390818087653
33.83699999999884,9.0,33.83699999999884,4.999964508872776,0.2852289925255778,3.643904414682754,4.900597704522767,0.21829935378280124,0.19602390818092666
33.85699999999884,9.0,33.85699999999884,4.999964508872777,0.2852289925254186,3.6439044146825066,4.9005977045224665,0.21829935378258541,0.19602390818091
33.87699999999884,9.0,33.87699999999884,4.999964508872776,0.28522899252551404,3.643904414681674,4.900597704521646,0.2182993537828341,0.19602390818093043
33.89699999999883,9.0,33.89699999999883,4.999964508872777,0.285228992525268,3.643904414682894,4.900597704522866,0.21829935378311252,0.1960239081809329
33.916999999998836,9.0,33.916999999998836,4.999964508872777,0.2852289925253925,3.6439044146825172,4.900597704522545,0.21829935378253434,0.19602390818091134
33.93699999999883,9.0,33.93699999999883,4.999964508872777,0.2852289925259633,3.643904414682846,4.900597704522827,0.2182993537825783,0.1960239081809164
33.93799999999884,9.0,33.93799999999884,4.999964508872784,0.28522899252489786,3.643904414661682,4.900597704326409,0.21829935349072474,0.19602390816872162
33.95399999999884,9.0,33.95399999999884,4.999964508872787,0.28522899252529993,3.6439044147003927,4.9005977046788365,0.2182993539714039,0.19602390818811974
33.97399999999884,9.0,33.97399999999884,4.999964508872779,0.28522899252573,3.6439044146833623,4.900597704535446,0.21829935378537496,0.19602390818082174
33.993999999998834,9.0,33.993999999998834,4.999964508872777,0.2852289925257471,3.643904414683141,4.900597704523465,0.2182993537792154,0.1960239081809295
34.01399999999883,9.0,34.01399999999883,4.999964508872779,0.2852289925256228,3.643904414681914,4.900597704521007,0.21829935378762433,0.19602390818149712
34.033999999998834,9.0,34.033999999998834,4.999964508872777,0.28522899252575395,3.643904414683476,4.900597704537455,0.2182993537897504,0.1960239081815184
34.05399999999884,9.0,34.05399999999884,4.999964508872775,0.28522899252562234,3.6439044146821664,4.900597704518865,0.21829935377590456,0.19602390818074875
34.07399999999883,9.0,34.07399999999883,4.999964508872777,0.285228992524925,3.6439044146827446,4.900597704522005,0.21829935378214976,0.19602390818090187
34.093999999998836,9.0,34.093999999998836,4.999964508872776,0.2852289925255182,3.6439044146826527,4.900597704522707,0.21829935378293802,0.19602390818091184
34.11399999999883,9.0,34.11399999999883,4.999964508872776,0.28522899252558764,3.64390441468311,4.900597704523157,0.21829935378297533,0.19602390818093401
34.13399999999883,9.0,34.13399999999883,4.999964508872777,0.28522899252535816,3.6439044146830506,4.900597704523077,0.21829935378265736,0.19602390818093354
34.15399999999883,9.0,34.15399999999883,4.999964508872778,0.28522899252565287,3.6439044146830697,4.9005977045230535,0.21829935378239845,0.1960239081809188
34.17399999999883,9.0,34.17399999999883,4.999964508872779,0.2852289925253663,3.6439044146830093,4.900597704522982,0.21829935378217774,0.19602390818090043
34.19399999999883,9.0,34.19399999999883,4.99996450887278,0.28522899252525086,3.643904414682794,4.900597704522819,0.21829935378231408,0.1960239081809092
34.19499999999883,9.0,34.19499999999883,4.999964508872786,0.285228992524852,3.643904414662319,4.900597704326948,0.21829935349064125,0.19602390816872478
34.21099999999883,9.0,34.21099999999883,4.999964508872788,0.285228992525928,3.6439044147008866,4.900597704679425,0.21829935397127823,0.19602390818812776
34.23099999999883,9.0,34.23099999999883,4.999964508872777,0.28522899252610795,3.643904414683692,4.900597704535819,0.2182993537851285,0.19602390818082477
34.25099999999883,9.0,34.25099999999883,4.999964508872779,0.28522899252556827,3.6439044146833455,4.900597704523702,0.21829935377893073,0.1960239081809231
34.27099999999883,9.0,34.27099999999883,4.999964508872776,0.2852289925262157,3.643904414682268,4.900597704521384,0.2182993537873703,0.19602390818148632
34.29099999999883,9.0,34.29099999999883,4.999964508872776,0.28522899252536904,3.6439044146839077,4.900597704537857,0.2182993537895368,0.19602390818151275
34.31099999999883,9.0,34.31099999999883,4.999964508872777,0.2852289925253975,3.6439044146821686,4.900597704518841,0.21829935377552886,0.196023908180731
34.33099999999883,9.0,34.33099999999883,4.999964508872778,0.28522899252519496,3.6439044146822672,4.900597704521531,0.21829935378177362,0.19602390818087284
34.35099999999883,9.0,34.35099999999883,4.999964508872777,0.285228992525584,3.643904414682375,4.900597704522379,0.21829935378298462,0.19602390818090257
34.37099999999882,9.0,34.37099999999882,4.999964508872778,0.28522899252585837,3.643904414683173,4.900597704523187,0.21829935378307477,0.19602390818092869
34.390999999998826,9.0,34.390999999998826,4.999964508872777,0.28522899252524236,3.6439044146830475,4.900597704523025,0.21829935378232918,0.19602390818090298
34.41099999999882,9.0,34.41099999999882,4.999964508872776,0.28522899252558787,3.6439044146827393,4.900597704522717,0.21829935378242776,0.19602390818092003
34.43099999999882,9.0,34.43099999999882,4.999964508872777,0.28522899252530365,3.6439044146833406,4.900597704523317,0.21829935378247617,0.1960239081809163
34.45099999999882,9.0,34.45099999999882,4.999964508872777,0.28522899252540734,3.6439044146831487,4.900597704523172,0.2182993537822781,0.19602390818091261
34.45199999999882,9.0,34.45199999999882,4.999964508872783,0.2852289925248558,3.6439044146615283,4.900597704326357,0.21829935349002397,0.19602390816870963
34.467999999998824,9.0,34.467999999998824,4.999964508872788,0.28522899252599504,3.6439044146997497,4.900597704678219,0.21829935397154157,0.19602390818813165
34.48799999999883,9.0,34.48799999999883,4.999964508872778,0.2852289925259819,3.6439044146829627,4.900597704535073,0.21829935378564586,0.19602390818082505
34.50799999999882,9.0,34.50799999999882,4.999964508872778,0.28522899252536904,3.6439044146829214,4.900597704523308,0.21829935378703816,0.19602390818157248
34.52799999999882,9.0,34.52799999999882,4.999964508872777,0.2852289925254057,3.643904414683488,4.90059770453679,0.21829935378779777,0.19602390818150228
34.54799999999882,9.0,34.54799999999882,4.999964508872775,0.2852289925253868,3.6439044146823356,4.900597704518873,0.21829935377550844,0.1960239081807483
34.56799999999882,9.0,34.56799999999882,4.999964508872776,0.2852289925254196,3.6439044146827926,4.900597704522061,0.21829935378191173,0.19602390818088405
34.58799999999882,9.0,34.58799999999882,4.999964508872776,0.2852289925255317,3.643904414682313,4.900597704522346,0.21829935378281412,0.1960239081808996
34.60799999999882,9.0,34.60799999999882,4.999964508872776,0.2852289925254737,3.643904414682989,4.900597704522998,0.21829935378299262,0.19602390818092372
34.62799999999882,9.0,34.62799999999882,4.999964508872777,0.28522899252515327,3.6439044146827597,4.900597704522746,0.21829935378267556,0.1960239081809268
34.64799999999882,9.0,34.64799999999882,4.999964508872776,0.28522899252560735,3.6439044146827326,4.9005977045227755,0.21829935378240245,0.19602390818090804
34.66799999999881,9.0,34.66799999999881,4.999964508872777,0.2852289925250112,3.6439044146828765,4.900597704522882,0.21829935378262094,0.1960239081809273
34.687999999998816,9.0,34.687999999998816,4.999964508872777,0.2852289925256408,3.6439044146829556,4.90059770452295,0.21829935378259208,0.19602390818092744
34.70799999999882,9.0,34.70799999999882,4.99996450887278,0.28522899252525524,3.64390441468329,4.900597704523293,0.21829935378246018,0.19602390818091875
34.70899999999882,9.0,34.70899999999882,4.999964508872784,0.2852289925244643,3.6439044146622153,4.900597704326914,0.2182993534903606,0.19602390816872212
34.72499999999882,9.0,34.72499999999882,4.999964508872787,0.285228992525412,3.643904414700038,4.900597704678492,0.2182993539712023,0.19602390818812387
34.74499999999882,9.0,34.74499999999882,4.999964508872777,0.2852289925257172,3.6439044146833854,4.900597704535475,0.21829935378533233,0.19602390818081705
34.764999999998814,9.0,34.764999999998814,4.999964508872778,0.2852289925255798,3.643904414683076,4.900597704523381,0.21829935378676638,0.19602390818156676
34.78499999999882,9.0,34.78499999999882,4.999964508872779,0.28522899252565814,3.6439044146834467,4.900597704536769,0.21829935378743762,0.19602390818147833
34.80499999999881,9.0,34.80499999999881,4.999964508872777,0.28522899252583156,3.6439044146821886,4.900597704518711,0.21829935377536278,0.19602390818073617
34.824999999998816,9.0,34.824999999998816,4.999964508872776,0.28522899252559386,3.6439044146827757,4.900597704522072,0.21829935378193038,0.19602390818088056
34.84499999999882,9.0,34.84499999999882,4.999964508872777,0.2852289925256688,3.643904414682644,4.900597704522658,0.21829935378309834,0.1960239081809221
34.864999999998815,9.0,34.864999999998815,4.999964508872778,0.2852289925250578,3.643904414682461,4.900597704522465,0.21829935378292115,0.19602390818092608
34.88499999999881,9.0,34.88499999999881,4.999964508872779,0.28522899252554673,3.643904414683255,4.900597704523238,0.21829935378287274,0.1960239081809316
34.90499999999881,9.0,34.90499999999881,4.99996450887278,0.2852289925258155,3.64390441468274,4.900597704522799,0.21829935378233095,0.19602390818091128
34.92499999999881,9.0,34.92499999999881,4.999964508872779,0.28522899252564604,3.6439044146829938,4.9005977045229985,0.21829935378226123,0.19602390818090112
34.94499999999881,9.0,34.94499999999881,4.999964508872776,0.2852289925252634,3.6439044146830826,4.900597704523073,0.21829935378236248,0.19602390818091217
34.96499999999881,9.0,34.96499999999881,4.999964508872775,0.28522899252553646,3.6439044146821984,4.900597704522204,0.21829935378248416,0.19602390818092513
34.96599999999881,9.0,34.96599999999881,4.999964508872784,0.28522899252476364,3.6439044146616264,4.90059770432625,0.21829935349069987,0.19602390816871448
34.98199999999881,9.0,34.98199999999881,4.999964508872788,0.2852289925258126,3.6439044147002684,4.90059770467883,0.21829935397175207,0.196023908188137
35.00199999999881,9.0,35.00199999999881,4.99996450887278,0.28522899252574374,3.643904414683298,4.900597704535404,0.2182993537853017,0.19602390818081325
35.02199999999881,9.0,35.02199999999881,4.999964508872778,0.2852289925259113,3.6439044146835973,4.900597704523977,0.21829935377939122,0.19602390818094295
35.04199999999881,9.0,35.04199999999881,4.999964508872776,0.2852289925254976,3.6439044146818973,4.900597704521015,0.21829935378747245,0.19602390818149826
35.061999999998804,9.0,35.061999999998804,4.999964508872777,0.28522899252517425,3.6439044146833193,4.900597704537288,0.218299353789968,0.19602390818154175
35.08199999999881,9.0,35.08199999999881,4.999964508872779,0.2852289925256613,3.6439044146822543,4.9005977045189315,0.2182993537757629,0.1960239081807329
35.10199999999881,9.0,35.10199999999881,4.999964508872779,0.2852289925254553,3.643904414682342,4.900597704521678,0.21829935378190773,0.1960239081808815
35.121999999998806,9.0,35.121999999998806,4.999964508872778,0.28522899252510475,3.643904414682753,4.9005977045227445,0.2182993537831556,0.19602390818092147
35.14199999999881,9.0,35.14199999999881,4.999964508872779,0.28522899252551476,3.64390441468312,4.900597704523152,0.2182993537829589,0.19602390818093085
35.161999999998805,9.0,35.161999999998805,4.999964508872778,0.28522899252566636,3.6439044146826456,4.900597704522633,0.21829935378249127,0.19602390818091942
35.1819999999988,9.0,35.1819999999988,4.999964508872778,0.285228992525392,3.6439044146827424,4.900597704522725,0.21829935378236293,0.19602390818090373
35.201999999998804,9.0,35.201999999998804,4.99996450887278,0.28522899252557066,3.6439044146830506,4.900597704523067,0.21829935378260007,0.1960239081809232
35.2219999999988,9.0,35.2219999999988,4.999964508872779,0.2852289925252586,3.6439044146827064,4.900597704522726,0.21829935378247883,0.1960239081809221
35.222999999998805,9.0,35.222999999998805,4.999964508872786,0.2852289925247592,3.6439044146616215,4.9005977043263425,0.21829935349052135,0.19602390816871726
35.2389999999988,9.0,35.2389999999988,4.999964508872789,0.2852289925256892,3.6439044147000357,4.900597704678491,0.21829935397128844,0.19602390818811088
35.25899999999881,9.0,35.25899999999881,4.99996450887278,0.2852289925258775,3.643904414683556,4.900597704535649,0.21829935378548554,0.19602390818082038
35.2789999999988,9.0,35.2789999999988,4.999964508872779,0.28522899252596257,3.643904414683387,4.900597704523697,0.21829935377937215,0.1960239081809442
35.2989999999988,9.0,35.2989999999988,4.999964508872778,0.28522899252553674,3.643904414682762,4.900597704521889,0.21829935378763676,0.19602390818150553
35.3189999999988,9.0,35.3189999999988,4.999964508872779,0.28522899252537076,3.643904414683562,4.900597704537592,0.21829935378954968,0.1960239081815282
35.338999999998805,9.0,35.338999999998805,4.999964508872778,0.2852289925252871,3.64390441468232,4.9005977045189715,0.21829935377561058,0.19602390818073592
35.3589999999988,9.0,35.3589999999988,4.999964508872779,0.2852289925255203,3.643904414682214,4.900597704521448,0.21829935378183224,0.19602390818087997
35.378999999998804,9.0,35.378999999998804,4.999964508872776,0.28522899252554107,3.6439044146825332,4.9005977045225535,0.218299353783339,0.19602390818093085
35.3989999999988,9.0,35.3989999999988,4.999964508872779,0.2852289925254894,3.643904414682952,4.900597704522994,0.21829935378276527,0.1960239081809066
35.418999999998796,9.0,35.418999999998796,4.999964508872775,0.2852289925255593,3.6439044146829582,4.9005977045229585,0.21829935378246373,0.1960239081809105
35.4389999999988,9.0,35.4389999999988,4.999964508872779,0.2852289925255246,3.643904414682867,4.900597704522894,0.21829935378251347,0.19602390818092397
35.458999999998795,9.0,35.458999999998795,4.999964508872775,0.2852289925255121,3.6439044146832953,4.900597704523259,0.21829935378257032,0.19602390818092832
35.47899999999879,9.0,35.47899999999879,4.999964508872779,0.28522899252566963,3.6439044146826,4.900597704522564,0.21829935378216975,0.19602390818090334
35.479999999998796,9.0,35.479999999998796,4.999964508872785,0.28522899252495104,3.643904414662284,4.900597704326835,0.21829935349062615,0.19602390816872145
35.4959999999988,9.0,35.4959999999988,4.999964508872785,0.2852289925261035,3.6439044147009,4.9005977046795355,0.2182993539715229,0.19602390818814056
35.5159999999988,9.0,35.5159999999988,4.999964508872779,0.2852289925260725,3.6439044146836994,4.90059770453587,0.21829935378512405,0.19602390818082538
35.53599999999879,9.0,35.53599999999879,4.999964508872779,0.28522899252608425,3.6439044146832105,4.900597704523526,0.2182993537790044,0.19602390818093132
35.5559999999988,9.0,35.5559999999988,4.999964508872779,0.2852289925258682,3.6439044146819626,4.9005977045211875,0.21829935378779797,0.19602390818151832
35.57599999999879,9.0,35.57599999999879,4.999964508872778,0.2852289925252078,3.643904414683444,4.900597704537407,0.21829935378984233,0.19602390818153165
35.595999999998796,9.0,35.595999999998796,4.999964508872776,0.28522899252568523,3.6439044146823196,4.9005977045189715,0.21829935377586193,0.1960239081807448
35.61599999999879,9.0,35.61599999999879,4.999964508872779,0.28522899252574674,3.6439044146823956,4.900597704521678,0.21829935378212267,0.1960239081809018
35.635999999998795,9.0,35.635999999998795,4.999964508872779,0.2852289925254873,3.643904414682638,4.900597704522632,0.21829935378316936,0.19602390818092302
35.65599999999879,9.0,35.65599999999879,4.999964508872779,0.2852289925255996,3.6439044146828214,4.900597704522816,0.2182993537829438,0.19602390818092638
35.675999999998794,9.0,35.675999999998794,4.999964508872779,0.2852289925250453,3.6439044146832598,4.900597704523215,0.21829935378278614,0.19602390818093404
35.69599999999879,9.0,35.69599999999879,4.999964508872779,0.2852289925252796,3.6439044146826447,4.900597704522616,0.21829935378228965,0.19602390818091053
35.715999999998786,9.0,35.715999999998786,4.999964508872778,0.28522899252589257,3.6439044146832438,4.900597704523203,0.21829935378234694,0.19602390818090368
35.73599999999879,9.0,35.73599999999879,4.999964508872779,0.28522899252569534,3.6439044146830364,4.90059770452307,0.2182993537825348,0.1960239081809306
35.73699999999879,9.0,35.73699999999879,4.999964508872785,0.2852289925247343,3.643904414662416,4.900597704327053,0.21829935349051957,0.19602390816872642
35.75299999999879,9.0,35.75299999999879,4.999964508872786,0.285228992526664,3.643904414700084,4.900597704678619,0.21829935397138392,0.19602390818813983
35.77299999999879,9.0,35.77299999999879,4.999964508872779,0.2852289925263733,3.643904414682943,4.900597704535059,0.21829935378518,0.19602390818081103
35.79299999999879,9.0,35.79299999999879,4.99996450887278,0.28522899252529454,3.643904414683512,4.900597704523849,0.21829935377914386,0.19602390818091348
35.81299999999879,9.0,35.81299999999879,4.999964508872779,0.2852289925254393,3.6439044146823605,4.900597704521524,0.21829935378767584,0.1960239081815082
35.83299999999879,9.0,35.83299999999879,4.999964508872779,0.28522899252485473,3.6439044146843105,4.9005977045383355,0.2182993537898401,0.19602390818154292
35.85299999999879,9.0,35.85299999999879,4.999964508872779,0.28522899252572637,3.6439044146821535,4.900597704518832,0.2182993537754596,0.19602390818074067
35.87299999999879,9.0,35.87299999999879,4.999964508872778,0.28522899252574885,3.643904414682689,4.90059770452196,0.21829935378172433,0.19602390818087329
35.892999999998786,9.0,35.892999999998786,4.99996450887278,0.2852289925263489,3.6439044146831483,4.900597704523153,0.21829935378289936,0.19602390818090765
35.91299999999879,9.0,35.91299999999879,4.999964508872779,0.2852289925255745,3.643904414682814,4.900597704522887,0.21829935378243664,0.19602390818089943
35.932999999998785,9.0,35.932999999998785,4.999964508872779,0.285228992525531,3.64390441468311,4.9005977045230775,0.218299353782561,0.1960239081809214
35.95299999999878,9.0,35.95299999999878,4.999964508872779,0.28522899252565775,3.6439044146827264,4.900597704522701,0.2182993537821893,0.19602390818089915
35.972999999998784,9.0,35.972999999998784,4.999964508872778,0.28522899252567024,3.643904414682952,4.900597704522946,0.21829935378266047,0.19602390818093088
35.99299999999878,9.0,35.99299999999878,4.999964508872779,0.285228992525578,3.643904414683178,4.9005977045231885,0.2182993537825592,0.19602390818092577
35.993999999998785,9.0,35.993999999998785,4.999964508872785,0.2852289925248348,3.6439044146621304,4.900597704326853,0.21829935349042365,0.19602390816872184
36.00999999999879,9.0,36.00999999999879,4.999964508872788,0.2852289925266081,3.643904414700352,4.900597704678845,0.21829935397159486,0.19602390818814805
36.029999999998786,9.0,36.029999999998786,4.999964508872779,0.28522899252571965,3.643904414683136,4.900597704535266,0.21829935378518933,0.19602390818081294
36.04999999999878,9.0,36.04999999999878,4.999964508872779,0.2852289925252469,3.6439044146830444,4.900597704523399,0.21829935378654966,0.19602390818154575
36.06999999999878,9.0,36.06999999999878,4.999964508872779,0.28522899252581296,3.6439044146833757,4.900597704536667,0.21829935378753,0.19602390818148546
36.08999999999878,9.0,36.08999999999878,4.999964508872781,0.28522899252550254,3.6439044146829134,4.900597704519438,0.21829935377522644,0.19602390818072166
36.10999999999878,9.0,36.10999999999878,4.999964508872775,0.2852289925258245,3.6439044146829622,4.9005977045222355,0.21829935378180249,0.19602390818088888
36.12999999999878,9.0,36.12999999999878,4.999964508872779,0.2852289925257259,3.6439044146830644,4.900597704523061,0.21829935378278523,0.19602390818090654
36.14999999999878,9.0,36.14999999999878,4.999964508872779,0.2852289925253397,3.6439044146831585,4.900597704523172,0.21829935378262982,0.19602390818091495
36.16999999999878,9.0,36.16999999999878,4.999964508872779,0.285228992525807,3.643904414683131,4.900597704523143,0.2182993537823283,0.19602390818090848
36.189999999998776,9.0,36.189999999998776,4.999964508872778,0.2852289925253289,3.6439044146831376,4.900597704523101,0.21829935378218662,0.19602390818090268
36.20999999999878,9.0,36.20999999999878,4.999964508872777,0.28522899252537,3.6439044146833717,4.900597704523338,0.21829935378251303,0.1960239081809302
36.229999999998775,9.0,36.229999999998775,4.999964508872781,0.28522899252530887,3.6439044146830706,4.900597704523036,0.21829935378209292,0.19602390818090054
36.24999999999878,9.0,36.24999999999878,4.999964508872777,0.2852289925252901,3.6439044146827064,4.900597704522702,0.2182993537824171,0.19602390818092136
36.250999999998776,9.0,36.250999999998776,4.999964508872784,0.285228992524788,3.643904414661732,4.90059770432641,0.2182993534902318,0.19602390816870668
36.26699999999878,9.0,36.26699999999878,4.9999645088727895,0.2852289925257174,3.643904414700772,4.900597704679206,0.21829935397131506,0.19602390818811485
36.28699999999878,9.0,36.28699999999878,4.99996450887278,0.2852289925263435,3.643904414683525,4.90059770453564,0.21829935378510895,0.19602390818080706
36.30699999999878,9.0,36.30699999999878,4.999964508872781,0.28522899252575395,3.643904414683425,4.900597704523739,0.21829935377929888,0.19602390818094395
36.326999999998776,9.0,36.326999999998776,4.99996450887278,0.28522899252522205,3.6439044146823383,4.90059770452147,0.21829935378766918,0.19602390818151033
36.34699999999877,9.0,36.34699999999877,4.999964508872777,0.28522899252569234,3.6439044146834783,4.9005977045374705,0.21829935378983567,0.1960239081815409
36.366999999998775,9.0,36.366999999998775,4.999964508872779,0.28522899252520917,3.643904414682101,4.900597704518796,0.2182993537759432,0.19602390818075663
36.38699999999878,9.0,36.38699999999878,4.999964508872778,0.2852289925252107,3.6439044146826354,4.900597704521923,0.2182993537815449,0.19602390818084905
36.406999999998774,9.0,36.406999999998774,4.99996450887278,0.28522899252526085,3.6439044146830217,4.900597704523047,0.2182993537828332,0.19602390818089965
36.42699999999877,9.0,36.42699999999877,4.99996450887278,0.28522899252558104,3.6439044146831305,4.900597704523179,0.21829935378270932,0.19602390818091978
36.44699999999877,9.0,36.44699999999877,4.999964508872777,0.28522899252550316,3.643904414682682,4.900597704522646,0.21829935378223947,0.19602390818090176
36.46699999999877,9.0,36.46699999999877,4.99996450887278,0.28522899252587536,3.6439044146828494,4.9005977045228315,0.21829935378256632,0.19602390818092183
36.486999999998766,9.0,36.486999999998766,4.999964508872779,0.28522899252563333,3.643904414682791,4.900597704522804,0.2182993537825299,0.19602390818092008
36.50699999999877,9.0,36.50699999999877,4.99996450887278,0.28522899252587036,3.643904414682927,4.90059770452289,0.21829935378249837,0.1960239081809172
36.507999999998766,9.0,36.507999999998766,4.999964508872787,0.2852289925247454,3.643904414661999,4.900597704326623,0.21829935349037657,0.1960239081687119
36.52399999999877,9.0,36.52399999999877,4.999964508872789,0.28522899252649986,3.6439044147005584,4.900597704679137,0.21829935397156333,0.19602390818813767
36.543999999998775,9.0,36.543999999998775,4.999964508872781,0.2852289925259222,3.643904414683343,4.900597704535544,0.2182993537851911,0.19602390818081702
36.56399999999877,9.0,36.56399999999877,4.999964508872781,0.2852289925258187,3.6439044146833153,4.900597704523664,0.21829935377910925,0.19602390818092644
36.58399999999877,9.0,36.58399999999877,4.999964508872778,0.28522899252568945,3.6439044146821886,4.900597704521283,0.21829935378766607,0.19602390818150736
36.60399999999877,9.0,36.60399999999877,4.999964508872779,0.2852289925257073,3.6439044146831985,4.900597704537158,0.21829935378971577,0.19602390818152476
36.623999999998766,9.0,36.623999999998766,4.999964508872779,0.28522899252559414,3.643904414682137,4.9005977045187965,0.21829935377602314,0.196023908180753
36.64399999999877,9.0,36.64399999999877,4.999964508872779,0.28522899252550254,3.6439044146822015,4.900597704521526,0.2182993537820343,0.1960239081808876
36.663999999998765,9.0,36.663999999998765,4.999964508872779,0.2852289925255753,3.643904414682569,4.900597704522553,0.21829935378335677,0.19602390818093285
36.68399999999877,9.0,36.68399999999877,4.99996450887278,0.2852289925259573,3.643904414682769,4.900597704522775,0.218299353782692,0.1960239081809015
36.703999999998764,9.0,36.703999999998764,4.99996450887278,0.28522899252575523,3.643904414682634,4.900597704522637,0.21829935378257298,0.19602390818091414
36.72399999999876,9.0,36.72399999999876,4.999964508872781,0.2852289925261033,3.643904414682466,4.900597704522452,0.21829935378242288,0.19602390818090557
36.74399999999876,9.0,36.74399999999876,4.99996450887278,0.2852289925257773,3.643904414683235,4.9005977045232125,0.21829935378268267,0.1960239081809225
36.76399999999876,9.0,36.76399999999876,4.99996450887278,0.2852289925262752,3.643904414683241,4.900597704523204,0.21829935378249393,0.1960239081809253
36.764999999998764,9.0,36.764999999998764,4.999964508872787,0.2852289925251195,3.643904414661809,4.900597704326546,0.21829935349034282,0.19602390816872114
36.78099999999877,9.0,36.78099999999877,4.99996450887279,0.2852289925261883,3.643904414700261,4.900597704678747,0.21829935397088476,0.19602390818809207
36.800999999998766,9.0,36.800999999998766,4.999964508872779,0.2852289925257303,3.6439044146834125,4.900597704535564,0.21829935378528437,0.1960239081808117
36.82099999999876,9.0,36.82099999999876,4.999964508872781,0.28522899252526684,3.6439044146833703,4.900597704523746,0.21829935377917542,0.19602390818092705
36.840999999998765,9.0,36.840999999998765,4.999964508872779,0.28522899252544776,3.6439044146822317,4.9005977045213625,0.21829935378745646,0.19602390818149082
36.86099999999876,9.0,36.86099999999876,4.999964508872779,0.28522899252597045,3.6439044146839734,4.9005977045379865,0.21829935378982057,0.19602390818153656
36.880999999998764,9.0,36.880999999998764,4.999964508872781,0.2852289925255761,3.6439044146824355,4.900597704519091,0.21829935377558127,0.19602390818073948
36.90099999999876,9.0,36.90099999999876,4.999964508872778,0.2852289925255214,3.643904414682759,4.900597704522035,0.21829935378147164,0.1960239081808557
36.92099999999876,9.0,36.92099999999876,4.999964508872781,0.2852289925258567,3.6439044146830453,4.900597704523095,0.2182993537828474,0.19602390818090734
36.94099999999876,9.0,36.94099999999876,4.9999645088727815,0.2852289925254421,3.6439044146831874,4.9005977045232445,0.21829935378255078,0.1960239081809088
36.960999999998755,9.0,36.960999999998755,4.99996450887278,0.2852289925252893,3.6439044146827073,4.900597704522686,0.21829935378244064,0.19602390818092072
36.98099999999876,9.0,36.98099999999876,4.99996450887278,0.28522899252497474,3.6439044146824715,4.9005977045224345,0.21829935378244286,0.19602390818091273
37.000999999998754,9.0,37.000999999998754,4.999964508872781,0.2852289925252299,3.643904414682626,4.900597704522599,0.2182993537824331,0.19602390818090115
37.02099999999875,9.0,37.02099999999875,4.999964508872781,0.28522899252530387,3.6439044146830653,4.900597704523054,0.2182993537823989,0.19602390818089951
37.021999999998755,9.0,37.021999999998755,4.999964508872787,0.2852289925248839,3.643904414661801,4.900597704326526,0.21829935349022647,0.196023908168705
37.03799999999876,9.0,37.03799999999876,4.999964508872786,0.285228992526059,3.6439044147003505,4.900597704678814,0.21829935397153935,0.19602390818813323
37.057999999998756,9.0,37.057999999998756,4.99996450887278,0.28522899252550665,3.643904414683376,4.900597704535529,0.21829935378527282,0.19602390818081436
37.07799999999876,9.0,37.07799999999876,4.99996450887278,0.28522899252540346,3.6439044146833086,4.90059770452367,0.21829935377905507,0.19602390818091817
37.097999999998756,9.0,37.097999999998756,4.999964508872779,0.28522899252548795,3.643904414682603,4.900597704521713,0.21829935378759235,0.1960239081815007
37.11799999999875,9.0,37.11799999999875,4.99996450887278,0.2852289925256975,3.6439044146838415,4.900597704537802,0.21829935378953236,0.19602390818152132
37.137999999998755,9.0,37.137999999998755,4.999964508872781,0.2852289925260548,3.6439044146820505,4.900597704518758,0.21829935377572027,0.1960239081807492
37.15799999999875,9.0,37.15799999999875,4.999964508872779,0.2852289925256659,3.6439044146829134,4.900597704522102,0.21829935378186244,0.19602390818087828
37.177999999998754,9.0,37.177999999998754,4.99996450887278,0.28522899252532574,3.643904414683154,4.900597704523145,0.21829935378306944,0.19602390818092455
37.19799999999876,9.0,37.19799999999876,4.999964508872781,0.28522899252606315,3.6439044146825426,4.900597704522578,0.21829935378259252,0.19602390818091386
37.21799999999875,9.0,37.21799999999875,4.9999645088727815,0.2852289925255297,3.6439044146826562,4.900597704522642,0.21829935378251747,0.19602390818090956
37.23799999999875,9.0,37.23799999999875,4.999964508872779,0.2852289925254667,3.643904414682673,4.900597704522669,0.2182993537826538,0.19602390818092366
37.257999999998745,9.0,37.257999999998745,4.999964508872781,0.28522899252538625,3.643904414682571,4.900597704522554,0.21829935378241666,0.1960239081809052
37.27799999999875,9.0,37.27799999999875,4.9999645088727815,0.2852289925253826,3.6439044146828588,4.900597704522845,0.2182993537824402,0.1960239081809043
37.27899999999875,9.0,37.27899999999875,4.999964508872789,0.2852289925244411,3.643904414662015,4.900597704326634,0.2182993534907807,0.19602390816872414
37.29499999999875,9.0,37.29499999999875,4.9999645088727895,0.28522899252585465,3.6439044146997395,4.900597704678253,0.2182993539716739,0.19602390818814447
37.314999999998754,9.0,37.314999999998754,4.99996450887278,0.28522899252564005,3.643904414683571,4.90059770453572,0.2182993537852364,0.19602390818080107
37.33499999999875,9.0,37.33499999999875,4.999964508872781,0.2852289925258788,3.6439044146834783,4.900597704523767,0.21829935377930465,0.19602390818094123
37.354999999998746,9.0,37.354999999998746,4.999964508872781,0.2852289925259972,3.643904414682116,4.900597704521214,0.21829935378763055,0.1960239081815078
37.37499999999875,9.0,37.37499999999875,4.999964508872779,0.2852289925253235,3.643904414683729,4.9005977045377005,0.21829935378973442,0.19602390818152596
37.394999999998745,9.0,37.394999999998745,4.999964508872779,0.28522899252521117,3.643904414682479,4.900597704519134,0.2182993537759019,0.1960239081807575
37.41499999999875,9.0,37.41499999999875,4.99996450887278,0.285228992525519,3.6439044146822246,4.900597704521498,0.21829935378158888,0.196023908180864
37.43499999999875,9.0,37.43499999999875,4.99996450887278,0.28522899252583966,3.64390441468264,4.900597704522658,0.21829935378310808,0.1960239081809146
37.45499999999875,9.0,37.45499999999875,4.99996450887278,0.2852289925256248,3.643904414683394,4.900597704523457,0.2182993537829864,0.19602390818092907
37.474999999998744,9.0,37.474999999998744,4.999964508872781,0.2852289925253207,3.64390441468275,4.900597704522772,0.21829935378241844,0.19602390818092033
37.49499999999875,9.0,37.49499999999875,4.999964508872781,0.2852289925253791,3.643904414682853,4.900597704522811,0.21829935378238513,0.19602390818091203
37.51499999999874,9.0,37.51499999999874,4.999964508872779,0.2852289925252081,3.6439044146826047,4.900597704522591,0.21829935378243487,0.19602390818091334
37.53499999999874,9.0,37.53499999999874,4.99996450887278,0.28522899252579925,3.643904414683044,4.900597704523029,0.2182993537827182,0.19602390818093005
37.535999999998744,9.0,37.535999999998744,4.999964508872787,0.2852289925249079,3.6439044146617356,4.90059770432651,0.2182993534904281,0.19602390816871446
37.55199999999875,9.0,37.55199999999875,4.99996450887279,0.2852289925259701,3.643904414701317,4.900597704679771,0.2182993539715522,0.1960239081881341
37.571999999998745,9.0,37.571999999998745,4.999964508872781,0.28522899252596545,3.6439044146837856,4.9005977045359295,0.21829935378505744,0.1960239081808188
37.59199999999874,9.0,37.59199999999874,4.999964508872779,0.2852289925253869,3.643904414682853,4.900597704523172,0.21829935377881923,0.1960239081809169
37.611999999998744,9.0,37.611999999998744,4.9999645088727815,0.28522899252519657,3.643904414682238,4.900597704521387,0.21829935378760568,0.1960239081814927
37.63199999999874,9.0,37.63199999999874,4.999964508872779,0.28522899252563066,3.6439044146834516,4.90059770453742,0.21829935378972198,0.19602390818152401
37.651999999998736,9.0,37.651999999998736,4.999964508872777,0.2852289925253363,3.64390441468238,4.900597704518997,0.21829935377596363,0.19602390818075513
37.67199999999874,9.0,37.67199999999874,4.999964508872779,0.2852289925252447,3.6439044146823183,4.900597704521588,0.2182993537819477,0.19602390818088825
37.69199999999874,9.0,37.69199999999874,4.999964508872778,0.2852289925253251,3.643904414682324,4.9005977045223075,0.21829935378297,0.19602390818090407
37.71199999999874,9.0,37.71199999999874,4.9999645088727815,0.28522899252528905,3.6439044146830484,4.900597704523099,0.21829935378288204,0.19602390818091145
37.73199999999874,9.0,37.73199999999874,4.999964508872779,0.2852289925258764,3.6439044146830093,4.900597704523056,0.21829935378259296,0.19602390818092244
37.75199999999874,9.0,37.75199999999874,4.999964508872781,0.28522899252484857,3.643904414683383,4.9005977045233875,0.2182993537825228,0.19602390818092796
37.771999999998734,9.0,37.771999999998734,4.999964508872782,0.28522899252583994,3.643904414682504,4.900597704522563,0.21829935378233628,0.1960239081809232
37.79199999999874,9.0,37.79199999999874,4.999964508872779,0.2852289925255925,3.6439044146829724,4.900597704522956,0.21829935378234872,0.1960239081809038
37.792999999998734,9.0,37.792999999998734,4.999964508872786,0.2852289925247754,3.6439044146618382,4.900597704326581,0.21829935349047871,0.19602390816871718
37.80899999999874,9.0,37.80899999999874,4.999964508872789,0.28522899252602557,3.6439044147002195,4.9005977046787175,0.2182993539718169,0.1960239081881535
37.828999999998736,9.0,37.828999999998736,4.999964508872781,0.2852289925257152,3.643904414683434,4.9005977045355325,0.21829935378513604,0.19602390818080118
37.84899999999874,9.0,37.84899999999874,4.9999645088727815,0.2852289925258044,3.6439044146831456,4.900597704523532,0.21829935377938103,0.19602390818094498
37.868999999998735,9.0,37.868999999998735,4.999964508872783,0.2852289925257505,3.64390441468243,4.900597704521522,0.2182993537874236,0.19602390818148244
37.88899999999873,9.0,37.88899999999873,4.9999645088727815,0.2852289925257678,3.643904414683372,4.900597704537331,0.21829935378951104,0.19602390818151302
37.908999999998734,9.0,37.908999999998734,4.9999645088727815,0.28522899252508455,3.643904414682152,4.9005977045188205,0.21829935377566387,0.19602390818072962
37.92899999999874,9.0,37.92899999999874,4.9999645088727815,0.28522899252515427,3.6439044146822526,4.900597704521517,0.21829935378212711,0.1960239081808981
37.94899999999873,9.0,37.94899999999873,4.9999645088727815,0.2852289925258559,3.6439044146827695,4.900597704522728,0.21829935378295975,0.19602390818089935
37.968999999998736,9.0,37.968999999998736,4.999964508872781,0.28522899252557204,3.6439044146825825,4.900597704522609,0.21829935378288784,0.19602390818092258
37.98899999999873,9.0,37.98899999999873,4.9999645088727815,0.2852289925252224,3.643904414682931,4.9005977045229,0.2182993537825983,0.1960239081809131
38.00899999999873,9.0,38.00899999999873,4.9999645088727815,0.2852289925256171,3.643904414682533,4.900597704522554,0.218299353782398,0.1960239081809094
38.02899999999873,9.0,38.02899999999873,4.9999645088727815,0.28522899252581874,3.643904414682668,4.900597704522639,0.21829935378242687,0.19602390818090573
38.04899999999873,9.0,38.04899999999873,4.999964508872781,0.2852289925259973,3.6439044146823703,4.900597704522293,0.21829935378244064,0.1960239081809062
38.04999999999873,9.0,38.04999999999873,4.999964508872789,0.2852289925252687,3.6439044146617054,4.900597704326295,0.21829935349051513,0.19602390816870185
38.06599999999874,9.0,38.06599999999874,4.99996450887279,0.2852289925256365,3.643904414700484,4.9005977046790505,0.21829935397184042,0.19602390818814314
38.085999999998734,9.0,38.085999999998734,4.999964508872782,0.2852289925261426,3.643904414683138,4.900597704535285,0.21829935378537452,0.19602390818082654
38.10599999999873,9.0,38.10599999999873,4.9999645088727815,0.285228992525219,3.6439044146832393,4.900597704523606,0.21829935377934861,0.1960239081809391
38.125999999998726,9.0,38.125999999998726,4.9999645088727815,0.28522899252555634,3.6439044146822313,4.900597704521312,0.21829935378759502,0.19602390818149798
38.14599999999873,9.0,38.14599999999873,4.9999645088727815,0.2852289925253014,3.643904414683657,4.900597704537605,0.21829935378961496,0.19602390818151658
38.165999999998725,9.0,38.165999999998725,4.999964508872779,0.28522899252544437,3.6439044146825204,4.900597704519138,0.21829935377590767,0.19602390818075605
38.18599999999873,9.0,38.18599999999873,4.99996450887278,0.28522899252548534,3.6439044146826776,4.900597704521967,0.2182993537819597,0.1960239081808949
38.205999999998724,9.0,38.205999999998724,4.999964508872782,0.28522899252600603,3.6439044146829276,4.900597704522918,0.21829935378305435,0.196023908180923
38.22599999999873,9.0,38.22599999999873,4.999964508872782,0.28522899252540573,3.6439044146828925,4.900597704522911,0.2182993537828452,0.19602390818092852
38.24599999999872,9.0,38.24599999999872,4.9999645088727815,0.2852289925254449,3.643904414683138,4.900597704523085,0.2182993537824504,0.19602390818091084
38.265999999998726,9.0,38.265999999998726,4.9999645088727815,0.2852289925252861,3.643904414683317,4.900597704523332,0.21829935378238602,0.19602390818091597
38.28599999999872,9.0,38.28599999999872,4.9999645088727815,0.2852289925256441,3.6439044146833073,4.900597704523357,0.21829935378241533,0.19602390818092771
38.30599999999872,9.0,38.30599999999872,4.99996450887278,0.2852289925255215,3.6439044146826585,4.900597704522724,0.21829935378242066,0.196023908180931
38.30699999999872,9.0,38.30699999999872,4.999964508872786,0.2852289925247843,3.643904414661771,4.90059770432645,0.218299353490246,0.19602390816871193
38.32299999999873,9.0,38.32299999999873,4.9999645088727895,0.28522899252641215,3.643904414699719,4.900597704678215,0.21829935397154646,0.19602390818813242
38.342999999998725,9.0,38.342999999998725,4.9999645088727815,0.2852289925256829,3.643904414683548,4.90059770453564,0.21829935378533677,0.1960239081808022
38.36299999999873,9.0,38.36299999999873,4.99996450887278,0.285228992525769,3.6439044146828925,4.90059770452324,0.21829935378649282,0.19602390818154336
38.382999999998724,9.0,38.382999999998724,4.999964508872781,0.28522899252514405,3.6439044146834427,4.900597704536701,0.2182993537878475,0.19602390818151008
38.40299999999872,9.0,38.40299999999872,4.99996450887278,0.2852289925254444,3.6439044146826425,4.900597704519151,0.21829935377532503,0.19602390818073048
38.42299999999872,9.0,38.42299999999872,4.999964508872779,0.2852289925258162,3.6439044146834556,4.900597704522738,0.21829935378167326,0.19602390818087037
38.44299999999872,9.0,38.44299999999872,4.9999645088727815,0.28522899252531414,3.643904414683101,4.900597704523156,0.2182993537829238,0.1960239081809297
38.46299999999872,9.0,38.46299999999872,4.9999645088727815,0.28522899252545836,3.64390441468288,4.900597704522902,0.2182993537824029,0.19602390818090246
38.48299999999872,9.0,38.48299999999872,4.9999645088727815,0.28522899252551104,3.643904414682699,4.900597704522672,0.21829935378231985,0.19602390818090187
38.50299999999872,9.0,38.50299999999872,4.999964508872781,0.2852289925257565,3.6439044146816917,4.900597704521685,0.21829935378235094,0.19602390818090112
38.52299999999872,9.0,38.52299999999872,4.999964508872782,0.285228992525506,3.6439044146826536,4.900597704522619,0.2182993537828643,0.19602390818091603
38.54299999999871,9.0,38.54299999999871,4.999964508872782,0.2852289925255475,3.6439044146831674,4.900597704523101,0.21829935378286786,0.19602390818093313
38.562999999998716,9.0,38.562999999998716,4.999964508872782,0.2852289925252678,3.6439044146828845,4.900597704522859,0.21829935378231363,0.19602390818090684
38.563999999998714,9.0,38.563999999998714,4.999964508872789,0.28522899252498435,3.6439044146620865,4.900597704326743,0.21829935349020693,0.1960239081687065
38.57999999999872,9.0,38.57999999999872,4.999964508872787,0.28522899252524236,3.643904414700211,4.900597704678759,0.21829935397133018,0.19602390818812582
38.59999999999872,9.0,38.59999999999872,4.999964508872781,0.285228992525688,3.6439044146829547,4.900597704535113,0.2182993537851982,0.19602390818081086
38.61999999999872,9.0,38.61999999999872,4.9999645088727815,0.2852289925259509,3.6439044146828916,4.900597704523226,0.2182993537865954,0.19602390818154508
38.639999999998714,9.0,38.639999999998714,4.9999645088727815,0.2852289925259748,3.6439044146840542,4.900597704537319,0.21829935378785062,0.1960239081815066
38.65999999999872,9.0,38.65999999999872,4.9999645088727815,0.2852289925257643,3.643904414682402,4.900597704519002,0.21829935377532902,0.19602390818074678
38.679999999998714,9.0,38.679999999998714,4.9999645088727815,0.28522899252498324,3.6439044146824857,4.900597704521779,0.21829935378189486,0.1960239081808904
38.69999999999871,9.0,38.69999999999871,4.99996450887278,0.2852289925259626,3.643904414683005,4.900597704523046,0.21829935378306278,0.19602390818091436
38.71999999999871,9.0,38.71999999999871,4.9999645088727815,0.2852289925253909,3.643904414682454,4.900597704522496,0.21829935378258764,0.19602390818090612
38.739999999998716,9.0,38.739999999998716,4.999964508872781,0.28522899252552153,3.643904414682422,4.900597704522411,0.21829935378245352,0.19602390818089968
38.75999999999871,9.0,38.75999999999871,4.999964508872782,0.2852289925252175,3.643904414682414,4.900597704522431,0.21829935378269333,0.19602390818091972
38.77999999999871,9.0,38.77999999999871,4.9999645088727815,0.28522899252518175,3.6439044146827575,4.900597704522802,0.21829935378268667,0.19602390818091947
38.79999999999871,9.0,38.79999999999871,4.9999645088727815,0.28522899252575373,3.6439044146830173,4.900597704523009,0.2182993537826578,0.19602390818092733
38.81999999999871,9.0,38.81999999999871,4.9999645088727815,0.2852289925255283,3.643904414683251,4.900597704523306,0.218299353782414,0.19602390818091567
38.82099999999871,9.0,38.82099999999871,4.999964508872788,0.285228992525307,3.6439044146623605,4.900597704327035,0.21829935349033128,0.1960239081687216
38.83699999999871,9.0,38.83699999999871,4.999964508872789,0.2852289925260967,3.6439044147009283,4.900597704679429,0.2182993539715842,0.1960239081881536
38.85699999999871,9.0,38.85699999999871,4.999964508872782,0.28522899252566525,3.643904414682809,4.900597704534941,0.21829935378499882,0.19602390818081417
38.87699999999871,9.0,38.87699999999871,4.999964508872783,0.2852289925255288,3.643904414683783,4.9005977045241345,0.21829935377926998,0.19602390818092708
38.89699999999871,9.0,38.89699999999871,4.9999645088727815,0.2852289925257293,3.6439044146822037,4.9005977045213385,0.21829935378756748,0.19602390818150675
38.91699999999871,9.0,38.91699999999871,4.9999645088727815,0.28522899252559014,3.6439044146831443,4.900597704537141,0.21829935378946663,0.1960239081815082
38.936999999998704,9.0,38.936999999998704,4.999964508872783,0.2852289925258349,3.6439044146821837,4.900597704518791,0.21829935377579798,0.19602390818073465
38.95699999999871,9.0,38.95699999999871,4.999964508872782,0.28522899252517864,3.6439044146825124,4.900597704521769,0.2182993537821209,0.19602390818089457
38.97699999999871,9.0,38.97699999999871,4.999964508872783,0.28522899252550116,3.6439044146825252,4.900597704522593,0.21829935378303525,0.19602390818091217
38.99699999999871,9.0,38.99699999999871,4.999964508872784,0.28522899252558465,3.643904414683206,4.900597704523194,0.21829935378280566,0.19602390818091425
39.0169999999987,9.0,39.0169999999987,4.9999645088727815,0.2852289925259073,3.6439044146819826,4.900597704522028,0.21829935378253745,0.19602390818092333
39.036999999998706,9.0,39.036999999998706,4.9999645088727815,0.2852289925257722,3.6439044146833273,4.9005977045232685,0.2182993537825099,0.19602390818089974
39.0569999999987,9.0,39.0569999999987,4.9999645088727815,0.2852289925253726,3.643904414682932,4.900597704523005,0.21829935378239712,0.19602390818091578
39.0769999999987,9.0,39.0769999999987,4.999964508872783,0.28522899252526157,3.6439044146833037,4.900597704523301,0.2182993537823425,0.196023908180913
39.0779999999987,9.0,39.0779999999987,4.999964508872789,0.2852289925242788,3.643904414661626,4.900597704326482,0.21829935349046628,0.19602390816872858
39.09399999999871,9.0,39.09399999999871,4.99996450887279,0.28522899252617673,3.643904414700292,4.900597704678684,0.2182993539709385,0.19602390818809481
39.113999999998704,9.0,39.113999999998704,4.999964508872784,0.2852289925256187,3.643904414683508,4.9005977045355955,0.21829935378540427,0.1960239081808186
39.13399999999871,9.0,39.13399999999871,4.999964508872782,0.2852289925255893,3.6439044146829125,4.900597704523271,0.21829935378678147,0.1960239081815697
39.1539999999987,9.0,39.1539999999987,4.999964508872783,0.28522899252547124,3.6439044146841013,4.900597704537321,0.21829935378759083,0.19602390818148904
39.1739999999987,9.0,39.1739999999987,4.999964508872784,0.28522899252559325,3.643904414682774,4.90059770451937,0.21829935377529128,0.19602390818074458
39.1939999999987,9.0,39.1939999999987,4.999964508872782,0.2852289925255334,3.643904414682116,4.900597704521403,0.21829935378196547,0.1960239081809065
39.2139999999987,9.0,39.2139999999987,4.999964508872784,0.28522899252518624,3.6439044146826363,4.9005977045226405,0.21829935378325063,0.196023908180923
39.2339999999987,9.0,39.2339999999987,4.999964508872783,0.2852289925252261,3.6439044146826514,4.900597704522686,0.2182993537829198,0.19602390818091997
39.2539999999987,9.0,39.2539999999987,4.9999645088727815,0.28522899252554923,3.6439044146829853,4.900597704523002,0.21829935378256365,0.19602390818090995
39.2739999999987,9.0,39.2739999999987,4.999964508872781,0.28522899252542266,3.643904414683191,4.900597704523161,0.21829935378260362,0.1960239081809298
39.2939999999987,9.0,39.2939999999987,4.99996450887278,0.2852289925257414,3.643904414682767,4.900597704522763,0.2182993537823003,0.19602390818091286
39.31399999999869,9.0,39.31399999999869,4.999964508872782,0.28522899252554096,3.643904414683327,4.900597704523291,0.21829935378265025,0.19602390818093296
39.333999999998696,9.0,39.333999999998696,4.999964508872781,0.28522899252524053,3.6439044146829653,4.9005977045229905,0.21829935378224258,0.19602390818090906
39.3349999999987,9.0,39.3349999999987,4.999964508872788,0.2852289925246973,3.6439044146615975,4.900597704326358,0.21829935349056487,0.196023908168728
39.3509999999987,9.0,39.3509999999987,4.999964508872789,0.2852289925259967,3.6439044147005926,4.900597704678996,0.2182993539717725,0.1960239081881459
39.3709999999987,9.0,39.3709999999987,4.999964508872782,0.2852289925258071,3.6439044146835493,4.900597704535695,0.21829935378530524,0.19602390818081586
39.3909999999987,9.0,39.3909999999987,4.9999645088727815,0.2852289925255605,3.6439044146831776,4.900597704523551,0.21829935377909193,0.19602390818092463
39.410999999998694,9.0,39.410999999998694,4.999964508872782,0.2852289925256408,3.6439044146826376,4.900597704521722,0.2182993537872775,0.19602390818147167
39.4309999999987,9.0,39.4309999999987,4.9999645088727815,0.2852289925253352,3.6439044146839037,4.900597704537887,0.21829935378973042,0.1960239081815373
39.45099999999869,9.0,39.45099999999869,4.999964508872781,0.2852289925257169,3.6439044146819266,4.90059770451859,0.21829935377566476,0.19602390818074672
39.470999999998696,9.0,39.470999999998696,4.9999645088727815,0.285228992525073,3.6439044146823774,4.9005977045216795,0.21829935378203874,0.19602390818088936
39.49099999999869,9.0,39.49099999999869,4.9999645088727815,0.2852289925251429,3.643904414682933,4.900597704522928,0.2182993537829571,0.1960239081809021
39.510999999998695,9.0,39.510999999998695,4.999964508872782,0.2852289925255852,3.643904414682821,4.9005977045228395,0.21829935378303705,0.1960239081809415
39.53099999999869,9.0,39.53099999999869,4.9999645088727815,0.2852289925255843,3.6439044146826,4.900597704522555,0.2182993537823847,0.1960239081809032
39.550999999998695,9.0,39.550999999998695,4.999964508872784,0.2852289925258005,3.6439044146825332,4.90059770452252,0.2182993537825268,0.19602390818091292
39.57099999999869,9.0,39.57099999999869,4.999964508872783,0.2852289925251643,3.6439044146829938,4.900597704522999,0.2182993537825197,0.19602390818090962
39.59099999999869,9.0,39.59099999999869,4.999964508872782,0.2852289925258237,3.643904414681906,4.900597704521865,0.2182993537824846,0.19602390818091892
39.59199999999869,9.0,39.59199999999869,4.99996450887279,0.2852289925243714,3.643904414662264,4.900597704326697,0.218299353491048,0.19602390816871887
39.6079999999987,9.0,39.6079999999987,4.9999645088727895,0.2852289925259166,3.6439044146999446,4.900597704678692,0.21829935397154202,0.19602390818813342
39.62799999999869,9.0,39.62799999999869,4.999964508872783,0.2852289925257101,3.6439044146835116,4.900597704535673,0.21829935378528614,0.19602390818082022
39.64799999999869,9.0,39.64799999999869,4.999964508872785,0.285228992525438,3.6439044146828676,4.900597704523241,0.21829935378637025,0.19602390818154408
39.66799999999869,9.0,39.66799999999869,4.999964508872782,0.28522899252560835,3.643904414684055,4.900597704537326,0.21829935378768764,0.19602390818149945
39.68799999999869,9.0,39.68799999999869,4.9999645088727815,0.28522899252579487,3.6439044146820456,4.900597704518592,0.2182993537752855,0.19602390818074442
39.707999999998684,9.0,39.707999999998684,4.999964508872781,0.285228992525744,3.6439044146826918,4.900597704521994,0.2182993537818096,0.19602390818087168
39.72799999999869,9.0,39.72799999999869,4.9999645088727815,0.2852289925253283,3.6439044146828268,4.900597704522805,0.2182993537830015,0.19602390818091117
39.74799999999868,9.0,39.74799999999868,4.999964508872782,0.28522899252535566,3.643904414682893,4.900597704522944,0.218299353782704,0.19602390818091056
39.767999999998686,9.0,39.767999999998686,4.9999645088727815,0.2852289925254887,3.64390441468261,4.900597704522671,0.21829935378240822,0.19602390818090665
39.78799999999869,9.0,39.78799999999869,4.999964508872782,0.28522899252595163,3.643904414682653,4.900597704522617,0.2182993537825712,0.19602390818092036
39.807999999998685,9.0,39.807999999998685,4.9999645088727815,0.2852289925252431,3.6439044146826016,4.900597704522601,0.21829935378262938,0.19602390818092263
39.82799999999868,9.0,39.82799999999868,4.999964508872782,0.28522899252564327,3.643904414683216,4.900597704523189,0.21829935378240245,0.1960239081809019
39.847999999998684,9.0,39.847999999998684,4.999964508872784,0.2852289925256449,3.643904414682762,4.9005977045228235,0.2182993537824855,0.19602390818092474
39.84899999999868,9.0,39.84899999999868,4.99996450887279,0.2852289925246527,3.643904414661837,4.900597704326569,0.21829935349007548,0.19602390816870177
39.86499999999869,9.0,39.86499999999869,4.99996450887279,0.28522899252598366,3.6439044147005615,4.900597704679005,0.21829935397180625,0.196023908188153
39.88499999999868,9.0,39.88499999999868,4.999964508872783,0.28522899252556316,3.643904414683503,4.900597704535656,0.21829935378536164,0.1960239081808264
39.90499999999869,9.0,39.90499999999869,4.999964508872782,0.28522899252526085,3.6439044146834667,4.900597704523767,0.21829935377922513,0.1960239081809374
39.92499999999868,9.0,39.92499999999868,4.999964508872782,0.2852289925252911,3.6439044146822392,4.900597704521359,0.21829935378737964,0.1960239081814865
39.94499999999868,9.0,39.94499999999868,4.9999645088727815,0.28522899252564743,3.6439044146834227,4.900597704537424,0.21829935378988985,0.19602390818154258
39.96499999999868,9.0,39.96499999999868,4.999964508872781,0.28522899252542927,3.6439044146827104,4.900597704519389,0.21829935377584417,0.19602390818074608
39.98499999999868,9.0,39.98499999999868,4.999964508872782,0.28522899252556533,3.643904414682221,4.900597704521452,0.2182993537817008,0.1960239081808781
40.00499999999868,9.0,40.00499999999868,4.999964508872783,0.2852289925249473,3.6439044146831114,4.900597704523101,0.21829935378315826,0.19602390818091942
40.024999999998684,9.0,40.024999999998684,4.999964508872784,0.28522899252546124,3.643904414683271,4.900597704523322,0.2182993537828825,0.19602390818093246
40.04499999999868,9.0,40.04499999999868,4.999964508872784,0.2852289925252295,3.64390441468266,4.900597704522669,0.2182993537825197,0.19602390818092905
40.064999999998676,9.0,40.064999999998676,4.999964508872783,0.2852289925256376,3.643904414683185,4.900597704523193,0.21829935378260273,0.19602390818092688
40.08499999999867,9.0,40.08499999999867,4.999964508872784,0.28522899252638967,3.6439044146831545,4.900597704523149,0.21829935378236026,0.19602390818091614
40.10499999999867,9.0,40.10499999999867,4.999964508872785,0.2852289925253372,3.643904414682637,4.900597704522635,0.2182993537824473,0.19602390818092563
40.10599999999868,9.0,40.10599999999868,4.999964508872791,0.28522899252496725,3.6439044146622943,4.9005977043268825,0.2182993534903677,0.19602390816871168
40.12199999999868,9.0,40.12199999999868,4.999964508872791,0.2852289925256535,3.643904414701392,4.900597704679953,0.21829935397156242,0.19602390818814497
40.141999999998674,9.0,40.141999999998674,4.999964508872783,0.2852289925257979,3.643904414682993,4.900597704535228,0.2182993537848958,0.19602390818081716
40.161999999998685,9.0,40.161999999998685,4.999964508872783,0.2852289925253888,3.643904414683268,4.9005977045236095,0.21829935377917764,0.19602390818093224
40.18199999999868,9.0,40.18199999999868,4.999964508872784,0.28522899252515405,3.6439044146823294,4.900597704521427,0.21829935378755327,0.19602390818149487
40.20199999999868,9.0,40.20199999999868,4.9999645088727815,0.2852289925259382,3.6439044146833734,4.900597704537317,0.21829935378962206,0.19602390818151944
40.22199999999867,9.0,40.22199999999867,4.999964508872782,0.2852289925255386,3.6439044146821757,4.900597704518797,0.2182993537758686,0.19602390818074533
40.24199999999867,9.0,40.24199999999867,4.999964508872782,0.28522899252604306,3.643904414682853,4.90059770452213,0.2182993537819508,0.1960239081808821
40.26199999999867,9.0,40.26199999999867,4.999964508872782,0.28522899252596046,3.6439044146825283,4.900597704522599,0.21829935378289939,0.19602390818091095
40.28199999999867,9.0,40.28199999999867,4.9999645088727815,0.2852289925261673,3.6439044146827095,4.900597704522739,0.2182993537826871,0.1960239081809076
40.30199999999867,9.0,40.30199999999867,4.999964508872783,0.28522899252609685,3.6439044146825994,4.900597704522556,0.2182993537824513,0.19602390818090384
40.321999999998674,9.0,40.321999999998674,4.999964508872783,0.28522899252583833,3.6439044146825723,4.9005977045226015,0.21829935378250415,0.19602390818090956
40.34199999999867,9.0,40.34199999999867,4.999964508872783,0.2852289925254426,3.6439044146829316,4.900597704522878,0.2182993537827173,0.19602390818092844
40.361999999998666,9.0,40.361999999998666,4.9999645088727815,0.28522899252578754,3.64390441468287,4.900597704522918,0.21829935378229942,0.19602390818090082
40.362999999998664,9.0,40.362999999998664,4.999964508872788,0.285228992524509,3.643904414662071,4.900597704326755,0.21829935349035792,0.19602390816871193
40.37899999999867,9.0,40.37899999999867,4.9999645088727895,0.28522899252637113,3.6439044147006276,4.900597704679131,0.2182993539712134,0.1960239081881177
40.39899999999867,9.0,40.39899999999867,4.999964508872785,0.28522899252602085,3.6439044146835107,4.900597704535637,0.21829935378511428,0.19602390818081286
40.41899999999867,9.0,40.41899999999867,4.999964508872784,0.28522899252541334,3.6439044146830173,4.900597704523375,0.2182993537866176,0.19602390818156445
40.438999999998664,9.0,40.438999999998664,4.999964508872784,0.2852289925251278,3.643904414683437,4.90059770453666,0.21829935378776713,0.19602390818150872
40.458999999998674,9.0,40.458999999998674,4.999964508872781,0.28522899252548567,3.643904414682844,4.900597704519363,0.21829935377534412,0.19602390818073173
40.47899999999867,9.0,40.47899999999867,4.999964508872782,0.28522899252557216,3.6439044146828947,4.900597704522177,0.21829935378176918,0.19602390818088364
40.49899999999867,9.0,40.49899999999867,4.999964508872782,0.28522899252520206,3.643904414682752,4.900597704522795,0.21829935378306992,0.19602390818092805
40.51899999999867,9.0,40.51899999999867,4.999964508872782,0.2852289925252402,3.643904414683129,4.900597704523113,0.21829935378282211,0.1960239081809232
40.538999999998666,9.0,40.538999999998666,4.9999645088727815,0.2852289925258027,3.643904414683124,4.900597704523132,0.21829935378235982,0.1960239081809071
40.55899999999866,9.0,40.55899999999866,4.999964508872783,0.2852289925253126,3.643904414683044,4.900597704522998,0.2182993537824895,0.19602390818092727
40.57899999999866,9.0,40.57899999999866,4.999964508872783,0.28522899252584094,3.643904414682968,4.90059770452298,0.2182993537823194,0.19602390818091106
40.59899999999867,9.0,40.59899999999867,4.999964508872782,0.2852289925256107,3.6439044146831034,4.900597704523121,0.21829935378248638,0.19602390818092325
40.618999999998664,9.0,40.618999999998664,4.999964508872785,0.2852289925253781,3.6439044146826642,4.900597704522653,0.21829935378237536,0.19602390818091697
40.61999999999866,9.0,40.61999999999866,4.999964508872791,0.2852289925248654,3.6439044146624324,4.90059770432697,0.21829935349072563,0.19602390816872586
40.63599999999867,9.0,40.63599999999867,4.999964508872794,0.28522899252643946,3.643904414700757,4.900597704679378,0.2182993539712729,0.1960239081881276
40.65599999999867,9.0,40.65599999999867,4.999964508872784,0.2852289925256732,3.643904414683057,4.900597704535221,0.21829935378482385,0.19602390818079943
40.675999999998666,9.0,40.675999999998666,4.999964508872784,0.285228992525427,3.6439044146830297,4.900597704523346,0.2182993537864795,0.19602390818154522
40.69599999999866,9.0,40.69599999999866,4.999964508872785,0.28522899252545003,3.6439044146836475,4.9005977045368905,0.21829935378766144,0.196023908181496
40.71599999999866,9.0,40.71599999999866,4.999964508872783,0.2852289925256619,3.6439044146825825,4.900597704519066,0.21829935377520335,0.1960239081807252
40.735999999998654,9.0,40.735999999998654,4.999964508872782,0.2852289925257368,3.643904414682858,4.900597704522147,0.21829935378177318,0.19602390818087773
40.755999999998664,9.0,40.755999999998664,4.999964508872784,0.28522899252565004,3.643904414682718,4.900597704522773,0.21829935378318094,0.19602390818093432
40.77599999999866,9.0,40.77599999999866,4.999964508872784,0.2852289925254663,3.643904414682998,4.900597704523044,0.2182993537827293,0.19602390818091406
40.79599999999866,9.0,40.79599999999866,4.9999645088727815,0.2852289925254756,3.643904414683175,4.900597704523175,0.2182993537826205,0.19602390818092713
40.81599999999866,9.0,40.81599999999866,4.999964508872783,0.28522899252570116,3.6439044146826114,4.900597704522604,0.21829935378227322,0.19602390818090967
40.835999999998656,9.0,40.835999999998656,4.9999645088727815,0.2852289925250234,3.6439044146831625,4.900597704523172,0.2182993537824664,0.19602390818091306
40.85599999999865,9.0,40.85599999999865,4.999964508872783,0.2852289925256126,3.6439044146830732,4.900597704523044,0.2182993537824806,0.19602390818092466
40.875999999998655,9.0,40.875999999998655,4.999964508872783,0.2852289925256355,3.6439044146832953,4.900597704523321,0.21829935378235138,0.19602390818091406
40.87699999999866,9.0,40.87699999999866,4.99996450887279,0.28522899252485223,3.6439044146618245,4.900597704326602,0.21829935349004528,0.19602390816871165
40.89299999999866,9.0,40.89299999999866,4.999964508872793,0.2852289925263326,3.6439044146997386,4.900597704678157,0.2182993539715389,0.19602390818813864
40.912999999998654,9.0,40.912999999998654,4.999964508872783,0.28522899252582534,3.6439044146830772,4.90059770453518,0.21829935378528392,0.19602390818079826
40.93299999999866,9.0,40.93299999999866,4.999964508872782,0.28522899252555123,3.6439044146832558,4.90059770452364,0.21829935377928775,0.19602390818092108
40.95299999999866,9.0,40.95299999999866,4.999964508872784,0.2852289925256501,3.643904414682048,4.900597704521229,0.2182993537874054,0.19602390818147925
40.972999999998656,9.0,40.972999999998656,4.999964508872783,0.28522899252582135,3.6439044146838615,4.900597704537794,0.21829935378956966,0.19602390818151047
40.99299999999865,9.0,40.99299999999865,4.999964508872784,0.28522899252551276,3.6439044146821056,4.900597704518811,0.21829935377576112,0.1960239081807486
41.012999999998655,9.0,41.012999999998655,4.999964508872784,0.28522899252574246,3.643904414682309,4.900597704521481,0.21829935378155202,0.19602390818085322
41.03299999999865,9.0,41.03299999999865,4.999964508872785,0.2852289925262804,3.643904414682669,4.900597704522723,0.21829935378332524,0.19602390818093
41.052999999998654,9.0,41.052999999998654,4.999964508872783,0.2852289925254793,3.6439044146826514,4.900597704522679,0.21829935378287185,0.19602390818092066
41.07299999999866,9.0,41.07299999999866,4.999964508872784,0.2852289925255531,3.6439044146828765,4.900597704522842,0.21829935378273418,0.1960239081809263
41.09299999999865,9.0,41.09299999999865,4.999964508872784,0.2852289925256455,3.643904414682457,4.90059770452248,0.2182993537825561,0.19602390818092175
41.11299999999865,9.0,41.11299999999865,4.9999645088727815,0.28522899252561945,3.6439044146829347,4.900597704522903,0.2182993537826951,0.19602390818092588
41.132999999998646,9.0,41.132999999998646,4.999964508872784,0.28522899252596895,3.643904414683242,4.900597704523226,0.21829935378238113,0.19602390818090767
41.13399999999865,9.0,41.13399999999865,4.999964508872791,0.2852289925250749,3.6439044146617285,4.900597704326533,0.21829935349056398,0.19602390816872725
41.149999999998656,9.0,41.149999999998656,4.999964508872796,0.28522899252581624,3.643904414700265,4.900597704678706,0.2182993539717352,0.19602390818814885
41.16999999999865,9.0,41.16999999999865,4.999964508872785,0.2852289925251485,3.643904414683152,4.900597704535334,0.2182993537854216,0.19602390818082285
41.18999999999865,9.0,41.18999999999865,4.999964508872783,0.2852289925260232,3.6439044146834085,4.900597704523766,0.21829935377942097,0.19602390818094176
41.209999999998644,9.0,41.209999999998644,4.999964508872784,0.28522899252541284,3.6439044146827477,4.900597704521813,0.21829935378733212,0.196023908181479
41.229999999998654,9.0,41.229999999998654,4.999964508872784,0.28522899252533007,3.6439044146832624,4.900597704537238,0.21829935378961673,0.19602390818153176
41.24999999999865,9.0,41.24999999999865,4.999964508872783,0.2852289925255349,3.6439044146821726,4.900597704518827,0.2182993537758677,0.19602390818074725
41.269999999998646,9.0,41.269999999998646,4.999964508872784,0.2852289925253593,3.643904414682492,4.900597704521776,0.21829935378182114,0.19602390818087187
41.28999999999864,9.0,41.28999999999864,4.999964508872784,0.2852289925257618,3.643904414682804,4.900597704522829,0.21829935378328394,0.19602390818093368
41.309999999998645,9.0,41.309999999998645,4.999964508872782,0.28522899252590445,3.643904414683184,4.900597704523219,0.21829935378263426,0.19602390818090615
41.32999999999864,9.0,41.32999999999864,4.999964508872784,0.2852289925258216,3.6439044146828357,4.900597704522893,0.21829935378247928,0.1960239081809211
41.349999999998644,9.0,41.349999999998644,4.999964508872784,0.2852289925253657,3.6439044146827313,4.900597704522717,0.21829935378250237,0.19602390818092347
41.36999999999865,9.0,41.36999999999865,4.999964508872784,0.2852289925257239,3.643904414682362,4.900597704522366,0.21829935378237048,0.1960239081809059
41.38999999999864,9.0,41.38999999999864,4.999964508872785,0.2852289925258481,3.6439044146831288,4.900597704523072,0.21829935378272441,0.1960239081809236
41.39099999999864,9.0,41.39099999999864,4.999964508872793,0.2852289925248944,3.6439044146615878,4.900597704326344,0.21829935349032772,0.19602390816870807
41.406999999998646,9.0,41.406999999998646,4.999964508872796,0.28522899252499434,3.6439044147001476,4.900597704678542,0.21829935397119385,0.1960239081881045
41.42699999999864,9.0,41.42699999999864,4.999964508872785,0.28522899252555095,3.6439044146836252,4.900597704535687,0.21829935378522664,0.1960239081808005
41.446999999998646,9.0,41.446999999998646,4.999964508872785,0.28522899252557304,3.643904414683251,4.9005977045236015,0.21829935377915277,0.19602390818092733
41.46699999999864,9.0,41.46699999999864,4.999964508872784,0.28522899252532224,3.6439044146824133,4.900597704521538,0.21829935378746534,0.1960239081814889
41.48699999999864,9.0,41.48699999999864,4.999964508872781,0.2852289925252904,3.643904414683079,4.90059770453704,0.21829935378973087,0.19602390818153304
41.50699999999864,9.0,41.50699999999864,4.999964508872783,0.2852289925258686,3.6439044146820074,4.9005977045186695,0.21829935377598939,0.19602390818074933
41.526999999998644,9.0,41.526999999998644,4.999964508872785,0.2852289925255784,3.643904414682932,4.900597704522207,0.2182993537820676,0.19602390818088627
41.54699999999864,9.0,41.54699999999864,4.999964508872784,0.28522899252598566,3.6439044146825195,4.900597704522535,0.2182993537828541,0.19602390818090779
41.56699999999864,9.0,41.56699999999864,4.9999645088727815,0.2852289925255383,3.643904414682927,4.900597704522943,0.21829935378279902,0.1960239081809159
41.58699999999864,9.0,41.58699999999864,4.999964508872783,0.28522899252544504,3.6439044146824213,4.900597704522435,0.2182993537825721,0.19602390818091942
41.606999999998635,9.0,41.606999999998635,4.999964508872784,0.2852289925256427,3.6439044146831474,4.900597704523128,0.21829935378241533,0.1960239081809005
41.62699999999863,9.0,41.62699999999863,4.999964508872786,0.2852289925256525,3.643904414683023,4.9005977045230065,0.21829935378225857,0.1960239081809034
41.64699999999864,9.0,41.64699999999864,4.999964508872785,0.2852289925256334,3.6439044146826602,4.9005977045226174,0.21829935378256943,0.19602390818093157
41.64799999999864,9.0,41.64799999999864,4.999964508872791,0.28522899252466294,3.643904414661814,4.900597704326404,0.21829935349029042,0.19602390816870607
41.66399999999864,9.0,41.66399999999864,4.999964508872793,0.28522899252577405,3.643904414700402,4.9005977046789315,0.21829935397167524,0.19602390818813806
41.68399999999864,9.0,41.68399999999864,4.999964508872786,0.2852289925257692,3.6439044146831754,4.900597704535311,0.21829935378524395,0.19602390818081217
41.70399999999864,9.0,41.70399999999864,4.999964508872785,0.28522899252582307,3.64390441468348,4.900597704523853,0.21829935377911588,0.19602390818091764
41.72399999999864,9.0,41.72399999999864,4.999964508872784,0.285228992525734,3.6439044146822854,4.900597704521427,0.2182993537870026,0.19602390818145402
41.743999999998636,9.0,41.743999999998636,4.999964508872783,0.2852289925255608,3.6439044146835466,4.900597704537532,0.21829935378986542,0.19602390818154297
41.76399999999863,9.0,41.76399999999863,4.999964508872784,0.28522899252563055,3.6439044146825457,4.900597704519211,0.2182993537756119,0.19602390818073037
41.78399999999863,9.0,41.78399999999863,4.999964508872784,0.2852289925251672,3.6439044146823014,4.900597704521579,0.21829935378195392,0.19602390818089582
41.80399999999863,9.0,41.80399999999863,4.999964508872784,0.285228992525694,3.6439044146826296,4.900597704522623,0.21829935378297796,0.19602390818090623
41.823999999998634,9.0,41.823999999998634,4.999964508872784,0.285228992525316,3.643904414683021,4.900597704523031,0.218299353782664,0.19602390818090162
41.84399999999863,9.0,41.84399999999863,4.999964508872784,0.28522899252551287,3.643904414683263,4.900597704523296,0.21829935378258541,0.19602390818092244
41.86399999999863,9.0,41.86399999999863,4.999964508872782,0.28522899252515127,3.6439044146827144,4.900597704522681,0.21829935378242066,0.1960239081809256
41.88399999999863,9.0,41.88399999999863,4.999964508872786,0.2852289925254727,3.6439044146832162,4.900597704523184,0.2182993537823989,0.1960239081809108
41.903999999998625,9.0,41.903999999998625,4.999964508872785,0.28522899252548695,3.6439044146832735,4.9005977045233,0.21829935378244597,0.1960239081809231
41.90499999999864,9.0,41.90499999999864,4.999964508872791,0.2852289925246807,3.643904414662027,4.900597704326795,0.21829935349028154,0.19602390816872153
41.92099999999863,9.0,41.92099999999863,4.999964508872791,0.28522899252652245,3.6439044147001107,4.9005977046785665,0.21829935397145453,0.19602390818813858
41.94099999999863,9.0,41.94099999999863,4.999964508872785,0.2852289925259671,3.6439044146834836,4.900597704535563,0.2182993537851871,0.19602390818080406
41.96099999999863,9.0,41.96099999999863,4.999964508872786,0.28522899252533207,3.6439044146834565,4.90059770452383,0.21829935377914608,0.1960239081809243
41.98099999999863,9.0,41.98099999999863,4.999964508872786,0.28522899252502437,3.643904414682137,4.900597704521274,0.218299353787607,0.1960239081815056
42.00099999999863,9.0,42.00099999999863,4.999964508872785,0.28522899252551737,3.643904414683247,4.900597704537242,0.2182993537895599,0.19602390818151272
42.02099999999863,9.0,42.02099999999863,4.999964508872784,0.28522899252541123,3.643904414682312,4.900597704519013,0.21829935377609241,0.19602390818076149
42.040999999998625,9.0,42.040999999998625,4.999964508872785,0.28522899252528483,3.6439044146829387,4.900597704522192,0.21829935378167414,0.19602390818086388
42.06099999999863,9.0,42.06099999999863,4.999964508872786,0.2852289925254627,3.6439044146830097,4.900597704523045,0.21829935378293533,0.19602390818091756
42.080999999998625,9.0,42.080999999998625,4.999964508872783,0.285228992525115,3.643904414682515,4.900597704522501,0.21829935378251436,0.19602390818090612
42.10099999999862,9.0,42.10099999999862,4.999964508872783,0.28522899252643974,3.6439044146833752,4.900597704523376,0.21829935378264448,0.19602390818091753
42.12099999999863,9.0,42.12099999999863,4.999964508872785,0.2852289925254226,3.64390441468319,4.900597704523231,0.21829935378225146,0.19602390818090903
42.14099999999863,9.0,42.14099999999863,4.999964508872784,0.2852289925256648,3.643904414683271,4.9005977045232285,0.21829935378214976,0.19602390818090454
42.16099999999862,9.0,42.16099999999862,4.999964508872785,0.2852289925252002,3.6439044146826616,4.900597704522676,0.21829935378223458,0.19602390818091134
42.16199999999862,9.0,42.16199999999862,4.999964508872793,0.2852289925246174,3.643904414661856,4.900597704326549,0.21829935349025933,0.19602390816870974
42.177999999998626,9.0,42.177999999998626,4.999964508872795,0.2852289925262515,3.6439044146999926,4.90059770467852,0.21829935397156244,0.1960239081881359
42.19799999999863,9.0,42.19799999999863,4.999964508872785,0.28522899252644285,3.6439044146836257,4.90059770453575,0.21829935378537363,0.19602390818081525
42.217999999998625,9.0,42.217999999998625,4.999964508872785,0.2852289925256574,3.6439044146834876,4.900597704523861,0.2182993537792176,0.19602390818093496
42.23799999999862,9.0,42.23799999999862,4.999964508872787,0.28522899252563566,3.643904414682293,4.900597704521428,0.21829935378736898,0.1960239081814883
42.25799999999862,9.0,42.25799999999862,4.999964508872784,0.2852289925257493,3.6439044146837216,4.900597704537619,0.21829935378968246,0.19602390818152812
42.27799999999863,9.0,42.27799999999863,4.999964508872783,0.285228992525529,3.6439044146828254,4.900597704519496,0.21829935377588547,0.19602390818075577
42.29799999999862,9.0,42.29799999999862,4.999964508872784,0.28522899252602457,3.6439044146821566,4.9005977045214495,0.21829935378137527,0.19602390818085527
42.31799999999862,9.0,42.31799999999862,4.999964508872784,0.2852289925257182,3.6439044146825608,4.900597704522567,0.21829935378294643,0.19602390818090254
42.337999999998615,9.0,42.337999999998615,4.999964508872784,0.28522899252561346,3.6439044146829485,4.900597704522966,0.21829935378299842,0.19602390818092744
42.35799999999862,9.0,42.35799999999862,4.999964508872783,0.28522899252563905,3.643904414682872,4.90059770452289,0.21829935378253212,0.19602390818091528
42.377999999998615,9.0,42.377999999998615,4.999964508872785,0.28522899252556494,3.643904414681907,4.900597704521934,0.21829935378261872,0.1960239081809305
42.39799999999861,9.0,42.39799999999861,4.999964508872784,0.2852289925255872,3.6439044146827206,4.900597704522705,0.21829935378271242,0.1960239081809131
42.41799999999862,9.0,42.41799999999862,4.999964508872784,0.28522899252608763,3.6439044146832766,4.900597704523282,0.21829935378255388,0.19602390818091195
42.41899999999862,9.0,42.41899999999862,4.999964508872792,0.2852289925249748,3.643904414662328,4.900597704327003,0.21829935349061727,0.19602390816872603
42.43499999999862,9.0,42.43499999999862,4.9999645088727975,0.28522899252562506,3.6439044147003905,4.9005977046788765,0.21829935397159753,0.19602390818815188
42.45499999999862,9.0,42.45499999999862,4.999964508872787,0.2852289925259686,3.6439044146833397,4.900597704535483,0.21829935378522486,0.19602390818082083
42.474999999998616,9.0,42.474999999998616,4.999964508872784,0.2852289925254156,3.6439044146832797,4.900597704523649,0.21829935377903242,0.19602390818091806
42.49499999999862,9.0,42.49499999999862,4.999964508872784,0.2852289925257554,3.643904414682189,4.900597704521274,0.21829935378719978,0.19602390818146664
42.514999999998615,9.0,42.514999999998615,4.999964508872785,0.2852289925259561,3.643904414683789,4.900597704537712,0.21829935378989784,0.19602390818153947
42.53499999999861,9.0,42.53499999999861,4.999964508872785,0.2852289925257123,3.643904414682315,4.90059770451897,0.21829935377569717,0.1960239081807406
42.554999999998614,9.0,42.554999999998614,4.999964508872786,0.2852289925256608,3.6439044146827997,4.900597704522049,0.21829935378184734,0.1960239081808815
42.57499999999862,9.0,42.57499999999862,4.999964508872788,0.28522899252526374,3.6439044146826274,4.9005977045226325,0.2182993537829105,0.1960239081809117
42.59499999999861,9.0,42.59499999999861,4.999964508872785,0.2852289925254866,3.643904414682755,4.90059770452276,0.21829935378288606,0.1960239081809246
42.614999999998616,9.0,42.614999999998616,4.999964508872786,0.2852289925255219,3.6439044146826807,4.900597704522625,0.2182993537827444,0.19602390818092916
42.63499999999861,9.0,42.63499999999861,4.999964508872787,0.28522899252532197,3.6439044146832362,4.900597704523235,0.21829935378260007,0.1960239081809197
42.65499999999861,9.0,42.65499999999861,4.999964508872784,0.2852289925256113,3.6439044146828716,4.900597704522857,0.21829935378228033,0.19602390818090956
42.674999999998604,9.0,42.674999999998604,4.999964508872785,0.2852289925252913,3.643904414682505,4.900597704522546,0.21829935378255078,0.19602390818092713
42.67599999999861,9.0,42.67599999999861,4.999964508872791,0.2852289925248297,3.64390441466177,4.9005977043264375,0.21829935349052934,0.1960239081687132
42.691999999998615,9.0,42.691999999998615,4.999964508872792,0.28522899252620326,3.6439044147003257,4.900597704678823,0.21829935397182668,0.1960239081881489
42.71199999999861,9.0,42.71199999999861,4.999964508872785,0.2852289925255336,3.643904414683014,4.900597704535139,0.21829935378547488,0.19602390818083032
42.73199999999861,9.0,42.73199999999861,4.999964508872787,0.285228992525362,3.6439044146830146,4.900597704523352,0.21829935378664692,0.19602390818154958
42.75199999999862,9.0,42.75199999999862,4.999964508872788,0.28522899252544043,3.643904414683998,4.900597704537254,0.2182993537875926,0.19602390818148865
42.77199999999861,9.0,42.77199999999861,4.999964508872786,0.2852289925254069,3.643904414682286,4.900597704518818,0.21829935377509943,0.19602390818072693
42.79199999999861,9.0,42.79199999999861,4.999964508872786,0.28522899252520095,3.643904414682941,4.900597704522215,0.2182993537818833,0.19602390818088392
42.811999999998605,9.0,42.811999999998605,4.999964508872784,0.28522899252514655,3.643904414682851,4.900597704522889,0.21829935378280121,0.19602390818090254
42.8319999999986,9.0,42.8319999999986,4.999964508872783,0.28522899252528183,3.643904414683106,4.900597704523147,0.2182993537828723,0.19602390818092955
42.851999999998604,9.0,42.851999999998604,4.999964508872786,0.285228992525442,3.643904414682896,4.900597704522867,0.21829935378249127,0.1960239081809201
42.87199999999861,9.0,42.87199999999861,4.999964508872785,0.28522899252575545,3.6439044146827726,4.90059770452274,0.21829935378261162,0.19602390818093082
42.8919999999986,9.0,42.8919999999986,4.999964508872784,0.28522899252549583,3.6439044146826594,4.9005977045226,0.21829935378264892,0.19602390818092946
42.911999999998606,9.0,42.911999999998606,4.999964508872787,0.2852289925254168,3.6439044146826416,4.900597704522636,0.21829935378255433,0.19602390818091583
42.9319999999986,9.0,42.9319999999986,4.999964508872787,0.28522899252570827,3.6439044146824036,4.900597704522326,0.2182993537824633,0.19602390818090754
42.9329999999986,9.0,42.9329999999986,4.999964508872796,0.2852289925247755,3.6439044146616073,4.900597704326195,0.2182993534909299,0.19602390816871965
42.948999999998605,9.0,42.948999999998605,4.9999645088727975,0.28522899252584066,3.6439044147002595,4.900597704678722,0.21829935397171074,0.19602390818813156
42.9689999999986,9.0,42.9689999999986,4.999964508872787,0.2852289925258421,3.643904414682965,4.900597704535096,0.21829935378539406,0.19602390818081813
42.988999999998605,9.0,42.988999999998605,4.999964508872787,0.2852289925254692,3.6439044146835666,4.900597704523943,0.21829935377957285,0.19602390818094942
43.0089999999986,9.0,43.0089999999986,4.999964508872787,0.28522899252528516,3.6439044146822894,4.900597704521371,0.2182993537874618,0.19602390818149387
43.0289999999986,9.0,43.0289999999986,4.999964508872785,0.2852289925256287,3.64390441468358,4.900597704537582,0.2182993537894644,0.19602390818150844
43.04899999999861,9.0,43.04899999999861,4.999964508872785,0.2852289925251855,3.6439044146826607,4.9005977045193445,0.2182993537756652,0.1960239081807362
43.0689999999986,9.0,43.0689999999986,4.999964508872785,0.28522899252569583,3.6439044146824466,4.900597704521714,0.2182993537815076,0.1960239081808622
43.0889999999986,9.0,43.0889999999986,4.999964508872785,0.2852289925254673,3.6439044146825297,4.9005977045225455,0.21829935378295356,0.19602390818090917
43.1089999999986,9.0,43.1089999999986,4.999964508872787,0.2852289925257635,3.6439044146831234,4.900597704523117,0.2182993537827528,0.19602390818090837
43.1289999999986,9.0,43.1289999999986,4.999964508872787,0.2852289925254305,3.6439044146817974,4.900597704521846,0.2182993537823918,0.19602390818090784
43.148999999998594,9.0,43.148999999998594,4.999964508872787,0.2852289925257132,3.643904414682699,4.90059770452268,0.2182993537826196,0.19602390818090293
43.168999999998604,9.0,43.168999999998604,4.999964508872785,0.285228992525351,3.6439044146824537,4.900597704522447,0.2182993537824935,0.19602390818090598
43.1889999999986,9.0,43.1889999999986,4.999964508872787,0.2852289925253537,3.643904414682517,4.900597704522511,0.21829935378266002,0.19602390818091914
43.1899999999986,9.0,43.1899999999986,4.999964508872794,0.28522899252427725,3.6439044146616837,4.900597704326317,0.21829935349046894,0.19602390816870216
43.205999999998596,9.0,43.205999999998596,4.999964508872795,0.2852289925258784,3.6439044147005135,4.900597704678972,0.21829935397172673,0.19602390818813656
43.2259999999986,9.0,43.2259999999986,4.999964508872787,0.28522899252627526,3.643904414683122,4.900597704535256,0.21829935378525595,0.19602390818081475
43.2459999999986,9.0,43.2459999999986,4.999964508872787,0.2852289925261185,3.6439044146833504,4.900597704523724,0.21829935377942056,0.19602390818094353
43.2659999999986,9.0,43.2659999999986,4.999964508872787,0.28522899252512657,3.6439044146820723,4.900597704521178,0.21829935378754306,0.19602390818149634
43.285999999998594,9.0,43.285999999998594,4.999964508872786,0.2852289925256383,3.6439044146839024,4.900597704537898,0.21829935378965182,0.19602390818151705
43.30599999999859,9.0,43.30599999999859,4.999964508872785,0.2852289925260674,3.6439044146820714,4.900597704518793,0.21829935377556217,0.196023908180734
43.32599999999859,9.0,43.32599999999859,4.999964508872788,0.28522899252619804,3.643904414682906,4.90059770452213,0.21829935378201654,0.19602390818089263
43.3459999999986,9.0,43.3459999999986,4.999964508872785,0.28522899252510564,3.64390441468248,4.900597704522471,0.21829935378291937,0.19602390818091342
43.36599999999859,9.0,43.36599999999859,4.999964508872784,0.28522899252566514,3.6439044146826074,4.900597704522598,0.21829935378270487,0.19602390818090523
43.38599999999859,9.0,43.38599999999859,4.999964508872783,0.2852289925251278,3.643904414683195,4.900597704523171,0.21829935378278925,0.19602390818092713
43.40599999999859,9.0,43.40599999999859,4.999964508872787,0.28522899252539297,3.6439044146829906,4.90059770452299,0.2182993537823154,0.19602390818090906
43.42599999999859,9.0,43.42599999999859,4.999964508872786,0.2852289925260639,3.6439044146825186,4.900597704522547,0.21829935378246107,0.19602390818092286
43.445999999998584,9.0,43.445999999998584,4.999964508872785,0.2852289925257778,3.6439044146825403,4.900597704522488,0.21829935378241844,0.196023908180906
43.446999999998596,9.0,43.446999999998596,4.999964508872793,0.2852289925249313,3.6439044146622415,4.900597704326758,0.21829935349081356,0.1960239081687193
43.46299999999859,9.0,43.46299999999859,4.999964508872795,0.28522899252624717,3.6439044147001396,4.900597704678746,0.21829935397144387,0.19602390818813067
43.48299999999859,9.0,43.48299999999859,4.999964508872786,0.28522899252584466,3.6439044146831585,4.900597704535266,0.21829935378514803,0.19602390818080906
43.502999999998586,9.0,43.502999999998586,4.999964508872788,0.28522899252530076,3.643904414683502,4.900597704523865,0.21829935377915718,0.1960239081809223
43.52299999999859,9.0,43.52299999999859,4.999964508872785,0.2852289925251452,3.643904414682531,4.900597704521681,0.21829935378731613,0.1960239081814811
43.54299999999859,9.0,43.54299999999859,4.999964508872784,0.2852289925257365,3.6439044146835746,4.900597704537615,0.21829935378964116,0.19602390818153112
43.56299999999859,9.0,43.56299999999859,4.999964508872786,0.2852289925253159,3.643904414682495,4.900597704519175,0.21829935377553508,0.19602390818072843
43.582999999998584,9.0,43.582999999998584,4.999964508872787,0.2852289925256741,3.643904414682496,4.9005977045217906,0.21829935378159288,0.19602390818086526
43.60299999999859,9.0,43.60299999999859,4.999964508872787,0.28522899252555933,3.6439044146826953,4.900597704522685,0.21829935378302903,0.19602390818091597
43.622999999998584,9.0,43.622999999998584,4.999964508872787,0.2852289925250386,3.643904414683418,4.900597704523417,0.21829935378290558,0.1960239081809254
43.64299999999859,9.0,43.64299999999859,4.999964508872786,0.2852289925254462,3.6439044146826194,4.900597704522583,0.21829935378252457,0.19602390818092866
43.66299999999859,9.0,43.66299999999859,4.999964508872786,0.28522899252559863,3.6439044146826127,4.9005977045225935,0.21829935378248105,0.19602390818091436
43.682999999998586,9.0,43.682999999998586,4.999964508872786,0.2852289925254352,3.6439044146824355,4.900597704522404,0.2182993537827262,0.19602390818093005
43.70299999999858,9.0,43.70299999999858,4.999964508872787,0.285228992525828,3.6439044146829245,4.900597704522878,0.21829935378249837,0.19602390818090404
43.70399999999858,9.0,43.70399999999858,4.999964508872795,0.2852289925249991,3.643904414662285,4.900597704326896,0.21829935349052845,0.196023908168712
43.719999999998585,9.0,43.719999999998585,4.9999645088727975,0.28522899252576456,3.643904414700191,4.900597704678828,0.21829935397136882,0.19602390818813084
43.73999999999859,9.0,43.73999999999859,4.999964508872787,0.285228992525578,3.6439044146830426,4.90059770453516,0.21829935378521287,0.19602390818081844
43.759999999998584,9.0,43.759999999998584,4.999964508872788,0.285228992525403,3.6439044146830146,4.900597704523306,0.21829935378672197,0.19602390818155993
43.77999999999858,9.0,43.77999999999858,4.999964508872786,0.2852289925253198,3.6439044146838766,4.900597704537113,0.21829935378775958,0.19602390818150228
43.799999999998576,9.0,43.799999999998576,4.999964508872788,0.2852289925254844,3.6439044146827593,4.900597704519331,0.21829935377547513,0.19602390818075424
43.819999999998586,9.0,43.819999999998586,4.999964508872786,0.28522899252576617,3.64390441468318,4.900597704522511,0.21829935378184645,0.19602390818089355
43.83999999999858,9.0,43.83999999999858,4.999964508872787,0.2852289925253218,3.643904414682647,4.900597704522666,0.21829935378276571,0.19602390818091198
43.85999999999858,9.0,43.85999999999858,4.999964508872786,0.28522899252578876,3.643904414683096,4.90059770452312,0.21829935378262183,0.19602390818090543
43.879999999998574,9.0,43.879999999998574,4.999964508872786,0.2852289925257475,3.643904414683304,4.900597704523283,0.21829935378237847,0.19602390818090792
43.89999999999858,9.0,43.89999999999858,4.999964508872786,0.2852289925257851,3.6439044146828836,4.900597704522881,0.21829935378231052,0.19602390818091597
43.91999999999857,9.0,43.91999999999857,4.999964508872786,0.28522899252510353,3.643904414683027,4.900597704523066,0.218299353782426,0.19602390818091808
43.93999999999858,9.0,43.93999999999858,4.999964508872787,0.285228992525402,3.6439044146832216,4.900597704523234,0.21829935378234117,0.19602390818091245
43.95999999999858,9.0,43.95999999999858,4.999964508872787,0.285228992525592,3.6439044146832438,4.900597704523204,0.21829935378224613,0.19602390818090978
43.96099999999858,9.0,43.96099999999858,4.999964508872794,0.2852289925245333,3.6439044146616713,4.900597704326429,0.2182993534903295,0.1960239081687231
43.97699999999858,9.0,43.97699999999858,4.999964508872796,0.2852289925263375,3.6439044147003807,4.900597704678791,0.21829935397167524,0.1960239081881426
43.99699999999858,9.0,43.99699999999858,4.999964508872788,0.28522899252589157,3.643904414683198,4.900597704535348,0.21829935378509163,0.19602390818079374
44.016999999998575,9.0,44.016999999998575,4.999964508872786,0.2852289925256547,3.6439044146831026,4.900597704523447,0.2182993537791834,0.19602390818092094
44.03699999999858,9.0,44.03699999999858,4.999964508872786,0.2852289925254673,3.6439044146820216,4.900597704521106,0.2182993537873037,0.19602390818146748
44.056999999998574,9.0,44.056999999998574,4.999964508872784,0.2852289925256447,3.643904414683225,4.900597704537201,0.21829935378992804,0.19602390818153567
44.07699999999857,9.0,44.07699999999857,4.999964508872784,0.28522899252593414,3.643904414682042,4.900597704518696,0.21829935377586815,0.19602390818073961
44.09699999999857,9.0,44.09699999999857,4.999964508872786,0.285228992525622,3.643904414682944,4.9005977045222355,0.21829935378212312,0.19602390818089288
44.116999999998576,9.0,44.116999999998576,4.999964508872788,0.2852289925256043,3.643904414682473,4.900597704522548,0.218299353783093,0.19602390818092957
44.13699999999857,9.0,44.13699999999857,4.999964508872786,0.28522899252560396,3.6439044146830737,4.900597704523076,0.2182993537826063,0.1960239081809004
44.156999999998575,9.0,44.156999999998575,4.999964508872786,0.28522899252594575,3.643904414682024,4.900597704521986,0.2182993537824544,0.19602390818091323
44.17699999999857,9.0,44.17699999999857,4.999964508872784,0.2852289925254122,3.643904414683064,4.900597704523062,0.21829935378261517,0.1960239081809062
44.19699999999857,9.0,44.19699999999857,4.999964508872786,0.28522899252559164,3.643904414682611,4.900597704522551,0.2182993537825006,0.19602390818091817
44.21699999999856,9.0,44.21699999999856,4.999964508872788,0.28522899252532186,3.6439044146830994,4.900597704523067,0.21829935378267779,0.1960239081809269
44.21799999999857,9.0,44.21799999999857,4.999964508872793,0.2852289925248105,3.643904414662403,4.900597704327043,0.21829935349014387,0.19602390816870355
44.233999999998574,9.0,44.233999999998574,4.999964508872793,0.2852289925263672,3.6439044147005246,4.900597704679153,0.21829935397129377,0.1960239081881318
44.25399999999857,9.0,44.25399999999857,4.999964508872787,0.2852289925260025,3.643904414682984,4.900597704535094,0.21829935378506943,0.19602390818081575
44.27399999999857,9.0,44.27399999999857,4.999964508872789,0.2852289925258017,3.643904414683621,4.900597704523923,0.2182993537794081,0.1960239081809423
44.293999999998576,9.0,44.293999999998576,4.999964508872789,0.285228992524872,3.6439044146821744,4.9005977045212346,0.21829935378756615,0.19602390818150242
44.31399999999857,9.0,44.31399999999857,4.999964508872787,0.28522899252552486,3.6439044146842563,4.900597704538236,0.21829935378977394,0.19602390818152987
44.33399999999857,9.0,44.33399999999857,4.999964508872786,0.28522899252534883,3.6439044146824617,4.90059770451915,0.21829935377579932,0.1960239081807638
44.353999999998564,9.0,44.353999999998564,4.999964508872788,0.28522899252535355,3.64390441468226,4.900597704521515,0.21829935378178872,0.19602390818088608
44.37399999999856,9.0,44.37399999999856,4.999964508872784,0.285228992525298,3.643904414682468,4.900597704522472,0.21829935378306412,0.1960239081809121
44.39399999999856,9.0,44.39399999999856,4.999964508872785,0.2852289925257567,3.6439044146826536,4.900597704522662,0.2182993537827999,0.19602390818090798
44.413999999998566,9.0,44.413999999998566,4.999964508872787,0.28522899252513567,3.643904414683247,4.900597704523224,0.21829935378254633,0.19602390818090726
44.43399999999856,9.0,44.43399999999856,4.999964508872785,0.2852289925251935,3.643904414682746,4.900597704522757,0.2182993537822026,0.19602390818090168
44.453999999998565,9.0,44.453999999998565,4.999964508872787,0.2852289925249906,3.643904414683389,4.900597704523304,0.21829935378228343,0.19602390818090218
44.47399999999856,9.0,44.47399999999856,4.999964508872787,0.2852289925253625,3.6439044146826007,4.900597704522587,0.21829935378245396,0.1960239081809279
44.47499999999856,9.0,44.47499999999856,4.999964508872795,0.28522899252498884,3.6439044146623014,4.900597704326858,0.2182993534905391,0.19602390816871856
44.490999999998564,9.0,44.490999999998564,4.9999645088727975,0.2852289925254837,3.6439044147006867,4.900597704679295,0.21829935397147052,0.19602390818813792
44.51099999999856,9.0,44.51099999999856,4.999964508872789,0.2852289925258884,3.6439044146834556,4.900597704535582,0.21829935378503834,0.19602390818081294
44.53099999999856,9.0,44.53099999999856,4.999964508872788,0.28522899252579037,3.643904414683383,4.900597704523748,0.21829935377911636,0.19602390818093102
44.55099999999856,9.0,44.55099999999856,4.999964508872787,0.28522899252542294,3.6439044146824684,4.900597704521582,0.21829935378742005,0.19602390818148963
44.57099999999856,9.0,44.57099999999856,4.999964508872787,0.285228992525648,3.6439044146837807,4.900597704537769,0.2182993537896043,0.19602390818152415
44.590999999998566,9.0,44.590999999998566,4.999964508872783,0.28522899252533923,3.6439044146823716,4.900597704519014,0.21829935377556706,0.1960239081807338
44.61099999999856,9.0,44.61099999999856,4.999964508872785,0.2852289925255468,3.643904414682934,4.900597704522211,0.2182993537819144,0.196023908180889
44.63099999999856,9.0,44.63099999999856,4.999964508872787,0.2852289925255365,3.6439044146831394,4.900597704523146,0.21829935378296553,0.196023908180921
44.65099999999856,9.0,44.65099999999856,4.999964508872786,0.2852289925257045,3.6439044146829604,4.900597704522996,0.21829935378265292,0.19602390818092033
44.67099999999856,9.0,44.67099999999856,4.999964508872787,0.2852289925256173,3.643904414682972,4.900597704522942,0.21829935378253923,0.19602390818092294
44.69099999999855,9.0,44.69099999999855,4.999964508872787,0.28522899252529904,3.643904414683132,4.900597704523125,0.21829935378262538,0.19602390818093304
44.71099999999856,9.0,44.71099999999856,4.999964508872785,0.2852289925254167,3.643904414682742,4.900597704522714,0.21829935378229143,0.19602390818091017
44.73099999999856,9.0,44.73099999999856,4.999964508872787,0.2852289925255044,3.64390441468319,4.900597704523191,0.2182993537825108,0.1960239081809187
44.73199999999856,9.0,44.73199999999856,4.999964508872793,0.285228992524887,3.6439044146621256,4.900597704326818,0.21829935349019094,0.1960239081687109
44.74799999999856,9.0,44.74799999999856,4.999964508872794,0.28522899252643663,3.6439044146995494,4.900597704678036,0.21829935397134528,0.1960239081881301
44.76799999999856,9.0,44.76799999999856,4.999964508872789,0.2852289925255914,3.6439044146834014,4.900597704535463,0.21829935378554105,0.19602390818082263
44.78799999999856,9.0,44.78799999999856,4.9999645088727895,0.28522899252512574,3.643904414683226,4.900597704523617,0.21829935377952758,0.1960239081809506
44.80799999999856,9.0,44.80799999999856,4.999964508872787,0.28522899252556233,3.6439044146825954,4.90059770452171,0.21829935378717624,0.1960239081814622
44.82799999999855,9.0,44.82799999999855,4.99996450887279,0.2852289925254517,3.64390441468393,4.900597704537927,0.21829935378957321,0.19602390818152424
44.84799999999855,9.0,44.84799999999855,4.999964508872787,0.28522899252578127,3.6439044146822535,4.900597704518933,0.218299353775496,0.1960239081807339
44.86799999999856,9.0,44.86799999999856,4.999964508872789,0.2852289925254433,3.643904414682887,4.90059770452219,0.21829935378181625,0.19602390818088056
44.887999999998556,9.0,44.887999999998556,4.999964508872787,0.28522899252566924,3.643904414682748,4.900597704522739,0.2182993537830295,0.1960239081809254
44.90799999999855,9.0,44.90799999999855,4.999964508872784,0.28522899252538414,3.6439044146826207,4.900597704522665,0.21829935378272974,0.19602390818091514
44.92799999999855,9.0,44.92799999999855,4.999964508872786,0.28522899252540396,3.6439044146832975,4.90059770452325,0.21829935378267334,0.19602390818092144
44.94799999999855,9.0,44.94799999999855,4.999964508872786,0.28522899252554995,3.6439044146827646,4.900597704522771,0.21829935378237048,0.19602390818091664
44.96799999999855,9.0,44.96799999999855,4.999964508872789,0.28522899252530814,3.6439044146827215,4.900597704522764,0.21829935378246684,0.1960239081809179
44.98799999999854,9.0,44.98799999999854,4.999964508872786,0.2852289925255557,3.643904414683033,4.9005977045230384,0.21829935378260495,0.19602390818092574
44.988999999998555,9.0,44.988999999998555,4.999964508872795,0.2852289925246829,3.6439044146621193,4.9005977043268105,0.21829935349011723,0.19602390816870405
45.004999999998546,9.0,45.004999999998546,4.999964508872796,0.2852289925255862,3.6439044147004114,4.900597704678853,0.21829935397156866,0.19602390818814408
45.02499999999855,9.0,45.02499999999855,4.9999645088727895,0.2852289925260551,3.643904414683059,4.9005977045351985,0.2182993537851045,0.19602390818080648
45.04499999999855,9.0,45.04499999999855,4.999964508872787,0.2852289925255381,3.643904414683613,4.900597704523986,0.21829935377913365,0.19602390818091756
45.06499999999855,9.0,45.06499999999855,4.999964508872789,0.28522899252531475,3.643904414682658,4.9005977045218145,0.2182993537874911,0.19602390818149806
45.08499999999855,9.0,45.08499999999855,4.999964508872786,0.2852289925257245,3.643904414684534,4.900597704538489,0.21829935378956566,0.1960239081815292
45.10499999999855,9.0,45.10499999999855,4.999964508872787,0.2852289925255916,3.6439044146828183,4.900597704519465,0.21829935377522733,0.19602390818072785
45.12499999999854,9.0,45.12499999999854,4.999964508872787,0.2852289925256559,3.6439044146832877,4.900597704522573,0.21829935378132065,0.19602390818085813
45.14499999999855,9.0,45.14499999999855,4.999964508872788,0.28522899252619927,3.6439044146826585,4.900597704522733,0.21829935378273196,0.19602390818091592
45.16499999999855,9.0,45.16499999999855,4.999964508872786,0.2852289925251181,3.6439044146828214,4.900597704522853,0.21829935378252635,0.19602390818090137
45.184999999998546,9.0,45.184999999998546,4.999964508872789,0.2852289925258822,3.643904414683087,4.900597704523014,0.2182993537826889,0.19602390818092766
45.20499999999855,9.0,45.20499999999855,4.999964508872786,0.2852289925257129,3.64390441468287,4.9005977045227995,0.21829935378259074,0.19602390818092974
45.224999999998545,9.0,45.224999999998545,4.999964508872786,0.28522899252552697,3.6439044146833246,4.900597704523311,0.2182993537823789,0.196023908180909
45.24499999999854,9.0,45.24499999999854,4.9999645088727895,0.28522899252580014,3.643904414683264,4.900597704523216,0.2182993537823283,0.19602390818091714
45.245999999998546,9.0,45.245999999998546,4.999964508872796,0.2852289925249027,3.6439044146618538,4.900597704326577,0.21829935349035082,0.1960239081687244
45.261999999998544,9.0,45.261999999998544,4.9999645088727975,0.2852289925258054,3.64390441470054,4.9005977046789795,0.2182993539716939,0.1960239081881484
45.28199999999855,9.0,45.28199999999855,4.999964508872788,0.285228992525985,3.6439044146832504,4.900597704535398,0.21829935378535453,0.19602390818082321
45.30199999999854,9.0,45.30199999999854,4.9999645088727895,0.2852289925258884,3.643904414683477,4.900597704523845,0.21829935377942097,0.19602390818094498
45.32199999999854,9.0,45.32199999999854,4.999964508872788,0.2852289925251447,3.6439044146825026,4.900597704521605,0.21829935378727705,0.19602390818147705
45.34199999999855,9.0,45.34199999999855,4.999964508872787,0.2852289925258329,3.6439044146837514,4.900597704537705,0.21829935378939602,0.19602390818150794
45.361999999998545,9.0,45.361999999998545,4.999964508872786,0.28522899252540057,3.64390441468226,4.900597704518922,0.2182993537758717,0.19602390818075852
45.38199999999854,9.0,45.38199999999854,4.999964508872786,0.2852289925253591,3.643904414682827,4.900597704522051,0.21829935378176785,0.19602390818087378
45.40199999999854,9.0,45.40199999999854,4.999964508872789,0.2852289925253262,3.643904414682494,4.900597704522507,0.2182993537831765,0.19602390818093351
45.42199999999853,9.0,45.42199999999853,4.999964508872787,0.28522899252549727,3.6439044146831803,4.9005977045231655,0.21829935378268442,0.19602390818090382
45.44199999999854,9.0,45.44199999999854,4.999964508872788,0.2852289925256595,3.6439044146826634,4.9005977045226885,0.2182993537824926,0.1960239081809179
45.46199999999854,9.0,45.46199999999854,4.999964508872787,0.2852289925254547,3.6439044146833774,4.900597704523363,0.21829935378236737,0.1960239081809052
45.481999999998536,9.0,45.481999999998536,4.9999645088727895,0.28522899252532025,3.6439044146829884,4.900597704522972,0.21829935378232118,0.1960239081809177
45.50199999999854,9.0,45.50199999999854,4.999964508872786,0.28522899252547274,3.6439044146823387,4.900597704522316,0.2182993537822177,0.1960239081809031
45.502999999998536,9.0,45.502999999998536,4.999964508872797,0.2852289925251409,3.643904414661608,4.900597704326216,0.21829935349061194,0.19602390816871354
45.51899999999854,9.0,45.51899999999854,4.999964508872801,0.2852289925260964,3.643904414700085,4.900597704678621,0.2182993539720345,0.19602390818815582
45.53899999999854,9.0,45.53899999999854,4.9999645088727895,0.28522899252573586,3.6439044146836603,4.900597704535756,0.21829935378521464,0.19602390818079987
45.558999999998534,9.0,45.558999999998534,4.999964508872788,0.285228992525231,3.6439044146831545,4.900597704523514,0.21829935377918963,0.19602390818093313
45.57899999999854,9.0,45.57899999999854,4.9999645088727895,0.2852289925257988,3.6439044146824786,4.900597704521513,0.21829935378715226,0.196023908181461
45.59899999999853,9.0,45.59899999999853,4.9999645088727895,0.28522899252556466,3.6439044146834227,4.9005977045373745,0.21829935378978016,0.19602390818153595
45.61899999999853,9.0,45.61899999999853,4.999964508872786,0.28522899252567174,3.6439044146822663,4.900597704518936,0.218299353775762,0.196023908180739
45.63899999999854,9.0,45.63899999999854,4.999964508872789,0.28522899252567985,3.64390441468217,4.900597704521424,0.2182993537820192,0.19602390818089244
45.658999999998535,9.0,45.658999999998535,4.9999645088727895,0.2852289925257073,3.6439044146832944,4.900597704523289,0.2182993537833088,0.1960239081809273
45.67899999999853,9.0,45.67899999999853,4.999964508872788,0.28522899252574535,3.643904414682318,4.900597704522357,0.2182993537827062,0.19602390818092197
45.698999999998534,9.0,45.698999999998534,4.999964508872786,0.28522899252544454,3.643904414681875,4.900597704521888,0.2182993537827213,0.1960239081809214
45.71899999999853,9.0,45.71899999999853,4.999964508872786,0.28522899252505934,3.6439044146832273,4.90059770452321,0.21829935378275192,0.1960239081809098
45.738999999998526,9.0,45.738999999998526,4.999964508872789,0.2852289925251741,3.6439044146825177,4.900597704522532,0.2182993537825561,0.19602390818092516
45.75899999999854,9.0,45.75899999999854,4.99996450887279,0.28522899252537176,3.643904414682672,4.900597704522673,0.21829935378252235,0.19602390818091472
45.75999999999853,9.0,45.75999999999853,4.999964508872796,0.28522899252490397,3.643904414662225,4.900597704326802,0.218299353490262,0.1960239081687003
45.77599999999853,9.0,45.77599999999853,4.999964508872796,0.28522899252556555,3.6439044147004287,4.90059770467905,0.21829935397159753,0.19602390818814341
45.795999999998536,9.0,45.795999999998536,4.9999645088727895,0.28522899252562883,3.6439044146837003,4.90059770453578,0.2182993537849957,0.1960239081808038
45.81599999999853,9.0,45.81599999999853,4.9999645088727895,0.2852289925255681,3.6439044146834005,4.900597704523804,0.21829935377914078,0.1960239081809371
45.835999999998535,9.0,45.835999999998535,4.999964508872789,0.28522899252543193,3.643904414682777,4.900597704521886,0.2182993537874871,0.19602390818149862
45.85599999999853,9.0,45.85599999999853,4.999964508872789,0.28522899252587713,3.6439044146843598,4.9005977045383275,0.2182993537894573,0.19602390818152107
45.87599999999853,9.0,45.87599999999853,4.999964508872788,0.2852289925257735,3.643904414682831,4.900597704519498,0.21829935377528817,0.19602390818072846
45.89599999999852,9.0,45.89599999999852,4.999964508872789,0.28522899252534467,3.6439044146828974,4.900597704522141,0.21829935378170257,0.19602390818088972
45.91599999999852,9.0,45.91599999999852,4.999964508872787,0.28522899252528444,3.6439044146823325,4.900597704522357,0.21829935378306414,0.19602390818093213
45.93599999999853,9.0,45.93599999999853,4.999964508872789,0.28522899252531275,3.643904414682697,4.900597704522654,0.21829935378294246,0.19602390818092238
45.955999999998525,9.0,45.955999999998525,4.999964508872789,0.2852289925251649,3.643904414681993,4.900597704521984,0.21829935378272042,0.1960239081809211
45.97599999999852,9.0,45.97599999999852,4.999964508872788,0.2852289925256701,3.6439044146830653,4.9005977045230615,0.21829935378256185,0.1960239081808971
45.995999999998524,9.0,45.995999999998524,4.999964508872788,0.28522899252547684,3.643904414682019,4.900597704522,0.21829935378257298,0.19602390818092377
46.01599999999852,9.0,46.01599999999852,4.999964508872787,0.2852289925255471,3.6439044146827797,4.900597704522742,0.21829935378254856,0.19602390818090118
46.016999999998525,9.0,46.016999999998525,4.999964508872797,0.2852289925250787,3.6439044146618924,4.900597704326553,0.2182993534905098,0.19602390816870505
46.03299999999852,9.0,46.03299999999852,4.999964508872801,0.28522899252595296,3.6439044147005286,4.900597704679043,0.21829935397155534,0.19602390818813234
46.05299999999852,9.0,46.05299999999852,4.99996450887279,0.28522899252645295,3.643904414683408,4.900597704535521,0.21829935378506277,0.1960239081808054
46.07299999999852,9.0,46.07299999999852,4.99996450887279,0.28522899252504785,3.6439044146836794,4.90059770452403,0.21829935377930063,0.19602390818094276
46.092999999998526,9.0,46.092999999998526,4.999964508872789,0.285228992525239,3.6439044146824706,4.900597704521618,0.21829935378747112,0.1960239081815013
46.11299999999852,9.0,46.11299999999852,4.999964508872788,0.28522899252541695,3.643904414683134,4.900597704537137,0.21829935378969356,0.19602390818153556
46.132999999998525,9.0,46.132999999998525,4.999964508872789,0.2852289925254439,3.6439044146827575,4.900597704519389,0.218299353776044,0.19602390818075766
46.15299999999852,9.0,46.15299999999852,4.999964508872788,0.2852289925255736,3.6439044146823183,4.900597704521593,0.21829935378182247,0.19602390818088603
46.17299999999852,9.0,46.17299999999852,4.9999645088727895,0.28522899252574985,3.6439044146830697,4.900597704523084,0.21829935378298373,0.19602390818090798
46.19299999999852,9.0,46.19299999999852,4.9999645088727895,0.28522899252553285,3.643904414682624,4.900597704522586,0.21829935378280702,0.1960239081809269
46.212999999998516,9.0,46.212999999998516,4.999964508872789,0.2852289925253342,3.6439044146826722,4.900597704522676,0.21829935378271198,0.19602390818092502
46.23299999999852,9.0,46.23299999999852,4.999964508872788,0.28522899252534845,3.6439044146831554,4.900597704523151,0.21829935378240334,0.19602390818090357
46.25299999999852,9.0,46.25299999999852,4.999964508872789,0.2852289925254729,3.6439044146829156,4.9005977045228875,0.21829935378252902,0.19602390818092844
46.27299999999852,9.0,46.27299999999852,4.999964508872791,0.28522899252545497,3.643904414682931,4.900597704522938,0.2182993537825037,0.19602390818092325
46.273999999998516,9.0,46.273999999998516,4.9999645088727975,0.2852289925248027,3.6439044146620834,4.900597704326719,0.2182993534902771,0.1960239081687113
46.28999999999852,9.0,46.28999999999852,4.999964508872797,0.2852289925263813,3.6439044146998025,4.90059770467834,0.21829935397130754,0.19602390818812385
46.30999999999852,9.0,46.30999999999852,4.9999645088727895,0.2852289925263174,3.643904414683385,4.900597704535501,0.2182993537853674,0.19602390818081394
46.32999999999852,9.0,46.32999999999852,4.999964508872791,0.2852289925254116,3.643904414683661,4.900597704524007,0.2182993537794183,0.19602390818094473
46.349999999998516,9.0,46.349999999998516,4.9999645088727895,0.2852289925253512,3.643904414681976,4.900597704521089,0.21829935378766563,0.19602390818151516
46.36999999999851,9.0,46.36999999999851,4.999964508872789,0.28522899252581757,3.643904414683978,4.90059770453792,0.21829935378976506,0.19602390818152682
46.38999999999852,9.0,46.38999999999852,4.999964508872789,0.2852289925255918,3.6439044146820807,4.900597704518761,0.21829935377576024,0.19602390818075088
46.40999999999852,9.0,46.40999999999852,4.9999645088727895,0.28522899252557654,3.6439044146826585,4.900597704521909,0.21829935378145787,0.19602390818084442
46.429999999998515,9.0,46.429999999998515,4.9999645088727895,0.2852289925254482,3.643904414682984,4.900597704523011,0.2182993537829935,0.1960239081809132
46.44999999999851,9.0,46.44999999999851,4.9999645088727895,0.28522899252535444,3.6439044146830795,4.900597704523104,0.21829935378252857,0.1960239081809032
46.46999999999851,9.0,46.46999999999851,4.999964508872789,0.28522899252564293,3.6439044146830866,4.900597704523074,0.21829935378223592,0.19602390818089896
46.48999999999851,9.0,46.48999999999851,4.999964508872789,0.28522899252556233,3.6439044146825097,4.900597704522526,0.21829935378225013,0.1960239081809061
46.509999999998506,9.0,46.509999999998506,4.9999645088727895,0.2852289925250995,3.643904414682883,4.900597704522844,0.21829935378249216,0.19602390818091217
46.52999999999851,9.0,46.52999999999851,4.999964508872786,0.28522899252553036,3.6439044146828667,4.9005977045228635,0.21829935378235316,0.19602390818090387
46.530999999998514,9.0,46.530999999998514,4.999964508872795,0.2852289925247239,3.6439044146621384,4.90059770432678,0.21829935349041565,0.19602390816871243
46.546999999998505,9.0,46.546999999998505,4.999964508872802,0.28522899252585354,3.6439044146997883,4.900597704678339,0.21829935397134306,0.19602390818812715
46.566999999998515,9.0,46.566999999998515,4.9999645088727895,0.2852289925256309,3.643904414682978,4.900597704535098,0.21829935378522042,0.1960239081808041
46.58699999999851,9.0,46.58699999999851,4.999964508872789,0.2852289925248756,3.6439044146832202,4.900597704523595,0.21829935377921714,0.19602390818091814
46.60699999999851,9.0,46.60699999999851,4.999964508872791,0.2852289925256127,3.6439044146826327,4.9005977045217275,0.21829935378783616,0.19602390818151513
46.62699999999851,9.0,46.62699999999851,4.9999645088727895,0.2852289925253809,3.6439044146838424,4.900597704537833,0.21829935378955323,0.19602390818152246
46.646999999998506,9.0,46.646999999998506,4.999964508872789,0.28522899252552086,3.643904414682657,4.900597704519342,0.21829935377555285,0.1960239081807363
46.6669999999985,9.0,46.6669999999985,4.999964508872789,0.28522899252555745,3.643904414682224,4.900597704521537,0.2182993537816293,0.19602390818087528
46.68699999999851,9.0,46.68699999999851,4.999964508872789,0.28522899252565054,3.6439044146824053,4.90059770452244,0.2182993537830446,0.1960239081809122
46.70699999999851,9.0,46.70699999999851,4.9999645088727895,0.2852289925253551,3.6439044146829644,4.900597704523021,0.21829935378309034,0.1960239081809321
46.726999999998505,9.0,46.726999999998505,4.999964508872789,0.28522899252558004,3.643904414682923,4.900597704522917,0.21829935378258364,0.19602390818092008
46.74699999999851,9.0,46.74699999999851,4.999964508872789,0.2852289925255154,3.6439044146827317,4.900597704522706,0.21829935378263782,0.19602390818093313
46.766999999998504,9.0,46.766999999998504,4.99996450887279,0.2852289925258279,3.643904414682896,4.900597704522882,0.21829935378244375,0.19602390818091206
46.7869999999985,9.0,46.7869999999985,4.99996450887279,0.2852289925255632,3.6439044146830413,4.90059770452299,0.21829935378252457,0.19602390818092125
46.787999999998505,9.0,46.787999999998505,4.999964508872797,0.2852289925248292,3.643904414662386,4.900597704326992,0.21829935349065102,0.19602390816872636
46.8039999999985,9.0,46.8039999999985,4.9999645088727975,0.28522899252589823,3.6439044147010944,4.9005977046797415,0.2182993539713435,0.19602390818813412
46.823999999998506,9.0,46.823999999998506,4.999964508872791,0.2852289925257795,3.643904414683699,4.900597704535843,0.2182993537848909,0.19602390818081353
46.8439999999985,9.0,46.8439999999985,4.99996450887279,0.28522899252562894,3.643904414683583,4.90059770452385,0.21829935377898352,0.19602390818093107
46.863999999998505,9.0,46.863999999998505,4.99996450887279,0.2852289925260874,3.6439044146823916,4.900597704521637,0.21829935378749998,0.19602390818150198
46.88399999999851,9.0,46.88399999999851,4.999964508872789,0.2852289925258474,3.64390441468331,4.900597704537214,0.2182993537896052,0.19602390818152668
46.903999999998504,9.0,46.903999999998504,4.999964508872789,0.28522899252522477,3.643904414682518,4.900597704519149,0.21829935377580553,0.19602390818073892
46.9239999999985,9.0,46.9239999999985,4.999964508872789,0.28522899252530426,3.6439044146822144,4.900597704521501,0.2182993537820987,0.1960239081809032
46.943999999998496,9.0,46.943999999998496,4.999964508872788,0.2852289925250498,3.643904414682828,4.900597704522862,0.21829935378325374,0.1960239081809262
46.96399999999849,9.0,46.96399999999849,4.999964508872789,0.2852289925254934,3.6439044146830275,4.900597704523029,0.218299353782676,0.19602390818090865
46.9839999999985,9.0,46.9839999999985,4.9999645088727895,0.28522899252588196,3.643904414683033,4.900597704523053,0.2182993537823003,0.19602390818090057
47.0039999999985,9.0,47.0039999999985,4.999964508872789,0.28522899252550826,3.643904414683283,4.900597704523305,0.21829935378234605,0.19602390818091298
47.023999999998495,9.0,47.023999999998495,4.99996450887279,0.2852289925251035,3.643904414682483,4.900597704522482,0.21829935378244464,0.1960239081809296
47.0439999999985,9.0,47.0439999999985,4.999964508872789,0.2852289925253093,3.6439044146826496,4.900597704522583,0.21829935378272752,0.1960239081809326
47.044999999998495,9.0,47.044999999998495,4.9999645088727975,0.28522899252483547,3.6439044146617503,4.900597704326387,0.21829935349029575,0.1960239081687
47.0609999999985,9.0,47.0609999999985,4.999964508872799,0.2852289925263772,3.6439044147007458,4.90059770467936,0.2182993539715451,0.19602390818812734
47.0809999999985,9.0,47.0809999999985,4.99996450887279,0.2852289925254415,3.64390441468378,4.9005977045359055,0.2182993537851698,0.19602390818081714
47.10099999999849,9.0,47.10099999999849,4.9999645088727895,0.2852289925251967,3.643904414683279,4.900597704523565,0.2182993537788796,0.1960239081809183
47.120999999998496,9.0,47.120999999998496,4.99996450887279,0.2852289925253756,3.643904414682239,4.900597704521414,0.2182993537876421,0.1960239081815063
47.14099999999849,9.0,47.14099999999849,4.999964508872789,0.28522899252554434,3.6439044146833033,4.900597704537282,0.2182993537895408,0.19602390818151313
47.160999999998495,9.0,47.160999999998495,4.999964508872789,0.28522899252593453,3.643904414682497,4.900597704519162,0.2182993537758446,0.1960239081807422
47.1809999999985,9.0,47.1809999999985,4.999964508872791,0.28522899252556494,3.64390441468289,4.900597704522203,0.2182993537817381,0.19602390818087378
47.200999999998494,9.0,47.200999999998494,4.99996450887279,0.28522899252556105,3.643904414682971,4.90059770452296,0.21829935378289492,0.19602390818091572
47.22099999999849,9.0,47.22099999999849,4.9999645088727895,0.28522899252557016,3.6439044146830954,4.900597704523106,0.21829935378282078,0.19602390818092993
47.24099999999849,9.0,47.24099999999849,4.99996450887279,0.28522899252562744,3.6439044146826203,4.900597704522667,0.2182993537824473,0.19602390818091675
47.26099999999849,9.0,47.26099999999849,4.999964508872791,0.28522899252600015,3.6439044146817747,4.900597704521777,0.2182993537826538,0.19602390818092869
47.28099999999849,9.0,47.28099999999849,4.999964508872789,0.2852289925254995,3.6439044146826363,4.9005977045226,0.2182993537829509,0.19602390818092644
47.300999999998496,9.0,47.300999999998496,4.9999645088727895,0.2852289925252337,3.6439044146832087,4.900597704523189,0.2182993537825601,0.1960239081809075
47.301999999998486,9.0,47.301999999998486,4.999964508872797,0.2852289925248537,3.6439044146619652,4.9005977043266675,0.2182993534907274,0.19602390816872636
47.31799999999849,9.0,47.31799999999849,4.999964508872798,0.2852289925254587,3.64390441470012,4.90059770467861,0.2182993539713395,0.1960239081881241
47.337999999998495,9.0,47.337999999998495,4.99996450887279,0.285228992525782,3.6439044146833797,4.900597704535518,0.21829935378527238,0.1960239081808125
47.35799999999849,9.0,47.35799999999849,4.9999645088727895,0.2852289925259761,3.6439044146837603,4.900597704524117,0.2182993537793548,0.19602390818094248
47.377999999998494,9.0,47.377999999998494,4.99996450887279,0.28522899252568895,3.6439044146820656,4.900597704521213,0.2182993537873814,0.19602390818149493
47.39799999999849,9.0,47.39799999999849,4.99996450887279,0.2852289925253351,3.6439044146831976,4.900597704537185,0.2182993537895359,0.1960239081815118
47.417999999998486,9.0,47.417999999998486,4.999964508872786,0.28522899252553974,3.6439044146826522,4.900597704519309,0.2182993537760511,0.19602390818075624
47.43799999999848,9.0,47.43799999999848,4.9999645088727895,0.28522899252524747,3.64390441468272,4.900597704521956,0.2182993537813122,0.19602390818084064
47.45799999999849,9.0,47.45799999999849,4.999964508872791,0.28522899252519546,3.6439044146826616,4.900597704522681,0.2182993537830064,0.19602390818091953
47.47799999999849,9.0,47.47799999999849,4.99996450887279,0.28522899252551226,3.643904414682467,4.900597704522485,0.21829935378296156,0.19602390818093213
47.497999999998484,9.0,47.497999999998484,4.999964508872789,0.28522899252529915,3.6439044146826545,4.900597704522612,0.2182993537826698,0.1960239081809156
47.51799999999848,9.0,47.51799999999848,4.9999645088727895,0.28522899252533424,3.6439044146831066,4.900597704523093,0.21829935378270443,0.19602390818092574
47.53799999999848,9.0,47.53799999999848,4.999964508872791,0.2852289925252713,3.643904414682606,4.90059770452264,0.21829935378248017,0.19602390818092208
47.55799999999848,9.0,47.55799999999848,4.99996450887279,0.28522899252543715,3.643904414682892,4.900597704522895,0.2182993537826156,0.1960239081809254
47.558999999998484,9.0,47.558999999998484,4.9999645088727975,0.28522899252458866,3.6439044146616135,4.900597704326356,0.21829935349027177,0.19602390816870685
47.57499999999848,9.0,47.57499999999848,4.9999645088728,0.28522899252610395,3.6439044146997435,4.900597704678118,0.21829935397164682,0.19602390818813573
47.59499999999848,9.0,47.59499999999848,4.999964508872792,0.2852289925260392,3.643904414683446,4.900597704535537,0.21829935378540472,0.19602390818080534
47.61499999999848,9.0,47.61499999999848,4.99996450887279,0.28522899252574546,3.6439044146828268,4.900597704523234,0.21829935378662116,0.19602390818155108
47.634999999998485,9.0,47.634999999998485,4.9999645088727895,0.2852289925256997,3.6439044146837727,4.900597704537037,0.21829935378787016,0.1960239081815111
47.65499999999848,9.0,47.65499999999848,4.9999645088727895,0.2852289925257016,3.643904414682388,4.900597704518974,0.21829935377520468,0.19602390818072957
47.674999999998484,9.0,47.674999999998484,4.999964508872791,0.28522899252538964,3.6439044146823454,4.900597704521636,0.2182993537817554,0.19602390818087556
47.69499999999848,9.0,47.69499999999848,4.99996450887279,0.28522899252542094,3.643904414682751,4.900597704522735,0.21829935378323864,0.19602390818092474
47.714999999998476,9.0,47.714999999998476,4.999964508872791,0.2852289925252443,3.643904414682525,4.9005977045225615,0.21829935378287496,0.19602390818092058
47.73499999999848,9.0,47.73499999999848,4.999964508872791,0.28522899252533834,3.6439044146828854,4.900597704522879,0.21829935378281323,0.19602390818092919
47.75499999999848,9.0,47.75499999999848,4.9999645088727895,0.28522899252536965,3.6439044146818707,4.900597704521852,0.21829935378235538,0.19602390818090445
47.77499999999848,9.0,47.77499999999848,4.9999645088727895,0.28522899252582296,3.6439044146827486,4.900597704522761,0.21829935378278925,0.19602390818091664
47.79499999999848,9.0,47.79499999999848,4.999964508872789,0.28522899252596545,3.643904414683283,4.900597704523323,0.21829935378264004,0.19602390818092028
47.81499999999848,9.0,47.81499999999848,4.999964508872792,0.28522899252516004,3.6439044146822273,4.900597704522219,0.21829935378223103,0.19602390818090762
47.815999999998475,9.0,47.815999999998475,4.999964508872799,0.28522899252487494,3.643904414662288,4.900597704326834,0.2182993534905107,0.1960239081687087
47.83199999999848,9.0,47.83199999999848,4.999964508872799,0.2852289925263019,3.643904414700718,4.9005977046792975,0.21829935397148917,0.19602390818813611
47.851999999998476,9.0,47.851999999998476,4.999964508872792,0.2852289925261194,3.6439044146835355,4.900597704535701,0.2182993537848758,0.1960239081808005
47.87199999999848,9.0,47.87199999999848,4.999964508872793,0.285228992525877,3.643904414682906,4.9005977045232765,0.21829935378633783,0.196023908181546
47.891999999998475,9.0,47.891999999998475,4.999964508872791,0.28522899252539013,3.6439044146834965,4.900597704536766,0.21829935378748602,0.1960239081814838
47.91199999999847,9.0,47.91199999999847,4.999964508872792,0.2852289925252516,3.6439044146829405,4.900597704519433,0.21829935377537388,0.19602390818073634
47.93199999999848,9.0,47.93199999999848,4.9999645088727895,0.2852289925252472,3.64390441468277,4.900597704522069,0.21829935378180249,0.196023908180889
47.95199999999848,9.0,47.95199999999848,4.9999645088727895,0.2852289925251865,3.64390441468296,4.900597704522973,0.21829935378302015,0.1960239081809215
47.971999999998474,9.0,47.971999999998474,4.999964508872791,0.28522899252552986,3.643904414682965,4.900597704522935,0.21829935378263338,0.19602390818091117
47.99199999999847,9.0,47.99199999999847,4.99996450887279,0.28522899252592987,3.643904414682486,4.900597704522472,0.21829935378235138,0.19602390818090293
48.011999999998466,9.0,48.011999999998466,4.999964508872792,0.2852289925253822,3.6439044146824946,4.900597704522524,0.21829935378264492,0.19602390818092086
48.03199999999847,9.0,48.03199999999847,4.999964508872791,0.2852289925254796,3.6439044146827406,4.900597704522721,0.21829935378255477,0.19602390818091173
48.05199999999847,9.0,48.05199999999847,4.999964508872792,0.2852289925253342,3.643904414682602,4.900597704522596,0.21829935378251836,0.1960239081809139
48.07199999999847,9.0,48.07199999999847,4.999964508872789,0.2852289925256814,3.6439044146829094,4.900597704522931,0.21829935378275728,0.19602390818093246
48.07299999999847,9.0,48.07299999999847,4.9999645088727975,0.28522899252462225,3.6439044146615713,4.900597704326283,0.2182993534907132,0.19602390816872384
48.08899999999848,9.0,48.08899999999848,4.999964508872802,0.2852289925261637,3.643904414700389,4.900597704678877,0.21829935397162015,0.1960239081881313
48.108999999998474,9.0,48.108999999998474,4.999964508872792,0.2852289925260258,3.643904414683157,4.900597704535246,0.21829935378522486,0.19602390818080703
48.12899999999847,9.0,48.12899999999847,4.999964508872792,0.28522899252580053,3.6439044146831554,4.900597704523471,0.2182993537795298,0.19602390818094972
48.148999999998466,9.0,48.148999999998466,4.9999645088727895,0.2852289925256178,3.6439044146824133,4.900597704521521,0.21829935378774112,0.19602390818150534
48.16899999999847,9.0,48.16899999999847,4.99996450887279,0.2852289925262104,3.643904414683462,4.9005977045374145,0.21829935378951326,0.1960239081815125
48.188999999998465,9.0,48.188999999998465,4.999964508872788,0.2852289925252515,3.6439044146824617,4.900597704519137,0.2182993537760027,0.1960239081807607
48.20899999999846,9.0,48.20899999999846,4.99996450887279,0.28522899252559625,3.6439044146827304,4.9005977045219815,0.2182993537818882,0.1960239081808876
48.22899999999847,9.0,48.22899999999847,4.999964508872792,0.2852289925252413,3.6439044146826505,4.900597704522652,0.21829935378279455,0.19602390818090118
48.24899999999847,9.0,48.24899999999847,4.999964508872792,0.28522899252553124,3.6439044146829196,4.90059770452297,0.21829935378278081,0.1960239081809159
48.268999999998464,9.0,48.268999999998464,4.9999645088727895,0.2852289925250356,3.6439044146825195,4.900597704522533,0.2182993537825188,0.19602390818091592
48.28899999999847,9.0,48.28899999999847,4.99996450887279,0.28522899252547734,3.6439044146826904,4.90059770452269,0.21829935378242243,0.19602390818090393
48.30899999999846,9.0,48.30899999999846,4.9999645088727895,0.2852289925254467,3.643904414683271,4.900597704523233,0.2182993537828128,0.19602390818093895
48.32899999999846,9.0,48.32899999999846,4.999964508872791,0.2852289925257737,3.643904414683339,4.900597704523326,0.2182993537823727,0.19602390818091736
48.32999999999846,9.0,48.32999999999846,4.999964508872799,0.2852289925245827,3.6439044146619066,4.900597704326704,0.21829935349000976,0.1960239081687109
48.34599999999846,9.0,48.34599999999846,4.999964508872801,0.28522899252558587,3.6439044146999975,4.9005977046784075,0.21829935397139058,0.19602390818813165
48.365999999998465,9.0,48.365999999998465,4.999964508872791,0.2852289925258977,3.6439044146833717,4.900597704535479,0.21829935378532522,0.19602390818080956
48.38599999999847,9.0,48.38599999999847,4.999964508872792,0.2852289925253041,3.6439044146832695,4.900597704523621,0.21829935377941967,0.196023908180943
48.405999999998464,9.0,48.405999999998464,4.999964508872792,0.2852289925259445,3.643904414681941,4.900597704521058,0.21829935378705234,0.19602390818145185
48.42599999999847,9.0,48.42599999999847,4.999964508872791,0.2852289925253645,3.6439044146835093,4.90059770453744,0.21829935378990628,0.1960239081815342
48.44599999999846,9.0,48.44599999999846,4.999964508872792,0.28522899252546324,3.643904414682326,4.900597704519008,0.21829935377570517,0.1960239081807323
48.46599999999846,9.0,48.46599999999846,4.999964508872792,0.2852289925252292,3.6439044146825403,4.900597704521788,0.21829935378213244,0.1960239081809042
48.485999999998455,9.0,48.485999999998455,4.999964508872792,0.28522899252566153,3.643904414682952,4.900597704522988,0.2182993537832089,0.19602390818092996
48.50599999999845,9.0,48.50599999999845,4.999964508872792,0.2852289925251973,3.643904414683089,4.900597704523128,0.2182993537827173,0.19602390818091814
48.52599999999846,9.0,48.52599999999846,4.99996450887279,0.2852289925256748,3.6439044146818205,4.900597704521821,0.218299353782402,0.19602390818091342
48.54599999999846,9.0,48.54599999999846,4.99996450887279,0.28522899252617784,3.6439044146827637,4.900597704522756,0.21829935378295046,0.19602390818093093
48.56599999999845,9.0,48.56599999999845,4.999964508872792,0.28522899252601847,3.643904414682749,4.900597704522753,0.21829935378251347,0.19602390818090926
48.58599999999846,9.0,48.58599999999846,4.999964508872791,0.28522899252564776,3.6439044146830373,4.900597704523018,0.21829935378266668,0.19602390818092855
48.586999999998454,9.0,48.586999999998454,4.999964508872799,0.2852289925248238,3.643904414662001,4.90059770432671,0.21829935349074872,0.19602390816872892
48.60299999999846,9.0,48.60299999999846,4.9999645088728,0.2852289925254591,3.6439044147005784,4.900597704678987,0.2182993539709385,0.19602390818809853
48.622999999998456,9.0,48.622999999998456,4.999964508872792,0.28522899252586476,3.643904414683396,4.90059770453555,0.21829935378496462,0.19602390818079626
48.64299999999845,9.0,48.64299999999845,4.999964508872792,0.2852289925253017,3.643904414683646,4.90059770452405,0.21829935377907325,0.19602390818092272
48.662999999998455,9.0,48.662999999998455,4.999964508872792,0.2852289925255924,3.6439044146821447,4.900597704521302,0.21829935378766874,0.19602390818151802
48.68299999999846,9.0,48.68299999999846,4.999964508872788,0.28522899252505024,3.643904414683813,4.900597704537819,0.21829935378983922,0.19602390818153909
48.702999999998454,9.0,48.702999999998454,4.99996450887279,0.2852289925252381,3.6439044146826824,4.9005977045193845,0.21829935377580154,0.19602390818075313
48.72299999999846,9.0,48.72299999999846,4.999964508872791,0.2852289925255681,3.643904414682687,4.900597704521989,0.21829935378172388,0.19602390818088322
48.74299999999845,9.0,48.74299999999845,4.999964508872792,0.2852289925259856,3.6439044146824657,4.900597704522481,0.21829935378287096,0.19602390818091028
48.76299999999845,9.0,48.76299999999845,4.9999645088727895,0.28522899252535777,3.6439044146824147,4.9005977045224025,0.2182993537827395,0.19602390818090776
48.78299999999845,9.0,48.78299999999845,4.9999645088727895,0.2852289925256004,3.643904414681883,4.90059770452188,0.21829935378277016,0.1960239081809197
48.80299999999845,9.0,48.80299999999845,4.999964508872791,0.28522899252540435,3.6439044146825568,4.9005977045224975,0.2182993537827564,0.1960239081809088
48.82299999999845,9.0,48.82299999999845,4.999964508872791,0.2852289925258309,3.643904414683177,4.90059770452316,0.2182993537828279,0.19602390818092857
48.842999999998455,9.0,48.842999999998455,4.999964508872792,0.2852289925254759,3.6439044146830906,4.9005977045230695,0.2182993537824522,0.19602390818092008
48.843999999998445,9.0,48.843999999998445,4.999964508872798,0.2852289925249955,3.6439044146616677,4.900597704326456,0.21829935349047605,0.196023908168723
48.85999999999846,9.0,48.85999999999846,4.999964508872801,0.28522899252608097,3.6439044147003647,4.9005977046788445,0.21829935397146874,0.19602390818812843
48.879999999998454,9.0,48.879999999998454,4.999964508872792,0.28522899252566597,3.64390441468325,4.900597704535415,0.21829935378543003,0.19602390818082524
48.89999999999845,9.0,48.89999999999845,4.999964508872794,0.2852289925254989,3.6439044146832966,4.900597704523571,0.218299353779417,0.19602390818094428
48.91999999999845,9.0,48.91999999999845,4.999964508872793,0.28522899252504214,3.6439044146825643,4.900597704521658,0.2182993537876874,0.19602390818150445
48.93999999999845,9.0,48.93999999999845,4.999964508872791,0.2852289925253886,3.6439044146836106,4.900597704537559,0.21829935378949195,0.19602390818151536
48.959999999998445,9.0,48.959999999998445,4.99996450887279,0.2852289925254721,3.6439044146824324,4.900597704519022,0.21829935377567142,0.19602390818073795
48.979999999998455,9.0,48.979999999998455,4.9999645088727895,0.2852289925259002,3.643904414682422,4.9005977045217035,0.21829935378166837,0.19602390818086707
48.99999999999845,9.0,48.99999999999845,4.99996450887279,0.28522899252549194,3.643904414682953,4.90059770452295,0.21829935378298373,0.1960239081809085
49.01999999999845,9.0,49.01999999999845,4.999964508872791,0.28522899252551526,3.6439044146829143,4.900597704522986,0.21829935378270798,0.19602390818091514
49.03999999999844,9.0,49.03999999999844,4.999964508872791,0.2852289925253461,3.643904414683027,4.900597704523006,0.21829935378256143,0.19602390818092233
49.05999999999844,9.0,49.05999999999844,4.99996450887279,0.2852289925250523,3.6439044146831643,4.900597704523159,0.21829935378217596,0.19602390818089688
49.07999999999844,9.0,49.07999999999844,4.999964508872792,0.28522899252537154,3.643904414682904,4.900597704522956,0.21829935378242687,0.19602390818092352
49.09999999999844,9.0,49.09999999999844,4.99996450887279,0.2852289925256608,3.6439044146827864,4.900597704522715,0.21829935378222037,0.1960239081809015
49.10099999999844,9.0,49.10099999999844,4.999964508872799,0.28522899252477873,3.6439044146611446,4.90059770432587,0.21829935349039434,0.19602390816871232
49.11699999999844,9.0,49.11699999999844,4.999964508872801,0.2852289925262762,3.6439044147004265,4.900597704678818,0.21829935397171296,0.19602390818812632
49.13699999999844,9.0,49.13699999999844,4.999964508872793,0.2852289925255445,3.6439044146832393,4.900597704535442,0.21829935378530346,0.19602390818080329
49.15699999999845,9.0,49.15699999999845,4.999964508872793,0.2852289925258722,3.643904414683714,4.900597704524087,0.21829935377938944,0.1960239081809395
49.17699999999844,9.0,49.17699999999844,4.999964508872792,0.28522899252533584,3.643904414682241,4.9005977045213855,0.21829935378765675,0.19602390818151624
49.19699999999844,9.0,49.19699999999844,4.99996450887279,0.28522899252563044,3.643904414683255,4.900597704537263,0.21829935378968468,0.1960239081815291
49.21699999999844,9.0,49.21699999999844,4.999964508872791,0.28522899252566314,3.643904414682366,4.900597704519025,0.21829935377579976,0.1960239081807389
49.23699999999844,9.0,49.23699999999844,4.999964508872793,0.2852289925253845,3.6439044146830235,4.900597704522258,0.218299353781862,0.19602390818088034
49.256999999998435,9.0,49.256999999998435,4.999964508872794,0.2852289925251743,3.6439044146825013,4.900597704522554,0.21829935378275817,0.19602390818090432
49.276999999998445,9.0,49.276999999998445,4.999964508872791,0.2852289925250894,3.6439044146832478,4.90059770452327,0.2182993537827133,0.19602390818090987
49.29699999999844,9.0,49.29699999999844,4.999964508872791,0.28522899252503514,3.6439044146829325,4.900597704522913,0.21829935378247084,0.19602390818091978
49.31699999999844,9.0,49.31699999999844,4.999964508872793,0.28522899252610645,3.643904414683239,4.900597704523185,0.21829935378221638,0.19602390818089951
49.33699999999844,9.0,49.33699999999844,4.999964508872792,0.28522899252576406,3.6439044146829103,4.900597704522904,0.21829935378234028,0.1960239081809164
49.356999999998436,9.0,49.356999999998436,4.999964508872794,0.2852289925254434,3.643904414682515,4.9005977045225215,0.2182993537824473,0.19602390818091928
49.35799999999844,9.0,49.35799999999844,4.999964508872799,0.28522899252476264,3.6439044146621202,4.900597704326661,0.21829935349024424,0.19602390816870116
49.37399999999844,9.0,49.37399999999844,4.999964508872799,0.28522899252590356,3.6439044147004145,4.900597704679017,0.21829935397174008,0.1960239081881494
49.393999999998435,9.0,49.393999999998435,4.999964508872794,0.2852289925257827,3.64390441468314,4.900597704535333,0.21829935378511517,0.1960239081808097
49.41399999999844,9.0,49.41399999999844,4.999964508872795,0.2852289925259973,3.643904414683733,4.9005977045240785,0.21829935377913232,0.19602390818092272
49.433999999998434,9.0,49.433999999998434,4.999964508872792,0.2852289925255224,3.6439044146826194,4.900597704521755,0.2182993537875888,0.19602390818151058
49.45399999999844,9.0,49.45399999999844,4.999964508872792,0.2852289925252806,3.643904414683494,4.900597704537469,0.2182993537893969,0.1960239081815143
49.47399999999844,9.0,49.47399999999844,4.999964508872792,0.2852289925253735,3.6439044146824036,4.900597704519019,0.21829935377563323,0.19602390818073342
49.49399999999844,9.0,49.49399999999844,4.999964508872792,0.2852289925254629,3.6439044146822144,4.9005977045214575,0.21829935378207915,0.19602390818090074
49.51399999999843,9.0,49.51399999999843,4.999964508872792,0.2852289925255468,3.643904414682886,4.900597704522854,0.21829935378335233,0.1960239081809324
49.53399999999843,9.0,49.53399999999843,4.999964508872792,0.2852289925255409,3.6439044146825794,4.900597704522637,0.21829935378267645,0.1960239081809076
49.553999999998425,9.0,49.553999999998425,4.999964508872792,0.28522899252559025,3.643904414682919,4.900597704522896,0.218299353782418,0.1960239081808995
49.573999999998435,9.0,49.573999999998435,4.999964508872792,0.2852289925254696,3.6439044146830306,4.900597704522998,0.2182993537824926,0.19602390818091756
49.59399999999843,9.0,49.59399999999843,4.999964508872792,0.28522899252577016,3.643904414681995,4.9005977045220215,0.21829935378236115,0.19602390818091234
49.61399999999843,9.0,49.61399999999843,4.999964508872791,0.285228992526184,3.643904414682492,4.900597704522497,0.21829935378280257,0.1960239081809236
49.61499999999843,9.0,49.61499999999843,4.999964508872799,0.2852289925249437,3.643904414661964,4.900597704326598,0.21829935349070165,0.19602390816870816
49.63099999999844,9.0,49.63099999999844,4.999964508872802,0.28522899252601897,3.643904414699606,4.900597704678168,0.21829935397146386,0.19602390818812637
49.65099999999843,9.0,49.65099999999843,4.999964508872792,0.2852289925259531,3.643904414683009,4.900597704535185,0.21829935378527948,0.19602390818080462
49.67099999999843,9.0,49.67099999999843,4.999964508872792,0.285228992526058,3.643904414683302,4.900597704523718,0.2182993537795502,0.1960239081809485
49.690999999998425,9.0,49.690999999998425,4.999964508872791,0.2852289925256799,3.6439044146822046,4.900597704521328,0.2182993537870488,0.19602390818145327
49.71099999999843,9.0,49.71099999999843,4.999964508872792,0.28522899252538464,3.6439044146833313,4.900597704537313,0.21829935378976018,0.1960239081815304
49.730999999998424,9.0,49.730999999998424,4.9999645088727895,0.2852289925252485,3.6439044146821686,4.90059770451879,0.21829935377596096,0.19602390818075313
49.75099999999843,9.0,49.75099999999843,4.99996450887279,0.28522899252539546,3.6439044146829227,4.900597704522197,0.2182993537819406,0.19602390818088125
49.77099999999843,9.0,49.77099999999843,4.999964508872792,0.2852289925255404,3.6439044146823996,4.900597704522411,0.21829935378289184,0.19602390818091223
49.79099999999843,9.0,49.79099999999843,4.999964508872791,0.28522899252553857,3.6439044146833166,4.900597704523311,0.2182993537826702,0.19602390818090154
49.81099999999842,9.0,49.81099999999842,4.99996450887279,0.28522899252550954,3.6439044146824706,4.900597704522461,0.21829935378251036,0.1960239081809231
49.830999999998426,9.0,49.830999999998426,4.999964508872793,0.28522899252532824,3.6439044146827886,4.900597704522763,0.21829935378268578,0.19602390818092713
49.85099999999842,9.0,49.85099999999842,4.999964508872792,0.2852289925254502,3.6439044146831447,4.900597704523121,0.21829935378235582,0.19602390818090226
49.870999999998425,9.0,49.870999999998425,4.999964508872795,0.28522899252555545,3.6439044146830026,4.900597704522965,0.21829935378257298,0.19602390818093166
49.87199999999842,9.0,49.87199999999842,4.9999645088728,0.28522899252439887,3.643904414662391,4.90059770432703,0.21829935349034282,0.19602390816871573
49.88799999999842,9.0,49.88799999999842,4.999964508872802,0.28522899252630324,3.6439044147007675,4.900597704679325,0.21829935397127334,0.19602390818813065
49.90799999999843,9.0,49.90799999999843,4.999964508872792,0.2852289925259824,3.643904414683107,4.900597704535211,0.21829935378501836,0.19602390818081433
49.92799999999843,9.0,49.92799999999843,4.999964508872793,0.2852289925254771,3.643904414683668,4.900597704524057,0.21829935377921092,0.1960239081809294
49.94799999999842,9.0,49.94799999999842,4.999964508872794,0.2852289925255086,3.643904414682094,4.90059770452124,0.21829935378754883,0.19602390818150564
49.967999999998426,9.0,49.967999999998426,4.999964508872792,0.28522899252603945,3.6439044146840422,4.900597704537966,0.2182993537895297,0.19602390818151058
49.98799999999842,9.0,49.98799999999842,4.99996450887279,0.28522899252569966,3.6439044146823734,4.900597704519074,0.21829935377562878,0.196023908180742
50.00799999999842,9.0,50.00799999999842,4.999964508872794,0.2852289925256178,3.643904414682793,4.900597704522071,0.21829935378185755,0.19602390818088722
50.027999999998414,9.0,50.027999999998414,4.999964508872792,0.2852289925252831,3.6439044146828534,4.900597704522866,0.21829935378290202,0.19602390818091273
50.047999999998424,9.0,50.047999999998424,4.999964508872792,0.2852289925254749,3.643904414682705,4.900597704522711,0.21829935378276039,0.19602390818092053
50.06799999999842,9.0,50.06799999999842,4.999964508872793,0.28522899252551503,3.6439044146831603,4.900597704523166,0.21829935378260495,0.19602390818091792
50.08799999999842,9.0,50.08799999999842,4.999964508872792,0.28522899252544004,3.643904414682817,4.9005977045228555,0.2182993537825752,0.19602390818093224
50.10799999999841,9.0,50.10799999999841,4.999964508872793,0.2852289925256562,3.643904414682761,4.900597704522716,0.2182993537826063,0.19602390818093127
50.127999999998416,9.0,50.127999999998416,4.999964508872791,0.2852289925254587,3.6439044146825723,4.90059770452257,0.21829935378266713,0.19602390818093018
50.12899999999842,9.0,50.12899999999842,4.999964508872798,0.28522899252452455,3.6439044146616517,4.9005977043263345,0.21829935349067411,0.1960239081687168
50.14499999999842,9.0,50.14499999999842,4.999964508872802,0.2852289925260557,3.6439044146998754,4.90059770467841,0.21829935397190217,0.19602390818815077
50.164999999998415,9.0,50.164999999998415,4.999964508872794,0.2852289925254001,3.643904414683107,4.900597704535269,0.21829935378550108,0.19602390818082124
50.18499999999841,9.0,50.18499999999841,4.999964508872793,0.2852289925252917,3.643904414683542,4.900597704523905,0.21829935377946583,0.19602390818094223
50.20499999999842,9.0,50.20499999999842,4.999964508872792,0.28522899252533446,3.643904414682502,4.900597704521644,0.21829935378733922,0.1960239081814832
50.22499999999842,9.0,50.22499999999842,4.999964508872792,0.28522899252578043,3.643904414684057,4.900597704538039,0.2182993537896749,0.19602390818153367
50.24499999999841,9.0,50.24499999999841,4.99996450887279,0.2852289925251139,3.6439044146825426,4.9005977045191536,0.21829935377540186,0.1960239081807289
50.264999999998416,9.0,50.264999999998416,4.99996450887279,0.2852289925255389,3.643904414682398,4.900597704521696,0.21829935378194548,0.19602390818089832
50.28499999999841,9.0,50.28499999999841,4.999964508872792,0.28522899252525813,3.6439044146828605,4.900597704522862,0.21829935378307078,0.19602390818091728
50.30499999999841,9.0,50.30499999999841,4.999964508872793,0.2852289925255473,3.643904414682533,4.900597704522575,0.2182993537827706,0.1960239081809178
50.32499999999841,9.0,50.32499999999841,4.999964508872794,0.2852289925254686,3.6439044146821966,4.9005977045222195,0.21829935378265736,0.196023908180918
50.344999999998414,9.0,50.344999999998414,4.999964508872792,0.28522899252526596,3.6439044146829724,4.90059770452297,0.21829935378287052,0.19602390818093
50.36499999999841,9.0,50.36499999999841,4.999964508872792,0.285228992525518,3.6439044146827095,4.900597704522697,0.2182993537824624,0.19602390818091384
50.38499999999841,9.0,50.38499999999841,4.999964508872794,0.285228992525213,3.6439044146831487,4.900597704523133,0.218299353782541,0.19602390818091917
50.385999999998404,9.0,50.385999999998404,4.9999645088728,0.28522899252482475,3.6439044146616744,4.90059770432642,0.21829935349060572,0.19602390816872597
50.40199999999842,9.0,50.40199999999842,4.999964508872803,0.2852289925258013,3.6439044146996786,4.90059770467814,0.2182993539716748,0.19602390818814042
50.42199999999841,9.0,50.42199999999841,4.999964508872794,0.28522899252573736,3.6439044146832664,4.900597704535388,0.21829935378546733,0.19602390818081117
50.44199999999841,9.0,50.44199999999841,4.999964508872793,0.2852289925256847,3.6439044146832695,4.900597704523617,0.21829935377919538,0.19602390818091897
50.46199999999841,9.0,50.46199999999841,4.999964508872795,0.28522899252584594,3.6439044146825155,4.90059770452162,0.21829935378767673,0.19602390818150373
50.48199999999841,9.0,50.48199999999841,4.999964508872792,0.2852289925257508,3.643904414683461,4.900597704537498,0.218299353789416,0.19602390818150855
50.50199999999841,9.0,50.50199999999841,4.999964508872792,0.2852289925257753,3.643904414682139,4.900597704518816,0.21829935377596807,0.19602390818076137
50.521999999998414,9.0,50.521999999998414,4.999964508872795,0.285228992525559,3.6439044146829205,4.90059770452214,0.21829935378209603,0.1960239081808971
50.54199999999841,9.0,50.54199999999841,4.999964508872795,0.2852289925255862,3.643904414683057,4.900597704523063,0.21829935378293355,0.19602390818091447
50.561999999998406,9.0,50.561999999998406,4.999964508872794,0.2852289925252152,3.6439044146832886,4.900597704523277,0.2182993537824926,0.1960239081809038
50.5819999999984,9.0,50.5819999999984,4.99996450887279,0.2852289925256388,3.6439044146831487,4.900597704523187,0.21829935378252058,0.19602390818092857
50.6019999999984,9.0,50.6019999999984,4.999964508872795,0.2852289925253422,3.643904414682908,4.90059770452292,0.21829935378217286,0.1960239081809042
50.6219999999984,9.0,50.6219999999984,4.999964508872794,0.285228992525429,3.643904414683015,4.900597704523019,0.2182993537822408,0.19602390818090284
50.641999999998404,9.0,50.641999999998404,4.999964508872793,0.28522899252540557,3.6439044146825754,4.900597704522574,0.2182993537823647,0.19602390818091317
50.6429999999984,9.0,50.6429999999984,4.999964508872801,0.28522899252486866,3.6439044146619386,4.90059770432658,0.21829935349027088,0.19602390816870383
50.6589999999984,9.0,50.6589999999984,4.999964508872804,0.2852289925261061,3.6439044146998136,4.900597704678373,0.21829935397173297,0.19602390818814694
50.67899999999841,9.0,50.67899999999841,4.999964508872792,0.2852289925258156,3.6439044146831407,4.900597704535307,0.21829935378520843,0.19602390818080018
50.69899999999841,9.0,50.69899999999841,4.999964508872793,0.28522899252527545,3.6439044146833215,4.900597704523699,0.2182993537791514,0.19602390818091742
50.7189999999984,9.0,50.7189999999984,4.999964508872794,0.28522899252580053,3.6439044146828783,4.900597704522013,0.21829935378753995,0.19602390818149473
50.7389999999984,9.0,50.7389999999984,4.999964508872793,0.2852289925253438,3.6439044146846533,4.900597704538652,0.21829935378963672,0.19602390818153861
50.7589999999984,9.0,50.7589999999984,4.999964508872794,0.28522899252515105,3.6439044146829658,4.900597704519683,0.2182993537754929,0.1960239081807564
50.7789999999984,9.0,50.7789999999984,4.999964508872794,0.2852289925256529,3.643904414683729,4.90059770452296,0.21829935378149473,0.19602390818088078
50.7989999999984,9.0,50.7989999999984,4.999964508872793,0.2852289925250314,3.643904414683198,4.900597704523204,0.21829935378275905,0.19602390818093107
50.818999999998404,9.0,50.818999999998404,4.999964508872793,0.2852289925257547,3.6439044146827855,4.900597704522799,0.21829935378229187,0.19602390818089807
50.8389999999984,9.0,50.8389999999984,4.999964508872794,0.28522899252602496,3.6439044146827193,4.900597704522728,0.21829935378240378,0.1960239081809064
50.858999999998396,9.0,50.858999999998396,4.999964508872795,0.2852289925259931,3.64390441468278,4.900597704522775,0.21829935378259074,0.1960239081809215
50.8789999999984,9.0,50.8789999999984,4.999964508872794,0.2852289925253001,3.6439044146825057,4.900597704522462,0.21829935378265647,0.1960239081809286
50.898999999998395,9.0,50.898999999998395,4.999964508872795,0.28522899252574696,3.64390441468272,4.900597704522749,0.21829935378239446,0.19602390818089852
50.8999999999984,9.0,50.8999999999984,4.999964508872801,0.2852289925250468,3.6439044146615673,4.900597704326291,0.21829935349027887,0.19602390816870027
50.9159999999984,9.0,50.9159999999984,4.999964508872801,0.2852289925261738,3.643904414700128,4.900597704678578,0.21829935397137637,0.19602390818811397
50.935999999998394,9.0,50.935999999998394,4.999964508872795,0.2852289925258302,3.643904414683543,4.900597704535704,0.21829935378543358,0.1960239081808187
50.9559999999984,9.0,50.9559999999984,4.999964508872796,0.28522899252557565,3.643904414683575,4.900597704523922,0.2182993537793917,0.19602390818094895
50.9759999999984,9.0,50.9759999999984,4.999964508872797,0.28522899252501777,3.6439044146819706,4.900597704521095,0.21829935378707233,0.19602390818146503
50.995999999998396,9.0,50.995999999998396,4.999964508872793,0.2852289925250793,3.643904414683858,4.900597704537815,0.2182993537897202,0.19602390818152288
51.0159999999984,9.0,51.0159999999984,4.999964508872791,0.2852289925252964,3.6439044146822335,4.900597704518926,0.21829935377581042,0.19602390818075216
51.035999999998396,9.0,51.035999999998396,4.999964508872795,0.2852289925254861,3.643904414682357,4.90059770452163,0.21829935378211512,0.19602390818090357
51.05599999999839,9.0,51.05599999999839,4.999964508872795,0.2852289925260166,3.643904414682386,4.900597704522398,0.21829935378322046,0.19602390818092608
51.07599999999839,9.0,51.07599999999839,4.999964508872794,0.2852289925256341,3.6439044146830915,4.9005977045231095,0.21829935378300283,0.19602390818092416
51.0959999999984,9.0,51.0959999999984,4.999964508872793,0.2852289925256155,3.6439044146831217,4.900597704523076,0.21829935378266624,0.1960239081809296
51.115999999998394,9.0,51.115999999998394,4.99996450887279,0.28522899252565476,3.643904414683306,4.900597704523275,0.21829935378259785,0.19602390818093504
51.13599999999839,9.0,51.13599999999839,4.999964508872792,0.2852289925253594,3.643904414682705,4.900597704522718,0.21829935378219506,0.19602390818090823
51.155999999998386,9.0,51.155999999998386,4.999964508872794,0.28522899252535533,3.6439044146828827,4.900597704522878,0.21829935378233095,0.19602390818090557
51.15699999999839,9.0,51.15699999999839,4.999964508872802,0.28522899252497247,3.643904414662044,4.900597704326706,0.21829935349067944,0.1960239081687254
51.172999999998396,9.0,51.172999999998396,4.999964508872803,0.2852289925262725,3.643904414699895,4.900597704678507,0.21829935397168101,0.19602390818814802
51.19299999999839,9.0,51.19299999999839,4.999964508872793,0.2852289925256428,3.6439044146835573,4.900597704535694,0.21829935378548687,0.196023908180828
51.21299999999839,9.0,51.21299999999839,4.999964508872793,0.28522899252574435,3.643904414683095,4.900597704523463,0.2182993537790351,0.19602390818091933
51.232999999998384,9.0,51.232999999998384,4.999964508872795,0.2852289925259174,3.643904414682097,4.900597704521234,0.2182993537874982,0.19602390818148807
51.25299999999839,9.0,51.25299999999839,4.999964508872795,0.2852289925253948,3.6439044146832806,4.900597704537278,0.21829935378980503,0.1960239081815295
51.27299999999839,9.0,51.27299999999839,4.999964508872794,0.2852289925253767,3.6439044146820145,4.900597704518646,0.2182993537758939,0.1960239081807449
51.292999999998386,9.0,51.292999999998386,4.999964508872795,0.28522899252553474,3.6439044146822006,4.900597704521423,0.21829935378165727,0.19602390818085283
51.31299999999839,9.0,51.31299999999839,4.999964508872795,0.2852289925254783,3.6439044146828956,4.900597704522899,0.21829935378314894,0.1960239081809114
51.332999999998385,9.0,51.332999999998385,4.999964508872795,0.28522899252524764,3.643904414682637,4.9005977045226405,0.21829935378287274,0.19602390818092524
51.35299999999838,9.0,51.35299999999838,4.999964508872795,0.2852289925253125,3.6439044146818356,4.90059770452183,0.21829935378254545,0.1960239081809111
51.372999999998385,9.0,51.372999999998385,4.999964508872795,0.28522899252539957,3.6439044146830875,4.900597704523024,0.2182993537828039,0.19602390818091486
51.39299999999839,9.0,51.39299999999839,4.999964508872791,0.28522899252560663,3.6439044146830963,4.900597704523124,0.21829935378264714,0.1960239081809279
51.412999999998384,9.0,51.412999999998384,4.999964508872795,0.28522899252520445,3.6439044146826216,4.900597704522583,0.21829935378227322,0.1960239081809083
51.41399999999838,9.0,51.41399999999838,4.999964508872803,0.28522899252449785,3.6439044146616273,4.90059770432624,0.21829935349027177,0.1960239081687054
51.42999999999838,9.0,51.42999999999838,4.999964508872802,0.2852289925264327,3.6439044147005757,4.900597704679095,0.21829935397153355,0.19602390818812437
51.44999999999839,9.0,51.44999999999839,4.999964508872795,0.2852289925256651,3.643904414683749,4.900597704535884,0.2182993537851205,0.19602390818080279
51.469999999998386,9.0,51.469999999998386,4.999964508872795,0.2852289925253164,3.643904414683373,4.9005977045236255,0.21829935377920068,0.19602390818094076
51.48999999999838,9.0,51.48999999999838,4.999964508872795,0.28522899252522627,3.6439044146819537,4.900597704521164,0.2182993537877176,0.19602390818151333
51.509999999998385,9.0,51.509999999998385,4.999964508872794,0.2852289925256477,3.643904414684016,4.90059770453799,0.21829935378984988,0.19602390818153304
51.52999999999838,9.0,51.52999999999838,4.999964508872794,0.28522899252559786,3.64390441468252,4.9005977045192015,0.21829935377561147,0.19602390818074003
51.54999999999838,9.0,51.54999999999838,4.999964508872796,0.2852289925252597,3.6439044146823507,4.900597704521613,0.21829935378189974,0.1960239081808946
51.56999999999839,9.0,51.56999999999839,4.999964508872793,0.2852289925259374,3.643904414683054,4.900597704523057,0.21829935378321555,0.1960239081809279
51.58999999999838,9.0,51.58999999999838,4.999964508872794,0.2852289925254149,3.6439044146832935,4.900597704523287,0.21829935378265647,0.19602390818091317
51.60999999999838,9.0,51.60999999999838,4.999964508872795,0.2852289925256704,3.6439044146832185,4.9005977045232125,0.2182993537824584,0.1960239081809226
51.629999999998375,9.0,51.629999999998375,4.999964508872794,0.285228992525688,3.6439044146823982,4.9005977045223545,0.21829935378233362,0.19602390818091867
51.64999999999837,9.0,51.64999999999837,4.999964508872793,0.285228992525359,3.643904414682602,4.90059770452257,0.21829935378261783,0.19602390818091955
51.669999999998375,9.0,51.669999999998375,4.999964508872794,0.28522899252506106,3.643904414682239,4.900597704522179,0.21829935378245174,0.1960239081809032
51.67099999999838,9.0,51.67099999999838,4.999964508872803,0.28522899252452993,3.6439044146609123,4.900597704325671,0.21829935349110044,0.19602390816872206
51.68699999999838,9.0,51.68699999999838,4.999964508872806,0.28522899252643413,3.6439044146999016,4.900597704678293,0.21829935397204073,0.19602390818813828
51.706999999998374,9.0,51.706999999998374,4.999964508872795,0.28522899252555767,3.64390441468356,4.900597704535716,0.21829935378575244,0.19602390818082815
51.72699999999837,9.0,51.72699999999837,4.999964508872795,0.28522899252542167,3.6439044146830284,4.900597704523402,0.21829935378677703,0.19602390818156903
51.74699999999838,9.0,51.74699999999838,4.999964508872796,0.28522899252551387,3.643904414683347,4.900597704536586,0.21829935378762635,0.19602390818149742
51.766999999998376,9.0,51.766999999998376,4.999964508872794,0.28522899252553396,3.6439044146822,4.900597704518695,0.21829935377533036,0.19602390818072984
51.78699999999837,9.0,51.78699999999837,4.999964508872794,0.2852289925256473,3.6439044146835604,4.900597704522783,0.2182993537819601,0.19602390818088136
51.806999999998375,9.0,51.806999999998375,4.999964508872794,0.28522899252534645,3.643904414682881,4.900597704522928,0.2182993537826991,0.19602390818090762
51.82699999999837,9.0,51.82699999999837,4.999964508872792,0.2852289925253987,3.6439044146831603,4.900597704523185,0.21829935378281323,0.19602390818093074
51.84699999999837,9.0,51.84699999999837,4.999964508872794,0.28522899252583317,3.6439044146830684,4.90059770452312,0.21829935378247217,0.1960239081809209
51.86699999999838,9.0,51.86699999999838,4.999964508872795,0.28522899252573214,3.6439044146828823,4.900597704522882,0.21829935378239268,0.19602390818091964
51.88699999999837,9.0,51.88699999999837,4.999964508872793,0.28522899252553685,3.6439044146830093,4.900597704522954,0.2182993537824171,0.19602390818091586
51.90699999999837,9.0,51.90699999999837,4.999964508872793,0.2852289925255359,3.643904414682932,4.900597704522886,0.21829935378251036,0.19602390818092327
51.92699999999837,9.0,51.92699999999837,4.999964508872795,0.285228992525413,3.643904414683116,4.9005977045231255,0.21829935378241222,0.19602390818091317
51.92799999999836,9.0,51.92799999999836,4.999964508872802,0.285228992524345,3.643904414661786,4.900597704326576,0.21829935349005417,0.196023908168705
51.943999999998375,9.0,51.943999999998375,4.999964508872805,0.28522899252632217,3.6439044147007476,4.900597704679159,0.21829935397173209,0.19602390818814908
51.96399999999837,9.0,51.96399999999837,4.999964508872796,0.28522899252614364,3.643904414683213,4.900597704535388,0.21829935378509385,0.196023908180807
51.98399999999837,9.0,51.98399999999837,4.9999645088727975,0.28522899252585426,3.6439044146835204,4.900597704523835,0.21829935377914608,0.19602390818092402
52.00399999999837,9.0,52.00399999999837,4.999964508872795,0.2852289925254854,3.6439044146828516,4.900597704521999,0.2182993537876936,0.19602390818151258
52.02399999999837,9.0,52.02399999999837,4.999964508872796,0.28522899252553846,3.6439044146843074,4.90059770453829,0.21829935378964382,0.19602390818153964
52.04399999999837,9.0,52.04399999999837,4.999964508872795,0.28522899252529715,3.6439044146827393,4.900597704519411,0.21829935377562434,0.19602390818075727
52.06399999999837,9.0,52.06399999999837,4.999964508872797,0.2852289925252772,3.64390441468269,4.900597704521945,0.21829935378183934,0.19602390818089896
52.08399999999837,9.0,52.08399999999837,4.999964508872794,0.2852289925253737,3.6439044146823245,4.9005977045223625,0.21829935378315163,0.1960239081809333
52.103999999998365,9.0,52.103999999998365,4.999964508872794,0.2852289925250736,3.6439044146824218,4.9005977045224265,0.21829935378305038,0.19602390818092985
52.12399999999836,9.0,52.12399999999836,4.999964508872795,0.2852289925254089,3.6439044146822823,4.900597704522313,0.21829935378262494,0.19602390818090662
52.14399999999836,9.0,52.14399999999836,4.999964508872795,0.2852289925253162,3.6439044146828894,4.900597704522818,0.21829935378255655,0.19602390818090382
52.16399999999837,9.0,52.16399999999837,4.999964508872796,0.2852289925257328,3.643904414682611,4.900597704522615,0.21829935378259385,0.19602390818092155
52.18399999999836,9.0,52.18399999999836,4.999964508872796,0.285228992525466,3.643904414682718,4.9005977045227205,0.218299353782418,0.1960239081809055
52.18499999999836,9.0,52.18499999999836,4.999964508872803,0.28522899252490486,3.643904414661837,4.90059770432652,0.21829935349049026,0.19602390816871076
52.20099999999837,9.0,52.20099999999837,4.999964508872803,0.28522899252610345,3.643904414699921,4.900597704678436,0.2182993539714763,0.19602390818812768
52.22099999999837,9.0,52.22099999999837,4.9999645088727975,0.285228992526175,3.643904414683048,4.900597704535201,0.2182993537854358,0.19602390818081997
52.240999999998365,9.0,52.240999999998365,4.999964508872795,0.2852289925255566,3.6439044146828903,4.900597704523239,0.21829935378669355,0.19602390818155274
52.26099999999836,9.0,52.26099999999836,4.9999645088727975,0.28522899252573697,3.643904414683588,4.900597704536862,0.2182993537878213,0.19602390818150503
52.28099999999836,9.0,52.28099999999836,4.999964508872796,0.285228992525362,3.643904414682096,4.9005977045187095,0.2182993537753166,0.1960239081807337
52.30099999999836,9.0,52.30099999999836,4.999964508872794,0.28522899252547035,3.6439044146827744,4.900597704522053,0.2182993537820121,0.19602390818088838
52.32099999999836,9.0,52.32099999999836,4.999964508872792,0.28522899252573947,3.6439044146830093,4.90059770452305,0.21829935378323687,0.19602390818093363
52.34099999999836,9.0,52.34099999999836,4.999964508872796,0.28522899252575573,3.6439044146826522,4.9005977045227,0.21829935378268223,0.19602390818091664
52.36099999999836,9.0,52.36099999999836,4.999964508872793,0.2852289925255647,3.6439044146824577,4.900597704522404,0.2182993537823949,0.1960239081809012
52.38099999999836,9.0,52.38099999999836,4.999964508872795,0.28522899252536305,3.643904414682995,4.900597704522975,0.21829935378247306,0.19602390818090284
52.400999999998355,9.0,52.400999999998355,4.999964508872794,0.2852289925260515,3.64390441468192,4.9005977045219495,0.21829935378246063,0.1960239081809155
52.42099999999836,9.0,52.42099999999836,4.999964508872796,0.28522899252592626,3.6439044146830026,4.900597704522963,0.21829935378271154,0.19602390818091295
52.440999999998354,9.0,52.440999999998354,4.999964508872797,0.2852289925256615,3.6439044146829453,4.900597704522948,0.21829935378240778,0.1960239081809068
52.44199999999836,9.0,52.44199999999836,4.999964508872802,0.28522899252519396,3.643904414661658,4.900597704326412,0.21829935349036592,0.19602390816871143
52.45799999999836,9.0,52.45799999999836,4.999964508872804,0.285228992525876,3.64390441470028,4.90059770467869,0.21829935397160863,0.19602390818813487
52.47799999999835,9.0,52.47799999999835,4.999964508872797,0.2852289925258152,3.6439044146833677,4.900597704535553,0.21829935378515514,0.19602390818079915
52.49799999999836,9.0,52.49799999999836,4.999964508872796,0.28522899252538636,3.6439044146833175,4.9005977045237,0.21829935377930687,0.19602390818093818
52.51799999999836,9.0,52.51799999999836,4.999964508872797,0.28522899252567613,3.6439044146821296,4.900597704521195,0.2182993537877025,0.1960239081815107
52.53799999999836,9.0,52.53799999999836,4.999964508872795,0.2852289925254425,3.643904414683203,4.900597704537194,0.21829935378963317,0.196023908181516
52.55799999999837,9.0,52.55799999999837,4.999964508872794,0.2852289925255255,3.6439044146826243,4.9005977045192886,0.218299353775921,0.19602390818074494
52.57799999999838,9.0,52.57799999999838,4.999964508872796,0.28522899252528733,3.643904414682783,4.900597704522056,0.21829935378208137,0.19602390818090545
52.597999999998386,9.0,52.597999999998386,4.999964508872794,0.28522899252542955,3.6439044146826984,4.900597704522729,0.2182993537827373,0.19602390818089951
52.61799999999839,9.0,52.61799999999839,4.999964508872795,0.285228992525141,3.6439044146826056,4.900597704522617,0.21829935378288562,0.19602390818092796
52.6379999999984,9.0,52.6379999999984,4.999964508872797,0.28522899252554645,3.643904414683001,4.9005977045230145,0.2182993537827031,0.19602390818092272
52.65799999999841,9.0,52.65799999999841,4.999964508872796,0.2852289925261746,3.64390441468292,4.900597704522889,0.21829935378253212,0.19602390818092347
52.67799999999841,9.0,52.67799999999841,4.999964508872796,0.28522899252596706,3.643904414683168,4.900597704523175,0.2182993537824997,0.19602390818092175
52.697999999998416,9.0,52.697999999998416,4.999964508872797,0.2852289925258057,3.6439044146829054,4.900597704522948,0.21829935378231097,0.196023908180913
52.69899999999842,9.0,52.69899999999842,4.999964508872803,0.2852289925248047,3.643904414661827,4.900597704326586,0.21829935349015986,0.19602390816870935
52.714999999998426,9.0,52.714999999998426,4.999964508872805,0.2852289925259206,3.6439044147006756,4.900597704679097,0.21829935397106415,0.19602390818810442
52.73499999999843,9.0,52.73499999999843,4.9999645088727975,0.2852289925259977,3.6439044146831003,4.90059770453526,0.21829935378528215,0.1960239081808215
52.75499999999844,9.0,52.75499999999844,4.999964508872796,0.28522899252559164,3.6439044146829884,4.90059770452333,0.21829935378674906,0.19602390818156296
52.77499999999844,9.0,52.77499999999844,4.999964508872796,0.2852289925261102,3.6439044146838424,4.900597704537103,0.21829935378768675,0.19602390818149684
52.79499999999844,9.0,52.79499999999844,4.999964508872796,0.28522899252550754,3.6439044146822166,4.900597704518795,0.21829935377526818,0.19602390818073662
52.81499999999845,9.0,52.81499999999845,4.999964508872794,0.28522899252525613,3.643904414682305,4.9005977045215845,0.21829935378212534,0.1960239081809022
52.83499999999846,9.0,52.83499999999846,4.999964508872793,0.28522899252538014,3.6439044146827633,4.900597704522783,0.2182993537832644,0.19602390818092386
52.85499999999846,9.0,52.85499999999846,4.9999645088727975,0.285228992525536,3.6439044146827255,4.9005977045227604,0.21829935378266668,0.19602390818090365
52.874999999998465,9.0,52.874999999998465,4.999964508872794,0.28522899252532297,3.643904414682823,4.900597704522806,0.21829935378258808,0.19602390818091603
52.894999999998475,9.0,52.894999999998475,4.999964508872794,0.2852289925256395,3.643904414683141,4.9005977045231255,0.21829935378266357,0.19602390818093043
52.914999999998486,9.0,52.914999999998486,4.999964508872797,0.2852289925252464,3.643904414682739,4.900597704522735,0.21829935378252102,0.1960239081809287
52.93499999999849,9.0,52.93499999999849,4.999964508872797,0.28522899252563527,3.643904414683143,4.900597704523107,0.21829935378259963,0.19602390818092713
52.95499999999849,9.0,52.95499999999849,4.999964508872796,0.285228992525575,3.6439044146832362,4.90059770452325,0.21829935378215554,0.19602390818089638
52.9559999999985,9.0,52.9559999999985,4.999964508872803,0.28522899252492107,3.6439044146622743,4.900597704326965,0.21829935349039079,0.19602390816872406
52.9719999999985,9.0,52.9719999999985,4.9999645088728055,0.2852289925264324,3.643904414700475,4.900597704678988,0.21829935397114988,0.19602390818812257
52.991999999998505,9.0,52.991999999998505,4.999964508872797,0.2852289925257286,3.6439044146831137,4.900597704535224,0.21829935378512405,0.1960239081808129
53.011999999998515,9.0,53.011999999998515,4.999964508872798,0.2852289925255968,3.643904414683607,4.900597704523923,0.21829935377924023,0.19602390818092819
53.03199999999852,9.0,53.03199999999852,4.999964508872796,0.28522899252523165,3.643904414682167,4.900597704521234,0.21829935378731435,0.19602390818148135
53.05199999999853,9.0,53.05199999999853,4.999964508872795,0.2852289925253586,3.6439044146835746,4.900597704537526,0.2182993537898339,0.1960239081815351
53.071999999998525,9.0,53.071999999998525,4.999964508872793,0.2852289925256421,3.6439044146825186,4.900597704519177,0.21829935377576112,0.19602390818074103
53.091999999998535,9.0,53.091999999998535,4.999964508872796,0.2852289925252762,3.6439044146822126,4.900597704521558,0.2182993537817159,0.1960239081808744
53.11199999999854,9.0,53.11199999999854,4.999964508872796,0.2852289925256941,3.6439044146828654,4.900597704522852,0.21829935378317514,0.1960239081809221
53.13199999999854,9.0,53.13199999999854,4.999964508872797,0.28522899252544154,3.6439044146827047,4.900597704522749,0.2182993537826658,0.196023908180908
53.15199999999855,9.0,53.15199999999855,4.9999645088727975,0.28522899252578093,3.643904414682528,4.9005977045225455,0.218299353782553,0.196023908180914
53.17199999999856,9.0,53.17199999999856,4.999964508872796,0.28522899252572437,3.64390441468295,4.900597704522899,0.21829935378264315,0.19602390818092147
53.191999999998565,9.0,53.191999999998565,4.999964508872797,0.28522899252584955,3.6439044146833597,4.9005977045233635,0.2182993537826205,0.19602390818092844
53.21199999999857,9.0,53.21199999999857,4.999964508872796,0.2852289925257169,3.6439044146825306,4.90059770452252,0.21829935378233983,0.1960239081809201
53.21299999999857,9.0,53.21299999999857,4.999964508872805,0.28522899252471146,3.6439044146615918,4.900597704326301,0.21829935349033305,0.19602390816870938
53.22899999999858,9.0,53.22899999999858,4.999964508872807,0.28522899252570255,3.6439044147003363,4.900597704678806,0.21829935397168368,0.19602390818813648
53.24899999999858,9.0,53.24899999999858,4.999964508872797,0.2852289925253112,3.6439044146830364,4.900597704535243,0.21829935378513027,0.1960239081807976
53.26899999999859,9.0,53.26899999999859,4.999964508872795,0.28522899252532125,3.6439044146832806,4.900597704523661,0.21829935377924867,0.1960239081809251
53.288999999998595,9.0,53.288999999998595,4.9999645088727975,0.2852289925256463,3.6439044146823107,4.900597704521481,0.2182993537871527,0.19602390818146048
53.308999999998605,9.0,53.308999999998605,4.999964508872797,0.28522899252549005,3.643904414683708,4.900597704537668,0.21829935378978016,0.19602390818153548
53.32899999999861,9.0,53.32899999999861,4.999964508872795,0.28522899252588263,3.6439044146819795,4.900597704518697,0.21829935377556484,0.1960239081807305
53.34899999999861,9.0,53.34899999999861,4.9999645088727975,0.2852289925257284,3.643904414682641,4.900597704521889,0.21829935378182735,0.19602390818087234
53.368999999998614,9.0,53.368999999998614,4.999964508872796,0.28522899252565603,3.64390441468331,4.900597704523319,0.21829935378298995,0.19602390818091148
53.38899999999862,9.0,53.38899999999862,4.999964508872797,0.285228992525577,3.6439044146827397,4.90059770452276,0.21829935378256454,0.19602390818091453
53.40899999999863,9.0,53.40899999999863,4.999964508872797,0.2852289925251074,3.6439044146822317,4.900597704522225,0.21829935378247795,0.19602390818091267
53.42899999999864,9.0,53.42899999999864,4.999964508872797,0.2852289925254023,3.643904414682526,4.900597704522518,0.21829935378264403,0.1960239081809133
53.44899999999864,9.0,53.44899999999864,4.9999645088727975,0.28522899252564893,3.6439044146830404,4.900597704522996,0.21829935378252546,0.19602390818090665
53.468999999998644,9.0,53.468999999998644,4.999964508872798,0.28522899252552075,3.6439044146833006,4.900597704523308,0.21829935378247084,0.19602390818091706
53.46999999999865,9.0,53.46999999999865,4.9999645088728055,0.28522899252508177,3.6439044146619177,4.900597704326724,0.21829935349045473,0.19602390816872525
53.485999999998654,9.0,53.485999999998654,4.999964508872807,0.2852289925257567,3.6439044147010855,4.900597704679451,0.21829935397066758,0.19602390818808244
53.50599999999866,9.0,53.50599999999866,4.999964508872797,0.2852289925253755,3.64390441468383,4.90059770453599,0.218299353784898,0.1960239081808002
53.52599999999867,9.0,53.52599999999867,4.999964508872798,0.285228992525481,3.6439044146834436,4.900597704523721,0.21829935377916782,0.1960239081809452
53.54599999999867,9.0,53.54599999999867,4.9999645088727975,0.2852289925260867,3.643904414682465,4.9005977045216875,0.2182993537874156,0.1960239081814915
53.56599999999868,9.0,53.56599999999868,4.999964508872795,0.2852289925254302,3.643904414684494,4.90059770453838,0.21829935378959187,0.19602390818152607
53.585999999998684,9.0,53.585999999998684,4.999964508872793,0.28522899252566,3.6439044146827193,4.900597704519358,0.21829935377538054,0.19602390818073567
53.605999999998694,9.0,53.605999999998694,4.9999645088727975,0.2852289925254189,3.643904414682807,4.9005977045220686,0.21829935378178206,0.19602390818089277
53.62599999999869,9.0,53.62599999999869,4.999964508872797,0.28522899252503264,3.6439044146822925,4.900597704522306,0.21829935378309523,0.19602390818093163
53.64599999999869,9.0,53.64599999999869,4.999964508872797,0.2852289925253192,3.643904414682733,4.900597704522757,0.21829935378305793,0.19602390818093
53.665999999998704,9.0,53.665999999998704,4.999964508872797,0.2852289925253933,3.643904414683073,4.9005977045230456,0.2182993537826094,0.19602390818091409
53.685999999998714,9.0,53.685999999998714,4.999964508872796,0.28522899252560696,3.6439044146832935,4.9005977045233005,0.21829935378196236,0.19602390818087667
53.70599999999872,9.0,53.70599999999872,4.9999645088727975,0.28522899252532574,3.643904414682666,4.9005977045226645,0.2182993537823687,0.19602390818092272
53.72599999999872,9.0,53.72599999999872,4.999964508872795,0.28522899252575645,3.6439044146826434,4.900597704522653,0.21829935378247128,0.19602390818091625
53.72699999999873,9.0,53.72699999999873,4.999964508872804,0.28522899252457173,3.6439044146623476,4.900597704326919,0.21829935349058263,0.19602390816871587
53.74299999999873,9.0,53.74299999999873,4.999964508872807,0.2852289925258085,3.64390441469975,4.900597704678361,0.21829935397158198,0.19602390818814586
53.76299999999873,9.0,53.76299999999873,4.9999645088727975,0.28522899252596184,3.6439044146833437,4.9005977045354205,0.21829935378509252,0.1960239081807972
53.782999999998744,9.0,53.782999999998744,4.999964508872796,0.28522899252547546,3.643904414683119,4.900597704523434,0.21829935377943166,0.1960239081809465
53.80299999999875,9.0,53.80299999999875,4.999964508872798,0.2852289925260007,3.6439044146827198,4.900597704521805,0.21829935378786014,0.19602390818151583
53.82299999999876,9.0,53.82299999999876,4.999964508872794,0.28522899252546735,3.6439044146830946,4.900597704537066,0.2182993537897504,0.19602390818154017
53.84299999999876,9.0,53.84299999999876,4.999964508872796,0.28522899252548917,3.643904414682555,4.900597704519156,0.21829935377582863,0.19602390818073875
53.86299999999877,9.0,53.86299999999877,4.999964508872797,0.2852289925257256,3.6439044146822197,4.900597704521508,0.21829935378177717,0.1960239081808759
53.88299999999877,9.0,53.88299999999877,4.999964508872795,0.2852289925254838,3.6439044146823245,4.900597704522333,0.21829935378301218,0.19602390818090612
53.90299999999877,9.0,53.90299999999877,4.999964508872797,0.2852289925254632,3.6439044146825617,4.900597704522574,0.21829935378297266,0.19602390818091922
53.92299999999878,9.0,53.92299999999878,4.999964508872796,0.28522899252541506,3.643904414683328,4.9005977045232765,0.21829935378252144,0.196023908180902
53.94299999999879,9.0,53.94299999999879,4.999964508872798,0.2852289925253355,3.6439044146830915,4.900597704523122,0.21829935378222393,0.19602390818090418
53.96299999999879,9.0,53.96299999999879,4.999964508872797,0.2852289925252308,3.6439044146825186,4.900597704522528,0.21829935378219462,0.19602390818090526
53.982999999998796,9.0,53.982999999998796,4.999964508872797,0.28522899252539435,3.643904414682728,4.900597704522677,0.21829935378252013,0.19602390818091558
53.98399999999881,9.0,53.98399999999881,4.999964508872803,0.28522899252456296,3.6439044146616246,4.900597704326278,0.21829935349061105,0.19602390816871545
53.999999999998806,9.0,53.999999999998806,4.999964508872805,0.2852289925260495,3.6439044147003625,4.900597704678815,0.21829935397101707,0.19602390818808954
54.01999999999881,9.0,54.01999999999881,4.999964508872798,0.28522899252621187,3.6439044146832846,4.900597704535435,0.21829935378534476,0.19602390818081628
54.03999999999882,9.0,54.03999999999882,4.9999645088727975,0.2852289925256133,3.643904414682825,4.900597704523195,0.21829935378655943,0.19602390818154924
54.05999999999882,9.0,54.05999999999882,4.999964508872797,0.28522899252516565,3.643904414683471,4.90059770453674,0.21829935378777468,0.19602390818150228
54.07999999999883,9.0,54.07999999999883,4.999964508872796,0.28522899252578043,3.6439044146830013,4.900597704519525,0.21829935377548135,0.19602390818074406
54.099999999998836,9.0,54.099999999998836,4.999964508872797,0.28522899252526485,3.6439044146833104,4.900597704522611,0.218299353781727,0.19602390818088541
54.119999999998846,9.0,54.119999999998846,4.9999645088727975,0.2852289925253641,3.643904414682621,4.900597704522651,0.21829935378282345,0.19602390818092108
54.13999999999885,9.0,54.13999999999885,4.9999645088727975,0.28522899252562756,3.6439044146829542,4.900597704522906,0.21829935378271198,0.19602390818091409
54.15999999999886,9.0,54.15999999999886,4.999964508872797,0.28522899252526424,3.643904414682605,4.900597704522567,0.21829935378274706,0.1960239081809333
54.179999999998856,9.0,54.179999999998856,4.999964508872798,0.28522899252514633,3.643904414683105,4.900597704523083,0.21829935378249216,0.19602390818090953
54.199999999998866,9.0,54.199999999998866,4.999964508872797,0.28522899252540784,3.6439044146829143,4.9005977045229505,0.21829935378232918,0.19602390818090876
54.21999999999887,9.0,54.21999999999887,4.999964508872796,0.2852289925251821,3.643904414682725,4.900597704522768,0.2182993537825228,0.19602390818092574
54.23999999999887,9.0,54.23999999999887,4.999964508872797,0.2852289925255215,3.643904414682648,4.900597704522641,0.21829935378240645,0.19602390818091026
54.240999999998884,9.0,54.240999999998884,4.999964508872804,0.28522899252458955,3.643904414662461,4.900597704326975,0.2182993534906741,0.19602390816871926
54.25699999999888,9.0,54.25699999999888,4.999964508872808,0.2852289925261165,3.6439044147001884,4.9005977046788285,0.21829935397170233,0.19602390818815568
54.276999999998885,9.0,54.276999999998885,4.999964508872797,0.28522899252568457,3.6439044146831945,4.9005977045353495,0.21829935378503612,0.19602390818080506
54.296999999998896,9.0,54.296999999998896,4.9999645088727975,0.28522899252525563,3.6439044146833974,4.900597704523808,0.21829935377910836,0.1960239081809217
54.3169999999989,9.0,54.3169999999989,4.9999645088727975,0.2852289925257835,3.6439044146828454,4.900597704521926,0.21829935378769139,0.19602390818151194
54.33699999999891,9.0,54.33699999999891,4.999964508872797,0.2852289925258305,3.643904414683562,4.900597704537543,0.21829935378932008,0.1960239081815101
54.35699999999891,9.0,54.35699999999891,4.999964508872796,0.28522899252577333,3.6439044146822694,4.9005977045189955,0.2182993537758766,0.19602390818075727
54.37699999999892,9.0,54.37699999999892,4.9999645088727975,0.28522899252569567,3.643904414682528,4.900597704521799,0.2182993537814703,0.1960239081808496
54.396999999998926,9.0,54.396999999998926,4.999964508872798,0.2852289925254624,3.6439044146824795,4.900597704522499,0.21829935378284118,0.19602390818089854
54.416999999998936,9.0,54.416999999998936,4.999964508872797,0.28522899252543776,3.6439044146828943,4.900597704522937,0.21829935378305082,0.19602390818093238
54.43699999999894,9.0,54.43699999999894,4.999964508872797,0.2852289925255457,3.643904414683272,4.900597704523295,0.21829935378243442,0.19602390818090626
54.45699999999894,9.0,54.45699999999894,4.9999645088727975,0.2852289925251596,3.64390441468291,4.900597704522867,0.21829935378231008,0.1960239081809152
54.476999999998945,9.0,54.476999999998945,4.999964508872797,0.2852289925253418,3.643904414683026,4.900597704523005,0.2182993537824735,0.19602390818092214
54.49699999999895,9.0,54.49699999999895,4.9999645088727975,0.2852289925254158,3.6439044146824404,4.900597704522418,0.21829935378256943,0.1960239081809303
54.49799999999896,9.0,54.49799999999896,4.9999645088728055,0.28522899252467204,3.643904414661916,4.900597704326508,0.2182993534906155,0.1960239081687147
54.51399999999896,9.0,54.51399999999896,4.999964508872807,0.285228992525982,3.643904414700324,4.900597704678902,0.21829935397181113,0.19602390818814922
54.53399999999896,9.0,54.53399999999896,4.9999645088727975,0.2852289925257309,3.6439044146831887,4.900597704535283,0.21829935378525905,0.19602390818081594
54.55399999999897,9.0,54.55399999999897,4.9999645088727975,0.2852289925252162,3.6439044146833104,4.90059770452365,0.2182993537793162,0.19602390818093518
54.573999999998975,9.0,54.573999999998975,4.9999645088727975,0.2852289925254521,3.6439044146823325,4.900597704521427,0.21829935378708343,0.1960239081814554
54.593999999998985,9.0,54.593999999998985,4.9999645088727975,0.28522899252546696,3.6439044146838606,4.900597704537816,0.2182993537897624,0.1960239081815325
54.61399999999899,9.0,54.61399999999899,4.9999645088727975,0.28522899252526906,3.643904414682035,4.900597704518698,0.21829935377547469,0.19602390818072635
54.633999999999,9.0,54.633999999999,4.999964508872797,0.2852289925255365,3.6439044146824937,4.900597704521799,0.21829935378199256,0.19602390818088755
54.653999999999,9.0,54.653999999999,4.999964508872797,0.2852289925254081,3.643904414682298,4.9005977045223,0.21829935378296644,0.19602390818090734
54.67399999999901,9.0,54.67399999999901,4.999964508872797,0.2852289925251102,3.6439044146829995,4.900597704523006,0.21829935378291357,0.19602390818091514
54.693999999999015,9.0,54.693999999999015,4.999964508872797,0.28522899252556444,3.643904414682191,4.9005977045222,0.2182993537824966,0.19602390818091192
54.713999999999025,9.0,54.713999999999025,4.9999645088727975,0.2852289925252209,3.6439044146826216,4.900597704522531,0.21829935378288784,0.19602390818093432
54.73399999999902,9.0,54.73399999999902,4.9999645088727975,0.28522899252567996,3.643904414683003,4.900597704522966,0.218299353782692,0.19602390818092189
54.753999999999024,9.0,54.753999999999024,4.999964508872797,0.28522899252547196,3.6439044146818578,4.900597704521878,0.21829935378235937,0.19602390818090726
54.754999999999036,9.0,54.754999999999036,4.9999645088728055,0.2852289925245446,3.643904414661941,4.900597704326448,0.21829935349073007,0.19602390816870535
54.770999999999034,9.0,54.770999999999034,4.999964508872807,0.2852289925257769,3.6439044147006263,4.9005977046792495,0.21829935397152778,0.19602390818812532
54.79099999999904,9.0,54.79099999999904,4.9999645088727975,0.2852289925258123,3.6439044146833157,4.900597704535459,0.2182993537849806,0.19602390818080298
54.81099999999905,9.0,54.81099999999905,4.999964508872797,0.28522899252570905,3.6439044146831727,4.9005977045235705,0.2182993537792265,0.19602390818093718
54.83099999999905,9.0,54.83099999999905,4.999964508872798,0.28522899252536993,3.643904414681887,4.900597704520993,0.21829935378709897,0.19602390818145737
54.85099999999906,9.0,54.85099999999906,4.999964508872797,0.2852289925259455,3.6439044146839175,4.90059770453787,0.21829935378975396,0.19602390818151932
54.870999999999064,9.0,54.870999999999064,4.999964508872797,0.2852289925251816,3.6439044146821638,4.900597704518869,0.21829935377591833,0.19602390818076118
54.890999999999075,9.0,54.890999999999075,4.999964508872798,0.28522899252501055,3.6439044146826327,4.900597704521916,0.21829935378150495,0.19602390818085091
54.91099999999908,9.0,54.91099999999908,4.999964508872799,0.2852289925254651,3.643904414683107,4.900597704523075,0.2182993537829038,0.19602390818090698
54.93099999999909,9.0,54.93099999999909,4.999964508872797,0.28522899252530076,3.64390441468232,4.9005977045223466,0.21829935378266446,0.19602390818091675
54.95099999999909,9.0,54.95099999999909,4.9999645088727975,0.2852289925256437,3.643904414682328,4.900597704522294,0.2182993537826889,0.19602390818091692
54.9709999999991,9.0,54.9709999999991,4.999964508872798,0.2852289925253594,3.6439044146830315,4.900597704523013,0.21829935378271997,0.19602390818091764
54.990999999999104,9.0,54.990999999999104,4.999964508872797,0.2852289925254303,3.643904414682853,4.900597704522876,0.21829935378238113,0.19602390818090837
55.0109999999991,9.0,55.0109999999991,4.999964508872797,0.28522899252530587,3.6439044146834463,4.90059770452348,0.21829935378233672,0.19602390818090726
55.01199999999911,9.0,55.01199999999911,4.999964508872804,0.28522899252478406,3.643904414662095,4.900597704326866,0.21829935349037213,0.19602390816872628
55.02799999999911,9.0,55.02799999999911,4.999964508872807,0.285228992525767,3.643904414700537,4.900597704678958,0.21829935397072667,0.1960239081880916
55.047999999999114,9.0,55.047999999999114,4.999964508872799,0.28522899252577555,3.6439044146838677,4.900597704535956,0.21829935378514226,0.19602390818081084
55.067999999999124,9.0,55.067999999999124,4.999964508872801,0.28522899252564343,3.6439044146827984,4.900597704523125,0.2182993537789156,0.19602390818091914
55.08799999999913,9.0,55.08799999999913,4.999964508872801,0.28522899252549727,3.6439044146824777,4.900597704521697,0.21829935378778376,0.19602390818150503
55.10799999999914,9.0,55.10799999999914,4.999964508872799,0.2852289925260126,3.6439044146830777,4.900597704537095,0.21829935378956922,0.19602390818151919
55.12799999999914,9.0,55.12799999999914,4.999964508872796,0.28522899252572115,3.643904414682107,4.900597704518768,0.21829935377590368,0.19602390818074394
55.14799999999915,9.0,55.14799999999915,4.999964508872798,0.2852289925254274,3.6439044146835373,4.900597704522814,0.21829935378193968,0.19602390818087886
55.167999999999154,9.0,55.167999999999154,4.9999645088727975,0.2852289925257696,3.6439044146823436,4.900597704522428,0.21829935378263737,0.1960239081809072
55.187999999999164,9.0,55.187999999999164,4.999964508872797,0.28522899252551437,3.643904414683241,4.900597704523308,0.21829935378275592,0.19602390818091478
55.20799999999917,9.0,55.20799999999917,4.999964508872796,0.285228992525417,3.6439044146831776,4.900597704523171,0.21829935378239135,0.1960239081809138
55.22799999999918,9.0,55.22799999999918,4.999964508872797,0.2852289925254276,3.643904414682593,4.900597704522602,0.21829935378249526,0.1960239081809303
55.24799999999918,9.0,55.24799999999918,4.999964508872797,0.28522899252550626,3.6439044146830004,4.90059770452298,0.21829935378267779,0.196023908180931
55.26799999999919,9.0,55.26799999999919,4.9999645088727975,0.28522899252529915,3.643904414683185,4.900597704523166,0.21829935378221949,0.19602390818089713
55.26899999999919,9.0,55.26899999999919,4.999964508872806,0.285228992524575,3.6439044146624364,4.900597704327116,0.21829935349056487,0.19602390816872736
55.28499999999919,9.0,55.28499999999919,4.999964508872808,0.28522899252569756,3.643904414700162,4.900597704678648,0.21829935397120184,0.19602390818812887
55.30499999999919,9.0,55.30499999999919,4.999964508872799,0.2852289925264437,3.643904414683153,4.900597704535234,0.21829935378507564,0.19602390818080437
55.3249999999992,9.0,55.3249999999992,4.9999645088728,0.28522899252495926,3.6439044146831705,4.900597704523505,0.21829935377926823,0.1960239081809295
55.3449999999992,9.0,55.3449999999992,4.9999645088727975,0.28522899252529677,3.6439044146822983,4.900597704521414,0.21829935378783838,0.1960239081815141
55.36499999999921,9.0,55.36499999999921,4.999964508872797,0.28522899252549494,3.643904414683472,4.900597704537431,0.21829935378986276,0.19602390818153892
55.384999999999216,9.0,55.384999999999216,4.999964508872796,0.285228992525733,3.6439044146825506,4.900597704519209,0.2182993537759161,0.19602390818075274
55.40499999999923,9.0,55.40499999999923,4.9999645088727975,0.28522899252543027,3.6439044146827095,4.900597704521972,0.21829935378157822,0.1960239081808632
55.42499999999923,9.0,55.42499999999923,4.999964508872798,0.28522899252533296,3.643904414682984,4.900597704523031,0.21829935378282875,0.19602390818090454
55.44499999999924,9.0,55.44499999999924,4.999964508872798,0.2852289925255474,3.6439044146828894,4.900597704522912,0.21829935378282878,0.19602390818093046
55.46499999999924,9.0,55.46499999999924,4.999964508872796,0.2852289925253406,3.6439044146829382,4.9005977045229265,0.21829935378244597,0.19602390818091156
55.48499999999925,9.0,55.48499999999925,4.999964508872798,0.2852289925252843,3.6439044146832518,4.900597704523255,0.2182993537824402,0.19602390818091628
55.50499999999926,9.0,55.50499999999926,4.999964508872799,0.28522899252492084,3.6439044146830257,4.900597704523029,0.2182993537823083,0.19602390818091514
55.52499999999927,9.0,55.52499999999927,4.999964508872799,0.28522899252534517,3.643904414682881,4.900597704522868,0.2182993537823567,0.19602390818091564
55.525999999999264,9.0,55.525999999999264,4.9999645088728055,0.28522899252464906,3.6439044146618302,4.900597704326527,0.21829935349021226,0.19602390816870924
55.54199999999926,9.0,55.54199999999926,4.999964508872808,0.2852289925258764,3.643904414699707,4.900597704678197,0.21829935397172454,0.1960239081881468
55.561999999999266,9.0,55.561999999999266,4.9999645088728,0.285228992525712,3.643904414683478,4.900597704535588,0.2182993537853674,0.1960239081808066
55.581999999999276,9.0,55.581999999999276,4.999964508872798,0.2852289925256033,3.6439044146835986,4.900597704524025,0.2182993537794485,0.19602390818094717
55.60199999999928,9.0,55.60199999999928,4.999964508872798,0.2852289925250413,3.6439044146822694,4.900597704521422,0.21829935378757948,0.1960239081815088
55.62199999999929,9.0,55.62199999999929,4.999964508872797,0.2852289925252657,3.643904414683682,4.900597704537681,0.21829935378946885,0.19602390818151133
55.64199999999929,9.0,55.64199999999929,4.9999645088728,0.28522899252590356,3.6439044146823427,4.900597704519029,0.21829935377590945,0.19602390818075985
55.6619999999993,9.0,55.6619999999993,4.999964508872799,0.2852289925259457,3.6439044146827575,4.900597704522045,0.2182993537820161,0.19602390818089724
55.681999999999306,9.0,55.681999999999306,4.9999645088727975,0.2852289925258436,3.6439044146828796,4.9005977045229,0.21829935378293844,0.19602390818091422
55.701999999999316,9.0,55.701999999999316,4.999964508872798,0.28522899252571476,3.643904414682512,4.90059770452257,0.2182993537828412,0.19602390818092807
55.72199999999932,9.0,55.72199999999932,4.999964508872799,0.28522899252563644,3.6439044146826323,4.90059770452258,0.21829935378275372,0.19602390818092705
55.74199999999933,9.0,55.74199999999933,4.9999645088727975,0.28522899252558975,3.643904414683234,4.900597704523206,0.21829935378251702,0.19602390818090995
55.76199999999933,9.0,55.76199999999933,4.999964508872798,0.2852289925253814,3.643904414682337,4.900597704522408,0.21829935378251836,0.1960239081809281
55.78199999999934,9.0,55.78199999999934,4.9999645088727975,0.2852289925250195,3.6439044146827615,4.900597704522779,0.21829935378245263,0.19602390818090606
55.78299999999934,9.0,55.78299999999934,4.9999645088728055,0.285228992524552,3.6439044146615966,4.900597704326378,0.21829935349033305,0.19602390816870435
55.79899999999934,9.0,55.79899999999934,4.999964508872808,0.28522899252568223,3.6439044147002804,4.900597704678758,0.21829935397171166,0.19602390818813922
55.81899999999934,9.0,55.81899999999934,4.9999645088728,0.2852289925259576,3.6439044146837323,4.9005977045358815,0.2182993537852062,0.19602390818080528
55.83899999999935,9.0,55.83899999999935,4.999964508872799,0.2852289925258767,3.6439044146831043,4.9005977045234355,0.21829935377909454,0.19602390818093038
55.858999999999355,9.0,55.858999999999355,4.999964508872798,0.2852289925250989,3.643904414682386,4.900597704521543,0.21829935378778242,0.19602390818151347
55.878999999999365,9.0,55.878999999999365,4.9999645088727975,0.2852289925253904,3.643904414683258,4.900597704537235,0.21829935378985033,0.19602390818154192
55.89899999999937,9.0,55.89899999999937,4.999964508872797,0.2852289925253699,3.643904414681937,4.900597704518533,0.21829935377580775,0.19602390818073903
55.91899999999938,9.0,55.91899999999938,4.9999645088727975,0.2852289925260871,3.643904414682861,4.900597704522105,0.21829935378220838,0.19602390818089604
55.93899999999938,9.0,55.93899999999938,4.999964508872799,0.28522899252569023,3.643904414682425,4.900597704522447,0.21829935378322268,0.19602390818093512
55.95899999999939,9.0,55.95899999999939,4.999964508872799,0.2852289925253438,3.6439044146825346,4.900597704522582,0.2182993537826538,0.1960239081809
55.978999999999395,9.0,55.978999999999395,4.999964508872798,0.285228992525803,3.643904414682618,4.900597704522589,0.21829935378273863,0.19602390818092263
55.998999999999405,9.0,55.998999999999405,4.999964508872796,0.28522899252589906,3.6439044146827415,4.900597704522738,0.21829935378254012,0.1960239081809121
56.01899999999941,9.0,56.01899999999941,4.999964508872798,0.28522899252552397,3.6439044146827397,4.900597704522738,0.21829935378232518,0.19602390818089938
56.03899999999942,9.0,56.03899999999942,4.9999645088728,0.2852289925253229,3.643904414683013,4.900597704523008,0.2182993537825006,0.19602390818091536
56.03999999999942,9.0,56.03999999999942,4.999964508872806,0.2852289925246023,3.643904414662017,4.900597704326726,0.21829935349076027,0.1960239081687296
56.05599999999942,9.0,56.05599999999942,4.999964508872807,0.28522899252650913,3.643904414700049,4.900597704678511,0.21829935397163794,0.19602390818814638
56.07599999999942,9.0,56.07599999999942,4.9999645088727975,0.28522899252596173,3.6439044146829556,4.90059770453507,0.21829935378537185,0.19602390818081927
56.09599999999943,9.0,56.09599999999943,4.999964508872798,0.2852289925257269,3.6439044146834787,4.900597704523875,0.21829935377924378,0.1960239081809202
56.11599999999943,9.0,56.11599999999943,4.999964508872798,0.2852289925256103,3.643904414682132,4.900597704521299,0.21829935378716292,0.19602390818146562
56.13599999999944,9.0,56.13599999999944,4.999964508872798,0.2852289925255768,3.64390441468388,4.900597704537841,0.21829935378963805,0.1960239081815201
56.155999999999445,9.0,56.155999999999445,4.999964508872799,0.2852289925252996,3.6439044146821233,4.900597704518765,0.2182993537758375,0.1960239081807571
56.175999999999455,9.0,56.175999999999455,4.999964508872799,0.2852289925252459,3.643904414683379,4.900597704522661,0.21829935378168924,0.19602390818086388
56.19599999999946,9.0,56.19599999999946,4.999964508872799,0.2852289925255531,3.6439044146829764,4.9005977045230065,0.21829935378293447,0.19602390818092896
56.21599999999947,9.0,56.21599999999947,4.9999645088728,0.2852289925261258,3.643904414683075,4.900597704523025,0.21829935378255122,0.1960239081809117
56.23599999999947,9.0,56.23599999999947,4.999964508872799,0.2852289925260237,3.6439044146833157,4.900597704523299,0.21829935378252324,0.1960239081809218
56.25599999999948,9.0,56.25599999999948,4.999964508872799,0.2852289925255106,3.643904414683347,4.900597704523353,0.21829935378230209,0.1960239081809155
56.275999999999485,9.0,56.275999999999485,4.9999645088727975,0.2852289925253326,3.643904414682875,4.900597704522862,0.21829935378208182,0.1960239081809018
56.295999999999495,9.0,56.295999999999495,4.9999645088728,0.28522899252514816,3.643904414683073,4.900597704523078,0.21829935378244641,0.19602390818091978
56.29699999999949,9.0,56.29699999999949,4.999964508872808,0.285228992524581,3.643904414661919,4.900597704326639,0.2182993534902016,0.1960239081687118
56.3129999999995,9.0,56.3129999999995,4.999964508872807,0.28522899252599637,3.6439044147007964,4.9005977046792175,0.21829935397167524,0.19602390818814738
56.3329999999995,9.0,56.3329999999995,4.9999645088728,0.28522899252610145,3.643904414683618,4.900597704535755,0.2182993537849784,0.1960239081808002
56.352999999999504,9.0,56.352999999999504,4.9999645088728,0.28522899252590894,3.6439044146832376,4.900597704523604,0.2182993537791048,0.19602390818093138
56.37299999999951,9.0,56.37299999999951,4.999964508872801,0.2852289925254378,3.643904414682461,4.900597704521621,0.21829935378703813,0.19602390818145413
56.39299999999952,9.0,56.39299999999952,4.9999645088727975,0.28522899252615674,3.6439044146839095,4.9005977045378994,0.21829935378945287,0.19602390818151136
56.41299999999952,9.0,56.41299999999952,4.999964508872799,0.2852289925254905,3.6439044146819297,4.900597704518631,0.21829935377552664,0.19602390818073429
56.43299999999953,9.0,56.43299999999953,4.999964508872799,0.2852289925255698,3.643904414682481,4.9005977045216955,0.21829935378202675,0.19602390818088927
56.452999999999534,9.0,56.452999999999534,4.999964508872798,0.2852289925256607,3.6439044146830932,4.900597704523148,0.2182993537832151,0.19602390818092472
56.472999999999544,9.0,56.472999999999544,4.999964508872799,0.2852289925253311,3.64390441468319,4.900597704523235,0.2182993537828541,0.19602390818093235
56.49299999999955,9.0,56.49299999999955,4.999964508872799,0.2852289925253405,3.6439044146826745,4.900597704522666,0.21829935378231363,0.1960239081809101
56.51299999999956,9.0,56.51299999999956,4.9999645088727975,0.28522899252556383,3.64390441468306,4.90059770452303,0.2182993537822701,0.19602390818089813
56.53299999999956,9.0,56.53299999999956,4.9999645088727975,0.2852289925254528,3.6439044146830515,4.9005977045230775,0.21829935378226967,0.19602390818090384
56.55299999999957,9.0,56.55299999999957,4.9999645088728,0.28522899252609013,3.643904414682628,4.9005977045226246,0.21829935378248327,0.19602390818092516
56.55399999999957,9.0,56.55399999999957,4.999964508872806,0.28522899252430756,3.6439044146621145,4.900597704326683,0.21829935349011723,0.1960239081686994
56.569999999999574,9.0,56.569999999999574,4.999964508872808,0.28522899252564815,3.643904414700108,4.900597704678755,0.21829935397170322,0.1960239081881484
56.58999999999958,9.0,56.58999999999958,4.9999645088728,0.2852289925260986,3.643904414683092,4.900597704535227,0.21829935378532744,0.19602390818082083
56.60999999999959,9.0,56.60999999999959,4.9999645088728,0.28522899252540984,3.643904414683539,4.900597704523873,0.21829935377938012,0.19602390818093818
56.62999999999958,9.0,56.62999999999958,4.999964508872799,0.28522899252554607,3.643904414682448,4.900597704521555,0.2182993537877198,0.19602390818151447
56.649999999999594,9.0,56.649999999999594,4.999964508872799,0.2852289925254218,3.6439044146834503,4.900597704537403,0.21829935378968068,0.19602390818153087
56.6699999999996,9.0,56.6699999999996,4.9999645088727975,0.2852289925253314,3.643904414682372,4.900597704519052,0.21829935377567453,0.1960239081807333
56.68999999999961,9.0,56.68999999999961,4.9999645088728,0.2852289925256089,3.6439044146825905,4.900597704521874,0.21829935378202497,0.19602390818089643
56.70999999999961,9.0,56.70999999999961,4.9999645088728,0.28522899252623785,3.6439044146827624,4.90059770452279,0.21829935378286028,0.19602390818090282
56.72999999999962,9.0,56.72999999999962,4.999964508872799,0.2852289925254026,3.643904414682618,4.900597704522675,0.2182993537826014,0.1960239081809034
56.74999999999962,9.0,56.74999999999962,4.9999645088728,0.2852289925256726,3.643904414681798,4.900597704521827,0.2182993537824291,0.19602390818090132
56.769999999999634,9.0,56.769999999999634,4.9999645088727975,0.28522899252567474,3.643904414682595,4.90059770452257,0.2182993537827977,0.19602390818091384
56.78999999999964,9.0,56.78999999999964,4.9999645088728,0.28522899252561695,3.6439044146832487,4.900597704523219,0.21829935378277593,0.19602390818092602
56.80999999999965,9.0,56.80999999999965,4.999964508872801,0.2852289925250186,3.6439044146825594,4.900597704522562,0.21829935378240067,0.1960239081809176
56.810999999999645,9.0,56.810999999999645,4.999964508872808,0.2852289925249335,3.6439044146622193,4.900597704326755,0.21829935349025045,0.1960239081687034
56.82699999999965,9.0,56.82699999999965,4.999964508872807,0.2852289925259086,3.643904414700249,4.900597704678893,0.21829935397173475,0.19602390818815207
56.84699999999965,9.0,56.84699999999965,4.9999645088728,0.2852289925258963,3.6439044146837825,4.900597704535968,0.21829935378519555,0.1960239081808149
56.86699999999966,9.0,56.86699999999966,4.999964508872798,0.2852289925257317,3.6439044146832456,4.900597704523541,0.21829935377916604,0.19602390818094206
56.886999999999674,9.0,56.886999999999674,4.999964508872801,0.28522899252540196,3.643904414682665,4.9005977045218865,0.21829935378773313,0.19602390818151327
56.90699999999967,9.0,56.90699999999967,4.9999645088728,0.2852289925260792,3.643904414683866,4.900597704537818,0.21829935378970955,0.19602390818154028
56.92699999999967,9.0,56.92699999999967,4.9999645088727975,0.28522899252521333,3.6439044146825577,4.900597704519254,0.21829935377550844,0.19602390818073276
56.94699999999968,9.0,56.94699999999968,4.999964508872799,0.2852289925252946,3.64390441468257,4.9005977045218225,0.21829935378184467,0.19602390818089063
56.966999999999686,9.0,56.966999999999686,4.9999645088728,0.285228992525465,3.643904414682484,4.900597704522515,0.21829935378316628,0.1960239081809294
56.986999999999696,9.0,56.986999999999696,4.999964508872799,0.28522899252561634,3.6439044146825106,4.900597704522552,0.21829935378294468,0.19602390818092424
57.0069999999997,9.0,57.0069999999997,4.999964508872799,0.2852289925257771,3.643904414683064,4.900597704523066,0.21829935378262538,0.1960239081809117
57.02699999999971,9.0,57.02699999999971,4.999964508872799,0.28522899252545775,3.6439044146833632,4.9005977045233955,0.21829935378264004,0.19602390818093318
57.04699999999971,9.0,57.04699999999971,4.999964508872797,0.28522899252505984,3.64390441468279,4.900597704522782,0.2182993537821067,0.19602390818090318
57.06699999999972,9.0,57.06699999999972,4.9999645088728,0.2852289925258214,3.6439044146819244,4.900597704521937,0.21829935378244952,0.1960239081809187
57.06799999999972,9.0,57.06799999999972,4.999964508872808,0.2852289925246171,3.643904414661919,4.900597704326437,0.21829935349065724,0.19602390816870532
57.083999999999726,9.0,57.083999999999726,4.99996450887281,0.2852289925260035,3.643904414700715,4.900597704679339,0.21829935397199762,0.1960239081881572
57.10399999999973,9.0,57.10399999999973,4.9999645088728,0.28522899252630585,3.6439044146833712,4.900597704535483,0.2182993537849846,0.19602390818080448
57.12399999999974,9.0,57.12399999999974,4.999964508872801,0.28522899252559863,3.6439044146834165,4.900597704523799,0.21829935377928378,0.19602390818094276
57.14399999999975,9.0,57.14399999999975,4.9999645088728,0.2852289925255433,3.6439044146820287,4.90059770452115,0.21829935378713317,0.19602390818146664
57.16399999999975,9.0,57.16399999999975,4.9999645088728,0.28522899252530354,3.6439044146833686,4.900597704537344,0.21829935378965848,0.19602390818151752
57.18399999999975,9.0,57.18399999999975,4.9999645088727975,0.2852289925254474,3.6439044146827033,4.900597704519353,0.21829935377601958,0.19602390818075685
57.20399999999976,9.0,57.20399999999976,4.9999645088728,0.2852289925253597,3.643904414682744,4.900597704522022,0.21829935378172566,0.19602390818087823
57.22399999999976,9.0,57.22399999999976,4.9999645088728,0.285228992525486,3.6439044146826274,4.900597704522612,0.2182993537830517,0.1960239081809259
57.24399999999977,9.0,57.24399999999977,4.999964508872797,0.2852289925256127,3.6439044146829196,4.9005977045229505,0.2182993537825903,0.19602390818089943
57.263999999999776,9.0,57.263999999999776,4.9999645088728,0.28522899252570444,3.643904414682604,4.900597704522635,0.21829935378238735,0.19602390818090404
57.283999999999786,9.0,57.283999999999786,4.9999645088728,0.28522899252636585,3.643904414682854,4.900597704522833,0.21829935378254545,0.19602390818091697
57.30399999999979,9.0,57.30399999999979,4.9999645088728,0.2852289925257991,3.643904414682548,4.900597704522561,0.21829935378247217,0.19602390818091503
57.3239999999998,9.0,57.3239999999998,4.999964508872799,0.2852289925257254,3.6439044146826007,4.9005977045225695,0.21829935378246196,0.19602390818090784
57.3249999999998,9.0,57.3249999999998,4.999964508872806,0.28522899252488576,3.643904414661591,4.900597704326255,0.21829935349063948,0.19602390816871298
57.3409999999998,9.0,57.3409999999998,4.999964508872812,0.28522899252593875,3.6439044147002257,4.900597704678706,0.21829935397159972,0.19602390818812734
57.360999999999805,9.0,57.360999999999805,4.999964508872801,0.28522899252609407,3.6439044146836146,4.900597704535758,0.21829935378516935,0.19602390818079943
57.380999999999815,9.0,57.380999999999815,4.9999645088728,0.28522899252547806,3.6439044146837953,4.900597704524161,0.2182993537789982,0.1960239081809183
57.400999999999826,9.0,57.400999999999826,4.999964508872799,0.28522899252525497,3.6439044146820745,4.9005977045212115,0.21829935378740228,0.19602390818150028
57.42099999999983,9.0,57.42099999999983,4.999964508872798,0.2852289925255678,3.6439044146838824,4.9005977045378755,0.21829935378971266,0.1960239081815276
57.44099999999983,9.0,57.44099999999983,4.999964508872799,0.285228992525596,3.6439044146826265,4.900597704519319,0.21829935377571805,0.19602390818074716
57.460999999999835,9.0,57.460999999999835,4.999964508872799,0.285228992525791,3.6439044146825776,4.900597704521852,0.21829935378164572,0.19602390818087517
57.48099999999984,9.0,57.48099999999984,4.9999645088728,0.28522899252528666,3.6439044146830493,4.90059770452301,0.21829935378290913,0.19602390818090917
57.50099999999985,9.0,57.50099999999985,4.999964508872802,0.2852289925252711,3.6439044146827735,4.900597704522842,0.21829935378289494,0.19602390818093418
57.52099999999985,9.0,57.52099999999985,4.9999645088727975,0.2852289925252882,3.6439044146823005,4.9005977045222755,0.2182993537825983,0.19602390818092189
57.54099999999986,9.0,57.54099999999986,4.999964508872801,0.28522899252539086,3.6439044146827633,4.9005977045227445,0.21829935378258541,0.19602390818090978
57.560999999999865,9.0,57.560999999999865,4.999964508872799,0.28522899252519773,3.643904414682564,4.900597704522531,0.21829935378268978,0.19602390818092744
57.580999999999875,9.0,57.580999999999875,4.999964508872801,0.2852289925255685,3.6439044146828174,4.900597704522885,0.21829935378247795,0.19602390818090704
57.58199999999987,9.0,57.58199999999987,4.999964508872808,0.28522899252487294,3.6439044146616184,4.900597704326395,0.21829935349090238,0.19602390816872992
57.59799999999988,9.0,57.59799999999988,4.999964508872808,0.28522899252607625,3.643904414700308,4.90059770467873,0.2182993539716677,0.19602390818813753
57.61799999999988,9.0,57.61799999999988,4.9999645088728,0.2852289925262826,3.643904414683114,4.900597704535247,0.21829935378518134,0.19602390818080284
57.63799999999989,9.0,57.63799999999989,4.999964508872801,0.2852289925255736,3.643904414682998,4.900597704523315,0.21829935378659274,0.19602390818154675
57.6579999999999,9.0,57.6579999999999,4.999964508872803,0.28522899252584083,3.6439044146834165,4.900597704536716,0.21829935378756507,0.19602390818148607
57.677999999999905,9.0,57.677999999999905,4.999964508872801,0.28522899252584,3.643904414682231,4.90059770451881,0.21829935377527085,0.19602390818072635
57.69799999999991,9.0,57.69799999999991,4.999964508872799,0.28522899252562406,3.643904414682993,4.900597704522281,0.21829935378192594,0.19602390818088256
57.71799999999992,9.0,57.71799999999992,4.999964508872802,0.2852289925252512,3.643904414682771,4.9005977045228155,0.21829935378293933,0.19602390818091536
57.737999999999914,9.0,57.737999999999914,4.999964508872802,0.2852289925257202,3.6439044146830226,4.900597704523028,0.21829935378260096,0.19602390818090537
57.757999999999925,9.0,57.757999999999925,4.999964508872799,0.2852289925258781,3.643904414683065,4.900597704523055,0.21829935378265736,0.19602390818093057
57.77799999999993,9.0,57.77799999999993,4.999964508872801,0.28522899252524725,3.6439044146822694,4.900597704522304,0.2182993537825974,0.1960239081809338
57.79799999999994,9.0,57.79799999999994,4.999964508872799,0.2852289925254186,3.64390441468257,4.900597704522506,0.2182993537825934,0.1960239081809143
57.81799999999994,9.0,57.81799999999994,4.999964508872802,0.2852289925260075,3.6439044146831723,4.900597704523167,0.2182993537827857,0.19602390818092924
57.83799999999995,9.0,57.83799999999995,4.999964508872799,0.28522899252514755,3.6439044146827317,4.900597704522766,0.21829935378247706,0.19602390818092197
57.838999999999956,9.0,57.838999999999956,4.999964508872807,0.28522899252468087,3.6439044146617294,4.9005977043264215,0.21829935349066168,0.19602390816872406
57.854999999999954,9.0,57.854999999999954,4.999964508872811,0.285228992525566,3.643904414699606,4.900597704678089,0.21829935397160596,0.19602390818813512
57.87499999999996,9.0,57.87499999999996,4.999964508872802,0.2852289925253218,3.6439044146835506,4.900597704535703,0.2182993537854962,0.19602390818081347
57.89499999999997,9.0,57.89499999999997,4.9999645088728,0.2852289925256621,3.643904414683437,4.900597704523855,0.2182993537791359,0.19602390818092283
57.91499999999998,9.0,57.91499999999998,4.9999645088728,0.28522899252574174,3.6439044146824546,4.9005977045216,0.21829935378752885,0.1960239081815008
57.93499999999998,9.0,57.93499999999998,4.999964508872799,0.28522899252549583,3.643904414683942,4.9005977045379225,0.21829935378947773,0.19602390818151574
57.954999999999984,9.0,57.954999999999984,4.999964508872799,0.28522899252578354,3.64390441468254,4.9005977045192,0.21829935377572515,0.1960239081807524
57.974999999999994,9.0,57.974999999999994,4.9999645088728,0.28522899252579154,3.6439044146825808,4.900597704521871,0.21829935378192505,0.19602390818089668
57.995000000000005,9.0,57.995000000000005,4.9999645088728,0.28522899252579226,3.643904414682934,4.900597704522928,0.2182993537830801,0.1960239081809231
58.015,9.0,58.015,4.999964508872802,0.28522899252550366,3.643904414682974,4.90059770452301,0.21829935378287407,0.19602390818093007
58.035000000000004,9.0,58.035000000000004,4.999964508872803,0.28522899252569034,3.643904414683263,4.900597704523262,0.21829935378229276,0.1960239081809
58.055000000000014,9.0,58.055000000000014,4.999964508872802,0.2852289925252146,3.643904414682799,4.900597704522832,0.21829935378249304,0.19602390818093068
58.07500000000002,9.0,58.07500000000002,4.999964508872799,0.28522899252509837,3.643904414683081,4.900597704523078,0.21829935378242998,0.19602390818091692
58.09500000000003,9.0,58.09500000000003,4.999964508872801,0.2852289925254472,3.643904414683408,4.900597704523422,0.21829935378242155,0.1960239081809192
58.09600000000003,9.0,58.09600000000003,4.999964508872808,0.28522899252475964,3.643904414662343,4.900597704327072,0.21829935349009857,0.19602390816871573
58.11200000000003,9.0,58.11200000000003,4.999964508872811,0.2852289925255163,3.643904414700081,4.900597704678543,0.21829935397113345,0.19602390818812512
58.13200000000003,9.0,58.13200000000003,4.9999645088728,0.2852289925257212,3.6439044146834987,4.900597704535574,0.21829935378537274,0.19602390818082416
58.152000000000044,9.0,58.152000000000044,4.999964508872802,0.28522899252633427,3.643904414683142,4.900597704523521,0.21829935377924115,0.19602390818093404
58.172000000000054,9.0,58.172000000000054,4.999964508872802,0.28522899252574196,3.643904414682111,4.900597704521226,0.2182993537874236,0.19602390818148188
58.19200000000006,9.0,58.19200000000006,4.9999645088728,0.285228992525143,3.643904414683538,4.9005977045375,0.2182993537895852,0.19602390818151075
58.21200000000006,9.0,58.21200000000006,4.999964508872801,0.2852289925254768,3.643904414682109,4.900597704518793,0.2182993537758575,0.19602390818074797
58.23200000000007,9.0,58.23200000000007,4.999964508872801,0.2852289925262846,3.6439044146830066,4.900597704522234,0.21829935378196413,0.19602390818088475
58.25200000000008,9.0,58.25200000000008,4.9999645088728,0.2852289925252831,3.643904414682726,4.900597704522787,0.2182993537828652,0.19602390818091134
58.272000000000084,9.0,58.272000000000084,4.9999645088728,0.2852289925252227,3.6439044146825292,4.900597704522573,0.218299353782672,0.19602390818091242
58.29200000000008,9.0,58.29200000000008,4.999964508872802,0.2852289925257475,3.6439044146827806,4.9005977045228,0.21829935378256587,0.19602390818091076
58.31200000000009,9.0,58.31200000000009,4.9999645088728,0.28522899252595724,3.6439044146827375,4.90059770452277,0.21829935378244153,0.19602390818090965
58.33200000000009,9.0,58.33200000000009,4.999964508872801,0.285228992525463,3.6439044146827415,4.900597704522754,0.21829935378256587,0.1960239081809221
58.3520000000001,9.0,58.3520000000001,4.999964508872801,0.285228992525415,3.64390441468321,4.90059770452321,0.2182993537824109,0.19602390818090853
58.35300000000011,9.0,58.35300000000011,4.999964508872809,0.285228992524614,3.643904414661697,4.900597704326507,0.21829935349031174,0.1960239081687156
58.369000000000106,9.0,58.369000000000106,4.999964508872812,0.28522899252628187,3.6439044146999353,4.900597704678338,0.21829935397139058,0.19602390818812448
58.38900000000011,9.0,58.38900000000011,4.999964508872803,0.2852289925261738,3.643904414683694,4.90059770453573,0.21829935378559123,0.1960239081808278
58.40900000000012,9.0,58.40900000000012,4.9999645088728,0.28522899252581335,3.643904414683202,4.900597704523557,0.21829935377939036,0.1960239081809468
58.42900000000013,9.0,58.42900000000013,4.999964508872802,0.2852289925254819,3.6439044146827126,4.9005977045217985,0.21829935378759013,0.196023908181498
58.44900000000013,9.0,58.44900000000013,4.999964508872803,0.2852289925258657,3.64390441468393,4.900597704537884,0.21829935378960563,0.1960239081815292
58.469000000000136,9.0,58.469000000000136,4.999964508872801,0.28522899252537026,3.643904414682259,4.900597704518911,0.21829935377557594,0.19602390818074006
58.489000000000146,9.0,58.489000000000146,4.999964508872799,0.2852289925255646,3.6439044146822326,4.900597704521496,0.2182993537816577,0.19602390818086612
58.50900000000016,9.0,58.50900000000016,4.999964508872802,0.28522899252557316,3.6439044146828734,4.9005977045229185,0.21829935378331325,0.19602390818092985
58.52900000000016,9.0,58.52900000000016,4.999964508872798,0.2852289925255557,3.6439044146831616,4.9005977045232125,0.21829935378280302,0.19602390818092008
58.54900000000016,9.0,58.54900000000016,4.999964508872802,0.2852289925254631,3.6439044146826833,4.900597704522653,0.2182993537825561,0.19602390818092744
58.569000000000166,9.0,58.569000000000166,4.999964508872802,0.28522899252576334,3.643904414682463,4.900597704522413,0.21829935378245885,0.19602390818091311
58.58900000000017,9.0,58.58900000000017,4.999964508872801,0.28522899252564077,3.643904414682576,4.900597704522541,0.21829935378261872,0.19602390818091642
58.60900000000018,9.0,58.60900000000018,4.999964508872801,0.2852289925250731,3.6439044146829342,4.90059770452293,0.21829935378275372,0.19602390818092802
58.610000000000184,9.0,58.610000000000184,4.999964508872806,0.28522899252474015,3.6439044146623956,4.900597704327037,0.2182993534904281,0.19602390816871001
58.62600000000018,9.0,58.62600000000018,4.999964508872808,0.28522899252623396,3.643904414700206,4.900597704678835,0.21829935397143455,0.19602390818814006
58.646000000000186,9.0,58.646000000000186,4.999964508872802,0.28522899252597833,3.6439044146835755,4.900597704535704,0.21829935378518667,0.19602390818081908
58.666000000000196,9.0,58.666000000000196,4.999964508872801,0.2852289925257059,3.6439044146835173,4.900597704523918,0.2182993537792678,0.19602390818094523
58.686000000000206,9.0,58.686000000000206,4.999964508872802,0.28522899252574346,3.6439044146827695,4.90059770452188,0.21829935378765053,0.19602390818151466
58.70600000000021,9.0,58.70600000000021,4.9999645088728,0.28522899252573314,3.6439044146831,4.90059770453708,0.21829935378970866,0.19602390818154297
58.72600000000021,9.0,58.72600000000021,4.9999645088728,0.2852289925258201,3.643904414682062,4.900597704518719,0.21829935377566875,0.19602390818072632
58.74600000000022,9.0,58.74600000000022,4.999964508872802,0.28522899252575573,3.6439044146822015,4.900597704521481,0.2182993537821018,0.19602390818089085
58.76600000000023,9.0,58.76600000000023,4.999964508872802,0.2852289925256054,3.6439044146825523,4.9005977045225615,0.2182993537833048,0.19602390818092585
58.786000000000236,9.0,58.786000000000236,4.999964508872801,0.2852289925255761,3.643904414683202,4.90059770452328,0.21829935378281454,0.19602390818091128
58.80600000000024,9.0,58.80600000000024,4.999964508872801,0.2852289925255278,3.643904414683275,4.900597704523291,0.21829935378233628,0.19602390818090804
58.82600000000025,9.0,58.82600000000025,4.999964508872802,0.2852289925253398,3.6439044146825714,4.9005977045225055,0.2182993537821138,0.19602390818090207
58.846000000000245,9.0,58.846000000000245,4.999964508872803,0.2852289925257838,3.6439044146833837,4.900597704523378,0.2182993537825903,0.19602390818092258
58.866000000000255,9.0,58.866000000000255,4.999964508872802,0.28522899252508493,3.643904414682574,4.900597704522614,0.2182993537822408,0.19602390818090945
58.86700000000026,9.0,58.86700000000026,4.999964508872809,0.28522899252458106,3.643904414661878,4.9005977043264926,0.2182993534904867,0.19602390816871676
58.88300000000026,9.0,58.88300000000026,4.99996450887281,0.2852289925260827,3.6439044146995783,4.900597704678073,0.2182993539714301,0.19602390818812498
58.90300000000026,9.0,58.90300000000026,4.999964508872801,0.28522899252564043,3.643904414683755,4.900597704535828,0.2182993537854629,0.19602390818081158
58.92300000000027,9.0,58.92300000000027,4.999964508872799,0.2852289925254234,3.6439044146836728,4.9005977045239915,0.2182993537865798,0.1960239081815559
58.94300000000028,9.0,58.94300000000028,4.999964508872803,0.2852289925256916,3.6439044146837007,4.9005977045370654,0.21829935378751888,0.19602390818150484
58.963000000000285,9.0,58.963000000000285,4.9999645088728,0.28522899252544953,3.6439044146818076,4.900597704518312,0.21829935376777093,0.19602390818010876
58.98300000000029,9.0,58.98300000000029,4.999964508872799,0.285228992525204,3.643904414682361,4.900597704507421,0.2182993537820367,0.19602390818088186
59.0030000000003,9.0,59.0030000000003,4.999964508872799,0.2852289925255912,3.64390441468441,4.90059770454188,0.21829935379660842,0.1960239081816561
59.02300000000031,9.0,59.02300000000031,4.999964508872801,0.2852289925250163,3.6439044146820896,4.900597704519455,0.21829935377635354,0.19602390818077042
59.04300000000031,9.0,59.04300000000031,4.999964508872802,0.28522899252522305,3.6439044146828414,4.900597704522026,0.21829935378160442,0.19602390818089532
59.063000000000315,9.0,59.063000000000315,4.999964508872803,0.2852289925254579,3.643904414682739,4.90059770452274,0.21829935378270976,0.19602390818091406
59.083000000000325,9.0,59.083000000000325,4.999964508872802,0.28522899252571765,3.643904414682592,4.900597704522561,0.218299353782704,0.19602390818091844
59.103000000000335,9.0,59.103000000000335,4.999964508872803,0.2852289925257618,3.643904414682861,4.900597704522853,0.21829935378280924,0.19602390818093096
59.12300000000033,9.0,59.12300000000033,4.999964508872803,0.2852289925262247,3.6439044146828032,4.900597704522782,0.2182993537825228,0.1960239081809174
59.124000000000336,9.0,59.124000000000336,4.99996450887281,0.2852289925247604,3.6439044146617423,4.900597704326427,0.21829935349033305,0.19602390816870688
59.140000000000335,9.0,59.140000000000335,4.999964508872812,0.28522899252584794,3.6439044146995716,4.900597704678049,0.21829935397139236,0.1960239081881198
59.16000000000034,9.0,59.16000000000034,4.999964508872802,0.2852289925255472,3.643904414683172,4.900597704535285,0.21829935378553883,0.19602390818081666
59.18000000000035,9.0,59.18000000000035,4.999964508872803,0.285228992525664,3.643904414683826,4.900597704524213,0.21829935377932727,0.19602390818092782
59.20000000000036,9.0,59.20000000000036,4.999964508872802,0.2852289925254861,3.6439044146820123,4.9005977045211475,0.2182993537876008,0.19602390818151327
59.22000000000036,9.0,59.22000000000036,4.999964508872799,0.28522899252534883,3.643904414683508,4.900597704537465,0.21829935378973442,0.1960239081815277
59.240000000000364,9.0,59.240000000000364,4.999964508872803,0.28522899252558287,3.643904414682142,4.900597704518769,0.21829935377596807,0.19602390818075704
59.260000000000375,9.0,59.260000000000375,4.999964508872803,0.28522899252555417,3.643904414682362,4.900597704521643,0.2182993537818691,0.1960239081808755
59.280000000000385,9.0,59.280000000000385,4.999964508872803,0.2852289925254492,3.6439044146826256,4.900597704522654,0.21829935378310808,0.19602390818091503
59.30000000000039,9.0,59.30000000000039,4.999964508872801,0.2852289925256849,3.6439044146829485,4.900597704523007,0.21829935378300508,0.19602390818093157
59.32000000000039,9.0,59.32000000000039,4.999964508872801,0.2852289925256651,3.6439044146829445,4.9005977045229105,0.21829935378239979,0.19602390818090684
59.3400000000004,9.0,59.3400000000004,4.999964508872801,0.28522899252521305,3.643904414682939,4.900597704522892,0.2182993537824624,0.19602390818091855
59.36000000000041,9.0,59.36000000000041,4.999964508872802,0.28522899252531797,3.6439044146832034,4.900597704523168,0.21829935378261428,0.19602390818093146
59.380000000000415,9.0,59.380000000000415,4.999964508872802,0.2852289925256003,3.6439044146829094,4.900597704522926,0.218299353782422,0.19602390818092197
59.38100000000041,9.0,59.38100000000041,4.999964508872809,0.2852289925247361,3.643904414661702,4.900597704326451,0.2182993534903295,0.19602390816871576
59.39700000000041,9.0,59.39700000000041,4.999964508872811,0.2852289925258664,3.6439044147004753,4.900597704678973,0.2182993539715278,0.1960239081881316
59.417000000000414,9.0,59.417000000000414,4.999964508872803,0.2852289925253824,3.643904414683157,4.900597704535304,0.2182993537854318,0.19602390818082824
59.437000000000424,9.0,59.437000000000424,4.999964508872802,0.2852289925255867,3.6439044146833535,4.900597704523738,0.21829935377929352,0.1960239081809319
59.457000000000434,9.0,59.457000000000434,4.999964508872803,0.28522899252565265,3.6439044146820856,4.900597704521177,0.21829935378730636,0.1960239081814761
59.47700000000044,9.0,59.47700000000044,4.999964508872801,0.28522899252599726,3.6439044146840542,4.900597704537981,0.2182993537898481,0.19602390818153345
59.49700000000044,9.0,59.49700000000044,4.999964508872801,0.2852289925253565,3.643904414682399,4.900597704519082,0.21829935377558793,0.19602390818073845
59.51700000000045,9.0,59.51700000000045,4.999964508872805,0.28522899252582345,3.6439044146830026,4.900597704522214,0.21829935378200988,0.1960239081809008
59.53700000000046,9.0,59.53700000000046,4.999964508872802,0.2852289925255777,3.6439044146827233,4.900597704522716,0.2182993537828421,0.19602390818091187
59.557000000000464,9.0,59.557000000000464,4.999964508872803,0.2852289925256752,3.643904414683075,4.900597704523048,0.21829935378276305,0.19602390818091792
59.57700000000047,9.0,59.57700000000047,4.999964508872802,0.28522899252545597,3.6439044146831447,4.90059770452317,0.21829935378240067,0.19602390818090878
59.59700000000048,9.0,59.59700000000048,4.999964508872802,0.2852289925254941,3.643904414683292,4.900597704523278,0.2182993537824171,0.1960239081809217
59.61700000000049,9.0,59.61700000000049,4.999964508872802,0.2852289925255595,3.643904414683341,4.900597704523365,0.2182993537821853,0.19602390818090776
59.63700000000049,9.0,59.63700000000049,4.999964508872803,0.28522899252605705,3.6439044146831785,4.900597704523155,0.2182993537822861,0.19602390818091955
59.63800000000049,9.0,59.63800000000049,4.999964508872811,0.28522899252467787,3.6439044146622495,4.900597704326918,0.2182993534901794,0.19602390816871856
59.65400000000049,9.0,59.65400000000049,4.9999645088728135,0.285228992526105,3.643904414700038,4.900597704678643,0.21829935397119785,0.19602390818812448
59.67400000000049,9.0,59.67400000000049,4.999964508872803,0.285228992525899,3.6439044146828885,4.900597704534992,0.2182993537854256,0.19602390818082746
59.6940000000005,9.0,59.6940000000005,4.999964508872803,0.2852289925255531,3.6439044146835884,4.900597704523934,0.21829935377928997,0.19602390818092208
59.71400000000051,9.0,59.71400000000051,4.999964508872802,0.28522899252533096,3.6439044146823587,4.900597704521488,0.21829935378755683,0.19602390818149937
59.73400000000051,9.0,59.73400000000051,4.999964508872802,0.2852289925253718,3.6439044146847595,4.900597704538711,0.21829935378958742,0.19602390818152116
59.75400000000052,9.0,59.75400000000052,4.999964508872802,0.2852289925252979,3.6439044146821065,4.900597704518816,0.21829935377550044,0.19602390818075427
59.77400000000053,9.0,59.77400000000053,4.999964508872802,0.285228992525278,3.6439044146822113,4.900597704521454,0.21829935378193438,0.1960239081808939
59.79400000000054,9.0,59.79400000000054,4.999964508872803,0.28522899252512895,3.643904414682981,4.9005977045229905,0.2182993537830983,0.19602390818091078
59.81400000000054,9.0,59.81400000000054,4.999964508872802,0.2852289925252602,3.6439044146823156,4.900597704522399,0.21829935378264004,0.1960239081809074
59.83400000000054,9.0,59.83400000000054,4.999964508872802,0.2852289925255547,3.6439044146834147,4.900597704523356,0.21829935378272616,0.19602390818091964
59.85400000000055,9.0,59.85400000000055,4.999964508872803,0.2852289925252923,3.6439044146824453,4.900597704522491,0.21829935378225723,0.1960239081809083
59.874000000000564,9.0,59.874000000000564,4.999964508872802,0.28522899252537137,3.64390441468255,4.90059770452256,0.21829935378239268,0.19602390818090473
59.89400000000057,9.0,59.89400000000057,4.999964508872804,0.28522899252530926,3.643904414682578,4.900597704522588,0.21829935378262494,0.19602390818091955
59.895000000000564,9.0,59.895000000000564,4.999964508872812,0.28522899252473166,3.6439044146620923,4.9005977043267,0.2182993534903517,0.19602390816870047
59.91100000000056,9.0,59.91100000000056,4.999964508872813,0.2852289925265527,3.643904414699936,4.90059770467855,0.2182993539716215,0.1960239081881412
59.931000000000566,9.0,59.931000000000566,4.999964508872803,0.285228992526035,3.643904414683503,4.900597704535587,0.2182993537854589,0.19602390818082896
59.951000000000576,9.0,59.951000000000576,4.999964508872803,0.2852289925256091,3.643904414683146,4.900597704523505,0.21829935377913634,0.19602390818092716
59.971000000000586,9.0,59.971000000000586,4.999964508872805,0.28522899252570477,3.643904414682599,4.900597704521701,0.21829935378761411,0.1960239081814989
59.99100000000059,9.0,59.99100000000059,4.999964508872802,0.2852289925255041,3.6439044146835853,4.900597704537555,0.21829935378970777,0.1960239081815346
60.01100000000059,9.0,60.01100000000059,4.999964508872802,0.2852289925255613,3.6439044146826762,4.900597704519343,0.21829935377567364,0.19602390818073814
60.0310000000006,9.0,60.0310000000006,4.999964508872803,0.2852289925254889,3.6439044146829263,4.900597704522171,0.21829935378195658,0.19602390818090026
60.05100000000061,9.0,60.05100000000061,4.999964508872803,0.2852289925257933,3.6439044146829827,4.900597704522987,0.21829935378284251,0.19602390818091228
60.071000000000616,9.0,60.071000000000616,4.999964508872804,0.28522899252499273,3.6439044146830484,4.9005977045230855,0.2182993537826467,0.19602390818091553
60.09100000000062,9.0,60.09100000000062,4.999964508872802,0.2852289925251253,3.6439044146821655,4.900597704522183,0.21829935378245618,0.19602390818091686
60.11100000000063,9.0,60.11100000000063,4.999964508872802,0.28522899252575634,3.643904414683128,4.900597704523042,0.21829935378251566,0.19602390818090332
60.13100000000064,9.0,60.13100000000064,4.999964508872802,0.2852289925253972,3.643904414682936,4.900597704522972,0.21829935378230741,0.19602390818090265
60.15100000000064,9.0,60.15100000000064,4.999964508872805,0.28522899252555317,3.643904414681805,4.900597704521828,0.21829935378252902,0.19602390818092577
60.15200000000064,9.0,60.15200000000064,4.99996450887281,0.285228992524599,3.643904414662335,4.900597704326758,0.21829935349091034,0.19602390816871362
60.168000000000646,9.0,60.168000000000646,4.999964508872812,0.2852289925255325,3.643904414700518,4.900597704679298,0.21829935397184666,0.19602390818815546
60.18800000000064,9.0,60.18800000000064,4.999964508872805,0.28522899252601996,3.643904414683236,4.900597704535373,0.21829935378517423,0.19602390818082627
60.20800000000065,9.0,60.20800000000065,4.999964508872803,0.28522899252571676,3.6439044146831345,4.900597704523531,0.21829935377898668,0.19602390818091692
60.22800000000066,9.0,60.22800000000066,4.999964508872805,0.28522899252592887,3.6439044146820225,4.900597704521117,0.2182993537876763,0.19602390818150464
60.248000000000665,9.0,60.248000000000665,4.999964508872803,0.28522899252592115,3.6439044146835013,4.900597704537524,0.21829935378996712,0.19602390818154017
60.26800000000067,9.0,60.26800000000067,4.999964508872803,0.28522899252570855,3.6439044146820523,4.900597704518751,0.2182993537757318,0.19602390818073676
60.28800000000068,9.0,60.28800000000068,4.999964508872802,0.28522899252542466,3.643904414682651,4.900597704521953,0.2182993537815991,0.19602390818085272
60.30800000000069,9.0,60.30800000000069,4.999964508872804,0.28522899252526396,3.643904414682878,4.900597704522928,0.21829935378319157,0.19602390818093088
60.32800000000069,9.0,60.32800000000069,4.999964508872802,0.28522899252555484,3.643904414682775,4.900597704522812,0.2182993537828763,0.19602390818093107
60.348000000000695,9.0,60.348000000000695,4.999964508872804,0.2852289925257042,3.6439044146830843,4.900597704523089,0.21829935378234916,0.1960239081809
60.368000000000706,9.0,60.368000000000706,4.999964508872803,0.2852289925256776,3.6439044146826753,4.900597704522625,0.21829935378244286,0.1960239081809202
60.388000000000716,9.0,60.388000000000716,4.999964508872802,0.28522899252571954,3.6439044146826474,4.9005977045226246,0.21829935378235538,0.19602390818090318
60.40800000000072,9.0,60.40800000000072,4.999964508872805,0.28522899252526834,3.6439044146829525,4.9005977045228795,0.21829935378261162,0.1960239081809208
60.40900000000072,9.0,60.40900000000072,4.999964508872812,0.2852289925244781,3.6439044146608834,4.9005977043257465,0.21829935349019453,0.19602390816870136
60.42500000000072,9.0,60.42500000000072,4.999964508872813,0.28522899252613976,3.643904414700669,4.900597704678957,0.21829935397137634,0.19602390818809948
60.44500000000073,9.0,60.44500000000073,4.999964508872805,0.2852289925261646,3.6439044146831328,4.900597704535285,0.21829935378527815,0.19602390818080248
60.46500000000073,9.0,60.46500000000073,4.999964508872803,0.2852289925263085,3.6439044146834734,4.900597704523825,0.2182993537793881,0.19602390818093582
60.48500000000074,9.0,60.48500000000074,4.9999645088728,0.2852289925260071,3.6439044146820603,4.900597704521202,0.21829935378750442,0.19602390818149493
60.50500000000074,9.0,60.50500000000074,4.999964508872804,0.2852289925255288,3.6439044146839192,4.9005977045378755,0.2182993537896052,0.19602390818151477
60.525000000000745,9.0,60.525000000000745,4.999964508872804,0.28522899252517375,3.643904414682905,4.900597704519593,0.2182993537758033,0.19602390818075427
60.545000000000755,9.0,60.545000000000755,4.999964508872802,0.2852289925254978,3.6439044146824204,4.900597704521727,0.21829935378188908,0.1960239081809038
60.565000000000765,9.0,60.565000000000765,4.999964508872803,0.28522899252547934,3.643904414682523,4.900597704522503,0.2182993537831392,0.1960239081809279
60.58500000000077,9.0,60.58500000000077,4.999964508872803,0.2852289925254417,3.6439044146830546,4.9005977045230775,0.21829935378268575,0.1960239081809018
60.60500000000077,9.0,60.60500000000077,4.999964508872802,0.28522899252592043,3.6439044146827198,4.900597704522715,0.21829935378271997,0.19602390818093385
60.62500000000078,9.0,60.62500000000078,4.999964508872805,0.2852289925254876,3.6439044146832744,4.9005977045232525,0.21829935378268045,0.1960239081809315
60.64500000000079,9.0,60.64500000000079,4.999964508872803,0.2852289925258743,3.643904414683263,4.900597704523282,0.21829935378249304,0.1960239081809293
60.665000000000795,9.0,60.665000000000795,4.9999645088728055,0.28522899252555045,3.6439044146830706,4.900597704523069,0.21829935378215376,0.19602390818090548
60.66600000000079,9.0,60.66600000000079,4.999964508872812,0.28522899252490624,3.6439044146618973,4.900597704326615,0.2182993534904725,0.19602390816872764
60.6820000000008,9.0,60.6820000000008,4.999964508872812,0.2852289925257402,3.6439044146999207,4.900597704678397,0.21829935397167968,0.1960239081881481
60.70200000000081,9.0,60.70200000000081,4.999964508872805,0.285228992525948,3.6439044146829977,4.9005977045351035,0.21829935378528836,0.1960239081808051
60.72200000000081,9.0,60.72200000000081,4.999964508872804,0.28522899252593326,3.643904414683532,4.900597704523876,0.21829935377929663,0.1960239081809222
60.742000000000814,9.0,60.742000000000814,4.999964508872802,0.2852289925257819,3.643904414682724,4.900597704521848,0.2182993537874005,0.19602390818148516
60.76200000000082,9.0,60.76200000000082,4.999964508872803,0.2852289925254806,3.643904414683851,4.9005977045378355,0.21829935378966292,0.1960239081815374
60.78200000000082,9.0,60.78200000000082,4.999964508872802,0.2852289925257015,3.6439044146822837,4.9005977045189635,0.21829935377549334,0.19602390818073281
60.80200000000083,9.0,60.80200000000083,4.999964508872804,0.28522899252537137,3.6439044146826234,4.900597704521852,0.21829935378170434,0.19602390818087123
60.82200000000084,9.0,60.82200000000084,4.9999645088728055,0.28522899252551825,3.6439044146831523,4.9005977045231415,0.2182993537829269,0.1960239081809074
60.842000000000844,9.0,60.842000000000844,4.999964508872805,0.2852289925252841,3.643904414682757,4.900597704522728,0.21829935378278126,0.19602390818092758
60.86200000000085,9.0,60.86200000000085,4.999964508872805,0.2852289925253711,3.6439044146826616,4.900597704522607,0.21829935378275683,0.1960239081809334
60.88200000000086,9.0,60.88200000000086,4.999964508872805,0.2852289925253242,3.6439044146826367,4.9005977045226485,0.21829935378239357,0.19602390818090207
60.90200000000087,9.0,60.90200000000087,4.9999645088728055,0.28522899252564277,3.6439044146827206,4.900597704522696,0.21829935378248594,0.1960239081809104
60.92200000000087,9.0,60.92200000000087,4.999964508872804,0.2852289925257879,3.6439044146829107,4.900597704522873,0.21829935378268844,0.19602390818092885
60.92300000000087,9.0,60.92300000000087,4.999964508872812,0.2852289925249465,3.643904414661839,4.900597704326522,0.21829935349059418,0.19602390816871865
60.939000000000874,9.0,60.939000000000874,4.999964508872815,0.2852289925259162,3.6439044147001165,4.900597704678646,0.21829935397139058,0.19602390818812276
60.959000000000884,9.0,60.959000000000884,4.999964508872806,0.28522899252616934,3.6439044146829134,4.900597704535099,0.21829935378547977,0.19602390818082793
60.97900000000089,9.0,60.97900000000089,4.999964508872803,0.2852289925259825,3.643904414683558,4.900597704523896,0.21829935377935125,0.19602390818093038
60.9990000000009,9.0,60.9990000000009,4.999964508872804,0.28522899252567424,3.643904414682731,4.900597704521832,0.2182993537873108,0.1960239081814792
61.019000000000894,9.0,61.019000000000894,4.9999645088728055,0.2852289925248572,3.64390441468328,4.900597704537265,0.21829935378968335,0.19602390818153903
61.0390000000009,9.0,61.0390000000009,4.999964508872804,0.285228992525397,3.643904414681945,4.900597704518601,0.21829935377589568,0.19602390818075083
61.05900000000091,9.0,61.05900000000091,4.999964508872801,0.28522899252510797,3.6439044146826443,4.9005977045219415,0.21829935378203252,0.1960239081808838
61.07900000000092,9.0,61.07900000000092,4.999964508872804,0.2852289925253759,3.6439044146825026,4.900597704522547,0.2182993537829429,0.19602390818090737
61.09900000000092,9.0,61.09900000000092,4.999964508872802,0.2852289925253486,3.6439044146823893,4.900597704522394,0.21829935378293625,0.19602390818092502
61.11900000000092,9.0,61.11900000000092,4.999964508872803,0.2852289925259624,3.6439044146820603,4.900597704522001,0.21829935378265958,0.1960239081809113
61.139000000000934,9.0,61.139000000000934,4.999964508872804,0.2852289925256899,3.643904414683242,4.900597704523196,0.21829935378275458,0.19602390818091248
61.159000000000944,9.0,61.159000000000944,4.999964508872803,0.2852289925256228,3.643904414682837,4.900597704522862,0.21829935378238957,0.19602390818091198
61.17900000000095,9.0,61.17900000000095,4.999964508872805,0.2852289925255353,3.64390441468279,4.900597704522752,0.21829935378244464,0.19602390818091756
61.180000000000945,9.0,61.180000000000945,4.99996450887281,0.28522899252468303,3.6439044146618946,4.900597704326572,0.21829935349052845,0.19602390816871737
61.19600000000095,9.0,61.19600000000095,4.999964508872809,0.2852289925256969,3.6439044146994815,4.900597704678089,0.21829935397146652,0.19602390818812918
61.21600000000096,9.0,61.21600000000096,4.999964508872804,0.28522899252596245,3.643904414683163,4.900597704535267,0.21829935378563298,0.1960239081808277
61.23600000000096,9.0,61.23600000000096,4.9999645088728055,0.28522899252566564,3.643904414683566,4.900597704523927,0.21829935377928508,0.19602390818092472
61.256000000000974,9.0,61.256000000000974,4.999964508872805,0.2852289925253547,3.6439044146824107,4.90059770452147,0.21829935378738186,0.19602390818148682
61.27600000000098,9.0,61.27600000000098,4.999964508872803,0.2852289925256956,3.643904414683842,4.9005977045378915,0.21829935378965226,0.19602390818152707
61.29600000000097,9.0,61.29600000000097,4.999964508872804,0.28522899252540485,3.6439044146821633,4.900597704518875,0.21829935377566387,0.19602390818074555
61.31600000000098,9.0,61.31600000000098,4.999964508872805,0.28522899252509654,3.6439044146831976,4.900597704522472,0.2182993537818016,0.19602390818087703
61.33600000000099,9.0,61.33600000000099,4.999964508872805,0.2852289925251421,3.643904414683118,4.900597704523147,0.2182993537827866,0.1960239081809121
61.356000000000996,9.0,61.356000000000996,4.9999645088728055,0.2852289925258343,3.6439044146827593,4.900597704522799,0.21829935378265558,0.19602390818092272
61.376000000001,9.0,61.376000000001,4.999964508872805,0.2852289925254489,3.6439044146827055,4.900597704522701,0.21829935378238158,0.19602390818090454
61.39600000000101,9.0,61.39600000000101,4.999964508872802,0.28522899252537814,3.643904414682913,4.900597704522868,0.21829935378265114,0.19602390818092677
61.41600000000102,9.0,61.41600000000102,4.9999645088728055,0.2852289925256503,3.643904414683117,4.900597704523077,0.21829935378242643,0.19602390818091203
61.43600000000102,9.0,61.43600000000102,4.999964508872801,0.2852289925249932,3.6439044146830537,4.900597704523062,0.2182993537825188,0.1960239081809269
61.43700000000102,9.0,61.43700000000102,4.99996450887281,0.28522899252471934,3.643904414662214,4.900597704326893,0.21829935349064036,0.19602390816873028
61.453000000001026,9.0,61.453000000001026,4.999964508872812,0.2852289925259434,3.643904414700814,4.90059770467935,0.21829935397149405,0.1960239081881421
61.473000000001036,9.0,61.473000000001036,4.999964508872806,0.2852289925256889,3.6439044146832287,4.900597704535405,0.218299353784898,0.19602390818080165
61.49300000000104,9.0,61.49300000000104,4.999964508872805,0.285228992525376,3.643904414683463,4.9005977045238,0.21829935377925536,0.1960239081809374
61.51300000000105,9.0,61.51300000000105,4.999964508872804,0.2852289925254132,3.643904414682165,4.90059770452127,0.21829935378751064,0.19602390818149676
61.53300000000105,9.0,61.53300000000105,4.999964508872805,0.28522899252547373,3.643904414683947,4.900597704537955,0.21829935378957677,0.19602390818151336
61.55300000000106,9.0,61.55300000000106,4.999964508872805,0.2852289925256037,3.643904414682708,4.900597704519349,0.2182993537755111,0.19602390818073165
61.57300000000106,9.0,61.57300000000106,4.999964508872805,0.2852289925255641,3.6439044146822583,4.900597704521489,0.2182993537818811,0.19602390818089685
61.59300000000107,9.0,61.59300000000107,4.999964508872803,0.2852289925252535,3.6439044146826594,4.900597704522676,0.21829935378302193,0.19602390818090926
61.61300000000107,9.0,61.61300000000107,4.9999645088728055,0.285228992525556,3.643904414683211,4.90059770452323,0.21829935378284163,0.1960239081809174
61.633000000001076,9.0,61.633000000001076,4.9999645088728055,0.2852289925255123,3.6439044146831403,4.900597704523132,0.21829935378231674,0.19602390818090537
61.653000000001086,9.0,61.653000000001086,4.999964508872805,0.28522899252604617,3.643904414683044,4.900597704523045,0.21829935378217996,0.19602390818090243
61.673000000001096,9.0,61.673000000001096,4.999964508872805,0.28522899252527706,3.6439044146832504,4.900597704523213,0.21829935378222926,0.19602390818090523
61.6930000000011,9.0,61.6930000000011,4.9999645088728055,0.2852289925251218,3.6439044146827086,4.900597704522735,0.21829935378217286,0.1960239081809037
61.6940000000011,9.0,61.6940000000011,4.999964508872812,0.28522899252436806,3.643904414662341,4.900597704326925,0.21829935349063237,0.19602390816872542
61.7100000000011,9.0,61.7100000000011,4.9999645088728135,0.2852289925259993,3.6439044147007382,4.900597704679336,0.21829935397135994,0.19602390818813306
61.73000000000111,9.0,61.73000000000111,4.999964508872805,0.28522899252585615,3.643904414683549,4.900597704535619,0.21829935378489712,0.19602390818080292
61.750000000001116,9.0,61.750000000001116,4.999964508872804,0.2852289925256757,3.643904414683666,4.900597704524034,0.21829935377901022,0.19602390818092333
61.770000000001126,9.0,61.770000000001126,4.999964508872805,0.28522899252552114,3.643904414682221,4.900597704521354,0.21829935378752308,0.19602390818150647
61.79000000000113,9.0,61.79000000000113,4.999964508872805,0.2852289925254601,3.6439044146838784,4.900597704537871,0.21829935378960963,0.19602390818152082
61.81000000000114,9.0,61.81000000000114,4.999964508872805,0.2852289925260065,3.6439044146821526,4.900597704518835,0.21829935377555107,0.1960239081807336
61.83000000000114,9.0,61.83000000000114,4.999964508872805,0.28522899252526296,3.6439044146827717,4.900597704522043,0.21829935378141035,0.19602390818084195
61.850000000001145,9.0,61.850000000001145,4.9999645088728055,0.2852289925254347,3.643904414682461,4.900597704522478,0.21829935378320714,0.19602390818093532
61.87000000000115,9.0,61.87000000000115,4.999964508872804,0.285228992525466,3.643904414683022,4.900597704523013,0.21829935378307658,0.196023908180936
61.89000000000115,9.0,61.89000000000115,4.999964508872805,0.28522899252534945,3.6439044146833854,4.90059770452337,0.21829935378258764,0.19602390818092144
61.91000000000116,9.0,61.91000000000116,4.999964508872805,0.2852289925255892,3.643904414682806,4.9005977045227915,0.21829935378246995,0.19602390818093127
61.93000000000117,9.0,61.93000000000117,4.999964508872805,0.28522899252610134,3.6439044146827375,4.900597704522732,0.21829935378255033,0.19602390818092721
61.950000000001175,9.0,61.950000000001175,4.999964508872805,0.28522899252532974,3.6439044146832544,4.9005977045232,0.2182993537823696,0.19602390818090523
61.95100000000118,9.0,61.95100000000118,4.999964508872812,0.2852289925246031,3.6439044146617774,4.900597704326541,0.21829935349011279,0.19602390816870713
61.96700000000118,9.0,61.96700000000118,4.999964508872815,0.28522899252587286,3.6439044147001125,4.90059770467853,0.2182993539713746,0.19602390818812407
61.98700000000119,9.0,61.98700000000119,4.9999645088728055,0.28522899252608525,3.6439044146837727,4.900597704535865,0.21829935378542603,0.19602390818081916
62.00700000000119,9.0,62.00700000000119,4.999964508872802,0.2852289925258885,3.6439044146833086,4.900597704523638,0.2182993537790901,0.19602390818092688
62.0270000000012,9.0,62.0270000000012,4.9999645088728055,0.2852289925255052,3.6439044146824346,4.900597704521625,0.21829935378720733,0.19602390818146934
62.047000000001205,9.0,62.047000000001205,4.999964508872805,0.28522899252582135,3.643904414683624,4.90059770453767,0.2182993537897593,0.19602390818153823
62.067000000001215,9.0,62.067000000001215,4.999964508872801,0.28522899252534706,3.6439044146821886,4.900597704518862,0.21829935377589257,0.19602390818075932
62.08700000000122,9.0,62.08700000000122,4.999964508872802,0.2852289925259759,3.643904414682962,4.900597704522244,0.21829935378210624,0.19602390818090049
62.10700000000123,9.0,62.10700000000123,4.9999645088728055,0.2852289925253643,3.643904414682965,4.900597704523035,0.21829935378296553,0.19602390818092055
62.127000000001225,9.0,62.127000000001225,4.999964508872805,0.2852289925257406,3.643904414682767,4.900597704522812,0.21829935378261028,0.19602390818091384
62.14700000000123,9.0,62.14700000000123,4.999964508872805,0.28522899252552797,3.6439044146827837,4.900597704522784,0.21829935378250948,0.1960239081809146
62.16700000000124,9.0,62.16700000000124,4.9999645088728055,0.2852289925255402,3.643904414682889,4.900597704522854,0.21829935378242155,0.19602390818090978
62.18700000000125,9.0,62.18700000000125,4.999964508872805,0.2852289925255453,3.6439044146825332,4.9005977045225055,0.21829935378267423,0.19602390818093343
62.20700000000125,9.0,62.20700000000125,4.999964508872805,0.2852289925257751,3.6439044146830026,4.900597704522966,0.2182993537825188,0.1960239081809112
62.208000000001256,9.0,62.208000000001256,4.999964508872812,0.28522899252487516,3.6439044146621327,4.900597704326764,0.21829935349045207,0.1960239081687132
62.224000000001254,9.0,62.224000000001254,4.999964508872817,0.28522899252618283,3.643904414701191,4.900597704679659,0.21829935397122224,0.1960239081881181
62.244000000001265,9.0,62.244000000001265,4.9999645088728055,0.28522899252574163,3.643904414683131,4.900597704535315,0.21829935378489712,0.19602390818080825
62.26400000000127,9.0,62.26400000000127,4.9999645088728055,0.2852289925255438,3.6439044146837043,4.900597704524053,0.21829935377911677,0.1960239081809265
62.28400000000128,9.0,62.28400000000128,4.999964508872805,0.28522899252578027,3.643904414682212,4.900597704521387,0.21829935378756793,0.1960239081815087
62.30400000000128,9.0,62.30400000000128,4.9999645088728055,0.2852289925252699,3.6439044146842043,4.900597704538198,0.21829935378981302,0.19602390818153875
62.32400000000129,9.0,62.32400000000129,4.999964508872805,0.28522899252525,3.643904414682726,4.900597704519441,0.2182993537755906,0.19602390818074636
62.344000000001294,9.0,62.344000000001294,4.9999645088728055,0.28522899252548745,3.6439044146821935,4.900597704521446,0.21829935378128912,0.19602390818085147
62.364000000001305,9.0,62.364000000001305,4.999964508872805,0.2852289925258692,3.643904414682595,4.900597704522605,0.21829935378307344,0.19602390818091336
62.38400000000131,9.0,62.38400000000131,4.999964508872805,0.28522899252549794,3.643904414682774,4.900597704522806,0.2182993537828159,0.19602390818091267
62.404000000001304,9.0,62.404000000001304,4.9999645088728055,0.2852289925254023,3.6439044146828308,4.900597704522845,0.2182993537827515,0.19602390818092955
62.424000000001314,9.0,62.424000000001314,4.999964508872804,0.28522899252560135,3.6439044146828405,4.900597704522808,0.2182993537824775,0.19602390818091578
62.444000000001324,9.0,62.444000000001324,4.999964508872805,0.2852289925254895,3.6439044146828223,4.900597704522849,0.21829935378234916,0.19602390818090584
62.46400000000133,9.0,62.46400000000133,4.999964508872806,0.28522899252551787,3.6439044146830994,4.900597704523116,0.2182993537823283,0.19602390818090462
62.46500000000133,9.0,62.46500000000133,4.999964508872813,0.28522899252468537,3.643904414661634,4.9005977043264,0.21829935349012433,0.1960239081687071
62.48100000000133,9.0,62.48100000000133,4.999964508872812,0.28522899252621076,3.6439044146999793,4.9005977046783835,0.21829935397163883,0.196023908188138
62.50100000000135,9.0,62.50100000000135,4.999964508872807,0.28522899252560574,3.6439044146837833,4.900597704535937,0.21829935378520754,0.19602390818079488
62.52100000000135,9.0,62.52100000000135,4.999964508872805,0.2852289925253901,3.6439044146833224,4.900597704523592,0.2182993537793268,0.1960239081809468
62.54100000000136,9.0,62.54100000000136,4.999964508872806,0.28522899252564715,3.643904414682535,4.900597704521695,0.2182993537873108,0.1960239081814771
62.56100000000137,9.0,62.56100000000137,4.9999645088728055,0.28522899252564127,3.643904414683618,4.9005977045376214,0.2182993537893969,0.1960239081815093
62.581000000001374,9.0,62.581000000001374,4.999964508872801,0.28522899252587536,3.643904414682343,4.900597704519021,0.21829935377590456,0.1960239081807596
62.60100000000137,9.0,62.60100000000137,4.999964508872804,0.2852289925252893,3.643904414683479,4.900597704522711,0.21829935378157422,0.19602390818085946
62.62100000000138,9.0,62.62100000000138,4.9999645088728055,0.2852289925256483,3.6439044146827726,4.900597704522795,0.21829935378290027,0.1960239081809292
62.641000000001384,9.0,62.641000000001384,4.999964508872805,0.28522899252563244,3.643904414682302,4.9005977045223315,0.2182993537826569,0.1960239081809154
62.661000000001394,9.0,62.661000000001394,4.999964508872805,0.2852289925260605,3.6439044146826496,4.900597704522637,0.21829935378288828,0.19602390818093152
62.6810000000014,9.0,62.6810000000014,4.999964508872806,0.28522899252547934,3.643904414682968,4.9005977045230225,0.21829935378262316,0.19602390818091794
62.70100000000141,9.0,62.70100000000141,4.9999645088728055,0.2852289925252156,3.6439044146825603,4.900597704522533,0.21829935378234872,0.19602390818090873
62.72100000000141,9.0,62.72100000000141,4.9999645088728055,0.2852289925255844,3.6439044146823445,4.900597704522319,0.2182993537825459,0.19602390818091592
62.72200000000141,9.0,62.72200000000141,4.999964508872813,0.28522899252508044,3.643904414661998,4.9005977043264854,0.21829935349064924,0.19602390816870838
62.73800000000142,9.0,62.73800000000142,4.999964508872814,0.2852289925255344,3.6439044147006454,4.900597704679255,0.21829935397180533,0.19602390818814663
62.758000000001424,9.0,62.758000000001424,4.999964508872806,0.28522899252601236,3.6439044146834956,4.900597704535694,0.2182993537852213,0.19602390818082258
62.77800000000143,9.0,62.77800000000143,4.999964508872806,0.28522899252554684,3.6439044146837367,4.900597704524128,0.21829935377929485,0.19602390818094864
62.79800000000144,9.0,62.79800000000144,4.9999645088728055,0.28522899252510464,3.6439044146828072,4.900597704521922,0.21829935378726373,0.19602390818148835
62.81800000000145,9.0,62.81800000000145,4.999964508872806,0.285228992525895,3.6439044146835045,4.90059770453748,0.21829935378945686,0.19602390818152493
62.83800000000145,9.0,62.83800000000145,4.999964508872805,0.2852289925256447,3.6439044146824524,4.900597704519092,0.21829935377550977,0.19602390818072457
62.858000000001454,9.0,62.858000000001454,4.999964508872806,0.28522899252588,3.643904414682631,4.900597704521891,0.21829935378194015,0.196023908180891
62.87800000000146,9.0,62.87800000000146,4.9999645088728055,0.2852289925260465,3.643904414682606,4.900597704522655,0.21829935378309567,0.19602390818092313
62.89800000000146,9.0,62.89800000000146,4.999964508872805,0.2852289925257168,3.643904414682908,4.900597704522926,0.21829935378283766,0.19602390818091958
62.91800000000147,9.0,62.91800000000147,4.9999645088728055,0.28522899252536466,3.643904414682925,4.9005977045229185,0.2182993537827071,0.19602390818093046
62.93800000000147,9.0,62.93800000000147,4.999964508872805,0.2852289925255386,3.643904414682735,4.900597704522703,0.2182993537824664,0.19602390818091806
62.95800000000148,9.0,62.95800000000148,4.9999645088728055,0.2852289925252187,3.6439044146828503,4.900597704522866,0.21829935378262805,0.19602390818092716
62.97800000000149,9.0,62.97800000000149,4.999964508872804,0.2852289925252811,3.6439044146826456,4.900597704522649,0.2182993537823314,0.19602390818090434
62.97900000000149,9.0,62.97900000000149,4.999964508872812,0.28522899252448725,3.6439044146616713,4.90059770432634,0.21829935349030374,0.19602390816870416
62.9950000000015,9.0,62.9950000000015,4.999964508872816,0.28522899252608797,3.6439044147003856,4.900597704678896,0.21829935397142344,0.19602390818811935
63.0150000000015,9.0,63.0150000000015,4.999964508872807,0.28522899252587064,3.6439044146836883,4.9005977045358,0.21829935378522797,0.19602390818080964
63.0350000000015,9.0,63.0350000000015,4.9999645088728055,0.2852289925264039,3.6439044146835426,4.900597704523965,0.2182993537790755,0.19602390818092738
63.05500000000151,9.0,63.05500000000151,4.999964508872807,0.285228992525782,3.643904414682102,4.900597704521252,0.21829935378756926,0.1960239081815094
63.07500000000152,9.0,63.07500000000152,4.999964508872805,0.2852289925258524,3.643904414683494,4.900597704537467,0.21829935378989251,0.19602390818154203
63.09500000000153,9.0,63.09500000000153,4.9999645088728055,0.28522899252516754,3.643904414681985,4.900597704518694,0.2182993537756883,0.19602390818073331
63.11500000000153,9.0,63.11500000000153,4.9999645088728055,0.2852289925253687,3.643904414682513,4.90059770452178,0.21829935378187665,0.1960239081808739
63.13500000000154,9.0,63.13500000000154,4.999964508872805,0.28522899252497463,3.643904414683192,4.900597704523212,0.21829935378324397,0.19602390818092963
63.155000000001536,9.0,63.155000000001536,4.999964508872803,0.2852289925258026,3.643904414682924,4.900597704522927,0.21829935378250193,0.19602390818090548
63.175000000001546,9.0,63.175000000001546,4.999964508872804,0.2852289925257976,3.6439044146829307,4.900597704522948,0.21829935378262982,0.19602390818092919
63.19500000000155,9.0,63.19500000000155,4.999964508872806,0.28522899252557704,3.6439044146832034,4.90059770452319,0.21829935378235893,0.19602390818091064
63.21500000000156,9.0,63.21500000000156,4.999964508872805,0.2852289925250432,3.6439044146830053,4.900597704522972,0.21829935378255655,0.19602390818093463
63.23500000000156,9.0,63.23500000000156,4.9999645088728055,0.28522899252550155,3.6439044146821336,4.900597704522127,0.21829935378221993,0.19602390818090193
63.23600000000157,9.0,63.23600000000157,4.999964508872812,0.2852289925247245,3.6439044146620607,4.900597704326571,0.21829935349085441,0.1960239081687189
63.25200000000157,9.0,63.25200000000157,4.999964508872815,0.2852289925258777,3.6439044147007014,4.900597704679293,0.21829935397151048,0.19602390818812912
63.272000000001576,9.0,63.272000000001576,4.999964508872806,0.28522899252568346,3.6439044146831874,4.900597704535349,0.21829935378492288,0.19602390818079976
63.29200000000158,9.0,63.29200000000158,4.9999645088728055,0.2852289925254958,3.6439044146831128,4.900597704523415,0.21829935377909815,0.1960239081809231
63.31200000000159,9.0,63.31200000000159,4.999964508872807,0.285228992525601,3.6439044146820003,4.900597704521118,0.21829935378749377,0.19602390818148516
63.3320000000016,9.0,63.3320000000016,4.999964508872806,0.2852289925254931,3.6439044146831803,4.90059770453713,0.2182993537898037,0.1960239081815253
63.3520000000016,9.0,63.3520000000016,4.999964508872803,0.2852289925255788,3.643904414682598,4.900597704519243,0.2182993537759139,0.19602390818074134
63.372000000001606,9.0,63.372000000001606,4.999964508872807,0.28522899252534983,3.6439044146824218,4.900597704521688,0.21829935378205428,0.1960239081809014
63.392000000001616,9.0,63.392000000001616,4.9999645088728055,0.2852289925256008,3.6439044146826993,4.900597704522682,0.21829935378323823,0.1960239081809315
63.412000000001626,9.0,63.412000000001626,4.9999645088728055,0.2852289925254736,3.6439044146833015,4.900597704523289,0.21829935378271373,0.19602390818090898
63.43200000000162,9.0,63.43200000000162,4.999964508872804,0.2852289925254829,3.6439044146829414,4.90059770452295,0.2182993537824131,0.1960239081809159
63.452000000001625,9.0,63.452000000001625,4.9999645088728055,0.2852289925252959,3.643904414683076,4.9005977045230855,0.21829935378248327,0.19602390818092374
63.472000000001636,9.0,63.472000000001636,4.999964508872806,0.28522899252552225,3.6439044146825506,4.900597704522541,0.21829935378247395,0.1960239081809255
63.49200000000164,9.0,63.49200000000164,4.999964508872806,0.2852289925254923,3.6439044146830857,4.900597704523072,0.21829935378251214,0.19602390818091395
63.49300000000164,9.0,63.49300000000164,4.999964508872815,0.2852289925246146,3.6439044146621278,4.900597704326818,0.21829935349034282,0.19602390816871243
63.50900000000165,9.0,63.50900000000165,4.999964508872817,0.28522899252599143,3.643904414700124,4.900597704678671,0.2182993539714785,0.19602390818813825
63.52900000000165,9.0,63.52900000000165,4.999964508872807,0.2852289925257333,3.6439044146830786,4.90059770453519,0.21829935378523552,0.19602390818081347
63.549000000001655,9.0,63.549000000001655,4.999964508872805,0.2852289925254278,3.643904414683276,4.900597704523645,0.2182993537794294,0.1960239081809411
63.569000000001665,9.0,63.569000000001665,4.999964508872808,0.2852289925258077,3.643904414682067,4.9005977045211555,0.21829935378765453,0.19602390818150228
63.589000000001676,9.0,63.589000000001676,4.999964508872806,0.28522899252545614,3.6439044146834307,4.900597704537354,0.21829935378993603,0.19602390818153934
63.60900000000168,9.0,63.60900000000168,4.999964508872805,0.2852289925256701,3.6439044146821695,4.900597704518853,0.2182993537758011,0.19602390818073884
63.62900000000168,9.0,63.62900000000168,4.9999645088728055,0.28522899252566736,3.643904414682782,4.900597704522068,0.2182993537819486,0.19602390818088375
63.64900000000169,9.0,63.64900000000169,4.999964508872807,0.28522899252556694,3.6439044146828565,4.900597704522866,0.2182993537831174,0.1960239081809284
63.6690000000017,9.0,63.6690000000017,4.999964508872807,0.28522899252562367,3.6439044146827,4.900597704522706,0.21829935378270487,0.19602390818091603
63.689000000001705,9.0,63.689000000001705,4.999964508872804,0.2852289925255189,3.643904414681837,4.900597704521855,0.2182993537824251,0.19602390818090304
63.7090000000017,9.0,63.7090000000017,4.9999645088728055,0.28522899252552075,3.6439044146831074,4.900597704523047,0.21829935378268842,0.19602390818090576
63.72900000000171,9.0,63.72900000000171,4.999964508872804,0.285228992525445,3.643904414682712,4.9005977045227365,0.2182993537825894,0.19602390818092352
63.749000000001715,9.0,63.749000000001715,4.999964508872807,0.2852289925250112,3.6439044146825808,4.900597704522545,0.21829935378263693,0.19602390818092846
63.75000000000172,9.0,63.75000000000172,4.999964508872814,0.28522899252486467,3.643904414662381,4.900597704326931,0.2182993534907718,0.19602390816872065
63.766000000001725,9.0,63.766000000001725,4.999964508872815,0.2852289925255555,3.643904414700508,4.900597704679096,0.21829935397181247,0.19602390818816137
63.78600000000173,9.0,63.78600000000173,4.999964508872807,0.2852289925259665,3.6439044146832305,4.90059770453536,0.21829935378520265,0.1960239081808249
63.80600000000173,9.0,63.80600000000173,4.999964508872806,0.28522899252581874,3.643904414683469,4.90059770452382,0.21829935377927578,0.19602390818093857
63.82600000000174,9.0,63.82600000000174,4.999964508872807,0.28522899252513645,3.643904414682178,4.90059770452128,0.21829935378728327,0.19602390818147838
63.84600000000175,9.0,63.84600000000175,4.999964508872806,0.2852289925251635,3.6439044146838375,4.900597704537809,0.2182993537896838,0.19602390818152304
63.866000000001755,9.0,63.866000000001755,4.999964508872804,0.28522899252561945,3.643904414682016,4.900597704518684,0.21829935377575801,0.19602390818074875
63.88600000000176,9.0,63.88600000000176,4.999964508872806,0.28522899252573847,3.6439044146828192,4.900597704522053,0.2182993537820756,0.19602390818089369
63.90600000000177,9.0,63.90600000000177,4.999964508872807,0.2852289925253185,3.6439044146830546,4.900597704523046,0.21829935378307255,0.19602390818092302
63.92600000000178,9.0,63.92600000000178,4.999964508872806,0.28522899252556533,3.643904414682813,4.900597704522857,0.21829935378276527,0.19602390818092544
63.94600000000178,9.0,63.94600000000178,4.9999645088728055,0.28522899252528133,3.643904414682273,4.900597704522225,0.21829935378271997,0.19602390818093354
63.966000000001785,9.0,63.966000000001785,4.999964508872805,0.28522899252563777,3.6439044146825466,4.900597704522461,0.2182993537826276,0.19602390818091234
63.98600000000179,9.0,63.98600000000179,4.9999645088728055,0.28522899252548783,3.6439044146831825,4.900597704523197,0.21829935378264537,0.19602390818091542
64.00600000000179,9.0,64.00600000000179,4.999964508872806,0.2852289925253278,3.6439044146829804,4.900597704522983,0.21829935378249482,0.19602390818092422
64.0070000000018,9.0,64.0070000000018,4.999964508872815,0.28522899252509404,3.6439044146622237,4.9005977043268505,0.2182993534901483,0.19602390816870763
64.0230000000018,9.0,64.0230000000018,4.999964508872816,0.28522899252577133,3.6439044147008097,4.90059770467933,0.21829935397168723,0.19602390818815363
64.0430000000018,9.0,64.0430000000018,4.999964508872806,0.2852289925258969,3.643904414683692,4.900597704535826,0.2182993537850632,0.19602390818081458
64.06300000000181,9.0,64.06300000000181,4.9999645088728055,0.28522899252554657,3.643904414683003,4.900597704523391,0.21829935378645463,0.1960239081815574
64.08300000000182,9.0,64.08300000000182,4.999964508872808,0.28522899252567524,3.6439044146839468,4.900597704537179,0.21829935378753176,0.196023908181491
64.10300000000183,9.0,64.10300000000183,4.999964508872809,0.2852289925260049,3.6439044146819377,4.9005977045184554,0.21829935376812754,0.19602390818013601
64.12300000000184,9.0,64.12300000000184,4.999964508872806,0.28522899252579287,3.6439044146813857,4.900597704506487,0.21829935377460163,0.196023908180257
64.14300000000183,9.0,64.14300000000183,4.999964508872807,0.2852289925260618,3.643904414683052,4.9005977045263425,0.21829935379713353,0.19602390818167628
64.16300000000184,9.0,64.16300000000184,4.999964508872806,0.285228992525609,3.643904414683583,4.900597704538416,0.21829935379102938,0.1960239081815743
64.18300000000185,9.0,64.18300000000185,4.999964508872807,0.28522899252602185,3.643904414682291,4.9005977045189155,0.21829935377528328,0.19602390818074544
64.20300000000185,9.0,64.20300000000185,4.999964508872807,0.2852289925256908,3.643904414682323,4.900597704521558,0.21829935378153292,0.19602390818088
64.22300000000186,9.0,64.22300000000186,4.999964508872805,0.2852289925258194,3.643904414682599,4.900597704522601,0.2182993537831614,0.19602390818092835
64.24300000000187,9.0,64.24300000000187,4.999964508872807,0.2852289925257922,3.6439044146827677,4.900597704522815,0.2182993537829518,0.19602390818092644
64.26300000000187,9.0,64.26300000000187,4.999964508872809,0.28522899252544176,3.6439044146831674,4.900597704523155,0.21829935378253434,0.19602390818091167
64.26400000000187,9.0,64.26400000000187,4.999964508872814,0.2852289925247931,3.64390441466222,4.900597704326921,0.21829935349049115,0.19602390816871856
64.28000000000188,9.0,64.28000000000188,4.999964508872814,0.28522899252585715,3.643904414700199,4.900597704678731,0.21829935397161085,0.19602390818814996
64.30000000000189,9.0,64.30000000000189,4.9999645088728055,0.2852289925257612,3.6439044146835404,4.900597704535671,0.21829935378510407,0.1960239081808061
64.32000000000188,9.0,64.32000000000188,4.999964508872808,0.28522899252509504,3.643904414683598,4.900597704523992,0.21829935377921894,0.19602390818093757
64.3400000000019,9.0,64.3400000000019,4.999964508872807,0.28522899252536793,3.6439044146826753,4.9005977045217906,0.2182993537875182,0.1960239081815046
64.3600000000019,9.0,64.3600000000019,4.9999645088728055,0.2852289925257013,3.6439044146838437,4.900597704537813,0.21829935378934584,0.19602390818151047
64.3800000000019,9.0,64.3800000000019,4.999964508872807,0.2852289925262085,3.6439044146823396,4.900597704518982,0.2182993537755906,0.19602390818073936
64.40000000000191,9.0,64.40000000000191,4.999964508872807,0.2852289925259966,3.643904414683443,4.900597704522715,0.2182993537818198,0.19602390818088072
64.42000000000192,9.0,64.42000000000192,4.999964508872807,0.2852289925254907,3.643904414682612,4.90059770452268,0.2182993537826587,0.19602390818090856
64.44000000000193,9.0,64.44000000000193,4.999964508872807,0.28522899252590433,3.643904414683389,4.9005977045233635,0.2182993537827768,0.1960239081809222
64.46000000000194,9.0,64.46000000000194,4.999964508872807,0.28522899252578887,3.643904414682597,4.900597704522612,0.21829935378237403,0.1960239081809155
64.48000000000194,9.0,64.48000000000194,4.999964508872806,0.2852289925259936,3.6439044146825825,4.9005977045225455,0.21829935378231496,0.19602390818090015
64.50000000000195,9.0,64.50000000000195,4.999964508872805,0.2852289925253399,3.643904414682311,4.9005977045223155,0.21829935378248772,0.19602390818090829
64.52000000000196,9.0,64.52000000000196,4.999964508872807,0.2852289925256892,3.643904414682759,4.900597704522774,0.21829935378270932,0.19602390818091892
64.52100000000195,9.0,64.52100000000195,4.999964508872814,0.28522899252478634,3.6439044146615918,4.900597704326284,0.21829935349094234,0.19602390816872567
64.53700000000195,9.0,64.53700000000195,4.999964508872815,0.28522899252615064,3.6439044147002413,4.9005977046787,0.2182993539716104,0.19602390818812893
64.55700000000195,9.0,64.55700000000195,4.999964508872808,0.285228992526187,3.643904414683411,4.900597704535516,0.2182993537853372,0.19602390818081378
64.57700000000196,9.0,64.57700000000196,4.9999645088728055,0.2852289925256889,3.643904414683509,4.9005977045238875,0.21829935377942944,0.19602390818094834
64.59700000000197,9.0,64.59700000000197,4.99996450887281,0.2852289925253367,3.6439044146822135,4.9005977045213065,0.21829935378759235,0.19602390818150675
64.61700000000198,9.0,64.61700000000198,4.999964508872805,0.28522899252529743,3.6439044146843336,4.90059770453825,0.21829935378977927,0.19602390818153315
64.63700000000199,9.0,64.63700000000199,4.9999645088728055,0.2852289925255556,3.643904414682584,4.900597704519185,0.21829935377562124,0.19602390818074994
64.65700000000199,9.0,64.65700000000199,4.999964508872808,0.2852289925254641,3.643904414682565,4.900597704521847,0.21829935378125803,0.19602390818084237
64.677000000002,9.0,64.677000000002,4.999964508872808,0.28522899252523615,3.6439044146830746,4.900597704523098,0.21829935378288737,0.19602390818090662
64.697000000002,9.0,64.697000000002,4.999964508872807,0.2852289925256003,3.6439044146826447,4.900597704522672,0.2182993537829096,0.19602390818093746
64.717000000002,9.0,64.717000000002,4.999964508872807,0.28522899252519057,3.6439044146830417,4.9005977045229905,0.2182993537824846,0.19602390818090815
64.73700000000201,9.0,64.73700000000201,4.999964508872807,0.28522899252536144,3.643904414682167,4.900597704522089,0.21829935378258275,0.19602390818092794
64.75700000000202,9.0,64.75700000000202,4.999964508872808,0.28522899252570094,3.6439044146827433,4.900597704522744,0.21829935378255744,0.1960239081809043
64.77700000000203,9.0,64.77700000000203,4.999964508872808,0.2852289925254014,3.6439044146829254,4.900597704522941,0.21829935378271287,0.1960239081809278
64.77800000000202,9.0,64.77800000000202,4.999964508872815,0.2852289925247745,3.643904414661919,4.900597704326618,0.21829935349070875,0.19602390816872345
64.79400000000203,9.0,64.79400000000203,4.999964508872816,0.2852289925261052,3.6439044147007054,4.900597704679198,0.2182993539714141,0.1960239081881272
64.81400000000204,9.0,64.81400000000204,4.999964508872808,0.2852289925264472,3.643904414683181,4.900597704535301,0.21829935378534965,0.19602390818083218
64.83400000000204,9.0,64.83400000000204,4.999964508872808,0.28522899252537165,3.6439044146833974,4.9005977045237294,0.21829935377926954,0.19602390818093418
64.85400000000205,9.0,64.85400000000205,4.999964508872808,0.28522899252541084,3.6439044146820283,4.900597704521165,0.21829935378745735,0.19602390818148954
64.87400000000206,9.0,64.87400000000206,4.999964508872806,0.2852289925254496,3.643904414683892,4.900597704537828,0.21829935378972554,0.19602390818152263
64.89400000000205,9.0,64.89400000000205,4.999964508872807,0.28522899252545447,3.6439044146818795,4.900597704518597,0.21829935377584994,0.19602390818075602
64.91400000000206,9.0,64.91400000000206,4.999964508872809,0.2852289925255756,3.6439044146827357,4.9005977045219655,0.21829935378180781,0.1960239081808688
64.93400000000207,9.0,64.93400000000207,4.99996450887281,0.28522899252572054,3.6439044146824857,4.900597704522534,0.21829935378316007,0.1960239081809274
64.95400000000208,9.0,64.95400000000208,4.999964508872806,0.2852289925253001,3.64390441468318,4.900597704523229,0.2182993537826791,0.1960239081809032
64.97400000000209,9.0,64.97400000000209,4.999964508872808,0.28522899252526596,3.6439044146827557,4.90059770452274,0.21829935378242332,0.19602390818091422
64.99400000000209,9.0,64.99400000000209,4.999964508872807,0.2852289925255268,3.6439044146830697,4.900597704523001,0.21829935378238202,0.19602390818090865
65.0140000000021,9.0,65.0140000000021,4.999964508872808,0.28522899252515216,3.6439044146827237,4.9005977045226725,0.21829935378248017,0.1960239081809218
65.03400000000211,9.0,65.03400000000211,4.999964508872808,0.2852289925256131,3.6439044146832735,4.9005977045232765,0.2182993537823394,0.19602390818090204
65.0350000000021,9.0,65.0350000000021,4.999964508872815,0.2852289925250162,3.6439044146624004,4.900597704327066,0.21829935349030907,0.1960239081687167
65.0510000000021,9.0,65.0510000000021,4.999964508872819,0.28522899252583234,3.643904414701122,4.900597704679604,0.2182993539708581,0.1960239081881044
65.0710000000021,9.0,65.0710000000021,4.99996450887281,0.28522899252622813,3.643904414683674,4.900597704535802,0.21829935378496595,0.19602390818081694
65.09100000000211,9.0,65.09100000000211,4.999964508872807,0.28522899252549094,3.643904414683618,4.90059770452397,0.21829935377903242,0.19602390818093263
65.11100000000212,9.0,65.11100000000212,4.999964508872809,0.28522899252552236,3.6439044146822464,4.900597704521377,0.2182993537873299,0.19602390818149013
65.13100000000213,9.0,65.13100000000213,4.999964508872807,0.2852289925253472,3.64390441468372,4.900597704537694,0.21829935378965004,0.19602390818152418
65.15100000000214,9.0,65.15100000000214,4.999964508872807,0.28522899252542283,3.6439044146827353,4.900597704519416,0.2182993537757287,0.19602390818074356
65.17100000000214,9.0,65.17100000000214,4.999964508872809,0.285228992525741,3.6439044146824404,4.900597704521697,0.21829935378199922,0.19602390818090606
65.19100000000215,9.0,65.19100000000215,4.999964508872808,0.28522899252511097,3.643904414682772,4.900597704522735,0.21829935378306678,0.1960239081809188
65.21100000000216,9.0,65.21100000000216,4.999964508872807,0.2852289925255901,3.643904414683359,4.90059770452342,0.2182993537829411,0.19602390818092932
65.23100000000215,9.0,65.23100000000215,4.999964508872807,0.2852289925253617,3.643904414682585,4.9005977045225935,0.21829935378257653,0.19602390818093338
65.25100000000216,9.0,65.25100000000216,4.999964508872809,0.2852289925253371,3.6439044146816646,4.900597704521627,0.2182993537826285,0.19602390818092721
65.27100000000218,9.0,65.27100000000218,4.999964508872805,0.28522899252552647,3.643904414682898,4.90059770452286,0.21829935378271728,0.1960239081809026
65.29100000000219,9.0,65.29100000000219,4.999964508872807,0.28522899252551626,3.6439044146829174,4.900597704522945,0.21829935378241178,0.19602390818090068
65.29200000000218,9.0,65.29200000000218,4.999964508872814,0.2852289925251618,3.6439044146623667,4.90059770432702,0.21829935349065546,0.19602390816872065
65.30800000000218,9.0,65.30800000000218,4.999964508872816,0.28522899252586636,3.643904414700463,4.900597704678933,0.2182993539713857,0.19602390818813628
65.32800000000219,9.0,65.32800000000219,4.999964508872809,0.28522899252602374,3.6439044146839117,4.900597704536017,0.2182993537851045,0.19602390818081383
65.34800000000219,9.0,65.34800000000219,4.999964508872809,0.28522899252574835,3.6439044146836483,4.900597704523965,0.21829935378655715,0.1960239081815705
65.3680000000022,9.0,65.3680000000022,4.999964508872809,0.2852289925254518,3.6439044146834396,4.90059770453685,0.21829935378763257,0.1960239081815172
65.38800000000221,9.0,65.38800000000221,4.999964508872808,0.28522899252577993,3.6439044146830435,4.900597704519603,0.21829935377520868,0.19602390818073118
65.4080000000022,9.0,65.4080000000022,4.999964508872807,0.2852289925253537,3.6439044146834476,4.90059770452271,0.21829935378170168,0.19602390818088666
65.42800000000221,9.0,65.42800000000221,4.999964508872807,0.28522899252553163,3.6439044146828397,4.900597704522892,0.2182993537826054,0.19602390818090518
65.44800000000222,9.0,65.44800000000222,4.999964508872808,0.285228992525577,3.6439044146830577,4.900597704523028,0.2182993537827404,0.19602390818092338
65.46800000000223,9.0,65.46800000000223,4.999964508872809,0.2852289925258414,3.643904414682559,4.900597704522542,0.21829935378259963,0.19602390818092605
65.48800000000224,9.0,65.48800000000224,4.999964508872809,0.2852289925254828,3.6439044146833197,4.900597704523269,0.2182993537827595,0.19602390818093265
65.50800000000224,9.0,65.50800000000224,4.999964508872808,0.2852289925257774,3.64390441468262,4.90059770452263,0.2182993537823656,0.19602390818091675
65.52800000000225,9.0,65.52800000000225,4.999964508872808,0.28522899252548317,3.6439044146826007,4.900597704522585,0.21829935378234339,0.1960239081809031
65.54800000000226,9.0,65.54800000000226,4.999964508872808,0.2852289925257513,3.643904414683005,4.900597704523013,0.21829935378247572,0.19602390818090823
65.54900000000225,9.0,65.54900000000225,4.999964508872815,0.28522899252502326,3.643904414662136,4.900597704326817,0.2182993534908331,0.19602390816873044
65.56500000000226,9.0,65.56500000000226,4.999964508872818,0.28522899252584744,3.643904414700054,4.900597704678575,0.21829935397140168,0.19602390818813217
65.58500000000227,9.0,65.58500000000227,4.999964508872807,0.28522899252618733,3.6439044146832393,4.900597704535403,0.21829935378536963,0.19602390818082274
65.60500000000226,9.0,65.60500000000226,4.999964508872808,0.2852289925256075,3.643904414683299,4.900597704523647,0.21829935377909856,0.19602390818091844
65.62500000000227,9.0,65.62500000000227,4.999964508872809,0.28522899252571243,3.643904414682154,4.900597704521237,0.21829935378722953,0.1960239081814682
65.64500000000228,9.0,65.64500000000228,4.999964508872808,0.28522899252564377,3.6439044146839037,4.900597704537886,0.2182993537896678,0.1960239081815193
65.6650000000023,9.0,65.6650000000023,4.999964508872808,0.2852289925253066,3.6439044146821002,4.9005977045187725,0.21829935377583085,0.19602390818075668
65.68500000000229,9.0,65.68500000000229,4.99996450887281,0.28522899252531453,3.643904414682551,4.9005977045218465,0.21829935378173587,0.19602390818086826
65.7050000000023,9.0,65.7050000000023,4.999964508872809,0.28522899252537787,3.6439044146830146,4.900597704523033,0.21829935378321866,0.1960239081809307
65.72500000000231,9.0,65.72500000000231,4.999964508872807,0.28522899252576617,3.6439044146829787,4.90059770452301,0.21829935378256632,0.19602390818090654
65.7450000000023,9.0,65.7450000000023,4.999964508872808,0.28522899252622996,3.6439044146831887,4.9005977045232045,0.21829935378263293,0.19602390818093
65.76500000000232,9.0,65.76500000000232,4.999964508872808,0.28522899252587663,3.643904414682883,4.900597704522879,0.21829935378254145,0.19602390818093363
65.78500000000233,9.0,65.78500000000233,4.999964508872809,0.28522899252543304,3.6439044146825714,4.900597704522572,0.21829935378243087,0.19602390818091778
65.80500000000234,9.0,65.80500000000234,4.99996450887281,0.28522899252521666,3.6439044146825954,4.900597704522566,0.21829935378236248,0.19602390818090049
65.80600000000233,9.0,65.80600000000233,4.999964508872816,0.2852289925247447,3.6439044146623822,4.900597704326897,0.21829935349055596,0.1960239081687099
65.82200000000233,9.0,65.82200000000233,4.999964508872817,0.28522899252650846,3.643904414700016,4.900597704678667,0.21829935397179248,0.19602390818815857
65.84200000000234,9.0,65.84200000000234,4.999964508872809,0.2852289925256057,3.643904414683086,4.9005977045352065,0.21829935378529947,0.19602390818082235
65.86200000000235,9.0,65.86200000000235,4.999964508872808,0.28522899252560474,3.643904414683321,4.9005977045236815,0.21829935377920381,0.19602390818092466
65.88200000000235,9.0,65.88200000000235,4.999964508872809,0.2852289925255538,3.64390441468258,4.900597704521662,0.21829935378775311,0.19602390818151239
65.90200000000236,9.0,65.90200000000236,4.999964508872807,0.28522899252580636,3.6439044146845476,4.900597704538489,0.2182993537897091,0.19602390818153456
65.92200000000236,9.0,65.92200000000236,4.999964508872805,0.28522899252531386,3.6439044146824857,4.9005977045191536,0.21829935377538365,0.19602390818073936
65.94200000000237,9.0,65.94200000000237,4.999964508872809,0.2852289925256832,3.6439044146825723,4.90059770452184,0.2182993537819788,0.1960239081809052
65.96200000000238,9.0,65.96200000000238,4.99996450887281,0.2852289925254762,3.6439044146830337,4.90059770452303,0.21829935378323598,0.1960239081809358
65.98200000000239,9.0,65.98200000000239,4.999964508872809,0.2852289925252026,3.6439044146832824,4.9005977045233164,0.21829935378262805,0.19602390818091145
66.0020000000024,9.0,66.0020000000024,4.999964508872807,0.28522899252534933,3.6439044146828925,4.900597704522879,0.21829935378249526,0.19602390818092616
66.0220000000024,9.0,66.0220000000024,4.999964508872808,0.2852289925260813,3.643904414682659,4.900597704522687,0.21829935378244641,0.19602390818091892
66.0420000000024,9.0,66.0420000000024,4.999964508872808,0.2852289925255916,3.6439044146821384,4.9005977045221405,0.2182993537823807,0.1960239081809056
66.06200000000241,9.0,66.06200000000241,4.9999645088728055,0.2852289925257677,3.643904414683024,4.900597704523028,0.21829935378272042,0.1960239081809166
66.0630000000024,9.0,66.0630000000024,4.999964508872814,0.28522899252470474,3.643904414662187,4.900597704326848,0.2182993534906679,0.19602390816871829
66.07900000000241,9.0,66.07900000000241,4.999964508872819,0.28522899252618816,3.643904414700628,4.900597704679205,0.21829935397127423,0.19602390818812335
66.09900000000242,9.0,66.09900000000242,4.99996450887281,0.2852289925261535,3.643904414683693,4.900597704535822,0.2182993537851578,0.19602390818082188
66.11900000000243,9.0,66.11900000000243,4.999964508872807,0.2852289925258216,3.6439044146831545,4.900597704523512,0.21829935377927756,0.1960239081809513
66.13900000000244,9.0,66.13900000000244,4.999964508872808,0.2852289925256078,3.6439044146821704,4.900597704521321,0.21829935378758303,0.1960239081814992
66.15900000000244,9.0,66.15900000000244,4.999964508872809,0.28522899252556466,3.6439044146831456,4.90059770453711,0.21829935378966114,0.19602390818152
66.17900000000245,9.0,66.17900000000245,4.999964508872809,0.2852289925253534,3.643904414682038,4.900597704518701,0.21829935377581441,0.1960239081807339
66.19900000000244,9.0,66.19900000000244,4.99996450887281,0.28522899252534173,3.6439044146822335,4.900597704521487,0.21829935378209958,0.1960239081808899
66.21900000000245,9.0,66.21900000000245,4.99996450887281,0.285228992525914,3.6439044146832864,4.900597704523337,0.21829935378329593,0.1960239081809257
66.23900000000246,9.0,66.23900000000246,4.999964508872808,0.28522899252532646,3.643904414683047,4.900597704523069,0.21829935378264048,0.19602390818091833
66.25900000000246,9.0,66.25900000000246,4.999964508872809,0.28522899252532674,3.6439044146821566,4.900597704522134,0.21829935378217907,0.19602390818089596
66.27900000000247,9.0,66.27900000000247,4.99996450887281,0.2852289925255072,3.643904414682949,4.900597704522915,0.21829935378267423,0.19602390818091656
66.29900000000248,9.0,66.29900000000248,4.999964508872807,0.28522899252572337,3.6439044146824617,4.900597704522465,0.21829935378246507,0.19602390818091234
66.31900000000249,9.0,66.31900000000249,4.99996450887281,0.28522899252566514,3.643904414682763,4.900597704522729,0.21829935378260362,0.196023908180917
66.32000000000248,9.0,66.32000000000248,4.999964508872815,0.2852289925249637,3.643904414662282,4.900597704326904,0.21829935349031174,0.19602390816870155
66.33600000000249,9.0,66.33600000000249,4.999964508872816,0.2852289925258216,3.643904414700685,4.900597704679269,0.21829935397169567,0.1960239081881529
66.3560000000025,9.0,66.3560000000025,4.999964508872809,0.28522899252579303,3.643904414683563,4.900597704535724,0.21829935378515336,0.19602390818082452
66.3760000000025,9.0,66.3760000000025,4.99996450887281,0.28522899252549877,3.6439044146835786,4.900597704523902,0.21829935377918164,0.19602390818094176
66.39600000000252,9.0,66.39600000000252,4.999964508872811,0.2852289925259465,3.643904414682431,4.9005977045215685,0.21829935378757948,0.19602390818150905
66.41600000000251,9.0,66.41600000000251,4.999964508872808,0.2852289925260447,3.643904414683746,4.900597704537705,0.21829935378950438,0.19602390818151696
66.43600000000251,9.0,66.43600000000251,4.999964508872808,0.2852289925255209,3.6439044146826554,4.900597704519349,0.21829935377588014,0.19602390818075852
66.45600000000252,9.0,66.45600000000252,4.99996450887281,0.28522899252539,3.6439044146826447,4.900597704521882,0.21829935378197435,0.19602390818090257
66.47600000000253,9.0,66.47600000000253,4.999964508872809,0.28522899252527917,3.6439044146828565,4.900597704522853,0.2182993537829593,0.1960239081809142
66.49600000000254,9.0,66.49600000000254,4.999964508872809,0.28522899252546546,3.6439044146825874,4.900597704522627,0.2182993537825632,0.19602390818090207
66.51600000000255,9.0,66.51600000000255,4.999964508872808,0.2852289925252952,3.6439044146830177,4.900597704523029,0.21829935378249082,0.1960239081809055
66.53600000000255,9.0,66.53600000000255,4.999964508872809,0.2852289925257593,3.643904414682787,4.900597704522764,0.2182993537824615,0.19602390818091803
66.55600000000256,9.0,66.55600000000256,4.999964508872809,0.28522899252541356,3.643904414682491,4.900597704522448,0.21829935378252102,0.19602390818092022
66.57600000000257,9.0,66.57600000000257,4.999964508872809,0.2852289925253803,3.6439044146830537,4.900597704523068,0.21829935378278703,0.19602390818093202
66.57700000000256,9.0,66.57700000000256,4.999964508872817,0.2852289925250464,3.6439044146621926,4.900597704326883,0.21829935349063592,0.19602390816872228
66.59300000000256,9.0,66.59300000000256,4.999964508872819,0.2852289925258136,3.6439044147004416,4.900597704678915,0.21829935397086433,0.19602390818809784
66.61300000000257,9.0,66.61300000000257,4.99996450887281,0.28522899252574396,3.643904414683233,4.900597704535388,0.2182993537853501,0.19602390818083046
66.63300000000258,9.0,66.63300000000258,4.999964508872809,0.28522899252597816,3.643904414683521,4.900597704523876,0.218299353779298,0.19602390818093818
66.65300000000259,9.0,66.65300000000259,4.99996450887281,0.28522899252619244,3.6439044146820936,4.9005977045212505,0.21829935378757903,0.19602390818150447
66.67300000000259,9.0,66.67300000000259,4.999964508872806,0.2852289925254669,3.643904414683676,4.9005977045376525,0.21829935378984455,0.19602390818153642
66.6930000000026,9.0,66.6930000000026,4.99996450887281,0.2852289925253182,3.643904414682001,4.900597704518695,0.21829935377566786,0.1960239081807367
66.7130000000026,9.0,66.7130000000026,4.99996450887281,0.2852289925253184,3.6439044146827277,4.900597704521948,0.21829935378164617,0.19602390818085624
66.7330000000026,9.0,66.7330000000026,4.99996450887281,0.2852289925254292,3.6439044146831105,4.900597704523111,0.21829935378316404,0.19602390818092777
66.75300000000261,9.0,66.75300000000261,4.999964508872807,0.28522899252529105,3.6439044146824053,4.900597704522482,0.21829935378272175,0.19602390818092272
66.77300000000261,9.0,66.77300000000261,4.999964508872809,0.28522899252577566,3.6439044146822206,4.90059770452216,0.2182993537825872,0.19602390818091253
66.79300000000262,9.0,66.79300000000262,4.99996450887281,0.2852289925253005,3.6439044146833206,4.9005977045232685,0.2182993537826662,0.19602390818091076
66.81300000000263,9.0,66.81300000000263,4.999964508872808,0.2852289925253949,3.6439044146826194,4.9005977045226095,0.21829935378229676,0.19602390818090723
66.83300000000264,9.0,66.83300000000264,4.99996450887281,0.28522899252571005,3.643904414682743,4.900597704522741,0.21829935378241844,0.19602390818090878
66.83400000000263,9.0,66.83400000000263,4.999964508872816,0.28522899252493317,3.643904414661594,4.900597704326296,0.21829935349064214,0.19602390816871895
66.85000000000264,9.0,66.85000000000264,4.999964508872815,0.2852289925255609,3.6439044147002666,4.900597704678649,0.2182993539712387,0.19602390818810558
66.87000000000265,9.0,66.87000000000265,4.99996450887281,0.28522899252592937,3.643904414683577,4.900597704535701,0.2182993537854762,0.19602390818082321
66.89000000000266,9.0,66.89000000000266,4.99996450887281,0.2852289925259823,3.6439044146835955,4.900597704523943,0.21829935377918028,0.196023908180931
66.91000000000267,9.0,66.91000000000267,4.999964508872811,0.28522899252546213,3.643904414681907,4.900597704521018,0.21829935378744003,0.19602390818149654
66.93000000000266,9.0,66.93000000000266,4.999964508872809,0.28522899252540534,3.6439044146835733,4.900597704537569,0.2182993537896909,0.19602390818151832
66.95000000000267,9.0,66.95000000000267,4.99996450887281,0.28522899252540956,3.643904414682165,4.900597704518863,0.21829935377588192,0.19602390818075066
66.97000000000268,9.0,66.97000000000268,4.99996450887281,0.285228992525104,3.6439044146821646,4.900597704521423,0.2182993537818287,0.1960239081808753
66.99000000000268,9.0,66.99000000000268,4.99996450887281,0.2852289925256507,3.643904414682894,4.900597704522943,0.21829935378339052,0.19602390818093393
67.01000000000269,9.0,67.01000000000269,4.99996450887281,0.2852289925257608,3.6439044146830417,4.9005977045230225,0.21829935378240908,0.19602390818088733
67.0300000000027,9.0,67.0300000000027,4.999964508872807,0.28522899252572814,3.6439044146826314,4.900597704522646,0.21829935378259385,0.19602390818092585
67.0500000000027,9.0,67.0500000000027,4.999964508872807,0.28522899252526435,3.6439044146831905,4.900597704523113,0.2182993537825499,0.19602390818091917
67.07000000000271,9.0,67.07000000000271,4.999964508872812,0.2852289925257018,3.643904414682946,4.900597704522951,0.218299353782541,0.19602390818092894
67.09000000000272,9.0,67.09000000000272,4.999964508872812,0.28522899252520517,3.643904414682771,4.900597704522796,0.21829935378228565,0.1960239081809061
67.09100000000272,9.0,67.09100000000272,4.999964508872818,0.2852289925247562,3.6439044146621193,4.9005977043267475,0.2182993534907043,0.1960239081687266
67.10700000000271,9.0,67.10700000000271,4.999964508872817,0.28522899252608336,3.6439044147000574,4.900597704678591,0.2182993539717432,0.19602390818815368
67.12700000000272,9.0,67.12700000000272,4.99996450887281,0.28522899252615047,3.643904414682909,4.900597704535049,0.2182993537852546,0.1960239081808118
67.14700000000273,9.0,67.14700000000273,4.99996450887281,0.285228992525352,3.643904414683703,4.900597704524068,0.2182993537795693,0.19602390818094806
67.16700000000274,9.0,67.16700000000274,4.99996450887281,0.28522899252589184,3.6439044146821344,4.900597704521258,0.2182993537871647,0.19602390818147114
67.18700000000274,9.0,67.18700000000274,4.999964508872809,0.28522899252581013,3.6439044146833917,4.900597704537365,0.21829935378955412,0.19602390818151358
67.20700000000275,9.0,67.20700000000275,4.999964508872806,0.2852289925259381,3.643904414682503,4.900597704519168,0.218299353775794,0.19602390818074003
67.22700000000276,9.0,67.22700000000276,4.99996450887281,0.28522899252566297,3.6439044146834996,4.900597704522731,0.21829935378158974,0.19602390818086218
67.24700000000277,9.0,67.24700000000277,4.999964508872809,0.28522899252581335,3.643904414682557,4.900597704522584,0.21829935378276438,0.19602390818091947
67.26700000000277,9.0,67.26700000000277,4.999964508872809,0.28522899252582523,3.6439044146827158,4.9005977045227445,0.21829935378284787,0.19602390818092644
67.28700000000276,9.0,67.28700000000276,4.99996450887281,0.28522899252557776,3.6439044146831248,4.900597704523105,0.2182993537827928,0.19602390818093318
67.30700000000277,9.0,67.30700000000277,4.99996450887281,0.2852289925252693,3.6439044146828485,4.9005977045228715,0.2182993537824371,0.19602390818091844
67.32700000000278,9.0,67.32700000000278,4.99996450887281,0.2852289925251763,3.6439044146824773,4.900597704522419,0.21829935378245796,0.19602390818091842
67.3470000000028,9.0,67.3470000000028,4.999964508872811,0.28522899252518563,3.64390441468301,4.900597704522975,0.21829935378263293,0.1960239081809192
67.3480000000028,9.0,67.3480000000028,4.999964508872817,0.285228992524759,3.6439044146618254,4.900597704326502,0.21829935349060572,0.19602390816871906
67.36400000000279,9.0,67.36400000000279,4.99996450887282,0.2852289925257018,3.6439044146998136,4.900597704678269,0.21829935397095449,0.19602390818809312
67.3840000000028,9.0,67.3840000000028,4.999964508872812,0.28522899252634726,3.6439044146835107,4.9005977045356435,0.21829935378532345,0.19602390818080587
67.40400000000281,9.0,67.40400000000281,4.999964508872811,0.2852289925259157,3.6439044146832273,4.900597704523574,0.2182993537792709,0.19602390818093526
67.42400000000282,9.0,67.42400000000282,4.99996450887281,0.28522899252555484,3.6439044146825514,4.900597704521667,0.21829935378774334,0.1960239081815112
67.44400000000282,9.0,67.44400000000282,4.99996450887281,0.2852289925255254,3.643904414683212,4.900597704537172,0.21829935378962784,0.1960239081815277
67.46400000000283,9.0,67.46400000000283,4.999964508872806,0.28522899252565065,3.6439044146822406,4.900597704518902,0.21829935377578422,0.1960239081807369
67.48400000000284,9.0,67.48400000000284,4.999964508872809,0.28522899252605205,3.6439044146822708,4.900597704521583,0.21829935378210047,0.19602390818089682
67.50400000000285,9.0,67.50400000000285,4.999964508872809,0.2852289925251485,3.6439044146825434,4.900597704522567,0.2182993537831445,0.19602390818091728
67.52400000000284,9.0,67.52400000000284,4.999964508872808,0.2852289925253797,3.643904414682488,4.900597704522518,0.21829935378301796,0.19602390818092985
67.54400000000285,9.0,67.54400000000285,4.999964508872811,0.28522899252572304,3.643904414682686,4.90059770452269,0.2182993537826134,0.19602390818091053
67.56400000000285,9.0,67.56400000000285,4.999964508872812,0.2852289925253447,3.6439044146832194,4.900597704523201,0.2182993537826498,0.19602390818092383
67.58400000000286,9.0,67.58400000000286,4.999964508872812,0.28522899252563977,3.6439044146825945,4.90059770452258,0.21829935378247883,0.19602390818092605
67.60400000000287,9.0,67.60400000000287,4.999964508872811,0.2852289925252664,3.6439044146832007,4.900597704523178,0.21829935378253035,0.19602390818091775
67.60500000000287,9.0,67.60500000000287,4.99996450887282,0.28522899252450395,3.643904414661662,4.900597704326481,0.21829935349051424,0.19602390816872295
67.62100000000287,9.0,67.62100000000287,4.999964508872821,0.2852289925260107,3.64390441469967,4.900597704678092,0.2182993539713635,0.19602390818812115
67.64100000000288,9.0,67.64100000000288,4.999964508872812,0.2852289925261847,3.643904414682809,4.900597704534935,0.21829935378576176,0.1960239081808354
67.66100000000289,9.0,67.66100000000289,4.99996450887281,0.28522899252581974,3.6439044146837256,4.900597704524022,0.21829935377938767,0.19602390818092272
67.6810000000029,9.0,67.6810000000029,4.999964508872813,0.2852289925259535,3.6439044146822352,4.900597704521322,0.21829935378765986,0.19602390818150944
67.70100000000289,9.0,67.70100000000289,4.99996450887281,0.2852289925255763,3.6439044146843167,4.900597704538315,0.21829935378969711,0.19602390818152715
67.7210000000029,9.0,67.7210000000029,4.99996450887281,0.28522899252521405,3.6439044146821806,4.900597704518884,0.21829935377544893,0.19602390818073803
67.74100000000291,9.0,67.74100000000291,4.99996450887281,0.2852289925253167,3.643904414682924,4.9005977045221965,0.21829935378181803,0.19602390818088236
67.76100000000292,9.0,67.76100000000292,4.999964508872811,0.2852289925253487,3.643904414682615,4.90059770452267,0.21829935378280124,0.1960239081809064
67.78100000000292,9.0,67.78100000000292,4.99996450887281,0.2852289925255877,3.6439044146832353,4.900597704523243,0.21829935378290471,0.19602390818092796
67.80100000000293,9.0,67.80100000000293,4.999964508872812,0.28522899252584094,3.6439044146829564,4.900597704522949,0.21829935378243753,0.19602390818091672
67.82100000000293,9.0,67.82100000000293,4.999964508872812,0.2852289925251969,3.6439044146826225,4.90059770452262,0.21829935378242687,0.19602390818091806
67.84100000000294,9.0,67.84100000000294,4.99996450887281,0.2852289925253701,3.6439044146828623,4.9005977045228715,0.21829935378251614,0.19602390818091583
67.86100000000295,9.0,67.86100000000295,4.999964508872811,0.2852289925253819,3.64390441468297,4.9005977045229425,0.21829935378255433,0.19602390818092238
67.86200000000295,9.0,67.86200000000295,4.999964508872817,0.2852289925248714,3.6439044146618746,4.90059770432655,0.21829935349063503,0.19602390816872406
67.87800000000294,9.0,67.87800000000294,4.999964508872821,0.285228992525854,3.6439044147003146,4.900597704678784,0.21829935397136038,0.19602390818812226
67.89800000000295,9.0,67.89800000000295,4.999964508872812,0.285228992526049,3.643904414682873,4.900597704535066,0.21829935378522042,0.19602390818080934
67.91800000000296,9.0,67.91800000000296,4.999964508872812,0.2852289925255215,3.643904414683331,4.900597704523687,0.21829935377949558,0.19602390818094242
67.93800000000297,9.0,67.93800000000297,4.99996450887281,0.2852289925258088,3.6439044146821984,4.900597704521282,0.218299353787754,0.19602390818151058
67.95800000000297,9.0,67.95800000000297,4.99996450887281,0.2852289925261839,3.643904414683936,4.900597704537879,0.2182993537896296,0.19602390818151721
67.97800000000298,9.0,67.97800000000298,4.99996450887281,0.2852289925255174,3.6439044146825337,4.9005977045191775,0.2182993537756128,0.19602390818073873
67.99800000000299,9.0,67.99800000000299,4.999964508872813,0.28522899252565564,3.643904414682472,4.900597704521734,0.21829935378190019,0.19602390818089355
68.018000000003,9.0,68.018000000003,4.999964508872808,0.28522899252537504,3.6439044146825252,4.900597704522474,0.21829935378292023,0.1960239081809059
68.038000000003,9.0,68.038000000003,4.99996450887281,0.2852289925259253,3.643904414683002,4.900597704523044,0.21829935378298598,0.196023908180926
68.058000000003,9.0,68.058000000003,4.999964508872808,0.28522899252535155,3.6439044146819426,4.9005977045219336,0.21829935378247395,0.19602390818091217
68.07800000000302,9.0,68.07800000000302,4.999964508872809,0.2852289925256454,3.643904414683322,4.900597704523303,0.21829935378259338,0.19602390818090243
68.09800000000301,9.0,68.09800000000301,4.999964508872808,0.2852289925257929,3.6439044146832775,4.900597704523308,0.2182993537824504,0.19602390818092022
68.11800000000302,9.0,68.11800000000302,4.99996450887281,0.28522899252567907,3.643904414683249,4.900597704523275,0.21829935378210313,0.19602390818090146
68.11900000000303,9.0,68.11900000000303,4.999964508872818,0.28522899252476613,3.6439044146621753,4.9005977043268825,0.21829935349043697,0.19602390816873072
68.13500000000302,9.0,68.13500000000302,4.999964508872819,0.2852289925261201,3.6439044147007733,4.900597704679249,0.2182993539711157,0.19602390818811852
68.15500000000303,9.0,68.15500000000303,4.999964508872811,0.2852289925257535,3.643904414683083,4.9005977045352385,0.21829935378524173,0.19602390818082582
68.17500000000304,9.0,68.17500000000304,4.99996450887281,0.2852289925253518,3.6439044146834396,4.900597704523799,0.21829935377937168,0.19602390818094034
68.19500000000305,9.0,68.19500000000305,4.99996450887281,0.28522899252551986,3.643904414682427,4.90059770452153,0.2182993537870488,0.19602390818145563
68.21500000000304,9.0,68.21500000000304,4.999964508872812,0.285228992525475,3.643904414683602,4.900597704537605,0.21829935378973842,0.19602390818153395
68.23500000000305,9.0,68.23500000000305,4.99996450887281,0.28522899252560757,3.6439044146822868,4.900597704518978,0.21829935377581974,0.19602390818075058
68.25500000000306,9.0,68.25500000000306,4.999964508872811,0.2852289925254961,3.6439044146827766,4.900597704522029,0.21829935378180826,0.19602390818087778
68.27500000000308,9.0,68.27500000000308,4.999964508872811,0.2852289925256405,3.6439044146828192,4.900597704522853,0.21829935378306545,0.19602390818092402
68.29500000000307,9.0,68.29500000000307,4.999964508872811,0.2852289925257031,3.643904414682477,4.900597704522538,0.21829935378286874,0.19602390818092894
68.31500000000308,9.0,68.31500000000308,4.999964508872812,0.28522899252540457,3.6439044146834023,4.900597704523433,0.21829935378280035,0.19602390818092974
68.33500000000309,9.0,68.33500000000309,4.99996450887281,0.28522899252510486,3.6439044146832247,4.900597704523228,0.21829935378228832,0.19602390818091395
68.3550000000031,9.0,68.3550000000031,4.999964508872812,0.2852289925256201,3.6439044146824267,4.900597704522405,0.2182993537821995,0.19602390818090937
68.3750000000031,9.0,68.3750000000031,4.999964508872812,0.2852289925261673,3.6439044146827038,4.9005977045226405,0.21829935378247706,0.19602390818090926
68.3760000000031,9.0,68.3760000000031,4.999964508872818,0.2852289925250202,3.643904414662084,4.900597704326703,0.21829935349069987,0.19602390816871715
68.3920000000031,9.0,68.3920000000031,4.99996450887282,0.28522899252603734,3.6439044146995525,4.900597704678137,0.2182993539718169,0.19602390818815496
68.4120000000031,9.0,68.4120000000031,4.999964508872812,0.2852289925252911,3.6439044146835595,4.900597704535665,0.21829935378551485,0.19602390818082346
68.43200000000311,9.0,68.43200000000311,4.999964508872813,0.2852289925252563,3.6439044146833997,4.900597704523709,0.21829935377934906,0.19602390818094356
68.45200000000312,9.0,68.45200000000312,4.999964508872812,0.2852289925254919,3.643904414681956,4.90059770452108,0.21829935378761012,0.19602390818150423
68.47200000000312,9.0,68.47200000000312,4.99996450887281,0.2852289925258697,3.6439044146834783,4.900597704537426,0.218299353789976,0.19602390818154214
68.49200000000313,9.0,68.49200000000313,4.999964508872809,0.28522899252595785,3.643904414682311,4.900597704518954,0.21829935377602358,0.19602390818075902
68.51200000000314,9.0,68.51200000000314,4.999964508872813,0.28522899252556266,3.6439044146829773,4.90059770452226,0.2182993537819024,0.196023908180883
68.53200000000315,9.0,68.53200000000315,4.999964508872811,0.2852289925256148,3.6439044146828246,4.900597704522865,0.21829935378280213,0.196023908180908
68.55200000000315,9.0,68.55200000000315,4.99996450887281,0.28522899252521616,3.6439044146826354,4.900597704522677,0.21829935378281456,0.19602390818092708
68.57200000000316,9.0,68.57200000000316,4.999964508872813,0.2852289925256402,3.6439044146827912,4.900597704522838,0.21829935378262805,0.19602390818091953
68.59200000000317,9.0,68.59200000000317,4.999964508872811,0.28522899252516076,3.6439044146829063,4.90059770452291,0.21829935378266002,0.1960239081809301
68.61200000000318,9.0,68.61200000000318,4.999964508872812,0.28522899252545475,3.6439044146824973,4.900597704522464,0.21829935378237803,0.19602390818091045
68.63200000000317,9.0,68.63200000000317,4.999964508872811,0.2852289925255983,3.643904414682303,4.900597704522343,0.21829935378261783,0.19602390818091917
68.63300000000318,9.0,68.63300000000318,4.999964508872818,0.28522899252476525,3.6439044146616895,4.900597704326328,0.2182993534904503,0.19602390816869936
68.64900000000317,9.0,68.64900000000317,4.9999645088728215,0.28522899252560746,3.643904414700563,4.90059770467911,0.21829935397171918,0.19602390818813603
68.66900000000318,9.0,68.66900000000318,4.999964508872812,0.28522899252562106,3.6439044146834907,4.900597704535646,0.2182993537849957,0.1960239081807972
68.68900000000319,9.0,68.68900000000319,4.999964508872812,0.2852289925256218,3.643904414683426,4.9005977045238485,0.2182993537790271,0.19602390818092244
68.7090000000032,9.0,68.7090000000032,4.999964508872812,0.2852289925255196,3.6439044146823174,4.9005977045214015,0.21829935378738186,0.1960239081814899
68.7290000000032,9.0,68.7290000000032,4.99996450887281,0.2852289925255228,3.643904414683317,4.900597704537304,0.21829935378959098,0.1960239081815195
68.7490000000032,9.0,68.7490000000032,4.999964508872809,0.2852289925258006,3.643904414682427,4.9005977045190985,0.21829935377588103,0.1960239081807464
68.76900000000322,9.0,68.76900000000322,4.999964508872813,0.2852289925249858,3.643904414682868,4.900597704522123,0.21829935378181314,0.19602390818087845
68.78900000000323,9.0,68.78900000000323,4.999964508872813,0.28522899252550354,3.643904414683126,4.900597704523141,0.21829935378280965,0.19602390818090565
68.80900000000322,9.0,68.80900000000322,4.999964508872812,0.2852289925260903,3.6439044146824675,4.900597704522468,0.21829935378251214,0.19602390818090798
68.82900000000323,9.0,68.82900000000323,4.999964508872811,0.2852289925257944,3.6439044146828494,4.900597704522793,0.2182993537827142,0.19602390818092327
68.84900000000324,9.0,68.84900000000324,4.999964508872811,0.28522899252504536,3.643904414682671,4.900597704522729,0.2182993537825179,0.19602390818091536
68.86900000000325,9.0,68.86900000000325,4.999964508872812,0.28522899252522405,3.643904414682562,4.900597704522551,0.2182993537824393,0.1960239081809099
68.88900000000325,9.0,68.88900000000325,4.999964508872813,0.28522899252519657,3.643904414681877,4.9005977045218465,0.21829935378275284,0.19602390818093138
68.89000000000325,9.0,68.89000000000325,4.999964508872819,0.28522899252486966,3.64390441466188,4.900597704326353,0.21829935349077093,0.19602390816870224
68.90600000000325,9.0,68.90600000000325,4.99996450887282,0.28522899252613576,3.6439044147000863,4.900597704678764,0.21829935397175207,0.19602390818813653
68.92600000000326,9.0,68.92600000000326,4.999964508872811,0.2852289925257726,3.643904414683425,4.900597704535616,0.2182993537854025,0.19602390818082543
68.94600000000327,9.0,68.94600000000327,4.999964508872812,0.285228992525496,3.643904414683224,4.9005977045236175,0.218299353779151,0.19602390818093113
68.96600000000328,9.0,68.96600000000328,4.9999645088728135,0.2852289925254946,3.6439044146819137,4.900597704521008,0.21829935378738674,0.1960239081814839
68.98600000000327,9.0,68.98600000000327,4.999964508872811,0.2852289925253297,3.6439044146839548,4.9005977045379385,0.21829935378979481,0.19602390818152407
69.00600000000328,9.0,69.00600000000328,4.999964508872811,0.28522899252565204,3.643904414682568,4.90059770451923,0.2182993537757025,0.1960239081807451
69.0260000000033,9.0,69.0260000000033,4.9999645088728135,0.285228992525957,3.6439044146825665,4.900597704521787,0.21829935378174786,0.19602390818088197
69.0460000000033,9.0,69.0460000000033,4.999964508872812,0.2852289925255383,3.6439044146825044,4.900597704522509,0.2182993537831996,0.1960239081809316
69.0660000000033,9.0,69.0660000000033,4.999964508872812,0.2852289925251823,3.6439044146829325,4.900597704522962,0.2182993537828794,0.19602390818091858
69.08600000000331,9.0,69.08600000000331,4.999964508872812,0.2852289925249536,3.6439044146825488,4.900597704522606,0.21829935378265736,0.19602390818092574
69.10600000000332,9.0,69.10600000000332,4.99996450887281,0.28522899252528977,3.6439044146832615,4.900597704523211,0.21829935378275728,0.19602390818093404
69.12600000000333,9.0,69.12600000000333,4.999964508872812,0.2852289925255796,3.6439044146818946,4.900597704521875,0.21829935378250326,0.19602390818092805
69.14600000000333,9.0,69.14600000000333,4.999964508872811,0.28522899252592976,3.6439044146831843,4.900597704523212,0.21829935378261073,0.19602390818090484
69.14700000000333,9.0,69.14700000000333,4.999964508872818,0.2852289925247286,3.6439044146620154,4.9005977043267634,0.21829935349056398,0.19602390816871687
69.16300000000332,9.0,69.16300000000332,4.9999645088728215,0.28522899252558914,3.643904414700149,4.9005977046786064,0.21829935397147807,0.1960239081881356
69.18300000000333,9.0,69.18300000000333,4.9999645088728135,0.28522899252578116,3.643904414683212,4.900597704535354,0.2182993537854016,0.19602390818082568
69.20300000000334,9.0,69.20300000000334,4.999964508872812,0.285228992525603,3.6439044146831407,4.900597704523468,0.21829935377944854,0.1960239081809471
69.22300000000335,9.0,69.22300000000335,4.999964508872813,0.28522899252553024,3.6439044146819786,4.900597704521093,0.21829935378784948,0.19602390818151538
69.24300000000335,9.0,69.24300000000335,4.999964508872811,0.28522899252537126,3.6439044146839454,4.900597704537943,0.2182993537898179,0.1960239081815264
69.26300000000336,9.0,69.26300000000336,4.99996450887281,0.2852289925255264,3.6439044146819852,4.900597704518684,0.2182993537756159,0.19602390818073864
69.28300000000337,9.0,69.28300000000337,4.999964508872813,0.2852289925253646,3.643904414683017,4.900597704522281,0.2182993537819095,0.19602390818088097
69.30300000000338,9.0,69.30300000000338,4.999964508872813,0.2852289925253427,3.643904414682739,4.90059770452272,0.21829935378306592,0.1960239081809292
69.32300000000338,9.0,69.32300000000338,4.999964508872811,0.2852289925258259,3.6439044146825927,4.900597704522605,0.21829935378293847,0.19602390818093313
69.34300000000339,9.0,69.34300000000339,4.999964508872813,0.28522899252564243,3.643904414682703,4.900597704522748,0.2182993537827866,0.19602390818092957
69.3630000000034,9.0,69.3630000000034,4.999964508872812,0.28522899252574657,3.643904414683331,4.900597704523298,0.2182993537823918,0.19602390818090412
69.3830000000034,9.0,69.3830000000034,4.999964508872811,0.28522899252560274,3.6439044146824275,4.900597704522486,0.218299353782144,0.19602390818090062
69.4030000000034,9.0,69.4030000000034,4.999964508872814,0.2852289925254927,3.643904414681886,4.900597704521897,0.21829935378243176,0.19602390818090754
69.4040000000034,9.0,69.4040000000034,4.99996450887282,0.2852289925247099,3.6439044146615633,4.900597704326167,0.21829935349077892,0.1960239081687052
69.42000000000341,9.0,69.42000000000341,4.999964508872818,0.2852289925260968,3.6439044147007165,4.900597704679314,0.21829935397203537,0.19602390818815113
69.44000000000341,9.0,69.44000000000341,4.999964508872813,0.285228992526131,3.643904414683644,4.900597704535812,0.21829935378501036,0.1960239081808017
69.46000000000342,9.0,69.46000000000342,4.9999645088728135,0.2852289925253909,3.6439044146832495,4.90059770452358,0.21829935377915943,0.19602390818094
69.48000000000343,9.0,69.48000000000343,4.999964508872813,0.28522899252601186,3.6439044146821695,4.900597704521283,0.21829935378755594,0.19602390818149928
69.50000000000342,9.0,69.50000000000342,4.999964508872811,0.28522899252558187,3.6439044146834108,4.900597704537356,0.2182993537896465,0.19602390818151882
69.52000000000344,9.0,69.52000000000344,4.999964508872811,0.2852289925255507,3.643904414682659,4.900597704519307,0.21829935377600138,0.1960239081807565
69.54000000000345,9.0,69.54000000000345,4.999964508872811,0.28522899252538136,3.6439044146826043,4.900597704521855,0.21829935378196458,0.19602390818089746
69.56000000000346,9.0,69.56000000000346,4.999964508872813,0.28522899252537326,3.643904414682743,4.900597704522755,0.21829935378309256,0.19602390818092427
69.58000000000345,9.0,69.58000000000345,4.999964508872813,0.28522899252558925,3.6439044146831114,4.900597704523124,0.2182993537827697,0.19602390818091703
69.60000000000346,9.0,69.60000000000346,4.999964508872812,0.28522899252572087,3.643904414682582,4.900597704522545,0.2182993537825259,0.19602390818092158
69.62000000000347,9.0,69.62000000000347,4.999964508872811,0.28522899252505934,3.6439044146831767,4.900597704523124,0.21829935378260762,0.1960239081809215
69.64000000000348,9.0,69.64000000000348,4.999964508872812,0.2852289925252898,3.643904414683202,4.900597704523193,0.21829935378238602,0.19602390818091514
69.66000000000348,9.0,69.66000000000348,4.999964508872813,0.2852289925250332,3.6439044146826234,4.900597704522607,0.21829935378229542,0.19602390818091345
69.66100000000348,9.0,69.66100000000348,4.999964508872821,0.28522899252457246,3.6439044146618547,4.900597704326493,0.21829935349027976,0.1960239081687077
69.67700000000349,9.0,69.67700000000349,4.999964508872823,0.28522899252628525,3.643904414700609,4.900597704679119,0.21829935397136793,0.1960239081881208
69.6970000000035,9.0,69.6970000000035,4.999964508872813,0.28522899252641143,3.6439044146837647,4.900597704535881,0.21829935378496063,0.19602390818079485
69.7170000000035,9.0,69.7170000000035,4.999964508872813,0.2852289925255293,3.643904414682964,4.900597704523231,0.21829935377921267,0.1960239081809433
69.7370000000035,9.0,69.7370000000035,4.999964508872813,0.2852289925256555,3.6439044146822566,4.900597704521413,0.2182993537878397,0.19602390818151283
69.7570000000035,9.0,69.7570000000035,4.999964508872813,0.2852289925252645,3.6439044146838238,4.900597704537785,0.21829935378977217,0.19602390818152965
69.77700000000351,9.0,69.77700000000351,4.99996450887281,0.28522899252600337,3.643904414682307,4.9005977045189635,0.21829935377582863,0.19602390818075438
69.79700000000352,9.0,69.79700000000352,4.999964508872812,0.28522899252541223,3.6439044146827277,4.900597704521943,0.21829935378142723,0.19602390818084672
69.81700000000353,9.0,69.81700000000353,4.999964508872813,0.2852289925256149,3.6439044146824657,4.90059770452246,0.21829935378311832,0.1960239081809264
69.83700000000353,9.0,69.83700000000353,4.999964508872813,0.285228992525535,3.6439044146833286,4.900597704523351,0.21829935378278567,0.1960239081809103
69.85700000000354,9.0,69.85700000000354,4.99996450887281,0.28522899252557576,3.643904414682672,4.900597704522682,0.21829935378233184,0.1960239081809089
69.87700000000355,9.0,69.87700000000355,4.9999645088728135,0.2852289925255122,3.643904414682559,4.900597704522523,0.2182993537825459,0.1960239081809218
69.89700000000356,9.0,69.89700000000356,4.999964508872814,0.2852289925258597,3.6439044146826296,4.900597704522628,0.21829935378245974,0.1960239081809064
69.91700000000355,9.0,69.91700000000355,4.999964508872813,0.28522899252559175,3.643904414683286,4.900597704523272,0.21829935378242377,0.19602390818090354
69.91800000000356,9.0,69.91800000000356,4.999964508872818,0.2852289925248827,3.6439044146619075,4.900597704326661,0.2182993534905258,0.19602390816872312
69.93400000000356,9.0,69.93400000000356,4.999964508872818,0.2852289925259445,3.6439044147006983,4.900597704679148,0.21829935397162328,0.1960239081881441
69.95400000000357,9.0,69.95400000000357,4.9999645088728135,0.285228992526389,3.6439044146836284,4.900597704535751,0.218299353785065,0.19602390818080667
69.97400000000357,9.0,69.97400000000357,4.999964508872816,0.285228992525634,3.6439044146836954,4.900597704524049,0.21829935377898044,0.1960239081809207
69.99400000000358,9.0,69.99400000000358,4.999964508872814,0.28522899252540435,3.643904414682721,4.900597704521868,0.21829935378751686,0.19602390818150692
70.01400000000358,9.0,70.01400000000358,4.9999645088728135,0.2852289925254329,3.6439044146834627,4.900597704537421,0.21829935378939158,0.19602390818151702
70.03400000000359,9.0,70.03400000000359,4.999964508872811,0.28522899252552514,3.643904414682447,4.900597704519062,0.21829935377555817,0.19602390818072649
70.0540000000036,9.0,70.0540000000036,4.999964508872813,0.28522899252543193,3.643904414682886,4.9005977045221565,0.2182993537818993,0.19602390818088616
70.07400000000361,9.0,70.07400000000361,4.9999645088728135,0.2852289925259105,3.6439044146830386,4.900597704523076,0.2182993537828927,0.1960239081809131
70.0940000000036,9.0,70.0940000000036,4.999964508872812,0.2852289925254393,3.643904414682799,4.900597704522833,0.21829935378273596,0.19602390818092497
70.11400000000361,9.0,70.11400000000361,4.999964508872814,0.28522899252518746,3.643904414682525,4.9005977045224824,0.21829935378277993,0.1960239081809382
70.13400000000362,9.0,70.13400000000362,4.999964508872813,0.28522899252566614,3.643904414682055,4.900597704522063,0.21829935378260806,0.1960239081809175
70.15400000000363,9.0,70.15400000000363,4.999964508872812,0.28522899252556105,3.6439044146824746,4.900597704522442,0.21829935378291893,0.19602390818092968
70.17400000000363,9.0,70.17400000000363,4.999964508872812,0.2852289925261476,3.64390441468194,4.900597704521973,0.21829935378284876,0.19602390818092996
70.17500000000364,9.0,70.17500000000364,4.999964508872819,0.28522899252523237,3.6439044146617667,4.900597704326345,0.21829935349087218,0.19602390816870496
70.19100000000364,9.0,70.19100000000364,4.999964508872823,0.28522899252610345,3.6439044147003385,4.90059770467885,0.2182993539717414,0.19602390818813514
70.21100000000365,9.0,70.21100000000365,4.999964508872814,0.28522899252584577,3.643904414682994,4.9005977045351,0.21829935378525683,0.19602390818081547
70.23100000000366,9.0,70.23100000000366,4.999964508872813,0.28522899252539674,3.6439044146834823,4.900597704523858,0.21829935377953244,0.19602390818095022
70.25100000000366,9.0,70.25100000000366,4.999964508872812,0.2852289925255279,3.643904414682184,4.900597704521301,0.21829935378723841,0.1960239081814737
70.27100000000365,9.0,70.27100000000365,4.9999645088728135,0.2852289925256431,3.6439044146835,4.900597704537509,0.21829935378963183,0.19602390818151993
70.29100000000366,9.0,70.29100000000366,4.999964508872812,0.2852289925252971,3.643904414682035,4.900597704518701,0.2182993537757638,0.19602390818074156
70.31100000000367,9.0,70.31100000000367,4.9999645088728135,0.28522899252518397,3.6439044146825257,4.900597704521751,0.21829935378221815,0.1960239081809037
70.33100000000368,9.0,70.33100000000368,4.999964508872813,0.2852289925254622,3.6439044146828308,4.900597704522879,0.21829935378297974,0.1960239081809067
70.35100000000368,9.0,70.35100000000368,4.999964508872813,0.2852289925255779,3.643904414682749,4.900597704522751,0.2182993537825672,0.19602390818090154
70.37100000000369,9.0,70.37100000000369,4.999964508872813,0.285228992525475,3.6439044146833166,4.900597704523317,0.21829935378249438,0.19602390818090987
70.3910000000037,9.0,70.3910000000037,4.999964508872814,0.28522899252590017,3.6439044146828996,4.900597704522847,0.2182993537824655,0.19602390818092802
70.41100000000371,9.0,70.41100000000371,4.9999645088728135,0.2852289925255691,3.6439044146827335,4.900597704522724,0.2182993537823345,0.1960239081809097
70.4310000000037,9.0,70.4310000000037,4.999964508872815,0.2852289925253771,3.6439044146832464,4.900597704523215,0.21829935378245174,0.19602390818091234
70.43200000000371,9.0,70.43200000000371,4.99996450887282,0.28522899252483686,3.6439044146622783,4.90059770432698,0.218299353490254,0.19602390816871348
70.44800000000372,9.0,70.44800000000372,4.999964508872819,0.28522899252627537,3.643904414700387,4.900597704678886,0.21829935397132885,0.19602390818813376
70.46800000000373,9.0,70.46800000000373,4.999964508872812,0.28522899252602835,3.6439044146831825,4.900597704535283,0.21829935378503834,0.1960239081808046
70.48800000000372,9.0,70.48800000000372,4.999964508872814,0.28522899252579953,3.6439044146836963,4.900597704524092,0.21829935377938944,0.1960239081809424
70.50800000000373,9.0,70.50800000000373,4.999964508872814,0.2852289925253183,3.64390441468228,4.90059770452137,0.21829935378735832,0.19602390818149049
70.52800000000374,9.0,70.52800000000374,4.9999645088728135,0.28522899252535083,3.6439044146844055,4.900597704538373,0.2182993537895248,0.1960239081815143
70.54800000000374,9.0,70.54800000000374,4.9999645088728135,0.2852289925252688,3.643904414682863,4.900597704519557,0.2182993537755666,0.1960239081807493
70.56800000000375,9.0,70.56800000000375,4.999964508872813,0.28522899252510797,3.643904414682302,4.9005977045215845,0.2182993537817252,0.19602390818089316
70.58800000000376,9.0,70.58800000000376,4.999964508872813,0.2852289925252105,3.6439044146829325,4.900597704522938,0.21829935378296197,0.19602390818090892
70.60800000000376,9.0,70.60800000000376,4.999964508872813,0.2852289925253476,3.643904414683195,4.900597704523191,0.21829935378268045,0.19602390818091164
70.62800000000377,9.0,70.62800000000377,4.999964508872814,0.28522899252565664,3.6439044146827793,4.900597704522773,0.2182993537824473,0.19602390818091744
70.64800000000378,9.0,70.64800000000378,4.999964508872814,0.285228992525247,3.6439044146830204,4.900597704523052,0.218299353782537,0.1960239081809225
70.66800000000379,9.0,70.66800000000379,4.9999645088728135,0.2852289925253412,3.6439044146825137,4.900597704522508,0.2182993537825157,0.19602390818092616
70.68800000000378,9.0,70.68800000000378,4.999964508872813,0.2852289925252661,3.6439044146829476,4.90059770452292,0.2182993537825592,0.1960239081809164
70.68900000000379,9.0,70.68900000000379,4.9999645088728215,0.2852289925247991,3.643904414661951,4.900597704326637,0.21829935349050092,0.196023908168715
70.70500000000379,9.0,70.70500000000379,4.999964508872825,0.2852289925257577,3.643904414700947,4.900597704679419,0.21829935397141187,0.19602390818812765
70.7250000000038,9.0,70.7250000000038,4.999964508872814,0.2852289925255556,3.6439044146834374,4.900597704535556,0.2182993537849624,0.1960239081808057
70.74500000000381,9.0,70.74500000000381,4.999964508872813,0.28522899252538325,3.643904414683128,4.900597704523486,0.21829935377920295,0.19602390818093757
70.76500000000381,9.0,70.76500000000381,4.999964508872815,0.2852289925252888,3.64390441468199,4.900597704521047,0.21829935378709941,0.19602390818145515
70.78500000000382,9.0,70.78500000000382,4.999964508872813,0.2852289925254681,3.643904414683674,4.900597704537605,0.21829935378984144,0.19602390818152715
70.80500000000383,9.0,70.80500000000383,4.999964508872813,0.2852289925254044,3.643904414682731,4.900597704519368,0.21829935377566076,0.19602390818073226
70.82500000000383,9.0,70.82500000000383,4.999964508872813,0.285228992525667,3.6439044146826642,4.900597704521935,0.21829935378152626,0.19602390818086413
70.84500000000384,9.0,70.84500000000384,4.999964508872815,0.28522899252535294,3.643904414682853,4.900597704522839,0.21829935378314627,0.19602390818093213
70.86500000000383,9.0,70.86500000000383,4.999964508872813,0.28522899252594913,3.6439044146824413,4.900597704522488,0.2182993537825832,0.19602390818090432
70.88500000000384,9.0,70.88500000000384,4.999964508872812,0.28522899252558764,3.6439044146828277,4.900597704522762,0.2182993537825903,0.1960239081809102
70.90500000000385,9.0,70.90500000000385,4.999964508872812,0.2852289925256878,3.6439044146821344,4.900597704522173,0.2182993537825872,0.1960239081809201
70.92500000000386,9.0,70.92500000000386,4.999964508872813,0.2852289925260214,3.6439044146832154,4.900597704523183,0.21829935378260096,0.19602390818090815
70.94500000000386,9.0,70.94500000000386,4.999964508872815,0.2852289925252047,3.643904414682425,4.900597704522419,0.21829935378239623,0.1960239081809138
70.94600000000386,9.0,70.94600000000386,4.9999645088728215,0.28522899252498335,3.643904414660918,4.90059770432569,0.21829935349041477,0.1960239081687056
70.96200000000387,9.0,70.96200000000387,4.999964508872823,0.28522899252610917,3.643904414700884,4.900597704679212,0.21829935397201805,0.19602390818814036
70.98200000000388,9.0,70.98200000000388,4.999964508872814,0.28522899252624234,3.643904414683111,4.900597704535276,0.2182993537853652,0.19602390818081586
71.00200000000387,9.0,71.00200000000387,4.999964508872813,0.28522899252532485,3.6439044146831288,4.900597704523448,0.21829935377918652,0.19602390818092116
71.02200000000389,9.0,71.02200000000389,4.999964508872815,0.2852289925255021,3.6439044146826003,4.900597704521732,0.2182993537878326,0.19602390818151275
71.0420000000039,9.0,71.0420000000039,4.9999645088728135,0.28522899252579054,3.643904414683588,4.900597704537521,0.2182993537898188,0.19602390818154405
71.0620000000039,9.0,71.0620000000039,4.999964508872812,0.28522899252537937,3.6439044146820785,4.900597704518768,0.21829935377577533,0.19602390818074633
71.08200000000392,9.0,71.08200000000392,4.9999645088728135,0.28522899252528416,3.6439044146831128,4.900597704522375,0.21829935378184911,0.19602390818087526
71.10200000000391,9.0,71.10200000000391,4.999964508872813,0.2852289925257301,3.6439044146829773,4.9005977045229825,0.21829935378301885,0.1960239081809278
71.12200000000391,9.0,71.12200000000391,4.999964508872814,0.2852289925253506,3.6439044146828485,4.90059770452284,0.21829935378270132,0.1960239081809212
71.14200000000392,9.0,71.14200000000392,4.9999645088728135,0.2852289925258879,3.643904414682736,4.90059770452274,0.21829935378261428,0.196023908180924
71.16200000000393,9.0,71.16200000000393,4.999964508872814,0.2852289925255161,3.6439044146832558,4.900597704523232,0.2182993537823918,0.19602390818090626
71.18200000000394,9.0,71.18200000000394,4.999964508872814,0.28522899252550693,3.643904414683125,4.900597704523079,0.21829935378223148,0.19602390818090612
71.20200000000393,9.0,71.20200000000393,4.999964508872814,0.28522899252521516,3.64390441468264,4.900597704522591,0.21829935378233495,0.19602390818091486
71.20300000000395,9.0,71.20300000000395,4.9999645088728215,0.2852289925245066,3.6439044146623094,4.900597704326855,0.21829935349071497,0.19602390816872464
71.21900000000394,9.0,71.21900000000394,4.999964508872822,0.28522899252595607,3.64390441469965,4.900597704678301,0.21829935397172542,0.1960239081881549
71.23900000000395,9.0,71.23900000000395,4.999964508872814,0.2852289925255445,3.643904414683248,4.900597704535434,0.2182993537851871,0.19602390818080193
71.25900000000397,9.0,71.25900000000397,4.999964508872814,0.28522899252511164,3.6439044146833024,4.900597704523626,0.21829935377940543,0.1960239081809433
71.27900000000396,9.0,71.27900000000396,4.999964508872816,0.28522899252546247,3.6439044146822583,4.900597704521368,0.21829935378761944,0.19602390818150056
71.29900000000397,9.0,71.29900000000397,4.999964508872812,0.2852289925257004,3.643904414683198,4.900597704537194,0.21829935378980414,0.19602390818153434
71.31900000000398,9.0,71.31900000000398,4.999964508872812,0.2852289925254681,3.6439044146829067,4.900597704519562,0.2182993537757327,0.19602390818073054
71.33900000000398,9.0,71.33900000000398,4.999964508872813,0.28522899252537093,3.6439044146834223,4.900597704522696,0.21829935378171855,0.1960239081808826
71.35900000000399,9.0,71.35900000000399,4.999964508872814,0.2852289925254757,3.64390441468272,4.900597704522745,0.218299353782704,0.19602390818091672
71.37900000000398,9.0,71.37900000000398,4.999964508872814,0.28522899252546247,3.643904414682848,4.900597704522857,0.21829935378257032,0.19602390818090773
71.399000000004,9.0,71.399000000004,4.999964508872815,0.2852289925254082,3.6439044146825545,4.900597704522591,0.21829935378268045,0.19602390818092802
71.419000000004,9.0,71.419000000004,4.999964508872814,0.28522899252526307,3.6439044146829636,4.9005977045229905,0.21829935378244242,0.19602390818090576
71.43900000000401,9.0,71.43900000000401,4.999964508872812,0.2852289925255927,3.6439044146829764,4.900597704522963,0.2182993537822679,0.19602390818090118
71.45900000000401,9.0,71.45900000000401,4.999964508872815,0.285228992525452,3.6439044146833504,4.900597704523328,0.21829935378240423,0.19602390818091514
71.46000000000402,9.0,71.46000000000402,4.999964508872822,0.2852289925247495,3.643904414662141,4.90059770432687,0.21829935349018295,0.19602390816871598
71.47600000000402,9.0,71.47600000000402,4.999964508872823,0.28522899252607226,3.6439044147009265,4.900597704679331,0.21829935397129463,0.1960239081881293
71.49600000000403,9.0,71.49600000000403,4.999964508872815,0.2852289925259917,3.643904414683054,4.900597704535232,0.2182993537850339,0.19602390818081106
71.51600000000403,9.0,71.51600000000403,4.999964508872814,0.2852289925256792,3.6439044146834356,4.900597704523798,0.21829935377934595,0.19602390818093923
71.53600000000404,9.0,71.53600000000404,4.999964508872815,0.28522899252540207,3.643904414682779,4.900597704521875,0.21829935378741694,0.19602390818148696
71.55600000000405,9.0,71.55600000000405,4.9999645088728135,0.28522899252515677,3.6439044146835946,4.900597704537597,0.21829935378969223,0.19602390818153959
71.57600000000406,9.0,71.57600000000406,4.9999645088728135,0.28522899252590367,3.6439044146826425,4.9005977045192815,0.21829935377547202,0.196023908180724
71.59600000000407,9.0,71.59600000000407,4.999964508872815,0.28522899252529815,3.6439044146820767,4.900597704521339,0.21829935378161952,0.19602390818087048
71.61600000000406,9.0,71.61600000000406,4.999964508872814,0.28522899252553396,3.643904414683123,4.9005977045231806,0.2182993537831698,0.19602390818091628
71.63600000000407,9.0,71.63600000000407,4.999964508872813,0.2852289925252548,3.64390441468336,4.900597704523395,0.21829935378290916,0.19602390818093554
71.65600000000407,9.0,71.65600000000407,4.999964508872814,0.285228992525722,3.6439044146828254,4.9005977045228315,0.21829935378224302,0.19602390818090804
71.67600000000408,9.0,71.67600000000408,4.999964508872815,0.2852289925257539,3.643904414682908,4.90059770452286,0.21829935378248816,0.19602390818092244
71.69600000000409,9.0,71.69600000000409,4.999964508872815,0.28522899252579265,3.6439044146825394,4.900597704522536,0.21829935378236914,0.19602390818090928
71.71600000000409,9.0,71.71600000000409,4.999964508872814,0.2852289925260003,3.6439044146824533,4.900597704522427,0.21829935378245796,0.1960239081809068
71.7170000000041,9.0,71.7170000000041,4.9999645088728215,0.2852289925248289,3.643904414662178,4.900597704326686,0.21829935349043697,0.19602390816870116
71.7330000000041,9.0,71.7330000000041,4.999964508872822,0.2852289925261907,3.643904414700609,4.900597704679257,0.2182993539717272,0.19602390818814763
71.7530000000041,9.0,71.7530000000041,4.999964508872814,0.28522899252615874,3.6439044146835293,4.900597704535644,0.21829935378488113,0.19602390818079837
71.77300000000412,9.0,71.77300000000412,4.999964508872815,0.285228992525617,3.6439044146833495,4.900597704523685,0.21829935377911858,0.19602390818093363
71.79300000000411,9.0,71.79300000000411,4.999964508872814,0.28522899252528783,3.6439044146819697,4.900597704521093,0.21829935378730192,0.1960239081814791
71.81300000000412,9.0,71.81300000000412,4.999964508872814,0.2852289925260955,3.643904414684131,4.900597704538113,0.2182993537899831,0.19602390818154247
71.83300000000413,9.0,71.83300000000413,4.999964508872815,0.2852289925259888,3.6439044146820105,4.900597704518689,0.2182993537758415,0.1960239081807622
71.85300000000413,9.0,71.85300000000413,4.999964508872815,0.28522899252507106,3.6439044146829245,4.900597704522128,0.21829935378208093,0.19602390818089674
71.87300000000414,9.0,71.87300000000414,4.999964508872815,0.28522899252527273,3.643904414683165,4.900597704523155,0.21829935378284385,0.19602390818090631
71.89300000000415,9.0,71.89300000000415,4.9999645088728135,0.28522899252559936,3.643904414682658,4.900597704522753,0.21829935378256055,0.19602390818091167
71.91300000000416,9.0,71.91300000000416,4.9999645088728135,0.2852289925253774,3.6439044146832216,4.90059770452321,0.21829935378237003,0.196023908180902
71.93300000000416,9.0,71.93300000000416,4.999964508872814,0.28522899252545325,3.6439044146831994,4.9005977045232365,0.21829935378255966,0.1960239081809329
71.95300000000417,9.0,71.95300000000417,4.9999645088728135,0.2852289925253363,3.6439044146823125,4.900597704522276,0.21829935378243487,0.19602390818092755
71.97300000000416,9.0,71.97300000000416,4.999964508872815,0.28522899252548967,3.643904414683196,4.900597704523164,0.21829935378266757,0.1960239081809214
71.97400000000417,9.0,71.97400000000417,4.9999645088728215,0.28522899252500966,3.643904414661645,4.900597704326443,0.21829935349079757,0.19602390816873086
71.99000000000417,9.0,71.99000000000417,4.999964508872822,0.28522899252576994,3.6439044147004154,4.900597704678841,0.21829935397092295,0.1960239081880899
72.01000000000418,9.0,72.01000000000418,4.999964508872815,0.2852289925253913,3.643904414683011,4.900597704535132,0.21829935378522264,0.1960239081808088
72.03000000000418,9.0,72.03000000000418,4.999964508872815,0.28522899252547473,3.643904414683682,4.900597704524057,0.21829935377921092,0.19602390818091994
72.05000000000419,9.0,72.05000000000419,4.9999645088728135,0.28522899252544975,3.6439044146825745,4.9005977045216875,0.2182993537875133,0.19602390818150098
72.0700000000042,9.0,72.0700000000042,4.9999645088728135,0.2852289925253911,3.643904414683845,4.900597704537821,0.2182993537896709,0.19602390818153528
72.09000000000421,9.0,72.09000000000421,4.9999645088728135,0.28522899252507994,3.643904414681916,4.900597704518585,0.21829935377581175,0.19602390818075793
72.11000000000422,9.0,72.11000000000422,4.999964508872816,0.28522899252557044,3.6439044146828565,4.9005977045220925,0.21829935378199078,0.1960239081808845
72.13000000000422,9.0,72.13000000000422,4.999964508872815,0.28522899252535916,3.643904414682605,4.9005977045226,0.2182993537829518,0.19602390818091275
72.15000000000423,9.0,72.15000000000423,4.999964508872815,0.2852289925250232,3.643904414682555,4.900597704522547,0.21829935378272486,0.19602390818090967
72.17000000000424,9.0,72.17000000000424,4.9999645088728135,0.2852289925258145,3.6439044146827033,4.900597704522683,0.21829935378268844,0.19602390818091833
72.19000000000423,9.0,72.19000000000423,4.999964508872814,0.28522899252541584,3.643904414683294,4.900597704523275,0.21829935378238557,0.19602390818090132
72.21000000000424,9.0,72.21000000000424,4.999964508872814,0.28522899252539047,3.643904414683008,4.900597704523012,0.21829935378235849,0.19602390818091767
72.23000000000424,9.0,72.23000000000424,4.999964508872817,0.2852289925257645,3.643904414683179,4.900597704523196,0.2182993537822155,0.1960239081809036
72.23100000000426,9.0,72.23100000000426,4.999964508872824,0.2852289925247417,3.6439044146622983,4.900597704326972,0.21829935348999732,0.19602390816870735
72.24700000000425,9.0,72.24700000000425,4.999964508872824,0.28522899252566225,3.6439044146998096,4.900597704678331,0.21829935397070047,0.19602390818809223
72.26700000000426,9.0,72.26700000000426,4.999964508872816,0.2852289925260023,3.643904414683723,4.900597704535864,0.21829935378519288,0.19602390818080312
72.28700000000427,9.0,72.28700000000427,4.999964508872815,0.2852289925255985,3.6439044146832456,4.9005977045235465,0.2182993537791012,0.19602390818092835
72.30700000000427,9.0,72.30700000000427,4.999964508872816,0.2852289925252551,3.64390441468227,4.900597704521519,0.218299353787758,0.19602390818151322
72.32700000000428,9.0,72.32700000000428,4.9999645088728135,0.2852289925259328,3.643904414683317,4.9005977045372635,0.21829935378960208,0.196023908181521
72.34700000000429,9.0,72.34700000000429,4.999964508872812,0.28522899252547246,3.643904414682583,4.90059770451917,0.2182993537757034,0.19602390818073093
72.36700000000428,9.0,72.36700000000428,4.999964508872816,0.28522899252533485,3.6439044146829414,4.900597704522222,0.21829935378198856,0.1960239081808953
72.38700000000429,9.0,72.38700000000429,4.999964508872814,0.28522899252551015,3.6439044146826864,4.900597704522746,0.2182993537830677,0.19602390818093093
72.4070000000043,9.0,72.4070000000043,4.999964508872815,0.2852289925252792,3.6439044146831137,4.900597704523147,0.21829935378272974,0.19602390818091647
72.42700000000431,9.0,72.42700000000431,4.9999645088728135,0.28522899252570966,3.6439044146819133,4.900597704521923,0.218299353782398,0.1960239081809118
72.44700000000432,9.0,72.44700000000432,4.999964508872816,0.2852289925256533,3.643904414682699,4.900597704522665,0.2182993537827213,0.196023908180914
72.46700000000432,9.0,72.46700000000432,4.999964508872814,0.28522899252578704,3.6439044146828508,4.9005977045228,0.2182993537827102,0.19602390818092424
72.48700000000431,9.0,72.48700000000431,4.999964508872815,0.28522899252543,3.64390441468244,4.900597704522413,0.21829935378236914,0.19602390818090404
72.48800000000432,9.0,72.48800000000432,4.999964508872822,0.2852289925246839,3.6439044146620754,4.900597704326609,0.2182993534903437,0.19602390816869908
72.50400000000432,9.0,72.50400000000432,4.999964508872825,0.2852289925259106,3.643904414700268,4.900597704678867,0.21829935397150826,0.1960239081881305
72.52400000000434,9.0,72.52400000000434,4.999964508872817,0.2852289925260142,3.643904414683478,4.900597704535644,0.21829935378503346,0.19602390818079926
72.54400000000433,9.0,72.54400000000433,4.999964508872818,0.28522899252513206,3.6439044146837403,4.900597704524055,0.218299353779099,0.19602390818092766
72.56400000000434,9.0,72.56400000000434,4.999964508872815,0.2852289925257641,3.643904414682371,4.900597704521452,0.21829935378724508,0.19602390818148369
72.58400000000435,9.0,72.58400000000435,4.999964508872815,0.2852289925252809,3.643904414683541,4.900597704537441,0.21829935378960297,0.19602390818152365
72.60400000000436,9.0,72.60400000000436,4.999964508872814,0.28522899252592376,3.6439044146826998,4.90059770451935,0.21829935377593965,0.19602390818075577
72.62400000000437,9.0,72.62400000000437,4.999964508872816,0.2852289925256396,3.643904414682404,4.900597704521688,0.21829935378185222,0.1960239081808899
72.64400000000437,9.0,72.64400000000437,4.999964508872814,0.28522899252594935,3.643904414682472,4.9005977045225135,0.21829935378303617,0.1960239081809151
72.66400000000438,9.0,72.66400000000438,4.999964508872816,0.28522899252567757,3.643904414682737,4.900597704522781,0.21829935378300686,0.1960239081809287
72.68400000000439,9.0,72.68400000000439,4.999964508872814,0.28522899252622047,3.6439044146828667,4.900597704522849,0.21829935378258986,0.196023908180915
72.70400000000438,9.0,72.70400000000438,4.999964508872816,0.2852289925259179,3.6439044146826203,4.900597704522657,0.21829935378251836,0.19602390818091908
72.7240000000044,9.0,72.7240000000044,4.999964508872817,0.2852289925257839,3.6439044146832322,4.9005977045231575,0.2182993537825832,0.19602390818092147
72.7440000000044,9.0,72.7440000000044,4.999964508872816,0.28522899252635586,3.6439044146830524,4.9005977045230615,0.21829935378228033,0.19602390818090784
72.74500000000441,9.0,72.74500000000441,4.9999645088728215,0.28522899252462564,3.643904414661708,4.900597704326506,0.21829935349032417,0.1960239081687175
72.7610000000044,9.0,72.7610000000044,4.999964508872824,0.2852289925259435,3.643904414699809,4.9005977046782405,0.21829935397147407,0.19602390818813015
72.78100000000441,9.0,72.78100000000441,4.999964508872815,0.28522899252541034,3.6439044146834445,4.90059770453552,0.2182993537855082,0.19602390818081797
72.80100000000442,9.0,72.80100000000442,4.999964508872814,0.2852289925254672,3.6439044146838953,4.90059770452424,0.21829935377939033,0.1960239081809399
72.82100000000442,9.0,72.82100000000442,4.999964508872815,0.28522899252499256,3.643904414682459,4.9005977045215925,0.21829935378753995,0.1960239081815105
72.84100000000443,9.0,72.84100000000443,4.999964508872814,0.2852289925254026,3.643904414683973,4.900597704537935,0.21829935378951815,0.1960239081815219
72.86100000000444,9.0,72.86100000000444,4.999964508872814,0.28522899252552086,3.6439044146827304,4.900597704519373,0.218299353775651,0.1960239081807469
72.88100000000443,9.0,72.88100000000443,4.999964508872814,0.28522899252592804,3.6439044146827486,4.900597704522021,0.21829935378130555,0.196023908180849
72.90100000000444,9.0,72.90100000000444,4.999964508872816,0.2852289925255578,3.6439044146826682,4.900597704522684,0.2182993537829438,0.19602390818091717
72.92100000000445,9.0,72.92100000000445,4.999964508872816,0.28522899252553835,3.643904414682909,4.900597704522937,0.2182993537826618,0.19602390818090684
72.94100000000446,9.0,72.94100000000446,4.999964508872815,0.2852289925256004,3.643904414682614,4.900597704522625,0.21829935378249837,0.19602390818091317
72.96100000000447,9.0,72.96100000000447,4.999964508872815,0.28522899252545236,3.6439044146828214,4.90059770452278,0.21829935378266713,0.1960239081809267
72.98100000000447,9.0,72.98100000000447,4.999964508872814,0.285228992525802,3.643904414682768,4.9005977045227604,0.21829935378261517,0.1960239081809254
73.00100000000448,9.0,73.00100000000448,4.999964508872815,0.28522899252606576,3.6439044146832247,4.900597704523259,0.21829935378233628,0.19602390818090207
73.00200000000447,9.0,73.00200000000447,4.9999645088728215,0.28522899252464046,3.6439044146616664,4.900597704326521,0.21829935349029486,0.1960239081687159
73.01800000000448,9.0,73.01800000000448,4.9999645088728215,0.28522899252566286,3.64390441470049,4.900597704678823,0.21829935397155045,0.1960239081881355
73.03800000000449,9.0,73.03800000000449,4.999964508872816,0.2852289925261902,3.643904414683437,4.900597704535569,0.21829935378511606,0.19602390818079965
73.05800000000448,9.0,73.05800000000448,4.999964508872816,0.2852289925257233,3.643904414683639,4.90059770452402,0.21829935377914297,0.19602390818092538
73.0780000000045,9.0,73.0780000000045,4.999964508872816,0.2852289925252408,3.6439044146820434,4.900597704521185,0.21829935378717757,0.19602390818147514
73.0980000000045,9.0,73.0980000000045,4.999964508872815,0.2852289925254793,3.6439044146833406,4.900597704537354,0.2182993537897402,0.19602390818152735
73.11800000000451,9.0,73.11800000000451,4.999964508872814,0.28522899252559614,3.643904414682249,4.90059770451893,0.218299353775778,0.19602390818073737
73.13800000000452,9.0,73.13800000000452,4.999964508872815,0.2852289925253688,3.643904414683012,4.900597704522277,0.2182993537814903,0.19602390818084675
73.15800000000452,9.0,73.15800000000452,4.999964508872815,0.28522899252536865,3.6439044146825017,4.900597704522506,0.2182993537829327,0.19602390818091905
73.17800000000453,9.0,73.17800000000453,4.999964508872817,0.28522899252537376,3.643904414683211,4.9005977045232365,0.21829935378296467,0.19602390818092996
73.19800000000454,9.0,73.19800000000454,4.999964508872814,0.2852289925257608,3.6439044146827033,4.900597704522745,0.21829935378265514,0.19602390818093413
73.21800000000454,9.0,73.21800000000454,4.999964508872814,0.28522899252544226,3.6439044146825084,4.900597704522492,0.21829935378252946,0.19602390818092105
73.23800000000455,9.0,73.23800000000455,4.999964508872816,0.2852289925254629,3.6439044146828183,4.9005977045228475,0.21829935378250592,0.19602390818090976
73.25800000000456,9.0,73.25800000000456,4.999964508872816,0.2852289925248468,3.6439044146831856,4.90059770452322,0.21829935378243576,0.19602390818091034
73.25900000000456,9.0,73.25900000000456,4.999964508872822,0.28522899252429823,3.643904414661848,4.9005977043266755,0.2182993534904956,0.19602390816872337
73.27500000000455,9.0,73.27500000000455,4.999964508872824,0.28522899252586814,3.643904414699835,4.900597704678286,0.2182993539714501,0.19602390818813326
73.29500000000456,9.0,73.29500000000456,4.999964508872814,0.28522899252540246,3.6439044146833752,4.900597704535474,0.21829935378550197,0.19602390818082258
73.31500000000457,9.0,73.31500000000457,4.999964508872816,0.28522899252549083,3.643904414683306,4.900597704523631,0.21829935377915052,0.19602390818092028
73.33500000000457,9.0,73.33500000000457,4.999964508872818,0.2852289925261725,3.6439044146820825,4.900597704521177,0.21829935378772025,0.1960239081815089
73.35500000000458,9.0,73.35500000000458,4.999964508872814,0.28522899252589407,3.6439044146835835,4.900597704537539,0.2182993537899307,0.1960239081815398
73.37500000000459,9.0,73.37500000000459,4.999964508872815,0.2852289925255553,3.6439044146819657,4.900597704518622,0.21829935377578022,0.19602390818074245
73.39500000000459,9.0,73.39500000000459,4.999964508872817,0.2852289925259225,3.6439044146828974,4.9005977045222195,0.21829935378217463,0.19602390818089815
73.4150000000046,9.0,73.4150000000046,4.999964508872817,0.28522899252533507,3.6439044146827455,4.9005977045228075,0.21829935378283277,0.19602390818090676
73.4350000000046,9.0,73.4350000000046,4.999964508872818,0.2852289925252421,3.6439044146826913,4.900597704522699,0.218299353782696,0.19602390818091464
73.45500000000462,9.0,73.45500000000462,4.999964508872815,0.2852289925252883,3.643904414682201,4.900597704522205,0.21829935378272708,0.1960239081809281
73.47500000000463,9.0,73.47500000000463,4.999964508872814,0.28522899252533446,3.6439044146828716,4.900597704522849,0.2182993537828261,0.19602390818092702
73.49500000000462,9.0,73.49500000000462,4.999964508872816,0.28522899252570566,3.643904414683106,4.900597704523136,0.21829935378258497,0.1960239081809208
73.51500000000463,9.0,73.51500000000463,4.999964508872817,0.28522899252528544,3.643904414682032,4.900597704522042,0.2182993537823385,0.19602390818091292
73.51600000000462,9.0,73.51600000000462,4.999964508872824,0.28522899252510314,3.6439044146617077,4.900597704326262,0.21829935349057464,0.19602390816870582
73.53200000000464,9.0,73.53200000000464,4.999964508872822,0.2852289925262996,3.6439044147000548,4.900597704678678,0.2182993539720434,0.19602390818815618
73.55200000000464,9.0,73.55200000000464,4.999964508872817,0.2852289925258337,3.64390441468362,4.9005977045357785,0.21829935378522264,0.19602390818080406
73.57200000000464,9.0,73.57200000000464,4.999964508872819,0.2852289925251153,3.643904414683288,4.900597704523634,0.21829935377927756,0.19602390818094292
73.59200000000465,9.0,73.59200000000465,4.999964508872817,0.2852289925256108,3.6439044146822246,4.900597704521283,0.21829935378769805,0.19602390818151116
73.61200000000466,9.0,73.61200000000466,4.999964508872816,0.28522899252540035,3.6439044146831012,4.900597704537093,0.21829935378994003,0.19602390818154422
73.63200000000467,9.0,73.63200000000467,4.999964508872814,0.2852289925257738,3.6439044146828556,4.9005977045195035,0.21829935377602047,0.1960239081807512
73.65200000000468,9.0,73.65200000000468,4.999964508872815,0.2852289925260091,3.64390441468248,4.900597704521761,0.21829935378188775,0.19602390818089419
73.67200000000467,9.0,73.67200000000467,4.999964508872815,0.28522899252627687,3.643904414683037,4.900597704523066,0.2182993537830126,0.19602390818091642
73.69200000000468,9.0,73.69200000000468,4.999964508872818,0.2852289925254623,3.6439044146832016,4.900597704523229,0.21829935378250948,0.19602390818090315
73.71200000000469,9.0,73.71200000000469,4.999964508872814,0.2852289925256854,3.6439044146823716,4.90059770452237,0.2182993537822257,0.19602390818090176
73.73200000000469,9.0,73.73200000000469,4.999964508872814,0.28522899252535555,3.6439044146825106,4.900597704522479,0.21829935378263027,0.19602390818091991
73.7520000000047,9.0,73.7520000000047,4.999964508872816,0.2852289925256136,3.6439044146826576,4.900597704522651,0.21829935378285098,0.196023908180935
73.77200000000471,9.0,73.77200000000471,4.999964508872816,0.2852289925256089,3.6439044146818875,4.900597704521878,0.21829935378273463,0.1960239081809295
73.77300000000471,9.0,73.77300000000471,4.999964508872824,0.2852289925249357,3.6439044146622797,4.900597704326714,0.21829935349114837,0.1960239081687185
73.78900000000472,9.0,73.78900000000472,4.999964508872825,0.2852289925256499,3.643904414700378,4.900597704679094,0.2182993539719519,0.1960239081881602
73.80900000000472,9.0,73.80900000000472,4.999964508872817,0.28522899252606165,3.643904414683391,4.900597704535568,0.21829935378532123,0.19602390818083376
73.82900000000473,9.0,73.82900000000473,4.999964508872816,0.2852289925259953,3.6439044146838797,4.900597704524294,0.21829935377906703,0.19602390818092785
73.84900000000472,9.0,73.84900000000472,4.999964508872817,0.2852289925259411,3.643904414682366,4.900597704521539,0.21829935378716336,0.19602390818148405
73.86900000000473,9.0,73.86900000000473,4.999964508872815,0.2852289925258324,3.6439044146846187,4.900597704538569,0.21829935378955057,0.19602390818152376
73.88900000000474,9.0,73.88900000000474,4.999964508872813,0.28522899252556183,3.6439044146828388,4.900597704519536,0.21829935377544182,0.19602390818074572
73.90900000000474,9.0,73.90900000000474,4.999964508872815,0.28522899252579725,3.6439044146834205,4.900597704522708,0.21829935378136062,0.19602390818086335
73.92900000000475,9.0,73.92900000000475,4.999964508872817,0.285228992525906,3.6439044146830377,4.900597704523092,0.21829935378270088,0.1960239081809176
73.94900000000476,9.0,73.94900000000476,4.999964508872816,0.2852289925256293,3.6439044146824973,4.900597704522538,0.21829935378275817,0.19602390818093213
73.96900000000477,9.0,73.96900000000477,4.999964508872815,0.28522899252549283,3.64390441468296,4.900597704522906,0.21829935378272886,0.1960239081809257
73.98900000000478,9.0,73.98900000000478,4.999964508872818,0.28522899252525197,3.643904414682377,4.900597704522363,0.21829935378256365,0.19602390818092197
74.00900000000478,9.0,74.00900000000478,4.999964508872818,0.28522899252562367,3.6439044146827846,4.900597704522742,0.21829935378262005,0.19602390818091575
74.02900000000479,9.0,74.02900000000479,4.999964508872817,0.2852289925255024,3.643904414682983,4.900597704523003,0.21829935378248683,0.19602390818091084
74.03000000000478,9.0,74.03000000000478,4.999964508872823,0.2852289925246483,3.643904414662335,4.90059770432698,0.2182993534904565,0.19602390816871523
74.0460000000048,9.0,74.0460000000048,4.999964508872822,0.2852289925260184,3.643904414700397,4.9005977046789475,0.21829935397147318,0.19602390818814133
74.06600000000479,9.0,74.06600000000479,4.999964508872817,0.2852289925261547,3.6439044146836257,4.900597704535713,0.21829935378523818,0.1960239081808235
74.0860000000048,9.0,74.0860000000048,4.999964508872819,0.285228992525624,3.6439044146836905,4.900597704524027,0.21829935377910611,0.1960239081809315
74.1060000000048,9.0,74.1060000000048,4.999964508872817,0.2852289925256023,3.6439044146820647,4.900597704521166,0.21829935378739296,0.19602390818149584
74.12600000000481,9.0,74.12600000000481,4.999964508872817,0.2852289925253635,3.643904414683387,4.9005977045372955,0.21829935378988763,0.19602390818153942
74.14600000000482,9.0,74.14600000000482,4.999964508872814,0.28522899252580963,3.6439044146823765,4.9005977045190425,0.21829935377576468,0.19602390818073417
74.16600000000483,9.0,74.16600000000483,4.999964508872818,0.2852289925254859,3.6439044146826194,4.900597704521888,0.2182993537819255,0.1960239081808859
74.18600000000482,9.0,74.18600000000482,4.999964508872817,0.28522899252557277,3.643904414683123,4.900597704523137,0.218299353783061,0.19602390818092003
74.20600000000483,9.0,74.20600000000483,4.999964508872816,0.28522899252561756,3.643904414682923,4.900597704522946,0.2182993537825592,0.19602390818090976
74.22600000000484,9.0,74.22600000000484,4.999964508872814,0.2852289925255146,3.6439044146832904,4.90059770452329,0.2182993537824513,0.19602390818091395
74.24600000000484,9.0,74.24600000000484,4.999964508872816,0.2852289925257423,3.6439044146829485,4.900597704522937,0.2182993537821551,0.19602390818090282
74.26600000000485,9.0,74.26600000000485,4.999964508872819,0.2852289925256222,3.6439044146831776,4.900597704523135,0.21829935378241666,0.1960239081809188
74.28600000000486,9.0,74.28600000000486,4.999964508872817,0.285228992525441,3.6439044146832735,4.900597704523278,0.2182993537823767,0.19602390818091792
74.28700000000487,9.0,74.28700000000487,4.999964508872824,0.2852289925248041,3.6439044146622233,4.900597704326918,0.21829935349015808,0.19602390816871615
74.30300000000487,9.0,74.30300000000487,4.999964508872824,0.28522899252603967,3.643904414700845,4.900597704679325,0.21829935397143055,0.1960239081881402
74.32300000000487,9.0,74.32300000000487,4.999964508872818,0.2852289925255032,3.643904414683043,4.900597704535166,0.21829935378505388,0.19602390818081347
74.34300000000488,9.0,74.34300000000488,4.999964508872815,0.2852289925258525,3.643904414683123,4.900597704523469,0.21829935377949738,0.19602390818095042
74.36300000000489,9.0,74.36300000000489,4.999964508872818,0.285228992525605,3.643904414682355,4.9005977045214735,0.21829935378740184,0.19602390818147603
74.38300000000488,9.0,74.38300000000488,4.999964508872816,0.28522899252531525,3.643904414683505,4.900597704537516,0.21829935378986987,0.19602390818154047
74.4030000000049,9.0,74.4030000000049,4.9999645088728135,0.28522899252527184,3.6439044146821704,4.900597704518816,0.21829935377561546,0.19602390818072998
74.42300000000489,9.0,74.42300000000489,4.999964508872818,0.2852289925257448,3.643904414682331,4.900597704521612,0.21829935378189352,0.19602390818087986
74.4430000000049,9.0,74.4430000000049,4.999964508872819,0.28522899252557743,3.6439044146826647,4.900597704522686,0.21829935378315293,0.19602390818091864
74.46300000000491,9.0,74.46300000000491,4.999964508872815,0.2852289925255834,3.643904414682054,4.900597704522103,0.21829935378277726,0.19602390818091284
74.48300000000492,9.0,74.48300000000492,4.999964508872818,0.28522899252548534,3.6439044146827397,4.9005977045226965,0.21829935378287674,0.19602390818092236
74.50300000000493,9.0,74.50300000000493,4.999964508872816,0.2852289925256594,3.643904414683338,4.900597704523288,0.21829935378256765,0.1960239081809135
74.52300000000493,9.0,74.52300000000493,4.999964508872815,0.28522899252570266,3.6439044146826762,4.900597704522656,0.21829935378229498,0.19602390818091242
74.54300000000494,9.0,74.54300000000494,4.999964508872817,0.285228992525485,3.643904414682821,4.900597704522764,0.21829935378244997,0.1960239081809141
74.54400000000493,9.0,74.54400000000493,4.999964508872823,0.2852289925248695,3.6439044146618107,4.9005977043264535,0.21829935349057553,0.19602390816871787
74.56000000000495,9.0,74.56000000000495,4.999964508872827,0.2852289925259277,3.6439044147009123,4.900597704679419,0.21829935397172628,0.1960239081881435
74.58000000000494,9.0,74.58000000000494,4.999964508872817,0.285228992526049,3.6439044146831563,4.900597704535327,0.2182993537851245,0.19602390818081536
74.60000000000495,9.0,74.60000000000495,4.999964508872818,0.2852289925258308,3.6439044146830653,4.900597704523424,0.2182993537790524,0.1960239081809173
74.62000000000496,9.0,74.62000000000496,4.999964508872817,0.28522899252588835,3.6439044146825132,4.900597704521602,0.21829935378719445,0.1960239081814593
74.64000000000497,9.0,74.64000000000497,4.999964508872819,0.2852289925253387,3.6439044146834663,4.900597704537462,0.21829935378983167,0.19602390818154092
74.66000000000497,9.0,74.66000000000497,4.999964508872814,0.28522899252537437,3.6439044146824786,4.900597704519132,0.21829935377582463,0.19602390818074722
74.68000000000498,9.0,74.68000000000498,4.999964508872817,0.28522899252548845,3.64390441468252,4.900597704521817,0.2182993537819375,0.19602390818089194
74.70000000000498,9.0,74.70000000000498,4.999964508872817,0.28522899252527134,3.6439044146828374,4.9005977045228155,0.21829935378298018,0.19602390818091237
74.72000000000499,9.0,74.72000000000499,4.999964508872818,0.2852289925257787,3.6439044146833295,4.900597704523376,0.21829935378268886,0.19602390818091117
74.740000000005,9.0,74.740000000005,4.999964508872818,0.28522899252576617,3.643904414682828,4.9005977045228075,0.21829935378244641,0.19602390818092233
74.760000000005,9.0,74.760000000005,4.999964508872817,0.285228992526097,3.6439044146826007,4.900597704522616,0.2182993537824584,0.1960239081809185
74.780000000005,9.0,74.780000000005,4.999964508872819,0.28522899252551615,3.643904414682733,4.900597704522684,0.21829935378262716,0.19602390818092413
74.80000000000501,9.0,74.80000000000501,4.999964508872818,0.2852289925252401,3.64390441468322,4.900597704523234,0.21829935378252147,0.1960239081809142
74.80100000000502,9.0,74.80100000000502,4.999964508872824,0.2852289925244618,3.643904414662282,4.900597704326945,0.21829935349053467,0.1960239081687238
74.81700000000502,9.0,74.81700000000502,4.999964508872825,0.28522899252610023,3.643904414700039,4.900597704678686,0.21829935397137326,0.19602390818813542
74.83700000000502,9.0,74.83700000000502,4.999964508872818,0.2852289925258122,3.6439044146831434,4.900597704535299,0.2182993537850148,0.19602390818079748
74.85700000000503,9.0,74.85700000000503,4.999964508872818,0.2852289925259127,3.6439044146834982,4.900597704523874,0.21829935377924245,0.19602390818092869
74.87700000000504,9.0,74.87700000000504,4.999964508872817,0.285228992525002,3.6439044146825603,4.900597704521704,0.21829935378739118,0.19602390818148713
74.89700000000505,9.0,74.89700000000505,4.999964508872818,0.28522899252585554,3.643904414683914,4.900597704537904,0.21829935378961318,0.19602390818152926
74.91700000000505,9.0,74.91700000000505,4.999964508872816,0.2852289925252995,3.64390441468274,4.900597704519346,0.21829935377554396,0.1960239081807373
74.93700000000504,9.0,74.93700000000504,4.999964508872817,0.28522899252525397,3.643904414682296,4.900597704521578,0.2182993537818691,0.19602390818089593
74.95700000000505,9.0,74.95700000000505,4.999964508872817,0.2852289925252906,3.6439044146823463,4.900597704522362,0.2182993537830739,0.19602390818091578
74.97700000000506,9.0,74.97700000000506,4.999964508872817,0.2852289925257532,3.6439044146826336,4.900597704522633,0.21829935378306903,0.1960239081809284
74.99700000000507,9.0,74.99700000000507,4.999964508872818,0.28522899252583284,3.6439044146827517,4.900597704522716,0.2182993537828572,0.19602390818093185
75.01700000000508,9.0,75.01700000000508,4.999964508872818,0.28522899252566786,3.6439044146833934,4.900597704523399,0.21829935378247262,0.19602390818091003
75.03700000000508,9.0,75.03700000000508,4.999964508872818,0.28522899252551376,3.643904414683219,4.900597704523209,0.218299353782406,0.19602390818092574
75.05700000000509,9.0,75.05700000000509,4.999964508872818,0.285228992525422,3.6439044146826105,4.900597704522606,0.21829935378249038,0.1960239081809336
75.05800000000508,9.0,75.05800000000508,4.999964508872824,0.2852289925248527,3.6439044146621846,4.900597704326722,0.21829935349021404,0.19602390816870657
75.0740000000051,9.0,75.0740000000051,4.999964508872825,0.28522899252575434,3.6439044147004123,4.900597704679058,0.21829935397169478,0.19602390818814935
75.0940000000051,9.0,75.0940000000051,4.999964508872819,0.28522899252629197,3.6439044146830986,4.900597704535261,0.21829935378514537,0.19602390818081286
75.1140000000051,9.0,75.1140000000051,4.999964508872819,0.28522899252573974,3.6439044146831834,4.90059770452353,0.2182993537792638,0.19602390818093157
75.13400000000512,9.0,75.13400000000512,4.999964508872818,0.2852289925258117,3.643904414682506,4.900597704521632,0.21829935378776066,0.19602390818150903
75.15400000000513,9.0,75.15400000000513,4.999964508872817,0.28522899252555456,3.643904414684014,4.900597704538022,0.2182993537895972,0.1960239081815228
75.17400000000512,9.0,75.17400000000512,4.999964508872819,0.28522899252526623,3.6439044146820585,4.900597704518756,0.2182993537758002,0.19602390818076118
75.19400000000513,9.0,75.19400000000513,4.999964508872818,0.2852289925255948,3.643904414682483,4.900597704521735,0.21829935378201876,0.19602390818089344
75.21400000000513,9.0,75.21400000000513,4.999964508872818,0.28522899252516976,3.6439044146827424,4.90059770452278,0.21829935378313606,0.19602390818092047
75.23400000000514,9.0,75.23400000000514,4.999964508872817,0.28522899252531897,3.6439044146828694,4.900597704522904,0.2182993537828976,0.19602390818092627
75.25400000000515,9.0,75.25400000000515,4.999964508872817,0.2852289925252755,3.643904414682281,4.900597704522321,0.21829935378245796,0.19602390818090978
75.27400000000515,9.0,75.27400000000515,4.999964508872814,0.28522899252564193,3.6439044146824577,4.9005977045224105,0.21829935378263338,0.19602390818091575
75.29400000000516,9.0,75.29400000000516,4.999964508872814,0.2852289925252334,3.643904414683111,4.900597704523075,0.21829935378257298,0.19602390818090912
75.31400000000517,9.0,75.31400000000517,4.999964508872818,0.28522899252579376,3.643904414682641,4.900597704522653,0.218299353782271,0.19602390818090168
75.31500000000517,9.0,75.31500000000517,4.999964508872825,0.2852289925249156,3.6439044146621105,4.900597704326726,0.21829935349032506,0.19602390816870624
75.33100000000518,9.0,75.33100000000518,4.999964508872828,0.285228992525518,3.643904414700561,4.900597704679078,0.21829935397099934,0.196023908188102
75.35100000000517,9.0,75.35100000000517,4.99996450887282,0.28522899252593875,3.6439044146832495,4.900597704535408,0.21829935378531323,0.19602390818082882
75.37100000000518,9.0,75.37100000000518,4.999964508872818,0.2852289925260032,3.643904414683138,4.90059770452347,0.218299353779294,0.19602390818093923
75.39100000000519,9.0,75.39100000000519,4.999964508872819,0.2852289925253715,3.6439044146823725,4.900597704521466,0.21829935378760834,0.19602390818149615
75.4110000000052,9.0,75.4110000000052,4.999964508872818,0.2852289925252808,3.643904414684082,4.900597704538032,0.21829935378982368,0.196023908181537
75.4310000000052,9.0,75.4310000000052,4.999964508872816,0.2852289925251298,3.6439044146820727,4.900597704518713,0.21829935377545914,0.1960239081807309
75.45100000000521,9.0,75.45100000000521,4.999964508872817,0.28522899252610273,3.6439044146824284,4.90059770452173,0.21829935378183446,0.19602390818087653
75.47100000000522,9.0,75.47100000000522,4.999964508872819,0.28522899252599526,3.6439044146824835,4.900597704522492,0.21829935378329995,0.1960239081809339
75.49100000000522,9.0,75.49100000000522,4.999964508872819,0.28522899252632766,3.643904414682906,4.900597704522959,0.21829935378298287,0.1960239081809255
75.51100000000523,9.0,75.51100000000523,4.999964508872817,0.28522899252551714,3.6439044146830266,4.900597704523033,0.21829935378240822,0.1960239081809046
75.53100000000524,9.0,75.53100000000524,4.999964508872817,0.2852289925252833,3.6439044146827886,4.9005977045228,0.21829935378266757,0.1960239081809385
75.55100000000523,9.0,75.55100000000523,4.999964508872819,0.28522899252548156,3.643904414683319,4.900597704523286,0.2182993537824544,0.19602390818091642
75.57100000000524,9.0,75.57100000000524,4.99996450887282,0.28522899252544615,3.643904414683381,4.90059770452341,0.21829935378231097,0.19602390818091525
75.57200000000525,9.0,75.57200000000525,4.999964508872826,0.28522899252513234,3.64390441466238,4.900597704327073,0.2182993534903144,0.19602390816872692
75.58800000000525,9.0,75.58800000000525,4.999964508872828,0.28522899252593925,3.6439044147005664,4.900597704679078,0.21829935397112413,0.19602390818812512
75.60800000000525,9.0,75.60800000000525,4.999964508872821,0.28522899252569806,3.6439044146833557,4.900597704535478,0.21829935378498017,0.196023908180804
75.62800000000526,9.0,75.62800000000526,4.999964508872821,0.2852289925254851,3.6439044146832766,4.9005977045236975,0.21829935377939746,0.19602390818094886
75.64800000000527,9.0,75.64800000000527,4.999964508872821,0.28522899252620365,3.643904414682362,4.900597704521508,0.21829935378742982,0.19602390818148696
75.66800000000528,9.0,75.66800000000528,4.999964508872818,0.2852289925258924,3.643904414683499,4.900597704537495,0.21829935378974064,0.1960239081815328
75.68800000000527,9.0,75.68800000000527,4.999964508872818,0.28522899252561196,3.6439044146820563,4.900597704518706,0.218299353775782,0.19602390818074392
75.70800000000528,9.0,75.70800000000528,4.999964508872817,0.28522899252521267,3.6439044146825235,4.900597704521818,0.21829935378206716,0.1960239081808911
75.7280000000053,9.0,75.7280000000053,4.999964508872818,0.28522899252530765,3.6439044146829236,4.900597704522916,0.21829935378316093,0.19602390818092383
75.7480000000053,9.0,75.7480000000053,4.999964508872819,0.28522899252597145,3.6439044146831367,4.900597704523125,0.21829935378279947,0.19602390818092275
75.7680000000053,9.0,75.7680000000053,4.999964508872818,0.28522899252561545,3.643904414682944,4.900597704522932,0.21829935378252946,0.19602390818092358
75.7880000000053,9.0,75.7880000000053,4.999964508872818,0.2852289925253091,3.643904414683214,4.900597704523205,0.21829935378247795,0.1960239081809217
75.80800000000531,9.0,75.80800000000531,4.99996450887282,0.28522899252527006,3.643904414682251,4.900597704522227,0.2182993537823647,0.19602390818091903
75.82800000000532,9.0,75.82800000000532,4.999964508872819,0.28522899252550127,3.643904414682908,4.9005977045228875,0.21829935378256188,0.1960239081809104
75.82900000000532,9.0,75.82900000000532,4.999964508872826,0.28522899252450395,3.643904414661679,4.900597704326474,0.21829935349038812,0.19602390816870677
75.84500000000533,9.0,75.84500000000533,4.999964508872828,0.2852289925257353,3.643904414700624,4.900597704679028,0.21829935397170763,0.19602390818814197
75.86500000000532,9.0,75.86500000000532,4.999964508872819,0.2852289925251948,3.6439044146837443,4.900597704535876,0.21829935378502635,0.19602390818079898
75.88500000000533,9.0,75.88500000000533,4.999964508872818,0.28522899252549166,3.643904414683444,4.900597704523725,0.2182993537791434,0.19602390818093732
75.90500000000534,9.0,75.90500000000534,4.999964508872819,0.2852289925258179,3.6439044146827797,4.900597704521976,0.21829935378739873,0.19602390818148938
75.92500000000535,9.0,75.92500000000535,4.999964508872819,0.285228992525485,3.643904414683571,4.900597704537569,0.2182993537893494,0.196023908181514
75.94500000000535,9.0,75.94500000000535,4.999964508872817,0.28522899252581624,3.6439044146822233,4.900597704518906,0.2182993537758979,0.19602390818075993
75.96500000000536,9.0,75.96500000000536,4.999964508872818,0.285228992525658,3.6439044146827357,4.900597704521943,0.21829935378205517,0.19602390818089663
75.98500000000537,9.0,75.98500000000537,4.99996450887282,0.2852289925254187,3.6439044146829445,4.90059770452298,0.21829935378315293,0.19602390818092805
76.00500000000538,9.0,76.00500000000538,4.999964508872817,0.28522899252543993,3.6439044146831283,4.900597704523142,0.21829935378273507,0.19602390818092005
76.02500000000538,9.0,76.02500000000538,4.999964508872818,0.28522899252512746,3.6439044146820825,4.90059770452208,0.21829935378264315,0.19602390818093407
76.04500000000539,9.0,76.04500000000539,4.999964508872817,0.2852289925257707,3.6439044146828063,4.9005977045227915,0.21829935378285587,0.19602390818093013
76.06500000000538,9.0,76.06500000000538,4.999964508872818,0.2852289925251297,3.6439044146832904,4.900597704523279,0.21829935378266802,0.1960239081809256
76.0850000000054,9.0,76.0850000000054,4.999964508872818,0.28522899252566336,3.643904414682973,4.900597704522967,0.2182993537823132,0.1960239081809138
76.0860000000054,9.0,76.0860000000054,4.999964508872824,0.28522899252455136,3.6439044146622623,4.900597704326923,0.2182993534902478,0.1960239081687137
76.1020000000054,9.0,76.1020000000054,4.999964508872827,0.28522899252602213,3.643904414699923,4.900597704678508,0.2182993539712267,0.19602390818812512
76.1220000000054,9.0,76.1220000000054,4.999964508872821,0.2852289925256089,3.6439044146837443,4.900597704535849,0.21829935378540694,0.19602390818082469
76.14200000000541,9.0,76.14200000000541,4.99996450887282,0.28522899252518,3.6439044146835857,4.900597704523873,0.21829935377901416,0.19602390818092233
76.16200000000542,9.0,76.16200000000542,4.999964508872821,0.28522899252534145,3.643904414682255,4.900597704521448,0.21829935378763632,0.19602390818151222
76.18200000000543,9.0,76.18200000000543,4.999964508872818,0.2852289925254111,3.6439044146833335,4.90059770453729,0.21829935378961585,0.19602390818152313
76.20200000000543,9.0,76.20200000000543,4.999964508872816,0.28522899252550993,3.6439044146828765,4.900597704519538,0.21829935377576645,0.19602390818073662
76.22200000000544,9.0,76.22200000000544,4.999964508872818,0.28522899252570283,3.64390441468225,4.900597704521517,0.21829935378173587,0.196023908180884
76.24200000000545,9.0,76.24200000000545,4.999964508872821,0.28522899252551165,3.6439044146826385,4.900597704522648,0.218299353783192,0.19602390818092516
76.26200000000546,9.0,76.26200000000546,4.999964508872821,0.28522899252549316,3.6439044146833663,4.9005977045234,0.2182993537827075,0.19602390818090595
76.28200000000545,9.0,76.28200000000545,4.99996450887282,0.28522899252516803,3.6439044146829755,4.900597704522987,0.2182993537825179,0.19602390818092696
76.30200000000546,9.0,76.30200000000546,4.999964508872818,0.28522899252589584,3.643904414682179,4.900597704522133,0.2182993537822892,0.19602390818090912
76.32200000000546,9.0,76.32200000000546,4.99996450887282,0.28522899252596,3.643904414683056,4.900597704523025,0.2182993537825188,0.19602390818090346
76.34200000000547,9.0,76.34200000000547,4.999964508872818,0.2852289925257629,3.6439044146833224,4.900597704523288,0.21829935378241577,0.19602390818091067
76.34300000000547,9.0,76.34300000000547,4.999964508872827,0.28522899252504336,3.6439044146616393,4.900597704326453,0.21829935349003285,0.19602390816870638
76.35900000000548,9.0,76.35900000000548,4.999964508872832,0.28522899252626505,3.643904414700283,4.900597704678688,0.21829935397150338,0.19602390818813123
76.37900000000548,9.0,76.37900000000548,4.999964508872819,0.2852289925256316,3.6439044146838255,4.900597704535934,0.2182993537853754,0.19602390818081666
76.39900000000549,9.0,76.39900000000549,4.999964508872818,0.2852289925253808,3.643904414683687,4.900597704523962,0.21829935378660467,0.1960239081815645
76.4190000000055,9.0,76.4190000000055,4.999964508872821,0.2852289925255235,3.6439044146840054,4.900597704537353,0.21829935378752954,0.19602390818150614
76.4390000000055,9.0,76.4390000000055,4.999964508872818,0.28522899252551265,3.643904414682495,4.90059770451902,0.21829935377523,0.1960239081807469
76.4590000000055,9.0,76.4590000000055,4.999964508872817,0.2852289925253788,3.6439044146836745,4.900597704522903,0.21829935378165635,0.19602390818087156
76.47900000000551,9.0,76.47900000000551,4.999964508872819,0.28522899252543255,3.6439044146827517,4.900597704522782,0.21829935378288784,0.1960239081809301
76.49900000000552,9.0,76.49900000000552,4.999964508872821,0.2852289925250757,3.6439044146830772,4.900597704523072,0.21829935378265736,0.19602390818091422
76.51900000000553,9.0,76.51900000000553,4.999964508872821,0.28522899252565187,3.643904414683206,4.900597704523187,0.21829935378258275,0.19602390818092535
76.53900000000553,9.0,76.53900000000553,4.999964508872818,0.28522899252514844,3.643904414682588,4.900597704522598,0.21829935378248416,0.19602390818092752
76.55900000000554,9.0,76.55900000000554,4.999964508872819,0.2852289925253323,3.6439044146831643,4.900597704523178,0.21829935378272086,0.19602390818093415
76.57900000000555,9.0,76.57900000000555,4.99996450887282,0.2852289925254404,3.6439044146827086,4.900597704522745,0.21829935378249304,0.19602390818092566
76.59900000000555,9.0,76.59900000000555,4.999964508872821,0.28522899252535,3.643904414682237,4.90059770452224,0.21829935378266846,0.1960239081809327
76.60000000000555,9.0,76.60000000000555,4.999964508872827,0.2852289925249033,3.643904414662038,4.90059770432656,0.2182993534905329,0.19602390816870469
76.61600000000556,9.0,76.61600000000556,4.999964508872828,0.28522899252561695,3.643904414700754,4.900597704679318,0.21829935397188793,0.19602390818815416
76.63600000000555,9.0,76.63600000000555,4.99996450887282,0.28522899252582745,3.6439044146832535,4.90059770453544,0.21829935378523996,0.1960239081808266
76.65600000000556,9.0,76.65600000000556,4.999964508872821,0.28522899252545186,3.6439044146835005,4.900597704523872,0.21829935377923582,0.19602390818093746
76.67600000000557,9.0,76.67600000000557,4.99996450887282,0.28522899252567113,3.6439044146824884,4.90059770452159,0.2182993537876412,0.19602390818151108
76.69600000000558,9.0,76.69600000000558,4.999964508872819,0.28522899252577566,3.6439044146839126,4.90059770453787,0.21829935378959586,0.19602390818152488
76.71600000000558,9.0,76.71600000000558,4.99996450887282,0.28522899252538286,3.6439044146821695,4.900597704518838,0.21829935377552043,0.19602390818073315
76.73600000000559,9.0,76.73600000000559,4.99996450887282,0.28522899252539585,3.643904414682868,4.9005977045221085,0.21829935378183002,0.19602390818087806
76.7560000000056,9.0,76.7560000000056,4.999964508872819,0.2852289925259238,3.6439044146826673,4.900597704522719,0.2182993537830153,0.19602390818092094
76.77600000000561,9.0,76.77600000000561,4.999964508872819,0.2852289925257918,3.6439044146832256,4.900597704523237,0.2182993537826591,0.1960239081809079
76.7960000000056,9.0,76.7960000000056,4.999964508872817,0.285228992525672,3.6439044146825315,4.900597704522608,0.21829935378226345,0.19602390818090243
76.81600000000562,9.0,76.81600000000562,4.999964508872819,0.28522899252536205,3.6439044146832478,4.9005977045232525,0.21829935378239934,0.19602390818090654
76.83600000000563,9.0,76.83600000000563,4.999964508872817,0.28522899252562767,3.6439044146828294,4.900597704522876,0.2182993537821662,0.1960239081809008
76.85600000000564,9.0,76.85600000000564,4.99996450887282,0.28522899252566475,3.6439044146830963,4.900597704523021,0.21829935378239712,0.1960239081809144
76.85700000000563,9.0,76.85700000000563,4.999964508872828,0.28522899252468353,3.643904414661759,4.900597704326509,0.2182993534901634,0.19602390816870838
76.87300000000563,9.0,76.87300000000563,4.999964508872829,0.2852289925258154,3.6439044147008053,4.900597704679235,0.21829935397164812,0.19602390818814122
76.89300000000563,9.0,76.89300000000563,4.999964508872819,0.285228992525505,3.643904414683083,4.90059770453531,0.21829935378522708,0.1960239081808187
76.91300000000564,9.0,76.91300000000564,4.999964508872819,0.28522899252533895,3.6439044146833295,4.90059770452364,0.2182993537791683,0.19602390818092416
76.93300000000565,9.0,76.93300000000565,4.999964508872821,0.2852289925253148,3.6439044146825896,4.900597704521701,0.21829935378764787,0.19602390818150275
76.95300000000566,9.0,76.95300000000566,4.999964508872821,0.2852289925256434,3.6439044146838695,4.9005977045378675,0.21829935378945686,0.19602390818151383
76.97300000000565,9.0,76.97300000000565,4.999964508872817,0.285228992525415,3.6439044146824906,4.900597704519126,0.21829935377558127,0.19602390818073903
76.99300000000567,9.0,76.99300000000567,4.999964508872821,0.2852289925255321,3.643904414683455,4.900597704522686,0.21829935378133708,0.19602390818084467
77.01300000000568,9.0,77.01300000000568,4.999964508872821,0.2852289925254131,3.6439044146824995,4.900597704522517,0.21829935378294557,0.1960239081809336
77.03300000000569,9.0,77.03300000000569,4.999964508872818,0.28522899252574563,3.6439044146830617,4.900597704523079,0.21829935378271953,0.1960239081809128
77.05300000000568,9.0,77.05300000000568,4.99996450887282,0.28522899252537043,3.6439044146830084,4.900597704522984,0.21829935378254367,0.19602390818092053
77.07300000000569,9.0,77.07300000000569,4.999964508872821,0.2852289925257633,3.6439044146823876,4.900597704522353,0.2182993537822812,0.19602390818090482
77.0930000000057,9.0,77.0930000000057,4.999964508872821,0.2852289925255265,3.6439044146829858,4.900597704522925,0.21829935378254411,0.19602390818091078
77.11300000000571,9.0,77.11300000000571,4.9999645088728215,0.285228992525591,3.6439044146830675,4.900597704523063,0.2182993537823496,0.19602390818090432
77.1140000000057,9.0,77.1140000000057,4.999964508872828,0.28522899252477507,3.643904414661989,4.900597704326629,0.21829935349011723,0.1960239081687047
77.13000000000571,9.0,77.13000000000571,4.9999645088728295,0.28522899252623957,3.6439044147002795,4.9005977046787965,0.21829935397170544,0.19602390818814855
77.1500000000057,9.0,77.1500000000057,4.999964508872821,0.28522899252555245,3.6439044146835737,4.900597704535686,0.2182993537851458,0.1960239081808048
77.17000000000571,9.0,77.17000000000571,4.999964508872821,0.2852289925261496,3.6439044146833486,4.900597704523728,0.21829935377918208,0.19602390818093313
77.19000000000572,9.0,77.19000000000572,4.999964508872821,0.2852289925254529,3.6439044146827357,4.9005977045218625,0.2182993537874054,0.19602390818148765
77.21000000000573,9.0,77.21000000000573,4.999964508872821,0.2852289925253074,3.643904414683801,4.900597704537799,0.21829935378962073,0.19602390818153356
77.23000000000573,9.0,77.23000000000573,4.999964508872818,0.2852289925255738,3.6439044146822663,4.900597704518946,0.21829935377584506,0.19602390818076093
77.25000000000574,9.0,77.25000000000574,4.999964508872819,0.2852289925255257,3.6439044146823205,4.900597704521627,0.21829935378172344,0.1960239081808717
77.27000000000575,9.0,77.27000000000575,4.999964508872821,0.2852289925256656,3.6439044146824884,4.900597704522502,0.21829935378321155,0.19602390818092497
77.29000000000576,9.0,77.29000000000576,4.999964508872817,0.28522899252568495,3.643904414682768,4.90059770452283,0.21829935378292603,0.1960239081809202
77.31000000000576,9.0,77.31000000000576,4.99996450887282,0.28522899252545586,3.6439044146827615,4.900597704522736,0.21829935378277904,0.1960239081809322
77.33000000000577,9.0,77.33000000000577,4.999964508872818,0.28522899252517736,3.6439044146827184,4.900597704522675,0.2182993537823798,0.19602390818090476
77.35000000000578,9.0,77.35000000000578,4.999964508872819,0.2852289925254173,3.6439044146830235,4.900597704522978,0.2182993537826769,0.196023908180929
77.37000000000579,9.0,77.37000000000579,4.999964508872821,0.2852289925252037,3.643904414682719,4.900597704522681,0.21829935378242776,0.19602390818091533
77.37100000000578,9.0,77.37100000000578,4.999964508872828,0.2852289925246131,3.6439044146616175,4.9005977043263,0.21829935349062082,0.1960239081687193
77.38700000000578,9.0,77.38700000000578,4.999964508872828,0.2852289925260239,3.6439044147005646,4.900597704679079,0.2182993539712853,0.19602390818810914
77.40700000000578,9.0,77.40700000000578,4.999964508872821,0.28522899252571987,3.643904414683319,4.900597704535463,0.2182993537854589,0.1960239081808318
77.42700000000579,9.0,77.42700000000579,4.999964508872821,0.28522899252593126,3.6439044146832074,4.900597704523536,0.21829935377933263,0.19602390818094084
77.4470000000058,9.0,77.4470000000058,4.99996450887282,0.2852289925254228,3.6439044146822415,4.900597704521362,0.21829935378745247,0.19602390818148485
77.46700000000581,9.0,77.46700000000581,4.99996450887282,0.2852289925254351,3.643904414683316,4.900597704537308,0.21829935378979215,0.1960239081815323
77.4870000000058,9.0,77.4870000000058,4.999964508872816,0.2852289925253024,3.6439044146823694,4.900597704519039,0.21829935377588947,0.19602390818074664
77.50700000000582,9.0,77.50700000000582,4.99996450887282,0.2852289925255892,3.6439044146826656,4.900597704521954,0.2182993537820685,0.19602390818089885
77.52700000000583,9.0,77.52700000000583,4.9999645088728215,0.28522899252547,3.6439044146830586,4.90059770452305,0.218299353782942,0.19602390818091203
77.54700000000584,9.0,77.54700000000584,4.999964508872821,0.28522899252593104,3.6439044146831043,4.900597704523115,0.2182993537825601,0.196023908180908
77.56700000000583,9.0,77.56700000000583,4.999964508872821,0.285228992525651,3.6439044146826287,4.900597704522667,0.21829935378260362,0.19602390818093074
77.58700000000584,9.0,77.58700000000584,4.99996450887282,0.2852289925258179,3.6439044146831527,4.900597704523109,0.21829935378270265,0.19602390818093318
77.60700000000585,9.0,77.60700000000585,4.99996450887282,0.2852289925254504,3.6439044146832846,4.9005977045232445,0.2182993537824131,0.19602390818091792
77.62700000000586,9.0,77.62700000000586,4.999964508872821,0.2852289925250686,3.643904414682657,4.900597704522586,0.21829935378224258,0.19602390818091026
77.62800000000585,9.0,77.62800000000585,4.999964508872828,0.28522899252471556,3.6439044146621664,4.90059770432671,0.21829935349065457,0.19602390816872345
77.64400000000586,9.0,77.64400000000586,4.999964508872828,0.2852289925258472,3.6439044147001525,4.900597704678686,0.2182993539717241,0.1960239081881507
77.66400000000586,9.0,77.66400000000586,4.999964508872819,0.2852289925256613,3.6439044146830244,4.900597704535154,0.21829935378533677,0.19602390818082008
77.68400000000587,9.0,77.68400000000587,4.999964508872821,0.2852289925258841,3.6439044146833885,4.900597704523726,0.21829935377920648,0.19602390818092083
77.70400000000588,9.0,77.70400000000588,4.9999645088728215,0.2852289925257242,3.643904414682294,4.90059770452146,0.21829935378746135,0.19602390818148782
77.72400000000589,9.0,77.72400000000589,4.999964508872821,0.2852289925259005,3.6439044146833472,4.900597704537378,0.21829935378955279,0.19602390818151608
77.74400000000588,9.0,77.74400000000588,4.99996450887282,0.28522899252522743,3.6439044146821327,4.9005977045188125,0.21829935377590012,0.1960239081807508
77.7640000000059,9.0,77.7640000000059,4.999964508872822,0.2852289925255783,3.643904414682162,4.9005977045214095,0.218299353781445,0.19602390818084062
77.7840000000059,9.0,77.7840000000059,4.999964508872821,0.28522899252613626,3.6439044146828126,4.900597704522788,0.21829935378320622,0.19602390818091725
77.80400000000591,9.0,77.80400000000591,4.99996450887282,0.2852289925256842,3.643904414683223,4.900597704523246,0.21829935378270351,0.19602390818090767
77.82400000000591,9.0,77.82400000000591,4.999964508872821,0.2852289925256296,3.6439044146831905,4.900597704523197,0.2182993537824766,0.19602390818092083
77.84400000000592,9.0,77.84400000000592,4.99996450887282,0.28522899252564365,3.6439044146826607,4.900597704522645,0.21829935378221327,0.19602390818090784
77.86400000000593,9.0,77.86400000000593,4.9999645088728215,0.2852289925256023,3.6439044146831256,4.900597704523134,0.21829935378248505,0.1960239081809165
77.88400000000594,9.0,77.88400000000594,4.999964508872821,0.2852289925255596,3.6439044146831177,4.900597704523137,0.21829935378256143,0.19602390818093085
77.88500000000593,9.0,77.88500000000593,4.999964508872828,0.28522899252481304,3.6439044146618196,4.900597704326636,0.21829935349027976,0.19602390816871698
77.90100000000594,9.0,77.90100000000594,4.99996450887283,0.2852289925256102,3.6439044147006654,4.900597704679029,0.2182993539715891,0.1960239081881418
77.92100000000595,9.0,77.92100000000595,4.999964508872822,0.285228992525723,3.6439044146834374,4.900597704535579,0.2182993537849744,0.19602390818079482
77.94100000000594,9.0,77.94100000000594,4.999964508872821,0.2852289925252445,3.6439044146832114,4.900597704523597,0.21829935377913723,0.19602390818092738
77.96100000000595,9.0,77.96100000000595,4.999964508872821,0.2852289925256861,3.643904414682209,4.900597704521326,0.21829935378725973,0.1960239081814707
77.98100000000596,9.0,77.98100000000596,4.999964508872819,0.2852289925257039,3.6439044146840778,4.90059770453807,0.2182993537898552,0.19602390818153706
78.00100000000596,9.0,78.00100000000596,4.999964508872821,0.28522899252505485,3.643904414682727,4.90059770451942,0.21829935377554663,0.19602390818073825
78.02100000000597,9.0,78.02100000000597,4.99996450887282,0.2852289925251925,3.643904414682945,4.900597704522221,0.21829935378181226,0.1960239081808942
78.04100000000598,9.0,78.04100000000598,4.9999645088728215,0.2852289925254907,3.6439044146831523,4.90059770452311,0.21829935378304904,0.19602390818093263
78.06100000000599,9.0,78.06100000000599,4.999964508872821,0.2852289925254743,3.643904414682641,4.90059770452265,0.21829935378275017,0.19602390818092816
78.08100000000599,9.0,78.08100000000599,4.999964508872821,0.2852289925253469,3.643904414683327,4.9005977045233,0.21829935378266846,0.19602390818092363
78.101000000006,9.0,78.101000000006,4.999964508872821,0.2852289925257984,3.6439044146827753,4.9005977045227915,0.21829935378229454,0.1960239081809116
78.121000000006,9.0,78.121000000006,4.9999645088728215,0.28522899252538697,3.6439044146832087,4.900597704523156,0.2182993537824744,0.19602390818091917
78.14100000000602,9.0,78.14100000000602,4.9999645088728215,0.2852289925253973,3.6439044146825084,4.900597704522503,0.21829935378236648,0.1960239081809164
78.142000000006,9.0,78.142000000006,4.999964508872829,0.28522899252478545,3.6439044146615713,4.900597704326265,0.21829935349080468,0.19602390816872597
78.15800000000601,9.0,78.15800000000601,4.999964508872829,0.28522899252605194,3.643904414700243,4.900597704678788,0.21829935397184355,0.19602390818814527
78.17800000000602,9.0,78.17800000000602,4.999964508872821,0.28522899252630074,3.643904414682963,4.900597704535144,0.21829935378510895,0.19602390818079513
78.19800000000603,9.0,78.19800000000603,4.9999645088728215,0.2852289925256041,3.643904414683174,4.900597704523497,0.2182993537795311,0.19602390818094637
78.21800000000603,9.0,78.21800000000603,4.99996450887282,0.2852289925250886,3.6439044146826545,4.900597704521786,0.21829935378760967,0.19602390818149387
78.23800000000604,9.0,78.23800000000604,4.999964508872822,0.28522899252502326,3.643904414683825,4.90059770453778,0.21829935378970644,0.1960239081815363
78.25800000000604,9.0,78.25800000000604,4.999964508872821,0.2852289925253274,3.643904414682048,4.900597704518752,0.2182993537756945,0.19602390818074725
78.27800000000605,9.0,78.27800000000605,4.9999645088728215,0.2852289925250539,3.643904414682326,4.900597704521597,0.21829935378212045,0.19602390818090015
78.29800000000606,9.0,78.29800000000606,4.9999645088728215,0.2852289925251153,3.643904414682743,4.900597704522729,0.2182993537831898,0.19602390818092083
78.31800000000607,9.0,78.31800000000607,4.9999645088728215,0.2852289925255936,3.643904414682666,4.900597704522654,0.21829935378293136,0.19602390818092655
78.33800000000606,9.0,78.33800000000606,4.999964508872822,0.28522899252534695,3.64390441468324,4.900597704523216,0.21829935378276927,0.19602390818092866
78.35800000000607,9.0,78.35800000000607,4.999964508872821,0.2852289925253271,3.6439044146833046,4.900597704523335,0.21829935378242066,0.19602390818092033
78.37800000000608,9.0,78.37800000000608,4.9999645088728215,0.2852289925255115,3.6439044146828423,4.900597704522791,0.21829935378228654,0.1960239081809182
78.39800000000609,9.0,78.39800000000609,4.99996450887282,0.28522899252529527,3.6439044146828556,4.9005977045228395,0.2182993537825832,0.19602390818092968
78.39900000000608,9.0,78.39900000000608,4.999964508872829,0.28522899252465006,3.643904414661809,4.9005977043265565,0.218299353490397,0.19602390816871398
78.41500000000609,9.0,78.41500000000609,4.999964508872832,0.2852289925261177,3.6439044147006867,4.900597704679157,0.21829935397160682,0.1960239081881389
78.4350000000061,9.0,78.4350000000061,4.999964508872823,0.2852289925258396,3.6439044146838535,4.900597704536007,0.21829935378528526,0.19602390818082355
78.45500000000611,9.0,78.45500000000611,4.999964508872821,0.28522899252539297,3.643904414683097,4.90059770452345,0.21829935377910167,0.19602390818093782
78.4750000000061,9.0,78.4750000000061,4.999964508872822,0.2852289925251724,3.643904414682352,4.900597704521576,0.21829935378780285,0.1960239081815169
78.49500000000612,9.0,78.49500000000612,4.9999645088728215,0.2852289925253102,3.643904414684039,4.900597704538013,0.21829935378980503,0.1960239081815389
78.51500000000611,9.0,78.51500000000611,4.9999645088728215,0.2852289925255106,3.6439044146825785,4.900597704519205,0.21829935377562257,0.1960239081807448
78.53500000000612,9.0,78.53500000000612,4.999964508872822,0.2852289925259449,3.6439044146823547,4.900597704521637,0.21829935378183402,0.19602390818088977
78.55500000000613,9.0,78.55500000000613,4.9999645088728215,0.28522899252558526,3.643904414682873,4.900597704522885,0.2182993537828918,0.19602390818090104
78.57500000000614,9.0,78.57500000000614,4.9999645088728215,0.2852289925255252,3.643904414682933,4.900597704522949,0.21829935378292825,0.19602390818093138
78.59500000000614,9.0,78.59500000000614,4.9999645088728215,0.2852289925252078,3.643904414683159,4.900597704523136,0.21829935378256055,0.19602390818092022
78.61500000000615,9.0,78.61500000000615,4.999964508872821,0.2852289925255136,3.643904414682778,4.900597704522792,0.21829935378258675,0.19602390818093468
78.63500000000616,9.0,78.63500000000616,4.9999645088728215,0.2852289925252933,3.6439044146827237,4.900597704522712,0.21829935378253124,0.19602390818092333
78.65500000000617,9.0,78.65500000000617,4.9999645088728215,0.2852289925257432,3.6439044146828263,4.9005977045227676,0.2182993537824069,0.1960239081809074
78.65600000000616,9.0,78.65600000000616,4.999964508872828,0.28522899252471345,3.643904414662055,4.9005977043266835,0.21829935349061194,0.19602390816871812
78.67200000000616,9.0,78.67200000000616,4.9999645088728295,0.28522899252566697,3.64390441469996,4.900597704678548,0.2182993539713413,0.19602390818812354
78.69200000000617,9.0,78.69200000000617,4.9999645088728215,0.28522899252581413,3.643904414683462,4.900597704535627,0.2182993537853834,0.19602390818082108
78.71200000000619,9.0,78.71200000000619,4.999964508872822,0.28522899252535316,3.6439044146832837,4.900597704523678,0.21829935377903997,0.19602390818091883
78.7320000000062,9.0,78.7320000000062,4.999964508872822,0.28522899252550293,3.643904414682188,4.900597704521344,0.21829935378732457,0.196023908181479
78.75200000000619,9.0,78.75200000000619,4.999964508872821,0.2852289925254005,3.643904414683825,4.900597704537836,0.2182993537896647,0.19602390818152263
78.77200000000619,9.0,78.77200000000619,4.99996450887282,0.28522899252561185,3.6439044146827073,4.900597704519391,0.2182993537758304,0.1960239081807562
78.7920000000062,9.0,78.7920000000062,4.999964508872822,0.2852289925255462,3.6439044146823156,4.900597704521565,0.21829935378198678,0.1960239081809061
78.81200000000621,9.0,78.81200000000621,4.9999645088728215,0.28522899252558676,3.643904414682513,4.900597704522515,0.2182993537831565,0.19602390818092297
78.83200000000622,9.0,78.83200000000622,4.999964508872822,0.28522899252617534,3.6439044146828286,4.900597704522875,0.218299353782843,0.19602390818091373
78.85200000000621,9.0,78.85200000000621,4.999964508872822,0.28522899252552536,3.643904414682554,4.900597704522529,0.21829935378258497,0.1960239081809169
78.87200000000622,9.0,78.87200000000622,4.999964508872821,0.2852289925254149,3.6439044146831003,4.900597704523105,0.2182993537825934,0.19602390818091736
78.89200000000623,9.0,78.89200000000623,4.9999645088728215,0.285228992525116,3.6439044146832167,4.900597704523257,0.21829935378240956,0.1960239081809165
78.91200000000624,9.0,78.91200000000624,4.99996450887282,0.28522899252506195,3.6439044146826203,4.900597704522579,0.21829935378231985,0.19602390818091742
78.91300000000624,9.0,78.91300000000624,4.999964508872828,0.2852289925247131,3.6439044146619977,4.900597704326623,0.2182993534906599,0.1960239081687238
78.92900000000624,9.0,78.92900000000624,4.9999645088728295,0.2852289925261668,3.6439044147002826,4.90059770467881,0.2182993539716024,0.19602390818814008
78.94900000000625,9.0,78.94900000000625,4.999964508872823,0.28522899252569955,3.6439044146830155,4.900597704535128,0.21829935378537585,0.1960239081808244
78.96900000000626,9.0,78.96900000000626,4.999964508872822,0.28522899252560646,3.643904414683185,4.900597704523503,0.21829935377919138,0.19602390818091928
78.98900000000626,9.0,78.98900000000626,4.999964508872822,0.285228992525684,3.643904414682232,4.900597704521351,0.21829935378789211,0.1960239081815179
79.00900000000627,9.0,79.00900000000627,4.999964508872819,0.2852289925256627,3.643904414683881,4.900597704537834,0.21829935378965093,0.19602390818151932
79.02900000000628,9.0,79.02900000000628,4.999964508872819,0.285228992525554,3.643904414682504,4.9005977045191464,0.21829935377552487,0.19602390818073034
79.04900000000627,9.0,79.04900000000627,4.99996450887282,0.28522899252510203,3.64390441468283,4.900597704522082,0.21829935378181226,0.19602390818088483
79.06900000000628,9.0,79.06900000000628,4.999964508872823,0.2852289925259132,3.643904414683022,4.900597704523032,0.21829935378305834,0.1960239081809269
79.0890000000063,9.0,79.0890000000063,4.999964508872822,0.28522899252555173,3.6439044146826407,4.900597704522679,0.21829935378248638,0.19602390818090226
79.10900000000629,9.0,79.10900000000629,4.999964508872822,0.2852289925255232,3.6439044146829067,4.900597704522901,0.2182993537824615,0.19602390818090637
79.1290000000063,9.0,79.1290000000063,4.999964508872822,0.2852289925253163,3.643904414682698,4.900597704522651,0.21829935378243576,0.19602390818091295
79.14900000000631,9.0,79.14900000000631,4.999964508872822,0.2852289925257411,3.643904414683088,4.900597704523075,0.21829935378264848,0.19602390818092663
79.16900000000632,9.0,79.16900000000632,4.999964508872822,0.2852289925256301,3.643904414682681,4.9005977045226965,0.21829935378234783,0.19602390818091095
79.17000000000631,9.0,79.17000000000631,4.999964508872829,0.2852289925247025,3.6439044146619537,4.9005977043265965,0.21829935349080556,0.19602390816872844
79.18600000000632,9.0,79.18600000000632,4.99996450887283,0.28522899252611555,3.643904414700713,4.900597704679152,0.21829935397134037,0.19602390818812154
79.20600000000633,9.0,79.20600000000633,4.999964508872823,0.2852289925260561,3.643904414683673,4.900597704535836,0.21829935378526083,0.19602390818082288
79.22600000000634,9.0,79.22600000000634,4.999964508872823,0.28522899252555867,3.6439044146835413,4.900597704523841,0.21829935377929083,0.19602390818094986
79.24600000000635,9.0,79.24600000000635,4.9999645088728215,0.285228992525416,3.6439044146827313,4.900597704521979,0.21829935378748355,0.1960239081814994
79.26600000000634,9.0,79.26600000000634,4.9999645088728215,0.2852289925254584,3.643904414683572,4.900597704537567,0.2182993537894773,0.19602390818152565
79.28600000000635,9.0,79.28600000000635,4.999964508872819,0.2852289925253777,3.643904414682359,4.900597704518953,0.21829935377592277,0.196023908180762
79.30600000000636,9.0,79.30600000000636,4.999964508872822,0.2852289925256436,3.643904414682756,4.900597704522054,0.218299353782116,0.19602390818090296
79.32600000000636,9.0,79.32600000000636,4.99996450887282,0.2852289925255847,3.6439044146830235,4.90059770452302,0.21829935378312762,0.19602390818092932
79.34600000000637,9.0,79.34600000000637,4.99996450887282,0.28522899252558265,3.643904414683109,4.900597704523149,0.21829935378270354,0.19602390818091953
79.36600000000637,9.0,79.36600000000637,4.999964508872824,0.2852289925256615,3.6439044146826083,4.900597704522583,0.21829935378249793,0.19602390818092238
79.38600000000638,9.0,79.38600000000638,4.999964508872823,0.28522899252572104,3.6439044146824697,4.9005977045224425,0.21829935378262494,0.19602390818092447
79.40600000000639,9.0,79.40600000000639,4.9999645088728215,0.28522899252507494,3.643904414682904,4.900597704522843,0.21829935378282478,0.19602390818093351
79.4260000000064,9.0,79.4260000000064,4.999964508872821,0.28522899252534645,3.6439044146819626,4.900597704521986,0.2182993537825188,0.1960239081809165
79.4270000000064,9.0,79.4270000000064,4.9999645088728295,0.2852289925246104,3.6439044146620274,4.90059770432652,0.21829935349113685,0.1960239081687228
79.44300000000639,9.0,79.44300000000639,4.999964508872834,0.28522899252594747,3.643904414700135,4.900597704678772,0.21829935397164194,0.1960239081881352
79.4630000000064,9.0,79.4630000000064,4.999964508872822,0.2852289925255945,3.6439044146836803,4.900597704535793,0.2182993537854327,0.1960239081808306
79.48300000000641,9.0,79.48300000000641,4.99996450887282,0.2852289925254887,3.6439044146835147,4.9005977045238645,0.21829935377922383,0.1960239081809425
79.50300000000641,9.0,79.50300000000641,4.999964508872823,0.2852289925255891,3.643904414682165,4.900597704521308,0.21829935378731524,0.19602390818148605
79.52300000000642,9.0,79.52300000000642,4.999964508872823,0.285228992525314,3.6439044146834076,4.900597704537383,0.21829935378977217,0.19602390818153265
79.54300000000643,9.0,79.54300000000643,4.999964508872822,0.28522899252531053,3.643904414682175,4.900597704518812,0.21829935377567097,0.1960239081807299
79.56300000000644,9.0,79.56300000000644,4.999964508872822,0.28522899252522854,3.6439044146826056,4.900597704521817,0.21829935378170834,0.19602390818086224
79.58300000000645,9.0,79.58300000000645,4.999964508872823,0.2852289925251611,3.643904414682719,4.900597704522705,0.21829935378313384,0.19602390818092222
79.60300000000645,9.0,79.60300000000645,4.99996450887282,0.2852289925254177,3.6439044146828405,4.900597704522849,0.21829935378298998,0.1960239081809333
79.62300000000644,9.0,79.62300000000644,4.9999645088728215,0.28522899252540146,3.643904414682007,4.9005977045220055,0.2182993537825721,0.19602390818091775
79.64300000000645,9.0,79.64300000000645,4.999964508872822,0.2852289925254895,3.6439044146826696,4.900597704522648,0.21829935378286297,0.19602390818092602
79.66300000000646,9.0,79.66300000000646,4.999964508872822,0.2852289925260877,3.643904414682485,4.90059770452243,0.21829935378259474,0.19602390818091472
79.68300000000647,9.0,79.68300000000647,4.999964508872823,0.2852289925260487,3.643904414683261,4.900597704523284,0.218299353782672,0.19602390818091964
79.68400000000648,9.0,79.68400000000648,4.999964508872828,0.2852289925245184,3.6439044146624813,4.9005977043271525,0.21829935349063948,0.19602390816872592
79.70000000000647,9.0,79.70000000000647,4.9999645088728295,0.2852289925258293,3.6439044146995707,4.9005977046781135,0.21829935397119918,0.1960239081881289
79.72000000000648,9.0,79.72000000000648,4.999964508872822,0.28522899252601425,3.643904414683384,4.900597704535468,0.21829935378539717,0.19602390818082024
79.74000000000649,9.0,79.74000000000649,4.999964508872823,0.2852289925256809,3.6439044146830617,4.900597704523421,0.21829935377931087,0.19602390818093607
79.7600000000065,9.0,79.7600000000065,4.999964508872823,0.2852289925258898,3.643904414682155,4.900597704521309,0.21829935378754617,0.19602390818148888
79.7800000000065,9.0,79.7800000000065,4.999964508872822,0.2852289925258683,3.6439044146847372,4.900597704538685,0.21829935378984278,0.1960239081815341
79.8000000000065,9.0,79.8000000000065,4.999964508872822,0.285228992525939,3.6439044146822956,4.900597704518988,0.2182993537753228,0.1960239081807362
79.82000000000652,9.0,79.82000000000652,4.999964508872822,0.2852289925253372,3.643904414683531,4.900597704522774,0.2182993537817008,0.19602390818087856
79.84000000000651,9.0,79.84000000000651,4.9999645088728215,0.2852289925254673,3.643904414682648,4.900597704522682,0.21829935378293802,0.19602390818093543
79.86000000000652,9.0,79.86000000000652,4.999964508872822,0.28522899252545186,3.6439044146829533,4.900597704522978,0.2182993537824291,0.19602390818089316
79.88000000000652,9.0,79.88000000000652,4.9999645088728215,0.2852289925255357,3.643904414682238,4.900597704522226,0.21829935378238557,0.1960239081809055
79.90000000000653,9.0,79.90000000000653,4.9999645088728215,0.2852289925258479,3.643904414682893,4.900597704522842,0.21829935378268622,0.1960239081809172
79.92000000000654,9.0,79.92000000000654,4.999964508872823,0.28522899252511824,3.6439044146824373,4.900597704522437,0.21829935378232118,0.19602390818089846
79.94000000000655,9.0,79.94000000000655,4.99996450887282,0.28522899252577444,3.6439044146826176,4.90059770452255,0.21829935378249837,0.19602390818090684
79.94100000000655,9.0,79.94100000000655,4.999964508872828,0.2852289925245381,3.6439044146619253,4.900597704326513,0.21829935349063326,0.1960239081687105
79.95700000000654,9.0,79.95700000000654,4.999964508872832,0.28522899252581396,3.643904414700835,4.900597704679461,0.21829935397161926,0.19602390818813537
79.97700000000656,9.0,79.97700000000656,4.999964508872824,0.2852289925257254,3.6439044146829414,4.900597704535148,0.21829935378526039,0.1960239081808306
79.99700000000657,9.0,79.99700000000657,4.999964508872821,0.2852289925253424,3.64390441468316,4.900597704523437,0.21829935377929133,0.19602390818093487
80.0,9.0,80.0,4.999964508872826,0.28522899252625916,3.643904414682322,4.900597704509891,0.21829935381870377,0.19602390818279322
