sweep,vin,t,v5,vref,vadj,vfan,i317,ifan
0.0,9.0,0.0,4.9999008695395135,0.2852249860471405,0.21338229672935047,1.4701844708264282,0.06549003657042007,0.058807378830944716
0.0020000000000002655,9.0,0.0020000000000002655,4.999900869539716,0.28522498619367237,0.21338229961608227,1.4701844730371436,0.06549003856137281,0.058807378921468575
0.006000000000000796,9.0,0.006000000000000796,4.999900869539845,0.28522498596728957,0.21338230067451486,1.4701844747810362,0.06549003946572496,0.058807378991232326
0.014000000000000123,9.0,0.014000000000000123,4.999900869539841,0.28522498604447477,0.21338230119169452,1.4701844756035078,0.06549003871132131,0.058807379024140224
0.030000000000000512,9.0,0.030000000000000512,4.999900869539821,0.28522498605301766,0.2133823017692018,1.4701844760130305,0.06549003738213388,0.058807379040522544
0.0499999999999997,9.0,0.0499999999999997,4.999900869539813,0.28522498605217467,0.2133823025590265,1.4701844766545558,0.06549003707537282,0.058807379066200774
0.06999999999999888,9.0,0.06999999999999888,4.999900869539811,0.2852249860515329,0.21338230351417864,1.4701844776356305,0.0654900373139099,0.058807379105410486
0.08999999999999807,9.0,0.08999999999999807,4.99990086953981,0.28522498605198543,0.21338230446516507,1.4701844786096834,0.06549003746550497,0.05880737914439171
0.10999999999999725,9.0,0.10999999999999725,4.999900869539809,0.28522498605193086,0.2133823053803581,1.4701844795067334,0.0654900375072176,0.05880737918026853
0.12999999999999645,9.0,0.12999999999999645,4.999900869539809,0.28522498605193225,0.21338230631942712,1.4701844804477495,0.06549003756467431,0.0588073792179163
0.14999999999999564,9.0,0.14999999999999564,4.999900869539809,0.28522498605218805,0.2133823072619149,1.4701844813917018,0.06549003760085459,0.05880737925487818
0.16999999999999482,9.0,0.16999999999999482,4.999900869539811,0.28522498605182517,0.213382308196348,1.4701844823164314,0.06549003765156192,0.058807379293418977
0.189999999999994,9.0,0.189999999999994,4.999900869539815,0.2852249860513199,0.21338230916414835,1.4701844833049862,0.06549003770190209,0.058807379331419204
0.2099999999999932,9.0,0.2099999999999932,4.999900869539816,0.2852249860515642,0.21338231009377537,1.4701844842130083,0.06549003772329254,0.05880737936852528
0.22999999999999238,9.0,0.22999999999999238,4.999900869539825,0.28522498605210544,0.2133823110594399,1.4701844851894643,0.06549003778794504,0.05880737940758568
0.24999999999999156,9.0,0.24999999999999156,4.99990086953983,0.2852249860521239,0.21338231201710198,1.4701844861473443,0.06549003782886142,0.05880737944588912
0.26999999999999075,9.0,0.26999999999999075,4.999900869539835,0.2852249860516428,0.21338231297871496,1.470184487108147,0.06549003787157948,0.05880737948431726
0.27099999999999,9.0,0.27099999999999,4.999900869539839,0.28522498605116287,0.21338231294896085,1.470184487013778,0.06549003773738016,0.05880737948054834
0.2869999999999904,9.0,0.2869999999999904,4.999900869539847,0.2852249860518054,0.21338231386212653,1.4701844880397799,0.06549003803564069,0.058807379521603524
0.30699999999998956,9.0,0.30699999999998956,4.999900869539851,0.28522498605193863,0.21338231476837352,1.4701844889001803,0.06549003795957731,0.05880737955598102
0.32699999999998874,9.0,0.32699999999998874,4.999900869539859,0.2852249860519428,0.21338231574861957,1.4701844898874965,0.06549003800828057,0.05880737959549683
0.34699999999998793,9.0,0.34699999999998793,4.99990086953987,0.2852249860514007,0.21338231671284477,1.4701844908405308,0.06549003803709408,0.05880737963364984
0.3669999999999871,9.0,0.3669999999999871,4.999900869539879,0.2852249860516526,0.2133823176927785,1.4701844918209352,0.0654900380884551,0.05880737967284097
0.3869999999999863,9.0,0.3869999999999863,4.999900869539889,0.28522498605167335,0.21338231867679455,1.4701844928058057,0.06549003813666676,0.05880737971221647
0.4069999999999855,9.0,0.4069999999999855,4.999900869539903,0.2852249860520497,0.21338231966347126,1.4701844937925848,0.06549003818233812,0.058807379751693103
0.42699999999998467,9.0,0.42699999999998467,4.999900869539917,0.2852249860520297,0.2133823206538178,1.4701844947828278,0.06549003822804189,0.0588073797913105
0.44699999999998385,9.0,0.44699999999998385,4.999900869539932,0.28522498605163105,0.21338232164763318,1.4701844957765908,0.0654900382647916,0.0588073798302871
0.46699999999998304,9.0,0.46699999999998304,4.999900869539944,0.28522498605208535,0.21338232263585388,1.4701844967549946,0.06549003831122457,0.058807379870202285
0.4869999999999822,9.0,0.4869999999999822,4.999900869539964,0.2852249860519022,0.2133823236486165,1.4701844977789271,0.06549003838340861,0.058807379911898244
0.5069999999999815,9.0,0.5069999999999815,4.999900869539978,0.2852249860518488,0.21338232466167043,1.470184498801145,0.06549003841533896,0.058807379951310204
0.5269999999999806,9.0,0.5269999999999806,4.999900869539996,0.2852249860520187,0.21338232564881052,1.4701844997663807,0.06549003844256818,0.058807379990659346
0.5279999999999798,9.0,0.5279999999999798,4.999900869540001,0.28522498605142593,0.21338232562516457,1.470184499680708,0.06549003840246503,0.05880737999084316
0.5439999999999803,9.0,0.5439999999999803,4.999900869540017,0.2852249860521986,0.21338232660297216,1.4701845007988268,0.06549003865618785,0.05880738003196189
0.5639999999999794,9.0,0.5639999999999794,4.999900869540033,0.2852249860524282,0.21338232753715522,1.4701845016688537,0.0654900385452053,0.05880738006675649
0.5839999999999786,9.0,0.5839999999999786,4.999900869540047,0.2852249860524237,0.2133823285644629,1.4701845027014797,0.06549003859010682,0.058807380107296456
0.6039999999999778,9.0,0.6039999999999778,4.9999008695400695,0.28522498605203245,0.2133823295679038,1.470184503685002,0.06549003863378045,0.05880738014817728
0.623999999999977,9.0,0.623999999999977,4.999900869540089,0.2852249860523696,0.2133823306169449,1.4701845047557267,0.06549003870484915,0.05880738019021224
0.6439999999999761,9.0,0.6439999999999761,4.999900869540114,0.2852249860519339,0.21338233163625336,1.4701845057641685,0.06549003873245529,0.05880738023059138
0.6639999999999753,9.0,0.6639999999999753,4.999900869540139,0.2852249860521472,0.21338233267141518,1.4701845067990198,0.06549003878364712,0.058807380271962896
0.6839999999999745,9.0,0.6839999999999745,4.999900869540161,0.2852249860527652,0.21338233371133797,1.4701845078396087,0.06549003883388715,0.05880738031355209
0.7039999999999736,9.0,0.7039999999999736,4.999900869540189,0.28522498605212954,0.21338233475386142,1.470184508882261,0.065490038882279,0.05880738035527461
0.7239999999999729,9.0,0.7239999999999729,4.99990086954021,0.2852249860524486,0.2133823358001098,1.4701845099284303,0.06549003893043404,0.05880738039711738
0.743999999999972,9.0,0.743999999999972,4.999900869540239,0.2852249860525602,0.21338233685040775,1.4701845109786555,0.06549003897928796,0.05880738043914085
0.7639999999999713,9.0,0.7639999999999713,4.999900869540268,0.2852249860525484,0.21338233790490702,1.4701845120330985,0.06549003902822503,0.058807380481308534
0.7839999999999704,9.0,0.7839999999999704,4.999900869540295,0.2852249860523997,0.213382338962679,1.4701845130908275,0.06549003907730544,0.058807380523637764
0.7849999999999697,9.0,0.7849999999999697,4.999900869540301,0.2852249860516529,0.2133823389378124,1.470184513001395,0.06549003894315875,0.0588073805200479
0.8009999999999701,9.0,0.8009999999999701,4.999900869540325,0.2852249860527936,0.21338233992930167,1.4701845141056717,0.06549003924514518,0.05880738056420768
0.8209999999999693,9.0,0.8209999999999693,4.99990086954035,0.2852249860530237,0.21338234093123506,1.4701845150619108,0.0654900391737605,0.05880738060250565
0.8409999999999684,9.0,0.8409999999999684,4.999900869540379,0.28522498605171454,0.21338234200920667,1.4701845161468194,0.06549003922697172,0.05880738064589517
0.8609999999999676,9.0,0.8609999999999676,4.999900869540407,0.28522498605236357,0.2133823430723349,1.4701845171987564,0.0654900392600446,0.05880738068793134
0.8809999999999668,9.0,0.8809999999999668,4.999900869540441,0.2852249860527079,0.2133823441502598,1.470184518277212,0.06549003931589026,0.05880738073107284
0.900999999999966,9.0,0.900999999999966,4.9999008695404745,0.28522498605259083,0.21338234523213284,1.470184519359914,0.0654900393685357,0.05880738077438486
0.9209999999999652,9.0,0.9209999999999652,4.999900869540505,0.28522498605203167,0.21338234631754288,1.470184520445419,0.06549003941883569,0.058807380817802006
0.9409999999999643,9.0,0.9409999999999643,4.99990086954054,0.2852249860523305,0.21338234740750894,1.4701845215352611,0.06549003946947296,0.05880738086140611
0.9609999999999636,9.0,0.9609999999999636,4.999900869540576,0.28522498605212715,0.21338234850074722,1.4701845226284598,0.0654900395198128,0.058807380905132635
0.9809999999999628,9.0,0.9809999999999628,4.999900869540611,0.28522498605250246,0.21338234959878855,1.4701845237264208,0.0654900395708865,0.05880738094904562
1.000999999999962,9.0,1.000999999999962,4.999900869540649,0.28522498605240965,0.2133823506999933,1.4701845248276233,0.06549003962181643,0.05880738099310479
1.020999999999961,9.0,1.020999999999961,4.999900869540686,0.2852249860528496,0.21338235180561804,1.4701845259331334,0.06549003967342115,0.05880738103735034
1.0409999999999604,9.0,1.0409999999999604,4.999900869540721,0.2852249860526524,0.21338235291587185,1.4701845270433347,0.06549003972484413,0.058807381081728324
1.0419999999999596,9.0,1.0419999999999596,4.9999008695407285,0.2852249860522642,0.21338235289373733,1.4701845269565714,0.06549003959107624,0.05880738107825883
1.0579999999999599,9.0,1.0579999999999599,4.999900869540764,0.28522498605378316,0.21338235392651297,1.4701845281023527,0.06549003989459057,0.05880738112407356
1.0779999999999592,9.0,1.0779999999999592,4.999900869540797,0.2852249860532162,0.21338235498053051,1.4701845291105513,0.0654900398252718,0.05880738116443121
1.0979999999999583,9.0,1.0979999999999583,4.999900869540834,0.2852249860527143,0.21338235611136258,1.470184530248285,0.06549003988135782,0.058807381209944956
1.1179999999999575,9.0,1.1179999999999575,4.999900869540872,0.28522498605244573,0.21338235722601026,1.470184531351814,0.06549003991654856,0.05880738125406582
1.1379999999999566,9.0,1.1379999999999566,4.999900869540917,0.2852249860528651,0.21338235835687788,1.4701845324831113,0.06549003997517033,0.05880738129932188
1.157999999999956,9.0,1.157999999999956,4.999900869540959,0.2852249860527457,0.21338235949201256,1.4701845336191028,0.06549004003053016,0.058807381344768074
1.177999999999955,9.0,1.177999999999955,4.999900869541002,0.28522498605248015,0.21338236063067936,1.4701845347578768,0.06549004008308468,0.05880738139030213
1.1979999999999542,9.0,1.1979999999999542,4.999900869541048,0.28522498605276514,0.21338236177406164,1.4701845359011454,0.0654900401358629,0.058807381436018664
1.2179999999999533,9.0,1.2179999999999533,4.999900869541091,0.2852249860534503,0.21338236292045965,1.4701845370475102,0.06549004018874982,0.058807381481896306
1.2379999999999527,9.0,1.2379999999999527,4.999900869541134,0.2852249860530831,0.2133823640713915,1.4701845381983354,0.06549004024231919,0.05880738152794957
1.257999999999952,9.0,1.257999999999952,4.9999008695411815,0.2852249860530562,0.21338236522741763,1.4701845393543098,0.0654900402960863,0.05880738157416698
1.2779999999999512,9.0,1.2779999999999512,4.999900869541227,0.2852249860525318,0.21338236638693933,1.4701845405138236,0.06549004034967132,0.05880738162054775
1.2979999999999503,9.0,1.2979999999999503,4.999900869541273,0.28522498605257773,0.21338236755105564,1.470184541677844,0.06549004041293482,0.05880738166789007
1.2989999999999493,9.0,1.2989999999999493,4.999900869541278,0.28522498605228197,0.21338236758110782,1.4701845416841122,0.06549004026995786,0.058807381663743365
1.3149999999999498,9.0,1.3149999999999498,4.999900869541321,0.28522498605296603,0.21338236856815276,1.4701845427129585,0.06549004051336205,0.058807381709644724
1.334999999999949,9.0,1.334999999999949,4.999900869541365,0.2852249860530794,0.21338236972024474,1.4701845438517522,0.06549004049988161,0.0588073817532824
1.3549999999999482,9.0,1.3549999999999482,4.999900869541413,0.2852249860530105,0.21338237089165715,1.4701845450173678,0.06549004055515728,0.05880738180069597
1.3749999999999474,9.0,1.3749999999999474,4.999900869541463,0.28522498605363306,0.21338237207331964,1.4701845461995906,0.06549004061310626,0.0588073818479921
1.3949999999999465,9.0,1.3949999999999465,4.999900869541514,0.28522498605271174,0.2133823732590651,1.4701845473855841,0.06549004066890618,0.05880738189542124
1.4149999999999459,9.0,1.4149999999999459,4.999900869541565,0.28522498605291974,0.21338237444857147,1.4701845485750795,0.06549004072384312,0.058807381942997894
1.434999999999945,9.0,1.434999999999945,4.999900869541619,0.2852249860529526,0.21338237564302454,1.4701845497694304,0.06549004077931453,0.05880738199077144
1.4549999999999441,9.0,1.4549999999999441,4.99990086954167,0.28522498605323354,0.21338237684124078,1.4701845509676323,0.06549004083464938,0.058807382038698494
1.4749999999999432,9.0,1.4749999999999432,4.999900869541723,0.285224986052771,0.21338237804392907,1.470184552170244,0.06549004089062438,0.05880738208682512
1.4949999999999424,9.0,1.4949999999999424,4.999900869541777,0.28522498605308155,0.21338237925181203,1.4701845533780664,0.06549004094682687,0.05880738213512569
1.5149999999999417,9.0,1.5149999999999417,4.9999008695418325,0.28522498605310964,0.21338238046364016,1.4701845545898682,0.0654900409937954,0.05880738218282658
1.5349999999999409,9.0,1.5349999999999409,4.999900869541886,0.2852249860533598,0.21338238167109405,1.470184555787499,0.065490041050282,0.05880738223148744
1.55499999999994,9.0,1.55499999999994,4.999900869541943,0.28522498605319874,0.2133823829034635,1.4701845570310057,0.06549004112353929,0.05880738228121036
1.5559999999999394,9.0,1.5559999999999394,4.999900869541952,0.28522498605207874,0.21338238288611383,1.470184556948901,0.06549004098874645,0.05880738227795078
1.57199999999994,9.0,1.57199999999994,4.9999008695419995,0.2852249860531853,0.21338238400642082,1.4701845581804862,0.0654900412893129,0.05880738232721293
1.591999999999939,9.0,1.591999999999939,4.999900869542054,0.2852249860534329,0.21338238517223151,1.4701845593005185,0.06549004122507485,0.05880738237205137
1.6119999999999381,9.0,1.6119999999999381,4.999900869542105,0.28522498605336827,0.2133823864156271,1.4701845605510309,0.065490041286978,0.05880738242205103
1.6319999999999375,9.0,1.6319999999999375,4.9999008695421665,0.2852249860532875,0.21338238764329506,1.4701845617676323,0.06549004132790781,0.05880738247070253
1.6519999999999366,9.0,1.6519999999999366,4.999900869542225,0.2852249860535191,0.2133823888871191,1.4701845630119186,0.0654900413915741,0.05880738252046942
1.6719999999999358,9.0,1.6719999999999358,4.9999008695422855,0.2852249860533523,0.21338239013569754,1.470184564261321,0.06549004147042492,0.058807382571996546
1.691999999999935,9.0,1.691999999999935,4.999900869542348,0.28522498605342056,0.2133823914067526,1.470184565551945,0.065490041528242,0.05880738262208304
1.711999999999934,9.0,1.711999999999934,4.999900869542409,0.2852249860536468,0.21338239264196576,1.4701845667645943,0.06549004153453908,0.05880738266904134
1.7319999999999334,9.0,1.7319999999999334,4.999900869542471,0.2852249860535088,0.21338239388584024,1.4701845679900531,0.06549004162320715,0.05880738272117988
1.7519999999999325,9.0,1.7519999999999325,4.999900869542534,0.2852249860533155,0.2133823951952256,1.4701845693430466,0.06549004171130579,0.05880738277296732
1.7719999999999316,9.0,1.7719999999999316,4.999900869542597,0.2852249860534187,0.21338239643364776,1.4701845705484389,0.06549004172450779,0.058807382821936705
1.791999999999931,9.0,1.791999999999931,4.999900869542659,0.2852249860532592,0.2133823977203923,1.4701845718455524,0.0654900418064932,0.05880738287381778
1.81199999999993,9.0,1.81199999999993,4.999900869542725,0.28522498605355395,0.21338239900150505,1.4701845731275223,0.06549004186506024,0.05880738292510852
1.8129999999999291,9.0,1.8129999999999291,4.999900869542733,0.2852249860531733,0.21338239898734415,1.470184573048664,0.06549004173112571,0.05880738292195817
1.8289999999999296,9.0,1.8289999999999296,4.999900869542785,0.28522498605364316,0.21338240015686744,1.4701845743301891,0.06549004202221953,0.058807382972063095
1.8489999999999287,9.0,1.8489999999999287,4.999900869542846,0.2852249860539127,0.21338240137328887,1.470184575490949,0.06549004196832187,0.05880738301963512
1.8689999999999278,9.0,1.8689999999999278,4.999900869542916,0.28522498605373836,0.21338240268791683,1.4701845768240582,0.06549004205894116,0.05880738307373383
1.8889999999999272,9.0,1.8889999999999272,4.999900869542981,0.2852249860532087,0.21338240398425162,1.4701845781185463,0.06549004208737297,0.05880738312397652
1.9089999999999263,9.0,1.9089999999999263,4.99990086954305,0.28522498605330693,0.2133824052673341,1.4701845793801875,0.0654900421345358,0.058807383175202496
1.9289999999999254,9.0,1.9289999999999254,4.999900869543117,0.28522498605398483,0.21338240658877844,1.4701845807140734,0.06549004222076926,0.05880738322854815
1.9489999999999248,9.0,1.9489999999999248,4.999900869543187,0.2852249860534882,0.2133824079022785,1.470184582028081,0.06549004227865818,0.05880738328112799
1.968999999999924,9.0,1.968999999999924,4.999900869543255,0.285224986053501,0.21338240922062374,1.4701845833455889,0.06549004233704592,0.058807383333803476
1.988999999999923,9.0,1.988999999999923,4.9999008695433265,0.2852249860536566,0.21338241054287,1.4701845846676216,0.065490042397929,0.05880738338672135
2.008999999999922,9.0,2.008999999999922,4.9999008695433975,0.28522498605331287,0.21338241187114015,1.4701845859957554,0.0654900424596504,0.058807383439821184
2.0289999999999213,9.0,2.0289999999999213,4.999900869543474,0.2852249860542069,0.2133824132046143,1.4701845873291994,0.06549004252193802,0.05880738349316509
2.0489999999999204,9.0,2.0489999999999204,4.999900869543542,0.28522498605370805,0.21338241454273654,1.470184588667285,0.06549004258411695,0.05880738354670054
2.06899999999992,9.0,2.06899999999992,4.999900869543617,0.2852249860538904,0.21338241588557683,1.4701845900100743,0.06549004265540281,0.0588073836011841
2.069999999999919,9.0,2.069999999999919,4.999900869543626,0.28522498605350216,0.21338241592430843,1.4701845900251318,0.06549004259927393,0.05880738360100447
2.0859999999999195,9.0,2.0859999999999195,4.9999008695436835,0.28522498605398766,0.21338241706917646,1.470184591226025,0.06549004276273007,0.0588073836490231
2.1059999999999186,9.0,2.1059999999999186,4.999900869543754,0.28522498605457014,0.21338241837594263,1.470184592493671,0.06549004274824044,0.05880738369975782
2.1259999999999177,9.0,2.1259999999999177,4.9999008695438265,0.2852249860536172,0.21338241974968608,1.4701845938829547,0.06549004283545912,0.05880738375532232
2.1459999999999173,9.0,2.1459999999999173,4.999900869543901,0.2852249860540224,0.21338242110160907,1.470184595224918,0.06549004288214055,0.05880738380898762
2.1659999999999164,9.0,2.1659999999999164,4.999900869543979,0.28522498605408003,0.2133824224697604,1.4701845965931781,0.06549004295027383,0.0588073838637331
2.1859999999999156,9.0,2.1859999999999156,4.999900869544053,0.28522498605419777,0.213382423842397,1.4701845979664807,0.06549004301586192,0.058807383918678555
2.2059999999999147,9.0,2.2059999999999147,4.999900869544132,0.2852249860541268,0.21338242522033316,1.4701845993444715,0.06549004307972817,0.05880738397377816
2.225999999999914,9.0,2.225999999999914,4.99990086954421,0.28522498605391333,0.21338242660291826,1.470184600726983,0.06549004314378215,0.058807384029100226
2.245999999999913,9.0,2.245999999999913,4.99990086954429,0.2852249860540552,0.21338242799032844,1.4701846021143037,0.06549004319844254,0.058807384083795745
2.265999999999912,9.0,2.265999999999912,4.999900869544367,0.2852249860538235,0.21338242937367657,1.4701846034878188,0.0654900432723744,0.05880738414028846
2.2859999999999117,9.0,2.2859999999999117,4.999900869544449,0.28522498605393165,0.21338243079238597,1.4701846049274043,0.06549004334521269,0.05880738419634638
2.305999999999911,9.0,2.305999999999911,4.999900869544528,0.2852249860541785,0.21338243217441974,1.4701846062878836,0.06549004339644715,0.05880738425227747
2.32599999999991,9.0,2.32599999999991,4.9999008695446125,0.2852249860542041,0.2133824336032764,1.4701846077372975,0.06549004347291854,0.0588073843087225
2.326999999999909,9.0,2.326999999999909,4.999900869544621,0.28522498605383073,0.2133824335432435,1.4701846075692095,0.06549004325557983,0.05880738430276693
2.3429999999999094,9.0,2.3429999999999094,4.999900869544686,0.285224986054579,0.21338243488045983,1.4701846090642168,0.06549004371719702,0.05880738436371166
2.3629999999999085,9.0,2.3629999999999085,4.999900869544764,0.2852249860540165,0.2133824362299325,1.4701846103737723,0.06549004362030919,0.05880738441495988
2.3829999999999076,9.0,2.3829999999999076,4.9999008695448435,0.2852249860541398,0.21338243764436224,1.4701846117767279,0.06549004365517574,0.058807384471067224
2.4029999999999068,9.0,2.4029999999999068,4.999900869544925,0.2852249860543427,0.21338243906197307,1.470184613182565,0.06549004370037526,0.05880738452650818
2.422999999999906,9.0,2.422999999999906,4.99990086954501,0.285224986054169,0.2133824404872765,1.4701846145997568,0.06549004378614864,0.0588073845847905
2.4429999999999055,9.0,2.4429999999999055,4.999900869545095,0.28522498605455376,0.21338244194912204,1.4701846160835574,0.06549004387288826,0.058807384643331455
2.4629999999999046,9.0,2.4629999999999046,4.999900869545182,0.2852249860548262,0.21338244338104803,1.4701846175038766,0.06549004391645419,0.05880738470016803
2.4829999999999037,9.0,2.4829999999999037,4.999900869545268,0.28522498605461855,0.21338244483147653,1.470184618953762,0.06549004398681169,0.05880738475814407
2.5029999999999033,9.0,2.5029999999999033,4.999900869545351,0.285224986054045,0.213382446287403,1.4701846204103934,0.06549004405674952,0.0588073848164178
2.522999999999902,9.0,2.522999999999902,4.999900869545439,0.28522498605462515,0.2133824477482484,1.470184621871352,0.06549004411553216,0.058807384874081756
2.5429999999999016,9.0,2.5429999999999016,4.999900869545527,0.28522498605481944,0.21338244920513116,1.470184623318392,0.06549004418338134,0.05880738493272806
2.5629999999999002,9.0,2.5629999999999002,4.999900869545617,0.2852249860551089,0.21338245068732611,1.4701846248117176,0.0654900442682127,0.058807384992471706
2.5829999999999,9.0,2.5829999999999,4.999900869545708,0.2852249860548784,0.21338245216347682,1.470184626287231,0.06549004433078309,0.05880738505148294
2.5839999999998984,9.0,2.5839999999998984,4.999900869545719,0.28522498605377844,0.21338245215894064,1.470184626217972,0.06549004419711046,0.05880738504872401
2.5999999999998993,9.0,2.5999999999998993,4.999900869545789,0.28522498605496144,0.2133824534858105,1.4701846276564068,0.06549004451265938,0.05880738510625927
2.6199999999998984,9.0,2.6199999999998984,4.999900869545873,0.28522498605558155,0.21338245491009847,1.4701846290352178,0.06549004447047946,0.058807385162179204
2.6399999999998975,9.0,2.6399999999998975,4.9999008695459635,0.28522498605524943,0.21338245642064613,1.4701846305625754,0.06549004453410934,0.05880738522172969
2.659999999999897,9.0,2.659999999999897,4.999900869546054,0.2852249860546823,0.21338245788670163,1.470184631996554,0.06549004457001995,0.05880738527986153
2.679999999999896,9.0,2.679999999999896,4.999900869546146,0.28522498605485064,0.21338245940343223,1.4701846335254212,0.0654900446870913,0.05880738534255224
2.6999999999998954,9.0,2.6999999999998954,4.99990086954624,0.28522498605464747,0.21338246093207602,1.4701846350747554,0.0654900447468807,0.05880738540221388
2.719999999999894,9.0,2.719999999999894,4.999900869546332,0.2852249860546577,0.21338246241477704,1.470184636524592,0.06549004478121623,0.05880738546099911
2.7399999999998936,9.0,2.7399999999998936,4.999900869546425,0.2852249860553844,0.21338246394778984,1.4701846380696144,0.06549004488866705,0.05880738552354771
2.7599999999998923,9.0,2.7599999999998923,4.999900869546521,0.2852249860549307,0.21338246548358525,1.4701846396163596,0.06549004495856081,0.05880738558467136
2.779999999999892,9.0,2.779999999999892,4.999900869546615,0.285224986055216,0.21338246700341118,1.4701846411242665,0.06549004501014388,0.05880738564498323
2.799999999999891,9.0,2.799999999999891,4.999900869546711,0.28522498605509067,0.21338246854182802,1.4701846426629341,0.0654900450869117,0.05880738570651098
2.81999999999989,9.0,2.81999999999989,4.999900869546806,0.28522498605489344,0.21338247008543332,1.4701846442074127,0.06549004516081025,0.05880738576828626
2.8399999999998893,9.0,2.8399999999998893,4.999900869546905,0.28522498605512137,0.2133824716343793,1.4701846457564132,0.06549004523266655,0.05880738583024755
2.8409999999998887,9.0,2.8409999999998887,4.999900869546913,0.2852249860543994,0.21338247163399096,1.470184645691442,0.06549004501352718,0.058807385824051234
2.856999999999889,9.0,2.856999999999889,4.999900869546988,0.28522498605523366,0.2133824730047874,1.470184647160544,0.06549004541950265,0.05880738588756045
2.8769999999998888,9.0,2.8769999999998888,4.999900869547085,0.28522498605559626,0.21338247452682874,1.4701846486626862,0.06549004538995118,0.05880738594650564
2.8969999999998874,9.0,2.8969999999998874,4.999900869547184,0.28522498605510604,0.21338247608901723,1.4701846502202185,0.06549004544205639,0.05880738600878622
2.916999999999887,9.0,2.916999999999887,4.999900869547282,0.2852249860556498,0.21338247764823096,1.470184651767622,0.06549004550027804,0.0588073860706748
2.9369999999998857,9.0,2.9369999999998857,4.999900869547381,0.28522498605510116,0.2133824792253506,1.4701846533458547,0.06549004558219162,0.05880738613385361
2.9569999999998853,9.0,2.9569999999998853,4.999900869547482,0.2852249860551042,0.2133824808091403,1.4701846549306283,0.06549004565890071,0.058807386197235995
2.976999999999884,9.0,2.976999999999884,4.99990086954758,0.2852249860551649,0.2133824823981327,1.4701846565196668,0.06549004573235928,0.058807386260780956
2.9969999999998835,9.0,2.9969999999998835,4.999900869547685,0.28522498605542845,0.21338248399171966,1.4701846581131672,0.06549004580577378,0.05880738632455277
3.0169999999998827,9.0,3.0169999999998827,4.999900869547786,0.28522498605501684,0.21338248559141546,1.470184659712729,0.06549004587964236,0.058807386388526006
3.036999999999882,9.0,3.036999999999882,4.9999008695478855,0.2852249860555714,0.21338248719789568,1.4701846613191016,0.06549004594519636,0.05880738645199302
3.056999999999881,9.0,3.056999999999881,4.9999008695479885,0.2852249860552565,0.21338248880002858,1.4701846629114643,0.06549004601989716,0.05880738651646871
3.0769999999998805,9.0,3.0769999999998805,4.999900869548094,0.28522498605569346,0.21338249042956134,1.4701846645520873,0.06549004612109088,0.05880738658285685
3.096999999999879,9.0,3.096999999999879,4.999900869548199,0.2852249860555845,0.21338249206182952,1.4701846661934854,0.06549004618102083,0.05880738664696462
3.0979999999998786,9.0,3.0979999999998786,4.999900869548209,0.28522498605482177,0.2133824920124734,1.4701846660358888,0.06549004605109632,0.05880738664506207
3.113999999999879,9.0,3.113999999999879,4.999900869548295,0.28522498605605373,0.2133824935369175,1.4701846677320376,0.06549004643623668,0.05880738670925431
3.1339999999998778,9.0,3.1339999999998778,4.999900869548393,0.28522498605525226,0.21338249507689938,1.470184669206574,0.06549004633161293,0.058807386768289054
3.1539999999998773,9.0,3.1539999999998773,4.999900869548497,0.2852249860559495,0.21338249672153303,1.4701846708512765,0.06549004640057621,0.05880738683403181
3.1739999999998765,9.0,3.1739999999998765,4.999900869548608,0.2852249860556475,0.21338249835741624,1.470184672476147,0.06549004646258938,0.058807386899039915
3.1939999999998756,9.0,3.1939999999998756,4.9999008695487115,0.2852249860555334,0.213382500011283,1.470184674130908,0.06549004652847501,0.05880738696370916
3.2139999999998747,9.0,3.2139999999998747,4.999900869548818,0.2852249860555339,0.2133825016523598,1.470184675753405,0.0654900466079793,0.05880738703013206
3.2339999999998743,9.0,3.2339999999998743,4.999900869548928,0.2852249860557352,0.21338250334004458,1.4701846774635332,0.06549004673697256,0.05880738710008137
3.253999999999873,9.0,3.253999999999873,4.9999008695490375,0.285224986055719,0.21338250502884823,1.4701846791706183,0.06549004680238568,0.058807387166835284
3.2739999999998726,9.0,3.2739999999998726,4.999900869549147,0.28522498605570684,0.2133825066829535,1.4701846808004007,0.06549004684119131,0.05880738723199053
3.2939999999998717,9.0,3.2939999999998717,4.999900869549254,0.2852249860556733,0.21338250836809103,1.470184682486269,0.06549004693149052,0.058807387299446776
3.313999999999871,9.0,3.313999999999871,4.999900869549366,0.2852249860554448,0.2133825100593829,1.4701846841793844,0.06549004701548011,0.05880738736718555
3.33399999999987,9.0,3.33399999999987,4.999900869549477,0.2852249860556891,0.2133825117558796,1.4701846858761094,0.06549004709437112,0.05880738743506572
3.3539999999998695,9.0,3.3539999999998695,4.999900869549593,0.2852249860557455,0.2133825134581503,1.470184687578225,0.06549004717264562,0.058807387503153966
3.3549999999998685,9.0,3.3549999999998685,4.999900869549602,0.28522498605555663,0.21338251346608803,1.4701846875213556,0.06549004704008121,0.05880738750084973
3.3709999999998685,9.0,3.3709999999998685,4.999900869549692,0.2852249860561037,0.2133825149738295,1.4701846891422714,0.06549004734859198,0.05880738756455538
3.390999999999868,9.0,3.390999999999868,4.999900869549801,0.2852249860560166,0.21338251661559188,1.4701846907279854,0.06549004731425667,0.05880738762911426
3.410999999999867,9.0,3.410999999999867,4.999900869549911,0.2852249860564627,0.2133825183562017,1.4701846924870077,0.06549004741508047,0.058807387699473475
3.4309999999998664,9.0,3.4309999999998664,4.999900869550024,0.2852249860565009,0.21338252007061967,1.4701846941897763,0.06549004747244791,0.05880738776759637
3.4509999999998655,9.0,3.4509999999998655,4.99990086955014,0.2852249860560397,0.2133825218037263,1.4701846959223734,0.06549004755650034,0.058807387836892586
3.4709999999998646,9.0,3.4709999999998646,4.999900869550256,0.2852249860562035,0.2133825235441188,1.4701846976634505,0.06549004763096489,0.05880738790576582
3.4909999999998638,9.0,3.4909999999998638,4.999900869550374,0.2852249860561089,0.2133825252804595,1.4701846993901992,0.06549004773050382,0.05880738797716341
3.5109999999998633,9.0,3.5109999999998633,4.999900869550486,0.2852249860564961,0.21338252706360605,1.4701847012038813,0.0654900478282493,0.05880738804813098
3.530999999999862,9.0,3.530999999999862,4.999900869550604,0.2852249860564232,0.21338252879891165,1.470184702916199,0.06549004785185752,0.058807388115112574
3.5509999999998616,9.0,3.5509999999998616,4.999900869550721,0.28522498605609375,0.213382530546117,1.47018470464398,0.06549004794310864,0.05880738818575851
3.5709999999998603,9.0,3.5709999999998603,4.999900869550842,0.28522498605657437,0.21338253234143786,1.4701847064633007,0.06549004806388425,0.05880738825852706
3.59099999999986,9.0,3.59099999999986,4.999900869550961,0.2852249860565591,0.21338253411822114,1.4701847082392323,0.06549004814381132,0.05880738833034248
3.6109999999998585,9.0,3.6109999999998585,4.999900869551081,0.285224986056496,0.21338253591117357,1.470184710039956,0.06549004821209103,0.058807388400825736
3.611999999999858,9.0,3.611999999999858,4.999900869551091,0.28522498605627916,0.21338253587007325,1.4701847098907783,0.06549004808282666,0.058807388399246825
3.6279999999998584,9.0,3.6279999999998584,4.999900869551185,0.28522498605617624,0.21338253752413883,1.4701847117173643,0.06549004847695694,0.05880738846868361
3.647999999999858,9.0,3.647999999999858,4.999900869551301,0.28522498605692764,0.21338253922628178,1.4701847133539592,0.0654900483794093,0.05880738853416677
3.667999999999857,9.0,3.667999999999857,4.999900869551422,0.2852249860568728,0.2133825410330316,1.4701847151607144,0.06549004845575113,0.05880738860642132
3.6879999999998563,9.0,3.6879999999998563,4.999900869551545,0.285224986055974,0.2133825428320663,1.4701847169486901,0.06549004852531248,0.0588073886779525
3.7079999999998554,9.0,3.7079999999998554,4.999900869551666,0.2852249860564771,0.21338254465056217,1.4701847187680057,0.06549004860801666,0.05880738874994967
3.727999999999855,9.0,3.727999999999855,4.999900869551788,0.2852249860573538,0.21338254646539354,1.4701847205740535,0.06549004869508135,0.05880738882296304
3.7479999999998537,9.0,3.7479999999998537,4.999900869551912,0.28522498605745905,0.21338254830663894,1.470184722426534,0.06549004879658327,0.0588073888970766
3.7679999999998532,9.0,3.7679999999998532,4.999900869552033,0.2852249860573296,0.21338255014290083,1.470184724262078,0.06549004888442622,0.05880738897124751
3.787999999999852,9.0,3.787999999999852,4.999900869552157,0.2852249860569315,0.21338255199511846,1.4701847261230685,0.06549004896743638,0.05880738904493165
3.8079999999998515,9.0,3.8079999999998515,4.999900869552283,0.2852249860570476,0.21338255383444305,1.4701847279509563,0.06549004902717204,0.05880738911724957
3.82799999999985,9.0,3.82799999999985,4.999900869552409,0.2852249860571388,0.21338255568334122,1.4701847297905821,0.06549004912902845,0.05880738919239407
3.8479999999998498,9.0,3.8479999999998498,4.999900869552536,0.2852249860573001,0.21338255756881927,1.470184731697852,0.06549004923503454,0.05880738926793621
3.867999999999849,9.0,3.867999999999849,4.999900869552663,0.2852249860572395,0.21338255942819895,1.4701847335455427,0.06549004929864533,0.058807389341812115
3.868999999999848,9.0,3.868999999999848,4.9999008695526745,0.28522498605627256,0.2133825594442598,1.4701847334969114,0.06549004916691081,0.05880738933986122
3.884999999999849,9.0,3.884999999999849,4.9999008695527785,0.2852249860570083,0.21338256108826656,1.4701847352542818,0.06549004950413528,0.058807389410184464
3.9049999999998475,9.0,3.9049999999998475,4.999900869552901,0.285224986057569,0.21338256290882987,1.4701847370291647,0.06549004947104076,0.05880738948117615
3.924999999999847,9.0,3.924999999999847,4.999900869553028,0.2852249860573477,0.21338256480826545,1.4701847389354639,0.06549004956229099,0.05880738955744048
3.9449999999998457,9.0,3.9449999999998457,4.999900869553153,0.28522498605739466,0.2133825666946536,1.4701847408106663,0.0654900496329448,0.05880738963242112
3.9649999999998453,9.0,3.9649999999998453,4.9999008695532865,0.28522498605762964,0.21338256859995552,1.470184742716356,0.06549004971821004,0.058807389707881415
3.984999999999844,9.0,3.984999999999844,4.999900869553417,0.28522498605776947,0.21338257050295437,1.470184744610449,0.06549004980946649,0.058807389784407284
4.004999999999844,9.0,4.004999999999844,4.999900869553548,0.28522498605724445,0.2133825724331065,1.4701847465518338,0.06549004991512386,0.058807389862047546
4.024999999999842,9.0,4.024999999999842,4.999900869553678,0.28522498605733587,0.2133825743577412,1.470184748475838,0.06549005000715025,0.05880738993978216
4.044999999999842,9.0,4.044999999999842,4.999900869553809,0.28522498605770147,0.21338257629911137,1.4701847504259007,0.06549005009434739,0.058807390017029476
4.064999999999841,9.0,4.064999999999841,4.999900869553943,0.28522498605783647,0.2133825782274625,1.4701847523428282,0.06549005016754894,0.0588073900937096
4.08499999999984,9.0,4.08499999999984,4.999900869554074,0.28522498605739854,0.21338258017527423,1.4701847542911222,0.06549005026392496,0.058807390171617756
4.10499999999984,9.0,4.10499999999984,4.999900869554209,0.2852249860573371,0.21338258212970335,1.4701847562464097,0.06549005035724342,0.05880739024985613
4.124999999999838,9.0,4.124999999999838,4.9999008695543425,0.2852249860575001,0.2133825840908881,1.4701847582076228,0.06549005044807155,0.05880739032830145
4.125999999999838,9.0,4.125999999999838,4.999900869554355,0.28522498605718527,0.2133825841111711,1.4701847581632959,0.06549005031631538,0.058807390326539324
4.141999999999839,9.0,4.141999999999839,4.999900869554464,0.2852249860569328,0.2133825858271128,1.4701847599920428,0.06549005065141267,0.05880739039969205
4.161999999999837,9.0,4.161999999999837,4.999900869554596,0.28522498605750934,0.21338258773856716,1.4701847618576722,0.065490050621832,0.058807390474325406
4.181999999999837,9.0,4.181999999999837,4.999900869554728,0.28522498605761504,0.21338258972887963,1.4701847638548848,0.06549005071704905,0.05880739055418838
4.201999999999836,9.0,4.201999999999836,4.999900869554868,0.28522498605753843,0.21338259170684798,1.470184765821669,0.06549005079288972,0.058807390632877765
4.221999999999835,9.0,4.221999999999835,4.999900869555002,0.28522498605748375,0.21338259370387366,1.4701847678191076,0.06549005089139437,0.05880739071276076
4.241999999999834,9.0,4.241999999999834,4.999900869555138,0.2852249860579073,0.21338259570816703,1.4701847698242192,0.06549005098720895,0.05880739079299328
4.2619999999998335,9.0,4.2619999999998335,4.999900869555277,0.28522498605806784,0.2133825977192788,1.4701847718353767,0.06549005107998396,0.05880739087340199
4.281999999999833,9.0,4.281999999999833,4.9999008695554155,0.2852249860578635,0.21338259973714174,1.4701847738531078,0.06549005117355666,0.05880739095415722
4.301999999999832,9.0,4.301999999999832,4.999900869555556,0.28522498605827995,0.21338260176305926,1.4701847758788704,0.06549005126709906,0.05880739103514721
4.321999999999831,9.0,4.321999999999831,4.999900869555696,0.2852249860587011,0.21338260379629906,1.4701847779120443,0.06549005136155805,0.0588073911164868
4.34199999999983,9.0,4.34199999999983,4.999900869555835,0.2852249860585196,0.21338260583631916,1.4701847799519783,0.06549005145598052,0.05880739119809404
4.36199999999983,9.0,4.36199999999983,4.999900869555976,0.2852249860582071,0.21338260788441119,1.4701847819999534,0.06549005155109056,0.05880739128001075
4.381999999999829,9.0,4.381999999999829,4.999900869556118,0.285224986058002,0.21338260994036223,1.470184784055788,0.06549005164628119,0.05880739136221453
4.382999999999829,9.0,4.382999999999829,4.999900869556131,0.2852249860576178,0.21338260996514186,1.4701847840160998,0.06549005160140031,0.05880739136426794
4.398999999999828,9.0,4.398999999999828,4.999900869556248,0.2852249860582666,0.21338261177096451,1.4701847859491222,0.06549005187055124,0.058807391437971514
4.418999999999827,9.0,4.418999999999827,4.9999008695563845,0.2852249860581545,0.2133826137616004,1.4701847878780727,0.06549005180906997,0.05880739151432422
4.438999999999826,9.0,4.438999999999826,4.999900869556525,0.2852249860577967,0.21338261583835538,1.4701847899521554,0.06549005191616852,0.05880739159807782
4.4589999999998255,9.0,4.4589999999998255,4.999900869556669,0.2852249860586143,0.2133826179240575,1.470184792039033,0.06549005201652469,0.05880739168155416
4.478999999999825,9.0,4.478999999999825,4.999900869556813,0.2852249860586895,0.2133826200163098,1.4701847941313693,0.06549005211377501,0.05880739176525246
4.498999999999825,9.0,4.498999999999825,4.999900869556959,0.28522498605828395,0.21338262211577896,1.470184796230691,0.06549005221089677,0.05880739184923949
4.518999999999823,9.0,4.518999999999823,4.999900869557107,0.28522498605869606,0.21338262422329937,1.4701847983380707,0.06549005230873295,0.058807391933544104
4.538999999999823,9.0,4.538999999999823,4.999900869557251,0.2852249860587933,0.21338262633808255,1.4701848004527889,0.06549005240670014,0.058807392018138165
4.558999999999822,9.0,4.558999999999822,4.999900869557399,0.2852249860585958,0.21338262846152065,1.4701848025760762,0.06549005249604134,0.05880739210227225
4.578999999999821,9.0,4.578999999999821,4.999900869557548,0.28522498605852514,0.21338263058249737,1.470184804687295,0.06549005259475171,0.058807392187498475
4.59899999999982,9.0,4.59899999999982,4.9999008695576945,0.2852249860586949,0.21338263273225155,1.4701848068481158,0.0654900527106862,0.05880739227392164
4.6189999999998195,9.0,4.6189999999998195,4.999900869557844,0.2852249860590643,0.21338263487778195,1.4701848089930092,0.06549005281335518,0.058807392360484816
4.638999999999818,9.0,4.638999999999818,4.999900869557995,0.28522498605822294,0.21338263704072602,1.470184811164678,0.0654900529108956,0.058807392446590334
4.639999999999818,9.0,4.639999999999818,4.999900869558007,0.2852249860581145,0.2133826370670073,1.4701848111240512,0.06549005277333331,0.058807392444977666
4.655999999999818,9.0,4.655999999999818,4.99990086955813,0.2852249860585014,0.21338263892783388,1.4701848130858741,0.06549005310110045,0.05880739252342707
4.675999999999817,9.0,4.675999999999817,4.999900869558274,0.2852249860597006,0.21338264103611873,1.4701848151511179,0.06549005310131595,0.05880739260685416
4.695999999999817,9.0,4.695999999999817,4.999900869558425,0.2852249860593545,0.2133826432326204,1.470184817365881,0.06549005319904977,0.05880739269385824
4.715999999999816,9.0,4.715999999999816,4.999900869558576,0.28522498605829777,0.2133826453853224,1.4701848194865892,0.06549005327503454,0.058807392780239345
4.735999999999815,9.0,4.735999999999815,4.999900869558726,0.28522498605891944,0.21338264759945422,1.4701848217224778,0.06549005339568836,0.05880739286814352
4.755999999999815,9.0,4.755999999999815,4.999900869558879,0.28522498605903296,0.21338264978025237,1.4701848238834558,0.06549005347994197,0.058807392955335505
4.775999999999813,9.0,4.775999999999813,4.999900869559034,0.28522498605882524,0.2133826520001965,1.4701848261144357,0.06549005360277038,0.05880739304459936
4.795999999999813,9.0,4.795999999999813,4.999900869559189,0.2852249860592584,0.21338265421635455,1.470184828330626,0.0654900537009061,0.05880739313320751
4.8159999999998115,9.0,4.8159999999998115,4.999900869559341,0.2852249860596552,0.21338265644031956,1.4701848305537175,0.06549005379270068,0.05880739322137629
4.835999999999811,9.0,4.835999999999811,4.999900869559497,0.2852249860596192,0.21338265866363273,1.4701848327670182,0.06549005389624918,0.058807393310682146
4.85599999999981,9.0,4.85599999999981,4.999900869559652,0.2852249860597974,0.21338266091564995,1.470184835030166,0.06549005401720376,0.05880739340120975
4.875999999999809,9.0,4.875999999999809,4.99990086955981,0.28522498605975394,0.21338266316367832,1.4701848372775839,0.06549005412478237,0.05880739349188694
4.895999999999808,9.0,4.895999999999808,4.999900869559964,0.2852249860593876,0.21338266542991877,1.470184839552532,0.06549005422699916,0.0588073935820999
4.8969999999998075,9.0,4.8969999999998075,4.999900869559981,0.28522498605902524,0.21338266546187554,1.4701848395174006,0.06549005408944697,0.05880739358068676
4.912999999999808,9.0,4.912999999999808,4.99990086956011,0.285224986060223,0.21338266740574452,1.4701848415626149,0.06549005442162481,0.05880739366249079
4.932999999999807,9.0,4.932999999999807,4.999900869560258,0.28522498605987934,0.21338266961721744,1.4701848437309384,0.06549005441641975,0.058807393749247164
4.952999999999807,9.0,4.952999999999807,4.999900869560419,0.28522498605991076,0.21338267190755433,1.4701848460297378,0.06549005452876389,0.05880739384121685
4.972999999999805,9.0,4.972999999999805,4.999900869560575,0.2852249860602054,0.21338267418612145,1.4701848482971944,0.06549005461754098,0.058807393931889156
4.992999999999805,9.0,4.992999999999805,4.999900869560735,0.28522498605973284,0.21338267648417097,1.470184850595592,0.06549005472958225,0.05880739402383545
5.0129999999998045,9.0,5.0129999999998045,4.999900869560896,0.28522498605963187,0.2133826787901218,1.4701848529023045,0.06549005483881942,0.05880739411611989
5.032999999999803,9.0,5.032999999999803,4.999900869561057,0.2852249860597722,0.2133826811047978,1.4701848552170007,0.06549005494598381,0.05880739420867279
5.052999999999802,9.0,5.052999999999802,4.9999008695612215,0.28522498606019964,0.2133826834268956,1.4701848575389653,0.06549005505337713,0.05880739430157941
5.0729999999998014,9.0,5.0729999999998014,4.999900869561381,0.2852249860601933,0.21338268575793892,1.4701848598698495,0.06549005516124429,0.058807394394799345
5.092999999999801,9.0,5.092999999999801,4.999900869561545,0.2852249860601583,0.21338268809699962,1.470184862208837,0.06549005526956853,0.05880739448836234
5.1129999999998,9.0,5.1129999999998,4.99990086956171,0.28522498606009383,0.21338269044563996,1.47018486455732,0.06549005537874597,0.05880739458229457
5.132999999999798,9.0,5.132999999999798,4.999900869561875,0.28522498605984203,0.21338269280161956,1.4701848669132338,0.06549005548750919,0.058807394676524266
5.152999999999798,9.0,5.152999999999798,4.999900869562038,0.28522498606002905,0.21338269516646347,1.470184869277952,0.06549005559736709,0.05880739477113365
5.153999999999797,9.0,5.153999999999797,4.999900869562051,0.2852249860596929,0.21338269520718342,1.4701848692540058,0.06549005546649456,0.0588073947701669
5.169999999999798,9.0,5.169999999999798,4.999900869562186,0.28522498606012703,0.21338269724812334,1.4701848714078365,0.0654900558172058,0.05880739485630602
5.189999999999797,9.0,5.189999999999797,4.999900869562349,0.28522498606074503,0.21338269956555891,1.470184873679492,0.06549005581562706,0.05880739494797995
5.209999999999796,9.0,5.209999999999796,4.9999008695625164,0.2852249860605927,0.21338270197355846,1.470184876104054,0.06549005592952784,0.05880739504415643
5.229999999999796,9.0,5.229999999999796,4.999900869562681,0.28522498605983937,0.21338270434925524,1.47018487845735,0.06549005600741942,0.0588073951383267
5.249999999999795,9.0,5.249999999999795,4.999900869562848,0.28522498606029784,0.21338270675829932,1.4701848808672975,0.06549005613091308,0.05880739523468769
5.2699999999997935,9.0,5.2699999999997935,4.999900869563017,0.2852249860605274,0.21338270917513041,1.4701848832858786,0.06549005624773385,0.05880739533143861
5.289999999999793,9.0,5.289999999999793,4.999900869563185,0.2852249860610431,0.2133827116004054,1.4701848857112814,0.06549005636016858,0.05880739542844908
5.309999999999793,9.0,5.309999999999793,4.9999008695633576,0.28522498606092866,0.21338271403332845,1.4701848881440538,0.06549005647235862,0.058807395525791506
5.329999999999791,9.0,5.329999999999791,4.999900869563529,0.28522498606051516,0.21338271647520413,1.4701848905857418,0.06549005658482865,0.058807395623425435
5.34999999999979,9.0,5.34999999999979,4.999900869563701,0.2852249860604734,0.21338271892638724,1.4701848930367893,0.0654900566895088,0.05880739572069867
5.36999999999979,9.0,5.36999999999979,4.999900869563868,0.2852249860611749,0.21338272137622788,1.4701848954768164,0.06549005680355169,0.058807395819092355
5.389999999999789,9.0,5.389999999999789,4.999900869564045,0.28522498606120006,0.21338272385665186,1.470184897968302,0.06549005694403454,0.058807395919497935
5.409999999999789,9.0,5.409999999999789,4.999900869564214,0.28522498606076585,0.21338272634267988,1.4701849004634535,0.06549005705273958,0.0588073960185388
5.410999999999787,9.0,5.410999999999787,4.999900869564228,0.2852249860602859,0.21338272638569505,1.4701849004390752,0.06549005691520038,0.05880739601755381
5.426999999999787,9.0,5.426999999999787,4.99990086956437,0.28522498606099117,0.21338272850602605,1.4701849026598146,0.06549005725305279,0.05880739610636814
5.446999999999786,9.0,5.446999999999786,4.99990086956454,0.28522498606104246,0.2133827309390792,1.470184905049883,0.0654900572582745,0.05880739620199778
5.4669999999997865,9.0,5.4669999999997865,4.999900869564713,0.2852249860603534,0.21338273345226394,1.4701849075716085,0.06549005738137692,0.0588073963028859
5.486999999999785,9.0,5.486999999999785,4.999900869564887,0.28522498606115987,0.2133827359540074,1.4701849100622688,0.06549005748057157,0.058807396402497374
5.506999999999785,9.0,5.506999999999785,4.999900869565064,0.28522498606179625,0.21338273847584527,1.4701849125844288,0.06549005760303006,0.05880739650340842
5.526999999999783,9.0,5.526999999999783,4.99990086956524,0.2852249860610384,0.21338274100792726,1.470184915117187,0.06549005772274707,0.05880739660468401
5.546999999999783,9.0,5.546999999999783,4.999900869565421,0.28522498606179003,0.21338274354786968,1.470184917657217,0.06549005783121498,0.058807396705519786
5.566999999999782,9.0,5.566999999999782,4.999900869565596,0.28522498606146446,0.21338274608700872,1.4701849201864676,0.06549005795793017,0.058807396808232854
5.586999999999781,9.0,5.586999999999781,4.999900869565775,0.28522498606028207,0.21338274866520512,1.4701849227854678,0.06549005809293107,0.05880739691141682
5.60699999999978,9.0,5.60699999999978,4.9999008695659555,0.2852249860610484,0.213382751221338,1.4701849253297057,0.06549005818967957,0.05880739701318764
5.62699999999978,9.0,5.62699999999978,4.999900869566135,0.285224986061752,0.21338275379846444,1.470184927906367,0.06549005831251542,0.05880739711624419
5.646999999999779,9.0,5.646999999999779,4.999900869566314,0.28522498606203117,0.21338275638480847,1.470184930493378,0.06549005843451927,0.05880739721971767
5.666999999999778,9.0,5.666999999999778,4.999900869566494,0.2852249860611745,0.21338275898038275,1.4701849330889925,0.06549005854607026,0.05880739732277924
5.667999999999779,9.0,5.667999999999779,4.999900869566511,0.28522498606077795,0.2133827589833695,1.4701849329863395,0.06549005842460343,0.058807397323049015
5.683999999999778,9.0,5.683999999999778,4.999900869566659,0.2852249860624566,0.21338276129791955,1.4701849354851715,0.06549005882912784,0.05880739741710128
5.703999999999777,9.0,5.703999999999777,4.9999008695668365,0.285224986062216,0.2133827637941159,1.4701849378928313,0.06549005877304259,0.05880739751569309
5.723999999999776,9.0,5.723999999999776,4.999900869567015,0.2852249860613771,0.21338276644077667,1.4701849405608067,0.06549005891946735,0.05880739762243397
5.743999999999775,9.0,5.743999999999775,4.999900869567201,0.2852249860617317,0.21338276905978318,1.4701849431676504,0.06549005901599325,0.058807397726707816
5.763999999999775,9.0,5.763999999999775,4.999900869567385,0.28522498606152197,0.21338277170046532,1.470184945807441,0.06549005914117467,0.058807397832285835
5.783999999999773,9.0,5.783999999999773,4.99990086956757,0.28522498606239616,0.2133827743520436,1.4701849484596015,0.06549005926711893,0.058807397938370434
5.803999999999773,9.0,5.803999999999773,4.999900869567756,0.28522498606174207,0.21338277701219818,1.470184951119855,0.06549005939981889,0.05880739804555274
5.823999999999772,9.0,5.823999999999772,4.999900869567942,0.2852249860622895,0.21338277969144778,1.4701849538086977,0.06549005952339004,0.05880739815233901
5.843999999999772,9.0,5.843999999999772,4.99990086956813,0.28522498606189134,0.2133827823599069,1.47018495646582,0.06549005963080101,0.05880739825863189
5.863999999999771,9.0,5.863999999999771,4.999900869568318,0.2852249860624207,0.21338278504970343,1.4701849591560205,0.06549005976111544,0.05880739836623328
5.883999999999769,9.0,5.883999999999769,4.9999008695685045,0.2852249860616986,0.2133827877493778,1.4701849618564788,0.06549005988888879,0.05880739847426843
5.903999999999768,9.0,5.903999999999768,4.999900869568695,0.2852249860623006,0.213382790458232,1.4701849645653247,0.06549006000502011,0.058807398581834515
5.923999999999769,9.0,5.923999999999769,4.999900869568882,0.28522498606120533,0.2133827931669183,1.470184967264153,0.06549006013041536,0.05880739869054635
5.92499999999977,9.0,5.92499999999977,4.9999008695689,0.2852249860613016,0.2133827932286442,1.4701849672636351,0.06549006000651758,0.05880739869053244
5.940999999999768,9.0,5.940999999999768,4.999900869569055,0.28522498606222746,0.21338279556269105,1.4701849697220375,0.0654900604019335,0.0588073987900069
5.960999999999767,9.0,5.960999999999767,4.99990086956924,0.2852249860621608,0.21338279824292114,1.4701849723638254,0.06549006038950322,0.058807398894549674
5.980999999999765,9.0,5.980999999999765,4.999900869569427,0.28522498606250596,0.21338280098508827,1.470184975099786,0.06549006050045936,0.05880739900400734
6.000999999999765,9.0,6.000999999999765,4.99990086956962,0.2852249860629543,0.21338280373120888,1.4701849778350273,0.06549006061793283,0.05880739911338004
6.0209999999997645,9.0,6.0209999999997645,4.999900869569814,0.28522498606219837,0.21338280649879243,1.470184980604017,0.06549006075523689,0.05880739922414352
6.040999999999763,9.0,6.040999999999763,4.999900869570009,0.28522498606238994,0.21338280927587788,1.4701849833820426,0.0654900608865221,0.05880739933526234
6.060999999999762,9.0,6.060999999999762,4.999900869570203,0.2852249860624692,0.2133828120618873,1.4701849861680452,0.06549006101517862,0.05880739944671013
6.080999999999762,9.0,6.080999999999762,4.999900869570395,0.2852249860625816,0.21338281485798105,1.4701849889639131,0.06549006114443634,0.05880739955855809
6.100999999999761,9.0,6.100999999999761,4.99990086957059,0.2852249860627451,0.21338281766372513,1.470184991769518,0.06549006126510326,0.05880739967001795
6.12099999999976,9.0,6.12099999999976,4.999900869570788,0.28522498606244107,0.21338282047043625,1.470184994566325,0.06549006140483327,0.05880739978343355
6.140999999999758,9.0,6.140999999999758,4.999900869570984,0.28522498606267693,0.21338282331716768,1.470184997433881,0.06549006155245474,0.058807399897354576
6.160999999999759,9.0,6.160999999999759,4.999900869571182,0.2852249860630672,0.2133828261419273,1.470185000246755,0.0654900616613574,0.05880740000987432
6.180999999999758,9.0,6.180999999999758,4.99990086957138,0.285224986062644,0.2133828289882322,1.4701850030926094,0.06549006179675299,0.05880740012372905
6.181999999999759,9.0,6.181999999999759,4.999900869571397,0.2852249860621187,0.21338282905324588,1.470185003093191,0.0654900616673233,0.0588074001237274
6.197999999999757,9.0,6.197999999999757,4.99990086957156,0.2852249860636596,0.21338283148129203,1.470185005635045,0.06549006203858965,0.05880740022539904
6.217999999999757,9.0,6.217999999999757,4.999900869571753,0.28522498606258007,0.21338283428358593,1.4701850083913333,0.0654900620498523,0.058807400335679515
6.237999999999756,9.0,6.237999999999756,4.999900869571952,0.28522498606301067,0.21338283716805148,1.4701850112825534,0.06549006218603437,0.05880740045129854
6.257999999999755,9.0,6.257999999999755,4.999900869572155,0.2852249860626714,0.21338284004301664,1.4701850141462718,0.06549006230308052,0.05880740056585851
6.2779999999997536,9.0,6.2779999999997536,4.999900869572354,0.2852249860639419,0.2133828429400471,1.4701850170436772,0.06549006244343536,0.058807400681764585
6.297999999999754,9.0,6.297999999999754,4.999900869572557,0.28522498606290964,0.21338284584852402,1.4701850199528679,0.06549006258061763,0.05880740079808545
6.317999999999753,9.0,6.317999999999753,4.999900869572758,0.28522498606312535,0.21338284876556762,1.4701850228700037,0.06549006271576996,0.05880740091480705
6.337999999999751,9.0,6.337999999999751,4.999900869572964,0.28522498606348384,0.21338285169349264,1.4701850257976958,0.06549006285997883,0.05880740103266185
6.35799999999975,9.0,6.35799999999975,4.999900869573166,0.2852249860632796,0.2133828546414731,1.4701850287552622,0.0654900629963292,0.05880740115021706
6.3779999999997505,9.0,6.3779999999997505,4.999900869573371,0.2852249860633242,0.21338285757862183,1.4701850316810905,0.0654900631069173,0.058807401266502024
6.397999999999749,9.0,6.397999999999749,4.999900869573579,0.28522498606320784,0.21338286052911554,1.4701850346222407,0.06549006324997686,0.05880740138491662
6.417999999999749,9.0,6.417999999999749,4.999900869573783,0.2852249860636717,0.21338286351172256,1.4701850376167869,0.06549006340691355,0.05880740150466497
6.4379999999997475,9.0,6.4379999999997475,4.999900869573991,0.28522498606331,0.2133828664913659,1.4701850405959584,0.06549006353884423,0.058807401623847184
6.438999999999748,9.0,6.438999999999748,4.9999008695740095,0.2852249860630237,0.21338286656255992,1.4701850406022436,0.0654900634950808,0.058807401627705924
6.454999999999748,9.0,6.454999999999748,4.999900869574178,0.2852249860637332,0.21338286911007237,1.4701850432759052,0.06549006379614308,0.05880740173102964
6.4749999999997465,9.0,6.4749999999997465,4.999900869574381,0.2852249860640371,0.21338287203168377,1.4701850461360075,0.06549006377832689,0.05880740184463685
6.494999999999745,9.0,6.494999999999745,4.999900869574589,0.285224986063437,0.21338287504270875,1.4701850491444288,0.06549006392902335,0.05880740196576773
6.514999999999745,9.0,6.514999999999745,4.999900869574799,0.2852249860630624,0.2133828780654817,1.4701850521683588,0.06549006407282598,0.058807402086741886
6.534999999999744,9.0,6.534999999999744,4.999900869575009,0.285224986063821,0.213382881098132,1.4701850552010214,0.06549006420461811,0.05880740220729631
6.554999999999743,9.0,6.554999999999743,4.999900869575221,0.28522498606370156,0.2133828841324855,1.4701850582254412,0.06549006436337712,0.05880740233054639
6.574999999999742,9.0,6.574999999999742,4.999900869575434,0.28522498606350727,0.21338288721638995,1.470185061339905,0.06549006451280148,0.05880740245287194
6.594999999999741,9.0,6.594999999999741,4.999900869575647,0.2852249860640682,0.21338289024931806,1.4701850643399499,0.06549006461484075,0.05880740257359724
6.614999999999741,9.0,6.614999999999741,4.99990086957586,0.28522498606417085,0.21338289333748395,1.4701850674394035,0.06549006478365371,0.05880740269758194
6.63499999999974,9.0,6.63499999999974,4.999900869576072,0.2852249860641836,0.2133828964259961,1.4701850705288835,0.06549006492572818,0.05880740282113291
6.654999999999739,9.0,6.654999999999739,4.999900869576287,0.28522498606450203,0.21338289952353537,1.4701850736257196,0.06549006506697186,0.058807402945037036
6.674999999999738,9.0,6.674999999999738,4.999900869576503,0.285224986063737,0.21338290263269413,1.4701850767344953,0.06549006521027745,0.058807403069368325
6.694999999999737,9.0,6.694999999999737,4.99990086957672,0.285224986064376,0.21338290575274524,1.4701850798544243,0.06549006535496893,0.05880740319417964
6.695999999999739,9.0,6.695999999999739,4.999900869576739,0.28522498606396285,0.21338290583133696,1.470185079868326,0.0654900652259911,0.05880740319473834
6.711999999999737,9.0,6.711999999999737,4.999900869576914,0.2852249860645164,0.2133829084778857,1.4701850826278275,0.06549006560466686,0.05880740330511415
6.731999999999736,9.0,6.731999999999736,4.999900869577124,0.28522498606468855,0.21338291155618058,1.4701850856602279,0.06549006562892024,0.05880740342640062
6.751999999999736,9.0,6.751999999999736,4.99990086957734,0.2852249860647991,0.21338291471667525,1.4701850888275756,0.06549006577850147,0.058807403553115874
6.771999999999735,9.0,6.771999999999735,4.99990086957756,0.2852249860645273,0.21338291786892796,1.4701850919685555,0.06549006590808526,0.05880740367873177
6.791999999999733,9.0,6.791999999999733,4.9999008695777825,0.28522498606453767,0.21338292104433132,1.470185095144312,0.0654900660615122,0.058807403805780124
6.811999999999733,9.0,6.811999999999733,4.999900869578001,0.28522498606458974,0.21338292423182678,1.4701850983325682,0.06549006621156894,0.05880740393326774
6.8319999999997325,9.0,6.8319999999997325,4.999900869578224,0.2852249860645023,0.21338292742900059,1.4701851015297862,0.06549006636880506,0.0588074040619646
6.851999999999732,9.0,6.851999999999732,4.999900869578446,0.28522498606498414,0.21338293064728947,1.4701851047575631,0.06549006651689593,0.058807404190290076
6.871999999999731,9.0,6.871999999999731,4.999900869578671,0.2852249860647071,0.21338293385581833,1.470185107954776,0.06549006664009882,0.058807404317436744
6.8919999999997295,9.0,6.8919999999997295,4.999900869578891,0.2852249860650805,0.21338293707904954,1.4701851111686075,0.0654900667956515,0.05880740444673513
6.911999999999729,9.0,6.911999999999729,4.999900869579117,0.28522498606483543,0.21338294033390634,1.4701851144354388,0.06549006696520032,0.058807404577421035
6.931999999999729,9.0,6.931999999999729,4.999900869579341,0.285224986065512,0.21338294358781165,1.4701851176887495,0.06549006710984251,0.058807404707549686
6.951999999999727,9.0,6.951999999999727,4.999900869579567,0.28522498606517654,0.21338294685298625,1.4701851209528476,0.06549006725836337,0.05880740483812289
6.9529999999997285,9.0,6.9529999999997285,4.9999008695795855,0.28522498606451374,0.21338294693887405,1.470185120974024,0.06549006721566353,0.05880740484255996
6.968999999999727,9.0,6.968999999999727,4.999900869579773,0.2852249860663376,0.21338294971704633,1.4701851238794694,0.06549006753072129,0.05880740495515098
6.988999999999726,9.0,6.988999999999726,4.9999008695799905,0.28522498606591923,0.2133829529255566,1.4701851270262944,0.06549006752560793,0.058807405080244624
7.008999999999725,9.0,7.008999999999725,4.999900869580216,0.2852249860661914,0.2133829562246183,1.4701851303225717,0.06549006768934873,0.05880740521290381
7.028999999999725,9.0,7.028999999999725,4.999900869580444,0.28522498606547236,0.21338295953675798,1.470185133635832,0.06549006784628741,0.058807405345425647
7.048999999999723,9.0,7.048999999999723,4.9999008695806735,0.28522498606557933,0.2133829628595523,1.4701851369586674,0.06549006800928536,0.05880740547909387
7.068999999999724,9.0,7.068999999999724,4.999900869580904,0.2852249860661945,0.2133829662039598,1.470185140312603,0.06549006816361125,0.058807405612478
7.088999999999722,9.0,7.088999999999722,4.999900869581137,0.2852249860653796,0.2133829695388147,1.4701851436360953,0.06549006828343873,0.05880740574390397
7.108999999999721,9.0,7.108999999999721,4.999900869581365,0.28522498606563107,0.21338297287882893,1.4701851469569938,0.06549006844496963,0.05880740587828427
7.12899999999972,9.0,7.12899999999972,4.999900869581603,0.28522498606578517,0.21338297627207922,1.4701851503734216,0.0654900686557004,0.05880740601649921
7.14899999999972,9.0,7.14899999999972,4.999900869581835,0.28522498606620333,0.21338297967176445,1.4701851537914672,0.06549006880002284,0.05880740615165071
7.168999999999719,9.0,7.168999999999719,4.999900869582071,0.28522498606636065,0.2133829830425044,1.4701851571377949,0.06549006891827969,0.05880740628548801
7.188999999999718,9.0,7.188999999999718,4.999900869582306,0.2852249860661015,0.21338298644957054,1.470185160545499,0.06549006908792698,0.05880740642182295
7.208999999999717,9.0,7.208999999999717,4.999900869582541,0.28522498606584556,0.21338298986960869,1.4701851639672368,0.06549006923376122,0.058807406557151366
7.2099999999997175,9.0,7.2099999999997175,4.999900869582559,0.28522498606546226,0.2133829898642428,1.4701851638154826,0.06549006895046317,0.058807406552614364
7.225999999999717,9.0,7.225999999999717,4.9999008695827465,0.28522498606660446,0.21338299290042523,1.470185167078469,0.06549006963779735,0.05880740668315323
7.245999999999716,9.0,7.245999999999716,4.999900869582982,0.2852249860672082,0.2133829962424829,1.4701851703611621,0.0654900695877133,0.05880740681445356
7.265999999999715,9.0,7.265999999999715,4.999900869583218,0.28522498606623187,0.21338299968854788,1.470185173796867,0.06549006970985272,0.05880740695186936
7.285999999999715,9.0,7.285999999999715,4.999900869583457,0.2852249860665593,0.21338300314059128,1.4701851772352128,0.06549006986160089,0.058807407090152405
7.305999999999714,9.0,7.305999999999714,4.999900869583696,0.2852249860666729,0.21338300662831955,1.4701851807337116,0.06549007003240859,0.05880740722933493
7.325999999999713,9.0,7.325999999999713,4.999900869583934,0.28522498606676866,0.21338301010757085,1.4701851842028186,0.0654900701810105,0.05880740736810935
7.345999999999711,9.0,7.345999999999711,4.9999008695841765,0.28522498606642316,0.2133830136104675,1.4701851877062684,0.06549007035827659,0.0588074075090219
7.365999999999712,9.0,7.365999999999712,4.999900869584418,0.2852249860667594,0.21338301713476968,1.4701851912409676,0.0654900705228545,0.05880740764963975
7.385999999999711,9.0,7.385999999999711,4.999900869584658,0.285224986067176,0.21338302065004472,1.4701851947450042,0.06549007065084989,0.05880740778827573
7.405999999999709,9.0,7.405999999999709,4.999900869584904,0.2852249860671393,0.21338302417196917,1.4701851982477232,0.06549007082961344,0.05880740793066549
7.425999999999709,9.0,7.425999999999709,4.999900869585148,0.28522498606687685,0.21338302775520365,1.470185201863924,0.06549007102967852,0.058807408074565054
7.445999999999708,9.0,7.445999999999708,4.999900869585393,0.28522498606713803,0.2133830313066029,1.470185205402974,0.06549007116602823,0.05880740821613026
7.465999999999707,9.0,7.465999999999707,4.99990086958564,0.28522498606732527,0.21338303488270152,1.4701852089776024,0.06549007133236118,0.05880740835910321
7.466999999999708,9.0,7.466999999999708,4.999900869585658,0.28522498606650204,0.21338303498402778,1.4701852090145333,0.06549007111826155,0.05880740835696788
7.4829999999997066,9.0,7.4829999999997066,4.999900869585858,0.28522498606743746,0.21338303798301653,1.4701852121126286,0.06549007158630671,0.058807408484526535
7.502999999999705,9.0,7.502999999999705,4.999900869586098,0.2852249860678968,0.21338304153580662,1.470185215635288,0.0654900716676371,0.0588074086262059
7.522999999999706,9.0,7.522999999999706,4.999900869586346,0.28522498606762664,0.21338304516611908,1.470185219281975,0.06549007183115396,0.058807408771281725
7.542999999999704,9.0,7.542999999999704,4.999900869586596,0.28522498606763896,0.21338304876795713,1.470185222860157,0.06549007196170054,0.05880740891441295
7.562999999999703,9.0,7.562999999999703,4.999900869586844,0.2852249860679726,0.2133830524074726,1.4701852265003184,0.06549007214234226,0.05880740906003342
7.582999999999702,9.0,7.582999999999702,4.999900869587094,0.2852249860677417,0.21338305606030628,1.4701852301548373,0.06549007231675719,0.05880740920619101
7.602999999999702,9.0,7.602999999999702,4.999900869587347,0.2852249860676904,0.21338305972445704,1.470185233819144,0.06549007247709471,0.058807409351984176
7.622999999999701,9.0,7.622999999999701,4.999900869587601,0.2852249860677437,0.21338306339148463,1.4701852374761983,0.06549007266500417,0.058807409500599504
7.6429999999997005,9.0,7.6429999999997005,4.999900869587852,0.2852249860677146,0.21338306711099633,1.4701852412261593,0.06549007284307051,0.058807409648277506
7.662999999999699,9.0,7.662999999999699,4.999900869588107,0.28522498606789687,0.21338307078074992,1.470185244863018,0.06549007297486853,0.05880740979452842
7.682999999999699,9.0,7.682999999999699,4.999900869588363,0.2852249860680108,0.2133830745085633,1.47018524860205,0.06549007318236244,0.058807409944850314
7.702999999999697,9.0,7.702999999999697,4.999900869588618,0.2852249860680571,0.21338307824667024,1.470185252350864,0.06549007334491441,0.05880741009328816
7.722999999999697,9.0,7.722999999999697,4.999900869588873,0.2852249860679755,0.21338308196709346,1.4701852560496003,0.0654900735082461,0.05880741024278411
7.723999999999698,9.0,7.723999999999698,4.999900869588893,0.28522498606735625,0.2133830821298675,1.470185256191183,0.0654900733785373,0.058807410244035775
7.739999999999697,9.0,7.739999999999697,4.999900869589099,0.28522498606923274,0.21338308519691412,1.4701852593127234,0.06549007372271043,0.058807410372522406
7.759999999999696,9.0,7.759999999999696,4.999900869589353,0.2852249860688174,0.2133830889310823,1.4701852630208236,0.06549007384571648,0.058807410521645676
7.779999999999695,9.0,7.779999999999695,4.999900869589608,0.28522498606871527,0.21338309273442088,1.470185266847421,0.06549007403403961,0.058807410673898566
7.799999999999693,9.0,7.799999999999693,4.999900869589866,0.28522498606853647,0.21338309650417878,1.4701852705946055,0.06549007417325903,0.05880741082379206
7.819999999999694,9.0,7.819999999999694,4.99990086959013,0.2852249860685706,0.21338310031118676,1.4701852744019956,0.0654900743509238,0.05880741097530434
7.8399999999996925,9.0,7.8399999999996925,4.999900869590393,0.2852249860687869,0.213383104122193,1.4701852782048057,0.06549007453271649,0.05880741112818516
7.859999999999692,9.0,7.859999999999692,4.999900869590655,0.285224986068694,0.21338310796600918,1.4701852820599823,0.06549007472701973,0.05880741128239746
7.879999999999691,9.0,7.879999999999691,4.999900869590916,0.2852249860688936,0.21338311181110242,1.4701852859042648,0.06549007490764536,0.05880741143694145
7.89999999999969,9.0,7.89999999999969,4.99990086959118,0.2852249860685227,0.2133831156788425,1.4701852897806276,0.06549007508338611,0.05880741159122147
7.919999999999689,9.0,7.919999999999689,4.999900869591444,0.2852249860686921,0.2133831195399351,1.4701852936302013,0.06549007524598738,0.05880741174522402
7.939999999999689,9.0,7.939999999999689,4.999900869591711,0.28522498606885327,0.21338312342724253,1.470185297517902,0.06549007542300789,0.05880741189993961
7.959999999999687,9.0,7.959999999999687,4.999900869591977,0.28522498606909646,0.2133831273188238,1.4701853014004844,0.06549007560641262,0.058807412056024216
7.979999999999688,9.0,7.979999999999688,4.999900869592244,0.2852249860694402,0.21338313124370414,1.470185305336553,0.0654900758041087,0.05880741221345879
7.980999999999688,9.0,7.980999999999688,4.999900869592263,0.28522498606904867,0.213383131361554,1.4701853053895415,0.06549007567540421,0.05880741221557566
7.996999999999686,9.0,7.996999999999686,4.99990086959248,0.2852249860702581,0.213383134642962,1.4701853087821963,0.06549007607549218,0.058807412351281556
8.016999999999685,9.0,8.016999999999685,4.999900869592742,0.2852249860694984,0.2133831385186527,1.4701853126119442,0.06549007613589675,0.05880741250446073
8.036999999999685,9.0,8.036999999999685,4.999900869593009,0.28522498606921354,0.21338314248009813,1.4701853165803456,0.0654900763233458,0.05880741266319985
8.056999999999684,9.0,8.056999999999684,4.99990086959328,0.28522498606959795,0.2133831464351709,1.4701853205242559,0.06549007649065053,0.05880741282096663
8.076999999999684,9.0,8.076999999999684,4.999900869593549,0.28522498606930036,0.21338315041610414,1.470185324505475,0.06549007668131634,0.058807412980233086
8.096999999999682,9.0,8.096999999999682,4.999900869593825,0.2852249860695209,0.2133831544107526,1.4701853285008555,0.0654900768595893,0.05880741313927478
8.116999999999681,9.0,8.116999999999681,4.9999008695940965,0.2852249860698243,0.2133831584097359,1.4701853324900411,0.06549007705420695,0.05880741330037004
8.13699999999968,9.0,8.13699999999968,4.999900869594373,0.2852249860697241,0.21338316245195338,1.470185336553005,0.0654900772567738,0.05880741346213483
8.15699999999968,9.0,8.15699999999968,4.999900869594646,0.28522498607015445,0.21338316647611139,1.470185340565172,0.06549007742068802,0.05880741362261385
8.17699999999968,9.0,8.17699999999968,4.999900869594922,0.2852249860701515,0.21338317052562292,1.470185344614189,0.06549007762039039,0.05880741378534008
8.196999999999678,9.0,8.196999999999678,4.999900869595199,0.28522498606992336,0.213383174600391,1.4701853486991951,0.06549007781144256,0.058807413947974826
8.216999999999677,9.0,8.216999999999677,4.999900869595477,0.2852249860705964,0.21338317866786252,1.4701853527555018,0.06549007798353479,0.05880741411022268
8.236999999999677,9.0,8.236999999999677,4.999900869595753,0.2852249860702433,0.21338318276053617,1.4701853568485155,0.0654900781690042,0.058807414273164306
8.237999999999678,9.0,8.237999999999678,4.999900869595775,0.28522498606927277,0.21338318283878535,1.4701853568213377,0.06549007796553319,0.05880741427285207
8.253999999999676,9.0,8.253999999999676,4.999900869596001,0.28522498607089214,0.21338318634148679,1.4701853604949295,0.06549007853129685,0.058807414419790635
8.273999999999676,9.0,8.273999999999676,4.999900869596272,0.2852249860708653,0.21338319037918688,1.4701853644797782,0.06549007856584554,0.058807414579999266
8.293999999999675,9.0,8.293999999999675,4.99990086959655,0.28522498607040636,0.21338319452297877,1.4701853686313555,0.06549007873935775,0.05880741474525635
8.313999999999673,9.0,8.313999999999673,4.999900869596835,0.2852249860703319,0.2133831986462119,1.470185372730913,0.06549007889702785,0.05880741490926523
8.333999999999673,9.0,8.333999999999673,4.999900869597119,0.28522498607115726,0.2133832028105744,1.470185376896403,0.06549007910373916,0.05880741507585611
8.353999999999672,9.0,8.353999999999672,4.999900869597402,0.2852249860711161,0.21338320698865168,1.470185381076302,0.06549007929353479,0.058807415242287026
8.373999999999672,9.0,8.373999999999672,4.999900869597689,0.28522498607081465,0.2133832111698262,1.4701853852478524,0.06549007948710173,0.05880741540992875
8.393999999999672,9.0,8.393999999999672,4.999900869597972,0.28522498607123303,0.21338321538619515,1.4701853894751302,0.06549007970672438,0.058807415579771725
8.41399999999967,9.0,8.41399999999967,4.9999008695982585,0.2852249860707685,0.21338321961496437,1.4701853937128488,0.06549007989574052,0.05880741574849479
8.433999999999669,9.0,8.433999999999669,4.999900869598545,0.2852249860712377,0.21338322383762812,1.4701853979232014,0.06549008007227108,0.05880741591690477
8.453999999999668,9.0,8.453999999999668,4.999900869598834,0.28522498607163144,0.2133832280872053,1.4701854021730003,0.06549008027502745,0.0588074160869191
8.473999999999668,9.0,8.473999999999668,4.999900869599123,0.2852249860718212,0.21338323235197942,1.4701854064385054,0.06549008045691385,0.05880741625599053
8.493999999999666,9.0,8.493999999999666,4.999900869599412,0.2852249860711999,0.2133832366109198,1.4701854106779582,0.06549008065501116,0.058807416427150906
8.494999999999667,9.0,8.494999999999667,4.999900869599434,0.28522498607076746,0.2133832367541779,1.4701854107613381,0.06549008054048033,0.05880741643044604
8.510999999999667,9.0,8.510999999999667,4.99990086959967,0.28522498607199653,0.21338324034968784,1.4701854144927429,0.06549008102592557,0.05880741658204453
8.530999999999665,9.0,8.530999999999665,4.999900869599956,0.2852249860723277,0.21338324460779803,1.4701854187195633,0.06549008106738652,0.05880741674875682
8.550999999999664,9.0,8.550999999999664,4.999900869600245,0.2852249860722279,0.21338324891144203,1.4701854230040379,0.0654900812214988,0.05880741691939838
8.570999999999664,9.0,8.570999999999664,4.999900869600539,0.2852249860717698,0.21338325322818344,1.4701854273003945,0.06549008141866652,0.05880741709200971
8.590999999999664,9.0,8.590999999999664,4.999900869600835,0.28522498607239744,0.21338325759228785,1.470185431678036,0.06549008164006187,0.05880741726635957
8.610999999999663,9.0,8.610999999999663,4.999900869601127,0.28522498607223784,0.21338326194930915,1.4701854360258322,0.06549008185691074,0.058807417442548665
8.630999999999661,9.0,8.630999999999661,4.999900869601424,0.28522498607187563,0.21338326635862195,1.4701854404648116,0.06549008207296803,0.05880741761860083
8.65099999999966,9.0,8.65099999999966,4.999900869601725,0.2852249860725231,0.21338327073160118,1.470185444814368,0.06549008221806962,0.05880741779101957
8.67099999999966,9.0,8.67099999999966,4.999900869602017,0.2852249860724542,0.21338327512424382,1.4701854491875421,0.06549008244097265,0.05880741796827987
8.69099999999966,9.0,8.69099999999966,4.999900869602319,0.28522498607243674,0.21338327958380723,1.470185453680698,0.06549008267526035,0.0588074181464418
8.710999999999657,9.0,8.710999999999657,4.99990086960262,0.28522498607258745,0.21338328400311316,1.470185458078134,0.06549008285234215,0.058807418323129745
8.730999999999657,9.0,8.730999999999657,4.999900869602922,0.28522498607256014,0.2133832884706017,1.4701854625552717,0.06549008308495641,0.05880741850297229
8.750999999999657,9.0,8.750999999999657,4.999900869603221,0.2852249860724786,0.21338329295149794,1.4701854670457692,0.06549008328826522,0.0588074186818375
8.751999999999658,9.0,8.751999999999658,4.999900869603241,0.28522498607205804,0.21338329309432016,1.470185467121266,0.06549008315548965,0.05880741868484978
8.767999999999656,9.0,8.767999999999656,4.999900869603486,0.28522498607395164,0.21338329681459633,1.4701854709421207,0.06549008358423314,0.05880741883881133
8.787999999999656,9.0,8.787999999999656,4.999900869603787,0.2852249860730655,0.21338330126430988,1.470185475358694,0.06549008367475262,0.058807419014335116
8.807999999999655,9.0,8.807999999999655,4.99990086960409,0.2852249860733046,0.21338330577890735,1.4701854798702971,0.06549008385521171,0.05880741919329149
8.827999999999655,9.0,8.827999999999655,4.999900869604394,0.28522498607290026,0.21338331028129828,1.4701854843425384,0.06549008406216072,0.05880741937445884
8.847999999999653,9.0,8.847999999999653,4.999900869604703,0.285224986073526,0.21338331486213472,1.4701854889565862,0.06549008432353443,0.05880741955902374
8.867999999999652,9.0,8.867999999999652,4.999900869605009,0.2852249860729192,0.2133833194220293,1.470185493514787,0.06549008450800098,0.05880741974058917
8.887999999999652,9.0,8.887999999999652,4.999900869605318,0.2852249860732498,0.2133833239885781,1.4701854980687281,0.06549008469447315,0.05880741992197723
8.907999999999651,9.0,8.907999999999651,4.999900869605628,0.2852249860732893,0.2133833285739967,1.4701855026453097,0.06549008490592634,0.05880742010504651
8.927999999999649,9.0,8.927999999999649,4.999900869605938,0.2852249860737074,0.21338333318656877,1.470185507260219,0.06549008515737664,0.05880742029195522
8.947999999999649,9.0,8.947999999999649,4.99990086960625,0.28522498607368596,0.21338333784122757,1.4701855119449454,0.0654900853818996,0.05880742047781233
8.967999999999648,9.0,8.967999999999648,4.999900869606563,0.28522498607374275,0.2133833424586826,1.470185516538262,0.06549008554466884,0.05880742066074593
8.987999999999648,9.0,8.987999999999648,4.999900869606878,0.28522498607408064,0.2133833471070487,1.4701855211767103,0.06549008576995219,0.058807420847097294
9.007999999999646,9.0,9.007999999999646,4.999900869607189,0.2852249860744539,0.21338335179335263,1.4701855258757137,0.06549008600813888,0.05880742103502105
9.008999999999647,9.0,9.008999999999647,4.999900869607209,0.28522498607324354,0.21338335194923266,1.4701855259668846,0.06549008588144245,0.05880742103867309
9.024999999999645,9.0,9.024999999999645,4.9999008696074645,0.2852249860737669,0.21338335584047882,1.4701855299696212,0.06549008632648912,0.05880742119991842
9.044999999999646,9.0,9.044999999999646,4.999900869607776,0.28522498607477415,0.21338336048979656,1.4701855345829669,0.06549008640484832,0.05880742138251432
9.064999999999644,9.0,9.064999999999644,4.999900869608094,0.2852249860742643,0.2133833651969242,1.470185539275786,0.06549008661061917,0.05880742157101052
9.084999999999644,9.0,9.084999999999644,4.999900869608413,0.28522498607460645,0.21338336993223983,1.4701855440115363,0.06549008683590107,0.05880742176045482
9.104999999999642,9.0,9.104999999999642,4.99990086960873,0.2852249860742264,0.21338337468399038,1.4701855487639277,0.06549008705846693,0.05880742195054735
9.124999999999643,9.0,9.124999999999643,4.999900869609053,0.28522498607452457,0.21338337945092478,1.470185553530799,0.06549008728841621,0.05880742214203123
9.14499999999964,9.0,9.14499999999964,4.999900869609372,0.28522498607439195,0.21338338424434036,1.4701855583336658,0.06549008750021401,0.058807422332578324
9.16499999999964,9.0,9.16499999999964,4.999900869609695,0.2852249860745717,0.21338338902346882,1.4701855630916438,0.06549008770501918,0.05880742252366002
9.18499999999964,9.0,9.18499999999964,4.999900869610019,0.2852249860745369,0.21338339385158747,1.4701855679312832,0.06549008795056233,0.05880742271725621
9.20499999999964,9.0,9.20499999999964,4.999900869610343,0.2852249860746607,0.2133833986842835,1.4701855727641353,0.06549008816155699,0.058807422909803564
9.224999999999637,9.0,9.224999999999637,4.99990086961067,0.28522498607496877,0.21338340352315882,1.4701855775922785,0.06549008839222137,0.05880742310446555
9.244999999999637,9.0,9.244999999999637,4.999900869610993,0.2852249860751462,0.21338340840937678,1.4701855824990158,0.06549008863385863,0.05880742329996269
9.264999999999636,9.0,9.264999999999636,4.9999008696113245,0.28522498607550073,0.21338341327933175,1.4701855873570489,0.06549008883693275,0.05880742349428433
9.265999999999636,9.0,9.265999999999636,4.99990086961135,0.2852249860747679,0.21338341344626996,1.4701855874592473,0.06549008871227247,0.05880742349836143
9.281999999999636,9.0,9.281999999999636,4.999900869611611,0.28522498607543967,0.21338341750673845,1.4701855916331033,0.06549008916135612,0.05880742366531914
9.301999999999635,9.0,9.301999999999635,4.999900869611934,0.28522498607558394,0.2133834223565826,1.4701855964371209,0.06549008926825683,0.05880742385747922
9.321999999999633,9.0,9.321999999999633,4.9999008696122615,0.2852249860757343,0.21338342729509668,1.4701856013823607,0.06549008949944524,0.058807424055277106
9.341999999999635,9.0,9.341999999999635,4.999900869612591,0.28522498607582797,0.2133834322303261,1.4701856063062584,0.06549008971077075,0.05880742425220782
9.361999999999632,9.0,9.361999999999632,4.999900869612926,0.2852249860758289,0.21338343719346708,1.4701856112696734,0.06549008994635286,0.05880742445078536
9.381999999999632,9.0,9.381999999999632,4.999900869613257,0.2852249860759119,0.21338344217391897,1.4701856162507656,0.0654900901884512,0.05880742465080523
9.401999999999632,9.0,9.401999999999632,4.99990086961359,0.28522498607615177,0.21338344718043553,1.470185621266918,0.06549009041057918,0.05880742484991907
9.421999999999631,9.0,9.421999999999631,4.999900869613929,0.28522498607610425,0.2133834521734096,1.4701856262386943,0.06549009062495703,0.058807425049543234
9.441999999999629,9.0,9.441999999999629,4.999900869614264,0.28522498607676067,0.21338345721627522,1.4701856312930532,0.06549009087114022,0.05880742525094368
9.461999999999628,9.0,9.461999999999628,4.999900869614603,0.2852249860764831,0.2133834622539242,1.4701856363211045,0.0654900911188846,0.058807425454374125
9.481999999999628,9.0,9.481999999999628,4.999900869614943,0.28522498607623076,0.21338346734772642,1.470185641444598,0.06549009136742245,0.05880742565779043
9.501999999999628,9.0,9.501999999999628,4.999900869615283,0.28522498607701574,0.2133834724063678,1.470185646479861,0.06549009155363139,0.0588074258584359
9.521999999999625,9.0,9.521999999999625,4.999900869615622,0.28522498607694574,0.21338347749667194,1.470185651560395,0.06549009178983678,0.05880742606165341
9.541999999999625,9.0,9.541999999999625,4.999900869615964,0.2852249860768486,0.21338348261614318,1.4701856566828078,0.06549009204838585,0.05880742626731604
9.542999999999626,9.0,9.542999999999626,4.9999008696159875,0.28522498607619706,0.21338348279738784,1.4701856568018,0.06549009192848287,0.05880742627205998
9.558999999999624,9.0,9.558999999999624,4.999900869616265,0.2852249860770302,0.21338348705388438,1.470185661181155,0.06549009238841785,0.05880742644727236
9.578999999999624,9.0,9.578999999999624,4.999900869616603,0.28522498607795865,0.2133834921369512,1.4701856662155033,0.06549009250297244,0.05880742664938682
9.598999999999624,9.0,9.598999999999624,4.999900869616945,0.2852249860775699,0.21338349731960277,1.4701856714132404,0.06549009274302398,0.05880742685652612
9.618999999999623,9.0,9.618999999999623,4.999900869617293,0.28522498607711866,0.21338350247991109,1.4701856765509456,0.0654900929409219,0.05880742706127341
9.638999999999621,9.0,9.638999999999621,4.999900869617638,0.2852249860776538,0.21338350767214473,1.470185681734346,0.06549009319399546,0.05880742726937961
9.65899999999962,9.0,9.65899999999962,4.999900869617985,0.28522498607783114,0.21338351290330132,1.470185686978303,0.06549009346652446,0.058807427479890775
9.67899999999962,9.0,9.67899999999962,4.999900869618336,0.28522498607786856,0.21338351814725268,1.4701856922315453,0.06549009370213943,0.05880742768925834
9.69899999999962,9.0,9.69899999999962,4.999900869618685,0.28522498607785196,0.21338352338820837,1.4701856974600132,0.0654900939248465,0.05880742789839427
9.718999999999618,9.0,9.718999999999618,4.999900869619035,0.28522498607745495,0.21338352865973617,1.4701857027316771,0.06549009416531137,0.05880742810849233
9.738999999999617,9.0,9.738999999999617,4.999900869619389,0.28522498607789576,0.21338353393855772,1.470185708001458,0.06549009441235676,0.05880742832007927
9.758999999999617,9.0,9.758999999999617,4.999900869619745,0.2852249860776948,0.21338353925685086,1.4701857133308252,0.06549009469301448,0.058807428534767774
9.778999999999616,9.0,9.778999999999616,4.999900869620097,0.28522498607809793,0.21338354459883635,1.4701857186915246,0.0654900949326297,0.05880742874765955
9.798999999999614,9.0,9.798999999999614,4.9999008696204505,0.28522498607789,0.21338354991760541,1.4701857239867262,0.06549009512492665,0.058807428957923506
9.799999999999615,9.0,9.799999999999615,4.999900869620474,0.2852249860778413,0.21338355000935588,1.4701857239322438,0.06549009484859525,0.05880742895728698
9.815999999999615,9.0,9.815999999999615,4.999900869620765,0.28522498607855096,0.2133835545912193,1.4701857287437137,0.0654900956394231,0.05880742915089981
9.835999999999615,9.0,9.835999999999615,4.999900869621118,0.2852249860783323,0.21338355987777033,1.4701857339809603,0.06549009567271025,0.05880742935923755
9.855999999999613,9.0,9.855999999999613,4.999900869621473,0.2852249860787316,0.21338356525233554,1.4701857393333475,0.06549009586555232,0.058807429573345775
9.875999999999612,9.0,9.875999999999612,4.9999008696218326,0.2852249860789119,0.21338357065095823,1.4701857447185536,0.06549009611171996,0.0588074297894865
9.895999999999612,9.0,9.895999999999612,4.999900869622193,0.2852249860795231,0.21338357609179937,1.470185750170919,0.065490096375035,0.05880743000683466
9.915999999999611,9.0,9.915999999999611,4.999900869622553,0.28522498607908314,0.2133835815293049,1.4701857555983713,0.06549009660430394,0.05880743022314716
9.93599999999961,9.0,9.93599999999961,4.999900869622919,0.2852249860792805,0.21338358698581872,1.4701857610455746,0.06549009687143126,0.05880743044259678
9.955999999999609,9.0,9.955999999999609,4.999900869623283,0.2852249860792954,0.21338359249061659,1.4701857665718698,0.06549009713447984,0.05880743066211913
9.975999999999608,9.0,9.975999999999608,4.999900869623649,0.2852249860791699,0.21338359797160533,1.4701857720312195,0.06549009737481903,0.05880743088201638
9.995999999999608,9.0,9.995999999999608,4.999900869624016,0.28522498607894975,0.2133836035122011,1.4701857775921285,0.06549009764993041,0.05880743110371112
10.015999999999607,9.0,10.015999999999607,4.9999008696243825,0.28522498607976987,0.21338360903995832,1.4701857831086023,0.06549009788541083,0.05880743132434042
10.035999999999605,9.0,10.035999999999605,4.999900869624752,0.2852249860801675,0.21338361459771732,1.4701857886659537,0.06549009813679041,0.05880743154585531
10.055999999999605,9.0,10.055999999999605,4.999900869625123,0.28522498607974484,0.21338362016439974,1.4701857942233918,0.06549009840592401,0.05880743176971784
10.056999999999604,9.0,10.056999999999604,4.999900869625147,0.28522498607907626,0.21338362041842454,1.4701857944562156,0.06549009819283724,0.0588074317710206
10.072999999999606,9.0,10.072999999999606,4.999900869625444,0.28522498607981045,0.2133836249412197,1.4701857990175726,0.06549009868381273,0.05880743196184979
10.092999999999604,9.0,10.092999999999604,4.999900869625814,0.2852249860804238,0.21338363054481074,1.4701858046208518,0.06549009890083923,0.05880743218484977
10.112999999999603,9.0,10.112999999999603,4.999900869626185,0.285224986079847,0.21338363617655146,1.470185810254638,0.06549009915164472,0.05880743241018574
10.132999999999601,9.0,10.132999999999601,4.9999008696265586,0.28522498608041336,0.21338364181199845,1.470185815878029,0.06549009939563066,0.05880743263512401
10.1529999999996,9.0,10.1529999999996,4.999900869626936,0.28522498608041785,0.21338364747940647,1.4701858215458536,0.06549009966470898,0.05880743286182156
10.1729999999996,9.0,10.1729999999996,4.999900869627309,0.28522498608055813,0.21338365316526478,1.470185827232461,0.0654900999305924,0.058807433089314846
10.1929999999996,9.0,10.1929999999996,4.999900869627685,0.28522498608027846,0.21338365886910052,1.4701858329362172,0.065490100193765,0.05880743331745159
10.2129999999996,9.0,10.2129999999996,4.999900869628068,0.28522498608111,0.21338366459175706,1.4701858386585434,0.06549010045796555,0.058807433546365424
10.232999999999599,9.0,10.232999999999599,4.999900869628444,0.2852249860810633,0.21338367033378414,1.470185844400271,0.06549010072286843,0.05880743377600267
10.252999999999597,9.0,10.252999999999597,4.999900869628829,0.2852249860809346,0.21338367609461498,1.4701858501608485,0.0654901009890575,0.058807434006436975
10.272999999999596,9.0,10.272999999999596,4.99990086962921,0.2852249860812761,0.21338368187424572,1.4701858559402148,0.06549010126490595,0.05880743423837286
10.292999999999594,9.0,10.292999999999594,4.999900869629593,0.28522498608115204,0.2133836876829221,1.4701858617583434,0.06549010153297885,0.058807434470333
10.312999999999594,9.0,10.312999999999594,4.999900869629978,0.28522498608105606,0.21338369348980177,1.4701858675537671,0.06549010177572578,0.058807434701384054
10.313999999999597,9.0,10.313999999999597,4.999900869630005,0.285224986080828,0.21338369365422166,1.470185867612853,0.06549010157650903,0.05880743470451381
10.329999999999595,9.0,10.329999999999595,4.999900869630315,0.28522498608219193,0.21338369854154807,1.4701858726712926,0.06549010222813223,0.05880743490800738
10.349999999999593,9.0,10.349999999999593,4.999900869630695,0.28522498608177105,0.21338370432428846,1.4701858784114115,0.06549010230747465,0.05880743513488173
10.369999999999592,9.0,10.369999999999592,4.999900869631084,0.2852249860817433,0.2133837101687049,1.4701858842228555,0.06549010254464027,0.05880743536889485
10.389999999999592,9.0,10.389999999999592,4.999900869631473,0.2852249860818594,0.2133837160715067,1.4701858901359897,0.06549010284766799,0.058807435606207686
10.409999999999592,9.0,10.409999999999592,4.999900869631862,0.28522498608186064,0.2133837219927409,1.4701858960672791,0.06549010310990477,0.05880743584190966
10.429999999999591,9.0,10.429999999999591,4.999900869632254,0.28522498608200897,0.21338372790289378,1.4701859019556502,0.06549010336549588,0.05880743607822768
10.449999999999589,9.0,10.449999999999589,4.999900869632648,0.28522498608206187,0.2133837338657749,1.470185907929821,0.06549010368109942,0.05880743631871991
10.469999999999589,9.0,10.469999999999589,4.999900869633045,0.2852249860818889,0.21338373985530348,1.4701859139389244,0.06549010395372568,0.05880743655756113
10.489999999999588,9.0,10.489999999999588,4.999900869633438,0.2852249860822656,0.21338374582201866,1.4701859198822333,0.06549010418495427,0.05880743679453593
10.509999999999586,9.0,10.509999999999586,4.999900869633833,0.28522498608265523,0.21338375182395722,1.4701859258750407,0.06549010446501935,0.05880743703423247
10.529999999999585,9.0,10.529999999999585,4.999900869634231,0.28522498608270386,0.21338375785605143,1.4701859319101893,0.06549010476538852,0.058807437276428745
10.549999999999587,9.0,10.549999999999587,4.999900869634629,0.285224986082503,0.21338376391627537,1.4701859379810645,0.06549010506487885,0.058807437520026505
10.569999999999585,9.0,10.569999999999585,4.999900869635031,0.28522498608268343,0.2133837699929355,1.470185944065685,0.06549010533575095,0.05880743776263023
10.570999999999586,9.0,10.570999999999586,4.999900869635056,0.28522498608215324,0.21338377021553073,1.4701859442209004,0.06549010512002651,0.05880743776522419
10.586999999999584,9.0,10.586999999999584,4.999900869635381,0.28522498608266467,0.21338377520260873,1.4701859492935854,0.06549010569414615,0.05880743797402934
10.606999999999584,9.0,10.606999999999584,4.999900869635777,0.2852249860833856,0.2133837812836364,1.470185955367424,0.06549010586843096,0.058807438213895724
10.626999999999583,9.0,10.626999999999583,4.9999008696361775,0.28522498608309654,0.21338378738622726,1.4701859614457087,0.06549010611727746,0.058807438457855875
10.646999999999583,9.0,10.646999999999583,4.9999008696365825,0.2852249860839313,0.21338379353297193,1.4701859675921594,0.06549010640889819,0.05880743870370845
10.66699999999958,9.0,10.66699999999958,4.999900869636988,0.28522498608363633,0.2133837997007473,1.4701859737611287,0.06549010670708688,0.05880743895120258
10.68699999999958,9.0,10.68699999999958,4.999900869637398,0.28522498608341146,0.2133838058965928,1.4701859799667407,0.0654901069925955,0.058807439198645034
10.70699999999958,9.0,10.70699999999958,4.999900869637805,0.28522498608440555,0.21338381209163554,1.470185986150255,0.06549010725285043,0.058807439445236434
10.726999999999578,9.0,10.726999999999578,4.999900869638216,0.28522498608409663,0.2133838183093033,1.4701859923583884,0.06549010755536733,0.05880743969512598
10.746999999999577,9.0,10.746999999999577,4.999900869638627,0.28522498608421937,0.21338382457747337,1.4701859986481276,0.06549010785376641,0.05880743994515895
10.766999999999578,9.0,10.766999999999578,4.999900869639039,0.28522498608447944,0.2133838308231688,1.470186004872191,0.06549010812024625,0.05880744019489645
10.786999999999576,9.0,10.786999999999576,4.999900869639454,0.2852249860842152,0.21338383712255513,1.4701860111820355,0.06549010843077707,0.05880744044728498
10.806999999999576,9.0,10.806999999999576,4.999900869639868,0.2852249860846413,0.21338384343038605,1.4701860174898327,0.06549010870921046,0.058807440698824584
10.826999999999574,9.0,10.826999999999574,4.999900869640282,0.28522498608482355,0.21338384974879207,1.4701860237975055,0.06549010900830887,0.058807440952681665
10.827999999999577,9.0,10.827999999999577,4.99990086964031,0.2852249860845831,0.2133838500403608,1.4701860240678015,0.06549010888335394,0.05880744095910072
10.843999999999575,9.0,10.843999999999575,4.999900869640647,0.2852249860852815,0.21338385518134217,1.4701860292614641,0.06549010931588839,0.058807441170456026
10.863999999999574,9.0,10.863999999999574,4.999900869641059,0.2852249860853982,0.2133838615161542,1.4701860355701835,0.06549010956791612,0.05880744142440276
10.883999999999572,9.0,10.883999999999572,4.999900869641479,0.2852249860852141,0.21338386793708547,1.4701860420241981,0.06549010987667414,0.05880744168098748
10.903999999999572,9.0,10.903999999999572,4.999900869641899,0.28522498608531877,0.2133838743121319,1.4701860483653606,0.06549011011044814,0.058807441933833124
10.923999999999571,9.0,10.923999999999571,4.999900869642318,0.28522498608553565,0.21338388073340203,1.4701860547777466,0.06549011042386343,0.05880744219111407
10.94399999999957,9.0,10.94399999999957,4.999900869642745,0.28522498608510183,0.2133838871961626,1.4701860612540767,0.06549011074577715,0.058807442450169674
10.963999999999569,9.0,10.963999999999569,4.999900869643168,0.28522498608546426,0.2133838936664398,1.4701860677239138,0.06549011103854552,0.05880744270896671
10.983999999999568,9.0,10.983999999999568,4.999900869643594,0.2852249860854789,0.21338390015696043,1.4701860742131363,0.06549011133474636,0.05880744296854281
11.003999999999568,9.0,11.003999999999568,4.999900869644022,0.2852249860854286,0.21338390666984342,1.4701860807255125,0.06549011163483542,0.05880744322899187
11.023999999999567,9.0,11.023999999999567,4.999900869644448,0.28522498608549135,0.21338391320313319,1.4701860872585673,0.06549011194609011,0.0588074434911315
11.043999999999565,9.0,11.043999999999565,4.999900869644878,0.28522498608579716,0.21338391976754797,1.4701860938323912,0.06549011223951395,0.05880744375252356
11.063999999999565,9.0,11.063999999999565,4.99990086964531,0.28522498608640884,0.21338392632266767,1.4701861003663026,0.06549011252629622,0.058807444014664485
11.083999999999566,9.0,11.083999999999566,4.999900869645742,0.2852249860867454,0.21338393293180172,1.4701861069868745,0.06549011286254414,0.058807444280244515
11.084999999999566,9.0,11.084999999999566,4.99990086964577,0.28522498608577873,0.21338393323336874,1.4701861072648494,0.0654901127312526,0.05880744428697038
11.100999999999564,9.0,11.100999999999564,4.99990086964612,0.2852249860865953,0.21338393857920399,1.4701861126515305,0.06549011315375641,0.05880744450605202
11.120999999999563,9.0,11.120999999999563,4.999900869646548,0.28522498608717384,0.21338394518605852,1.4701861192347,0.06549011341753974,0.05880744477016201
11.140999999999563,9.0,11.140999999999563,4.99990086964698,0.2852249860868786,0.21338395186908785,1.470186125942644,0.0654901137423477,0.05880744503769878
11.16099999999956,9.0,11.16099999999956,4.99990086964742,0.28522498608680635,0.21338395852568298,1.4701861325767167,0.06549011401428118,0.05880744530307049
11.18099999999956,9.0,11.18099999999956,4.999900869647857,0.285224986087245,0.21338396522737668,1.4701861392786175,0.06549011432476437,0.05880744557037854
11.20099999999956,9.0,11.20099999999956,4.999900869648299,0.28522498608704344,0.21338397194219616,1.47018614598509,0.06549011463106202,0.05880744583862775
11.22099999999956,9.0,11.22099999999956,4.99990086964874,0.2852249860874955,0.21338397868739872,1.4701861527317899,0.06549011497686785,0.05880744611080429
11.24099999999956,9.0,11.24099999999956,4.99990086964918,0.28522498608744873,0.21338398548203494,1.470186159556143,0.06549011529022575,0.058807446381466955
11.260999999999557,9.0,11.260999999999557,4.999900869649625,0.2852249860877337,0.21338399223508753,1.4701861662752835,0.06549011555212048,0.058807446650263426
11.280999999999556,9.0,11.280999999999556,4.999900869650073,0.2852249860883167,0.21338399904667638,1.4701861730880048,0.06549011589300258,0.05880744692354168
11.300999999999558,9.0,11.300999999999558,4.999900869650517,0.2852249860879169,0.2133840058887465,1.470186179942211,0.06549011623313561,0.058807447198456216
11.320999999999554,9.0,11.320999999999554,4.999900869650968,0.28522498608819,0.21338401274930158,1.4701861868110635,0.06549011655039227,0.05880744747322104
11.340999999999555,9.0,11.340999999999555,4.999900869651415,0.28522498608825825,0.21338401962076334,1.4701861936796528,0.06549011682956629,0.05880744774566099
11.341999999999555,9.0,11.341999999999555,4.999900869651442,0.28522498608757074,0.21338401978556745,1.4701861936956193,0.06549011663571802,0.058807447751440235
11.357999999999553,9.0,11.357999999999553,4.999900869651804,0.2852249860887276,0.2133840256003213,1.4701861997413297,0.06549011737486543,0.058807447989644775
11.377999999999552,9.0,11.377999999999552,4.999900869652253,0.28522498608868835,0.21338403240337306,1.4701862064718836,0.06549011746923283,0.05880744825886027
11.397999999999552,9.0,11.397999999999552,4.999900869652706,0.28522498608858443,0.21338403933499847,1.4701862133945252,0.06549011776042624,0.058807448535794185
11.417999999999552,9.0,11.417999999999552,4.999900869653158,0.2852249860889465,0.21338404628243152,1.470186220329325,0.06549011806629756,0.05880744881317395
11.437999999999551,9.0,11.437999999999551,4.999900869653615,0.28522498608927377,0.21338405326515147,1.4701862273130244,0.06549011840632568,0.058807449093271805
11.45799999999955,9.0,11.45799999999955,4.9999008696540725,0.2852249860889783,0.21338406027918183,1.4701862343376524,0.06549011872340582,0.05880744937271221
11.477999999999549,9.0,11.477999999999549,4.99990086965453,0.2852249860887973,0.21338406728380813,1.4701862413211517,0.06549011903943835,0.05880744965361367
11.497999999999548,9.0,11.497999999999548,4.999900869654988,0.2852249860890403,0.21338407435296114,1.4701862484114097,0.06549011937786109,0.05880744993569247
11.517999999999546,9.0,11.517999999999546,4.999900869655449,0.28522498608935043,0.21338408140319123,1.4701862554406777,0.0654901196837886,0.058807450217624756
11.537999999999546,9.0,11.537999999999546,4.999900869655912,0.28522498608938557,0.21338408850746826,1.4701862625556354,0.06549012002181376,0.05880745050143864
11.557999999999547,9.0,11.557999999999547,4.9999008696563765,0.28522498608959074,0.2133840956127955,1.4701862696511203,0.0654901203552336,0.05880745078680263
11.577999999999545,9.0,11.577999999999545,4.999900869656844,0.2852249860895774,0.21338410277022993,1.4701862768284282,0.06549012069899585,0.0588074510731392
11.597999999999544,9.0,11.597999999999544,4.999900869657309,0.2852249860900275,0.21338410991886675,1.4701862839647857,0.06549012100629936,0.058807451358565625
11.598999999999544,9.0,11.598999999999544,4.999900869657342,0.2852249860892634,0.21338411019941403,1.4701862841807798,0.06549012088752204,0.05880745136724652
11.614999999999544,9.0,11.614999999999544,4.999900869657715,0.28522498609071006,0.2133841160873202,1.4701862901817646,0.06549012142032673,0.058807451607279085
11.634999999999543,9.0,11.634999999999543,4.999900869658176,0.2852249860903466,0.21338412322684241,1.4701862972754538,0.06549012163230594,0.05880745189101568
11.654999999999543,9.0,11.654999999999543,4.999900869658646,0.28522498609053765,0.21338413046039295,1.470186304515657,0.06549012196867754,0.05880745218063153
11.674999999999542,9.0,11.674999999999542,4.999900869659118,0.2852249860909566,0.21338413769720366,1.4701863117410126,0.06549012228571693,0.058807452469626806
11.69499999999954,9.0,11.69499999999954,4.999900869659591,0.28522498609049585,0.21338414496879074,1.4701863190127635,0.06549012262704668,0.05880745276049618
11.71499999999954,9.0,11.71499999999954,4.999900869660065,0.2852249860909104,0.21338415226315913,1.4701863263077097,0.06549012296607859,0.058807453052307154
11.734999999999538,9.0,11.734999999999538,4.999900869660543,0.2852249860906217,0.2133841595796008,1.4701863336239873,0.0654901233034415,0.05880745334497189
11.754999999999537,9.0,11.754999999999537,4.999900869661019,0.2852249860913035,0.2133841669197304,1.4701863409636846,0.06549012364122153,0.058807453638506896
11.774999999999539,9.0,11.774999999999539,4.999900869661499,0.28522498609115216,0.2133841742814675,1.4701863483251252,0.06549012398983534,0.05880745393379219
11.794999999999536,9.0,11.794999999999536,4.999900869661983,0.2852249860913485,0.21338418167689333,1.4701863557299009,0.06549012433028789,0.058807454229183626
11.814999999999536,9.0,11.814999999999536,4.999900869662463,0.28522498609112,0.21338418907493484,1.4701863631164167,0.06549012464615245,0.05880745452387824
11.834999999999535,9.0,11.834999999999535,4.999900869662947,0.28522498609185354,0.21338419649826257,1.4701863705302403,0.06549012500394547,0.05880745482199053
11.854999999999533,9.0,11.854999999999533,4.99990086966343,0.2852249860918183,0.21338420397560606,1.4701863780290159,0.06549012536685139,0.058807455121144894
11.855999999999536,9.0,11.855999999999536,4.9999008696634615,0.2852249860912462,0.2133842042668375,1.4701863782532707,0.06549012524007258,0.05880745513013361
11.871999999999534,9.0,11.871999999999534,4.999900869663851,0.2852249860923153,0.2133842103793224,1.4701863844651717,0.06549012573854718,0.05880745537744403
11.891999999999532,9.0,11.891999999999532,4.999900869664335,0.2852249860922444,0.2133842178077336,1.470186391840182,0.06549012597116444,0.0588074556728078
11.911999999999532,9.0,11.911999999999532,4.999900869664819,0.2852249860922029,0.21338422534169013,1.4701863993842834,0.0654901263613269,0.058807455976921975
11.931999999999531,9.0,11.931999999999531,4.999900869665306,0.2852249860925033,0.21338423290587719,1.4701864069674038,0.06549012670305743,0.058807456278695554
11.95199999999953,9.0,11.95199999999953,4.999900869665801,0.2852249860921832,0.21338424045141577,1.4701864144891679,0.065490126997103,0.05880745657803191
11.971999999999529,9.0,11.971999999999529,4.999900869666291,0.28522498609235103,0.21338424802647216,1.4701864220453016,0.06549012736835835,0.05880745688259553
11.99199999999953,9.0,11.99199999999953,4.999900869666787,0.28522498609234365,0.2133842556771449,1.4701864297296128,0.06549012775847252,0.058807457189154935
12.011999999999528,9.0,12.011999999999528,4.999900869667284,0.2852249860931016,0.2133842633040807,1.4701864373442841,0.06549012807258536,0.05880745749300528
12.031999999999528,9.0,12.031999999999528,4.999900869667779,0.2852249860933339,0.21338427095740453,1.470186444986123,0.06549012843517721,0.058807457800213514
12.051999999999525,9.0,12.051999999999525,4.999900869668278,0.2852249860936088,0.2133842786665049,1.470186452716412,0.06549012880904892,0.058807458108651824
12.071999999999525,9.0,12.071999999999525,4.999900869668781,0.28522498609342933,0.2133842863660114,1.470186460404069,0.06549012914225383,0.058807458416170015
12.091999999999526,9.0,12.091999999999526,4.999900869669282,0.28522498609327684,0.21338429410128,1.4701864681386028,0.0654901295020841,0.058807458725551286
12.111999999999522,9.0,12.111999999999522,4.9999008696697835,0.28522498609388347,0.2133843018610805,1.4701864758988028,0.06549012986211689,0.058807459035956605
12.112999999999525,9.0,12.112999999999525,4.9999008696698155,0.28522498609298325,0.2133843021716687,1.4701864761448418,0.06549012983015134,0.058807459049413875
12.128999999999523,9.0,12.128999999999523,4.999900869670222,0.28522498609438335,0.21338430855399484,1.4701864826544053,0.06549013031032924,0.05880745930617144
12.148999999999523,9.0,12.148999999999523,4.999900869670722,0.28522498609443253,0.21338431627855267,1.4701864903170276,0.06549013052167574,0.05880745961268267
12.16899999999952,9.0,12.16899999999952,4.999900869671225,0.285224986094507,0.21338432411534078,1.470186498160581,0.06549013088361344,0.058807459925668264
12.18899999999952,9.0,12.18899999999952,4.999900869671737,0.2852249860944954,0.21338433194837225,1.4701865059735317,0.06549013123221714,0.05880746023891944
12.208999999999522,9.0,12.208999999999522,4.9999008696722465,0.2852249860943789,0.21338433983680175,1.4701865138735786,0.06549013162740447,0.05880746055570553
12.22899999999952,9.0,12.22899999999952,4.999900869672755,0.2852249860945148,0.21338434774651857,1.4701865217930088,0.06549013197862652,0.05880746087096063
12.24899999999952,9.0,12.24899999999952,4.999900869673272,0.2852249860945881,0.21338435565043945,1.470186529674792,0.06549013233349144,0.05880746118776459
12.268999999999517,9.0,12.268999999999517,4.999900869673784,0.2852249860949989,0.21338436362135546,1.4701865376666678,0.06549013271314597,0.05880746150588804
12.288999999999517,9.0,12.288999999999517,4.999900869674301,0.2852249860953109,0.21338437157455292,1.4701865455989853,0.06549013306030216,0.05880746182394213
12.308999999999518,9.0,12.308999999999518,4.999900869674819,0.28522498609574365,0.21338437958423165,1.470186553619275,0.06549013344941867,0.058807462144781095
12.328999999999514,9.0,12.328999999999514,4.999900869675337,0.2852249860958777,0.21338438760721687,1.4701865616420848,0.06549013381531821,0.05880746246567841
12.348999999999515,9.0,12.348999999999515,4.999900869675861,0.2852249860962367,0.21338439565371797,1.470186569687518,0.06549013418331606,0.058807462787479496
12.368999999999515,9.0,12.368999999999515,4.999900869676381,0.2852249860957673,0.21338440372541276,1.470186577758644,0.06549013456442287,0.05880746311112236
12.369999999999514,9.0,12.369999999999514,4.999900869676411,0.285224986095523,0.21338440410150106,1.4701865781109331,0.06549013443753893,0.05880746312081771
12.385999999999513,9.0,12.385999999999513,4.999900869676831,0.285224986096172,0.2133844106296413,1.4701865846807032,0.06549013491933886,0.05880746338724311
12.405999999999512,9.0,12.405999999999512,4.999900869677352,0.2852249860967736,0.21338441871885722,1.4701865927461828,0.06549013525199643,0.058807463710614405
12.425999999999512,9.0,12.425999999999512,4.999900869677876,0.28522498609625385,0.2133844268869527,1.470186600939148,0.06549013564410089,0.05880746403753985
12.445999999999511,9.0,12.445999999999511,4.999900869678406,0.2852249860965209,0.21338443503178306,1.470186609061368,0.06549013597440667,0.058807464361664945
12.46599999999951,9.0,12.46599999999951,4.999900869678937,0.2852249860966823,0.21338444321633251,1.4701866172362734,0.0654901363712933,0.05880746469019382
12.485999999999509,9.0,12.485999999999509,4.9999008696794665,0.2852249860969587,0.21338445145495238,1.470186625497207,0.0654901367717724,0.0588074650199205
12.505999999999508,9.0,12.505999999999508,4.999900869679997,0.28522498609700603,0.21338445968672898,1.4701866337170908,0.06549013711948659,0.05880746534788344
12.52599999999951,9.0,12.52599999999951,4.9999008696805305,0.2852249860972466,0.21338446794408725,1.4701866419639813,0.06549013750289845,0.05880746567855107
12.545999999999506,9.0,12.545999999999506,4.999900869681066,0.2852249860975284,0.21338447624866314,1.4701866502800376,0.06549013790430736,0.05880746601120475
12.565999999999507,9.0,12.565999999999507,4.999900869681608,0.28522498609741975,0.21338448456604833,1.4701866585967134,0.06549013827256434,0.058807466343088775
12.585999999999505,9.0,12.585999999999505,4.999900869682143,0.28522498609748537,0.2133844928988936,1.4701866669185404,0.06549013866335363,0.05880746667751307
12.605999999999504,9.0,12.605999999999504,4.999900869682683,0.285224986097946,0.2133845012875015,1.4701866753275437,0.06549013906550516,0.05880746701310847
12.625999999999504,9.0,12.625999999999504,4.999900869683225,0.2852249860976461,0.21338450966874042,1.4701866836967257,0.06549013942970916,0.05880746734789618
12.626999999999505,9.0,12.626999999999505,4.99990086968326,0.28522498609709196,0.21338451001163716,1.4701866839748445,0.0654901392268381,0.05880746735538819
12.642999999999503,9.0,12.642999999999503,4.999900869683692,0.2852249860982262,0.2133845168747931,1.4701866909367987,0.06549013989177022,0.058807467638626765
12.662999999999503,9.0,12.662999999999503,4.999900869684232,0.285224986098659,0.21338452527788293,1.470186699319903,0.06549014018866162,0.05880746797360823
12.682999999999502,9.0,12.682999999999502,4.999900869684778,0.2852249860983721,0.2133845337508787,1.4701867077975588,0.06549014054801983,0.058807468311126404
12.7029999999995,9.0,12.7029999999995,4.999900869685327,0.28522498609816,0.21338454221032802,1.4701867162239102,0.06549014090717176,0.05880746864894256
12.7229999999995,9.0,12.7229999999995,4.999900869685875,0.2852249860990141,0.2133845507412815,1.4701867247673535,0.06549014133088948,0.05880746899069232
12.742999999999501,9.0,12.742999999999501,4.999900869686427,0.28522498609829533,0.21338455928442596,1.4701867333116163,0.0654901417234034,0.05880746933247179
12.762999999999497,9.0,12.762999999999497,4.999900869686979,0.2852249860990448,0.21338456785299245,1.4701867418791095,0.06549014211555926,0.058807469675177824
12.782999999999499,9.0,12.782999999999499,4.999900869687532,0.2852249860989357,0.2133845764466347,1.4701867504721862,0.06549014250124496,0.058807470018138165
12.802999999999496,9.0,12.802999999999496,4.999900869688085,0.2852249860992424,0.2133845850580051,1.4701867590733748,0.06549014290750499,0.058807470363705115
12.822999999999496,9.0,12.822999999999496,4.9999008696886404,0.28522498609994196,0.21338459372512997,1.4701867677610996,0.06549014332251957,0.058807470710440644
12.842999999999495,9.0,12.842999999999495,4.9999008696892,0.2852249861002047,0.21338460238498766,1.4701867764088663,0.06549014370782025,0.05880747105711793
12.862999999999493,9.0,12.862999999999493,4.9999008696897596,0.28522498609950575,0.21338461109276893,1.4701867851255888,0.06549014410262288,0.058807471404239225
12.882999999999495,9.0,12.882999999999495,4.9999008696903235,0.28522498610076424,0.21338461979640522,1.4701867938086697,0.06549014448077273,0.05880747175157615
12.883999999999494,9.0,12.883999999999494,4.999900869690359,0.2852249860996076,0.21338462010962986,1.4701867940190092,0.06549014429460942,0.058807471760763105
12.899999999999494,9.0,12.899999999999494,4.9999008696908085,0.28522498610045155,0.21338462733769578,1.4701868014297388,0.06549014506787998,0.05880747205833606
12.919999999999492,9.0,12.919999999999492,4.999900869691369,0.28522498610082264,0.21338463603636534,1.4701868100829856,0.06549014529838204,0.0588074724041149
12.939999999999491,9.0,12.939999999999491,4.999900869691929,0.2852249861007832,0.21338464483211922,1.470186818873269,0.06549014566505984,0.05880747275496008
12.95999999999949,9.0,12.95999999999949,4.999900869692502,0.2852249861009117,0.21338465363454748,1.4701868276520726,0.06549014604340653,0.058807473106082676
12.979999999999489,9.0,12.979999999999489,4.999900869693072,0.2852249861009162,0.21338466248789617,1.4701868365074406,0.06549014646774076,0.058807473460317804
12.99999999999949,9.0,12.99999999999949,4.999900869693642,0.28522498610100755,0.21338467136752245,1.4701868453887659,0.06549014688208599,0.05880747381555736
13.019999999999488,9.0,13.019999999999488,4.999900869694211,0.2852249861014875,0.2133846802708726,1.470186854292045,0.06549014728181746,0.05880747417091687
13.039999999999488,9.0,13.039999999999488,4.9999008696947875,0.28522498610071084,0.21338468919192452,1.4701868632027626,0.06549014770100892,0.058807474528859
13.059999999999487,9.0,13.059999999999487,4.999900869695365,0.28522498610209174,0.21338469816854821,1.4701868721999132,0.06549014812953335,0.05880747488798602
13.079999999999485,9.0,13.079999999999485,4.999900869695943,0.28522498610204206,0.2133847071394354,1.4701868811586427,0.06549014852020163,0.058807475246339565
13.099999999999486,9.0,13.099999999999486,4.999900869696521,0.2852249861019678,0.21338471614893353,1.4701868901673636,0.06549014892935556,0.058807475605929097
13.119999999999482,9.0,13.119999999999482,4.999900869697102,0.28522498610240743,0.21338472517666857,1.4701868991857412,0.06549014934786601,0.05880747596742145
13.139999999999484,9.0,13.139999999999484,4.999900869697685,0.2852249861022294,0.2133847342504053,1.4701869082705001,0.06549014979084211,0.05880747633158583
13.140999999999485,9.0,13.140999999999485,4.999900869697721,0.2852249861018676,0.21338473467518954,1.4701869086714108,0.06549014966494493,0.058807476343248136
13.156999999999483,9.0,13.156999999999483,4.999900869698189,0.28522498610263686,0.21338474199722024,1.4701869160330305,0.06549015017488613,0.058807476641297915
13.176999999999481,9.0,13.176999999999481,4.9999008696987675,0.2852249861030982,0.21338475107921936,1.4701869250915112,0.0654901505331763,0.0588074770028684
13.19699999999948,9.0,13.19699999999948,4.99990086969935,0.2852249861028329,0.21338476022480288,1.4701869342425176,0.06549015098205002,0.058807477370500294
13.216999999999482,9.0,13.216999999999482,4.99990086969994,0.2852249861029288,0.2133847694007146,1.4701869434279993,0.06549015140100367,0.05880747773710563
13.23699999999948,9.0,13.23699999999948,4.999900869700531,0.28522498610341457,0.2133847785822171,1.4701869525973297,0.06549015181466333,0.0588074781046516
13.25699999999948,9.0,13.25699999999948,4.99990086970112,0.28522498610333147,0.2133847878120763,1.470186961836892,0.06549015223567434,0.05880747847271598
13.276999999999479,9.0,13.276999999999479,4.999900869701715,0.2852249861037842,0.21338479703947053,1.4701869710438504,0.0654901526558671,0.058807478842504236
13.296999999999477,9.0,13.296999999999477,4.99990086970231,0.285224986103985,0.2133848063346532,1.4701869803602892,0.06549015309608963,0.05880747921364053
13.316999999999478,9.0,13.316999999999478,4.999900869702908,0.2852249861039427,0.2133848156148126,1.4701869896194193,0.0654901534940463,0.05880747958399726
13.336999999999474,9.0,13.336999999999474,4.999900869703508,0.28522498610408625,0.21338482494498182,1.4701869989503789,0.06549015396171765,0.05880747995955619
13.356999999999475,9.0,13.356999999999475,4.999900869704105,0.2852249861044434,0.21338483433029595,1.4701870083661328,0.06549015438713113,0.05880748033312643
13.376999999999475,9.0,13.376999999999475,4.9999008697047085,0.2852249861044219,0.21338484367031246,1.4701870176625618,0.06549015479476061,0.05880748070804227
13.396999999999473,9.0,13.396999999999473,4.999900869705309,0.2852249861051239,0.2133848531221704,1.4701870271559105,0.06549015526148538,0.05880748108547678
13.416999999999472,9.0,13.416999999999472,4.999900869705916,0.28522498610462094,0.2133848625275112,1.4701870365292902,0.06549015564592586,0.05880748146039154
13.436999999999472,9.0,13.436999999999472,4.999900869706523,0.28522498610504055,0.21338487199422748,1.470187045996685,0.0654901561145349,0.05880748184064078
13.456999999999471,9.0,13.456999999999471,4.9999008697071305,0.28522498610502256,0.21338488150754822,1.4701870555314667,0.06549015655731427,0.05880748222047775
13.457999999999473,9.0,13.457999999999473,4.999900869707168,0.28522498610470265,0.21338488185217117,1.4701870557675518,0.06549015635780853,0.05880748223070447
13.47399999999947,9.0,13.47399999999947,4.99990086970766,0.2852249861056685,0.21338488967166114,1.4701870637429648,0.06549015712912243,0.05880748255202797
13.493999999999469,9.0,13.493999999999469,4.999900869708261,0.2852249861055463,0.21338489915602796,1.4701870731972446,0.06549015738863895,0.05880748292711568
13.513999999999468,9.0,13.513999999999468,4.999900869708872,0.2852249861061511,0.2133849086974982,1.4701870827058805,0.0654901577904704,0.05880748330899745
13.53399999999947,9.0,13.53399999999947,4.999900869709489,0.2852249861065055,0.21338491830630235,1.4701870923240241,0.06549015824286109,0.0588074836929465
13.553999999999466,9.0,13.553999999999466,4.999900869710105,0.28522498610647884,0.21338492792287278,1.4701871019309982,0.06549015866598051,0.05880748407645988
13.573999999999467,9.0,13.573999999999467,4.999900869710722,0.28522498610623853,0.21338493756774668,1.4701871115667031,0.06549015912537193,0.05880748446345835
13.593999999999467,9.0,13.593999999999467,4.999900869711346,0.2852249861064722,0.21338494727105403,1.4701871212912623,0.06549015958002535,0.05880748485087433
13.613999999999464,9.0,13.613999999999464,4.999900869711965,0.285224986106532,0.21338495695894563,1.4701871309573966,0.06549016001260188,0.05880748523908619
13.633999999999464,9.0,13.633999999999464,4.999900869712588,0.28522498610684094,0.21338496671695253,1.4701871407354756,0.06549016047100431,0.05880748562865982
13.653999999999462,9.0,13.653999999999462,4.999900869713212,0.28522498610759517,0.2133849764614113,1.4701871504587447,0.06549016090870274,0.05880748601912681
13.673999999999463,9.0,13.673999999999463,4.999900869713838,0.2852249861073196,0.21338498627638303,1.4701871602940275,0.06549016137054553,0.05880748641097751
13.693999999999463,9.0,13.693999999999463,4.99990086971447,0.28522498610737607,0.21338499607647726,1.470187170073027,0.06549016180134337,0.058807486802920625
13.71399999999946,9.0,13.71399999999946,4.999900869715099,0.2852249861075315,0.2133850059365149,1.4701871799436101,0.06549016227439863,0.05880748719775616
13.714999999999462,9.0,13.714999999999462,4.999900869715135,0.28522498610672514,0.21338500635184546,1.4701871802941908,0.06549016216018178,0.05880748721177792
13.73099999999946,9.0,13.73099999999946,4.999900869715638,0.2852249861079096,0.21338501439433744,1.4701871884488036,0.0654901627813349,0.05880748753795968
13.750999999999461,9.0,13.750999999999461,4.999900869716271,0.2852249861079571,0.21338502423155634,1.470187198239744,0.06549016311412492,0.05880748792963649
13.770999999999457,9.0,13.770999999999457,4.999900869716903,0.28522498610837826,0.21338503417095103,1.4701872081856413,0.06549016357449489,0.058807488327406954
13.790999999999459,9.0,13.790999999999459,4.999900869717539,0.28522498610877944,0.2133850441179539,1.470187218121202,0.0654901640247445,0.05880748872559493
13.810999999999458,9.0,13.810999999999458,4.999900869718177,0.28522498610849106,0.21338505411384145,1.470187228126914,0.06549016447172773,0.058807489123550286
13.830999999999456,9.0,13.830999999999456,4.999900869718819,0.28522498610874664,0.213385064099267,1.4701872380820948,0.06549016493618598,0.05880748952483398
13.850999999999456,9.0,13.850999999999456,4.99990086971946,0.28522498610863267,0.21338507418473715,1.4701872482096932,0.06549016542777297,0.0588074899275835
13.870999999999453,9.0,13.870999999999453,4.999900869720102,0.2852249861093495,0.21338508422337493,1.4701872582155286,0.06549016585624279,0.058807490329367974
13.890999999999455,9.0,13.890999999999455,4.999900869720751,0.28522498610905483,0.21338509434353356,1.47018726835557,0.0654901663438896,0.05880749073422027
13.910999999999454,9.0,13.910999999999454,4.999900869721397,0.2852249861099997,0.2133851044613986,1.4701872784626917,0.06549016677348729,0.058807491136979737
13.930999999999452,9.0,13.930999999999452,4.999900869722042,0.28522498610950686,0.2133851145996159,1.4701872885810028,0.06549016725311363,0.058807491544018924
13.950999999999452,9.0,13.950999999999452,4.999900869722693,0.2852249861098846,0.21338512481777572,1.4701872988315352,0.06549016774786887,0.05880749195249969
13.970999999999451,9.0,13.970999999999451,4.999900869723348,0.2852249861103918,0.2133851350102438,1.4701873090016977,0.06549016819761122,0.058807492360833526
13.990999999999449,9.0,13.990999999999449,4.999900869724001,0.2852249861107124,0.21338514527315594,1.4701873192838228,0.06549016868576951,0.05880749277135145
14.010999999999449,9.0,14.010999999999449,4.999900869724658,0.2852249861104321,0.2133851555329533,1.4701873295320398,0.06549016914646044,0.05880749318206216
14.01199999999945,9.0,14.01199999999945,4.999900869724697,0.2852249861099031,0.2133851560190153,1.470187329994335,0.06549016902518612,0.05880749319616246
14.027999999999448,9.0,14.027999999999448,4.999900869725221,0.2852249861108919,0.21338516431170645,1.4701873383290818,0.06549016959288378,0.058807493533174195
14.047999999999448,9.0,14.047999999999448,4.9999008697258756,0.2852249861110548,0.21338517460721648,1.4701873486010533,0.06549017001697788,0.05880749394405145
14.067999999999447,9.0,14.067999999999447,4.999900869726537,0.285224986110653,0.21338518497676465,1.4701873589855283,0.06549017050064865,0.058807494358673884
14.087999999999445,9.0,14.087999999999445,4.999900869727199,0.28522498611108393,0.21338519533927489,1.4701873693267307,0.06549017096641419,0.05880749477382587
14.107999999999446,9.0,14.107999999999446,4.999900869727861,0.2852249861115389,0.21338520577146242,1.4701873797793912,0.0654901714657471,0.05880749519119673
14.127999999999446,9.0,14.127999999999446,4.999900869728526,0.28522498611162483,0.21338521620187503,1.4701873901983213,0.06549017193391371,0.05880749560866255
14.147999999999444,9.0,14.147999999999444,4.999900869729195,0.2852249861118267,0.2133852266814904,1.4701874006870612,0.06549017240048138,0.05880749602594117
14.167999999999443,9.0,14.167999999999443,4.999900869729864,0.285224986111809,0.21338523715057534,1.4701874111257285,0.06549017288608527,0.058807496446569484
14.187999999999441,9.0,14.187999999999441,4.999900869730534,0.2852249861122686,0.213385247720719,1.4701874217379904,0.06549017340068375,0.05880749686878692
14.20799999999944,9.0,14.20799999999944,4.999900869731207,0.2852249861122404,0.21338525824534363,1.4701874322298254,0.06549017384194555,0.05880749728920067
14.22799999999944,9.0,14.22799999999944,4.999900869731881,0.28522498611251534,0.21338526884329362,1.4701874428378787,0.06549017436070925,0.058807497714279754
14.24799999999944,9.0,14.24799999999944,4.999900869732559,0.2852249861125553,0.2133852794691705,1.470187453473964,0.06549017482883823,0.05880749813741098
14.26799999999944,9.0,14.26799999999944,4.999900869733236,0.2852249861130447,0.21338529008378146,1.4701874640568795,0.06549017531721624,0.058807498563828726
14.268999999999439,9.0,14.268999999999439,4.999900869733279,0.28522498611262775,0.21338529064442122,1.4701874646398445,0.06549017537341273,0.05880749858559872
14.284999999999439,9.0,14.284999999999439,4.999900869733826,0.2852249861128362,0.21338529919516652,1.4701874732137254,0.06549017574994442,0.05880749892743442
14.304999999999437,9.0,14.304999999999437,4.9999008697345,0.2852249861139416,0.2133853098527653,1.470187483823109,0.0654901762037412,0.058807499353704336
14.324999999999438,9.0,14.324999999999438,4.999900869735183,0.28522498611352365,0.21338532062397841,1.4701874946359719,0.06549017675205127,0.05880749978545542
14.344999999999438,9.0,14.344999999999438,4.999900869735868,0.2852249861138949,0.21338533136094515,1.4701875053517872,0.06549017720840566,0.058807500214083194
14.364999999999435,9.0,14.364999999999435,4.999900869736555,0.28522498611408664,0.21338534214954452,1.4701875161395528,0.0654901777012219,0.05880750064477928
14.384999999999435,9.0,14.384999999999435,4.9999008697372425,0.28522498611435104,0.21338535295874583,1.4701875269399596,0.06549017821151015,0.05880750107836246
14.404999999999433,9.0,14.404999999999433,4.9999008697379335,0.28522498611475966,0.213385363826835,1.470187537828808,0.0654901787172294,0.05880750151236233
14.424999999999432,9.0,14.424999999999432,4.999900869738626,0.28522498611494,0.2133853746816837,1.4701875486616565,0.06549017920253442,0.05880750194724806
14.444999999999432,9.0,14.444999999999432,4.999900869739321,0.2852249861149616,0.213385385608806,1.4701875596088145,0.06549017971418214,0.058807502383582316
14.464999999999431,9.0,14.464999999999431,4.999900869740017,0.285224986115367,0.21338539652419453,1.470187570503,0.06549018018688946,0.058807502819348455
14.484999999999431,9.0,14.484999999999431,4.999900869740713,0.2852249861153664,0.21338540749181262,1.470187581471434,0.06549018072006663,0.05880750325964368
14.50499999999943,9.0,14.50499999999943,4.9999008697414125,0.285224986115469,0.21338541850812195,1.4701875925084058,0.06549018123790551,0.05880750370033488
14.524999999999428,9.0,14.524999999999428,4.999900869742116,0.2852249861156928,0.21338542952099462,1.4701876035083368,0.0654901817279161,0.05880750414110364
14.525999999999431,9.0,14.525999999999431,4.9999008697421585,0.2852249861150743,0.21338543004469476,1.4701876040081743,0.06549018169467691,0.05880750416032591
14.54199999999943,9.0,14.54199999999943,4.999900869742722,0.28522498611622016,0.2133854389543768,1.4701876129740488,0.0654901822027465,0.058807504517851536
14.561999999999426,9.0,14.561999999999426,4.999900869743419,0.2852249861162311,0.21338544998089368,1.470187623951105,0.06549018264197481,0.05880750495801901
14.581999999999427,9.0,14.581999999999427,4.999900869744125,0.2852249861161329,0.2133854611191701,1.4701876351159597,0.06549018320216105,0.058807505405401576
14.601999999999427,9.0,14.601999999999427,4.999900869744833,0.28522498611635994,0.21338547225839075,1.470187646254015,0.06549018368210702,0.05880750584941189
14.621999999999424,9.0,14.621999999999424,4.999900869745546,0.2852249861164499,0.2133854834085635,1.4701876573819819,0.0654901841883111,0.05880750629602567
14.641999999999424,9.0,14.641999999999424,4.999900869746256,0.28522498611662095,0.21338549463135542,1.470187668626391,0.06549018470905366,0.05880750674350688
14.661999999999423,9.0,14.661999999999423,4.999900869746971,0.2852249861171144,0.21338550583200763,1.470187679796417,0.06549018521339567,0.05880750719262424
14.681999999999423,9.0,14.681999999999423,4.999900869747686,0.28522498611702957,0.21338551712541398,1.4701876911212197,0.06549018576721088,0.05880750764484616
14.701999999999423,9.0,14.701999999999423,4.999900869748403,0.2852249861175963,0.21338552840447317,1.4701877023882244,0.06549018625852931,0.05880750809552257
14.72199999999942,9.0,14.72199999999942,4.999900869749122,0.28522498611719066,0.21338553972511498,1.4701877137072703,0.06549018677908991,0.058807508548297686
14.74199999999942,9.0,14.74199999999942,4.999900869749845,0.2852249861177461,0.21338555107719603,1.4701877250594488,0.06549018731170231,0.05880750900317977
14.76199999999942,9.0,14.76199999999942,4.999900869750568,0.285224986117704,0.2133855624692504,1.470187736460926,0.06549018783436167,0.05880750945845098
14.781999999999417,9.0,14.781999999999417,4.9999008697512926,0.2852249861184599,0.213385573870284,1.470187747850284,0.06549018834047926,0.05880750991400374
14.78299999999942,9.0,14.78299999999942,4.999900869751333,0.2852249861173184,0.21338557436447655,1.470187748279841,0.06549018814515528,0.05880750992757958
14.798999999999419,9.0,14.798999999999419,4.999900869751919,0.2852249861188565,0.21338558364671617,1.4701877576620055,0.06549018890425184,0.0588075103064568
14.818999999999418,9.0,14.818999999999418,4.999900869752642,0.2852249861190618,0.21338559506774643,1.4701877690525702,0.06549018933604012,0.05880751076210993
14.838999999999416,9.0,14.838999999999416,4.999900869753367,0.28522498611893593,0.21338560657502717,1.4701877805659636,0.06549018985987809,0.05880751122265172
14.858999999999416,9.0,14.858999999999416,4.999900869754104,0.28522498611858377,0.21338561809179657,1.4701877920699544,0.06549019035855375,0.058807511682026
14.878999999999415,9.0,14.878999999999415,4.999900869754835,0.2852249861188757,0.21338562964313781,1.4701878036113052,0.06549019090427055,0.058807512145232936
14.898999999999415,9.0,14.898999999999415,4.99990086975557,0.2852249861191974,0.21338564125518994,1.4701878152447667,0.06549019145562984,0.058807512609793514
14.918999999999414,9.0,14.918999999999414,4.999900869756307,0.28522498611951347,0.213385652864509,1.4701878268420017,0.06549019197480899,0.058807513074439974
14.938999999999412,9.0,14.938999999999412,4.999900869757049,0.2852249861189956,0.21338566452595048,1.4701878385122666,0.06549019251239552,0.05880751354048541
14.958999999999412,9.0,14.958999999999412,4.999900869757789,0.2852249861199313,0.21338567619722984,1.4701878501726164,0.06549019302448522,0.058807514006150544
14.978999999999411,9.0,14.978999999999411,4.999900869758533,0.28522498612033903,0.21338568790205967,1.4701878618678623,0.06549019357677732,0.05880751447547378
14.998999999999409,9.0,14.998999999999409,4.99990086975928,0.2852249861201034,0.21338569966724688,1.4701878736543568,0.06549019413439505,0.05880751494617357
15.018999999999409,9.0,15.018999999999409,4.999900869760024,0.28522498612089625,0.21338571142964746,1.4701878854046635,0.06549019465127093,0.05880751541619932
15.03899999999941,9.0,15.03899999999941,4.999900869760773,0.2852249861207377,0.21338572323450047,1.470187897208581,0.06549019519554944,0.05880751588836389
15.03999999999941,9.0,15.03999999999941,4.999900869760818,0.28522498612020214,0.21338572374816778,1.470187897657615,0.06549019508648835,0.058807515906297285
15.055999999999408,9.0,15.055999999999408,4.999900869761421,0.285224986121161,0.21338573335852795,1.4701879073817807,0.0654901957691083,0.058807516294119976
15.075999999999407,9.0,15.075999999999407,4.999900869762167,0.2852249861216176,0.21338574514712838,1.4701879191138865,0.06549019620777174,0.058807516765350086
15.095999999999405,9.0,15.095999999999405,4.999900869762921,0.28522498612101727,0.21338575706977678,1.4701879310640003,0.06549019676440038,0.05880751724180597
15.115999999999406,9.0,15.115999999999406,4.999900869763676,0.2852249861217155,0.21338576896138803,1.470187942922557,0.06549019727148109,0.05880751771690609
15.135999999999406,9.0,15.135999999999406,4.999900869764435,0.2852249861217659,0.21338578092836788,1.4701879549003836,0.06549019784568788,0.0588075181960009
15.155999999999404,9.0,15.155999999999404,4.999900869765193,0.28522498612203356,0.21338579291482654,1.4701879668874482,0.06549019839431591,0.05880751867549047
15.175999999999403,9.0,15.175999999999403,4.999900869765954,0.285224986122091,0.2133858049312215,1.4701879789027494,0.0654901989428438,0.05880751915610488
15.195999999999403,9.0,15.195999999999403,4.99990086976672,0.2852249861224465,0.21338581697902634,1.470187990949811,0.06549019949438739,0.05880751963797227
15.2159999999994,9.0,15.2159999999994,4.999900869767485,0.2852249861224329,0.2133858290572175,1.4701880030275376,0.06549020005724782,0.05880752012188676
15.2359999999994,9.0,15.2359999999994,4.999900869768252,0.285224986122787,0.21338584117665368,1.470188015156161,0.06549020060313893,0.0588075206054744
15.2559999999994,9.0,15.2559999999994,4.999900869769021,0.28522498612289265,0.21338585329737964,1.4701880272553978,0.06549020115231607,0.05880752109101062
15.2759999999994,9.0,15.2759999999994,4.999900869769793,0.2852249861230523,0.21338586549084979,1.470188039469841,0.06549020172357001,0.058807521578047216
15.295999999999399,9.0,15.295999999999399,4.999900869770563,0.2852249861236727,0.21338587767336822,1.4701880516312498,0.06549020226210822,0.05880752206525327
15.296999999999398,9.0,15.296999999999398,4.999900869770609,0.28522498612303704,0.21338587821014518,1.4701880521057198,0.06549020216070933,0.05880752208423339
15.312999999999397,9.0,15.312999999999397,4.999900869771232,0.28522498612348257,0.21338588814933931,1.4701880621696823,0.06549020289145813,0.058807522486792704
15.332999999999398,9.0,15.332999999999398,4.999900869772001,0.2852249861245831,0.2133859003446519,1.4701880743161735,0.06549020333142419,0.05880752297344926
15.352999999999398,9.0,15.352999999999398,4.999900869772778,0.2852249861236983,0.21338591265386553,1.4701880866398984,0.06549020387641002,0.05880752346407284
15.372999999999395,9.0,15.372999999999395,4.99990086977356,0.28522498612454156,0.21338592493593583,1.4701880988795273,0.06549020442602205,0.05880752395673497
15.392999999999395,9.0,15.392999999999395,4.9999008697743434,0.2852249861246147,0.2133859373343171,1.4701881113203594,0.06549020503832703,0.058807524452808534
15.412999999999395,9.0,15.412999999999395,4.999900869775126,0.28522498612491337,0.2133859496981826,1.4701881236620968,0.0654902055649137,0.05880752494645303
15.432999999999392,9.0,15.432999999999392,4.999900869775913,0.2852249861251589,0.2133859621159749,1.470188136078878,0.06549020614069878,0.058807525443155775
15.452999999999392,9.0,15.452999999999392,4.999900869776702,0.28522498612538827,0.2133859745660697,1.4701881485298924,0.06549020670609063,0.05880752594041783
15.472999999999391,9.0,15.472999999999391,4.999900869777491,0.2852249861253773,0.21338598703723718,1.4701881609910727,0.0654902072871616,0.05880752644041169
15.492999999999391,9.0,15.492999999999391,4.9999008697782825,0.28522498612557756,0.2133859995695877,1.4701881735437778,0.06549020786771942,0.058807526941004634
15.51299999999939,9.0,15.51299999999939,4.999900869779077,0.2852249861261377,0.2133860120908664,1.4701881860430066,0.06549020841873199,0.058807527441722476
15.532999999999388,9.0,15.532999999999388,4.99990086977987,0.28522498612609626,0.21338602467722081,1.4701881986396148,0.06549020901528346,0.05880752794558941
15.552999999999388,9.0,15.552999999999388,4.999900869780668,0.2852249861263095,0.21338603728382252,1.4701882112459344,0.06549020958901408,0.05880752844980906
15.553999999999387,9.0,15.553999999999387,4.999900869780713,0.2852249861261528,0.2133860378363281,1.4701882117337608,0.06549020948091289,0.0588075284693522
15.56999999999939,9.0,15.56999999999939,4.999900869781356,0.28522498612660163,0.21338604808638165,1.4701882220951306,0.06549021022087032,0.0588075288849364
15.589999999999387,9.0,15.589999999999387,4.999900869782154,0.28522498612707675,0.21338606069773217,1.4701882346704875,0.06549021066327576,0.05880752938602228
15.609999999999387,9.0,15.609999999999387,4.9999008697829534,0.2852249861268694,0.21338607338252416,1.4701882473406558,0.06549021124107413,0.05880752989438898
15.629999999999386,9.0,15.629999999999386,4.999900869783758,0.28522498612722663,0.21338608612062876,1.4701882600885943,0.0654902118112296,0.05880753040197626
15.649999999999388,9.0,15.649999999999388,4.999900869784563,0.28522498612799463,0.2133860988493485,1.4701882727869697,0.06549021239944253,0.058807530913048134
15.669999999999384,9.0,15.669999999999384,4.999900869785372,0.28522498612755265,0.21338611168310073,1.4701882856626256,0.06549021300672919,0.05880753142496757
15.689999999999385,9.0,15.689999999999385,4.999900869786184,0.2852249861279859,0.21338612446393143,1.4701882984008912,0.0654902135595028,0.05880753193679752
15.709999999999384,9.0,15.709999999999384,4.999900869786997,0.28522498612815234,0.21338613735024128,1.4701883113181795,0.06549021417893319,0.05880753245193834
15.729999999999382,9.0,15.729999999999382,4.999900869787812,0.28522498612848984,0.21338615021541854,1.4701883241622309,0.06549021475403904,0.05880753296724816
15.749999999999382,9.0,15.749999999999382,4.99990086978863,0.28522498612865227,0.21338616315342215,1.4701883371196844,0.0654902153544451,0.05880753348400969
15.769999999999381,9.0,15.769999999999381,4.999900869789448,0.28522498612887726,0.2133861760820776,1.4701883500269177,0.06549021594488957,0.05880753400261291
15.789999999999381,9.0,15.789999999999381,4.999900869790266,0.2852249861290881,0.2133861890936401,1.4701883630684025,0.06549021655051335,0.0588075345219622
15.80999999999938,9.0,15.80999999999938,4.999900869791091,0.28522498612954866,0.21338620207498274,1.4701883760172616,0.06549021711812997,0.05880753504146059
15.829999999999378,9.0,15.829999999999378,4.999900869791914,0.28522498612963426,0.2133862151414372,1.4701883891044345,0.06549021773228891,0.05880753556340841
15.849999999999378,9.0,15.849999999999378,4.999900869792741,0.2852249861295818,0.2133862281983567,1.4701884021409701,0.06549021832172774,0.05880753608639472
15.869999999999377,9.0,15.869999999999377,4.999900869793572,0.2852249861301431,0.21338624132779507,1.470188415290706,0.0654902189328922,0.05880753661086523
15.870999999999377,9.0,15.870999999999377,4.999900869793618,0.28522498612902614,0.21338624185321708,1.4701884157080776,0.0654902187420694,0.058807536628326926
15.886999999999373,9.0,15.886999999999373,4.999900869794282,0.2852249861298596,0.2133862525708761,1.470188426582985,0.06549021961460677,0.05880753706332274
15.906999999999371,9.0,15.906999999999371,4.999900869795109,0.2852249861303927,0.21338626566002802,1.4701884396216849,0.06549022006147598,0.058807537584863616
15.92699999999937,9.0,15.92699999999937,4.999900869795942,0.2852249861308021,0.21338627886202002,1.4701884528231033,0.06549022066052901,0.0588075381136637
15.946999999999372,9.0,15.946999999999372,4.999900869796779,0.2852249861314013,0.21338629209071514,1.4701884660488544,0.06549022123947323,0.058807538641191995
15.96699999999937,9.0,15.96699999999937,4.999900869797614,0.28522498613112784,0.2133863053344803,1.4701884792718674,0.06549022184603293,0.058807539171649416
15.98699999999937,9.0,15.98699999999937,4.999900869798453,0.28522498613122793,0.21338631865210747,1.470188492611436,0.06549022248007674,0.0588075397044654
16.00699999999937,9.0,16.00699999999937,4.999900869799299,0.2852249861312404,0.2133863319685373,1.4701885059165956,0.06549022306938923,0.05880754023667123
16.02699999999937,9.0,16.02699999999937,4.999900869800141,0.285224986131786,0.21338634532785047,1.4701885192750734,0.0654902236831707,0.058807540770998826
16.046999999999368,9.0,16.046999999999368,4.999900869800984,0.28522498613224634,0.21338635872045492,1.4701885326677713,0.06549022428879891,0.05880754130592374
16.066999999999364,9.0,16.066999999999364,4.999900869801832,0.2852249861324815,0.2133863721341341,1.4701885460713344,0.06549022490257805,0.05880754184284213
16.086999999999364,9.0,16.086999999999364,4.999900869802679,0.2852249861326533,0.21338638560044607,1.4701885595482276,0.06549022552530559,0.05880754238114239
16.106999999999367,9.0,16.106999999999367,4.99990086980353,0.285224986132765,0.2133863990771896,1.4701885730141195,0.06549022614551514,0.05880754292135019
16.126999999999363,9.0,16.126999999999363,4.999900869804385,0.285224986133283,0.21338641261699692,1.4701885865733548,0.06549022677841698,0.05880754346294359
16.127999999999364,9.0,16.127999999999364,4.999900869804432,0.2852249861323973,0.21338641321181379,1.4701885871009583,0.06549022666512627,0.05880754348404165
16.143999999999366,9.0,16.143999999999366,4.999900869805119,0.28522498613296615,0.21338642418206633,1.470188598170418,0.06549022740147525,0.05880754392680501
16.163999999999366,9.0,16.163999999999366,4.999900869805972,0.2852249861334116,0.21338643770013357,1.4701886116449385,0.06549022791174597,0.05880754446580589
16.183999999999365,9.0,16.183999999999365,4.999900869806828,0.2852249861340562,0.21338645132181805,1.4701886252747804,0.06549022855060627,0.058807545011756085
16.203999999999365,9.0,16.203999999999365,4.999900869807689,0.28522498613394903,0.21338646496259314,1.4701886389138357,0.06549022915698388,0.05880754555657091
16.223999999999364,9.0,16.223999999999364,4.9999008698085525,0.285224986134432,0.2133864786277437,1.4701886525675456,0.06549022977088947,0.058807546102686
16.243999999999364,9.0,16.243999999999364,4.999900869809417,0.2852249861340139,0.21338649233610024,1.4701886662767814,0.06549023040611168,0.058807546651093445
16.26399999999936,9.0,16.26399999999936,4.9999008698102845,0.2852249861342363,0.2133865060768205,1.4701886800179467,0.06549023102749063,0.05880754719994752
16.28399999999936,9.0,16.28399999999936,4.999900869811151,0.2852249861348141,0.21338651983860757,1.470188693769512,0.06549023165644474,0.05880754775079423
16.303999999999363,9.0,16.303999999999363,4.999900869812021,0.28522498613500835,0.21338653365374916,1.4701887075951772,0.06549023229459783,0.058807548303027146
16.32399999999936,9.0,16.32399999999936,4.999900869812896,0.28522498613572433,0.2133865474786088,1.4701887214092053,0.0654902329302911,0.05880754885718048
16.343999999999358,9.0,16.343999999999358,4.999900869813772,0.2852249861351759,0.21338656136649586,1.4701887353164769,0.065490233578407,0.058807549412680696
16.363999999999358,9.0,16.363999999999358,4.999900869814648,0.2852249861357596,0.21338657525559218,1.470188749193107,0.06549023420022304,0.058807549968477306
16.383999999999357,9.0,16.383999999999357,4.9999008698155265,0.28522498613639075,0.21338658919743086,1.4701887631437915,0.06549023483138006,0.05880755052497178
16.38499999999936,9.0,16.38499999999936,4.999900869815578,0.2852249861352609,0.21338658976477956,1.4701887636032047,0.06549023473035165,0.05880755054773298
16.400999999999353,9.0,16.400999999999353,4.999900869816283,0.2852249861360106,0.21338660115740699,1.4701887751693443,0.0654902355708713,0.05880755100675663
16.420999999999353,9.0,16.420999999999353,4.99990086981716,0.28522498613666686,0.21338661505441492,1.4701887889999834,0.06549023601914927,0.05880755155923539
16.44099999999935,9.0,16.44099999999935,4.999900869818041,0.28522498613618325,0.21338662907219832,1.4701888030073669,0.06549023665260367,0.0588075521202963
16.460999999999352,9.0,16.460999999999352,4.999900869818927,0.28522498613689207,0.21338664312885328,1.4701888170636048,0.06549023730621173,0.05880755268330104
16.48099999999935,9.0,16.48099999999935,4.9999008698198155,0.2852249861368455,0.21338665722760658,1.4701888311719054,0.06549023793328423,0.05880755324532713
16.500999999999348,9.0,16.500999999999348,4.999900869820703,0.28522498613761244,0.21338667131797662,1.470188845231111,0.06549023857058633,0.05880755381000872
16.520999999999347,9.0,16.520999999999347,4.999900869821595,0.285224986137888,0.2133866855038217,1.4701888594489905,0.0654902392662563,0.05880755437875288
16.54099999999935,9.0,16.54099999999935,4.999900869822492,0.2852249861379863,0.213386699687092,1.4701888736300233,0.06549023988763203,0.05880755494518094
16.560999999999346,9.0,16.560999999999346,4.999900869823387,0.2852249861378519,0.21338671389262656,1.4701888878226346,0.06549024052122498,0.05880755551291997
16.580999999999346,9.0,16.580999999999346,4.999900869824286,0.28522498613811686,0.21338672814405638,1.4701889020745547,0.06549024118029656,0.05880755608297946
16.600999999999345,9.0,16.600999999999345,4.9999008698251854,0.2852249861379938,0.2133867424274521,1.4701889163584254,0.065490241826333,0.058807556653549684
16.620999999999345,9.0,16.620999999999345,4.999900869826085,0.28522498613848296,0.21338675673207974,1.4701889306529132,0.06549024248899404,0.058807557226896
16.640999999999345,9.0,16.640999999999345,4.999900869826989,0.28522498613839314,0.21338677109966495,1.4701889450406909,0.06549024316062946,0.058807557801626366
16.641999999999342,9.0,16.641999999999342,4.999900869827044,0.2852249861381795,0.21338677173645534,1.4701889456100843,0.06549024304949214,0.05880755782439952
16.657999999999348,9.0,16.657999999999348,4.999900869827769,0.28522498613936625,0.21338678336879932,1.4701889573421012,0.0654902437979894,0.058807558292516056
16.677999999999347,9.0,16.677999999999347,4.999900869828671,0.28522498613943104,0.21338679770406987,1.4701889716236063,0.06549024435206163,0.05880755886496308
16.697999999999343,9.0,16.697999999999343,4.9999008698295775,0.28522498613969344,0.21338681216471472,1.4701889861037216,0.06549024503611889,0.0588075594441505
16.717999999999343,9.0,16.717999999999343,4.99990086983049,0.2852249861399096,0.21338682662356676,1.4701890005506295,0.06549024568287454,0.05880756002280111
16.737999999999342,9.0,16.737999999999342,4.999900869831403,0.28522498613987357,0.21338684113658402,1.4701890150722243,0.06549024634835232,0.058807560602891995
16.757999999999342,9.0,16.757999999999342,4.999900869832317,0.28522498614000635,0.21338685566109572,1.4701890295856879,0.06549024699737671,0.05880756118342752
16.77799999999934,9.0,16.77799999999934,4.999900869833237,0.28522498614082453,0.21338687023043226,1.4701890441551053,0.0654902476686181,0.058807561766170746
16.79799999999934,9.0,16.79799999999934,4.999900869834155,0.2852249861405699,0.21338688483107826,1.4701890587560387,0.06549024833728012,0.05880756235022273
16.81799999999934,9.0,16.81799999999934,4.999900869835076,0.28522498614076336,0.21338689946313116,1.4701890733875718,0.06549024899587597,0.05880756293473293
16.83799999999934,9.0,16.83799999999934,4.999900869835999,0.2852249861414273,0.21338691411821945,1.4701890880322426,0.06549024967411154,0.058807563522060895
16.857999999999336,9.0,16.857999999999336,4.999900869836924,0.28522498614135877,0.21338692883560562,1.4701891027699334,0.06549025035248979,0.05880756411002668
16.87799999999934,9.0,16.87799999999934,4.99990086983785,0.2852249861419067,0.21338694354299223,1.4701891174552204,0.06549025100188155,0.05880756469821134
16.897999999999335,9.0,16.897999999999335,4.999900869838779,0.2852249861420177,0.21338695831590643,1.4701891322383465,0.0654902516959407,0.05880756528951982
16.898999999999337,9.0,16.898999999999337,4.999900869838833,0.28522498614117964,0.2133869589763795,1.470189132834306,0.0654902515925917,0.05880756531337541
16.914999999999335,9.0,16.914999999999335,4.99990086983958,0.2852249861425867,0.21338697095136044,1.4701891449209605,0.06549025240740436,0.05880756579797973
16.93499999999933,9.0,16.93499999999933,4.999900869840508,0.2852249861424804,0.2133869857184214,1.4701891596516827,0.0654902529541378,0.058807566386069904
16.95499999999933,9.0,16.95499999999933,4.99990086984144,0.285224986142563,0.2133870005693104,1.4701891744974873,0.06549025360972183,0.058807566979131476
16.97499999999933,9.0,16.97499999999933,4.999900869842375,0.2852249861429867,0.2133870154349268,1.4701891893421766,0.06549025428729605,0.058807567574446704
16.99499999999933,9.0,16.99499999999933,4.999900869843314,0.28522498614323677,0.2133870303745925,1.4701892043035873,0.06549025497573846,0.05880756817064453
17.01499999999933,9.0,17.01499999999933,4.999900869844258,0.2852249861431155,0.21338704529476082,1.4701892191929276,0.06549025564628741,0.058807568768482435
17.03499999999933,9.0,17.03499999999933,4.999900869845201,0.2852249861437606,0.2133870603089345,1.4701892342383676,0.06549025636623318,0.05880756936950826
17.05499999999933,9.0,17.05499999999933,4.999900869846145,0.28522498614384273,0.21338707531080714,1.4701892492280149,0.06549025702430056,0.058807569969094184
17.074999999999328,9.0,17.074999999999328,4.999900869847093,0.2852249861440618,0.21338709035656553,1.470189264272034,0.06549025771188854,0.05880757057086615
17.094999999999324,9.0,17.094999999999324,4.999900869848037,0.2852249861437476,0.21338710543581477,1.470189279351261,0.06549025840251033,0.058807571174062
17.114999999999327,9.0,17.114999999999327,4.99990086984899,0.28522498614434133,0.21338712054683429,1.4701892944618085,0.0654902591012122,0.05880757177924908
17.134999999999323,9.0,17.134999999999323,4.999900869849942,0.2852249861447943,0.21338713569918522,1.4701893096232848,0.06549025978244694,0.058807572384161746
17.154999999999323,9.0,17.154999999999323,4.999900869850897,0.28522498614426617,0.21338715085349322,1.4701893247560125,0.06549026047594708,0.05880757299180142
17.155999999999324,9.0,17.155999999999324,4.99990086985095,0.2852249861447702,0.21338715163741281,1.4701893255598153,0.06549026027662319,0.0588075730115603
17.171999999999326,9.0,17.171999999999326,4.999900869851715,0.28522498614516817,0.213387163762147,1.4701893376528363,0.06549026104358435,0.05880757350726747
17.191999999999325,9.0,17.191999999999325,4.999900869852667,0.28522498614556074,0.21338717902423074,1.4701893529368346,0.06549026176717576,0.05880757411749056
17.211999999999325,9.0,17.211999999999325,4.999900869853625,0.2852249861449558,0.21338719430063546,1.4701893682232126,0.06549026247598166,0.05880757472969781
17.231999999999324,9.0,17.231999999999324,4.99990086985459,0.28522498614591574,0.2133872095977571,1.4701893835175437,0.06549026314439077,0.0588075753399261
17.251999999999324,9.0,17.251999999999324,4.999900869855552,0.2852249861463463,0.21338722490831546,1.4701893988067063,0.06549026383179268,0.0588075759522807
17.27199999999932,9.0,17.27199999999932,4.99990086985652,0.2852249861456876,0.2133872402848022,1.4701894141951575,0.06549026456673324,0.05880757656854907
17.29199999999932,9.0,17.29199999999932,4.999900869857489,0.28522498614648406,0.2133872556886363,1.4701894296086602,0.06549026526496315,0.05880757718435586
17.311999999999323,9.0,17.311999999999323,4.99990086985846,0.28522498614652897,0.21338727110428285,1.4701894450116235,0.06549026594873952,0.05880757780047184
17.33199999999932,9.0,17.33199999999932,4.99990086985943,0.28522498614654646,0.21338728656402253,1.470189460471055,0.06549026664983126,0.058807578418085406
17.351999999999318,9.0,17.351999999999318,4.9999008698604035,0.2852249861466833,0.21338730204646184,1.4701894759440126,0.06549026735843677,0.058807579037766386
17.371999999999318,9.0,17.371999999999318,4.999900869861382,0.28522498614685177,0.21338731758131013,1.4701894914895521,0.06549026808308533,0.05880757965960096
17.391999999999317,9.0,17.391999999999317,4.999900869862359,0.28522498614705405,0.21338733313537805,1.470189507042434,0.06549026878525688,0.05880758028169659
17.411999999999317,9.0,17.411999999999317,4.999900869863339,0.28522498614710495,0.21338734872203327,1.4701895226274793,0.06549026950218406,0.058807580905862675
17.412999999999318,9.0,17.412999999999318,4.999900869863397,0.28522498614663305,0.21338734947357915,1.4701895233552726,0.06549026939211555,0.05880758093059727
17.428999999999313,9.0,17.428999999999313,4.9999008698641845,0.28522498614800795,0.2133873620200293,1.4701895359427835,0.06549027016189135,0.058807581438847435
17.448999999999312,9.0,17.448999999999312,4.99990086986516,0.28522498614771663,0.21338737764651347,1.470189551555474,0.06549027081676417,0.0588075820622185
17.468999999999312,9.0,17.468999999999312,4.999900869866144,0.2852249861474157,0.21338739332933396,1.470189567241623,0.06549027152207187,0.0588075826888778
17.48899999999931,9.0,17.48899999999931,4.999900869867131,0.28522498614822656,0.21338740901932401,1.4701895829106366,0.06549027223329573,0.05880758331721239
17.508999999999308,9.0,17.508999999999308,4.999900869868121,0.28522498614829467,0.21338742478327366,1.4701895986957374,0.06549027296500165,0.05880758394706847
17.528999999999307,9.0,17.528999999999307,4.999900869869111,0.28522498614864156,0.2133874405365601,1.470189614427835,0.06549027366320703,0.05880758457712732
17.54899999999931,9.0,17.54899999999931,4.999900869870105,0.2852249861485271,0.21338745635351902,1.4701896302550876,0.0654902744030651,0.05880758521020765
17.568999999999306,9.0,17.568999999999306,4.999900869871099,0.2852249861492841,0.21338747219092524,1.4701896460919888,0.06549027512057726,0.0588075858436721
17.588999999999306,9.0,17.588999999999306,4.999900869872096,0.28522498614909453,0.21338748806011715,1.4701896619597639,0.06549027585019207,0.05880758647913993
17.608999999999305,9.0,17.608999999999305,4.999900869873094,0.28522498614929465,0.21338750397035713,1.4701896778789432,0.06549027656489315,0.058807587114367926
17.628999999999305,9.0,17.628999999999305,4.999900869874098,0.2852249861495594,0.21338751988247734,1.470189693769457,0.06549027727385615,0.05880758775076023
17.648999999999305,9.0,17.648999999999305,4.999900869875099,0.285224986149956,0.21338753585892936,1.4701897097570018,0.06549027803304908,0.058807588391049846
17.6689999999993,9.0,17.6689999999993,4.999900869876105,0.2852249861506704,0.2133875518649161,1.470189725772424,0.06549027874000746,0.058807589029364456
17.669999999999305,9.0,17.669999999999305,4.9999008698761624,0.2852249861495992,0.21338755248560373,1.4701897262438002,0.06549027847822386,0.058807589049744174
17.685999999999307,9.0,17.685999999999307,4.999900869876971,0.285224986151302,0.2133875655881245,1.4701897395602672,0.06549027962249787,0.058807589583565
17.705999999999303,9.0,17.705999999999303,4.99990086987797,0.2852249861514267,0.2133875815572329,1.4701897554823646,0.06549028014797342,0.05880759021928797
17.725999999999303,9.0,17.725999999999303,4.99990086987898,0.28522498615100333,0.21338759762679088,1.470189771531344,0.06549028082830222,0.05880759086124341
17.745999999999306,9.0,17.745999999999306,4.999900869879993,0.2852249861513916,0.21338761373250345,1.4701897876234717,0.06549028154963976,0.058807591504934954
17.765999999999302,9.0,17.765999999999302,4.999900869881009,0.2852249861513203,0.2133876298846292,1.4701898037768804,0.06549028229669984,0.05880759215106576
17.7859999999993,9.0,17.7859999999993,4.999900869882024,0.2852249861514583,0.21338764606659527,1.4701898199595687,0.06549028304594384,0.05880759279917365
17.8059999999993,9.0,17.8059999999993,4.999900869883042,0.2852249861520484,0.21338766228908074,1.4701898361912102,0.06549028378335076,0.05880759344765257
17.8259999999993,9.0,17.8259999999993,4.999900869884063,0.2852249861523075,0.21338767852279947,1.4701898524129333,0.06549028450529082,0.05880759409650106
17.8459999999993,9.0,17.8459999999993,4.999900869885083,0.28522498615230174,0.2133876947987777,1.4701898686888117,0.06549028525165024,0.05880759474756486
17.865999999999296,9.0,17.865999999999296,4.999900869886108,0.28522498615285574,0.21338771110645,1.4701898849966581,0.06549028598681905,0.058807595399092576
17.8859999999993,9.0,17.8859999999993,4.999900869887135,0.28522498615289793,0.213387727435976,1.4701899013158963,0.06549028673043333,0.05880759605262728
17.9059999999993,9.0,17.9059999999993,4.9999008698881635,0.28522498615372066,0.2133877438170369,1.4701899177074553,0.06549028750094787,0.058807596709067565
17.925999999999295,9.0,17.925999999999295,4.999900869889193,0.28522498615345626,0.21338776022712816,1.4701899341260403,0.06549028823200609,0.05880759736426593
17.926999999999296,9.0,17.926999999999296,4.9999008698892515,0.2852249861531272,0.21338776091717374,1.470189934707774,0.06549028813505098,0.058807597391919264
17.94299999999929,9.0,17.94299999999929,4.999900869890078,0.2852249861542739,0.213387774281682,1.4701899482435996,0.06549028905847498,0.05880759792977397
17.96299999999929,9.0,17.96299999999929,4.999900869891107,0.2852249861541664,0.21338779064689917,1.4701899645426322,0.06549028962662984,0.05880759858171653
17.982999999999294,9.0,17.982999999999294,4.999900869892139,0.2852249861540896,0.21338780714031683,1.470189981035622,0.06549029036068321,0.058807599240666225
18.00299999999929,9.0,18.00299999999929,4.999900869893176,0.28522498615459757,0.2133878236412374,1.4701899975151438,0.06549029109775706,0.05880759990061746
18.02299999999929,9.0,18.02299999999929,4.999900869894215,0.285224986154862,0.2133878402069903,1.4701900140923372,0.06549029187502198,0.058807600563684385
18.04299999999929,9.0,18.04299999999929,4.999900869895259,0.28522498615506386,0.21338785679091177,1.4701900306760507,0.06549029262572659,0.0588076012270272
18.06299999999929,9.0,18.06299999999929,4.999900869896299,0.28522498615507336,0.21338787340463253,1.4701900472883147,0.0654902933877457,0.058807601892313634
18.082999999999288,9.0,18.082999999999288,4.999900869897346,0.2852249861556173,0.21338789006046846,1.4701900639529362,0.06549029414468144,0.058807602558117296
18.102999999999284,9.0,18.102999999999284,4.999900869898392,0.2852249861558883,0.21338790672598498,1.4701900806066441,0.06549029488612135,0.05880760322425938
18.122999999999287,9.0,18.122999999999287,4.999900869899441,0.2852249861562662,0.21338792343508747,1.4701900973155844,0.06549029564306064,0.05880760389185594
18.142999999999287,9.0,18.142999999999287,4.999900869900494,0.28522498615654296,0.21338794016559132,1.4701901140365623,0.06549029640673909,0.05880760456146921
18.162999999999283,9.0,18.162999999999283,4.999900869901544,0.28522498615678044,0.2133879569463982,1.4701901308280172,0.06549029719479993,0.058807605233901265
18.182999999999282,9.0,18.182999999999282,4.999900869902602,0.28522498615667075,0.21338797375572457,1.4701901476458215,0.06549029794299233,0.058807605905051234
18.183999999999283,9.0,18.183999999999283,4.9999008699026595,0.2852249861567965,0.2133879744660078,1.4701901482476518,0.06549029776075854,0.05880760592990643
18.199999999999285,9.0,18.199999999999285,4.999900869903504,0.28522498615714376,0.21338798813647844,1.4701901620750866,0.06549029878457802,0.05880760648414458
18.219999999999285,9.0,18.219999999999285,4.999900869904556,0.2852249861578053,0.2133880049257306,1.4701901788240535,0.06549029937977724,0.058807607152170246
18.239999999999284,9.0,18.239999999999284,4.9999008699056136,0.28522498615762676,0.21338802179602503,1.4701901956725472,0.06549030012595436,0.05880760782767462
18.259999999999284,9.0,18.259999999999284,4.9999008699066785,0.2852249861576927,0.21338803872476894,1.4701902126098454,0.06549030089963015,0.05880760850438349
18.279999999999283,9.0,18.279999999999283,4.9999008699077425,0.28522498615807396,0.21338805566407423,1.470190229538347,0.06549030163853531,0.0588076091799782
18.29999999999928,9.0,18.29999999999928,4.999900869908807,0.2852249861583721,0.21338807262685086,1.4701902464817465,0.06549030242593934,0.058807609860022945
18.319999999999283,9.0,18.319999999999283,4.999900869909877,0.2852249861585134,0.2133880896700349,1.4701902635572859,0.06549030323503713,0.05880761054231279
18.33999999999928,9.0,18.33999999999928,4.999900869910945,0.2852249861585716,0.21338810669923997,1.4701902805736031,0.0654903039803666,0.058807611222941314
18.35999999999928,9.0,18.35999999999928,4.999900869912016,0.28522498615925146,0.21338812377060098,1.4701902976429686,0.06549030475676343,0.058807611905722264
18.379999999999278,9.0,18.379999999999278,4.99990086991309,0.28522498615921243,0.21338814087387312,1.4701903147461273,0.06549030553597901,0.05880761258981094
18.399999999999277,9.0,18.399999999999277,4.999900869914167,0.2852249861595153,0.213388158006782,1.470190331878554,0.06549030631495412,0.058807613275124904
18.419999999999277,9.0,18.419999999999277,4.999900869915245,0.28522498615954855,0.21338817516975894,1.4701903490408157,0.06549030709465342,0.05880761396163389
18.439999999999277,9.0,18.439999999999277,4.999900869916323,0.2852249861599886,0.21338819236367448,1.4701903662339872,0.06549030788481924,0.05880761465011933
18.440999999999278,9.0,18.440999999999278,4.999900869916382,0.2852249861597114,0.21338819319568073,1.4701903670421854,0.06549030769181896,0.058807614674456596
18.456999999999272,9.0,18.456999999999272,4.999900869917247,0.2852249861600702,0.21338820701116903,1.470190380884525,0.065490308604369,0.05880761523769639
18.476999999999272,9.0,18.476999999999272,4.999900869918327,0.2852249861606512,0.21338822426691284,1.4701903981521465,0.06549030932947064,0.05880761592450071
18.49699999999927,9.0,18.49699999999927,4.999900869919405,0.2852249861607167,0.21338824152061617,1.4701904153780947,0.06549031010055317,0.0588076166158843
18.51699999999927,9.0,18.51699999999927,4.999900869920492,0.28522498616079833,0.21338825885148305,1.4701904327291642,0.0654903109084417,0.058807617309136404
18.536999999999267,9.0,18.536999999999267,4.999900869921582,0.2852249861610617,0.21338827618017187,1.4701904500463856,0.06549031167646147,0.058807618001841096
18.55699999999927,9.0,18.55699999999927,4.999900869922672,0.28522498616130026,0.21338829354996666,1.4701904674153035,0.06549031247794646,0.05880761869737231
18.576999999999266,9.0,18.576999999999266,4.9999008699237635,0.2852249861615296,0.2133883109596608,1.4701904848347667,0.06549031327047183,0.058807619393401886
18.596999999999266,9.0,18.596999999999266,4.999900869924857,0.2852249861619393,0.2133883283785624,1.4701905022418666,0.06549031403618,0.05880762008892084
18.616999999999265,9.0,18.616999999999265,4.999900869925951,0.2852249861621323,0.21338834582982164,1.4701905196832137,0.06549031484353651,0.05880762078809516
18.636999999999265,9.0,18.636999999999265,4.999900869927049,0.2852249861621578,0.21338836334059305,1.4701905372150799,0.06549031565655794,0.05880762148860497
18.656999999999265,9.0,18.656999999999265,4.9999008699281475,0.28522498616289016,0.21338838084770487,1.470190554709872,0.06549031641081793,0.058807622186879634
18.676999999999264,9.0,18.676999999999264,4.999900869929252,0.2852249861629613,0.21338839837723958,1.4701905722188122,0.06549031721938181,0.058807622889536455
18.696999999999264,9.0,18.696999999999264,4.9999008699303555,0.285224986163144,0.2133884159884028,1.4701905898621168,0.06549031806263594,0.05880762359526287
18.697999999999265,9.0,18.697999999999265,4.999900869930419,0.2852249861627328,0.21338841683557216,1.4701905906827566,0.06549031794808591,0.05880762362369014
18.713999999999263,9.0,18.713999999999263,4.999900869931301,0.285224986163372,0.21338843096002105,1.4701906048339883,0.06549031875788192,0.05880762419450462
18.733999999999263,9.0,18.733999999999263,4.999900869932398,0.2852249861638063,0.21338844857588665,1.4701906224384922,0.0654903195095422,0.058807624897555186
18.753999999999266,9.0,18.753999999999266,4.999900869933508,0.28522498616347347,0.2133884662448326,1.4701906401126048,0.06549032032472002,0.058807625605274326
18.773999999999262,9.0,18.773999999999262,4.999900869934616,0.28522498616454933,0.21338848393577997,1.470190657802256,0.06549032109528552,0.05880762631055857
18.79399999999926,9.0,18.79399999999926,4.99990086993573,0.28522498616422853,0.21338850162796913,1.4701906754637988,0.06549032188882631,0.05880762701855687
18.81399999999926,9.0,18.81399999999926,4.999900869936841,0.2852249861647795,0.2133885194028029,1.4701906932617324,0.06549032273620048,0.05880762773047321
18.83399999999926,9.0,18.83399999999926,4.999900869937959,0.28522498616497977,0.21338853718196976,1.4701907110401338,0.06549032354206263,0.05880762844236708
18.85399999999926,9.0,18.85399999999926,4.999900869939075,0.28522498616478575,0.2133885549987006,1.4701907288641616,0.06549032433543656,0.05880762915380771
18.873999999999256,9.0,18.873999999999256,4.999900869940197,0.2852249861650119,0.21338857281611587,1.4701907466595527,0.06549032512737629,0.05880762986636766
18.89399999999926,9.0,18.89399999999926,4.999900869941316,0.28522498616573255,0.213388590694918,1.4701907645494625,0.06549032597030291,0.058807630582755684
18.91399999999926,9.0,18.91399999999926,4.9999008699424365,0.2852249861658096,0.21338860860070413,1.4701907824646234,0.06549032677907118,0.05880763129860975
18.933999999999255,9.0,18.933999999999255,4.999900869943566,0.28522498616601144,0.2133886265140986,1.47019080036535,0.06549032757276163,0.05880763201464787
18.953999999999255,9.0,18.953999999999255,4.999900869944691,0.28522498616644354,0.2133886444682967,1.4701908183191823,0.06549032838308944,0.05880763273201721
18.954999999999256,9.0,18.954999999999256,4.999900869944753,0.28522498616570424,0.2133886452399339,1.4701908189853445,0.06549032829722057,0.058807632763035037
18.97099999999925,9.0,18.97099999999925,4.999900869945658,0.2852249861668088,0.21338865985790326,1.4701908337883054,0.06549032929416243,0.05880763335150709
18.990999999999254,9.0,18.990999999999254,4.9999008699467815,0.28522498616650105,0.21338867776750292,1.4701908516287423,0.06549032990860126,0.05880763406437049
19.01099999999925,9.0,19.01099999999925,4.999900869947911,0.2852249861669817,0.2133886957955449,1.4701908696446369,0.06549033072530941,0.05880763478655788
19.03099999999925,9.0,19.03099999999925,4.999900869949042,0.28522498616672426,0.21338871386897484,1.4701908877271272,0.06549033154712047,0.05880763550908477
19.05099999999925,9.0,19.05099999999925,4.999900869950177,0.2852249861678734,0.21338873195174446,1.47019090579843,0.06549033235279289,0.05880763623192154
19.07099999999925,9.0,19.07099999999925,4.999900869951313,0.28522498616714526,0.2133887500735341,1.4701909239202284,0.06549033318050335,0.05880763695682502
19.090999999999248,9.0,19.090999999999248,4.999900869952454,0.28522498616789416,0.2133887682245224,1.4701909420713208,0.06549033398728266,0.0588076376813072
19.110999999999244,9.0,19.110999999999244,4.999900869953592,0.28522498616799835,0.21338878638369466,1.4701909602104413,0.06549033482003064,0.05880763840918652
19.130999999999247,9.0,19.130999999999247,4.999900869954738,0.28522498616830894,0.21338880462204177,1.4701909784801273,0.06549033567839213,0.0588076391391927
19.150999999999247,9.0,19.150999999999247,4.999900869955883,0.28522498616885933,0.21338882284374341,1.4701909966888063,0.06549033647575375,0.05880763986753497
19.170999999999243,9.0,19.170999999999243,4.999900869957024,0.28522498616818226,0.21338884110547063,1.4701910149485165,0.06549033731331544,0.058807640598692375
19.190999999999242,9.0,19.190999999999242,4.999900869958173,0.28522498616929504,0.21338885940635582,1.4701910332589965,0.06549033814505201,0.0588076413303546
19.210999999999242,9.0,19.210999999999242,4.999900869959323,0.2852249861689207,0.21338887771356785,1.4701910515545258,0.06549033894054002,0.05880764206065484
19.211999999999243,9.0,19.211999999999243,4.999900869959387,0.2852249861688184,0.2133888784540623,1.4701910521485813,0.06549033886503208,0.05880764209317418
19.227999999999245,9.0,19.227999999999245,4.999900869960311,0.2852249861694163,0.21338889345309164,1.4701910674042424,0.06549033995913467,0.05880764269616317
19.247999999999244,9.0,19.247999999999244,4.999900869961456,0.28522498616968683,0.21338891169311905,1.4701910855527915,0.06549034051979108,0.05880764342131153
19.267999999999244,9.0,19.267999999999244,4.999900869962608,0.2852249861700334,0.21338893007526397,1.4701911039143665,0.0654903413284903,0.05880764415658844
19.287999999999244,9.0,19.287999999999244,4.999900869963764,0.2852249861703096,0.21338894850131215,1.470191122339593,0.06549034216899718,0.05880764489357564
19.30799999999924,9.0,19.30799999999924,4.999900869964921,0.28522498617021563,0.21338896695531936,1.470191140793921,0.06549034301782009,0.05880764563252971
19.327999999999243,9.0,19.327999999999243,4.999900869966084,0.28522498617074976,0.21338898544640933,1.4701911592942016,0.0654903438552431,0.05880764637174824
19.347999999999242,9.0,19.347999999999242,4.999900869967242,0.285224986170515,0.21338900394363616,1.4701911777795245,0.06549034465795889,0.05880764710962149
19.36799999999924,9.0,19.36799999999924,4.999900869968404,0.2852249861709282,0.21338902246095376,1.4701911962771184,0.06549034550294974,0.05880764785107143
19.387999999999238,9.0,19.387999999999238,4.999900869969572,0.2852249861713769,0.2133890410468843,1.4701912148855893,0.06549034638868967,0.05880764859618294
19.407999999999237,9.0,19.407999999999237,4.999900869970737,0.28522498617170017,0.2133890596449071,1.470191233491637,0.0654903472182844,0.05880764933964718
19.427999999999237,9.0,19.427999999999237,4.999900869971903,0.2852249861718233,0.21338907824953351,1.470191252082455,0.06549034803930454,0.05880765008329461
19.447999999999237,9.0,19.447999999999237,4.999900869973073,0.2852249861715305,0.2133890968944511,1.4701912707268836,0.06549034888933392,0.05880765082906706
19.467999999999236,9.0,19.467999999999236,4.999900869974244,0.28522498617215175,0.2133891155664424,1.4701912893991096,0.06549034974683121,0.05880765157673908
19.468999999999237,9.0,19.468999999999237,4.9999008699743115,0.2852249861717077,0.2133891164723313,1.4701912902812349,0.0654903496432937,0.058807651607625105
19.484999999999232,9.0,19.484999999999232,4.99990086997525,0.28522498617286435,0.21338913148244476,1.4701913053327227,0.0654903505207689,0.058807652214461215
19.50499999999923,9.0,19.50499999999923,4.99990086997642,0.2852249861732407,0.2133891501836599,1.4701913240198887,0.06549035129014924,0.05880765295921073
19.52499999999923,9.0,19.52499999999923,4.999900869977593,0.2852249861726894,0.21338916891651077,1.4701913427364677,0.06549035215801025,0.058807653711021424
19.544999999999227,9.0,19.544999999999227,4.999900869978771,0.28522498617326725,0.21338918772248552,1.4701913615729447,0.06549035302762662,0.058807654462915714
19.56499999999923,9.0,19.56499999999923,4.999900869979954,0.2852249861734574,0.2133892065007926,1.4701913803279294,0.06549035383009028,0.05880765521231597
19.58499999999923,9.0,19.58499999999923,4.999900869981133,0.28522498617346226,0.21338922531894208,1.4701913991358095,0.06549035469140907,0.05880765596544757
19.604999999999226,9.0,19.604999999999226,4.999900869982315,0.285224986174068,0.21338924418617458,1.4701914180150562,0.06549035557581806,0.05880765672138805
19.624999999999226,9.0,19.624999999999226,4.9999008699835,0.28522498617390246,0.21338926307549635,1.4701914369132008,0.06549035641462941,0.058807657475745956
19.644999999999225,9.0,19.644999999999225,4.999900869984687,0.28522498617447467,0.21338928196061352,1.470191455775652,0.06549035725906127,0.05880765823178439
19.664999999999225,9.0,19.664999999999225,4.999900869985876,0.28522498617440595,0.2133893009141561,1.4701914747497085,0.06549035812899107,0.058807658989226866
19.684999999999224,9.0,19.684999999999224,4.999900869987067,0.285224986175065,0.21338931985248347,1.470191493666751,0.06549035896665745,0.058807659746667316
19.704999999999224,9.0,19.704999999999224,4.999900869988257,0.2852249861747533,0.21338933884839564,1.4701915126729261,0.06549035985476148,0.058807660507692705
19.724999999999223,9.0,19.724999999999223,4.999900869989449,0.2852249861754665,0.21338935786828755,1.4701915317019534,0.06549036071078329,0.05880766126808227
19.72599999999922,9.0,19.72599999999922,4.999900869989516,0.2852249861748062,0.213389358738273,1.4701915325044994,0.06549036052398605,0.05880766129656412
19.741999999999223,9.0,19.741999999999223,4.999900869990474,0.28522498617604863,0.2133893740838945,1.4701915479358558,0.06549036154477217,0.05880766191855008
19.761999999999226,9.0,19.761999999999226,4.999900869991661,0.2852249861758119,0.21338939310688507,1.4701915669409822,0.0654903623056291,0.058807662676840365
19.781999999999222,9.0,19.781999999999222,4.999900869992855,0.28522498617583386,0.21338941217969837,1.4701915860003365,0.06549036316990131,0.05880766344153434
19.80199999999922,9.0,19.80199999999922,4.999900869994057,0.2852249861759333,0.21338943130761082,1.4701916051465664,0.06549036401753994,0.058807664204325
19.82199999999922,9.0,19.82199999999922,4.999900869995257,0.28522498617648206,0.21338945040130772,1.4701916241981572,0.06549036485103576,0.05880766496794099
19.84199999999922,9.0,19.84199999999922,4.999900869996462,0.28522498617656894,0.2133894695860331,1.4701916434057376,0.0654903657722471,0.058807665736988764
19.86199999999922,9.0,19.86199999999922,4.999900869997664,0.2852249861770939,0.2133894887813227,1.4701916626107394,0.06549036663254204,0.05880766650442329
19.88199999999922,9.0,19.88199999999922,4.99990086999887,0.28522498617670466,0.21338950797905892,1.470191681794965,0.06549036747845305,0.05880766727179851
19.90199999999922,9.0,19.90199999999922,4.999900870000076,0.28522498617739656,0.21338952721517074,1.4701917010304664,0.06549036835327282,0.058807668041217856
19.92199999999922,9.0,19.92199999999922,4.999900870001284,0.28522498617724396,0.2133895464764844,1.4701917202919916,0.06549036922655582,0.058807668811672376
19.941999999999215,9.0,19.941999999999215,4.999900870002498,0.2852249861782233,0.2133895657627554,1.4701917395776507,0.06549037009853587,0.05880766958310419
19.961999999999215,9.0,19.961999999999215,4.999900870003709,0.28522498617818115,0.21338958507352268,1.4701917588876048,0.06549037096138433,0.05880767035470558
19.981999999999218,9.0,19.981999999999218,4.9999008700049234,0.2852249861782834,0.21338960439832894,1.4701917782019347,0.06549037183457074,0.05880767112806787
19.982999999999215,9.0,19.982999999999215,4.999900870004988,0.2852249861778941,0.2133896052908032,1.4701917790321808,0.065490371661441,0.05880767115767598
19.998999999999214,9.0,19.998999999999214,4.999900870005961,0.28522498617848596,0.2133896209147755,1.4701917947654672,0.0654903727253513,0.05880767179178066
20.01899999999921,9.0,20.01899999999921,4.999900870007173,0.2852249861786459,0.2133896402558027,1.4701918140832038,0.06549037349819176,0.058807672564121456
20.038999999999213,9.0,20.038999999999213,4.999900870008392,0.285224986178843,0.21338965966576015,1.4701918334960098,0.06549037435090954,0.05880767333982947
20.05899999999921,9.0,20.05899999999921,4.999900870009611,0.28522498617898256,0.2133896790722492,1.470191852878618,0.06549037519795797,0.058807674115139985
20.07899999999921,9.0,20.07899999999921,4.9999008700108325,0.2852249861793332,0.21338969852758788,1.4701918723350105,0.06549037609182107,0.05880767489342005
20.098999999999204,9.0,20.098999999999204,4.999900870012053,0.2852249861796303,0.2133897180067422,1.4701918918154055,0.0654903769769406,0.05880767567262759
20.118999999999208,9.0,20.118999999999208,4.999900870013279,0.285224986179412,0.21338973750824253,1.470191911316426,0.0654903778478203,0.05880767645187821
20.138999999999207,9.0,20.138999999999207,4.999900870014507,0.2852249861797346,0.21338975702441437,1.470191930821952,0.06549037872885166,0.05880767723286533
20.158999999999203,9.0,20.158999999999203,4.9999008700157335,0.2852249861801227,0.21338977658465616,1.4701919503926177,0.06549037962808169,0.058807678015696814
20.178999999999206,9.0,20.178999999999206,4.999900870016962,0.2852249861800185,0.21338979615680265,1.4701919699634236,0.06549038051483824,0.05880767879929016
20.198999999999202,9.0,20.198999999999202,4.999900870018194,0.2852249861807089,0.21338981576158375,1.470191989576273,0.06549038139719132,0.058807679583059776
20.218999999999202,9.0,20.218999999999202,4.9999008700194265,0.28522498618135883,0.21338983537050493,1.4701920091730614,0.06549038226602466,0.05880768036690005
20.2389999999992,9.0,20.2389999999992,4.9999008700206575,0.2852249861814932,0.21338985501445312,1.4701920288168346,0.06549038315010092,0.058807681151910665
20.2399999999992,9.0,20.2399999999992,4.999900870020725,0.2852249861804472,0.21338985586975237,1.4701920295668707,0.06549038298116239,0.05880768118268717
20.255999999999204,9.0,20.255999999999204,4.999900870021717,0.285224986181597,0.2133898718203245,1.4701920456875583,0.0654903841224137,0.058807681828660856
20.275999999999208,9.0,20.275999999999208,4.999900870022946,0.2852249861819375,0.2133898914358078,1.4701920652597995,0.06549038484727576,0.05880768261117153
20.295999999999204,9.0,20.295999999999204,4.999900870024183,0.2852249861817039,0.21338991114363448,1.4701920849634258,0.06549038568305621,0.05880768339698902
20.3159999999992,9.0,20.3159999999992,4.9999008700254235,0.2852249861822197,0.21338993083425958,1.4701921046106992,0.06549038654539752,0.058807684184427444
20.335999999999203,9.0,20.335999999999203,4.999900870026663,0.2852249861822143,0.21338995061434063,1.4701921244147056,0.06549038749622249,0.058807684977365375
20.355999999999202,9.0,20.355999999999202,4.999900870027907,0.28522498618273906,0.21338997040198363,1.470192144212382,0.0654903883823168,0.05880768576850133
20.3759999999992,9.0,20.3759999999992,4.999900870029148,0.28522498618288317,0.21338999018993626,1.470192163986808,0.06549038926233441,0.058807686560247645
20.395999999999198,9.0,20.395999999999198,4.999900870030394,0.285224986182865,0.21339001002279379,1.4701921838287542,0.06549039014357216,0.058807687351616914
20.4159999999992,9.0,20.4159999999992,4.9999008700316425,0.285224986183423,0.2133900298395715,1.4701922036149748,0.06549039102489473,0.058807688144582856
20.435999999999197,9.0,20.435999999999197,4.999900870032889,0.28522498618388165,0.2133900497303963,1.4701922235281986,0.0654903919606521,0.058807688941123495
20.455999999999193,9.0,20.455999999999193,4.999900870034139,0.2852249861836066,0.21339006961937834,1.470192243416165,0.06549039285700198,0.05880768973740892
20.475999999999196,9.0,20.475999999999196,4.99990087003539,0.28522498618407693,0.21339008953945507,1.470192263343488,0.06549039374977839,0.058807690533723214
20.495999999999196,9.0,20.495999999999196,4.999900870036647,0.28522498618466896,0.2133901094624957,1.4701922832542182,0.06549039463193229,0.0588076913301499
20.496999999999197,9.0,20.496999999999197,4.999900870036713,0.2852249861836471,0.21339011038163702,1.4701922841090544,0.06549039454159611,0.05880769136436523
20.51299999999919,9.0,20.51299999999919,4.999900870037713,0.2852249861850687,0.21339012648868308,1.470192300329868,0.06549039553214708,0.05880769201320009
20.532999999999188,9.0,20.532999999999188,4.999900870038965,0.2852249861849306,0.21339014639967901,1.4701923201944453,0.06549039631232645,0.05880769280780539
20.55299999999919,9.0,20.55299999999919,4.99990087004022,0.2852249861849817,0.21339016640456412,1.4701923402053776,0.0654903972258235,0.05880769360899378
20.57299999999919,9.0,20.57299999999919,4.9999008700414755,0.28522498618552045,0.21339018642073826,1.4701923602193578,0.06549039809295243,0.05880769440724062
20.592999999999186,9.0,20.592999999999186,4.999900870042737,0.28522498618517456,0.21339020642967182,1.4701923801973364,0.06549039898502695,0.05880769520789986
20.61299999999919,9.0,20.61299999999919,4.999900870043996,0.2852249861860872,0.21339022651407155,1.4701924003047473,0.0654903999408174,0.0588076960129645
20.632999999999186,9.0,20.632999999999186,4.99990087004526,0.2852249861858127,0.21339024660448694,1.4701924204040917,0.06549040084561497,0.05880769681693541
20.652999999999185,9.0,20.652999999999185,4.999900870046525,0.2852249861862255,0.2133902667035842,1.4701924404992732,0.0654904017200022,0.058807697619198025
20.672999999999185,9.0,20.672999999999185,4.9999008700477905,0.285224986186488,0.21339028680704505,1.4701924605811787,0.06549040261567451,0.05880769842323435
20.692999999999184,9.0,20.692999999999184,4.999900870049057,0.28522498618706194,0.2133903069642002,1.4701924807502487,0.06549040354018343,0.05880769922923286
20.712999999999184,9.0,20.712999999999184,4.999900870050323,0.28522498618692854,0.21339032711997308,1.4701925008960341,0.06549040444545906,0.05880770003583506
20.732999999999183,9.0,20.732999999999183,4.999900870051592,0.2852249861865188,0.21339034731513648,1.4701925211008653,0.06549040537775153,0.05880770084481914
20.752999999999183,9.0,20.752999999999183,4.9999008700528655,0.285224986187559,0.21339036752974047,1.4701925413236132,0.06549040628185754,0.05880770165294823
20.753999999999184,9.0,20.753999999999184,4.999900870052934,0.2852249861869818,0.21339036845926554,1.4701925421857365,0.06549040618404312,0.058807701687425336
20.769999999999182,9.0,20.769999999999182,4.99990087005395,0.28522498618787173,0.21339038477061087,1.4701925585970446,0.0654904071589737,0.058807702343872795
20.789999999999186,9.0,20.789999999999186,4.999900870055221,0.28522498618789077,0.213390404953589,1.4701925787363255,0.06549040796041694,0.058807703149430283
20.80999999999918,9.0,20.80999999999918,4.999900870056493,0.28522498618789466,0.21339042522744622,1.4701925990180638,0.06549040888008784,0.058807703960712755
20.82999999999918,9.0,20.82999999999918,4.9999008700577665,0.2852249861884714,0.21339044549989153,1.470192619278767,0.06549040978526033,0.05880770477191837
20.849999999999184,9.0,20.849999999999184,4.999900870059044,0.28522498618816683,0.213390465813025,1.470192639601272,0.06549041068694628,0.05880770558253188
20.86999999999918,9.0,20.86999999999918,4.999900870060322,0.2852249861887239,0.2133904861073628,1.4701926598649724,0.06549041158787028,0.05880770639459829
20.889999999999176,9.0,20.889999999999176,4.9999008700616,0.2852249861885749,0.2133905064739062,1.4701926802538305,0.0654904125431981,0.05880770721012391
20.90999999999918,9.0,20.90999999999918,4.9999008700628815,0.28522498618935116,0.21339052683507617,1.4701927006140172,0.06549041345924034,0.05880770802532074
20.92999999999918,9.0,20.92999999999918,4.999900870064164,0.2852249861892227,0.21339054722447312,1.4701927210106451,0.06549041438046455,0.058807708841173326
20.949999999999175,9.0,20.949999999999175,4.999900870065449,0.2852249861894875,0.2133905676235249,1.470192741407072,0.06549041527327792,0.05880770965552464
20.969999999999178,9.0,20.969999999999178,4.999900870066731,0.28522498618948045,0.21339058802353483,1.4701927617860058,0.06549041617278573,0.058807710470668545
20.989999999999178,9.0,20.989999999999178,4.999900870068018,0.28522498618985037,0.21339060846622399,1.4701927822308447,0.06549041711845949,0.05880771128923483
21.009999999999174,9.0,21.009999999999174,4.999900870069305,0.2852249861898248,0.21339062893531827,1.4701928027108795,0.06549041805230515,0.058807712108434176
21.010999999999175,9.0,21.010999999999175,4.999900870069375,0.28522498618980213,0.21339062988001253,1.4701928035904779,0.06549041795971822,0.05880771214361553
21.02699999999917,9.0,21.02699999999917,4.9999008700704115,0.28522498619091374,0.21339064640007163,1.4701928202203238,0.06549041896650598,0.05880771280997361
21.046999999999173,9.0,21.046999999999173,4.999900870071694,0.28522498619060543,0.213390666839345,1.4701928406232208,0.06549041975967906,0.058807713624928724
21.06699999999917,9.0,21.06699999999917,4.999900870072983,0.28522498619062503,0.21339068734783412,1.470192861126768,0.06549042067004518,0.058807714445075786
21.08699999999917,9.0,21.08699999999917,4.999900870074276,0.2852249861907979,0.21339070786680236,1.4701928816343863,0.0654904215833848,0.05880771526539046
21.106999999999168,9.0,21.106999999999168,4.9999008700755665,0.28522498619069386,0.21339072841626155,1.4701929021844586,0.06549042251652182,0.05880771608738059
21.126999999999168,9.0,21.126999999999168,4.999900870076863,0.2852249861915104,0.21339074898230762,1.4701929227507928,0.06549042343471234,0.05880771690926391
21.146999999999167,9.0,21.146999999999167,4.99990087007816,0.28522498619156067,0.21339076955699768,1.4701929433150205,0.06549042436058095,0.05880771773261312
21.166999999999163,9.0,21.166999999999163,4.9999008700794585,0.28522498619165865,0.21339079016967352,1.470192963938068,0.06549042530337301,0.058807718557524195
21.186999999999166,9.0,21.186999999999166,4.999900870080754,0.2852249861920012,0.2133908107881462,1.470192984555167,0.06549042623331647,0.05880771938294557
21.206999999999162,9.0,21.206999999999162,4.999900870082055,0.28522498619230024,0.2133908314338674,1.4701930052089032,0.06549042716816367,0.05880772020910496
21.226999999999162,9.0,21.226999999999162,4.999900870083359,0.28522498619242825,0.21339085208546005,1.4701930258581668,0.06549042806191696,0.058807721032799264
21.24699999999916,9.0,21.24699999999916,4.999900870084656,0.2852249861928455,0.2133908727279731,1.4701930464696975,0.06549042898082513,0.05880772185877448
21.26699999999916,9.0,21.26699999999916,4.9999008700859635,0.28522498619278347,0.21339089344069465,1.47019306720554,0.06549042995322207,0.05880772268820502
21.267999999999162,9.0,21.267999999999162,4.999900870086035,0.28522498619210185,0.21339089439667638,1.4701930680968576,0.06549042986129106,0.05880772272387492
21.283999999999168,9.0,21.283999999999168,4.999900870087076,0.28522498619338915,0.21339091110053177,1.4701930849109104,0.06549043085568451,0.058807723396431706
21.303999999999164,9.0,21.303999999999164,4.999900870088378,0.2852249861934944,0.21339093175780552,1.4701931055214679,0.06549043166433222,0.05880772422084083
21.32399999999916,9.0,21.32399999999916,4.999900870089682,0.28522498619314274,0.21339095250349827,1.4701931262735914,0.06549043261037735,0.058807725051708684
21.343999999999163,9.0,21.343999999999163,4.999900870090991,0.28522498619314635,0.21339097325496148,1.47019314702299,0.0654904335270321,0.058807725880929765
21.363999999999162,9.0,21.363999999999162,4.999900870092299,0.2852249861934939,0.21339099401448472,1.4701931677710367,0.06549043445008007,0.05880772671085463
21.38399999999916,9.0,21.38399999999916,4.999900870093609,0.28522498619423226,0.21339101480327466,1.4701931885604465,0.06549043538377264,0.05880772754163458
21.40399999999916,9.0,21.40399999999916,4.999900870094919,0.28522498619446957,0.21339103559712624,1.4701932093448473,0.06549043632073948,0.058807728373793604
21.42399999999916,9.0,21.42399999999916,4.9999008700962335,0.2852249861944875,0.2133910564272149,1.4701932301853888,0.06549043728158488,0.05880772920818397
21.443999999999157,9.0,21.443999999999157,4.999900870097546,0.28522498619472053,0.21339107727021817,1.4701932510367528,0.06549043821132416,0.05880773004149286
21.463999999999153,9.0,21.463999999999153,4.99990087009886,0.28522498619513525,0.2133910981088509,1.4701932718624366,0.06549043912839725,0.058807730874496617
21.483999999999156,9.0,21.483999999999156,4.999900870100176,0.28522498619565734,0.21339111897592755,1.4701932927291208,0.0654904400719607,0.058807731709172764
21.503999999999156,9.0,21.503999999999156,4.999900870101493,0.28522498619561376,0.21339113985875105,1.470193313612098,0.06549044100339041,0.05880773254369863
21.523999999999152,9.0,21.523999999999152,4.9999008701028105,0.28522498619567316,0.21339116074660802,1.4701933344896176,0.06549044195091636,0.058807733380333564
21.524999999999153,9.0,21.524999999999153,4.999900870102883,0.285224986195119,0.21339116176629597,1.470193335488071,0.06549044185848651,0.0588077334159118
21.54099999999916,9.0,21.54099999999916,4.999900870103942,0.2852249861952346,0.21339117855788345,1.4701933523319552,0.06549044282433458,0.05880773409443444
21.560999999999154,9.0,21.560999999999154,4.999900870105255,0.28522498619613845,0.21339119946116852,1.4701933732186216,0.06549044369514823,0.05880773492873903
21.580999999999158,9.0,21.580999999999158,4.999900870106572,0.2852249861963418,0.2133912204042992,1.4701933941634313,0.06549044463284237,0.05880773576654768
21.600999999999154,9.0,21.600999999999154,4.999900870107894,0.28522498619614217,0.2133912413488571,1.4701934150964746,0.0654904455606592,0.05880773660387481
21.620999999999153,9.0,21.620999999999153,4.999900870109218,0.2852249861966625,0.21339126232037992,1.4701934360681366,0.06549044650933844,0.05880773744270711
21.640999999999156,9.0,21.640999999999156,4.999900870110543,0.28522498619665254,0.21339128330483897,1.4701934570528064,0.06549044745371724,0.05880773828212482
21.660999999999152,9.0,21.660999999999152,4.999900870111868,0.285224986196871,0.21339130430449452,1.470193478051718,0.06549044840545248,0.05880773912283631
21.680999999999152,9.0,21.680999999999152,4.999900870113197,0.2852249861972682,0.21339132532652885,1.4701934990826928,0.06549044934794002,0.05880773996331766
21.700999999999155,9.0,21.700999999999155,4.99990087011452,0.28522498619738923,0.21339134634318546,1.4701935200872944,0.06549045026575206,0.058807740802718965
21.72099999999915,9.0,21.72099999999915,4.99990087011585,0.28522498619704045,0.21339136737541745,1.4701935411095537,0.06549045121577624,0.05880774164439043
21.740999999999147,9.0,21.740999999999147,4.99990087011718,0.2852249861977053,0.21339138844262343,1.470193562188059,0.0654904521797175,0.05880774248750527
21.760999999999147,9.0,21.760999999999147,4.999900870118509,0.2852249861980211,0.21339140951023078,1.4701935832544664,0.06549045311917234,0.05880774333019798
21.78099999999915,9.0,21.78099999999915,4.999900870119843,0.2852249861983219,0.21339143059270382,1.4701936043351318,0.06549045407123966,0.058807744174138546
21.78199999999915,9.0,21.78199999999915,4.999900870119914,0.2852249861979526,0.21339143161807617,1.4701936053368847,0.06549045388670272,0.05880774420625812
21.79799999999915,9.0,21.79799999999915,4.999900870120978,0.28522498619871156,0.21339144853183256,1.4701936222769196,0.06549045493009409,0.058807744893365
21.817999999999152,9.0,21.817999999999152,4.999900870122309,0.28522498619907144,0.21339146964514435,1.4701936434022098,0.06549045583867774,0.05880774573610035
21.83799999999915,9.0,21.83799999999915,4.999900870123641,0.28522498619833353,0.21339149075773173,1.470193664506493,0.06549045674385201,0.058807746578725305
21.857999999999148,9.0,21.857999999999148,4.999900870124975,0.28522498619910847,0.21339151186112268,1.4701936855783377,0.06549045768927453,0.058807747423912315
21.877999999999147,9.0,21.877999999999147,4.9999008701263135,0.2852249861989355,0.21339153304071992,1.4701937067908137,0.06549045868034065,0.058807748271619435
21.897999999999147,9.0,21.897999999999147,4.999900870127649,0.28522498619957326,0.21339155418762373,1.4701937279257578,0.06549045961232547,0.05880774911779279
21.917999999999147,9.0,21.917999999999147,4.999900870128987,0.2852249861994248,0.21339157536771247,1.4701937491135897,0.0654904605623916,0.058807749964552965
21.937999999999146,9.0,21.937999999999146,4.999900870130329,0.2852249862001294,0.21339159654093873,1.4701937702753898,0.06549046147914372,0.058807750809459075
21.957999999999146,9.0,21.957999999999146,4.999900870131667,0.2852249861998362,0.2133916177179951,1.47019379143295,0.06549046243575263,0.05880775165733579
21.977999999999142,9.0,21.977999999999142,4.999900870133011,0.2852249861998206,0.21339163894938332,1.4701938126867844,0.06549046342253872,0.05880775250746089
21.997999999999145,9.0,21.997999999999145,4.9999008701343515,0.2852249862008127,0.21339166016797148,1.4701938339036433,0.06549046437075234,0.058807753356895844
22.01799999999914,9.0,22.01799999999914,4.999900870135696,0.2852249862008021,0.2133916814070671,1.470193855149859,0.06549046532604752,0.058807754206756685
22.03799999999914,9.0,22.03799999999914,4.999900870137039,0.2852249861999072,0.21339170264836402,1.4701938763885145,0.06549046626170152,0.058807755055556576
22.03899999999914,9.0,22.03899999999914,4.999900870137111,0.2852249862003485,0.2133917036302072,1.4701938773033971,0.06549046616764387,0.05880775509212536
22.054999999999147,9.0,22.054999999999147,4.999900870138187,0.2852249862005548,0.2133917207672931,1.4701938945431872,0.06549046715219875,0.058807755779431016
22.074999999999143,9.0,22.074999999999143,4.999900870139528,0.28522498620132164,0.21339174195108238,1.4701939156630095,0.06549046801899039,0.05880775662733023
22.09499999999914,9.0,22.09499999999914,4.999900870140873,0.28522498620049147,0.21339176326899958,1.4701939370210904,0.06549046901203914,0.0588077574808358
22.114999999999142,9.0,22.114999999999142,4.999900870142219,0.28522498620123754,0.21339178453161628,1.4701939582597288,0.06549046991921259,0.058807758330386595
22.134999999999142,9.0,22.134999999999142,4.999900870143572,0.2852249862007423,0.21339180582905296,1.4701939795554686,0.06549047087994908,0.05880775918223308
22.154999999999138,9.0,22.154999999999138,4.999900870144916,0.2852249862012132,0.2133918271390671,1.4701940008661658,0.06549047183043799,0.05880776003386361
22.17499999999914,9.0,22.17499999999914,4.999900870146266,0.28522498620117037,0.21339184844810472,1.4701940221651044,0.06549047279483577,0.05880776088737954
22.19499999999914,9.0,22.19499999999914,4.999900870147617,0.28522498620118986,0.21339186979851824,1.4701940435355525,0.0654904737668417,0.05880776174142339
22.214999999999137,9.0,22.214999999999137,4.999900870148973,0.28522498620191805,0.2133918911262747,1.4701940648507728,0.0654904746993179,0.05880776259401317
22.23499999999914,9.0,22.23499999999914,4.999900870150321,0.2852249862011106,0.21339191247567146,1.4701940861990181,0.0654904756588377,0.058807763447966545
22.254999999999136,9.0,22.254999999999136,4.999900870151676,0.2852249862017772,0.21339193383609054,1.470194107559351,0.06549047660863738,0.058807764301593936
22.274999999999135,9.0,22.274999999999135,4.999900870153031,0.28522498620225045,0.21339195519610973,1.4701941289090232,0.06549047757462823,0.058807765157111155
22.294999999999135,9.0,22.294999999999135,4.9999008701543834,0.28522498620252035,0.2133919765960146,1.4701941503290572,0.06549047853950274,0.0588077660123831
22.295999999999133,9.0,22.295999999999133,4.999900870154458,0.28522498620147274,0.213391977533966,1.4701941511588308,0.06549047845255296,0.05880776604997142
22.311999999999138,9.0,22.311999999999138,4.999900870155545,0.2852249862026828,0.21339199486476115,1.4701941686600735,0.06549047953859266,0.05880776674640136
22.331999999999134,9.0,22.331999999999134,4.999900870156894,0.2852249862028049,0.21339201616652473,1.4701941898955682,0.06549048031451121,0.058807767595826926
22.351999999999137,9.0,22.351999999999137,4.9999008701582515,0.28522498620281206,0.21339203757552216,1.4701942113039947,0.06549048125697943,0.058807768451389686
22.371999999999133,9.0,22.371999999999133,4.99990087015961,0.28522498620293313,0.21339205897021624,1.4701942326772073,0.06549048220130171,0.058807769307070074
22.391999999999133,9.0,22.391999999999133,4.999900870160968,0.2852249862034264,0.21339208040590024,1.4701942541242907,0.06549048318434592,0.05880777016497122
22.411999999999136,9.0,22.411999999999136,4.999900870162326,0.28522498620385306,0.21339210183838114,1.4701942755563755,0.06549048414013892,0.0588077710222546
22.43199999999913,9.0,22.43199999999913,4.9999008701636845,0.2852249862030556,0.2133921232790507,1.470194296995476,0.06549048509672051,0.05880777187979476
22.45199999999913,9.0,22.45199999999913,4.999900870165047,0.28522498620369996,0.21339214472773124,1.4701943184432125,0.06549048606516206,0.05880777273850254
22.471999999999134,9.0,22.471999999999134,4.9999008701664085,0.2852249862038921,0.21339216619528648,1.470194339919684,0.06549048702540261,0.05880777359677403
22.49199999999913,9.0,22.49199999999913,4.999900870167773,0.28522498620394315,0.21339218764996903,1.470194361362399,0.06549048795970014,0.058807774453709175
22.511999999999126,9.0,22.511999999999126,4.999900870169135,0.28522498620380127,0.21339220911518256,1.4701943828176223,0.06549048892641729,0.05880777531270805
22.53199999999913,9.0,22.53199999999913,4.999900870170501,0.285224986204493,0.21339223060829093,1.4701944043220658,0.065490489906185,0.058807776172879134
22.55199999999913,9.0,22.55199999999913,4.999900870171866,0.2852249862045204,0.21339225209710364,1.4701944258096449,0.06549049087041114,0.058807777033144853
22.55299999999913,9.0,22.55299999999913,4.999900870171939,0.2852249862037946,0.21339225314302726,1.4701944268314973,0.06549049085853231,0.0588077770732504
22.568999999999132,9.0,22.568999999999132,4.9999008701730325,0.28522498620495523,0.21339227040581638,1.4701944441488395,0.06549049172160726,0.05880777776478609
22.58899999999913,9.0,22.58899999999913,4.999900870174395,0.2852249862047858,0.2133922918529235,1.470194465546154,0.06549049262300977,0.058807778622647716
22.608999999999128,9.0,22.608999999999128,4.999900870175761,0.2852249862043821,0.2133923134007571,1.4701944871300194,0.06549049361740933,0.05880777948442857
22.628999999999127,9.0,22.628999999999127,4.999900870177125,0.28522498620566517,0.21339233488607018,1.4701945085833061,0.06549049454048894,0.05880778034334133
22.648999999999127,9.0,22.648999999999127,4.999900870178492,0.28522498620569064,0.21339235642141444,1.4701945301288544,0.0654904955272656,0.058807781205172216
22.668999999999127,9.0,22.668999999999127,4.999900870179865,0.28522498620543546,0.21339237795251614,1.4701945516600974,0.0654904964881734,0.05880778206640061
22.688999999999126,9.0,22.688999999999126,4.999900870181231,0.2852249862055685,0.21339239948903552,1.4701945731952346,0.06549049744834567,0.05880778292779306
22.708999999999126,9.0,22.708999999999126,4.9999008701826035,0.2852249862057426,0.21339242103214107,1.4701945947373778,0.06549049842003496,0.05880778379026838
22.728999999999125,9.0,22.728999999999125,4.999900870183975,0.2852249862060541,0.21339244259153464,1.4701946163057051,0.06549049937394058,0.05880778465143674
22.74899999999912,9.0,22.74899999999912,4.999900870185346,0.2852249862063077,0.21339246412652443,1.4701946378190014,0.06549050032041104,0.058807785512747734
22.768999999999124,9.0,22.768999999999124,4.9999008701867185,0.2852249862066802,0.2133924856999551,1.4701946594033461,0.06549050130659706,0.058807786376129226
22.78899999999912,9.0,22.78899999999912,4.9999008701880925,0.28522498620633063,0.21339250726695735,1.4701946809699158,0.06549050228488451,0.058807787240338354
22.80899999999912,9.0,22.80899999999912,4.999900870189466,0.28522498620634323,0.21339252885761673,1.4701947025784858,0.06549050322790395,0.058807788101623085
22.80999999999912,9.0,22.80999999999912,4.999900870189541,0.2852249862062236,0.213392529753614,1.4701947033227603,0.06549050297240777,0.05880778813291275
22.825999999999127,9.0,22.825999999999127,4.999900870190642,0.2852249862074113,0.2133925472885759,1.4701947210610908,0.06549050429184322,0.05880778884357901
22.845999999999123,9.0,22.845999999999123,4.9999008701920085,0.2852249862075514,0.2133925687875207,1.4701947425154709,0.06549050506054321,0.05880778970061549
22.865999999999126,9.0,22.865999999999126,4.999900870193382,0.2852249862071577,0.2133925903595406,1.4701947640681885,0.06549050598438333,0.058807790563499635
22.88599999999912,9.0,22.88599999999912,4.99990087019476,0.28522498620746156,0.21339261194902776,1.4701947856538038,0.06549050691702474,0.058807791424615535
22.90599999999912,9.0,22.90599999999912,4.999900870196134,0.28522498620740055,0.21339263351851345,1.4701948071936686,0.06549050787588284,0.058807792287739136
22.925999999999117,9.0,22.925999999999117,4.9999008701975125,0.2852249862079536,0.2133926551448487,1.4701948288434703,0.06549050888363084,0.058807793153745715
22.94599999999912,9.0,22.94599999999912,4.999900870198889,0.2852249862079014,0.21339267674967746,1.4701948504475244,0.06549050983807281,0.05880779401791152
22.96599999999912,9.0,22.96599999999912,4.999900870200266,0.285224986208475,0.21339269835902744,1.4701948720543063,0.06549051081568757,0.05880779488371689
22.985999999999116,9.0,22.985999999999116,4.999900870201645,0.2852249862080926,0.21339271999247916,1.4701948937060725,0.06549051178018672,0.05880779574824092
23.00599999999912,9.0,23.00599999999912,4.999900870203028,0.28522498620789544,0.2133927415887151,1.470194915279192,0.06549051271196571,0.05880779661116877
23.025999999999115,9.0,23.025999999999115,4.999900870204405,0.2852249862087001,0.21339276321338416,1.470194936904138,0.06549051368031367,0.05880779747540002
23.045999999999115,9.0,23.045999999999115,4.999900870205786,0.28522498620872705,0.21339278483140614,1.470194958513505,0.06549051465011202,0.058807798340538384
23.065999999999114,9.0,23.065999999999114,4.999900870207169,0.28522498620889913,0.2133928064719864,1.4701949801647758,0.06549051562266783,0.05880779920582582
23.066999999999112,9.0,23.066999999999112,4.999900870207244,0.2852249862084544,0.21339280742583627,1.470194981012699,0.06549051545546258,0.058807799240503195
23.082999999999117,9.0,23.082999999999117,4.99990087020835,0.2852249862095213,0.21339282494762243,1.4701949987021405,0.06549051664842254,0.05880779994922155
23.10299999999912,9.0,23.10299999999912,4.9999008702097285,0.28522498620926084,0.21339284651208418,1.4701950202234149,0.06549051745020751,0.058807800809711604
23.122999999999116,9.0,23.122999999999116,4.999900870211109,0.28522498620935294,0.2133928681492311,1.4701950418566223,0.06549051836314612,0.05880780167271288
23.142999999999113,9.0,23.142999999999113,4.99990087021249,0.28522498620952996,0.2133928897487126,1.470195063412895,0.06549051931921146,0.058807802538058895
23.162999999999116,9.0,23.162999999999116,4.999900870213875,0.28522498620974374,0.21339291143673395,1.4701950851442642,0.0654905203259778,0.05880780340500664
23.182999999999115,9.0,23.182999999999115,4.999900870215259,0.28522498620973,0.21339293305128892,1.4701951067269459,0.06549052123287524,0.05880780426752533
23.20299999999911,9.0,23.20299999999911,4.9999008702166465,0.28522498621006204,0.2133929546918864,1.4701951283580015,0.06549052223069074,0.05880780513509506
23.22299999999911,9.0,23.22299999999911,4.999900870218029,0.2852249862099613,0.21339297637463528,1.4701951500729862,0.06549052322800719,0.058807806002904625
23.242999999999114,9.0,23.242999999999114,4.999900870219414,0.28522498621059444,0.21339299801400446,1.470195171698686,0.0654905241718714,0.05880780686871586
23.26299999999911,9.0,23.26299999999911,4.9999008702208,0.2852249862105245,0.21339301967705973,1.4701951933692265,0.06549052513817177,0.05880780773478004
23.282999999999106,9.0,23.282999999999106,4.999900870222187,0.2852249862104686,0.21339304132266357,1.4701952150034696,0.06549052608951256,0.058807808600134084
23.30299999999911,9.0,23.30299999999911,4.999900870223574,0.28522498621103937,0.21339306298123376,1.4701952366620346,0.06549052706143288,0.058807809466468276
23.32299999999911,9.0,23.32299999999911,4.999900870224963,0.28522498621057024,0.2133930846397982,1.4701952583207722,0.06549052802933819,0.058807810332871586
23.32399999999911,9.0,23.32399999999911,4.999900870225039,0.2852249862105944,0.21339308564546317,1.4701952592614966,0.06549052794080201,0.05880781037045383
23.33999999999911,9.0,23.33999999999911,4.999900870226153,0.2852249862116707,0.2133931031157364,1.4701952768446458,0.06549052897598218,0.05880781107378542
23.35999999999911,9.0,23.35999999999911,4.99990087022753,0.2852249862114751,0.21339312471281602,1.4701952983950382,0.06549052981910397,0.0588078119358022
23.379999999999107,9.0,23.379999999999107,4.999900870228919,0.2852249862109563,0.213393146383066,1.4701953200713813,0.06549053078816103,0.05880781280286156
23.39999999999911,9.0,23.39999999999911,4.9999008702303085,0.28522498621163866,0.213393168034052,1.4701953417105142,0.06549053173677499,0.05880781366842577
23.419999999999106,9.0,23.419999999999106,4.999900870231697,0.2852249862113474,0.2133931896978092,1.470195363373975,0.06549053270797367,0.05880781453493683
23.439999999999106,9.0,23.439999999999106,4.999900870233088,0.2852249862117008,0.21339321136134612,1.4701953850376777,0.06549053367579938,0.05880781540150781
23.45999999999911,9.0,23.45999999999911,4.999900870234477,0.2852249862122377,0.2133932330249329,1.470195406700613,0.06549053463154586,0.05880781626723101
23.479999999999105,9.0,23.479999999999105,4.999900870235872,0.28522498621162046,0.2133932546781804,1.4701954283433007,0.06549053561470453,0.05880781713529878
23.499999999999105,9.0,23.499999999999105,4.999900870237259,0.2852249862125933,0.21339327637153116,1.470195450066491,0.06549053658718473,0.058807818001900686
23.5199999999991,9.0,23.5199999999991,4.999900870238654,0.285224986212261,0.21339329800135026,1.4701954716628685,0.06549053751196143,0.05880781886650601
23.539999999999104,9.0,23.539999999999104,4.999900870240048,0.2852249862126999,0.21339331967545508,1.4701954933475705,0.06549053850275421,0.05880781973388041
23.5599999999991,9.0,23.5599999999991,4.9999008702414365,0.2852249862129393,0.21339334133774304,1.4701955150101775,0.06549053946667083,0.058807820600398165
23.5799999999991,9.0,23.5799999999991,4.999900870242831,0.2852249862133027,0.21339336299736655,1.4701955366684702,0.06549054042873237,0.0588078214667502
23.5809999999991,9.0,23.5809999999991,4.999900870242905,0.2852249862125023,0.2133933640026525,1.4701955376089206,0.0654905402536663,0.05880782150073477
23.596999999999106,9.0,23.596999999999106,4.999900870244021,0.28522498621365716,0.21339338145791079,1.4701955551620594,0.06549054137430632,0.058807822207629465
23.616999999999102,9.0,23.616999999999102,4.999900870245412,0.28522498621369136,0.21339340307905408,1.4701955767625483,0.06549054223636064,0.05880782307049787
23.636999999999105,9.0,23.636999999999105,4.999900870246803,0.2852249862133737,0.21339342473283224,1.470195598410993,0.06549054317095093,0.05880782393567652
23.6569999999991,9.0,23.6569999999991,4.999900870248198,0.28522498621312026,0.21339344636756766,1.4701956200234132,0.06549054412957445,0.05880782480171002
23.6769999999991,9.0,23.6769999999991,4.999900870249593,0.2852249862132948,0.21339346804411266,1.4701956417212985,0.06549054511859054,0.058807825668819536
23.6969999999991,9.0,23.6969999999991,4.999900870250989,0.2852249862139893,0.2133934896846449,1.4701956633504272,0.06549054607133531,0.05880782653478524
23.7169999999991,9.0,23.7169999999991,4.999900870252385,0.28522498621403164,0.21339351134459622,1.4701956850190867,0.06549054702895818,0.05880782739998743
23.7369999999991,9.0,23.7369999999991,4.999900870253776,0.28522498621400943,0.2133935329723159,1.4701957066258122,0.06549054797736331,0.05880782826502951
23.7569999999991,9.0,23.7569999999991,4.999900870255175,0.2852249862141166,0.21339355462998505,1.470195728294588,0.06549054895425166,0.058807829131018945
23.7769999999991,9.0,23.7769999999991,4.999900870256573,0.28522498621388276,0.21339357626324798,1.470195749917694,0.06549054991337011,0.058807829996723265
23.796999999999095,9.0,23.796999999999095,4.999900870257972,0.2852249862144098,0.21339359791477558,1.4701957715788323,0.06549055089038658,0.058807830863155997
23.816999999999094,9.0,23.816999999999094,4.999900870259368,0.2852249862142666,0.21339361955178826,1.4701957932143874,0.06549055185550912,0.05880783172932596
23.836999999999094,9.0,23.836999999999094,4.999900870260762,0.2852249862149436,0.21339364119456522,1.4701958148652705,0.06549055281525129,0.05880783259460883
23.8379999999991,9.0,23.8379999999991,4.999900870260838,0.2852249862143565,0.21339364219539944,1.4701958157987194,0.06549055272082316,0.05880783263194707
23.853999999999097,9.0,23.853999999999097,4.99990087026196,0.28522498621484993,0.21339365963272786,1.4701958333371898,0.06549055375630441,0.05880783333464206
23.8739999999991,9.0,23.8739999999991,4.999900870263353,0.28522498621520903,0.21339368120995142,1.4701958548805543,0.06549055458048614,0.05880783419365302
23.893999999999096,9.0,23.893999999999096,4.999900870264748,0.285224986214822,0.2133937028154474,1.4701958764628857,0.06549055553212069,0.05880783505849918
23.913999999999092,9.0,23.913999999999092,4.999900870266149,0.285224986214599,0.21339372444870647,1.4701958981073275,0.06549055651544478,0.058807835924291674
23.933999999999095,9.0,23.933999999999095,4.999900870267547,0.28522498621514497,0.21339374606602865,1.4701959197241166,0.0654905574727096,0.05880783678897515
23.953999999999095,9.0,23.953999999999095,4.999900870268947,0.2852249862155459,0.21339376767885926,1.4701959413353534,0.06549055843069684,0.05880783765340469
23.97399999999909,9.0,23.97399999999909,4.999900870270345,0.2852249862156767,0.21339378928868336,1.4701959629442112,0.06549055940038762,0.058807838518524926
23.993999999999094,9.0,23.993999999999094,4.999900870271745,0.28522498621604087,0.21339381090357204,1.4701959845681138,0.06549056036083512,0.05880783938271063
24.013999999999093,9.0,24.013999999999093,4.999900870273144,0.2852249862157741,0.21339383249311455,1.4701960061456925,0.06549056131303821,0.05880784024658627
24.03399999999909,9.0,24.03399999999909,4.999900870274546,0.28522498621599296,0.21339385409859662,1.4701960277606962,0.06549056226038241,0.05880784110891142
24.053999999999093,9.0,24.053999999999093,4.999900870275949,0.28522498621577147,0.21339387566090523,1.4701960492924393,0.06549056320573432,0.05880784197171447
24.07399999999909,9.0,24.07399999999909,4.9999008702773455,0.28522498621682835,0.21339389727071725,1.4701960709245925,0.0654905642131065,0.05880784283773641
24.093999999999088,9.0,24.093999999999088,4.999900870278745,0.2852249862159514,0.21339391886027292,1.4701960925229125,0.065490565162035,0.058807843700914506
24.113999999999084,9.0,24.113999999999084,4.9999008702801495,0.28522498621640885,0.21339394042287782,1.4701961140718611,0.06549056609815185,0.058807844562870124
24.133999999999087,9.0,24.133999999999087,4.999900870281552,0.2852249862162504,0.21339396199370547,1.470196135642083,0.06549056707155898,0.05880784542646978
24.153999999999087,9.0,24.153999999999087,4.999900870282953,0.2852249862168472,0.21339398356860603,1.4701961572269484,0.0654905680140323,0.058807846287539926
24.173999999999083,9.0,24.173999999999083,4.999900870284358,0.28522498621684494,0.2133940050971845,1.470196178724275,0.06549056896397254,0.05880784714976338
24.193999999999086,9.0,24.193999999999086,4.999900870285759,0.2852249862168454,0.21339402668283178,1.4701962003417968,0.0654905699605215,0.05880784801369572
24.213999999999082,9.0,24.213999999999082,4.99990087028716,0.28522498621706105,0.2133940482179329,1.4701962218647404,0.06549057088131538,0.058807848873795816
24.23399999999908,9.0,24.23399999999908,4.999900870288565,0.2852249862168742,0.21339406974752526,1.4701962433827505,0.0654905718478479,0.05880784973611121
24.25399999999908,9.0,24.25399999999908,4.999900870289972,0.2852249862171778,0.21339409130286505,1.4701962649587825,0.06549057282285864,0.05880785059834859
24.27399999999908,9.0,24.27399999999908,4.999900870291372,0.2852249862172217,0.21339411281820372,1.470196286461872,0.0654905737562137,0.05880785145848184
24.29399999999908,9.0,24.29399999999908,4.999900870292776,0.2852249862178343,0.21339413433793772,1.4701963079804847,0.06549057471433017,0.05880785231921799
24.31399999999908,9.0,24.31399999999908,4.999900870294179,0.28522498621738834,0.21339415585240906,1.470196329494885,0.06549057567194894,0.058807853179789794
24.33399999999908,9.0,24.33399999999908,4.999900870295584,0.2852249862175363,0.2133941773588916,1.4701963510008238,0.06549057661743563,0.05880785403925553
24.353999999999075,9.0,24.353999999999075,4.9999008702969885,0.2852249862176,0.21339419884767882,1.4701963724791327,0.06549057757113885,0.05880785489918293
24.37399999999908,9.0,24.37399999999908,4.999900870298397,0.28522498621823444,0.21339422035071634,1.4701963939925564,0.06549057855050244,0.05880785576045379
24.393999999999075,9.0,24.393999999999075,4.999900870299799,0.28522498621788356,0.21339424184288694,1.4701964154931704,0.06549057949783654,0.05880785661973806
24.413999999999074,9.0,24.413999999999074,4.999900870301205,0.2852249862176608,0.21339426330694056,1.470196436944359,0.06549058043097977,0.05880785747775679
24.433999999999074,9.0,24.433999999999074,4.99990087030261,0.2852249862183186,0.2133942847751188,1.4701964584122162,0.06549058138948038,0.058807858336502684
24.453999999999073,9.0,24.453999999999073,4.999900870304017,0.28522498621830644,0.21339430623568667,1.4701964798729545,0.06549058234430483,0.05880785919493889
24.473999999999073,9.0,24.473999999999073,4.999900870305422,0.2852249862183802,0.21339432768788102,1.4701965013245306,0.06549058330481783,0.05880786005374752
24.49399999999907,9.0,24.49399999999907,4.999900870306829,0.285224986218502,0.21339434914046337,1.470196522786072,0.06549058424588172,0.05880786091064581
24.513999999999072,9.0,24.513999999999072,4.999900870308236,0.28522498621849496,0.2133943705532849,1.4701965441772296,0.06549058517934725,0.058807861767103564
24.533999999999068,9.0,24.533999999999068,4.9999008703096415,0.2852249862190734,0.21339439199083896,1.470196565625704,0.06549058615235914,0.05880786262504627
24.553999999999068,9.0,24.553999999999068,4.999900870311048,0.2852249862191243,0.21339441340810245,1.470196587042586,0.065490587098604,0.05880786348170321
24.57399999999907,9.0,24.57399999999907,4.999900870312455,0.2852249862187369,0.21339443481449738,1.4701966084475244,0.06549058804467012,0.05880786433790121
24.593999999999067,9.0,24.593999999999067,4.999900870313862,0.28522498621924564,0.2133944562127135,1.4701966298447569,0.06549058899333726,0.05880786519381426
24.613999999999066,9.0,24.613999999999066,4.999900870315269,0.28522498621922926,0.21339447760114114,1.4701966512324816,0.06549058994106982,0.058807866049292834
24.63399999999907,9.0,24.63399999999907,4.999900870316676,0.28522498621895126,0.21339449898045318,1.470196672611056,0.06549059088898646,0.05880786690444671
24.653999999999066,9.0,24.653999999999066,4.9999008703180845,0.2852249862195956,0.21339452034942702,1.4701966939793247,0.0654905918357217,0.05880786775917007
24.67399999999906,9.0,24.67399999999906,4.999900870319494,0.28522498621945175,0.21339454170944705,1.4701967153385518,0.0654905927825109,0.05880786861353631
24.693999999999065,9.0,24.693999999999065,4.999900870320902,0.2852249862198223,0.21339456305899213,1.4701967366873676,0.06549059371918897,0.05880786946670975
24.713999999999064,9.0,24.713999999999064,4.999900870322311,0.28522498622004616,0.21339458438791353,1.4701967580058357,0.0654905946735036,0.05880787032100786
24.73399999999906,9.0,24.73399999999906,4.999900870323722,0.2852249862197673,0.21339460573743438,1.4701967793755037,0.0654905956352888,0.05880787117501047
24.75399999999906,9.0,24.75399999999906,4.999900870325131,0.28522498621990916,0.213394627043375,1.4701968006689954,0.06549059654768252,0.058807872025982796
24.773999999999063,9.0,24.773999999999063,4.999900870326538,0.2852249862201116,0.2133946483413096,1.4701968219561152,0.06549059749481445,0.05880787287822271
24.79399999999906,9.0,24.79399999999906,4.99990087032795,0.28522498622011205,0.21339466964912973,1.4701968432751504,0.06549059845741345,0.058807873731002616
24.813999999999055,9.0,24.813999999999055,4.999900870329361,0.28522498621999315,0.21339469093367217,1.4701968645585628,0.06549059940374102,0.058807874583131685
24.833999999999058,9.0,24.833999999999058,4.999900870330772,0.28522498622052034,0.21339471221699227,1.4701968858499754,0.06549060034294285,0.05880787543397846
24.853999999999058,9.0,24.853999999999058,4.99990087033218,0.2852249862204545,0.2133947334681759,1.470196907089072,0.06549060126760076,0.058807876283570294
24.873999999999054,9.0,24.873999999999054,4.999900870333589,0.28522498622061926,0.2133947547199384,1.470196928340673,0.06549060220544256,0.058807877132859954
24.893999999999057,9.0,24.893999999999057,4.9999008703350025,0.2852249862203732,0.21339477595069056,1.4701969495618499,0.06549060314825184,0.058807877982469864
24.913999999999056,9.0,24.913999999999056,4.99990087033641,0.28522498622027087,0.21339479718978902,1.4701969708115892,0.0654906041230281,0.05880787883400165
24.933999999999052,9.0,24.933999999999052,4.999900870337823,0.2852249862209721,0.21339481842281308,1.4701969920627695,0.06549060503712034,0.05880787968096943
24.953999999999056,9.0,24.953999999999056,4.999900870339236,0.28522498622091497,0.21339483958471328,1.4701970131810558,0.0654906059485012,0.05880788052798594
24.97399999999905,9.0,24.97399999999905,4.99990087034065,0.2852249862208678,0.21339486080888373,1.4701970344376751,0.06549060693192799,0.05880788137749275
24.99399999999905,9.0,24.99399999999905,4.99990087034206,0.28522498622111864,0.21339488197575132,1.4701970555933592,0.06549060784563299,0.0588078822237437
25.01399999999905,9.0,25.01399999999905,4.999900870343472,0.2852249862213603,0.21339490314108478,1.4701970767569554,0.06549060878303281,0.05880788307027904
25.03399999999905,9.0,25.03399999999905,4.999900870344886,0.28522498622176484,0.213394924294464,1.4701970979101975,0.06549060972103993,0.058807883916421534
25.05399999999905,9.0,25.05399999999905,4.999900870346299,0.2852249862216748,0.21339494543523463,1.47019711905038,0.0654906106567078,0.058807884762017544
25.073999999999046,9.0,25.073999999999046,4.999900870347715,0.28522498622165016,0.2133949665619594,1.4701971401764156,0.06549061158160097,0.05880788560627772
25.09399999999905,9.0,25.09399999999905,4.999900870349128,0.28522498622150405,0.2133949876656387,1.470197161269599,0.06549061251538302,0.05880788645079603
25.113999999999045,9.0,25.113999999999045,4.999900870350539,0.2852249862214375,0.2133950087777616,1.4701971823921671,0.06549061346559826,0.05880788729567315
25.133999999999045,9.0,25.133999999999045,4.999900870351953,0.2852249862218647,0.21339502986305467,1.4701972034762465,0.06549061440105908,0.058807888139822406
25.153999999999044,9.0,25.153999999999044,4.99990087035337,0.28522498622165937,0.2133950509444375,1.4701972245657045,0.0654906153303666,0.05880788898263017
25.173999999999044,9.0,25.173999999999044,4.999900870354788,0.2852249862220057,0.2133950719920899,1.4701972456012913,0.06549061625375063,0.05880788982480775
25.193999999999043,9.0,25.193999999999043,4.999900870356201,0.2852249862220852,0.2133950930475664,1.4701972666663656,0.0654906171725338,0.058807890665115416
25.213999999999043,9.0,25.213999999999043,4.999900870357617,0.2852249862220725,0.2133951140485781,1.4701972876369096,0.06549061810603729,0.058807891507025714
25.233999999999043,9.0,25.233999999999043,4.999900870359034,0.2852249862219234,0.21339513510680627,1.4701973087369458,0.06549061905625098,0.05880789234795177
25.25399999999904,9.0,25.25399999999904,4.999900870360448,0.28522498622201103,0.21339515606633638,1.4701973296536928,0.06549061994105021,0.05880789318615372
25.27399999999904,9.0,25.27399999999904,4.999900870361867,0.2852249862224531,0.21339517707628425,1.470197350684688,0.06549062091836233,0.058807894028169605
25.293999999999038,9.0,25.293999999999038,4.999900870363286,0.2852249862222466,0.21339519805765733,1.470197371675543,0.06549062184689891,0.05880789486778975
25.313999999999037,9.0,25.313999999999037,4.999900870364705,0.28522498622279047,0.21339521901191372,1.470197392626102,0.06549062275126838,0.05880789570502998
25.33399999999904,9.0,25.33399999999904,4.999900870366122,0.2852249862223341,0.21339523994318121,1.4701974135456795,0.06549062366561287,0.058807896541838905
25.353999999999036,9.0,25.353999999999036,4.99990087036754,0.28522498622270975,0.21339526087198218,1.47019743447523,0.06549062458076016,0.05880789737745826
25.373999999999036,9.0,25.373999999999036,4.9999008703689585,0.28522498622272124,0.2133952817650451,1.4701974553492467,0.06549062550672646,0.058807898213944984
25.393999999999032,9.0,25.393999999999032,4.999900870370379,0.2852249862229768,0.21339530268304155,1.4701974762890184,0.06549062647258486,0.05880789905235507
25.413999999999035,9.0,25.413999999999035,4.999900870371801,0.2852249862233219,0.21339532357082638,1.470197497184666,0.06549062738234845,0.0588078998873997
25.43399999999903,9.0,25.43399999999903,4.999900870373222,0.2852249862226165,0.21339534442232977,1.4701975180224156,0.06549062828164764,0.058807900720881656
25.45399999999903,9.0,25.45399999999903,4.999900870374641,0.285224986222679,0.21339536527111086,1.4701975388707529,0.06549062920858695,0.058807901554822475
25.473999999999034,9.0,25.473999999999034,4.999900870376062,0.2852249862232925,0.213395386103678,1.4701975597036245,0.06549063013143974,0.0588079023881334
25.49399999999903,9.0,25.49399999999903,4.999900870377487,0.2852249862232409,0.2133954069195588,1.4701975805189542,0.06549063105088715,0.058807903220762174
25.51399999999903,9.0,25.51399999999903,4.999900870378909,0.28522498622335274,0.21339542771823722,1.4701976013169176,0.06549063195964477,0.05880790405192496
25.533999999999033,9.0,25.533999999999033,4.999900870380331,0.2852249862232247,0.21339544849140746,1.470197622079603,0.06549063287673551,0.05880790488316898
25.55399999999903,9.0,25.55399999999903,4.9999008703817545,0.285224986223795,0.2133954692681313,1.4701976428668375,0.0654906338102027,0.05880790571466763
25.573999999999025,9.0,25.573999999999025,4.999900870383178,0.28522498622378706,0.21339549001622354,1.4701976636136664,0.06549063472001737,0.05880790654453117
25.593999999999028,9.0,25.593999999999028,4.999900870384606,0.2852249862237323,0.21339551074647894,1.4701976843423294,0.06549063564166901,0.05880790737448033
25.613999999999027,9.0,25.613999999999027,4.999900870386034,0.2852249862236341,0.21339553147064422,1.4701977050753532,0.06549063656507437,0.058807908203780075
25.633999999999023,9.0,25.633999999999023,4.999900870387457,0.2852249862236608,0.21339555216584935,1.4701977257684684,0.06549063746185879,0.05880790903074983
25.653999999999026,9.0,25.653999999999026,4.999900870388885,0.2852249862240799,0.21339557283540483,1.4701977464266804,0.06549063836327784,0.05880790985704823
25.673999999999026,9.0,25.673999999999026,4.999900870390316,0.2852249862237373,0.21339559349883788,1.470197767090864,0.06549063926490128,0.058807910682079564
25.693999999999022,9.0,25.693999999999022,4.999900870391744,0.2852249862240673,0.21339561412443897,1.4701977876973396,0.06549064017781547,0.05880791150788916
25.713999999999018,9.0,25.713999999999018,4.999900870393175,0.2852249862237642,0.21339563477313236,1.4701978083678275,0.06549064113010539,0.05880791233547624
25.73399999999902,9.0,25.73399999999902,4.9999008703946055,0.285224986224002,0.21339565538893748,1.4701978289915476,0.06549064202676491,0.05880791315966403
25.75399999999902,9.0,25.75399999999902,4.999900870396035,0.28522498622417897,0.21339567596605874,1.4701978495549306,0.06549064291273565,0.05880791398218202
25.773999999999017,9.0,25.773999999999017,4.999900870397471,0.28522498622435133,0.21339569653774057,1.4701978701261753,0.06549064382598213,0.058807914805039045
25.79399999999902,9.0,25.79399999999902,4.999900870398903,0.2852249862244213,0.21339571709127444,1.4701978906799926,0.06549064473561739,0.05880791562720972
25.81399999999902,9.0,25.81399999999902,4.999900870400338,0.28522498622419623,0.21339573762559377,1.4701979112138137,0.06549064563193174,0.058807916447781994
25.833999999999016,9.0,25.833999999999016,4.999900870401773,0.2852249862242685,0.21339575813121103,1.4701979317089893,0.06549064653617365,0.05880791726837742
25.85399999999902,9.0,25.85399999999902,4.999900870403208,0.28522498622413117,0.21339577863853082,1.4701979522267807,0.06549064745635025,0.05880791808908884
25.873999999999015,9.0,25.873999999999015,4.999900870404642,0.28522498622426534,0.21339579911574122,1.470197972702732,0.06549064835302876,0.058807918908093594
25.893999999999014,9.0,25.893999999999014,4.999900870406085,0.28522498622453796,0.2133958195727806,1.4701979931582254,0.06549064926109915,0.05880791972708616
25.913999999999014,9.0,25.913999999999014,4.999900870407527,0.28522498622462145,0.21339584002071135,1.470198013615053,0.0654906501620246,0.05880792054460139
25.933999999999013,9.0,25.933999999999013,4.999900870408965,0.2852249862243368,0.2133958604287101,1.4701980340112004,0.06549065104555662,0.05880792136046435
25.953999999999013,9.0,25.953999999999013,4.999900870410406,0.28522498622427317,0.21339588082913397,1.4701980544115036,0.06549065195044212,0.05880792217646924
25.973999999999013,9.0,25.973999999999013,4.9999008704118495,0.28522498622485826,0.2133959012100874,1.4701980747926684,0.06549065284147448,0.05880792299091182
25.993999999999012,9.0,25.993999999999012,4.999900870413296,0.2852249862249458,0.2133959215603399,1.4701980951326628,0.06549065373819951,0.05880792380529285
26.013999999999008,9.0,26.013999999999008,4.999900870414742,0.2852249862248616,0.21339594191142697,1.4701981154941959,0.06549065466009119,0.058807924620542754
26.033999999999008,9.0,26.033999999999008,4.999900870416192,0.2852249862249484,0.21339596223945814,1.4701981358307668,0.06549065554909961,0.05880792543324951
26.053999999999007,9.0,26.053999999999007,4.9999008704176395,0.2852249862255126,0.21339598252724123,1.4701981561057236,0.0654906564235942,0.05880792624420663
26.073999999999007,9.0,26.073999999999007,4.999900870419088,0.28522498622527137,0.2133960028063369,1.4701981763845773,0.06549065732275794,0.058807927055388315
26.093999999999006,9.0,26.093999999999006,4.99990087042054,0.28522498622498144,0.21339602306534522,1.4701981966438264,0.06549065821778643,0.05880792786576439
26.113999999999006,9.0,26.113999999999006,4.999900870421992,0.285224986225317,0.2133960433030765,1.4701982168810566,0.0654906591178146,0.05880792867600028
26.133999999999006,9.0,26.133999999999006,4.999900870423448,0.28522498622588455,0.21339606352932136,1.4701982371163462,0.06549065999853121,0.05880792948387445
26.153999999999,9.0,26.153999999999,4.9999008704249075,0.2852249862256689,0.2133960837042278,1.4701982572695984,0.06549066087070954,0.058807930290788936
26.173999999999005,9.0,26.173999999999005,4.999900870426364,0.28522498622516634,0.2133961038907521,1.4701982774671736,0.06549066177248242,0.05880793109792238
26.193999999999,9.0,26.193999999999,4.999900870427823,0.28522498622544484,0.21339612403413696,1.4701982976005394,0.06549066266494719,0.05880793190478802
26.213999999999,9.0,26.213999999999,4.999900870429287,0.28522498622593695,0.21339614418580624,1.4701983177716906,0.06549066356566347,0.058807932710895586
26.233999999999003,9.0,26.233999999999003,4.999900870430753,0.28522498622561937,0.21339616428459926,1.4701983378578876,0.06549066442765183,0.05880793351430918
26.253999999999,9.0,26.253999999999,4.999900870432221,0.28522498622562126,0.2133961843734494,1.4701983579457618,0.06549066531529646,0.05880793431782533
26.273999999999,9.0,26.273999999999,4.999900870433687,0.28522498622550774,0.21339620444152801,1.4701983780139316,0.06549066621015998,0.05880793512132066
26.293999999999002,9.0,26.293999999999002,4.99990087043516,0.28522498622580467,0.2133962244960021,1.4701983980776987,0.06549066709202223,0.058807935923095814
26.313999999998998,9.0,26.313999999998998,4.999900870436631,0.28522498622564546,0.21339624450771047,1.4701984180774936,0.0654906679558852,0.058807936723098954
26.333999999998994,9.0,26.333999999998994,4.999900870438108,0.2852249862257382,0.21339626450951743,1.4701984380791373,0.0654906688322675,0.05880793752237061
26.353999999998994,9.0,26.353999999998994,4.999900870439587,0.2852249862253071,0.21339628447886105,1.470198458039008,0.06549066971402107,0.05880793832160185
26.373999999998997,9.0,26.373999999998997,4.999900870441067,0.28522498622643544,0.21339630444700725,1.4701984780177897,0.06549067061756064,0.05880793912148213
26.393999999998993,9.0,26.393999999998993,4.999900870442551,0.2852249862261196,0.21339632438944056,1.4701984979687641,0.06549067147872523,0.05880793991797919
26.413999999998993,9.0,26.413999999998993,4.999900870444041,0.2852249862262506,0.2133963442787583,1.470198517835546,0.06549067233456052,0.05880794071341183
26.433999999998996,9.0,26.433999999998996,4.999900870445531,0.28522498622584236,0.21339636417914998,1.470198537746871,0.06549067322326652,0.05880794150911193
26.45399999999899,9.0,26.45399999999899,4.9999008704470205,0.28522498622553455,0.21339638403447225,1.4701985575922212,0.06549067410258635,0.058807942304481726
26.473999999998988,9.0,26.473999999998988,4.999900870448519,0.2852249862263501,0.21339640389756057,1.4701985774748354,0.06549067498948702,0.05880794309898718
26.49399999999899,9.0,26.49399999999899,4.999900870450021,0.28522498622584314,0.21339642370413137,1.4701985972688805,0.06549067582854273,0.058807943890005314
26.51399999999899,9.0,26.51399999999899,4.99990087045152,0.28522498622561926,0.2133964434908383,1.4701986170448174,0.06549067670229547,0.0588079446817884
26.533999999998986,9.0,26.533999999998986,4.999900870453032,0.2852249862264155,0.2133964632755073,1.4701986368408375,0.0654906775912204,0.05880794547364672
26.55399999999899,9.0,26.55399999999899,4.99990087045454,0.2852249862258478,0.2133964830240114,1.4701986565883445,0.06549067846246603,0.05880794626430957
26.57399999999899,9.0,26.57399999999899,4.999900870456054,0.2852249862267727,0.2133965027586506,1.4701986763311197,0.06549067932672614,0.05880794705324739
26.593999999998985,9.0,26.593999999998985,4.999900870457573,0.2852249862254973,0.21339652244904012,1.4701986960095184,0.06549068017537762,0.05880794784037877
26.61399999999899,9.0,26.61399999999899,4.999900870459097,0.28522498622604187,0.21339654212801465,1.4701987156884226,0.06549068104634004,0.05880794862753577
26.633999999998984,9.0,26.633999999998984,4.999900870460621,0.28522498622570325,0.2133965617827099,1.470198735343404,0.06549068192148466,0.05880794941451093
26.653999999998984,9.0,26.653999999998984,4.999900870462157,0.28522498622630865,0.2133965814228097,1.4701987549927324,0.06549068277473813,0.05880795019893121
26.67399999999898,9.0,26.67399999999898,4.999900870463692,0.28522498622637643,0.21339660100809074,1.4701987745563885,0.0654906836188156,0.0588079509822589
26.693999999998983,9.0,26.693999999998983,4.999900870465233,0.28522498622584697,0.21339662060193942,1.4701987941613306,0.06549068450163198,0.058807951766455244
26.713999999998983,9.0,26.713999999998983,4.999900870466779,0.2852249862259025,0.2133966401593995,1.47019881371852,0.06549068536611713,0.05880795254950291
26.73399999999898,9.0,26.73399999999898,4.999900870468336,0.2852249862262151,0.2133966597009889,1.470198833268431,0.06549068621246767,0.05880795332998712
26.75399999999898,9.0,26.75399999999898,4.999900870469895,0.2852249862260887,0.21339667918914912,1.4701988527347798,0.0654906870613885,0.05880795411017129
26.773999999998978,9.0,26.773999999998978,4.99990087047146,0.28522498622611175,0.21339669869418862,1.4701988722607156,0.06549068793033519,0.05880795488964344
26.793999999998977,9.0,26.793999999998977,4.99990087047303,0.2852249862261077,0.21339671813244646,1.47019889167777,0.06549068877380526,0.05880795566788294
26.813999999998977,9.0,26.813999999998977,4.999900870474606,0.28522498622673215,0.21339673758768338,1.4701989111530906,0.0654906896291485,0.0588079564445792
26.833999999998976,9.0,26.833999999998976,4.999900870476191,0.2852249862263567,0.2133967569659375,1.470198930500245,0.06549069046054568,0.05880795722002384
26.853999999998976,9.0,26.853999999998976,4.999900870477786,0.28522498622629366,0.21339677637362164,1.470198949929428,0.06549069134921626,0.05880795799717581
26.873999999998976,9.0,26.873999999998976,4.999900870479386,0.2852249862263742,0.21339679573190007,1.4701989692868016,0.06549069219826864,0.05880795877222563
26.893999999998975,9.0,26.893999999998975,4.999900870480992,0.28522498622660797,0.21339681507342628,1.470198988635813,0.06549069304203226,0.05880795954544033
26.91399999999897,9.0,26.91399999999897,4.99990087048261,0.2852249862261481,0.213396834370904,1.4701990079211118,0.06549069387261397,0.058807960316833996
26.93399999999897,9.0,26.93399999999897,4.999900870484233,0.2852249862262663,0.2133968536552727,1.4701990272054781,0.06549069472570634,0.05880796108822419
26.95399999999897,9.0,26.95399999999897,4.999900870485873,0.2852249862267424,0.21339687291397805,1.4701990464644885,0.06549069558236531,0.05880796185934133
26.97399999999897,9.0,26.97399999999897,4.999900870487519,0.2852249862265548,0.21339689215633623,1.4701990657160824,0.06549069642630645,0.05880796262863371
26.99399999999897,9.0,26.99399999999897,4.999900870489176,0.2852249862262315,0.2133969113524277,1.4701990849003312,0.06549069725194356,0.05880796339600263
27.01399999999897,9.0,27.01399999999897,4.999900870490841,0.2852249862269972,0.21339693053398448,1.4701991040817846,0.06549069808069519,0.05880796416171908
27.03399999999897,9.0,27.03399999999897,4.999900870492521,0.2852249862266129,0.213396949671937,1.4701991232004934,0.0654906989331937,0.05880796492878984
27.053999999998965,9.0,27.053999999998965,4.999900870494214,0.2852249862266411,0.21339696883355638,1.470199142393835,0.06549069980608646,0.058807965695772284
27.073999999998968,9.0,27.073999999998968,4.9999008704959165,0.2852249862266018,0.21339698792496584,1.4701991614722485,0.06549070060589901,0.058807966458127144
27.093999999998964,9.0,27.093999999998964,4.999900870497638,0.2852249862263918,0.2133970069932093,1.470199180528861,0.06549070145282554,0.058807967221922615
27.113999999998963,9.0,27.113999999998963,4.9999008704993715,0.28522498622740905,0.21339702606743247,1.4701991996239987,0.06549070231747811,0.05880796798573356
27.133999999998967,9.0,27.133999999998967,4.999900870501122,0.2852249862273704,0.21339704509263027,1.4701992186468187,0.06549070312080774,0.05880796874508963
27.153999999998963,9.0,27.153999999998963,4.999900870502887,0.28522498622736553,0.21339706407247966,1.4701992376047865,0.06549070393172152,0.05880796950345343
27.173999999998962,9.0,27.173999999998962,4.999900870504671,0.28522498622727765,0.2133970830520228,1.470199256586387,0.06549070479860797,0.058807970264220584
27.193999999998965,9.0,27.193999999998965,4.999900870506475,0.28522498622684245,0.21339710202206455,1.4701992755773807,0.06549070564315429,0.05880797102310154
27.21399999999896,9.0,27.21399999999896,4.999900870508301,0.2852249862266411,0.21339712093365437,1.470199294475791,0.06549070644789667,0.05880797177904764
27.233999999998957,9.0,27.233999999998957,4.999900870510148,0.2852249862272859,0.2133971398326551,1.470199313373559,0.06549070728016071,0.05880797253494535
27.253999999998957,9.0,27.253999999998957,4.9999008705120165,0.285224986227239,0.21339715870671366,1.4701993322478235,0.06549070811987323,0.05880797329067533
27.27399999999896,9.0,27.27399999999896,4.999900870513914,0.2852249862272744,0.21339717756462018,1.4701993511150415,0.06549070893805087,0.058807974043823805
27.293999999998956,9.0,27.293999999998956,4.9999008705158365,0.28522498622700043,0.21339719636673854,1.4701993698956126,0.06549070974689475,0.05880797479583002
27.313999999998956,9.0,27.313999999998956,4.999900870517791,0.28522498622755105,0.21339721517640897,1.4701993887163454,0.06549071060335843,0.05880797554942574
27.33399999999896,9.0,27.33399999999896,4.999900870519779,0.2852249862273775,0.21339723395971077,1.4701994075090994,0.0654907114241925,0.05880797630037405
27.353999999998955,9.0,27.353999999998955,4.999900870521798,0.28522498622754267,0.21339725269721954,1.470199426234045,0.06549071221875247,0.058807977048608
27.37399999999895,9.0,27.37399999999895,4.999900870523859,0.28522498622776915,0.21339727141351034,1.4701994449403584,0.06549071304657605,0.058807977797641534
27.393999999998954,9.0,27.393999999998954,4.999900870525962,0.28522498622809883,0.21339729012744635,1.470199463665772,0.06549071387837369,0.058807978545884966
27.413999999998953,9.0,27.413999999998953,4.999900870528111,0.2852249862279455,0.21339730879680818,1.4701994823243816,0.0654907147114443,0.05880797929453599
27.43399999999895,9.0,27.43399999999895,4.999900870530312,0.2852249862278554,0.2133973274839556,1.4701995010406272,0.065490715536203,0.05880798004084047
27.453999999998953,9.0,27.453999999998953,4.99990087053257,0.2852249862282072,0.21339734608775374,1.4701995196109656,0.06549071631637648,0.0588079807844455
27.473999999998952,9.0,27.473999999998952,4.9999008705348915,0.2852249862283232,0.21339736471655996,1.4701995382505133,0.0654907171623954,0.05880798153003795
27.493999999998948,9.0,27.493999999998948,4.999900870537282,0.2852249862282441,0.21339738331678476,1.4701995568512285,0.06549071799026585,0.05880798227481537
27.51399999999895,9.0,27.51399999999895,4.999900870539756,0.2852249862283953,0.21339740190761075,1.4701995754505675,0.06549071878915558,0.05880798301651529
27.533999999998947,9.0,27.533999999998947,4.999900870542322,0.2852249862288538,0.2133974204464859,1.470199593957804,0.0654907195920651,0.05880798375832388
27.553999999998947,9.0,27.553999999998947,4.99990087054499,0.2852249862290128,0.21339743902807565,1.4701996125616459,0.06549072046228444,0.058807984503247576
27.573999999998943,9.0,27.573999999998943,4.999900870547781,0.2852249862291941,0.21339745758850748,1.4701996311309098,0.06549072127590438,0.05880798524524989
27.593999999998946,9.0,27.593999999998946,4.999900870550712,0.2852249862296087,0.2133974761266068,1.4701996496553338,0.06549072207965301,0.05880798598622931
27.613999999998946,9.0,27.613999999998946,4.999900870553811,0.2852249862295468,0.21339749468395672,1.4701996682120273,0.06549072291512259,0.0588079867285175
27.63399999999894,9.0,27.63399999999894,4.999900870557105,0.28522498623004927,0.21339751325841969,1.4701996867864677,0.06549072375367149,0.058807987471508616
27.653999999998945,9.0,27.653999999998945,4.99990087056064,0.2852249862302616,0.21339753186324767,1.4701997053903622,0.06549072459763705,0.05880798821567397
27.67399999999894,9.0,27.67399999999894,4.999900870564477,0.2852249862306175,0.2133975505178125,1.4701997240436095,0.06549072545304935,0.058807988961843825
27.69399999999894,9.0,27.69399999999894,4.999900870568683,0.2852249862317164,0.21339756925456943,1.4701997427786464,0.0654907263275547,0.058807989711277195
27.71399999999894,9.0,27.71399999999894,4.99990087057337,0.2852249862324465,0.2133975881158917,1.4701997616378322,0.06549072723864213,0.05880799046651509
27.73399999999894,9.0,27.73399999999894,4.9999008705786965,0.28522498623390374,0.21339760718434161,1.4701997807129437,0.06549072817575596,0.05880799122813019
27.75399999999894,9.0,27.75399999999894,4.999900870584906,0.28522498623615855,0.2133976265480853,1.4701998000508594,0.06549072917418652,0.058807992002032884
27.77399999999894,9.0,27.77399999999894,4.999900870592354,0.2852249862392665,0.2133976464256675,1.4701998199342168,0.06549073031691388,0.0588079927973626
27.793999999998938,9.0,27.793999999998938,4.9999008706016195,0.2852249862434228,0.21339766710220717,1.470199840609773,0.06549073162741648,0.05880799362437914
27.813999999998934,9.0,27.813999999998934,4.999900870613652,0.28522498625053416,0.21339768900693307,1.4701998624768018,0.06549073317584642,0.05880799449829995
27.833999999998937,9.0,27.833999999998937,4.999900870630008,0.28522498626088744,0.2133977127763353,1.4701998862375019,0.06549073516242909,0.05880799544949734
27.853999999998933,9.0,27.853999999998933,4.999900870653484,0.28522498627291354,0.21339773876737037,1.4701999122125513,0.06549073743999279,0.058807996488514036
27.873999999998933,9.0,27.873999999998933,4.99990087069179,0.2852249862828279,0.21339776678516678,1.4701999402405173,0.06549073975184028,0.058807997608867846
27.893999999998933,9.0,27.893999999998933,4.999900870782895,0.2852249862915244,0.21339779597476996,1.4701999694285686,0.06549074173236225,0.058807998778392045
27.913999999998932,9.0,27.913999999998932,4.999900871279008,0.28522498632026316,0.21339782567800672,1.4701999991709382,0.06549074332832727,0.058807999966159985
27.93399999999893,9.0,27.93399999999893,4.999900876735637,0.2852249866270817,0.21339785546398984,1.4702000289419497,0.06549074467139193,0.05880800115782023
27.953999999998928,9.0,27.953999999998928,4.999900973016061,0.28522499204959706,0.21339788604955665,1.4702000595151243,0.065490746360233,0.058808002382870726
27.97399999999893,9.0,27.97399999999893,4.999903294886646,0.2852251227669993,0.21339793541472588,1.4702001083578742,0.06549075637805646,0.05880800433281283
27.993999999998927,9.0,27.993999999998927,4.999921105758962,0.2852261270487074,0.21339811910897521,1.470200288583777,0.0654908225846883,0.05880801154334643
28.013999999998926,9.0,28.013999999998926,4.9999420866830535,0.2852273244843183,0.2133983642675768,1.4702005354318441,0.06549087548382293,0.05880802141826982
28.03399999999893,9.0,28.03399999999893,4.99995137126069,0.285227863350911,0.21339860772775332,1.4702007810448046,0.06549089200456992,0.05880803124256413
28.045674793653962,9.0,28.045674793653962,4.999952983016671,0.28522795685964664,0.2133988654286406,1.4702010325478982,0.06549095927245707,0.05880804130191507
28.05803558239004,9.0,28.05803558239004,4.999953259373372,0.28522797319662224,0.21339935243049601,1.4702015111504099,0.06549112231053988,0.05880806044477251
28.06607010213217,9.0,28.06607010213217,4.999953239718383,0.28522797183216814,0.21339972666914417,1.4702018886818535,0.06549121991573803,0.058808075544243325
28.075664408273276,9.0,28.075664408273276,4.999953228369045,0.2852279710647076,0.21340019952130582,1.4702023659569887,0.06549130248467638,0.05880809463968009
28.086840692603538,9.0,28.086840692603538,4.9999532275297005,0.28522797101466624,0.21340080869829084,1.4702029753181352,0.06549138758002693,0.05880811904333729
28.106840692603537,9.0,28.106840692603537,4.999953227762649,0.2852279823649322,0.2135095680162441,1.4703081759678316,0.06555132260126029,0.05881299651017377
28.114078230826888,9.0,28.114078230826888,4.999953219498292,0.2852283839990758,0.21537833526560984,1.472024385298704,0.06669140567081522,0.05888098405137689
28.118698397069984,9.0,28.118698397069984,4.999953201823482,0.2852294959582416,0.21971816840814612,1.4759499559329552,0.06944639105715567,0.05903799960956789
28.123424339597904,9.0,28.123424339597904,4.999953179116108,0.28522997010316714,0.22605716385066893,1.4821370598950434,0.07319549448337614,0.05928548382552668
28.128728286202488,9.0,28.128728286202488,4.999953161103639,0.2852294244678888,0.23234346764177527,1.4887947652473261,0.07580524393431731,0.05955179069945243
28.13457191143366,9.0,28.13457191143366,4.999953152351697,0.2852285734559555,0.23645550851154287,1.4934250709044525,0.0755401043265389,0.05973702776604155
28.14060046432061,9.0,28.14060046432061,4.9999531494354725,0.2852280835026665,0.238223623277616,1.495434912045087,0.07322387876175385,0.05981739785372141
28.147019174924694,9.0,28.147019174924694,4.999953147905062,0.28522797849485804,0.23890557142831745,1.4960642810367561,0.07060427572763772,0.05984257126830506
28.154870535577054,9.0,28.154870535577054,4.999953145864988,0.2852280433413152,0.2395056624258631,1.4964714227740616,0.06861648446128843,0.05985885691424699
28.16574843081067,9.0,28.16574843081067,4.999953142981697,0.28522811551963695,0.24059700447524776,1.497397599457269,0.06768164052490189,0.05989590399632342
28.179875946392734,9.0,28.179875946392734,4.999953139887628,0.28522812753739296,0.24221728472996898,1.4989773407592826,0.06764885340626403,0.05995909363425628
28.195569619127525,9.0,28.195569619127525,4.99995313705857,0.2852281151569461,0.24400362976122889,1.5007828525384035,0.06785749612090464,0.06003131816358059
28.21556961912752,9.0,28.21556961912752,4.9999531337897025,0.2852281098652668,0.24622408244037394,1.5030176265859514,0.06803577920626613,0.060120706697382016
28.23556961912752,9.0,28.23556961912752,4.9999531307395,0.2852281109085966,0.24843437677808106,1.5052297939050845,0.06815543562554405,0.060209192505360075
28.25556961912752,9.0,28.25556961912752,4.999953127915805,0.2852281117056154,0.25064901388581606,1.507444034734977,0.06825900489382652,0.06029776195584022
28.27556961912752,9.0,28.27556961912752,4.999953125321844,0.2852281116748735,0.2528643577773648,1.5096592362683072,0.06835759974324107,0.060386369923586536
28.29556961912752,9.0,28.29556961912752,4.999953122942226,0.28522811153670286,0.2550780549406633,1.5118728645753081,0.06845464240819488,0.060474914951500085
28.315569619127515,9.0,28.315569619127515,4.999953120758784,0.285228111490694,0.25729014840408987,1.5140848533072735,0.06855181588348491,0.060563394416672786
28.33556961912752,9.0,28.33556961912752,4.999953118755282,0.2852281114916827,0.25950101099980266,1.5162956178419256,0.06864945063300787,0.06065182493524172
28.355569619127515,9.0,28.355569619127515,4.999953116916991,0.2852281115075266,0.2617108281381536,1.5185053555556627,0.06874733058410343,0.06074021439580398
28.375569619127514,9.0,28.375569619127514,4.999953115230345,0.28522811153686856,0.2639197108533765,1.52071416573433,0.06884527621519332,0.06082856676692667
28.395569619127517,9.0,28.395569619127517,4.999953113682903,0.2852281115809093,0.26612775912682085,1.5229221413618972,0.06894322995355295,0.060916885763922936
28.415569619127513,9.0,28.415569619127513,4.999953112263291,0.2852281116378272,0.26833506224998005,1.5251293708906564,0.0690411857113985,0.06100517492313046
28.435569619127513,9.0,28.435569619127513,4.999953110961067,0.2852281117056648,0.2705416970043119,1.527335931741636,0.06913914594427639,0.06109343734104629
28.455569619127516,9.0,28.455569619127516,4.999953109766659,0.2852281117834342,0.2727477301946168,1.5295418910457996,0.06923711162986967,0.061181675699278605
28.475569619127512,9.0,28.475569619127512,4.9999531086712725,0.2852281118715191,0.2749532208434114,1.5317473078235206,0.06933508241309494,0.061269892359154324
28.495569619127508,9.0,28.495569619127508,4.999953107666822,0.2852281119667845,0.2771582214582389,1.5339522345948853,0.06943305759126872,0.061358089422514646
28.51556961912751,9.0,28.51556961912751,4.9999531067459015,0.2852281120711131,0.2793627787305863,1.5361567180871483,0.06953103632725444,0.06144626875453136
28.53556961912751,9.0,28.53556961912751,4.999953105901696,0.2852281121817518,0.28156693425794166,1.538360799823161,0.06962901790726994,0.06153443201987403
28.555569619127507,9.0,28.555569619127507,4.999953105127951,0.285228112298714,0.28377072539046433,1.5405645172118676,0.06972700183875247,0.061622580709872886
28.575569619127506,9.0,28.575569619127506,4.999953104418923,0.28522811242220514,0.2859741854856762,1.5427679035477093,0.06982498764101852,0.061710716159604426
28.59556961912751,9.0,28.59556961912751,4.999953103769335,0.2852281125503418,0.2881773446612911,1.5449709889784646,0.06992297505203438,0.06179883957500876
28.615569619127506,9.0,28.615569619127506,4.999953103174347,0.28522811268410414,0.29038022998558377,1.5471738006134195,0.0700209637603113,0.06188695203748252
28.6355696191275,9.0,28.6355696191275,4.999953102629507,0.28522811282133376,0.29258286587153765,1.5493763627746424,0.07011895348276442,0.06197505452096859
28.655569619127505,9.0,28.655569619127505,4.999953102130726,0.28522811296489936,0.29478527444763614,1.5515786976411503,0.07021694413657942,0.06206314791478675
28.675569619127504,9.0,28.675569619127504,4.999953101674252,0.28522811311005236,0.2969874757086897,1.5537808252371024,0.07031493554474921,0.0621512330180291
28.6955696191275,9.0,28.6955696191275,4.99995310125663,0.2852281132587189,0.2991894877531984,1.5559827636122912,0.07041292750702832,0.062239310550624864
28.715569619127503,9.0,28.715569619127503,4.9999531008746985,0.2852281134118904,0.30139132702783344,1.5581845291978098,0.07051091997581171,0.06232738117341352
28.735569619127503,9.0,28.735569619127503,4.999953100525554,0.2852281135672168,0.30359300848997733,1.5603861370177614,0.07060891289816884,0.062415445485612
28.7555696191275,9.0,28.7555696191275,4.999953100206512,0.28522811372583023,0.305794545658211,1.5625876005527963,0.07070690612811481,0.06250350402622867
28.775569619127502,9.0,28.775569619127502,4.9999530999151265,0.28522811388610075,0.30799595090453263,1.5647889321530408,0.07080489964442682,0.06259155729075044
28.795569619127498,9.0,28.795569619127498,4.999953099649144,0.28522811404911236,0.3101972354789801,1.5669901431265714,0.0709028933931729,0.06267960572792167
28.815569619127498,9.0,28.815569619127498,4.999953099406487,0.2852281142138323,0.31239840957595527,1.569191243590736,0.07100088730351795,0.06276764974668682
28.835569619127497,9.0,28.835569619127497,4.999953099185261,0.2852281143818524,0.3145994825610267,1.571392242998592,0.07109888139177467,0.06285568972203448
28.855569619127497,9.0,28.855569619127497,4.999953098983718,0.28522811454994385,0.31680046289666125,1.5735931497346858,0.07119687556981924,0.06294372599187054
28.875569619127496,9.0,28.875569619127496,4.9999530988002485,0.2852281147200876,0.3190013583969014,1.5757939716882199,0.0712948698650615,0.06303175886871419
28.895569619127492,9.0,28.895569619127492,4.999953098633381,0.28522811489293287,0.3212021760618927,1.5779947157551888,0.07139286418073432,0.06311978863223355
28.915569619127496,9.0,28.915569619127496,4.9999530984817655,0.285228115065684,0.32340292246282,1.5801953886251818,0.07149085861757976,0.06320781554704395
28.93556961912749,9.0,28.93556961912749,4.999953098344157,0.28522811524102065,0.3256036034206422,1.5823959960519867,0.0715888530260731,0.06329583984280801
28.95556961912749,9.0,28.95556961912749,4.999953098219409,0.28522811541672644,0.32780422436981177,1.584596543448452,0.07168684745939935,0.06338386173857037
28.97556961912749,9.0,28.97556961912749,4.999953098106482,0.2852281155943081,0.3300047902513294,1.5867970358263166,0.07178484194324863,0.06347188143420744
28.99556961912749,9.0,28.99556961912749,4.999953098004404,0.2852281157722758,0.3322053055506959,1.588997477631123,0.07188283640692261,0.06355989910706623
29.01556961912749,9.0,29.01556961912749,4.999953097912292,0.2852281159515194,0.33440577441858044,1.5911978730134761,0.07198083084342088,0.06364791492120568
29.03556961912749,9.0,29.03556961912749,4.999953097829335,0.2852281161317364,0.3366062006152971,1.5933982257176995,0.07207882526173826,0.06373592902918628
29.05556961912749,9.0,29.05556961912749,4.999953097754789,0.28522811631222,0.3388065876195963,1.5955985392553873,0.07217681968558998,0.0638239415709568
29.075569619127485,9.0,29.075569619127485,4.999953097687965,0.2852281164945617,0.3410069385613481,1.5977988167535733,0.07227481406987546,0.06391195267094506
29.095569619127488,9.0,29.095569619127488,4.999953097628234,0.2852281166768836,0.3432072563480298,1.5999990610954546,0.0723728084143187,0.06399996244479329
29.115569619127484,9.0,29.115569619127484,4.999953097575018,0.285228116859596,0.3454075436443428,1.6021992749706775,0.07247080271968598,0.0640879709983547
29.135569619127484,9.0,29.135569619127484,4.999953097527781,0.2852281170443305,0.34760780285347814,1.6043994607410312,0.07256879699591068,0.06417597843074947
29.155569619127487,9.0,29.155569619127487,4.999953097486042,0.2852281172281382,0.3498080362444158,1.6065996207598452,0.07266679125488795,0.06426398483066909
29.175569619127483,9.0,29.175569619127483,4.999953097449352,0.28522811741344184,0.3520082457902508,1.6087997569003727,0.07276478541768161,0.06435199027617346
29.195569619127482,9.0,29.195569619127482,4.999953097417296,0.2852281175991526,0.354208433427348,1.6109998711568512,0.07286277957368847,0.06443999484618583
29.21556961912748,9.0,29.21556961912748,4.999953097389501,0.2852281177850261,0.356408600826147,1.6131999651907014,0.07296077368937981,0.06452799860867262
29.23556961912748,9.0,29.23556961912748,4.999953097365609,0.2852281179718319,0.3586087495818033,1.6154000406124298,0.0730587677512694,0.0646160016248592
29.255569619127478,9.0,29.255569619127478,4.999953097345315,0.285228118158635,0.3608088811121693,1.6176000987882921,0.07315676174161823,0.06470400395176312
29.275569619127477,9.0,29.275569619127477,4.999953097328317,0.28522811834683504,0.36300899675160214,1.6198001411002758,0.07325475570156981,0.06479200564399462
29.29556961912748,9.0,29.29556961912748,4.999953097314344,0.28522811853428787,0.36520909771791243,1.622000168751998,0.07335274962983362,0.06488000675102587
29.315569619127476,9.0,29.315569619127476,4.999953097303162,0.2852281187217272,0.3674091851376444,1.624200182889263,0.0734507434962206,0.06496800731502206
29.335569619127476,9.0,29.335569619127476,4.999953097294534,0.28522811891180105,0.36960925996366667,1.6264001844034628,0.07354873728913458,0.06505600737679756
29.35556961912748,9.0,29.35556961912748,4.999953097288247,0.28522811909999435,0.37180932322835547,1.6286001744123773,0.07364673107735431,0.06514400697636229
29.375569619127475,9.0,29.375569619127475,4.999953097284117,0.285228119290051,0.3740093757179648,1.6308001536271677,0.07374472477908922,0.06523200614507671
29.39556961912747,9.0,29.39556961912747,4.999953097281971,0.28522811947991655,0.37620941826489834,1.633000122933625,0.07384271846237378,0.06532000491759779
29.415569619127474,9.0,29.415569619127474,4.99995309728164,0.28522811966947414,0.378409451584361,1.6352000830139948,0.07394071208046227,0.06540800332056822
29.435569619127474,9.0,29.435569619127474,4.999953097282981,0.28522811986025953,0.38060947633012343,1.6374000345447999,0.07403870566394033,0.0654960013826485
29.45556961912747,9.0,29.45556961912747,4.999953097285851,0.2852281200507141,0.38280949312816437,1.6395999781385981,0.07413669917686938,0.06558399912529718
29.475569619127473,9.0,29.475569619127473,4.999953097290138,0.2852281202408312,0.38500950254662236,1.6417999143350992,0.07423469265123717,0.06567199657373368
29.495569619127473,9.0,29.495569619127473,4.999953097295711,0.2852281204333412,0.387209505110342,1.6439998437362893,0.07433268610322818,0.06575999374936436
29.51556961912747,9.0,29.51556961912747,4.999953097302475,0.2852281206240251,0.38940950126316276,1.6461997667039125,0.07443067947373094,0.06584799066831953
29.535569619127465,9.0,29.535569619127465,4.99995309731033,0.28522812081571025,0.39160949148491303,1.6483996837752972,0.0745286728274881,0.06593598735111521
29.555569619127468,9.0,29.555569619127468,4.999953097319186,0.2852281210083599,0.3938094761460951,1.6505995952882655,0.07462666612296232,0.0660239838121542
29.575569619127467,9.0,29.575569619127467,4.999953097328963,0.28522812119950536,0.3960094556449676,1.6527995016615327,0.07472465937869344,0.0661119800667097
29.595569619127463,9.0,29.595569619127463,4.999953097339585,0.2852281213921589,0.39820943030571776,1.6549994031988862,0.07482265256984344,0.0661999761271822
29.615569619127466,9.0,29.615569619127466,4.999953097350985,0.28522812158484034,0.4004094004343504,1.6571993001982512,0.07492064573405577,0.06628797200857901
29.635569619127466,9.0,29.635569619127466,4.999953097363095,0.28522812177757334,0.40260936637131806,1.6593991930724736,0.07501863889451188,0.06637596772367368
29.655569619127462,9.0,29.655569619127462,4.999953097375864,0.2852281219709726,0.4048093283181509,1.6615990819327595,0.0751166319409603,0.06646396327697597
29.675569619127465,9.0,29.675569619127465,4.999953097389227,0.28522812216454757,0.4070092865579275,1.6637989670894902,0.07521462498527276,0.06655195868452363
29.69556961912746,9.0,29.69556961912746,4.999953097403147,0.28522812235818923,0.40920924133392544,1.665998848829677,0.07531261798725897,0.06663995395250356
29.71556961912746,9.0,29.71556961912746,4.999953097417571,0.28522812255195795,0.4114091928113644,1.6681987272398924,0.075410610934874,0.06672794909021593
29.73556961912746,9.0,29.73556961912746,4.999953097432463,0.2852281227463492,0.41360914122917347,1.6703986026479425,0.07550860386776392,0.06681594410594871
29.75556961912746,9.0,29.75556961912746,4.999953097447783,0.285228122939819,0.4158090867378801,1.6725984751350813,0.07560659673259273,0.06690393900499135
29.77556961912746,9.0,29.77556961912746,4.999953097463492,0.2852281231343858,0.4180090295153873,1.6747983448946568,0.07570458958787785,0.0669919337971661
29.79556961912746,9.0,29.79556961912746,4.999953097479566,0.2852281233291627,0.42020896973126026,1.6769982121487839,0.07580258239843696,0.0670799284856612
29.81556961912746,9.0,29.81556961912746,4.999953097495969,0.28522812352373084,0.4224089074791574,1.6791980768910797,0.07590057512871051,0.06716792307509283
29.835569619127455,9.0,29.835569619127455,4.999953097512678,0.28522812371885187,0.4246088429362555,1.6813979393812146,0.0759985678803845,0.06725591757582429
29.855569619127454,9.0,29.855569619127454,4.99995309752966,0.28522812391391006,0.42680877620696467,1.6835977997181213,0.07609656058078218,0.06734391198884412
29.875569619127454,9.0,29.875569619127454,4.999953097546908,0.28522812410896586,0.4290087073917398,1.6857976579461502,0.07619455321404,0.06743190631757387
29.895569619127453,9.0,29.895569619127453,4.999953097564381,0.2852281243048559,0.4312086366220353,1.6879975142463297,0.07629254586329637,0.06751990057128665
29.915569619127453,9.0,29.915569619127453,4.999953097582079,0.2852281244999837,0.4334085639921948,1.6901973687298728,0.07639053845167498,0.06760789474877643
29.935569619127453,9.0,29.935569619127453,4.999953097599971,0.2852281246964959,0.43560848954511033,1.692397221342411,0.07648853096407193,0.06769588885329128
29.955569619127452,9.0,29.955569619127452,4.999953097618047,0.28522812489257693,0.4378084134394835,1.694597072357176,0.07658652351929485,0.06778388289443693
29.975569619127448,9.0,29.975569619127448,4.999953097636287,0.28522812508881107,0.44000833569196107,1.6967969217411132,0.07668451600239012,0.0678718768695156
29.99556961912745,9.0,29.99556961912745,4.999953097654686,0.285228125284972,0.4422082563886709,1.6989967695678263,0.07678250844898615,0.06795987078281591
30.015569619127447,9.0,30.015569619127447,4.999953097673221,0.2852281254820484,0.44440817560920937,1.7011966159325769,0.07688050087120857,0.0680478646373495
30.035569619127447,9.0,30.035569619127447,4.999953097691885,0.2852281256789497,0.44660809343086477,1.7033964609117136,0.07697849327160977,0.06813585843640685
30.05556961912745,9.0,30.05556961912745,4.999953097710674,0.2852281258758876,0.4488080098813295,1.7055963045434899,0.07707648563761027,0.06822385218184779
30.075569619127446,9.0,30.075569619127446,4.999953097729568,0.2852281260736858,0.4510079250114825,1.7077961468545924,0.07717447795260535,0.06831184587402893
30.095569619127446,9.0,30.095569619127446,4.999953097748562,0.28522812627157546,0.4532078388943085,1.7099959879315227,0.07727247025446515,0.06839983951721308
30.11556961912745,9.0,30.11556961912745,4.999953097767649,0.2852281264686516,0.4554077515829827,1.7121958278277998,0.0773704625409346,0.06848783311376823
30.135569619127445,9.0,30.135569619127445,4.999953097786817,0.28522812666592673,0.4576076631148888,1.7143956666004914,0.07746845478659892,0.06857582666373664
30.15556961912744,9.0,30.15556961912744,4.999953097806064,0.2852281268635431,0.45980757350705076,1.716595504201441,0.07756644697986936,0.06866382016823112
30.17556961912744,9.0,30.17556961912744,4.999953097825383,0.28522812706239203,0.46200748283606824,1.7187953407978829,0.07766443918745325,0.06875181363205093
30.195569619127443,9.0,30.195569619127443,4.999953097844768,0.2852281272606344,0.46420739110233333,1.7209951763194393,0.0777624313277665,0.06883980705246837
30.21556961912744,9.0,30.21556961912744,4.999953097864212,0.28522812745915255,0.46640729836762584,1.7231950108426293,0.07786042345961341,0.06892780043386086
30.23556961912744,9.0,30.23556961912744,4.99995309788371,0.2852281276579366,0.4686072046644163,1.7253948444337297,0.07795841557896943,0.06901579377755108
30.255569619127442,9.0,30.255569619127442,4.999953097903259,0.2852281278570276,0.4708071100070657,1.7275946770800497,0.07805640765103128,0.06910378708293326
30.275569619127438,9.0,30.275569619127438,4.999953097922854,0.28522812805570813,0.47300701442599624,1.729794508792847,0.0781543996907561,0.06919178035156186
30.295569619127434,9.0,30.295569619127434,4.999953097942492,0.28522812825521937,0.475206917964956,1.7319943396620805,0.07825239173396459,0.06927977358669564
30.315569619127437,9.0,30.315569619127437,4.9999530979621705,0.28522812845429385,0.4774068206313927,1.7341941696588483,0.07835038373504633,0.06936776678697433
30.335569619127437,9.0,30.335569619127437,4.999953097981883,0.2852281286545095,0.47960672246422675,1.7363939988445498,0.07844837570955798,0.06945575995368779
30.355569619127433,9.0,30.355569619127433,4.999953098001629,0.2852281288545438,0.48180662346820985,1.7385938271924604,0.07854636764506284,0.06954375308730797
30.375569619127436,9.0,30.375569619127436,4.999953098021403,0.28522812905444933,0.48400652369063424,1.7407936547838576,0.07864435960399052,0.06963174619282565
30.395569619127436,9.0,30.395569619127436,4.999953098041207,0.2852281292541993,0.4862064231544289,1.7429934816691355,0.07874235151175357,0.0697197392659812
30.41556961912743,9.0,30.41556961912743,4.999953098061032,0.28522812945423787,0.4884063218067663,1.7451933076664585,0.07884034333950152,0.0698077323063761
30.435569619127435,9.0,30.435569619127435,4.9999530980808835,0.2852281296555997,0.49060621977520236,1.7473931330531787,0.07893833523916038,0.06989572532236114
30.45556961912743,9.0,30.45556961912743,4.999953098100756,0.2852281298563203,0.49280611700972643,1.7495929577163911,0.07903632707694697,0.06998371830867778
30.47556961912743,9.0,30.47556961912743,4.999953098120647,0.2852281300570651,0.49500601353074575,1.7517927816637566,0.07913431888159361,0.07007171126682453
30.495569619127426,9.0,30.495569619127426,4.999953098140552,0.28522813025801497,0.49720590938455717,1.753992604967129,0.07923231068873582,0.07015970419940853
30.51556961912743,9.0,30.51556961912743,4.9999530981604785,0.28522813045940143,0.4994058045615787,1.7561924276057626,0.07933030244927775,0.07024769710411079
30.53556961912743,9.0,30.53556961912743,4.999953098180421,0.2852281306612334,0.5016056990593206,1.7583922495561974,0.07942829418049335,0.0703356899824279
30.555569619127425,9.0,30.555569619127425,4.999953098200375,0.2852281308627666,0.5038055929433708,1.7605920709176612,0.07952628591676603,0.07042368283652127
30.575569619127428,9.0,30.575569619127428,4.999953098220341,0.2852281310641859,0.5060054862035663,1.7627918916681535,0.07962427763813174,0.07051167566717315
30.595569619127424,9.0,30.595569619127424,4.999953098240318,0.28522813126633273,0.5082053788396842,1.7649917118263136,0.07972226931903292,0.07059966847244852
30.615569619127424,9.0,30.615569619127424,4.999953098260306,0.2852281314686708,0.5104052708472367,1.7671915313227102,0.07982026096723849,0.07068766125344676
30.635569619127423,9.0,30.635569619127423,4.999953098280302,0.28522813167055977,0.5126051623147303,1.76939135034706,0.07991825264309171,0.0707756540134449
30.655569619127423,9.0,30.655569619127423,4.999953098300308,0.2852281318736908,0.5148050531579847,1.771591168703944,0.08001624423383813,0.0708636467475207
30.675569619127423,9.0,30.675569619127423,4.999953098320322,0.2852281320766329,0.5170049434567331,1.7737909865527592,0.0801142358656497,0.07095163946253259
30.695569619127422,9.0,30.695569619127422,4.999953098340346,0.28522813227923366,0.5192048331969213,1.77599080387592,0.08021222746384904,0.07103963215508088
30.71556961912742,9.0,30.71556961912742,4.9999530983603755,0.2852281324822604,0.5214047223820878,1.7781906206299163,0.08031021902281998,0.07112762482531443
30.735569619127418,9.0,30.735569619127418,4.9999530983804075,0.2852281326857653,0.5236046110259751,1.7803904368570256,0.08040821055785252,0.07121561747338626
30.75556961912742,9.0,30.75556961912742,4.999953098400448,0.2852281328889092,0.5258044991544538,1.782590252561182,0.08050620210079718,0.07130361010271623
30.775569619127417,9.0,30.775569619127417,4.999953098420492,0.2852281330933658,0.5280043867703567,1.784790067820655,0.08060419364456095,0.07139160271309981
30.795569619127416,9.0,30.795569619127416,4.99995309844054,0.2852281332971523,0.5302042738534274,1.7869898825194435,0.08070218512048877,0.07147959530098802
30.815569619127416,9.0,30.815569619127416,4.999953098460594,0.2852281335011869,0.5324041604471015,1.7891896967423377,0.08080017659898941,0.07156758786982345
30.835569619127416,9.0,30.835569619127416,4.999953098480649,0.2852281337049346,0.5346040465567117,1.7913895104956008,0.08089816806791594,0.0716555804199639
30.855569619127415,9.0,30.855569619127415,4.999953098500713,0.28522813390909596,0.5368039321813761,1.79358932378639,0.08099615950766248,0.07174357295048935
30.87556961912741,9.0,30.87556961912741,4.999953098520773,0.2852281341139107,0.5390038173175357,1.7957891365675291,0.08109415092954242,0.07183156546273439
30.895569619127414,9.0,30.895569619127414,4.999953098540843,0.285228134319176,0.541203702001342,1.7979889489538112,0.08119214237961381,0.07191955795935187
30.91556961912741,9.0,30.91556961912741,4.999953098560909,0.2852281345234795,0.5434035862211722,1.8001887608820808,0.08129013375519945,0.07200755043439229
30.93556961912741,9.0,30.93556961912741,4.999953098580984,0.2852281347287279,0.5456034699639161,1.8023885722914479,0.08138812510799598,0.07209554289142873
30.93656961912741,9.0,30.93656961912741,4.999953098581993,0.28522813473833525,0.5457134639958174,1.8024985626454326,0.08139302446844687,0.07209994250523427
30.952569619127416,9.0,30.952569619127416,4.99995309859805,0.2852281349033665,0.547473370776547,1.8042584117200098,0.08147141789543788,0.07217033646891766
30.972569619127412,9.0,30.972569619127412,4.999953098618118,0.28522813510970946,0.5496732537140553,1.8064582223570784,0.0815694091886654,0.07225832889413314
30.992569619127416,9.0,30.992569619127416,4.999953098638198,0.28522813531535424,0.5518731362593545,1.8086580326341486,0.08166740051458721,0.07234632130549389
31.01256961912741,9.0,31.01256961912741,4.999953098658276,0.2852281355209331,0.554073018347113,1.8108578424571893,0.08176539181111764,0.07243431369858472
31.03256961912741,9.0,31.03256961912741,4.999953098678355,0.2852281357273436,0.556272900015373,1.8130576518955799,0.08186338312214159,0.07252230607619865
31.05256961912741,9.0,31.05256961912741,4.999953098698431,0.28522813593264523,0.558472781260567,1.8152574609200023,0.08196137439746987,0.0726102984360206
31.07256961912741,9.0,31.07256961912741,4.999953098718514,0.28522813613932935,0.5606726620915647,1.817457269509615,0.08205936566783834,0.07269829078059328
31.09256961912741,9.0,31.09256961912741,4.9999530987385965,0.2852281363470543,0.5628725425312036,1.8196570777665755,0.0821573569489189,0.0727862831105614
31.112569619127406,9.0,31.112569619127406,4.99995309875868,0.28522813655336704,0.5650724225523638,1.82185688558017,0.08225534818091806,0.07287427542345293
31.13256961912741,9.0,31.13256961912741,4.999953098778765,0.2852281367605881,0.5672723022128978,1.8240566930671933,0.08235333942959544,0.07296226772263942
31.152569619127405,9.0,31.152569619127405,4.999953098798852,0.2852281369676684,0.569472181466351,1.826256500148119,0.08245133065074461,0.0730502600067524
31.172569619127405,9.0,31.172569619127405,4.999953098818937,0.2852281371750256,0.5716720603580047,1.8284563068983444,0.08254932184908625,0.07313825227485575
31.192569619127404,9.0,31.192569619127404,4.99995309883902,0.28522813738312885,0.5738719388394851,1.8306561131966743,0.08264731302741235,0.07322624452871448
31.193569619127402,9.0,31.193569619127402,4.999953098840034,0.2852281373928362,0.5739819327519027,1.8307661035157743,0.08265221255539235,0.07323064413922803
31.209569619127407,9.0,31.209569619127407,4.999953098856104,0.28522813755919235,0.5757418351630497,1.8325259482474057,0.08273060549055478,0.07330103792964014
31.22956961912741,9.0,31.22956961912741,4.999953098876181,0.28522813776767947,0.5779417130575304,1.8347257539693125,0.0828285967102671,0.07338903015892456
31.249569619127406,9.0,31.249569619127406,4.999953098896267,0.2852281379753448,0.5801415905957583,1.8369255594228693,0.08292658791983665,0.07347702237724264
31.269569619127402,9.0,31.269569619127402,4.999953098916356,0.28522813818353104,0.5823414677043335,1.8391253644262202,0.08302457902804017,0.07356501457756834
31.289569619127406,9.0,31.289569619127406,4.999953098936444,0.2852281383922949,0.5845413444678453,1.841325169102829,0.0831225701378484,0.0736530067635247
31.309569619127405,9.0,31.309569619127405,4.999953098956526,0.28522813860133567,0.5867412208718725,1.8435249734015584,0.08322056124558452,0.0737409989364498
31.3295696191274,9.0,31.3295696191274,4.999953098976615,0.2852281388102817,0.5889410969686131,1.8457247774505028,0.08331855237875985,0.07382899109807457
31.349569619127404,9.0,31.349569619127404,4.999953098996701,0.28522813901983124,0.5911409726942501,1.8479245811147225,0.08341654345592198,0.07391698324482614
31.369569619127404,9.0,31.369569619127404,4.999953099016791,0.2852281392297966,0.5933408480951073,1.8501243844649,0.0835145345344479,0.07400497537892467
31.3895696191274,9.0,31.3895696191274,4.999953099036873,0.28522813943835523,0.5955407231891512,1.8523241875313765,0.08361252560727195,0.0740929675006787
31.409569619127396,9.0,31.409569619127396,4.9999530990569605,0.2852281396483344,0.5977405979379085,1.8545239902426034,0.0837105166465899,0.0741809596089808
31.4295696191274,9.0,31.4295696191274,4.99995309907705,0.2852281398585138,0.5999404723726776,1.8567237926636184,0.0838085077102968,0.0742689517071222
31.4495696191274,9.0,31.4495696191274,4.9999530990971355,0.285228140068176,0.6021403464997476,1.8589235948081289,0.083906498748894,0.07435694379211329
31.4505696191274,9.0,31.4505696191274,4.9999530990981444,0.28522814007787933,0.6022503401028605,1.859033584772011,0.08391139812172677,0.07436134338871965
31.4665696191274,9.0,31.4665696191274,4.999953099114214,0.2852281402472384,0.6040102391952028,1.8607934263157737,0.08398979114129235,0.07443173705310895
31.4865696191274,9.0,31.4865696191274,4.999953099134296,0.285228140458309,0.6062101127721526,1.8629932278851176,0.084087782151407,0.07451972911590814
31.506569619127397,9.0,31.506569619127397,4.9999530991543795,0.2852281406684629,0.608409986065817,1.8651930292436032,0.08418577317363996,0.07460772116988382
31.5265696191274,9.0,31.5265696191274,4.999953099174469,0.28522814087971055,0.610609858996063,1.8673928302081835,0.08428376411527605,0.0746957132081495
31.546569619127396,9.0,31.546569619127396,4.99995309919455,0.2852281410899225,0.6128097316447454,1.8695926308826851,0.08438175507125534,0.07478370523452307
31.566569619127396,9.0,31.566569619127396,4.999953099214634,0.2852281413012047,0.6150096040102501,1.871792431314068,0.08447974606453834,0.07487169725254202
31.5865696191274,9.0,31.5865696191274,4.999953099234724,0.28522814151300124,0.6172094760781685,1.8739922314669855,0.08457773703178639,0.07495968925894599
31.606569619127395,9.0,31.606569619127395,4.999953099254808,0.28522814172442423,0.6194093478678011,1.8761920313481983,0.08467572798311007,0.07504768125425872
31.626569619127395,9.0,31.626569619127395,4.999953099274892,0.28522814193689366,0.6216092193638754,1.878391830936585,0.08477371890285301,0.07513567323709879
31.646569619127398,9.0,31.646569619127398,4.999953099294974,0.28522814214882863,0.6238090905834585,1.8805916302508086,0.08487170982268366,0.07522366520952813
31.666569619127394,9.0,31.666569619127394,4.99995309931506,0.28522814236065974,0.6260089615440719,1.8827914293302408,0.0849697007559771,0.07531165717299504
31.68656961912739,9.0,31.68656961912739,4.999953099335141,0.2852281425736837,0.6282088322172186,1.8849912281429861,0.08506769166925143,0.07539964912589633
31.70656961912739,9.0,31.70656961912739,4.999953099355224,0.28522814278629205,0.6304087026228611,1.8871910266953142,0.0851656825699103,0.07548764106836174
31.70756961912739,9.0,31.70756961912739,4.999953099356235,0.28522814279634023,0.630518696110635,1.887301016590352,0.08517058201302663,0.07549204066067977
31.723569619127396,9.0,31.723569619127396,4.999953099372306,0.28522814296738475,0.6322785921573226,1.8890608551478503,0.08524897476799076,0.07556243420643423
31.743569619127392,9.0,31.743569619127392,4.999953099392382,0.2852281431807174,0.6344784621577421,1.8912606533089615,0.08534696571535849,0.07565042613206088
31.763569619127395,9.0,31.763569619127395,4.999953099412462,0.2852281433934157,0.6366783318526027,1.8934604511881206,0.08544495659167439,0.07573841804708586
31.78356961912739,9.0,31.78356961912739,4.999953099432542,0.28522814360680826,0.6388782012571855,1.8956602487620833,0.08554294742773938,0.07582640995039529
31.80356961912739,9.0,31.80356961912739,4.999953099452621,0.28522814382085926,0.6410780704145895,1.8978600461221322,0.08564093829323127,0.07591440184559582
31.82356961912739,9.0,31.82356961912739,4.999953099472704,0.28522814403475416,0.6432779393182316,1.9000598432373772,0.08573892911771175,0.0760023937286629
31.84356961912739,9.0,31.84356961912739,4.999953099492785,0.2852281442490285,0.6454778079570019,1.9022596400667178,0.08583691994452036,0.0760903856032067
31.86356961912739,9.0,31.86356961912739,4.999953099512867,0.2852281444628858,0.6476776763852138,1.9044594367427676,0.08593491080109761,0.07617837747031912
31.88356961912739,9.0,31.88356961912739,4.999953099532946,0.28522814467755864,0.649877544564769,1.906659233165774,0.08603290160610699,0.07626636932637405
31.90356961912739,9.0,31.90356961912739,4.999953099553024,0.2852281448933366,0.652077412483724,1.9088590293175214,0.0861308923944819,0.07635436117268884
31.923569619127385,9.0,31.923569619127385,4.999953099573105,0.2852281451073607,0.6542772801876492,1.9110588252789813,0.0862288831969662,0.076442353010649
31.943569619127388,9.0,31.943569619127388,4.999953099593186,0.28522814532182,0.6564771476530701,1.9132586210133253,0.08632687399336958,0.07653034484044878
31.963569619127384,9.0,31.963569619127384,4.999953099613263,0.2852281455372105,0.6586770148976338,1.9154584165465853,0.0864248647885495,0.07661833666218316
31.96456961912739,9.0,31.96456961912739,4.999953099614272,0.28522814554818426,0.6587870082248237,1.9155684062860976,0.08642976442390582,0.07662273625688312
31.980569619127387,9.0,31.980569619127387,4.9999530996303365,0.285228145720856,0.6605469017728957,1.9173282424891134,0.08650815689952251,0.0766931296992426
32.00056961912739,9.0,32.00056961912739,4.999953099650408,0.285228145935885,0.6627467686340879,1.9195280376141617,0.08660614769276531,0.07678112150417599
32.020569619127386,9.0,32.020569619127386,4.999953099670484,0.2852281461518079,0.6649466352771781,1.9217278325847105,0.08670413848946312,0.0768691133033584
32.04056961912738,9.0,32.04056961912738,4.999953099690563,0.2852281463675225,0.6671465016455237,1.9239276272740067,0.08680212921015262,0.07695710509057194
32.060569619127385,9.0,32.060569619127385,4.999953099710639,0.28522814658486856,0.6693463677810123,1.9261274217383326,0.08690011994697011,0.07704509687015217
32.08056961912738,9.0,32.08056961912738,4.999953099730716,0.28522814680144526,0.6715462337232947,1.928327216031004,0.08699811068777774,0.077133088641452
32.100569619127384,9.0,32.100569619127384,4.999953099750791,0.2852281470177448,0.673746099458615,1.9305270101161778,0.08709610140305823,0.07722108040376831
32.12056961912738,9.0,32.12056961912738,4.999953099770867,0.2852281472345827,0.6759459649694843,1.9327268039790089,0.08719409212303497,0.07730907215926898
32.14056961912738,9.0,32.14056961912738,4.999953099790946,0.2852281474517526,0.6781458302788104,1.9349265976839822,0.08729208284223344,0.07739706390685126
32.16056961912738,9.0,32.16056961912738,4.999953099811018,0.28522814766920557,0.6803456953680616,1.9371263911430467,0.08739007353895034,0.0774850556462526
32.18056961912738,9.0,32.18056961912738,4.999953099831093,0.2852281478870925,0.6825455602664735,1.9393261844568561,0.08748806424173794,0.07757304737800104
32.20056961912738,9.0,32.20056961912738,4.99995309985117,0.2852281481044872,0.6847454249453223,1.9415259775164677,0.08758605491468141,0.07766103910114429
32.220569619127374,9.0,32.220569619127374,4.999953099871238,0.2852281483224837,0.6869452894542811,1.9437257704637556,0.0876840456171939,0.07774903081846353
32.24056961912738,9.0,32.24056961912738,4.9999530998913135,0.2852281485409638,0.6891451537494313,1.9459255631720593,0.08778203627787051,0.07783702252701155
32.26056961912738,9.0,32.26056961912738,4.999953099911391,0.28522814875911434,0.6913450178574954,1.9481253557274665,0.08788002695500086,0.07792501422932648
32.26156961912738,9.0,32.26156961912738,4.999953099912399,0.2852281487699989,0.6914550110536936,1.9482353453561334,0.08788492637821599,0.07792941380952516
32.27756961912738,9.0,32.27756961912738,4.999953099928456,0.28522814894511,0.6932149020954693,1.949995179138532,0.08796331895089682,0.07799980716599075
32.29756961912738,9.0,32.29756961912738,4.9999530999485255,0.28522814916397127,0.695414765905696,1.9521949713980578,0.08806130967128256,0.07808779885638377
32.317569619127376,9.0,32.317569619127376,4.999953099968595,0.28522814938297036,0.6976146294979783,1.9543947634882375,0.08815930034062247,0.07817579053952414
32.33756961912738,9.0,32.33756961912738,4.999953099988668,0.2852281496022265,0.6998144928585708,1.9565945553117163,0.08825729094230073,0.07826378221227753
32.357569619127375,9.0,32.357569619127375,4.999953100008738,0.2852281498214949,0.7020143560543083,1.9587943469935718,0.08835528158258854,0.07835177387984545
32.37756961912738,9.0,32.37756961912738,4.999953100028805,0.285228150040683,0.7042142190628731,1.960994138510965,0.08845327220205057,0.07843976553942054
32.397569619127374,9.0,32.397569619127374,4.99995310004888,0.2852281502605056,0.706414081869969,1.9631939298034389,0.08855126281052383,0.07852775719214969
32.41756961912738,9.0,32.41756961912738,4.999953100068949,0.28522815048095673,0.7086139445234576,1.9653937209989056,0.08864925345131969,0.07861574884004652
32.43756961912737,9.0,32.43756961912737,4.999953100089019,0.2852281507009325,0.7108138069775277,1.9675935119897812,0.0887472440563859,0.07870374048031924
32.45756961912737,9.0,32.45756961912737,4.9999531001090896,0.2852281509219339,0.7130136692700889,1.9697933028275552,0.08884523465378935,0.07879173211341577
32.47756961912737,9.0,32.47756961912737,4.9999531001291615,0.285228151142362,0.7152135313789496,1.9719930934728125,0.0889432252254223,0.07887972373844603
32.49756961912737,9.0,32.49756961912737,4.999953100149227,0.2852281513633326,0.7174133933174363,1.9741928839620195,0.08904121581535973,0.07896771535833412
32.51756961912737,9.0,32.51756961912737,4.999953100169294,0.2852281515844257,0.7196132551031004,1.9763926743306544,0.0891392064216947,0.07905570697364755
32.51856961912737,9.0,32.51856961912737,4.9999531001703055,0.28522815159528686,0.719723248111132,1.976502663732067,0.08914410581715115,0.07906010654841307
32.534569619127375,9.0,32.534569619127375,4.999953100186363,0.2852281517733506,0.7214831374650744,1.9782624960091337,0.08922249845419539,0.07913049984057904
32.55456961912737,9.0,32.55456961912737,4.999953100206424,0.2852281519946749,0.7236829989150727,1.9804622860190833,0.08932048897418943,0.07921849144071176
32.57456961912737,9.0,32.57456961912737,4.99995310022649,0.285228152216241,0.7258828602367456,1.9826620759745572,0.08941847956645099,0.07930648303952778
32.59456961912737,9.0,32.59456961912737,4.999953100246558,0.28522815243814714,0.7280827213543468,1.9848618656853205,0.08951647007766006,0.0793944746272368
32.614569619127366,9.0,32.614569619127366,4.999953100266624,0.2852281526604041,0.730282582337951,1.9870616552767728,0.08961446063506173,0.0794824662110929
32.63456961912737,9.0,32.63456961912737,4.9999531002866915,0.28522815288197245,0.7324824431598315,1.989261444742338,0.08971245120049409,0.07957045779019761
32.65456961912737,9.0,32.65456961912737,4.999953100306756,0.2852281531048275,0.7346823038136139,1.9914612340453874,0.08981044172855612,0.07965844936149621
32.67456961912737,9.0,32.67456961912737,4.999953100326821,0.2852281533278816,0.736882164298667,1.9936610231673764,0.08990843225711265,0.07974644092733953
32.694569619127364,9.0,32.694569619127364,4.999953100346886,0.28522815355110087,0.7390820246446774,1.995860812195603,0.09000642279094428,0.07983443248727454
32.71456961912737,9.0,32.71456961912737,4.999953100366953,0.2852281537746797,0.7412818848183008,1.998060601015709,0.09010441330360242,0.07992242404123485
32.73456961912736,9.0,32.73456961912736,4.999953100387018,0.2852281539972174,0.7434817448792177,2.0002603897802707,0.09020240384288258,0.0800104155908641
32.754569619127366,9.0,32.754569619127366,4.99995310040708,0.28522815422155023,0.7456816047448477,2.0024601783246725,0.09030039433498183,0.08009840713324415
32.77456961912736,9.0,32.77456961912736,4.999953100427148,0.28522815444557825,0.7478814644859809,2.004659966776811,0.09039838483935814,0.08018639867004486
32.77556961912736,9.0,32.77556961912736,4.999953100428157,0.2852281544558777,0.747991457241404,2.0047699558395635,0.09040328422147192,0.08019079824132871
32.791569619127365,9.0,32.791569619127365,4.999953100444211,0.28522815463702955,0.7497513452928293,2.0065297870616714,0.09048167704670407,0.08026119148191281
32.81156961912737,9.0,32.81156961912737,4.999953100464268,0.2852281548614166,0.7519512045831764,2.008729575011236,0.0905796673000221,0.08034918300134102
32.831569619127364,9.0,32.831569619127364,4.99995310048433,0.2852281550846895,0.7541510639219392,2.010929363093996,0.09067765778631731,0.08043717452401554
32.85156961912736,9.0,32.85156961912736,4.99995310050439,0.2852281553093506,0.7563509230911445,2.0131291509757836,0.09077564822943707,0.08052516603836636
32.871569619127364,9.0,32.871569619127364,4.999953100524452,0.28522815553470443,0.758550782128464,2.0153289387546214,0.0908736387187854,0.08061315754987218
32.89156961912737,9.0,32.89156961912737,4.999953100544517,0.2852281557608136,0.760750641019313,2.017528726419417,0.09097162921153057,0.08070114905701627
32.91156961912736,9.0,32.91156961912736,4.999953100564579,0.28522815598541834,0.7629504997725888,2.019728513951006,0.09106961967577787,0.08078914055762143
32.93156961912736,9.0,32.93156961912736,4.999953100584638,0.28522815621136044,0.7651503583722086,2.021928301317031,0.09116761013003027,0.08087713205279562
32.95156961912736,9.0,32.95156961912736,4.999953100604699,0.28522815643730787,0.7673502168576701,2.0241280886032276,0.09126560061531297,0.08096512354491132
32.97156961912736,9.0,32.97156961912736,4.999953100624761,0.28522815666403506,0.7695500751983747,2.0263278757632657,0.09136359105698566,0.08105311502968722
32.991569619127354,9.0,32.991569619127354,4.999953100644819,0.28522815688983066,0.7717499333925528,2.0285276627302284,0.09146158149125916,0.08114110650963002
33.01156961912736,9.0,33.01156961912736,4.999953100664881,0.2852281571160175,0.7739497914898504,2.0307274496721743,0.09155957196548647,0.08122909798660886
33.03156961912735,9.0,33.03156961912735,4.999953100684938,0.2852281573435002,0.7761496494187342,2.0329272364290674,0.09165756239087974,0.08131708945707797
33.051569619127356,9.0,33.051569619127356,4.999953100704999,0.28522815757018943,0.7783495072278804,2.0351270230750527,0.0917555528258811,0.0814050809229688
33.052569619127354,9.0,33.052569619127354,4.999953100706008,0.2852281575809339,0.7784595000864077,2.035237012365634,0.09176045225031837,0.08140948049208625
33.06856961912736,9.0,33.06856961912736,4.999953100722058,0.28522815776396243,0.7802193862453259,2.0369968416296693,0.0918388447277334,0.08147987366640512
33.088569619127355,9.0,33.088569619127355,4.999953100742115,0.2852281579914457,0.7824192438201789,2.0391966280534364,0.09193683513707551,0.08156786512275611
33.10856961912736,9.0,33.10856961912736,4.9999531007621725,0.2852281582182767,0.784619101294313,2.0413964144148986,0.0920348255601462,0.08165585657563378
33.128569619127354,9.0,33.128569619127354,4.999953100782228,0.285228158446929,0.7868189585974715,2.0435962005601844,0.0921328159541106,0.08174384802297364
33.14856961912736,9.0,33.14856961912736,4.999953100802287,0.28522815867449364,0.7890188158181574,2.045795986702768,0.09223080639338499,0.08183183946747605
33.168569619127354,9.0,33.168569619127354,4.999953100822347,0.2852281589026821,0.7912186728723214,2.047995772628987,0.09232879678613748,0.08191983090609009
33.18856961912736,9.0,33.18856961912736,4.999953100842397,0.2852281591315457,0.7934185298384623,2.0501955585341,0.09242678720126096,0.0820078223404764
33.20856961912735,9.0,33.20856961912735,4.999953100862456,0.285228159359889,0.7956183866499276,2.052395344225566,0.09252477757065058,0.08209581376868944
33.22856961912735,9.0,33.22856961912735,4.9999531008825135,0.2852281595893773,0.797818243380135,2.054595129895539,0.09262276799832136,0.0821838051956335
33.24856961912735,9.0,33.24856961912735,4.99995310090257,0.2852281598189327,0.800018099968603,2.0567949154306686,0.09272075839345706,0.08227179661749673
33.26856961912735,9.0,33.26856961912735,4.999953100922627,0.2852281600471346,0.8022179564439005,2.0589947008582423,0.09281874877269636,0.08235978803399549
33.28856961912735,9.0,33.28856961912735,4.999953100942681,0.2852281602779657,0.8044178127916287,2.0611944861474267,0.09291673914834053,0.0824477794461871
33.308569619127354,9.0,33.308569619127354,4.999953100962735,0.28522816050812455,0.8066176690428654,2.063394271374715,0.09301472953785317,0.08253577085475984
33.309569619127345,9.0,33.309569619127345,4.999953100963742,0.28522816051872923,0.8067276617423643,2.0635042604645495,0.09301962893204663,0.0825401704199925
33.32556961912735,9.0,33.32556961912735,4.99995310097979,0.28522816070362017,0.8084875468105006,2.0652640888175458,0.09309802150406421,0.08261056355408443
33.34556961912735,9.0,33.34556961912735,4.99995310099984,0.2852281609339808,0.8106874027654437,2.0674638737194972,0.09319601172826952,0.08269855494848508
33.36556961912735,9.0,33.36556961912735,4.999953101019896,0.2852281611646524,0.8128872587016752,2.0696636586507267,0.09329400209171212,0.0827865463449949
33.38556961912735,9.0,33.38556961912735,4.9999531010399485,0.2852281613956985,0.8150871144914118,2.0718634434093515,0.09339199244914687,0.08287453773756812
33.40556961912735,9.0,33.40556961912735,4.999953101060004,0.2852281616266089,0.8172869702176694,2.07406322819381,0.09348998284327625,0.08296252912764293
33.42556961912735,9.0,33.42556961912735,4.999953101080057,0.2852281618580303,0.8194868257760103,2.076263012746627,0.09358797315269096,0.0830505205097502
33.44556961912735,9.0,33.44556961912735,4.99995310110011,0.28522816208994567,0.8216866812667694,2.0784627972677945,0.09368596351674108,0.08313851189024338
33.46556961912734,9.0,33.46556961912734,4.999953101120158,0.2852281623213004,0.8238865366434237,2.0806625816863002,0.09378395386888516,0.08322650326700812
33.48556961912735,9.0,33.48556961912735,4.999953101140214,0.28522816255341615,0.8260863919065988,2.0828623660097247,0.09388194422325324,0.08331449464068029
33.50556961912734,9.0,33.50556961912734,4.999953101160266,0.2852281627856742,0.8282862470564772,2.0850621502267037,0.09397993456165032,0.08340248600960007
33.52556961912734,9.0,33.52556961912734,4.999953101180319,0.28522816301788456,0.8304861021159327,2.0872619343511594,0.09407792489108302,0.0834904773740041
33.54556961912734,9.0,33.54556961912734,4.9999531012003695,0.28522816325131267,0.832685957067893,2.0894617183807673,0.0941759152277728,0.08357846873554081
33.565569619127345,9.0,33.565569619127345,4.99995310122042,0.2852281634837686,0.8348858119217244,2.091661502332534,0.09427390556259252,0.08366646009348724
33.56656961912734,9.0,33.56656961912734,4.999953101221431,0.2852281634948946,0.8349958045480051,2.091771491351379,0.09427880480656547,0.08367085964981287
33.58256961912735,9.0,33.58256961912735,4.999953101237474,0.28522816368194404,0.8367556885137633,2.093531318671707,0.09435719745034676,0.08374125274730013
33.602569619127344,9.0,33.602569619127344,4.999953101257518,0.285228163916309,0.8389555431126715,2.0957311023742853,0.09445518767926009,0.08382924409508415
33.62256961912734,9.0,33.62256961912734,4.999953101277567,0.2852281641490514,0.841155397667893,2.097930886037121,0.09455317797057794,0.08391723544127233
33.64256961912734,9.0,33.64256961912734,4.999953101297617,0.28522816438290033,0.843355252135127,2.100130669614832,0.09465116826870812,0.0840052267834988
33.66256961912734,9.0,33.66256961912734,4.999953101317666,0.28522816461735984,0.8455551064877702,2.102330453092811,0.09474915858600919,0.08409321812364536
33.68256961912734,9.0,33.68256961912734,4.999953101337715,0.2852281648513903,0.8477549607756361,2.10453023654653,0.09484714893162471,0.08418120946255325
33.702569619127345,9.0,33.702569619127345,4.999953101357765,0.28522816508634014,0.8499548149321634,2.1067300198736048,0.09494513920889247,0.0842692007941541
33.72256961912734,9.0,33.72256961912734,4.999953101377813,0.2852281653206774,0.8521546689912065,2.1089298030557315,0.09504312949934834,0.08435719212318672
33.74256961912734,9.0,33.74256961912734,4.999953101397866,0.28522816555647695,0.8543545229879553,2.1111295862597568,0.09514111982033913,0.08444518344978706
33.76256961912733,9.0,33.76256961912733,4.999953101417911,0.28522816579085647,0.8565543768514382,2.1133293692785973,0.09523911008637831,0.08453317477100751
33.78256961912734,9.0,33.78256961912734,4.999953101437959,0.28522816602639567,0.8587542306627575,2.115529152291097,0.09533710040553056,0.08462116609175185
33.80256961912734,9.0,33.80256961912734,4.999953101458005,0.285228166263504,0.860954084347951,2.117728935185856,0.09543509067420186,0.08470915740659804
33.822569619127336,9.0,33.822569619127336,4.999953101478053,0.2852281664988788,0.8631539379429829,2.119928717964169,0.09553308095108615,0.08479714871870991
33.82356961912733,9.0,33.82356961912733,4.999953101479062,0.2852281665103643,0.8632639305213995,2.1200387069458824,0.09553798030849592,0.08480154827757443
33.83956961912734,9.0,33.83956961912734,4.999953101495103,0.2852281667005895,0.8650238135308383,2.121798533464934,0.09561637287228009,0.08487194133873611
33.859569619127335,9.0,33.859569619127335,4.999953101515143,0.2852281669368163,0.8672236668618546,2.1239983159649367,0.09571436298332903,0.08495993263906636
33.87956961912734,9.0,33.87956961912734,4.99995310153519,0.28522816717320687,0.8694235202365477,2.12619809859238,0.09581235327777904,0.08504792394380442
33.899569619127334,9.0,33.899569619127334,4.999953101555233,0.28522816741062673,0.8716233734808247,2.1283978810663364,0.09591034351842254,0.08513591524238971
33.91956961912734,9.0,33.91956961912734,4.999953101575282,0.28522816764675035,0.8738232266649262,2.130597663492423,0.09600833380537055,0.0852239065404446
33.93956961912734,9.0,33.93956961912734,4.999953101595327,0.2852281678848966,0.8760230797606371,2.132797445885502,0.09610632408271913,0.0853118978351134
33.959569619127336,9.0,33.959569619127336,4.999953101615369,0.2852281681224139,0.8782229327312249,2.134997228100712,0.09620431430984522,0.08539988912411914
33.97956961912733,9.0,33.97956961912733,4.999953101635414,0.28522816836088505,0.8804227856576001,2.137197010308569,0.09630230459545053,0.08548788041294458
33.999569619127335,9.0,33.999569619127335,4.999953101655461,0.28522816859887895,0.8826226384958068,2.1393967924596313,0.09640029485094836,0.08557587169752331
34.01956961912733,9.0,34.01956961912733,4.999953101675506,0.2852281688372084,0.8848224912187187,2.1415965744455274,0.09649828508731129,0.08566386297872702
34.03956961912733,9.0,34.03956961912733,4.99995310169555,0.2852281690758537,0.8870223439112075,2.1437963564923086,0.09659627538975868,0.08575185426058905
34.05956961912733,9.0,34.05956961912733,4.999953101715593,0.2852281693153967,0.8892221964678945,2.145996138360638,0.09669426558146865,0.08583984553334403
34.07956961912733,9.0,34.07956961912733,4.999953101735635,0.28522816955383085,0.8914220489609412,2.148195920144138,0.09679225582733064,0.08592783680618067
34.09956961912733,9.0,34.09956961912733,4.9999531017556755,0.2852281697936605,0.8936219013961959,2.1503957019531557,0.09689024611154018,0.08601582807854322
34.119569619127326,9.0,34.119569619127326,4.999953101775722,0.2852281700331376,0.8958217537125348,2.1525954836101655,0.09698823632509801,0.08610381934474118
34.13956961912733,9.0,34.13956961912733,4.999953101795763,0.2852281702727965,0.8980216059745197,2.1547952652223348,0.09708622654844623,0.08619181060781594
34.14056961912733,9.0,34.14056961912733,4.999953101796772,0.28522817028454794,0.89813159840017,2.1549052540096003,0.09709112588048607,0.08619621016399487
34.156569619127325,9.0,34.156569619127325,4.99995310181281,0.28522817047749,0.8998914804794674,2.156665079761803,0.0971695185213437,0.08626660319077349
34.17656961912733,9.0,34.17656961912733,4.999953101832844,0.2852281707187279,0.9020913324210137,2.158864861015579,0.09726750849783761,0.08635459444047434
34.19656961912733,9.0,34.19656961912733,4.999953101852887,0.2852281709591694,0.9042911844577779,2.1610646424205955,0.0973654987219561,0.08644258569705392
34.21656961912733,9.0,34.21656961912733,4.99995310187293,0.28522817119928934,0.9064910364274019,2.1632644237776524,0.09746348894850132,0.08653057695080159
34.23656961912733,9.0,34.23656961912733,4.9999531018929675,0.2852281714403691,0.9086908883022751,2.165464205050525,0.09756147917441171,0.08661856820238718
34.256569619127326,9.0,34.256569619127326,4.999953101913008,0.28522817168236964,0.9108907401043135,2.1676639862690825,0.09765946939242465,0.08670655945054144
34.27656961912732,9.0,34.27656961912732,4.999953101933047,0.28522817192398287,0.9130905918303389,2.1698637674078887,0.09775745959911997,0.08679455069554237
34.296569619127325,9.0,34.296569619127325,4.999953101953088,0.28522817216615365,0.9152904434742536,2.172063548464668,0.09785544982991579,0.08688254193989378
34.31656961912732,9.0,34.31656961912732,4.9999531019731265,0.28522817240769355,0.9174902950737668,2.174263329530826,0.0979534400515516,0.08697053318053496
34.336569619127324,9.0,34.336569619127324,4.9999531019931664,0.28522817264998296,0.9196901465459834,2.1764631104082923,0.09805143022933693,0.08705852441700009
34.35656961912732,9.0,34.35656961912732,4.9999531020132055,0.2852281728930198,0.921889998009585,2.178662891357564,0.09814942047755038,0.0871465156542973
34.376569619127324,9.0,34.376569619127324,4.999953102033246,0.2852281731363733,0.9240898493495842,2.1808626721436757,0.098247410641074,0.08723450688485886
34.39656961912732,9.0,34.39656961912732,4.999953102053283,0.2852281733795783,0.9262897006365304,2.1830624528879565,0.0983454008574951,0.08732249811586712
34.416569619127316,9.0,34.416569619127316,4.999953102073323,0.2852281736237997,0.9284895518561628,2.185262233609521,0.09844339108110689,0.08741048934509364
34.41756961912732,9.0,34.41756961912732,4.999953102074331,0.2852281736342836,0.9285995442800995,2.1853722224288634,0.09844829032407265,0.08741488889493942
34.433569619127326,9.0,34.433569619127326,4.999953102090366,0.28522817383050586,0.9303594254441746,2.1871320472883653,0.09852668291175037,0.08748528189213593
34.45356961912732,9.0,34.45356961912732,4.999953102110396,0.28522817407420836,0.9325592764375149,2.1893318277661296,0.09862467295174548,0.08757327311032313
34.473569619127325,9.0,34.473569619127325,4.999953102130433,0.2852281743182393,0.9347591274510584,2.191531608267585,0.0987226631200182,0.08766126433078837
34.49356961912732,9.0,34.49356961912732,4.999953102150466,0.2852281745628827,0.9369589784030808,2.1937313887295016,0.09882065332230816,0.08774925555024005
34.51356961912732,9.0,34.51356961912732,4.999953102170505,0.28522817480714924,0.9391588292942532,2.1959311691521246,0.09891864350825785,0.08783724676602962
34.53356961912732,9.0,34.53356961912732,4.999953102190543,0.2852281750524874,0.9413586801067736,2.1981309494812993,0.0990166336768381,0.08792523797879208
34.553569619127316,9.0,34.553569619127316,4.999953102210577,0.285228175298476,0.9435585308584482,2.2003307297723786,0.09911462387094883,0.0880132291908396
34.57356961912731,9.0,34.57356961912731,4.99995310223061,0.2852281755427424,0.9457583815460742,2.202530510007434,0.09921261404819037,0.08810122039963486
34.593569619127315,9.0,34.593569619127315,4.9999531022506485,0.28522817578919946,0.9479582321673924,2.2047302901843184,0.09931060423445248,0.08818921160727611
34.61356961912732,9.0,34.61356961912732,4.999953102270681,0.2852281760344709,0.9501580827307974,2.2069300703224526,0.09940859442189676,0.08827720281296365
34.633569619127314,9.0,34.633569619127314,4.9999531022907195,0.28522817628115127,0.9523579332189909,2.209129850392298,0.09950658458668271,0.08836519401516756
34.65356961912731,9.0,34.65356961912731,4.999953102310755,0.2852281765276304,0.9545577836400467,2.2113296303812264,0.0996045747595451,0.08845318521583388
34.67356961912731,9.0,34.67356961912731,4.999953102330787,0.28522817677385576,0.9567576340130567,2.213529410367396,0.09970256493775165,0.08854117641414468
34.67456961912732,9.0,34.67456961912732,4.9999531023317925,0.28522817678602685,0.9568676263109545,2.21363939901808,0.09970746428553356,0.0885455759676028
34.69056961912732,9.0,34.69056961912732,4.999953102347822,0.28522817698543146,0.9586275069526488,2.215399223545516,0.09978585688786379,0.08861596894259881
34.71056961912731,9.0,34.71056961912731,4.999953102367852,0.28522817723184957,0.9608273570120749,2.217599003143007,0.09988384674280293,0.08870396012471739
34.730569619127316,9.0,34.730569619127316,4.9999531023878845,0.2852281774788656,0.9630272071992347,2.2197987829166608,0.09998183689722961,0.08879195131666638
34.75056961912731,9.0,34.75056961912731,4.999953102407918,0.28522817772728326,0.9652270573376582,2.2219985626924537,0.10007982708255247,0.08887994250797376
34.770569619127315,9.0,34.770569619127315,4.999953102427948,0.2852281779753108,0.9674269074120518,2.2241983424093004,0.10017781724603592,0.08896793369658726
34.79056961912731,9.0,34.79056961912731,4.99995310244798,0.2852281782226656,0.9696267574212923,2.226398122056752,0.10027580738957398,0.08905592488185562
34.81056961912731,9.0,34.81056961912731,4.999953102468013,0.28522817847239534,0.9718266073588149,2.2285979016326554,0.10037379753936282,0.08914391606531666
34.83056961912731,9.0,34.83056961912731,4.999953102488049,0.2852281787209062,0.9740264572639631,2.2307976812084167,0.10047178771528653,0.08923190724839326
34.85056961912731,9.0,34.85056961912731,4.999953102508076,0.2852281789707993,0.97622630708398,2.232997460694594,0.10056977785899424,0.08931989842808744
34.87056961912731,9.0,34.87056961912731,4.999953102528111,0.2852281792195947,0.9784261568698044,2.2351972401543305,0.10066776802056654,0.08940788960681395
34.89056961912731,9.0,34.89056961912731,4.99995310254814,0.2852281794694652,0.980626006597159,2.2373970195874837,0.10076575816704114,0.08949588078283048
34.91056961912731,9.0,34.91056961912731,4.999953102568172,0.2852281797197068,0.9828258562442836,2.2395967989014545,0.10086374830200007,0.08958387195685687
34.930569619127304,9.0,34.930569619127304,4.9999531025882,0.2852281799696451,0.9850257058691312,2.241796578251218,0.10096173846539824,0.08967186312980477
34.9505696191273,9.0,34.9505696191273,4.999953102608229,0.2852281802201502,0.9872255554117761,2.2439963574903663,0.10105972860834433,0.08975985430098928
34.9705696191273,9.0,34.9705696191273,4.999953102628259,0.28522818047101395,0.9894254049301271,2.246196136759204,0.1011577187554602,0.08984784546970347
34.97156961912731,9.0,34.97156961912731,4.9999531026292665,0.2852281804829519,0.9895353972074965,2.246306125409277,0.10116261799448356,0.08985224501730192
34.98756961912731,9.0,34.98756961912731,4.999953102645292,0.2852281806847108,0.9912952771079565,2.248065949235627,0.10124101059450186,0.08992263796904648
35.00756961912731,9.0,35.00756961912731,4.999953102665315,0.2852281809354629,0.9934951263606338,2.250265728177028,0.10133900052742018,0.09001062912778444
35.027569619127306,9.0,35.027569619127306,4.999953102685343,0.2852281811874764,0.9956949757160306,2.252465507297304,0.101436990649584,0.09009862029115433
35.0475696191273,9.0,35.0475696191273,4.999953102705371,0.28522818143918827,0.9978948249858546,2.2546652862679837,0.1015349807565753,0.09018661145177452
35.067569619127305,9.0,35.067569619127305,4.999953102725398,0.28522818169072606,1.0000946742669514,2.256865065357312,0.10163297093108636,0.09027460261354966
35.0875696191273,9.0,35.0875696191273,4.999953102745428,0.2852281819429997,1.0022945234397371,2.259064844260792,0.10173096102927182,0.09036259377078537
35.107569619127304,9.0,35.107569619127304,4.999953102765452,0.28522818219575274,1.0044943726037274,2.2612646232252724,0.10182895119362545,0.09045058492940974
35.1275696191273,9.0,35.1275696191273,4.999953102785481,0.28522818244894715,1.0066942216950556,2.263464402110028,0.10192694130459312,0.09053857608381073
35.1475696191273,9.0,35.1475696191273,4.999953102805504,0.2852281827016263,1.00889407073874,2.2656641809210694,0.10202493143030611,0.090626567237603
35.1675696191273,9.0,35.1675696191273,4.999953102825532,0.28522818295485636,1.011093919754304,2.267863959773837,0.10212292157596092,0.09071455839049485
35.1875696191273,9.0,35.1875696191273,4.999953102845559,0.2852281832093977,1.0132937686845729,2.2700637384874947,0.10222091166022551,0.09080254953864418
35.2075696191273,9.0,35.2075696191273,4.999953102865584,0.28522818346289613,1.0154936175941225,2.27226351721671,0.10231890181212466,0.09089054068900872
35.227569619127294,9.0,35.227569619127294,4.999953102885612,0.2852281837171978,1.0176934664622197,2.274463295944967,0.102416891955597,0.09097853183798472
35.2285696191273,9.0,35.2285696191273,4.999953102886621,0.2852281837297799,1.017803458787567,2.2745732846959568,0.10242179116307382,0.0909829313828147
35.244569619127304,9.0,35.244569619127304,4.9999531029026425,0.2852281839344639,1.0195633380057731,2.276333107837529,0.10250018364090163,0.09105332431356608
35.2645696191273,9.0,35.2645696191273,4.999953102922659,0.28522818418886803,1.021763186710769,2.278532886378401,0.10259817368176916,0.09114131545588786
35.284569619127296,9.0,35.284569619127296,4.9999531029426825,0.28522818444358816,1.0239630354518388,2.2807326650039275,0.1026961638003192,0.09122930659997007
35.3045696191273,9.0,35.3045696191273,4.999953102962705,0.285228184699488,1.0261628841087787,2.2829324434779226,0.10279415386445678,0.0913172977388905
35.324569619127296,9.0,35.324569619127296,4.9999531029827295,0.28522818495474744,1.0283627327622662,2.2851322220013124,0.10289214400752922,0.0914052888800927
35.3445696191273,9.0,35.3445696191273,4.999953103002753,0.28522818521044796,1.0305625813685337,2.287332000496026,0.1029901341395838,0.09149328002034139
35.364569619127295,9.0,35.364569619127295,4.999953103022771,0.28522818546627904,1.0327624299282792,2.289531778947523,0.10308812424184532,0.0915812711575535
35.3845696191273,9.0,35.3845696191273,4.999953103042794,0.28522818572307646,1.0349622784247252,2.2917315573218198,0.10318611434592229,0.09166926229363127
35.404569619127294,9.0,35.404569619127294,4.999953103062818,0.2852281859797336,1.0371621269131288,2.293931335732106,0.10328410446109593,0.09175725342815227
35.4245696191273,9.0,35.4245696191273,4.999953103082838,0.28522818623699775,1.0393619753195578,2.2961311140112834,0.10338209456121028,0.09184524456168472
35.44456961912729,9.0,35.44456961912729,4.99995310310286,0.28522818649380927,1.041561823739706,2.2983308923949766,0.10348008470766312,0.09193323569578611
35.46456961912729,9.0,35.46456961912729,4.999953103122881,0.2852281867519881,1.0437616720727885,2.300530670624841,0.10357807476718084,0.09202122682437346
35.48456961912729,9.0,35.48456961912729,4.999953103142904,0.285228187009524,1.0459615203956745,2.3027304488811056,0.10367606488946324,0.09210921795482677
35.50456961912729,9.0,35.50456961912729,4.999953103162923,0.2852281872687406,1.0481613686673237,2.3049302271060736,0.1037740550119226,0.09219720908485723
35.50556961912729,9.0,35.50556961912729,4.999953103163928,0.2852281872807886,1.0482713611085086,2.305040216064591,0.10377895441353813,0.09220160863663274
35.52156961912729,9.0,35.52156961912729,4.999953103179944,0.2852281874879751,1.0500312396233644,2.3068000384927436,0.10385734652720124,0.09227200153978701
35.541569619127294,9.0,35.541569619127294,4.999953103199961,0.28522818774678516,1.052231087880559,2.3089998167190817,0.10395533669739909,0.09235999266875367
35.56156961912729,9.0,35.56156961912729,4.999953103219979,0.2852281880044593,1.0544309360747546,2.3111995949089943,0.10405332682211799,0.09244798379615957
35.581569619127286,9.0,35.581569619127286,4.999953103239996,0.2852281882638912,1.0566307841957534,2.3133993729860616,0.10415131688999657,0.09253597491919444
35.60156961912729,9.0,35.60156961912729,4.999953103260013,0.2852281885240614,1.0588306323001144,2.315599151070088,0.10424930700361434,0.09262396604315154
35.621569619127285,9.0,35.621569619127285,4.999953103280028,0.28522818878425193,1.061030480372522,2.317798929142376,0.10434729711434132,0.09271195716609042
35.64156961912729,9.0,35.64156961912729,4.999953103300047,0.2852281890436981,1.0632303284075537,2.319998707171516,0.10444528720486801,0.09279994828692781
35.66156961912729,9.0,35.66156961912729,4.999953103320063,0.2852281893038976,1.0654301764130771,2.322198485180649,0.10454327730088853,0.09288793940700513
35.68156961912729,9.0,35.68156961912729,4.999953103340081,0.285228189564916,1.067630024394218,2.3243982631741438,0.10464126741379909,0.09297593052761244
35.701569619127284,9.0,35.701569619127284,4.999953103360094,0.2852281898258755,1.0698298723413298,2.3265980411636527,0.10473925751566182,0.09306392164665382
35.72156961912729,9.0,35.72156961912729,4.999953103380115,0.28522819008778083,1.0720297202378264,2.3287978190733702,0.10483724758745616,0.09315191276291815
35.74156961912728,9.0,35.74156961912728,4.99995310340013,0.2852281903493129,1.0742295681309493,2.3309975970032895,0.10493523769396162,0.09323990387989796
35.761569619127286,9.0,35.761569619127286,4.999953103420146,0.28522819061091337,1.076429415990136,2.3331973749082495,0.10503322779939883,0.09332789499666126
35.762569619127284,9.0,35.762569619127284,4.999953103421153,0.28522819062355903,1.0765394084143416,2.3333073638579473,0.10503812718963523,0.09333229454749561
35.77856961912729,9.0,35.77856961912729,4.999953103437164,0.28522819083389434,1.0782992865864844,2.335067186022584,0.10511651929495791,0.09340268744048186
35.798569619127285,9.0,35.798569619127285,4.999953103457174,0.2852281910963152,1.0804991344568902,2.3372669639667816,0.10521450948391609,0.09349067855917023
35.81856961912728,9.0,35.81856961912728,4.999953103477185,0.28522819135893507,1.0826989822509694,2.3394667418753436,0.1053124996029382,0.09357866967546202
35.838569619127284,9.0,35.838569619127284,4.999953103497198,0.28522819162168667,1.0848988299856106,2.341666519665816,0.10541048964450495,0.0936666607860468
35.85856961912728,9.0,35.85856961912728,4.999953103517211,0.2852281918849557,1.0870986777289575,2.343866297479942,0.10550847975804234,0.09375465189970406
35.87856961912728,9.0,35.87856961912728,4.999953103537223,0.28522819214931794,1.0892985254425511,2.346066075310285,0.10560646987012268,0.0938426430128633
35.89856961912729,9.0,35.89856961912729,4.9999531035572335,0.2852281924128308,1.091498373125928,2.3482658530889555,0.10570445994185818,0.09393063412311216
35.91856961912728,9.0,35.91856961912728,4.999953103577245,0.28522819267724236,1.093698220787788,2.3504656308455125,0.10580245003662703,0.09401862523410955
35.93856961912728,9.0,35.93856961912728,4.999953103597256,0.2852281929410701,1.0958980684417716,2.3526654086275847,0.1059004401436443,0.09410661634513204
35.95856961912728,9.0,35.95856961912728,4.999953103617265,0.2852281932058363,1.0980979160695965,2.354865186376956,0.10599843022381883,0.09419460745433597
35.97856961912728,9.0,35.97856961912728,4.999953103637275,0.2852281934712971,1.1002977636704216,2.357064964097145,0.10609642032040356,0.09428259856425049
35.998569619127274,9.0,35.998569619127274,4.999953103657282,0.2852281937365978,1.102497611272202,2.3592647418611863,0.10619441044041711,0.09437058967511464
36.01856961912728,9.0,36.01856961912728,4.9999531036772895,0.2852281940014099,1.104697458855056,2.361464519597691,0.1062924005158925,0.0944585807831328
36.019569619127275,9.0,36.019569619127275,4.9999531036782985,0.28522819401495847,1.1048074511789336,2.3615745083996154,0.10629730000997206,0.09446298033855145
36.03556961912728,9.0,36.03556961912728,4.99995310369431,0.2852281942288528,1.106567329295878,2.3633343306602437,0.1063756921290655,0.09453337322600432
36.05556961912728,9.0,36.05556961912728,4.999953103714313,0.28522819449508724,1.1087671768219278,2.365534108337672,0.10647368219582365,0.09462136433346129
36.07556961912728,9.0,36.07556961912728,4.999953103734317,0.2852281947616925,1.110967024362845,2.367733886078189,0.10657167230691567,0.09470935544328106
36.095569619127275,9.0,36.095569619127275,4.999953103754321,0.2852281950278571,1.1131668718720118,2.3699336637468686,0.10666966237021103,0.09479734654972614
36.11556961912727,9.0,36.11556961912727,4.999953103774326,0.2852281952951387,1.1153667193902346,2.3721334414494666,0.1067676524757748,0.09488533765791884
36.135569619127274,9.0,36.135569619127274,4.999953103794335,0.28522819556254403,1.1175665668976615,2.374333219150192,0.10686564258394582,0.09497332876662565
36.15556961912728,9.0,36.15556961912728,4.999953103814339,0.28522819582982145,1.1197664144037267,2.3765329968782267,0.10696363267200093,0.09506131987377459
36.17556961912727,9.0,36.17556961912727,4.999953103834343,0.2852281960984673,1.1219662618736248,2.378732774529982,0.10706162275815467,0.09514931098156934
36.195569619127276,9.0,36.195569619127276,4.999953103854346,0.2852281963669829,1.124166109374567,2.3809325522707927,0.10715961287770859,0.09523730209033408
36.21556961912727,9.0,36.21556961912727,4.9999531038743505,0.2852281966354371,1.126365956833943,2.383132329940347,0.10725760296054143,0.09532529319780464
36.23556961912727,9.0,36.23556961912727,4.999953103894358,0.2852281969045744,1.1285658043145246,2.385332107663221,0.10735559307457554,0.09541328430663072
36.25556961912727,9.0,36.25556961912727,4.999953103914353,0.2852281971735756,1.1307656517929163,2.3875318853789427,0.10745358317616249,0.09550127541537679
36.27556961912727,9.0,36.27556961912727,4.999953103934356,0.28522819744353994,1.1329654992558131,2.389731663099128,0.10755157327226628,0.0955892665238326
36.27656961912727,9.0,36.27656961912727,4.999953103935364,0.2852281974556398,1.1330754915025736,2.3898416517806083,0.10755647262186363,0.0955936660728513
36.29256961912728,9.0,36.29256961912728,4.999953103951364,0.2852281976723982,1.1348353697369982,2.391601474336362,0.10763486503513375,0.09566405897267151
36.312569619127274,9.0,36.312569619127274,4.999953103971358,0.2852281979426621,1.1370352170860278,2.3938012518929606,0.10773285497042462,0.0957520500764069
36.33256961912727,9.0,36.33256961912727,4.999953103991358,0.2852281982124197,1.1392350645790656,2.396001029689543,0.10783084509180507,0.09584004118756836
36.35256961912727,9.0,36.35256961912727,4.999953104011359,0.28522819848338826,1.1414349120488567,2.3982008074173486,0.10792883516309715,0.09592803229626114
36.37256961912727,9.0,36.37256961912727,4.999953104031351,0.28522819875477406,1.1436347595335699,2.4004005851747428,0.10802682526890695,0.09601602340655258
36.39256961912727,9.0,36.39256961912727,4.999953104051354,0.28522819902656904,1.1458346070331837,2.4026003629689487,0.10812481540004426,0.09610401451926866
36.41256961912727,9.0,36.41256961912727,4.999953104071349,0.2852281992975618,1.1480344545509276,2.4048001408084283,0.10822280552071417,0.09619200563226217
36.43256961912727,9.0,36.43256961912727,4.999953104091347,0.2852281995698335,1.1502343020634593,2.4069999186124136,0.10832079561622376,0.09627999674474813
36.45256961912727,9.0,36.45256961912727,4.9999531041113405,0.28522819984206355,1.152434149610104,2.4091996964847904,0.10841878574402397,0.09636798785943113
36.47256961912726,9.0,36.47256961912726,4.999953104131336,0.2852282001150142,1.154633997149222,2.41139947434491,0.10851677584030606,0.0964559789730465
36.492569619127266,9.0,36.492569619127266,4.999953104151331,0.2852282003886449,1.1568338447064546,2.413599252219845,0.10861476596427821,0.09654397008918139
36.51256961912726,9.0,36.51256961912726,4.999953104171321,0.2852282006616568,1.1590336922994475,2.415799030173961,0.10871275610661435,0.09663196120723623
36.53256961912726,9.0,36.53256961912726,4.999953104191315,0.2852282009349079,1.1612335398990503,2.417998808114683,0.10881074621739972,0.09671995232489171
36.53356961912726,9.0,36.53356961912726,4.99995310419232,0.28522820094737716,1.1613435322387353,2.4181087969457518,0.10881564567476953,0.09672435187862517
36.54956961912727,9.0,36.54956961912727,4.999953104208314,0.285228201167838,1.1631034104366789,2.419868619467446,0.10889403789057694,0.09679474477863838
36.569569619127265,9.0,36.569569619127265,4.999953104228303,0.2852282014419745,1.1653032580336475,2.4220683974041353,0.10899202794640406,0.09688273589628421
36.58956961912727,9.0,36.58956961912727,4.999953104248292,0.28522820171605917,1.167503105718102,2.4242681754675317,0.10909001808681928,0.09697072701867011
36.609569619127264,9.0,36.609569619127264,4.999953104268282,0.28522820199099863,1.1697029534204813,2.4264679535411267,0.10918800821118935,0.09705871814158983
36.62956961912726,9.0,36.62956961912726,4.999953104288267,0.2852282022659164,1.1719028011528843,2.4286677316539738,0.10928599833593045,0.09714670926537675
36.64956961912726,9.0,36.64956961912726,4.999953104308258,0.28522820254070275,1.174102648927607,2.430867509806335,0.10938398848177999,0.09723470039216879
36.66956961912726,9.0,36.66956961912726,4.999953104328243,0.2852282028173284,1.1763024967292521,2.433067288029088,0.1094819786426342,0.09732269152162737
36.68956961912726,9.0,36.68956961912726,4.999953104348228,0.2852282030931174,1.1785023445674558,2.4352670662667526,0.10957996877116294,0.097410682650648
36.70956961912726,9.0,36.70956961912726,4.999953104368212,0.2852282033699527,1.1807021924437053,2.437466844552931,0.10967795892920829,0.09749867378320178
36.72956961912726,9.0,36.72956961912726,4.999953104388196,0.2852282036463386,1.1829020403806019,2.4396666229301327,0.1097759490798953,0.09758666491663483
36.74956961912726,9.0,36.74956961912726,4.999953104408181,0.28522820392402937,1.1851018883293052,2.4418664012792264,0.10987393919879396,0.09767465605026811
36.76956961912725,9.0,36.76956961912725,4.999953104428163,0.2852282042011733,1.1873017363537797,2.444066179728855,0.10997192938633438,0.09776264718973623
36.789569619127256,9.0,36.789569619127256,4.999953104448141,0.2852282044792344,1.189501584432537,2.4462659582857116,0.11006991957595491,0.09785063833195513
36.790569619127254,9.0,36.790569619127254,4.999953104449147,0.2852282044923014,1.1896115768764668,2.446375947273473,0.11007481913021877,0.09785503789076547
36.80656961912726,9.0,36.80656961912726,4.999953104465133,0.28522820471508376,1.191371455303872,2.4481357700045887,0.1101532111396537,0.09792543080068926
36.82656961912726,9.0,36.82656961912726,4.999953104485108,0.2852282049936549,1.1935713035094024,2.45033554867538,0.11025120135223476,0.09801342194673829
36.84656961912726,9.0,36.84656961912726,4.999953104505085,0.2852282052716691,1.1957711517409841,2.4525353273860997,0.11034919154516176,0.09810141309553423
36.866569619127254,9.0,36.866569619127254,4.999953104525059,0.2852282055501955,1.197971000019487,2.454735106132453,0.1104471817100039,0.09818940424509552
36.88656961912726,9.0,36.88656961912726,4.999953104545033,0.2852282058303614,1.2001708483765723,2.4569348849651647,0.11054517190436042,0.09827739539900197
36.906569619127254,9.0,36.906569619127254,4.9999531045650105,0.28522820611000615,1.2023706968049308,2.459134663888941,0.1106431621030155,0.09836538655601926
36.92656961912726,9.0,36.92656961912726,4.999953104584981,0.2852282063897542,1.2045705453010938,2.461334442885515,0.11074115228319803,0.09845337771469842
36.94656961912726,9.0,36.94656961912726,4.9999531046049555,0.28522820666987825,1.2067703938653858,2.463534221923725,0.1108391424678783,0.09854136887658867
36.966569619127256,9.0,36.966569619127256,4.999953104624925,0.28522820694977824,1.2089702425330735,2.4657340011123985,0.11093713270736827,0.09862936004491686
36.98656961912725,9.0,36.98656961912725,4.999953104644894,0.2852282072314086,1.2111700912600567,2.4679337803748496,0.11103512290647499,0.09871735121432383
37.00656961912725,9.0,37.00656961912725,4.9999531046648595,0.28522820751213646,1.2133699400599602,2.4701335596679637,0.1111331131063511,0.09880534238710385
37.02656961912725,9.0,37.02656961912725,4.99995310468483,0.2852282077942934,1.2155697889873145,2.472333339148187,0.11123110335941355,0.09889333356596627
37.04656961912725,9.0,37.04656961912725,4.999953104704795,0.28522820807671373,1.2177696379724023,2.474533118666544,0.11132909356621523,0.09898132474630501
37.06656961912725,9.0,37.06656961912725,4.999953104724758,0.28522820835775375,1.2199694870722808,2.4767328982961687,0.11142708381705102,0.09906931593297999
37.06756961912725,9.0,37.06756961912725,4.999953104725763,0.2852282083722904,1.2200794797249703,2.476842887591636,0.11143198333550863,0.09907371549204501
37.08356961912725,9.0,37.08356961912725,4.999953104741735,0.2852282085982717,1.2218393587325889,2.47860271084602,0.11151037525499619,0.09914410843419685
37.10356961912725,9.0,37.10356961912725,4.999953104761694,0.2852282088813382,1.2240392082008746,2.4808024909408646,0.1116083657660818,0.09923209963772472
37.12356961912725,9.0,37.12356961912725,4.999953104781649,0.28522820916427755,1.2262390575895679,2.483002270937609,0.11170635603719314,0.0993200908372685
37.14356961912725,9.0,37.14356961912725,4.999953104801608,0.28522820944846783,1.2284389070782686,2.485202050978365,0.11180434627342462,0.09940808203914538
37.163569619127244,9.0,37.163569619127244,4.999953104821565,0.28522820973215435,1.2306387567166954,2.487401831194088,0.11190233655982262,0.0994960732478333
37.18356961912725,9.0,37.18356961912725,4.999953104841518,0.2852282100161811,1.2328386064820818,2.4896016115568242,0.11200032685694827,0.0995840644626683
37.20356961912725,9.0,37.20356961912725,4.999953104861471,0.2852282103006117,1.2350384563570302,2.4918013920222473,0.11209831712299723,0.09967205568035414
37.22356961912725,9.0,37.22356961912725,4.999953104881422,0.2852282105856036,1.2372383063708632,2.494001172623485,0.11219630742086273,0.09976004690493202
37.24356961912725,9.0,37.24356961912725,4.9999531049013735,0.28522821087099126,1.2394381565397803,2.496200953412444,0.11229429775672894,0.09984803813738193
37.263569619127246,9.0,37.263569619127246,4.999953104921322,0.28522821115630903,1.241638006840896,2.498400734348304,0.11239228806354595,0.09993602937368305
37.28356961912724,9.0,37.28356961912724,4.999953104941269,0.28522821144236554,1.243837857274435,2.500600515375389,0.1124902783549806,0.10002402061438197
37.303569619127245,9.0,37.303569619127245,4.999953104961213,0.28522821172895835,1.2460377078866725,2.5028002966186254,0.11258826872170902,0.1001120118653064
37.32356961912724,9.0,37.32356961912724,4.999953104981156,0.2852282120143927,1.248237558662736,2.505000078053916,0.11268625907844743,0.10020000312211537
37.324569619127246,9.0,37.324569619127246,4.9999531049821595,0.2852282120290065,1.2483475512302735,2.5051100671636,0.11269115870765978,0.10020440268983563
37.340569619127244,9.0,37.340569619127244,4.999953104998113,0.28522821225871337,1.2501074319665477,2.5068698923916566,0.11276955085651985,0.1002747956953923
37.36056961912725,9.0,37.36056961912725,4.999953105018044,0.2852282125465312,1.252307283026621,2.509069674087685,0.11286754120247466,0.10036278696285299
37.38056961912724,9.0,37.38056961912724,4.9999531050379815,0.28522821283389455,1.2545071342722793,2.5112694560102815,0.11296553160465939,0.10045077824013693
37.40056961912724,9.0,37.40056961912724,4.999953105057917,0.2852282131222217,1.256706985701079,2.5134692380996797,0.11306352200521452,0.10053876952497237
37.42056961912724,9.0,37.42056961912724,4.999953105077849,0.28522821340961385,1.2589068373549326,2.515669020444025,0.11316151241014949,0.10062676081688837
37.440569619127245,9.0,37.440569619127245,4.999953105097782,0.28522821369887363,1.2611066891642593,2.5178688029044554,0.11325950280205865,0.10071475211632784
37.46056961912724,9.0,37.46056961912724,4.999953105117706,0.28522821398799925,1.2633065412184759,2.5200685856560647,0.11335749325175115,0.10080274342606763
37.480569619127245,9.0,37.480569619127245,4.999953105137636,0.28522821427660305,1.265506393464379,2.5222683685927896,0.11345548368289204,0.10089073474333839
37.50056961912724,9.0,37.50056961912724,4.999953105157553,0.2852282145667403,1.267706245935023,2.524468151760496,0.11355347414574202,0.10097872607081701
37.52056961912724,9.0,37.52056961912724,4.9999531051774735,0.2852282148569084,1.2699060986337956,2.5266679351754395,0.1136514646248985,0.10106671740777452
37.54056961912724,9.0,37.54056961912724,4.999953105197395,0.2852282151465527,1.2721059515720925,2.528867718834485,0.11374945510022871,0.1011547087531932
37.560569619127236,9.0,37.560569619127236,4.999953105217309,0.28522821543732324,1.2743058047419706,2.531067502709542,0.11384744558243254,0.1012427001080882
37.58056961912723,9.0,37.58056961912723,4.9999531052372195,0.28522821572905155,1.2765056581793508,2.5332672868744406,0.11394543611840491,0.10133069147563573
37.58156961912724,9.0,37.58156961912724,4.999953105238222,0.2852282157432804,1.276615650903145,2.533377276150829,0.11395033575352631,0.10133509104844514
37.59756961912724,9.0,37.59756961912724,4.9999531052541535,0.28522821597687814,1.2783755338775051,2.5351371037159667,0.11402872807517084,0.1014054841473962
37.61756961912724,9.0,37.61756961912724,4.999953105274055,0.2852282162687154,1.28057538773879,2.5373368882837237,0.11412671857045975,0.10149347553171925
37.637569619127234,9.0,37.637569619127234,4.999953105293956,0.2852282165602031,1.2827752419371834,2.539536673273435,0.11422470918182981,0.10158146693139837
37.65756961912724,9.0,37.65756961912724,4.9999531053138595,0.2852282168532067,1.284975096402568,2.5417364584746847,0.11432269972911446,0.10166945833838681
37.67756961912723,9.0,37.67756961912723,4.999953105333755,0.2852282171456143,1.2871749511944628,2.5439362440149274,0.11442069034222357,0.1017574497604
37.697569619127236,9.0,37.697569619127236,4.99995310535365,0.28522821743874044,1.2893748062938397,2.5461360298958824,0.11451868097254292,0.10184544119535316
37.71756961912723,9.0,37.71756961912723,4.999953105373541,0.28522821773134366,1.2915746616999324,2.548335816074239,0.11461667162180578,0.10193343264418558
37.737569619127235,9.0,37.737569619127235,4.999953105393429,0.28522821802593357,1.2937745174516573,2.5505356026388495,0.11471466227922278,0.1020214241049414
37.75756961912723,9.0,37.75756961912723,4.999953105413316,0.2852282183203259,1.2959743734949976,2.5527353894300737,0.1148126529143838,0.10210941557709163
37.777569619127235,9.0,37.777569619127235,4.999953105433197,0.28522821861437236,1.298174229937589,2.554935176682185,0.11491064365661563,0.10219740706786601
37.79756961912723,9.0,37.79756961912723,4.999953105453076,0.28522821890973116,1.3003740867191231,2.557134964276896,0.11500863437418474,0.10228539857128781
37.81756961912723,9.0,37.81756961912723,4.999953105472949,0.28522821920485036,1.3025739438714532,2.5593347522341645,0.11510662510823955,0.1023733900894318
37.83756961912723,9.0,37.83756961912723,4.999953105492817,0.2852282195007467,1.3047738014150372,2.5615345405919476,0.11520461588054798,0.1024613816239661
37.83856961912723,9.0,37.83856961912723,4.999953105493819,0.2852282195148146,1.3048837943595202,2.5616445300918116,0.11520951539232849,0.10246578119980607
37.85456961912723,9.0,37.85456961912723,4.999953105509716,0.2852282197520254,1.306643680750316,2.563404361109122,0.11528790806811573,0.1025361744436697
37.87456961912723,9.0,37.87456961912723,4.99995310552957,0.28522822004836856,1.308843538971322,2.5656041501653726,0.11538589884450001,0.1026241660071911
37.89456961912723,9.0,37.89456961912723,4.999953105549422,0.2852282203453954,1.3110433976492113,2.567803939722727,0.11548388969576484,0.10271215758851224
37.91456961912723,9.0,37.91456961912723,4.999953105569281,0.2852282206425931,1.3132432567545664,2.570003729626774,0.11558188053313101,0.10280014918516336
37.93456961912723,9.0,37.93456961912723,4.999953105589128,0.28522822093991357,1.3154431163706712,2.5722035201172835,0.11567987147472203,0.10288814080456636
37.95456961912723,9.0,37.95456961912723,4.999953105608974,0.28522822123775793,1.3176429764149078,2.5744033110040734,0.11577786238543797,0.1029761324407629
37.97456961912723,9.0,37.97456961912723,4.9999531056288165,0.28522822153583555,1.3198428369558624,2.5766031024297047,0.11587585334385242,0.10306412409698107
37.994569619127226,9.0,37.994569619127226,4.9999531056486495,0.2852282218344957,1.322042697970479,2.5788028942978887,0.11597384429021651,0.10315211577068567
38.01456961912723,9.0,38.01456961912723,4.99995310566848,0.28522822213277466,1.3242425595083025,2.5810026867006,0.11607183533138321,0.10324010746919421
38.034569619127225,9.0,38.034569619127225,4.999953105688304,0.285228222433,1.3264424215666657,2.5832024796891715,0.11616982638113993,0.10332809918708122
38.05456961912722,9.0,38.05456961912722,4.9999531057081255,0.28522822273223053,1.3286422841251084,2.5854022730943695,0.11626781739893799,0.10341609092301085
38.074569619127224,9.0,38.074569619127224,4.999953105727941,0.28522822303218687,1.3308421472893015,2.587602067157517,0.11636580855371936,0.10350408268716946
38.09456961912722,9.0,38.09456961912722,4.999953105747749,0.2852282233323543,1.3330420110226069,2.5898018618405505,0.11646379971178233,0.10359207447344343
38.095569619127225,9.0,38.095569619127225,4.999953105748746,0.2852282233472041,1.3331520041121545,2.5899118513765207,0.11646869908055058,0.10359647405558706
38.11156961912723,9.0,38.11156961912723,4.9999531057645905,0.28522822358847605,1.3349118959831405,2.591671688074257,0.11654709246769257,0.10366686752235633
38.13156961912723,9.0,38.13156961912723,4.999953105784381,0.2852282238892253,1.3371117605432403,2.593871483516765,0.11664508337688506,0.10375485934169758
38.15156961912722,9.0,38.15156961912722,4.999953105804171,0.2852282241903268,1.3393116259540134,2.596071279900161,0.11674307462371436,0.10384285119545654
38.17156961912722,9.0,38.17156961912722,4.999953105823959,0.28522822449249324,1.3415114920052593,2.598271076821434,0.11684106585586229,0.10393084307147725
38.19156961912722,9.0,38.19156961912722,4.999953105843735,0.2852282247946984,1.3437113587896097,2.6004708745351435,0.11693905724483344,0.1040188349817422
38.21156961912722,9.0,38.21156961912722,4.999953105863509,0.28522822509783696,1.3459112262437103,2.6026706729709375,0.11703704864471232,0.10410682691972509
38.23156961912722,9.0,38.23156961912722,4.999953105883275,0.2852282254004522,1.3481110943832277,2.604870472063181,0.1171350400175124,0.10419481888219777
38.251569619127224,9.0,38.251569619127224,4.999953105903034,0.28522822570361095,1.350310963249335,2.607070271856608,0.11723303144203245,0.10428281087365643
38.27156961912722,9.0,38.27156961912722,4.999953105922788,0.2852282260081709,1.3525108328718833,2.609270072444637,0.11733102295752529,0.10437080289787237
38.291569619127216,9.0,38.291569619127216,4.999953105942533,0.2852282263116222,1.3547107032615928,2.6114698738150284,0.11742901451655596,0.10445879495367347
38.31156961912722,9.0,38.31156961912722,4.999953105962269,0.2852282266164601,1.3569105744437935,2.6136696759916207,0.11752700609555711,0.10454678703964185
38.331569619127215,9.0,38.331569619127215,4.999953105981998,0.2852282269210835,1.3591104464261459,2.615869478927227,0.11762499770442081,0.10463477915727921
38.35156961912722,9.0,38.35156961912722,4.999953106001718,0.2852282272263925,1.3613103192755664,2.618069282778575,0.1177229894065126,0.10472277131077386
38.371569619127214,9.0,38.371569619127214,4.99995310602143,0.2852282275320209,1.3635101929699251,2.6202690874667716,0.11782098114141526,0.10481076349890707
38.37256961912721,9.0,38.37256961912721,4.999953106022422,0.2852282275463729,1.3636201867493518,2.6203790777924443,0.11782588078029432,0.10481516311121318
38.38856961912722,9.0,38.38856961912722,4.999953106038188,0.2852282277922799,1.3653800866178714,2.6221389224659424,0.11790427431698625,0.10488555689904751
38.40856961912722,9.0,38.40856961912722,4.999953106057883,0.2852282280979038,1.3675799617745148,2.6243387286417117,0.11800226592459118,0.10497354914442386
38.42856961912722,9.0,38.42856961912722,4.999953106077569,0.2852282284056798,1.3697798379660429,2.6265385358293414,0.11810025781095823,0.10506154143420218
38.44856961912721,9.0,38.44856961912721,4.9999531060972435,0.2852282287126431,1.3719797152297204,2.6287383441452534,0.1181982498148022,0.1051495337655562
38.468569619127216,9.0,38.468569619127216,4.999953106116912,0.28522822901943384,1.3741795934702756,2.630938153384824,0.11829624181060816,0.1052375261354662
38.48856961912722,9.0,38.48856961912722,4.999953106136576,0.2852282293281464,1.376379472747933,2.6331379637092076,0.11839423388504011,0.10532551854763895
38.508569619127215,9.0,38.508569619127215,4.999953106156226,0.285228229635554,1.3785793530594017,2.6353377750476072,0.11849222601151999,0.10541351100253206
38.52856961912721,9.0,38.52856961912721,4.999953106175865,0.2852282299450505,1.3807792344609888,2.637537587518484,0.11859021820398263,0.10550150350031952
38.548569619127214,9.0,38.548569619127214,4.999953106195493,0.28522823025404137,1.382979116942221,2.6397374010365486,0.11868821043700861,0.10558949604165116
38.56856961912721,9.0,38.56856961912721,4.99995310621511,0.2852282305628302,1.3851790005973388,2.641937215761396,0.11878620277161445,0.10567748863025621
38.588569619127206,9.0,38.588569619127206,4.999953106234719,0.2852282308737769,1.387378885399186,2.644137031627137,0.11888419514781523,0.10576548126484114
38.60856961912721,9.0,38.60856961912721,4.999953106254313,0.28522823118329865,1.3895787714154415,2.646336848713451,0.118982187607096,0.10585347394835587
38.628569619127205,9.0,38.628569619127205,4.999953106273897,0.28522823149392523,1.3917786586583054,2.6485366670454713,0.11908018013660215,0.10594146668150982
38.62956961912721,9.0,38.62956961912721,4.999953106274881,0.28522823150985305,1.3918886531450998,2.648646658078709,0.1190850799476233,0.10594586632726907
38.645569619127215,9.0,38.645569619127215,4.999953106290539,0.2852282317594856,1.393648564235845,2.6504065140389494,0.11916347405933969,0.1060162605615403
38.66556961912721,9.0,38.66556961912721,4.999953106310094,0.2852282320699284,1.3958484535573377,2.6526063344557755,0.11926146642540303,0.10610425337776772
38.68556961912721,9.0,38.68556961912721,4.999953106329642,0.2852282323823322,1.3980483443804639,2.654806156382371,0.1193594591622078,0.10619224625503831
38.70556961912721,9.0,38.70556961912721,4.9999531063491744,0.28522823269403463,1.4002482366898004,2.657005979777141,0.11945745204286706,0.10628023919133921
38.72556961912721,9.0,38.72556961912721,4.999953106368694,0.28522823300661243,1.4024481304254692,2.6592058046478484,0.11955544498969295,0.10636823218587804
38.74556961912721,9.0,38.74556961912721,4.999953106388202,0.2852282333198742,1.4046480255859841,2.6614056309088596,0.1196534379438976,0.1064562252350417
38.765569619127206,9.0,38.765569619127206,4.999953106407695,0.2852282336328587,1.4068479222319075,2.663605458665652,0.11975143104069486,0.10654421834779337
38.78556961912721,9.0,38.78556961912721,4.999953106427173,0.2852282339470045,1.4090478204073835,2.665805288016775,0.1198494242151058,0.10663221152053791
38.805569619127205,9.0,38.805569619127205,4.999953106446635,0.2852282342608843,1.4112477201012426,2.6680051188134626,0.11994741741575421,0.10672020475236174
38.8255696191272,9.0,38.8255696191272,4.999953106466084,0.28522823457635743,1.4134476214317544,2.670204951285395,0.12004541077075537,0.10680819805099832
38.845569619127204,9.0,38.845569619127204,4.999953106485515,0.28522823489135546,1.4156475243865798,2.6724047853888706,0.12014340420394976,0.10689619141511562
38.8655696191272,9.0,38.8655696191272,4.999953106504931,0.2852282352067639,1.4178474290275318,2.67460462118253,0.12024139774106235,0.10698418484745784
38.8855696191272,9.0,38.8855696191272,4.999953106524329,0.28522823552223575,1.4200473353933158,2.676804458729954,0.1203393913729045,0.10707217834876438
38.905569619127206,9.0,38.905569619127206,4.999953106543715,0.28522823583873186,1.4222472435037639,2.6790042979898527,0.12043738508345836,0.10716017191981664
38.9255696191272,9.0,38.9255696191272,4.99995310656307,0.2852282361554584,1.4244471534492742,2.6812041391187096,0.1205353789288175,0.10724816556478209
38.9455696191272,9.0,38.9455696191272,4.999953106582416,0.28522823647186474,1.4266470652334968,2.6834039820795907,0.12063337285516651,0.1073361592830822
38.9655696191272,9.0,38.9655696191272,4.999953106601743,0.2852282367902445,1.428846978916507,2.6856038269459255,0.12073136690195185,0.10742415307830391
38.9855696191272,9.0,38.9855696191272,4.999953106621048,0.2852282371082196,1.4310468945421433,2.6878036737732183,0.12082936105762165,0.10751214695132917
39.00556961912719,9.0,39.00556961912719,4.999953106640332,0.2852282374259697,1.4332468121670048,2.690003522591888,0.1209273553010517,0.10760014090242358
39.0255696191272,9.0,39.0255696191272,4.999953106659598,0.28522823774446165,1.4354467318132065,2.6922033734180335,0.12102534968908785,0.10768813493775684
39.04556961912719,9.0,39.04556961912719,4.999953106678846,0.2852282380645597,1.437646653569045,2.6944032264323825,0.12112334421625093,0.10777612905758616
39.065569619127196,9.0,39.065569619127196,4.999953106698069,0.2852282383836923,1.439846577413849,2.6966030814732265,0.12122133877851105,0.10786412325821147
39.08556961912719,9.0,39.08556961912719,4.99995310671727,0.28522823870403236,1.4420465034668843,2.6988029387463666,0.12131933352804958,0.10795211754959608
39.105569619127195,9.0,39.105569619127195,4.999953106736449,0.28522823902419764,1.444246431750969,2.7010027982475067,0.12141732838967911,0.10804011192979401
39.12556961912719,9.0,39.12556961912719,4.999953106755607,0.2852282393456465,1.4464463623140644,2.703202660058276,0.12151532340037652,0.10812810640332769
39.14556961912719,9.0,39.14556961912719,4.999953106774737,0.2852282396667325,1.448646295208354,2.7054025242128907,0.12161331852144541,0.10821610096937645
39.16556961912719,9.0,39.16556961912719,4.9999531067938445,0.2852282399878606,1.4508462304734735,2.707602390718271,0.12171131373012178,0.10830409562759791
39.18556961912719,9.0,39.18556961912719,4.999953106812925,0.28522824031063726,1.4530461681662536,2.709802259627618,0.12180930911543153,0.10839209038602776
39.20556961912719,9.0,39.20556961912719,4.999953106831981,0.28522824063277596,1.4552461083758004,2.7120021311474787,0.12190730466372113,0.10848008524499743
39.22556961912719,9.0,39.22556961912719,4.999953106851012,0.2852282409559564,1.457446051062665,2.714202005057886,0.12200530029408285,0.10856808020377758
39.24556961912719,9.0,39.24556961912719,4.999953106870015,0.28522824127985746,1.4596459963889479,2.7164018817028923,0.12210329611514825,0.10865607526733444
39.265569619127184,9.0,39.265569619127184,4.999953106888991,0.2852282416038953,1.4618459443046639,2.7186017608541455,0.12220129201101848,0.10874407043360211
39.28556961912719,9.0,39.28556961912719,4.999953106907936,0.2852282419273249,1.4640458949615134,2.720801642796909,0.12229928813573587,0.10883206571194691
39.30556961912718,9.0,39.30556961912718,4.999953106926854,0.2852282422522296,1.4662458483364353,2.7230015274859554,0.12239728438737041,0.10892006110000782
39.32556961912718,9.0,39.32556961912718,4.999953106945742,0.2852282425777753,1.4684458045013344,2.725201414951344,0.12249528075022886,0.10900805659733838
39.34556961912718,9.0,39.34556961912718,4.9999531069646,0.28522824290357185,1.4706457635005776,2.7274013052244914,0.12259327729546432,0.10909605221070555
39.365569619127186,9.0,39.365569619127186,4.999953106983422,0.2852282432289884,1.4728457254372533,2.729601198516712,0.12269127400535451,0.10918404793957426
39.38556961912718,9.0,39.38556961912718,4.999953107002215,0.2852282435551086,1.4750456902799405,2.73180109461905,0.12278927081906632,0.10927204378486134
39.40556961912718,9.0,39.40556961912718,4.999953107020975,0.28522824388209617,1.4772456581813473,2.7340009938677317,0.12288726788148407,0.10936003975491448
39.42556961912718,9.0,39.42556961912718,4.999953107039702,0.2852282442092925,1.4794456291034719,2.7362008961245525,0.12298526504462348,0.10944803584485124
39.44556961912718,9.0,39.44556961912718,4.999953107058392,0.2852282445375062,1.4816456031279703,2.7384008014640626,0.12308326237002598,0.10953603205865545
39.46556961912718,9.0,39.46556961912718,4.999953107077048,0.2852282448659376,1.4838455803319588,2.740600710017153,0.12318125989372875,0.10962402840059943
39.485569619127176,9.0,39.485569619127176,4.99995310709567,0.2852282451944193,1.486045560736197,2.742800621762482,0.12327925757077995,0.10971202487085607
39.50556961912718,9.0,39.50556961912718,4.9999531071142505,0.2852282455226652,1.4882455444114469,2.74500053679665,0.12337725542118072,0.1098000214717192
39.525569619127175,9.0,39.525569619127175,4.999953107132796,0.28522824585218126,1.4904455313804585,2.747200455106545,0.12347525343263777,0.10988801820474058
39.54556961912718,9.0,39.54556961912718,4.9999531071513,0.2852282461816712,1.4926455217308958,2.7494003768413413,0.12357325163103394,0.10997601507247423
39.565569619127174,9.0,39.565569619127174,4.999953107169771,0.28522824651342,1.4948455154406792,2.7516003018913837,0.12367124998410128,0.11006401207623952
39.58556961912717,9.0,39.58556961912717,4.999953107188192,0.2852282468434286,1.4970455126563182,2.753800230504258,0.12376924857178295,0.1101520092209993
39.605569619127174,9.0,39.605569619127174,4.999953107206577,0.2852282471744295,1.4992455133483407,2.756000162583114,0.1238672472605491,0.1102400065014513
39.62556961912717,9.0,39.62556961912717,4.999953107224917,0.2852282475064012,1.5014455175573045,2.7582000981384582,0.12396524616601368,0.11032800392666574
39.64556961912717,9.0,39.64556961912717,4.999953107243216,0.2852282478387604,1.5036455253940297,2.7604000374166056,0.12406324528486556,0.1104160014960631
39.66556961912717,9.0,39.66556961912717,4.99995310726147,0.2852282481713731,1.5058455368137134,2.7625999801911583,0.1241612445157636,0.11050399920773246
39.68556961912717,9.0,39.68556961912717,4.999953107279678,0.285228248504859,1.5080455519564302,2.7647999267507237,0.1242592440159287,0.11059199707086283
39.70556961912717,9.0,39.70556961912717,4.999953107297837,0.28522824883796644,1.5102455707955278,2.766999877020624,0.12435724366057288,0.1106799950811382
39.725569619127164,9.0,39.725569619127164,4.999953107315955,0.2852282491719829,1.5124455933561454,2.7691998309895736,0.12445524346348469,0.1107679932398195
39.74556961912717,9.0,39.74556961912717,4.9999531073340195,0.28522824950631864,1.5146456197105342,2.771399788761558,0.12455324347837404,0.1108559915508152
39.76556961912716,9.0,39.76556961912716,4.9999531073520345,0.28522824984068224,1.5168456499016778,2.773599750377996,0.1246512436807703,0.11094399001463008
39.785569619127166,9.0,39.785569619127166,4.99995310737,0.28522825017609466,1.5190456839280961,2.775799715836472,0.12474924406939536,0.11103198863314288
39.80556961912717,9.0,39.80556961912717,4.999953107387913,0.2852282505119303,1.5212457218292126,2.777999685174744,0.12484724464251973,0.11111998740662248
39.825569619127165,9.0,39.825569619127165,4.999953107405776,0.28522825084853265,1.5234457636378473,2.7801996584264064,0.124945245413421,0.11120798633720369
39.84556961912716,9.0,39.84556961912716,4.9999531074235914,0.28522825118548045,1.5256458093886247,2.7823996356373524,0.12504324637608044,0.11129598542556389
39.865569619127164,9.0,39.865569619127164,4.999953107441345,0.2852282515225123,1.5278458590864352,2.784599616787857,0.12514124751409228,0.11138398467188422
39.88556961912716,9.0,39.88556961912716,4.99995310745904,0.2852282518603284,1.5300459127634318,2.786799601936193,0.1252392488488927,0.11147198407784237
39.90556961912716,9.0,39.90556961912716,4.999953107476686,0.28522825219823067,1.5322459704395275,2.7889995910763696,0.12533725035878285,0.11155998364304778
39.92556961912716,9.0,39.92556961912716,4.99995310749427,0.2852282525365787,1.5344460321344722,2.791199584243138,0.12543525206928519,0.11164798336993499
39.945569619127156,9.0,39.945569619127156,4.999953107511801,0.28522825287573866,1.5366460978384149,2.7933995814373382,0.12553325394857473,0.11173598325676594
39.96556961912716,9.0,39.96556961912716,4.999953107529268,0.28522825321512424,1.5388461675757759,2.795599582633327,0.12563125601393188,0.11182398330528968
39.98556961912716,9.0,39.98556961912716,4.999953107546673,0.2852282535553747,1.5410462413766504,2.7977995879513067,0.12572925830594261,0.11191198351825253
40.00556961912715,9.0,40.00556961912715,4.999953107564017,0.28522825389462,1.5432463192035046,2.7999995972709697,0.1258272607333235,0.11199998389099952
40.02556961912716,9.0,40.02556961912716,4.999953107581302,0.285228254235747,1.545446401078346,2.802199610646059,0.12592526336139032,0.11208798442674994
40.04556961912716,9.0,40.04556961912716,4.999953107598519,0.2852282545767145,1.5476464870130953,2.804399628111071,0.1260232661706664,0.1121759851244176
40.06556961912715,9.0,40.06556961912715,4.999953107615675,0.2852282549193208,1.549846576963866,2.8065996495710515,0.12612126913432076,0.11226398598296475
40.085569619127156,9.0,40.085569619127156,4.9999531076327575,0.2852282552606548,1.5520466709484018,2.808799675073359,0.1262192722707971,0.11235198700171452
40.10556961912715,9.0,40.10556961912715,4.99995310764978,0.2852282556036069,1.5542467689496593,2.810999704565733,0.12631727560863748,0.11243998818358898
40.12556961912715,9.0,40.12556961912715,4.999953107666736,0.28522825594672,1.556446870981466,2.8131997381818654,0.12641527913782924,0.11252798952658244
40.145569619127144,9.0,40.145569619127144,4.99995310768362,0.2852282562898365,1.5586469769496434,2.8153997756570392,0.12651328276855,0.11261599102641716
40.165569619127155,9.0,40.165569619127155,4.999953107700432,0.2852282566342622,1.5608470869073812,2.817599817170512,0.1266112866292195,0.11270399268778046
40.18556961912715,9.0,40.18556961912715,4.999953107717175,0.2852282569782907,1.563047200795166,2.8197998626290977,0.12670929062814196,0.11279199450569603
40.20556961912715,9.0,40.20556961912715,4.999953107733845,0.28522825732385715,1.5652473185725275,2.821999911944232,0.12680729473671093,0.11287999647640341
40.22556961912714,9.0,40.22556961912714,4.999953107750443,0.2852282576698409,1.5674474402135659,2.824199965124026,0.1269052990603461,0.11296799860585024
40.245569619127146,9.0,40.245569619127146,4.9999531077669666,0.2852282580154154,1.5696475657174456,2.8264000222338708,0.12700330356335598,0.11305600089035131
40.26556961912714,9.0,40.26556961912714,4.999953107783416,0.28522825836101473,1.5718476950025733,2.8286000830969904,0.1271013081449064,0.11314400332317297
40.285569619127145,9.0,40.285569619127145,4.9999531077997865,0.2852282587081404,1.5740478280233539,2.830800147668522,0.12719931289179032,0.11323200590744067
40.30556961912715,9.0,40.30556961912715,4.999953107816082,0.285228259055752,1.5762479647631877,2.8330002160192898,0.12729731780043574,0.11332000864017093
40.325569619127144,9.0,40.325569619127144,4.999953107832298,0.28522825940396335,1.5784481051228363,2.835200287942809,0.12739532282248023,0.11340801151860917
40.34556961912714,9.0,40.34556961912714,4.9999531078484365,0.285228259751435,1.5806482491146188,2.837400363567613,0.12749332801525237,0.11349601454255881
40.36556961912714,9.0,40.36556961912714,4.9999531078644965,0.28522826010047925,1.582848396610087,2.839600442636261,0.12759133328499406,0.11358401770599366
40.38556961912714,9.0,40.38556961912714,4.999953107880474,0.2852282604498973,1.5850485476109115,2.8418005252698784,0.12768933872255128,0.11367202101040685
40.40556961912714,9.0,40.40556961912714,4.999953107896371,0.285228260799323,1.5872487019975852,2.844000611255332,0.12778734423912597,0.11376002444960434
40.425569619127145,9.0,40.425569619127145,4.999953107912186,0.2852282611492044,1.5894488597328347,2.8462007006107033,0.12788534991554767,0.11384802802533439
40.44556961912714,9.0,40.44556961912714,4.999953107927917,0.2852282615006433,1.5916490207430865,2.848400793269592,0.12798335568408525,0.11393603173074725
40.46556961912714,9.0,40.46556961912714,4.999953107943564,0.2852282618517941,1.5938491849292147,2.850600889070412,0.12808136152306582,0.11402403556213714
40.48556961912713,9.0,40.48556961912713,4.9999531079591275,0.28522826220321656,1.5960493522540478,2.852800988021179,0.12817936751506598,0.11411203952157305
40.50556961912713,9.0,40.50556961912713,4.9999531079746005,0.28522826255471123,1.5982495226332805,2.8550010900808864,0.12827737361356517,0.11420004360391874
40.52556961912713,9.0,40.52556961912713,4.9999531079899935,0.28522826290736053,1.6004496959255046,2.8572011950154788,0.128375379737107,0.11428804780111433
40.545569619127136,9.0,40.545569619127136,4.999953108005296,0.28522826326068096,1.602649872102753,2.8594013028442835,0.12847338596465296,0.11437605211315881
40.56556961912713,9.0,40.56556961912713,4.999953108020513,0.2852282636145161,1.6048500510561308,2.8616014134351637,0.12857139229745584,0.11446405653865918
40.585569619127135,9.0,40.585569619127135,4.999953108035642,0.28522826396757095,1.6070502327315581,2.8638015268159767,0.12866939871221827,0.11455206107196184
40.60556961912713,9.0,40.60556961912713,4.999953108050677,0.28522826432311565,1.609250416952117,2.8660016426802875,0.1287674051507408,0.11464006570793632
40.62556961912713,9.0,40.62556961912713,4.999953108065625,0.2852282646770053,1.6114506037143355,2.8682017611451878,0.12886541170678112,0.11472807044626382
40.64556961912713,9.0,40.64556961912713,4.99995310808048,0.2852282650328053,1.613650792854502,2.870401881966041,0.12896341828003632,0.11481607527912978
40.66556961912713,9.0,40.66556961912713,4.999953108095252,0.2852282653890466,1.615850984313029,2.8726020051122982,0.1290614249116171,0.11490408020400648
40.68556961912713,9.0,40.68556961912713,4.999953108109922,0.2852282657448902,1.6180511779705617,2.8748021304539066,0.1291594316090936,0.11499208521885336
40.70556961912713,9.0,40.70556961912713,4.999953108124509,0.28522826610189855,1.620251373742321,2.8770022579523093,0.1292574383555518,0.11508009031818686
40.72556961912713,9.0,40.72556961912713,4.999953108138997,0.285228266460056,1.6224515714829664,2.87920238739607,0.12935544510229313,0.1151680954957894
40.745569619127124,9.0,40.745569619127124,4.999953108153394,0.28522826681747754,1.6246517711408979,2.881402518753147,0.12945345191147783,0.11525610075072434
40.76556961912712,9.0,40.76556961912712,4.999953108167699,0.2852282671766131,1.6268519725923913,2.883602651949219,0.12955145875444063,0.11534410607790457
40.766569619127125,9.0,40.766569619127125,4.999953108168416,0.2852282671940972,1.6269619828064774,2.883712658685007,0.12955635916678743,0.11534850634911605
40.78256961912713,9.0,40.78256961912713,4.999953108179792,0.28522826748054336,1.6287221457174441,2.88547276706785,0.1296347649053815,0.11541891068339365
40.80256961912713,9.0,40.80256961912713,4.999953108193914,0.2852282678410031,1.6309223497351548,2.8876729027951624,0.129732771305485,0.11550691611211054
40.82256961912712,9.0,40.82256961912712,4.999953108207949,0.28522826820016955,1.6331225555473958,2.889873040338642,0.12983077818944833,0.1155949216132765
40.84256961912713,9.0,40.84256961912713,4.999953108221892,0.28522826856058475,1.6353227628538258,2.8920731793588286,0.1299287851535058,0.11568292717516522
40.86256961912713,9.0,40.86256961912713,4.999953108235741,0.2852282689205533,1.637522971465953,2.8942733197479638,0.13002679210443158,0.11577093279048001
40.882569619127125,9.0,40.882569619127125,4.99995310824949,0.28522826928266964,1.6397231812017792,2.896473461234115,0.1301247989658718,0.1158589384492851
40.90256961912712,9.0,40.90256961912712,4.9999531082631465,0.28522826964419384,1.6419233919899225,2.8986736037673033,0.13022280583612345,0.11594694415105598
40.92256961912712,9.0,40.92256961912712,4.999953108276704,0.2852282700064909,1.6441236037309954,2.9008737472979504,0.13032081272349583,0.11603494989244097
40.94256961912712,9.0,40.94256961912712,4.999953108290163,0.2852282703695096,1.6463238162856633,2.903073891618513,0.1304188195503695,0.11612295566479924
40.96256961912712,9.0,40.96256961912712,4.999953108303533,0.28522827073250534,1.6485240295731858,2.905274036680179,0.13051682638262196,0.11621096146770456
40.98256961912712,9.0,40.98256961912712,4.999953108316799,0.2852282710962587,1.650724243484908,2.9074741823733854,0.13061483318179024,0.11629896729486064
41.00256961912712,9.0,41.00256961912712,4.999953108329977,0.28522827146026886,1.652924457909668,2.909674328585599,0.13071283995979344,0.11638697314370429
41.02256961912712,9.0,41.02256961912712,4.999953108343052,0.2852282718257509,1.6551246727308366,2.91187447521159,0.1308108467028497,0.11647497900911408
41.023569619127116,9.0,41.023569619127116,4.999953108343713,0.2852282718436051,1.655234683570662,2.9119844826636387,0.13081574715472355,0.11647937930730218
41.03956961912712,9.0,41.03956961912712,4.999953108354106,0.2852282721367859,1.656994855554288,2.913744600052013,0.13089415231793367,0.11654978400257975
41.05956961912712,9.0,41.05956961912712,4.999953108366994,0.28522827250162114,1.6591950708743628,2.915944747163989,0.13099215901199246,0.11663778988666984
41.07956961912712,9.0,41.07956961912712,4.999953108379796,0.2852282728673447,1.6613952863308314,2.9181448944749366,0.1310901657000736,0.11672579577937633
41.09956961912712,9.0,41.09956961912712,4.999953108392503,0.28522827323503436,1.6635955017500466,2.920345041691979,0.1311881722393291,0.11681380166811867
41.11956961912711,9.0,41.11956961912711,4.999953108405113,0.28522827360178893,1.6657957171125044,2.922545188874637,0.13128617876815007,0.11690180755561855
41.13956961912712,9.0,41.13956961912712,4.999953108417627,0.28522827396950484,1.6679959323012783,2.9247453359023066,0.1313841852365265,0.11698981343626967
41.15956961912712,9.0,41.15956961912712,4.999953108430047,0.2852282743385712,1.670196147202997,2.9269454826224055,0.1314821916327953,0.11707781930584098
41.179569619127115,9.0,41.179569619127115,4.999953108442365,0.28522827470663814,1.6723963617523336,2.929145629022728,0.13158019798083598,0.11716582516131421
41.19956961912712,9.0,41.19956961912712,4.99995310845459,0.28522827507601306,1.6745965758278012,2.931345774940136,0.13167820425154897,0.11725383099853032
41.219569619127114,9.0,41.219569619127114,4.999953108466721,0.2852282754458836,1.676796789371947,2.933545920343938,0.1317762104507063,0.11734183681330673
41.23956961912711,9.0,41.23956961912711,4.999953108478754,0.2852282758165763,1.6789970022667668,2.9357460650682055,0.13187421658574006,0.11742984260412417
41.25956961912712,9.0,41.25956961912712,4.99995310849069,0.28522827618727326,1.6811972144608482,2.9379462091733517,0.1319722226614377,0.11751784836645852
41.279569619127116,9.0,41.279569619127116,4.999953108502537,0.2852282765584699,1.6833974258335664,2.9401463523570204,0.13207022861043982,0.11760585409491815
41.29956961912711,9.0,41.29956961912711,4.99995310851429,0.2852282769310366,1.6855976363460194,2.9423464947832825,0.132168234565621,0.1176938597928504
41.31956961912711,9.0,41.31956961912711,4.99995310852594,0.28522827730308636,1.687797845879,2.94454663620051,0.13226624035815093,0.11778186544804768
41.339569619127104,9.0,41.339569619127104,4.999953108537501,0.28522827767698994,1.6899980543722324,2.946746776548714,0.13236424608802588,0.11786987106319263
41.340569619127116,9.0,41.340569619127116,4.999953108538081,0.2852282776947025,1.690108064776095,2.9468567836106674,0.13236914641798148,0.11787427134407784
41.356569619127114,9.0,41.356569619127114,4.999953108547264,0.28522827799444983,1.6918682301897054,2.948616894464278,0.13244755051645685,0.11794467577736928
41.37656961912711,9.0,41.37656961912711,4.999953108558648,0.2852282783687012,1.6940684369742063,2.950817033124425,0.1325455565350051,0.1180326813256424
41.396569619127106,9.0,41.396569619127106,4.999953108569935,0.28522827874198725,1.696268642312035,2.953017170428014,0.13264356210711914,0.1181206868173962
41.4165696191271,9.0,41.4165696191271,4.999953108581141,0.2852282791179773,1.698468846147663,2.9552173061513596,0.1327415673966006,0.11820869224708133
41.43656961912711,9.0,41.43656961912711,4.999953108592249,0.28522827949366547,1.7006690486167177,2.957417440538326,0.13283957267578672,0.11829669762255632
41.45656961912711,9.0,41.45656961912711,4.999953108603267,0.2852282798687158,1.7028692496836313,2.9596175735176127,0.13293757787931337,0.11838470294061948
41.476569619127105,9.0,41.476569619127105,4.9999531086141955,0.2852282802459137,1.7050694492357767,2.9618177049796635,0.1330355829885841,0.11847270819954402
41.49656961912711,9.0,41.49656961912711,4.99995310862503,0.2852282806234894,1.7072696472457343,2.9640178349302015,0.13313358801617525,0.11856071339744033
41.516569619127104,9.0,41.516569619127104,4.999953108635775,0.2852282810010605,1.709469843646298,2.9662179632609877,0.13323159293235887,0.11864871853104386
41.5365696191271,9.0,41.5365696191271,4.999953108646431,0.2852282813797263,1.7116700383956363,2.968418089958799,0.13332959776124942,0.11873672359935845
41.55656961912711,9.0,41.55656961912711,4.999953108656995,0.2852282817584367,1.7138702314460474,2.9706182149611924,0.13342760247416208,0.11882472859871392
41.576569619127106,9.0,41.576569619127106,4.999953108667471,0.2852282821376478,1.7160704227386396,2.9728183381876327,0.13352560707134886,0.11891273352722107
41.5965696191271,9.0,41.5965696191271,4.999953108677862,0.28522828251769117,1.7182706122382003,2.9750184596314937,0.13362361159594482,0.11900073838582068
41.616569619127105,9.0,41.616569619127105,4.999953108688168,0.28522828289885716,1.7204707998877953,2.977218579267437,0.13372161602302501,0.11908874317150481
41.6365696191271,9.0,41.6365696191271,4.999953108698378,0.2852282832793805,1.722670985659193,2.9794186969989545,0.1338196203207711,0.11917674788080163
41.6565696191271,9.0,41.6565696191271,4.999953108708507,0.2852282836607259,1.7248711695287096,2.981618812849012,0.1339176245253373,0.1192647525139603
41.67656961912709,9.0,41.67656961912709,4.999953108718547,0.2852282840436613,1.7270713514183813,2.983818926700975,0.13401562861023897,0.11935275706854917
41.696569619127104,9.0,41.696569619127104,4.999953108728501,0.2852282844255341,1.7292715313430245,2.9860190386198964,0.13411363262135456,0.1194407615453597
41.7165696191271,9.0,41.7165696191271,4.999953108738371,0.2852282848096198,1.73147170923194,2.988219148494093,0.1342116365009065,0.11952876594037122
41.736569619127096,9.0,41.736569619127096,4.999953108748157,0.28522828519290294,1.7336718850822268,2.990419256335484,0.13430964027680692,0.11961677025334629
41.75656961912709,9.0,41.75656961912709,4.999953108757861,0.28522828557753654,1.7358720588435996,2.992619362094738,0.13440764395560456,0.11970477448433081
41.776569619127095,9.0,41.776569619127095,4.999953108767477,0.28522828596277866,1.7380722304966962,2.9948194657623755,0.13450564752243488,0.11979277863070475
41.79656961912709,9.0,41.79656961912709,4.999953108777013,0.28522828634838426,1.7402724000265128,2.997019567286022,0.13460365099185,0.1198807826930707
41.816569619127094,9.0,41.816569619127094,4.9999531087864675,0.2852282867349171,1.7424725674272243,2.9992196667371984,0.13470165436158799,0.11996878666969314
41.8365696191271,9.0,41.8365696191271,4.9999531087958395,0.28522828712163595,1.7446727326370113,3.001419763936047,0.13479965758883172,0.12005679055849507
41.85656961912709,9.0,41.85656961912709,4.999953108805134,0.285228287509627,1.746872895667813,3.003619859017687,0.13489766074279563,0.1201447943609718
41.87656961912709,9.0,41.87656961912709,4.999953108814344,0.2852282878967765,1.749073056502162,3.0058199518543502,0.13499566376774186,0.12023279807467256
41.89656961912709,9.0,41.89656961912709,4.999953108823477,0.28522828828573127,1.7512732151185078,3.0080200425333747,0.13509366672117906,0.1203208017019144
41.91656961912709,9.0,41.91656961912709,4.999953108832532,0.28522828867450034,1.753473371490172,3.0102201309417236,0.13519166952829287,0.12040880523788755
41.93656961912709,9.0,41.93656961912709,4.999953108841507,0.28522828906370745,1.7556735256350322,3.0124202171189047,0.13528967224596178,0.1204968086849071
41.956569619127094,9.0,41.956569619127094,4.999953108850404,0.28522828945467027,1.7578736775129524,3.014620301062694,0.13538767488438697,0.12058481204406483
41.97656961912709,9.0,41.97656961912709,4.999953108859229,0.28522828984599435,1.7600738271390763,3.0168203827663076,0.1354856773816715,0.12067281531028087
41.99656961912709,9.0,41.99656961912709,4.999953108867973,0.28522829023593904,1.7622739744950155,3.0190204621430152,0.13558367977647623,0.12076081848670663
42.01656961912708,9.0,42.01656961912708,4.999953108876643,0.2852282906287477,1.764474119593878,3.021220539350446,0.13568168211304843,0.12084882157464673
42.03656961912708,9.0,42.03656961912708,4.999953108885235,0.2852282910208044,1.7666742624042737,3.023420614215818,0.13577968428796128,0.12093682456893164
42.05656961912708,9.0,42.05656961912708,4.999953108893757,0.28522829141418377,1.768874402940581,3.0256206868535536,0.13587768638695996,0.1210248274733436
42.076569619127085,9.0,42.076569619127085,4.999953108902202,0.2852282918075517,1.7710745411763982,3.0278207571327274,0.13597568836925134,0.12111283028629316
42.09656961912708,9.0,42.09656961912708,4.999953108910574,0.28522829220167284,1.7732746771648522,3.03002082525029,0.13607369029616456,0.1212008330101192
42.116569619127084,9.0,42.116569619127084,4.999953108918877,0.28522829259668164,1.775474810841716,3.0322208910037434,0.13617169206164426,0.12128883564030389
42.13656961912708,9.0,42.13656961912708,4.999953108927106,0.28522829299302355,1.7776749422381553,3.034420954510795,0.13626969377376108,0.12137683818198321
42.156569619127076,9.0,42.156569619127076,4.9999531089352685,0.28522829338955236,1.779875071367287,3.0366210157532176,0.13636769535271176,0.12146484063013546
42.17656961912708,9.0,42.17656961912708,4.999953108943355,0.2852282937857735,1.7820751982284107,3.0388210746967133,0.13646569682960896,0.12155284298763303
42.19656961912708,9.0,42.19656961912708,4.999953108951372,0.2852282941830953,1.7842753228268964,3.041021131425886,0.1365636982584295,0.12164084525811011
42.21656961912708,9.0,42.21656961912708,4.999953108959321,0.2852282945812515,1.786475445160336,3.0432211859009897,0.1366616995553409,0.12172884743648578
42.23656961912708,9.0,42.23656961912708,4.999953108967205,0.28522829497955815,1.7886755652293385,3.0454212380770875,0.13675970073360966,0.12181684952347999
42.25656961912708,9.0,42.25656961912708,4.99995310897502,0.2852282953789907,1.790875683061313,3.047621288039954,0.13685770184941926,0.12190485152236034
42.27656961912707,9.0,42.27656961912707,4.99995310898276,0.28522829577916425,1.7930757986394166,3.0498213357658672,0.1369557028557573,0.12199285343104051
42.29656961912707,9.0,42.29656961912707,4.999953108990442,0.2852282961791636,1.7952759119941428,3.0520213812461074,0.13705370376631754,0.12208085525072214
42.316569619127065,9.0,42.316569619127065,4.999953108998057,0.2852282965805974,1.797476023128494,3.0542214245514443,0.13715170459288295,0.12216885698207985
42.336569619127076,9.0,42.336569619127076,4.999953109005605,0.2852282969814108,1.7996761320566892,3.056421465601978,0.13724970530911507,0.12225685862471072
42.35656961912707,9.0,42.35656961912707,4.99995310901309,0.2852282973846079,1.8018762387868092,3.058621504515454,0.1373477059550996,0.12234486018039765
42.37656961912707,9.0,42.37656961912707,4.999953109020511,0.2852282977862778,1.8040763433267357,3.060821541200475,0.13744570650152155,0.12243286164928592
42.39656961912707,9.0,42.39656961912707,4.999953109027868,0.2852282981899598,1.8062764456972513,3.0630215757735337,0.13754370695642626,0.12252086303044864
42.41656961912707,9.0,42.41656961912707,4.99995310903516,0.28522829859417503,1.8084765458932464,3.0652216080982604,0.13764170728821523,0.1226088643237679
42.43656961912706,9.0,42.43656961912706,4.9999531090423925,0.28522829899937957,1.8106766439430528,3.067421638353785,0.13773970758587373,0.12269686553388706
42.45656961912707,9.0,42.45656961912707,4.999953109049564,0.2852282994037836,1.8128767398564118,3.0696216664452263,0.13783770776287851,0.12278486665736686
42.47656961912707,9.0,42.47656961912707,4.999953109056675,0.2852282998102081,1.8150768336380732,3.0718216924005115,0.13793570786438947,0.122872867696796
42.496569619127065,9.0,42.496569619127065,4.999953109063724,0.28522830021685613,1.8172769253319496,3.074021716311723,0.13803370789965608,0.12296086865312596
42.51656961912707,9.0,42.51656961912707,4.999953109070714,0.2852283006239697,1.8194770149177222,3.076221738101837,0.13813170781331596,0.12304886952429808
42.536569619127064,9.0,42.536569619127064,4.99995310907764,0.2852283010323071,1.8216771024190401,3.07842175778916,0.13822970763551057,0.12313687031157272
42.55656961912706,9.0,42.55656961912706,4.999953109084514,0.28522830144052713,1.8238771878774038,3.080621775444186,0.13832770740787392,0.12322487101839633
42.57656961912707,9.0,42.57656961912707,4.999953109091328,0.2852283018496882,1.8260772712938422,3.0828217910998146,0.13842570710690194,0.12331287164474354
42.59656961912707,9.0,42.59656961912707,4.999953109098082,0.28522830225975315,1.8282773526516436,3.0850218046823077,0.13852370667023628,0.12340087218689534
42.61656961912706,9.0,42.61656961912706,4.999953109104783,0.28522830267059285,1.8304774320122965,3.087221816225016,0.13862170618238578,0.12348887265034124
42.63656961912706,9.0,42.63656961912706,4.99995310911143,0.28522830308152414,1.8326775093954344,3.089421825889764,0.13871970564243563,0.1235768730352657
42.656569619127055,9.0,42.656569619127055,4.9999531091180165,0.2852283034924347,1.8348775847734362,3.091621833468444,0.1388177049572017,0.12366487333841365
42.67656961912706,9.0,42.67656961912706,4.999953109124549,0.28522830390506604,1.8370776582060913,3.09382183914047,0.1389157042504372,0.12375287356599048
42.696569619127054,9.0,42.696569619127054,4.999953109131023,0.2852283043181134,1.8392777296814613,3.0960218428834403,0.13901370345262642,0.12384087371541481
42.71656961912706,9.0,42.71656961912706,4.999953109137448,0.285228304731778,1.841477799227976,3.098221844660034,0.13911170255982386,0.12392887378698804
42.73656961912706,9.0,42.73656961912706,4.999953109143819,0.2852283051463938,1.8436778668661533,3.1004218445637255,0.13920970160160806,0.12401687378222724
42.756569619127056,9.0,42.756569619127056,4.999953109150137,0.2852283055608112,1.845877932612504,3.1026218425536234,0.13930770057135122,0.12410487370275725
42.77656961912705,9.0,42.77656961912705,4.999953109156401,0.28522830597675114,1.8480779964833338,3.104821838712528,0.13940569947838743,0.12419287354898254
42.796569619127055,9.0,42.796569619127055,4.999953109162614,0.28522830639322766,1.8502780584925371,3.107021832984505,0.1395036982873883,0.12428087331995219
42.81656961912705,9.0,42.81656961912705,4.9999531091687786,0.28522830681017325,1.8524781186667936,3.1092218254297634,0.13960169702310044,0.12436887301686131
42.836569619127054,9.0,42.836569619127054,4.999953109174885,0.28522830722772424,1.8546781770157486,3.11142181604441,0.1396996957057104,0.12445687264266114
42.85656961912706,9.0,42.85656961912706,4.999953109180948,0.2852283076456157,1.8568782335711047,3.1136218049083433,0.13979769432487532,0.12454487219679368
42.876569619127054,9.0,42.876569619127054,4.9999531091869605,0.28522830806456895,1.8590782883293455,3.1158217919495352,0.1398956928396744,0.12463287167803479
42.87756961912705,9.0,42.87756961912705,4.999953109187265,0.28522830808521965,1.859188290848788,3.1159317910747903,0.13990059258052012,0.12463727164255328
42.89356961912706,9.0,42.89356961912706,4.999953109192038,0.28522830842175695,1.860948332804435,3.1176917788816265,0.13997899120618862,0.12470767115460055
42.91356961912705,9.0,42.91356961912705,4.999953109197953,0.28522830884163314,1.863148384807331,3.119891763128898,0.14007699007501073,0.12479567052549388
42.933569619127056,9.0,42.933569619127056,4.999953109203822,0.28522830926212106,1.8653484347703626,3.1220917454682846,0.14017498846045595,0.12488366981940424
42.95356961912705,9.0,42.95356961912705,4.9999531092096445,0.2852283096839228,1.867548482825035,3.1242917258087672,0.14027298657587117,0.124971669031932
42.97356961912705,9.0,42.97356961912705,4.999953109215421,0.2852283101056885,1.8697485291763258,3.1264917044554537,0.14037098474240728,0.1250596681784963
42.993569619127044,9.0,42.993569619127044,4.999953109221152,0.2852283105285746,1.8719485738589148,3.128691681468768,0.1404689828996164,0.1251476672595083
43.013569619127054,9.0,43.013569619127054,4.999953109226835,0.2852283109523462,1.8741486168650046,3.130891656818443,0.14056698096164078,0.12523566627210364
43.03356961912705,9.0,43.03356961912705,4.9999531092324725,0.28522831137701804,1.8763486582237845,3.1330916304618555,0.14066497895999897,0.12532366521941696
43.053569619127046,9.0,43.053569619127046,4.999953109238062,0.2852283118014718,1.8785486979810166,3.135291602592139,0.1407629769342298,0.12541166410346388
43.07356961912704,9.0,43.07356961912704,4.999953109243609,0.28522831222753947,1.880748736095711,3.1374915730258612,0.14086097479536086,0.12549966292152273
43.093569619127045,9.0,43.093569619127045,4.999953109249109,0.28522831265301096,1.8829487726531469,3.1396915419359255,0.14095897263551982,0.1255876616779182
43.11356961912704,9.0,43.11356961912704,4.999953109254567,0.28522831307991026,1.8851488076123675,3.1418915092516526,0.14105697037558085,0.12567566036933464
43.133569619127044,9.0,43.133569619127044,4.9999531092599785,0.2852283135083603,1.8873488410106203,3.144091474961573,0.14115496805935024,0.12576365899875394
43.13456961912705,9.0,43.13456961912705,4.999953109260258,0.2852283135286897,1.8874588424999776,3.1442014730743493,0.14115986788962775,0.12576805892620235
43.15056961912704,9.0,43.15056961912704,4.999953109264557,0.28522831387195224,1.889218867614144,3.145961444123548,0.14123826581363463,0.12583845776465924
43.17056961912705,9.0,43.17056961912705,4.999953109269886,0.28522831430142204,1.8914188986224298,3.148161407442622,0.14133626378751907,0.12592645629814125
43.19056961912705,9.0,43.19056961912705,4.999953109275177,0.28522831473023463,1.8936189278581967,3.1503613691011396,0.14143426134547044,0.1260144547640897
43.21056961912704,9.0,43.21056961912704,4.9999531092804235,0.2852283151606801,1.8958189554242102,3.1525613290054784,0.1415322586799892,0.12610245315979446
43.230569619127046,9.0,43.230569619127046,4.999953109285634,0.28522831559162853,1.8980189815300363,3.154761287473213,0.14163025607706992,0.12619045149911848
43.25056961912704,9.0,43.25056961912704,4.9999531092908,0.28522831602339455,1.900219006171553,3.1569612445216126,0.14172825345756968,0.12627844978158245
43.27056961912704,9.0,43.27056961912704,4.999953109295925,0.2852283164560121,1.9024190293737375,3.1591612001032794,0.14182625074468302,0.12636644800400237
43.29056961912704,9.0,43.29056961912704,4.999953109301005,0.2852283168889927,1.9046190511595624,3.1613611542767632,0.1419242480005376,0.1264544461712069
43.310569619127044,9.0,43.310569619127044,4.999953109306054,0.2852283173224115,1.906819071537926,3.1635611070609593,0.14202224519947793,0.12654244428225556
43.33056961912704,9.0,43.33056961912704,4.999953109311054,0.28522831775680557,1.9090190905153341,3.1657610584227642,0.1421202423376673,0.1266304423377039
43.35056961912704,9.0,43.35056961912704,4.999953109316025,0.2852283181929444,1.911219108119814,3.167961008456442,0.14221823942319078,0.12671844033751872
43.37056961912704,9.0,43.37056961912704,4.999953109320952,0.2852283186283429,1.9134191243650995,3.170160957069588,0.14231623646564517,0.12680643828480678
43.390569619127035,9.0,43.390569619127035,4.999953109325841,0.2852283190651376,1.9156191392861008,3.1723609044698775,0.14241423346552318,0.1268944361778222
43.41056961912703,9.0,43.41056961912703,4.999953109330692,0.28522831950251015,1.9178191528544009,3.17456085039755,0.14251223034923166,0.12698243401536477
43.43056961912704,9.0,43.43056961912704,4.9999531093355065,0.28522831994086395,1.9200191651297531,3.176760795114614,0.1426102272785923,0.12707043180563607
43.45056961912704,9.0,43.45056961912704,4.999953109340285,0.28522832037929696,1.9222191761020782,3.1789607385503897,0.1427082241103823,0.12715842954170473
43.47056961912703,9.0,43.47056961912703,4.99995310934502,0.2852283208184792,1.9244191857912163,3.1811606806274506,0.1428062208756109,0.1272464272261742
43.47156961912703,9.0,43.47156961912703,4.999953109345265,0.28522832084006944,1.9245291861914047,3.18127067778294,0.14281112062582002,0.1272508271048158
43.48756961912704,9.0,43.48756961912704,4.99995310934903,0.28522832119348496,1.9262891924703616,3.183030629836049,0.1428895177158802,0.12732122519357086
43.50756961912704,9.0,43.50756961912704,4.999953109353694,0.2852283216340608,1.9284892002654954,3.185230570093651,0.14298751488581152,0.1274092228038412
43.527569619127036,9.0,43.527569619127036,4.999953109358326,0.28522832207610266,1.9306892065180803,3.1874305088581405,0.14308551158202998,0.12749722035509542
43.54756961912703,9.0,43.54756961912703,4.999953109362927,0.2852283225173214,1.932889211430721,3.1896304462269818,0.1431835080847912,0.12758521784875806
43.56756961912703,9.0,43.56756961912703,4.999953109367493,0.2852283229612815,1.935089215109745,3.1918303823305707,0.1432815045873217,0.12767321529331985
43.58756961912703,9.0,43.58756961912703,4.999953109372021,0.28522832340403065,1.9372892176083052,3.1940303173051516,0.14337950110988662,0.12776121269212246
43.607569619127034,9.0,43.607569619127034,4.999953109376514,0.2852283238494338,1.9394892189261195,3.196230251087025,0.14347749757876205,0.12784921004384553
43.62756961912703,9.0,43.62756961912703,4.999953109380974,0.2852283242940847,1.9416892190801678,3.1984301837222264,0.14357549400014813,0.12793720734888908
43.64756961912703,9.0,43.64756961912703,4.9999531093854035,0.2852283247399102,1.9438892180757115,3.200630115189756,0.14367349036922916,0.12802520460778377
43.66756961912703,9.0,43.66756961912703,4.999953109389793,0.28522832518760594,1.9460892159330778,3.202830045525706,0.14377148669887108,0.12811320182127348
43.687569619127025,9.0,43.687569619127025,4.999953109394155,0.2852283256350493,1.9482892126716385,3.205029974760196,0.14386948299099944,0.12820119899033186
43.70756961912703,9.0,43.70756961912703,4.999953109398481,0.2852283260822295,1.9504892083041716,3.20722990286682,0.14396747923232067,0.12828919611492992
43.72756961912703,9.0,43.72756961912703,4.999953109402774,0.285228326531853,1.952689202825076,3.2094298298955373,0.14406547543907844,0.1283771931960139
43.72856961912703,9.0,43.72856961912703,4.999953109402996,0.2852283265536186,1.9527992024413303,3.2095398261950896,0.14407037515497745,0.12838159304493058
43.74456961912703,9.0,43.74456961912703,4.99995310940641,0.28522832691373556,1.9545591968689557,3.2112997665277887,0.14414877190120023,0.1284519906613704
43.76456961912703,9.0,43.76456961912703,4.999953109410639,0.2852283273651454,1.9567591897382017,3.213499691902304,0.14424676837659622,0.1285399876761455
43.78456961912703,9.0,43.78456961912703,4.999953109414836,0.285228327815355,1.9589591813306508,3.215699616047223,0.14434476449482592,0.12862798464200087
43.80456961912703,9.0,43.80456961912703,4.999953109419011,0.28522832826722755,1.9611591717514087,3.217899538975658,0.14444276045784155,0.1287159815592473
43.824569619127026,9.0,43.824569619127026,4.999953109423148,0.2852283287198268,1.9633591611416588,3.220099460878073,0.14454075643476472,0.128803978434961
43.84456961912703,9.0,43.84456961912703,4.99995310942726,0.2852283291731478,1.965559149502107,3.2222993817712546,0.14463875241102908,0.1288919752713541
43.864569619127025,9.0,43.864569619127025,4.999953109431337,0.28522832962777805,1.9677591368555365,3.2244993016476338,0.1447367483322166,0.1289799720659745
43.88456961912702,9.0,43.88456961912702,4.999953109435383,0.28522833008274956,1.969959123210768,3.2266992205326908,0.14483474422320963,0.1290679688213369
43.90456961912703,9.0,43.90456961912703,4.9999531094394,0.2852283305382528,1.9721591085767762,3.228899138445806,0.14493274008459545,0.12915596553817443
43.92456961912703,9.0,43.92456961912703,4.999953109443393,0.2852283309946947,1.9743590929772914,3.2310990553710917,0.14503073589753446,0.12924396221558546
43.94456961912702,9.0,43.94456961912702,4.999953109447352,0.28522833145215176,1.976559076417793,3.2332989713820997,0.145128731674538,0.1293319588543526
43.96456961912702,9.0,43.96456961912702,4.999953109451279,0.2852283319100439,1.9787590588939643,3.2354988863787373,0.14522672739542664,0.1294199554546541
43.984569619127015,9.0,43.984569619127015,4.999953109455178,0.28522833236861994,1.9809590404434416,3.2376988004976437,0.1453247231345942,0.1295079520206247
44.00456961912702,9.0,44.00456961912702,4.999953109459051,0.28522833282835436,1.9831590210585903,3.23989871369391,0.14542271879835278,0.12959594854730597
44.00556961912702,9.0,44.00556961912702,4.999953109459248,0.2852283328513688,1.9832690199524912,3.2400087091782472,0.14542761855804676,0.12960034837199874
44.02156961912702,9.0,44.02156961912702,4.999953109462326,0.2852283332203054,1.9850290035100964,3.2417686388431255,0.14550601494023008,0.1296707455527786
44.04156961912702,9.0,44.04156961912702,4.999953109466143,0.28522833368082484,1.9872289826851424,3.2439685505161897,0.14560401075565554,0.12975874202119195
44.06156961912703,9.0,44.06156961912703,4.999953109469932,0.2852283341423255,1.9894289608198135,3.246168461285825,0.1457020063632124,0.12984673845142194
44.08156961912702,9.0,44.08156961912702,4.999953109473695,0.2852283346051192,1.9916289379626162,3.248368370996438,0.14580000180972186,0.12993473483894522
44.10156961912702,9.0,44.10156961912702,4.99995310947743,0.285228335068633,1.9938289142124201,3.2505682797987174,0.14589799728979247,0.13002273119266872
44.121569619127015,9.0,44.121569619127015,4.999953109481139,0.28522833553239246,1.996028889631262,3.2527681878311547,0.14599599277989772,0.13011072751269234
44.14156961912702,9.0,44.14156961912702,4.999953109484822,0.2852283359977302,1.9982288641711898,3.2549680949459,0.1460939882027894,0.13019872379754158
44.161569619127015,9.0,44.161569619127015,4.999953109488477,0.28522833646307627,2.000428837880141,3.257168001250424,0.146191983625662,0.1302867200504509
44.18156961912701,9.0,44.18156961912701,4.999953109492108,0.28522833692968064,2.002628810742154,3.259367906736523,0.14628997900323437,0.13037471626945896
44.20156961912702,9.0,44.20156961912702,4.999953109495708,0.2852283373977978,2.0048287827746,3.2615678113550888,0.14638797433066886,0.13046271245460495
44.22156961912702,9.0,44.22156961912702,4.999953109499285,0.28522833786577934,2.0070287540105958,3.2637677152124813,0.1464859696522791,0.13055070860832566
44.24156961912701,9.0,44.24156961912701,4.999953109502839,0.2852283383343941,2.0092287244376696,3.2659676182507,0.14658396493264925,0.13063870473008954
44.261569619127016,9.0,44.261569619127016,4.999953109506363,0.28522833880423676,2.0114286940701267,3.268167520499912,0.1466819601858056,0.13072670082034157
44.26256961912701,9.0,44.26256961912701,4.999953109506545,0.28522833882776705,2.0115386924690135,3.2682775155789727,0.14668685982704144,0.13073110061880264
44.27856961912702,9.0,44.27856961912702,4.999953109509344,0.2852283392045044,2.0132986672983373,3.270037436405643,0.14676525588610545,0.13080149745560343
44.298569619127015,9.0,44.298569619127015,4.999953109512816,0.28522833967599903,2.0154986357329454,3.272237337503517,0.14686325138835477,0.13088949350072118
44.31856961912701,9.0,44.31856961912701,4.99995310951627,0.2852283401476541,2.017698603229127,3.2744372376840563,0.14696124656808962,0.13097748950728533
44.338569619127014,9.0,44.338569619127014,4.999953109519698,0.2852283406205666,2.01989856987492,3.276637136930542,0.1470592416194012,0.13106548547732597
44.35856961912702,9.0,44.35856961912702,4.999953109523099,0.28522834109422684,2.022098535783778,3.2788370354800374,0.1471572367127305,0.131153481418442
44.37856961912701,9.0,44.37856961912701,4.999953109526481,0.28522834156954935,2.0242985009375105,3.2810369332793434,0.14725523180631783,0.1312414773318914
44.39856961912702,9.0,44.39856961912702,4.999953109529836,0.2852283420444298,2.0264984653626703,3.2832368303770756,0.14735322687174657,0.13132947321587785
44.41856961912701,9.0,44.41856961912701,4.9999531095331715,0.28522834252080165,2.028698429067122,3.2854367267291558,0.14745122187421456,0.13141746906883048
44.43856961912701,9.0,44.43856961912701,4.99995310953648,0.28522834299750516,2.030898392057859,3.2876366223642894,0.14754921687210398,0.13150546489483017
44.458569619127005,9.0,44.458569619127005,4.999953109539762,0.2852283434759008,2.033098354333333,3.289836517316945,0.14764721184551788,0.1315934606926067
44.478569619127,9.0,44.478569619127,4.999953109543027,0.2852283439545248,2.035298315906856,3.292036411555073,0.14774520678630498,0.13168145646258192
44.49856961912701,9.0,44.49856961912701,4.9999531095462615,0.2852283444342017,2.0374982767932823,3.2942363051238988,0.14784320169473797,0.13176945220423228
44.51856961912701,9.0,44.51856961912701,4.999953109549478,0.2852283449146121,2.0396982369952985,3.2964361979748613,0.14794119658483762,0.13185744791974183
44.519569619127005,9.0,44.519569619127005,4.999953109549642,0.2852283449381236,2.0398082349453643,3.296546192620897,0.14794609621691945,0.1318618476997025
44.53556961912702,9.0,44.53556961912702,4.999953109552196,0.285228345323532,2.041568202357422,3.298306106109665,0.14802449204614687,0.13193224424446132
44.55556961912701,9.0,44.55556961912701,4.999953109555367,0.2852283458054029,2.0437681615348695,3.300505997970187,0.1481224871123319,0.13202023991907344
44.57556961912701,9.0,44.57556961912701,4.999953109558518,0.28522834628754784,2.045968119906403,3.3027058890905963,0.14822048195928206,0.13210823556358114
44.595569619127005,9.0,44.595569619127005,4.999953109561647,0.28522834677164793,2.0481680775436235,3.304905779387339,0.14831847668155707,0.1321962311763158
44.615569619127,9.0,44.615569619127,4.999953109564755,0.2852283472560945,2.0503680345586046,3.307105669124998,0.1484164714507028,0.13228422676490387
44.635569619127004,9.0,44.635569619127004,4.999953109567841,0.2852283477416801,2.0525679909083525,3.309305558160896,0.14851446616537212,0.13237222232610646
44.65556961912701,9.0,44.65556961912701,4.999953109570904,0.2852283482279962,2.0547679466380386,3.3115054465981197,0.1486124608970676,0.13246021786423243
44.675569619127,9.0,44.675569619127,4.999953109573944,0.2852283487150733,2.0569679017433318,3.3137053344271514,0.1487104556083192,0.1325482133781909
44.695569619127006,9.0,44.695569619127006,4.999953109576967,0.2852283492022344,2.0591678562469156,3.3159052216551785,0.14880845026325762,0.13263620886540997
44.715569619127,9.0,44.715569619127,4.999953109579965,0.28522834969167427,2.061367810126903,3.318105108227712,0.14890644489406935,0.1327242043288415
44.735569619127,9.0,44.735569619127,4.999953109582946,0.28522835018106174,2.06356776340985,3.3203049942516447,0.1490044395443879,0.13281219977068662
44.755569619127,9.0,44.755569619127,4.999953109585906,0.2852283506721912,2.065767716092498,3.3225048796857815,0.1491024341375662,0.13290019518690907
44.775569619127,9.0,44.775569619127,4.999953109588845,0.28522835116297396,2.0679676681807133,3.3247047644767123,0.1492004287043771,0.13298819057984454
44.776569619127,9.0,44.776569619127,4.999953109588994,0.28522835118753875,2.068077665734224,3.3248147587340493,0.14920532851736468,0.1329925903519836
44.792569619127,9.0,44.792569619127,4.999953109591324,0.2852283515823075,2.0698376267519163,3.326574665879419,0.14928372392870326,0.1330629866356282
44.812569619127,9.0,44.812569619127,4.999953109594221,0.2852283520747411,2.072037577972031,3.3287745498228896,0.14938171865711136,0.1331509819934555
44.83256961912701,9.0,44.83256961912701,4.999953109597102,0.28522835256804946,2.0742375285042205,3.330974433155163,0.14947971320638587,0.1332389773259968
44.852569619127,9.0,44.852569619127,4.999953109599962,0.2852283530638299,2.076437478379283,3.333174315762289,0.14957770763366973,0.13332697263072696
44.872569619127,9.0,44.872569619127,4.999953109602803,0.28522835355877424,2.078637427713689,3.335374197849957,0.14967570210049885,0.13341496791444243
44.892569619127,9.0,44.892569619127,4.999953109605623,0.2852283540550473,2.080837376504078,3.337574079411917,0.14977369655129102,0.13350296317604554
44.912569619127,9.0,44.912569619127,4.999953109608424,0.2852283545535368,2.0830373247305216,3.339773960387351,0.14987169097524689,0.13359095841607063
44.932569619126994,9.0,44.932569619126994,4.999953109611206,0.28522835505115146,2.0852372724399983,3.3419738408902493,0.14996968539318534,0.13367895363495466
44.952569619127004,9.0,44.952569619127004,4.999953109613965,0.28522835555066683,2.0874372195994435,3.344173720793262,0.15006767977580493,0.133766948832824
44.972569619127,9.0,44.972569619127,4.999953109616711,0.2852283560514959,2.0896371662514444,3.346373600261844,0.15016567415876003,0.1338549440100675
44.992569619126996,9.0,44.992569619126996,4.999953109619435,0.28522835655174156,2.0918371123685007,3.348573479128907,0.15026366847501915,0.13394293916459224
45.01256961912699,9.0,45.01256961912699,4.999953109622139,0.2852283570539758,2.094037057970671,3.3507733575319465,0.15036166282370522,0.1340309343014415
45.03256961912699,9.0,45.03256961912699,4.9999531096248315,0.28522835755703035,2.096237003060968,3.352973235422472,0.1504596571333603,0.1341189294171053
45.033569619127,9.0,45.033569619127,4.9999531096249665,0.28522835758128595,2.0963470002711033,3.3530832293374244,0.15046455682573967,0.1341233291713129
45.049569619127,9.0,45.049569619127,4.999953109627101,0.28522835798504637,2.09810695577927,3.3548431309492357,0.15054295211053947,0.13419372523911072
45.069569619126995,9.0,45.069569619126995,4.999953109629752,0.285228358490114,2.100306900117703,3.357043008135543,0.15064094658314264,0.1342817203249116
45.08956961912699,9.0,45.08956961912699,4.999953109632388,0.285228358995358,2.1025068438486785,3.3592428846837086,0.15073894084352668,0.13436971538684603
45.10956961912699,9.0,45.10956961912699,4.999953109635002,0.2852283595011744,2.1047067870360516,3.361442760687786,0.15083693505319307,0.13445771042766083
45.129569619127,9.0,45.129569619127,4.999953109637601,0.2852283600090834,2.1069067297322626,3.3636426361906473,0.15093492925754348,0.1345457054485887
45.14956961912699,9.0,45.14956961912699,4.999953109640184,0.2852283605166153,2.1091066719657627,3.365842511262285,0.1510329234499861,0.13463370044972683
45.16956961912699,9.0,45.16956961912699,4.999953109642744,0.2852283610255708,2.111306613719954,3.3680423857942903,0.15113091761155895,0.1347216954318532
45.18956961912699,9.0,45.18956961912699,4.999953109645291,0.2852283615360771,2.1135065550110697,3.3702422599404533,0.1512289117972636,0.13480969039740925
45.20956961912699,9.0,45.20956961912699,4.999953109647819,0.2852283620470583,2.1157064958334395,3.3724421335874313,0.15132690593327935,0.1348976853435454
45.229569619126984,9.0,45.229569619126984,4.999953109650332,0.2852283625599566,2.117906436195458,3.374642006780476,0.15142490005803166,0.13498568027157345
45.249569619126994,9.0,45.249569619126994,4.999953109652824,0.28522836307227367,2.1201063761196317,3.376841879553149,0.15152289416490317,0.13507367518137417
45.26956961912699,9.0,45.26956961912699,4.999953109655302,0.28522836358634407,2.1223063155800106,3.3790417518279003,0.15162088825968523,0.13516167007457966
45.289569619126986,9.0,45.289569619126986,4.99995310965776,0.28522836410109886,2.1245062546139812,3.381241623760245,0.15171888235520048,0.1352496649504914
45.290569619126984,9.0,45.290569619126984,4.999953109657885,0.28522836412695896,2.1246162514742943,3.3813516171748246,0.15172378172806233,0.1352540646800152
45.30656961912699,9.0,45.30656961912699,4.999953109659846,0.285228364540015,2.1263762022873474,3.383111514333911,0.15180217728416334,0.1353244605756719
45.32656961912699,9.0,45.32656961912699,4.999953109662269,0.28522836505591154,2.1285761406271484,3.385311385573642,0.1519001713971333,0.13541245542199706
45.34656961912699,9.0,45.34656961912699,4.999953109664685,0.2852283655725846,2.1307760784641467,3.387511256194079,0.1519981653681426,0.13550045024812138
45.366569619126984,9.0,45.366569619126984,4.9999531096670795,0.2852283660920281,2.1329760158352418,3.389711126471633,0.1520961593829211,0.13558844505900236
45.38656961912699,9.0,45.38656961912699,4.999953109669461,0.2852283666106627,2.135175952782165,3.3919109962788037,0.1521941533483706,0.13567643985076835
45.406569619126984,9.0,45.406569619126984,4.999953109671822,0.28522836713174615,2.1373758893037698,3.39411086565674,0.1522921473152603,0.135764434626206
45.42656961912699,9.0,45.42656961912699,4.999953109674172,0.2852283676525816,2.1395758254300667,3.3963107346600965,0.15239014129223483,0.13585242938662773
45.44656961912699,9.0,45.44656961912699,4.999953109676504,0.2852283681754644,2.141775761144551,3.3985106032666734,0.15248813524141158,0.13594042413060312
45.466569619126986,9.0,45.466569619126986,4.999953109678822,0.2852283686986863,2.143975696462398,3.4007104714647483,0.15258612916804104,0.1360284188585156
45.48656961912698,9.0,45.48656961912698,4.999953109681121,0.2852283692224176,2.146175631372531,3.4029103392617737,0.15268412308328894,0.13611641357085114
45.50656961912698,9.0,45.50656961912698,4.999953109683406,0.28522836974832094,2.148375565891445,3.405110206684382,0.15278211698306432,0.13620440826729735
45.526569619126974,9.0,45.526569619126974,4.999953109685676,0.2852283702743553,2.1505755000255706,3.407310073711544,0.15288011087098385,0.13629240294892833
45.546569619126984,9.0,45.546569619126984,4.999953109687929,0.285228370801913,2.152775433765634,3.409509940363476,0.15297810474447981,0.13638039761519696
45.54756961912698,9.0,45.54756961912698,4.999953109688047,0.28522837082730906,2.1528854304303082,3.4096199337534863,0.15298300440753865,0.13638479734651185
45.56356961912698,9.0,45.56356961912698,4.99995310968984,0.28522837125099737,2.154645376983814,3.4113798264823183,0.1530613993495784,0.1364551930595685
45.583569619126976,9.0,45.583569619126976,4.999953109692061,0.28522837177983623,2.156845310156752,3.4135796926193507,0.15315939337480144,0.13654318770429835
45.603569619126986,9.0,45.603569619126986,4.999953109694269,0.28522837230903564,2.159045242864939,3.415779558237421,0.15325738721342863,0.1366311823299041
45.62356961912698,9.0,45.62356961912698,4.999953109696464,0.28522837284053193,2.1612451751659107,3.4179794234812606,0.1533553810084105,0.13671917693879343
45.64356961912698,9.0,45.64356961912698,4.999953109698647,0.2852283733724882,2.1634451070856136,3.4201792883160644,0.15345337479510568,0.13680717153324962
45.663569619126974,9.0,45.663569619126974,4.9999531097008125,0.2852283739049892,2.16564503866094,3.4223791528143375,0.153551368573416,0.1368951661123026
45.68356961912698,9.0,45.68356961912698,4.999953109702964,0.28522837443874166,2.1678449698702127,3.424579016953049,0.15364936234782411,0.1369831606781232
45.703569619126974,9.0,45.703569619126974,4.999953109705099,0.28522837497483206,2.170044900716338,3.4267788807447164,0.1537473561062841,0.1370711552297181
45.72356961912698,9.0,45.72356961912698,4.999953109707218,0.2852283755105551,2.1722448312179896,3.428978744168685,0.15384534983940568,0.13715914976655633
45.74356961912698,9.0,45.74356961912698,4.999953109709328,0.28522837604732426,2.1744447613707614,3.431178607277565,0.1539433435857751,0.13724714429139023
45.763569619126976,9.0,45.763569619126976,4.999953109711422,0.285228376585448,2.1766446911761075,3.4333784700388366,0.15404133730523983,0.13733513880209094
45.78356961912697,9.0,45.78356961912697,4.999953109713501,0.2852283771250946,2.178844620631948,3.4355783324535527,0.15413933099301014,0.13742313329778902
45.803569619126975,9.0,45.803569619126975,4.999953109715567,0.2852283776648431,2.1810445497617934,3.437778194509428,0.15423732466457984,0.13751112777960153
45.80456961912698,9.0,45.80456961912698,4.999953109715677,0.2852283776915704,2.181154546155061,3.437888187494507,0.1542422242481516,0.13751552749956303
45.82056961912698,9.0,45.82056961912698,4.999953109717318,0.2852283781246677,2.1829144891461967,3.4396480769679045,0.1543206193303588,0.13758592307900938
45.840569619126974,9.0,45.840569619126974,4.999953109719352,0.2852283786670376,2.1851144177308415,3.44184793849048,0.15441861300465876,0.13767391753839772
45.86056961912697,9.0,45.86056961912697,4.999953109721377,0.2852283792099771,2.187314345938022,3.4440477996291623,0.1545166066437511,0.13776191198551183
45.88056961912697,9.0,45.88056961912697,4.99995310972339,0.28522837975384063,2.1895142738010214,3.4462476605030696,0.15461460029415774,0.13784990642025838
45.900569619126976,9.0,45.900569619126976,4.999953109725386,0.28522838029932185,2.1917142013218243,3.448447520979229,0.15471259390036307,0.13793790084029195
45.92056961912697,9.0,45.92056961912697,4.999953109727375,0.28522838084563884,2.193914128538871,3.4506473811996794,0.154810587512076,0.13802589524727277
45.940569619126975,9.0,45.940569619126975,4.999953109729341,0.2852283813925759,2.196114055435524,3.452847241049838,0.15490858110677275,0.138113889642344
45.96056961912697,9.0,45.96056961912697,4.9999531097313,0.28522838194114297,2.198313982026601,3.455047100644296,0.15500657471095725,0.13820188402570743
45.98056961912697,9.0,45.98056961912697,4.999953109733246,0.28522838249000176,2.2005139083037086,3.457246959911094,0.15510456828435393,0.1382898783963118
46.00056961912696,9.0,46.00056961912696,4.999953109735177,0.2852283830401209,2.2027138342716013,3.45944681888568,0.1552025618427344,0.13837787275434937
46.020569619126974,9.0,46.020569619126974,4.999953109737096,0.2852283835916199,2.2049137599373654,3.4616466775232433,0.1553005554019964,0.13846586710165115
46.04056961912697,9.0,46.04056961912697,4.999953109739003,0.2852283841445941,2.207113685295492,3.463846535938878,0.15539854896014327,0.13855386143700793
46.060569619126966,9.0,46.060569619126966,4.999953109740891,0.2852283846974314,2.20931361037385,3.4660463939775155,0.15549654247079658,0.13864185575932103
46.08056961912696,9.0,46.08056961912696,4.999953109742772,0.28522838525283906,2.2115135351337196,3.4682462517922943,0.15559453601396367,0.13872985007204103
46.100569619126965,9.0,46.100569619126965,4.99995310974464,0.2852283858080984,2.213713459610324,3.470446109265425,0.15569252949412937,0.13881784437009362
46.12056961912696,9.0,46.12056961912696,4.999953109746494,0.2852283863647984,2.2159133838076484,3.4726459664711196,0.1557905230041856,0.13890583865921202
46.140569619126964,9.0,46.140569619126964,4.999953109748334,0.28522838692289554,2.2181133077115454,3.4748458234395145,0.15588851651155533,0.13899383293786324
46.14156961912697,9.0,46.14156961912697,4.999953109748431,0.2852283869505482,2.218223303866048,3.4749558162423955,0.15589341621368824,0.13899823265251762
46.15756961912696,9.0,46.15756961912696,4.999953109749893,0.2852283873982944,2.2199832426920874,3.476715701461962,0.15597181087856304,0.13906862805861783
46.17756961912696,9.0,46.17756961912696,4.999953109751711,0.285228387957793,2.222183166158496,3.478915557968655,0.15606980442030394,0.13915662231750395
46.197569619126966,9.0,46.197569619126966,4.9999531097535135,0.2852283885191581,2.224383089291325,3.48111541413058,0.15616779788413315,0.13924461656512468
46.21756961912696,9.0,46.21756961912696,4.999953109755306,0.2852283890814412,2.226583012116693,3.4833152700220125,0.15626579133413565,0.1393326108016618
46.237569619126965,9.0,46.237569619126965,4.999953109757086,0.28522838964427405,2.228782934665285,3.4855151256210566,0.15636378473259605,0.13942060502373102
46.25756961912696,9.0,46.25756961912696,4.999953109758855,0.2852283902087284,2.2309828569480867,3.4877149809104315,0.15646177815521534,0.13950859923728012
46.27756961912696,9.0,46.27756961912696,4.999953109760614,0.285228390774046,2.2331827789626546,3.4899148360339702,0.1565597715889342,0.13959659344064523
46.29756961912696,9.0,46.29756961912696,4.999953109762358,0.2852283913401555,2.2353827007066838,3.4921146907878575,0.15665776496350192,0.13968458763172165
46.317569619126964,9.0,46.317569619126964,4.999953109764089,0.28522839190790233,2.237582622200825,3.4943145453722,0.15675575838369005,0.13977258181501934
46.33756961912696,9.0,46.33756961912696,4.999953109765811,0.2852283924764753,2.2397825434213052,3.496514399665667,0.1568537517535915,0.1398605759863282
46.35756961912696,9.0,46.35756961912696,4.99995310976752,0.28522839304676156,2.2419824643813726,3.4987142536772837,0.15695174510535703,0.13994857014648465
46.37756961912696,9.0,46.37756961912696,4.999953109769217,0.2852283936173229,2.2441823850919764,3.5009141074619974,0.15704973848974246,0.14003656429923422
46.397569619126955,9.0,46.397569619126955,4.999953109770906,0.2852283941898844,2.246382305536689,3.5031139610084643,0.157147731841484,0.14012455844047092
46.39856961912696,9.0,46.39856961912696,4.999953109770993,0.2852283942183805,2.246492301506277,3.503223953561411,0.1571526314459022,0.1401289581446029
46.41456961912696,9.0,46.41456961912696,4.99995310977233,0.2852283946769627,2.2482522376517036,3.504983836286525,0.15723102621152885,0.1401993534517886
46.43456961912696,9.0,46.43456961912696,4.999953109773993,0.2852283952510723,2.250452157693579,3.5071836893605832,0.157329019519598,0.14028734757367256
46.45456961912696,9.0,46.45456961912696,4.999953109775642,0.28522839582634846,2.2526520774626544,3.5093835421930977,0.15742701283559346,0.14037534168760668
46.47456961912695,9.0,46.47456961912695,4.999953109777283,0.28522839640347464,2.2548519969619303,3.511583394813559,0.15752500616341836,0.14046333579309037
46.49456961912696,9.0,46.49456961912696,4.999953109778913,0.28522839698043895,2.2570519162189804,3.5137832471738983,0.15762299945822122,0.1405513298874022
46.51456961912696,9.0,46.51456961912696,4.999953109780533,0.2852283975593822,2.259251835231132,3.5159830992816783,0.15772099272720763,0.14063932397037734
46.534569619126955,9.0,46.534569619126955,4.99995310978214,0.28522839813983475,2.261451754013351,3.5181829511421627,0.15781898602163946,0.14072731804629304
46.55456961912695,9.0,46.55456961912695,4.9999531097837355,0.2852283987201567,2.263651672559866,3.5203828028393067,0.15791697931067894,0.1408153121127133
46.57456961912695,9.0,46.57456961912695,4.999953109785323,0.2852283993024533,2.2658515908572046,3.522582654216742,0.15801497255882113,0.14090330616902366
46.59456961912695,9.0,46.59456961912695,4.999953109786896,0.28522839988629806,2.268051508933383,3.5247825054366073,0.15811296584148304,0.14099130021804385
46.614569619126954,9.0,46.614569619126954,4.999953109788459,0.2852284004706979,2.270251426779529,3.5269823564105667,0.1582109590814782,0.14107929425643007
46.63456961912695,9.0,46.63456961912695,4.999953109790007,0.285228401056066,2.272451344401308,3.52918220713959,0.15830895231339714,0.14116728828587546
46.65456961912695,9.0,46.65456961912695,4.9999531097915515,0.28522840164357516,2.2746512617898254,3.5313820576705095,0.1584069455477748,0.14125528230674894
46.65556961912695,9.0,46.65556961912695,4.999953109791631,0.2852284016725601,2.2747612576113787,3.531492050090284,0.15841184495744587,0.14125968199709119
46.671569619126956,9.0,46.671569619126956,4.99995310979286,0.2852284021435559,2.2765211913138277,3.533251930355207,0.15849023980251564,0.14133007721591506
46.69156961912695,9.0,46.69156961912695,4.999953109794378,0.2852284027321736,2.2787211083509504,3.5354517805549586,0.15858823304556569,0.14141807122198388
46.71156961912695,9.0,46.71156961912695,4.999953109795886,0.2852284033225415,2.280921025130882,3.537651630443075,0.15868622621269135,0.14150606521741657
46.73156961912695,9.0,46.73156961912695,4.999953109797387,0.2852284039137671,2.2831209416698046,3.539851480125532,0.1587842194079161,0.14159405920552107
46.75156961912695,9.0,46.75156961912695,4.999953109798876,0.28522840450740145,2.2853208579842135,3.542051329600114,0.15888221258462076,0.14168205318352534
46.77156961912694,9.0,46.77156961912694,4.999953109800357,0.2852284051000049,2.287520774105523,3.544251178856738,0.15898020577514083,0.14177004715488828
46.79156961912695,9.0,46.79156961912695,4.999953109801825,0.28522840569564306,2.2897206900005562,3.546451027946427,0.15907819894410546,0.14185804111660305
46.81156961912695,9.0,46.81156961912695,4.999953109803282,0.2852284062917363,2.291920605681165,3.548650876728406,0.15917619208061318,0.1419460350691133
46.831569619126945,9.0,46.831569619126945,4.999953109804728,0.28522840688938145,2.2941205211623865,3.5508507254186723,0.15927418527716886,0.14203402901678383
46.85156961912695,9.0,46.85156961912695,4.999953109806166,0.2852284074884782,2.2963204364300336,3.5530505738473046,0.15937217842156137,0.1421220229548924
46.871569619126944,9.0,46.871569619126944,4.999953109807595,0.28522840808841055,2.2985203514856662,3.5552504220963903,0.15947017155414644,0.14221001688388554
46.89156961912694,9.0,46.89156961912694,4.99995310980901,0.2852284086892741,2.3007202663577244,3.5574502701120774,0.15956816467032686,0.14229801080443838
46.91156961912695,9.0,46.91156961912695,4.999953109810421,0.28522840929186627,2.3029201810067845,3.5596501179571445,0.15966615779808868,0.14238600471789528
46.93156961912695,9.0,46.93156961912695,4.999953109811821,0.2852284098949943,2.305120095471312,3.5618499656020943,0.15976415091064777,0.14247399862336071
46.932569619126944,9.0,46.932569619126944,4.9999531098118934,0.28522840992563214,2.3052300911459063,3.561959957866253,0.15976905057727642,0.14247839831927386
46.94856961912695,9.0,46.94856961912695,4.999953109813002,0.2852284104102019,2.3069900225385296,3.5637198359413986,0.15984744509415005,0.1425487934369342
46.968569619126946,9.0,46.968569619126946,4.999953109814377,0.2852284110159926,2.309189936672904,3.5659196832071878,0.1599454381840546,0.14263678732872231
46.98856961912695,9.0,46.98856961912695,4.999953109815745,0.28522841162240664,2.3113898505929265,3.5681195303385347,0.16004343126896203,0.14272478121276597
47.008569619126945,9.0,47.008569619126945,4.999953109817103,0.28522841223142764,2.313589764287309,3.5703193772007094,0.160141424321796,0.1428127750876767
47.02856961912694,9.0,47.02856961912694,4.999953109818452,0.28522841284059447,2.3157896778007148,3.5725192239321015,0.16023941741879266,0.14290076895722795
47.04856961912694,9.0,47.04856961912694,4.999953109819793,0.28522841345213573,2.3179895911106922,3.5747190704585816,0.16033741049733718,0.14298876281918638
47.06856961912693,9.0,47.06856961912693,4.99995310982112,0.28522841406492094,2.320189504236377,3.5769189168021076,0.16043540355197772,0.14307675667222125
47.08856961912694,9.0,47.08856961912694,4.99995310982244,0.28522841467765514,2.3223894171796613,3.5791187629424597,0.16053339659475796,0.14316475051753436
47.10856961912694,9.0,47.10856961912694,4.999953109823756,0.28522841529324905,2.324589329933346,3.581318608915436,0.16063138965632096,0.14325274435723578
47.128569619126935,9.0,47.128569619126935,4.9999531098250545,0.2852284159083585,2.3267892425099523,3.583518454738321,0.160729382692969,0.14334073818845805
47.14856961912694,9.0,47.14856961912694,4.999953109826344,0.28522841652543673,2.328989154902026,3.5857183003122186,0.16082737570739747,0.1434287320122004
47.168569619126934,9.0,47.168569619126934,4.999953109827626,0.2852284171442134,2.3311890671069264,3.5879181457901863,0.16092536876830477,0.14351672583174416
47.18856961912693,9.0,47.18856961912693,4.999953109828899,0.2852284177644789,2.333388979121088,3.5901179910302843,0.16102336177632393,0.143604719642042
47.20856961912694,9.0,47.20856961912694,4.999953109830167,0.2852284183855396,2.3355888909747016,3.5923178361302157,0.16112135479005452,0.1436927134453509
47.20956961912694,9.0,47.20956961912694,4.999953109830233,0.28522841841602314,2.3356988865259662,3.5924278282500994,0.16112625421640603,0.14369711312592165
47.22556961912694,9.0,47.22556961912694,4.999953109831234,0.28522841891502704,2.3374588158727225,3.5941877043035455,0.16120464887731867,0.1437675081715539
47.24556961912694,9.0,47.24556961912694,4.999953109832478,0.2852284195380624,2.3396587274222305,3.596387549088058,0.16130264187953136,0.14385550196380326
47.265569619126936,9.0,47.265569619126936,4.999953109833713,0.2852284201635389,2.3418586387681763,3.5985873936677204,0.1614006348428374,0.14394349574734577
47.28556961912694,9.0,47.28556961912694,4.999953109834942,0.2852284207890339,2.3440585499522055,3.6007872381120785,0.16149862781412772,0.14403148952365677
47.305569619126935,9.0,47.305569619126935,4.9999531098361585,0.285228421416855,2.346258460957835,3.6029870823455807,0.16159662078320913,0.1441194832937412
47.32556961912693,9.0,47.32556961912693,4.99995310983737,0.2852284220458928,2.348458371779471,3.6051869264562337,0.16169461377156114,0.14420747705824502
47.345569619126934,9.0,47.345569619126934,4.999953109838568,0.28522842267570575,2.350658282442493,3.607386770377124,0.16179260672196372,0.14429547081434713
47.36556961912693,9.0,47.36556961912693,4.99995310983976,0.28522842330725734,2.3528581929396553,3.609586614127054,0.16189059967942288,0.14438346456471737
47.38556961912693,9.0,47.38556961912693,4.999953109840942,0.2852284239400951,2.355058103273327,3.611786457746361,0.16198859264548005,0.1444714583095302
47.405569619126936,9.0,47.405569619126936,4.999953109842115,0.2852284245742678,2.3572580134304046,3.613986301175547,0.16208658559241385,0.1445594520476131
47.42556961912693,9.0,47.42556961912693,4.999953109843279,0.28522842521066705,2.359457923421232,3.6161861444683883,0.1621845785319984,0.14464744577870345
47.44556961912693,9.0,47.44556961912693,4.999953109844438,0.2852284258474748,2.361657833251878,3.6183859875624886,0.16228257145741232,0.14473543950323367
47.465569619126924,9.0,47.465569619126924,4.9999531098455865,0.2852284264854758,2.363857742929347,3.6205858305395315,0.16238056438813553,0.14482343322151334
47.46656961912693,9.0,47.46656961912693,4.99995310984565,0.2852284265167243,2.363967738372479,3.6206958225657293,0.16238546400060638,0.14482783290591386
47.482569619126934,9.0,47.482569619126934,4.999953109846559,0.28522842702914,2.365727665986458,3.6224556969567323,0.16246385841786282,0.14489822787741427
47.50256961912693,9.0,47.50256961912693,4.999953109847687,0.28522842767010337,2.367927575390308,3.6246555395751026,0.1625618512867626,0.1449862215828736
47.52256961912693,9.0,47.52256961912693,4.999953109848804,0.2852284283118964,2.370127484629888,3.6268553821256555,0.1626598442063163,0.14507421528499728
47.54256961912694,9.0,47.54256961912694,4.999953109849919,0.28522842895545797,2.372327393694808,3.629055224487863,0.16275783709992386,0.14516220898004648
47.56256961912693,9.0,47.56256961912693,4.999953109851025,0.285228429600315,2.3745273026035454,3.6312550667123267,0.16285582999149817,0.14525020266852023
47.58256961912693,9.0,47.58256961912693,4.99995310985212,0.28522843024680505,2.376727211354533,3.6334549087682046,0.16295382287313376,0.1453381963506894
47.602569619126925,9.0,47.602569619126925,4.99995310985321,0.28522843089414457,2.3789271199617668,3.6356547506861583,0.16305181575976335,0.1454261900273697
47.62256961912692,9.0,47.62256961912692,4.9999531098542915,0.28522843154226846,2.38112702841572,3.637854592455615,0.16314980863737083,0.14551418369804595
47.642569619126924,9.0,47.642569619126924,4.99995310985536,0.28522843219356353,2.383326936711876,3.6400544340709824,0.16324780151595308,0.1456021773635064
47.66256961912692,9.0,47.66256961912692,4.999953109856423,0.28522843284517446,2.385526844858094,3.6422542755648655,0.16334579438326347,0.14569017102250603
47.68256961912692,9.0,47.68256961912692,4.999953109857476,0.28522843349819693,2.3877267528567105,3.6444541168718483,0.16344378723787978,0.14577816467575178
47.702569619126926,9.0,47.702569619126926,4.999953109858522,0.28522843415296667,2.3899266607164056,3.6466539580883177,0.16354178008683684,0.14586615832230984
47.72256961912692,9.0,47.72256961912692,4.999953109859558,0.2852284348096961,2.3921265684089015,3.6488537990729344,0.16363977291518528,0.14595415196303727
47.72356961912692,9.0,47.72356961912692,4.999953109859615,0.28522843484193977,2.3922365637821703,3.6489637911361394,0.16364467263043014,0.14595855164787994
47.739569619126925,9.0,47.739569619126925,4.999953109860442,0.2852284353686206,2.393996489794118,3.650723663834792,0.16372306683805027,0.14602894655355556
47.75956961912692,9.0,47.75956961912692,4.999953109861459,0.28522843602739567,2.396196397267057,3.652923504638684,0.1638210597003269,0.14611694018588012
47.779569619126924,9.0,47.779569619126924,4.999953109862474,0.2852284366866994,2.3983963045810106,3.655123345306617,0.16391905254017747,0.1462049338125636
47.79956961912692,9.0,47.79956961912692,4.999953109863481,0.2852284373483528,2.4005962117353916,3.6573231858072703,0.16401704534377903,0.1462929274316934
47.819569619126916,9.0,47.819569619126916,4.999953109864479,0.28522843801215686,2.4027961187347198,3.6595230261460556,0.1641150381605163,0.14638092104622344
47.83956961912693,9.0,47.83956961912693,4.999953109865468,0.28522843867600844,2.404996025615255,3.661722866410002,0.16421303099129725,0.14646891465600395
47.85956961912692,9.0,47.85956961912692,4.99995310986645,0.28522843934155573,2.407195932346717,3.6639227064965647,0.16431102378848061,0.14655690825941833
47.87956961912692,9.0,47.87956961912692,4.999953109867422,0.2852284400094823,2.409395838926892,3.6661225464264464,0.16440901658018459,0.14664490185682247
47.89956961912692,9.0,47.89956961912692,4.99995310986839,0.28522844067852304,2.4115957453798846,3.668322386249189,0.16450700940265595,0.14673289545106058
47.91956961912692,9.0,47.91956961912692,4.999953109869351,0.28522844134802205,2.4137956517052093,3.6705222259837322,0.1646050022038612,0.14682088903912122
47.939569619126914,9.0,47.939569619126914,4.999953109870298,0.28522844202049386,2.4159955578841488,3.6727220655038297,0.164702994969119,0.1469088826207685
47.95956961912691,9.0,47.95956961912691,4.999953109871239,0.2852284426945293,2.4181954639296452,3.674921904956327,0.16480098776248364,0.1469968761981782
47.97956961912692,9.0,47.97956961912692,4.999953109872175,0.2852284433680547,2.4203953698463088,3.677121744250532,0.16489898052367602,0.14708486976918436
47.999569619126916,9.0,47.999569619126916,4.999953109873103,0.2852284440448385,2.422595275619065,3.679321583382975,0.16499697329123553,0.1471728633356654
48.000569619126914,9.0,48.000569619126914,4.999953109873155,0.2852284440782056,2.42270527089061,3.679431575331293,0.16500187296283064,0.1471772630150188
48.01656961912692,9.0,48.01656961912692,4.999953109873888,0.28522844462114444,2.424465195378927,3.6811914465706064,0.16508026714229063,0.14724765786213187
48.03656961912692,9.0,48.03656961912692,4.999953109874799,0.28522844529959623,2.426665100970197,3.683391285520475,0.165178259920171,0.1473356514202556
48.05656961912692,9.0,48.05656961912692,4.999953109875699,0.2852284459810971,2.4288650063753288,3.6855911243371327,0.16527625268610224,0.14742364497384017
48.076569619126914,9.0,48.076569619126914,4.999953109876594,0.2852284466622438,2.4310649116561867,3.6877909630274646,0.16537424543241497,0.14751163852117694
48.09656961912691,9.0,48.09656961912691,4.999953109877487,0.28522844734602504,2.4332648168036632,3.6899908015753007,0.16547223817109535,0.14759963206319804
48.116569619126906,9.0,48.116569619126906,4.999953109878367,0.2852284480315571,2.435464721825735,3.6921906400039903,0.16557023090933787,0.1476876256001084
48.13656961912692,9.0,48.13656961912692,4.9999531098792405,0.2852284487175981,2.4376646267227797,3.694390478312099,0.1656682236486946,0.14777561913257517
48.15656961912691,9.0,48.15656961912691,4.99995310988011,0.28522844940667724,2.4398645314858207,3.696590316502514,0.1657662163759832,0.14786361265964684
48.17656961912691,9.0,48.17656961912691,4.999953109880967,0.285228450096125,2.4420644361306927,3.6987901545500748,0.16586420910476618,0.1479516061825763
48.19656961912691,9.0,48.19656961912691,4.999953109881818,0.2852284507865091,2.444264340658836,3.7009899925399905,0.16596220185607025,0.14803959970246414
48.21656961912691,9.0,48.21656961912691,4.9999531098826635,0.2852284514796728,2.4464642450462164,3.7031898303454676,0.1660601945434268,0.14812759321412378
48.236569619126904,9.0,48.236569619126904,4.999953109883498,0.28522845217402676,2.448664149324175,3.7053896680378124,0.16615818723838172,0.14821558672082602
48.25656961912691,9.0,48.25656961912691,4.99995310988433,0.28522845286985304,2.450864053481693,3.7075895056062707,0.16625617995050912,0.14830358022433304
48.25756961912691,9.0,48.25756961912691,4.999953109884377,0.2852284529046631,2.4509740486747065,3.707699497490582,0.16626107952526237,0.14830797989677932
48.27356961912691,9.0,48.27356961912691,4.999953109885038,0.28522845346343817,2.4527339718562753,3.7094593674350103,0.16633947374139035,0.14837837469782858
48.293569619126906,9.0,48.293569619126906,4.999953109885844,0.2852284541624354,2.454933875818158,3.7116592048395733,0.16643746647378443,0.14846636819443648
48.31356961912691,9.0,48.31356961912691,4.99995310988665,0.28522845486206777,2.457133779649179,3.7138590421267703,0.16653545915135126,0.14855436168388506
48.33356961912691,9.0,48.33356961912691,4.999953109887455,0.2852284555636741,2.459333683345507,3.7160588792278246,0.1666334518166852,0.14864235516869706
48.35356961912691,9.0,48.35356961912691,4.999953109888249,0.2852284562677302,2.4615335869189625,3.7182587162850185,0.16673144453519395,0.1487303486519764
48.373569619126904,9.0,48.373569619126904,4.999953109889034,0.28522845697331517,2.463733490367357,3.720458553209015,0.16682943721038868,0.1488183421287351
48.39356961912691,9.0,48.39356961912691,4.999953109889812,0.28522845767947524,2.465933393705785,3.722658389985309,0.16692742985494147,0.14890633559875646
48.4135696191269,9.0,48.4135696191269,4.999953109890584,0.2852284583876243,2.468133296934691,3.7248582266646633,0.16702542254725516,0.1489943290676963
48.43356961912691,9.0,48.43356961912691,4.999953109891348,0.285228459098448,2.470333200039158,3.7270580632759174,0.16712341522186502,0.1490823225311495
48.45356961912691,9.0,48.45356961912691,4.999953109892107,0.2852284598099151,2.4725331030272453,3.7292578997119428,0.16722140784419426,0.14917031598742309
48.473569619126906,9.0,48.473569619126906,4.999953109892858,0.2852284605233512,2.4747330059150787,3.7314577360475782,0.16731940051181793,0.1492583094421518
48.4935696191269,9.0,48.4935696191269,4.9999531098936005,0.28522846123744244,2.4769329086851273,3.73365757233805,0.16741739319334648,0.14934630289381715
48.5135696191269,9.0,48.5135696191269,4.999953109894339,0.28522846195506346,2.4791328113340114,3.7358574084591507,0.16751538581667647,0.1494342963383536
48.533569619126894,9.0,48.533569619126894,4.999953109895063,0.2852284626722332,2.4813327138855135,3.73805724447878,0.16761337844783797,0.14952228977853171
48.534569619126906,9.0,48.534569619126906,4.999953109895106,0.2852284627083255,2.481442708977789,3.7381672361611327,0.16761827808108043,0.14952668945082248
48.550569619126904,9.0,48.550569619126904,4.999953109895687,0.28522846328495044,2.4832026309220936,3.7399271050764673,0.16769667227728524,0.14959708420254797
48.5705696191269,9.0,48.5705696191269,4.999953109896401,0.285228464005951,2.4854025332759253,3.7421269408379305,0.1677946648473998,0.14968507763382183
48.590569619126896,9.0,48.590569619126896,4.999953109897108,0.28522846472771124,2.487602435522565,3.7443267765882,0.16789265747960447,0.14977307106345503
48.610569619126906,9.0,48.610569619126906,4.999953109897808,0.28522846545272534,2.489802337637855,3.7465266121971665,0.1679906500902717,0.14986106448791392
48.6305696191269,9.0,48.6305696191269,4.999953109898504,0.28522846617869,2.4920022396543313,3.748726447713302,0.16808864270743684,0.14994905790819008
48.6505696191269,9.0,48.6505696191269,4.999953109899191,0.2852284669067484,2.494202141558584,3.7509262831218466,0.16818663533617362,0.15003705132563117
48.670569619126894,9.0,48.670569619126894,4.999953109899874,0.2852284676369958,2.4964020433465595,3.7531261184427622,0.16828462794492172,0.15012504473754967
48.6905696191269,9.0,48.6905696191269,4.999953109900549,0.2852284683683847,2.498601945044566,3.7553259536205466,0.16838262053620912,0.15021303814467007
48.71056961912689,9.0,48.71056961912689,4.999953109901218,0.28522846910097177,2.500801846625421,3.7575257887336564,0.16848061315966745,0.15030103154981306
48.730569619126896,9.0,48.730569619126896,4.99995310990188,0.2852284698352115,2.5030017481112106,3.759725623748585,0.1685786057597023,0.1503890249499685
48.7505696191269,9.0,48.7505696191269,4.999953109902534,0.2852284705719434,2.5052016494745377,3.7619254586306825,0.16867659833118487,0.1504770183443985
48.770569619126896,9.0,48.770569619126896,4.999953109903185,0.28522847131025114,2.507401550755577,3.7641252934105873,0.16877459093209568,0.15056501173686443
48.79056961912689,9.0,48.79056961912689,4.9999531099038235,0.285228472050053,2.50960145192305,3.7663251281512613,0.16887258354168755,0.15065300512608884
48.79156961912689,9.0,48.79156961912689,4.999953109903862,0.2852284720877124,2.5097114469631214,3.7664351198646875,0.16887748323717666,0.15065740479818931
48.807569619126895,9.0,48.807569619126895,4.999953109904372,0.28522847268133367,2.51147136778568,3.7681949875201513,0.16895587718630134,0.15072779949967785
48.8275696191269,9.0,48.8275696191269,4.999953109904995,0.2852284734241927,2.5136712687894645,3.7703948220197465,0.1690538697816133,0.15081579288038854
48.847569619126894,9.0,48.847569619126894,4.999953109905614,0.2852284741686943,2.5158711696842366,3.772594656472231,0.16915186239734892,0.15090378625972223
48.86756961912689,9.0,48.86756961912689,4.999953109906234,0.2852284749153749,2.5180710704592726,3.77479449082709,0.1692498549596635,0.1509917796325425
48.88756961912689,9.0,48.88756961912689,4.999953109906841,0.2852284756639766,2.520270971124584,3.7769943250039604,0.16934784748831988,0.15107977299948366
48.907569619126896,9.0,48.907569619126896,4.999953109907444,0.2852284764139916,2.52247087169963,3.7791941591322082,0.16944584008076635,0.15116776636613108
48.92756961912689,9.0,48.92756961912689,4.999953109908038,0.28522847716679367,2.5246707721766586,3.781393993189232,0.16954383264455108,0.15125575972742508
48.947569619126895,9.0,48.947569619126895,4.999953109908625,0.28522847791981126,2.5268706725450345,3.7835938270960345,0.16964182517446846,0.15134375308336306
48.96756961912689,9.0,48.96756961912689,4.999953109909208,0.28522847867528833,2.529070572830557,3.7857936609302962,0.16973981773993185,0.15143174643764495
48.98756961912689,9.0,48.98756961912689,4.999953109909785,0.2852284794328713,2.5312704730039677,3.7879934947094926,0.16983781030417733,0.15151973978855052
49.00756961912688,9.0,49.00756961912688,4.999953109910353,0.2852284801923445,2.53347037308113,3.7901933283455254,0.16993580281922238,0.1516077331330723
49.02756961912689,9.0,49.02756961912689,4.999953109910916,0.2852284809528497,2.535670273065264,3.7923931618729494,0.17003379536906005,0.1516957264761601
49.04756961912689,9.0,49.04756961912689,4.999953109911473,0.2852284817156725,2.537870172958774,3.794592995397354,0.17013178791684447,0.15178371981488142
49.04856961912689,9.0,49.04856961912689,4.9999531099115035,0.28522848175368626,2.537980167905537,3.794702986855408,0.1701366873261274,0.15178811947322593
49.06456961912689,9.0,49.06456961912689,4.99995310991195,0.2852284823665228,2.539740087768398,3.7964628537932117,0.17021508167599242,0.15185851415251111
49.084569619126896,9.0,49.084569619126896,4.999953109912487,0.2852284831319683,2.541939987485801,3.798662687047404,0.17031307412334584,0.15194650748193927
49.10456961912689,9.0,49.10456961912689,4.999953109913029,0.2852284838993784,2.544139887115172,3.800862520238786,0.1704110666236287,0.15203450081011188
49.12456961912689,9.0,49.12456961912689,4.999953109913555,0.2852284846691098,2.5463397866408317,3.8030623533628436,0.17050905912310577,0.15212249413334486
49.144569619126884,9.0,49.144569619126884,4.999953109914085,0.28522848544068297,2.5485396860596192,3.805262186332648,0.17060705162700507,0.1522104874535339
49.16456961912688,9.0,49.16456961912688,4.9999531099146015,0.2852284862149415,2.550739585390268,3.807462019304067,0.17070504417132693,0.15229848077208957
49.18456961912688,9.0,49.18456961912688,4.999953109915115,0.28522848698972814,2.5529394846366724,3.8096618521289694,0.17080303667320806,0.15238647408576816
49.204569619126886,9.0,49.204569619126886,4.999953109915623,0.28522848776700843,2.5551393837857272,3.8118616849061615,0.17090102917737626,0.1524744673955693
49.22456961912688,9.0,49.22456961912688,4.999953109916122,0.2852284885468598,2.5573392828405077,3.8140615175353116,0.17099902165811498,0.1525624607009415
49.244569619126885,9.0,49.244569619126885,4.999953109916619,0.28522848932747424,2.5595391818094986,3.816261350142712,0.17109701418309586,0.15265045400547916
49.26456961912688,9.0,49.26456961912688,4.999953109917105,0.28522849011054985,2.5617390806790223,3.818461182619939,0.17119500666655774,0.15273844730466335
49.28456961912688,9.0,49.28456961912688,4.9999531099175885,0.285228490895159,2.5639389794604095,3.8206610150153066,0.17129299916380814,0.15282644060117004
49.30456961912688,9.0,49.30456961912688,4.999953109918062,0.28522849168162084,2.566138878151753,3.8228608473382315,0.17139099164930016,0.15291443389338824
49.305569619126885,9.0,49.305569619126885,4.99995310991809,0.2852284917217814,2.5662488730621194,3.8229708388648325,0.1713958912485185,0.15291883355696143
49.32156961912688,9.0,49.32156961912688,4.999953109918467,0.28522849235285513,2.56800879194931,3.824730704755672,0.17147428528044983,0.15298922818844482
49.34156961912688,9.0,49.34156961912688,4.999953109918929,0.28522849314324716,2.5702086904846193,3.8269305368488724,0.17157227774274064,0.15307722147460387
49.36156961912688,9.0,49.36156961912688,4.999953109919385,0.28522849393540517,2.572408588934968,3.829130368970298,0.17167027023771841,0.15316521475862943
49.381569619126886,9.0,49.381569619126886,4.999953109919836,0.2852284947286677,2.5746084872888244,3.8313302009349375,0.17176826268750922,0.1532532080374267
49.40156961912688,9.0,49.40156961912688,4.999953109920282,0.28522849552610247,2.5768083855362818,3.833530032832023,0.17186625515442677,0.15334120131311876
49.42156961912688,9.0,49.42156961912688,4.999953109920723,0.28522849632323893,2.579008283727951,3.8357298646471403,0.1719642476276093,0.1534291945861552
49.44156961912688,9.0,49.44156961912688,4.9999531099211545,0.2852284971234765,2.5812081818122836,3.8379296964023575,0.17206224009734705,0.15351718785593393
49.46156961912688,9.0,49.46156961912688,4.99995310992158,0.28522849792591776,2.5834080797985965,3.840129528016599,0.172160232531811,0.15360518112040256
49.48156961912687,9.0,49.48156961912687,4.999953109922,0.2852284987302841,2.5856079777043917,3.8423293595730343,0.17225822500848587,0.15369317438405497
49.50156961912688,9.0,49.50156961912688,4.999953109922419,0.28522849953556334,2.587807875541228,3.844529191088603,0.17235621745702856,0.15378116764253288
49.52156961912688,9.0,49.52156961912688,4.999953109922829,0.2852285003434514,2.5900077732825606,3.8467290224551105,0.17245420989588833,0.15386916089849165
49.541569619126875,9.0,49.541569619126875,4.999953109923233,0.28522850115429244,2.5922076709321704,3.8489288537943134,0.1725522023539383,0.15395715415166755
49.56156961912687,9.0,49.56156961912687,4.999953109923627,0.2852285019665289,2.594407568502917,3.8511286850105275,0.17265019477923693,0.154045147400075
49.58156961912687,9.0,49.58156961912687,4.999953109924019,0.2852285027807536,2.596607465989222,3.8533285161776063,0.17274818722583074,0.15413314064656278
49.58256961912688,9.0,49.58256961912688,4.999953109924043,0.2852285028207267,2.596717460824951,3.853438507535417,0.17275308688849123,0.15413754031077986
49.59856961912688,9.0,49.59856961912688,4.999953109924354,0.2852285034745083,2.5984773787830346,3.8551983727506114,0.17283148095493672,0.15420793490875434
49.61856961912687,9.0,49.61856961912687,4.999953109924731,0.2852285042920637,2.6006772760943626,3.8573982035611327,0.17292947321907226,0.15429592814271953
49.63856961912687,9.0,49.63856961912687,4.9999531099251024,0.2852285051112194,2.602877173366129,3.859598034533159,0.17302746567518823,0.15438392138126278
49.65856961912688,9.0,49.65856961912688,4.999953109925469,0.2852285059341708,2.6050770705156294,3.861797865358808,0.17312545808259205,0.154471914614572
49.678569619126876,9.0,49.678569619126876,4.999953109925831,0.2852285067579704,2.6072769675940117,3.8639976961185085,0.1732234504993182,0.15455990784459123
49.69856961912687,9.0,49.69856961912687,4.999953109926187,0.2852285075845311,2.609476864591847,3.866197526802609,0.1733214429294363,0.1546479010727606
49.71856961912687,9.0,49.71856961912687,4.9999531099265395,0.2852285084124659,2.6116767615069767,3.868397357433053,0.17341943534522808,0.15473589429696538
49.73856961912687,9.0,49.73856961912687,4.999953109926887,0.2852285092421125,2.613876658339175,3.8705971879394623,0.1735174277490632,0.15482388751805243
49.75856961912687,9.0,49.75856961912687,4.9999531099272225,0.2852285100751662,2.61607655508235,3.8727970183935656,0.17361542015922438,0.1549118807358098
49.77856961912686,9.0,49.77856961912686,4.999953109927553,0.28522851090942825,2.6182764517519166,3.8749968487475672,0.17371341256773243,0.1549998739509322
49.79856961912687,9.0,49.79856961912687,4.999953109927882,0.2852285117462359,2.620476348347597,3.8771966790742387,0.17381140497450698,0.1550878671626318
49.81856961912687,9.0,49.81856961912687,4.9999531099282075,0.2852285125838868,2.6226762448687655,3.879396509271068,0.17390939736120914,0.15517586037105507
49.838569619126865,9.0,49.838569619126865,4.999953109928523,0.2852285134251438,2.6248761412958954,3.8815963394384805,0.17400738975676555,0.15526385357639652
49.85856961912687,9.0,49.85856961912687,4.999953109928833,0.2852285142679888,2.6270760376399402,3.883796169465385,0.1741053821468579,0.15535184677939698
49.878569619126864,9.0,49.878569619126864,4.999953109929136,0.28522851511344377,2.6292759339049963,3.885995999502628,0.17420337455506751,0.1554398399797266
49.89856961912686,9.0,49.89856961912686,4.999953109929431,0.28522851596059307,2.6314758301004653,3.8881958293688648,0.17430136691069276,0.1555278331747326
49.91856961912687,9.0,49.91856961912687,4.999953109929724,0.28522851681130607,2.633675726197787,3.8903956592217668,0.17439935931753237,0.15561582636937496
49.938569619126866,9.0,49.938569619126866,4.99995310993001,0.28522851766179097,2.6358756222415396,3.892595488987484,0.1744973516923256,0.15570381955956347
49.95856961912686,9.0,49.95856961912686,4.999953109930294,0.28522851851534087,2.638075518198567,3.8947953186735647,0.17459534406458488,0.15579181274689655
49.95956961912686,9.0,49.95956961912686,4.999953109930313,0.2852285185586138,2.6381855129914875,3.8949053101890008,0.17460024363406168,0.1557962124041593
49.975569619126865,9.0,49.975569619126865,4.9999531099305345,0.28522851924362014,2.639945429653255,3.8966651737674347,0.174678637512387,0.1558666069501878
49.99556961912687,9.0,49.99556961912687,4.999953109930803,0.28522852010187966,2.6421453254852816,3.8988650033606884,0.1747766299635849,0.15595460013561763
50.015569619126865,9.0,50.015569619126865,4.999953109931062,0.2852285209615212,2.6443452212299703,3.9010648328946953,0.1748746223412616,0.15604259331532214
50.03556961912686,9.0,50.03556961912686,4.9999531099313215,0.28522852182315966,2.6465451168843543,3.9032646622419844,0.1749726146624666,0.1561305864894212
50.05556961912686,9.0,50.05556961912686,4.999953109931573,0.2852285226884926,2.648745012464764,3.905464491587695,0.17507060704937438,0.1562185796638222
50.07556961912685,9.0,50.07556961912685,4.999953109931824,0.28522852355534656,2.650944907961717,3.907664320846022,0.17516859940485596,0.1563065728339251
50.09556961912686,9.0,50.09556961912686,4.999953109932069,0.2852285244242784,2.653144803388649,3.9098641500218747,0.17526659175692605,0.1563945660011507
50.11556961912686,9.0,50.11556961912686,4.999953109932301,0.28522852529559845,2.655344698741135,3.9120639791425025,0.17536458410728284,0.15648255916531276
50.135569619126855,9.0,50.135569619126855,4.999953109932532,0.28522852616891975,2.657544594008337,3.9142638081534367,0.17546257644417218,0.1565705523260829
50.15556961912686,9.0,50.15556961912686,4.999953109932759,0.2852285270451839,2.659744489205115,3.916463637127824,0.17556056878600157,0.1566585454837529
50.175569619126854,9.0,50.175569619126854,4.999953109932978,0.28522852792303066,2.6619443843261825,3.9186634659868846,0.17565856113289136,0.15674653863991056
50.19556961912685,9.0,50.19556961912685,4.9999531099331955,0.2852285288038799,2.664144279369217,3.920863294842951,0.17575655349547503,0.15683453179385745
50.21556961912686,9.0,50.21556961912686,4.999953109933403,0.2852285296864268,2.666344174340579,3.9230631235790407,0.17585454581067816,0.1569225249427674
50.235569619126856,9.0,50.235569619126856,4.999953109933604,0.28522853057199093,2.6685440692334446,3.9252629522329636,0.17595253813627365,0.1570105180891807
50.236569619126854,9.0,50.236569619126854,4.9999531099336165,0.28522853061659126,2.668654063970768,3.925372943685522,0.17595743795900276,0.15701491775510273
50.25256961912686,9.0,50.25256961912686,4.99995310993378,0.28522853132699083,2.6704139798027287,3.9271328065679203,0.1760358316050299,0.15708531226113265
50.272569619126855,9.0,50.272569619126855,4.999953109933968,0.2852285322160808,2.6726138745866237,3.929332635046501,0.17613382393216903,0.1571733054026049
50.29256961912686,9.0,50.29256961912686,4.999953109934153,0.2852285331072332,2.6748137692902403,3.9315324636267315,0.1762318163131953,0.15726129854447138
50.312569619126855,9.0,50.312569619126855,4.999953109934336,0.2852285340019531,2.677013663893165,3.9337322919662197,0.17632980858230174,0.15734929167849313
50.33256961912685,9.0,50.33256961912685,4.999953109934512,0.28522853489793987,2.6792135584287537,3.935932120311236,0.17642780092137977,0.15743728481267114
50.352569619126854,9.0,50.352569619126854,4.999953109934683,0.2852285357968333,2.681413452891674,3.938131948581045,0.17652579323596873,0.1575252779430686
50.37256961912685,9.0,50.37256961912685,4.999953109934852,0.28522853669836246,2.683613347279843,3.940331776751081,0.17662378553644986,0.15761327107000456
50.39256961912685,9.0,50.39256961912685,4.99995310993501,0.28522853760204353,2.685813241602272,3.9425316048900325,0.17672177786425536,0.1577012641959631
50.412569619126856,9.0,50.412569619126856,4.999953109935161,0.2852285385078566,2.68801313584608,3.9447314329493666,0.17681977015932082,0.15778925731742963
50.43256961912685,9.0,50.43256961912685,4.999953109935311,0.28522853941604176,2.690213030023248,3.946931260917901,0.17691776245457325,0.157877250436413
50.45256961912685,9.0,50.45256961912685,4.999953109935454,0.28522854032758416,2.6924129241225936,3.949131088843904,0.1770157547575988,0.15796524355291472
50.472569619126844,9.0,50.472569619126844,4.999953109935594,0.2852285412407941,2.694612818152256,3.951330916672881,0.17711374705947347,0.15805323666733503
50.49256961912684,9.0,50.49256961912684,4.999953109935727,0.2852285421570668,2.6968127121073207,3.9535307444739427,0.17721173936118984,0.1581412297786715
50.49356961912685,9.0,50.49356961912685,4.999953109935738,0.2852285422027836,2.696922706785416,3.953640735783703,0.1772166388822196,0.1581456294304203
50.50956961912685,9.0,50.50956961912685,4.9999531099358405,0.28522854293763006,2.6986826218998865,3.955400598026693,0.1772950328433196,0.15821602392165268
50.529569619126846,9.0,50.529569619126846,4.999953109935957,0.28522854385829877,2.7008825157267786,3.9576004256816875,0.17739302511409605,0.15830401702744903
50.549569619126856,9.0,50.549569619126856,4.9999531099360714,0.2852285447811445,2.703082409479745,3.9598002532365375,0.1774910173730977,0.15839201012963094
50.56956961912685,9.0,50.56956961912685,4.999953109936185,0.28522854570625267,2.705282303173427,3.962000080760882,0.17758900967164615,0.15848000323123868
50.58956961912685,9.0,50.58956961912685,4.9999531099362935,0.28522854663406133,2.7074821967834617,3.9641999082317154,0.1776870019471002,0.15856799632886018
50.609569619126844,9.0,50.609569619126844,4.999953109936395,0.2852285475642606,2.7096820903271053,3.966399735580212,0.17778499419370486,0.15865598942217285
50.62956961912684,9.0,50.62956961912684,4.999953109936487,0.2852285484974776,2.711881983789032,3.968599562874,0.17788298649341128,0.15874398251618924
50.649569619126844,9.0,50.649569619126844,4.999953109936582,0.2852285494328024,2.7140818771973065,3.970799390181114,0.17798097878197394,0.1588319756067012
50.66956961912684,9.0,50.66956961912684,4.999953109936666,0.2852285503714006,2.7162817705217313,3.972999217315169,0.1780789710238313,0.1589199686930866
50.68956961912684,9.0,50.68956961912684,4.999953109936746,0.2852285513115062,2.7184816637843254,3.9751990444562395,0.1781769632974315,0.1590079617775506
50.709569619126846,9.0,50.709569619126846,4.999953109936821,0.28522855225420035,2.7206815569806406,3.977398871474957,0.17827495555065642,0.15909595485907388
50.72956961912684,9.0,50.72956961912684,4.999953109936888,0.28522855320032364,2.722881450094493,3.9795986984756984,0.17837294783223223,0.15918394793952984
50.74956961912684,9.0,50.74956961912684,4.999953109936952,0.2852285541485069,2.725081343144849,3.981798525380412,0.17847094006897035,0.15927194101473746
50.76956961912684,9.0,50.76956961912684,4.99995310993701,0.28522855509984124,2.727281236116381,3.983998352200399,0.17856893232467752,0.15935993408868396
50.770569619126846,9.0,50.770569619126846,4.99995310993702,0.2852285551473437,2.727391230760975,3.984108343560686,0.17857383190978693,0.15936433374077527
50.786569619126844,9.0,50.786569619126844,4.9999531099370635,0.28522855591044405,2.7291511450796313,3.985868204957302,0.17865222573799233,0.15943472819907656
50.80656961912684,9.0,50.80656961912684,4.999953109937105,0.28522855686612897,2.73135103795606,3.988068031729715,0.17875021799907165,0.15952272126841865
50.826569619126836,9.0,50.826569619126836,4.999953109937149,0.2852285578249626,2.733550930737153,3.9902678583554927,0.1788482102313671,0.15961071433457497
50.846569619126846,9.0,50.846569619126846,4.999953109937187,0.2852285587856296,2.7357508234494117,3.9924676849710634,0.1789462024877726,0.15969870739887715
50.86656961912684,9.0,50.86656961912684,4.999953109937215,0.2852285597491124,2.7379507161032284,3.9946675114851673,0.17904419472003497,0.1597867004597108
50.88656961912684,9.0,50.88656961912684,4.999953109937247,0.2852285607154305,2.7401506086885323,3.9968673379664947,0.1791421869578127,0.1598746935180225
50.90656961912684,9.0,50.90656961912684,4.999953109937269,0.2852285616849521,2.742350501190719,3.999067164337988,0.17924017918177348,0.1599626865734578
50.92656961912684,9.0,50.92656961912684,4.999953109937285,0.2852285626566148,2.7445503936353286,4.001266990685007,0.17933817142475816,0.16005067962714636
50.946569619126834,9.0,50.946569619126834,4.999953109937298,0.28522856363142446,2.746750286010486,4.003466816948639,0.1794361636534081,0.1601386726780321
50.96656961912683,9.0,50.96656961912683,4.9999531099373025,0.2852285646076625,2.7489501783295798,4.005666643173708,0.17953415588901533,0.16022666572694327
50.98656961912684,9.0,50.98656961912684,4.9999531099373025,0.2852285655886094,2.7511500705633902,4.007866469301996,0.17963214809826877,0.16031465877189996
51.006569619126836,9.0,51.006569619126836,4.999953109937299,0.28522856657074247,2.75334996273107,4.010066295368887,0.17973014032755819,0.1604026518155246
51.02656961912683,9.0,51.02656961912683,4.999953109937289,0.2852285675568624,2.7555498548288164,4.012266121396063,0.17982813254986496,0.16049064485604933
51.02756961912683,9.0,51.02756961912683,4.999953109937299,0.2852285676065106,2.7556598494295526,4.012376112710904,0.17983303211412371,0.160495044505976
51.04356961912684,9.0,51.04356961912684,4.999953109937289,0.28522856839696564,2.757419763048754,4.0141359733725555,0.1799114258533594,0.16056543893380487
51.06356961912684,9.0,51.06356961912684,4.999953109937263,0.2852285693876786,2.759619655041476,4.016335799315657,0.18000941814062044,0.16065343197262225
51.083569619126834,9.0,51.083569619126834,4.999953109937236,0.285228570381008,2.7618195469583044,4.018535625154813,0.18010741035853606,0.16074142500663652
51.10356961912683,9.0,51.10356961912683,4.999953109937204,0.2852285713774799,2.7640194388051817,4.020735450926515,0.18020540255165152,0.16082941803652176
51.123569619126826,9.0,51.123569619126826,4.999953109937169,0.2852285723755414,2.7662193305871314,4.0229352766107755,0.18030339476608725,0.1609174110657917
51.143569619126836,9.0,51.143569619126836,4.99995310993713,0.2852285733783545,2.7684192222981086,4.0251351022850645,0.18040138696845753,0.16100540409100184
51.16356961912683,9.0,51.16356961912683,4.999953109937088,0.2852285743832081,2.7706191139423786,4.02733492781992,0.18049937913964165,0.16109339711251192
51.18356961912683,9.0,51.18356961912683,4.999953109937038,0.2852285753903487,2.7728190055216735,4.029534753331412,0.1805973713427389,0.16118139013276636
51.20356961912683,9.0,51.20356961912683,4.999953109936978,0.28522857640118754,2.775018897023696,4.031734578766111,0.18069536354569005,0.1612693831512182
51.22356961912683,9.0,51.22356961912683,4.999953109936917,0.28522857741463503,2.7772187884730153,4.033934404188494,0.18079335574239241,0.16135737616672485
51.24356961912682,9.0,51.24356961912682,4.999953109936851,0.28522857843115296,2.779418679855906,4.03613422946096,0.18089134790010242,0.16144536917799968
51.26356961912683,9.0,51.26356961912683,4.9999531099367855,0.2852285794502135,2.7816185711655255,4.03833405473145,0.18098934012604717,0.16153336219080042
51.28356961912683,9.0,51.28356961912683,4.999953109936708,0.28522858047226973,2.7838184624149385,4.040533879975293,0.18108733230166552,0.1616213551980356
51.303569619126826,9.0,51.303569619126826,4.999953109936628,0.2852285814971363,2.786018353593564,4.042733705036302,0.18118532443004565,0.161709348200412
51.30456961912682,9.0,51.30456961912682,4.999953109936631,0.28522858154873876,2.7861283481342043,4.042843696211782,0.18119022409258045,0.16171374785328438
51.32056961912683,9.0,51.32056961912683,4.999953109936563,0.2852285823723259,2.7878882610266382,4.044603556436579,0.18126861789083826,0.16178414225687363
51.34056961912683,9.0,51.34056961912683,4.999953109936461,0.28522858340235485,2.790088152086234,4.046803381355219,0.18136660998998355,0.16187213525469626
51.36056961912683,9.0,51.36056961912683,4.999953109936369,0.28522858443534777,2.7922880430935813,4.049003206363196,0.1814646021915438,0.16196012825490258
51.380569619126824,9.0,51.380569619126824,4.999953109936268,0.2852285854716561,2.7944879340191915,4.051203031224818,0.1815625943218495,0.1620481212486693
51.40056961912683,9.0,51.40056961912683,4.999953109936161,0.2852285865116086,2.796687824882179,4.053402856037787,0.1816605864904033,0.16213611424170107
51.42056961912682,9.0,51.42056961912682,4.999953109936049,0.28522858755423514,2.7988877156782377,4.055602680815728,0.18175857866191203,0.16222410723243985
51.440569619126826,9.0,51.440569619126826,4.999953109935935,0.2852285885995052,2.8010876064055963,4.057802505508968,0.18185657082434803,0.16231210022089423
51.46056961912683,9.0,51.46056961912683,4.9999531099358085,0.28522858964855535,2.8032874970715227,4.060002330158363,0.18195456297457335,0.1624000932057159
51.480569619126825,9.0,51.480569619126825,4.999953109935684,0.2852285907011925,2.8054873876601785,4.062202154705488,0.182052555121353,0.16248808618835128
51.50056961912682,9.0,51.50056961912682,4.999953109935553,0.28522859175514087,2.807687278206901,4.064401979244726,0.1821505472926468,0.16257607916982708
51.52056961912682,9.0,51.52056961912682,4.99995310993542,0.2852285928130307,2.8098871686717555,4.0666018036881475,0.18224853943033814,0.16266407214737388
51.54056961912681,9.0,51.54056961912681,4.999953109935277,0.2852285938743726,2.8120870590708447,4.06880162807008,0.18234653158305925,0.16275206512344054
51.56056961912682,9.0,51.56056961912682,4.999953109935126,0.28522859493835684,2.8142869494135194,4.071001452425207,0.1824445237312755,0.1628400580966737
51.56156961912682,9.0,51.56156961912682,4.999953109935126,0.28522859499186376,2.8143969439112224,4.071111443551988,0.18244942316543566,0.1628444577382476
51.57756961912682,9.0,51.57756961912682,4.9999531099350065,0.2852285958461248,2.816156856135161,4.0728713030447175,0.18252781708006038,0.16291485212202994
51.597569619126816,9.0,51.597569619126816,4.999953109934846,0.2852285969159045,2.818356746362476,4.07507112726381,0.18262580920156735,0.16300284509028296
51.617569619126826,9.0,51.617569619126826,4.999953109934679,0.28522859798924355,2.820556636512631,4.077270951385304,0.18272380131488397,0.16309083805565916
51.63756961912682,9.0,51.63756961912682,4.999953109934515,0.28522859906548437,2.8227565266086754,4.07947077549308,0.18282179345615557,0.163178831019603
51.65756961912682,9.0,51.65756961912682,4.999953109934344,0.28522860014479645,2.8249564166281678,4.081670599512577,0.1829197855925666,0.16326682398156073
51.677569619126814,9.0,51.677569619126814,4.999953109934169,0.285228601228104,2.8271563065869136,4.083870423501304,0.18301777770986893,0.16335481693920334
51.69756961912682,9.0,51.69756961912682,4.999953109933984,0.285228602313116,2.8293561964833005,4.0860702473602775,0.1831157698164989,0.1634428098943858
51.71756961912681,9.0,51.71756961912681,4.9999531099338,0.28522860340328177,2.8315560863090856,4.08827007124386,0.1832137619644314,0.16353080284918609
51.737569619126816,9.0,51.737569619126816,4.9999531099336085,0.2852286044953866,2.8337559760725615,4.090469894987907,0.18331175406670175,0.16361879579970948
51.75756961912682,9.0,51.75756961912682,4.999953109933406,0.2852286055909633,2.8359558657773025,4.092669718739629,0.18340974621188932,0.1637067887501547
51.777569619126815,9.0,51.777569619126815,4.999953109933206,0.28522860669044553,2.838155755403688,4.0948695423945125,0.18350773830725542,0.16379478169550424
51.79756961912681,9.0,51.79756961912681,4.999953109932999,0.2852286077930868,2.8403556449745153,4.0970693659576245,0.1836057303912848,0.16388277463719367
51.817569619126814,9.0,51.817569619126814,4.999953109932789,0.28522860889868595,2.842555534479939,4.099269189494568,0.18370372253867595,0.16397076758095716
51.81856961912682,9.0,51.81856961912682,4.999953109932786,0.2852286089543968,2.8426655289776095,4.099379180910892,0.18370862215624895,0.16397516722786729
51.83456961912682,9.0,51.83456961912682,4.999953109932613,0.28522860984201126,2.8444254404564635,4.101139039232191,0.18378701559505561,0.16404556156982536
51.85456961912681,9.0,51.85456961912681,4.999953109932384,0.2852286109532109,2.8466253298931155,4.1033388628796175,0.1838850079342369,0.16413355451567416
51.87456961912681,9.0,51.87456961912681,4.999953109932153,0.2852286120690093,2.84882521921488,4.105538686256327,0.18398300002533974,0.16422154744953318
51.89456961912681,9.0,51.89456961912681,4.9999531099319245,0.28522861318697246,2.851025108467735,4.107738509515076,0.18408099211241913,0.16430954038117318
51.914569619126816,9.0,51.914569619126816,4.999953109931686,0.2852286143091449,2.853224997656918,4.109938332776335,0.18417898422416945,0.16439753331114226
51.93456961912681,9.0,51.93456961912681,4.999953109931443,0.28522861543476935,2.8554248867971315,4.112138155955415,0.1842769763021055,0.16448552623725632
51.954569619126815,9.0,51.954569619126815,4.9999531099311945,0.2852286165639998,2.8576247758449083,4.114337979036156,0.18437496838977507,0.16457351916187477
51.97456961912681,9.0,51.97456961912681,4.999953109930946,0.2852286176959237,2.859824664855864,4.116537802125342,0.1844729604975779,0.1646615120848651
51.99456961912681,9.0,51.99456961912681,4.999953109930687,0.285228618832825,2.8620245537746647,4.11873762509238,0.18457095256127376,0.16474950500346644
52.0145696191268,9.0,52.0145696191268,4.99995310993043,0.28522861997168864,2.864224442648735,4.120937448007204,0.18466894465064287,0.16483749792090663
52.03456961912681,9.0,52.03456961912681,4.999953109930157,0.285228621114539,2.866424331455768,4.123137270902582,0.18476693673683098,0.16492549083566982
52.05456961912681,9.0,52.05456961912681,4.999953109929887,0.2852286222609156,2.8686242201977463,4.125337093687889,0.18486492880251193,0.16501348374762276
52.074569619126805,9.0,52.074569619126805,4.999953109929606,0.28522862341085076,2.870824108877451,4.127536916447237,0.1849629208889847,0.16510147665815786
52.0755696191268,9.0,52.0755696191268,4.9999531099295975,0.28522862346902067,2.8709341033045934,4.127646907623931,0.1849678205016576,0.16510587630384221
52.091569619126815,9.0,52.091569619126815,4.999953109929376,0.28522862439198726,2.8726940141537263,4.1294067656420355,0.18504621408234367,0.16517627062638937
52.11156961912681,9.0,52.11156961912681,4.999953109929085,0.2852286255481589,2.8748939027343594,4.131606588343107,0.18514420621556305,0.1652642635337039
52.13156961912681,9.0,52.13156961912681,4.999953109928791,0.2852286267078713,2.8770937912308336,4.133806410896271,0.1852421982738801,0.16535225643613746
52.1515696191268,9.0,52.1515696191268,4.999953109928495,0.28522862787075093,2.8792936796717186,4.136006233428224,0.18534019034879767,0.16544024933720203
52.1715696191268,9.0,52.1715696191268,4.999953109928192,0.2852286290392199,2.881493568023132,4.138206055870636,0.18543818239756016,0.16552824223467316
52.1915696191268,9.0,52.1915696191268,4.999953109927888,0.2852286302100402,2.8836934563236665,4.1404058782231035,0.1855361744414017,0.16561623512900872
52.211569619126806,9.0,52.211569619126806,4.999953109927576,0.285228631385268,2.885893344556344,4.142605700572891,0.18563416651269593,0.16570422802244394
52.2315696191268,9.0,52.2315696191268,4.999953109927258,0.28522863256310876,2.8880932327246707,4.144805522811814,0.18573215855869263,0.1657922209128347
52.251569619126805,9.0,52.251569619126805,4.999953109926935,0.2852286337451183,2.8902931208345923,4.147005345040846,0.1858301506147555,0.16588021380097717
52.2715696191268,9.0,52.2715696191268,4.999953109926608,0.2852286349311786,2.8924930088582608,4.1492051671275,0.18592814264013224,0.16596820668537557
52.2915696191268,9.0,52.2915696191268,4.999953109926277,0.2852286361206277,2.894692896841063,4.151404989237906,0.18602613470829077,0.16605619956931458
52.3115696191268,9.0,52.3115696191268,4.999953109925941,0.2852286373138867,2.89689278474575,4.153604811238601,0.18612412674782597,0.1661441924503068
52.3315696191268,9.0,52.3315696191268,4.999953109925596,0.285228638511009,2.8990926725880475,4.1558046331957605,0.18622211877654982,0.16623218532747355
52.3325696191268,9.0,52.3325696191268,4.999953109925585,0.28522863857132186,2.8992026669704862,4.155914624248801,0.18622701838651956,0.16623658497183832
52.3485696191268,9.0,52.3485696191268,4.99995310992531,0.28522863953163796,2.9009625772031837,4.157674481828932,0.1863054120313854,0.16630697927250154
52.368569619126795,9.0,52.368569619126795,4.999953109924958,0.28522864073628557,2.9031624649292778,4.159874303609408,0.18640340403418376,0.16639497214472754
52.388569619126805,9.0,52.388569619126805,4.999953109924595,0.2852286419436148,2.90536235259765,4.162074125431036,0.18650139608744976,0.16648296501699025
52.4085696191268,9.0,52.4085696191268,4.9999531099242365,0.2852286431556235,2.907562240184548,4.164273947124884,0.18659938809614918,0.16657095788500142
52.4285696191268,9.0,52.4285696191268,4.999953109923868,0.2852286443714012,2.9097621277079213,4.166473768763922,0.18669738011600812,0.16665895075050183
52.4485696191268,9.0,52.4485696191268,4.999953109923499,0.2852286455903833,2.9119620151848085,4.168673590361154,0.18679537214328645,0.1667469436140926
52.4685696191268,9.0,52.4685696191268,4.999953109923122,0.2852286468139171,2.914161902576397,4.170873411876796,0.18689336415310143,0.16683493647447478
52.48856961912679,9.0,52.48856961912679,4.999953109922738,0.28522864804150316,2.916361789909594,4.173073233323093,0.18699135618611473,0.16692292933422706
52.5085696191268,9.0,52.5085696191268,4.999953109922351,0.2852286492737731,2.918561677174107,4.1752730547725365,0.18708934820353296,0.16701092219007627
52.528569619126806,9.0,52.528569619126806,4.99995310992196,0.28522865050853785,2.9207615643704226,4.177472876036961,0.18718734018326266,0.16709891504219787
52.54856961912681,9.0,52.54856961912681,4.99995310992156,0.2852286517477112,2.9229614515096225,4.179672697360259,0.18728533221472654,0.16718690789362378
52.56856961912682,9.0,52.56856961912682,4.999953109921162,0.28522865299064804,2.925161338589653,4.181872518545767,0.18738332422472137,0.16727490074331727
52.58856961912683,9.0,52.58856961912683,4.999953109920755,0.2852286542377263,2.927361225600608,4.1840723397545085,0.18748131623505504,0.1673628935896007
52.60856961912683,9.0,52.60856961912683,4.9999531099203445,0.2852286554894074,2.9295611125414354,4.186272160789182,0.18757930819499657,0.16745088643123907
52.628569619126836,9.0,52.628569619126836,4.999953109919925,0.28522865674557535,2.9317609994155474,4.188471981829755,0.1876773002177501,0.16753887927349387
52.648569619126846,9.0,52.648569619126846,4.999953109919504,0.2852286580049212,2.933960886226836,4.190671802816126,0.18777529220805977,0.16762687211174232
52.668569619126856,9.0,52.668569619126856,4.999953109919075,0.2852286592686658,2.936160772956295,4.192871623665554,0.18787328418364613,0.16771486494715768
52.66956961912685,9.0,52.66956961912685,4.99995310991906,0.2852286593328505,2.936270767293453,4.192981614769737,0.18787818376840715,0.16771926458793604
52.68556961912686,9.0,52.68556961912686,4.999953109918719,0.28522866034697697,2.938030676620199,4.194741471333606,0.18795657731737903,0.16778965885247651
52.70556961912686,9.0,52.70556961912686,4.999953109918276,0.28522866161812704,2.940230563261825,4.196941292175866,0.18805456937390774,0.16787765168674543
52.72556961912687,9.0,52.72556961912687,4.999953109917831,0.28522866289257637,2.942430449834248,4.199141112911897,0.18815256136057767,0.16796564451615745
52.74556961912687,9.0,52.74556961912687,4.999953109917388,0.2852286641724867,2.944630336316316,4.201340933569715,0.18825055333505736,0.1680536373425846
52.76556961912688,9.0,52.76556961912688,4.999953109916936,0.28522866545626785,2.9468302227352776,4.203540754152151,0.18834854530679435,0.1681416301661139
52.78556961912688,9.0,52.78556961912688,4.99995310991648,0.2852286667448671,2.9490301090880906,4.205740574687393,0.18844653728686733,0.16822962298756325
52.805569619126885,9.0,52.805569619126885,4.999953109916016,0.2852286680381261,2.9512299953732737,4.207940395142324,0.18854452925370202,0.1683176158059003
52.825569619126895,9.0,52.825569619126895,4.999953109915549,0.2852286693341676,2.9534298815997992,4.21014021554363,0.1886425212279339,0.16840560862223028
52.845569619126906,9.0,52.845569619126906,4.9999531099150785,0.2852286706349413,2.9556297677655685,4.212340035901177,0.1887405131978772,0.16849360143605205
52.86556961912691,9.0,52.86556961912691,4.999953109914598,0.285228671941058,2.9578296538516757,4.214539856165923,0.18883850514377798,0.16858159424615315
52.88556961912691,9.0,52.88556961912691,4.999953109914117,0.2852286732498262,2.960029539888204,4.216739676372456,0.18893649710510685,0.16866958705464072
52.90556961912692,9.0,52.90556961912692,4.9999531099136325,0.2852286745650991,2.9622294258318487,4.218939496520179,0.18903448905982279,0.16875757986017628
52.92556961912693,9.0,52.92556961912693,4.99995310991314,0.28522867588395157,2.9644293117149707,4.22113931659057,0.18913248102864255,0.168845572664732
52.92656961912692,9.0,52.92656961912692,4.999953109913119,0.2852286759507201,2.964539306010748,4.2212493076614095,0.18913738059379837,0.16884997230289372
52.942569619126935,9.0,52.942569619126935,4.99995310991272,0.28522867700920707,2.9662992146407827,4.223009163533105,0.18921577409903234,0.16892036654098885
52.96256961912694,9.0,52.96256961912694,4.999953109912212,0.2852286783348379,2.96849910043488,4.225208983572661,0.18931376613712603,0.16900835934331176
52.98256961912695,9.0,52.98256961912695,4.999953109911708,0.2852286796663308,2.9706989861309,4.227408803489098,0.1894117580758583,0.16909635213896804
53.00256961912695,9.0,53.00256961912695,4.999953109911196,0.28522868100128107,2.9728988717744262,4.229608623301062,0.1895097500122116,0.16918434493246332
53.022569619126955,9.0,53.022569619126955,4.99995310991068,0.28522868234258547,2.9750987573308576,4.231808443106879,0.18960774196397745,0.16927233772387829
53.04256961912696,9.0,53.04256961912696,4.999953109910158,0.28522868368710996,2.9772986428176753,4.234008262779283,0.18970573388740508,0.16936033051179433
53.06256961912696,9.0,53.06256961912696,4.999953109909631,0.2852286850359512,2.979498528252428,4.2362080824379404,0.18980372582784533,0.16944832329736098
53.08256961912697,9.0,53.08256961912697,4.9999531099090975,0.2852286863911714,2.9816984136034517,4.238407901986275,0.18990171774362752,0.16953631607937733
53.10256961912698,9.0,53.10256961912698,4.999953109908557,0.28522868774886123,2.983898298902321,4.240607721502716,0.18999970969116564,0.16962430886083138
53.122569619126985,9.0,53.122569619126985,4.999953109908019,0.285228689112286,2.986098184123664,4.242807540969735,0.1900977016164198,0.16971230163863624
53.14256961912699,9.0,53.14256961912699,4.99995310990747,0.28522869047988386,2.988298069284507,4.245007360332129,0.19019569352659982,0.16980029441347758
53.162569619127,9.0,53.162569619127,4.999953109906916,0.28522869185230276,2.9904979543675325,4.247207179654393,0.19029368544602487,0.16988828718584023
53.18256961912701,9.0,53.18256961912701,4.99995310990636,0.2852286932301321,2.992697839390217,4.249406998888153,0.1903916773650014,0.16997627995615758
53.183569619127,9.0,53.183569619127,4.999953109906339,0.28522869329973977,2.992807833631197,4.249516989832365,0.19039657693003864,0.16998067959296315
53.19956961912701,9.0,53.19956961912701,4.999953109905889,0.28522869440634685,2.9945677415756746,4.25127684520877,0.19047497048015005,0.17005107380686796
53.219569619127014,9.0,53.219569619127014,4.9999531099053165,0.28522869579259297,2.9967676264713536,4.253476664289407,0.19057296239202293,0.17013906657222774
53.239569619127025,9.0,53.239569619127025,4.999953109904744,0.2852286971825476,2.998967511298083,4.255676483415364,0.19067095432526315,0.17022705933596213
53.25956961912703,9.0,53.25956961912703,4.999953109904165,0.2852286985786182,3.0011673960455507,4.257876302347535,0.1907689461955675,0.17031505209440437
53.27956961912704,9.0,53.27956961912704,4.999953109903585,0.28522869997829037,3.0033672807369856,4.260076121312475,0.19086693810925714,0.1704030448514228
53.299569619127034,9.0,53.299569619127034,4.999953109902997,0.2852287013840566,3.005567165349999,4.262275940138651,0.19096493000209325,0.1704910376060048
53.31956961912704,9.0,53.31956961912704,4.999953109902403,0.2852287027947502,3.0077670498974767,4.264475758976954,0.19106292191186025,0.17057903035830388
53.33956961912705,9.0,53.33956961912705,4.999953109901807,0.28522870420990964,3.00996693436679,4.2666755776611005,0.1911609137789183,0.17066702310625828
53.35956961912706,9.0,53.35956961912706,4.999953109901204,0.2852287056306106,3.012166818768335,4.268875396345143,0.19125890568651238,0.17075501585341166
53.37956961912706,9.0,53.37956961912706,4.999953109900598,0.2852287070560598,3.0143667030955448,4.271075214909109,0.19135689756219287,0.1708430085966166
53.399569619127064,9.0,53.399569619127064,4.999953109899984,0.28522870848659226,3.016566587358757,4.273275033444926,0.19145488946179734,0.17093100133841974
53.419569619127074,9.0,53.419569619127074,4.999953109899369,0.2852287099212962,3.018766471557162,4.275474851914467,0.19155288134292592,0.1710189940769341
53.439569619127084,9.0,53.439569619127084,4.999953109898745,0.2852287113622652,3.0209663556721917,4.27767467028938,0.19165087319384222,0.17110698681076134
53.440569619127075,9.0,53.440569619127075,4.99995310989872,0.2852287114352323,3.021076349844144,4.277784660990889,0.19165577266440526,0.17111138644271726
53.45656961912709,9.0,53.45656961912709,4.999953109898218,0.2852287125914175,3.0228362571067375,4.279544515977644,0.19173416644089158,0.1711817806380825
53.47656961912709,9.0,53.47656961912709,4.999953109897578,0.28522871404015504,3.0250361411083366,4.281744334115766,0.1918321581920881,0.17126977336509558
53.4965696191271,9.0,53.4965696191271,4.999953109896943,0.2852287154954841,3.0272360250277135,4.283944152354756,0.19193015006819136,0.17135776609452127
53.516569619127104,9.0,53.516569619127104,4.9999531098963015,0.2852287169556371,3.0294359088777894,4.286143970437961,0.19202814187756667,0.1714457588165428
53.536569619127114,9.0,53.536569619127114,4.999953109895655,0.28522871842091685,3.0316357926584345,4.288343788472865,0.19212613375361087,0.1715337515394053
53.55656961912712,9.0,53.55656961912712,4.999953109895003,0.28522871989190135,3.033835676348279,4.290543606490182,0.1922241256399313,0.17162174426038848
53.57656961912711,9.0,53.57656961912711,4.999953109894349,0.28522872136790356,3.0360355599779365,4.292743424394009,0.1923221174673735,0.17170973697535633
53.59656961912712,9.0,53.59656961912712,4.999953109893686,0.2852287228482494,3.038235443544498,4.294943242230328,0.1924201093054001,0.1717977296880072
53.616569619127134,9.0,53.616569619127134,4.999953109893022,0.2852287243350313,3.0404353270387476,4.2971430600027345,0.19251810116808032,0.1718857223999748
53.63656961912714,9.0,53.63656961912714,4.999953109892351,0.2852287258278692,3.042635210443999,4.299342877729383,0.1926160930373757,0.17197371511008058
53.65656961912714,9.0,53.65656961912714,4.999953109891672,0.28522872732498344,3.044835093778745,4.301542695378465,0.1927140848724167,0.17206170781548
53.67656961912715,9.0,53.67656961912715,4.999953109890989,0.2852287288271123,3.04703497704594,4.303742512907773,0.19281207667455025,0.17214970051558315
53.69656961912716,9.0,53.69656961912716,4.999953109890307,0.2852287303351803,3.04923486024358,4.305942330409543,0.19291006853442827,0.17223769321661914
53.71656961912716,9.0,53.71656961912716,4.999953109889617,0.28522873184911823,3.051434743364242,4.3081421478602735,0.19300806037978324,0.17232568591459604
53.71756961912716,9.0,53.71756961912716,4.99995310988959,0.285228731926136,3.0515447374978137,4.308252138595078,0.19301295970014376,0.17233008553799212
53.73356961912717,9.0,53.73356961912717,4.999953109889038,0.28522873314169606,3.053304643946066,4.31001199265144,0.19309135351479512,0.17240047970708391
53.75356961912718,9.0,53.75356961912718,4.999953109888331,0.2852287346641923,3.055504526934226,4.312211809904385,0.1931893452568958,0.17248847239539622
53.77356961912718,9.0,53.77356961912718,4.999953109887628,0.2852287361936532,3.0577044098566946,4.3144116271218325,0.1932873370778876,0.1725764650852906
53.79356961912719,9.0,53.79356961912719,4.99995310988692,0.28522873772872265,3.059904292696724,4.316611444286192,0.19338532889551718,0.17266445777150058
53.81356961912719,9.0,53.81356961912719,4.999953109886211,0.28522873926889614,3.06210417545523,4.318811261357642,0.1934833207003548,0.17275245045414267
53.8335696191272,9.0,53.8335696191272,4.999953109885496,0.2852287408155133,3.0643040581390255,4.321011078345636,0.19358131249961286,0.1728404431331816
53.8535696191272,9.0,53.8535696191272,4.999953109884775,0.28522874236776036,3.0665039407514216,4.323210895282148,0.1936793043291205,0.17292843581168096
53.87356961912721,9.0,53.87356961912721,4.9999531098840535,0.2852287439252008,3.0687038232979926,4.325410712179468,0.19377729615465,0.17301642848767645
53.89356961912721,9.0,53.89356961912721,4.999953109883324,0.28522874548905996,3.0709037057584934,4.3276105289738505,0.1938752879272525,0.17310442115767433
53.913569619127216,9.0,53.913569619127216,4.999953109882594,0.285228747059029,3.073103588132622,4.3298103456326,0.1939732797133158,0.1731924138256785
53.933569619127226,9.0,53.933569619127226,4.999953109881861,0.28522874863353975,3.075303470444158,4.3320101623246074,0.19407127154130155,0.17328040649262094
53.95356961912724,9.0,53.95356961912724,4.999953109881123,0.28522875021502875,3.0775033526751607,4.334209978869802,0.19416926332097884,0.17336839915514876
53.97356961912724,9.0,53.97356961912724,4.999953109880382,0.2852287518024682,3.0797032348265043,4.336409795372985,0.19426725510614462,0.17345639181432726
53.99356961912724,9.0,53.99356961912724,4.9999531098796375,0.28522875339469195,3.081903116907831,4.3386096117786,0.19436524689093693,0.1735443844711958
53.99456961912725,9.0,53.99456961912725,4.999953109879603,0.2852287534755429,3.0820131109898314,4.338719602459725,0.1943701464802925,0.1735487841039182
54.01056961912725,9.0,54.01056961912725,4.999953109879006,0.2852287547550106,3.083773016605352,4.340479455812723,0.19444854004760925,0.17361917823246872
54.030569619127256,9.0,54.030569619127256,4.9999531098782555,0.28522875635816924,3.0859728985457853,4.342679271970533,0.1945465316968802,0.17370717087928467
54.050569619127266,9.0,54.050569619127266,4.999953109877503,0.2852287579677999,3.0881727804043226,4.344879088211345,0.1946445234707923,0.17379516352755361
54.07056961912727,9.0,54.07056961912727,4.999953109876745,0.28522875958388444,3.090372662182561,4.347078904278039,0.1947425152139295,0.17388315617130215
54.09056961912728,9.0,54.09056961912728,4.999953109875991,0.2852287612060333,3.0925725438901317,4.349278720389953,0.19484050702644984,0.17397114881574763
54.11056961912728,9.0,54.11056961912728,4.999953109875233,0.2852287628349078,3.094772425513203,4.351478536362806,0.19493849877474467,0.1740591414545323
54.130569619127286,9.0,54.130569619127286,4.999953109874475,0.28522876446917544,3.0969723070511543,4.3536783522576386,0.19503649052354088,0.1741471340898147
54.15056961912729,9.0,54.15056961912729,4.999953109873719,0.2852287661104655,3.0991721885155052,4.355878168070082,0.19513448228135122,0.17423512672267266
54.17056961912729,9.0,54.17056961912729,4.999953109872956,0.28522876775704264,3.1013720699085856,4.3580779838439,0.19523247405792032,0.1743231193540659
54.1905696191273,9.0,54.1905696191273,4.9999531098721945,0.2852287694110973,3.103571951199554,4.36027779951331,0.19533046581074043,0.1744111119816656
54.21056961912731,9.0,54.21056961912731,4.999953109871436,0.28522877107072975,3.105771832430961,4.362477615123408,0.19542845754915295,0.1744991046048469
54.230569619127316,9.0,54.230569619127316,4.9999531098706775,0.2852287727369658,3.1079717135725375,4.3646774306206835,0.19552644927577,0.17458709722454038
54.25056961912732,9.0,54.25056961912732,4.999953109869923,0.28522877440867356,3.1101715946352546,4.366877246060929,0.1956244410275314,0.1746750898426885
54.251569619127324,9.0,54.251569619127324,4.999953109869889,0.2852287744936913,3.110281588677622,4.366987236803958,0.19562934041444002,0.17467948946499562
54.26756961912733,9.0,54.26756961912733,4.999953109869285,0.2852287758369757,3.112041493458909,4.368747089114748,0.19570773402438446,0.17474988356565122
54.28756961912733,9.0,54.28756961912733,4.999953109868528,0.28522877752002473,3.114241374397654,4.37094690443554,0.19580572574318644,0.17483787617655647
54.30756961912734,9.0,54.30756961912734,4.9999531098677785,0.28522877921110035,3.1164412552281493,4.373146719651898,0.1959037174890721,0.1749258687875675
54.327569619127345,9.0,54.327569619127345,4.999953109867036,0.2852287809081607,3.118641135988409,4.375346534834122,0.1960017092077937,0.17501386139283823
54.347569619127356,9.0,54.347569619127356,4.9999531098662935,0.2852287826128976,3.120841016642979,4.377546349827697,0.1960997008874128,0.17510185399287334
54.36756961912736,9.0,54.36756961912736,4.999953109865563,0.28522878432302085,3.1230408972332673,4.379746164815981,0.1961976926345268,0.175189846593034
54.38756961912737,9.0,54.38756961912737,4.999953109864842,0.28522878604091134,3.125240777726697,4.381945979732354,0.19629568435602263,0.1752778391892713
54.407569619127365,9.0,54.407569619127365,4.999953109864122,0.2852287877648082,3.1274406581512335,4.384145794546713,0.1963936760472258,0.1753658317807919
54.42756961912737,9.0,54.42756961912737,4.999953109863416,0.2852287894964215,3.1296405384784367,4.386345609245013,0.19649166774527504,0.17545382436959045
54.44756961912738,9.0,54.44756961912738,4.9999531098627195,0.28522879123428346,3.1318404187232076,4.388545423924559,0.1965896594768699,0.17554181695714707
54.46756961912739,9.0,54.46756961912739,4.999953109862042,0.2852287929787674,3.13404029888239,4.390745238496595,0.19668765118152498,0.17562980954085056
54.48756961912739,9.0,54.48756961912739,4.999953109861369,0.28522879472980067,3.1362401789691345,4.392945052999199,0.1967856428617183,0.17571780211932952
54.507569619127395,9.0,54.507569619127395,4.999953109860719,0.2852287964885133,3.138440058955239,4.39514486736485,0.1968836345353031,0.17580579469449645
54.50856961912741,9.0,54.50856961912741,4.999953109860695,0.28522879657827876,3.1385500529369,4.395254857973211,0.19688853401895123,0.17581019431899875
54.524569619127405,9.0,54.524569619127405,4.999953109860187,0.2852287979903932,3.1403099568738186,4.397014709656205,0.19696692761500012,0.17588058838744522
54.54456961912741,9.0,54.54456961912741,4.999953109859561,0.28522879976098797,3.142509836714262,4.399214523816149,0.197064919171547,0.17596858095213042
54.56456961912742,9.0,54.56456961912742,4.999953109858969,0.28522880153944863,3.144709716458114,4.401414337991909,0.19716291085291981,0.1760565735192892
54.58456961912742,9.0,54.58456961912742,4.999953109858395,0.28522880332432043,3.146909596119159,4.403614152040663,0.19726090251332584,0.17614456608161547
54.60456961912743,9.0,54.60456961912743,4.999953109857854,0.285228805117463,3.149109475697373,4.405813966074314,0.19735889420635067,0.1762325586424384
54.624569619127435,9.0,54.624569619127435,4.999953109857344,0.28522880691742447,3.1513093551748352,4.408013779959052,0.19745688586851262,0.17632055119911522
54.644569619127445,9.0,54.644569619127445,4.999953109856863,0.28522880872361234,3.1535092345705977,4.410213593811237,0.19755487753581935,0.1764085437519508
54.66456961912745,9.0,54.66456961912745,4.999953109856426,0.2852288105387566,3.1557091138612803,4.412413407514045,0.19765286916900715,0.17649653629980683
54.684569619127444,9.0,54.684569619127444,4.99995310985603,0.2852288123606998,3.1579089930641073,4.41461322113827,0.19775086083093862,0.17658452884560763
54.704569619127454,9.0,54.704569619127454,4.9999531098556735,0.28522881418965645,3.160108872183065,4.416813034710477,0.19784885251441775,0.17667252138982792
54.724569619127465,9.0,54.724569619127465,4.999953109855371,0.28522881602667705,3.162308751215173,4.419012848219222,0.19794684416103392,0.17676051392873462
54.74456961912747,9.0,54.74456961912747,4.999953109855122,0.28522881787086496,3.1645086301392995,4.421212661547904,0.19804483575767806,0.17684850646125394
54.76456961912747,9.0,54.76456961912747,4.999953109854938,0.285228819722178,3.166708508993833,4.423412474836706,0.19814282742101508,0.17693649899395714
54.78456961912748,9.0,54.78456961912748,4.999953109854821,0.2852288215806066,3.16890838775741,4.425612288092101,0.19824081906733948,0.17702449152255562
54.785569619127486,9.0,54.785569619127486,4.999953109854819,0.2852288216753085,3.1690183816579673,4.425722278497522,0.19824571830395765,0.1770288911351052
54.801569619127484,9.0,54.801569619127484,4.99995310985478,0.2852288231689878,3.17077828459704,4.427482129314687,0.19832411211933687,0.1770992851742201
54.821569619127494,9.0,54.821569619127494,4.999953109854796,0.2852288250416063,3.1729781631574867,4.429681942258627,0.1984221035960565,0.17718727768989756
54.8415696191275,9.0,54.8415696191275,4.9999531098549035,0.28522882692169343,3.1751780416457245,4.43188175515481,0.19852009517876779,0.1772752702061197
54.86156961912751,9.0,54.86156961912751,4.9999531098551095,0.28522882881038214,3.177377920031543,4.434081567997908,0.19861808679762527,0.1773632627197124
54.88156961912751,9.0,54.88156961912751,4.999953109855417,0.2852288307072598,3.1795777983071876,4.4362813807349335,0.19871607840677097,0.17745125522923552
54.90156961912752,9.0,54.90156961912752,4.999953109855842,0.28522883261154963,3.1817776764826498,4.438481193372507,0.1988140700153438,0.17753924773510527
54.921569619127524,9.0,54.921569619127524,4.99995310985639,0.2852288345242117,3.18397755456195,4.440681005929748,0.19891206162149455,0.1776272402371609
54.941569619127534,9.0,54.941569619127534,4.99995310985708,0.2852288364437313,3.18617743254253,4.442880818361191,0.19901005321212928,0.17771523273482603
54.96156961912753,9.0,54.96156961912753,4.9999531098579215,0.28522883837257396,3.188377310426187,4.445080630744031,0.19910804481923794,0.17780322522972175
54.98156961912754,9.0,54.98156961912754,4.999953109858925,0.28522884030946377,3.190577188195673,4.447280442967235,0.1992060363878303,0.17789121771894897
55.001569619127544,9.0,55.001569619127544,4.9999531098601055,0.2852288422536711,3.1927770658606716,4.4494802551225945,0.19930402797042568,0.17797921020450477
55.02156961912755,9.0,55.02156961912755,4.999953109861491,0.28522884420628497,3.1949769434236055,4.451680067147401,0.1994020195536641,0.17806720268691387
55.04156961912756,9.0,55.04156961912756,4.999953109863086,0.28522884616749744,3.197176820883675,4.45387987911727,0.19950001113193228,0.17815519516463116
55.04256961912756,9.0,55.04256961912756,4.999953109863176,0.28522884626666856,3.197286814723812,4.453989869478468,0.19950491055158315,0.17815959478183996
55.05856961912756,9.0,55.05856961912756,4.999953109864634,0.28522884784267377,3.1990467166219174,4.455749719317234,0.1995833041231574,0.17822998877217835
55.07856961912757,9.0,55.07856961912757,4.999953109866681,0.2852288498168912,3.2012465938808723,4.457949530903852,0.19968129551845992,0.17831798123596923
55.098569619127574,9.0,55.098569619127574,4.999953109869004,0.2852288518020107,3.2034464710238963,4.460149342550443,0.19977928707331527,0.17840597370181666
55.118569619127584,9.0,55.118569619127584,4.999953109871637,0.2852288537947674,3.2056463480459114,4.4623491540434745,0.19987727861014237,0.1784939661622529
55.13856961912759,9.0,55.13856961912759,4.9999531098746,0.28522885579636637,3.207846224958583,4.464548965465035,0.1999752701524189,0.1785819586179245
55.1585696191276,9.0,55.1585696191276,4.999953109877924,0.28522885780661333,3.210046101744688,4.466748776731197,0.20007326168168493,0.17866995106915248
55.1785696191276,9.0,55.1785696191276,4.9999531098816465,0.2852288598252578,3.212245978409824,4.468948587910491,0.20017125322855644,0.17875794351690807
55.19856961912761,9.0,55.19856961912761,4.999953109885794,0.28522886185325746,3.2144458549528823,4.471148398965489,0.20026924475286245,0.1788459359590731
55.218569619127614,9.0,55.218569619127614,4.999953109890419,0.2852288638896092,3.2166457313679175,4.47334820988019,0.20036723625755481,0.17893392839535238
55.23856961912762,9.0,55.23856961912762,4.999953109895559,0.2852288659343919,3.2188456076626433,4.4755480206801455,0.20046522776562403,0.17902192082701204
55.25856961912762,9.0,55.25856961912762,4.999953109901257,0.2852288679884915,3.2210454838218143,4.477747831348296,0.2005632192788256,0.1791099132547073
55.27856961912762,9.0,55.27856961912762,4.999953109907569,0.28522887005105335,3.2232453598408775,4.479947641892227,0.200661210769971,0.1791979056758784
55.29856961912763,9.0,55.29856961912763,4.999953109914549,0.285228872122797,3.2254452357212577,4.48214745228327,0.20075920224715915,0.1792858980913157
55.29956961912764,9.0,55.29956961912764,4.999953109914921,0.285228872228138,3.2255552294920666,4.4822574426855235,0.20076410175685222,0.17929029770927746
55.315569619127636,9.0,55.315569619127636,4.99995310992106,0.2852288738931046,3.2273151300775793,4.484017291080435,0.2008424950846761,0.17936069164258514
55.33556961912765,9.0,55.33556961912765,4.9999531099294385,0.28522887597969687,3.2295150057198154,4.486217101106319,0.20094048646299756,0.1794486840440157
55.35556961912765,9.0,55.35556961912765,4.99995310993868,0.28522887807727965,3.231714881192608,4.4884169111667775,0.20103847796508179,0.17953667644625476
55.37556961912766,9.0,55.37556961912766,4.999953109948855,0.2852288801843931,3.23391475648829,4.490616720947268,0.20113646937831975,0.1796246688381275
55.39556961912766,9.0,55.39556961912766,4.999953109960053,0.2852288823001235,3.2361146316458855,4.49281653064801,0.2012344608484682,0.1797126612266112
55.41556961912767,9.0,55.41556961912767,4.9999531099723695,0.28522888442615674,3.238314506627935,4.495016340184888,0.20133245226641483,0.17980065360613456
55.435569619127676,9.0,55.435569619127676,4.999953109985898,0.28522888656090223,3.240514381431428,4.497216149472316,0.20143044367016794,0.1798886459790578
55.45556961912769,9.0,55.45556961912769,4.999953110000749,0.28522888870573326,3.24271425605833,4.4994159586685205,0.2015284351105393,0.17997663834688526
55.47556961912769,9.0,55.47556961912769,4.999953110017054,0.2852288908596639,3.244914130498285,4.50161576764115,0.2016264264986125,0.1800646307055847
55.4955696191277,9.0,55.4955696191277,4.999953110034934,0.28522889302346655,3.2471140047519325,4.503815576432471,0.20172441788588902,0.1801526230571551
55.515569619127696,9.0,55.515569619127696,4.999953110054539,0.285228895197249,3.2493138787946307,4.506015385030845,0.20182240926995787,0.18024061540162922
55.5355696191277,9.0,55.5355696191277,4.999953110076018,0.28522889738052043,3.2515137526270568,4.508215193418102,0.20192040061946592,0.1803286077362147
55.55556961912771,9.0,55.55556961912771,4.999953110099544,0.2852288995735194,3.253713626232269,4.510415001553114,0.20201839195633253,0.18041660006222887
55.556569619127714,9.0,55.556569619127714,4.999953110100782,0.28522889968519544,3.253823619886098,4.510524991950805,0.20202329145267983,0.18042099967528152
55.57256961912771,9.0,55.57256961912771,4.9999531101212975,0.2852289014483174,3.255583518529704,4.512284838223349,0.20210168454415767,0.18049139352888025
55.59256961912772,9.0,55.59256961912772,4.999953110149117,0.2852289036578951,3.257783391766689,4.514484645993026,0.20219967591824695,0.18057938583978753
55.612569619127726,9.0,55.612569619127726,4.999953110179563,0.2852289058795573,3.2599832646972686,4.516684453539141,0.20229766725328924,0.18066737814208625
55.632569619127736,9.0,55.632569619127736,4.999953110212868,0.2852289081113522,3.262183137337076,4.518884260709878,0.20239565848508656,0.18075537042863668
55.65256961912774,9.0,55.65256961912774,4.999953110249296,0.28522891035303666,3.2643830097025313,4.521084067621608,0.20249364973175554,0.18084336270437462
55.67256961912775,9.0,55.67256961912775,4.999953110289126,0.2852289126060883,3.266582881763341,4.5232838742621695,0.20259164099272864,0.18093135497086774
55.69256961912775,9.0,55.69256961912775,4.999953110332667,0.2852289148687309,3.2687827534966063,4.525483680571618,0.20268963219418845,0.18101934722238128
55.71256961912776,9.0,55.71256961912776,4.999953110380255,0.28522891714231297,3.270982624901581,4.527683486526199,0.2027876233749133,0.18110733946068128
55.732569619127766,9.0,55.732569619127766,4.999953110432265,0.2852289194269281,3.2731824959496207,4.529883292146819,0.20288561455686693,0.1811953316864458
55.752569619127776,9.0,55.752569619127776,4.999953110489086,0.2852289217214435,3.2753823666239024,4.532083097421349,0.20298360569974427,0.18128332389655108
55.77256961912778,9.0,55.77256961912778,4.999953110551152,0.28522892402763944,3.2775822368759955,4.534282902229074,0.20308159678975102,0.18137131608968213
55.792569619127775,9.0,55.792569619127775,4.9999531106189465,0.28522892634412317,3.279782106711625,4.53648270665742,0.20317958786479062,0.1814593082656691
55.812569619127785,9.0,55.812569619127785,4.999953110692987,0.2852289286721446,3.2819819760783813,4.53868251058883,0.2032775788982608,0.1815473004236028
55.832569619127796,9.0,55.832569619127796,4.999953110773836,0.28522893101043423,3.2841818449704756,4.5408823140796795,0.20337556991719286,0.18163529256316735
55.8525696191278,9.0,55.8525696191278,4.999953110862104,0.28522893336086624,3.286381713323516,4.543082117029748,0.20347356086640644,0.1817232846803875
55.8725696191278,9.0,55.8725696191278,4.999953110958475,0.2852289357220773,3.288581581111012,4.545281919374113,0.20357155176741282,0.18181127677469186
55.89256961912781,9.0,55.89256961912781,4.999953111063667,0.28522893809516753,3.290781448294036,4.547481721181034,0.2036695426628894,0.1818992688471237
55.91256961912782,9.0,55.91256961912782,4.999953111178491,0.28522894047923897,3.2929813148306755,4.549681522306033,0.20376753347458854,0.1819872608922759
55.932569619127825,9.0,55.932569619127825,4.999953111303805,0.2852289428753945,3.295181180668159,4.551881322751973,0.2038655242356584,0.18207525290954812
55.95256961912783,9.0,55.95256961912783,4.999953111440567,0.28522894528426057,3.297381045752306,4.554081122418046,0.20396351493722653,0.18216324489714933
55.97256961912784,9.0,55.97256961912784,4.999953111589806,0.2852289477035369,3.2995809100361173,4.556280921333031,0.20406150558624558,0.1822512368527559
55.99256961912785,9.0,55.99256961912785,4.9999531117526494,0.2852289501357866,3.3017807734511506,4.558480719319363,0.20415949614202855,0.18233922877290323
56.01256961912785,9.0,56.01256961912785,4.999953111930327,0.28522895258043696,3.3039806359192707,4.560680516426633,0.20425748666022203,0.18242722065759714
56.032569619127855,9.0,56.032569619127855,4.999953112124179,0.28522895503779955,3.306180497379823,4.562880312505261,0.204355477061255,0.1825152125000233
56.052569619127866,9.0,56.052569619127866,4.999953112335662,0.28522895750680977,3.308380357755833,4.565080107475187,0.20445346737154946,0.1826032042985655
56.072569619127876,9.0,56.072569619127876,4.999953112566377,0.28522895998972114,3.310580216938946,4.5672799012762715,0.20455145760385918,0.1826911960509364
56.09256961912788,9.0,56.09256961912788,4.999953112818048,0.2852289624851224,3.312780074851589,4.569479693807133,0.20464944773910432,0.1827791877530422
56.112569619127875,9.0,56.112569619127875,4.9999531130925705,0.2852289649937733,3.3149799313861363,4.571679484989539,0.20474743775434456,0.1828671793996227
56.132569619127885,9.0,56.132569619127885,4.999953113392001,0.28522896751517934,3.317179786421214,4.573879274628041,0.20484542761865043,0.18295517098505998
56.15256961912789,9.0,56.15256961912789,4.9999531137185915,0.28522897005075015,3.319379639852668,4.576079062687326,0.20494341737764588,0.18304316250711367
56.1725696191279,9.0,56.1725696191279,4.999953114074788,0.28522897259970564,3.3215794915331567,4.578278848997706,0.2050414070001989,0.1831311539604706
56.1925696191279,9.0,56.1925696191279,4.999953114463259,0.2852289751635563,3.323779341304499,4.580478633442271,0.20513939645950785,0.183219145337763
56.21256961912791,9.0,56.21256961912791,4.9999531148869,0.2852289777403304,3.3259791890241504,4.5826784157595855,0.20523738570567396,0.1833071366301835
56.232569619127915,9.0,56.232569619127915,4.999953115348892,0.2852289803325695,3.328179034512045,4.584878195889775,0.20533537480359643,0.1833951278349151
56.252569619127925,9.0,56.252569619127925,4.99995311585267,0.2852289829396641,3.330378877585825,4.58707797360584,0.20543336370296572,0.18348311894376632
56.27256961912793,9.0,56.27256961912793,4.999953116402016,0.2852289855616375,3.332578718031499,4.589277748709203,0.20553135238496,0.18357110994822834
56.29256961912794,9.0,56.29256961912794,4.999953117000997,0.2852289881997681,3.3347785556203475,4.591477520941921,0.20562934082232864,0.18365910083869147
56.31256961912794,9.0,56.31256961912794,4.999953117654092,0.2852289908527333,3.33697839013785,4.593677290135741,0.20572732900226942,0.18374709160513636
56.33256961912795,9.0,56.33256961912795,4.9999531183661565,0.28522899352201875,3.3391782212802092,4.595877055911985,0.20582531686550576,0.1838350822356237
56.352569619127955,9.0,56.352569619127955,4.999953119142476,0.2852289962084116,3.341378048774303,4.59807681805086,0.20592330445578577,0.18392307272187736
56.372569619127965,9.0,56.372569619127965,4.999953119988813,0.28522899891104647,3.3435778723140297,4.600276576268035,0.20602129173770978,0.18401106305159698
56.39256961912797,9.0,56.39256961912797,4.9999531209114485,0.28522900163123,3.3457776915512722,4.602476330193786,0.20611927862821044,0.1840990532078193
56.41256961912798,9.0,56.41256961912798,4.9999531219172075,0.28522900436993975,3.3479775061212593,4.604676079409742,0.20621726510765415,0.1841870431762894
56.432569619127975,9.0,56.432569619127975,4.999953123013519,0.2852290071268719,3.350177315618613,4.606875823579449,0.20631525118253302,0.18427503294278075
56.452569619127985,9.0,56.452569619127985,4.999953124208484,0.28522900990282474,3.3523771195858494,4.609075562222019,0.20641323680012746,0.18436302248979147
56.47256961912799,9.0,56.47256961912799,4.999953125510901,0.2852290126975185,3.3545769175747187,4.611275294915938,0.2065112218939693,0.18445101179540505
56.49256961912799,9.0,56.49256961912799,4.999953126930353,0.2852290155124564,3.356776709049466,4.613475021025302,0.2066092064442393,0.1845390008421791
56.512569619128,9.0,56.512569619128,4.999953128477262,0.28522901834954656,3.358976493436655,4.615674740175371,0.20670719042479435,0.1846269896065758
56.53256961912801,9.0,56.53256961912801,4.999953130162955,0.28522902120683435,3.3611762701418324,4.617874451515361,0.2068051736944967,0.18471497806077122
56.552569619128015,9.0,56.552569619128015,4.999953131999763,0.28522902408758,3.3633760384921745,4.620074154580224,0.20690315632029277,0.1848029661834904
56.57256961912802,9.0,56.57256961912802,4.999953134001072,0.28522902699015185,3.3655757977962333,4.622273848581695,0.20700113814853527,0.1848909539416554
56.59256961912803,9.0,56.59256961912803,4.999953136181447,0.28522902991866284,3.367775547218872,4.624473532694191,0.20709911916862067,0.18497894130818673
56.61256961912804,9.0,56.61256961912804,4.999953138556698,0.28522903287079676,3.3699752859462007,4.626673206160085,0.20719709929867403,0.18506692824671914
56.63256961912804,9.0,56.63256961912804,4.999953141143991,0.2852290358498665,3.3721750130550125,4.628872867990155,0.20729507842489214,0.18515491471932916
56.652569619128045,9.0,56.652569619128045,4.999953143961989,0.28522903885547934,3.374374727551254,4.631072517186499,0.20739305648391193,0.18524290068661284
56.672569619128055,9.0,56.672569619128055,4.999953147030912,0.28522904189021375,3.376574428356634,4.633272152704731,0.20749103343113928,0.18533088610866638
56.692569619128065,9.0,56.692569619128065,4.999953150372718,0.28522904495483703,3.378774114289263,4.635471773425994,0.20758900914361478,0.18541887093736528
56.71256961912807,9.0,56.71256961912807,4.999953154011201,0.28522904805134125,3.3809737840943797,4.637671377940785,0.20768698343656533,0.1855068551170102
56.73256961912807,9.0,56.73256961912807,4.999953157972156,0.2852290511798084,3.383173436441426,4.639870965002078,0.20778495631680594,0.1855948385994761
56.752569619128074,9.0,56.752569619128074,4.999953162283528,0.2852290543432345,3.38537306981673,4.64207053314706,0.20788292764598237,0.18568282132626315
56.77256961912808,9.0,56.77256961912808,4.999953166975545,0.28522905754255734,3.3875726826656303,4.644270080776257,0.207980897256288,0.1857708032316204
56.79256961912809,9.0,56.79256961912809,4.999953172080933,0.28522906078069665,3.3897722732673503,4.646469606132728,0.20807886497838846,0.18585878424439198
56.81256961912809,9.0,56.81256961912809,4.999953177635061,0.28522906405924653,3.3919718397741963,4.648669107380509,0.2081768307354599,0.18594676429550475
56.8325696191281,9.0,56.8325696191281,4.999953183676134,0.28522906737930076,3.394171380229409,4.650868582646581,0.20827479436842466,0.18603474330531153
56.852569619128104,9.0,56.852569619128104,4.999953190245385,0.2852290707446872,3.396370892502088,4.653068029685941,0.20837275565044244,0.1861227211867096
56.872569619128114,9.0,56.872569619128114,4.999953197387296,0.28522907415791404,3.3985703743127607,4.655267446306319,0.20847071446950727,0.1862106978518218
56.89256961912812,9.0,56.89256961912812,4.999953205149772,0.2852290776215799,3.400769823216507,4.657466830024219,0.208568670589786,0.1862986732005817
56.91256961912813,9.0,56.91256961912813,4.999953213584377,0.2852290811389931,3.4029692366104047,4.659666178240238,0.20866662381026702,0.1863866471279772
56.93256961912813,9.0,56.93256961912813,4.9999532227465275,0.28522908471203223,3.4051686117192235,4.6618654881395605,0.2087645739471773,0.1864746195250018
56.95256961912814,9.0,56.95256961912814,4.9999532326957405,0.28522908834528726,3.407367945574442,4.664064756860622,0.20886252079062828,0.18656259027330532
56.972569619128144,9.0,56.972569619128144,4.999953243495824,0.285229092041364,3.409567235044299,4.666263981154482,0.2089604640447722,0.18665055924416785
56.992569619128155,9.0,56.992569619128155,4.999953255215068,0.2852290958065247,3.4117664767599134,4.66846315772634,0.209058403525626,0.18673852630720209
57.01256961912816,9.0,57.01256961912816,4.999953267926504,0.2852290996431096,3.413965667200338,4.670662283032957,0.2091563389607871,0.18682649132003895
57.03256961912817,9.0,57.03256961912817,4.999953281708034,0.28522910355630693,3.416164802637301,4.672861353375012,0.20925427008296715,0.18691445413321375
57.05256961912817,9.0,57.05256961912817,4.999953296642644,0.28522910755003916,3.4183638791560718,4.675060364777114,0.20935219659375992,0.18700241458837874
57.072569619128174,9.0,57.072569619128174,4.999953312818536,0.285229111629452,3.4205628926318656,4.677259313140638,0.20945011825026105,0.18709037252283725
57.09256961912818,9.0,57.09256961912818,4.9999533303292525,0.2852291158010109,3.422761838750905,4.679458194192881,0.20954803477358075,0.18717832776508012
57.11256961912818,9.0,57.11256961912818,4.999953349273779,0.2852291200689869,3.424960713051437,4.6816570034337,0.20964594582531504,0.18726628013260574
57.13256961912819,9.0,57.13256961912819,4.999953369756574,0.28522912444155035,3.42715951087655,4.683855736170442,0.20974385117001892,0.18735422944395783
57.1525696191282,9.0,57.1525696191282,4.999953391887569,0.28522912892224017,3.429358227444273,4.68605438775598,0.20984175049286868,0.18744217550369915
57.172569619128204,9.0,57.172569619128204,4.99995341578211,0.2852291335196128,3.4315568577856315,4.688252953002161,0.20993964347102034,0.1875301181152394
57.19256961912821,9.0,57.19256961912821,4.99995344156083,0.28522913824150925,3.433755396875271,4.690451427128343,0.2100375299194024,0.18761805707915372
57.21256961912822,9.0,57.21256961912822,4.99995346934944,0.2852291430922393,3.435953839608452,4.692649804853612,0.210135409454407,0.18770599218600775
57.23256961912823,9.0,57.23256961912823,4.999953499278456,0.28522914808079164,3.438152180783453,4.694848081026457,0.21023328188970236,0.18779392323236369
57.25256961912823,9.0,57.25256961912823,4.999953531482793,0.28522915321444303,3.440350415231089,4.697046250517969,0.21033114697273492,0.18788185000913749
57.272569619128234,9.0,57.272569619128234,4.999953566101308,0.28522915850402614,3.4425485377253313,4.699244308037427,0.21042900447845314,0.18796977231080056
57.292569619128244,9.0,57.292569619128244,4.999953603276204,0.2852291639533725,3.4447465432105746,4.701442248619787,0.21052685420531114,0.18805768992989808
57.312569619128254,9.0,57.312569619128254,4.999953643152332,0.28522916957499633,3.4469444266592,4.703640067084741,0.21062469597295497,0.18814560266846228
57.33256961912826,9.0,57.33256961912826,4.999953685876394,0.2852291753750101,3.449142183261249,4.705837758814067,0.21072252971312455,0.18823351033476904
57.35256961912826,9.0,57.35256961912826,4.999953731596003,0.28522918136265984,3.451339808370371,4.708035318991639,0.21082035521423137,0.1883214127390319
57.37256961912827,9.0,57.37256961912827,4.999953780458652,0.2852291875470683,3.4535372976290013,4.710232743351604,0.21091817249677547,0.18840930971023753
57.39256961912827,9.0,57.39256961912827,4.999953832610566,0.2852291939360127,3.4557346469667074,4.712430027799794,0.21101598150686707,0.18849720108514734
57.41256961912828,9.0,57.41256961912828,4.999953888195478,0.2852292005378661,3.4579318526859755,4.714627168637429,0.2111137822725797,0.18858508671655208
57.43256961912828,9.0,57.43256961912828,4.999953947353272,0.28522920736184143,3.4601289114771485,4.7168241625823235,0.211211574819675,0.18867296646996817
57.45256961912829,9.0,57.45256961912829,4.99995401021861,0.2852292144158627,3.462325820449126,4.719021006667087,0.21130935922248062,0.18876084022987363
57.47256961912829,9.0,57.47256961912829,4.999954076919463,0.2852292217069868,3.464522577216873,4.7212176985888314,0.2114071356493108,0.18884870790115102
57.492569619128304,9.0,57.492569619128304,4.999954147575644,0.28522922924277433,3.466719179833081,4.723414236318742,0.21150490424065138,0.188936569407499
57.51256961912831,9.0,57.51256961912831,4.999954222297305,0.2852292370301402,3.468915626904256,4.725610618584353,0.21160266520820192,0.18902442469193356
57.53256961912832,9.0,57.53256961912832,4.999954301183487,0.2852292450742061,3.4711119174931624,4.727806844287986,0.2117004187074616,0.18911227371628264
57.55256961912832,9.0,57.55256961912832,4.999954384320698,0.2852292533799634,3.4733080511944747,4.730002913174562,0.21179816504655458,0.18920011646644783
57.57256961912833,9.0,57.57256961912833,4.999954471781553,0.2852292619539927,3.475504028053555,4.732198825183818,0.21189590438153383,0.18928795294054557
57.592569619128334,9.0,57.592569619128334,4.9999545636235565,0.28522927079847216,3.477699848603203,4.734394580874755,0.21199363703304552,0.18937578316290207
57.612569619128344,9.0,57.612569619128344,4.999954659887941,0.28522927991654107,3.4798955137425986,4.736590181189631,0.21209136323893052,0.1894636071700376
57.63256961912835,9.0,57.63256961912835,4.999954760598758,0.28522928930950153,3.482091024794356,4.738785627397787,0.2121890832154718,0.18955142501216798
57.65256961912836,9.0,57.65256961912836,4.999954865761997,0.28522929897751814,3.4842863833662627,4.740980921129488,0.21228679723412158,0.18963923675668415
57.67256961912836,9.0,57.67256961912836,4.9999549753650046,0.2852293089224206,3.4864815912977924,4.743176064250684,0.21238450546071475,0.18972704247468553
57.69256961912837,9.0,57.69256961912837,4.999955089376032,0.28522931913953864,3.4886766506497864,4.745371058745734,0.21248220807964513,0.18981484224829093
57.71256961912837,9.0,57.71256961912837,4.999955207743961,0.28522932962899733,3.4908715635796104,4.747565906843472,0.21257990530195103,0.18990263616710878
57.73256961912837,9.0,57.73256961912837,4.999955330398271,0.2852293403851863,3.4930663323429876,4.749760610775672,0.2126775972139625,0.18999042431777824
57.75256961912838,9.0,57.75256961912838,4.999955457249148,0.2852293514039282,3.4952609591416004,4.751955172746104,0.21277528393976697,0.19007820679210496
57.77256961912839,9.0,57.77256961912839,4.999955588187781,0.2852293626789626,3.497455446123267,4.754149594944756,0.21287296550991552,0.19016598367323884
57.79256961912839,9.0,57.79256961912839,4.999955723086843,0.28522937420336325,3.4996497953222994,4.756343879272684,0.2129706419377131,0.19025375504197545
57.812569619128396,9.0,57.812569619128396,4.999955861801092,0.2852293859689972,3.501844008570718,4.758538027742082,0.2130683132849529,0.19034152097492296
57.83256961912841,9.0,57.83256961912841,4.999956004168136,0.2852293979668098,3.5040380874828445,4.76073204182763,0.21316597943374527,0.19042928153395333
57.85256961912842,9.0,57.85256961912842,4.999956150009279,0.2852294101852693,3.5062320334550767,4.762925923013735,0.21326364039140167,0.19051703677736143
57.87256961912842,9.0,57.87256961912842,4.9999562991304884,0.28522942261579437,3.5084258475439443,4.765119672319818,0.2133612959918656,0.19060478674460513
57.89256961912842,9.0,57.89256961912842,4.999956451323431,0.2852294352462511,3.5106195305194237,4.767313290491544,0.21345894613787042,0.19069253146768927
57.91256961912843,9.0,57.91256961912843,4.999956606366555,0.2852294480625559,3.5128130828598025,4.769506778070476,0.21355659072554856,0.19078027096672728
57.932569619128444,9.0,57.932569619128444,4.999956764026253,0.28522946105190206,3.5150065046822307,4.7717001351224,0.2136542295552828,0.19086800524541112
57.95256961912845,9.0,57.95256961912845,4.999956924058007,0.2852294742006399,3.517199795799043,4.7738933614937835,0.21375186246351596,0.19095573429561707
57.97256961912845,9.0,57.97256961912845,4.999957086207615,0.2852294874945448,3.519392955706261,4.776086456621486,0.21384948927385183,0.19104345809806006
57.99256961912846,9.0,57.99256961912846,4.999957250212342,0.28522950091974963,3.521585983607255,4.778279419817727,0.21394710983934262,0.19113117662251672
58.01256961912847,9.0,58.01256961912847,4.999957415802162,0.28522951445887557,3.5237788784161315,4.78047224989384,0.21404472390948248,0.19121888982316024
58.032569619128466,9.0,58.032569619128466,4.9999575827009375,0.2852295280978451,3.5259716388178153,4.78266494557731,0.21414233133182536,0.1913065976474921
58.05256961912847,9.0,58.05256961912847,4.999957750627612,0.285229541819568,3.528164263246299,4.784857505299817,0.214239931923498,0.19139430003401178
58.07256961912848,9.0,58.07256961912848,4.999957919297377,0.28522955560933066,3.5303567499380124,4.787049927310727,0.21433752548890617,0.19148199691101933
58.09256961912848,9.0,58.09256961912848,4.999958088422877,0.28522956944951317,3.5325490969743143,4.789242209645811,0.21443511186804498,0.1915696882025369
58.11256961912849,9.0,58.11256961912849,4.999958257715349,0.28522958332521386,3.5347413022787753,4.791434350293914,0.21453269090986993,0.19165737382584513
58.132569619128496,9.0,58.132569619128496,4.999958426885775,0.28522959721916685,3.5369333636554794,4.793626347020041,0.21463026243244165,0.19174505369254763
58.152569619128506,9.0,58.152569619128506,4.999958595646079,0.28522961111514633,3.539125278827676,4.795818197537463,0.2147278262752006,0.19183272770951945
58.17256961912851,9.0,58.17256961912851,4.99995876371023,0.2852296249972703,3.541317045437974,4.7980098994793465,0.21482538234353266,0.19192039578603048
58.19256961912852,9.0,58.19256961912852,4.9999589307954535,0.28522963885004954,3.543508661066384,4.800201450527244,0.21492293048009437,0.19200805782330949
58.21256961912852,9.0,58.21256961912852,4.999959096623353,0.2852296526567869,3.545700123226315,4.802392848019631,0.21502047051975648,0.19209571372270529
58.23256961912853,9.0,58.23256961912853,4.9999592609211,0.2852296664033298,3.5478914293798733,4.804584089630352,0.21511800237612677,0.19218336338325429
58.252569619128536,9.0,58.252569619128536,4.9999594234226095,0.2852296800741072,3.5500825768615574,4.806775172493559,0.2152155257659487,0.19227100669373873
58.27256961912855,9.0,58.27256961912855,4.999959583869693,0.2852296936539132,3.552273562907523,4.808966093930791,0.21531304062579704,0.1923586435492453
58.29256961912855,9.0,58.29256961912855,4.999959742013257,0.28522970713020945,3.5544643845319106,4.811156851037336,0.21541054670926352,0.1924462738303578
58.31256961912856,9.0,58.31256961912856,4.99995989761446,0.2852297204877109,3.556655038503689,4.813347440448676,0.21550804363986265,0.19253389740143032
58.33256961912856,9.0,58.33256961912856,4.999960050445874,0.2852297337147465,3.5588455211486836,4.815537858529545,0.2156055311569265,0.19262151412234857
58.35256961912856,9.0,58.35256961912856,4.999960200292609,0.28522974679857094,3.561035828319767,4.817728101234009,0.2157030087942653,0.19270912382392008
58.37256961912857,9.0,58.37256961912857,4.999960346953419,0.28522975972829406,3.5632259550665606,4.819918163453815,0.21580047591981844,0.1927967263088101
58.39256961912858,9.0,58.39256961912858,4.999960490241734,0.2852297724916715,3.565415895572707,4.822108039513842,0.21589793188815376,0.19288432134566486
58.41256961912858,9.0,58.41256961912858,4.999960629986667,0.2852297850789309,3.5676056427554297,4.824297722276843,0.21599537570281901,0.19297190864835861
58.432569619128586,9.0,58.432569619128586,4.999960766033901,0.28522979748110333,3.5697951879629612,4.826487203073627,0.2160928062339722,0.1930594878733951
58.452569619128596,9.0,58.452569619128596,4.999960898246512,0.28522980968891126,3.571984520605744,4.828676471386131,0.21619022204913785,0.19314705859673656
58.472569619128606,9.0,58.472569619128606,4.999961026505646,0.28522982169601135,3.5741736276478693,4.830865514134587,0.216287621324883,0.19323462029600486
58.49256961912861,9.0,58.49256961912861,4.999961150711103,0.28522983349376,3.5763624930754574,4.833054315336917,0.2163850018904081,0.19332217233203763
58.51256961912861,9.0,58.51256961912861,4.999961270781756,0.2852298450756176,3.578551097219521,4.835242855336542,0.21648236104768515,0.19340971391802922
58.53256961912862,9.0,58.53256961912862,4.999961386655799,0.2852298564374485,3.5807394159740285,4.837431110056408,0.2165796955112036,0.193497244089686
58.55256961912863,9.0,58.55256961912863,4.999961498290871,0.28522986757288354,3.5829274199079872,4.839619050025406,0.21667700132706802,0.1935847616712156
58.572569619128636,9.0,58.572569619128636,4.999961605663968,0.28522987847675607,3.585115073164168,4.841806639547175,0.21677427370134117,0.19367226522709438
58.59256961912864,9.0,58.59256961912864,4.99996170877122,0.28522988914597824,3.5873023321744326,4.843993834858215,0.21687150678701217,0.19375975301244214
58.61256961912865,9.0,58.61256961912865,4.99996180762744,0.28522989957495537,3.5894891441126275,4.846180583400043,0.2169686937708577,0.19384722292200626
58.63256961912866,9.0,58.63256961912866,4.999961902265596,0.28522990976087415,3.591675445033649,4.848366821119391,0.2170658261337679,0.1939346723914115
58.65256961912866,9.0,58.65256961912866,4.999961992736054,0.2852299196971158,3.5938611576085298,4.850552470778508,0.21716289381792686,0.1940220983294291
58.67256961912866,9.0,58.67256961912866,4.999962079105742,0.28522992938072683,3.596046188270731,4.852737438855216,0.217259884599716,0.1941094969953373
58.69256961912867,9.0,58.69256961912867,4.999962161457211,0.2852299388023549,3.5982304237546545,4.854921612184757,0.21735678362674893,0.19419686385777335
58.71256961912867,9.0,58.71256961912867,4.9999622398876005,0.2852299479566912,3.6004137265941316,4.857104853371932,0.21745357275334776,0.19428419341889555
58.73256961912868,9.0,58.73256961912868,4.9999623145075764,0.2852299568294554,3.6025959294679595,4.859286995223671,0.21755022966023096,0.19437147898267412
58.752569619128685,9.0,58.752569619128685,4.9999623854402655,0.2852299654074195,3.604776827766686,4.8614678332032595,0.21764672674632424,0.1944587123663828
58.772569619128696,9.0,58.772569619128696,4.999962452820257,0.28522997366909664,3.60695616982971,4.863647115978543,0.21774302947921287,0.19454588350239216
58.7925696191287,9.0,58.7925696191287,4.999962516792675,0.28522998158574464,3.609133643922997,4.865824531908109,0.21783909406933422,0.19463297991265452
58.81256961912871,9.0,58.81256961912871,4.999962577512447,0.2852299891217326,3.6113088605431245,4.867999691879668,0.21793486472659307,0.19471998601795662
58.83256961912871,9.0,58.83256961912871,4.999962635143767,0.2852299962203305,3.6134813281251645,4.870172104834287,0.21803026893536304,0.19480688214274022
58.85256961912872,9.0,58.85256961912872,4.999962689859971,0.28523000281026495,3.6156504188880927,4.872341143465286,0.2181252112204688,0.19489364315593338
58.872569619128726,9.0,58.872569619128726,4.999962741843797,0.28523000878505667,3.617815320298755,4.874505996149933,0.21821956404195308,0.1949802365327335
58.892569619128736,9.0,58.892569619128736,4.999962791288392,0.28523001399662046,3.6199749644253396,4.876665596229346,0.2183131535084124,0.19506661950766668
58.91256961912874,9.0,58.91256961912874,4.999962838399189,0.28523001822918953,3.6221279230568637,4.878818517123726,0.21840573782005324,0.19515273486174775
58.93256961912875,9.0,58.93256961912875,4.999962883397155,0.2852300211660804,3.624272248512603,4.880962813789353,0.21849697374840815,0.19523850454931505
58.95256961912875,9.0,58.95256961912875,4.999962926524077,0.2852300223268839,3.626405225831575,4.88309577542625,0.21858636159411926,0.1953238197105576
58.97256961912876,9.0,58.97256961912876,4.999962968050941,0.28523002097898414,3.6285229767146037,4.885213529885103,0.21867315456295877,0.19540852473458095
58.99256961912876,9.0,58.99256961912876,4.9999630082912185,0.28523001595814335,3.630619809617447,4.887310395950699,0.21875620492115377,0.19549239107156693
59.01256961912877,9.0,59.01256961912877,4.9999630476222965,0.2852300053785932,3.632687124175303,4.889377790249363,0.21883369513453843,0.19557507300083937
59.03256961912877,9.0,59.03256961912877,4.9999630865206015,0.28522998609462186,3.634711523522695,4.891402344866841,0.21890266278379533,0.19565603135484191
59.052569619128775,9.0,59.052569619128775,4.999963125620455,0.28522995276430474,3.6366715293896617,4.893362631590285,0.21895816351910247,0.19573440076573753
59.072569619128785,9.0,59.072569619128785,4.999963165814326,0.28522989631611323,3.6385319869239523,4.895223580618758,0.21899187939653553,0.19580876430340913
59.092569619128795,9.0,59.092569619128795,4.9999632084165615,0.2852297958976106,3.6402278005036504,4.89692032989696,0.21899027203452892,0.19587681317022104
59.1125696191288,9.0,59.1125696191288,4.999963255525297,0.2852296507226125,3.6416837582054677,4.898377449169351,0.21893752125822097,0.195935097953902
59.1325696191288,9.0,59.1325696191288,4.999963310143154,0.2852294299534692,3.6427834064927267,4.899478890653277,0.21881248147837473,0.19597915567964827
59.15256961912881,9.0,59.15256961912881,4.99996337651473,0.28522919188878426,3.6434688363280503,4.9001655158961075,0.21862797451888571,0.19600616027908846
59.17256961912882,9.0,59.17256961912882,4.999963459306847,0.2852289865985441,3.6437603975246335,4.90045728112784,0.21844152395623784,0.1960182912585302
59.192569619128825,9.0,59.192569619128825,4.999963562857305,0.2852289343035144,3.6438517743431915,4.900546588429677,0.2183280110548731,0.19602186353771064
59.21256961912883,9.0,59.21256961912883,4.999963689281716,0.28522893318937487,3.6438662607609023,4.900559730567278,0.2182870094910072,0.1960223892231076
59.23256961912884,9.0,59.23256961912884,4.999963838839136,0.2852289483943266,3.6438632533300335,4.900556290285287,0.21828365066312871,0.19602225161181608
59.25256961912885,9.0,59.25256961912885,4.999964009742214,0.28522896139514115,3.6438583031289133,4.900551407867292,0.21828929329469426,0.19602205631710412
59.27256961912885,9.0,59.27256961912885,4.9999641860342505,0.2852289767052457,3.643859143067469,4.900552301579328,0.21829582118869695,0.19602209206664906
59.29017070893808,9.0,59.29017070893808,4.999964288895775,0.28522900199806717,3.643882979832653,4.900575903441323,0.21830914453209127,0.19602303624050826
59.308959570878194,9.0,59.308959570878194,4.999964325906455,0.28522899437316657,3.6439045632939355,4.900597862050491,0.21831213399807226,0.19602391448521983
59.3289595708782,9.0,59.3289595708782,4.9999643322963365,0.28522897758220106,3.6439055116857464,4.90059909885416,0.21830234184213237,0.19602396395883062
59.34895957087821,9.0,59.34895957087821,4.9999643342921525,0.2852289809084645,3.643903057421606,4.900596403801624,0.21829781133495585,0.19602385615211546
59.36895957087821,9.0,59.36895957087821,4.999964337645057,0.2852289834422837,3.643902236790252,4.900595483631089,0.2182979807133023,0.19602381947097616
59.38895957087822,9.0,59.38895957087822,4.999964341508801,0.2852289839187107,3.6439022527929676,4.9005955170502125,0.21829888540165676,0.1960238206940396
59.408959570878224,9.0,59.408959570878224,4.999964345196127,0.28522898397855284,3.6439023669286863,4.900595653075776,0.21829928615285699,0.1960238261268075
59.428959570878234,9.0,59.428959570878234,4.999964348602423,0.28522898411180825,3.643902440722122,4.9005957324787275,0.21829934719584987,0.196023829307786
59.44895957087824,9.0,59.44895957087824,4.999964351773334,0.285228984284432,3.6439024904788853,4.900595781690286,0.21829932093591475,0.1960238312736228
59.46895957087824,9.0,59.46895957087824,4.999964354749098,0.28522898445479616,3.6439025323042498,4.900595822551832,0.21829929901588496,0.19602383290578565
59.488959570878244,9.0,59.488959570878244,4.999964357554135,0.2852289846144123,3.6439025701945877,4.900595860071112,0.21829929094570044,0.19602383440555934
59.50895957087825,9.0,59.50895957087825,4.999964360206476,0.2852289847637184,3.6439026045514002,4.9005958943779016,0.21829928941610843,0.19602383577899443
59.52895957087826,9.0,59.52895957087826,4.999964362721401,0.2852289849059242,3.6439026356681303,4.900595925553153,0.2182992895222169,0.19602383702311116
59.54895957087827,9.0,59.54895957087827,4.9999643651121195,0.28522898504090455,3.643902663953787,4.90059595378669,0.218299289716271,0.1960238381545086
59.56895957087827,9.0,59.56895957087827,4.999964367390048,0.2852289851703334,3.6439026898229145,4.900595979728001,0.2182992898481282,0.19602383919061947
59.588959570878274,9.0,59.588959570878274,4.999964369565095,0.2852289852935975,3.6439027135744273,4.900596003442191,0.21829928985526914,0.19602384013892832
59.608959570878284,9.0,59.608959570878284,4.999964371645906,0.2852289854122771,3.643902735485287,4.900596025356574,0.21829928992237324,0.19602384101535722
59.628959570878294,9.0,59.628959570878294,4.999964373640082,0.28522898552513076,3.6439027557773485,4.900596045649722,0.21829929001686832,0.1960238418268517
59.6489595708783,9.0,59.6489595708783,4.999964375554331,0.2852289856346282,3.6439027746365595,4.90059606450892,0.218299290141311,0.19602384258110683
59.6689595708783,9.0,59.6689595708783,4.999964377394621,0.28522898573939615,3.6439027922247953,4.900596082097029,0.21829929027625372,0.19602384328330438
59.68895957087831,9.0,59.68895957087831,4.999964379166261,0.28522898583996376,3.643902808676745,4.900596098520863,0.2182992904439245,0.19602384394135933
59.70895957087832,9.0,59.70895957087832,4.999964380874019,0.2852289859380654,3.643902824119017,4.900596113997937,0.21829929065452314,0.19602384456043248
59.728959570878324,9.0,59.728959570878324,4.999964382522174,0.2852289860312949,3.64390283864614,4.900596128519903,0.21829929083487842,0.19602384514119936
59.74895957087833,9.0,59.74895957087833,4.999964384114599,0.2852289861219623,3.6439028523500347,4.900596142222389,0.21829929103315893,0.1960238456893077
59.76895957087834,9.0,59.76895957087834,4.999964385654786,0.2852289862103033,3.643902865311024,4.9005961551833455,0.21829929124702918,0.19602384620828175
59.78895957087833,9.0,59.78895957087833,4.999964387145925,0.28522898629507887,3.6439028775976,4.900596167484027,0.21829929145783789,0.19602384669966222
59.80895957087834,9.0,59.80895957087834,4.999964388590911,0.28522898637752025,3.643902889266464,4.900596179135792,0.21829929165724948,0.19602384716569926
59.82895957087835,9.0,59.82895957087835,4.999964389992395,0.2852289864574603,3.6439029003769474,4.900596190248931,0.21829929187862396,0.19602384761020944
59.84895957087836,9.0,59.84895957087836,4.999964391352812,0.2852289865348133,3.643902910974688,4.900596200847411,0.21829929210347387,0.19602384803474293
59.86895957087836,9.0,59.86895957087836,4.999964392674386,0.28522898661084106,3.6439029211033347,4.9005962109901,0.21829929231223089,0.19602384843918277
59.88895957087837,9.0,59.88895957087837,4.999964393959171,0.28522898668382035,3.64390293079414,4.900596220649714,0.21829929252107805,0.19602384882679033
59.90895957087837,9.0,59.90895957087837,4.999964395209068,0.28522898675534686,3.643902940093614,4.900596229983002,0.21829929275652749,0.19602384919951
59.92895957087838,9.0,59.92895957087838,4.999964396425827,0.2852289868247662,3.6439029490207444,4.900596238891112,0.2182992929448231,0.19602384955518135
59.94895957087839,9.0,59.94895957087839,4.999964397611069,0.2852289868928394,3.6439029576089323,4.900596247467034,0.218299293162167,0.1960238498988075
59.9689595708784,9.0,59.9689595708784,4.999964398766309,0.2852289869586133,3.6439029658853057,4.900596255761585,0.21829929338872356,0.19602385023055577
59.9889595708784,9.0,59.9889595708784,4.999964399892939,0.285228987023349,3.6439029738676196,4.900596263741345,0.21829929359229627,0.19602385054972493
60.00895957087841,9.0,60.00895957087841,4.999964400992276,0.2852289870864255,3.6439029815784747,4.900596271451401,0.21829929380623803,0.19602385085875296
60.02895957087841,9.0,60.02895957087841,4.999964402065533,0.2852289871476658,3.6439029890379704,4.900596278924895,0.21829929401242865,0.1960238511570759
60.048959570878424,9.0,60.048959570878424,4.99996440311385,0.2852289872079959,3.6439029962578986,4.9005962861276435,0.21829929420233363,0.19602385144518408
60.06895957087843,9.0,60.06895957087843,4.999964404138298,0.285228987266279,3.643903003260665,4.900596293132917,0.2182992944105493,0.19602385172538397
60.08895957087844,9.0,60.08895957087844,4.99996440513987,0.28522898732351176,3.6439030100578265,4.9005962999308705,0.2182992946122746,0.19602385199731107
60.10895957087843,9.0,60.10895957087843,4.9999644061195125,0.28522898737936,3.643903016660461,4.900596306533478,0.2182992948094986,0.19602385226143418
60.128959570878436,9.0,60.128959570878436,4.999964407078098,0.28522898743404956,3.643903023083961,4.900596312956852,0.21829929500560352,0.1960238525183622
60.148959570878446,9.0,60.148959570878446,4.9999644080164645,0.28522898748832765,3.6439030293379906,4.90059631921098,0.2182992951990923,0.19602385276847223
60.16895957087846,9.0,60.16895957087846,4.999964408935389,0.28522898754001325,3.6439030354318267,4.900596325304674,0.21829929539092285,0.19602385301225156
60.18895957087846,9.0,60.18895957087846,4.9999644098356075,0.285228987591553,3.6439030413764844,4.900596331249344,0.2182992955804437,0.1960238532499796
60.20895957087846,9.0,60.20895957087846,4.999964410717823,0.2852289876424757,3.643903047178308,4.900596337051189,0.2182992957686407,0.19602385348212692
60.22895957087847,9.0,60.22895957087847,4.999964411582685,0.2852289876918883,3.6439030528481156,4.900596342720901,0.21829929595461595,0.19602385370888345
60.24895957087848,9.0,60.24895957087848,4.999964412430821,0.28522898774045374,3.643903058391644,4.900596348264384,0.21829929613848797,0.1960238539306085
60.268959570878486,9.0,60.268959570878486,4.999964413262824,0.28522898778755823,3.64390306381652,4.900596353689142,0.21829929631332945,0.19602385414696674
60.28895957087849,9.0,60.28895957087849,4.9999644140792485,0.28522898783481193,3.643903069129043,4.900596358987579,0.2182992965017725,0.19602385436013162
60.3089595708785,9.0,60.3089595708785,4.999964414880627,0.2852289878805653,3.6439030743381084,4.900596364228216,0.2182992966870927,0.19602385456854024
60.32895957087851,9.0,60.32895957087851,4.999964415667463,0.28522898792527496,3.6439030794403036,4.900596369296168,0.2182992968435804,0.19602385477184076
60.34895957087851,9.0,60.34895957087851,4.99996441644024,0.285228987969348,3.6439030844516047,4.900596374326648,0.218299297037869,0.19602385497308464
60.368959570878516,9.0,60.368959570878516,4.999964417199412,0.2852289880128018,3.643903089370592,4.900596379243758,0.21829929720723174,0.1960238551697586
60.38895957087853,9.0,60.38895957087853,4.99996441794541,0.2852289880556812,3.643903094203958,4.900596384076295,0.218299297378461,0.1960238553630623
60.40895957087854,9.0,60.40895957087854,4.999964418678648,0.28522898809707303,3.6439030989538987,4.90059638882622,0.21829929755617483,0.1960238555536977
60.42895957087853,9.0,60.42895957087853,4.999964419399523,0.28522898813849507,3.643903103629549,4.900596393515761,0.21829929772592438,0.19602385574062883
60.448959570878536,9.0,60.448959570878536,4.999964420108415,0.28522898817939923,3.6439031082261066,4.9005963980950815,0.21829929787944513,0.19602385592381852
60.468959570878546,9.0,60.468959570878546,4.99996442080568,0.2852289882189067,3.643903112755394,4.900596402626883,0.2182992980520151,0.19602385610507175
60.48895957087855,9.0,60.48895957087855,4.999964421491656,0.28522898825787557,3.6439031172160408,4.90059640708831,0.21829929821788552,0.196023856283519
60.50895957087856,9.0,60.50895957087856,4.999964422166684,0.2852289882968695,3.643903121611432,4.900596411483558,0.21829929837399398,0.1960238564587532
60.52895957087856,9.0,60.52895957087856,4.999964422831071,0.28522898833504085,3.643903125945495,4.900596415803381,0.21829929854379637,0.19602385663275923
60.54895957087857,9.0,60.54895957087857,4.999964423485119,0.28522898837216454,3.643903130224595,4.900596420113982,0.21829929871151332,0.19602385680394122
60.568959570878576,9.0,60.568959570878576,4.999964424129122,0.2852289884091049,3.6439031344422377,4.9005964242973885,0.21829929885119892,0.1960238569718471
60.588959570878586,9.0,60.588959570878586,4.999964424763351,0.28522898844552463,3.6439031386095833,4.900596428483963,0.21829929902899536,0.19602385713938775
60.60895957087859,9.0,60.60895957087859,4.999964425388075,0.28522898848087685,3.6439031427243287,4.900596432596704,0.21829929918168567,0.19602385730385066
60.6289595708786,9.0,60.6289595708786,4.999964426003546,0.28522898851570083,3.643903146788844,4.900596436660569,0.21829929933723768,0.19602385746646211
60.6489595708786,9.0,60.6489595708786,4.99996442661001,0.28522898855062834,3.643903150807715,4.900596440679285,0.21829929949316318,0.19602385762720542
60.66895957087861,9.0,60.66895957087861,4.999964427207704,0.2852289885844736,3.6439031547806455,4.900596444652205,0.21829929964751438,0.1960238577861202
60.688959570878616,9.0,60.688959570878616,4.99996442779685,0.285228988618262,3.643903158710962,4.900596448582443,0.2182992998008082,0.19602385794329544
60.708959570878626,9.0,60.708959570878626,4.999964428377669,0.2852289886515281,3.6439031625982667,4.900596452469667,0.218299299960226,0.19602385809942546
60.72895957087863,9.0,60.72895957087863,4.999964428950373,0.28522898868364943,3.643903166447357,4.900596456332681,0.21829930010447463,0.19602385825272273
60.748959570878625,9.0,60.748959570878625,4.999964429515157,0.28522898871600694,3.643903170253588,4.90059646010765,0.2182993002409428,0.19602385840432807
60.768959570878636,9.0,60.768959570878636,4.99996443007222,0.28522898874800495,3.643903174027445,4.90059646390124,0.2182993004174354,0.19602385855668425
60.788959570878646,9.0,60.788959570878646,4.999964430621745,0.2852289887788035,3.643903177764743,4.9005964676506535,0.2182993005612972,0.1960238587060466
60.80895957087865,9.0,60.80895957087865,4.999964431163916,0.2852289888103106,3.6439031814658525,4.9005964713336745,0.21829930069370818,0.1960238588533346
60.82895957087865,9.0,60.82895957087865,4.999964431698912,0.2852289888405425,3.6439031851349846,4.900596475005292,0.21829930084653038,0.1960238590002216
60.84895957087866,9.0,60.84895957087866,4.999964432226888,0.28522898887075493,3.64390318877227,4.900596478643287,0.21829930099385475,0.19602385914573006
60.86895957087867,9.0,60.86895957087867,4.999964432748018,0.28522898890066756,3.6439031923790544,4.900596482249834,0.21829930113908613,0.19602385928999375
60.888959570878676,9.0,60.888959570878676,4.999964433262453,0.28522898892963194,3.6439031959557395,4.900596485826596,0.21829930128332675,0.19602385943305795
60.90895957087868,9.0,60.90895957087868,4.999964433770343,0.28522898895842425,3.6439031995038405,4.90059648937468,0.21829930142710774,0.1960238595749929
60.92895957087869,9.0,60.92895957087869,4.999964434271838,0.2852289889871443,3.6439032030243697,4.9005964928949926,0.21829930157053612,0.19602385971584832
60.9489595708787,9.0,60.9489595708787,4.999964434767072,0.2852289890155604,3.643903206518519,4.900596496389231,0.21829930171254652,0.1960238598555711
60.9689595708787,9.0,60.9689595708787,4.999964435256193,0.28522898904294897,3.643903209986265,4.900596499856797,0.21829930185392632,0.19602385999428354
60.988959570878706,9.0,60.988959570878706,4.999964435739329,0.2852289890706053,3.6439032134298657,4.900596503300426,0.218299301995033,0.19602386013201437
61.008959570878716,9.0,61.008959570878716,4.9999644362166045,0.28522898909753247,3.643903216848587,4.9005965067189186,0.21829930213514404,0.19602386026877322
61.028959570878726,9.0,61.028959570878726,4.999964436688149,0.28522898912431116,3.6439032202442716,4.900596510114701,0.21829930227492023,0.1960238604046047
61.04895957087873,9.0,61.04895957087873,4.999964437154076,0.28522898915137435,3.6439032236177376,4.900596513488017,0.2182993024064075,0.196023860538895
61.068959570878725,9.0,61.068959570878725,4.999964437614505,0.28522898917710915,3.6439032269676646,4.900596516823781,0.21829930255166152,0.19602386067353395
61.088959570878735,9.0,61.088959570878735,4.999964438069552,0.2852289892030333,3.6439032302996726,4.900596520187272,0.21829930269626363,0.19602386080689024
61.10895957087874,9.0,61.10895957087874,4.999964438519323,0.28522898922837575,3.643903233606066,4.900596523459402,0.21829930281376164,0.19602386093839477
61.12895957087875,9.0,61.12895957087875,4.999964438963924,0.28522898925368584,3.6439032368972297,4.9005965267697595,0.21829930296918176,0.19602386107081857
61.14895957087875,9.0,61.14895957087875,4.999964439403461,0.2852289892787105,3.643903240167524,4.90059653003811,0.2182993031003666,0.1960238612015095
61.16895957087876,9.0,61.16895957087876,4.99996443983803,0.28522898930307966,3.643903243418982,4.900596533288765,0.21829930323471025,0.19602386133155145
61.188959570878765,9.0,61.188959570878765,4.999964440267729,0.2852289893273573,3.6439032466517087,4.900596536521342,0.21829930336920356,0.19602386146083883
61.208959570878775,9.0,61.208959570878775,4.999964440692652,0.285228989351698,3.6439032498672232,4.900596539736897,0.21829930351871196,0.19602386159071108
61.22895957087878,9.0,61.22895957087878,4.999964441112893,0.28522898937501523,3.643903253068012,4.900596542965644,0.2182993036378651,0.1960238617173903
61.24895957087879,9.0,61.24895957087879,4.999964441528535,0.2852289893989163,3.643903256242424,4.900596546077335,0.21829930375762796,0.1960238618443424
61.26895957087879,9.0,61.26895957087879,4.999964441939672,0.2852289894223389,3.6439032594148317,4.900596549317437,0.2182993039306398,0.1960238619726898
61.2889595708788,9.0,61.2889595708788,4.9999644423463865,0.28522898944481856,3.643903262558892,4.9005965524233535,0.21829930402517395,0.1960238620969485
61.308959570878805,9.0,61.308959570878805,4.999964442748757,0.2852289894679023,3.6439032656935195,4.900596555561407,0.21829930416651067,0.19602386222247206
61.328959570878816,9.0,61.328959570878816,4.99996444314686,0.285228989490857,3.6439032688124224,4.900596558681751,0.2182993043003827,0.19602386234727592
61.34895957087882,9.0,61.34895957087882,4.999964443540777,0.28522898951321185,3.6439032719170887,4.900596561786413,0.21829930443121626,0.19602386247144604
61.36895957087883,9.0,61.36895957087883,4.999964443930586,0.2852289895346227,3.6439032750068834,4.9005965648760546,0.21829930455386926,0.19602386259441126
61.388959570878825,9.0,61.388959570878825,4.999964444316354,0.28522898955649895,3.643903278080609,4.900596567935643,0.2182993046831676,0.19602386271739225
61.408959570878835,9.0,61.408959570878835,4.999964444698159,0.28522898957805404,3.643903281144836,4.900596571017116,0.21829930482715643,0.19602386284065051
61.42895957087884,9.0,61.42895957087884,4.999964445076063,0.2852289895993437,3.643903284192819,4.900596574062455,0.21829930495052574,0.196023862962504
61.44895957087884,9.0,61.44895957087884,4.999964445450136,0.2852289896207101,3.643903287228867,4.900596577097708,0.218299305078284,0.19602386308391107
61.46895957087885,9.0,61.46895957087885,4.9999644458204475,0.285228989642048,3.6439032902533945,4.9005965801221,0.2182993052070361,0.19602386320485768
61.48895957087886,9.0,61.48895957087886,4.999964446187061,0.28522898966230487,3.6439032932641378,4.90059658313281,0.21829930532754105,0.19602386332468244
61.508959570878865,9.0,61.508959570878865,4.999964446550035,0.2852289896826606,3.643903296261313,4.900596586115718,0.21829930546285636,0.19602386344529174
61.52895957087887,9.0,61.52895957087887,4.999964446909433,0.28522898970317884,3.6439032992518112,4.900596589137767,0.21829930559645483,0.19602386356487633
61.54895957087888,9.0,61.54895957087888,4.999964447265313,0.285228989722884,3.643903302224449,4.900596592076184,0.21829930570316902,0.1960238636830245
61.56895957087889,9.0,61.56895957087889,4.999964447617731,0.2852289897425591,3.6439033051903356,4.900596595061229,0.21829930584806423,0.19602386380242542
61.58895957087889,9.0,61.58895957087889,4.999964447966754,0.28522898976209526,3.643903308143242,4.900596598012248,0.2182993059701186,0.19602386392051152
61.608959570878895,9.0,61.608959570878895,4.999964448312423,0.2852289897820043,3.643903311085811,4.900596600954027,0.21829930609502135,0.19602386403821156
61.628959570878905,9.0,61.628959570878905,4.999964448654802,0.28522898980130335,3.643903314018498,4.9005966038865205,0.21829930622035265,0.1960238641554814
61.648959570878915,9.0,61.648959570878915,4.999964448993937,0.2852289898201299,3.643903316940047,4.900596606808163,0.21829930634513683,0.1960238642723354
61.66895957087892,9.0,61.66895957087892,4.999964449329884,0.28522898983900763,3.643903319851817,4.900596609719676,0.21829930646949158,0.19602386438877303
61.68895957087892,9.0,61.68895957087892,4.999964449662689,0.28522898985762263,3.6439033227533604,4.9005966126212055,0.21829930659383168,0.19602386450484033
61.708959570878925,9.0,61.708959570878925,4.999964449992406,0.28522898987624806,3.643903325644658,4.900596615512504,0.2182993067179222,0.19602386462052426
61.72895957087893,9.0,61.72895957087893,4.999964450319078,0.28522898989442486,3.643903328528017,4.900596618395689,0.21829930684186705,0.1960238647358279
61.74895957087894,9.0,61.74895957087894,4.999964450642759,0.28522898991246015,3.643903331400567,4.900596621268245,0.21829930696477007,0.19602386485073164
61.76895957087894,9.0,61.76895957087894,4.9999644509634855,0.2852289899309118,3.643903334265149,4.900596624132804,0.2182993070881203,0.19602386496531019
61.78895957087895,9.0,61.78895957087895,4.999964451281307,0.2852289899484187,3.643903337120311,4.900596626987766,0.21829930721045443,0.19602386507949252
61.808959570878955,9.0,61.808959570878955,4.999964451596267,0.28522898996592394,3.6439033399658842,4.900596629833355,0.21829930733243774,0.19602386519331
61.828959570878965,9.0,61.828959570878965,4.999964451908404,0.28522898998392227,3.6439033428026275,4.900596632670013,0.21829930745471327,0.19602386530681226
61.84895957087897,9.0,61.84895957087897,4.999964452217767,0.285228990000426,3.643903345631024,4.900596635498314,0.2182993075839037,0.19602386542057118
61.86895957087898,9.0,61.86895957087898,4.999964452524392,0.28522899001768587,3.6439033484530494,4.900596638334278,0.21829930769830952,0.19602386553277204
61.88895957087898,9.0,61.88895957087898,4.999964452828317,0.2852289900348596,3.6439033512626375,4.900596641112548,0.2182993078053359,0.1960238656444891
61.90895957087899,9.0,61.90895957087899,4.999964453129584,0.2852289900513311,3.6439033540681374,4.900596643937806,0.21829930795282282,0.19602386575810535
61.928959570878995,9.0,61.928959570878995,4.999964453428233,0.2852289900681394,3.643903356864568,4.90059664674637,0.21829930806177522,0.19602386586926962
61.948959570879005,9.0,61.948959570879005,4.999964453724298,0.28522899008496977,3.6439033596497374,4.900596649499397,0.2182993081738247,0.19602386598058835
61.96895957087901,9.0,61.96895957087901,4.999964454017821,0.28522899010118696,3.643903362433411,4.900596652316815,0.2182993083137208,0.19602386609266698
61.98895957087902,9.0,61.98895957087902,4.999964454308827,0.2852289901172579,3.6439033652035753,4.900596655067887,0.21829930841442113,0.19602386620269696
62.00895957087902,9.0,62.00895957087902,4.999964454597359,0.28522899013318204,3.6439033679683077,4.900596657834341,0.2182993085384375,0.19602386631337293
62.028959570879024,9.0,62.028959570879024,4.999964454883453,0.285228990149087,3.6439033707267816,4.900596660593463,0.2182993086590299,0.19602386642370392
62.04895957087903,9.0,62.04895957087903,4.999964455167138,0.2852289901652932,3.643903373476048,4.900596663342725,0.21829930877789439,0.19602386653373777
62.06895957087903,9.0,62.06895957087903,4.9999644554484455,0.2852289901805913,3.6439033762195012,4.900596666086045,0.21829930889644267,0.19602386664344518
62.08895957087904,9.0,62.08895957087904,4.999964455727416,0.2852289901953807,3.643903378954926,4.900596668821427,0.2182993090144394,0.19602386675285996
62.10895957087905,9.0,62.10895957087905,4.999964456004075,0.285228990211376,3.6439033816838076,4.900596671550203,0.21829930913275675,0.1960238668620262
62.128959570879054,9.0,62.128959570879054,4.999964456278451,0.28522899022535303,3.6439033844064013,4.900596674272832,0.218299309250217,0.19602386697086993
62.14895957087906,9.0,62.14895957087906,4.999964456550579,0.2852289902404209,3.6439033871206363,4.90059667698699,0.21829930936780473,0.19602386707949676
62.16895957087907,9.0,62.16895957087907,4.999964456820487,0.28522899025568355,3.6439033898291155,4.900596679695285,0.218299309485126,0.19602386718781536
62.18895957087908,9.0,62.18895957087908,4.9999644570882085,0.2852289902705255,3.6439033925309046,4.9005966823970475,0.2182993096019037,0.1960238672958538
62.20895957087908,9.0,62.20895957087908,4.999964457353766,0.2852289902853375,3.6439033952254696,4.900596685091581,0.2182993097188679,0.1960238674036751
62.228959570879084,9.0,62.228959570879084,4.999964457617189,0.2852289902998472,3.6439033979141335,4.900596687780142,0.21829930983535428,0.19602386751120196
62.248959570879094,9.0,62.248959570879094,4.9999644578785105,0.28522899031422494,3.6439034005961566,4.9005966904620815,0.21829930995182334,0.19602386761850046
62.268959570879105,9.0,62.268959570879105,4.999964458137747,0.28522899032871707,3.643903403271502,4.90059669313737,0.21829931006749081,0.19602386772549618
62.28895957087911,9.0,62.28895957087911,4.999964458394929,0.2852289903432116,3.643903405940955,4.900596695806708,0.2182993101835251,0.19602386783228323
62.30895957087911,9.0,62.30895957087911,4.9999644586500915,0.28522899035709076,3.6439034086036006,4.900596698469379,0.21829931029905536,0.19602386793880577
62.32895957087912,9.0,62.32895957087912,4.9999644589032455,0.28522899037091315,3.643903411261757,4.900596701127362,0.21829931040710582,0.19602386804446048
62.34895957087912,9.0,62.34895957087912,4.999964459154427,0.2852289903847897,3.6439034139106217,4.900596703762143,0.21829931052155915,0.1960238681504703
62.36895957087913,9.0,62.36895957087913,4.999964459403654,0.28522899039802524,3.643903416557411,4.90059670642621,0.218299310650639,0.19602386825703572
62.38895957087913,9.0,62.38895957087913,4.999964459650958,0.2852289904121013,3.6439034191961,4.9005967090622145,0.21829931075936004,0.19602386836248595
62.40895957087914,9.0,62.40895957087914,4.999964459896355,0.28522899042529326,3.643903421828093,4.900596711693406,0.21829931087999954,0.1960238684684106
62.428959570879144,9.0,62.428959570879144,4.999964460139872,0.28522899043885647,3.6439034244566377,4.9005967143360145,0.21829931098680344,0.1960238685728351
62.448959570879154,9.0,62.448959570879154,4.999964460381533,0.2852289904522653,3.6439034270756214,4.900596716923337,0.21829931108663247,0.19602386867690566
62.46895957087916,9.0,62.46895957087916,4.999964460621358,0.28522899046588973,3.6439034296925983,4.900596719560322,0.2182993112200986,0.19602386878239692
62.48895957087917,9.0,62.48895957087917,4.999964460859368,0.28522899047855943,3.6439034323019786,4.900596722167834,0.21829931132883296,0.1960238688867029
62.508959570879185,9.0,62.508959570879185,4.999964461095588,0.2852289904913879,3.643903434905882,4.900596724770777,0.21829931144091042,0.19602386899085603
62.52895957087919,9.0,62.52895957087919,4.999964461330032,0.28522899050451,3.643903437504648,4.900596727369583,0.21829931155362736,0.19602386909476205
62.54895957087919,9.0,62.54895957087919,4.999964461562729,0.2852289905167832,3.643903440097183,4.900596729961939,0.21829931166660366,0.19602386919849768
62.5689595708792,9.0,62.5689595708792,4.999964461793702,0.2852289905299275,3.643903442685665,4.900596732550515,0.21829931177912654,0.19602386930197846
62.5889595708792,9.0,62.5889595708792,4.999964462022958,0.285228990542207,3.643903445266069,4.900596735130721,0.21829931189119378,0.19602386940526464
62.60895957087921,9.0,62.60895957087921,4.999964462250531,0.285228990554607,3.643903447843612,4.9005967377082325,0.2182993120036767,0.19602386950832273
62.62895957087921,9.0,62.62895957087921,4.999964462476428,0.285228990567336,3.643903450413676,4.9005967402783375,0.2182993121154282,0.19602386961117424
62.64895957087922,9.0,62.64895957087922,4.999964462700678,0.28522899057941836,3.6439034529801813,4.900596742844634,0.2182993122268222,0.1960238697137646
62.668959570879224,9.0,62.668959570879224,4.999964462923295,0.28522899059174084,3.6439034555401077,4.900596745404577,0.21829931233823885,0.19602386981619152
62.688959570879234,9.0,62.688959570879234,4.9999644631442965,0.2852289906033274,3.64390345809471,4.90059674795909,0.21829931244961953,0.1960238699184048
62.70895957087924,9.0,62.70895957087924,4.999964463363705,0.2852289906152273,3.6439034606446374,4.900596750508901,0.21829931256066804,0.1960238700203872
62.72895957087925,9.0,62.72895957087925,4.999964463581534,0.28522899062678536,3.6439034631891127,4.900596753053301,0.21829931267129776,0.19602387012215616
62.74895957087925,9.0,62.74895957087925,4.999964463797799,0.28522899063917606,3.6439034657296516,4.900596755593767,0.21829931278163928,0.1960238702237109
62.76895957087926,9.0,62.76895957087926,4.999964464012527,0.285228990650328,3.643903468262907,4.900596758127,0.21829931289185245,0.19602387032510063
62.788959570879264,9.0,62.788959570879264,4.999964464225731,0.28522899066137386,3.643903470791946,4.9005967606559935,0.2182993130019395,0.19602387042624606
62.808959570879274,9.0,62.808959570879274,4.999964464437421,0.2852289906734988,3.643903473315998,4.90059676317991,0.21829931311202166,0.19602387052721257
62.82895957087928,9.0,62.82895957087928,4.999964464647614,0.28522899068505114,3.643903475835377,4.900596765699226,0.21829931322150253,0.1960238706279487
62.84895957087929,9.0,62.84895957087929,4.999964464856339,0.28522899069608604,3.643903478349038,4.900596768212844,0.21829931333114638,0.19602387072852967
62.86895957087929,9.0,62.86895957087929,4.999964465063601,0.285228990706836,3.6439034808572073,4.900596770720958,0.21829931344036435,0.19602387082887798
62.8889595708793,9.0,62.8889595708793,4.999964465269414,0.2852289907184168,3.643903483361545,4.900596773225126,0.2182993135494775,0.19602387092901657
62.9089595708793,9.0,62.9089595708793,4.999964465473803,0.28522899072932345,3.6439034858608843,4.900596775724538,0.2182993136586795,0.19602387102900523
62.9289595708793,9.0,62.9289595708793,4.999964465676776,0.2852289907401529,3.6439034883549755,4.900596778218511,0.218299313766813,0.196023871128738
62.94895957087931,9.0,62.94895957087931,4.999964465878354,0.2852289907511316,3.6439034908438237,4.900596780707363,0.21829931387516988,0.19602387122830042
62.96895957087932,9.0,62.96895957087932,4.99996446607854,0.2852289907613624,3.643903493328297,4.900596783191738,0.2182993139833016,0.1960238713276554
62.988959570879324,9.0,62.988959570879324,4.99996446627736,0.28522899077229225,3.6439034958077645,4.900596785671089,0.21829931409123526,0.1960238714268247
63.00895957087933,9.0,63.00895957087933,4.999964466474824,0.2852289907831254,3.643903498281771,4.900596788145056,0.2182993142061629,0.196023871526408
63.02895957087934,9.0,63.02895957087934,4.999964466670943,0.28522899079362385,3.643903500752581,4.90059679062981,0.21829931431403615,0.19602387162520363
63.04895957087935,9.0,63.04895957087935,4.999964466865734,0.28522899080402586,3.643903503215844,4.900596793075765,0.2182993144074703,0.19602387172302954
63.06895957087935,9.0,63.06895957087935,4.99996446705921,0.28522899081417097,3.6439035056769944,4.900596795539408,0.21829931452058382,0.1960238718215445
63.088959570879354,9.0,63.088959570879354,4.999964467251392,0.28522899082454034,3.643903508132228,4.900596797995336,0.21829931462875019,0.19602387191980433
63.108959570879364,9.0,63.108959570879364,4.999964467442278,0.2852289908349079,3.6439035105823048,4.900596800445355,0.21829931473512554,0.1960238720178102
63.128959570879374,9.0,63.128959570879374,4.999964467631897,0.28522899084469927,3.6439035130287967,4.900596802891727,0.21829931484174292,0.19602387211564476
63.14895957087938,9.0,63.14895957087938,4.999964467820243,0.2852289908539795,3.6439035154694066,4.900596805332284,0.21829931494806853,0.1960238722132998
63.16895957087938,9.0,63.16895957087938,4.999964468007346,0.28522899086419834,3.643903517906339,4.900596807769081,0.21829931505412903,0.19602387231073604
63.18895957087939,9.0,63.18895957087939,4.999964468193212,0.2852289908735879,3.6439035203379375,4.900596810200786,0.21829931515999323,0.19602387240800184
63.2089595708794,9.0,63.2089595708794,4.999964468377852,0.28522899088356446,3.6439035227651533,4.900596812627839,0.21829931526585433,0.19602387250509284
63.2289595708794,9.0,63.2289595708794,4.999964468561279,0.2852289908937853,3.6439035251874485,4.900596815050071,0.21829931537156488,0.19602387260200022
63.2489595708794,9.0,63.2489595708794,4.999964468743506,0.285228990903471,3.643903527604906,4.900596817467548,0.21829931547689707,0.1960238726987018
63.26895957087941,9.0,63.26895957087941,4.999964468924545,0.28522899091277626,3.6439035300177074,4.900596819880097,0.21829931558226656,0.19602387279523367
63.28895957087941,9.0,63.28895957087941,4.999964469104404,0.2852289909225109,3.6439035324271987,4.9005968222897,0.21829931568755434,0.19602387289158152
63.30895957087942,9.0,63.30895957087942,4.999964469283099,0.28522899093194526,3.643903534830323,4.90059682469261,0.2182993157921267,0.19602387298774485
63.32895957087943,9.0,63.32895957087943,4.999964469460638,0.2852289909413072,3.6439035372300204,4.900596827092334,0.21829931589653517,0.19602387308368452
63.34895957087944,9.0,63.34895957087944,4.9999644696370344,0.28522899095047943,3.6439035396246626,4.900596829486844,0.2182993160010307,0.1960238731794875
63.36895957087944,9.0,63.36895957087944,4.9999644698123,0.28522899095970683,3.6439035420146375,4.900596831876812,0.21829931610549647,0.1960238732751137
63.38895957087945,9.0,63.38895957087945,4.999964469986434,0.28522899096844995,3.64390354440051,4.900596834262623,0.2182993162090514,0.19602387337049446
63.40895957087945,9.0,63.40895957087945,4.999964470159462,0.2852289909777811,3.64390354678139,4.90059683664348,0.21829931631297805,0.196023873465752
63.428959570879464,9.0,63.428959570879464,4.999964470331393,0.2852289909868615,3.6439035491587006,4.900596839020681,0.2182993164166045,0.19602387356081166
63.44895957087947,9.0,63.44895957087947,4.999964470502227,0.2852289909952431,3.6439035515305243,4.900596841392485,0.21829931651979573,0.19602387365569138
63.46895957087948,9.0,63.46895957087948,4.999964470671981,0.28522899100438515,3.6439035538985594,4.900596843760366,0.21829931662279023,0.1960238737503735
63.48895957087948,9.0,63.48895957087948,4.999964470840667,0.28522899101375654,3.6439035562618463,4.900596846123631,0.2182993167259517,0.1960238738449157
63.50895957087949,9.0,63.50895957087949,4.999964471008297,0.28522899102209665,3.643903558619026,4.900596848480808,0.21829931682855408,0.19602387393924825
63.52895957087949,9.0,63.52895957087949,4.999964471174868,0.28522899103081223,3.6439035609742323,4.900596850835871,0.2182993169240266,0.19602387403277083
63.52995957087949,9.0,63.52995957087949,4.999964471183175,0.2852289910306324,3.6439035610592403,4.900596850648458,0.21829931664489788,0.19602387402593519
63.54595957087949,9.0,63.54595957087949,4.999964471315645,0.2852289910393023,3.6439035629990166,4.900596853085489,0.21829931729566443,0.19602387412341277
63.5659595708795,9.0,63.5659595708795,4.999964471480292,0.2852289910473152,3.6439035653164953,4.900596855183081,0.21829931714149264,0.19602387420858666
63.5859595708795,9.0,63.5859595708795,4.999964471643924,0.285228991055698,3.6439035676628357,4.900596857568573,0.21829931722995566,0.19602387430151383
63.60595957087951,9.0,63.60595957087951,4.99996447180654,0.28522899106377875,3.6439035699917763,4.900596859814722,0.21829931728796037,0.19602387439257704
63.625959570879516,9.0,63.625959570879516,4.999964471968155,0.2852289910725388,3.6439035723285023,4.900596862194049,0.21829931743745545,0.1960238744877915
63.645959570879526,9.0,63.645959570879526,4.99996447212877,0.2852289910809617,3.643903574656694,4.900596864519467,0.21829931753054632,0.19602387458072265
63.66595957087953,9.0,63.66595957087953,4.999964472288398,0.285228991089007,3.64390357698002,4.900596866841245,0.2182993176432828,0.19602387467483964
63.68595957087954,9.0,63.68595957087954,4.9999644724470445,0.2852289910975771,3.6439035793008747,4.900596869190007,0.21829931773020395,0.19602387476641892
63.70595957087954,9.0,63.70595957087954,4.999964472604722,0.28522899110565925,3.643903581610243,4.900596871436658,0.21829931781763623,0.19602387485867648
63.72595957087955,9.0,63.72595957087955,4.999964472761444,0.28522899111380345,3.64390358392738,4.900596873821601,0.21829931795838098,0.19602387495284995
63.745959570879556,9.0,63.745959570879556,4.999964472917206,0.2852289911212363,3.6439035862284785,4.900596876084455,0.21829931800660196,0.19602387504215177
63.765959570879566,9.0,63.765959570879566,4.999964473072029,0.28522899112927363,3.6439035885282904,4.900596878359668,0.21829931813098113,0.19602387513562394
63.78595957087957,9.0,63.78595957087957,4.999964473225913,0.28522899113746947,3.6439035908319353,4.900596880727437,0.2182993182618036,0.19602387522910686
63.78695957087957,9.0,63.78695957087957,4.9999644732335895,0.2852289911368055,3.6439035909230335,4.900596880627425,0.2182993178515309,0.19602387521644274
63.802959570879565,9.0,63.802959570879565,4.999964473355992,0.28522899114490236,3.6439035927920007,4.900596882756118,0.21829931848778683,0.1960238753121304
63.822959570879576,9.0,63.822959570879576,4.999964473508159,0.28522899115264955,3.6439035950691383,4.900596884958395,0.2182993184284494,0.19602387539707722
63.84295957087958,9.0,63.84295957087958,4.999964473659417,0.285228991159992,3.6439035973496816,4.900596887194719,0.21829931851738404,0.19602387548903108
63.86295957087959,9.0,63.86295957087959,4.999964473809776,0.28522899116782363,3.6439035996341547,4.900596889524759,0.2182993186350437,0.19602387558099857
63.88295957087959,9.0,63.88295957087959,4.999964473959229,0.28522899117520584,3.6439036019067648,4.900596891761334,0.21829931868841612,0.19602387566920443
63.9029595708796,9.0,63.9029595708796,4.999964474107796,0.2852289911830742,3.6439036041757955,4.900596894006743,0.21829931879838993,0.19602387576027333
63.922959570879605,9.0,63.922959570879605,4.999964474255478,0.2852289911899703,3.6439036064462247,4.900596896313294,0.2182993189279432,0.19602387585254888
63.942959570879616,9.0,63.942959570879616,4.999964474402292,0.2852289911978009,3.6439036087095524,4.900596898571407,0.21829931901450728,0.19602387594283519
63.96295957087962,9.0,63.96295957087962,4.999964474548232,0.28522899120545114,3.6439036109680765,4.900596900828316,0.21829931910971467,0.19602387603309726
63.98295957087963,9.0,63.98295957087963,4.9999644746933125,0.2852289912125174,3.643903613221361,4.900596903081587,0.21829931921535328,0.19602387612387584
64.00295957087964,9.0,64.00295957087964,4.99996447483754,0.28522899122065815,3.643903615472155,4.900596905346315,0.21829931931412805,0.19602387621388112
64.02295957087964,9.0,64.02295957087964,4.999964474980921,0.2852289912276859,3.6439036177164947,4.900596907573303,0.21829931939116465,0.1960238763023317
64.04295957087965,9.0,64.04295957087965,4.999964475123461,0.2852289912348239,3.643903619956185,4.9005969098015765,0.2182993195016656,0.19602387639268012
64.04395957087965,9.0,64.04395957087965,4.999964475130574,0.2852289912340819,3.6439036200589974,4.900596909832146,0.2182993194220204,0.19602387639328633
64.05995957087964,9.0,64.05995957087964,4.999964475243982,0.2852289912410051,3.6439036218701175,4.900596911832303,0.21829931969499494,0.1960238764733318
64.07995957087965,9.0,64.07995957087965,4.999964475384977,0.2852289912479766,3.6439036240911205,4.9005969139341286,0.21829931966471472,0.19602387655734613
64.09995957087966,9.0,64.09995957087966,4.999964475525168,0.28522899125551504,3.6439036263226745,4.900596916199927,0.21829931979091288,0.1960238766480131
64.11995957087966,9.0,64.11995957087966,4.999964475664544,0.2852289912616608,3.6439036285449204,4.900596918401741,0.2182993198696832,0.1960238767360648
64.13995957087967,9.0,64.13995957087967,4.9999644758031145,0.2852289912682258,3.6439036307657777,4.900596920624778,0.218299319972171,0.19602387682495817
64.15995957087968,9.0,64.15995957087968,4.999964475940884,0.2852289912755884,3.6439036329813828,4.900596922841152,0.21829932006991593,0.19602387691361428
64.17995957087969,9.0,64.17995957087969,4.999964476077859,0.28522899128261686,3.6439036351928493,4.900596925052558,0.21829932016676867,0.1960238770021241
64.19995957087968,9.0,64.19995957087968,4.9999644762140525,0.28522899128937085,3.64390363739958,4.900596927259246,0.21829932026238463,0.19602387709037428
64.2199595708797,9.0,64.2199595708797,4.999964476349462,0.2852289912961313,3.643903639602626,4.90059692946218,0.2182993203582999,0.19602387717847541
64.2399595708797,9.0,64.2399595708797,4.999964476484099,0.2852289913024068,3.643903641801585,4.900596931661135,0.21829932045438483,0.19602387726644233
64.25995957087972,9.0,64.25995957087972,4.999964476617964,0.28522899130923296,3.643903643995374,4.900596933854743,0.21829932054975076,0.19602387735420457
64.27995957087971,9.0,64.27995957087971,4.999964476751073,0.2852289913159338,3.6439036461855223,4.900596936044967,0.21829932064511093,0.19602387744178504
64.29995957087972,9.0,64.29995957087972,4.999964476883422,0.2852289913228761,3.6439036483703027,4.900596938229536,0.21829932074009628,0.19602387752919442
64.30095957087973,9.0,64.30095957087973,4.999964476890025,0.28522899132243434,3.643903648458882,4.900596938143284,0.2182993204529371,0.19602387752135697
64.31695957087973,9.0,64.31695957087973,4.999964476995335,0.2852289913290617,3.6439036502415205,4.900596940238925,0.21829932099517135,0.19602387760958861
64.33695957087973,9.0,64.33695957087973,4.999964477126299,0.2852289913350529,3.6439036524023267,4.900596942258987,0.21829932091897142,0.1960238776903678
64.35695957087974,9.0,64.35695957087974,4.999964477256525,0.28522899134120694,3.6439036545777226,4.900596944454628,0.21829932102140592,0.19602387777817715
64.37695957087973,9.0,64.37695957087973,4.999964477386014,0.2852289913471344,3.643903656744773,4.9005969466004125,0.21829932110403982,0.19602387786460485
64.39695957087974,9.0,64.39695957087974,4.9999644775147845,0.28522899135380353,3.64390365891065,4.9005969487829155,0.21829932119773554,0.1960238779506991
64.41695957087975,9.0,64.41695957087975,4.99996447764283,0.28522899136055835,3.6439036610680824,4.9005969509096055,0.21829932128006257,0.1960238780364231
64.43695957087976,9.0,64.43695957087976,4.999964477770161,0.28522899136680496,3.6439036632266903,4.900596953088222,0.2182993213937814,0.1960238781235259
64.45695957087976,9.0,64.45695957087976,4.9999644778967784,0.28522899137306085,3.643903665377403,4.900596955236979,0.218299321482454,0.19602387820951664
64.47695957087977,9.0,64.47695957087977,4.9999644780226875,0.28522899137940927,3.6439036675259318,4.900596957384658,0.2182993215743454,0.19602387829535367
64.49695957087978,9.0,64.49695957087978,4.999964478147902,0.28522899138538194,3.643903669669612,4.900596959528278,0.2182993216674154,0.19602387838107954
64.51695957087979,9.0,64.51695957087979,4.999964478272416,0.28522899139150376,3.6439036718075966,4.900596961666208,0.21829932176086952,0.19602387846667388
64.53695957087979,9.0,64.53695957087979,4.9999644783962465,0.28522899139790664,3.64390367394323,4.900596963801766,0.21829932186110224,0.1960238785526483
64.5569595708798,9.0,64.5569595708798,4.999964478519389,0.28522899140396735,3.643903676074017,4.900596965946546,0.21829932195355362,0.1960238786378521
64.5579595708798,9.0,64.5579595708798,4.999964478525533,0.28522899140321023,3.643903676158955,4.90059696584959,0.21829932165898036,0.1960238786296361
64.57395957087981,9.0,64.57395957087981,4.999964478623535,0.2852289914094806,3.6439036778972587,4.900596967888799,0.21829932219195314,0.1960238787155623
64.5939595708798,9.0,64.5939595708798,4.999964478745424,0.28522899141572444,3.643903680002126,4.900596969857318,0.21829932212813352,0.19602387879492916
64.61395957087981,9.0,64.61395957087981,4.999964478866642,0.28522899142159935,3.643903682123551,4.900596972013848,0.218299322228789,0.19602387888055287
64.63395957087981,9.0,64.63395957087981,4.999964478987199,0.28522899142751795,3.6439036842335693,4.900596974085216,0.21829932228747229,0.19602387896341086
64.65395957087982,9.0,64.65395957087982,4.999964479107097,0.2852289914328912,3.643903686344292,4.900596976200959,0.21829932239197003,0.1960238790480435
64.67395957087983,9.0,64.67395957087983,4.999964479226341,0.2852289914382798,3.6439036884497344,4.900596978308071,0.21829932248644068,0.19602387913232844
64.69395957087984,9.0,64.69395957087984,4.999964479344934,0.2852289914444274,3.6439036905507143,4.900596980409015,0.21829932257722096,0.19602387921634232
64.71395957087984,9.0,64.71395957087984,4.999964479462884,0.2852289914497313,3.6439036926480504,4.900596982506196,0.2182993226683947,0.19602387930023082
64.73395957087985,9.0,64.73395957087985,4.999964479580189,0.28522899145584923,3.643903694739347,4.900596984597443,0.21829932275185993,0.19602387938330965
64.75395957087986,9.0,64.75395957087986,4.99996447969686,0.28522899146159064,3.6439036968264813,4.900596986670318,0.21829932285040776,0.19602387946745833
64.77395957087987,9.0,64.77395957087987,4.999964479812904,0.2852289914663263,3.643903698914031,4.900596988789436,0.21829932295519106,0.19602387955157316
64.79395957087986,9.0,64.79395957087986,4.999964479928322,0.28522899147234115,3.643903700991184,4.9005969908465765,0.21829932301803234,0.1960238796332542
64.81395957087987,9.0,64.81395957087987,4.999964480043114,0.285228991477967,3.6439037030651695,4.900596992908151,0.2182993231130652,0.19602387971634222
64.81495957087988,9.0,64.81495957087988,4.999964480048844,0.28522899147750985,3.6439037031481814,4.900596992822877,0.2182993230405943,0.19602387971723378
64.83095957087988,9.0,64.83095957087988,4.9999644801402106,0.2852289914835843,3.643903704849198,4.900596994894841,0.21829932339617475,0.19602387979488847
64.8509595708799,9.0,64.8509595708799,4.999964480253858,0.28522899148812003,3.643903706892305,4.900596996725947,0.2182993232654158,0.19602387986902878
64.87095957087989,9.0,64.87095957087989,4.999964480366903,0.2852289914935755,3.6439037089606496,4.900596998837319,0.2182993233919568,0.1960238799534704
64.89095957087989,9.0,64.89095957087989,4.999964480479343,0.2852289914991066,3.6439037110166326,4.900597000871555,0.21829932346064274,0.19602388003486348
64.9109595708799,9.0,64.9109595708799,4.999964480591185,0.2852289915045996,3.643903713071651,4.900597002928326,0.21829932355534876,0.19602388011711433
64.9309595708799,9.0,64.9309595708799,4.999964480702428,0.2852289915099816,3.6439037151227196,4.900597004980241,0.21829932364635019,0.1960238801991763
64.95095957087992,9.0,64.95095957087992,4.999964480813083,0.28522899151506087,3.643903717168362,4.900597007025859,0.2182993237353874,0.1960238802810454
64.97095957087991,9.0,64.97095957087991,4.999964480923152,0.2852289915206073,3.643903719210539,4.900597009067946,0.21829932382422568,0.19602388036272428
64.99095957087992,9.0,64.99095957087992,4.999964481032633,0.2852289915262043,3.6439037212479213,4.900597011105263,0.2182993239129205,0.1960238804442417
65.01095957087993,9.0,65.01095957087993,4.999964481141533,0.28522899153111675,3.643903723281484,4.900597013138759,0.21829932400837304,0.19602388052616268
65.03095957087994,9.0,65.03095957087994,4.999964481249861,0.28522899153544384,3.643903725312154,4.9005970151833695,0.2182993240965403,0.19602388060732043
65.05095957087994,9.0,65.05095957087994,4.999964481357617,0.28522899154112374,3.6439037273343065,4.900597017188184,0.21829932417031284,0.19602388068753437
65.07095957087995,9.0,65.07095957087995,4.999964481464807,0.2852289915456274,3.6439037293553573,4.900597019211822,0.21829932426440157,0.19602388076846772
65.07195957087995,9.0,65.07195957087995,4.999964481470157,0.2852289915457021,3.6439037294350873,4.900597019116638,0.2182993240805482,0.19602388076463928
65.08795957087996,9.0,65.08795957087996,4.999964481555479,0.28522899155073483,3.643903731088986,4.900597021106524,0.2182993245292577,0.19602388084429428
65.10795957087996,9.0,65.10795957087996,4.999964481661623,0.2852289915551581,3.6439037330819963,4.900597022932717,0.21829932441407918,0.19602388091669426
65.12795957087997,9.0,65.12795957087997,4.999964481767216,0.2852289915598599,3.6439037350915813,4.900597024951276,0.21829932451615797,0.1960238809979976
65.14795957087998,9.0,65.14795957087998,4.999964481872254,0.28522899156446024,3.6439037370950667,4.900597026951926,0.21829932460055934,0.19602388107805838
65.16795957087997,9.0,65.16795957087997,4.9999644819767495,0.2852289915697646,3.6439037390944944,4.900597028951271,0.2182993246957725,0.19602388115869626
65.18795957087998,9.0,65.18795957087998,4.999964482080698,0.28522899157439513,3.643903741091791,4.90059703096268,0.21829932478285485,0.19602388123850717
65.20795957087999,9.0,65.20795957087999,4.999964482184106,0.2852289915795834,3.643903743081171,4.9005970329346535,0.21829932484797743,0.19602388131677204
65.22795957087999,9.0,65.22795957087999,4.999964482286978,0.28522899158461923,3.643903745067584,4.900597034909428,0.21829932494783932,0.19602388139699944
65.24795957088,9.0,65.24795957088,4.9999644823893155,0.2852289915889084,3.6439037470539875,4.900597036928161,0.2182993250419738,0.19602388147649094
65.26795957088001,9.0,65.26795957088001,4.999964482491119,0.2852289915939182,3.643903749029746,4.900597038869715,0.21829932510727135,0.19602388155473385
65.28795957088002,9.0,65.28795957088002,4.999964482592397,0.28522899159826515,3.6439037510052295,4.900597040864392,0.21829932521193118,0.1960238816345864
65.30795957088002,9.0,65.30795957088002,4.999964482693154,0.28522899160341797,3.643903752975061,4.900597042832234,0.21829932529263196,0.1960238817132606
65.32795957088003,9.0,65.32795957088003,4.999964482793396,0.2852289916081062,3.6439037549409843,4.900597044797382,0.21829932537735086,0.19602388179189686
65.32895957088003,9.0,65.32895957088003,4.999964482798401,0.28522899160766113,3.643903755017836,4.9005970446990315,0.21829932529584628,0.19602388179223887
65.34495957088004,9.0,65.34495957088004,4.999964482878202,0.2852289916125426,3.6439037566302126,4.900597046668518,0.21829932563867338,0.19602388186578243
65.36495957088005,9.0,65.36495957088005,4.999964482977485,0.28522899161676946,3.6439037585634235,4.900597048394774,0.21829932551979558,0.19602388193643105
65.38495957088004,9.0,65.38495957088004,4.999964483076259,0.28522899162106546,3.643903760523078,4.900597050412406,0.21829932563496834,0.19602388201590168
65.40495957088005,9.0,65.40495957088005,4.999964483174533,0.2852289916255784,3.6439037624676747,4.900597052304038,0.21829932569157195,0.19602388209274937
65.42495957088006,9.0,65.42495957088006,4.999964483272299,0.28522899162996757,3.643903764417011,4.900597054288978,0.21829932580146982,0.1960238821715556
65.44495957088006,9.0,65.44495957088006,4.999964483369572,0.28522899163447885,3.643903766355441,4.900597056209125,0.21829932586792422,0.19602388224834463
65.46495957088007,9.0,65.46495957088007,4.999964483466345,0.2852289916390064,3.6439037682926223,4.900597058148058,0.21829932594987156,0.19602388232532075
65.48495957088006,9.0,65.48495957088006,4.999964483562626,0.2852289916437518,3.6439037702242563,4.900597060066347,0.2182993260421715,0.1960238824032597
65.50495957088008,9.0,65.50495957088008,4.999964483658421,0.2852289916481092,3.6439037721553156,4.900597062028658,0.2182993261396815,0.1960238824811502
65.52495957088009,9.0,65.52495957088009,4.9999644837537245,0.28522899165278426,3.643903774076711,4.900597063930134,0.21829932620350334,0.19602388255725828
65.5449595708801,9.0,65.5449595708801,4.999964483848551,0.2852289916568133,3.6439037759974178,4.900597065852598,0.21829932628387727,0.1960238826334614
65.56495957088009,9.0,65.56495957088009,4.999964483942892,0.28522899166130344,3.6439037779111096,4.900597067752907,0.21829932637616611,0.19602388271077353
65.5849595708801,9.0,65.5849595708801,4.999964484036759,0.28522899166535487,3.643903779826371,4.900597069699628,0.21829932647322092,0.19602388278797647
65.5859595708801,9.0,65.5859595708801,4.999964484041447,0.28522899166479554,3.643903779899363,4.90059706958943,0.21829932617578063,0.19602388277925012
65.60195957088011,9.0,65.60195957088011,4.999964484116184,0.28522899166878846,3.6439037814626802,4.900597071450097,0.21829932669472774,0.19602388285803582
65.62195957088011,9.0,65.62195957088011,4.999964484209171,0.285228991673163,3.6439037833486414,4.900597073200741,0.21829932661368634,0.19602388292801215
65.64195957088012,9.0,65.64195957088012,4.999964484301694,0.28522899167763666,3.643903785250736,4.900597075124181,0.21829932670608487,0.19602388300496912
65.66195957088013,9.0,65.66195957088013,4.99996448439375,0.2852289916818634,3.6439037871436004,4.900597076995918,0.2182993267684843,0.19602388307979973
65.68195957088014,9.0,65.68195957088014,4.999964484485348,0.28522899168547233,3.6439037890345842,4.900597078889244,0.21829932685708542,0.19602388315555597
65.70195957088015,9.0,65.70195957088015,4.999964484576487,0.28522899168990196,3.6439037909215357,4.900597080776971,0.2182993269407949,0.19602388323105596
65.72195957088014,9.0,65.72195957088014,4.9999644846671725,0.28522899169384264,3.643903792803229,4.900597082658838,0.21829932702241495,0.19602388330635007
65.74195957088014,9.0,65.74195957088014,4.999964484757402,0.2852289916975431,3.6439037946813237,4.9005970845367814,0.2182993271044218,0.19602388338151447
65.76195957088015,9.0,65.76195957088015,4.999964484847182,0.2852289917019131,3.643903796554663,4.900597086410021,0.21829932718526202,0.19602388345642363
65.78195957088016,9.0,65.78195957088016,4.9999644849365135,0.28522899170596544,3.643903798424306,4.900597088279552,0.21829932726650503,0.19602388353119796
65.80195957088017,9.0,65.80195957088017,4.999964485025403,0.28522899171025756,3.643903800290904,4.900597090146232,0.21829932734798696,0.19602388360584827
65.82195957088017,9.0,65.82195957088017,4.999964485113849,0.2852289917141243,3.6439038021515837,4.900597092006747,0.2182993274283529,0.19602388368029292
65.84195957088018,9.0,65.84195957088018,4.999964485201859,0.28522899171828175,3.643903804009193,4.900597093864457,0.21829932750903147,0.19602388375457047
65.84295957088018,9.0,65.84295957088018,4.9999644852062515,0.2852289917170889,3.6439038040809493,4.900597093760915,0.2182993274274363,0.19602388375470775
65.85895957088019,9.0,65.85895957088019,4.999964485276327,0.2852289917209876,3.643903805605427,4.900597095642325,0.21829932776539707,0.19602388382473748
65.8789595708802,9.0,65.8789595708802,4.999964485363522,0.28522899172513894,3.643903807430735,4.900597097260768,0.2182993276425509,0.19602388389108694
65.8989595708802,9.0,65.8989595708802,4.999964485450292,0.2852289917296371,3.64390380928129,4.900597099169363,0.21829932775222272,0.19602388396616402
65.9189595708802,9.0,65.9189595708802,4.9999644855366405,0.28522899173290284,3.643903811117675,4.900597100952691,0.21829932779741235,0.19602388403810186
65.93895957088021,9.0,65.93895957088021,4.999964485622558,0.2852289917369864,3.6439038129564776,4.900597102813148,0.2182993279016272,0.1960238841124975
65.95895957088021,9.0,65.95895957088021,4.999964485708051,0.2852289917406912,3.6439038147887866,4.900597104644445,0.21829932797813845,0.19602388418576525
65.97895957088022,9.0,65.97895957088022,4.999964485793127,0.2852289917443789,3.64390381661597,4.900597106470816,0.21829932805554542,0.1960238842588273
65.99895957088022,9.0,65.99895957088022,4.999964485877783,0.285228991747949,3.643903818440408,4.900597108295123,0.21829932813525588,0.1960238843318149
66.01895957088023,9.0,66.01895957088023,4.999964485962025,0.2852289917516742,3.643903820260455,4.900597110115152,0.21829932821421405,0.1960238844046024
66.03895957088024,9.0,66.03895957088024,4.999964486045855,0.28522899175539373,3.643903822075217,4.900597111929936,0.21829932829285514,0.19602388447721958
66.05895957088025,9.0,66.05895957088025,4.99996448612927,0.28522899175865435,3.6439038238868573,4.900597113741526,0.21829932837914967,0.1960238845503062
66.07895957088024,9.0,66.07895957088024,4.999964486212284,0.28522899176295463,3.643903825695883,4.900597115564498,0.21829932845737154,0.19602388462257725
66.09895957088025,9.0,66.09895957088025,4.999964486294891,0.28522899176561667,3.643903827497741,4.90059711734906,0.21829932852151357,0.19602388469394347
66.09995957088026,9.0,66.09995957088026,4.999964486299018,0.2852289917652371,3.6439038275668265,4.900597117244325,0.21829932823518394,0.19602388468540546
66.11595957088026,9.0,66.11595957088026,4.999964486364796,0.2852289917693353,3.6439038290440746,4.900597119038277,0.21829932878404623,0.19602388476248667
66.13595957088026,9.0,66.13595957088026,4.999964486446651,0.2852289917725473,3.6439038308229734,4.900597120689834,0.21829932867597268,0.1960238848269919
66.15595957088027,9.0,66.15595957088027,4.999964486528115,0.2852289917755689,3.6439038326135917,4.900597122468458,0.21829932875421587,0.19602388489934006
66.17595957088028,9.0,66.17595957088028,4.999964486609186,0.28522899177917915,3.643903834401014,4.90059712426863,0.21829932883235914,0.1960238849707342
66.19595957088029,9.0,66.19595957088029,4.999964486689864,0.2852289917832206,3.6439038361825125,4.900597126033425,0.21829932889757275,0.19602388504129856
66.2159595708803,9.0,66.2159595708803,4.999964486770148,0.285228991786558,3.6439038379608437,4.900597127814435,0.21829932898149895,0.19602388511260682
66.2359595708803,9.0,66.2359595708803,4.999964486850043,0.2852289917897304,3.6439038397355885,4.900597129589899,0.218299329052011,0.196023885182956
66.25595957088031,9.0,66.25595957088031,4.999964486929556,0.2852289917932011,3.6439038415047325,4.900597131344827,0.21829932912905203,0.19602388525381206
66.2759595708803,9.0,66.2759595708803,4.9999644870086835,0.2852289917967762,3.6439038432721267,4.9005971331296285,0.21829932921912887,0.1960238853251908
66.29595957088031,9.0,66.29595957088031,4.9999644870874285,0.2852289918002559,3.643903845034221,4.900597134889044,0.21829932928949436,0.19602388539554483
66.31595957088032,9.0,66.31595957088032,4.999964487165795,0.28522899180324696,3.643903846791194,4.900597136645259,0.21829932936425456,0.1960238854658129
66.33595957088032,9.0,66.33595957088032,4.999964487243783,0.28522899180683237,3.643903848544387,4.9005971383983695,0.2182993294406086,0.1960238855359495
66.35595957088033,9.0,66.35595957088033,4.999964487321399,0.2852289918101884,3.6439038502933765,4.900597140147334,0.21829932951652697,0.19602388560589873
66.35695957088033,9.0,66.35695957088033,4.999964487325276,0.2852289918095867,3.643903850359923,4.900597140038557,0.21829932943617703,0.19602388560587408
66.37295957088034,9.0,66.37295957088034,4.999964487387087,0.2852289918136815,3.6439038518,4.900597141835851,0.21829932977032218,0.19602388567247722
66.39295957088035,9.0,66.39295957088035,4.999964487464007,0.2852289918166473,3.6439038535164476,4.900597143345337,0.21829932964132048,0.19602388573446672
66.41295957088035,9.0,66.41295957088035,4.999964487540563,0.2852289918196011,3.6439038552601044,4.900597145146912,0.2182993297463609,0.19602388580524044
66.43295957088036,9.0,66.43295957088036,4.999964487616758,0.2852289918224557,3.6439038569887687,4.900597146822623,0.2182993297939575,0.19602388587349243
66.45295957088037,9.0,66.45295957088037,4.999964487692585,0.2852289918256037,3.643903858721404,4.90059714859089,0.21829932988635514,0.1960238859429929
66.47295957088036,9.0,66.47295957088036,4.9999644877680485,0.2852289918292748,3.6439038604436362,4.900597150280817,0.21829932995123924,0.19602388601180465
66.49295957088037,9.0,66.49295957088037,4.999964487843159,0.285228991831922,3.643903862167303,4.900597152037546,0.21829933003727975,0.19602388608090204
66.51295957088038,9.0,66.51295957088038,4.9999644879179055,0.2852289918356508,3.6439038638801455,4.900597153717226,0.21829933009994873,0.19602388614931557
66.5329595708804,9.0,66.5329595708804,4.999964487992299,0.285228991838587,3.64390386559629,4.900597155466412,0.21829933019270564,0.1960238862186378
66.55295957088039,9.0,66.55295957088039,4.999964488066339,0.2852289918419109,3.643903867302996,4.900597157153984,0.2182993302480951,0.19602388628613254
66.5729595708804,9.0,66.5729595708804,4.999964488140027,0.28522899184458184,3.643903869007439,4.900597158860256,0.2182993303270333,0.1960238863544321
66.5929595708804,9.0,66.5929595708804,4.999964488213365,0.28522899184807793,3.6439038707074736,4.900597160560969,0.2182993304012517,0.19602388642240595
66.6129595708804,9.0,66.6129595708804,4.999964488286359,0.2852289918512577,3.643903872403575,4.900597162257028,0.21829933047511885,0.19602388649027908
66.61395957088041,9.0,66.61395957088041,4.999964488290006,0.2852289918505794,3.6439038724678534,4.900597162145861,0.21829933018640446,0.19602388648145275
66.62995957088042,9.0,66.62995957088042,4.999964488348139,0.28522899185411943,3.643903873858551,4.9005971638506445,0.21829933072598484,0.1960238865550195
66.64995957088041,9.0,66.64995957088041,4.999964488420484,0.2852289918568375,3.6439038755317874,4.900597165397241,0.2182993306208587,0.1960238866158751
66.66995957088042,9.0,66.66995957088042,4.999964488492496,0.2852289918595927,3.6439038772158416,4.900597167083668,0.2182993306875547,0.1960238866833826
66.68995957088043,9.0,66.68995957088043,4.999964488564168,0.285228991862458,3.64390387889453,4.900597168743572,0.21829933074698227,0.19602388674971585
66.70995957088044,9.0,66.70995957088044,4.999964488635506,0.28522899186551376,3.6439038805708917,4.900597170423276,0.21829933082050035,0.19602388681631205
66.72995957088045,9.0,66.72995957088045,4.999964488706505,0.28522899186859224,3.6439038822416987,4.900597172080758,0.21829933090143072,0.19602388688381422
66.74995957088045,9.0,66.74995957088045,4.99996448877717,0.28522899187167255,3.643903883912144,4.900597173782781,0.21829933098051457,0.19602388695070225
66.76995957088046,9.0,66.76995957088046,4.999964488847503,0.2852289918743006,3.6439038855727364,4.90059717540908,0.21829933103269283,0.196023887016397
66.78995957088047,9.0,66.78995957088047,4.999964488917506,0.28522899187740147,3.643903887234966,4.900597177090479,0.21829933113039246,0.1960238870842259
66.80995957088047,9.0,66.80995957088047,4.999964488987183,0.28522899187979167,3.6439038888907325,4.90059717875857,0.2182993311900736,0.19602388714975
66.82995957088048,9.0,66.82995957088048,4.9999644890565325,0.2852289918830722,3.6439038905397725,4.900597180375188,0.21829933124623802,0.19602388721499375
66.84995957088047,9.0,66.84995957088047,4.999964489125554,0.28522899188548667,3.6439038921889315,4.90059718204441,0.21829933134496304,0.19602388728238646
66.86995957088048,9.0,66.86995957088048,4.999964489194257,0.2852289918884527,3.6439038938326043,4.900597183700317,0.21829933140404556,0.19602388734740436
66.87095957088049,9.0,66.87095957088049,4.99996448919769,0.28522899188789114,3.6439038938819346,4.900597183470127,0.21829933121790113,0.19602388734309695
66.88695957088049,9.0,66.88695957088049,4.999964489252411,0.2852289918914133,3.643903895255511,4.90059718534899,0.2182993317328985,0.19602388741302013
66.9069595708805,9.0,66.9069595708805,4.999964489320515,0.28522899189403417,3.6439038968591198,4.9005971866974996,0.21829933153086323,0.19602388746854327
66.9269595708805,9.0,66.9269595708805,4.999964489388303,0.2852289918962006,3.6439038984966112,4.900597188381764,0.2182993316175339,0.19602388753460642
66.94695957088051,9.0,66.94695957088051,4.999964489455779,0.28522899189898093,3.6439039001180547,4.900597189950441,0.21829933165366278,0.19602388759799952
66.96695957088052,9.0,66.96695957088052,4.99996448952294,0.2852289919020968,3.6439039017439083,4.900597191598243,0.21829933175016425,0.1960238876639302
66.98695957088052,9.0,66.98695957088052,4.999964489589797,0.2852289919048066,3.6439039033627125,4.90059719321604,0.21829933182479255,0.19602388772929646
67.00695957088053,9.0,67.00695957088053,4.999964489656332,0.2852289919074297,3.6439039049799087,4.900597194846411,0.21829933189296824,0.1960238877938435
67.02695957088054,9.0,67.02695957088054,4.999964489722562,0.2852289919102464,3.643903906589295,4.900597196438569,0.2182993319414135,0.1960238878569367
67.04695957088055,9.0,67.04695957088055,4.99996448978849,0.28522899191294143,3.6439039081960036,4.900597198033745,0.21829933201685714,0.19602388792133232
67.06695957088056,9.0,67.06695957088056,4.999964489854111,0.2852289919156241,3.6439039098008794,4.900597199656637,0.21829933210106978,0.19602388798622575
67.08695957088055,9.0,67.08695957088055,4.999964489919426,0.28522899191825596,3.6439039113994633,4.9005972012525945,0.2182993321642459,0.19602388805008567
67.10695957088055,9.0,67.10695957088055,4.999964489984438,0.2852289919206621,3.643903912994377,4.900597202846718,0.21829933223923703,0.19602388811447022
67.12695957088056,9.0,67.12695957088056,4.9999644900491536,0.2852289919232938,3.6439039145872045,4.900597204453438,0.2182993323013278,0.1960238881775219
67.12795957088056,9.0,67.12795957088056,4.999964490052387,0.28522899192260304,3.643903914633101,4.900597204221476,0.21829933211553776,0.1960238881731296
67.14395957088057,9.0,67.14395957088057,4.999964490103934,0.2852289919255197,3.64390391596447,4.900597206056853,0.2182993326426561,0.19602388824230343
67.16395957088056,9.0,67.16395957088056,4.999964490168089,0.28522899192756257,3.643903917516976,4.900597207369276,0.21829933242507416,0.1960238882948052
67.18395957088057,9.0,67.18395957088057,4.999964490231955,0.28522899192985796,3.6439039190990843,4.900597208966419,0.21829933250309352,0.19602388835866436
67.20395957088058,9.0,67.20395957088058,4.999964490295527,0.28522899193227463,3.643903920672823,4.900597210521252,0.21829933255716627,0.196023888420864
67.2239595708806,9.0,67.2239595708806,4.999964490358809,0.28522899193472306,3.643903922244324,4.9005972120957795,0.21829933263234436,0.19602388848387084
67.2439595708806,9.0,67.2439595708806,4.999964490421802,0.28522899193747253,3.643903923813163,4.90059721366527,0.218299332701422,0.19602388854658703
67.2639595708806,9.0,67.2639595708806,4.999964490484503,0.2852289919399966,3.643903925375793,4.900597215227943,0.21829933276843638,0.19602388860912207
67.28395957088061,9.0,67.28395957088061,4.999964490546917,0.285228991942366,3.6439039269352875,4.900597216787286,0.21829933283550673,0.19602388867147238
67.30395957088062,9.0,67.30395957088062,4.999964490609048,0.2852289919444651,3.643903928490842,4.900597218342866,0.21829933290273607,0.19602388873368398
67.32395957088062,9.0,67.32395957088062,4.999964490670889,0.2852289919470322,3.6439039300427125,4.90059721989468,0.21829933297019632,0.19602388879577418
67.34395957088063,9.0,67.34395957088063,4.999964490732451,0.2852289919499406,3.6439039315896524,4.90059722144155,0.21829933303677285,0.196023888857653
67.36395957088064,9.0,67.36395957088064,4.999964490793735,0.28522899195192214,3.6439039331323326,4.900597222984215,0.21829933310423444,0.19602388891943814
67.38395957088063,9.0,67.38395957088063,4.99996449085473,0.2852289919546749,3.643903934673277,4.900597224524988,0.2182993331705485,0.1960238889809676
67.38495957088064,9.0,67.38495957088064,4.99996449085778,0.2852289919540852,3.6439039347277857,4.90059722440446,0.21829933298548188,0.19602388897618944
67.40095957088064,9.0,67.40095957088064,4.999964490906374,0.2852289919572984,3.643903935997722,4.900597226009544,0.2182993334155836,0.19602388904037274
67.42095957088065,9.0,67.42095957088065,4.999964490966853,0.2852289919591262,3.643903937508296,4.900597227353657,0.21829933328680662,0.19602388909416948
67.44095957088065,9.0,67.44095957088065,4.99996449102706,0.2852289919615704,3.6439039390406864,4.900597228909062,0.21829933336895602,0.19602388915634042
67.46095957088066,9.0,67.46095957088066,4.999964491086995,0.2852289919631642,3.6439039405622187,4.900597230410527,0.2182993334175234,0.19602388921642588
67.48095957088067,9.0,67.48095957088067,4.999964491146665,0.2852289919663661,3.6439039420825727,4.900597231933222,0.21829933348926733,0.19602388927730605
67.50095957088067,9.0,67.50095957088067,4.999964491206057,0.28522899196811435,3.643903943598751,4.900597233450388,0.21829933355702558,0.19602388933803425
67.52095957088068,9.0,67.52095957088068,4.999964491265182,0.2852289919701947,3.6439039451116266,4.900597234963338,0.2182993336220287,0.19602388939850252
67.54095957088069,9.0,67.54095957088069,4.99996449132404,0.28522899197220214,3.643903946619535,4.9005972364709995,0.21829933368658905,0.1960238894588133
67.5609595708807,9.0,67.5609595708807,4.999964491382627,0.28522899197452434,3.643903948124183,4.900597237975646,0.21829933375182353,0.1960238895189994
67.58095957088071,9.0,67.58095957088071,4.999964491440953,0.28522899197693175,3.64390394962424,4.9005972394757675,0.21829933381627376,0.19602388957898575
67.6009595708807,9.0,67.6009595708807,4.999964491499012,0.2852289919793857,3.643903951119769,4.90059724097107,0.2182993338815984,0.19602388963889167
67.62095957088071,9.0,67.62095957088071,4.999964491556812,0.2852289919816757,3.6439039526124763,4.900597242463853,0.2182993339463759,0.19602388969858034
67.64095957088072,9.0,67.64095957088072,4.999964491614349,0.285228991984209,3.643903954101026,4.900597243952437,0.21829933401050194,0.19602388975810192
67.64195957088072,9.0,67.64195957088072,4.999964491617222,0.28522899198334417,3.643903954155069,4.900597243830444,0.21829933382543487,0.19602388975320664
67.65795957088072,9.0,67.65795957088072,4.999964491663055,0.2852289919858528,3.643903955383638,4.900597245395731,0.21829933425374337,0.1960238898157831
67.67795957088072,9.0,67.67795957088072,4.99996449172011,0.2852289919880048,3.6439039568445635,4.900597246689356,0.21829933412276326,0.19602388986758332
67.69795957088073,9.0,67.69795957088073,4.9999644917769075,0.2852289919899173,3.643903958324723,4.900597248192598,0.2182993342020807,0.19602388992769182
67.71795957088074,9.0,67.71795957088074,4.999964491833452,0.2852289919920572,3.6439039597952076,4.900597249643021,0.21829933424888637,0.1960238899857525
67.73795957088075,9.0,67.73795957088075,4.999964491889741,0.28522899199448554,3.643903961265466,4.9005972511158005,0.21829933431933712,0.19602389004466264
67.75795957088076,9.0,67.75795957088076,4.99996449194578,0.28522899199634877,3.643903962731325,4.900597252582434,0.21829933438360172,0.19602389010327456
67.77795957088075,9.0,67.77795957088075,4.999964492001565,0.28522899199880086,3.643903964193811,4.900597254044907,0.21829933444658378,0.19602389016174665
67.79795957088076,9.0,67.79795957088076,4.999964492057099,0.285228992000448,3.643903965650402,4.900597255501463,0.21829933450924432,0.1960238902200692
67.81795957088077,9.0,67.81795957088077,4.999964492112386,0.28522899200262897,3.643903967105202,4.900597256956169,0.21829933457209183,0.19602389027820727
67.83795957088077,9.0,67.83795957088077,4.9999644921674244,0.28522899200510454,3.6439039685550423,4.900597258405911,0.2182993346345623,0.1960238903362065
67.85795957088078,9.0,67.85795957088078,4.999964492222218,0.28522899200658225,3.6439039700011824,4.900597259852121,0.21829933469016272,0.19602389039346801
67.87795957088079,9.0,67.87795957088079,4.99996449227676,0.2852289920084214,3.643903971441967,4.9005972612787385,0.2182993347598874,0.19602389045178598
67.8979595708808,9.0,67.8979595708808,4.999964492331063,0.28522899201060803,3.6439039728830904,4.9005972627512975,0.2182993348360247,0.19602389051007346
67.89895957088079,9.0,67.89895957088079,4.999964492333778,0.2852289920098736,3.6439039729329967,4.9005972626178815,0.21829933453746886,0.19602389050038097
67.9149595708808,9.0,67.9149595708808,4.999964492377037,0.28522899201314544,3.643903974119012,4.900597264101528,0.21829933505365862,0.19602389056496664
67.9349595708808,9.0,67.9349595708808,4.9999644924308875,0.2852289920150601,3.64390397553445,4.900597265396225,0.21829933493885223,0.19602389061521208
67.9549595708808,9.0,67.9549595708808,4.999964492484497,0.2852289920158314,3.6439039769604844,4.900597266811714,0.2182993350027158,0.19602389067309997
67.97495957088081,9.0,67.97495957088081,4.999964492537875,0.2852289920182897,3.643903978385162,4.900597268249163,0.21829933506497223,0.19602389072997514
67.99495957088082,9.0,67.99495957088082,4.999964492591013,0.2852289920201434,3.6439039798040604,4.9005972696511675,0.21829933511415023,0.19602389078603927
68.01495957088082,9.0,68.01495957088082,4.999964492643913,0.28522899202256735,3.643903981219869,4.900597271069779,0.21829933517405076,0.19602389084217528
68.03495957088083,9.0,68.03495957088083,4.9999644926965745,0.285228992024076,3.643903982630531,4.9005972724670155,0.2182993352363347,0.19602389089869682
68.05495957088084,9.0,68.05495957088084,4.999964492749009,0.28522899202597807,3.643903984040749,4.90059727389464,0.21829933531105405,0.19602389095578937
68.07495957088085,9.0,68.07495957088085,4.999964492801206,0.28522899202809565,3.643903985444502,4.9005972752957145,0.21829933536524537,0.19602389101183204
68.09495957088086,9.0,68.09495957088086,4.999964492853171,0.2852289920298752,3.6439039868450305,4.900597276695413,0.21829933543208657,0.1960238910684619
68.11495957088086,9.0,68.11495957088086,4.999964492904906,0.28522899203148616,3.64390398824288,4.90059727810738,0.21829933548499802,0.19602389112368593
68.13495957088087,9.0,68.13495957088087,4.99996449295641,0.28522899203397484,3.643903989632801,4.9005972794657415,0.21829933553161807,0.1960238911786646
68.15495957088088,9.0,68.15495957088088,4.99996449300769,0.2852289920353515,3.643903991024302,4.900597280877263,0.21829933561145598,0.19602389123508357
68.15595957088087,9.0,68.15595957088087,4.999964493010254,0.28522899203461155,3.6439039910722264,4.900597280748861,0.21829933552832603,0.19602389123428532
68.17195957088087,9.0,68.17195957088087,4.999964493051106,0.28522899203744256,3.6439039922246685,4.90059728225593,0.21829933584402772,0.19602389128923225
68.19195957088087,9.0,68.19195957088087,4.999964493101956,0.2852289920396205,3.643903993581981,4.900597283407045,0.2182993357001246,0.19602389133691628
68.21195957088088,9.0,68.21195957088088,4.999964493152587,0.28522899204095553,3.6439039949655645,4.900597284848822,0.2182993357899896,0.19602389139337106
68.23195957088089,9.0,68.23195957088089,4.999964493202997,0.2852289920425885,3.6439039963355206,4.900597286165747,0.21829933581461258,0.1960238914466345
68.2519595708809,9.0,68.2519595708809,4.999964493253184,0.28522899204457663,3.64390399770832,4.9005972875602435,0.21829933589809247,0.19602389150236646
68.27195957088091,9.0,68.27195957088091,4.999964493303151,0.28522899204635876,3.6439039990748143,4.900597288925695,0.21829933595427065,0.1960238915570267
68.2919595708809,9.0,68.2919595708809,4.999964493352896,0.28522899204784263,3.6439040004381305,4.900597290288255,0.21829933601179352,0.19602389161152825
68.31195957088092,9.0,68.31195957088092,4.999964493402422,0.28522899204983027,3.6439040017983833,4.900597291648403,0.21829933607759422,0.19602389166651799
68.33195957088093,9.0,68.33195957088093,4.999964493451727,0.2852289920515495,3.6439040031544976,4.900597293018503,0.21829933612891406,0.19602389172015472
68.35195957088092,9.0,68.35195957088092,4.999964493500819,0.28522899205316066,3.6439040045037077,4.900597294336464,0.2182993361807095,0.19602389177407978
68.37195957088093,9.0,68.37195957088093,4.999964493549694,0.2852289920551003,3.6439040058560814,4.900597295722564,0.21829933625900377,0.19602389182889726
68.39195957088094,9.0,68.39195957088094,4.999964493598353,0.28522899205586083,3.64390400719816,4.900597297045596,0.2182993362981458,0.19602389188183988
68.41195957088095,9.0,68.41195957088095,4.9999644936468,0.28522899205776,3.643904008540033,4.900597298389259,0.21829933635315024,0.196023891934925
68.41295957088094,9.0,68.41295957088094,4.999964493649221,0.28522899205686325,3.6439040085736187,4.900597298151934,0.21829933617591912,0.1960238919304013
68.42895957088095,9.0,68.42895957088095,4.999964493687821,0.285228992060571,3.6439040097061475,4.90059729980192,0.21829933670188417,0.19602389199212014
68.44895957088096,9.0,68.44895957088096,4.999964493735868,0.28522899206119184,3.6439040110088823,4.900597300859624,0.21829933646472366,0.19602389203440707
68.46895957088095,9.0,68.46895957088095,4.999964493783707,0.28522899206287106,3.6439040123423125,4.900597302207343,0.218299336523887,0.19602389208766233
68.48895957088097,9.0,68.48895957088097,4.9999644938313414,0.285228992064587,3.643904013665339,4.900597303497358,0.21829933657455758,0.19602389214052163
68.50895957088098,9.0,68.50895957088098,4.999964493878765,0.28522899206567115,3.6439040149909645,4.9005973048571665,0.21829933665270085,0.196023892194304
68.52895957088097,9.0,68.52895957088097,4.999964493925979,0.2852289920678314,3.6439040163081624,4.900597306155285,0.21829933669107415,0.19602389224620306
68.54895957088098,9.0,68.54895957088098,4.999964493972992,0.2852289920692643,3.643904017623869,4.900597307472886,0.21829933675277324,0.19602389229893477
68.56895957088099,9.0,68.56895957088099,4.999964494019794,0.28522899207138214,3.6439040189365515,4.90059730878616,0.2182993368101358,0.1960238923514008
68.588959570881,9.0,68.588959570881,4.999964494066397,0.2852289920726148,3.6439040202434154,4.900597310093107,0.21829933686641567,0.19602389240374207
68.60895957088101,9.0,68.60895957088101,4.999964494112792,0.2852289920742075,3.643904021547763,4.9005973113973065,0.21829933692266534,0.19602389245590246
68.62895957088101,9.0,68.62895957088101,4.999964494158984,0.28522899207567376,3.6439040228487487,4.900597312698326,0.21829933697861126,0.1960238925079079
68.64895957088102,9.0,68.64895957088102,4.999964494204975,0.2852289920773698,3.6439040241451153,4.900597313994624,0.21829933703469928,0.19602389255980804
68.66895957088103,9.0,68.66895957088103,4.9999644942507695,0.2852289920783425,3.643904025439734,4.900597315289304,0.21829933709039429,0.19602389261151806
68.66995957088102,9.0,68.66995957088102,4.9999644942530574,0.2852289920779546,3.643904025482355,4.900597315156295,0.21829933690524506,0.19602389260627842
68.68595957088102,9.0,68.68595957088102,4.999964494289543,0.2852289920806395,3.643904026554105,4.900597316564136,0.21829933732692286,0.1960238926626113
68.70595957088103,9.0,68.70595957088103,4.999964494334958,0.28522899208169816,3.6439040278209225,4.900597317663818,0.21829933718736738,0.19602389270657708
68.72595957088103,9.0,68.72595957088103,4.999964494380183,0.28522899208306596,3.6439040291070346,4.90059731897326,0.2182993372583062,0.1960238927589256
68.74595957088104,9.0,68.74595957088104,4.999964494425214,0.2852289920848101,3.643904030384045,4.900597320230087,0.21829933729556616,0.19602389280915675
68.76595957088105,9.0,68.76595957088105,4.999964494470047,0.28522899208652414,3.6439040316603233,4.900597321508742,0.21829933735760854,0.19602389286034372
68.78595957088106,9.0,68.78595957088106,4.9999644945146855,0.285228992088479,3.643904032931694,4.900597322781082,0.21829933741397545,0.196023892911261
68.80595957088106,9.0,68.80595957088106,4.999964494559128,0.285228992089561,3.6439040342003044,4.900597324049687,0.21829933746892438,0.1960238929620163
68.82595957088107,9.0,68.82595957088107,4.999964494603382,0.2852289920906973,3.6439040354654693,4.900597325314721,0.2182993375227662,0.19602389301256445
68.84595957088108,9.0,68.84595957088108,4.999964494647438,0.2852289920926191,3.643904036726934,4.9005973265762055,0.21829933757722708,0.19602389306303328
68.86595957088107,9.0,68.86595957088107,4.9999644946913095,0.2852289920940112,3.643904037984413,4.900597327833536,0.21829933763114795,0.19602389311332397
68.88595957088108,9.0,68.88595957088108,4.999964494734987,0.2852289920953638,3.643904039238086,4.900597329087285,0.2182993376853175,0.19602389316348873
68.9059595708811,9.0,68.9059595708811,4.999964494778476,0.2852289920973894,3.643904040489404,4.900597330338514,0.2182993377396203,0.19602389321352945
68.9259595708811,9.0,68.9259595708811,4.99996449482178,0.28522899209796304,3.6439040417349156,4.900597331584042,0.21829933779304733,0.19602389326339492
68.9269595708811,9.0,68.9269595708811,4.999964494823947,0.2852289920975305,3.643904041777092,4.9005973314507045,0.2182993376070872,0.19602389325798483
68.9429595708811,9.0,68.9429595708811,4.999964494858445,0.28522899209998187,3.643904042812129,4.900597332821618,0.2182993380277467,0.19602389331288247
68.96295957088111,9.0,68.96295957088111,4.999964494901395,0.2852289921015371,3.6439040440320762,4.900597333874644,0.21829933787795053,0.19602389335433226
68.98295957088112,9.0,68.98295957088112,4.999964494944163,0.28522899210285324,3.6439040452702605,4.9005973351219065,0.21829933795480327,0.19602389340548057
69.00295957088112,9.0,69.00295957088112,4.999964494986748,0.2852289921041077,3.6439040465047023,4.900597336367693,0.21829933800520562,0.1960238934547007
69.02295957088113,9.0,69.02295957088113,4.999964495029152,0.2852289921048984,3.6439040477319318,4.900597337577461,0.2182993380443512,0.19602389350310442
69.04295957088112,9.0,69.04295957088112,4.999964495071372,0.2852289921068509,3.64390404895848,4.900597338806636,0.2182993381035696,0.19602389355225625
69.06295957088113,9.0,69.06295957088113,4.999964495113405,0.28522899210765207,3.64390405018032,4.900597340029294,0.21829933815772318,0.19602389360120256
69.08295957088114,9.0,69.08295957088114,4.9999644951552655,0.2852289921093602,3.64390405140095,4.9005973412496795,0.21829933820996006,0.1960238936499358
69.10295957088115,9.0,69.10295957088115,4.999964495196939,0.28522899211093206,3.6439040526153805,4.90059734246423,0.21829933826207037,0.19602389369857962
69.12295957088116,9.0,69.12295957088116,4.999964495238437,0.28522899211174013,3.6439040538282184,4.900597343677017,0.21829933831414428,0.19602389374703724
69.14295957088116,9.0,69.14295957088116,4.999964495279752,0.28522899211320163,3.6439040550360313,4.900597344884813,0.21829933836616622,0.19602389379538873
69.16295957088117,9.0,69.16295957088117,4.999964495320894,0.2852289921147033,3.6439040562407086,4.900597346089433,0.21829933841050542,0.19602389384293303
69.18295957088118,9.0,69.18295957088118,4.999964495361854,0.2852289921158329,3.6439040574411155,4.90059734727568,0.2182993384702856,0.19602389389165403
69.18395957088117,9.0,69.18395957088117,4.999964495363905,0.28522899211516606,3.6439040574926125,4.900597347255606,0.21829933828455772,0.19602389388584396
69.19995957088118,9.0,69.19995957088118,4.999964495396544,0.2852289921175742,3.6439040584695372,4.900597348397766,0.2182993386218386,0.19602389393688202
69.21995957088119,9.0,69.21995957088119,4.999964495437176,0.2852289921188854,3.643904059656135,4.900597349506225,0.21829933855572659,0.19602389397956926
69.2399595708812,9.0,69.2399595708812,4.999964495477639,0.28522899211966063,3.643904060847336,4.900597350696865,0.21829933862266993,0.19602389402851297
69.25995957088121,9.0,69.25995957088121,4.99996449551793,0.2852289921208758,3.643904062036681,4.90059735189889,0.21829933866639895,0.19602389407531073
69.2799595708812,9.0,69.2799595708812,4.999964495558046,0.28522899212261854,3.6439040632175974,4.900597353048546,0.21829933871207619,0.19602389412258286
69.29995957088121,9.0,69.29995957088121,4.999964495597994,0.28522899212373154,3.643904064401872,4.900597354267079,0.21829933878350039,0.19602389417071245
69.31995957088121,9.0,69.31995957088121,4.9999644956377685,0.2852289921253205,3.6439040655771016,4.900597355423103,0.21829933881546149,0.1960238942169703
69.33995957088122,9.0,69.33995957088122,4.999964495677371,0.2852289921261999,3.643904066752392,4.900597356600123,0.21829933886283914,0.19602389426335598
69.35995957088123,9.0,69.35995957088123,4.9999644957168075,0.285228992127658,3.643904067921903,4.900597357756192,0.21829933892214548,0.1960238943108802
69.37995957088123,9.0,69.37995957088123,4.999964495756076,0.28522899212863473,3.64390406909147,4.9005973589573255,0.21829933898591358,0.19602389435830067
69.39995957088124,9.0,69.39995957088124,4.999964495795174,0.2852289921295489,3.643904070253069,4.900597360098808,0.2182993390089103,0.19602389440336926
69.41995957088125,9.0,69.41995957088125,4.999964495834103,0.2852289921313063,3.6439040714124054,4.900597361245858,0.21829933906368248,0.1960238944498611
69.43995957088126,9.0,69.43995957088126,4.999964495872869,0.28522899213250874,3.6439040725719765,4.900597362423588,0.21829933912876376,0.19602389449691163
69.44095957088125,9.0,69.44095957088125,4.999964495874808,0.28522899213185937,3.6439040726082563,4.900597362283232,0.21829933904507914,0.1960238944956646
69.45695957088125,9.0,69.45695957088125,4.999964495905695,0.28522899213348135,3.6439040735741366,4.900597363603114,0.21829933936577817,0.19602389454412536
69.47695957088126,9.0,69.47695957088126,4.999964495944153,0.2852289921348487,3.643904074701024,4.900597364538596,0.2182993391976198,0.1960238945815658
69.49695957088127,9.0,69.49695957088127,4.999964495982448,0.2852289921356593,3.6439040758523995,4.900597365716143,0.2182993392632544,0.1960238946279899
69.51695957088128,9.0,69.51695957088128,4.99996449602058,0.285228992137006,3.6439040769924396,4.900597366823246,0.2182993392977517,0.19602389467293563
69.53695957088128,9.0,69.53695957088128,4.999964496058546,0.28522899213741254,3.6439040781344576,4.900597367985048,0.21829933936747548,0.19602389471944423
69.55695957088128,9.0,69.55695957088128,4.9999644960963545,0.28522899213897557,3.643904079271536,4.900597369120321,0.21829933941200608,0.1960238947648456
69.57695957088129,9.0,69.57695957088129,4.999964496134004,0.2852289921410593,3.6439040804054073,4.900597370253453,0.21829933945909819,0.19602389481014013
69.5969595708813,9.0,69.5969595708813,4.999964496171491,0.28522899214183933,3.643904081535654,4.900597371383658,0.2182993395075421,0.1960238948553421
69.6169595708813,9.0,69.6169595708813,4.999964496208819,0.2852289921428491,3.6439040826631874,4.900597372511191,0.21829933955613567,0.19602389490041866
69.63695957088132,9.0,69.63695957088132,4.999964496245988,0.28522899214440933,3.6439040837863605,4.900597373634411,0.21829933961165526,0.19602389494597788
69.65695957088131,9.0,69.65695957088131,4.999964496282999,0.2852289921454642,3.643904084908988,4.900597374770889,0.21829933965302306,0.19602389499020093
69.67695957088132,9.0,69.67695957088132,4.999964496319852,0.2852289921463793,3.643904086021337,4.900597375852084,0.21829933968665483,0.19602389503410056
69.69695957088133,9.0,69.69695957088133,4.9999644963565535,0.2852289921479896,3.6439040871378703,4.9005973769882685,0.21829933975480387,0.19602389507950968
69.69795957088132,9.0,69.69795957088132,4.9999644963583885,0.2852289921471892,3.643904087171912,4.900597376846047,0.21829933956708114,0.19602389507382317
69.71395957088133,9.0,69.71395957088133,4.999964496387628,0.2852289921490414,3.643904088101576,4.900597378108597,0.21829933999154738,0.19602389512527563
69.73395957088134,9.0,69.73395957088134,4.999964496424032,0.28522899215010394,3.6439040891894643,4.900597379045227,0.21829933983817273,0.19602389516182148
69.75395957088135,9.0,69.75395957088135,4.999964496460291,0.2852289921504679,3.643904090294118,4.900597380155464,0.21829933988007344,0.19602389520563923
69.77395957088136,9.0,69.77395957088136,4.999964496496389,0.28522899215105346,3.643904091391731,4.9005973812213846,0.21829933991620587,0.19602389524885444
69.79395957088136,9.0,69.79395957088136,4.999964496532341,0.2852289921526144,3.643904092492635,4.90059738234291,0.2182993399855362,0.1960238952936753
69.81395957088137,9.0,69.81395957088137,4.999964496568138,0.285228992152974,3.6439040935859586,4.900597383434527,0.2182993400345996,0.19602389533795372
69.83395957088136,9.0,69.83395957088136,4.999964496603786,0.28522899215471587,3.6439040946782706,4.90059738453998,0.2182993400805997,0.19602389538160447
69.85395957088137,9.0,69.85395957088137,4.99996449663928,0.2852289921556341,3.6439040957650977,4.900597385609494,0.21829934011335972,0.1960238954243461
69.87395957088138,9.0,69.87395957088138,4.999964496674624,0.2852289921564035,3.6439040968496688,4.900597386696611,0.218299340165792,0.19602389546783625
69.89395957088138,9.0,69.89395957088138,4.999964496709822,0.28522899215791386,3.6439040979295028,4.900597387777242,0.21829934021379005,0.1960238955111327
69.91395957088139,9.0,69.91395957088139,4.999964496744868,0.28522899215844033,3.643904099007382,4.900597388854982,0.21829934026020226,0.19602389555422886
69.9339595708814,9.0,69.9339595708814,4.999964496779765,0.28522899215979125,3.6439041000830583,4.900597389930611,0.21829934030692266,0.19602389559725222
69.95395957088141,9.0,69.95395957088141,4.999964496814516,0.28522899216078673,3.6439041011544604,4.900597391002046,0.21829934035201548,0.19602389564005254
69.9549595708814,9.0,69.9549595708814,4.999964496816259,0.28522899216000447,3.6439041011866466,4.900597390859033,0.21829934006252305,0.19602389563001638
69.9709595708814,9.0,69.9709595708814,4.999964496843951,0.28522899216275577,3.6439041020795524,4.900597392065611,0.21829934058063438,0.19602389568363723
69.99095957088142,9.0,69.99095957088142,4.999964496878425,0.2852289921629645,3.643904103129285,4.900597392988947,0.21829934044012544,0.19602389571892243
70.01095957088143,9.0,70.01095957088143,4.9999644969127575,0.28522899216342645,3.64390410419104,4.900597394039009,0.21829934048687338,0.19602389576215654
70.03095957088144,9.0,70.03095957088144,4.99996449694695,0.28522899216509745,3.6439041052504546,4.900597395111157,0.2182993405331599,0.19602389580444027
70.05095957088143,9.0,70.05095957088143,4.999964496981,0.28522899216550585,3.6439041063044018,4.900597396148412,0.2182993405668343,0.19602389584595117
70.07095957088144,9.0,70.07095957088144,4.999964497014901,0.2852289921667321,3.6439041073567777,4.900597397203507,0.2182993406186462,0.19602389588817942
70.09095957088145,9.0,70.09095957088145,4.99996449704866,0.28522899216747954,3.6439041084067316,4.900597398254186,0.21829934066490786,0.19602389593016345
70.11095957088145,9.0,70.11095957088145,4.9999644970822805,0.2852289921685269,3.643904109452584,4.900597399299976,0.21829934070960277,0.19602389597201517
70.13095957088146,9.0,70.13095957088146,4.999964497115757,0.2852289921696336,3.6439041104960874,4.900597400343393,0.21829934075420754,0.19602389601372278
70.15095957088147,9.0,70.15095957088147,4.999964497149092,0.28522899217075653,3.6439041115352935,4.900597401382657,0.21829934079912983,0.1960238960553473
70.17095957088146,9.0,70.17095957088146,4.99996449718229,0.28522899217167985,3.643904112572364,4.900597402419654,0.21829934083619085,0.1960238960961658
70.19095957088147,9.0,70.19095957088147,4.99996449721535,0.2852289921722981,3.643904113603416,4.900597403436603,0.21829934088054825,0.19602389613750199
70.21095957088149,9.0,70.21095957088149,4.999964497248266,0.285228992173398,3.6439041146361637,4.900597404486655,0.21829934094628012,0.19602389618007113
70.21195957088149,9.0,70.21195957088149,4.9999644972499135,0.28522899217323294,3.643904114677629,4.900597404447587,0.2182993408544025,0.19602389617791666
70.22795957088148,9.0,70.22795957088148,4.999964497276144,0.2852289921742916,3.6439041155199487,4.900597405462523,0.21829934105552562,0.1960238962175656
70.24795957088149,9.0,70.24795957088149,4.999964497308802,0.2852289921758586,3.643904116530321,4.900597406344815,0.2182993409949261,0.19602389625442762
70.2679595708815,9.0,70.2679595708815,4.9999644973413275,0.28522899217659364,3.643904117557656,4.900597407439438,0.21829934107647508,0.19602389629699965
70.28795957088151,9.0,70.28795957088151,4.999964497373719,0.28522899217728775,3.643904118571123,4.900597408398695,0.218299341082131,0.1960238963359544
70.30795957088151,9.0,70.30795957088151,4.999964497405973,0.2852289921783428,3.6439041195892923,4.900597409438119,0.21829934114954463,0.1960238963774726
70.32795957088152,9.0,70.32795957088152,4.999964497438093,0.2852289921790421,3.6439041205999834,4.900597410447829,0.21829934119680638,0.19602389641851425
70.34795957088153,9.0,70.34795957088153,4.999964497470079,0.2852289921799081,3.643904121609942,4.900597411470979,0.21829934123216077,0.19602389645825644
70.36795957088154,9.0,70.36795957088154,4.999964497501928,0.28522899218039965,3.6439041226137263,4.900597412443458,0.2182993412617864,0.19602389649774787
70.38795957088153,9.0,70.38795957088153,4.999964497533643,0.28522899218152764,3.6439041236182224,4.900597413467782,0.21829934132422224,0.19602389653869687
70.40795957088153,9.0,70.40795957088153,4.999964497565228,0.28522899218228664,3.6439041246163555,4.900597414464131,0.21829934136243656,0.19602389657859348
70.42795957088154,9.0,70.42795957088154,4.999964497596683,0.28522899218361236,3.643904125613988,4.900597415460875,0.2182993414041401,0.19602389661841182
70.44795957088155,9.0,70.44795957088155,4.999964497628004,0.2852289921844914,3.643904126606864,4.900597416453771,0.21829934145390428,0.1960238966587601
70.46795957088156,9.0,70.46795957088156,4.999964497659192,0.2852289921850667,3.643904127598525,4.900597417459436,0.21829934148919605,0.19602389669774273
70.46895957088157,9.0,70.46895957088157,4.999964497660756,0.28522899218441433,3.6439041276147663,4.900597417197712,0.21829934130295303,0.19602389669219558
70.48495957088156,9.0,70.48495957088156,4.999964497685611,0.2852289921865873,3.6439041284661564,4.900597418553325,0.21829934179469657,0.19602389674122855
70.50495957088157,9.0,70.50495957088157,4.999964497716557,0.28522899218738973,3.643904129418585,4.9005974192509525,0.21829934156482356,0.19602389677071977
70.52495957088158,9.0,70.52495957088158,4.999964497747375,0.285228992187875,3.6439041304062365,4.900597420285514,0.21829934163067355,0.19602389681141216
70.54495957088159,9.0,70.54495957088159,4.999964497778067,0.28522899218874387,3.643904131381165,4.9005974212216845,0.2182993416383301,0.19602389684884572
70.56495957088158,9.0,70.56495957088158,4.99996449780863,0.2852289921901221,3.643904132356665,4.90059742220189,0.21829934169136012,0.19602389688803823
70.5849595708816,9.0,70.5849595708816,4.999964497839069,0.2852289921907175,3.6439041333293245,4.900597423176157,0.21829934173678378,0.19602389692705632
70.6049595708816,9.0,70.6049595708816,4.999964497869379,0.28522899219139775,3.643904134298594,4.900597424145392,0.21829934177769061,0.19602389696578923
70.62495957088161,9.0,70.62495957088161,4.999964497899563,0.2852289921916322,3.643904135265054,4.900597425111798,0.21829934181926314,0.19602389700446876
70.64495957088161,9.0,70.64495957088161,4.999964497929621,0.285228992192792,3.6439041362276976,4.900597426074375,0.21829934186040356,0.19602389704299192
70.66495957088162,9.0,70.66495957088162,4.999964497959552,0.2852289921937025,3.643904137187748,4.900597427034429,0.2182993419018633,0.1960238970814031
70.68495957088162,9.0,70.68495957088162,4.99996449798936,0.28522899219422543,3.643904138146426,4.900597427993034,0.2182993419434629,0.19602389711972057
70.70495957088163,9.0,70.70495957088163,4.999964498019042,0.2852289921953347,3.6439041391007216,4.900597428947391,0.21829934198404244,0.1960238971578888
70.72495957088164,9.0,70.72495957088164,4.999964498048609,0.2852289921966443,3.6439041400521925,4.9005974298988155,0.2182993420252104,0.19602389719597849
70.72595957088164,9.0,70.72595957088164,4.999964498050089,0.28522899219548326,3.643904140078603,4.90059742974993,0.2182993418388639,0.19602389718999444
70.74195957088163,9.0,70.74195957088163,4.999964498073641,0.285228992197613,3.6439041408775084,4.900597430884365,0.218299342248375,0.1960238972354064
70.76195957088164,9.0,70.76195957088164,4.999964498102971,0.28522899219799963,3.643904141802817,4.900597431642919,0.2182993420940793,0.1960238972657509
70.78195957088165,9.0,70.78195957088165,4.999964498132185,0.28522899219845516,3.6439041427491654,4.900597432612454,0.21829934215027302,0.19602389730448658
70.80195957088166,9.0,70.80195957088166,4.999964498161271,0.28522899219935105,3.64390414368681,4.900597433530058,0.21829934217333147,0.1960238973411884
70.82195957088166,9.0,70.82195957088166,4.999964498190242,0.28522899220064085,3.6439041446239093,4.900597434469554,0.21829934222016245,0.19602389737879208
70.84195957088167,9.0,70.84195957088167,4.999964498219093,0.2852289922004088,3.6439041455582655,4.900597435404667,0.21829934226182068,0.19602389741617823
70.86195957088168,9.0,70.86195957088168,4.999964498247821,0.2852289922013776,3.6439041464901476,4.900597436336722,0.21829934230184334,0.19602389745343796
70.88195957088169,9.0,70.88195957088169,4.999964498276432,0.2852289922023885,3.6439041474180196,4.900597437264379,0.21829934234111548,0.1960238974905553
70.90195957088169,9.0,70.90195957088169,4.999964498304922,0.28522899220313636,3.6439041483437427,4.900597438190221,0.2182993423816435,0.1960238975276318
70.9219595708817,9.0,70.9219595708817,4.999964498333298,0.2852289922039886,3.643904149265359,4.900597439111718,0.2182993424207349,0.19602389756449437
70.94195957088169,9.0,70.94195957088169,4.999964498361555,0.2852289922048277,3.6439041501847633,4.900597440031248,0.2182993424604147,0.1960238976012674
70.9619595708817,9.0,70.9619595708817,4.999964498389694,0.28522899220528636,3.6439041511017587,4.900597440948038,0.21829934249958072,0.19602389763790629
70.98195957088171,9.0,70.98195957088171,4.9999644984177145,0.2852289922059619,3.64390415201556,4.9005974418620335,0.21829934253914418,0.1960238976744848
70.98295957088172,9.0,70.98295957088172,4.999964498419119,0.2852289922052417,3.6439041520405246,4.90059744171154,0.2182993423524886,0.19602389766842776
70.99895957088171,9.0,70.99895957088171,4.999964498441455,0.2852289922068924,3.6439041528101708,4.900597442816755,0.2182993427607789,0.19602389771264442
71.01895957088172,9.0,71.01895957088172,4.999964498469254,0.2852289922072053,3.6439041536973944,4.900597443537238,0.21829934260438355,0.1960238977414718
71.03895957088173,9.0,71.03895957088173,4.999964498496947,0.2852289922082618,3.6439041546055995,4.90059744446858,0.21829934265951234,0.19602389777875073
71.05895957088174,9.0,71.05895957088174,4.9999644985245295,0.2852289922090863,3.643904155506102,4.900597445348963,0.21829934268104445,0.196023897813941
71.07895957088174,9.0,71.07895957088174,4.999964498551993,0.2852289922096062,3.64390415640695,4.9005974462524335,0.21829934272647478,0.19602389785006732
71.09895957088175,9.0,71.09895957088175,4.999964498579343,0.28522899221071263,3.643904157303083,4.900597447149379,0.21829934276615282,0.1960238978859694
71.11895957088176,9.0,71.11895957088176,4.999964498606581,0.2852289922110056,3.643904158197846,4.900597448043937,0.21829934280467755,0.19602389792173916
71.13895957088177,9.0,71.13895957088177,4.999964498633707,0.2852289922117012,3.643904159088471,4.90059744893463,0.21829934284261032,0.19602389795738062
71.15895957088176,9.0,71.15895957088176,4.99996449866072,0.2852289922126112,3.6439041599774455,4.9005974498235885,0.2182993428809712,0.1960238979929283
71.17895957088177,9.0,71.17895957088177,4.999964498687626,0.2852289922135168,3.6439041608620903,4.9005974507082275,0.21829934291870856,0.19602389802833903
71.19895957088178,9.0,71.19895957088178,4.999964498714416,0.2852289922136285,3.643904161745447,4.9005974515916035,0.2182993429567155,0.19602389806363565
71.21895957088178,9.0,71.21895957088178,4.999964498741098,0.2852289922148799,3.6439041626245396,4.900597452470509,0.2182993429946989,0.19602389809885906
71.23895957088179,9.0,71.23895957088179,4.9999644987676675,0.2852289922153057,3.6439041635020857,4.9005974533481345,0.21829934303253795,0.19602389813393456
71.2399595708818,9.0,71.2399595708818,4.9999644987690015,0.28522899221455705,3.643904163525584,4.90059745319619,0.21829934284589925,0.19602389812780543
71.25595957088179,9.0,71.25595957088179,4.999964498790175,0.285228992215862,3.643904164265477,4.9005974542718596,0.21829934325320766,0.19602389817088614
71.2759595708818,9.0,71.2759595708818,4.999964498816532,0.28522899221662,3.643904165116728,4.90059745495627,0.2182993430950413,0.19602389819824428
71.2959595708818,9.0,71.2959595708818,4.999964498842796,0.2852289922176216,3.643904165988415,4.900597455851103,0.2182993431483351,0.19602389823405295
71.31595957088182,9.0,71.31595957088182,4.999964498868947,0.2852289922180831,3.643904166852182,4.900597456694807,0.21829934316827115,0.19602389826778763
71.33595957088181,9.0,71.33595957088181,4.999964498894989,0.2852289922188515,3.643904167716144,4.900597457561196,0.21829934321238476,0.1960238983024752
71.35595957088182,9.0,71.35595957088182,4.999964498920927,0.2852289922188317,3.643904168578719,4.9005974584247305,0.21829934325090017,0.19602389833693853
71.37595957088183,9.0,71.37595957088183,4.999964498946757,0.285228992220062,3.643904169436157,4.900597459282106,0.21829934328737144,0.19602389837129192
71.39595957088184,9.0,71.39595957088184,4.999964498972481,0.2852289922208978,3.643904170291511,4.900597460137394,0.21829934332410295,0.19602389840551723
71.41595957088184,9.0,71.41595957088184,4.9999644989980965,0.28522899222137865,3.6439041711437916,4.9005974609896565,0.21829934336042633,0.1960238984395983
71.43595957088185,9.0,71.43595957088185,4.999964499023611,0.28522899222202264,3.6439041719940537,4.900597461839833,0.21829934339694512,0.19602389847358542
71.45595957088186,9.0,71.45595957088186,4.999964499049018,0.28522899222272985,3.6439041728403803,4.9005974626862585,0.21829934343305535,0.19602389850745383
71.47595957088187,9.0,71.47595957088187,4.999964499074323,0.2852289922234305,3.6439041736846605,4.900597463530446,0.21829934347000002,0.19602389854127136
71.49595957088187,9.0,71.49595957088187,4.999964499099519,0.28522899222398673,3.643904174527076,4.900597464372808,0.2182993435059135,0.19602389857490843
71.49695957088187,9.0,71.49695957088187,4.999964499100785,0.2852289922231749,3.643904174548456,4.900597464218846,0.2182993433186171,0.19602389856869148
71.51295957088186,9.0,71.51295957088186,4.9999644991208685,0.28522899222469267,3.643904175259548,4.90059746526568,0.21829934372456927,0.19602389861061464
71.53295957088187,9.0,71.53295957088187,4.999964499145867,0.2852289922255887,3.6439041760761337,4.900597465915405,0.21829934356566127,0.19602389863660116
71.55295957088188,9.0,71.55295957088188,4.999964499170774,0.2852289922252161,3.6439041769130522,4.9005974667754595,0.21829934361720182,0.19602389867099257
71.57295957088189,9.0,71.57295957088189,4.999964499195574,0.2852289922262352,3.6439041777422454,4.900597467584641,0.21829934363591796,0.1960238987033643
71.59295957088189,9.0,71.59295957088189,4.999964499220277,0.2852289922264905,3.643904178571384,4.9005974684162235,0.2182993436780727,0.1960238987366347
71.6129595708819,9.0,71.6129595708819,4.999964499244877,0.2852289922276048,3.6439041793970173,4.900597469242632,0.2182993437147882,0.19602389876968804
71.63295957088191,9.0,71.63295957088191,4.999964499269376,0.28522899222730264,3.6439041802195167,4.900597470065142,0.21829934374980953,0.19602389880259416
71.65295957088192,9.0,71.65295957088192,4.999964499293774,0.28522899222782333,3.643904181041058,4.900597470886747,0.21829934378542504,0.1960238988354416
71.67295957088191,9.0,71.67295957088191,4.999964499318075,0.2852289922281237,3.6439041818580438,4.900597471703622,0.2182993438201608,0.1960238988681549
71.69295957088192,9.0,71.69295957088192,4.999964499342272,0.28522899222906656,3.643904182674249,4.900597472519727,0.21829934385553562,0.19602389890077937
71.71295957088194,9.0,71.71295957088194,4.99996449936637,0.28522899223017323,3.6439041834861325,4.900597473331729,0.2182993438903713,0.19602389893329653
71.73295957088195,9.0,71.73295957088195,4.999964499390378,0.2852289922302449,3.643904184295525,4.900597474140999,0.2182993439248464,0.19602389896566036
71.75295957088194,9.0,71.75295957088194,4.99996449941428,0.28522899223082054,3.6439041851033895,4.900597474948831,0.21829934395995387,0.19602389899796918
71.75395957088195,9.0,71.75395957088195,4.999964499415478,0.28522899223019044,3.6439041851235667,4.900597474793036,0.21829934366978598,0.19602389898737824
71.76995957088194,9.0,71.76995957088194,4.999964499434528,0.2852289922330662,3.6439041858059436,4.900597475790497,0.21829934417853414,0.19602389903257464
71.78995957088195,9.0,71.78995957088195,4.999964499458244,0.2852289922322959,3.643904186591584,4.90059747644927,0.2182993440260792,0.1960238990573468
71.80995957088196,9.0,71.80995957088196,4.9999644994818695,0.28522899223273246,3.6439041873904907,4.900597477236243,0.21829934406150997,0.1960238990900676
71.82995957088197,9.0,71.82995957088197,4.999964499505399,0.2852289922333313,3.6439041881894423,4.900597478048227,0.2182993440973382,0.19602389912192444
71.84995957088196,9.0,71.84995957088196,4.99996449952883,0.2852289922336465,3.643904188982517,4.9005974788245,0.21829934411923313,0.1960238991529852
71.86995957088197,9.0,71.86995957088197,4.999964499552168,0.28522899223459713,3.643904189775117,4.900597479619711,0.21829934415914742,0.19602389918475907
71.88995957088198,9.0,71.88995957088198,4.999964499575409,0.2852289922354516,3.6439041905638923,4.900597480409412,0.21829934419427488,0.19602389921637994
71.909959570882,9.0,71.909959570882,4.999964499598556,0.2852289922352592,3.6439041913519166,4.900597481197294,0.2182993442283836,0.19602389924789143
71.92995957088199,9.0,71.92995957088199,4.999964499621607,0.2852289922359543,3.643904192135439,4.900597481980725,0.21829934426106146,0.1960238992792205
71.949959570882,9.0,71.949959570882,4.999964499644566,0.28522899223667697,3.6439041929180385,4.90059748276334,0.21829934429525055,0.19602389931053524
71.96995957088201,9.0,71.96995957088201,4.999964499667432,0.285228992237191,3.643904193697021,4.900597483542324,0.21829934432829345,0.19602389934168885
71.98995957088202,9.0,71.98995957088202,4.9999644996902,0.2852289922375749,3.6439041944731656,4.900597484318495,0.21829934436124843,0.196023899372724
72.00995957088202,9.0,72.00995957088202,4.999964499712878,0.2852289922384895,3.643904195247716,4.900597485093019,0.2182993443948309,0.19602389940370535
72.01095957088202,9.0,72.01095957088202,4.999964499714015,0.28522899223775994,3.64390419526565,4.90059748493506,0.21829934410388052,0.1960238993930342
72.02695957088201,9.0,72.02695957088201,4.99996449973209,0.2852289922393276,3.6439041959209226,4.900597485905076,0.218299344612777,0.19602389943721454
72.04695957088202,9.0,72.04695957088202,4.999964499754588,0.28522899223942155,3.643904196674686,4.900597486532125,0.21829934445874288,0.19602389946062418
72.06695957088203,9.0,72.06695957088203,4.999964499777003,0.28522899223963455,3.6439041974405457,4.900597487286041,0.21829934449256072,0.19602389949203658
72.08695957088204,9.0,72.08695957088204,4.999964499799326,0.2852289922403169,3.6439041982062172,4.900597488064653,0.21829934452715527,0.1960238995226037
72.10695957088204,9.0,72.10695957088204,4.9999644998215595,0.2852289922408723,3.6439041989661893,4.900597488807933,0.21829934454749012,0.19602389955232943
72.12695957088205,9.0,72.12695957088205,4.999964499843703,0.28522899224135856,3.643904199726931,4.9005974895713855,0.21829934458639366,0.19602389958281916
72.14695957088206,9.0,72.14695957088206,4.9999644998657535,0.28522899224185894,3.6439042004832327,4.9005974903284555,0.21829934462003253,0.19602389961315198
72.16695957088207,9.0,72.16695957088207,4.9999644998877155,0.285228992242286,3.6439042012377687,4.90059749108293,0.2182993446520518,0.19602389964331232
72.18695957088207,9.0,72.18695957088207,4.999964499909589,0.2852289922434374,3.64390420198967,4.9005974918347714,0.21829934468425272,0.19602389967339892
72.20695957088208,9.0,72.20695957088208,4.999964499931372,0.2852289922433286,3.643904202738198,4.900597492583279,0.2182993447161321,0.1960238997033577
72.22695957088209,9.0,72.22695957088209,4.999964499953071,0.2852289922440813,3.643904203486191,4.900597493331159,0.21829934474858437,0.1960238997332463
72.2469595708821,9.0,72.2469595708821,4.999964499974674,0.285228992244217,3.643904204230534,4.90059749407553,0.21829934478012625,0.19602389976301018
72.2669595708821,9.0,72.2669595708821,4.999964499996196,0.2852289922448387,3.6439042049730426,4.900597494818086,0.2182993448120838,0.19602389979270626
72.2679595708821,9.0,72.2679595708821,4.999964499997274,0.28522899224422926,3.6439042049883135,4.9005974946581885,0.21829934452212996,0.1960238997820168
72.28395957088209,9.0,72.28395957088209,4.999964500014423,0.28522899224586507,3.6439042056191373,4.900597495602521,0.21829934501405335,0.1960238998241256
72.3039595708821,9.0,72.3039595708821,4.999964500035774,0.2852289922459255,3.6439042063382834,4.900597496180749,0.21829934487349112,0.19602389984725707
72.32395957088211,9.0,72.32395957088211,4.999964500057046,0.2852289922464265,3.6439042070769885,4.900597496939693,0.2182993449206645,0.19602389987818178
72.34395957088212,9.0,72.34395957088212,4.999964500078229,0.2852289922474398,3.6439042078079065,4.900597497663564,0.21829934493276104,0.1960238999065563
72.36395957088212,9.0,72.36395957088212,4.9999645000993285,0.28522899224724396,3.643904208536769,4.900597498377433,0.21829934495675118,0.19602389993511188
72.38395957088213,9.0,72.38395957088213,4.999964500120338,0.2852289922479809,3.643904209265299,4.900597499109436,0.2182993449955375,0.19602389996435393
72.40395957088214,9.0,72.40395957088214,4.999964500141265,0.2852289922482109,3.643904209990249,4.90059749983518,0.21829934502060677,0.196023899992801
72.42395957088215,9.0,72.42395957088215,4.999964500162109,0.2852289922493081,3.643904210712984,4.900597500543732,0.2182993450590902,0.1960239000223733
72.44395957088214,9.0,72.44395957088214,4.999964500182868,0.28522899224925913,3.643904211436187,4.900597501298477,0.21829934509585458,0.19602390005131176
72.46395957088215,9.0,72.46395957088215,4.999964500203537,0.2852289922498487,3.64390421215147,4.90059750197956,0.2182993451065749,0.19602390007916426
72.48395957088216,9.0,72.48395957088216,4.999964500224126,0.28522899225038606,3.643904212868424,4.9005975027157636,0.21829934516340277,0.19602390010927004
72.50395957088217,9.0,72.50395957088217,4.9999645002446345,0.28522899225049286,3.643904213583183,4.900597503442788,0.21829934518238314,0.19602390013710674
72.52395957088217,9.0,72.52395957088217,4.999964500265055,0.2852289922512808,3.6439042142918785,4.900597504119181,0.21829934519776728,0.19602390016477242
72.52495957088217,9.0,72.52495957088217,4.99996450026608,0.28522899225044823,3.6439042143077214,4.900597503967713,0.2182993450212951,0.1960239001587037
72.54095957088218,9.0,72.54095957088218,4.999964500282361,0.28522899225212234,3.6439042149152705,4.900597504927121,0.2182993454497275,0.1960239001980714
72.56095957088218,9.0,72.56095957088218,4.99996450030262,0.2852289922521897,3.6439042156028223,4.900597505456711,0.2182993452618942,0.19602390021762855
72.58095957088219,9.0,72.58095957088219,4.999964500322805,0.2852289922527699,3.6439042163066797,4.900597506150639,0.21829934529244133,0.19602390024601338
72.6009595708822,9.0,72.6009595708822,4.999964500342912,0.285228992253485,3.6439042170089944,4.900597506852889,0.21829934532637507,0.1960239002741102
72.62095957088219,9.0,72.62095957088219,4.999964500362938,0.285228992253436,3.6439042177083936,4.900597507552962,0.21829934535851558,0.19602390030215333
72.6409595708822,9.0,72.6409595708822,4.999964500382879,0.28522899225344067,3.6439042184068704,4.900597508251513,0.21829934539624274,0.1960239003306909
72.66095957088221,9.0,72.66095957088221,4.999964500402742,0.28522899225352333,3.6439042191032147,4.9005975089620195,0.21829934541794183,0.19602390035784514
72.68095957088222,9.0,72.68095957088222,4.999964500422525,0.28522899225444187,3.643904219792096,4.900597509619319,0.21829934543327667,0.19602390038478246
72.70095957088222,9.0,72.70095957088222,4.999964500442226,0.28522899225509146,3.6439042204848886,4.900597510332089,0.2182993454904798,0.19602390041389567
72.72095957088223,9.0,72.72095957088223,4.999964500461847,0.28522899225561016,3.643904221173953,4.900597511033435,0.21829934550760077,0.19602390044069354
72.74095957088224,9.0,72.74095957088224,4.999964500481391,0.2852289922561991,3.6439042218565425,4.900597511683647,0.21829934552151276,0.19602390046733018
72.76095957088225,9.0,72.76095957088225,4.999964500500855,0.2852289922562956,3.6439042225425475,4.9005975123895915,0.2182993455712694,0.19602390049557394
72.78095957088225,9.0,72.78095957088225,4.999964500520237,0.2852289922572077,3.643904223223312,4.900597513068606,0.21829934559565656,0.19602390052273524
72.78195957088225,9.0,72.78195957088225,4.9999645005212106,0.2852289922563484,3.6439042232364827,4.900597512906041,0.2182993454079103,0.19602390051619936
72.79795957088226,9.0,72.79795957088226,4.999964500536664,0.28522899225739284,3.6439042238198946,4.900597513824367,0.21829934580742627,0.19602390055296703
72.81795957088227,9.0,72.81795957088227,4.999964500555897,0.2852289922579104,3.6439042244761226,4.900597514314037,0.21829934564169973,0.19602390057256372
72.83795957088226,9.0,72.83795957088226,4.99996450057506,0.28522899225804343,3.643904225153586,4.900597515014699,0.21829934568670684,0.19602390060059757
72.85795957088227,9.0,72.85795957088227,4.999964500594142,0.2852289922584361,3.6439042258237975,4.900597515664933,0.21829934569883225,0.19602390062662975
72.87795957088227,9.0,72.87795957088227,4.99996450061315,0.28522899225886256,3.6439042264943104,4.900597516337887,0.21829934573364884,0.19602390065351694
72.89795957088228,9.0,72.89795957088228,4.999964500632079,0.2852289922591684,3.6439042271628534,4.900597517007278,0.21829934576396193,0.19602390068027975
72.91795957088229,9.0,72.91795957088229,4.999964500650935,0.285228992260114,3.643904227828945,4.900597517673401,0.21829934579213095,0.1960239007069045
72.9379595708823,9.0,72.9379595708823,4.999964500669715,0.28522899226042975,3.643904228491865,4.900597518336226,0.2182993458203586,0.19602390073345674
72.9579595708823,9.0,72.9579595708823,4.999964500688417,0.2852289922609331,3.6439042291532004,4.900597518997501,0.2182993458487701,0.19602390075990556
72.9779595708823,9.0,72.9779595708823,4.999964500707043,0.285228992261268,3.643904229811733,4.900597519656082,0.21829934587677435,0.19602390078624304
72.99795957088232,9.0,72.99795957088232,4.999964500725594,0.2852289922615172,3.643904230468157,4.900597520312517,0.21829934590481992,0.1960239008124933
73.01795957088233,9.0,73.01795957088233,4.99996450074407,0.285228992261904,3.643904231122813,4.900597520967146,0.21829934593372036,0.19602390083873433
73.03795957088232,9.0,73.03795957088232,4.999964500762473,0.2852289922620145,3.6439042317759243,4.900597521620287,0.21829934596133516,0.19602390086479812
73.03895957088233,9.0,73.03895957088233,4.999964500763397,0.28522899226187126,3.643904231788102,4.900597521457023,0.21829934587705946,0.19602390086252933
73.05495957088233,9.0,73.05495957088233,4.999964500778061,0.2852289922624948,3.643904232349465,4.900597522375676,0.21829934617351077,0.19602390089412486
73.07495957088234,9.0,73.07495957088234,4.999964500796324,0.28522899226310994,3.6439042329736004,4.90059752279288,0.21829934598949885,0.19602390091172162
73.09495957088234,9.0,73.09495957088234,4.999964500814513,0.2852289922627288,3.643904233624966,4.900597523488248,0.21829934605511836,0.1960239009395189
73.11495957088235,9.0,73.11495957088235,4.99996450083263,0.28522899226319337,3.643904234266545,4.900597524108217,0.21829934606124546,0.19602390096429928
73.13495957088234,9.0,73.13495957088234,4.999964500850677,0.28522899226380444,3.643904234908068,4.900597524751445,0.21829934609364,0.19602390099003997
73.15495957088235,9.0,73.15495957088235,4.999964500868649,0.28522899226442444,3.6439042355478803,4.900597525392057,0.2182993461231657,0.19602390101569275
73.17495957088236,9.0,73.17495957088236,4.9999645008865485,0.2852289922647441,3.6439042361854317,4.90059752602958,0.218299346150435,0.1960239010411904
73.19495957088238,9.0,73.19495957088238,4.999964500904374,0.2852289922649007,3.6439042368214425,4.900597526665672,0.21829934617775804,0.19602390106662373
73.21495957088237,9.0,73.21495957088237,4.999964500922133,0.2852289922655778,3.6439042374537554,4.90059752729796,0.21829934620434033,0.19602390109193174
73.23495957088238,9.0,73.23495957088238,4.999964500939818,0.2852289922655927,3.643904238084879,4.900597527929009,0.21829934623151237,0.19602390111716844
73.25495957088239,9.0,73.25495957088239,4.9999645009574305,0.2852289922662966,3.643904238713567,4.900597528557746,0.2182993462653906,0.1960239011429039
73.2749595708824,9.0,73.2749595708824,4.9999645009749765,0.2852289922666003,3.643904239341611,4.9005975291997075,0.21829934628555314,0.19602390116740295
73.2949595708824,9.0,73.2949595708824,4.999964500992447,0.28522899226689064,3.643904239963915,4.900597529790733,0.21829934629798275,0.1960239011915949
73.2959595708824,9.0,73.2959595708824,4.9999645009933245,0.2852289922664619,3.6439042399747876,4.900597529634306,0.2182993462233913,0.19602390118963914
73.31195957088241,9.0,73.31195957088241,4.999964501007252,0.2852289922678248,3.643904240516261,4.900597530548871,0.21829934653305294,0.19602390122104627
73.33195957088242,9.0,73.33195957088242,4.999964501024587,0.2852289922681199,3.643904241112054,4.900597530932378,0.21829934634689208,0.19602390123796393
73.35195957088243,9.0,73.35195957088243,4.999964501041859,0.2852289922680592,3.643904241737372,4.900597531614342,0.21829934640179216,0.19602390126392963
73.37195957088242,9.0,73.37195957088242,4.999964501059059,0.2852289922683018,3.6439042423478267,4.9005975321719335,0.21829934640079873,0.19602390128750385
73.39195957088242,9.0,73.39195957088242,4.999964501076195,0.28522899226873133,3.643904242965248,4.900597532825044,0.21829934645223625,0.1960239013130137
73.41195957088243,9.0,73.41195957088243,4.999964501093259,0.2852289922688175,3.6439042435767055,4.900597533418221,0.21829934645483418,0.19602390133612752
73.43195957088244,9.0,73.43195957088244,4.999964501110256,0.28522899226930803,3.6439042441859875,4.900597534015293,0.2182993464917562,0.19602390136117664
73.45195957088245,9.0,73.45195957088245,4.999964501127188,0.2852289922692487,3.6439042447964067,4.900597534657767,0.21829934652536043,0.19602390138566642
73.47195957088245,9.0,73.47195957088245,4.999964501144047,0.2852289922698626,3.6439042453995327,4.900597535226997,0.21829934653180905,0.19602390140906564
73.49195957088246,9.0,73.49195957088246,4.999964501160835,0.2852289922704479,3.6439042460052327,4.900597535851717,0.2182993465835934,0.196023901434691
73.51195957088247,9.0,73.51195957088247,4.999964501177559,0.285228992270471,3.643904246608307,4.90059753646694,0.21829934660486838,0.19602390145868398
73.53195957088248,9.0,73.53195957088248,4.999964501194217,0.28522899227123344,3.643904247206106,4.900597537046755,0.21829934660773365,0.196023901481246
73.55195957088247,9.0,73.55195957088247,4.999964501210814,0.28522899227102183,3.6439042478016233,4.900597537630874,0.21829934664702932,0.1960239015059126
73.55295957088248,9.0,73.55295957088248,4.999964501211645,0.28522899227066656,3.643904247823935,4.9005975375806115,0.2182993465643639,0.19602390150322585
73.56895957088248,9.0,73.56895957088248,4.999964501224865,0.2852289922717049,3.6439042483220487,4.900597538268576,0.21829934676543594,0.19602390152982152
73.5889595708825,9.0,73.5889595708825,4.999964501241326,0.28522899227240833,3.6439042489008395,4.900597538713258,0.21829934667673534,0.1960239015492036
73.60895957088249,9.0,73.60895957088249,4.999964501257726,0.2852289922724736,3.6439042494994007,4.900597539377815,0.2182993467453831,0.19602390157511707
73.6289595708825,9.0,73.6289595708825,4.9999645012740634,0.28522899227262055,3.643904250085418,4.900597539923659,0.21829934673287488,0.19602390159694544
73.64895957088251,9.0,73.64895957088251,4.999964501290332,0.28522899227289505,3.6439042506741415,4.900597540516445,0.21829934676127083,0.19602390162003527
73.6689595708825,9.0,73.6689595708825,4.999964501306541,0.2852289922736812,3.6439042512591504,4.900597541089056,0.21829934679623042,0.1960239016441415
73.68895957088252,9.0,73.68895957088252,4.99996450132268,0.2852289922736312,3.6439042518457656,4.900597541706894,0.21829934682760355,0.19602390166764114
73.70895957088253,9.0,73.70895957088253,4.999964501338754,0.28522899227401155,3.6439042524246186,4.900597542251852,0.2182993468398431,0.19602390169067163
73.72895957088252,9.0,73.72895957088252,4.999964501354769,0.2852289922747512,3.6439042530083703,4.900597542868691,0.21829934688342245,0.19602390171472725
73.74895957088253,9.0,73.74895957088253,4.999964501370718,0.285228992274507,3.6439042535838166,4.900597543425088,0.21829934688940256,0.1960239017369991
73.76895957088254,9.0,73.76895957088254,4.999964501386596,0.28522899227488685,3.643904254159677,4.900597544002694,0.21829934691884478,0.19602390176011913
73.78895957088255,9.0,73.78895957088255,4.999964501402412,0.2852289922747919,3.6439042547342844,4.900597544578005,0.21829934694512376,0.19602390178312615
73.80895957088255,9.0,73.80895957088255,4.999964501418171,0.28522899227520704,3.643904255305434,4.900597545149275,0.21829934696903308,0.19602390180597368
73.80995957088255,9.0,73.80995957088255,4.999964501418962,0.285228992274112,3.643904255313257,4.900597544981695,0.2182993467823522,0.1960239017992635
73.82595957088256,9.0,73.82595957088256,4.999964501431518,0.2852289922751513,3.6439042558099057,4.900597545813868,0.21829934717876887,0.19602390183257204
73.84595957088257,9.0,73.84595957088257,4.999964501447158,0.2852289922762781,3.643904256358745,4.900597546196084,0.21829934700819953,0.1960239018478344
73.86595957088258,9.0,73.86595957088258,4.999964501462729,0.2852289922762681,3.6439042569264015,4.900597546786966,0.21829934704022458,0.19602390187087945
73.88595957088258,9.0,73.88595957088258,4.999964501478244,0.28522899227677734,3.643904257487481,4.900597547313766,0.21829934705517173,0.1960239018931992
73.90595957088259,9.0,73.90595957088259,4.999964501493699,0.2852289922770829,3.6439042580535252,4.900597547913685,0.21829934709954735,0.19602390191654281
73.9259595708826,9.0,73.9259595708826,4.999964501509087,0.28522899227753223,3.643904258611726,4.900597548452904,0.21829934710523746,0.19602390193813715
73.9459595708826,9.0,73.9459595708826,4.9999645015244125,0.28522899227753257,3.6439042591714736,4.900597549014473,0.21829934713391985,0.19602390196057365
73.9659595708826,9.0,73.9659595708826,4.999964501539682,0.28522899227826565,3.6439042597274542,4.900597549571115,0.21829934715829546,0.19602390198283506
73.9859595708826,9.0,73.9859595708826,4.999964501554887,0.28522899227718,3.6439042602832097,4.9005975501268555,0.21829934718238286,0.1960239020050473
74.00595957088261,9.0,74.00595957088261,4.999964501570034,0.2852289922783781,3.6439042608359724,4.900597550679574,0.21829934720566468,0.19602390202715927
74.02595957088262,9.0,74.02595957088262,4.99996450158512,0.28522899227859244,3.6439042613868655,4.9005975512305024,0.2182993472292991,0.19602390204920905
74.04595957088263,9.0,74.04595957088263,4.999964501600143,0.2852289922783618,3.6439042619351496,4.900597551778771,0.21829934725263733,0.19602390207115733
74.06595957088263,9.0,74.06595957088263,4.999964501615106,0.28522899227917947,3.6439042624829683,4.900597552326532,0.21829934727646272,0.1960239020930551
74.06695957088263,9.0,74.06695957088263,4.9999645016158585,0.28522899227866905,3.643904262489008,4.90059755215731,0.21829934708954024,0.1960239020862928
74.08295957088264,9.0,74.08295957088264,4.999964501627785,0.28522899228045073,3.6439042629663816,4.900597552970212,0.21829934748506696,0.19602390211880047
74.10295957088265,9.0,74.10295957088265,4.999964501642636,0.2852289922797192,3.6439042634892145,4.900597553326363,0.21829934731272171,0.19602390213302479
74.12295957088264,9.0,74.12295957088264,4.999964501657427,0.2852289922793805,3.643904264034022,4.9005975538943405,0.2182993473521364,0.1960239021557675
74.14295957088265,9.0,74.14295957088265,4.9999645016721646,0.28522899228026183,3.64390426457131,4.900597554411567,0.21829934735809964,0.19602390217647178
74.16295957088266,9.0,74.16295957088266,4.999964501686841,0.2852289922798787,3.643904265109623,4.900597554952387,0.2182993473872301,0.19602390219806348
74.18295957088267,9.0,74.18295957088267,4.999964501701455,0.28522899228045556,3.6439042656453466,4.9005975554888055,0.21829934741201962,0.19602390221956495
74.20295957088268,9.0,74.20295957088268,4.999964501716018,0.28522899228110216,3.643904266179934,4.900597556023628,0.21829934743528678,0.19602390224096453
74.22295957088268,9.0,74.22295957088268,4.999964501730519,0.2852289922809548,3.643904266713544,4.900597556557041,0.21829934745751434,0.19602390226223831
74.24295957088268,9.0,74.24295957088268,4.999964501744964,0.2852289922808526,3.6439042672427737,4.90059755708619,0.2182993474797219,0.196023902283457
74.26295957088269,9.0,74.26295957088269,4.999964501759348,0.2852289922817028,3.6439042677713678,4.9005975576148995,0.21829934750304947,0.19602390230463745
74.2829595708827,9.0,74.2829595708827,4.99996450177368,0.28522899228162985,3.643904268297986,4.900597558141333,0.21829934752582325,0.19602390232571976
74.3029595708827,9.0,74.3029595708827,4.99996450178795,0.2852289922816584,3.6439042688248904,4.900597558668395,0.21829934754858593,0.19602390234673117
74.3229595708827,9.0,74.3229595708827,4.999964501802164,0.2852289922820268,3.6439042693472583,4.900597559190692,0.21829934757024727,0.1960239023676499
74.32395957088272,9.0,74.32395957088272,4.999964501802876,0.28522899228100407,3.643904269351859,4.900597559019576,0.21829934738245171,0.19602390236078987
74.33995957088271,9.0,74.33995957088271,4.999964501814203,0.2852289922836994,3.6439042698110438,4.90059755981498,0.21829934777892834,0.19602390239260228
74.35995957088272,9.0,74.35995957088272,4.999964501828311,0.2852289922827225,3.6439042703103413,4.900597560147479,0.2182993476051185,0.19602390240587309
74.37995957088273,9.0,74.37995957088273,4.999964501842361,0.28522899228264464,3.6439042708303244,4.900597560690396,0.2182993476426649,0.19602390242762027
74.39995957088273,9.0,74.39995957088273,4.99996450185636,0.2852289922832401,3.643904271345168,4.9005975611852275,0.21829934764812675,0.1960239024473939
74.41995957088274,9.0,74.41995957088274,4.9999645018703,0.28522899228338006,3.6439042718597876,4.900597561702251,0.2182993476766475,0.19602390246810078
74.43995957088275,9.0,74.43995957088275,4.999964501884188,0.2852289922838808,3.643904272372032,4.900597562215488,0.2182993476999342,0.19602390248862356
74.45995957088275,9.0,74.45995957088275,4.999964501898018,0.28522899228375265,3.643904272883822,4.900597562727112,0.2182993477223012,0.19602390250910376
74.47995957088276,9.0,74.47995957088276,4.99996450191179,0.285228992284225,3.643904273392774,4.9005975632362215,0.21829934774363524,0.19602390252946134
74.49995957088275,9.0,74.49995957088275,4.999964501925511,0.285228992284158,3.64390427389963,4.900597563742965,0.21829934776453364,0.19602390254969856
74.51995957088276,9.0,74.51995957088276,4.999964501939179,0.28522899228519083,3.643904274405325,4.900597564248502,0.21829934778680382,0.19602390256996116
74.53995957088277,9.0,74.53995957088277,4.999964501952789,0.28522899228494386,3.6439042749100614,4.900597564753302,0.21829934780824667,0.1960239025900971
74.55995957088278,9.0,74.55995957088278,4.999964501966344,0.2852289922848604,3.643904275411816,4.900597565255202,0.21829934782980587,0.19602390261021121
74.57995957088278,9.0,74.57995957088278,4.999964501979847,0.28522899228547033,3.643904275912621,4.900597565755875,0.21829934785089877,0.19602390263020103
74.58095957088278,9.0,74.58095957088278,4.9999645019805286,0.2852289922843606,3.643904275915759,4.900597565583887,0.21829934766293935,0.1960239026233201
74.59695957088279,9.0,74.59695957088279,4.999964501991292,0.28522899228642323,3.6439042763556544,4.900597566358942,0.21829934805744022,0.1960239026543267
74.6169595708828,9.0,74.6169595708828,4.9999645020046914,0.2852289922858029,3.6439042768320666,4.9005975666689086,0.21829934788404115,0.19602390266673667
74.6369595708828,9.0,74.6369595708828,4.999964502018036,0.2852289922857932,3.643904277330046,4.900597567190051,0.21829934792140815,0.19602390268762357
74.6569595708828,9.0,74.6569595708828,4.999964502031332,0.2852289922860178,3.643904277821039,4.900597567660962,0.21829934792530592,0.19602390270646297
74.67695957088281,9.0,74.67695957088281,4.9999645020445795,0.28522899228576476,3.643904278313477,4.900597568155848,0.21829934795292427,0.19602390272624604
74.69695957088283,9.0,74.69695957088283,4.999964502057769,0.28522899228709014,3.6439042788037583,4.900597568646884,0.21829934797518957,0.19602390274586667
74.71695957088284,9.0,74.71695957088284,4.999964502070908,0.28522899228681853,3.6439042792921787,4.900597569135416,0.21829934799620476,0.19602390276542736
74.73695957088283,9.0,74.73695957088283,4.9999645020839925,0.2852289922876528,3.6439042797796124,4.900597569622792,0.21829934801706186,0.19602390278491671
74.75695957088284,9.0,74.75695957088284,4.999964502097032,0.28522899228715615,3.643904280263926,4.900597570107191,0.21829934803739226,0.1960239028043073
74.77695957088284,9.0,74.77695957088284,4.999964502110011,0.2852289922881522,3.643904280747597,4.9005975705906835,0.21829934805810902,0.19602390282363363
74.79695957088285,9.0,74.79695957088285,4.999964502122942,0.28522899228788334,3.643904281228587,4.900597571071789,0.21829934807902607,0.19602390284292476
74.81695957088286,9.0,74.81695957088286,4.999964502135822,0.2852289922884226,3.6439042817099936,4.900597571553111,0.21829934809918816,0.19602390286207658
74.83695957088285,9.0,74.83695957088285,4.999964502148652,0.2852289922883513,3.6439042821881364,4.900597572031364,0.218299348119527,0.19602390288123
74.83795957088287,9.0,74.83795957088287,4.999964502149296,0.2852289922880877,3.643904282190549,4.90059757185801,0.21829934793144368,0.19602390287429708
74.85395957088286,9.0,74.85395957088286,4.99996450215952,0.28522899228877807,3.643904282612938,4.900597572616545,0.21829934832585485,0.19602390290463823
74.87395957088287,9.0,74.87395957088287,4.9999645021722525,0.28522899228909165,3.6439042830681037,4.9005975729047515,0.21829934815069407,0.1960239029161351
74.89395957088288,9.0,74.89395957088288,4.9999645021849295,0.2852289922891309,3.643904283542945,4.9005975734028056,0.2182993481866533,0.19602390293612573
74.91395957088288,9.0,74.91395957088288,4.999964502197563,0.28522899228895543,3.643904284012725,4.900597573852383,0.21829934819045915,0.19602390295413585
74.93395957088289,9.0,74.93395957088289,4.999964502210148,0.2852289922890198,3.6439042844829004,4.900597574325217,0.21829934821689134,0.1960239029730305
74.9539595708829,9.0,74.9539595708829,4.99996450222268,0.2852289922895818,3.6439042849520646,4.900597574795241,0.2182993482385931,0.19602390299180897
74.9739595708829,9.0,74.9739595708829,4.999964502235163,0.2852289922898033,3.643904285418691,4.900597575261764,0.21829934825820096,0.19602390301048134
74.99395957088291,9.0,74.99395957088291,4.999964502247597,0.28522899228998105,3.643904285884462,4.900597575727458,0.2182993482779927,0.19602390302909198
75.01395957088292,9.0,75.01395957088292,4.99996450225998,0.2852289922906242,3.643904286347043,4.900597576190102,0.21829934829770403,0.1960239030476428
75.03395957088293,9.0,75.03395957088293,4.999964502272315,0.28522899229051585,3.6439042868100544,4.900597576653043,0.21829934831825826,0.1960239030661672
75.05395957088292,9.0,75.05395957088292,4.9999645022846,0.28522899229093174,3.6439042872706753,4.900597577113699,0.21829934833734654,0.19602390308454853
75.07395957088293,9.0,75.07395957088293,4.999964502296838,0.2852289922910153,3.643904287729585,4.900597577572607,0.2182993483569926,0.1960239031029151
75.09395957088293,9.0,75.09395957088293,4.999964502309029,0.28522899229108245,3.6439042881865227,4.9005975780295365,0.21829934837629983,0.19602390312118767
75.09495957088293,9.0,75.09495957088293,4.999964502309642,0.2852289922904452,3.6439042881878447,4.900597577855708,0.2182993481887623,0.19602390311422088
75.11095957088294,9.0,75.11095957088294,4.999964502319356,0.28522899229288023,3.643904288593118,4.900597578596228,0.2182993485819571,0.19602390314388327
75.13095957088295,9.0,75.13095957088295,4.9999645023314505,0.2852289922917466,3.643904289026719,4.900597578863165,0.21829934840608445,0.19602390315453774
75.15095957088295,9.0,75.15095957088295,4.9999645023435,0.285228992291973,3.6439042894815925,4.90059757934133,0.21829934844100762,0.19602390317365845
75.17095957088296,9.0,75.17095957088296,4.999964502355505,0.28522899229184984,3.643904289931947,4.900597579771513,0.21829934844358778,0.19602390319082869
75.19095957088297,9.0,75.19095957088297,4.999964502367461,0.2852289922921302,3.6439042903806245,4.9005975802227155,0.21829934846863752,0.1960239032088995
75.21095957088298,9.0,75.21095957088298,4.999964502379369,0.28522899229235654,3.643904290828725,4.900597580671637,0.218299348489579,0.1960239032268516
75.23095957088299,9.0,75.23095957088299,4.999964502391228,0.28522899229252074,3.6439042912744983,4.900597581117408,0.21829934850836175,0.19602390324468638
75.25095957088298,9.0,75.25095957088298,4.999964502403042,0.2852289922926508,3.6439042917189197,4.90059758156181,0.21829934852728172,0.19602390326246624
75.270959570883,9.0,75.270959570883,4.999964502414809,0.28522899229281207,3.6439042921621074,4.900597582005004,0.2182993485462661,0.196023903280188
75.290959570883,9.0,75.290959570883,4.999964502426531,0.28522899229293935,3.6439042926041854,4.900597582447017,0.21829934856525757,0.1960239032978598
75.310959570883,9.0,75.310959570883,4.999964502438204,0.28522899229319626,3.6439042930438563,4.900597582886726,0.21829934858383115,0.19602390331545214
75.33095957088301,9.0,75.33095957088301,4.99996450244983,0.28522899229322596,3.64390429348207,4.900597583324923,0.21829934860260014,0.19602390333298758
75.350959570883,9.0,75.350959570883,4.999964502461413,0.28522899229332904,3.6439042939180437,4.900597583760811,0.21829934862174216,0.196023903350493
75.35195957088303,9.0,75.35195957088303,4.999964502461995,0.2852289922927869,3.6439042939207082,4.900597583587869,0.218299348330663,0.1960239033391327
75.36795957088302,9.0,75.36795957088302,4.9999645024712285,0.2852289922946031,3.643904294306013,4.900597584287624,0.21829934882629454,0.19602390337249745
75.38795957088303,9.0,75.38795957088303,4.999964502482716,0.28522899229451676,3.643904294723085,4.900597584577993,0.21829934866585,0.19602390338313724
75.40795957088304,9.0,75.40795957088304,4.999964502494165,0.28522899229438475,3.643904295156818,4.900597585014172,0.2182993486784186,0.19602390340055414
75.42795957088303,9.0,75.42795957088303,4.9999645025055734,0.2852289922946623,3.643904295585039,4.900597585423646,0.21829934868375744,0.196023903416966
75.44795957088304,9.0,75.44795957088304,4.999964502516936,0.28522899229438525,3.6439042960157253,4.900597585857734,0.21829934871022294,0.19602390343428153
75.46795957088305,9.0,75.46795957088305,4.9999645025282495,0.2852289922946743,3.643904296443788,4.900597586286623,0.21829934872995915,0.1960239034514437
75.48795957088305,9.0,75.48795957088305,4.999964502539519,0.28522899229530857,3.6439042968699025,4.900597586712626,0.21829934874764767,0.19602390346848292
75.50795957088306,9.0,75.50795957088306,4.999964502550749,0.28522899229513643,3.643904297293789,4.900597587136578,0.2182993487657523,0.1960239034854829
75.52795957088307,9.0,75.52795957088307,4.999964502561928,0.28522899229578635,3.643904297716983,4.900597587559752,0.21829934878420598,0.19602390350242602
75.54795957088308,9.0,75.54795957088308,4.999964502573065,0.28522899229561466,3.6439042981390104,4.9005975879817365,0.21829934880218094,0.1960239035192825
75.56795957088309,9.0,75.56795957088309,4.99996450258416,0.28522899229588133,3.64390429855892,4.900597588401638,0.21829934882040813,0.19602390353611884
75.58795957088309,9.0,75.58795957088309,4.999964502595208,0.2852289922956703,3.6439042989782093,4.900597588820931,0.21829934883826807,0.1960239035528577
75.60795957088308,9.0,75.60795957088308,4.999964502606216,0.2852289922958347,3.6439042993955506,4.900597589238246,0.21829934885565505,0.1960239035695222
75.60895957088309,9.0,75.60895957088309,4.999964502606769,0.2852289922955345,3.643904299395543,4.900597589062907,0.21829934856479571,0.19602390355817023
75.62495957088309,9.0,75.62495957088309,4.999964502615541,0.2852289922968042,3.643904299766436,4.9005975897476475,0.21829934905945692,0.19602390359086483
75.6449595708831,9.0,75.6449595708831,4.999964502626465,0.28522899229731935,3.6439043001652363,4.9005975900200305,0.21829934889119773,0.1960239036001418
75.6649595708831,9.0,75.6649595708831,4.999964502637343,0.2852289922968526,3.643904300576823,4.9005975904199035,0.21829934891006708,0.19602390361742303
75.68495957088311,9.0,75.68495957088311,4.999964502648181,0.28522899229735726,3.6439043009901315,4.900597590846031,0.21829934892171066,0.1960239036332161
75.70495957088312,9.0,75.70495957088312,4.999964502658976,0.2852289922969666,3.6439043013959336,4.900597591221016,0.21829934893415626,0.19602390364949196
75.72495957088313,9.0,75.72495957088313,4.999964502669728,0.28522899229760185,3.6439043018082287,4.900597591667517,0.2182993489721783,0.19602390366670144
75.74495957088314,9.0,75.74495957088314,4.999964502680443,0.2852289922976451,3.643904302214534,4.900597592054556,0.2182993489639493,0.19602390368156639
75.76495957088314,9.0,75.76495957088314,4.99996450269111,0.2852289922978905,3.643904302618959,4.900597592446713,0.21829934899261705,0.19602390369848594
75.78495957088315,9.0,75.78495957088315,4.9999645027017365,0.2852289922977659,3.6439043030267024,4.9005975928868155,0.21829934902508485,0.19602390371544626
75.80495957088316,9.0,75.80495957088316,4.999964502712321,0.28522899229797577,3.643904303427662,4.900597593267713,0.21829934902239456,0.1960239037307143
75.82495957088315,9.0,75.82495957088315,4.999964502722862,0.28522899229863063,3.6439043038288927,4.90059759367081,0.2182993490438978,0.19602390374683393
75.84495957088316,9.0,75.84495957088316,4.999964502733361,0.28522899229835835,3.643904304228996,4.9005975940716064,0.21829934905501158,0.19602390376223167
75.86495957088317,9.0,75.86495957088317,4.99996450274382,0.2852289922987586,3.64390430462556,4.900597594453985,0.21829934907933302,0.19602390377878925
75.86595957088318,9.0,75.86595957088318,4.999964502744348,0.2852289922979696,3.643904304637674,4.900597594394394,0.2182993488930487,0.1960239037714225
75.88195957088317,9.0,75.88195957088317,4.999964502752687,0.2852289922988555,3.6439043049748303,4.900597594897081,0.21829934920242122,0.1960239037968536
75.90195957088318,9.0,75.90195957088318,4.999964502763064,0.2852289922991958,3.6439043053616738,4.900597595205705,0.21829934910123594,0.19602390380758392
75.92195957088319,9.0,75.92195957088319,4.9999645027734045,0.2852289922993845,3.6439043057558616,4.900597595599298,0.21829934913329163,0.19602390382460613
75.94195957088318,9.0,75.94195957088318,4.999964502783705,0.28522899229922316,3.6439043061502443,4.900597596006387,0.21829934915053073,0.19602390384026636
75.9619595708832,9.0,75.9619595708832,4.999964502793963,0.28522899229938165,3.643904306540256,4.900597596379374,0.21829934915464166,0.1960239038552054
75.9819595708832,9.0,75.9819595708832,4.999964502804184,0.28522899229959664,3.643904306931784,4.900597596773575,0.21829934917702065,0.19602390387089394
76.0019595708832,9.0,76.0019595708832,4.999964502814365,0.285228992299908,3.643904307319765,4.900597597162313,0.21829934919508576,0.1960239038865288
76.02195957088321,9.0,76.02195957088321,4.999964502824502,0.2852289922997984,3.643904307706312,4.90059759754887,0.21829934920418204,0.19602390390139948
76.04195957088322,9.0,76.04195957088322,4.999964502834603,0.2852289922997538,3.6439043080926385,4.900597597921003,0.2182993492280838,0.19602390391745164
76.06195957088323,9.0,76.06195957088323,4.99996450284466,0.2852289923001151,3.643904308479312,4.900597598339281,0.2182993492510099,0.1960239039329989
76.08195957088324,9.0,76.08195957088324,4.999964502854682,0.2852289922999468,3.6439043088601832,4.900597598685896,0.21829934925471495,0.19602390394806313
76.10195957088324,9.0,76.10195957088324,4.999964502864659,0.2852289923007846,3.6439043092455496,4.900597599104672,0.2182993492896519,0.19602390396418398
76.12195957088325,9.0,76.12195957088325,4.999964502874602,0.28522899230095417,3.643904309624367,4.900597599464256,0.21829934928690609,0.1960239039785374
76.14195957088326,9.0,76.14195957088326,4.999964502884501,0.28522899230041976,3.643904310003854,4.900597599845553,0.21829934930060402,0.1960239039931858
76.14295957088325,9.0,76.14295957088325,4.999964502885001,0.28522899229954213,3.6439043099905644,4.900597599560148,0.21829934901777115,0.19602390398241037
76.15895957088325,9.0,76.15895957088325,4.999964502892891,0.2852289923013415,3.643904310354101,4.900597600421702,0.21829934961467945,0.1960239040177809
76.17895957088325,9.0,76.17895957088325,4.999964502902718,0.2852289923012493,3.64390431070246,4.900597600564571,0.21829934935194117,0.19602390402259878
76.19895957088326,9.0,76.19895957088326,4.999964502912509,0.2852289923010478,3.6439043110789484,4.900597600934065,0.21829934935529272,0.19602390403736805
76.21895957088327,9.0,76.21895957088327,4.999964502922255,0.2852289923010642,3.6439043114511187,4.900597601289167,0.2182993493615073,0.1960239040515567
76.23895957088328,9.0,76.23895957088328,4.9999645029319675,0.2852289923014719,3.643904311823663,4.900597601665215,0.21829934937876683,0.19602390406600725
76.25895957088329,9.0,76.25895957088329,4.999964502941645,0.28522899230203363,3.643904312194312,4.900597602022596,0.21829934939642381,0.19602390408090245
76.27895957088329,9.0,76.27895957088329,4.999964502951281,0.285228992301585,3.6439043125658803,4.900597602411624,0.21829934942616713,0.19602390409649043
76.2989595708833,9.0,76.2989595708833,4.9999645029608795,0.28522899230133486,3.6439043129339703,4.900597602777034,0.21829934944288176,0.19602390411173276
76.31895957088331,9.0,76.31895957088331,4.99996450297044,0.2852289923013959,3.6439043133026345,4.900597603159076,0.21829934945694518,0.1960239041263594
76.3389595708833,9.0,76.3389595708833,4.999964502979965,0.28522899230210524,3.6439043136674054,4.900597603506362,0.21829934945200735,0.19602390413966986
76.35895957088331,9.0,76.35895957088331,4.999964502989447,0.2852289923024671,3.6439043140309497,4.900597603858407,0.21829934947349017,0.19602390415436172
76.37895957088332,9.0,76.37895957088332,4.999964502998896,0.28522899230216336,3.643904314396344,4.900597604242005,0.21829934951164764,0.19602390417030616
76.39895957088333,9.0,76.39895957088333,4.999964503008307,0.2852289923027842,3.6439043147589594,4.900597604616145,0.21829934951366248,0.19602390418406498
76.39995957088333,9.0,76.39995957088333,4.9999645030087825,0.28522899230161475,3.6439043147441277,4.900597604321877,0.21829934922188432,0.19602390417288715
76.41595957088333,9.0,76.41595957088333,4.999964503016285,0.28522899230293547,3.6439043150938137,4.900597605155163,0.21829934979519905,0.19602390420619462
76.43595957088334,9.0,76.43595957088334,4.999964503025619,0.2852289923034145,3.6439043154247157,4.900597605271109,0.2182993495542318,0.19602390421150925
76.45595957088334,9.0,76.45595957088334,4.999964503034923,0.2852289923023815,3.643904315785723,4.900597605658235,0.2182993495635963,0.19602390422572286
76.47595957088335,9.0,76.47595957088335,4.999964503044192,0.28522899230270987,3.643904316138027,4.900597605959249,0.21829934954953378,0.19602390423841157
76.49595957088336,9.0,76.49595957088336,4.999964503053423,0.28522899230307674,3.6439043164970286,4.900597606340963,0.21829934959156505,0.19602390425361788
76.51595957088335,9.0,76.51595957088335,4.999964503062616,0.28522899230330384,3.6439043168509633,4.900597606693967,0.2182993496034933,0.19602390426776292
76.53595957088336,9.0,76.53595957088336,4.999964503071778,0.2852289923032169,3.6439043172048193,4.900597607047065,0.2182993496166632,0.19602390428182914
76.55595957088337,9.0,76.55595957088337,4.999964503080902,0.2852289923035394,3.643904317556366,4.900597607398537,0.21829934963148778,0.19602390429591893
76.57595957088338,9.0,76.57595957088338,4.999964503089989,0.28522899230340854,3.643904317906789,4.900597607748901,0.21829934964710906,0.19602390430999037
76.5959595708834,9.0,76.5959595708834,4.999964503099042,0.28522899230364174,3.643904318256597,4.900597608098767,0.2182993496621055,0.1960239043239573
76.61595957088339,9.0,76.61595957088339,4.999964503108056,0.28522899230376403,3.6439043186047604,4.900597608446906,0.21829934968388143,0.19602390433847408
76.6359595708834,9.0,76.6359595708834,4.999964503117039,0.28522899230442467,3.6439043189533855,4.900597608809743,0.21829934969165787,0.19602390435175693
76.65595957088341,9.0,76.65595957088341,4.999964503125986,0.2852289923045231,3.643904319295978,4.900597609120697,0.21829934969211306,0.19602390436481315
76.6569595708834,9.0,76.6569595708834,4.999964503126433,0.2852289923037358,3.6439043192937035,4.900597608951055,0.2182993496182286,0.19602390436234346
76.6729595708834,9.0,76.6729595708834,4.999964503133561,0.28522899230479926,3.643904319613298,4.9005976096443025,0.21829934991709932,0.19602390438480427
76.6929595708834,9.0,76.6929595708834,4.999964503142438,0.2852289923045653,3.6439043199315577,4.900597609749884,0.21829934971853904,0.19602390439061929
76.71295957088341,9.0,76.71295957088341,4.999964503151283,0.2852289923047179,3.643904320279322,4.900597610154367,0.21829934976188925,0.19602390440555076
76.73295957088342,9.0,76.73295957088342,4.999964503160092,0.2852289923048849,3.6439043206154045,4.900597610437583,0.21829934974263443,0.19602390441752637
76.75295957088343,9.0,76.75295957088343,4.999964503168867,0.28522899230536713,3.6439043209563007,4.900597610800161,0.2182993497820278,0.1960239044320495
76.77295957088344,9.0,76.77295957088344,4.999964503177608,0.2852289923049006,3.643904321295592,4.900597611138395,0.21829934979318955,0.19602390444550058
76.79295957088344,9.0,76.79295957088344,4.999964503186316,0.28522899230519305,3.6439043216325446,4.900597611474746,0.21829934980622223,0.19602390445898576
76.81295957088345,9.0,76.81295957088345,4.999964503194986,0.285228992305558,3.643904321968839,4.900597611810921,0.21829934982041932,0.19602390447242662
76.83295957088346,9.0,76.83295957088346,4.999964503203626,0.28522899230546717,3.643904322303893,4.90059761214596,0.21829934983453292,0.19602390448580476
76.85295957088346,9.0,76.85295957088346,4.999964503212227,0.28522899230550186,3.643904322637485,4.900597612479601,0.21829934984918475,0.19602390449918683
76.87295957088347,9.0,76.87295957088347,4.999964503220799,0.28522899230551285,3.643904322969785,4.900597612811894,0.21829934986325839,0.19602390451247342
76.89295957088348,9.0,76.89295957088348,4.999964503229337,0.28522899230582743,3.643904323300877,4.900597613142985,0.21829934987765798,0.1960239045257393
76.91295957088349,9.0,76.91295957088349,4.99996450323784,0.28522899230643606,3.6439043236305375,4.900597613472605,0.2182993498990129,0.19602390453954854
76.91395957088348,9.0,76.91395957088348,4.999964503238269,0.2852289923055283,3.6439043236382274,4.900597613400896,0.21829934980764598,0.19602390453603402
76.92995957088348,9.0,76.92995957088348,4.999964503245049,0.2852289923059831,3.643904323921473,4.900597613860164,0.21829934999076528,0.19602390455348712
76.9499595708835,9.0,76.9499595708835,4.999964503253483,0.2852289923068964,3.643904324235926,4.900597614045561,0.21829934989941302,0.19602390456244448
76.96995957088349,9.0,76.96995957088349,4.99996450326189,0.2852289923058449,3.6439043245683136,4.900597614444947,0.21829934994971856,0.19602390457716198
76.9899595708835,9.0,76.9899595708835,4.999964503270263,0.28522899230581344,3.643904324888715,4.900597614711155,0.21829934992562627,0.19602390458842642
77.00995957088351,9.0,77.00995957088351,4.999964503278607,0.2852289923065406,3.6439043252141308,4.900597615057867,0.21829934996381484,0.1960239046023553
77.0299595708835,9.0,77.0299595708835,4.999964503286916,0.2852289923070421,3.643904325537581,4.9005976153803505,0.218299349974441,0.19602390461520222
77.04995957088352,9.0,77.04995957088352,4.999964503295192,0.2852289923068964,3.643904325859062,4.900597615701103,0.21829934998701406,0.1960239046280742
77.06995957088353,9.0,77.06995957088353,4.999964503303436,0.2852289923068489,3.643904326180194,4.900597616022173,0.21829935000050105,0.19602390464088476
77.08995957088354,9.0,77.08995957088354,4.999964503311649,0.2852289923069124,3.643904326499656,4.900597616341649,0.21829935001416123,0.1960239046536714
77.10995957088355,9.0,77.10995957088355,4.999964503319825,0.28522899230683574,3.6439043268192113,4.900597616661156,0.21829935002792888,0.1960239046664187
77.12995957088354,9.0,77.12995957088354,4.99996450332797,0.28522899230679943,3.6439043271356133,4.900597616977641,0.2182993500410335,0.19602390467909953
77.14995957088355,9.0,77.14995957088355,4.999964503336088,0.28522899230745485,3.6439043274520846,4.900597617294057,0.21829935005431622,0.19602390469171294
77.16995957088356,9.0,77.16995957088356,4.999964503344168,0.2852289923075774,3.6439043277667906,4.900597617608769,0.21829935007521062,0.19602390470494302
77.17095957088355,9.0,77.17095957088355,4.99996450334458,0.2852289923067711,3.6439043277734986,4.900597617536166,0.21829934998422562,0.19602390470144251
77.18695957088356,9.0,77.18695957088356,4.999964503351029,0.28522899230695015,3.6439043280444783,4.900597617983091,0.2182993501668249,0.19602390471841133
77.20695957088357,9.0,77.20695957088357,4.999964503359042,0.2852289923080326,3.6439043283433494,4.900597618152859,0.21829935007491397,0.1960239047267665
77.22695957088357,9.0,77.22695957088357,4.999964503367034,0.2852289923078225,3.6439043286621886,4.9005976185388,0.21829935012509205,0.19602390474090853
77.24695957088358,9.0,77.24695957088358,4.999964503374997,0.2852289923080006,3.643904328965994,4.9005976187884235,0.21829935010732227,0.19602390475220063
77.26695957088359,9.0,77.26695957088359,4.999964503382926,0.2852289923076477,3.6439043292798643,4.900597619137526,0.21829935013784585,0.19602390476490755
77.2869595708836,9.0,77.2869595708836,4.999964503390824,0.28522899230806076,3.6439043295851996,4.900597619410609,0.21829935013363988,0.19602390477642537
77.30695957088359,9.0,77.30695957088359,4.999964503398689,0.28522899230828314,3.64390432989426,4.9005976197388135,0.21829935016475632,0.19602390478952386
77.3269595708836,9.0,77.3269595708836,4.999964503406531,0.2852289923083681,3.643904330199853,4.900597620042449,0.2182993501803021,0.19602390480229953
77.34695957088361,9.0,77.34695957088361,4.999964503414336,0.2852289923082975,3.6439043305054803,4.90059762036133,0.21829935018471636,0.19602390481384382
77.36695957088361,9.0,77.36695957088361,4.999964503422112,0.28522899230862325,3.643904330806429,4.900597620631018,0.21829935019170232,0.19602390482588836
77.38695957088362,9.0,77.38695957088362,4.999964503429855,0.2852289923084922,3.643904331113129,4.900597620971572,0.218299350217233,0.19602390483824045
77.40695957088363,9.0,77.40695957088363,4.99996450343757,0.2852289923089889,3.6439043314120614,4.900597621237479,0.21829935021131686,0.19602390484946924
77.42695957088364,9.0,77.42695957088364,4.999964503445254,0.2852289923087139,3.643904331713398,4.9005976215578935,0.2182993502494841,0.19602390486293253
77.44695957088365,9.0,77.44695957088365,4.999964503452908,0.28522899230931625,3.643904332015328,4.900597621871942,0.21829935025092428,0.1960239048742385
77.44795957088364,9.0,77.44795957088364,4.999964503453296,0.2852289923082281,3.6439043319958646,4.900597621574379,0.2182993499587118,0.19602390486295473
77.46395957088365,9.0,77.46395957088365,4.9999645034594025,0.2852289923092922,3.643904332294876,4.9005976223546455,0.21829935052859284,0.1960239048941798
77.48395957088366,9.0,77.48395957088366,4.999964503466993,0.28522899230934134,3.643904332563953,4.900597622409982,0.21829935028642522,0.19602390489703486
77.50395957088365,9.0,77.50395957088365,4.999964503474562,0.2852289923089718,3.643904332863357,4.900597622735416,0.2182993502939583,0.19602390490884414
77.52395957088366,9.0,77.52395957088366,4.999964503482101,0.2852289923095371,3.6439043331528342,4.900597622973627,0.2182993502763919,0.19602390491900398
77.54395957088366,9.0,77.54395957088366,4.999964503489609,0.2852289923094494,3.643904333450606,4.900597623294139,0.21829935032329129,0.19602390493235927
77.56395957088367,9.0,77.56395957088367,4.9999645034970905,0.28522899230923393,3.643904333744849,4.900597623601434,0.21829935032531633,0.1960239049434369
77.58395957088368,9.0,77.58395957088368,4.999964503504539,0.28522899230984367,3.643904334033481,4.9005976238580935,0.2182993503296209,0.19602390495496294
77.60395957088369,9.0,77.60395957088369,4.999964503511962,0.2852289923091781,3.6439043343277877,4.900597624186121,0.2182993503613182,0.19602390496742783
77.6239595708837,9.0,77.6239595708837,4.999964503519351,0.28522899230931653,3.6439043346162836,4.900597624455601,0.21829935034835968,0.19602390497761357
77.6439595708837,9.0,77.6439595708837,4.999964503526714,0.2852289923099073,3.6439043349033353,4.900597624730502,0.21829935037220016,0.19602390498985325
77.6639595708837,9.0,77.6639595708837,4.999964503534052,0.28522899231003707,3.643904335194438,4.900597625053478,0.21829935039218684,0.196023905001503
77.68395957088372,9.0,77.68395957088372,4.999964503541358,0.2852289923099832,3.643904335477693,4.900597625302957,0.21829935039214243,0.19602390501274905
77.70395957088371,9.0,77.70395957088371,4.999964503548636,0.285228992310665,3.6439043357675978,4.900597625625846,0.21829935041585458,0.19602390502441766
77.72395957088372,9.0,77.72395957088372,4.999964503555879,0.285228992310177,3.643904336048245,4.900597625873502,0.21829935040908932,0.1960239050349529
77.74395957088373,9.0,77.74395957088373,4.999964503563101,0.28522899231072824,3.64390433633382,4.900597626178118,0.2182993504470354,0.19602390504773595
77.76395957088374,9.0,77.76395957088374,4.999964503570293,0.28522899231032434,3.643904336617621,4.90059762647406,0.21829935044771753,0.19602390505837844
77.76495957088373,9.0,77.76495957088373,4.9999645035706575,0.285228992309862,3.643904336598958,4.900597626177059,0.21829935015543533,0.19602390504703007
77.78095957088374,9.0,77.78095957088374,4.999964503576394,0.2852289923114268,3.643904336883344,4.900597626943345,0.2182993507392439,0.19602390507872738
77.80095957088375,9.0,77.80095957088375,4.999964503583526,0.28522899231075427,3.6439043371383906,4.900597626998752,0.21829935047393967,0.19602390507928222
77.82095957088374,9.0,77.82095957088374,4.999964503590636,0.2852289923109079,3.6439043374163047,4.900597627257041,0.21829935047390236,0.19602390509028125
77.84095957088375,9.0,77.84095957088375,4.9999645035977185,0.28522899231088816,3.643904337694443,4.900597627535133,0.21829935049697724,0.19602390510202855
77.86095957088376,9.0,77.86095957088376,4.999964503604777,0.28522899231123233,3.643904337973943,4.900597627829468,0.21829935050448945,0.1960239051125826
77.88095957088376,9.0,77.88095957088376,4.999964503611805,0.28522899231075344,3.6439043382479195,4.900597628072379,0.2182993505095321,0.19602390512348378
77.90095957088377,9.0,77.90095957088377,4.999964503618805,0.2852289923116785,3.6439043385264522,4.900597628384711,0.21829935054079197,0.19602390513536988
77.92095957088378,9.0,77.92095957088378,4.999964503625778,0.2852289923110316,3.6439043387986914,4.900597628637921,0.2182993505339228,0.19602390514552054
77.94095957088379,9.0,77.94095957088379,4.999964503632723,0.28522899231183974,3.643904339073205,4.900597628914253,0.2182993505431874,0.19602390515595033
77.9609595708838,9.0,77.9609595708838,4.999964503639643,0.28522899231166143,3.643904339343454,4.900597629171254,0.21829935055573468,0.19602390516687138
77.9809595708838,9.0,77.9809595708838,4.999964503646536,0.2852289923114704,3.6439043396178503,4.900597629462846,0.2182993505885058,0.19602390517908622
78.00095957088381,9.0,78.00095957088381,4.999964503653399,0.28522899231166887,3.643904339889222,4.9005976297456675,0.21829935058664596,0.1960239051891932
78.02095957088382,9.0,78.02095957088382,4.9999645036602365,0.2852289923123244,3.6439043401548146,4.900597629979195,0.21829935059025019,0.1960239051998093
78.02195957088381,9.0,78.02195957088381,4.999964503660584,0.285228992311577,3.643904340161014,4.900597629913923,0.21829935040441217,0.19602390519218255
78.03795957088381,9.0,78.03795957088381,4.999964503666037,0.2852289923116806,3.6439043403953764,4.9005976303186545,0.21829935071772777,0.19602390521370583
78.05795957088381,9.0,78.05795957088381,4.9999645036728175,0.2852289923124426,3.643904340653909,4.900597630497368,0.21829935061765493,0.1960239052198966
78.07795957088382,9.0,78.07795957088382,4.999964503679576,0.28522899231170756,3.643904340921567,4.900597630778271,0.2182993506357569,0.1960239052311294
78.09795957088383,9.0,78.09795957088383,4.999964503686312,0.28522899231199295,3.6439043411854084,4.900597631023297,0.21829935062619965,0.19602390524032845
78.11795957088384,9.0,78.11795957088384,4.999964503693021,0.28522899231214305,3.643904341449747,4.9005976312766375,0.2182993506524662,0.19602390525170715
78.13795957088385,9.0,78.13795957088385,4.999964503699703,0.28522899231217863,3.643904341715364,4.900597631574332,0.21829935067838013,0.19602390526300453
78.15795957088385,9.0,78.15795957088385,4.999964503706355,0.2852289923124404,3.643904341977357,4.900597631816443,0.21829935066270245,0.19602390527204427
78.17795957088386,9.0,78.17795957088386,4.999964503712987,0.2852289923124432,3.6439043422374624,4.900597632064432,0.21829935068521733,0.19602390528319924
78.19795957088387,9.0,78.19795957088387,4.999964503719594,0.285228992312751,3.6439043425030846,4.9005976323619995,0.21829935071194306,0.19602390529443972
78.21795957088386,9.0,78.21795957088386,4.99996450372617,0.28522899231342896,3.643904342760168,4.900597632599363,0.21829935070278372,0.196023905303979
78.23795957088387,9.0,78.23795957088387,4.999964503732726,0.28522899231278215,3.643904343018387,4.90059763285926,0.21829935071845297,0.19602390531441344
78.25795957088388,9.0,78.25795957088388,4.99996450373925,0.2852289923128177,3.6439043432775025,4.9005976331191,0.2182993507311286,0.1960239053247539
78.2779595708839,9.0,78.2779595708839,4.99996450374575,0.28522899231277205,3.643904343534713,4.900597633376391,0.2182993507350237,0.19602390533445793
78.27895957088388,9.0,78.27895957088388,4.999964503746083,0.28522899231236837,3.643904343515157,4.900597633085428,0.2182993504506019,0.19602390532336894
78.29495957088389,9.0,78.29495957088389,4.9999645037512686,0.2852289923133397,3.643904343780453,4.900597633846065,0.21829935104191955,0.1960239053548187
78.3149595708839,9.0,78.3149595708839,4.999964503757714,0.2852289923132207,3.6439043440092935,4.9005976338704444,0.21829935077529505,0.1960239053548245
78.3349595708839,9.0,78.3349595708839,4.999964503764141,0.2852289923130623,3.6439043442644534,4.900597634119001,0.21829935077319584,0.19602390536476566
78.3549595708839,9.0,78.3549595708839,4.999964503770546,0.2852289923131821,3.6439043445153607,4.900597634352418,0.21829935077340235,0.1960239053740729
78.37495957088392,9.0,78.37495957088392,4.999964503776924,0.28522899231343024,3.6439043447687274,4.900597634609524,0.21829935079347296,0.19602390538436115
78.39495957088391,9.0,78.39495957088391,4.9999645037832785,0.28522899231380056,3.6439043450201853,4.900597634861822,0.21829935080565388,0.19602390539446007
78.41495957088392,9.0,78.41495957088392,4.999964503789604,0.2852289923133872,3.6439043452712836,4.900597635112918,0.21829935081611795,0.19602390540449052
78.43495957088393,9.0,78.43495957088393,4.999964503795909,0.28522899231352794,3.643904345520809,4.900597635362389,0.21829935082672014,0.19602390541450807
78.45495957088394,9.0,78.45495957088394,4.9999645038021905,0.2852289923135219,3.6439043457702645,4.900597635611786,0.21829935083706165,0.196023905424442
78.47495957088395,9.0,78.47495957088395,4.999964503808446,0.2852289923135238,3.643904346018356,4.900597635859958,0.2182993508473947,0.19602390543435277
78.49495957088395,9.0,78.49495957088395,4.9999645038146765,0.2852289923128742,3.6439043462641503,4.900597636105736,0.21829935085801422,0.19602390544425052
78.51495957088396,9.0,78.51495957088396,4.999964503820883,0.2852289923137057,3.6439043465115373,4.900597636353112,0.2182993508688318,0.19602390545408913
78.53495957088397,9.0,78.53495957088397,4.999964503827062,0.2852289923142539,3.6439043467561842,4.900597636597788,0.21829935087901964,0.19602390546389722
78.53595957088396,9.0,78.53595957088396,4.999964503827379,0.2852289923135196,3.6439043467472083,4.90059763641353,0.21829935058834415,0.1960239054522275
78.55195957088397,9.0,78.55195957088397,4.999964503832309,0.2852289923143141,3.643904346982392,4.900597636962359,0.2182993510770106,0.19602390547941892
78.57195957088398,9.0,78.57195957088398,4.999964503838439,0.28522899231355975,3.643904347209052,4.9005976370626785,0.21829935090890595,0.19602390548250245
78.59195957088399,9.0,78.59195957088399,4.999964503844548,0.285228992314268,3.6439043474510138,4.900597637307088,0.21829935091242048,0.19602390549228546
78.61195957088398,9.0,78.61195957088398,4.999964503850638,0.2852289923135226,3.643904347691288,4.900597637528589,0.21829935091062946,0.19602390550117213
78.63195957088399,9.0,78.63195957088399,4.999964503856704,0.28522899231340093,3.6439043479323208,4.900597637772995,0.21829935092901298,0.1960239055109639
78.651959570884,9.0,78.651959570884,4.999964503862746,0.28522899231463694,3.6439043481729163,4.900597638014515,0.2182993509332718,0.1960239055199585
78.671959570884,9.0,78.671959570884,4.999964503868762,0.2852289923135344,3.643904348409697,4.900597638237111,0.21829935095058373,0.1960239055301601
78.69195957088401,9.0,78.69195957088401,4.999964503874753,0.2852289923147172,3.643904348651372,4.900597638510303,0.21829935097466713,0.19602390554043422
78.71195957088402,9.0,78.71195957088402,4.9999645038807286,0.28522899231408605,3.643904348887284,4.900597638726208,0.21829935096430342,0.19602390554902274
78.73195957088402,9.0,78.73195957088402,4.999964503886677,0.28522899231448073,3.6439043491234457,4.900597638964217,0.21829935097959785,0.19602390555862242
78.75195957088403,9.0,78.75195957088403,4.999964503892602,0.2852289923142102,3.6439043493598895,4.900597639201395,0.2182993509905824,0.19602390556802604
78.77195957088404,9.0,78.77195957088404,4.999964503898502,0.2852289923140035,3.6439043495942096,4.90059763943576,0.21829935100053,0.19602390557742844
78.79195957088405,9.0,78.79195957088405,4.999964503904382,0.285228992314361,3.6439043498282455,4.900597639669713,0.21829935101046827,0.19602390558678318
78.79295957088404,9.0,78.79295957088404,4.99996450390468,0.28522899231335486,3.643904349819197,4.9005976394853406,0.21829935071944373,0.19602390557507335
78.80895957088404,9.0,78.80895957088404,4.999964503909367,0.28522899231475307,3.6439043500448562,4.900597640024943,0.2182993512081497,0.1960239056019486
78.82895957088405,9.0,78.82895957088405,4.999964503915197,0.285228992314507,3.643904350259526,4.900597640113152,0.2182993510311575,0.19602390560389563
78.84895957088406,9.0,78.84895957088406,4.999964503921008,0.28522899231420024,3.6439043504903785,4.900597640332217,0.21829935104241205,0.19602390561388564
78.86895957088407,9.0,78.86895957088407,4.999964503926799,0.2852289923151153,3.6439043507220923,4.9005976405768745,0.21829935105366394,0.1960239056230677
78.88895957088407,9.0,78.88895957088407,4.999964503932567,0.2852289923139477,3.6439043509501903,4.900597640788219,0.21829935105137022,0.19602390563152647
78.90895957088406,9.0,78.90895957088406,4.999964503938311,0.285228992314614,3.6439043511796974,4.900597641020405,0.21829935106029108,0.1960239056401952
78.92895957088407,9.0,78.92895957088407,4.999964503944031,0.28522899231493404,3.643904351405543,4.900597641232858,0.21829935107819765,0.19602390564994687
78.94895957088409,9.0,78.94895957088409,4.999964503949732,0.2852289923149038,3.643904351636772,4.900597641495691,0.21829935110224685,0.19602390565981945
78.9689595708841,9.0,78.9689595708841,4.99996450395541,0.28522899231478993,3.6439043518609733,4.90059764169986,0.21829935108400988,0.19602390566737002
78.9889595708841,9.0,78.9889595708841,4.999964503961065,0.2852289923143214,3.6439043520851646,4.90059764191166,0.21829935110590215,0.19602390567711914
79.0089595708841,9.0,79.0089595708841,4.999964503966698,0.2852289923146939,3.6439043523125494,4.900597642171468,0.21829935113051402,0.19602390568685235
79.02895957088411,9.0,79.02895957088411,4.999964503972313,0.2852289923148938,3.6439043525354586,4.900597642374265,0.21829935112033683,0.19602390569494707
79.04895957088412,9.0,79.04895957088412,4.999964503977901,0.2852289923151629,3.6439043527586947,4.900597642599357,0.21829935112705767,0.1960239057033448
79.04995957088411,9.0,79.04995957088411,4.999964503978184,0.2852289923139324,3.6439043527371435,4.900597642305784,0.2182993508436848,0.19602390569224543
79.06595957088412,9.0,79.06595957088412,4.999964503982642,0.2852289923160101,3.643904352975558,4.900597643042028,0.2182993514351752,0.19602390572261383
79.08595957088413,9.0,79.08595957088413,4.999964503988184,0.2852289923150613,3.6439043531697926,4.900597643030861,0.2182993511586213,0.19602390572060074
79.10595957088414,9.0,79.10595957088414,4.999964503993712,0.28522899231533255,3.6439043533890016,4.900597643229201,0.21829935116231436,0.19602390572978376
79.12595957088415,9.0,79.12595957088415,4.999964503999218,0.28522899231518795,3.643904353610597,4.900597643464863,0.21829935116882515,0.1960239057379454
79.14595957088414,9.0,79.14595957088414,4.999964504004701,0.2852289923148749,3.643904353826698,4.900597643650545,0.21829935117460364,0.19602390574665127
79.16595957088416,9.0,79.16595957088416,4.999964504010168,0.28522899231491927,3.643904354048547,4.90059764390663,0.21829935120398725,0.1960239057562434
79.18595957088415,9.0,79.18595957088415,4.999964504015607,0.2852289923153949,3.6439043542636482,4.900597644102486,0.21829935119404276,0.19602390576407858
79.20595957088416,9.0,79.20595957088416,4.999964504021029,0.2852289923151519,3.6439043544805045,4.900597644321142,0.21829935120804667,0.19602390577284434
79.22595957088417,9.0,79.22595957088417,4.999964504026428,0.285228992315773,3.643904354696011,4.900597644537415,0.2182993512110154,0.19602390578087295
79.24595957088417,9.0,79.24595957088417,4.999964504031805,0.285228992315325,3.643904354909902,4.900597644737175,0.21829935122776112,0.1960239057901115
79.26595957088418,9.0,79.26595957088418,4.999964504037159,0.28522899231531296,3.643904355127874,4.900597644986671,0.21829935125064903,0.19602390579942777
79.28595957088419,9.0,79.28595957088419,4.999964504042498,0.2852289923163366,3.6439043553377966,4.90059764517655,0.21829935123949085,0.19602390580709364
79.3059595708842,9.0,79.3059595708842,4.9999645040478145,0.2852289923155582,3.643904355551653,4.900597645392271,0.21829935125340194,0.19602390581565501
79.30695957088419,9.0,79.30695957088419,4.999964504048086,0.2852289923151029,3.64390435554164,4.900597645207244,0.2182993509622584,0.19602390580391124
79.3229595708842,9.0,79.3229595708842,4.999964504052325,0.2852289923170863,3.6439043557494553,4.900597645729623,0.21829935145152213,0.1960239058301389
79.3429595708842,9.0,79.3429595708842,4.999964504057599,0.2852289923162398,3.643904355943816,4.900597645797333,0.21829935127378697,0.19602390583123622
79.36295957088421,9.0,79.36295957088421,4.999964504062853,0.28522899231603993,3.643904356154105,4.900597645995847,0.21829935128409517,0.19602390584039622
79.38295957088422,9.0,79.38295957088422,4.999964504068086,0.28522899231625326,3.643904356364613,4.900597646219213,0.2182993512944149,0.19602390584875792
79.40295957088422,9.0,79.40295957088422,4.9999645040733025,0.2852289923166153,3.643904356570843,4.9005976464087135,0.21829935128392508,0.1960239058557611
79.42295957088423,9.0,79.42295957088423,4.999964504078501,0.28522899231606325,3.6439043567780147,4.9005976466044645,0.2182993513067002,0.19602390586481522
79.44295957088423,9.0,79.44295957088423,4.99996450408367,0.2852289923163828,3.64390435698864,4.9005976468474115,0.21829935132348277,0.19602390587327662
79.46295957088424,9.0,79.46295957088424,4.999964504088825,0.28522899231633503,3.643904357191556,4.900597647016154,0.2182993513123015,0.19602390588069316
79.48295957088425,9.0,79.48295957088425,4.999964504093963,0.2852289923167415,3.643904357399986,4.900597647243788,0.21829935133947131,0.19602390588974408
79.50295957088426,9.0,79.50295957088426,4.999964504099075,0.2852289923166152,3.643904357604266,4.900597647446245,0.21829935134359335,0.196023905897877
79.52295957088425,9.0,79.52295957088425,4.99996450410417,0.28522899231658083,3.6439043578086148,4.9005976476498905,0.21829935135116374,0.19602390590601865
79.54295957088426,9.0,79.54295957088426,4.999964504109245,0.2852289923159653,3.6439043580124117,4.900597647853578,0.2182993513592888,0.19602390591410476
79.56295957088427,9.0,79.56295957088427,4.999964504114301,0.28522899231673776,3.6439043582149715,4.900597648056189,0.218299351368199,0.19602390592223226
79.56395957088426,9.0,79.56395957088426,4.999964504114558,0.28522899231565446,3.6439043582042023,4.900597647870067,0.21829935128354894,0.19602390591908964
79.57995957088427,9.0,79.57995957088427,4.99996450411859,0.28522899231684934,3.6439043584083652,4.90059764843166,0.21829935156484392,0.19602390593633526
79.59995957088428,9.0,79.59995957088428,4.9999645041236,0.2852289923173475,3.643904358584789,4.900597648401036,0.21829935136108247,0.19602390593603544
79.61995957088429,9.0,79.61995957088429,4.9999645041286005,0.28522899231666987,3.643904358790719,4.900597648650953,0.21829935141501933,0.19602390594663732
79.6399595708843,9.0,79.6399595708843,4.99996450413358,0.28522899231695753,3.643904358989494,4.900597648842157,0.21829935139488388,0.19602390595304633
79.6599595708843,9.0,79.6599595708843,4.999964504138539,0.2852289923169052,3.6439043591860933,4.900597649009086,0.21829935139465562,0.19602390596035268
79.67995957088431,9.0,79.67995957088431,4.9999645041434775,0.2852289923165879,3.643904359385972,4.9005976492297885,0.21829935143202261,0.19602390596982794
79.69995957088432,9.0,79.69995957088432,4.999964504148399,0.2852289923171604,3.6439043595845355,4.900597649440669,0.2182993514283611,0.19602390597702182
79.71995957088431,9.0,79.71995957088431,4.999964504153299,0.2852289923170103,3.6439043597784693,4.900597649602191,0.2182993514283731,0.1960239059847067
79.73995957088432,9.0,79.73995957088432,4.999964504158184,0.28522899231688303,3.643904359978348,4.900597649836245,0.21829935144985235,0.1960239059928453
79.75995957088432,9.0,79.75995957088432,4.9999645041630485,0.2852289923172347,3.643904360170039,4.900597649994564,0.21829935143882073,0.19602390599977448
79.77995957088433,9.0,79.77995957088433,4.999964504167894,0.28522899231727566,3.6439043603659176,4.900597650209652,0.21829935147342638,0.19602390600904485
79.79995957088434,9.0,79.79995957088434,4.999964504172718,0.28522899231724047,3.643904360561968,4.900597650418033,0.2182993514696605,0.196023906016074
79.81995957088435,9.0,79.81995957088435,4.99996450417753,0.2852289923172948,3.643904360751957,4.900597650575649,0.21829935146224067,0.1960239060230072
79.82095957088436,9.0,79.82095957088436,4.999964504177773,0.2852289923165702,3.643904360741231,4.900597650397782,0.21829935128492206,0.1960239060159266
79.83695957088435,9.0,79.83695957088435,4.999964504181605,0.28522899231799476,3.6439043609376864,4.900597650945931,0.218299351681837,0.1960239060378116
79.85695957088436,9.0,79.85695957088436,4.999964504186371,0.28522899231701554,3.643904361108791,4.900597650944561,0.2182993514859315,0.1960239060377514
79.87695957088437,9.0,79.87695957088437,4.999964504191123,0.2852289923176021,3.643904361301857,4.900597651159772,0.21829935150911695,0.1960239060464338
79.89695957088438,9.0,79.89695957088438,4.999964504195859,0.2852289923174412,3.643904361490126,4.900597651327765,0.21829935150047897,0.19602390605313738
79.91695957088437,9.0,79.91695957088437,4.999964504200578,0.2852289923176014,3.6439043616804163,4.90059765152077,0.21829935151547897,0.19602390606084555
79.93695957088438,9.0,79.93695957088438,4.999964504205276,0.28522899231767146,3.643904361870398,4.900597651711549,0.21829935152517121,0.19602390606845177
79.9569595708844,9.0,79.9569595708844,4.999964504209957,0.2852289923171702,3.643904362058539,4.900597651899734,0.21829935153284463,0.1960239060759934
79.9769595708844,9.0,79.9769595708844,4.999964504214619,0.28522899231793347,3.6439043622460416,4.900597652087198,0.21829935154755242,0.1960239060840847
79.9969595708844,9.0,79.9969595708844,4.999964504219262,0.28522899231813376,3.643904362434248,4.900597652289554,0.2182993515485312,0.19602390609097228
80.0,9.0,80.0,4.999964504219968,0.2852289923173391,3.643904362449386,4.900597652171248,0.21829935143276025,0.19602390608682438
