sweep,vin,t,v5,vref,vadj,vfan,i317,ifan
0.0,9.0,0.0,4.999853510152841,0.041566672368943604,0.18864285540181747,1.4454459303037905,0.0643880471012297,0.05781783721215398
0.0020000000000002655,9.0,0.0020000000000002655,4.999853510152879,0.0415667065249176,0.1886428599011024,1.4454459338238648,0.06438805024474958,0.05781783735516104
0.006000000000000796,9.0,0.006000000000000796,4.999853510152894,0.04156673331377837,0.18864286411138673,1.4454459384914167,0.06438805323003138,0.05781783753965335
0.014000000000000123,9.0,0.014000000000000123,4.9998535101528665,0.04156678563829022,0.1886428718561781,1.445445946637281,0.06438805624154531,0.0578178378654908
0.030000000000000512,9.0,0.030000000000000512,4.999853510152821,0.0415668906844288,0.1886428872234738,1.4454459621513085,0.06438805849813045,0.05781783848605262
0.0499999999999997,9.0,0.0499999999999997,4.999853510152768,0.04156702203831483,0.18864290637679074,1.4454459813324134,0.06438805942378323,0.05781783925329125
0.06999999999999888,9.0,0.06999999999999888,4.999853510152715,0.041567153439880045,0.18864292550376385,1.4454460004165375,0.06438805999728048,0.05781784001666751
0.08999999999999807,9.0,0.08999999999999807,4.999853510152666,0.04156728489115005,0.18864294463252188,1.4454460194883358,0.06438806068706293,0.0578178407795373
0.10999999999999725,9.0,0.10999999999999725,4.999853510152616,0.04156741639495124,0.1886429638038362,1.4454460386817505,0.06438806154409638,0.057817841547267525
0.12999999999999645,9.0,0.12999999999999645,4.999853510152573,0.04156754794600307,0.1886429829708993,1.4454460578477528,0.06438806240634742,0.05781784231505539
0.14999999999999564,9.0,0.14999999999999564,4.999853510152529,0.04156767954519668,0.1886430021539385,1.445446077048656,0.06438806325022273,0.057817843080800124
0.16999999999999482,9.0,0.16999999999999482,4.999853510152489,0.04156781118813185,0.18864302131577645,1.445446096166826,0.06438806409129005,0.05781784384723519
0.189999999999994,9.0,0.189999999999994,4.999853510152452,0.041567942879735656,0.1886430405201983,1.445446115405594,0.0643880649852806,0.05781784461621989
0.2099999999999932,9.0,0.2099999999999932,4.999853510152415,0.04156807461365428,0.18864305970874784,1.4454461345816045,0.06438806582472423,0.05781784538326076
0.22999999999999238,9.0,0.22999999999999238,4.99985351015238,0.0415682063915059,0.18864307890970267,1.4454461537813197,0.06438806668445174,0.057817846151251205
0.24999999999999156,9.0,0.24999999999999156,4.999853510152345,0.04156833821177278,0.18864309811694882,1.4454461729884138,0.06438806753777537,0.057817846918969275
0.26999999999999075,9.0,0.26999999999999075,4.999853510152314,0.04156847007307107,0.1886431173260425,1.4454461921870672,0.06438806839680578,0.057817847687473
0.27099999999999,9.0,0.27099999999999,4.99985351015232,0.04156847666292023,0.18864311823893057,1.4454461930145817,0.0643880683129352,0.0578178477205888
0.2869999999999904,9.0,0.2869999999999904,4.999853510152295,0.04156858219110143,0.18864313370429353,1.4454462086350293,0.06438806926758112,0.057817848346263745
0.30699999999998956,9.0,0.30699999999998956,4.99985351015226,0.04156871412403172,0.18864315289678033,1.4454462277828355,0.06438807000447233,0.05781784911073248
0.32699999999998874,9.0,0.32699999999998874,4.999853510152234,0.04156884609808905,0.18864317212421486,1.4454462470017586,0.06438807085263343,0.057817849880069605
0.34699999999998793,9.0,0.34699999999998793,4.999853510152212,0.04156897810952117,0.1886431913543475,1.4454462662197283,0.064388071703403,0.057817850648792836
0.3669999999999871,9.0,0.3669999999999871,4.99985351015219,0.04156911015812247,0.1886432105958376,1.4454462854622503,0.06438807257704582,0.05781785141906376
0.3869999999999863,9.0,0.3869999999999863,4.999853510152169,0.04156924224275028,0.18864322984701035,1.4454463047235153,0.06438807343226749,0.057817852188361794
0.4069999999999855,9.0,0.4069999999999855,4.9998535101521515,0.0415693743606044,0.18864324908802044,1.4454463239424413,0.06438807428607374,0.057817852958277315
0.42699999999998467,9.0,0.42699999999998467,4.999853510152133,0.04156950651397925,0.18864326835457657,1.445446343230611,0.06438807516337675,0.05781785372921891
0.44699999999998385,9.0,0.44699999999998385,4.9998535101521195,0.041569638698505634,0.18864328760975355,1.4454463624733058,0.06438807600099417,0.057817854498354915
0.46699999999998304,9.0,0.46699999999998304,4.999853510152108,0.041569770914789445,0.188643306870977,1.4454463817241985,0.06438807687124048,0.05781785526953898
0.4869999999999822,9.0,0.4869999999999822,4.999853510152098,0.04156990316302714,0.1886433261510616,1.4454464010257362,0.06438807774617183,0.05781785604103188
0.5069999999999815,9.0,0.5069999999999815,4.9998535101520885,0.04157003543945997,0.1886433454198728,1.445446420281354,0.0643880785827684,0.05781785681067696
0.5269999999999806,9.0,0.5269999999999806,4.999853510152083,0.041570167744614986,0.18864336469404688,1.445446439545103,0.06438807944642055,0.05781785758180082
0.5279999999999798,9.0,0.5279999999999798,4.999853510152089,0.04157017435635788,0.18864336561051862,1.4454464403762985,0.06438807943487501,0.057817857618052956
0.5439999999999803,9.0,0.5439999999999803,4.999853510152088,0.041570280230560766,0.18864338113358894,1.445446456070343,0.06438808029555876,0.05781785824108902
0.5639999999999794,9.0,0.5639999999999794,4.99985351015208,0.04157041258169006,0.1886434003666187,1.4454464752112406,0.06438808104474092,0.057817859009032004
0.5839999999999786,9.0,0.5839999999999786,4.999853510152079,0.04157054496548367,0.18864341967992285,1.4454464945720151,0.06438808194542911,0.05781785978344324
0.6039999999999778,9.0,0.6039999999999778,4.9998535101520805,0.041570677370726374,0.1886434389606753,1.4454465138256591,0.06438808276063213,0.05781786055302798
0.623999999999977,9.0,0.623999999999977,4.999853510152082,0.04157080980047095,0.18864345825328988,1.4454465331072588,0.06438808362088533,0.05781786132429599
0.6439999999999761,9.0,0.6439999999999761,4.99985351015209,0.04157094225352796,0.1886434775553548,1.4454465524118543,0.06438808449251099,0.057817862096477504
0.6639999999999753,9.0,0.6639999999999753,4.999853510152098,0.041571074728193186,0.18864349685941972,1.445446571716341,0.06438808535554219,0.0578178628686505
0.6839999999999745,9.0,0.6839999999999745,4.999853510152105,0.04157120722356173,0.18864351616626313,1.445446591022488,0.06438808620958103,0.057817863640318726
0.7039999999999736,9.0,0.7039999999999736,4.999853510152118,0.04157133973820446,0.1886435354713924,1.4454466103169823,0.0643880870707102,0.05781786441267642
0.7239999999999729,9.0,0.7239999999999729,4.999853510152132,0.041571472272434684,0.18864355478897446,1.4454466296454305,0.06438808795160034,0.057817865186386604
0.743999999999972,9.0,0.743999999999972,4.999853510152149,0.04157160482423417,0.18864357410795576,1.4454466489726019,0.0643880888018109,0.057817865958326005
0.7639999999999713,9.0,0.7639999999999713,4.999853510152166,0.041571737391400604,0.18864359341536474,1.4454466682570153,0.06438808964921616,0.05781786673027445
0.7839999999999704,9.0,0.7839999999999704,4.999853510152187,0.041571869975701725,0.18864361274114233,1.4454466875945617,0.06438809053537753,0.057817867504351084
0.7849999999999697,9.0,0.7849999999999697,4.999853510152193,0.04157187660321388,0.18864361368406987,1.445446688497048,0.06438809051068572,0.05781786753988851
0.8009999999999701,9.0,0.8009999999999701,4.999853510152209,0.041571982685146634,0.18864362918383976,1.4454467040685164,0.06438809132691592,0.05781786816360716
0.8209999999999693,9.0,0.8209999999999693,4.999853510152228,0.04157211529360505,0.1886436484898779,1.4454467233469936,0.06438809211515617,0.05781786893328406
0.8409999999999684,9.0,0.8409999999999684,4.999853510152252,0.04157224791653813,0.18864366781730396,1.4454467426763182,0.06438809298328585,0.057817869707060904
0.8609999999999676,9.0,0.8609999999999676,4.999853510152281,0.041572380550610334,0.1886436871398754,1.4454467619875846,0.06438809382880684,0.05781787047893509
0.8809999999999668,9.0,0.8809999999999668,4.999853510152312,0.041572513195509794,0.1886437064653138,1.4454467813037648,0.0643880947028358,0.05781787125271335
0.900999999999966,9.0,0.900999999999966,4.999853510152344,0.04157264585137915,0.18864372580595887,1.4454468006659922,0.06438809557892855,0.05781787202663753
0.9209999999999652,9.0,0.9209999999999652,4.999853510152379,0.04157277851443766,0.18864374513177382,1.4454468199786015,0.06438809642298793,0.057817872799146686
0.9409999999999643,9.0,0.9409999999999643,4.999853510152415,0.04157291118573673,0.18864376446507541,1.4454468393113002,0.06438809728770256,0.057817873572457636
0.9609999999999636,9.0,0.9609999999999636,4.999853510152455,0.04157304386366222,0.188643783799337,1.4454468586455826,0.06438809815101632,0.05781787434582273
0.9809999999999628,9.0,0.9809999999999628,4.999853510152496,0.04157317654719778,0.1886438031343468,1.445446877980014,0.06438809900602627,0.057817875118624386
1.000999999999962,9.0,1.000999999999962,4.999853510152538,0.041573309234884115,0.18864382246534123,1.4454468973004044,0.06438809987433614,0.05781787589259823
1.020999999999961,9.0,1.020999999999961,4.999853510152586,0.04157344192749634,0.18864384181153507,1.4454469166673718,0.06438810075542023,0.05781787666727093
1.0409999999999604,9.0,1.0409999999999604,4.999853510152631,0.04157357462159095,0.1886438611466357,1.4454469359990507,0.06438810159934383,0.057817877439959954
1.0419999999999596,9.0,1.0419999999999596,4.999853510152641,0.04157358125177448,0.1886438620624433,1.4454469368234242,0.06438810143396378,0.057817877469929904
1.0579999999999599,9.0,1.0579999999999599,4.999853510152683,0.041573687415031216,0.18864387760714843,1.4454469524874636,0.06438810240831683,0.05781787809863644
1.0779999999999592,9.0,1.0779999999999592,4.999853510152725,0.04157382010856475,0.18864389691322359,1.4454469717510825,0.0643881032091832,0.05781787887064002
1.0979999999999583,9.0,1.0979999999999583,4.9998535101527795,0.04157395280609226,0.188643916268233,1.4454469911428383,0.0643881040757579,0.05781787964514579
1.1179999999999575,9.0,1.1179999999999575,4.999853510152838,0.041574085498570904,0.18864393558325024,1.4454470104098847,0.06438810488946556,0.05781788041638965
1.1379999999999566,9.0,1.1379999999999566,4.999853510152896,0.041574218191232214,0.1886439549263174,1.4454470297655488,0.06438810578276222,0.057817881191202354
1.157999999999956,9.0,1.157999999999956,4.999853510152957,0.041574350880325586,0.18864397426742663,1.4454470491173008,0.06438810664476102,0.05781788196469619
1.177999999999955,9.0,1.177999999999955,4.999853510153019,0.041574483563968624,0.1886439935974127,1.4454470684345129,0.06438810749131407,0.057817882737374406
1.1979999999999542,9.0,1.1979999999999542,4.999853510153083,0.041574616242696455,0.18864401293282124,1.4454470877699621,0.06438810835656494,0.05781788351079745
1.2179999999999533,9.0,1.2179999999999533,4.999853510153155,0.041574748914876544,0.18864403226707083,1.445447107104324,0.06438810921212934,0.05781788428359565
1.2379999999999527,9.0,1.2379999999999527,4.9998535101532235,0.04157488157906562,0.1886440515955009,1.4454471264223092,0.06438811007946033,0.057817885057463124
1.257999999999952,9.0,1.257999999999952,4.999853510153296,0.041575014235989007,0.18864407093672358,1.4454471457842606,0.06438811095243746,0.05781788583137818
1.2779999999999512,9.0,1.2779999999999512,4.999853510153371,0.0415751468818849,0.18864409026113182,1.4454471650953744,0.06438811178177362,0.05781788660267414
1.2979999999999503,9.0,1.2979999999999503,4.999853510153451,0.04157527951690941,0.1886441095814143,1.4454471843953764,0.06438811264518907,0.05781788737581759
1.3179999999999494,9.0,1.3179999999999494,4.999853510153529,0.041575412142089964,0.18864412891951618,1.44544720375673,0.06438811354591212,0.05781788815141568
1.3379999999999486,9.0,1.3379999999999486,4.999853510153613,0.041575544754320556,0.18864414825279294,1.4454472231072404,0.06438811439637304,0.0578178889242827
1.357999999999948,9.0,1.357999999999948,4.999853510153697,0.041575677351066265,0.18864416756479582,1.4454472423937077,0.0643881152205289,0.0578178896951705
1.377999999999947,9.0,1.377999999999947,4.999853510153785,0.04157580993380667,0.1886441868825988,1.4454472617026641,0.06438811608984141,0.0578178904681059
1.3979999999999462,9.0,1.3979999999999462,4.999853510153875,0.041575942501687835,0.18864420620769007,1.4454472810403594,0.06438811697251456,0.057817891242187225
1.4179999999999455,9.0,1.4179999999999455,4.999853510153967,0.04157607505261595,0.18864422552848936,1.4454473003695878,0.06438811782023424,0.05781789201421377
1.4379999999999447,9.0,1.4379999999999447,4.999853510154063,0.04157620758443748,0.18864424483261205,1.4454473196506505,0.06438811866438221,0.05781789278601844
1.4579999999999438,9.0,1.4579999999999438,4.99985351015416,0.04157634009890036,0.1886442641499662,1.4454473389797524,0.06438811954733814,0.05781789355975004
1.477999999999943,9.0,1.477999999999943,4.999853510154257,0.04157647259334004,0.188644283462503,1.4454473583013665,0.06438812039633279,0.05781789433148373
1.497999999999942,9.0,1.497999999999942,4.9998535101543595,0.04157660506561249,0.1886443027581585,1.4454473775741448,0.06438812124050519,0.057817895102964006
1.5179999999999414,9.0,1.5179999999999414,4.999853510154466,0.0415767375174434,0.1886443220664561,1.4454473968941892,0.06438812212301326,0.057817895876352256
1.5379999999999405,9.0,1.5379999999999405,4.999853510154574,0.04157686994623045,0.18864434137010422,1.4454474162068836,0.06438812297790664,0.057817896648263915
1.5579999999999397,9.0,1.5579999999999397,4.999853510154685,0.041577002350114044,0.18864436066001858,1.445447435483808,0.06438812382131565,0.05781789741935622
1.577999999999939,9.0,1.577999999999939,4.999853510154798,0.04157713472963555,0.18864437995296274,1.4454474547768503,0.06438812468364585,0.05781789819107559
1.5979999999999381,9.0,1.5979999999999381,4.9998535101549155,0.04157726708312241,0.18864439924166115,1.4454474740657,0.06438812554270013,0.057817898962632314
1.6179999999999373,9.0,1.6179999999999373,4.9998535101550345,0.041577399409580065,0.1886444185263371,1.4454474933497876,0.06438812639968583,0.05781789973399148
1.6379999999999364,9.0,1.6379999999999364,4.999853510155157,0.0415775317079857,0.18864443780689655,1.4454475126296416,0.06438812725627407,0.057817900505185205
1.6579999999999355,9.0,1.6579999999999355,4.9998535101552815,0.04157766397733405,0.18864445708326075,1.4454475319052649,0.06438812810592398,0.05781790127563624
1.6779999999999349,9.0,1.6779999999999349,4.999853510155408,0.041577796216169714,0.18864447635063963,1.4454475511620932,0.06438812896892299,0.05781790204705789
1.697999999999934,9.0,1.697999999999934,4.999853510155538,0.04157792842525426,0.18864449562816868,1.4454475704604222,0.06438812984453868,0.05781790281898863
1.7179999999999331,9.0,1.7179999999999331,4.999853510155672,0.04157806060118919,0.1886445148899058,1.4454475897187722,0.06438813066918248,0.05781790358758926
1.7379999999999325,9.0,1.7379999999999325,4.999853510155806,0.04157819274276564,0.1886445341337359,1.4454476089307513,0.06438813152178313,0.05781790435780269
1.7579999999999316,9.0,1.7579999999999316,4.999853510155944,0.04157832485298105,0.18864455340295874,1.445447628234011,0.06438813241565555,0.057817905129932304
1.7779999999999307,9.0,1.7779999999999307,4.999853510156087,0.041578456926403044,0.18864457264954618,1.4454476474772227,0.0643881332501286,0.05781790589908823
1.7979999999999299,9.0,1.7979999999999299,4.999853510156231,0.04157858896326471,0.18864459188699498,1.445447666701761,0.06438813408632182,0.05781790666749709
1.817999999999929,9.0,1.817999999999929,4.99985351015638,0.04157872096308611,0.18864461112097278,1.44544768592672,0.06438813494684392,0.05781790743705914
1.8379999999999284,9.0,1.8379999999999284,4.999853510156532,0.041578852925536265,0.18864463035872467,1.4454477051763461,0.0643881358153564,0.0578179082070483
1.8579999999999275,9.0,1.8579999999999275,4.999853510156686,0.041578984848155705,0.188644649584394,1.4454477244004809,0.06438813666395327,0.057817908976018934
1.8779999999999266,9.0,1.8779999999999266,4.999853510156841,0.04157911673055582,0.1886446688047211,1.445447743619242,0.06438813750856587,0.05781790974419435
1.897999999999926,9.0,1.897999999999926,4.999853510157002,0.041579248571292464,0.1886446880148287,1.4454477628187157,0.0643881383615631,0.057817910512749295
1.917999999999925,9.0,1.917999999999925,4.999853510157167,0.04157938037065527,0.18864470722871454,1.4454477820435931,0.06438813923380748,0.0578179112823134
1.9379999999999242,9.0,1.9379999999999242,4.999853510157332,0.04157951212657376,0.18864472643467886,1.4454478012577976,0.06438814008133631,0.057817912050316195
1.9579999999999234,9.0,1.9579999999999234,4.999853510157502,0.04157964383730041,0.1886447456247379,1.4454478204347327,0.06438814091203049,0.057817912816815885
1.9779999999999225,9.0,1.9779999999999225,4.999853510157679,0.04157977550291592,0.1886447648104931,1.445447839610797,0.06438814176861218,0.05781791358442794
1.9979999999999218,9.0,1.9979999999999218,4.999853510157855,0.04157990712303046,0.18864478399852608,1.4454478588106523,0.06438814264089265,0.057817914352996824
2.0179999999999207,9.0,2.0179999999999207,4.999853510158036,0.04158003869568068,0.1886448031782639,1.445447877998704,0.06438814349367239,0.057817915120521896
2.0379999999999203,9.0,2.0379999999999203,4.999853510158222,0.04158017021951952,0.18864482234584926,1.445447897163009,0.06438814432265938,0.057817915885943906
2.0579999999999194,9.0,2.0579999999999194,4.999853510158408,0.04158030169325071,0.1886448414982049,1.4454479162940725,0.06438814516465596,0.05781791665175298
2.0779999999999186,9.0,2.0779999999999186,4.999853510158598,0.041580433118073745,0.18864486065890496,1.445447935467531,0.06438814602010778,0.057817917417551636
2.0979999999999177,9.0,2.0979999999999177,4.999853510158792,0.04158056449008379,0.1886448797963576,1.445447954584551,0.06438814687264305,0.057817918183949296
2.117999999999917,9.0,2.117999999999917,4.999853510158992,0.04158069581195814,0.18864489895036274,1.4454479737701693,0.06438814775170154,0.057817918951385966
2.137999999999916,9.0,2.137999999999916,4.999853510159194,0.041580827078942055,0.18864491808005912,1.4454479928954147,0.0643881485640434,0.05781791971465681
2.157999999999915,9.0,2.157999999999915,4.999853510159399,0.041580958290406436,0.18864493718937553,1.445448011972085,0.06438814941448179,0.05781792048002306
2.1779999999999147,9.0,2.1779999999999147,4.9998535101596095,0.04158108944971735,0.18864495632534717,1.4454480311519224,0.064388150294175,0.05781792124608453
2.197999999999914,9.0,2.197999999999914,4.999853510159822,0.041581220549754605,0.18864497542156383,1.445448050223333,0.06438815110817764,0.05781792200892022
2.217999999999913,9.0,2.217999999999913,4.9998535101600385,0.041581351593504894,0.18864499452116096,1.4454480693226237,0.06438815196092806,0.057817922772910854
2.237999999999912,9.0,2.237999999999912,4.999853510160262,0.04158148257893374,0.18864501361258948,1.4454480884147425,0.06438815281041821,0.05781792353659929
2.257999999999911,9.0,2.257999999999911,4.999853510160484,0.04158161350499219,0.18864503269507527,1.4454481074968037,0.06438815365615003,0.05781792429986738
2.2779999999999103,9.0,2.2779999999999103,4.9998535101607136,0.04158174437064756,0.18864505176818266,1.4454481265692236,0.0643881544943008,0.05781792506221153
2.2979999999999094,9.0,2.2979999999999094,4.999853510160951,0.04158187517462272,0.18864507082854348,1.445448145619005,0.06438815533891662,0.05781792582475848
2.3179999999999086,9.0,2.3179999999999086,4.999853510161189,0.04158200591713954,0.188645089889208,1.4454481646906434,0.06438815620248795,0.05781792658819356
2.3379999999999077,9.0,2.3379999999999077,4.999853510161429,0.04158213659623152,0.18864510893938394,1.4454481837490396,0.06438815703488121,0.05781792734939317
2.3579999999999073,9.0,2.3579999999999073,4.9998535101616755,0.04158226720976125,0.1886451279665417,1.445448202753236,0.06438815787065688,0.05781792811069323
2.3779999999999064,9.0,2.3779999999999064,4.999853510161925,0.04158239775987912,0.18864514700441531,1.4454482218128109,0.06438815871750303,0.05781792887136116
2.3979999999999055,9.0,2.3979999999999055,4.999853510162181,0.04158252824144408,0.188645166007875,1.4454482407841653,0.06438815955776422,0.057817929632505684
2.4179999999999047,9.0,2.4179999999999047,4.999853510162441,0.041582658658910615,0.18864518503569147,1.4454482598544678,0.0643881604280897,0.05781793039418883
2.437999999999904,9.0,2.437999999999904,4.999853510162706,0.04158278900530239,0.18864520402260632,1.4454482788163046,0.06438816123596802,0.05781793115264052
2.457999999999903,9.0,2.457999999999903,4.999853510162973,0.041582919283571114,0.18864522301144812,1.4454482978048668,0.06438816206948594,0.05781793191103922
2.477999999999902,9.0,2.477999999999902,4.999853510163247,0.041583049490844515,0.18864524198111096,1.4454483167555747,0.06438816291990568,0.0578179326707917
2.4979999999999016,9.0,2.4979999999999016,4.999853510163527,0.041583179629143756,0.18864526096424541,1.4454483357713366,0.06438816378528334,0.05781793343085362
2.5179999999999003,9.0,2.5179999999999003,4.99985351016381,0.04158330969331225,0.1886452799151346,1.4454483547080492,0.06438816460183339,0.05781793418830947
2.5379999999999,9.0,2.5379999999999,4.9998535101640975,0.0415834396849205,0.18864529886138412,1.445448373652961,0.0643881654418571,0.05781793494612487
2.5579999999998986,9.0,2.5579999999998986,4.99985351016439,0.041583569602566886,0.18864531779801103,1.4454483925894905,0.06438816628190802,0.05781793570356844
2.577999999999898,9.0,2.577999999999898,4.999853510164688,0.04158369944507813,0.18864533672283157,1.4454484115138668,0.06438816711976081,0.05781793646055655
2.597999999999897,9.0,2.597999999999897,4.999853510164994,0.041583829211607165,0.18864535563688678,1.445448430427252,0.06438816795677127,0.05781793721709516
2.6179999999998964,9.0,2.6179999999998964,4.999853510165302,0.04158395890115985,0.18864537453972324,1.4454484493294244,0.06438816880003062,0.057817937973764895
2.6379999999998955,9.0,2.6379999999998955,4.999853510165618,0.041584088513181475,0.18864539343569536,1.4454484682345863,0.06438816964251237,0.05781793872996227
2.6579999999998947,9.0,2.6579999999998947,4.999853510165939,0.041584218045821776,0.18864541231497442,1.44544848711146,0.06438817045163847,0.05781793948332386
2.677999999999894,9.0,2.677999999999894,4.999853510166263,0.04158434749744575,0.18864543117016788,1.445448505935616,0.06438817128511154,0.05781794023799144
2.6979999999998934,9.0,2.6979999999998934,4.999853510166592,0.04158447687097007,0.18864545004306665,1.4454485248427202,0.06438817214409409,0.05781794099312787
2.717999999999892,9.0,2.717999999999892,4.999853510166932,0.0415846061602497,0.18864546887722222,1.4454485436537843,0.06438817296359756,0.05781794174672328
2.7379999999998916,9.0,2.7379999999998916,4.9998535101672745,0.041584735368697265,0.18864548772000456,1.4454485625167155,0.06438817381036477,0.05781794250066773
2.7579999999998908,9.0,2.7579999999998908,4.999853510167624,0.041584864492019695,0.18864550653480056,1.4454485813189148,0.06438817462677415,0.057817943252765895
2.77799999999989,9.0,2.77799999999989,4.999853510167979,0.041584993531296646,0.1886455253437011,1.4454486001274371,0.06438817545513931,0.05781794400453135
2.797999999999889,9.0,2.797999999999889,4.99985351016834,0.04158512248457102,0.18864554413552198,1.4454486189094697,0.06438817629451754,0.057817944756950956
2.8179999999998886,9.0,2.8179999999998886,4.99985351016871,0.04158525135263843,0.18864556292894002,1.4454486377238058,0.06438817713096645,0.05781794550838166
2.8379999999998873,9.0,2.8379999999998873,4.999853510169085,0.04158538013137708,0.188645581689453,1.4454486564612383,0.06438817794312968,0.05781794625844972
2.857999999999887,9.0,2.857999999999887,4.999853510169465,0.04158550882318133,0.18864560045307585,1.4454486752359421,0.06438817878799297,0.05781794700943697
2.8779999999998855,9.0,2.8779999999998855,4.999853510169852,0.04158563742509407,0.18864561919774492,1.4454486939797586,0.06438817962024013,0.057817947759764066
2.897999999999885,9.0,2.897999999999885,4.999853510170248,0.0415857659371517,0.18864563793378414,1.4454487127243194,0.06438818043982297,0.05781794850840642
2.917999999999884,9.0,2.917999999999884,4.999853510170649,0.04158589435672223,0.18864565664291125,1.44544873141123,0.06438818125428647,0.05781794925644074
2.9379999999998834,9.0,2.9379999999998834,4.999853510171059,0.041586022685571614,0.1886456753540072,1.445448750134279,0.06438818210512087,0.05781795000594098
2.9579999999998825,9.0,2.9579999999998825,4.999853510171476,0.04158615092118606,0.18864569404979942,1.445448768839161,0.06438818292122739,0.05781795075300624
2.9779999999998816,9.0,2.9779999999998816,4.999853510171899,0.04158627906151191,0.18864571271804378,1.445448787484553,0.06438818373868327,0.057817951499950865
2.9979999999998808,9.0,2.9979999999998808,4.99985351017233,0.04158640710878223,0.18864573139274823,1.44544880618092,0.06438818458047824,0.057817952247230596
3.0179999999998803,9.0,3.0179999999998803,4.9998535101727715,0.04158653505871013,0.18864575003727999,1.4454488248130979,0.06438818538184632,0.05781795299195936
3.037999999999879,9.0,3.037999999999879,4.999853510173219,0.041586662912046275,0.18864576866972424,1.4454488434352604,0.06438818621485609,0.05781795373798095
3.0579999999998786,9.0,3.0579999999998786,4.999853510173674,0.041586790668977365,0.18864578730182732,1.4454488620889054,0.06438818705147575,0.05781795448356053
3.0779999999998777,9.0,3.0779999999998777,4.999853510174137,0.04158691832585924,0.18864580590391325,1.44544888067789,0.06438818784898259,0.057817955226542
3.097999999999877,9.0,3.097999999999877,4.999853510174609,0.041587045883363545,0.18864582449304088,1.445448899256643,0.06438818867280993,0.05781795597025813
3.117999999999876,9.0,3.117999999999876,4.99985351017509,0.04158717334134924,0.18864584307739954,1.4454489178527,0.06438818950762326,0.05781795671411387
3.1379999999998756,9.0,3.1379999999998756,4.9998535101755825,0.04158730069746753,0.18864586164114538,1.4454489364149932,0.0643881903225112,0.057817957456595306
3.1579999999998742,9.0,3.1579999999998742,4.999853510176083,0.0415874279513433,0.18864588018999992,1.4454489549623377,0.06438819114622463,0.0578179581990614
3.177999999999874,9.0,3.177999999999874,4.999853510176592,0.04158755510250273,0.18864589872846152,1.4454489735099734,0.06438819195771783,0.0578179589398352
3.1979999999998725,9.0,3.1979999999998725,4.999853510177108,0.041587682148324666,0.18864591723769927,1.445448991997143,0.06438819276253727,0.057817959679888134
3.217999999999872,9.0,3.217999999999872,4.999853510177639,0.04158780909067639,0.18864593574760483,1.4454490105189657,0.06438819360345172,0.0578179604213261
3.2379999999998708,9.0,3.2379999999998708,4.999853510178177,0.041587935927043754,0.18864595424043823,1.4454490290208897,0.06438819441639432,0.05781796116084317
3.2579999999998703,9.0,3.2579999999998703,4.999853510178724,0.041588062655788974,0.1886459727079385,1.4454490474754478,0.06438819521682138,0.0578179618990054
3.2779999999998695,9.0,3.2779999999998695,4.999853510179284,0.04158818927745971,0.18864599116568376,1.4454490659334112,0.0643881960290551,0.05781796263676257
3.2979999999998686,9.0,3.2979999999998686,4.999853510179855,0.04158831579023003,0.1886460096032247,1.4454490843612713,0.06438819685116781,0.05781796337501639
3.3179999999998677,9.0,3.3179999999998677,4.999853510180436,0.04158844219490579,0.18864602803872688,1.4454491028177143,0.06438819767657455,0.05781796411270118
3.3379999999998673,9.0,3.3379999999998673,4.999853510181026,0.041588568487849635,0.188646046442325,1.4454491212081007,0.06438819847783417,0.057817964848905334
3.357999999999866,9.0,3.357999999999866,4.999853510181632,0.04158869467067897,0.1886460648407563,1.4454491396158597,0.0643881992852503,0.05781796558405068
3.3779999999998656,9.0,3.3779999999998656,4.999853510182247,0.04158882074014443,0.18864608320837034,1.4454491579621362,0.06438820008480195,0.05781796631848406
3.3979999999998647,9.0,3.3979999999998647,4.999853510182877,0.04158894669819216,0.18864610157527387,1.4454491763411053,0.06438820091206654,0.05781796705364191
3.417999999999864,9.0,3.417999999999864,4.9998535101835175,0.041589072541882016,0.18864611991906097,1.4454491946841033,0.06438820171763637,0.0578179677873743
3.437999999999863,9.0,3.437999999999863,4.999853510184172,0.041589198270981294,0.18864613824648932,1.4454492130101726,0.06438820252388044,0.05781796852040978
3.4579999999998625,9.0,3.4579999999998625,4.999853510184839,0.04158932388461014,0.1886461565571994,1.4454492313201326,0.06438820333107853,0.05781796925281766
3.477999999999861,9.0,3.477999999999861,4.999853510185522,0.04158944938193413,0.18864617485127527,1.4454492496136129,0.06438820413764745,0.05781796998454742
3.4979999999998608,9.0,3.4979999999998608,4.999853510186218,0.0415895747620468,0.1886461931281043,1.4454492678898356,0.06438820494322695,0.05781797071559385
3.5179999999998595,9.0,3.5179999999998595,4.999853510186927,0.04158970002411064,0.1886462113877706,1.4454492861489077,0.06438820574809634,0.05781797144596415
3.537999999999859,9.0,3.537999999999859,4.999853510187652,0.041589825167323055,0.188646229630481,1.4454493043909946,0.06438820654530197,0.057817972175065756
3.5579999999998577,9.0,3.5579999999998577,4.9998535101883945,0.0415899501903465,0.1886462478510167,1.4454493226010594,0.06438820735517425,0.05781797290462103
3.5779999999998573,9.0,3.5779999999998573,4.999853510189151,0.04159007509410318,0.1886462660682593,1.4454493408391391,0.0643882081701378,0.05781797363357593
3.5979999999998564,9.0,3.5979999999998564,4.999853510189921,0.04159019987501007,0.18864628425225238,1.44544935901002,0.06438820894716002,0.05781797435981658
3.6179999999998556,9.0,3.6179999999998556,4.999853510190712,0.04159032453382265,0.18864630242026423,1.4454493771676546,0.06438820975093384,0.057817975086699766
3.6379999999998547,9.0,3.6379999999998547,4.9998535101915165,0.04159044907042738,0.18864632057994005,1.4454493953390728,0.06438821057185162,0.05781797581413473
3.6579999999998543,9.0,3.6579999999998543,4.9998535101923425,0.041590573482994726,0.18864633872028927,1.4454494134878049,0.06438821135929351,0.05781797653892975
3.677999999999853,9.0,3.677999999999853,4.999853510193185,0.0415906977695082,0.18864635682820707,1.4454494315728457,0.06438821214280677,0.05781797726290819
3.6979999999998525,9.0,3.6979999999998525,4.999853510194048,0.041590821931915864,0.18864637493374214,1.4454494496902432,0.06438821296419917,0.057817977988183396
3.7179999999998516,9.0,3.7179999999998516,4.999853510194929,0.041590945967820536,0.1886463930194832,1.4454494677851337,0.06438821375759896,0.057817978711405024
3.7379999999998508,9.0,3.7379999999998508,4.999853510195831,0.041591069875580124,0.18864641107647495,1.445449485829203,0.0643882145317396,0.057817979432604825
3.75799999999985,9.0,3.75799999999985,4.999853510196753,0.04159119365554461,0.18864642911714258,1.445449503860201,0.06438821533766137,0.05781798015497432
3.7779999999998495,9.0,3.7779999999998495,4.999853510197701,0.04159131730797847,0.18864644715285658,1.445449521917642,0.06438821614578005,0.05781798087670866
3.797999999999848,9.0,3.797999999999848,4.999853510198666,0.04159144082932236,0.18864646515374842,1.4454495399054665,0.0643882169208857,0.05781798159621978
3.8179999999998477,9.0,3.8179999999998477,4.999853510199655,0.04159156422078559,0.18864648314143037,1.445449557892647,0.0643882177086097,0.05781798231513511
3.8379999999998464,9.0,3.8379999999998464,4.999853510200671,0.041591687480696554,0.18864650110621264,1.4454495758476646,0.06438821851492005,0.05781798303505333
3.857999999999846,9.0,3.857999999999846,4.999853510201709,0.04159181061030258,0.18864651907008928,1.4454495938424106,0.06438821931754757,0.0578179837536894
3.8779999999998447,9.0,3.8779999999998447,4.999853510202774,0.04159193360476212,0.18864653698898448,1.4454496117365296,0.06438822006273637,0.057817984468314466
3.8979999999998443,9.0,3.8979999999998443,4.999853510203867,0.04159205646595721,0.188646554891714,1.4454496296200214,0.06438822086537044,0.0578179851853658
3.9179999999998434,9.0,3.9179999999998434,4.999853510204985,0.04159217919502004,0.18864657279877317,1.4454496475610723,0.06438822168807101,0.057817985903005166
3.9379999999998425,9.0,3.9379999999998425,4.999853510206135,0.041592301787323364,0.18864659066814193,1.4454496654264464,0.06438822245207887,0.05781798661705846
3.9579999999998416,9.0,3.9579999999998416,4.999853510207312,0.041592424243457826,0.18864660851458723,1.4454496832599169,0.0643882232122801,0.057817987329248206
3.977999999999841,9.0,3.977999999999841,4.999853510208523,0.04159254656270356,0.1886466263384195,1.4454497010649885,0.06438822400999644,0.05781798804317367
3.99799999999984,9.0,3.99799999999984,4.999853510209761,0.041592668746725084,0.18864664416580584,1.4454497189258475,0.06438822482071216,0.057817988757034006
4.017999999999839,9.0,4.017999999999839,4.999853510211036,0.04159279079059728,0.188646661951317,1.445449736697348,0.06438822558085788,0.057817989467894904
4.037999999999839,9.0,4.037999999999839,4.999853510212346,0.041592912696150404,0.18864667972279922,1.4454497544674885,0.06438822636350439,0.05781799017870168
4.057999999999838,9.0,4.057999999999838,4.999853510213691,0.041593034462119295,0.18864669747451865,1.445449772219246,0.06438822714587178,0.057817990888763784
4.077999999999837,9.0,4.077999999999837,4.999853510215075,0.04159315608769627,0.18864671520546472,1.445449789949756,0.06438822791906318,0.057817991597419426
4.097999999999836,9.0,4.097999999999836,4.999853510216499,0.041593277571769185,0.1886467329115392,1.445449807645402,0.06438822869757033,0.05781799230580742
4.117999999999835,9.0,4.117999999999835,4.999853510217962,0.041593398914923446,0.1886467506066851,1.4454498253515604,0.06438822949465273,0.05781799301463037
4.137999999999835,9.0,4.137999999999835,4.99985351021947,0.04159352011537995,0.18864676827937008,1.445449843032567,0.0643882302733686,0.057817993721884946
4.157999999999833,9.0,4.157999999999833,4.99985351022102,0.04159364117214866,0.1886467859263263,1.4454498606763702,0.06438823102112556,0.057817994425908445
4.177999999999833,9.0,4.177999999999833,4.999853510222619,0.04159376208381755,0.1886468035399823,1.445449878258977,0.064388231794969,0.057817995130935586
4.197999999999832,9.0,4.197999999999832,4.999853510224265,0.04159388285360824,0.1886468211625309,1.4454498959158282,0.06438823260743931,0.057817995837196656
4.217999999999831,9.0,4.217999999999831,4.999853510225965,0.04159400347639011,0.18864683874574795,1.445449913495742,0.06438823335260979,0.05781799653925049
4.23799999999983,9.0,4.23799999999983,4.99985351022772,0.041594123952392446,0.18864685629952876,1.4454499310268303,0.06438823411287631,0.05781799724108171
4.2579999999998295,9.0,4.2579999999998295,4.999853510229528,0.041594244283199196,0.18864687384812606,1.4454499485880146,0.06438823490278167,0.05781799794353354
4.277999999999828,9.0,4.277999999999828,4.9998535102313975,0.04159436446609628,0.18864689136918497,1.4454499661084708,0.06438823566963203,0.05781799864434084
4.297999999999828,9.0,4.297999999999828,4.999853510233328,0.04159448450094786,0.18864690886837251,1.4454499836063617,0.06438823642979441,0.057817999343694054
4.317999999999827,9.0,4.317999999999827,4.999853510235323,0.041594604386752866,0.18864692634177307,1.445450001069203,0.06438823720398501,0.05781800004334008
4.337999999999827,9.0,4.337999999999827,4.999853510237387,0.04159472412460503,0.18864694380782504,1.44545001855615,0.06438823798359694,0.05781800074224917
4.357999999999826,9.0,4.357999999999826,4.999853510239526,0.04159484371107645,0.18864696123617827,1.4454500359713989,0.06438823873186417,0.05781800143886013
4.377999999999825,9.0,4.377999999999825,4.99985351024174,0.041594963147594366,0.18864697864886829,1.4454500533836554,0.06438823949964312,0.05781800213534687
4.397999999999824,9.0,4.397999999999824,4.999853510244031,0.041595082432998295,0.18864699603979812,1.4454500707747535,0.06438824027189005,0.057818002831559676
4.417999999999823,9.0,4.417999999999823,4.999853510246413,0.04159520156705009,0.18864701341251414,1.4454500881568677,0.06438824102101115,0.057818003525134845
4.437999999999822,9.0,4.437999999999822,4.999853510248881,0.04159532054708966,0.18864703074445527,1.4454501054568953,0.06438824177663316,0.05781800421886079
4.457999999999822,9.0,4.457999999999822,4.999853510251446,0.04159543937703728,0.18864704808412797,1.445450122829992,0.06438824256723952,0.05781800491320995
4.47799999999982,9.0,4.47799999999982,4.999853510254112,0.04159555805161088,0.18864706537991618,1.4454501401125146,0.06438824331295312,0.0578180056050703
4.49799999999982,9.0,4.49799999999982,4.999853510256886,0.04159567657320779,0.18864708266350672,1.4454501574048435,0.06438824406593491,0.05781800629562055
4.517999999999819,9.0,4.517999999999819,4.999853510259773,0.041595794939087744,0.18864709991064788,1.44545017463055,0.06438824481236427,0.057818006985226225
4.537999999999818,9.0,4.537999999999818,4.9998535102627795,0.04159591315153054,0.18864711715114924,1.4454501918831661,0.06438824558651746,0.05781800767532068
4.557999999999817,9.0,4.557999999999817,4.999853510265917,0.04159603120799828,0.18864713436242572,1.4454502090937604,0.06438824633869533,0.05781800836375562
4.577999999999816,9.0,4.577999999999816,4.999853510269194,0.04159614910867179,0.18864715155121217,1.4454502262812414,0.0643882470911572,0.05781800905124717
4.597999999999816,9.0,4.597999999999816,4.999853510272616,0.04159626685315407,0.18864716871745768,1.4454502434467622,0.06438824784435648,0.05781800973787183
4.617999999999815,9.0,4.617999999999815,4.999853510276197,0.04159638444104874,0.188647185860962,1.4454502605897552,0.06438824858993408,0.05781801042301261
4.637999999999814,9.0,4.637999999999814,4.999853510279949,0.04159650187157365,0.1886472029768542,1.4454502776952511,0.06438824935475762,0.0578180111089632
4.657999999999813,9.0,4.657999999999813,4.999853510283883,0.041596619146624485,0.1886472200891016,1.4454502948382455,0.06438825011080684,0.057818011792945184
4.6779999999998125,9.0,4.6779999999998125,4.9998535102880135,0.04159673626136582,0.1886472371480086,1.4454503118625859,0.0643882508297895,0.05781801247450306
4.697999999999812,9.0,4.697999999999812,4.999853510292352,0.041596853220462734,0.18864725420647566,1.445450328933169,0.06438825159170936,0.05781801315673745
4.717999999999811,9.0,4.717999999999811,4.999853510296925,0.04159697002062633,0.18864727123059796,1.4454503459475183,0.06438825234407486,0.05781801383847044
4.73799999999981,9.0,4.73799999999981,4.999853510301742,0.04159708666413688,0.18864728824618496,1.44545036298337,0.06438825310125917,0.05781801451933622
4.757999999999809,9.0,4.757999999999809,4.999853510306824,0.04159720314814778,0.18864730522269318,1.4454503799466447,0.064388253828505,0.057818015197880455
4.777999999999809,9.0,4.777999999999809,4.999853510312202,0.04159731947482571,0.1886473221832853,1.4454503969067805,0.06438825456884656,0.057818015875681736
4.797999999999807,9.0,4.797999999999807,4.999853510317899,0.04159743564321061,0.18864733911602946,1.4454504138298805,0.06438825531372616,0.057818016553193755
4.817999999999807,9.0,4.817999999999807,4.999853510323944,0.041597551654866866,0.18864735603538196,1.4454504307604252,0.0643882560750969,0.05781801723097904
4.837999999999806,9.0,4.837999999999806,4.999853510330374,0.04159766750914168,0.1886473729303814,1.4454504476637315,0.0643882568179639,0.05781801790711661
4.857999999999805,9.0,4.857999999999805,4.999853510337222,0.04159778320616918,0.188647389797373,1.4454504645276027,0.06438825753686694,0.05781801858053734
4.877999999999804,9.0,4.877999999999804,4.999853510344535,0.04159789874633393,0.18864740663350563,1.4454504813425872,0.06438825826126748,0.05781801925313931
4.897999999999803,9.0,4.897999999999803,4.999853510352364,0.041598014132293554,0.18864742345852312,1.4454504981705987,0.06438825902543033,0.05781801992739083
4.917999999999802,9.0,4.917999999999802,4.999853510360764,0.04159812936475871,0.18864744026872285,1.445450515001672,0.06438825976530416,0.0578180205994908
4.937999999999802,9.0,4.937999999999802,4.999853510369801,0.0415982444424798,0.18864745703632238,1.4454505317455466,0.06438826048207813,0.05781802126982101
4.957999999999801,9.0,4.957999999999801,4.999853510379557,0.04159835937047191,0.18864747379815294,1.4454505485183837,0.06438826124665686,0.05781802194188319
4.977999999999801,9.0,4.977999999999801,4.999853510390119,0.04159847414959068,0.18864749054150376,1.4454505652806926,0.06438826196484715,0.05781802261007879
4.9979999999997995,9.0,4.9979999999997995,4.999853510401594,0.041598588779351284,0.1886475072346071,1.4454505819296737,0.06438826267844222,0.05781802327775697
5.017999999999798,9.0,5.017999999999798,4.9998535104141055,0.04159870326887387,0.18864752394350442,1.4454505986728474,0.06438826344653703,0.05781802394690529
5.037999999999798,9.0,5.037999999999798,4.9998535104278075,0.041598817616462364,0.18864754060944577,1.445450615326385,0.06438826416684251,0.057818024613621295
5.057999999999797,9.0,5.057999999999797,4.999853510442877,0.041598931829777024,0.18864755726600502,1.445450631991712,0.06438826488663507,0.05781802527853637
5.077999999999796,9.0,5.077999999999796,4.999853510459538,0.04159904591195414,0.1886475738857026,1.4454506485800827,0.06438826561376343,0.05781802594378176
5.097999999999795,9.0,5.097999999999795,4.999853510478057,0.04159915987448026,0.18864759051701072,1.4454506652449721,0.06438826637519435,0.05781802660980679
5.117999999999795,9.0,5.117999999999795,4.999853510498768,0.041599273721567874,0.188647607110078,1.445450681824733,0.0643882670856345,0.057818027272994045
5.137999999999794,9.0,5.137999999999794,4.999853510522089,0.041599387466962144,0.18864762369400487,1.4454506984074786,0.06438826781146956,0.057818027935749465
5.1579999999997925,9.0,5.1579999999997925,4.999853510548547,0.04159950112409257,0.18864764026148212,1.4454507149650502,0.06438826854490443,0.05781802859861631
5.177999999999791,9.0,5.177999999999791,4.999853510578834,0.04159961471255374,0.1886476568284014,1.4454507315431018,0.06438826930393793,0.05781802926287602
5.197999999999792,9.0,5.197999999999792,4.999853510613844,0.04159972825563956,0.18864767339127445,1.445450748124077,0.0643882700330719,0.057818029924982056
5.21799999999979,9.0,5.21799999999979,4.999853510654775,0.04159984178294942,0.18864768993316386,1.4454507646411885,0.06438827073545705,0.05781803058508996
5.23799999999979,9.0,5.23799999999979,4.999853510703265,0.041599955339328164,0.1886477064865588,1.4454507811857662,0.06438827148456305,0.057818031247461724
5.257999999999789,9.0,5.257999999999789,4.99985351076161,0.04160006898295486,0.18864772306200264,1.4454507977736233,0.06438827224507093,0.05781803191099533
5.277999999999788,9.0,5.277999999999788,4.999853510833102,0.041600182793250326,0.18864773965537635,1.4454508143652876,0.06438827298449379,0.0578180325741055
5.297999999999787,9.0,5.297999999999787,4.999853510922664,0.04160029688592457,0.18864775628557018,1.4454508309835925,0.06438827375033962,0.057818033240004375
5.3179999999997865,9.0,5.3179999999997865,4.999853511037913,0.041600411431901664,0.1886477729964136,1.4454508477143382,0.06438827453936913,0.057818033908695415
5.337999999999785,9.0,5.337999999999785,4.999853511191224,0.04160052668305418,0.18864778979408184,1.4454508644976447,0.06438827532124347,0.05781803458009798
5.357999999999786,9.0,5.357999999999786,4.999853511403896,0.04160064303610532,0.1886478067585986,1.4454508814597578,0.06438827615247877,0.057818035258125046
5.377999999999784,9.0,5.377999999999784,4.999853511716731,0.04160076120866706,0.18864782398745966,1.4454508986852896,0.06438827705195904,0.05781803594742239
5.397999999999783,9.0,5.397999999999783,4.9998535122085705,0.04160088205419644,0.18864784160157302,1.4454509162847262,0.06438827802042102,0.05781803665138284
5.417999999999782,9.0,5.417999999999782,4.999853513059997,0.04160100737129409,0.18864785987944938,1.4454509345749067,0.0643882791649587,0.0578180373829945
5.437999999999782,9.0,5.437999999999782,4.99985351473575,0.04160113975196068,0.1886478791700298,1.4454509538394653,0.06438828050423984,0.05781803815359211
5.457999999999781,9.0,5.457999999999781,4.999853518647796,0.041601282629454,0.18864789999594014,1.4454509746476956,0.06438828218106973,0.05781803898590586
5.4779999999997795,9.0,5.4779999999997795,4.99985353002701,0.041601438866289225,0.18864792277023917,1.4454509974063234,0.06438828416338582,0.05781803989567953
5.497999999999779,9.0,5.497999999999779,4.999853573332802,0.04160160799949867,0.18864794743125612,1.445451022064685,0.06438828624770376,0.05781804088203177
5.517999999999779,9.0,5.517999999999779,4.999853782616987,0.041601785469241384,0.18864797331302832,1.4454510479521543,0.06438828810058372,0.057818041919256595
5.537999999999777,9.0,5.537999999999777,4.999855262324483,0.04160196664430346,0.1886479997630455,1.445451074430159,0.0643882895979685,0.057818042977789544
5.557999999999776,9.0,5.557999999999776,4.999862999974459,0.041602148635067275,0.18864802658129476,1.4454511012589055,0.06438829094083343,0.05781804405036624
5.577999999999776,9.0,5.577999999999776,4.999878889967011,0.041602330952460784,0.1886480554204984,1.4454511300315198,0.06438829304762239,0.05781804520128908
5.597999999999775,9.0,5.597999999999775,4.999892916546246,0.041602513855794075,0.18864809059152138,1.445451165065957,0.06438829747011832,0.05781804660322826
5.617999999999775,9.0,5.617999999999775,4.999901180865609,0.041602698203744896,0.18864814162399832,1.445451215798241,0.06438830706987031,0.057818048631931095
5.637999999999773,9.0,5.637999999999773,4.999905000775654,0.04160288717712136,0.18864824294362284,1.4454513160680507,0.06438833431463287,0.05781805264273077
5.650315061712591,9.0,5.650315061712591,4.999905761791363,0.041603010465019,0.18864838038836537,1.4454514508208165,0.0643883823081477,0.057818058032830355
5.665523320382457,9.0,5.665523320382457,4.999905886834597,0.041603171073641566,0.18864864042576562,1.445451709808652,0.064388459899138,0.057818068391597185
5.674972650757921,9.0,5.674972650757921,4.999905872269506,0.04160327291215524,0.18864882407032127,1.4454518953387272,0.0643884956284595,0.057818075813547955
5.6862715677955205,9.0,5.6862715677955205,4.99990586705807,0.0416033962736081,0.18864906095933606,1.4454521332184747,0.06438852794743899,0.05781808533189629
5.706271567795519,9.0,5.706271567795519,4.999905867154615,0.04160381647680779,0.18865166740890618,1.4454546679952003,0.06438979454082538,0.05781820220772515
5.7187431495199235,9.0,5.7187431495199235,4.999905864398542,0.04162916782241971,0.18892536802030993,1.4457147951335625,0.06454264349143357,0.057828964604544966
5.72491842224438,9.0,5.72491842224438,4.9999058478328715,0.04177044788652027,0.190465101415725,1.4471098645233371,0.06550001002013439,0.05788447710522839
5.729323091991799,9.0,5.729323091991799,4.999905823390266,0.04198161538114283,0.19277601811978182,1.4492669589208194,0.06691482065614696,0.05797067852912283
5.734881225775071,9.0,5.734881225775071,4.999905789615185,0.04227025271247655,0.19594608843869532,1.4524897072854677,0.06853528109441598,0.05809958851435937
5.740870456610382,9.0,5.740870456610382,4.999905763584731,0.04249687212363064,0.19844875828006497,1.4552210218959234,0.06907170851346467,0.058208891421795306
5.746260596529924,9.0,5.746260596529924,4.999905750674082,0.04261253881289644,0.199731317435757,1.4566606614081445,0.06856069664080278,0.05826642831673656
5.752862963300986,9.0,5.752862963300986,4.9999057427784415,0.0426851117764915,0.20053876448133073,1.457510128111892,0.06748305734276716,0.05830040528089413
5.7598286583701395,9.0,5.7598286583701395,4.999905738224615,0.04272761914088202,0.20101330823655594,1.4579339790055554,0.06650446242988495,0.05831735916491886
5.769318717002163,9.0,5.769318717002163,4.999905733394463,0.042774555867240875,0.20153865430979429,1.4583817811730748,0.06577560878783428,0.058335271245742226
5.782504612266063,9.0,5.782504612266063,4.999905726985333,0.04284106220243715,0.20228434706804055,1.4590791677217538,0.06548471997040961,0.05836316671059006
5.802504612266063,9.0,5.802504612266063,4.999905717482896,0.04294538724034739,0.2034569586451036,1.4602434942268874,0.06552430077997917,0.05840974545768852
5.822504612266062,9.0,5.822504612266062,4.9999057083300205,0.0430501447632651,0.20463823931618932,1.4614323964453944,0.0656460551125726,0.0584572970609611
5.842504612266061,9.0,5.842504612266061,4.99990569950846,0.04315445489255756,0.2058183563691998,1.4626166197466117,0.0657343932102975,0.05850466556452645
5.86250461226606,9.0,5.86250461226606,4.99990569099393,0.04325845917147143,0.20699888791619347,1.4637981602372525,0.06579704395856201,0.058551926977069776
5.882504612266059,9.0,5.882504612266059,4.999905682778159,0.04336223444995188,0.20818068038704313,1.464979937867139,0.06585081188690856,0.058599197951349054
5.902504612266059,9.0,5.902504612266059,4.999905674855413,0.04346577748253257,0.20936368172598285,1.4661627949317928,0.0659031426982648,0.058646512143273724
5.922504612266057,9.0,5.922504612266057,4.999905667216706,0.04356908146061499,0.21054780028076545,1.4673468147526605,0.06595586258075514,0.0586938728657915
5.942504612266056,9.0,5.942504612266056,4.9999056598512235,0.043672150768885455,0.2117330721812296,1.4685320236936705,0.06600903984341822,0.05874128116862999
5.9625046122660565,9.0,5.9625046122660565,4.999905652748136,0.04377499293988683,0.2129195702605576,1.4697184729049193,0.06606247349451444,0.058788739094619236
5.982504612266055,9.0,5.982504612266055,4.999905645897115,0.043877614268807014,0.2141073539892564,1.470906211406348,0.06611603551167988,0.05883624860283413
6.002504612266054,9.0,6.002504612266054,4.999905639288315,0.043980019593231494,0.21529646675334488,1.472095279117346,0.06616967866336865,0.0588838112853736
6.022504612266053,9.0,6.022504612266053,4.999905632912315,0.04408221288020552,0.21648694242936845,1.4732857092391785,0.06622339346944162,0.05893142846995392
6.042504612266053,9.0,6.042504612266053,4.999905626760025,0.04418419756483883,0.2176788091815832,1.474477530127802,0.06627718078503608,0.05897910128873592
6.062504612266052,9.0,6.062504612266052,4.99990562082269,0.044285976681077074,0.21887209089894605,1.4756707658593127,0.06633104189612005,0.05902683070557536
6.082504612266051,9.0,6.082504612266051,4.999905615091873,0.04438755293644068,0.22006680800467443,1.4768654369795358,0.06638497694445666,0.059074617538654874
6.10250461226605,9.0,6.10250461226605,4.999905609559415,0.044488928764604176,0.2212629780128082,1.4780615609391556,0.0664389854731523,0.05912246248890637
6.12250461226605,9.0,6.12250461226605,4.9999056042174725,0.04459010637532477,0.2224606160795989,1.479259152976558,0.06649306699252933,0.05917036616232048
6.142504612266048,9.0,6.142504612266048,4.999905599058462,0.0446910877803071,0.22365973526231814,1.4804582260641224,0.06654722099284338,0.05921832908032989
6.162504612266048,9.0,6.162504612266048,4.9999055940750745,0.04479187483515598,0.22486034699043927,1.4816587916818758,0.06660144716796756,0.05926635170011141
6.1825046122660465,9.0,6.1825046122660465,4.999905589260267,0.044892469252307665,0.22606246118703488,1.482860859728662,0.06665574519545225,0.05931443441718475
6.202504612266047,9.0,6.202504612266047,4.999905584607243,0.04499287262683601,0.22726608655579442,1.484064438886411,0.06671011486396217,0.05936257758030691
6.222504612266046,9.0,6.222504612266046,4.999905580109452,0.0450930864510185,0.2284712307356476,1.4852695368384947,0.06676455599244302,0.059410781494634045
6.242504612266044,9.0,6.242504612266044,4.999905575760583,0.04519311212517184,0.22967790041043654,1.486476160222732,0.06681906839272866,0.059459046427197605
6.262504612266043,9.0,6.262504612266043,4.999905571554552,0.04529295097324053,0.23088610148491723,1.4876843149772905,0.06687365196858375,0.05950737261598134
6.2825046122660435,9.0,6.2825046122660435,4.9999055674854995,0.04539260424731292,0.23209583912272744,1.4888940062734495,0.06692830654707782,0.05955576026470606
6.302504612266042,9.0,6.302504612266042,4.999905563547781,0.04549207313678671,0.23330711784730607,1.4901052385706255,0.06698303202148492,0.059604209555733936
6.322504612266041,9.0,6.322504612266041,4.999905559735963,0.04559135877904266,0.2345199416623932,1.4913180159620427,0.06703782833460337,0.05965272064981978
6.3425046122660405,9.0,6.3425046122660405,4.999905556044816,0.04569046225662405,0.23573431400309247,1.4925323418139103,0.0670926953293054,0.05970129368318483
6.36250461226604,9.0,6.36250461226604,4.999905552469309,0.04578938461190968,0.23695023791456635,1.493748219204958,0.06714763293897419,0.0597499287766529
6.382504612266039,9.0,6.382504612266039,4.999905549004586,0.045888126842858604,0.23816771598555117,1.4949656506845626,0.06720264107789675,0.05979862603564121
6.402504612266037,9.0,6.402504612266037,4.999905545645995,0.045986689913022516,0.23938675046718977,1.4961846385782687,0.06725771968303917,0.059847385550266224
6.422504612266037,9.0,6.422504612266037,4.9999055423890555,0.04608507474772206,0.2406073432200119,1.4974051846773604,0.06731286859586971,0.05989620739217614
6.4425046122660365,9.0,6.4425046122660365,4.9999055392294505,0.04618328224486097,0.241829495843553,1.4986272905766629,0.06736808781629733,0.059945091629730295
6.462504612266036,9.0,6.462504612266036,4.9999055361630464,0.04628131327408814,0.24305320965408625,1.4998509577091546,0.06742337723965475,0.0599940383126613
6.482504612266035,9.0,6.482504612266035,4.99990553318585,0.04637916867098238,0.24427848561730167,1.5010761868625915,0.06747873670051519,0.06004304747924444
6.5025046122660335,9.0,6.5025046122660335,4.999905530294045,0.04647684925741065,0.24550532458941385,1.502302979041961,0.06753416622300601,0.06009211916487191
6.522504612266033,9.0,6.522504612266033,4.999905527483946,0.0465743558222922,0.24673372707763222,1.503531334655705,0.06758966565256563,0.0601412533903763
6.542504612266033,9.0,6.542504612266033,4.999905524752033,0.04667168913993164,0.24796369346266406,1.504761254179633,0.0676452349373301,0.0601904501703193
6.562504612266031,9.0,6.562504612266031,4.999905522094909,0.0467688499581666,0.2491952238492815,1.5059927376199471,0.06770087391923696,0.06023970950763772
6.58250461226603,9.0,6.58250461226603,4.999905519509312,0.046865839012408206,0.2504283182381346,1.50722578503624,0.0677565825798031,0.06028903140426405
6.6025046122660305,9.0,6.6025046122660305,4.999905516992127,0.0469626570155983,0.25166297639537605,1.5084603961939238,0.06781236078333908,0.060338415849997315
6.622504612266029,9.0,6.622504612266029,4.999905514540348,0.047059304665435606,0.25289919794645077,1.5096965706838894,0.06786820842949282,0.06038786282969266
6.642504612266028,9.0,6.642504612266028,4.999905512151095,0.0471557826457317,0.254136982380179,1.5109343080407052,0.06792412544071968,0.06043737232313125
6.6625046122660265,9.0,6.6625046122660265,4.999905509821612,0.04725209162151671,0.25537632899617996,1.5121736075200305,0.06798011169292661,0.06048694430294029
6.682504612266027,9.0,6.682504612266027,4.999905507549244,0.04734823224792752,0.2566172370067521,1.513414468387463,0.0680361671019647,0.06053657873697419
6.702504612266026,9.0,6.702504612266026,4.999905505331446,0.04744420516302732,0.25785970544635634,1.5146568896124475,0.0680922915212756,0.06058627558581285
6.722504612266025,9.0,6.722504612266025,4.9999055031657935,0.047540010995772604,0.2591037332725367,1.5159008701996015,0.06814848489956715,0.0606360348098687
6.742504612266024,9.0,6.742504612266024,4.999905501049937,0.047635650360608114,0.260349319293343,1.517146408964661,0.06820474708308732,0.06068585635949383
6.7625046122660235,9.0,6.7625046122660235,4.999905498981648,0.04773112386083191,0.26159646220855615,1.5183935045424806,0.06826107795164482,0.06073574018279636
6.782504612266022,9.0,6.782504612266022,4.999905496958769,0.047826432091282976,0.26284516064336716,1.5196421556388575,0.06831747744532568,0.06078568622658674
6.802504612266022,9.0,6.802504612266022,4.999905494979249,0.047921575633568435,0.2640954130849023,1.5208923606928078,0.06837394539741737,0.06083569442892513
6.8225046122660205,9.0,6.8225046122660205,4.999905493041114,0.04801655506137656,0.2653472179488198,1.5221441181422155,0.06843048169996302,0.06088576472605766
6.842504612266021,9.0,6.842504612266021,4.999905491142477,0.048111370937846086,0.26660057354497513,1.5233974262664727,0.06848708623427202,0.06093589705121776
6.86250461226602,9.0,6.86250461226602,4.999905489281521,0.04820602381851514,0.26785547811290417,1.5246522833495275,0.06854375890479159,0.06098609133499335
6.882504612266018,9.0,6.882504612266018,4.9999054874565205,0.04830051424890671,0.26911192979227205,1.5259086875057886,0.06860049953611846,0.061036347500112116
6.902504612266017,9.0,6.902504612266017,4.999905485665814,0.04839484276814165,0.2703699266611155,1.527166636784199,0.06865730804683656,0.06108666547255966
6.922504612266017,9.0,6.922504612266017,4.999905483907812,0.04848900990792261,0.2716294667342373,1.5284261292870416,0.06871418431960219,0.061137045172126286
6.942504612266016,9.0,6.942504612266016,4.999905482180991,0.04858301618814435,0.2728905478912939,1.529687162792162,0.06877112814728692,0.061187486511801066
6.962504612266015,9.0,6.962504612266015,4.999905480483895,0.04867686212843242,0.27415316803692275,1.5309497352532053,0.06882813949183508,0.061237989410444955
6.982504612266014,9.0,6.982504612266014,4.99990547881513,0.04877054823661976,0.2754173249387167,1.5322138444596982,0.06888521820359672,0.061288553779651
7.002504612266014,9.0,7.002504612266014,4.999905477173364,0.048864075015803275,0.2766830163332266,1.5334794881296545,0.06894236410436361,0.06133917952529493
7.022504612266013,9.0,7.022504612266013,4.999905475557312,0.04895744296224491,0.27795023988300105,1.5347466638771001,0.06899957708085114,0.061389866555703165
7.042504612266011,9.0,7.042504612266011,4.999905473965759,0.04905065256870839,0.2792189932300946,1.536015369424031,0.06905685703897424,0.061440614777183836
7.062504612266011,9.0,7.062504612266011,4.999905472397536,0.049143704317893604,0.28048927389942224,1.5372856022471737,0.06911420377852107,0.06149142408912394
7.0825046122660105,9.0,7.0825046122660105,4.999905470851521,0.04923659869109337,0.2817610794237035,1.5385573598699394,0.06917161722089982,0.06154229439536924
7.10250461226601,9.0,7.10250461226601,4.99990546932665,0.049329336163795895,0.2830344072741259,1.5398306398396586,0.06922909722654236,0.061593225593970916
7.122504612266009,9.0,7.122504612266009,4.999905467821894,0.049421917202867725,0.2843092548292294,1.5411054394527608,0.06928664360041248,0.061644217579095224
7.142504612266007,9.0,7.142504612266007,4.999905466336278,0.04951434227546285,0.2855856194896825,1.5423817561267377,0.06934425621898588,0.06169527024441406
7.162504612266007,9.0,7.162504612266007,4.999905464868865,0.049606611840757237,0.286863498567672,1.5436595871591843,0.06940193498905844,0.06174638348738418
7.182504612266007,9.0,7.182504612266007,4.999905463418763,0.04969872635626692,0.2881428893716667,1.5449389299606684,0.06945967976663692,0.06179755719865508
7.202504612266005,9.0,7.202504612266005,4.999905461985115,0.04979068627019081,0.2894237891026352,1.546219781585232,0.06951749032731513,0.061848791264413436
7.222504612266004,9.0,7.222504612266004,4.999905460567106,0.049882492034199026,0.2907061950283278,1.5475021394165964,0.06957536661946861,0.06190008557652535
7.242504612266004,9.0,7.242504612266004,4.999905459163958,0.049974144088990154,0.29199010428154876,1.548786000500723,0.06963330843426907,0.06195144001969233
7.262504612266003,9.0,7.262504612266003,4.99990545777492,0.05006564287604861,0.2932755140268554,1.5500713620687159,0.06969131569855347,0.06200285448326232
7.282504612266002,9.0,7.282504612266002,4.999905456399272,0.050156988831352,0.2945624213680316,1.5513582212189876,0.06974938821522514,0.06205432884877315
7.3025046122660004,9.0,7.3025046122660004,4.999905455036348,0.05024818238697556,0.29585082337261054,1.55264657496516,0.06980752582631988,0.062105862998629364
7.322504612266001,9.0,7.322504612266001,4.999905453685491,0.05033922397440881,0.297140717120771,1.5539364204363209,0.06986572843864625,0.062157456817510566
7.342504612266,9.0,7.342504612266,4.999905452346076,0.05043011401817523,0.29843209960641265,1.5552277546244215,0.06992399587806697,0.06220911018554495
7.362504612265999,9.0,7.362504612265999,4.999905451017517,0.05052085294218694,0.29972496783521657,1.5565205745202715,0.06998232798048198,0.06226082298089369
7.382504612265998,9.0,7.382504612265998,4.999905449699237,0.05061144116695928,0.301019318782865,1.5578148770823552,0.07004072461864463,0.062312595083812455
7.402504612265997,9.0,7.402504612265997,4.999905448390701,0.050701879110597856,0.30231514940690707,1.5591106593132684,0.07009918565208928,0.06236442637237323
7.422504612265996,9.0,7.422504612265996,4.999905447091391,0.0507921671866439,0.3036124566141105,1.560407918073836,0.07015771091377698,0.06241631672337907
7.442504612265996,9.0,7.442504612265996,4.999905445800814,0.05088230580826228,0.30491123732423325,1.5617066503379584,0.07021630027205494,0.06246826601311743
7.462504612265994,9.0,7.462504612265994,4.999905444518494,0.05097229538359444,0.3062114884029271,1.563006852895105,0.07027495355356017,0.06252027411630562
7.482504612265995,9.0,7.482504612265995,4.999905443243982,0.05106213632227554,0.3075132067518878,1.5643085227365061,0.07033367065319096,0.06257234090917904
7.5025046122659935,9.0,7.5025046122659935,4.999905441976855,0.05115182902596339,0.30881638917427384,1.5656116565866174,0.07039245136006045,0.0626244662631626
7.522504612265992,9.0,7.522504612265992,4.999905440716705,0.05124137389955511,0.3101210325348044,1.5669162513558121,0.07045129559346042,0.06267665005489918
7.542504612265991,9.0,7.542504612265991,4.999905439463128,0.051330771342116756,0.31142713363335633,1.5682223038531755,0.07051020316307965,0.06272889215484122
7.562504612265991,9.0,7.562504612265991,4.999905438215759,0.05142002175177491,0.312734689266532,1.5695298108296776,0.07056917388610418,0.06278119243258014
7.58250461226599,9.0,7.58250461226599,4.999905436974245,0.051509125524964686,0.3140436962269382,1.570838769085304,0.07062820767663247,0.06283355076370202
7.602504612265989,9.0,7.602504612265989,4.999905435738242,0.051598083056094673,0.31535415129068917,1.5721491754596095,0.07068730437159099,0.06288596701797956
7.622504612265988,9.0,7.622504612265988,4.999905434507431,0.05168689473546705,0.3166660511913586,1.5734610266044313,0.07074646377712146,0.06293844106405744
7.642504612265988,9.0,7.642504612265988,4.999905433281496,0.051775560955307505,0.31797939270457387,1.5747743193538533,0.07080568579902025,0.06299097277429137
7.662504612265987,9.0,7.662504612265987,4.999905432060143,0.05186408210308875,0.31929417255077325,1.5760890503950145,0.07086497024984495,0.06304356201657646
7.682504612265985,9.0,7.682504612265985,4.9999054308431,0.05195245856580109,0.320610387460642,1.5774052164905588,0.07092431698197421,0.06309620865948898
7.702504612265985,9.0,7.702504612265985,4.999905429630095,0.05204069072733544,0.3219280341348427,1.5787228142774319,0.07098372583065093,0.0631489125712317
7.722504612265984,9.0,7.722504612265984,4.999905428420865,0.052128778972899685,0.3232471093072569,1.580041840569028,0.07104319670732406,0.06320167362345702
7.742504612265984,9.0,7.742504612265984,4.999905427215177,0.052216723682719644,0.3245676096537351,1.5813622920027033,0.07110272938557993,0.0632544916800364
7.762504612265983,9.0,7.762504612265983,4.999905426012792,0.052304525237233224,0.32588953186755815,1.5826841652518493,0.07116232373351261,0.0633073666093956
7.782504612265981,9.0,7.782504612265981,4.999905424813495,0.05239218401549485,0.32721287264062887,1.5840074570346943,0.07122197964319377,0.06336029828168038
7.802504612265981,9.0,7.802504612265981,4.999905423617066,0.05247970039465047,0.32853762864754055,1.5853321640540587,0.0712816969365021,0.06341328656240651
7.8225046122659805,9.0,7.8225046122659805,4.999905422423318,0.052567074749018554,0.3298637965364762,1.5866582829006286,0.07134147542324776,0.06346633131612385
7.842504612265979,9.0,7.842504612265979,4.999905421232049,0.05265430745473942,0.3311913730020697,1.5879858102956765,0.07140131500205882,0.06351943241174683
7.862504612265978,9.0,7.862504612265978,4.99990542004308,0.05274139888407686,0.3325203546899547,1.5893147428865115,0.0714612155188612,0.06357258971630855
7.882504612265978,9.0,7.882504612265978,4.999905418856238,0.05282834940898682,0.3338507382597778,1.5906450773505048,0.071521176787397,0.0636258030930981
7.902504612265977,9.0,7.902504612265977,4.999905417671356,0.05291515939818556,0.33518252033849844,1.5919768102409764,0.0715811986751429,0.0636790724103358
7.922504612265976,9.0,7.922504612265976,4.999905416488279,0.05300182922409109,0.3365156976245336,1.5933099383777194,0.07164128107483814,0.06373239753511353
7.942504612265974,9.0,7.942504612265974,4.999905415306859,0.0530883592502512,0.337850266694933,1.5946444582239598,0.07170142373389388,0.06378577832852829
7.962504612265975,9.0,7.962504612265975,4.999905414126945,0.05317474984684177,0.33918622424524886,1.595980366523411,0.07176162660413987,0.06383921466133861
7.9825046122659735,9.0,7.9825046122659735,4.999905412948407,0.053261001378394575,0.34052356689716423,1.5973176599304282,0.07182188950309842,0.06389270639789847
8.002504612265973,9.0,8.002504612265973,4.999905411771115,0.05334711420780439,0.34186229126864914,1.5986563350131244,0.0718822122262135,0.06394625340021011
8.022504612265971,9.0,8.022504612265971,4.999905410594947,0.053433088699615446,0.3432023940111844,1.5999963884077462,0.07194259467254016,0.06399985553628704
8.042504612265972,9.0,8.042504612265972,4.999905409419788,0.0535189252163213,0.3445438717692942,1.6013378168272607,0.07200303672738706,0.06405351267395534
8.06250461226597,9.0,8.06250461226597,4.999905408245519,0.05360462411810127,0.3458867211581209,1.6026806168564107,0.07206353816081545,0.06410722467389508
8.08250461226597,9.0,8.08250461226597,4.999905407072045,0.053690185763805,0.3472309387951299,1.604024785061747,0.07212409883947779,0.06416099140222818
8.102504612265967,9.0,8.102504612265967,4.9999054058992565,0.053775610514955365,0.34857652135128947,1.605370318184957,0.07218471867025467,0.06421481272693268
8.122504612265969,9.0,8.122504612265969,4.999905404727058,0.053860898727476396,0.3499234654282756,1.606717212801791,0.07224539746008884,0.06426868851200401
8.142504612265967,9.0,8.142504612265967,4.999905403555366,0.05394605075911229,0.35127176767229007,1.6080654655661473,0.07230613506761319,0.06432261862279132
8.162504612265966,9.0,8.162504612265966,4.9999054023840825,0.05403106696485511,0.3526214247022763,1.6094150730875385,0.07236693133602101,0.06437660292427916
8.182504612265966,9.0,8.182504612265966,4.999905401213134,0.05411594769995664,0.3539724331539215,1.61076603200253,0.07242778610407263,0.06443064128028117
8.202504612265965,9.0,8.202504612265965,4.999905400042439,0.054200693318470626,0.35532478966579173,1.6121183389305176,0.07248869923632739,0.06448473355725598
8.222504612265965,9.0,8.222504612265965,4.999905398871927,0.054285304173939196,0.3566784908830232,1.613471990551138,0.07254967060518269,0.06453887962204301
8.242504612265963,9.0,8.242504612265963,4.999905397701519,0.054369780617769516,0.358033533429782,1.6148269834742837,0.07261070002789971,0.06459307933837428
8.262504612265962,9.0,8.262504612265962,4.9999053965311555,0.05445412300090761,0.3593899139457714,1.616183314328842,0.07267178737787217,0.06464733257331483
8.282504612265962,9.0,8.282504612265962,4.999905395360773,0.0545383316741925,0.3607476290781106,1.6175409798051035,0.072732932509598,0.06470163919230854
8.302504612265961,9.0,8.302504612265961,4.999905394190301,0.05462240698574608,0.36210667545076425,1.6188999764700474,0.07279413523992229,0.06475599905936827
8.32250461226596,9.0,8.32250461226596,4.999905393019694,0.054706349285539344,0.3634670497374821,1.6202603010337182,0.0728553954569221,0.06481041204170604
8.342504612265959,9.0,8.342504612265959,4.999905391848894,0.05479015891966197,0.3648287485610393,1.6216219500983138,0.07291671297798685,0.0648648780034944
8.362504612265958,9.0,8.362504612265958,4.999905390677844,0.054873836235551234,0.36619176858284785,1.6229849203155977,0.07297808769707748,0.0649193968134967
8.382504612265958,9.0,8.382504612265958,4.999905389506503,0.05495738158004603,0.3675561064770052,1.6243492084338211,0.07303951946740717,0.06497396833764824
8.402504612265956,9.0,8.402504612265956,4.9999053883348195,0.05504079529543761,0.36892175885592504,1.6257148109629622,0.07310100805671726,0.06502859243760131
8.422504612265955,9.0,8.422504612265955,4.999905387162746,0.05512407772821326,0.3702887224162066,1.6270817246405405,0.07316255343465916,0.06508326898642866
8.442504612265955,9.0,8.442504612265955,4.9999053859902505,0.055207229221551635,0.37165699382232087,1.628449946214017,0.07322415542403238,0.06513799784906428
8.462504612265954,9.0,8.462504612265954,4.999905384817284,0.0552902501152984,0.37302656970023534,1.6298194721502635,0.07328581376634313,0.06519277888552459
8.482504612265952,9.0,8.482504612265952,4.999905383643814,0.055373140754233274,0.37439744677066034,1.6311902992711595,0.07334752846970571,0.06524761197105787
8.502504612265952,9.0,8.502504612265952,4.999905382469801,0.05545590147784292,0.375769621689014,1.6325624242386023,0.07340929932006113,0.06530249696941023
8.522504612265951,9.0,8.522504612265951,4.999905381295215,0.05553853262575367,0.3771430911262725,1.6339358436745428,0.07347112615372986,0.06535743374692539
8.542504612265951,9.0,8.542504612265951,4.999905380120025,0.05562103453802322,0.37851785178430336,1.6353105543279438,0.07353300887625314,0.06541242217381081
8.56250461226595,9.0,8.56250461226595,4.999905378944196,0.05570340755227731,0.3798939003341077,1.6366865528558503,0.07359494728765559,0.06546746211423632
8.582504612265948,9.0,8.582504612265948,4.999905377767706,0.05578565200593843,0.38127123346794684,1.6380638359085764,0.07365694125350308,0.0655225534364304
8.60250461226595,9.0,8.60250461226595,4.999905376590521,0.055867768236888875,0.3826498479013896,1.6394424002509633,0.07371899066399046,0.06557769600989334
8.622504612265947,9.0,8.622504612265947,4.999905375412617,0.05594975658046742,0.38402974032295295,1.6408222425572137,0.07378109534896649,0.06563288970198024
8.642504612265947,9.0,8.642504612265947,4.999905374233973,0.0560316173717988,0.3854109074371287,1.6422033595302772,0.07384325516604695,0.06568813438090658
8.662504612265945,9.0,8.662504612265945,4.9999053730545615,0.05611335094536981,0.3867933459586851,1.6435857478855431,0.07390546997970748,0.06574342991561459
8.682504612265946,9.0,8.682504612265946,4.999905371874369,0.05619495763520291,0.38817705260649277,1.6449694043524103,0.07396773964376768,0.06579877617458715
8.702504612265944,9.0,8.702504612265944,4.999905370693369,0.05627643777361561,0.3895620240962329,1.6463543256346473,0.07403006398980683,0.0658541730249589
8.722504612265944,9.0,8.722504612265944,4.999905369511546,0.05635779169310909,0.3909482571560255,1.6477405084312453,0.07409244290453376,0.06590962033796217
8.742504612265943,9.0,8.742504612265943,4.999905368328876,0.05643901972604827,0.3923357485402418,1.6491279495840512,0.0741548762526435,0.06596511798261537
8.762504612265943,9.0,8.762504612265943,4.999905367145341,0.056520122200039685,0.3937244949297764,1.6505166456505886,0.07421736383750077,0.06602066582660716
8.78250461226594,9.0,8.78250461226594,4.999905365960939,0.05660109944918155,0.39511449314583674,1.6519065935860622,0.0742799056077541,0.06607626374332784
8.80250461226594,9.0,8.80250461226594,4.999905364775639,0.056681951798331104,0.39650573986134413,1.6532977899510188,0.07434250131847975,0.06613191159843121
8.82250461226594,9.0,8.82250461226594,4.999905363589435,0.05676267957901578,0.39789823188611484,1.6546902316231036,0.07440515089528654,0.06618760926422029
8.823504612265939,9.0,8.823504612265939,4.9999053635301065,0.05676671269402586,0.3979678889477318,1.6547598860711779,0.07440828450540149,0.06619039544333542
8.839504612265939,9.0,8.839504612265939,4.999905362580446,0.05683120049796971,0.3990828268650598,1.6558747838475028,0.07445844510177668,0.0662349913546606
8.859504612265939,9.0,8.859504612265939,4.99990536139253,0.056911698681470786,0.4004776140179744,1.657269520530844,0.07452119384103861,0.06629078082096221
8.879504612265936,9.0,8.879504612265936,4.9999053602036705,0.056992073233727625,0.4018736373663034,1.6586654934283585,0.07458399627626311,0.0663466197375863
8.899504612265936,9.0,8.899504612265936,4.99990535901386,0.05707232447249574,0.4032708935466624,1.660062699172673,0.07464685193069265,0.06640250796683064
8.919504612265936,9.0,8.919504612265936,4.999905357823092,0.05715245272231793,0.4046693793373654,1.661461134476609,0.07470976067572255,0.06645844537929317
8.939504612265935,9.0,8.939504612265935,4.9999053566313485,0.05723245830868552,0.40606909155438525,1.6628607962031983,0.07477272244289734,0.0665144318478937
8.959504612265935,9.0,8.959504612265935,4.9999053554386235,0.057312341553843786,0.4074700269772018,1.6642616810894575,0.07483573708029678,0.06657046724349554
8.979504612265933,9.0,8.979504612265933,4.999905354244907,0.057392102780993236,0.4088721824173203,1.6656637859923926,0.07489880448270658,0.06662655143964788
8.999504612265932,9.0,8.999504612265932,4.999905353050192,0.05747174231061501,0.410275554661424,1.667067107663558,0.07496192447631556,0.06668268430684675
9.019504612265932,9.0,9.019504612265932,4.9999053518544745,0.05755126046477435,0.4116801405418125,1.6684716429578281,0.07502509694093873,0.06673886571813228
9.039504612265931,9.0,9.039504612265931,4.999905350657742,0.05763065756288928,0.4130859368661209,1.6698773886516687,0.07508832172771807,0.06679509554617148
9.059504612265929,9.0,9.059504612265929,4.99990534945999,0.05770993392543336,0.4144929404721862,1.6712843416275205,0.07515159871688404,0.06685137366466905
9.079504612265929,9.0,9.079504612265929,4.999905348261218,0.057789089869924044,0.4159011481752622,1.67269249865477,0.075214927757987,0.06690769994709733
9.08050461226593,9.0,9.08050461226593,4.999905348201256,0.05779304451326952,0.41597159014294766,1.6727629381064344,0.07521809556469705,0.06691051752421678
9.096504612265928,9.0,9.096504612265928,4.999905347241454,0.05785627798305881,0.41709906911202804,1.6738903765699606,0.07526879790307439,0.06695561506225958
9.116504612265928,9.0,9.116504612265928,4.999905346040766,0.05793521199200832,0.4185094960592356,1.6753007527367947,0.07533222292567654,0.06701203010933765
9.136504612265927,9.0,9.136504612265927,4.99990534483904,0.05801402649040777,0.41992111816707717,1.676712324135082,0.07539569977411076,0.0670684929656227
9.156504612265927,9.0,9.156504612265927,4.999905343636273,0.058092721789940786,0.4213339322164019,1.678125087439653,0.07545922799914107,0.06712500349723101
9.176504612265926,9.0,9.176504612265926,4.999905342432461,0.05817129820770733,0.4227479351045332,1.6795390395430043,0.0755228075711134,0.06718156158258212
9.196504612265924,9.0,9.196504612265924,4.9999053412275964,0.05824975605831106,0.4241631237025223,1.6809541773753476,0.07558643837585333,0.0672381670948258
9.216504612265924,9.0,9.216504612265924,4.999905340021678,0.05832809565369504,0.42557949486060237,1.682370497687391,0.07565012026139084,0.06729481990785402
9.236504612265923,9.0,9.236504612265923,4.999905338814704,0.05840631730935704,0.4269970455029555,1.6837879974982182,0.07571385316720702,0.06735151990005717
9.256504612265923,9.0,9.256504612265923,4.99990533760667,0.05848442133510063,0.4284157724785937,1.6852066736086917,0.07577763689304251,0.06740826694424883
9.27650461226592,9.0,9.27650461226592,4.999905336397578,0.05856240804389336,0.4298356727120576,1.6866265229433863,0.07584147134287633,0.06746506091820519
9.29650461226592,9.0,9.29650461226592,4.9999053351874165,0.05864027774657623,0.43125674310733064,1.6880475424512673,0.07590535637617557,0.06752190169776928
9.31650461226592,9.0,9.31650461226592,4.999905333976193,0.05871803075141879,0.4326789805447454,1.6894697289438962,0.07596929182026124,0.06757878915748164
9.33650461226592,9.0,9.33650461226592,4.9999053327639,0.058795667369619574,0.434102381974473,1.6908930794198103,0.07603327759714107,0.06763572317647382
9.33750461226592,9.0,9.33750461226592,4.999905332703262,0.058799546145344404,0.43417358244706644,1.6909642772690527,0.07603647808298675,0.06763857109429257
9.353504612265919,9.0,9.353504612265919,4.9999053317326165,0.05886156722535963,0.43531318625207466,1.692103840462138,0.07608770484390925,0.06768415361897878
9.373504612265918,9.0,9.373504612265918,4.9999053305183425,0.058938989329877595,0.4367387327523793,1.6935293358948382,0.07615178317553872,0.06774117343583914
9.393504612265918,9.0,9.393504612265918,4.999905329303002,0.059016295933735356,0.43816543466320035,1.6949559867761674,0.07621591175728759,0.06779823947095259
9.413504612265916,9.0,9.413504612265916,4.999905328086593,0.05909348733431382,0.43959328875210796,1.696383789823851,0.0762800900644951,0.06785535159358232
9.433504612265915,9.0,9.433504612265915,4.999905326869109,0.05917056383721301,0.4410222919708268,1.6978127420082463,0.07634431796715546,0.06791250968001654
9.453504612265915,9.0,9.453504612265915,4.9999053256505555,0.059247525746070645,0.44245244125032923,1.6992428401834372,0.07640859535437494,0.06796971360783947
9.473504612265915,9.0,9.473504612265915,4.999905324430931,0.05932437336756273,0.44388373359914796,1.7006740814515278,0.07647292217089752,0.0680269632579492
9.493504612265912,9.0,9.493504612265912,4.999905323210232,0.05940110700263572,0.44531616594208745,1.70210646265812,0.07653729821926514,0.06808425850612196
9.513504612265912,9.0,9.513504612265912,4.999905321988457,0.059477726956156135,0.4467497352968101,1.703539980867381,0.07660172343699823,0.06814159923489482
9.533504612265912,9.0,9.533504612265912,4.999905320765614,0.059554233528844445,0.44818443862043894,1.70497463303561,0.07666619764926508,0.06819898532146652
9.553504612265911,9.0,9.553504612265911,4.999905319541701,0.05963062702214953,0.4496202729118658,1.7064104161369884,0.07673072072767018,0.06825641664551736
9.573504612265909,9.0,9.573504612265909,4.9999053183167135,0.05970690773743513,0.4510572351847883,1.707847327199747,0.07679529256471107,0.0683138930883124
9.593504612265908,9.0,9.593504612265908,4.999905317090658,0.05978307597410632,0.45249532243435187,1.7092853632296225,0.07685991300929906,0.06837141452890295
9.59450461226591,9.0,9.59450461226591,4.999905317029331,0.059786881435898775,0.4525672562244399,1.7093572944114368,0.07686314524636595,0.06837429177946229
9.61050461226591,9.0,9.61050461226591,4.999905316047675,0.05984773076967753,0.45371857902411106,1.7105085763222854,0.07691487832095945,0.06842034305246665
9.630504612265907,9.0,9.630504612265907,4.999905314819635,0.05992369170080457,0.455158739456294,1.711948685394379,0.07697958825215512,0.06847794741528068
9.650504612265907,9.0,9.650504612265907,4.9999053135905305,0.05999954101149021,0.4566000165228486,1.7133899111879614,0.07704434674963201,0.06853559644820743
9.670504612265907,9.0,9.670504612265907,4.99990531236036,0.06007527899087582,0.45804240710551486,1.7148322504762532,0.07710915324126821,0.06859329001950097
9.690504612265906,9.0,9.690504612265906,4.9999053111291225,0.06015090593539804,0.4594859082431137,1.7162757002820188,0.07717400764991389,0.06865102801164166
9.710504612265904,9.0,9.710504612265904,4.999905309896822,0.06022642214082815,0.46093051699081056,1.717720257687317,0.07723890989915039,0.06870881030672496
9.730504612265904,9.0,9.730504612265904,4.999905308663457,0.0603018279013228,0.4623762303881708,1.7191659196798357,0.0773038598790401,0.06876663678762251
9.750504612265903,9.0,9.750504612265903,4.999905307429032,0.060377123512435626,0.46382304552568376,1.7206126834601632,0.07736885749829359,0.06882450733789598
9.770504612265903,9.0,9.770504612265903,4.999905306193543,0.060452309264895844,0.4652709594228424,1.7220605459204514,0.07743390256170257,0.06888242183782774
9.7905046122659,9.0,9.7905046122659,4.999905304956994,0.06052738545481333,0.46671996922155684,1.7235095043170356,0.07749899500630764,0.06894038017217011
9.8105046122659,9.0,9.8105046122659,4.999905303719388,0.06060235237080635,0.46817007193890886,1.724959555556506,0.07756413463964673,0.06899838222228763
9.8305046122659,9.0,9.8305046122659,4.999905302480729,0.06067721030615086,0.4696212647099577,1.7264106968653514,0.07762932141554924,0.06905642787502374
9.8505046122659,9.0,9.8505046122659,4.999905301241014,0.0607519595503711,0.47107354461453665,1.7278629252753146,0.07769455513493506,0.06911451701052221
9.8515046122659,9.0,9.8515046122659,4.999905301179009,0.06075569415528885,0.47114618691443066,1.7279355648631043,0.07769781777154439,0.06911742259696847
9.867504612265899,9.0,9.867504612265899,4.99990530018644,0.060815411181486964,0.4723088354391437,1.7290981724269903,0.07775004070961034,0.06916392689815055
9.887504612265896,9.0,9.887504612265896,4.99990529894477,0.060889960096484896,0.4737631186300181,1.7305524040003004,0.07781536070588757,0.06922209616023596
9.907504612265898,9.0,9.907504612265898,4.999905297702057,0.06096440115826586,0.4752184810045486,1.732007714814386,0.07788072777226396,0.06928030859203822
9.927504612265896,9.0,9.927504612265896,4.9999052964583,0.06103873464086519,0.47667491941510515,1.7334641016262866,0.07794614126625365,0.0693385640650592
9.947504612265895,9.0,9.947504612265895,4.9999052952134955,0.06111296083164136,0.47813243100085057,1.7349215616400704,0.07801160110024741,0.0693968624655094
9.967504612265895,9.0,9.967504612265895,4.999905293967648,0.06118708001555778,0.4795910128780417,1.7363800919076988,0.07807710714069849,0.06945520367713465
9.987504612265894,9.0,9.987504612265894,4.9999052927207615,0.06126109247874316,0.4810506622080792,1.737839689627004,0.07814265928947006,0.0695135875847678
10.007504612265892,9.0,10.007504612265892,4.999905291472834,0.06133499850497173,0.48251137612172823,1.7393003518667594,0.07820825742349902,0.06957201407491825
10.027504612265892,9.0,10.027504612265892,4.999905290223869,0.061408798380170646,0.4839731518238071,1.740762075912069,0.07827390146565105,0.0696304830358434
10.047504612265891,9.0,10.047504612265891,4.99990528897387,0.06148249238573403,0.48543598644007047,1.742224858829878,0.0783395912531546,0.06968899435366276
10.067504612265889,9.0,10.067504612265889,4.999905287722836,0.061556080805407275,0.4868998771711498,1.7436886978747226,0.07840532668328493,0.06974754791527743
10.087504612265889,9.0,10.087504612265889,4.999905286470771,0.061629563919968884,0.4883648211805485,1.7451535901537691,0.078471107590941,0.06980614360581607
10.10750461226589,9.0,10.10750461226589,4.99990528521768,0.06170294201155537,0.4898308156758535,1.746619532890986,0.07853693390432692,0.06986478131554705
10.10850461226589,9.0,10.10850461226589,4.999905285155004,0.061706608160825197,0.48990414286089157,1.7466928574295582,0.078540226399884,0.06986771430330309
10.124504612265888,9.0,10.124504612265888,4.99990528415175,0.06176523103311795,0.49107773503008695,1.7478664083490631,0.07859292175663701,0.06991465633314721
10.144504612265887,9.0,10.144504612265887,4.999905282896753,0.06183841556028874,0.4925456653275644,1.749334286764881,0.07865883155277276,0.06997337147036774
10.164504612265885,9.0,10.164504612265885,4.999905281640737,0.06191149587075839,0.49401463833123,1.7508032079754532,0.07872478674878058,0.07003212831923775
10.184504612265886,9.0,10.184504612265886,4.999905280383705,0.06198447223321043,0.49548465105849254,1.752273168889113,0.07879078676026618,0.07009092675567304
10.204504612265886,9.0,10.204504612265886,4.999905279125651,0.06205734492469294,0.49695570072541356,1.753744166719585,0.07885683150214695,0.07014976666842057
10.224504612265884,9.0,10.224504612265884,4.999905277866588,0.06213011422296596,0.4984277845803894,1.755216198706739,0.07892292092243469,0.07020864794868295
10.244504612265883,9.0,10.244504612265883,4.999905276606507,0.06220278040415513,0.499900899860579,1.7566892621332508,0.07898905491114139,0.07026757048539965
10.264504612265883,9.0,10.264504612265883,4.999905275345417,0.06227534374267441,0.5013750437945764,1.7581633541590018,0.0790552333180643,0.07032653416666984
10.28450461226588,9.0,10.28450461226588,4.999905274083316,0.0623478045144965,0.502850213659097,1.7596384721206904,0.07912145607045451,0.07038553888454117
10.30450461226588,9.0,10.30450461226588,4.99990527282021,0.062420162992582726,0.504326406693505,1.7611146132118918,0.07918772302295451,0.07044458452880008
10.32450461226588,9.0,10.32450461226588,4.999905271556104,0.06249241945168761,0.5058036201947292,1.7625917747738824,0.0792540340769361,0.0705036709905993
10.34450461226588,9.0,10.34450461226588,4.999905270290993,0.06256457416201264,0.5072818513926202,1.7640699540024785,0.07932038908927419,0.07056279816036429
10.364504612265879,9.0,10.364504612265879,4.999905269024885,0.06263662739721435,0.5087610976044927,1.7655491482360381,0.07938678796473497,0.07062196592963761
10.365504612265878,9.0,10.365504612265878,4.999905268961556,0.06264022739897343,0.5088350864918064,1.7656231344947337,0.07939010900308818,0.07062492538112433
10.381504612265877,9.0,10.381504612265877,4.99990526794791,0.06269779307033738,0.5100192530328898,1.7668072595019937,0.07944326118028266,0.07067229037921917
10.401504612265878,9.0,10.401504612265878,4.9999052666799555,0.06276965928371828,0.5115003697300268,1.7682883241165113,0.07950974081890982,0.07073153296483288
10.421504612265878,9.0,10.421504612265878,4.999905265411011,0.06284142479814055,0.5129824938477756,1.7697703962172695,0.07957626421529351,0.07079081584923094
10.441504612265875,9.0,10.441504612265875,4.999905264141077,0.06291308987637945,0.5144656225629228,1.7712534728783629,0.07964283089520374,0.07085013891515149
10.461504612265875,9.0,10.461504612265875,4.999905262870156,0.06298465478764774,0.5159497532090268,1.772737551439265,0.07970944081934395,0.0709095020578173
10.481504612265875,9.0,10.481504612265875,4.9999052615982515,0.06305611979914728,0.5174348831017496,1.7742226292513616,0.07977609390088136,0.07096890516964759
10.501504612265872,9.0,10.501504612265872,4.999905260325364,0.06312748517705295,0.5189210095521692,1.7757087035791734,0.07984279002427619,0.07102834814333071
10.521504612265872,9.0,10.521504612265872,4.999905259051495,0.06319875118892639,0.520408129929931,1.7771957718387732,0.07990952911663007,0.0710878308740466
10.541504612265872,9.0,10.541504612265872,4.99990525777665,0.06326991809937473,0.5218962415585411,1.7786838313296218,0.07997631101400082,0.07114735325303963
10.561504612265871,9.0,10.561504612265871,4.999905256500831,0.06334098617313418,0.5233853417917096,1.7801728793852272,0.0800431356225666,0.07120691517552602
10.58150461226587,9.0,10.58150461226587,4.999905255224035,0.06341195567508051,0.5248754280006107,1.7816629134232937,0.08011000284954473,0.0712665165368991
10.601504612265868,9.0,10.601504612265868,4.999905253946276,0.06348282686764173,0.526366497533846,1.7831539307556559,0.0801769125455214,0.0713261572301843
10.621504612265868,9.0,10.621504612265868,4.999905252667542,0.06355360001422639,0.5278585477803655,1.7846459287838585,0.08024386462976474,0.07138583715208006
10.622504612265868,9.0,10.622504612265868,4.999905252603588,0.0635571361069964,0.5279331760905074,1.7847205545330718,0.08024721346159147,0.07138882218208611
10.63850461226587,9.0,10.63850461226587,4.999905251579872,0.06361368029629863,0.5291275596300395,1.785914896263887,0.08030080675895412,0.07143659584977391
10.658504612265867,9.0,10.658504612265867,4.999905250299349,0.0636842727460424,0.5306214172529561,1.7874087015635516,0.08036783697841576,0.0714963480616788
10.678504612265867,9.0,10.678504612265867,4.999905249017868,0.0637547678961266,0.5321162481747352,1.7889034802573909,0.08043490942586984,0.07155613921128096
10.698504612265864,9.0,10.698504612265864,4.999905247735437,0.06382516600333106,0.5336120497284986,1.790399229564212,0.08050202364442716,0.07161596918260317
10.718504612265864,9.0,10.718504612265864,4.999905246452047,0.0638954673281009,0.5351088193447644,1.7918959468517173,0.08056917961160681,0.07167583787432276
10.738504612265864,9.0,10.738504612265864,4.999905245167703,0.06396567213003237,0.5366065544643657,1.7933936296643174,0.0806363773105967,0.0717357451857695
10.758504612265863,9.0,10.758504612265863,4.999905243882412,0.06403578066483905,0.5381052524593856,1.7948922753030507,0.08070361660097713,0.071795691012935
10.778504612265863,9.0,10.778504612265863,4.999905242596165,0.06410579319210159,0.5396049108115154,1.7963918813355717,0.0807708973961132,0.07185567525246186
10.798504612265862,9.0,10.798504612265862,4.999905241308981,0.06417570996526974,0.5411055268908799,1.7978924450103049,0.08083821954079395,0.07191569780099236
10.81850461226586,9.0,10.81850461226586,4.999905240020848,0.06424553124360745,0.542607098217737,1.7993939639839636,0.08090558302040485,0.07197575856027195
10.83850461226586,9.0,10.83850461226586,4.99990523873177,0.0643152572787239,0.5441096221655116,1.8008964355352093,0.08097298758269234,0.07203585742072514
10.858504612265858,9.0,10.858504612265858,4.999905237441762,0.0643848883268911,0.545613096231401,1.802399857144882,0.08104043322065468,0.07209599428623725
10.878504612265857,9.0,10.878504612265857,4.9999052361508145,0.06445442464245205,0.5471175178949188,1.803904226407204,0.08110791984794519,0.07215616905676665
10.898504612265858,9.0,10.898504612265858,4.999905234858934,0.06452386647576015,0.5486228845704292,1.8054095406254849,0.0811754472270414,0.07221638162385352
10.918504612265856,9.0,10.918504612265856,4.999905233566114,0.06459321408083887,0.5501291937707916,1.8069157973216998,0.08124301537262824,0.07227663189364336
10.919504612265857,9.0,10.919504612265857,4.999905233501457,0.06459667899506204,0.5502045339972642,1.806991134951612,0.08124639479569717,0.07227964539383402
10.935504612265856,9.0,10.935504612265856,4.9999052324665065,0.06465208564936077,0.5514102958469851,1.808196854849823,0.08130047997523149,0.07232787419350775
10.955504612265855,9.0,10.955504612265855,4.999905231171968,0.06472125959202887,0.5529183420283535,1.8097048484618266,0.08136812318610609,0.07238819393966914
10.975504612265855,9.0,10.975504612265855,4.9999052298765125,0.06479034002479718,0.5544273236544924,1.8112137776413424,0.08143580698446362,0.07244855110531351
10.995504612265854,9.0,10.995504612265854,4.999905228580135,0.06485932719181417,0.5559372381089712,1.8127236395061965,0.08150353091153173,0.07250894558020698
11.015504612265854,9.0,11.015504612265854,4.999905227282839,0.06492822134616033,0.5574480829942242,1.8142344318578574,0.08157129509136785,0.07256937727521255
11.035504612265852,9.0,11.035504612265852,4.999905225984626,0.06499702273270215,0.5589598557519327,1.815746152071874,0.08163909928271251,0.07262984608236797
11.055504612265851,9.0,11.055504612265851,4.999905224685495,0.06506573159985418,0.5604725539268214,1.8172587976274617,0.08170694345387353,0.07269035190591326
11.07550461226585,9.0,11.07550461226585,4.999905223385458,0.06513434819645265,0.5619861750916383,1.818772366227758,0.08177482754427912,0.07275089464857017
11.095504612265849,9.0,11.095504612265849,4.9999052220845055,0.06520287276516286,0.5635007167090932,1.8202868552062599,0.08184275135946684,0.07281147420852238
11.11550461226585,9.0,11.11550461226585,4.999905220782646,0.06527130555419772,0.565016176386086,1.821802262273549,0.0819107148783429,0.07287209049060472
11.135504612265848,9.0,11.135504612265848,4.999905219479881,0.06533964680700301,0.5665325516396708,1.8233185848667377,0.08197871792602762,0.07293274339406722
11.155504612265847,9.0,11.155504612265847,4.999905218176215,0.06540789676823487,0.5680498400432752,1.8248358206075945,0.08204676046160242,0.0729934328247158
11.175504612265847,9.0,11.175504612265847,4.99990521687165,0.06547605568124903,0.5695680391589669,1.8263539670651021,0.08211484233797273,0.07305415868257967
11.176504612265848,9.0,11.176504612265848,4.999905216806401,0.06547946123688922,0.5696439728836648,1.8264298980800209,0.08211824735854889,0.07305719592707788
11.192504612265846,9.0,11.192504612265846,4.999905215762069,0.06553391936024805,0.5708592228334127,1.8276451060099577,0.08217274270329478,0.07310580423955909
11.212504612265846,9.0,11.212504612265846,4.999905214455836,0.065601910464947,0.5723791001742196,1.8291649305664917,0.08224089693415126,0.07316659722263331
11.232504612265844,9.0,11.232504612265844,4.999905213148715,0.06566981121974569,0.5738998815153279,1.8306856591874214,0.08230909052545554,0.07322742636721345
11.252504612265843,9.0,11.252504612265843,4.999905211840703,0.06573762185710544,0.5754215642549256,1.8322072891809624,0.08237732299762057,0.07328829156827694
11.272504612265843,9.0,11.272504612265843,4.9999052105318045,0.06580534261758618,0.5769441459988568,1.833729818203551,0.0824455942614537,0.07334919272820833
11.29250461226584,9.0,11.29250461226584,4.999905209222016,0.06587297373934799,0.5784676243236326,1.835253243731158,0.08251390421173554,0.07341012974970121
11.31250461226584,9.0,11.31250461226584,4.999905207911345,0.06594051546340268,0.5799919968911563,1.8367775635233035,0.08258225283868881,0.07347110254077058
11.332504612265842,9.0,11.332504612265842,4.9999052065997915,0.06600796802608866,0.5815172612749672,1.8383027750944496,0.08265063997550204,0.0735321110034206
11.35250461226584,9.0,11.35250461226584,4.999905205287358,0.06607533166578504,0.5830434151215753,1.8398288761245776,0.08271906556349906,0.07359315504461977
11.372504612265839,9.0,11.372504612265839,4.999905203974045,0.0661426066185321,0.5845704560466841,1.8413558642175027,0.08278752949123835,0.07365423456971107
11.392504612265837,9.0,11.392504612265837,4.999905202659858,0.06620979312156816,0.5860983817124772,1.8428837370653435,0.08285603163969602,0.07371534948236834
11.412504612265836,9.0,11.412504612265836,4.999905201344803,0.06627689140871701,0.587627189725154,1.8444124921879543,0.08292457187749358,0.07377649968719192
11.432504612265838,9.0,11.432504612265838,4.999905200028873,0.06634390171661309,0.5891568777789826,1.8459421273645296,0.08299315019627818,0.07383768509509146
11.452504612265834,9.0,11.452504612265834,4.999905198712078,0.06641082427832137,0.590687443505058,1.847472640219121,0.0830617664186637,0.0738989056084142
11.453504612265837,9.0,11.453504612265837,4.999905198646224,0.06641416810186532,0.5907639946667144,1.8475491886404753,0.08306519816782587,0.07390196755322266
11.469504612265835,9.0,11.469504612265835,4.999905197592126,0.06646763964936582,0.5919891129263465,1.8487742647400738,0.08312011994529511,0.07395097059024323
11.489504612265835,9.0,11.489504612265835,4.999905196273725,0.06653440048702904,0.593521295991945,1.850306394818566,0.0831888058432999,0.07401225579243417
11.509504612265832,9.0,11.509504612265832,4.999905194954463,0.06660107425097582,0.5950543502990472,1.8518393961684538,0.08325752970674949,0.0740735758455023
11.529504612265832,9.0,11.529504612265832,4.999905193634349,0.06666766116453982,0.596588273336458,1.8533732662292732,0.08332629107931222,0.07413493064942374
11.549504612265833,9.0,11.549504612265833,4.999905192313371,0.06673416145957357,0.5981230628134571,1.8549080027793365,0.08339508988112265,0.07419632011219345
11.569504612265831,9.0,11.569504612265831,4.999905190991538,0.06680057536411499,0.5996587163755978,1.8564436033772929,0.08346392593114316,0.07425774413493408
11.58950461226583,9.0,11.58950461226583,4.999905189668857,0.0668669031087133,0.6011952317433239,1.8579800657212173,0.08353279920772105,0.07431920262817363
11.609504612265829,9.0,11.609504612265829,4.999905188345326,0.0669331449232579,0.6027326066506448,1.8595173876094382,0.08360170968687486,0.0743806955050433
11.629504612265828,9.0,11.629504612265828,4.999905187020946,0.06699930103555893,0.6042708387993435,1.8610555667674094,0.0836706572064847,0.0744422226709822
11.64950461226583,9.0,11.64950461226583,4.999905185695719,0.06706537167237106,0.6058099258890036,1.862594600801145,0.08373964162008973,0.07450378403192776
11.669504612265825,9.0,11.669504612265825,4.999905184369649,0.06713135706239569,0.6073498656888329,1.8641344875454047,0.08380866291824973,0.07456537950156626
11.689504612265827,9.0,11.689504612265827,4.99990518304274,0.06719725743069699,0.6088906559022571,1.865675224690769,0.08387772096319002,0.07462700898779928
11.709504612265826,9.0,11.709504612265826,4.99990518171499,0.06726307300364204,0.610432294284091,1.8672168099989879,0.08394681565909101,0.07468867239995883
11.710504612265826,9.0,11.710504612265826,4.999905181648587,0.0672663615574962,0.6105093983612394,1.8672939113638423,0.0839502711621063,0.07469175645282508
11.726504612265824,9.0,11.726504612265824,4.999905180585752,0.06731894974515894,0.6117433522638981,1.868527822905336,0.08400557480650073,0.0747411129159749
11.746504612265824,9.0,11.746504612265824,4.999905179256448,0.06738460903269484,0.6132865536618726,1.8700709711183265,0.0840747369096031,0.07480283884454676
11.766504612265823,9.0,11.766504612265823,4.999905177926319,0.06745018417114311,0.6148305969817236,1.871614961331297,0.0841439356843896,0.07486459845365308
11.786504612265823,9.0,11.786504612265823,4.999905176595362,0.06751567537716947,0.6163754798320588,1.873159791044487,0.08421317063609601,0.07492639164150085
11.806504612265822,9.0,11.806504612265822,4.999905175263574,0.06758108287356761,0.6179211999903397,1.8747054580395857,0.08428244173430688,0.07498821832153763
11.82650461226582,9.0,11.82650461226582,4.999905173930959,0.0676464068826748,0.6194677552418052,1.8762519601257082,0.08435174892286113,0.0750500784055993
11.84650461226582,9.0,11.84650461226582,4.999905172597519,0.06771164762557427,0.621015143365533,1.8777992950892626,0.08442109209731563,0.07511197180401306
11.866504612265821,9.0,11.866504612265821,4.999905171263261,0.0677768053223022,0.6225633621370845,1.8793474606610225,0.08449047114412034,0.07517389842691019
11.886504612265817,9.0,11.886504612265817,4.999905169928181,0.06784188019395919,0.624112409377689,1.8808964546901017,0.08455988600136233,0.07523585818736901
11.906504612265818,9.0,11.906504612265818,4.999905168592286,0.06790687245960729,0.6256622828820962,1.8824462749607105,0.08462933656883043,0.07529785099798812
11.926504612265816,9.0,11.926504612265816,4.999905167255573,0.06797178233830915,0.6272129804674474,1.8839969193107255,0.08469882277525653,0.07535987677298338
11.946504612265816,9.0,11.946504612265816,4.999905165918051,0.06803661004810692,0.6287644999459,1.885548385559236,0.08476834448688741,0.07542193542234919
11.966504612265815,9.0,11.966504612265815,4.999905164579714,0.06810135580620888,0.6303168391310212,1.8871006714645229,0.08483790159992766,0.07548402685844867
11.967504612265817,9.0,11.967504612265817,4.999905164512781,0.06810459094355831,0.630394477494033,1.887178307100445,0.084841380167608,0.07548713228168466
11.983504612265815,9.0,11.983504612265815,4.9999051634414995,0.06815632543599637,0.6316369705057047,1.8884207576176775,0.08489705290624938,0.07553683030501486
12.003504612265814,9.0,12.003504612265814,4.999905162101666,0.06822092014912891,0.6331908202883515,1.889974554053033,0.08496667517402656,0.07559898216182932
12.023504612265814,9.0,12.023504612265814,4.999905160761026,0.06828543353406692,0.6347454837740675,1.8915291642301206,0.08503633288709156,0.07566116656968076
12.043504612265812,9.0,12.043504612265812,4.9999051594195905,0.06834986580020766,0.6363009586726007,1.893084585824171,0.08510602560514768,0.07572338343275214
12.063504612265811,9.0,12.063504612265811,4.999905158077351,0.06841421716120882,0.6378572428101407,1.8946408166196238,0.08517575324296578,0.07578563266516736
12.083504612265813,9.0,12.083504612265813,4.999905156734313,0.06847848783170263,0.6394143340670481,1.896197854543092,0.08524551576203598,0.07584791418198333
12.103504612265809,9.0,12.103504612265809,4.999905155390476,0.06854267802449553,0.64097223029156,1.8977556974076022,0.08531531304528994,0.07591022789591349
12.12350461226581,9.0,12.12350461226581,4.999905154045848,0.06860678795246705,0.6425309293628799,1.8993143430956079,0.08538514503884831,0.07597257372378452
12.143504612265808,9.0,12.143504612265808,4.999905152700433,0.06867081782773775,0.6440904291600645,1.900873789519855,0.08545501165827152,0.07603495158122357
12.163504612265807,9.0,12.163504612265807,4.9999051513542225,0.06873476786205927,0.6456507275721911,1.9024340345418738,0.08552491277959606,0.07609736138183998
12.183504612265807,9.0,12.183504612265807,4.999905150007225,0.06879863826577985,0.6472118224767603,1.903995076031722,0.0855948483124489,0.07615980304101863
12.203504612265805,9.0,12.203504612265805,4.99990514865944,0.0688624292497215,0.6487737117851379,1.9055569119137286,0.08566481819827887,0.07622227647662638
12.223504612265806,9.0,12.223504612265806,4.9999051473108755,0.06892614102307099,0.6503363933826982,1.9071195400731071,0.0857348223261114,0.07628478160357037
12.224504612265806,9.0,12.224504612265806,4.999905147243431,0.06892932453517016,0.6504145482017938,1.907197692190882,0.08573832327374409,0.07628790768468943
12.240504612265806,9.0,12.240504612265806,4.999905146163982,0.06898023391247367,0.6516652942541767,1.9084483955458142,0.0857943525556284,0.07633793582201848
12.260504612265803,9.0,12.260504612265803,4.999905144813963,0.06904379969311897,0.6532294359920098,1.9100124837814625,0.08586441972167314,0.07640049935104568
12.280504612265803,9.0,12.280504612265803,4.999905143463171,0.06910728686179074,0.6547943641890468,1.9115773585225833,0.08593452109284994,0.07646309434172363
12.3005046122658,9.0,12.3005046122658,4.999905142111604,0.06917069562181741,0.6563600766701221,1.913143017514425,0.08600465626236553,0.07652572070067297
12.3205046122658,9.0,12.3205046122658,4.999905140759262,0.06923402618007322,0.6579265713707018,1.9147094587026552,0.08607482520472343,0.07658837834783914
12.340504612265802,9.0,12.340504612265802,4.999905139406152,0.06929727874240028,0.6594938462198381,1.9162766800394102,0.08614502786782152,0.07665106720158898
12.3605046122658,9.0,12.3605046122658,4.99990513805227,0.0693604535144619,0.6610618991660728,1.9178446794583457,0.08621526415823655,0.07671378717866496
12.3805046122658,9.0,12.3805046122658,4.99990513669762,0.06942355070123214,0.6626307281585514,1.9194134549204542,0.08628553398769068,0.0767765381966625
12.400504612265799,9.0,12.400504612265799,4.999905135342205,0.06948657050671894,0.6642003311454079,1.9209830043413456,0.08635583726261142,0.07683932017358341
12.420504612265796,9.0,12.420504612265796,4.999905133986026,0.06954951313538467,0.6657707061050332,1.922553325746376,0.08642617393604857,0.076902133030358
12.440504612265798,9.0,12.440504612265798,4.999905132629084,0.06961237878989811,0.6673418509919,1.9241244170633716,0.0864965438564489,0.07696497668171491
12.460504612265794,9.0,12.460504612265794,4.999905131271384,0.06967516767229853,0.6689137637675441,1.9256962762241026,0.08656694697380152,0.0770278510491721
12.480504612265795,9.0,12.480504612265795,4.999905129912924,0.06973787998626138,0.6704864424536228,1.9272689013296447,0.0866373832454288,0.07709075605424627
12.481504612265796,9.0,12.481504612265796,4.9999051298449855,0.06974101359651377,0.6705650964807136,1.9273475526838055,0.08664090572170524,0.07709390209932646
12.497504612265795,9.0,12.497504612265795,4.999905128757645,0.06979112540190434,0.6718238200344391,1.928606233336855,0.08669727976839292,0.07714424933424653
12.517504612265792,9.0,12.517504612265792,4.9999051273977875,0.06985369659090637,0.6733979102439589,1.9301802699188872,0.08676777705563987,0.07720721079727236
12.537504612265792,9.0,12.537504612265792,4.999905126037179,0.06991619178384538,0.6749727606357808,1.9317550666809113,0.08683830726589759,0.0772702026665439
12.557504612265793,9.0,12.557504612265793,4.999905124675824,0.06997861117965437,0.6765483691914624,1.9333306215538348,0.08690887020231064,0.07733322486284717
12.577504612265791,9.0,12.577504612265791,4.999905123313717,0.07004095497840475,0.6781247339400731,1.9349069326758226,0.08697946580586047,0.07739627730602157
12.59750461226579,9.0,12.59750461226579,4.999905121950865,0.0701032233760618,0.6797018528290037,1.936483997853127,0.08705009394935348,0.07745935991419643
12.61750461226579,9.0,12.61750461226579,4.999905120587268,0.07016541657379004,0.6812797239551877,1.9380618153137426,0.08712075467698921,0.07752247261349805
12.637504612265788,9.0,12.637504612265788,4.9999051192229285,0.07022753476662426,0.6828583452859985,1.9396403829620565,0.08719144777437604,0.0775856153178324
12.65750461226579,9.0,12.65750461226579,4.999905117857852,0.07028957815190398,0.6844377148639142,1.941219698788901,0.08726217321393892,0.07764878795149317
12.677504612265786,9.0,12.677504612265786,4.9999051164920365,0.07035154692727674,0.6860178307606174,1.9427997609744474,0.08733293097664108,0.07771199043964871
12.697504612265787,9.0,12.697504612265787,4.999905115125484,0.07041344128696403,0.6875986909795181,1.9443805674764905,0.08740372087707637,0.07777522269889175
12.717504612265786,9.0,12.717504612265786,4.999905113758197,0.07047526142604676,0.6891802935658258,1.9459621162970673,0.08747454285895806,0.077838484652401
12.737504612265784,9.0,12.737504612265784,4.9999051123901745,0.07053700754057605,0.6907626366158331,1.947544405595019,0.08754539687310725,0.07790177622345337
12.738504612265785,9.0,12.738504612265785,4.99990511232176,0.070540092901835,0.6908417730476943,1.9476235392482293,0.08754894030089999,0.07790494157475561
12.754504612265784,9.0,12.754504612265784,4.999905111226788,0.07058943368754533,0.6921082091169887,1.9488899324619444,0.08760564787828096,0.07795559729670325
12.774504612265785,9.0,12.774504612265785,4.9999051098574165,0.07065104335781494,0.6936919166464132,1.95047358611951,0.08767656070303875,0.07801894344562077
12.794504612265783,9.0,12.794504612265783,4.999905108487314,0.07071257956170195,0.69527635930026,1.9520579750179599,0.08774750561199807,0.0780823190008877
12.814504612265782,9.0,12.814504612265782,4.9999051071164935,0.07077404248304828,0.696861534927602,1.9536430968013108,0.08781848208837761,0.0781457238718639
12.83450461226578,9.0,12.83450461226578,4.999905105744947,0.07083543231571673,0.6984474416616309,1.9552289497195108,0.08788949019558046,0.07820915798869972
12.85450461226578,9.0,12.85450461226578,4.999905104372677,0.0708967492495694,0.7000340775531303,1.9568155317816516,0.08796052980117341,0.07827262127179538
12.874504612265781,9.0,12.874504612265781,4.999905102999693,0.07095799347553118,0.7016214406987179,1.958402841104229,0.0880316008303339,0.07833611364359977
12.894504612265777,9.0,12.894504612265777,4.999905101625988,0.071019165183357,0.7032095291879362,1.9599908757124922,0.08810270321291624,0.0783996350289973
12.914504612265779,9.0,12.914504612265779,4.999905100251566,0.07108026456385683,0.7047983411522011,1.9615796338329123,0.08817383690925729,0.07846318535375822
12.934504612265778,9.0,12.934504612265778,4.999905098876432,0.07114129180469134,0.7063878746678197,1.9631691134671136,0.08824500175971273,0.07852676453843585
12.954504612265776,9.0,12.954504612265776,4.999905097500587,0.0712022470953453,0.7079781278711927,1.9647593127679226,0.0883161977350202,0.07859037251006758
12.974504612265775,9.0,12.974504612265775,4.999905096124031,0.07126313062328543,0.7095690988717205,1.9663502298687903,0.08838742476706152,0.0786540091948342
12.994504612265773,9.0,12.994504612265773,4.999905094746764,0.07132394257622458,0.7111607858016954,1.9679418628962546,0.08845868275116975,0.0787176745162841
12.995504612265776,9.0,12.995504612265776,4.999905094677887,0.07132698129842703,0.7112403889140287,1.9680214633040767,0.08846224641959632,0.07872085853186396
13.011504612265774,9.0,13.011504612265774,4.999905093575538,0.07137557660299707,0.7125142812811618,1.969295312576652,0.08851927615039612,0.07877181250303689
13.031504612265774,9.0,13.031504612265774,4.999905092196966,0.07143625663086346,0.7141072876670002,1.9708882649722672,0.0885905911225513,0.07883553059861105
13.051504612265772,9.0,13.051504612265772,4.999905090817692,0.07149686561775233,0.7157010047469547,1.972481928127658,0.08866193700912905,0.07889927712518117
13.071504612265771,9.0,13.071504612265771,4.999905089437715,0.07155740374556205,0.7172954305792183,1.974076300004642,0.08873331346234581,0.07896305200126202
13.091504612265773,9.0,13.091504612265773,4.999905088057039,0.07161787119983501,0.718890563337233,1.9756713788145415,0.08880472043006682,0.07902685515207561
13.111504612265769,9.0,13.111504612265769,4.999905086675667,0.07167826816389496,0.7204864011517532,1.9772671626135463,0.08887615785129532,0.07909068650438504
13.13150461226577,9.0,13.13150461226577,4.9999050852936024,0.07173859482263317,0.7220829422194589,1.9788636497050582,0.08894762572924764,0.07915454598829429
13.15150461226577,9.0,13.15150461226577,4.999905083910837,0.07179885135776011,0.7236801846693622,1.980460838163316,0.08901912390616351,0.07921843352667304
13.171504612265768,9.0,13.171504612265768,4.999905082527384,0.07185903795268518,0.7252781266947613,1.982058726171732,0.08909065232550528,0.07928234904685791
13.191504612265767,9.0,13.191504612265767,4.9999050811432415,0.07191915478939273,0.7268767664751529,1.9836573119264769,0.08916221093094334,0.07934629247755004
13.211504612265765,9.0,13.211504612265765,4.999905079758409,0.07197920204954301,0.728476102194423,1.9852565936203714,0.08923379961911282,0.07941026374442683
13.231504612265766,9.0,13.231504612265766,4.999905078372889,0.07203917991344866,0.7300761320242902,1.9868565693909999,0.08930541831817318,0.0794742627760025
13.251504612265766,9.0,13.251504612265766,4.9999050769866855,0.0720990885628885,0.7316768541951824,1.9884572375152854,0.08937706697186698,0.07953828950056883
13.252504612265765,9.0,13.252504612265765,4.999905076917363,0.0721020821812817,0.7317569084360959,1.9885372890366668,0.08938065022578989,0.07954149156508034
13.268504612265763,9.0,13.268504612265763,4.999905075807877,0.07214995663201566,0.7330380111178649,1.9898183485221503,0.08943799166504607,0.07959273394048294
13.288504612265763,9.0,13.288504612265763,4.9999050744204085,0.07220973770339366,0.7346400092302227,1.9914202924937252,0.08950969542531695,0.07965681170018792
13.308504612265764,9.0,13.308504612265764,4.999905073032261,0.0722694500750327,0.7362426946568232,1.9930229238666954,0.08958142909648781,0.07972091695421225
13.32850461226576,9.0,13.32850461226576,4.9999050716434335,0.07232909392029745,0.7378460654692799,1.9946262405583326,0.08965319230042446,0.07978504962245508
13.348504612265762,9.0,13.348504612265762,4.99990507025393,0.07238866941934173,0.7394501199526335,1.9962302409439738,0.08972498506750726,0.07984920963734182
13.36850461226576,9.0,13.36850461226576,4.999905068863756,0.07244817674779365,0.7410548562792626,1.9978349231386077,0.08979680729091943,0.0799133969261356
13.38850461226576,9.0,13.38850461226576,4.9999050674729055,0.07250761608381374,0.7426602727155877,1.9994402854645608,0.0898686589312947,0.07997761141830016
13.408504612265759,9.0,13.408504612265759,4.999905066081385,0.07256698760279817,0.744266367471351,2.0010463260633378,0.08994053988043249,0.08004185304207859
13.428504612265757,9.0,13.428504612265757,4.999905064689198,0.0726262914812814,0.7458731388051878,2.0026530432547265,0.09001245012217729,0.08010612173020128
13.448504612265758,9.0,13.448504612265758,4.999905063296339,0.07268552789421072,0.7474805849511107,2.004260435235036,0.09008438953093445,0.08017041740977617
13.468504612265757,9.0,13.468504612265757,4.999905061902819,0.07274469701679892,0.7490887041719496,2.005868500290736,0.09015635804799782,0.08023474001147203
13.488504612265755,9.0,13.488504612265755,4.999905060508628,0.07280379902263949,0.750697494701179,2.0074772366223304,0.09022835557735243,0.08029908946442937
13.508504612265755,9.0,13.508504612265755,4.999905059113779,0.07286283408663026,0.7523069548320324,2.0090866425478424,0.09030038210879576,0.08036346570327645
13.509504612265754,9.0,13.509504612265754,4.999905059044025,0.07286578408767455,0.7523874454420676,2.0091671304737995,0.09030398408566542,0.080366685212787
13.525504612265756,9.0,13.525504612265756,4.999905057927648,0.07291296138804325,0.7536755211387739,2.0104551628082783,0.09036162714221718,0.08041820651279072
13.545504612265752,9.0,13.545504612265752,4.999905056531566,0.0729718730639672,0.7552862154061207,2.0120658028357017,0.09043370704449227,0.08048263211333997
13.565504612265753,9.0,13.565504612265753,4.999905055134838,0.0730307182910976,0.7568975743556436,2.01367710759322,0.09050581580193207,0.08054708430417995
13.585504612265751,9.0,13.585504612265751,4.99990505373745,0.07308949723965204,0.7585095962298201,2.015289075219189,0.09057795310992489,0.08061156300790165
13.60550461226575,9.0,13.60550461226575,4.999905052339413,0.07314821008238237,0.7601222793495682,2.016901704072482,0.09065011902622988,0.08067606816299185
13.62550461226575,9.0,13.62550461226575,4.999905050940723,0.07320685698958883,0.7617356219877949,2.018514992480706,0.0907223134601145,0.08074059969877843
13.645504612265748,9.0,13.645504612265748,4.999905049541382,0.07326543813085319,0.7633496224218626,2.020128938634624,0.09079453631820344,0.08080515754600859
13.66550461226575,9.0,13.66550461226575,4.999905048141387,0.07332395367718417,0.7649642789822022,2.0217435409392226,0.09086678756786593,0.08086974163745687
13.685504612265749,9.0,13.685504612265749,4.999905046740751,0.0733824037968492,0.7665795899449084,2.0233587976007947,0.09093906709901711,0.08093435190419708
13.705504612265747,9.0,13.705504612265747,4.999905045339464,0.07344078865992469,0.7681955536523314,2.0249747070217756,0.09101137489136235,0.08099898828114485
13.725504612265746,9.0,13.725504612265746,4.999905043937533,0.07349910843387886,0.7698121683978704,2.0265912674586595,0.0910837108192557,0.08106365069825971
13.745504612265744,9.0,13.745504612265744,4.999905042534962,0.07355736328701026,0.7714294325105056,2.028208477253083,0.09115607484808885,0.08112833909060878
13.765504612265744,9.0,13.765504612265744,4.999905041131751,0.07361555338651518,0.7730473443113065,2.0298263347369043,0.09122846687636144,0.08119305338891745
13.766504612265747,9.0,13.766504612265747,4.999905041061578,0.07361846118844573,0.7731282566983093,2.0299072442815755,0.09123208696472895,0.08119628977367656
13.782504612265745,9.0,13.782504612265745,4.999905039938524,0.07366496419209019,0.7744230775925096,2.031202021900938,0.09129002219627536,0.08124808087571551
13.802504612265743,9.0,13.802504612265743,4.999905038534126,0.07372303492911456,0.7760421829894703,2.0328210728916356,0.09136246562142314,0.08131284291627079
13.822504612265742,9.0,13.822504612265742,4.999905037129096,0.0737810413948363,0.7776619315558294,2.0344407671080957,0.09143493717803808,0.08137763068394346
13.842504612265742,9.0,13.842504612265742,4.999905035723432,0.07383898374694463,0.7792823214136854,2.0360611025657205,0.0915074364347579,0.0814424441032128
13.86250461226574,9.0,13.86250461226574,4.999905034317135,0.07389686215163632,0.7809033509368255,2.037682077740751,0.09157996336261975,0.08150728310950682
13.882504612265741,9.0,13.882504612265741,4.999905032910206,0.0739546767713913,0.7825250184276198,2.0393036908341284,0.09165251783235662,0.08157214763358406
13.902504612265737,9.0,13.902504612265737,4.9999050315026485,0.07401242777175558,0.7841473222833037,2.040925940305227,0.09172509985029276,0.08163703761238461
13.922504612265739,9.0,13.922504612265739,4.9999050300944585,0.07407011531567043,0.7857702608494556,2.042548824464823,0.09179770930754616,0.0817019529785784
13.942504612265738,9.0,13.942504612265738,4.9999050286856495,0.07412773956620447,0.7873938324927386,2.0441723416927857,0.09187034615340361,0.08176689366774761
13.962504612265736,9.0,13.962504612265736,4.9999050272762116,0.07418530068642834,0.7890180355977372,2.0457964903730623,0.09194301031187013,0.08183185961434257
13.982504612265735,9.0,13.982504612265735,4.999905025866156,0.07424279883843908,0.7906428685390091,2.0474212688697375,0.09201570173283757,0.08189685075549902
14.002504612265735,9.0,14.002504612265735,4.999905024455473,0.07430023418427503,0.792268329710928,2.049046675631601,0.09208842033598397,0.08196186702536201
14.022504612265735,9.0,14.022504612265735,4.999905023044171,0.07435760688379223,0.7938944174593695,2.0506727089108288,0.09216116599090585,0.08202690835599767
14.042504612265734,9.0,14.042504612265734,4.99990502163225,0.0744149170991569,0.7955211302196034,2.052299367197125,0.09223393873170993,0.08209197468866224
14.062504612265732,9.0,14.062504612265732,4.999905020219712,0.07447216499034925,0.7971484663768592,2.053926648916779,0.0923067384338414,0.08215706595610786
14.063504612265733,9.0,14.063504612265733,4.9999050201490745,0.07447502574611481,0.7972298493585894,2.054008029061187,0.09231037899638128,0.08216032116878103
14.079504612265731,9.0,14.079504612265731,4.999905019018579,0.07452077682224421,0.7985321912774658,2.0553103275749938,0.09236863941022277,0.08221241310261049
14.099504612265733,9.0,14.099504612265733,4.999905017604898,0.07457790982656201,0.80016067627007,2.0569387579948266,0.09244148856753398,0.0822775503202338
14.119504612265729,9.0,14.119504612265729,4.999905016190611,0.0746349809682245,0.8017897803296853,2.0585678075734504,0.0925143648295692,0.08234271230223354
14.13950461226573,9.0,14.13950461226573,4.999905014775714,0.07469199039819659,0.8034195016479501,2.0601974743495717,0.09258726773338366,0.08240789897385022
14.15950461226573,9.0,14.15950461226573,4.999905013360211,0.07474893827555304,0.8050498386768075,2.0618277568769687,0.09266019729101216,0.08247311027537595
14.179504612265728,9.0,14.179504612265728,4.999905011944092,0.07480582475629348,0.8066807897918027,2.0634586534759247,0.09273315335930965,0.0825383461386852
14.199504612265727,9.0,14.199504612265727,4.999905010527375,0.07486264999823558,0.8083123534439999,2.065090162577523,0.09280613593239395,0.08260360650355336
14.219504612265727,9.0,14.219504612265727,4.99990500911005,0.07491941415822101,0.809944528068492,2.066722282678689,0.09287914494629312,0.08266889130672553
14.239504612265726,9.0,14.239504612265726,4.999905007692123,0.07497611739173231,0.8115773120849679,2.0683550121154006,0.09295218029972308,0.08273420048444911
14.259504612265726,9.0,14.259504612265726,4.999905006273594,0.0750327598559006,0.8132107039733577,2.0699883494527045,0.09302524199563145,0.08279953397813582
14.279504612265724,9.0,14.279504612265724,4.999905004854463,0.07508934170443754,0.8148447021361307,2.071622293052496,0.09309832989534694,0.08286489172219443
14.299504612265723,9.0,14.299504612265723,4.999905003434738,0.07514586309319077,0.8164793050519432,2.073256841382428,0.09317144395514143,0.08293027365523296
14.319504612265723,9.0,14.319504612265723,4.999905002014416,0.07520232417621484,0.818114511166779,2.074891992905108,0.09324458411697134,0.08299567971607331
14.320504612265722,9.0,14.320504612265722,4.999905001943389,0.07520514564687165,0.8181962871859236,2.074973766124216,0.09324824165845902,0.08299895064605177
14.33650461226572,9.0,14.33650461226572,4.9999050008066765,0.07525026880219539,0.819504909652444,2.0762823450526677,0.0933067737539941,0.08305129380179352
14.356504612265722,9.0,14.356504612265722,4.999904999385246,0.07530661871950908,0.8211412274635317,2.077918608181229,0.09337996184945752,0.0831167443278695
14.376504612265721,9.0,14.376504612265721,4.999904997963228,0.0753629087748957,0.8227781442808823,2.079555470410669,0.09345317613276505,0.08318221881605398
14.39650461226572,9.0,14.39650461226572,4.999904996540624,0.07541913911382002,0.8244156583670135,2.0811929298363374,0.09352641615933832,0.08324771719286998
14.416504612265719,9.0,14.416504612265719,4.999904995117422,0.07547530989057598,0.8260537682577169,2.082830985096858,0.09359968200361668,0.08331323940440762
14.436504612265717,9.0,14.436504612265717,4.999904993693639,0.0755314212556108,0.8276924723953811,2.0844696346143405,0.09367297351948789,0.08337878538457798
14.456504612265718,9.0,14.456504612265718,4.999904992269268,0.07558747336037051,0.8293317692679677,2.0861088768188765,0.09374629065898832,0.08344435507305739
14.476504612265717,9.0,14.476504612265717,4.999904990844308,0.07564346635628373,0.8309716573839167,2.0877487102841483,0.0938196334079402,0.08350994841172014
14.496504612265715,9.0,14.496504612265715,4.999904989418773,0.07569940039335103,0.8326121352207241,2.089389133449089,0.09389300165431336,0.08357556533806232
14.516504612265715,9.0,14.516504612265715,4.99990498799265,0.07575527562190061,0.8342532012923208,2.0910301448405515,0.0939663953650387,0.08364120579386437
14.536504612265714,9.0,14.536504612265714,4.999904986565944,0.07581109219144214,0.8358948540924879,2.09267174296345,0.0940398144588741,0.08370686971826803
14.556504612265712,9.0,14.556504612265712,4.999904985138665,0.07586685025068157,0.8375370921205154,2.094313926282122,0.09411325887138267,0.08377255705178485
14.576504612265712,9.0,14.576504612265712,4.9999049837108025,0.07592254994951644,0.8391799139211076,2.0959566933889167,0.09418672855983146,0.08383826773555812
14.577504612265713,9.0,14.577504612265713,4.999904983639401,0.07592533340380524,0.8392620702709102,2.0960388469703033,0.09419040251594879,0.08384155387457191
14.593504612265713,9.0,14.593504612265713,4.999904982496678,0.07596984892072385,0.8405767704066229,2.097353503390938,0.09424919752699612,0.0838941401362718
14.61350461226571,9.0,14.61350461226571,4.99990498106775,0.07602544103878675,0.8422206681396699,2.098997346376442,0.09432271369294432,0.08395989385500166
14.63350461226571,9.0,14.63350461226571,4.999904979638248,0.0760809752200394,0.8438651454943337,2.1006417690207573,0.09439625510156624,0.08402567076063448
14.653504612265708,9.0,14.653504612265708,4.999904978208179,0.07613645160863221,0.8455102009077158,2.1022867696723324,0.09446982145684335,0.08409147078705562
14.67350461226571,9.0,14.67350461226571,4.999904976777537,0.07619187035174436,0.8471558329315896,2.103932346963746,0.09454341277427103,0.08415729387930376
14.69350461226571,9.0,14.69350461226571,4.99990497534633,0.07624723159503988,0.8488020400857741,2.105578499372475,0.09461702893095003,0.08422313997437524
14.713504612265707,9.0,14.713504612265707,4.999904973914552,0.07630253548435943,0.8504488209097811,2.1072252254084383,0.09469066991548258,0.08428900901668594
14.733504612265707,9.0,14.733504612265707,4.999904972482209,0.07635778216589038,0.8520961739771276,2.1088725237280173,0.09476433569925047,0.08435490094949259
14.753504612265706,9.0,14.753504612265706,4.9999049710492995,0.07641297178344732,0.8537440978029245,2.1105203927704212,0.09483802613688663,0.08442081571045684
14.773504612265704,9.0,14.773504612265704,4.9999049696158275,0.07646810448217231,0.8553925909570294,2.1121688311233116,0.0949117412410001,0.08448675324599117
14.793504612265703,9.0,14.793504612265703,4.999904968181796,0.07652318040635918,0.8570416520043644,2.113817837407203,0.09498548091079129,0.08455271349527457
14.813504612265703,9.0,14.813504612265703,4.9999049667472,0.07657819969842021,0.8586912794676503,2.115467410016861,0.09505924506588181,0.0846186964010984
14.833504612265703,9.0,14.833504612265703,4.999904965312048,0.0766331625043014,0.8603414719948866,2.117117547767699,0.09513303374690207,0.08468470191076705
14.853504612265702,9.0,14.853504612265702,4.99990496387634,0.07668806896407335,0.861992228070562,2.118768249018402,0.09520684675288948,0.08475072996079341
14.8735046122657,9.0,14.8735046122657,4.999904962440072,0.07674291922185163,0.8636435463199321,2.1204195124346223,0.09528068409963808,0.0848167804968262
14.874504612265703,9.0,14.874504612265703,4.999904962368247,0.07674566025686795,0.8637261268100226,2.1205020900725797,0.09528437633214892,0.08482008360262286
14.890504612265701,9.0,14.890504612265701,4.999904961218811,0.07678949786506623,0.8650476079907127,2.121823527557196,0.0953434650691416,0.08487294110321562
14.9105046122657,9.0,14.9105046122657,4.99990495978152,0.07684424451569857,0.8666999622830963,2.1234758269753113,0.09541734703570981,0.08493903307895587
14.930504612265699,9.0,14.930504612265699,4.999904958343673,0.0768989353736409,0.8683528748818041,2.1251286846884305,0.09549125344249743,0.08500514738828359
14.950504612265698,9.0,14.950504612265698,4.999904956905276,0.07695357057519071,0.8700063442330426,2.1267820991900384,0.09556518394603875,0.08507128396720975
14.970504612265696,9.0,14.970504612265696,4.99990495546633,0.07700815025868975,0.8716603688696046,2.1284360689364523,0.09563913841475546,0.08513744275620344
14.990504612265696,9.0,14.990504612265696,4.999904954026839,0.07706267456545864,0.8733149474249061,2.130090592606884,0.09571311689921203,0.08520362370468763
15.010504612265695,9.0,15.010504612265695,4.999904952586799,0.07711714363480389,0.874970078492167,2.1317456688237892,0.09578711929771178,0.08526982675382688
15.030504612265695,9.0,15.030504612265695,4.999904951146215,0.07717155760532794,0.8766257606549669,2.1334012960974524,0.0958611454883469,0.08533605184352921
15.050504612265694,9.0,15.050504612265694,4.999904949705084,0.07722591661672615,0.8782819925533288,2.1350574730678016,0.0959351954870058,0.0854022989222474
15.070504612265694,9.0,15.070504612265694,4.9999049482634135,0.07728022080801628,0.8799387728156596,2.136714198423998,0.09600926926622444,0.08546856793728276
15.090504612265692,9.0,15.090504612265692,4.999904946821202,0.07733447031595023,0.8815961000213464,2.1383714707356267,0.0960833666996237,0.0855348588299183
15.110504612265691,9.0,15.110504612265691,4.99990494537845,0.0773886652787295,0.8832539728096506,2.140029288593584,0.0961574877222433,0.08560117154396962
15.130504612265689,9.0,15.130504612265689,4.999904943935158,0.07744280583383957,0.8849123898105143,2.1416876506596463,0.09623163230146803,0.08566750602554539
15.131504612265692,9.0,15.131504612265692,4.999904943862983,0.07744551142804632,0.884995324681425,2.1417705826171805,0.09623533972771936,0.0856708233037654
15.14750461226569,9.0,15.14750461226569,4.999904942707943,0.07748878263956033,0.886322471433064,2.1430976856869486,0.09629467395718105,0.08572390742817465
15.16750461226569,9.0,15.16750461226569,4.999904941263654,0.07754282289153769,0.8879818913264323,2.14475705055889,0.09636886160208213,0.08579028202225025
15.187504612265688,9.0,15.187504612265688,4.999904939818832,0.07759680913373466,0.8896418518192055,2.1464169560707695,0.09644307304966393,0.08585667824253389
15.207504612265687,9.0,15.207504612265687,4.999904938373478,0.07765074149374085,0.8913023512952858,2.148077400573546,0.09651730783363188,0.08592309602319244
15.227504612265687,9.0,15.227504612265687,4.999904936927597,0.07770462010623652,0.8929633883778282,2.149738382700233,0.0965915658525891,0.08598953530752612
15.247504612265686,9.0,15.247504612265686,4.999904935481182,0.07775844510568508,0.8946249617023048,2.1513999010344045,0.09666584705697101,0.08605599604128637
15.267504612265686,9.0,15.267504612265686,4.999904934034238,0.07781221662783992,0.8962870699543192,2.1530619543117355,0.09674015143962644,0.08612247817247054
15.287504612265685,9.0,15.287504612265685,4.999904932586769,0.07786593480592348,0.897949711763031,2.1547245411253613,0.09681447890953954,0.08618898164603625
15.307504612265683,9.0,15.307504612265683,4.999904931138768,0.0779195997745075,0.8996128858119817,2.1563876601931837,0.09688882940679733,0.08625550640709212
15.327504612265683,9.0,15.327504612265683,4.999904929690243,0.07797321166626062,0.9012765907402431,2.1580513100762646,0.09696320287699378,0.08632205240364542
15.34750461226568,9.0,15.34750461226568,4.999904928241192,0.07802677061582648,0.9029408252682916,2.1597154896246122,0.0970375993193171,0.08638861958478802
15.36750461226568,9.0,15.36750461226568,4.999904926791625,0.07808027675360252,0.904605587994725,2.161380197312745,0.09711201856897334,0.0864552078924902
15.387504612265682,9.0,15.387504612265682,4.999904925341532,0.07813373021376965,0.9062708776549421,2.1630454319408994,0.09718646065888215,0.08652181727742281
15.40750461226568,9.0,15.40750461226568,4.999904923890917,0.0781871311276619,0.9079366929105616,2.164711192158412,0.09726092550493082,0.08658844768640249
15.40850461226568,9.0,15.40850461226568,4.999904923818378,0.07818979979469123,0.9080199973950864,2.164794493848485,0.09726464930932277,0.08659177975708968
15.424504612265679,9.0,15.424504612265679,4.999904922657497,0.07823248069206863,0.9093530482671842,2.166127500796017,0.0973242384557802,0.08664510003130885
15.444504612265678,9.0,15.444504612265678,4.999904921205917,0.0782857847374997,0.9110198322675928,2.167794229667295,0.09739874510405477,0.0867117691872246
15.464504612265678,9.0,15.464504612265678,4.999904919753827,0.07833903661537296,0.9126871382741754,2.1694614806472017,0.09747327458234101,0.08677845922531757
15.484504612265678,9.0,15.484504612265678,4.999904918301223,0.07839223645024805,0.9143549647953868,2.1711292520673515,0.09754782650373017,0.0868451700829567
15.504504612265675,9.0,15.504504612265675,4.999904916848106,0.07844538437467274,0.9160233106045337,2.172797542827974,0.09762240093800223,0.08691190171341623
15.524504612265675,9.0,15.524504612265675,4.9999049153944775,0.0784984805163303,0.9176921743369995,2.1744663514769864,0.09769699772700458,0.08697865405865202
15.544504612265674,9.0,15.544504612265674,4.9999049139403375,0.0785515250056116,0.9193615547320277,2.1761356767702487,0.09777161690295255,0.08704542707088252
15.564504612265672,9.0,15.564504612265672,4.999904912485688,0.07860451797166047,0.9210314505029378,2.177805517457505,0.09784625840893302,0.08711222069849286
15.584504612265672,9.0,15.584504612265672,4.999904911030527,0.07865745954256223,0.9227018603470927,2.1794758722074197,0.09792092214886305,0.08717903488790128
15.604504612265673,9.0,15.604504612265673,4.999904909574857,0.07871034984652077,0.924372782978862,2.1811467397147872,0.09799560808785412,0.087245869588743
15.624504612265671,9.0,15.624504612265671,4.999904908118688,0.07876318901238238,0.9260442171460177,2.1828181187757982,0.0980703162026011,0.0873127247516034
15.644504612265672,9.0,15.644504612265672,4.999904906662008,0.07881597716701967,0.9277161615517276,2.1844900080658665,0.09814504638291166,0.08737960032260354
15.66450461226567,9.0,15.66450461226567,4.999904905204824,0.078868714437393,0.929388614919596,2.186162406288033,0.09821979858738139,0.08744649625129707
15.665504612265673,9.0,15.665504612265673,4.999904905131961,0.07887134996552018,0.9294722508635874,2.1862460394243817,0.09822353659773864,0.0874498415746761
15.681504612265666,9.0,15.681504612265666,4.999904903965833,0.07891350120874059,0.9308105996508308,2.187584344196146,0.09828335527822873,0.08750337376823022
15.701504612265666,9.0,15.701504612265666,4.999904902507715,0.07896614467432178,0.9324839911541397,2.1892576805181587,0.09835814800633313,0.08757030722149953
15.721504612265667,9.0,15.721504612265667,4.9999049010491,0.07901873762044544,0.9341578881513554,2.1909315223844033,0.09843296278715097,0.08763726089365563
15.741504612265665,9.0,15.741504612265665,4.999904899589989,0.07907128016824394,0.9358322892338692,2.1926058682505953,0.09850779936104281,0.0877042347309578
15.761504612265664,9.0,15.761504612265664,4.999904898130382,0.07912377244541934,0.937507193216445,2.1942807171301952,0.09858265774684272,0.08777122868507455
15.781504612265662,9.0,15.781504612265662,4.9999048966702775,0.07917621457392644,0.9391825987504577,2.1959560674630647,0.09865753774743413,0.08783824269877626
15.801504612265662,9.0,15.801504612265662,4.999904895209678,0.0792286066812285,0.940858504672973,2.1976319182160697,0.0987324394702751,0.08790527672884098
15.821504612265663,9.0,15.821504612265663,4.999904893748587,0.07928094889028589,0.9425349096969937,2.199308268052532,0.09880736277613522,0.08797233072164864
15.841504612265659,9.0,15.841504612265659,4.999904892286998,0.07933324132558583,0.944211812594981,2.200985115756006,0.0988823076617873,0.08803940463071429
15.86150461226566,9.0,15.86150461226566,4.999904890824917,0.07938548411071014,0.9458892121259234,2.202662460096982,0.09895727403126142,0.08810649840313872
15.88150461226566,9.0,15.88150461226566,4.9999048893623526,0.07943767736876475,0.9475671070502267,2.20434029979009,0.09903226185264513,0.08817361199168679
15.901504612265658,9.0,15.901504612265658,4.999904887899295,0.07948982122355976,0.9492454961655022,2.2060186337160057,0.09910727110571749,0.08824074534859774
15.921504612265657,9.0,15.921504612265657,4.999904886435748,0.07954191579655011,0.9509243782035006,2.2076974605302913,0.09918230166446285,0.0883078984212354
15.941504612265655,9.0,15.941504612265655,4.999904884971715,0.07959396121093966,0.9526037519751624,2.2093767790722447,0.09925735353524501,0.08837507116333639
15.942504612265658,9.0,15.942504612265658,4.999904884898507,0.07959656219275432,0.9526877335288837,2.2094607578412315,0.09926110654936204,0.0883784303106095
15.95850461226566,9.0,15.95850461226566,4.999904883726912,0.0796381612555436,0.9540316054659836,2.210804585631978,0.09932116426618354,0.0884321834262861
15.978504612265658,9.0,15.978504612265658,4.999904882261977,0.0796901160449936,0.9557118856381005,2.212484810554103,0.09939625532574148,0.08849939242199957
15.99850461226566,9.0,15.99850461226566,4.999904880796562,0.0797420220242569,0.9573926541321878,2.2141655238106117,0.09947136765751519,0.08856662095238187
16.01850461226566,9.0,16.01850461226566,4.999904879330666,0.07979387931214571,0.9590739096702607,2.2158467240827697,0.0995465010237393,0.08863386896271828
16.038504612265655,9.0,16.038504612265655,4.99990487786429,0.07984568802981326,0.9607556510606534,2.217528410204289,0.09962165544413781,0.08870113640909502
16.058504612265658,9.0,16.058504612265658,4.999904876397434,0.07989744829740854,0.9624378770967862,2.219210581009027,0.09969683083413683,0.08876842324020329
16.078504612265654,9.0,16.078504612265654,4.999904874930097,0.07994916023367975,0.9641205865412119,2.2208932351528987,0.09977202711404431,0.08883572940643929
16.098504612265653,9.0,16.098504612265653,4.999904873462287,0.08000082396023253,0.9658037782608576,2.2225763716049256,0.09984724432033354,0.08890305486364258
16.118504612265653,9.0,16.118504612265653,4.999904871993999,0.08005243959492538,0.967487451016212,2.2242599890628023,0.09992248234698131,0.08897039956279096
16.138504612265653,9.0,16.138504612265653,4.999904870525236,0.0801040072573682,0.9691716036429073,2.2259440864194873,0.09999774117286542,0.0890377634571203
16.158504612265652,9.0,16.158504612265652,4.999904869055999,0.08015552706542096,0.9708562349265196,2.227628662400074,0.10007302069438961,0.089105146496319
16.17850461226565,9.0,16.17850461226565,4.999904867586289,0.08020699913835634,0.9725413437190571,2.22931371588486,0.10014832089955195,0.08917254863449774
16.19850461226565,9.0,16.19850461226565,4.999904866116104,0.08025842359344211,0.9742269288182018,2.2309992456505983,0.10022364174837795,0.08923996982645789
16.199504612265653,9.0,16.199504612265653,4.9999048660425895,0.08026099356755524,0.9743112205305049,2.231083534572212,0.1002274082913579,0.08924334138409094
16.215504612265647,9.0,16.215504612265647,4.999904864866091,0.0803020970320738,0.9756600498856631,2.2324323197842757,0.10028768064609306,0.08929729279124037
16.235504612265647,9.0,16.235504612265647,4.999904863395027,0.08035343370090568,0.9773465129519696,2.234118727452399,0.10036303938338076,0.08936474909781733
16.255504612265646,9.0,16.255504612265646,4.999904861923512,0.080404723090253,0.9790334491155602,2.235805608301441,0.10043841884139182,0.08943222433208747
16.275504612265642,9.0,16.275504612265642,4.999904860451523,0.08045596531270643,0.9807208570734146,2.237492960912744,0.10051381866476894,0.08949971843721448
16.295504612265642,9.0,16.295504612265642,4.999904858979071,0.08050716048514259,0.9824087356806658,2.2391807842005425,0.10058923884891402,0.08956723136760339
16.31550461226564,9.0,16.31550461226564,4.999904857506158,0.08055830872310338,0.9840970837587538,2.2408690769039303,0.10066467934091472,0.08963476307659315
16.33550461226564,9.0,16.33550461226564,4.9999048560327735,0.08060941014301891,0.9857859001776883,2.2425578379916487,0.10074014014165034,0.08970231351929246
16.35550461226564,9.0,16.35550461226564,4.999904854558926,0.0806604648592795,0.9874751837507871,2.2442470661892195,0.10081562114649256,0.0897698826474201
16.37550461226564,9.0,16.37550461226564,4.999904853084622,0.08071147298802744,0.9891649333606416,2.245936760431456,0.10089112236235165,0.08983747041738284
16.39550461226564,9.0,16.39550461226564,4.99990485160986,0.08076243464351783,0.9908551478460936,2.2476269195542216,0.10096664370647845,0.0899050767819635
16.41550461226564,9.0,16.41550461226564,4.999904850134633,0.08081334993972544,0.9925458260468163,2.2493175423725265,0.10104218512720231,0.08997270169533479
16.435504612265635,9.0,16.435504612265635,4.999904848658948,0.08086421899167648,0.9942369668555067,2.251008627804086,0.1011177465886195,0.09004034511183712
16.455504612265635,9.0,16.455504612265635,4.999904847182807,0.08091504191237776,0.9959285691059091,2.252700174649069,0.10119332802262337,0.09010800698557843
16.456504612265636,9.0,16.456504612265636,4.9999048471089935,0.08091758184606249,0.9960131611963604,2.252784763883863,0.10119710754566924,0.09011139056079825
16.472504612265638,9.0,16.472504612265638,4.9999048459277375,0.08095820521541613,0.9973667931984237,2.2541383517470557,0.10125758806421747,0.09016553406958826
16.49250461226564,9.0,16.49250461226564,4.999904844450749,0.08100894308715709,0.9990592459584429,2.255830749018131,0.10133320611931862,0.0902332299609399
16.512504612265637,9.0,16.512504612265637,4.9999048429733115,0.08105963515658675,1.0007521571537727,2.2575236048121905,0.10140884435183795,0.09030094419332681
16.532504612265637,9.0,16.532504612265637,4.999904841495422,0.08111028152999432,1.002445525444834,2.2592169176979513,0.10148450230589212,0.09036867670688914
16.552504612265636,9.0,16.552504612265636,4.99990484001708,0.08116088231963077,1.0041393497100182,2.260910686506487,0.10156017999569666,0.09043642746043258
16.572504612265636,9.0,16.572504612265636,4.999904838538291,0.08121143763854098,1.0058336288669785,2.2626049102627825,0.10163587742197988,0.09050419641043099
16.592504612265635,9.0,16.592504612265635,4.999904837059051,0.08126194759690913,1.007528361750101,2.2642995877099175,0.10171159445433409,0.09057198350815947
16.61250461226563,9.0,16.61250461226563,4.9999048355793585,0.0813124123068494,1.0092235472742128,2.2659947177922883,0.10178733110482141,0.09063978871135181
16.632504612265635,9.0,16.632504612265635,4.9999048340992225,0.08136283187949624,1.0109191843312182,2.2676902994032044,0.10186308732841787,0.09070761197638516
16.652504612265634,9.0,16.652504612265634,4.999904832618639,0.08141320642519748,1.0126152718062182,2.269386331437434,0.10193886305215005,0.09077545325725499
16.67250461226563,9.0,16.67250461226563,4.999904831137615,0.08146353605443081,1.0143118085932241,2.2710828127536087,0.10201465822870892,0.09084331251001278
16.69250461226563,9.0,16.69250461226563,4.999904829656141,0.0815138208778793,1.0160087936123359,2.2727797423213385,0.10209047285386652,0.09091118969328246
16.71250461226563,9.0,16.71250461226563,4.9999048281742215,0.08156406100453933,1.0177062257422262,2.274477118991379,0.10216630681724492,0.09097908475943141
16.71350461226563,9.0,16.71350461226563,4.999904828100122,0.08156657183772316,1.017791109005102,2.274561999431217,0.10217009890169226,0.09098247997713595
16.729504612265625,9.0,16.729504612265625,4.999904826914256,0.08160673005512444,1.0191493939115088,2.275920240031256,0.10223078088614801,0.09103680960091874
16.749504612265625,9.0,16.749504612265625,4.999904825431517,0.08165688777844356,1.0208476502138462,2.27761844081359,0.10230665046131349,0.09110473763318717
16.769504612265624,9.0,16.769504612265624,4.999904823948346,0.08170700112002782,1.02254635064581,2.27931708579435,0.10238253944550202,0.09117268343118254
16.789504612265624,9.0,16.789504612265624,4.999904822464735,0.0817570701846451,1.0242454939850332,2.281016173604229,0.10245844755434197,0.0912406469446978
16.809504612265624,9.0,16.809504612265624,4.999904820980687,0.08180709508204646,1.025945079202031,2.2827157033503496,0.10253437483412986,0.09130862813408193
16.829504612265623,9.0,16.829504612265623,4.999904819496198,0.08185707591864713,1.0276451051556927,2.284415673799364,0.10261032114478441,0.09137662695111208
16.84950461226562,9.0,16.84950461226562,4.999904818011276,0.08190701280306746,1.029345570801405,2.2861160839129124,0.10268628652556577,0.09144464335665811
16.86950461226562,9.0,16.86950461226562,4.999904816525924,0.08195690584326057,1.0310464750838253,2.2878169327068867,0.10276227094262369,0.09151267730864485
16.88950461226562,9.0,16.88950461226562,4.999904815040135,0.0820067551450796,1.032747816886901,2.2895182189981975,0.10283827426767189,0.09158072875988124
16.909504612265618,9.0,16.909504612265618,4.999904813553912,0.08205656081619976,1.0344495951721429,2.2912199417428365,0.1029142965004084,0.09164879766930582
16.929504612265617,9.0,16.929504612265617,4.999904812067258,0.08210632296324363,1.0361518088742694,2.2929220999153967,0.10299033762415233,0.09171688399659506
16.949504612265617,9.0,16.949504612265617,4.999904810580173,0.0821560416922035,1.03785445692209,2.2946246924381737,0.10306639755268221,0.09178498769698253
16.969504612265617,9.0,16.969504612265617,4.99990480909266,0.08220571710898368,1.0395575382564566,2.2963277182170563,0.10314247625981277,0.0918531087297234
16.970504612265618,9.0,16.970504612265618,4.999904809018279,0.08220819974934553,1.0396427038396745,2.296412881118654,0.10314628076960242,0.09185651523904342
16.98650461226562,9.0,16.98650461226562,4.99990480782794,0.08224790723605872,1.0410054972038998,2.297775629914215,0.10320715758116705,0.0919110251969463
17.00650461226562,9.0,17.00650461226562,4.99990480633963,0.08229750280719285,1.0427093774542193,2.2994794546330617,0.10328327106758706,0.09197917818492737
17.02650461226562,9.0,17.02650461226562,4.999904804850898,0.08234705536393121,1.0444136878949895,2.3011837095504997,0.1033594031204026,0.09204734838266392
17.046504612265615,9.0,17.046504612265615,4.99990480336174,0.08239656501410236,1.0461184275778688,2.302888393689795,0.10343555368556667,0.09211553574712325
17.066504612265618,9.0,17.066504612265618,4.99990480187216,0.0824460318619644,1.0478235954516952,2.3045935059565394,0.10351172276052534,0.09218374023771184
17.086504612265617,9.0,17.086504612265617,4.999904800382152,0.08249545601311661,1.0495291905157593,2.306299045451315,0.10358791040538784,0.09225196181848276
17.106504612265613,9.0,17.106504612265613,4.999904798891722,0.08254483757036207,1.0512352116903707,2.308005011070538,0.10366411648634766,0.09232020044316848
17.126504612265613,9.0,17.126504612265613,4.999904797400869,0.08259417663728605,1.0529416579365631,2.3097114017269287,0.10374034094808748,0.0923884560687204
17.146504612265613,9.0,17.146504612265613,4.999904795909601,0.0826434733183282,1.054648528252084,2.311418216439039,0.10381658381045478,0.09245672865748375
17.166504612265612,9.0,17.166504612265612,4.99990479441791,0.08269272771600139,1.0563558215859383,2.313125454190655,0.10389284501153773,0.0925250181676394
17.18650461226561,9.0,17.18650461226561,4.999904792925801,0.08274193993316094,1.058063536906403,2.3148331139083833,0.10396912448260243,0.09259332455680884
17.20650461226561,9.0,17.20650461226561,4.999904791433273,0.0827911100728072,1.0597716732036315,2.316541194609027,0.10404542220087976,0.09266164778477846
17.22650461226561,9.0,17.22650461226561,4.999904789940328,0.08284023823715232,1.0614802294541938,2.318249695245404,0.10412173810903047,0.09272998781031057
17.22750461226561,9.0,17.22750461226561,4.9999047898656785,0.08284269354731383,1.0615656683436818,2.318335131389278,0.10412555418911618,0.09273340524411774
17.243504612265607,9.0,17.243504612265607,4.999904788671009,0.08288196424988521,1.0629328316882312,2.3197022501632305,0.10418662071537166,0.09278809000696789
17.263504612265606,9.0,17.263504612265606,4.999904787177287,0.08293101502937494,1.0646421621860145,2.3214115250674303,0.1042629702688933,0.09285646100314213
17.283504612265602,9.0,17.283504612265602,4.999904785683163,0.0829800241227782,1.0663519097037264,2.323121216995608,0.10433933786682514,0.09292484868014912
17.303504612265602,9.0,17.303504612265602,4.999904784188627,0.08302899163211701,1.0680620732619521,2.324831324904862,0.10441572341407257,0.09299325299552184
17.3235046122656,9.0,17.3235046122656,4.999904782693673,0.08307791765908296,1.069772651872264,2.326541847856763,0.1044921269743726,0.09306167391496853
17.3435046122656,9.0,17.3435046122656,4.999904781198313,0.0831268023043236,1.0714836445279312,2.328252784908365,0.10456854848035735,0.09313011139633554
17.3635046122656,9.0,17.3635046122656,4.999904779702541,0.08317564566704892,1.0731950501829948,2.32996413490013,0.10464498782753151,0.09319856539606981
17.3835046122656,9.0,17.3835046122656,4.999904778206363,0.08322444784902248,1.0749068678931992,2.3316758969571367,0.10472144506840952,0.09326703587847739
17.4035046122656,9.0,17.4035046122656,4.999904776709772,0.08327320894932741,1.0766190966317584,2.333388070050042,0.10479792011259259,0.09333552280179057
17.4235046122656,9.0,17.4235046122656,4.999904775212777,0.08332192906759635,1.0783317354020736,2.3351006531445506,0.10487441291546351,0.09340402612609222
17.443504612265595,9.0,17.443504612265595,4.999904773715375,0.08337060830390429,1.0800447832431201,2.336813645329863,0.1049509234647219,0.09347254581311382
17.463504612265595,9.0,17.463504612265595,4.999904772217568,0.08341924675638442,1.0817582391257015,2.3385270455385903,0.10502745167084204,0.09354108182117063
17.483504612265598,9.0,17.483504612265598,4.999904770719357,0.08346784452454722,1.0834721020891476,2.340240852823138,0.1051039975444037,0.09360963411379959
17.484504612265596,9.0,17.484504612265596,4.999904770644442,0.08347027335062693,1.0835578060466404,2.3403265540758302,0.10510782531512808,0.09361306215587062
17.5005046122656,9.0,17.5005046122656,4.999904769445569,0.083509120711442,1.0849292048827333,2.341697908239746,0.10516907508753515,0.09366791632970983
17.520504612265597,9.0,17.520504612265597,4.999904767946605,0.08355764347519387,1.0866438184232718,2.3434124661206015,0.10524565363398342,0.09373649864496378
17.540504612265597,9.0,17.540504612265597,4.999904766447243,0.08360612583246696,1.0883588361635057,2.3451274282100174,0.1053222496183912,0.09380509712834928
17.560504612265596,9.0,17.560504612265596,4.999904764947488,0.08365456788316954,1.0900742572017408,2.3468427935360636,0.10539886300846679,0.09387371174180405
17.580504612265596,9.0,17.580504612265596,4.999904763447328,0.0837029697255926,1.0917900805905167,2.348558561234242,0.10547549383210297,0.09394234244868895
17.600504612265595,9.0,17.600504612265595,4.999904761946769,0.08375133145636508,1.0935063053355434,2.350274730249283,0.10555214203609009,0.09401098921011211
17.620504612265595,9.0,17.620504612265595,4.999904760445812,0.08379965317349931,1.095222930503047,2.3519912997304515,0.10562880763055094,0.09407965198968155
17.640504612265595,9.0,17.640504612265595,4.999904758944461,0.08384793497232874,1.0969399550779502,2.3537082685969843,0.1057054904931023,0.09414833074447619
17.660504612265594,9.0,17.660504612265594,4.99990475744271,0.0838961769501494,1.0986573781227371,2.3554256359162085,0.10578219060886895,0.09421702543598089
17.68050461226559,9.0,17.68050461226559,4.999904755940567,0.08394437920353699,1.1003751986903474,2.3571434007347465,0.10585890797599284,0.09428573602911305
17.70050461226559,9.0,17.70050461226559,4.999904754438026,0.083992541828304,1.1020934158151114,2.358861562144374,0.10593564255663468,0.09435446248615584
17.72050461226559,9.0,17.72050461226559,4.9999047529350955,0.08404066492009724,1.1038120285419841,2.36058011914522,0.10601239426101117,0.09442320476629033
17.74050461226559,9.0,17.74050461226559,4.999904751431772,0.08408874857454877,1.1055310359197987,2.3622990707901446,0.10608916304885452,0.09449196283072069
17.74150461226559,9.0,17.74150461226559,4.999904751356597,0.08409115172089197,1.1056169965288165,2.362385028530089,0.10609300181022396,0.09449540114340875
17.757504612265585,9.0,17.757504612265585,4.999904750153638,0.08412958874979706,1.10699250197555,2.363760489499774,0.10615443007327108,0.0945504195807418
17.777504612265584,9.0,17.777504612265584,4.999904748649588,0.08417759969105582,1.1087122367787454,2.365480168522876,0.10623123020438285,0.09461920674054447
17.797504612265584,9.0,17.797504612265584,4.999904747145146,0.08422557146975385,1.1104323636790097,2.367200239657475,0.10630804757167556,0.09468800958666236
17.817504612265584,9.0,17.817504612265584,4.999904745640322,0.0842735041775799,1.1121528816350126,2.3689207018540674,0.10638488188299822,0.09475682807381416
17.837504612265583,9.0,17.837504612265583,4.999904744135104,0.08432139790766043,1.113873789663013,2.370641554109217,0.1064617330891251,0.09482566216545088
17.857504612265583,9.0,17.857504612265583,4.999904742629502,0.08436925275430937,1.1155950868385442,2.3723627955517417,0.10653860114874258,0.09489451182208884
17.87750461226558,9.0,17.87750461226558,4.999904741123509,0.08441706881040793,1.1173167721943804,2.3740844251067172,0.10661548598369497,0.0949633770040546
17.89750461226558,9.0,17.89750461226558,4.999904739617135,0.08446484617123465,1.1190388448602677,2.3758064419967813,0.10669238767010247,0.09503225768036827
17.917504612265578,9.0,17.917504612265578,4.9999047381103745,0.08451258492875699,1.120761303859985,2.3775288452383534,0.10676930607681934,0.09510115380924371
17.937504612265577,9.0,17.937504612265577,4.999904736603229,0.08456028517603148,1.1224841482703083,2.3792516338462812,0.10684624116254082,0.0951700653532035
17.957504612265577,9.0,17.957504612265577,4.9999047350957015,0.08460794700668442,1.1242073771952292,2.380974806969415,0.10692319295997454,0.09523899227956985
17.977504612265577,9.0,17.977504612265577,4.99990473358779,0.08465557051299323,1.125930989701547,2.3826983637159715,0.10700016137585178,0.09530793454836083
17.997504612265576,9.0,17.997504612265576,4.9999047320795,0.0847031557865558,1.1276549848496484,2.3844223030356435,0.10707714633082532,0.09537689212084555
18.017504612265576,9.0,18.017504612265576,4.999904730570829,0.08475070292073497,1.1293793617661667,2.3861466241492852,0.10715414788714916,0.09544586496573323
18.037504612265572,9.0,18.037504612265572,4.999904729061776,0.08479821200643392,1.1311041195081326,2.3878713260945066,0.10723116594168558,0.09551485304372989
18.038504612265577,9.0,18.038504612265577,4.999904728986322,0.08480058646390881,1.1311903673870096,2.3879575711707504,0.10723501741824126,0.09551830285331628
18.054504612265575,9.0,18.054504612265575,4.999904727778793,0.08483856488595813,1.132570462468717,2.3893376216409745,0.10729664420286156,0.09557350486501465
18.074504612265578,9.0,18.074504612265578,4.999904726269033,0.0848860038208513,1.134295922244008,2.391063025555589,0.10737369258632712,0.09564252102196359
18.094504612265577,9.0,18.094504612265577,4.999904724758901,0.08493340497074957,1.1360217603655622,2.392788807876418,0.10745075755615563,0.09571155231574963
18.114504612265574,9.0,18.114504612265574,4.999904723248394,0.08498076842398769,1.1377479758331748,2.39451496752747,0.10752783882242523,0.09578059870164958
18.134504612265573,9.0,18.134504612265573,4.999904721737514,0.08502809427138643,1.139474567753022,2.3962415036133065,0.1076049363750804,0.0958496601444127
18.154504612265573,9.0,18.154504612265573,4.999904720226257,0.08507538260333156,1.1412015352276934,2.397968415240961,0.10768205020556065,0.0959187366092336
18.174504612265572,9.0,18.174504612265572,4.999904718714625,0.08512263350968703,1.1429288773418347,2.399695701518075,0.10775918028791565,0.09598782806088474
18.194504612265572,9.0,18.194504612265572,4.9999047172026225,0.08516984708074918,1.1446565932176098,2.4014233615609752,0.10783632657011455,0.09605693446248757
18.21450461226557,9.0,18.21450461226557,4.999904715690246,0.08521702340601461,1.1463846819551444,2.40315139444757,0.10791348900415954,0.09612605577790677
18.23450461226557,9.0,18.23450461226557,4.999904714177494,0.08526416257527218,1.148113142675038,2.404879799324766,0.10799066758090703,0.09619519197332226
18.25450461226557,9.0,18.25450461226557,4.999904712664375,0.08531126467759122,1.1498419744844446,2.406608575274627,0.1080678622216864,0.09626434301059401
18.274504612265567,9.0,18.274504612265567,4.999904711150883,0.08535832980209783,1.1515711765026566,2.40833772141975,0.10814507293070452,0.09633350885735181
18.294504612265566,9.0,18.294504612265566,4.9999047096370255,0.08540535803807565,1.1533007478656516,2.4100672369410527,0.10822229965539654,0.09640268947706228
18.295504612265567,9.0,18.295504612265567,4.99990470956133,0.08540770848101228,1.1533872360340507,2.4101537222418097,0.10822616127521334,0.09640614889039308
18.311504612265562,9.0,18.311504612265562,4.999904708349962,0.08544530310677599,1.1547711734706485,2.4115376150789105,0.10828795501689337,0.09646150460243211
18.33150461226556,9.0,18.33150461226556,4.999904706835416,0.08549226332591575,1.156501425567505,2.413267811254235,0.10836521105339503,0.09653071245050315
18.35150461226556,9.0,18.35150461226556,4.999904705320504,0.0855391869128219,1.1582320446748269,2.4149983745315216,0.10844248326553152,0.09659993498098882
18.37150461226556,9.0,18.37150461226556,4.999904703805232,0.08558607395069417,1.1599630297482508,2.4167293036804014,0.10851977127751633,0.09666917214779801
18.39150461226556,9.0,18.39150461226556,4.999904702289592,0.08563292452836313,1.1616943799573047,2.41846059802946,0.10859707515304007,0.09673842392091299
18.41150461226556,9.0,18.41150461226556,4.999904700773584,0.08567973873133644,1.1634260943608068,2.420192256530117,0.10867439476983298,0.0968076902617356
18.43150461226556,9.0,18.43150461226556,4.9999046992572165,0.08572651664812259,1.1651581721444113,2.4219242784304456,0.10875173015842154,0.0968769711374422
18.451504612265555,9.0,18.451504612265555,4.99990469774048,0.08577325836517319,1.1668906124209093,2.4236566628065797,0.10882908123868851,0.09694626651154394
18.471504612265555,9.0,18.471504612265555,4.999904696223385,0.08581996396958658,1.1686234143415413,2.4253894088015584,0.1089064480209474,0.09701557635267508
18.491504612265558,9.0,18.491504612265558,4.999904694705927,0.08586663354853909,1.1703565770737194,2.427122515664012,0.10898383046502236,0.09708490062598073
18.511504612265554,9.0,18.511504612265554,4.999904693188108,0.08591326718672676,1.1720900996976593,2.428855982350006,0.10906122846022681,0.09715423929390361
18.531504612265554,9.0,18.531504612265554,4.999904691669929,0.08595986497216777,1.173823981433959,2.4305898081836905,0.10913864208789548,0.09722359232806667
18.551504612265553,9.0,18.551504612265553,4.999904690151393,0.08600642698972162,1.175558221388915,2.432323992240826,0.10921607120918742,0.0972929596891618
18.552504612265555,9.0,18.552504612265555,4.999904690075462,0.08600875415103647,1.1756449426917273,2.432410710662533,0.10921994290533732,0.09729642842655135
18.568504612265556,9.0,18.568504612265556,4.999904688860358,0.08604597665380581,1.1770326066545405,2.433798329995997,0.10928189828583945,0.09735193319890567
18.588504612265556,9.0,18.588504612265556,4.999904687341151,0.08609247272100558,1.178767506874153,2.4355331742465327,0.10935935581527856,0.09742132696975084
18.608504612265556,9.0,18.608504612265556,4.999904685821586,0.08613893326940512,1.1805027631064249,2.437268374563493,0.10943682907777896,0.09749073498363267
18.628504612265555,9.0,18.628504612265555,4.999904684301668,0.08618535838005256,1.1822383743623064,2.4390039298909545,0.10951431769174769,0.09756015719517301
18.648504612265555,9.0,18.648504612265555,4.999904682781391,0.08623174813677745,1.1839743397584392,2.440739839324162,0.10959182163484193,0.09762959357258068
18.668504612265554,9.0,18.668504612265554,4.999904681260762,0.08627810262472643,1.1857106584809525,2.4424761021080243,0.10966934092345304,0.09769904408430685
18.688504612265554,9.0,18.688504612265554,4.999904679739775,0.08632442192789883,1.1874473296774275,2.4442127173703585,0.10974687548740847,0.09776850869526921
18.70850461226555,9.0,18.70850461226555,4.999904678218435,0.08637070613053797,1.1891843525163366,2.44594968426718,0.10982442528292657,0.09783798737094744
18.72850461226555,9.0,18.72850461226555,4.999904676696739,0.08641695531659849,1.1909217261690987,2.447687001962156,0.10990199027366976,0.09790748007754274
18.74850461226555,9.0,18.74850461226555,4.999904675174695,0.0864631695700543,1.192659449813941,2.4494246696257433,0.10997957047248663,0.0979769867857225
18.76850461226555,9.0,18.76850461226555,4.9999046736522965,0.08650934897499508,1.194397522643992,2.4511626865310614,0.11005716583073144,0.09804650746125235
18.788504612265548,9.0,18.788504612265548,4.9999046721295475,0.08655549361344987,1.1961359437878,2.452901051692484,0.11013477624515611,0.09811604206819478
18.808504612265548,9.0,18.808504612265548,4.999904670606443,0.08660160357028605,1.1978747124885545,2.4546397644335416,0.11021240176281277,0.09818559057708998
18.828504612265547,9.0,18.828504612265547,4.999904669082992,0.08664767892719313,1.1996138278812583,2.4563788238401663,0.11029004229538097,0.09825515295337786
18.829504612265545,9.0,18.829504612265545,4.999904669006819,0.08664998178798283,1.1997007927266223,2.4564657858370134,0.11029392463295551,0.09825863143276035
18.845504612265543,9.0,18.845504612265543,4.999904667787791,0.08668681584659514,1.2010923482617517,2.457857296675526,0.11035604869986226,0.09831429186763313
18.865504612265543,9.0,18.865504612265543,4.999904666263683,0.08673282740671778,1.2028321026993996,2.4595969951211285,0.11043371672609803,0.0983838798043404
18.88550461226554,9.0,18.88550461226554,4.999904664739233,0.0867788046072565,1.2045722017029752,2.4613370381231268,0.1105113999638323,0.09845348152481956
18.90550461226554,9.0,18.90550461226554,4.999904663214437,0.0868247475275113,1.2063126443552956,2.4630774247864804,0.11058909813862439,0.09852309699217157
18.92550461226554,9.0,18.92550461226554,4.999904661689294,0.0868706562479038,1.2080534297917558,2.464818154254834,0.11066681113246934,0.09859272617006878
18.945504612265538,9.0,18.945504612265538,4.999904660163806,0.08691653084973246,1.2097945571889788,2.466559225629619,0.11074453891056635,0.09866236902503552
18.965504612265537,9.0,18.965504612265537,4.99990465863797,0.08696237141566486,1.2115360257909433,2.4683006382343695,0.11082228153642526,0.09873202552986042
18.985504612265537,9.0,18.985504612265537,4.999904657111787,0.0870081780262055,1.2132778347663966,2.470042391230024,0.11090003891404732,0.09880169564969815
19.005504612265536,9.0,19.005504612265536,4.99990465558526,0.08705395076234292,1.215019983310057,2.4717844837616263,0.11097781097271175,0.09887137934945513
19.025504612265536,9.0,19.025504612265536,4.999904654058392,0.08709968970539886,1.2167624706400182,2.4735269150568815,0.11105559775908747,0.09894107660244705
19.045504612265532,9.0,19.045504612265532,4.999904652531176,0.08714539493646634,1.2185052959817233,2.4752696844105664,0.1111333992367578,0.09901078737683147
19.065504612265535,9.0,19.065504612265535,4.999904651003618,0.08719106653539412,1.2202484585133222,2.477012790931795,0.11121121529511191,0.09908051163705738
19.085504612265535,9.0,19.085504612265535,4.9999046494757176,0.08723670458276246,1.2219919574596296,2.4787562338410614,0.11128904595166089,0.09915024935401595
19.086504612265532,9.0,19.086504612265532,4.999904649399318,0.08723898560947561,1.2220791413658032,2.4788434149890035,0.1112929378725438,0.09915373659301097
19.102504612265538,9.0,19.102504612265538,4.999904648176735,0.08727547060849566,1.2234741956912147,2.480238424411807,0.11135521340016297,0.09920953697696586
19.122504612265534,9.0,19.122504612265534,4.9999046466482,0.0873210467939896,1.2252183148320348,2.4819824875685494,0.11143307091971177,0.09927929950209655
19.142504612265533,9.0,19.142504612265533,4.999904645119321,0.08736658965689478,1.22696276819286,2.483726884903797,0.11151094303302966,0.0993490753964114
19.162504612265533,9.0,19.162504612265533,4.999904643590105,0.08741209927787963,1.2287075550371644,2.48547161570868,0.1115888296195715,0.09941886462878628
19.182504612265532,9.0,19.182504612265532,4.99990464206055,0.0874575757346298,1.2304526745229944,2.4872166791672132,0.11166673059127996,0.09948866716585687
19.202504612265532,9.0,19.202504612265532,4.999904640530659,0.08750301910562511,1.2321981258461507,2.488962074423637,0.1117446459282887,0.09955848297651863
19.22250461226553,9.0,19.22250461226553,4.999904639000424,0.08754842947076959,1.233943908270505,2.4907078008159282,0.11182257567223619,0.09962831203318555
19.24250461226553,9.0,19.24250461226553,4.99990463746985,0.08759380690782761,1.2356900209861024,2.492453857502901,0.11190051970338422,0.09969815429979262
19.26250461226553,9.0,19.26250461226553,4.9999046359389405,0.08763915149593202,1.2374364632443429,2.494200243679345,0.11197847802470529,0.09976800974755783
19.282504612265527,9.0,19.282504612265527,4.999904634407695,0.08768446331413364,1.2391832343028568,2.495946958705893,0.11205645064411174,0.09983787834784195
19.302504612265526,9.0,19.302504612265526,4.9999046328761105,0.08772974243933439,1.2409303333464363,2.497694001675053,0.11213443746563945,0.09990776006783819
19.322504612265526,9.0,19.322504612265526,4.999904631344189,0.0877749889506575,1.2426777596598204,2.4994413719468493,0.11221243849422691,0.09997765487740017
19.342504612265525,9.0,19.342504612265525,4.999904629811932,0.08782020292526403,1.2444255124506653,2.501189068644059,0.11229045366393264,0.10004756274561104
19.343504612265527,9.0,19.343504612265527,4.999904629735314,0.08782246277308967,1.2445129087183537,2.5012764620922603,0.11229435503625762,0.10005105849191853
19.35950461226552,9.0,19.35950461226552,4.9999046285092525,0.08785860928931985,1.2459113588274624,2.502674867415495,0.11235677783895404,0.10010699469705721
19.37950461226552,9.0,19.37950461226552,4.999904626976373,0.08790376326877793,1.247659713348163,2.504423165827146,0.11243481884592255,0.10017692663222791
19.39950461226552,9.0,19.39950461226552,4.99990462544316,0.08794888493806069,1.2494083924232193,2.506171788812738,0.11251287429514134,0.10024687155310258
19.41950461226552,9.0,19.41950461226552,4.999904623909614,0.08799397437079365,1.2511573951603674,2.50792073549341,0.11259094378377466,0.10031682941919601
19.43950461226552,9.0,19.43950461226552,4.999904622375733,0.08803903164153092,1.2529067207196696,2.5096700049555447,0.11266902721383087,0.10038680019834137
19.45950461226552,9.0,19.45950461226552,4.9999046208415185,0.08808405682761908,1.2546563683795804,2.511419596528851,0.11274712460517833,0.10045678386036527
19.479504612265515,9.0,19.479504612265515,4.999904619306975,0.08812905000510786,1.2564063373751164,2.513169509423122,0.11282523594445704,0.10052678037714673
19.49950461226552,9.0,19.49950461226552,4.999904617772092,0.08817401125090775,1.258156626985075,2.5149197429630514,0.11290336121178957,0.10059678971894309
19.519504612265514,9.0,19.519504612265514,4.999904616236883,0.08821894064021872,1.2599072364287756,2.516670296316464,0.11298150031035781,0.10066681185219988
19.539504612265514,9.0,19.539504612265514,4.999904614701338,0.08826383824957766,1.2616581649926055,2.5184211687528784,0.11305965326829348,0.10073684675049503
19.559504612265513,9.0,19.559504612265513,4.999904613165468,0.0883087041553428,1.2634094119597372,2.5201723596418275,0.1131378200726112,0.10080689438547458
19.579504612265513,9.0,19.579504612265513,4.999904611629262,0.08835353843171066,1.2651609765382525,2.521923868099057,0.11321600061100767,0.10087695472381954
19.599504612265513,9.0,19.599504612265513,4.999904610092727,0.08839834115553634,1.2669128580549947,2.52367569350514,0.11329419492957582,0.10094702773964676
19.600504612265514,9.0,19.600504612265514,4.999904610015896,0.08840058046467908,1.2670004604322347,2.523763292996333,0.1132981049774795,0.10095053172221445
19.616504612265516,9.0,19.616504612265516,4.999904608786417,0.088436398731101,1.2684022064725953,2.5251649942873664,0.11336067118461601,0.10100659977202617
19.636504612265515,9.0,19.636504612265515,4.999904607249268,0.08848114326901049,1.2701546719265442,2.526917403592384,0.11343889041150024,0.10107669614345198
19.656504612265515,9.0,19.656504612265515,4.999904605711789,0.08852585647534174,1.2719074525147185,2.528670128047719,0.11351712377622114,0.10114680512225332
19.676504612265514,9.0,19.676504612265514,4.9999046041739845,0.08857053841966898,1.2736605473128664,2.5304231667197183,0.1135953708122428,0.10121692666899365
19.696504612265514,9.0,19.696504612265514,4.999904602635854,0.08861518917397568,1.275413955492321,2.5321765187754433,0.11367363139294562,0.10128706075118625
19.71650461226551,9.0,19.71650461226551,4.999904601097394,0.08865980881260153,1.2771676763344142,2.533930183488272,0.11375190550624437,0.10135720733883456
19.73650461226551,9.0,19.73650461226551,4.999904599558604,0.08870439740912794,1.2789217090955491,2.5356841601056193,0.11383019315988263,0.10142736640483618
19.75650461226551,9.0,19.75650461226551,4.999904598019484,0.08874895503859023,1.2806760531000436,2.5374384479978165,0.113908494327698,0.1014975379194958
19.77650461226551,9.0,19.77650461226551,4.999904596480042,0.08879348177335954,1.2824307075746275,2.5391930463185695,0.11398680893132407,0.10156772185225933
19.796504612265508,9.0,19.796504612265508,4.999904594940269,0.08883797768822171,1.2841856718529616,2.54094795445484,0.11406513701621845,0.10163791817820517
19.816504612265508,9.0,19.816504612265508,4.9999045934001725,0.08888244285604437,1.2859409451983697,2.5427031716667807,0.11414347851136575,0.1017081268672274
19.836504612265507,9.0,19.836504612265507,4.999904591859747,0.08892687735009272,1.2876965269024983,2.544458697230897,0.11422183336645597,0.10177834788921546
19.856504612265507,9.0,19.856504612265507,4.999904590318998,0.08897128124318646,1.2894524162459555,2.54621453040848,0.11430020156059584,0.1018485812162035
19.876504612265503,9.0,19.876504612265503,4.999904588777919,0.0890156546089076,1.291208612548066,2.5479706705570697,0.11437858309823534,0.10191882682189043
19.896504612265502,9.0,19.896504612265502,4.999904587236519,0.0890599975191616,1.292965115074075,2.549727116926326,0.11445697791634846,0.10198908467680845
19.916504612265506,9.0,19.916504612265506,4.999904585694794,0.08910431004679467,1.2947219231316562,2.551483868833851,0.11453538600435276,0.10205935475379958
19.9365046122655,9.0,19.9365046122655,4.999904584152744,0.08914859226395387,1.2964790360088336,2.5532409255557473,0.11461380729091464,0.1021296370216136
19.9565046122655,9.0,19.9565046122655,4.999904582610367,0.08919284424276683,1.2982364530076385,2.5549982863619727,0.11469224178153592,0.10219993145478182
19.9765046122655,9.0,19.9765046122655,4.999904581067663,0.089237066055684,1.2999941734442904,2.55675595065492,0.11477068947501512,0.10227023802682794
19.9965046122655,9.0,19.9965046122655,4.999904579524638,0.08928125777368909,1.3017521965918202,2.5585139176373213,0.11484915025215447,0.10234055670484862
20.0165046122655,9.0,20.0165046122655,4.999904577981287,0.08932541946862091,1.3035105217623424,2.56027218660558,0.11492762414714863,0.10241088746457384
20.036504612265496,9.0,20.036504612265496,4.9999045764376175,0.08936955121258758,1.3052691482867083,2.5620307569770158,0.1150061111474816,0.10248123027876403
20.056504612265496,9.0,20.056504612265496,4.99990457489362,0.0894136530753649,1.3070280754125996,2.563789627907135,0.11508461114905466,0.10255158511630771
20.0765046122655,9.0,20.0765046122655,4.999904573349299,0.08945772512940238,1.3087873025056012,2.5655487988154544,0.11516312419024555,0.1026219519521486
20.096504612265495,9.0,20.096504612265495,4.999904571804657,0.08950176744489201,1.3105468288467477,2.5673082689696485,0.11524165022754307,0.10269233075942637
20.116504612265494,9.0,20.116504612265494,4.999904570259693,0.08954578009275085,1.312306653757039,2.569068037711364,0.1153201892099216,0.10276272150841267
20.136504612265497,9.0,20.136504612265497,4.9999045687144,0.08958976314287806,1.3140667765213745,2.5708281042663006,0.11539874108702164,0.10283312417051821
20.156504612265493,9.0,20.156504612265493,4.999904567168789,0.08963371666655479,1.3158271964911916,2.572588468039991,0.11547730589717431,0.10290353872187838
20.17650461226549,9.0,20.17650461226549,4.999904565622854,0.08967764073339457,1.3175879129608246,2.574349128322327,0.11555588357230806,0.1029739651336579
20.196504612265493,9.0,20.196504612265493,4.999904564076603,0.08972153541331336,1.319348925243721,2.5761100844117295,0.1156344740454398,0.10304440337537617
20.216504612265492,9.0,20.216504612265492,4.999904562530026,0.08976540077589804,1.3211102326497055,2.5778713355759058,0.1157130773431807,0.10311485342393152
20.236504612265488,9.0,20.236504612265488,4.9999045609831265,0.08980923689181916,1.322871834537767,2.5796328813068103,0.11579169345329232,0.10318531525197376
20.25650461226549,9.0,20.25650461226549,4.999904559435905,0.0898530438286355,1.3246337301508433,2.5813947206799734,0.11587032223088256,0.10325578882686577
20.27650461226549,9.0,20.27650461226549,4.999904557888365,0.08989682165742185,1.3263959188867984,2.5831568532034117,0.11594896379215824,0.10332627412852655
20.296504612265487,9.0,20.296504612265487,4.999904556340503,0.08994057044640745,1.3281584000326274,2.5849192781568693,0.11602761802500239,0.10339677112609899
20.31650461226549,9.0,20.31650461226549,4.999904554792318,0.08998429026402234,1.3299211728923555,2.586681994781726,0.11610628488215546,0.10346727979115519
20.336504612265486,9.0,20.336504612265486,4.999904553243813,0.0900279811799354,1.3316842368267228,2.5884450024946544,0.11618496440596737,0.10353780010039632
20.356504612265486,9.0,20.356504612265486,4.999904551694989,0.09007164326223457,1.3334475911462198,2.590208300601483,0.11626365650966441,0.10360833202374872
20.37650461226548,9.0,20.37650461226548,4.999904550145845,0.09011527657908618,1.3352112351678593,2.591971888382171,0.11634236117558494,0.10367887553542841
20.396504612265485,9.0,20.396504612265485,4.999904548596382,0.09015888119900387,1.3369751682326552,2.59373576522963,0.11642107839920945,0.10374943060933405
20.416504612265484,9.0,20.416504612265484,4.999904547046592,0.09020245718955108,1.338739389652853,2.595499930415303,0.11649980812440774,0.1038199972177032
20.43650461226548,9.0,20.43650461226548,4.999904545496488,0.09024600461917086,1.3405038987821476,2.597264383330371,0.11657855031702913,0.10389057533224713
20.456504612265483,9.0,20.456504612265483,4.999904543946058,0.09028952355466113,1.3422686949152887,2.599029123187239,0.11665730495330062,0.10396116492794967
20.47650461226548,9.0,20.47650461226548,4.9999045423953135,0.09033301406439297,1.3440337774237445,2.6007941494940554,0.11673607206098424,0.10403176598009925
20.49650461226548,9.0,20.49650461226548,4.999904540844249,0.09037647621459523,1.3457991455950038,2.60255946140568,0.11681485149268256,0.10410237845591581
20.51650461226548,9.0,20.51650461226548,4.999904539292866,0.09041991007328223,1.347564798797089,2.604325058350371,0.11689364332244323,0.104173002333978
20.536504612265478,9.0,20.536504612265478,4.999904537741159,0.09046331570708567,1.349330736358094,2.6060909396769443,0.11697244750422042,0.10424363758752613
20.556504612265478,9.0,20.556504612265478,4.999904536189135,0.09050669318272299,1.3510969576065806,2.607857104683548,0.11705126395867205,0.10431428418670889
20.576504612265477,9.0,20.576504612265477,4.9999045346367925,0.09055004256645292,1.3528634618655606,2.609623552674313,0.11713009269170604,0.10438494210718637
20.596504612265477,9.0,20.596504612265477,4.9999045330841305,0.09059336392512518,1.3546302484911878,2.611390283067287,0.11720893369843433,0.10445561132329054
20.616504612265473,9.0,20.616504612265473,4.999904531531147,0.09063665732453922,1.356397316805348,2.613157295118165,0.11728778687900876,0.10452629180443386
20.636504612265476,9.0,20.636504612265476,4.99990452997785,0.09067992283119483,1.3581646661617763,2.614924588211412,0.11736665227320087,0.10459698352840047
20.656504612265472,9.0,20.656504612265472,4.999904528424234,0.0907231605103618,1.3599322958766946,2.6166921616625403,0.11744552981372158,0.10466768646619286
20.67650461226547,9.0,20.67650461226547,4.999904526870297,0.09076637042806288,1.3617002053039309,2.618460014811646,0.11752441948707881,0.10473840059235713
20.69650461226547,9.0,20.69650461226547,4.999904525316046,0.09080955264994856,1.3634683937887437,2.6202281470408315,0.11760332128529627,0.10480912588216153
20.71650461226547,9.0,20.71650461226547,4.9999045237614705,0.09085270724117604,1.3652368606631242,2.6219965576529756,0.11768223512403542,0.10487986230569832
20.73650461226547,9.0,20.73650461226547,4.999904522206583,0.09089583426651503,1.3670056052542614,2.6237652459558056,0.11776116100186207,0.10495060983828658
20.756504612265466,9.0,20.756504612265466,4.9999045206513735,0.090938933791731,1.3687746269384304,2.625534211364545,0.1178400989152697,0.10502136845454967
20.77650461226547,9.0,20.77650461226547,4.9999045190958435,0.0909820058812764,1.370543925040101,2.6273034531992683,0.11791904881468374,0.1050921381281073
20.796504612265466,9.0,20.796504612265466,4.999904517540002,0.09102505059935607,1.3723134988869843,2.6290729707736378,0.11799801064635873,0.10516291883058433
20.816504612265465,9.0,20.816504612265465,4.999904515983841,0.09106806801068208,1.3740833478341095,2.630842763422258,0.11807698440817394,0.1052337105370986
20.83650461226547,9.0,20.83650461226547,4.999904514427361,0.09111105817997271,1.3758534712426878,2.6326128305572323,0.11815597008835099,0.10530451322231038
20.856504612265464,9.0,20.856504612265464,4.999904512870567,0.0911540211705979,1.377623868427401,2.6343831714519084,0.11823496761549812,0.10537532685816428
20.876504612265464,9.0,20.876504612265464,4.999904511313455,0.09119695704711857,1.3793945387621656,2.6361537854944994,0.11831397699000501,0.10544615141958551
20.896504612265467,9.0,20.896504612265467,4.999904509756026,0.09123986587294516,1.3811654815739192,2.6379246720130984,0.1183929981812506,0.10551698688090902
20.916504612265463,9.0,20.916504612265463,4.999904508198279,0.09128274771180302,1.3829366962208631,2.63969583037533,0.11847203114743099,0.10558783321467421
20.93650461226546,9.0,20.93650461226546,4.999904506640215,0.09132560262695506,1.3847081820370366,2.641467259879766,0.11855107586161462,0.10565869039540808
20.956504612265462,9.0,20.956504612265462,4.9999045050818385,0.09136843068218053,1.3864799383980164,2.643238959953,0.11863013232075104,0.10572955839801608
20.97650461226546,9.0,20.97650461226546,4.999904503523141,0.09141123193983174,1.3882519646196592,2.6450109298705566,0.11870920046044642,0.10580043719518649
20.996504612265458,9.0,20.996504612265458,4.99990450196413,0.0914540064632688,1.3900242600719368,2.6467831690280565,0.11878828025981614,0.10587132676016317
21.016504612265457,9.0,21.016504612265457,4.999904500404801,0.09149675431495115,1.3917968240889058,2.648555676712903,0.11886737170783923,0.10594222706917299
21.03650461226546,9.0,21.03650461226546,4.99990449884516,0.09153947555816339,1.3935696560524897,2.650328452404625,0.11894647477888509,0.10601313809506574
21.056504612265456,9.0,21.056504612265456,4.999904497285199,0.09158217025384856,1.3953427552531734,2.6521014952544144,0.11902558938873531,0.10608405981025756
21.076504612265452,9.0,21.076504612265452,4.999904495724928,0.09162483846627577,1.3971161211255987,2.653874804839568,0.11910471562588443,0.10615499219426523
21.096504612265456,9.0,21.096504612265456,4.999904494164341,0.09166748025600105,1.398889752957741,2.655648380375797,0.11918385332572701,0.10622593521430401
21.116504612265455,9.0,21.116504612265455,4.999904492603439,0.09171009568509461,1.4006636501083394,2.657422221167801,0.11926300251885946,0.10629688884743972
21.13650461226545,9.0,21.13650461226545,4.999904491042219,0.09175268481629448,1.4024378119743683,2.6591963267524577,0.1193421632332401,0.10636785307036607
21.156504612265454,9.0,21.156504612265454,4.999904489480686,0.09179524771002,1.4042122378582715,2.6609706962975266,0.11942133531773691,0.10643882785129626
21.176504612265454,9.0,21.176504612265454,4.999904487918841,0.09183778442853407,1.405986927151633,2.662745329254712,0.11950051885875834,0.10650981317056114
21.19650461226545,9.0,21.19650461226545,4.999904486356682,0.0918802950328783,1.4077618791975837,2.6645202249993165,0.11957971379111432,0.10658080900055816
21.216504612265453,9.0,21.216504612265453,4.999904484794208,0.0919227795839654,1.409537093344787,2.666295382813067,0.11965892003177525,0.10665181531203573
21.21750461226545,9.0,21.21750461226545,4.999904484716085,0.09192490312979397,1.4096258609683605,2.6663841475479186,0.1196628806886122,0.10665536590497864
21.23350461226545,9.0,21.23350461226545,4.999904483465867,0.09195887102577649,1.4110462314802776,2.667804473104071,0.1197262545186566,0.106712178923736
21.253504612265445,9.0,21.253504612265445,4.999904481902811,0.09200130752983869,1.412821928441075,2.6695801137042134,0.11980548132833779,0.10678320454881789
21.273504612265445,9.0,21.273504612265445,4.999904480339441,0.09204371816125248,1.4145978859761206,2.6713560149138464,0.11988471983632287,0.10685424059642173
21.293504612265444,9.0,21.293504612265444,4.999904478775765,0.09208610297569436,1.416374103241866,2.673132175813308,0.11996396960621314,0.10692528703217169
21.313504612265444,9.0,21.313504612265444,4.999904477211774,0.09212846203187973,1.41815057953238,2.6749085957704257,0.1200432305823873,0.10699634383029977
21.333504612265443,9.0,21.333504612265443,4.999904475647472,0.09217079538916455,1.4199273141691477,2.6766852740681273,0.12012250271861458,0.1070674109633674
21.353504612265443,9.0,21.353504612265443,4.999904474082858,0.09221310310799913,1.421704306531629,2.678462210109324,0.12020178600766984,0.1071384884048961
21.373504612265442,9.0,21.373504612265442,4.99990447251793,0.09225538524804495,1.4234815559722294,2.6802394031992147,0.12028108039406393,0.10720957612723979
21.39350461226544,9.0,21.39350461226544,4.9999044709526945,0.09229764186916807,1.4252590618561523,2.6820168527116457,0.12036038591324294,0.10728067410891338
21.413504612265438,9.0,21.413504612265438,4.999904469387151,0.09233987303168376,1.427036823576475,2.6837945581095184,0.12043970254455938,0.10735178232497003
21.433504612265438,9.0,21.433504612265438,4.999904467821293,0.0923820787939364,1.4288148404547738,2.6855725186445083,0.12051903017167209,0.10742290074530715
21.453504612265437,9.0,21.453504612265437,4.999904466255124,0.09242425921582259,1.430593111878213,2.687350733687624,0.12059836882824881,0.10749402934755285
21.473504612265437,9.0,21.473504612265437,4.999904464688649,0.09246641435706181,1.4323716372383353,2.689129202707426,0.12067771852253095,0.10756516810868899
21.474504612265438,9.0,21.474504612265438,4.99990446461032,0.09246852145341099,1.4324605702406366,2.6892181328798985,0.12068168640242272,0.10756872531756448
21.49050461226544,9.0,21.49050461226544,4.999904463356904,0.09250222640037681,1.4338835832350185,2.690641100824173,0.12074517440651356,0.1076256440314256
21.510504612265436,9.0,21.510504612265436,4.999904461789857,0.09254433492131241,1.4356625764300694,2.6924200376215053,0.12082454414561039,0.1076968015049818
21.53050461226544,9.0,21.53050461226544,4.999904460222498,0.09258641833319976,1.4374418219202874,2.694199226786347,0.12090392507687753,0.10776796907170604
21.55050461226544,9.0,21.55050461226544,4.999904458654833,0.09262847669139644,1.439221318935837,2.6959786674219393,0.12098331685646424,0.1078391466980457
21.570504612265434,9.0,21.570504612265434,4.999904457086863,0.09267051005432317,1.4410010668465696,2.6977583589918286,0.12106271948283287,0.10791033435956918
21.590504612265438,9.0,21.590504612265438,4.9999044555185845,0.09271251847898761,1.4427810649692911,2.6995383007218683,0.12114213288774422,0.10798153202858207
21.610504612265437,9.0,21.610504612265437,4.999904453949996,0.09275450202465334,1.4445613127236048,2.7013184921106,0.12122155715266225,0.10805273968524606
21.630504612265433,9.0,21.630504612265433,4.999904452381106,0.09279646074891643,1.4463418094602234,2.7030989325008985,0.12130099217061185,0.10812395729987634
21.650504612265436,9.0,21.650504612265436,4.999904450811909,0.09283839470957482,1.4481225545524437,2.7048796211930823,0.12138043792608166,0.10819518484850482
21.670504612265432,9.0,21.670504612265432,4.999904449242406,0.09288030396539367,1.4499035474163882,2.7066605577085245,0.12145989444822036,0.108266422308817
21.690504612265432,9.0,21.690504612265432,4.9999044476726,0.09292218857294555,1.4516847873861136,2.7084417412991275,0.12153936162173973,0.10833766965175885
21.710504612265428,9.0,21.710504612265428,4.999904446102485,0.09296404859065585,1.453466273876268,2.7102231713982103,0.12161883948810104,0.10840892685599386
21.73050461226543,9.0,21.73050461226543,4.999904444532071,0.0930058840757443,1.455248006262223,2.7120048474184024,0.12169832800748659,0.10848019389623724
21.731504612265432,9.0,21.731504612265432,4.9999044444535485,0.09300797520639578,1.4553370992978634,2.712093937565921,0.12170230265667037,0.10848375750430991
21.74750461226543,9.0,21.74750461226543,4.999904443196987,0.09304142499626102,1.4567626718427755,2.7135194651279892,0.12176590170912771,0.10854077860566948
21.767504612265434,9.0,21.767504612265434,4.999904441626005,0.09308321524315283,1.4585448573435476,2.715301594189216,0.12184540964474744,0.10861206376772975
21.78750461226543,9.0,21.78750461226543,4.999904440054729,0.09312498112395248,1.460327287135727,2.7170839676189784,0.12192492840092894,0.10868335870431567
21.80750461226543,9.0,21.80750461226543,4.999904438483146,0.0931667226921357,1.4621099604598875,2.7188665845292235,0.12200445766661061,0.10875466338193293
21.827504612265432,9.0,21.827504612265432,4.999904436911263,0.09320844000534895,1.4638928767379455,2.7206494444566998,0.1220839974625807,0.10882597777787499
21.84750461226543,9.0,21.84750461226543,4.999904435339081,0.09325013311878479,1.4656760352962217,2.722432546596969,0.12216354767764437,0.10889730186314613
21.867504612265428,9.0,21.867504612265428,4.999904433766598,0.09329180209029377,1.4674594355791144,2.7242158904790323,0.12224310841391639,0.1089686356196675
21.88750461226543,9.0,21.88750461226543,4.9999044321938175,0.09333344697599195,1.4692430769671536,2.725999475500137,0.12232267958603837,0.10903997902030664
21.907504612265427,9.0,21.907504612265427,4.999904430620736,0.0933750678320095,1.471026958845378,2.727783300978806,0.12240226114462738,0.10911133203993474
21.927504612265423,9.0,21.927504612265423,4.999904429047356,0.09341666471504086,1.4728110806292065,2.7295673663753632,0.12248185309839088,0.10918269465550619
21.947504612265426,9.0,21.947504612265426,4.999904427473681,0.09345823768086682,1.4745954417051037,2.731351671050165,0.12256145538940832,0.10925406684133245
21.967504612265426,9.0,21.967504612265426,4.9999044258997065,0.0934997867854568,1.4763800414686121,2.733136214390097,0.12264106803213193,0.10932544857621804
21.987504612265422,9.0,21.987504612265422,4.999904424325437,0.09354131208536581,1.4781648793525193,2.734920995899347,0.12272069101359162,0.10939683983671525
21.988504612265423,9.0,21.988504612265423,4.999904424246721,0.09354338772781348,1.4782541275453103,2.7350102413208996,0.12272467242443552,0.1094004096489732
22.00450461226543,9.0,22.00450461226543,4.999904422987077,0.09357658991270364,1.4796821782079805,2.736438246767681,0.12278837837401824,0.1094575298698053
22.024504612265424,9.0,22.024504612265424,4.999904421412255,0.09361807132192615,1.4814674550849105,2.7382234672506756,0.12286802048752721,0.10952893869055115
22.044504612265424,9.0,22.044504612265424,4.999904419837143,0.09365952908338619,1.4832529683116402,2.740008924125445,0.12294767274307983,0.10960035696483718
22.064504612265424,9.0,22.064504612265424,4.999904418261741,0.09370096325304066,1.4850387173151605,2.7417946166904663,0.1230273351197626,0.1096717846684083
22.084504612265423,9.0,22.084504612265423,4.999904416686039,0.09374237388776537,1.4868247015760143,2.74358054456557,0.12310700771414407,0.10974322178220657
22.104504612265423,9.0,22.104504612265423,4.999904415110046,0.09378376104180142,1.488610920457009,2.7453667070090453,0.12318669043430863,0.10981466828042169
22.124504612265422,9.0,22.124504612265422,4.999904413533764,0.09382512477107403,1.490397373411898,2.7471531035653984,0.12326638333089024,0.10988612414306424
22.144504612265422,9.0,22.144504612265422,4.999904411957186,0.09386646513013577,1.4921840598345433,2.748939733583566,0.12334608629814925,0.10995758934244716
22.164504612265418,9.0,22.164504612265418,4.999904410380318,0.09390778217384799,1.4939709791374174,2.7507265964441823,0.1234257993528951,0.11002906385791587
22.18450461226542,9.0,22.18450461226542,4.999904408803165,0.09394907595754237,1.4957581307643213,2.752513691679931,0.12350552250082947,0.1101005476674108
22.204504612265417,9.0,22.204504612265417,4.999904407225714,0.09399034653528486,1.4975455141101344,2.754301018602682,0.12358525564498812,0.11017204074438029
22.224504612265417,9.0,22.224504612265417,4.9999044056479836,0.09403159396230085,1.4993331286207017,2.7560885766904653,0.12366499880682458,0.11024354306759872
22.24450461226542,9.0,22.24450461226542,4.999904404069961,0.09407281829263797,1.5011209737051834,2.757876365352487,0.12374475195375512,0.11031505461410727
22.245504612265417,9.0,22.245504612265417,4.999904403991059,0.09407487890174937,1.5012103719098238,2.7579657606695087,0.12374873983573442,0.11031863043191555
22.26150461226542,9.0,22.26150461226542,4.999904402728426,0.09410784085239303,1.5026408228063988,2.7593961665667845,0.12381254994312463,0.11037584666208325
22.281504612265415,9.0,22.281504612265415,4.999904401149867,0.09414902259866094,1.5044290930024382,2.761184380253413,0.12389232150260843,0.11044737521149088
22.30150461226542,9.0,22.30150461226542,4.999904399571029,0.09419018140357582,1.5062175921686864,2.762972823048184,0.1239721030228127,0.11051891292150826
22.321504612265418,9.0,22.321504612265418,4.999904397991905,0.0942313173191017,1.5080063196449982,2.7647614940418457,0.12405189432599739,0.11059045976200166
22.341504612265414,9.0,22.341504612265414,4.999904396412497,0.09427243040149899,1.509795274960689,2.7665503929564372,0.12413169556506576,0.11066201571760098
22.361504612265417,9.0,22.361504612265417,4.999904394832804,0.09431352070368713,1.5115844575112294,2.7683395190505187,0.12421150662082736,0.11073358076277227
22.381504612265417,9.0,22.381504612265417,4.999904393252834,0.09435458828029021,1.5133738667677399,2.77012887191173,0.12429132752227012,0.1108051548766297
22.401504612265413,9.0,22.401504612265413,4.999904391672577,0.09439563318419221,1.5151635021382375,2.7719184508303107,0.12437115816635869,0.11087673803306816
22.421504612265416,9.0,22.421504612265416,4.9999043900920395,0.09443665546957278,1.5169533630864147,2.7737082553428802,0.1244509986179767,0.11094833021421957
22.441504612265412,9.0,22.441504612265412,4.999904388511221,0.09447765518968954,1.5187434490463845,2.7754982848776963,0.12453084880455245,0.1110199313951942
22.46150461226541,9.0,22.46150461226541,4.999904386930126,0.0945186323978136,1.5205337594585513,2.777288538837197,0.12461070869230961,0.11109154155317023
22.48150461226541,9.0,22.48150461226541,4.999904385348752,0.09455958714741743,1.522324293775477,2.7790790167157184,0.12469057831897268,0.11116316067005626
22.50150461226541,9.0,22.50150461226541,4.999904383767097,0.09460051949167901,1.5241150514488109,2.780869717982241,0.1247704575975146,0.11123478871935079
22.50250461226541,9.0,22.50250461226541,4.999904383688013,0.0946025655200423,1.5242045951129115,2.780959258808228,0.12477445148672306,0.11123837034258
22.518504612265417,9.0,22.518504612265417,4.999904382422476,0.09463529440152434,1.5256373703998722,2.7823919888918405,0.1248383623393674,0.11129567955634116
22.538504612265413,9.0,22.538504612265413,4.999904380840305,0.09467618544021467,1.527428540024622,2.784183102114793,0.12491825968757908,0.11136732408439841
22.55850461226541,9.0,22.55850461226541,4.999904379257863,0.09471705422091141,1.529219931278928,2.785974436933227,0.12499816641426897,0.11143897747761008
22.57850461226541,9.0,22.57850461226541,4.9999043776751435,0.09475790079871386,1.5310115437226204,2.787765992926418,0.12507808268191,0.11151063971770132
22.598504612265412,9.0,22.598504612265412,4.999904376092155,0.09479872522732866,1.532803376851321,2.78955776961672,0.12515800851653136,0.11158231078438878
22.618504612265408,9.0,22.618504612265408,4.999904374508886,0.09483952755955707,1.534595430137304,2.791349766427125,0.1252379439013236,0.11165399065772164
22.638504612265407,9.0,22.638504612265407,4.999904372925347,0.09488030784832091,1.536387703057145,2.793141982922957,0.12531788882230033,0.11172567931650754
22.65850461226541,9.0,22.65850461226541,4.999904371341539,0.09492106614492875,1.5381801950239227,2.7949344184228564,0.12539784320505198,0.11179737673765086
22.678504612265407,9.0,22.678504612265407,4.999904369757456,0.09496180250263933,1.5399729055456413,2.796727072514214,0.12547780706680656,0.11186908290005387
22.698504612265403,9.0,22.698504612265403,4.999904368173106,0.09500251697304027,1.5417658340591283,2.7985199445454745,0.12555778035698406,0.11194079778226446
22.718504612265406,9.0,22.718504612265406,4.999904366588485,0.0950432096086907,1.5435589800527152,2.800313034109096,0.1256377631031247,0.11201252136487876
22.738504612265405,9.0,22.738504612265405,4.9999043650035935,0.09508388046088335,1.5453523429614036,2.8021063405566475,0.1257177551980304,0.11208425362211479
22.7585046122654,9.0,22.7585046122654,4.999904363418437,0.09512452958221299,1.5471459222887607,2.8038998634116514,0.12579775668431115,0.11215599453603758
22.759504612265403,9.0,22.759504612265403,4.999904363339179,0.0951265614669789,1.5472356068471722,2.803989545141058,0.12580175701074037,0.1121595818093758
22.775504612265408,9.0,22.775504612265408,4.9999043620708505,0.09515906428104982,1.548670634168474,2.805424527345215,0.12586576513958514,0.11221698109379181
22.795504612265404,9.0,22.795504612265404,4.999904360485196,0.09519967334123676,1.5504646126730017,2.807218449322824,0.12594578410324386,0.11228873797323789
22.815504612265407,9.0,22.815504612265407,4.9999043588992755,0.09524026081454583,1.552258805942054,2.8090125861888438,0.12602581225701237,0.1123605034480094
22.835504612265403,9.0,22.835504612265403,4.9999043573130955,0.09528082675311399,1.554053213481653,2.810806937246376,0.12610584955696358,0.11243227749004213
22.855504612265403,9.0,22.855504612265403,4.9999043557266525,0.0953213712113694,1.5558478349017326,2.812601502187395,0.12618589617883158,0.11250406008705248
22.875504612265402,9.0,22.875504612265402,4.999904354139944,0.09536189424000083,1.5576426696536523,2.814396280476108,0.12626595207734237,0.11257585121948158
22.895504612265402,9.0,22.895504612265402,4.999904352552973,0.09540239589002854,1.5594377172069487,2.8161912715856054,0.12634601718759964,0.11264765086406593
22.9155046122654,9.0,22.9155046122654,4.999904350965743,0.09544287621272696,1.5612329770551252,2.8179864749594175,0.12642609147197081,0.11271945899886468
22.935504612265397,9.0,22.935504612265397,4.999904349378248,0.09548333525925685,1.563028448682675,2.8197818901153573,0.1265061749376759,0.11279127560458259
22.9555046122654,9.0,22.9555046122654,4.999904347790496,0.09552377308047269,1.5648241315750566,2.821577516524927,0.12658626756350744,0.11286310066126072
22.975504612265397,9.0,22.975504612265397,4.999904346202486,0.09556418972725597,1.566620025218827,2.823373353710159,0.12666636933499875,0.112934934148877
22.995504612265396,9.0,22.995504612265396,4.999904344614217,0.0956045852500045,1.568416129089626,2.825169401116854,0.12674648019185608,0.113006776044639
23.0155046122654,9.0,23.0155046122654,4.99990434302569,0.0956449596996642,1.5702124426886113,2.8269656582259133,0.1268266001369327,0.11307862632936135
23.016504612265397,9.0,23.016504612265397,4.999904342946263,0.09564697786888293,1.5703022638209223,2.8270554765872173,0.12683060633419574,0.1130822190619628
23.0325046122654,9.0,23.0325046122654,4.999904341675248,0.09567926144224467,1.57173947338288,2.828492640909163,0.12689470891540822,0.11313970563523337
23.052504612265402,9.0,23.052504612265402,4.999904340086242,0.0957195970461194,1.5735361739219498,2.8302892849309864,0.12697484594227548,0.11321157139803882
23.072504612265398,9.0,23.072504612265398,4.999904338496983,0.0957599117163341,1.5753330825478398,2.832086137180241,0.12705499176274082,0.11328344548763732
23.092504612265397,9.0,23.092504612265397,4.9999043369074725,0.09580020550466693,1.5771301988280906,2.833883196945258,0.12713514638347312,0.11335532787693905
23.112504612265397,9.0,23.112504612265397,4.999904335317712,0.09584047846405742,1.578927522379638,2.8356804639915763,0.12721531008842457,0.11342721856024054
23.132504612265397,9.0,23.132504612265397,4.999904333727693,0.09588073064499135,1.580725052720253,2.8374779378790898,0.12729548278519975,0.11349911751508618
23.152504612265396,9.0,23.152504612265396,4.999904332137429,0.09592096209635743,1.582522789299746,2.839275617972846,0.12737566438495862,0.1135710247193118
23.172504612265392,9.0,23.172504612265392,4.999904330546909,0.0959611728686298,1.584320731646355,2.841073503833746,0.12745585490558375,0.11364294015365654
23.192504612265395,9.0,23.192504612265395,4.999904328956142,0.09600136301159559,1.5861188792641507,2.842871594966232,0.1275360543229236,0.1137148637985618
23.21250461226539,9.0,23.21250461226539,4.9999043273651225,0.0960415325747997,1.5879172316469903,2.844669890863089,0.1276162626231705,0.11378679563516798
23.23250461226539,9.0,23.23250461226539,4.999904325773856,0.09608168160783508,1.5897157883023887,2.846468391054121,0.12769647976406895,0.1138587356417127
23.25250461226539,9.0,23.25250461226539,4.999904324182343,0.0961218101599344,1.591514548724741,2.848267094959973,0.12777670572131838,0.11393068379879483
23.27250461226539,9.0,23.27250461226539,4.999904322590582,0.09616191828085602,1.5933135124387623,2.8500660022111837,0.1278569405191401,0.11400264008839925
23.29250461226539,9.0,23.29250461226539,4.999904320998573,0.09620200601947466,1.5951126789304513,2.851865112197297,0.12793718407582988,0.11407460448843088
23.31250461226539,9.0,23.31250461226539,4.999904319406319,0.09624207342544407,1.596912047734297,2.853664424521977,0.12801743642225927,0.11414657698138449
23.313504612265387,9.0,23.313504612265387,4.99990431932671,0.09624407626113504,1.5970020213965703,2.8537543953730657,0.1280214490326892,0.1141501758082553
23.32950461226539,9.0,23.32950461226539,4.999904318052723,0.09627611476260634,1.5984416695565031,2.8551939982892,0.12808565752895218,0.11420775993262253
23.34950461226539,9.0,23.34950461226539,4.999904316460013,0.0963161446881072,1.6002414115958068,2.856993683865142,0.12816592631742774,0.11427974735484185
23.36950461226539,9.0,23.36950461226539,4.999904314867061,0.0963561544161778,1.602041354351887,2.8587935701444076,0.12824620352527383,0.1143517428051248
23.389504612265387,9.0,23.389504612265387,4.9999043132738725,0.09639614399792669,1.6038414974458908,2.860593656716503,0.12832648936477598,0.11442374626926481
23.40950461226539,9.0,23.40950461226539,4.999904311680442,0.0964361134839995,1.6056418404754587,2.862393943286872,0.12840678392041083,0.11449575773168455
23.42950461226539,9.0,23.42950461226539,4.999904310086772,0.09647606292285679,1.6074423829523177,2.86419442924785,0.12848708707626377,0.11456777716892975
23.449504612265386,9.0,23.449504612265386,4.999904308492858,0.09651599236322397,1.6092431244027974,2.8659951141773607,0.12856739890225155,0.1146398045676129
23.469504612265382,9.0,23.469504612265382,4.999904306898708,0.09655590185380561,1.6110440643542423,2.867795997669489,0.12864771935293873,0.11471183990735703
23.489504612265385,9.0,23.489504612265385,4.9999043053043195,0.09659579144226285,1.612845202300566,2.869597079109214,0.12872804832337192,0.11478388316430393
23.509504612265385,9.0,23.509504612265385,4.999904303709691,0.09663566117732034,1.6146465377800912,2.871398358073387,0.12880838586980548,0.11485593432283187
23.52950461226538,9.0,23.52950461226538,4.9999043021148335,0.09667551110700531,1.616448070312882,2.873199834106279,0.1288887319878671,0.11492799336563034
23.549504612265384,9.0,23.549504612265384,4.999904300519731,0.0967153412795093,1.6182497994262857,2.8750015067515005,0.1289690866004709,0.11500006026975194
23.569504612265384,9.0,23.569504612265384,4.999904298924398,0.09675515174234417,1.6200517246237192,2.876803375402423,0.12904944968228893,0.11507213501663266
23.570504612265385,9.0,23.570504612265385,4.99990429884463,0.09675714174733863,1.620141825948339,2.8768934739182352,0.12905346792711914,0.11507573895397345
23.586504612265387,9.0,23.586504612265387,4.999904297568188,0.09678897516806935,1.6215835145569268,2.878335117328854,0.12911776479076487,0.11513340469306765
23.606504612265383,9.0,23.606504612265383,4.9999042959724145,0.09682874930064084,1.623385801556083,2.8801373478031933,0.12919814381416228,0.11520549391220679
23.626504612265382,9.0,23.626504612265382,4.999904294376416,0.09686850385607831,1.6251882831253706,2.88193977290225,0.12927853105767184,0.1152775909158537
23.646504612265385,9.0,23.646504612265385,4.999904292780181,0.09690823888421242,1.6269909588955611,2.8837423921361576,0.12935892663764714,0.1153496956859949
23.66650461226538,9.0,23.66650461226538,4.99990429118372,0.09694795443423836,1.6287938284731247,2.885545205230036,0.12943933066924895,0.11542180820934056
23.68650461226538,9.0,23.68650461226538,4.999904289587027,0.09698765055362904,1.630596891387361,2.8873482116187823,0.1295197430657109,0.11549392846516345
23.706504612265384,9.0,23.706504612265384,4.999904287990102,0.09702732728990755,1.6324001471847074,2.889151410918207,0.12960016384482476,0.11556605643690171
23.72650461226538,9.0,23.72650461226538,4.999904286392949,0.09706698468988004,1.6342035953757157,2.8909548025961302,0.12968059294893752,0.11563819210456452
23.746504612265376,9.0,23.746504612265376,4.999904284795566,0.09710662280108757,1.6360072355141624,2.8927583862327935,0.1297610303595158,0.11571033544848768
23.766504612265376,9.0,23.766504612265376,4.9999042831979565,0.09714624167035682,1.637811067121551,2.894562161301372,0.12984147607287322,0.1157824864522624
23.78650461226538,9.0,23.78650461226538,4.999904281600121,0.09718584134461963,1.6396150897370725,2.896366127430467,0.12992193009085118,0.11585464509778452
23.806504612265375,9.0,23.806504612265375,4.999904280002056,0.09722542187067228,1.6414193028934152,2.8981702840680015,0.13000239232091126,0.11592681136247857
23.826504612265374,9.0,23.826504612265374,4.999904278403767,0.09726498329557176,1.6432237061408923,2.899974630786558,0.13008286280254877,0.11599898523118488
23.827504612265376,9.0,23.827504612265376,4.999904278323857,0.09726696086449652,1.6433139312050475,2.900064853033698,0.13008688660270185,0.11600259412679849
23.843504612265377,9.0,23.843504612265377,4.99990427704506,0.09729859551653063,1.6447575977076887,2.9015084743697197,0.1301512689993971,0.11606033897372608
23.863504612265377,9.0,23.863504612265377,4.999904275446349,0.09733812173173355,1.6465623516134167,2.903313171668697,0.1302317548468539,0.11613252686627495
23.883504612265376,9.0,23.883504612265376,4.999904273847419,0.09737762897552261,1.6483672941620005,2.9051180577620435,0.13031224878044756,0.11620472231056539
23.903504612265376,9.0,23.903504612265376,4.999904272248273,0.09741711729500205,1.6501724249248066,2.9069231320012783,0.13039275072805445,0.11627692527984394
23.923504612265376,9.0,23.923504612265376,4.9999042706489005,0.09745658673886423,1.6519777435535017,2.908728394094237,0.1304732608713539,0.11634913576482733
23.943504612265375,9.0,23.943504612265375,4.999904269049311,0.0974960373533789,1.6537832495931468,2.9105338436503434,0.13055377915225042,0.1164213537458533
23.963504612265375,9.0,23.963504612265375,4.999904267449495,0.0975354691841774,1.6555889425649248,2.9123394800709272,0.13063430549218302,0.11649357920260396
23.98350461226537,9.0,23.98350461226537,4.999904265849467,0.09757488227793915,1.6573948220420915,2.9141453030289313,0.13071483995999822,0.11656581212136068
24.003504612265374,9.0,24.003504612265374,4.9999042642492135,0.09761427668031086,1.6592008875594901,2.915951312036552,0.1307953824742485,0.11663805248112873
24.02350461226537,9.0,24.02350461226537,4.999904262648747,0.09765365243683113,1.6610071386466776,2.917757506597818,0.13087593301100253,0.11671030026340452
24.04350461226537,9.0,24.04350461226537,4.999904261048059,0.09769300959361858,1.66281357486961,2.919563886283857,0.1309564915934991,0.11678255545242557
24.06350461226537,9.0,24.06350461226537,4.999904259447157,0.09773234819679273,1.6646201957962015,2.9213704507223976,0.13103705817543498,0.11685481802808491
24.08350461226537,9.0,24.08350461226537,4.999904257846041,0.09777166829099486,1.6664270009314486,2.9231771992905258,0.13111763271142585,0.11692708797250789
24.103504612265368,9.0,24.103504612265368,4.999904256244703,0.09781096992288738,1.6682339898794614,2.9249841317518546,0.1311982152524538,0.11699936526966932
24.123504612265364,9.0,24.123504612265364,4.999904254643154,0.09785025313682653,1.6700411621457851,2.926791247462406,0.13127880569619932,0.11707164989907679
24.143504612265367,9.0,24.143504612265367,4.99990425304139,0.0978895179788919,1.671848517315721,2.928598546130518,0.13135940409565405,0.11714394184520222
24.163504612265363,9.0,24.163504612265363,4.999904251439413,0.09792876449393456,1.6736560549223056,2.930406027193079,0.131440010365093,0.11721624108744902
24.183504612265363,9.0,24.183504612265363,4.9999042498372255,0.09796799272734744,1.6754637745350278,2.9322136902775675,0.13152062454915403,0.11728854761128872
24.184504612265364,9.0,24.184504612265364,4.9999042497571144,0.09796995365899033,1.6755541652414263,2.9323040782119785,0.13152465557413162,0.1172921631329813
24.20050461226537,9.0,24.20050461226537,4.999904248475201,0.09800132237890466,1.6770004786705275,2.9337503463710504,0.1315891525483166,0.11735001385469943
24.220504612265366,9.0,24.220504612265366,4.999904246872619,0.09804051691486941,1.6788085340429755,2.935558345172816,0.13166978147871955,0.11742233380633961
24.24050461226537,9.0,24.24050461226537,4.9999042452698275,0.09807969329398207,1.6806167699930774,2.9373665246489344,0.13175041809291188,0.11749466098627755
24.260504612265365,9.0,24.260504612265365,4.999904243666823,0.09811885156258322,1.6824251861567312,2.9391748842761505,0.1318310623856742,0.1175669953708595
24.280504612265364,9.0,24.280504612265364,4.999904242063613,0.09815799176736989,1.6842337821773938,2.940983423748804,0.1319117145119324,0.11763933695031975
24.300504612265364,9.0,24.300504612265364,4.999904240460194,0.09819711395306922,1.6860425576178741,2.9427921426699806,0.13199237443616463,0.11771168570708472
24.320504612265363,9.0,24.320504612265363,4.999904238856568,0.09823621816402066,1.6878515120305295,2.9446010405469556,0.1320730421011842,0.11778404162241037
24.340504612265363,9.0,24.340504612265363,4.999904237252735,0.09827530444476283,1.6896606449822928,2.9464101169751684,0.13215371750086402,0.11785640467904893
24.36050461226536,9.0,24.36050461226536,4.999904235648692,0.0983143728397277,1.6914699560364606,2.9482193714798646,0.13223440061402125,0.11792877485986872
24.380504612265362,9.0,24.380504612265362,4.999904234044446,0.09835342339337173,1.6932794447554547,2.950028803688459,0.13231509142706233,0.1180011521470299
24.400504612265358,9.0,24.400504612265358,4.9999042324399925,0.09839245614926073,1.6950891106840584,2.9518384130531055,0.13239578989005718,0.11807353652195599
24.420504612265358,9.0,24.420504612265358,4.999904230835332,0.09843147115244634,1.696898953422912,2.953648199258481,0.13247649604950196,0.11814592797020661
24.440504612265357,9.0,24.440504612265357,4.9999042292304745,0.09847046844629424,1.6987089725084799,2.9554581618198323,0.1325572098530956,0.11821832647398883
24.441504612265355,9.0,24.441504612265355,4.999904229150233,0.09847241784599554,1.6987994780406372,2.9555486645713382,0.1325612456145815,0.11822194657828439
24.45750461226536,9.0,24.45750461226536,4.999904227866192,0.09850360224952569,1.7002476268066113,2.956996768030041,0.13262582232693276,0.11827987072200859
24.477504612265363,9.0,24.477504612265363,4.999904226260948,0.09854256690225156,1.702057971236362,2.958807055942536,0.1327065504224607,0.11835228223712979
24.49750461226536,9.0,24.49750461226536,4.999904224655509,0.0985815139674048,1.7038684906232182,2.960617518807435,0.1327872859009498,0.11842470075253315
24.517504612265355,9.0,24.517504612265355,4.9999042230498665,0.09862044349119087,1.7056791846544461,2.9624281562973382,0.1328680288907742,0.1184971262523905
24.53750461226536,9.0,24.53750461226536,4.999904221444029,0.09865935551844936,1.7074900529539818,2.9642389680666055,0.1329487794492894,0.11856955872283415
24.557504612265358,9.0,24.557504612265358,4.999904219837988,0.09869825009264296,1.709301095085139,2.9660499536543004,0.13302953753535474,0.11864199814625968
24.577504612265354,9.0,24.577504612265354,4.999904218231747,0.09873712725705198,1.7111123106147423,2.967861112642065,0.13311030313655792,0.11871444450587851
24.597504612265357,9.0,24.597504612265357,4.9999042166253105,0.09877598705550852,1.7129236991338466,2.969672444619028,0.13319107623050486,0.11878689778445303
24.617504612265357,9.0,24.617504612265357,4.999904215018671,0.09881482953116377,1.714735260204637,2.971483949135894,0.13327185681030107,0.11885935796642541
24.637504612265353,9.0,24.637504612265353,4.999904213411835,0.09885365472726276,1.7165469934059736,2.9732956258318826,0.1333526448364839,0.11893182503252618
24.65750461226535,9.0,24.65750461226535,4.999904211804801,0.09889246268670228,1.7183588982979805,2.975107474138423,0.1334334402639361,0.11900429896511654
24.677504612265352,9.0,24.677504612265352,4.999904210197577,0.09893125345294766,1.7201709744745375,2.9769194937883903,0.1335142431751637,0.11907677975234209
24.69750461226535,9.0,24.69750461226535,4.999904208590152,0.09897002706871547,1.7219832215026043,2.9787316843064477,0.1335950534401269,0.11914926737097313
24.717504612265348,9.0,24.717504612265348,4.999904206982532,0.09900878357667574,1.7237956389423532,2.9805440451463303,0.13367587106730316,0.11922176180614584
24.71850461226535,9.0,24.71850461226535,4.999904206902152,0.09901072095292142,1.7238862642404467,2.980634667652634,0.1336799121082124,0.11922538670514556
24.734504612265354,9.0,24.734504612265354,4.999904205615908,0.09904171318539555,1.7253363272535678,2.982084685423375,0.1337445717301915,0.1192833874170887
24.75450461226535,9.0,24.75450461226535,4.999904204007924,0.09908043816128667,1.7271490590632486,2.9838973606818944,0.1338254031618873,0.11935589442736365
24.774504612265353,9.0,24.774504612265353,4.999904202399749,0.09911914614889848,1.7289619599778783,2.985710205077425,0.13390624177859967,0.11942840820331259
24.79450461226535,9.0,24.79450461226535,4.999904200791387,0.09915783719246406,1.7307750296554458,2.987523218192082,0.13398708763705391,0.11950092872758766
24.81450461226535,9.0,24.81450461226535,4.999904199182829,0.09919651133549316,1.7325882677253535,2.989336399715421,0.13406794082575835,0.11957345598863701
24.834504612265352,9.0,24.834504612265352,4.999904197574082,0.0992351686202343,1.7344016737571395,2.991149749212073,0.13414880129338735,0.11964598996872541
24.854504612265348,9.0,24.854504612265348,4.999904195965145,0.09927380908932872,1.7362152473451853,2.992963266249423,0.1342296690053706,0.11971853065011809
24.874504612265348,9.0,24.874504612265348,4.999904194356011,0.09931243278499369,1.7380289880741855,2.9947769504292983,0.134310543946631,0.1197910780160518
24.89450461226535,9.0,24.89450461226535,4.999904192746694,0.0993510397492563,1.739842895515404,2.996590801298542,0.1343914261295438,0.11986363205283178
24.914504612265347,9.0,24.914504612265347,4.999904191137187,0.09938963002445488,1.7416569692666108,2.998404818552475,0.1344723155294163,0.11993619274239734
24.934504612265343,9.0,24.934504612265343,4.99990418952749,0.09942820365240788,1.7434712089052429,3.0002190016204806,0.13455321204583903,0.12000876006395418
24.954504612265342,9.0,24.954504612265342,4.999904187917604,0.09946676067533944,1.7452856140233028,3.002033350165127,0.13463411576321627,0.12008133400623845
24.974504612265346,9.0,24.974504612265346,4.9999041863075275,0.09950530113493988,1.747100184203916,3.0038478638131165,0.13471502665587365,0.12015391455294616
24.975504612265347,9.0,24.975504612265347,4.999904186227026,0.09950722772363269,1.7471909170257909,3.0039385938990653,0.13471907241626413,0.12015754375452098
24.991504612265345,9.0,24.991504612265345,4.999904184938827,0.09953804752897182,1.7486426980942775,3.0053903295957887,0.13478380626090747,0.12021561318502996
25.011504612265348,9.0,25.011504612265348,4.999904183328407,0.09957655746067283,1.750457572744109,3.0072051477202844,0.13486473051529702,0.12028820590821603
25.031504612265344,9.0,25.031504612265344,4.999904181717803,0.09961505094507218,1.752272611141744,3.009020129588234,0.1349456616991036,0.12036080518412497
25.051504612265344,9.0,25.051504612265344,4.999904180107011,0.09965352802540528,1.754087812957742,3.010835274876035,0.13502659987675458,0.12043341099437183
25.071504612265343,9.0,25.071504612265343,4.999904178496041,0.0996919887446619,1.7559031778517238,3.0126505831755717,0.13510754513302947,0.12050602332803113
25.091504612265343,9.0,25.091504612265343,4.999904176884882,0.09973043314439684,1.7577187054201717,3.0144660542447914,0.1351884974756421,0.12057864216984163
25.111504612265342,9.0,25.111504612265342,4.999904175273544,0.09976886126512886,1.7595343952147828,3.0162816874669205,0.13526945677258184,0.12065126749826663
25.131504612265342,9.0,25.131504612265342,4.999904173662022,0.09980727314904499,1.7613502468711808,3.0180974825462177,0.13535042311501777,0.12072389930200189
25.15150461226534,9.0,25.15150461226534,4.999904172050314,0.09984566883711773,1.7631662599729692,3.0199134391240117,0.13543139646739766,0.12079653756475207
25.171504612265338,9.0,25.171504612265338,4.999904170438428,0.09988404836991388,1.7649824340855305,3.021729556679347,0.1355123767442361,0.12086918226655108
25.19150461226534,9.0,25.19150461226534,4.999904168826359,0.09992241178909646,1.7667987688355473,3.023545834861734,0.1355933639955209,0.12094183339433805
25.211504612265337,9.0,25.211504612265337,4.999904167214114,0.0999607591354614,1.7686152638058663,3.0253622732922025,0.13567435819782947,0.12101449093199362
25.231504612265336,9.0,25.231504612265336,4.999904165601686,0.0999990904498727,1.77043191859406,3.027178871535444,0.1357553593005416,0.1210871548615852
25.232504612265338,9.0,25.232504612265338,4.999904165521063,0.10000100659457434,1.7705227554758953,3.027269705600662,0.1357594095451473,0.12109078822608889
25.248504612265343,9.0,25.248504612265343,4.999904164230983,0.10003165948902712,1.7719762003521744,3.0287231052295414,0.13582421552510948,0.12114892420893174
25.26850461226534,9.0,25.26850461226534,4.999904162618219,0.1000699612546987,1.7737931498706287,3.0305399981524284,0.13590522949598682,0.12122159992607959
25.288504612265335,9.0,25.288504612265335,4.99990416100528,0.10010824710257914,1.7756102579642417,3.0323570497352823,0.13598625026120392,0.12129428198929311
25.308504612265338,9.0,25.308504612265338,4.999904159392167,0.10014651707438377,1.7774275242836033,3.034174259482435,0.13606727780211614,0.1213669703797688
25.328504612265338,9.0,25.328504612265338,4.9999041577788725,0.1001847712117524,1.779244948478821,3.0359916271334733,0.1361483122071243,0.12143966508567815
25.348504612265334,9.0,25.348504612265334,4.999904156165401,0.10022300955492432,1.7810625301405132,3.037809152236913,0.13622935340689568,0.12151236608881343
25.368504612265337,9.0,25.368504612265337,4.999904154551757,0.10026123214442624,1.7828802688778094,3.039626834393656,0.13631040142892714,0.12158507337653544
25.388504612265336,9.0,25.388504612265336,4.999904152937936,0.10029943902057763,1.7846981642867206,3.0414446732982934,0.13639145623807591,0.12165778693118402
25.408504612265332,9.0,25.408504612265332,4.999904151323934,0.10033763022322938,1.7865162159579444,3.043262668368222,0.13647251776131752,0.12173050673465227
25.428504612265336,9.0,25.428504612265336,4.999904149709766,0.10037580579301285,1.7883344235099015,3.0450808193917602,0.13655358609340662,0.12180323277625506
25.44850461226533,9.0,25.44850461226533,4.99990414809542,0.10041396576994227,1.7901527865417683,3.0468991258864513,0.1366346611189062,0.12187596503543087
25.46850461226533,9.0,25.46850461226533,4.999904146480898,0.10045211019385684,1.7919713046521373,3.048717587409316,0.13671574281909638,0.12194870349523733
25.48850461226533,9.0,25.48850461226533,4.999904144866205,0.10049023910499987,1.7937899774586223,3.0505362036384778,0.13679683126834452,0.1220214481458286
25.50850461226533,9.0,25.50850461226533,4.999904143251343,0.10052835254308032,1.7956088045583631,3.0523549742224594,0.13687792640459095,0.12209419896910433
25.50950461226533,9.0,25.50950461226533,4.999904143170603,0.1005302578085356,1.7956997499069516,3.0524459167300826,0.1368819813989277,0.1220978366747766
25.52550461226533,9.0,25.52550461226533,4.999904141878581,0.10056073682667968,1.7971549284745254,3.0539010500814445,0.13694686236059384,0.12215604200236461
25.545504612265333,9.0,25.545504612265333,4.99990414026339,0.10059882174661461,1.7989740400750271,3.0557201050551264,0.13702796984697851,0.12222880420220318
25.56550461226533,9.0,25.56550461226533,4.999904138648034,0.1006368913055924,1.8007933047969997,3.057539313292021,0.13710908395259946,0.12230157253102916
25.58550461226533,9.0,25.58550461226533,4.999904137032513,0.10067494554336437,1.8026127222424155,3.059358674134116,0.13719020455484454,0.1223743469658405
25.60550461226533,9.0,25.60550461226533,4.999904135416818,0.100712984500788,1.804432292093742,3.0611781874539292,0.13727133182035778,0.12244712749884258
25.625504612265328,9.0,25.625504612265328,4.999904133800953,0.100751008217191,1.8062520139464198,3.0629978527561086,0.1373524656169398,0.12251991410914859
25.645504612265327,9.0,25.645504612265327,4.9999041321849225,0.10078901673164539,1.808071887399005,3.0648176696107665,0.13743360598531207,0.12259270678498388
25.66550461226533,9.0,25.66550461226533,4.999904130568722,0.10082701008400358,1.8098919120836352,3.0666376377787,0.1375147529298939,0.12266550551096439
25.685504612265326,9.0,25.685504612265326,4.999904128952351,0.10086498831306118,1.81171208759131,3.068457756709657,0.13759590635461882,0.12273831026850107
25.705504612265322,9.0,25.705504612265322,4.99990412733582,0.10090295145839863,1.8135324135531141,3.0702780261243245,0.13767706630605447,0.12281112104426102
25.725504612265325,9.0,25.725504612265325,4.999904125719117,0.10094089955872436,1.8153528895623885,3.072098445560524,0.13775823273966004,0.12288393782219219
25.745504612265325,9.0,25.745504612265325,4.999904124102247,0.10097883265341949,1.8171735152436912,3.0739190146960538,0.13783940566326391,0.12295676058757112
25.76550461226532,9.0,25.76550461226532,4.999904122485211,0.10101675078135193,1.8189942902084346,3.075739733099068,0.13792058502732885,0.1230295893234681
25.766504612265322,9.0,25.766504612265322,4.99990412240436,0.10101864629403967,1.819085332795125,3.0758307727736334,0.13792464423113104,0.12303323091998941
25.782504612265328,9.0,25.782504612265328,4.999904121110613,0.10104896944972687,1.8205420659287463,3.077287460830358,0.13798959257118515,0.12309149843240974
25.802504612265324,9.0,25.802504612265324,4.999904119493267,0.10108685999296553,1.8223631161117215,3.079108454351818,0.13807078382656202,0.12316433817452403
25.822504612265323,9.0,25.822504612265323,4.999904117875762,0.1011247356797372,1.8241843144611298,3.080929596181094,0.13815198154804564,0.12323718384737074
25.842504612265323,9.0,25.842504612265323,4.999904116258095,0.10116259654854663,1.8260056605825257,3.082750885724514,0.13823318559283138,0.12331003542909139
25.862504612265322,9.0,25.862504612265322,4.9999041146402625,0.10120044263885879,1.8278271541256557,3.0845723227079955,0.13831439603936224,0.12338289290828186
25.882504612265322,9.0,25.882504612265322,4.999904113022268,0.10123827398889651,1.8296487946970628,3.0863939067201045,0.13839561284753032,0.12345575626913588
25.90250461226532,9.0,25.90250461226532,4.999904111404113,0.10127609063782521,1.8314705819458479,3.0882156374201606,0.13847683600275773,0.12352862549643753
25.92250461226532,9.0,25.92250461226532,4.999904109785793,0.10131389262342531,1.8332925154542081,3.0900375143544263,0.13855806546949734,0.12360150057439918
25.942504612265317,9.0,25.942504612265317,4.999904108167314,0.1013516799845447,1.8351145948658698,3.091859537219418,0.13863930126845725,0.12367438148928994
25.96250461226532,9.0,25.96250461226532,4.999904106548673,0.10138945275930107,1.8369368197923546,3.093681705595529,0.13872054333264083,0.12374726822317841
25.982504612265316,9.0,25.982504612265316,4.999904104929875,0.10142721098599122,1.8387591898532223,3.095504019069208,0.13880179167862106,0.12382016076317819
26.002504612265316,9.0,26.002504612265316,4.999904103310911,0.10146495470314382,1.8405817046886246,3.097326477372483,0.1388830463123556,0.12389305909486019
26.02250461226532,9.0,26.02250461226532,4.999904101691792,0.1015026839481949,1.8424043638853331,3.099149080005369,0.1389643071585125,0.12396596320082
26.042504612265315,9.0,26.042504612265315,4.999904100072515,0.1015403987598396,1.8442271670979162,3.100971826667756,0.1390455742298864,0.12403887306601295
26.043504612265316,9.0,26.043504612265316,4.999904099991554,0.10154228412064407,1.8443183109536858,3.1010629675844394,0.13904963747926047,0.12404251869965109
26.05950461226532,9.0,26.05950461226532,4.9999040986960095,0.10157244502818587,1.8457766626984609,3.1025212742430117,0.13911465616082141,0.12410085096984647
26.079504612265318,9.0,26.079504612265318,4.999904097076434,0.10161013323847176,1.8475997313618688,3.1043442862853476,0.1391959346875713,0.12417377145111144
26.099504612265317,9.0,26.099504612265317,4.9999040954566984,0.10164780712283751,1.8494229429406095,3.106167441315843,0.13927721944797788,0.12424669765334116
26.119504612265313,9.0,26.119504612265313,4.999904093836813,0.10168546671906156,1.8512462970521641,3.1079907388747303,0.13935851032414015,0.12431962955475996
26.139504612265316,9.0,26.139504612265316,4.999904092216768,0.10172311206523503,1.8530697933451397,3.109814178591952,0.13943980735037975,0.12439256714324438
26.159504612265316,9.0,26.159504612265316,4.999904090596572,0.10176074319912341,1.8548934314462233,3.111637760123135,0.13952111053400973,0.12446551040548112
26.179504612265312,9.0,26.179504612265312,4.999904088976215,0.1017983601586066,1.8567172109941268,3.1134614831378564,0.13960241983316735,0.12453845932516248
26.199504612265315,9.0,26.199504612265315,4.999904087355706,0.10183596298078744,1.8585411315963243,3.1152853471637454,0.13968373520269495,0.12461141388641961
26.21950461226531,9.0,26.21950461226531,4.9999040857350385,0.10187355170346633,1.860365192893124,3.117109351913546,0.13976505667820982,0.12468437407644124
26.23950461226531,9.0,26.23950461226531,4.99990408411422,0.1019111263638179,1.8621893945048127,3.1189334969634217,0.139846384202732,0.12475733987842016
26.25950461226531,9.0,26.25950461226531,4.999904082493252,0.10194868699952311,1.8640137360728355,3.120757781970874,0.13992771778238722,0.12483031127856503
26.27950461226531,9.0,26.27950461226531,4.999904080872125,0.10198623364762922,1.8658382172137074,3.1225822065521167,0.14000905739874048,0.12490328826232336
26.29950461226531,9.0,26.29950461226531,4.999904079250846,0.10202376634550601,1.867662837567617,3.124406770358092,0.14009040303981446,0.12497627081507026
26.30050461226531,9.0,26.30050461226531,4.999904079169785,0.10202564261504153,1.8677540722415966,3.124498002309163,0.14009447047349433,0.12497992008819722
26.316504612265312,9.0,26.316504612265312,4.999904077872643,0.10205565819546004,1.8692138739179256,3.1259577585467544,0.14015955131483526,0.12503831034210836
26.33650461226531,9.0,26.33650461226531,4.999904076251079,0.10209316518590865,1.871038750965139,3.1277825790864404,0.14024090823735036,0.12511130316397034
26.35650461226531,9.0,26.35650461226531,4.999904074629363,0.10213065832976909,1.8728637660646361,3.1296075376867782,0.14032227096449224,0.12518430150738952
26.37650461226531,9.0,26.37650461226531,4.999904073007503,0.10216813766575755,1.8746889189378206,3.131432633967468,0.14040363956632373,0.125257305358516
26.396504612265307,9.0,26.396504612265307,4.999904071385489,0.10220560323136486,1.8765142092427205,3.1332578677155767,0.14048501416293746,0.12533031470929043
26.416504612265307,9.0,26.416504612265307,4.999904069763325,0.1022430550634319,1.8783396366107539,3.1350832385496443,0.14056639466727394,0.12540332954151498
26.43650461226531,9.0,26.43650461226531,4.999904068141011,0.10228049319856591,1.880165200670834,3.1369087460217804,0.14064778106312836,0.12547634984116887
26.456504612265306,9.0,26.456504612265306,4.999904066518549,0.10231791767379829,1.881990901063076,3.1387343898830586,0.14072917337557533,0.12554937559495905
26.476504612265302,9.0,26.476504612265302,4.9999040648959365,0.10235532852546814,1.8838167374133474,3.1405601696588894,0.1408105715401884,0.12562240678665762
26.496504612265305,9.0,26.496504612265305,4.999904063273177,0.10239272579053652,1.8856427093702834,3.1423860850704783,0.14089197557964384,0.1256954434028391
26.516504612265305,9.0,26.516504612265305,4.999904061650269,0.10243010950555168,1.8874688165657567,3.1442121357056174,0.14097338543953652,0.1257684854272557
26.5365046122653,9.0,26.5365046122653,4.9999040600272115,0.1024674797068998,1.8892950586381514,3.146038321195505,0.1410548011488113,0.12584153284843458
26.556504612265304,9.0,26.556504612265304,4.9999040584040095,0.10250483643139695,1.891121435237386,3.1478646412775855,0.14113622269007564,0.12591458565127867
26.5575046122653,9.0,26.5575046122653,4.999904058322851,0.10250670391402208,1.8912127575687077,3.1479559608079946,0.14114029380189264,0.1259182384276674
26.573504612265303,9.0,26.573504612265303,4.999904057024182,0.10253657907554627,1.8926739607191385,3.1494171186377447,0.14120543539214525,0.12597668474657323
26.593504612265306,9.0,26.593504612265306,4.999904055400703,0.10257391096476969,1.8945005852907726,3.151243686677662,0.1412868677280419,0.12604974746747288
26.613504612265302,9.0,26.613504612265302,4.999904053777081,0.10261122947905754,1.8963273432857553,3.1530703881436173,0.14136830574265513,0.12612281552584712
26.633504612265302,9.0,26.633504612265302,4.999904052153317,0.10264853465581569,1.8981542343930349,3.1548972226763308,0.1414497494662883,0.12619588890750405
26.653504612265305,9.0,26.653504612265305,4.999904050529409,0.10268582653126335,1.8999812582619287,3.156724190013252,0.1415311989386161,0.1262689675999864
26.6735046122653,9.0,26.6735046122653,4.999904048905352,0.10272310514156335,1.9018084145321597,3.158551289686319,0.1416126541096021,0.12634205158768508
26.6935046122653,9.0,26.6935046122653,4.999904047281157,0.10276037052319463,1.9036357028678705,3.1603785214956677,0.14169411503091078,0.12641514085961603
26.713504612265297,9.0,26.713504612265297,4.999904045656817,0.10279762271161896,1.9054631228844539,3.1622058849528027,0.14177558160424075,0.12648823539803408
26.7335046122653,9.0,26.7335046122653,4.999904044032332,0.1028348617429768,1.907290674239969,3.1640333797506885,0.14185705386217617,0.1265613351903899
26.753504612265296,9.0,26.753504612265296,4.999904042407707,0.1028720876531905,1.9091183565696332,3.165861005536352,0.14193853176480675,0.1266344402208069
26.773504612265295,9.0,26.773504612265295,4.999904040782937,0.10290930047806932,1.9109461695303016,3.1676887619146115,0.1420200153128739,0.12670755047676444
26.7935046122653,9.0,26.7935046122653,4.999904039158027,0.10294650025342111,1.9127741127561966,3.1695166486138904,0.1421015045160665,0.12678066594520382
26.813504612265294,9.0,26.813504612265294,4.999904037532975,0.10298368701479345,1.914602185892562,3.171344665202836,0.1421829992856678,0.12685378660772173
26.833504612265294,9.0,26.833504612265294,4.999904035907781,0.10302086079793626,1.9164303885860539,3.173172811313529,0.1422644996485407,0.126926912452308
26.834504612265295,9.0,26.834504612265295,4.999904035826523,0.10302271914624618,1.9165218020746735,3.173264221917939,0.14226857478219168,0.12693056887932083
26.850504612265297,9.0,26.850504612265297,4.999904034526261,0.1030524483352046,1.917984462434939,3.1747268371679933,0.14233377939242065,0.12698907348683108
26.870504612265297,9.0,26.870504612265297,4.999904032900801,0.10308959820328903,1.919812903920345,3.176555222040196,0.14241529006240827,0.1270622088821875
26.890504612265296,9.0,26.890504612265296,4.99990403127521,0.10312673519396538,1.9216414739394325,3.1783837355365785,0.1424968063093761,0.1271353494203679
26.910504612265296,9.0,26.910504612265296,4.999904029649479,0.10316385934272143,1.923470172133414,3.180212377121492,0.1425783280604802,0.127208495085486
26.930504612265295,9.0,26.930504612265295,4.999904028023608,0.10320097068557825,1.925298998188337,3.1820411466673395,0.1426598553895606,0.12728164586702176
26.95050461226529,9.0,26.95050461226529,4.999904026397597,0.1032380692575033,1.9271279517312487,3.1838700436517895,0.14274138816645987,0.12735480174594918
26.970504612265294,9.0,26.970504612265294,4.9999040247714515,0.10327515509376627,1.9289570324169047,3.1856990677705785,0.14282292644489702,0.1274279627110832
26.99050461226529,9.0,26.99050461226529,4.999904023145169,0.10331222822997554,1.9307862399122868,3.187528218727616,0.14290447021538832,0.12750112874898636
27.01050461226529,9.0,27.01050461226529,4.999904021518746,0.10334928870082857,1.9326155738446786,3.189357496105995,0.1429860194222896,0.1275742998439064
27.03050461226529,9.0,27.03050461226529,4.999904019892184,0.10338633654171837,1.934445033878152,3.191186899574732,0.1430675740856875,0.1276474759835677
27.05050461226529,9.0,27.05050461226529,4.999904018265493,0.10342337178755152,1.9362746196621698,3.193016428845558,0.14314913417896347,0.127720657153053
27.07050461226529,9.0,27.07050461226529,4.999904016638659,0.10346039447330387,1.9381043308415573,3.1948460834303636,0.14323069965263002,0.12779384333726249
27.09050461226529,9.0,27.09050461226529,4.999904015011694,0.10349740463406261,1.9399341670831973,3.196675863150871,0.14331227056742613,0.12786703452541792
27.110504612265288,9.0,27.110504612265288,4.999904013384593,0.10353440230451805,1.9417641280274325,3.198505767529179,0.14339384684237055,0.12794023070158558
27.130504612265284,9.0,27.130504612265284,4.999904011757356,0.1035713875198033,1.9435942133427513,3.200335796319308,0.14347542849969197,0.12801343185276282
27.13150461226529,9.0,27.13150461226529,4.999904011675993,0.10357323645398989,1.9436857208553762,3.200427301048398,0.14347950770220352,0.12801709204001854
27.14750461226529,9.0,27.14750461226529,4.9999040103741015,0.10360281518376009,1.945149883285624,3.2018914181484477,0.14354477697266077,0.12807565672684956
27.167504612265287,9.0,27.167504612265287,4.999904008746615,0.10363977744955548,1.9469801978232857,3.2037216761638003,0.14362636860301858,0.12814886704607445
27.18750461226529,9.0,27.18750461226529,4.999904007118995,0.10367672735753097,1.948810635671789,3.2055520574788745,0.1437079654866018,0.1282220822992996
27.20750461226529,9.0,27.20750461226529,4.999904005491245,0.1037136649437308,1.9506411965530934,3.207382561809049,0.14378956763729,0.12829530247150492
27.227504612265285,9.0,27.227504612265285,4.99990400386336,0.10375059024246092,1.952471880109368,3.2092131888045583,0.14387117509743508,0.1283685275526067
27.24750461226528,9.0,27.24750461226528,4.999904002235343,0.10378750328853553,1.9543026860162935,3.211043938189733,0.14395278784782795,0.12844175752783643
27.267504612265284,9.0,27.267504612265284,4.999904000607198,0.10382440411634679,1.956133613926616,3.212874809547545,0.14403440583263416,0.1285149923817169
27.287504612265284,9.0,27.287504612265284,4.999903998978916,0.10386129276010916,1.9579646634850068,3.2147058025575914,0.1441160290712209,0.12858823210200626
27.30750461226528,9.0,27.30750461226528,4.999903997350506,0.10389816925471307,1.9597958343795172,3.2165369168927924,0.14419765755638259,0.12866147667573408
27.327504612265283,9.0,27.327504612265283,4.9999039957219615,0.1039350336339873,1.961627126244678,3.218368152238479,0.14427929127549688,0.12873472608993394
27.347504612265283,9.0,27.347504612265283,4.999903994093292,0.10397188593224013,1.9634585387415857,3.220199508184634,0.14436093015657536,0.12880798032705637
27.36750461226528,9.0,27.36750461226528,4.999903992464487,0.10400872618376333,1.9652900715314765,3.222030984415543,0.14444257424263407,0.12888123937674012
27.387504612265282,9.0,27.387504612265282,4.9999039908355565,0.10404555442265824,1.9671217242811658,3.2238625806346364,0.14452422351337724,0.12895450322502194
27.38850461226528,9.0,27.38850461226528,4.999903990754112,0.10404739551889791,1.9672133100122162,3.223954163432741,0.14452830600013256,0.12895816653886305
27.40450461226528,9.0,27.40450461226528,4.9999039894508694,0.10407684900602625,1.9686787231666727,3.2254195315405685,0.1445936295209287,0.12901678126227675
27.424504612265284,9.0,27.424504612265284,4.999903987821695,0.10411365511167468,1.9705105969501822,3.2272513487038084,0.1446752882228477,0.12909005394736173
27.44450461226528,9.0,27.44450461226528,4.999903986192392,0.10415044930186017,1.97234258972776,3.229083284925637,0.14475695216169604,0.1291633313968307
27.46450461226528,9.0,27.46450461226528,4.999903984562965,0.1041872316102537,1.9741747011486521,3.2309153398040507,0.14483862121931868,0.12923661359273467
27.484504612265283,9.0,27.484504612265283,4.999903982933415,0.10422400207086974,1.9760069308826285,3.232747513019591,0.14492029536152606,0.12930990052007682
27.50450461226528,9.0,27.50450461226528,4.999903981303735,0.10426076071751854,1.9778392785877204,3.2345798041528098,0.14500197458787123,0.1293831921670324
27.524504612265275,9.0,27.524504612265275,4.999903979673927,0.10429750758430385,1.9796717439448634,3.236412213007805,0.14508365891000397,0.12945648852020344
27.544504612265275,9.0,27.544504612265275,4.999903978043987,0.10433424270450105,1.9815043265917365,3.2382447390825964,0.14516534824904337,0.1295297895638727
27.564504612265278,9.0,27.564504612265278,4.999903976413932,0.10437096611224736,1.9833370262209404,3.2400773821858997,0.1452470426666579,0.1296030952876322
27.584504612265274,9.0,27.584504612265274,4.999903974783745,0.10440767784118861,1.9851698424947917,3.241910141917746,0.14532874209417956,0.12967640567622607
27.604504612265274,9.0,27.604504612265274,4.999903973153433,0.10444437792456518,1.9870027750561978,3.2437430179267936,0.14541044653439528,0.12974972071699983
27.624504612265277,9.0,27.624504612265277,4.999903971522995,0.10448106639612395,1.988835823588001,3.245576009933508,0.14549215599578758,0.1298230403977158
27.644504612265273,9.0,27.644504612265273,4.999903969892435,0.10451774328943521,1.990668987754341,3.2474091175706916,0.14557387042573033,0.12989636470307134
27.645504612265274,9.0,27.645504612265274,4.9999039698109105,0.10451957683062864,1.9907606489843614,3.2475007760159857,0.14557795632683046,0.12990003104164619
27.661504612265276,9.0,27.661504612265276,4.999903968506365,0.1045489095688856,1.9922272678941204,3.248967349622589,0.14564333146571418,0.12995869398405258
27.681504612265275,9.0,27.681504612265275,4.999903966875572,0.10458556513136756,1.9940606451512974,3.2508006703300945,0.1457250551768947,0.13003202681431236
27.701504612265275,9.0,27.701504612265275,4.99990396524466,0.10462220921009961,1.9958941370640644,3.2526341057858965,0.14580678378131684,0.13010536423071026
27.721504612265274,9.0,27.721504612265274,4.999903963613621,0.10465884183832222,1.9977277432968026,3.2544676554206156,0.14588851721930385,0.13017870621732966
27.741504612265274,9.0,27.741504612265274,4.999903961982462,0.10469546305047249,1.9995614635753345,3.256301319193181,0.14597025563872346,0.1302520527672839
27.76150461226527,9.0,27.76150461226527,4.99990396035118,0.10473207287917793,2.0013952975390654,3.258135096606501,0.14605199891916776,0.13032540386361113
27.781504612265273,9.0,27.781504612265273,4.999903958719774,0.10476867135756054,2.003229244857329,3.2599689873909297,0.14613374711295468,0.13039875949619245
27.80150461226527,9.0,27.80150461226527,4.999903957088254,0.10480525851889655,2.0050633052096973,3.261802991232941,0.14621550016775253,0.1304721196492491
27.82150461226527,9.0,27.82150461226527,4.999903955456608,0.10484183439629684,2.0068974782647895,3.263637107736224,0.14629725806128224,0.13054548430969237
27.84150461226527,9.0,27.84150461226527,4.999903953824841,0.10487839902263825,2.0087317636919866,3.2654713366432198,0.14637902081577114,0.1306188534658436
27.861504612265268,9.0,27.861504612265268,4.999903952192954,0.10491495243101161,2.010566161163587,3.267305677591685,0.14646078839134824,0.1306922271038101
27.881504612265267,9.0,27.881504612265267,4.999903950560948,0.10495149465431697,2.0124006703558623,3.269140130235973,0.14654256076779038,0.13076560520958366
27.901504612265263,9.0,27.901504612265263,4.999903948928823,0.10498802572561436,2.0142352909419037,3.270974694292221,0.14662433795855634,0.13083898777173558
27.90250461226527,9.0,27.90250461226527,4.99990394884722,0.1049898519865126,2.014327024863933,3.2710664253566977,0.14662842680233013,0.13084265701083647
27.91850461226527,9.0,27.91850461226527,4.999903947541426,0.10501906839139297,2.015794805731675,3.272534161048673,0.14669385229954113,0.13090136644206501
27.938504612265266,9.0,27.938504612265266,4.999903945909073,0.10505557891798405,2.0176296315471673,3.2743689303089862,0.1467756383401546,0.13097475721299554
27.95850461226527,9.0,27.95850461226527,4.999903944276609,0.10509207838555552,2.019464567806893,3.276203810095801,0.14685742914300892,0.13104815240273432
27.97850461226527,9.0,27.97850461226527,4.999903942644027,0.10512856682664912,2.02129961418065,3.278038799866787,0.14693922463582298,0.13112155199569298
27.998504612265265,9.0,27.998504612265265,4.999903941011326,0.10516504427475507,2.0231347703816147,3.2798738995971637,0.14702102492417346,0.13119495598339165
28.018504612265268,9.0,28.018504612265268,4.999903939378505,0.10520151076163874,2.024970036043711,3.2817091086998142,0.14710282986013934,0.13126836434778302
28.038504612265264,9.0,28.038504612265264,4.999903937745572,0.10523796632052522,2.026805410876568,3.283544427007409,0.14718463953671823,0.13134177708001407
28.058504612265263,9.0,28.058504612265263,4.999903936112518,0.10527441098372534,2.02864089454434,3.2853798541494217,0.14726645390161508,0.13141519416633604
28.078504612265263,9.0,28.078504612265263,4.9999039344793506,0.10531084478344313,2.030476486714912,3.2872153898178578,0.14734827293113706,0.13148861559272962
28.098504612265263,9.0,28.098504612265263,4.999903932846066,0.10534726775225098,2.032312187067809,3.2890510336272594,0.14743009659291273,0.1315620413449786
28.118504612265262,9.0,28.118504612265262,4.999903931212666,0.10538367992284506,2.034147995299177,3.2908867853346275,0.1475119249269028,0.1316354714131028
28.13850461226526,9.0,28.13850461226526,4.99990392957915,0.10542008132741906,2.0359839110787266,3.2927226445904187,0.14759375789860663,0.1317089057841437
28.15850461226526,9.0,28.15850461226526,4.999903927945523,0.10545647199784883,2.0378199340659706,3.294558611078298,0.14767559547178655,0.13178234444323514
28.159504612265263,9.0,28.159504612265263,4.999903927863843,0.1054582912496549,2.0379117379972214,3.294650412143083,0.14767968721474034,0.13178601647797986
28.17550461226526,9.0,28.17550461226526,4.999903926556849,0.10548739565170122,2.039380637636626,3.2961192665621204,0.14774516096122392,0.131844770662497
28.195504612265264,9.0,28.195504612265264,4.999903924923004,0.10552376655016205,2.041216858169671,3.2979554306052026,0.1478270071000174,0.1319182172248283
28.21550461226526,9.0,28.21550461226526,4.999903923289045,0.10556012680603784,2.043053184985051,3.2997917009197506,0.14790885775379126,0.13199166803715037
28.23550461226526,9.0,28.23550461226526,4.99990392165498,0.10559647645191769,2.044889617786637,3.3016280771792035,0.14799071294579647,0.1320651230875122
28.255504612265263,9.0,28.255504612265263,4.999903920020798,0.10563281551982365,2.0467261562480292,3.303464559121562,0.14807257270249186,0.13213858236502846
28.27550461226526,9.0,28.27550461226526,4.9999039183865035,0.1056691440419128,2.0485628000637526,3.305301146418133,0.14815443699174868,0.13221204585648194
28.295504612265255,9.0,28.295504612265255,4.9999039167520944,0.10570546205014333,2.050399548908175,3.3071378387435013,0.1482363058149172,0.13228551355059678
28.315504612265258,9.0,28.315504612265258,4.999903915117575,0.10574176957630342,2.052236402457418,3.308974635798604,0.14831817912792955,0.13235898543192356
28.335504612265257,9.0,28.335504612265257,4.999903913482945,0.10577806665229014,2.054073360396252,3.310811537190027,0.148400056907948,0.13243246148744922
28.355504612265253,9.0,28.355504612265253,4.999903911848201,0.10581435331033233,2.055910422420221,3.312648542700958,0.1484819392121035,0.13250594170854915
28.375504612265257,9.0,28.375504612265257,4.999903910213349,0.10585062958206606,2.057747588209861,3.3144856519998838,0.14856382596232742,0.13257942607924736
28.395504612265256,9.0,28.395504612265256,4.9999039085783865,0.10588689549875724,2.059584857420278,3.316322864665552,0.1486457171442659,0.13265291458723935
28.415504612265252,9.0,28.415504612265252,4.999903906943314,0.10592315109298646,2.0614222297789357,3.318160180537116,0.14872761279873936,0.1327264072216366
28.435504612265248,9.0,28.435504612265248,4.99990390530813,0.10595939639571372,2.0632597049349197,3.319997599175313,0.14880951282802335,0.1327999039660341
28.45550461226525,9.0,28.45550461226525,4.999903903672836,0.10599563143878647,2.0650972825792158,3.321835120280796,0.14889141729464517,0.13287340481209728
28.456504612265256,9.0,28.456504612265256,4.999903903591073,0.10599744292280144,2.065189164178797,3.3219269992250013,0.14889551280124858,0.13287707996848316
28.472504612265254,9.0,28.472504612265254,4.999903902282755,0.10602642318101858,2.0666593038608716,3.3233970934619768,0.1489610393336389,0.13293588373793036
28.492504612265254,9.0,28.492504612265254,4.999903900647257,0.1060626393285081,2.0684970703662673,3.325234803502279,0.14904295208351304,0.1330093921402127
28.512504612265253,9.0,28.512504612265253,4.999903899011655,0.10609884530504811,2.070334938407422,3.3270726151043393,0.1491248691033431,0.133082904604502
28.53250461226525,9.0,28.53250461226525,4.999903897375943,0.10613504114319988,2.072172907718848,3.328910527883886,0.14920679037275253,0.13315642111504944
28.552504612265253,9.0,28.552504612265253,4.999903895740121,0.10617122687488437,2.0740109780176534,3.3307485416603995,0.14928871602061422,0.133229941666161
28.57250461226525,9.0,28.57250461226525,4.999903894104192,0.10620740253087517,2.075849148958617,3.3325866561085458,0.14937064600192773,0.13330346624420256
28.592504612265248,9.0,28.592504612265248,4.999903892468163,0.10624356814287343,2.0776874202496987,3.3344248708893525,0.14945258029008612,0.13337699483594237
28.61250461226525,9.0,28.61250461226525,4.99990389083202,0.10627972374235871,2.0795257915854637,3.3362631857291203,0.14953451887838454,0.13345052742882968
28.632504612265247,9.0,28.632504612265247,4.999903889195775,0.10631586935999496,2.0813642626234627,3.3381016002584123,0.14961646173772758,0.13352406400990913
28.652504612265247,9.0,28.652504612265247,4.999903887559418,0.10635200502759379,2.083202833080895,3.339940114197108,0.1496984088851563,0.13359760456802597
28.67250461226525,9.0,28.67250461226525,4.999903885922961,0.10638813077607832,2.085041502635065,3.3417787272615582,0.14978036029660236,0.13367114909026392
28.692504612265246,9.0,28.692504612265246,4.9999038842863985,0.10642424663664275,2.086880270978329,3.3436174390987032,0.1498623159408945,0.13374469756367158
28.712504612265242,9.0,28.712504612265242,4.999903882649729,0.10646035264030408,2.088719137796993,3.3454562494136084,0.14994427582872683,0.1338182499770235
28.713504612265247,9.0,28.713504612265247,4.999903882567898,0.10646215768214588,2.0888110837099543,3.3455481925096993,0.14994837398923444,0.13382192770309956
28.72950461226525,9.0,28.72950461226525,4.999903881258485,0.10649103501622253,2.0902822517674737,3.3470193153852863,0.15001394499403364,0.1338807726146303
28.74950461226525,9.0,28.74950461226525,4.999903879621615,0.10652712286719604,2.0921212999848744,3.348858307050929,0.15009591268242617,0.13395433228231193
28.769504612265244,9.0,28.769504612265244,4.999903877984646,0.10656320094941221,2.093960445783548,3.350697396408894,0.1501778845975874,0.13402789585586766
28.789504612265247,9.0,28.789504612265247,4.9999038763475765,0.10659926929372744,2.0957996888483494,3.352536582940253,0.15025986061628394,0.13410146331765976
28.809504612265243,9.0,28.809504612265243,4.9999038747104025,0.10663532793171704,2.0976390289071833,3.3543758665026004,0.15034184083432978,0.13417503465959066
28.829504612265243,9.0,28.829504612265243,4.999903873073129,0.10667137689408353,2.099478465639581,3.356215246738224,0.1504238252091301,0.1342486098694511
28.849504612265243,9.0,28.849504612265243,4.999903871435749,0.10670741621136264,2.101317998729124,3.358054723342715,0.15050581371768312,0.1343221889337998
28.869504612265242,9.0,28.869504612265242,4.999903869798266,0.10674344591440388,2.10315762787006,3.359894295984358,0.15058780633648539,0.13439577183937496
28.88950461226524,9.0,28.88950461226524,4.999903868160678,0.10677946603435785,2.104997352773397,3.3617339643911195,0.15066980308540834,0.13446935857599962
28.90950461226524,9.0,28.90950461226524,4.999903866522995,0.10681547660173851,2.106837173126005,3.3635737282611555,0.1507518039323994,0.13454294913057863
28.92950461226524,9.0,28.92950461226524,4.999903864885212,0.10685147764687536,2.10867708860554,3.3654135872443858,0.15083380883967434,0.13461654348922145
28.949504612265237,9.0,28.949504612265237,4.9999038632473205,0.10688746920087938,2.110517098925003,3.3672535410578446,0.15091581784268548,0.13469014164271564
28.96950461226524,9.0,28.96950461226524,4.999903861609333,0.10692345129401354,2.1123572037727474,3.369093589440726,0.1509978309073141,0.13476374357733198
28.970504612265238,9.0,28.970504612265238,4.999903861527437,0.10692525015069357,2.1124492114803277,3.369185594324945,0.15100193170792364,0.134767423775185
28.98650461226524,9.0,28.98650461226524,4.999903860216971,0.10695402865680642,2.1139213669526757,3.3706577045908266,0.15106754510858966,0.1348263081829187
29.00650461226524,9.0,29.00650461226524,4.999903858578791,0.10698999332839772,2.1157616458902746,3.3724979270104494,0.15114956567150628,0.13489991708075197
29.026504612265242,9.0,29.026504612265242,4.999903856940517,0.10702594862602549,2.117602018480192,3.3743382431641695,0.15123159026976474,0.13497352972661447
29.046504612265238,9.0,29.046504612265238,4.999903855302146,0.107061894580039,2.119442484417193,3.3761786525918396,0.1513136188047952,0.13504714610385135
29.066504612265234,9.0,29.066504612265234,4.999903853663672,0.10709783122122912,2.121283043411175,3.378019155098571,0.15139565135359412,0.13512076620386135
29.086504612265237,9.0,29.086504612265237,4.999903852025097,0.10713375857974365,2.123123695152794,3.3798597503664136,0.15147768789216642,0.13519439001493333
29.106504612265237,9.0,29.106504612265237,4.999903850386432,0.1071696766860082,2.1249644393416256,3.3817004380667233,0.15155972838516396,0.1352680175232728
29.126504612265233,9.0,29.126504612265233,4.999903848747665,0.10720558557024289,2.1268052756772566,3.3835412179289452,0.1516417728264976,0.13534164871669507
29.146504612265236,9.0,29.146504612265236,4.999903847108801,0.1072414852627265,2.1286462038533367,3.3853820895941666,0.15172382120137518,0.13541528358362373
29.166504612265236,9.0,29.166504612265236,4.99990384546984,0.10727737579375778,2.130487223574732,3.387223052849644,0.15180587353631614,0.1354889221140265
29.18650461226523,9.0,29.18650461226523,4.99990384383078,0.10731325719346635,2.1323283345397037,3.3890641073311634,0.15188792976016385,0.13556256429295233
29.206504612265235,9.0,29.206504612265235,4.99990384219162,0.1073491294919549,2.1341695364449196,3.3909052527545853,0.15196998989321564,0.13563621011017868
29.22650461226523,9.0,29.22650461226523,4.999903840552368,0.1073849927194732,2.136010828994794,3.392746488836521,0.1520520539221759,0.13570985955370538
29.227504612265236,9.0,29.227504612265236,4.9999038404704095,0.10738678564306937,2.1361028959849655,3.392838553008755,0.15205615716031362,0.13571354211817604
29.243504612265237,9.0,29.243504612265237,4.999903839158935,0.1074154693523878,2.137575998663754,3.394311610481947,0.15212181131287705,0.13577246441942045
29.263504612265233,9.0,29.263504612265233,4.9999038375195,0.10745131587800606,2.1394174581287877,3.396153013493045,0.15220388254212547,0.13584612053992504
29.283504612265233,9.0,29.283504612265233,4.9999038358799766,0.10748715341770296,2.141259007359789,3.397994506245674,0.1522859575749138,0.13591978025000118
29.30350461226523,9.0,29.30350461226523,4.999903834240356,0.10752298200176844,2.143100646072808,3.399836088480701,0.15236803642564212,0.13599344353835638
29.323504612265232,9.0,29.323504612265232,4.999903832600635,0.10755880166018351,2.1449423739701095,3.4016777598784675,0.15245011910844175,0.13606711039506814
29.343504612265228,9.0,29.343504612265228,4.99990383096083,0.10759461242307938,2.146784190773545,3.403519520237304,0.1525322056407452,0.13614078081000958
29.363504612265228,9.0,29.363504612265228,4.999903829320929,0.10763041431987468,2.1486260961557906,3.4053613691545466,0.1526142959171981,0.13621445476587213
29.38350461226523,9.0,29.38350461226523,4.999903827680931,0.10766620738071962,2.150468089836731,3.4072033063465863,0.1526963899820375,0.13628813225352776
29.403504612265227,9.0,29.403504612265227,4.999903826040841,0.1077019916352964,2.1523101715186757,3.409045331559298,0.15277848784062487,0.13636181326222643
29.423504612265226,9.0,29.423504612265226,4.999903824400656,0.10773776711333942,2.154152340900517,3.410887444483913,0.15286058945914704,0.13643549777948755
29.44350461226523,9.0,29.44350461226523,4.999903822760377,0.10777353384448399,2.1559945976835038,3.412729644794776,0.15294269479828193,0.13650918579131865
29.463504612265226,9.0,29.463504612265226,4.999903821120009,0.10780929185844247,2.1578369415712553,3.414571932201576,0.15302480388872008,0.1365828772887338
29.48350461226522,9.0,29.48350461226522,4.999903819479546,0.1078450411850638,2.1596793722819423,3.4164143064842256,0.15310691670924448,0.1366565722590787
29.484504612265226,9.0,29.484504612265226,4.999903819397527,0.10784682842337588,2.159771496063461,3.4165064273629393,0.1531110223724581,0.13666025709577306
29.500504612265228,9.0,29.500504612265228,4.999903818085086,0.10787542130408821,2.161245506410166,3.417980392645983,0.15317671551730294,0.13671921570567416
29.520504612265228,9.0,29.520504612265228,4.9999038164444505,0.10791115463674479,2.163088096941222,3.419822926663644,0.15325883512443572,0.1367929170662443
29.540504612265227,9.0,29.540504612265227,4.999903814803726,0.10794687936635335,2.1649307734496226,3.4216655466965857,0.15334095847476736,0.13686662186828286
29.560504612265227,9.0,29.560504612265227,4.999903813162911,0.10798259552212044,2.166773535631106,3.4235082524411373,0.15342308549523387,0.13694033009784531
29.580504612265223,9.0,29.580504612265223,4.99990381152201,0.10801830313366258,2.168616383195273,3.4253510435383885,0.1535052161401227,0.13701404174125315
29.600504612265222,9.0,29.600504612265222,4.999903809881013,0.10805400223030419,2.1704593158431424,3.4271939197117813,0.1535873504381584,0.13708775678862406
29.620504612265222,9.0,29.620504612265222,4.999903808239929,0.10808969284168207,2.172302333295392,3.429036880718974,0.15366948838434347,0.137161475228744
29.64050461226522,9.0,29.64050461226522,4.999903806598755,0.1081253749968868,2.174145435240133,3.430879926203028,0.153751629932106,0.1372351970484863
29.66050461226522,9.0,29.66050461226522,4.99990380495749,0.10816104872545415,2.1759886213984996,3.432723055902785,0.153833775084814,0.13730892223624472
29.68050461226522,9.0,29.68050461226522,4.999903803316139,0.108196714056784,2.177831891484348,3.4345662695317167,0.1539159238381631,0.1373826507814272
29.70050461226522,9.0,29.70050461226522,4.9999038016747,0.10823237101980483,2.1796752451860377,3.4364095667903944,0.15399807615957894,0.137456382671026
29.720504612265216,9.0,29.720504612265216,4.999903800033167,0.10826801964399924,2.181518682225859,3.438252947360365,0.1540802320539647,0.13753011789476885
29.74050461226522,9.0,29.74050461226522,4.999903798391546,0.10830365995850001,2.183362202305465,3.4400964110133647,0.15416239151209976,0.13760385644050943
29.741504612265217,9.0,29.741504612265217,4.999903798309469,0.10830544175644785,2.183454380475099,3.4401885863648727,0.1541664994921068,0.1376075434514034
29.75750461226522,9.0,29.75750461226522,4.99990379699611,0.10833394771364986,2.1849292594248424,3.4416634201054768,0.15423222974415474,0.13766653680405455
29.777504612265222,9.0,29.777504612265222,4.999903795354323,0.108369572732484,2.1867729323858938,3.443507036643152,0.15431439579239936,0.13774028146585798
29.79750461226522,9.0,29.79750461226522,4.999903793712458,0.10840518952415296,2.188616687536653,3.4453507353569566,0.1543965653072914,0.13781402941424323
29.817504612265218,9.0,29.817504612265218,4.999903792070502,0.10844079811833539,2.1904605246145414,3.4471945159813133,0.15447873831206493,0.1378877806390261
29.83750461226522,9.0,29.83750461226522,4.999903790428461,0.10847639854384095,2.192304443318606,3.449038378237126,0.15456091481449574,0.13796153512964268
29.857504612265217,9.0,29.857504612265217,4.999903788786333,0.10851199082990276,2.194148443371115,3.4508823218426894,0.1546430947848041,0.13803529287301827
29.877504612265216,9.0,29.877504612265216,4.999903787144121,0.10854757500533226,2.1959925244754324,3.4527263464891407,0.15472527824097715,0.13810905386039354
29.897504612265212,9.0,29.897504612265212,4.999903785501822,0.10858315109948226,2.197836686361738,3.454570451970223,0.15480746515295163,0.1381828180782782
29.917504612265216,9.0,29.917504612265216,4.9999037838594385,0.10861871914039038,2.199680928697215,3.456414637830652,0.1548896554612469,0.1382565855132933
29.937504612265215,9.0,29.937504612265215,4.999903782216965,0.10865427915776821,2.20152525123909,3.4582589039454783,0.15497184924325946,0.13833035615762954
29.95750461226521,9.0,29.95750461226521,4.999903780574415,0.1086898311801329,2.20336965367661,3.46010324994076,0.1550540464233714,0.13840412999757776
29.977504612265214,9.0,29.977504612265214,4.999903778931777,0.10872537523619259,2.205214135723108,3.461947675546739,0.15513624700766337,0.13847790702206092
29.99750461226521,9.0,29.99750461226521,4.999903777289053,0.10876091135495491,2.207058697100166,3.463792180497165,0.155218450991917,0.13855168722027772
29.998504612265215,9.0,29.998504612265215,4.999903777206922,0.10876268795327465,2.2071509272570546,3.4638844079214355,0.15522256137112267,0.13855537631706266
30.014504612265217,9.0,30.014504612265217,4.99990377589268,0.1087911108358774,2.2086266363864766,3.4653600717516997,0.1552883268706,0.13861440286923707
30.034504612265213,9.0,30.034504612265213,4.999903774249801,0.10882663234687748,2.2104713437920585,3.467204722746042,0.1553705371906826,0.1386881889099478
30.054504612265212,9.0,30.054504612265212,4.999903772606834,0.10886214600171336,2.2123161296757186,3.4690494522302964,0.1554527508112471,0.1387619780900988
30.074504612265216,9.0,30.074504612265216,4.999903770963792,0.1088976518296416,2.214160993780456,3.470894259921737,0.15553496772005038,0.13883577039711273
30.09450461226521,9.0,30.09450461226521,4.999903769320667,0.10893314985929232,2.2160059358164204,3.4727391455057575,0.155617187937094,0.13890956582047953
30.114504612265208,9.0,30.114504612265208,4.999903767677458,0.10896864011935165,2.2178509555069232,3.47458410876584,0.1556994114739534,0.13898336434908865
30.13450461226521,9.0,30.13450461226521,4.999903766034169,0.10900412263836705,2.219696052565888,3.476429149358105,0.15578163833669811,0.13905716597448237
30.15450461226521,9.0,30.15450461226521,4.999903764390799,0.10903959744473701,2.221541226697454,3.478274267118148,0.1558638685300191,0.13913097068565916
30.174504612265206,9.0,30.174504612265206,4.999903762747345,0.10907506456694124,2.2233864776235275,3.4801194616188655,0.1559461019223496,0.13920477846409848
30.194504612265206,9.0,30.194504612265206,4.99990376110381,0.10911052403375464,2.225231805066061,3.48196473259198,0.1560283386062189,0.13927858930436848
30.21450461226521,9.0,30.21450461226521,4.999903759460194,0.10914597587351292,2.227077208742412,3.483810079887415,0.15611057858153465,0.13935240319548534
30.234504612265205,9.0,30.234504612265205,4.999903757816499,0.10918142011435902,2.2289226883515227,3.4856555030536307,0.15619282175167615,0.1394262201226101
30.2545046122652,9.0,30.2545046122652,4.999903756172725,0.10921685678511593,2.2307682436311436,3.487501001922801,0.15627506816553938,0.13950004007620362
30.274504612265204,9.0,30.274504612265204,4.9999037545288685,0.10925228591382007,2.2326138742846213,3.4893465761278084,0.15635731779201278,0.13957386304525832
30.275504612265202,9.0,30.275504612265202,4.999903754446681,0.10925405717297007,2.2327061577998477,3.4894388569070265,0.15636143043673156,0.13957755427601778
30.291504612265207,9.0,30.291504612265207,4.999903753131535,0.10928239476380847,2.234182719355437,3.4909153732124913,0.15642723238614842,0.1396366149279877
30.311504612265207,9.0,30.311504612265207,4.999903751487529,0.1093178100152172,2.236028488747026,3.4927610862201797,0.15650948804043652,0.1397104434494249
30.331504612265206,9.0,30.331504612265206,4.999903749843444,0.10935321780465325,2.237874332677766,3.494606873777697,0.15659174679600163,0.13978427495060017
30.351504612265202,9.0,30.351504612265202,4.999903748199285,0.10938861816084755,2.2397202508869287,3.4964527355239903,0.1566740086644418,0.13985810942080842
30.371504612265205,9.0,30.371504612265205,4.999903746555044,0.1094240111125054,2.2415662431211603,3.4982986713608755,0.156756273743476,0.13993194685406077
30.3915046122652,9.0,30.3915046122652,4.999903744910731,0.10945939668729694,2.2434123090738898,3.5001446808985452,0.15683854194608382,0.14000578723627752
30.4115046122652,9.0,30.4115046122652,4.999903743266336,0.1094947749135868,2.245258448472563,3.501990763907791,0.1569208132848634,0.14007963055663603
30.431504612265204,9.0,30.431504612265204,4.999903741621865,0.10953014581928755,2.2471046610275227,3.5038369200451704,0.15700308770721283,0.1401534768012191
30.4515046122652,9.0,30.4515046122652,4.999903739977319,0.1095655094329693,2.248950946481189,3.505683149061836,0.15708536525792471,0.14022732596220114
30.4715046122652,9.0,30.4715046122652,4.99990373833269,0.1096008657822796,2.2507973045300176,3.5075294507196344,0.15716764592757326,0.1403011780290028
30.491504612265196,9.0,30.491504612265196,4.999903736687988,0.10963621489529388,2.252643734901825,3.509375824694093,0.15724992966536644,0.14037503298854165
30.5115046122652,9.0,30.5115046122652,4.999903735043208,0.1096715568003383,2.2544902373255025,3.5112222707195606,0.15733221645280304,0.14044889082831516
30.531504612265195,9.0,30.531504612265195,4.999903733398355,0.10970689152507136,2.2563368115100952,3.5130687884706795,0.15741450630258824,0.14052275153930815
30.5325046122652,9.0,30.5325046122652,4.999903733316117,0.10970865807330318,2.2564291420956395,3.513161116241985,0.15741862085019198,0.14052644464884603
30.5485046122652,9.0,30.5485046122652,4.999903732000175,0.1097369204164323,2.2579064557776194,3.514638384833249,0.15748445505625197,0.1405855353927778
30.5685046122652,9.0,30.5685046122652,4.9999037303551725,0.10977224193167376,2.2597531620038245,3.516485034627031,0.15756675053402125,0.14065940138485072
30.588504612265197,9.0,30.588504612265197,4.9999037287101,0.10980755634623386,2.261599939198118,3.5183317554257156,0.1576490490602922,0.14073327021682314
30.6085046122652,9.0,30.6085046122652,4.9999037270649564,0.1098428636877907,2.2634467870676547,3.520178546907045,0.15773135058669419,0.14080714187683657
30.628504612265196,9.0,30.628504612265196,4.999903725419738,0.1098781639845593,2.2652937053547784,3.5220254088043657,0.15781365509100742,0.14088101635210212
30.648504612265196,9.0,30.648504612265196,4.999903723774447,0.10991345726421364,2.2671406937805028,3.5238723408166153,0.15789596257591798,0.1409548936325695
30.668504612265195,9.0,30.668504612265195,4.999903722129079,0.10994874355479677,2.2689877520740938,3.5257193427159055,0.15797827305914391,0.14102877370895076
30.688504612265195,9.0,30.688504612265195,4.999903720483637,0.1099840228836149,2.2708348799357703,3.527566414195953,0.1580605864910034,0.14110265656813709
30.708504612265195,9.0,30.708504612265195,4.99990371883812,0.11001929527868039,2.2726820771050034,3.5294135549684826,0.1581429028524859,0.14117654219808862
30.728504612265194,9.0,30.728504612265194,4.999903717192534,0.11005456076761977,2.2745293433002516,3.5312607647584056,0.1582252221726521,0.14125043059072925
30.748504612265194,9.0,30.748504612265194,4.999903715546872,0.11008981937840118,2.2763766782565504,3.533108043351169,0.15830754444034723,0.14132432173498244
30.76850461226519,9.0,30.76850461226519,4.999903713901143,0.1101250711382174,2.278224081676557,3.5349553903892748,0.1583898695631376,0.1413982156147231
30.78850461226519,9.0,30.78850461226519,4.999903712255337,0.11016031607490043,2.2800715532954032,3.536802805578513,0.15847219759576214,0.1414721122228895
30.78950461226519,9.0,30.78950461226519,4.999903712173047,0.11016207814283269,2.280163928646193,3.536895178042746,0.1584763141468728,0.14147580712802454
30.805504612265192,9.0,30.805504612265192,4.999903710856352,0.11019026892728441,2.2816419576006246,3.5383731620783436,0.15854217880556742,0.14153492648270485
30.825504612265192,9.0,30.825504612265192,4.999903709210411,0.11022550131385353,2.2834895546554512,3.5402207026481207,0.15862451209740858,0.1416088281064362
30.845504612265195,9.0,30.845504612265195,4.9999037075644,0.110260726956073,2.2853372191341945,3.5420683107588573,0.1587068483597478,0.14168273242981627
30.86550461226519,9.0,30.86550461226519,4.999903705918318,0.1102959458811888,2.2871849507470507,3.5439159859608464,0.15878918746104365,0.1417566394387571
30.885504612265187,9.0,30.885504612265187,4.9999037042721675,0.11033115811690605,2.28903274922947,3.5457637280917127,0.15887152942931793,0.14183054912380214
30.90550461226519,9.0,30.90550461226519,4.9999037026259465,0.11036636369066054,2.2908806143060567,3.547611536783909,0.1589538741944283,0.14190446147128338
30.92550461226519,9.0,30.92550461226519,4.9999037009796545,0.1104015626297097,2.2927285456917295,3.5494594117897824,0.1590362217794894,0.14197837647139824
30.945504612265186,9.0,30.945504612265186,4.999903699333293,0.11043675496159268,2.2945765431200593,3.5513073528407975,0.15911857218167702,0.14205229411399478
30.96550461226519,9.0,30.96550461226519,4.9999036976868645,0.11047194071371293,2.2964246063159273,3.5531553596733443,0.15920092537569985,0.14212621438724563
30.98550461226519,9.0,30.98550461226519,4.999903696040363,0.1105071199134057,2.2982727350036503,3.555003431983883,0.15928328133161562,0.14220013727907457
31.005504612265185,9.0,31.005504612265185,4.999903694393792,0.11054229258812931,2.300120928919474,3.5568515695136864,0.1593656400714687,0.14227406278071514
31.025504612265188,9.0,31.025504612265188,4.999903692747154,0.11057745876523502,2.3019691877911224,3.558699772029051,0.15944800157781192,0.14234799088093364
31.045504612265184,9.0,31.045504612265184,4.999903691100448,0.11061261847160081,2.3038175113241453,3.560548039190253,0.1595303658070666,0.1424219215673218
31.04650461226519,9.0,31.04650461226519,4.999903691018116,0.11061437628721488,2.303909929173284,3.560640454148102,0.1595344841415316,0.14242561817179492
31.062504612265187,9.0,31.062504612265187,4.999903689700699,0.11064249915503652,2.3053886369753287,3.562119117020234,0.1596003776165178,0.14248476468036902
31.082504612265186,9.0,31.082504612265186,4.9999036880538625,0.11067764696308971,2.30723707944535,3.563967503027432,0.1596827468328912,0.1425587001219966
31.102504612265186,9.0,31.102504612265186,4.999903686406959,0.1107127883783244,2.30908558581847,3.565815953060295,0.15976511885041544,0.14263263812248114
31.122504612265182,9.0,31.122504612265182,4.999903684759995,0.1107479234280345,2.3109341558252745,3.56766446668562,0.1598474935367764,0.1427065786672043
31.142504612265185,9.0,31.142504612265185,4.999903683112958,0.11078305213927807,2.3127827891849915,3.5695130436845406,0.15992987092809519,0.1427805217475425
31.16250461226518,9.0,31.16250461226518,4.999903681465857,0.11081817453918585,2.314631485631502,3.5713616837825723,0.16001225097953653,0.14285446735043722
31.18250461226518,9.0,31.18250461226518,4.99990367981869,0.11085329065482724,2.316480244886132,3.5732103866496754,0.16009463369606447,0.14292841546661586
31.202504612265184,9.0,31.202504612265184,4.999903678171454,0.11088840051374602,2.318329066701517,3.57505915214845,0.1601770190857459,0.14300236608532899
31.22250461226518,9.0,31.22250461226518,4.999903676524154,0.11092350414222808,2.3201779507705624,3.57690797982883,0.16025940707603015,0.14307631919377978
31.24250461226518,9.0,31.24250461226518,4.999903674876789,0.11095860156806582,2.3220268968576767,3.578756869588571,0.16034179772743906,0.14315027478343423
31.262504612265182,9.0,31.262504612265182,4.999903673229359,0.11099369281807647,2.323875904685263,3.580605821045303,0.16042419097033944,0.14322423284184002
31.28250461226518,9.0,31.28250461226518,4.99990367158186,0.11102877791901183,2.3257249739666954,3.5824548339884745,0.16050658682569963,0.14329819335911825
31.302504612265174,9.0,31.302504612265174,4.999903669934301,0.11106385689794215,2.32757410443891,3.5843039080949515,0.16058898526215204,0.1433721563237231
31.30350461226518,9.0,31.30350461226518,4.999903669851927,0.11106561068665484,2.3276665625643687,3.584396363418772,0.1605931052082008,0.14337585453436794
31.31950461226518,9.0,31.31950461226518,4.999903668533831,0.11109366923659439,2.329145913243881,3.585875668999872,0.16065902594473203,0.14343502676108486
31.33950461226518,9.0,31.33950461226518,4.999903666886147,0.11112873696133647,2.3309951562378317,3.58772485567841,0.16074142917962386,0.1435089942269986
31.359504612265177,9.0,31.359504612265177,4.999903665238402,0.11116379864069538,2.3328444596486912,3.5895741027216737,0.16082383493820473,0.14358296410853977
31.37950461226518,9.0,31.37950461226518,4.999903663590593,0.11119885430166217,2.3346938232115257,3.5914234099409734,0.1609062432621302,0.14365693639776417
31.399504612265176,9.0,31.399504612265176,4.999903661942721,0.1112339039713066,2.3365432466727603,3.593272777071795,0.16098865411860763,0.14373091108298397
31.419504612265175,9.0,31.419504612265175,4.999903660294788,0.11126894767625146,2.3383927297499736,3.595122203804321,0.1610710674744904,0.14380488815198222
31.439504612265175,9.0,31.439504612265175,4.999903658646789,0.11130398544339097,2.340242272180957,3.596971689893916,0.1611534833557593,0.14387886759612153
31.459504612265174,9.0,31.459504612265174,4.999903656998732,0.11133901729973428,2.342091873707797,3.5988212350941464,0.16123590173951707,0.14395284940400477
31.479504612265174,9.0,31.479504612265174,4.99990365535061,0.11137404327184329,2.3439415340531635,3.600670839099208,0.16131832259027679,0.14402683356365809
31.499504612265174,9.0,31.499504612265174,4.999903653702429,0.11140906338645645,2.3457912529536142,3.6025205016507025,0.16140074593054776,0.144100820066467
31.519504612265173,9.0,31.519504612265173,4.99990365205418,0.11144407767021737,2.3476410301257133,3.604370222516469,0.16148317173184923,0.1441748089002725
31.53950461226517,9.0,31.53950461226517,4.999903650405875,0.1114790861501028,2.349490865329144,3.606220001369208,0.16156559997144382,0.14424880005445687
31.559504612265172,9.0,31.559504612265172,4.999903648757504,0.11151408885273995,2.3513407582885852,3.608069837999086,0.16164803067596312,0.14432279352026253
31.56050461226517,9.0,31.56050461226517,4.999903648675089,0.11151583883646428,2.35143325443339,3.6081623312641384,0.1616521523998422,0.14432649325921518
31.576504612265172,9.0,31.576504612265172,4.9999036473563505,0.11154383662753187,2.352913212515342,3.609642244445271,0.16171809871861909,0.14438568977694893
31.596504612265175,9.0,31.596504612265175,4.999903645707866,0.11157882871191012,2.354763211593198,3.6114921870917485,0.16180053379567316,0.14445968748330404
31.616504612265175,9.0,31.616504612265175,4.999903644059321,0.11161381509539373,2.356613267686996,3.613342186872954,0.16188297141907904,0.14453368747545273
31.63650461226517,9.0,31.63650461226517,4.999903642410721,0.11164879580366063,2.3584633804943627,3.615192243367033,0.1619654113907032,0.1446076897346249
31.656504612265167,9.0,31.656504612265167,4.999903640762062,0.11168377086403838,2.360313549781848,3.6170423563150655,0.16204785374552122,0.14468169425285168
31.67650461226517,9.0,31.67650461226517,4.999903639113338,0.11171874030255471,2.3621637752567386,3.618892525483146,0.16213029847218152,0.14475570101895768
31.69650461226517,9.0,31.69650461226517,4.999903637464561,0.11175370414597043,2.3640140566682093,3.620742750559435,0.16221274555242648,0.1448297100224513
31.716504612265165,9.0,31.716504612265165,4.999903635815723,0.11178866242064837,2.365864393743521,3.622593031330866,0.16229519499099565,0.14490372125308482
31.73650461226517,9.0,31.73650461226517,4.9999036341668255,0.11182361515314147,2.367714786220816,3.624443367488722,0.16237764675947353,0.14497773469991967
31.756504612265168,9.0,31.756504612265168,4.999903632517866,0.11185856237009885,2.3695652338454467,3.6262937588096333,0.16246010085682272,0.14505175035245912
31.776504612265164,9.0,31.776504612265164,4.999903630868854,0.11189350409762665,2.3714157363327186,3.6281442049804706,0.16254255725523037,0.1451257681995875
31.796504612265167,9.0,31.796504612265167,4.999903629219782,0.1119284403623749,2.3732662934365583,3.629994705771286,0.16262501595558265,0.1451997882307557
31.816504612265163,9.0,31.816504612265163,4.999903627570652,0.11196337119062835,2.3751169048811076,3.6318452609054908,0.16270747694420362,0.14527381043580154
31.817504612265168,9.0,31.817504612265168,4.999903627488201,0.1119651175892944,2.37520943684645,3.631937789914137,0.16271159999812657,0.14527751160098917
31.83350461226517,9.0,31.83350461226517,4.999903626168858,0.11199305814041222,2.3766899671659045,3.6334182754541335,0.16277757070411436,0.14533673101749447
31.853504612265166,9.0,31.853504612265166,4.9999036245196145,0.11202797898050156,2.378540678440758,3.635268930298584,0.16286003576338226,0.14541075721172622
31.873504612265165,9.0,31.873504612265165,4.999903622870319,0.11206289445972734,2.3803914433341755,3.637119638881952,0.16294250324033377,0.14548478555608438
31.89350461226517,9.0,31.89350461226517,4.999903621220977,0.11209780460392939,2.38224226155702,3.63897040082548,0.16302497294906448,0.14555881603317825
31.913504612265164,9.0,31.913504612265164,4.999903619571567,0.11213270943948499,2.3840931328527595,3.6408212158008024,0.16310744486290085,0.1456328486318614
31.93350461226516,9.0,31.93350461226516,4.999903617922107,0.11216760899270248,2.385944056955495,3.6426720836043445,0.1631899190208861,0.14570688334412193
31.95350461226516,9.0,31.95350461226516,4.999903616272593,0.11220250328978841,2.387795033605024,3.6445230039553436,0.16327239538788518,0.14578092015844057
31.973504612265163,9.0,31.973504612265163,4.999903614623022,0.1122373923569603,2.389646062534233,3.6463739765996,0.16335487394153536,0.14585495906331192
31.99350461226516,9.0,31.99350461226516,4.999903612973393,0.1122722762202983,2.3914971434755348,3.648225001229754,0.1634373546801069,0.14592900004923695
32.01350461226516,9.0,32.01350461226516,4.999903611323713,0.11230715490629922,2.393348276180409,3.6500760776549033,0.16351983761243316,0.14600304310626075
32.03350461226516,9.0,32.03350461226516,4.999903609673976,0.11234202844118724,2.39519946038982,3.651927205569641,0.16360232270580388,0.14607708822368978
32.05350461226516,9.0,32.05350461226516,4.999903608024181,0.11237689685085757,2.397050695831082,3.6537783847446277,0.16368480993221057,0.14615113538904076
32.073504612265154,9.0,32.073504612265154,4.999903606374337,0.11241176016145984,2.3989019822446136,3.655629614825699,0.16376729929215084,0.14622518459348474
32.07450461226516,9.0,32.07450461226516,4.9999036062918485,0.1124135031939881,2.3989945479162667,3.6557221778041766,0.16377142394148914,0.14622888711214033
32.090504612265164,9.0,32.090504612265164,4.999903604971934,0.11244138998560112,2.4004756155585945,3.6572032002582877,0.1638374168203245,0.14628812801029736
32.11050461226516,9.0,32.11050461226516,4.999903603321986,0.11247624393265374,2.402326995620406,3.6590545240859162,0.16391991022214847,0.14636218096309378
32.13050461226516,9.0,32.13050461226516,4.9999036016719876,0.11251109285456222,2.4041784258822108,3.660905898077758,0.16400240565893198,0.14643623592283223
32.15050461226516,9.0,32.15050461226516,4.999903600021939,0.11254593677793208,2.406029906114358,3.6627573220259975,0.16408490316960078,0.1465102928808092
32.170504612265155,9.0,32.170504612265155,4.9999035983718345,0.11258077572893496,2.407881436057372,3.6646087956879665,0.16416740277550934,0.14658435182837135
32.19050461226516,9.0,32.19050461226516,4.999903596721678,0.11261560973349023,2.40973301545353,3.666460318830079,0.16424990443602683,0.1466584127525608
32.210504612265154,9.0,32.210504612265154,4.999903595071472,0.11265043881763989,2.411584644035718,3.668311891104269,0.1643324081502613,0.1467324756445801
32.23050461226515,9.0,32.23050461226515,4.999903593421214,0.11268526300737189,2.4134363215509165,3.670163512373366,0.1644149139332538,0.1468065404940804
32.25050461226515,9.0,32.25050461226515,4.999903591770902,0.11272008232865846,2.415288047736207,3.6720151822553078,0.16449742174386017,0.1468806072908043
32.27050461226516,9.0,32.27050461226516,4.999903590120536,0.11275489680751488,2.4171398223359626,3.673866900625074,0.1645799316040133,0.14695467602479173
32.29050461226515,9.0,32.29050461226515,4.999903588470122,0.11278970646975968,2.4189916450855797,3.675718667072061,0.16466244344137215,0.14702874668332935
32.31050461226515,9.0,32.31050461226515,4.999903586819659,0.11282451134143408,2.420843515730565,3.677570481477234,0.16474495731084704,0.14710281925850507
32.33050461226515,9.0,32.33050461226515,4.999903585169145,0.11285931144828475,2.4226954340047233,3.6794223434551814,0.16482747315160373,0.14717689373849158
32.35050461226515,9.0,32.35050461226515,4.999903583518581,0.11289410681661845,2.424547399674807,3.681274252889465,0.1649099910136127,0.14725097011566946
32.37050461226515,9.0,32.37050461226515,4.999903581867961,0.11292889747171554,2.4263994124453663,3.683126209392797,0.16499251079693944,0.14732504837522176
32.39050461226515,9.0,32.39050461226515,4.999903580217296,0.11296368343968947,2.428251472076227,3.684978212748174,0.16507503255680067,0.14739912850998207
32.391504612265145,9.0,32.391504612265145,4.999903580134769,0.11296542261540857,2.4283440762783557,3.685070814120857,0.16507915865762124,0.14740283256423212
32.40750461226515,9.0,32.40750461226515,4.999903578814202,0.11299324784651027,2.429825759416196,3.6865524523013455,0.16514517758632197,0.1474620980916815
32.42750461226515,9.0,32.42750461226515,4.99990357716344,0.11302802521146517,2.431677905062803,3.6884045416658755,0.16522770293240674,0.14753618166673962
32.44750461226515,9.0,32.44750461226515,4.999903575512635,0.11306279796270874,2.4335300968266735,3.6902566771897924,0.16531023023330316,0.14761026708787708
32.467504612265145,9.0,32.467504612265145,4.99990357386178,0.1130975661262003,2.4353823344555217,3.692108858559542,0.1653927594199276,0.14768435434214966
32.48750461226515,9.0,32.48750461226515,4.999903572210876,0.11313232972775404,2.437234617703966,3.693961085541922,0.1654752905287442,0.14775844342231484
32.50750461226515,9.0,32.50750461226515,4.999903570559927,0.11316708879303658,2.4390869463029414,3.695813357918201,0.1655578235233106,0.14783253431611693
32.52750461226515,9.0,32.52750461226515,4.999903568908927,0.11320184334775517,2.4409393199956395,3.697665675331486,0.16564035838345204,0.1479066270136539
32.54750461226514,9.0,32.54750461226514,4.99990356725788,0.11323659341741982,2.442791738517487,3.699518037635737,0.1657228951257801,0.14798072150461417
32.56750461226515,9.0,32.56750461226515,4.999903565606786,0.11327133902811434,2.4446442016291994,3.7013704444720794,0.16580543371731027,0.14805481777911664
32.58750461226514,9.0,32.58750461226514,4.999903563955644,0.11330608020538051,2.4464967090673224,3.7032228956961593,0.16588797418764023,0.14812891582838503
32.60750461226514,9.0,32.60750461226514,4.999903562304457,0.11334081697483642,2.448349260575692,3.705075390970689,0.16597051645601213,0.14820301563865163
32.62750461226514,9.0,32.62750461226514,4.999903560653222,0.11337554936202221,2.45020185589143,3.7069279300298033,0.1660530605448176,0.14827711720113998
32.64750461226514,9.0,32.64750461226514,4.999903559001939,0.11341027739258974,2.452054494761685,3.7087805126766793,0.1661356064664461,0.1483512205067802
32.64850461226514,9.0,32.64850461226514,4.999903558919381,0.11341201368011393,2.452147127836822,3.7088731429227666,0.1661397338525239,0.14835492571970518
32.66450461226515,9.0,32.66450461226515,4.9999035575983255,0.11343979281241441,2.4536292718564763,3.710355241976153,0.16620577188527808,0.14841420967849991
32.684504612265144,9.0,32.684504612265144,4.9999035559469505,0.1134745128508659,2.4554819906305285,3.7122079044972693,0.16628832113110104,0.14848831618050373
32.70450461226514,9.0,32.70450461226514,4.999903554295536,0.11350922860583564,2.45733475223654,3.714060609895632,0.16637087216399116,0.14856242439533737
32.72450461226514,9.0,32.72450461226514,4.99990355264408,0.11354394010256391,2.4591875564085686,3.715913357805857,0.16645342494890425,0.14863653431318416
32.74450461226514,9.0,32.74450461226514,4.999903550992582,0.1135786473670311,2.461040402907281,3.7177661481177937,0.16653597950722787,0.1487106459240852
32.76450461226514,9.0,32.76450461226514,4.9999035493410355,0.11361335042430147,2.4628932914543924,3.7196189804054804,0.16661853577564978,0.1487847592163924
32.78450461226514,9.0,32.78450461226514,4.999903547689443,0.11364804930039002,2.4647462218256124,3.7214718545672785,0.1667010938237432,0.148858874183074
32.80450461226514,9.0,32.80450461226514,4.999903546037809,0.11368274402027417,2.4665991937321077,3.7233247702617263,0.1667836535534215,0.14893299080949113
32.82450461226514,9.0,32.82450461226514,4.999903544386128,0.11371743460959292,2.4684522069345687,3.725177727201002,0.16686621500566146,0.1490071090886015
32.84450461226513,9.0,32.84450461226513,4.999903542734404,0.11375212109417143,2.470305261192319,3.727030725284595,0.16694877820202558,0.14908122901154183
32.86450461226514,9.0,32.86450461226514,4.99990354108264,0.11378680349892586,2.4721583562253158,3.728883764093393,0.16703134303135214,0.1491553505635199
32.88450461226513,9.0,32.88450461226513,4.9999035394308295,0.11382148184973002,2.474011491800395,3.7307368434375525,0.16711390955823968,0.14922947373756504
32.904504612265136,9.0,32.904504612265136,4.999903537778976,0.11385615617174646,2.4758646676532274,3.7325899630919404,0.16719647777347624,0.14930359852421649
32.90550461226513,9.0,32.90550461226513,4.9999035376963885,0.11385788978249388,2.4759573274950806,3.732682620115848,0.1672006060766389,0.1493073047992247
32.92150461226514,9.0,32.92150461226514,4.999903536374874,0.11388562619679368,2.4774398986032735,3.734165146254179,0.16726666200650975,0.14936660585056974
32.941504612265135,9.0,32.941504612265135,4.99990353472294,0.11392029313277921,2.479293148308109,3.7360183397630307,0.16734923327836437,0.1494407335909471
32.96150461226514,9.0,32.96150461226514,4.999903533070964,0.11395495611229965,2.4811464375685954,3.7378715728164513,0.16743180617354958,0.1495148629129231
32.981504612265134,9.0,32.981504612265134,4.999903531418951,0.11398961516089715,2.482999766132453,3.739724845170943,0.16751438067955116,0.1495889938063582
33.00150461226514,9.0,33.00150461226514,4.999903529766892,0.11402427030386665,2.4848531337439814,3.7415781565652426,0.16759695680497555,0.14966312626257078
33.02150461226513,9.0,33.02150461226513,4.9999035281147926,0.11405892156637176,2.486706540146788,3.7434315067808526,0.16767953454605955,0.14973726027163772
33.041504612265136,9.0,33.041504612265136,4.999903526462653,0.1140935689740047,2.4885599850952054,3.745284895538657,0.16776211385650064,0.1498113958212723
33.06150461226513,9.0,33.06150461226513,4.999903524810477,0.11412821255196583,2.4904134683395993,3.747138322567774,0.16784469474071795,0.1498855329022388
33.081504612265135,9.0,33.081504612265135,4.999903523158254,0.11416285232559462,2.4922669896234035,3.748991787656971,0.167927277228495,0.14995967150720835
33.10150461226513,9.0,33.10150461226513,4.999903521505994,0.1141974883198546,2.4941205486801956,3.7508452905574923,0.16800986124603856,0.15003381162172616
33.12150461226513,9.0,33.12150461226513,4.999903519853691,0.11423212056049445,2.4959741452793947,3.7526988309166036,0.16809244678761526,0.15010795323660994
33.14150461226512,9.0,33.14150461226512,4.9999035182013465,0.11426674907254852,2.4978277791629298,3.754552408628557,0.1681750339106638,0.15018209634489843
33.16150461226513,9.0,33.16150461226513,4.9999035165489705,0.11430137388104002,2.4996814500665177,3.756406023342237,0.168257622531236,0.15025624093349912
33.18150461226513,9.0,33.18150461226513,4.99990351489655,0.1143359950115275,2.50153515775272,3.7582596748404122,0.1683402126803344,0.1503303869943321
33.18250461226513,9.0,33.18250461226513,4.999903514813934,0.11433772597211879,2.5016278441080044,3.758352358456225,0.16834434233039364,0.15033409433988232
33.19850461226513,9.0,33.19850461226513,4.999903513491968,0.11436542009907896,2.5031108380033325,3.759835307316351,0.16841041539482138,0.15039341229289516
33.21850461226513,9.0,33.21850461226513,4.999903511839474,0.11440003449151578,2.504964613071034,3.7616890262193925,0.16849300833720848,0.1504675610481494
33.238504612265125,9.0,33.238504612265125,4.9999035101869405,0.11443464527744202,2.5068184241870535,3.7635427811484288,0.1685756027533012,0.15054171124628424
33.25850461226513,9.0,33.25850461226513,4.999903508534372,0.11446925248208181,2.508672271105057,3.765396571915248,0.16865819862244824,0.15061586287620676
33.278504612265124,9.0,33.278504612265124,4.999903506881764,0.11450385613070879,2.510526153584869,3.767250398199692,0.16874079593634184,0.15069001592862066
33.29850461226513,9.0,33.29850461226513,4.9999035052291205,0.11453845624838607,2.5123800713633755,3.7691042598296973,0.1688233946987021,0.1507641703927459
33.31850461226513,9.0,33.31850461226513,4.999903503576437,0.11457305286039114,2.514234024206345,3.7709581564684393,0.1689059948878291,0.15083832625909352
33.338504612265126,9.0,33.338504612265126,4.999903501923718,0.11460764599175192,2.5160880118502766,3.772812087970835,0.16898859653266385,0.15091248351921038
33.35850461226512,9.0,33.35850461226512,4.999903500270963,0.11464223566726084,2.5179420340354435,3.7746660539821955,0.1690711995409937,0.15098664215848465
33.378504612265125,9.0,33.378504612265125,4.99990349861817,0.11467682191257884,2.5197960905331307,3.7765200542854163,0.1691538039948146,0.15106080217272058
33.39850461226512,9.0,33.39850461226512,4.999903496965339,0.11471140475242986,2.5216501810803074,3.778374088723774,0.16923640983336297,0.1511349635478501
33.418504612265124,9.0,33.418504612265124,4.999903495312474,0.11474598421175862,2.5235043054202677,3.7802281568394975,0.16931901701378105,0.15120912627390798
33.43850461226512,9.0,33.43850461226512,4.999903493659574,0.11478056031588472,2.525358463311778,3.782082258616493,0.169401625630079,0.1512832903449383
33.45850461226512,9.0,33.45850461226512,4.999903492006633,0.1148151330899024,2.527212654514853,3.7839363936538835,0.16948423555331438,0.15135745574571552
33.47850461226512,9.0,33.47850461226512,4.999903490353664,0.11484970255849426,2.529066878756772,3.785790561724157,0.16956684683669776,0.1514316224692978
33.47950461226512,9.0,33.47950461226512,4.999903490271017,0.11485143094582836,2.5291595908451496,3.78588327113281,0.16957097750207062,0.15143533084270577
33.49550461226512,9.0,33.49550461226512,4.999903488948614,0.11487908402609841,2.5306429951286944,3.787366630279337,0.1696370673111578,0.15149466521031885
33.51550461226512,9.0,33.51550461226512,4.9999034872955725,0.11491364744644846,2.53249727988308,3.78922085895109,0.1697196812069106,0.15156883435841756
33.53550461226512,9.0,33.53550461226512,4.9999034856425,0.1149482076322326,2.5343515969471446,3.7910751199087,0.1698022963025816,0.1516430047957757
33.555504612265125,9.0,33.555504612265125,4.999903483989392,0.11498276460907386,2.5362059461012882,3.79292941289288,0.16988491266012185,0.15171717651540734
33.57550461226512,9.0,33.57550461226512,4.999903482336249,0.11501731840173747,2.538060327088243,3.7947837377338383,0.16996753033491374,0.15179134950984385
33.59550461226512,9.0,33.59550461226512,4.999903480683076,0.11505186903523089,2.539914739659631,3.7966380941860494,0.17005014928810236,0.15186552376766724
33.61550461226512,9.0,33.61550461226512,4.999903479029869,0.11508641653462909,2.54176918357856,3.798492481943177,0.17013276948143052,0.15193969927712622
33.635504612265116,9.0,33.635504612265116,4.999903477376628,0.11512096092483569,2.5436236585883876,3.8003469008008457,0.17021539097655713,0.15201387603296643
33.65550461226511,9.0,33.65550461226511,4.999903475723351,0.1151555022307322,2.545478164443765,3.8022013505589456,0.17029801371788245,0.1520880540221945
33.675504612265115,9.0,33.675504612265115,4.9999034740700425,0.11519004047707504,2.5473327008837745,3.8040558308287498,0.17038063764621558,0.15216223323244912
33.69550461226511,9.0,33.69550461226511,4.999903472416699,0.11522457568890677,2.5491872676686356,3.8059103414825866,0.1704632628611238,0.15223641365977844
33.715504612265114,9.0,33.715504612265114,4.9999034707633285,0.11525910789102373,2.551041864544752,3.807764882252767,0.1705458892769578,0.15231059529008192
33.73550461226511,9.0,33.73550461226511,4.999903469109922,0.11529363710852732,2.552896491277953,3.8096194528367073,0.17062851688083658,0.15238477811360931
33.736504612265115,9.0,33.736504612265115,4.999903469027255,0.1152953634915748,2.5529892233971423,3.809712182200942,0.17063264835703285,0.15238848728870458
33.75250461226511,9.0,33.75250461226511,4.99990346770451,0.11532298461483978,2.5544729472625627,3.8111958610912042,0.17069875120175348,0.15244783444239535
33.77250461226511,9.0,33.77250461226511,4.99990346605104,0.11535750837623679,2.5563276285688565,3.813050486277164,0.1707813810783152,0.15252201945087485
33.79250461226511,9.0,33.79250461226511,4.999903464397543,0.11539202922331113,2.5581823389950618,3.8149051406109518,0.17086401210807955,0.15259620562476894
33.812504612265116,9.0,33.812504612265116,4.999903462744016,0.1154265471812158,2.5600370783077073,3.8167598238087748,0.1709466442474188,0.15267039295164903
33.83250461226511,9.0,33.83250461226511,4.999903461090461,0.11546106227471886,2.5618918462647757,3.818614535616082,0.17102927754685782,0.1527445814250097
33.852504612265115,9.0,33.852504612265115,4.999903459436872,0.1154955745288491,2.5637466426198743,3.8204692758837386,0.17111191200842346,0.1528187710350026
33.87250461226511,9.0,33.87250461226511,4.999903457783255,0.11553008396824853,2.5656014671200342,3.8223240442507094,0.17119454757260044,0.1528929617700492
33.89250461226511,9.0,33.89250461226511,4.999903456129605,0.11556459061781989,2.567456319527144,3.8241788405581354,0.17127718427296124,0.15296715362174054
33.91250461226511,9.0,33.91250461226511,4.9999034544759295,0.11559909450210573,2.5693111995781024,3.826033664482567,0.17135982206661837,0.15304134657906493
33.932504612265106,9.0,33.932504612265106,4.999903452822217,0.11563359564609653,2.5711661070390703,3.82788851584887,0.17144246097781113,0.1531155406336252
33.95250461226511,9.0,33.95250461226511,4.999903451168481,0.11566809407430376,2.5730210416501973,3.829743394350399,0.17152510096695717,0.1531897357745579
33.97250461226511,9.0,33.97250461226511,4.999903449514716,0.11570258981158706,2.574876003165655,3.831598299785439,0.17160774202695173,0.1532639319912025
33.99250461226511,9.0,33.99250461226511,4.999903447860921,0.11573708288281241,2.5767309913525307,3.8334532318504184,0.17169038414216398,0.15333812927411064
33.993504612265106,9.0,33.993504612265106,4.9999034477782365,0.1157388074666971,2.57682374144983,3.8335459791188113,0.1716945162472756,0.15334183916496566
34.009504612265104,9.0,34.009504612265104,4.9999034464551775,0.11576639991541277,2.5783077520807134,3.835029944917503,0.17176063077177428,0.15340119779647868
34.02950461226511,9.0,34.02950461226511,4.999903444801324,0.11580088811947631,2.580162788943558,3.8368849256462476,0.1718432748157357,0.15347539702522492
34.04950461226511,9.0,34.04950461226511,4.999903443147448,0.11583537372752258,2.582017851752608,3.8387399323877323,0.1719259199448473,0.15354959729537193
34.069504612265106,9.0,34.069504612265106,4.999903441493541,0.11586985676458848,2.5838729402711142,3.8405949647926776,0.17200856605624204,0.15362379859204375
34.08950461226511,9.0,34.08950461226511,4.9999034398396125,0.11590433725537418,2.5857280542593566,3.842450022702862,0.17209121320285048,0.15369800090865413
34.109504612265106,9.0,34.109504612265106,4.999903438185649,0.1159388152246185,2.587583193472535,3.8443051058363586,0.17217386132563806,0.15377220423282026
34.1295046122651,9.0,34.1295046122651,4.999903436531665,0.1159732906967662,2.5894383576519906,3.846160213898845,0.17225651043908052,0.1538464085564296
34.149504612265105,9.0,34.149504612265105,4.999903434877653,0.1160077636965746,2.5912935465564813,3.848015346748278,0.17233916055237408,0.15392061386980094
34.1695046122651,9.0,34.1695046122651,4.999903433223613,0.11604223424856501,2.5931487599330665,3.8498705040240084,0.17242181161278558,0.15399482016194327
34.1895046122651,9.0,34.1895046122651,4.999903431569546,0.11607670237754739,2.595003997544774,3.851725685581296,0.17250446364001437,0.15406902742330736
34.2095046122651,9.0,34.2095046122651,4.999903429915452,0.11611116810829032,2.5968592591505977,3.8535808910898846,0.17258711658694437,0.15414323564292765
34.2295046122651,9.0,34.2295046122651,4.9999034282613355,0.11614563146495126,2.59871454448308,3.8554361203346508,0.17266977048168664,0.1542174448126749
34.2495046122651,9.0,34.2495046122651,4.999903426607191,0.11618009247253122,2.6005698533161374,3.857291373096346,0.1727524253344659,0.1542916549247482
34.250504612265104,9.0,34.250504612265104,4.99990342652449,0.11618181546181267,2.600662619377243,3.8573841364318104,0.1727565580672552,0.15429536545309006
34.2665046122651,9.0,34.2665046122651,4.999903425201161,0.1162093825000337,2.6021468840964994,3.8588683561787573,0.17282268255541844,0.1543547342475993
34.2865046122651,9.0,34.2865046122651,4.99990342354696,0.11624383922664147,2.604002235754818,3.860723651822493,0.17290533913403494,0.15442894607319207
34.3065046122651,9.0,34.3065046122651,4.999903421892743,0.11627829367392395,2.605857610194766,3.862578970194079,0.1729879965465646,0.15450315880828744
34.3265046122651,9.0,34.3265046122651,4.999903420238508,0.1163127458669071,2.607713007188472,3.8644343111333455,0.17307065482527406,0.154577372444554
34.3465046122651,9.0,34.3465046122651,4.999903418584241,0.11634719582956934,2.6095684264702173,3.8662896743233985,0.1731533139629018,0.15465158697283815
34.366504612265096,9.0,34.366504612265096,4.999903416929952,0.11638164358698168,2.611423867813026,3.868145059622612,0.173235973992939,0.15472580238503927
34.3865046122651,9.0,34.3865046122651,4.99990341527564,0.11641608916367878,2.6132793309727007,3.8700004667340484,0.1733186348476483,0.15480001866868148
34.406504612265095,9.0,34.406504612265095,4.999903413621306,0.11645053258404363,2.6151348156948373,3.8718558953828923,0.17340129654056846,0.1548742358153947
34.42650461226509,9.0,34.42650461226509,4.999903411966943,0.11648497387266557,2.6169903217380983,3.8737113453864143,0.17348395907301462,0.15494845381527966
34.446504612265095,9.0,34.446504612265095,4.999903410312563,0.1165194130538766,2.618845848846705,3.875566816440453,0.17356662241597665,0.15502267265837497
34.4665046122651,9.0,34.4665046122651,4.999903408658157,0.11655385015245515,2.620701396785842,3.8774223083542148,0.17364928655351575,0.15509689233333665
34.486504612265094,9.0,34.486504612265094,4.999903407003728,0.11658828519304547,2.6225569653208214,3.879277820796848,0.1737319514865221,0.1551711128324324
34.5065046122651,9.0,34.5065046122651,4.99990340534928,0.11662271819995543,2.624412554196745,3.881133353673417,0.17381461723533187,0.15524533414653113
34.52650461226509,9.0,34.52650461226509,4.99990340369481,0.11665714919758509,2.626268163161457,3.8829889065624976,0.1738972837121191,0.15531955626278537
34.54650461226509,9.0,34.54650461226509,4.999903402040316,0.11669157821060092,2.62812379198003,3.884844479369497,0.17397995098625696,0.15539377917453304
34.56650461226509,9.0,34.56650461226509,4.999903400385799,0.11672600526319533,2.629979440389003,3.8867000717227413,0.17406261898891695,0.15546800286986812
34.58650461226509,9.0,34.58650461226509,4.99990339873126,0.11676043038013888,2.6318351081671563,3.888555683491543,0.17414528773788063,0.15554222733899767
34.58750461226509,9.0,34.58750461226509,4.999903398648539,0.11676215158516463,2.6319278920348705,3.888648464386482,0.17414942108134035,0.1555459385784179
34.60350461226509,9.0,34.60350461226509,4.999903397324897,0.11678969022639914,2.633412440844195,3.8901329686355597,0.1742155568771886,0.1556053187455744
34.623504612265094,9.0,34.623504612265094,4.999903395670316,0.11682411182650243,2.635268143779604,3.891988615445627,0.17429822683074847,0.15567954461716835
34.64350461226509,9.0,34.64350461226509,4.999903394015717,0.11685853156086382,2.6371238653915436,3.8938442809958964,0.17438089763395004,0.1557537712409099
34.663504612265086,9.0,34.663504612265086,4.999903392361099,0.11689294945388944,2.638979605433804,3.895699965051832,0.17446356915298877,0.15582799860184085
34.68350461226509,9.0,34.68350461226509,4.9999033907064625,0.11692736552967783,2.640835363643375,3.8975556672037284,0.17454624130516816,0.15590222668730733
34.703504612265085,9.0,34.703504612265085,4.9999033890518065,0.1169617798127223,2.6426911397805015,3.899411387322263,0.1746289141846935,0.15597645549288536
34.72350461226509,9.0,34.72350461226509,4.999903387397128,0.11699619232750012,2.6445469336042797,3.9012671251398885,0.17471158772611006,0.15605068500602612
34.743504612265085,9.0,34.743504612265085,4.999903385742433,0.11703060309864292,2.6464027448787144,3.9031228803932283,0.17479426191532732,0.15612491521680633
34.76350461226509,9.0,34.76350461226509,4.99990338408772,0.11706501215048123,2.6482585733577757,3.9049786528815686,0.17487693673534643,0.1561991461143766
34.783504612265084,9.0,34.783504612265084,4.999903382432987,0.1170994195071492,2.6501144187811216,3.9068344422476056,0.1749596121747672,0.15627337768991884
34.80350461226509,9.0,34.80350461226509,4.999903380778232,0.11713382519306849,2.651970280904901,3.9086902483938015,0.17504228828064528,0.15634760993578925
34.82350461226508,9.0,34.82350461226508,4.999903379123463,0.11716822923291896,2.653826159504317,3.910546070980625,0.17512496496440733,0.15642184283875318
34.84350461226508,9.0,34.84350461226508,4.999903377468671,0.11720263165126173,2.655682054338009,3.912401909793856,0.1752076422801938,0.15649607639306484
34.844504612265084,9.0,34.844504612265084,4.999903377385937,0.1172043517303842,2.655774849520626,3.912494702376383,0.1752117762270502,0.15649978808981124
34.86050461226509,9.0,34.86050461226509,4.999903376062095,0.11723187244889555,2.6572595774654726,3.9139793851940308,0.17527791821545735,0.15655917540802755
34.880504612265085,9.0,34.880504612265085,4.999903374407265,0.11726627193164274,2.659115501693053,3.9158352535438588,0.17536059677720806,0.15663341014139662
34.90050461226508,9.0,34.90050461226508,4.999903372752427,0.1173006698614273,2.660971441418049,3.9176911372835965,0.1754432757641209,0.15670764549166233
34.920504612265084,9.0,34.920504612265084,4.999903371097572,0.11733506626304205,2.662827396412081,3.919547036305914,0.1755259552767845,0.15678188145214228
34.94050461226508,9.0,34.94050461226508,4.9999033694426975,0.11736946116122762,2.6646833664564604,3.9214029503365144,0.1756086353206079,0.1568561180135011
34.96050461226508,9.0,34.96050461226508,4.999903367787808,0.11740385458035334,2.666539351309301,3.9232588791989826,0.17569131591178855,0.15693035516686657
34.98050461226508,9.0,34.98050461226508,4.999903366132899,0.11743824654445566,2.668395350702155,3.9251148225904116,0.17577399704553875,0.1570045929044025
35.00050461226508,9.0,35.00050461226508,4.999903364477975,0.1174726370779627,2.670251364407269,3.92697078034961,0.17585667869257815,0.15707883121370517
35.02050461226508,9.0,35.02050461226508,4.999903362823035,0.11750702620539387,2.6721073921838014,3.928826752107245,0.17593936081080863,0.15715307008424423
35.04050461226508,9.0,35.04050461226508,4.999903361168083,0.11754141395094973,2.6739634337830354,3.9306827377410656,0.17602204345828154,0.15722730950927907
35.06050461226508,9.0,35.06050461226508,4.999903359513112,0.11757580033898198,2.6758194889621763,3.932538736938546,0.1761047265805824,0.15730154947772265
35.080504612265074,9.0,35.080504612265074,4.999903357858128,0.11761018539375354,2.677675557473494,3.9343947494847074,0.17618741017138473,0.15737578997921356
35.10050461226508,9.0,35.10050461226508,4.999903356203129,0.11764456913981762,2.6795316390913078,3.93625077511134,0.17627009422072915,0.15745003100444338
35.101504612265074,9.0,35.101504612265074,4.999903356120384,0.11764628829319472,2.6796244435118153,3.936343576772899,0.17627422842575724,0.15745374306902724
35.11750461226508,9.0,35.11750461226508,4.999903354796372,0.11767379431269355,2.681109318562098,3.9378284070000156,0.17634037598022623,0.15751313628075897
35.13750461226508,9.0,35.13750461226508,4.99990335314134,0.11770817570155784,2.6829654237701197,3.9396844562530027,0.17642306089572068,0.15758737825088717
35.15750461226508,9.0,35.15750461226508,4.999903351486298,0.1177425558504287,2.684821541356476,3.941540517887111,0.17650574621297221,0.15766162071552423
35.177504612265075,9.0,35.177504612265075,4.999903349831245,0.11777693478427,2.686677671115683,3.9433965916636846,0.17658843194501306,0.15773586366682046
35.19750461226507,9.0,35.19750461226507,4.999903348176173,0.11781131252723445,2.688533812796304,3.9452526773966747,0.17667111808839842,0.15781010709490265
35.217504612265074,9.0,35.217504612265074,4.999903346521091,0.1178456891033354,2.690389966140046,3.9471087747520572,0.17675380462219703,0.1578843509903282
35.23750461226507,9.0,35.23750461226507,4.999903344865997,0.11788006453703748,2.692246130914379,3.948964883612001,0.17683649157393577,0.1579585953444737
35.25750461226507,9.0,35.25750461226507,4.999903343210885,0.11791443885270007,2.6941023068813186,3.950821003602583,0.17691917885255326,0.15803284014353117
35.277504612265076,9.0,35.277504612265076,4.999903341555766,0.11794881207454146,2.695958493794691,3.952677134563743,0.17700186652992644,0.1581070853821414
35.29750461226507,9.0,35.29750461226507,4.999903339900629,0.11798318422675984,2.6978146914048007,3.954533276224022,0.177084554572986,0.1581813310500083
35.31750461226507,9.0,35.31750461226507,4.999903338245487,0.11801755533360214,2.6996708994701932,3.9563894283798247,0.17716724294317387,0.1582555771348305
35.33750461226507,9.0,35.33750461226507,4.999903336590332,0.11805192541961491,2.7015271177601643,3.9582455906763103,0.17724993161285618,0.15832982362642933
35.35750461226507,9.0,35.35750461226507,4.999903334935157,0.1180862945087214,2.703383346018816,3.9601017629989146,0.17733262067189703,0.15840407052082203
35.37750461226507,9.0,35.37750461226507,4.9999033332799785,0.11812066262543368,2.7052395840123786,3.9619579450924483,0.1774153100197755,0.15847831780329916
35.37850461226507,9.0,35.37850461226507,4.999903333197226,0.11812238100600927,2.7053323961528126,3.9620507543687538,0.1774194443613908,0.15848203017228787
35.394504612265074,9.0,35.394504612265074,4.999903331873073,0.11814987477837391,2.7068173937903937,3.963535707311279,0.17748559620099336,0.15854142829313092
35.41450461226507,9.0,35.41450461226507,4.999903330217864,0.11818424115998023,2.708673649150548,3.9653919067453938,0.17756828608344266,0.15861567627027007
35.43450461226507,9.0,35.43450461226507,4.99990332856265,0.11821860663801531,2.7105299135408916,3.967248115196349,0.17765097622392134,0.15868992460660247
35.45450461226507,9.0,35.45450461226507,4.999903326907427,0.1182529712369502,2.712386186732238,3.9691043324143753,0.177733666670832,0.1587641732972378
35.474504612265065,9.0,35.474504612265065,4.999903325252192,0.11828733498127937,2.7142424684892763,3.970960558290711,0.17781635740499668,0.1588384223313987
35.49450461226507,9.0,35.49450461226507,4.999903323596946,0.1183216978948474,2.716098758555628,3.9728167924116558,0.17789904834054182,0.15891267169661336
35.51450461226507,9.0,35.51450461226507,4.999903321941698,0.11835606000216055,2.717955056700258,3.974673034646579,0.1779817395342027,0.1589869213853395
35.53450461226507,9.0,35.53450461226507,4.999903320286433,0.11839042132728385,2.719811362669832,3.976529284680301,0.178064430958343,0.15906117138818315
35.55450461226506,9.0,35.55450461226506,4.999903318631159,0.11842478189427645,2.721667676216747,3.9783855423502392,0.17814712259551113,0.1591354216935992
35.574504612265066,9.0,35.574504612265066,4.999903316975879,0.11845914172770354,2.7235239971131637,3.9802418072836927,0.17822981441184482,0.15920967229166577
35.59450461226506,9.0,35.59450461226506,4.999903315320592,0.11849350085185562,2.7253803251210558,3.982098079411279,0.17831250648072916,0.15928392317682508
35.61450461226506,9.0,35.61450461226506,4.9999033136652935,0.1185278592907088,2.727236659989487,3.9839543583653456,0.17839519867877396,0.15935817433358912
35.63450461226506,9.0,35.63450461226506,4.999903312009983,0.11856221706848467,2.729093001468624,3.9858106439095646,0.1784778910659075,0.15943242575614483
35.63550461226506,9.0,35.63550461226506,4.999903311927226,0.11856393494028188,2.7291858187030105,3.9859034583199837,0.17848202577186978,0.15943613833770753
35.651504612265065,9.0,35.651504612265065,4.999903310602978,0.11859142067786806,2.7306708967448583,3.9873884917587077,0.1785481797817945,0.15949553967029143
35.67150461226507,9.0,35.67150461226507,4.999903308947648,0.11862577729668174,2.7325272498341326,3.9892447888810834,0.17863087240995856,0.15956979155506384
35.691504612265064,9.0,35.691504612265064,4.999903307292314,0.11866013332349629,2.734383608850211,3.991101091991883,0.17871356525719762,0.15964404367980453
35.71150461226506,9.0,35.71150461226506,4.9999033056369795,0.11869448878243813,2.736239973548578,3.992957400806182,0.1787962582345739,0.15971829603236476
35.73150461226506,9.0,35.73150461226506,4.999903303981635,0.11872884369782437,2.7380963436885866,3.9948137150484118,0.17887895131530218,0.15979254860204734
35.75150461226506,9.0,35.75150461226506,4.999903302326282,0.11876319809399266,2.7399527190413857,3.996670034507699,0.17896164450465957,0.15986680137950124
35.77150461226506,9.0,35.77150461226506,4.999903300670928,0.11879755199479963,2.7418090993424347,3.998526358905975,0.17904433780166462,0.15994105435632958
35.79150461226506,9.0,35.79150461226506,4.999903299015561,0.11883190542485628,2.7436654843720953,4.000382688076756,0.1791270312023472,0.16001530752262444
35.81150461226506,9.0,35.81150461226506,4.999903297360194,0.11886625840815689,2.7455218738737392,4.002239021675339,0.17920972466156915,0.16008956086761036
35.83150461226506,9.0,35.83150461226506,4.999903295704816,0.11890061096883817,2.747378267607558,4.004095359554438,0.17929241819418662,0.16016381438156718
35.85150461226505,9.0,35.85150461226505,4.999903294049434,0.118934963131148,2.74923466533056,4.005951701366522,0.17937511176101584,0.1602380680542169
35.871504612265056,9.0,35.871504612265056,4.99990329239405,0.11896931491937758,2.751091066812246,4.007808046975811,0.17945780541444956,0.16031232187899935
35.89150461226505,9.0,35.89150461226505,4.999903290738659,0.11900366635766699,2.7529474717971465,4.00966439611382,0.17954049910261904,0.16038657584489474
35.89250461226506,9.0,35.89250461226506,4.999903290655897,0.11900538392089795,2.753040292138317,4.009757213718345,0.1795446337563429,0.1603902885453695
35.90850461226506,9.0,35.90850461226506,4.999903289331582,0.1190328648229305,2.754525418601369,4.011242295343159,0.17961078861912183,0.16044969181384464
35.92850461226506,9.0,35.92850461226506,4.999903287676174,0.11906721567789924,2.7563818294569273,4.013098650399474,0.1796934824294496,0.16052394601662812
35.948504612265054,9.0,35.948504612265054,4.999903286020765,0.11910156625160466,2.758238243114944,4.014955008213613,0.17977617614622954,0.1605982003279673
35.96850461226506,9.0,35.96850461226506,4.999903284365357,0.1191359165684127,2.7600946593451634,4.016811368547201,0.1798588698448622,0.16067245474245115
35.988504612265054,9.0,35.988504612265054,4.999903282709942,0.11917026665271263,2.761951077916246,4.018667731287756,0.17994156355367785,0.1607467092515011
36.00850461226506,9.0,36.00850461226506,4.999903281054525,0.11920461652866358,2.7638074985802277,4.02052409607544,0.18002425720394122,0.1608209638432508
36.02850461226505,9.0,36.02850461226505,4.9999032793991045,0.11923896622045586,2.7656639211042933,4.022380462757924,0.18010695084616257,0.1608952185109222
36.048504612265056,9.0,36.048504612265056,4.999903277743679,0.11927331575201278,2.7675203452249324,4.0242368310359655,0.18018964440518026,0.16096947324099076
36.06850461226505,9.0,36.06850461226505,4.999903276088254,0.11930766514803304,2.769376770728687,4.02609320065916,0.18027233791205965,0.16104372802635425
36.08850461226505,9.0,36.08850461226505,4.999903274432826,0.11934201443219321,2.771233197347833,4.027949571461757,0.18035503136208053,0.161117982857231
36.10850461226505,9.0,36.10850461226505,4.999903272777395,0.1193763636287447,2.773089624844179,4.029805943069254,0.1804377247158766,0.1611922377234736
36.12850461226505,9.0,36.12850461226505,4.999903271121958,0.11941071276245113,2.7749460530041343,4.031662315445691,0.180520418017045,0.16126649261701675
36.14850461226504,9.0,36.14850461226504,4.99990326946652,0.1194450618567433,2.776802481551389,4.0335186881174625,0.18060311116373873,0.16134074752510089
36.168504612265046,9.0,36.168504612265046,4.999903267811083,0.11947941093612306,2.77865891025438,4.035375061012396,0.18068580423089964,0.1614150024405435
36.18850461226505,9.0,36.18850461226505,4.999903266155645,0.11951376002471444,2.7805153388704467,4.0372314337763235,0.18076849714939325,0.16148925735164366
36.208504612265045,9.0,36.208504612265045,4.999903264500205,0.11954810914711009,2.782371767181481,4.039087806269997,0.18085118994776694,0.16156351225012042
36.20950461226505,9.0,36.20950461226505,4.99990326441744,0.11954982660422671,2.782464588564023,4.0391806247056214,0.18085532451008035,0.1615672249919846
36.22550461226505,9.0,36.22550461226505,4.9999032630930875,0.11957730594584012,2.7839497308238506,4.040665722585996,0.1809214788471909,0.16162662890363513
36.245504612265044,9.0,36.245504612265044,4.999903261437642,0.11961165519334895,2.7858061578623996,4.042522093684256,0.18100417120336632,0.1617008837467129
36.26550461226505,9.0,36.26550461226505,4.999903259782196,0.1196460045437112,2.7876625839120623,4.044378463876606,0.1810868635478653,0.16177513855458928
36.28550461226504,9.0,36.28550461226504,4.999903258126752,0.11968035402077017,2.789519008712419,4.046234832860141,0.1811695557439461,0.1618493933140641
36.30550461226505,9.0,36.30550461226505,4.9999032564713115,0.11971470364844986,2.7913754320054265,4.048091200349706,0.18125224774690185,0.1619236480144744
36.32550461226505,9.0,36.32550461226505,4.999903254815867,0.11974905345112294,2.793231853557987,4.04994756610942,0.18133493953065605,0.161997902644154
36.345504612265046,9.0,36.345504612265046,4.999903253160424,0.11978340345299902,2.7950882731355033,4.051803929841098,0.18141763109029663,0.1620721571937189
36.36550461226504,9.0,36.36550461226504,4.999903251504983,0.11981775367824246,2.7969446904888757,4.053660291402088,0.18150032245444958,0.16214641165521188
36.38550461226504,9.0,36.38550461226504,4.9999032498495435,0.11985210415118074,2.7988011053814286,4.055516650472536,0.18158301359417495,0.16222066601965732
36.40550461226504,9.0,36.40550461226504,4.999903248194102,0.11988645489578979,2.80065751756738,4.057373006895062,0.1816657044980996,0.1622949202759999
36.425504612265044,9.0,36.425504612265044,4.999903246538667,0.11992080593613821,2.8025139267921717,4.059229360296895,0.18174839509930507,0.16236917441160947
36.44550461226504,9.0,36.44550461226504,4.999903244883227,0.119955157296828,2.804370332838586,4.0610857105318106,0.18183108546146487,0.16244342842012227
36.46550461226504,9.0,36.46550461226504,4.9999032432277914,0.11998950900189025,2.806226735454688,4.06294205734244,0.1819137755736735,0.16251768229343558
36.46650461226504,9.0,36.46650461226504,4.999903243145027,0.11999122659668822,2.8063195554954836,4.0630348746446705,0.18191791029783166,0.1625213949930219
36.48250461226504,9.0,36.48250461226504,4.9999032418206815,0.12001870823992865,2.8078046747959107,4.064519949307563,0.1819840619093669,0.1625807979717542
36.50250461226504,9.0,36.50250461226504,4.999903240165246,0.12005306064567915,2.8096610704164666,4.06637628908438,0.182066751445201,0.16265505156269938
36.52250461226504,9.0,36.52250461226504,4.999903238509816,0.12008741346476784,2.8115174619242818,4.068232624833104,0.1821494407710249,0.1627293049941082
36.54250461226504,9.0,36.54250461226504,4.999903236854392,0.12012176672147463,2.8133738490697042,4.070088956217461,0.1822321297096967,0.1628035582475474
36.562504612265045,9.0,36.562504612265045,4.9999032351989685,0.12015612043968599,2.815230231597699,4.071945282917257,0.18231481831250296,0.16287781131717569
36.58250461226504,9.0,36.58250461226504,4.999903233543549,0.12019047464380253,2.81708660928048,4.07380160486666,0.18239750662833742,0.16295206419527927
36.60250461226504,9.0,36.60250461226504,4.999903231888137,0.12022482935816477,2.8189429818819436,4.075657921683937,0.18248019453874775,0.16302631686691788
36.62250461226504,9.0,36.62250461226504,4.999903230232723,0.12025918460665962,2.8207993491409544,4.077514233153947,0.18256288210943294,0.16310056932644001
36.642504612265036,9.0,36.642504612265036,4.999903228577317,0.12029354041392547,2.8226557108387103,4.079370539096189,0.18264556933053866,0.163174821564008
36.66250461226503,9.0,36.66250461226503,4.999903226921918,0.12032789680382855,2.8245120667140577,4.081226839200773,0.18272825613653998,0.16324907356703913
36.682504612265035,9.0,36.682504612265035,4.999903225266518,0.12036225380069669,2.8263684165342413,4.0830831332285085,0.18281094258318742,0.16332332533019955
36.70250461226503,9.0,36.70250461226503,4.999903223611126,0.12039661142863488,2.8282247600484145,4.084939421038045,0.18289362862782665,0.1633975768406831
36.722504612265034,9.0,36.722504612265034,4.999903221955734,0.12043096971198908,2.830081097021881,4.086795702201491,0.18297631422335003,0.1634718280884341
36.74250461226503,9.0,36.74250461226503,4.999903220300352,0.12046532867512472,2.8319374272183735,4.08865197667327,0.18305899945025494,0.16354607906726493
36.76250461226503,9.0,36.76250461226503,4.9999032186449766,0.12049968834211919,2.8337937503904476,4.090508244087048,0.18314168419757682,0.16362032976293187
36.78250461226503,9.0,36.78250461226503,4.999903216989606,0.12053404873693689,2.835650066279457,4.092364504210603,0.18322436851868007,0.16369458016922575
36.783504612265034,9.0,36.783504612265034,4.9999032169068425,0.12053576677623745,2.8357428818806505,4.0924573170321,0.1832285026909073,0.16369829268008737
36.79950461226503,9.0,36.79950461226503,4.999903215582551,0.12056325566325954,2.837227928902488,4.093942319471268,0.18329464982789156,0.16375769277963123
36.819504612265035,9.0,36.819504612265035,4.999903213927189,0.12059761746901389,2.839084230713348,4.0957985655436335,0.1833773332795836,0.16383194262104933
36.83950461226503,9.0,36.83950461226503,4.999903212271832,0.12063198007193733,2.8409405245717405,4.097654803622872,0.1834600162695592,0.1639061921445969
36.859504612265034,9.0,36.859504612265034,4.999903210616486,0.12066634349600441,2.8427968102133683,4.099511033543253,0.18354269880265361,0.16398044134209694
36.87950461226503,9.0,36.87950461226503,4.999903208961146,0.12070070776593192,2.8446530874266927,4.101367255030804,0.18362538081722102,0.16405469020123817
36.89950461226503,9.0,36.89950461226503,4.999903207305812,0.1207350729057506,2.84650935595419,4.103223467820233,0.18370806232773518,0.1641289387140356
36.91950461226503,9.0,36.91950461226503,4.999903205650485,0.12076943893952437,2.8483656155505033,4.105079671710451,0.18379074330248502,0.16420318686812554
36.939504612265026,9.0,36.939504612265026,4.999903203995172,0.12080380589171834,2.8502218659751484,4.1069358663741795,0.18387342373035231,0.1642774346546301
36.95950461226503,9.0,36.95950461226503,4.999903202339861,0.12083817378633897,2.8520781069799996,4.1087920516581775,0.18395610365009185,0.16435168206602568
36.979504612265025,9.0,36.979504612265025,4.999903200684559,0.12087254264810832,2.8539343383443074,4.110648227300808,0.1840387830353558,0.1644259290930758
36.99950461226503,9.0,36.99950461226503,4.99990319902927,0.12090691250083921,2.8557905597998476,4.112504393075808,0.18412146182869416,0.16450017572229547
37.019504612265024,9.0,37.019504612265024,4.999903197373988,0.1209412833690839,2.857646771121504,4.11436054863203,0.18420414002451801,0.16457442194484273
37.03950461226502,9.0,37.03950461226502,4.999903195718712,0.12097565527673665,2.8595029720473484,4.11621669386421,0.18428681768458688,0.16464866775425674
37.05950461226502,9.0,37.05950461226502,4.999903194063447,0.12101002824855943,2.86135916235933,4.118072828463745,0.18436949473848863,0.16472291313862175
37.07950461226502,9.0,37.07950461226502,4.999903192408188,0.12104440230830246,2.8632153417899886,4.119928952199117,0.18445217117922352,0.16479715808781487
37.080504612265024,9.0,37.080504612265024,4.999903192325434,0.12104612104029247,2.8633081504701483,4.120021758075785,0.1844563049225436,0.16480087032130158
37.09650461226503,9.0,37.09650461226503,4.999903191001234,0.12107362113310081,2.864793085589473,4.121506648643254,0.184522445659832,0.164860265946441
37.116504612265025,9.0,37.116504612265025,4.999903189345994,0.12110799727004469,2.8666492442738134,4.1233627516446365,0.1846051209558044,0.1649345100658421
37.13650461226502,9.0,37.13650461226502,4.999903187690763,0.12114237456456281,2.8685053914042347,4.125218843055515,0.18468779561182203,0.16500875372247997
37.156504612265024,9.0,37.156504612265024,4.999903186035548,0.12117675304079319,2.8703615267318696,4.127074922700215,0.18477046963656818,0.1650829969080519
37.17650461226502,9.0,37.17650461226502,4.999903184380343,0.12121113272316954,2.872217650018854,4.128930990291553,0.1848531429770266,0.16515723961061046
37.19650461226502,9.0,37.19650461226502,4.999903182725146,0.12124551363555315,2.8740737610048854,4.130787045560282,0.18493581567110073,0.16523148182369438
37.21650461226502,9.0,37.21650461226502,4.999903181069961,0.12127989580255481,2.87592985945775,4.1326430883836585,0.18501848768949447,0.16530572353491887
37.23650461226502,9.0,37.23650461226502,4.999903179414788,0.12131427924873714,2.8777859451441046,4.134499118334853,0.18510115897104606,0.1653799647333021
37.25650461226502,9.0,37.25650461226502,4.999903177759626,0.12134866399802219,2.8796420178095112,4.1363551353381105,0.185183829616395,0.16545420541451114
37.276504612265015,9.0,37.276504612265015,4.99990317610448,0.12138305007475694,2.881498077209176,4.138211139084245,0.18526649951577,0.16552844556361215
37.29650461226502,9.0,37.29650461226502,4.99990317444934,0.12141743750346046,2.883354123107796,4.1400671292871145,0.18534916866711315,0.16560268517102222
37.316504612265014,9.0,37.316504612265014,4.999903172794216,0.12145182630831805,2.8852101552546183,4.141923105749945,0.18543183710684463,0.16567692422948624
37.33650461226502,9.0,37.33650461226502,4.9999031711391035,0.12148621651381741,2.887066173414737,4.143779068243882,0.18551450482545828,0.16575116273018187
37.337504612265015,9.0,37.337504612265015,4.9999031710563555,0.12148793606148174,2.8871589739615637,4.143871866107511,0.18551863832921356,0.16575487464601532
37.35350461226502,9.0,37.35350461226502,4.999903169732276,0.12151544930775016,2.8886437776626956,4.1453566251261815,0.18558477165667453,0.1658142650045572
37.373504612265016,9.0,37.373504612265016,4.999903168077181,0.12154984216844895,2.8904997693013135,4.147212561155818,0.1856674380333181,0.16588850244615513
37.39350461226502,9.0,37.39350461226502,4.9999031664221025,0.1215842364990181,2.8923557462492493,4.149068482445916,0.1857501035781408,0.16596273929846236
37.413504612265015,9.0,37.413504612265015,4.999903164767043,0.12161863232384046,2.8942117082699257,4.150924388834649,0.1858327683172618,0.16603697555307073
37.43350461226501,9.0,37.43350461226501,4.999903163111994,0.12165302966730814,2.896067655117405,4.1527802799952145,0.18591543223601636,0.1661112112002068
37.453504612265014,9.0,37.453504612265014,4.999903161456964,0.12168742855380399,2.897923586548019,4.154636155804757,0.18599809538037704,0.16618544623247636
37.47350461226502,9.0,37.47350461226502,4.999903159801944,0.12172182900753221,2.8997795023150887,4.156492015918148,0.18608075766139276,0.1662596806359955
37.49350461226501,9.0,37.49350461226501,4.999903158146938,0.12175623105313667,2.9016354021830617,4.158347860125718,0.18616341913243017,0.16633391440457118
37.51350461226502,9.0,37.51350461226502,4.999903156491947,0.12179063471485738,2.903491285904982,4.160203688207856,0.18624607977573282,0.16640814752808805
37.53350461226501,9.0,37.53350461226501,4.999903154836977,0.12182504001722799,2.90534715324044,4.162059499917388,0.18632873957586238,0.16648237999723212
37.55350461226501,9.0,37.55350461226501,4.999903153182018,0.12185944698440297,2.9072030039352326,4.163915294985744,0.1864113984853044,0.1665566117993322
37.573504612265005,9.0,37.573504612265005,4.999903151527072,0.12189385564087424,2.9090588377488475,4.1657710731487425,0.18649405652499595,0.16663084292664906
37.59350461226501,9.0,37.59350461226501,4.999903149872146,0.12192826601111978,2.9109146544435465,4.167626834241693,0.18657671369129414,0.1667050733692376
37.59450461226501,9.0,37.59450461226501,4.999903149789406,0.12192998657494833,2.9110074448184564,4.167719621765138,0.18658084657621243,0.1667087848757159
37.61050461226501,9.0,37.61050461226501,4.99990314846548,0.12195751619192265,2.9124920850102085,4.169204217578051,0.18664697160354393,0.16676816870217145
37.630504612265014,9.0,37.630504612265014,4.999903146810575,0.12199192979676554,2.914347869375543,4.171059946223014,0.18672962701883788,0.16684239784826116
37.65050461226501,9.0,37.65050461226501,4.999903145155691,0.12202634518526823,2.9162036359380403,4.172915657181617,0.18681228164142416,0.16691662628721168
37.670504612265006,9.0,37.670504612265006,4.999903143500827,0.12206076238128731,2.9180593844249554,4.174771350075646,0.18689493531189605,0.1669908540034608
37.69050461226501,9.0,37.69050461226501,4.99990314184598,0.1220951814096445,2.919915114610627,4.176627024639192,0.18697758801502795,0.1670650809857824
37.710504612265005,9.0,37.710504612265005,4.999903140191152,0.12212960229476548,2.9217708262509765,4.178482680665823,0.18706023977484776,0.1671393072260738
37.73050461226501,9.0,37.73050461226501,4.999903138536336,0.12216402506080005,2.9236265190837827,4.180338317876673,0.18714289058899736,0.1672135327158992
37.750504612265004,9.0,37.750504612265004,4.999903136881543,0.1221984497325644,2.9254821928850925,4.182193936114181,0.18722554043706685,0.1672877574440003
37.77050461226501,9.0,37.77050461226501,4.999903135226764,0.12223287633428888,2.9273378473973755,4.184049534975685,0.18730818926751347,0.16736198139932373
37.790504612265,9.0,37.790504612265,4.9999031335720066,0.12226730489067113,2.929193482385745,4.185905114397605,0.18739083715967775,0.16743620457608427
37.81050461226501,9.0,37.81050461226501,4.999903131917264,0.12230173542608228,2.9310490976013495,4.187760674012514,0.18747348400903618,0.16751042696028637
37.830504612265,9.0,37.830504612265,4.999903130262549,0.12233616796480741,2.9329046927893327,4.189616213605845,0.18755612984712178,0.16758464854372837
37.850504612265,9.0,37.850504612265,4.999903128607842,0.1223706025314841,2.9347602677119764,4.1914717329248035,0.1876387746725272,0.16765886931743038
37.851504612265,9.0,37.851504612265,4.9999031285251165,0.12237232431361407,2.934853045926813,4.191564508417856,0.18764290695593466,0.16766258033744574
37.86750461226501,9.0,37.86750461226501,4.99990312720137,0.12239987352605321,2.936337490280993,4.1930489082337,0.18770902188166483,0.16772195632838105
37.887504612265005,9.0,37.887504612265005,4.9999031255466955,0.12243431190931237,2.9381930270794485,4.19490438945901,0.18779166482500198,0.16779617557808948
37.907504612265,9.0,37.907504612265,4.999903123892045,0.12246875239009257,2.9400485428968897,4.196759849710217,0.18787430670546712,0.16787039398978224
37.927504612265004,9.0,37.927504612265004,4.999903122237423,0.12250319499359832,2.9419040375230114,4.198615288795225,0.18795694748064795,0.16794461155104543
37.947504612265,9.0,37.947504612265,4.999903120582816,0.12253763974380709,2.9437595106879852,4.200470706336464,0.18803958715716984,0.16801882825419664
37.967504612265,9.0,37.967504612265,4.999903118928233,0.12257208666547906,2.9456149621533005,4.202326102263739,0.18812222578257565,0.168093044090679
37.987504612265,9.0,37.987504612265,4.999903117273665,0.12260653578329024,2.947470391681681,4.20418147620608,0.18820486327250308,0.16816725904801813
38.007504612265,9.0,38.007504612265,4.999903115619121,0.12264098712161067,2.9493257990189545,4.206036827979844,0.18828749967760317,0.168241473119484
38.027504612265,9.0,38.027504612265,4.9999031139645975,0.12267544070514215,2.951181183923735,4.207892157336163,0.18837013495515365,0.16831568629342528
38.047504612265,9.0,38.047504612265,4.999903112310096,0.12270989655828736,2.953036546143104,4.20974746399359,0.1884527690761657,0.1683898985587675
38.067504612265,9.0,38.067504612265,4.999903110655614,0.12274435470576724,2.95489188543769,4.211602747705321,0.1885354020817367,0.1684641099091536
38.08750461226499,9.0,38.08750461226499,4.999903109001158,0.12277881517195177,2.9567472015519454,4.213458008326139,0.18861803394139232,0.16853832033275
38.107504612265,9.0,38.107504612265,4.99990310734672,0.12281327798171346,2.958602494250056,4.21531324543732,0.1887006645825542,0.16861252981722985
38.12750461226499,9.0,38.12750461226499,4.999903105692307,0.12284774315959784,2.9604577632877853,4.217168458932449,0.18878329410045858,0.16868673835787218
38.147504612264996,9.0,38.147504612264996,4.999903104037918,0.12288221073029014,2.9623130084161557,4.219023648545796,0.18886592242124234,0.16876094594197022
38.14850461226499,9.0,38.14850461226499,4.999903103955207,0.12288393417195193,2.9624057700335347,4.2191164073262275,0.18887005373890364,0.1687646562932048
38.164504612265,9.0,38.164504612265,4.999903102631713,0.12291151006514926,2.9638899477980565,4.2206005407352745,0.18893615554978505,0.16882402162987245
38.184504612264995,9.0,38.184504612264995,4.999903100977356,0.12294598212708467,2.9657451480347166,4.222455685421293,0.1890187816013582,0.1688982274168483
38.20450461226499,9.0,38.20450461226499,4.999903099323032,0.12298045665207268,2.967600323663618,4.224310805494147,0.1891014064537191,0.16897243221934719
38.224504612264994,9.0,38.224504612264994,4.99990309766873,0.12301493366458364,2.9694554744316766,4.226165900733645,0.18918403010627083,0.1690466360296874
38.24450461226499,9.0,38.24450461226499,4.999903096014453,0.12304941318933214,2.9713106000904483,4.228020970879872,0.18926665250344188,0.16912083883535048
38.26450461226499,9.0,38.26450461226499,4.999903094360201,0.12308389525101558,2.9731657004027223,4.2298760156652015,0.18934927363120524,0.169195040626133
38.284504612264996,9.0,38.284504612264996,4.999903092705972,0.12311837987444264,2.9750207751225726,4.231731034850692,0.18943189351287693,0.16926924139437616
38.30450461226499,9.0,38.30450461226499,4.999903091051771,0.12315286708403249,2.9768758239886925,4.233586028229232,0.1895145121221442,0.16934344112889121
38.32450461226499,9.0,38.32450461226499,4.9999030893975895,0.12318735690463606,2.978730846761323,4.235440995469111,0.18959712942763574,0.16941763981921074
38.34450461226499,9.0,38.34450461226499,4.999903087743436,0.12322184936100833,2.9805858431977557,4.237295936422979,0.1896797454575867,0.16949183745680865
38.36450461226499,9.0,38.36450461226499,4.999903086089306,0.12325634447782113,2.9824408130487026,4.239150850748033,0.1897623601512919,0.1695660340296544
38.38450461226499,9.0,38.38450461226499,4.99990308443521,0.12329084227979897,2.9842957560626364,4.241005738259669,0.18984497355616226,0.16964022953092683
38.40450461226499,9.0,38.40450461226499,4.99990308278113,0.12332534279148019,2.986150671989632,4.242860598699989,0.18992758561502177,0.1697144239478588
38.405504612264984,9.0,38.405504612264984,4.9999030826984345,0.12332706788843617,2.986243417058731,4.242953340872772,0.18993171604357162,0.1697181336345171
38.42150461226499,9.0,38.42150461226499,4.9999030813751935,0.12335467037590665,2.987727329066821,4.244437208656702,0.18999780486415618,0.1697774883453546
38.441504612264985,9.0,38.441504612264985,4.999903079721156,0.12338917596610807,2.989582194234699,4.2462920182728086,0.1900804143780781,0.16985168073099405
38.46150461226499,9.0,38.46150461226499,4.999903078067157,0.12342368433681249,2.991437031619699,4.248146800186078,0.19016302260854,0.1699258720083194
38.481504612264985,9.0,38.481504612264985,4.999903076413183,0.12345819551289429,2.993291840975633,4.250001554058643,0.19024562942271528,0.17000006216115382
38.50150461226499,9.0,38.50150461226499,4.999903074759236,0.12349270951893075,2.99514662204229,4.2518562795839845,0.1903282348642068,0.17007425118373762
38.52150461226499,9.0,38.52150461226499,4.999903073105316,0.12352722637999072,2.99700137459005,4.253710976701885,0.19041083896873223,0.17014843906823468
38.54150461226499,9.0,38.54150461226499,4.999903071451428,0.123561746120426,2.998856098343978,4.255565644971801,0.19049344160071913,0.17022262579878253
38.56150461226498,9.0,38.56150461226498,4.9999030697975595,0.1235962687655471,3.000710793082742,4.2574202842203155,0.1905760428365597,0.17029681136912955
38.581504612264986,9.0,38.581504612264986,4.999903068143722,0.1236307943399084,3.002565458541748,4.259274894237806,0.19065864265040533,0.17037099576870915
38.60150461226498,9.0,38.60150461226498,4.999903066489915,0.12366532286839615,3.0044200944775206,4.261129474673838,0.19074124101121992,0.1704451789873337
38.62150461226498,9.0,38.62150461226498,4.999903064836139,0.12369985437599422,3.006274700646346,4.262984025409411,0.1908238379490519,0.17051936101619114
38.64150461226498,9.0,38.64150461226498,4.999903063182391,0.12373438888735687,3.008129276787404,4.264838546071548,0.19090643338850155,0.17059354184263362
38.66150461226498,9.0,38.66150461226498,4.999903061528668,0.12376892642746036,3.009983822657886,4.266693036485949,0.19098902737413104,0.17066772145899045
38.66250461226498,9.0,38.66250461226498,4.99990306144599,0.12377065338405095,3.0100765491311408,4.266785760010028,0.19099315692288377,0.1706714304035626
38.67850461226499,9.0,38.67850461226499,4.999903060123039,0.12379828573698773,3.011560162689119,4.268269329544106,0.1910592312634174,0.17073077318147192
38.69850461226498,9.0,38.69850461226498,4.999903058469366,0.12383282894554408,3.01341465188577,4.27012376314118,0.19114182231898447,0.17080495052562503
38.71850461226498,9.0,38.71850461226498,4.999903056815731,0.12386737525418738,3.0152691101238607,4.271978165940551,0.1912244120566755,0.17087912663735183
38.738504612264975,9.0,38.738504612264975,4.9999030551621235,0.12390192468752259,3.0171235371372696,4.273832537491283,0.1913070002697146,0.17095330149983207
38.75850461226498,9.0,38.75850461226498,4.99990305350855,0.12393647727042796,3.018977932671129,4.275686877600131,0.1913895869670701,0.17102747510400756
38.77850461226498,9.0,38.77850461226498,4.999903051855007,0.12397103302779823,3.020832296473512,4.277541185962585,0.19147217210257628,0.1711016474380387
38.79850461226498,9.0,38.79850461226498,4.999903050201493,0.12400559198446812,3.0226866282932785,4.279395462333951,0.19155475570216263,0.17117581849391186
38.81850461226498,9.0,38.81850461226498,4.999903048548012,0.12404015416599048,3.0245409279080513,4.2812497065471575,0.1916373377664229,0.17124998826232574
38.83850461226498,9.0,38.83850461226498,4.999903046894564,0.12407471959678713,3.026395195037955,4.283103918244403,0.19171991821552936,0.17132415672972173
38.85850461226497,9.0,38.85850461226497,4.999903045241145,0.12410928830194551,3.0282494294362876,4.284958097204024,0.1918024970940051,0.17139832388858442
38.878504612264976,9.0,38.878504612264976,4.999903043587759,0.12414386030657158,3.0301036308653715,4.286812243228686,0.19188507439639668,0.17147248972932996
38.89850461226497,9.0,38.89850461226497,4.999903041934404,0.12417843563559207,3.031957799063593,4.288666356007627,0.19196765008121774,0.17154665424093135
38.918504612264975,9.0,38.918504612264975,4.999903040281083,0.12421301431415896,3.0338119337907186,4.290520435333317,0.1920502241356994,0.17162081741209811
38.91950461226497,9.0,38.91950461226497,4.9999030401984275,0.12421474333603691,3.0339046396190783,4.290613138141903,0.19205435251335645,0.17162452552435742
38.93550461226498,9.0,38.93550461226498,4.9999030388758,0.12424240884361777,3.035387921822698,4.292096376407292,0.1921204110189807,0.17168385505705758
38.955504612264974,9.0,38.955504612264974,4.999903037222531,0.124276993784242,3.0372419939291246,4.293950392989442,0.19220298189398344,0.1717580157204071
38.97550461226498,9.0,38.97550461226498,4.9999030355693055,0.1243115821462647,3.0390960318718996,4.295804375528642,0.1922855512664543,0.17183217502023035
38.99550461226497,9.0,38.99550461226497,4.999903033916109,0.12434617395418399,3.0409500353720924,4.297658323566794,0.19236811898919903,0.17190633294276772
39.01550461226498,9.0,39.01550461226498,4.999903032262952,0.12438076923330343,3.042804004189214,4.2995122370388,0.19245068510260932,0.17198048948104308
39.03550461226497,9.0,39.03550461226497,4.999903030609824,0.12441536800844512,3.044657938055955,4.3013661154794,0.19253324948021877,0.17205464461999068
39.055504612264976,9.0,39.055504612264976,4.999903028956733,0.12444997030499598,3.046511836731846,4.303219958809341,0.19261581219131552,0.17212879835206113
39.07550461226497,9.0,39.07550461226497,4.999903027303678,0.12448457614777689,3.048365699953066,4.305073766609646,0.19269837316277005,0.1722029506650582
39.09550461226497,9.0,39.09550461226497,4.999903025650664,0.12451918556228547,3.0502195274867296,4.306927538777756,0.19278093244278915,0.17227710155051695
39.11550461226497,9.0,39.11550461226497,4.999903023997676,0.12455379857361626,3.0520733190767726,4.308781274973428,0.1928634899977668,0.1723512509993496
39.13550461226497,9.0,39.13550461226497,4.999903022344729,0.12458841520679281,3.0539270744670577,4.310634975017029,0.192946045812306,0.17242539899979112
39.15550461226496,9.0,39.15550461226496,4.999903020691816,0.12462303548702616,3.0557807934016243,4.312488638547154,0.1930285998540393,0.17249954554140765
39.175504612264966,9.0,39.175504612264966,4.999903019038941,0.12465765943928289,3.057634475618687,4.314342265413689,0.19311115217277042,0.17257369061676867
39.19550461226497,9.0,39.19550461226497,4.9999030173861,0.12469228708912573,3.059488120884621,4.316195855325678,0.19319370270472191,0.1726478342132796
39.19650461226497,9.0,39.19650461226497,4.999903017303468,0.12469401856893175,3.0595808021619413,4.316288533686494,0.19319783017413128,0.1726515413537119
39.21250461226497,9.0,39.21250461226497,4.999903015981223,0.1247217235181947,3.0610636901537647,4.3177713776847115,0.19326386937627538,0.1727108551063551
39.23250461226497,9.0,39.23250461226497,4.999903014328444,0.12475635807475105,3.062917266378206,4.319624898379672,0.19334641643100614,0.17278499593502095
39.252504612264964,9.0,39.252504612264964,4.999903012675714,0.1247909964009501,3.0647708049381133,4.321478381619753,0.193428961884742,0.1728591352646655
39.27250461226497,9.0,39.27250461226497,4.999903011023016,0.12482563852198779,3.0666243055756963,4.323331826886459,0.1935115054772325,0.17293327307532372
39.29250461226496,9.0,39.29250461226496,4.99990300937036,0.12486028446299322,3.0684777680345467,4.32518523399931,0.19359404726631357,0.17300740936046338
39.312504612264966,9.0,39.312504612264966,4.999903007717745,0.12489493424912908,3.070331192053092,4.327038602700942,0.19367658721051217,0.17308154410832166
39.33250461226496,9.0,39.33250461226496,4.999903006065163,0.12492958790603777,3.072184577391858,4.328891932679204,0.1937591252784565,0.17315567730730055
39.352504612264966,9.0,39.352504612264966,4.999903004412623,0.1249642454589015,3.074037923793473,4.330745223745246,0.19384166150601256,0.17322980894965848
39.37250461226496,9.0,39.37250461226496,4.999903002760123,0.12499890693299064,3.0758912309996806,4.332598475618542,0.19392419585467335,0.1733039390242023
39.39250461226496,9.0,39.39250461226496,4.999903001107662,0.12503357235367504,3.077744498759264,4.334451688034715,0.19400672832585508,0.173378067521614
39.41250461226496,9.0,39.41250461226496,4.999902999455244,0.12506824174643075,3.0795977268243373,4.33630486080298,0.19408925892335605,0.17345219443259322
39.432504612264964,9.0,39.432504612264964,4.999902997802863,0.12510291513652227,3.0814509149283293,4.338157993592003,0.19417178756287612,0.17352631974242066
39.45250461226496,9.0,39.45250461226496,4.9999029961505235,0.12513759254921883,3.0833040628206465,4.340011086120446,0.19425431430193996,0.17360044344516573
39.45350461226496,9.0,39.45350461226496,4.999902996067912,0.12513932652593246,3.0833967191568337,4.340103739679949,0.19425844061597575,0.1736041495889558
39.46950461226496,9.0,39.46950461226496,4.999902994746076,0.12516707153232715,3.0848792067468023,4.341586183111343,0.19432446056847796,0.1736634473243756
39.48950461226496,9.0,39.48950461226496,4.999902993093811,0.12520175645416862,3.0867322795850565,4.343439200578314,0.19440698367826137,0.17373756802275023
39.50950461226496,9.0,39.50950461226496,4.999902991441594,0.12523644547141097,3.088585311495615,4.345292177199109,0.19448950493124606,0.17381168708803985
39.52950461226496,9.0,39.52950461226496,4.999902989789415,0.12527113860926592,3.0904383022185473,4.347145112612726,0.19457202418353603,0.17388580450398344
39.54950461226496,9.0,39.54950461226496,4.999902988137282,0.12530583589344774,3.0922912515022016,4.3489980065808584,0.1946545414764067,0.17395992026361953
39.569504612264964,9.0,39.569504612264964,4.999902986485196,0.12534053734926676,3.0941441590874708,4.350850858898065,0.19473705678425324,0.17403403435531326
39.58950461226496,9.0,39.58950461226496,4.999902984833149,0.125375243002263,3.0959970247210147,4.352703669204953,0.1948195700840052,0.17410814676916764
39.609504612264956,9.0,39.609504612264956,4.999902983181149,0.1254099528780256,3.09784984815127,4.354556437389341,0.1949020814026139,0.1741822574957699
39.62950461226495,9.0,39.62950461226495,4.999902981529198,0.12544466700203696,3.0997026291229646,4.356409163052678,0.19498459065256935,0.17425636652155896
39.649504612264955,9.0,39.649504612264955,4.999902979877292,0.12547938539972023,3.1015553673674,4.358261846001576,0.19506709789534726,0.17433047383965267
39.66950461226495,9.0,39.66950461226495,4.999902978225429,0.12551410809688265,3.1034080626441867,4.360114486002384,0.19514960312511365,0.17440457944094762
39.689504612264955,9.0,39.689504612264955,4.999902976573613,0.12554883511895168,3.1052607146907243,4.361967082813797,0.1952321062793736,0.17447868331184985
39.70950461226495,9.0,39.70950461226495,4.999902974921847,0.1255835664915695,3.107113323250288,4.363819636051417,0.19531460733677042,0.17455278544198588
39.710504612264955,9.0,39.710504612264955,4.999902974839265,0.12558530317455144,3.107205952515117,4.363912262388159,0.1953187320981815,0.17455649049287916
39.726504612264954,9.0,39.726504612264954,4.999902973517891,0.12561309159844247,3.108688006164494,4.365394272142166,0.19538473180791582,0.17461577088659655
39.74650461226496,9.0,39.74650461226496,4.999902971866205,0.12564783108689367,3.1105405335836194,4.367246744194239,0.19546722888313361,0.17468986976744877
39.76650461226495,9.0,39.76650461226495,4.999902970214579,0.1256825749992162,3.112393016807244,4.369099172130557,0.19554972402113036,0.1747639668859329
39.78650461226495,9.0,39.78650461226495,4.999902968562998,0.12571732336082322,3.1142454555570964,4.370951555634932,0.19563221705380407,0.17483806222501486
39.80650461226495,9.0,39.80650461226495,4.999902966911472,0.1257520761976453,3.116097849588597,4.3728038943832805,0.19571470796328239,0.17491215577568292
39.826504612264955,9.0,39.826504612264955,4.999902965259998,0.12578683353481926,3.1179501986171343,4.374656188193986,0.19579719675795326,0.1749862475280376
39.84650461226495,9.0,39.84650461226495,4.999902963608575,0.1258215953984333,3.1198025024070324,4.37650843673184,0.19587968337522632,0.17506033746901847
39.866504612264954,9.0,39.866504612264954,4.999902961957211,0.12585636181436913,3.1216547607058382,4.378360639772589,0.19596216786033827,0.17513442559152587
39.88650461226495,9.0,39.88650461226495,4.999902960305896,0.125891132808173,3.123506973242133,4.380212797099706,0.19604465018064854,0.1752085118837902
39.906504612264946,9.0,39.906504612264946,4.999902958654638,0.12592590840552784,3.1253591397627876,4.382064908365586,0.19612713029637607,0.17528259633443027
39.92650461226495,9.0,39.92650461226495,4.999902957003436,0.1259606886322974,3.127211260006438,4.383916973379186,0.196209608243747,0.17535667893511253
39.946504612264945,9.0,39.946504612264945,4.999902955352291,0.12599547351419718,3.1290633337110383,4.38576899185642,0.1962920839792215,0.175430759673914
39.96650461226495,9.0,39.96650461226495,4.9999029537012065,0.12603026307728332,3.130915360634615,4.387620963555441,0.19637455753370858,0.17550483854384225
39.967504612264946,9.0,39.967504612264946,4.99990295361866,0.1260320026790361,3.13100796076122,4.387713561054792,0.19637868119516222,0.17550854243906813
39.98350461226495,9.0,39.98350461226495,4.999902952297842,0.1260598379058091,3.132489546540884,4.389195102459298,0.19644465813906775,0.17556780409851694
40.00350461226495,9.0,40.00350461226495,4.999902950646866,0.12609463619714528,3.1343414862306735,4.391046986970042,0.19652712761577185,0.17564187947826798
40.02350461226495,9.0,40.02350461226495,4.999902948995954,0.1261294392430174,3.136193378378619,4.392898823946181,0.19660959483219376,0.17571595295828826
40.04350461226495,9.0,40.04350461226495,4.9999029473451095,0.12616424706968696,3.138045222750007,4.394750613116397,0.19669205973338144,0.1757900245246965
40.06350461226495,9.0,40.06350461226495,4.9999029456943305,0.12619905970300077,3.1398970190813187,4.396602354237313,0.19677452235457826,0.17586409416908091
40.083504612264946,9.0,40.083504612264946,4.999902944043618,0.1262338771686175,3.141748767096867,4.3984540470369495,0.19685698269773688,0.17593816188158573
40.10350461226494,9.0,40.10350461226494,4.999902942392976,0.12626869949289596,3.1436004665642625,4.4003056913221075,0.19693944076414782,0.17601222765239086
40.12350461226494,9.0,40.12350461226494,4.999902940742405,0.12630352670135078,3.1454521171959207,4.4021572867571575,0.19702189651431024,0.17608629147045793
40.14350461226495,9.0,40.14350461226495,4.999902939091905,0.12633835882014527,3.147303718743064,4.404008833126225,0.19710434994606763,0.1761603533246916
40.163504612264944,9.0,40.163504612264944,4.999902937441485,0.12637319587549722,3.1491552709517943,4.4058603301311825,0.19718680104967046,0.17623441320548822
40.18350461226494,9.0,40.18350461226494,4.999902935791136,0.1264080378932976,3.1510067735634393,4.407711777575745,0.19726924982030525,0.1763084711022426
40.203504612264936,9.0,40.203504612264936,4.999902934140874,0.12644288489934344,3.152858226298179,4.409563175115531,0.19735169623778548,0.1763825270053134
40.22350461226494,9.0,40.22350461226494,4.999902932490688,0.12647773692008651,3.1547096289218506,4.4114145225928905,0.19743414030326,0.1764565809035681
40.224504612264944,9.0,40.224504612264944,4.999902932408187,0.1264794796530315,3.154802197720871,4.411507088516629,0.1974382622295492,0.17646028353696913
40.24050461226494,9.0,40.24050461226494,4.999902931088108,0.1265073650999184,3.156283281547455,4.4129881283881245,0.1975042159535252,0.17651952513660277
40.26050461226494,9.0,40.26050461226494,4.999902929438081,0.12654222646601038,3.1581345907388068,4.414839382338843,0.19758665550292998,0.1765935752932951
40.280504612264934,9.0,40.280504612264934,4.999902927788149,0.1265770929211221,3.159985849070168,4.416690585522401,0.19766909276936184,0.17666762342021855
40.30050461226494,9.0,40.30050461226494,4.999902926138311,0.12661196449119333,3.161837056268525,4.418541737513449,0.1977515276060413,0.17674166950109002
40.32050461226494,9.0,40.32050461226494,4.999902924488576,0.12664684120257944,3.1636882120836627,4.420392838220932,0.1978339600566632,0.17681571352791384
40.34050461226494,9.0,40.34050461226494,4.999902922838938,0.12668172308112777,3.165539316233058,4.4222438871836065,0.1979163900305112,0.17688975548735963
40.36050461226494,9.0,40.36050461226494,4.9999029211894115,0.12671661015332733,3.1673903684826525,4.424094884301592,0.19799881759738325,0.1769637953716578
40.380504612264936,9.0,40.380504612264936,4.999902919539992,0.12675150244522257,3.169241368547407,4.425945829219858,0.1980812426918872,0.17703783316870284
40.40050461226493,9.0,40.40050461226493,4.999902917890689,0.12678639998290767,3.171092316164394,4.42779672170856,0.19816366533201357,0.17711186886909844
40.420504612264935,9.0,40.420504612264935,4.999902916241503,0.12682130279297932,3.172943211090222,4.429647561507365,0.19824608547742484,0.17718590246024035
40.44050461226494,9.0,40.44050461226494,4.9999029145924485,0.1268562109014513,3.1747940530425813,4.431498348309407,0.1983285031277613,0.17725993393280365
40.460504612264934,9.0,40.460504612264934,4.9999029129435195,0.12689112433478875,3.1766448417711324,4.433349081924481,0.19841091828461987,0.17733396327625062
40.48050461226494,9.0,40.48050461226494,4.9999029112947335,0.12692604311926592,3.178495577014482,4.43519976201311,0.1984933309233905,0.17740799048059672
40.48150461226493,9.0,40.48150461226493,4.999902911212301,0.12692778919929204,3.1785881123602517,4.4352922945367,0.19849745131659002,0.17741169177733906
40.49750461226494,9.0,40.49750461226494,4.99990290989338,0.12695572831294047,3.1800686597111016,4.436772797932886,0.19856337975641347,0.17747091191869874
40.517504612264936,9.0,40.517504612264936,4.999902908244862,0.12699065706622162,3.181919295290212,4.438623378364106,0.19864578763566865,0.17754493513345349
40.53750461226493,9.0,40.53750461226493,4.999902906596504,0.12702559124564589,3.183769876629303,4.44047390455418,0.19872819305378542,0.17761895618281792
40.557504612264935,9.0,40.557504612264935,4.999902904948319,0.12706053087760424,3.185620403454504,4.442324376299058,0.1988105959228279,0.17769297505190848
40.57750461226493,9.0,40.57750461226493,4.999902903300304,0.12709547598872967,3.187470875520171,4.444174793240193,0.19889299618680223,0.17776699172887953
40.59750461226493,9.0,40.59750461226493,4.999902901652473,0.127130426605192,3.1893212925431516,4.446025155149476,0.19897539389045749,0.17784100620609553
40.61750461226494,9.0,40.61750461226494,4.999902900004837,0.1271653827533854,3.1911716542592807,4.447875461798201,0.19905778901344595,0.17791501847250155
40.637504612264934,9.0,40.637504612264934,4.9999028983574085,0.12720034445999973,3.193021960415594,4.449725712867853,0.19914018149531154,0.17798902851454365
40.65750461226493,9.0,40.65750461226493,4.9999028967101955,0.1272353117513856,3.1948722107364658,4.451575908080411,0.19922257134367705,0.178063036322161
40.677504612264926,9.0,40.677504612264926,4.999902895063215,0.12727028465405388,3.196722404957533,4.453426047190792,0.19930495860467,0.17813704188886523
40.69750461226492,9.0,40.69750461226492,4.999902893416476,0.12730526319444668,3.1985725428095133,4.455276130021407,0.19938734321998375,0.17821104520047276
40.717504612264925,9.0,40.717504612264925,4.999902891769993,0.12734024739944322,3.2004226240408147,4.4571261561224755,0.19946972513460537,0.17828504624531746
40.73750461226493,9.0,40.73750461226493,4.99990289012379,0.12737523729556954,3.202272648381605,4.458976125422521,0.19955210444327864,0.17835904501753136
40.757504612264924,9.0,40.757504612264924,4.999902888477872,0.12741023290914993,3.204122615554462,4.460826037534542,0.1996344810204862,0.17843304150070563
40.77750461226493,9.0,40.77750461226493,4.999902886832262,0.1274452342668699,3.205972525293577,4.462675892175923,0.19971685491642566,0.1785070356875635
40.778504612264925,9.0,40.778504612264925,4.99990288675,0.127446984485916,3.206065019263678,4.462768383323683,0.1997209734442098,0.17851073533223294
40.79450461226493,9.0,40.79450461226493,4.999902885433761,0.12747498995752785,3.207544903237157,4.464248223413899,0.1997868706734316,0.17856992893592025
40.814504612264926,9.0,40.814504612264926,4.999902883788763,0.12751000201193924,3.2093947060104897,4.466097971040769,0.19986923947162794,0.1786439188409392
40.83450461226492,9.0,40.83450461226492,4.999902882144141,0.12754501988691286,3.2112444506139726,4.467947660598171,0.19995160568522907,0.17871790642492522
40.854504612264925,9.0,40.854504612264925,4.999902880499907,0.12758004360874742,3.2130941367579093,4.469797291729829,0.20003396912245508,0.17879189166866916
40.87450461226492,9.0,40.87450461226492,4.999902878856091,0.1276150732040202,3.2149437641617777,4.471646864037156,0.20011632977029192,0.17886587456163597
40.89450461226492,9.0,40.89450461226492,4.999902877212716,0.12765010869968085,3.2167933325719953,4.473496377425752,0.2001986877075086,0.17893985509696728
40.91450461226493,9.0,40.91450461226493,4.999902875569812,0.1276851501225922,3.2186428417237254,4.475345831537831,0.20028104285108528,0.17901383326141004
40.934504612264924,9.0,40.934504612264924,4.999902873927414,0.1277201974993608,3.2204922913423744,4.477195226121448,0.20036339521037227,0.1790878090448982
40.95450461226492,9.0,40.95450461226492,4.999902872285551,0.12775525085670042,3.222341681148417,4.479044560910775,0.20044574476698918,0.17916178243607825
40.97450461226492,9.0,40.97450461226492,4.999902870644262,0.12779031022164222,3.2241910108861798,4.48089383560535,0.20052809150767148,0.17923575342418027
40.99450461226492,9.0,40.99450461226492,4.999902869003587,0.1278253756208838,3.22604028027722,4.482743049990442,0.20061043544735702,0.1793097219998936
41.014504612264915,9.0,41.014504612264915,4.99990286736356,0.12786044708119168,3.2278894890419663,4.484592203748193,0.20069277652207118,0.17938368814929134
41.034504612264925,9.0,41.034504612264925,4.999902865724236,0.12789552462976447,3.2297386369307057,4.486441296591844,0.2007751147573944,0.1794576518638862
41.035504612264916,9.0,41.035504612264916,4.999902865642292,0.1278972786674131,3.229831092715784,4.486533749598036,0.20077923153061317,0.17946134998284843
41.05150461226492,9.0,41.05150461226492,4.999902864331401,0.12792534535276692,3.2313103645506867,4.488012977533065,0.20084510005775158,0.1795205191020219
41.071504612264924,9.0,41.071504612264924,4.999902862693499,0.12796043423532152,3.23315939908515,4.489861956991046,0.20092743293207427,0.1795944782793883
41.09150461226492,9.0,41.09150461226492,4.999902861056441,0.12799552928288663,3.235008371965165,4.491710874890167,0.20100976302983975,0.17966843499572782
41.11150461226492,9.0,41.11150461226492,4.9999028594202946,0.12803063052207883,3.2368572829003432,4.493559730823484,0.201092090197859,0.1797423892337314
41.13150461226492,9.0,41.13150461226492,4.999902857785118,0.12806573798024104,3.2387061316408188,4.495408524582986,0.20117441446137674,0.17981634098371707
41.151504612264915,9.0,41.151504612264915,4.999902856150977,0.1281008516840728,3.2405549178927244,4.497257255842199,0.201256735786719,0.17989029023380432
41.17150461226491,9.0,41.17150461226491,4.999902854517951,0.12813597166078897,3.242403641391418,4.49910592434113,0.2013390541877138,0.17996423697411043
41.19150461226491,9.0,41.19150461226491,4.99990285288612,0.12817109793748785,3.244252301867505,4.500954529852488,0.201421369647929,0.1800381811932969
41.21150461226492,9.0,41.21150461226492,4.999902851255557,0.12820623054128136,3.246100899048771,4.502803072026933,0.20150368215409342,0.18011212288165498
41.231504612264914,9.0,41.231504612264914,4.9999028496263715,0.12824136949906456,3.247949432648487,4.504651550700087,0.20158599171161962,0.1801860620280813
41.25150461226491,9.0,41.25150461226491,4.999902847998651,0.12827651483802166,3.2497979023945205,4.506499965455451,0.2016682982433382,0.18025999861854516
41.27150461226491,9.0,41.27150461226491,4.999902846372499,0.12831166658546514,3.251646308022114,4.508348316132907,0.20175060180915327,0.18033393264510955
41.29150461226491,9.0,41.29150461226491,4.9999028447480445,0.1283468247682945,3.25349464923804,4.5101966023726625,0.20183290235125773,0.18040786409498435
41.29250461226491,9.0,41.29250461226491,4.999902844666872,0.12834858284659897,3.253587064588228,4.510289014888206,0.2018370172542614,0.18041156059788463
41.30850461226491,9.0,41.30850461226491,4.999902843368676,0.12837671430370223,3.255065688417802,4.511767594963597,0.20190285552357423,0.18047070379822777
41.32850461226491,9.0,41.32850461226491,4.999902841747662,0.12841188446381882,3.2569139097563853,4.513615761213652,0.20198515036935083,0.18054463044874233
41.34850461226491,9.0,41.34850461226491,4.99990284012871,0.1284470611370553,3.258762065906319,4.515463862457639,0.20206744232297646,0.18061855449784048
41.368504612264914,9.0,41.368504612264914,4.999902838511979,0.12848224435017372,3.2606101565636707,4.5173118981505835,0.2021497311602367,0.18069247592561077
41.38850461226491,9.0,41.38850461226491,4.999902836897616,0.12851743413082714,3.262458181475717,4.519159868124289,0.2022320169626628,0.1807663947251686
41.40850461226491,9.0,41.40850461226491,4.999902835285803,0.1285526305061414,3.2643061403475775,4.521007772074817,0.2023142996749998,0.1808403108832086
41.42850461226491,9.0,41.42850461226491,4.9999028336767175,0.1285878335034517,3.2661540329097893,4.5228556097023365,0.2023965792812792,0.18091422438818602
41.448504612264905,9.0,41.448504612264905,4.999902832070576,0.1286230431498631,3.2680018588634967,4.524703380728413,0.2024788557703383,0.18098813522838508
41.46850461226491,9.0,41.46850461226491,4.9999028304675806,0.12865825947281556,3.269849617937826,4.526551084866251,0.20256112915466407,0.1810620433945455
41.488504612264904,9.0,41.488504612264904,4.99990282886797,0.12869348249966983,3.2716973098516284,4.528398721878149,0.20264339941821374,0.1811359488749588
41.50850461226491,9.0,41.50850461226491,4.99990282727199,0.12872871225769664,3.2735449343123895,4.530246291422333,0.20272566652297552,0.18120985165738668
41.52850461226491,9.0,41.52850461226491,4.99990282567991,0.12876394877410685,3.2753924910325507,4.532093793258807,0.20280793046572532,0.18128375173008404
41.54850461226491,9.0,41.54850461226491,4.9999028240920245,0.1287991920765521,3.2772399797383778,4.533941227039043,0.20289019122967744,0.18135764908209814
41.549504612264904,9.0,41.549504612264904,4.99990282401275,0.12880095441982667,3.277332352360156,4.534033596868279,0.20289430406032416,0.18136134387275327
41.56550461226491,9.0,41.56550461226491,4.999902822745848,0.12882915423847094,3.2788102913909105,4.53551149207227,0.2029601103679548,0.18142045968258896
41.585504612264906,9.0,41.585504612264906,4.999902821166546,0.1288644101675252,3.280657653529589,4.5373587992503355,0.20304236522562968,0.18149435197020022
41.60550461226491,9.0,41.60550461226491,4.999902819592382,0.12889967295968538,3.282504946784357,4.539206037676579,0.20312461692614736,0.18156824150781206
41.625504612264905,9.0,41.625504612264905,4.9999028180237355,0.12893494264317348,3.284352170904367,4.541053206865945,0.20320686530060295,0.18164212827393614
41.6455046122649,9.0,41.6455046122649,4.999902816461013,0.1289702192452558,3.286199325593259,4.542900306646861,0.20328911049216725,0.18171601226577822
41.66550461226491,9.0,41.66550461226491,4.999902814904657,0.12900550279320813,3.2880464105517064,4.5447473367602,0.2033713524488192,0.1817898934700528
41.68550461226491,9.0,41.68550461226491,4.999902813355144,0.12904079331468538,3.2898934254924246,4.5465942968064965,0.2034535911092008,0.1818637718726535
41.7055046122649,9.0,41.7055046122649,4.99990281181298,0.129076090837166,3.291740370126769,4.5484411865981285,0.20353582651879254,0.181937647464359
41.7255046122649,9.0,41.7255046122649,4.99990281027871,0.12911139538751637,3.293587244127464,4.550288005726363,0.20361805858867132,0.182011520229036
41.745504612264895,9.0,41.745504612264895,4.999902808752927,0.12914670699376343,3.2954340472255077,4.552134753946512,0.20370028736744406,0.18208539015774908
41.7655046122649,9.0,41.7655046122649,4.999902807236256,0.12918202568281825,3.2972807790942977,4.55398143097408,0.20378251282961424,0.1821592572381847
41.785504612264894,9.0,41.785504612264894,4.99990280572938,0.12921735148253463,3.2991274394503773,4.555828036460173,0.20386473494644397,0.18223312145780723
41.8055046122649,9.0,41.8055046122649,4.999902804233029,0.12925268441968918,3.3009740279599336,4.557674570136881,0.20394695372736438,0.1823069828054219
41.8255046122649,9.0,41.8255046122649,4.999902802747986,0.1292880245220055,3.302820544329638,4.559521031672588,0.20402916912584423,0.1823808412666975
41.8455046122649,9.0,41.8455046122649,4.999902801275096,0.1293233718167252,3.30466698824187,4.561367420726965,0.20411138113290672,0.1824546968293414
41.86550461226489,9.0,41.86550461226489,4.999902799815258,0.12935872633126488,3.3065133593869835,4.563213737052375,0.20419358976317348,0.18252854948237754
41.885504612264896,9.0,41.885504612264896,4.999902798369455,0.12939408809311484,3.308359657457974,4.565059980289219,0.2042757949585261,0.18260239921107402
41.90550461226489,9.0,41.90550461226489,4.999902796938725,0.12942945712916992,3.3102058821145666,4.566906150105013,0.20435799672815902,0.18267624600412405
41.925504612264895,9.0,41.925504612264895,4.9999027955242,0.12946483346675214,3.31205203303602,4.568752246220883,0.20444019507161704,0.18275008984928967
41.9455046122649,9.0,41.9455046122649,4.999902794127088,0.1295002171332083,3.3138981098979796,4.57059826827626,0.2045223899288584,0.18282393073084552
41.965504612264894,9.0,41.965504612264894,4.99990279274868,0.12953560815575357,3.31574411237631,4.572444215923558,0.20460458130618875,0.18289776863695295
41.98550461226489,9.0,41.98550461226489,4.9999027913903795,0.12957100656133555,3.317590040124957,4.574290088879986,0.20468676920422268,0.18297160355500855
42.005504612264886,9.0,42.005504612264886,4.999902790053681,0.12960641237725506,3.319435892812979,4.576135886747723,0.2047689535635011,0.1830454354691128
42.02550461226488,9.0,42.02550461226488,4.9999027887401954,0.1296418256302753,3.3212816700853054,4.577981609223214,0.20485113443439662,0.183119264370089
42.04550461226489,9.0,42.04550461226489,4.999902787451654,0.12967724634762717,3.3231273716031784,4.579827255987932,0.20493331173551077,0.18319309023929634
42.06550461226489,9.0,42.06550461226489,4.999902786189919,0.1297126745560758,3.324972997009442,4.58167282656708,0.20501548543930115,0.1832669130629078
42.085504612264884,9.0,42.085504612264884,4.99990278495699,0.12974811028235325,3.3268185459360606,4.583518320726549,0.20509765559551152,0.18334073282932906
42.10550461226489,9.0,42.10550461226489,4.9999027837550045,0.1297835535536036,3.328664018037783,4.585363738045412,0.20517982212195163,0.1834145495210394
42.12550461226488,9.0,42.12550461226488,4.999902782586279,0.12981900439595534,3.330509412914607,4.5872090781324015,0.2052619850315005,0.18348836312533887
42.14550461226488,9.0,42.14550461226488,4.99990278145328,0.1298544628363951,3.332354730210004,4.58905434067312,0.20534414431235604,0.18356217362696428
42.16550461226488,9.0,42.16550461226488,4.999902780358673,0.12988992890123316,3.334199969530303,4.590899525224736,0.20542629991113248,0.18363598100924106
42.185504612264886,9.0,42.185504612264886,4.9999027793053115,0.12992540261678573,3.33604513048027,4.592744631425735,0.20550845182302302,0.18370978525679627
42.20550461226488,9.0,42.20550461226488,4.999902778296267,0.12996088400942818,3.3378902126649237,4.594589658836806,0.20559060001559581,0.18378358635314912
42.225504612264885,9.0,42.225504612264885,4.999902777334836,0.12999637310488799,3.3397352156545623,4.596434607090931,0.205672744498973,0.1838573842838096
42.24550461226488,9.0,42.24550461226488,4.99990277642455,0.1300318699293842,3.3415801390428648,4.598279475729589,0.2057548852001405,0.1839311790286984
42.26550461226488,9.0,42.26550461226488,4.999902775569206,0.13006737450876912,3.343424982402684,4.600124264332804,0.2058370221352397,0.18400497057330056
42.28550461226487,9.0,42.28550461226487,4.999902774772886,0.13010288686845983,3.345269745285054,4.601968972495106,0.2059191552747559,0.18407875889960387
42.30550461226488,9.0,42.30550461226488,4.999902774039967,0.13013840703387552,3.3471144272357893,4.603813599711287,0.20600128457053124,0.1841525439886432
42.32550461226488,9.0,42.32550461226488,4.999902773375144,0.1301739350303047,3.3489590277953694,4.605658145556531,0.2060834100198683,0.1842263258227479
42.345504612264875,9.0,42.345504612264875,4.999902772783461,0.13020947088250126,3.3508035464697192,4.607502609519811,0.20616553155361084,0.18430010437999053
42.36550461226487,9.0,42.36550461226487,4.99990277227032,0.13024501461561083,3.3526479827886537,4.609346991076455,0.20624764918079608,0.18437387964326224
42.385504612264874,9.0,42.385504612264874,4.99990277184154,0.1302805662537247,3.3544923362244643,4.611191289851088,0.20632976291095462,0.1844476515944954
42.40550461226487,9.0,42.40550461226487,4.999902771503332,0.13031612582139254,3.356336606268783,4.6130355051812,0.20641187260261473,0.18452142020675572
42.42550461226487,9.0,42.42550461226487,4.999902771262385,0.1303516933422391,3.3581807923672984,4.614879636563085,0.20649397829747684,0.18459518546200993
42.44550461226488,9.0,42.44550461226488,4.999902771125861,0.13038726884008195,3.3600248939701713,4.616723683473248,0.2065760799749805,0.18466894733900613
42.46550461226487,9.0,42.46550461226487,4.999902771101439,0.1304228523377215,3.36186891047688,4.618567645304444,0.2066581775564873,0.18474270581204938
42.48550461226487,9.0,42.48550461226487,4.999902771197349,0.13045844385868993,3.3637128413191744,4.620411521458189,0.20674027102742354,0.18481646085866044
42.50550461226487,9.0,42.50550461226487,4.9999027714224145,0.13049404342488863,3.365556685847735,4.622255311320635,0.2068223603354391,0.1848902124526618
42.52550461226487,9.0,42.52550461226487,4.999902771786094,0.13052965105887634,3.3674004434402365,4.624099014222155,0.2069044454410327,0.1849639605685041
42.545504612264864,9.0,42.545504612264864,4.999902772298517,0.13056526678186864,3.369244113405454,4.625942629522198,0.20698652631768288,0.18503770518011128
42.565504612264874,9.0,42.565504612264874,4.9999027729705325,0.13060089061518482,3.371087695058629,4.627786156499955,0.20706860292181428,0.1851114462602908
42.58550461226487,9.0,42.58550461226487,4.999902773813756,0.13063652257940597,3.3729311876710644,4.629629594486466,0.20715067521110342,0.1851851837799576
42.605504612264866,9.0,42.605504612264866,4.9999027748406215,0.13067216269460363,3.374774590488407,4.631472942661199,0.2072327430900054,0.18525891770632374
42.62550461226486,9.0,42.62550461226486,4.999902776064443,0.1307078109800858,3.376617902715235,4.633316200225225,0.20731480653825818,0.18533264800916466
42.64550461226486,9.0,42.64550461226486,4.999902777499447,0.13074346745505722,3.3784611235486635,4.635159366422587,0.20739686552546477,0.18540637465675544
42.66550461226486,9.0,42.66550461226486,4.999902779160861,0.13077913213741163,3.3803042521171234,4.63700244035981,0.20747891997012102,0.18548009761426273
42.685504612264864,9.0,42.685504612264864,4.999902781064953,0.1308148050447745,3.3821472875331864,4.638845421149895,0.20756096981789618,0.1855538168458423
42.70550461226486,9.0,42.70550461226486,4.999902783229107,0.13085048619378106,3.3839902288561388,4.640688307867102,0.20764301502851046,0.18562753231590232
42.725504612264864,9.0,42.725504612264864,4.999902785671897,0.13088617560068108,3.385833075125999,4.642531099548077,0.2077250554841732,0.18570124398112128
42.74550461226486,9.0,42.74550461226486,4.999902788413143,0.13092187328039506,3.3876758253134334,4.644373795081067,0.20780709114590445,0.18577495180353132
42.765504612264856,9.0,42.765504612264856,4.999902791473995,0.13095757924743942,3.389518478362139,4.646216393566085,0.20788912198546905,0.1858486557416555
42.78550461226486,9.0,42.78550461226486,4.999902794877008,0.13099329351501524,3.3913610331527506,4.6480588937323795,0.20797114786672521,0.18592235574942714
42.805504612264855,9.0,42.805504612264855,4.999902798646222,0.13102901609555823,3.3932034885209017,4.649901294547527,0.2080531687669831,0.18599605178189552
42.82550461226486,9.0,42.82550461226486,4.99990280280723,0.13106474700058812,3.3950458432590316,4.651743594715892,0.208135184553488,0.1860697437884521
42.84550461226486,9.0,42.84550461226486,4.999902807387291,0.13110048624046197,3.3968880960906387,4.653585792958406,0.20821719514534376,0.1861434317172566
42.86550461226486,9.0,42.86550461226486,4.999902812415389,0.13113623382452613,3.398730245695082,4.655427887988032,0.2082992005226969,0.1862171155201731
42.88550461226485,9.0,42.88550461226485,4.999902817922332,0.1311719897609775,3.400572290682159,4.65726987846459,0.20838120052797082,0.1862907951370578
42.90550461226485,9.0,42.90550461226485,4.999902823940823,0.13120775405696689,3.4024142296171167,4.659111762787331,0.20846319505871191,0.18636447051101485
42.925504612264845,9.0,42.925504612264845,4.999902830505576,0.13124352671811926,3.4042560609770356,4.660953539659397,0.20854518411434553,0.1864381415861804
42.945504612264855,9.0,42.945504612264855,4.999902837653374,0.13127930774921925,3.4060977832032338,4.662795207346499,0.20862716746994803,0.1865118082937801
42.96550461226485,9.0,42.96550461226485,4.999902845423181,0.13131509715355086,3.4079393946514704,4.664636764282869,0.20870914507852545,0.18658547057045355
42.98550461226485,9.0,42.98550461226485,4.9999028538562,0.1313508949330775,3.4097808936107605,4.666478208710027,0.20879111681835427,0.18665912834782603
43.00550461226485,9.0,43.00550461226485,4.999902862995967,0.131386701088965,3.411622278333577,4.668319538928448,0.20887308260408632,0.18673278155623563
43.02550461226485,9.0,43.02550461226485,4.999902872888423,0.13142251562064075,3.4134635469796706,4.6701607530774965,0.20895504230246864,0.18680643012224857
43.04550461226484,9.0,43.04550461226484,4.999902883581986,0.1314583385261412,3.4153046976345545,4.672001849257313,0.20903699578857182,0.1868800739690625
43.065504612264846,9.0,43.065504612264846,4.999902895127599,0.13149416980262704,3.417145728340681,4.673842825480127,0.20911894292926103,0.18695371301684374
43.08550461226485,9.0,43.08550461226485,4.9999029075787975,0.1315300094455458,3.418986637052479,4.6756836796932575,0.2092008836438528,0.18702734718728256
43.105504612264845,9.0,43.105504612264845,4.999902920991744,0.1315658574498631,3.420827421701411,4.677524409928218,0.20928281781184888,0.18710097639618908
43.12550461226485,9.0,43.12550461226485,4.999902935425243,0.13160171380870378,3.4226680801223552,4.679365013889021,0.2093647452213938,0.18717460055340063
43.145504612264844,9.0,43.145504612264844,4.999902950940775,0.1316375785145081,3.424508610113168,4.681205489407871,0.2094466658269334,0.1872482195745525
43.16550461226484,9.0,43.16550461226484,4.999902967602475,0.1316734515582489,3.426349009401748,4.683045834298151,0.20952857951029857,0.1873218333699682
43.185504612264836,9.0,43.185504612264836,4.999902985477098,0.13170933293042503,3.428189275687246,4.684886046155564,0.2096104860737391,0.18739544184349213
43.205504612264846,9.0,43.205504612264846,4.999903004634002,0.1317452226209187,3.4300294066412493,4.686726122681209,0.20969238545438262,0.1874690449045163
43.22550461226484,9.0,43.22550461226484,4.999903025145036,0.13178112061858552,3.4318693998796683,4.6885660615334075,0.20977427753708966,0.18754264245904445
43.24550461226484,9.0,43.24550461226484,4.999903047084459,0.1318170269118755,3.4337092530030913,4.690405860274948,0.20985616214561187,0.18761623440743078
43.265504612264834,9.0,43.265504612264834,4.99990307052881,0.13185294148909749,3.4355489635998206,4.692245516470362,0.2099380391922394,0.18768982065474946
43.28550461226484,9.0,43.28550461226484,4.9999030955567365,0.13188886433844482,3.4373885292547874,4.6940850277542046,0.2100199085924226,0.1877634011055382
43.30550461226483,9.0,43.30550461226483,4.999903122248813,0.1319247954481865,3.439227947559924,4.6959243916962095,0.21010177022235643,0.1878369756628729
43.32550461226484,9.0,43.32550461226484,4.9999031506872695,0.13196073480691953,3.4410672161234577,4.6977636059056165,0.21018362398955048,0.1879105442313798
43.34550461226484,9.0,43.34550461226484,4.999903180955773,0.1319966824042165,3.4429063326019476,4.699602668066872,0.2102654697986024,0.18798410671608495
43.365504612264836,9.0,43.365504612264836,4.999903213139082,0.13203263822979744,3.4447452946606605,4.7014415757701755,0.21034730753794628,0.18805766302297733
43.38550461226483,9.0,43.38550461226483,4.999903247322704,0.13206860227531975,3.4465841000669872,4.703280326838533,0.21042913720670064,0.18813121306552177
43.405504612264835,9.0,43.405504612264835,4.99990328359253,0.13210457453342603,3.44842274663758,4.705118919109911,0.21051095873261527,0.1882047567568181
43.42550461226483,9.0,43.42550461226483,4.999903322034376,0.13214055499860317,3.450261232285055,4.706957350474214,0.2105927719984746,0.1882782940084795
43.44550461226483,9.0,43.44550461226483,4.999903362733543,0.132176543667444,3.452099555025002,4.708795618865958,0.2106745770020515,0.18835182474368406
43.46550461226484,9.0,43.46550461226484,4.999903405774334,0.13221254053840892,3.453937712977767,4.710633722549629,0.21075637379432965,0.18842534889170462
43.48550461226483,9.0,43.48550461226483,4.999903451239497,0.13224854561304367,3.455775704413759,4.712471659742512,0.2108381622508504,0.18849886637643107
43.50550461226483,9.0,43.50550461226483,4.9999034992097044,0.13228455889509425,3.457613527716989,4.714309428718441,0.21091994237491996,0.1885723771341471
43.525504612264825,9.0,43.525504612264825,4.999903549762952,0.13232058039137073,3.4594511814299995,4.716147028184763,0.21100171427666492,0.18864588111161365
43.54550461226482,9.0,43.54550461226482,4.9999036029739905,0.13235661011177283,3.4612886642524328,4.717984456744985,0.21108347788942572,0.1887193782528222
43.565504612264824,9.0,43.565504612264824,4.999903658913706,0.13239264806981502,3.4631259750639627,4.719821713301679,0.21116523327857584,0.18879286851381996
43.58550461226483,9.0,43.58550461226483,4.999903717648529,0.1324286942817852,3.464963112891836,4.721658796895755,0.2112469804760182,0.18886635185556755
43.60550461226482,9.0,43.60550461226482,4.999903779239828,0.13246474876749129,3.466800076930784,4.723495706690414,0.21132871951775334,0.18893982824542468
43.62550461226483,9.0,43.62550461226483,4.999903843743327,0.13250081155040505,3.4686368665727794,4.725332442082297,0.21141045049919915,0.189013297660548
43.64550461226482,9.0,43.64550461226482,4.99990391120853,0.1325368826570996,3.4704734813603566,4.727169002671512,0.21149217346803795,0.1890867600815219
43.66550461226482,9.0,43.66550461226482,4.9999039816781785,0.13257296211735126,3.472309920996661,4.7290053880643645,0.21157388844696134,0.18916021549440704
43.68550461226482,9.0,43.68550461226482,4.999904055187744,0.1326090499638004,3.4741461853300573,4.730841598167808,0.21165559558596714,0.18923366389806412
43.70550461226482,9.0,43.70550461226482,4.999904131764965,0.13264514623223203,3.475982274370109,4.732677633040416,0.2117372949167362,0.1893071052896878
43.72550461226482,9.0,43.72550461226482,4.999904211429431,0.13268125096120936,3.477818188259697,4.734513492671725,0.2118189864804254,0.189380539673858
43.745504612264824,9.0,43.745504612264824,4.999904294192213,0.13271736419123503,3.4796539272402645,4.736349177485422,0.21190067043566296,0.18945396706470471
43.76550461226482,9.0,43.76550461226482,4.999904380055542,0.13275348596515152,3.481489491669068,4.73818468772658,0.21198234674963912,0.18952738747147657
43.785504612264816,9.0,43.785504612264816,4.999904469012589,0.1327896163272465,3.4833248819757956,4.740020023823205,0.2120640155248319,0.18960080091344636
43.80550461226481,9.0,43.80550461226481,4.99990456104726,0.13282575532338484,3.48516009866546,4.741855186328979,0.21214567683133234,0.18967420741100927
43.82550461226481,9.0,43.82550461226481,4.999904656134098,0.13286190300048503,3.486995142294016,4.743690175763584,0.21222733071691202,0.18974760698728801
43.84550461226482,9.0,43.84550461226482,4.9999047542382025,0.13289805940572683,3.4888300134254115,4.745524992750658,0.21230897721702968,0.18982099966464389
43.865504612264814,9.0,43.865504612264814,4.999904855315269,0.13293422458692508,3.4906647126573005,4.747359637807007,0.21239061632591616,0.1898943854645578
43.88550461226481,9.0,43.88550461226481,4.999904959311659,0.13297039859161203,3.4924992405645305,4.749194111549171,0.21247224810665521,0.18996776441211347
43.905504612264814,9.0,43.905504612264814,4.999905066164502,0.13300658146672686,3.4943335976926746,4.751028414520012,0.21255387255324187,0.1900411365284047
43.92550461226481,9.0,43.92550461226481,4.999905175801928,0.13304277325855005,3.496167784548076,4.752862547210416,0.21263548967790058,0.19011450183471865
43.945504612264806,9.0,43.945504612264806,4.9999052881432755,0.13307897401245244,3.4980018015890715,4.75469651012376,0.2127170994894252,0.19018786035009164
43.965504612264816,9.0,43.965504612264816,4.999905403099399,0.13311518377232215,3.499835649192443,4.756530303600609,0.2127987019267774,0.19026121208743124
43.98550461226481,9.0,43.98550461226481,4.99990552057298,0.13315140258090485,3.50166932767662,4.758363927949819,0.2128802969726129,0.19033455705891034
44.00550461226481,9.0,44.00550461226481,4.999905640458906,0.13318763047841614,3.5035028372317214,4.760197383366834,0.21296188460700893,0.19040789527423332
44.02550461226481,9.0,44.02550461226481,4.999905762644654,0.13322386750366175,3.505336177969396,4.762030670005592,0.21304346479751413,0.19048122673847986
44.04550461226481,9.0,44.04550461226481,4.99990588701073,0.1332601136934098,3.5071693498943115,4.763863787819619,0.21312503744888778,0.19055455144934205
44.0655046122648,9.0,44.0655046122648,4.999906013431076,0.13329636908267095,3.5090023529267875,4.765696736736508,0.21320660255073465,0.1906278694057605
44.0855046122648,9.0,44.0855046122648,4.999906141773572,0.1333326337037248,3.5108351868346146,4.767529516596904,0.21328816001065354,0.19070118059732113
44.10550461226481,9.0,44.10550461226481,4.999906271900469,0.13336890758681416,3.5126678512935974,4.7693621269348325,0.21336970972412583,0.19077448500982674
44.125504612264805,9.0,44.125504612264805,4.999906403668897,0.13340519076047114,3.51450034587915,4.771194567462742,0.21345125170110624,0.19084778262966307
44.1455046122648,9.0,44.1455046122648,4.999906536931333,0.13344148325110694,3.5163326700675066,4.773026837567888,0.21353278579938273,0.19092107343259002
44.1655046122648,9.0,44.1655046122648,4.999906671536081,0.1334777850824121,3.5181648231857836,4.774858936644363,0.2136143119741063,0.1909943573949683
44.1855046122648,9.0,44.1855046122648,4.999906807327781,0.1335140962770398,3.5199968045153054,4.776690863921392,0.21369583010508375,0.19106763448454203
44.2055046122648,9.0,44.2055046122648,4.999906944147873,0.13355041685571545,3.5218286132324685,4.778522618582845,0.2137773401493166,0.19114090467078895
44.2255046122648,9.0,44.2255046122648,4.999907081835094,0.1335867468375776,3.5236602484369235,4.780354199786228,0.21385884202869176,0.19121416791768645
44.2455046122648,9.0,44.2455046122648,4.999907220225959,0.13362308623960392,3.5254917091135853,4.7821856064345365,0.21394033560120773,0.19128742418263334
44.2655046122648,9.0,44.2655046122648,4.999907359155224,0.13365943507835093,3.5273229942292574,4.7840168375349155,0.21402182083599186,0.19136067342526886
44.285504612264795,9.0,44.285504612264795,4.999907498456375,0.1336957933689405,3.5291541026708124,4.785847891957746,0.21410329765077796,0.19143391560159853
44.3055046122648,9.0,44.3055046122648,4.999907637962094,0.13373216112521205,3.5309850332659534,4.787678768574913,0.21418476596322966,0.19150715066455598
44.325504612264794,9.0,44.325504612264794,4.99990777750473,0.1337685383604795,3.532815784812183,4.789509466118299,0.214266225697207,0.1915803785667307
44.34550461226479,9.0,44.34550461226479,4.99990791691675,0.13380492508738473,3.534646356070611,4.791339983430021,0.21434767678843247,0.19165359925778164
44.3655046122648,9.0,44.3655046122648,4.99990805603123,0.1338413213175968,3.536476745754943,4.793170319140912,0.21442911912133056,0.19172681268491648
44.385504612264796,9.0,44.385504612264796,4.999908194682305,0.13387772706273748,3.538306952575382,4.795000471987401,0.21451055266678365,0.19180001879769845
44.40550461226479,9.0,44.40550461226479,4.999908332705641,0.13391414233375126,3.5401369752071337,4.7968304406733555,0.2145919773696181,0.19187321754476083
44.42550461226479,9.0,44.42550461226479,4.999908469938893,0.1339505671416625,3.541966812322681,4.7986602238636,0.2146733931238365,0.1919464088702475
44.445504612264784,9.0,44.445504612264784,4.9999086062221885,0.13398700149609302,3.5437964625339635,4.800489820127582,0.21475479985841428,0.19201959272011407
44.46550461226479,9.0,44.46550461226479,4.999908741398589,0.1340234454072055,3.5456259244713206,4.80231922814658,0.2148361975346118,0.19209276904005546
44.48550461226479,9.0,44.48550461226479,4.999908875314559,0.13405989888359304,3.547455196688152,4.804148446467422,0.21491758605932088,0.19216593777337007
44.50550461226479,9.0,44.50550461226479,4.999909007820447,0.13409636193377947,3.5492842777364513,4.805977473639121,0.21499896530014517,0.19223909885723595
44.52550461226479,9.0,44.52550461226479,4.999909138770954,0.13413283456457975,3.5511131660722666,4.8078063080355555,0.2150803351765047,0.19231225223228623
44.545504612264786,9.0,44.545504612264786,4.999909268025603,0.13416931678087632,3.5529418600683758,4.809634948174622,0.21516169565141263,0.1923853978378607
44.56550461226478,9.0,44.56550461226478,4.999909395449197,0.13420580858556214,3.554770357984613,4.81146339226343,0.21524304647646098,0.19245853559789627
44.585504612264785,9.0,44.585504612264785,4.999909520912294,0.13424230997866368,3.556598657944666,4.81329163830085,0.21532438751960292,0.1925316654387172
44.60550461226479,9.0,44.60550461226479,4.9999096442916455,0.13427882095580174,3.5584267578470854,4.815119684399106,0.21540571868381386,0.19260478728139485
44.625504612264784,9.0,44.625504612264784,4.999909765470647,0.13431534150804264,3.560254655364864,4.816947528083747,0.21548703961964533,0.19267790102659635
44.64550461226479,9.0,44.64550461226479,4.999909884339729,0.13435187161982193,3.5620823478417836,4.8187751667453185,0.21556835010522457,0.1927510065705048
44.66550461226478,9.0,44.66550461226478,4.999910000796809,0.13438841126812737,3.563909832243562,4.820602597335705,0.21564964982143842,0.1928241037925452
44.68550461226478,9.0,44.68550461226478,4.999910114747613,0.13442496042005211,3.5657371050493074,4.822429816393758,0.21573093838010182,0.19289719255242696
44.705504612264775,9.0,44.705504612264775,4.999910226106051,0.1344615190311118,3.567564162154825,4.824256819735341,0.2158122152530586,0.19297027268294162
44.72550461226477,9.0,44.72550461226477,4.999910334794527,0.13449808704259483,3.569390998755444,4.826083602599427,0.21589347992235197,0.1930433439939971
44.74550461226478,9.0,44.74550461226478,4.999910440744197,0.13453466437925815,3.5712176092192753,4.827910159340549,0.21597473172053583,0.19311640626051188
44.76550461226478,9.0,44.76550461226478,4.999910543895201,0.13457125094568997,3.5730439869140866,4.8297364833730505,0.21605596987221043,0.1931894592184631
44.78550461226477,9.0,44.78550461226477,4.999910644196861,0.13460784662233746,3.5748701240095717,4.831562566848294,0.2161371933785987,0.193262502551247
44.80550461226478,9.0,44.80550461226478,4.999910741607769,0.13464445126235577,3.5766960113200796,4.83338840050173,0.216218401177247,0.19333553589350294
44.82550461226477,9.0,44.82550461226477,4.99991083609591,0.13468106468603444,3.5785216380351494,4.835213973689093,0.21629959201963178,0.19340855881379568
44.84550461226477,9.0,44.84550461226477,4.9999109276386395,0.13471768667495568,3.5803469914251047,4.837039273546308,0.2163807643108866,0.19348157080051986
44.86550461226478,9.0,44.86550461226478,4.999911016222668,0.13475431696655188,3.5821720565715465,4.838864285223289,0.21646191636082834,0.19355457126036463
44.885504612264775,9.0,44.885504612264775,4.999911101843953,0.1347909552458166,3.583996815967628,4.8406889912592925,0.216543046078304,0.1936275594917977
44.90550461226477,9.0,44.90550461226477,4.999911184507545,0.13482760113719217,3.5858212491130974,4.842513371068236,0.21662415102681498,0.1937005346737766
44.925504612264774,9.0,44.925504612264774,4.999911264227384,0.13486425419402912,3.5876453319938606,4.8443374007351645,0.21670522843328754,0.1937734958475499
44.94550461226477,9.0,44.94550461226477,4.999911341026033,0.13490091388750616,3.5894690365409487,4.846161052135987,0.21678627498612002,0.19384644188897845
44.965504612264766,9.0,44.965504612264766,4.999911414934378,0.13493757959139435,3.5912923298785753,4.847984292476894,0.2168672868626489,0.19391937148460667
44.98550461226476,9.0,44.98550461226476,4.999911485991285,0.13497425056566956,3.593115173517337,4.8498070832205915,0.21694825952302343,0.19399228309411037
45.00550461226477,9.0,45.00550461226477,4.999911554243207,0.13501092593610736,3.594937522351782,4.851629379336622,0.2170291877007391,0.19406517491528205
45.02550461226477,9.0,45.02550461226477,4.999911619743799,0.1350476046691156,3.5967593234234574,4.853451127886534,0.21711006509888797,0.19413804482838817
45.045504612264764,9.0,45.045504612264764,4.999911682553487,0.13508428554085788,3.598580514401791,4.855272266542516,0.21719088425785937,0.19421089033886646
45.06550461226476,9.0,45.06550461226476,4.999911742739041,0.13512096709944224,3.600401021722858,4.857092721772808,0.21727163635614577,0.19428370850728066
45.085504612264764,9.0,45.085504612264764,4.999911800373192,0.13515764761653498,3.6022207582095427,4.8589124065388685,0.21735231074506522,0.1943564958462984
45.10550461226476,9.0,45.10550461226476,4.99991185553422,0.13519432502684364,3.6040396200976272,4.8607312170062915,0.21743289449577352,0.19442924820255247
45.12550461226476,9.0,45.12550461226476,4.999911908305599,0.13523099685105736,3.6058574832458605,4.862549029216352,0.2175133720126654,0.1945019606125224
45.145504612264766,9.0,45.145504612264766,4.999911958775723,0.13526766009389063,3.607674198115802,4.864365693673355,0.21759372400981603,0.19457462709453893
45.16550461226476,9.0,45.16550461226476,4.999912007037701,0.13530431111376726,3.609489583365815,4.866181029207673,0.217673926611754,0.19464724039281947
45.18550461226476,9.0,45.18550461226476,4.999912053189241,0.1353409454476493,3.6113034172288896,4.86799481415219,0.21775394986068086,0.19471979163372308
45.20550461226476,9.0,45.20550461226476,4.999912097332711,0.13537755757704695,3.613115426012972,4.869806775082322,0.21783375580661035,0.19479226986444467
45.22550461226476,9.0,45.22550461226476,4.999912139575386,0.13541414060904097,3.6149252683951345,4.871616570885476,0.21791329574322926,0.19486466142910694
45.24550461226476,9.0,45.24550461226476,4.999912180029937,0.13545068583595107,3.6167325137696342,4.873423771485133,0.21799250627124733,0.19493694909371123
45.26550461226476,9.0,45.26550461226476,4.9999122188153,0.13548718211531416,3.618536611741233,4.875227826885571,0.2180713034622368,0.1950091108212068
45.28550461226476,9.0,45.28550461226476,4.999912256058028,0.13552361498501683,3.6203368485995018,4.877028024179314,0.21814957474705476,0.1950811180374123
45.305504612264755,9.0,45.305504612264755,4.999912291894314,0.13555996537046902,3.6221322837157803,4.878823423832786,0.21822716599846137,0.19515293307114978
45.32550461226475,9.0,45.32550461226475,4.999912326473039,0.13559620766030223,3.6239216548878583,4.880612765224337,0.21830386199077756,0.19522450535100294
45.34550461226475,9.0,45.34550461226475,4.9999123599602875,0.13563230677199395,3.6257032339919055,4.882394322563401,0.21837935556340637,0.19529576561060158
45.36550461226475,9.0,45.36550461226475,4.9999123925461175,0.13566821356634448,3.6274746014260018,4.884165679954975,0.21845319752593806,0.19536661681346842
45.385504612264754,9.0,45.385504612264754,4.999912424454904,0.13570385749293457,3.629232284352311,4.885923370270557,0.21852471334858548,0.1954369195839636
45.40550461226475,9.0,45.40550461226475,4.999912455961392,0.13573913447693667,3.630971160918599,4.887662281043026,0.218592861287918,0.1955064681863246
45.42550461226475,9.0,45.42550461226475,4.999912487416291,0.13577388645626792,3.632683453835924,4.889374650607228,0.218655984788374,0.1955749498853897
45.44550461226475,9.0,45.44550461226475,4.999912519288145,0.13580786613095405,3.6343569968189238,4.891048339257799,0.21871137589227185,0.19564187487931825
45.465504612264745,9.0,45.465504612264745,4.999912552233318,0.1358406759671694,3.6359722352646155,4.892663838093196,0.21875451532362344,0.19570645512168025
45.48550461226475,9.0,45.48550461226475,4.999912587214178,0.1358716661450394,3.637497209033077,4.894189263502698,0.2187778504986877,0.19576740256822228
45.50550461226475,9.0,45.50550461226475,4.9999126257068305,0.13589964139365318,3.638873120656548,4.8955660257088045,0.2187693464410616,0.1958226410028766
45.52550461226475,9.0,45.52550461226475,4.99991267002426,0.13592328024744627,3.640035051832388,4.8967289715920606,0.21871596924082404,0.1958691588504956
45.54550461226475,9.0,45.54550461226475,4.9999127234639875,0.13594064280759713,3.640887650208987,4.897583060177997,0.218602349678795,0.19590332244787306
45.565504612264746,9.0,45.565504612264746,4.99991279038659,0.13595103675315423,3.641397107167445,4.898093339150017,0.21844591964996818,0.19592337041821592
45.58550461226474,9.0,45.58550461226474,4.99991287527826,0.13595521197395147,3.6416004627670544,4.898296596219026,0.21829854784096048,0.19593186385745134
45.60550461226474,9.0,45.60550461226474,4.999912981781557,0.13595645003067947,3.6416594165420095,4.898353802155967,0.2182155028440267,0.19593415208632536
45.625504612264734,9.0,45.625504612264734,4.999913111435885,0.13595662945210676,3.6416663059950163,4.898359704827775,0.21818869293761844,0.19593438819347053
45.645504612264745,9.0,45.645504612264745,4.999913264098245,0.13595658505109867,3.6416621902377777,4.898355333682744,0.2181881816018083,0.1959342133484533
45.66550461226474,9.0,45.66550461226474,4.999913437109206,0.1359565285673668,3.641657476805542,4.898350695069399,0.21819301466337615,0.19593402780510297
45.68550461226474,9.0,45.68550461226474,4.999913605365826,0.13595666378142446,3.641662205157977,4.8983554034021335,0.21820019349125852,0.195934216138504
45.702921538409726,9.0,45.702921538409726,4.999913689812646,0.13595724286762048,3.6416890425690696,4.8983820303402315,0.21821344646222007,0.19593528180749534
45.721367995363664,9.0,45.721367995363664,4.999913716563366,0.13595760517918912,3.6417050665116286,4.898398555409092,0.21821224246084814,0.1959359422173517
45.74136799536366,9.0,45.74136799536366,4.999913721122685,0.13595763334180316,3.641704502613747,4.898398113139054,0.21820290957236654,0.19593592452656775
45.761367995363656,9.0,45.761367995363656,4.999913723436593,0.13595763005709763,3.6417024098469466,4.89839578704931,0.21819966316694295,0.1959358314826238
45.78136799536366,9.0,45.78136799536366,4.999913727008368,0.13595765782915914,3.6417018432469255,4.898395156084945,0.21820016642310458,0.19593580634422447
45.80136799536366,9.0,45.80136799536366,4.99991373088257,0.13595769842867847,3.6417019063607508,4.898395241659816,0.21820098593427018,0.19593580966946078
45.82136799536366,9.0,45.82136799536366,4.999913734531487,0.13595773991954288,3.6417020134034552,4.8983953670112985,0.21820129728474313,0.19593581468752808
45.84136799536366,9.0,45.84136799536366,4.99991373790385,0.13595778061073474,3.6417020815707266,4.898395438899843,0.2182013298968819,0.19593581756322437
45.86136799536366,9.0,45.86136799536366,4.999913741048145,0.13595782089182132,3.6417021299840524,4.898395486447467,0.21820130233300672,0.19593581946360392
45.881367995363654,9.0,45.881367995363654,4.999913744001061,0.13595786102932106,3.641702171733131,4.898395527398388,0.21820128364407365,0.19593582110068503
45.90136799536366,9.0,45.90136799536366,4.999913746785565,0.13595790108002048,3.6417022096173364,4.898395565020634,0.21820127733360017,0.19593582260349837
45.92136799536366,9.0,45.92136799536366,4.999913749419266,0.13595794104995673,3.6417022439511064,4.8983955992911286,0.21820127628516595,0.19593582397488354
45.941367995363656,9.0,45.941367995363656,4.999913751917206,0.1359579809459981,3.641702275085741,4.898395630476538,0.21820127647271947,0.19593582522057593
45.96136799536366,9.0,45.96136799536366,4.999913754292372,0.13595802077633015,3.6417023034407303,4.898395658809997,0.2182012766501944,0.19593582635417245
45.981367995363655,9.0,45.981367995363655,4.999913756555997,0.13595806054867318,3.6417023294093913,4.898395684801917,0.21820127675568024,0.1959358273935583
46.00136799536365,9.0,46.00136799536365,4.999913758717812,0.13595810026900743,3.641702353300137,4.898395708691208,0.21820127680599422,0.1959358283488559
46.02136799536365,9.0,46.02136799536365,4.999913760786346,0.13595813994237274,3.641702375373333,4.898395730763549,0.21820127688107638,0.19593582923156536
46.04136799536366,9.0,46.04136799536366,4.999913762769075,0.1359581795729437,3.6417023958493924,4.898395751239086,0.21820127699383418,0.1959358300504826
46.06136799536365,9.0,46.06136799536365,4.999913764672619,0.13595821916414078,3.6417024149121007,4.898395770301892,0.21820127713744464,0.1959358308128618
46.08136799536365,9.0,46.08136799536365,4.999913766502857,0.13595825871886166,3.6417024327194136,4.898395788109052,0.21820127730478944,0.19593583152503738
46.101367995363645,9.0,46.101367995363645,4.99991376826504,0.13595829823967026,3.6417024494072185,4.89839580479693,0.21820127748998486,0.1959358321924232
46.12136799536365,9.0,46.12136799536365,4.999913769963868,0.13595833772855956,3.6417024650909786,4.8983958204808316,0.21820127768830577,0.19593583281968724
46.141367995363645,9.0,46.141367995363645,4.999913771603569,0.1359583771873615,3.6417024798730098,4.898395835262895,0.21820127789737498,0.19593583341092152
46.16136799536364,9.0,46.16136799536364,4.999913773187965,0.1359584166175018,3.641702493840222,4.898395849230095,0.21820127811394885,0.19593583396960523
46.18136799536365,9.0,46.18136799536365,4.999913774720524,0.13595845602038434,3.6417025070730675,4.898395862463108,0.21820127833690295,0.19593583449887078
46.20136799536365,9.0,46.20136799536365,4.9999137762043855,0.13595849539704843,3.641702519636409,4.898395875026344,0.21820127856269877,0.19593583500135406
46.22136799536364,9.0,46.22136799536364,4.999913777642423,0.13595853474833464,3.641702531590589,4.898395886980733,0.21820127879137585,0.19593583547949606
46.241367995363646,9.0,46.241367995363646,4.999913779037255,0.13595857407526626,3.6417025429908225,4.898395898380851,0.2182012790225505,0.19593583593547528
46.26136799536364,9.0,46.26136799536364,4.9999137803912905,0.1359586133782816,3.64170255388156,4.898395909271749,0.2182012792538508,0.19593583637109263
46.28136799536364,9.0,46.28136799536364,4.999913781706734,0.13595865265808513,3.641702564306776,4.898395919696847,0.21820127948558143,0.19593583678806867
46.30136799536365,9.0,46.30136799536365,4.999913782985625,0.13595869191513582,3.6417025743033076,4.898395929693635,0.21820127971673298,0.19593583718788835
46.321367995363644,9.0,46.321367995363644,4.999913784229836,0.13595873114980406,3.6417025839038963,4.898395939294103,0.21820127994711092,0.19593583757192584
46.34136799536364,9.0,46.34136799536364,4.9999137854411115,0.13595877036246795,3.6417025931405798,4.8983959485308155,0.2182012801770048,0.19593583794140024
46.361367995363636,9.0,46.361367995363636,4.999913786621054,0.13595880955337977,3.6417026020406023,4.898395957430872,0.2182012804050104,0.195935838297355
46.38136799536363,9.0,46.38136799536363,4.999913787771162,0.1359588487227536,3.641702610628063,4.898395966018302,0.21820128063133515,0.1959358386408246
46.401367995363636,9.0,46.401367995363636,4.999913788892823,0.13595888787079877,3.641702618925525,4.898395974315801,0.21820128085633472,0.1959358389727303
46.42136799536363,9.0,46.42136799536363,4.99991378998734,0.13595892699757053,3.641702626952105,4.898395982342434,0.21820128107922887,0.19593583929383104
46.441367995363635,9.0,46.441367995363635,4.999913791055912,0.13595896610328947,3.6417026347292265,4.898395990119378,0.21820128129992877,0.19593583960483302
46.46136799536364,9.0,46.46136799536364,4.99991379209968,0.13595900518791085,3.641702642271417,4.8983959976617095,0.21820128151203688,0.19593583990593832
46.481367995363634,9.0,46.481367995363634,4.999913793119698,0.13595904425150207,3.641702649592867,4.898396004968956,0.21820128172882036,0.19593584019886123
46.50136799536363,9.0,46.50136799536363,4.9999137941169565,0.13595908329413037,3.6417026567140285,4.8983960121075105,0.21820128195833055,0.19593584048439805
46.52136799536363,9.0,46.52136799536363,4.999913795092383,0.13595912231569887,3.6417026636411833,4.898396019031958,0.21820128216515,0.19593584076137177
46.54136799536363,9.0,46.54136799536363,4.9999137960468625,0.13595916131625183,3.6417026703896247,4.89839602577976,0.21820128237450298,0.195935841031225
46.56136799536363,9.0,46.56136799536363,4.999913796981218,0.13595920029563327,3.641702676968471,4.898396032358481,0.21820128258318272,0.1959358412943805
46.581367995363635,9.0,46.581367995363635,4.999913797896217,0.13595923925390538,3.641702683388886,4.898396038778789,0.21820128279061324,0.19593584155123472
46.60136799536363,9.0,46.60136799536363,4.999913798792599,0.1359592781908635,3.6417026896603484,4.898396045050264,0.2182012830096669,0.1959358418032738
46.62136799536363,9.0,46.62136799536363,4.999913799671051,0.13595931710655262,3.6417026957941876,4.898396051212202,0.21820128319820542,0.1959358420472892
46.64136799536362,9.0,46.64136799536362,4.999913800532235,0.13595935600056544,3.641702701786483,4.898396057141824,0.21820128337127365,0.19593584228571762
46.66136799536362,9.0,46.66136799536362,4.999913801376764,0.1359593948731572,3.6417027076628576,4.898396063057904,0.21820128362431745,0.19593584252358265
46.68136799536363,9.0,46.68136799536363,4.999913802205224,0.13595943372401015,3.6417027134194924,4.898396068838834,0.21820128381232662,0.19593584275360446
46.701367995363626,9.0,46.701367995363626,4.999913803018171,0.13595947255283433,3.6417027190587756,4.898396074442014,0.21820128397703398,0.195935842977725
46.72136799536362,9.0,46.72136799536362,4.999913803816134,0.13595951135976642,3.6417027245960356,4.8983960799843596,0.21820128417552587,0.19593584319881627
46.741367995363625,9.0,46.741367995363625,4.9999138045996165,0.13595955014445799,3.6417027300315516,4.898396085407218,0.21820128436995923,0.19593584341630993
46.76136799536362,9.0,46.76136799536362,4.999913805369088,0.13595958890680876,3.641702735373302,4.898396090766388,0.21820128457380505,0.1959358436307019
46.78136799536362,9.0,46.78136799536362,4.999913806125011,0.13595962764663794,3.6417027406234226,4.898396096013695,0.218201284756395,0.19593584384060075
46.80136799536362,9.0,46.80136799536362,4.999913806867812,0.13595966636378715,3.641702745789441,4.898396101179032,0.21820128494202784,0.19593584404712466
46.82136799536362,9.0,46.82136799536362,4.999913807597905,0.13595970505799146,3.641702750871112,4.8983961062604395,0.21820128512744796,0.19593584425044921
46.84136799536362,9.0,46.84136799536362,4.999913808315678,0.13595974372918276,3.6417027558769988,4.898396111266327,0.21820128531234007,0.19593584445067883
46.86136799536362,9.0,46.86136799536362,4.99991380902151,0.13595978237709713,3.641702760807778,4.898396116197142,0.21820128549525242,0.19593584464794686
46.88136799536362,9.0,46.88136799536362,4.999913809715758,0.1359598210015473,3.641702765668501,4.898396121057743,0.21820128567622765,0.19593584484233897
46.901367995363614,9.0,46.901367995363614,4.999913810398761,0.13595985960232398,3.6417027704614924,4.898396125850713,0.21820128586311593,0.19593584503466013
46.92136799536361,9.0,46.92136799536361,4.999913811070853,0.13595989817925472,3.6417027751915514,4.898396130594625,0.21820128604159494,0.19593584522380614
46.94136799536362,9.0,46.94136799536362,4.999913811732338,0.13595993673208734,3.641702779858204,4.898396135243962,0.2182012861977074,0.19593584540913278
46.96136799536362,9.0,46.96136799536362,4.999913812383523,0.1359599752605797,3.641702784465057,4.898396139839383,0.21820128638681435,0.19593584559422675
46.98136799536361,9.0,46.98136799536361,4.999913813024695,0.13596001376473593,3.6417027890217333,4.898396144427975,0.21820128657679083,0.19593584577710701
47.00136799536361,9.0,47.00136799536361,4.9999138136561285,0.13596005224405006,3.6417027935182626,4.898396148904606,0.21820128673029826,0.19593584595621236
47.02136799536361,9.0,47.02136799536361,4.999913814278082,0.13596009069848514,3.6417027979665195,4.898396153354559,0.21820128690011176,0.19593584613358406
47.04136799536361,9.0,47.04136799536361,4.999913814890818,0.13596012912772817,3.641702802363123,4.898396157737778,0.21820128707275543,0.1959358463095516
47.061367995363604,9.0,47.061367995363604,4.999913815494577,0.1359601675317031,3.6417028067158768,4.898396162107879,0.21820128725668608,0.19593584648432077
47.081367995363614,9.0,47.081367995363614,4.999913816089591,0.13596020591002586,3.6417028110214016,4.898396166410719,0.218201287419721,0.1959358466564264
47.10136799536361,9.0,47.10136799536361,4.999913816676086,0.13596024426254916,3.641702815283146,4.898396170671521,0.21820128758668522,0.19593584682689294
47.121367995363606,9.0,47.121367995363606,4.999913817254284,0.13596028258906917,3.6417028195045673,4.898396174892935,0.21820128775383996,0.19593584699568098
47.14136799536361,9.0,47.14136799536361,4.999913817824385,0.1359603208892994,3.6417028236848177,4.89839617907314,0.21820128792017135,0.19593584716291534
47.161367995363605,9.0,47.161367995363605,4.999913818386595,0.13596035916304677,3.6417028278256773,4.898396183213908,0.2182012880853743,0.19593584732858266
47.1813679953636,9.0,47.1813679953636,4.999913818941105,0.13596039741007854,3.641702831930718,4.898396187318854,0.2182012882497224,0.19593584749274431
47.20136799536361,9.0,47.20136799536361,4.999913819488105,0.13596043563020044,3.641702835999617,4.898396191387744,0.2182012884131126,0.19593584765549954
47.22136799536361,9.0,47.22136799536361,4.999913820027769,0.135960473823121,3.641702840032985,4.898396195420918,0.21820128857516874,0.19593584781684115
47.2413679953636,9.0,47.2413679953636,4.999913820560277,0.1359605119886778,3.641702844034307,4.898396199422304,0.21820128873733502,0.1959358479769009
47.2613679953636,9.0,47.2613679953636,4.999913821085792,0.13596055012658398,3.641702848003034,4.898396203390902,0.21820128889815749,0.19593584813566403
47.281367995363595,9.0,47.281367995363595,4.9999138216044745,0.1359605882366145,3.6417028519410066,4.898396207328765,0.21820128905830805,0.19593584829319305
47.3013679953636,9.0,47.3013679953636,4.999913822116483,0.13596062631862083,3.6417028558503834,4.898396211238045,0.2182012892176104,0.19593584844952416
47.3213679953636,9.0,47.3213679953636,4.999913822621966,0.13596066437225962,3.641702859729854,4.898396215117411,0.21820128937567507,0.19593584860469868
47.3413679953636,9.0,47.3413679953636,4.9999138231210685,0.13596070239736247,3.6417028635820405,4.898396218969558,0.2182012895335248,0.19593584875878597
47.3613679953636,9.0,47.3613679953636,4.999913823613937,0.1359607403936734,3.6417028674067207,4.898396222794225,0.21820128968342667,0.19593584891119586
47.3813679953636,9.0,47.3813679953636,4.999913824100704,0.1359607783609449,3.641702871204596,4.898396226577804,0.21820128983893605,0.19593584906308728
47.40136799536359,9.0,47.40136799536359,4.999913824581504,0.13596081629904555,3.64170287498118,4.898396230371763,0.2182012900090875,0.1959358492148483
47.421367995363596,9.0,47.421367995363596,4.999913825056455,0.13596085420764784,3.6417028787302907,4.898396234118101,0.21820129015730716,0.19593584936468522
47.44136799536359,9.0,47.44136799536359,4.999913825525693,0.1359608920864851,3.6417028824550504,4.898396237842196,0.21820129031026303,0.19593584951369175
47.461367995363595,9.0,47.461367995363595,4.999913825989329,0.13596092993546477,3.6417028861592864,4.898396241546099,0.21820129046455028,0.19593584966183217
47.4813679953636,9.0,47.4813679953636,4.999913826447484,0.1359609677542502,3.64170288984067,4.898396245227559,0.21820129061807503,0.19593584980912077
47.501367995363594,9.0,47.501367995363594,4.9999138269002685,0.13596100554257604,3.641702893498889,4.898396248885826,0.21820129076977635,0.19593584995546487
47.52136799536359,9.0,47.52136799536359,4.99991382734779,0.1359610433003576,3.6417028971385053,4.898396252525102,0.2182012909218103,0.1959358501010125
47.541367995363586,9.0,47.541367995363586,4.9999138277901585,0.1359610810272035,3.641702900757469,4.898396256144142,0.2182012910873916,0.19593585024698318
47.56136799536358,9.0,47.56136799536358,4.9999138282274735,0.13596111872307196,3.641702904359584,4.898396259774275,0.21820129122362664,0.19593585038975
47.58136799536359,9.0,47.58136799536359,4.999913828659834,0.13596115638742057,3.6417029079339134,4.898396263285845,0.21820129136006372,0.19593585053267012
47.60136799536359,9.0,47.60136799536359,4.999913829087334,0.1359611940204547,3.641702911502055,4.898396266921702,0.21820129154871104,0.1959358506768357
47.621367995363585,9.0,47.621367995363585,4.999913829510073,0.13596123162151624,3.6417029150421687,4.898396270423483,0.21820129166056734,0.19593585081692833
47.64136799536359,9.0,47.64136799536359,4.999913829928145,0.13596126919065984,3.64170291856835,4.898396273953215,0.2182012918177283,0.19593585095812724
47.661367995363584,9.0,47.661367995363584,4.999913830341632,0.13596130672757087,3.6417029220778736,4.898396277464135,0.21820129196089288,0.19593585109793757
47.68136799536358,9.0,47.68136799536358,4.9999138307506215,0.13596134423196254,3.6417029255691458,4.898396280941252,0.21820129210832606,0.1959358512376684
47.70136799536358,9.0,47.70136799536358,4.999913831155195,0.13596138170376346,3.6417029290474,4.898396284436818,0.21820129226897222,0.19593585137749067
47.721367995363586,9.0,47.721367995363586,4.999913831555441,0.13596141914258958,3.64170293250855,4.898396287895251,0.21820129240886077,0.19593585151577736
47.74136799536358,9.0,47.74136799536358,4.99991383195143,0.13596145654827535,3.6417029359542195,4.898396291340065,0.21820129255362275,0.19593585165359562
47.761367995363585,9.0,47.761367995363585,4.99991383234324,0.13596149392058293,3.6417029393846883,4.898396294770437,0.21820129269901223,0.1959358517908126
47.78136799536358,9.0,47.78136799536358,4.999913832730955,0.1359615312593003,3.6417029428011825,4.89839629818689,0.21820129285183576,0.1959358519281054
47.80136799536358,9.0,47.80136799536358,4.999913833114639,0.13596156856426694,3.6417029462048505,4.898396301604532,0.21820129298871427,0.19593585206354316
47.82136799536357,9.0,47.82136799536357,4.9999138334943645,0.13596160583505726,3.6417029495897144,4.898396304957993,0.21820129312612746,0.19593585219894433
47.84136799536358,9.0,47.84136799536358,4.999913833870207,0.13596164307167546,3.6417029529672655,4.8983963083693025,0.21820129328929827,0.19593585233476865
47.86136799536358,9.0,47.86136799536358,4.999913834242225,0.13596168027377548,3.6417029563271606,4.898396311710056,0.21820129341451677,0.19593585246843354
47.881367995363576,9.0,47.881367995363576,4.999913834610488,0.13596171744117888,3.6417029596759622,4.898396315060579,0.21820129356134155,0.1959358526024282
47.90136799536357,9.0,47.90136799536357,4.999913834975064,0.13596175457365817,3.6417029630115136,4.89839631839669,0.21820129370462737,0.19593585273587516
47.921367995363575,9.0,47.921367995363575,4.999913835336007,0.1359617916709605,3.6417029663356786,4.8983963217209014,0.218201293846902,0.19593585286884296
47.94136799536357,9.0,47.94136799536357,4.99991383569338,0.13596182873295698,3.6417029696478664,4.898396325032998,0.21820129398809263,0.19593585300130073
47.961367995363574,9.0,47.961367995363574,4.9999138360472495,0.1359618657592692,3.641702972946907,4.898396328332109,0.21820129412887823,0.1959358531332891
47.98136799536358,9.0,47.98136799536358,4.999913836397667,0.1359619027498388,3.641702976235411,4.898396331620254,0.21820129426997115,0.19593585326483973
48.00136799536357,9.0,48.00136799536357,4.999913836744692,0.1359619397043916,3.641702979512282,4.898396334897151,0.21820129440987612,0.19593585339587388
48.02136799536357,9.0,48.02136799536357,4.999913837088374,0.13596197662266696,3.641702982779128,4.898396338163951,0.21820129455031045,0.19593585352654647
48.04136799536357,9.0,48.04136799536357,4.999913837428771,0.13596201350450998,3.6417029860332293,4.898396341417986,0.21820129468944094,0.19593585365673502
48.06136799536357,9.0,48.06136799536357,4.999913837765933,0.1359620503496394,3.6417029892775736,4.898396344662174,0.21820129482902484,0.19593585378652362
48.081367995363564,9.0,48.081367995363564,4.999913838099913,0.13596208715795807,3.6417029925120095,4.8983963478965595,0.21820129496026341,0.19593585391522583
48.101367995363574,9.0,48.101367995363574,4.999913838430766,0.13596212392910514,3.641702995734809,4.898396351105203,0.21820129509931663,0.19593585404423117
48.12136799536357,9.0,48.12136799536357,4.999913838758534,0.13596216066300043,3.6417029989503464,4.898396354338027,0.21820129525094378,0.1959358541735066
48.14136799536357,9.0,48.14136799536357,4.999913839083265,0.13596219735933437,3.641703002153781,4.898396357538804,0.21820129538274546,0.19593585430154906
48.16136799536356,9.0,48.16136799536356,4.999913839405006,0.13596223401796967,3.6417030053478916,4.898396360732048,0.21820129551853684,0.19593585442924366
48.18136799536356,9.0,48.18136799536356,4.999913839723804,0.13596227063862987,3.641703008532285,4.898396363916324,0.21820129565596735,0.19593585455663529
48.20136799536356,9.0,48.20136799536356,4.999913840039704,0.13596230722113214,3.6417030117076084,4.898396367091586,0.2182012958000139,0.19593585468423633
48.221367995363565,9.0,48.221367995363565,4.9999138403527486,0.13596234376532018,3.641703014874458,4.898396370272369,0.21820129593638704,0.19593585481086473
48.24136799536356,9.0,48.24136799536356,4.999913840662977,0.13596238027084095,3.6417030180304453,4.8983963734110185,0.21820129605911198,0.19593585493641869
48.261367995363564,9.0,48.261367995363564,4.999913840970436,0.135962416737668,3.6417030211791106,4.898396376562143,0.2182012962004123,0.19593585506243358
48.28136799536356,9.0,48.28136799536356,4.9999138412751645,0.13596245316548916,3.641703024318265,4.898396379702071,0.21820129633717045,0.19593585518805434
48.301367995363556,9.0,48.301367995363556,4.999913841577201,0.13596248955413595,3.6417030274488096,4.8983963828324955,0.21820129647205944,0.19593585531327448
48.32136799536356,9.0,48.32136799536356,4.999913841876584,0.13596252590336094,3.6417030305702287,4.898396385953825,0.21820129660675658,0.19593585543815623
48.341367995363555,9.0,48.341367995363555,4.999913842173356,0.13596256221306177,3.641703033684954,4.898396389068436,0.21820129674187116,0.19593585556273826
48.36136799536356,9.0,48.36136799536356,4.999913842467552,0.13596259848290718,3.6417030367898673,4.898396392173194,0.2182012968758471,0.19593585568695596
48.38136799536356,9.0,48.38136799536356,4.999913842759205,0.13596263471280298,3.641703039887771,4.898396395271162,0.21820129700973956,0.19593585581083556
48.40136799536356,9.0,48.40136799536356,4.999913843048356,0.13596267090241845,3.641703042976472,4.898396398359636,0.21820129714354808,0.19593585593443788
48.42136799536355,9.0,48.42136799536355,4.999913843335035,0.13596270705172453,3.6417030460593813,4.898396401442592,0.21820129727704618,0.19593585605769145
48.44136799536355,9.0,48.44136799536355,4.99991384361928,0.13596274316043108,3.641703049132824,4.89839640451595,0.21820129740267458,0.19593585618004736
48.461367995363545,9.0,48.461367995363545,4.999913843901123,0.1359627792283144,3.641703052198782,4.8983964075676605,0.21820129753552298,0.19593585630269997
48.481367995363556,9.0,48.481367995363556,4.999913844180596,0.1359628152552645,3.6417030552582976,4.898396410644564,0.21820129768162166,0.19593585642579542
48.50136799536355,9.0,48.50136799536355,4.999913844457736,0.13596285124101054,3.641703058309187,4.898396413692744,0.21820129780764086,0.19593585654769588
48.52136799536355,9.0,48.52136799536355,4.999913844732567,0.1359628871853651,3.641703061352871,4.898396416735496,0.21820129793821064,0.19593585666939828
48.54136799536355,9.0,48.54136799536355,4.999913845005126,0.13596292308816874,3.6417030643892168,4.898396419771928,0.21820129807039912,0.19593585679088096
48.56136799536355,9.0,48.56136799536355,4.999913845275441,0.13596295894917879,3.6417030674183097,4.898396422800905,0.21820129820205292,0.19593585691206108
48.58136799536354,9.0,48.58136799536354,4.999913845543542,0.13596299476830528,3.6417030704408044,4.898396425823189,0.21820129833333501,0.19593585703295138
48.60136799536355,9.0,48.60136799536355,4.999913845809456,0.1359630305452439,3.641703073456519,4.898396428839008,0.21820129846371117,0.19593585715352096
48.62136799536355,9.0,48.62136799536355,4.9999138460732135,0.13596306627986154,3.641703076463793,4.898396431846031,0.21820129859433157,0.19593585727387614
48.641367995363545,9.0,48.641367995363545,4.99991384633484,0.1359631019719344,3.6417030794650587,4.898396434847297,0.2182012987247952,0.1959358573939206
48.66136799536355,9.0,48.66136799536355,4.999913846594373,0.13596313762138557,3.641703082460874,4.8983964378429885,0.21820129885453765,0.19593585751366932
48.681367995363544,9.0,48.681367995363544,4.999913846851829,0.135963173227883,3.641703085448296,4.898396440830416,0.2182012989843627,0.19593585763321927
48.70136799536354,9.0,48.70136799536354,4.9999138471072335,0.13596320879131488,3.641703088429189,4.898396443811068,0.2182012991133826,0.19593585775242744
48.721367995363536,9.0,48.721367995363536,4.999913847360619,0.13596324431151097,3.6417030914040422,4.898396446786054,0.2182012992428093,0.19593585787141304
48.74136799536355,9.0,48.74136799536355,4.99991384761201,0.13596327978820272,3.641703094371293,4.89839644975313,0.2182012993718665,0.1959358579901499
48.76136799536354,9.0,48.76136799536354,4.999913847861426,0.1359633152213042,3.641703097332486,4.898396452714152,0.2182012995006546,0.19593585810859718
48.78136799536354,9.0,48.78136799536354,4.9999138481088945,0.1359633506106222,3.641703100287907,4.898396455669664,0.21820129962922596,0.19593585822679235
48.801367995363535,9.0,48.801367995363535,4.999913848354444,0.13596338595593305,3.6417031032367477,4.898396458618255,0.21820129975681635,0.19593585834469862
48.82136799536354,9.0,48.82136799536354,4.999913848598093,0.1359634212571075,3.6417031061791416,4.898396461560663,0.2182012998849303,0.1959358584624118
48.841367995363534,9.0,48.841367995363534,4.999913848839864,0.13596345651391414,3.641703109115216,4.8983964644967015,0.21820130001288218,0.19593585857988224
48.86136799536354,9.0,48.86136799536354,4.9999138490797845,0.1359634917261851,3.6417031120453673,4.8983964674267275,0.21820130014032424,0.19593585869707944
48.88136799536354,9.0,48.88136799536354,4.999913849317871,0.13596352689378924,3.6417031149687937,4.898396470350054,0.21820130027468654,0.19593585881464085
48.901367995363536,9.0,48.901367995363536,4.999913849554149,0.13596356201655801,3.6417031178876575,4.8983964732828795,0.21820130040133456,0.19593585893131327
48.92136799536353,9.0,48.92136799536353,4.999913849788644,0.13596359709423148,3.641703120797805,4.898396476175607,0.21820130051446052,0.19593585904704727
48.941367995363535,9.0,48.941367995363535,4.9999138500213665,0.13596363212672666,3.641703123704809,4.898396479085277,0.21820130064673737,0.19593585916337855
48.96136799536353,9.0,48.96136799536353,4.999913850252346,0.13596366711378424,3.641703126603626,4.898396481984631,0.21820130077356703,0.19593585927938073
48.98136799536353,9.0,48.98136799536353,4.999913850481603,0.13596370205532407,3.641703129497732,4.898396484878781,0.21820130089968126,0.19593585939514177
49.00136799536354,9.0,49.00136799536354,4.9999138507091505,0.13596373695116146,3.641703132385775,4.898396487766584,0.2182013010246573,0.195935859510612
49.02136799536353,9.0,49.02136799536353,4.999913850935015,0.1359637718010708,3.6417031352670173,4.898396490647849,0.21820130115050373,0.19593585962593124
49.04136799536353,9.0,49.04136799536353,4.999913851159213,0.1359638066049486,3.6417031381437823,4.898396493524495,0.21820130127548198,0.19593585974093988
49.061367995363526,9.0,49.061367995363526,4.999913851381766,0.13596384136258713,3.6417031410141867,4.89839649639485,0.21820130140067384,0.19593585985578063
49.08136799536352,9.0,49.08136799536352,4.999913851602689,0.13596387607381408,3.6417031438782637,4.8983964992588716,0.21820130152562855,0.1959358599703872
49.101367995363525,9.0,49.101367995363525,4.999913851822004,0.1359639107385388,3.6417031467376697,4.898396502118193,0.21820130165025775,0.19593586008473915
49.12136799536353,9.0,49.12136799536353,4.999913852039731,0.13596394535651446,3.6417031495913226,4.898396504971781,0.21820130176701058,0.19593586019823975
49.141367995363524,9.0,49.141367995363524,4.9999138522558795,0.1359639799276234,3.6417031524378514,4.898396507804037,0.21820130189095455,0.19593586031214902
49.16136799536353,9.0,49.16136799536353,4.999913852470473,0.13596401445171435,3.641703155281391,4.898396510664955,0.2182013020291036,0.19593586042662264
49.18136799536352,9.0,49.18136799536352,4.999913852683527,0.13596404892855798,3.6417031581173234,4.89839651349822,0.21820130214658517,0.195935860539952
49.20136799536352,9.0,49.20136799536352,4.999913852895062,0.13596408335806712,3.6417031609485355,4.8983965163285585,0.21820130226857026,0.1959358606531366
49.22136799536352,9.0,49.22136799536352,4.999913853105086,0.13596411774007724,3.6417031637743196,4.898396519154296,0.2182013023920204,0.19593586076616845
49.241367995363525,9.0,49.241367995363525,4.999913853313625,0.13596415207441723,3.6417031665939357,4.898396521973732,0.2182013025150833,0.1959358608789779
49.26136799536352,9.0,49.26136799536352,4.999913853520694,0.13596418636093444,3.6417031694082618,4.898396524788178,0.21820130263800275,0.19593586099156407
49.281367995363524,9.0,49.281367995363524,4.999913853726302,0.13596422059946572,3.641703172217831,4.898396527597491,0.21820130276023075,0.195935861103904
49.30136799536352,9.0,49.30136799536352,4.999913853930471,0.13596425478989538,3.6417031750213673,4.898396530401058,0.21820130288258177,0.19593586121606987
49.32136799536352,9.0,49.32136799536352,4.999913854133217,0.13596428893200374,3.641703177819978,4.898396533199553,0.2182013030044403,0.19593586132799246
49.34136799536351,9.0,49.34136799536351,4.999913854334548,0.13596432302571965,3.641703180612934,4.89839653599247,0.21820130313370756,0.195935861440352
49.36136799536351,9.0,49.36136799536351,4.999913854534488,0.13596435707087776,3.6417031834020457,4.898396538795499,0.21820130324754272,0.1959358615512085
49.38136799536352,9.0,49.38136799536352,4.999913854733042,0.13596439106720154,3.641703186181306,4.898396541543413,0.2182013033552832,0.1959358616617811
49.401367995363515,9.0,49.401367995363515,4.999913854930232,0.1359644250147735,3.6417031889611566,4.898396544343016,0.21820130350331723,0.19593586177432962
49.42136799536351,9.0,49.42136799536351,4.99991385512607,0.13596445891327882,3.641703191732936,4.898396547126926,0.21820130361874135,0.19593586188507775
49.441367995363514,9.0,49.441367995363514,4.999913855320572,0.1359644927626071,3.641703194497685,4.898396549873579,0.21820130372505675,0.19593586199501697
49.46136799536351,9.0,49.46136799536351,4.999913855513747,0.13596452656264785,3.6417031972603606,4.898396552638747,0.21820130385108705,0.19593586210554378
49.481367995363506,9.0,49.481367995363506,4.99991385570561,0.13596456031324977,3.641703200017075,4.89839655539617,0.21820130397242776,0.1959358622158313
49.501367995363516,9.0,49.501367995363516,4.9999138558961755,0.13596459401425684,3.6417032027679785,4.89839655814704,0.2182013040917683,0.1959358623258521
49.52136799536351,9.0,49.52136799536351,4.9999138560854615,0.13596462766549045,3.6417032055125955,4.898396560891541,0.21820130421101336,0.19593586243565914
49.54136799536351,9.0,49.54136799536351,4.999913856273468,0.13596466126687493,3.6417032082535634,4.898396563632363,0.21820130433090235,0.19593586254528647
49.56136799536351,9.0,49.56136799536351,4.999913856460223,0.13596469481828094,3.6417032109887315,4.898396566367575,0.21820130445003372,0.19593586265468768
49.58136799536351,9.0,49.58136799536351,4.999913856645731,0.13596472831950074,3.641703213718277,4.898396569096983,0.2182013045621729,0.19593586276330904
49.6013679953635,9.0,49.6013679953635,4.999913856830005,0.13596476177046135,3.6417032164432146,4.898396571807702,0.21820130468112087,0.19593586287229997
49.6213679953635,9.0,49.6213679953635,4.999913857013058,0.13596479517102072,3.6417032191651715,4.898396574547032,0.2182013048134137,0.1959358629818524
49.64136799536351,9.0,49.64136799536351,4.999913857194901,0.1359648285209941,3.6417032218790353,4.898396577258202,0.2182013049254956,0.19593586309032054
49.661367995363506,9.0,49.661367995363506,4.9999138573755495,0.13596486182034143,3.641703224589279,4.89839657996748,0.21820130504266988,0.19593586319868217
49.6813679953635,9.0,49.6813679953635,4.9999138575550095,0.13596489506884413,3.641703227294567,4.898396582672833,0.21820130516119685,0.1959358633069041
49.7013679953635,9.0,49.7013679953635,4.999913857733294,0.13596492826640752,3.6417032299938317,4.898396585372054,0.21820130527869308,0.19593586341487515
49.7213679953635,9.0,49.7213679953635,4.9999138579104185,0.13596496141289763,3.6417032326886702,4.89839658806677,0.21820130539663518,0.19593586352268458
49.7413679953635,9.0,49.7413679953635,4.999913858086394,0.13596499450821145,3.6417032353782206,4.898396590756358,0.2182013055137344,0.19593586363024998
49.7613679953635,9.0,49.7613679953635,4.999913858261227,0.1359650275521795,3.6417032380633185,4.898396593441211,0.21820130563081186,0.19593586373763291
49.7813679953635,9.0,49.7813679953635,4.999913858434928,0.135965060544683,3.6417032407426975,4.898396596120664,0.2182013057473542,0.19593586384479675
49.8013679953635,9.0,49.8013679953635,4.9999138586075125,0.13596509348562455,3.641703243416622,4.898396598794429,0.2182013058643575,0.19593586395180967
49.821367995363495,9.0,49.821367995363495,4.99991385877899,0.1359651263748738,3.6417032460861747,4.8983966014639355,0.21820130598099663,0.1959358640585882
49.8413679953635,9.0,49.8413679953635,4.999913858949368,0.13596515921231092,3.641703248750704,4.898396604128379,0.21820130609725163,0.1959358641651669
49.861367995363494,9.0,49.861367995363494,4.99991385911866,0.13596519199781415,3.641703251411138,4.898396606788697,0.21820130621343647,0.19593586427156276
49.8813679953635,9.0,49.8813679953635,4.999913859286875,0.13596522473125153,3.6417032540656673,4.8983966094432665,0.21820130632884238,0.1959358643777364
49.9013679953635,9.0,49.9013679953635,4.999913859454019,0.13596525741253093,3.641703256716015,4.8983966120934745,0.21820130644423363,0.19593586448371472
49.9213679953635,9.0,49.9213679953635,4.999913859620111,0.13596529004148641,3.6417032593607557,4.898396614738206,0.21820130655974435,0.1959358645895338
49.94136799536349,9.0,49.94136799536349,4.9999138597851545,0.1359653226180549,3.6417032620007697,4.898396617378105,0.21820130667450233,0.19593586469509913
49.94236799536349,9.0,49.94236799536349,4.999913859793385,0.13596532424509594,3.6417032621119105,4.898396617316544,0.21820130639218593,0.19593586468835114
49.958367995363496,9.0,49.958367995363496,4.999913859924629,0.1359653502671288,3.6417032642559506,4.898396619769542,0.21820130694303908,0.19593586479077438
49.9783679953635,9.0,49.9783679953635,4.999913860087756,0.1359653827461173,3.6417032668706546,4.898396622245031,0.21820130688982653,0.19593586488978904
49.998367995363495,9.0,49.998367995363495,4.999913860249863,0.13596541517270513,3.641703269498498,4.898396624893465,0.21820130701258833,0.19593586499573065
50.01836799536349,9.0,50.01836799536349,4.9999138604109605,0.13596544754639053,3.641703272117336,4.898396627490923,0.2182013071082074,0.1959358650996639
50.03836799536349,9.0,50.03836799536349,4.9999138605710565,0.13596547986713636,3.6417032747335027,4.898396630109543,0.21820130722871767,0.19593586520440034
50.0583679953635,9.0,50.0583679953635,4.99991386073016,0.1359655121348179,3.6417032773447,4.898396632721587,0.2182013073443323,0.19593586530887439
50.07836799536349,9.0,50.07836799536349,4.999913860888282,0.1359655443493238,3.641703279950984,4.898396635327828,0.2182013074580933,0.19593586541313668
50.09836799536349,9.0,50.09836799536349,4.999913861045423,0.13596557651056318,3.641703282552325,4.898396637929098,0.21820130758550293,0.19593586551838488
50.118367995363485,9.0,50.118367995363485,4.9999138612016045,0.1359656086184799,3.6417032851515567,4.898396640556283,0.2182013076990672,0.19593586562227727
50.13836799536349,9.0,50.13836799536349,4.999913861356823,0.13596564067272132,3.641703287739865,4.898396643109917,0.2182013077694891,0.19593586572319005
50.158367995363484,9.0,50.158367995363484,4.999913861511094,0.1359656726734236,3.64170329032462,4.898396645671745,0.21820130790871684,0.19593586582811878
50.17836799536349,9.0,50.17836799536349,4.999913861664421,0.13596570462060767,3.641703292912252,4.898396648323461,0.2182013080511851,0.1959358659329306
50.19836799536349,9.0,50.19836799536349,4.9999138618168155,0.13596573651379182,3.6417032954861677,4.898396650857601,0.21820130810957306,0.19593586603309276
50.21836799536349,9.0,50.21836799536349,4.999913861968288,0.13596576835307325,3.64170329805515,4.898396653402064,0.2182013082445846,0.19593586613732772
50.23836799536348,9.0,50.23836799536348,4.999913862118844,0.13596580013855195,3.641703300629567,4.898396656040516,0.21820130838722696,0.19593586624157863
50.23936799536348,9.0,50.23936799536348,4.999913862126352,0.13596580172593067,3.6417033007352617,4.898396655957547,0.21820130818813865,0.19593586623827872
50.255367995363486,9.0,50.255367995363486,4.999913862246106,0.13596582711377145,3.641703302820265,4.8983966583412535,0.2182013086200958,0.19593586633366958
50.27536799536349,9.0,50.27536799536349,4.999913862394982,0.1359658587986336,3.6417033053610557,4.8983966607283245,0.21820130855846243,0.19593586642915017
50.295367995363485,9.0,50.295367995363485,4.999913862542963,0.1359658904295881,3.641703307917769,4.8983966633108516,0.21820130868771237,0.1959358665324055
50.31536799536348,9.0,50.31536799536348,4.99991386269006,0.13596592200606628,3.641703310464207,4.898396665837015,0.2182013087808894,0.19593586663347837
50.335367995363484,9.0,50.335367995363484,4.999913862836279,0.13596595352811366,3.6417033130084397,4.898396668383758,0.2182013088978767,0.19593586673534918
50.35536799536349,9.0,50.35536799536349,4.999913862981626,0.13596598499558943,3.6417033155462315,4.898396670922237,0.21820130900957224,0.19593586683691155
50.37536799536348,9.0,50.37536799536348,4.9999138631261095,0.13596601640840533,3.641703318080289,4.89839667345623,0.2182013091202304,0.195935866938269
50.395367995363486,9.0,50.395367995363486,4.999913863269735,0.13596604776651608,3.641703320609929,4.898396675985765,0.21820130923027703,0.1959358670394211
50.41536799536348,9.0,50.41536799536348,4.999913863412506,0.13596607906979682,3.641703323134382,4.898396678510242,0.21820130934054927,0.19593586714042907
50.43536799536348,9.0,50.43536799536348,4.999913863554441,0.13596611031815461,3.641703325653762,4.89839668102937,0.21820130945026728,0.19593586724121007
50.455367995363474,9.0,50.455367995363474,4.999913863695537,0.13596614151148326,3.641703328168493,4.898396683544094,0.218201309559511,0.19593586734175858
50.475367995363484,9.0,50.475367995363484,4.999913863835804,0.13596617264972508,3.6417033306788613,4.898396686054431,0.21820130966221019,0.19593586744158495
50.49536799536348,9.0,50.49536799536348,4.999913863975249,0.13596620373277848,3.6417033331827433,4.89839668854407,0.21820130977082597,0.19593586754175177
50.49636799536348,9.0,50.49636799536348,4.999913863982204,0.1359662052851105,3.6417033332898434,4.898396688484716,0.2182013095994888,0.1959358675393516
50.512367995363476,9.0,50.512367995363476,4.999913864093141,0.13596623011032502,3.6417033353277293,4.898396690867203,0.21820131006402077,0.19593586763471102
50.53236799536349,9.0,50.53236799536349,4.999913864231082,0.13596626109071985,3.6417033378054304,4.8983966931748375,0.21820130998061593,0.19593586772760957
50.55236799536348,9.0,50.55236799536348,4.9999138643682155,0.13596629201613913,3.641703340300168,4.8983966957062,0.21820131009653654,0.19593586782762754
50.57236799536348,9.0,50.57236799536348,4.999913864504558,0.13596632288591431,3.6417033427824888,4.898396698137009,0.2182013101745186,0.1959358679254435
50.592367995363475,9.0,50.592367995363475,4.999913864640109,0.13596635370020976,3.6417033452655128,4.898396700642379,0.21820131031621326,0.1959358680263001
50.61236799536347,9.0,50.61236799536347,4.999913864774878,0.13596638445886922,3.641703347744297,4.8983967031341145,0.2182013104142726,0.19593586812473393
50.632367995363474,9.0,50.632367995363474,4.999913864908871,0.1359664151617153,3.641703350213437,4.898396705571234,0.21820131051366998,0.19593586822344883
50.65236799536348,9.0,50.65236799536348,4.999913865042088,0.13596644580885875,3.64170335268439,4.898396708075847,0.21820131064057247,0.19593586832299054
50.67236799536347,9.0,50.67236799536347,4.999913865174546,0.13596647640003787,3.641703355144673,4.898396710517003,0.21820131072963544,0.19593586842069285
50.692367995363476,9.0,50.692367995363476,4.999913865306241,0.13596650693528875,3.6417033576028484,4.898396712976983,0.21820131084127103,0.19593586851907713
50.71236799536347,9.0,50.71236799536347,4.999913865437187,0.13596653741449996,3.64170336005577,4.898396715430543,0.2182013109491483,0.19593586861720613
50.73236799536347,9.0,50.73236799536347,4.9999138655673825,0.13596656783761965,3.6417033625038706,4.898396717878633,0.2182013110558545,0.19593586871513988
50.75236799536347,9.0,50.75236799536347,4.999913865696841,0.13596659820458645,3.6417033649472295,4.898396720321917,0.2182013111621841,0.1959358688128712
50.753367995363476,9.0,50.753367995363476,4.999913865703299,0.1359665997210759,3.6417033650501334,4.898396720251819,0.21820131098288087,0.19593586881004246
50.769367995363474,9.0,50.769367995363474,4.999913865806308,0.1359666239726498,3.6417033670385863,4.898396722571457,0.21820131143755317,0.19593586890286202
50.78936799536347,9.0,50.78936799536347,4.9999138659344,0.1359666542351023,3.6417033694544623,4.898396724822264,0.21820131135206733,0.19593586899287677
50.809367995363466,9.0,50.809367995363466,4.999913866061776,0.13596668444164134,3.641703371885878,4.898396727277123,0.21820131147397204,0.19593586909112526
50.82936799536348,9.0,50.82936799536348,4.999913866188434,0.13596671459164875,3.6417033743097247,4.898396729680733,0.2182013115625443,0.1959358691872111
50.84936799536347,9.0,50.84936799536347,4.999913866314379,0.13596674468520073,3.641703376729762,4.8983967321033255,0.2182013116743664,0.1959358692841423
50.86936799536347,9.0,50.86936799536347,4.9999138664396146,0.1359667747221961,3.6417033791450013,4.8983967345192,0.21820131178101843,0.19593586938078036
50.88936799536347,9.0,50.88936799536347,4.999913866564147,0.13596680470256733,3.6417033815549105,4.898396736929174,0.21820131188593717,0.1959358694771978
50.90936799536347,9.0,50.90936799536347,4.999913866687984,0.13596683462624254,3.6417033839621245,4.898396739336223,0.21820131199106063,0.19593586957345296
50.929367995363464,9.0,50.929367995363464,4.999913866811132,0.13596686449315934,3.641703386362986,4.898396741737083,0.21820131209507254,0.1959358696694822
50.949367995363474,9.0,50.949367995363474,4.99991386693359,0.13596689430323852,3.6417033887588763,4.898396744132971,0.21820131219889527,0.195935869765295
50.96936799536347,9.0,50.96936799536347,4.999913867055367,0.13596692405650923,3.6417033911507155,4.898396746524679,0.21820131230336814,0.19593586986097256
50.989367995363466,9.0,50.989367995363466,4.999913867176472,0.13596695375281356,3.6417033935375196,4.898396748911427,0.21820131240018403,0.19593586995584159
51.00936799536346,9.0,51.00936799536346,4.999913867296899,0.13596698339211852,3.6417033959185656,4.89839675127823,0.21820131250357155,0.19593587005109328
51.01036799536346,9.0,51.01036799536346,4.999913867302911,0.13596698487222436,3.641703396018575,4.898396751211941,0.21820131233134354,0.19593587004843396
51.02636799536347,9.0,51.02636799536347,4.999913867398753,0.13596700854107419,3.64170339795778,4.898396753495313,0.2182013128058755,0.19593587014078298
51.04636799536347,9.0,51.04636799536347,4.9999138675179475,0.13596703807449603,3.6417034003131112,4.898396755695593,0.21820131269556642,0.19593587022716363
51.066367995363464,9.0,51.066367995363464,4.9999138676364945,0.13596706755108115,3.641703402680904,4.898396758053906,0.21820131279983057,0.1959358703221453
51.08636799536346,9.0,51.08636799536346,4.9999138677543895,0.1359670969705125,3.641703405044578,4.898396760417214,0.21820131290629963,0.19593587041667607
51.106367995363456,9.0,51.106367995363456,4.9999138678716415,0.13596712633268748,3.6417034074030874,4.898396762776499,0.21820131301084977,0.19593587051104489
51.126367995363466,9.0,51.126367995363466,4.999913867988246,0.13596715563755546,3.641703409756688,4.898396765130034,0.21820131311375413,0.19593587060522188
51.14636799536346,9.0,51.14636799536346,4.999913868104215,0.1359671848851308,3.6417034121066143,4.898396767480022,0.21820131321621128,0.1959358706992001
51.16636799536346,9.0,51.16636799536346,4.999913868219552,0.1359672140752424,3.641703414451173,4.898396769824451,0.21820131331775405,0.19593587079295818
51.18636799536346,9.0,51.18636799536346,4.999913868334262,0.1359672432079361,3.6417034167901723,4.8983967721633075,0.21820131341914228,0.19593587088651582
51.20636799536346,9.0,51.20636799536346,4.999913868448347,0.13596727228313862,3.641703419124642,4.898396774497811,0.218201313521039,0.19593587097991408
51.226367995363454,9.0,51.226367995363454,4.999913868561814,0.13596730130081755,3.641703421454922,4.898396776827985,0.21820131362258488,0.1959358710731121
51.246367995363464,9.0,51.246367995363464,4.999913868674666,0.1359673302609077,3.6417034237801413,4.8983967791531215,0.21820131372387808,0.1959358711661308
51.26636799536346,9.0,51.26636799536346,4.999913868786908,0.1359673591633911,3.641703426101004,4.898396781473972,0.21820131382499275,0.19593587125895934
51.26736799536346,9.0,51.26736799536346,4.999913868792508,0.13596736060662193,3.6417034261974237,4.898396781397449,0.2182013135416927,0.19593587125154885
51.28336799536346,9.0,51.28336799536346,4.999913868881845,0.13596738368549574,3.641703428085954,4.898396783595257,0.21820131412303567,0.19593587134661536
51.30336799536346,9.0,51.30336799536346,4.9999138689929685,0.13596741248100022,3.6417034303844815,4.89839678579834,0.21820131403629528,0.19593587143193103
51.32336799536346,9.0,51.32336799536346,4.999913869103491,0.13596744121893733,3.641703432688827,4.898396788069758,0.2182013140877368,0.19593587152158415
51.34336799536346,9.0,51.34336799536346,4.99991386921343,0.13596746989909322,3.641703434986524,4.898396790325647,0.2182013142012198,0.195935871614291
51.363367995363454,9.0,51.363367995363454,4.999913869322778,0.13596749852163623,3.64170343729113,4.898396792697641,0.21820131433961754,0.19593587170789953
51.38336799536346,9.0,51.38336799536346,4.999913869431538,0.13596752708612722,3.6417034395797137,4.898396794947439,0.21820131440029877,0.19593587179787475
51.40336799536345,9.0,51.40336799536345,4.999913869539717,0.13596755559280324,3.6417034418676497,4.898396797238792,0.21820131450882396,0.19593587188957068
51.423367995363456,9.0,51.423367995363456,4.999913869647325,0.13596758404152623,3.641703444151016,4.898396799523637,0.21820131461055858,0.19593587198093518
51.44336799536346,9.0,51.44336799536346,4.99991386975436,0.13596761243229435,3.641703446428559,4.898396801801137,0.218201314709368,0.19593587207205673
51.463367995363456,9.0,51.463367995363456,4.999913869860823,0.13596764076507364,3.6417034487030655,4.898396804075526,0.21820131478648985,0.1959358721611546
51.48336799536345,9.0,51.48336799536345,4.999913869966721,0.13596766903975455,3.641703450967431,4.898396806297605,0.2182013148849289,0.1959358722519103
51.50336799536345,9.0,51.50336799536345,4.999913870072065,0.1359676972565065,3.6417034532356722,4.898396808617858,0.21820131502525264,0.19593587234472926
51.523367995363444,9.0,51.523367995363444,4.999913870176849,0.13596772541505672,3.6417034554942744,4.898396810868562,0.21820131510556218,0.19593587243472155
51.543367995363454,9.0,51.543367995363454,4.999913870281079,0.13596775351554746,3.64170345774904,4.898396813120989,0.21820131520000707,0.19593587252480668
51.54436799536345,9.0,51.54436799536345,4.9999138702862815,0.13596775491866164,3.64170345784182,4.898396813040916,0.21820131512381913,0.1959358725259355
51.56036799536345,9.0,51.56036799536345,4.999913870369251,0.1359677773556212,3.6417034596800297,4.898396815232021,0.21820131546937604,0.19593587260837494
51.58036799536346,9.0,51.58036799536346,4.999913870472466,0.13596780534803232,3.6417034619038637,4.898396817250554,0.2182013153675899,0.19593587269068127
51.600367995363456,9.0,51.600367995363456,4.999913870575145,0.13596783328277198,3.6417034641504062,4.898396819555386,0.21820131549472555,0.19593587278160499
51.62036799536345,9.0,51.62036799536345,4.999913870677285,0.1359678611591267,3.6417034663809114,4.89839682173284,0.21820131555707745,0.19593587286935946
51.64036799536345,9.0,51.64036799536345,4.99991387077889,0.13596788897736198,3.6417034686150505,4.898396823988561,0.21820131568598278,0.19593587296014442
51.660367995363444,9.0,51.660367995363444,4.999913870879965,0.13596791673727004,3.6417034708419576,4.898396826228442,0.21820131577951196,0.19593587304916313
51.68036799536345,9.0,51.68036799536345,4.999913870980513,0.13596794443886687,3.641703473062958,4.898396828431362,0.21820131586093794,0.19593587313725178
51.70036799536344,9.0,51.70036799536344,4.999913871080537,0.1359679720821365,3.6417034752793405,4.898396830650235,0.21820131596267478,0.195935873226025
51.720367995363446,9.0,51.720367995363446,4.999913871180045,0.13596799966710207,3.641703477492356,4.89839683286397,0.21820131605988813,0.19593587331450774
51.74036799536345,9.0,51.74036799536345,4.999913871279031,0.1359680271937186,3.6417034797001566,4.898396835071785,0.21820131615619376,0.195935873402862
51.760367995363445,9.0,51.760367995363445,4.999913871377507,0.13596805466184203,3.6417034819016103,4.898396837273157,0.2182013162509766,0.1959358734909168
51.78036799536344,9.0,51.78036799536344,4.999913871475474,0.13596808207166136,3.641703484100589,4.898396839472005,0.2182013163470713,0.19593587357885522
51.800367995363445,9.0,51.800367995363445,4.999913871572935,0.13596810942302714,3.641703486293057,4.898396841664459,0.21820131644190077,0.19593587366655615
51.80136799536345,9.0,51.80136799536345,4.999913871577801,0.13596811078867949,3.6417034863829625,4.8983968415814205,0.21820131636496498,0.19593587366753468
51.81736799536345,9.0,51.81736799536345,4.999913871655387,0.1359681326262051,3.641703488173838,4.8983968437249095,0.21820131670838894,0.1959358737480568
51.837367995363444,9.0,51.837367995363444,4.999913871751918,0.13596815986900038,3.641703490335871,4.898396845681948,0.21820131660305186,0.1959358738279022
51.85736799536344,9.0,51.85736799536344,4.999913871847952,0.13596818705391794,3.6417034925208704,4.898396847925182,0.2182013167273662,0.19593587391637612
51.87736799536345,9.0,51.87736799536345,4.999913871943497,0.1359682141801388,3.641703494690674,4.898396850041941,0.21820131678664723,0.1959358740016391
51.897367995363446,9.0,51.897367995363446,4.999913872038552,0.1359682412479937,3.6417034968621587,4.898396852235054,0.21820131691334366,0.19593587409002733
51.91736799536344,9.0,51.91736799536344,4.9999138721331216,0.13596826825739655,3.6417034990295662,4.898396854415375,0.21820131699745504,0.19593587417599626
51.937367995363445,9.0,51.937367995363445,4.9999138722272045,0.13596829520818368,3.6417035011874908,4.8983968565412725,0.2182013170825874,0.19593587426221415
51.95736799536344,9.0,51.95736799536344,4.9999138723208105,0.1359683221005495,3.6417035033461085,4.898396858733579,0.21820131719614544,0.1959358743493453
51.97736799536344,9.0,51.97736799536344,4.99991387241394,0.13596834893429213,3.6417035054956,4.898396860864001,0.21820131727105396,0.1959358744345431
51.99736799536343,9.0,51.99736799536343,4.999913872506592,0.13596837570952786,3.641703507641621,4.8983968630117625,0.2182013173689037,0.19593587452048905
52.01736799536344,9.0,52.01736799536344,4.999913872598777,0.13596840242623456,3.6417035097831794,4.898396865154026,0.21820131746312876,0.19593587460616288
52.03736799536344,9.0,52.03736799536344,4.9999138726904935,0.1359684290843711,3.6417035119198427,4.898396867290573,0.218201317556038,0.19593587469164392
52.057367995363435,9.0,52.057367995363435,4.999913872781745,0.1359684556839898,3.641703514052536,4.898396869423345,0.2182013176484885,0.19593587477691465
52.05836799536343,9.0,52.05836799536343,4.9999138727863,0.13596845701202376,3.6417035141389302,4.8983968693368345,0.21820131746835347,0.19593587477346563
52.074367995363446,9.0,52.074367995363446,4.999913872858951,0.1359684782479522,3.6417035158788194,4.898396871407533,0.2182013179116944,0.19593587485629435
52.09436799536344,9.0,52.09436799536344,4.999913872949346,0.13596850473883562,3.6417035179833976,4.89839687334722,0.218201317812992,0.19593587493390188
52.11436799536344,9.0,52.11436799536344,4.999913873039288,0.1359685311715605,3.6417035201043437,4.898396875491754,0.21820131792064057,0.19593587501967288
52.134367995363434,9.0,52.134367995363434,4.99991387312878,0.1359685575456555,3.6417035222170195,4.8983968775841005,0.21820131799541187,0.19593587510334293
52.15436799536343,9.0,52.15436799536343,4.999913873217819,0.1359685838612001,3.641703524326094,4.898396879695701,0.21820131809303867,0.19593587518780517
52.17436799536344,9.0,52.17436799536344,4.999913873306414,0.13596861011813946,3.641703526429923,4.898396881800218,0.2182013181862943,0.19593587527204112
52.194367995363436,9.0,52.194367995363436,4.999913873394564,0.13596863631654665,3.6417035285298818,4.8983968839003005,0.2182013182776057,0.1959358753560289
52.21436799536343,9.0,52.21436799536343,4.999913873482271,0.13596866245635172,3.6417035306245573,4.898396885994748,0.21820131836798762,0.19593587543979638
52.234367995363435,9.0,52.234367995363435,4.999913873569537,0.1359686885376478,3.641703532715127,4.89839688808534,0.21820131845860713,0.19593587552338992
52.25436799536343,9.0,52.25436799536343,4.99991387365637,0.13596871456034743,3.641703534800571,4.898396890170709,0.21820131854929192,0.1959358756068307
52.27436799536343,9.0,52.27436799536343,4.999913873742769,0.1359687405244826,3.641703536881756,4.898396892251962,0.21820131863957615,0.19593587569005738
52.29436799536343,9.0,52.29436799536343,4.999913873828737,0.1359687664300449,3.6417035389566714,4.89839689432668,0.21820131872917736,0.1959358757730684
52.31436799536343,9.0,52.31436799536343,4.999913873914279,0.13596879227712544,3.6417035410290057,4.898396896399001,0.21820131881966587,0.19593587585593775
52.31536799536343,9.0,52.31536799536343,4.999913873918551,0.1359687935675059,3.641703541112969,4.898396896310024,0.21820131863958458,0.19593587585237657
52.33136799536343,9.0,52.33136799536343,4.999913873986662,0.13596881420138734,3.641703542803173,4.898396898331435,0.21820131908011264,0.1959358759332344
52.35136799536343,9.0,52.35136799536343,4.999913874071408,0.13596883993972247,3.641703544846656,4.8983969002098515,0.2182013189786547,0.1959358760083913
52.371367995363435,9.0,52.371367995363435,4.999913874155748,0.1359688656200343,3.641703546907281,4.8983969022938325,0.21820131908447582,0.1959358760917826
52.39136799536343,9.0,52.39136799536343,4.999913874239668,0.13596889124163153,3.641703548958173,4.898396904324661,0.21820131915636365,0.19593587617300492
52.41136799536343,9.0,52.41136799536343,4.999913874323167,0.135968916804823,3.6417035510078306,4.898396906376712,0.21820131925178687,0.19593587625505893
52.43136799536343,9.0,52.43136799536343,4.999913874406261,0.13596894230947942,3.6417035530508617,4.898396908420598,0.21820131934163767,0.19593587633683282
52.45136799536343,9.0,52.45136799536343,4.999913874488943,0.1359689677556704,3.6417035550899453,4.898396910459534,0.21820131943019616,0.19593587641840005
52.47136799536343,9.0,52.47136799536343,4.999913874571213,0.13596899314335453,3.6417035571241096,4.898396912493739,0.21820131951837896,0.19593587649977243
52.49136799536343,9.0,52.49136799536343,4.999913874653085,0.13596901847262388,3.6417035591539335,4.898396914523551,0.21820131960582279,0.1959358765809064
52.51136799536343,9.0,52.51136799536343,4.999913874734556,0.13596904374338098,3.641703561178054,4.898396916547449,0.21820131969353707,0.1959358766618975
52.53136799536343,9.0,52.53136799536343,4.999913874815622,0.1359690689557479,3.6417035631979706,4.898396918567474,0.21820131978126822,0.1959358767426875
52.55136799536344,9.0,52.55136799536344,4.999913874896288,0.13596909410965471,3.6417035652137524,4.898396920582999,0.21820131986937508,0.1959358768233511
52.571367995363445,9.0,52.571367995363445,4.999913874976564,0.13596911920520754,3.6417035672247113,4.89839692259407,0.2182013199567363,0.1959358769037928
52.57236799536344,9.0,52.57236799536344,4.9999138749805745,0.1359691204580495,3.6417035673056257,4.898396922502065,0.2182013196732404,0.19593587689576855
52.58836799536344,9.0,52.58836799536344,4.9999138750444985,0.13596914049080122,3.6417035689454775,4.8983969244512995,0.2182013202013433,0.1959358769780974
52.60836799536345,9.0,52.60836799536345,4.9999138751240455,0.13596916547802093,3.6417035709317354,4.898396926298172,0.2182013201196491,0.19593587705192797
52.628367995363455,9.0,52.628367995363455,4.999913875203204,0.13596919040724276,3.6417035729315534,4.898396928318527,0.21820132021491068,0.19593587713275556
52.648367995363465,9.0,52.648367995363465,4.999913875281981,0.1359692152780212,3.641703574921526,4.898396930287185,0.21820132028182293,0.19593587721149422
52.66836799536347,9.0,52.66836799536347,4.999913875360381,0.13596924009055741,3.641703576909978,4.898396932278112,0.2182013203745794,0.19593587729110534
52.68836799536348,9.0,52.68836799536348,4.9999138754383905,0.13596926484478872,3.641703578893148,4.898396934262141,0.21820132046290475,0.1959358773705195
52.70836799536348,9.0,52.70836799536348,4.999913875516026,0.13596928954074153,3.6417035808720777,4.898396936240992,0.21820132054847408,0.19593587744964552
52.72836799536349,9.0,52.72836799536349,4.999913875593283,0.1359693141784443,3.641703582845627,4.898396938214457,0.21820132063376851,0.19593587752859612
52.748367995363495,9.0,52.748367995363495,4.999913875670165,0.13596933875792983,3.641703584815122,4.898396940183885,0.21820132071913845,0.195935877607361
52.768367995363505,9.0,52.768367995363505,4.999913875746681,0.13596936327917922,3.641703586779892,4.898396942148546,0.21820132080467403,0.1959358776859776
52.78836799536351,9.0,52.78836799536351,4.999913875822819,0.13596938774226858,3.6417035887398264,4.898396944108642,0.21820132088941202,0.19593587776435775
52.80836799536352,9.0,52.80836799536352,4.999913875898595,0.13596941214723096,3.641703590694734,4.8983969460633885,0.21820132097355627,0.19593587784252114
52.82836799536352,9.0,52.82836799536352,4.9999138759740065,0.13596943649403082,3.6417035926449053,4.898396948013481,0.2182013210583471,0.195935877920552
52.82936799536352,9.0,52.82936799536352,4.999913875977772,0.1359694377094867,3.641703592723181,4.898396947919261,0.21820132087892663,0.19593587791676842
52.84536799536353,9.0,52.84536799536353,4.999913876037826,0.1359694571435218,3.6417035943176024,4.8983969498440425,0.21820132131493564,0.1959358779937741
52.86536799536353,9.0,52.86536799536353,4.999913876112559,0.1359694813824685,3.6417035962411473,4.898396951602885,0.21820132120810642,0.19593587806411353
52.88536799536353,9.0,52.88536799536353,4.999913876186936,0.13596950556381868,3.641703598181124,4.8983969535662935,0.21820132130766767,0.1959358781426325
52.90536799536354,9.0,52.90536799536354,4.999913876260959,0.13596952968704612,3.6417036001111507,4.89839695547622,0.21820132137438897,0.1959358782190575
52.925367995363544,9.0,52.925367995363544,4.999913876334627,0.13596955375234288,3.6417036020397124,4.898396957407206,0.21820132146442894,0.19593587829627965
52.945367995363554,9.0,52.945367995363554,4.999913876407944,0.13596957775967738,3.641703603963353,4.898396959331693,0.21820132154923577,0.1959358783732412
52.96536799536356,9.0,52.96536799536356,4.999913876480909,0.13596960170905653,3.6417036058820793,4.898396961250371,0.21820132163256556,0.19593587845002475
52.98536799536357,9.0,52.98536799536357,4.999913876553521,0.1359696256005493,3.6417036077957046,4.898396963163899,0.21820132171477669,0.19593587852654193
53.00536799536357,9.0,53.00536799536357,4.9999138766257945,0.13596964943422082,3.641703609706135,4.898396965074295,0.2182013217979315,0.1959358786029462
53.02536799536358,9.0,53.02536799536358,4.999913876697716,0.13596967320995704,3.641703611609315,4.898396966977489,0.21820132187992192,0.19593587867911552
53.045367995363584,9.0,53.045367995363584,4.999913876769298,0.13596969692797464,3.641703613510298,4.898396968878242,0.21820132196287112,0.1959358787551383
53.065367995363594,9.0,53.065367995363594,4.999913876840539,0.13596972058817794,3.6417036154057447,4.898396970773875,0.21820132204483755,0.19593587883094954
53.0853679953636,9.0,53.0853679953636,4.9999138769114415,0.13596974419066873,3.641703617295978,4.898396972663936,0.2182013221266308,0.19593587890658104
53.086367995363595,9.0,53.086367995363595,4.999913876914986,0.13596974536892967,3.6417036173712796,4.89839697256572,0.2182013219459371,0.19593587890262462
53.10236799536361,9.0,53.10236799536361,4.999913876971454,0.13596976420781165,3.641703618918466,4.898396974445085,0.21820132238187329,0.19593587897780054
53.12236799536361,9.0,53.12236799536361,4.9999138770417275,0.1359697877032255,3.6417036207813687,4.898396976142622,0.2182013222710344,0.19593587904569354
53.14236799536361,9.0,53.14236799536361,4.999913877111673,0.13596981114145387,3.6417036226614825,4.8983969780460495,0.21820132236826018,0.19593587912183752
53.16236799536362,9.0,53.16236799536362,4.9999138771812905,0.13596983452199107,3.64170362453281,4.8983969798971865,0.21820132243305457,0.1959358791959232
53.18236799536362,9.0,53.18236799536362,4.999913877250579,0.13596985784504367,3.641703626401849,4.8983969817687125,0.21820132251994728,0.1959358792707375
53.20236799536363,9.0,53.20236799536363,4.999913877319539,0.1359698811105465,3.6417036282653177,4.898396983632953,0.21820132260184266,0.19593587934530418
53.22236799536363,9.0,53.22236799536363,4.999913877388177,0.13596990431858857,3.641703630125247,4.898396985492869,0.21820132268252035,0.19593587941968882
53.242367995363644,9.0,53.242367995363644,4.999913877456488,0.1359699274692205,3.6417036319797265,4.898396987347276,0.218201322762841,0.195935879493904
53.26236799536365,9.0,53.26236799536365,4.999913877524476,0.13596995056242211,3.641703633829147,4.898396989196653,0.2182013228426527,0.19593587956788572
53.28236799536366,9.0,53.28236799536366,4.999913877592145,0.13596997359832422,3.64170363567562,4.898396991043056,0.21820132292280592,0.19593587964170633
53.30236799536366,9.0,53.30236799536366,4.9999138776594965,0.1359699965768632,3.641703637515285,4.8983969928827165,0.2182013230025488,0.1959358797153637
53.32236799536367,9.0,53.32236799536367,4.999913877726533,0.13597001949820328,3.6417036393526265,4.898396994720007,0.2182013230820723,0.1959358797887905
53.342367995363674,9.0,53.342367995363674,4.999913877793255,0.13597004236230298,3.6417036411845416,4.898396996551862,0.21820132316137952,0.19593587986207733
53.34336799536367,9.0,53.34336799536367,4.999913877796588,0.1359700435036202,3.641703641256157,4.898396996450557,0.21820132298006278,0.19593587985799443
53.359367995363684,9.0,53.359367995363684,4.9999138778497265,0.13597006175217927,3.6417036427556773,4.898396998281063,0.2182013234127882,0.1959358799312068
53.37936799536369,9.0,53.37936799536369,4.9999138779158665,0.13597008451016576,3.6417036445602835,4.898396999920858,0.21820132330118236,0.19593587999683673
53.39936799536369,9.0,53.39936799536369,4.9999138779816965,0.13597010721144923,3.6417036463809076,4.898397001764873,0.2182013233956499,0.19593588007062426
53.41936799536369,9.0,53.41936799536369,4.9999138780472245,0.13597012985563073,3.641703648193196,4.898397003556981,0.21820132345692933,0.19593588014227054
53.439367995363696,9.0,53.439367995363696,4.9999138781124435,0.13597015244287453,3.641703650003773,4.898397005370091,0.21820132354231525,0.195935880214817
53.459367995363706,9.0,53.459367995363706,4.999913878177362,0.13597017497310823,3.6417036518077808,4.898397007174856,0.21820132362133515,0.19593588028701836
53.47936799536371,9.0,53.47936799536371,4.999913878241976,0.13597019744648897,3.6417036536090936,4.898397008976025,0.21820132369927459,0.1959358803590258
53.49936799536372,9.0,53.49936799536372,4.9999138783062875,0.13597021986300717,3.6417036554052276,4.8983970107722286,0.21820132377683565,0.19593588043087337
53.51936799536372,9.0,53.51936799536372,4.999913878370302,0.13597024222267695,3.64170365719616,4.89839701256318,0.21820132385397084,0.19593588050251423
53.53936799536373,9.0,53.53936799536373,4.9999138784340165,0.1359702645256264,3.641703658982688,4.898397014349507,0.21820132393134894,0.19593588057398578
53.559367995363736,9.0,53.559367995363736,4.999913878497439,0.13597028677185588,3.64170366076526,4.898397016132081,0.21820132400880832,0.19593588064528852
53.57936799536375,9.0,53.57936799536375,4.999913878560563,0.13597030896146514,3.641703662543127,4.898397017909994,0.21820132408552828,0.19593588071638388
53.59936799536375,9.0,53.59936799536375,4.999913878623395,0.13597033109446313,3.6417036643167253,4.898397019683371,0.2182013241625005,0.19593588078734
53.60036799536375,9.0,53.60036799536375,4.999913878626536,0.13597033219921126,3.641703664385121,4.898397019579009,0.21820132418755467,0.19593588079176613
53.61636799536376,9.0,53.61636799536376,4.999913878676584,0.13597034986344567,3.641703665841935,4.898397021410249,0.2182013244124894,0.19593588085452637
53.63636799536376,9.0,53.63636799536376,4.999913878738873,0.13597037189133684,3.6417036675811083,4.898397022903995,0.21820132427983863,0.19593588091742273
53.656367995363766,9.0,53.656367995363766,4.999913878800881,0.13597039386344306,3.6417036693497895,4.898397024765675,0.2182013244003218,0.19593588098944476
53.676367995363776,9.0,53.676367995363776,4.9999138788626,0.13597041577881705,3.641703671098214,4.898397026428317,0.21820132442314844,0.1959358810571225
53.69636799536377,9.0,53.69636799536377,4.9999138789240405,0.1359704376381096,3.641703672853477,4.898397028224342,0.21820132454194097,0.19593588112895732
53.71636799536378,9.0,53.71636799536378,4.999913878985195,0.13597045944098418,3.6417036745992757,4.898397029967273,0.21820132462394648,0.1959358811999147
53.736367995363786,9.0,53.736367995363786,4.999913879046065,0.13597048118770408,3.6417036763440267,4.898397031738555,0.2182013246825356,0.19593588126834718
53.756367995363796,9.0,53.756367995363796,4.999913879106657,0.13597050287810047,3.641703678077549,4.898397033409279,0.2182013247299608,0.1959358813363543
53.7763679953638,9.0,53.7763679953638,4.9999138791669715,0.13597052451253117,3.641703679813396,4.8983970351849635,0.21820132485862942,0.19593588140863274
53.79636799536381,9.0,53.79636799536381,4.999913879227008,0.1359705460908462,3.641703681544162,4.898397036940073,0.21820132490989552,0.19593588147640031
53.81636799536381,9.0,53.81636799536381,4.999913879286766,0.13597056761303947,3.641703683263515,4.898397038595176,0.21820132496844424,0.19593588154502428
53.83636799536382,9.0,53.83636799536382,4.999913879346254,0.13597058907948942,3.641703684989331,4.898397040388767,0.21820132506795176,0.19593588161433914
53.856367995363826,9.0,53.856367995363826,4.999913879405468,0.13597061048981882,3.6417036866993087,4.898397042032447,0.2182013251198116,0.1959358816825208
53.876367995363836,9.0,53.876367995363836,4.99991387946441,0.1359706318445607,3.6417036884166643,4.898397043816069,0.21820132523029478,0.19593588175261478
53.89636799536384,9.0,53.89636799536384,4.999913879523085,0.13597065314330598,3.641703690119348,4.898397045480384,0.2182013252668371,0.19593588181920227
53.91636799536385,9.0,53.91636799536385,4.999913879581488,0.1359706743864304,3.641703691821492,4.898397047186174,0.21820132534977565,0.19593588188745628
53.93636799536385,9.0,53.93636799536385,4.999913879639627,0.13597069557390254,3.641703693518966,4.898397048885081,0.2182013254259516,0.19593588195542558
53.93736799536385,9.0,53.93736799536385,4.999913879642534,0.13597069663144937,3.641703693584641,4.898397048777727,0.21820132514236068,0.1959358819468046
53.95336799536386,9.0,53.95336799536386,4.999913879688842,0.1359707135398326,3.6417036949741455,4.898397050476853,0.21820132565890793,0.1959358820191173
53.97336799536386,9.0,53.97336799536386,4.999913879746487,0.1359707346241909,3.641703696647418,4.898397052010682,0.21820132556299088,0.1959358820804221
53.99336799536386,9.0,53.99336799536386,4.99991387980387,0.13597075565342603,3.6417036983358946,4.898397053719619,0.21820132565190375,0.19593588214937377
54.01336799536387,9.0,54.01336799536387,4.999913879860992,0.1359707766271427,3.641703700014042,4.898397055390812,0.21820132570513273,0.19593588221565697
54.033367995363875,9.0,54.033367995363875,4.999913879917856,0.13597079754557842,3.641703701690359,4.898397057052002,0.21820132576312634,0.19593588228142986
54.053367995363885,9.0,54.053367995363885,4.999913879974465,0.13597081840868716,3.6417037033609923,4.898397058712008,0.21820132584304686,0.19593588234846937
54.07336799536389,9.0,54.07336799536389,4.999913880030812,0.13597083921662706,3.6417037050301335,4.89839706039931,0.21820132593047425,0.19593588241597495
54.0933679953639,9.0,54.0933679953639,4.999913880086905,0.13597085996932487,3.6417037066925695,4.8983970620590815,0.21820132599559772,0.1959358824823439
54.1133679953639,9.0,54.1133679953639,4.999913880142745,0.13597088066697954,3.6417037083507164,4.898397063716348,0.21820132606571008,0.1959358825486385
54.13336799536391,9.0,54.13336799536391,4.9999138801983305,0.1359709013095961,3.641703710005776,4.898397065371326,0.21820132613799004,0.19593588261484662
54.153367995363915,9.0,54.153367995363915,4.999913880253666,0.135970921897217,3.6417037116541264,4.898397067019604,0.21820132620915889,0.19593588268083167
54.173367995363925,9.0,54.173367995363925,4.999913880308748,0.13597094242996408,3.641703713299531,4.898397068665153,0.21820132628049826,0.19593588274662677
54.19336799536393,9.0,54.19336799536393,4.999913880363584,0.1359709629078888,3.6417037149413702,4.898397070306868,0.21820132635125677,0.19593588281224525
54.194367995363926,9.0,54.194367995363926,4.999913880366324,0.13597096392998315,3.641703715004096,4.898397070196568,0.21820132617018295,0.1959358828078257
54.21036799536394,9.0,54.21036799536394,4.999913880410002,0.13597098027145033,3.641703716350821,4.898397071874454,0.218201326596156,0.19593588287496974
54.23036799536394,9.0,54.23036799536394,4.9999138804643755,0.1359710006477228,3.641703717965159,4.898397073324027,0.21820132647554225,0.19593588293294673
54.25036799536394,9.0,54.25036799536394,4.999913880518509,0.13597102096975136,3.6417037195951383,4.898397074977299,0.21820132656136826,0.19593588299910494
54.27036799536395,9.0,54.27036799536395,4.999913880572396,0.1359710412371511,3.641703721217699,4.898397076579591,0.2182013266149574,0.19593588306319157
54.29036799536395,9.0,54.29036799536395,4.99991388062604,0.13597106145010987,3.6417037228379563,4.898397078202481,0.21820132669118042,0.19593588312807694
54.31036799536396,9.0,54.31036799536396,4.999913880679444,0.13597108160866342,3.6417037244542176,4.898397079819372,0.21820132676291903,0.19593588319277325
54.330367995363964,9.0,54.330367995363964,4.999913880732609,0.13597110171279575,3.6417037260646277,4.898397081429918,0.21820132683173288,0.19593588325718247
54.350367995363975,9.0,54.350367995363975,4.999913880785534,0.13597112176263665,3.6417037276710085,4.898397083036185,0.2182013269012919,0.19593588332147088
54.37036799536398,9.0,54.37036799536398,4.999913880838222,0.1359711417582773,3.6417037292739103,4.898397084639022,0.21820132697046413,0.19593588338555293
54.39036799536399,9.0,54.39036799536399,4.999913880890672,0.1359711616997787,3.641703730872253,4.898397086237345,0.21820132703967765,0.1959358834495004
54.41036799536399,9.0,54.41036799536399,4.999913880942885,0.13597118158716012,3.6417037324659556,4.898397087830969,0.21820132710836315,0.1959358835132482
54.430367995364,9.0,54.430367995364,4.999913880994867,0.13597120142056512,3.6417037340554943,4.898397089420479,0.21820132717675156,0.19593588357680333
54.450367995364005,9.0,54.450367995364005,4.9999138810466155,0.1359712212000428,3.641703735640632,4.898397091005637,0.21820132724515817,0.19593588364020542
54.451367995364,9.0,54.451367995364,4.999913881049204,0.13597122218722013,3.6417037357005944,4.898397090892544,0.21820132706449336,0.19593588363569048
54.467367995364015,9.0,54.467367995364015,4.9999138810904284,0.13597123797059377,3.6417037370024867,4.898397092525743,0.2182013274883241,0.1959358837010357
54.48736799536402,9.0,54.48736799536402,4.999913881141744,0.13597125765011406,3.641703738560949,4.898397093919182,0.21820132736515374,0.19593588375677012
54.50736799536402,9.0,54.50736799536402,4.999913881192836,0.1359712772763329,3.641703740136525,4.898397095518145,0.21820132744882414,0.19593588382071547
54.527367995364024,9.0,54.527367995364024,4.9999138812437005,0.1359712968487966,3.641703741703442,4.898397097064924,0.21820132749999432,0.1959358838826152
54.54736799536403,9.0,54.54736799536403,4.9999138812943364,0.1359713163677068,3.641703743266977,4.898397098630968,0.21820132757364918,0.1959358839452831
54.56736799536404,9.0,54.56736799536404,4.999913881344747,0.1359713358331323,3.6417037448281975,4.898397100192836,0.2182013276427699,0.195935884007712
54.58736799536404,9.0,54.58736799536404,4.999913881394933,0.1359713552451474,3.6417037463845134,4.898397101749255,0.21820132770956135,0.19593588406994006
54.60736799536405,9.0,54.60736799536405,4.999913881444894,0.1359713746037996,3.641703747935855,4.8983971033006455,0.21820132777611656,0.19593588413200372
54.627367995364054,9.0,54.627367995364054,4.999913881494637,0.13597139390915358,3.6417037494828106,4.898397104847337,0.21820132784273572,0.19593588419388944
54.647367995364064,9.0,54.647367995364064,4.999913881544155,0.1359714131613387,3.6417037510256764,4.898397106390251,0.21820132790987845,0.1959358842556405
54.66736799536407,9.0,54.66736799536407,4.999913881593455,0.1359714323603535,3.641703752564173,4.898397107928677,0.21820132797616587,0.19593588431717113
54.68736799536408,9.0,54.68736799536408,4.999913881642535,0.13597145150638917,3.641703754098841,4.898397109463314,0.21820132804251147,0.19593588437854992
54.70736799536408,9.0,54.70736799536408,4.9999138816913975,0.13597147059940645,3.641703755629691,4.898397110994062,0.21820132810822335,0.19593588443973306
54.70836799536408,9.0,54.70836799536408,4.99991388169384,0.13597147155229286,3.6417037556871854,4.898397110878531,0.21820132782468793,0.19593588443082116
54.72436799536409,9.0,54.72436799536409,4.999913881732767,0.1359714867872248,3.641703756942923,4.8983971124439645,0.21820132833555572,0.19593588449779328
54.744367995364094,9.0,54.744367995364094,4.999913881781225,0.1359715057821291,3.641703758448402,4.8983971138100735,0.21820132823261718,0.19593588455244512
54.7643679953641,9.0,54.7643679953641,4.99991388182947,0.13597152472467508,3.64170375996947,4.898397115351601,0.21820132831406402,0.19593588461469388
54.78436799536411,9.0,54.78436799536411,4.999913881877507,0.13597154361452046,3.6417037614833054,4.898397116858263,0.2182013283599451,0.1959358846742869
54.8043679953641,9.0,54.8043679953641,4.999913881925329,0.13597156245168557,3.641703762991719,4.898397118351788,0.2182013284103932,0.19593588473343473
54.82436799536411,9.0,54.82436799536411,4.999913881972939,0.135971581236422,3.6417037644964223,4.898397119845785,0.21820132848365237,0.1959358847938637
54.84436799536412,9.0,54.84436799536412,4.999913882020341,0.1359715999687877,3.6417037660006057,4.898397121368106,0.2182013285634632,0.19593588485469904
54.86436799536413,9.0,54.86436799536413,4.99991388206753,0.13597161864872181,3.641703767497336,4.898397122862205,0.2182013286213489,0.19593588491446765
54.88436799536413,9.0,54.88436799536413,4.999913882114512,0.13597163727638517,3.64170376899053,4.898397124354595,0.21820132868409514,0.1959358849741434
54.90436799536414,9.0,54.90436799536414,4.9999138821612865,0.13597165585189838,3.641703770479027,4.898397125842985,0.21820132874878073,0.1959358850337303
54.92436799536414,9.0,54.92436799536414,4.999913882207855,0.13597167437527558,3.6417037719633125,4.898397127327183,0.21820132881314347,0.19593588509311885
54.94436799536415,9.0,54.94436799536415,4.99991388225422,0.1359716928466626,3.641703773445396,4.898397128809392,0.21820132887753374,0.1959358851523599
54.96436799536416,9.0,54.96436799536416,4.999913882300378,0.13597171126606292,3.64170377492169,4.898397130285572,0.21820132894082978,0.19593588521142138
54.965367995364154,9.0,54.965367995364154,4.999913882302689,0.13597171218528814,3.6417037749755856,4.8983971301661,0.2182013287593687,0.19593588520665678
54.98136799536417,9.0,54.98136799536417,4.999913882339464,0.1359717268821374,3.641703776191028,4.898397131713606,0.21820132918070279,0.19593588526858505
55.00136799536417,9.0,55.00136799536417,4.999913882385243,0.13597174520534305,3.64170377764229,4.898397132999398,0.21820132905213985,0.19593588531995867
55.02136799536417,9.0,55.02136799536417,4.9999138824308265,0.1359717634771981,3.6417037791088767,4.898397134489405,0.21820132913025247,0.19593588537954126
55.04136799536418,9.0,55.04136799536418,4.999913882476211,0.13597178169735838,3.641703780567364,4.898397135927719,0.2182013291765359,0.19593588543709778
55.06136799536419,9.0,55.06136799536419,4.999913882521397,0.1359717998660281,3.6417037820241482,4.898397137387079,0.21820132924628854,0.19593588549550364
55.08136799536419,9.0,55.08136799536419,4.999913882566383,0.1359718179832331,3.641703783477273,4.898397138840874,0.21820132931045677,0.19593588555363176
55.10136799536419,9.0,55.10136799536419,4.999913882611175,0.1359718360490299,3.641703784924611,4.89839714028834,0.21820132937231707,0.19593588561153905
55.1213679953642,9.0,55.1213679953642,4.999913882655765,0.1359718540635617,3.6417037863691717,4.898397141732766,0.21820132943484305,0.19593588566932385
55.141367995364206,9.0,55.141367995364206,4.999913882700163,0.13597187202689515,3.6417037878085092,4.898397143172084,0.21820132949665894,0.1959358857269099
55.161367995364216,9.0,55.161367995364216,4.999913882744365,0.13597188993909276,3.641703789245704,4.898397144609238,0.21820132955902372,0.19593588578436863
55.18136799536422,9.0,55.18136799536422,4.999913882788375,0.13597190780025328,3.641703790677283,4.898397146040846,0.2182013296205585,0.19593588584165314
55.20136799536423,9.0,55.20136799536423,4.999913882832194,0.1359719256104502,3.641703792105617,4.898397147469065,0.2182013296822345,0.19593588589877695
55.22136799536423,9.0,55.22136799536423,4.999913882875822,0.1359719433697539,3.6417037935282326,4.898397148891695,0.2182013297435943,0.19593588595573475
55.22236799536423,9.0,55.22236799536423,4.999913882878003,0.13597194425604506,3.6417037935819834,4.898397148772071,0.21820132966514993,0.195935885955137
55.23836799536424,9.0,55.23836799536424,4.99991388291276,0.1359719584256971,3.6417037947564666,4.8983971503000845,0.21820132998024366,0.19593588601104922
55.258367995364246,9.0,55.258367995364246,4.999913882956029,0.13597197609069206,3.64170379615021,4.898397151488381,0.21820132984120022,0.19593588606019474
55.27836799536425,9.0,55.27836799536425,4.999913882999114,0.13597199370562224,3.6417037975681477,4.898397152964551,0.2182013299389376,0.19593588611855983
55.29836799536426,9.0,55.29836799536426,4.999913883042013,0.13597201126984365,3.6417037989724186,4.898397154329736,0.21820132996524988,0.19593588617322152
55.31836799536427,9.0,55.31836799536427,4.999913883084726,0.1359720287836969,3.641703800378145,4.89839715573989,0.21820133003689257,0.19593588622958727
55.33836799536427,9.0,55.33836799536427,4.999913883127248,0.1359720462472038,3.6417038017775685,4.898397157140928,0.2182013300996659,0.195935886285659
55.35836799536427,9.0,55.35836799536427,4.999913883169594,0.13597206366041117,3.641703803174818,4.898397158538123,0.21820133015964682,0.19593588634149714
55.37836799536428,9.0,55.37836799536428,4.999913883211752,0.1359720810234236,3.6417038045661254,4.8983971599293605,0.21820133021897936,0.1959358863971736
55.39836799536428,9.0,55.39836799536428,4.999913883253725,0.13597209833635274,3.641703805954797,4.89839716131797,0.218201330278871,0.19593588645269797
55.41836799536429,9.0,55.41836799536429,4.999913883295517,0.1359721155992462,3.6417038073385073,4.8983971627016105,0.21820133033842826,0.19593588650806393
55.438367995364295,9.0,55.438367995364295,4.9999138833371255,0.1359721328121995,3.641703808718669,4.898397164081775,0.2182013303981334,0.19593588656327762
55.458367995364306,9.0,55.458367995364306,4.9999138833785555,0.13597214997532506,3.641703810094379,4.898397165457519,0.2182013304576249,0.19593588661833575
55.47836799536431,9.0,55.47836799536431,4.999913883419804,0.13597216708872156,3.641703811466974,4.898397166830015,0.2182013305099213,0.19593588667263276
55.479367995364306,9.0,55.479367995364306,4.999913883421867,0.13597216794253494,3.6417038115065807,4.898397166599178,0.21820133023232202,0.19593588666393924
55.49536799536432,9.0,55.49536799536432,4.999913883454739,0.1359721815966039,3.6417038126570866,4.898397168243369,0.21820133085397275,0.1959358867306672
55.51536799536432,9.0,55.51536799536432,4.99991388349565,0.13597219861773305,3.6417038139975606,4.898397169379987,0.21820133063065006,0.19593588677453455
55.535367995364325,9.0,55.535367995364325,4.999913883536393,0.13597221558979047,3.641703815356934,4.898397170718593,0.21820133068391723,0.19593588682935723
55.555367995364335,9.0,55.555367995364335,4.999913883576958,0.13597223251250343,3.641703816715089,4.8983971720909505,0.21820133074705295,0.19593588688363744
55.575367995364346,9.0,55.575367995364346,4.99991388361735,0.1359722493858389,3.6417038180667087,4.89839717342614,0.21820133078666748,0.19593588693641115
55.59536799536435,9.0,55.59536799536435,4.999913883657568,0.13597226620997072,3.6417038194140128,4.8983971747620405,0.21820133085112214,0.19593588699050002
55.61536799536435,9.0,55.61536799536435,4.999913883697612,0.13597228298504965,3.641703820761436,4.89839717612755,0.21820133093167726,0.19593588704570877
55.635367995364355,9.0,55.635367995364355,4.999913883737482,0.13597229971105815,3.6417038221042026,4.898397177481822,0.2182013309762696,0.19593588709866386
55.65536799536436,9.0,55.65536799536436,4.999913883777177,0.13597231638801033,3.6417038234380814,4.8983971787833775,0.21820133101797667,0.19593588715134438
55.67536799536437,9.0,55.67536799536437,4.999913883816705,0.13597233301622202,3.6417038247738853,4.898397180139107,0.21820133109517226,0.1959358872055177
55.69536799536437,9.0,55.69536799536437,4.999913883856059,0.13597234959560198,3.641703826103729,4.898397181467072,0.21820133114831108,0.19593588725865935
55.71536799536438,9.0,55.71536799536438,4.999913883895247,0.13597236612631589,3.6417038274288633,4.898397182791443,0.21820133120383822,0.1959358873116507
55.735367995364385,9.0,55.735367995364385,4.999913883934267,0.1359723826083776,3.6417038287503303,4.8983971841128175,0.21820133126061902,0.19593588736449596
55.73636799536439,9.0,55.73636799536439,4.9999138839362205,0.13597238343087567,3.6417038287974615,4.898397183986905,0.21820133107919126,0.19593588735944376
55.752367995364395,9.0,55.752367995364395,4.999913883967308,0.13597239658044707,3.641703829888841,4.898397185409773,0.2182013314946003,0.19593588741641063
55.7723679953644,9.0,55.7723679953644,4.99991388400601,0.13597241297253596,3.641703831184821,4.898397186540577,0.21820133135941466,0.19593588746160107
55.7923679953644,9.0,55.7923679953644,4.999913884044552,0.13597242931671186,3.641703832498125,4.898397187877455,0.2182013314320086,0.1959358875150917
55.81236799536441,9.0,55.81236799536441,4.999913884082925,0.135972445612578,3.6417038338034917,4.898397189162514,0.21820133147140996,0.19593588756649674
55.83236799536442,9.0,55.83236799536442,4.999913884121138,0.13597246186036324,3.641703835107255,4.8983971904687875,0.21820133153377874,0.1959358876187253
55.852367995364425,9.0,55.852367995364425,4.999913884159187,0.1359724780600629,3.6417038364064136,4.8983971917688365,0.21820133159089528,0.19593588767071118
55.87236799536443,9.0,55.87236799536443,4.999913884197069,0.13597249421178095,3.6417038377013253,4.898397193063587,0.21820133164676792,0.19593588772254852
55.89236799536444,9.0,55.89236799536444,4.9999138842347906,0.13597251031568272,3.641703838992662,4.898397194355054,0.21820133170252065,0.19593588777421883
55.912367995364434,9.0,55.912367995364434,4.999913884272346,0.13597252637175486,3.6417038402808593,4.898397195643099,0.21820133175791367,0.1959358878257212
55.932367995364444,9.0,55.932367995364444,4.9999138843097475,0.1359725423802116,3.6417038415647416,4.898397196926994,0.21820133181301582,0.19593588787707097
55.95236799536445,9.0,55.95236799536445,4.999913884346984,0.13597255834100974,3.6417038428445747,4.89839719820667,0.21820133186827073,0.19593588792828928
55.97236799536446,9.0,55.97236799536446,4.999913884384064,0.13597257425435963,3.6417038441209257,4.898397199483103,0.21820133192337243,0.19593588797934247
55.99236799536446,9.0,55.99236799536446,4.999913884420985,0.13597259012030158,3.6417038453938666,4.898397200756098,0.21820133197840352,0.19593588803026302
55.993367995364466,9.0,55.993367995364466,4.999913884422831,0.13597259091200703,3.641703845438894,4.898397200627457,0.2182013317963083,0.19593588802507317
56.00936799536447,9.0,56.00936799536447,4.9999138844522495,0.13597260356950722,3.6417038464904077,4.898397202011366,0.2182013322096772,0.19593588808046714
56.029367995364474,9.0,56.029367995364474,4.999913884488876,0.1359726193476282,3.6417038477372885,4.89839720309257,0.21820133207970516,0.19593588812432144
56.04936799536448,9.0,56.04936799536448,4.999913884525346,0.13597263507906782,3.6417038490028153,4.898397204395683,0.21820133214952842,0.1959358881758002
56.06936799536449,9.0,56.06936799536449,4.9999138845616615,0.13597265076333248,3.6417038502574073,4.898397205612751,0.21820133217314686,0.19593588822451022
56.0893679953645,9.0,56.0893679953645,4.999913884597824,0.13597266640069475,3.641703851512878,4.898397206873375,0.21820133223982463,0.19593588827493727
56.1093679953645,9.0,56.1093679953645,4.99991388463383,0.13597268199119297,3.6417038527626393,4.898397208124718,0.21820133229613292,0.19593588832502068
56.129367995364504,9.0,56.129367995364504,4.999913884669682,0.1359726975349725,3.641703854010124,4.898397209372091,0.21820133234235728,0.19593588837427398
56.149367995364514,9.0,56.149367995364514,4.999913884705383,0.13597271303204517,3.6417038552516967,4.8983972105996125,0.21820133240230488,0.1959358884245787
56.169367995364524,9.0,56.169367995364524,4.9999138847409315,0.13597272848260578,3.641703856493612,4.898397211872774,0.21820133246956264,0.19593588847491553
56.18936799536452,9.0,56.18936799536452,4.999913884776328,0.13597274388664438,3.6417038577278067,4.898397213087131,0.21820133250346752,0.19593588852351004
56.20936799536452,9.0,56.20936799536452,4.9999138848115745,0.13597275924432503,3.641703858959869,4.898397214320923,0.21820133256099616,0.195935888572863
56.229367995364534,9.0,56.229367995364534,4.999913884846672,0.13597277455570903,3.6417038601877505,4.898397215549561,0.21820133261512442,0.19593588862200906
56.24936799536454,9.0,56.24936799536454,4.999913884881619,0.1359727898209596,3.6417038614134145,4.898397216775197,0.21820133266774766,0.19593588867097442
56.25036799536454,9.0,56.25036799536454,4.99991388488337,0.13597279058260897,3.641703861454824,4.898397216643708,0.2182013324859069,0.19593588866573167
56.26636799536455,9.0,56.26636799536455,4.999913884911216,0.1359728027604698,3.6417038624682747,4.898397217988308,0.2182013328971908,0.19593588871956702
56.28636799536455,9.0,56.28636799536455,4.999913884945883,0.1359728179401304,3.6417038636685652,4.8983972190235825,0.2182013327580572,0.1959358887608923
56.30636799536455,9.0,56.30636799536455,4.999913884980406,0.13597283307428956,3.64170386488502,4.898397220263508,0.21820133282587229,0.19593588881049595
56.32636799536456,9.0,56.32636799536456,4.999913885014785,0.1359728481625085,3.641703866093328,4.89839722145166,0.21820133286119292,0.195935888858054
56.346367995364574,9.0,56.346367995364574,4.999913885049017,0.13597286320505836,3.641703867300679,4.898397222661439,0.21820133291932775,0.19593588890641478
56.36636799536458,9.0,56.36636799536458,4.999913885083105,0.13597287820195192,3.6417038685030176,4.89839722386462,0.2182013329727428,0.1959358889545873
56.38636799536458,9.0,56.38636799536458,4.9999138851170475,0.1359728931533778,3.6417038697029613,4.898397225064533,0.218201333024576,0.19593588900257608
56.40636799536459,9.0,56.40636799536459,4.999913885150848,0.13597290805929815,3.6417038708989096,4.898397226260488,0.21820133307561074,0.19593588905039394
56.4263679953646,9.0,56.4263679953646,4.999913885184504,0.13597292291987564,3.641703872090167,4.898397227451717,0.21820133312721657,0.19593588909812137
56.446367995364604,9.0,56.446367995364604,4.999913885218018,0.135972937735284,3.6417038732795013,4.8983972286410165,0.21820133317809365,0.19593588914561963
56.4663679953646,9.0,56.4663679953646,4.999913885251389,0.1359729525054874,3.6417038744646595,4.898397229826121,0.2182013332294197,0.19593588919305924
56.48636799536461,9.0,56.48636799536461,4.999913885284619,0.13597296723063,3.6417038756465483,4.898397231007983,0.21820133327984648,0.19593588924028907
56.50636799536461,9.0,56.50636799536461,4.99991388531771,0.13597298191083002,3.641703876823309,4.898397232184648,0.21820133333055214,0.1959358892874192
56.50736799536462,9.0,56.50736799536462,4.9999138853193665,0.1359729826432978,3.641703876864042,4.898397232052695,0.21820133304620004,0.19593588927776678
56.52336799536462,9.0,56.52336799536462,4.999913885345731,0.13597299435404195,3.64170387783773,4.898397233335466,0.21820133355804128,0.19593588933438796
56.543367995364626,9.0,56.543367995364626,4.999913885378558,0.1359730089510475,3.641703878994069,4.898397234367352,0.21820133343405423,0.19593588937469963
56.56336799536463,9.0,56.56336799536463,4.999913885411249,0.13597302350365997,3.641703880162479,4.898397235538291,0.21820133347844228,0.1959358894215439
56.58336799536464,9.0,56.58336799536464,4.999913885443807,0.13597303801163796,3.641703881324811,4.898397236681943,0.21820133351524307,0.1959358894672616
56.60336799536465,9.0,56.60336799536465,4.999913885476222,0.1359730524751703,3.6417038824853725,4.898397237845741,0.21820133357299287,0.1959358895138258
56.62336799536465,9.0,56.62336799536465,4.999913885508502,0.13597306689432326,3.64170388364216,4.898397239003379,0.21820133362429983,0.19593588956013056
56.643367995364656,9.0,56.643367995364656,4.9999138855406455,0.13597308126915408,3.64170388479492,4.8983972401561635,0.21820133367431316,0.19593588960631203
56.663367995364666,9.0,56.663367995364666,4.999913885572653,0.13597309559982157,3.6417038859451636,4.898397241306388,0.2182013337238491,0.195935889652313
56.68336799536468,9.0,56.68336799536468,4.999913885604529,0.13597310988638853,3.6417038870921927,4.898397242453326,0.21820133377227657,0.19593588969810494
56.70336799536468,9.0,56.70336799536468,4.999913885636265,0.13597312412892532,3.641703888234622,4.898397243595717,0.21820133382141593,0.1959358897438381
56.72336799536468,9.0,56.72336799536468,4.999913885667876,0.1359731383275927,3.6417038893745506,4.898397244735613,0.21820133387065654,0.19593588978942555
56.743367995364686,9.0,56.743367995364686,4.999913885699345,0.13597315248240502,3.641703890509997,4.898397245871115,0.2182013339188864,0.1959358898348188
56.76336799536469,9.0,56.76336799536469,4.999913885730687,0.13597316659355083,3.6417038916415465,4.898397247002668,0.2182013339681208,0.19593588988015292
56.764367995364694,9.0,56.764367995364694,4.999913885732257,0.1359731672975835,3.641703891680383,4.898397246868154,0.2182013336830746,0.19593588987037855
56.7803679953647,9.0,56.7803679953647,4.999913885757228,0.1359731785540357,3.6417038926185263,4.898397248116331,0.21820133419393173,0.19593588992557223
56.8003679953647,9.0,56.8003679953647,4.999913885788322,0.13597319258422275,3.641703893728378,4.898397249101258,0.2182013340597062,0.19593588996342687
56.820367995364705,9.0,56.820367995364705,4.999913885819286,0.13597320657129294,3.6417038948503953,4.898397250211782,0.21820133410970177,0.19593589000906617
56.840367995364716,9.0,56.840367995364716,4.999913885850122,0.13597322051506064,3.641703895970472,4.898397251344654,0.218201334159287,0.19593589005379555
56.860367995364726,9.0,56.860367995364726,4.999913885880829,0.13597323441554282,3.6417038970837785,4.898397252441239,0.2182013341949003,0.19593589009766332
56.88036799536473,9.0,56.88036799536473,4.999913885911402,0.1359732482728838,3.641703898195951,4.898397253556066,0.21820133424196397,0.1959358901416525
56.90036799536473,9.0,56.90036799536473,4.999913885941854,0.1359732620872135,3.641703899304104,4.898397254650862,0.2182013342980289,0.19593589018662724
56.92036799536474,9.0,56.92036799536474,4.999913885972176,0.13597327585864627,3.641703900411984,4.8983972557902264,0.2182013343594793,0.1959358902316277
56.94036799536475,9.0,56.94036799536475,4.999913886002372,0.13597328958714505,3.641703901512323,4.898397256870483,0.2182013343790996,0.19593589027418273
56.960367995364756,9.0,56.960367995364756,4.99991388603244,0.13597330327287144,3.641703902608507,4.898397257954347,0.21820133443084133,0.19593589031819886
56.98036799536476,9.0,56.98036799536476,4.999913886062381,0.13597331691601497,3.64170390370577,4.898397259069744,0.2182013344937861,0.195935890362797
57.00036799536477,9.0,57.00036799536477,4.9999138860921954,0.13597333051661045,3.6417039047975015,4.898397260158947,0.2182013345342826,0.1959358904063134
57.020367995364765,9.0,57.020367995364765,4.999913886121888,0.13597334407469827,3.6417039058845764,4.898397261245171,0.21820133458689606,0.19593589045043205
57.02136799536477,9.0,57.02136799536477,4.999913886123377,0.13597334475132514,3.6417039059302945,4.898397261215182,0.21820133439770473,0.19593589044428383
57.037367995364775,9.0,57.037367995364775,4.999913886147039,0.1359733555659493,3.641703906815144,4.898397262247537,0.2182013347024716,0.19593589048989424
57.05736799536478,9.0,57.05736799536478,4.9999138861764925,0.13597336904558766,3.641703907886823,4.898397263233269,0.21820133465724645,0.19593589052937155
57.07736799536478,9.0,57.07736799536478,4.999913886205827,0.13597338248329965,3.6417039089695877,4.898397264348456,0.21820133472663406,0.19593589057392902
57.09736799536479,9.0,57.09736799536479,4.9999138862350465,0.13597339587880483,3.6417039100424797,4.898397265400087,0.21820133475197734,0.1959358906159777
57.1173679953648,9.0,57.1173679953648,4.999913886264139,0.1359734092323748,3.641703911113444,4.898397266473093,0.2182013348035028,0.19593589065894568
57.137367995364805,9.0,57.137367995364805,4.999913886293111,0.13597342254407246,3.6417039121826287,4.898397267543071,0.21820133485103055,0.19593589070169107
57.15736799536481,9.0,57.15736799536481,4.999913886321965,0.13597343581399812,3.6417039132478397,4.898397268608279,0.2182013348964813,0.1959358907442806
57.17736799536482,9.0,57.17736799536482,4.999913886350698,0.13597344904219402,3.6417039143087937,4.898397269669234,0.2182013349422962,0.19593589078678494
57.19736799536483,9.0,57.19736799536483,4.999913886379307,0.13597346222882012,3.6417039153676725,4.8983972707280445,0.21820133498786687,0.19593589082911517
57.21736799536483,9.0,57.21736799536483,4.999913886407798,0.13597347537394217,3.641703916422442,4.898397271782776,0.2182013350332519,0.19593589087132857
57.237367995364835,9.0,57.237367995364835,4.999913886436169,0.13597348847769908,3.6417039174748314,4.898397272835112,0.21820133507814932,0.19593589091336705
57.257367995364845,9.0,57.257367995364845,4.999913886464422,0.1359735015401117,3.641703918523237,4.898397273883584,0.21820133512315998,0.1959358909553153
57.277367995364855,9.0,57.277367995364855,4.999913886492563,0.1359735145613514,3.6417039195679886,4.898397274928288,0.2182013351682408,0.19593589099714137
57.278367995364846,9.0,57.278367995364846,4.999913886493972,0.1359735152109581,3.6417039196008623,4.898397274787607,0.21820133508811868,0.19593589099578146
57.29436799536485,9.0,57.29436799536485,4.999913886516391,0.1359735255974862,3.6417039204735993,4.898397276014216,0.21820133539159903,0.19593589103962075
57.314367995364854,9.0,57.314367995364854,4.999913886544305,0.1359735385423016,3.6417039214898455,4.898397276824965,0.21820133522812935,0.19593589107300996
57.33436799536486,9.0,57.33436799536486,4.999913886572107,0.1359735514467425,3.6417039225306547,4.898397277909836,0.21820133531041908,0.19593589111638948
57.35436799536487,9.0,57.35436799536487,4.999913886599795,0.13597356431017799,3.641703923560531,4.8983972789181465,0.21820133533344555,0.19593589115672458
57.37436799536488,9.0,57.37436799536488,4.999913886627371,0.1359735771330104,3.6417039245904608,4.89839727994981,0.21820133538294684,0.1959358911979915
57.39436799536488,9.0,57.39436799536488,4.999913886654828,0.13597358991518246,3.641703925616193,4.8983972809763126,0.21820133542824838,0.19593589123904892
57.414367995364884,9.0,57.414367995364884,4.99991388668217,0.13597360265680986,3.641703926638456,4.8983972819985935,0.21820133547270304,0.19593589128000097
57.434367995364894,9.0,57.434367995364894,4.999913886709401,0.1359736153580685,3.641703927658845,4.898397283018905,0.21820133551599508,0.19593589132073372
57.454367995364905,9.0,57.454367995364905,4.999913886736519,0.13597362801889623,3.641703928674232,4.898397284034298,0.21820133555969168,0.195935891361411
57.47436799536491,9.0,57.47436799536491,4.999913886763519,0.13597364063954145,3.641703929687921,4.8983972850479445,0.2182013356033763,0.19593589140193124
57.49436799536491,9.0,57.49436799536491,4.999913886790415,0.1359736532200587,3.641703930698206,4.898397286058203,0.21820133565377242,0.19593589144292822
57.51436799536492,9.0,57.51436799536492,4.999913886817195,0.1359736657605249,3.641703931705472,4.898397287079457,0.21820133568941014,0.1959358914825665
57.53436799536493,9.0,57.53436799536493,4.9999138868438635,0.13597367826095152,3.6417039327057434,4.898397288048466,0.21820133571871958,0.19593589152194618
57.53536799536492,9.0,57.53536799536492,4.999913886845201,0.135973678884595,3.6417039327381513,4.898397287915674,0.21820133564930622,0.1959358915209064
57.55136799536493,9.0,57.55136799536493,4.999913886866456,0.13597368885552327,3.641703933579073,4.898397289125841,0.2182013359778905,0.19593589156503502
57.57136799536493,9.0,57.57136799536493,4.999913886892915,0.13597370128193784,3.641703934554243,4.898397289904493,0.218201335789304,0.19593589159554725
57.591367995364934,9.0,57.591367995364934,4.999913886919267,0.13597371366919322,3.641703935550639,4.898397290912274,0.21820133585494084,0.19593589163647976
57.611367995364944,9.0,57.611367995364944,4.999913886945512,0.13597372601685584,3.64170393654189,4.8983972919015955,0.21820133590429913,0.19593589167669115
57.631367995364954,9.0,57.631367995364954,4.99991388697165,0.1359737383250093,3.641703937530886,4.898397292904705,0.21820133593990265,0.1959358917155948
57.65136799536496,9.0,57.65136799536496,4.999913886997679,0.13597375059377093,3.6417039385132197,4.898397293855739,0.21820133596841274,0.19593589175423204
57.67136799536496,9.0,57.67136799536496,4.999913887023597,0.13597376282331025,3.6417039394964994,4.898397294858835,0.21820133603724212,0.19593589179495652
57.69136799536497,9.0,57.69136799536497,4.999913887049412,0.1359737750136707,3.6417039404764804,4.898397295850998,0.2182013360673669,0.1959358918334025
57.71136799536498,9.0,57.71136799536498,4.999913887075121,0.13597378716487424,3.6417039414490735,4.898397296791538,0.21820133610139392,0.19593589187227398
57.731367995364984,9.0,57.731367995364984,4.999913887100721,0.13597379927721615,3.641703942424426,4.898397297800653,0.2182013361626427,0.19593589191200983
57.75136799536499,9.0,57.75136799536499,4.999913887126217,0.13597381135057574,3.641703943391732,4.898397298748911,0.21820133618593607,0.19593589194995148
57.771367995365,9.0,57.771367995365,4.999913887151604,0.13597382338519054,3.641703944358883,4.898397299717842,0.21820133623196103,0.1959358919886751
57.79136799536501,9.0,57.79136799536501,4.999913887176887,0.13597383538107713,3.641703945321009,4.898397300680725,0.21820133626707205,0.19593589202661346
57.792367995365,9.0,57.792367995365,4.999913887178156,0.1359738359793002,3.641703945340023,4.898397300430329,0.21820133598881153,0.19593589201713563
57.808367995365,9.0,57.808367995365,4.999913887198307,0.13597384554777023,3.6417039461633185,4.898397301745295,0.21820133658202057,0.19593589206984408
57.82836799536501,9.0,57.82836799536501,4.999913887223395,0.13597385747186225,3.6417039470951518,4.8983973024595695,0.2182013363561639,0.19593589209839238
57.84836799536501,9.0,57.84836799536501,4.999913887248382,0.1359738693580611,3.641703948050425,4.898397303426031,0.2182013364054325,0.19593589213767168
57.86836799536502,9.0,57.86836799536502,4.999913887273266,0.13597388120591256,3.641703949001794,4.89839730437171,0.21820133643092987,0.19593589217483853
57.88836799536503,9.0,57.88836799536503,4.999913887298047,0.13597389301548252,3.6417039499486465,4.898397305304059,0.21820133646476103,0.19593589221212582
57.90836799536503,9.0,57.90836799536503,4.999913887322723,0.13597390478699234,3.641703950893654,4.898397306252528,0.21820133651304152,0.1959358922500911
57.928367995365036,9.0,57.928367995365036,4.9999138873473035,0.13597391652048813,3.64170395183588,4.898397307195488,0.21820133655508034,0.19593589228783842
57.94836799536505,9.0,57.94836799536505,4.999913887371781,0.13597392821604135,3.641703952775429,4.898397308134989,0.2182013365943689,0.19593589232534456
57.96836799536506,9.0,57.96836799536506,4.999913887396157,0.13597393987375286,3.6417039537104907,4.898397309070008,0.21820133663463936,0.19593589236282705
57.98836799536506,9.0,57.98836799536506,4.999913887420428,0.1359739514937461,3.6417039546435594,4.898397310003027,0.218201336674678,0.19593589240013032
58.00836799536506,9.0,58.00836799536506,4.999913887444607,0.1359739630760825,3.641703955573611,4.898397310933042,0.2182013367149236,0.195935892437351
58.02836799536507,9.0,58.02836799536507,4.999913887468679,0.13597397462090544,3.6417039565009848,4.898397311860358,0.2182013367469997,0.19593589247377735
58.04836799536508,9.0,58.04836799536508,4.9999138874926565,0.13597398612819703,3.6417039574230166,4.89839731276827,0.21820133678690556,0.19593589251076698
58.049367995365074,9.0,58.049367995365074,4.999913887493858,0.13597398670220484,3.6417039574511967,4.898397312629957,0.21820133661209784,0.19593589250518167
58.06536799536509,9.0,58.06536799536509,4.999913887512966,0.13597399588048245,3.6417039582270165,4.898397313750321,0.2182013370347966,0.19593589255092714
58.08536799536508,9.0,58.08536799536508,4.999913887536755,0.1359740073183963,3.6417039591258864,4.898397314493935,0.21820133686021492,0.19593589257915273
58.105367995365086,9.0,58.105367995365086,4.9999138875604485,0.1359740187195743,3.6417039600416565,4.898397315400266,0.2182013369086584,0.19593589261666478
58.125367995365096,9.0,58.125367995365096,4.999913887584049,0.13597403008367367,3.641703960954918,4.898397316327442,0.21820133695097121,0.1959358926531262
58.145367995365106,9.0,58.145367995365106,4.999913887607549,0.13597404141072955,3.6417039618638336,4.898397317219697,0.21820133697769473,0.19593589268874212
58.16536799536511,9.0,58.16536799536511,4.999913887630957,0.13597405270095186,3.6417039627703094,4.898397318128834,0.21820133701567013,0.19593589272454917
58.18536799536511,9.0,58.18536799536511,4.999913887654263,0.13597406395433914,3.6417039636722994,4.89839731901744,0.21820133705558886,0.19593589276072568
58.20536799536512,9.0,58.20536799536512,4.9999138876774785,0.1359740751711234,3.6417039645752616,4.898397319937815,0.2182013371079634,0.1959358927974978
58.22536799536513,9.0,58.22536799536513,4.999913887700594,0.1359740863512035,3.641703965472152,4.898397320832037,0.21820133714731416,0.19593589283389684
58.245367995365136,9.0,58.245367995365136,4.999913887723619,0.13597409749487735,3.6417039663684885,4.898397321741753,0.21820133718500223,0.19593589286969532
58.26536799536514,9.0,58.26536799536514,4.999913887746543,0.1359741086020619,3.6417039672583464,4.898397322614155,0.2182013372091549,0.19593589290459096
58.28536799536515,9.0,58.28536799536515,4.999913887769381,0.13597411967301445,3.6417039681485286,4.898397323506944,0.21820133724607826,0.1959358929396329
58.30536799536516,9.0,58.30536799536516,4.999913887792118,0.13597413070764786,3.6417039690330455,4.898397324378083,0.21820133728526558,0.19593589297511876
58.30636799536515,9.0,58.30636799536515,4.999913887793258,0.13597413125807456,3.641703969059089,4.898397324237651,0.21820133711020429,0.19593589296947353
58.32236799536516,9.0,58.32236799536516,4.99991388781138,0.13597414005913236,3.6417039698036726,4.898397325326642,0.21820133751755622,0.19593589301307282
58.342367995365166,9.0,58.342367995365166,4.999913887833942,0.13597415102671961,3.6417039706653873,4.8983973260186575,0.21820133735589664,0.1959358930407596
58.36236799536516,9.0,58.36236799536516,4.999913887856416,0.13597416195877615,3.641703971545462,4.8983973269212076,0.2182013374081473,0.19593589307683587
58.38236799536517,9.0,58.38236799536517,4.999913887878802,0.135974172854883,3.6417039724183358,4.89839732777387,0.21820133742956038,0.1959358931109697
58.40236799536518,9.0,58.40236799536518,4.999913887901093,0.1359741837153187,3.641703973291535,4.898397328649605,0.2182013374740408,0.19593589314598833
58.422367995365185,9.0,58.422367995365185,4.999913887923293,0.1359741945400612,3.6417039741605715,4.898397329519569,0.2182013375127725,0.1959358931807984
58.44236799536519,9.0,58.44236799536519,4.999913887945405,0.13597420532924862,3.6417039750267595,4.898397330385615,0.2182013375498375,0.1959358932154598
58.4623679953652,9.0,58.4623679953652,4.999913887967423,0.13597421608296967,3.6417039758903953,4.898397331249295,0.21820133758677107,0.19593589324999758
58.48236799536521,9.0,58.48236799536521,4.999913887989352,0.1359742268012948,3.6417039767508674,4.898397332109719,0.21820133762303762,0.19593589328437758
58.50236799536521,9.0,58.50236799536521,4.999913888011191,0.1359742374843817,3.64170397760891,4.898397332967738,0.2182013376605232,0.19593589331874525
58.522367995365215,9.0,58.522367995365215,4.999913888032939,0.13597424813225636,3.641703978463643,4.898397333822474,0.21820133769699135,0.19593589335293154
58.542367995365225,9.0,58.542367995365225,4.999913888054602,0.13597425874508456,3.6417039793164654,4.898397334675233,0.218201337733543,0.19593589338701273
58.562367995365236,9.0,58.562367995365236,4.999913888076175,0.13597426932287052,3.641703980165672,4.898397335524486,0.21820133777006223,0.19593589342100892
58.563367995365226,9.0,58.563367995365226,4.9999138880772565,0.13597426985046035,3.6417039801891145,4.898397335374863,0.2182013375872769,0.19593589341497722
58.57936799536524,9.0,58.57936799536524,4.999913888094445,0.13597427828690498,3.641703980903877,4.898397336420988,0.21820133798620356,0.19593589345687615
58.59936799536524,9.0,58.59936799536524,4.999913888115851,0.13597428879984738,3.641703981729783,4.898397337081918,0.21820133783067241,0.19593589348327697
58.61936799536525,9.0,58.61936799536525,4.999913888137171,0.13597429927847177,3.6417039825735693,4.898397337949079,0.21820133788195495,0.19593589351793378
58.63936799536525,9.0,58.63936799536525,4.999913888158407,0.13597430972235686,3.641703983410412,4.898397338765711,0.2182013379012524,0.19593589355062083
58.65936799536526,9.0,58.65936799536526,4.999913888179555,0.13597432013178554,3.641703984247125,4.89839733960497,0.21820133794369756,0.1959358935841835
58.67936799536526,9.0,58.67936799536526,4.999913888200614,0.13597433050674337,3.641703985080434,4.898397340439135,0.21820133798074393,0.19593589361754032
58.699367995365265,9.0,58.699367995365265,4.999913888221587,0.13597434084736254,3.6417039859108997,4.898397341269524,0.21820133801600416,0.1959358936507469
58.719367995365275,9.0,58.719367995365275,4.999913888242481,0.1359743511536973,3.64170398673808,4.898397342096716,0.21820133805194386,0.19593589368390657
58.739367995365285,9.0,58.739367995365285,4.999913888263285,0.13597436142586294,3.6417039875636794,4.898397342922249,0.21820133808710418,0.19593589371687842
58.75936799536529,9.0,58.75936799536529,4.999913888284,0.13597437166399426,3.6417039883859164,4.898397343744465,0.21820133812234355,0.19593589374977832
58.77936799536529,9.0,58.77936799536529,4.999913888304639,0.1359743818681065,3.641703989204706,4.898397344563217,0.21820133815738263,0.19593589378255374
58.7993679953653,9.0,58.7993679953653,4.999913888325189,0.13597439203836648,3.641703990021958,4.898397345380467,0.2182013381925283,0.19593589381521526
58.81936799536531,9.0,58.81936799536531,4.999913888345654,0.13597440217482762,3.6417039908357194,4.898397346194282,0.21820133822717835,0.1959358938477623
58.8203679953653,9.0,58.8203679953653,4.999913888346686,0.13597440268038083,3.6417039908580393,4.898397346043378,0.21820133814747766,0.19593589384598933
58.836367995365315,9.0,58.836367995365315,4.999913888363002,0.13597441076469174,3.641703991545918,4.898397347084634,0.2182013384420065,0.19593589388244817
58.85636799536532,9.0,58.85636799536532,4.999913888383302,0.13597442083842343,3.641703992332464,4.8983973476656235,0.21820133827641364,0.195935893907286
58.87636799536533,9.0,58.87636799536533,4.999913888403533,0.13597443087920894,3.6417039931453523,4.898397348536814,0.218201338341383,0.1959358939408688
58.89636799536533,9.0,58.89636799536533,4.999913888423679,0.1359744408863352,3.641703993944581,4.898397349283108,0.21820133834009514,0.1959358939712612
58.916367995365334,9.0,58.916367995365334,4.999913888443749,0.1359744508602499,3.641703994747399,4.8983973501075955,0.2182013383995849,0.19593589400429914
58.93636799536534,9.0,58.93636799536534,4.9999138884637295,0.13597446080085168,3.641703995545092,4.898397350904333,0.21820133843072353,0.19593589403618994
58.95636799536534,9.0,58.95636799536534,4.999913888483632,0.1359744707083067,3.6417039963406603,4.898397351699046,0.21820133847058987,0.19593589406858328
58.97636799536535,9.0,58.97636799536535,4.999913888503457,0.13597448058272096,3.6417039971350835,4.898397352507426,0.2182013384975936,0.1959358940997116
58.99636799536536,9.0,58.99636799536536,4.999913888523198,0.13597449042409826,3.641703997922798,4.898397353263916,0.21820133851744972,0.19593589413055912
59.016367995365364,9.0,59.016367995365364,4.999913888542858,0.1359745002326683,3.641703998712991,4.898397354073879,0.218201338578218,0.19593589416354903
59.03636799536537,9.0,59.03636799536537,4.999913888562437,0.1359745100084379,3.6417039994995997,4.8983973548726505,0.21820133859965374,0.19593589419424923
59.05636799536538,9.0,59.05636799536538,4.99991388858194,0.13597451975139677,3.6417040002786685,4.898397355619769,0.21820133861810698,0.19593589422479935
59.07636799536539,9.0,59.07636799536539,4.999913888601362,0.13597452946187613,3.641704001060637,4.898397356421488,0.2182013386713444,0.1959358942568518
59.07736799536538,9.0,59.07736799536538,4.9999138886023395,0.13597452994615722,3.641704001081357,4.898397356267829,0.2182013384868018,0.1959358942506536
59.09336799536539,9.0,59.09336799536539,4.999913888617818,0.13597453769055468,3.641704001739944,4.898397357255656,0.2182013388919426,0.19593589429115738
59.113367995365394,9.0,59.113367995365394,4.999913888637088,0.13597454734052222,3.6417040024981473,4.89839735786409,0.21820133872765535,0.1959358943145187
59.133367995365404,9.0,59.133367995365404,4.999913888656284,0.13597455695853597,3.641704003270356,4.898397358642199,0.218201338762666,0.19593589434571212
59.15336799536541,9.0,59.15336799536541,4.999913888675405,0.13597456654423887,3.641704004039755,4.898397359393829,0.2182013387777424,0.1959358943751146
59.17336799536542,9.0,59.17336799536542,4.999913888694445,0.13597457609776467,3.6417040048053018,4.898397360148747,0.21820133882535586,0.1959358944065596
59.19336799536541,9.0,59.19336799536541,4.999913888713412,0.13597458561934458,3.6417040055736543,4.898397360949196,0.2182013388737949,0.19593589443795822
59.21336799536542,9.0,59.21336799536542,4.999913888732301,0.13597459510879656,3.641704006333489,4.8983973616891205,0.21820133888599447,0.19593589446756202
59.23336799536543,9.0,59.23336799536543,4.999913888751111,0.13597460456641353,3.641704007093623,4.898397362450984,0.2182013389231252,0.19593589449803037
59.25336799536544,9.0,59.25336799536544,4.999913888769847,0.13597461399221483,3.6417040078515495,4.898397363209668,0.21820133895675298,0.19593589452833413
59.27336799536544,9.0,59.27336799536544,4.999913888788505,0.13597462338628807,3.6417040086053447,4.89839736396356,0.21820133898929983,0.19593589455856017
59.29336799536544,9.0,59.29336799536544,4.99991388880709,0.13597463274876237,3.641704009358026,4.8983973647161365,0.21820133902177963,0.19593589458865918
59.313367995365454,9.0,59.313367995365454,4.9999138888256,0.13597464207969331,3.6417040101074996,4.898397365465638,0.21820133905353112,0.19593589461862213
59.333367995365464,9.0,59.333367995365464,4.999913888844031,0.13597465137913634,3.6417040108538825,4.898397366211973,0.21820133908530748,0.19593589464848607
59.334367995365454,9.0,59.334367995365454,4.999913888844957,0.13597465184293986,3.6417040108728145,4.898397366057724,0.21820133880016446,0.19593589463799282
59.35036799536547,9.0,59.35036799536547,4.999913888859648,0.13597465925938676,3.641704011503795,4.898397366998554,0.21820133929759633,0.19593589468087516
59.37036799536547,9.0,59.37036799536547,4.9999138888779395,0.13597466850061185,3.641704012230715,4.898397367600645,0.2182013391469333,0.19593589470340322
59.39036799536548,9.0,59.39036799536548,4.999913888896156,0.13597467771095859,3.641704012969693,4.8983973683281015,0.2182013391801032,0.1959358947337398
59.41036799536548,9.0,59.41036799536548,4.999913888914304,0.13597468689025324,3.6417040137094983,4.898397369080712,0.21820133921309992,0.19593589476319356
59.43036799536549,9.0,59.43036799536549,4.999913888932378,0.1359746960384124,3.6417040144415656,4.898397369796104,0.21820133923206875,0.19593589479185552
59.4503679953655,9.0,59.4503679953655,4.99991388895038,0.1359747051557284,3.641704015174326,4.898397370531525,0.21820133927043894,0.19593589482130758
59.47036799536549,9.0,59.47036799536549,4.999913888968308,0.13597471424221905,3.6417040159046534,4.89839737126258,0.2182013393023392,0.1959358948504803
59.4903679953655,9.0,59.4903679953655,4.999913888986162,0.13597472329794713,3.641704016632763,4.898397371990749,0.2182013393339739,0.19593589487964633
59.51036799536551,9.0,59.51036799536551,4.999913889003944,0.13597473232304247,3.6417040173574042,4.898397372715357,0.21820133936432695,0.1959358949086251
59.530367995365516,9.0,59.530367995365516,4.999913889021656,0.1359747413175318,3.6417040180806355,4.898397373438571,0.21820133938758213,0.19593589493687816
59.55036799536552,9.0,59.55036799536552,4.999913889039291,0.13597475028152378,3.641704018799354,4.898397374143172,0.21820133941843123,0.19593589496569877
59.57036799536553,9.0,59.57036799536553,4.999913889056863,0.13597475921515595,3.641704019518272,4.8983973748794,0.21820133947043807,0.19593589499577932
59.59036799536554,9.0,59.59036799536554,4.999913889074361,0.13597476811849968,3.641704020234856,4.8983973756075025,0.2182013394883433,0.19593589502368672
59.59136799536553,9.0,59.59136799536553,4.9999138890752395,0.13597476856226734,3.6417040202403412,4.898397375335646,0.2182013392014852,0.1959358950134044
59.60736799536554,9.0,59.60736799536554,4.999913889089185,0.13597477566306143,3.641704020864559,4.898397376439597,0.21820133979212075,0.19593589505856326
59.627367995365546,9.0,59.627367995365546,4.999913889106547,0.13597478451009848,3.6417040215522096,4.8983973769283535,0.21820133954912668,0.19593589507645695
59.647367995365556,9.0,59.647367995365556,4.999913889123844,0.13597479332745854,3.641704022258847,4.898397377615479,0.21820133957505305,0.19593589510523782
59.66736799536556,9.0,59.66736799536556,4.999913889141068,0.1359748021149594,3.641704022965673,4.898397378336379,0.21820133960915822,0.1959358951334643
59.68736799536557,9.0,59.68736799536557,4.999913889158226,0.1359748108724686,3.6417040236687424,4.89839737902301,0.21820133962107935,0.1959358951603131
59.70736799536557,9.0,59.70736799536557,4.999913889175311,0.13597481960025173,3.64170402436842,4.89839737971132,0.2182013396640663,0.19593589518907348
59.72736799536558,9.0,59.72736799536558,4.999913889192332,0.13597482829841184,3.64170402507043,4.898397380445607,0.21820133970931144,0.195935895217828
59.74736799536558,9.0,59.74736799536558,4.9999138892092825,0.13597483696680937,3.6417040257645485,4.898397381119729,0.21820133971155053,0.19593589524419397
59.76736799536559,9.0,59.76736799536559,4.999913889226161,0.1359748456057298,3.6417040264581892,4.898397381800954,0.21820133975311506,0.1959358952726473
59.78736799536559,9.0,59.78736799536559,4.9999138892429755,0.1359748542152606,3.6417040271530836,4.898397382528133,0.21820133979085243,0.19593589530050318
59.807367995365595,9.0,59.807367995365595,4.99991388925972,0.13597486279531243,3.641704027839498,4.898397383180438,0.21820133980000822,0.19593589532718242
59.827367995365606,9.0,59.827367995365606,4.9999138892763995,0.13597487134618805,3.64170402852772,4.898397383887865,0.2182013398482714,0.19593589535553144
59.847367995365616,9.0,59.847367995365616,4.99991388929301,0.13597487986779958,3.641704029212385,4.898397384570699,0.21820133988008772,0.19593589538341616
59.84836799536562,9.0,59.84836799536562,4.999913889293844,0.1359748802929958,3.6417040292383858,4.898397384520491,0.21820133979185918,0.19593589538074205
59.86436799536562,9.0,59.86436799536562,4.99991388930708,0.13597488708855063,3.641704029802007,4.898397385252937,0.21820133997953306,0.19593589540921463
59.88436799536562,9.0,59.88436799536562,4.999913889323565,0.1359748955561753,3.6417040304706116,4.89839738579537,0.21820133990022317,0.19593589543179474
59.90436799536563,9.0,59.90436799536563,4.999913889339985,0.1359749039952117,3.641704031153509,4.898397386531756,0.21820133997390023,0.1959358954612549
59.924367995365635,9.0,59.924367995365635,4.999913889356339,0.1359749124052276,3.6417040318259004,4.898397387181183,0.21820133997829938,0.1959358954872712
59.944367995365646,9.0,59.944367995365646,4.999913889372627,0.13597492078654405,3.641704032500178,4.898397387856846,0.21820134001163982,0.1959358955142715
59.96436799536565,9.0,59.96436799536565,4.999913889388849,0.13597492913914136,3.641704033171373,4.898397388528851,0.2182013400418934,0.19593589554115448
59.98436799536566,9.0,59.98436799536566,4.999913889405007,0.13597493746317094,3.641704033840278,4.8983973891977834,0.21820134007768255,0.19593589556851457
60.00436799536566,9.0,60.00436799536566,4.9999138894211,0.1359749457586862,3.6417040345082947,4.898397389879822,0.21820134009859604,0.19593589559454208
60.024367995365665,9.0,60.024367995365665,4.999913889437125,0.13597495402568502,3.641704035169291,4.898397390509296,0.2182013401132452,0.1959358956203789
60.04436799536567,9.0,60.04436799536567,4.999913889453092,0.13597496226442007,3.6417040358339525,4.8983973911939485,0.2182013401613352,0.19593589564770578
60.06436799536567,9.0,60.06436799536567,4.99991388946899,0.1359749704748526,3.641704036493183,4.898397391851334,0.2182013401849816,0.19593589567403955
60.08436799536568,9.0,60.08436799536568,4.999913889484824,0.13597497865710478,3.641704037150734,4.898397392508091,0.21820134021178417,0.1959358957003111
60.10436799536569,9.0,60.10436799536569,4.999913889500595,0.13597498681131293,3.64170403780587,4.898397393163253,0.2182013402400398,0.1959358957265349
60.1053679953657,9.0,60.1053679953657,4.999913889501388,0.1359749872178603,3.6417040378188252,4.898397393003271,0.21820134015979686,0.19593589572442888
60.121367995365695,9.0,60.121367995365695,4.999913889513957,0.1359749937206931,3.641704038380612,4.898397393917903,0.2182013404632328,0.19593589575674766
60.1413679953657,9.0,60.1413679953657,4.999913889529609,0.13597500182268726,3.6417040390110182,4.898397394357529,0.2182013402768277,0.1959358957743053
60.16136799536571,9.0,60.16136799536571,4.999913889545198,0.13597500989728745,3.6417040396624936,4.898397395035687,0.21820134032036487,0.19593589580080445
60.18136799536571,9.0,60.18136799536571,4.999913889560723,0.13597501794397643,3.6417040403061596,4.898397395646131,0.21820134033309246,0.19593589582584847
60.20136799536572,9.0,60.20136799536572,4.999913889576191,0.13597502596307437,3.6417040409521655,4.898397396311958,0.2182013403805403,0.19593589585246826
60.221367995365725,9.0,60.221367995365725,4.999913889591596,0.13597503395459398,3.641704041594979,4.898397396953012,0.21820134040383765,0.19593589587810112
60.241367995365735,9.0,60.241367995365735,4.999913889606938,0.1359750419184997,3.6417040422342097,4.898397397591523,0.21820134043634143,0.19593589590424337
60.26136799536574,9.0,60.26136799536574,4.999913889622218,0.13597504985504624,3.6417040428733722,4.898397398244592,0.2182013404642391,0.1959358959297925
60.28136799536575,9.0,60.28136799536575,4.999913889637435,0.13597505776413182,3.6417040435071004,4.898397398861058,0.21820134046991013,0.19593589595380403
60.301367995365744,9.0,60.301367995365744,4.999913889652594,0.1359750656459699,3.6417040441391113,4.898397399481675,0.21820134050366224,0.19593589597930292
60.32136799536575,9.0,60.32136799536575,4.999913889667688,0.13597507350068025,3.641704044772443,4.898397400132973,0.21820134054583695,0.1959358960053256
60.34136799536576,9.0,60.34136799536576,4.999913889682728,0.13597508132825176,3.6417040454010583,4.898397400759005,0.21820134056661278,0.19593589603037656
60.36136799536577,9.0,60.36136799536577,4.9999138896977025,0.13597508912877812,3.6417040460284205,4.898397401385544,0.2182013405921266,0.1959358960554243
60.36236799536577,9.0,60.36236799536577,4.9999138896984565,0.13597508951770076,3.641704046040634,4.898397401224726,0.21820134051070283,0.19593589605321615
60.37836799536577,9.0,60.37836799536577,4.999913889710396,0.13597509573839073,3.641704046578405,4.898397402115548,0.21820134081436393,0.19593589608469977
60.398367995365774,9.0,60.398367995365774,4.999913889725254,0.1359751034887186,3.6417040471807525,4.898397402527217,0.2182013406267207,0.19593589610111006
60.418367995365784,9.0,60.418367995365784,4.99991388974006,0.13597511121269604,3.6417040478043035,4.898397403177175,0.21820134067626196,0.1959358961270858
60.43836799536579,9.0,60.43836799536579,4.999913889754804,0.13597511890987687,3.6417040484210417,4.898397403774926,0.21820134068768748,0.19593589615099546
60.4583679953658,9.0,60.4583679953658,4.9999138897694895,0.13597512658046462,3.641704049037999,4.898397404394378,0.2182013407206007,0.19593589617579255
60.4783679953658,9.0,60.4783679953658,4.999913889784118,0.1359751342244901,3.641704049651908,4.8983974050090895,0.21820134074804232,0.19593589620039023
60.49836799536581,9.0,60.49836799536581,4.9999138897986874,0.1359751418420218,3.641704050263719,4.898397405620873,0.2182013407736756,0.19593589622483745
60.518367995365814,9.0,60.518367995365814,4.999913889813197,0.13597514943320357,3.6417040508744756,4.898397406231576,0.21820134080005094,0.19593589624926316
60.538367995365824,9.0,60.538367995365824,4.99991388982765,0.13597515699804483,3.6417040514822876,4.898397406839404,0.21820134082572507,0.19593589627357136
60.55836799536583,9.0,60.55836799536583,4.999913889842045,0.13597516453665331,3.6417040520886803,4.898397407445708,0.21820134085155596,0.1959358962977999
60.578367995365824,9.0,60.578367995365824,4.999913889856383,0.1359751720491167,3.6417040526922215,4.898397408049353,0.21820134087723098,0.195935896321948
60.598367995365834,9.0,60.598367995365834,4.999913889870662,0.13597517953548827,3.6417040532939287,4.898397408650954,0.21820134090369558,0.19593589634607486
60.618367995365844,9.0,60.618367995365844,4.999913889884883,0.13597518699591665,3.641704053893655,4.898397409250683,0.21820134092905885,0.19593589637002992
60.61936799536585,9.0,60.61936799536585,4.9999138898856,0.13597518736784708,3.6417040539046717,4.898397409088662,0.21820134074599018,0.19593589636352376
60.63536799536585,9.0,60.63536799536585,4.999913889896938,0.1359751933172077,3.641704054419338,4.898397409934699,0.2182013411353818,0.19593589639739062
60.65536799536585,9.0,60.65536799536585,4.9999138899110465,0.1359752007293426,3.6417040549959587,4.898397410346243,0.21820134096932975,0.19593589641383638
60.67536799536586,9.0,60.67536799536586,4.999913889925106,0.1359752081161271,3.6417040555919753,4.898397410965691,0.21820134101083255,0.19593589643862314
60.695367995365864,9.0,60.695367995365864,4.999913889939111,0.13597521547714533,3.6417040561816,4.898397411535221,0.21820134102018685,0.19593589646147855
60.715367995365874,9.0,60.715367995365874,4.99991388995306,0.1359752228126172,3.6417040567724404,4.898397412128542,0.21820134105145694,0.1959358964851386
60.73536799536588,9.0,60.73536799536588,4.99991388996695,0.1359752301225453,3.6417040573591364,4.898397412716047,0.21820134107738198,0.19593589650863658
60.75536799536589,9.0,60.75536799536589,4.999913889980787,0.13597523740707837,3.6417040579459936,4.898397413303009,0.21820134110303924,0.19593589653210264
60.77536799536589,9.0,60.77536799536589,4.99991388999457,0.13597524466612965,3.641704058528493,4.898397413885356,0.21820134112755252,0.19593589655545035
60.7953679953659,9.0,60.7953679953659,4.999913890008295,0.1359752518999502,3.641704059110219,4.8983974144671985,0.21820134115234513,0.195935896578687
60.815367995365904,9.0,60.815367995365904,4.9999138900219675,0.13597525910855832,3.6417040596900137,4.898397415046816,0.21820134117716172,0.19593589660186972
60.835367995365914,9.0,60.835367995365914,4.999913890035583,0.13597526629201231,3.6417040602674553,4.898397415624454,0.2182013412014543,0.1959358966249375
60.85536799536591,9.0,60.85536799536591,4.999913890049147,0.13597527345040883,3.6417040608419633,4.898397416198863,0.2182013412257442,0.19593589664793334
60.87536799536592,9.0,60.87536799536592,4.999913890062653,0.13597528058384534,3.641704061416052,4.898397416772882,0.21820134125132773,0.19593589667093234
60.876367995365925,9.0,60.876367995365925,4.9999138900633335,0.13597528093949154,3.641704061425885,4.898397416609611,0.21820134096410726,0.1959358966600179
60.89236799536592,9.0,60.89236799536592,4.9999138900741,0.13597528662798444,3.6417040619175354,4.898397417410902,0.21820134145660575,0.19593589669740452
60.912367995365926,9.0,60.912367995365926,4.999913890087507,0.1359752937150861,3.6417040624724186,4.898397417841227,0.21820134130590585,0.19593589671361536
60.93236799536594,9.0,60.93236799536594,4.999913890100857,0.13597530077771997,3.6417040630398994,4.898397418411188,0.2182013413244155,0.1959358967364761
60.95236799536594,9.0,60.95236799536594,4.9999138901141595,0.13597530781566614,3.6417040636046014,4.898397418957239,0.21820134133581615,0.19593589675827325
60.97236799536595,9.0,60.97236799536595,4.999913890127406,0.1359753148290049,3.6417040641679677,4.898397419523982,0.2182013413674131,0.19593589678094805
60.99236799536595,9.0,60.99236799536595,4.999913890140603,0.13597532181787605,3.641704064730546,4.898397420087354,0.21820134139334568,0.1959358968034721
61.01236799536596,9.0,61.01236799536596,4.999913890153748,0.13597532878224147,3.641704065289315,4.898397420646099,0.21820134141709646,0.19593589682588203
61.032367995365966,9.0,61.032367995365966,4.999913890166839,0.13597533572222228,3.641704065847748,4.898397421204525,0.21820134144069092,0.1959358968481674
61.05236799536598,9.0,61.05236799536598,4.999913890179876,0.1359753426379088,3.641704066403434,4.89839742176007,0.21820134146426584,0.1959358968704007
61.07236799536598,9.0,61.07236799536598,4.99991389019286,0.13597534952937795,3.641704066957455,4.898397422314143,0.21820134148842163,0.19593589689259275
61.09236799536599,9.0,61.09236799536599,4.999913890205794,0.13597535639672054,3.641704067509835,4.898397422866625,0.21820134151207649,0.19593589691467736
61.11236799536599,9.0,61.11236799536599,4.999913890218676,0.1359753632399722,3.6417040680596156,4.898397423416195,0.21820134153492132,0.19593589693663546
61.132367995365996,9.0,61.132367995365996,4.9999138902315075,0.13597537005921428,3.641704068607974,4.898397423964671,0.2182013415587063,0.19593589695857971
61.133367995366,9.0,61.133367995366,4.999913890232154,0.1359753703991606,3.6417040686158733,4.898397423799116,0.21820134127242952,0.19593589694766855
61.149367995366,9.0,61.149367995366,4.9999138902423805,0.1359753758370793,3.6417040690888274,4.89839742458231,0.21820134176363393,0.19593589698420574
61.169367995366,9.0,61.169367995366,4.999913890255112,0.1359753826118068,3.641704069617971,4.898397424986579,0.2182013416119739,0.19593589699945643
61.18936799536601,9.0,61.18936799536601,4.999913890267796,0.1359753893630854,3.6417040701612446,4.898397425532437,0.21820134162917393,0.1959358970212973
61.209367995366016,9.0,61.209367995366016,4.999913890280429,0.13597539609062867,3.6417040706998445,4.8983974260522904,0.2182013416393982,0.19593589704211314
61.229367995366026,9.0,61.229367995366026,4.999913890293016,0.13597540279457251,3.64170407123978,4.898397426595503,0.21820134167069716,0.19593589706383185
61.24936799536603,9.0,61.24936799536603,4.99991389030555,0.13597540947489875,3.641704071775881,4.898397427132566,0.21820134169466465,0.1959358970853151
61.26936799536604,9.0,61.26936799536604,4.999913890318036,0.13597541613178124,3.641704072311389,4.898397427668009,0.21820134171749928,0.19593589710671663
61.28936799536604,9.0,61.28936799536604,4.999913890330471,0.13597542276526584,3.6417040728445125,4.898397428201088,0.21820134174001415,0.19593589712804219
61.30936799536605,9.0,61.30936799536605,4.999913890342854,0.13597542937540483,3.641704073375835,4.89839742873248,0.2182013417627231,0.1959358971493
61.329367995366056,9.0,61.329367995366056,4.999913890355194,0.13597543596225067,3.6417040739056326,4.8983974292621735,0.21820134178542316,0.19593589717048557
61.349367995366066,9.0,61.349367995366066,4.999913890367478,0.13597544252593796,3.641704074433624,4.89839742979014,0.21820134180766093,0.19593589719156818
61.36936799536607,9.0,61.36936799536607,4.999913890379714,0.1359754490664865,3.641704074958593,4.898397430315114,0.21820134183011985,0.1959358972126071
61.38936799536608,9.0,61.38936799536608,4.999913890391904,0.1359754555840208,3.6417040754826924,4.8983974308391645,0.21820134185286788,0.19593589723357344
61.39036799536608,9.0,61.39036799536608,4.999913890392516,0.1359754559089073,3.6417040754900514,4.898397430673447,0.21820134156688464,0.19593589722262084
61.406367995366075,9.0,61.406367995366075,4.999913890402231,0.13597546110614134,3.6417040759422754,4.898397431435449,0.21820134205713249,0.19593589725841248
61.42636799536608,9.0,61.42636799536608,4.999913890414328,0.1359754675809656,3.6417040764483546,4.898397431816692,0.21820134189660711,0.19593589727202468
61.44636799536609,9.0,61.44636799536609,4.999913890426376,0.13597547403314872,3.6417040769656017,4.898397432322528,0.2182013419203206,0.19593589729353628
61.46636799536609,9.0,61.46636799536609,4.99991389043838,0.13597548046265762,3.6417040774840914,4.898397432853842,0.21820134194350826,0.19593589731413796
61.4863679953661,9.0,61.4863679953661,4.999913890450334,0.13597548686942293,3.6417040779970207,4.898397433350037,0.2182013419533888,0.19593589733401373
61.506367995366105,9.0,61.506367995366105,4.999913890462243,0.135975493253564,3.641704078510115,4.898397433865809,0.21820134198159202,0.19593589735464675
61.526367995366115,9.0,61.526367995366115,4.999913890474104,0.13597549961522676,3.6417040790223036,4.8983974343787064,0.21820134200537655,0.19593589737517955
61.54636799536612,9.0,61.54636799536612,4.999913890485915,0.13597550595439045,3.641704079532189,4.898397434888615,0.21820134202650276,0.19593589739554243
61.56636799536613,9.0,61.56636799536613,4.999913890497685,0.13597551227114424,3.641704080040211,4.898397435396632,0.21820134204071007,0.19593589741524997
61.58636799536613,9.0,61.58636799536613,4.999913890509401,0.13597551856554574,3.6417040805444296,4.898397435886636,0.21820134206916375,0.19593589743608233
61.60636799536614,9.0,61.60636799536614,4.999913890521074,0.13597552483776965,3.641704081052422,4.898397436426183,0.2182013421054423,0.19593589745705658
61.626367995366145,9.0,61.626367995366145,4.9999138905327,0.13597553108769161,3.6417040815520374,4.898397436905819,0.21820134209904474,0.19593589747562917
61.646367995366155,9.0,61.646367995366155,4.999913890544282,0.13597553731553966,3.6417040820519833,4.898397437393407,0.21820134213295006,0.19593589749637694
61.64736799536615,9.0,61.64736799536615,4.999913890544865,0.135975537626165,3.641704082068898,4.89839743734165,0.21820134195051555,0.1959358974893564
61.66336799536615,9.0,61.66336799536615,4.999913890554094,0.13597554259209932,3.6417040824866778,4.898397437920623,0.2182013422569531,0.19593589751772786
61.683367995366154,9.0,61.683367995366154,4.999913890565582,0.13597554877905174,3.6417040829746217,4.898397438332231,0.21820134216374054,0.19593589753266646
61.703367995366165,9.0,61.703367995366165,4.999913890577031,0.135975554944264,3.6417040834708807,4.898397438828167,0.2182013422005693,0.19593589755374877
61.72336799536617,9.0,61.72336799536617,4.9999138905884335,0.13597556108765732,3.6417040839656862,4.898397439335644,0.2182013422213953,0.19593589757340885
61.74336799536618,9.0,61.74336799536618,4.999913890599792,0.13597556720922083,3.641704084456134,4.8983974398090195,0.2182013422299076,0.19593589759237515
61.76336799536618,9.0,61.76336799536618,4.999913890611107,0.1359755733091098,3.6417040849470546,4.89839744030264,0.21820134225697219,0.19593589761209873
61.78336799536619,9.0,61.78336799536619,4.999913890622376,0.13597557938735944,3.641704085435334,4.8983974407916895,0.218201342271783,0.19593589763106753
61.803367995366195,9.0,61.803367995366195,4.999913890633598,0.13597558544403482,3.6417040859208276,4.898397441262992,0.2182013422994542,0.19593589765113428
61.823367995366205,9.0,61.823367995366205,4.999913890644778,0.13597559147933938,3.64170408640983,4.898397441783534,0.21820134233458743,0.19593589767133948
61.84336799536621,9.0,61.84336799536621,4.999913890655912,0.13597559749303095,3.641704086891501,4.898397442245126,0.2182013423346878,0.1959358976897817
61.86336799536622,9.0,61.86336799536622,4.999913890667003,0.13597560348546603,3.641704087373058,4.898397442728518,0.21820134235993294,0.19593589770913789
61.88336799536622,9.0,61.88336799536622,4.99991389067805,0.1359756094565857,3.6417040878532188,4.898397443209424,0.21820134237463096,0.19593589772774736
61.90336799536623,9.0,61.90336799536623,4.9999138906890535,0.13597561540646674,3.6417040883297234,4.898397443671757,0.2182013424027187,0.19593589774752562
61.90436799536623,9.0,61.90436799536623,4.999913890689609,0.1359756157032857,3.641704088346999,4.898397443619658,0.21820134232288346,0.19593589774474574
61.92036799536623,9.0,61.92036799536623,4.999913890698379,0.13597562044749148,3.6417040887475287,4.898397444202992,0.21820134251047651,0.195935897767162
61.94036799536623,9.0,61.94036799536623,4.99991389070929,0.13597562635806962,3.641704089209389,4.898397444533686,0.2182013424140683,0.19593589778136328
61.96036799536624,9.0,61.96036799536624,4.99991389072017,0.13597563224797182,3.6417040896876656,4.898397445064427,0.2182013424851763,0.19593589780317558
61.980367995366244,9.0,61.980367995366244,4.999913890731004,0.13597563811681235,3.6417040901583206,4.898397445526233,0.21820134247427392,0.19593589782042434
62.000367995366254,9.0,62.000367995366254,4.999913890741796,0.13597564396471898,3.641704090626393,4.898397445964226,0.21820134249261347,0.1959358978391868
62.02036799536626,9.0,62.02036799536626,4.9999138907525476,0.1359756497919638,3.641704091098131,4.898397446470917,0.21820134252657075,0.19593589785820176
62.04036799536627,9.0,62.04036799536627,4.9999138907632545,0.13597565559829589,3.641704091561798,4.898397446901214,0.2182013425280176,0.19593589787605548
62.06036799536627,9.0,62.06036799536627,4.999913890773919,0.1359756613840654,3.6417040920285646,4.898397447387206,0.21820134256609425,0.1959358978954828
62.08036799536628,9.0,62.08036799536628,4.999913890784541,0.13597566714912745,3.641704092492092,4.898397447848809,0.21820134258856605,0.19593589791455823
62.100367995366284,9.0,62.100367995366284,4.99991389079512,0.13597567289371484,3.6417040929549285,4.898397448325045,0.2182013425997873,0.1959358979323953
62.120367995366294,9.0,62.120367995366294,4.999913890805656,0.13597567861773643,3.6417040934127383,4.898397448751217,0.21820134260538193,0.1959358979500267
62.1403679953663,9.0,62.1403679953663,4.999913890816153,0.1359756843214414,3.641704093873162,4.89839744923175,0.21820134264475266,0.19593589796922584
62.16036799536631,9.0,62.16036799536631,4.999913890826607,0.13597569000473947,3.6417040943298864,4.89839744968663,0.21820134265988012,0.19593589798744712
62.161367995366305,9.0,62.161367995366305,4.999913890827134,0.13597569028796588,3.641704094332719,4.898397449516266,0.21820134247582157,0.19593589798064248
62.17736799536631,9.0,62.17736799536631,4.999913890835469,0.13597569481994395,3.6417040947346524,4.898397450248613,0.21820134286000892,0.19593589800994313
62.19736799536631,9.0,62.19736799536631,4.999913890845841,0.13597570046541915,3.6417040951707724,4.898397450519809,0.21820134268857583,0.19593589802077524
62.21736799536632,9.0,62.21736799536632,4.999913890856174,0.13597570609110696,3.6417040956243305,4.89839745099711,0.21820134273032954,0.1959358980404833
62.23736799536632,9.0,62.23736799536632,4.999913890866472,0.13597571169667713,3.641704096075259,4.898397451441899,0.2182013427259717,0.19593589805704664
62.25736799536633,9.0,62.25736799536633,4.9999138908767256,0.13597571728217211,3.641704096520885,4.898397451858554,0.2182013427375451,0.19593589807437417
62.27736799536633,9.0,62.27736799536633,4.999913890886941,0.13597572284780693,3.641704096971252,4.89839745232976,0.21820134277815662,0.1959358980931639
62.29736799536634,9.0,62.29736799536634,4.9999138908971155,0.13597572839349503,3.64170409741655,4.898397452773244,0.21820134279187897,0.19593589811089637
62.31736799536635,9.0,62.31736799536635,4.999913890907248,0.13597573391933399,3.6417040978603894,4.898397453216299,0.21820134280946268,0.1959358981286501
62.33736799536636,9.0,62.33736799536636,4.999913890917341,0.13597573942544783,3.641704098302457,4.898397453658328,0.21820134282865222,0.1959358981463711
62.35736799536636,9.0,62.35736799536636,4.999913890927395,0.13597574491182135,3.641704098744182,4.898397454100054,0.21820134284770543,0.1959358981640024
62.37736799536637,9.0,62.37736799536637,4.99991389093741,0.13597575037855164,3.641704099184283,4.898397454540098,0.21820134286630966,0.19593589818157398
62.39736799536637,9.0,62.39736799536637,4.9999138909473855,0.13597575582573762,3.641704099621962,4.898397454977799,0.21820134288501825,0.19593589819910864
62.417367995366384,9.0,62.417367995366384,4.99991389095732,0.1359757612534092,3.6417041000587567,4.898397455414537,0.21820134290355853,0.195935898216553
62.41836799536638,9.0,62.41836799536638,4.9999138909578225,0.1359757615238926,3.6417041000604495,4.898397455243381,0.21820134282318282,0.19593589821404217
62.43436799536639,9.0,62.43436799536639,4.9999138909657415,0.13597576585204596,3.6417041004478428,4.89839745598363,0.21820134310467765,0.19593589823841395
62.4543679953664,9.0,62.4543679953664,4.999913890975595,0.13597577124334848,3.6417041008589983,4.898397456189526,0.21820134292315796,0.1959358982482355
62.47436799536639,9.0,62.47436799536639,4.999913890985416,0.13597577661588509,3.6417041012965132,4.8983974566854,0.21820134297838933,0.1959358982673983
62.494367995366396,9.0,62.494367995366396,4.9999138909952,0.13597578196897953,3.6417041017234877,4.898397457073384,0.21820134296243987,0.1959358982829623
62.51436799536641,9.0,62.51436799536641,4.999913891004946,0.135975787302964,3.641704102153368,4.898397457507658,0.21820134299121907,0.19593589830027952
62.53436799536642,9.0,62.53436799536642,4.999913891014652,0.13597579261777537,3.6417041025800634,4.898397457935967,0.2182013430047003,0.19593589831681957
62.55436799536643,9.0,62.55436799536643,4.9999138910243195,0.13597579791354059,3.6417041030041752,4.898397458346047,0.21820134302303318,0.19593589833387043
62.57436799536643,9.0,62.57436799536643,4.99991389103395,0.13597580319031183,3.641704103431212,4.898397458790343,0.21820134306209837,0.1959358983521958
62.59436799536644,9.0,62.59436799536644,4.999913891043544,0.13597580844812657,3.6417041038549582,4.898397459225457,0.21820134307408612,0.1959358983690145
62.61436799536645,9.0,62.61436799536645,4.999913891053097,0.1359758136870405,3.641704104274237,4.898397459626682,0.21820134306967587,0.19593589838447284
62.63436799536645,9.0,62.63436799536645,4.999913891062613,0.1359758189071238,3.641704104693454,4.898397460034459,0.21820134310066974,0.19593589840195516
62.65436799536646,9.0,62.65436799536646,4.999913891072093,0.135975824108528,3.641704105113955,4.898397460487036,0.21820134313381878,0.19593589841947703
62.67436799536647,9.0,62.67436799536647,4.9999138910815315,0.13597582929112453,3.641704105528872,4.898397460882074,0.21820134313203265,0.19593589843529377
62.675367995366464,9.0,62.675367995366464,4.999913891082012,0.13597582954942228,3.641704105531348,4.898397460712485,0.21820134295043747,0.19593589842847553
62.69136799536646,9.0,62.69136799536646,4.999913891089541,0.13597583368211183,3.6417041059004682,4.89839746141565,0.21820134333837116,0.1959358984566148
62.71136799536647,9.0,62.71136799536647,4.999913891098903,0.13597583882998437,3.641704106296303,4.898397461645432,0.21820134316413098,0.19593589846577694
62.731367995366476,9.0,62.731367995366476,4.999913891108238,0.13597584395974177,3.6417041067110336,4.898397462083641,0.21820134319742568,0.1959358984833245
62.75136799536648,9.0,62.75136799536648,4.9999138911175365,0.1359758490709386,3.641704107120073,4.8983974624723965,0.21820134319770812,0.19593589849886545
62.77136799536649,9.0,62.77136799536649,4.999913891126795,0.13597585416380878,3.6417041075294785,4.898397462884388,0.21820134322198914,0.19593589851538834
62.7913679953665,9.0,62.7913679953665,4.9999138911360195,0.13597585923833871,3.6417041079370183,4.898397463292731,0.21820134324116625,0.19593589853175222
62.8113679953665,9.0,62.8113679953665,4.999913891145208,0.1359758642945801,3.641704108343824,4.898397463699555,0.21820134325833074,0.19593589854799018
62.831367995366506,9.0,62.831367995366506,4.9999138911543595,0.13597586933263647,3.6417041087495554,4.898397464105272,0.21820134327545837,0.1959358985641946
62.851367995366516,9.0,62.851367995366516,4.999913891163476,0.13597587435250322,3.6417041091527103,4.898397464508432,0.218201343292574,0.19593589858035423
62.871367995366526,9.0,62.871367995366526,4.9999138911725565,0.1359758793543261,3.641704109555711,4.8983974649113815,0.21820134330970653,0.1959358985964316
62.89136799536653,9.0,62.89136799536653,4.9999138911816,0.13597588433807695,3.6417041099556653,4.898397465311308,0.21820134332706775,0.19593589861249863
62.91136799536653,9.0,62.91136799536653,4.999913891190608,0.13597588930389318,3.6417041103555143,4.898397465711161,0.21820134333688346,0.19593589862784075
62.93136799536654,9.0,62.93136799536654,4.999913891199581,0.1359758942517628,3.641704110752533,4.8983974660941545,0.21820134335384678,0.19593589864376046
62.93236799536654,9.0,62.93236799536654,4.999913891200035,0.13597589449831887,3.6417041107537798,4.898397465929007,0.2182013432802945,0.19593589864142544
62.94836799536654,9.0,62.94836799536654,4.999913891207189,0.13597589844388214,3.641704111111031,4.898397466652151,0.21820134358238308,0.1959358986660952
62.96836799536655,9.0,62.96836799536655,4.999913891216088,0.135975903358357,3.641704111484335,4.898397466829994,0.21820134337701402,0.1959358986732372
62.98836799536655,9.0,62.98836799536655,4.99991389122496,0.13597590825557074,3.641704111881215,4.898397467252504,0.21820134341614317,0.19593589869008984
63.008367995366555,9.0,63.008367995366555,4.999913891233798,0.13597591313501592,3.641704112271442,4.898397467623726,0.21820134341830721,0.1959358987049483
63.028367995366565,9.0,63.028367995366565,4.999913891242599,0.13597591799692424,3.641704112662646,4.898397468017404,0.2182013434416934,0.19593589872070888
63.048367995366576,9.0,63.048367995366576,4.999913891251366,0.13597592284121857,3.6417041130520094,4.898397468407568,0.21820134345987174,0.19593589873633155
63.06836799536658,9.0,63.06836799536658,4.999913891260099,0.135975927668025,3.641704113440098,4.89839746879571,0.21820134347621378,0.1959358987518473
63.08836799536658,9.0,63.08836799536658,4.999913891268798,0.13597593247740286,3.641704113827042,4.898397469182606,0.21820134349251985,0.19593589876731282
63.10836799536659,9.0,63.10836799536659,4.999913891277462,0.13597593726937326,3.6417041142126396,4.898397469568212,0.21820134350871667,0.19593589878271483
63.1283679953666,9.0,63.1283679953666,4.999913891286094,0.1359759420440431,3.64170411459684,4.898397469952394,0.21820134352505516,0.19593589879807752
63.148367995366605,9.0,63.148367995366605,4.999913891294688,0.13597594680142386,3.641704114979981,4.898397470335521,0.21820134354146337,0.19593589881339418
63.16836799536661,9.0,63.16836799536661,4.99991389130325,0.13597595154159936,3.6417041153599583,4.898397470715537,0.21820134355739507,0.1959358988286288
63.18836799536662,9.0,63.18836799536662,4.99991389131178,0.13597595626463788,3.641704115740534,4.898397471096042,0.2182013435736434,0.19593589884379523
63.18936799536662,9.0,63.18936799536662,4.999913891312212,0.13597595649993524,3.6417041157398575,4.898397470922413,0.21820134328673912,0.19593589883255702
63.20536799536662,9.0,63.20536799536662,4.999913891319009,0.13597596026609282,3.641704116078897,4.8983974715707985,0.21820134377273614,0.1959358988637565
63.225367995366625,9.0,63.225367995366625,4.999913891327471,0.13597596495720835,3.6417041164408444,4.898397471808351,0.21820134361403598,0.1959358988723178
63.24536799536663,9.0,63.24536799536663,4.9999138913359005,0.13597596963167916,3.6417041168170736,4.8983974721870664,0.21820134362377264,0.1959358988874708
63.26536799536663,9.0,63.26536799536663,4.999913891344299,0.1359759742891772,3.641704117189316,4.898397472540698,0.21820134362699717,0.1959358989016413
63.28536799536664,9.0,63.28536799536664,4.999913891352664,0.13597597892983138,3.6417041175632496,4.8983974729178446,0.218201343650958,0.1959358989167104
63.30536799536665,9.0,63.30536799536665,4.999913891360997,0.13597598355365645,3.641704117934197,4.898397473289735,0.21820134366856703,0.1959358989316382
63.325367995366655,9.0,63.325367995366655,4.9999138913693,0.13597598816075646,3.6417041183054546,4.898397473660971,0.21820134368436195,0.19593589894645344
63.34536799536666,9.0,63.34536799536666,4.99991389137757,0.13597599275112482,3.641704118674907,4.898397474030382,0.21820134369969635,0.19593589896121472
63.36536799536667,9.0,63.36536799536667,4.999913891385803,0.13597599732485682,3.641704119042649,4.89839747439809,0.21820134371515287,0.19593589897592623
63.38536799536668,9.0,63.38536799536668,4.999913891394007,0.1359760018819827,3.641704119408319,4.898397474763765,0.2182013437310104,0.19593589899060476
63.40536799536668,9.0,63.40536799536668,4.999913891402177,0.13597600642261867,3.641704119774411,4.898397475129801,0.21820134374646472,0.19593589900517536
63.425367995366685,9.0,63.425367995366685,4.9999138914103165,0.1359760109466977,3.641704120137843,4.898397475493213,0.21820134376201317,0.19593589901974523
63.445367995366695,9.0,63.445367995366695,4.999913891418419,0.1359760154544148,3.641704120500265,4.8983974758556625,0.21820134377753986,0.1959358990342439
63.44636799536669,9.0,63.44636799536669,4.999913891418832,0.1359760156790246,3.6417041204993095,4.898397475681722,0.21820134349098552,0.19593589902295414
63.4623679953667,9.0,63.4623679953667,4.999913891425296,0.13597601927345712,3.641704120823461,4.898397476315298,0.21820134397579638,0.1959358990535938
63.48236799536671,9.0,63.48236799536671,4.999913891433334,0.13597602375059717,3.6417041211685284,4.898397476535865,0.21820134381634082,0.19593589906145184
63.502367995366704,9.0,63.502367995366704,4.999913891441349,0.1359760282118356,3.6417041215280284,4.898397476897931,0.21820134382518575,0.19593589907589976
63.52236799536671,9.0,63.52236799536671,4.9999138914493315,0.13597603265683084,3.6417041218835347,4.898397477234862,0.21820134382790712,0.19593589908941844
63.54236799536672,9.0,63.54236799536672,4.999913891457283,0.13597603708565753,3.6417041222399065,4.898397477594324,0.2182013438509416,0.19593589910380502
63.56236799536673,9.0,63.56236799536673,4.999913891465204,0.13597604149844147,3.641704122595546,4.89839747795099,0.218201343867638,0.19593589911802453
63.58236799536673,9.0,63.58236799536673,4.9999138914730965,0.13597604589516216,3.64170412294919,4.898397478304517,0.2182013438822885,0.1959358991321704
63.602367995366734,9.0,63.602367995366734,4.999913891480955,0.1359760502758751,3.6417041233014666,4.898397478656836,0.21820134389688484,0.1959358991462485
63.622367995366744,9.0,63.622367995366744,4.999913891488781,0.1359760546406727,3.6417041236523744,4.898397479007681,0.2182013439119581,0.19593589916030485
63.642367995366754,9.0,63.642367995366754,4.999913891496581,0.13597605898959722,3.641704124002323,4.898397479357681,0.21820134392693724,0.1959358991742945
63.66236799536676,9.0,63.66236799536676,4.999913891504345,0.13597606332265968,3.6417041243506985,4.898397479705922,0.21820134394158863,0.1959358991882186
63.68236799536676,9.0,63.68236799536676,4.999913891512082,0.13597606763995482,3.6417041246971675,4.898397480052482,0.2182013439567383,0.1959358992021288
63.70236799536677,9.0,63.70236799536677,4.999913891519788,0.13597607194157202,3.6417041250444186,4.898397480399704,0.218201343971534,0.19593589921594834
63.70336799536677,9.0,63.70336799536677,4.999913891520179,0.13597607215587132,3.6417041250415854,4.898397480224489,0.21820134368553568,0.19593589920468119
63.719367995366774,9.0,63.719367995366774,4.99991389152632,0.13597607558595912,3.641704125352877,4.898397480844143,0.21820134416809456,0.1959358992346938
63.739367995366784,9.0,63.739367995366784,4.999913891533964,0.13597607985832166,3.6417041256813745,4.8983974810486055,0.21820134400850932,0.19593589924190677
63.75936799536679,9.0,63.75936799536679,4.999913891541581,0.13597608411542797,3.6417041260241403,4.898397481393946,0.2182013440178876,0.19593589925580304
63.77936799536678,9.0,63.77936799536678,4.999913891549172,0.13597608835697647,3.641704126363767,4.898397481714935,0.21820134401893565,0.19593589926857793
63.799367995366794,9.0,63.799367995366794,4.999913891556728,0.13597609258309287,3.6417041267032473,4.898397482057619,0.21820134404122538,0.19593589928231775
63.819367995366804,9.0,63.819367995366804,4.999913891564258,0.13597609679381498,3.641704127043036,4.898397482398396,0.21820134405785563,0.19593589929593094
63.83936799536681,9.0,63.83936799536681,4.999913891571761,0.13597610098924415,3.641704127380059,4.898397482735261,0.2182013440715389,0.19593589930941246
63.85936799536681,9.0,63.85936799536681,4.99991389157923,0.13597610516928227,3.6417041277168365,4.898397483072137,0.21820134408566005,0.19593589932285282
63.87936799536682,9.0,63.87936799536682,4.999913891586672,0.1359761093340964,3.6417041280517206,4.898397483406846,0.21820134410000813,0.1959358993362784
63.89936799536683,9.0,63.89936799536683,4.9999138915940815,0.13597611348373445,3.641704128384682,4.898397483739973,0.2182013441142181,0.19593589934962408
63.919367995366834,9.0,63.919367995366834,4.999913891601466,0.135976117618224,3.641704128717631,4.898397484072779,0.21820134412855774,0.19593589936291786
63.93936799536684,9.0,63.93936799536684,4.99991389160882,0.13597612173761567,3.641704129049183,4.898397484404426,0.21820134414281123,0.1959358993761802
63.95936799536685,9.0,63.95936799536685,4.999913891616145,0.13597612584195806,3.6417041293786307,4.898397484733812,0.2182013441566859,0.19593589938937606
63.960367995366845,9.0,63.960367995366845,4.999913891616519,0.13597612604639744,3.641704129376139,4.898397484558263,0.21820134386983803,0.1959358993780084
63.97636799536685,9.0,63.97636799536685,4.9999138916223576,0.1359761293192316,3.641704129675043,4.8983974851667975,0.21820134435339744,0.19593589940758996
63.99636799536686,9.0,63.99636799536686,4.999913891629622,0.13597613339558434,3.6417041299875934,4.898397485354716,0.21820134418515602,0.1959358994135532
64.01636799536686,9.0,64.01636799536686,4.999913891636862,0.13597613745734297,3.6417041303127466,4.89839748566831,0.21820134420059745,0.19593589942737655
64.03636799536687,9.0,64.03636799536687,4.99991389164408,0.13597614150434034,3.6417041306399787,4.898397486008465,0.2182013442156716,0.19593589944032222
64.05636799536687,9.0,64.05636799536687,4.999913891651263,0.13597614553645002,3.641704130963603,4.898397486315209,0.21820134421729165,0.19593589945256468
64.07636799536688,9.0,64.07636799536688,4.999913891658423,0.13597614955386034,3.6417041312867666,4.89839748664129,0.21820134423710957,0.19593589946561094
64.09636799536688,9.0,64.09636799536688,4.9999138916655514,0.1359761535565778,3.641704131607665,4.898397486962792,0.21820134425194748,0.1959358994785186
64.11636799536689,9.0,64.11636799536689,4.999913891672658,0.13597615754465164,3.641704131928599,4.898397487283805,0.21820134426610638,0.19593589949137535
64.1363679953669,9.0,64.1363679953669,4.999913891679728,0.13597616151816452,3.6417041322486017,4.898397487603787,0.2182013442794415,0.19593589950414395
64.1563679953669,9.0,64.1563679953669,4.999913891686776,0.13597616547713107,3.6417041325672286,4.898397487922427,0.2182013442928894,0.1959358995168855
64.17636799536692,9.0,64.17636799536692,4.99991389169379,0.13597616942162086,3.641704132884319,4.898397488239352,0.21820134430641414,0.1959358995295853
64.19636799536691,9.0,64.19636799536691,4.999913891700783,0.13597617335162518,3.6417041332004167,4.89839748855551,0.2182013443201769,0.19593589954224486
64.21636799536692,9.0,64.21636799536692,4.999913891707748,0.13597617726731703,3.6417041335159834,4.898397488871192,0.21820134433366878,0.1959358995548445
64.21736799536691,9.0,64.21736799536691,4.999913891708101,0.13597617746232216,3.641704133511638,4.898397488693456,0.21820134404608016,0.19593589954343263
64.23336799536693,9.0,64.23336799536693,4.999913891713651,0.1359761805846715,3.6417041337985374,4.898397489290262,0.21820134453028794,0.19593589957257465
64.25336799536693,9.0,64.25336799536693,4.99991389172056,0.13597618447353707,3.641704134095815,4.898397489462856,0.21820134436834282,0.19593589957851762
64.27336799536694,9.0,64.27336799536694,4.999913891727441,0.13597618834847686,3.64170413440825,4.898397489777908,0.2182013443752897,0.19593589959108731
64.29336799536695,9.0,64.29336799536695,4.999913891734301,0.13597619220918383,3.641704134717528,4.898397490068467,0.21820134437544958,0.1959358996026841
64.31336799536696,9.0,64.31336799536696,4.999913891741133,0.13597619605576755,3.6417041350267385,4.898397490380986,0.21820134439647187,0.19593589961521565
64.33336799536696,9.0,64.33336799536696,4.999913891747938,0.13597619988825177,3.641704135335519,4.898397490690587,0.2182013444115518,0.1959358996276035
64.35336799536697,9.0,64.35336799536697,4.999913891754714,0.13597620370670044,3.641704135642598,4.898397490997697,0.2182013444243598,0.19593589963989036
64.37336799536696,9.0,64.37336799536696,4.999913891761466,0.1359762075111236,3.6417041359491167,4.898397491304141,0.21820134443716865,0.1959358996521296
64.39336799536697,9.0,64.39336799536697,4.999913891768194,0.1359762113016025,3.6417041362530633,4.898397491608119,0.21820134445023198,0.1959358996643488
64.41336799536698,9.0,64.41336799536698,4.999913891774892,0.13597621507818652,3.641704136557024,4.898397491912024,0.21820134446312744,0.1959358996764735
64.43336799536698,9.0,64.43336799536698,4.999913891781562,0.13597621884096178,3.6417041368597265,4.8983974922146984,0.21820134447595763,0.1959358996885677
64.45336799536699,9.0,64.45336799536699,4.999913891788211,0.13597622258985645,3.6417041371613053,4.89839749251634,0.2182013444887536,0.19593589970062272
64.473367995367,9.0,64.473367995367,4.999913891794829,0.1359762263250235,3.6417041374614474,4.898397492816517,0.21820134450202255,0.19593589971268052
64.474367995367,9.0,64.474367995367,4.999913891795164,0.1359762265110528,3.6417041374572072,4.898397492639263,0.21820134421474968,0.195935899701241
64.49036799536701,9.0,64.49036799536701,4.999913891800442,0.13597622948947072,3.6417041377325754,4.898397493224092,0.21820134469766828,0.19593589972989386
64.510367995367,9.0,64.510367995367,4.99991389180701,0.13597623319902874,3.641704138015909,4.898397493382794,0.21820134452787254,0.1959358997346537
64.53036799536702,9.0,64.53036799536702,4.999913891813557,0.1359762368952111,3.6417041383121704,4.898397493667609,0.2182013445419524,0.19593589974729975
64.55036799536703,9.0,64.55036799536703,4.999913891820078,0.13597624057785704,3.641704138608768,4.898397493976974,0.21820134455575957,0.19593589975909229
64.57036799536704,9.0,64.57036799536704,4.999913891826574,0.13597624424699012,3.641704138902822,4.898397494254274,0.21820134455675788,0.19593589977018475
64.59036799536703,9.0,64.59036799536703,4.9999138918330415,0.13597624790258825,3.6417041391970195,4.898397494551206,0.2182013445754687,0.1959358997820594
64.61036799536703,9.0,64.61036799536703,4.999913891839483,0.1359762515448042,3.6417041394901455,4.898397494845114,0.2182013445893154,0.19593589979382245
64.63036799536704,9.0,64.63036799536704,4.999913891845905,0.13597625517361564,3.6417041397818792,4.898397495136866,0.2182013446014155,0.19593589980549247
64.65036799536705,9.0,64.65036799536705,4.9999138918523,0.1359762587891145,3.641704140072961,4.89839749542789,0.21820134461352803,0.19593589981711318
64.67036799536706,9.0,64.67036799536706,4.999913891858669,0.1359762623913027,3.6417041403626116,4.898397495717569,0.2182013446258977,0.19593589982871382
64.69036799536707,9.0,64.69036799536707,4.9999138918650115,0.13597626598022758,3.6417041406517767,4.898397496006727,0.21820134463817098,0.19593589984025755
64.71036799536706,9.0,64.71036799536706,4.999913891871327,0.1359762695559427,3.6417041409390865,4.898397496294041,0.21820134465039054,0.19593589985176973
64.73036799536708,9.0,64.73036799536708,4.999913891877622,0.13597627311854169,3.641704141226118,4.898397496581056,0.21820134466276908,0.19593589986323964
64.73136799536707,9.0,64.73136799536707,4.999913891877944,0.1359762732959539,3.64170414122101,4.898397496402959,0.2182013443756894,0.19593589985179402
64.74736799536709,9.0,64.74736799536709,4.999913891882964,0.13597627613675878,3.6417041414842544,4.898397496975682,0.21820134485792586,0.1959358998799991
64.76736799536708,9.0,64.76736799536708,4.9999138918892045,0.13597627967479733,3.641704141754014,4.898397497120745,0.2182013446876998,0.195935899884198
64.78736799536709,9.0,64.78736799536709,4.999913891895425,0.13597628320014157,3.6417041420366605,4.89839749739197,0.21820134470131425,0.1959358998962965
64.8073679953671,9.0,64.8073679953671,4.999913891901626,0.1359762867125147,3.641704142320115,4.898397497688264,0.21820134470691332,0.19593589990689986
64.82736799536711,9.0,64.82736799536711,4.999913891907801,0.1359762902119248,3.6417041425996954,4.8983974979369265,0.21820134471488117,0.1959358999181042
64.84736799536711,9.0,64.84736799536711,4.999913891913954,0.1359762936985483,3.6417041428830883,4.8983974982546625,0.2182013447392337,0.19593589992955335
64.86736799536712,9.0,64.86736799536712,4.9999138919200785,0.13597629717213836,3.641704143158924,4.898397498497073,0.218201344739561,0.19593589994049798
64.88736799536711,9.0,64.88736799536711,4.99991389192618,0.13597630063312058,3.6417041434411233,4.898397498812637,0.21820134477012454,0.195935899952478
64.90736799536712,9.0,64.90736799536712,4.999913891932259,0.1359763040812344,3.6417041437159567,4.898397499068183,0.21820134476317277,0.1959358999627385
64.92736799536713,9.0,64.92736799536713,4.999913891938315,0.13597630751667378,3.641704143992879,4.898397499346992,0.21820134477243647,0.1959358999732553
64.94736799536713,9.0,64.94736799536713,4.999913891944345,0.13597631093944032,3.641704144266897,4.898397499607611,0.2182013447926665,0.19593589998491137
64.96736799536714,9.0,64.96736799536714,4.999913891950356,0.1359763143496997,3.6417041445445975,4.898397499916845,0.21820134481890374,0.1959358999966929
64.98736799536715,9.0,64.98736799536715,4.9999138919563375,0.13597631774723648,3.641704144815093,4.898397500167352,0.2182013448026745,0.19593590000610292
64.98836799536716,9.0,64.98836799536716,4.999913891956646,0.13597631791619824,3.6417041447992013,4.89839749988223,0.21820134452528173,0.19593589999531144
65.00436799536716,9.0,65.00436799536716,4.999913891961419,0.13597632062584006,3.64170414507292,4.898397500651718,0.21820134511398503,0.1959359000270304
65.02436799536716,9.0,65.02436799536716,4.999913891967348,0.1359763239997998,3.641704145320269,4.898397500694626,0.21820134484349296,0.1959359000271396
65.04436799536717,9.0,65.04436799536717,4.999913891973266,0.13597632736177145,3.641704145588913,4.898397500942547,0.218201344849144,0.19593590003833
65.06436799536718,9.0,65.06436799536718,4.999913891979163,0.1359763307113829,3.641704145859841,4.898397501227511,0.21820134486472664,0.1959359000490779
65.08436799536719,9.0,65.08436799536719,4.999913891985031,0.1359763340485714,3.641704146126676,4.898397501478032,0.21820134486499754,0.19593590005911338
65.10436799536718,9.0,65.10436799536718,4.999913891990879,0.13597633737349674,3.641704146395191,4.898397501749292,0.2182013448829423,0.19593590006995412
65.1243679953672,9.0,65.1243679953672,4.999913891996706,0.13597634068611028,3.641704146661004,4.898397502015888,0.21820134489501042,0.1959359000806315
65.1443679953672,9.0,65.1443679953672,4.999913892002509,0.13597634398651368,3.6417041469260836,4.898397502280925,0.21820134489914977,0.1959359000906554
65.1643679953672,9.0,65.1643679953672,4.999913892008289,0.13597634727472857,3.6417041471899068,4.898397502530552,0.2182013449177127,0.19593590010185014
65.18436799536721,9.0,65.18436799536721,4.999913892014047,0.1359763505508355,3.641704147455814,4.89839750282798,0.21820134493557575,0.1959359001125408
65.20436799536722,9.0,65.20436799536722,4.999913892019781,0.1359763538147435,3.641704147715491,4.898397503053471,0.21820134493417243,0.1959359001227812
65.22436799536722,9.0,65.22436799536722,4.999913892025494,0.13597635706671085,3.6417041479807004,4.8983975033521086,0.2182013449639988,0.19593590013408324
65.24436799536723,9.0,65.24436799536723,4.999913892031183,0.13597636030656537,3.6417041482384787,4.89839750359064,0.21820134495657273,0.1959359001436809
65.26436799536724,9.0,65.26436799536724,4.999913892036852,0.13597636353448236,3.6417041485001325,4.8983975038541,0.21820134496507748,0.19593590015351278
65.26536799536724,9.0,65.26536799536724,4.9999138920371395,0.13597636369497565,3.6417041484824204,4.898397503566613,0.21820134468532526,0.19593590014264797
65.28136799536723,9.0,65.28136799536723,4.999913892041658,0.13597636626938175,3.6417041487461126,4.89839750432406,0.21820134525607315,0.19593590017294124
65.30136799536724,9.0,65.30136799536724,4.999913892047281,0.13597636947467406,3.6417041489764186,4.898397504335972,0.218201344999013,0.19593590017348178
65.32136799536725,9.0,65.32136799536725,4.999913892052885,0.1359763726687596,3.6417041492353186,4.898397504606217,0.21820134501877808,0.19593590018487755
65.34136799536726,9.0,65.34136799536726,4.999913892058465,0.1359763758509348,3.6417041494915,4.898397504856495,0.21820134500673305,0.19593590019361123
65.36136799536726,9.0,65.36136799536726,4.999913892064028,0.13597637902132578,3.641704149743811,4.898397505080199,0.21820134501807864,0.19593590020379803
65.38136799536727,9.0,65.38136799536727,4.999913892069567,0.1359763821801196,3.6417041500013188,4.898397505372767,0.21820134505080802,0.19593590021489335
65.40136799536728,9.0,65.40136799536728,4.999913892075084,0.1359763853270629,3.641704150252736,4.898397505604897,0.21820134503512367,0.1959359002235409
65.42136799536729,9.0,65.42136799536729,4.999913892080581,0.13597638846242374,3.641704150503337,4.898397505843129,0.21820134505028754,0.19593590023372162
65.44136799536729,9.0,65.44136799536729,4.999913892086055,0.13597639158624136,3.641704150757231,4.898397506115154,0.21820134507650968,0.19593590024457352
65.46136799536728,9.0,65.46136799536728,4.9999138920915085,0.13597639469844838,3.6417041510068455,4.8983975063622,0.2182013450808542,0.1959359002544693
65.4813679953673,9.0,65.4813679953673,4.999913892096939,0.13597639779913231,3.641704151256263,4.898397506610865,0.21820134509031908,0.19593590026442345
65.5013679953673,9.0,65.5013679953673,4.999913892102349,0.13597640088827292,3.6417041515038586,4.898397506858455,0.2182013451011704,0.19593590027437036
65.52136799536731,9.0,65.52136799536731,4.999913892107739,0.13597640396606894,3.641704151752341,4.898397507106956,0.21820134511940692,0.1959359002848831
65.52236799536732,9.0,65.52236799536732,4.999913892108016,0.13597640411946818,3.641704151754971,4.898397507034073,0.2182013449282838,0.19593590027706512
65.53836799536731,9.0,65.53836799536731,4.99991389211231,0.135976406573346,3.6417041519703304,4.898397507396423,0.21820134520418577,0.19593590029587393
65.55836799536732,9.0,65.55836799536732,4.999913892117654,0.1359764096298743,3.6417041522066813,4.89839750754713,0.21820134512214073,0.1959359003018695
65.57836799536733,9.0,65.57836799536733,4.999913892122985,0.13597641267528732,3.641704152453737,4.898397507826686,0.21820134515520762,0.19593590031308253
65.59836799536734,9.0,65.59836799536734,4.999913892128292,0.13597641570932034,3.641704152696815,4.898397508048379,0.21820134514557932,0.19593590032190933
65.61836799536734,9.0,65.61836799536734,4.999913892133578,0.13597641873213306,3.6417041529397975,4.8983975082935265,0.2182013451614635,0.19593590033174962
65.63836799536735,9.0,65.63836799536735,4.999913892138849,0.13597642174378693,3.641704153181956,4.898397508536568,0.2182013451804563,0.19593590034207137
65.65836799536736,9.0,65.65836799536736,4.999913892144094,0.1359764247442782,3.6417041534246763,4.8983975087934235,0.2182013451910585,0.19593590035175207
65.67836799536737,9.0,65.67836799536737,4.999913892149319,0.1359764277336246,3.641704153664668,4.898397509015879,0.21820134517976264,0.1959359003599851
65.69836799536736,9.0,65.69836799536736,4.999913892154523,0.13597643071182275,3.6417041539030803,4.898397509242809,0.21820134520269585,0.19593590037028796
65.71836799536737,9.0,65.71836799536737,4.999913892159709,0.1359764336790974,3.6417041541443274,4.898397509516393,0.2182013452210465,0.19593590038003578
65.73836799536737,9.0,65.73836799536737,4.999913892164874,0.1359764366352142,3.6417041543794664,4.898397509717314,0.21820134521846102,0.19593590038929243
65.75836799536738,9.0,65.75836799536738,4.999913892170021,0.13597643958050445,3.6417041546183087,4.898397509989534,0.2182013452396716,0.19593590039898787
65.77836799536739,9.0,65.77836799536739,4.99991389217514,0.13597644251473312,3.6417041548525515,4.898397510190364,0.21820134523172197,0.1959359004076061
65.79836799536739,9.0,65.79836799536739,4.99991389218025,0.13597644543816634,3.641704155088864,4.8983975104459745,0.2182013452600322,0.19593590041784495
65.8183679953674,9.0,65.8183679953674,4.999913892185335,0.13597644835072592,3.641704155322531,4.898397510677796,0.21820134526540702,0.19593590042712578
65.8193679953674,9.0,65.8193679953674,4.999913892185591,0.13597644849568485,3.6417041553161584,4.898397510497849,0.2182013450809741,0.19593590041986314
65.8353679953674,9.0,65.8353679953674,4.999913892189644,0.1359764508182571,3.6417041555398844,4.898397511052598,0.218201345457818,0.19593590044211293
65.85536799536742,9.0,65.85536799536742,4.99991389219469,0.1359764537104427,3.6417041557532723,4.898397511101095,0.21820134527602653,0.19593590044404358
65.87536799536741,9.0,65.87536799536741,4.999913892199716,0.13597645659231508,3.641704155988039,4.898397511359253,0.21820134530164115,0.19593590045432294
65.89536799536742,9.0,65.89536799536742,4.999913892204726,0.13597645946342093,3.641704156216733,4.898397511567916,0.21820134529514945,0.1959359004627315
65.91536799536743,9.0,65.91536799536743,4.9999138922097135,0.13597646232388905,3.6417041564472403,4.898397511800863,0.21820134531117663,0.19593590047202475
65.93536799536744,9.0,65.93536799536744,4.999913892214683,0.1359764651737545,3.6417041566767083,4.8983975120311545,0.2182013453224374,0.19593590048122417
65.95536799536744,9.0,65.95536799536744,4.999913892219633,0.1359764680129901,3.641704156905302,4.898397512259821,0.21820134533200708,0.1959359004903618
65.97536799536745,9.0,65.97536799536745,4.999913892224562,0.13597647084165923,3.6417041571320334,4.898397512486522,0.218201345349061,0.19593590050010803
65.99536799536745,9.0,65.99536799536745,4.999913892229473,0.1359764736599003,3.6417041573606834,4.898397512729252,0.2182013453517908,0.19593590050857462
66.01536799536746,9.0,66.01536799536746,4.999913892234368,0.13597647646750416,3.6417041575828977,4.898397512919947,0.21820134534671798,0.195935900516802
66.03536799536747,9.0,66.03536799536747,4.999913892239241,0.13597647926480697,3.641704157809518,4.8983975131666195,0.2182013453769227,0.1959359005267147
66.05536799536748,9.0,66.05536799536748,4.999913892244093,0.13597648205164722,3.6417041580339147,4.898397513389099,0.21820134538158964,0.19593590053557156
66.07536799536747,9.0,66.07536799536747,4.999913892248931,0.13597648482816183,3.6417041582574985,4.898397513611884,0.2182013453897529,0.19593590054448548
66.07636799536748,9.0,66.07636799536748,4.999913892249176,0.13597648496632947,3.641704158249992,4.898397513431287,0.21820134520653856,0.19593590053725166
66.09236799536748,9.0,66.09236799536748,4.999913892253031,0.13597648718042057,3.6417041584647887,4.898397513977697,0.2182013455823939,0.19593590055909196
66.11236799536749,9.0,66.11236799536749,4.999913892257826,0.135976489937475,3.6417041586680705,4.898397514015746,0.21820134540075387,0.19593590056062865
66.13236799536749,9.0,66.13236799536749,4.999913892262607,0.13597649268470915,3.6417041588921175,4.898397514263296,0.2182013454260301,0.19593590057050386
66.1523679953675,9.0,66.1523679953675,4.999913892267369,0.1359764954215621,3.641704159109579,4.8983975144607275,0.21820134541818792,0.19593590057842022
66.17236799536751,9.0,66.17236799536751,4.999913892272113,0.1359764981483198,3.641704159328849,4.898397514682424,0.21820134544185565,0.19593590058796018
66.19236799536752,9.0,66.19236799536752,4.9999138922768385,0.13597650086494695,3.6417041595492825,4.898397514917834,0.218201345445296,0.19593590059609117
66.21236799536752,9.0,66.21236799536752,4.999913892281545,0.13597650357141375,3.6417041597642514,4.898397515101282,0.21820134544012726,0.195935900604026
66.23236799536753,9.0,66.23236799536753,4.999913892286235,0.135976506267835,3.641704159982743,4.898397515339716,0.2182013454692293,0.19593590061359004
66.25236799536754,9.0,66.25236799536754,4.9999138922909045,0.13597650895421,3.641704160199058,4.898397515554222,0.21820134547390646,0.19593590062216495
66.27236799536753,9.0,66.27236799536753,4.999913892295555,0.13597651163057792,3.6417041604137927,4.898397515768198,0.21820134548144843,0.19593590063073804
66.29236799536754,9.0,66.29236799536754,4.99991389230019,0.13597651429697627,3.641704160629136,4.898397515983456,0.21820134549078674,0.19593590063932037
66.31236799536754,9.0,66.31236799536754,4.999913892304809,0.13597651695343943,3.641704160841902,4.898397516196285,0.2182013454997196,0.19593590064786073
66.33236799536755,9.0,66.33236799536755,4.999913892309405,0.1359765195999932,3.641704161055205,4.898397516409557,0.21820134550927417,0.1959359006563938
66.33336799536755,9.0,66.33336799536755,4.9999138923096424,0.13597651973169045,3.6417041610470937,4.898397516228373,0.21820134532477642,0.195935900649086
66.34936799536756,9.0,66.34936799536756,4.999913892313309,0.13597652184216957,3.641704161253438,4.898397516766177,0.21820134570178462,0.19593590067066607
66.36936799536757,9.0,66.36936799536757,4.999913892317867,0.1359765244701649,3.6417041614460386,4.898397516793696,0.21820134551963344,0.19593590067178213
66.38936799536756,9.0,66.38936799536756,4.999913892322412,0.13597652708877275,3.641704161659693,4.898397517030801,0.21820134554446824,0.1959359006812372
66.40936799536757,9.0,66.40936799536757,4.999913892326941,0.1359765296975094,3.641704161866677,4.898397517217721,0.21820134553602255,0.19593590068872285
66.42936799536758,9.0,66.42936799536758,4.999913892331452,0.13597653229658052,3.641704162076566,4.898397517430038,0.21820134555188497,0.19593590069722258
66.4493679953676,9.0,66.4493679953676,4.999913892335947,0.13597653488593966,3.6417041622853166,4.898397517639698,0.21820134556232107,0.1959359007055955
66.46936799536759,9.0,66.46936799536759,4.999913892340423,0.13597653746567614,3.641704162492331,4.898397517846752,0.21820134557069215,0.1959359007138836
66.4893679953676,9.0,66.4893679953676,4.999913892344884,0.1359765400357731,3.6417041626992055,4.898397518053547,0.21820134557955484,0.19593590072216358
66.50936799536761,9.0,66.50936799536761,4.999913892349322,0.13597654259630057,3.641704162906051,4.898397518260353,0.21820134558834736,0.19593590073040715
66.52936799536762,9.0,66.52936799536762,4.9999138923537485,0.13597654514722937,3.641704163110241,4.898397518464585,0.21820134559659188,0.1959359007385962
66.54936799536762,9.0,66.54936799536762,4.999913892358156,0.13597654768867987,3.641704163314683,4.8983975186689,0.21820134560585336,0.1959359007467998
66.56936799536763,9.0,66.56936799536763,4.999913892362547,0.1359765502206574,3.641704163518955,4.898397518873385,0.21820134561443716,0.1959359007549265
66.58936799536762,9.0,66.58936799536762,4.99991389236692,0.13597655274313614,3.6417041637217578,4.89839751907605,0.2182013456232359,0.19593590076307452
66.59036799536763,9.0,66.59036799536763,4.999913892367142,0.13597655286866275,3.641704163713052,4.8983975188943125,0.21820134543881586,0.19593590075574002
66.60636799536763,9.0,66.60636799536763,4.9999138923706266,0.1359765548802305,3.6417041639123116,4.898397519424911,0.21820134581557715,0.1959359007770112
66.62636799536764,9.0,66.62636799536764,4.999913892374965,0.13597655738497014,3.6417041640944308,4.898397519441969,0.21820134564000337,0.19593590077833298
66.64636799536764,9.0,66.64636799536764,4.999913892379286,0.13597655988081656,3.6417041642991914,4.898397519684293,0.21820134565666027,0.19593590078674308
66.66636799536765,9.0,66.66636799536765,4.999913892383597,0.13597656236716751,3.6417041644947963,4.8983975198285,0.21820134563456772,0.1959359007931306
66.68636799536766,9.0,66.68636799536766,4.999913892387888,0.13597656484434653,3.641704164695735,4.898397520051773,0.2182013456691072,0.1959359008020783
66.70636799536767,9.0,66.70636799536767,4.9999138923921596,0.1359765673122525,3.6417041648944806,4.898397520249401,0.21820134567452154,0.1959359008099696
66.72636799536767,9.0,66.72636799536767,4.999913892396416,0.13597656977093617,3.641704165091773,4.89839752044621,0.21820134568157057,0.19593590081786708
66.74636799536768,9.0,66.74636799536768,4.999913892400658,0.13597657222043139,3.6417041652887376,4.8983975206430035,0.21820134568971739,0.1959359008257355
66.76636799536769,9.0,66.76636799536769,4.999913892404883,0.13597657466079136,3.6417041654855855,4.898397520839742,0.21820134569834293,0.19593590083359888
66.7863679953677,9.0,66.7863679953677,4.99991389240909,0.13597657709200944,3.6417041656813174,4.898397521035655,0.21820134570671357,0.19593590084143064
66.8063679953677,9.0,66.8063679953677,4.99991389241328,0.13597657951414713,3.6417041658763476,4.898397521230596,0.2182013457148555,0.1959359008492214
66.82636799536769,9.0,66.82636799536769,4.999913892417453,0.1359765819272834,3.6417041660707294,4.898397521425023,0.21820134572270966,0.19593590085695586
66.8463679953677,9.0,66.8463679953677,4.9999138924216115,0.1359765843313306,3.6417041662639527,4.89839752161823,0.21820134573148398,0.19593590086474535
66.8473679953677,9.0,66.8473679953677,4.999913892421827,0.13597658445092586,3.6417041662547147,4.898397521435887,0.21820134564944738,0.1959359008616784
66.86336799536771,9.0,66.86336799536771,4.999913892425145,0.13597658636810445,3.6417041664472225,4.8983975219814475,0.2182013459232004,0.19593590087833815
66.88336799536772,9.0,66.88336799536772,4.999913892429267,0.1359765887551208,3.6417041666167784,4.898397521945777,0.2182013457311638,0.19593590087847335
66.90336799536772,9.0,66.90336799536772,4.999913892433377,0.1359765911338016,3.641704166814456,4.898397522201743,0.21820134576956685,0.19593590088744356
66.92336799536773,9.0,66.92336799536773,4.999913892437471,0.1359765935033298,3.641704166999636,4.898397522333971,0.21820134574229977,0.19593590089334068
66.94336799536774,9.0,66.94336799536774,4.999913892441555,0.13597659586415597,3.6417041671921417,4.89839752254814,0.21820134577577388,0.1959359009019258
66.96336799536775,9.0,66.96336799536775,4.999913892445618,0.13597659821611316,3.6417041673813526,4.898397522736399,0.21820134578066241,0.1959359009094559
66.98336799536774,9.0,66.98336799536774,4.999913892449667,0.13597660055926708,3.641704167569118,4.898397522923353,0.21820134578716965,0.19593590091696975
67.00336799536775,9.0,67.00336799536775,4.9999138924537005,0.1359766028936207,3.641704167757047,4.8983975231112105,0.21820134579539152,0.1959359009244892
67.02336799536776,9.0,67.02336799536776,4.999913892457715,0.13597660521931437,3.641704167944768,4.898397523298861,0.2182013458033083,0.19593590093195928
67.04336799536777,9.0,67.04336799536777,4.999913892461719,0.1359766075362287,3.6417041681308135,4.898397523485139,0.2182013458110572,0.19593590093940946
67.06336799536777,9.0,67.06336799536777,4.9999138924657025,0.1359766098444967,3.6417041683162665,4.898397523670448,0.21820134581882744,0.19593590094682523
67.08336799536778,9.0,67.08336799536778,4.9999138924696735,0.13597661214414933,3.6417041685020566,4.898397523856202,0.2182013458273837,0.19593590095427021
67.10336799536778,9.0,67.10336799536778,4.9999138924736295,0.13597661443519216,3.641704168686265,4.898397524040473,0.21820134583445006,0.19593590096159216
67.10436799536778,9.0,67.10436799536778,4.999913892473831,0.13597661454908552,3.6417041686759197,4.898397523857168,0.218201345650332,0.19593590095426508
67.12036799536779,9.0,67.12036799536779,4.999913892476986,0.13597661637614697,3.6417041688605867,4.898397524372954,0.21820134602622154,0.19593590097490418
67.1403679953678,9.0,67.1403679953678,4.999913892480909,0.1359766186509532,3.6417041690249414,4.898397524372308,0.21820134585017126,0.195935900975496
67.16036799536779,9.0,67.16036799536779,4.999913892484816,0.1359766209176502,3.6417041692099885,4.898397524595024,0.21820134586658657,0.1959359009832375
67.1803679953678,9.0,67.1803679953678,4.9999138924887125,0.13597662317573775,3.641704169387274,4.898397524720882,0.21820134584331763,0.19593590098883418
67.20036799536781,9.0,67.20036799536781,4.999913892492593,0.13597662542549094,3.641704169570348,4.8983975249262794,0.2182013458771559,0.19593590099704872
67.22036799536782,9.0,67.22036799536782,4.9999138924964575,0.13597662766674273,3.641704169750421,4.898397525105292,0.21820134588186146,0.19593590100422698
67.24036799536782,9.0,67.24036799536782,4.99991389250031,0.13597662989965417,3.641704169930602,4.898397525284839,0.21820134588796636,0.19593590101137723
67.26036799536783,9.0,67.26036799536783,4.9999138925041455,0.13597663212414757,3.641704170109738,4.898397525463937,0.2182013458954195,0.19593590101855088
67.28036799536784,9.0,67.28036799536784,4.999913892507966,0.13597663434032514,3.6417041702879547,4.89839752564204,0.21820134590288554,0.19593590102567862
67.30036799536785,9.0,67.30036799536785,4.999913892511771,0.13597663654820977,3.641704170466243,4.898397525820414,0.21820134591046703,0.1959359010327778
67.32036799536785,9.0,67.32036799536785,4.999913892515563,0.13597663874781002,3.6417041706417543,4.898397525995948,0.21820134591807028,0.19593590103987818
67.34036799536786,9.0,67.34036799536786,4.999913892519337,0.1359766409391292,3.6417041708182065,4.898397526172233,0.21820134592596752,0.1959359010469281
67.36036799536787,9.0,67.36036799536787,4.9999138925231,0.1359766431222465,3.6417041709938456,4.898397526348097,0.21820134593354545,0.1959359010539484
67.36136799536786,9.0,67.36136799536786,4.999913892523294,0.1359766432308338,3.641704170983567,4.898397526164239,0.21820134575018368,0.19593590104661063
67.37736799536786,9.0,67.37736799536786,4.999913892526291,0.13597664497183892,3.6417041711616105,4.8983975266743975,0.21820134612524278,0.19593590106697067
67.39736799536787,9.0,67.39736799536787,4.999913892530022,0.13597664713948338,3.641704171316764,4.898397526664158,0.21820134594771634,0.1959359010671687
67.41736799536787,9.0,67.41736799536787,4.99991389253374,0.13597664929944583,3.6417041714941814,4.898397526879104,0.21820134596371865,0.1959359010745514
67.43736799536788,9.0,67.43736799536788,4.999913892537446,0.13597665145112972,3.6417041716628593,4.8983975269963675,0.21820134594042484,0.19593590107985137
67.45736799536789,9.0,67.45736799536789,4.999913892541139,0.13597665359487998,3.641704171837616,4.898397527193457,0.21820134597371332,0.19593590108771375
67.4773679953679,9.0,67.4773679953679,4.999913892544813,0.13597665573054066,3.6417041720095917,4.898397527364413,0.21820134597791796,0.19593590109454698
67.4973679953679,9.0,67.4973679953679,4.999913892548476,0.13597665785820817,3.641704172181063,4.898397527535235,0.2182013459837977,0.19593590110138379
67.5173679953679,9.0,67.5173679953679,4.999913892552122,0.13597665997784383,3.641704172351159,4.898397527705218,0.21820134599032004,0.1959359011081685
67.53736799536792,9.0,67.53736799536792,4.9999138925557585,0.13597666208955214,3.6417041725208787,4.898397527874992,0.21820134599772212,0.19593590111496426
67.55736799536793,9.0,67.55736799536793,4.99991389255938,0.13597666419330942,3.6417041726893826,4.8983975280434935,0.21820134600554786,0.1959359011217748
67.57736799536792,9.0,67.57736799536792,4.999913892562981,0.13597666628922292,3.641704172858879,4.89839752821293,0.21820134601293484,0.19593590112851167
67.59736799536793,9.0,67.59736799536793,4.999913892566574,0.13597666837724856,3.6417041730264947,4.898397528380628,0.21820134601982932,0.19593590113522358
67.61736799536794,9.0,67.61736799536794,4.99991389257015,0.13597667045742615,3.641704173193612,4.898397528547712,0.21820134602724606,0.19593590114193987
67.61836799536793,9.0,67.61836799536793,4.999913892570334,0.13597667056086502,3.641704173183106,4.898397528364115,0.21820134594542218,0.19593590113882417
67.63436799536794,9.0,67.63436799536794,4.999913892573186,0.1359766722198299,3.641704173355697,4.898397528889854,0.21820134621848464,0.19593590115467513
67.65436799536795,9.0,67.65436799536795,4.999913892576732,0.13597667428513976,3.641704173499766,4.898397528828552,0.21820134601712393,0.19593590115312434
67.67436799536794,9.0,67.67436799536794,4.9999138925802695,0.1359766763432082,3.64170417366919,4.898397529042324,0.21820134606171182,0.19593590116168536
67.69436799536795,9.0,67.69436799536795,4.999913892583792,0.13597667839341643,3.641704173832345,4.898397529183764,0.2182013460481147,0.19593590116735485
67.71436799536797,9.0,67.71436799536797,4.999913892587306,0.13597668043601083,3.6417041739967577,4.898397529350042,0.21820134605970498,0.19593590117397608
67.73436799536798,9.0,67.73436799536798,4.9999138925908,0.1359766824708976,3.641704174160937,4.89839752951499,0.21820134606835895,0.19593590118057158
67.75436799536797,9.0,67.75436799536797,4.999913892594285,0.13597668449812264,3.6417041743238348,4.898397529677898,0.21820134607563402,0.19593590118713752
67.77436799536798,9.0,67.77436799536798,4.999913892597756,0.13597668651774522,3.6417041744858802,4.898397529839891,0.21820134608211061,0.19593590119360682
67.79436799536799,9.0,67.79436799536799,4.99991389260121,0.13597668852979125,3.641704174648314,4.898397530002351,0.218201346089113,0.19593590120008034
67.814367995368,9.0,67.814367995368,4.99991389260465,0.13597669053427144,3.641704174809222,4.8983975301632645,0.21820134609600972,0.19593590120654533
67.834367995368,9.0,67.834367995368,4.999913892608085,0.13597669253121097,3.641704174970705,4.898397530324694,0.21820134610264352,0.19593590121294802
67.85436799536801,9.0,67.85436799536801,4.999913892611498,0.13597669452064376,3.6417041751299437,4.898397530483988,0.21820134611666475,0.19593590121997742
67.87436799536802,9.0,67.87436799536802,4.9999138926149,0.1359766965026074,3.641704175290502,4.8983975306585155,0.21820134611649378,0.19593590122575127
67.87536799536801,9.0,67.87536799536801,4.999913892615077,0.13597669660091005,3.641704175268648,4.898397530360715,0.21820134593273455,0.1959359012187001
67.89136799536801,9.0,67.89136799536801,4.999913892617791,0.1359766981819246,3.641704175452298,4.898397531044952,0.21820134638630595,0.19593590124084123
67.91136799536802,9.0,67.91136799536802,4.999913892621161,0.1359767001495544,3.64170417558162,4.898397530920957,0.21820134612555053,0.19593590123747565
67.93136799536802,9.0,67.93136799536802,4.999913892624526,0.13597670211040042,3.641704175744531,4.898397531131175,0.21820134614893938,0.1959359012446392
67.95136799536803,9.0,67.95136799536803,4.999913892627878,0.1359767040637232,3.64170417589629,4.898397531230042,0.21820134612100528,0.19593590124918833
67.97136799536804,9.0,67.97136799536804,4.999913892631215,0.13597670600986123,3.64170417605541,4.898397531411178,0.21820134615381992,0.19593590125645122
67.99136799536805,9.0,67.99136799536805,4.9999138926345434,0.13597670794857264,3.64170417621054,4.89839753156534,0.21820134615682996,0.19593590126260158
68.01136799536805,9.0,68.01136799536805,4.999913892637854,0.1359767098800134,3.6417041763670444,4.89839753172104,0.21820134616242193,0.1959359012688079
68.03136799536806,9.0,68.03136799536806,4.999913892641154,0.13597671180424678,3.6417041765215807,4.8983975318755855,0.2182013461689034,0.1959359012750243
68.05136799536807,9.0,68.05136799536807,4.999913892644442,0.1359767137211409,3.641704176675633,4.898397532029672,0.21820134617534404,0.19593590128118074
68.07136799536808,9.0,68.07136799536808,4.999913892647718,0.13597671563085514,3.6417041768288283,4.898397532182806,0.2182013461818757,0.19593590128731728
68.09136799536807,9.0,68.09136799536807,4.999913892650978,0.13597671753341178,3.641704176982533,4.898397532336532,0.21820134618866893,0.19593590129344501
68.11136799536808,9.0,68.11136799536808,4.999913892654228,0.13597671942879455,3.6417041771347156,4.898397532488673,0.2182013461951371,0.19593590129955446
68.1313679953681,9.0,68.1313679953681,4.999913892657465,0.13597672131704563,3.6417041772871257,4.898397532641077,0.2182013462013681,0.1959359013056057
68.13236799536809,9.0,68.13236799536809,4.99991389265763,0.13597672141090378,3.6417041772754772,4.898397532456421,0.21820134612031516,0.19593590130252875
68.14836799536809,9.0,68.14836799536809,4.999913892660208,0.13597672291686297,3.6417041774353685,4.898397532969426,0.2182013463917598,0.19593590131782296
68.1683679953681,9.0,68.1683679953681,4.999913892663417,0.1359767247915364,3.641704177564198,4.898397532892857,0.2182013461906891,0.1959359013157154
68.1883679953681,9.0,68.1883679953681,4.9999138926666165,0.13597672665968477,3.6417041777188492,4.898397533091859,0.21820134623472986,0.19593590132367097
68.2083679953681,9.0,68.2083679953681,4.999913892669807,0.13597672852060497,3.641704177865515,4.898397533216872,0.21820134622717413,0.19593590132931088
68.22836799536812,9.0,68.22836799536812,4.999913892672983,0.135976730374704,3.6417041780167505,4.8983975333839105,0.2182013462317136,0.1959359013347557
68.24836799536813,9.0,68.24836799536813,4.999913892676145,0.13597673222168627,3.641704178163004,4.898397533499724,0.21820134623278475,0.19593590134058997
68.26836799536812,9.0,68.26836799536812,4.999913892679296,0.13597673406179608,3.641704178313858,4.898397533684476,0.2182013462512642,0.19593590134675573
68.28836799536813,9.0,68.28836799536813,4.999913892682434,0.13597673589489034,3.6417041784585282,4.89839753379601,0.21820134623872134,0.1959359013518064
68.30836799536814,9.0,68.30836799536814,4.999913892685564,0.13597673772113417,3.64170417860688,4.898397533963426,0.2182013462636747,0.19593590135855452
68.32836799536815,9.0,68.32836799536815,4.999913892688677,0.13597673954046066,3.6417041787525744,4.898397534107244,0.2182013462722665,0.1959359013649105
68.34836799536815,9.0,68.34836799536815,4.999913892691778,0.13597674135302554,3.6417041789002185,4.898397534268151,0.21820134627055587,0.19593590137013503
68.36836799536816,9.0,68.36836799536816,4.9999138926948685,0.1359767431586257,3.641704179043097,4.898397534379729,0.21820134626260934,0.19593590137517652
68.38836799536817,9.0,68.38836799536817,4.999913892697949,0.13597674495751422,3.6417041791896727,4.898397534546198,0.2182013462883332,0.19593590138181896
68.38936799536816,9.0,68.38936799536816,4.999913892698107,0.13597674504689922,3.6417041791772733,4.898397534359742,0.21820134620502785,0.1959359013786505
68.40536799536818,9.0,68.40536799536818,4.99991389270056,0.1359767464816139,3.6417041793314886,4.898397534864578,0.21820134647165457,0.1959359013936207
68.42536799536818,9.0,68.42536799536818,4.999913892703611,0.13597674826751502,3.6417041794533445,4.898397534781795,0.21820134627800813,0.1959359013918639
68.44536799536817,9.0,68.44536799536817,4.999913892706657,0.13597675004722154,3.641704179600986,4.898397534988006,0.21820134631491817,0.1959359013989566
68.46536799536818,9.0,68.46536799536818,4.999913892709688,0.1359767518199852,3.64170417973912,4.898397535073098,0.21820134628656307,0.19593590140296266
68.4853679953682,9.0,68.4853679953682,4.999913892712707,0.13597675358629083,3.641704179884492,4.898397535240149,0.21820134631740906,0.19593590140958955
68.5053679953682,9.0,68.5053679953682,4.9999138927157185,0.13597675534581788,3.6417041800251586,4.898397535379874,0.21820134631978894,0.19593590141519707
68.5253679953682,9.0,68.5253679953682,4.999913892718716,0.1359767570987147,3.641704180165106,4.898397535519065,0.21820134633149912,0.1959359014214067
68.54536799536821,9.0,68.54536799536821,4.999913892721702,0.13597675884507193,3.641704180308381,4.898397535676224,0.21820134633068733,0.1959359014264267
68.56536799536822,9.0,68.56536799536822,4.999913892724672,0.13597676058472236,3.641704180444764,4.898397535781438,0.2182013463225334,0.19593590143127734
68.58536799536823,9.0,68.58536799536823,4.999913892727637,0.1359767623179079,3.64170418058649,4.89839753594297,0.21820134635562827,0.19593590143833414
68.60536799536823,9.0,68.60536799536823,4.9999138927305875,0.13597676404453385,3.6417041807259434,4.898397536094602,0.21820134634977206,0.19593590144321443
68.62536799536824,9.0,68.62536799536824,4.999913892733527,0.13597676576458717,3.6417041808619044,4.89839753619854,0.2182013463476502,0.19593590144856954
68.64536799536825,9.0,68.64536799536825,4.999913892736452,0.13597676747827844,3.6417041810032074,4.898397536373661,0.2182013463659147,0.19593590145433126
68.64636799536824,9.0,68.64636799536824,4.999913892736601,0.13597676756318217,3.6417041809791475,4.898397536072807,0.21820134617998832,0.19593590144718337
68.66236799536824,9.0,68.66236799536824,4.999913892738939,0.13597676893027538,3.6417041811455833,4.898397536737059,0.21820134662826396,0.19593590146853934
68.68236799536825,9.0,68.68236799536825,4.999913892741845,0.1359767706313872,3.6417041812536923,4.898397536592668,0.21820134636698407,0.19593590146433343
68.70236799536826,9.0,68.70236799536826,4.999913892744734,0.1359767723267153,3.6417041813942514,4.898397536780688,0.2182013463896708,0.1959359014706467
68.72236799536826,9.0,68.72236799536826,4.999913892747621,0.13597677401544914,3.6417041815252302,4.898397536858916,0.21820134636881994,0.1959359014749852
68.74236799536827,9.0,68.74236799536827,4.9999138927504925,0.13597677569802705,3.6417041816644433,4.898397537034002,0.21820134639297706,0.1959359014807498
68.76236799536828,9.0,68.76236799536828,4.999913892753354,0.13597677737406808,3.6417041817952707,4.898397537132685,0.21820134638869115,0.19593590148593648
68.78236799536828,9.0,68.78236799536828,4.999913892756207,0.13597677904392017,3.641704181933696,4.898397537304191,0.21820134640577837,0.1959359014915362
68.80236799536829,9.0,68.80236799536829,4.999913892759045,0.1359767807073466,3.6417041820648226,4.898397537402223,0.21820134639253386,0.19593590149605164
68.8223679953683,9.0,68.8223679953683,4.999913892761874,0.1359767823645512,3.641704182198881,4.8983975375553355,0.21820134642367206,0.19593590150283344
68.8423679953683,9.0,68.8423679953683,4.999913892764694,0.1359767840155594,3.6417041823339455,4.898397537702544,0.21820134641779632,0.195935901507453
68.8623679953683,9.0,68.8623679953683,4.999913892767498,0.13597678566021817,3.6417041824633793,4.898397537800008,0.21820134640841005,0.19593590151199752
68.88236799536831,9.0,68.88236799536831,4.999913892770294,0.13597678729874893,3.6417041825962473,4.898397537952652,0.21820134644090805,0.1959359015187393
68.90236799536832,9.0,68.90236799536832,4.99991389277308,0.13597678893111367,3.641704182728984,4.898397538097531,0.21820134643510114,0.19593590152330936
68.90336799536831,9.0,68.90336799536831,4.999913892773224,0.13597678901195184,3.6417041827054355,4.8983975377977345,0.21820134625078946,0.1959359015161878
68.91936799536833,9.0,68.91936799536833,4.999913892775442,0.1359767903142321,3.64170418286634,4.898397538458583,0.21820134670283498,0.19593590153743798
68.93936799536833,9.0,68.93936799536833,4.999913892778204,0.13597679193456974,3.641704182968054,4.898397538307171,0.21820134644040445,0.195935901532908
68.95936799536834,9.0,68.95936799536834,4.999913892780957,0.13597679354951414,3.641704183102911,4.898397538489334,0.21820134646266443,0.1959359015389634
68.97936799536835,9.0,68.97936799536835,4.9999138927837,0.13597679515808012,3.641704183226981,4.898397538560553,0.2182013464411363,0.1959359015430386
68.99936799536835,9.0,68.99936799536835,4.999913892786434,0.1359767967607794,3.6417041833590793,4.898397538728618,0.21820134647260359,0.19593590154918203
69.01936799536836,9.0,69.01936799536836,4.999913892789157,0.1359767983572845,3.64170418348551,4.898397538836837,0.21820134645365208,0.19593590155287607
69.03936799536835,9.0,69.03936799536835,4.99991389279187,0.13597679994779294,3.641704183612944,4.898397538952074,0.2182013464640602,0.19593590155811258
69.05936799536836,9.0,69.05936799536836,4.999913892794572,0.13597680153236405,3.641704183742713,4.898397539099873,0.21820134649146894,0.19593590156459717
69.07936799536837,9.0,69.07936799536837,4.999913892797261,0.13597680311092789,3.64170418387003,4.898397539238679,0.21820134648320044,0.19593590156894194
69.09936799536838,9.0,69.09936799536838,4.999913892799943,0.13597680468341078,3.641704183993821,4.898397539330352,0.21820134647342782,0.19593590157321447
69.11936799536838,9.0,69.11936799536838,4.999913892802613,0.1359768062500715,3.6417041841216076,4.898397539478001,0.2182013465056798,0.19593590157970706
69.13936799536839,9.0,69.13936799536839,4.999913892805269,0.1359768078108109,3.641704184248778,4.89839753961737,0.21820134649988177,0.19593590158408386
69.1593679953684,9.0,69.1593679953684,4.9999138928079185,0.1359768093655561,3.6417041843713274,4.898397539707909,0.21820134649713907,0.19593590158892354
69.16036799536839,9.0,69.16036799536839,4.999913892808055,0.13597680944296803,3.6417041843694293,4.89839753963731,0.21820134631425692,0.19593590158116558
69.1763679953684,9.0,69.1763679953684,4.999913892810169,0.13597681068265677,3.6417041844864193,4.898397539919461,0.21820134660151735,0.19593590159683366
69.1963679953684,9.0,69.1963679953684,4.999913892812796,0.13597681222640803,3.641704184601157,4.898397539942064,0.2182013465128696,0.19593590159834218
69.21636799536842,9.0,69.21636799536842,4.999913892815412,0.13597681376462828,3.6417041847298584,4.898397540115914,0.21820134653181755,0.19593590160400853
69.23636799536843,9.0,69.23636799536843,4.999913892818018,0.13597681529678357,3.6417041848476592,4.898397540181176,0.2182013465104773,0.19593590160787724
69.25636799536844,9.0,69.25636799536844,4.999913892820624,0.13597681682330875,3.6417041849731016,4.89839754034267,0.21820134654137968,0.1959359016137545
69.27636799536843,9.0,69.27636799536843,4.999913892823213,0.13597681834403355,3.6417041850949396,4.89839754044626,0.21820134652241308,0.19593590161721397
69.29636799536843,9.0,69.29636799536843,4.999913892825792,0.1359768198589658,3.6417041852154135,4.898397540554598,0.21820134653894607,0.1959359016227837
69.31636799536844,9.0,69.31636799536844,4.999913892828361,0.13597682136824865,3.641704185340147,4.898397540711215,0.21820134655914103,0.1959359016284277
69.33636799536845,9.0,69.33636799536845,4.9999138928309215,0.13597682287169785,3.641704185458837,4.898397540810154,0.2182013465444368,0.19593590163241398
69.35636799536846,9.0,69.35636799536846,4.999913892833469,0.13597682436954994,3.6417041855794126,4.898397540932535,0.21820134655386214,0.19593590163728725
69.37636799536845,9.0,69.37636799536845,4.999913892836006,0.1359768258617129,3.641704185700299,4.898397541054096,0.2182013465538124,0.19593590164156102
69.39636799536846,9.0,69.39636799536846,4.9999138928385385,0.13597682734819092,3.6417041858182024,4.8983975411581,0.21820134655829948,0.19593590164631386
69.41636799536847,9.0,69.41636799536847,4.999913892841061,0.13597682882906195,3.6417041859386377,4.8983975412956635,0.21820134658439105,0.19593590165244001
69.41736799536847,9.0,69.41736799536847,4.999913892841188,0.13597682890282323,3.6417041859370136,4.898397541215651,0.21820134639058697,0.19593590164428365
69.43336799536849,9.0,69.43336799536849,4.999913892843194,0.13597683008359182,3.6417041860474657,4.898397541472987,0.21820134665723367,0.1959359016589297
69.45336799536848,9.0,69.45336799536848,4.9999138928456945,0.1359768315539543,3.6417041861573267,4.898397541496878,0.2182013465702788,0.19593590165987923
69.47336799536849,9.0,69.47336799536849,4.9999138928481885,0.13597683301896235,3.641704186277411,4.8983975416494605,0.21820134659810897,0.1959359016660018
69.4933679953685,9.0,69.4933679953685,4.99991389285067,0.1359768344783395,3.6417041863928845,4.8983975417437815,0.2182013465902326,0.19593590167035177
69.5133679953685,9.0,69.5133679953685,4.999913892853143,0.1359768359322901,3.6417041865120727,4.898397541878902,0.21820134659386214,0.19593590167453717
69.53336799536851,9.0,69.53336799536851,4.999913892855605,0.135976837380581,3.641704186625404,4.898397541961882,0.21820134659374224,0.19593590167910604
69.5533679953685,9.0,69.5533679953685,4.999913892858057,0.13597683882357303,3.6417041867448146,4.898397542115178,0.2182013466181787,0.19593590168459282
69.57336799536851,9.0,69.57336799536851,4.999913892860503,0.13597684026097331,3.6417041868585187,4.89839754220978,0.21820134660463353,0.19593590168840752
69.59336799536852,9.0,69.59336799536852,4.999913892862938,0.13597684169296148,3.6417041869741413,4.898397542327254,0.218201346613502,0.1959359016930565
69.61336799536853,9.0,69.61336799536853,4.999913892865363,0.13597684311953687,3.641704187088703,4.898397542442504,0.21820134661280433,0.19593590169710726
69.63336799536853,9.0,69.63336799536853,4.999913892867777,0.1359768445407046,3.641704187202214,4.898397542542048,0.21820134661760004,0.195935901701675
69.65336799536854,9.0,69.65336799536854,4.999913892870185,0.13597684595651044,3.641704187318234,4.898397542675339,0.2182013466435504,0.195935901707613
69.67336799536855,9.0,69.67336799536855,4.999913892872582,0.13597684736692095,3.641704187431166,4.898397542799679,0.21820134663495194,0.19593590171142353
69.67436799536854,9.0,69.67436799536854,4.999913892872708,0.13597684743670563,3.6417041874069374,4.898397542499147,0.21820134645080635,0.19593590170425693
69.69036799536855,9.0,69.69036799536855,4.999913892874619,0.13597684856210726,3.6417041875542204,4.8983975431463165,0.21820134691620208,0.19593590172584222
69.71036799536856,9.0,69.71036799536856,4.999913892876995,0.13597684996212087,3.6417041876386493,4.898397542992121,0.21820134663975876,0.19593590171971037
69.73036799536857,9.0,69.73036799536857,4.999913892879364,0.13597685135734627,3.6417041877525507,4.898397543121604,0.21820134664734203,0.19593590172429662
69.75036799536858,9.0,69.75036799536858,4.9999138928817235,0.1359768527472753,3.6417041878623886,4.89839754319844,0.21820134664526236,0.19593590172855027
69.77036799536859,9.0,69.77036799536859,4.999913892884076,0.13597685413201538,3.6417041879763383,4.898397543346583,0.21820134667056879,0.19593590173388506
69.79036799536858,9.0,69.79036799536858,4.9999138928864175,0.1359768555114415,3.6417041880858485,4.898397543437074,0.21820134665699076,0.1959359017374895
69.8103679953686,9.0,69.8103679953686,4.999913892888755,0.1359768568856754,3.641704188197622,4.898397543550662,0.21820134666566782,0.1959359017419581
69.83036799536859,9.0,69.83036799536859,4.9999138928910805,0.13597685825466793,3.641704188306892,4.898397543660686,0.21820134666467128,0.19593590174584055
69.8503679953686,9.0,69.8503679953686,4.999913892893392,0.13597685961845124,3.6417041884157073,4.898397543755499,0.21820134667605462,0.19593590175078945
69.87036799536861,9.0,69.87036799536861,4.999913892895701,0.13597686097714437,3.641704188527215,4.898397543898314,0.218201346687807,0.19593590175535253
69.8903679953686,9.0,69.8903679953686,4.9999138928979985,0.13597686233058304,3.6417041886334096,4.898397543970647,0.21820134667272173,0.1959359017588356
69.91036799536862,9.0,69.91036799536862,4.999913892900287,0.13597686367898887,3.641704188743808,4.8983975441000815,0.21820134670265823,0.19593590176458706
69.93036799536863,9.0,69.93036799536863,4.99991389290257,0.13597686502226444,3.6417041888531947,4.898397544221629,0.21820134670267466,0.19593590176882297
69.93136799536863,9.0,69.93136799536863,4.999913892902688,0.13597686508889437,3.6417041888388186,4.898397544027337,0.21820134640719147,0.19593590175673395
69.94736799536864,9.0,69.94736799536864,4.999913892904504,0.13597686616029142,3.6417041889588417,4.898397544443363,0.21820134686175097,0.19593590177778233
69.96736799536863,9.0,69.96736799536863,4.999913892906764,0.1359768674938168,3.641704189050503,4.898397544400699,0.21820134671322755,0.19593590177663223
69.98736799536864,9.0,69.98736799536864,4.999913892909018,0.13597686882267698,3.641704189159712,4.8983975445453245,0.21820134671932312,0.1959359017812206
70.00736799536865,9.0,70.00736799536865,4.999913892911264,0.13597687014631454,3.6417041892619872,4.898397544595021,0.218201346690849,0.19593590178379175
70.02736799536865,9.0,70.02736799536865,4.9999138929135,0.13597687146505624,3.6417041893698885,4.898397544725334,0.21820134672884572,0.1959359017896427
70.04736799536866,9.0,70.04736799536866,4.999913892915727,0.13597687277880494,3.641704189476806,4.8983975448452775,0.21820134673044622,0.195935901793829
70.06736799536867,9.0,70.06736799536867,4.9999138929179505,0.13597687408751608,3.641704189580316,4.898397544930765,0.2182013467122097,0.195935901796637
70.08736799536868,9.0,70.08736799536868,4.999913892920163,0.1359768753912886,3.641704189685079,4.898397545024099,0.21820134672991998,0.19593590180157341
70.10736799536868,9.0,70.10736799536868,4.9999138929223665,0.1359768766901761,3.6417041897928395,4.898397545163927,0.21820134674914549,0.19593590180652926
70.12736799536869,9.0,70.12736799536869,4.999913892924559,0.13597687798400007,3.641704189894215,4.89839754524542,0.21820134673334213,0.19593590180982098
70.14736799536868,9.0,70.14736799536868,4.999913892926747,0.13597687927300472,3.6417041899981384,4.898397545351131,0.21820134674260716,0.19593590181405776
70.16736799536869,9.0,70.16736799536869,4.999913892928924,0.13597688055711127,3.6417041901019984,4.89839754545578,0.21820134674839853,0.19593590181821555
70.1873679953687,9.0,70.1873679953687,4.999913892931095,0.13597688183634804,3.6417041902051333,4.8983975455588835,0.21820134674543512,0.19593590182172724
70.18836799536871,9.0,70.18836799536871,4.999913892931207,0.1359768818995946,3.641704190181012,4.898397545265326,0.2182013465690389,0.19593590181487266
70.2043679953687,9.0,70.2043679953687,4.999913892932934,0.13597688292044188,3.641704190320424,4.898397545918163,0.21820134702873295,0.19593590183579468
70.22436799536871,9.0,70.22436799536871,4.999913892935084,0.1359768841901016,3.6417041903929803,4.898397545732835,0.21820134675660485,0.1959359018299152
70.24436799536872,9.0,70.24436799536872,4.999913892937231,0.13597688545562112,3.6417041904996106,4.89839754588575,0.21820134678379022,0.1959359018353849
70.26436799536873,9.0,70.26436799536873,4.999913892939365,0.13597688671617206,3.641704190596921,4.89839754594426,0.21820134674794112,0.19593590183717802
70.28436799536874,9.0,70.28436799536874,4.999913892941495,0.13597688797201918,3.641704190696994,4.898397546035185,0.21820134677155334,0.1959359018420394
70.30436799536874,9.0,70.30436799536874,4.999913892943617,0.13597688922313156,3.6417041908010397,4.898397546172044,0.21820134679258363,0.19593590184687187
70.32436799536875,9.0,70.32436799536875,4.999913892945726,0.13597689046943007,3.64170419089972,4.898397546250909,0.21820134677667324,0.19593590185001347
70.34436799536876,9.0,70.34436799536876,4.9999138929478315,0.13597689171101832,3.641704190999127,4.898397546352101,0.21820134677821068,0.1959359018535035
70.36436799536875,9.0,70.36436799536875,4.999913892949927,0.13597689294792614,3.641704191098741,4.898397546438458,0.21820134678389946,0.19593590185751286
70.38436799536876,9.0,70.38436799536876,4.999913892952013,0.13597689418006367,3.641704191197865,4.898397546554855,0.2182013468086117,0.19593590186282406
70.40436799536876,9.0,70.40436799536876,4.999913892954096,0.13597689540766572,3.641704191298347,4.898397546666732,0.21820134680001457,0.19593590186605153
70.42436799536877,9.0,70.42436799536877,4.999913892956164,0.13597689663043405,3.6417041913939427,4.898397546730354,0.21820134679612835,0.19593590186980767
70.44436799536878,9.0,70.44436799536878,4.9999138929582285,0.13597689784871078,3.6417041914953283,4.898397546865522,0.21820134682031078,0.19593590187460558
70.44536799536878,9.0,70.44536799536878,4.999913892958335,0.13597689790907255,3.6417041914796298,4.898397546669297,0.21820134662759827,0.19593590186679422
70.46136799536879,9.0,70.46136799536879,4.999913892959978,0.13597689888084105,3.6417041915935053,4.898397547099183,0.21820134697311921,0.19593590188304866
70.48136799536879,9.0,70.48136799536879,4.999913892962026,0.13597690009012312,3.641704191672302,4.898397547003628,0.21820134680848025,0.19593590188075405
70.5013679953688,9.0,70.5013679953688,4.999913892964065,0.13597690129527615,3.641704191774879,4.898397547162684,0.2182013468361137,0.1959359018858619
70.5213679953688,9.0,70.5213679953688,4.999913892966097,0.13597690249562133,3.6417041918647644,4.898397547198547,0.218201346810182,0.19593590188860163
70.5413679953688,9.0,70.5413679953688,4.999913892968122,0.13597690369161966,3.641704191964325,4.898397547333604,0.2182013468392765,0.1959359018933778
70.56136799536881,9.0,70.56136799536881,4.999913892970138,0.13597690488296862,3.6417041920595765,4.898397547410667,0.21820134682672387,0.19593590189641658
70.58136799536882,9.0,70.58136799536882,4.999913892972147,0.13597690606986818,3.6417041921560207,4.898397547508975,0.21820134683503767,0.19593590190032675
70.60136799536883,9.0,70.60136799536883,4.999913892974148,0.13597690725219985,3.6417041922513214,4.898397547605042,0.21820134683974324,0.1959359019041537
70.62136799536884,9.0,70.62136799536884,4.999913892976142,0.13597690843000831,3.641704192345449,4.8983975476991874,0.21820134683598935,0.19593590190731128
70.64136799536884,9.0,70.64136799536884,4.999913892978129,0.13597690960336417,3.6417041924378024,4.898397547777515,0.21820134684771553,0.19593590191173452
70.66136799536883,9.0,70.66136799536883,4.999913892980107,0.13597691077236285,3.6417041925361637,4.898397547907133,0.21820134686581305,0.19593590191624177
70.68136799536884,9.0,70.68136799536884,4.999913892982079,0.13597691193679873,3.641704192627018,4.898397547978113,0.21820134684987424,0.19593590191914304
70.70136799536886,9.0,70.70136799536886,4.999913892984038,0.1359769130968426,3.6417041927205887,4.898397548073513,0.2182013468585553,0.1959359019229445
70.70236799536886,9.0,70.70236799536886,4.999913892984145,0.13597691315433974,3.641704192705786,4.8983975478860895,0.21820134667473212,0.19593590191543558
70.71836799536885,9.0,70.71836799536885,4.999913892985711,0.13597691407979132,3.6417041928184357,4.898397548330711,0.2182013470489923,0.19593590193323102
70.73836799536886,9.0,70.73836799536886,4.999913892987652,0.1359769152312932,3.6417041928915186,4.898397548238387,0.21820134686092052,0.19593590192956378
70.75836799536887,9.0,70.75836799536887,4.999913892989595,0.1359769163788732,3.6417041929866447,4.898397548357133,0.21820134688073756,0.19593590193428842
70.77836799536888,9.0,70.77836799536888,4.999913892991526,0.13597691752196253,3.6417041930766123,4.898397548426837,0.2182013468675401,0.1959359019370826
70.79836799536889,9.0,70.79836799536889,4.999913892993451,0.13597691866079015,3.6417041931687493,4.898397548521548,0.2182013468776809,0.19593590194084343
70.81836799536889,9.0,70.81836799536889,4.999913892995372,0.13597691979529208,3.6417041932599767,4.898397548613698,0.21820134688314896,0.19593590194453978
70.8383679953689,9.0,70.8383679953689,4.999913892997285,0.1359769209254272,3.6417041933500713,4.898397548703799,0.2182013468796793,0.19593590194757
70.85836799536891,9.0,70.85836799536891,4.999913892999189,0.1359769220512608,3.6417041934393923,4.898397548779032,0.21820134689101023,0.1959359019518166
70.8783679953689,9.0,70.8783679953689,4.999913893001085,0.13597692317292723,3.641704193533029,4.898397548903899,0.21820134690893767,0.19593590195619176
70.89836799536891,9.0,70.89836799536891,4.999913893002973,0.13597692429022756,3.641704193621299,4.8983975489723655,0.2182013468927333,0.1959359019589139
70.91836799536892,9.0,70.91836799536892,4.999913893004854,0.13597692540330708,3.64170419371134,4.898397549064242,0.21820134690070914,0.19593590196254643
70.93836799536892,9.0,70.93836799536892,4.999913893006728,0.1359769265121411,3.6417041938001677,4.898397549153783,0.21820134689881598,0.19593590196555602
70.95836799536893,9.0,70.95836799536893,4.999913893008598,0.13597692761673005,3.6417041938885744,4.898397549228261,0.2182013469099493,0.1959359019697238
70.95936799536894,9.0,70.95936799536894,4.999913893008696,0.13597692767171085,3.6417041938850603,4.8983975491545575,0.21820134682905934,0.19593590196619087
70.97536799536894,9.0,70.97536799536894,4.99991389301018,0.1359769285526302,3.6417041939754466,4.8983975494289105,0.2182013470046309,0.19593590197622096
70.99536799536894,9.0,70.99536799536894,4.999913893012033,0.13597692964923394,3.641704194050574,4.898397549372394,0.2182013468905839,0.19593590197488173
71.01536799536895,9.0,71.01536799536895,4.999913893013879,0.1359769307419466,3.6417041941420343,4.8983975495160745,0.21820134694531879,0.1959359019812944
71.03536799536896,9.0,71.03536799536896,4.999913893015719,0.13597693183052278,3.641704194229329,4.8983975495947005,0.2182013469187405,0.1959359019832042
71.05536799536895,9.0,71.05536799536895,4.999913893017552,0.13597693291483529,3.641704194314124,4.898397549649606,0.21820134691968773,0.19593590198658362
71.07536799536896,9.0,71.07536799536896,4.999913893019376,0.13597693399517874,3.6417041944048205,4.898397549774949,0.2182013469450772,0.1959359019909948
71.09536799536897,9.0,71.09536799536897,4.999913893021195,0.13597693507130978,3.6417041944894923,4.898397549840613,0.21820134692962556,0.19593590199359256
71.11536799536898,9.0,71.11536799536898,4.999913893023007,0.13597693614337386,3.641704194575339,4.898397549928248,0.21820134693800108,0.19593590199715583
71.135367995369,9.0,71.135367995369,4.999913893024812,0.13597693721130805,3.6417041946619633,4.898397550015579,0.2182013469426769,0.19593590200059097
71.15536799536899,9.0,71.15536799536899,4.999913893026609,0.13597693827525686,3.641704194746773,4.89839755010043,0.21820134694637305,0.19593590200403882
71.175367995369,9.0,71.175367995369,4.999913893028395,0.13597693933513125,3.6417041948322852,4.898397550185876,0.2182013469427635,0.19593590200683067
71.19536799536901,9.0,71.19536799536901,4.999913893030182,0.13597694039094887,3.641704194916903,4.898397550256523,0.21820134695348736,0.19593590201083236
71.21536799536901,9.0,71.21536799536901,4.999913893031957,0.13597694144280983,3.641704195004126,4.89839755037502,0.21820134697102933,0.19593590201500236
71.21636799536901,9.0,71.21636799536901,4.999913893032051,0.1359769414949108,3.6417041949882174,4.898397550178142,0.21820134677707426,0.1959359020071085
71.232367995369,9.0,71.232367995369,4.999913893033468,0.13597694233400623,3.6417041950910445,4.89839755059632,0.21820134713579087,0.19593590202388206
71.25236799536901,9.0,71.25236799536901,4.999913893035231,0.13597694337808375,3.6417041951578075,4.898397550503455,0.21820134695651694,0.1959359020200875
71.27236799536902,9.0,71.27236799536902,4.9999138930369815,0.13597694441855987,3.641704195243488,4.898397550614006,0.2182013469770845,0.19593590202453462
71.29236799536903,9.0,71.29236799536903,4.999913893038733,0.1359769454550206,3.6417041953252673,4.898397550675524,0.21820134696344962,0.19593590202700084
71.31236799536904,9.0,71.31236799536904,4.999913893040474,0.13597694648756034,3.641704195407786,4.898397550760587,0.21820134697331017,0.19593590203045072
71.33236799536904,9.0,71.33236799536904,4.999913893042213,0.13597694751612957,3.641704195490947,4.898397550844611,0.21820134697880178,0.1959359020338168
71.35236799536905,9.0,71.35236799536905,4.999913893043943,0.13597694854081668,3.6417041955730207,4.898397550926687,0.21820134697471527,0.19593590203648828
71.37236799536906,9.0,71.37236799536906,4.9999138930456635,0.13597694956161202,3.6417041956542864,4.898397550993832,0.21820134698534854,0.1959359020403827
71.39236799536906,9.0,71.39236799536906,4.999913893047382,0.13597695057854564,3.641704195739317,4.898397551110139,0.2182013470025086,0.19593590204440134
71.41236799536907,9.0,71.41236799536907,4.999913893049089,0.13597695159154274,3.6417041958185736,4.898397551169607,0.21820134698592986,0.19593590204678651
71.43236799536908,9.0,71.43236799536908,4.9999138930507945,0.13597695260072923,3.6417041958998366,4.898397551252725,0.21820134698706006,0.19593590204951816
71.45236799536909,9.0,71.45236799536909,4.999913893052491,0.13597695360601958,3.641704195979459,4.898397551319042,0.21820134699880311,0.19593590205336053
71.4723679953691,9.0,71.4723679953691,4.999913893054181,0.13597695460758166,3.6417041960635013,4.898397551434379,0.21820134701614924,0.19593590205733594
71.47336799536909,9.0,71.47336799536909,4.999913893054269,0.13597695465713885,3.6417041960471397,4.898397551237083,0.21820134672007985,0.19593590204519032
71.4893679953691,9.0,71.4893679953691,4.999913893055616,0.13597695545613508,3.641704196146361,4.8983975516297065,0.2182013471668136,0.1959359020651647
71.50936799536909,9.0,71.50936799536909,4.999913893057289,0.13597695645024874,3.641704196209393,4.898397551559235,0.2182013470106754,0.1959359020624007
71.5293679953691,9.0,71.5293679953691,4.99991389305896,0.13597695744097088,3.641704196291034,4.898397551662336,0.21820134703042582,0.19593590206710132
71.54936799536911,9.0,71.54936799536911,4.999913893060625,0.13597695842785917,3.6417041963709886,4.898397551735343,0.2182013470148183,0.1959359020693542
71.5693679953691,9.0,71.5693679953691,4.999913893062284,0.13597695941096422,3.641704196448187,4.8983975517975855,0.21820134701047955,0.19593590207189973
71.58936799536912,9.0,71.58936799536912,4.999913893063939,0.13597696039034418,3.6417041965278,4.898397551880628,0.21820134702132687,0.1959359020751851
71.60936799536913,9.0,71.60936799536913,4.999913893065582,0.13597696136596119,3.6417041966057395,4.89839755195937,0.21820134702560656,0.19593590207834724
71.62936799536914,9.0,71.62936799536914,4.999913893067221,0.1359769623379337,3.641704196683869,4.898397552037448,0.21820134702153604,0.1959359020808655
71.64936799536915,9.0,71.64936799536915,4.999913893068852,0.13597696330613723,3.641704196760839,4.898397552100457,0.21820134703226302,0.19593590208462008
71.66936799536914,9.0,71.66936799536914,4.999913893070481,0.1359769642707582,3.6417041968415895,4.898397552212443,0.2182013470489239,0.19593590208844763
71.68936799536915,9.0,71.68936799536915,4.999913893072098,0.13597696523156366,3.6417041969160717,4.898397552267114,0.21820134702565497,0.19593590209011255
71.70936799536916,9.0,71.70936799536916,4.999913893073716,0.13597696618877803,3.6417041969933543,4.898397552332113,0.21820134704083438,0.19593590209386214
71.72936799536916,9.0,71.72936799536916,4.999913893075323,0.13597696714233662,3.641704197072481,4.89839755244328,0.21820134705212446,0.19593590209712428
71.73036799536916,9.0,71.73036799536916,4.999913893075408,0.13597696718931918,3.6417041970451645,4.898397552138821,0.21820134676246816,0.19593590208552514
71.74636799536916,9.0,71.74636799536916,4.999913893076689,0.1359769679505067,3.641704197161498,4.898397552730387,0.21820134732545116,0.19593590211018516
71.76636799536917,9.0,71.76636799536917,4.999913893078279,0.1359769688968392,3.641704197213419,4.898397552585109,0.21820134706365124,0.19593590210337822
71.78636799536918,9.0,71.78636799536918,4.999913893079869,0.1359769698400818,3.6417041972887083,4.898397552655331,0.2182013470478701,0.19593590210560513
71.80636799536919,9.0,71.80636799536919,4.999913893081454,0.13597697077967408,3.641704197362487,4.8983975526975705,0.2182013470485611,0.19593590210848555
71.8263679953692,9.0,71.8263679953692,4.999913893083032,0.1359769717157663,3.641704197440454,4.898397552810437,0.21820134707379202,0.19593590211240386
71.84636799536919,9.0,71.84636799536919,4.999913893084602,0.13597697264823072,3.641704197513225,4.89839755286423,0.21820134705897676,0.19593590211459266
71.8663679953692,9.0,71.8663679953692,4.999913893086171,0.13597697357718683,3.6417041975892785,4.898397552942085,0.21820134706656313,0.19593590211765155
71.88636799536921,9.0,71.88636799536921,4.999913893087729,0.1359769745025844,3.641704197663449,4.898397553017005,0.21820134707086547,0.19593590212068318
71.90636799536921,9.0,71.90636799536921,4.999913893089283,0.1359769754244355,3.64170419773748,4.8983975530910815,0.21820134707368855,0.19593590212363204
71.92636799536922,9.0,71.92636799536922,4.999913893090827,0.13597697634276804,3.641704197810461,4.898397553164028,0.21820134707693128,0.19593590212660164
71.94636799536923,9.0,71.94636799536923,4.999913893092374,0.13597697725763125,3.6417041978847258,4.898397553238224,0.21820134708003325,0.19593590212951956
71.96636799536924,9.0,71.96636799536924,4.9999138930939075,0.1359769781689695,3.6417041979580054,4.8983975533116,0.2182013470833195,0.1959359021324747
71.98636799536925,9.0,71.98636799536925,4.999913893095435,0.1359769790768751,3.6417041980319174,4.8983975533854744,0.21820134708639083,0.1959359021353985
71.98736799536924,9.0,71.98736799536924,4.999913893095515,0.1359769791217811,3.641704198015453,4.898397553196138,0.21820134679856906,0.19593590212352452
72.00336799536925,9.0,72.00336799536925,4.999913893096734,0.1359769798461471,3.641704198108947,4.898397553598945,0.21820134727374363,0.19593590214491735
72.02336799536924,9.0,72.02336799536924,4.999913893098249,0.1359769807473602,3.6417041981666918,4.898397553532084,0.2182013470942361,0.1959359021406149
72.04336799536925,9.0,72.04336799536925,4.9999138930997615,0.13597698164538866,3.6417041982383718,4.898397553592397,0.21820134709925032,0.1959359021443052
72.06336799536926,9.0,72.06336799536926,4.999913893101267,0.13597698254001517,3.6417041983112903,4.898397553678092,0.21820134710285188,0.19593590214709283
72.08336799536926,9.0,72.08336799536926,4.999913893102766,0.13597698343122505,3.6417041983817016,4.898397553731756,0.21820134709444794,0.1959359021492824
72.10336799536927,9.0,72.10336799536927,4.9999138931042655,0.13597698431901337,3.641704198452616,4.898397553805445,0.2182013471035651,0.1959359021522457
72.12336799536928,9.0,72.12336799536928,4.999913893105754,0.13597698520344648,3.6417041985240424,4.898397553877635,0.21820134710818362,0.1959359021551387
72.14336799536929,9.0,72.14336799536929,4.999913893107236,0.1359769860845379,3.641704198596072,4.898397553949648,0.21820134711104489,0.1959359021579817
72.1633679953693,9.0,72.1633679953693,4.999913893108715,0.13597698696218907,3.641704198665982,4.898397554019551,0.21820134711309924,0.195935902160774
72.1833679953693,9.0,72.1833679953693,4.999913893110189,0.13597698783652853,3.6417041987362597,4.898397554089748,0.21820134711608397,0.19593590216358395
72.2033679953693,9.0,72.2033679953693,4.999913893111655,0.1359769887075419,3.641704198806385,4.898397554159907,0.21820134711936445,0.19593590216640416
72.22336799536932,9.0,72.22336799536932,4.999913893113117,0.13597698957523205,3.641704198876736,4.8983975542302005,0.21820134712237893,0.1959359021691991
72.24336799536931,9.0,72.24336799536931,4.999913893114568,0.13597699043960207,3.6417041989460186,4.898397554299564,0.21820134712529304,0.19593590217199
72.24436799536932,9.0,72.24436799536932,4.999913893114644,0.13597699048234393,3.641704198930007,4.898397554110565,0.21820134683839942,0.19593590216013254
72.26036799536932,9.0,72.26036799536932,4.9999138931158065,0.13597699117203244,3.6417041990206243,4.898397554510702,0.21820134731289942,0.1959359021814011
72.28036799536932,9.0,72.28036799536932,4.999913893117249,0.13597699202999364,3.6417041990750922,4.898397554440482,0.21820134713317252,0.1959359021769631
72.30036799536933,9.0,72.30036799536933,4.999913893118687,0.13597699288500073,3.64170419914308,4.898397554497082,0.21820134713796335,0.19593590218051338
72.32036799536934,9.0,72.32036799536934,4.999913893120117,0.13597699373675462,3.6417041992122985,4.898397554579077,0.21820134714142947,0.19593590218315807
72.34036799536935,9.0,72.34036799536935,4.999913893121548,0.13597699458521648,3.641704199278847,4.898397554628849,0.21820134713232608,0.19593590218515416
72.36036799536934,9.0,72.36036799536934,4.999913893122971,0.13597699543048733,3.641704199347087,4.898397554699903,0.2182013471418136,0.19593590218800885
72.38036799536935,9.0,72.38036799536935,4.999913893124385,0.13597699627253831,3.6417041994153827,4.898397554768949,0.21820134714550443,0.1959359021907168
72.40036799536936,9.0,72.40036799536936,4.999913893125794,0.13597699711133807,3.641704199482812,4.898397554836345,0.21820134714850248,0.19593590219346188
72.42036799536936,9.0,72.42036799536936,4.9999138931272045,0.13597699794696025,3.6417041995503032,4.898397554903848,0.21820134715111594,0.19593590219614843
72.44036799536937,9.0,72.44036799536937,4.999913893128601,0.13597699877933542,3.6417041996163984,4.898397554969938,0.21820134715346118,0.195935902198798
72.46036799536938,9.0,72.46036799536938,4.999913893129999,0.1359769996086338,3.641704199684064,4.898397555037567,0.2182013471565245,0.19593590220146415
72.48036799536939,9.0,72.48036799536939,4.999913893131389,0.13597700043466696,3.6417041997495923,4.898397555103125,0.21820134715945372,0.19593590220414803
72.5003679953694,9.0,72.5003679953694,4.9999138931327725,0.13597700125760928,3.641704199816128,4.898397555169549,0.21820134716267336,0.1959359022068116
72.50136799536939,9.0,72.50136799536939,4.999913893132844,0.13597700129831647,3.6417041998011976,4.898397554981461,0.21820134687506254,0.1959359021949067
72.5173679953694,9.0,72.5173679953694,4.9999138931339475,0.13597700195497267,3.6417041998890807,4.898397555379371,0.21820134734971042,0.19593590221610732
72.53736799536941,9.0,72.53736799536941,4.99991389313532,0.1359770027717414,3.6417041999385247,4.89839755530394,0.2182013471699582,0.19593590221157212
72.5573679953694,9.0,72.5573679953694,4.9999138931366875,0.13597700358579215,3.641704200005028,4.89839755535892,0.2182013471749027,0.1959359022149666
72.57736799536941,9.0,72.57736799536941,4.999913893138053,0.13597700439665475,3.6417042000699076,4.898397555436687,0.21820134717831596,0.1959359022175129
72.59736799536941,9.0,72.59736799536941,4.99991389313941,0.13597700520445094,3.6417042001343582,4.898397555484381,0.21820134716909756,0.19593590221936422
72.61736799536942,9.0,72.61736799536942,4.999913893140765,0.13597700600912918,3.641704200198639,4.898397555551464,0.21820134717796957,0.195935902222075
72.63736799536943,9.0,72.63736799536943,4.999913893142114,0.13597700681079378,3.6417042002630096,4.898397555616499,0.2182013471820894,0.1959359022246907
72.65736799536944,9.0,72.65736799536944,4.999913893143455,0.13597700760938097,3.6417042003281357,4.898397555681684,0.21820134718466333,0.19593590222725624
72.67736799536945,9.0,72.67736799536945,4.999913893144794,0.13597700840490515,3.6417042003915743,4.8983975557451185,0.21820134718714312,0.1959359022298343
72.69736799536945,9.0,72.69736799536945,4.999913893146125,0.1359770091974114,3.641704200455779,4.898397555809278,0.21820134718998263,0.19593590223239382
72.71736799536946,9.0,72.71736799536946,4.999913893147453,0.1359770099868532,3.641704200519269,4.898397555872764,0.2182013471925499,0.19593590223493124
72.73736799536947,9.0,72.73736799536947,4.999913893148774,0.13597701077329344,3.641704200582199,4.898397555935706,0.21820134719492623,0.19593590223743657
72.75736799536946,9.0,72.75736799536946,4.99991389315009,0.13597701155675318,3.6417042006457803,4.898397555999257,0.2182013471977462,0.1959359022399598
72.75836799536947,9.0,72.75836799536947,4.99991389315016,0.13597701159547956,3.6417042006301266,4.898397555810528,0.21820134691030724,0.195935902228077
72.77436799536947,9.0,72.77436799536947,4.99991389315121,0.13597701222066,3.641704200715039,4.8983975562051825,0.2182013473854112,0.19593590224920296
72.79436799536948,9.0,72.79436799536948,4.999913893152514,0.13597701299827455,3.641704200762899,4.8983975561282485,0.21820134720484408,0.19593590224447
72.8143679953695,9.0,72.8143679953695,4.999913893153818,0.13597701377317964,3.641704200823457,4.898397556177383,0.2182013472092339,0.19593590224773969
72.83436799536949,9.0,72.83436799536949,4.999913893155115,0.13597701454517377,3.641704200886835,4.8983975562535935,0.21820134721295847,0.1959359022501384
72.8543679953695,9.0,72.8543679953695,4.999913893156408,0.13597701531420192,3.6417042009481553,4.898397556298146,0.21820134720378093,0.19593590225190227
72.8743679953695,9.0,72.8743679953695,4.999913893157694,0.13597701608030485,3.6417042010098934,4.898397556362661,0.21820134721240203,0.19593590225448868
72.8943679953695,9.0,72.8943679953695,4.999913893158977,0.13597701684347516,3.6417042010707554,4.898397556424286,0.21820134721602358,0.19593590225696705
72.91436799536952,9.0,72.91436799536952,4.999913893160253,0.1359770176036929,3.641704201131564,4.898397556485088,0.21820134721872098,0.19593590225942703
72.93436799536951,9.0,72.93436799536951,4.999913893161528,0.1359770183610918,3.6417042011934306,4.898397556546866,0.21820134722145523,0.19593590226187643
72.95436799536952,9.0,72.95436799536952,4.999913893162793,0.13597701911551965,3.641704201253461,4.898397556606956,0.21820134722363616,0.19593590226429541
72.97436799536953,9.0,72.97436799536953,4.999913893164057,0.13597701986711366,3.641704201314975,4.89839755666845,0.21820134722664397,0.19593590226674232
72.99436799536954,9.0,72.99436799536954,4.999913893165315,0.13597702061580594,3.641704201374301,4.898397556727765,0.21820134722888884,0.1959359022691487
73.01436799536955,9.0,73.01436799536955,4.999913893166567,0.13597702136162812,3.6417042014340986,4.89839755678759,0.21820134723142282,0.19593590227152946
73.01536799536954,9.0,73.01536799536954,4.999913893166634,0.1359770213984771,3.6417042014188343,4.898397556599148,0.21820134694521354,0.1959359022596725
73.03136799536955,9.0,73.03136799536955,4.999913893167632,0.13597702199371317,3.6417042015015024,4.898397556991726,0.2182013474182729,0.19593590228060592
73.05136799536956,9.0,73.05136799536956,4.999913893168872,0.13597702273396284,3.641704201546556,4.8983975569118705,0.21820134723879736,0.19593590227585334
73.07136799536957,9.0,73.07136799536957,4.999913893170109,0.13597702347170437,3.6417042016049797,4.898397556958887,0.2182013472429465,0.19593590227900098
73.09136799536957,9.0,73.09136799536957,4.999913893171343,0.13597702420666927,3.6417042016654895,4.8983975570322205,0.21820134724614482,0.1959359022812723
73.11136799536956,9.0,73.11136799536956,4.999913893172575,0.13597702493870445,3.6417042017216747,4.898397557071687,0.21820134723644813,0.19593590228289454
73.13136799536957,9.0,73.13136799536957,4.999913893173799,0.13597702566804126,3.641704201780955,4.898397557133663,0.21820134723823426,0.1959359022847386
73.15136799536958,9.0,73.15136799536958,4.9999138931750196,0.1359770263945721,3.641704201839125,4.898397557178506,0.21820134724921125,0.19593590228772384
73.1713679953696,9.0,73.1713679953696,4.999913893176235,0.1359770271183424,3.6417042018993393,4.898397557270273,0.21820134726540408,0.19593590229083677
73.1913679953696,9.0,73.1913679953696,4.999913893177447,0.13597702783928992,3.6417042019550174,4.898397557305814,0.21820134724773244,0.19593590229226915
73.2113679953696,9.0,73.2113679953696,4.99991389317865,0.13597702855755314,3.6417042020144104,4.898397557367076,0.2182013472551807,0.1959359022946699
73.23136799536961,9.0,73.23136799536961,4.999913893179854,0.13597702927301245,3.6417042020710224,4.898397557424515,0.2182013472512887,0.19593590229638072
73.25136799536962,9.0,73.25136799536962,4.9999138931810485,0.13597702998575362,3.6417042021273165,4.89839755746664,0.21820134726136642,0.19593590229930827
73.27136799536962,9.0,73.27136799536962,4.999913893182241,0.1359770306958272,3.64170420218752,4.89839755755841,0.21820134727797091,0.1959359023023733
73.27236799536962,9.0,73.27236799536962,4.999913893182304,0.13597703073087114,3.641704202170539,4.898397557360319,0.21820134698121407,0.19593590229011515
73.28836799536963,9.0,73.28836799536963,4.999913893183255,0.13597703129750668,3.64170420225038,4.89839755773362,0.21820134744125674,0.19593590231030258
73.30836799536964,9.0,73.30836799536964,4.999913893184438,0.13597703200221564,3.641704202291856,4.898397557656022,0.2182013472696651,0.19593590230561606
73.32836799536965,9.0,73.32836799536965,4.9999138931856155,0.13597703270451866,3.641704202347632,4.8983975577015295,0.2182013472749369,0.19593590230867947
73.34836799536964,9.0,73.34836799536964,4.999913893186791,0.1359770334041572,3.6417042024056,4.898397557772365,0.21820134727806684,0.1959359023108717
73.36836799536965,9.0,73.36836799536965,4.999913893187957,0.13597703410108775,3.6417042024596262,4.8983975578096235,0.21820134726798068,0.19593590231238633
73.38836799536965,9.0,73.38836799536965,4.999913893189122,0.13597703479537288,3.641704202515933,4.898397557868628,0.21820134727702012,0.19593590231476765
73.40836799536966,9.0,73.40836799536966,4.999913893190285,0.13597703548699921,3.641704202571273,4.898397557924739,0.2182013472804054,0.1959359023170115
73.42836799536967,9.0,73.42836799536967,4.999913893191438,0.13597703617598103,3.6417042026267366,4.898397557980225,0.21820134727525797,0.19593590231860586
73.44836799536967,9.0,73.44836799536967,4.999913893192591,0.1359770368623118,3.6417042026818174,4.898397558021064,0.21820134728479657,0.1959359023214368
73.46836799536968,9.0,73.46836799536968,4.999913893193738,0.13597703754610801,3.6417042027393265,4.898397558110155,0.21820134730064877,0.19593590232438846
73.48836799536969,9.0,73.48836799536969,4.999913893194883,0.13597703822717777,3.641704202792192,4.898397558143002,0.21820134728332619,0.1959359023257332
73.5083679953697,9.0,73.5083679953697,4.999913893196021,0.13597703890569815,3.6417042028465163,4.898397558199143,0.2182013472905444,0.19593590232801056
73.5283679953697,9.0,73.5283679953697,4.9999138931971565,0.13597703958161236,3.6417042029012956,4.898397558254663,0.21820134729458118,0.1959359023302262
73.5293679953697,9.0,73.5293679953697,4.999913893197219,0.13597703961497898,3.641704202885735,4.898397558065951,0.21820134700713467,0.1959359023183015
73.5453679953697,9.0,73.5453679953697,4.999913893198119,0.13597704015442477,3.6417042029635653,4.898397558453754,0.21820134748093034,0.19593590233911629
73.56536799536971,9.0,73.56536799536971,4.999913893199241,0.1359770408252814,3.6417042030028894,4.8983975583682655,0.2182013473005151,0.19593590233408795
73.58536799536972,9.0,73.58536799536972,4.999913893200365,0.13597704149377943,3.6417042030549265,4.89839755840874,0.21820134730410645,0.1959359023369798
73.60536799536972,9.0,73.60536799536972,4.999913893201482,0.13597704215984774,3.6417042031101428,4.898397558476818,0.2182013473079305,0.19593590233907232
73.62536799536973,9.0,73.62536799536973,4.999913893202593,0.135977042823287,3.641704203162492,4.89839755851246,0.21820134729791363,0.195935902340465
73.64536799536974,9.0,73.64536799536974,4.9999138932037015,0.13597704348419645,3.6417042032154217,4.898397558568115,0.21820134730671548,0.19593590234275035
73.66536799536973,9.0,73.66536799536973,4.9999138932048055,0.1359770441425989,3.6417042032685525,4.898397558621991,0.2182013473098534,0.19593590234486682
73.68536799536975,9.0,73.68536799536975,4.999913893205909,0.13597704479848272,3.641704203321846,4.89839755867527,0.21820134731192198,0.19593590234698258
73.70536799536976,9.0,73.70536799536976,4.999913893207003,0.13597704545185987,3.6417042033737452,4.898397558727214,0.21820134731358287,0.1959359023490666
73.72536799536975,9.0,73.72536799536975,4.999913893208094,0.13597704610272177,3.6417042034261056,4.898397558779561,0.21820134731596585,0.19593590235116773
73.74536799536976,9.0,73.74536799536976,4.99991389320918,0.13597704675110303,3.6417042034778935,4.898397558831305,0.2182013473181179,0.1959359023532442
73.76536799536977,9.0,73.76536799536977,4.999913893210265,0.13597704739701266,3.641704203530327,4.898397558883755,0.21820134732062035,0.19593590235533412
73.78536799536977,9.0,73.78536799536977,4.999913893211343,0.1359770480403862,3.64170420358203,4.898397558935438,0.21820134732288832,0.19593590235741945
73.78636799536977,9.0,73.78636799536977,4.9999138932113985,0.13597704807214173,3.6417042035655127,4.8983975587458914,0.21820134703548266,0.19593590234550967
73.80236799536978,9.0,73.80236799536978,4.999913893212261,0.13597704858571788,3.6417042036414777,4.8983975591314435,0.218201347509964,0.19593590236624914
73.82236799536979,9.0,73.82236799536979,4.99991389321333,0.13597704922428364,3.6417042036782243,4.898397559043507,0.2182013473296074,0.19593590236111283
73.8423679953698,9.0,73.8423679953698,4.999913893214394,0.13597704986071035,3.6417042037294833,4.898397559083293,0.21820134733309393,0.19593590236390565
73.8623679953698,9.0,73.8623679953698,4.999913893215461,0.1359770504947179,3.6417042037809155,4.898397559147613,0.21820134733628382,0.19593590236590783
73.8823679953698,9.0,73.8823679953698,4.999913893216518,0.13597705112626432,3.6417042038299994,4.898397559179983,0.2182013473189901,0.1959359023665782
73.90236799536981,9.0,73.90236799536981,4.99991389321757,0.13597705175539201,3.641704203879849,4.898397559218339,0.21820134733519403,0.19593590236936897
73.92236799536983,9.0,73.92236799536983,4.999913893218624,0.13597705238219995,3.6417042039335517,4.898397559304409,0.21820134735235008,0.19593590237216213
73.94236799536982,9.0,73.94236799536982,4.999913893219669,0.13597705300649676,3.641704203981987,4.898397559332863,0.21820134733429208,0.19593590237331115
73.96236799536982,9.0,73.96236799536982,4.999913893220714,0.13597705362845933,3.6417042040319405,4.8983975593845805,0.218201347340941,0.19593590237540195
73.98236799536983,9.0,73.98236799536983,4.999913893221749,0.1359770542480286,3.6417042040816816,4.898397559435088,0.218201347336914,0.19593590237678413
74.00236799536984,9.0,74.00236799536984,4.999913893222783,0.13597705486519948,3.64170420413024,4.89839755946954,0.21820134734615904,0.1959359023793691
74.02236799536985,9.0,74.02236799536985,4.999913893223815,0.13597705548011169,3.6417042041830134,4.898397559553834,0.21820134736247088,0.19593590238213512
74.04236799536986,9.0,74.04236799536986,4.999913893224841,0.13597705609256214,3.6417042042296672,4.898397559580459,0.21820134734446262,0.19593590238323677
74.04336799536986,9.0,74.04336799536986,4.999913893224897,0.13597705612272648,3.6417042042131937,4.898397559392086,0.2182013470592521,0.19593590237138309
74.05936799536985,9.0,74.05936799536985,4.999913893225714,0.13597705661167211,3.6417042042882857,4.8983975597790765,0.21820134753838705,0.19593590239212294
74.07936799536986,9.0,74.07936799536986,4.999913893226729,0.1359770572195497,3.641704204322683,4.898397559688171,0.2182013473578035,0.1959359023868939
74.09936799536987,9.0,74.09936799536987,4.999913893227745,0.13597705782533412,3.6417042043706878,4.898397559724518,0.21820134736069496,0.19593590238958453
74.11936799536987,9.0,74.11936799536987,4.9999138932287535,0.13597705842887498,3.6417042044194985,4.898397559786202,0.21820134736355046,0.1959359023914637
74.13936799536988,9.0,74.13936799536988,4.999913893229762,0.13597705903001997,3.6417042044664774,4.898397559816407,0.21820134735355756,0.1959359023926556
74.15936799536989,9.0,74.15936799536989,4.999913893230768,0.1359770596289258,3.6417042045147014,4.898397559867393,0.21820134735458874,0.1959359023940808
74.1793679953699,9.0,74.1793679953699,4.999913893231769,0.13597706022551337,3.64170420456227,4.898397559901546,0.21820134736560837,0.19593590239668512
74.1993679953699,9.0,74.1993679953699,4.999913893232762,0.13597706081988625,3.6417042046123247,4.898397559983166,0.2182013473811013,0.19593590239935066
74.21936799536991,9.0,74.21936799536991,4.999913893233753,0.13597706141190796,3.6417042046582906,4.898397560009096,0.21820134735545738,0.1959359023997358
74.2393679953699,9.0,74.2393679953699,4.9999138932347424,0.1359770620016208,3.6417042047046944,4.898397560043167,0.2182013473696771,0.1959359024023559
74.25936799536991,9.0,74.25936799536991,4.9999138932357265,0.13597706258924094,3.641704204754785,4.898397560125613,0.21820134738713737,0.19593590240503914
74.27936799536992,9.0,74.27936799536992,4.999913893236706,0.13597706317443306,3.6417042048004125,4.898397560151212,0.218201347369122,0.19593590240604414
74.29936799536992,9.0,74.29936799536992,4.999913893237682,0.13597706375749552,3.6417042048473385,4.898397560200001,0.21820134737598762,0.19593590240803457
74.30036799536994,9.0,74.30036799536994,4.999913893237738,0.13597706378619587,3.6417042048312,4.898397560011067,0.21820134708925654,0.19593590239612269
74.31636799536993,9.0,74.31636799536993,4.999913893238517,0.13597706425162465,3.6417042049031147,4.898397560393414,0.21820134756362242,0.19593590241669528
74.33636799536994,9.0,74.33636799536994,4.99991389323948,0.13597706483021066,3.6417042049345705,4.898397560299902,0.2182013473826836,0.1959359024113439
74.35636799536995,9.0,74.35636799536995,4.999913893240447,0.13597706540689425,3.641704204980207,4.898397560334026,0.218201347386354,0.19593590241396552
74.37636799536995,9.0,74.37636799536995,4.99991389324141,0.13597706598141318,3.641704205028296,4.89839756039491,0.21820134738949815,0.1959359024157621
74.39636799536996,9.0,74.39636799536996,4.999913893242366,0.13597706655362737,3.6417042050719894,4.898397560421942,0.21820134737167107,0.19593590241624295
74.41636799536997,9.0,74.41636799536997,4.999913893243324,0.13597706712369953,3.6417042051169117,4.898397560455427,0.21820134738772579,0.1959359024188437
74.43636799536998,9.0,74.43636799536998,4.999913893244273,0.13597706769166135,3.6417042051657016,4.8983975605365675,0.21820134739764407,0.19593590242084669
74.45636799536997,9.0,74.45636799536997,4.999913893245219,0.13597706825731126,3.6417042052081796,4.898397560544836,0.21820134738624475,0.19593590242237952
74.47636799536998,9.0,74.47636799536998,4.999913893246164,0.13597706882094338,3.6417042052558073,4.898397560625848,0.2182013473997828,0.1959359024244527
74.49636799536998,9.0,74.49636799536998,4.999913893247104,0.1359770693822652,3.641704205298839,4.89839756063545,0.21820134739026686,0.1959359024260015
74.51636799536999,9.0,74.51636799536999,4.99991389324804,0.13597706994159706,3.6417042053469264,4.898397560717004,0.21820134741084063,0.19593590242865908
74.53636799537,9.0,74.53636799537,4.999913893248974,0.1359770704986902,3.641704205390619,4.898397560741395,0.21820134739451547,0.19593590242965242
74.55636799537001,9.0,74.55636799537001,4.9999138932499045,0.13597707105365142,3.6417042054347886,4.898397560787429,0.2182013474002953,0.1959359024314767
74.55736799537002,9.0,74.55736799537002,4.999913893249955,0.13597707108094742,3.64170420541792,4.8983975605979175,0.2182013471138342,0.19593590241959927
74.57336799537,9.0,74.57336799537,4.999913893250694,0.13597707152399344,3.6417042054882396,4.898397560978409,0.21820134758869925,0.19593590244011144
74.59336799537002,9.0,74.59336799537002,4.999913893251612,0.13597707207475535,3.6417042055177626,4.898397560883071,0.21820134740778618,0.19593590243467218
74.61336799537003,9.0,74.61336799537003,4.999913893252532,0.1359770726236804,3.641704205561276,4.898397560915037,0.21820134741162756,0.1959359024372391
74.63336799537002,9.0,74.63336799537002,4.999913893253448,0.13597707317052143,3.6417042056061373,4.898397560972795,0.21820134741469355,0.19593590243895598
74.65336799537003,9.0,74.65336799537003,4.999913893254358,0.13597707371524806,3.6417042056482862,4.898397560998254,0.21820134740425523,0.1959359024399583
74.67336799537004,9.0,74.67336799537004,4.9999138932552665,0.13597707425786607,3.6417042056924154,4.898397561045059,0.21820134741255437,0.19593590244183293
74.69336799537005,9.0,74.69336799537005,4.999913893256171,0.13597707479846452,3.641704205736064,4.898397561089488,0.21820134741517228,0.1959359024435717
74.71336799537005,9.0,74.71336799537005,4.999913893257073,0.13597707533692538,3.6417042057791456,4.898397561132601,0.21820134741692865,0.19593590244532322
74.73336799537006,9.0,74.73336799537006,4.999913893257971,0.1359770758734154,3.6417042058233413,4.8983975611767185,0.2182013474184794,0.19593590244703715
74.75336799537007,9.0,74.75336799537007,4.9999138932588645,0.13597707640776033,3.6417042058662163,4.898397561219606,0.21820134742044095,0.1959359024487989
74.77336799537007,9.0,74.77336799537007,4.999913893259756,0.13597707694009017,3.6417042059086073,4.898397561261981,0.2182013474221285,0.19593590245050682
74.79336799537008,9.0,74.79336799537008,4.999913893260644,0.13597707747040272,3.6417042059519282,4.898397561305233,0.2182013474167972,0.1959359024515964
74.81336799537007,9.0,74.81336799537007,4.999913893261527,0.1359770779986323,3.641704205992307,4.898397561331488,0.21820134742538722,0.1959359024538808
74.81436799537009,9.0,74.81436799537009,4.999913893261577,0.13597707802482198,3.641704205986952,4.898397561256967,0.21820134724236162,0.19593590244597497
74.83036799537008,9.0,74.83036799537008,4.999913893262282,0.13597707844624807,3.64170420603786,4.8983975614686415,0.21820134753184384,0.19593590245970086
74.85036799537009,9.0,74.85036799537009,4.9999138932631535,0.13597707897060668,3.64170420607241,4.8983975614269974,0.21820134741918062,0.1959359024563976
74.8703679953701,9.0,74.8703679953701,4.999913893264028,0.135977079493114,3.6417042061144174,4.898397561468721,0.21820134743648056,0.19593590245935213
74.8903679953701,9.0,74.8903679953701,4.999913893264901,0.1359770800136398,3.641704206156912,4.898397561523905,0.21820134743085973,0.1959359024603236
74.91036799537011,9.0,74.91036799537011,4.999913893265764,0.13597708053207627,3.641704206195877,4.898397561531717,0.2182013474203548,0.19593590246128265
74.93036799537012,9.0,74.93036799537012,4.999913893266632,0.13597708104865125,3.6417042062396847,4.898397561595568,0.21820134744987074,0.19593590246446174
74.95036799537013,9.0,74.95036799537013,4.999913893267492,0.13597708156319735,3.641704206282322,4.898397561650519,0.2182013474468265,0.19593590246603992
74.97036799537013,9.0,74.97036799537013,4.999913893268352,0.1359770820757559,3.641704206321862,4.8983975616719375,0.2182013474325033,0.19593590246685647
74.99036799537014,9.0,74.99036799537014,4.999913893269205,0.1359770825863854,3.641704206363326,4.898397561715886,0.2182013474407274,0.1959359024686603
75.01036799537015,9.0,75.01036799537015,4.9999138932700555,0.13597708309501044,3.641704206403421,4.898397561756787,0.21820134744327468,0.1959359024702848
75.03036799537016,9.0,75.03036799537016,4.999913893270901,0.1359770836017106,3.6417042064444307,4.898397561797854,0.21820134743789898,0.19593590247130305
75.05036799537015,9.0,75.05036799537015,4.999913893271746,0.1359770841064234,3.6417042064839555,4.898397561823167,0.21820134743991693,0.19593590247296533
75.07036799537016,9.0,75.07036799537016,4.999913893272589,0.1359770846092999,3.641704206526245,4.898397561882867,0.21820134746220798,0.19593590247590734
75.07136799537017,9.0,75.07136799537017,4.999913893272636,0.13597708463423008,3.6417042065189653,4.898397561798602,0.21820134726928764,0.19593590246764958
75.08736799537016,9.0,75.08736799537016,4.999913893273306,0.13597708503535347,3.641704206567986,4.8983975619917475,0.21820134754540677,0.19593590248063686
75.10736799537017,9.0,75.10736799537017,4.999913893274137,0.13597708553441096,3.641704206599735,4.89839756195323,0.21820134744174569,0.19593590247752268
75.12736799537018,9.0,75.12736799537018,4.999913893274968,0.13597708603176692,3.6417042066402683,4.898397561994626,0.21820134745957853,0.19593590248037693
75.14736799537017,9.0,75.14736799537017,4.999913893275798,0.13597708652723106,3.64170420668067,4.898397562047673,0.21820134746136466,0.195935902481942
75.16736799537018,9.0,75.16736799537018,4.999913893276622,0.135977087020779,3.6417042067199517,4.898397562069867,0.2182013474502531,0.19593590248279535
75.1873679953702,9.0,75.1873679953702,4.9999138932774425,0.13597708751242588,3.6417042067601724,4.898397562112724,0.21820134745714403,0.19593590248444695
75.2073679953702,9.0,75.2073679953702,4.999913893278264,0.13597708800219835,3.641704206799198,4.898397562152585,0.2182013474602047,0.1959359024860904
75.2273679953702,9.0,75.2273679953702,4.99991389327908,0.13597708849006426,3.6417042068383068,4.898397562191692,0.2182013474619353,0.19593590248767992
75.24736799537021,9.0,75.24736799537021,4.99991389327989,0.1359770889760663,3.6417042068772605,4.898397562230634,0.21820134745598097,0.19593590248860795
75.26736799537022,9.0,75.26736799537022,4.9999138932806995,0.13597708946018258,3.641704206914447,4.898397562253636,0.2182013474653166,0.19593590249081413
75.28736799537023,9.0,75.28736799537023,4.999913893281507,0.13597708994257593,3.6417042069572987,4.898397562328033,0.21820134747341413,0.19593590249247023
75.30736799537023,9.0,75.30736799537023,4.99991389328231,0.13597709042295852,3.6417042069927565,4.898397562329425,0.21820134746203257,0.19593590249375573
75.32736799537022,9.0,75.32736799537022,4.999913893283111,0.13597709090160684,3.6417042070332606,4.898397562403313,0.21820134748268538,0.19593590249617251
75.34736799537023,9.0,75.34736799537023,4.999913893283906,0.1359770913783302,3.6417042070699517,4.898397562420706,0.21820134746580955,0.195935902496838
75.36736799537024,9.0,75.36736799537024,4.999913893284701,0.1359770918532816,3.6417042071089956,4.898397562461558,0.21820134747227637,0.19593590249845477
75.36836799537025,9.0,75.36836799537025,4.999913893284744,0.135977091876602,3.641704207091936,4.898397562271814,0.21820134718549333,0.19593590248654683
75.38436799537025,9.0,75.38436799537025,4.9999138932853775,0.13597709225587093,3.6417042071575008,4.898397562647696,0.2182013476596878,0.1959359025068481
75.40436799537025,9.0,75.40436799537025,4.999913893286164,0.1359770927271506,3.6417042071801653,4.898397562545449,0.2182013474788027,0.19593590250119763
75.42436799537026,9.0,75.42436799537026,4.999913893286947,0.13597709319687717,3.6417042072173205,4.898397562571042,0.21820134748209208,0.19593590250347734
75.44436799537027,9.0,75.44436799537027,4.9999138932877285,0.13597709366489116,3.641704207256068,4.898397562622677,0.21820134748465891,0.19593590250491516
75.46436799537028,9.0,75.46436799537028,4.999913893288507,0.13597709413104186,3.641704207291964,4.898397562641841,0.21820134747393105,0.195935902505667
75.48436799537028,9.0,75.48436799537028,4.999913893289285,0.13597709459539084,3.6417042073289516,4.898397562681586,0.21820134748202813,0.19593590250729773
75.50436799537029,9.0,75.50436799537029,4.999913893290059,0.13597709505800284,3.6417042073674564,4.8983975627207785,0.21820134748500752,0.19593590250881826
75.5243679953703,9.0,75.5243679953703,4.99991389329083,0.13597709551882356,3.641704207403474,4.89839756275685,0.21820134748551112,0.1959359025102583
75.54436799537031,9.0,75.54436799537031,4.9999138932915965,0.13597709597790675,3.641704207440811,4.898397562794084,0.21820134748027797,0.19593590251115853
75.5643679953703,9.0,75.5643679953703,4.99991389329236,0.13597709643516867,3.6417042074760304,4.898397562815189,0.21820134748940267,0.19593590251327653
75.58436799537031,9.0,75.58436799537031,4.999913893293123,0.13597709689079934,3.641704207516536,4.898397562887251,0.2182013475043787,0.19593590251544593
75.60436799537031,9.0,75.60436799537031,4.999913893293882,0.13597709734454436,3.641704207551397,4.89839756290205,0.21820134748595166,0.19593590251605555
75.62436799537032,9.0,75.62436799537032,4.9999138932946385,0.13597709779658798,3.6417042075876234,4.898397562940163,0.21820134749204678,0.19593590251759163
75.62536799537033,9.0,75.62536799537033,4.999913893294682,0.1359770978187701,3.6417042075696444,4.898397562749682,0.21820134720440265,0.19593590250564594
75.64136799537033,9.0,75.64136799537033,4.999913893295283,0.13597709817980977,3.6417042076351143,4.898397563124992,0.21820134766627453,0.19593590252498858
75.66136799537033,9.0,75.66136799537033,4.999913893296027,0.13597709862832785,3.6417042076539645,4.898397563004659,0.21820134749901499,0.19593590252019102
75.68136799537034,9.0,75.68136799537034,4.999913893296774,0.1359770990754783,3.6417042076917596,4.898397563062823,0.21820134751581444,0.1959359025231176
75.70136799537035,9.0,75.70136799537035,4.999913893297518,0.13597709952093798,3.641704207727571,4.898397563091542,0.218201347498717,0.19593590252363377
75.72136799537036,9.0,75.72136799537036,4.999913893298258,0.13597709996458054,3.6417042077617716,4.8983975631108585,0.21820134748530062,0.19593590252379667
75.74136799537035,9.0,75.74136799537035,4.999913893298998,0.13597710040656852,3.641704207796459,4.898397563134877,0.2182013475018003,0.1959359025259877
75.76136799537036,9.0,75.76136799537036,4.999913893299734,0.13597710084695505,3.6417042078348287,4.898397563205641,0.2182013475184328,0.19593590252819323
75.78136799537037,9.0,75.78136799537037,4.999913893300464,0.13597710128550883,3.6417042078675568,4.898397563218355,0.21820134749223774,0.19593590252810938
75.80136799537038,9.0,75.80136799537038,4.999913893301195,0.13597710172243843,3.6417042079020963,4.898397563240525,0.21820134750582643,0.19593590253022428
75.82136799537038,9.0,75.82136799537038,4.9999138933019225,0.13597710215772893,3.641704207940045,4.898397563310795,0.21820134752282572,0.19593590253243345
75.84136799537039,9.0,75.84136799537039,4.999913893302648,0.13597710259127874,3.6417042079726127,4.898397563323312,0.2182013474970228,0.19593590253234192
75.8613679953704,9.0,75.8613679953704,4.99991389330337,0.13597710302319696,3.641704208006166,4.898397563344609,0.21820134751083664,0.19593590253445434
75.8813679953704,9.0,75.8813679953704,4.999913893304088,0.13597710345351985,3.641704208044204,4.898397563414901,0.21820134752758236,0.19593590253661297
75.8823679953704,9.0,75.8823679953704,4.999913893304129,0.13597710347460146,3.6417042080260793,4.898397563215711,0.21820134723028506,0.19593590252430015
75.8983679953704,9.0,75.8983679953704,4.999913893304702,0.13597710381825914,3.641704208087944,4.898397563571127,0.2182013476897855,0.19593590254377874
75.9183679953704,9.0,75.9183679953704,4.99991389330541,0.1359771042451783,3.641704208107624,4.898397563471677,0.21820134751779774,0.19593590253824555
75.93836799537041,9.0,75.93836799537041,4.999913893306121,0.13597710467073276,3.6417042081407343,4.898397563494639,0.2182013475217066,0.19593590254039778
75.95836799537042,9.0,75.95836799537042,4.999913893306831,0.1359771050947103,3.6417042081758857,4.898397563542457,0.21820134751673903,0.19593590254109428
75.97836799537043,9.0,75.97836799537043,4.999913893307533,0.1359771055169781,3.6417042082076154,4.898397563543293,0.21820134751316633,0.19593590254232995
75.99836799537043,9.0,75.99836799537043,4.999913893308239,0.135977105937738,3.6417042082437754,4.898397563613772,0.2182013475277893,0.19593590254397852
76.01836799537044,9.0,76.01836799537044,4.999913893308939,0.13597710635675225,3.641704208275493,4.89839756361209,0.21820134751061993,0.19593590254448273
76.03836799537045,9.0,76.03836799537045,4.999913893309637,0.13597710677425434,3.6417042083102515,4.898397563666112,0.2182013475298672,0.19593590254663593
76.05836799537046,9.0,76.05836799537046,4.999913893310328,0.1359771071901248,3.641704208343303,4.898397563697297,0.21820134753411624,0.19593590254851925
76.07836799537046,9.0,76.07836799537046,4.999913893311023,0.1359771076044279,3.64170420837767,4.898397563745111,0.21820134752715115,0.19593590254921417
76.09836799537047,9.0,76.09836799537047,4.999913893311711,0.13597710801705623,3.6417042084081257,4.898397563743889,0.21820134751468734,0.1959359025497811
76.11836799537048,9.0,76.11836799537048,4.999913893312399,0.13597710842817684,3.6417042084427247,4.8983975637986115,0.21820134753610976,0.19593590255197124
76.13836799537049,9.0,76.13836799537049,4.9999138933130824,0.13597710883773595,3.6417042084768068,4.898397563830789,0.21820134754039744,0.1959359025538379
76.13936799537048,9.0,76.13936799537048,4.99991389331312,0.135977108857992,3.641704208469649,4.898397563747654,0.2182013473474349,0.19593590254553872
76.15536799537048,9.0,76.15536799537048,4.999913893313664,0.13597710918474626,3.6417042085122926,4.8983975639370145,0.21820134761469578,0.19593590255747573
76.17536799537048,9.0,76.17536799537048,4.999913893314339,0.13597710959117137,3.641704208535321,4.898397563874351,0.21820134752467402,0.19593590255500629
76.19536799537049,9.0,76.19536799537049,4.999913893315016,0.13597710999631926,3.641704208572173,4.8983975639437904,0.21820134755623632,0.19593590255833104
76.2153679953705,9.0,76.2153679953705,4.999913893315691,0.13597711039979962,3.6417042086033415,4.898397563967717,0.2182013475296487,0.1959359025580725
76.23536799537051,9.0,76.23536799537051,4.999913893316359,0.13597711080167463,3.6417042086324813,4.898397563967421,0.2182013475302491,0.19593590255934776
76.2553679953705,9.0,76.2553679953705,4.99991389331703,0.1359771112021602,3.6417042086678144,4.8983975640378,0.21820134754559417,0.19593590256088722
76.27536799537052,9.0,76.27536799537052,4.999913893317696,0.13597711160100256,3.6417042086971527,4.89839756403371,0.2182013475360156,0.19593590256198581
76.29536799537053,9.0,76.29536799537053,4.999913893318359,0.1359771119984015,3.641704208731928,4.8983975641019235,0.21820134755546006,0.1959359025640871
76.31536799537054,9.0,76.31536799537054,4.999913893319019,0.13597711239417648,3.641704208761763,4.898397564112451,0.21820134753799758,0.19593590256451077
76.33536799537053,9.0,76.33536799537053,4.999913893319678,0.13597711278851027,3.6417042087946854,4.898397564147211,0.21820134754405096,0.19593590256586282
76.35536799537054,9.0,76.35536799537054,4.999913893320334,0.13597711318128455,3.6417042088255385,4.898397564178802,0.2182013475391229,0.1959359025665418
76.37536799537055,9.0,76.37536799537055,4.999913893320987,0.135977113572523,3.6417042088559546,4.898397564195114,0.21820134754042275,0.19593590256779003
76.39536799537056,9.0,76.39536799537056,4.999913893321638,0.13597711396233533,3.641704208888041,4.898397564244629,0.21820134756316456,0.19593590257043889
76.39636799537055,9.0,76.39636799537055,4.999913893321675,0.13597711398160814,3.6417042088814426,4.898397564160755,0.21820134736929298,0.1959359025620916
76.41236799537056,9.0,76.41236799537056,4.999913893322191,0.1359771142926512,3.6417042089238634,4.8983975643477216,0.21820134764638688,0.19593590257487037
76.43236799537056,9.0,76.43236799537056,4.999913893322833,0.13597711467948706,3.641704208946901,4.898397564300404,0.21820134754150988,0.19593590257136803
76.45236799537057,9.0,76.45236799537057,4.999913893323478,0.1359771150650231,3.641704208977543,4.898397564331891,0.21820134755939025,0.1959359025739169
76.47236799537058,9.0,76.47236799537058,4.999913893324122,0.13597711544911098,3.6417042090101113,4.898397564377057,0.21820134756031617,0.19593590257506063
76.49236799537059,9.0,76.49236799537059,4.999913893324759,0.13597711583165434,3.6417042090389957,4.898397564388952,0.21820134754141307,0.19593590257495097
76.51236799537058,9.0,76.51236799537058,4.999913893325394,0.13597711621273828,3.6417042090692977,4.8983975644076665,0.21820134755615106,0.19593590257691212
76.53236799537059,9.0,76.53236799537059,4.999913893326028,0.13597711659242195,3.641704209101746,4.898397564472509,0.2182013475723812,0.19593590257891477
76.5523679953706,9.0,76.5523679953706,4.999913893326656,0.1359771169705697,3.641704209130363,4.898397564481089,0.21820134755387377,0.1959359025792691
76.57236799537061,9.0,76.57236799537061,4.999913893327288,0.13597711734728776,3.641704209160983,4.898397564513504,0.21820134755237186,0.19593590257993795
76.59236799537061,9.0,76.59236799537061,4.999913893327913,0.1359771177225836,3.6417042091909835,4.898397564530128,0.21820134755492004,0.1959359025811697
76.61236799537062,9.0,76.61236799537062,4.999913893328538,0.1359771180964449,3.641704209221533,4.898397564578191,0.21820134757677456,0.19593590258371965
76.63236799537063,9.0,76.63236799537063,4.9999138933291585,0.13597711846884739,3.6417042092528478,4.898397564620934,0.21820134756514475,0.19593590258420474
76.65236799537064,9.0,76.65236799537064,4.9999138933297775,0.13597711883979158,3.6417042092793066,4.898397564615101,0.21820134755900167,0.1959359025852723
76.65336799537063,9.0,76.65336799537063,4.999913893329813,0.13597711885811933,3.641704209273006,4.898397564541162,0.2182013473765485,0.195935902577317
76.66936799537064,9.0,76.66936799537064,4.999913893330306,0.1359771191541918,3.6417042093153067,4.898397564747029,0.2182013476588418,0.19593590258986496
76.68936799537063,9.0,76.68936799537063,4.999913893330918,0.13597711952235877,3.6417042093347067,4.8983975646749,0.21820134755955278,0.1959359025870266
76.70936799537064,9.0,76.70936799537064,4.999913893331527,0.13597711988933403,3.641704209367493,4.898397564739069,0.21820134758950172,0.1959359025901724
76.72936799537065,9.0,76.72936799537065,4.99991389333214,0.13597712025485284,3.641704209395581,4.898397564759898,0.21820134756340526,0.19593590258979135
76.74936799537066,9.0,76.74936799537066,4.999913893332745,0.13597712061893255,3.641704209423366,4.898397564758283,0.2182013475568052,0.19593590259032084
76.76936799537066,9.0,76.76936799537066,4.999913893333355,0.13597712098166387,3.6417042094538012,4.898397564809648,0.21820134758663245,0.19593590259301505
76.78936799537067,9.0,76.78936799537067,4.9999138933339555,0.13597712134301898,3.6417042094842524,4.898397564852407,0.21820134758321474,0.19593590259409838
76.80936799537068,9.0,76.80936799537068,4.999913893334555,0.13597712170291115,3.6417042095109387,4.8983975648608755,0.2182013475687805,0.19593590259446347
76.82936799537069,9.0,76.82936799537069,4.999913893335153,0.13597712206149165,3.6417042095409187,4.89839756489337,0.21820134756839193,0.1959359025950793
76.84936799537068,9.0,76.84936799537068,4.999913893335749,0.1359771224186251,3.641704209568061,4.89839756490725,0.21820134757845322,0.19593590259691268
76.8693679953707,9.0,76.8693679953707,4.999913893336342,0.13597712277449414,3.641704209599791,4.898397564970499,0.2182013475862421,0.19593590259819899
76.8893679953707,9.0,76.8893679953707,4.999913893336935,0.1359771231288815,3.641704209624187,4.898397564960709,0.21820134756722354,0.19593590259845972
76.90936799537072,9.0,76.90936799537072,4.999913893337526,0.13597712348201307,3.641704209654998,4.898397565010793,0.2182013475946909,0.1959359026010533
76.92936799537071,9.0,76.92936799537071,4.99991389333811,0.13597712383373065,3.6417042096841805,4.898397565052339,0.21820134758420817,0.19593590260150534
76.93036799537072,9.0,76.93036799537072,4.999913893338145,0.13597712385071023,3.6417042096556203,4.898397564746379,0.21820134729608043,0.19593590258984758
76.94636799537071,9.0,76.94636799537071,4.999913893338613,0.13597712413213073,3.6417042097327452,4.89839756530324,0.21820134784883338,0.195935902612147
76.96636799537072,9.0,76.96636799537072,4.999913893339192,0.1359771244808152,3.6417042097346033,4.898397565091644,0.2182013475903397,0.19593590260368404
76.98636799537073,9.0,76.98636799537073,4.999913893339771,0.13597712482877253,3.6417042097652614,4.898397565134795,0.21820134760150323,0.19593590260599458
77.00636799537074,9.0,77.00636799537074,4.999913893340349,0.1359771251752955,3.641704209791646,4.8983975651552845,0.21820134757889553,0.1959359026056031
77.02636799537073,9.0,77.02636799537073,4.999913893340927,0.1359771255204683,3.641704209817664,4.898397565152578,0.218201347581072,0.19593590260672827
77.04636799537074,9.0,77.04636799537074,4.999913893341498,0.13597712586441443,3.641704209847737,4.8983975652177545,0.2182013475965543,0.1959359026081418
77.06636799537075,9.0,77.06636799537075,4.999913893342068,0.1359771262069364,3.6417042098729424,4.898397565209485,0.2182013475786424,0.1959359026083707
77.08636799537076,9.0,77.08636799537076,4.9999138933426375,0.13597712654823635,3.6417042099019694,4.89839756525776,0.2182013476053104,0.19593590261092847
77.10636799537076,9.0,77.10636799537076,4.999913893343205,0.13597712688819466,3.641704209930386,4.898397565298496,0.21820134759431387,0.1959359026113127
77.12636799537077,9.0,77.12636799537077,4.99991389334377,0.13597712722679534,3.641704209955079,4.898397565290856,0.2182013475875828,0.19593590261224253
77.14636799537078,9.0,77.14636799537078,4.999913893344333,0.13597712756416794,3.6417042099856487,4.898397565355647,0.21820134760842125,0.1959359026141811
77.16636799537079,9.0,77.16636799537079,4.999913893344891,0.135977127900201,3.6417042100110004,4.8983975653617815,0.2182013475839626,0.1959359026138415
77.18636799537079,9.0,77.18636799537079,4.999913893345452,0.1359771282349063,3.6417042100359285,4.898397565374332,0.21820134759684784,0.19593590261561541
77.18736799537079,9.0,77.18736799537079,4.999913893345482,0.13597712825148112,3.6417042100296637,4.898397565299294,0.21820134741325337,0.19593590260764138
77.2033679953708,9.0,77.2033679953708,4.999913893345926,0.1359771285186406,3.641704210068768,4.898397565499652,0.21820134768993427,0.1959359026199808
77.2233679953708,9.0,77.2233679953708,4.999913893346478,0.13597712885085075,3.641704210086814,4.898397565426804,0.21820134759106136,0.19593590261705893
77.2433679953708,9.0,77.2433679953708,4.9999138933470295,0.13597712918198798,3.641704210115802,4.898397565487371,0.21820134762077714,0.19593590262009136
77.26336799537081,9.0,77.26336799537081,4.99991389334758,0.1359771295117906,3.641704210141371,4.898397565505611,0.2182013476026321,0.19593590262025246
77.28336799537081,9.0,77.28336799537081,4.999913893348128,0.135977129840319,3.6417042101664876,4.898397565515535,0.21820134759518384,0.19593590262060262
77.30336799537082,9.0,77.30336799537082,4.999913893348674,0.1359771301676226,3.641704210193004,4.898397565545543,0.21820134759675014,0.19593590262120095
77.32336799537083,9.0,77.32336799537083,4.999913893349217,0.13597713049362972,3.641704210218244,4.898397565557394,0.21820134760648324,0.1959359026229099
77.34336799537084,9.0,77.34336799537084,4.9999138933497616,0.13597713081849994,3.6417042102480637,4.898397565618746,0.21820134762095167,0.1959359026246931
77.36336799537084,9.0,77.36336799537084,4.999913893350299,0.13597713114199153,3.6417042102711843,4.898397565621852,0.21820134760189625,0.19593590262488736
77.38336799537085,9.0,77.38336799537085,4.999913893350836,0.13597713146427468,3.6417042102982062,4.898397565650741,0.21820134760050625,0.19593590262538374
77.40336799537086,9.0,77.40336799537086,4.999913893351373,0.13597713178531148,3.641704210322104,4.898397565661226,0.21820134761047782,0.19593590262709576
77.42336799537087,9.0,77.42336799537087,4.999913893351907,0.13597713210520443,3.641704210350531,4.898397565721224,0.21820134761839727,0.1959359026282643
77.44336799537086,9.0,77.44336799537086,4.999913893352437,0.13597713242373907,3.6417042103737782,4.898397565710283,0.21820134759928456,0.19593590262839333
77.44436799537087,9.0,77.44436799537087,4.999913893352469,0.13597713243927737,3.6417042103566892,4.898397565527944,0.21820134742494268,0.19593590262112254
77.46036799537087,9.0,77.46036799537087,4.999913893352892,0.1359771326940014,3.6417042104152646,4.89839756593329,0.21820134782127365,0.1959359026382843
77.48036799537088,9.0,77.48036799537088,4.999913893353414,0.13597713300993847,3.6417042104227235,4.898397565784884,0.21820134760839593,0.195935902630768
77.50036799537088,9.0,77.50036799537088,4.999913893353941,0.1359771333250646,3.641704210447212,4.898397565799631,0.21820134761010124,0.19593590263200797
77.52036799537089,9.0,77.52036799537089,4.999913893354462,0.13597713363896624,3.6417042104728488,4.898397565825272,0.2182013476147695,0.19593590263300564
77.54036799537089,9.0,77.54036799537089,4.999913893354984,0.13597713395165645,3.6417042104984376,4.898397565851509,0.21820134761752596,0.19593590263403107
77.5603679953709,9.0,77.5603679953709,4.999913893355502,0.1359771342631542,3.641704210522494,4.898397565875718,0.2182013476257163,0.1959359026356375
77.5803679953709,9.0,77.5803679953709,4.99991389335602,0.13597713457349384,3.641704210549804,4.898397565917146,0.21820134761987608,0.1959359026360402
77.60036799537092,9.0,77.60036799537092,4.999913893356533,0.13597713488253546,3.6417042105708224,4.898397565906613,0.2182013476140594,0.19593590263690658
77.62036799537091,9.0,77.62036799537091,4.999913893357046,0.13597713519051016,3.6417042105990545,4.898397565968982,0.21820134762786436,0.19593590263814517
77.64036799537092,9.0,77.64036799537092,4.99991389335756,0.1359771354972141,3.641704210621348,4.898397565957848,0.21820134760977217,0.19593590263825675
77.66036799537093,9.0,77.66036799537093,4.9999138933580705,0.13597713580278575,3.6417042106470876,4.898397566002943,0.21820134762975307,0.19593590264013597
77.68036799537094,9.0,77.68036799537094,4.999913893358575,0.13597713610718218,3.6417042106716013,4.898397566025524,0.21820134763321697,0.19593590264162458
77.70036799537094,9.0,77.70036799537094,4.999913893359082,0.13597713641041645,3.6417042106978093,4.898397566065157,0.21820134762554044,0.19593590264194394
77.70136799537094,9.0,77.70136799537094,4.999913893359113,0.1359771364249684,3.641704210668162,4.898397565758673,0.21820134733773777,0.19593590263032618
77.71736799537095,9.0,77.71736799537095,4.9999138933595155,0.1359771366677259,3.641704210742721,4.898397566313426,0.21820134790573187,0.19593590265346217
77.73736799537096,9.0,77.73736799537096,4.999913893360014,0.1359771369683009,3.641704210742331,4.898397566114001,0.21820134763300336,0.19593590264389435
77.75736799537097,9.0,77.75736799537097,4.999913893360512,0.13597713726818206,3.641704210765021,4.898397566117166,0.2182013476226854,0.19593590264469846
77.77736799537097,9.0,77.77736799537097,4.99991389336101,0.13597713756689672,3.6417042107885322,4.898397566140544,0.21820134763479127,0.19593590264625887
77.79736799537096,9.0,77.79736799537096,4.999913893361504,0.1359771378645425,3.6417042108139066,4.898397566181121,0.21820134763118793,0.19593590264664332
77.81736799537097,9.0,77.81736799537097,4.999913893362,0.13597713816094237,3.6417042108353104,4.898397566171079,0.2182013476256377,0.19593590264744998
77.83736799537098,9.0,77.83736799537098,4.999913893362491,0.135977138456326,3.641704210861559,4.898397566231549,0.21820134763941157,0.19593590264868788
77.85736799537099,9.0,77.85736799537099,4.999913893362983,0.1359771387504699,3.64170421088314,4.898397566219624,0.21820134762846477,0.19593590264936073
77.87736799537099,9.0,77.87736799537099,4.999913893363469,0.1359771390435564,3.6417042109092517,4.898397566279199,0.21820134764060173,0.19593590265054311
77.897367995371,9.0,77.897367995371,4.999913893363958,0.13597713933543198,3.64170421092982,4.898397566266252,0.21820134762291765,0.19593590265063598
77.91736799537101,9.0,77.91736799537101,4.999913893364439,0.13597713962628524,3.641704210955438,4.8983975663111945,0.21820134764292032,0.1959359026524436
77.93736799537102,9.0,77.93736799537102,4.999913893364921,0.13597713991593638,3.641704210977279,4.898397566331247,0.21820134764638244,0.19593590265390606
77.95736799537102,9.0,77.95736799537102,4.999913893365408,0.13597714020456786,3.6417042110025957,4.898397566369936,0.2182013476463207,0.19593590265479605
77.95836799537102,9.0,77.95836799537102,4.999913893365435,0.13597714021854207,3.641704210983623,4.8983975661714005,0.2182013473507407,0.1959359026425167
77.97436799537103,9.0,77.97436799537103,4.999913893365817,0.13597714044927456,3.6417042110372733,4.898397566521215,0.21820134780245048,0.19593590266081864
77.99436799537104,9.0,77.99436799537104,4.99991389336629,0.13597714073545958,3.6417042110433564,4.898397566393043,0.21820134764356203,0.19593590265574695
78.01436799537103,9.0,78.01436799537103,4.999913893366767,0.13597714102093106,3.6417042110688427,4.898397566439893,0.21820134766103116,0.19593590265821617
78.03436799537104,9.0,78.03436799537104,4.99991389336724,0.1359771413052459,3.641704211090732,4.8983975664547135,0.21820134763505017,0.1959359026575687
78.05436799537104,9.0,78.05436799537104,4.9999138933677125,0.13597714158843716,3.641704211110726,4.898397566445595,0.2182013476354987,0.19593590265843588
78.07436799537105,9.0,78.07436799537105,4.999913893368181,0.13597714187063345,3.641704211137038,4.898397566506966,0.21820134765107646,0.19593590265965147
78.09436799537106,9.0,78.09436799537106,4.999913893368648,0.13597714215161663,3.6417042111566653,4.898397566493195,0.218201347640548,0.19593590266034214
78.11436799537107,9.0,78.11436799537107,4.999913893369116,0.13597714243168046,3.6417042111824856,4.8983975665524015,0.2182013476521938,0.19593590266144076
78.13436799537106,9.0,78.13436799537106,4.999913893369582,0.1359771427105145,3.6417042112018074,4.898397566538241,0.21820134763416732,0.19593590266148556
78.15436799537108,9.0,78.15436799537108,4.999913893370043,0.13597714298836014,3.6417042112253597,4.898397566581144,0.21820134766151167,0.19593590266387814
78.17436799537109,9.0,78.17436799537109,4.999913893370503,0.13597714326514884,3.6417042112484177,4.898397566616478,0.21820134765765387,0.19593590266465605
78.1943679953711,9.0,78.1943679953711,4.999913893370962,0.13597714354080537,3.6417042112690035,4.898397566618859,0.2182013476365383,0.19593590266416958
78.21436799537109,9.0,78.21436799537109,4.999913893371421,0.13597714381544052,3.6417042112908664,4.898397566629168,0.21820134764363575,0.19593590266517585
78.2153679953711,9.0,78.2153679953711,4.999913893371447,0.13597714382875445,3.641704211272705,4.898397566445105,0.21820134746768183,0.1959359026578349
78.2313679953711,9.0,78.2313679953711,4.999913893371812,0.13597714404843173,3.6417042113284013,4.898397566845837,0.21820134785986145,0.19593590267480274
78.25136799537111,9.0,78.25136799537111,4.9999138933722636,0.1359771443207732,3.6417042113329807,4.89839756669493,0.21820134764708987,0.1959359026671744
78.27136799537112,9.0,78.27136799537112,4.999913893372715,0.13597714459239202,3.641704211354183,4.898397566706768,0.21820134764903676,0.1959359026683079
78.29136799537112,9.0,78.29136799537112,4.999913893373168,0.13597714486299056,3.6417042113766946,4.8983975667290425,0.21820134766060884,0.19593590266977162
78.31136799537113,9.0,78.31136799537113,4.9999138933736145,0.1359771451325848,3.64170421139941,4.898397566766647,0.21820134766312993,0.19593590267065528
78.33136799537112,9.0,78.33136799537112,4.999913893374063,0.1359771454010629,3.6417042114194653,4.898397566769358,0.21820134764308374,0.19593590267015856
78.35136799537113,9.0,78.35136799537113,4.999913893374505,0.13597714566851618,3.6417042114394986,4.898397566777854,0.21820134764959054,0.19593590267111288
78.37136799537114,9.0,78.37136799537114,4.999913893374951,0.13597714593500507,3.641704211462811,4.898397566819343,0.21820134767297406,0.19593590267336558
78.39136799537114,9.0,78.39136799537114,4.999913893375394,0.13597714620048384,3.6417042114857874,4.898397566853845,0.21820134766774713,0.19593590267411012
78.41136799537115,9.0,78.41136799537115,4.999913893375835,0.13597714646483322,3.6417042115046026,4.898397566854456,0.2182013476533764,0.1959359026741999
78.43136799537116,9.0,78.43136799537116,4.9999138933762755,0.13597714672823447,3.6417042115264837,4.898397566878945,0.21820134765302468,0.19593590267452501
78.45136799537117,9.0,78.45136799537117,4.999913893376709,0.13597714699059313,3.641704211546324,4.898397566885422,0.21820134766257793,0.1959359026760209
78.47136799537117,9.0,78.47136799537117,4.999913893377145,0.1359771472520269,3.6417042115706373,4.898397566941298,0.21820134767720978,0.19593590267761038
78.47236799537117,9.0,78.47236799537117,4.99991389337717,0.13597714726466165,3.641704211551221,4.898397566740927,0.21820134738049468,0.1959359026653257
78.48836799537118,9.0,78.48836799537118,4.999913893377516,0.135977147473687,3.641704211602028,4.898397567084997,0.21820134782585043,0.19593590268343333
78.50836799537119,9.0,78.50836799537119,4.999913893377948,0.13597714773287606,3.6417042116068954,4.898397566956192,0.21820134766679944,0.19593590267824895
78.52836799537118,9.0,78.52836799537118,4.999913893378376,0.1359771479914367,3.641704211629821,4.898397567000933,0.21820134768422017,0.19593590268061747
78.5483679953712,9.0,78.5483679953712,4.999913893378805,0.13597714824893148,3.641704211649782,4.898397567013707,0.21820134766644994,0.19593590268057173
78.5683679953712,9.0,78.5683679953712,4.999913893379233,0.13597714850544154,3.641704211668647,4.898397567017692,0.21820134765222576,0.19593590268011749
78.58836799537121,9.0,78.58836799537121,4.9999138933796585,0.13597714876097225,3.641704211688471,4.898397567026817,0.21820134766788746,0.19593590268168298
78.60836799537121,9.0,78.60836799537121,4.999913893380082,0.1359771490155854,3.6417042117119043,4.898397567082626,0.21820134768404786,0.19593590268330474
78.62836799537122,9.0,78.62836799537122,4.999913893380506,0.13597714926913468,3.641704211730802,4.898397567081451,0.21820134765752286,0.1959359026826514
78.64836799537122,9.0,78.64836799537122,4.999913893380926,0.13597714952173895,3.6417042117500635,4.898397567088375,0.2182013476700475,0.19593590268416425
78.66836799537123,9.0,78.66836799537123,4.999913893381344,0.1359771497734229,3.6417042117728067,4.898397567143512,0.21820134767869925,0.19593590268512734
78.68836799537124,9.0,78.68836799537124,4.999913893381762,0.13597715002402844,3.6417042117895937,4.898397567126091,0.21820134766703658,0.19593590268568326
78.70836799537125,9.0,78.70836799537125,4.999913893382179,0.1359771502738001,3.6417042118135394,4.898397567183385,0.21820134767924193,0.19593590268670164
78.72836799537124,9.0,78.72836799537124,4.99991389338259,0.13597715052246911,3.6417042118296497,4.898397567166086,0.21820134766164978,0.19593590268668826
78.74836799537125,9.0,78.74836799537125,4.9999138933830025,0.1359771507703159,3.641704211852393,4.8983975672081055,0.2182013476815241,0.1959359026883397
78.76836799537126,9.0,78.76836799537126,4.999913893383417,0.13597715101714777,3.6417042118718683,4.898397567225746,0.21820134767693888,0.1959359026890045
78.76936799537125,9.0,78.76936799537125,4.9999138933834395,0.1359771510290759,3.6417042118534084,4.898397567034057,0.2182013474919584,0.19593590268133085
78.78536799537127,9.0,78.78536799537127,4.9999138933837655,0.13597715122654955,3.641704211906804,4.898397567417933,0.21820134786160938,0.19593590269672084
78.80536799537127,9.0,78.80536799537127,4.999913893384172,0.1359771514712568,3.6417042119070753,4.898397567253509,0.21820134767107646,0.19593590269014813
78.82536799537128,9.0,78.82536799537128,4.999913893384576,0.13597715171544436,3.6417042119289253,4.898397567298895,0.21820134768774624,0.19593590269195338
78.84536799537129,9.0,78.84536799537129,4.99991389338498,0.13597715195865664,3.6417042119478538,4.898397567297645,0.21820134767220623,0.19593590269189126
78.86536799537129,9.0,78.86536799537129,4.9999138933853855,0.1359771522008788,3.64170421196673,4.898397567319072,0.21820134768617194,0.19593590269338304
78.8853679953713,9.0,78.8853679953713,4.999913893385786,0.13597715244224926,3.6417042119871676,4.898397567354447,0.21820134768161603,0.19593590269359695
78.9053679953713,9.0,78.9053679953713,4.9999138933861875,0.13597715268261007,3.6417042120040275,4.898397567339765,0.21820134767562083,0.19593590269421665
78.9253679953713,9.0,78.9253679953713,4.999913893386585,0.13597715292214854,3.6417042120274825,4.898397567397424,0.21820134768860955,0.19593590269522349
78.94536799537131,9.0,78.94536799537131,4.999913893386983,0.13597715316060416,3.6417042120423315,4.89839756737884,0.2182013476703828,0.19593590269516253
78.96536799537132,9.0,78.96536799537132,4.9999138933873795,0.13597715339829775,3.641704212063788,4.898397567419486,0.21820134769775024,0.19593590269742409
78.98536799537132,9.0,78.98536799537132,4.999913893387773,0.13597715363508012,3.6417042120838836,4.898397567451919,0.2182013476861484,0.19593590269745229
79.00536799537133,9.0,79.00536799537133,4.999913893388164,0.1359771538708136,3.6417042120995506,4.898397567435243,0.21820134767891064,0.19593590269803926
79.02536799537134,9.0,79.02536799537134,4.999913893388558,0.13597715410579433,3.641704212122087,4.898397567491946,0.21820134769245625,0.1959359026990412
79.02636799537133,9.0,79.02636799537133,4.99991389338858,0.13597715411689035,3.6417042120916836,4.898397567183714,0.21820134740270714,0.19593590268734
79.04236799537134,9.0,79.04236799537134,4.999913893388892,0.13597715430522916,3.641704212161416,4.898397567731011,0.2182013479517364,0.195935902709271
79.06236799537135,9.0,79.06236799537135,4.9999138933892775,0.13597715453792783,3.641704212154455,4.898397567511399,0.2182013476935687,0.19593590270048622
79.08236799537136,9.0,79.08236799537136,4.999913893389663,0.13597715477031938,3.6417042121749215,4.898397567544386,0.2182013476970175,0.19593590270181177
79.10236799537137,9.0,79.10236799537137,4.999913893390049,0.1359771550017368,3.6417042121911516,4.898397567540665,0.21820134768923616,0.19593590270230865
79.12236799537138,9.0,79.12236799537138,4.999913893390433,0.13597715523230772,3.641704212212482,4.89839756757886,0.21820134769698285,0.19593590270314543
79.14236799537137,9.0,79.14236799537137,4.999913893390814,0.13597715546194458,3.6417042122291705,4.89839756757904,0.21820134768495292,0.19593590270314734
79.16236799537137,9.0,79.16236799537137,4.999913893391195,0.13597715569074892,3.6417042122469714,4.898397567599507,0.2182013476843898,0.1959359027033975
79.18236799537138,9.0,79.18236799537138,4.999913893391575,0.13597715591865758,3.6417042122652576,4.898397567604355,0.21820134769343769,0.19593590270475075
79.20236799537139,9.0,79.20236799537139,4.999913893391955,0.1359771561457401,3.641704212286291,4.898397567656978,0.2182013477079785,0.19593590270626632
79.2223679953714,9.0,79.2223679953714,4.999913893392328,0.13597715637184676,3.641704212302136,4.898397567652744,0.21820134768116128,0.19593590270549793
79.2423679953714,9.0,79.2423679953714,4.9999138933927,0.13597715659711979,3.6417042123193686,4.898397567657621,0.21820134769408472,0.19593590270692599
79.2623679953714,9.0,79.2623679953714,4.9999138933930745,0.13597715682157652,3.641704212340496,4.898397567711102,0.21820134771020427,0.19593590270843023
79.28236799537142,9.0,79.28236799537142,4.9999138933934475,0.13597715704512398,3.6417042123568653,4.8983975677075025,0.21820134768399457,0.19593590270769007
79.2833679953714,9.0,79.2833679953714,4.99991389339347,0.1359771570556612,3.6417042123277246,4.89839756740926,0.2182013474050759,0.1959359026963596
79.29936799537143,9.0,79.29936799537143,4.999913893393767,0.13597715723498452,3.6417042123980634,4.898397567975037,0.21820134797153612,0.19593590271901412
79.31936799537142,9.0,79.31936799537142,4.999913893394135,0.1359771574564488,3.64170421239029,4.898397567748393,0.21820134770429656,0.19593590270992864
79.33936799537143,9.0,79.33936799537143,4.9999138933945,0.13597715767756724,3.6417042124088588,4.898397567778188,0.21820134770589128,0.19593590271114536
79.35936799537144,9.0,79.35936799537144,4.999913893394869,0.135977157897785,3.64170421242457,4.89839756777398,0.21820134769167865,0.19593590271101957
79.37936799537144,9.0,79.37936799537144,4.999913893395232,0.13597715811722622,3.6417042124427135,4.8983975677949765,0.21820134770644506,0.1959359027124063
79.39936799537145,9.0,79.39936799537145,4.999913893395598,0.13597715833582258,3.64170421246232,4.898397567829672,0.2182013477018736,0.19593590271255384
79.41936799537146,9.0,79.41936799537146,4.999913893395957,0.1359771585534657,3.6417042124763994,4.8983975678121965,0.21820134769542232,0.19593590271310674
79.43936799537146,9.0,79.43936799537146,4.99991389339632,0.1359771587704351,3.641704212496836,4.89839756786678,0.2182013477090461,0.195935902714088
79.45936799537147,9.0,79.45936799537147,4.999913893396682,0.13597715898646384,3.6417042125118315,4.898397567848298,0.21820134769805222,0.1959359027145316
79.47936799537148,9.0,79.47936799537148,4.999913893397037,0.13597715920174597,3.6417042125320798,4.898397567901977,0.21820134770976463,0.1959359027154439
79.49936799537147,9.0,79.49936799537147,4.999913893397395,0.13597715941608193,3.6417042125463555,4.898397567882771,0.21820134769907673,0.1959359027159091
79.51936799537148,9.0,79.51936799537148,4.999913893397751,0.13597715962968704,3.6417042125662085,4.898397567936112,0.2182013477114264,0.19593590271684577
79.53936799537149,9.0,79.53936799537149,4.999913893398102,0.1359771598424026,3.6417042125803367,4.898397567916807,0.21820134769364552,0.19593590271669065
79.5593679953715,9.0,79.5593679953715,4.999913893398455,0.1359771600543798,3.64170421259984,4.8983975679555805,0.21820134772038458,0.1959359027188361
79.5793679953715,9.0,79.5793679953715,4.999913893398807,0.13597716026553952,3.641704212617949,4.898397567985976,0.21820134770902255,0.1959359027188206
79.5803679953715,9.0,79.5803679953715,4.999913893398828,0.13597716027544354,3.6417042125879195,4.898397567678739,0.21820134741969,0.19593590270710678
79.59636799537151,9.0,79.59636799537151,4.999913893399106,0.13597716044481928,3.6417042126561214,4.898397568226382,0.2182013479734346,0.19593590272908754
79.61636799537152,9.0,79.61636799537152,4.999913893399454,0.13597716065389373,3.641704212646996,4.898397568004019,0.218201347714857,0.1959359027201939
79.63636799537153,9.0,79.63636799537153,4.9999138933998015,0.13597716086275413,3.6417042126654224,4.898397568034828,0.2182013477177014,0.19593590272140546
79.65636799537153,9.0,79.65636799537153,4.999913893400149,0.13597716107071778,3.641704212680954,4.898397568030413,0.2182013477022684,0.19593590272118896
79.67636799537154,9.0,79.67636799537154,4.999913893400492,0.13597716127793724,3.6417042126968178,4.8983975680490754,0.21820134770979038,0.1959359027219736
79.69636799537155,9.0,79.69636799537155,4.9999138934008345,0.13597716148432334,3.641704212713763,4.898397568066903,0.21820134771274713,0.19593590272269873
79.71636799537154,9.0,79.71636799537154,4.999913893401178,0.1359771616899678,3.641704212730562,4.898397568083756,0.21820134771334976,0.19593590272336334
79.73636799537155,9.0,79.73636799537155,4.999913893401518,0.13597716189479636,3.6417042127475012,4.898397568100654,0.21820134771354605,0.1959359027240049
79.75636799537155,9.0,79.75636799537155,4.999913893401856,0.1359771620988268,3.641704212763849,4.89839756811702,0.21820134771427657,0.1959359027246864
79.77636799537156,9.0,79.77636799537156,4.999913893402193,0.13597716230206283,3.6417042127801387,4.898397568133243,0.21820134772211963,0.19593590272594946
79.79636799537157,9.0,79.79636799537157,4.99991389340253,0.1359771625045719,3.641704212798347,4.898397568165608,0.218201347715409,0.19593590272597128
79.81636799537158,9.0,79.81636799537158,4.999913893402866,0.1359771627062078,3.641704212811232,4.898397568146911,0.21820134770920552,0.19593590272647932
79.83636799537157,9.0,79.83636799537157,4.999913893403201,0.13597716290717338,3.641704212830258,4.89839756820011,0.21820134772293454,0.19593590272740638
79.83736799537158,9.0,79.83736799537158,4.999913893403222,0.13597716291659864,3.6417042128001693,4.898397567892096,0.2182013474336566,0.19593590271569952
79.85336799537158,9.0,79.85336799537158,4.999913893403489,0.13597716307782426,3.6417042128677655,4.898397568437503,0.2182013479963576,0.19593590273849743
79.8733679953716,9.0,79.8733679953716,4.999913893403818,0.13597716327683704,3.6417042128603945,4.898397568231834,0.21820134772301802,0.19593590272859007
79.89336799537159,9.0,79.89336799537159,4.9999138934041465,0.13597716347548122,3.641704212874344,4.898397568226434,0.21820134771941468,0.195935902729676
79.9133679953716,9.0,79.9133679953716,4.999913893404477,0.1359771636734768,3.6417042128920487,4.898397568258125,0.21820134771733457,0.19593590272972428
79.93336799537161,9.0,79.93336799537161,4.999913893404801,0.13597716387060557,3.641704212904649,4.898397568240246,0.21820134770580424,0.19593590272958922
79.95336799537162,9.0,79.95336799537162,4.999913893405131,0.1359771640670901,3.6417042129228854,4.898397568278644,0.2182013477274296,0.1959359027311531
79.97336799537163,9.0,79.97336799537163,4.999913893405457,0.13597716426274942,3.6417042129380355,4.898397568291991,0.2182013477298459,0.19593590273226968
79.99336799537163,9.0,79.99336799537163,4.999913893405779,0.13597716445770497,3.641704212955659,4.898397568322949,0.2182013477219562,0.1959359027322653
80.0,9.0,80.0,4.999913893405887,0.13597716452195968,3.6417042129497035,4.898397568205585,0.21820134764153654,0.1959359027282173
